timestamp,power_mw,active_power_mw,irradiance_poa,availability
2025-11-19T06:30:00.0000000+01:00,,0.0,,
2025-11-19T06:45:00.0000000+01:00,,0.0,,
2025-11-19T07:00:00.0000000+01:00,,0.0,,
2025-11-19T07:15:00.0000000+01:00,,0.0,,
2025-11-19T07:30:00.0000000+01:00,,6.8363,,
2025-11-19T07:45:00.0000000+01:00,,25.1087,,
2025-11-19T08:00:00.0000000+01:00,,53.3223,,
2025-11-19T08:15:00.0000000+01:00,,123.628,,
2025-11-19T08:30:00.0000000+01:00,,227.1363,,
2025-11-19T08:45:00.0000000+01:00,,383.7231,,
2025-11-19T09:00:00.0000000+01:00,,405.859,,
2025-11-19T09:15:00.0000000+01:00,,370.5879,,
2025-11-19T09:30:00.0000000+01:00,,458.5586,,
2025-11-19T09:45:00.0000000+01:00,,407.4152,,
2025-11-19T10:00:00.0000000+01:00,,601.9525,,
2025-11-19T10:15:00.0000000+01:00,,816.3581,,
2025-11-19T10:30:00.0000000+01:00,,730.8257,,
2025-11-19T10:45:00.0000000+01:00,,699.5144,,
2025-11-19T11:00:00.0000000+01:00,,706.9447,,
2025-11-19T11:15:00.0000000+01:00,,676.6219,,
2025-11-19T11:30:00.0000000+01:00,,808.2148,,
2025-11-19T11:45:00.0000000+01:00,,811.581,,
2025-11-19T12:00:00.0000000+01:00,,748.7981,,
2025-11-19T12:15:00.0000000+01:00,,834.5585,,
2025-11-19T12:30:00.0000000+01:00,,922.5973,,
2025-11-19T12:45:00.0000000+01:00,,618.316,,
2025-11-19T13:00:00.0000000+01:00,,393.216,,
2025-11-19T13:15:00.0000000+01:00,,551.3545,,
2025-11-19T13:30:00.0000000+01:00,,487.6305,,
2025-11-19T13:45:00.0000000+01:00,,241.6463,,
2025-11-19T14:00:00.0000000+01:00,,193.5504,,
2025-11-19T14:15:00.0000000+01:00,,258.1923,,
2025-11-19T14:30:00.0000000+01:00,,255.7781,,
2025-11-19T14:45:00.0000000+01:00,,211.4265,,
2025-11-19T15:00:00.0000000+01:00,,138.6568,,
2025-11-19T15:15:00.0000000+01:00,,58.3598,,
2025-11-19T15:30:00.0000000+01:00,,21.7427,,
2025-11-19T15:45:00.0000000+01:00,,6.7565,,
2025-11-19T16:00:00.0000000+01:00,,2.0698,,
2025-11-19T16:15:00.0000000+01:00,,0.6839,,
2025-11-19T16:30:00.0000000+01:00,,0.0,,
2025-11-19T16:45:00.0000000+01:00,,0.0,,
2025-11-19T17:00:00.0000000+01:00,,0.0,,
2025-11-19T17:15:00.0000000+01:00,,0.0,,
2025-11-19T17:30:00.0000000+01:00,,0.0,,
2025-11-19T17:45:00.0000000+01:00,,0.0,,
2025-11-19T18:00:00.0000000+01:00,,0.0,,
2025-11-19T18:15:00.0000000+01:00,,0.0,,
2025-11-19T18:30:00.0000000+01:00,,0.0,,
2025-11-19T18:45:00.0000000+01:00,,0.0,,
2025-11-19T19:00:00.0000000+01:00,,0.0,,
2025-11-19T19:15:00.0000000+01:00,,0.0,,
2025-11-19T19:30:00.0000000+01:00,,0.0,,
2025-11-19T19:45:00.0000000+01:00,,0.0,,
2025-11-19T20:00:00.0000000+01:00,,0.0,,
2025-11-19T20:15:00.0000000+01:00,,0.0,,
2025-11-19T20:30:00.0000000+01:00,,0.0,,
2025-11-19T20:45:00.0000000+01:00,,0.0,,
2025-11-19T21:00:00.0000000+01:00,,0.0,,
2025-11-19T21:15:00.0000000+01:00,,0.0,,
2025-11-19T21:30:00.0000000+01:00,,0.0,,
2025-11-19T21:45:00.0000000+01:00,,0.0,,
2025-11-19T22:00:00.0000000+01:00,,0.0,,
2025-11-19T22:15:00.0000000+01:00,,0.0,,
2025-11-19T22:30:00.0000000+01:00,,0.0,,
2025-11-19T22:45:00.0000000+01:00,,0.0,,
2025-11-19T23:00:00.0000000+01:00,,0.0,,
2025-11-19T23:15:00.0000000+01:00,,0.0,,
2025-11-19T23:30:00.0000000+01:00,,0.0,,
2025-11-19T23:45:00.0000000+01:00,,0.0,,
2025-11-20T00:00:00.0000000+01:00,,0.0,,
2025-11-20T00:15:00.0000000+01:00,,0.0,,
2025-11-20T00:30:00.0000000+01:00,,0.0,,
2025-11-20T00:45:00.0000000+01:00,,0.0,,
2025-11-20T01:00:00.0000000+01:00,,0.0,,
2025-11-20T01:15:00.0000000+01:00,,0.0,,
2025-11-20T01:30:00.0000000+01:00,,0.0,,
2025-11-20T01:45:00.0000000+01:00,,0.0,,
2025-11-20T02:00:00.0000000+01:00,,0.0,,
2025-11-20T02:15:00.0000000+01:00,,0.0,,
2025-11-20T02:30:00.0000000+01:00,,0.0,,
2025-11-20T02:45:00.0000000+01:00,,0.0,,
2025-11-20T03:00:00.0000000+01:00,,0.0,,
2025-11-20T03:15:00.0000000+01:00,,0.0,,
2025-11-20T03:30:00.0000000+01:00,,0.0,,
2025-11-20T03:45:00.0000000+01:00,,0.0,,
2025-11-20T04:00:00.0000000+01:00,,0.0,,
2025-11-20T04:15:00.0000000+01:00,,0.0,,
2025-11-20T04:30:00.0000000+01:00,,0.0,,
2025-11-20T04:45:00.0000000+01:00,,0.0,,
2025-11-20T05:00:00.0000000+01:00,,0.0,,
2025-11-20T05:15:00.0000000+01:00,,0.0,,
2025-11-20T05:30:00.0000000+01:00,,0.0,,
2025-11-20T05:45:00.0000000+01:00,,0.0,,
2025-11-20T06:00:00.0000000+01:00,,0.0,,
2025-11-20T06:15:00.0000000+01:00,,0.0,,
2025-11-20T06:30:00.0000000+01:00,,0.0,,
2025-11-20T06:45:00.0000000+01:00,,0.0,,
2025-11-20T07:00:00.0000000+01:00,,0.0,,
2025-11-20T07:15:00.0000000+01:00,,0.0,,
2025-11-20T07:30:00.0000000+01:00,,0.0,,
2025-11-20T07:45:00.0000000+01:00,,0.0,,
2025-11-20T08:00:00.0000000+01:00,,0.1877,,
2025-11-20T08:15:00.0000000+01:00,,5.7434,,
2025-11-20T08:30:00.0000000+01:00,,13.8226,,
2025-11-20T08:45:00.0000000+01:00,,18.3776,,
2025-11-20T09:00:00.0000000+01:00,,21.9953,,
2025-11-20T09:15:00.0000000+01:00,,28.1795,,
2025-11-20T09:30:00.0000000+01:00,,37.6571,,
2025-11-20T09:45:00.0000000+01:00,,38.4688,,
2025-11-20T10:00:00.0000000+01:00,,42.2145,,
2025-11-20T10:15:00.0000000+01:00,,45.5921,,
2025-11-20T10:30:00.0000000+01:00,,45.8411,,
2025-11-20T10:45:00.0000000+01:00,,43.9389,,
2025-11-20T11:00:00.0000000+01:00,,44.2673,,
2025-11-20T11:15:00.0000000+01:00,,63.4511,,
2025-11-20T11:30:00.0000000+01:00,,75.1647,,
2025-11-20T11:45:00.0000000+01:00,,90.5601,,
2025-11-20T12:00:00.0000000+01:00,,107.6915,,
2025-11-20T12:15:00.0000000+01:00,,127.3265,,
2025-11-20T12:30:00.0000000+01:00,,129.0883,,
2025-11-20T12:45:00.0000000+01:00,,138.5251,,
2025-11-20T13:00:00.0000000+01:00,,115.7509,,
2025-11-20T13:15:00.0000000+01:00,,76.6343,,
2025-11-20T13:30:00.0000000+01:00,,56.2615,,
2025-11-20T13:45:00.0000000+01:00,,35.6205,,
2025-11-20T14:00:00.0000000+01:00,,21.517,,
2025-11-20T14:15:00.0000000+01:00,,13.5343,,
2025-11-20T14:30:00.0000000+01:00,,8.6873,,
2025-11-20T14:45:00.0000000+01:00,,6.9577,,
2025-11-20T15:00:00.0000000+01:00,,5.711,,
2025-11-20T15:15:00.0000000+01:00,,3.564,0.0,
2025-11-20T15:30:00.0000000+01:00,,1.9845,,
2025-11-20T15:45:00.0000000+01:00,,1.2855,,
2025-11-20T16:00:00.0000000+01:00,,0.853,,
2025-11-20T16:15:00.0000000+01:00,,0.0,0.0,
2025-11-20T16:30:00.0000000+01:00,,0.0,,
2025-11-20T16:45:00.0000000+01:00,,0.0,,
2025-11-20T17:00:00.0000000+01:00,,0.0,,
2025-11-20T17:15:00.0000000+01:00,,0.0,0.0,
2025-11-20T17:30:00.0000000+01:00,,0.0,,
2025-11-20T17:45:00.0000000+01:00,,0.0,,
2025-11-20T18:00:00.0000000+01:00,,0.0,,
2025-11-20T18:15:00.0000000+01:00,,0.0,0.0,
2025-11-20T18:30:00.0000000+01:00,,0.0,,
2025-11-20T18:45:00.0000000+01:00,,0.0,,
2025-11-20T19:00:00.0000000+01:00,,0.0,,
2025-11-20T19:15:00.0000000+01:00,,0.0,0.0,
2025-11-20T19:30:00.0000000+01:00,,0.0,,
2025-11-20T19:45:00.0000000+01:00,,0.0,,
2025-11-20T20:00:00.0000000+01:00,,0.0,,
2025-11-20T20:15:00.0000000+01:00,,0.0,0.0,
2025-11-20T20:30:00.0000000+01:00,,0.0,,
2025-11-20T20:45:00.0000000+01:00,,0.0,,
2025-11-20T21:00:00.0000000+01:00,,0.0,,
2025-11-20T21:15:00.0000000+01:00,,0.0,0.0,
2025-11-20T21:30:00.0000000+01:00,,0.0,,
2025-11-20T21:45:00.0000000+01:00,,0.0,,
2025-11-20T22:00:00.0000000+01:00,,0.0,,
2025-11-20T22:15:00.0000000+01:00,,0.0,0.0,
2025-11-20T22:30:00.0000000+01:00,,0.0,,
2025-11-20T22:45:00.0000000+01:00,,0.0,,
2025-11-20T23:00:00.0000000+01:00,,0.0,,
2025-11-20T23:15:00.0000000+01:00,,0.0,0.0,
2025-11-20T23:30:00.0000000+01:00,,0.0,,
2025-11-20T23:45:00.0000000+01:00,,0.0,,
2025-11-21T00:00:00.0000000+01:00,,0.0,,
2025-11-21T00:15:00.0000000+01:00,,0.0,0.0,
2025-11-21T00:30:00.0000000+01:00,,0.0,,
2025-11-21T00:45:00.0000000+01:00,,0.0,,
2025-11-21T01:00:00.0000000+01:00,,0.0,,
2025-11-21T01:15:00.0000000+01:00,,0.0,0.0,
2025-11-21T01:30:00.0000000+01:00,,0.0,,
2025-11-21T01:45:00.0000000+01:00,,0.0,,
2025-11-21T02:00:00.0000000+01:00,,0.0,,
2025-11-21T02:15:00.0000000+01:00,,0.0,0.0,
2025-11-21T02:30:00.0000000+01:00,,0.0,,
2025-11-21T02:45:00.0000000+01:00,,0.0,,
2025-11-21T03:00:00.0000000+01:00,,0.0,,
2025-11-21T03:15:00.0000000+01:00,,0.0,0.0,
2025-11-21T03:30:00.0000000+01:00,,0.0,,
2025-11-21T03:45:00.0000000+01:00,,0.0,,
2025-11-21T04:00:00.0000000+01:00,,0.0,,
2025-11-21T04:15:00.0000000+01:00,,0.0,0.0,
2025-11-21T04:30:00.0000000+01:00,,0.0,,
2025-11-21T04:45:00.0000000+01:00,,0.0,,
2025-11-21T05:00:00.0000000+01:00,,0.0,,
2025-11-21T05:15:00.0000000+01:00,,0.0,0.0,
2025-11-21T05:30:00.0000000+01:00,,0.0,,
2025-11-21T05:45:00.0000000+01:00,,0.0,,
2025-11-21T06:00:00.0000000+01:00,,0.0,,
2025-11-21T06:15:00.0000000+01:00,,0.0,0.0,
2025-11-21T06:30:00.0000000+01:00,,0.0,0.0,
2025-11-21T06:45:00.0000000+01:00,,0.0,0.0,
2025-11-21T07:00:00.0000000+01:00,,0.0,2.0,
2025-11-21T07:15:00.0000000+01:00,,0.0,9.6667,
2025-11-21T07:30:00.0000000+01:00,,0.0,33.3333,
2025-11-21T07:45:00.0000000+01:00,,0.0001,41.3333,
2025-11-21T08:00:00.0000000+01:00,,0.0088,46.0,
2025-11-21T08:15:00.0000000+01:00,,0.0201,257.6667,
2025-11-21T08:30:00.0000000+01:00,,0.0345,280.6667,
2025-11-21T08:45:00.0000000+01:00,,0.0427,210.6667,
2025-11-21T09:00:00.0000000+01:00,,0.0389,157.0,
2025-11-21T09:15:00.0000000+01:00,,0.0499,179.6667,
2025-11-21T09:30:00.0000000+01:00,,0.0624,173.0,
2025-11-21T09:45:00.0000000+01:00,,0.0731,159.3333,
2025-11-21T10:00:00.0000000+01:00,,0.0815,150.3333,
2025-11-21T10:15:00.0000000+01:00,,0.0888,136.6667,
2025-11-21T10:30:00.0000000+01:00,,0.0956,134.0,
2025-11-21T10:45:00.0000000+01:00,,0.1011,133.0,
2025-11-21T11:00:00.0000000+01:00,,0.1058,129.0,
2025-11-21T11:15:00.0000000+01:00,,0.1094,122.0,
2025-11-21T11:30:00.0000000+01:00,,0.1119,115.6667,
2025-11-21T11:45:00.0000000+01:00,,0.1129,111.6667,
2025-11-21T12:00:00.0000000+01:00,,0.113,109.3333,
2025-11-21T12:15:00.0000000+01:00,,0.1115,119.6667,
2025-11-21T12:30:00.0000000+01:00,,0.1094,168.0,
2025-11-21T12:45:00.0000000+01:00,,0.1055,285.0,
2025-11-21T13:00:00.0000000+01:00,,0.1003,366.3333,
2025-11-21T13:15:00.0000000+01:00,,0.0934,328.0,
2025-11-21T13:30:00.0000000+01:00,,0.0856,285.6667,
2025-11-21T13:45:00.0000000+01:00,,0.0763,229.6667,
2025-11-21T14:00:00.0000000+01:00,,0.0659,103.0,
2025-11-21T14:15:00.0000000+01:00,,0.0545,26.6667,
2025-11-21T14:30:00.0000000+01:00,,0.0423,4.3333,
2025-11-21T14:45:00.0000000+01:00,,0.0304,0.0,
2025-11-21T15:00:00.0000000+01:00,,0.0189,0.0,
2025-11-21T15:15:00.0000000+01:00,,0.0095,0.0,
2025-11-21T15:30:00.0000000+01:00,,0.0045,0.0,
2025-11-21T15:45:00.0000000+01:00,,0.0023,0.0,
2025-11-21T16:00:00.0000000+01:00,,0.0013,0.0,
2025-11-21T16:15:00.0000000+01:00,,0.0004,0.0,
2025-11-21T16:30:00.0000000+01:00,,0.0,0.0,
2025-11-21T16:45:00.0000000+01:00,,0.0,0.0,
2025-11-21T17:00:00.0000000+01:00,,0.0,0.0,
2025-11-21T17:15:00.0000000+01:00,,0.0,0.0,
2025-11-21T17:30:00.0000000+01:00,,0.0,0.0,
2025-11-21T17:45:00.0000000+01:00,,0.0,0.0,
2025-11-21T18:00:00.0000000+01:00,,0.0,0.0,
2025-11-21T18:15:00.0000000+01:00,,0.0,0.0,
2025-11-21T18:30:00.0000000+01:00,,0.0,0.0,
2025-11-21T18:45:00.0000000+01:00,,0.0,0.0,
2025-11-21T19:00:00.0000000+01:00,,0.0,0.0,
2025-11-21T19:15:00.0000000+01:00,,0.0,0.0,
2025-11-21T19:30:00.0000000+01:00,,0.0,0.0,
2025-11-21T19:45:00.0000000+01:00,,0.0,0.0,
2025-11-21T20:00:00.0000000+01:00,,0.0,0.0,
2025-11-21T20:15:00.0000000+01:00,,0.0,0.0,
2025-11-21T20:30:00.0000000+01:00,,0.0,0.0,
2025-11-21T20:45:00.0000000+01:00,,0.0,0.0,
2025-11-21T21:00:00.0000000+01:00,,0.0,0.0,
2025-11-21T21:15:00.0000000+01:00,,0.0,0.0,
2025-11-21T21:30:00.0000000+01:00,,0.0,0.0,
2025-11-21T21:45:00.0000000+01:00,,0.0,0.0,
2025-11-21T22:00:00.0000000+01:00,,0.0,0.0,
2025-11-21T22:15:00.0000000+01:00,,0.0,0.0,
2025-11-21T22:30:00.0000000+01:00,,0.0,0.0,
2025-11-21T22:45:00.0000000+01:00,,0.0,0.0,
2025-11-21T23:00:00.0000000+01:00,,0.0,0.0,
2025-11-21T23:15:00.0000000+01:00,,0.0,0.0,
2025-11-21T23:30:00.0000000+01:00,,0.0,0.0,
2025-11-21T23:45:00.0000000+01:00,,0.0,0.0,
2025-11-22T00:00:00.0000000+01:00,,0.0,0.0,
2025-11-22T00:15:00.0000000+01:00,,0.0,0.0,
2025-11-22T00:30:00.0000000+01:00,,0.0,0.0,
2025-11-22T00:45:00.0000000+01:00,,0.0,0.0,
2025-11-22T01:00:00.0000000+01:00,,0.0,0.0,
2025-11-22T01:15:00.0000000+01:00,,0.0,0.0,
2025-11-22T01:30:00.0000000+01:00,,0.0,0.0,
2025-11-22T01:45:00.0000000+01:00,,0.0,0.0,
2025-11-22T02:00:00.0000000+01:00,,0.0,0.0,
2025-11-22T02:15:00.0000000+01:00,,0.0,0.0,
2025-11-22T02:30:00.0000000+01:00,,0.0,0.0,
2025-11-22T02:45:00.0000000+01:00,,0.0,0.0,
2025-11-22T03:00:00.0000000+01:00,,0.0,0.0,
2025-11-22T03:15:00.0000000+01:00,,0.0,0.0,
2025-11-22T03:30:00.0000000+01:00,,0.0,0.0,
2025-11-22T03:45:00.0000000+01:00,,0.0,0.0,
2025-11-22T04:00:00.0000000+01:00,,0.0,0.0,
2025-11-22T04:15:00.0000000+01:00,,0.0,0.0,
2025-11-22T04:30:00.0000000+01:00,,0.0,0.0,
2025-11-22T04:45:00.0000000+01:00,,0.0,0.0,
2025-11-22T05:00:00.0000000+01:00,,0.0,0.0,
2025-11-22T05:15:00.0000000+01:00,,0.0,0.0,
2025-11-22T05:30:00.0000000+01:00,,0.0,0.0,
2025-11-22T05:45:00.0000000+01:00,,0.0,0.0,
2025-11-22T06:00:00.0000000+01:00,,0.0,0.0,
2025-11-22T06:15:00.0000000+01:00,,0.0,0.0,
2025-11-22T06:30:00.0000000+01:00,,0.0,0.0,
2025-11-22T06:45:00.0000000+01:00,,0.0,0.0,
2025-11-22T07:00:00.0000000+01:00,,0.0,3.3333,
2025-11-22T07:15:00.0000000+01:00,,0.0,16.3333,
2025-11-22T07:30:00.0000000+01:00,,0.0,62.3333,
2025-11-22T07:45:00.0000000+01:00,,0.0,145.6667,
2025-11-22T08:00:00.0000000+01:00,,0.0059,114.0,
2025-11-22T08:15:00.0000000+01:00,,0.0114,43.6667,
2025-11-22T08:30:00.0000000+01:00,,0.0208,50.3333,
2025-11-22T08:45:00.0000000+01:00,,0.0378,43.6667,
2025-11-22T09:00:00.0000000+01:00,,0.0411,44.0,
2025-11-22T09:15:00.0000000+01:00,,0.0459,46.6667,
2025-11-22T09:30:00.0000000+01:00,,0.0575,67.0,
2025-11-22T09:45:00.0000000+01:00,,0.0662,82.3333,
2025-11-22T10:00:00.0000000+01:00,,0.0809,103.3333,
2025-11-22T10:15:00.0000000+01:00,,0.0989,81.3333,
2025-11-22T10:30:00.0000000+01:00,,0.1189,94.3333,
2025-11-22T10:45:00.0000000+01:00,,0.1496,84.3333,
2025-11-22T11:00:00.0000000+01:00,,0.1916,73.6667,
2025-11-22T11:15:00.0000000+01:00,,0.1618,63.0,
2025-11-22T11:30:00.0000000+01:00,,0.1255,36.0,
2025-11-22T11:45:00.0000000+01:00,,0.1076,52.0,
2025-11-22T12:00:00.0000000+01:00,,0.1131,94.3333,
2025-11-22T12:15:00.0000000+01:00,,0.1768,75.0,
2025-11-22T12:30:00.0000000+01:00,,0.2772,102.0,
2025-11-22T12:45:00.0000000+01:00,,0.2964,63.3333,
2025-11-22T13:00:00.0000000+01:00,,0.3089,34.0,
2025-11-22T13:15:00.0000000+01:00,,0.215,21.0,
2025-11-22T13:30:00.0000000+01:00,,0.1257,13.3333,
2025-11-22T13:45:00.0000000+01:00,,0.166,8.0,
2025-11-22T14:00:00.0000000+01:00,,0.1363,11.3333,
2025-11-22T14:15:00.0000000+01:00,,0.1318,10.3333,
2025-11-22T14:30:00.0000000+01:00,,0.0765,2.0,
2025-11-22T14:45:00.0000000+01:00,,0.0914,0.0,
2025-11-22T15:00:00.0000000+01:00,,0.0677,0.0,
2025-11-22T15:15:00.0000000+01:00,,0.0363,0.0,
2025-11-22T15:30:00.0000000+01:00,,0.0174,0.0,
2025-11-22T15:45:00.0000000+01:00,,0.004,0.0,
2025-11-22T16:00:00.0000000+01:00,,0.0016,0.0,
2025-11-22T16:15:00.0000000+01:00,,0.0008,0.0,
2025-11-22T16:30:00.0000000+01:00,,0.0,0.0,
2025-11-22T16:45:00.0000000+01:00,,0.0,0.0,
2025-11-22T17:00:00.0000000+01:00,,0.0,0.0,
2025-11-22T17:15:00.0000000+01:00,,0.0,0.0,
2025-11-22T17:30:00.0000000+01:00,,0.0,0.0,
2025-11-22T17:45:00.0000000+01:00,,0.0,0.0,
2025-11-22T18:00:00.0000000+01:00,,0.0,0.0,
2025-11-22T18:15:00.0000000+01:00,,0.0,0.0,
2025-11-22T18:30:00.0000000+01:00,,0.0,0.0,
2025-11-22T18:45:00.0000000+01:00,,0.0,0.0,
2025-11-22T19:00:00.0000000+01:00,,0.0,0.0,
2025-11-22T19:15:00.0000000+01:00,,0.0,0.0,
2025-11-22T19:30:00.0000000+01:00,,0.0,0.0,
2025-11-22T19:45:00.0000000+01:00,,0.0,0.0,
2025-11-22T20:00:00.0000000+01:00,,0.0,0.0,
2025-11-22T20:15:00.0000000+01:00,,0.0,0.0,
2025-11-22T20:30:00.0000000+01:00,,0.0,0.0,
2025-11-22T20:45:00.0000000+01:00,,0.0,0.0,
2025-11-22T21:00:00.0000000+01:00,,0.0,0.0,
2025-11-22T21:15:00.0000000+01:00,,0.0,0.0,
2025-11-22T21:30:00.0000000+01:00,,0.0,0.0,
2025-11-22T21:45:00.0000000+01:00,,0.0,0.0,
2025-11-22T22:00:00.0000000+01:00,,0.0,0.0,
2025-11-22T22:15:00.0000000+01:00,,0.0,0.0,
2025-11-22T22:30:00.0000000+01:00,,0.0,0.0,
2025-11-22T22:45:00.0000000+01:00,,0.0,0.0,
2025-11-22T23:00:00.0000000+01:00,,0.0,0.0,
2025-11-22T23:15:00.0000000+01:00,,0.0,0.0,
2025-11-22T23:30:00.0000000+01:00,,0.0,0.0,
2025-11-22T23:45:00.0000000+01:00,,0.0,0.0,
2025-11-23T00:00:00.0000000+01:00,,0.0,0.0,
2025-11-23T00:15:00.0000000+01:00,,0.0,0.0,
2025-11-23T00:30:00.0000000+01:00,,0.0,0.0,
2025-11-23T00:45:00.0000000+01:00,,0.0,0.0,
2025-11-23T01:00:00.0000000+01:00,,0.0,0.0,
2025-11-23T01:15:00.0000000+01:00,,0.0,0.0,
2025-11-23T01:30:00.0000000+01:00,,0.0,0.0,
2025-11-23T01:45:00.0000000+01:00,,0.0,0.0,
2025-11-23T02:00:00.0000000+01:00,,0.0,0.0,
2025-11-23T02:15:00.0000000+01:00,,0.0,0.0,
2025-11-23T02:30:00.0000000+01:00,,0.0,0.0,
2025-11-23T02:45:00.0000000+01:00,,0.0,0.0,
2025-11-23T03:00:00.0000000+01:00,,0.0,0.0,
2025-11-23T03:15:00.0000000+01:00,,0.0,0.0,
2025-11-23T03:30:00.0000000+01:00,,0.0,0.0,
2025-11-23T03:45:00.0000000+01:00,,0.0,0.0,
2025-11-23T04:00:00.0000000+01:00,,0.0,0.0,
2025-11-23T04:15:00.0000000+01:00,,0.0,0.0,
2025-11-23T04:30:00.0000000+01:00,,0.0,0.0,
2025-11-23T04:45:00.0000000+01:00,,0.0,0.0,
2025-11-23T05:00:00.0000000+01:00,,0.0,0.0,
2025-11-23T05:15:00.0000000+01:00,,0.0,0.0,
2025-11-23T05:30:00.0000000+01:00,,0.0,0.0,
2025-11-23T05:45:00.0000000+01:00,,0.0,0.0,
2025-11-23T06:00:00.0000000+01:00,,0.0,0.0,
2025-11-23T06:15:00.0000000+01:00,,0.0,0.0,
2025-11-23T06:30:00.0000000+01:00,,0.0,0.0,
2025-11-23T06:45:00.0000000+01:00,,0.0,0.0,
2025-11-23T07:00:00.0000000+01:00,,0.0,2.3333,
2025-11-23T07:15:00.0000000+01:00,,0.0,16.0,
2025-11-23T07:30:00.0000000+01:00,,0.0019,60.0,
2025-11-23T07:45:00.0000000+01:00,,0.0271,118.3333,
2025-11-23T08:00:00.0000000+01:00,,0.0593,224.6667,
2025-11-23T08:15:00.0000000+01:00,,0.1161,266.6667,
2025-11-23T08:30:00.0000000+01:00,,0.1814,305.0,
2025-11-23T08:45:00.0000000+01:00,,0.3687,340.0,
2025-11-23T09:00:00.0000000+01:00,,0.403,208.6667,
2025-11-23T09:15:00.0000000+01:00,,0.4603,126.0,
2025-11-23T09:30:00.0000000+01:00,,0.6382,130.3333,
2025-11-23T09:45:00.0000000+01:00,,0.6297,312.6667,
2025-11-23T10:00:00.0000000+01:00,,0.4765,374.0,
2025-11-23T10:15:00.0000000+01:00,,0.6073,316.0,
2025-11-23T10:30:00.0000000+01:00,,0.5141,259.6667,
2025-11-23T10:45:00.0000000+01:00,,0.7791,211.0,
2025-11-23T11:00:00.0000000+01:00,,1.0048,206.0,
2025-11-23T11:15:00.0000000+01:00,,0.7452,214.3333,
2025-11-23T11:30:00.0000000+01:00,,0.7464,139.6667,
2025-11-23T11:45:00.0000000+01:00,,0.6965,149.0,
2025-11-23T12:00:00.0000000+01:00,,0.7729,201.0,
2025-11-23T12:15:00.0000000+01:00,,0.7686,280.6667,
2025-11-23T12:30:00.0000000+01:00,,0.74,218.3333,
2025-11-23T12:45:00.0000000+01:00,,0.7375,159.6667,
2025-11-23T13:00:00.0000000+01:00,,0.8881,88.0,
2025-11-23T13:15:00.0000000+01:00,,1.2528,79.0,
2025-11-23T13:30:00.0000000+01:00,,1.0657,46.3333,
2025-11-23T13:45:00.0000000+01:00,,0.4953,24.0,
2025-11-23T14:00:00.0000000+01:00,,0.7818,22.3333,
2025-11-23T14:15:00.0000000+01:00,,0.5336,12.6667,
2025-11-23T14:30:00.0000000+01:00,,0.3708,2.0,
2025-11-23T14:45:00.0000000+01:00,,0.4552,0.0,
2025-11-23T15:00:00.0000000+01:00,,0.1835,0.0,
2025-11-23T15:15:00.0000000+01:00,,0.0615,0.0,
2025-11-23T15:30:00.0000000+01:00,,0.0223,0.0,
2025-11-23T15:45:00.0000000+01:00,,0.0061,0.0,
2025-11-23T16:00:00.0000000+01:00,,0.0017,0.0,
2025-11-23T16:15:00.0000000+01:00,,0.0007,0.0,
2025-11-23T16:30:00.0000000+01:00,,0.0,0.0,
2025-11-23T16:45:00.0000000+01:00,,0.0,0.0,
2025-11-23T17:00:00.0000000+01:00,,0.0,0.0,
2025-11-23T17:15:00.0000000+01:00,,0.0,0.0,
2025-11-23T17:30:00.0000000+01:00,,0.0,0.0,
2025-11-23T17:45:00.0000000+01:00,,0.0,0.0,
2025-11-23T18:00:00.0000000+01:00,,0.0,0.0,
2025-11-23T18:15:00.0000000+01:00,,0.0,0.0,
2025-11-23T18:30:00.0000000+01:00,,0.0,0.0,
2025-11-23T18:45:00.0000000+01:00,,0.0,0.0,
2025-11-23T19:00:00.0000000+01:00,,0.0,0.0,
2025-11-23T19:15:00.0000000+01:00,,0.0,0.0,
2025-11-23T19:30:00.0000000+01:00,,0.0,0.0,
2025-11-23T19:45:00.0000000+01:00,,0.0,0.0,
2025-11-23T20:00:00.0000000+01:00,,0.0,0.0,
2025-11-23T20:15:00.0000000+01:00,,0.0,0.0,
2025-11-23T20:30:00.0000000+01:00,,0.0,0.0,
2025-11-23T20:45:00.0000000+01:00,,0.0,0.0,
2025-11-23T21:00:00.0000000+01:00,,0.0,0.0,
2025-11-23T21:15:00.0000000+01:00,,0.0,0.0,
2025-11-23T21:30:00.0000000+01:00,,0.0,0.0,
2025-11-23T21:45:00.0000000+01:00,,0.0,0.0,
2025-11-23T22:00:00.0000000+01:00,,0.0,0.0,
2025-11-23T22:15:00.0000000+01:00,,0.0,0.0,
2025-11-23T22:30:00.0000000+01:00,,0.0,0.0,
2025-11-23T22:45:00.0000000+01:00,,0.0,0.0,
2025-11-23T23:00:00.0000000+01:00,,0.0,0.0,
2025-11-23T23:15:00.0000000+01:00,,0.0,0.0,
2025-11-23T23:30:00.0000000+01:00,,0.0,0.0,
2025-11-23T23:45:00.0000000+01:00,,0.0,0.0,
2025-11-24T00:00:00.0000000+01:00,,0.0,0.0,
2025-11-24T00:15:00.0000000+01:00,,0.0,0.0,
2025-11-24T00:30:00.0000000+01:00,,0.0,0.0,
2025-11-24T00:45:00.0000000+01:00,,0.0,0.0,
2025-11-24T01:00:00.0000000+01:00,,0.0,0.0,
2025-11-24T01:15:00.0000000+01:00,,0.0,0.0,
2025-11-24T01:30:00.0000000+01:00,,0.0,0.0,
2025-11-24T01:45:00.0000000+01:00,,0.0,0.0,
2025-11-24T02:00:00.0000000+01:00,,0.0,0.0,
2025-11-24T02:15:00.0000000+01:00,,0.0,0.0,
2025-11-24T02:30:00.0000000+01:00,,0.0,0.0,
2025-11-24T02:45:00.0000000+01:00,,0.0,0.0,
2025-11-24T03:00:00.0000000+01:00,,0.0,0.0,
2025-11-24T03:15:00.0000000+01:00,,0.0,0.0,
2025-11-24T03:30:00.0000000+01:00,,0.0,0.0,
2025-11-24T03:45:00.0000000+01:00,,0.0,0.0,
2025-11-24T04:00:00.0000000+01:00,,0.0,0.0,
2025-11-24T04:15:00.0000000+01:00,,0.0,0.0,
2025-11-24T04:30:00.0000000+01:00,,0.0,0.0,
2025-11-24T04:45:00.0000000+01:00,,0.0,0.0,
2025-11-24T05:00:00.0000000+01:00,,0.0,0.0,
2025-11-24T05:15:00.0000000+01:00,,0.0,0.0,
2025-11-24T05:30:00.0000000+01:00,,0.0,0.0,
2025-11-24T05:45:00.0000000+01:00,,0.0,0.0,
2025-11-24T06:00:00.0000000+01:00,,0.0,0.0,
2025-11-24T06:15:00.0000000+01:00,,0.0,0.0,
2025-11-24T06:30:00.0000000+01:00,,0.0,0.0,
2025-11-24T06:45:00.0000000+01:00,,0.0,0.0,
2025-11-24T07:00:00.0000000+01:00,,0.0,0.0,
2025-11-24T07:15:00.0000000+01:00,,0.0,0.6667,
2025-11-24T07:30:00.0000000+01:00,,0.0,3.6667,
2025-11-24T07:45:00.0000000+01:00,,0.006,19.3333,
2025-11-24T08:00:00.0000000+01:00,,0.0204,24.3333,
2025-11-24T08:15:00.0000000+01:00,,0.0536,17.3333,
2025-11-24T08:30:00.0000000+01:00,,0.1006,21.0,
2025-11-24T08:45:00.0000000+01:00,,0.1475,20.3333,
2025-11-24T09:00:00.0000000+01:00,,0.0776,14.3333,
2025-11-24T09:15:00.0000000+01:00,,0.0972,15.6667,
2025-11-24T09:30:00.0000000+01:00,,0.2371,19.3333,
2025-11-24T09:45:00.0000000+01:00,,0.2781,17.3333,
2025-11-24T10:00:00.0000000+01:00,,0.2966,22.0,
2025-11-24T10:15:00.0000000+01:00,,0.199,39.6667,
2025-11-24T10:30:00.0000000+01:00,,0.2572,48.0,
2025-11-24T10:45:00.0000000+01:00,,0.361,41.6667,
2025-11-24T11:00:00.0000000+01:00,,0.4159,47.0,
2025-11-24T11:15:00.0000000+01:00,,0.4949,40.6667,
2025-11-24T11:30:00.0000000+01:00,,0.748,35.0,
2025-11-24T11:45:00.0000000+01:00,,0.8319,45.6667,
2025-11-24T12:00:00.0000000+01:00,,0.9531,44.0,
2025-11-24T12:15:00.0000000+01:00,,0.6838,39.3333,
2025-11-24T12:30:00.0000000+01:00,,0.6214,27.0,
2025-11-24T12:45:00.0000000+01:00,,0.4745,16.3333,
2025-11-24T13:00:00.0000000+01:00,,0.238,6.3333,
2025-11-24T13:15:00.0000000+01:00,,0.2693,3.6667,
2025-11-24T13:30:00.0000000+01:00,,0.2057,2.6667,
2025-11-24T13:45:00.0000000+01:00,,0.1246,5.6667,
2025-11-24T14:00:00.0000000+01:00,,0.1605,7.6667,
2025-11-24T14:15:00.0000000+01:00,,0.1583,5.0,
2025-11-24T14:30:00.0000000+01:00,,0.0619,0.6667,
2025-11-24T14:45:00.0000000+01:00,,0.0321,0.0,
2025-11-24T15:00:00.0000000+01:00,,0.0235,0.0,
2025-11-24T15:15:00.0000000+01:00,,0.0191,0.0,
2025-11-24T15:30:00.0000000+01:00,,0.0049,0.0,
2025-11-24T15:45:00.0000000+01:00,,0.0016,0.0,
2025-11-24T16:00:00.0000000+01:00,,0.0008,0.0,
2025-11-24T16:15:00.0000000+01:00,,0.0,0.0,
2025-11-24T16:30:00.0000000+01:00,,0.0,0.0,
2025-11-24T16:45:00.0000000+01:00,,0.0,0.0,
2025-11-24T17:00:00.0000000+01:00,,0.0,0.0,
2025-11-24T17:15:00.0000000+01:00,,0.0,0.0,
2025-11-24T17:30:00.0000000+01:00,,0.0,0.0,
2025-11-24T17:45:00.0000000+01:00,,0.0,0.0,
2025-11-24T18:00:00.0000000+01:00,,0.0,0.0,
2025-11-24T18:15:00.0000000+01:00,,0.0,0.0,
2025-11-24T18:30:00.0000000+01:00,,0.0,0.0,
2025-11-24T18:45:00.0000000+01:00,,0.0,0.0,
2025-11-24T19:00:00.0000000+01:00,,0.0,0.0,
2025-11-24T19:15:00.0000000+01:00,,0.0,0.0,
2025-11-24T19:30:00.0000000+01:00,,0.0,0.0,
2025-11-24T19:45:00.0000000+01:00,,0.0,0.0,
2025-11-24T20:00:00.0000000+01:00,,0.0,0.0,
2025-11-24T20:15:00.0000000+01:00,,0.0,0.0,
2025-11-24T20:30:00.0000000+01:00,,0.0,0.0,
2025-11-24T20:45:00.0000000+01:00,,0.0,0.0,
2025-11-24T21:00:00.0000000+01:00,,0.0,0.0,
2025-11-24T21:15:00.0000000+01:00,,0.0,0.0,
2025-11-24T21:30:00.0000000+01:00,,0.0,0.0,
2025-11-24T21:45:00.0000000+01:00,,0.0,0.0,
2025-11-24T22:00:00.0000000+01:00,,0.0,0.0,
2025-11-24T22:15:00.0000000+01:00,,0.0,0.0,
2025-11-24T22:30:00.0000000+01:00,,0.0,0.0,
2025-11-24T22:45:00.0000000+01:00,,0.0,0.0,
2025-11-24T23:00:00.0000000+01:00,,0.0,0.0,
2025-11-24T23:15:00.0000000+01:00,,0.0,0.0,
2025-11-24T23:30:00.0000000+01:00,,0.0,0.0,
2025-11-24T23:45:00.0000000+01:00,,0.0,0.0,
2025-11-25T00:00:00.0000000+01:00,,0.0,0.0,
2025-11-25T00:15:00.0000000+01:00,,0.0,0.0,
2025-11-25T00:30:00.0000000+01:00,,0.0,0.0,
2025-11-25T00:45:00.0000000+01:00,,0.0,0.0,
2025-11-25T01:00:00.0000000+01:00,,0.0,0.0,
2025-11-25T01:15:00.0000000+01:00,,0.0,0.0,
2025-11-25T01:30:00.0000000+01:00,,0.0,0.0,
2025-11-25T01:45:00.0000000+01:00,,0.0,0.0,
2025-11-25T02:00:00.0000000+01:00,,0.0,0.0,
2025-11-25T02:15:00.0000000+01:00,,0.0,0.0,
2025-11-25T02:30:00.0000000+01:00,,0.0,0.0,
2025-11-25T02:45:00.0000000+01:00,,0.0,0.0,
2025-11-25T03:00:00.0000000+01:00,,0.0,0.0,
2025-11-25T03:15:00.0000000+01:00,,0.0,0.0,
2025-11-25T03:30:00.0000000+01:00,,0.0,0.0,
2025-11-25T03:45:00.0000000+01:00,,0.0,0.0,
2025-11-25T04:00:00.0000000+01:00,,0.0,0.0,
2025-11-25T04:15:00.0000000+01:00,,0.0,0.0,
2025-11-25T04:30:00.0000000+01:00,,0.0,0.0,
2025-11-25T04:45:00.0000000+01:00,,0.0,0.0,
2025-11-25T05:00:00.0000000+01:00,,0.0,0.0,
2025-11-25T05:15:00.0000000+01:00,,0.0,0.0,
2025-11-25T05:30:00.0000000+01:00,,0.0,0.0,
2025-11-25T05:45:00.0000000+01:00,,0.0,0.0,
2025-11-25T06:00:00.0000000+01:00,,0.0,0.0,
2025-11-25T06:15:00.0000000+01:00,,0.0,0.0,
2025-11-25T06:30:00.0000000+01:00,,0.0,0.0,
2025-11-25T06:45:00.0000000+01:00,,0.0,0.0,
2025-11-25T07:00:00.0000000+01:00,,0.0,0.6667,
2025-11-25T07:15:00.0000000+01:00,,0.0,9.3333,
2025-11-25T07:30:00.0000000+01:00,,0.0,35.6667,
2025-11-25T07:45:00.0000000+01:00,,0.0,82.6667,
2025-11-25T08:00:00.0000000+01:00,,0.0102,140.0,
2025-11-25T08:15:00.0000000+01:00,,0.041,230.6667,
2025-11-25T08:30:00.0000000+01:00,,0.0825,267.0,
2025-11-25T08:45:00.0000000+01:00,,0.1282,288.0,
2025-11-25T09:00:00.0000000+01:00,,0.1607,145.3333,
2025-11-25T09:15:00.0000000+01:00,,0.1849,64.6667,
2025-11-25T09:30:00.0000000+01:00,,0.4809,56.6667,
2025-11-25T09:45:00.0000000+01:00,,0.7782,72.3333,
2025-11-25T10:00:00.0000000+01:00,,0.9737,51.0,
2025-11-25T10:15:00.0000000+01:00,,1.2697,29.0,
2025-11-25T10:30:00.0000000+01:00,,0.9536,26.3333,
2025-11-25T10:45:00.0000000+01:00,,0.8077,13.0,
2025-11-25T11:00:00.0000000+01:00,,0.7117,17.6667,
2025-11-25T11:15:00.0000000+01:00,,0.6925,34.0,
2025-11-25T11:30:00.0000000+01:00,,0.4172,41.3333,
2025-11-25T11:45:00.0000000+01:00,,0.5251,36.6667,
2025-11-25T12:00:00.0000000+01:00,,0.8093,20.3333,
2025-11-25T12:15:00.0000000+01:00,,0.7914,21.3333,
2025-11-25T12:30:00.0000000+01:00,,0.6385,32.0,
2025-11-25T12:45:00.0000000+01:00,,0.5308,62.3333,
2025-11-25T13:00:00.0000000+01:00,,0.4867,50.3333,
2025-11-25T13:15:00.0000000+01:00,,0.9297,31.6667,
2025-11-25T13:30:00.0000000+01:00,,0.6048,31.3333,
2025-11-25T13:45:00.0000000+01:00,,0.4997,27.3333,
2025-11-25T14:00:00.0000000+01:00,,0.2575,18.6667,
2025-11-25T14:15:00.0000000+01:00,,0.1642,8.6667,
2025-11-25T14:30:00.0000000+01:00,,0.1351,0.6667,
2025-11-25T14:45:00.0000000+01:00,,0.1182,0.0,
2025-11-25T15:00:00.0000000+01:00,,0.0648,0.0,
2025-11-25T15:15:00.0000000+01:00,,0.0364,0.0,
2025-11-25T15:30:00.0000000+01:00,,0.0149,0.0,
2025-11-25T15:45:00.0000000+01:00,,0.0041,0.0,
2025-11-25T16:00:00.0000000+01:00,,0.0014,0.0,
2025-11-25T16:15:00.0000000+01:00,,0.0002,0.0,
2025-11-25T16:30:00.0000000+01:00,,0.0,0.0,
2025-11-25T16:45:00.0000000+01:00,,0.0,0.0,
2025-11-25T17:00:00.0000000+01:00,,0.0,0.0,
2025-11-25T17:15:00.0000000+01:00,,0.0,0.0,
2025-11-25T17:30:00.0000000+01:00,,0.0,0.0,
2025-11-25T17:45:00.0000000+01:00,,0.0,0.0,
2025-11-25T18:00:00.0000000+01:00,,0.0,0.0,
2025-11-25T18:15:00.0000000+01:00,,0.0,0.0,
2025-11-25T18:30:00.0000000+01:00,,0.0,0.0,
2025-11-25T18:45:00.0000000+01:00,,0.0,0.0,
2025-11-25T19:00:00.0000000+01:00,,0.0,0.0,
2025-11-25T19:15:00.0000000+01:00,,0.0,0.0,
2025-11-25T19:30:00.0000000+01:00,,0.0,0.0,
2025-11-25T19:45:00.0000000+01:00,,0.0,0.0,
2025-11-25T20:00:00.0000000+01:00,,0.0,0.0,
2025-11-25T20:15:00.0000000+01:00,,0.0,0.0,
2025-11-25T20:30:00.0000000+01:00,,0.0,0.0,
2025-11-25T20:45:00.0000000+01:00,,0.0,0.0,
2025-11-25T21:00:00.0000000+01:00,,0.0,0.0,
2025-11-25T21:15:00.0000000+01:00,,0.0,0.0,
2025-11-25T21:30:00.0000000+01:00,,0.0,0.0,
2025-11-25T21:45:00.0000000+01:00,,0.0,0.0,
2025-11-25T22:00:00.0000000+01:00,,0.0,0.0,
2025-11-25T22:15:00.0000000+01:00,,0.0,0.0,
2025-11-25T22:30:00.0000000+01:00,,0.0,0.0,
2025-11-25T22:45:00.0000000+01:00,,0.0,0.0,
2025-11-25T23:00:00.0000000+01:00,,0.0,0.0,
2025-11-25T23:15:00.0000000+01:00,,0.0,0.0,
2025-11-25T23:30:00.0000000+01:00,,0.0,0.0,
2025-11-25T23:45:00.0000000+01:00,,0.0,0.0,
2025-11-26T00:00:00.0000000+01:00,,0.0,0.0,
2025-11-26T00:15:00.0000000+01:00,,0.0,0.0,
2025-11-26T00:30:00.0000000+01:00,,0.0,0.0,
2025-11-26T00:45:00.0000000+01:00,,0.0,0.0,
2025-11-26T01:00:00.0000000+01:00,,0.0,0.0,
2025-11-26T01:15:00.0000000+01:00,,0.0,0.0,
2025-11-26T01:30:00.0000000+01:00,,0.0,0.0,
2025-11-26T01:45:00.0000000+01:00,,0.0,0.0,
2025-11-26T02:00:00.0000000+01:00,,0.0,0.0,
2025-11-26T02:15:00.0000000+01:00,,0.0,0.0,
2025-11-26T02:30:00.0000000+01:00,,0.0,0.0,
2025-11-26T02:45:00.0000000+01:00,,0.0,0.0,
2025-11-26T03:00:00.0000000+01:00,,0.0,0.0,
2025-11-26T03:15:00.0000000+01:00,,0.0,0.0,
2025-11-26T03:30:00.0000000+01:00,,0.0,0.0,
2025-11-26T03:45:00.0000000+01:00,,0.0,0.0,
2025-11-26T04:00:00.0000000+01:00,,0.0,0.0,
2025-11-26T04:15:00.0000000+01:00,,0.0,0.0,
2025-11-26T04:30:00.0000000+01:00,,0.0,0.0,
2025-11-26T04:45:00.0000000+01:00,,0.0,0.0,
2025-11-26T05:00:00.0000000+01:00,,0.0,0.0,
2025-11-26T05:15:00.0000000+01:00,,0.0,0.0,
2025-11-26T05:30:00.0000000+01:00,,0.0,0.0,
2025-11-26T05:45:00.0000000+01:00,,0.0,0.0,
2025-11-26T06:00:00.0000000+01:00,,0.0,0.0,
2025-11-26T06:15:00.0000000+01:00,,0.0,0.0,
2025-11-26T06:30:00.0000000+01:00,,0.0,0.0,
2025-11-26T06:45:00.0000000+01:00,,0.0,0.0,
2025-11-26T07:00:00.0000000+01:00,,0.0,0.3333,
2025-11-26T07:15:00.0000000+01:00,,0.0,9.3333,
2025-11-26T07:30:00.0000000+01:00,,0.0,39.6667,
2025-11-26T07:45:00.0000000+01:00,,0.0103,121.3333,
2025-11-26T08:00:00.0000000+01:00,,0.0239,214.6667,
2025-11-26T08:15:00.0000000+01:00,,0.0691,256.6667,
2025-11-26T08:30:00.0000000+01:00,,0.1866,279.0,
2025-11-26T08:45:00.0000000+01:00,,0.2355,326.0,
2025-11-26T09:00:00.0000000+01:00,,0.346,319.0,
2025-11-26T09:15:00.0000000+01:00,,0.3945,147.3333,
2025-11-26T09:30:00.0000000+01:00,,0.4506,133.6667,
2025-11-26T09:45:00.0000000+01:00,,0.5686,141.3333,
2025-11-26T10:00:00.0000000+01:00,,0.871,149.6667,
2025-11-26T10:15:00.0000000+01:00,,0.5062,193.3333,
2025-11-26T10:30:00.0000000+01:00,,0.7081,212.0,
2025-11-26T10:45:00.0000000+01:00,,0.6794,164.3333,
2025-11-26T11:00:00.0000000+01:00,,0.7285,389.6667,
2025-11-26T11:15:00.0000000+01:00,,0.8819,454.3333,
2025-11-26T11:30:00.0000000+01:00,,0.7706,452.0,
2025-11-26T11:45:00.0000000+01:00,,0.8142,437.0,
2025-11-26T12:00:00.0000000+01:00,,1.3368,405.0,
2025-11-26T12:15:00.0000000+01:00,,1.4819,387.3333,
2025-11-26T12:30:00.0000000+01:00,,1.4824,370.0,
2025-11-26T12:45:00.0000000+01:00,,1.4767,305.6667,
2025-11-26T13:00:00.0000000+01:00,,1.4214,268.0,
2025-11-26T13:15:00.0000000+01:00,,1.4329,182.6667,
2025-11-26T13:30:00.0000000+01:00,,1.1875,37.0,
2025-11-26T13:45:00.0000000+01:00,,0.6191,27.0,
2025-11-26T14:00:00.0000000+01:00,,0.5154,20.0,
2025-11-26T14:15:00.0000000+01:00,,0.3072,9.0,
2025-11-26T14:30:00.0000000+01:00,,0.1911,0.6667,
2025-11-26T14:45:00.0000000+01:00,,0.1169,0.0,
2025-11-26T15:00:00.0000000+01:00,,0.0723,0.0,
2025-11-26T15:15:00.0000000+01:00,,0.0475,0.0,
2025-11-26T15:30:00.0000000+01:00,,0.0204,0.0,
2025-11-26T15:45:00.0000000+01:00,,0.0056,0.0,
2025-11-26T16:00:00.0000000+01:00,,0.0015,0.0,
2025-11-26T16:15:00.0000000+01:00,,0.0004,0.0,
2025-11-26T16:30:00.0000000+01:00,,0.0,0.0,
2025-11-26T16:45:00.0000000+01:00,,0.0,0.0,
2025-11-26T17:00:00.0000000+01:00,,0.0,0.0,
2025-11-26T17:15:00.0000000+01:00,,0.0,0.0,
2025-11-26T17:30:00.0000000+01:00,,0.0,0.0,
2025-11-26T17:45:00.0000000+01:00,,0.0,0.0,
2025-11-26T18:00:00.0000000+01:00,,0.0,0.0,
2025-11-26T18:15:00.0000000+01:00,,0.0,0.0,
2025-11-26T18:30:00.0000000+01:00,,0.0,0.0,
2025-11-26T18:45:00.0000000+01:00,,0.0,0.0,
2025-11-26T19:00:00.0000000+01:00,,0.0,0.0,
2025-11-26T19:15:00.0000000+01:00,,0.0,0.0,
2025-11-26T19:30:00.0000000+01:00,,0.0,0.0,
2025-11-26T19:45:00.0000000+01:00,,0.0,0.0,
2025-11-26T20:00:00.0000000+01:00,,0.0,0.0,
2025-11-26T20:15:00.0000000+01:00,,0.0,0.0,
2025-11-26T20:30:00.0000000+01:00,,0.0,0.0,
2025-11-26T20:45:00.0000000+01:00,,0.0,0.0,
2025-11-26T21:00:00.0000000+01:00,,0.0,0.0,
2025-11-26T21:15:00.0000000+01:00,,0.0,0.0,
2025-11-26T21:30:00.0000000+01:00,,0.0,0.0,
2025-11-26T21:45:00.0000000+01:00,,0.0,0.0,
2025-11-26T22:00:00.0000000+01:00,,0.0,0.0,
2025-11-26T22:15:00.0000000+01:00,,0.0,0.0,
2025-11-26T22:30:00.0000000+01:00,,0.0,0.0,
2025-11-26T22:45:00.0000000+01:00,,0.0,0.0,
2025-11-26T23:00:00.0000000+01:00,,0.0,0.0,
2025-11-26T23:15:00.0000000+01:00,,0.0,0.0,
2025-11-26T23:30:00.0000000+01:00,,0.0,0.0,
2025-11-26T23:45:00.0000000+01:00,,0.0,0.0,
2025-11-27T00:00:00.0000000+01:00,,0.0,0.0,
2025-11-27T00:15:00.0000000+01:00,,0.0,0.0,
2025-11-27T00:30:00.0000000+01:00,,0.0,0.0,
2025-11-27T00:45:00.0000000+01:00,,0.0,0.0,
2025-11-27T01:00:00.0000000+01:00,,0.0,0.0,
2025-11-27T01:15:00.0000000+01:00,,0.0,0.0,
2025-11-27T01:30:00.0000000+01:00,,0.0,0.0,
2025-11-27T01:45:00.0000000+01:00,,0.0,0.0,
2025-11-27T02:00:00.0000000+01:00,,0.0,0.0,
2025-11-27T02:15:00.0000000+01:00,,0.0,0.0,
2025-11-27T02:30:00.0000000+01:00,,0.0,0.0,
2025-11-27T02:45:00.0000000+01:00,,0.0,0.0,
2025-11-27T03:00:00.0000000+01:00,,0.0,0.0,
2025-11-27T03:15:00.0000000+01:00,,0.0,0.0,
2025-11-27T03:30:00.0000000+01:00,,0.0,0.0,
2025-11-27T03:45:00.0000000+01:00,,0.0,0.0,
2025-11-27T04:00:00.0000000+01:00,,0.0,0.0,
2025-11-27T04:15:00.0000000+01:00,,0.0,0.0,
2025-11-27T04:30:00.0000000+01:00,,0.0,0.0,
2025-11-27T04:45:00.0000000+01:00,,0.0,0.0,
2025-11-27T05:00:00.0000000+01:00,,0.0,0.0,
2025-11-27T05:15:00.0000000+01:00,,0.0,0.0,
2025-11-27T05:30:00.0000000+01:00,,0.0,0.0,
2025-11-27T05:45:00.0000000+01:00,,0.0,0.0,
2025-11-27T06:00:00.0000000+01:00,,0.0,0.0,
2025-11-27T06:15:00.0000000+01:00,,0.0,0.0,
2025-11-27T06:30:00.0000000+01:00,,0.0,0.0,
2025-11-27T06:45:00.0000000+01:00,,0.0,0.0,
2025-11-27T07:00:00.0000000+01:00,,0.0,0.0,
2025-11-27T07:15:00.0000000+01:00,,0.0,4.6667,
2025-11-27T07:30:00.0000000+01:00,,0.0011,14.3333,
2025-11-27T07:45:00.0000000+01:00,,0.0294,57.3333,
2025-11-27T08:00:00.0000000+01:00,,0.0585,39.6667,
2025-11-27T08:15:00.0000000+01:00,,0.1209,88.0,
2025-11-27T08:30:00.0000000+01:00,,0.2629,47.3333,
2025-11-27T08:45:00.0000000+01:00,,0.2652,65.0,
2025-11-27T09:00:00.0000000+01:00,,0.3007,83.6667,
2025-11-27T09:15:00.0000000+01:00,,0.5316,86.6667,
2025-11-27T09:30:00.0000000+01:00,,0.5031,95.3333,
2025-11-27T09:45:00.0000000+01:00,,0.4973,107.6667,
2025-11-27T10:00:00.0000000+01:00,,0.5073,114.0,
2025-11-27T10:15:00.0000000+01:00,,0.7852,103.6667,
2025-11-27T10:30:00.0000000+01:00,,0.8047,119.6667,
2025-11-27T10:45:00.0000000+01:00,,0.8881,130.6667,
2025-11-27T11:00:00.0000000+01:00,,1.1407,91.0,
2025-11-27T11:15:00.0000000+01:00,,1.0003,84.0,
2025-11-27T11:30:00.0000000+01:00,,0.9963,74.6667,
2025-11-27T11:45:00.0000000+01:00,,0.9405,101.6667,
2025-11-27T12:00:00.0000000+01:00,,0.9988,64.6667,
2025-11-27T12:15:00.0000000+01:00,,1.141,65.3333,
2025-11-27T12:30:00.0000000+01:00,,0.8788,49.6667,
2025-11-27T12:45:00.0000000+01:00,,0.6943,43.6667,
2025-11-27T13:00:00.0000000+01:00,,0.6577,44.0,
2025-11-27T13:15:00.0000000+01:00,,0.5851,16.0,
2025-11-27T13:30:00.0000000+01:00,,0.523,3.6667,
2025-11-27T13:45:00.0000000+01:00,,0.4578,3.3333,
2025-11-27T14:00:00.0000000+01:00,,0.4515,4.3333,
2025-11-27T14:15:00.0000000+01:00,,0.3252,2.0,
2025-11-27T14:30:00.0000000+01:00,,0.21,0.0,
2025-11-27T14:45:00.0000000+01:00,,0.1367,0.0,
2025-11-27T15:00:00.0000000+01:00,,0.0562,0.0,
2025-11-27T15:15:00.0000000+01:00,,0.0173,0.0,
2025-11-27T15:30:00.0000000+01:00,,0.0046,0.0,
2025-11-27T15:45:00.0000000+01:00,,0.0017,0.0,
2025-11-27T16:00:00.0000000+01:00,,0.0007,0.0,
2025-11-27T16:15:00.0000000+01:00,,0.0,0.0,
2025-11-27T16:30:00.0000000+01:00,,0.0,0.0,
2025-11-27T16:45:00.0000000+01:00,,0.0,0.0,
2025-11-27T17:00:00.0000000+01:00,,0.0,0.0,
2025-11-27T17:15:00.0000000+01:00,,0.0,0.0,
2025-11-27T17:30:00.0000000+01:00,,0.0,0.0,
2025-11-27T17:45:00.0000000+01:00,,0.0,0.0,0.0
2025-11-27T18:00:00.0000000+01:00,,0.0,0.0,
2025-11-27T18:15:00.0000000+01:00,,0.0,0.0,
2025-11-27T18:30:00.0000000+01:00,,0.0,0.0,
2025-11-27T18:45:00.0000000+01:00,,0.0,0.0,
2025-11-27T19:00:00.0000000+01:00,,0.0,0.0,
2025-11-27T19:15:00.0000000+01:00,,0.0,0.0,
2025-11-27T19:30:00.0000000+01:00,,0.0,0.0,0.0
2025-11-27T19:45:00.0000000+01:00,,0.0,0.0,
2025-11-27T20:00:00.0000000+01:00,,0.0,0.0,
2025-11-27T20:15:00.0000000+01:00,,0.0,0.0,
2025-11-27T20:30:00.0000000+01:00,,0.0,0.0,
2025-11-27T20:45:00.0000000+01:00,,0.0,0.0,
2025-11-27T21:00:00.0000000+01:00,,0.0,0.0,
2025-11-27T21:15:00.0000000+01:00,,0.0,0.0,
2025-11-27T21:30:00.0000000+01:00,,0.0,0.0,
2025-11-27T21:45:00.0000000+01:00,,0.0,0.0,
2025-11-27T22:00:00.0000000+01:00,,0.0,0.0,
2025-11-27T22:15:00.0000000+01:00,,0.0,0.0,
2025-11-27T22:30:00.0000000+01:00,,0.0,0.0,
2025-11-27T22:45:00.0000000+01:00,,0.0,0.0,
2025-11-27T23:00:00.0000000+01:00,,0.0,0.0,
2025-11-27T23:15:00.0000000+01:00,,0.0,0.0,
2025-11-27T23:30:00.0000000+01:00,,0.0,0.0,
2025-11-27T23:45:00.0000000+01:00,,0.0,0.0,
2025-11-28T00:00:00.0000000+01:00,,0.0,0.0,
2025-11-28T00:15:00.0000000+01:00,,0.0,0.0,
2025-11-28T00:30:00.0000000+01:00,,0.0,0.0,
2025-11-28T00:45:00.0000000+01:00,,0.0,0.0,
2025-11-28T01:00:00.0000000+01:00,,0.0,0.0,
2025-11-28T01:15:00.0000000+01:00,,0.0,0.0,
2025-11-28T01:30:00.0000000+01:00,,0.0,0.0,
2025-11-28T01:45:00.0000000+01:00,,0.0,0.0,
2025-11-28T02:00:00.0000000+01:00,,0.0,0.0,
2025-11-28T02:15:00.0000000+01:00,,0.0,0.0,
2025-11-28T02:30:00.0000000+01:00,,0.0,0.0,
2025-11-28T02:45:00.0000000+01:00,,0.0,0.0,
2025-11-28T03:00:00.0000000+01:00,,0.0,0.0,
2025-11-28T03:15:00.0000000+01:00,,0.0,0.0,
2025-11-28T03:30:00.0000000+01:00,,0.0,0.0,
2025-11-28T03:45:00.0000000+01:00,,0.0,0.0,
2025-11-28T04:00:00.0000000+01:00,,0.0,0.0,
2025-11-28T04:15:00.0000000+01:00,,0.0,0.0,
2025-11-28T04:30:00.0000000+01:00,,0.0,0.0,
2025-11-28T04:45:00.0000000+01:00,,0.0,0.0,
2025-11-28T05:00:00.0000000+01:00,,0.0,0.0,
2025-11-28T05:15:00.0000000+01:00,,0.0,0.0,
2025-11-28T05:30:00.0000000+01:00,,0.0,0.0,
2025-11-28T05:45:00.0000000+01:00,,0.0,0.0,
2025-11-28T06:00:00.0000000+01:00,,0.0,0.0,
2025-11-28T06:15:00.0000000+01:00,,0.0,0.0,
2025-11-28T06:30:00.0000000+01:00,,0.0,0.0,
2025-11-28T06:45:00.0000000+01:00,,0.0,0.0,
2025-11-28T07:00:00.0000000+01:00,,0.0,0.0,6.25
2025-11-28T07:15:00.0000000+01:00,,0.0,2.3333,
2025-11-28T07:30:00.0000000+01:00,,0.0,7.0,
2025-11-28T07:45:00.0000000+01:00,,0.0,8.3333,
2025-11-28T08:00:00.0000000+01:00,,0.0018,14.3333,67.7083
2025-11-28T08:15:00.0000000+01:00,,0.0166,10.6667,
2025-11-28T08:30:00.0000000+01:00,,0.0219,9.6667,
2025-11-28T08:45:00.0000000+01:00,,0.0326,8.3333,
2025-11-28T09:00:00.0000000+01:00,,0.0459,18.6667,
2025-11-28T09:15:00.0000000+01:00,,0.0532,16.0,
2025-11-28T09:30:00.0000000+01:00,,0.0883,15.3333,
2025-11-28T09:45:00.0000000+01:00,,0.1094,25.3333,
2025-11-28T10:00:00.0000000+01:00,,0.1042,30.3333,
2025-11-28T10:15:00.0000000+01:00,,0.1004,58.0,
2025-11-28T10:30:00.0000000+01:00,,0.1547,37.3333,
2025-11-28T10:45:00.0000000+01:00,,0.1912,38.0,
2025-11-28T11:00:00.0000000+01:00,,0.2105,60.3333,
2025-11-28T11:15:00.0000000+01:00,,0.21,51.0,
2025-11-28T11:30:00.0000000+01:00,,0.2056,63.6667,
2025-11-28T11:45:00.0000000+01:00,,0.2907,32.6667,
2025-11-28T12:00:00.0000000+01:00,,0.3482,31.3333,
2025-11-28T12:15:00.0000000+01:00,,0.3086,33.0,
2025-11-28T12:30:00.0000000+01:00,,0.2179,37.3333,
2025-11-28T12:45:00.0000000+01:00,,0.216,24.3333,
2025-11-28T13:00:00.0000000+01:00,,0.1631,11.0,
2025-11-28T13:15:00.0000000+01:00,,0.1975,14.6667,
2025-11-28T13:30:00.0000000+01:00,,0.2082,8.6667,
2025-11-28T13:45:00.0000000+01:00,,0.2105,5.0,
2025-11-28T14:00:00.0000000+01:00,,0.1489,4.3333,
2025-11-28T14:15:00.0000000+01:00,,0.1201,2.0,
2025-11-28T14:30:00.0000000+01:00,,0.0865,0.0,
2025-11-28T14:45:00.0000000+01:00,,0.0275,0.0,
2025-11-28T15:00:00.0000000+01:00,,0.0157,0.0,
2025-11-28T15:15:00.0000000+01:00,,0.0062,0.0,88.0682
2025-11-28T15:30:00.0000000+01:00,,0.0024,0.0,59.375
2025-11-28T15:45:00.0000000+01:00,,0.0013,0.0,40.625
2025-11-28T16:00:00.0000000+01:00,,0.0002,0.0,15.625
2025-11-28T16:15:00.0000000+01:00,,0.0,0.0,
2025-11-28T16:30:00.0000000+01:00,,0.0,0.0,
2025-11-28T16:45:00.0000000+01:00,,0.0,0.0,
2025-11-28T17:00:00.0000000+01:00,,0.0,0.0,
2025-11-28T17:15:00.0000000+01:00,,0.0,0.0,
2025-11-28T17:30:00.0000000+01:00,,0.0,0.0,6.25
2025-11-28T17:45:00.0000000+01:00,,0.0,0.0,0.0
2025-11-28T18:00:00.0000000+01:00,,0.0,0.0,
2025-11-28T18:15:00.0000000+01:00,,0.0,0.0,
2025-11-28T18:30:00.0000000+01:00,,0.0,0.0,
2025-11-28T18:45:00.0000000+01:00,,0.0,0.0,
2025-11-28T19:00:00.0000000+01:00,,0.0,0.0,
2025-11-28T19:15:00.0000000+01:00,,0.0,0.0,
2025-11-28T19:30:00.0000000+01:00,,0.0,0.0,
2025-11-28T19:45:00.0000000+01:00,,0.0,0.0,
2025-11-28T20:00:00.0000000+01:00,,0.0,0.0,
2025-11-28T20:15:00.0000000+01:00,,0.0,0.0,
2025-11-28T20:30:00.0000000+01:00,,0.0,0.0,
2025-11-28T20:45:00.0000000+01:00,,0.0,0.0,
2025-11-28T21:00:00.0000000+01:00,,0.0,0.0,
2025-11-28T21:15:00.0000000+01:00,,0.0,0.0,
2025-11-28T21:30:00.0000000+01:00,,0.0,0.0,
2025-11-28T21:45:00.0000000+01:00,,0.0,0.0,
2025-11-28T22:00:00.0000000+01:00,,0.0,0.0,
2025-11-28T22:15:00.0000000+01:00,,0.0,0.0,
2025-11-28T22:30:00.0000000+01:00,,0.0,0.0,
2025-11-28T22:45:00.0000000+01:00,,0.0,0.0,
2025-11-28T23:00:00.0000000+01:00,,0.0,0.0,
2025-11-28T23:15:00.0000000+01:00,,0.0,0.0,
2025-11-28T23:30:00.0000000+01:00,,0.0,0.0,
2025-11-28T23:45:00.0000000+01:00,,0.0,0.0,
2025-11-29T00:00:00.0000000+01:00,,0.0,0.0,
2025-11-29T00:15:00.0000000+01:00,,0.0,0.0,
2025-11-29T00:30:00.0000000+01:00,,0.0,0.0,
2025-11-29T00:45:00.0000000+01:00,,0.0,0.0,
2025-11-29T01:00:00.0000000+01:00,,0.0,0.0,
2025-11-29T01:15:00.0000000+01:00,,0.0,0.0,
2025-11-29T01:30:00.0000000+01:00,,0.0,0.0,
2025-11-29T01:45:00.0000000+01:00,,0.0,0.0,
2025-11-29T02:00:00.0000000+01:00,,0.0,0.0,
2025-11-29T02:15:00.0000000+01:00,,0.0,0.0,
2025-11-29T02:30:00.0000000+01:00,,0.0,0.0,
2025-11-29T02:45:00.0000000+01:00,,0.0,0.0,
2025-11-29T03:00:00.0000000+01:00,,0.0,0.0,
2025-11-29T03:15:00.0000000+01:00,,0.0,0.0,
2025-11-29T03:30:00.0000000+01:00,,0.0,0.0,
2025-11-29T03:45:00.0000000+01:00,,0.0,0.0,
2025-11-29T04:00:00.0000000+01:00,,0.0,0.0,
2025-11-29T04:15:00.0000000+01:00,,0.0,0.0,
2025-11-29T04:30:00.0000000+01:00,,0.0,0.0,
2025-11-29T04:45:00.0000000+01:00,,0.0,0.0,
2025-11-29T05:00:00.0000000+01:00,,0.0,0.0,
2025-11-29T05:15:00.0000000+01:00,,0.0,0.0,
2025-11-29T05:30:00.0000000+01:00,,0.0,0.0,
2025-11-29T05:45:00.0000000+01:00,,0.0,0.0,
2025-11-29T06:00:00.0000000+01:00,,0.0,0.0,
2025-11-29T06:15:00.0000000+01:00,,0.0,0.0,
2025-11-29T06:30:00.0000000+01:00,,0.0,0.0,
2025-11-29T06:45:00.0000000+01:00,,0.0,0.0,
2025-11-29T07:00:00.0000000+01:00,,0.0,0.0,
2025-11-29T07:15:00.0000000+01:00,,0.0,1.3333,6.25
2025-11-29T07:30:00.0000000+01:00,,0.0,13.0,12.5
2025-11-29T07:45:00.0000000+01:00,,0.0036,43.6667,78.6458
2025-11-29T08:00:00.0000000+01:00,,0.0193,124.3333,
2025-11-29T08:15:00.0000000+01:00,,0.0409,179.0,
2025-11-29T08:30:00.0000000+01:00,,0.0853,220.0,
2025-11-29T08:45:00.0000000+01:00,,0.1649,258.0,
2025-11-29T09:00:00.0000000+01:00,,0.3375,292.6667,
2025-11-29T09:15:00.0000000+01:00,,0.4335,196.6667,
2025-11-29T09:30:00.0000000+01:00,,0.5011,82.6667,
2025-11-29T09:45:00.0000000+01:00,,1.2018,134.0,
2025-11-29T10:00:00.0000000+01:00,,0.6648,78.3333,
2025-11-29T10:15:00.0000000+01:00,,0.5696,47.6667,
2025-11-29T10:30:00.0000000+01:00,,0.62,65.0,
2025-11-29T10:45:00.0000000+01:00,,0.7659,72.6667,
2025-11-29T11:00:00.0000000+01:00,,0.4992,78.3333,
2025-11-29T11:15:00.0000000+01:00,,0.5456,100.3333,
2025-11-29T11:30:00.0000000+01:00,,0.6295,137.0,
2025-11-29T11:45:00.0000000+01:00,,0.5695,277.6667,
2025-11-29T12:00:00.0000000+01:00,,0.5395,262.3333,
2025-11-29T12:15:00.0000000+01:00,,0.9153,70.3333,
2025-11-29T12:30:00.0000000+01:00,,1.0275,55.6667,
2025-11-29T12:45:00.0000000+01:00,,0.9789,93.6667,
2025-11-29T13:00:00.0000000+01:00,,0.7148,95.0,
2025-11-29T13:15:00.0000000+01:00,,0.5001,35.0,
2025-11-29T13:30:00.0000000+01:00,,0.2846,47.6667,
2025-11-29T13:45:00.0000000+01:00,,0.4604,21.0,
2025-11-29T14:00:00.0000000+01:00,,0.3699,13.3333,
2025-11-29T14:15:00.0000000+01:00,,0.2447,4.3333,
2025-11-29T14:30:00.0000000+01:00,,0.3305,0.0,
2025-11-29T14:45:00.0000000+01:00,,0.1921,0.0,
2025-11-29T15:00:00.0000000+01:00,,0.1096,0.0,
2025-11-29T15:15:00.0000000+01:00,,0.044,0.0,
2025-11-29T15:30:00.0000000+01:00,,0.0133,0.0,96.875
2025-11-29T15:45:00.0000000+01:00,,0.0039,0.0,79.6875
2025-11-29T16:00:00.0000000+01:00,,0.0014,0.0,47.3214
2025-11-29T16:15:00.0000000+01:00,,0.0002,0.0,18.75
2025-11-29T16:30:00.0000000+01:00,,0.0,0.0,
2025-11-29T16:45:00.0000000+01:00,,0.0,0.0,
2025-11-29T17:00:00.0000000+01:00,,0.0,0.0,
2025-11-29T17:15:00.0000000+01:00,,0.0,0.0,
2025-11-29T17:30:00.0000000+01:00,,0.0,0.0,
2025-11-29T17:45:00.0000000+01:00,,0.0,0.0,6.25
2025-11-29T18:00:00.0000000+01:00,,0.0,0.0,0.0
2025-11-29T18:15:00.0000000+01:00,,0.0,0.0,
2025-11-29T18:30:00.0000000+01:00,,0.0,0.0,
2025-11-29T18:45:00.0000000+01:00,,0.0,0.0,
2025-11-29T19:00:00.0000000+01:00,,0.0,0.0,
2025-11-29T19:15:00.0000000+01:00,,0.0,0.0,
2025-11-29T19:30:00.0000000+01:00,,0.0,0.0,
2025-11-29T19:45:00.0000000+01:00,,0.0,0.0,
2025-11-29T20:00:00.0000000+01:00,,0.0,0.0,
2025-11-29T20:15:00.0000000+01:00,,0.0,0.0,
2025-11-29T20:30:00.0000000+01:00,,0.0,0.0,
2025-11-29T20:45:00.0000000+01:00,,0.0,0.0,
2025-11-29T21:00:00.0000000+01:00,,0.0,0.0,
2025-11-29T21:15:00.0000000+01:00,,0.0,0.0,
2025-11-29T21:30:00.0000000+01:00,,0.0,0.0,
2025-11-29T21:45:00.0000000+01:00,,0.0,0.0,
2025-11-29T22:00:00.0000000+01:00,,0.0,0.0,
2025-11-29T22:15:00.0000000+01:00,,0.0,0.0,
2025-11-29T22:30:00.0000000+01:00,,0.0,0.0,
2025-11-29T22:45:00.0000000+01:00,,0.0,0.0,
2025-11-29T23:00:00.0000000+01:00,,0.0,0.0,
2025-11-29T23:15:00.0000000+01:00,,0.0,0.0,
2025-11-29T23:30:00.0000000+01:00,,0.0,0.0,
2025-11-29T23:45:00.0000000+01:00,,0.0,0.0,
2025-11-30T00:00:00.0000000+01:00,,0.0,0.0,
2025-11-30T00:15:00.0000000+01:00,,0.0,0.0,
2025-11-30T00:30:00.0000000+01:00,,0.0,0.0,
2025-11-30T00:45:00.0000000+01:00,,0.0,0.0,
2025-11-30T01:00:00.0000000+01:00,,0.0,0.0,
2025-11-30T01:15:00.0000000+01:00,,0.0,0.0,
2025-11-30T01:30:00.0000000+01:00,,0.0,0.0,
2025-11-30T01:45:00.0000000+01:00,,0.0,0.0,
2025-11-30T02:00:00.0000000+01:00,,0.0,0.0,
2025-11-30T02:15:00.0000000+01:00,,0.0,0.0,
2025-11-30T02:30:00.0000000+01:00,,0.0,0.0,
2025-11-30T02:45:00.0000000+01:00,,0.0,0.0,
2025-11-30T03:00:00.0000000+01:00,,0.0,0.0,
2025-11-30T03:15:00.0000000+01:00,,0.0,0.0,
2025-11-30T03:30:00.0000000+01:00,,0.0,0.0,
2025-11-30T03:45:00.0000000+01:00,,0.0,0.0,
2025-11-30T04:00:00.0000000+01:00,,0.0,0.0,
2025-11-30T04:15:00.0000000+01:00,,0.0,0.0,
2025-11-30T04:30:00.0000000+01:00,,0.0,0.0,
2025-11-30T04:45:00.0000000+01:00,,0.0,0.0,
2025-11-30T05:00:00.0000000+01:00,,0.0,0.0,
2025-11-30T05:15:00.0000000+01:00,,0.0,0.0,
2025-11-30T05:30:00.0000000+01:00,,0.0,0.0,
2025-11-30T05:45:00.0000000+01:00,,0.0,0.0,
2025-11-30T06:00:00.0000000+01:00,,0.0,0.0,
2025-11-30T06:15:00.0000000+01:00,,0.0,0.0,
2025-11-30T06:30:00.0000000+01:00,,0.0,0.0,
2025-11-30T06:45:00.0000000+01:00,,0.0,0.0,
2025-11-30T07:00:00.0000000+01:00,,0.0,0.0,
2025-11-30T07:15:00.0000000+01:00,,0.0,1.0,
2025-11-30T07:30:00.0000000+01:00,,0.0,3.3333,6.25
2025-11-30T07:45:00.0000000+01:00,,0.0,4.6667,12.5
2025-11-30T08:00:00.0000000+01:00,,0.0,7.0,
2025-11-30T08:15:00.0000000+01:00,,0.0049,14.3333,76.875
2025-11-30T08:30:00.0000000+01:00,,0.0138,11.0,94.7917
2025-11-30T08:45:00.0000000+01:00,,0.0259,10.0,
2025-11-30T09:00:00.0000000+01:00,,0.034,21.3333,
2025-11-30T09:15:00.0000000+01:00,,0.0463,36.3333,
2025-11-30T09:30:00.0000000+01:00,,0.0496,28.6667,
2025-11-30T09:45:00.0000000+01:00,,0.0687,33.3333,
2025-11-30T10:00:00.0000000+01:00,,0.0665,28.3333,
2025-11-30T10:15:00.0000000+01:00,,0.0678,9.0,
2025-11-30T10:30:00.0000000+01:00,,0.0862,32.3333,
2025-11-30T10:45:00.0000000+01:00,,0.0909,42.6667,
2025-11-30T11:00:00.0000000+01:00,,0.085,30.6667,
2025-11-30T11:15:00.0000000+01:00,,0.0989,25.3333,
2025-11-30T11:30:00.0000000+01:00,,0.0521,35.3333,
2025-11-30T11:45:00.0000000+01:00,,0.0422,29.6667,
2025-11-30T12:00:00.0000000+01:00,,0.0396,24.0,
2025-11-30T12:15:00.0000000+01:00,,0.0446,25.6667,
2025-11-30T12:30:00.0000000+01:00,,0.0513,35.3333,
2025-11-30T12:45:00.0000000+01:00,,0.0507,30.0,
2025-11-30T13:00:00.0000000+01:00,,0.0563,32.0,
2025-11-30T13:15:00.0000000+01:00,,0.0616,21.0,
2025-11-30T13:30:00.0000000+01:00,,0.0478,10.6667,
2025-11-30T13:45:00.0000000+01:00,,0.0346,7.6667,
2025-11-30T14:00:00.0000000+01:00,,0.0233,3.0,
2025-11-30T14:15:00.0000000+01:00,,0.0195,1.0,
2025-11-30T14:30:00.0000000+01:00,,0.0229,0.0,
2025-11-30T14:45:00.0000000+01:00,,0.0408,0.0,
2025-11-30T15:00:00.0000000+01:00,,0.0158,0.0,96.875
2025-11-30T15:15:00.0000000+01:00,,0.0051,0.0,83.0357
2025-11-30T15:30:00.0000000+01:00,,0.0022,0.0,56.25
2025-11-30T15:45:00.0000000+01:00,,0.0012,0.0,35.4167
2025-11-30T16:00:00.0000000+01:00,,0.0009,0.0,18.75
2025-11-30T16:15:00.0000000+01:00,,0.0,0.0,
2025-11-30T16:30:00.0000000+01:00,,0.0,0.0,
2025-11-30T16:45:00.0000000+01:00,,0.0,0.0,
2025-11-30T17:00:00.0000000+01:00,,0.0,0.0,
2025-11-30T17:15:00.0000000+01:00,,0.0,0.0,
2025-11-30T17:30:00.0000000+01:00,,0.0,0.0,
2025-11-30T17:45:00.0000000+01:00,,0.0,0.0,3.125
2025-11-30T18:00:00.0000000+01:00,,0.0,0.0,
2025-11-30T18:15:00.0000000+01:00,,0.0,0.0,
2025-11-30T18:30:00.0000000+01:00,,0.0,0.0,
2025-11-30T18:45:00.0000000+01:00,,0.0,0.0,
2025-11-30T19:00:00.0000000+01:00,,0.0,0.0,
2025-11-30T19:15:00.0000000+01:00,,0.0,0.0,
2025-11-30T19:30:00.0000000+01:00,,0.0,0.0,
2025-11-30T19:45:00.0000000+01:00,,0.0,0.0,
2025-11-30T20:00:00.0000000+01:00,,0.0,0.0,
2025-11-30T20:15:00.0000000+01:00,,0.0,0.0,
2025-11-30T20:30:00.0000000+01:00,,0.0,0.0,
2025-11-30T20:45:00.0000000+01:00,,0.0,0.0,
2025-11-30T21:00:00.0000000+01:00,,0.0,0.0,
2025-11-30T21:15:00.0000000+01:00,,0.0,0.0,
2025-11-30T21:30:00.0000000+01:00,,0.0,0.0,
2025-11-30T21:45:00.0000000+01:00,,0.0,0.0,
2025-11-30T22:00:00.0000000+01:00,,0.0,0.0,
2025-11-30T22:15:00.0000000+01:00,,0.0,0.0,
2025-11-30T22:30:00.0000000+01:00,,0.0,0.0,
2025-11-30T22:45:00.0000000+01:00,,0.0,0.0,
2025-11-30T23:00:00.0000000+01:00,,0.0,0.0,
2025-11-30T23:15:00.0000000+01:00,,0.0,0.0,
2025-11-30T23:30:00.0000000+01:00,,0.0,0.0,
2025-11-30T23:45:00.0000000+01:00,,0.0,0.0,
2025-12-01T00:00:00.0000000+01:00,,0.0,0.0,
2025-12-01T00:15:00.0000000+01:00,,0.0,0.0,
2025-12-01T00:30:00.0000000+01:00,,0.0,0.0,
2025-12-01T00:45:00.0000000+01:00,,0.0,0.0,
2025-12-01T01:00:00.0000000+01:00,,0.0,0.0,
2025-12-01T01:15:00.0000000+01:00,,0.0,0.0,
2025-12-01T01:30:00.0000000+01:00,,0.0,0.0,
2025-12-01T01:45:00.0000000+01:00,,0.0,0.0,
2025-12-01T02:00:00.0000000+01:00,,0.0,0.0,
2025-12-01T02:15:00.0000000+01:00,,0.0,0.0,
2025-12-01T02:30:00.0000000+01:00,,0.0,0.0,
2025-12-01T02:45:00.0000000+01:00,,0.0,0.0,
2025-12-01T03:00:00.0000000+01:00,,0.0,0.0,
2025-12-01T03:15:00.0000000+01:00,,0.0,0.0,
2025-12-01T03:30:00.0000000+01:00,,0.0,0.0,
2025-12-01T03:45:00.0000000+01:00,,0.0,0.0,
2025-12-01T04:00:00.0000000+01:00,,0.0,0.0,
2025-12-01T04:15:00.0000000+01:00,,0.0,0.0,
2025-12-01T04:30:00.0000000+01:00,,0.0,0.0,
2025-12-01T04:45:00.0000000+01:00,,0.0,0.0,
2025-12-01T05:00:00.0000000+01:00,,0.0,0.0,
2025-12-01T05:15:00.0000000+01:00,,0.0,0.0,
2025-12-01T05:30:00.0000000+01:00,,0.0,0.0,
2025-12-01T05:45:00.0000000+01:00,,0.0,0.0,
2025-12-01T06:00:00.0000000+01:00,,0.0,0.0,
2025-12-01T06:15:00.0000000+01:00,,0.0,0.0,
2025-12-01T06:30:00.0000000+01:00,,0.0,0.0,
2025-12-01T06:45:00.0000000+01:00,,0.0,0.0,
2025-12-01T07:00:00.0000000+01:00,,0.0,0.0,
2025-12-01T07:15:00.0000000+01:00,,0.0,1.6667,6.25
2025-12-01T07:30:00.0000000+01:00,,0.0,10.3333,12.5
2025-12-01T07:45:00.0000000+01:00,,0.0057,24.3333,64.5833
2025-12-01T08:00:00.0000000+01:00,,0.0295,80.0,
2025-12-01T08:15:00.0000000+01:00,,0.0712,138.3333,
2025-12-01T08:30:00.0000000+01:00,,0.1195,178.3333,
2025-12-01T08:45:00.0000000+01:00,,0.1926,216.6667,
2025-12-01T09:00:00.0000000+01:00,,0.2868,252.6667,
2025-12-01T09:15:00.0000000+01:00,,0.3921,285.6667,
2025-12-01T09:30:00.0000000+01:00,,0.5251,315.0,
2025-12-01T09:45:00.0000000+01:00,0.7301,,,
2025-12-01T10:00:00.0000000+01:00,0.7797,,,
2025-12-01T10:15:00.0000000+01:00,0.9075,,,
2025-12-01T10:30:00.0000000+01:00,1.1078,,,
2025-12-01T10:45:00.0000000+01:00,1.1775,,,
2025-12-01T11:00:00.0000000+01:00,0.8883,,,
2025-12-01T11:15:00.0000000+01:00,0.4892,,,
2025-12-01T11:30:00.0000000+01:00,0.5142,,,
2025-12-01T11:45:00.0000000+01:00,0.5451,,,
2025-12-01T12:00:00.0000000+01:00,0.4673,,,
2025-12-01T12:15:00.0000000+01:00,0.4496,,,
2025-12-01T12:30:00.0000000+01:00,0.4963,,,
2025-12-01T12:45:00.0000000+01:00,0.3394,,,
2025-12-01T13:00:00.0000000+01:00,0.4099,,,
2025-12-01T13:15:00.0000000+01:00,0.7039,,,
2025-12-01T13:30:00.0000000+01:00,0.5843,,,
2025-12-01T13:45:00.0000000+01:00,0.5963,,,
2025-12-01T14:00:00.0000000+01:00,0.6848,,,
2025-12-01T14:15:00.0000000+01:00,0.3366,,,
2025-12-01T14:30:00.0000000+01:00,0.1935,,,
2025-12-01T14:45:00.0000000+01:00,0.0943,,,
2025-12-01T15:00:00.0000000+01:00,0.0453,,,
2025-12-01T15:15:00.0000000+01:00,0.0183,,,
2025-12-01T15:30:00.0000000+01:00,0.0027,,,
2025-12-01T15:45:00.0000000+01:00,-0.0087,,,
2025-12-01T16:00:00.0000000+01:00,,0.0013,0.0,28.125
2025-12-01T16:15:00.0000000+01:00,,0.0,0.0,6.25
2025-12-01T16:30:00.0000000+01:00,,0.0,0.0,
2025-12-01T16:45:00.0000000+01:00,,0.0,0.0,
2025-12-01T17:00:00.0000000+01:00,,0.0,0.0,
2025-12-01T17:15:00.0000000+01:00,,0.0,0.0,
2025-12-01T17:30:00.0000000+01:00,,0.0,0.0,
2025-12-01T17:45:00.0000000+01:00,,0.0,0.0,0.0
2025-12-01T18:00:00.0000000+01:00,,0.0,0.0,
2025-12-01T18:15:00.0000000+01:00,,0.0,0.0,
2025-12-01T18:30:00.0000000+01:00,,0.0,0.0,
2025-12-01T18:45:00.0000000+01:00,,0.0,0.0,
2025-12-01T19:00:00.0000000+01:00,,0.0,0.0,
2025-12-01T19:15:00.0000000+01:00,,0.0,0.0,
2025-12-01T19:30:00.0000000+01:00,,0.0,0.0,
2025-12-01T19:45:00.0000000+01:00,,0.0,0.0,
2025-12-01T20:00:00.0000000+01:00,,0.0,0.0,
2025-12-01T20:15:00.0000000+01:00,,0.0,0.0,
2025-12-01T20:30:00.0000000+01:00,,0.0,0.0,
2025-12-01T20:45:00.0000000+01:00,,0.0,0.0,
2025-12-01T21:00:00.0000000+01:00,,0.0,0.0,
2025-12-01T21:15:00.0000000+01:00,,0.0,0.0,
2025-12-01T21:30:00.0000000+01:00,,0.0,0.0,
2025-12-01T21:45:00.0000000+01:00,,0.0,0.0,
2025-12-01T22:00:00.0000000+01:00,,0.0,0.0,
2025-12-01T22:15:00.0000000+01:00,,0.0,0.0,
2025-12-01T22:30:00.0000000+01:00,,0.0,0.0,
2025-12-01T22:45:00.0000000+01:00,,0.0,0.0,
2025-12-01T23:00:00.0000000+01:00,,0.0,0.0,
2025-12-01T23:15:00.0000000+01:00,,0.0,0.0,
2025-12-01T23:30:00.0000000+01:00,,0.0,0.0,
2025-12-01T23:45:00.0000000+01:00,,0.0,0.0,
2025-12-02T00:00:00.0000000+01:00,,0.0,0.0,
2025-12-02T00:15:00.0000000+01:00,,0.0,0.0,
2025-12-02T00:30:00.0000000+01:00,,0.0,0.0,
2025-12-02T00:45:00.0000000+01:00,,0.0,0.0,
2025-12-02T01:00:00.0000000+01:00,,0.0,0.0,
2025-12-02T01:15:00.0000000+01:00,,0.0,0.0,
2025-12-02T01:30:00.0000000+01:00,,0.0,0.0,
2025-12-02T01:45:00.0000000+01:00,,0.0,0.0,
2025-12-02T02:00:00.0000000+01:00,,0.0,0.0,
2025-12-02T02:15:00.0000000+01:00,,0.0,0.0,
2025-12-02T02:30:00.0000000+01:00,,0.0,0.0,
2025-12-02T02:45:00.0000000+01:00,,0.0,0.0,
2025-12-02T03:00:00.0000000+01:00,,0.0,0.0,
2025-12-02T03:15:00.0000000+01:00,,0.0,0.0,
2025-12-02T03:30:00.0000000+01:00,,0.0,0.0,
2025-12-02T03:45:00.0000000+01:00,,0.0,0.0,
2025-12-02T04:00:00.0000000+01:00,,0.0,0.0,
2025-12-02T04:15:00.0000000+01:00,,0.0,0.0,
2025-12-02T04:30:00.0000000+01:00,,0.0,0.0,
2025-12-02T04:45:00.0000000+01:00,,0.0,0.0,
2025-12-02T05:00:00.0000000+01:00,,0.0,0.0,
2025-12-02T05:15:00.0000000+01:00,,0.0,0.0,
2025-12-02T05:30:00.0000000+01:00,,0.0,0.0,
2025-12-02T05:45:00.0000000+01:00,,0.0,0.0,
2025-12-02T06:00:00.0000000+01:00,,0.0,0.0,
2025-12-02T06:15:00.0000000+01:00,,0.0,0.0,
2025-12-02T06:30:00.0000000+01:00,,0.0,0.0,
2025-12-02T06:45:00.0000000+01:00,,0.0,0.0,
2025-12-02T07:00:00.0000000+01:00,,0.0,0.0,
2025-12-02T07:15:00.0000000+01:00,,0.0,1.0,6.25
2025-12-02T07:30:00.0000000+01:00,,0.0,10.3333,
2025-12-02T07:45:00.0000000+01:00,0.0022,,,
2025-12-02T08:00:00.0000000+01:00,0.0183,,,
2025-12-02T08:15:00.0000000+01:00,0.0682,,,
2025-12-02T08:30:00.0000000+01:00,0.145,,,
2025-12-02T08:45:00.0000000+01:00,0.2792,,,
2025-12-02T09:00:00.0000000+01:00,0.2703,,,
2025-12-02T09:15:00.0000000+01:00,0.3225,,,
2025-12-02T09:30:00.0000000+01:00,0.5239,,,
2025-12-02T09:45:00.0000000+01:00,0.5684,,,
2025-12-02T10:00:00.0000000+01:00,0.5339,,,
2025-12-02T10:15:00.0000000+01:00,0.8195,,,
2025-12-02T10:30:00.0000000+01:00,0.8472,,,
2025-12-02T10:45:00.0000000+01:00,0.9148,,,
2025-12-02T11:00:00.0000000+01:00,0.6682,,,
2025-12-02T11:15:00.0000000+01:00,1.4015,,,
2025-12-02T11:30:00.0000000+01:00,1.1966,,,
2025-12-02T11:45:00.0000000+01:00,0.9332,,,
2025-12-02T12:00:00.0000000+01:00,1.3074,,,
2025-12-02T12:15:00.0000000+01:00,1.3587,,,
2025-12-02T12:30:00.0000000+01:00,1.2601,,,
2025-12-02T12:45:00.0000000+01:00,0.7732,,,
2025-12-02T13:00:00.0000000+01:00,0.641,,,
2025-12-02T13:15:00.0000000+01:00,0.8397,,,
2025-12-02T13:30:00.0000000+01:00,1.0092,,,
2025-12-02T13:45:00.0000000+01:00,0.4672,,,
2025-12-02T14:00:00.0000000+01:00,0.3093,,,
2025-12-02T14:15:00.0000000+01:00,0.2484,,,
2025-12-02T14:30:00.0000000+01:00,0.1954,,,
2025-12-02T14:45:00.0000000+01:00,0.1146,,,
2025-12-02T15:00:00.0000000+01:00,0.0388,,,
2025-12-02T15:15:00.0000000+01:00,0.0062,,,
2025-12-02T15:30:00.0000000+01:00,-0.0042,,,
2025-12-02T15:45:00.0000000+01:00,,0.0017,0.0,43.75
2025-12-02T16:00:00.0000000+01:00,,0.0003,0.0,9.375
2025-12-02T16:15:00.0000000+01:00,,0.0,0.0,
2025-12-02T16:30:00.0000000+01:00,,0.0,0.0,
2025-12-02T16:45:00.0000000+01:00,,0.0,0.0,
2025-12-02T17:00:00.0000000+01:00,,0.0,0.0,
2025-12-02T17:15:00.0000000+01:00,,0.0,0.0,
2025-12-02T17:30:00.0000000+01:00,,0.0,0.0,
2025-12-02T17:45:00.0000000+01:00,,0.0,0.0,0.0
2025-12-02T18:00:00.0000000+01:00,,0.0,0.0,
2025-12-02T18:15:00.0000000+01:00,,0.0,0.0,
2025-12-02T18:30:00.0000000+01:00,,0.0,0.0,
2025-12-02T18:45:00.0000000+01:00,,0.0,0.0,
2025-12-02T19:00:00.0000000+01:00,,0.0,0.0,
2025-12-02T19:15:00.0000000+01:00,,0.0,0.0,
2025-12-02T19:30:00.0000000+01:00,,0.0,0.0,
2025-12-02T19:45:00.0000000+01:00,,0.0,0.0,
2025-12-02T20:00:00.0000000+01:00,,0.0,0.0,
2025-12-02T20:15:00.0000000+01:00,,0.0,0.0,
2025-12-02T20:30:00.0000000+01:00,,0.0,0.0,
2025-12-02T20:45:00.0000000+01:00,,0.0,0.0,
2025-12-02T21:00:00.0000000+01:00,,0.0,0.0,
2025-12-02T21:15:00.0000000+01:00,,0.0,0.0,
2025-12-02T21:30:00.0000000+01:00,,0.0,0.0,
2025-12-02T21:45:00.0000000+01:00,,0.0,0.0,
2025-12-02T22:00:00.0000000+01:00,,0.0,0.0,
2025-12-02T22:15:00.0000000+01:00,,0.0,0.0,
2025-12-02T22:30:00.0000000+01:00,,0.0,0.0,
2025-12-02T22:45:00.0000000+01:00,,0.0,0.0,
2025-12-02T23:00:00.0000000+01:00,,0.0,0.0,
2025-12-02T23:15:00.0000000+01:00,,0.0,0.0,
2025-12-02T23:30:00.0000000+01:00,,0.0,0.0,
2025-12-02T23:45:00.0000000+01:00,,0.0,0.0,
2025-12-03T08:30:00.0000000+01:00,0.0166,,,
2025-12-03T08:45:00.0000000+01:00,0.0373,,,
2025-12-03T09:00:00.0000000+01:00,0.0587,,,
2025-12-03T09:15:00.0000000+01:00,0.0546,,,
2025-12-03T09:30:00.0000000+01:00,0.0387,,,
2025-12-03T09:45:00.0000000+01:00,0.0272,,,
2025-12-03T10:00:00.0000000+01:00,0.0161,,,
2025-12-03T10:30:00.0000000+01:00,0.0319,,,
2025-12-03T10:45:00.0000000+01:00,0.0255,,,
2025-12-03T11:00:00.0000000+01:00,0.0432,,,
2025-12-03T11:15:00.0000000+01:00,0.0383,,,
2025-12-03T11:30:00.0000000+01:00,0.0526,,,
2025-12-03T12:00:00.0000000+01:00,0.0383,,,
2025-12-03T13:00:00.0000000+01:00,0.0228,,,
2025-12-03T13:45:00.0000000+01:00,0.0076,,,
2025-12-03T14:45:00.0000000+01:00,-0.0025,,,
2025-12-04T08:15:00.0000000+01:00,0.0082,,,
2025-12-04T08:30:00.0000000+01:00,0.0183,,,
2025-12-04T08:45:00.0000000+01:00,0.0284,,,
2025-12-04T09:30:00.0000000+01:00,0.0278,,,
2025-12-04T09:45:00.0000000+01:00,0.0848,,,
2025-12-04T10:00:00.0000000+01:00,0.0908,,,
2025-12-04T10:15:00.0000000+01:00,0.1191,,,
2025-12-04T10:30:00.0000000+01:00,0.1331,,,
2025-12-04T10:45:00.0000000+01:00,0.1336,,,
2025-12-04T11:00:00.0000000+01:00,0.1704,,,
2025-12-04T11:15:00.0000000+01:00,0.1906,,,
2025-12-04T11:30:00.0000000+01:00,0.1014,,,
2025-12-04T11:45:00.0000000+01:00,0.0983,,,
2025-12-04T12:00:00.0000000+01:00,0.0633,,,
2025-12-04T12:15:00.0000000+01:00,0.066,,,
2025-12-04T12:30:00.0000000+01:00,0.0797,,,
2025-12-04T12:45:00.0000000+01:00,0.0285,,,
2025-12-04T13:00:00.0000000+01:00,0.0379,,,
2025-12-04T13:15:00.0000000+01:00,0.0268,,,
2025-12-04T13:30:00.0000000+01:00,0.0351,,,
2025-12-04T13:45:00.0000000+01:00,0.0404,,,
2025-12-04T14:00:00.0000000+01:00,0.0226,,,
2025-12-04T14:15:00.0000000+01:00,0.0125,,,
2025-12-04T14:45:00.0000000+01:00,0.0024,,,
2025-12-04T15:15:00.0000000+01:00,-0.0076,,,
2025-12-05T08:30:00.0000000+01:00,0.008,,,
2025-12-05T08:45:00.0000000+01:00,0.0287,,,
2025-12-05T09:00:00.0000000+01:00,0.0554,,,
2025-12-05T09:15:00.0000000+01:00,0.1001,,,
2025-12-05T09:30:00.0000000+01:00,0.1437,,,
2025-12-05T09:45:00.0000000+01:00,0.1156,,,
2025-12-05T10:00:00.0000000+01:00,0.0936,,,
2025-12-05T10:15:00.0000000+01:00,0.0769,,,
2025-12-05T10:30:00.0000000+01:00,0.1123,,,
2025-12-05T10:45:00.0000000+01:00,0.1725,,,
2025-12-05T11:00:00.0000000+01:00,0.2636,,,
2025-12-05T11:15:00.0000000+01:00,0.3432,,,
2025-12-05T11:30:00.0000000+01:00,0.3994,,,
2025-12-05T11:45:00.0000000+01:00,0.5033,,,
2025-12-05T12:00:00.0000000+01:00,0.5275,,,
2025-12-05T12:15:00.0000000+01:00,0.6083,,,
2025-12-05T12:30:00.0000000+01:00,0.2558,,,
2025-12-05T12:45:00.0000000+01:00,0.2643,,,
2025-12-05T13:00:00.0000000+01:00,0.2266,,,
2025-12-05T13:15:00.0000000+01:00,0.2579,,,
2025-12-05T13:30:00.0000000+01:00,0.2143,,,
2025-12-05T13:45:00.0000000+01:00,0.1167,,,
2025-12-05T14:00:00.0000000+01:00,0.0692,,,
2025-12-05T14:15:00.0000000+01:00,0.074,,,
2025-12-05T14:30:00.0000000+01:00,0.0542,,,
2025-12-05T14:45:00.0000000+01:00,0.0172,,,
2025-12-05T15:00:00.0000000+01:00,0.0006,,,
2025-12-05T16:15:00.0000000+01:00,-0.0036,,,
2025-12-06T08:15:00.0000000+01:00,0.0071,,,
2025-12-06T08:30:00.0000000+01:00,0.0234,,,
2025-12-06T08:45:00.0000000+01:00,0.0397,,,
2025-12-06T09:00:00.0000000+01:00,0.0291,,,
2025-12-06T09:15:00.0000000+01:00,0.0572,,,
2025-12-06T09:30:00.0000000+01:00,0.0774,,,
2025-12-06T09:45:00.0000000+01:00,0.1064,,,
2025-12-06T10:00:00.0000000+01:00,0.116,,,
2025-12-06T10:15:00.0000000+01:00,0.1043,,,
2025-12-06T10:30:00.0000000+01:00,0.1334,,,
2025-12-06T10:45:00.0000000+01:00,0.2367,,,
2025-12-06T11:00:00.0000000+01:00,0.2575,,,
2025-12-06T11:15:00.0000000+01:00,0.2266,,,
2025-12-06T11:30:00.0000000+01:00,0.2101,,,
2025-12-06T11:45:00.0000000+01:00,0.1648,,,
2025-12-06T12:00:00.0000000+01:00,0.1829,,,
2025-12-06T12:15:00.0000000+01:00,0.177,,,
2025-12-06T12:30:00.0000000+01:00,0.3199,,,
2025-12-06T12:45:00.0000000+01:00,0.2523,,,
2025-12-06T13:00:00.0000000+01:00,0.1196,,,
2025-12-06T13:15:00.0000000+01:00,0.1993,,,
2025-12-06T13:30:00.0000000+01:00,0.1459,,,
2025-12-06T13:45:00.0000000+01:00,0.0592,,,
2025-12-06T14:00:00.0000000+01:00,0.0306,,,
2025-12-06T14:15:00.0000000+01:00,0.0097,,,
2025-12-06T14:45:00.0000000+01:00,-0.0055,,,
2025-12-07T08:30:00.0000000+01:00,0.0049,,,
2025-12-07T09:00:00.0000000+01:00,0.0155,,,
2025-12-07T09:15:00.0000000+01:00,0.021,,,
2025-12-07T09:30:00.0000000+01:00,0.0436,,,
2025-12-07T09:45:00.0000000+01:00,0.1157,,,
2025-12-07T10:00:00.0000000+01:00,0.2133,,,
2025-12-07T10:15:00.0000000+01:00,0.2595,,,
2025-12-07T10:30:00.0000000+01:00,0.3024,,,
2025-12-07T10:45:00.0000000+01:00,0.3335,,,
2025-12-07T11:00:00.0000000+01:00,0.3572,,,
2025-12-07T11:15:00.0000000+01:00,0.4074,,,
2025-12-07T11:30:00.0000000+01:00,0.2872,,,
2025-12-07T11:45:00.0000000+01:00,0.2021,,,
2025-12-07T12:00:00.0000000+01:00,0.1245,,,
2025-12-07T12:15:00.0000000+01:00,0.0858,,,
2025-12-07T12:30:00.0000000+01:00,0.1367,,,
2025-12-07T12:45:00.0000000+01:00,0.1755,,,
2025-12-07T13:00:00.0000000+01:00,0.233,,,
2025-12-07T13:15:00.0000000+01:00,0.3468,,,
2025-12-07T13:30:00.0000000+01:00,0.3853,,,
2025-12-07T13:45:00.0000000+01:00,0.1934,,,
2025-12-07T14:00:00.0000000+01:00,0.0711,,,
2025-12-07T14:15:00.0000000+01:00,0.0534,,,
2025-12-07T14:30:00.0000000+01:00,0.0405,,,
2025-12-07T14:45:00.0000000+01:00,0.026,,,
2025-12-07T15:15:00.0000000+01:00,-0.0006,,,
2025-12-08T08:45:00.0000000+01:00,0.0116,,,
2025-12-08T09:00:00.0000000+01:00,0.0296,,,
2025-12-08T09:15:00.0000000+01:00,0.0551,,,
2025-12-08T09:30:00.0000000+01:00,0.0558,,,
2025-12-08T09:45:00.0000000+01:00,0.0796,,,
2025-12-08T10:00:00.0000000+01:00,0.1606,,,
2025-12-08T10:15:00.0000000+01:00,0.2872,,,
2025-12-08T10:30:00.0000000+01:00,0.3244,,,
2025-12-08T10:45:00.0000000+01:00,0.3823,,,
2025-12-08T11:00:00.0000000+01:00,0.2818,,,
2025-12-08T11:15:00.0000000+01:00,0.197,,,
2025-12-08T11:30:00.0000000+01:00,0.1292,,,
2025-12-08T11:45:00.0000000+01:00,0.1199,,,
2025-12-08T12:00:00.0000000+01:00,0.1072,,,
2025-12-08T12:15:00.0000000+01:00,0.1422,,,
2025-12-08T12:30:00.0000000+01:00,0.1244,,,
2025-12-08T12:45:00.0000000+01:00,0.2907,,,
2025-12-08T13:00:00.0000000+01:00,0.3554,,,
2025-12-08T13:15:00.0000000+01:00,0.2109,,,
2025-12-08T13:30:00.0000000+01:00,0.1655,,,
2025-12-08T13:45:00.0000000+01:00,0.2463,,,
2025-12-08T14:00:00.0000000+01:00,0.3601,,,
2025-12-08T14:15:00.0000000+01:00,0.148,,,
2025-12-08T14:30:00.0000000+01:00,0.0968,,,
2025-12-08T14:45:00.0000000+01:00,0.0798,,,
2025-12-08T15:00:00.0000000+01:00,0.0324,,,
2025-12-08T15:15:00.0000000+01:00,0.0061,,,
2025-12-09T08:15:00.0000000+01:00,0.0223,,,
2025-12-09T08:30:00.0000000+01:00,0.0602,,,
2025-12-09T08:45:00.0000000+01:00,0.0801,,,
2025-12-09T09:00:00.0000000+01:00,0.0666,,,
2025-12-09T09:15:00.0000000+01:00,0.068,,,
2025-12-09T09:30:00.0000000+01:00,0.0926,,,
2025-12-09T09:45:00.0000000+01:00,0.1188,,,
2025-12-09T10:00:00.0000000+01:00,0.1294,,,
2025-12-09T10:15:00.0000000+01:00,0.1661,,,
2025-12-09T10:30:00.0000000+01:00,0.2028,,,
2025-12-09T10:45:00.0000000+01:00,0.382,,,
2025-12-09T11:00:00.0000000+01:00,0.9322,,,
2025-12-09T11:15:00.0000000+01:00,1.2498,,,
2025-12-09T11:30:00.0000000+01:00,1.0645,,,
2025-12-09T11:45:00.0000000+01:00,0.5605,,,
2025-12-09T12:00:00.0000000+01:00,0.789,,,
2025-12-09T12:15:00.0000000+01:00,0.956,,,
2025-12-09T12:30:00.0000000+01:00,0.8188,,,
2025-12-09T12:45:00.0000000+01:00,0.3088,,,
2025-12-09T13:00:00.0000000+01:00,0.1481,,,
2025-12-09T13:15:00.0000000+01:00,0.1436,,,
2025-12-09T13:30:00.0000000+01:00,0.3168,,,
2025-12-09T13:45:00.0000000+01:00,0.2814,,,
2025-12-09T14:00:00.0000000+01:00,0.1574,,,
2025-12-09T14:15:00.0000000+01:00,0.1076,,,
2025-12-09T14:30:00.0000000+01:00,0.0612,,,
2025-12-09T14:45:00.0000000+01:00,0.0382,,,
2025-12-09T15:00:00.0000000+01:00,0.0227,,,
2025-12-09T15:15:00.0000000+01:00,0.0072,,,
2025-12-09T15:30:00.0000000+01:00,-0.0031,,,
2025-12-10T08:45:00.0000000+01:00,0.0074,,,
2025-12-10T09:00:00.0000000+01:00,0.0176,,,
2025-12-10T09:30:00.0000000+01:00,0.0543,,,
2025-12-10T09:45:00.0000000+01:00,0.1377,,,
2025-12-10T10:00:00.0000000+01:00,0.1626,,,
2025-12-10T10:15:00.0000000+01:00,0.1522,,,
2025-12-10T10:30:00.0000000+01:00,0.0972,,,
2025-12-10T10:45:00.0000000+01:00,0.1931,,,
2025-12-10T11:00:00.0000000+01:00,0.2995,,,
2025-12-10T11:15:00.0000000+01:00,0.5364,,,
2025-12-10T11:30:00.0000000+01:00,0.4968,,,
2025-12-10T11:45:00.0000000+01:00,0.3167,,,
2025-12-10T12:00:00.0000000+01:00,0.4705,,,
2025-12-10T12:15:00.0000000+01:00,0.3365,,,
2025-12-10T12:30:00.0000000+01:00,0.3246,,,
2025-12-10T12:45:00.0000000+01:00,0.3985,,,
2025-12-10T13:00:00.0000000+01:00,0.3255,,,
2025-12-10T13:15:00.0000000+01:00,0.2445,,,
2025-12-10T13:30:00.0000000+01:00,0.2737,,,
2025-12-10T13:45:00.0000000+01:00,0.2387,,,
2025-12-10T14:00:00.0000000+01:00,0.2155,,,
2025-12-10T14:15:00.0000000+01:00,0.1665,,,
2025-12-10T14:30:00.0000000+01:00,0.1221,,,
2025-12-10T14:45:00.0000000+01:00,0.086,,,
2025-12-10T15:00:00.0000000+01:00,0.0451,,,
2025-12-10T15:15:00.0000000+01:00,0.0103,,,
2025-12-10T15:30:00.0000000+01:00,-0.0051,,,
2025-12-11T08:00:00.0000000+01:00,0.0074,,,
2025-12-11T08:30:00.0000000+01:00,0.0181,,,
2025-12-11T08:45:00.0000000+01:00,0.029,,,
2025-12-11T09:00:00.0000000+01:00,0.0557,,,
2025-12-11T09:15:00.0000000+01:00,0.1208,,,
2025-12-11T09:30:00.0000000+01:00,0.208,,,
2025-12-11T09:45:00.0000000+01:00,0.143,,,
2025-12-11T10:00:00.0000000+01:00,0.0865,,,
2025-12-11T10:15:00.0000000+01:00,0.1397,,,
2025-12-11T10:30:00.0000000+01:00,0.1351,,,
2025-12-11T10:45:00.0000000+01:00,0.1135,,,
2025-12-11T11:00:00.0000000+01:00,0.1079,,,
2025-12-11T11:15:00.0000000+01:00,0.2322,,,
2025-12-11T11:30:00.0000000+01:00,0.1955,,,
2025-12-11T11:45:00.0000000+01:00,0.1159,,,
2025-12-11T12:00:00.0000000+01:00,0.0986,,,
2025-12-11T12:15:00.0000000+01:00,0.1571,,,
2025-12-11T12:30:00.0000000+01:00,0.1451,,,
2025-12-11T12:45:00.0000000+01:00,0.0696,,,
2025-12-11T13:00:00.0000000+01:00,0.0863,,,
2025-12-11T13:15:00.0000000+01:00,0.0799,,,
2025-12-11T13:30:00.0000000+01:00,0.0845,,,
2025-12-11T13:45:00.0000000+01:00,0.0723,,,
2025-12-11T14:00:00.0000000+01:00,0.074,,,
2025-12-11T14:15:00.0000000+01:00,0.0629,,,
2025-12-11T14:30:00.0000000+01:00,0.024,,,
2025-12-11T14:45:00.0000000+01:00,0.0085,,,
2025-12-11T15:00:00.0000000+01:00,-0.0017,,,
2025-12-12T08:15:00.0000000+01:00,0.0144,,,
2025-12-12T08:30:00.0000000+01:00,0.042,,,
2025-12-12T08:45:00.0000000+01:00,0.0928,,,
2025-12-12T09:00:00.0000000+01:00,0.1643,,,
2025-12-12T09:15:00.0000000+01:00,0.2085,,,
2025-12-12T09:30:00.0000000+01:00,0.1915,,,
2025-12-12T09:45:00.0000000+01:00,0.1897,,,
2025-12-12T10:00:00.0000000+01:00,0.2087,,,
2025-12-12T10:15:00.0000000+01:00,0.2191,,,
2025-12-12T10:30:00.0000000+01:00,0.2645,,,
2025-12-12T10:45:00.0000000+01:00,0.2925,,,
2025-12-12T11:00:00.0000000+01:00,0.3367,,,
2025-12-12T11:15:00.0000000+01:00,0.3002,,,
2025-12-12T11:30:00.0000000+01:00,0.2166,,,
2025-12-12T11:45:00.0000000+01:00,0.2051,,,
2025-12-12T12:00:00.0000000+01:00,0.2416,,,
2025-12-12T12:15:00.0000000+01:00,0.2436,,,
2025-12-12T12:30:00.0000000+01:00,0.195,,,
2025-12-12T12:45:00.0000000+01:00,0.1814,,,
2025-12-12T13:00:00.0000000+01:00,0.1722,,,
2025-12-12T13:15:00.0000000+01:00,0.1419,,,
2025-12-12T13:30:00.0000000+01:00,0.1029,,,
2025-12-12T13:45:00.0000000+01:00,0.0755,,,
2025-12-12T14:00:00.0000000+01:00,0.0642,,,
2025-12-12T14:15:00.0000000+01:00,0.0531,,,
2025-12-12T14:30:00.0000000+01:00,0.0381,,,
2025-12-12T14:45:00.0000000+01:00,0.0153,,,
2025-12-12T15:00:00.0000000+01:00,0.0003,,,
2025-12-12T15:15:00.0000000+01:00,-0.0042,,,
2025-12-12T15:30:00.0000000+01:00,-0.0065,,,
2025-12-12T15:45:00.0000000+01:00,-0.0052,,,
2025-12-13T08:30:00.0000000+01:00,0.0056,,,
2025-12-13T08:45:00.0000000+01:00,0.0212,,,
2025-12-13T09:00:00.0000000+01:00,0.0472,,,
2025-12-13T09:15:00.0000000+01:00,0.0628,,,
2025-12-13T09:30:00.0000000+01:00,0.0576,,,
2025-12-13T10:00:00.0000000+01:00,0.0758,,,
2025-12-13T10:15:00.0000000+01:00,0.0606,,,
2025-12-13T10:45:00.0000000+01:00,0.0654,,,
2025-12-13T11:15:00.0000000+01:00,0.0827,,,
2025-12-13T11:30:00.0000000+01:00,0.081,,,
2025-12-13T11:45:00.0000000+01:00,0.057,,,
2025-12-13T12:15:00.0000000+01:00,0.0462,,,
2025-12-13T12:30:00.0000000+01:00,0.0609,,,
2025-12-13T13:00:00.0000000+01:00,0.0527,,,
2025-12-13T13:15:00.0000000+01:00,0.0652,,,
2025-12-13T13:30:00.0000000+01:00,0.0583,,,
2025-12-13T13:45:00.0000000+01:00,0.0526,,,
2025-12-13T14:00:00.0000000+01:00,0.0358,,,
2025-12-13T14:45:00.0000000+01:00,0.0244,,,
2025-12-13T15:00:00.0000000+01:00,0.0142,,,
2025-12-13T15:15:00.0000000+01:00,0.004,,,
2025-12-13T15:30:00.0000000+01:00,-0.0061,,,
2025-12-14T08:30:00.0000000+01:00,0.0205,,,
2025-12-14T08:45:00.0000000+01:00,0.068,,,
2025-12-14T09:00:00.0000000+01:00,0.136,,,
2025-12-14T09:15:00.0000000+01:00,0.1567,,,
2025-12-14T09:30:00.0000000+01:00,0.1717,,,
2025-12-14T09:45:00.0000000+01:00,0.1476,,,
2025-12-14T10:00:00.0000000+01:00,0.2,,,
2025-12-14T10:15:00.0000000+01:00,0.2219,,,
2025-12-14T10:30:00.0000000+01:00,0.2182,,,
2025-12-14T10:45:00.0000000+01:00,0.1644,,,
2025-12-14T11:00:00.0000000+01:00,0.1378,,,
2025-12-14T11:15:00.0000000+01:00,0.1904,,,
2025-12-14T11:30:00.0000000+01:00,0.1961,,,
2025-12-14T11:45:00.0000000+01:00,0.3689,,,
2025-12-14T12:00:00.0000000+01:00,0.296,,,
2025-12-14T12:15:00.0000000+01:00,0.4066,,,
2025-12-14T12:30:00.0000000+01:00,0.3026,,,
2025-12-14T12:45:00.0000000+01:00,0.1832,,,
2025-12-14T13:00:00.0000000+01:00,0.1688,,,
2025-12-14T13:15:00.0000000+01:00,0.1184,,,
2025-12-14T13:30:00.0000000+01:00,0.0559,,,
2025-12-14T13:45:00.0000000+01:00,0.042,,,
2025-12-14T14:15:00.0000000+01:00,0.0311,,,
2025-12-14T14:30:00.0000000+01:00,0.0206,,,
2025-12-14T14:45:00.0000000+01:00,0.0103,,,
2025-12-14T15:00:00.0000000+01:00,-0.0003,,,
2025-12-15T08:45:00.0000000+01:00,0.0099,,,
2025-12-15T09:00:00.0000000+01:00,0.0266,,,
2025-12-15T09:15:00.0000000+01:00,0.0509,,,
2025-12-15T09:30:00.0000000+01:00,0.0851,,,
2025-12-15T09:45:00.0000000+01:00,0.1281,,,
2025-12-15T10:00:00.0000000+01:00,0.1061,,,
2025-12-15T10:15:00.0000000+01:00,0.1287,,,
2025-12-15T10:30:00.0000000+01:00,0.1199,,,
2025-12-15T10:45:00.0000000+01:00,0.0895,,,
2025-12-15T11:00:00.0000000+01:00,0.1022,,,
2025-12-15T11:15:00.0000000+01:00,0.1019,,,
2025-12-15T11:30:00.0000000+01:00,0.119,,,
2025-12-15T11:45:00.0000000+01:00,0.1126,,,
2025-12-15T12:00:00.0000000+01:00,0.1299,,,
2025-12-15T12:15:00.0000000+01:00,0.1512,,,
2025-12-15T12:30:00.0000000+01:00,0.1574,,,
2025-12-15T12:45:00.0000000+01:00,0.1441,,,
2025-12-15T13:00:00.0000000+01:00,0.1341,,,
2025-12-15T13:15:00.0000000+01:00,0.1552,,,
2025-12-15T13:30:00.0000000+01:00,0.2039,,,
2025-12-15T13:45:00.0000000+01:00,0.2795,,,
2025-12-15T14:00:00.0000000+01:00,0.1847,,,
2025-12-15T14:15:00.0000000+01:00,0.101,,,
2025-12-15T14:30:00.0000000+01:00,0.0671,,,
2025-12-15T14:45:00.0000000+01:00,0.0333,,,
2025-12-15T15:00:00.0000000+01:00,0.0058,,,
2025-12-15T15:15:00.0000000+01:00,-0.0049,,,
2025-12-16T08:45:00.0000000+01:00,0.0233,,,
2025-12-16T09:00:00.0000000+01:00,0.0554,,,
2025-12-16T09:15:00.0000000+01:00,0.0377,,,
2025-12-16T09:30:00.0000000+01:00,0.0717,,,
2025-12-16T09:45:00.0000000+01:00,0.0728,,,
2025-12-16T10:00:00.0000000+01:00,0.1224,,,
2025-12-16T10:15:00.0000000+01:00,0.1161,,,
2025-12-16T10:30:00.0000000+01:00,0.1134,,,
2025-12-16T10:45:00.0000000+01:00,0.1301,,,
2025-12-16T11:00:00.0000000+01:00,0.1755,,,
2025-12-16T11:15:00.0000000+01:00,0.1639,,,
2025-12-16T11:30:00.0000000+01:00,0.1994,,,
2025-12-16T11:45:00.0000000+01:00,0.2189,,,
2025-12-16T12:00:00.0000000+01:00,0.2071,,,
2025-12-16T12:15:00.0000000+01:00,0.2435,,,
2025-12-16T12:30:00.0000000+01:00,0.2418,,,
2025-12-16T12:45:00.0000000+01:00,0.2126,,,
2025-12-16T13:00:00.0000000+01:00,0.1028,,,
2025-12-16T13:15:00.0000000+01:00,0.1067,,,
2025-12-16T13:30:00.0000000+01:00,0.1818,,,
2025-12-16T13:45:00.0000000+01:00,0.1765,,,
2025-12-16T14:00:00.0000000+01:00,0.1831,,,
2025-12-16T14:15:00.0000000+01:00,0.1871,,,
2025-12-16T14:30:00.0000000+01:00,0.1257,,,
2025-12-16T15:00:00.0000000+01:00,0.0631,,,
2025-12-16T15:15:00.0000000+01:00,0.0138,,,
2025-12-16T15:30:00.0000000+01:00,-0.0066,,,
2025-12-17T08:30:00.0000000+01:00,0.0144,,,
2025-12-17T08:45:00.0000000+01:00,0.0638,,,
2025-12-17T09:00:00.0000000+01:00,0.1166,,,
2025-12-17T09:15:00.0000000+01:00,0.1226,,,
2025-12-17T09:30:00.0000000+01:00,0.1795,,,
2025-12-17T09:45:00.0000000+01:00,0.2882,,,
2025-12-17T10:00:00.0000000+01:00,0.4479,,,
2025-12-17T10:15:00.0000000+01:00,0.574,,,
2025-12-17T10:30:00.0000000+01:00,0.5615,,,
2025-12-17T10:45:00.0000000+01:00,0.9123,,,
2025-12-17T11:00:00.0000000+01:00,0.8498,,,
2025-12-17T11:15:00.0000000+01:00,0.4543,,,
2025-12-17T11:30:00.0000000+01:00,0.5069,,,
2025-12-17T11:45:00.0000000+01:00,0.4362,,,
2025-12-17T12:00:00.0000000+01:00,0.3202,,,
2025-12-17T12:15:00.0000000+01:00,0.2646,,,
2025-12-17T12:30:00.0000000+01:00,0.2147,,,
2025-12-17T12:45:00.0000000+01:00,0.19,,,
2025-12-17T13:00:00.0000000+01:00,0.1898,,,
2025-12-17T13:15:00.0000000+01:00,0.1692,,,
2025-12-17T13:30:00.0000000+01:00,0.1817,,,
2025-12-17T13:45:00.0000000+01:00,0.1557,,,
2025-12-17T14:00:00.0000000+01:00,0.1101,,,
2025-12-17T14:15:00.0000000+01:00,0.0856,,,
2025-12-17T14:30:00.0000000+01:00,0.1031,,,
2025-12-17T14:45:00.0000000+01:00,0.0706,,,
2025-12-17T15:00:00.0000000+01:00,0.0428,,,
2025-12-17T15:15:00.0000000+01:00,0.0164,,,
2025-12-17T15:30:00.0000000+01:00,-0.005,,,
2025-12-18T08:30:00.0000000+01:00,0.0054,,,
2025-12-18T08:45:00.0000000+01:00,0.0156,,,
2025-12-18T09:00:00.0000000+01:00,0.0297,,,
2025-12-18T09:30:00.0000000+01:00,0.0726,,,
2025-12-18T09:45:00.0000000+01:00,0.1612,,,
2025-12-18T10:00:00.0000000+01:00,0.1454,,,
2025-12-18T10:15:00.0000000+01:00,0.1902,,,
2025-12-18T10:30:00.0000000+01:00,0.2673,,,
2025-12-18T10:45:00.0000000+01:00,0.2752,,,
2025-12-18T11:00:00.0000000+01:00,0.265,,,
2025-12-18T11:15:00.0000000+01:00,0.3029,,,
2025-12-18T11:30:00.0000000+01:00,0.3009,,,
2025-12-18T11:45:00.0000000+01:00,0.3882,,,
2025-12-18T12:00:00.0000000+01:00,0.2168,,,
2025-12-18T12:15:00.0000000+01:00,0.2999,,,
2025-12-18T12:30:00.0000000+01:00,0.4108,,,
2025-12-18T12:45:00.0000000+01:00,0.6155,,,
2025-12-18T13:00:00.0000000+01:00,0.4633,,,
2025-12-18T13:15:00.0000000+01:00,0.5022,,,
2025-12-18T13:30:00.0000000+01:00,0.4613,,,
2025-12-18T13:45:00.0000000+01:00,0.2791,,,
2025-12-18T14:00:00.0000000+01:00,0.1756,,,
2025-12-18T14:15:00.0000000+01:00,0.1562,,,
2025-12-18T14:30:00.0000000+01:00,0.167,,,
2025-12-18T14:45:00.0000000+01:00,0.1118,,,
2025-12-18T15:00:00.0000000+01:00,0.0538,,,
2025-12-18T15:15:00.0000000+01:00,0.0134,,,
2025-12-18T15:30:00.0000000+01:00,-0.0017,,,
2025-12-19T08:15:00.0000000+01:00,0.0197,,,
2025-12-19T08:30:00.0000000+01:00,0.0589,,,
2025-12-19T08:45:00.0000000+01:00,0.1108,,,
2025-12-19T09:00:00.0000000+01:00,0.2235,,,
2025-12-19T09:15:00.0000000+01:00,0.22,,,
2025-12-19T09:30:00.0000000+01:00,0.2144,,,
2025-12-19T09:45:00.0000000+01:00,0.1742,,,
2025-12-19T10:00:00.0000000+01:00,0.1006,,,
2025-12-19T10:15:00.0000000+01:00,0.1003,,,
2025-12-19T10:30:00.0000000+01:00,0.1406,,,
2025-12-19T10:45:00.0000000+01:00,0.1036,,,
2025-12-19T11:00:00.0000000+01:00,0.2385,,,
2025-12-19T11:15:00.0000000+01:00,0.2215,,,
2025-12-19T11:30:00.0000000+01:00,0.2578,,,
2025-12-19T11:45:00.0000000+01:00,0.2976,,,
2025-12-19T12:00:00.0000000+01:00,0.3435,,,
2025-12-19T12:15:00.0000000+01:00,0.3466,,,
2025-12-19T12:30:00.0000000+01:00,0.2564,,,
2025-12-19T12:45:00.0000000+01:00,0.2515,,,
2025-12-19T13:00:00.0000000+01:00,0.1799,,,
2025-12-19T13:15:00.0000000+01:00,0.1363,,,
2025-12-19T13:30:00.0000000+01:00,0.1572,,,
2025-12-19T13:45:00.0000000+01:00,0.1666,,,
2025-12-19T14:00:00.0000000+01:00,0.101,,,
2025-12-19T14:15:00.0000000+01:00,0.0675,,,
2025-12-19T14:30:00.0000000+01:00,0.0514,,,
2025-12-19T14:45:00.0000000+01:00,0.0304,,,
2025-12-19T15:00:00.0000000+01:00,0.0091,,,
2025-12-19T15:30:00.0000000+01:00,-0.0064,,,
2025-12-20T08:15:00.0000000+01:00,0.0093,,,
2025-12-20T08:30:00.0000000+01:00,0.0368,,,
2025-12-20T08:45:00.0000000+01:00,0.0867,,,
2025-12-20T09:00:00.0000000+01:00,0.1835,,,
2025-12-20T09:15:00.0000000+01:00,0.3157,,,
2025-12-20T09:30:00.0000000+01:00,0.3995,,,
2025-12-20T09:45:00.0000000+01:00,0.3522,,,
2025-12-20T10:00:00.0000000+01:00,0.3462,,,
2025-12-20T10:15:00.0000000+01:00,0.6512,,,
2025-12-20T10:30:00.0000000+01:00,0.6643,,,
2025-12-20T10:45:00.0000000+01:00,0.4416,,,
2025-12-20T11:00:00.0000000+01:00,0.2658,,,
2025-12-20T11:15:00.0000000+01:00,0.3583,,,
2025-12-20T11:30:00.0000000+01:00,0.6372,,,
2025-12-20T11:45:00.0000000+01:00,0.5631,,,
2025-12-20T12:00:00.0000000+01:00,0.7549,,,
2025-12-20T12:15:00.0000000+01:00,0.9469,,,
2025-12-20T12:30:00.0000000+01:00,1.018,,,
2025-12-20T12:45:00.0000000+01:00,0.9361,,,
2025-12-20T13:00:00.0000000+01:00,0.8867,,,
2025-12-20T13:15:00.0000000+01:00,0.8222,,,
2025-12-20T13:30:00.0000000+01:00,0.7288,,,
2025-12-20T13:45:00.0000000+01:00,0.5932,,,
2025-12-20T14:00:00.0000000+01:00,0.4605,,,
2025-12-20T14:15:00.0000000+01:00,0.3537,,,
2025-12-20T14:30:00.0000000+01:00,0.256,,,
2025-12-20T14:45:00.0000000+01:00,0.1478,,,
2025-12-20T15:00:00.0000000+01:00,0.0576,,,
2025-12-20T15:15:00.0000000+01:00,0.0207,,,
2025-12-20T15:30:00.0000000+01:00,0.0004,,,
2025-12-21T08:30:00.0000000+01:00,0.0109,,,
2025-12-21T08:45:00.0000000+01:00,0.032,,,
2025-12-21T09:00:00.0000000+01:00,0.0636,,,
2025-12-21T09:15:00.0000000+01:00,0.1006,,,
2025-12-21T09:30:00.0000000+01:00,0.1287,,,
2025-12-21T09:45:00.0000000+01:00,0.1629,,,
2025-12-21T10:00:00.0000000+01:00,0.183,,,
2025-12-21T10:15:00.0000000+01:00,0.2267,,,
2025-12-21T10:30:00.0000000+01:00,0.2747,,,
2025-12-21T10:45:00.0000000+01:00,0.315,,,
2025-12-21T11:00:00.0000000+01:00,0.4184,,,
2025-12-21T11:15:00.0000000+01:00,0.4369,,,
2025-12-21T11:30:00.0000000+01:00,0.4496,,,
2025-12-21T11:45:00.0000000+01:00,0.5647,,,
2025-12-21T12:00:00.0000000+01:00,0.58,,,
2025-12-21T12:15:00.0000000+01:00,0.5358,,,
2025-12-21T12:30:00.0000000+01:00,0.4777,,,
2025-12-21T12:45:00.0000000+01:00,0.4188,,,
2025-12-21T13:00:00.0000000+01:00,0.4513,,,
2025-12-21T13:15:00.0000000+01:00,0.4145,,,
2025-12-21T13:30:00.0000000+01:00,0.3919,,,
2025-12-21T13:45:00.0000000+01:00,0.3143,,,
2025-12-21T14:00:00.0000000+01:00,0.2362,,,
2025-12-21T14:15:00.0000000+01:00,0.1697,,,
2025-12-21T14:30:00.0000000+01:00,0.0921,,,
2025-12-21T14:45:00.0000000+01:00,0.0349,,,
2025-12-21T15:00:00.0000000+01:00,0.0141,,,
2025-12-21T15:15:00.0000000+01:00,0.0037,,,
2025-12-21T15:30:00.0000000+01:00,-0.0068,,,
2025-12-22T08:30:00.0000000+01:00,0.0034,,,
2025-12-22T08:45:00.0000000+01:00,0.0186,,,
2025-12-22T09:00:00.0000000+01:00,0.0391,,,
2025-12-22T09:15:00.0000000+01:00,0.0745,,,
2025-12-22T09:30:00.0000000+01:00,0.126,,,
2025-12-22T09:45:00.0000000+01:00,0.1794,,,
2025-12-22T10:00:00.0000000+01:00,0.2451,,,
2025-12-22T10:15:00.0000000+01:00,0.2407,,,
2025-12-22T10:30:00.0000000+01:00,0.2263,,,
2025-12-22T10:45:00.0000000+01:00,0.3051,,,
2025-12-22T11:00:00.0000000+01:00,0.3366,,,
2025-12-22T11:15:00.0000000+01:00,0.3877,,,
2025-12-22T11:30:00.0000000+01:00,0.4385,,,
2025-12-22T11:45:00.0000000+01:00,0.4559,,,
2025-12-22T12:00:00.0000000+01:00,0.3886,,,
2025-12-22T12:15:00.0000000+01:00,0.3939,,,
2025-12-22T12:30:00.0000000+01:00,0.3747,,,
2025-12-22T12:45:00.0000000+01:00,0.3575,,,
2025-12-22T13:00:00.0000000+01:00,0.3027,,,
2025-12-22T13:15:00.0000000+01:00,0.2762,,,
2025-12-22T13:30:00.0000000+01:00,0.2496,,,
2025-12-22T13:45:00.0000000+01:00,0.2037,,,
2025-12-22T14:00:00.0000000+01:00,0.1614,,,
2025-12-22T14:15:00.0000000+01:00,0.1554,,,
2025-12-22T14:30:00.0000000+01:00,0.1077,,,
2025-12-22T14:45:00.0000000+01:00,0.0525,,,
2025-12-22T15:00:00.0000000+01:00,0.0255,,,
2025-12-22T15:15:00.0000000+01:00,0.005,,,
2025-12-22T15:30:00.0000000+01:00,-0.0051,,,
2025-12-23T08:15:00.0000000+01:00,0.0054,,,
2025-12-23T08:30:00.0000000+01:00,0.0219,,,
2025-12-23T08:45:00.0000000+01:00,0.0771,,,
2025-12-23T09:00:00.0000000+01:00,0.1929,,,
2025-12-23T09:15:00.0000000+01:00,0.223,,,
2025-12-23T09:30:00.0000000+01:00,0.2219,,,
2025-12-23T09:45:00.0000000+01:00,0.4257,,,
2025-12-23T10:00:00.0000000+01:00,0.5899,,,
2025-12-23T10:15:00.0000000+01:00,0.7251,,,
2025-12-23T10:30:00.0000000+01:00,0.444,,,
2025-12-23T10:45:00.0000000+01:00,0.1923,,,
2025-12-23T11:00:00.0000000+01:00,0.5264,,,
2025-12-23T11:15:00.0000000+01:00,0.9904,,,
2025-12-23T11:30:00.0000000+01:00,0.8058,,,
2025-12-23T11:45:00.0000000+01:00,0.7837,,,
2025-12-23T12:00:00.0000000+01:00,0.3184,,,
2025-12-23T12:15:00.0000000+01:00,0.3833,,,
2025-12-23T12:30:00.0000000+01:00,0.3998,,,
2025-12-23T12:45:00.0000000+01:00,0.2802,,,
2025-12-23T13:00:00.0000000+01:00,0.2755,,,
2025-12-23T13:15:00.0000000+01:00,0.2417,,,
2025-12-23T13:30:00.0000000+01:00,0.3806,,,
2025-12-23T13:45:00.0000000+01:00,0.421,,,
2025-12-23T14:00:00.0000000+01:00,0.4209,,,
2025-12-23T14:15:00.0000000+01:00,0.3996,,,
2025-12-23T14:30:00.0000000+01:00,0.0889,,,
2025-12-23T14:45:00.0000000+01:00,0.0497,,,
2025-12-23T15:00:00.0000000+01:00,0.045,,,
2025-12-23T15:15:00.0000000+01:00,0.0235,,,
2025-12-23T15:30:00.0000000+01:00,0.0022,,,
2025-12-23T15:45:00.0000000+01:00,-0.0079,,,
2025-12-24T08:15:00.0000000+01:00,0.0026,,,
2025-12-24T08:30:00.0000000+01:00,0.0237,,,
2025-12-24T08:45:00.0000000+01:00,0.0612,,,
2025-12-24T09:00:00.0000000+01:00,0.1716,,,
2025-12-24T09:15:00.0000000+01:00,0.3172,,,
2025-12-24T09:30:00.0000000+01:00,0.278,,,
2025-12-24T09:45:00.0000000+01:00,0.3808,,,
2025-12-24T10:00:00.0000000+01:00,0.5293,,,
2025-12-24T10:15:00.0000000+01:00,0.6641,,,
2025-12-24T10:30:00.0000000+01:00,0.803,,,
2025-12-24T10:45:00.0000000+01:00,0.9011,,,
2025-12-24T11:00:00.0000000+01:00,0.5619,,,
2025-12-24T11:15:00.0000000+01:00,0.9121,,,
2025-12-24T11:30:00.0000000+01:00,1.2772,,,
2025-12-24T11:45:00.0000000+01:00,0.874,,,
2025-12-24T12:00:00.0000000+01:00,0.9308,,,
2025-12-24T12:15:00.0000000+01:00,0.8641,,,
2025-12-24T12:30:00.0000000+01:00,1.1075,,,
2025-12-24T12:45:00.0000000+01:00,1.1657,,,
2025-12-24T13:00:00.0000000+01:00,1.0836,,,
2025-12-24T13:15:00.0000000+01:00,0.9696,,,
2025-12-24T13:30:00.0000000+01:00,0.829,,,
2025-12-24T13:45:00.0000000+01:00,0.6799,,,
2025-12-24T14:00:00.0000000+01:00,0.5315,,,
2025-12-24T14:15:00.0000000+01:00,0.3942,,,
2025-12-24T14:30:00.0000000+01:00,0.2768,,,
2025-12-24T14:45:00.0000000+01:00,0.16,,,
2025-12-24T15:00:00.0000000+01:00,0.0728,,,
2025-12-24T15:15:00.0000000+01:00,0.0353,,,
2025-12-24T15:30:00.0000000+01:00,0.0145,,,
2025-12-24T15:45:00.0000000+01:00,-0.0006,,,
2025-12-25T08:15:00.0000000+01:00,0.0099,,,
2025-12-25T08:30:00.0000000+01:00,0.0204,,,
2025-12-25T08:45:00.0000000+01:00,0.0413,,,
2025-12-25T09:00:00.0000000+01:00,0.0682,,,
2025-12-25T09:15:00.0000000+01:00,0.0959,,,
2025-12-25T09:30:00.0000000+01:00,0.1305,,,
2025-12-25T09:45:00.0000000+01:00,0.1698,,,
2025-12-25T10:00:00.0000000+01:00,0.2007,,,
2025-12-25T10:15:00.0000000+01:00,0.2135,,,
2025-12-25T10:30:00.0000000+01:00,0.2469,,,
2025-12-25T10:45:00.0000000+01:00,0.3126,,,
2025-12-25T11:00:00.0000000+01:00,0.3732,,,
2025-12-25T11:15:00.0000000+01:00,0.4273,,,
2025-12-25T11:30:00.0000000+01:00,0.4082,,,
2025-12-25T11:45:00.0000000+01:00,0.4497,,,
2025-12-25T12:00:00.0000000+01:00,0.4056,,,
2025-12-25T12:15:00.0000000+01:00,0.4123,,,
2025-12-25T12:30:00.0000000+01:00,0.3672,,,
2025-12-25T12:45:00.0000000+01:00,0.3064,,,
2025-12-25T13:00:00.0000000+01:00,0.3501,,,
2025-12-25T13:15:00.0000000+01:00,0.3714,,,
2025-12-25T13:30:00.0000000+01:00,0.3699,,,
2025-12-25T13:45:00.0000000+01:00,0.2807,,,
2025-12-25T14:00:00.0000000+01:00,0.1954,,,
2025-12-25T14:15:00.0000000+01:00,0.1488,,,
2025-12-25T14:30:00.0000000+01:00,0.0983,,,
2025-12-25T14:45:00.0000000+01:00,0.0552,,,
2025-12-25T15:00:00.0000000+01:00,0.0233,,,
2025-12-25T15:15:00.0000000+01:00,0.0025,,,
2025-12-25T15:45:00.0000000+01:00,-0.0076,,,
2025-12-26T08:15:00.0000000+01:00,0.0077,,,
2025-12-26T08:30:00.0000000+01:00,0.0286,,,
2025-12-26T08:45:00.0000000+01:00,0.0566,,,
2025-12-26T09:00:00.0000000+01:00,0.0989,,,
2025-12-26T09:15:00.0000000+01:00,0.1692,,,
2025-12-26T09:30:00.0000000+01:00,0.2628,,,
2025-12-26T09:45:00.0000000+01:00,0.3661,,,
2025-12-26T10:00:00.0000000+01:00,0.5342,,,
2025-12-26T10:15:00.0000000+01:00,0.6109,,,
2025-12-26T10:30:00.0000000+01:00,0.7529,,,
2025-12-26T10:45:00.0000000+01:00,0.8376,,,
2025-12-26T11:00:00.0000000+01:00,0.9754,,,
2025-12-26T11:15:00.0000000+01:00,1.0814,,,
2025-12-26T11:30:00.0000000+01:00,1.1539,,,
2025-12-26T11:45:00.0000000+01:00,1.1995,,,
2025-12-26T12:15:00.0000000+01:00,1.2013,,,
2025-12-26T12:30:00.0000000+01:00,1.1779,,,
2025-12-26T12:45:00.0000000+01:00,1.1318,,,
2025-12-26T13:00:00.0000000+01:00,1.0555,,,
2025-12-26T13:15:00.0000000+01:00,0.9512,,,
2025-12-26T13:30:00.0000000+01:00,0.8127,,,
2025-12-26T13:45:00.0000000+01:00,0.6667,,,
2025-12-26T14:00:00.0000000+01:00,0.5169,,,
2025-12-26T14:15:00.0000000+01:00,0.388,,,
2025-12-26T14:30:00.0000000+01:00,0.2737,,,
2025-12-26T14:45:00.0000000+01:00,0.1645,,,
2025-12-26T15:00:00.0000000+01:00,0.0783,,,
2025-12-26T15:15:00.0000000+01:00,0.0343,,,
2025-12-26T15:30:00.0000000+01:00,0.0081,,,
2025-12-26T16:00:00.0000000+01:00,-0.0072,,,
2025-12-27T08:30:00.0000000+01:00,0.0035,,,
2025-12-27T08:45:00.0000000+01:00,0.0262,,,
2025-12-27T09:00:00.0000000+01:00,0.0698,,,
2025-12-27T09:15:00.0000000+01:00,0.1243,,,
2025-12-27T09:30:00.0000000+01:00,0.1859,,,
2025-12-27T09:45:00.0000000+01:00,0.1877,,,
2025-12-27T10:00:00.0000000+01:00,0.1587,,,
2025-12-27T10:15:00.0000000+01:00,0.1806,,,
2025-12-27T10:30:00.0000000+01:00,0.2421,,,
2025-12-27T10:45:00.0000000+01:00,0.3294,,,
2025-12-27T11:00:00.0000000+01:00,0.5184,,,
2025-12-27T11:15:00.0000000+01:00,0.8315,,,
2025-12-27T11:30:00.0000000+01:00,0.9692,,,
2025-12-27T11:45:00.0000000+01:00,1.1616,,,
2025-12-27T12:00:00.0000000+01:00,1.2537,,,
2025-12-27T12:15:00.0000000+01:00,1.2559,,,
2025-12-27T12:30:00.0000000+01:00,1.2306,,,
2025-12-27T12:45:00.0000000+01:00,1.178,,,
2025-12-27T13:00:00.0000000+01:00,1.1101,,,
2025-12-27T13:15:00.0000000+01:00,1.0043,,,
2025-12-27T13:30:00.0000000+01:00,0.8638,,,
2025-12-27T13:45:00.0000000+01:00,0.7188,,,
2025-12-27T14:00:00.0000000+01:00,0.572,,,
2025-12-27T14:15:00.0000000+01:00,0.4346,,,
2025-12-27T14:30:00.0000000+01:00,0.314,,,
2025-12-27T14:45:00.0000000+01:00,0.1969,,,
2025-12-27T15:00:00.0000000+01:00,0.1013,,,
2025-12-27T15:15:00.0000000+01:00,0.0389,,,
2025-12-27T15:30:00.0000000+01:00,0.0078,,,
2025-12-27T16:00:00.0000000+01:00,-0.0073,,,
2025-12-28T08:15:00.0000000+01:00,0.009,,,
2025-12-28T08:30:00.0000000+01:00,0.0299,,,
2025-12-28T08:45:00.0000000+01:00,0.0618,,,
2025-12-28T09:00:00.0000000+01:00,0.1183,,,
2025-12-28T09:15:00.0000000+01:00,0.2149,,,
2025-12-28T09:30:00.0000000+01:00,0.3009,,,
2025-12-28T09:45:00.0000000+01:00,0.391,,,
2025-12-28T10:00:00.0000000+01:00,0.5303,,,
2025-12-28T10:15:00.0000000+01:00,0.6717,,,
2025-12-28T10:30:00.0000000+01:00,0.8282,,,
2025-12-28T10:45:00.0000000+01:00,0.9748,,,
2025-12-28T11:00:00.0000000+01:00,1.0775,,,
2025-12-28T11:15:00.0000000+01:00,1.1618,,,
2025-12-28T11:30:00.0000000+01:00,1.2303,,,
2025-12-28T11:45:00.0000000+01:00,1.2805,,,
2025-12-28T12:00:00.0000000+01:00,1.2915,,,
2025-12-28T12:15:00.0000000+01:00,1.3049,,,
2025-12-28T12:30:00.0000000+01:00,1.274,,,
2025-12-28T12:45:00.0000000+01:00,1.2287,,,
2025-12-28T13:00:00.0000000+01:00,1.1538,,,
2025-12-28T13:15:00.0000000+01:00,1.0461,,,
2025-12-28T13:30:00.0000000+01:00,0.897,,,
2025-12-28T13:45:00.0000000+01:00,0.7399,,,
2025-12-28T14:00:00.0000000+01:00,0.5812,,,
2025-12-28T14:15:00.0000000+01:00,0.4308,,,
2025-12-28T14:30:00.0000000+01:00,0.318,,,
2025-12-28T14:45:00.0000000+01:00,0.1956,,,
2025-12-28T15:00:00.0000000+01:00,0.0923,,,
2025-12-28T15:15:00.0000000+01:00,0.0398,,,
2025-12-28T15:30:00.0000000+01:00,0.0136,,,
2025-12-28T15:45:00.0000000+01:00,-0.0018,,,
2025-12-29T08:15:00.0000000+01:00,0.0085,,,
2025-12-29T08:30:00.0000000+01:00,0.0288,,,
2025-12-29T08:45:00.0000000+01:00,0.0544,,,
2025-12-29T09:00:00.0000000+01:00,0.0968,,,
2025-12-29T09:15:00.0000000+01:00,0.1798,,,
2025-12-29T09:30:00.0000000+01:00,0.2718,,,
2025-12-29T09:45:00.0000000+01:00,0.4379,,,
2025-12-29T10:00:00.0000000+01:00,0.6845,,,
2025-12-29T10:15:00.0000000+01:00,0.6367,,,
2025-12-29T10:30:00.0000000+01:00,0.5121,,,
2025-12-29T10:45:00.0000000+01:00,0.4194,,,
2025-12-29T11:00:00.0000000+01:00,0.5862,,,
2025-12-29T11:15:00.0000000+01:00,0.4305,,,
2025-12-29T11:30:00.0000000+01:00,0.5487,,,
2025-12-29T11:45:00.0000000+01:00,0.54,,,
2025-12-29T12:00:00.0000000+01:00,0.4628,,,
2025-12-29T12:15:00.0000000+01:00,1.1587,,,
2025-12-29T12:30:00.0000000+01:00,1.2256,,,
2025-12-29T12:45:00.0000000+01:00,0.7596,,,
2025-12-29T13:00:00.0000000+01:00,0.6008,,,
2025-12-29T13:15:00.0000000+01:00,0.885,,,
2025-12-29T13:30:00.0000000+01:00,0.8097,,,
2025-12-29T13:45:00.0000000+01:00,0.4971,,,
2025-12-29T14:00:00.0000000+01:00,0.6061,,,
2025-12-29T14:15:00.0000000+01:00,0.4574,,,
2025-12-29T14:30:00.0000000+01:00,0.3333,,,
2025-12-29T14:45:00.0000000+01:00,0.216,,,
2025-12-29T15:00:00.0000000+01:00,0.1052,,,
2025-12-29T15:15:00.0000000+01:00,0.045,,,
2025-12-29T15:30:00.0000000+01:00,0.0146,,,
2025-12-29T15:45:00.0000000+01:00,-0.0057,,,
2025-12-30T08:15:00.0000000+01:00,0.0051,,,
2025-12-30T08:30:00.0000000+01:00,0.0257,,,
2025-12-30T08:45:00.0000000+01:00,0.058,,,
2025-12-30T09:00:00.0000000+01:00,0.1108,,,
2025-12-30T09:15:00.0000000+01:00,0.2004,,,
2025-12-30T09:30:00.0000000+01:00,0.304,,,
2025-12-30T09:45:00.0000000+01:00,0.4042,,,
2025-12-30T10:00:00.0000000+01:00,0.5437,,,
2025-12-30T10:15:00.0000000+01:00,0.699,,,
2025-12-30T10:30:00.0000000+01:00,0.8654,,,
2025-12-30T10:45:00.0000000+01:00,1.0263,,,
2025-12-30T11:00:00.0000000+01:00,1.131,,,
2025-12-30T11:15:00.0000000+01:00,1.2189,,,
2025-12-30T11:30:00.0000000+01:00,1.2909,,,
2025-12-30T11:45:00.0000000+01:00,1.3423,,,
2025-12-30T12:00:00.0000000+01:00,1.374,,,
2025-12-30T12:15:00.0000000+01:00,1.3681,,,
2025-12-30T12:30:00.0000000+01:00,1.347,,,
2025-12-30T12:45:00.0000000+01:00,1.3072,,,
2025-12-30T13:00:00.0000000+01:00,1.2284,,,
2025-12-30T13:15:00.0000000+01:00,1.1176,,,
2025-12-30T13:30:00.0000000+01:00,0.9639,,,
2025-12-30T13:45:00.0000000+01:00,0.7943,,,
2025-12-30T14:00:00.0000000+01:00,0.6321,,,
2025-12-30T14:15:00.0000000+01:00,0.479,,,
2025-12-30T14:30:00.0000000+01:00,0.348,,,
2025-12-30T14:45:00.0000000+01:00,0.222,,,
2025-12-30T15:00:00.0000000+01:00,0.1055,,,
2025-12-30T15:15:00.0000000+01:00,0.0426,,,
2025-12-30T15:30:00.0000000+01:00,0.0147,,,
2025-12-30T15:45:00.0000000+01:00,-0.0009,,,
2025-12-31T08:15:00.0000000+01:00,0.0153,,,
2025-12-31T08:30:00.0000000+01:00,0.0317,,,
2025-12-31T09:00:00.0000000+01:00,0.0472,,,
2025-12-31T09:15:00.0000000+01:00,0.0647,,,
2025-12-31T09:30:00.0000000+01:00,0.1171,,,
2025-12-31T09:45:00.0000000+01:00,0.1603,,,
2025-12-31T10:00:00.0000000+01:00,0.1968,,,
2025-12-31T10:15:00.0000000+01:00,0.5351,,,
2025-12-31T10:30:00.0000000+01:00,1.0813,,,
2025-12-31T10:45:00.0000000+01:00,1.0362,,,
2025-12-31T11:00:00.0000000+01:00,0.823,,,
2025-12-31T11:15:00.0000000+01:00,0.6178,,,
2025-12-31T11:30:00.0000000+01:00,0.7729,,,
2025-12-31T11:45:00.0000000+01:00,0.5046,,,
2025-12-31T12:00:00.0000000+01:00,0.5011,,,
2025-12-31T12:15:00.0000000+01:00,0.3375,,,
2025-12-31T12:30:00.0000000+01:00,0.3699,,,
2025-12-31T12:45:00.0000000+01:00,0.4192,,,
2025-12-31T13:00:00.0000000+01:00,0.4476,,,
2025-12-31T13:15:00.0000000+01:00,0.6552,,,
2025-12-31T13:30:00.0000000+01:00,0.5407,,,
2025-12-31T13:45:00.0000000+01:00,0.3239,,,
2025-12-31T14:00:00.0000000+01:00,0.5363,,,
2025-12-31T14:15:00.0000000+01:00,0.4693,,,
2025-12-31T14:30:00.0000000+01:00,0.3397,,,
2025-12-31T14:45:00.0000000+01:00,0.2165,,,
2025-12-31T15:00:00.0000000+01:00,0.1056,,,
2025-12-31T15:15:00.0000000+01:00,0.0426,,,
2025-12-31T15:30:00.0000000+01:00,0.0169,,,
2025-12-31T15:45:00.0000000+01:00,0.0013,,,
2026-01-01T09:00:00.0000000+01:00,0.0176,,,
2026-01-01T09:15:00.0000000+01:00,0.0347,,,
2026-01-01T09:30:00.0000000+01:00,0.0558,,,
2026-01-01T09:45:00.0000000+01:00,0.0775,,,
2026-01-01T10:00:00.0000000+01:00,0.0793,,,
2026-01-01T10:15:00.0000000+01:00,0.1159,,,
2026-01-01T10:30:00.0000000+01:00,0.1535,,,
2026-01-01T10:45:00.0000000+01:00,0.3573,,,
2026-01-01T11:00:00.0000000+01:00,0.5211,,,
2026-01-01T11:15:00.0000000+01:00,0.3218,,,
2026-01-01T11:30:00.0000000+01:00,0.3949,,,
2026-01-01T11:45:00.0000000+01:00,0.3079,,,
2026-01-01T12:00:00.0000000+01:00,0.1677,,,
2026-01-01T12:15:00.0000000+01:00,0.205,,,
2026-01-01T12:30:00.0000000+01:00,0.1726,,,
2026-01-01T12:45:00.0000000+01:00,0.1315,,,
2026-01-01T13:00:00.0000000+01:00,0.2451,,,
2026-01-01T13:15:00.0000000+01:00,0.2034,,,
2026-01-01T13:30:00.0000000+01:00,0.3394,,,
2026-01-01T13:45:00.0000000+01:00,0.173,,,
2026-01-01T14:00:00.0000000+01:00,0.512,,,
2026-01-01T14:15:00.0000000+01:00,0.0997,,,
2026-01-01T14:30:00.0000000+01:00,0.0549,,,
2026-01-01T14:45:00.0000000+01:00,0.0311,,,
2026-01-01T15:00:00.0000000+01:00,0.0383,,,
2026-01-01T15:15:00.0000000+01:00,0.0172,,,
2026-01-01T15:30:00.0000000+01:00,0.0016,,,
2026-01-02T08:30:00.0000000+01:00,0.0129,,,
2026-01-02T09:00:00.0000000+01:00,0.0503,,,
2026-01-02T09:15:00.0000000+01:00,0.1037,,,
2026-01-02T09:30:00.0000000+01:00,0.1647,,,
2026-01-02T09:45:00.0000000+01:00,0.2074,,,
2026-01-02T10:00:00.0000000+01:00,0.1755,,,
2026-01-02T10:15:00.0000000+01:00,0.3089,,,
2026-01-02T10:30:00.0000000+01:00,0.7741,,,
2026-01-02T10:45:00.0000000+01:00,0.9161,,,
2026-01-02T11:00:00.0000000+01:00,0.9569,,,
2026-01-02T11:15:00.0000000+01:00,0.8213,,,
2026-01-02T11:30:00.0000000+01:00,0.5343,,,
2026-01-02T11:45:00.0000000+01:00,1.0972,,,
2026-01-02T12:00:00.0000000+01:00,0.942,,,
2026-01-02T12:15:00.0000000+01:00,0.8389,,,
2026-01-02T12:30:00.0000000+01:00,0.8927,,,
2026-01-02T12:45:00.0000000+01:00,0.4681,,,
2026-01-02T13:00:00.0000000+01:00,0.399,,,
2026-01-02T13:15:00.0000000+01:00,0.3857,,,
2026-01-02T13:30:00.0000000+01:00,0.5118,,,
2026-01-02T13:45:00.0000000+01:00,0.8704,,,
2026-01-02T14:00:00.0000000+01:00,0.3766,,,
2026-01-02T14:15:00.0000000+01:00,0.2553,,,
2026-01-02T14:30:00.0000000+01:00,0.2765,,,
2026-01-02T14:45:00.0000000+01:00,0.0871,,,
2026-01-02T15:00:00.0000000+01:00,0.0369,,,
2026-01-02T15:30:00.0000000+01:00,0.0038,,,
2026-01-02T15:45:00.0000000+01:00,-0.0062,,,
2026-01-03T09:15:00.0000000+01:00,0.0091,,,
2026-01-03T09:30:00.0000000+01:00,0.0296,,,
2026-01-03T10:15:00.0000000+01:00,0.0499,,,
2026-01-03T10:45:00.0000000+01:00,0.0955,,,
2026-01-03T11:00:00.0000000+01:00,0.1636,,,
2026-01-03T11:15:00.0000000+01:00,0.174,,,
2026-01-03T11:30:00.0000000+01:00,0.1725,,,
2026-01-03T11:45:00.0000000+01:00,0.1751,,,
2026-01-03T12:00:00.0000000+01:00,0.1822,,,
2026-01-03T12:15:00.0000000+01:00,0.1933,,,
2026-01-03T12:30:00.0000000+01:00,0.1222,,,
2026-01-03T12:45:00.0000000+01:00,0.0891,,,
2026-01-03T13:00:00.0000000+01:00,0.1113,,,
2026-01-03T13:15:00.0000000+01:00,0.1397,,,
2026-01-03T13:30:00.0000000+01:00,0.1338,,,
2026-01-03T13:45:00.0000000+01:00,0.1045,,,
2026-01-03T14:00:00.0000000+01:00,0.0783,,,
2026-01-03T14:15:00.0000000+01:00,0.0626,,,
2026-01-03T14:30:00.0000000+01:00,0.0524,,,
2026-01-03T14:45:00.0000000+01:00,0.0422,,,
2026-01-03T15:00:00.0000000+01:00,0.0268,,,
2026-01-03T15:15:00.0000000+01:00,0.0115,,,
2026-01-03T15:30:00.0000000+01:00,0.0014,,,
2026-01-04T10:30:00.0000000+01:00,0.0116,,,
2026-01-04T11:00:00.0000000+01:00,0.0268,,,
2026-01-04T11:15:00.0000000+01:00,0.0216,,,
2026-01-04T12:00:00.0000000+01:00,0.0318,,,
2026-01-04T12:15:00.0000000+01:00,0.0427,,,
2026-01-04T12:30:00.0000000+01:00,0.0318,,,
2026-01-04T13:00:00.0000000+01:00,0.042,,,
2026-01-04T13:15:00.0000000+01:00,0.0315,,,
2026-01-04T13:30:00.0000000+01:00,0.0208,,,
2026-01-04T13:45:00.0000000+01:00,0.0369,,,
2026-01-04T14:00:00.0000000+01:00,0.0322,,,
2026-01-04T14:15:00.0000000+01:00,0.0169,,,
2026-01-04T15:00:00.0000000+01:00,0.0016,,,
2026-01-05T09:15:00.0000000+01:00,0.0117,,,
2026-01-05T09:45:00.0000000+01:00,0.0217,,,
2026-01-05T10:15:00.0000000+01:00,0.0319,,,
2026-01-05T10:30:00.0000000+01:00,0.0419,,,
2026-01-05T11:15:00.0000000+01:00,0.052,,,
2026-01-05T11:45:00.0000000+01:00,0.0478,,,
2026-01-05T12:00:00.0000000+01:00,0.05,,,
2026-01-05T12:15:00.0000000+01:00,0.0695,,,
2026-01-05T12:30:00.0000000+01:00,0.0466,,,
2026-01-05T12:45:00.0000000+01:00,0.0214,,,
2026-01-05T13:00:00.0000000+01:00,0.035,,,
2026-01-05T13:15:00.0000000+01:00,0.0677,,,
2026-01-05T13:30:00.0000000+01:00,0.0646,,,
2026-01-05T13:45:00.0000000+01:00,0.0451,,,
2026-01-05T14:00:00.0000000+01:00,0.0244,,,
2026-01-05T14:45:00.0000000+01:00,0.0093,,,
2026-01-05T15:15:00.0000000+01:00,-0.001,,,
2026-01-06T09:30:00.0000000+01:00,0.01,,,
2026-01-06T09:45:00.0000000+01:00,0.0204,,,
2026-01-06T10:00:00.0000000+01:00,0.0317,,,
2026-01-06T10:15:00.0000000+01:00,0.0417,,,
2026-01-06T11:00:00.0000000+01:00,0.0524,,,
2026-01-06T11:30:00.0000000+01:00,0.042,,,
2026-01-06T11:45:00.0000000+01:00,0.0499,,,
2026-01-06T13:15:00.0000000+01:00,0.045,,,
2026-01-06T13:45:00.0000000+01:00,0.0346,,,
2026-01-06T14:15:00.0000000+01:00,0.0243,,,
2026-01-06T14:30:00.0000000+01:00,0.0124,,,
2026-01-06T15:00:00.0000000+01:00,0.0014,,,
2026-01-07T09:30:00.0000000+01:00,0.0188,,,
2026-01-07T10:00:00.0000000+01:00,0.0385,,,
2026-01-07T10:15:00.0000000+01:00,0.027,,,
2026-01-07T10:30:00.0000000+01:00,0.0201,,,
2026-01-07T10:45:00.0000000+01:00,0.0215,,,
2026-01-07T11:00:00.0000000+01:00,0.0053,,,
2026-01-07T11:15:00.0000000+01:00,0.0209,,,
2026-01-07T11:45:00.0000000+01:00,0.016,,,
2026-01-07T12:00:00.0000000+01:00,0.0453,,,
2026-01-07T12:15:00.0000000+01:00,0.0718,,,
2026-01-07T12:30:00.0000000+01:00,0.0889,,,
2026-01-07T12:45:00.0000000+01:00,0.0888,,,
2026-01-07T13:00:00.0000000+01:00,0.1176,,,
2026-01-07T13:15:00.0000000+01:00,0.0923,,,
2026-01-07T13:30:00.0000000+01:00,0.0569,,,
2026-01-07T13:45:00.0000000+01:00,0.0432,,,
2026-01-07T14:00:00.0000000+01:00,0.0465,,,
2026-01-07T14:15:00.0000000+01:00,0.0272,,,
2026-01-07T14:30:00.0000000+01:00,0.0098,,,
2026-01-07T15:00:00.0000000+01:00,-0.0004,,,
2026-01-08T09:00:00.0000000+01:00,0.0106,,,
2026-01-08T09:15:00.0000000+01:00,0.0218,,,
2026-01-08T09:45:00.0000000+01:00,0.0334,,,
2026-01-08T10:00:00.0000000+01:00,0.0477,,,
2026-01-08T10:15:00.0000000+01:00,0.0551,,,
2026-01-08T10:30:00.0000000+01:00,0.0669,,,
2026-01-08T10:45:00.0000000+01:00,0.0678,,,
2026-01-08T11:00:00.0000000+01:00,0.0546,,,
2026-01-08T11:15:00.0000000+01:00,0.0424,,,
2026-01-08T11:45:00.0000000+01:00,0.0479,,,
2026-01-08T12:00:00.0000000+01:00,0.0634,,,
2026-01-08T12:15:00.0000000+01:00,0.0628,,,
2026-01-08T12:30:00.0000000+01:00,0.0819,,,
2026-01-08T12:45:00.0000000+01:00,0.0677,,,
2026-01-08T13:00:00.0000000+01:00,0.057,,,
2026-01-08T13:15:00.0000000+01:00,0.0523,,,
2026-01-08T13:30:00.0000000+01:00,0.0538,,,
2026-01-08T13:45:00.0000000+01:00,0.0529,,,
2026-01-08T14:00:00.0000000+01:00,0.0588,,,
2026-01-08T14:15:00.0000000+01:00,0.0682,,,
2026-01-08T14:30:00.0000000+01:00,0.0443,,,
2026-01-08T15:00:00.0000000+01:00,0.0109,,,
2026-01-08T15:30:00.0000000+01:00,-0.0047,,,
2026-01-09T08:45:00.0000000+01:00,0.0073,,,
2026-01-09T09:00:00.0000000+01:00,0.0178,,,
2026-01-09T09:30:00.0000000+01:00,0.028,,,
2026-01-09T10:00:00.0000000+01:00,0.0384,,,
2026-01-09T10:15:00.0000000+01:00,0.0597,,,
2026-01-09T10:30:00.0000000+01:00,0.0469,,,
2026-01-09T10:45:00.0000000+01:00,0.0585,,,
2026-01-09T11:00:00.0000000+01:00,0.0817,,,
2026-01-09T11:15:00.0000000+01:00,0.0862,,,
2026-01-09T11:30:00.0000000+01:00,0.1226,,,
2026-01-09T11:45:00.0000000+01:00,0.1686,,,
2026-01-09T12:00:00.0000000+01:00,0.0735,,,
2026-01-09T12:15:00.0000000+01:00,0.1064,,,
2026-01-09T12:30:00.0000000+01:00,0.0868,,,
2026-01-09T12:45:00.0000000+01:00,0.0956,,,
2026-01-09T13:00:00.0000000+01:00,0.0989,,,
2026-01-09T13:15:00.0000000+01:00,0.0819,,,
2026-01-09T13:30:00.0000000+01:00,0.0593,,,
2026-01-09T13:45:00.0000000+01:00,0.0591,,,
2026-01-09T14:00:00.0000000+01:00,0.0529,,,
2026-01-09T14:15:00.0000000+01:00,0.0401,,,
2026-01-09T14:30:00.0000000+01:00,0.03,,,
2026-01-09T14:45:00.0000000+01:00,0.0321,,,
2026-01-09T15:00:00.0000000+01:00,0.0108,,,
2026-01-09T15:30:00.0000000+01:00,-0.0043,,,
2026-01-10T08:45:00.0000000+01:00,0.0058,,,
2026-01-10T09:00:00.0000000+01:00,0.0214,,,
2026-01-10T09:15:00.0000000+01:00,0.0435,,,
2026-01-10T09:30:00.0000000+01:00,0.0645,,,
2026-01-10T09:45:00.0000000+01:00,0.0903,,,
2026-01-10T10:00:00.0000000+01:00,0.1172,,,
2026-01-10T10:15:00.0000000+01:00,0.1444,,,
2026-01-10T10:30:00.0000000+01:00,0.1702,,,
2026-01-10T10:45:00.0000000+01:00,0.191,,,
2026-01-10T11:00:00.0000000+01:00,0.2063,,,
2026-01-10T11:15:00.0000000+01:00,0.2217,,,
2026-01-10T11:30:00.0000000+01:00,0.237,,,
2026-01-10T11:45:00.0000000+01:00,0.2472,,,
2026-01-10T12:15:00.0000000+01:00,0.2576,,,
2026-01-10T13:15:00.0000000+01:00,0.2472,,,
2026-01-10T13:30:00.0000000+01:00,0.2316,,,
2026-01-10T13:45:00.0000000+01:00,0.2104,,,
2026-01-10T14:00:00.0000000+01:00,0.1895,,,
2026-01-10T14:15:00.0000000+01:00,0.1631,,,
2026-01-10T14:30:00.0000000+01:00,0.13,,,
2026-01-10T14:45:00.0000000+01:00,0.0967,,,
2026-01-10T15:00:00.0000000+01:00,0.0582,,,
2026-01-10T15:15:00.0000000+01:00,0.0206,,,
2026-01-10T15:30:00.0000000+01:00,0.0002,,,
2026-01-11T08:30:00.0000000+01:00,0.0103,,,
2026-01-11T08:45:00.0000000+01:00,0.0204,,,
2026-01-11T09:00:00.0000000+01:00,0.0365,,,
2026-01-11T09:15:00.0000000+01:00,0.0687,,,
2026-01-11T09:30:00.0000000+01:00,0.1144,,,
2026-01-11T09:45:00.0000000+01:00,0.1416,,,
2026-01-11T10:00:00.0000000+01:00,0.1251,,,
2026-01-11T10:15:00.0000000+01:00,0.1674,,,
2026-01-11T10:30:00.0000000+01:00,0.2503,,,
2026-01-11T10:45:00.0000000+01:00,0.2836,,,
2026-01-11T11:00:00.0000000+01:00,0.3103,,,
2026-01-11T11:15:00.0000000+01:00,0.3365,,,
2026-01-11T11:30:00.0000000+01:00,0.3585,,,
2026-01-11T11:45:00.0000000+01:00,0.3796,,,
2026-01-11T12:00:00.0000000+01:00,0.395,,,
2026-01-11T12:30:00.0000000+01:00,0.406,,,
2026-01-11T13:00:00.0000000+01:00,0.396,,,
2026-01-11T13:15:00.0000000+01:00,0.3795,,,
2026-01-11T13:30:00.0000000+01:00,0.3521,,,
2026-01-11T13:45:00.0000000+01:00,0.325,,,
2026-01-11T14:00:00.0000000+01:00,0.2906,,,
2026-01-11T14:15:00.0000000+01:00,0.2474,,,
2026-01-11T14:30:00.0000000+01:00,0.1991,,,
2026-01-11T14:45:00.0000000+01:00,0.1445,,,
2026-01-11T15:00:00.0000000+01:00,0.0836,,,
2026-01-11T15:15:00.0000000+01:00,0.0318,,,
2026-01-11T15:30:00.0000000+01:00,0.0103,,,
2026-01-11T15:45:00.0000000+01:00,-0.0002,,,
2026-01-12T08:30:00.0000000+01:00,0.0106,,,
2026-01-12T08:45:00.0000000+01:00,0.032,,,
2026-01-12T09:00:00.0000000+01:00,0.0661,,,
2026-01-12T09:15:00.0000000+01:00,0.1051,,,
2026-01-12T09:30:00.0000000+01:00,0.1425,,,
2026-01-12T09:45:00.0000000+01:00,0.1493,,,
2026-01-12T10:00:00.0000000+01:00,0.2066,,,
2026-01-12T10:15:00.0000000+01:00,0.2824,,,
2026-01-12T10:30:00.0000000+01:00,0.2497,,,
2026-01-12T10:45:00.0000000+01:00,0.2378,,,
2026-01-12T11:00:00.0000000+01:00,0.2617,,,
2026-01-12T11:15:00.0000000+01:00,0.243,,,
2026-01-12T11:30:00.0000000+01:00,0.2385,,,
2026-01-12T11:45:00.0000000+01:00,0.2328,,,
2026-01-12T12:00:00.0000000+01:00,0.1988,,,
2026-01-12T12:15:00.0000000+01:00,0.178,,,
2026-01-12T12:45:00.0000000+01:00,0.1869,,,
2026-01-12T13:00:00.0000000+01:00,0.1954,,,
2026-01-12T13:15:00.0000000+01:00,0.1681,,,
2026-01-12T13:30:00.0000000+01:00,0.1293,,,
2026-01-12T13:45:00.0000000+01:00,0.1029,,,
2026-01-12T14:15:00.0000000+01:00,0.0879,,,
2026-01-12T14:30:00.0000000+01:00,0.0663,,,
2026-01-12T14:45:00.0000000+01:00,0.0449,,,
2026-01-12T15:00:00.0000000+01:00,0.0284,,,
2026-01-12T15:15:00.0000000+01:00,0.0125,,,
2026-01-12T15:30:00.0000000+01:00,0.0016,,,
2026-01-13T08:45:00.0000000+01:00,0.0119,,,
2026-01-13T09:00:00.0000000+01:00,0.0231,,,
2026-01-13T09:30:00.0000000+01:00,0.0344,,,
2026-01-13T09:45:00.0000000+01:00,0.0617,,,
2026-01-13T10:00:00.0000000+01:00,0.0948,,,
2026-01-13T10:15:00.0000000+01:00,0.0843,,,
2026-01-13T10:30:00.0000000+01:00,0.1177,,,
2026-01-13T10:45:00.0000000+01:00,0.1138,,,
2026-01-13T11:00:00.0000000+01:00,0.0736,,,
2026-01-13T11:15:00.0000000+01:00,0.06,,,
2026-01-13T11:30:00.0000000+01:00,0.0448,,,
2026-01-13T11:45:00.0000000+01:00,0.0336,,,
2026-01-13T12:30:00.0000000+01:00,0.044,,,
2026-01-13T12:45:00.0000000+01:00,0.0711,,,
2026-01-13T13:00:00.0000000+01:00,0.0573,,,
2026-01-13T13:15:00.0000000+01:00,0.0288,,,
2026-01-13T13:30:00.0000000+01:00,0.0334,,,
2026-01-13T14:00:00.0000000+01:00,0.0229,,,
2026-01-13T14:15:00.0000000+01:00,0.0128,,,
2026-01-13T15:00:00.0000000+01:00,0.0025,,,
2026-01-13T15:45:00.0000000+01:00,-0.0076,,,
2026-01-14T08:45:00.0000000+01:00,0.0027,,,
2026-01-14T09:15:00.0000000+01:00,0.0183,,,
2026-01-14T09:30:00.0000000+01:00,0.0481,,,
2026-01-14T09:45:00.0000000+01:00,0.0776,,,
2026-01-14T10:00:00.0000000+01:00,0.0983,,,
2026-01-14T10:15:00.0000000+01:00,0.0991,,,
2026-01-14T10:45:00.0000000+01:00,0.1582,,,
2026-01-14T11:00:00.0000000+01:00,0.1587,,,
2026-01-14T11:15:00.0000000+01:00,0.1544,,,
2026-01-14T11:30:00.0000000+01:00,0.1877,,,
2026-01-14T11:45:00.0000000+01:00,0.2141,,,
2026-01-14T12:00:00.0000000+01:00,0.2183,,,
2026-01-14T12:15:00.0000000+01:00,0.2239,,,
2026-01-14T12:30:00.0000000+01:00,0.3349,,,
2026-01-14T12:45:00.0000000+01:00,0.3151,,,
2026-01-14T13:00:00.0000000+01:00,0.2856,,,
2026-01-14T13:15:00.0000000+01:00,0.2981,,,
2026-01-14T13:30:00.0000000+01:00,0.3318,,,
2026-01-14T13:45:00.0000000+01:00,0.2678,,,
2026-01-14T14:00:00.0000000+01:00,0.2873,,,
2026-01-14T14:15:00.0000000+01:00,0.2434,,,
2026-01-14T14:30:00.0000000+01:00,0.4848,,,
2026-01-14T14:45:00.0000000+01:00,0.4977,,,
2026-01-14T15:00:00.0000000+01:00,0.1888,,,
2026-01-14T15:15:00.0000000+01:00,0.1395,,,
2026-01-14T15:30:00.0000000+01:00,0.0999,,,
2026-01-14T15:45:00.0000000+01:00,0.0326,,,
2026-01-14T16:00:00.0000000+01:00,0.005,,,
2026-01-14T16:15:00.0000000+01:00,-0.005,,,
2026-01-15T08:30:00.0000000+01:00,0.0051,,,
2026-01-15T08:45:00.0000000+01:00,0.0257,,,
2026-01-15T09:00:00.0000000+01:00,0.0744,,,
2026-01-15T09:15:00.0000000+01:00,0.1525,,,
2026-01-15T09:30:00.0000000+01:00,0.185,,,
2026-01-15T09:45:00.0000000+01:00,0.1579,,,
2026-01-15T10:00:00.0000000+01:00,0.1211,,,
2026-01-15T10:15:00.0000000+01:00,0.1421,,,
2026-01-15T10:30:00.0000000+01:00,0.163,,,
2026-01-15T10:45:00.0000000+01:00,0.2114,,,
2026-01-15T11:00:00.0000000+01:00,0.1845,,,
2026-01-15T11:15:00.0000000+01:00,0.264,,,
2026-01-15T11:30:00.0000000+01:00,0.4195,,,
2026-01-15T11:45:00.0000000+01:00,0.3993,,,
2026-01-15T12:00:00.0000000+01:00,0.2924,,,
2026-01-15T12:15:00.0000000+01:00,0.2193,,,
2026-01-15T12:30:00.0000000+01:00,0.8659,,,
2026-01-15T12:45:00.0000000+01:00,1.0694,,,
2026-01-15T13:00:00.0000000+01:00,0.94,,,
2026-01-15T13:15:00.0000000+01:00,0.6777,,,
2026-01-15T13:30:00.0000000+01:00,0.6032,,,
2026-01-15T13:45:00.0000000+01:00,0.3632,,,
2026-01-15T14:00:00.0000000+01:00,0.3233,,,
2026-01-15T14:15:00.0000000+01:00,0.2797,,,
2026-01-15T14:30:00.0000000+01:00,0.1669,,,
2026-01-15T14:45:00.0000000+01:00,0.1217,,,
2026-01-15T15:00:00.0000000+01:00,0.0627,,,
2026-01-15T15:15:00.0000000+01:00,0.0441,,,
2026-01-15T15:30:00.0000000+01:00,0.0235,,,
2026-01-15T15:45:00.0000000+01:00,0.0079,,,
2026-01-15T16:00:00.0000000+01:00,-0.0021,,,
2026-01-16T08:30:00.0000000+01:00,0.0085,,,
2026-01-16T09:00:00.0000000+01:00,0.0191,,,
2026-01-16T09:15:00.0000000+01:00,0.037,,,
2026-01-16T09:30:00.0000000+01:00,0.0559,,,
2026-01-16T10:00:00.0000000+01:00,0.0663,,,
2026-01-16T10:15:00.0000000+01:00,0.0829,,,
2026-01-16T10:30:00.0000000+01:00,0.0954,,,
2026-01-16T10:45:00.0000000+01:00,0.0889,,,
2026-01-16T11:00:00.0000000+01:00,0.0785,,,
2026-01-16T11:15:00.0000000+01:00,0.0891,,,
2026-01-16T11:30:00.0000000+01:00,0.107,,,
2026-01-16T11:45:00.0000000+01:00,0.1143,,,
2026-01-16T12:00:00.0000000+01:00,0.1262,,,
2026-01-16T12:15:00.0000000+01:00,0.1311,,,
2026-01-16T12:30:00.0000000+01:00,0.1653,,,
2026-01-16T12:45:00.0000000+01:00,0.1235,,,
2026-01-16T13:00:00.0000000+01:00,0.0836,,,
2026-01-16T13:15:00.0000000+01:00,0.0558,,,
2026-01-16T13:45:00.0000000+01:00,0.0626,,,
2026-01-16T14:00:00.0000000+01:00,0.0733,,,
2026-01-16T14:15:00.0000000+01:00,0.0621,,,
2026-01-16T14:30:00.0000000+01:00,0.0384,,,
2026-01-16T14:45:00.0000000+01:00,0.0225,,,
2026-01-16T15:15:00.0000000+01:00,0.0122,,,
2026-01-16T15:30:00.0000000+01:00,0.0021,,,
2026-01-17T08:45:00.0000000+01:00,0.0125,,,
2026-01-17T09:00:00.0000000+01:00,0.0231,,,
2026-01-17T09:15:00.0000000+01:00,0.0338,,,
2026-01-17T09:30:00.0000000+01:00,0.0438,,,
2026-01-17T09:45:00.0000000+01:00,0.0671,,,
2026-01-17T10:00:00.0000000+01:00,0.0968,,,
2026-01-17T10:15:00.0000000+01:00,0.1108,,,
2026-01-17T10:30:00.0000000+01:00,0.1103,,,
2026-01-17T10:45:00.0000000+01:00,0.0964,,,
2026-01-17T11:00:00.0000000+01:00,0.1147,,,
2026-01-17T11:15:00.0000000+01:00,0.1368,,,
2026-01-17T11:30:00.0000000+01:00,0.1468,,,
2026-01-17T11:45:00.0000000+01:00,0.1278,,,
2026-01-17T12:00:00.0000000+01:00,0.1593,,,
2026-01-17T12:15:00.0000000+01:00,0.1487,,,
2026-01-17T12:30:00.0000000+01:00,0.114,,,
2026-01-17T12:45:00.0000000+01:00,0.1263,,,
2026-01-17T13:00:00.0000000+01:00,0.1221,,,
2026-01-17T13:15:00.0000000+01:00,0.0939,,,
2026-01-17T13:30:00.0000000+01:00,0.0832,,,
2026-01-17T13:45:00.0000000+01:00,0.0727,,,
2026-01-17T14:15:00.0000000+01:00,0.0566,,,
2026-01-17T14:45:00.0000000+01:00,0.0439,,,
2026-01-17T15:00:00.0000000+01:00,0.024,,,
2026-01-17T15:30:00.0000000+01:00,0.0084,,,
2026-01-17T15:45:00.0000000+01:00,-0.0017,,,
2026-01-18T08:30:00.0000000+01:00,0.0136,,,
2026-01-18T08:45:00.0000000+01:00,0.0351,,,
2026-01-18T09:00:00.0000000+01:00,0.0668,,,
2026-01-18T09:15:00.0000000+01:00,0.0891,,,
2026-01-18T09:30:00.0000000+01:00,0.1294,,,
2026-01-18T09:45:00.0000000+01:00,0.1877,,,
2026-01-18T10:00:00.0000000+01:00,0.2274,,,
2026-01-18T10:15:00.0000000+01:00,0.2811,,,
2026-01-18T10:30:00.0000000+01:00,0.2423,,,
2026-01-18T10:45:00.0000000+01:00,0.2396,,,
2026-01-18T11:00:00.0000000+01:00,0.2737,,,
2026-01-18T11:15:00.0000000+01:00,0.3013,,,
2026-01-18T11:30:00.0000000+01:00,0.2424,,,
2026-01-18T11:45:00.0000000+01:00,0.3004,,,
2026-01-18T12:00:00.0000000+01:00,0.278,,,
2026-01-18T12:15:00.0000000+01:00,0.2882,,,
2026-01-18T12:30:00.0000000+01:00,0.248,,,
2026-01-18T12:45:00.0000000+01:00,0.2768,,,
2026-01-18T13:00:00.0000000+01:00,0.1962,,,
2026-01-18T13:15:00.0000000+01:00,0.1362,,,
2026-01-18T13:30:00.0000000+01:00,0.1293,,,
2026-01-18T13:45:00.0000000+01:00,0.1244,,,
2026-01-18T14:00:00.0000000+01:00,0.1598,,,
2026-01-18T14:15:00.0000000+01:00,0.1836,,,
2026-01-18T14:30:00.0000000+01:00,0.1205,,,
2026-01-18T14:45:00.0000000+01:00,0.1231,,,
2026-01-18T15:00:00.0000000+01:00,0.103,,,
2026-01-18T15:15:00.0000000+01:00,0.0622,,,
2026-01-18T15:30:00.0000000+01:00,0.04,,,
2026-01-18T15:45:00.0000000+01:00,0.0141,,,
2026-01-18T16:00:00.0000000+01:00,-0.0014,,,
2026-01-19T08:00:00.0000000+01:00,0.0086,,,
2026-01-19T08:15:00.0000000+01:00,0.0304,,,
2026-01-19T08:30:00.0000000+01:00,0.0804,,,
2026-01-19T08:45:00.0000000+01:00,0.1627,,,
2026-01-19T09:00:00.0000000+01:00,0.2431,,,
2026-01-19T09:15:00.0000000+01:00,0.3505,,,
2026-01-19T09:30:00.0000000+01:00,0.5036,,,
2026-01-19T09:45:00.0000000+01:00,0.6507,,,
2026-01-19T10:00:00.0000000+01:00,0.8324,,,
2026-01-19T10:15:00.0000000+01:00,0.9696,,,
2026-01-19T10:30:00.0000000+01:00,1.1201,,,
2026-01-19T10:45:00.0000000+01:00,1.2496,,,
2026-01-19T11:00:00.0000000+01:00,1.3887,,,
2026-01-19T11:15:00.0000000+01:00,1.4397,,,
2026-01-19T11:30:00.0000000+01:00,1.4156,,,
2026-01-19T11:45:00.0000000+01:00,1.5292,,,
2026-01-19T12:00:00.0000000+01:00,1.6557,,,
2026-01-19T12:15:00.0000000+01:00,1.4601,,,
2026-01-19T12:30:00.0000000+01:00,1.3136,,,
2026-01-19T12:45:00.0000000+01:00,1.435,,,
2026-01-19T13:00:00.0000000+01:00,1.3688,,,
2026-01-19T13:15:00.0000000+01:00,1.2844,,,
2026-01-19T13:30:00.0000000+01:00,1.3003,,,
2026-01-19T13:45:00.0000000+01:00,1.2252,,,
2026-01-19T14:00:00.0000000+01:00,1.0873,,,
2026-01-19T14:15:00.0000000+01:00,0.9384,,,
2026-01-19T14:30:00.0000000+01:00,0.753,,,
2026-01-19T14:45:00.0000000+01:00,0.5589,,,
2026-01-19T15:00:00.0000000+01:00,0.3708,,,
2026-01-19T15:15:00.0000000+01:00,0.2284,,,
2026-01-19T15:30:00.0000000+01:00,0.1268,,,
2026-01-19T15:45:00.0000000+01:00,0.0626,,,
2026-01-19T16:00:00.0000000+01:00,0.0245,,,
2026-01-19T16:15:00.0000000+01:00,0.0029,,,
2026-01-19T16:30:00.0000000+01:00,-0.0073,,,
2026-01-20T08:00:00.0000000+01:00,0.0088,,,
2026-01-20T08:15:00.0000000+01:00,0.035,,,
2026-01-20T08:30:00.0000000+01:00,0.078,,,
2026-01-20T08:45:00.0000000+01:00,0.1445,,,
2026-01-20T09:00:00.0000000+01:00,0.225,,,
2026-01-20T09:15:00.0000000+01:00,0.3168,,,
2026-01-20T09:30:00.0000000+01:00,0.4408,,,
2026-01-20T09:45:00.0000000+01:00,0.5754,,,
2026-01-20T10:00:00.0000000+01:00,0.7069,,,
2026-01-20T10:15:00.0000000+01:00,0.9056,,,
2026-01-20T10:30:00.0000000+01:00,1.1168,,,
2026-01-20T10:45:00.0000000+01:00,1.2208,,,
2026-01-20T11:00:00.0000000+01:00,1.3207,,,
2026-01-20T11:15:00.0000000+01:00,1.4021,,,
2026-01-20T11:30:00.0000000+01:00,1.4651,,,
2026-01-20T11:45:00.0000000+01:00,1.3627,,,
2026-01-20T12:00:00.0000000+01:00,1.2228,,,
2026-01-20T12:15:00.0000000+01:00,0.7418,,,
2026-01-20T12:30:00.0000000+01:00,0.9925,,,
2026-01-20T12:45:00.0000000+01:00,1.1242,,,
2026-01-20T13:00:00.0000000+01:00,0.6188,,,
2026-01-20T13:15:00.0000000+01:00,0.7747,,,
2026-01-20T13:30:00.0000000+01:00,1.0616,,,
2026-01-20T13:45:00.0000000+01:00,0.7396,,,
2026-01-20T14:00:00.0000000+01:00,0.6138,,,
2026-01-20T14:15:00.0000000+01:00,0.5492,,,
2026-01-20T14:30:00.0000000+01:00,0.4668,,,
2026-01-20T14:45:00.0000000+01:00,0.4139,,,
2026-01-20T15:00:00.0000000+01:00,0.3431,,,
2026-01-20T15:15:00.0000000+01:00,0.2914,,,
2026-01-20T15:30:00.0000000+01:00,0.1518,,,
2026-01-20T15:45:00.0000000+01:00,0.0576,,,
2026-01-20T16:00:00.0000000+01:00,0.0138,,,
2026-01-20T16:15:00.0000000+01:00,-0.0072,,,
2026-01-21T08:15:00.0000000+01:00,0.0081,,,
2026-01-21T08:30:00.0000000+01:00,0.0233,,,
2026-01-21T08:45:00.0000000+01:00,0.0465,,,
2026-01-21T09:00:00.0000000+01:00,0.1209,,,
2026-01-21T09:15:00.0000000+01:00,0.1544,,,
2026-01-21T09:30:00.0000000+01:00,0.2561,,,
2026-01-21T09:45:00.0000000+01:00,0.4172,,,
2026-01-21T10:00:00.0000000+01:00,0.4278,,,
2026-01-21T10:15:00.0000000+01:00,0.4046,,,
2026-01-21T10:30:00.0000000+01:00,0.4703,,,
2026-01-21T10:45:00.0000000+01:00,0.4575,,,
2026-01-21T11:00:00.0000000+01:00,0.3482,,,
2026-01-21T11:15:00.0000000+01:00,0.4229,,,
2026-01-21T11:30:00.0000000+01:00,0.4708,,,
2026-01-21T11:45:00.0000000+01:00,0.3923,,,
2026-01-21T12:00:00.0000000+01:00,0.3316,,,
2026-01-21T12:15:00.0000000+01:00,0.2987,,,
2026-01-21T12:30:00.0000000+01:00,0.3053,,,
2026-01-21T12:45:00.0000000+01:00,0.2791,,,
2026-01-21T13:00:00.0000000+01:00,0.2775,,,
2026-01-21T13:15:00.0000000+01:00,0.277,,,
2026-01-21T13:30:00.0000000+01:00,0.2431,,,
2026-01-21T13:45:00.0000000+01:00,0.2024,,,
2026-01-21T14:00:00.0000000+01:00,0.1639,,,
2026-01-21T14:15:00.0000000+01:00,0.183,,,
2026-01-21T14:30:00.0000000+01:00,0.1041,,,
2026-01-21T14:45:00.0000000+01:00,0.0839,,,
2026-01-21T15:00:00.0000000+01:00,0.0494,,,
2026-01-21T15:15:00.0000000+01:00,0.0328,,,
2026-01-21T15:30:00.0000000+01:00,0.0166,,,
2026-01-21T15:45:00.0000000+01:00,0.0009,,,
2026-01-22T09:00:00.0000000+01:00,0.0129,,,
2026-01-22T09:15:00.0000000+01:00,0.0231,,,
2026-01-22T09:30:00.0000000+01:00,0.0332,,,
2026-01-22T09:45:00.0000000+01:00,0.0445,,,
2026-01-22T10:15:00.0000000+01:00,0.0539,,,
2026-01-22T10:30:00.0000000+01:00,0.0586,,,
2026-01-22T10:45:00.0000000+01:00,0.0785,,,
2026-01-22T11:00:00.0000000+01:00,0.0803,,,
2026-01-22T11:15:00.0000000+01:00,0.0928,,,
2026-01-22T11:30:00.0000000+01:00,0.0706,,,
2026-01-22T11:45:00.0000000+01:00,0.097,,,
2026-01-22T12:00:00.0000000+01:00,0.0786,,,
2026-01-22T12:15:00.0000000+01:00,0.0854,,,
2026-01-22T12:30:00.0000000+01:00,0.1045,,,
2026-01-22T12:45:00.0000000+01:00,0.1034,,,
2026-01-22T13:00:00.0000000+01:00,0.0865,,,
2026-01-22T13:15:00.0000000+01:00,0.0776,,,
2026-01-22T13:30:00.0000000+01:00,0.0557,,,
2026-01-22T13:45:00.0000000+01:00,0.057,,,
2026-01-22T14:00:00.0000000+01:00,0.0669,,,
2026-01-22T14:15:00.0000000+01:00,0.0435,,,
2026-01-22T14:30:00.0000000+01:00,0.0325,,,
2026-01-22T15:00:00.0000000+01:00,0.0201,,,
2026-01-22T15:15:00.0000000+01:00,0.0095,,,
2026-01-22T15:30:00.0000000+01:00,-0.0007,,,
2026-01-23T08:45:00.0000000+01:00,0.0096,,,
2026-01-23T09:00:00.0000000+01:00,0.02,,,
2026-01-23T09:15:00.0000000+01:00,0.0316,,,
2026-01-23T09:30:00.0000000+01:00,0.0432,,,
2026-01-23T09:45:00.0000000+01:00,0.0542,,,
2026-01-23T10:00:00.0000000+01:00,0.0667,,,
2026-01-23T10:45:00.0000000+01:00,0.0832,,,
2026-01-23T11:00:00.0000000+01:00,0.1145,,,
2026-01-23T11:15:00.0000000+01:00,0.1679,,,
2026-01-23T11:30:00.0000000+01:00,0.199,,,
2026-01-23T11:45:00.0000000+01:00,0.2274,,,
2026-01-23T12:00:00.0000000+01:00,0.1839,,,
2026-01-23T12:15:00.0000000+01:00,0.2555,,,
2026-01-23T12:30:00.0000000+01:00,0.2032,,,
2026-01-23T12:45:00.0000000+01:00,0.1905,,,
2026-01-23T13:00:00.0000000+01:00,0.1916,,,
2026-01-23T13:15:00.0000000+01:00,0.1388,,,
2026-01-23T13:30:00.0000000+01:00,0.1197,,,
2026-01-23T13:45:00.0000000+01:00,0.1255,,,
2026-01-23T14:00:00.0000000+01:00,0.1736,,,
2026-01-23T14:15:00.0000000+01:00,0.1978,,,
2026-01-23T14:30:00.0000000+01:00,0.1465,,,
2026-01-23T14:45:00.0000000+01:00,0.1043,,,
2026-01-23T15:00:00.0000000+01:00,0.064,,,
2026-01-23T15:15:00.0000000+01:00,0.0526,,,
2026-01-23T15:30:00.0000000+01:00,0.0313,,,
2026-01-23T15:45:00.0000000+01:00,0.015,,,
2026-01-23T16:00:00.0000000+01:00,-0.001,,,
2026-01-24T08:45:00.0000000+01:00,0.0091,,,
2026-01-24T09:00:00.0000000+01:00,0.0191,,,
2026-01-24T09:15:00.0000000+01:00,0.0355,,,
2026-01-24T09:30:00.0000000+01:00,0.0298,,,
2026-01-24T09:45:00.0000000+01:00,0.0481,,,
2026-01-24T10:00:00.0000000+01:00,0.0371,,,
2026-01-24T10:15:00.0000000+01:00,0.0371,,,
2026-01-24T10:30:00.0000000+01:00,0.0635,,,
2026-01-24T10:45:00.0000000+01:00,0.0872,,,
2026-01-24T11:00:00.0000000+01:00,0.0851,,,
2026-01-24T11:15:00.0000000+01:00,0.0969,,,
2026-01-24T11:30:00.0000000+01:00,0.1046,,,
2026-01-24T11:45:00.0000000+01:00,0.1087,,,
2026-01-24T12:00:00.0000000+01:00,0.1351,,,
2026-01-24T12:15:00.0000000+01:00,0.1463,,,
2026-01-24T12:30:00.0000000+01:00,0.165,,,
2026-01-24T12:45:00.0000000+01:00,0.0982,,,
2026-01-24T13:00:00.0000000+01:00,0.0842,,,
2026-01-24T13:15:00.0000000+01:00,0.0783,,,
2026-01-24T13:30:00.0000000+01:00,0.0716,,,
2026-01-24T13:45:00.0000000+01:00,0.0761,,,
2026-01-24T14:00:00.0000000+01:00,0.0542,,,
2026-01-24T14:30:00.0000000+01:00,0.0772,,,
2026-01-24T14:45:00.0000000+01:00,0.0597,,,
2026-01-24T15:00:00.0000000+01:00,0.0419,,,
2026-01-24T15:15:00.0000000+01:00,0.0245,,,
2026-01-24T15:45:00.0000000+01:00,0.0093,,,
2026-01-24T16:15:00.0000000+01:00,-0.0063,,,
2026-01-25T08:30:00.0000000+01:00,0.0097,,,
2026-01-25T08:45:00.0000000+01:00,0.0406,,,
2026-01-25T09:00:00.0000000+01:00,0.0581,,,
2026-01-25T09:15:00.0000000+01:00,0.0752,,,
2026-01-25T09:30:00.0000000+01:00,0.1276,,,
2026-01-25T09:45:00.0000000+01:00,0.1169,,,
2026-01-25T10:00:00.0000000+01:00,0.1035,,,
2026-01-25T10:15:00.0000000+01:00,0.1201,,,
2026-01-25T10:30:00.0000000+01:00,0.1087,,,
2026-01-25T10:45:00.0000000+01:00,0.1281,,,
2026-01-25T11:00:00.0000000+01:00,0.1473,,,
2026-01-25T11:15:00.0000000+01:00,0.1365,,,
2026-01-25T11:30:00.0000000+01:00,0.1746,,,
2026-01-25T11:45:00.0000000+01:00,0.2459,,,
2026-01-25T12:00:00.0000000+01:00,0.2682,,,
2026-01-25T12:15:00.0000000+01:00,0.3343,,,
2026-01-25T12:30:00.0000000+01:00,0.3565,,,
2026-01-25T12:45:00.0000000+01:00,0.3569,,,
2026-01-25T13:00:00.0000000+01:00,0.3452,,,
2026-01-25T13:15:00.0000000+01:00,0.3101,,,
2026-01-25T13:30:00.0000000+01:00,0.2331,,,
2026-01-25T13:45:00.0000000+01:00,0.2281,,,
2026-01-25T14:00:00.0000000+01:00,0.2454,,,
2026-01-25T14:15:00.0000000+01:00,0.2075,,,
2026-01-25T14:30:00.0000000+01:00,0.0967,,,
2026-01-25T14:45:00.0000000+01:00,0.0881,,,
2026-01-25T15:00:00.0000000+01:00,0.0934,,,
2026-01-25T15:15:00.0000000+01:00,0.1298,,,
2026-01-25T15:30:00.0000000+01:00,0.0887,,,
2026-01-25T15:45:00.0000000+01:00,0.0345,,,
2026-01-25T16:00:00.0000000+01:00,0.0024,,,
2026-01-26T08:30:00.0000000+01:00,0.0136,,,
2026-01-26T08:45:00.0000000+01:00,0.0306,,,
2026-01-26T09:00:00.0000000+01:00,0.0537,,,
2026-01-26T09:15:00.0000000+01:00,0.0704,,,
2026-01-26T09:30:00.0000000+01:00,0.109,,,
2026-01-26T09:45:00.0000000+01:00,0.1414,,,
2026-01-26T10:00:00.0000000+01:00,0.1758,,,
2026-01-26T10:15:00.0000000+01:00,0.1662,,,
2026-01-26T10:30:00.0000000+01:00,0.1557,,,
2026-01-26T10:45:00.0000000+01:00,0.1615,,,
2026-01-26T11:00:00.0000000+01:00,0.2155,,,
2026-01-26T11:15:00.0000000+01:00,0.2108,,,
2026-01-26T11:30:00.0000000+01:00,0.2428,,,
2026-01-26T11:45:00.0000000+01:00,0.1976,,,
2026-01-26T12:00:00.0000000+01:00,0.1876,,,
2026-01-26T12:15:00.0000000+01:00,0.2552,,,
2026-01-26T12:30:00.0000000+01:00,0.2936,,,
2026-01-26T12:45:00.0000000+01:00,0.2212,,,
2026-01-26T13:00:00.0000000+01:00,0.227,,,
2026-01-26T13:15:00.0000000+01:00,0.2599,,,
2026-01-26T13:30:00.0000000+01:00,0.2682,,,
2026-01-26T13:45:00.0000000+01:00,0.2758,,,
2026-01-26T14:00:00.0000000+01:00,0.318,,,
2026-01-26T14:15:00.0000000+01:00,0.2481,,,
2026-01-26T14:30:00.0000000+01:00,0.1803,,,
2026-01-26T14:45:00.0000000+01:00,0.1308,,,
2026-01-26T15:00:00.0000000+01:00,0.1077,,,
2026-01-26T15:15:00.0000000+01:00,0.06,,,
2026-01-26T15:30:00.0000000+01:00,0.0265,,,
2026-01-26T15:45:00.0000000+01:00,0.0103,,,
2026-01-26T16:00:00.0000000+01:00,0.0001,,,
2026-01-27T08:45:00.0000000+01:00,0.0102,,,
2026-01-27T09:15:00.0000000+01:00,0.021,,,
2026-01-27T10:00:00.0000000+01:00,0.031,,,
2026-01-27T10:45:00.0000000+01:00,0.0425,,,
2026-01-27T11:30:00.0000000+01:00,0.0314,,,
2026-01-27T11:45:00.0000000+01:00,0.042,,,
2026-01-27T12:45:00.0000000+01:00,0.0319,,,
2026-01-27T13:15:00.0000000+01:00,0.0214,,,
2026-01-27T14:15:00.0000000+01:00,0.0113,,,
2026-01-27T15:15:00.0000000+01:00,0.0012,,,
2026-01-28T09:15:00.0000000+01:00,0.0112,,,
2026-01-28T09:45:00.0000000+01:00,0.0217,,,
2026-01-28T10:00:00.0000000+01:00,0.032,,,
2026-01-28T10:30:00.0000000+01:00,0.0432,,,
2026-01-28T10:45:00.0000000+01:00,0.0535,,,
2026-01-28T11:00:00.0000000+01:00,0.0643,,,
2026-01-28T11:30:00.0000000+01:00,0.0749,,,
2026-01-28T12:30:00.0000000+01:00,0.0849,,,
2026-01-28T12:45:00.0000000+01:00,0.0695,,,
2026-01-28T13:00:00.0000000+01:00,0.0534,,,
2026-01-28T13:30:00.0000000+01:00,0.0433,,,
2026-01-28T14:00:00.0000000+01:00,0.0331,,,
2026-01-28T14:15:00.0000000+01:00,0.0225,,,
2026-01-28T14:45:00.0000000+01:00,0.0119,,,
2026-01-28T15:30:00.0000000+01:00,0.0019,,,
2026-01-29T09:00:00.0000000+01:00,0.0121,,,
2026-01-29T09:30:00.0000000+01:00,0.0222,,,
2026-01-29T10:00:00.0000000+01:00,0.0323,,,
2026-01-29T10:45:00.0000000+01:00,0.0424,,,
2026-01-29T13:00:00.0000000+01:00,0.0427,,,
2026-01-29T13:45:00.0000000+01:00,0.0323,,,
2026-01-29T14:00:00.0000000+01:00,0.0436,,,
2026-01-29T14:15:00.0000000+01:00,0.0328,,,
2026-01-29T14:30:00.0000000+01:00,0.0221,,,
2026-01-29T15:15:00.0000000+01:00,0.0017,,,
2026-01-30T08:15:00.0000000+01:00,0.0118,,,
2026-01-30T08:30:00.0000000+01:00,0.0327,,,
2026-01-30T08:45:00.0000000+01:00,0.055,,,
2026-01-30T09:00:00.0000000+01:00,0.0715,,,
2026-01-30T09:15:00.0000000+01:00,0.0884,,,
2026-01-30T09:30:00.0000000+01:00,0.1068,,,
2026-01-30T09:45:00.0000000+01:00,0.1198,,,
2026-01-30T10:00:00.0000000+01:00,0.1317,,,
2026-01-30T10:15:00.0000000+01:00,0.1509,,,
2026-01-30T10:30:00.0000000+01:00,0.1268,,,
2026-01-30T10:45:00.0000000+01:00,0.1238,,,
2026-01-30T11:00:00.0000000+01:00,0.0924,,,
2026-01-30T11:15:00.0000000+01:00,0.0823,,,
2026-01-30T11:30:00.0000000+01:00,0.088,,,
2026-01-30T11:45:00.0000000+01:00,0.1028,,,
2026-01-30T12:00:00.0000000+01:00,0.0911,,,
2026-01-30T12:15:00.0000000+01:00,0.0927,,,
2026-01-30T12:30:00.0000000+01:00,0.0843,,,
2026-01-30T12:45:00.0000000+01:00,0.088,,,
2026-01-30T13:15:00.0000000+01:00,0.0962,,,
2026-01-30T13:30:00.0000000+01:00,0.1115,,,
2026-01-30T13:45:00.0000000+01:00,0.1153,,,
2026-01-30T14:00:00.0000000+01:00,0.1032,,,
2026-01-30T14:15:00.0000000+01:00,0.0956,,,
2026-01-30T14:30:00.0000000+01:00,0.0771,,,
2026-01-30T14:45:00.0000000+01:00,0.0649,,,
2026-01-30T15:00:00.0000000+01:00,0.0432,,,
2026-01-30T15:15:00.0000000+01:00,0.0326,,,
2026-01-30T15:30:00.0000000+01:00,0.0225,,,
2026-01-30T15:45:00.0000000+01:00,0.0121,,,
2026-01-30T16:00:00.0000000+01:00,0.0017,,,
2026-01-31T08:00:00.0000000+01:00,0.0171,,,
2026-01-31T08:15:00.0000000+01:00,0.0593,,,
2026-01-31T08:30:00.0000000+01:00,0.0982,,,
2026-01-31T08:45:00.0000000+01:00,0.1462,,,
2026-01-31T09:00:00.0000000+01:00,0.2137,,,
2026-01-31T09:15:00.0000000+01:00,0.2813,,,
2026-01-31T09:30:00.0000000+01:00,0.5077,,,
2026-01-31T09:45:00.0000000+01:00,0.5808,,,
2026-01-31T10:00:00.0000000+01:00,0.5272,,,
2026-01-31T10:15:00.0000000+01:00,0.6377,,,
2026-01-31T10:30:00.0000000+01:00,0.8589,,,
2026-01-31T10:45:00.0000000+01:00,1.1074,,,
2026-01-31T11:00:00.0000000+01:00,1.2324,,,
2026-01-31T11:15:00.0000000+01:00,1.3657,,,
2026-01-31T11:30:00.0000000+01:00,1.4882,,,
2026-01-31T11:45:00.0000000+01:00,1.3798,,,
2026-01-31T12:00:00.0000000+01:00,1.598,,,
2026-01-31T12:15:00.0000000+01:00,1.699,,,
2026-01-31T12:30:00.0000000+01:00,1.7455,,,
2026-01-31T12:45:00.0000000+01:00,1.7832,,,
2026-01-31T13:00:00.0000000+01:00,1.7528,,,
2026-01-31T13:15:00.0000000+01:00,1.6604,,,
2026-01-31T13:30:00.0000000+01:00,1.4786,,,
2026-01-31T13:45:00.0000000+01:00,1.4753,,,
2026-01-31T14:00:00.0000000+01:00,1.252,,,
2026-01-31T14:15:00.0000000+01:00,1.0477,,,
2026-01-31T14:30:00.0000000+01:00,1.0902,,,
2026-01-31T14:45:00.0000000+01:00,0.8235,,,
2026-01-31T15:00:00.0000000+01:00,0.5859,,,
2026-01-31T15:15:00.0000000+01:00,0.4391,,,
2026-01-31T15:30:00.0000000+01:00,0.2493,,,
2026-01-31T15:45:00.0000000+01:00,0.1208,,,
2026-01-31T16:00:00.0000000+01:00,0.0762,,,
2026-01-31T16:15:00.0000000+01:00,0.0271,,,
2026-01-31T16:30:00.0000000+01:00,0.0062,,,
2026-01-31T16:45:00.0000000+01:00,-0.0039,,,
2026-02-01T07:45:00.0000000+01:00,0.0063,,,
2026-02-01T08:00:00.0000000+01:00,0.0352,,,
2026-02-01T08:15:00.0000000+01:00,0.0534,,,
2026-02-01T08:30:00.0000000+01:00,0.0898,,,
2026-02-01T08:45:00.0000000+01:00,0.117,,,
2026-02-01T09:00:00.0000000+01:00,0.1979,,,
2026-02-01T09:15:00.0000000+01:00,0.2939,,,
2026-02-01T09:30:00.0000000+01:00,0.4246,,,
2026-02-01T09:45:00.0000000+01:00,0.5046,,,
2026-02-01T10:00:00.0000000+01:00,0.553,,,
2026-02-01T10:15:00.0000000+01:00,0.5394,,,
2026-02-01T10:30:00.0000000+01:00,0.5173,,,
2026-02-01T10:45:00.0000000+01:00,0.4959,,,
2026-02-01T11:00:00.0000000+01:00,0.4261,,,
2026-02-01T11:15:00.0000000+01:00,0.4107,,,
2026-02-01T11:30:00.0000000+01:00,0.3579,,,
2026-02-01T11:45:00.0000000+01:00,0.4274,,,
2026-02-01T12:00:00.0000000+01:00,0.4531,,,
2026-02-01T12:15:00.0000000+01:00,0.477,,,
2026-02-01T12:30:00.0000000+01:00,0.5129,,,
2026-02-01T12:45:00.0000000+01:00,0.3128,,,
2026-02-01T13:00:00.0000000+01:00,0.2026,,,
2026-02-01T13:15:00.0000000+01:00,0.2015,,,
2026-02-01T13:30:00.0000000+01:00,0.1607,,,
2026-02-01T13:45:00.0000000+01:00,0.1484,,,
2026-02-01T14:00:00.0000000+01:00,0.1909,,,
2026-02-01T14:15:00.0000000+01:00,0.1709,,,
2026-02-01T14:30:00.0000000+01:00,0.1138,,,
2026-02-01T14:45:00.0000000+01:00,0.1014,,,
2026-02-01T15:00:00.0000000+01:00,0.08,,,
2026-02-01T15:15:00.0000000+01:00,0.0855,,,
2026-02-01T15:30:00.0000000+01:00,0.0617,,,
2026-02-01T15:45:00.0000000+01:00,0.0338,,,
2026-02-01T16:00:00.0000000+01:00,0.0131,,,
2026-02-01T16:30:00.0000000+01:00,-0.0029,,,
2026-02-02T08:00:00.0000000+01:00,0.0076,,,
2026-02-02T08:15:00.0000000+01:00,0.0188,,,
2026-02-02T08:30:00.0000000+01:00,0.0359,,,
2026-02-02T08:45:00.0000000+01:00,0.048,,,
2026-02-02T09:00:00.0000000+01:00,0.0829,,,
2026-02-02T09:15:00.0000000+01:00,0.117,,,
2026-02-02T09:30:00.0000000+01:00,0.2033,,,
2026-02-02T09:45:00.0000000+01:00,0.2053,,,
2026-02-02T10:00:00.0000000+01:00,0.2415,,,
2026-02-02T10:15:00.0000000+01:00,0.2658,,,
2026-02-02T10:30:00.0000000+01:00,0.2787,,,
2026-02-02T10:45:00.0000000+01:00,0.2611,,,
2026-02-02T11:00:00.0000000+01:00,0.2663,,,
2026-02-02T11:15:00.0000000+01:00,0.2944,,,
2026-02-02T11:30:00.0000000+01:00,0.2835,,,
2026-02-02T11:45:00.0000000+01:00,0.2714,,,
2026-02-02T15:00:00.0000000+01:00,0.2005,,,
2026-02-02T15:15:00.0000000+01:00,0.177,,,
2026-02-02T15:30:00.0000000+01:00,0.1348,,,
2026-02-02T15:45:00.0000000+01:00,0.067,,,
2026-02-02T16:00:00.0000000+01:00,0.0518,,,
2026-02-02T16:15:00.0000000+01:00,0.0179,,,
2026-02-02T16:30:00.0000000+01:00,0.0018,,,
2026-02-03T07:45:00.0000000+01:00,0.0128,,,
2026-02-03T08:00:00.0000000+01:00,0.0297,,,
2026-02-03T08:15:00.0000000+01:00,0.0673,,,
2026-02-03T08:30:00.0000000+01:00,0.1471,,,
2026-02-03T08:45:00.0000000+01:00,0.2574,,,
2026-02-03T09:00:00.0000000+01:00,0.3565,,,
2026-02-03T09:15:00.0000000+01:00,0.6197,,,
2026-02-03T09:30:00.0000000+01:00,0.6518,,,
2026-02-03T09:45:00.0000000+01:00,0.9891,,,
2026-02-03T10:00:00.0000000+01:00,1.2783,,,
2026-02-03T10:15:00.0000000+01:00,1.1908,,,
2026-02-03T10:30:00.0000000+01:00,0.9181,,,
2026-02-03T10:45:00.0000000+01:00,0.7637,,,
2026-02-03T11:00:00.0000000+01:00,1.3373,,,
2026-02-03T11:15:00.0000000+01:00,0.8811,,,
2026-02-03T11:30:00.0000000+01:00,0.7798,,,
2026-02-03T11:45:00.0000000+01:00,1.81,,,
2026-02-03T12:00:00.0000000+01:00,2.7004,,,
2026-02-03T12:15:00.0000000+01:00,1.7678,,,
2026-02-03T12:30:00.0000000+01:00,1.3168,,,
2026-02-03T12:45:00.0000000+01:00,1.3325,,,
2026-02-03T13:00:00.0000000+01:00,0.9643,,,
2026-02-03T13:15:00.0000000+01:00,1.9519,,,
2026-02-03T13:30:00.0000000+01:00,2.0451,,,
2026-02-03T13:45:00.0000000+01:00,1.8942,,,
2026-02-03T14:00:00.0000000+01:00,1.6545,,,
2026-02-03T14:15:00.0000000+01:00,1.4086,,,
2026-02-03T14:30:00.0000000+01:00,1.2197,,,
2026-02-03T14:45:00.0000000+01:00,1.123,,,
2026-02-03T15:00:00.0000000+01:00,0.9421,,,
2026-02-03T15:15:00.0000000+01:00,0.7504,,,
2026-02-03T15:30:00.0000000+01:00,0.5333,,,
2026-02-03T15:45:00.0000000+01:00,0.3078,,,
2026-02-03T16:00:00.0000000+01:00,0.1506,,,
2026-02-03T16:15:00.0000000+01:00,0.0689,,,
2026-02-03T16:30:00.0000000+01:00,0.026,,,
2026-02-03T16:45:00.0000000+01:00,-0.0007,,,
2026-02-04T08:15:00.0000000+01:00,0.0101,,,
2026-02-04T08:30:00.0000000+01:00,0.0275,,,
2026-02-04T08:45:00.0000000+01:00,0.0468,,,
2026-02-04T09:00:00.0000000+01:00,0.0613,,,
2026-02-04T09:15:00.0000000+01:00,0.0834,,,
2026-02-04T09:30:00.0000000+01:00,0.1145,,,
2026-02-04T09:45:00.0000000+01:00,0.1698,,,
2026-02-04T10:00:00.0000000+01:00,0.1955,,,
2026-02-04T10:15:00.0000000+01:00,0.2049,,,
2026-02-04T10:30:00.0000000+01:00,0.1805,,,
2026-02-04T10:45:00.0000000+01:00,0.1955,,,
2026-02-04T11:00:00.0000000+01:00,0.1783,,,
2026-02-04T11:15:00.0000000+01:00,0.1849,,,
2026-02-04T11:30:00.0000000+01:00,0.2169,,,
2026-02-04T11:45:00.0000000+01:00,0.2369,,,
2026-02-04T12:00:00.0000000+01:00,0.3048,,,
2026-02-04T12:15:00.0000000+01:00,0.3749,,,
2026-02-04T12:30:00.0000000+01:00,0.4053,,,
2026-02-04T12:45:00.0000000+01:00,0.4985,,,
2026-02-04T13:00:00.0000000+01:00,0.5231,,,
2026-02-04T13:15:00.0000000+01:00,0.4679,,,
2026-02-04T13:30:00.0000000+01:00,0.5052,,,
2026-02-04T13:45:00.0000000+01:00,0.5442,,,
2026-02-04T14:00:00.0000000+01:00,0.4011,,,
2026-02-04T14:15:00.0000000+01:00,0.4287,,,
2026-02-04T14:30:00.0000000+01:00,0.3592,,,
2026-02-04T14:45:00.0000000+01:00,0.2799,,,
2026-02-04T15:00:00.0000000+01:00,0.2657,,,
2026-02-04T15:15:00.0000000+01:00,0.1923,,,
2026-02-04T15:30:00.0000000+01:00,0.1361,,,
2026-02-04T15:45:00.0000000+01:00,0.0752,,,
2026-02-04T16:00:00.0000000+01:00,0.0361,,,
2026-02-04T16:15:00.0000000+01:00,0.0154,,,
2026-02-04T16:30:00.0000000+01:00,0.0049,,,
2026-02-04T16:45:00.0000000+01:00,-0.0052,,,
2026-02-05T08:00:00.0000000+01:00,0.0049,,,
2026-02-05T08:15:00.0000000+01:00,0.015,,,
2026-02-05T08:30:00.0000000+01:00,0.0254,,,
2026-02-05T09:00:00.0000000+01:00,0.0358,,,
2026-02-05T09:15:00.0000000+01:00,0.0511,,,
2026-02-05T09:30:00.0000000+01:00,0.0719,,,
2026-02-05T09:45:00.0000000+01:00,0.0882,,,
2026-02-05T10:15:00.0000000+01:00,0.0991,,,
2026-02-05T10:30:00.0000000+01:00,0.0825,,,
2026-02-05T10:45:00.0000000+01:00,0.0888,,,
2026-02-05T11:00:00.0000000+01:00,0.1005,,,
2026-02-05T11:45:00.0000000+01:00,0.1144,,,
2026-02-05T12:00:00.0000000+01:00,0.093,,,
2026-02-05T12:15:00.0000000+01:00,0.0766,,,
2026-02-05T12:30:00.0000000+01:00,0.0652,,,
2026-02-05T12:45:00.0000000+01:00,0.0755,,,
2026-02-05T13:00:00.0000000+01:00,0.0998,,,
2026-02-05T13:15:00.0000000+01:00,0.1284,,,
2026-02-05T13:30:00.0000000+01:00,0.1129,,,
2026-02-05T13:45:00.0000000+01:00,0.0975,,,
2026-02-05T14:00:00.0000000+01:00,0.087,,,
2026-02-05T14:15:00.0000000+01:00,0.0764,,,
2026-02-05T14:45:00.0000000+01:00,0.0773,,,
2026-02-05T15:00:00.0000000+01:00,0.0548,,,
2026-02-05T15:15:00.0000000+01:00,0.0433,,,
2026-02-05T15:30:00.0000000+01:00,0.0278,,,
2026-02-05T16:00:00.0000000+01:00,0.0071,,,
2026-02-06T08:30:00.0000000+01:00,0.012,,,
2026-02-06T08:45:00.0000000+01:00,0.0228,,,
2026-02-06T09:00:00.0000000+01:00,0.0383,,,
2026-02-06T10:00:00.0000000+01:00,0.0541,,,
2026-02-06T10:15:00.0000000+01:00,0.0435,,,
2026-02-06T10:45:00.0000000+01:00,0.0325,,,
2026-02-06T11:15:00.0000000+01:00,0.0486,,,
2026-02-06T11:30:00.0000000+01:00,0.0695,,,
2026-02-06T11:45:00.0000000+01:00,0.0605,,,
2026-02-06T12:00:00.0000000+01:00,0.0492,,,
2026-02-06T12:30:00.0000000+01:00,0.0593,,,
2026-02-06T12:45:00.0000000+01:00,0.0489,,,
2026-02-06T13:00:00.0000000+01:00,0.0377,,,
2026-02-06T13:15:00.0000000+01:00,0.0478,,,
2026-02-06T13:30:00.0000000+01:00,0.0372,,,
2026-02-06T13:45:00.0000000+01:00,0.0266,,,
2026-02-06T14:00:00.0000000+01:00,0.0164,,,
2026-02-06T14:45:00.0000000+01:00,0.0274,,,
2026-02-06T15:15:00.0000000+01:00,0.0113,,,
2026-02-06T16:00:00.0000000+01:00,-0.004,,,
2026-02-07T09:00:00.0000000+01:00,0.0061,,,
2026-02-07T10:00:00.0000000+01:00,0.0168,,,
2026-02-07T10:30:00.0000000+01:00,0.0269,,,
2026-02-07T10:45:00.0000000+01:00,0.0493,,,
2026-02-07T11:00:00.0000000+01:00,0.0835,,,
2026-02-07T11:15:00.0000000+01:00,0.0571,,,
2026-02-07T11:45:00.0000000+01:00,0.0425,,,
2026-02-07T12:30:00.0000000+01:00,0.0317,,,
2026-02-07T12:45:00.0000000+01:00,0.054,,,
2026-02-07T13:00:00.0000000+01:00,0.0775,,,
2026-02-07T13:15:00.0000000+01:00,0.0675,,,
2026-02-07T13:30:00.0000000+01:00,0.0522,,,
2026-02-07T13:45:00.0000000+01:00,0.0369,,,
2026-02-07T14:00:00.0000000+01:00,0.0267,,,
2026-02-07T14:15:00.0000000+01:00,0.0155,,,
2026-02-07T15:15:00.0000000+01:00,0.0051,,,
2026-02-07T16:15:00.0000000+01:00,-0.0049,,,
2026-02-08T08:15:00.0000000+01:00,0.0053,,,
2026-02-08T08:30:00.0000000+01:00,0.0154,,,
2026-02-08T08:45:00.0000000+01:00,0.0308,,,
2026-02-08T09:00:00.0000000+01:00,0.0651,,,
2026-02-08T09:15:00.0000000+01:00,0.0628,,,
2026-02-08T09:30:00.0000000+01:00,0.085,,,
2026-02-08T09:45:00.0000000+01:00,0.093,,,
2026-02-08T10:15:00.0000000+01:00,0.1283,,,
2026-02-08T10:30:00.0000000+01:00,0.1355,,,
2026-02-08T10:45:00.0000000+01:00,0.1608,,,
2026-02-08T11:00:00.0000000+01:00,0.1605,,,
2026-02-08T11:15:00.0000000+01:00,0.1804,,,
2026-02-08T11:30:00.0000000+01:00,0.1923,,,
2026-02-08T11:45:00.0000000+01:00,0.2667,,,
2026-02-08T12:00:00.0000000+01:00,0.3617,,,
2026-02-08T12:15:00.0000000+01:00,0.5709,,,
2026-02-08T12:30:00.0000000+01:00,0.8893,,,
2026-02-08T12:45:00.0000000+01:00,0.9292,,,
2026-02-08T13:00:00.0000000+01:00,0.9729,,,
2026-02-08T13:15:00.0000000+01:00,0.9961,,,
2026-02-08T13:30:00.0000000+01:00,1.4469,,,
2026-02-08T13:45:00.0000000+01:00,1.4115,,,
2026-02-08T14:00:00.0000000+01:00,1.0772,,,
2026-02-08T14:15:00.0000000+01:00,0.8588,,,
2026-02-08T14:30:00.0000000+01:00,0.965,,,
2026-02-08T14:45:00.0000000+01:00,0.8246,,,
2026-02-08T15:00:00.0000000+01:00,0.5702,,,
2026-02-08T15:15:00.0000000+01:00,0.2484,,,
2026-02-08T15:30:00.0000000+01:00,0.1976,,,
2026-02-08T15:45:00.0000000+01:00,0.1747,,,
2026-02-08T16:00:00.0000000+01:00,0.1328,,,
2026-02-08T16:15:00.0000000+01:00,0.0407,,,
2026-02-08T16:30:00.0000000+01:00,0.0132,,,
2026-02-08T16:45:00.0000000+01:00,-0.0025,,,
2026-02-09T07:45:00.0000000+01:00,0.0184,,,
2026-02-09T08:00:00.0000000+01:00,0.0533,,,
2026-02-09T08:15:00.0000000+01:00,0.0967,,,
2026-02-09T08:30:00.0000000+01:00,0.1367,,,
2026-02-09T08:45:00.0000000+01:00,0.176,,,
2026-02-09T09:00:00.0000000+01:00,0.2466,,,
2026-02-09T09:15:00.0000000+01:00,0.2901,,,
2026-02-09T09:30:00.0000000+01:00,0.3143,,,
2026-02-09T09:45:00.0000000+01:00,0.3284,,,
2026-02-09T10:00:00.0000000+01:00,0.3446,,,
2026-02-09T10:15:00.0000000+01:00,0.3457,,,
2026-02-09T10:30:00.0000000+01:00,0.4115,,,
2026-02-09T10:45:00.0000000+01:00,0.4963,,,
2026-02-09T11:00:00.0000000+01:00,0.4418,,,
2026-02-09T11:15:00.0000000+01:00,0.4038,,,
2026-02-09T11:30:00.0000000+01:00,0.3106,,,
2026-02-09T11:45:00.0000000+01:00,0.2776,,,
2026-02-09T12:00:00.0000000+01:00,0.2827,,,
2026-02-09T12:15:00.0000000+01:00,0.2623,,,
2026-02-09T12:30:00.0000000+01:00,0.2629,,,
2026-02-09T12:45:00.0000000+01:00,0.2464,,,
2026-02-09T13:15:00.0000000+01:00,0.2833,,,
2026-02-09T13:30:00.0000000+01:00,0.2468,,,
2026-02-09T13:45:00.0000000+01:00,0.196,,,
2026-02-09T14:00:00.0000000+01:00,0.2078,,,
2026-02-09T14:15:00.0000000+01:00,0.1315,,,
2026-02-09T14:30:00.0000000+01:00,0.0908,,,
2026-02-09T14:45:00.0000000+01:00,0.0939,,,
2026-02-09T15:00:00.0000000+01:00,0.0727,,,
2026-02-09T15:15:00.0000000+01:00,0.0508,,,
2026-02-09T15:30:00.0000000+01:00,0.0405,,,
2026-02-09T15:45:00.0000000+01:00,0.0295,,,
2026-02-09T16:00:00.0000000+01:00,0.0189,,,
2026-02-09T16:15:00.0000000+01:00,0.0083,,,
2026-02-09T16:30:00.0000000+01:00,-0.0019,,,
2026-02-10T07:45:00.0000000+01:00,0.0083,,,
2026-02-10T08:00:00.0000000+01:00,0.0185,,,
2026-02-10T08:15:00.0000000+01:00,0.0286,,,
2026-02-10T08:30:00.0000000+01:00,0.0437,,,
2026-02-10T08:45:00.0000000+01:00,0.0603,,,
2026-02-10T09:00:00.0000000+01:00,0.0712,,,
2026-02-10T09:15:00.0000000+01:00,0.0876,,,
2026-02-10T10:00:00.0000000+01:00,0.1042,,,
2026-02-10T10:45:00.0000000+01:00,0.1225,,,
2026-02-10T11:30:00.0000000+01:00,0.1245,,,
2026-02-10T11:45:00.0000000+01:00,0.114,,,
2026-02-10T12:00:00.0000000+01:00,0.1224,,,
2026-02-10T12:15:00.0000000+01:00,0.1508,,,
2026-02-10T12:30:00.0000000+01:00,0.1403,,,
2026-02-10T12:45:00.0000000+01:00,0.1194,,,
2026-02-10T13:00:00.0000000+01:00,0.1239,,,
2026-02-10T13:15:00.0000000+01:00,0.1178,,,
2026-02-10T13:30:00.0000000+01:00,0.1053,,,
2026-02-10T13:45:00.0000000+01:00,0.1208,,,
2026-02-10T14:00:00.0000000+01:00,0.0916,,,
2026-02-10T14:15:00.0000000+01:00,0.0793,,,
2026-02-10T14:30:00.0000000+01:00,0.0651,,,
2026-02-10T14:45:00.0000000+01:00,0.0466,,,
2026-02-10T15:00:00.0000000+01:00,0.0299,,,
2026-02-10T15:30:00.0000000+01:00,0.0198,,,
2026-02-10T15:45:00.0000000+01:00,0.0098,,,
2026-02-10T16:15:00.0000000+01:00,-0.0004,,,
2026-02-11T08:30:00.0000000+01:00,0.027,,,
2026-02-11T08:45:00.0000000+01:00,0.0541,,,
2026-02-11T09:00:00.0000000+01:00,0.0695,,,
2026-02-11T09:15:00.0000000+01:00,0.0858,,,
2026-02-11T09:30:00.0000000+01:00,0.0809,,,
2026-02-11T09:45:00.0000000+01:00,0.1095,,,
2026-02-11T10:00:00.0000000+01:00,0.1464,,,
2026-02-11T10:15:00.0000000+01:00,0.1772,,,
2026-02-11T10:30:00.0000000+01:00,0.1819,,,
2026-02-11T10:45:00.0000000+01:00,0.155,,,
2026-02-11T11:00:00.0000000+01:00,0.147,,,
2026-02-11T11:15:00.0000000+01:00,0.1579,,,
2026-02-11T11:30:00.0000000+01:00,0.1955,,,
2026-02-11T11:45:00.0000000+01:00,0.2334,,,
2026-02-11T12:00:00.0000000+01:00,0.2243,,,
2026-02-11T12:15:00.0000000+01:00,0.2429,,,
2026-02-11T12:30:00.0000000+01:00,0.2533,,,
2026-02-11T12:45:00.0000000+01:00,0.2603,,,
2026-02-11T13:00:00.0000000+01:00,0.2399,,,
2026-02-11T13:15:00.0000000+01:00,0.2573,,,
2026-02-11T13:30:00.0000000+01:00,0.1955,,,
2026-02-11T13:45:00.0000000+01:00,0.1789,,,
2026-02-11T14:00:00.0000000+01:00,0.1548,,,
2026-02-11T14:15:00.0000000+01:00,0.1654,,,
2026-02-11T14:30:00.0000000+01:00,0.1139,,,
2026-02-11T14:45:00.0000000+01:00,0.1001,,,
2026-02-11T15:00:00.0000000+01:00,0.0784,,,
2026-02-11T15:15:00.0000000+01:00,0.0809,,,
2026-02-11T15:30:00.0000000+01:00,0.0453,,,
2026-02-11T15:45:00.0000000+01:00,0.0566,,,
2026-02-11T16:00:00.0000000+01:00,0.0358,,,
2026-02-11T16:15:00.0000000+01:00,0.0135,,,
2026-02-11T16:30:00.0000000+01:00,0.0035,,,
2026-02-11T16:45:00.0000000+01:00,-0.0068,,,
2026-02-12T07:45:00.0000000+01:00,0.0033,,,
2026-02-12T08:00:00.0000000+01:00,0.0134,,,
2026-02-12T08:15:00.0000000+01:00,0.0298,,,
2026-02-12T08:30:00.0000000+01:00,0.0514,,,
2026-02-12T08:45:00.0000000+01:00,0.0743,,,
2026-02-12T09:00:00.0000000+01:00,0.0957,,,
2026-02-12T09:15:00.0000000+01:00,0.139,,,
2026-02-12T09:30:00.0000000+01:00,0.1166,,,
2026-02-12T09:45:00.0000000+01:00,0.1167,,,
2026-02-12T10:00:00.0000000+01:00,0.1675,,,
2026-02-12T10:15:00.0000000+01:00,0.211,,,
2026-02-12T10:30:00.0000000+01:00,0.2471,,,
2026-02-12T10:45:00.0000000+01:00,0.2641,,,
2026-02-12T11:00:00.0000000+01:00,0.2864,,,
2026-02-12T11:15:00.0000000+01:00,0.3015,,,
2026-02-12T11:30:00.0000000+01:00,0.2329,,,
2026-02-12T11:45:00.0000000+01:00,0.2304,,,
2026-02-12T12:00:00.0000000+01:00,0.2467,,,
2026-02-12T12:15:00.0000000+01:00,0.2382,,,
2026-02-12T12:30:00.0000000+01:00,0.2415,,,
2026-02-12T12:45:00.0000000+01:00,0.2825,,,
2026-02-12T13:00:00.0000000+01:00,0.2523,,,
2026-02-12T13:15:00.0000000+01:00,0.2205,,,
2026-02-12T13:30:00.0000000+01:00,0.2004,,,
2026-02-12T13:45:00.0000000+01:00,0.1801,,,
2026-02-12T14:00:00.0000000+01:00,0.1836,,,
2026-02-12T14:15:00.0000000+01:00,0.1618,,,
2026-02-12T14:30:00.0000000+01:00,0.1757,,,
2026-02-12T14:45:00.0000000+01:00,0.1806,,,
2026-02-12T15:00:00.0000000+01:00,0.2369,,,
2026-02-12T15:15:00.0000000+01:00,0.2002,,,
2026-02-12T15:30:00.0000000+01:00,0.1442,,,
2026-02-12T15:45:00.0000000+01:00,0.0744,,,
2026-02-12T16:00:00.0000000+01:00,0.047,,,
2026-02-12T16:15:00.0000000+01:00,0.0311,,,
2026-02-12T16:30:00.0000000+01:00,0.0103,,,
2026-02-12T16:45:00.0000000+01:00,-0.0053,,,
2026-02-13T07:45:00.0000000+01:00,0.0098,,,
2026-02-13T08:00:00.0000000+01:00,0.032,,,
2026-02-13T08:15:00.0000000+01:00,0.0526,,,
2026-02-13T08:30:00.0000000+01:00,0.0801,,,
2026-02-13T08:45:00.0000000+01:00,0.1277,,,
2026-02-13T09:00:00.0000000+01:00,0.1712,,,
2026-02-13T09:15:00.0000000+01:00,0.2116,,,
2026-02-13T09:30:00.0000000+01:00,0.2601,,,
2026-02-13T09:45:00.0000000+01:00,0.3173,,,
2026-02-13T10:00:00.0000000+01:00,0.3708,,,
2026-02-13T10:15:00.0000000+01:00,0.4111,,,
2026-02-13T10:30:00.0000000+01:00,0.4396,,,
2026-02-13T10:45:00.0000000+01:00,0.4287,,,
2026-02-13T11:00:00.0000000+01:00,0.4329,,,
2026-02-13T11:15:00.0000000+01:00,0.4644,,,
2026-02-13T11:30:00.0000000+01:00,0.4806,,,
2026-02-13T11:45:00.0000000+01:00,0.4903,,,
2026-02-13T12:00:00.0000000+01:00,0.4999,,,
2026-02-13T12:15:00.0000000+01:00,0.4905,,,
2026-02-13T12:30:00.0000000+01:00,0.524,,,
2026-02-13T12:45:00.0000000+01:00,0.5269,,,
2026-02-13T13:00:00.0000000+01:00,0.5324,,,
2026-02-13T13:15:00.0000000+01:00,0.5107,,,
2026-02-13T13:30:00.0000000+01:00,0.4804,,,
2026-02-13T13:45:00.0000000+01:00,0.4511,,,
2026-02-13T14:00:00.0000000+01:00,0.4075,,,
2026-02-13T14:15:00.0000000+01:00,0.3502,,,
2026-02-13T14:30:00.0000000+01:00,0.3061,,,
2026-02-13T14:45:00.0000000+01:00,0.2197,,,
2026-02-13T15:00:00.0000000+01:00,0.244,,,
2026-02-13T15:15:00.0000000+01:00,0.1736,,,
2026-02-13T15:30:00.0000000+01:00,0.1753,,,
2026-02-13T15:45:00.0000000+01:00,0.1174,,,
2026-02-13T16:00:00.0000000+01:00,0.0637,,,
2026-02-13T16:15:00.0000000+01:00,0.0307,,,
2026-02-13T16:30:00.0000000+01:00,0.0147,,,
2026-02-13T16:45:00.0000000+01:00,0.0045,,,
2026-02-13T17:00:00.0000000+01:00,-0.0057,,,
2026-02-14T07:15:00.0000000+01:00,0.0046,,,
2026-02-14T07:30:00.0000000+01:00,0.0151,,,
2026-02-14T07:45:00.0000000+01:00,0.0481,,,
2026-02-14T08:00:00.0000000+01:00,0.1037,,,
2026-02-14T08:15:00.0000000+01:00,0.1657,,,
2026-02-14T08:30:00.0000000+01:00,0.2685,,,
2026-02-14T08:45:00.0000000+01:00,0.3932,,,
2026-02-14T09:00:00.0000000+01:00,0.4394,,,
2026-02-14T09:15:00.0000000+01:00,0.3996,,,
2026-02-14T09:30:00.0000000+01:00,0.5669,,,
2026-02-14T09:45:00.0000000+01:00,0.9393,,,
2026-02-14T10:00:00.0000000+01:00,1.0216,,,
2026-02-14T10:15:00.0000000+01:00,1.2338,,,
2026-02-14T10:30:00.0000000+01:00,1.6744,,,
2026-02-14T10:45:00.0000000+01:00,1.2565,,,
2026-02-14T11:00:00.0000000+01:00,1.4285,,,
2026-02-14T11:15:00.0000000+01:00,1.7181,,,
2026-02-14T11:30:00.0000000+01:00,2.0448,,,
2026-02-14T11:45:00.0000000+01:00,1.8839,,,
2026-02-14T12:00:00.0000000+01:00,1.7517,,,
2026-02-14T12:15:00.0000000+01:00,2.1655,,,
2026-02-14T12:30:00.0000000+01:00,1.7906,,,
2026-02-14T12:45:00.0000000+01:00,1.1989,,,
2026-02-14T13:00:00.0000000+01:00,1.2463,,,
2026-02-14T13:15:00.0000000+01:00,1.1996,,,
2026-02-14T13:30:00.0000000+01:00,1.0933,,,
2026-02-14T13:45:00.0000000+01:00,0.6091,,,
2026-02-14T14:00:00.0000000+01:00,0.7187,,,
2026-02-14T14:15:00.0000000+01:00,0.8688,,,
2026-02-14T14:30:00.0000000+01:00,0.4605,,,
2026-02-14T14:45:00.0000000+01:00,0.3457,,,
2026-02-14T15:00:00.0000000+01:00,0.3212,,,
2026-02-14T15:15:00.0000000+01:00,0.1877,,,
2026-02-14T15:30:00.0000000+01:00,0.1489,,,
2026-02-14T15:45:00.0000000+01:00,0.12,,,
2026-02-14T16:00:00.0000000+01:00,0.0861,,,
2026-02-14T16:15:00.0000000+01:00,0.0705,,,
2026-02-14T16:30:00.0000000+01:00,0.0367,,,
2026-02-14T16:45:00.0000000+01:00,0.0061,,,
2026-02-14T17:00:00.0000000+01:00,-0.0051,,,
2026-02-15T07:15:00.0000000+01:00,0.0077,,,
2026-02-15T07:30:00.0000000+01:00,0.0291,,,
2026-02-15T07:45:00.0000000+01:00,0.0729,,,
2026-02-15T08:00:00.0000000+01:00,0.1495,,,
2026-02-15T08:15:00.0000000+01:00,0.2552,,,
2026-02-15T08:30:00.0000000+01:00,0.3748,,,
2026-02-15T08:45:00.0000000+01:00,0.5118,,,
2026-02-15T09:00:00.0000000+01:00,0.6785,,,
2026-02-15T09:15:00.0000000+01:00,0.8866,,,
2026-02-15T09:30:00.0000000+01:00,1.0992,,,
2026-02-15T09:45:00.0000000+01:00,1.3109,,,
2026-02-15T10:00:00.0000000+01:00,1.4957,,,
2026-02-15T10:15:00.0000000+01:00,1.6543,,,
2026-02-15T10:30:00.0000000+01:00,1.7806,,,
2026-02-15T10:45:00.0000000+01:00,1.8955,,,
2026-02-15T11:00:00.0000000+01:00,1.9999,,,
2026-02-15T11:15:00.0000000+01:00,2.0861,,,
2026-02-15T11:30:00.0000000+01:00,2.1536,,,
2026-02-15T11:45:00.0000000+01:00,2.2045,,,
2026-02-15T12:00:00.0000000+01:00,2.2452,,,
2026-02-15T12:15:00.0000000+01:00,2.273,,,
2026-02-15T12:30:00.0000000+01:00,2.2887,,,
2026-02-15T12:45:00.0000000+01:00,2.2776,,,
2026-02-15T13:00:00.0000000+01:00,2.2607,,,
2026-02-15T13:15:00.0000000+01:00,2.2369,,,
2026-02-15T13:30:00.0000000+01:00,2.1911,,,
2026-02-15T13:45:00.0000000+01:00,2.1217,,,
2026-02-15T14:00:00.0000000+01:00,2.0506,,,
2026-02-15T14:15:00.0000000+01:00,1.3217,,,
2026-02-15T14:30:00.0000000+01:00,0.806,,,
2026-02-15T14:45:00.0000000+01:00,0.9674,,,
2026-02-15T15:00:00.0000000+01:00,0.7135,,,
2026-02-15T15:15:00.0000000+01:00,0.5759,,,
2026-02-15T15:30:00.0000000+01:00,0.2991,,,
2026-02-15T15:45:00.0000000+01:00,0.1522,,,
2026-02-15T16:00:00.0000000+01:00,0.1568,,,
2026-02-15T16:15:00.0000000+01:00,0.101,,,
2026-02-15T16:30:00.0000000+01:00,0.0665,,,
2026-02-15T16:45:00.0000000+01:00,0.0327,,,
2026-02-15T17:00:00.0000000+01:00,0.0044,,,
2026-02-15T17:15:00.0000000+01:00,-0.0059,,,
2026-02-16T07:00:00.0000000+01:00,0.0045,,,
2026-02-16T07:15:00.0000000+01:00,0.0201,,,
2026-02-16T07:30:00.0000000+01:00,0.0597,,,
2026-02-16T07:45:00.0000000+01:00,0.1211,,,
2026-02-16T08:00:00.0000000+01:00,0.1917,,,
2026-02-16T08:15:00.0000000+01:00,0.2918,,,
2026-02-16T08:30:00.0000000+01:00,0.4218,,,
2026-02-16T08:45:00.0000000+01:00,0.589,,,
2026-02-16T09:00:00.0000000+01:00,0.8007,,,
2026-02-16T09:15:00.0000000+01:00,1.0002,,,
2026-02-16T09:30:00.0000000+01:00,0.8282,,,
2026-02-16T09:45:00.0000000+01:00,1.0173,,,
2026-02-16T10:00:00.0000000+01:00,1.28,,,
2026-02-16T10:15:00.0000000+01:00,1.1152,,,
2026-02-16T10:30:00.0000000+01:00,0.9315,,,
2026-02-16T10:45:00.0000000+01:00,1.0871,,,
2026-02-16T11:00:00.0000000+01:00,1.1522,,,
2026-02-16T11:15:00.0000000+01:00,1.121,,,
2026-02-16T11:30:00.0000000+01:00,1.0955,,,
2026-02-16T11:45:00.0000000+01:00,1.1074,,,
2026-02-16T12:00:00.0000000+01:00,1.1155,,,
2026-02-16T12:15:00.0000000+01:00,1.2169,,,
2026-02-16T12:30:00.0000000+01:00,1.273,,,
2026-02-16T12:45:00.0000000+01:00,1.1191,,,
2026-02-16T13:00:00.0000000+01:00,0.962,,,
2026-02-16T13:15:00.0000000+01:00,0.8566,,,
2026-02-16T13:30:00.0000000+01:00,0.8059,,,
2026-02-16T13:45:00.0000000+01:00,0.731,,,
2026-02-16T14:00:00.0000000+01:00,0.7105,,,
2026-02-16T14:15:00.0000000+01:00,0.5843,,,
2026-02-16T14:30:00.0000000+01:00,0.5483,,,
2026-02-16T14:45:00.0000000+01:00,0.4582,,,
2026-02-16T15:00:00.0000000+01:00,0.3864,,,
2026-02-16T15:15:00.0000000+01:00,0.33,,,
2026-02-16T15:30:00.0000000+01:00,0.2625,,,
2026-02-16T15:45:00.0000000+01:00,0.1931,,,
2026-02-16T16:00:00.0000000+01:00,0.1381,,,
2026-02-16T16:15:00.0000000+01:00,0.0888,,,
2026-02-16T16:30:00.0000000+01:00,0.0451,,,
2026-02-16T16:45:00.0000000+01:00,0.0116,,,
2026-02-17T07:15:00.0000000+01:00,0.0112,,,
2026-02-17T07:30:00.0000000+01:00,0.038,,,
2026-02-17T07:45:00.0000000+01:00,0.0904,,,
2026-02-17T08:00:00.0000000+01:00,0.1625,,,
2026-02-17T08:15:00.0000000+01:00,0.2503,,,
2026-02-17T08:30:00.0000000+01:00,0.3404,,,
2026-02-17T08:45:00.0000000+01:00,0.4538,,,
2026-02-17T09:00:00.0000000+01:00,0.5829,,,
2026-02-17T09:15:00.0000000+01:00,0.7087,,,
2026-02-17T09:30:00.0000000+01:00,0.8341,,,
2026-02-17T09:45:00.0000000+01:00,0.926,,,
2026-02-17T10:00:00.0000000+01:00,1.1564,,,
2026-02-17T10:15:00.0000000+01:00,1.335,,,
2026-02-17T10:30:00.0000000+01:00,1.1569,,,
2026-02-17T10:45:00.0000000+01:00,1.2032,,,
2026-02-17T11:00:00.0000000+01:00,1.4117,,,
2026-02-17T11:15:00.0000000+01:00,1.4828,,,
2026-02-17T11:30:00.0000000+01:00,1.4812,,,
2026-02-17T11:45:00.0000000+01:00,1.4199,,,
2026-02-17T12:00:00.0000000+01:00,1.2467,,,
2026-02-17T12:15:00.0000000+01:00,1.2622,,,
2026-02-17T12:30:00.0000000+01:00,1.2108,,,
2026-02-17T12:45:00.0000000+01:00,1.0415,,,
2026-02-17T13:00:00.0000000+01:00,1.0045,,,
2026-02-17T13:15:00.0000000+01:00,1.0104,,,
2026-02-17T13:30:00.0000000+01:00,0.98,,,
2026-02-17T13:45:00.0000000+01:00,0.9283,,,
2026-02-17T14:00:00.0000000+01:00,0.8486,,,
2026-02-17T14:15:00.0000000+01:00,0.7531,,,
2026-02-17T14:30:00.0000000+01:00,0.6158,,,
2026-02-17T14:45:00.0000000+01:00,0.4647,,,
2026-02-17T15:00:00.0000000+01:00,0.3605,,,
2026-02-17T15:15:00.0000000+01:00,0.3452,,,
2026-02-17T15:30:00.0000000+01:00,0.2654,,,
2026-02-17T15:45:00.0000000+01:00,0.2485,,,
2026-02-17T16:00:00.0000000+01:00,0.1804,,,
2026-02-17T16:15:00.0000000+01:00,0.1354,,,
2026-02-17T16:30:00.0000000+01:00,0.073,,,
2026-02-17T16:45:00.0000000+01:00,0.0233,,,
2026-02-17T17:00:00.0000000+01:00,0.0018,,,
2026-02-18T07:15:00.0000000+01:00,0.0127,,,
2026-02-18T07:30:00.0000000+01:00,0.0465,,,
2026-02-18T07:45:00.0000000+01:00,0.085,,,
2026-02-18T08:00:00.0000000+01:00,0.1465,,,
2026-02-18T08:15:00.0000000+01:00,0.3763,,,
2026-02-18T08:30:00.0000000+01:00,0.5666,,,
2026-02-18T08:45:00.0000000+01:00,0.6995,,,
2026-02-18T09:00:00.0000000+01:00,0.6635,,,
2026-02-18T09:15:00.0000000+01:00,0.8362,,,
2026-02-18T09:30:00.0000000+01:00,1.3129,,,
2026-02-18T09:45:00.0000000+01:00,1.8874,,,
2026-02-18T10:00:00.0000000+01:00,2.1043,,,
2026-02-18T10:15:00.0000000+01:00,2.2984,,,
2026-02-18T10:30:00.0000000+01:00,2.4686,,,
2026-02-18T10:45:00.0000000+01:00,2.6159,,,
2026-02-18T11:00:00.0000000+01:00,2.7389,,,
2026-02-18T11:15:00.0000000+01:00,2.8431,,,
2026-02-18T11:30:00.0000000+01:00,2.9211,,,
2026-02-18T11:45:00.0000000+01:00,2.9822,,,
2026-02-18T12:00:00.0000000+01:00,3.0277,,,
2026-02-18T12:15:00.0000000+01:00,3.0503,,,
2026-02-18T12:30:00.0000000+01:00,3.0401,,,
2026-02-18T12:45:00.0000000+01:00,3.0077,,,
2026-02-18T13:00:00.0000000+01:00,2.954,,,
2026-02-18T13:15:00.0000000+01:00,2.892,,,
2026-02-18T13:30:00.0000000+01:00,2.8109,,,
2026-02-18T13:45:00.0000000+01:00,2.6983,,,
2026-02-18T14:00:00.0000000+01:00,2.5652,,,
2026-02-18T14:15:00.0000000+01:00,2.4071,,,
2026-02-18T14:30:00.0000000+01:00,2.2319,,,
2026-02-18T14:45:00.0000000+01:00,2.0183,,,
2026-02-18T15:00:00.0000000+01:00,1.773,,,
2026-02-18T15:15:00.0000000+01:00,1.5071,,,
2026-02-18T15:30:00.0000000+01:00,1.1884,,,
2026-02-18T15:45:00.0000000+01:00,0.8916,,,
2026-02-18T16:00:00.0000000+01:00,0.6127,,,
2026-02-18T16:15:00.0000000+01:00,0.3706,,,
2026-02-18T16:30:00.0000000+01:00,0.194,,,
2026-02-18T16:45:00.0000000+01:00,0.0816,,,
2026-02-18T17:00:00.0000000+01:00,0.0319,,,
2026-02-18T17:15:00.0000000+01:00,0.006,,,
2026-02-19T07:15:00.0000000+01:00,0.0212,,,
2026-02-19T07:30:00.0000000+01:00,0.0543,,,
2026-02-19T07:45:00.0000000+01:00,0.116,,,
2026-02-19T08:00:00.0000000+01:00,0.2206,,,
2026-02-19T08:15:00.0000000+01:00,0.3539,,,
2026-02-19T08:30:00.0000000+01:00,0.5146,,,
2026-02-19T08:45:00.0000000+01:00,0.7172,,,
2026-02-19T09:00:00.0000000+01:00,0.9647,,,
2026-02-19T09:15:00.0000000+01:00,1.2205,,,
2026-02-19T09:30:00.0000000+01:00,1.5428,,,
2026-02-19T09:45:00.0000000+01:00,1.9112,,,
2026-02-19T10:00:00.0000000+01:00,2.2405,,,
2026-02-19T10:15:00.0000000+01:00,2.4951,,,
2026-02-19T10:30:00.0000000+01:00,2.6693,,,
2026-02-19T10:45:00.0000000+01:00,2.8081,,,
2026-02-19T11:00:00.0000000+01:00,2.923,,,
2026-02-19T11:15:00.0000000+01:00,3.0103,,,
2026-02-19T11:30:00.0000000+01:00,3.0726,,,
2026-02-19T11:45:00.0000000+01:00,3.123,,,
2026-02-19T12:00:00.0000000+01:00,3.1504,,,
2026-02-19T12:15:00.0000000+01:00,3.1663,,,
2026-02-19T12:30:00.0000000+01:00,3.1576,,,
2026-02-19T12:45:00.0000000+01:00,3.1267,,,
2026-02-19T13:00:00.0000000+01:00,3.0837,,,
2026-02-19T13:15:00.0000000+01:00,3.0182,,,
2026-02-19T13:30:00.0000000+01:00,2.926,,,
2026-02-19T13:45:00.0000000+01:00,2.8191,,,
2026-02-19T14:00:00.0000000+01:00,2.6875,,,
2026-02-19T14:15:00.0000000+01:00,2.5133,,,
2026-02-19T14:30:00.0000000+01:00,2.3152,,,
2026-02-19T14:45:00.0000000+01:00,2.1211,,,
2026-02-19T15:00:00.0000000+01:00,1.8823,,,
2026-02-19T15:15:00.0000000+01:00,1.6051,,,
2026-02-19T15:30:00.0000000+01:00,1.3105,,,
2026-02-19T15:45:00.0000000+01:00,0.9943,,,
2026-02-19T16:00:00.0000000+01:00,0.6888,,,
2026-02-19T16:15:00.0000000+01:00,0.4275,,,
2026-02-19T16:30:00.0000000+01:00,0.2171,,,
2026-02-19T16:45:00.0000000+01:00,0.0884,,,
2026-02-19T17:00:00.0000000+01:00,0.0293,,,
2026-02-19T17:15:00.0000000+01:00,-0.0024,,,
2026-02-20T06:45:00.0000000+01:00,0.0035,,,
2026-02-20T07:00:00.0000000+01:00,0.0256,,,
2026-02-20T07:15:00.0000000+01:00,0.0648,,,
2026-02-20T07:30:00.0000000+01:00,0.1402,,,
2026-02-20T07:45:00.0000000+01:00,0.275,,,
2026-02-20T08:00:00.0000000+01:00,0.3772,,,
2026-02-20T08:15:00.0000000+01:00,0.4629,,,
2026-02-20T08:30:00.0000000+01:00,0.6039,,,
2026-02-20T08:45:00.0000000+01:00,0.8754,,,
2026-02-20T09:00:00.0000000+01:00,0.8396,,,
2026-02-20T09:15:00.0000000+01:00,0.784,,,
2026-02-20T09:30:00.0000000+01:00,0.7673,,,
2026-02-20T09:45:00.0000000+01:00,0.8231,,,
2026-02-20T10:00:00.0000000+01:00,0.8632,,,
2026-02-20T10:15:00.0000000+01:00,0.9161,,,
2026-02-20T10:30:00.0000000+01:00,0.9796,,,
2026-02-20T10:45:00.0000000+01:00,1.0528,,,
2026-02-20T11:00:00.0000000+01:00,1.2397,,,
2026-02-20T11:15:00.0000000+01:00,1.3126,,,
2026-02-20T11:30:00.0000000+01:00,1.9436,,,
2026-02-20T11:45:00.0000000+01:00,2.2069,,,
2026-02-20T12:00:00.0000000+01:00,2.8315,,,
2026-02-20T12:15:00.0000000+01:00,1.9131,,,
2026-02-20T12:30:00.0000000+01:00,2.3372,,,
2026-02-20T12:45:00.0000000+01:00,3.2844,,,
2026-02-20T13:00:00.0000000+01:00,2.4649,,,
2026-02-20T13:15:00.0000000+01:00,1.8127,,,
2026-02-20T13:30:00.0000000+01:00,1.6344,,,
2026-02-20T13:45:00.0000000+01:00,1.0319,,,
2026-02-20T14:00:00.0000000+01:00,1.8639,,,
2026-02-20T14:15:00.0000000+01:00,2.0899,,,
2026-02-20T14:30:00.0000000+01:00,1.6797,,,
2026-02-20T14:45:00.0000000+01:00,1.4628,,,
2026-02-20T15:00:00.0000000+01:00,1.2246,,,
2026-02-20T15:15:00.0000000+01:00,0.7571,,,
2026-02-20T15:30:00.0000000+01:00,0.8788,,,
2026-02-20T15:45:00.0000000+01:00,0.5088,,,
2026-02-20T16:00:00.0000000+01:00,0.3081,,,
2026-02-20T16:15:00.0000000+01:00,0.234,,,
2026-02-20T16:30:00.0000000+01:00,0.1549,,,
2026-02-20T16:45:00.0000000+01:00,0.076,,,
2026-02-20T17:00:00.0000000+01:00,0.023,,,
2026-02-20T17:15:00.0000000+01:00,-0.0027,,,
2026-02-21T08:00:00.0000000+01:00,0.0075,,,
2026-02-21T08:30:00.0000000+01:00,0.0177,,,
2026-02-21T08:45:00.0000000+01:00,0.0288,,,
2026-02-21T09:00:00.0000000+01:00,0.0392,,,
2026-02-21T09:15:00.0000000+01:00,0.0492,,,
2026-02-21T09:30:00.0000000+01:00,0.0597,,,
2026-02-21T09:45:00.0000000+01:00,0.0713,,,
2026-02-21T10:00:00.0000000+01:00,0.0826,,,
2026-02-21T10:15:00.0000000+01:00,0.0713,,,
2026-02-21T10:30:00.0000000+01:00,0.0827,,,
2026-02-21T10:45:00.0000000+01:00,0.1038,,,
2026-02-21T11:00:00.0000000+01:00,0.1354,,,
2026-02-21T11:15:00.0000000+01:00,0.1624,,,
2026-02-21T11:30:00.0000000+01:00,0.1847,,,
2026-02-21T12:00:00.0000000+01:00,0.2779,,,
2026-02-21T12:15:00.0000000+01:00,0.4188,,,
2026-02-21T12:30:00.0000000+01:00,0.4795,,,
2026-02-21T12:45:00.0000000+01:00,0.4597,,,
2026-02-21T13:00:00.0000000+01:00,0.4369,,,
2026-02-21T13:15:00.0000000+01:00,0.4949,,,
2026-02-21T13:30:00.0000000+01:00,0.4935,,,
2026-02-21T13:45:00.0000000+01:00,0.439,,,
2026-02-21T14:00:00.0000000+01:00,0.3895,,,
2026-02-21T14:15:00.0000000+01:00,0.4301,,,
2026-02-21T14:30:00.0000000+01:00,0.4511,,,
2026-02-21T14:45:00.0000000+01:00,0.5782,,,
2026-02-21T15:00:00.0000000+01:00,0.486,,,
2026-02-21T15:15:00.0000000+01:00,0.3767,,,
2026-02-21T15:30:00.0000000+01:00,0.2492,,,
2026-02-21T15:45:00.0000000+01:00,0.3792,,,
2026-02-21T16:00:00.0000000+01:00,0.1535,,,
2026-02-21T16:15:00.0000000+01:00,0.1048,,,
2026-02-21T16:30:00.0000000+01:00,0.0798,,,
2026-02-21T16:45:00.0000000+01:00,0.0787,,,
2026-02-21T17:00:00.0000000+01:00,0.0116,,,
2026-02-21T17:15:00.0000000+01:00,-0.0042,,,
2026-02-22T07:00:00.0000000+01:00,0.013,,,
2026-02-22T07:15:00.0000000+01:00,0.0346,,,
2026-02-22T07:30:00.0000000+01:00,0.074,,,
2026-02-22T07:45:00.0000000+01:00,0.1421,,,
2026-02-22T08:00:00.0000000+01:00,0.2173,,,
2026-02-22T08:15:00.0000000+01:00,0.2746,,,
2026-02-22T08:30:00.0000000+01:00,0.3902,,,
2026-02-22T08:45:00.0000000+01:00,0.5944,,,
2026-02-22T09:00:00.0000000+01:00,0.6965,,,
2026-02-22T09:15:00.0000000+01:00,0.551,,,
2026-02-22T09:30:00.0000000+01:00,0.5996,,,
2026-02-22T09:45:00.0000000+01:00,0.7012,,,
2026-02-22T10:00:00.0000000+01:00,0.678,,,
2026-02-22T10:15:00.0000000+01:00,0.9864,,,
2026-02-22T10:30:00.0000000+01:00,0.9242,,,
2026-02-22T10:45:00.0000000+01:00,0.9328,,,
2026-02-22T11:00:00.0000000+01:00,0.8766,,,
2026-02-22T11:15:00.0000000+01:00,1.0552,,,
2026-02-22T11:30:00.0000000+01:00,1.1253,,,
2026-02-22T11:45:00.0000000+01:00,1.277,,,
2026-02-22T12:00:00.0000000+01:00,1.3103,,,
2026-02-22T12:15:00.0000000+01:00,1.3056,,,
2026-02-22T12:30:00.0000000+01:00,2.3693,,,
2026-02-22T12:45:00.0000000+01:00,2.6986,,,
2026-02-22T13:00:00.0000000+01:00,1.9707,,,
2026-02-22T13:15:00.0000000+01:00,1.1986,,,
2026-02-22T13:30:00.0000000+01:00,1.0217,,,
2026-02-22T13:45:00.0000000+01:00,1.1175,,,
2026-02-22T14:00:00.0000000+01:00,0.9139,,,
2026-02-22T14:15:00.0000000+01:00,0.7125,,,
2026-02-22T14:30:00.0000000+01:00,0.4624,,,
2026-02-22T14:45:00.0000000+01:00,0.3169,,,
2026-02-22T15:00:00.0000000+01:00,0.3561,,,
2026-02-22T15:15:00.0000000+01:00,0.3571,,,
2026-02-22T15:30:00.0000000+01:00,0.307,,,
2026-02-22T15:45:00.0000000+01:00,0.2417,,,
2026-02-22T16:00:00.0000000+01:00,0.1497,,,
2026-02-22T16:15:00.0000000+01:00,0.0835,,,
2026-02-22T16:30:00.0000000+01:00,0.0449,,,
2026-02-22T16:45:00.0000000+01:00,0.023,,,
2026-02-22T17:00:00.0000000+01:00,0.0074,,,
2026-02-23T07:00:00.0000000+01:00,0.0128,,,
2026-02-23T07:15:00.0000000+01:00,0.0486,,,
2026-02-23T07:30:00.0000000+01:00,0.1067,,,
2026-02-23T07:45:00.0000000+01:00,0.1921,,,
2026-02-23T08:00:00.0000000+01:00,0.2292,,,
2026-02-23T08:15:00.0000000+01:00,0.3084,,,
2026-02-23T08:30:00.0000000+01:00,0.3803,,,
2026-02-23T08:45:00.0000000+01:00,0.4793,,,
2026-02-23T09:00:00.0000000+01:00,0.6414,,,
2026-02-23T09:15:00.0000000+01:00,0.472,,,
2026-02-23T09:30:00.0000000+01:00,0.6512,,,
2026-02-23T09:45:00.0000000+01:00,0.8988,,,
2026-02-23T10:00:00.0000000+01:00,1.024,,,
2026-02-23T10:15:00.0000000+01:00,0.9728,,,
2026-02-23T10:30:00.0000000+01:00,0.8223,,,
2026-02-23T10:45:00.0000000+01:00,0.7105,,,
2026-02-23T11:00:00.0000000+01:00,0.6269,,,
2026-02-23T11:15:00.0000000+01:00,0.4969,,,
2026-02-23T11:30:00.0000000+01:00,0.7106,,,
2026-02-23T11:45:00.0000000+01:00,0.7773,,,
2026-02-23T12:00:00.0000000+01:00,0.8924,,,
2026-02-23T12:15:00.0000000+01:00,0.6468,,,
2026-02-23T12:30:00.0000000+01:00,0.5118,,,
2026-02-23T12:45:00.0000000+01:00,0.7025,,,
2026-02-23T13:00:00.0000000+01:00,0.777,,,
2026-02-23T13:15:00.0000000+01:00,0.793,,,
2026-02-23T13:30:00.0000000+01:00,1.0897,,,
2026-02-23T13:45:00.0000000+01:00,0.9164,,,
2026-02-23T14:00:00.0000000+01:00,0.8532,,,
2026-02-23T14:15:00.0000000+01:00,0.8877,,,
2026-02-23T14:30:00.0000000+01:00,0.7734,,,
2026-02-23T14:45:00.0000000+01:00,0.6983,,,
2026-02-23T15:00:00.0000000+01:00,0.5724,,,
2026-02-23T15:15:00.0000000+01:00,0.4795,,,
2026-02-23T15:30:00.0000000+01:00,0.5022,,,
2026-02-23T15:45:00.0000000+01:00,0.3465,,,
2026-02-23T16:00:00.0000000+01:00,0.1661,,,
2026-02-23T16:15:00.0000000+01:00,0.131,,,
2026-02-23T16:30:00.0000000+01:00,0.1472,,,
2026-02-23T16:45:00.0000000+01:00,0.1191,,,
2026-02-23T17:00:00.0000000+01:00,0.0446,,,
2026-02-23T17:15:00.0000000+01:00,0.0066,,,
2026-02-24T07:00:00.0000000+01:00,0.0123,,,
2026-02-24T07:15:00.0000000+01:00,0.0289,,,
2026-02-24T07:30:00.0000000+01:00,0.0947,,,
2026-02-24T07:45:00.0000000+01:00,0.1682,,,
2026-02-24T08:00:00.0000000+01:00,0.1968,,,
2026-02-24T08:15:00.0000000+01:00,0.2639,,,
2026-02-24T08:30:00.0000000+01:00,0.2994,,,
2026-02-24T08:45:00.0000000+01:00,0.3609,,,
2026-02-24T09:00:00.0000000+01:00,0.398,,,
2026-02-24T09:15:00.0000000+01:00,0.5009,,,
2026-02-24T09:30:00.0000000+01:00,0.6572,,,
2026-02-24T09:45:00.0000000+01:00,0.6785,,,
2026-02-24T10:00:00.0000000+01:00,0.6915,,,
2026-02-24T10:15:00.0000000+01:00,0.8666,,,
2026-02-24T10:30:00.0000000+01:00,1.008,,,
2026-02-24T10:45:00.0000000+01:00,1.0358,,,
2026-02-24T11:00:00.0000000+01:00,1.1161,,,
2026-02-24T11:15:00.0000000+01:00,1.0586,,,
2026-02-24T11:30:00.0000000+01:00,1.0713,,,
2026-02-24T11:45:00.0000000+01:00,1.0258,,,
2026-02-24T12:00:00.0000000+01:00,0.9832,,,
2026-02-24T12:15:00.0000000+01:00,0.9154,,,
2026-02-24T12:30:00.0000000+01:00,0.9048,,,
2026-02-24T12:45:00.0000000+01:00,0.8788,,,
2026-02-24T13:00:00.0000000+01:00,0.9704,,,
2026-02-24T13:15:00.0000000+01:00,0.9443,,,
2026-02-24T13:30:00.0000000+01:00,1.1751,,,
2026-02-24T13:45:00.0000000+01:00,1.1557,,,
2026-02-24T14:00:00.0000000+01:00,0.753,,,
2026-02-24T14:15:00.0000000+01:00,0.6776,,,
2026-02-24T14:30:00.0000000+01:00,0.7225,,,
2026-02-24T14:45:00.0000000+01:00,0.7361,,,
2026-02-24T15:00:00.0000000+01:00,0.6157,,,
2026-02-24T15:15:00.0000000+01:00,0.4298,,,
2026-02-24T15:30:00.0000000+01:00,0.4424,,,
2026-02-24T15:45:00.0000000+01:00,0.3441,,,
2026-02-24T16:00:00.0000000+01:00,0.2957,,,
2026-02-24T16:15:00.0000000+01:00,0.2842,,,
2026-02-24T16:30:00.0000000+01:00,0.2332,,,
2026-02-24T16:45:00.0000000+01:00,0.1348,,,
2026-02-24T17:00:00.0000000+01:00,0.0459,,,
2026-02-24T17:15:00.0000000+01:00,0.0069,,,
2026-02-24T17:30:00.0000000+01:00,-0.0033,,,
2026-02-25T06:45:00.0000000+01:00,0.0473,,,
2026-02-25T07:00:00.0000000+01:00,0.0892,,,
2026-02-25T07:15:00.0000000+01:00,0.0952,,,
2026-02-25T07:30:00.0000000+01:00,0.1555,,,
2026-02-25T07:45:00.0000000+01:00,0.2114,,,
2026-02-25T08:00:00.0000000+01:00,0.2526,,,
2026-02-25T08:15:00.0000000+01:00,0.3018,,,
2026-02-25T08:30:00.0000000+01:00,0.2838,,,
2026-02-25T08:45:00.0000000+01:00,0.3545,,,
2026-02-25T09:00:00.0000000+01:00,0.8158,,,
2026-02-25T09:15:00.0000000+01:00,1.1102,,,
2026-02-25T09:30:00.0000000+01:00,1.4781,,,
2026-02-25T09:45:00.0000000+01:00,1.5688,,,
2026-02-25T10:00:00.0000000+01:00,1.5892,,,
2026-02-25T10:15:00.0000000+01:00,1.663,,,
2026-02-25T10:30:00.0000000+01:00,2.2692,,,
2026-02-25T10:45:00.0000000+01:00,2.8996,,,
2026-02-25T11:00:00.0000000+01:00,3.1549,,,
2026-02-25T11:15:00.0000000+01:00,2.2,,,
2026-02-25T11:30:00.0000000+01:00,1.7639,,,
2026-02-25T11:45:00.0000000+01:00,1.6269,,,
2026-02-25T12:00:00.0000000+01:00,1.4554,,,
2026-02-25T12:15:00.0000000+01:00,1.7476,,,
2026-02-25T12:30:00.0000000+01:00,1.5436,,,
2026-02-25T12:45:00.0000000+01:00,1.7293,,,
2026-02-25T13:00:00.0000000+01:00,1.3753,,,
2026-02-25T13:15:00.0000000+01:00,1.5208,,,
2026-02-25T13:30:00.0000000+01:00,1.4354,,,
2026-02-25T13:45:00.0000000+01:00,1.1474,,,
2026-02-25T14:00:00.0000000+01:00,1.0295,,,
2026-02-25T14:15:00.0000000+01:00,1.0801,,,
2026-02-25T14:30:00.0000000+01:00,0.8773,,,
2026-02-25T14:45:00.0000000+01:00,0.9561,,,
2026-02-25T15:00:00.0000000+01:00,0.7269,,,
2026-02-25T15:15:00.0000000+01:00,0.6442,,,
2026-02-25T15:30:00.0000000+01:00,0.4426,,,
2026-02-25T15:45:00.0000000+01:00,0.3076,,,
2026-02-25T16:00:00.0000000+01:00,0.2341,,,
2026-02-25T16:15:00.0000000+01:00,0.1709,,,
2026-02-25T16:30:00.0000000+01:00,0.1184,,,
2026-02-25T16:45:00.0000000+01:00,0.0738,,,
2026-02-25T17:00:00.0000000+01:00,0.0411,,,
2026-02-25T17:15:00.0000000+01:00,0.0151,,,
2026-02-25T17:30:00.0000000+01:00,-0.0053,,,
2026-02-26T06:45:00.0000000+01:00,0.0227,,,
2026-02-26T07:00:00.0000000+01:00,0.0721,,,
2026-02-26T07:15:00.0000000+01:00,0.1759,,,
2026-02-26T07:30:00.0000000+01:00,0.2634,,,
2026-02-26T07:45:00.0000000+01:00,0.2643,,,
2026-02-26T08:00:00.0000000+01:00,0.3374,,,
2026-02-26T08:15:00.0000000+01:00,0.3525,,,
2026-02-26T08:30:00.0000000+01:00,0.3913,,,
2026-02-26T08:45:00.0000000+01:00,0.5232,,,
2026-02-26T09:00:00.0000000+01:00,0.5731,,,
2026-02-26T09:15:00.0000000+01:00,0.6943,,,
2026-02-26T09:30:00.0000000+01:00,0.508,,,
2026-02-26T09:45:00.0000000+01:00,0.8681,,,
2026-02-26T10:00:00.0000000+01:00,1.1025,,,
2026-02-26T10:15:00.0000000+01:00,1.4662,,,
2026-02-26T10:30:00.0000000+01:00,1.4446,,,
2026-02-26T10:45:00.0000000+01:00,0.8906,,,
2026-02-26T11:00:00.0000000+01:00,1.1366,,,
2026-02-26T11:15:00.0000000+01:00,1.1428,,,
2026-02-26T11:30:00.0000000+01:00,1.4184,,,
2026-02-26T11:45:00.0000000+01:00,1.1293,,,
2026-02-26T12:00:00.0000000+01:00,0.9184,,,
2026-02-26T12:15:00.0000000+01:00,0.8406,,,
2026-02-26T12:30:00.0000000+01:00,0.8675,,,
2026-02-26T12:45:00.0000000+01:00,1.0205,,,
2026-02-26T13:00:00.0000000+01:00,1.0768,,,
2026-02-26T13:15:00.0000000+01:00,1.1005,,,
2026-02-26T13:30:00.0000000+01:00,0.4289,,,
2026-02-26T13:45:00.0000000+01:00,0.6983,,,
2026-02-26T14:00:00.0000000+01:00,0.6063,,,
2026-02-26T14:15:00.0000000+01:00,0.6578,,,
2026-02-26T14:30:00.0000000+01:00,0.5138,,,
2026-02-26T14:45:00.0000000+01:00,0.4496,,,
2026-02-26T15:00:00.0000000+01:00,0.4212,,,
2026-02-26T15:15:00.0000000+01:00,0.5717,,,
2026-02-26T15:30:00.0000000+01:00,0.3885,,,
2026-02-26T15:45:00.0000000+01:00,0.2723,,,
2026-02-26T16:00:00.0000000+01:00,0.1656,,,
2026-02-26T16:15:00.0000000+01:00,0.0942,,,
2026-02-26T16:30:00.0000000+01:00,0.069,,,
2026-02-26T16:45:00.0000000+01:00,0.0281,,,
2026-02-26T17:00:00.0000000+01:00,0.0059,,,
2026-02-26T17:15:00.0000000+01:00,-0.0043,,,
2026-02-27T07:00:00.0000000+01:00,0.0064,,,
2026-02-27T07:15:00.0000000+01:00,0.0342,,,
2026-02-27T07:30:00.0000000+01:00,0.0772,,,
2026-02-27T07:45:00.0000000+01:00,0.0703,,,
2026-02-27T08:00:00.0000000+01:00,0.1686,,,
2026-02-27T08:15:00.0000000+01:00,0.1805,,,
2026-02-27T08:30:00.0000000+01:00,0.3118,,,
2026-02-27T08:45:00.0000000+01:00,0.5179,,,
2026-02-27T09:00:00.0000000+01:00,0.4101,,,
2026-02-27T09:15:00.0000000+01:00,0.4207,,,
2026-02-27T09:30:00.0000000+01:00,0.6083,,,
2026-02-27T09:45:00.0000000+01:00,0.8789,,,
2026-02-27T10:00:00.0000000+01:00,0.5983,,,
2026-02-27T10:15:00.0000000+01:00,0.5887,,,
2026-02-27T10:30:00.0000000+01:00,0.8798,,,
2026-02-27T10:45:00.0000000+01:00,1.0643,,,
2026-02-27T11:00:00.0000000+01:00,1.1403,,,
2026-02-27T11:15:00.0000000+01:00,0.9764,,,
2026-02-27T11:30:00.0000000+01:00,0.8794,,,
2026-02-27T11:45:00.0000000+01:00,0.8279,,,
2026-02-27T12:00:00.0000000+01:00,0.5666,,,
2026-02-27T12:15:00.0000000+01:00,0.7013,,,
2026-02-27T12:30:00.0000000+01:00,0.5202,,,
2026-02-27T12:45:00.0000000+01:00,0.3867,,,
2026-02-27T13:00:00.0000000+01:00,0.4227,,,
2026-02-27T13:15:00.0000000+01:00,0.6332,,,
2026-02-27T13:30:00.0000000+01:00,1.2183,,,
2026-02-27T13:45:00.0000000+01:00,0.9152,,,
2026-02-27T14:00:00.0000000+01:00,0.6568,,,
2026-02-27T14:15:00.0000000+01:00,0.3472,,,
2026-02-27T14:30:00.0000000+01:00,0.3267,,,
2026-02-27T14:45:00.0000000+01:00,0.2886,,,
2026-02-27T15:00:00.0000000+01:00,0.1886,,,
2026-02-27T15:15:00.0000000+01:00,0.2119,,,
2026-02-27T15:30:00.0000000+01:00,0.1442,,,
2026-02-27T15:45:00.0000000+01:00,0.0935,,,
2026-02-27T16:00:00.0000000+01:00,0.0742,,,
2026-02-27T16:15:00.0000000+01:00,0.0617,,,
2026-02-27T16:30:00.0000000+01:00,0.0716,,,
2026-02-27T16:45:00.0000000+01:00,0.0336,,,
2026-02-27T17:15:00.0000000+01:00,-0.0017,,,
2026-02-28T07:00:00.0000000+01:00,0.0194,,,
2026-02-28T07:15:00.0000000+01:00,0.045,,,
2026-02-28T07:30:00.0000000+01:00,0.0821,,,
2026-02-28T07:45:00.0000000+01:00,0.0863,,,
2026-02-28T08:00:00.0000000+01:00,0.0508,,,
2026-02-28T08:15:00.0000000+01:00,0.0793,,,
2026-02-28T08:30:00.0000000+01:00,0.1165,,,
2026-02-28T08:45:00.0000000+01:00,0.0849,,,
2026-02-28T09:00:00.0000000+01:00,0.114,,,
2026-02-28T09:15:00.0000000+01:00,0.1681,,,
2026-02-28T09:30:00.0000000+01:00,0.189,,,
2026-02-28T09:45:00.0000000+01:00,0.216,,,
2026-02-28T10:00:00.0000000+01:00,0.4429,,,
2026-02-28T10:15:00.0000000+01:00,0.6397,,,
2026-02-28T10:30:00.0000000+01:00,0.6448,,,
2026-02-28T10:45:00.0000000+01:00,0.6357,,,
2026-02-28T11:00:00.0000000+01:00,0.49,,,
2026-02-28T11:15:00.0000000+01:00,0.3842,,,
2026-02-28T11:30:00.0000000+01:00,0.2096,,,
2026-02-28T11:45:00.0000000+01:00,0.1501,,,
2026-02-28T12:00:00.0000000+01:00,0.1369,,,
2026-02-28T12:15:00.0000000+01:00,0.126,,,
2026-02-28T12:30:00.0000000+01:00,0.195,,,
2026-02-28T12:45:00.0000000+01:00,0.3311,,,
2026-02-28T13:00:00.0000000+01:00,0.3567,,,
2026-02-28T13:15:00.0000000+01:00,0.4365,,,
2026-02-28T13:30:00.0000000+01:00,0.4021,,,
2026-02-28T13:45:00.0000000+01:00,0.4332,,,
2026-02-28T14:00:00.0000000+01:00,0.3966,,,
2026-02-28T14:15:00.0000000+01:00,0.3895,,,
2026-02-28T14:30:00.0000000+01:00,0.2444,,,
2026-02-28T14:45:00.0000000+01:00,0.1591,,,
2026-02-28T15:00:00.0000000+01:00,0.2582,,,
2026-02-28T15:15:00.0000000+01:00,0.407,,,
2026-02-28T15:30:00.0000000+01:00,0.3521,,,
2026-02-28T15:45:00.0000000+01:00,0.2491,,,
2026-02-28T16:00:00.0000000+01:00,0.2533,,,
2026-02-28T16:15:00.0000000+01:00,0.208,,,
2026-02-28T16:30:00.0000000+01:00,0.0927,,,
2026-02-28T16:45:00.0000000+01:00,0.0476,,,
2026-02-28T17:00:00.0000000+01:00,0.0226,,,
2026-02-28T17:15:00.0000000+01:00,0.0007,,,
2026-03-01T07:00:00.0000000+01:00,0.0111,,,
2026-03-01T07:15:00.0000000+01:00,0.0585,,,
2026-03-01T07:30:00.0000000+01:00,0.0532,,,
2026-03-01T07:45:00.0000000+01:00,0.0704,,,
2026-03-01T08:00:00.0000000+01:00,0.1263,,,
2026-03-01T08:15:00.0000000+01:00,0.2083,,,
2026-03-01T08:30:00.0000000+01:00,0.322,,,
2026-03-01T08:45:00.0000000+01:00,0.328,,,
2026-03-01T09:00:00.0000000+01:00,0.3693,,,
2026-03-01T09:15:00.0000000+01:00,0.2841,,,
2026-03-01T09:30:00.0000000+01:00,0.3852,,,
2026-03-01T09:45:00.0000000+01:00,0.4944,,,
2026-03-01T10:00:00.0000000+01:00,0.6402,,,
2026-03-01T10:15:00.0000000+01:00,0.6179,,,
2026-03-01T10:30:00.0000000+01:00,0.5461,,,
2026-03-01T10:45:00.0000000+01:00,0.488,,,
2026-03-01T11:00:00.0000000+01:00,0.519,,,
2026-03-01T11:15:00.0000000+01:00,0.7383,,,
2026-03-01T11:30:00.0000000+01:00,0.9929,,,
2026-03-01T11:45:00.0000000+01:00,0.6616,,,
2026-03-01T12:00:00.0000000+01:00,1.6485,,,
2026-03-01T12:15:00.0000000+01:00,1.182,,,
2026-03-01T12:30:00.0000000+01:00,1.6181,,,
2026-03-01T12:45:00.0000000+01:00,1.2546,,,
2026-03-01T13:00:00.0000000+01:00,1.9053,,,
2026-03-01T13:15:00.0000000+01:00,2.1445,,,
2026-03-01T13:30:00.0000000+01:00,2.0661,,,
2026-03-01T13:45:00.0000000+01:00,1.9241,,,
2026-03-01T14:00:00.0000000+01:00,2.3993,,,
2026-03-01T14:15:00.0000000+01:00,2.8176,,,
2026-03-01T14:30:00.0000000+01:00,2.7587,,,
2026-03-01T14:45:00.0000000+01:00,2.3432,,,
2026-03-01T15:00:00.0000000+01:00,2.2865,,,
2026-03-01T15:15:00.0000000+01:00,2.0351,,,
2026-03-01T15:30:00.0000000+01:00,1.6737,,,
2026-03-01T15:45:00.0000000+01:00,1.5972,,,
2026-03-01T16:00:00.0000000+01:00,1.1643,,,
2026-03-01T16:15:00.0000000+01:00,0.4311,,,
2026-03-01T16:30:00.0000000+01:00,0.3414,,,
2026-03-01T16:45:00.0000000+01:00,0.1687,,,
2026-03-01T17:00:00.0000000+01:00,0.0669,,,
2026-03-01T17:15:00.0000000+01:00,0.0237,,,
2026-03-01T17:30:00.0000000+01:00,0.0026,,,
2026-03-01T17:45:00.0000000+01:00,-0.0076,,,
2026-03-02T06:45:00.0000000+01:00,0.0135,,,
2026-03-02T07:00:00.0000000+01:00,0.0462,,,
2026-03-02T07:15:00.0000000+01:00,0.1246,,,
2026-03-02T07:30:00.0000000+01:00,0.2166,,,
2026-03-02T07:45:00.0000000+01:00,0.2673,,,
2026-03-02T08:00:00.0000000+01:00,0.2552,,,
2026-03-02T08:15:00.0000000+01:00,0.3386,,,
2026-03-02T08:30:00.0000000+01:00,0.4637,,,
2026-03-02T08:45:00.0000000+01:00,0.4548,,,
2026-03-02T09:00:00.0000000+01:00,0.5578,,,
2026-03-02T09:15:00.0000000+01:00,0.6646,,,
2026-03-02T09:30:00.0000000+01:00,0.7122,,,
2026-03-02T09:45:00.0000000+01:00,0.7148,,,
2026-03-02T10:00:00.0000000+01:00,0.7537,,,
2026-03-02T10:15:00.0000000+01:00,1.011,,,
2026-03-02T10:30:00.0000000+01:00,0.9287,,,
2026-03-02T10:45:00.0000000+01:00,0.7743,,,
2026-03-02T11:00:00.0000000+01:00,0.5916,,,
2026-03-02T11:15:00.0000000+01:00,0.6209,,,
2026-03-02T11:30:00.0000000+01:00,0.7019,,,
2026-03-02T11:45:00.0000000+01:00,0.6933,,,
2026-03-02T12:00:00.0000000+01:00,1.0585,,,
2026-03-02T12:15:00.0000000+01:00,1.3844,,,
2026-03-02T12:30:00.0000000+01:00,1.2303,,,
2026-03-02T12:45:00.0000000+01:00,0.8536,,,
2026-03-02T13:00:00.0000000+01:00,0.6449,,,
2026-03-02T13:15:00.0000000+01:00,0.8046,,,
2026-03-02T13:30:00.0000000+01:00,1.0563,,,
2026-03-02T13:45:00.0000000+01:00,1.3126,,,
2026-03-02T14:00:00.0000000+01:00,1.0091,,,
2026-03-02T14:15:00.0000000+01:00,0.9624,,,
2026-03-02T14:30:00.0000000+01:00,1.4209,,,
2026-03-02T14:45:00.0000000+01:00,1.0875,,,
2026-03-02T15:00:00.0000000+01:00,0.8381,,,
2026-03-02T15:15:00.0000000+01:00,0.5281,,,
2026-03-02T15:30:00.0000000+01:00,0.3963,,,
2026-03-02T15:45:00.0000000+01:00,0.2617,,,
2026-03-02T16:00:00.0000000+01:00,0.2964,,,
2026-03-02T16:15:00.0000000+01:00,0.2693,,,
2026-03-02T16:30:00.0000000+01:00,0.1823,,,
2026-03-02T16:45:00.0000000+01:00,0.1187,,,
2026-03-02T17:00:00.0000000+01:00,0.0644,,,
2026-03-02T17:15:00.0000000+01:00,0.0152,,,
2026-03-02T17:30:00.0000000+01:00,-0.005,,,
2026-03-03T06:30:00.0000000+01:00,0.0056,,,
2026-03-03T06:45:00.0000000+01:00,0.0326,,,
2026-03-03T07:00:00.0000000+01:00,0.0956,,,
2026-03-03T07:15:00.0000000+01:00,0.167,,,
2026-03-03T07:30:00.0000000+01:00,0.2672,,,
2026-03-03T07:45:00.0000000+01:00,0.4247,,,
2026-03-03T08:00:00.0000000+01:00,0.6307,,,
2026-03-03T08:15:00.0000000+01:00,0.6612,,,
2026-03-03T08:30:00.0000000+01:00,1.0034,,,
2026-03-03T08:45:00.0000000+01:00,1.2874,,,
2026-03-03T09:00:00.0000000+01:00,1.0925,,,
2026-03-03T09:15:00.0000000+01:00,1.682,,,
2026-03-03T09:30:00.0000000+01:00,1.6528,,,
2026-03-03T09:45:00.0000000+01:00,2.4798,,,
2026-03-03T10:00:00.0000000+01:00,2.8589,,,
2026-03-03T10:15:00.0000000+01:00,2.8043,,,
2026-03-03T10:30:00.0000000+01:00,3.0988,,,
2026-03-03T10:45:00.0000000+01:00,3.3274,,,
2026-03-03T11:00:00.0000000+01:00,2.5697,,,
2026-03-03T11:15:00.0000000+01:00,1.6495,,,
2026-03-03T11:30:00.0000000+01:00,2.6658,,,
2026-03-03T11:45:00.0000000+01:00,3.732,,,
2026-03-03T12:00:00.0000000+01:00,3.663,,,
2026-03-03T12:15:00.0000000+01:00,3.6338,,,
2026-03-03T12:30:00.0000000+01:00,3.7924,,,
2026-03-03T12:45:00.0000000+01:00,2.8145,,,
2026-03-03T13:00:00.0000000+01:00,3.5113,,,
2026-03-03T13:15:00.0000000+01:00,3.3719,,,
2026-03-03T13:30:00.0000000+01:00,2.7889,,,
2026-03-03T13:45:00.0000000+01:00,2.8139,,,
2026-03-03T15:00:00.0000000+01:00,2.2065,,,
2026-03-03T15:15:00.0000000+01:00,1.6133,,,
2026-03-03T15:30:00.0000000+01:00,1.4854,,,
2026-03-03T15:45:00.0000000+01:00,1.4457,,,
2026-03-03T16:00:00.0000000+01:00,1.1816,,,
2026-03-03T16:15:00.0000000+01:00,0.9228,,,
2026-03-03T16:30:00.0000000+01:00,0.6571,,,
2026-03-03T16:45:00.0000000+01:00,0.3721,,,
2026-03-03T17:00:00.0000000+01:00,0.1778,,,
2026-03-03T17:15:00.0000000+01:00,0.0712,,,
2026-03-03T17:30:00.0000000+01:00,0.0224,,,
2026-03-03T17:45:00.0000000+01:00,0.0011,,,
2026-03-04T06:30:00.0000000+01:00,0.0117,,,
2026-03-04T06:45:00.0000000+01:00,0.0437,,,
2026-03-04T07:00:00.0000000+01:00,0.1146,,,
2026-03-04T07:15:00.0000000+01:00,0.225,,,
2026-03-04T07:30:00.0000000+01:00,0.3613,,,
2026-03-04T07:45:00.0000000+01:00,0.4938,,,
2026-03-04T08:00:00.0000000+01:00,0.8562,,,
2026-03-04T08:15:00.0000000+01:00,1.1956,,,
2026-03-04T08:30:00.0000000+01:00,1.4188,,,
2026-03-04T08:45:00.0000000+01:00,1.7703,,,
2026-03-04T09:00:00.0000000+01:00,1.9414,,,
2026-03-04T09:15:00.0000000+01:00,2.0753,,,
2026-03-04T09:30:00.0000000+01:00,2.3292,,,
2026-03-04T09:45:00.0000000+01:00,2.8718,,,
2026-03-04T10:00:00.0000000+01:00,3.0559,,,
2026-03-04T10:15:00.0000000+01:00,3.2224,,,
2026-03-04T10:30:00.0000000+01:00,3.3554,,,
2026-03-04T10:45:00.0000000+01:00,3.1276,,,
2026-03-04T11:00:00.0000000+01:00,3.5698,,,
2026-03-04T11:15:00.0000000+01:00,3.8711,,,
2026-03-04T11:30:00.0000000+01:00,4.0899,,,
2026-03-04T11:45:00.0000000+01:00,3.372,,,
2026-03-04T12:00:00.0000000+01:00,3.594,,,
2026-03-04T12:15:00.0000000+01:00,3.943,,,
2026-03-04T12:30:00.0000000+01:00,3.8058,,,
2026-03-04T12:45:00.0000000+01:00,3.8293,,,
2026-03-04T13:00:00.0000000+01:00,3.7873,,,
2026-03-04T13:15:00.0000000+01:00,3.7003,,,
2026-03-04T13:30:00.0000000+01:00,3.5925,,,
2026-03-04T13:45:00.0000000+01:00,3.4352,,,
2026-03-04T14:00:00.0000000+01:00,3.2739,,,
2026-03-04T14:15:00.0000000+01:00,3.0825,,,
2026-03-04T14:30:00.0000000+01:00,2.9103,,,
2026-03-04T14:45:00.0000000+01:00,2.6816,,,
2026-03-04T15:00:00.0000000+01:00,2.3659,,,
2026-03-04T15:15:00.0000000+01:00,2.03,,,
2026-03-04T15:30:00.0000000+01:00,1.7879,,,
2026-03-04T15:45:00.0000000+01:00,1.5428,,,
2026-03-04T16:00:00.0000000+01:00,1.3039,,,
2026-03-04T16:15:00.0000000+01:00,0.9549,,,
2026-03-04T16:30:00.0000000+01:00,0.7555,,,
2026-03-04T16:45:00.0000000+01:00,0.4161,,,
2026-03-04T17:00:00.0000000+01:00,0.2305,,,
2026-03-04T17:15:00.0000000+01:00,0.1042,,,
2026-03-04T17:30:00.0000000+01:00,0.0354,,,
2026-03-04T17:45:00.0000000+01:00,0.0036,,,
2026-03-05T06:30:00.0000000+01:00,0.0089,,,
2026-03-05T06:45:00.0000000+01:00,0.0391,,,
2026-03-05T07:00:00.0000000+01:00,0.0955,,,
2026-03-05T07:15:00.0000000+01:00,0.1739,,,
2026-03-05T07:30:00.0000000+01:00,0.3026,,,
2026-03-05T07:45:00.0000000+01:00,0.4872,,,
2026-03-05T08:00:00.0000000+01:00,0.6657,,,
2026-03-05T08:15:00.0000000+01:00,0.9932,,,
2026-03-05T08:30:00.0000000+01:00,1.4289,,,
2026-03-05T08:45:00.0000000+01:00,1.4754,,,
2026-03-05T09:00:00.0000000+01:00,1.6794,,,
2026-03-05T09:15:00.0000000+01:00,2.2511,,,
2026-03-05T09:30:00.0000000+01:00,2.5184,,,
2026-03-05T09:45:00.0000000+01:00,2.6852,,,
2026-03-05T10:00:00.0000000+01:00,3.1391,,,
2026-03-05T10:15:00.0000000+01:00,3.2668,,,
2026-03-05T10:30:00.0000000+01:00,3.4541,,,
2026-03-05T10:45:00.0000000+01:00,3.6392,,,
2026-03-05T11:00:00.0000000+01:00,3.676,,,
2026-03-05T11:15:00.0000000+01:00,3.6938,,,
2026-03-05T11:30:00.0000000+01:00,3.91,,,
2026-03-05T11:45:00.0000000+01:00,3.9476,,,
2026-03-05T12:00:00.0000000+01:00,3.9875,,,
2026-03-05T12:15:00.0000000+01:00,3.8407,,,
2026-03-05T12:30:00.0000000+01:00,3.9883,,,
2026-03-05T12:45:00.0000000+01:00,3.9415,,,
2026-03-05T13:00:00.0000000+01:00,3.9753,,,
2026-03-05T13:15:00.0000000+01:00,3.8665,,,
2026-03-05T13:30:00.0000000+01:00,3.7687,,,
2026-03-05T13:45:00.0000000+01:00,3.517,,,
2026-03-05T14:00:00.0000000+01:00,3.4204,,,
2026-03-05T14:15:00.0000000+01:00,3.2638,,,
2026-03-05T14:30:00.0000000+01:00,3.0373,,,
2026-03-05T14:45:00.0000000+01:00,2.7956,,,
2026-03-05T15:00:00.0000000+01:00,2.5379,,,
2026-03-05T15:15:00.0000000+01:00,2.2402,,,
2026-03-05T15:30:00.0000000+01:00,1.952,,,
2026-03-05T15:45:00.0000000+01:00,1.6404,,,
2026-03-05T16:00:00.0000000+01:00,1.3542,,,
2026-03-05T16:15:00.0000000+01:00,1.0781,,,
2026-03-05T16:30:00.0000000+01:00,0.7412,,,
2026-03-05T16:45:00.0000000+01:00,0.432,,,
2026-03-05T17:00:00.0000000+01:00,0.2533,,,
2026-03-05T17:15:00.0000000+01:00,0.1213,,,
2026-03-05T17:30:00.0000000+01:00,0.0491,,,
2026-03-05T17:45:00.0000000+01:00,0.0111,,,
2026-03-05T18:00:00.0000000+01:00,-0.005,,,
2026-03-06T06:30:00.0000000+01:00,0.0109,,,
2026-03-06T06:45:00.0000000+01:00,0.0484,,,
2026-03-06T07:00:00.0000000+01:00,0.1157,,,
2026-03-06T07:15:00.0000000+01:00,0.2342,,,
2026-03-06T07:30:00.0000000+01:00,0.4254,,,
2026-03-06T07:45:00.0000000+01:00,0.662,,,
2026-03-06T08:00:00.0000000+01:00,0.9174,,,
2026-03-06T08:15:00.0000000+01:00,1.2038,,,
2026-03-06T08:30:00.0000000+01:00,1.4946,,,
2026-03-06T08:45:00.0000000+01:00,1.7999,,,
2026-03-06T09:00:00.0000000+01:00,2.1112,,,
2026-03-06T09:15:00.0000000+01:00,2.3955,,,
2026-03-06T09:30:00.0000000+01:00,2.6768,,,
2026-03-06T09:45:00.0000000+01:00,2.9138,,,
2026-03-06T10:00:00.0000000+01:00,3.1297,,,
2026-03-06T10:15:00.0000000+01:00,3.3077,,,
2026-03-06T10:30:00.0000000+01:00,3.4538,,,
2026-03-06T10:45:00.0000000+01:00,3.5915,,,
2026-03-06T11:00:00.0000000+01:00,3.7203,,,
2026-03-06T11:15:00.0000000+01:00,3.8274,,,
2026-03-06T11:30:00.0000000+01:00,3.9101,,,
2026-03-06T11:45:00.0000000+01:00,3.9663,,,
2026-03-06T12:00:00.0000000+01:00,4.0008,,,
2026-03-06T12:30:00.0000000+01:00,4.0001,,,
2026-03-06T12:45:00.0000000+01:00,3.9713,,,
2026-03-06T13:00:00.0000000+01:00,3.9059,,,
2026-03-06T13:15:00.0000000+01:00,3.8118,,,
2026-03-06T13:30:00.0000000+01:00,3.7051,,,
2026-03-06T13:45:00.0000000+01:00,3.5717,,,
2026-03-06T14:00:00.0000000+01:00,3.4101,,,
2026-03-06T14:15:00.0000000+01:00,3.2354,,,
2026-03-06T14:30:00.0000000+01:00,3.0391,,,
2026-03-06T14:45:00.0000000+01:00,2.8153,,,
2026-03-06T15:00:00.0000000+01:00,2.5595,,,
2026-03-06T15:15:00.0000000+01:00,2.2643,,,
2026-03-06T15:30:00.0000000+01:00,1.963,,,
2026-03-06T15:45:00.0000000+01:00,1.6585,,,
2026-03-06T16:00:00.0000000+01:00,1.3552,,,
2026-03-06T16:15:00.0000000+01:00,1.036,,,
2026-03-06T16:30:00.0000000+01:00,0.7283,,,
2026-03-06T16:45:00.0000000+01:00,0.4551,,,
2026-03-06T17:00:00.0000000+01:00,0.246,,,
2026-03-06T17:15:00.0000000+01:00,0.1028,,,
2026-03-06T17:30:00.0000000+01:00,0.0378,,,
2026-03-06T17:45:00.0000000+01:00,0.0004,,,
2026-03-07T06:15:00.0000000+01:00,0.0054,,,
2026-03-07T06:30:00.0000000+01:00,0.0336,,,
2026-03-07T06:45:00.0000000+01:00,0.0929,,,
2026-03-07T07:00:00.0000000+01:00,0.1634,,,
2026-03-07T07:15:00.0000000+01:00,0.2271,,,
2026-03-07T07:30:00.0000000+01:00,0.3813,,,
2026-03-07T07:45:00.0000000+01:00,0.7734,,,
2026-03-07T08:00:00.0000000+01:00,0.9678,,,
2026-03-07T08:15:00.0000000+01:00,0.989,,,
2026-03-07T08:30:00.0000000+01:00,1.2447,,,
2026-03-07T08:45:00.0000000+01:00,1.1536,,,
2026-03-07T09:00:00.0000000+01:00,1.2872,,,
2026-03-07T09:15:00.0000000+01:00,1.5407,,,
2026-03-07T09:30:00.0000000+01:00,1.7159,,,
2026-03-07T09:45:00.0000000+01:00,2.6918,,,
2026-03-07T10:00:00.0000000+01:00,2.4775,,,
2026-03-07T10:15:00.0000000+01:00,2.6163,,,
2026-03-07T10:30:00.0000000+01:00,2.4828,,,
2026-03-07T10:45:00.0000000+01:00,2.7135,,,
2026-03-07T11:00:00.0000000+01:00,1.9,,,
2026-03-07T11:15:00.0000000+01:00,2.3118,,,
2026-03-07T11:30:00.0000000+01:00,1.6647,,,
2026-03-07T11:45:00.0000000+01:00,1.6155,,,
2026-03-07T12:00:00.0000000+01:00,1.3247,,,
2026-03-07T12:15:00.0000000+01:00,1.2767,,,
2026-03-07T12:30:00.0000000+01:00,1.551,,,
2026-03-07T12:45:00.0000000+01:00,1.3183,,,
2026-03-07T13:00:00.0000000+01:00,1.531,,,
2026-03-07T13:15:00.0000000+01:00,1.8627,,,
2026-03-07T13:30:00.0000000+01:00,1.843,,,
2026-03-07T13:45:00.0000000+01:00,1.8667,,,
2026-03-07T14:00:00.0000000+01:00,1.3546,,,
2026-03-07T14:15:00.0000000+01:00,1.0535,,,
2026-03-07T14:30:00.0000000+01:00,0.9063,,,
2026-03-07T14:45:00.0000000+01:00,0.818,,,
2026-03-07T15:00:00.0000000+01:00,0.7398,,,
2026-03-07T15:15:00.0000000+01:00,0.6767,,,
2026-03-07T15:30:00.0000000+01:00,0.5894,,,
2026-03-07T15:45:00.0000000+01:00,0.5041,,,
2026-03-07T16:00:00.0000000+01:00,0.4177,,,
2026-03-07T16:15:00.0000000+01:00,0.3131,,,
2026-03-07T16:30:00.0000000+01:00,0.2202,,,
2026-03-07T16:45:00.0000000+01:00,0.1519,,,
2026-03-07T17:00:00.0000000+01:00,0.0906,,,
2026-03-07T17:15:00.0000000+01:00,0.0416,,,
2026-03-07T17:30:00.0000000+01:00,0.0086,,,
2026-03-07T17:45:00.0000000+01:00,-0.0067,,,
2026-03-08T06:30:00.0000000+01:00,0.0145,,,
2026-03-08T06:45:00.0000000+01:00,0.0548,,,
2026-03-08T07:00:00.0000000+01:00,0.1233,,,
2026-03-08T07:15:00.0000000+01:00,0.2117,,,
2026-03-08T07:30:00.0000000+01:00,0.3252,,,
2026-03-08T07:45:00.0000000+01:00,0.4403,,,
2026-03-08T08:00:00.0000000+01:00,0.7253,,,
2026-03-08T08:15:00.0000000+01:00,1.2122,,,
2026-03-08T08:30:00.0000000+01:00,1.4277,,,
2026-03-08T08:45:00.0000000+01:00,1.8166,,,
2026-03-08T09:00:00.0000000+01:00,2.5352,,,
2026-03-08T09:15:00.0000000+01:00,2.0069,,,
2026-03-08T09:30:00.0000000+01:00,3.2235,,,
2026-03-08T09:45:00.0000000+01:00,3.503,,,
2026-03-08T10:00:00.0000000+01:00,3.4401,,,
2026-03-08T10:15:00.0000000+01:00,3.4847,,,
2026-03-08T10:30:00.0000000+01:00,3.3041,,,
2026-03-08T10:45:00.0000000+01:00,3.4565,,,
2026-03-08T11:00:00.0000000+01:00,3.5923,,,
2026-03-08T11:15:00.0000000+01:00,3.6633,,,
2026-03-08T11:30:00.0000000+01:00,3.7282,,,
2026-03-08T11:45:00.0000000+01:00,3.8042,,,
2026-03-08T12:00:00.0000000+01:00,3.801,,,
2026-03-08T12:15:00.0000000+01:00,3.8162,,,
2026-03-08T12:30:00.0000000+01:00,3.7856,,,
2026-03-08T12:45:00.0000000+01:00,3.7065,,,
2026-03-08T13:00:00.0000000+01:00,3.6052,,,
2026-03-08T13:15:00.0000000+01:00,3.4686,,,
2026-03-08T13:30:00.0000000+01:00,3.3181,,,
2026-03-08T13:45:00.0000000+01:00,3.2057,,,
2026-03-08T14:00:00.0000000+01:00,3.0115,,,
2026-03-08T14:15:00.0000000+01:00,2.7936,,,
2026-03-08T14:30:00.0000000+01:00,2.5523,,,
2026-03-08T14:45:00.0000000+01:00,2.3165,,,
2026-03-08T15:00:00.0000000+01:00,2.039,,,
2026-03-08T15:15:00.0000000+01:00,1.6557,,,
2026-03-08T15:30:00.0000000+01:00,1.5517,,,
2026-03-08T15:45:00.0000000+01:00,1.3033,,,
2026-03-08T16:00:00.0000000+01:00,0.9804,,,
2026-03-08T16:15:00.0000000+01:00,0.5936,,,
2026-03-08T16:30:00.0000000+01:00,0.4342,,,
2026-03-08T16:45:00.0000000+01:00,0.343,,,
2026-03-08T17:00:00.0000000+01:00,0.1842,,,
2026-03-08T17:15:00.0000000+01:00,0.1047,,,
2026-03-08T17:30:00.0000000+01:00,0.0493,,,
2026-03-08T17:45:00.0000000+01:00,0.0113,,,
2026-03-08T18:00:00.0000000+01:00,-0.0041,,,
2026-03-09T06:15:00.0000000+01:00,0.0061,,,
2026-03-09T06:30:00.0000000+01:00,0.0391,,,
2026-03-09T06:45:00.0000000+01:00,0.1343,,,
2026-03-09T07:00:00.0000000+01:00,0.2923,,,
2026-03-09T07:15:00.0000000+01:00,0.4922,,,
2026-03-09T07:30:00.0000000+01:00,0.6523,,,
2026-03-09T07:45:00.0000000+01:00,0.8276,,,
2026-03-09T08:00:00.0000000+01:00,0.9479,,,
2026-03-09T08:15:00.0000000+01:00,1.0378,,,
2026-03-09T08:30:00.0000000+01:00,1.1935,,,
2026-03-09T08:45:00.0000000+01:00,1.2268,,,
2026-03-09T09:00:00.0000000+01:00,0.8959,,,
2026-03-09T09:15:00.0000000+01:00,1.618,,,
2026-03-09T09:30:00.0000000+01:00,2.0313,,,
2026-03-09T09:45:00.0000000+01:00,2.1173,,,
2026-03-09T10:00:00.0000000+01:00,3.1051,,,
2026-03-09T10:15:00.0000000+01:00,3.2919,,,
2026-03-09T10:30:00.0000000+01:00,3.4301,,,
2026-03-09T10:45:00.0000000+01:00,3.5885,,,
2026-03-09T11:00:00.0000000+01:00,3.6699,,,
2026-03-09T11:15:00.0000000+01:00,3.6663,,,
2026-03-09T11:30:00.0000000+01:00,3.9232,,,
2026-03-09T11:45:00.0000000+01:00,3.9733,,,
2026-03-09T12:00:00.0000000+01:00,4.033,,,
2026-03-09T12:15:00.0000000+01:00,4.0055,,,
2026-03-09T12:30:00.0000000+01:00,4.0182,,,
2026-03-09T12:45:00.0000000+01:00,3.9631,,,
2026-03-09T13:00:00.0000000+01:00,3.8867,,,
2026-03-09T13:15:00.0000000+01:00,3.7869,,,
2026-03-09T13:30:00.0000000+01:00,3.6704,,,
2026-03-09T13:45:00.0000000+01:00,3.529,,,
2026-03-09T14:00:00.0000000+01:00,3.409,,,
2026-03-09T14:15:00.0000000+01:00,3.2595,,,
2026-03-09T14:30:00.0000000+01:00,3.0285,,,
2026-03-09T14:45:00.0000000+01:00,2.7458,,,
2026-03-09T15:00:00.0000000+01:00,2.4594,,,
2026-03-09T15:15:00.0000000+01:00,2.1425,,,
2026-03-09T15:30:00.0000000+01:00,1.8501,,,
2026-03-09T15:45:00.0000000+01:00,1.5687,,,
2026-03-09T16:00:00.0000000+01:00,1.2088,,,
2026-03-09T16:15:00.0000000+01:00,0.9188,,,
2026-03-09T16:30:00.0000000+01:00,0.6013,,,
2026-03-09T16:45:00.0000000+01:00,0.5118,,,
2026-03-09T17:00:00.0000000+01:00,0.3246,,,
2026-03-09T17:15:00.0000000+01:00,0.1912,,,
2026-03-09T17:30:00.0000000+01:00,0.1015,,,
2026-03-09T17:45:00.0000000+01:00,0.0296,,,
2026-03-09T18:00:00.0000000+01:00,-0.0016,,,
2026-03-10T06:15:00.0000000+01:00,0.0088,,,
2026-03-10T06:30:00.0000000+01:00,0.048,,,
2026-03-10T06:45:00.0000000+01:00,0.1328,,,
2026-03-10T07:00:00.0000000+01:00,0.251,,,
2026-03-10T07:15:00.0000000+01:00,0.3891,,,
2026-03-10T07:30:00.0000000+01:00,0.5662,,,
2026-03-10T07:45:00.0000000+01:00,0.7773,,,
2026-03-10T08:00:00.0000000+01:00,1.0473,,,
2026-03-10T08:15:00.0000000+01:00,1.3526,,,
2026-03-10T08:30:00.0000000+01:00,1.6114,,,
2026-03-10T08:45:00.0000000+01:00,1.8986,,,
2026-03-10T09:00:00.0000000+01:00,2.1396,,,
2026-03-10T09:15:00.0000000+01:00,2.4245,,,
2026-03-10T09:30:00.0000000+01:00,2.72,,,
2026-03-10T09:45:00.0000000+01:00,2.9702,,,
2026-03-10T10:00:00.0000000+01:00,3.1672,,,
2026-03-10T10:15:00.0000000+01:00,3.2934,,,
2026-03-10T10:30:00.0000000+01:00,3.4172,,,
2026-03-10T10:45:00.0000000+01:00,3.5976,,,
2026-03-10T11:00:00.0000000+01:00,3.3565,,,
2026-03-10T11:15:00.0000000+01:00,3.6408,,,
2026-03-10T11:30:00.0000000+01:00,3.8794,,,
2026-03-10T11:45:00.0000000+01:00,3.9622,,,
2026-03-10T12:00:00.0000000+01:00,4.0234,,,
2026-03-10T12:15:00.0000000+01:00,3.9805,,,
2026-03-10T12:30:00.0000000+01:00,4.0505,,,
2026-03-10T12:45:00.0000000+01:00,3.8102,,,
2026-03-10T13:00:00.0000000+01:00,3.8426,,,
2026-03-10T13:15:00.0000000+01:00,3.8288,,,
2026-03-10T13:30:00.0000000+01:00,3.6339,,,
2026-03-10T13:45:00.0000000+01:00,3.4908,,,
2026-03-10T14:00:00.0000000+01:00,3.2966,,,
2026-03-10T14:15:00.0000000+01:00,3.1179,,,
2026-03-10T14:30:00.0000000+01:00,2.9567,,,
2026-03-10T14:45:00.0000000+01:00,2.7638,,,
2026-03-10T15:00:00.0000000+01:00,2.5002,,,
2026-03-10T15:15:00.0000000+01:00,2.1909,,,
2026-03-10T15:30:00.0000000+01:00,1.8185,,,
2026-03-10T15:45:00.0000000+01:00,1.4581,,,
2026-03-10T16:00:00.0000000+01:00,1.1277,,,
2026-03-10T16:15:00.0000000+01:00,0.8938,,,
2026-03-10T16:30:00.0000000+01:00,0.7042,,,
2026-03-10T16:45:00.0000000+01:00,0.4887,,,
2026-03-10T17:00:00.0000000+01:00,0.3076,,,
2026-03-10T17:15:00.0000000+01:00,0.1713,,,
2026-03-10T17:30:00.0000000+01:00,0.0756,,,
2026-03-10T17:45:00.0000000+01:00,0.0186,,,
2026-03-10T18:00:00.0000000+01:00,-0.0022,,,
2026-03-11T06:30:00.0000000+01:00,0.0138,,,
2026-03-11T06:45:00.0000000+01:00,0.0578,,,
2026-03-11T07:00:00.0000000+01:00,0.1353,,,
2026-03-11T07:15:00.0000000+01:00,0.2295,,,
2026-03-11T07:30:00.0000000+01:00,0.234,,,
2026-03-11T07:45:00.0000000+01:00,0.1808,,,
2026-03-11T08:00:00.0000000+01:00,0.21,,,
2026-03-11T08:15:00.0000000+01:00,0.2641,,,
2026-03-11T08:30:00.0000000+01:00,0.2884,,,
2026-03-11T08:45:00.0000000+01:00,0.2772,,,
2026-03-11T09:00:00.0000000+01:00,0.3999,,,
2026-03-11T09:15:00.0000000+01:00,0.7652,,,
2026-03-11T09:30:00.0000000+01:00,0.8831,,,
2026-03-11T09:45:00.0000000+01:00,1.1933,,,
2026-03-11T10:00:00.0000000+01:00,0.9195,,,
2026-03-11T10:15:00.0000000+01:00,1.2694,,,
2026-03-11T10:30:00.0000000+01:00,1.5086,,,
2026-03-11T10:45:00.0000000+01:00,1.5577,,,
2026-03-11T11:00:00.0000000+01:00,1.2238,,,
2026-03-11T11:15:00.0000000+01:00,1.3295,,,
2026-03-11T11:30:00.0000000+01:00,2.605,,,
2026-03-11T11:45:00.0000000+01:00,1.1386,,,
2026-03-11T12:00:00.0000000+01:00,1.1597,,,
2026-03-11T12:15:00.0000000+01:00,1.1119,,,
2026-03-11T12:30:00.0000000+01:00,1.0269,,,
2026-03-11T12:45:00.0000000+01:00,1.8616,,,
2026-03-11T13:00:00.0000000+01:00,2.2263,,,
2026-03-11T13:15:00.0000000+01:00,2.8653,,,
2026-03-11T13:30:00.0000000+01:00,1.2371,,,
2026-03-11T13:45:00.0000000+01:00,2.9931,,,
2026-03-11T14:00:00.0000000+01:00,1.5238,,,
2026-03-11T14:15:00.0000000+01:00,1.038,,,
2026-03-11T14:30:00.0000000+01:00,1.5753,,,
2026-03-11T14:45:00.0000000+01:00,2.9009,,,
2026-03-11T15:00:00.0000000+01:00,2.6423,,,
2026-03-11T15:15:00.0000000+01:00,1.8131,,,
2026-03-11T15:30:00.0000000+01:00,1.2873,,,
2026-03-11T15:45:00.0000000+01:00,1.7132,,,
2026-03-11T16:00:00.0000000+01:00,1.164,,,
2026-03-11T16:15:00.0000000+01:00,0.4885,,,
2026-03-11T16:30:00.0000000+01:00,0.3709,,,
2026-03-11T16:45:00.0000000+01:00,0.2674,,,
2026-03-11T17:00:00.0000000+01:00,0.1031,,,
2026-03-11T17:15:00.0000000+01:00,0.0341,,,
2026-03-11T17:30:00.0000000+01:00,0.0082,,,
2026-03-11T17:45:00.0000000+01:00,-0.007,,,
2026-03-12T06:15:00.0000000+01:00,0.0085,,,
2026-03-12T06:30:00.0000000+01:00,0.0497,,,
2026-03-12T06:45:00.0000000+01:00,0.1305,,,
2026-03-12T07:00:00.0000000+01:00,0.25,,,
2026-03-12T07:15:00.0000000+01:00,0.4623,,,
2026-03-12T07:30:00.0000000+01:00,0.5031,,,
2026-03-12T07:45:00.0000000+01:00,0.5552,,,
2026-03-12T08:00:00.0000000+01:00,0.4628,,,
2026-03-12T08:15:00.0000000+01:00,0.4164,,,
2026-03-12T08:30:00.0000000+01:00,0.634,,,
2026-03-12T08:45:00.0000000+01:00,0.9605,,,
2026-03-12T09:00:00.0000000+01:00,1.0521,,,
2026-03-12T09:15:00.0000000+01:00,1.3834,,,
2026-03-12T09:30:00.0000000+01:00,1.6634,,,
2026-03-12T09:45:00.0000000+01:00,2.187,,,
2026-03-12T10:00:00.0000000+01:00,3.9231,,,
2026-03-12T10:15:00.0000000+01:00,3.4747,,,
2026-03-12T10:30:00.0000000+01:00,4.0343,,,
2026-03-12T10:45:00.0000000+01:00,3.8916,,,
2026-03-12T11:00:00.0000000+01:00,3.9517,,,
2026-03-12T11:15:00.0000000+01:00,3.934,,,
2026-03-12T11:30:00.0000000+01:00,4.3522,,,
2026-03-12T11:45:00.0000000+01:00,4.1169,,,
2026-03-12T12:00:00.0000000+01:00,4.0061,,,
2026-03-12T12:15:00.0000000+01:00,4.0113,,,
2026-03-12T12:30:00.0000000+01:00,4.1575,,,
2026-03-12T12:45:00.0000000+01:00,3.9592,,,
2026-03-12T13:00:00.0000000+01:00,3.2931,,,
2026-03-12T13:15:00.0000000+01:00,2.743,,,
2026-03-12T13:30:00.0000000+01:00,2.7502,,,
2026-03-12T13:45:00.0000000+01:00,3.58,,,
2026-03-12T14:00:00.0000000+01:00,3.9946,,,
2026-03-12T14:15:00.0000000+01:00,3.0041,,,
2026-03-12T14:30:00.0000000+01:00,2.4492,,,
2026-03-12T14:45:00.0000000+01:00,2.625,,,
2026-03-12T15:00:00.0000000+01:00,2.976,,,
2026-03-12T15:15:00.0000000+01:00,1.8097,,,
2026-03-12T15:30:00.0000000+01:00,1.3587,,,
2026-03-12T15:45:00.0000000+01:00,1.1938,,,
2026-03-12T16:00:00.0000000+01:00,1.0525,,,
2026-03-12T16:15:00.0000000+01:00,0.9247,,,
2026-03-12T16:30:00.0000000+01:00,0.6025,,,
2026-03-12T16:45:00.0000000+01:00,0.4565,,,
2026-03-12T17:00:00.0000000+01:00,0.3421,,,
2026-03-12T17:15:00.0000000+01:00,0.2034,,,
2026-03-12T17:30:00.0000000+01:00,0.0791,,,
2026-03-12T17:45:00.0000000+01:00,0.0178,,,
2026-03-12T18:15:00.0000000+01:00,-0.0083,,,
2026-03-13T06:15:00.0000000+01:00,0.0128,,,
2026-03-13T06:30:00.0000000+01:00,0.0652,,,
2026-03-13T06:45:00.0000000+01:00,0.1659,,,
2026-03-13T07:00:00.0000000+01:00,0.309,,,
2026-03-13T07:15:00.0000000+01:00,0.4576,,,
2026-03-13T07:30:00.0000000+01:00,0.6463,,,
2026-03-13T07:45:00.0000000+01:00,0.7476,,,
2026-03-13T08:00:00.0000000+01:00,0.9661,,,
2026-03-13T08:15:00.0000000+01:00,1.2609,,,
2026-03-13T08:30:00.0000000+01:00,1.4088,,,
2026-03-13T08:45:00.0000000+01:00,1.9157,,,
2026-03-13T09:00:00.0000000+01:00,2.0638,,,
2026-03-13T09:15:00.0000000+01:00,1.7936,,,
2026-03-13T09:30:00.0000000+01:00,1.6479,,,
2026-03-13T09:45:00.0000000+01:00,1.9918,,,
2026-03-13T10:00:00.0000000+01:00,2.1265,,,
2026-03-13T10:15:00.0000000+01:00,2.3953,,,
2026-03-13T10:30:00.0000000+01:00,2.6436,,,
2026-03-13T10:45:00.0000000+01:00,3.0642,,,
2026-03-13T11:00:00.0000000+01:00,2.9798,,,
2026-03-13T11:15:00.0000000+01:00,4.0041,,,
2026-03-13T11:30:00.0000000+01:00,3.7939,,,
2026-03-13T11:45:00.0000000+01:00,3.6475,,,
2026-03-13T12:00:00.0000000+01:00,3.6411,,,
2026-03-13T12:15:00.0000000+01:00,2.7509,,,
2026-03-13T12:30:00.0000000+01:00,2.4466,,,
2026-03-13T12:45:00.0000000+01:00,2.4212,,,
2026-03-13T13:00:00.0000000+01:00,2.0571,,,
2026-03-13T13:15:00.0000000+01:00,1.1614,,,
2026-03-13T13:30:00.0000000+01:00,1.002,,,
2026-03-13T13:45:00.0000000+01:00,0.7964,,,
2026-03-13T14:00:00.0000000+01:00,0.7341,,,
2026-03-13T14:15:00.0000000+01:00,0.6106,,,
2026-03-13T14:30:00.0000000+01:00,0.4518,,,
2026-03-13T14:45:00.0000000+01:00,0.3623,,,
2026-03-13T15:00:00.0000000+01:00,0.2784,,,
2026-03-13T15:15:00.0000000+01:00,0.2384,,,
2026-03-13T15:30:00.0000000+01:00,0.2475,,,
2026-03-13T15:45:00.0000000+01:00,0.1913,,,
2026-03-13T16:00:00.0000000+01:00,0.1845,,,
2026-03-13T16:15:00.0000000+01:00,0.1665,,,
2026-03-13T16:30:00.0000000+01:00,0.1138,,,
2026-03-13T16:45:00.0000000+01:00,0.0525,,,
2026-03-13T17:00:00.0000000+01:00,0.0231,,,
2026-03-13T17:15:00.0000000+01:00,0.0124,,,
2026-03-13T17:30:00.0000000+01:00,0.0023,,,
2026-03-14T07:00:00.0000000+01:00,0.0127,,,
2026-03-14T07:15:00.0000000+01:00,0.0229,,,
2026-03-14T07:30:00.0000000+01:00,0.0397,,,
2026-03-14T07:45:00.0000000+01:00,0.1163,,,
2026-03-14T08:00:00.0000000+01:00,0.0838,,,
2026-03-14T08:15:00.0000000+01:00,0.1287,,,
2026-03-14T08:30:00.0000000+01:00,0.1899,,,
2026-03-14T08:45:00.0000000+01:00,0.2913,,,
2026-03-14T09:00:00.0000000+01:00,0.1617,,,
2026-03-14T09:15:00.0000000+01:00,0.3026,,,
2026-03-14T09:30:00.0000000+01:00,0.3527,,,
2026-03-14T09:45:00.0000000+01:00,0.3221,,,
2026-03-14T10:00:00.0000000+01:00,0.3647,,,
2026-03-14T10:15:00.0000000+01:00,0.3761,,,
2026-03-14T10:30:00.0000000+01:00,0.4045,,,
2026-03-14T10:45:00.0000000+01:00,0.4034,,,
2026-03-14T11:00:00.0000000+01:00,0.3795,,,
2026-03-14T11:15:00.0000000+01:00,0.4425,,,
2026-03-14T11:30:00.0000000+01:00,0.5292,,,
2026-03-14T11:45:00.0000000+01:00,0.3332,,,
2026-03-14T12:00:00.0000000+01:00,0.3351,,,
2026-03-14T12:15:00.0000000+01:00,0.3726,,,
2026-03-14T12:30:00.0000000+01:00,0.264,,,
2026-03-14T12:45:00.0000000+01:00,0.3064,,,
2026-03-14T13:00:00.0000000+01:00,0.4959,,,
2026-03-14T13:15:00.0000000+01:00,0.6413,,,
2026-03-14T13:30:00.0000000+01:00,0.5843,,,
2026-03-14T13:45:00.0000000+01:00,0.5211,,,
2026-03-14T14:00:00.0000000+01:00,0.3416,,,
2026-03-14T14:15:00.0000000+01:00,0.4439,,,
2026-03-14T14:30:00.0000000+01:00,0.4842,,,
2026-03-14T14:45:00.0000000+01:00,0.5558,,,
2026-03-14T15:00:00.0000000+01:00,0.6118,,,
2026-03-14T15:15:00.0000000+01:00,0.5218,,,
2026-03-14T15:30:00.0000000+01:00,0.4018,,,
2026-03-14T15:45:00.0000000+01:00,0.2901,,,
2026-03-14T16:00:00.0000000+01:00,0.2353,,,
2026-03-14T16:15:00.0000000+01:00,0.2026,,,
2026-03-14T16:30:00.0000000+01:00,0.1839,,,
2026-03-14T16:45:00.0000000+01:00,0.1293,,,
2026-03-14T17:00:00.0000000+01:00,0.116,,,
2026-03-14T17:15:00.0000000+01:00,0.0833,,,
2026-03-14T17:30:00.0000000+01:00,0.0336,,,
2026-03-14T17:45:00.0000000+01:00,0.0009,,,
2026-03-15T06:30:00.0000000+01:00,0.0167,,,
2026-03-15T06:45:00.0000000+01:00,0.0488,,,
2026-03-15T07:00:00.0000000+01:00,0.0936,,,
2026-03-15T07:15:00.0000000+01:00,0.1591,,,
2026-03-15T07:30:00.0000000+01:00,0.2365,,,
2026-03-15T07:45:00.0000000+01:00,0.2865,,,
2026-03-15T08:00:00.0000000+01:00,0.3158,,,
2026-03-15T08:15:00.0000000+01:00,0.4073,,,
2026-03-15T08:30:00.0000000+01:00,0.5845,,,
2026-03-15T08:45:00.0000000+01:00,0.7746,,,
2026-03-15T09:00:00.0000000+01:00,1.147,,,
2026-03-15T09:15:00.0000000+01:00,1.6062,,,
2026-03-15T09:30:00.0000000+01:00,1.612,,,
2026-03-15T09:45:00.0000000+01:00,1.1345,,,
2026-03-15T10:00:00.0000000+01:00,1.139,,,
2026-03-15T10:15:00.0000000+01:00,1.3794,,,
2026-03-15T10:30:00.0000000+01:00,1.052,,,
2026-03-15T10:45:00.0000000+01:00,1.2719,,,
2026-03-15T11:00:00.0000000+01:00,1.3024,,,
2026-03-15T11:15:00.0000000+01:00,1.235,,,
2026-03-15T11:30:00.0000000+01:00,0.9984,,,
2026-03-15T11:45:00.0000000+01:00,0.782,,,
2026-03-15T12:00:00.0000000+01:00,1.2229,,,
2026-03-15T12:15:00.0000000+01:00,1.0591,,,
2026-03-15T12:30:00.0000000+01:00,1.5104,,,
2026-03-15T12:45:00.0000000+01:00,1.7428,,,
2026-03-15T13:00:00.0000000+01:00,0.5412,,,
2026-03-15T13:15:00.0000000+01:00,1.1408,,,
2026-03-15T13:30:00.0000000+01:00,0.9824,,,
2026-03-15T13:45:00.0000000+01:00,0.9015,,,
2026-03-15T14:00:00.0000000+01:00,0.8851,,,
2026-03-15T14:15:00.0000000+01:00,0.8091,,,
2026-03-15T14:30:00.0000000+01:00,0.8955,,,
2026-03-15T14:45:00.0000000+01:00,0.6086,,,
2026-03-15T15:00:00.0000000+01:00,0.5115,,,
2026-03-15T15:15:00.0000000+01:00,0.4486,,,
2026-03-15T15:30:00.0000000+01:00,0.5834,,,
2026-03-15T15:45:00.0000000+01:00,0.5564,,,
2026-03-15T16:00:00.0000000+01:00,0.3897,,,
2026-03-15T16:15:00.0000000+01:00,0.3297,,,
2026-03-15T16:30:00.0000000+01:00,0.3054,,,
2026-03-15T16:45:00.0000000+01:00,0.3422,,,
2026-03-15T17:00:00.0000000+01:00,0.1477,,,
2026-03-15T17:15:00.0000000+01:00,0.0706,,,
2026-03-15T17:30:00.0000000+01:00,0.0651,,,
2026-03-15T17:45:00.0000000+01:00,0.0321,,,
2026-03-15T18:00:00.0000000+01:00,0.0061,,,
2026-03-16T06:15:00.0000000+01:00,0.0218,,,
2026-03-16T06:30:00.0000000+01:00,0.0573,,,
2026-03-16T06:45:00.0000000+01:00,0.0945,,,
2026-03-16T07:00:00.0000000+01:00,0.1678,,,
2026-03-16T07:15:00.0000000+01:00,0.2229,,,
2026-03-16T07:30:00.0000000+01:00,0.306,,,
2026-03-16T07:45:00.0000000+01:00,0.5229,,,
2026-03-16T08:00:00.0000000+01:00,1.0656,,,
2026-03-16T08:15:00.0000000+01:00,1.0541,,,
2026-03-16T08:30:00.0000000+01:00,1.9558,,,
2026-03-16T08:45:00.0000000+01:00,2.4516,,,
2026-03-16T09:00:00.0000000+01:00,2.2694,,,
2026-03-16T09:15:00.0000000+01:00,2.5961,,,
2026-03-16T09:30:00.0000000+01:00,3.1996,,,
2026-03-16T09:45:00.0000000+01:00,3.6483,,,
2026-03-16T10:00:00.0000000+01:00,3.7673,,,
2026-03-16T10:15:00.0000000+01:00,4.1081,,,
2026-03-16T10:30:00.0000000+01:00,2.3717,,,
2026-03-16T10:45:00.0000000+01:00,1.988,,,
2026-03-16T11:00:00.0000000+01:00,1.931,,,
2026-03-16T11:15:00.0000000+01:00,1.8907,,,
2026-03-16T11:30:00.0000000+01:00,1.9312,,,
2026-03-16T11:45:00.0000000+01:00,1.6217,,,
2026-03-16T12:00:00.0000000+01:00,2.1453,,,
2026-03-16T12:15:00.0000000+01:00,2.0442,,,
2026-03-16T12:30:00.0000000+01:00,1.5705,,,
2026-03-16T12:45:00.0000000+01:00,1.4443,,,
2026-03-16T13:00:00.0000000+01:00,1.4236,,,
2026-03-16T13:15:00.0000000+01:00,1.2735,,,
2026-03-16T13:30:00.0000000+01:00,0.9219,,,
2026-03-16T13:45:00.0000000+01:00,0.7873,,,
2026-03-16T14:00:00.0000000+01:00,0.7589,,,
2026-03-16T14:15:00.0000000+01:00,0.852,,,
2026-03-16T14:30:00.0000000+01:00,1.4616,,,
2026-03-16T14:45:00.0000000+01:00,2.5588,,,
2026-03-16T15:00:00.0000000+01:00,2.0941,,,
2026-03-16T15:15:00.0000000+01:00,1.2375,,,
2026-03-16T15:30:00.0000000+01:00,0.8018,,,
2026-03-16T15:45:00.0000000+01:00,0.3741,,,
2026-03-16T16:00:00.0000000+01:00,0.4298,,,
2026-03-16T16:15:00.0000000+01:00,0.209,,,
2026-03-16T16:30:00.0000000+01:00,0.2763,,,
2026-03-16T16:45:00.0000000+01:00,0.1539,,,
2026-03-16T17:00:00.0000000+01:00,0.1161,,,
2026-03-16T17:15:00.0000000+01:00,0.0639,,,
2026-03-16T17:30:00.0000000+01:00,0.0439,,,
2026-03-16T17:45:00.0000000+01:00,0.021,,,
2026-03-16T18:00:00.0000000+01:00,0.0055,,,
2026-03-16T18:15:00.0000000+01:00,-0.0045,,,
2026-03-17T06:15:00.0000000+01:00,0.0109,,,
2026-03-17T06:30:00.0000000+01:00,0.0377,,,
2026-03-17T06:45:00.0000000+01:00,0.0837,,,
2026-03-17T07:00:00.0000000+01:00,0.1373,,,
2026-03-17T07:15:00.0000000+01:00,0.2217,,,
2026-03-17T07:30:00.0000000+01:00,0.2415,,,
2026-03-17T07:45:00.0000000+01:00,0.3128,,,
2026-03-17T08:00:00.0000000+01:00,0.3723,,,
2026-03-17T08:15:00.0000000+01:00,0.4652,,,
2026-03-17T08:30:00.0000000+01:00,0.5716,,,
2026-03-17T08:45:00.0000000+01:00,0.6672,,,
2026-03-17T09:00:00.0000000+01:00,0.8464,,,
2026-03-17T09:15:00.0000000+01:00,1.0549,,,
2026-03-17T09:30:00.0000000+01:00,1.1084,,,
2026-03-17T09:45:00.0000000+01:00,1.3651,,,
2026-03-17T10:00:00.0000000+01:00,1.6878,,,
2026-03-17T10:15:00.0000000+01:00,2.1642,,,
2026-03-17T10:30:00.0000000+01:00,2.2067,,,
2026-03-17T10:45:00.0000000+01:00,2.9503,,,
2026-03-17T11:00:00.0000000+01:00,4.0249,,,
2026-03-17T11:15:00.0000000+01:00,4.4081,,,
2026-03-17T11:30:00.0000000+01:00,3.2952,,,
2026-03-17T11:45:00.0000000+01:00,4.2638,,,
2026-03-17T12:30:00.0000000+01:00,4.4002,,,
2026-03-17T13:15:00.0000000+01:00,4.4052,,,
2026-03-17T13:30:00.0000000+01:00,4.3891,,,
2026-03-17T13:45:00.0000000+01:00,4.3551,,,
2026-03-17T14:00:00.0000000+01:00,4.271,,,
2026-03-17T14:15:00.0000000+01:00,4.1053,,,
2026-03-17T14:30:00.0000000+01:00,3.8894,,,
2026-03-17T14:45:00.0000000+01:00,3.6493,,,
2026-03-17T15:00:00.0000000+01:00,3.3833,,,
2026-03-17T15:15:00.0000000+01:00,2.8852,,,
2026-03-17T15:30:00.0000000+01:00,1.7949,,,
2026-03-17T15:45:00.0000000+01:00,0.8322,,,
2026-03-17T16:00:00.0000000+01:00,0.7162,,,
2026-03-17T16:15:00.0000000+01:00,0.524,,,
2026-03-17T16:30:00.0000000+01:00,0.3999,,,
2026-03-17T16:45:00.0000000+01:00,0.2686,,,
2026-03-17T17:00:00.0000000+01:00,0.1794,,,
2026-03-17T17:15:00.0000000+01:00,0.0896,,,
2026-03-17T17:30:00.0000000+01:00,0.0451,,,
2026-03-17T17:45:00.0000000+01:00,0.0105,,,
2026-03-17T18:00:00.0000000+01:00,-0.0046,,,
2026-03-18T06:00:00.0000000+01:00,0.0056,,,
2026-03-18T06:15:00.0000000+01:00,0.0226,,,
2026-03-18T06:30:00.0000000+01:00,0.0689,,,
2026-03-18T06:45:00.0000000+01:00,0.1544,,,
2026-03-18T07:00:00.0000000+01:00,0.23,,,
2026-03-18T07:15:00.0000000+01:00,0.308,,,
2026-03-18T07:30:00.0000000+01:00,0.377,,,
2026-03-18T07:45:00.0000000+01:00,0.5132,,,
2026-03-18T08:00:00.0000000+01:00,0.616,,,
2026-03-18T08:15:00.0000000+01:00,0.6532,,,
2026-03-18T08:30:00.0000000+01:00,0.7788,,,
2026-03-18T08:45:00.0000000+01:00,0.8006,,,
2026-03-18T09:00:00.0000000+01:00,0.9256,,,
2026-03-18T09:15:00.0000000+01:00,1.2325,,,
2026-03-18T09:30:00.0000000+01:00,1.2845,,,
2026-03-18T09:45:00.0000000+01:00,1.3921,,,
2026-03-18T10:00:00.0000000+01:00,1.9489,,,
2026-03-18T10:15:00.0000000+01:00,2.1258,,,
2026-03-18T10:30:00.0000000+01:00,2.957,,,
2026-03-18T10:45:00.0000000+01:00,1.7533,,,
2026-03-18T11:00:00.0000000+01:00,2.8502,,,
2026-03-18T11:15:00.0000000+01:00,3.2745,,,
2026-03-18T11:30:00.0000000+01:00,3.5609,,,
2026-03-18T11:45:00.0000000+01:00,4.0206,,,
2026-03-18T12:00:00.0000000+01:00,4.3349,,,
2026-03-18T12:15:00.0000000+01:00,4.2365,,,
2026-03-18T12:30:00.0000000+01:00,4.3793,,,
2026-03-18T12:45:00.0000000+01:00,4.4475,,,
2026-03-18T13:00:00.0000000+01:00,4.4041,,,
2026-03-18T13:15:00.0000000+01:00,4.4066,,,
2026-03-18T13:30:00.0000000+01:00,4.3966,,,
2026-03-18T13:45:00.0000000+01:00,4.3694,,,
2026-03-18T14:00:00.0000000+01:00,4.2872,,,
2026-03-18T14:15:00.0000000+01:00,4.1179,,,
2026-03-18T14:30:00.0000000+01:00,3.8969,,,
2026-03-18T14:45:00.0000000+01:00,3.6507,,,
2026-03-18T15:00:00.0000000+01:00,3.3929,,,
2026-03-18T15:15:00.0000000+01:00,3.1196,,,
2026-03-18T15:30:00.0000000+01:00,2.7657,,,
2026-03-18T15:45:00.0000000+01:00,2.4802,,,
2026-03-18T16:00:00.0000000+01:00,2.1325,,,
2026-03-18T16:15:00.0000000+01:00,1.7769,,,
2026-03-18T16:30:00.0000000+01:00,1.4271,,,
2026-03-18T16:45:00.0000000+01:00,1.0762,,,
2026-03-18T17:00:00.0000000+01:00,0.7363,,,
2026-03-18T17:15:00.0000000+01:00,0.4259,,,
2026-03-18T17:30:00.0000000+01:00,0.1913,,,
2026-03-18T17:45:00.0000000+01:00,0.0595,,,
2026-03-18T18:00:00.0000000+01:00,0.0229,,,
2026-03-18T18:15:00.0000000+01:00,0.0016,,,
2026-03-19T06:15:00.0000000+01:00,0.0172,,,
2026-03-19T06:30:00.0000000+01:00,0.0435,,,
2026-03-19T06:45:00.0000000+01:00,0.0872,,,
2026-03-19T07:00:00.0000000+01:00,0.1518,,,
2026-03-19T07:15:00.0000000+01:00,0.2285,,,
2026-03-19T07:30:00.0000000+01:00,0.2956,,,
2026-03-19T07:45:00.0000000+01:00,0.4852,,,
2026-03-19T08:00:00.0000000+01:00,0.5379,,,
2026-03-19T08:15:00.0000000+01:00,0.4271,,,
2026-03-19T08:30:00.0000000+01:00,0.504,,,
2026-03-19T08:45:00.0000000+01:00,0.5594,,,
2026-03-19T09:00:00.0000000+01:00,0.5319,,,
2026-03-19T09:15:00.0000000+01:00,0.6075,,,
2026-03-19T09:30:00.0000000+01:00,0.7183,,,
2026-03-19T09:45:00.0000000+01:00,0.8259,,,
2026-03-19T10:00:00.0000000+01:00,0.9872,,,
2026-03-19T10:15:00.0000000+01:00,1.0081,,,
2026-03-19T10:30:00.0000000+01:00,1.1119,,,
2026-03-19T10:45:00.0000000+01:00,1.0588,,,
2026-03-19T11:00:00.0000000+01:00,1.076,,,
2026-03-19T11:15:00.0000000+01:00,1.2838,,,
2026-03-19T11:30:00.0000000+01:00,1.1283,,,
2026-03-19T11:45:00.0000000+01:00,1.1074,,,
2026-03-19T12:00:00.0000000+01:00,0.9187,,,
2026-03-19T12:15:00.0000000+01:00,1.0303,,,
2026-03-19T12:30:00.0000000+01:00,1.1015,,,
2026-03-19T12:45:00.0000000+01:00,0.9075,,,
2026-03-19T13:00:00.0000000+01:00,0.6456,,,
2026-03-19T13:15:00.0000000+01:00,0.791,,,
2026-03-19T13:30:00.0000000+01:00,0.9864,,,
2026-03-19T13:45:00.0000000+01:00,0.886,,,
2026-03-19T14:00:00.0000000+01:00,0.4618,,,
2026-03-19T14:15:00.0000000+01:00,0.347,,,
2026-03-19T14:30:00.0000000+01:00,0.4627,,,
2026-03-19T14:45:00.0000000+01:00,0.3796,,,
2026-03-19T15:00:00.0000000+01:00,0.2669,,,
2026-03-19T15:15:00.0000000+01:00,0.4197,,,
2026-03-19T15:30:00.0000000+01:00,0.3907,,,
2026-03-19T15:45:00.0000000+01:00,0.2888,,,
2026-03-19T16:00:00.0000000+01:00,0.2052,,,
2026-03-19T16:15:00.0000000+01:00,0.1556,,,
2026-03-19T16:30:00.0000000+01:00,0.172,,,
2026-03-19T16:45:00.0000000+01:00,0.184,,,
2026-03-19T17:00:00.0000000+01:00,0.2822,,,
2026-03-19T17:15:00.0000000+01:00,0.1998,,,
2026-03-19T17:30:00.0000000+01:00,0.1029,,,
2026-03-19T17:45:00.0000000+01:00,0.0432,,,
2026-03-19T18:00:00.0000000+01:00,0.0164,,,
2026-03-19T18:15:00.0000000+01:00,0.0004,,,
2026-03-20T05:45:00.0000000+01:00,0.0111,,,
2026-03-20T06:00:00.0000000+01:00,0.0436,,,
2026-03-20T06:15:00.0000000+01:00,0.1158,,,
2026-03-20T06:30:00.0000000+01:00,0.2184,,,
2026-03-20T06:45:00.0000000+01:00,0.3874,,,
2026-03-20T07:00:00.0000000+01:00,0.5916,,,
2026-03-20T07:15:00.0000000+01:00,0.8178,,,
2026-03-20T07:30:00.0000000+01:00,1.1064,,,
2026-03-20T07:45:00.0000000+01:00,1.4089,,,
2026-03-20T08:00:00.0000000+01:00,1.7637,,,
2026-03-20T08:15:00.0000000+01:00,2.2172,,,
2026-03-20T08:30:00.0000000+01:00,2.6115,,,
2026-03-20T08:45:00.0000000+01:00,2.9019,,,
2026-03-20T09:00:00.0000000+01:00,3.2658,,,
2026-03-20T09:15:00.0000000+01:00,3.5355,,,
2026-03-20T09:30:00.0000000+01:00,3.8183,,,
2026-03-20T09:45:00.0000000+01:00,4.0363,,,
2026-03-20T10:00:00.0000000+01:00,4.1776,,,
2026-03-20T10:15:00.0000000+01:00,4.3178,,,
2026-03-20T10:30:00.0000000+01:00,4.3599,,,
2026-03-20T10:45:00.0000000+01:00,4.3742,,,
2026-03-20T11:00:00.0000000+01:00,4.3749,,,
2026-03-20T11:15:00.0000000+01:00,4.4021,,,
2026-03-20T11:30:00.0000000+01:00,4.3631,,,
2026-03-20T11:45:00.0000000+01:00,4.4138,,,
2026-03-20T12:00:00.0000000+01:00,4.4082,,,
2026-03-20T12:15:00.0000000+01:00,4.4233,,,
2026-03-20T12:30:00.0000000+01:00,4.4073,,,
2026-03-20T12:45:00.0000000+01:00,4.4145,,,
2026-03-20T13:15:00.0000000+01:00,4.3935,,,
2026-03-20T13:30:00.0000000+01:00,4.3411,,,
2026-03-20T13:45:00.0000000+01:00,4.3716,,,
2026-03-20T14:00:00.0000000+01:00,4.1506,,,
2026-03-20T14:15:00.0000000+01:00,4.1488,,,
2026-03-20T14:30:00.0000000+01:00,3.9256,,,
2026-03-20T14:45:00.0000000+01:00,3.73,,,
2026-03-20T15:00:00.0000000+01:00,3.3452,,,
2026-03-20T15:15:00.0000000+01:00,2.9388,,,
2026-03-20T15:30:00.0000000+01:00,2.8674,,,
2026-03-20T15:45:00.0000000+01:00,2.5143,,,
2026-03-20T16:00:00.0000000+01:00,1.881,,,
2026-03-20T16:15:00.0000000+01:00,1.9509,,,
2026-03-20T16:30:00.0000000+01:00,1.2417,,,
2026-03-20T16:45:00.0000000+01:00,0.9172,,,
2026-03-20T17:00:00.0000000+01:00,0.7522,,,
2026-03-20T17:15:00.0000000+01:00,0.4338,,,
2026-03-20T17:30:00.0000000+01:00,0.2647,,,
2026-03-20T17:45:00.0000000+01:00,0.1085,,,
2026-03-20T18:00:00.0000000+01:00,0.03,,,
2026-03-20T18:15:00.0000000+01:00,0.0045,,,
2026-03-20T18:30:00.0000000+01:00,-0.0057,,,
2026-03-21T05:45:00.0000000+01:00,0.0101,,,
2026-03-21T06:00:00.0000000+01:00,0.0416,,,
2026-03-21T06:15:00.0000000+01:00,0.0941,,,
2026-03-21T06:30:00.0000000+01:00,0.1972,,,
2026-03-21T06:45:00.0000000+01:00,0.3626,,,
2026-03-21T07:00:00.0000000+01:00,0.5886,,,
2026-03-21T07:15:00.0000000+01:00,0.8653,,,
2026-03-21T07:30:00.0000000+01:00,1.1538,,,
2026-03-21T07:45:00.0000000+01:00,1.4769,,,
2026-03-21T08:00:00.0000000+01:00,1.8642,,,
2026-03-21T08:15:00.0000000+01:00,2.2662,,,
2026-03-21T08:30:00.0000000+01:00,2.6287,,,
2026-03-21T08:45:00.0000000+01:00,2.9909,,,
2026-03-21T09:00:00.0000000+01:00,3.3183,,,
2026-03-21T09:15:00.0000000+01:00,3.6147,,,
2026-03-21T09:30:00.0000000+01:00,3.8525,,,
2026-03-21T09:45:00.0000000+01:00,4.0683,,,
2026-03-21T10:00:00.0000000+01:00,4.2333,,,
2026-03-21T10:15:00.0000000+01:00,4.3301,,,
2026-03-21T10:30:00.0000000+01:00,4.3737,,,
2026-03-21T10:45:00.0000000+01:00,4.395,,,
2026-03-21T11:00:00.0000000+01:00,4.4109,,,
2026-03-21T11:15:00.0000000+01:00,4.4209,,,
2026-03-21T11:45:00.0000000+01:00,4.4309,,,
2026-03-21T12:00:00.0000000+01:00,4.4323,,,
2026-03-21T13:15:00.0000000+01:00,4.4216,,,
2026-03-21T13:30:00.0000000+01:00,4.404,,,
2026-03-21T13:45:00.0000000+01:00,4.3873,,,
2026-03-21T14:00:00.0000000+01:00,4.3545,,,
2026-03-21T14:15:00.0000000+01:00,4.2695,,,
2026-03-21T14:30:00.0000000+01:00,4.0959,,,
2026-03-21T14:45:00.0000000+01:00,3.8705,,,
2026-03-21T15:00:00.0000000+01:00,3.5998,,,
2026-03-21T15:15:00.0000000+01:00,3.2984,,,
2026-03-21T15:30:00.0000000+01:00,2.9851,,,
2026-03-21T15:45:00.0000000+01:00,2.6564,,,
2026-03-21T16:00:00.0000000+01:00,2.3168,,,
2026-03-21T16:15:00.0000000+01:00,1.9679,,,
2026-03-21T16:30:00.0000000+01:00,1.6143,,,
2026-03-21T16:45:00.0000000+01:00,1.2348,,,
2026-03-21T17:00:00.0000000+01:00,0.8731,,,
2026-03-21T17:15:00.0000000+01:00,0.5207,,,
2026-03-21T17:30:00.0000000+01:00,0.2617,,,
2026-03-21T17:45:00.0000000+01:00,0.0887,,,
2026-03-21T18:00:00.0000000+01:00,0.0342,,,
2026-03-21T18:15:00.0000000+01:00,0.0024,,,
2026-03-22T05:45:00.0000000+01:00,0.0133,,,
2026-03-22T06:00:00.0000000+01:00,0.0455,,,
2026-03-22T06:15:00.0000000+01:00,0.1062,,,
2026-03-22T06:30:00.0000000+01:00,0.2076,,,
2026-03-22T06:45:00.0000000+01:00,0.3765,,,
2026-03-22T07:00:00.0000000+01:00,0.6136,,,
2026-03-22T07:15:00.0000000+01:00,0.9032,,,
2026-03-22T07:30:00.0000000+01:00,1.2095,,,
2026-03-22T07:45:00.0000000+01:00,1.5553,,,
2026-03-22T08:00:00.0000000+01:00,1.9223,,,
2026-03-22T08:15:00.0000000+01:00,2.3177,,,
2026-03-22T08:30:00.0000000+01:00,2.687,,,
2026-03-22T08:45:00.0000000+01:00,3.036,,,
2026-03-22T09:00:00.0000000+01:00,3.3786,,,
2026-03-22T09:15:00.0000000+01:00,3.6745,,,
2026-03-22T09:30:00.0000000+01:00,3.93,,,
2026-03-22T09:45:00.0000000+01:00,4.1252,,,
2026-03-22T10:00:00.0000000+01:00,4.2586,,,
2026-03-22T10:15:00.0000000+01:00,4.339,,,
2026-03-22T10:30:00.0000000+01:00,4.3759,,,
2026-03-22T10:45:00.0000000+01:00,4.397,,,
2026-03-22T11:00:00.0000000+01:00,4.4123,,,
2026-03-22T11:15:00.0000000+01:00,4.4227,,,
2026-03-22T11:30:00.0000000+01:00,4.4329,,,
2026-03-22T11:45:00.0000000+01:00,4.4432,,,
2026-03-22T13:00:00.0000000+01:00,4.4325,,,
2026-03-22T13:15:00.0000000+01:00,4.4223,,,
2026-03-22T13:30:00.0000000+01:00,4.4068,,,
2026-03-22T13:45:00.0000000+01:00,4.3861,,,
2026-03-22T14:00:00.0000000+01:00,4.3361,,,
2026-03-22T14:15:00.0000000+01:00,4.2128,,,
2026-03-22T14:30:00.0000000+01:00,4.0053,,,
2026-03-22T14:45:00.0000000+01:00,3.7575,,,
2026-03-22T15:00:00.0000000+01:00,3.4919,,,
2026-03-22T15:15:00.0000000+01:00,3.1913,,,
2026-03-22T15:30:00.0000000+01:00,2.8679,,,
2026-03-22T15:45:00.0000000+01:00,2.5293,,,
2026-03-22T16:00:00.0000000+01:00,2.1926,,,
2026-03-22T16:15:00.0000000+01:00,1.848,,,
2026-03-22T16:30:00.0000000+01:00,1.4887,,,
2026-03-22T16:45:00.0000000+01:00,1.1315,,,
2026-03-22T17:00:00.0000000+01:00,0.7962,,,
2026-03-22T17:15:00.0000000+01:00,0.5015,,,
2026-03-22T17:30:00.0000000+01:00,0.2661,,,
2026-03-22T17:45:00.0000000+01:00,0.1226,,,
2026-03-22T18:00:00.0000000+01:00,0.0504,,,
2026-03-22T18:15:00.0000000+01:00,0.0131,,,
2026-03-22T18:30:00.0000000+01:00,-0.0074,,,
2026-03-23T05:45:00.0000000+01:00,0.0138,,,
2026-03-23T06:00:00.0000000+01:00,0.0586,,,
2026-03-23T06:15:00.0000000+01:00,0.1274,,,
2026-03-23T06:30:00.0000000+01:00,0.2343,,,
2026-03-23T06:45:00.0000000+01:00,0.3983,,,
2026-03-23T07:00:00.0000000+01:00,0.6122,,,
2026-03-23T07:15:00.0000000+01:00,0.8752,,,
2026-03-23T07:30:00.0000000+01:00,1.1666,,,
2026-03-23T07:45:00.0000000+01:00,1.4931,,,
2026-03-23T08:00:00.0000000+01:00,1.8335,,,
2026-03-23T08:15:00.0000000+01:00,2.2015,,,
2026-03-23T08:30:00.0000000+01:00,2.5117,,,
2026-03-23T08:45:00.0000000+01:00,2.9159,,,
2026-03-23T09:00:00.0000000+01:00,3.1984,,,
2026-03-23T09:15:00.0000000+01:00,3.6738,,,
2026-03-23T09:30:00.0000000+01:00,3.6528,,,
2026-03-23T09:45:00.0000000+01:00,3.4865,,,
2026-03-23T10:00:00.0000000+01:00,2.9273,,,
2026-03-23T10:15:00.0000000+01:00,3.7652,,,
2026-03-23T10:30:00.0000000+01:00,3.9899,,,
2026-03-23T10:45:00.0000000+01:00,2.811,,,
2026-03-23T11:00:00.0000000+01:00,1.2768,,,
2026-03-23T11:15:00.0000000+01:00,1.2045,,,
2026-03-23T11:30:00.0000000+01:00,1.534,,,
2026-03-23T11:45:00.0000000+01:00,2.5793,,,
2026-03-23T12:00:00.0000000+01:00,4.4129,,,
2026-03-23T12:15:00.0000000+01:00,4.4027,,,
2026-03-23T12:30:00.0000000+01:00,3.3342,,,
2026-03-23T12:45:00.0000000+01:00,3.6817,,,
2026-03-23T13:00:00.0000000+01:00,3.4791,,,
2026-03-23T13:15:00.0000000+01:00,3.6697,,,
2026-03-23T13:30:00.0000000+01:00,3.0243,,,
2026-03-23T13:45:00.0000000+01:00,2.5256,,,
2026-03-23T14:00:00.0000000+01:00,2.0308,,,
2026-03-23T14:15:00.0000000+01:00,1.7518,,,
2026-03-23T14:30:00.0000000+01:00,1.5185,,,
2026-03-23T14:45:00.0000000+01:00,1.6651,,,
2026-03-23T15:00:00.0000000+01:00,1.9154,,,
2026-03-23T15:15:00.0000000+01:00,1.8563,,,
2026-03-23T15:30:00.0000000+01:00,1.7122,,,
2026-03-23T15:45:00.0000000+01:00,1.879,,,
2026-03-23T16:00:00.0000000+01:00,1.3355,,,
2026-03-23T16:15:00.0000000+01:00,0.632,,,
2026-03-23T16:30:00.0000000+01:00,0.6446,,,
2026-03-23T16:45:00.0000000+01:00,0.5451,,,
2026-03-23T17:00:00.0000000+01:00,0.3868,,,
2026-03-23T17:15:00.0000000+01:00,0.2482,,,
2026-03-23T17:30:00.0000000+01:00,0.1421,,,
2026-03-23T17:45:00.0000000+01:00,0.0689,,,
2026-03-23T18:00:00.0000000+01:00,0.0185,,,
2026-03-23T18:15:00.0000000+01:00,-0.0022,,,
2026-03-24T05:45:00.0000000+01:00,0.013,,,
2026-03-24T06:00:00.0000000+01:00,0.0756,,,
2026-03-24T06:15:00.0000000+01:00,0.1712,,,
2026-03-24T06:30:00.0000000+01:00,0.1462,,,
2026-03-24T06:45:00.0000000+01:00,0.2452,,,
2026-03-24T07:00:00.0000000+01:00,0.324,,,
2026-03-24T07:15:00.0000000+01:00,0.4974,,,
2026-03-24T07:30:00.0000000+01:00,0.7962,,,
2026-03-24T07:45:00.0000000+01:00,0.724,,,
2026-03-24T08:00:00.0000000+01:00,0.7416,,,
2026-03-24T08:15:00.0000000+01:00,1.1398,,,
2026-03-24T08:30:00.0000000+01:00,1.4897,,,
2026-03-24T08:45:00.0000000+01:00,2.6675,,,
2026-03-24T09:00:00.0000000+01:00,2.6476,,,
2026-03-24T09:15:00.0000000+01:00,2.0422,,,
2026-03-24T09:30:00.0000000+01:00,1.4915,,,
2026-03-24T09:45:00.0000000+01:00,1.3021,,,
2026-03-24T10:00:00.0000000+01:00,1.2046,,,
2026-03-24T10:15:00.0000000+01:00,1.3231,,,
2026-03-24T10:30:00.0000000+01:00,1.4025,,,
2026-03-24T10:45:00.0000000+01:00,1.1671,,,
2026-03-24T11:00:00.0000000+01:00,1.2804,,,
2026-03-24T11:15:00.0000000+01:00,1.3759,,,
2026-03-24T11:30:00.0000000+01:00,1.4152,,,
2026-03-24T11:45:00.0000000+01:00,1.5963,,,
2026-03-24T12:00:00.0000000+01:00,1.5158,,,
2026-03-24T12:15:00.0000000+01:00,1.7441,,,
2026-03-24T12:30:00.0000000+01:00,1.673,,,
2026-03-24T12:45:00.0000000+01:00,1.4832,,,
2026-03-24T13:00:00.0000000+01:00,1.6056,,,
2026-03-24T13:15:00.0000000+01:00,2.0531,,,
2026-03-24T13:30:00.0000000+01:00,2.8101,,,
2026-03-24T13:45:00.0000000+01:00,2.0568,,,
2026-03-24T14:00:00.0000000+01:00,1.5885,,,
2026-03-24T14:15:00.0000000+01:00,1.6219,,,
2026-03-24T14:30:00.0000000+01:00,1.5384,,,
2026-03-24T14:45:00.0000000+01:00,1.0705,,,
2026-03-24T15:00:00.0000000+01:00,0.6824,,,
2026-03-24T15:15:00.0000000+01:00,0.6414,,,
2026-03-24T15:30:00.0000000+01:00,0.6173,,,
2026-03-24T15:45:00.0000000+01:00,0.5726,,,
2026-03-24T16:00:00.0000000+01:00,0.5637,,,
2026-03-24T16:15:00.0000000+01:00,0.452,,,
2026-03-24T16:30:00.0000000+01:00,0.5072,,,
2026-03-24T16:45:00.0000000+01:00,0.4058,,,
2026-03-24T17:00:00.0000000+01:00,0.3003,,,
2026-03-24T17:15:00.0000000+01:00,0.1583,,,
2026-03-24T17:30:00.0000000+01:00,0.1085,,,
2026-03-24T17:45:00.0000000+01:00,0.0593,,,
2026-03-24T18:00:00.0000000+01:00,0.0269,,,
2026-03-24T18:15:00.0000000+01:00,0.0007,,,
2026-03-25T06:00:00.0000000+01:00,0.0108,,,
2026-03-25T06:15:00.0000000+01:00,0.0042,,,
2026-03-25T06:30:00.0000000+01:00,0.0301,,,
2026-03-25T06:45:00.0000000+01:00,0.0336,,,
2026-03-25T07:00:00.0000000+01:00,0.0497,,,
2026-03-25T07:15:00.0000000+01:00,0.0336,,,
2026-03-25T07:30:00.0000000+01:00,0.05,,,
2026-03-25T07:45:00.0000000+01:00,0.054,,,
2026-03-25T08:00:00.0000000+01:00,0.0961,,,
2026-03-25T08:15:00.0000000+01:00,0.1214,,,
2026-03-25T08:30:00.0000000+01:00,0.2125,,,
2026-03-25T08:45:00.0000000+01:00,0.2166,,,
2026-03-25T09:00:00.0000000+01:00,0.2912,,,
2026-03-25T09:15:00.0000000+01:00,0.3505,,,
2026-03-25T09:30:00.0000000+01:00,0.2607,,,
2026-03-25T09:45:00.0000000+01:00,0.2296,,,
2026-03-25T10:00:00.0000000+01:00,0.2322,,,
2026-03-25T10:15:00.0000000+01:00,0.3351,,,
2026-03-25T10:30:00.0000000+01:00,0.508,,,
2026-03-25T10:45:00.0000000+01:00,0.7879,,,
2026-03-25T11:00:00.0000000+01:00,1.6221,,,
2026-03-25T11:15:00.0000000+01:00,2.4051,,,
2026-03-25T11:30:00.0000000+01:00,2.0344,,,
2026-03-25T11:45:00.0000000+01:00,1.4741,,,
2026-03-25T12:00:00.0000000+01:00,0.9194,,,
2026-03-25T12:15:00.0000000+01:00,1.6972,,,
2026-03-25T12:30:00.0000000+01:00,1.0265,,,
2026-03-25T12:45:00.0000000+01:00,1.6408,,,
2026-03-25T13:00:00.0000000+01:00,1.5268,,,
2026-03-25T13:15:00.0000000+01:00,3.2935,,,
2026-03-25T13:30:00.0000000+01:00,1.3881,,,
2026-03-25T13:45:00.0000000+01:00,1.5766,,,
2026-03-25T14:00:00.0000000+01:00,1.0554,,,
2026-03-25T14:15:00.0000000+01:00,0.903,,,
2026-03-25T14:30:00.0000000+01:00,1.056,,,
2026-03-25T14:45:00.0000000+01:00,2.0398,,,
2026-03-25T15:00:00.0000000+01:00,1.6111,,,
2026-03-25T15:15:00.0000000+01:00,0.9781,,,
2026-03-25T15:30:00.0000000+01:00,0.4566,,,
2026-03-25T15:45:00.0000000+01:00,0.4379,,,
2026-03-25T16:00:00.0000000+01:00,0.7193,,,
2026-03-25T16:15:00.0000000+01:00,0.7216,,,
2026-03-25T16:30:00.0000000+01:00,0.3729,,,
2026-03-25T16:45:00.0000000+01:00,0.4087,,,
2026-03-25T17:00:00.0000000+01:00,0.7073,,,
2026-03-25T17:15:00.0000000+01:00,0.3323,,,
2026-03-25T17:30:00.0000000+01:00,0.1945,,,
2026-03-25T17:45:00.0000000+01:00,0.1231,,,
2026-03-25T18:00:00.0000000+01:00,0.0585,,,
2026-03-25T18:15:00.0000000+01:00,0.0183,,,
2026-03-25T18:30:00.0000000+01:00,-0.0042,,,
2026-03-26T05:45:00.0000000+01:00,0.0121,,,
2026-03-26T06:00:00.0000000+01:00,0.0397,,,
2026-03-26T06:15:00.0000000+01:00,0.0651,,,
2026-03-26T06:30:00.0000000+01:00,0.072,,,
2026-03-26T06:45:00.0000000+01:00,0.1192,,,
2026-03-26T07:00:00.0000000+01:00,0.1853,,,
2026-03-26T07:15:00.0000000+01:00,0.3007,,,
2026-03-26T07:30:00.0000000+01:00,0.4533,,,
2026-03-26T07:45:00.0000000+01:00,0.5188,,,
2026-03-26T08:00:00.0000000+01:00,0.3731,,,
2026-03-26T08:15:00.0000000+01:00,0.5411,,,
2026-03-26T08:30:00.0000000+01:00,0.8807,,,
2026-03-26T08:45:00.0000000+01:00,1.1811,,,
2026-03-26T09:00:00.0000000+01:00,1.8376,,,
2026-03-26T09:15:00.0000000+01:00,1.9839,,,
2026-03-26T09:30:00.0000000+01:00,1.465,,,
2026-03-26T09:45:00.0000000+01:00,2.0039,,,
2026-03-26T10:00:00.0000000+01:00,1.7137,,,
2026-03-26T10:15:00.0000000+01:00,2.1347,,,
2026-03-26T10:30:00.0000000+01:00,1.9403,,,
2026-03-26T10:45:00.0000000+01:00,1.3496,,,
2026-03-26T11:00:00.0000000+01:00,1.3753,,,
2026-03-26T11:15:00.0000000+01:00,1.4599,,,
2026-03-26T11:30:00.0000000+01:00,1.0446,,,
2026-03-26T11:45:00.0000000+01:00,0.5066,,,
2026-03-26T12:00:00.0000000+01:00,0.8564,,,
2026-03-26T12:15:00.0000000+01:00,1.0883,,,
2026-03-26T12:30:00.0000000+01:00,1.9598,,,
2026-03-26T12:45:00.0000000+01:00,1.6398,,,
2026-03-26T13:00:00.0000000+01:00,1.0901,,,
2026-03-26T13:15:00.0000000+01:00,1.0774,,,
2026-03-26T13:30:00.0000000+01:00,1.4263,,,
2026-03-26T13:45:00.0000000+01:00,1.1543,,,
2026-03-26T14:00:00.0000000+01:00,1.5475,,,
2026-03-26T14:15:00.0000000+01:00,1.5166,,,
2026-03-26T14:30:00.0000000+01:00,1.1021,,,
2026-03-26T14:45:00.0000000+01:00,1.1307,,,
2026-03-26T15:00:00.0000000+01:00,0.8889,,,
2026-03-26T15:15:00.0000000+01:00,0.8304,,,
2026-03-26T15:30:00.0000000+01:00,0.976,,,
2026-03-26T15:45:00.0000000+01:00,1.0636,,,
2026-03-26T16:00:00.0000000+01:00,0.6432,,,
2026-03-26T16:15:00.0000000+01:00,0.793,,,
2026-03-26T16:30:00.0000000+01:00,0.583,,,
2026-03-26T16:45:00.0000000+01:00,0.3977,,,
2026-03-26T17:00:00.0000000+01:00,0.2678,,,
2026-03-26T17:15:00.0000000+01:00,0.3132,,,
2026-03-26T17:30:00.0000000+01:00,0.1362,,,
2026-03-26T17:45:00.0000000+01:00,0.0661,,,
2026-03-26T18:00:00.0000000+01:00,0.0276,,,
2026-03-26T18:15:00.0000000+01:00,0.0121,,,
2026-03-26T18:30:00.0000000+01:00,0.0016,,,
2026-03-26T18:45:00.0000000+01:00,-0.0085,,,
2026-03-27T05:30:00.0000000+01:00,0.0074,,,
2026-03-27T05:45:00.0000000+01:00,0.0358,,,
2026-03-27T06:00:00.0000000+01:00,0.0952,,,
2026-03-27T06:15:00.0000000+01:00,0.1944,,,
2026-03-27T06:30:00.0000000+01:00,0.3523,,,
2026-03-27T06:45:00.0000000+01:00,0.5769,,,
2026-03-27T07:00:00.0000000+01:00,0.8162,,,
2026-03-27T07:15:00.0000000+01:00,1.0598,,,
2026-03-27T07:30:00.0000000+01:00,1.3833,,,
2026-03-27T07:45:00.0000000+01:00,1.7598,,,
2026-03-27T08:00:00.0000000+01:00,2.1542,,,
2026-03-27T08:15:00.0000000+01:00,2.5323,,,
2026-03-27T08:30:00.0000000+01:00,2.8989,,,
2026-03-27T08:45:00.0000000+01:00,3.2115,,,
2026-03-27T09:00:00.0000000+01:00,3.4522,,,
2026-03-27T09:15:00.0000000+01:00,3.7261,,,
2026-03-27T09:30:00.0000000+01:00,3.8132,,,
2026-03-27T09:45:00.0000000+01:00,2.2204,,,
2026-03-27T10:00:00.0000000+01:00,1.3601,,,
2026-03-27T10:15:00.0000000+01:00,1.985,,,
2026-03-27T10:30:00.0000000+01:00,1.8864,,,
2026-03-27T10:45:00.0000000+01:00,1.6103,,,
2026-03-27T11:15:00.0000000+01:00,1.998,,,
2026-03-27T12:30:00.0000000+01:00,2.0639,,,
2026-03-27T12:45:00.0000000+01:00,3.2786,,,
2026-03-27T13:15:00.0000000+01:00,4.4885,,,
2026-03-27T13:45:00.0000000+01:00,4.4734,,,
2026-03-27T14:00:00.0000000+01:00,3.5859,,,
2026-03-27T14:15:00.0000000+01:00,2.6782,,,
2026-03-27T14:30:00.0000000+01:00,2.3727,,,
2026-03-27T14:45:00.0000000+01:00,2.2219,,,
2026-03-27T15:00:00.0000000+01:00,2.0554,,,
2026-03-27T15:15:00.0000000+01:00,1.894,,,
2026-03-27T15:30:00.0000000+01:00,2.2735,,,
2026-03-27T15:45:00.0000000+01:00,2.5882,,,
2026-03-27T16:00:00.0000000+01:00,1.8475,,,
2026-03-27T16:15:00.0000000+01:00,2.022,,,
2026-03-27T16:30:00.0000000+01:00,1.6694,,,
2026-03-27T16:45:00.0000000+01:00,1.2748,,,
2026-03-27T17:00:00.0000000+01:00,0.9654,,,
2026-03-27T17:15:00.0000000+01:00,0.651,,,
2026-03-27T17:30:00.0000000+01:00,0.3783,,,
2026-03-27T17:45:00.0000000+01:00,0.2084,,,
2026-03-27T18:00:00.0000000+01:00,0.102,,,
2026-03-27T18:15:00.0000000+01:00,0.0356,,,
2026-03-27T18:30:00.0000000+01:00,0.0031,,,
2026-03-27T18:45:00.0000000+01:00,-0.007,,,
2026-03-28T05:30:00.0000000+01:00,0.0202,,,
2026-03-28T05:45:00.0000000+01:00,0.0258,,,
2026-03-28T06:00:00.0000000+01:00,0.0471,,,
2026-03-28T06:15:00.0000000+01:00,0.1026,,,
2026-03-28T06:30:00.0000000+01:00,0.1899,,,
2026-03-28T06:45:00.0000000+01:00,0.2576,,,
2026-03-28T07:00:00.0000000+01:00,0.2426,,,
2026-03-28T07:15:00.0000000+01:00,0.2854,,,
2026-03-28T07:30:00.0000000+01:00,0.3794,,,
2026-03-28T07:45:00.0000000+01:00,0.4767,,,
2026-03-28T08:00:00.0000000+01:00,0.6786,,,
2026-03-28T08:15:00.0000000+01:00,0.5383,,,
2026-03-28T08:30:00.0000000+01:00,0.7529,,,
2026-03-28T08:45:00.0000000+01:00,0.8387,,,
2026-03-28T09:00:00.0000000+01:00,1.0559,,,
2026-03-28T09:15:00.0000000+01:00,1.0035,,,
2026-03-28T09:30:00.0000000+01:00,1.114,,,
2026-03-28T09:45:00.0000000+01:00,1.0356,,,
2026-03-28T10:00:00.0000000+01:00,1.1174,,,
2026-03-28T10:15:00.0000000+01:00,0.8542,,,
2026-03-28T10:30:00.0000000+01:00,0.7216,,,
2026-03-28T10:45:00.0000000+01:00,0.8305,,,
2026-03-28T11:00:00.0000000+01:00,0.7079,,,
2026-03-28T11:15:00.0000000+01:00,0.6977,,,
2026-03-28T11:30:00.0000000+01:00,0.757,,,
2026-03-28T11:45:00.0000000+01:00,0.7682,,,
2026-03-28T12:00:00.0000000+01:00,0.7566,,,
2026-03-28T12:15:00.0000000+01:00,0.6364,,,
2026-03-28T12:30:00.0000000+01:00,0.5158,,,
2026-03-28T12:45:00.0000000+01:00,0.5007,,,
2026-03-28T13:00:00.0000000+01:00,0.3723,,,
2026-03-28T13:15:00.0000000+01:00,0.3917,,,
2026-03-28T13:30:00.0000000+01:00,0.4893,,,
2026-03-28T13:45:00.0000000+01:00,0.5018,,,
2026-03-28T14:00:00.0000000+01:00,0.6389,,,
2026-03-28T14:15:00.0000000+01:00,0.6975,,,
2026-03-28T14:30:00.0000000+01:00,0.6449,,,
2026-03-28T14:45:00.0000000+01:00,0.8113,,,
2026-03-28T15:00:00.0000000+01:00,0.5722,,,
2026-03-28T15:15:00.0000000+01:00,0.4709,,,
2026-03-28T15:30:00.0000000+01:00,0.3751,,,
2026-03-28T15:45:00.0000000+01:00,0.3747,,,
2026-03-28T16:00:00.0000000+01:00,0.5121,,,
2026-03-28T16:15:00.0000000+01:00,0.3146,,,
2026-03-28T16:30:00.0000000+01:00,0.2847,,,
2026-03-28T16:45:00.0000000+01:00,0.2142,,,
2026-03-28T17:00:00.0000000+01:00,0.1614,,,
2026-03-28T17:15:00.0000000+01:00,0.1482,,,
2026-03-28T17:30:00.0000000+01:00,0.1003,,,
2026-03-28T18:00:00.0000000+01:00,0.0565,,,
2026-03-28T18:15:00.0000000+01:00,0.0176,,,
2026-03-28T18:30:00.0000000+01:00,-0.0044,,,
2026-03-29T06:45:00.0000000+02:00,0.0114,,,
2026-03-29T07:00:00.0000000+02:00,0.0377,,,
2026-03-29T07:15:00.0000000+02:00,0.0829,,,
2026-03-29T07:30:00.0000000+02:00,0.1438,,,
2026-03-29T07:45:00.0000000+02:00,0.2061,,,
2026-03-29T08:00:00.0000000+02:00,0.2895,,,
2026-03-29T08:15:00.0000000+02:00,0.4829,,,
2026-03-29T08:30:00.0000000+02:00,0.6509,,,
2026-03-29T08:45:00.0000000+02:00,0.9777,,,
2026-03-29T09:00:00.0000000+02:00,1.1338,,,
2026-03-29T09:15:00.0000000+02:00,1.7242,,,
2026-03-29T09:30:00.0000000+02:00,1.3302,,,
2026-03-29T09:45:00.0000000+02:00,1.4339,,,
2026-03-29T10:00:00.0000000+02:00,1.4678,,,
2026-03-29T10:15:00.0000000+02:00,2.0341,,,
2026-03-29T10:30:00.0000000+02:00,2.5107,,,
2026-03-29T10:45:00.0000000+02:00,2.9177,,,
2026-03-29T11:00:00.0000000+02:00,4.2633,,,
2026-03-29T11:15:00.0000000+02:00,3.6207,,,
2026-03-29T11:30:00.0000000+02:00,4.2253,,,
2026-03-29T11:45:00.0000000+02:00,4.4126,,,
2026-03-29T12:00:00.0000000+02:00,4.3011,,,
2026-03-29T12:15:00.0000000+02:00,2.6824,,,
2026-03-29T12:30:00.0000000+02:00,2.977,,,
2026-03-29T12:45:00.0000000+02:00,2.8508,,,
2026-03-29T13:00:00.0000000+02:00,1.1488,,,
2026-03-29T13:15:00.0000000+02:00,0.7851,,,
2026-03-29T13:30:00.0000000+02:00,1.3308,,,
2026-03-29T13:45:00.0000000+02:00,1.9841,,,
2026-03-29T14:00:00.0000000+02:00,2.5434,,,
2026-03-29T14:15:00.0000000+02:00,2.0678,,,
2026-03-29T14:30:00.0000000+02:00,1.0762,,,
2026-03-29T14:45:00.0000000+02:00,0.8773,,,
2026-03-29T15:00:00.0000000+02:00,1.8852,,,
2026-03-29T15:15:00.0000000+02:00,2.9099,,,
2026-03-29T15:30:00.0000000+02:00,1.4759,,,
2026-03-29T15:45:00.0000000+02:00,3.0136,,,
2026-03-29T16:00:00.0000000+02:00,0.9854,,,
2026-03-29T16:15:00.0000000+02:00,1.7154,,,
2026-03-29T16:30:00.0000000+02:00,1.6687,,,
2026-03-29T16:45:00.0000000+02:00,2.0821,,,
2026-03-29T17:00:00.0000000+02:00,2.6724,,,
2026-03-29T17:15:00.0000000+02:00,1.5402,,,
2026-03-29T17:30:00.0000000+02:00,1.5862,,,
2026-03-29T17:45:00.0000000+02:00,1.0001,,,
2026-03-29T18:00:00.0000000+02:00,0.2979,,,
2026-03-29T18:15:00.0000000+02:00,0.4812,,,
2026-03-29T18:30:00.0000000+02:00,0.485,,,
2026-03-29T18:45:00.0000000+02:00,0.4009,,,
2026-03-29T19:00:00.0000000+02:00,0.2431,,,
2026-03-29T19:15:00.0000000+02:00,0.0671,,,
2026-03-29T19:30:00.0000000+02:00,0.0006,,,
2026-03-30T06:45:00.0000000+02:00,0.0136,,,
2026-03-30T07:00:00.0000000+02:00,0.0081,,,
2026-03-30T07:15:00.0000000+02:00,0.0292,,,
2026-03-30T07:30:00.0000000+02:00,0.0566,,,
2026-03-30T07:45:00.0000000+02:00,0.0849,,,
2026-03-30T08:00:00.0000000+02:00,0.0779,,,
2026-03-30T08:15:00.0000000+02:00,0.0604,,,
2026-03-30T08:30:00.0000000+02:00,0.0586,,,
2026-03-30T08:45:00.0000000+02:00,0.1874,,,
2026-03-30T09:00:00.0000000+02:00,0.2693,,,
2026-03-30T09:15:00.0000000+02:00,0.1866,,,
2026-03-30T09:30:00.0000000+02:00,0.2727,,,
2026-03-30T09:45:00.0000000+02:00,0.2832,,,
2026-03-30T10:00:00.0000000+02:00,0.3687,,,
2026-03-30T10:15:00.0000000+02:00,0.3773,,,
2026-03-30T10:30:00.0000000+02:00,0.4277,,,
2026-03-30T10:45:00.0000000+02:00,0.4654,,,
2026-03-30T11:00:00.0000000+02:00,0.4157,,,
2026-03-30T11:15:00.0000000+02:00,0.6087,,,
2026-03-30T11:30:00.0000000+02:00,0.5081,,,
2026-03-30T11:45:00.0000000+02:00,0.3126,,,
2026-03-30T12:00:00.0000000+02:00,0.2748,,,
2026-03-30T12:15:00.0000000+02:00,0.3991,,,
2026-03-30T12:30:00.0000000+02:00,0.5106,,,
2026-03-30T12:45:00.0000000+02:00,0.4928,,,
2026-03-30T13:00:00.0000000+02:00,0.4287,,,
2026-03-30T13:15:00.0000000+02:00,0.4492,,,
2026-03-30T13:30:00.0000000+02:00,0.694,,,
2026-03-30T13:45:00.0000000+02:00,0.6199,,,
2026-03-30T14:00:00.0000000+02:00,0.6627,,,
2026-03-30T14:15:00.0000000+02:00,0.6385,,,
2026-03-30T14:30:00.0000000+02:00,0.8381,,,
2026-03-30T14:45:00.0000000+02:00,0.6615,,,
2026-03-30T15:00:00.0000000+02:00,0.8152,,,
2026-03-30T15:15:00.0000000+02:00,1.1702,,,
2026-03-30T15:30:00.0000000+02:00,1.7057,,,
2026-03-30T15:45:00.0000000+02:00,2.0531,,,
2026-03-30T16:00:00.0000000+02:00,2.7489,,,
2026-03-30T16:15:00.0000000+02:00,3.3948,,,
2026-03-30T16:30:00.0000000+02:00,1.7593,,,
2026-03-30T16:45:00.0000000+02:00,2.0022,,,
2026-03-30T17:00:00.0000000+02:00,2.1325,,,
2026-03-30T17:15:00.0000000+02:00,1.7584,,,
2026-03-30T17:30:00.0000000+02:00,1.8576,,,
2026-03-30T17:45:00.0000000+02:00,1.2912,,,
2026-03-30T18:00:00.0000000+02:00,0.8179,,,
2026-03-30T18:15:00.0000000+02:00,0.3923,,,
2026-03-30T18:30:00.0000000+02:00,0.2753,,,
2026-03-30T18:45:00.0000000+02:00,0.1418,,,
2026-03-30T19:00:00.0000000+02:00,0.1417,,,
2026-03-30T19:15:00.0000000+02:00,0.0499,,,
2026-03-30T19:30:00.0000000+02:00,0.0113,,,
2026-03-30T19:45:00.0000000+02:00,-0.0044,,,
2026-03-31T06:30:00.0000000+02:00,0.0274,,,
2026-03-31T06:45:00.0000000+02:00,0.0896,,,
2026-03-31T07:00:00.0000000+02:00,0.2206,,,
2026-03-31T07:15:00.0000000+02:00,0.2463,,,
2026-03-31T07:30:00.0000000+02:00,0.3772,,,
2026-03-31T07:45:00.0000000+02:00,0.4592,,,
2026-03-31T08:00:00.0000000+02:00,0.9222,,,
2026-03-31T08:15:00.0000000+02:00,1.0446,,,
2026-03-31T08:30:00.0000000+02:00,0.8417,,,
2026-03-31T08:45:00.0000000+02:00,0.8594,,,
2026-03-31T09:00:00.0000000+02:00,0.5292,,,
2026-03-31T09:15:00.0000000+02:00,0.8163,,,
2026-03-31T09:30:00.0000000+02:00,0.6205,,,
2026-03-31T09:45:00.0000000+02:00,0.2293,,,
2026-03-31T10:00:00.0000000+02:00,0.4604,,,
2026-03-31T10:15:00.0000000+02:00,0.902,,,
2026-03-31T10:30:00.0000000+02:00,1.3552,,,
2026-03-31T10:45:00.0000000+02:00,1.6997,,,
2026-03-31T11:00:00.0000000+02:00,2.5011,,,
2026-03-31T11:15:00.0000000+02:00,1.9858,,,
2026-03-31T11:30:00.0000000+02:00,1.8369,,,
2026-03-31T11:45:00.0000000+02:00,1.7824,,,
2026-03-31T12:00:00.0000000+02:00,1.5497,,,
2026-03-31T12:15:00.0000000+02:00,2.923,,,
2026-03-31T12:30:00.0000000+02:00,3.1558,,,
2026-03-31T12:45:00.0000000+02:00,2.3285,,,
2026-03-31T13:00:00.0000000+02:00,3.4395,,,
2026-03-31T13:15:00.0000000+02:00,3.683,,,
2026-03-31T13:45:00.0000000+02:00,3.4478,,,
2026-03-31T14:00:00.0000000+02:00,2.7974,,,
2026-03-31T14:15:00.0000000+02:00,1.1896,,,
2026-03-31T14:30:00.0000000+02:00,2.5219,,,
2026-03-31T14:45:00.0000000+02:00,2.2812,,,
2026-03-31T15:00:00.0000000+02:00,0.4961,,,
2026-03-31T15:15:00.0000000+02:00,1.0791,,,
2026-03-31T15:30:00.0000000+02:00,3.3989,,,
2026-03-31T15:45:00.0000000+02:00,4.342,,,
2026-03-31T16:00:00.0000000+02:00,4.3803,,,
2026-03-31T16:15:00.0000000+02:00,4.1591,,,
2026-03-31T16:30:00.0000000+02:00,2.5955,,,
2026-03-31T16:45:00.0000000+02:00,0.804,,,
2026-03-31T17:00:00.0000000+02:00,2.0272,,,
2026-03-31T17:15:00.0000000+02:00,2.332,,,
2026-03-31T17:30:00.0000000+02:00,2.1826,,,
2026-03-31T17:45:00.0000000+02:00,1.665,,,
2026-03-31T18:00:00.0000000+02:00,0.7639,,,
2026-03-31T18:15:00.0000000+02:00,0.6177,,,
2026-03-31T18:30:00.0000000+02:00,0.2061,,,
2026-03-31T18:45:00.0000000+02:00,0.1799,,,
2026-03-31T19:00:00.0000000+02:00,0.1182,,,
2026-03-31T19:15:00.0000000+02:00,0.0591,,,
2026-03-31T19:30:00.0000000+02:00,0.026,,,
2026-03-31T19:45:00.0000000+02:00,-0.0023,,,
2026-04-01T06:15:00.0000000+02:00,0.0078,,,
2026-04-01T06:30:00.0000000+02:00,0.0344,,,
2026-04-01T06:45:00.0000000+02:00,0.0743,,,
2026-04-01T07:00:00.0000000+02:00,0.1509,,,
2026-04-01T07:15:00.0000000+02:00,0.2842,,,
2026-04-01T07:30:00.0000000+02:00,0.4811,,,
2026-04-01T07:45:00.0000000+02:00,0.7351,,,
2026-04-01T08:00:00.0000000+02:00,0.9997,,,
2026-04-01T08:15:00.0000000+02:00,1.3272,,,
2026-04-01T08:30:00.0000000+02:00,1.7043,,,
2026-04-01T08:45:00.0000000+02:00,2.1044,,,
2026-04-01T09:00:00.0000000+02:00,2.4999,,,
2026-04-01T09:15:00.0000000+02:00,2.8675,,,
2026-04-01T09:30:00.0000000+02:00,3.2049,,,
2026-04-01T09:45:00.0000000+02:00,3.5375,,,
2026-04-01T10:00:00.0000000+02:00,3.8363,,,
2026-04-01T10:15:00.0000000+02:00,4.0759,,,
2026-04-01T10:30:00.0000000+02:00,4.2609,,,
2026-04-01T10:45:00.0000000+02:00,4.3856,,,
2026-04-01T11:00:00.0000000+02:00,4.4466,,,
2026-04-01T11:15:00.0000000+02:00,4.4728,,,
2026-04-01T11:30:00.0000000+02:00,4.4893,,,
2026-04-01T11:45:00.0000000+02:00,4.4996,,,
2026-04-01T12:00:00.0000000+02:00,4.5096,,,
2026-04-01T13:30:00.0000000+02:00,4.4387,,,
2026-04-01T14:15:00.0000000+02:00,3.9361,,,
2026-04-01T14:30:00.0000000+02:00,3.2089,,,
2026-04-01T14:45:00.0000000+02:00,2.3877,,,
2026-04-01T15:00:00.0000000+02:00,3.5539,,,
2026-04-01T15:15:00.0000000+02:00,4.3895,,,
2026-04-01T15:30:00.0000000+02:00,4.3133,,,
2026-04-01T15:45:00.0000000+02:00,4.0875,,,
2026-04-01T16:00:00.0000000+02:00,3.839,,,
2026-04-01T16:15:00.0000000+02:00,3.5491,,,
2026-04-01T16:30:00.0000000+02:00,3.2444,,,
2026-04-01T16:45:00.0000000+02:00,2.9068,,,
2026-04-01T17:00:00.0000000+02:00,2.5611,,,
2026-04-01T17:15:00.0000000+02:00,2.2076,,,
2026-04-01T17:30:00.0000000+02:00,1.8446,,,
2026-04-01T17:45:00.0000000+02:00,1.4839,,,
2026-04-01T18:00:00.0000000+02:00,1.147,,,
2026-04-01T18:15:00.0000000+02:00,0.8012,,,
2026-04-01T18:30:00.0000000+02:00,0.492,,,
2026-04-01T18:45:00.0000000+02:00,0.2686,,,
2026-04-01T19:00:00.0000000+02:00,0.127,,,
2026-04-01T19:15:00.0000000+02:00,0.0573,,,
2026-04-01T19:30:00.0000000+02:00,0.02,,,
2026-04-01T19:45:00.0000000+02:00,-0.0004,,,
2026-04-02T06:15:00.0000000+02:00,0.0103,,,
2026-04-02T06:30:00.0000000+02:00,0.026,,,
2026-04-02T06:45:00.0000000+02:00,0.061,,,
2026-04-02T07:00:00.0000000+02:00,0.1058,,,
2026-04-02T07:15:00.0000000+02:00,0.1613,,,
2026-04-02T07:30:00.0000000+02:00,0.3482,,,
2026-04-02T07:45:00.0000000+02:00,0.7166,,,
2026-04-02T08:00:00.0000000+02:00,1.0077,,,
2026-04-02T08:15:00.0000000+02:00,1.291,,,
2026-04-02T08:30:00.0000000+02:00,1.639,,,
2026-04-02T08:45:00.0000000+02:00,2.0008,,,
2026-04-02T09:00:00.0000000+02:00,2.571,,,
2026-04-02T09:15:00.0000000+02:00,2.8365,,,
2026-04-02T09:30:00.0000000+02:00,3.0377,,,
2026-04-02T09:45:00.0000000+02:00,3.378,,,
2026-04-02T10:00:00.0000000+02:00,3.779,,,
2026-04-02T10:15:00.0000000+02:00,3.167,,,
2026-04-02T10:30:00.0000000+02:00,2.2231,,,
2026-04-02T10:45:00.0000000+02:00,2.8897,,,
2026-04-02T11:00:00.0000000+02:00,2.7423,,,
2026-04-02T11:15:00.0000000+02:00,1.5476,,,
2026-04-02T11:30:00.0000000+02:00,1.4741,,,
2026-04-02T11:45:00.0000000+02:00,1.8296,,,
2026-04-02T12:00:00.0000000+02:00,4.1897,,,
2026-04-02T12:15:00.0000000+02:00,3.3488,,,
2026-04-02T12:30:00.0000000+02:00,2.3253,,,
2026-04-02T12:45:00.0000000+02:00,4.4215,,,
2026-04-02T13:00:00.0000000+02:00,2.5485,,,
2026-04-02T13:15:00.0000000+02:00,3.1039,,,
2026-04-02T13:30:00.0000000+02:00,2.225,,,
2026-04-02T13:45:00.0000000+02:00,3.6208,,,
2026-04-02T14:00:00.0000000+02:00,3.7396,,,
2026-04-02T14:15:00.0000000+02:00,4.0611,,,
2026-04-02T14:30:00.0000000+02:00,4.1436,,,
2026-04-02T14:45:00.0000000+02:00,2.7596,,,
2026-04-02T15:00:00.0000000+02:00,2.1561,,,
2026-04-02T15:15:00.0000000+02:00,3.8684,,,
2026-04-02T15:30:00.0000000+02:00,3.6377,,,
2026-04-02T15:45:00.0000000+02:00,2.8721,,,
2026-04-02T16:00:00.0000000+02:00,3.7354,,,
2026-04-02T16:15:00.0000000+02:00,2.6016,,,
2026-04-02T16:30:00.0000000+02:00,2.6685,,,
2026-04-02T16:45:00.0000000+02:00,2.5286,,,
2026-04-02T17:00:00.0000000+02:00,2.864,,,
2026-04-02T17:15:00.0000000+02:00,1.9009,,,
2026-04-02T17:30:00.0000000+02:00,0.9473,,,
2026-04-02T17:45:00.0000000+02:00,0.7035,,,
2026-04-02T18:00:00.0000000+02:00,0.5348,,,
2026-04-02T18:15:00.0000000+02:00,0.3844,,,
2026-04-02T18:30:00.0000000+02:00,0.243,,,
2026-04-02T18:45:00.0000000+02:00,0.1314,,,
2026-04-02T19:00:00.0000000+02:00,0.0782,,,
2026-04-02T19:15:00.0000000+02:00,0.0754,,,
2026-04-02T19:30:00.0000000+02:00,0.0508,,,
2026-04-02T19:45:00.0000000+02:00,0.0076,,,
2026-04-03T06:30:00.0000000+02:00,0.0124,,,
2026-04-03T06:45:00.0000000+02:00,0.0564,,,
2026-04-03T07:00:00.0000000+02:00,0.1227,,,
2026-04-03T07:15:00.0000000+02:00,0.1853,,,
2026-04-03T07:30:00.0000000+02:00,0.22,,,
2026-04-03T07:45:00.0000000+02:00,0.3146,,,
2026-04-03T08:00:00.0000000+02:00,0.5524,,,
2026-04-03T08:15:00.0000000+02:00,0.4841,,,
2026-04-03T08:30:00.0000000+02:00,0.6275,,,
2026-04-03T08:45:00.0000000+02:00,0.9344,,,
2026-04-03T09:00:00.0000000+02:00,0.6616,,,
2026-04-03T09:15:00.0000000+02:00,0.6782,,,
2026-04-03T09:30:00.0000000+02:00,0.749,,,
2026-04-03T09:45:00.0000000+02:00,1.1036,,,
2026-04-03T10:00:00.0000000+02:00,1.3072,,,
2026-04-03T10:15:00.0000000+02:00,1.3471,,,
2026-04-03T10:30:00.0000000+02:00,1.4575,,,
2026-04-03T10:45:00.0000000+02:00,1.8805,,,
2026-04-03T11:00:00.0000000+02:00,2.8416,,,
2026-04-03T11:15:00.0000000+02:00,1.788,,,
2026-04-03T11:30:00.0000000+02:00,1.9206,,,
2026-04-03T11:45:00.0000000+02:00,3.851,,,
2026-04-03T12:00:00.0000000+02:00,2.3991,,,
2026-04-03T12:15:00.0000000+02:00,1.6972,,,
2026-04-03T12:30:00.0000000+02:00,2.7538,,,
2026-04-03T12:45:00.0000000+02:00,3.0487,,,
2026-04-03T13:00:00.0000000+02:00,2.2736,,,
2026-04-03T13:15:00.0000000+02:00,2.6739,,,
2026-04-03T13:30:00.0000000+02:00,2.3646,,,
2026-04-03T13:45:00.0000000+02:00,3.769,,,
2026-04-03T14:00:00.0000000+02:00,2.2032,,,
2026-04-03T14:15:00.0000000+02:00,3.2878,,,
2026-04-03T14:30:00.0000000+02:00,1.7264,,,
2026-04-03T14:45:00.0000000+02:00,1.7147,,,
2026-04-03T15:00:00.0000000+02:00,2.0599,,,
2026-04-03T15:15:00.0000000+02:00,1.9622,,,
2026-04-03T15:30:00.0000000+02:00,2.2706,,,
2026-04-03T15:45:00.0000000+02:00,1.4696,,,
2026-04-03T16:00:00.0000000+02:00,1.475,,,
2026-04-03T16:15:00.0000000+02:00,1.3511,,,
2026-04-03T16:30:00.0000000+02:00,1.2383,,,
2026-04-03T16:45:00.0000000+02:00,0.8396,,,
2026-04-03T17:00:00.0000000+02:00,0.6256,,,
2026-04-03T17:15:00.0000000+02:00,0.5936,,,
2026-04-03T17:30:00.0000000+02:00,0.4366,,,
2026-04-03T17:45:00.0000000+02:00,0.289,,,
2026-04-03T18:00:00.0000000+02:00,0.188,,,
2026-04-03T18:15:00.0000000+02:00,0.1566,,,
2026-04-03T18:30:00.0000000+02:00,0.2013,,,
2026-04-03T18:45:00.0000000+02:00,0.1059,,,
2026-04-03T19:00:00.0000000+02:00,0.0398,,,
2026-04-03T19:15:00.0000000+02:00,0.0135,,,
2026-04-03T19:45:00.0000000+02:00,-0.0079,,,
2026-04-04T06:30:00.0000000+02:00,0.0047,,,
2026-04-04T06:45:00.0000000+02:00,0.0731,,,
2026-04-04T07:00:00.0000000+02:00,0.2205,,,
2026-04-04T07:15:00.0000000+02:00,0.2463,,,
2026-04-04T07:30:00.0000000+02:00,0.182,,,
2026-04-04T07:45:00.0000000+02:00,0.3235,,,
2026-04-04T08:00:00.0000000+02:00,0.3306,,,
2026-04-04T08:15:00.0000000+02:00,0.5044,,,
2026-04-04T08:30:00.0000000+02:00,0.7815,,,
2026-04-04T08:45:00.0000000+02:00,0.9236,,,
2026-04-04T09:00:00.0000000+02:00,0.9013,,,
2026-04-04T09:15:00.0000000+02:00,1.1914,,,
2026-04-04T09:30:00.0000000+02:00,1.178,,,
2026-04-04T09:45:00.0000000+02:00,2.6395,,,
2026-04-04T10:00:00.0000000+02:00,3.1251,,,
2026-04-04T10:15:00.0000000+02:00,1.5546,,,
2026-04-04T10:30:00.0000000+02:00,2.4103,,,
2026-04-04T10:45:00.0000000+02:00,1.4904,,,
2026-04-04T11:00:00.0000000+02:00,1.72,,,
2026-04-04T11:15:00.0000000+02:00,2.974,,,
2026-04-04T11:30:00.0000000+02:00,2.252,,,
2026-04-04T11:45:00.0000000+02:00,3.3641,,,
2026-04-04T12:00:00.0000000+02:00,3.1865,,,
2026-04-04T12:15:00.0000000+02:00,3.322,,,
2026-04-04T12:30:00.0000000+02:00,2.741,,,
2026-04-04T12:45:00.0000000+02:00,2.8363,,,
2026-04-04T13:00:00.0000000+02:00,3.2143,,,
2026-04-04T13:15:00.0000000+02:00,2.149,,,
2026-04-04T13:30:00.0000000+02:00,1.9489,,,
2026-04-04T13:45:00.0000000+02:00,2.2639,,,
2026-04-04T14:00:00.0000000+02:00,1.941,,,
2026-04-04T14:15:00.0000000+02:00,3.0676,,,
2026-04-04T14:30:00.0000000+02:00,2.7293,,,
2026-04-04T14:45:00.0000000+02:00,3.5256,,,
2026-04-04T15:00:00.0000000+02:00,2.513,,,
2026-04-04T15:15:00.0000000+02:00,3.3555,,,
2026-04-04T15:30:00.0000000+02:00,2.3023,,,
2026-04-04T15:45:00.0000000+02:00,0.9035,,,
2026-04-04T16:00:00.0000000+02:00,2.5031,,,
2026-04-04T16:15:00.0000000+02:00,3.5332,,,
2026-04-04T16:30:00.0000000+02:00,3.385,,,
2026-04-04T16:45:00.0000000+02:00,3.4367,,,
2026-04-04T17:00:00.0000000+02:00,1.7966,,,
2026-04-04T17:15:00.0000000+02:00,1.5823,,,
2026-04-04T17:30:00.0000000+02:00,1.9405,,,
2026-04-04T17:45:00.0000000+02:00,1.4681,,,
2026-04-04T18:00:00.0000000+02:00,0.6935,,,
2026-04-04T18:15:00.0000000+02:00,1.0152,,,
2026-04-04T18:30:00.0000000+02:00,0.6555,,,
2026-04-04T18:45:00.0000000+02:00,0.2686,,,
2026-04-04T19:00:00.0000000+02:00,0.1706,,,
2026-04-04T19:15:00.0000000+02:00,0.0876,,,
2026-04-04T19:30:00.0000000+02:00,0.0394,,,
2026-04-04T19:45:00.0000000+02:00,0.0072,,,
2026-04-04T20:00:00.0000000+02:00,-0.0082,,,
2026-04-05T06:30:00.0000000+02:00,0.0123,,,
2026-04-05T06:45:00.0000000+02:00,0.052,,,
2026-04-05T07:00:00.0000000+02:00,0.1581,,,
2026-04-05T07:15:00.0000000+02:00,0.2832,,,
2026-04-05T07:30:00.0000000+02:00,0.3448,,,
2026-04-05T07:45:00.0000000+02:00,0.1867,,,
2026-04-05T08:00:00.0000000+02:00,0.4365,,,
2026-04-05T08:15:00.0000000+02:00,0.636,,,
2026-04-05T08:30:00.0000000+02:00,0.413,,,
2026-04-05T08:45:00.0000000+02:00,0.4559,,,
2026-04-05T09:00:00.0000000+02:00,0.9243,,,
2026-04-05T09:15:00.0000000+02:00,1.1232,,,
2026-04-05T09:30:00.0000000+02:00,0.2923,,,
2026-04-05T09:45:00.0000000+02:00,0.3192,,,
2026-04-05T10:00:00.0000000+02:00,0.4607,,,
2026-04-05T10:15:00.0000000+02:00,0.6993,,,
2026-04-05T10:30:00.0000000+02:00,0.9582,,,
2026-04-05T10:45:00.0000000+02:00,1.136,,,
2026-04-05T11:00:00.0000000+02:00,0.5506,,,
2026-04-05T11:15:00.0000000+02:00,0.983,,,
2026-04-05T11:30:00.0000000+02:00,0.4558,,,
2026-04-05T11:45:00.0000000+02:00,0.9001,,,
2026-04-05T12:00:00.0000000+02:00,1.6702,,,
2026-04-05T12:15:00.0000000+02:00,3.278,,,
2026-04-05T12:30:00.0000000+02:00,3.4115,,,
2026-04-05T12:45:00.0000000+02:00,3.5966,,,
2026-04-05T13:00:00.0000000+02:00,4.0818,,,
2026-04-05T13:15:00.0000000+02:00,3.1969,,,
2026-04-05T13:30:00.0000000+02:00,3.2897,,,
2026-04-05T13:45:00.0000000+02:00,3.3113,,,
2026-04-05T14:00:00.0000000+02:00,3.3168,,,
2026-04-05T14:15:00.0000000+02:00,3.5797,,,
2026-04-05T14:30:00.0000000+02:00,4.4601,,,
2026-04-05T15:00:00.0000000+02:00,4.493,,,
2026-04-05T15:15:00.0000000+02:00,4.3267,,,
2026-04-05T15:30:00.0000000+02:00,4.3753,,,
2026-04-05T15:45:00.0000000+02:00,4.2366,,,
2026-04-05T16:00:00.0000000+02:00,3.9406,,,
2026-04-05T16:15:00.0000000+02:00,3.668,,,
2026-04-05T16:30:00.0000000+02:00,3.3463,,,
2026-04-05T16:45:00.0000000+02:00,3.0322,,,
2026-04-05T17:00:00.0000000+02:00,2.6665,,,
2026-04-05T17:15:00.0000000+02:00,2.3188,,,
2026-04-05T17:30:00.0000000+02:00,1.9368,,,
2026-04-05T17:45:00.0000000+02:00,1.5798,,,
2026-04-05T18:00:00.0000000+02:00,1.221,,,
2026-04-05T18:15:00.0000000+02:00,0.8681,,,
2026-04-05T18:30:00.0000000+02:00,0.5689,,,
2026-04-05T18:45:00.0000000+02:00,0.3381,,,
2026-04-05T19:00:00.0000000+02:00,0.1837,,,
2026-04-05T19:15:00.0000000+02:00,0.0872,,,
2026-04-05T19:30:00.0000000+02:00,0.0383,,,
2026-04-05T19:45:00.0000000+02:00,0.0059,,,
2026-04-06T06:15:00.0000000+02:00,0.0116,,,
2026-04-06T06:30:00.0000000+02:00,0.0403,,,
2026-04-06T06:45:00.0000000+02:00,0.0793,,,
2026-04-06T07:00:00.0000000+02:00,0.1957,,,
2026-04-06T07:15:00.0000000+02:00,0.2356,,,
2026-04-06T07:30:00.0000000+02:00,0.2678,,,
2026-04-06T07:45:00.0000000+02:00,0.427,,,
2026-04-06T08:00:00.0000000+02:00,0.4557,,,
2026-04-06T08:15:00.0000000+02:00,0.4381,,,
2026-04-06T08:30:00.0000000+02:00,0.6872,,,
2026-04-06T08:45:00.0000000+02:00,1.0306,,,
2026-04-06T09:00:00.0000000+02:00,1.2104,,,
2026-04-06T09:15:00.0000000+02:00,0.9472,,,
2026-04-06T09:30:00.0000000+02:00,1.3248,,,
2026-04-06T09:45:00.0000000+02:00,1.951,,,
2026-04-06T10:00:00.0000000+02:00,2.6447,,,
2026-04-06T10:15:00.0000000+02:00,2.4972,,,
2026-04-06T10:30:00.0000000+02:00,2.1926,,,
2026-04-06T10:45:00.0000000+02:00,2.6342,,,
2026-04-06T11:00:00.0000000+02:00,2.7025,,,
2026-04-06T11:15:00.0000000+02:00,3.8614,,,
2026-04-06T11:30:00.0000000+02:00,3.1048,,,
2026-04-06T11:45:00.0000000+02:00,2.6093,,,
2026-04-06T12:00:00.0000000+02:00,2.991,,,
2026-04-06T12:15:00.0000000+02:00,2.906,,,
2026-04-06T12:30:00.0000000+02:00,2.709,,,
2026-04-06T12:45:00.0000000+02:00,3.6006,,,
2026-04-06T13:00:00.0000000+02:00,2.9164,,,
2026-04-06T13:15:00.0000000+02:00,2.0116,,,
2026-04-06T13:30:00.0000000+02:00,2.2615,,,
2026-04-06T13:45:00.0000000+02:00,1.8482,,,
2026-04-06T14:00:00.0000000+02:00,1.1711,,,
2026-04-06T14:15:00.0000000+02:00,1.4022,,,
2026-04-06T14:30:00.0000000+02:00,2.3133,,,
2026-04-06T14:45:00.0000000+02:00,3.7019,,,
2026-04-06T15:00:00.0000000+02:00,3.9731,,,
2026-04-06T15:15:00.0000000+02:00,3.7095,,,
2026-04-06T15:30:00.0000000+02:00,4.0983,,,
2026-04-06T15:45:00.0000000+02:00,3.427,,,
2026-04-06T16:00:00.0000000+02:00,3.5458,,,
2026-04-06T16:15:00.0000000+02:00,3.2271,,,
2026-04-06T16:30:00.0000000+02:00,2.7068,,,
2026-04-06T16:45:00.0000000+02:00,1.935,,,
2026-04-06T17:00:00.0000000+02:00,2.2613,,,
2026-04-06T17:15:00.0000000+02:00,2.2237,,,
2026-04-06T17:30:00.0000000+02:00,2.1104,,,
2026-04-06T17:45:00.0000000+02:00,1.6361,,,
2026-04-06T18:00:00.0000000+02:00,1.2442,,,
2026-04-06T18:15:00.0000000+02:00,0.9049,,,
2026-04-06T18:30:00.0000000+02:00,0.5967,,,
2026-04-06T18:45:00.0000000+02:00,0.3605,,,
2026-04-06T19:00:00.0000000+02:00,0.1993,,,
2026-04-06T19:15:00.0000000+02:00,0.1008,,,
2026-04-06T19:30:00.0000000+02:00,0.0464,,,
2026-04-06T19:45:00.0000000+02:00,0.0146,,,
2026-04-06T20:00:00.0000000+02:00,-0.0009,,,
2026-04-07T06:00:00.0000000+02:00,0.0106,,,
2026-04-07T06:15:00.0000000+02:00,0.0323,,,
2026-04-07T06:30:00.0000000+02:00,0.0707,,,
2026-04-07T06:45:00.0000000+02:00,0.1287,,,
2026-04-07T07:00:00.0000000+02:00,0.2284,,,
2026-04-07T07:15:00.0000000+02:00,0.3874,,,
2026-04-07T07:30:00.0000000+02:00,0.6084,,,
2026-04-07T07:45:00.0000000+02:00,0.8917,,,
2026-04-07T08:00:00.0000000+02:00,1.2195,,,
2026-04-07T08:15:00.0000000+02:00,1.6097,,,
2026-04-07T08:30:00.0000000+02:00,2.0114,,,
2026-04-07T08:45:00.0000000+02:00,2.4227,,,
2026-04-07T09:00:00.0000000+02:00,2.8099,,,
2026-04-07T09:15:00.0000000+02:00,3.1678,,,
2026-04-07T09:30:00.0000000+02:00,3.5037,,,
2026-04-07T09:45:00.0000000+02:00,3.8422,,,
2026-04-07T10:00:00.0000000+02:00,4.1222,,,
2026-04-07T10:15:00.0000000+02:00,4.3253,,,
2026-04-07T10:30:00.0000000+02:00,4.4287,,,
2026-04-07T10:45:00.0000000+02:00,4.4677,,,
2026-04-07T11:00:00.0000000+02:00,4.4882,,,
2026-04-07T11:15:00.0000000+02:00,4.5034,,,
2026-04-07T15:00:00.0000000+02:00,4.493,,,
2026-04-07T15:15:00.0000000+02:00,4.4767,,,
2026-04-07T15:30:00.0000000+02:00,4.4273,,,
2026-04-07T15:45:00.0000000+02:00,4.2935,,,
2026-04-07T16:00:00.0000000+02:00,4.0533,,,
2026-04-07T16:15:00.0000000+02:00,3.761,,,
2026-04-07T16:30:00.0000000+02:00,3.4622,,,
2026-04-07T16:45:00.0000000+02:00,3.1297,,,
2026-04-07T17:00:00.0000000+02:00,2.7785,,,
2026-04-07T17:15:00.0000000+02:00,2.4347,,,
2026-04-07T17:30:00.0000000+02:00,2.0578,,,
2026-04-07T17:45:00.0000000+02:00,1.6144,,,
2026-04-07T18:00:00.0000000+02:00,1.2665,,,
2026-04-07T18:15:00.0000000+02:00,0.9648,,,
2026-04-07T18:30:00.0000000+02:00,0.6534,,,
2026-04-07T18:45:00.0000000+02:00,0.3812,,,
2026-04-07T19:00:00.0000000+02:00,0.2264,,,
2026-04-07T19:15:00.0000000+02:00,0.1415,,,
2026-04-07T19:30:00.0000000+02:00,0.0734,,,
2026-04-07T19:45:00.0000000+02:00,0.0238,,,
2026-04-07T20:00:00.0000000+02:00,0.0023,,,
2026-04-07T20:15:00.0000000+02:00,-0.0079,,,
2025-12-03T00:00:00.0000000+01:00,,0.0,0.0,
2025-12-03T00:15:00.0000000+01:00,,0.0,0.0,
2025-12-03T00:30:00.0000000+01:00,,0.0,0.0,
2025-12-03T00:45:00.0000000+01:00,,0.0,0.0,
2025-12-03T01:00:00.0000000+01:00,,0.0,0.0,
2025-12-03T01:15:00.0000000+01:00,,0.0,0.0,
2025-12-03T01:30:00.0000000+01:00,,0.0,0.0,
2025-12-03T01:45:00.0000000+01:00,,0.0,0.0,
2025-12-03T02:00:00.0000000+01:00,,0.0,0.0,
2025-12-03T02:15:00.0000000+01:00,,0.0,0.0,
2025-12-03T02:30:00.0000000+01:00,,0.0,0.0,
2025-12-03T02:45:00.0000000+01:00,,0.0,0.0,
2025-12-03T03:00:00.0000000+01:00,,0.0,0.0,
2025-12-03T03:15:00.0000000+01:00,,0.0,0.0,
2025-12-03T03:30:00.0000000+01:00,,0.0,0.0,
2025-12-03T03:45:00.0000000+01:00,,0.0,0.0,
2025-12-03T04:00:00.0000000+01:00,,0.0,0.0,
2025-12-03T04:15:00.0000000+01:00,,0.0,0.0,
2025-12-03T04:30:00.0000000+01:00,,0.0,0.0,
2025-12-03T04:45:00.0000000+01:00,,0.0,0.0,
2025-12-03T05:00:00.0000000+01:00,,0.0,0.0,
2025-12-03T05:15:00.0000000+01:00,,0.0,0.0,
2025-12-03T05:30:00.0000000+01:00,,0.0,0.0,
2025-12-03T05:45:00.0000000+01:00,,0.0,0.0,
2025-12-03T06:00:00.0000000+01:00,,0.0,0.0,
2025-12-03T06:15:00.0000000+01:00,,0.0,0.0,
2025-12-03T06:30:00.0000000+01:00,,0.0,0.0,
2025-12-03T06:45:00.0000000+01:00,,0.0,0.0,
2025-12-03T07:00:00.0000000+01:00,,0.0,0.0,
2025-12-03T07:15:00.0000000+01:00,,0.0,0.3333,
2025-12-03T07:30:00.0000000+01:00,,0.0,6.6667,6.25
2025-12-03T07:45:00.0000000+01:00,,0.0,19.0,
2025-12-03T08:00:00.0000000+01:00,,0.0001,11.3333,12.5
2025-12-03T08:15:00.0000000+01:00,,0.0061,8.6667,62.5
2025-12-03T10:15:00.0000000+01:00,,0.0308,46.6667,
2025-12-03T11:45:00.0000000+01:00,,0.0623,5.0,
2025-12-03T12:15:00.0000000+01:00,,0.0465,6.0,
2025-12-03T12:30:00.0000000+01:00,,0.0481,6.0,
2025-12-03T12:45:00.0000000+01:00,,0.0447,5.3333,
2025-12-03T13:15:00.0000000+01:00,,0.0277,6.0,
2025-12-03T13:30:00.0000000+01:00,,0.0259,8.0,
2025-12-03T14:00:00.0000000+01:00,,0.0141,12.3333,
2025-12-03T14:15:00.0000000+01:00,,0.0111,3.0,
2025-12-03T14:30:00.0000000+01:00,,0.009,0.0,96.875
2025-12-03T15:00:00.0000000+01:00,,0.0035,0.0,72.3958
2025-12-03T15:15:00.0000000+01:00,,0.0019,0.0,46.875
2025-12-03T15:30:00.0000000+01:00,,0.0013,0.0,28.5714
2025-12-03T15:45:00.0000000+01:00,,0.0007,0.0,20.0
2025-12-03T16:00:00.0000000+01:00,,0.0,0.0,
2025-12-03T16:15:00.0000000+01:00,,0.0,0.0,
2025-12-03T16:30:00.0000000+01:00,,0.0,0.0,
2025-12-03T16:45:00.0000000+01:00,,0.0,0.0,
2025-12-03T17:00:00.0000000+01:00,,0.0,0.0,
2025-12-03T17:15:00.0000000+01:00,,0.0,0.0,
2025-12-03T17:30:00.0000000+01:00,,0.0,0.0,0.0
2025-12-03T17:45:00.0000000+01:00,,0.0,0.0,
2025-12-03T18:00:00.0000000+01:00,,0.0,0.0,
2025-12-03T18:15:00.0000000+01:00,,0.0,0.0,
2025-12-03T18:30:00.0000000+01:00,,0.0,0.0,
2025-12-03T18:45:00.0000000+01:00,,0.0,0.0,
2025-12-03T19:00:00.0000000+01:00,,0.0,0.0,
2025-12-03T19:15:00.0000000+01:00,,0.0,0.0,
2025-12-03T19:30:00.0000000+01:00,,0.0,0.0,
2025-12-03T19:45:00.0000000+01:00,,0.0,0.0,
2025-12-03T20:00:00.0000000+01:00,,0.0,0.0,
2025-12-03T20:15:00.0000000+01:00,,0.0,0.0,
2025-12-03T20:30:00.0000000+01:00,,0.0,0.0,
2025-12-03T20:45:00.0000000+01:00,,0.0,0.0,
2025-12-03T21:00:00.0000000+01:00,,0.0,0.0,
2025-12-03T21:15:00.0000000+01:00,,0.0,0.0,
2025-12-03T21:30:00.0000000+01:00,,0.0,0.0,
2025-12-03T21:45:00.0000000+01:00,,0.0,0.0,
2025-12-03T22:00:00.0000000+01:00,,0.0,0.0,
2025-12-03T22:15:00.0000000+01:00,,0.0,0.0,
2025-12-03T22:30:00.0000000+01:00,,0.0,0.0,
2025-12-03T22:45:00.0000000+01:00,,0.0,0.0,
2025-12-03T23:00:00.0000000+01:00,,0.0,0.0,
2025-12-03T23:15:00.0000000+01:00,,0.0,0.0,
2025-12-03T23:30:00.0000000+01:00,,0.0,0.0,
2025-12-03T23:45:00.0000000+01:00,,0.0,0.0,
2025-12-04T00:00:00.0000000+01:00,,0.0,0.0,
2025-12-04T00:15:00.0000000+01:00,,0.0,0.0,
2025-12-04T00:30:00.0000000+01:00,,0.0,0.0,
2025-12-04T00:45:00.0000000+01:00,,0.0,0.0,
2025-12-04T01:00:00.0000000+01:00,,0.0,0.0,
2025-12-04T01:15:00.0000000+01:00,,0.0,0.0,
2025-12-04T01:30:00.0000000+01:00,,0.0,0.0,
2025-12-04T01:45:00.0000000+01:00,,0.0,0.0,
2025-12-04T02:00:00.0000000+01:00,,0.0,0.0,
2025-12-04T02:15:00.0000000+01:00,,0.0,0.0,
2025-12-04T02:30:00.0000000+01:00,,0.0,0.0,
2025-12-04T02:45:00.0000000+01:00,,0.0,0.0,
2025-12-04T03:00:00.0000000+01:00,,0.0,0.0,
2025-12-04T03:15:00.0000000+01:00,,0.0,0.0,
2025-12-04T03:30:00.0000000+01:00,,0.0,0.0,
2025-12-04T03:45:00.0000000+01:00,,0.0,0.0,
2025-12-04T04:00:00.0000000+01:00,,0.0,0.0,
2025-12-04T04:15:00.0000000+01:00,,0.0,0.0,
2025-12-04T04:30:00.0000000+01:00,,0.0,0.0,
2025-12-04T04:45:00.0000000+01:00,,0.0,0.0,
2025-12-04T05:00:00.0000000+01:00,,0.0,0.0,
2025-12-04T05:15:00.0000000+01:00,,0.0,0.0,
2025-12-04T05:30:00.0000000+01:00,,0.0,0.0,
2025-12-04T05:45:00.0000000+01:00,,0.0,0.0,
2025-12-04T06:00:00.0000000+01:00,,0.0,0.0,
2025-12-04T06:15:00.0000000+01:00,,0.0,0.0,
2025-12-04T06:30:00.0000000+01:00,,0.0,0.0,
2025-12-04T06:45:00.0000000+01:00,,0.0,0.0,
2025-12-04T07:00:00.0000000+01:00,,0.0,0.0,
2025-12-04T07:15:00.0000000+01:00,,0.0,0.0,
2025-12-04T07:30:00.0000000+01:00,,0.0,2.6667,6.25
2025-12-04T07:45:00.0000000+01:00,,0.0,7.6667,
2025-12-04T08:00:00.0000000+01:00,,0.0018,5.3333,64.375
2025-12-04T09:00:00.0000000+01:00,,0.0391,12.6667,
2025-12-04T09:15:00.0000000+01:00,,0.0374,11.3333,
2025-12-04T14:30:00.0000000+01:00,,0.0192,0.0,
2025-12-04T15:00:00.0000000+01:00,,0.006,0.0,93.75
2025-12-04T15:30:00.0000000+01:00,,0.0014,0.0,46.875
2025-12-04T15:45:00.0000000+01:00,,0.0009,0.0,27.0833
2025-12-04T16:00:00.0000000+01:00,,0.0,0.0,
2025-12-04T16:15:00.0000000+01:00,,0.0,0.0,
2025-12-04T16:30:00.0000000+01:00,,0.0,0.0,
2025-12-04T16:45:00.0000000+01:00,,0.0,0.0,
2025-12-04T17:00:00.0000000+01:00,,0.0,0.0,
2025-12-04T17:15:00.0000000+01:00,,0.0,0.0,
2025-12-04T17:30:00.0000000+01:00,,0.0,0.0,6.25
2025-12-04T17:45:00.0000000+01:00,,0.0,0.0,
2025-12-04T18:00:00.0000000+01:00,,0.0,0.0,
2025-12-04T18:15:00.0000000+01:00,,0.0,0.0,
2025-12-04T18:30:00.0000000+01:00,,0.0,0.0,
2025-12-04T18:45:00.0000000+01:00,,0.0,0.0,
2025-12-04T19:00:00.0000000+01:00,,0.0,0.0,
2025-12-04T19:15:00.0000000+01:00,,0.0,0.0,
2025-12-04T19:30:00.0000000+01:00,,0.0,0.0,
2025-12-04T19:45:00.0000000+01:00,,0.0,0.0,
2025-12-04T20:00:00.0000000+01:00,,0.0,0.0,
2025-12-04T20:15:00.0000000+01:00,,0.0,0.0,
2025-12-04T20:30:00.0000000+01:00,,0.0,0.0,
2025-12-04T20:45:00.0000000+01:00,,0.0,0.0,
2025-12-04T21:00:00.0000000+01:00,,0.0,0.0,
2025-12-04T21:15:00.0000000+01:00,,0.0,0.0,
2025-12-04T21:30:00.0000000+01:00,,0.0,0.0,
2025-12-04T21:45:00.0000000+01:00,,0.0,0.0,
2025-12-04T22:00:00.0000000+01:00,,0.0,0.0,
2025-12-04T22:15:00.0000000+01:00,,0.0,0.0,
2025-12-04T22:30:00.0000000+01:00,,0.0,0.0,
2025-12-04T22:45:00.0000000+01:00,,0.0,0.0,
2025-12-04T23:00:00.0000000+01:00,,0.0,0.0,
2025-12-04T23:15:00.0000000+01:00,,0.0,0.0,
2025-12-04T23:30:00.0000000+01:00,,0.0,0.0,
2025-12-04T23:45:00.0000000+01:00,,0.0,0.0,
2025-12-05T00:00:00.0000000+01:00,,0.0,0.0,
2025-12-05T00:15:00.0000000+01:00,,0.0,0.0,
2025-12-05T00:30:00.0000000+01:00,,0.0,0.0,
2025-12-05T00:45:00.0000000+01:00,,0.0,0.0,
2025-12-05T01:00:00.0000000+01:00,,0.0,0.0,
2025-12-05T01:15:00.0000000+01:00,,0.0,0.0,
2025-12-05T01:30:00.0000000+01:00,,0.0,0.0,
2025-12-05T01:45:00.0000000+01:00,,0.0,0.0,
2025-12-05T02:00:00.0000000+01:00,,0.0,0.0,
2025-12-05T02:15:00.0000000+01:00,,0.0,0.0,
2025-12-05T02:30:00.0000000+01:00,,0.0,0.0,
2025-12-05T02:45:00.0000000+01:00,,0.0,0.0,
2025-12-05T03:00:00.0000000+01:00,,0.0,0.0,
2025-12-05T03:15:00.0000000+01:00,,0.0,0.0,
2025-12-05T03:30:00.0000000+01:00,,0.0,0.0,
2025-12-05T03:45:00.0000000+01:00,,0.0,0.0,
2025-12-05T04:00:00.0000000+01:00,,0.0,0.0,
2025-12-05T04:15:00.0000000+01:00,,0.0,0.0,
2025-12-05T04:30:00.0000000+01:00,,0.0,0.0,
2025-12-05T04:45:00.0000000+01:00,,0.0,0.0,
2025-12-05T05:00:00.0000000+01:00,,0.0,0.0,
2025-12-05T05:15:00.0000000+01:00,,0.0,0.0,
2025-12-05T05:30:00.0000000+01:00,,0.0,0.0,
2025-12-05T05:45:00.0000000+01:00,,0.0,0.0,
2025-12-05T06:00:00.0000000+01:00,,0.0,0.0,
2025-12-05T06:15:00.0000000+01:00,,0.0,0.0,
2025-12-05T06:30:00.0000000+01:00,,0.0,0.0,
2025-12-05T06:45:00.0000000+01:00,,0.0,0.0,
2025-12-05T07:00:00.0000000+01:00,,0.0,0.0,
2025-12-05T07:15:00.0000000+01:00,,0.0,0.0,
2025-12-05T07:30:00.0000000+01:00,,0.0,3.0,6.25
2025-12-05T07:45:00.0000000+01:00,,0.0,6.6667,15.625
2025-12-05T08:00:00.0000000+01:00,,0.0,8.0,
2025-12-05T08:15:00.0000000+01:00,,0.005,5.3333,72.1591
2025-12-05T15:15:00.0000000+01:00,,0.0036,0.0,73.3553
2025-12-05T15:30:00.0000000+01:00,,0.0018,0.0,52.2727
2025-12-05T15:45:00.0000000+01:00,,0.0009,0.0,20.0
2025-12-05T16:00:00.0000000+01:00,,0.0,0.0,
2025-12-05T16:30:00.0000000+01:00,,0.0,0.0,
2025-12-05T16:45:00.0000000+01:00,,0.0,0.0,
2025-12-05T17:00:00.0000000+01:00,,0.0,0.0,
2025-12-05T17:15:00.0000000+01:00,,0.0,0.0,
2025-12-05T17:30:00.0000000+01:00,,0.0,0.0,
2025-12-05T17:45:00.0000000+01:00,,0.0,0.0,
2025-12-05T18:00:00.0000000+01:00,,0.0,0.0,
2025-12-05T18:15:00.0000000+01:00,,0.0,0.0,
2025-12-05T18:30:00.0000000+01:00,,0.0,0.0,
2025-12-05T18:45:00.0000000+01:00,,0.0,0.0,
2025-12-05T19:00:00.0000000+01:00,,0.0,0.0,
2025-12-05T19:15:00.0000000+01:00,,0.0,0.0,
2025-12-05T19:30:00.0000000+01:00,,0.0,0.0,
2025-12-05T19:45:00.0000000+01:00,,0.0,0.0,
2025-12-05T20:00:00.0000000+01:00,,0.0,0.0,
2025-12-05T20:15:00.0000000+01:00,,0.0,0.0,
2025-12-05T20:30:00.0000000+01:00,,0.0,0.0,
2025-12-05T20:45:00.0000000+01:00,,0.0,0.0,
2025-12-05T21:00:00.0000000+01:00,,0.0,0.0,
2025-12-05T21:15:00.0000000+01:00,,0.0,0.0,
2025-12-05T21:30:00.0000000+01:00,,0.0,0.0,
2025-12-05T21:45:00.0000000+01:00,,0.0,0.0,
2025-12-05T22:00:00.0000000+01:00,,0.0,0.0,
2025-12-05T22:15:00.0000000+01:00,,0.0,0.0,
2025-12-05T22:30:00.0000000+01:00,,0.0,0.0,
2025-12-05T22:45:00.0000000+01:00,,0.0,0.0,
2025-12-05T23:00:00.0000000+01:00,,0.0,0.0,
2025-12-05T23:15:00.0000000+01:00,,0.0,0.0,
2025-12-05T23:30:00.0000000+01:00,,0.0,0.0,
2025-12-05T23:45:00.0000000+01:00,,0.0,0.0,
2025-12-06T00:00:00.0000000+01:00,,0.0,0.0,
2025-12-06T00:15:00.0000000+01:00,,0.0,0.0,
2025-12-06T00:30:00.0000000+01:00,,0.0,0.0,
2025-12-06T00:45:00.0000000+01:00,,0.0,0.0,
2025-12-06T01:00:00.0000000+01:00,,0.0,0.0,
2025-12-06T01:15:00.0000000+01:00,,0.0,0.0,
2025-12-06T01:30:00.0000000+01:00,,0.0,0.0,
2025-12-06T01:45:00.0000000+01:00,,0.0,0.0,
2025-12-06T02:00:00.0000000+01:00,,0.0,0.0,
2025-12-06T02:15:00.0000000+01:00,,0.0,0.0,
2025-12-06T02:30:00.0000000+01:00,,0.0,0.0,
2025-12-06T02:45:00.0000000+01:00,,0.0,0.0,
2025-12-06T03:00:00.0000000+01:00,,0.0,0.0,
2025-12-06T03:15:00.0000000+01:00,,0.0,0.0,
2025-12-06T03:30:00.0000000+01:00,,0.0,0.0,
2025-12-06T03:45:00.0000000+01:00,,0.0,0.0,
2025-12-06T04:00:00.0000000+01:00,,0.0,0.0,
2025-12-06T04:15:00.0000000+01:00,,0.0,0.0,
2025-12-06T04:30:00.0000000+01:00,,0.0,0.0,
2025-12-06T04:45:00.0000000+01:00,,0.0,0.0,
2025-12-06T05:00:00.0000000+01:00,,0.0,0.0,
2025-12-06T05:15:00.0000000+01:00,,0.0,0.0,
2025-12-06T05:30:00.0000000+01:00,,0.0,0.0,
2025-12-06T05:45:00.0000000+01:00,,0.0,0.0,
2025-12-06T06:00:00.0000000+01:00,,0.0,0.0,
2025-12-06T06:15:00.0000000+01:00,,0.0,0.0,
2025-12-06T06:30:00.0000000+01:00,,0.0,0.0,
2025-12-06T06:45:00.0000000+01:00,,0.0,0.0,
2025-12-06T07:00:00.0000000+01:00,,0.0,0.0,
2025-12-06T07:15:00.0000000+01:00,,0.0,0.0,
2025-12-06T07:30:00.0000000+01:00,,0.0,4.0,
2025-12-06T07:45:00.0000000+01:00,,0.0,11.6667,
2025-12-06T08:00:00.0000000+01:00,,0.0012,17.3333,59.8214
2025-12-06T14:30:00.0000000+01:00,,0.0113,0.0,
2025-12-06T15:00:00.0000000+01:00,,0.0027,0.0,62.5
2025-12-06T15:15:00.0000000+01:00,,0.0021,0.0,53.75
2025-12-06T15:30:00.0000000+01:00,,0.0014,0.0,46.875
2025-12-06T15:45:00.0000000+01:00,,0.0008,0.0,28.125
2025-12-06T16:00:00.0000000+01:00,,0.0,0.0,
2025-12-06T16:15:00.0000000+01:00,,0.0,0.0,
2025-12-06T16:30:00.0000000+01:00,,0.0,0.0,
2025-12-06T16:45:00.0000000+01:00,,0.0,0.0,
2025-12-06T17:00:00.0000000+01:00,,0.0,0.0,
2025-12-06T17:15:00.0000000+01:00,,0.0,0.0,
2025-12-06T17:30:00.0000000+01:00,,0.0,0.0,0.0
2025-12-06T17:45:00.0000000+01:00,,0.0,0.0,
2025-12-06T18:00:00.0000000+01:00,,0.0,0.0,
2025-12-06T18:15:00.0000000+01:00,,0.0,0.0,
2025-12-06T18:30:00.0000000+01:00,,0.0,0.0,
2025-12-06T18:45:00.0000000+01:00,,0.0,0.0,
2025-12-06T19:00:00.0000000+01:00,,0.0,0.0,
2025-12-06T19:15:00.0000000+01:00,,0.0,0.0,
2025-12-06T19:30:00.0000000+01:00,,0.0,0.0,
2025-12-06T19:45:00.0000000+01:00,,0.0,0.0,
2025-12-06T20:00:00.0000000+01:00,,0.0,0.0,
2025-12-06T20:15:00.0000000+01:00,,0.0,0.0,
2025-12-06T20:30:00.0000000+01:00,,0.0,0.0,
2025-12-06T20:45:00.0000000+01:00,,0.0,0.0,
2025-12-06T21:00:00.0000000+01:00,,0.0,0.0,
2025-12-06T21:15:00.0000000+01:00,,0.0,0.0,
2025-12-06T21:30:00.0000000+01:00,,0.0,0.0,
2025-12-06T21:45:00.0000000+01:00,,0.0,0.0,
2025-12-06T22:00:00.0000000+01:00,,0.0,0.0,
2025-12-06T22:15:00.0000000+01:00,,0.0,0.0,
2025-12-06T22:30:00.0000000+01:00,,0.0,0.0,
2025-12-06T22:45:00.0000000+01:00,,0.0,0.0,
2025-12-06T23:00:00.0000000+01:00,,0.0,0.0,
2025-12-06T23:15:00.0000000+01:00,,0.0,0.0,
2025-12-06T23:30:00.0000000+01:00,,0.0,0.0,
2025-12-06T23:45:00.0000000+01:00,,0.0,0.0,
2025-12-07T00:00:00.0000000+01:00,,0.0,0.0,
2025-12-07T00:15:00.0000000+01:00,,0.0,0.0,
2025-12-07T00:30:00.0000000+01:00,,0.0,0.0,
2025-12-07T00:45:00.0000000+01:00,,0.0,0.0,
2025-12-07T01:00:00.0000000+01:00,,0.0,0.0,
2025-12-07T01:15:00.0000000+01:00,,0.0,0.0,
2025-12-07T01:30:00.0000000+01:00,,0.0,0.0,
2025-12-07T01:45:00.0000000+01:00,,0.0,0.0,
2025-12-07T02:00:00.0000000+01:00,,0.0,0.0,
2025-12-07T02:15:00.0000000+01:00,,0.0,0.0,
2025-12-07T02:30:00.0000000+01:00,,0.0,0.0,
2025-12-07T02:45:00.0000000+01:00,,0.0,0.0,
2025-12-07T03:00:00.0000000+01:00,,0.0,0.0,
2025-12-07T03:15:00.0000000+01:00,,0.0,0.0,
2025-12-07T03:30:00.0000000+01:00,,0.0,0.0,
2025-12-07T03:45:00.0000000+01:00,,0.0,0.0,
2025-12-07T04:00:00.0000000+01:00,,0.0,0.0,
2025-12-07T04:15:00.0000000+01:00,,0.0,0.0,
2025-12-07T04:30:00.0000000+01:00,,0.0,0.0,
2025-12-07T04:45:00.0000000+01:00,,0.0,0.0,
2025-12-07T05:00:00.0000000+01:00,,0.0,0.0,
2025-12-07T05:15:00.0000000+01:00,,0.0,0.0,
2025-12-07T05:30:00.0000000+01:00,,0.0,0.0,
2025-12-07T05:45:00.0000000+01:00,,0.0,0.0,
2025-12-07T06:00:00.0000000+01:00,,0.0,0.0,
2025-12-07T06:15:00.0000000+01:00,,0.0,0.0,
2025-12-07T06:30:00.0000000+01:00,,0.0,0.0,
2025-12-07T06:45:00.0000000+01:00,,0.0,0.0,
2025-12-07T07:00:00.0000000+01:00,,0.0,0.0,
2025-12-07T07:15:00.0000000+01:00,,0.0,0.0,
2025-12-07T07:30:00.0000000+01:00,,0.0,1.6667,
2025-12-07T07:45:00.0000000+01:00,,0.0,5.3333,12.5
2025-12-07T08:00:00.0000000+01:00,,0.0,8.6667,
2025-12-07T08:15:00.0000000+01:00,,0.0037,13.0,77.8846
2025-12-07T08:45:00.0000000+01:00,,0.0189,15.3333,
2025-12-07T15:00:00.0000000+01:00,,0.0209,0.0,
2025-12-07T15:30:00.0000000+01:00,,0.0021,0.0,60.7143
2025-12-07T15:45:00.0000000+01:00,,0.0012,0.0,22.9167
2025-12-07T16:00:00.0000000+01:00,,0.0,0.0,
2025-12-07T16:15:00.0000000+01:00,,0.0,0.0,
2025-12-07T16:30:00.0000000+01:00,,0.0,0.0,
2025-12-07T16:45:00.0000000+01:00,,0.0,0.0,
2025-12-07T17:00:00.0000000+01:00,,0.0,0.0,
2025-12-07T17:15:00.0000000+01:00,,0.0,0.0,
2025-12-07T17:30:00.0000000+01:00,,0.0,0.0,0.0
2025-12-07T17:45:00.0000000+01:00,,0.0,0.0,
2025-12-07T18:00:00.0000000+01:00,,0.0,0.0,
2025-12-07T18:15:00.0000000+01:00,,0.0,0.0,
2025-12-07T18:30:00.0000000+01:00,,0.0,0.0,
2025-12-07T18:45:00.0000000+01:00,,0.0,0.0,
2025-12-07T19:00:00.0000000+01:00,,0.0,0.0,
2025-12-07T19:15:00.0000000+01:00,,0.0,0.0,
2025-12-07T19:30:00.0000000+01:00,,0.0,0.0,
2025-12-07T19:45:00.0000000+01:00,,0.0,0.0,
2025-12-07T20:00:00.0000000+01:00,,0.0,0.0,
2025-12-07T20:15:00.0000000+01:00,,0.0,0.0,
2025-12-07T20:30:00.0000000+01:00,,0.0,0.0,
2025-12-07T20:45:00.0000000+01:00,,0.0,0.0,
2025-12-07T21:00:00.0000000+01:00,,0.0,0.0,
2025-12-07T21:15:00.0000000+01:00,,0.0,0.0,
2025-12-07T21:30:00.0000000+01:00,,0.0,0.0,
2025-12-07T21:45:00.0000000+01:00,,0.0,0.0,
2025-12-07T22:00:00.0000000+01:00,,0.0,0.0,
2025-12-07T22:15:00.0000000+01:00,,0.0,0.0,
2025-12-07T22:30:00.0000000+01:00,,0.0,0.0,
2025-12-07T22:45:00.0000000+01:00,,0.0,0.0,
2025-12-07T23:00:00.0000000+01:00,,0.0,0.0,
2025-12-07T23:15:00.0000000+01:00,,0.0,0.0,
2025-12-07T23:30:00.0000000+01:00,,0.0,0.0,
2025-12-07T23:45:00.0000000+01:00,,0.0,0.0,
2025-12-08T00:00:00.0000000+01:00,,0.0,0.0,
2025-12-08T00:15:00.0000000+01:00,,0.0,0.0,
2025-12-08T00:30:00.0000000+01:00,,0.0,0.0,
2025-12-08T00:45:00.0000000+01:00,,0.0,0.0,
2025-12-08T01:00:00.0000000+01:00,,0.0,0.0,
2025-12-08T01:15:00.0000000+01:00,,0.0,0.0,
2025-12-08T01:30:00.0000000+01:00,,0.0,0.0,
2025-12-08T01:45:00.0000000+01:00,,0.0,0.0,
2025-12-08T02:00:00.0000000+01:00,,0.0,0.0,
2025-12-08T02:15:00.0000000+01:00,,0.0,0.0,
2025-12-08T02:30:00.0000000+01:00,,0.0,0.0,
2025-12-08T02:45:00.0000000+01:00,,0.0,0.0,
2025-12-08T03:00:00.0000000+01:00,,0.0,0.0,
2025-12-08T03:15:00.0000000+01:00,,0.0,0.0,
2025-12-08T03:30:00.0000000+01:00,,0.0,0.0,
2025-12-08T03:45:00.0000000+01:00,,0.0,0.0,
2025-12-08T04:00:00.0000000+01:00,,0.0,0.0,
2025-12-08T04:15:00.0000000+01:00,,0.0,0.0,
2025-12-08T04:30:00.0000000+01:00,,0.0,0.0,
2025-12-08T04:45:00.0000000+01:00,,0.0,0.0,
2025-12-08T05:00:00.0000000+01:00,,0.0,0.0,
2025-12-08T05:15:00.0000000+01:00,,0.0,0.0,
2025-12-08T05:30:00.0000000+01:00,,0.0,0.0,
2025-12-08T05:45:00.0000000+01:00,,0.0,0.0,
2025-12-08T06:00:00.0000000+01:00,,0.0,0.0,
2025-12-08T06:15:00.0000000+01:00,,0.0,0.0,
2025-12-08T06:30:00.0000000+01:00,,0.0,0.0,
2025-12-08T06:45:00.0000000+01:00,,0.0,0.0,
2025-12-08T07:00:00.0000000+01:00,,0.0,0.0,
2025-12-08T07:15:00.0000000+01:00,,0.0,0.0,
2025-12-08T07:30:00.0000000+01:00,,0.0,3.0,
2025-12-08T07:45:00.0000000+01:00,,0.0,12.6667,9.375
2025-12-08T08:00:00.0000000+01:00,,0.0,22.3333,
2025-12-08T08:15:00.0000000+01:00,,0.0,22.6667,
2025-12-08T08:30:00.0000000+01:00,,0.0042,21.3333,72.5
2025-12-08T15:30:00.0000000+01:00,,0.0047,0.0,72.5
2025-12-08T15:45:00.0000000+01:00,,0.0017,0.0,45.8333
2025-12-08T16:00:00.0000000+01:00,,0.0002,0.0,9.375
2025-12-08T16:15:00.0000000+01:00,,0.0,0.0,
2025-12-08T16:30:00.0000000+01:00,,0.0,0.0,
2025-12-08T16:45:00.0000000+01:00,,0.0,0.0,
2025-12-08T17:00:00.0000000+01:00,,0.0,0.0,
2025-12-08T17:15:00.0000000+01:00,,0.0,0.0,
2025-12-08T17:30:00.0000000+01:00,,0.0,0.0,
2025-12-08T17:45:00.0000000+01:00,,0.0,0.0,0.0
2025-12-08T18:00:00.0000000+01:00,,0.0,0.0,
2025-12-08T18:15:00.0000000+01:00,,0.0,0.0,
2025-12-08T18:30:00.0000000+01:00,,0.0,0.0,
2025-12-08T18:45:00.0000000+01:00,,0.0,0.0,
2025-12-08T19:00:00.0000000+01:00,,0.0,0.0,
2025-12-08T19:15:00.0000000+01:00,,0.0,0.0,
2025-12-08T19:30:00.0000000+01:00,,0.0,0.0,
2025-12-08T19:45:00.0000000+01:00,,0.0,0.0,
2025-12-08T20:00:00.0000000+01:00,,0.0,0.0,
2025-12-08T20:15:00.0000000+01:00,,0.0,0.0,
2025-12-08T20:30:00.0000000+01:00,,0.0,0.0,
2025-12-08T20:45:00.0000000+01:00,,0.0,0.0,
2025-12-08T21:00:00.0000000+01:00,,0.0,0.0,
2025-12-08T21:15:00.0000000+01:00,,0.0,0.0,
2025-12-08T21:30:00.0000000+01:00,,0.0,0.0,
2025-12-08T21:45:00.0000000+01:00,,0.0,0.0,
2025-12-08T22:00:00.0000000+01:00,,0.0,0.0,
2025-12-08T22:15:00.0000000+01:00,,0.0,0.0,
2025-12-08T22:30:00.0000000+01:00,,0.0,0.0,
2025-12-08T22:45:00.0000000+01:00,,0.0,0.0,
2025-12-08T23:00:00.0000000+01:00,,0.0,0.0,
2025-12-08T23:15:00.0000000+01:00,,0.0,0.0,
2025-12-08T23:30:00.0000000+01:00,,0.0,0.0,
2025-12-08T23:45:00.0000000+01:00,,0.0,0.0,
2025-12-09T00:00:00.0000000+01:00,,0.0,0.0,
2025-12-09T00:15:00.0000000+01:00,,0.0,0.0,
2025-12-09T00:30:00.0000000+01:00,,0.0,0.0,
2025-12-09T00:45:00.0000000+01:00,,0.0,0.0,
2025-12-09T01:00:00.0000000+01:00,,0.0,0.0,
2025-12-09T01:15:00.0000000+01:00,,0.0,0.0,
2025-12-09T01:30:00.0000000+01:00,,0.0,0.0,
2025-12-09T01:45:00.0000000+01:00,,0.0,0.0,
2025-12-09T02:00:00.0000000+01:00,,0.0,0.0,
2025-12-09T02:15:00.0000000+01:00,,0.0,0.0,
2025-12-09T02:30:00.0000000+01:00,,0.0,0.0,
2025-12-09T02:45:00.0000000+01:00,,0.0,0.0,
2025-12-09T03:00:00.0000000+01:00,,0.0,0.0,
2025-12-09T03:15:00.0000000+01:00,,0.0,0.0,
2025-12-09T03:30:00.0000000+01:00,,0.0,0.0,
2025-12-09T03:45:00.0000000+01:00,,0.0,0.0,
2025-12-09T04:00:00.0000000+01:00,,0.0,0.0,
2025-12-09T04:15:00.0000000+01:00,,0.0,,
2025-12-09T04:30:00.0000000+01:00,,0.0,0.0,
2025-12-09T04:45:00.0000000+01:00,,0.0,0.0,
2025-12-09T05:00:00.0000000+01:00,,0.0,0.0,
2025-12-09T05:15:00.0000000+01:00,,0.0,0.0,
2025-12-09T05:30:00.0000000+01:00,,0.0,0.0,
2025-12-09T05:45:00.0000000+01:00,,0.0,0.0,
2025-12-09T06:00:00.0000000+01:00,,0.0,0.0,
2025-12-09T06:15:00.0000000+01:00,,0.0,0.0,
2025-12-09T06:30:00.0000000+01:00,,0.0,0.0,
2025-12-09T06:45:00.0000000+01:00,,0.0,0.0,
2025-12-09T07:00:00.0000000+01:00,,0.0,0.0,
2025-12-09T07:15:00.0000000+01:00,,0.0,0.0,
2025-12-09T07:30:00.0000000+01:00,,0.0,2.3333,6.25
2025-12-09T07:45:00.0000000+01:00,,0.0,13.0,
2025-12-09T08:00:00.0000000+01:00,,0.0094,30.0,68.75
2025-12-09T15:45:00.0000000+01:00,,0.0016,0.0,48.2143
2025-12-09T16:00:00.0000000+01:00,,0.0004,0.0,15.625
2025-12-09T16:15:00.0000000+01:00,,0.0,0.0,
2025-12-09T16:30:00.0000000+01:00,,0.0,0.0,
2025-12-09T16:45:00.0000000+01:00,,0.0,0.0,
2025-12-09T17:00:00.0000000+01:00,,0.0,0.0,
2025-12-09T17:15:00.0000000+01:00,,0.0,0.0,
2025-12-09T17:30:00.0000000+01:00,,0.0,0.0,
2025-12-09T17:45:00.0000000+01:00,,0.0,0.0,0.0
2025-12-09T18:00:00.0000000+01:00,,0.0,0.0,
2025-12-09T18:15:00.0000000+01:00,,0.0,0.0,
2025-12-09T18:30:00.0000000+01:00,,0.0,0.0,
2025-12-09T18:45:00.0000000+01:00,,0.0,0.0,
2025-12-09T19:00:00.0000000+01:00,,0.0,0.0,
2025-12-09T19:15:00.0000000+01:00,,0.0,0.0,
2025-12-09T19:30:00.0000000+01:00,,0.0,0.0,
2025-12-09T19:45:00.0000000+01:00,,0.0,0.0,
2025-12-09T20:00:00.0000000+01:00,,0.0,0.0,
2025-12-09T20:15:00.0000000+01:00,,0.0,0.0,
2025-12-09T20:30:00.0000000+01:00,,0.0,0.0,
2025-12-09T20:45:00.0000000+01:00,,0.0,0.0,
2025-12-09T21:00:00.0000000+01:00,,0.0,0.0,
2025-12-09T21:15:00.0000000+01:00,,0.0,0.0,
2025-12-09T21:30:00.0000000+01:00,,0.0,0.0,
2025-12-09T21:45:00.0000000+01:00,,0.0,0.0,
2025-12-09T22:00:00.0000000+01:00,,0.0,0.0,
2025-12-09T22:15:00.0000000+01:00,,0.0,0.0,
2025-12-09T22:30:00.0000000+01:00,,0.0,0.0,
2025-12-09T22:45:00.0000000+01:00,,0.0,0.0,
2025-12-09T23:00:00.0000000+01:00,,0.0,0.0,
2025-12-09T23:15:00.0000000+01:00,,0.0,0.0,
2025-12-09T23:30:00.0000000+01:00,,0.0,0.0,
2025-12-09T23:45:00.0000000+01:00,,0.0,0.0,
2025-12-10T00:00:00.0000000+01:00,,0.0,0.0,
2025-12-10T00:15:00.0000000+01:00,,0.0,0.0,
2025-12-10T00:30:00.0000000+01:00,,0.0,0.0,
2025-12-10T00:45:00.0000000+01:00,,0.0,0.0,
2025-12-10T01:00:00.0000000+01:00,,0.0,0.0,
2025-12-10T01:15:00.0000000+01:00,,0.0,0.0,
2025-12-10T01:30:00.0000000+01:00,,0.0,0.0,
2025-12-10T01:45:00.0000000+01:00,,0.0,0.0,
2025-12-10T02:00:00.0000000+01:00,,0.0,0.0,
2025-12-10T02:15:00.0000000+01:00,,0.0,0.0,
2025-12-10T02:30:00.0000000+01:00,,0.0,0.0,
2025-12-10T02:45:00.0000000+01:00,,0.0,0.0,
2025-12-10T03:00:00.0000000+01:00,,0.0,0.0,
2025-12-10T03:15:00.0000000+01:00,,0.0,0.0,
2025-12-10T03:30:00.0000000+01:00,,0.0,0.0,
2025-12-10T03:45:00.0000000+01:00,,0.0,0.0,
2025-12-10T04:00:00.0000000+01:00,,0.0,0.0,
2025-12-10T04:15:00.0000000+01:00,,0.0,,
2025-12-10T04:30:00.0000000+01:00,,0.0,0.0,
2025-12-10T04:45:00.0000000+01:00,,0.0,0.0,
2025-12-10T05:00:00.0000000+01:00,,0.0,0.0,
2025-12-10T05:15:00.0000000+01:00,,0.0,0.0,
2025-12-10T05:30:00.0000000+01:00,,0.0,0.0,
2025-12-10T05:45:00.0000000+01:00,,0.0,0.0,
2025-12-10T06:00:00.0000000+01:00,,0.0,0.0,
2025-12-10T06:15:00.0000000+01:00,,0.0,0.0,
2025-12-10T06:30:00.0000000+01:00,,0.0,0.0,
2025-12-10T06:45:00.0000000+01:00,,0.0,0.0,
2025-12-10T07:00:00.0000000+01:00,,0.0,0.0,
2025-12-10T07:15:00.0000000+01:00,,0.0,0.0,
2025-12-10T07:30:00.0000000+01:00,,0.0,0.6667,
2025-12-10T07:45:00.0000000+01:00,,0.0,3.6667,6.25
2025-12-10T08:00:00.0000000+01:00,,0.0,9.3333,
2025-12-10T08:15:00.0000000+01:00,,0.0013,10.0,67.7083
2025-12-10T08:30:00.0000000+01:00,,0.0098,8.0,95.8333
2025-12-10T09:15:00.0000000+01:00,,0.0283,21.6667,
2025-12-10T15:45:00.0000000+01:00,,0.0021,0.0,52.0833
2025-12-10T16:00:00.0000000+01:00,,0.0009,0.0,22.9167
2025-12-10T16:15:00.0000000+01:00,,0.0,0.0,
2025-12-10T16:30:00.0000000+01:00,,0.0,0.0,
2025-12-10T16:45:00.0000000+01:00,,0.0,0.0,
2025-12-10T17:00:00.0000000+01:00,,0.0,0.0,
2025-12-10T17:15:00.0000000+01:00,,0.0,0.0,
2025-12-10T17:30:00.0000000+01:00,,0.0,0.0,
2025-12-10T17:45:00.0000000+01:00,,0.0,0.0,3.125
2025-12-10T18:00:00.0000000+01:00,,0.0,0.0,
2025-12-10T18:15:00.0000000+01:00,,0.0,0.0,
2025-12-10T18:30:00.0000000+01:00,,0.0,0.0,
2025-12-10T18:45:00.0000000+01:00,,0.0,0.0,
2025-12-10T19:00:00.0000000+01:00,,0.0,0.0,
2025-12-10T19:15:00.0000000+01:00,,0.0,0.0,
2025-12-10T19:30:00.0000000+01:00,,0.0,0.0,
2025-12-10T19:45:00.0000000+01:00,,0.0,0.0,
2025-12-10T20:00:00.0000000+01:00,,0.0,0.0,
2025-12-10T20:15:00.0000000+01:00,,0.0,0.0,
2025-12-10T20:30:00.0000000+01:00,,0.0,0.0,
2025-12-10T20:45:00.0000000+01:00,,0.0,0.0,
2025-12-10T21:00:00.0000000+01:00,,0.0,0.0,
2025-12-10T21:15:00.0000000+01:00,,0.0,0.0,
2025-12-10T21:30:00.0000000+01:00,,0.0,0.0,
2025-12-10T21:45:00.0000000+01:00,,0.0,0.0,
2025-12-10T22:00:00.0000000+01:00,,0.0,0.0,
2025-12-10T22:15:00.0000000+01:00,,0.0,0.0,
2025-12-10T22:30:00.0000000+01:00,,0.0,0.0,
2025-12-10T22:45:00.0000000+01:00,,0.0,0.0,
2025-12-10T23:00:00.0000000+01:00,,0.0,0.0,
2025-12-10T23:15:00.0000000+01:00,,0.0,0.0,
2025-12-10T23:30:00.0000000+01:00,,0.0,0.0,
2025-12-10T23:45:00.0000000+01:00,,0.0,0.0,
2025-12-11T00:00:00.0000000+01:00,,0.0,0.0,
2025-12-11T00:15:00.0000000+01:00,,0.0,0.0,
2025-12-11T00:30:00.0000000+01:00,,0.0,0.0,
2025-12-11T00:45:00.0000000+01:00,,0.0,0.0,
2025-12-11T01:00:00.0000000+01:00,,0.0,0.0,
2025-12-11T01:15:00.0000000+01:00,,0.0,0.0,
2025-12-11T01:30:00.0000000+01:00,,0.0,0.0,
2025-12-11T01:45:00.0000000+01:00,,0.0,0.0,
2025-12-11T02:00:00.0000000+01:00,,0.0,0.0,
2025-12-11T02:15:00.0000000+01:00,,0.0,0.0,
2025-12-11T02:30:00.0000000+01:00,,0.0,0.0,
2025-12-11T02:45:00.0000000+01:00,,0.0,0.0,
2025-12-11T03:00:00.0000000+01:00,,0.0,0.0,
2025-12-11T03:15:00.0000000+01:00,,0.0,0.0,
2025-12-11T03:30:00.0000000+01:00,,0.0,0.0,
2025-12-11T03:45:00.0000000+01:00,,0.0,0.0,
2025-12-11T04:00:00.0000000+01:00,,0.0,0.0,
2025-12-11T04:15:00.0000000+01:00,,0.0,,
2025-12-11T04:30:00.0000000+01:00,,0.0,0.0,
2025-12-11T04:45:00.0000000+01:00,,0.0,0.0,
2025-12-11T05:00:00.0000000+01:00,,0.0,0.0,
2025-12-11T05:15:00.0000000+01:00,,0.0,0.0,
2025-12-11T05:30:00.0000000+01:00,,0.0,0.0,
2025-12-11T05:45:00.0000000+01:00,,0.0,0.0,
2025-12-11T06:00:00.0000000+01:00,,0.0,0.0,
2025-12-11T06:15:00.0000000+01:00,,0.0,0.0,
2025-12-11T06:30:00.0000000+01:00,,0.0,0.0,
2025-12-11T06:45:00.0000000+01:00,,0.0,0.0,
2025-12-11T07:00:00.0000000+01:00,,0.0,0.0,
2025-12-11T07:15:00.0000000+01:00,,0.0,0.0,
2025-12-11T07:30:00.0000000+01:00,,0.0,0.3333,12.5
2025-12-11T07:45:00.0000000+01:00,,0.0,3.0,
2025-12-11T08:15:00.0000000+01:00,,0.0194,23.3333,
2025-12-11T15:15:00.0000000+01:00,,0.0026,0.0,65.9722
2025-12-11T15:30:00.0000000+01:00,,0.0015,0.0,40.625
2025-12-11T15:45:00.0000000+01:00,,0.0008,0.0,21.875
2025-12-11T16:00:00.0000000+01:00,,0.0,0.0,
2025-12-11T16:15:00.0000000+01:00,,0.0,0.0,
2025-12-11T16:30:00.0000000+01:00,,0.0,0.0,
2025-12-11T16:45:00.0000000+01:00,,0.0,0.0,
2025-12-11T17:00:00.0000000+01:00,,0.0,0.0,
2025-12-11T17:15:00.0000000+01:00,,0.0,0.0,
2025-12-11T17:30:00.0000000+01:00,,0.0,0.0,0.0
2025-12-11T17:45:00.0000000+01:00,,0.0,0.0,
2025-12-11T18:00:00.0000000+01:00,,0.0,0.0,
2025-12-11T18:15:00.0000000+01:00,,0.0,0.0,
2025-12-11T18:30:00.0000000+01:00,,0.0,0.0,
2025-12-11T18:45:00.0000000+01:00,,0.0,0.0,
2025-12-11T19:00:00.0000000+01:00,,0.0,0.0,
2025-12-11T19:15:00.0000000+01:00,,0.0,0.0,
2025-12-11T19:30:00.0000000+01:00,,0.0,0.0,
2025-12-11T19:45:00.0000000+01:00,,0.0,0.0,
2025-12-11T20:00:00.0000000+01:00,,0.0,0.0,
2025-12-11T20:15:00.0000000+01:00,,0.0,0.0,
2025-12-11T20:30:00.0000000+01:00,,0.0,0.0,
2025-12-11T20:45:00.0000000+01:00,,0.0,0.0,
2025-12-11T21:00:00.0000000+01:00,,0.0,0.0,
2025-12-11T21:15:00.0000000+01:00,,0.0,0.0,
2025-12-11T21:30:00.0000000+01:00,,0.0,0.0,
2025-12-11T21:45:00.0000000+01:00,,0.0,0.0,
2025-12-11T22:00:00.0000000+01:00,,0.0,0.0,
2025-12-11T22:15:00.0000000+01:00,,0.0,0.0,
2025-12-11T22:30:00.0000000+01:00,,0.0,0.0,
2025-12-11T22:45:00.0000000+01:00,,0.0,0.0,
2025-12-11T23:00:00.0000000+01:00,,0.0,0.0,
2025-12-11T23:15:00.0000000+01:00,,0.0,0.0,
2025-12-11T23:30:00.0000000+01:00,,0.0,0.0,
2025-12-11T23:45:00.0000000+01:00,,0.0,0.0,
2025-12-12T00:00:00.0000000+01:00,,0.0,0.0,
2025-12-12T00:15:00.0000000+01:00,,0.0,0.0,
2025-12-12T00:30:00.0000000+01:00,,0.0,0.0,
2025-12-12T00:45:00.0000000+01:00,,0.0,0.0,
2025-12-12T01:00:00.0000000+01:00,,0.0,0.0,
2025-12-12T01:15:00.0000000+01:00,,0.0,0.0,
2025-12-12T01:30:00.0000000+01:00,,0.0,0.0,
2025-12-12T01:45:00.0000000+01:00,,0.0,0.0,
2025-12-12T02:00:00.0000000+01:00,,0.0,0.0,
2025-12-12T02:15:00.0000000+01:00,,0.0,0.0,
2025-12-12T02:30:00.0000000+01:00,,0.0,0.0,
2025-12-12T02:45:00.0000000+01:00,,0.0,0.0,
2025-12-12T03:00:00.0000000+01:00,,0.0,0.0,
2025-12-12T03:15:00.0000000+01:00,,0.0,0.0,
2025-12-12T03:30:00.0000000+01:00,,0.0,0.0,
2025-12-12T03:45:00.0000000+01:00,,0.0,0.0,
2025-12-12T04:00:00.0000000+01:00,,0.0,0.0,
2025-12-12T04:15:00.0000000+01:00,,0.0,0.0,
2025-12-12T04:30:00.0000000+01:00,,0.0,0.0,
2025-12-12T04:45:00.0000000+01:00,,0.0,0.0,
2025-12-12T05:00:00.0000000+01:00,,0.0,0.0,
2025-12-12T05:15:00.0000000+01:00,,0.0,0.0,
2025-12-12T05:30:00.0000000+01:00,,0.0,0.0,
2025-12-12T05:45:00.0000000+01:00,,0.0,0.0,
2025-12-12T06:00:00.0000000+01:00,,0.0,0.0,
2025-12-12T06:15:00.0000000+01:00,,0.0,0.0,
2025-12-12T06:30:00.0000000+01:00,,0.0,0.0,
2025-12-12T06:45:00.0000000+01:00,,0.0,0.0,
2025-12-12T07:00:00.0000000+01:00,,0.0,0.0,
2025-12-12T07:15:00.0000000+01:00,,0.0,0.0,
2025-12-12T07:30:00.0000000+01:00,,0.0,0.6667,6.25
2025-12-12T07:45:00.0000000+01:00,,0.0,8.0,12.5
2025-12-12T08:00:00.0000000+01:00,,0.0041,16.6667,83.0357
2025-12-12T16:00:00.0000000+01:00,,0.0001,0.0,3.125
2025-12-12T16:15:00.0000000+01:00,,0.0,0.0,
2025-12-12T16:30:00.0000000+01:00,,0.0,0.0,
2025-12-12T16:45:00.0000000+01:00,,0.0,0.0,
2025-12-12T17:00:00.0000000+01:00,,0.0,0.0,
2025-12-12T17:15:00.0000000+01:00,,0.0,0.0,
2025-12-12T17:30:00.0000000+01:00,,0.0,0.0,
2025-12-12T17:45:00.0000000+01:00,,0.0,0.0,
2025-12-12T18:00:00.0000000+01:00,,0.0,0.0,
2025-12-12T18:15:00.0000000+01:00,,0.0,0.0,
2025-12-12T18:30:00.0000000+01:00,,0.0,0.0,
2025-12-12T18:45:00.0000000+01:00,,0.0,0.0,
2025-12-12T19:00:00.0000000+01:00,,0.0,0.0,
2025-12-12T19:15:00.0000000+01:00,,0.0,0.0,
2025-12-12T19:30:00.0000000+01:00,,0.0,0.0,
2025-12-12T19:45:00.0000000+01:00,,0.0,0.0,
2025-12-12T20:00:00.0000000+01:00,,0.0,0.0,
2025-12-12T20:15:00.0000000+01:00,,0.0,0.0,
2025-12-12T20:30:00.0000000+01:00,,0.0,0.0,
2025-12-12T20:45:00.0000000+01:00,,0.0,0.0,
2025-12-12T21:00:00.0000000+01:00,,0.0,0.0,
2025-12-12T21:15:00.0000000+01:00,,0.0,0.0,
2025-12-12T21:30:00.0000000+01:00,,0.0,0.0,
2025-12-12T21:45:00.0000000+01:00,,0.0,0.0,
2025-12-12T22:00:00.0000000+01:00,,0.0,0.0,
2025-12-12T22:15:00.0000000+01:00,,0.0,0.0,
2025-12-12T22:30:00.0000000+01:00,,0.0,0.0,
2025-12-12T22:45:00.0000000+01:00,,0.0,0.0,
2025-12-12T23:00:00.0000000+01:00,,0.0,0.0,
2025-12-12T23:15:00.0000000+01:00,,0.0,0.0,
2025-12-12T23:30:00.0000000+01:00,,0.0,0.0,
2025-12-12T23:45:00.0000000+01:00,,0.0,0.0,
2025-12-13T00:00:00.0000000+01:00,,0.0,0.0,
2025-12-13T00:15:00.0000000+01:00,,0.0,0.0,
2025-12-13T00:30:00.0000000+01:00,,0.0,0.0,
2025-12-13T00:45:00.0000000+01:00,,0.0,0.0,
2025-12-13T01:00:00.0000000+01:00,,0.0,0.0,
2025-12-13T01:15:00.0000000+01:00,,0.0,0.0,
2025-12-13T01:30:00.0000000+01:00,,0.0,0.0,
2025-12-13T01:45:00.0000000+01:00,,0.0,0.0,
2025-12-13T02:00:00.0000000+01:00,,0.0,0.0,
2025-12-13T02:15:00.0000000+01:00,,0.0,0.0,
2025-12-13T02:30:00.0000000+01:00,,0.0,0.0,
2025-12-13T02:45:00.0000000+01:00,,0.0,0.0,
2025-12-13T03:00:00.0000000+01:00,,0.0,0.0,
2025-12-13T03:15:00.0000000+01:00,,0.0,0.0,
2025-12-13T03:30:00.0000000+01:00,,0.0,0.0,
2025-12-13T03:45:00.0000000+01:00,,0.0,0.0,
2025-12-13T04:00:00.0000000+01:00,,0.0,0.0,
2025-12-13T04:15:00.0000000+01:00,,0.0,0.0,
2025-12-13T04:30:00.0000000+01:00,,0.0,0.0,
2025-12-13T04:45:00.0000000+01:00,,0.0,0.0,
2025-12-13T05:00:00.0000000+01:00,,0.0,0.0,
2025-12-13T05:15:00.0000000+01:00,,0.0,0.0,
2025-12-13T05:30:00.0000000+01:00,,0.0,0.0,
2025-12-13T05:45:00.0000000+01:00,,0.0,0.0,
2025-12-13T06:00:00.0000000+01:00,,0.0,0.0,
2025-12-13T06:15:00.0000000+01:00,,0.0,0.0,
2025-12-13T06:30:00.0000000+01:00,,0.0,0.0,
2025-12-13T06:45:00.0000000+01:00,,0.0,0.0,
2025-12-13T07:00:00.0000000+01:00,,0.0,0.0,
2025-12-13T07:15:00.0000000+01:00,,0.0,0.0,
2025-12-13T07:30:00.0000000+01:00,,0.0,0.3333,
2025-12-13T07:45:00.0000000+01:00,,0.0,4.0,
2025-12-13T08:00:00.0000000+01:00,,0.0,8.0,
2025-12-13T08:15:00.0000000+01:00,,0.0,5.6667,
2025-12-13T09:45:00.0000000+01:00,,0.0763,8.0,
2025-12-13T10:30:00.0000000+01:00,,0.0641,21.6667,
2025-12-13T11:00:00.0000000+01:00,,0.0751,22.3333,
2025-12-13T12:00:00.0000000+01:00,,0.0726,36.6667,
2025-12-13T12:45:00.0000000+01:00,,0.0778,12.6667,
2025-12-13T14:15:00.0000000+01:00,,0.0233,0.3333,
2025-12-13T14:30:00.0000000+01:00,,0.0253,0.0,
2025-12-13T15:45:00.0000000+01:00,,0.0014,0.0,51.0417
2025-12-13T16:00:00.0000000+01:00,,0.0005,0.0,21.875
2025-12-13T16:15:00.0000000+01:00,,0.0,0.0,
2025-12-13T16:30:00.0000000+01:00,,0.0,0.0,
2025-12-13T16:45:00.0000000+01:00,,0.0,0.0,
2025-12-13T17:00:00.0000000+01:00,,0.0,0.0,
2025-12-13T17:15:00.0000000+01:00,,0.0,0.0,
2025-12-13T17:30:00.0000000+01:00,,0.0,0.0,
2025-12-13T17:45:00.0000000+01:00,,0.0,0.0,6.25
2025-12-13T18:00:00.0000000+01:00,,0.0,0.0,
2025-12-13T18:15:00.0000000+01:00,,0.0,0.0,
2025-12-13T18:30:00.0000000+01:00,,0.0,0.0,
2025-12-13T18:45:00.0000000+01:00,,0.0,0.0,
2025-12-13T19:00:00.0000000+01:00,,0.0,0.0,
2025-12-13T19:15:00.0000000+01:00,,0.0,0.0,
2025-12-13T19:30:00.0000000+01:00,,0.0,0.0,
2025-12-13T19:45:00.0000000+01:00,,0.0,0.0,
2025-12-13T20:00:00.0000000+01:00,,0.0,0.0,
2025-12-13T20:15:00.0000000+01:00,,0.0,0.0,
2025-12-13T20:30:00.0000000+01:00,,0.0,0.0,
2025-12-13T20:45:00.0000000+01:00,,0.0,0.0,
2025-12-13T21:00:00.0000000+01:00,,0.0,0.0,
2025-12-13T21:15:00.0000000+01:00,,0.0,0.0,
2025-12-13T21:30:00.0000000+01:00,,0.0,0.0,
2025-12-13T21:45:00.0000000+01:00,,0.0,0.0,
2025-12-13T22:00:00.0000000+01:00,,0.0,0.0,
2025-12-13T22:15:00.0000000+01:00,,0.0,0.0,
2025-12-13T22:30:00.0000000+01:00,,0.0,0.0,
2025-12-13T22:45:00.0000000+01:00,,0.0,0.0,
2025-12-13T23:00:00.0000000+01:00,,0.0,0.0,
2025-12-13T23:15:00.0000000+01:00,,0.0,0.0,
2025-12-13T23:30:00.0000000+01:00,,0.0,0.0,
2025-12-13T23:45:00.0000000+01:00,,0.0,0.0,
2025-12-14T00:00:00.0000000+01:00,,0.0,0.0,
2025-12-14T00:15:00.0000000+01:00,,0.0,0.0,
2025-12-14T00:30:00.0000000+01:00,,0.0,0.0,
2025-12-14T00:45:00.0000000+01:00,,0.0,0.0,
2025-12-14T01:00:00.0000000+01:00,,0.0,0.0,
2025-12-14T01:15:00.0000000+01:00,,0.0,0.0,
2025-12-14T01:30:00.0000000+01:00,,0.0,0.0,
2025-12-14T01:45:00.0000000+01:00,,0.0,0.0,
2025-12-14T02:00:00.0000000+01:00,,0.0,0.0,
2025-12-14T02:15:00.0000000+01:00,,0.0,0.0,
2025-12-14T02:30:00.0000000+01:00,,0.0,0.0,
2025-12-14T02:45:00.0000000+01:00,,0.0,0.0,
2025-12-14T03:00:00.0000000+01:00,,0.0,0.0,
2025-12-14T03:15:00.0000000+01:00,,0.0,0.0,
2025-12-14T03:30:00.0000000+01:00,,0.0,0.0,
2025-12-14T03:45:00.0000000+01:00,,0.0,0.0,
2025-12-14T04:00:00.0000000+01:00,,0.0,0.0,
2025-12-14T04:15:00.0000000+01:00,,0.0,0.0,
2025-12-14T04:30:00.0000000+01:00,,0.0,0.0,
2025-12-14T04:45:00.0000000+01:00,,0.0,0.0,
2025-12-14T05:00:00.0000000+01:00,,0.0,0.0,
2025-12-14T05:15:00.0000000+01:00,,0.0,0.0,
2025-12-14T05:30:00.0000000+01:00,,0.0,0.0,
2025-12-14T05:45:00.0000000+01:00,,0.0,0.0,
2025-12-14T06:00:00.0000000+01:00,,0.0,0.0,
2025-12-14T06:15:00.0000000+01:00,,0.0,0.0,
2025-12-14T06:30:00.0000000+01:00,,0.0,0.0,
2025-12-14T06:45:00.0000000+01:00,,0.0,0.0,
2025-12-14T07:00:00.0000000+01:00,,0.0,0.0,
2025-12-14T07:15:00.0000000+01:00,,0.0,0.0,
2025-12-14T07:30:00.0000000+01:00,,0.0,0.3333,
2025-12-14T07:45:00.0000000+01:00,,0.0,4.6667,12.5
2025-12-14T08:00:00.0000000+01:00,,0.0,10.3333,
2025-12-14T08:15:00.0000000+01:00,,0.0049,18.0,75.8929
2025-12-14T14:00:00.0000000+01:00,,0.0503,1.6667,
2025-12-14T15:15:00.0000000+01:00,,0.0025,0.0,61.4583
2025-12-14T15:30:00.0000000+01:00,,0.0014,0.0,34.375
2025-12-14T15:45:00.0000000+01:00,,0.0009,0.0,14.5833
2025-12-14T16:00:00.0000000+01:00,,0.0,0.0,
2025-12-14T16:15:00.0000000+01:00,,0.0,0.0,
2025-12-14T16:30:00.0000000+01:00,,0.0,0.0,
2025-12-14T16:45:00.0000000+01:00,,0.0,0.0,
2025-12-14T17:00:00.0000000+01:00,,0.0,0.0,
2025-12-14T17:15:00.0000000+01:00,,0.0,0.0,
2025-12-14T17:30:00.0000000+01:00,,0.0,0.0,0.0
2025-12-14T17:45:00.0000000+01:00,,0.0,0.0,
2025-12-14T18:00:00.0000000+01:00,,0.0,0.0,
2025-12-14T18:15:00.0000000+01:00,,0.0,0.0,
2025-12-14T18:30:00.0000000+01:00,,0.0,0.0,
2025-12-14T18:45:00.0000000+01:00,,0.0,0.0,
2025-12-14T19:00:00.0000000+01:00,,0.0,0.0,
2025-12-14T19:15:00.0000000+01:00,,0.0,0.0,
2025-12-14T19:30:00.0000000+01:00,,0.0,0.0,
2025-12-14T19:45:00.0000000+01:00,,0.0,0.0,
2025-12-14T20:00:00.0000000+01:00,,0.0,0.0,
2025-12-14T20:15:00.0000000+01:00,,0.0,0.0,
2025-12-14T20:30:00.0000000+01:00,,0.0,0.0,
2025-12-14T20:45:00.0000000+01:00,,0.0,0.0,
2025-12-14T21:00:00.0000000+01:00,,0.0,0.0,
2025-12-14T21:15:00.0000000+01:00,,0.0,0.0,
2025-12-14T21:30:00.0000000+01:00,,0.0,0.0,
2025-12-14T21:45:00.0000000+01:00,,0.0,0.0,
2025-12-14T22:00:00.0000000+01:00,,0.0,0.0,
2025-12-14T22:15:00.0000000+01:00,,0.0,0.0,
2025-12-14T22:30:00.0000000+01:00,,0.0,0.0,
2025-12-14T22:45:00.0000000+01:00,,0.0,0.0,
2025-12-14T23:00:00.0000000+01:00,,0.0,0.0,
2025-12-14T23:15:00.0000000+01:00,,0.0,0.0,
2025-12-14T23:30:00.0000000+01:00,,0.0,0.0,
2025-12-14T23:45:00.0000000+01:00,,0.0,0.0,
2025-12-15T00:00:00.0000000+01:00,,0.0,0.0,
2025-12-15T00:15:00.0000000+01:00,,0.0,0.0,
2025-12-15T00:30:00.0000000+01:00,,0.0,0.0,
2025-12-15T00:45:00.0000000+01:00,,0.0,0.0,
2025-12-15T01:00:00.0000000+01:00,,0.0,0.0,
2025-12-15T01:15:00.0000000+01:00,,0.0,0.0,
2025-12-15T01:30:00.0000000+01:00,,0.0,0.0,
2025-12-15T01:45:00.0000000+01:00,,0.0,0.0,
2025-12-15T02:00:00.0000000+01:00,,0.0,0.0,
2025-12-15T02:15:00.0000000+01:00,,0.0,0.0,
2025-12-15T02:30:00.0000000+01:00,,0.0,0.0,
2025-12-15T02:45:00.0000000+01:00,,0.0,0.0,
2025-12-15T03:00:00.0000000+01:00,,0.0,0.0,
2025-12-15T03:15:00.0000000+01:00,,0.0,0.0,
2025-12-15T03:30:00.0000000+01:00,,0.0,0.0,
2025-12-15T03:45:00.0000000+01:00,,0.0,0.0,
2025-12-15T04:00:00.0000000+01:00,,0.0,0.0,
2025-12-15T04:15:00.0000000+01:00,,0.0,0.0,
2025-12-15T04:30:00.0000000+01:00,,0.0,0.0,
2025-12-15T04:45:00.0000000+01:00,,0.0,0.0,
2025-12-15T05:00:00.0000000+01:00,,0.0,0.0,
2025-12-15T05:15:00.0000000+01:00,,0.0,0.0,
2025-12-15T05:30:00.0000000+01:00,,0.0,0.0,
2025-12-15T05:45:00.0000000+01:00,,0.0,0.0,
2025-12-15T06:00:00.0000000+01:00,,0.0,0.0,
2025-12-15T06:15:00.0000000+01:00,,0.0,0.0,
2025-12-15T06:30:00.0000000+01:00,,0.0,0.0,
2025-12-15T06:45:00.0000000+01:00,,0.0,0.0,
2025-12-15T07:00:00.0000000+01:00,,0.0,0.0,
2025-12-15T07:15:00.0000000+01:00,,0.0,0.0,
2025-12-15T07:30:00.0000000+01:00,,0.0,0.0,
2025-12-15T07:45:00.0000000+01:00,,0.0,2.6667,6.25
2025-12-15T08:00:00.0000000+01:00,,0.0,6.6667,
2025-12-15T08:15:00.0000000+01:00,,0.0,10.3333,
2025-12-15T08:30:00.0000000+01:00,,0.006,13.0,74.5192
2025-12-15T15:30:00.0000000+01:00,,0.0039,0.0,84.5238
2025-12-15T15:45:00.0000000+01:00,,0.0018,0.0,54.1667
2025-12-15T16:00:00.0000000+01:00,,0.0007,0.0,26.25
2025-12-15T16:15:00.0000000+01:00,,0.0,0.0,
2025-12-15T16:30:00.0000000+01:00,,0.0,0.0,
2025-12-15T16:45:00.0000000+01:00,,0.0,0.0,
2025-12-15T17:00:00.0000000+01:00,,0.0,0.0,
2025-12-15T17:15:00.0000000+01:00,,0.0,0.0,
2025-12-15T17:30:00.0000000+01:00,,0.0,0.0,
2025-12-15T17:45:00.0000000+01:00,,0.0,0.0,3.125
2025-12-15T18:00:00.0000000+01:00,,0.0,0.0,
2025-12-15T18:15:00.0000000+01:00,,0.0,0.0,
2025-12-15T18:30:00.0000000+01:00,,0.0,0.0,
2025-12-15T18:45:00.0000000+01:00,,0.0,0.0,
2025-12-15T19:00:00.0000000+01:00,,0.0,0.0,
2025-12-15T19:15:00.0000000+01:00,,0.0,0.0,
2025-12-15T19:30:00.0000000+01:00,,0.0,0.0,
2025-12-15T19:45:00.0000000+01:00,,0.0,0.0,
2025-12-15T20:00:00.0000000+01:00,,0.0,0.0,
2025-12-15T20:15:00.0000000+01:00,,0.0,0.0,
2025-12-15T20:30:00.0000000+01:00,,0.0,0.0,
2025-12-15T20:45:00.0000000+01:00,,0.0,0.0,
2025-12-15T21:00:00.0000000+01:00,,0.0,0.0,
2025-12-15T21:15:00.0000000+01:00,,0.0,0.0,
2025-12-15T21:30:00.0000000+01:00,,0.0,0.0,
2025-12-15T21:45:00.0000000+01:00,,0.0,0.0,
2025-12-15T22:00:00.0000000+01:00,,0.0,0.0,
2025-12-15T22:15:00.0000000+01:00,,0.0,0.0,
2025-12-15T22:30:00.0000000+01:00,,0.0,0.0,
2025-12-15T22:45:00.0000000+01:00,,0.0,0.0,
2025-12-15T23:00:00.0000000+01:00,,0.0,0.0,
2025-12-15T23:15:00.0000000+01:00,,0.0,0.0,
2025-12-15T23:30:00.0000000+01:00,,0.0,0.0,
2025-12-15T23:45:00.0000000+01:00,,0.0,0.0,
2025-12-16T00:00:00.0000000+01:00,,0.0,0.0,
2025-12-16T00:15:00.0000000+01:00,,0.0,0.0,
2025-12-16T00:30:00.0000000+01:00,,0.0,0.0,
2025-12-16T00:45:00.0000000+01:00,,0.0,0.0,
2025-12-16T01:00:00.0000000+01:00,,0.0,0.0,
2025-12-16T01:15:00.0000000+01:00,,0.0,0.0,
2025-12-16T01:30:00.0000000+01:00,,0.0,0.0,
2025-12-16T01:45:00.0000000+01:00,,0.0,0.0,
2025-12-16T02:00:00.0000000+01:00,,0.0,0.0,
2025-12-16T02:15:00.0000000+01:00,,0.0,0.0,
2025-12-16T02:30:00.0000000+01:00,,0.0,0.0,
2025-12-16T02:45:00.0000000+01:00,,0.0,0.0,
2025-12-16T03:00:00.0000000+01:00,,0.0,0.0,
2025-12-16T03:15:00.0000000+01:00,,0.0,0.0,
2025-12-16T03:30:00.0000000+01:00,,0.0,0.0,
2025-12-16T03:45:00.0000000+01:00,,0.0,0.0,
2025-12-16T04:00:00.0000000+01:00,,0.0,0.0,
2025-12-16T04:15:00.0000000+01:00,,0.0,0.0,
2025-12-16T04:30:00.0000000+01:00,,0.0,0.0,
2025-12-16T04:45:00.0000000+01:00,,0.0,0.0,
2025-12-16T05:00:00.0000000+01:00,,0.0,0.0,
2025-12-16T05:15:00.0000000+01:00,,0.0,0.0,
2025-12-16T05:30:00.0000000+01:00,,0.0,0.0,
2025-12-16T05:45:00.0000000+01:00,,0.0,0.0,
2025-12-16T06:00:00.0000000+01:00,,0.0,0.0,
2025-12-16T06:15:00.0000000+01:00,,0.0,0.0,
2025-12-16T06:30:00.0000000+01:00,,0.0,0.0,
2025-12-16T06:45:00.0000000+01:00,,0.0,0.0,
2025-12-16T07:00:00.0000000+01:00,,0.0,0.0,
2025-12-16T07:15:00.0000000+01:00,,0.0,0.0,
2025-12-16T07:30:00.0000000+01:00,,0.0,0.3333,
2025-12-16T07:45:00.0000000+01:00,,0.0,10.6667,9.375
2025-12-16T08:00:00.0000000+01:00,,0.0,16.3333,
2025-12-16T08:15:00.0000000+01:00,,0.0013,28.3333,57.1429
2025-12-16T08:30:00.0000000+01:00,,0.0092,90.6667,94.5312
2025-12-16T14:45:00.0000000+01:00,,0.1104,0.0,
2025-12-16T15:45:00.0000000+01:00,,0.0014,0.0,46.0227
2025-12-16T16:00:00.0000000+01:00,,0.0005,0.0,12.5
2025-12-16T16:15:00.0000000+01:00,,0.0,0.0,
2025-12-16T16:30:00.0000000+01:00,,0.0,0.0,
2025-12-16T16:45:00.0000000+01:00,,0.0,0.0,
2025-12-16T17:00:00.0000000+01:00,,0.0,0.0,
2025-12-16T17:15:00.0000000+01:00,,0.0,0.0,
2025-12-16T17:30:00.0000000+01:00,,0.0,0.0,
2025-12-16T17:45:00.0000000+01:00,,0.0,0.0,0.0
2025-12-16T18:00:00.0000000+01:00,,0.0,0.0,
2025-12-16T18:15:00.0000000+01:00,,0.0,0.0,
2025-12-16T18:30:00.0000000+01:00,,0.0,0.0,
2025-12-16T18:45:00.0000000+01:00,,0.0,0.0,
2025-12-16T19:00:00.0000000+01:00,,0.0,0.0,
2025-12-16T19:15:00.0000000+01:00,,0.0,0.0,
2025-12-16T19:30:00.0000000+01:00,,0.0,0.0,
2025-12-16T19:45:00.0000000+01:00,,0.0,0.0,
2025-12-16T20:00:00.0000000+01:00,,0.0,0.0,
2025-12-16T20:15:00.0000000+01:00,,0.0,0.0,
2025-12-16T20:30:00.0000000+01:00,,0.0,0.0,
2025-12-16T20:45:00.0000000+01:00,,0.0,0.0,
2025-12-16T21:00:00.0000000+01:00,,0.0,0.0,
2025-12-16T21:15:00.0000000+01:00,,0.0,0.0,
2025-12-16T21:30:00.0000000+01:00,,0.0,0.0,
2025-12-16T21:45:00.0000000+01:00,,0.0,0.0,
2025-12-16T22:00:00.0000000+01:00,,0.0,0.0,
2025-12-16T22:15:00.0000000+01:00,,0.0,0.0,
2025-12-16T22:30:00.0000000+01:00,,0.0,0.0,
2025-12-16T22:45:00.0000000+01:00,,0.0,0.0,
2025-12-16T23:00:00.0000000+01:00,,0.0,0.0,
2025-12-16T23:15:00.0000000+01:00,,0.0,0.0,
2025-12-16T23:30:00.0000000+01:00,,0.0,0.0,
2025-12-16T23:45:00.0000000+01:00,,0.0,0.0,
2025-12-17T00:00:00.0000000+01:00,,0.0,0.0,
2025-12-17T00:15:00.0000000+01:00,,0.0,0.0,
2025-12-17T00:30:00.0000000+01:00,,0.0,0.0,
2025-12-17T00:45:00.0000000+01:00,,0.0,0.0,
2025-12-17T01:00:00.0000000+01:00,,0.0,0.0,
2025-12-17T01:15:00.0000000+01:00,,0.0,0.0,
2025-12-17T01:30:00.0000000+01:00,,0.0,0.0,
2025-12-17T01:45:00.0000000+01:00,,0.0,0.0,
2025-12-17T02:00:00.0000000+01:00,,0.0,0.0,
2025-12-17T02:15:00.0000000+01:00,,0.0,0.0,
2025-12-17T02:30:00.0000000+01:00,,0.0,0.0,
2025-12-17T02:45:00.0000000+01:00,,0.0,0.0,
2025-12-17T03:00:00.0000000+01:00,,0.0,0.0,
2025-12-17T03:15:00.0000000+01:00,,0.0,0.0,
2025-12-17T03:30:00.0000000+01:00,,0.0,0.0,
2025-12-17T03:45:00.0000000+01:00,,0.0,0.0,
2025-12-17T04:00:00.0000000+01:00,,0.0,0.0,
2025-12-17T04:15:00.0000000+01:00,,0.0,0.0,
2025-12-17T04:30:00.0000000+01:00,,0.0,0.0,
2025-12-17T04:45:00.0000000+01:00,,0.0,0.0,
2025-12-17T05:00:00.0000000+01:00,,0.0,0.0,
2025-12-17T05:15:00.0000000+01:00,,0.0,0.0,
2025-12-17T05:30:00.0000000+01:00,,0.0,0.0,
2025-12-17T05:45:00.0000000+01:00,,0.0,0.0,
2025-12-17T06:00:00.0000000+01:00,,0.0,0.0,
2025-12-17T06:15:00.0000000+01:00,,0.0,0.0,
2025-12-17T06:30:00.0000000+01:00,,0.0,0.0,
2025-12-17T06:45:00.0000000+01:00,,0.0,0.0,
2025-12-17T07:00:00.0000000+01:00,,0.0,0.0,
2025-12-17T07:15:00.0000000+01:00,,0.0,0.0,
2025-12-17T07:30:00.0000000+01:00,,0.0,0.0,
2025-12-17T07:45:00.0000000+01:00,,0.0,1.6667,6.25
2025-12-17T08:00:00.0000000+01:00,,0.0,4.3333,
2025-12-17T08:15:00.0000000+01:00,,0.0044,5.3333,78.4722
2025-12-17T15:45:00.0000000+01:00,,0.002,0.0,45.5357
2025-12-17T16:00:00.0000000+01:00,,0.0008,0.0,12.5
2025-12-17T16:15:00.0000000+01:00,,0.0,0.0,
2025-12-17T16:30:00.0000000+01:00,,0.0,0.0,
2025-12-17T16:45:00.0000000+01:00,,0.0,0.0,
2025-12-17T17:00:00.0000000+01:00,,0.0,0.0,
2025-12-17T17:15:00.0000000+01:00,,0.0,0.0,
2025-12-17T17:30:00.0000000+01:00,,0.0,0.0,
2025-12-17T17:45:00.0000000+01:00,,0.0,0.0,0.0
2025-12-17T18:00:00.0000000+01:00,,0.0,0.0,
2025-12-17T18:15:00.0000000+01:00,,0.0,0.0,
2025-12-17T18:30:00.0000000+01:00,,0.0,0.0,
2025-12-17T18:45:00.0000000+01:00,,0.0,0.0,
2025-12-17T19:00:00.0000000+01:00,,0.0,0.0,
2025-12-17T19:15:00.0000000+01:00,,0.0,0.0,
2025-12-17T19:30:00.0000000+01:00,,0.0,0.0,
2025-12-17T19:45:00.0000000+01:00,,0.0,0.0,
2025-12-17T20:00:00.0000000+01:00,,0.0,0.0,
2025-12-17T20:15:00.0000000+01:00,,0.0,0.0,
2025-12-17T20:30:00.0000000+01:00,,0.0,0.0,
2025-12-17T20:45:00.0000000+01:00,,0.0,0.0,
2025-12-17T21:00:00.0000000+01:00,,0.0,0.0,
2025-12-17T21:15:00.0000000+01:00,,0.0,0.0,
2025-12-17T21:30:00.0000000+01:00,,0.0,0.0,
2025-12-17T21:45:00.0000000+01:00,,0.0,0.0,
2025-12-17T22:00:00.0000000+01:00,,0.0,0.0,
2025-12-17T22:15:00.0000000+01:00,,0.0,0.0,
2025-12-17T22:30:00.0000000+01:00,,0.0,0.0,
2025-12-17T22:45:00.0000000+01:00,,0.0,0.0,
2025-12-17T23:00:00.0000000+01:00,,0.0,0.0,
2025-12-17T23:15:00.0000000+01:00,,0.0,0.0,
2025-12-17T23:30:00.0000000+01:00,,0.0,0.0,
2025-12-17T23:45:00.0000000+01:00,,0.0,0.0,
2025-12-18T00:00:00.0000000+01:00,,0.0,0.0,
2025-12-18T00:15:00.0000000+01:00,,0.0,0.0,
2025-12-18T00:30:00.0000000+01:00,,0.0,0.0,
2025-12-18T00:45:00.0000000+01:00,,0.0,0.0,
2025-12-18T01:00:00.0000000+01:00,,0.0,0.0,
2025-12-18T01:15:00.0000000+01:00,,0.0,0.0,
2025-12-18T01:30:00.0000000+01:00,,0.0,0.0,
2025-12-18T01:45:00.0000000+01:00,,0.0,0.0,
2025-12-18T02:00:00.0000000+01:00,,0.0,0.0,
2025-12-18T02:15:00.0000000+01:00,,0.0,0.0,
2025-12-18T02:30:00.0000000+01:00,,0.0,0.0,
2025-12-18T02:45:00.0000000+01:00,,0.0,0.0,
2025-12-18T03:00:00.0000000+01:00,,0.0,0.0,
2025-12-18T03:15:00.0000000+01:00,,0.0,0.0,
2025-12-18T03:30:00.0000000+01:00,,0.0,0.0,
2025-12-18T03:45:00.0000000+01:00,,0.0,0.0,
2025-12-18T04:00:00.0000000+01:00,,0.0,0.0,
2025-12-18T04:15:00.0000000+01:00,,0.0,0.0,
2025-12-18T04:30:00.0000000+01:00,,0.0,0.0,
2025-12-18T04:45:00.0000000+01:00,,0.0,0.0,
2025-12-18T05:00:00.0000000+01:00,,0.0,0.0,
2025-12-18T05:15:00.0000000+01:00,,0.0,0.0,
2025-12-18T05:30:00.0000000+01:00,,0.0,0.0,
2025-12-18T05:45:00.0000000+01:00,,0.0,0.0,
2025-12-18T06:00:00.0000000+01:00,,0.0,0.0,
2025-12-18T06:15:00.0000000+01:00,,0.0,0.0,
2025-12-18T06:30:00.0000000+01:00,,0.0,0.0,
2025-12-18T06:45:00.0000000+01:00,,0.0,0.0,
2025-12-18T07:00:00.0000000+01:00,,0.0,0.0,
2025-12-18T07:15:00.0000000+01:00,,0.0,0.0,
2025-12-18T07:30:00.0000000+01:00,,0.0,0.0,
2025-12-18T07:45:00.0000000+01:00,,0.0,2.0,6.25
2025-12-18T08:00:00.0000000+01:00,,0.0,7.0,
2025-12-18T08:15:00.0000000+01:00,,0.0053,15.0,72.0588
2025-12-18T09:15:00.0000000+01:00,,0.0311,18.0,
2025-12-18T15:45:00.0000000+01:00,,0.002,0.0,45.4545
2025-12-18T16:00:00.0000000+01:00,,0.0006,0.0,14.5833
2025-12-18T16:15:00.0000000+01:00,,0.0,0.0,
2025-12-18T16:30:00.0000000+01:00,,0.0,0.0,
2025-12-18T16:45:00.0000000+01:00,,0.0,0.0,
2025-12-18T17:00:00.0000000+01:00,,0.0,0.0,
2025-12-18T17:15:00.0000000+01:00,,0.0,0.0,
2025-12-18T17:30:00.0000000+01:00,,0.0,0.0,
2025-12-18T17:45:00.0000000+01:00,,0.0,0.0,0.0
2025-12-18T18:00:00.0000000+01:00,,0.0,0.0,
2025-12-18T18:15:00.0000000+01:00,,0.0,0.0,
2025-12-18T18:30:00.0000000+01:00,,0.0,0.0,
2025-12-18T18:45:00.0000000+01:00,,0.0,0.0,
2025-12-18T19:00:00.0000000+01:00,,0.0,0.0,
2025-12-18T19:15:00.0000000+01:00,,0.0,0.0,
2025-12-18T19:30:00.0000000+01:00,,0.0,0.0,
2025-12-18T19:45:00.0000000+01:00,,0.0,0.0,
2025-12-18T20:00:00.0000000+01:00,,0.0,0.0,
2025-12-18T20:15:00.0000000+01:00,,0.0,0.0,
2025-12-18T20:30:00.0000000+01:00,,0.0,0.0,
2025-12-18T20:45:00.0000000+01:00,,0.0,0.0,
2025-12-18T21:00:00.0000000+01:00,,0.0,0.0,
2025-12-18T21:15:00.0000000+01:00,,0.0,0.0,
2025-12-18T21:30:00.0000000+01:00,,0.0,0.0,
2025-12-18T21:45:00.0000000+01:00,,0.0,0.0,
2025-12-18T22:00:00.0000000+01:00,,0.0,0.0,
2025-12-18T22:15:00.0000000+01:00,,0.0,0.0,
2025-12-18T22:30:00.0000000+01:00,,0.0,0.0,
2025-12-18T22:45:00.0000000+01:00,,0.0,0.0,
2025-12-18T23:00:00.0000000+01:00,,0.0,0.0,
2025-12-18T23:15:00.0000000+01:00,,0.0,0.0,
2025-12-18T23:30:00.0000000+01:00,,0.0,0.0,
2025-12-18T23:45:00.0000000+01:00,,0.0,0.0,
2025-12-19T00:00:00.0000000+01:00,,0.0,0.0,
2025-12-19T00:15:00.0000000+01:00,,0.0,0.0,
2025-12-19T00:30:00.0000000+01:00,,0.0,0.0,
2025-12-19T00:45:00.0000000+01:00,,0.0,0.0,
2025-12-19T01:00:00.0000000+01:00,,0.0,0.0,
2025-12-19T01:15:00.0000000+01:00,,0.0,0.0,
2025-12-19T01:30:00.0000000+01:00,,0.0,0.0,
2025-12-19T01:45:00.0000000+01:00,,0.0,0.0,
2025-12-19T02:00:00.0000000+01:00,,0.0,0.0,
2025-12-19T02:15:00.0000000+01:00,,0.0,0.0,
2025-12-19T02:30:00.0000000+01:00,,0.0,0.0,
2025-12-19T02:45:00.0000000+01:00,,0.0,0.0,
2025-12-19T03:00:00.0000000+01:00,,0.0,0.0,
2025-12-19T03:15:00.0000000+01:00,,0.0,0.0,
2025-12-19T03:30:00.0000000+01:00,,0.0,0.0,
2025-12-19T03:45:00.0000000+01:00,,0.0,0.0,
2025-12-19T04:00:00.0000000+01:00,,0.0,0.0,
2025-12-19T04:15:00.0000000+01:00,,0.0,0.0,
2025-12-19T04:30:00.0000000+01:00,,0.0,0.0,
2025-12-19T04:45:00.0000000+01:00,,0.0,0.0,
2025-12-19T05:00:00.0000000+01:00,,0.0,0.0,
2025-12-19T05:15:00.0000000+01:00,,0.0,0.0,
2025-12-19T05:30:00.0000000+01:00,,0.0,0.0,
2025-12-19T05:45:00.0000000+01:00,,0.0,0.0,
2025-12-19T06:00:00.0000000+01:00,,0.0,0.0,
2025-12-19T06:15:00.0000000+01:00,,0.0,0.0,
2025-12-19T06:30:00.0000000+01:00,,0.0,0.0,
2025-12-19T06:45:00.0000000+01:00,,0.0,0.0,
2025-12-19T07:00:00.0000000+01:00,,0.0,0.0,
2025-12-19T07:15:00.0000000+01:00,,0.0,0.0,
2025-12-19T07:30:00.0000000+01:00,,0.0,0.0,6.25
2025-12-19T07:45:00.0000000+01:00,,0.0,3.0,
2025-12-19T08:00:00.0000000+01:00,,0.0049,11.0,68.75
2025-12-19T15:15:00.0000000+01:00,,0.0081,0.0,95.8333
2025-12-19T15:45:00.0000000+01:00,,0.0012,0.0,26.25
2025-12-19T16:00:00.0000000+01:00,,0.0002,0.0,6.25
2025-12-19T16:15:00.0000000+01:00,,0.0,0.0,
2025-12-19T16:30:00.0000000+01:00,,0.0,0.0,
2025-12-19T16:45:00.0000000+01:00,,0.0,0.0,
2025-12-19T17:00:00.0000000+01:00,,0.0,0.0,
2025-12-19T17:15:00.0000000+01:00,,0.0,0.0,
2025-12-19T17:30:00.0000000+01:00,,0.0,0.0,
2025-12-19T17:45:00.0000000+01:00,,0.0,0.0,
2025-12-19T18:00:00.0000000+01:00,,0.0,0.0,
2025-12-19T18:15:00.0000000+01:00,,0.0,0.0,
2025-12-19T18:30:00.0000000+01:00,,0.0,0.0,
2025-12-19T18:45:00.0000000+01:00,,0.0,0.0,
2025-12-19T19:00:00.0000000+01:00,,0.0,0.0,
2025-12-19T19:15:00.0000000+01:00,,0.0,0.0,
2025-12-19T19:30:00.0000000+01:00,,0.0,0.0,
2025-12-19T19:45:00.0000000+01:00,,0.0,0.0,
2025-12-19T20:00:00.0000000+01:00,,0.0,0.0,
2025-12-19T20:15:00.0000000+01:00,,0.0,0.0,
2025-12-19T20:30:00.0000000+01:00,,0.0,0.0,
2025-12-19T20:45:00.0000000+01:00,,0.0,0.0,
2025-12-19T21:00:00.0000000+01:00,,0.0,0.0,
2025-12-19T21:15:00.0000000+01:00,,0.0,0.0,
2025-12-19T21:30:00.0000000+01:00,,0.0,0.0,
2025-12-19T21:45:00.0000000+01:00,,0.0,0.0,
2025-12-19T22:00:00.0000000+01:00,,0.0,0.0,
2025-12-19T22:15:00.0000000+01:00,,0.0,0.0,
2025-12-19T22:30:00.0000000+01:00,,0.0,0.0,
2025-12-19T22:45:00.0000000+01:00,,0.0,0.0,
2025-12-19T23:00:00.0000000+01:00,,0.0,0.0,
2025-12-19T23:15:00.0000000+01:00,,0.0,0.0,
2025-12-19T23:30:00.0000000+01:00,,0.0,0.0,
2025-12-19T23:45:00.0000000+01:00,,0.0,0.0,
2025-12-20T00:00:00.0000000+01:00,,0.0,0.0,
2025-12-20T00:15:00.0000000+01:00,,0.0,0.0,
2025-12-20T00:30:00.0000000+01:00,,0.0,0.0,
2025-12-20T00:45:00.0000000+01:00,,0.0,0.0,
2025-12-20T01:00:00.0000000+01:00,,0.0,0.0,
2025-12-20T01:15:00.0000000+01:00,,0.0,0.0,
2025-12-20T01:30:00.0000000+01:00,,0.0,0.0,
2025-12-20T01:45:00.0000000+01:00,,0.0,0.0,
2025-12-20T02:00:00.0000000+01:00,,0.0,0.0,
2025-12-20T02:15:00.0000000+01:00,,0.0,0.0,
2025-12-20T02:30:00.0000000+01:00,,0.0,0.0,
2025-12-20T02:45:00.0000000+01:00,,0.0,0.0,
2025-12-20T03:00:00.0000000+01:00,,0.0,0.0,
2025-12-20T03:15:00.0000000+01:00,,0.0,0.0,
2025-12-20T03:30:00.0000000+01:00,,0.0,0.0,
2025-12-20T03:45:00.0000000+01:00,,0.0,0.0,
2025-12-20T04:00:00.0000000+01:00,,0.0,0.0,
2025-12-20T04:15:00.0000000+01:00,,0.0,0.0,
2025-12-20T04:30:00.0000000+01:00,,0.0,0.0,
2025-12-20T04:45:00.0000000+01:00,,0.0,0.0,
2025-12-20T05:00:00.0000000+01:00,,0.0,0.0,
2025-12-20T05:15:00.0000000+01:00,,0.0,0.0,
2025-12-20T05:30:00.0000000+01:00,,0.0,0.0,
2025-12-20T05:45:00.0000000+01:00,,0.0,0.0,
2025-12-20T06:00:00.0000000+01:00,,0.0,0.0,
2025-12-20T06:15:00.0000000+01:00,,0.0,0.0,
2025-12-20T06:30:00.0000000+01:00,,0.0,0.0,
2025-12-20T06:45:00.0000000+01:00,,0.0,0.0,
2025-12-20T07:00:00.0000000+01:00,,0.0,0.0,
2025-12-20T07:15:00.0000000+01:00,,0.0,0.0,
2025-12-20T07:30:00.0000000+01:00,,0.0,0.0,
2025-12-20T07:45:00.0000000+01:00,,0.0,4.0,
2025-12-20T08:00:00.0000000+01:00,,0.0001,15.0,21.875
2025-12-20T15:45:00.0000000+01:00,,0.0022,0.0,53.4091
2025-12-20T16:00:00.0000000+01:00,,0.0004,0.0,10.9375
2025-12-20T16:15:00.0000000+01:00,,0.0,0.0,
2025-12-20T16:30:00.0000000+01:00,,0.0,0.0,
2025-12-20T16:45:00.0000000+01:00,,0.0,0.0,
2025-12-20T17:00:00.0000000+01:00,,0.0,0.0,
2025-12-20T17:15:00.0000000+01:00,,0.0,0.0,
2025-12-20T17:30:00.0000000+01:00,,0.0,0.0,
2025-12-20T17:45:00.0000000+01:00,,0.0,0.0,
2025-12-20T18:00:00.0000000+01:00,,0.0,0.0,
2025-12-20T18:15:00.0000000+01:00,,0.0,0.0,
2025-12-20T18:30:00.0000000+01:00,,0.0,0.0,
2025-12-20T18:45:00.0000000+01:00,,0.0,0.0,
2025-12-20T19:00:00.0000000+01:00,,0.0,0.0,
2025-12-20T19:15:00.0000000+01:00,,0.0,0.0,
2025-12-20T19:30:00.0000000+01:00,,0.0,0.0,
2025-12-20T19:45:00.0000000+01:00,,0.0,0.0,
2025-12-20T20:00:00.0000000+01:00,,0.0,0.0,
2025-12-20T20:15:00.0000000+01:00,,0.0,0.0,
2025-12-20T20:30:00.0000000+01:00,,0.0,0.0,
2025-12-20T20:45:00.0000000+01:00,,0.0,0.0,
2025-12-20T21:00:00.0000000+01:00,,0.0,0.0,
2025-12-20T21:15:00.0000000+01:00,,0.0,0.0,
2025-12-20T21:30:00.0000000+01:00,,0.0,0.0,
2025-12-20T21:45:00.0000000+01:00,,0.0,0.0,
2025-12-20T22:00:00.0000000+01:00,,0.0,0.0,
2025-12-20T22:15:00.0000000+01:00,,0.0,0.0,
2025-12-20T22:30:00.0000000+01:00,,0.0,0.0,
2025-12-20T22:45:00.0000000+01:00,,0.0,0.0,
2025-12-20T23:00:00.0000000+01:00,,0.0,0.0,
2025-12-20T23:15:00.0000000+01:00,,0.0,0.0,
2025-12-20T23:30:00.0000000+01:00,,0.0,0.0,
2025-12-20T23:45:00.0000000+01:00,,0.0,0.0,
2025-12-21T00:00:00.0000000+01:00,,0.0,0.0,
2025-12-21T00:15:00.0000000+01:00,,0.0,0.0,
2025-12-21T00:30:00.0000000+01:00,,0.0,0.0,
2025-12-21T00:45:00.0000000+01:00,,0.0,0.0,
2025-12-21T01:00:00.0000000+01:00,,0.0,0.0,
2025-12-21T01:15:00.0000000+01:00,,0.0,0.0,
2025-12-21T01:30:00.0000000+01:00,,0.0,0.0,
2025-12-21T01:45:00.0000000+01:00,,0.0,0.0,
2025-12-21T02:00:00.0000000+01:00,,0.0,0.0,
2025-12-21T02:15:00.0000000+01:00,,0.0,0.0,
2025-12-21T02:30:00.0000000+01:00,,0.0,0.0,
2025-12-21T02:45:00.0000000+01:00,,0.0,0.0,
2025-12-21T03:00:00.0000000+01:00,,0.0,0.0,
2025-12-21T03:15:00.0000000+01:00,,0.0,0.0,
2025-12-21T03:30:00.0000000+01:00,,0.0,0.0,
2025-12-21T03:45:00.0000000+01:00,,0.0,0.0,
2025-12-21T04:00:00.0000000+01:00,,0.0,0.0,
2025-12-21T04:15:00.0000000+01:00,,0.0,0.0,
2025-12-21T04:30:00.0000000+01:00,,0.0,0.0,
2025-12-21T04:45:00.0000000+01:00,,0.0,0.0,
2025-12-21T05:00:00.0000000+01:00,,0.0,0.0,
2025-12-21T05:15:00.0000000+01:00,,0.0,0.0,
2025-12-21T05:30:00.0000000+01:00,,0.0,0.0,
2025-12-21T05:45:00.0000000+01:00,,0.0,0.0,
2025-12-21T06:00:00.0000000+01:00,,0.0,0.0,
2025-12-21T06:15:00.0000000+01:00,,0.0,0.0,
2025-12-21T06:30:00.0000000+01:00,,0.0,0.0,
2025-12-21T06:45:00.0000000+01:00,,0.0,0.0,
2025-12-21T07:00:00.0000000+01:00,,0.0,0.0,
2025-12-21T07:15:00.0000000+01:00,,0.0,0.0,
2025-12-21T07:30:00.0000000+01:00,,0.0,0.0,
2025-12-21T07:45:00.0000000+01:00,,0.0,3.0,
2025-12-21T08:00:00.0000000+01:00,,0.0,11.0,
2025-12-21T08:15:00.0000000+01:00,,0.0009,16.0,47.5
2025-12-21T15:45:00.0000000+01:00,,0.0016,0.0,59.0278
2025-12-21T16:00:00.0000000+01:00,,0.0006,0.0,28.125
2025-12-21T16:15:00.0000000+01:00,,0.0,0.0,
2025-12-21T16:30:00.0000000+01:00,,0.0,0.0,
2025-12-21T16:45:00.0000000+01:00,,0.0,0.0,
2025-12-21T17:00:00.0000000+01:00,,0.0,0.0,
2025-12-21T17:15:00.0000000+01:00,,0.0,0.0,
2025-12-21T17:30:00.0000000+01:00,,0.0,0.0,
2025-12-21T17:45:00.0000000+01:00,,0.0,0.0,6.25
2025-12-21T18:00:00.0000000+01:00,,0.0,0.0,
2025-12-21T18:15:00.0000000+01:00,,0.0,0.0,
2025-12-21T18:30:00.0000000+01:00,,0.0,0.0,
2025-12-21T18:45:00.0000000+01:00,,0.0,0.0,
2025-12-21T19:00:00.0000000+01:00,,0.0,0.0,
2025-12-21T19:15:00.0000000+01:00,,0.0,0.0,
2025-12-21T19:30:00.0000000+01:00,,0.0,0.0,
2025-12-21T19:45:00.0000000+01:00,,0.0,0.0,
2025-12-21T20:00:00.0000000+01:00,,0.0,0.0,
2025-12-21T20:15:00.0000000+01:00,,0.0,0.0,
2025-12-21T20:30:00.0000000+01:00,,0.0,0.0,
2025-12-21T20:45:00.0000000+01:00,,0.0,0.0,
2025-12-21T21:00:00.0000000+01:00,,0.0,0.0,
2025-12-21T21:15:00.0000000+01:00,,0.0,0.0,
2025-12-21T21:30:00.0000000+01:00,,0.0,0.0,
2025-12-21T21:45:00.0000000+01:00,,0.0,0.0,
2025-12-21T22:00:00.0000000+01:00,,0.0,0.0,
2025-12-21T22:15:00.0000000+01:00,,0.0,0.0,
2025-12-21T22:30:00.0000000+01:00,,0.0,0.0,
2025-12-21T22:45:00.0000000+01:00,,0.0,0.0,
2025-12-21T23:00:00.0000000+01:00,,0.0,0.0,
2025-12-21T23:15:00.0000000+01:00,,0.0,0.0,
2025-12-21T23:30:00.0000000+01:00,,0.0,0.0,
2025-12-21T23:45:00.0000000+01:00,,0.0,0.0,
2025-12-22T00:00:00.0000000+01:00,,0.0,0.0,
2025-12-22T00:15:00.0000000+01:00,,0.0,0.0,
2025-12-22T00:30:00.0000000+01:00,,0.0,0.0,
2025-12-22T00:45:00.0000000+01:00,,0.0,0.0,
2025-12-22T01:00:00.0000000+01:00,,0.0,0.0,
2025-12-22T01:15:00.0000000+01:00,,0.0,0.0,
2025-12-22T01:30:00.0000000+01:00,,0.0,0.0,
2025-12-22T01:45:00.0000000+01:00,,0.0,0.0,
2025-12-22T02:00:00.0000000+01:00,,0.0,0.0,
2025-12-22T02:15:00.0000000+01:00,,0.0,0.0,
2025-12-22T02:30:00.0000000+01:00,,0.0,0.0,
2025-12-22T02:45:00.0000000+01:00,,0.0,0.0,
2025-12-22T03:00:00.0000000+01:00,,0.0,0.0,
2025-12-22T03:15:00.0000000+01:00,,0.0,0.0,
2025-12-22T03:30:00.0000000+01:00,,0.0,0.0,
2025-12-22T03:45:00.0000000+01:00,,0.0,0.0,
2025-12-22T04:00:00.0000000+01:00,,0.0,0.0,
2025-12-22T04:15:00.0000000+01:00,,0.0,0.0,
2025-12-22T04:30:00.0000000+01:00,,0.0,0.0,
2025-12-22T04:45:00.0000000+01:00,,0.0,0.0,
2025-12-22T05:00:00.0000000+01:00,,0.0,0.0,
2025-12-22T05:15:00.0000000+01:00,,0.0,0.0,
2025-12-22T05:30:00.0000000+01:00,,0.0,0.0,
2025-12-22T05:45:00.0000000+01:00,,0.0,0.0,
2025-12-22T06:00:00.0000000+01:00,,0.0,0.0,
2025-12-22T06:15:00.0000000+01:00,,0.0,0.0,
2025-12-22T06:30:00.0000000+01:00,,0.0,0.0,
2025-12-22T06:45:00.0000000+01:00,,0.0,0.0,
2025-12-22T07:00:00.0000000+01:00,,0.0,0.0,
2025-12-22T07:15:00.0000000+01:00,,0.0,0.0,
2025-12-22T07:30:00.0000000+01:00,,0.0,0.0,
2025-12-22T07:45:00.0000000+01:00,,0.0,3.0,9.375
2025-12-22T08:00:00.0000000+01:00,,0.0,11.6667,18.75
2025-12-22T08:15:00.0000000+01:00,,0.0,21.3333,
2025-12-22T15:45:00.0000000+01:00,,0.0014,0.0,53.125
2025-12-22T16:00:00.0000000+01:00,,0.0003,0.0,28.125
2025-12-22T16:15:00.0000000+01:00,,0.0,0.0,
2025-12-22T16:30:00.0000000+01:00,,0.0,0.0,
2025-12-22T16:45:00.0000000+01:00,,0.0,0.0,
2025-12-22T17:00:00.0000000+01:00,,0.0,0.0,
2025-12-22T17:15:00.0000000+01:00,,0.0,0.0,
2025-12-22T17:30:00.0000000+01:00,,0.0,0.0,
2025-12-22T17:45:00.0000000+01:00,,0.0,0.0,0.0
2025-12-22T18:00:00.0000000+01:00,,0.0,0.0,
2025-12-22T18:15:00.0000000+01:00,,0.0,0.0,
2025-12-22T18:30:00.0000000+01:00,,0.0,0.0,
2025-12-22T18:45:00.0000000+01:00,,0.0,0.0,
2025-12-22T19:00:00.0000000+01:00,,0.0,0.0,
2025-12-22T19:15:00.0000000+01:00,,0.0,0.0,
2025-12-22T19:30:00.0000000+01:00,,0.0,0.0,
2025-12-22T19:45:00.0000000+01:00,,0.0,0.0,
2025-12-22T20:00:00.0000000+01:00,,0.0,0.0,
2025-12-22T20:15:00.0000000+01:00,,0.0,0.0,
2025-12-22T20:30:00.0000000+01:00,,0.0,0.0,
2025-12-22T20:45:00.0000000+01:00,,0.0,0.0,
2025-12-22T21:00:00.0000000+01:00,,0.0,0.0,
2025-12-22T21:15:00.0000000+01:00,,0.0,0.0,
2025-12-22T21:30:00.0000000+01:00,,0.0,0.0,
2025-12-22T21:45:00.0000000+01:00,,0.0,0.0,
2025-12-22T22:00:00.0000000+01:00,,0.0,0.0,
2025-12-22T22:15:00.0000000+01:00,,0.0,0.0,
2025-12-22T22:30:00.0000000+01:00,,0.0,0.0,
2025-12-22T22:45:00.0000000+01:00,,0.0,0.0,
2025-12-22T23:00:00.0000000+01:00,,0.0,0.0,
2025-12-22T23:15:00.0000000+01:00,,0.0,0.0,
2025-12-22T23:30:00.0000000+01:00,,0.0,0.0,
2025-12-22T23:45:00.0000000+01:00,,0.0,0.0,
2025-12-23T00:00:00.0000000+01:00,,0.0,0.0,
2025-12-23T00:15:00.0000000+01:00,,0.0,0.0,
2025-12-23T00:30:00.0000000+01:00,,0.0,0.0,
2025-12-23T00:45:00.0000000+01:00,,0.0,0.0,
2025-12-23T01:00:00.0000000+01:00,,0.0,0.0,
2025-12-23T01:15:00.0000000+01:00,,0.0,0.0,
2025-12-23T01:30:00.0000000+01:00,,0.0,0.0,
2025-12-23T01:45:00.0000000+01:00,,0.0,0.0,
2025-12-23T02:00:00.0000000+01:00,,0.0,0.0,
2025-12-23T02:15:00.0000000+01:00,,0.0,0.0,
2025-12-23T02:30:00.0000000+01:00,,0.0,0.0,
2025-12-23T02:45:00.0000000+01:00,,0.0,0.0,
2025-12-23T03:00:00.0000000+01:00,,0.0,0.0,
2025-12-23T03:15:00.0000000+01:00,,0.0,0.0,
2025-12-23T03:30:00.0000000+01:00,,0.0,0.0,
2025-12-23T03:45:00.0000000+01:00,,0.0,0.0,
2025-12-23T04:00:00.0000000+01:00,,0.0,0.0,
2025-12-23T04:15:00.0000000+01:00,,0.0,0.0,
2025-12-23T04:30:00.0000000+01:00,,0.0,0.0,
2025-12-23T04:45:00.0000000+01:00,,0.0,0.0,
2025-12-23T05:00:00.0000000+01:00,,0.0,0.0,
2025-12-23T05:15:00.0000000+01:00,,0.0,0.0,
2025-12-23T05:30:00.0000000+01:00,,0.0,0.0,
2025-12-23T05:45:00.0000000+01:00,,0.0,0.0,
2025-12-23T06:00:00.0000000+01:00,,0.0,0.0,
2025-12-23T06:15:00.0000000+01:00,,0.0,0.0,
2025-12-23T06:30:00.0000000+01:00,,0.0,0.0,
2025-12-23T06:45:00.0000000+01:00,,0.0,0.0,
2025-12-23T07:00:00.0000000+01:00,,0.0,0.0,
2025-12-23T07:15:00.0000000+01:00,,0.0,0.0,
2025-12-23T07:30:00.0000000+01:00,,0.0,0.0,
2025-12-23T07:45:00.0000000+01:00,,0.0,4.6667,12.5
2025-12-23T08:00:00.0000000+01:00,,0.0012,24.3333,59.375
2025-12-23T16:00:00.0000000+01:00,,0.0013,0.0,40.625
2025-12-23T16:15:00.0000000+01:00,,0.0003,0.0,18.75
2025-12-23T16:30:00.0000000+01:00,,0.0,0.0,
2025-12-23T16:45:00.0000000+01:00,,0.0,0.0,
2025-12-23T17:00:00.0000000+01:00,,0.0,0.0,
2025-12-23T17:15:00.0000000+01:00,,0.0,0.0,
2025-12-23T17:30:00.0000000+01:00,,0.0,0.0,
2025-12-23T17:45:00.0000000+01:00,,0.0,0.0,
2025-12-23T18:00:00.0000000+01:00,,0.0,0.0,3.125
2025-12-23T18:15:00.0000000+01:00,,0.0,0.0,
2025-12-23T18:30:00.0000000+01:00,,0.0,0.0,
2025-12-23T18:45:00.0000000+01:00,,0.0,0.0,
2025-12-23T19:00:00.0000000+01:00,,0.0,0.0,
2025-12-23T19:15:00.0000000+01:00,,0.0,0.0,
2025-12-23T19:30:00.0000000+01:00,,0.0,0.0,
2025-12-23T19:45:00.0000000+01:00,,0.0,0.0,
2025-12-23T20:00:00.0000000+01:00,,0.0,0.0,
2025-12-23T20:15:00.0000000+01:00,,0.0,0.0,
2025-12-23T20:30:00.0000000+01:00,,0.0,0.0,
2025-12-23T20:45:00.0000000+01:00,,0.0,0.0,
2025-12-23T21:00:00.0000000+01:00,,0.0,0.0,
2025-12-23T21:15:00.0000000+01:00,,0.0,0.0,
2025-12-23T21:30:00.0000000+01:00,,0.0,0.0,
2025-12-23T21:45:00.0000000+01:00,,0.0,0.0,
2025-12-23T22:00:00.0000000+01:00,,0.0,0.0,
2025-12-23T22:15:00.0000000+01:00,,0.0,0.0,
2025-12-23T22:30:00.0000000+01:00,,0.0,0.0,
2025-12-23T22:45:00.0000000+01:00,,0.0,0.0,
2025-12-23T23:00:00.0000000+01:00,,0.0,0.0,
2025-12-23T23:15:00.0000000+01:00,,0.0,0.0,
2025-12-23T23:30:00.0000000+01:00,,0.0,0.0,
2025-12-23T23:45:00.0000000+01:00,,0.0,0.0,
2025-12-24T00:00:00.0000000+01:00,,0.0,0.0,
2025-12-24T00:15:00.0000000+01:00,,0.0,0.0,
2025-12-24T00:30:00.0000000+01:00,,0.0,0.0,
2025-12-24T00:45:00.0000000+01:00,,0.0,0.0,
2025-12-24T01:00:00.0000000+01:00,,0.0,0.0,
2025-12-24T01:15:00.0000000+01:00,,0.0,0.0,
2025-12-24T01:30:00.0000000+01:00,,0.0,0.0,
2025-12-24T01:45:00.0000000+01:00,,0.0,0.0,
2025-12-24T02:00:00.0000000+01:00,,0.0,0.0,
2025-12-24T02:15:00.0000000+01:00,,0.0,0.0,
2025-12-24T02:30:00.0000000+01:00,,0.0,0.0,
2025-12-24T02:45:00.0000000+01:00,,0.0,0.0,
2025-12-24T03:00:00.0000000+01:00,,0.0,0.0,
2025-12-24T03:15:00.0000000+01:00,,0.0,0.0,
2025-12-24T03:30:00.0000000+01:00,,0.0,0.0,
2025-12-24T03:45:00.0000000+01:00,,0.0,0.0,
2025-12-24T04:00:00.0000000+01:00,,0.0,0.0,
2025-12-24T04:15:00.0000000+01:00,,0.0,0.0,
2025-12-24T04:30:00.0000000+01:00,,0.0,0.0,
2025-12-24T04:45:00.0000000+01:00,,0.0,0.0,
2025-12-24T05:00:00.0000000+01:00,,0.0,0.0,
2025-12-24T05:15:00.0000000+01:00,,0.0,0.0,
2025-12-24T05:30:00.0000000+01:00,,0.0,0.0,
2025-12-24T05:45:00.0000000+01:00,,0.0,0.0,
2025-12-24T06:00:00.0000000+01:00,,0.0,0.0,
2025-12-24T06:15:00.0000000+01:00,,0.0,0.0,
2025-12-24T06:30:00.0000000+01:00,,0.0,0.0,
2025-12-24T06:45:00.0000000+01:00,,0.0,0.0,
2025-12-24T07:00:00.0000000+01:00,,0.0,0.0,
2025-12-24T07:15:00.0000000+01:00,,0.0,0.0,
2025-12-24T07:30:00.0000000+01:00,,0.0,0.0,
2025-12-24T07:45:00.0000000+01:00,,0.0,2.6667,9.375
2025-12-24T08:00:00.0000000+01:00,,0.0,13.0,
2025-12-24T16:00:00.0000000+01:00,,0.0017,0.0,68.75
2025-12-24T16:15:00.0000000+01:00,,0.0007,0.0,35.0
2025-12-24T16:30:00.0000000+01:00,,0.0,0.0,
2025-12-24T16:45:00.0000000+01:00,,0.0,0.0,
2025-12-24T17:00:00.0000000+01:00,,0.0,0.0,
2025-12-24T17:15:00.0000000+01:00,,0.0,0.0,
2025-12-24T17:30:00.0000000+01:00,,0.0,0.0,
2025-12-24T17:45:00.0000000+01:00,,0.0,0.0,
2025-12-24T18:00:00.0000000+01:00,,0.0,0.0,9.375
2025-12-24T18:15:00.0000000+01:00,,0.0,0.0,
2025-12-24T18:30:00.0000000+01:00,,0.0,0.0,
2025-12-24T18:45:00.0000000+01:00,,0.0,0.0,
2025-12-24T19:00:00.0000000+01:00,,0.0,0.0,
2025-12-24T19:15:00.0000000+01:00,,0.0,0.0,
2025-12-24T19:30:00.0000000+01:00,,0.0,0.0,
2025-12-24T19:45:00.0000000+01:00,,0.0,0.0,
2025-12-24T20:00:00.0000000+01:00,,0.0,0.0,
2025-12-24T20:15:00.0000000+01:00,,0.0,0.0,
2025-12-24T20:30:00.0000000+01:00,,0.0,0.0,
2025-12-24T20:45:00.0000000+01:00,,0.0,0.0,
2025-12-24T21:00:00.0000000+01:00,,0.0,0.0,
2025-12-24T21:15:00.0000000+01:00,,0.0,0.0,
2025-12-24T21:30:00.0000000+01:00,,0.0,0.0,
2025-12-24T21:45:00.0000000+01:00,,0.0,0.0,
2025-12-24T22:00:00.0000000+01:00,,0.0,0.0,
2025-12-24T22:15:00.0000000+01:00,,0.0,0.0,
2025-12-24T22:30:00.0000000+01:00,,0.0,0.0,
2025-12-24T22:45:00.0000000+01:00,,0.0,0.0,
2025-12-24T23:00:00.0000000+01:00,,0.0,0.0,
2025-12-24T23:15:00.0000000+01:00,,0.0,0.0,
2025-12-24T23:30:00.0000000+01:00,,0.0,0.0,
2025-12-24T23:45:00.0000000+01:00,,0.0,0.0,
2025-12-25T00:00:00.0000000+01:00,,0.0,0.0,
2025-12-25T00:15:00.0000000+01:00,,0.0,0.0,
2025-12-25T00:30:00.0000000+01:00,,0.0,0.0,
2025-12-25T00:45:00.0000000+01:00,,0.0,0.0,
2025-12-25T01:00:00.0000000+01:00,,0.0,0.0,
2025-12-25T01:15:00.0000000+01:00,,0.0,0.0,
2025-12-25T01:30:00.0000000+01:00,,0.0,0.0,
2025-12-25T01:45:00.0000000+01:00,,0.0,0.0,
2025-12-25T02:00:00.0000000+01:00,,0.0,0.0,
2025-12-25T02:15:00.0000000+01:00,,0.0,0.0,
2025-12-25T02:30:00.0000000+01:00,,0.0,0.0,
2025-12-25T02:45:00.0000000+01:00,,0.0,0.0,
2025-12-25T03:00:00.0000000+01:00,,0.0,0.0,
2025-12-25T03:15:00.0000000+01:00,,0.0,0.0,
2025-12-25T03:30:00.0000000+01:00,,0.0,0.0,
2025-12-25T03:45:00.0000000+01:00,,0.0,0.0,
2025-12-25T04:00:00.0000000+01:00,,0.0,0.0,
2025-12-25T04:15:00.0000000+01:00,,0.0,0.0,
2025-12-25T04:30:00.0000000+01:00,,0.0,0.0,
2025-12-25T04:45:00.0000000+01:00,,0.0,0.0,
2025-12-25T05:00:00.0000000+01:00,,0.0,0.0,
2025-12-25T05:15:00.0000000+01:00,,0.0,0.0,
2025-12-25T05:30:00.0000000+01:00,,0.0,0.0,
2025-12-25T05:45:00.0000000+01:00,,0.0,0.0,
2025-12-25T06:00:00.0000000+01:00,,0.0,0.0,
2025-12-25T06:15:00.0000000+01:00,,0.0,0.0,
2025-12-25T06:30:00.0000000+01:00,,0.0,0.0,
2025-12-25T06:45:00.0000000+01:00,,0.0,0.0,
2025-12-25T07:00:00.0000000+01:00,,0.0,0.0,
2025-12-25T07:15:00.0000000+01:00,,0.0,0.0,
2025-12-25T07:30:00.0000000+01:00,,0.0,0.0,6.25
2025-12-25T07:45:00.0000000+01:00,,0.0,5.3333,18.75
2025-12-25T08:00:00.0000000+01:00,,0.0054,31.0,89.5833
2025-12-25T15:30:00.0000000+01:00,,0.0096,0.0,96.875
2025-12-25T16:00:00.0000000+01:00,,0.0012,0.0,51.5625
2025-12-25T16:15:00.0000000+01:00,,0.0001,0.0,21.875
2025-12-25T16:30:00.0000000+01:00,,0.0,0.0,
2025-12-25T16:45:00.0000000+01:00,,0.0,0.0,
2025-12-25T17:00:00.0000000+01:00,,0.0,0.0,
2025-12-25T17:15:00.0000000+01:00,,0.0,0.0,
2025-12-25T17:30:00.0000000+01:00,,0.0,0.0,
2025-12-25T17:45:00.0000000+01:00,,0.0,0.0,9.375
2025-12-25T18:00:00.0000000+01:00,,0.0,0.0,0.0
2025-12-25T18:15:00.0000000+01:00,,0.0,0.0,
2025-12-25T18:30:00.0000000+01:00,,0.0,0.0,
2025-12-25T18:45:00.0000000+01:00,,0.0,0.0,
2025-12-25T19:00:00.0000000+01:00,,0.0,0.0,
2025-12-25T19:15:00.0000000+01:00,,0.0,0.0,
2025-12-25T19:30:00.0000000+01:00,,0.0,0.0,
2025-12-25T19:45:00.0000000+01:00,,0.0,0.0,
2025-12-25T20:00:00.0000000+01:00,,0.0,0.0,
2025-12-25T20:15:00.0000000+01:00,,0.0,0.0,
2025-12-25T20:30:00.0000000+01:00,,0.0,0.0,
2025-12-25T20:45:00.0000000+01:00,,0.0,0.0,
2025-12-25T21:00:00.0000000+01:00,,0.0,0.0,
2025-12-25T21:15:00.0000000+01:00,,0.0,0.0,
2025-12-25T21:30:00.0000000+01:00,,0.0,0.0,
2025-12-25T21:45:00.0000000+01:00,,0.0,0.0,
2025-12-25T22:00:00.0000000+01:00,,0.0,0.0,
2025-12-25T22:15:00.0000000+01:00,,0.0,0.0,
2025-12-25T22:30:00.0000000+01:00,,0.0,0.0,
2025-12-25T22:45:00.0000000+01:00,,0.0,0.0,
2025-12-25T23:00:00.0000000+01:00,,0.0,0.0,
2025-12-25T23:15:00.0000000+01:00,,0.0,0.0,
2025-12-25T23:30:00.0000000+01:00,,0.0,0.0,
2025-12-25T23:45:00.0000000+01:00,,0.0,0.0,
2025-12-26T00:00:00.0000000+01:00,,0.0,0.0,
2025-12-26T00:15:00.0000000+01:00,,0.0,0.0,
2025-12-26T00:30:00.0000000+01:00,,0.0,0.0,
2025-12-26T00:45:00.0000000+01:00,,0.0,0.0,
2025-12-26T01:00:00.0000000+01:00,,0.0,0.0,
2025-12-26T01:15:00.0000000+01:00,,0.0,0.0,
2025-12-26T01:30:00.0000000+01:00,,0.0,0.0,
2025-12-26T01:45:00.0000000+01:00,,0.0,0.0,
2025-12-26T02:00:00.0000000+01:00,,0.0,0.0,
2025-12-26T02:15:00.0000000+01:00,,0.0,0.0,
2025-12-26T02:30:00.0000000+01:00,,0.0,0.0,
2025-12-26T02:45:00.0000000+01:00,,0.0,0.0,
2025-12-26T03:00:00.0000000+01:00,,0.0,0.0,
2025-12-26T03:15:00.0000000+01:00,,0.0,0.0,
2025-12-26T03:30:00.0000000+01:00,,0.0,0.0,
2025-12-26T03:45:00.0000000+01:00,,0.0,0.0,
2025-12-26T04:00:00.0000000+01:00,,0.0,0.0,
2025-12-26T04:15:00.0000000+01:00,,0.0,0.0,
2025-12-26T04:30:00.0000000+01:00,,0.0,0.0,
2025-12-26T04:45:00.0000000+01:00,,0.0,0.0,
2025-12-26T05:00:00.0000000+01:00,,0.0,0.0,
2025-12-26T05:15:00.0000000+01:00,,0.0,0.0,
2025-12-26T05:30:00.0000000+01:00,,0.0,0.0,
2025-12-26T05:45:00.0000000+01:00,,0.0,0.0,
2025-12-26T06:00:00.0000000+01:00,,0.0,0.0,
2025-12-26T06:15:00.0000000+01:00,,0.0,0.0,
2025-12-26T06:30:00.0000000+01:00,,0.0,0.0,
2025-12-26T06:45:00.0000000+01:00,,0.0,0.0,
2025-12-26T07:00:00.0000000+01:00,,0.0,0.0,
2025-12-26T07:15:00.0000000+01:00,,0.0,0.0,
2025-12-26T07:30:00.0000000+01:00,,0.0,0.0,
2025-12-26T07:45:00.0000000+01:00,,0.0,5.3333,12.5
2025-12-26T08:00:00.0000000+01:00,,0.0015,31.6667,73.2955
2025-12-26T12:00:00.0000000+01:00,,1.2236,367.6667,
2025-12-26T15:45:00.0000000+01:00,,0.0072,0.0,86.9792
2025-12-26T16:15:00.0000000+01:00,,0.001,0.0,19.375
2025-12-26T16:30:00.0000000+01:00,,0.0,0.0,
2025-12-26T16:45:00.0000000+01:00,,0.0,0.0,
2025-12-26T17:00:00.0000000+01:00,,0.0,0.0,
2025-12-26T17:15:00.0000000+01:00,,0.0,0.0,
2025-12-26T17:30:00.0000000+01:00,,0.0,0.0,
2025-12-26T17:45:00.0000000+01:00,,0.0,0.0,
2025-12-26T18:00:00.0000000+01:00,,0.0,0.0,
2025-12-26T18:15:00.0000000+01:00,,0.0,0.0,
2025-12-26T18:30:00.0000000+01:00,,0.0,0.0,
2025-12-26T18:45:00.0000000+01:00,,0.0,0.0,
2025-12-26T19:00:00.0000000+01:00,,0.0,0.0,
2025-12-26T19:15:00.0000000+01:00,,0.0,0.0,
2025-12-26T19:30:00.0000000+01:00,,0.0,0.0,
2025-12-26T19:45:00.0000000+01:00,,0.0,0.0,
2025-12-26T20:00:00.0000000+01:00,,0.0,0.0,
2025-12-26T20:15:00.0000000+01:00,,0.0,0.0,
2025-12-26T20:30:00.0000000+01:00,,0.0,0.0,
2025-12-26T20:45:00.0000000+01:00,,0.0,0.0,
2025-12-26T21:00:00.0000000+01:00,,0.0,0.0,
2025-12-26T21:15:00.0000000+01:00,,0.0,0.0,
2025-12-26T21:30:00.0000000+01:00,,0.0,0.0,
2025-12-26T21:45:00.0000000+01:00,,0.0,0.0,
2025-12-26T22:00:00.0000000+01:00,,0.0,0.0,
2025-12-26T22:15:00.0000000+01:00,,0.0,0.0,
2025-12-26T22:30:00.0000000+01:00,,0.0,0.0,
2025-12-26T22:45:00.0000000+01:00,,0.0,0.0,
2025-12-26T23:00:00.0000000+01:00,,0.0,0.0,
2025-12-26T23:15:00.0000000+01:00,,0.0,0.0,
2025-12-26T23:30:00.0000000+01:00,,0.0,0.0,
2025-12-26T23:45:00.0000000+01:00,,0.0,0.0,
2025-12-27T00:00:00.0000000+01:00,,0.0,0.0,
2025-12-27T00:15:00.0000000+01:00,,0.0,0.0,
2025-12-27T00:30:00.0000000+01:00,,0.0,0.0,
2025-12-27T00:45:00.0000000+01:00,,0.0,0.0,
2025-12-27T01:00:00.0000000+01:00,,0.0,0.0,
2025-12-27T01:15:00.0000000+01:00,,0.0,0.0,
2025-12-27T01:30:00.0000000+01:00,,0.0,0.0,
2025-12-27T01:45:00.0000000+01:00,,0.0,0.0,
2025-12-27T02:00:00.0000000+01:00,,0.0,0.0,
2025-12-27T02:15:00.0000000+01:00,,0.0,0.0,
2025-12-27T02:30:00.0000000+01:00,,0.0,0.0,
2025-12-27T02:45:00.0000000+01:00,,0.0,0.0,
2025-12-27T03:00:00.0000000+01:00,,0.0,0.0,
2025-12-27T03:15:00.0000000+01:00,,0.0,0.0,
2025-12-27T03:30:00.0000000+01:00,,0.0,0.0,
2025-12-27T03:45:00.0000000+01:00,,0.0,0.0,
2025-12-27T04:00:00.0000000+01:00,,0.0,0.0,
2025-12-27T04:15:00.0000000+01:00,,0.0,0.0,
2025-12-27T04:30:00.0000000+01:00,,0.0,0.0,
2025-12-27T04:45:00.0000000+01:00,,0.0,0.0,
2025-12-27T05:00:00.0000000+01:00,,0.0,0.0,
2025-12-27T05:15:00.0000000+01:00,,0.0,0.0,
2025-12-27T05:30:00.0000000+01:00,,0.0,0.0,
2025-12-27T05:45:00.0000000+01:00,,0.0,0.0,
2025-12-27T06:00:00.0000000+01:00,,0.0,0.0,
2025-12-27T06:15:00.0000000+01:00,,0.0,0.0,
2025-12-27T06:30:00.0000000+01:00,,0.0,0.0,
2025-12-27T06:45:00.0000000+01:00,,0.0,0.0,
2025-12-27T07:00:00.0000000+01:00,,0.0,0.0,
2025-12-27T07:15:00.0000000+01:00,,0.0,0.0,
2025-12-27T07:30:00.0000000+01:00,,0.0,0.0,
2025-12-27T07:45:00.0000000+01:00,,0.0,4.0,
2025-12-27T08:00:00.0000000+01:00,,0.0,13.6667,
2025-12-27T08:15:00.0000000+01:00,,0.0032,23.0,75.0
2025-12-27T15:45:00.0000000+01:00,,0.007,0.0,85.4167
2025-12-27T16:15:00.0000000+01:00,,0.001,0.0,22.9167
2025-12-27T16:30:00.0000000+01:00,,0.0,0.0,
2025-12-27T16:45:00.0000000+01:00,,0.0,0.0,
2025-12-27T17:00:00.0000000+01:00,,0.0,0.0,
2025-12-27T17:15:00.0000000+01:00,,0.0,0.0,
2025-12-27T17:30:00.0000000+01:00,,0.0,0.0,
2025-12-27T17:45:00.0000000+01:00,,0.0,0.0,
2025-12-27T18:00:00.0000000+01:00,,0.0,0.0,3.125
2025-12-27T18:15:00.0000000+01:00,,0.0,0.0,
2025-12-27T18:30:00.0000000+01:00,,0.0,0.0,
2025-12-27T18:45:00.0000000+01:00,,0.0,0.0,
2025-12-27T19:00:00.0000000+01:00,,0.0,0.0,
2025-12-27T19:15:00.0000000+01:00,,0.0,0.0,
2025-12-27T19:30:00.0000000+01:00,,0.0,0.0,
2025-12-27T19:45:00.0000000+01:00,,0.0,0.0,
2025-12-27T20:00:00.0000000+01:00,,0.0,0.0,
2025-12-27T20:15:00.0000000+01:00,,0.0,0.0,
2025-12-27T20:30:00.0000000+01:00,,0.0,0.0,
2025-12-27T20:45:00.0000000+01:00,,0.0,0.0,
2025-12-27T21:00:00.0000000+01:00,,0.0,0.0,
2025-12-27T21:15:00.0000000+01:00,,0.0,0.0,
2025-12-27T21:30:00.0000000+01:00,,0.0,0.0,
2025-12-27T21:45:00.0000000+01:00,,0.0,0.0,
2025-12-27T22:00:00.0000000+01:00,,0.0,0.0,
2025-12-27T22:15:00.0000000+01:00,,0.0,0.0,
2025-12-27T22:30:00.0000000+01:00,,0.0,0.0,
2025-12-27T22:45:00.0000000+01:00,,0.0,0.0,
2025-12-27T23:00:00.0000000+01:00,,0.0,0.0,
2025-12-27T23:15:00.0000000+01:00,,0.0,0.0,
2025-12-27T23:30:00.0000000+01:00,,0.0,0.0,
2025-12-27T23:45:00.0000000+01:00,,0.0,0.0,
2025-12-28T00:00:00.0000000+01:00,,0.0,0.0,
2025-12-28T00:15:00.0000000+01:00,,0.0,0.0,
2025-12-28T00:30:00.0000000+01:00,,0.0,0.0,
2025-12-28T00:45:00.0000000+01:00,,0.0,0.0,
2025-12-28T01:00:00.0000000+01:00,,0.0,0.0,
2025-12-28T01:15:00.0000000+01:00,,0.0,0.0,
2025-12-28T01:30:00.0000000+01:00,,0.0,0.0,
2025-12-28T01:45:00.0000000+01:00,,0.0,0.0,
2025-12-28T02:00:00.0000000+01:00,,0.0,0.0,
2025-12-28T02:15:00.0000000+01:00,,0.0,0.0,
2025-12-28T02:30:00.0000000+01:00,,0.0,0.0,
2025-12-28T02:45:00.0000000+01:00,,0.0,0.0,
2025-12-28T03:00:00.0000000+01:00,,0.0,0.0,
2025-12-28T03:15:00.0000000+01:00,,0.0,0.0,
2025-12-28T03:30:00.0000000+01:00,,0.0,0.0,
2025-12-28T03:45:00.0000000+01:00,,0.0,0.0,
2025-12-28T04:00:00.0000000+01:00,,0.0,0.0,
2025-12-28T04:15:00.0000000+01:00,,0.0,0.0,
2025-12-28T04:30:00.0000000+01:00,,0.0,0.0,
2025-12-28T04:45:00.0000000+01:00,,0.0,0.0,
2025-12-28T05:00:00.0000000+01:00,,0.0,0.0,
2025-12-28T05:15:00.0000000+01:00,,0.0,0.0,
2025-12-28T05:30:00.0000000+01:00,,0.0,0.0,
2025-12-28T05:45:00.0000000+01:00,,0.0,0.0,
2025-12-28T06:00:00.0000000+01:00,,0.0,0.0,
2025-12-28T06:15:00.0000000+01:00,,0.0,0.0,
2025-12-28T06:30:00.0000000+01:00,,0.0,0.0,
2025-12-28T06:45:00.0000000+01:00,,0.0,0.0,
2025-12-28T07:00:00.0000000+01:00,,0.0,0.0,
2025-12-28T07:15:00.0000000+01:00,,0.0,0.0,
2025-12-28T07:30:00.0000000+01:00,,0.0,0.0,6.25
2025-12-28T07:45:00.0000000+01:00,,0.0,2.6667,12.5
2025-12-28T08:00:00.0000000+01:00,,0.0015,21.0,73.4375
2025-12-28T16:00:00.0000000+01:00,,0.0025,0.0,67.3077
2025-12-28T16:15:00.0000000+01:00,,0.0012,0.0,31.25
2025-12-28T16:30:00.0000000+01:00,,0.0,0.0,15.625
2025-12-28T16:45:00.0000000+01:00,,0.0,0.0,
2025-12-28T17:00:00.0000000+01:00,,0.0,0.0,
2025-12-28T17:15:00.0000000+01:00,,0.0,0.0,
2025-12-28T17:30:00.0000000+01:00,,0.0,0.0,
2025-12-28T17:45:00.0000000+01:00,,0.0,0.0,
2025-12-28T18:00:00.0000000+01:00,,0.0,0.0,3.125
2025-12-28T18:15:00.0000000+01:00,,0.0,0.0,
2025-12-28T18:30:00.0000000+01:00,,0.0,0.0,
2025-12-28T18:45:00.0000000+01:00,,0.0,0.0,
2025-12-28T19:00:00.0000000+01:00,,0.0,0.0,
2025-12-28T19:15:00.0000000+01:00,,0.0,0.0,
2025-12-28T19:30:00.0000000+01:00,,0.0,0.0,
2025-12-28T19:45:00.0000000+01:00,,0.0,0.0,
2025-12-28T20:00:00.0000000+01:00,,0.0,0.0,
2025-12-28T20:15:00.0000000+01:00,,0.0,0.0,
2025-12-28T20:30:00.0000000+01:00,,0.0,0.0,
2025-12-28T20:45:00.0000000+01:00,,0.0,0.0,
2025-12-28T21:00:00.0000000+01:00,,0.0,0.0,
2025-12-28T21:15:00.0000000+01:00,,0.0,0.0,
2025-12-28T21:30:00.0000000+01:00,,0.0,0.0,
2025-12-28T21:45:00.0000000+01:00,,0.0,0.0,
2025-12-28T22:00:00.0000000+01:00,,0.0,0.0,
2025-12-28T22:15:00.0000000+01:00,,0.0,0.0,
2025-12-28T22:30:00.0000000+01:00,,0.0,0.0,
2025-12-28T22:45:00.0000000+01:00,,0.0,0.0,
2025-12-28T23:00:00.0000000+01:00,,0.0,0.0,
2025-12-28T23:15:00.0000000+01:00,,0.0,0.0,
2025-12-28T23:30:00.0000000+01:00,,0.0,0.0,
2025-12-28T23:45:00.0000000+01:00,,0.0,0.0,
2025-12-29T00:00:00.0000000+01:00,,0.0,0.0,
2025-12-29T00:15:00.0000000+01:00,,0.0,0.0,
2025-12-29T00:30:00.0000000+01:00,,0.0,0.0,
2025-12-29T00:45:00.0000000+01:00,,0.0,0.0,
2025-12-29T01:00:00.0000000+01:00,,0.0,0.0,
2025-12-29T01:15:00.0000000+01:00,,0.0,0.0,
2025-12-29T01:30:00.0000000+01:00,,0.0,0.0,
2025-12-29T01:45:00.0000000+01:00,,0.0,0.0,
2025-12-29T02:00:00.0000000+01:00,,0.0,0.0,
2025-12-29T02:15:00.0000000+01:00,,0.0,0.0,
2025-12-29T02:30:00.0000000+01:00,,0.0,0.0,
2025-12-29T02:45:00.0000000+01:00,,0.0,0.0,
2025-12-29T03:00:00.0000000+01:00,,0.0,0.0,
2025-12-29T03:15:00.0000000+01:00,,0.0,0.0,
2025-12-29T03:30:00.0000000+01:00,,0.0,0.0,
2025-12-29T03:45:00.0000000+01:00,,0.0,0.0,
2025-12-29T04:00:00.0000000+01:00,,0.0,0.0,
2025-12-29T04:15:00.0000000+01:00,,0.0,0.0,
2025-12-29T04:30:00.0000000+01:00,,0.0,0.0,
2025-12-29T04:45:00.0000000+01:00,,0.0,0.0,
2025-12-29T05:00:00.0000000+01:00,,0.0,0.0,
2025-12-29T05:15:00.0000000+01:00,,0.0,0.0,
2025-12-29T05:30:00.0000000+01:00,,0.0,0.0,
2025-12-29T05:45:00.0000000+01:00,,0.0,0.0,
2025-12-29T06:00:00.0000000+01:00,,0.0,0.0,
2025-12-29T06:15:00.0000000+01:00,,0.0,0.0,
2025-12-29T06:30:00.0000000+01:00,,0.0,0.0,
2025-12-29T06:45:00.0000000+01:00,,0.0,0.0,
2025-12-29T07:00:00.0000000+01:00,,0.0,0.0,
2025-12-29T07:15:00.0000000+01:00,,0.0,0.0,
2025-12-29T07:30:00.0000000+01:00,,0.0,0.0,
2025-12-29T07:45:00.0000000+01:00,,0.0,4.0,9.375
2025-12-29T08:00:00.0000000+01:00,,0.0017,26.0,55.4688
2025-12-29T16:00:00.0000000+01:00,,0.0016,0.0,60.9375
2025-12-29T16:15:00.0000000+01:00,,0.001,0.0,32.2917
2025-12-29T16:30:00.0000000+01:00,,0.0,0.0,
2025-12-29T16:45:00.0000000+01:00,,0.0,0.0,
2025-12-29T17:00:00.0000000+01:00,,0.0,0.0,
2025-12-29T17:15:00.0000000+01:00,,0.0,0.0,
2025-12-29T17:30:00.0000000+01:00,,0.0,0.0,
2025-12-29T17:45:00.0000000+01:00,,0.0,0.0,
2025-12-29T18:00:00.0000000+01:00,,0.0,0.0,6.25
2025-12-29T18:15:00.0000000+01:00,,0.0,0.0,
2025-12-29T18:30:00.0000000+01:00,,0.0,0.0,
2025-12-29T18:45:00.0000000+01:00,,0.0,0.0,
2025-12-29T19:00:00.0000000+01:00,,0.0,0.0,
2025-12-29T19:15:00.0000000+01:00,,0.0,0.0,
2025-12-29T19:30:00.0000000+01:00,,0.0,0.0,
2025-12-29T19:45:00.0000000+01:00,,0.0,0.0,
2025-12-29T20:00:00.0000000+01:00,,0.0,0.0,
2025-12-29T20:15:00.0000000+01:00,,0.0,0.0,
2025-12-29T20:30:00.0000000+01:00,,0.0,0.0,
2025-12-29T20:45:00.0000000+01:00,,0.0,0.0,
2025-12-29T21:00:00.0000000+01:00,,0.0,0.0,
2025-12-29T21:15:00.0000000+01:00,,0.0,0.0,
2025-12-29T21:30:00.0000000+01:00,,0.0,0.0,
2025-12-29T21:45:00.0000000+01:00,,0.0,0.0,
2025-12-29T22:00:00.0000000+01:00,,0.0,0.0,
2025-12-29T22:15:00.0000000+01:00,,0.0,0.0,
2025-12-29T22:30:00.0000000+01:00,,0.0,0.0,
2025-12-29T22:45:00.0000000+01:00,,0.0,0.0,
2025-12-29T23:00:00.0000000+01:00,,0.0,0.0,
2025-12-29T23:15:00.0000000+01:00,,0.0,0.0,
2025-12-29T23:30:00.0000000+01:00,,0.0,0.0,
2025-12-29T23:45:00.0000000+01:00,,0.0,0.0,
2025-12-30T00:00:00.0000000+01:00,,0.0,0.0,
2025-12-30T00:15:00.0000000+01:00,,0.0,0.0,
2025-12-30T00:30:00.0000000+01:00,,0.0,0.0,
2025-12-30T00:45:00.0000000+01:00,,0.0,0.0,
2025-12-30T01:00:00.0000000+01:00,,0.0,0.0,
2025-12-30T01:15:00.0000000+01:00,,0.0,0.0,
2025-12-30T01:30:00.0000000+01:00,,0.0,0.0,
2025-12-30T01:45:00.0000000+01:00,,0.0,0.0,
2025-12-30T02:00:00.0000000+01:00,,0.0,0.0,
2025-12-30T02:15:00.0000000+01:00,,0.0,0.0,
2025-12-30T02:30:00.0000000+01:00,,0.0,0.0,
2025-12-30T02:45:00.0000000+01:00,,0.0,0.0,
2025-12-30T03:00:00.0000000+01:00,,0.0,0.0,
2025-12-30T03:15:00.0000000+01:00,,0.0,0.0,
2025-12-30T03:30:00.0000000+01:00,,0.0,0.0,
2025-12-30T03:45:00.0000000+01:00,,0.0,0.0,
2025-12-30T04:00:00.0000000+01:00,,0.0,0.0,
2025-12-30T04:15:00.0000000+01:00,,0.0,0.0,
2025-12-30T04:30:00.0000000+01:00,,0.0,0.0,
2025-12-30T04:45:00.0000000+01:00,,0.0,0.0,
2025-12-30T05:00:00.0000000+01:00,,0.0,0.0,
2025-12-30T05:15:00.0000000+01:00,,0.0,0.0,
2025-12-30T05:30:00.0000000+01:00,,0.0,0.0,
2025-12-30T05:45:00.0000000+01:00,,0.0,0.0,
2025-12-30T06:00:00.0000000+01:00,,0.0,0.0,
2025-12-30T06:15:00.0000000+01:00,,0.0,0.0,
2025-12-30T06:30:00.0000000+01:00,,0.0,0.0,
2025-12-30T06:45:00.0000000+01:00,,0.0,0.0,
2025-12-30T07:00:00.0000000+01:00,,0.0,0.0,
2025-12-30T07:15:00.0000000+01:00,,0.0,0.0,
2025-12-30T07:30:00.0000000+01:00,,0.0,0.0,
2025-12-30T07:45:00.0000000+01:00,,0.0,3.3333,12.5
2025-12-30T08:00:00.0000000+01:00,,0.0003,21.0,39.5833
2025-12-30T16:00:00.0000000+01:00,,0.0023,0.0,52.5
2025-12-30T16:15:00.0000000+01:00,,0.001,0.0,18.75
2025-12-30T16:30:00.0000000+01:00,,0.0,0.0,
2025-12-30T16:45:00.0000000+01:00,,0.0,0.0,
2025-12-30T17:00:00.0000000+01:00,,0.0,0.0,
2025-12-30T17:15:00.0000000+01:00,,0.0,0.0,
2025-12-30T17:30:00.0000000+01:00,,0.0,0.0,
2025-12-30T17:45:00.0000000+01:00,,0.0,0.0,
2025-12-30T18:00:00.0000000+01:00,,0.0,0.0,0.0
2025-12-30T18:15:00.0000000+01:00,,0.0,0.0,
2025-12-30T18:30:00.0000000+01:00,,0.0,0.0,
2025-12-30T18:45:00.0000000+01:00,,0.0,0.0,
2025-12-30T19:00:00.0000000+01:00,,0.0,0.0,
2025-12-30T19:15:00.0000000+01:00,,0.0,0.0,
2025-12-30T19:30:00.0000000+01:00,,0.0,0.0,
2025-12-30T19:45:00.0000000+01:00,,0.0,0.0,
2025-12-30T20:00:00.0000000+01:00,,0.0,0.0,
2025-12-30T20:15:00.0000000+01:00,,0.0,0.0,
2025-12-30T20:30:00.0000000+01:00,,0.0,0.0,
2025-12-30T20:45:00.0000000+01:00,,0.0,0.0,
2025-12-30T21:00:00.0000000+01:00,,0.0,0.0,
2025-12-30T21:15:00.0000000+01:00,,0.0,0.0,
2025-12-30T21:30:00.0000000+01:00,,0.0,0.0,
2025-12-30T21:45:00.0000000+01:00,,0.0,0.0,
2025-12-30T22:00:00.0000000+01:00,,0.0,0.0,
2025-12-30T22:15:00.0000000+01:00,,0.0,0.0,
2025-12-30T22:30:00.0000000+01:00,,0.0,0.0,
2025-12-30T22:45:00.0000000+01:00,,0.0,0.0,
2025-12-30T23:00:00.0000000+01:00,,0.0,0.0,
2025-12-30T23:15:00.0000000+01:00,,0.0,0.0,
2025-12-30T23:30:00.0000000+01:00,,0.0,0.0,
2025-12-30T23:45:00.0000000+01:00,,0.0,0.0,
2025-12-31T00:00:00.0000000+01:00,,0.0,0.0,
2025-12-31T00:15:00.0000000+01:00,,0.0,0.0,
2025-12-31T00:30:00.0000000+01:00,,0.0,0.0,
2025-12-31T00:45:00.0000000+01:00,,0.0,0.0,
2025-12-31T01:00:00.0000000+01:00,,0.0,0.0,
2025-12-31T01:15:00.0000000+01:00,,0.0,0.0,
2025-12-31T01:30:00.0000000+01:00,,0.0,0.0,
2025-12-31T01:45:00.0000000+01:00,,0.0,0.0,
2025-12-31T02:00:00.0000000+01:00,,0.0,0.0,
2025-12-31T02:15:00.0000000+01:00,,0.0,0.0,
2025-12-31T02:30:00.0000000+01:00,,0.0,0.0,
2025-12-31T02:45:00.0000000+01:00,,0.0,0.0,
2025-12-31T03:00:00.0000000+01:00,,0.0,0.0,
2025-12-31T03:15:00.0000000+01:00,,0.0,0.0,
2025-12-31T03:30:00.0000000+01:00,,0.0,0.0,
2025-12-31T03:45:00.0000000+01:00,,0.0,0.0,
2025-12-31T04:00:00.0000000+01:00,,0.0,0.0,
2025-12-31T04:15:00.0000000+01:00,,0.0,0.0,
2025-12-31T04:30:00.0000000+01:00,,0.0,0.0,
2025-12-31T04:45:00.0000000+01:00,,0.0,0.0,
2025-12-31T05:00:00.0000000+01:00,,0.0,0.0,
2025-12-31T05:15:00.0000000+01:00,,0.0,0.0,
2025-12-31T05:30:00.0000000+01:00,,0.0,0.0,
2025-12-31T05:45:00.0000000+01:00,,0.0,0.0,
2025-12-31T06:00:00.0000000+01:00,,0.0,0.0,
2025-12-31T06:15:00.0000000+01:00,,0.0,0.0,
2025-12-31T06:30:00.0000000+01:00,,0.0,0.0,
2025-12-31T06:45:00.0000000+01:00,,0.0,0.0,
2025-12-31T07:00:00.0000000+01:00,,0.0,0.0,
2025-12-31T07:15:00.0000000+01:00,,0.0,0.0,
2025-12-31T07:30:00.0000000+01:00,,0.0,0.0,
2025-12-31T07:45:00.0000000+01:00,,0.0,1.0,
2025-12-31T08:00:00.0000000+01:00,,0.0,3.6667,6.25
2025-12-31T08:45:00.0000000+01:00,,0.0492,27.6667,
2025-12-31T16:00:00.0000000+01:00,,0.0019,0.0,50.0
2025-12-31T16:15:00.0000000+01:00,,0.001,0.0,26.0417
2025-12-31T16:30:00.0000000+01:00,,0.0,0.0,
2025-12-31T16:45:00.0000000+01:00,,0.0,0.0,
2025-12-31T17:00:00.0000000+01:00,,0.0,0.0,
2025-12-31T17:15:00.0000000+01:00,,0.0,0.0,
2025-12-31T17:30:00.0000000+01:00,,0.0,0.0,
2025-12-31T17:45:00.0000000+01:00,,0.0,0.0,
2025-12-31T18:00:00.0000000+01:00,,0.0,0.0,6.25
2025-12-31T18:15:00.0000000+01:00,,0.0,0.0,0.0
2025-12-31T18:30:00.0000000+01:00,,0.0,0.0,
2025-12-31T18:45:00.0000000+01:00,,0.0,0.0,
2025-12-31T19:00:00.0000000+01:00,,0.0,0.0,
2025-12-31T19:15:00.0000000+01:00,,0.0,0.0,
2025-12-31T19:30:00.0000000+01:00,,0.0,0.0,
2025-12-31T19:45:00.0000000+01:00,,0.0,0.0,
2025-12-31T20:00:00.0000000+01:00,,0.0,0.0,
2025-12-31T20:15:00.0000000+01:00,,0.0,0.0,
2025-12-31T20:30:00.0000000+01:00,,0.0,0.0,
2025-12-31T20:45:00.0000000+01:00,,0.0,0.0,
2025-12-31T21:00:00.0000000+01:00,,0.0,0.0,
2025-12-31T21:15:00.0000000+01:00,,0.0,0.0,
2025-12-31T21:30:00.0000000+01:00,,0.0,0.0,
2025-12-31T21:45:00.0000000+01:00,,0.0,0.0,
2025-12-31T22:00:00.0000000+01:00,,0.0,0.0,
2025-12-31T22:15:00.0000000+01:00,,0.0,0.0,
2025-12-31T22:30:00.0000000+01:00,,0.0,0.0,
2025-12-31T22:45:00.0000000+01:00,,0.0,0.0,
2025-12-31T23:00:00.0000000+01:00,,0.0,0.0,
2025-12-31T23:15:00.0000000+01:00,,0.0,0.0,
2025-12-31T23:30:00.0000000+01:00,,0.0,0.0,
2025-12-31T23:45:00.0000000+01:00,,0.0,0.0,
2026-01-01T00:00:00.0000000+01:00,,0.0,0.0,
2026-01-01T00:15:00.0000000+01:00,,0.0,0.0,
2026-01-01T00:30:00.0000000+01:00,,0.0,0.0,
2026-01-01T00:45:00.0000000+01:00,,0.0,0.0,
2026-01-01T01:00:00.0000000+01:00,,0.0,0.0,
2026-01-01T01:15:00.0000000+01:00,,0.0,0.0,
2026-01-01T01:30:00.0000000+01:00,,0.0,0.0,
2026-01-01T01:45:00.0000000+01:00,,0.0,0.0,
2026-01-01T02:00:00.0000000+01:00,,0.0,0.0,
2026-01-01T02:15:00.0000000+01:00,,0.0,0.0,
2026-01-01T02:30:00.0000000+01:00,,0.0,0.0,
2026-01-01T02:45:00.0000000+01:00,,0.0,0.0,
2026-01-01T03:00:00.0000000+01:00,,0.0,0.0,
2026-01-01T03:15:00.0000000+01:00,,0.0,0.0,
2026-01-01T03:30:00.0000000+01:00,,0.0,0.0,
2026-01-01T03:45:00.0000000+01:00,,0.0,0.0,
2026-01-01T04:00:00.0000000+01:00,,0.0,0.0,
2026-01-01T04:15:00.0000000+01:00,,0.0,0.0,
2026-01-01T04:30:00.0000000+01:00,,0.0,0.0,
2026-01-01T04:45:00.0000000+01:00,,0.0,0.0,
2026-01-01T05:00:00.0000000+01:00,,0.0,0.0,
2026-01-01T05:15:00.0000000+01:00,,0.0,0.0,
2026-01-01T05:30:00.0000000+01:00,,0.0,0.0,
2026-01-01T05:45:00.0000000+01:00,,0.0,0.0,
2026-01-01T06:00:00.0000000+01:00,,0.0,0.0,
2026-01-01T06:15:00.0000000+01:00,,0.0,0.0,
2026-01-01T06:30:00.0000000+01:00,,0.0,0.0,
2026-01-01T06:45:00.0000000+01:00,,0.0,0.0,
2026-01-01T07:00:00.0000000+01:00,,0.0,0.0,
2026-01-01T07:15:00.0000000+01:00,,0.0,0.0,
2026-01-01T07:30:00.0000000+01:00,,0.0,0.0,
2026-01-01T07:45:00.0000000+01:00,,0.0,0.0,
2026-01-01T08:00:00.0000000+01:00,,0.0,1.3333,9.375
2026-01-01T08:15:00.0000000+01:00,,0.0,4.6667,
2026-01-01T08:30:00.0000000+01:00,,0.0,11.6667,
2026-01-01T08:45:00.0000000+01:00,,0.01,11.0,78.8462
2026-01-01T15:45:00.0000000+01:00,,0.0024,0.0,63.1944
2026-01-01T16:00:00.0000000+01:00,,0.0013,0.0,25.0
2026-01-01T16:15:00.0000000+01:00,,0.0004,0.0,9.375
2026-01-01T16:30:00.0000000+01:00,,0.0,0.0,
2026-01-01T16:45:00.0000000+01:00,,0.0,0.0,
2026-01-01T17:00:00.0000000+01:00,,0.0,0.0,
2026-01-01T17:15:00.0000000+01:00,,0.0,0.0,
2026-01-01T17:30:00.0000000+01:00,,0.0,0.0,
2026-01-01T17:45:00.0000000+01:00,,0.0,0.0,
2026-01-01T18:00:00.0000000+01:00,,0.0,0.0,
2026-01-01T18:15:00.0000000+01:00,,0.0,0.0,
2026-01-01T18:30:00.0000000+01:00,,0.0,0.0,
2026-01-01T18:45:00.0000000+01:00,,0.0,0.0,
2026-01-01T19:00:00.0000000+01:00,,0.0,0.0,
2026-01-01T19:15:00.0000000+01:00,,0.0,0.0,
2026-01-01T19:30:00.0000000+01:00,,0.0,0.0,
2026-01-01T19:45:00.0000000+01:00,,0.0,0.0,
2026-01-01T20:00:00.0000000+01:00,,0.0,0.0,
2026-01-01T20:15:00.0000000+01:00,,0.0,0.0,
2026-01-01T20:30:00.0000000+01:00,,0.0,0.0,
2026-01-01T20:45:00.0000000+01:00,,0.0,0.0,
2026-01-01T21:00:00.0000000+01:00,,0.0,0.0,
2026-01-01T21:15:00.0000000+01:00,,0.0,0.0,
2026-01-01T21:30:00.0000000+01:00,,0.0,0.0,
2026-01-01T21:45:00.0000000+01:00,,0.0,0.0,
2026-01-01T22:00:00.0000000+01:00,,0.0,0.0,
2026-01-01T22:15:00.0000000+01:00,,0.0,0.0,
2026-01-01T22:30:00.0000000+01:00,,0.0,0.0,
2026-01-01T22:45:00.0000000+01:00,,0.0,0.0,
2026-01-01T23:00:00.0000000+01:00,,0.0,0.0,
2026-01-01T23:15:00.0000000+01:00,,0.0,0.0,
2026-01-01T23:30:00.0000000+01:00,,0.0,0.0,
2026-01-01T23:45:00.0000000+01:00,,0.0,0.0,
2026-01-02T00:00:00.0000000+01:00,,0.0,0.0,
2026-01-02T00:15:00.0000000+01:00,,0.0,0.0,
2026-01-02T00:30:00.0000000+01:00,,0.0,0.0,
2026-01-02T00:45:00.0000000+01:00,,0.0,0.0,
2026-01-02T01:00:00.0000000+01:00,,0.0,0.0,
2026-01-02T01:15:00.0000000+01:00,,0.0,0.0,
2026-01-02T01:30:00.0000000+01:00,,0.0,0.0,
2026-01-02T01:45:00.0000000+01:00,,0.0,0.0,
2026-01-02T02:00:00.0000000+01:00,,0.0,0.0,
2026-01-02T02:15:00.0000000+01:00,,0.0,0.0,
2026-01-02T02:30:00.0000000+01:00,,0.0,0.0,
2026-01-02T02:45:00.0000000+01:00,,0.0,0.0,
2026-01-02T03:00:00.0000000+01:00,,0.0,0.0,
2026-01-02T03:15:00.0000000+01:00,,0.0,0.0,
2026-01-02T03:30:00.0000000+01:00,,0.0,0.0,
2026-01-02T03:45:00.0000000+01:00,,0.0,0.0,
2026-01-02T04:00:00.0000000+01:00,,0.0,0.0,
2026-01-02T04:15:00.0000000+01:00,,0.0,0.0,
2026-01-02T04:30:00.0000000+01:00,,0.0,0.0,
2026-01-02T04:45:00.0000000+01:00,,0.0,0.0,
2026-01-02T05:00:00.0000000+01:00,,0.0,0.0,
2026-01-02T05:15:00.0000000+01:00,,0.0,0.0,
2026-01-02T05:30:00.0000000+01:00,,0.0,0.0,
2026-01-02T05:45:00.0000000+01:00,,0.0,0.0,
2026-01-02T06:00:00.0000000+01:00,,0.0,0.0,
2026-01-02T06:15:00.0000000+01:00,,0.0,0.0,
2026-01-02T06:30:00.0000000+01:00,,0.0,0.0,
2026-01-02T06:45:00.0000000+01:00,,0.0,0.0,
2026-01-02T07:00:00.0000000+01:00,,0.0,0.0,
2026-01-02T07:15:00.0000000+01:00,,0.0,0.0,
2026-01-02T07:30:00.0000000+01:00,,0.0,0.0,
2026-01-02T07:45:00.0000000+01:00,,0.0,2.6667,
2026-01-02T08:00:00.0000000+01:00,,0.0,10.6667,
2026-01-02T08:15:00.0000000+01:00,,0.0081,18.0,72.9167
2026-01-02T08:45:00.0000000+01:00,,0.0266,52.3333,
2026-01-02T15:15:00.0000000+01:00,,0.018,0.0,
2026-01-02T16:00:00.0000000+01:00,,0.0012,0.0,57.8125
2026-01-02T16:15:00.0000000+01:00,,0.0002,0.0,28.125
2026-01-02T16:30:00.0000000+01:00,,0.0,0.0,
2026-01-02T16:45:00.0000000+01:00,,0.0,0.0,
2026-01-02T17:00:00.0000000+01:00,,0.0,0.0,
2026-01-02T17:15:00.0000000+01:00,,0.0,0.0,
2026-01-02T17:30:00.0000000+01:00,,0.0,0.0,
2026-01-02T17:45:00.0000000+01:00,,0.0,0.0,
2026-01-02T18:00:00.0000000+01:00,,0.0,0.0,6.25
2026-01-02T18:15:00.0000000+01:00,,0.0,0.0,
2026-01-02T18:30:00.0000000+01:00,,0.0,0.0,
2026-01-02T18:45:00.0000000+01:00,,0.0,0.0,
2026-01-02T19:00:00.0000000+01:00,,0.0,0.0,
2026-01-02T19:15:00.0000000+01:00,,0.0,0.0,
2026-01-02T19:30:00.0000000+01:00,,0.0,0.0,
2026-01-02T19:45:00.0000000+01:00,,0.0,0.0,
2026-01-02T20:00:00.0000000+01:00,,0.0,0.0,
2026-01-02T20:15:00.0000000+01:00,,0.0,0.0,
2026-01-02T20:30:00.0000000+01:00,,0.0,0.0,
2026-01-02T20:45:00.0000000+01:00,,0.0,0.0,
2026-01-02T21:00:00.0000000+01:00,,0.0,0.0,
2026-01-02T21:15:00.0000000+01:00,,0.0,0.0,
2026-01-02T21:30:00.0000000+01:00,,0.0,0.0,
2026-01-02T21:45:00.0000000+01:00,,0.0,0.0,
2026-01-02T22:00:00.0000000+01:00,,0.0,0.0,
2026-01-02T22:15:00.0000000+01:00,,0.0,0.0,
2026-01-02T22:30:00.0000000+01:00,,0.0,0.0,
2026-01-02T22:45:00.0000000+01:00,,0.0,0.0,
2026-01-02T23:00:00.0000000+01:00,,0.0,0.0,
2026-01-02T23:15:00.0000000+01:00,,0.0,0.0,
2026-01-02T23:30:00.0000000+01:00,,0.0,0.0,
2026-01-02T23:45:00.0000000+01:00,,0.0,0.0,
2026-01-03T00:00:00.0000000+01:00,,0.0,0.0,
2026-01-03T00:15:00.0000000+01:00,,0.0,0.0,
2026-01-03T00:30:00.0000000+01:00,,0.0,0.0,
2026-01-03T00:45:00.0000000+01:00,,0.0,0.0,
2026-01-03T01:00:00.0000000+01:00,,0.0,0.0,
2026-01-03T01:15:00.0000000+01:00,,0.0,0.0,
2026-01-03T01:30:00.0000000+01:00,,0.0,0.0,
2026-01-03T01:45:00.0000000+01:00,,0.0,0.0,
2026-01-03T02:00:00.0000000+01:00,,0.0,0.0,
2026-01-03T02:15:00.0000000+01:00,,0.0,0.0,
2026-01-03T02:30:00.0000000+01:00,,0.0,0.0,
2026-01-03T02:45:00.0000000+01:00,,0.0,0.0,
2026-01-03T03:00:00.0000000+01:00,,0.0,0.0,
2026-01-03T03:15:00.0000000+01:00,,0.0,0.0,
2026-01-03T03:30:00.0000000+01:00,,0.0,0.0,
2026-01-03T03:45:00.0000000+01:00,,0.0,0.0,
2026-01-03T04:00:00.0000000+01:00,,0.0,0.0,
2026-01-03T04:15:00.0000000+01:00,,0.0,0.0,
2026-01-03T04:30:00.0000000+01:00,,0.0,0.0,
2026-01-03T04:45:00.0000000+01:00,,0.0,0.0,
2026-01-03T05:00:00.0000000+01:00,,0.0,0.0,
2026-01-03T05:15:00.0000000+01:00,,0.0,0.0,
2026-01-03T05:30:00.0000000+01:00,,0.0,0.0,
2026-01-03T05:45:00.0000000+01:00,,0.0,0.0,
2026-01-03T06:00:00.0000000+01:00,,0.0,0.0,
2026-01-03T06:15:00.0000000+01:00,,0.0,0.0,
2026-01-03T06:30:00.0000000+01:00,,0.0,0.0,
2026-01-03T06:45:00.0000000+01:00,,0.0,0.0,
2026-01-03T07:00:00.0000000+01:00,,0.0,0.0,
2026-01-03T07:15:00.0000000+01:00,,0.0,0.0,
2026-01-03T07:30:00.0000000+01:00,,0.0,0.0,
2026-01-03T07:45:00.0000000+01:00,,0.0,1.0,
2026-01-03T08:00:00.0000000+01:00,,0.0,4.0,15.625
2026-01-03T08:15:00.0000000+01:00,,0.0,12.3333,
2026-01-03T08:30:00.0000000+01:00,,0.0,15.3333,
2026-01-03T08:45:00.0000000+01:00,,0.0009,20.3333,42.1875
2026-01-03T09:00:00.0000000+01:00,,0.0084,13.3333,89.375
2026-01-03T09:45:00.0000000+01:00,,0.0464,28.3333,
2026-01-03T10:00:00.0000000+01:00,,0.0485,71.0,
2026-01-03T10:30:00.0000000+01:00,,0.0657,171.3333,
2026-01-03T15:45:00.0000000+01:00,,0.002,0.0,56.25
2026-01-03T16:00:00.0000000+01:00,,0.0011,0.0,36.25
2026-01-03T16:15:00.0000000+01:00,,0.0003,0.0,18.75
2026-01-03T16:30:00.0000000+01:00,,0.0,0.0,
2026-01-03T16:45:00.0000000+01:00,,0.0,0.0,
2026-01-03T17:00:00.0000000+01:00,,0.0,0.0,
2026-01-03T17:15:00.0000000+01:00,,0.0,0.0,
2026-01-03T17:30:00.0000000+01:00,,0.0,0.0,
2026-01-03T17:45:00.0000000+01:00,,0.0,0.0,0.0
2026-01-03T18:00:00.0000000+01:00,,0.0,0.0,
2026-01-03T18:15:00.0000000+01:00,,0.0,0.0,
2026-01-03T18:30:00.0000000+01:00,,0.0,0.0,
2026-01-03T18:45:00.0000000+01:00,,0.0,0.0,
2026-01-03T19:00:00.0000000+01:00,,0.0,0.0,
2026-01-03T19:15:00.0000000+01:00,,0.0,0.0,
2026-01-03T19:30:00.0000000+01:00,,0.0,0.0,
2026-01-03T19:45:00.0000000+01:00,,0.0,0.0,
2026-01-03T20:00:00.0000000+01:00,,0.0,0.0,
2026-01-03T20:15:00.0000000+01:00,,0.0,0.0,
2026-01-03T20:30:00.0000000+01:00,,0.0,0.0,
2026-01-03T20:45:00.0000000+01:00,,0.0,0.0,
2026-01-03T21:00:00.0000000+01:00,,0.0,0.0,
2026-01-03T21:15:00.0000000+01:00,,0.0,0.0,
2026-01-03T21:30:00.0000000+01:00,,0.0,0.0,
2026-01-03T21:45:00.0000000+01:00,,0.0,0.0,
2026-01-03T22:00:00.0000000+01:00,,0.0,0.0,
2026-01-03T22:15:00.0000000+01:00,,0.0,0.0,
2026-01-03T22:30:00.0000000+01:00,,0.0,0.0,
2026-01-03T22:45:00.0000000+01:00,,0.0,0.0,
2026-01-03T23:00:00.0000000+01:00,,0.0,0.0,
2026-01-03T23:15:00.0000000+01:00,,0.0,0.0,
2026-01-03T23:30:00.0000000+01:00,,0.0,0.0,
2026-01-03T23:45:00.0000000+01:00,,0.0,0.0,
2026-01-04T00:00:00.0000000+01:00,,0.0,0.0,
2026-01-04T00:15:00.0000000+01:00,,0.0,0.0,
2026-01-04T00:30:00.0000000+01:00,,0.0,0.0,
2026-01-04T00:45:00.0000000+01:00,,0.0,0.0,
2026-01-04T01:00:00.0000000+01:00,,0.0,0.0,
2026-01-04T01:15:00.0000000+01:00,,0.0,0.0,
2026-01-04T01:30:00.0000000+01:00,,0.0,0.0,
2026-01-04T01:45:00.0000000+01:00,,0.0,0.0,
2026-01-04T02:00:00.0000000+01:00,,0.0,0.0,
2026-01-04T02:15:00.0000000+01:00,,0.0,0.0,
2026-01-04T02:30:00.0000000+01:00,,0.0,0.0,
2026-01-04T02:45:00.0000000+01:00,,0.0,0.0,
2026-01-04T03:00:00.0000000+01:00,,0.0,0.0,
2026-01-04T03:15:00.0000000+01:00,,0.0,0.0,
2026-01-04T03:30:00.0000000+01:00,,0.0,0.0,
2026-01-04T03:45:00.0000000+01:00,,0.0,0.0,
2026-01-04T04:00:00.0000000+01:00,,0.0,0.0,
2026-01-04T04:15:00.0000000+01:00,,0.0,0.0,
2026-01-04T04:30:00.0000000+01:00,,0.0,0.0,
2026-01-04T04:45:00.0000000+01:00,,0.0,0.0,
2026-01-04T05:00:00.0000000+01:00,,0.0,0.0,
2026-01-04T05:15:00.0000000+01:00,,0.0,0.0,
2026-01-04T05:30:00.0000000+01:00,,0.0,0.0,
2026-01-04T05:45:00.0000000+01:00,,0.0,0.0,
2026-01-04T06:00:00.0000000+01:00,,0.0,,
2026-01-04T06:15:00.0000000+01:00,,0.0,,
2026-01-04T06:30:00.0000000+01:00,,0.0,,
2026-01-04T06:45:00.0000000+01:00,,0.0,,
2026-01-04T07:00:00.0000000+01:00,,0.0,,
2026-01-04T07:15:00.0000000+01:00,,0.0,,
2026-01-04T07:30:00.0000000+01:00,,0.0,,
2026-01-04T07:45:00.0000000+01:00,,0.0,,
2026-01-04T08:00:00.0000000+01:00,,0.0,,9.375
2026-01-04T08:15:00.0000000+01:00,,0.0,,
2026-01-04T08:30:00.0000000+01:00,,0.0,,
2026-01-04T08:45:00.0000000+01:00,,0.0,,
2026-01-04T09:00:00.0000000+01:00,,0.0038,,72.2656
2026-01-04T09:15:00.0000000+01:00,,0.01,,95.8333
2026-01-04T09:30:00.0000000+01:00,,0.0128,,100.0
2026-01-04T09:45:00.0000000+01:00,,0.0147,,
2026-01-04T10:00:00.0000000+01:00,,0.0156,,96.875
2026-01-04T10:15:00.0000000+01:00,,0.0161,,
2026-01-04T10:45:00.0000000+01:00,,0.0274,,
2026-01-04T11:30:00.0000000+01:00,,0.0286,,
2026-01-04T11:45:00.0000000+01:00,,0.028,,
2026-01-04T12:45:00.0000000+01:00,,0.0424,,
2026-01-04T14:30:00.0000000+01:00,,0.0194,,
2026-01-04T14:45:00.0000000+01:00,,0.0191,,
2026-01-04T15:15:00.0000000+01:00,,0.0078,,95.3125
2026-01-04T15:30:00.0000000+01:00,,0.0033,,73.2955
2026-01-04T15:45:00.0000000+01:00,,0.0014,,38.5417
2026-01-04T16:00:00.0000000+01:00,,0.001,,25.0
2026-01-04T16:15:00.0000000+01:00,,0.0,,12.5
2026-01-04T16:30:00.0000000+01:00,,0.0,,
2026-01-04T16:45:00.0000000+01:00,,0.0,,
2026-01-04T17:00:00.0000000+01:00,,0.0,,
2026-01-04T17:15:00.0000000+01:00,,0.0,,
2026-01-04T17:30:00.0000000+01:00,,0.0,,
2026-01-04T17:45:00.0000000+01:00,,0.0,,3.125
2026-01-04T18:00:00.0000000+01:00,,0.0,,
2026-01-04T18:15:00.0000000+01:00,,0.0,,
2026-01-04T18:30:00.0000000+01:00,,0.0,,
2026-01-04T18:45:00.0000000+01:00,,0.0,,
2026-01-04T19:00:00.0000000+01:00,,0.0,,
2026-01-04T19:15:00.0000000+01:00,,0.0,,
2026-01-04T19:30:00.0000000+01:00,,0.0,,
2026-01-04T19:45:00.0000000+01:00,,0.0,,
2026-01-04T20:00:00.0000000+01:00,,0.0,,
2026-01-04T20:15:00.0000000+01:00,,0.0,,
2026-01-04T20:30:00.0000000+01:00,,0.0,,
2026-01-04T20:45:00.0000000+01:00,,0.0,,
2026-01-04T21:00:00.0000000+01:00,,0.0,,
2026-01-04T21:15:00.0000000+01:00,,0.0,,
2026-01-04T21:30:00.0000000+01:00,,0.0,,
2026-01-04T21:45:00.0000000+01:00,,0.0,,
2026-01-04T22:00:00.0000000+01:00,,0.0,,
2026-01-04T22:15:00.0000000+01:00,,0.0,,
2026-01-04T22:30:00.0000000+01:00,,0.0,,
2026-01-04T22:45:00.0000000+01:00,,0.0,,
2026-01-04T23:00:00.0000000+01:00,,0.0,,
2026-01-04T23:15:00.0000000+01:00,,0.0,,
2026-01-04T23:30:00.0000000+01:00,,0.0,,
2026-01-04T23:45:00.0000000+01:00,,0.0,,
2026-01-05T00:00:00.0000000+01:00,,0.0,,
2026-01-05T00:15:00.0000000+01:00,,0.0,,
2026-01-05T00:30:00.0000000+01:00,,0.0,,
2026-01-05T00:45:00.0000000+01:00,,0.0,,
2026-01-05T01:00:00.0000000+01:00,,0.0,,
2026-01-05T01:15:00.0000000+01:00,,0.0,,
2026-01-05T01:30:00.0000000+01:00,,0.0,,
2026-01-05T01:45:00.0000000+01:00,,0.0,,
2026-01-05T02:00:00.0000000+01:00,,0.0,,
2026-01-05T02:15:00.0000000+01:00,,0.0,,
2026-01-05T02:30:00.0000000+01:00,,0.0,,
2026-01-05T02:45:00.0000000+01:00,,0.0,,
2026-01-05T03:00:00.0000000+01:00,,0.0,,
2026-01-05T03:15:00.0000000+01:00,,0.0,,
2026-01-05T03:30:00.0000000+01:00,,0.0,,
2026-01-05T03:45:00.0000000+01:00,,0.0,,
2026-01-05T04:00:00.0000000+01:00,,0.0,,
2026-01-05T04:15:00.0000000+01:00,,0.0,,
2026-01-05T04:30:00.0000000+01:00,,0.0,,
2026-01-05T04:45:00.0000000+01:00,,0.0,,
2026-01-05T05:00:00.0000000+01:00,,0.0,0.0,
2026-01-05T05:15:00.0000000+01:00,,0.0,,
2026-01-05T05:30:00.0000000+01:00,,0.0,,
2026-01-05T05:45:00.0000000+01:00,,0.0,,
2026-01-05T06:00:00.0000000+01:00,,0.0,0.0,
2026-01-05T06:15:00.0000000+01:00,,0.0,0.0,
2026-01-05T06:30:00.0000000+01:00,,0.0,0.0,
2026-01-05T06:45:00.0000000+01:00,,0.0,0.0,
2026-01-05T07:00:00.0000000+01:00,,0.0,0.0,
2026-01-05T07:15:00.0000000+01:00,,0.0,0.0,
2026-01-05T07:30:00.0000000+01:00,,0.0,0.0,
2026-01-05T07:45:00.0000000+01:00,,0.0,4.3333,
2026-01-05T08:00:00.0000000+01:00,,0.0,23.3333,9.375
2026-01-05T08:15:00.0000000+01:00,,0.0,77.6667,
2026-01-05T08:30:00.0000000+01:00,,0.0,174.3333,18.75
2026-01-05T08:45:00.0000000+01:00,,0.0089,240.6667,74.375
2026-01-05T09:00:00.0000000+01:00,,0.0127,281.0,96.875
2026-01-05T09:30:00.0000000+01:00,,0.0248,227.0,
2026-01-05T10:00:00.0000000+01:00,,0.0392,122.6667,
2026-01-05T10:45:00.0000000+01:00,,0.0562,144.3333,
2026-01-05T11:00:00.0000000+01:00,,0.06,176.0,
2026-01-05T11:30:00.0000000+01:00,,0.065,127.0,
2026-01-05T14:15:00.0000000+01:00,,0.0298,3.3333,
2026-01-05T14:30:00.0000000+01:00,,0.03,0.3333,
2026-01-05T15:00:00.0000000+01:00,,0.0128,0.0,
2026-01-05T15:30:00.0000000+01:00,,0.0023,0.0,64.2857
2026-01-05T15:45:00.0000000+01:00,,0.0013,0.0,40.625
2026-01-05T16:00:00.0000000+01:00,,0.0011,0.0,31.25
2026-01-05T16:15:00.0000000+01:00,,0.0001,0.0,15.625
2026-01-05T16:30:00.0000000+01:00,,0.0,0.0,
2026-01-05T16:45:00.0000000+01:00,,0.0,0.0,
2026-01-05T17:00:00.0000000+01:00,,0.0,0.0,
2026-01-05T17:15:00.0000000+01:00,,0.0,0.0,
2026-01-05T17:30:00.0000000+01:00,,0.0,0.0,
2026-01-05T17:45:00.0000000+01:00,,0.0,0.0,3.125
2026-01-05T18:00:00.0000000+01:00,,0.0,0.0,
2026-01-05T18:15:00.0000000+01:00,,0.0,0.0,
2026-01-05T18:30:00.0000000+01:00,,0.0,0.0,
2026-01-05T18:45:00.0000000+01:00,,0.0,0.0,
2026-01-05T19:00:00.0000000+01:00,,0.0,0.0,
2026-01-05T19:15:00.0000000+01:00,,0.0,0.0,
2026-01-05T19:30:00.0000000+01:00,,0.0,0.0,
2026-01-05T19:45:00.0000000+01:00,,0.0,0.0,
2026-01-05T20:00:00.0000000+01:00,,0.0,0.0,
2026-01-05T20:15:00.0000000+01:00,,0.0,0.0,
2026-01-05T20:30:00.0000000+01:00,,0.0,0.0,
2026-01-05T20:45:00.0000000+01:00,,0.0,0.0,
2026-01-05T21:00:00.0000000+01:00,,0.0,0.0,
2026-01-05T21:15:00.0000000+01:00,,0.0,0.0,
2026-01-05T21:30:00.0000000+01:00,,0.0,0.0,
2026-01-05T21:45:00.0000000+01:00,,0.0,0.0,
2026-01-05T22:00:00.0000000+01:00,,0.0,0.0,
2026-01-05T22:15:00.0000000+01:00,,0.0,0.0,
2026-01-05T22:30:00.0000000+01:00,,0.0,0.0,
2026-01-05T22:45:00.0000000+01:00,,0.0,0.0,
2026-01-05T23:00:00.0000000+01:00,,0.0,0.0,
2026-01-05T23:15:00.0000000+01:00,,0.0,0.0,
2026-01-05T23:30:00.0000000+01:00,,0.0,0.0,
2026-01-05T23:45:00.0000000+01:00,,0.0,0.0,
2026-01-06T00:00:00.0000000+01:00,,0.0,0.0,
2026-01-06T00:15:00.0000000+01:00,,0.0,0.0,
2026-01-06T00:30:00.0000000+01:00,,0.0,0.0,
2026-01-06T00:45:00.0000000+01:00,,0.0,0.0,
2026-01-06T01:00:00.0000000+01:00,,0.0,0.0,
2026-01-06T01:15:00.0000000+01:00,,0.0,0.0,
2026-01-06T01:30:00.0000000+01:00,,0.0,0.0,
2026-01-06T01:45:00.0000000+01:00,,0.0,0.0,
2026-01-06T02:00:00.0000000+01:00,,0.0,0.0,
2026-01-06T02:15:00.0000000+01:00,,0.0,0.0,
2026-01-06T02:30:00.0000000+01:00,,0.0,0.0,
2026-01-06T02:45:00.0000000+01:00,,0.0,0.0,
2026-01-06T03:00:00.0000000+01:00,,0.0,0.0,
2026-01-06T03:15:00.0000000+01:00,,0.0,0.0,
2026-01-06T03:30:00.0000000+01:00,,0.0,,
2026-01-06T03:45:00.0000000+01:00,,0.0,,
2026-01-06T04:00:00.0000000+01:00,,0.0,0.0,
2026-01-06T04:15:00.0000000+01:00,,0.0,0.0,
2026-01-06T04:30:00.0000000+01:00,,0.0,0.0,
2026-01-06T04:45:00.0000000+01:00,,0.0,0.0,
2026-01-06T05:00:00.0000000+01:00,,0.0,0.0,
2026-01-06T05:15:00.0000000+01:00,,0.0,0.0,
2026-01-06T05:30:00.0000000+01:00,,0.0,0.0,
2026-01-06T05:45:00.0000000+01:00,,0.0,0.0,
2026-01-06T06:00:00.0000000+01:00,,0.0,0.0,
2026-01-06T06:15:00.0000000+01:00,,0.0,0.0,
2026-01-06T06:30:00.0000000+01:00,,0.0,0.0,
2026-01-06T06:45:00.0000000+01:00,,0.0,0.0,
2026-01-06T07:00:00.0000000+01:00,,0.0,0.0,
2026-01-06T07:15:00.0000000+01:00,,0.0,0.0,
2026-01-06T07:30:00.0000000+01:00,,0.0,0.0,
2026-01-06T07:45:00.0000000+01:00,,0.0,3.3333,
2026-01-06T08:00:00.0000000+01:00,,0.0,12.6667,9.375
2026-01-06T08:15:00.0000000+01:00,,0.0,31.0,
2026-01-06T08:30:00.0000000+01:00,,0.0,125.0,
2026-01-06T08:45:00.0000000+01:00,,0.0,78.6667,
2026-01-06T09:00:00.0000000+01:00,,0.0029,57.6667,59.0909
2026-01-06T09:15:00.0000000+01:00,,0.0098,60.0,94.7917
2026-01-06T10:30:00.0000000+01:00,,0.0505,59.0,
2026-01-06T10:45:00.0000000+01:00,,0.056,65.0,
2026-01-06T11:15:00.0000000+01:00,,0.0646,73.0,
2026-01-06T12:00:00.0000000+01:00,,0.0643,61.6667,
2026-01-06T12:15:00.0000000+01:00,,0.0638,54.6667,
2026-01-06T12:30:00.0000000+01:00,,0.0628,49.3333,
2026-01-06T12:45:00.0000000+01:00,,0.0613,41.3333,
2026-01-06T13:00:00.0000000+01:00,,0.0588,37.0,
2026-01-06T13:30:00.0000000+01:00,,0.0519,30.6667,
2026-01-06T14:00:00.0000000+01:00,,0.0406,21.6667,
2026-01-06T14:45:00.0000000+01:00,,0.0142,0.0,96.875
2026-01-06T15:15:00.0000000+01:00,,0.0063,0.0,86.4583
2026-01-06T15:30:00.0000000+01:00,,0.003,0.0,65.625
2026-01-06T15:45:00.0000000+01:00,,0.0017,0.0,35.4167
2026-01-06T16:00:00.0000000+01:00,,0.001,0.0,20.5357
2026-01-06T16:15:00.0000000+01:00,,0.0002,0.0,3.125
2026-01-06T16:30:00.0000000+01:00,,0.0,0.0,
2026-01-06T16:45:00.0000000+01:00,,0.0,0.0,
2026-01-06T17:00:00.0000000+01:00,,0.0,0.0,
2026-01-06T17:15:00.0000000+01:00,,0.0,0.0,
2026-01-06T17:30:00.0000000+01:00,,0.0,0.0,
2026-01-06T17:45:00.0000000+01:00,,0.0,0.0,
2026-01-06T18:00:00.0000000+01:00,,0.0,0.0,
2026-01-06T18:15:00.0000000+01:00,,0.0,0.0,
2026-01-06T18:30:00.0000000+01:00,,0.0,0.0,
2026-01-06T18:45:00.0000000+01:00,,0.0,0.0,
2026-01-06T19:00:00.0000000+01:00,,0.0,0.0,
2026-01-06T19:15:00.0000000+01:00,,0.0,0.0,
2026-01-06T19:30:00.0000000+01:00,,0.0,0.0,
2026-01-06T19:45:00.0000000+01:00,,0.0,0.0,
2026-01-06T20:00:00.0000000+01:00,,0.0,0.0,
2026-01-06T20:15:00.0000000+01:00,,0.0,0.0,
2026-01-06T20:30:00.0000000+01:00,,0.0,0.0,
2026-01-06T20:45:00.0000000+01:00,,0.0,0.0,
2026-01-06T21:00:00.0000000+01:00,,0.0,0.0,
2026-01-06T21:15:00.0000000+01:00,,0.0,0.0,
2026-01-06T21:30:00.0000000+01:00,,0.0,0.0,
2026-01-06T21:45:00.0000000+01:00,,0.0,0.0,
2026-01-06T22:00:00.0000000+01:00,,0.0,0.0,
2026-01-06T22:15:00.0000000+01:00,,0.0,0.0,
2026-01-06T22:30:00.0000000+01:00,,0.0,0.0,
2026-01-06T22:45:00.0000000+01:00,,0.0,0.0,
2026-01-06T23:00:00.0000000+01:00,,0.0,0.0,
2026-01-06T23:15:00.0000000+01:00,,0.0,0.0,
2026-01-06T23:30:00.0000000+01:00,,0.0,0.0,
2026-01-06T23:45:00.0000000+01:00,,0.0,0.0,
2026-01-07T00:00:00.0000000+01:00,,0.0,0.0,
2026-01-07T00:15:00.0000000+01:00,,0.0,0.0,
2026-01-07T00:30:00.0000000+01:00,,0.0,0.0,
2026-01-07T00:45:00.0000000+01:00,,0.0,0.0,
2026-01-07T01:00:00.0000000+01:00,,0.0,0.0,
2026-01-07T01:15:00.0000000+01:00,,0.0,0.0,
2026-01-07T01:30:00.0000000+01:00,,0.0,0.0,
2026-01-07T01:45:00.0000000+01:00,,0.0,0.0,
2026-01-07T02:00:00.0000000+01:00,,0.0,0.0,
2026-01-07T02:15:00.0000000+01:00,,0.0,0.0,
2026-01-07T02:30:00.0000000+01:00,,0.0,0.0,
2026-01-07T02:45:00.0000000+01:00,,0.0,0.0,
2026-01-07T03:00:00.0000000+01:00,,0.0,0.0,
2026-01-07T03:15:00.0000000+01:00,,0.0,0.0,
2026-01-07T03:30:00.0000000+01:00,,0.0,,
2026-01-07T03:45:00.0000000+01:00,,0.0,,
2026-01-07T04:00:00.0000000+01:00,,0.0,0.0,
2026-01-07T04:15:00.0000000+01:00,,0.0,0.0,
2026-01-07T04:30:00.0000000+01:00,,0.0,0.0,
2026-01-07T04:45:00.0000000+01:00,,0.0,0.0,
2026-01-07T05:00:00.0000000+01:00,,0.0,0.0,
2026-01-07T05:15:00.0000000+01:00,,0.0,0.0,
2026-01-07T05:30:00.0000000+01:00,,0.0,0.0,
2026-01-07T05:45:00.0000000+01:00,,0.0,0.0,
2026-01-07T06:00:00.0000000+01:00,,0.0,0.0,
2026-01-07T06:15:00.0000000+01:00,,0.0,0.0,
2026-01-07T06:30:00.0000000+01:00,,0.0,0.0,
2026-01-07T06:45:00.0000000+01:00,,0.0,0.0,
2026-01-07T07:00:00.0000000+01:00,,0.0,0.0,
2026-01-07T07:15:00.0000000+01:00,,0.0,0.0,
2026-01-07T07:30:00.0000000+01:00,,0.0,0.0,
2026-01-07T07:45:00.0000000+01:00,,0.0,3.0,
2026-01-07T08:00:00.0000000+01:00,,0.0,11.6667,
2026-01-07T08:15:00.0000000+01:00,,0.0,17.0,
2026-01-07T08:30:00.0000000+01:00,,0.0,25.0,
2026-01-07T08:45:00.0000000+01:00,,0.0015,29.6667,52.3438
2026-01-07T09:00:00.0000000+01:00,,0.0124,27.3333,93.75
2026-01-07T09:15:00.0000000+01:00,,0.0155,22.0,
2026-01-07T09:45:00.0000000+01:00,,0.0329,16.6667,
2026-01-07T11:30:00.0000000+01:00,,0.0348,45.3333,
2026-01-07T14:45:00.0000000+01:00,,0.0185,0.0,
2026-01-07T15:15:00.0000000+01:00,,0.004,0.0,72.6562
2026-01-07T15:30:00.0000000+01:00,,0.0027,0.0,58.9844
2026-01-07T15:45:00.0000000+01:00,,0.0016,0.0,27.5
2026-01-07T16:00:00.0000000+01:00,,0.0011,0.0,18.75
2026-01-07T16:15:00.0000000+01:00,,0.0004,0.0,6.25
2026-01-07T16:30:00.0000000+01:00,,0.0,0.0,
2026-01-07T16:45:00.0000000+01:00,,0.0,0.0,
2026-01-07T17:00:00.0000000+01:00,,0.0,0.0,
2026-01-07T17:15:00.0000000+01:00,,0.0,0.0,
2026-01-07T17:30:00.0000000+01:00,,0.0,0.0,
2026-01-07T17:45:00.0000000+01:00,,0.0,0.0,
2026-01-07T18:00:00.0000000+01:00,,0.0,0.0,
2026-01-07T18:15:00.0000000+01:00,,0.0,0.0,
2026-01-07T18:30:00.0000000+01:00,,0.0,0.0,
2026-01-07T18:45:00.0000000+01:00,,0.0,0.0,
2026-01-07T19:00:00.0000000+01:00,,0.0,0.0,
2026-01-07T19:15:00.0000000+01:00,,0.0,0.0,
2026-01-07T19:30:00.0000000+01:00,,0.0,0.0,
2026-01-07T19:45:00.0000000+01:00,,0.0,0.0,
2026-01-07T20:00:00.0000000+01:00,,0.0,0.0,
2026-01-07T20:15:00.0000000+01:00,,0.0,0.0,
2026-01-07T20:30:00.0000000+01:00,,0.0,0.0,
2026-01-07T20:45:00.0000000+01:00,,0.0,0.0,
2026-01-07T21:00:00.0000000+01:00,,0.0,0.0,
2026-01-07T21:15:00.0000000+01:00,,0.0,0.0,
2026-01-07T21:30:00.0000000+01:00,,0.0,0.0,
2026-01-07T21:45:00.0000000+01:00,,0.0,0.0,
2026-01-07T22:00:00.0000000+01:00,,0.0,0.0,
2026-01-07T22:15:00.0000000+01:00,,0.0,0.0,
2026-01-07T22:30:00.0000000+01:00,,0.0,0.0,
2026-01-07T22:45:00.0000000+01:00,,0.0,0.0,
2026-01-07T23:00:00.0000000+01:00,,0.0,0.0,
2026-01-07T23:15:00.0000000+01:00,,0.0,0.0,
2026-01-07T23:30:00.0000000+01:00,,0.0,0.0,
2026-01-07T23:45:00.0000000+01:00,,0.0,0.0,
2026-01-08T00:00:00.0000000+01:00,,0.0,0.0,
2026-01-08T00:15:00.0000000+01:00,,0.0,0.0,
2026-01-08T00:30:00.0000000+01:00,,0.0,0.0,
2026-01-08T00:45:00.0000000+01:00,,0.0,0.0,
2026-01-08T01:00:00.0000000+01:00,,0.0,0.0,
2026-01-08T01:15:00.0000000+01:00,,0.0,0.0,
2026-01-08T01:30:00.0000000+01:00,,0.0,0.0,
2026-01-08T01:45:00.0000000+01:00,,0.0,0.0,
2026-01-08T02:00:00.0000000+01:00,,0.0,0.0,
2026-01-08T02:15:00.0000000+01:00,,0.0,0.0,
2026-01-08T02:30:00.0000000+01:00,,0.0,0.0,
2026-01-08T02:45:00.0000000+01:00,,0.0,0.0,
2026-01-08T03:00:00.0000000+01:00,,0.0,0.0,
2026-01-08T03:15:00.0000000+01:00,,0.0,0.0,
2026-01-08T03:30:00.0000000+01:00,,0.0,,
2026-01-08T03:45:00.0000000+01:00,,0.0,,
2026-01-08T04:00:00.0000000+01:00,,0.0,0.0,
2026-01-08T04:15:00.0000000+01:00,,0.0,0.0,
2026-01-08T04:30:00.0000000+01:00,,0.0,0.0,
2026-01-08T04:45:00.0000000+01:00,,0.0,0.0,
2026-01-08T05:00:00.0000000+01:00,,0.0,0.0,
2026-01-08T05:15:00.0000000+01:00,,0.0,0.0,
2026-01-08T05:30:00.0000000+01:00,,0.0,0.0,
2026-01-08T05:45:00.0000000+01:00,,0.0,0.0,
2026-01-08T06:00:00.0000000+01:00,,0.0,0.0,
2026-01-08T06:15:00.0000000+01:00,,0.0,0.0,
2026-01-08T06:30:00.0000000+01:00,,0.0,0.0,
2026-01-08T06:45:00.0000000+01:00,,0.0,0.0,
2026-01-08T07:00:00.0000000+01:00,,0.0,0.0,
2026-01-08T07:15:00.0000000+01:00,,0.0,0.0,
2026-01-08T07:30:00.0000000+01:00,,0.0,0.0,
2026-01-08T07:45:00.0000000+01:00,,0.0,3.6667,
2026-01-08T08:00:00.0000000+01:00,,0.0,12.0,
2026-01-08T08:15:00.0000000+01:00,,0.0,18.6667,
2026-01-08T08:30:00.0000000+01:00,,0.0029,22.3333,39.7727
2026-01-08T08:45:00.0000000+01:00,,0.0111,28.6667,89.5833
2026-01-08T09:30:00.0000000+01:00,,0.0344,30.3333,
2026-01-08T11:30:00.0000000+01:00,,0.0501,12.3333,
2026-01-08T14:45:00.0000000+01:00,,0.0361,0.0,
2026-01-08T15:15:00.0000000+01:00,,0.0111,0.0,96.875
2026-01-08T15:45:00.0000000+01:00,,0.0026,0.0,73.6607
2026-01-08T16:00:00.0000000+01:00,,0.0013,0.0,43.75
2026-01-08T16:15:00.0000000+01:00,,0.0006,0.0,28.125
2026-01-08T16:30:00.0000000+01:00,,0.0,0.0,
2026-01-08T16:45:00.0000000+01:00,,0.0,0.0,
2026-01-08T17:00:00.0000000+01:00,,0.0,0.0,
2026-01-08T17:15:00.0000000+01:00,,0.0,0.0,
2026-01-08T17:30:00.0000000+01:00,,0.0,0.0,
2026-01-08T17:45:00.0000000+01:00,,0.0,0.0,
2026-01-08T18:00:00.0000000+01:00,,0.0,0.0,6.25
2026-01-08T18:15:00.0000000+01:00,,0.0,0.0,
2026-01-08T18:30:00.0000000+01:00,,0.0,0.0,
2026-01-08T18:45:00.0000000+01:00,,0.0,0.0,
2026-01-08T19:00:00.0000000+01:00,,0.0,0.0,
2026-01-08T19:15:00.0000000+01:00,,0.0,0.0,
2026-01-08T19:30:00.0000000+01:00,,0.0,0.0,
2026-01-08T19:45:00.0000000+01:00,,0.0,0.0,
2026-01-08T20:00:00.0000000+01:00,,0.0,0.0,
2026-01-08T20:15:00.0000000+01:00,,0.0,0.0,
2026-01-08T20:30:00.0000000+01:00,,0.0,0.0,
2026-01-08T20:45:00.0000000+01:00,,0.0,0.0,
2026-01-08T21:00:00.0000000+01:00,,0.0,0.0,
2026-01-08T21:15:00.0000000+01:00,,0.0,0.0,
2026-01-08T21:30:00.0000000+01:00,,0.0,0.0,
2026-01-08T21:45:00.0000000+01:00,,0.0,0.0,
2026-01-08T22:00:00.0000000+01:00,,0.0,0.0,
2026-01-08T22:15:00.0000000+01:00,,0.0,0.0,
2026-01-08T22:30:00.0000000+01:00,,0.0,0.0,
2026-01-08T22:45:00.0000000+01:00,,0.0,0.0,
2026-01-08T23:00:00.0000000+01:00,,0.0,0.0,
2026-01-08T23:15:00.0000000+01:00,,0.0,0.0,
2026-01-08T23:30:00.0000000+01:00,,0.0,0.0,
2026-01-08T23:45:00.0000000+01:00,,0.0,0.0,
2026-01-09T00:00:00.0000000+01:00,,0.0,0.0,
2026-01-09T00:15:00.0000000+01:00,,0.0,0.0,
2026-01-09T00:30:00.0000000+01:00,,0.0,0.0,
2026-01-09T00:45:00.0000000+01:00,,0.0,0.0,
2026-01-09T01:00:00.0000000+01:00,,0.0,0.0,
2026-01-09T01:15:00.0000000+01:00,,0.0,0.0,
2026-01-09T01:30:00.0000000+01:00,,0.0,0.0,
2026-01-09T01:45:00.0000000+01:00,,0.0,0.0,
2026-01-09T02:00:00.0000000+01:00,,0.0,0.0,
2026-01-09T02:15:00.0000000+01:00,,0.0,0.0,
2026-01-09T02:30:00.0000000+01:00,,0.0,0.0,
2026-01-09T02:45:00.0000000+01:00,,0.0,0.0,
2026-01-09T03:00:00.0000000+01:00,,0.0,0.0,
2026-01-09T03:15:00.0000000+01:00,,0.0,0.0,
2026-01-09T03:30:00.0000000+01:00,,0.0,,
2026-01-09T03:45:00.0000000+01:00,,0.0,,
2026-01-09T04:00:00.0000000+01:00,,0.0,0.0,
2026-01-09T04:15:00.0000000+01:00,,0.0,0.0,
2026-01-09T04:30:00.0000000+01:00,,0.0,0.0,
2026-01-09T04:45:00.0000000+01:00,,0.0,0.0,
2026-01-09T05:00:00.0000000+01:00,,0.0,0.0,
2026-01-09T05:15:00.0000000+01:00,,0.0,0.0,
2026-01-09T05:30:00.0000000+01:00,,0.0,0.0,
2026-01-09T05:45:00.0000000+01:00,,0.0,0.0,
2026-01-09T06:00:00.0000000+01:00,,0.0,0.0,
2026-01-09T06:15:00.0000000+01:00,,0.0,0.0,
2026-01-09T06:30:00.0000000+01:00,,0.0,0.0,
2026-01-09T06:45:00.0000000+01:00,,0.0,0.0,
2026-01-09T07:00:00.0000000+01:00,,0.0,0.0,
2026-01-09T07:15:00.0000000+01:00,,0.0,0.0,
2026-01-09T07:30:00.0000000+01:00,,0.0,0.0,
2026-01-09T07:45:00.0000000+01:00,,0.0,3.6667,9.375
2026-01-09T08:00:00.0000000+01:00,,0.0,12.3333,18.75
2026-01-09T08:15:00.0000000+01:00,,0.0,27.3333,
2026-01-09T08:30:00.0000000+01:00,,0.0045,108.0,65.625
2026-01-09T09:15:00.0000000+01:00,,0.0301,123.6667,
2026-01-09T09:45:00.0000000+01:00,,0.0401,71.0,
2026-01-09T15:15:00.0000000+01:00,,0.012,0.0,96.875
2026-01-09T15:45:00.0000000+01:00,,0.0027,0.0,75.0
2026-01-09T16:00:00.0000000+01:00,,0.0014,0.0,50.0
2026-01-09T16:15:00.0000000+01:00,,0.0008,0.0,31.25
2026-01-09T16:30:00.0000000+01:00,,0.0,0.0,
2026-01-09T16:45:00.0000000+01:00,,0.0,0.0,
2026-01-09T17:00:00.0000000+01:00,,0.0,0.0,
2026-01-09T17:15:00.0000000+01:00,,0.0,0.0,
2026-01-09T17:30:00.0000000+01:00,,0.0,0.0,
2026-01-09T17:45:00.0000000+01:00,,0.0,0.0,
2026-01-09T18:00:00.0000000+01:00,,0.0,0.0,3.125
2026-01-09T18:15:00.0000000+01:00,,0.0,0.0,
2026-01-09T18:30:00.0000000+01:00,,0.0,0.0,
2026-01-09T18:45:00.0000000+01:00,,0.0,0.0,
2026-01-09T19:00:00.0000000+01:00,,0.0,0.0,
2026-01-09T19:15:00.0000000+01:00,,0.0,0.0,
2026-01-09T19:30:00.0000000+01:00,,0.0,0.0,
2026-01-09T19:45:00.0000000+01:00,,0.0,0.0,
2026-01-09T20:00:00.0000000+01:00,,0.0,0.0,
2026-01-09T20:15:00.0000000+01:00,,0.0,0.0,
2026-01-09T20:30:00.0000000+01:00,,0.0,0.0,
2026-01-09T20:45:00.0000000+01:00,,0.0,0.0,
2026-01-09T21:00:00.0000000+01:00,,0.0,0.0,
2026-01-09T21:15:00.0000000+01:00,,0.0,0.0,
2026-01-09T21:30:00.0000000+01:00,,0.0,0.0,
2026-01-09T21:45:00.0000000+01:00,,0.0,0.0,
2026-01-09T22:00:00.0000000+01:00,,0.0,0.0,
2026-01-09T22:15:00.0000000+01:00,,0.0,0.0,
2026-01-09T22:30:00.0000000+01:00,,0.0,0.0,
2026-01-09T22:45:00.0000000+01:00,,0.0,0.0,
2026-01-09T23:00:00.0000000+01:00,,0.0,0.0,
2026-01-09T23:15:00.0000000+01:00,,0.0,0.0,
2026-01-09T23:30:00.0000000+01:00,,0.0,0.0,
2026-01-09T23:45:00.0000000+01:00,,0.0,0.0,
2026-01-10T00:00:00.0000000+01:00,,0.0,0.0,
2026-01-10T00:15:00.0000000+01:00,,0.0,0.0,
2026-01-10T00:30:00.0000000+01:00,,0.0,0.0,
2026-01-10T00:45:00.0000000+01:00,,0.0,0.0,
2026-01-10T01:00:00.0000000+01:00,,0.0,0.0,
2026-01-10T01:15:00.0000000+01:00,,0.0,0.0,
2026-01-10T01:30:00.0000000+01:00,,0.0,0.0,
2026-01-10T01:45:00.0000000+01:00,,0.0,0.0,
2026-01-10T02:00:00.0000000+01:00,,0.0,0.0,
2026-01-10T02:15:00.0000000+01:00,,0.0,0.0,
2026-01-10T02:30:00.0000000+01:00,,0.0,0.0,
2026-01-10T02:45:00.0000000+01:00,,0.0,0.0,
2026-01-10T03:00:00.0000000+01:00,,0.0,0.0,
2026-01-10T03:15:00.0000000+01:00,,0.0,0.0,
2026-01-10T03:30:00.0000000+01:00,,0.0,,
2026-01-10T03:45:00.0000000+01:00,,0.0,,
2026-01-10T04:00:00.0000000+01:00,,0.0,0.0,
2026-01-10T04:15:00.0000000+01:00,,0.0,0.0,
2026-01-10T04:30:00.0000000+01:00,,0.0,0.0,
2026-01-10T04:45:00.0000000+01:00,,0.0,0.0,
2026-01-10T05:00:00.0000000+01:00,,0.0,0.0,
2026-01-10T05:15:00.0000000+01:00,,0.0,0.0,
2026-01-10T05:30:00.0000000+01:00,,0.0,0.0,
2026-01-10T05:45:00.0000000+01:00,,0.0,0.0,
2026-01-10T06:00:00.0000000+01:00,,0.0,0.0,
2026-01-10T06:15:00.0000000+01:00,,0.0,0.0,
2026-01-10T06:30:00.0000000+01:00,,0.0,0.0,
2026-01-10T06:45:00.0000000+01:00,,0.0,0.0,
2026-01-10T07:00:00.0000000+01:00,,0.0,0.0,
2026-01-10T07:15:00.0000000+01:00,,0.0,0.0,
2026-01-10T07:30:00.0000000+01:00,,0.0,0.0,
2026-01-10T07:45:00.0000000+01:00,,0.0,10.6667,15.625
2026-01-10T08:00:00.0000000+01:00,,0.0,48.6667,
2026-01-10T08:15:00.0000000+01:00,,0.0007,126.3333,40.625
2026-01-10T08:30:00.0000000+01:00,,0.0085,221.6667,85.4167
2026-01-10T12:00:00.0000000+01:00,,0.2626,443.0,
2026-01-10T12:30:00.0000000+01:00,,0.2732,406.3333,
2026-01-10T12:45:00.0000000+01:00,,0.2723,381.0,
2026-01-10T13:00:00.0000000+01:00,,0.2673,351.6667,
2026-01-10T15:45:00.0000000+01:00,,0.0062,0.0,91.4062
2026-01-10T16:00:00.0000000+01:00,,0.0023,0.0,65.625
2026-01-10T16:15:00.0000000+01:00,,0.0012,0.0,43.75
2026-01-10T16:30:00.0000000+01:00,,0.0004,0.0,28.125
2026-01-10T16:45:00.0000000+01:00,,0.0,0.0,
2026-01-10T17:00:00.0000000+01:00,,0.0,0.0,
2026-01-10T17:15:00.0000000+01:00,,0.0,0.0,
2026-01-10T17:30:00.0000000+01:00,,0.0,0.0,
2026-01-10T17:45:00.0000000+01:00,,0.0,0.0,
2026-01-10T18:00:00.0000000+01:00,,0.0,0.0,12.5
2026-01-10T18:15:00.0000000+01:00,,0.0,0.0,3.125
2026-01-10T18:30:00.0000000+01:00,,0.0,0.0,
2026-01-10T18:45:00.0000000+01:00,,0.0,0.0,
2026-01-10T19:00:00.0000000+01:00,,0.0,0.0,
2026-01-10T19:15:00.0000000+01:00,,0.0,0.0,
2026-01-10T19:30:00.0000000+01:00,,0.0,0.0,
2026-01-10T19:45:00.0000000+01:00,,0.0,0.0,
2026-01-10T20:00:00.0000000+01:00,,0.0,0.0,
2026-01-10T20:15:00.0000000+01:00,,0.0,0.0,
2026-01-10T20:30:00.0000000+01:00,,0.0,0.0,
2026-01-10T20:45:00.0000000+01:00,,0.0,0.0,
2026-01-10T21:00:00.0000000+01:00,,0.0,0.0,
2026-01-10T21:15:00.0000000+01:00,,0.0,0.0,
2026-01-10T21:30:00.0000000+01:00,,0.0,0.0,
2026-01-10T21:45:00.0000000+01:00,,0.0,0.0,
2026-01-10T22:00:00.0000000+01:00,,0.0,0.0,
2026-01-10T22:15:00.0000000+01:00,,0.0,0.0,
2026-01-10T22:30:00.0000000+01:00,,0.0,0.0,
2026-01-10T22:45:00.0000000+01:00,,0.0,0.0,
2026-01-10T23:00:00.0000000+01:00,,0.0,0.0,
2026-01-10T23:15:00.0000000+01:00,,0.0,0.0,
2026-01-10T23:30:00.0000000+01:00,,0.0,0.0,
2026-01-10T23:45:00.0000000+01:00,,0.0,0.0,
2026-01-11T00:00:00.0000000+01:00,,0.0,0.0,
2026-01-11T00:15:00.0000000+01:00,,0.0,0.0,
2026-01-11T00:30:00.0000000+01:00,,0.0,0.0,
2026-01-11T00:45:00.0000000+01:00,,0.0,0.0,
2026-01-11T01:00:00.0000000+01:00,,0.0,0.0,
2026-01-11T01:15:00.0000000+01:00,,0.0,0.0,
2026-01-11T01:30:00.0000000+01:00,,0.0,0.0,
2026-01-11T01:45:00.0000000+01:00,,0.0,0.0,
2026-01-11T02:00:00.0000000+01:00,,0.0,0.0,
2026-01-11T02:15:00.0000000+01:00,,0.0,0.0,
2026-01-11T02:30:00.0000000+01:00,,0.0,0.0,
2026-01-11T02:45:00.0000000+01:00,,0.0,0.0,
2026-01-11T03:00:00.0000000+01:00,,0.0,0.0,
2026-01-11T03:15:00.0000000+01:00,,0.0,0.0,
2026-01-11T03:30:00.0000000+01:00,,0.0,,
2026-01-11T03:45:00.0000000+01:00,,0.0,,
2026-01-11T04:00:00.0000000+01:00,,0.0,0.0,
2026-01-11T04:15:00.0000000+01:00,,0.0,0.0,
2026-01-11T04:30:00.0000000+01:00,,0.0,0.0,
2026-01-11T04:45:00.0000000+01:00,,0.0,0.0,
2026-01-11T05:00:00.0000000+01:00,,0.0,0.0,
2026-01-11T05:15:00.0000000+01:00,,0.0,0.0,
2026-01-11T05:30:00.0000000+01:00,,0.0,0.0,
2026-01-11T05:45:00.0000000+01:00,,0.0,0.0,
2026-01-11T06:00:00.0000000+01:00,,0.0,0.0,
2026-01-11T06:15:00.0000000+01:00,,0.0,0.0,
2026-01-11T06:30:00.0000000+01:00,,0.0,0.0,
2026-01-11T06:45:00.0000000+01:00,,0.0,0.0,
2026-01-11T07:00:00.0000000+01:00,,0.0,0.0,
2026-01-11T07:15:00.0000000+01:00,,0.0,0.0,
2026-01-11T07:30:00.0000000+01:00,,0.0,0.0,
2026-01-11T07:45:00.0000000+01:00,,0.0,6.3333,12.5
2026-01-11T08:00:00.0000000+01:00,,0.0,18.3333,
2026-01-11T08:15:00.0000000+01:00,,0.0017,53.3333,56.25
2026-01-11T12:15:00.0000000+01:00,,0.4086,426.0,
2026-01-11T12:45:00.0000000+01:00,,0.4118,381.0,
2026-01-11T16:00:00.0000000+01:00,,0.0023,0.0,62.5
2026-01-11T16:15:00.0000000+01:00,,0.0012,0.0,40.625
2026-01-11T16:30:00.0000000+01:00,,0.0003,0.0,25.0
2026-01-11T16:45:00.0000000+01:00,,0.0,0.0,
2026-01-11T17:00:00.0000000+01:00,,0.0,0.0,
2026-01-11T17:15:00.0000000+01:00,,0.0,0.0,
2026-01-11T17:30:00.0000000+01:00,,0.0,0.0,
2026-01-11T17:45:00.0000000+01:00,,0.0,0.0,
2026-01-11T18:00:00.0000000+01:00,,0.0,0.0,12.5
2026-01-11T18:15:00.0000000+01:00,,0.0,0.0,0.0
2026-01-11T18:30:00.0000000+01:00,,0.0,0.0,
2026-01-11T18:45:00.0000000+01:00,,0.0,0.0,
2026-01-11T19:00:00.0000000+01:00,,0.0,0.0,
2026-01-11T19:15:00.0000000+01:00,,0.0,0.0,
2026-01-11T19:30:00.0000000+01:00,,0.0,0.0,
2026-01-11T19:45:00.0000000+01:00,,0.0,0.0,
2026-01-11T20:00:00.0000000+01:00,,0.0,0.0,
2026-01-11T20:15:00.0000000+01:00,,0.0,0.0,
2026-01-11T20:30:00.0000000+01:00,,0.0,0.0,
2026-01-11T20:45:00.0000000+01:00,,0.0,0.0,
2026-01-11T21:00:00.0000000+01:00,,0.0,0.0,
2026-01-11T21:15:00.0000000+01:00,,0.0,0.0,
2026-01-11T21:30:00.0000000+01:00,,0.0,0.0,
2026-01-11T21:45:00.0000000+01:00,,0.0,0.0,
2026-01-11T22:00:00.0000000+01:00,,0.0,0.0,
2026-01-11T22:15:00.0000000+01:00,,0.0,0.0,
2026-01-11T22:30:00.0000000+01:00,,0.0,0.0,
2026-01-11T22:45:00.0000000+01:00,,0.0,0.0,
2026-01-11T23:00:00.0000000+01:00,,0.0,0.0,
2026-01-11T23:15:00.0000000+01:00,,0.0,0.0,
2026-01-11T23:30:00.0000000+01:00,,0.0,0.0,
2026-01-11T23:45:00.0000000+01:00,,0.0,0.0,
2026-01-12T00:00:00.0000000+01:00,,0.0,0.0,
2026-01-12T00:15:00.0000000+01:00,,0.0,0.0,
2026-01-12T00:30:00.0000000+01:00,,0.0,0.0,
2026-01-12T00:45:00.0000000+01:00,,0.0,0.0,
2026-01-12T01:00:00.0000000+01:00,,0.0,0.0,
2026-01-12T01:15:00.0000000+01:00,,0.0,0.0,
2026-01-12T01:30:00.0000000+01:00,,0.0,0.0,
2026-01-12T01:45:00.0000000+01:00,,0.0,0.0,
2026-01-12T02:00:00.0000000+01:00,,0.0,0.0,
2026-01-12T02:15:00.0000000+01:00,,0.0,0.0,
2026-01-12T02:30:00.0000000+01:00,,0.0,0.0,
2026-01-12T02:45:00.0000000+01:00,,0.0,0.0,
2026-01-12T03:00:00.0000000+01:00,,0.0,0.0,
2026-01-12T03:15:00.0000000+01:00,,0.0,0.0,
2026-01-12T03:30:00.0000000+01:00,,0.0,,
2026-01-12T03:45:00.0000000+01:00,,0.0,,
2026-01-12T04:00:00.0000000+01:00,,0.0,0.0,
2026-01-12T04:15:00.0000000+01:00,,0.0,0.0,
2026-01-12T04:30:00.0000000+01:00,,0.0,0.0,
2026-01-12T04:45:00.0000000+01:00,,0.0,0.0,
2026-01-12T05:00:00.0000000+01:00,,0.0,0.0,
2026-01-12T05:15:00.0000000+01:00,,0.0,0.0,
2026-01-12T05:30:00.0000000+01:00,,0.0,0.0,
2026-01-12T05:45:00.0000000+01:00,,0.0,0.0,
2026-01-12T06:00:00.0000000+01:00,,0.0,0.0,
2026-01-12T06:15:00.0000000+01:00,,0.0,0.0,
2026-01-12T06:30:00.0000000+01:00,,0.0,0.0,
2026-01-12T06:45:00.0000000+01:00,,0.0,0.0,
2026-01-12T07:00:00.0000000+01:00,,0.0,0.0,
2026-01-12T07:15:00.0000000+01:00,,0.0,0.0,
2026-01-12T07:30:00.0000000+01:00,,0.0,0.3333,6.25
2026-01-12T07:45:00.0000000+01:00,,0.0,7.3333,15.625
2026-01-12T08:00:00.0000000+01:00,,0.001,18.6667,35.9375
2026-01-12T08:15:00.0000000+01:00,,0.01,27.0,83.125
2026-01-12T12:30:00.0000000+01:00,,0.1796,52.6667,
2026-01-12T14:00:00.0000000+01:00,,0.1099,5.0,
2026-01-12T15:45:00.0000000+01:00,,0.0028,0.0,58.3333
2026-01-12T16:00:00.0000000+01:00,,0.0014,0.0,28.125
2026-01-12T16:15:00.0000000+01:00,,0.0009,0.0,9.375
2026-01-12T16:30:00.0000000+01:00,,0.0,0.0,
2026-01-12T16:45:00.0000000+01:00,,0.0,0.0,
2026-01-12T17:00:00.0000000+01:00,,0.0,0.0,
2026-01-12T17:15:00.0000000+01:00,,0.0,0.0,
2026-01-12T17:30:00.0000000+01:00,,0.0,0.0,
2026-01-12T17:45:00.0000000+01:00,,0.0,0.0,
2026-01-12T18:00:00.0000000+01:00,,0.0,0.0,
2026-01-12T18:15:00.0000000+01:00,,0.0,0.0,
2026-01-12T18:30:00.0000000+01:00,,0.0,0.0,
2026-01-12T18:45:00.0000000+01:00,,0.0,0.0,
2026-01-12T19:00:00.0000000+01:00,,0.0,0.0,
2026-01-12T19:15:00.0000000+01:00,,0.0,0.0,
2026-01-12T19:30:00.0000000+01:00,,0.0,0.0,
2026-01-12T19:45:00.0000000+01:00,,0.0,0.0,
2026-01-12T20:00:00.0000000+01:00,,0.0,0.0,
2026-01-12T20:15:00.0000000+01:00,,0.0,0.0,
2026-01-12T20:30:00.0000000+01:00,,0.0,0.0,
2026-01-12T20:45:00.0000000+01:00,,0.0,0.0,
2026-01-12T21:00:00.0000000+01:00,,0.0,0.0,
2026-01-12T21:15:00.0000000+01:00,,0.0,0.0,
2026-01-12T21:30:00.0000000+01:00,,0.0,0.0,
2026-01-12T21:45:00.0000000+01:00,,0.0,0.0,
2026-01-12T22:00:00.0000000+01:00,,0.0,0.0,
2026-01-12T22:15:00.0000000+01:00,,0.0,0.0,
2026-01-12T22:30:00.0000000+01:00,,0.0,0.0,
2026-01-12T22:45:00.0000000+01:00,,0.0,0.0,
2026-01-12T23:00:00.0000000+01:00,,0.0,0.0,
2026-01-12T23:15:00.0000000+01:00,,0.0,0.0,
2026-01-12T23:30:00.0000000+01:00,,0.0,0.0,
2026-01-12T23:45:00.0000000+01:00,,0.0,0.0,
2026-01-13T00:00:00.0000000+01:00,,0.0,0.0,
2026-01-13T00:15:00.0000000+01:00,,0.0,0.0,
2026-01-13T00:30:00.0000000+01:00,,0.0,0.0,
2026-01-13T00:45:00.0000000+01:00,,0.0,0.0,
2026-01-13T01:00:00.0000000+01:00,,0.0,0.0,
2026-01-13T01:15:00.0000000+01:00,,0.0,0.0,
2026-01-13T01:30:00.0000000+01:00,,0.0,0.0,
2026-01-13T01:45:00.0000000+01:00,,0.0,0.0,
2026-01-13T02:00:00.0000000+01:00,,0.0,0.0,
2026-01-13T02:15:00.0000000+01:00,,0.0,0.0,
2026-01-13T02:30:00.0000000+01:00,,0.0,0.0,
2026-01-13T02:45:00.0000000+01:00,,0.0,0.0,
2026-01-13T03:00:00.0000000+01:00,,0.0,0.0,
2026-01-13T03:15:00.0000000+01:00,,0.0,0.0,
2026-01-13T03:30:00.0000000+01:00,,0.0,,
2026-01-13T03:45:00.0000000+01:00,,0.0,,
2026-01-13T04:00:00.0000000+01:00,,0.0,0.0,
2026-01-13T04:15:00.0000000+01:00,,0.0,0.0,
2026-01-13T04:30:00.0000000+01:00,,0.0,0.0,
2026-01-13T04:45:00.0000000+01:00,,0.0,0.0,
2026-01-13T05:00:00.0000000+01:00,,0.0,0.0,
2026-01-13T05:15:00.0000000+01:00,,0.0,0.0,
2026-01-13T05:30:00.0000000+01:00,,0.0,0.0,
2026-01-13T05:45:00.0000000+01:00,,0.0,0.0,
2026-01-13T06:00:00.0000000+01:00,,0.0,0.0,
2026-01-13T06:15:00.0000000+01:00,,0.0,0.0,
2026-01-13T06:30:00.0000000+01:00,,0.0,0.0,
2026-01-13T06:45:00.0000000+01:00,,0.0,0.0,
2026-01-13T07:00:00.0000000+01:00,,0.0,0.0,
2026-01-13T07:15:00.0000000+01:00,,0.0,0.0,
2026-01-13T07:30:00.0000000+01:00,,0.0,0.3333,
2026-01-13T07:45:00.0000000+01:00,,0.0,6.0,
2026-01-13T08:00:00.0000000+01:00,,0.0,15.6667,
2026-01-13T08:15:00.0000000+01:00,,0.0,18.6667,
2026-01-13T08:30:00.0000000+01:00,,0.0076,24.6667,52.6786
2026-01-13T09:15:00.0000000+01:00,,0.0355,37.3333,
2026-01-13T12:00:00.0000000+01:00,,0.0436,21.6667,
2026-01-13T12:15:00.0000000+01:00,,0.0468,23.6667,
2026-01-13T13:45:00.0000000+01:00,,0.04,5.0,
2026-01-13T14:30:00.0000000+01:00,,0.021,2.3333,
2026-01-13T14:45:00.0000000+01:00,,0.0169,0.0,
2026-01-13T15:15:00.0000000+01:00,,0.0083,0.0,96.25
2026-01-13T15:30:00.0000000+01:00,,0.0049,0.0,91.875
2026-01-13T16:00:00.0000000+01:00,,0.0016,0.0,48.9583
2026-01-13T16:15:00.0000000+01:00,,0.001,0.0,15.625
2026-01-13T16:30:00.0000000+01:00,,0.0,0.0,
2026-01-13T16:45:00.0000000+01:00,,0.0,0.0,
2026-01-13T17:00:00.0000000+01:00,,0.0,0.0,
2026-01-13T17:15:00.0000000+01:00,,0.0,0.0,
2026-01-13T17:30:00.0000000+01:00,,0.0,0.0,
2026-01-13T17:45:00.0000000+01:00,,0.0,0.0,
2026-01-13T18:00:00.0000000+01:00,,0.0,0.0,3.125
2026-01-13T18:15:00.0000000+01:00,,0.0,0.0,
2026-01-13T18:30:00.0000000+01:00,,0.0,0.0,
2026-01-13T18:45:00.0000000+01:00,,0.0,0.0,
2026-01-13T19:00:00.0000000+01:00,,0.0,0.0,
2026-01-13T19:15:00.0000000+01:00,,0.0,0.0,
2026-01-13T19:30:00.0000000+01:00,,0.0,0.0,
2026-01-13T19:45:00.0000000+01:00,,0.0,0.0,
2026-01-13T20:00:00.0000000+01:00,,0.0,0.0,
2026-01-13T20:15:00.0000000+01:00,,0.0,0.0,
2026-01-13T20:30:00.0000000+01:00,,0.0,0.0,
2026-01-13T20:45:00.0000000+01:00,,0.0,0.0,
2026-01-13T21:00:00.0000000+01:00,,0.0,0.0,
2026-01-13T21:15:00.0000000+01:00,,0.0,0.0,
2026-01-13T21:30:00.0000000+01:00,,0.0,0.0,
2026-01-13T21:45:00.0000000+01:00,,0.0,0.0,
2026-01-13T22:00:00.0000000+01:00,,0.0,0.0,
2026-01-13T22:15:00.0000000+01:00,,0.0,0.0,
2026-01-13T22:30:00.0000000+01:00,,0.0,0.0,
2026-01-13T22:45:00.0000000+01:00,,0.0,0.0,
2026-01-13T23:00:00.0000000+01:00,,0.0,0.0,
2026-01-13T23:15:00.0000000+01:00,,0.0,0.0,
2026-01-13T23:30:00.0000000+01:00,,0.0,0.0,
2026-01-13T23:45:00.0000000+01:00,,0.0,0.0,
2026-01-14T00:00:00.0000000+01:00,,0.0,0.0,
2026-01-14T00:15:00.0000000+01:00,,0.0,0.0,
2026-01-14T00:30:00.0000000+01:00,,0.0,0.0,
2026-01-14T00:45:00.0000000+01:00,,0.0,0.0,
2026-01-14T01:00:00.0000000+01:00,,0.0,0.0,
2026-01-14T01:15:00.0000000+01:00,,0.0,0.0,
2026-01-14T01:30:00.0000000+01:00,,0.0,0.0,
2026-01-14T01:45:00.0000000+01:00,,0.0,0.0,
2026-01-14T02:00:00.0000000+01:00,,0.0,0.0,
2026-01-14T02:15:00.0000000+01:00,,0.0,0.0,
2026-01-14T02:30:00.0000000+01:00,,0.0,0.0,
2026-01-14T02:45:00.0000000+01:00,,0.0,0.0,
2026-01-14T03:00:00.0000000+01:00,,0.0,0.0,
2026-01-14T03:15:00.0000000+01:00,,0.0,0.0,
2026-01-14T03:30:00.0000000+01:00,,0.0,,
2026-01-14T03:45:00.0000000+01:00,,0.0,,
2026-01-14T04:00:00.0000000+01:00,,0.0,0.0,
2026-01-14T04:15:00.0000000+01:00,,0.0,0.0,
2026-01-14T04:30:00.0000000+01:00,,0.0,0.0,
2026-01-14T04:45:00.0000000+01:00,,0.0,0.0,
2026-01-14T05:00:00.0000000+01:00,,0.0,0.0,
2026-01-14T05:15:00.0000000+01:00,,0.0,0.0,
2026-01-14T05:30:00.0000000+01:00,,0.0,0.0,
2026-01-14T05:45:00.0000000+01:00,,0.0,0.0,
2026-01-14T06:00:00.0000000+01:00,,0.0,0.0,
2026-01-14T06:15:00.0000000+01:00,,0.0,0.0,
2026-01-14T06:30:00.0000000+01:00,,0.0,0.0,
2026-01-14T06:45:00.0000000+01:00,,0.0,0.0,
2026-01-14T07:00:00.0000000+01:00,,0.0,0.0,
2026-01-14T07:15:00.0000000+01:00,,0.0,0.0,
2026-01-14T07:30:00.0000000+01:00,,0.0,0.0,
2026-01-14T07:45:00.0000000+01:00,,0.0,1.3333,
2026-01-14T08:00:00.0000000+01:00,,0.0,4.3333,9.375
2026-01-14T08:15:00.0000000+01:00,,0.0,10.3333,
2026-01-14T08:30:00.0000000+01:00,,0.0017,13.3333,53.75
2026-01-14T09:00:00.0000000+01:00,,0.0201,10.0,
2026-01-14T10:30:00.0000000+01:00,,0.1209,20.3333,
2026-01-14T16:30:00.0000000+01:00,,0.0008,0.0,23.9583
2026-01-14T16:45:00.0000000+01:00,,0.0,0.0,
2026-01-14T17:00:00.0000000+01:00,,0.0,0.0,
2026-01-14T17:15:00.0000000+01:00,,0.0,0.0,
2026-01-14T17:30:00.0000000+01:00,,0.0,0.0,
2026-01-14T17:45:00.0000000+01:00,,0.0,0.0,
2026-01-14T18:00:00.0000000+01:00,,0.0,0.0,
2026-01-14T18:15:00.0000000+01:00,,0.0,0.0,0.0
2026-01-14T18:30:00.0000000+01:00,,0.0,0.0,
2026-01-14T18:45:00.0000000+01:00,,0.0,0.0,
2026-01-14T19:00:00.0000000+01:00,,0.0,0.0,
2026-01-14T19:15:00.0000000+01:00,,0.0,0.0,
2026-01-14T19:30:00.0000000+01:00,,0.0,0.0,
2026-01-14T19:45:00.0000000+01:00,,0.0,0.0,
2026-01-14T20:00:00.0000000+01:00,,0.0,0.0,
2026-01-14T20:15:00.0000000+01:00,,0.0,0.0,
2026-01-14T20:30:00.0000000+01:00,,0.0,0.0,
2026-01-14T20:45:00.0000000+01:00,,0.0,0.0,
2026-01-14T21:00:00.0000000+01:00,,0.0,0.0,
2026-01-14T21:15:00.0000000+01:00,,0.0,0.0,
2026-01-14T21:30:00.0000000+01:00,,0.0,0.0,
2026-01-14T21:45:00.0000000+01:00,,0.0,0.0,
2026-01-14T22:00:00.0000000+01:00,,0.0,0.0,
2026-01-14T22:15:00.0000000+01:00,,0.0,0.0,
2026-01-14T22:30:00.0000000+01:00,,0.0,0.0,
2026-01-14T22:45:00.0000000+01:00,,0.0,0.0,
2026-01-14T23:00:00.0000000+01:00,,0.0,0.0,
2026-01-14T23:15:00.0000000+01:00,,0.0,0.0,
2026-01-14T23:30:00.0000000+01:00,,0.0,0.0,
2026-01-14T23:45:00.0000000+01:00,,0.0,0.0,
2026-01-15T00:00:00.0000000+01:00,,0.0,0.0,
2026-01-15T00:15:00.0000000+01:00,,0.0,0.0,
2026-01-15T00:30:00.0000000+01:00,,0.0,0.0,
2026-01-15T00:45:00.0000000+01:00,,0.0,0.0,
2026-01-15T01:00:00.0000000+01:00,,0.0,0.0,
2026-01-15T01:15:00.0000000+01:00,,0.0,0.0,
2026-01-15T01:30:00.0000000+01:00,,0.0,0.0,
2026-01-15T01:45:00.0000000+01:00,,0.0,0.0,
2026-01-15T02:00:00.0000000+01:00,,0.0,0.0,
2026-01-15T02:15:00.0000000+01:00,,0.0,0.0,
2026-01-15T02:30:00.0000000+01:00,,0.0,0.0,
2026-01-15T02:45:00.0000000+01:00,,0.0,0.0,
2026-01-15T03:00:00.0000000+01:00,,0.0,0.0,
2026-01-15T03:15:00.0000000+01:00,,0.0,0.0,
2026-01-15T03:30:00.0000000+01:00,,0.0,,
2026-01-15T03:45:00.0000000+01:00,,0.0,,
2026-01-15T04:00:00.0000000+01:00,,0.0,0.0,
2026-01-15T04:15:00.0000000+01:00,,0.0,0.0,
2026-01-15T04:30:00.0000000+01:00,,0.0,0.0,
2026-01-15T04:45:00.0000000+01:00,,0.0,0.0,
2026-01-15T05:00:00.0000000+01:00,,0.0,0.0,
2026-01-15T05:15:00.0000000+01:00,,0.0,0.0,
2026-01-15T05:30:00.0000000+01:00,,0.0,0.0,
2026-01-15T05:45:00.0000000+01:00,,0.0,0.0,
2026-01-15T06:00:00.0000000+01:00,,0.0,0.0,
2026-01-15T06:15:00.0000000+01:00,,0.0,0.0,
2026-01-15T06:30:00.0000000+01:00,,0.0,0.0,
2026-01-15T06:45:00.0000000+01:00,,0.0,0.0,
2026-01-15T07:00:00.0000000+01:00,,0.0,0.0,
2026-01-15T07:15:00.0000000+01:00,,0.0,0.0,
2026-01-15T07:30:00.0000000+01:00,,0.0,0.3333,6.25
2026-01-15T07:45:00.0000000+01:00,,0.0,4.3333,
2026-01-15T08:00:00.0000000+01:00,,0.0,13.6667,
2026-01-15T08:15:00.0000000+01:00,,0.0075,12.0,67.6136
2026-01-15T16:15:00.0000000+01:00,,0.0012,0.0,38.8889
2026-01-15T16:30:00.0000000+01:00,,0.0003,0.0,14.5833
2026-01-15T16:45:00.0000000+01:00,,0.0,0.0,
2026-01-15T17:00:00.0000000+01:00,,0.0,0.0,
2026-01-15T17:15:00.0000000+01:00,,0.0,0.0,
2026-01-15T17:30:00.0000000+01:00,,0.0,0.0,
2026-01-15T17:45:00.0000000+01:00,,0.0,0.0,
2026-01-15T18:00:00.0000000+01:00,,0.0,0.0,
2026-01-15T18:15:00.0000000+01:00,,0.0,0.0,0.0
2026-01-15T18:30:00.0000000+01:00,,0.0,0.0,
2026-01-15T18:45:00.0000000+01:00,,0.0,0.0,
2026-01-15T19:00:00.0000000+01:00,,0.0,0.0,
2026-01-15T19:15:00.0000000+01:00,,0.0,0.0,
2026-01-15T19:30:00.0000000+01:00,,0.0,0.0,
2026-01-15T19:45:00.0000000+01:00,,0.0,0.0,
2026-01-15T20:00:00.0000000+01:00,,0.0,0.0,
2026-01-15T20:15:00.0000000+01:00,,0.0,0.0,
2026-01-15T20:30:00.0000000+01:00,,0.0,0.0,
2026-01-15T20:45:00.0000000+01:00,,0.0,0.0,
2026-01-15T21:00:00.0000000+01:00,,0.0,0.0,
2026-01-15T21:15:00.0000000+01:00,,0.0,0.0,
2026-01-15T21:30:00.0000000+01:00,,0.0,0.0,
2026-01-15T21:45:00.0000000+01:00,,0.0,0.0,
2026-01-15T22:00:00.0000000+01:00,,0.0,0.0,
2026-01-15T22:15:00.0000000+01:00,,0.0,0.0,
2026-01-15T22:30:00.0000000+01:00,,0.0,0.0,
2026-01-15T22:45:00.0000000+01:00,,0.0,0.0,
2026-01-15T23:00:00.0000000+01:00,,0.0,0.0,
2026-01-15T23:15:00.0000000+01:00,,0.0,0.0,
2026-01-15T23:30:00.0000000+01:00,,0.0,0.0,
2026-01-15T23:45:00.0000000+01:00,,0.0,0.0,
2026-01-16T00:00:00.0000000+01:00,,0.0,0.0,
2026-01-16T00:15:00.0000000+01:00,,0.0,0.0,
2026-01-16T00:30:00.0000000+01:00,,0.0,0.0,
2026-01-16T00:45:00.0000000+01:00,,0.0,0.0,
2026-01-16T01:00:00.0000000+01:00,,0.0,0.0,
2026-01-16T01:15:00.0000000+01:00,,0.0,0.0,
2026-01-16T01:30:00.0000000+01:00,,0.0,0.0,
2026-01-16T01:45:00.0000000+01:00,,0.0,0.0,
2026-01-16T02:00:00.0000000+01:00,,0.0,0.0,
2026-01-16T02:15:00.0000000+01:00,,0.0,0.0,
2026-01-16T02:30:00.0000000+01:00,,0.0,0.0,
2026-01-16T02:45:00.0000000+01:00,,0.0,0.0,
2026-01-16T03:00:00.0000000+01:00,,0.0,0.0,
2026-01-16T03:15:00.0000000+01:00,,0.0,0.0,
2026-01-16T03:30:00.0000000+01:00,,0.0,,
2026-01-16T03:45:00.0000000+01:00,,0.0,,
2026-01-16T04:00:00.0000000+01:00,,0.0,0.0,
2026-01-16T04:15:00.0000000+01:00,,0.0,0.0,
2026-01-16T04:30:00.0000000+01:00,,0.0,0.0,
2026-01-16T04:45:00.0000000+01:00,,0.0,0.0,
2026-01-16T05:00:00.0000000+01:00,,0.0,0.0,
2026-01-16T05:15:00.0000000+01:00,,0.0,0.0,
2026-01-16T05:30:00.0000000+01:00,,0.0,0.0,
2026-01-16T05:45:00.0000000+01:00,,0.0,0.0,
2026-01-16T06:00:00.0000000+01:00,,0.0,0.0,
2026-01-16T06:15:00.0000000+01:00,,0.0,0.0,
2026-01-16T06:30:00.0000000+01:00,,0.0,0.0,
2026-01-16T06:45:00.0000000+01:00,,0.0,0.0,
2026-01-16T07:00:00.0000000+01:00,,0.0,0.0,
2026-01-16T07:15:00.0000000+01:00,,0.0,0.0,
2026-01-16T07:30:00.0000000+01:00,,0.0,0.3333,
2026-01-16T07:45:00.0000000+01:00,,0.0,3.3333,6.25
2026-01-16T08:00:00.0000000+01:00,,0.0,6.3333,
2026-01-16T08:15:00.0000000+01:00,,0.0,7.0,
2026-01-16T08:45:00.0000000+01:00,,0.0196,18.6667,
2026-01-16T09:45:00.0000000+01:00,,0.067,31.0,
2026-01-16T13:30:00.0000000+01:00,,0.0601,13.6667,
2026-01-16T15:00:00.0000000+01:00,,0.0351,0.0,
2026-01-16T15:45:00.0000000+01:00,,0.0065,0.0,86.8056
2026-01-16T16:00:00.0000000+01:00,,0.003,0.0,70.8333
2026-01-16T16:15:00.0000000+01:00,,0.0014,0.0,44.7917
2026-01-16T16:30:00.0000000+01:00,,0.0003,0.0,26.25
2026-01-16T16:45:00.0000000+01:00,,0.0,0.0,
2026-01-16T17:00:00.0000000+01:00,,0.0,0.0,
2026-01-16T17:15:00.0000000+01:00,,0.0,0.0,
2026-01-16T17:30:00.0000000+01:00,,0.0,0.0,
2026-01-16T17:45:00.0000000+01:00,,0.0,0.0,
2026-01-16T18:00:00.0000000+01:00,,0.0,0.0,
2026-01-16T18:15:00.0000000+01:00,,0.0,0.0,3.125
2026-01-16T18:30:00.0000000+01:00,,0.0,0.0,
2026-01-16T18:45:00.0000000+01:00,,0.0,0.0,
2026-01-16T19:00:00.0000000+01:00,,0.0,0.0,
2026-01-16T19:15:00.0000000+01:00,,0.0,0.0,
2026-01-16T19:30:00.0000000+01:00,,0.0,0.0,
2026-01-16T19:45:00.0000000+01:00,,0.0,0.0,
2026-01-16T20:00:00.0000000+01:00,,0.0,0.0,
2026-01-16T20:15:00.0000000+01:00,,0.0,0.0,
2026-01-16T20:30:00.0000000+01:00,,0.0,0.0,
2026-01-16T20:45:00.0000000+01:00,,0.0,0.0,
2026-01-16T21:00:00.0000000+01:00,,0.0,0.0,
2026-01-16T21:15:00.0000000+01:00,,0.0,0.0,
2026-01-16T21:30:00.0000000+01:00,,0.0,0.0,
2026-01-16T21:45:00.0000000+01:00,,0.0,0.0,
2026-01-16T22:00:00.0000000+01:00,,0.0,0.0,
2026-01-16T22:15:00.0000000+01:00,,0.0,0.0,
2026-01-16T22:30:00.0000000+01:00,,0.0,0.0,
2026-01-16T22:45:00.0000000+01:00,,0.0,0.0,
2026-01-16T23:00:00.0000000+01:00,,0.0,0.0,
2026-01-16T23:15:00.0000000+01:00,,0.0,0.0,
2026-01-16T23:30:00.0000000+01:00,,0.0,0.0,
2026-01-16T23:45:00.0000000+01:00,,0.0,0.0,
2026-01-17T00:00:00.0000000+01:00,,0.0,0.0,
2026-01-17T00:15:00.0000000+01:00,,0.0,0.0,
2026-01-17T00:30:00.0000000+01:00,,0.0,0.0,
2026-01-17T00:45:00.0000000+01:00,,0.0,0.0,
2026-01-17T01:00:00.0000000+01:00,,0.0,0.0,
2026-01-17T01:15:00.0000000+01:00,,0.0,0.0,
2026-01-17T01:30:00.0000000+01:00,,0.0,0.0,
2026-01-17T01:45:00.0000000+01:00,,0.0,0.0,
2026-01-17T02:00:00.0000000+01:00,,0.0,0.0,
2026-01-17T02:15:00.0000000+01:00,,0.0,0.0,
2026-01-17T02:30:00.0000000+01:00,,0.0,0.0,
2026-01-17T02:45:00.0000000+01:00,,0.0,0.0,
2026-01-17T03:00:00.0000000+01:00,,0.0,0.0,
2026-01-17T03:15:00.0000000+01:00,,0.0,0.0,
2026-01-17T03:30:00.0000000+01:00,,0.0,,
2026-01-17T03:45:00.0000000+01:00,,0.0,,
2026-01-17T04:00:00.0000000+01:00,,0.0,0.0,
2026-01-17T04:15:00.0000000+01:00,,0.0,0.0,
2026-01-17T04:30:00.0000000+01:00,,0.0,0.0,
2026-01-17T04:45:00.0000000+01:00,,0.0,0.0,
2026-01-17T05:00:00.0000000+01:00,,0.0,0.0,
2026-01-17T05:15:00.0000000+01:00,,0.0,0.0,
2026-01-17T05:30:00.0000000+01:00,,0.0,0.0,
2026-01-17T05:45:00.0000000+01:00,,0.0,0.0,
2026-01-17T06:00:00.0000000+01:00,,0.0,0.0,
2026-01-17T06:15:00.0000000+01:00,,0.0,0.0,
2026-01-17T06:30:00.0000000+01:00,,0.0,0.0,
2026-01-17T06:45:00.0000000+01:00,,0.0,0.0,
2026-01-17T07:00:00.0000000+01:00,,0.0,0.0,
2026-01-17T07:15:00.0000000+01:00,,0.0,0.0,
2026-01-17T07:30:00.0000000+01:00,,0.0,1.6667,
2026-01-17T07:45:00.0000000+01:00,,0.0,9.3333,9.375
2026-01-17T08:00:00.0000000+01:00,,0.0,20.0,
2026-01-17T08:15:00.0000000+01:00,,0.0024,30.0,68.125
2026-01-17T08:30:00.0000000+01:00,,0.0108,87.6667,96.875
2026-01-17T14:00:00.0000000+01:00,,0.0804,12.0,
2026-01-17T14:30:00.0000000+01:00,,0.0554,8.6667,
2026-01-17T15:15:00.0000000+01:00,,0.0219,0.0,
2026-01-17T16:00:00.0000000+01:00,,0.0022,0.0,55.2083
2026-01-17T16:15:00.0000000+01:00,,0.0013,0.0,40.625
2026-01-17T16:30:00.0000000+01:00,,0.0,0.0,15.625
2026-01-17T16:45:00.0000000+01:00,,0.0,0.0,
2026-01-17T17:00:00.0000000+01:00,,0.0,0.0,
2026-01-17T17:15:00.0000000+01:00,,0.0,0.0,
2026-01-17T17:30:00.0000000+01:00,,0.0,0.0,
2026-01-17T17:45:00.0000000+01:00,,0.0,0.0,
2026-01-17T18:00:00.0000000+01:00,,0.0,0.0,6.25
2026-01-17T18:15:00.0000000+01:00,,0.0,0.0,0.0
2026-01-17T18:30:00.0000000+01:00,,0.0,0.0,
2026-01-17T18:45:00.0000000+01:00,,0.0,0.0,
2026-01-17T19:00:00.0000000+01:00,,0.0,0.0,
2026-01-17T19:15:00.0000000+01:00,,0.0,0.0,
2026-01-17T19:30:00.0000000+01:00,,0.0,0.0,
2026-01-17T19:45:00.0000000+01:00,,0.0,0.0,
2026-01-17T20:00:00.0000000+01:00,,0.0,0.0,
2026-01-17T20:15:00.0000000+01:00,,0.0,0.0,
2026-01-17T20:30:00.0000000+01:00,,0.0,0.0,
2026-01-17T20:45:00.0000000+01:00,,0.0,0.0,
2026-01-17T21:00:00.0000000+01:00,,0.0,0.0,
2026-01-17T21:15:00.0000000+01:00,,0.0,0.0,
2026-01-17T21:30:00.0000000+01:00,,0.0,0.0,
2026-01-17T21:45:00.0000000+01:00,,0.0,0.0,
2026-01-17T22:00:00.0000000+01:00,,0.0,0.0,
2026-01-17T22:15:00.0000000+01:00,,0.0,0.0,
2026-01-17T22:30:00.0000000+01:00,,0.0,0.0,
2026-01-17T22:45:00.0000000+01:00,,0.0,0.0,
2026-01-17T23:00:00.0000000+01:00,,0.0,0.0,
2026-01-17T23:15:00.0000000+01:00,,0.0,0.0,
2026-01-17T23:30:00.0000000+01:00,,0.0,0.0,
2026-01-17T23:45:00.0000000+01:00,,0.0,0.0,
2026-01-18T00:00:00.0000000+01:00,,0.0,0.0,
2026-01-18T00:15:00.0000000+01:00,,0.0,0.0,
2026-01-18T00:30:00.0000000+01:00,,0.0,0.0,
2026-01-18T00:45:00.0000000+01:00,,0.0,0.0,
2026-01-18T01:00:00.0000000+01:00,,0.0,0.0,
2026-01-18T01:15:00.0000000+01:00,,0.0,0.0,
2026-01-18T01:30:00.0000000+01:00,,0.0,0.0,
2026-01-18T01:45:00.0000000+01:00,,0.0,0.0,
2026-01-18T02:00:00.0000000+01:00,,0.0,0.0,
2026-01-18T02:15:00.0000000+01:00,,0.0,0.0,
2026-01-18T02:30:00.0000000+01:00,,0.0,0.0,
2026-01-18T02:45:00.0000000+01:00,,0.0,0.0,
2026-01-18T03:00:00.0000000+01:00,,0.0,0.0,
2026-01-18T03:15:00.0000000+01:00,,0.0,0.0,
2026-01-18T03:30:00.0000000+01:00,,0.0,,
2026-01-18T03:45:00.0000000+01:00,,0.0,,
2026-01-18T04:00:00.0000000+01:00,,0.0,0.0,
2026-01-18T04:15:00.0000000+01:00,,0.0,0.0,
2026-01-18T04:30:00.0000000+01:00,,0.0,0.0,
2026-01-18T04:45:00.0000000+01:00,,0.0,0.0,
2026-01-18T05:00:00.0000000+01:00,,0.0,0.0,
2026-01-18T05:15:00.0000000+01:00,,0.0,0.0,
2026-01-18T05:30:00.0000000+01:00,,0.0,0.0,
2026-01-18T05:45:00.0000000+01:00,,0.0,0.0,
2026-01-18T06:00:00.0000000+01:00,,0.0,0.0,
2026-01-18T06:15:00.0000000+01:00,,0.0,0.0,
2026-01-18T06:30:00.0000000+01:00,,0.0,0.0,
2026-01-18T06:45:00.0000000+01:00,,0.0,0.0,
2026-01-18T07:00:00.0000000+01:00,,0.0,0.0,
2026-01-18T07:15:00.0000000+01:00,,0.0,0.0,
2026-01-18T07:30:00.0000000+01:00,,0.0,1.6667,6.25
2026-01-18T07:45:00.0000000+01:00,,0.0,10.0,12.5
2026-01-18T08:00:00.0000000+01:00,,0.0009,18.3333,50.0
2026-01-18T08:15:00.0000000+01:00,,0.0077,27.0,74.3056
2026-01-18T16:15:00.0000000+01:00,,0.0044,0.0,78.125
2026-01-18T16:30:00.0000000+01:00,,0.0011,0.0,37.5
2026-01-18T16:45:00.0000000+01:00,,0.0,0.0,
2026-01-18T17:00:00.0000000+01:00,,0.0,0.0,
2026-01-18T17:15:00.0000000+01:00,,0.0,0.0,
2026-01-18T17:30:00.0000000+01:00,,0.0,0.0,
2026-01-18T17:45:00.0000000+01:00,,0.0,0.0,
2026-01-18T18:00:00.0000000+01:00,,0.0,0.0,
2026-01-18T18:15:00.0000000+01:00,,0.0,0.0,3.125
2026-01-18T18:30:00.0000000+01:00,,0.0,0.0,
2026-01-18T18:45:00.0000000+01:00,,0.0,0.0,
2026-01-18T19:00:00.0000000+01:00,,0.0,0.0,
2026-01-18T19:15:00.0000000+01:00,,0.0,0.0,
2026-01-18T19:30:00.0000000+01:00,,0.0,0.0,
2026-01-18T19:45:00.0000000+01:00,,0.0,0.0,
2026-01-18T20:00:00.0000000+01:00,,0.0,0.0,
2026-01-18T20:15:00.0000000+01:00,,0.0,0.0,
2026-01-18T20:30:00.0000000+01:00,,0.0,0.0,
2026-01-18T20:45:00.0000000+01:00,,0.0,0.0,
2026-01-18T21:00:00.0000000+01:00,,0.0,0.0,
2026-01-18T21:15:00.0000000+01:00,,0.0,0.0,
2026-01-18T21:30:00.0000000+01:00,,0.0,0.0,
2026-01-18T21:45:00.0000000+01:00,,0.0,0.0,
2026-01-18T22:00:00.0000000+01:00,,0.0,0.0,
2026-01-18T22:15:00.0000000+01:00,,0.0,0.0,
2026-01-18T22:30:00.0000000+01:00,,0.0,0.0,
2026-01-18T22:45:00.0000000+01:00,,0.0,0.0,
2026-01-18T23:00:00.0000000+01:00,,0.0,0.0,
2026-01-18T23:15:00.0000000+01:00,,0.0,0.0,
2026-01-18T23:30:00.0000000+01:00,,0.0,0.0,
2026-01-18T23:45:00.0000000+01:00,,0.0,0.0,
2026-01-19T00:00:00.0000000+01:00,,0.0,0.0,
2026-01-19T00:15:00.0000000+01:00,,0.0,0.0,
2026-01-19T00:30:00.0000000+01:00,,0.0,0.0,
2026-01-19T00:45:00.0000000+01:00,,0.0,0.0,
2026-01-19T01:00:00.0000000+01:00,,0.0,0.0,
2026-01-19T01:15:00.0000000+01:00,,0.0,0.0,
2026-01-19T01:30:00.0000000+01:00,,0.0,0.0,
2026-01-19T01:45:00.0000000+01:00,,0.0,0.0,
2026-01-19T02:00:00.0000000+01:00,,0.0,0.0,
2026-01-19T02:15:00.0000000+01:00,,0.0,0.0,
2026-01-19T02:30:00.0000000+01:00,,0.0,0.0,
2026-01-19T02:45:00.0000000+01:00,,0.0,0.0,
2026-01-19T03:00:00.0000000+01:00,,0.0,0.0,
2026-01-19T03:15:00.0000000+01:00,,0.0,0.0,
2026-01-19T03:30:00.0000000+01:00,,0.0,,
2026-01-19T03:45:00.0000000+01:00,,0.0,,
2026-01-19T04:00:00.0000000+01:00,,0.0,0.0,
2026-01-19T04:15:00.0000000+01:00,,0.0,0.0,
2026-01-19T04:30:00.0000000+01:00,,0.0,0.0,
2026-01-19T04:45:00.0000000+01:00,,0.0,0.0,
2026-01-19T05:00:00.0000000+01:00,,0.0,0.0,
2026-01-19T05:15:00.0000000+01:00,,0.0,0.0,
2026-01-19T05:30:00.0000000+01:00,,0.0,0.0,
2026-01-19T05:45:00.0000000+01:00,,0.0,0.0,
2026-01-19T06:00:00.0000000+01:00,,0.0,0.0,
2026-01-19T06:15:00.0000000+01:00,,0.0,0.0,
2026-01-19T06:30:00.0000000+01:00,,0.0,0.0,
2026-01-19T06:45:00.0000000+01:00,,0.0,0.0,
2026-01-19T07:00:00.0000000+01:00,,0.0,0.0,
2026-01-19T07:15:00.0000000+01:00,,0.0,0.0,
2026-01-19T07:30:00.0000000+01:00,,0.0,2.6667,15.625
2026-01-19T07:45:00.0000000+01:00,,0.0002,15.6667,33.3333
2026-01-19T16:45:00.0000000+01:00,,0.0007,0.0,18.75
2026-01-19T17:00:00.0000000+01:00,,0.0,0.0,
2026-01-19T17:15:00.0000000+01:00,,0.0,0.0,
2026-01-19T17:30:00.0000000+01:00,,0.0,0.0,
2026-01-19T17:45:00.0000000+01:00,,0.0,0.0,
2026-01-19T18:00:00.0000000+01:00,,0.0,0.0,
2026-01-19T18:15:00.0000000+01:00,,0.0,0.0,
2026-01-19T18:30:00.0000000+01:00,,0.0,0.0,0.0
2026-01-19T18:45:00.0000000+01:00,,0.0,0.0,
2026-01-19T19:00:00.0000000+01:00,,0.0,0.0,
2026-01-19T19:15:00.0000000+01:00,,0.0,0.0,
2026-01-19T19:30:00.0000000+01:00,,0.0,0.0,
2026-01-19T19:45:00.0000000+01:00,,0.0,0.0,
2026-01-19T20:00:00.0000000+01:00,,0.0,0.0,
2026-01-19T20:15:00.0000000+01:00,,0.0,0.0,
2026-01-19T20:30:00.0000000+01:00,,0.0,0.0,
2026-01-19T20:45:00.0000000+01:00,,0.0,0.0,
2026-01-19T21:00:00.0000000+01:00,,0.0,0.0,
2026-01-19T21:15:00.0000000+01:00,,0.0,0.0,
2026-01-19T21:30:00.0000000+01:00,,0.0,0.0,
2026-01-19T21:45:00.0000000+01:00,,0.0,0.0,
2026-01-19T22:00:00.0000000+01:00,,0.0,0.0,
2026-01-19T22:15:00.0000000+01:00,,0.0,0.0,
2026-01-19T22:30:00.0000000+01:00,,0.0,0.0,
2026-01-19T22:45:00.0000000+01:00,,0.0,0.0,
2026-01-19T23:00:00.0000000+01:00,,0.0,0.0,
2026-01-19T23:15:00.0000000+01:00,,0.0,0.0,
2026-01-19T23:30:00.0000000+01:00,,0.0,0.0,
2026-01-19T23:45:00.0000000+01:00,,0.0,0.0,
2026-01-20T00:00:00.0000000+01:00,,0.0,0.0,
2026-01-20T00:15:00.0000000+01:00,,0.0,0.0,
2026-01-20T00:30:00.0000000+01:00,,0.0,0.0,
2026-01-20T00:45:00.0000000+01:00,,0.0,0.0,
2026-01-20T01:00:00.0000000+01:00,,0.0,0.0,
2026-01-20T01:15:00.0000000+01:00,,0.0,0.0,
2026-01-20T01:30:00.0000000+01:00,,0.0,0.0,
2026-01-20T01:45:00.0000000+01:00,,0.0,0.0,
2026-01-20T02:00:00.0000000+01:00,,0.0,0.0,
2026-01-20T02:15:00.0000000+01:00,,0.0,0.0,
2026-01-20T02:30:00.0000000+01:00,,0.0,0.0,
2026-01-20T02:45:00.0000000+01:00,,0.0,0.0,
2026-01-20T03:00:00.0000000+01:00,,0.0,0.0,
2026-01-20T03:15:00.0000000+01:00,,0.0,0.0,
2026-01-20T03:30:00.0000000+01:00,,0.0,,
2026-01-20T03:45:00.0000000+01:00,,0.0,0.0,
2026-01-20T04:00:00.0000000+01:00,,0.0,0.0,
2026-01-20T04:15:00.0000000+01:00,,0.0,0.0,
2026-01-20T04:30:00.0000000+01:00,,0.0,0.0,
2026-01-20T04:45:00.0000000+01:00,,0.0,0.0,
2026-01-20T05:00:00.0000000+01:00,,0.0,0.0,
2026-01-20T05:15:00.0000000+01:00,,0.0,0.0,
2026-01-20T05:30:00.0000000+01:00,,0.0,0.0,
2026-01-20T05:45:00.0000000+01:00,,0.0,0.0,
2026-01-20T06:00:00.0000000+01:00,,0.0,0.0,
2026-01-20T06:15:00.0000000+01:00,,0.0,0.0,
2026-01-20T06:30:00.0000000+01:00,,0.0,0.0,
2026-01-20T06:45:00.0000000+01:00,,0.0,0.0,
2026-01-20T07:00:00.0000000+01:00,,0.0,0.0,
2026-01-20T07:15:00.0000000+01:00,,0.0,0.0,
2026-01-20T07:30:00.0000000+01:00,,0.0,3.3333,6.25
2026-01-20T07:45:00.0000000+01:00,,0.0,16.3333,15.625
2026-01-20T16:30:00.0000000+01:00,,0.0014,0.0,40.625
2026-01-20T16:45:00.0000000+01:00,,0.0003,0.0,10.4167
2026-01-20T17:00:00.0000000+01:00,,0.0,0.0,
2026-01-20T17:15:00.0000000+01:00,,0.0,0.0,
2026-01-20T17:30:00.0000000+01:00,,0.0,0.0,
2026-01-20T17:45:00.0000000+01:00,,0.0,0.0,
2026-01-20T18:00:00.0000000+01:00,,0.0,0.0,
2026-01-20T18:15:00.0000000+01:00,,0.0,0.0,
2026-01-20T18:30:00.0000000+01:00,,0.0,0.0,0.0
2026-01-20T18:45:00.0000000+01:00,,0.0,0.0,
2026-01-20T19:00:00.0000000+01:00,,0.0,0.0,
2026-01-20T19:15:00.0000000+01:00,,0.0,0.0,
2026-01-20T19:30:00.0000000+01:00,,0.0,0.0,
2026-01-20T19:45:00.0000000+01:00,,0.0,0.0,
2026-01-20T20:00:00.0000000+01:00,,0.0,0.0,
2026-01-20T20:15:00.0000000+01:00,,0.0,0.0,
2026-01-20T20:30:00.0000000+01:00,,0.0,0.0,
2026-01-20T20:45:00.0000000+01:00,,0.0,0.0,
2026-01-20T21:00:00.0000000+01:00,,0.0,0.0,
2026-01-20T21:15:00.0000000+01:00,,0.0,0.0,
2026-01-20T21:30:00.0000000+01:00,,0.0,0.0,
2026-01-20T21:45:00.0000000+01:00,,0.0,0.0,
2026-01-20T22:00:00.0000000+01:00,,0.0,0.0,
2026-01-20T22:15:00.0000000+01:00,,0.0,0.0,
2026-01-20T22:30:00.0000000+01:00,,0.0,0.0,
2026-01-20T22:45:00.0000000+01:00,,0.0,0.0,
2026-01-20T23:00:00.0000000+01:00,,0.0,0.0,
2026-01-20T23:15:00.0000000+01:00,,0.0,0.0,
2026-01-20T23:30:00.0000000+01:00,,0.0,0.0,
2026-01-20T23:45:00.0000000+01:00,,0.0,0.0,
2026-01-21T00:00:00.0000000+01:00,,0.0,0.0,
2026-01-21T00:15:00.0000000+01:00,,0.0,0.0,
2026-01-21T00:30:00.0000000+01:00,,0.0,0.0,
2026-01-21T00:45:00.0000000+01:00,,0.0,0.0,
2026-01-21T01:00:00.0000000+01:00,,0.0,0.0,
2026-01-21T01:15:00.0000000+01:00,,0.0,0.0,
2026-01-21T01:30:00.0000000+01:00,,0.0,0.0,
2026-01-21T01:45:00.0000000+01:00,,0.0,0.0,
2026-01-21T02:00:00.0000000+01:00,,0.0,0.0,
2026-01-21T02:15:00.0000000+01:00,,0.0,0.0,
2026-01-21T02:30:00.0000000+01:00,,0.0,0.0,
2026-01-21T02:45:00.0000000+01:00,,0.0,0.0,
2026-01-21T03:00:00.0000000+01:00,,0.0,0.0,
2026-01-21T03:15:00.0000000+01:00,,0.0,0.0,
2026-01-21T03:30:00.0000000+01:00,,0.0,,
2026-01-21T03:45:00.0000000+01:00,,0.0,0.0,
2026-01-21T04:00:00.0000000+01:00,,0.0,0.0,
2026-01-21T04:15:00.0000000+01:00,,0.0,0.0,
2026-01-21T04:30:00.0000000+01:00,,0.0,0.0,
2026-01-21T04:45:00.0000000+01:00,,0.0,0.0,
2026-01-21T05:00:00.0000000+01:00,,0.0,0.0,
2026-01-21T05:15:00.0000000+01:00,,0.0,0.0,
2026-01-21T05:30:00.0000000+01:00,,0.0,0.0,
2026-01-21T05:45:00.0000000+01:00,,0.0,0.0,
2026-01-21T06:00:00.0000000+01:00,,0.0,0.0,
2026-01-21T06:15:00.0000000+01:00,,0.0,0.0,
2026-01-21T06:30:00.0000000+01:00,,0.0,0.0,
2026-01-21T06:45:00.0000000+01:00,,0.0,0.0,
2026-01-21T07:00:00.0000000+01:00,,0.0,0.0,
2026-01-21T07:15:00.0000000+01:00,,0.0,0.0,
2026-01-21T07:30:00.0000000+01:00,,0.0,3.3333,6.25
2026-01-21T07:45:00.0000000+01:00,,0.0,13.0,
2026-01-21T08:00:00.0000000+01:00,,0.0037,19.3333,69.3182
2026-01-21T16:00:00.0000000+01:00,,0.0031,0.0,67.8571
2026-01-21T16:15:00.0000000+01:00,,0.0014,0.0,40.2778
2026-01-21T16:30:00.0000000+01:00,,0.0006,0.0,15.625
2026-01-21T16:45:00.0000000+01:00,,0.0,0.0,
2026-01-21T17:00:00.0000000+01:00,,0.0,0.0,
2026-01-21T17:15:00.0000000+01:00,,0.0,0.0,
2026-01-21T17:30:00.0000000+01:00,,0.0,0.0,
2026-01-21T17:45:00.0000000+01:00,,0.0,0.0,
2026-01-21T18:00:00.0000000+01:00,,0.0,0.0,
2026-01-21T18:15:00.0000000+01:00,,0.0,0.0,0.0
2026-01-21T18:30:00.0000000+01:00,,0.0,0.0,
2026-01-21T18:45:00.0000000+01:00,,0.0,0.0,
2026-01-21T19:00:00.0000000+01:00,,0.0,0.0,
2026-01-21T19:15:00.0000000+01:00,,0.0,0.0,
2026-01-21T19:30:00.0000000+01:00,,0.0,0.0,
2026-01-21T19:45:00.0000000+01:00,,0.0,0.0,
2026-01-21T20:00:00.0000000+01:00,,0.0,0.0,
2026-01-21T20:15:00.0000000+01:00,,0.0,0.0,
2026-01-21T20:30:00.0000000+01:00,,0.0,0.0,
2026-01-21T20:45:00.0000000+01:00,,0.0,0.0,
2026-01-21T21:00:00.0000000+01:00,,0.0,0.0,
2026-01-21T21:15:00.0000000+01:00,,0.0,0.0,
2026-01-21T21:30:00.0000000+01:00,,0.0,0.0,
2026-01-21T21:45:00.0000000+01:00,,0.0,0.0,
2026-01-21T22:00:00.0000000+01:00,,0.0,0.0,
2026-01-21T22:15:00.0000000+01:00,,0.0,0.0,
2026-01-21T22:30:00.0000000+01:00,,0.0,0.0,
2026-01-21T22:45:00.0000000+01:00,,0.0,0.0,
2026-01-21T23:00:00.0000000+01:00,,0.0,0.0,
2026-01-21T23:15:00.0000000+01:00,,0.0,0.0,
2026-01-21T23:30:00.0000000+01:00,,0.0,0.0,
2026-01-21T23:45:00.0000000+01:00,,0.0,0.0,
2026-01-22T00:00:00.0000000+01:00,,0.0,0.0,
2026-01-22T00:15:00.0000000+01:00,,0.0,0.0,
2026-01-22T00:30:00.0000000+01:00,,0.0,0.0,
2026-01-22T00:45:00.0000000+01:00,,0.0,0.0,
2026-01-22T01:00:00.0000000+01:00,,0.0,0.0,
2026-01-22T01:15:00.0000000+01:00,,0.0,0.0,
2026-01-22T01:30:00.0000000+01:00,,0.0,0.0,
2026-01-22T01:45:00.0000000+01:00,,0.0,0.0,
2026-01-22T02:00:00.0000000+01:00,,0.0,0.0,
2026-01-22T02:15:00.0000000+01:00,,0.0,0.0,
2026-01-22T02:30:00.0000000+01:00,,0.0,0.0,
2026-01-22T02:45:00.0000000+01:00,,0.0,0.0,
2026-01-22T03:00:00.0000000+01:00,,0.0,0.0,
2026-01-22T03:15:00.0000000+01:00,,0.0,0.0,
2026-01-22T03:30:00.0000000+01:00,,0.0,,
2026-01-22T03:45:00.0000000+01:00,,0.0,0.0,
2026-01-22T04:00:00.0000000+01:00,,0.0,0.0,
2026-01-22T04:15:00.0000000+01:00,,0.0,0.0,
2026-01-22T04:30:00.0000000+01:00,,0.0,0.0,
2026-01-22T04:45:00.0000000+01:00,,0.0,0.0,
2026-01-22T05:00:00.0000000+01:00,,0.0,0.0,
2026-01-22T05:15:00.0000000+01:00,,0.0,0.0,
2026-01-22T05:30:00.0000000+01:00,,0.0,0.0,
2026-01-22T05:45:00.0000000+01:00,,0.0,0.0,
2026-01-22T06:00:00.0000000+01:00,,0.0,0.0,
2026-01-22T06:15:00.0000000+01:00,,0.0,0.0,
2026-01-22T06:30:00.0000000+01:00,,0.0,0.0,
2026-01-22T06:45:00.0000000+01:00,,0.0,0.0,
2026-01-22T07:00:00.0000000+01:00,,0.0,0.0,
2026-01-22T07:15:00.0000000+01:00,,0.0,0.0,
2026-01-22T07:30:00.0000000+01:00,,0.0,3.3333,
2026-01-22T07:45:00.0000000+01:00,,0.0,11.0,6.25
2026-01-22T08:00:00.0000000+01:00,,0.0,12.0,
2026-01-22T08:15:00.0000000+01:00,,0.0,12.0,
2026-01-22T08:30:00.0000000+01:00,,0.0042,14.0,74.3421
2026-01-22T08:45:00.0000000+01:00,,0.0114,15.0,96.875
2026-01-22T10:00:00.0000000+01:00,,0.0527,13.3333,
2026-01-22T14:45:00.0000000+01:00,,0.0387,6.6667,
2026-01-22T15:45:00.0000000+01:00,,0.0051,0.0,80.0781
2026-01-22T16:00:00.0000000+01:00,,0.0029,0.0,61.3636
2026-01-22T16:15:00.0000000+01:00,,0.0016,0.0,39.0625
2026-01-22T16:30:00.0000000+01:00,,0.001,0.0,21.4286
2026-01-22T16:45:00.0000000+01:00,,0.0,0.0,
2026-01-22T17:00:00.0000000+01:00,,0.0,0.0,
2026-01-22T17:15:00.0000000+01:00,,0.0,0.0,
2026-01-22T17:30:00.0000000+01:00,,0.0,0.0,
2026-01-22T17:45:00.0000000+01:00,,0.0,0.0,
2026-01-22T18:00:00.0000000+01:00,,0.0,0.0,
2026-01-22T18:15:00.0000000+01:00,,0.0,0.0,0.0
2026-01-22T18:30:00.0000000+01:00,,0.0,0.0,
2026-01-22T18:45:00.0000000+01:00,,0.0,0.0,
2026-01-22T19:00:00.0000000+01:00,,0.0,0.0,
2026-01-22T19:15:00.0000000+01:00,,0.0,0.0,
2026-01-22T19:30:00.0000000+01:00,,0.0,0.0,
2026-01-22T19:45:00.0000000+01:00,,0.0,0.0,
2026-01-22T20:00:00.0000000+01:00,,0.0,0.0,
2026-01-22T20:15:00.0000000+01:00,,0.0,0.0,
2026-01-22T20:30:00.0000000+01:00,,0.0,0.0,
2026-01-22T20:45:00.0000000+01:00,,0.0,0.0,
2026-01-22T21:00:00.0000000+01:00,,0.0,0.0,
2026-01-22T21:15:00.0000000+01:00,,0.0,0.0,
2026-01-22T21:30:00.0000000+01:00,,0.0,0.0,
2026-01-22T21:45:00.0000000+01:00,,0.0,0.0,
2026-01-22T22:00:00.0000000+01:00,,0.0,0.0,
2026-01-22T22:15:00.0000000+01:00,,0.0,0.0,
2026-01-22T22:30:00.0000000+01:00,,0.0,0.0,
2026-01-22T22:45:00.0000000+01:00,,0.0,0.0,
2026-01-22T23:00:00.0000000+01:00,,0.0,0.0,
2026-01-22T23:15:00.0000000+01:00,,0.0,0.0,
2026-01-22T23:30:00.0000000+01:00,,0.0,0.0,
2026-01-22T23:45:00.0000000+01:00,,0.0,0.0,
2026-01-23T00:00:00.0000000+01:00,,0.0,0.0,
2026-01-23T00:15:00.0000000+01:00,,0.0,0.0,
2026-01-23T00:30:00.0000000+01:00,,0.0,0.0,
2026-01-23T00:45:00.0000000+01:00,,0.0,0.0,
2026-01-23T01:00:00.0000000+01:00,,0.0,0.0,
2026-01-23T01:15:00.0000000+01:00,,0.0,0.0,
2026-01-23T01:30:00.0000000+01:00,,0.0,0.0,
2026-01-23T01:45:00.0000000+01:00,,0.0,0.0,
2026-01-23T02:00:00.0000000+01:00,,0.0,0.0,
2026-01-23T02:15:00.0000000+01:00,,0.0,0.0,
2026-01-23T02:30:00.0000000+01:00,,0.0,0.0,
2026-01-23T02:45:00.0000000+01:00,,0.0,0.0,
2026-01-23T03:00:00.0000000+01:00,,0.0,0.0,
2026-01-23T03:15:00.0000000+01:00,,0.0,0.0,
2026-01-23T03:30:00.0000000+01:00,,0.0,,
2026-01-23T03:45:00.0000000+01:00,,0.0,0.0,
2026-01-23T04:00:00.0000000+01:00,,0.0,0.0,
2026-01-23T04:15:00.0000000+01:00,,0.0,0.0,
2026-01-23T04:30:00.0000000+01:00,,0.0,0.0,
2026-01-23T04:45:00.0000000+01:00,,0.0,0.0,
2026-01-23T05:00:00.0000000+01:00,,0.0,0.0,
2026-01-23T05:15:00.0000000+01:00,,0.0,0.0,
2026-01-23T05:30:00.0000000+01:00,,0.0,0.0,
2026-01-23T05:45:00.0000000+01:00,,0.0,0.0,
2026-01-23T06:00:00.0000000+01:00,,0.0,0.0,
2026-01-23T06:15:00.0000000+01:00,,0.0,0.0,
2026-01-23T06:30:00.0000000+01:00,,0.0,0.0,
2026-01-23T06:45:00.0000000+01:00,,0.0,0.0,
2026-01-23T07:00:00.0000000+01:00,,0.0,0.0,
2026-01-23T07:15:00.0000000+01:00,,0.0,0.0,
2026-01-23T07:30:00.0000000+01:00,,0.0,5.0,
2026-01-23T07:45:00.0000000+01:00,,0.0,13.6667,6.25
2026-01-23T08:00:00.0000000+01:00,,0.0,17.3333,
2026-01-23T08:15:00.0000000+01:00,,0.0012,19.6667,40.0
2026-01-23T08:30:00.0000000+01:00,,0.0092,22.3333,75.0
2026-01-23T10:15:00.0000000+01:00,,0.0715,29.6667,
2026-01-23T10:30:00.0000000+01:00,,0.0793,34.6667,
2026-01-23T16:15:00.0000000+01:00,,0.0025,0.0,54.6875
2026-01-23T16:30:00.0000000+01:00,,0.0013,0.0,25.0
2026-01-23T16:45:00.0000000+01:00,,0.0003,0.0,6.25
2026-01-23T17:00:00.0000000+01:00,,0.0,0.0,
2026-01-23T17:15:00.0000000+01:00,,0.0,0.0,
2026-01-23T17:30:00.0000000+01:00,,0.0,0.0,
2026-01-23T17:45:00.0000000+01:00,,0.0,0.0,
2026-01-23T18:00:00.0000000+01:00,,0.0,0.0,
2026-01-23T18:15:00.0000000+01:00,,0.0,0.0,
2026-01-23T18:30:00.0000000+01:00,,0.0,0.0,
2026-01-23T18:45:00.0000000+01:00,,0.0,0.0,
2026-01-23T19:00:00.0000000+01:00,,0.0,0.0,
2026-01-23T19:15:00.0000000+01:00,,0.0,0.0,
2026-01-23T19:30:00.0000000+01:00,,0.0,0.0,
2026-01-23T19:45:00.0000000+01:00,,0.0,0.0,
2026-01-23T20:00:00.0000000+01:00,,0.0,0.0,
2026-01-23T20:15:00.0000000+01:00,,0.0,0.0,
2026-01-23T20:30:00.0000000+01:00,,0.0,0.0,
2026-01-23T20:45:00.0000000+01:00,,0.0,0.0,
2026-01-23T21:00:00.0000000+01:00,,0.0,0.0,
2026-01-23T21:15:00.0000000+01:00,,0.0,0.0,
2026-01-23T21:30:00.0000000+01:00,,0.0,0.0,
2026-01-23T21:45:00.0000000+01:00,,0.0,0.0,
2026-01-23T22:00:00.0000000+01:00,,0.0,0.0,
2026-01-23T22:15:00.0000000+01:00,,0.0,0.0,
2026-01-23T22:30:00.0000000+01:00,,0.0,0.0,
2026-01-23T22:45:00.0000000+01:00,,0.0,0.0,
2026-01-23T23:00:00.0000000+01:00,,0.0,0.0,
2026-01-23T23:15:00.0000000+01:00,,0.0,0.0,
2026-01-23T23:30:00.0000000+01:00,,0.0,0.0,
2026-01-23T23:45:00.0000000+01:00,,0.0,0.0,
2026-01-24T00:00:00.0000000+01:00,,0.0,0.0,
2026-01-24T00:15:00.0000000+01:00,,0.0,0.0,
2026-01-24T00:30:00.0000000+01:00,,0.0,0.0,
2026-01-24T00:45:00.0000000+01:00,,0.0,0.0,
2026-01-24T01:00:00.0000000+01:00,,0.0,0.0,
2026-01-24T01:15:00.0000000+01:00,,0.0,0.0,
2026-01-24T01:30:00.0000000+01:00,,0.0,0.0,
2026-01-24T01:45:00.0000000+01:00,,0.0,0.0,
2026-01-24T02:00:00.0000000+01:00,,0.0,0.0,
2026-01-24T02:15:00.0000000+01:00,,0.0,0.0,
2026-01-24T02:30:00.0000000+01:00,,0.0,0.0,
2026-01-24T02:45:00.0000000+01:00,,0.0,0.0,
2026-01-24T03:00:00.0000000+01:00,,0.0,0.0,
2026-01-24T03:15:00.0000000+01:00,,0.0,0.0,
2026-01-24T03:30:00.0000000+01:00,,0.0,,
2026-01-24T03:45:00.0000000+01:00,,0.0,0.0,
2026-01-24T04:00:00.0000000+01:00,,0.0,0.0,
2026-01-24T04:15:00.0000000+01:00,,0.0,0.0,
2026-01-24T04:30:00.0000000+01:00,,0.0,0.0,
2026-01-24T04:45:00.0000000+01:00,,0.0,0.0,
2026-01-24T05:00:00.0000000+01:00,,0.0,0.0,
2026-01-24T05:15:00.0000000+01:00,,0.0,0.0,
2026-01-24T05:30:00.0000000+01:00,,0.0,0.0,
2026-01-24T05:45:00.0000000+01:00,,0.0,0.0,
2026-01-24T06:00:00.0000000+01:00,,0.0,0.0,
2026-01-24T06:15:00.0000000+01:00,,0.0,0.0,
2026-01-24T06:30:00.0000000+01:00,,0.0,0.0,
2026-01-24T06:45:00.0000000+01:00,,0.0,0.0,
2026-01-24T07:00:00.0000000+01:00,,0.0,0.0,
2026-01-24T07:15:00.0000000+01:00,,0.0,0.3333,
2026-01-24T07:30:00.0000000+01:00,,0.0,5.3333,
2026-01-24T07:45:00.0000000+01:00,,0.0,14.0,
2026-01-24T08:00:00.0000000+01:00,,0.0,21.6667,
2026-01-24T08:15:00.0000000+01:00,,0.0071,28.0,76.875
2026-01-24T08:30:00.0000000+01:00,,0.0108,33.0,96.875
2026-01-24T14:15:00.0000000+01:00,,0.0682,25.3333,
2026-01-24T15:30:00.0000000+01:00,,0.0285,0.0,
2026-01-24T16:00:00.0000000+01:00,,0.0092,0.0,93.75
2026-01-24T16:30:00.0000000+01:00,,0.0015,0.0,49.1071
2026-01-24T16:45:00.0000000+01:00,,0.0009,0.0,25.0
2026-01-24T17:00:00.0000000+01:00,,0.0,0.0,
2026-01-24T17:15:00.0000000+01:00,,0.0,0.0,
2026-01-24T17:30:00.0000000+01:00,,0.0,0.0,
2026-01-24T17:45:00.0000000+01:00,,0.0,0.0,
2026-01-24T18:00:00.0000000+01:00,,0.0,0.0,
2026-01-24T18:15:00.0000000+01:00,,0.0,0.0,
2026-01-24T18:30:00.0000000+01:00,,0.0,0.0,3.125
2026-01-24T18:45:00.0000000+01:00,,0.0,0.0,
2026-01-24T19:00:00.0000000+01:00,,0.0,0.0,
2026-01-24T19:15:00.0000000+01:00,,0.0,0.0,
2026-01-24T19:30:00.0000000+01:00,,0.0,0.0,
2026-01-24T19:45:00.0000000+01:00,,0.0,0.0,
2026-01-24T20:00:00.0000000+01:00,,0.0,0.0,
2026-01-24T20:15:00.0000000+01:00,,0.0,0.0,
2026-01-24T20:30:00.0000000+01:00,,0.0,0.0,
2026-01-24T20:45:00.0000000+01:00,,0.0,0.0,
2026-01-24T21:00:00.0000000+01:00,,0.0,0.0,
2026-01-24T21:15:00.0000000+01:00,,0.0,0.0,
2026-01-24T21:30:00.0000000+01:00,,0.0,0.0,
2026-01-24T21:45:00.0000000+01:00,,0.0,0.0,
2026-01-24T22:00:00.0000000+01:00,,0.0,0.0,
2026-01-24T22:15:00.0000000+01:00,,0.0,0.0,
2026-01-24T22:30:00.0000000+01:00,,0.0,0.0,
2026-01-24T22:45:00.0000000+01:00,,0.0,0.0,
2026-01-24T23:00:00.0000000+01:00,,0.0,0.0,
2026-01-24T23:15:00.0000000+01:00,,0.0,0.0,
2026-01-24T23:30:00.0000000+01:00,,0.0,0.0,
2026-01-24T23:45:00.0000000+01:00,,0.0,0.0,
2026-01-25T00:00:00.0000000+01:00,,0.0,0.0,
2026-01-25T00:15:00.0000000+01:00,,0.0,0.0,
2026-01-25T00:30:00.0000000+01:00,,0.0,0.0,
2026-01-25T00:45:00.0000000+01:00,,0.0,0.0,
2026-01-25T01:00:00.0000000+01:00,,0.0,0.0,
2026-01-25T01:15:00.0000000+01:00,,0.0,0.0,
2026-01-25T01:30:00.0000000+01:00,,0.0,0.0,
2026-01-25T01:45:00.0000000+01:00,,0.0,0.0,
2026-01-25T02:00:00.0000000+01:00,,0.0,0.0,
2026-01-25T02:15:00.0000000+01:00,,0.0,0.0,
2026-01-25T02:30:00.0000000+01:00,,0.0,0.0,
2026-01-25T02:45:00.0000000+01:00,,0.0,0.0,
2026-01-25T03:00:00.0000000+01:00,,0.0,0.0,
2026-01-25T03:15:00.0000000+01:00,,0.0,0.0,
2026-01-25T03:30:00.0000000+01:00,,0.0,,
2026-01-25T03:45:00.0000000+01:00,,0.0,0.0,
2026-01-25T04:00:00.0000000+01:00,,0.0,0.0,
2026-01-25T04:15:00.0000000+01:00,,0.0,0.0,
2026-01-25T04:30:00.0000000+01:00,,0.0,0.0,
2026-01-25T04:45:00.0000000+01:00,,0.0,0.0,
2026-01-25T05:00:00.0000000+01:00,,0.0,0.0,
2026-01-25T05:15:00.0000000+01:00,,0.0,0.0,
2026-01-25T05:30:00.0000000+01:00,,0.0,0.0,
2026-01-25T05:45:00.0000000+01:00,,0.0,0.0,
2026-01-25T06:00:00.0000000+01:00,,0.0,0.0,
2026-01-25T06:15:00.0000000+01:00,,0.0,0.0,
2026-01-25T06:30:00.0000000+01:00,,0.0,0.0,
2026-01-25T06:45:00.0000000+01:00,,0.0,0.0,
2026-01-25T07:00:00.0000000+01:00,,0.0,0.0,
2026-01-25T07:15:00.0000000+01:00,,0.0,0.3333,
2026-01-25T07:30:00.0000000+01:00,,0.0,6.0,6.25
2026-01-25T07:45:00.0000000+01:00,,0.0,14.3333,12.5
2026-01-25T08:00:00.0000000+01:00,,0.0,14.0,
2026-01-25T08:15:00.0000000+01:00,,0.0041,26.3333,67.0455
2026-01-25T16:15:00.0000000+01:00,,0.0043,0.0,80.6818
2026-01-25T16:30:00.0000000+01:00,,0.0015,0.0,52.6786
2026-01-25T16:45:00.0000000+01:00,,0.0006,0.0,21.875
2026-01-25T17:00:00.0000000+01:00,,0.0,0.0,
2026-01-25T17:15:00.0000000+01:00,,0.0,0.0,
2026-01-25T17:30:00.0000000+01:00,,0.0,0.0,
2026-01-25T17:45:00.0000000+01:00,,0.0,0.0,
2026-01-25T18:00:00.0000000+01:00,,0.0,0.0,
2026-01-25T18:15:00.0000000+01:00,,0.0,0.0,
2026-01-25T18:30:00.0000000+01:00,,0.0,0.0,0.0
2026-01-25T18:45:00.0000000+01:00,,0.0,0.0,
2026-01-25T19:00:00.0000000+01:00,,0.0,0.0,
2026-01-25T19:15:00.0000000+01:00,,0.0,0.0,
2026-01-25T19:30:00.0000000+01:00,,0.0,0.0,
2026-01-25T19:45:00.0000000+01:00,,0.0,0.0,
2026-01-25T20:00:00.0000000+01:00,,0.0,0.0,
2026-01-25T20:15:00.0000000+01:00,,0.0,0.0,
2026-01-25T20:30:00.0000000+01:00,,0.0,0.0,
2026-01-25T20:45:00.0000000+01:00,,0.0,0.0,
2026-01-25T21:00:00.0000000+01:00,,0.0,0.0,
2026-01-25T21:15:00.0000000+01:00,,0.0,0.0,
2026-01-25T21:30:00.0000000+01:00,,0.0,0.0,
2026-01-25T21:45:00.0000000+01:00,,0.0,0.0,
2026-01-25T22:00:00.0000000+01:00,,0.0,0.0,
2026-01-25T22:15:00.0000000+01:00,,0.0,0.0,
2026-01-25T22:30:00.0000000+01:00,,0.0,0.0,
2026-01-25T22:45:00.0000000+01:00,,0.0,0.0,
2026-01-25T23:00:00.0000000+01:00,,0.0,0.0,
2026-01-25T23:15:00.0000000+01:00,,0.0,0.0,
2026-01-25T23:30:00.0000000+01:00,,0.0,0.0,
2026-01-25T23:45:00.0000000+01:00,,0.0,0.0,
2026-01-26T00:00:00.0000000+01:00,,0.0,0.0,
2026-01-26T00:15:00.0000000+01:00,,0.0,0.0,
2026-01-26T00:30:00.0000000+01:00,,0.0,0.0,
2026-01-26T00:45:00.0000000+01:00,,0.0,0.0,
2026-01-26T01:00:00.0000000+01:00,,0.0,0.0,
2026-01-26T01:15:00.0000000+01:00,,0.0,0.0,
2026-01-26T01:30:00.0000000+01:00,,0.0,0.0,
2026-01-26T01:45:00.0000000+01:00,,0.0,0.0,
2026-01-26T02:00:00.0000000+01:00,,0.0,0.0,
2026-01-26T02:15:00.0000000+01:00,,0.0,0.0,
2026-01-26T02:30:00.0000000+01:00,,0.0,0.0,
2026-01-26T02:45:00.0000000+01:00,,0.0,0.0,
2026-01-26T03:00:00.0000000+01:00,,0.0,0.0,
2026-01-26T03:15:00.0000000+01:00,,0.0,0.0,
2026-01-26T03:30:00.0000000+01:00,,0.0,,
2026-01-26T03:45:00.0000000+01:00,,0.0,0.0,
2026-01-26T04:00:00.0000000+01:00,,0.0,0.0,
2026-01-26T04:15:00.0000000+01:00,,0.0,0.0,
2026-01-26T04:30:00.0000000+01:00,,0.0,0.0,
2026-01-26T04:45:00.0000000+01:00,,0.0,0.0,
2026-01-26T05:00:00.0000000+01:00,,0.0,0.0,
2026-01-26T05:15:00.0000000+01:00,,0.0,0.0,
2026-01-26T05:30:00.0000000+01:00,,0.0,0.0,
2026-01-26T05:45:00.0000000+01:00,,0.0,0.0,
2026-01-26T06:00:00.0000000+01:00,,0.0,0.0,
2026-01-26T06:15:00.0000000+01:00,,0.0,0.0,
2026-01-26T06:30:00.0000000+01:00,,0.0,0.0,
2026-01-26T06:45:00.0000000+01:00,,0.0,0.0,
2026-01-26T07:00:00.0000000+01:00,,0.0,0.0,
2026-01-26T07:15:00.0000000+01:00,,0.0,0.0,
2026-01-26T07:30:00.0000000+01:00,,0.0,1.3333,9.375
2026-01-26T07:45:00.0000000+01:00,,0.0,5.3333,
2026-01-26T08:00:00.0000000+01:00,,0.0,8.3333,
2026-01-26T08:15:00.0000000+01:00,,0.0095,12.3333,69.2308
2026-01-26T16:15:00.0000000+01:00,,0.0023,0.0,56.25
2026-01-26T16:30:00.0000000+01:00,,0.0012,0.0,33.75
2026-01-26T16:45:00.0000000+01:00,,0.0004,0.0,15.625
2026-01-26T17:00:00.0000000+01:00,,0.0,0.0,
2026-01-26T17:15:00.0000000+01:00,,0.0,0.0,
2026-01-26T17:30:00.0000000+01:00,,0.0,0.0,
2026-01-26T17:45:00.0000000+01:00,,0.0,0.0,
2026-01-26T18:00:00.0000000+01:00,,0.0,0.0,
2026-01-26T18:15:00.0000000+01:00,,0.0,0.0,
2026-01-26T18:30:00.0000000+01:00,,0.0,0.0,0.0
2026-01-26T18:45:00.0000000+01:00,,0.0,0.0,
2026-01-26T19:00:00.0000000+01:00,,0.0,0.0,
2026-01-26T19:15:00.0000000+01:00,,0.0,0.0,
2026-01-26T19:30:00.0000000+01:00,,0.0,0.0,
2026-01-26T19:45:00.0000000+01:00,,0.0,0.0,
2026-01-26T20:00:00.0000000+01:00,,0.0,0.0,
2026-01-26T20:15:00.0000000+01:00,,0.0,0.0,
2026-01-26T20:30:00.0000000+01:00,,0.0,0.0,
2026-01-26T20:45:00.0000000+01:00,,0.0,0.0,
2026-01-26T21:00:00.0000000+01:00,,0.0,0.0,
2026-01-26T21:15:00.0000000+01:00,,0.0,0.0,
2026-01-26T21:30:00.0000000+01:00,,0.0,0.0,
2026-01-26T21:45:00.0000000+01:00,,0.0,0.0,
2026-01-26T22:00:00.0000000+01:00,,0.0,0.0,
2026-01-26T22:15:00.0000000+01:00,,0.0,0.0,
2026-01-26T22:30:00.0000000+01:00,,0.0,0.0,
2026-01-26T22:45:00.0000000+01:00,,0.0,0.0,
2026-01-26T23:00:00.0000000+01:00,,0.0,0.0,
2026-01-26T23:15:00.0000000+01:00,,0.0,0.0,
2026-01-26T23:30:00.0000000+01:00,,0.0,0.0,
2026-01-26T23:45:00.0000000+01:00,,0.0,0.0,
2026-01-27T00:00:00.0000000+01:00,,0.0,0.0,
2026-01-27T00:15:00.0000000+01:00,,0.0,0.0,
2026-01-27T00:30:00.0000000+01:00,,0.0,0.0,
2026-01-27T00:45:00.0000000+01:00,,0.0,0.0,
2026-01-27T01:00:00.0000000+01:00,,0.0,0.0,
2026-01-27T01:15:00.0000000+01:00,,0.0,0.0,
2026-01-27T01:30:00.0000000+01:00,,0.0,0.0,
2026-01-27T01:45:00.0000000+01:00,,0.0,0.0,
2026-01-27T02:00:00.0000000+01:00,,0.0,0.0,
2026-01-27T02:15:00.0000000+01:00,,0.0,0.0,
2026-01-27T02:30:00.0000000+01:00,,0.0,0.0,
2026-01-27T02:45:00.0000000+01:00,,0.0,0.0,
2026-01-27T03:00:00.0000000+01:00,,0.0,0.0,
2026-01-27T03:15:00.0000000+01:00,,0.0,0.0,
2026-01-27T03:30:00.0000000+01:00,,0.0,,
2026-01-27T03:45:00.0000000+01:00,,0.0,0.0,
2026-01-27T04:00:00.0000000+01:00,,0.0,0.0,
2026-01-27T04:15:00.0000000+01:00,,0.0,0.0,
2026-01-27T04:30:00.0000000+01:00,,0.0,0.0,
2026-01-27T04:45:00.0000000+01:00,,0.0,0.0,
2026-01-27T05:00:00.0000000+01:00,,0.0,0.0,
2026-01-27T05:15:00.0000000+01:00,,0.0,0.0,
2026-01-27T05:30:00.0000000+01:00,,0.0,0.0,
2026-01-27T05:45:00.0000000+01:00,,0.0,0.0,
2026-01-27T06:00:00.0000000+01:00,,0.0,0.0,
2026-01-27T06:15:00.0000000+01:00,,0.0,0.0,
2026-01-27T06:30:00.0000000+01:00,,0.0,0.0,
2026-01-27T06:45:00.0000000+01:00,,0.0,0.0,
2026-01-27T07:00:00.0000000+01:00,,0.0,0.0,
2026-01-27T07:15:00.0000000+01:00,,0.0,1.3333,
2026-01-27T07:30:00.0000000+01:00,,0.0,9.0,6.25
2026-01-27T07:45:00.0000000+01:00,,0.0,17.0,
2026-01-27T08:00:00.0000000+01:00,,0.0,20.6667,
2026-01-27T08:15:00.0000000+01:00,,0.007,23.0,68.125
2026-01-27T08:30:00.0000000+01:00,,0.0109,30.3333,97.9167
2026-01-27T09:00:00.0000000+01:00,,0.0259,57.6667,
2026-01-27T09:30:00.0000000+01:00,,0.0327,71.0,
2026-01-27T09:45:00.0000000+01:00,,0.0352,65.3333,
2026-01-27T10:15:00.0000000+01:00,,0.0386,98.0,
2026-01-27T10:30:00.0000000+01:00,,0.0347,87.6667,
2026-01-27T11:00:00.0000000+01:00,,0.0533,75.0,
2026-01-27T11:15:00.0000000+01:00,,0.0505,62.6667,
2026-01-27T12:00:00.0000000+01:00,,0.0504,73.6667,
2026-01-27T12:15:00.0000000+01:00,,0.0556,71.6667,
2026-01-27T12:30:00.0000000+01:00,,0.0558,63.3333,
2026-01-27T13:00:00.0000000+01:00,,0.0356,45.6667,
2026-01-27T13:30:00.0000000+01:00,,0.0284,33.3333,
2026-01-27T13:45:00.0000000+01:00,,0.0297,35.3333,
2026-01-27T14:00:00.0000000+01:00,,0.025,28.0,
2026-01-27T14:30:00.0000000+01:00,,0.0205,24.3333,
2026-01-27T14:45:00.0000000+01:00,,0.0221,15.6667,
2026-01-27T15:00:00.0000000+01:00,,0.0164,5.3333,96.875
2026-01-27T15:30:00.0000000+01:00,,0.0075,0.0,92.1875
2026-01-27T15:45:00.0000000+01:00,,0.0051,0.0,81.25
2026-01-27T16:00:00.0000000+01:00,,0.0025,0.0,58.125
2026-01-27T16:15:00.0000000+01:00,,0.0014,0.0,31.25
2026-01-27T16:30:00.0000000+01:00,,0.0011,0.0,21.875
2026-01-27T16:45:00.0000000+01:00,,0.0001,0.0,9.375
2026-01-27T17:00:00.0000000+01:00,,0.0,0.0,
2026-01-27T17:15:00.0000000+01:00,,0.0,0.0,
2026-01-27T17:30:00.0000000+01:00,,0.0,0.0,
2026-01-27T17:45:00.0000000+01:00,,0.0,0.0,
2026-01-27T18:00:00.0000000+01:00,,0.0,0.0,
2026-01-27T18:15:00.0000000+01:00,,0.0,0.0,0.0
2026-01-27T18:30:00.0000000+01:00,,0.0,0.0,
2026-01-27T18:45:00.0000000+01:00,,0.0,0.0,
2026-01-27T19:00:00.0000000+01:00,,0.0,0.0,
2026-01-27T19:15:00.0000000+01:00,,0.0,0.0,
2026-01-27T19:30:00.0000000+01:00,,0.0,0.0,
2026-01-27T19:45:00.0000000+01:00,,0.0,0.0,
2026-01-27T20:00:00.0000000+01:00,,0.0,0.0,
2026-01-27T20:15:00.0000000+01:00,,0.0,0.0,
2026-01-27T20:30:00.0000000+01:00,,0.0,0.0,
2026-01-27T20:45:00.0000000+01:00,,0.0,0.0,
2026-01-27T21:00:00.0000000+01:00,,0.0,0.0,
2026-01-27T21:15:00.0000000+01:00,,0.0,0.0,
2026-01-27T21:30:00.0000000+01:00,,0.0,0.0,
2026-01-27T21:45:00.0000000+01:00,,0.0,0.0,
2026-01-27T22:00:00.0000000+01:00,,0.0,0.0,
2026-01-27T22:15:00.0000000+01:00,,0.0,0.0,
2026-01-27T22:30:00.0000000+01:00,,0.0,0.0,
2026-01-27T22:45:00.0000000+01:00,,0.0,0.0,
2026-01-27T23:00:00.0000000+01:00,,0.0,0.0,
2026-01-27T23:15:00.0000000+01:00,,0.0,0.0,
2026-01-27T23:30:00.0000000+01:00,,0.0,0.0,
2026-01-27T23:45:00.0000000+01:00,,0.0,0.0,
2026-01-28T00:00:00.0000000+01:00,,0.0,0.0,
2026-01-28T00:15:00.0000000+01:00,,0.0,0.0,
2026-01-28T00:30:00.0000000+01:00,,0.0,0.0,
2026-01-28T00:45:00.0000000+01:00,,0.0,0.0,
2026-01-28T01:00:00.0000000+01:00,,0.0,0.0,
2026-01-28T01:15:00.0000000+01:00,,0.0,0.0,
2026-01-28T01:30:00.0000000+01:00,,0.0,0.0,
2026-01-28T01:45:00.0000000+01:00,,0.0,0.0,
2026-01-28T02:00:00.0000000+01:00,,0.0,0.0,
2026-01-28T02:15:00.0000000+01:00,,0.0,0.0,
2026-01-28T02:30:00.0000000+01:00,,0.0,0.0,
2026-01-28T02:45:00.0000000+01:00,,0.0,0.0,
2026-01-28T03:00:00.0000000+01:00,,0.0,0.0,
2026-01-28T03:15:00.0000000+01:00,,0.0,0.0,
2026-01-28T03:30:00.0000000+01:00,,0.0,,
2026-01-28T03:45:00.0000000+01:00,,0.0,0.0,
2026-01-28T04:00:00.0000000+01:00,,0.0,0.0,
2026-01-28T04:15:00.0000000+01:00,,0.0,0.0,
2026-01-28T04:30:00.0000000+01:00,,0.0,0.0,
2026-01-28T04:45:00.0000000+01:00,,0.0,0.0,
2026-01-28T05:00:00.0000000+01:00,,0.0,0.0,
2026-01-28T05:15:00.0000000+01:00,,0.0,0.0,
2026-01-28T05:30:00.0000000+01:00,,0.0,0.0,
2026-01-28T05:45:00.0000000+01:00,,0.0,0.0,
2026-01-28T06:00:00.0000000+01:00,,0.0,0.0,
2026-01-28T06:15:00.0000000+01:00,,0.0,0.0,
2026-01-28T06:30:00.0000000+01:00,,0.0,0.0,
2026-01-28T06:45:00.0000000+01:00,,0.0,0.0,
2026-01-28T07:00:00.0000000+01:00,,0.0,0.0,
2026-01-28T07:15:00.0000000+01:00,,0.0,1.6667,
2026-01-28T07:30:00.0000000+01:00,,0.0,11.3333,
2026-01-28T07:45:00.0000000+01:00,,0.0,20.3333,6.25
2026-01-28T08:00:00.0000000+01:00,,0.0,23.3333,
2026-01-28T08:15:00.0000000+01:00,,0.0,34.0,
2026-01-28T08:30:00.0000000+01:00,,0.0035,45.0,60.0962
2026-01-28T08:45:00.0000000+01:00,,0.009,52.6667,100.0
2026-01-28T09:00:00.0000000+01:00,,0.0132,56.6667,
2026-01-28T09:30:00.0000000+01:00,,0.026,44.6667,
2026-01-28T10:15:00.0000000+01:00,,0.0445,61.3333,
2026-01-28T11:15:00.0000000+01:00,,0.0761,66.6667,
2026-01-28T11:45:00.0000000+01:00,,0.0888,57.6667,
2026-01-28T12:00:00.0000000+01:00,,0.0919,48.6667,
2026-01-28T12:15:00.0000000+01:00,,0.0921,44.3333,
2026-01-28T13:15:00.0000000+01:00,,0.0653,27.6667,
2026-01-28T13:45:00.0000000+01:00,,0.0512,18.0,
2026-01-28T14:30:00.0000000+01:00,,0.0283,27.3333,
2026-01-28T15:00:00.0000000+01:00,,0.0187,6.3333,
2026-01-28T15:15:00.0000000+01:00,,0.0136,0.0,
2026-01-28T15:45:00.0000000+01:00,,0.0077,0.0,90.625
2026-01-28T16:00:00.0000000+01:00,,0.0043,0.0,72.7679
2026-01-28T16:15:00.0000000+01:00,,0.0024,0.0,47.7273
2026-01-28T16:30:00.0000000+01:00,,0.0013,0.0,25.0
2026-01-28T16:45:00.0000000+01:00,,0.0008,0.0,8.3333
2026-01-28T17:00:00.0000000+01:00,,0.0,0.0,
2026-01-28T17:15:00.0000000+01:00,,0.0,0.0,
2026-01-28T17:30:00.0000000+01:00,,0.0,0.0,
2026-01-28T17:45:00.0000000+01:00,,0.0,0.0,
2026-01-28T18:00:00.0000000+01:00,,0.0,0.0,
2026-01-28T18:15:00.0000000+01:00,,0.0,0.0,
2026-01-28T18:30:00.0000000+01:00,,0.0,0.0,
2026-01-28T18:45:00.0000000+01:00,,0.0,0.0,
2026-01-28T19:00:00.0000000+01:00,,0.0,0.0,
2026-01-28T19:15:00.0000000+01:00,,0.0,0.0,
2026-01-28T19:30:00.0000000+01:00,,0.0,0.0,
2026-01-28T19:45:00.0000000+01:00,,0.0,0.0,
2026-01-28T20:00:00.0000000+01:00,,0.0,0.0,
2026-01-28T20:15:00.0000000+01:00,,0.0,0.0,
2026-01-28T20:30:00.0000000+01:00,,0.0,0.0,
2026-01-28T20:45:00.0000000+01:00,,0.0,0.0,
2026-01-28T21:00:00.0000000+01:00,,0.0,0.0,
2026-01-28T21:15:00.0000000+01:00,,0.0,0.0,
2026-01-28T21:30:00.0000000+01:00,,0.0,0.0,
2026-01-28T21:45:00.0000000+01:00,,0.0,0.0,
2026-01-28T22:00:00.0000000+01:00,,0.0,0.0,
2026-01-28T22:15:00.0000000+01:00,,0.0,0.0,
2026-01-28T22:30:00.0000000+01:00,,0.0,0.0,
2026-01-28T22:45:00.0000000+01:00,,0.0,0.0,
2026-01-28T23:00:00.0000000+01:00,,0.0,0.0,
2026-01-28T23:15:00.0000000+01:00,,0.0,0.0,
2026-01-28T23:30:00.0000000+01:00,,0.0,0.0,
2026-01-28T23:45:00.0000000+01:00,,0.0,0.0,
2026-01-29T00:00:00.0000000+01:00,,0.0,0.0,
2026-01-29T00:15:00.0000000+01:00,,0.0,0.0,
2026-01-29T00:30:00.0000000+01:00,,0.0,0.0,
2026-01-29T00:45:00.0000000+01:00,,0.0,0.0,
2026-01-29T01:00:00.0000000+01:00,,0.0,0.0,
2026-01-29T01:15:00.0000000+01:00,,0.0,0.0,
2026-01-29T01:30:00.0000000+01:00,,0.0,0.0,
2026-01-29T01:45:00.0000000+01:00,,0.0,0.0,
2026-01-29T02:00:00.0000000+01:00,,0.0,0.0,
2026-01-29T02:15:00.0000000+01:00,,0.0,0.0,
2026-01-29T02:30:00.0000000+01:00,,0.0,0.0,
2026-01-29T02:45:00.0000000+01:00,,0.0,0.0,
2026-01-29T03:00:00.0000000+01:00,,0.0,0.0,
2026-01-29T03:15:00.0000000+01:00,,0.0,0.0,
2026-01-29T03:30:00.0000000+01:00,,0.0,,
2026-01-29T03:45:00.0000000+01:00,,0.0,0.0,
2026-01-29T04:00:00.0000000+01:00,,0.0,0.0,
2026-01-29T04:15:00.0000000+01:00,,0.0,0.0,
2026-01-29T04:30:00.0000000+01:00,,0.0,0.0,
2026-01-29T04:45:00.0000000+01:00,,0.0,0.0,
2026-01-29T05:00:00.0000000+01:00,,0.0,0.0,
2026-01-29T05:15:00.0000000+01:00,,0.0,0.0,
2026-01-29T05:30:00.0000000+01:00,,0.0,0.0,
2026-01-29T05:45:00.0000000+01:00,,0.0,0.0,
2026-01-29T06:00:00.0000000+01:00,,0.0,0.0,
2026-01-29T06:15:00.0000000+01:00,,0.0,0.0,
2026-01-29T06:30:00.0000000+01:00,,0.0,0.0,
2026-01-29T06:45:00.0000000+01:00,,0.0,0.0,
2026-01-29T07:00:00.0000000+01:00,,0.0,0.0,
2026-01-29T07:15:00.0000000+01:00,,0.0,2.3333,
2026-01-29T07:30:00.0000000+01:00,,0.0,12.3333,
2026-01-29T07:45:00.0000000+01:00,,0.0,21.6667,
2026-01-29T08:00:00.0000000+01:00,,0.0,31.0,
2026-01-29T08:15:00.0000000+01:00,,0.0003,42.3333,23.9583
2026-01-29T08:30:00.0000000+01:00,,0.0081,50.3333,79.375
2026-01-29T08:45:00.0000000+01:00,,0.0153,59.6667,100.0
2026-01-29T09:15:00.0000000+01:00,,0.0274,60.3333,
2026-01-29T09:45:00.0000000+01:00,,0.0372,39.3333,
2026-01-29T10:15:00.0000000+01:00,,0.0489,56.3333,
2026-01-29T10:30:00.0000000+01:00,,0.0521,52.3333,
2026-01-29T11:00:00.0000000+01:00,,0.0543,52.3333,
2026-01-29T11:15:00.0000000+01:00,,0.0543,52.3333,
2026-01-29T11:30:00.0000000+01:00,,0.0543,51.3333,
2026-01-29T11:45:00.0000000+01:00,,0.0543,47.0,
2026-01-29T12:00:00.0000000+01:00,,0.0543,47.0,
2026-01-29T12:15:00.0000000+01:00,,0.0543,41.0,
2026-01-29T12:30:00.0000000+01:00,,0.0543,37.3333,
2026-01-29T12:45:00.0000000+01:00,,0.0543,41.0,
2026-01-29T13:15:00.0000000+01:00,,0.0521,39.3333,
2026-01-29T13:30:00.0000000+01:00,,0.0497,35.0,
2026-01-29T14:45:00.0000000+01:00,,0.0235,20.3333,
2026-01-29T15:00:00.0000000+01:00,,0.0224,8.3333,
2026-01-29T15:30:00.0000000+01:00,,0.0072,0.0,88.5417
2026-01-29T15:45:00.0000000+01:00,,0.0035,0.0,66.6667
2026-01-29T16:00:00.0000000+01:00,,0.002,0.0,40.625
2026-01-29T16:15:00.0000000+01:00,,0.0013,0.0,22.5
2026-01-29T16:30:00.0000000+01:00,,0.0012,0.0,21.875
2026-01-29T16:45:00.0000000+01:00,,0.0006,0.0,10.4167
2026-01-29T17:00:00.0000000+01:00,,0.0,0.0,
2026-01-29T17:15:00.0000000+01:00,,0.0,0.0,
2026-01-29T17:30:00.0000000+01:00,,0.0,0.0,
2026-01-29T17:45:00.0000000+01:00,,0.0,0.0,
2026-01-29T18:00:00.0000000+01:00,,0.0,0.0,
2026-01-29T18:15:00.0000000+01:00,,0.0,0.0,
2026-01-29T18:30:00.0000000+01:00,,0.0,0.0,
2026-01-29T18:45:00.0000000+01:00,,0.0,0.0,
2026-01-29T19:00:00.0000000+01:00,,0.0,0.0,
2026-01-29T19:15:00.0000000+01:00,,0.0,0.0,
2026-01-29T19:30:00.0000000+01:00,,0.0,0.0,
2026-01-29T19:45:00.0000000+01:00,,0.0,0.0,
2026-01-29T20:00:00.0000000+01:00,,0.0,0.0,
2026-01-29T20:15:00.0000000+01:00,,0.0,0.0,
2026-01-29T20:30:00.0000000+01:00,,0.0,0.0,
2026-01-29T20:45:00.0000000+01:00,,0.0,0.0,
2026-01-29T21:00:00.0000000+01:00,,0.0,0.0,
2026-01-29T21:15:00.0000000+01:00,,0.0,0.0,
2026-01-29T21:30:00.0000000+01:00,,0.0,0.0,
2026-01-29T21:45:00.0000000+01:00,,0.0,0.0,
2026-01-29T22:00:00.0000000+01:00,,0.0,0.0,
2026-01-29T22:15:00.0000000+01:00,,0.0,0.0,
2026-01-29T22:30:00.0000000+01:00,,0.0,0.0,
2026-01-29T22:45:00.0000000+01:00,,0.0,0.0,
2026-01-29T23:00:00.0000000+01:00,,0.0,0.0,
2026-01-29T23:15:00.0000000+01:00,,0.0,0.0,
2026-01-29T23:30:00.0000000+01:00,,0.0,0.0,
2026-01-29T23:45:00.0000000+01:00,,0.0,0.0,
2026-01-30T00:00:00.0000000+01:00,,0.0,0.0,
2026-01-30T00:15:00.0000000+01:00,,0.0,0.0,
2026-01-30T00:30:00.0000000+01:00,,0.0,0.0,
2026-01-30T00:45:00.0000000+01:00,,0.0,0.0,
2026-01-30T01:00:00.0000000+01:00,,0.0,0.0,
2026-01-30T01:15:00.0000000+01:00,,0.0,0.0,
2026-01-30T01:30:00.0000000+01:00,,0.0,0.0,
2026-01-30T01:45:00.0000000+01:00,,0.0,0.0,
2026-01-30T02:00:00.0000000+01:00,,0.0,0.0,
2026-01-30T02:15:00.0000000+01:00,,0.0,0.0,
2026-01-30T02:30:00.0000000+01:00,,0.0,0.0,
2026-01-30T02:45:00.0000000+01:00,,0.0,0.0,
2026-01-30T03:00:00.0000000+01:00,,0.0,0.0,
2026-01-30T03:15:00.0000000+01:00,,0.0,0.0,
2026-01-30T03:30:00.0000000+01:00,,0.0,,
2026-01-30T03:45:00.0000000+01:00,,0.0,0.0,
2026-01-30T04:00:00.0000000+01:00,,0.0,0.0,
2026-01-30T04:15:00.0000000+01:00,,0.0,0.0,
2026-01-30T04:30:00.0000000+01:00,,0.0,0.0,
2026-01-30T04:45:00.0000000+01:00,,0.0,0.0,
2026-01-30T05:00:00.0000000+01:00,,0.0,0.0,
2026-01-30T05:15:00.0000000+01:00,,0.0,0.0,
2026-01-30T05:30:00.0000000+01:00,,0.0,0.0,
2026-01-30T05:45:00.0000000+01:00,,0.0,0.0,
2026-01-30T06:00:00.0000000+01:00,,0.0,0.0,
2026-01-30T06:15:00.0000000+01:00,,0.0,0.0,
2026-01-30T06:30:00.0000000+01:00,,0.0,0.0,
2026-01-30T06:45:00.0000000+01:00,,0.0,0.0,
2026-01-30T07:00:00.0000000+01:00,,0.0,0.0,
2026-01-30T07:15:00.0000000+01:00,,0.0,2.0,
2026-01-30T07:30:00.0000000+01:00,,0.0,7.0,
2026-01-30T07:45:00.0000000+01:00,,0.002,5.3333,36.9318
2026-01-30T08:00:00.0000000+01:00,,0.0068,5.6667,68.75
2026-01-30T13:00:00.0000000+01:00,,0.0905,61.3333,
2026-01-30T16:15:00.0000000+01:00,,0.0046,0.0,73.9583
2026-01-30T16:30:00.0000000+01:00,,0.0019,0.0,51.3889
2026-01-30T16:45:00.0000000+01:00,,0.0012,0.0,34.375
2026-01-30T17:00:00.0000000+01:00,,0.0005,0.0,21.875
2026-01-30T17:15:00.0000000+01:00,,0.0,0.0,
2026-01-30T17:30:00.0000000+01:00,,0.0,0.0,
2026-01-30T17:45:00.0000000+01:00,,0.0,0.0,
2026-01-30T18:00:00.0000000+01:00,,0.0,0.0,
2026-01-30T18:15:00.0000000+01:00,,0.0,0.0,
2026-01-30T18:30:00.0000000+01:00,,0.0,0.0,6.25
2026-01-30T18:45:00.0000000+01:00,,0.0,0.0,0.0
2026-01-30T19:00:00.0000000+01:00,,0.0,0.0,
2026-01-30T19:15:00.0000000+01:00,,0.0,0.0,
2026-01-30T19:30:00.0000000+01:00,,0.0,0.0,
2026-01-30T19:45:00.0000000+01:00,,0.0,0.0,
2026-01-30T20:00:00.0000000+01:00,,0.0,0.0,
2026-01-30T20:15:00.0000000+01:00,,0.0,0.0,
2026-01-30T20:30:00.0000000+01:00,,0.0,0.0,
2026-01-30T20:45:00.0000000+01:00,,0.0,0.0,
2026-01-30T21:00:00.0000000+01:00,,0.0,0.0,
2026-01-30T21:15:00.0000000+01:00,,0.0,0.0,
2026-01-30T21:30:00.0000000+01:00,,0.0,0.0,
2026-01-30T21:45:00.0000000+01:00,,0.0,0.0,
2026-01-30T22:00:00.0000000+01:00,,0.0,0.0,
2026-01-30T22:15:00.0000000+01:00,,0.0,0.0,
2026-01-30T22:30:00.0000000+01:00,,0.0,0.0,
2026-01-30T22:45:00.0000000+01:00,,0.0,0.0,
2026-01-30T23:00:00.0000000+01:00,,0.0,0.0,
2026-01-30T23:15:00.0000000+01:00,,0.0,0.0,
2026-01-30T23:30:00.0000000+01:00,,0.0,0.0,
2026-01-30T23:45:00.0000000+01:00,,0.0,0.0,
2026-01-31T00:00:00.0000000+01:00,,0.0,0.0,
2026-01-31T00:15:00.0000000+01:00,,0.0,0.0,
2026-01-31T00:30:00.0000000+01:00,,0.0,0.0,
2026-01-31T00:45:00.0000000+01:00,,0.0,0.0,
2026-01-31T01:00:00.0000000+01:00,,0.0,0.0,
2026-01-31T01:15:00.0000000+01:00,,0.0,0.0,
2026-01-31T01:30:00.0000000+01:00,,0.0,0.0,
2026-01-31T01:45:00.0000000+01:00,,0.0,0.0,
2026-01-31T02:00:00.0000000+01:00,,0.0,0.0,
2026-01-31T02:15:00.0000000+01:00,,0.0,0.0,
2026-01-31T02:30:00.0000000+01:00,,0.0,0.0,
2026-01-31T02:45:00.0000000+01:00,,0.0,0.0,
2026-01-31T03:00:00.0000000+01:00,,0.0,0.0,
2026-01-31T03:15:00.0000000+01:00,,0.0,0.0,
2026-01-31T03:30:00.0000000+01:00,,0.0,,
2026-01-31T03:45:00.0000000+01:00,,0.0,0.0,
2026-01-31T04:00:00.0000000+01:00,,0.0,0.0,
2026-01-31T04:15:00.0000000+01:00,,0.0,0.0,
2026-01-31T04:30:00.0000000+01:00,,0.0,0.0,
2026-01-31T04:45:00.0000000+01:00,,0.0,0.0,
2026-01-31T05:00:00.0000000+01:00,,0.0,0.0,
2026-01-31T05:15:00.0000000+01:00,,0.0,0.0,
2026-01-31T05:30:00.0000000+01:00,,0.0,0.0,
2026-01-31T05:45:00.0000000+01:00,,0.0,0.0,
2026-01-31T06:00:00.0000000+01:00,,0.0,0.0,
2026-01-31T06:15:00.0000000+01:00,,0.0,0.0,
2026-01-31T06:30:00.0000000+01:00,,0.0,0.0,
2026-01-31T06:45:00.0000000+01:00,,0.0,0.0,
2026-01-31T07:00:00.0000000+01:00,,0.0,0.0,
2026-01-31T07:15:00.0000000+01:00,,0.0,5.3333,6.25
2026-01-31T07:30:00.0000000+01:00,,0.0,18.0,12.5
2026-01-31T07:45:00.0000000+01:00,,0.0086,33.0,63.75
2026-01-31T17:00:00.0000000+01:00,,0.0011,0.0,30.0
2026-01-31T17:15:00.0000000+01:00,,0.0001,0.0,9.375
2026-01-31T17:30:00.0000000+01:00,,0.0,0.0,
2026-01-31T17:45:00.0000000+01:00,,0.0,0.0,
2026-01-31T18:00:00.0000000+01:00,,0.0,0.0,
2026-01-31T18:15:00.0000000+01:00,,0.0,0.0,
2026-01-31T18:30:00.0000000+01:00,,0.0,0.0,
2026-01-31T18:45:00.0000000+01:00,,0.0,0.0,0.0
2026-01-31T19:00:00.0000000+01:00,,0.0,0.0,
2026-01-31T19:15:00.0000000+01:00,,0.0,0.0,
2026-01-31T19:30:00.0000000+01:00,,0.0,0.0,
2026-01-31T19:45:00.0000000+01:00,,0.0,0.0,
2026-01-31T20:00:00.0000000+01:00,,0.0,0.0,
2026-01-31T20:15:00.0000000+01:00,,0.0,0.0,
2026-01-31T20:30:00.0000000+01:00,,0.0,0.0,
2026-01-31T20:45:00.0000000+01:00,,0.0,0.0,
2026-01-31T21:00:00.0000000+01:00,,0.0,0.0,
2026-01-31T21:15:00.0000000+01:00,,0.0,0.0,
2026-01-31T21:30:00.0000000+01:00,,0.0,0.0,
2026-01-31T21:45:00.0000000+01:00,,0.0,0.0,
2026-01-31T22:00:00.0000000+01:00,,0.0,0.0,
2026-01-31T22:15:00.0000000+01:00,,0.0,0.0,
2026-01-31T22:30:00.0000000+01:00,,0.0,0.0,
2026-01-31T22:45:00.0000000+01:00,,0.0,0.0,
2026-01-31T23:00:00.0000000+01:00,,0.0,0.0,
2026-01-31T23:15:00.0000000+01:00,,0.0,0.0,
2026-01-31T23:30:00.0000000+01:00,,0.0,0.0,
2026-01-31T23:45:00.0000000+01:00,,0.0,0.0,
2026-02-01T00:00:00.0000000+01:00,,0.0,0.0,
2026-02-01T00:15:00.0000000+01:00,,0.0,0.0,
2026-02-01T00:30:00.0000000+01:00,,0.0,0.0,
2026-02-01T00:45:00.0000000+01:00,,0.0,0.0,
2026-02-01T01:00:00.0000000+01:00,,0.0,0.0,
2026-02-01T01:15:00.0000000+01:00,,0.0,0.0,
2026-02-01T01:30:00.0000000+01:00,,0.0,0.0,
2026-02-01T01:45:00.0000000+01:00,,0.0,0.0,
2026-02-01T02:00:00.0000000+01:00,,0.0,0.0,
2026-02-01T02:15:00.0000000+01:00,,0.0,0.0,
2026-02-01T02:30:00.0000000+01:00,,0.0,0.0,
2026-02-01T02:45:00.0000000+01:00,,0.0,0.0,
2026-02-01T03:00:00.0000000+01:00,,0.0,0.0,
2026-02-01T03:15:00.0000000+01:00,,0.0,0.0,
2026-02-01T03:30:00.0000000+01:00,,0.0,,
2026-02-01T03:45:00.0000000+01:00,,0.0,0.0,
2026-02-01T04:00:00.0000000+01:00,,0.0,0.0,
2026-02-01T04:15:00.0000000+01:00,,0.0,0.0,
2026-02-01T04:30:00.0000000+01:00,,0.0,0.0,
2026-02-01T04:45:00.0000000+01:00,,0.0,0.0,
2026-02-01T05:00:00.0000000+01:00,,0.0,0.0,
2026-02-01T05:15:00.0000000+01:00,,0.0,0.0,
2026-02-01T05:30:00.0000000+01:00,,0.0,0.0,
2026-02-01T05:45:00.0000000+01:00,,0.0,0.0,
2026-02-01T06:00:00.0000000+01:00,,0.0,0.0,
2026-02-01T06:15:00.0000000+01:00,,0.0,0.0,
2026-02-01T06:30:00.0000000+01:00,,0.0,0.0,
2026-02-01T06:45:00.0000000+01:00,,0.0,0.0,
2026-02-01T07:00:00.0000000+01:00,,0.0,0.0,
2026-02-01T07:15:00.0000000+01:00,,0.0,3.0,6.25
2026-02-01T07:30:00.0000000+01:00,,0.0035,9.3333,56.25
2026-02-01T16:15:00.0000000+01:00,,0.0113,0.0,87.5
2026-02-01T16:45:00.0000000+01:00,,0.0019,0.0,49.3056
2026-02-01T17:00:00.0000000+01:00,,0.0008,0.0,9.375
2026-02-01T17:15:00.0000000+01:00,,0.0,0.0,
2026-02-01T17:30:00.0000000+01:00,,0.0,0.0,
2026-02-01T17:45:00.0000000+01:00,,0.0,0.0,
2026-02-01T18:00:00.0000000+01:00,,0.0,0.0,
2026-02-01T18:15:00.0000000+01:00,,0.0,0.0,
2026-02-01T18:30:00.0000000+01:00,,0.0,0.0,
2026-02-01T18:45:00.0000000+01:00,,0.0,0.0,0.0
2026-02-01T19:00:00.0000000+01:00,,0.0,0.0,
2026-02-01T19:15:00.0000000+01:00,,0.0,0.0,
2026-02-01T19:30:00.0000000+01:00,,0.0,0.0,
2026-02-01T19:45:00.0000000+01:00,,0.0,0.0,
2026-02-01T20:00:00.0000000+01:00,,0.0,0.0,
2026-02-01T20:15:00.0000000+01:00,,0.0,0.0,
2026-02-01T20:30:00.0000000+01:00,,0.0,0.0,
2026-02-01T20:45:00.0000000+01:00,,0.0,0.0,
2026-02-01T21:00:00.0000000+01:00,,0.0,0.0,
2026-02-01T21:15:00.0000000+01:00,,0.0,0.0,
2026-02-01T21:30:00.0000000+01:00,,0.0,0.0,
2026-02-01T21:45:00.0000000+01:00,,0.0,0.0,
2026-02-01T22:00:00.0000000+01:00,,0.0,0.0,
2026-02-01T22:15:00.0000000+01:00,,0.0,0.0,
2026-02-01T22:30:00.0000000+01:00,,0.0,0.0,
2026-02-01T22:45:00.0000000+01:00,,0.0,0.0,
2026-02-01T23:00:00.0000000+01:00,,0.0,0.0,
2026-02-01T23:15:00.0000000+01:00,,0.0,0.0,
2026-02-01T23:30:00.0000000+01:00,,0.0,0.0,
2026-02-01T23:45:00.0000000+01:00,,0.0,0.0,
2026-02-02T00:00:00.0000000+01:00,,0.0,0.0,
2026-02-02T00:15:00.0000000+01:00,,0.0,0.0,
2026-02-02T00:30:00.0000000+01:00,,0.0,0.0,
2026-02-02T00:45:00.0000000+01:00,,0.0,0.0,
2026-02-02T01:00:00.0000000+01:00,,0.0,0.0,
2026-02-02T01:15:00.0000000+01:00,,0.0,0.0,
2026-02-02T01:30:00.0000000+01:00,,0.0,0.0,
2026-02-02T01:45:00.0000000+01:00,,0.0,0.0,
2026-02-02T02:00:00.0000000+01:00,,0.0,0.0,
2026-02-02T02:15:00.0000000+01:00,,0.0,0.0,
2026-02-02T02:30:00.0000000+01:00,,0.0,0.0,
2026-02-02T02:45:00.0000000+01:00,,0.0,0.0,
2026-02-02T03:00:00.0000000+01:00,,0.0,0.0,
2026-02-02T03:15:00.0000000+01:00,,0.0,0.0,
2026-02-02T03:30:00.0000000+01:00,,0.0,,
2026-02-02T03:45:00.0000000+01:00,,0.0,0.0,
2026-02-02T04:00:00.0000000+01:00,,0.0,0.0,
2026-02-02T04:15:00.0000000+01:00,,0.0,0.0,
2026-02-02T04:30:00.0000000+01:00,,0.0,0.0,
2026-02-02T04:45:00.0000000+01:00,,0.0,0.0,
2026-02-02T05:00:00.0000000+01:00,,0.0,0.0,
2026-02-02T05:15:00.0000000+01:00,,0.0,0.0,
2026-02-02T05:30:00.0000000+01:00,,0.0,0.0,
2026-02-02T05:45:00.0000000+01:00,,0.0,0.0,
2026-02-02T06:00:00.0000000+01:00,,0.0,0.0,
2026-02-02T06:15:00.0000000+01:00,,0.0,0.0,
2026-02-02T06:30:00.0000000+01:00,,0.0,0.0,
2026-02-02T06:45:00.0000000+01:00,,0.0,0.0,
2026-02-02T07:00:00.0000000+01:00,,0.0,0.3333,
2026-02-02T07:15:00.0000000+01:00,,0.0,5.3333,6.25
2026-02-02T07:30:00.0000000+01:00,,0.0,15.0,
2026-02-02T07:45:00.0000000+01:00,,0.004,27.3333,63.75
2026-02-02T12:00:00.0000000+01:00,,0.4022,34.6667,
2026-02-02T12:15:00.0000000+01:00,,0.3715,35.0,
2026-02-02T12:30:00.0000000+01:00,,0.3861,35.0,
2026-02-02T12:45:00.0000000+01:00,,0.3589,37.0,
2026-02-02T13:00:00.0000000+01:00,,0.3826,39.0,
2026-02-02T13:15:00.0000000+01:00,,0.3628,36.0,
2026-02-02T13:30:00.0000000+01:00,,0.3314,31.3333,
2026-02-02T13:45:00.0000000+01:00,,0.3755,27.6667,
2026-02-02T14:00:00.0000000+01:00,,0.3297,25.0,
2026-02-02T14:15:00.0000000+01:00,,0.3509,29.3333,
2026-02-02T14:30:00.0000000+01:00,,0.3109,34.3333,
2026-02-02T14:45:00.0000000+01:00,,0.2143,24.6667,
2026-02-02T16:45:00.0000000+01:00,,0.0038,0.0,65.625
2026-02-02T17:00:00.0000000+01:00,,0.0013,0.0,33.3333
2026-02-02T17:15:00.0000000+01:00,,0.0003,0.0,3.125
2026-02-02T17:30:00.0000000+01:00,,0.0,0.0,
2026-02-02T17:45:00.0000000+01:00,,0.0,0.0,
2026-02-02T18:00:00.0000000+01:00,,0.0,0.0,
2026-02-02T18:15:00.0000000+01:00,,0.0,0.0,
2026-02-02T18:30:00.0000000+01:00,,0.0,0.0,
2026-02-02T18:45:00.0000000+01:00,,0.0,0.0,
2026-02-02T19:00:00.0000000+01:00,,0.0,0.0,
2026-02-02T19:15:00.0000000+01:00,,0.0,0.0,
2026-02-02T19:30:00.0000000+01:00,,0.0,0.0,
2026-02-02T19:45:00.0000000+01:00,,0.0,0.0,
2026-02-02T20:00:00.0000000+01:00,,0.0,0.0,
2026-02-02T20:15:00.0000000+01:00,,0.0,0.0,
2026-02-02T20:30:00.0000000+01:00,,0.0,0.0,
2026-02-02T20:45:00.0000000+01:00,,0.0,0.0,
2026-02-02T21:00:00.0000000+01:00,,0.0,0.0,
2026-02-02T21:15:00.0000000+01:00,,0.0,0.0,
2026-02-02T21:30:00.0000000+01:00,,0.0,0.0,
2026-02-02T21:45:00.0000000+01:00,,0.0,0.0,
2026-02-02T22:00:00.0000000+01:00,,0.0,0.0,
2026-02-02T22:15:00.0000000+01:00,,0.0,0.0,
2026-02-02T22:30:00.0000000+01:00,,0.0,0.0,
2026-02-02T22:45:00.0000000+01:00,,0.0,0.0,
2026-02-02T23:00:00.0000000+01:00,,0.0,0.0,
2026-02-02T23:15:00.0000000+01:00,,0.0,0.0,
2026-02-02T23:30:00.0000000+01:00,,0.0,0.0,
2026-02-02T23:45:00.0000000+01:00,,0.0,0.0,
2026-02-03T00:00:00.0000000+01:00,,0.0,0.0,
2026-02-03T00:15:00.0000000+01:00,,0.0,0.0,
2026-02-03T00:30:00.0000000+01:00,,0.0,0.0,
2026-02-03T00:45:00.0000000+01:00,,0.0,0.0,
2026-02-03T01:00:00.0000000+01:00,,0.0,0.0,
2026-02-03T01:15:00.0000000+01:00,,0.0,0.0,
2026-02-03T01:30:00.0000000+01:00,,0.0,0.0,
2026-02-03T01:45:00.0000000+01:00,,0.0,0.0,
2026-02-03T02:00:00.0000000+01:00,,0.0,0.0,
2026-02-03T02:15:00.0000000+01:00,,0.0,0.0,
2026-02-03T02:30:00.0000000+01:00,,0.0,0.0,
2026-02-03T02:45:00.0000000+01:00,,0.0,0.0,
2026-02-03T03:00:00.0000000+01:00,,0.0,0.0,
2026-02-03T03:15:00.0000000+01:00,,0.0,0.0,
2026-02-03T03:30:00.0000000+01:00,,0.0,,
2026-02-03T03:45:00.0000000+01:00,,0.0,0.0,
2026-02-03T04:00:00.0000000+01:00,,0.0,0.0,
2026-02-03T04:15:00.0000000+01:00,,0.0,0.0,
2026-02-03T04:30:00.0000000+01:00,,0.0,0.0,
2026-02-03T04:45:00.0000000+01:00,,0.0,0.0,
2026-02-03T05:00:00.0000000+01:00,,0.0,0.0,
2026-02-03T05:15:00.0000000+01:00,,0.0,0.0,
2026-02-03T05:30:00.0000000+01:00,,0.0,0.0,
2026-02-03T05:45:00.0000000+01:00,,0.0,0.0,
2026-02-03T06:00:00.0000000+01:00,,0.0,0.0,
2026-02-03T06:15:00.0000000+01:00,,0.0,0.0,
2026-02-03T06:30:00.0000000+01:00,,0.0,0.0,
2026-02-03T06:45:00.0000000+01:00,,0.0,0.0,
2026-02-03T07:00:00.0000000+01:00,,0.0,0.6667,
2026-02-03T07:15:00.0000000+01:00,,0.0,9.6667,
2026-02-03T07:30:00.0000000+01:00,,0.0028,18.3333,60.0
2026-02-03T17:00:00.0000000+01:00,,0.002,0.0,46.0938
2026-02-03T17:15:00.0000000+01:00,,0.0006,0.0,17.1875
2026-02-03T17:30:00.0000000+01:00,,0.0,0.0,
2026-02-03T17:45:00.0000000+01:00,,0.0,0.0,
2026-02-03T18:00:00.0000000+01:00,,0.0,0.0,
2026-02-03T18:15:00.0000000+01:00,,0.0,0.0,
2026-02-03T18:30:00.0000000+01:00,,0.0,0.0,
2026-02-03T18:45:00.0000000+01:00,,0.0,0.0,
2026-02-03T19:00:00.0000000+01:00,,0.0,0.0,0.0
2026-02-03T19:15:00.0000000+01:00,,0.0,0.0,
2026-02-03T19:30:00.0000000+01:00,,0.0,0.0,
2026-02-03T19:45:00.0000000+01:00,,0.0,0.0,
2026-02-03T20:00:00.0000000+01:00,,0.0,0.0,
2026-02-03T20:15:00.0000000+01:00,,0.0,0.0,
2026-02-03T20:30:00.0000000+01:00,,0.0,0.0,
2026-02-03T20:45:00.0000000+01:00,,0.0,0.0,
2026-02-03T21:00:00.0000000+01:00,,0.0,0.0,
2026-02-03T21:15:00.0000000+01:00,,0.0,0.0,
2026-02-03T21:30:00.0000000+01:00,,0.0,0.0,
2026-02-03T21:45:00.0000000+01:00,,0.0,0.0,
2026-02-03T22:00:00.0000000+01:00,,0.0,0.0,
2026-02-03T22:15:00.0000000+01:00,,0.0,0.0,
2026-02-03T22:30:00.0000000+01:00,,0.0,0.0,
2026-02-03T22:45:00.0000000+01:00,,0.0,0.0,
2026-02-03T23:00:00.0000000+01:00,,0.0,0.0,
2026-02-03T23:15:00.0000000+01:00,,0.0,0.0,
2026-02-03T23:30:00.0000000+01:00,,0.0,0.0,
2026-02-03T23:45:00.0000000+01:00,,0.0,0.0,
2026-02-04T00:00:00.0000000+01:00,,0.0,0.0,
2026-02-04T00:15:00.0000000+01:00,,0.0,0.0,
2026-02-04T00:30:00.0000000+01:00,,0.0,0.0,
2026-02-04T00:45:00.0000000+01:00,,0.0,0.0,
2026-02-04T01:00:00.0000000+01:00,,0.0,0.0,
2026-02-04T01:15:00.0000000+01:00,,0.0,0.0,
2026-02-04T01:30:00.0000000+01:00,,0.0,0.0,
2026-02-04T01:45:00.0000000+01:00,,0.0,0.0,
2026-02-04T02:00:00.0000000+01:00,,0.0,0.0,
2026-02-04T02:15:00.0000000+01:00,,0.0,0.0,
2026-02-04T02:30:00.0000000+01:00,,0.0,0.0,
2026-02-04T02:45:00.0000000+01:00,,0.0,0.0,
2026-02-04T03:00:00.0000000+01:00,,0.0,0.0,
2026-02-04T03:15:00.0000000+01:00,,0.0,0.0,
2026-02-04T03:30:00.0000000+01:00,,0.0,,
2026-02-04T03:45:00.0000000+01:00,,0.0,0.0,
2026-02-04T04:00:00.0000000+01:00,,0.0,0.0,
2026-02-04T04:15:00.0000000+01:00,,0.0,0.0,
2026-02-04T04:30:00.0000000+01:00,,0.0,0.0,
2026-02-04T04:45:00.0000000+01:00,,0.0,0.0,
2026-02-04T05:00:00.0000000+01:00,,0.0,0.0,
2026-02-04T05:15:00.0000000+01:00,,0.0,0.0,
2026-02-04T05:30:00.0000000+01:00,,0.0,0.0,
2026-02-04T05:45:00.0000000+01:00,,0.0,0.0,
2026-02-04T06:00:00.0000000+01:00,,0.0,0.0,
2026-02-04T06:15:00.0000000+01:00,,0.0,0.0,
2026-02-04T06:30:00.0000000+01:00,,0.0,0.0,
2026-02-04T06:45:00.0000000+01:00,,0.0,0.0,
2026-02-04T07:00:00.0000000+01:00,,0.0,1.3333,
2026-02-04T07:15:00.0000000+01:00,,0.0,9.3333,6.25
2026-02-04T07:30:00.0000000+01:00,,0.0,17.0,
2026-02-04T07:45:00.0000000+01:00,,0.0,22.0,
2026-02-04T08:00:00.0000000+01:00,,0.007,26.0,63.5417
2026-02-04T17:00:00.0000000+01:00,,0.0016,0.0,41.9643
2026-02-04T17:15:00.0000000+01:00,,0.0005,0.0,12.5
2026-02-04T17:30:00.0000000+01:00,,0.0,0.0,
2026-02-04T17:45:00.0000000+01:00,,0.0,0.0,
2026-02-04T18:00:00.0000000+01:00,,0.0,0.0,
2026-02-04T18:15:00.0000000+01:00,,0.0,0.0,
2026-02-04T18:30:00.0000000+01:00,,0.0,0.0,
2026-02-04T18:45:00.0000000+01:00,,0.0,0.0,
2026-02-04T19:00:00.0000000+01:00,,0.0,0.0,0.0
2026-02-04T19:15:00.0000000+01:00,,0.0,0.0,
2026-02-04T19:30:00.0000000+01:00,,0.0,0.0,
2026-02-04T19:45:00.0000000+01:00,,0.0,0.0,
2026-02-04T20:00:00.0000000+01:00,,0.0,0.0,
2026-02-04T20:15:00.0000000+01:00,,0.0,0.0,
2026-02-04T20:30:00.0000000+01:00,,0.0,0.0,
2026-02-04T20:45:00.0000000+01:00,,0.0,0.0,
2026-02-04T21:00:00.0000000+01:00,,0.0,0.0,
2026-02-04T21:15:00.0000000+01:00,,0.0,0.0,
2026-02-04T21:30:00.0000000+01:00,,0.0,0.0,
2026-02-04T21:45:00.0000000+01:00,,0.0,0.0,
2026-02-04T22:00:00.0000000+01:00,,0.0,0.0,
2026-02-04T22:15:00.0000000+01:00,,0.0,0.0,
2026-02-04T22:30:00.0000000+01:00,,0.0,0.0,
2026-02-04T22:45:00.0000000+01:00,,0.0,0.0,
2026-02-04T23:00:00.0000000+01:00,,0.0,0.0,
2026-02-04T23:15:00.0000000+01:00,,0.0,0.0,
2026-02-04T23:30:00.0000000+01:00,,0.0,0.0,
2026-02-04T23:45:00.0000000+01:00,,0.0,0.0,
2026-02-05T00:00:00.0000000+01:00,,0.0,0.0,
2026-02-05T00:15:00.0000000+01:00,,0.0,0.0,
2026-02-05T00:30:00.0000000+01:00,,0.0,0.0,
2026-02-05T00:45:00.0000000+01:00,,0.0,0.0,
2026-02-05T01:00:00.0000000+01:00,,0.0,0.0,
2026-02-05T01:15:00.0000000+01:00,,0.0,0.0,
2026-02-05T01:30:00.0000000+01:00,,0.0,0.0,
2026-02-05T01:45:00.0000000+01:00,,0.0,0.0,
2026-02-05T02:00:00.0000000+01:00,,0.0,0.0,
2026-02-05T02:15:00.0000000+01:00,,0.0,0.0,
2026-02-05T02:30:00.0000000+01:00,,0.0,0.0,
2026-02-05T02:45:00.0000000+01:00,,0.0,0.0,
2026-02-05T03:00:00.0000000+01:00,,0.0,0.0,
2026-02-05T03:15:00.0000000+01:00,,0.0,0.0,
2026-02-05T03:30:00.0000000+01:00,,0.0,,
2026-02-05T03:45:00.0000000+01:00,,0.0,0.0,
2026-02-05T04:00:00.0000000+01:00,,0.0,0.0,
2026-02-05T04:15:00.0000000+01:00,,0.0,0.0,
2026-02-05T04:30:00.0000000+01:00,,0.0,0.0,
2026-02-05T04:45:00.0000000+01:00,,0.0,0.0,
2026-02-05T05:00:00.0000000+01:00,,0.0,0.0,
2026-02-05T05:15:00.0000000+01:00,,0.0,0.0,
2026-02-05T05:30:00.0000000+01:00,,0.0,0.0,
2026-02-05T05:45:00.0000000+01:00,,0.0,0.0,
2026-02-05T06:00:00.0000000+01:00,,0.0,0.0,
2026-02-05T06:15:00.0000000+01:00,,0.0,0.0,
2026-02-05T06:30:00.0000000+01:00,,0.0,0.0,
2026-02-05T06:45:00.0000000+01:00,,0.0,0.0,
2026-02-05T07:00:00.0000000+01:00,,0.0,1.3333,
2026-02-05T07:15:00.0000000+01:00,,0.0,5.6667,6.25
2026-02-05T07:30:00.0000000+01:00,,0.0,10.6667,
2026-02-05T07:45:00.0000000+01:00,,0.0013,17.6667,52.0833
2026-02-05T08:45:00.0000000+01:00,,0.0419,53.6667,
2026-02-05T10:00:00.0000000+01:00,,0.0958,73.0,
2026-02-05T11:15:00.0000000+01:00,,0.1081,133.3333,
2026-02-05T11:30:00.0000000+01:00,,0.1107,106.0,
2026-02-05T14:30:00.0000000+01:00,,0.085,15.0,
2026-02-05T15:45:00.0000000+01:00,,0.0289,0.0,
2026-02-05T16:15:00.0000000+01:00,,0.0085,0.0,86.4583
2026-02-05T16:30:00.0000000+01:00,,0.0032,0.0,67.0455
2026-02-05T16:45:00.0000000+01:00,,0.0016,0.0,37.5
2026-02-05T17:00:00.0000000+01:00,,0.0011,0.0,18.75
2026-02-05T17:15:00.0000000+01:00,,0.0,0.0,
2026-02-05T17:30:00.0000000+01:00,,0.0,0.0,
2026-02-05T17:45:00.0000000+01:00,,0.0,0.0,
2026-02-05T18:00:00.0000000+01:00,,0.0,0.0,
2026-02-05T18:15:00.0000000+01:00,,0.0,0.0,
2026-02-05T18:30:00.0000000+01:00,,0.0,0.0,
2026-02-05T18:45:00.0000000+01:00,,0.0,0.0,0.0
2026-02-05T19:00:00.0000000+01:00,,0.0,0.0,
2026-02-05T19:15:00.0000000+01:00,,0.0,0.0,
2026-02-05T19:30:00.0000000+01:00,,0.0,0.0,
2026-02-05T19:45:00.0000000+01:00,,0.0,0.0,
2026-02-05T20:00:00.0000000+01:00,,0.0,0.0,
2026-02-05T20:15:00.0000000+01:00,,0.0,0.0,
2026-02-05T20:30:00.0000000+01:00,,0.0,0.0,
2026-02-05T20:45:00.0000000+01:00,,0.0,0.0,
2026-02-05T21:00:00.0000000+01:00,,0.0,0.0,
2026-02-05T21:15:00.0000000+01:00,,0.0,0.0,
2026-02-05T21:30:00.0000000+01:00,,0.0,0.0,
2026-02-05T21:45:00.0000000+01:00,,0.0,0.0,
2026-02-05T22:00:00.0000000+01:00,,0.0,0.0,
2026-02-05T22:15:00.0000000+01:00,,0.0,0.0,
2026-02-05T22:30:00.0000000+01:00,,0.0,0.0,
2026-02-05T22:45:00.0000000+01:00,,0.0,0.0,
2026-02-05T23:00:00.0000000+01:00,,0.0,0.0,
2026-02-05T23:15:00.0000000+01:00,,0.0,0.0,
2026-02-05T23:30:00.0000000+01:00,,0.0,0.0,
2026-02-05T23:45:00.0000000+01:00,,0.0,0.0,
2026-02-06T00:00:00.0000000+01:00,,0.0,0.0,
2026-02-06T00:15:00.0000000+01:00,,0.0,0.0,
2026-02-06T00:30:00.0000000+01:00,,0.0,0.0,
2026-02-06T00:45:00.0000000+01:00,,0.0,0.0,
2026-02-06T01:00:00.0000000+01:00,,0.0,0.0,
2026-02-06T01:15:00.0000000+01:00,,0.0,0.0,
2026-02-06T01:30:00.0000000+01:00,,0.0,0.0,
2026-02-06T01:45:00.0000000+01:00,,0.0,0.0,
2026-02-06T02:00:00.0000000+01:00,,0.0,0.0,
2026-02-06T02:15:00.0000000+01:00,,0.0,0.0,
2026-02-06T02:30:00.0000000+01:00,,0.0,0.0,
2026-02-06T02:45:00.0000000+01:00,,0.0,0.0,
2026-02-06T03:00:00.0000000+01:00,,0.0,0.0,
2026-02-06T03:15:00.0000000+01:00,,0.0,0.0,
2026-02-06T03:30:00.0000000+01:00,,0.0,,
2026-02-06T03:45:00.0000000+01:00,,0.0,0.0,
2026-02-06T04:00:00.0000000+01:00,,0.0,0.0,
2026-02-06T04:15:00.0000000+01:00,,0.0,0.0,
2026-02-06T04:30:00.0000000+01:00,,0.0,0.0,
2026-02-06T04:45:00.0000000+01:00,,0.0,0.0,
2026-02-06T05:00:00.0000000+01:00,,0.0,0.0,
2026-02-06T05:15:00.0000000+01:00,,0.0,0.0,
2026-02-06T05:30:00.0000000+01:00,,0.0,0.0,
2026-02-06T05:45:00.0000000+01:00,,0.0,0.0,
2026-02-06T06:00:00.0000000+01:00,,0.0,0.0,
2026-02-06T06:15:00.0000000+01:00,,0.0,0.0,
2026-02-06T06:30:00.0000000+01:00,,0.0,0.0,
2026-02-06T06:45:00.0000000+01:00,,0.0,0.0,
2026-02-06T07:00:00.0000000+01:00,,0.0,1.0,
2026-02-06T07:15:00.0000000+01:00,,0.0,4.0,6.25
2026-02-06T07:30:00.0000000+01:00,,0.0,4.0,
2026-02-06T07:45:00.0000000+01:00,,0.0,3.0,
2026-02-06T08:00:00.0000000+01:00,,0.0,4.0,
2026-02-06T08:15:00.0000000+01:00,,0.0069,6.6667,66.6667
2026-02-06T09:15:00.0000000+01:00,,0.0554,66.3333,
2026-02-06T09:30:00.0000000+01:00,,0.0559,65.6667,
2026-02-06T09:45:00.0000000+01:00,,0.0585,57.6667,
2026-02-06T10:30:00.0000000+01:00,,0.0491,103.6667,
2026-02-06T11:00:00.0000000+01:00,,0.0474,123.3333,
2026-02-06T12:15:00.0000000+01:00,,0.0558,50.3333,
2026-02-06T14:15:00.0000000+01:00,,0.0242,17.6667,
2026-02-06T14:30:00.0000000+01:00,,0.0235,17.3333,
2026-02-06T15:00:00.0000000+01:00,,0.0356,10.0,
2026-02-06T15:30:00.0000000+01:00,,0.0174,0.6667,
2026-02-06T15:45:00.0000000+01:00,,0.0152,0.0,
2026-02-06T16:15:00.0000000+01:00,,0.0024,0.0,51.3393
2026-02-06T16:30:00.0000000+01:00,,0.0016,0.0,28.125
2026-02-06T16:45:00.0000000+01:00,,0.0012,0.0,21.875
2026-02-06T17:00:00.0000000+01:00,,0.0007,0.0,9.375
2026-02-06T17:15:00.0000000+01:00,,0.0,0.0,
2026-02-06T17:30:00.0000000+01:00,,0.0,0.0,
2026-02-06T17:45:00.0000000+01:00,,0.0,0.0,
2026-02-06T18:00:00.0000000+01:00,,0.0,0.0,
2026-02-06T18:15:00.0000000+01:00,,0.0,0.0,
2026-02-06T18:30:00.0000000+01:00,,0.0,0.0,
2026-02-06T18:45:00.0000000+01:00,,0.0,0.0,
2026-02-06T19:00:00.0000000+01:00,,0.0,0.0,
2026-02-06T19:15:00.0000000+01:00,,0.0,0.0,
2026-02-06T19:30:00.0000000+01:00,,0.0,0.0,
2026-02-06T19:45:00.0000000+01:00,,0.0,0.0,
2026-02-06T20:00:00.0000000+01:00,,0.0,0.0,
2026-02-06T20:15:00.0000000+01:00,,0.0,0.0,
2026-02-06T20:30:00.0000000+01:00,,0.0,0.0,
2026-02-06T20:45:00.0000000+01:00,,0.0,0.0,
2026-02-06T21:00:00.0000000+01:00,,0.0,0.0,
2026-02-06T21:15:00.0000000+01:00,,0.0,0.0,
2026-02-06T21:30:00.0000000+01:00,,0.0,0.0,
2026-02-06T21:45:00.0000000+01:00,,0.0,0.0,
2026-02-06T22:00:00.0000000+01:00,,0.0,0.0,
2026-02-06T22:15:00.0000000+01:00,,0.0,0.0,
2026-02-06T22:30:00.0000000+01:00,,0.0,0.0,
2026-02-06T22:45:00.0000000+01:00,,0.0,0.0,
2026-02-06T23:00:00.0000000+01:00,,0.0,0.0,
2026-02-06T23:15:00.0000000+01:00,,0.0,0.0,
2026-02-06T23:30:00.0000000+01:00,,0.0,0.0,
2026-02-06T23:45:00.0000000+01:00,,0.0,0.0,
2026-02-07T00:00:00.0000000+01:00,,0.0,0.0,
2026-02-07T00:15:00.0000000+01:00,,0.0,0.0,
2026-02-07T00:30:00.0000000+01:00,,0.0,0.0,
2026-02-07T00:45:00.0000000+01:00,,0.0,0.0,
2026-02-07T01:00:00.0000000+01:00,,0.0,0.0,
2026-02-07T01:15:00.0000000+01:00,,0.0,0.0,
2026-02-07T01:30:00.0000000+01:00,,0.0,0.0,
2026-02-07T01:45:00.0000000+01:00,,0.0,0.0,
2026-02-07T02:00:00.0000000+01:00,,0.0,0.0,
2026-02-07T02:15:00.0000000+01:00,,0.0,0.0,
2026-02-07T02:30:00.0000000+01:00,,0.0,0.0,
2026-02-07T02:45:00.0000000+01:00,,0.0,0.0,
2026-02-07T03:00:00.0000000+01:00,,0.0,0.0,
2026-02-07T03:15:00.0000000+01:00,,0.0,0.0,
2026-02-07T03:30:00.0000000+01:00,,0.0,,
2026-02-07T03:45:00.0000000+01:00,,0.0,0.0,
2026-02-07T04:00:00.0000000+01:00,,0.0,0.0,
2026-02-07T04:15:00.0000000+01:00,,0.0,0.0,
2026-02-07T04:30:00.0000000+01:00,,0.0,0.0,
2026-02-07T04:45:00.0000000+01:00,,0.0,0.0,
2026-02-07T05:00:00.0000000+01:00,,0.0,0.0,
2026-02-07T05:15:00.0000000+01:00,,0.0,0.0,
2026-02-07T05:30:00.0000000+01:00,,0.0,0.0,
2026-02-07T05:45:00.0000000+01:00,,0.0,0.0,
2026-02-07T06:00:00.0000000+01:00,,0.0,0.0,
2026-02-07T06:15:00.0000000+01:00,,0.0,0.0,
2026-02-07T06:30:00.0000000+01:00,,0.0,0.0,
2026-02-07T06:45:00.0000000+01:00,,0.0,0.0,
2026-02-07T07:00:00.0000000+01:00,,0.0,3.3333,
2026-02-07T07:15:00.0000000+01:00,,0.0,12.6667,
2026-02-07T07:30:00.0000000+01:00,,0.0,15.0,
2026-02-07T07:45:00.0000000+01:00,,0.0,17.6667,
2026-02-07T08:00:00.0000000+01:00,,0.0,48.6667,
2026-02-07T08:15:00.0000000+01:00,,0.004,50.6667,55.8036
2026-02-07T08:30:00.0000000+01:00,,0.0091,45.6667,88.5417
2026-02-07T08:45:00.0000000+01:00,,0.0131,60.0,90.625
2026-02-07T09:15:00.0000000+01:00,,0.0168,58.6667,
2026-02-07T09:30:00.0000000+01:00,,0.0189,40.6667,
2026-02-07T09:45:00.0000000+01:00,,0.0202,47.3333,
2026-02-07T10:15:00.0000000+01:00,,0.0319,93.3333,
2026-02-07T11:30:00.0000000+01:00,,0.042,118.3333,
2026-02-07T12:00:00.0000000+01:00,,0.0536,119.3333,
2026-02-07T12:15:00.0000000+01:00,,0.0471,104.0,
2026-02-07T14:30:00.0000000+01:00,,0.023,8.0,
2026-02-07T14:45:00.0000000+01:00,,0.0188,3.6667,
2026-02-07T15:00:00.0000000+01:00,,0.0175,4.0,
2026-02-07T15:30:00.0000000+01:00,,0.0162,1.6667,
2026-02-07T15:45:00.0000000+01:00,,0.0146,0.0,
2026-02-07T16:00:00.0000000+01:00,,0.0109,0.0,
2026-02-07T16:30:00.0000000+01:00,,0.0024,0.0,41.6667
2026-02-07T16:45:00.0000000+01:00,,0.0013,0.0,25.0
2026-02-07T17:00:00.0000000+01:00,,0.0009,0.0,10.4167
2026-02-07T17:15:00.0000000+01:00,,0.0,0.0,
2026-02-07T17:30:00.0000000+01:00,,0.0,0.0,
2026-02-07T17:45:00.0000000+01:00,,0.0,0.0,
2026-02-07T18:00:00.0000000+01:00,,0.0,0.0,
2026-02-07T18:15:00.0000000+01:00,,0.0,0.0,
2026-02-07T18:30:00.0000000+01:00,,0.0,0.0,
2026-02-07T18:45:00.0000000+01:00,,0.0,0.0,
2026-02-07T19:00:00.0000000+01:00,,0.0,0.0,
2026-02-07T19:15:00.0000000+01:00,,0.0,0.0,
2026-02-07T19:30:00.0000000+01:00,,0.0,0.0,
2026-02-07T19:45:00.0000000+01:00,,0.0,0.0,
2026-02-07T20:00:00.0000000+01:00,,0.0,0.0,
2026-02-07T20:15:00.0000000+01:00,,0.0,0.0,
2026-02-07T20:30:00.0000000+01:00,,0.0,0.0,
2026-02-07T20:45:00.0000000+01:00,,0.0,0.0,
2026-02-07T21:00:00.0000000+01:00,,0.0,0.0,
2026-02-07T21:15:00.0000000+01:00,,0.0,0.0,
2026-02-07T21:30:00.0000000+01:00,,0.0,0.0,
2026-02-07T21:45:00.0000000+01:00,,0.0,0.0,
2026-02-07T22:00:00.0000000+01:00,,0.0,0.0,
2026-02-07T22:15:00.0000000+01:00,,0.0,0.0,
2026-02-07T22:30:00.0000000+01:00,,0.0,0.0,
2026-02-07T22:45:00.0000000+01:00,,0.0,0.0,
2026-02-07T23:00:00.0000000+01:00,,0.0,0.0,
2026-02-07T23:15:00.0000000+01:00,,0.0,0.0,
2026-02-07T23:30:00.0000000+01:00,,0.0,0.0,
2026-02-07T23:45:00.0000000+01:00,,0.0,0.0,
2026-02-08T00:00:00.0000000+01:00,,0.0,0.0,
2026-02-08T00:15:00.0000000+01:00,,0.0,0.0,
2026-02-08T00:30:00.0000000+01:00,,0.0,0.0,
2026-02-08T00:45:00.0000000+01:00,,0.0,0.0,
2026-02-08T01:00:00.0000000+01:00,,0.0,0.0,
2026-02-08T01:15:00.0000000+01:00,,0.0,0.0,
2026-02-08T01:30:00.0000000+01:00,,0.0,0.0,
2026-02-08T01:45:00.0000000+01:00,,0.0,0.0,
2026-02-08T02:00:00.0000000+01:00,,0.0,0.0,
2026-02-08T02:15:00.0000000+01:00,,0.0,0.0,
2026-02-08T02:30:00.0000000+01:00,,0.0,0.0,
2026-02-08T02:45:00.0000000+01:00,,0.0,0.0,
2026-02-08T03:00:00.0000000+01:00,,0.0,0.0,
2026-02-08T03:15:00.0000000+01:00,,0.0,0.0,
2026-02-08T03:30:00.0000000+01:00,,0.0,,
2026-02-08T03:45:00.0000000+01:00,,0.0,0.0,
2026-02-08T04:00:00.0000000+01:00,,0.0,0.0,
2026-02-08T04:15:00.0000000+01:00,,0.0,0.0,
2026-02-08T04:30:00.0000000+01:00,,0.0,0.0,
2026-02-08T04:45:00.0000000+01:00,,0.0,0.0,
2026-02-08T05:00:00.0000000+01:00,,0.0,0.0,
2026-02-08T05:15:00.0000000+01:00,,0.0,0.0,
2026-02-08T05:30:00.0000000+01:00,,0.0,0.0,
2026-02-08T05:45:00.0000000+01:00,,0.0,0.0,
2026-02-08T06:00:00.0000000+01:00,,0.0,0.0,
2026-02-08T06:15:00.0000000+01:00,,0.0,0.0,
2026-02-08T06:30:00.0000000+01:00,,0.0,0.0,
2026-02-08T06:45:00.0000000+01:00,,0.0,0.0,
2026-02-08T07:00:00.0000000+01:00,,0.0,5.0,
2026-02-08T07:15:00.0000000+01:00,,0.0,12.6667,
2026-02-08T07:30:00.0000000+01:00,,0.0,20.3333,
2026-02-08T07:45:00.0000000+01:00,,0.0024,18.3333,50.625
2026-02-08T08:00:00.0000000+01:00,,0.011,35.6667,90.625
2026-02-08T10:00:00.0000000+01:00,,0.1127,142.3333,
2026-02-08T17:00:00.0000000+01:00,,0.0027,0.0,56.25
2026-02-08T17:15:00.0000000+01:00,,0.0011,0.0,21.25
2026-02-08T17:30:00.0000000+01:00,,0.0,0.0,
2026-02-08T17:45:00.0000000+01:00,,0.0,0.0,
2026-02-08T18:00:00.0000000+01:00,,0.0,0.0,
2026-02-08T18:15:00.0000000+01:00,,0.0,0.0,
2026-02-08T18:30:00.0000000+01:00,,0.0,0.0,
2026-02-08T18:45:00.0000000+01:00,,0.0,0.0,
2026-02-08T19:00:00.0000000+01:00,,0.0,0.0,0.0
2026-02-08T19:15:00.0000000+01:00,,0.0,0.0,
2026-02-08T19:30:00.0000000+01:00,,0.0,0.0,
2026-02-08T19:45:00.0000000+01:00,,0.0,0.0,
2026-02-08T20:00:00.0000000+01:00,,0.0,0.0,
2026-02-08T20:15:00.0000000+01:00,,0.0,0.0,
2026-02-08T20:30:00.0000000+01:00,,0.0,0.0,
2026-02-08T20:45:00.0000000+01:00,,0.0,0.0,
2026-02-08T21:00:00.0000000+01:00,,0.0,0.0,
2026-02-08T21:15:00.0000000+01:00,,0.0,0.0,
2026-02-08T21:30:00.0000000+01:00,,0.0,0.0,
2026-02-08T21:45:00.0000000+01:00,,0.0,0.0,
2026-02-08T22:00:00.0000000+01:00,,0.0,0.0,
2026-02-08T22:15:00.0000000+01:00,,0.0,0.0,
2026-02-08T22:30:00.0000000+01:00,,0.0,0.0,
2026-02-08T22:45:00.0000000+01:00,,0.0,0.0,
2026-02-08T23:00:00.0000000+01:00,,0.0,0.0,
2026-02-08T23:15:00.0000000+01:00,,0.0,0.0,
2026-02-08T23:30:00.0000000+01:00,,0.0,0.0,
2026-02-08T23:45:00.0000000+01:00,,0.0,0.0,
2026-02-09T00:00:00.0000000+01:00,,0.0,0.0,
2026-02-09T00:15:00.0000000+01:00,,0.0,0.0,
2026-02-09T00:30:00.0000000+01:00,,0.0,0.0,
2026-02-09T00:45:00.0000000+01:00,,0.0,0.0,
2026-02-09T01:00:00.0000000+01:00,,0.0,0.0,
2026-02-09T01:15:00.0000000+01:00,,0.0,0.0,
2026-02-09T01:30:00.0000000+01:00,,0.0,0.0,
2026-02-09T01:45:00.0000000+01:00,,0.0,0.0,
2026-02-09T02:00:00.0000000+01:00,,0.0,0.0,
2026-02-09T02:15:00.0000000+01:00,,0.0,0.0,
2026-02-09T02:30:00.0000000+01:00,,0.0,0.0,
2026-02-09T02:45:00.0000000+01:00,,0.0,0.0,
2026-02-09T03:00:00.0000000+01:00,,0.0,0.0,
2026-02-09T03:15:00.0000000+01:00,,0.0,0.0,
2026-02-09T03:30:00.0000000+01:00,,0.0,,
2026-02-09T03:45:00.0000000+01:00,,0.0,0.0,
2026-02-09T04:00:00.0000000+01:00,,0.0,0.0,
2026-02-09T04:15:00.0000000+01:00,,0.0,0.0,
2026-02-09T04:30:00.0000000+01:00,,0.0,0.0,
2026-02-09T04:45:00.0000000+01:00,,0.0,0.0,
2026-02-09T05:00:00.0000000+01:00,,0.0,0.0,
2026-02-09T05:15:00.0000000+01:00,,0.0,0.0,
2026-02-09T05:30:00.0000000+01:00,,0.0,0.0,
2026-02-09T05:45:00.0000000+01:00,,0.0,0.0,
2026-02-09T06:00:00.0000000+01:00,,0.0,0.0,
2026-02-09T06:15:00.0000000+01:00,,0.0,0.0,
2026-02-09T06:30:00.0000000+01:00,,0.0,0.0,
2026-02-09T06:45:00.0000000+01:00,,0.0,0.3333,
2026-02-09T07:00:00.0000000+01:00,,0.0,8.3333,6.25
2026-02-09T07:15:00.0000000+01:00,,0.0,21.3333,
2026-02-09T07:30:00.0000000+01:00,,0.0077,27.6667,57.1429
2026-02-09T13:00:00.0000000+01:00,,0.2458,73.3333,
2026-02-09T16:45:00.0000000+01:00,,0.0031,0.0,69.375
2026-02-09T17:00:00.0000000+01:00,,0.0013,0.0,43.75
2026-02-09T17:15:00.0000000+01:00,,0.0005,0.0,22.9167
2026-02-09T17:30:00.0000000+01:00,,0.0,0.0,
2026-02-09T17:45:00.0000000+01:00,,0.0,0.0,
2026-02-09T18:00:00.0000000+01:00,,0.0,0.0,
2026-02-09T18:15:00.0000000+01:00,,0.0,0.0,
2026-02-09T18:30:00.0000000+01:00,,0.0,0.0,
2026-02-09T18:45:00.0000000+01:00,,0.0,0.0,
2026-02-09T19:00:00.0000000+01:00,,0.0,0.0,0.0
2026-02-09T19:15:00.0000000+01:00,,0.0,0.0,
2026-02-09T19:30:00.0000000+01:00,,0.0,0.0,
2026-02-09T19:45:00.0000000+01:00,,0.0,0.0,
2026-02-09T20:00:00.0000000+01:00,,0.0,0.0,
2026-02-09T20:15:00.0000000+01:00,,0.0,0.0,
2026-02-09T20:30:00.0000000+01:00,,0.0,0.0,
2026-02-09T20:45:00.0000000+01:00,,0.0,0.0,
2026-02-09T21:00:00.0000000+01:00,,0.0,0.0,
2026-02-09T21:15:00.0000000+01:00,,0.0,0.0,
2026-02-09T21:30:00.0000000+01:00,,0.0,0.0,
2026-02-09T21:45:00.0000000+01:00,,0.0,0.0,
2026-02-09T22:00:00.0000000+01:00,,0.0,0.0,
2026-02-09T22:15:00.0000000+01:00,,0.0,0.0,
2026-02-09T22:30:00.0000000+01:00,,0.0,0.0,
2026-02-09T22:45:00.0000000+01:00,,0.0,0.0,
2026-02-09T23:00:00.0000000+01:00,,0.0,0.0,
2026-02-09T23:15:00.0000000+01:00,,0.0,0.0,
2026-02-09T23:30:00.0000000+01:00,,0.0,0.0,
2026-02-09T23:45:00.0000000+01:00,,0.0,0.0,
2026-02-10T00:00:00.0000000+01:00,,0.0,0.0,
2026-02-10T00:15:00.0000000+01:00,,0.0,0.0,
2026-02-10T00:30:00.0000000+01:00,,0.0,0.0,
2026-02-10T00:45:00.0000000+01:00,,0.0,0.0,
2026-02-10T01:00:00.0000000+01:00,,0.0,0.0,
2026-02-10T01:15:00.0000000+01:00,,0.0,0.0,
2026-02-10T01:30:00.0000000+01:00,,0.0,0.0,
2026-02-10T01:45:00.0000000+01:00,,0.0,0.0,
2026-02-10T02:00:00.0000000+01:00,,0.0,0.0,
2026-02-10T02:15:00.0000000+01:00,,0.0,0.0,
2026-02-10T02:30:00.0000000+01:00,,0.0,0.0,
2026-02-10T02:45:00.0000000+01:00,,0.0,0.0,
2026-02-10T03:00:00.0000000+01:00,,0.0,0.0,
2026-02-10T03:15:00.0000000+01:00,,0.0,0.0,
2026-02-10T03:30:00.0000000+01:00,,0.0,,
2026-02-10T03:45:00.0000000+01:00,,0.0,0.0,
2026-02-10T04:00:00.0000000+01:00,,0.0,0.0,
2026-02-10T04:15:00.0000000+01:00,,0.0,0.0,
2026-02-10T04:30:00.0000000+01:00,,0.0,0.0,
2026-02-10T04:45:00.0000000+01:00,,0.0,0.0,
2026-02-10T05:00:00.0000000+01:00,,0.0,0.0,
2026-02-10T05:15:00.0000000+01:00,,0.0,0.0,
2026-02-10T05:30:00.0000000+01:00,,0.0,0.0,
2026-02-10T05:45:00.0000000+01:00,,0.0,0.0,
2026-02-10T06:00:00.0000000+01:00,,0.0,0.0,
2026-02-10T06:15:00.0000000+01:00,,0.0,0.0,
2026-02-10T06:30:00.0000000+01:00,,0.0,0.0,
2026-02-10T06:45:00.0000000+01:00,,0.0,0.6667,
2026-02-10T07:00:00.0000000+01:00,,0.0,8.0,9.375
2026-02-10T07:15:00.0000000+01:00,,0.0,14.3333,
2026-02-10T07:30:00.0000000+01:00,,0.0008,21.0,47.9167
2026-02-10T09:30:00.0000000+01:00,,0.1021,72.0,
2026-02-10T09:45:00.0000000+01:00,,0.1041,74.6667,
2026-02-10T10:15:00.0000000+01:00,,0.1084,78.6667,
2026-02-10T10:30:00.0000000+01:00,,0.1165,69.0,
2026-02-10T11:00:00.0000000+01:00,,0.1454,69.0,
2026-02-10T11:15:00.0000000+01:00,,0.1422,62.3333,
2026-02-10T15:15:00.0000000+01:00,,0.0399,4.6667,
2026-02-10T16:00:00.0000000+01:00,,0.0164,0.0,96.875
2026-02-10T16:30:00.0000000+01:00,,0.0043,0.0,80.5556
2026-02-10T16:45:00.0000000+01:00,,0.0019,0.0,56.25
2026-02-10T17:00:00.0000000+01:00,,0.0012,0.0,40.625
2026-02-10T17:15:00.0000000+01:00,,0.0004,0.0,29.1667
2026-02-10T17:30:00.0000000+01:00,,0.0,0.0,
2026-02-10T17:45:00.0000000+01:00,,0.0,0.0,
2026-02-10T18:00:00.0000000+01:00,,0.0,0.0,
2026-02-10T18:15:00.0000000+01:00,,0.0,0.0,
2026-02-10T18:30:00.0000000+01:00,,0.0,0.0,
2026-02-10T18:45:00.0000000+01:00,,0.0,0.0,
2026-02-10T19:00:00.0000000+01:00,,0.0,0.0,6.25
2026-02-10T19:15:00.0000000+01:00,,0.0,0.0,
2026-02-10T19:30:00.0000000+01:00,,0.0,0.0,
2026-02-10T19:45:00.0000000+01:00,,0.0,0.0,
2026-02-10T20:00:00.0000000+01:00,,0.0,0.0,
2026-02-10T20:15:00.0000000+01:00,,0.0,0.0,
2026-02-10T20:30:00.0000000+01:00,,0.0,0.0,
2026-02-10T20:45:00.0000000+01:00,,0.0,0.0,
2026-02-10T21:00:00.0000000+01:00,,0.0,0.0,
2026-02-10T21:15:00.0000000+01:00,,0.0,0.0,
2026-02-10T21:30:00.0000000+01:00,,0.0,0.0,
2026-02-10T21:45:00.0000000+01:00,,0.0,0.0,
2026-02-10T22:00:00.0000000+01:00,,0.0,0.0,
2026-02-10T22:15:00.0000000+01:00,,0.0,0.0,
2026-02-10T22:30:00.0000000+01:00,,0.0,0.0,
2026-02-10T22:45:00.0000000+01:00,,0.0,0.0,
2026-02-10T23:00:00.0000000+01:00,,0.0,0.0,
2026-02-10T23:15:00.0000000+01:00,,0.0,0.0,
2026-02-10T23:30:00.0000000+01:00,,0.0,0.0,
2026-02-10T23:45:00.0000000+01:00,,0.0,0.0,
2026-02-11T00:00:00.0000000+01:00,,0.0,0.0,
2026-02-11T00:15:00.0000000+01:00,,0.0,0.0,
2026-02-11T00:30:00.0000000+01:00,,0.0,0.0,
2026-02-11T00:45:00.0000000+01:00,,0.0,0.0,
2026-02-11T01:00:00.0000000+01:00,,0.0,0.0,
2026-02-11T01:15:00.0000000+01:00,,0.0,0.0,
2026-02-11T01:30:00.0000000+01:00,,0.0,0.0,
2026-02-11T01:45:00.0000000+01:00,,0.0,0.0,
2026-02-11T02:00:00.0000000+01:00,,0.0,0.0,
2026-02-11T02:15:00.0000000+01:00,,0.0,0.0,
2026-02-11T02:30:00.0000000+01:00,,0.0,0.0,
2026-02-11T02:45:00.0000000+01:00,,0.0,0.0,
2026-02-11T03:00:00.0000000+01:00,,0.0,0.0,
2026-02-11T03:15:00.0000000+01:00,,0.0,0.0,
2026-02-11T03:30:00.0000000+01:00,,0.0,,
2026-02-11T03:45:00.0000000+01:00,,0.0,0.0,
2026-02-11T04:00:00.0000000+01:00,,0.0,0.0,
2026-02-11T04:15:00.0000000+01:00,,0.0,0.0,
2026-02-11T04:30:00.0000000+01:00,,0.0,0.0,
2026-02-11T04:45:00.0000000+01:00,,0.0,0.0,
2026-02-11T05:00:00.0000000+01:00,,0.0,0.0,
2026-02-11T05:15:00.0000000+01:00,,0.0,0.0,
2026-02-11T05:30:00.0000000+01:00,,0.0,0.0,
2026-02-11T05:45:00.0000000+01:00,,0.0,0.0,
2026-02-11T06:00:00.0000000+01:00,,0.0,0.0,
2026-02-11T06:15:00.0000000+01:00,,0.0,0.0,
2026-02-11T06:30:00.0000000+01:00,,0.0,0.0,
2026-02-11T06:45:00.0000000+01:00,,0.0,0.3333,
2026-02-11T07:00:00.0000000+01:00,,0.0,3.0,6.25
2026-02-11T07:15:00.0000000+01:00,,0.0,5.0,15.625
2026-02-11T07:30:00.0000000+01:00,,0.0,4.6667,
2026-02-11T07:45:00.0000000+01:00,,0.0008,7.3333,48.75
2026-02-11T08:00:00.0000000+01:00,,0.0061,31.0,83.125
2026-02-11T08:15:00.0000000+01:00,,0.0108,67.6667,96.875
2026-02-11T17:00:00.0000000+01:00,,0.0017,0.0,53.5714
2026-02-11T17:15:00.0000000+01:00,,0.001,0.0,32.2917
2026-02-11T17:30:00.0000000+01:00,,0.0,0.0,
2026-02-11T17:45:00.0000000+01:00,,0.0,0.0,
2026-02-11T18:00:00.0000000+01:00,,0.0,0.0,
2026-02-11T18:15:00.0000000+01:00,,0.0,0.0,
2026-02-11T18:30:00.0000000+01:00,,0.0,0.0,
2026-02-11T18:45:00.0000000+01:00,,0.0,0.0,
2026-02-11T19:00:00.0000000+01:00,,0.0,0.0,6.25
2026-02-11T19:15:00.0000000+01:00,,0.0,0.0,
2026-02-11T19:30:00.0000000+01:00,,0.0,0.0,
2026-02-11T19:45:00.0000000+01:00,,0.0,0.0,
2026-02-11T20:00:00.0000000+01:00,,0.0,0.0,
2026-02-11T20:15:00.0000000+01:00,,0.0,0.0,
2026-02-11T20:30:00.0000000+01:00,,0.0,0.0,
2026-02-11T20:45:00.0000000+01:00,,0.0,0.0,
2026-02-11T21:00:00.0000000+01:00,,0.0,0.0,
2026-02-11T21:15:00.0000000+01:00,,0.0,0.0,
2026-02-11T21:30:00.0000000+01:00,,0.0,0.0,
2026-02-11T21:45:00.0000000+01:00,,0.0,0.0,
2026-02-11T22:00:00.0000000+01:00,,0.0,0.0,
2026-02-11T22:15:00.0000000+01:00,,0.0,0.0,
2026-02-11T22:30:00.0000000+01:00,,0.0,0.0,
2026-02-11T22:45:00.0000000+01:00,,0.0,0.0,
2026-02-11T23:00:00.0000000+01:00,,0.0,0.0,
2026-02-11T23:15:00.0000000+01:00,,0.0,0.0,
2026-02-11T23:30:00.0000000+01:00,,0.0,0.0,
2026-02-11T23:45:00.0000000+01:00,,0.0,0.0,
2026-02-12T00:00:00.0000000+01:00,,0.0,0.0,
2026-02-12T00:15:00.0000000+01:00,,0.0,0.0,
2026-02-12T00:30:00.0000000+01:00,,0.0,0.0,
2026-02-12T00:45:00.0000000+01:00,,0.0,0.0,
2026-02-12T01:00:00.0000000+01:00,,0.0,0.0,
2026-02-12T01:15:00.0000000+01:00,,0.0,0.0,
2026-02-12T01:30:00.0000000+01:00,,0.0,0.0,
2026-02-12T01:45:00.0000000+01:00,,0.0,0.0,
2026-02-12T02:00:00.0000000+01:00,,0.0,0.0,
2026-02-12T02:15:00.0000000+01:00,,0.0,0.0,
2026-02-12T02:30:00.0000000+01:00,,0.0,0.0,
2026-02-12T02:45:00.0000000+01:00,,0.0,0.0,
2026-02-12T03:00:00.0000000+01:00,,0.0,0.0,
2026-02-12T03:15:00.0000000+01:00,,0.0,0.0,
2026-02-12T03:30:00.0000000+01:00,,0.0,,
2026-02-12T03:45:00.0000000+01:00,,0.0,0.0,
2026-02-12T04:00:00.0000000+01:00,,0.0,0.0,
2026-02-12T04:15:00.0000000+01:00,,0.0,0.0,
2026-02-12T04:30:00.0000000+01:00,,0.0,0.0,
2026-02-12T04:45:00.0000000+01:00,,0.0,0.0,
2026-02-12T05:00:00.0000000+01:00,,0.0,0.0,
2026-02-12T05:15:00.0000000+01:00,,0.0,0.0,
2026-02-12T05:30:00.0000000+01:00,,0.0,0.0,
2026-02-12T05:45:00.0000000+01:00,,0.0,0.0,
2026-02-12T06:00:00.0000000+01:00,,0.0,0.0,
2026-02-12T06:15:00.0000000+01:00,,0.0,0.0,
2026-02-12T06:30:00.0000000+01:00,,0.0,0.0,
2026-02-12T06:45:00.0000000+01:00,,0.0,1.3333,
2026-02-12T07:00:00.0000000+01:00,,0.0,4.3333,12.5
2026-02-12T07:15:00.0000000+01:00,,0.0,5.0,
2026-02-12T07:30:00.0000000+01:00,,0.0009,5.0,62.5
2026-02-12T17:00:00.0000000+01:00,,0.0019,0.0,57.2917
2026-02-12T17:15:00.0000000+01:00,,0.001,0.0,22.5
2026-02-12T17:30:00.0000000+01:00,,0.0,0.0,6.25
2026-02-12T17:45:00.0000000+01:00,,0.0,0.0,
2026-02-12T18:00:00.0000000+01:00,,0.0,0.0,
2026-02-12T18:15:00.0000000+01:00,,0.0,0.0,
2026-02-12T18:30:00.0000000+01:00,,0.0,0.0,
2026-02-12T18:45:00.0000000+01:00,,0.0,0.0,
2026-02-12T19:00:00.0000000+01:00,,0.0,0.0,0.0
2026-02-12T19:15:00.0000000+01:00,,0.0,0.0,
2026-02-12T19:30:00.0000000+01:00,,0.0,0.0,
2026-02-12T19:45:00.0000000+01:00,,0.0,0.0,
2026-02-12T20:00:00.0000000+01:00,,0.0,0.0,
2026-02-12T20:15:00.0000000+01:00,,0.0,0.0,
2026-02-12T20:30:00.0000000+01:00,,0.0,0.0,
2026-02-12T20:45:00.0000000+01:00,,0.0,0.0,
2026-02-12T21:00:00.0000000+01:00,,0.0,0.0,
2026-02-12T21:15:00.0000000+01:00,,0.0,0.0,
2026-02-12T21:30:00.0000000+01:00,,0.0,0.0,
2026-02-12T21:45:00.0000000+01:00,,0.0,0.0,
2026-02-12T22:00:00.0000000+01:00,,0.0,0.0,
2026-02-12T22:15:00.0000000+01:00,,0.0,0.0,
2026-02-12T22:30:00.0000000+01:00,,0.0,0.0,
2026-02-12T22:45:00.0000000+01:00,,0.0,0.0,
2026-02-12T23:00:00.0000000+01:00,,0.0,0.0,
2026-02-12T23:15:00.0000000+01:00,,0.0,0.0,
2026-02-12T23:30:00.0000000+01:00,,0.0,0.0,
2026-02-12T23:45:00.0000000+01:00,,0.0,0.0,
2026-02-13T00:00:00.0000000+01:00,,0.0,0.0,
2026-02-13T00:15:00.0000000+01:00,,0.0,0.0,
2026-02-13T00:30:00.0000000+01:00,,0.0,0.0,
2026-02-13T00:45:00.0000000+01:00,,0.0,0.0,
2026-02-13T01:00:00.0000000+01:00,,0.0,0.0,
2026-02-13T01:15:00.0000000+01:00,,0.0,0.0,
2026-02-13T01:30:00.0000000+01:00,,0.0,0.0,
2026-02-13T01:45:00.0000000+01:00,,0.0,0.0,
2026-02-13T02:00:00.0000000+01:00,,0.0,0.0,
2026-02-13T02:15:00.0000000+01:00,,0.0,0.0,
2026-02-13T02:30:00.0000000+01:00,,0.0,0.0,
2026-02-13T02:45:00.0000000+01:00,,0.0,0.0,
2026-02-13T03:00:00.0000000+01:00,,0.0,0.0,
2026-02-13T03:15:00.0000000+01:00,,0.0,0.0,
2026-02-13T03:30:00.0000000+01:00,,0.0,,
2026-02-13T03:45:00.0000000+01:00,,0.0,0.0,
2026-02-13T04:00:00.0000000+01:00,,0.0,0.0,
2026-02-13T04:15:00.0000000+01:00,,0.0,0.0,
2026-02-13T04:30:00.0000000+01:00,,0.0,0.0,
2026-02-13T04:45:00.0000000+01:00,,0.0,0.0,
2026-02-13T05:00:00.0000000+01:00,,0.0,0.0,
2026-02-13T05:15:00.0000000+01:00,,0.0,0.0,
2026-02-13T05:30:00.0000000+01:00,,0.0,0.0,
2026-02-13T05:45:00.0000000+01:00,,0.0,0.0,
2026-02-13T06:00:00.0000000+01:00,,0.0,0.0,
2026-02-13T06:15:00.0000000+01:00,,0.0,0.0,
2026-02-13T06:30:00.0000000+01:00,,0.0,0.0,
2026-02-13T06:45:00.0000000+01:00,,0.0,1.3333,
2026-02-13T07:00:00.0000000+01:00,,0.0,7.3333,6.25
2026-02-13T07:15:00.0000000+01:00,,0.0,8.3333,
2026-02-13T07:30:00.0000000+01:00,,0.005,13.0,64.375
2026-02-13T17:15:00.0000000+01:00,,0.0015,0.0,37.5
2026-02-13T17:30:00.0000000+01:00,,0.0005,0.0,18.75
2026-02-13T17:45:00.0000000+01:00,,0.0,0.0,
2026-02-13T18:00:00.0000000+01:00,,0.0,0.0,
2026-02-13T18:15:00.0000000+01:00,,0.0,0.0,
2026-02-13T18:30:00.0000000+01:00,,0.0,0.0,
2026-02-13T18:45:00.0000000+01:00,,0.0,0.0,
2026-02-13T19:00:00.0000000+01:00,,0.0,0.0,
2026-02-13T19:15:00.0000000+01:00,,0.0,0.0,0.0
2026-02-13T19:30:00.0000000+01:00,,0.0,0.0,
2026-02-13T19:45:00.0000000+01:00,,0.0,0.0,
2026-02-13T20:00:00.0000000+01:00,,0.0,0.0,
2026-02-13T20:15:00.0000000+01:00,,0.0,0.0,
2026-02-13T20:30:00.0000000+01:00,,0.0,0.0,
2026-02-13T20:45:00.0000000+01:00,,0.0,0.0,
2026-02-13T21:00:00.0000000+01:00,,0.0,0.0,
2026-02-13T21:15:00.0000000+01:00,,0.0,0.0,
2026-02-13T21:30:00.0000000+01:00,,0.0,0.0,
2026-02-13T21:45:00.0000000+01:00,,0.0,0.0,
2026-02-13T22:00:00.0000000+01:00,,0.0,0.0,
2026-02-13T22:15:00.0000000+01:00,,0.0,0.0,
2026-02-13T22:30:00.0000000+01:00,,0.0,0.0,
2026-02-13T22:45:00.0000000+01:00,,0.0,0.0,
2026-02-13T23:00:00.0000000+01:00,,0.0,0.0,
2026-02-13T23:15:00.0000000+01:00,,0.0,0.0,
2026-02-13T23:30:00.0000000+01:00,,0.0,0.0,
2026-02-13T23:45:00.0000000+01:00,,0.0,0.0,
2026-02-14T00:00:00.0000000+01:00,,0.0,0.0,
2026-02-14T00:15:00.0000000+01:00,,0.0,0.0,
2026-02-14T00:30:00.0000000+01:00,,0.0,0.0,
2026-02-14T00:45:00.0000000+01:00,,0.0,0.0,
2026-02-14T01:00:00.0000000+01:00,,0.0,0.0,
2026-02-14T01:15:00.0000000+01:00,,0.0,0.0,
2026-02-14T01:30:00.0000000+01:00,,0.0,0.0,
2026-02-14T01:45:00.0000000+01:00,,0.0,0.0,
2026-02-14T02:00:00.0000000+01:00,,0.0,0.0,
2026-02-14T02:15:00.0000000+01:00,,0.0,0.0,
2026-02-14T02:30:00.0000000+01:00,,0.0,0.0,
2026-02-14T02:45:00.0000000+01:00,,0.0,0.0,
2026-02-14T03:00:00.0000000+01:00,,0.0,0.0,
2026-02-14T03:15:00.0000000+01:00,,0.0,0.0,
2026-02-14T03:30:00.0000000+01:00,,0.0,,
2026-02-14T03:45:00.0000000+01:00,,0.0,0.0,
2026-02-14T04:00:00.0000000+01:00,,0.0,0.0,
2026-02-14T04:15:00.0000000+01:00,,0.0,0.0,
2026-02-14T04:30:00.0000000+01:00,,0.0,0.0,
2026-02-14T04:45:00.0000000+01:00,,0.0,0.0,
2026-02-14T05:00:00.0000000+01:00,,0.0,0.0,
2026-02-14T05:15:00.0000000+01:00,,0.0,0.0,
2026-02-14T05:30:00.0000000+01:00,,0.0,0.0,
2026-02-14T05:45:00.0000000+01:00,,0.0,0.0,
2026-02-14T06:00:00.0000000+01:00,,0.0,0.0,
2026-02-14T06:15:00.0000000+01:00,,0.0,0.0,
2026-02-14T06:30:00.0000000+01:00,,0.0,0.0,
2026-02-14T06:45:00.0000000+01:00,,0.0,2.6667,
2026-02-14T07:00:00.0000000+01:00,,0.0,7.6667,6.25
2026-02-14T17:15:00.0000000+01:00,,0.0019,0.0,57.1429
2026-02-14T17:30:00.0000000+01:00,,0.0007,0.0,29.1667
2026-02-14T17:45:00.0000000+01:00,,0.0,0.0,
2026-02-14T18:00:00.0000000+01:00,,0.0,0.0,
2026-02-14T18:15:00.0000000+01:00,,0.0,0.0,
2026-02-14T18:30:00.0000000+01:00,,0.0,0.0,
2026-02-14T18:45:00.0000000+01:00,,0.0,0.0,
2026-02-14T19:00:00.0000000+01:00,,0.0,0.0,
2026-02-14T19:15:00.0000000+01:00,,0.0,0.0,6.25
2026-02-14T19:30:00.0000000+01:00,,0.0,0.0,
2026-02-14T19:45:00.0000000+01:00,,0.0,0.0,
2026-02-14T20:00:00.0000000+01:00,,0.0,0.0,
2026-02-14T20:15:00.0000000+01:00,,0.0,0.0,
2026-02-14T20:30:00.0000000+01:00,,0.0,0.0,
2026-02-14T20:45:00.0000000+01:00,,0.0,0.0,
2026-02-14T21:00:00.0000000+01:00,,0.0,0.0,
2026-02-14T21:15:00.0000000+01:00,,0.0,0.0,
2026-02-14T21:30:00.0000000+01:00,,0.0,0.0,
2026-02-14T21:45:00.0000000+01:00,,0.0,0.0,
2026-02-14T22:00:00.0000000+01:00,,0.0,0.0,
2026-02-14T22:15:00.0000000+01:00,,0.0,0.0,
2026-02-14T22:30:00.0000000+01:00,,0.0,0.0,
2026-02-14T22:45:00.0000000+01:00,,0.0,0.0,
2026-02-14T23:00:00.0000000+01:00,,0.0,0.0,
2026-02-14T23:15:00.0000000+01:00,,0.0,0.0,
2026-02-14T23:30:00.0000000+01:00,,0.0,0.0,
2026-02-14T23:45:00.0000000+01:00,,0.0,0.0,
2026-02-15T00:00:00.0000000+01:00,,0.0,0.0,
2026-02-15T00:15:00.0000000+01:00,,0.0,0.0,
2026-02-15T00:30:00.0000000+01:00,,0.0,0.0,
2026-02-15T00:45:00.0000000+01:00,,0.0,0.0,
2026-02-15T01:00:00.0000000+01:00,,0.0,0.0,
2026-02-15T01:15:00.0000000+01:00,,0.0,0.0,
2026-02-15T01:30:00.0000000+01:00,,0.0,0.0,
2026-02-15T01:45:00.0000000+01:00,,0.0,0.0,
2026-02-15T02:00:00.0000000+01:00,,0.0,0.0,
2026-02-15T02:15:00.0000000+01:00,,0.0,0.0,
2026-02-15T02:30:00.0000000+01:00,,0.0,0.0,
2026-02-15T02:45:00.0000000+01:00,,0.0,0.0,
2026-02-15T03:00:00.0000000+01:00,,0.0,0.0,
2026-02-15T03:15:00.0000000+01:00,,0.0,0.0,
2026-02-15T03:30:00.0000000+01:00,,0.0,,
2026-02-15T03:45:00.0000000+01:00,,0.0,0.0,
2026-02-15T04:00:00.0000000+01:00,,0.0,0.0,
2026-02-15T04:15:00.0000000+01:00,,0.0,0.0,
2026-02-15T04:30:00.0000000+01:00,,0.0,0.0,
2026-02-15T04:45:00.0000000+01:00,,0.0,0.0,
2026-02-15T05:00:00.0000000+01:00,,0.0,0.0,
2026-02-15T05:15:00.0000000+01:00,,0.0,0.0,
2026-02-15T05:30:00.0000000+01:00,,0.0,0.0,
2026-02-15T05:45:00.0000000+01:00,,0.0,0.0,
2026-02-15T06:00:00.0000000+01:00,,0.0,0.0,
2026-02-15T06:15:00.0000000+01:00,,0.0,0.0,
2026-02-15T06:30:00.0000000+01:00,,0.0,0.0,
2026-02-15T06:45:00.0000000+01:00,,0.0,10.0,12.5
2026-02-15T07:00:00.0000000+01:00,,0.0,47.0,
2026-02-15T17:30:00.0000000+01:00,,0.0011,0.0,27.5
2026-02-15T17:45:00.0000000+01:00,,0.0,0.0,
2026-02-15T18:00:00.0000000+01:00,,0.0,0.0,
2026-02-15T18:15:00.0000000+01:00,,0.0,0.0,
2026-02-15T18:30:00.0000000+01:00,,0.0,0.0,
2026-02-15T18:45:00.0000000+01:00,,0.0,0.0,
2026-02-15T19:00:00.0000000+01:00,,0.0,0.0,
2026-02-15T19:15:00.0000000+01:00,,0.0,0.0,3.125
2026-02-15T19:30:00.0000000+01:00,,0.0,0.0,
2026-02-15T19:45:00.0000000+01:00,,0.0,0.0,
2026-02-15T20:00:00.0000000+01:00,,0.0,0.0,
2026-02-15T20:15:00.0000000+01:00,,0.0,0.0,
2026-02-15T20:30:00.0000000+01:00,,0.0,0.0,
2026-02-15T20:45:00.0000000+01:00,,0.0,0.0,
2026-02-15T21:00:00.0000000+01:00,,0.0,0.0,
2026-02-15T21:15:00.0000000+01:00,,0.0,0.0,
2026-02-15T21:30:00.0000000+01:00,,0.0,0.0,
2026-02-15T21:45:00.0000000+01:00,,0.0,0.0,
2026-02-15T22:00:00.0000000+01:00,,0.0,0.0,
2026-02-15T22:15:00.0000000+01:00,,0.0,0.0,
2026-02-15T22:30:00.0000000+01:00,,0.0,0.0,
2026-02-15T22:45:00.0000000+01:00,,0.0,0.0,
2026-02-15T23:00:00.0000000+01:00,,0.0,0.0,
2026-02-15T23:15:00.0000000+01:00,,0.0,0.0,
2026-02-15T23:30:00.0000000+01:00,,0.0,0.0,
2026-02-15T23:45:00.0000000+01:00,,0.0,0.0,
2026-02-16T00:00:00.0000000+01:00,,0.0,0.0,
2026-02-16T00:15:00.0000000+01:00,,0.0,0.0,
2026-02-16T00:30:00.0000000+01:00,,0.0,0.0,
2026-02-16T00:45:00.0000000+01:00,,0.0,0.0,
2026-02-16T01:00:00.0000000+01:00,,0.0,0.0,
2026-02-16T01:15:00.0000000+01:00,,0.0,0.0,
2026-02-16T01:30:00.0000000+01:00,,0.0,0.0,
2026-02-16T01:45:00.0000000+01:00,,0.0,0.0,
2026-02-16T02:00:00.0000000+01:00,,0.0,0.0,
2026-02-16T02:15:00.0000000+01:00,,0.0,0.0,
2026-02-16T02:30:00.0000000+01:00,,0.0,0.0,
2026-02-16T02:45:00.0000000+01:00,,0.0,0.0,
2026-02-16T03:00:00.0000000+01:00,,0.0,0.0,
2026-02-16T03:15:00.0000000+01:00,,0.0,0.0,
2026-02-16T03:30:00.0000000+01:00,,0.0,,
2026-02-16T03:45:00.0000000+01:00,,0.0,0.0,
2026-02-16T04:00:00.0000000+01:00,,0.0,0.0,
2026-02-16T04:15:00.0000000+01:00,,0.0,0.0,
2026-02-16T04:30:00.0000000+01:00,,0.0,0.0,
2026-02-16T04:45:00.0000000+01:00,,0.0,0.0,
2026-02-16T05:00:00.0000000+01:00,,0.0,0.0,
2026-02-16T05:15:00.0000000+01:00,,0.0,0.0,
2026-02-16T05:30:00.0000000+01:00,,0.0,0.0,
2026-02-16T05:45:00.0000000+01:00,,0.0,0.0,
2026-02-16T06:00:00.0000000+01:00,,0.0,0.0,
2026-02-16T06:15:00.0000000+01:00,,0.0,0.0,
2026-02-16T06:30:00.0000000+01:00,,0.0,0.6667,
2026-02-16T06:45:00.0000000+01:00,,0.0,18.0,9.375
2026-02-16T17:00:00.0000000+01:00,,0.0065,0.0,90.625
2026-02-16T17:15:00.0000000+01:00,,0.0022,0.0,73.2143
2026-02-16T17:30:00.0000000+01:00,,0.001,0.0,37.5
2026-02-16T17:45:00.0000000+01:00,,0.0,0.0,
2026-02-16T18:00:00.0000000+01:00,,0.0,0.0,
2026-02-16T18:15:00.0000000+01:00,,0.0,0.0,
2026-02-16T18:30:00.0000000+01:00,,0.0,0.0,
2026-02-16T18:45:00.0000000+01:00,,0.0,0.0,
2026-02-16T19:00:00.0000000+01:00,,0.0,0.0,
2026-02-16T19:15:00.0000000+01:00,,0.0,0.0,9.375
2026-02-16T19:30:00.0000000+01:00,,0.0,0.0,
2026-02-16T19:45:00.0000000+01:00,,0.0,0.0,
2026-02-16T20:00:00.0000000+01:00,,0.0,0.0,
2026-02-16T20:15:00.0000000+01:00,,0.0,0.0,
2026-02-16T20:30:00.0000000+01:00,,0.0,0.0,
2026-02-16T20:45:00.0000000+01:00,,0.0,0.0,
2026-02-16T21:00:00.0000000+01:00,,0.0,0.0,
2026-02-16T21:15:00.0000000+01:00,,0.0,0.0,
2026-02-16T21:30:00.0000000+01:00,,0.0,0.0,
2026-02-16T21:45:00.0000000+01:00,,0.0,0.0,
2026-02-16T22:00:00.0000000+01:00,,0.0,0.0,
2026-02-16T22:15:00.0000000+01:00,,0.0,0.0,
2026-02-16T22:30:00.0000000+01:00,,0.0,0.0,
2026-02-16T22:45:00.0000000+01:00,,0.0,0.0,
2026-02-16T23:00:00.0000000+01:00,,0.0,0.0,
2026-02-16T23:15:00.0000000+01:00,,0.0,0.0,
2026-02-16T23:30:00.0000000+01:00,,0.0,0.0,
2026-02-16T23:45:00.0000000+01:00,,0.0,0.0,
2026-02-17T00:00:00.0000000+01:00,,0.0,0.0,
2026-02-17T00:15:00.0000000+01:00,,0.0,0.0,
2026-02-17T00:30:00.0000000+01:00,,0.0,0.0,
2026-02-17T00:45:00.0000000+01:00,,0.0,0.0,
2026-02-17T01:00:00.0000000+01:00,,0.0,0.0,
2026-02-17T01:15:00.0000000+01:00,,0.0,0.0,
2026-02-17T01:30:00.0000000+01:00,,0.0,0.0,
2026-02-17T01:45:00.0000000+01:00,,0.0,0.0,
2026-02-17T02:00:00.0000000+01:00,,0.0,0.0,
2026-02-17T02:15:00.0000000+01:00,,0.0,0.0,
2026-02-17T02:30:00.0000000+01:00,,0.0,0.0,
2026-02-17T02:45:00.0000000+01:00,,0.0,0.0,
2026-02-17T03:00:00.0000000+01:00,,0.0,0.0,
2026-02-17T03:15:00.0000000+01:00,,0.0,0.0,
2026-02-17T03:30:00.0000000+01:00,,0.0,,
2026-02-17T03:45:00.0000000+01:00,,0.0,0.0,
2026-02-17T04:00:00.0000000+01:00,,0.0,0.0,
2026-02-17T04:15:00.0000000+01:00,,0.0,0.0,
2026-02-17T04:30:00.0000000+01:00,,0.0,0.0,
2026-02-17T04:45:00.0000000+01:00,,0.0,0.0,
2026-02-17T05:00:00.0000000+01:00,,0.0,0.0,
2026-02-17T05:15:00.0000000+01:00,,0.0,0.0,
2026-02-17T05:30:00.0000000+01:00,,0.0,0.0,
2026-02-17T05:45:00.0000000+01:00,,0.0,0.0,
2026-02-17T06:00:00.0000000+01:00,,0.0,0.0,
2026-02-17T06:15:00.0000000+01:00,,0.0,0.0,
2026-02-17T06:30:00.0000000+01:00,,0.0,0.6667,
2026-02-17T06:45:00.0000000+01:00,,0.0,6.6667,15.625
2026-02-17T07:00:00.0000000+01:00,,0.0002,16.0,50.0
2026-02-17T17:15:00.0000000+01:00,,0.0027,0.0,62.5
2026-02-17T17:30:00.0000000+01:00,,0.0012,0.0,34.375
2026-02-17T17:45:00.0000000+01:00,,0.0001,0.0,12.5
2026-02-17T18:00:00.0000000+01:00,,0.0,0.0,
2026-02-17T18:15:00.0000000+01:00,,0.0,0.0,
2026-02-17T18:30:00.0000000+01:00,,0.0,0.0,
2026-02-17T18:45:00.0000000+01:00,,0.0,0.0,
2026-02-17T19:00:00.0000000+01:00,,0.0,0.0,
2026-02-17T19:15:00.0000000+01:00,,0.0,0.0,0.0
2026-02-17T19:30:00.0000000+01:00,,0.0,0.0,
2026-02-17T19:45:00.0000000+01:00,,0.0,0.0,
2026-02-17T20:00:00.0000000+01:00,,0.0,0.0,
2026-02-17T20:15:00.0000000+01:00,,0.0,0.0,
2026-02-17T20:30:00.0000000+01:00,,0.0,0.0,
2026-02-17T20:45:00.0000000+01:00,,0.0,0.0,
2026-02-17T21:00:00.0000000+01:00,,0.0,0.0,
2026-02-17T21:15:00.0000000+01:00,,0.0,0.0,
2026-02-17T21:30:00.0000000+01:00,,0.0,0.0,
2026-02-17T21:45:00.0000000+01:00,,0.0,0.0,
2026-02-17T22:00:00.0000000+01:00,,0.0,0.0,
2026-02-17T22:15:00.0000000+01:00,,0.0,0.0,
2026-02-17T22:30:00.0000000+01:00,,0.0,0.0,
2026-02-17T22:45:00.0000000+01:00,,0.0,0.0,
2026-02-17T23:00:00.0000000+01:00,,0.0,0.0,
2026-02-17T23:15:00.0000000+01:00,,0.0,0.0,
2026-02-17T23:30:00.0000000+01:00,,0.0,0.0,
2026-02-17T23:45:00.0000000+01:00,,0.0,0.0,
2026-02-18T00:00:00.0000000+01:00,,0.0,0.0,
2026-02-18T00:15:00.0000000+01:00,,0.0,0.0,
2026-02-18T00:30:00.0000000+01:00,,0.0,0.0,
2026-02-18T00:45:00.0000000+01:00,,0.0,0.0,
2026-02-18T01:00:00.0000000+01:00,,0.0,0.0,
2026-02-18T01:15:00.0000000+01:00,,0.0,0.0,
2026-02-18T01:30:00.0000000+01:00,,0.0,0.0,
2026-02-18T01:45:00.0000000+01:00,,0.0,0.0,
2026-02-18T02:00:00.0000000+01:00,,0.0,0.0,
2026-02-18T02:15:00.0000000+01:00,,0.0,0.0,
2026-02-18T02:30:00.0000000+01:00,,0.0,0.0,
2026-02-18T02:45:00.0000000+01:00,,0.0,0.0,
2026-02-18T03:00:00.0000000+01:00,,0.0,0.0,
2026-02-18T03:15:00.0000000+01:00,,0.0,0.0,
2026-02-18T03:30:00.0000000+01:00,,0.0,,
2026-02-18T03:45:00.0000000+01:00,,0.0,0.0,
2026-02-18T04:00:00.0000000+01:00,,0.0,0.0,
2026-02-18T04:15:00.0000000+01:00,,0.0,0.0,
2026-02-18T04:30:00.0000000+01:00,,0.0,0.0,
2026-02-18T04:45:00.0000000+01:00,,0.0,0.0,
2026-02-18T05:00:00.0000000+01:00,,0.0,0.0,
2026-02-18T05:15:00.0000000+01:00,,0.0,0.0,
2026-02-18T05:30:00.0000000+01:00,,0.0,0.0,
2026-02-18T05:45:00.0000000+01:00,,0.0,0.0,
2026-02-18T06:00:00.0000000+01:00,,0.0,0.0,
2026-02-18T06:15:00.0000000+01:00,,0.0,0.0,
2026-02-18T06:30:00.0000000+01:00,,0.0,2.0,
2026-02-18T06:45:00.0000000+01:00,,0.0,11.0,6.25
2026-02-18T07:00:00.0000000+01:00,,0.0019,13.3333,62.5
2026-02-18T17:30:00.0000000+01:00,,0.0017,0.0,59.8214
2026-02-18T17:45:00.0000000+01:00,,0.0004,0.0,28.125
2026-02-18T18:00:00.0000000+01:00,,0.0,0.0,
2026-02-18T18:15:00.0000000+01:00,,0.0,0.0,
2026-02-18T18:30:00.0000000+01:00,,0.0,0.0,
2026-02-18T18:45:00.0000000+01:00,,0.0,0.0,
2026-02-18T19:00:00.0000000+01:00,,0.0,0.0,
2026-02-18T19:15:00.0000000+01:00,,0.0,0.0,
2026-02-18T19:30:00.0000000+01:00,,0.0,0.0,6.25
2026-02-18T19:45:00.0000000+01:00,,0.0,0.0,
2026-02-18T20:00:00.0000000+01:00,,0.0,0.0,
2026-02-18T20:15:00.0000000+01:00,,0.0,0.0,
2026-02-18T20:30:00.0000000+01:00,,0.0,0.0,
2026-02-18T20:45:00.0000000+01:00,,0.0,0.0,
2026-02-18T21:00:00.0000000+01:00,,0.0,0.0,
2026-02-18T21:15:00.0000000+01:00,,0.0,0.0,
2026-02-18T21:30:00.0000000+01:00,,0.0,0.0,
2026-02-18T21:45:00.0000000+01:00,,0.0,0.0,
2026-02-18T22:00:00.0000000+01:00,,0.0,0.0,
2026-02-18T22:15:00.0000000+01:00,,0.0,0.0,
2026-02-18T22:30:00.0000000+01:00,,0.0,0.0,
2026-02-18T22:45:00.0000000+01:00,,0.0,0.0,
2026-02-18T23:00:00.0000000+01:00,,0.0,0.0,
2026-02-18T23:15:00.0000000+01:00,,0.0,0.0,
2026-02-18T23:30:00.0000000+01:00,,0.0,0.0,
2026-02-18T23:45:00.0000000+01:00,,0.0,0.0,
2026-02-19T00:00:00.0000000+01:00,,0.0,0.0,
2026-02-19T00:15:00.0000000+01:00,,0.0,0.0,
2026-02-19T00:30:00.0000000+01:00,,0.0,0.0,
2026-02-19T00:45:00.0000000+01:00,,0.0,0.0,
2026-02-19T01:00:00.0000000+01:00,,0.0,0.0,
2026-02-19T01:15:00.0000000+01:00,,0.0,0.0,
2026-02-19T01:30:00.0000000+01:00,,0.0,0.0,
2026-02-19T01:45:00.0000000+01:00,,0.0,0.0,
2026-02-19T02:00:00.0000000+01:00,,0.0,0.0,
2026-02-19T02:15:00.0000000+01:00,,0.0,0.0,
2026-02-19T02:30:00.0000000+01:00,,0.0,0.0,
2026-02-19T02:45:00.0000000+01:00,,0.0,0.0,
2026-02-19T03:00:00.0000000+01:00,,0.0,0.0,
2026-02-19T03:15:00.0000000+01:00,,0.0,0.0,
2026-02-19T03:30:00.0000000+01:00,,0.0,,
2026-02-19T03:45:00.0000000+01:00,,0.0,0.0,
2026-02-19T04:00:00.0000000+01:00,,0.0,0.0,
2026-02-19T04:15:00.0000000+01:00,,0.0,0.0,
2026-02-19T04:30:00.0000000+01:00,,0.0,0.0,
2026-02-19T04:45:00.0000000+01:00,,0.0,0.0,
2026-02-19T05:00:00.0000000+01:00,,0.0,0.0,
2026-02-19T05:15:00.0000000+01:00,,0.0,0.0,
2026-02-19T05:30:00.0000000+01:00,,0.0,0.0,
2026-02-19T05:45:00.0000000+01:00,,0.0,0.0,
2026-02-19T06:00:00.0000000+01:00,,0.0,0.0,
2026-02-19T06:15:00.0000000+01:00,,0.0,0.0,
2026-02-19T06:30:00.0000000+01:00,,0.0,3.6667,12.5
2026-02-19T06:45:00.0000000+01:00,,0.0,22.3333,
2026-02-19T07:00:00.0000000+01:00,,0.0063,100.6667,64.0625
2026-02-19T17:30:00.0000000+01:00,,0.0016,0.0,51.7045
2026-02-19T17:45:00.0000000+01:00,,0.0004,0.0,16.6667
2026-02-19T18:00:00.0000000+01:00,,0.0,0.0,
2026-02-19T18:15:00.0000000+01:00,,0.0,0.0,
2026-02-19T18:30:00.0000000+01:00,,0.0,0.0,
2026-02-19T18:45:00.0000000+01:00,,0.0,0.0,
2026-02-19T19:00:00.0000000+01:00,,0.0,0.0,
2026-02-19T19:15:00.0000000+01:00,,0.0,0.0,
2026-02-19T19:30:00.0000000+01:00,,0.0,0.0,0.0
2026-02-19T19:45:00.0000000+01:00,,0.0,0.0,
2026-02-19T20:00:00.0000000+01:00,,0.0,0.0,
2026-02-19T20:15:00.0000000+01:00,,0.0,0.0,
2026-02-19T20:30:00.0000000+01:00,,0.0,0.0,
2026-02-19T20:45:00.0000000+01:00,,0.0,0.0,
2026-02-19T21:00:00.0000000+01:00,,0.0,0.0,
2026-02-19T21:15:00.0000000+01:00,,0.0,0.0,
2026-02-19T21:30:00.0000000+01:00,,0.0,0.0,
2026-02-19T21:45:00.0000000+01:00,,0.0,0.0,
2026-02-19T22:00:00.0000000+01:00,,0.0,0.0,
2026-02-19T22:15:00.0000000+01:00,,0.0,0.0,
2026-02-19T22:30:00.0000000+01:00,,0.0,0.0,
2026-02-19T22:45:00.0000000+01:00,,0.0,0.0,
2026-02-19T23:00:00.0000000+01:00,,0.0,0.0,
2026-02-19T23:15:00.0000000+01:00,,0.0,0.0,
2026-02-19T23:30:00.0000000+01:00,,0.0,0.0,
2026-02-19T23:45:00.0000000+01:00,,0.0,0.0,
2026-02-20T00:00:00.0000000+01:00,,0.0,0.0,
2026-02-20T00:15:00.0000000+01:00,,0.0,0.0,
2026-02-20T00:30:00.0000000+01:00,,0.0,0.0,
2026-02-20T00:45:00.0000000+01:00,,0.0,0.0,
2026-02-20T01:00:00.0000000+01:00,,0.0,0.0,
2026-02-20T01:15:00.0000000+01:00,,0.0,0.0,
2026-02-20T01:30:00.0000000+01:00,,0.0,0.0,
2026-02-20T01:45:00.0000000+01:00,,0.0,0.0,
2026-02-20T02:00:00.0000000+01:00,,0.0,0.0,
2026-02-20T02:15:00.0000000+01:00,,0.0,0.0,
2026-02-20T02:30:00.0000000+01:00,,0.0,0.0,
2026-02-20T02:45:00.0000000+01:00,,0.0,0.0,
2026-02-20T03:00:00.0000000+01:00,,0.0,0.0,
2026-02-20T03:15:00.0000000+01:00,,0.0,0.0,
2026-02-20T03:30:00.0000000+01:00,,0.0,,
2026-02-20T03:45:00.0000000+01:00,,0.0,0.0,
2026-02-20T04:00:00.0000000+01:00,,0.0,0.0,
2026-02-20T04:15:00.0000000+01:00,,0.0,0.0,
2026-02-20T04:30:00.0000000+01:00,,0.0,0.0,
2026-02-20T04:45:00.0000000+01:00,,0.0,0.0,
2026-02-20T05:00:00.0000000+01:00,,0.0,0.0,
2026-02-20T05:15:00.0000000+01:00,,0.0,0.0,
2026-02-20T05:30:00.0000000+01:00,,0.0,0.0,
2026-02-20T05:45:00.0000000+01:00,,0.0,0.0,
2026-02-20T06:00:00.0000000+01:00,,0.0,0.0,
2026-02-20T06:15:00.0000000+01:00,,0.0,0.0,
2026-02-20T06:30:00.0000000+01:00,,0.0,5.0,6.25
2026-02-20T17:30:00.0000000+01:00,,0.0015,0.0,64.0625
2026-02-20T17:45:00.0000000+01:00,,0.0005,0.0,33.3333
2026-02-20T18:00:00.0000000+01:00,,0.0,0.0,
2026-02-20T18:15:00.0000000+01:00,,0.0,0.0,
2026-02-20T18:30:00.0000000+01:00,,0.0,0.0,
2026-02-20T18:45:00.0000000+01:00,,0.0,0.0,
2026-02-20T19:00:00.0000000+01:00,,0.0,0.0,
2026-02-20T19:15:00.0000000+01:00,,0.0,0.0,
2026-02-20T19:30:00.0000000+01:00,,0.0,0.0,8.3333
2026-02-20T19:45:00.0000000+01:00,,0.0,0.0,
2026-02-20T20:00:00.0000000+01:00,,0.0,0.0,
2026-02-20T20:15:00.0000000+01:00,,0.0,0.0,
2026-02-20T20:30:00.0000000+01:00,,0.0,0.0,
2026-02-20T20:45:00.0000000+01:00,,0.0,0.0,
2026-02-20T21:00:00.0000000+01:00,,0.0,0.0,
2026-02-20T21:15:00.0000000+01:00,,0.0,0.0,
2026-02-20T21:30:00.0000000+01:00,,0.0,0.0,
2026-02-20T21:45:00.0000000+01:00,,0.0,0.0,
2026-02-20T22:00:00.0000000+01:00,,0.0,0.0,
2026-02-20T22:15:00.0000000+01:00,,0.0,0.0,
2026-02-20T22:30:00.0000000+01:00,,0.0,0.0,
2026-02-20T22:45:00.0000000+01:00,,0.0,0.0,
2026-02-20T23:00:00.0000000+01:00,,0.0,0.0,
2026-02-20T23:15:00.0000000+01:00,,0.0,0.0,
2026-02-20T23:30:00.0000000+01:00,,0.0,0.0,
2026-02-20T23:45:00.0000000+01:00,,0.0,0.0,
2026-02-21T00:00:00.0000000+01:00,,0.0,0.0,
2026-02-21T00:15:00.0000000+01:00,,0.0,0.0,
2026-02-21T00:30:00.0000000+01:00,,0.0,0.0,
2026-02-21T00:45:00.0000000+01:00,,0.0,0.0,
2026-02-21T01:00:00.0000000+01:00,,0.0,0.0,
2026-02-21T01:15:00.0000000+01:00,,0.0,0.0,
2026-02-21T01:30:00.0000000+01:00,,0.0,0.0,
2026-02-21T01:45:00.0000000+01:00,,0.0,0.0,
2026-02-21T02:00:00.0000000+01:00,,0.0,0.0,
2026-02-21T02:15:00.0000000+01:00,,0.0,0.0,
2026-02-21T02:30:00.0000000+01:00,,0.0,0.0,
2026-02-21T02:45:00.0000000+01:00,,0.0,0.0,
2026-02-21T03:00:00.0000000+01:00,,0.0,0.0,
2026-02-21T03:15:00.0000000+01:00,,0.0,0.0,
2026-02-21T03:30:00.0000000+01:00,,0.0,,
2026-02-21T03:45:00.0000000+01:00,,0.0,0.0,
2026-02-21T04:00:00.0000000+01:00,,0.0,0.0,
2026-02-21T04:15:00.0000000+01:00,,0.0,0.0,
2026-02-21T04:30:00.0000000+01:00,,0.0,0.0,
2026-02-21T04:45:00.0000000+01:00,,0.0,0.0,
2026-02-21T05:00:00.0000000+01:00,,0.0,0.0,
2026-02-21T05:15:00.0000000+01:00,,0.0,0.0,
2026-02-21T05:30:00.0000000+01:00,,0.0,0.0,
2026-02-21T05:45:00.0000000+01:00,,0.0,0.0,
2026-02-21T06:00:00.0000000+01:00,,0.0,0.0,
2026-02-21T06:15:00.0000000+01:00,,0.0,0.0,
2026-02-21T06:30:00.0000000+01:00,,0.0,2.3333,
2026-02-21T06:45:00.0000000+01:00,,0.0,6.6667,9.375
2026-02-21T07:00:00.0000000+01:00,,0.0,6.6667,21.875
2026-02-21T07:15:00.0000000+01:00,,0.0,7.6667,
2026-02-21T07:30:00.0000000+01:00,,0.0045,11.0,67.7885
2026-02-21T07:45:00.0000000+01:00,,0.0127,15.6667,97.9167
2026-02-21T08:15:00.0000000+01:00,,0.0219,30.3333,
2026-02-21T11:45:00.0000000+01:00,,0.2025,77.6667,
2026-02-21T17:30:00.0000000+01:00,,0.0015,0.0,53.125
2026-02-21T17:45:00.0000000+01:00,,0.0004,0.0,21.875
2026-02-21T18:00:00.0000000+01:00,,0.0,0.0,
2026-02-21T18:15:00.0000000+01:00,,0.0,0.0,
2026-02-21T18:30:00.0000000+01:00,,0.0,0.0,
2026-02-21T18:45:00.0000000+01:00,,0.0,0.0,
2026-02-21T19:00:00.0000000+01:00,,0.0,0.0,
2026-02-21T19:15:00.0000000+01:00,,0.0,0.0,
2026-02-21T19:30:00.0000000+01:00,,0.0,0.0,6.25
2026-02-21T19:45:00.0000000+01:00,,0.0,0.0,
2026-02-21T20:00:00.0000000+01:00,,0.0,0.0,
2026-02-21T20:15:00.0000000+01:00,,0.0,0.0,
2026-02-21T20:30:00.0000000+01:00,,0.0,0.0,
2026-02-21T20:45:00.0000000+01:00,,0.0,0.0,
2026-02-21T21:00:00.0000000+01:00,,0.0,0.0,
2026-02-21T21:15:00.0000000+01:00,,0.0,0.0,
2026-02-21T21:30:00.0000000+01:00,,0.0,0.0,
2026-02-21T21:45:00.0000000+01:00,,0.0,0.0,
2026-02-21T22:00:00.0000000+01:00,,0.0,0.0,
2026-02-21T22:15:00.0000000+01:00,,0.0,0.0,
2026-02-21T22:30:00.0000000+01:00,,0.0,0.0,
2026-02-21T22:45:00.0000000+01:00,,0.0,0.0,
2026-02-21T23:00:00.0000000+01:00,,0.0,0.0,
2026-02-21T23:15:00.0000000+01:00,,0.0,0.0,
2026-02-21T23:30:00.0000000+01:00,,0.0,0.0,
2026-02-21T23:45:00.0000000+01:00,,0.0,0.0,
2026-02-22T00:00:00.0000000+01:00,,0.0,0.0,
2026-02-22T00:15:00.0000000+01:00,,0.0,0.0,
2026-02-22T00:30:00.0000000+01:00,,0.0,0.0,
2026-02-22T00:45:00.0000000+01:00,,0.0,0.0,
2026-02-22T01:00:00.0000000+01:00,,0.0,0.0,
2026-02-22T01:15:00.0000000+01:00,,0.0,0.0,
2026-02-22T01:30:00.0000000+01:00,,0.0,0.0,
2026-02-22T01:45:00.0000000+01:00,,0.0,0.0,
2026-02-22T02:00:00.0000000+01:00,,0.0,0.0,
2026-02-22T02:15:00.0000000+01:00,,0.0,0.0,
2026-02-22T02:30:00.0000000+01:00,,0.0,0.0,
2026-02-22T02:45:00.0000000+01:00,,0.0,0.0,
2026-02-22T03:00:00.0000000+01:00,,0.0,0.0,
2026-02-22T03:15:00.0000000+01:00,,0.0,0.0,
2026-02-22T03:30:00.0000000+01:00,,0.0,,
2026-02-22T03:45:00.0000000+01:00,,0.0,0.0,
2026-02-22T04:00:00.0000000+01:00,,0.0,0.0,
2026-02-22T04:15:00.0000000+01:00,,0.0,0.0,
2026-02-22T04:30:00.0000000+01:00,,0.0,0.0,
2026-02-22T04:45:00.0000000+01:00,,0.0,0.0,
2026-02-22T05:00:00.0000000+01:00,,0.0,0.0,
2026-02-22T05:15:00.0000000+01:00,,0.0,0.0,
2026-02-22T05:30:00.0000000+01:00,,0.0,0.0,
2026-02-22T05:45:00.0000000+01:00,,0.0,,
2026-02-22T06:00:00.0000000+01:00,,0.0,,
2026-02-22T06:15:00.0000000+01:00,,0.0,,
2026-02-22T06:30:00.0000000+01:00,,0.0,,12.5
2026-02-22T06:45:00.0000000+01:00,,0.0002,,34.375
2026-02-22T17:15:00.0000000+01:00,,0.0055,,89.8438
2026-02-22T17:30:00.0000000+01:00,,0.0018,,66.6667
2026-02-22T17:45:00.0000000+01:00,,0.0006,,31.25
2026-02-22T18:00:00.0000000+01:00,,0.0,,
2026-02-22T18:15:00.0000000+01:00,,0.0,,
2026-02-22T18:30:00.0000000+01:00,,0.0,,
2026-02-22T18:45:00.0000000+01:00,,0.0,,
2026-02-22T19:00:00.0000000+01:00,,0.0,,
2026-02-22T19:15:00.0000000+01:00,,0.0,,
2026-02-22T19:30:00.0000000+01:00,,0.0,,9.375
2026-02-22T19:45:00.0000000+01:00,,0.0,,
2026-02-22T20:00:00.0000000+01:00,,0.0,,
2026-02-22T20:15:00.0000000+01:00,,0.0,,
2026-02-22T20:30:00.0000000+01:00,,0.0,,
2026-02-22T20:45:00.0000000+01:00,,0.0,,
2026-02-22T21:00:00.0000000+01:00,,0.0,,
2026-02-22T21:15:00.0000000+01:00,,0.0,,
2026-02-22T21:30:00.0000000+01:00,,0.0,,
2026-02-22T21:45:00.0000000+01:00,,0.0,,
2026-02-22T22:00:00.0000000+01:00,,0.0,,
2026-02-22T22:15:00.0000000+01:00,,0.0,,
2026-02-22T22:30:00.0000000+01:00,,0.0,,
2026-02-22T22:45:00.0000000+01:00,,0.0,,
2026-02-22T23:00:00.0000000+01:00,,0.0,,
2026-02-22T23:15:00.0000000+01:00,,0.0,,
2026-02-22T23:30:00.0000000+01:00,,0.0,,
2026-02-22T23:45:00.0000000+01:00,,0.0,,
2026-02-23T00:00:00.0000000+01:00,,0.0,,
2026-02-23T00:15:00.0000000+01:00,,0.0,,
2026-02-23T00:30:00.0000000+01:00,,0.0,,
2026-02-23T00:45:00.0000000+01:00,,0.0,,
2026-02-23T01:00:00.0000000+01:00,,0.0,,
2026-02-23T01:15:00.0000000+01:00,,0.0,,
2026-02-23T01:30:00.0000000+01:00,,0.0,,
2026-02-23T01:45:00.0000000+01:00,,0.0,,
2026-02-23T02:00:00.0000000+01:00,,0.0,,
2026-02-23T02:15:00.0000000+01:00,,0.0,,
2026-02-23T02:30:00.0000000+01:00,,0.0,,
2026-02-23T02:45:00.0000000+01:00,,0.0,,
2026-02-23T03:00:00.0000000+01:00,,0.0,,
2026-02-23T03:15:00.0000000+01:00,,0.0,,
2026-02-23T03:30:00.0000000+01:00,,0.0,,
2026-02-23T03:45:00.0000000+01:00,,0.0,,
2026-02-23T04:00:00.0000000+01:00,,0.0,,
2026-02-23T04:15:00.0000000+01:00,,0.0,,
2026-02-23T04:30:00.0000000+01:00,,0.0,,
2026-02-23T04:45:00.0000000+01:00,,0.0,0.0,
2026-02-23T05:00:00.0000000+01:00,,0.0,,
2026-02-23T05:15:00.0000000+01:00,,0.0,,
2026-02-23T05:30:00.0000000+01:00,,0.0,,
2026-02-23T05:45:00.0000000+01:00,,0.0,0.0,
2026-02-23T06:00:00.0000000+01:00,,0.0,0.0,
2026-02-23T06:15:00.0000000+01:00,,0.0,0.3333,
2026-02-23T06:30:00.0000000+01:00,,0.0,6.3333,15.625
2026-02-23T06:45:00.0000000+01:00,,0.0,15.3333,
2026-02-23T17:30:00.0000000+01:00,,0.0032,0.0,72.9167
2026-02-23T17:45:00.0000000+01:00,,0.0009,0.0,36.1111
2026-02-23T18:00:00.0000000+01:00,,0.0,0.0,
2026-02-23T18:15:00.0000000+01:00,,0.0,0.0,
2026-02-23T18:30:00.0000000+01:00,,0.0,0.0,
2026-02-23T18:45:00.0000000+01:00,,0.0,0.0,
2026-02-23T19:00:00.0000000+01:00,,0.0,0.0,
2026-02-23T19:15:00.0000000+01:00,,0.0,0.0,
2026-02-23T19:30:00.0000000+01:00,,0.0,0.0,3.125
2026-02-23T19:45:00.0000000+01:00,,0.0,0.0,
2026-02-23T20:00:00.0000000+01:00,,0.0,0.0,
2026-02-23T20:15:00.0000000+01:00,,0.0,0.0,
2026-02-23T20:30:00.0000000+01:00,,0.0,0.0,
2026-02-23T20:45:00.0000000+01:00,,0.0,0.0,
2026-02-23T21:00:00.0000000+01:00,,0.0,0.0,
2026-02-23T21:15:00.0000000+01:00,,0.0,0.0,
2026-02-23T21:30:00.0000000+01:00,,0.0,0.0,
2026-02-23T21:45:00.0000000+01:00,,0.0,0.0,
2026-02-23T22:00:00.0000000+01:00,,0.0,0.0,
2026-02-23T22:15:00.0000000+01:00,,0.0,0.0,
2026-02-23T22:30:00.0000000+01:00,,0.0,0.0,
2026-02-23T22:45:00.0000000+01:00,,0.0,0.0,
2026-02-23T23:00:00.0000000+01:00,,0.0,0.0,
2026-02-23T23:15:00.0000000+01:00,,0.0,0.0,
2026-02-23T23:30:00.0000000+01:00,,0.0,0.0,
2026-02-23T23:45:00.0000000+01:00,,0.0,0.0,
2026-02-24T00:00:00.0000000+01:00,,0.0,0.0,
2026-02-24T00:15:00.0000000+01:00,,0.0,0.0,
2026-02-24T00:30:00.0000000+01:00,,0.0,0.0,
2026-02-24T00:45:00.0000000+01:00,,0.0,0.0,
2026-02-24T01:00:00.0000000+01:00,,0.0,0.0,
2026-02-24T01:15:00.0000000+01:00,,0.0,0.0,
2026-02-24T01:30:00.0000000+01:00,,0.0,0.0,
2026-02-24T01:45:00.0000000+01:00,,0.0,0.0,
2026-02-24T02:00:00.0000000+01:00,,0.0,0.0,
2026-02-24T02:15:00.0000000+01:00,,0.0,0.0,
2026-02-24T02:30:00.0000000+01:00,,0.0,0.0,
2026-02-24T02:45:00.0000000+01:00,,0.0,0.0,
2026-02-24T03:00:00.0000000+01:00,,0.0,0.0,
2026-02-24T03:15:00.0000000+01:00,,0.0,0.0,
2026-02-24T03:30:00.0000000+01:00,,0.0,,
2026-02-24T03:45:00.0000000+01:00,,0.0,,
2026-02-24T04:00:00.0000000+01:00,,0.0,0.0,
2026-02-24T04:15:00.0000000+01:00,,0.0,0.0,
2026-02-24T04:30:00.0000000+01:00,,0.0,0.0,
2026-02-24T04:45:00.0000000+01:00,,0.0,0.0,
2026-02-24T05:00:00.0000000+01:00,,0.0,0.0,
2026-02-24T05:15:00.0000000+01:00,,0.0,0.0,
2026-02-24T05:30:00.0000000+01:00,,0.0,0.0,
2026-02-24T05:45:00.0000000+01:00,,0.0,,
2026-02-24T06:00:00.0000000+01:00,,0.0,0.0,
2026-02-24T06:15:00.0000000+01:00,,0.0,2.0,
2026-02-24T06:30:00.0000000+01:00,,0.0,15.6667,9.375
2026-02-24T06:45:00.0000000+01:00,,0.0032,75.3333,69.7115
2026-02-24T17:45:00.0000000+01:00,,0.0011,0.0,19.7917
2026-02-24T18:00:00.0000000+01:00,,0.0,0.0,
2026-02-24T18:15:00.0000000+01:00,,0.0,0.0,
2026-02-24T18:30:00.0000000+01:00,,0.0,0.0,
2026-02-24T18:45:00.0000000+01:00,,0.0,0.0,
2026-02-24T19:00:00.0000000+01:00,,0.0,0.0,
2026-02-24T19:15:00.0000000+01:00,,0.0,0.0,
2026-02-24T19:30:00.0000000+01:00,,0.0,0.0,
2026-02-24T19:45:00.0000000+01:00,,0.0,0.0,
2026-02-24T20:00:00.0000000+01:00,,0.0,0.0,
2026-02-24T20:15:00.0000000+01:00,,0.0,0.0,
2026-02-24T20:30:00.0000000+01:00,,0.0,0.0,
2026-02-24T20:45:00.0000000+01:00,,0.0,0.0,
2026-02-24T21:00:00.0000000+01:00,,0.0,0.0,
2026-02-24T21:15:00.0000000+01:00,,0.0,0.0,
2026-02-24T21:30:00.0000000+01:00,,0.0,0.0,
2026-02-24T21:45:00.0000000+01:00,,0.0,0.0,
2026-02-24T22:00:00.0000000+01:00,,0.0,0.0,
2026-02-24T22:15:00.0000000+01:00,,0.0,0.0,
2026-02-24T22:30:00.0000000+01:00,,0.0,0.0,
2026-02-24T22:45:00.0000000+01:00,,0.0,0.0,
2026-02-24T23:00:00.0000000+01:00,,0.0,0.0,
2026-02-24T23:15:00.0000000+01:00,,0.0,0.0,
2026-02-24T23:30:00.0000000+01:00,,0.0,0.0,
2026-02-24T23:45:00.0000000+01:00,,0.0,0.0,
2026-02-25T00:00:00.0000000+01:00,,0.0,0.0,
2026-02-25T00:15:00.0000000+01:00,,0.0,0.0,
2026-02-25T00:30:00.0000000+01:00,,0.0,0.0,
2026-02-25T00:45:00.0000000+01:00,,0.0,0.0,
2026-02-25T01:00:00.0000000+01:00,,0.0,0.0,
2026-02-25T01:15:00.0000000+01:00,,0.0,0.0,
2026-02-25T01:30:00.0000000+01:00,,0.0,0.0,
2026-02-25T01:45:00.0000000+01:00,,0.0,0.0,
2026-02-25T02:00:00.0000000+01:00,,0.0,0.0,
2026-02-25T02:15:00.0000000+01:00,,0.0,0.0,
2026-02-25T02:30:00.0000000+01:00,,0.0,0.0,
2026-02-25T02:45:00.0000000+01:00,,0.0,0.0,
2026-02-25T03:00:00.0000000+01:00,,0.0,0.0,
2026-02-25T03:15:00.0000000+01:00,,0.0,0.0,
2026-02-25T03:30:00.0000000+01:00,,0.0,,
2026-02-25T03:45:00.0000000+01:00,,0.0,,
2026-02-25T04:00:00.0000000+01:00,,0.0,0.0,
2026-02-25T04:15:00.0000000+01:00,,0.0,0.0,
2026-02-25T04:30:00.0000000+01:00,,0.0,0.0,
2026-02-25T04:45:00.0000000+01:00,,0.0,0.0,
2026-02-25T05:00:00.0000000+01:00,,0.0,0.0,
2026-02-25T05:15:00.0000000+01:00,,0.0,0.0,
2026-02-25T05:30:00.0000000+01:00,,0.0,0.0,
2026-02-25T05:45:00.0000000+01:00,,0.0,0.0,
2026-02-25T06:00:00.0000000+01:00,,0.0,0.0,
2026-02-25T06:15:00.0000000+01:00,,0.0,1.6667,
2026-02-25T06:30:00.0000000+01:00,,0.0017,9.6667,71.25
2026-02-25T17:45:00.0000000+01:00,,0.0014,0.0,42.8571
2026-02-25T18:00:00.0000000+01:00,,0.0,0.0,9.375
2026-02-25T18:15:00.0000000+01:00,,0.0,0.0,
2026-02-25T18:30:00.0000000+01:00,,0.0,0.0,
2026-02-25T18:45:00.0000000+01:00,,0.0,0.0,
2026-02-25T19:00:00.0000000+01:00,,0.0,0.0,
2026-02-25T19:15:00.0000000+01:00,,0.0,0.0,
2026-02-25T19:30:00.0000000+01:00,,0.0,0.0,0.0
2026-02-25T19:45:00.0000000+01:00,,0.0,0.0,
2026-02-25T20:00:00.0000000+01:00,,0.0,0.0,
2026-02-25T20:15:00.0000000+01:00,,0.0,0.0,
2026-02-25T20:30:00.0000000+01:00,,0.0,0.0,
2026-02-25T20:45:00.0000000+01:00,,0.0,0.0,
2026-02-25T21:00:00.0000000+01:00,,0.0,0.0,
2026-02-25T21:15:00.0000000+01:00,,0.0,0.0,
2026-02-25T21:30:00.0000000+01:00,,0.0,0.0,
2026-02-25T21:45:00.0000000+01:00,,0.0,0.0,
2026-02-25T22:00:00.0000000+01:00,,0.0,0.0,
2026-02-25T22:15:00.0000000+01:00,,0.0,0.0,
2026-02-25T22:30:00.0000000+01:00,,0.0,0.0,
2026-02-25T22:45:00.0000000+01:00,,0.0,0.0,
2026-02-25T23:00:00.0000000+01:00,,0.0,0.0,
2026-02-25T23:15:00.0000000+01:00,,0.0,0.0,
2026-02-25T23:30:00.0000000+01:00,,0.0,0.0,
2026-02-25T23:45:00.0000000+01:00,,0.0,0.0,
2026-02-26T00:00:00.0000000+01:00,,0.0,0.0,
2026-02-26T00:15:00.0000000+01:00,,0.0,0.0,
2026-02-26T00:30:00.0000000+01:00,,0.0,0.0,
2026-02-26T00:45:00.0000000+01:00,,0.0,0.0,
2026-02-26T01:00:00.0000000+01:00,,0.0,0.0,
2026-02-26T01:15:00.0000000+01:00,,0.0,0.0,
2026-02-26T01:30:00.0000000+01:00,,0.0,0.0,
2026-02-26T01:45:00.0000000+01:00,,0.0,0.0,
2026-02-26T02:00:00.0000000+01:00,,0.0,0.0,
2026-02-26T02:15:00.0000000+01:00,,0.0,0.0,
2026-02-26T02:30:00.0000000+01:00,,0.0,0.0,
2026-02-26T02:45:00.0000000+01:00,,0.0,0.0,
2026-02-26T03:00:00.0000000+01:00,,0.0,0.0,
2026-02-26T03:15:00.0000000+01:00,,0.0,0.0,
2026-02-26T03:30:00.0000000+01:00,,0.0,,
2026-02-26T03:45:00.0000000+01:00,,0.0,,
2026-02-26T04:00:00.0000000+01:00,,0.0,0.0,
2026-02-26T04:15:00.0000000+01:00,,0.0,0.0,
2026-02-26T04:30:00.0000000+01:00,,0.0,0.0,
2026-02-26T04:45:00.0000000+01:00,,0.0,0.0,
2026-02-26T05:00:00.0000000+01:00,,0.0,0.0,
2026-02-26T05:15:00.0000000+01:00,,0.0,0.0,
2026-02-26T05:30:00.0000000+01:00,,0.0,0.0,
2026-02-26T05:45:00.0000000+01:00,,0.0,0.0,
2026-02-26T06:00:00.0000000+01:00,,0.0,0.0,
2026-02-26T06:15:00.0000000+01:00,,0.0,2.3333,6.25
2026-02-26T06:30:00.0000000+01:00,,0.0,11.6667,
2026-02-26T17:30:00.0000000+01:00,,0.0021,0.0,51.875
2026-02-26T17:45:00.0000000+01:00,,0.0009,0.0,16.6667
2026-02-26T18:00:00.0000000+01:00,,0.0,0.0,
2026-02-26T18:15:00.0000000+01:00,,0.0,0.0,
2026-02-26T18:30:00.0000000+01:00,,0.0,0.0,
2026-02-26T18:45:00.0000000+01:00,,0.0,0.0,
2026-02-26T19:00:00.0000000+01:00,,0.0,0.0,
2026-02-26T19:15:00.0000000+01:00,,0.0,0.0,
2026-02-26T19:30:00.0000000+01:00,,0.0,0.0,0.0
2026-02-26T19:45:00.0000000+01:00,,0.0,0.0,
2026-02-26T20:00:00.0000000+01:00,,0.0,0.0,
2026-02-26T20:15:00.0000000+01:00,,0.0,0.0,
2026-02-26T20:30:00.0000000+01:00,,0.0,0.0,
2026-02-26T20:45:00.0000000+01:00,,0.0,0.0,
2026-02-26T21:00:00.0000000+01:00,,0.0,0.0,
2026-02-26T21:15:00.0000000+01:00,,0.0,0.0,
2026-02-26T21:30:00.0000000+01:00,,0.0,0.0,
2026-02-26T21:45:00.0000000+01:00,,0.0,0.0,
2026-02-26T22:00:00.0000000+01:00,,0.0,0.0,
2026-02-26T22:15:00.0000000+01:00,,0.0,0.0,
2026-02-26T22:30:00.0000000+01:00,,0.0,0.0,
2026-02-26T22:45:00.0000000+01:00,,0.0,0.0,
2026-02-26T23:00:00.0000000+01:00,,0.0,0.0,
2026-02-26T23:15:00.0000000+01:00,,0.0,0.0,
2026-02-26T23:30:00.0000000+01:00,,0.0,0.0,
2026-02-26T23:45:00.0000000+01:00,,0.0,0.0,
2026-02-27T00:00:00.0000000+01:00,,0.0,0.0,
2026-02-27T00:15:00.0000000+01:00,,0.0,0.0,
2026-02-27T00:30:00.0000000+01:00,,0.0,0.0,
2026-02-27T00:45:00.0000000+01:00,,0.0,0.0,
2026-02-27T01:00:00.0000000+01:00,,0.0,0.0,
2026-02-27T01:15:00.0000000+01:00,,0.0,0.0,
2026-02-27T01:30:00.0000000+01:00,,0.0,0.0,
2026-02-27T01:45:00.0000000+01:00,,0.0,0.0,
2026-02-27T02:00:00.0000000+01:00,,0.0,0.0,
2026-02-27T02:15:00.0000000+01:00,,0.0,0.0,
2026-02-27T02:30:00.0000000+01:00,,0.0,0.0,
2026-02-27T02:45:00.0000000+01:00,,0.0,0.0,
2026-02-27T03:00:00.0000000+01:00,,0.0,0.0,
2026-02-27T03:15:00.0000000+01:00,,0.0,0.0,
2026-02-27T03:30:00.0000000+01:00,,0.0,,
2026-02-27T03:45:00.0000000+01:00,,0.0,,
2026-02-27T04:00:00.0000000+01:00,,0.0,0.0,
2026-02-27T04:15:00.0000000+01:00,,0.0,0.0,
2026-02-27T04:30:00.0000000+01:00,,0.0,0.0,
2026-02-27T04:45:00.0000000+01:00,,0.0,0.0,
2026-02-27T05:00:00.0000000+01:00,,0.0,0.0,
2026-02-27T05:15:00.0000000+01:00,,0.0,0.0,
2026-02-27T05:30:00.0000000+01:00,,0.0,0.0,
2026-02-27T05:45:00.0000000+01:00,,0.0,0.0,
2026-02-27T06:00:00.0000000+01:00,,0.0,0.0,
2026-02-27T06:15:00.0000000+01:00,,0.0,2.6667,
2026-02-27T06:30:00.0000000+01:00,,0.0,9.3333,6.25
2026-02-27T06:45:00.0000000+01:00,,0.0,13.6667,
2026-02-27T17:00:00.0000000+01:00,,0.013,0.0,
2026-02-27T17:30:00.0000000+01:00,,0.0034,0.0,75.4808
2026-02-27T17:45:00.0000000+01:00,,0.0013,0.0,34.375
2026-02-27T18:00:00.0000000+01:00,,0.0002,0.0,14.5833
2026-02-27T18:15:00.0000000+01:00,,0.0,0.0,
2026-02-27T18:30:00.0000000+01:00,,0.0,0.0,
2026-02-27T18:45:00.0000000+01:00,,0.0,0.0,
2026-02-27T19:00:00.0000000+01:00,,0.0,0.0,
2026-02-27T19:15:00.0000000+01:00,,0.0,0.0,
2026-02-27T19:30:00.0000000+01:00,,0.0,0.0,
2026-02-27T19:45:00.0000000+01:00,,0.0,0.0,0.0
2026-02-27T20:00:00.0000000+01:00,,0.0,0.0,
2026-02-27T20:15:00.0000000+01:00,,0.0,0.0,
2026-02-27T20:30:00.0000000+01:00,,0.0,0.0,
2026-02-27T20:45:00.0000000+01:00,,0.0,0.0,
2026-02-27T21:00:00.0000000+01:00,,0.0,0.0,
2026-02-27T21:15:00.0000000+01:00,,0.0,0.0,
2026-02-27T21:30:00.0000000+01:00,,0.0,0.0,
2026-02-27T21:45:00.0000000+01:00,,0.0,0.0,
2026-02-27T22:00:00.0000000+01:00,,0.0,0.0,
2026-02-27T22:15:00.0000000+01:00,,0.0,0.0,
2026-02-27T22:30:00.0000000+01:00,,0.0,0.0,
2026-02-27T22:45:00.0000000+01:00,,0.0,0.0,
2026-02-27T23:00:00.0000000+01:00,,0.0,0.0,
2026-02-27T23:15:00.0000000+01:00,,0.0,0.0,
2026-02-27T23:30:00.0000000+01:00,,0.0,0.0,
2026-02-27T23:45:00.0000000+01:00,,0.0,0.0,
2026-02-28T00:00:00.0000000+01:00,,0.0,0.0,
2026-02-28T00:15:00.0000000+01:00,,0.0,0.0,
2026-02-28T00:30:00.0000000+01:00,,0.0,0.0,
2026-02-28T00:45:00.0000000+01:00,,0.0,0.0,
2026-02-28T01:00:00.0000000+01:00,,0.0,0.0,
2026-02-28T01:15:00.0000000+01:00,,0.0,0.0,
2026-02-28T01:30:00.0000000+01:00,,0.0,0.0,
2026-02-28T01:45:00.0000000+01:00,,0.0,0.0,
2026-02-28T02:00:00.0000000+01:00,,0.0,0.0,
2026-02-28T02:15:00.0000000+01:00,,0.0,0.0,
2026-02-28T02:30:00.0000000+01:00,,0.0,0.0,
2026-02-28T02:45:00.0000000+01:00,,0.0,0.0,
2026-02-28T03:00:00.0000000+01:00,,0.0,0.0,
2026-02-28T03:15:00.0000000+01:00,,0.0,0.0,
2026-02-28T03:30:00.0000000+01:00,,0.0,,
2026-02-28T03:45:00.0000000+01:00,,0.0,,
2026-02-28T04:00:00.0000000+01:00,,0.0,0.0,
2026-02-28T04:15:00.0000000+01:00,,0.0,0.0,
2026-02-28T04:30:00.0000000+01:00,,0.0,0.0,
2026-02-28T04:45:00.0000000+01:00,,0.0,0.0,
2026-02-28T05:00:00.0000000+01:00,,0.0,0.0,
2026-02-28T05:15:00.0000000+01:00,,0.0,0.0,
2026-02-28T05:30:00.0000000+01:00,,0.0,0.0,
2026-02-28T05:45:00.0000000+01:00,,0.0,0.0,
2026-02-28T06:00:00.0000000+01:00,,0.0,0.0,
2026-02-28T06:15:00.0000000+01:00,,0.0,4.0,6.25
2026-02-28T06:30:00.0000000+01:00,,0.0,4.3333,
2026-02-28T06:45:00.0000000+01:00,,0.0048,5.6667,69.6429
2026-02-28T17:30:00.0000000+01:00,,0.0049,0.0,85.2273
2026-02-28T17:45:00.0000000+01:00,,0.0015,0.0,52.0833
2026-02-28T18:00:00.0000000+01:00,,0.0004,0.0,18.75
2026-02-28T18:15:00.0000000+01:00,,0.0,0.0,
2026-02-28T18:30:00.0000000+01:00,,0.0,0.0,
2026-02-28T18:45:00.0000000+01:00,,0.0,0.0,
2026-02-28T19:00:00.0000000+01:00,,0.0,0.0,
2026-02-28T19:15:00.0000000+01:00,,0.0,0.0,
2026-02-28T19:30:00.0000000+01:00,,0.0,0.0,
2026-02-28T19:45:00.0000000+01:00,,0.0,0.0,3.125
2026-02-28T20:00:00.0000000+01:00,,0.0,0.0,
2026-02-28T20:15:00.0000000+01:00,,0.0,0.0,
2026-02-28T20:30:00.0000000+01:00,,0.0,0.0,
2026-02-28T20:45:00.0000000+01:00,,0.0,0.0,
2026-02-28T21:00:00.0000000+01:00,,0.0,0.0,
2026-02-28T21:15:00.0000000+01:00,,0.0,0.0,
2026-02-28T21:30:00.0000000+01:00,,0.0,0.0,
2026-02-28T21:45:00.0000000+01:00,,0.0,0.0,
2026-02-28T22:00:00.0000000+01:00,,0.0,0.0,
2026-02-28T22:15:00.0000000+01:00,,0.0,0.0,
2026-02-28T22:30:00.0000000+01:00,,0.0,0.0,
2026-02-28T22:45:00.0000000+01:00,,0.0,0.0,
2026-02-28T23:00:00.0000000+01:00,,0.0,0.0,
2026-02-28T23:15:00.0000000+01:00,,0.0,0.0,
2026-02-28T23:30:00.0000000+01:00,,0.0,0.0,
2026-02-28T23:45:00.0000000+01:00,,0.0,0.0,
2026-03-01T00:00:00.0000000+01:00,,0.0,0.0,
2026-03-01T00:15:00.0000000+01:00,,0.0,0.0,
2026-03-01T00:30:00.0000000+01:00,,0.0,0.0,
2026-03-01T00:45:00.0000000+01:00,,0.0,0.0,
2026-03-01T01:00:00.0000000+01:00,,0.0,0.0,
2026-03-01T01:15:00.0000000+01:00,,0.0,0.0,
2026-03-01T01:30:00.0000000+01:00,,0.0,0.0,
2026-03-01T01:45:00.0000000+01:00,,0.0,0.0,
2026-03-01T02:00:00.0000000+01:00,,0.0,0.0,
2026-03-01T02:15:00.0000000+01:00,,0.0,0.0,
2026-03-01T02:30:00.0000000+01:00,,0.0,0.0,
2026-03-01T02:45:00.0000000+01:00,,0.0,0.0,
2026-03-01T03:00:00.0000000+01:00,,0.0,0.0,
2026-03-01T03:15:00.0000000+01:00,,0.0,0.0,
2026-03-01T03:30:00.0000000+01:00,,0.0,,
2026-03-01T03:45:00.0000000+01:00,,0.0,,
2026-03-01T04:00:00.0000000+01:00,,0.0,0.0,
2026-03-01T04:15:00.0000000+01:00,,0.0,0.0,
2026-03-01T04:30:00.0000000+01:00,,0.0,0.0,
2026-03-01T04:45:00.0000000+01:00,,0.0,0.0,
2026-03-01T05:00:00.0000000+01:00,,0.0,0.0,
2026-03-01T05:15:00.0000000+01:00,,0.0,0.0,
2026-03-01T05:30:00.0000000+01:00,,0.0,0.0,
2026-03-01T05:45:00.0000000+01:00,,0.0,0.0,
2026-03-01T06:00:00.0000000+01:00,,0.0,1.0,
2026-03-01T06:15:00.0000000+01:00,,0.0,11.3333,9.375
2026-03-01T06:30:00.0000000+01:00,,0.0,22.6667,
2026-03-01T06:45:00.0000000+01:00,,0.0,32.0,
2026-03-01T18:00:00.0000000+01:00,,0.0007,0.0,29.1667
2026-03-01T18:15:00.0000000+01:00,,0.0,0.0,
2026-03-01T18:30:00.0000000+01:00,,0.0,0.0,
2026-03-01T18:45:00.0000000+01:00,,0.0,0.0,
2026-03-01T19:00:00.0000000+01:00,,0.0,0.0,
2026-03-01T19:15:00.0000000+01:00,,0.0,0.0,
2026-03-01T19:30:00.0000000+01:00,,0.0,0.0,
2026-03-01T19:45:00.0000000+01:00,,0.0,0.0,0.0
2026-03-01T20:00:00.0000000+01:00,,0.0,0.0,
2026-03-01T20:15:00.0000000+01:00,,0.0,0.0,
2026-03-01T20:30:00.0000000+01:00,,0.0,0.0,
2026-03-01T20:45:00.0000000+01:00,,0.0,0.0,
2026-03-01T21:00:00.0000000+01:00,,0.0,0.0,
2026-03-01T21:15:00.0000000+01:00,,0.0,0.0,
2026-03-01T21:30:00.0000000+01:00,,0.0,0.0,
2026-03-01T21:45:00.0000000+01:00,,0.0,0.0,
2026-03-01T22:00:00.0000000+01:00,,0.0,0.0,
2026-03-01T22:15:00.0000000+01:00,,0.0,0.0,
2026-03-01T22:30:00.0000000+01:00,,0.0,0.0,
2026-03-01T22:45:00.0000000+01:00,,0.0,0.0,
2026-03-01T23:00:00.0000000+01:00,,0.0,0.0,
2026-03-01T23:15:00.0000000+01:00,,0.0,0.0,
2026-03-01T23:30:00.0000000+01:00,,0.0,0.0,
2026-03-01T23:45:00.0000000+01:00,,0.0,0.0,
2026-03-02T00:00:00.0000000+01:00,,0.0,0.0,
2026-03-02T00:15:00.0000000+01:00,,0.0,0.0,
2026-03-02T00:30:00.0000000+01:00,,0.0,0.0,
2026-03-02T00:45:00.0000000+01:00,,0.0,0.0,
2026-03-02T01:00:00.0000000+01:00,,0.0,0.0,
2026-03-02T01:15:00.0000000+01:00,,0.0,0.0,
2026-03-02T01:30:00.0000000+01:00,,0.0,0.0,
2026-03-02T01:45:00.0000000+01:00,,0.0,0.0,
2026-03-02T02:00:00.0000000+01:00,,0.0,0.0,
2026-03-02T02:15:00.0000000+01:00,,0.0,0.0,
2026-03-02T02:30:00.0000000+01:00,,0.0,0.0,
2026-03-02T02:45:00.0000000+01:00,,0.0,0.0,
2026-03-02T03:00:00.0000000+01:00,,0.0,0.0,
2026-03-02T03:15:00.0000000+01:00,,0.0,0.0,
2026-03-02T03:30:00.0000000+01:00,,0.0,,
2026-03-02T03:45:00.0000000+01:00,,0.0,,
2026-03-02T04:00:00.0000000+01:00,,0.0,0.0,
2026-03-02T04:15:00.0000000+01:00,,0.0,0.0,
2026-03-02T04:30:00.0000000+01:00,,0.0,0.0,
2026-03-02T04:45:00.0000000+01:00,,0.0,0.0,
2026-03-02T05:00:00.0000000+01:00,,0.0,0.0,
2026-03-02T05:15:00.0000000+01:00,,0.0,0.0,
2026-03-02T05:30:00.0000000+01:00,,0.0,0.0,
2026-03-02T05:45:00.0000000+01:00,,0.0,0.0,
2026-03-02T06:00:00.0000000+01:00,,0.0,0.6667,6.25
2026-03-02T06:15:00.0000000+01:00,,0.0,6.6667,15.625
2026-03-02T06:30:00.0000000+01:00,,0.0004,12.0,40.625
2026-03-02T17:45:00.0000000+01:00,,0.0018,0.0,46.875
2026-03-02T18:00:00.0000000+01:00,,0.0005,0.0,16.6667
2026-03-02T18:15:00.0000000+01:00,,0.0,0.0,
2026-03-02T18:30:00.0000000+01:00,,0.0,0.0,
2026-03-02T18:45:00.0000000+01:00,,0.0,0.0,
2026-03-02T19:00:00.0000000+01:00,,0.0,0.0,
2026-03-02T19:15:00.0000000+01:00,,0.0,0.0,
2026-03-02T19:30:00.0000000+01:00,,0.0,0.0,
2026-03-02T19:45:00.0000000+01:00,,0.0,0.0,0.0
2026-03-02T20:00:00.0000000+01:00,,0.0,0.0,
2026-03-02T20:15:00.0000000+01:00,,0.0,0.0,
2026-03-02T20:30:00.0000000+01:00,,0.0,0.0,
2026-03-02T20:45:00.0000000+01:00,,0.0,0.0,
2026-03-02T21:00:00.0000000+01:00,,0.0,0.0,
2026-03-02T21:15:00.0000000+01:00,,0.0,0.0,
2026-03-02T21:30:00.0000000+01:00,,0.0,0.0,
2026-03-02T21:45:00.0000000+01:00,,0.0,0.0,
2026-03-02T22:00:00.0000000+01:00,,0.0,0.0,
2026-03-02T22:15:00.0000000+01:00,,0.0,0.0,
2026-03-02T22:30:00.0000000+01:00,,0.0,0.0,
2026-03-02T22:45:00.0000000+01:00,,0.0,0.0,
2026-03-02T23:00:00.0000000+01:00,,0.0,0.0,
2026-03-02T23:15:00.0000000+01:00,,0.0,0.0,
2026-03-02T23:30:00.0000000+01:00,,0.0,0.0,
2026-03-02T23:45:00.0000000+01:00,,0.0,0.0,
2026-03-03T00:00:00.0000000+01:00,,0.0,0.0,
2026-03-03T00:15:00.0000000+01:00,,0.0,0.0,
2026-03-03T00:30:00.0000000+01:00,,0.0,0.0,
2026-03-03T00:45:00.0000000+01:00,,0.0,0.0,
2026-03-03T01:00:00.0000000+01:00,,0.0,0.0,
2026-03-03T01:15:00.0000000+01:00,,0.0,0.0,
2026-03-03T01:30:00.0000000+01:00,,0.0,0.0,
2026-03-03T01:45:00.0000000+01:00,,0.0,0.0,
2026-03-03T02:00:00.0000000+01:00,,0.0,0.0,
2026-03-03T02:15:00.0000000+01:00,,0.0,0.0,
2026-03-03T02:30:00.0000000+01:00,,0.0,0.0,
2026-03-03T02:45:00.0000000+01:00,,0.0,0.0,
2026-03-03T03:00:00.0000000+01:00,,0.0,0.0,
2026-03-03T03:15:00.0000000+01:00,,0.0,0.0,
2026-03-03T03:30:00.0000000+01:00,,0.0,,
2026-03-03T03:45:00.0000000+01:00,,0.0,,
2026-03-03T04:00:00.0000000+01:00,,0.0,0.0,
2026-03-03T04:15:00.0000000+01:00,,0.0,0.0,
2026-03-03T04:30:00.0000000+01:00,,0.0,0.0,
2026-03-03T04:45:00.0000000+01:00,,0.0,0.0,
2026-03-03T05:00:00.0000000+01:00,,0.0,0.0,
2026-03-03T05:15:00.0000000+01:00,,0.0,0.0,
2026-03-03T05:30:00.0000000+01:00,,0.0,0.0,
2026-03-03T05:45:00.0000000+01:00,,0.0,0.0,
2026-03-03T06:00:00.0000000+01:00,,0.0,3.3333,6.25
2026-03-03T06:15:00.0000000+01:00,,0.0,18.0,
2026-03-03T14:00:00.0000000+01:00,,3.1224,439.6667,
2026-03-03T14:15:00.0000000+01:00,,3.1224,399.0,
2026-03-03T14:30:00.0000000+01:00,,3.1224,313.3333,
2026-03-03T14:45:00.0000000+01:00,,3.1224,309.6667,
2026-03-03T18:00:00.0000000+01:00,,0.0017,0.0,36.6071
2026-03-03T18:15:00.0000000+01:00,,0.0003,0.0,10.4167
2026-03-03T18:30:00.0000000+01:00,,0.0,0.0,
2026-03-03T18:45:00.0000000+01:00,,0.0,0.0,
2026-03-03T19:00:00.0000000+01:00,,0.0,0.0,
2026-03-03T19:15:00.0000000+01:00,,0.0,0.0,
2026-03-03T19:30:00.0000000+01:00,,0.0,0.0,
2026-03-03T19:45:00.0000000+01:00,,0.0,0.0,
2026-03-03T20:00:00.0000000+01:00,,0.0,0.0,
2026-03-03T20:15:00.0000000+01:00,,0.0,0.0,
2026-03-03T20:30:00.0000000+01:00,,0.0,0.0,
2026-03-03T20:45:00.0000000+01:00,,0.0,0.0,
2026-03-03T21:00:00.0000000+01:00,,0.0,0.0,
2026-03-03T21:15:00.0000000+01:00,,0.0,0.0,
2026-03-03T21:30:00.0000000+01:00,,0.0,0.0,
2026-03-03T21:45:00.0000000+01:00,,0.0,0.0,
2026-03-03T22:00:00.0000000+01:00,,0.0,0.0,
2026-03-03T22:15:00.0000000+01:00,,0.0,0.0,
2026-03-03T22:30:00.0000000+01:00,,0.0,0.0,
2026-03-03T22:45:00.0000000+01:00,,0.0,0.0,
2026-03-03T23:00:00.0000000+01:00,,0.0,0.0,
2026-03-03T23:15:00.0000000+01:00,,0.0,0.0,
2026-03-03T23:30:00.0000000+01:00,,0.0,0.0,
2026-03-03T23:45:00.0000000+01:00,,0.0,0.0,
2026-03-04T00:00:00.0000000+01:00,,0.0,0.0,
2026-03-04T00:15:00.0000000+01:00,,0.0,0.0,
2026-03-04T00:30:00.0000000+01:00,,0.0,0.0,
2026-03-04T00:45:00.0000000+01:00,,0.0,0.0,
2026-03-04T01:00:00.0000000+01:00,,0.0,0.0,
2026-03-04T01:15:00.0000000+01:00,,0.0,0.0,
2026-03-04T01:30:00.0000000+01:00,,0.0,0.0,
2026-03-04T01:45:00.0000000+01:00,,0.0,0.0,
2026-03-04T02:00:00.0000000+01:00,,0.0,0.0,
2026-03-04T02:15:00.0000000+01:00,,0.0,0.0,
2026-03-04T02:30:00.0000000+01:00,,0.0,0.0,
2026-03-04T02:45:00.0000000+01:00,,0.0,0.0,
2026-03-04T03:00:00.0000000+01:00,,0.0,0.0,
2026-03-04T03:15:00.0000000+01:00,,0.0,0.0,
2026-03-04T03:30:00.0000000+01:00,,0.0,,
2026-03-04T03:45:00.0000000+01:00,,0.0,,
2026-03-04T04:00:00.0000000+01:00,,0.0,0.0,
2026-03-04T04:15:00.0000000+01:00,,0.0,0.0,
2026-03-04T04:30:00.0000000+01:00,,0.0,0.0,
2026-03-04T04:45:00.0000000+01:00,,0.0,0.0,
2026-03-04T05:00:00.0000000+01:00,,0.0,0.0,
2026-03-04T05:15:00.0000000+01:00,,0.0,0.0,
2026-03-04T05:30:00.0000000+01:00,,0.0,0.0,
2026-03-04T05:45:00.0000000+01:00,,0.0,0.0,
2026-03-04T06:00:00.0000000+01:00,,0.0,6.0,
2026-03-04T06:15:00.0000000+01:00,,0.0,29.3333,
2026-03-04T18:00:00.0000000+01:00,,0.002,0.0,60.0962
2026-03-04T18:15:00.0000000+01:00,,0.0005,0.0,15.625
2026-03-04T18:30:00.0000000+01:00,,0.0,0.0,
2026-03-04T18:45:00.0000000+01:00,,0.0,0.0,
2026-03-04T19:00:00.0000000+01:00,,0.0,0.0,
2026-03-04T19:15:00.0000000+01:00,,0.0,0.0,
2026-03-04T19:30:00.0000000+01:00,,0.0,0.0,
2026-03-04T19:45:00.0000000+01:00,,0.0,0.0,
2026-03-04T20:00:00.0000000+01:00,,0.0,0.0,0.0
2026-03-04T20:15:00.0000000+01:00,,0.0,0.0,
2026-03-04T20:30:00.0000000+01:00,,0.0,0.0,
2026-03-04T20:45:00.0000000+01:00,,0.0,0.0,
2026-03-04T21:00:00.0000000+01:00,,0.0,0.0,
2026-03-04T21:15:00.0000000+01:00,,0.0,0.0,
2026-03-04T21:30:00.0000000+01:00,,0.0,0.0,
2026-03-04T21:45:00.0000000+01:00,,0.0,0.0,
2026-03-04T22:00:00.0000000+01:00,,0.0,0.0,
2026-03-04T22:15:00.0000000+01:00,,0.0,0.0,
2026-03-04T22:30:00.0000000+01:00,,0.0,0.0,
2026-03-04T22:45:00.0000000+01:00,,0.0,0.0,
2026-03-04T23:00:00.0000000+01:00,,0.0,0.0,
2026-03-04T23:15:00.0000000+01:00,,0.0,0.0,
2026-03-04T23:30:00.0000000+01:00,,0.0,0.0,
2026-03-04T23:45:00.0000000+01:00,,0.0,0.0,
2026-03-05T00:00:00.0000000+01:00,,0.0,0.0,
2026-03-05T00:15:00.0000000+01:00,,0.0,0.0,
2026-03-05T00:30:00.0000000+01:00,,0.0,0.0,
2026-03-05T00:45:00.0000000+01:00,,0.0,0.0,
2026-03-05T01:00:00.0000000+01:00,,0.0,0.0,
2026-03-05T01:15:00.0000000+01:00,,0.0,0.0,
2026-03-05T01:30:00.0000000+01:00,,0.0,0.0,
2026-03-05T01:45:00.0000000+01:00,,0.0,0.0,
2026-03-05T02:00:00.0000000+01:00,,0.0,0.0,
2026-03-05T02:15:00.0000000+01:00,,0.0,0.0,
2026-03-05T02:30:00.0000000+01:00,,0.0,0.0,
2026-03-05T02:45:00.0000000+01:00,,0.0,0.0,
2026-03-05T03:00:00.0000000+01:00,,0.0,0.0,
2026-03-05T03:15:00.0000000+01:00,,0.0,0.0,
2026-03-05T03:30:00.0000000+01:00,,0.0,,
2026-03-05T03:45:00.0000000+01:00,,0.0,,
2026-03-05T04:00:00.0000000+01:00,,0.0,0.0,
2026-03-05T04:15:00.0000000+01:00,,0.0,0.0,
2026-03-05T04:30:00.0000000+01:00,,0.0,0.0,
2026-03-05T04:45:00.0000000+01:00,,0.0,0.0,
2026-03-05T05:00:00.0000000+01:00,,0.0,0.0,
2026-03-05T05:15:00.0000000+01:00,,0.0,0.0,
2026-03-05T05:30:00.0000000+01:00,,0.0,0.0,
2026-03-05T05:45:00.0000000+01:00,,0.0,0.0,
2026-03-05T06:00:00.0000000+01:00,,0.0,3.3333,6.25
2026-03-05T06:15:00.0000000+01:00,,0.0,14.6667,15.625
2026-03-05T18:15:00.0000000+01:00,,0.0008,0.0,28.125
2026-03-05T18:30:00.0000000+01:00,,0.0,0.0,
2026-03-05T18:45:00.0000000+01:00,,0.0,0.0,
2026-03-05T19:00:00.0000000+01:00,,0.0,0.0,
2026-03-05T19:15:00.0000000+01:00,,0.0,0.0,
2026-03-05T19:30:00.0000000+01:00,,0.0,0.0,
2026-03-05T19:45:00.0000000+01:00,,0.0,0.0,
2026-03-05T20:00:00.0000000+01:00,,0.0,0.0,0.0
2026-03-05T20:15:00.0000000+01:00,,0.0,0.0,
2026-03-05T20:30:00.0000000+01:00,,0.0,0.0,
2026-03-05T20:45:00.0000000+01:00,,0.0,0.0,
2026-03-05T21:00:00.0000000+01:00,,0.0,0.0,
2026-03-05T21:15:00.0000000+01:00,,0.0,0.0,
2026-03-05T21:30:00.0000000+01:00,,0.0,0.0,
2026-03-05T21:45:00.0000000+01:00,,0.0,0.0,
2026-03-05T22:00:00.0000000+01:00,,0.0,0.0,
2026-03-05T22:15:00.0000000+01:00,,0.0,0.0,
2026-03-05T22:30:00.0000000+01:00,,0.0,0.0,
2026-03-05T22:45:00.0000000+01:00,,0.0,0.0,
2026-03-05T23:00:00.0000000+01:00,,0.0,0.0,
2026-03-05T23:15:00.0000000+01:00,,0.0,0.0,
2026-03-05T23:30:00.0000000+01:00,,0.0,0.0,
2026-03-05T23:45:00.0000000+01:00,,0.0,0.0,
2026-03-06T00:00:00.0000000+01:00,,0.0,0.0,
2026-03-06T00:15:00.0000000+01:00,,0.0,0.0,
2026-03-06T00:30:00.0000000+01:00,,0.0,0.0,
2026-03-06T00:45:00.0000000+01:00,,0.0,0.0,
2026-03-06T01:00:00.0000000+01:00,,0.0,0.0,
2026-03-06T01:15:00.0000000+01:00,,0.0,0.0,
2026-03-06T01:30:00.0000000+01:00,,0.0,0.0,
2026-03-06T01:45:00.0000000+01:00,,0.0,0.0,
2026-03-06T02:00:00.0000000+01:00,,0.0,0.0,
2026-03-06T02:15:00.0000000+01:00,,0.0,0.0,
2026-03-06T02:30:00.0000000+01:00,,0.0,0.0,
2026-03-06T02:45:00.0000000+01:00,,0.0,0.0,
2026-03-06T03:00:00.0000000+01:00,,0.0,0.0,
2026-03-06T03:15:00.0000000+01:00,,0.0,0.0,
2026-03-06T03:30:00.0000000+01:00,,0.0,,
2026-03-06T03:45:00.0000000+01:00,,0.0,,
2026-03-06T04:00:00.0000000+01:00,,0.0,0.0,
2026-03-06T04:15:00.0000000+01:00,,0.0,0.0,
2026-03-06T04:30:00.0000000+01:00,,0.0,0.0,
2026-03-06T04:45:00.0000000+01:00,,0.0,0.0,
2026-03-06T05:00:00.0000000+01:00,,0.0,0.0,
2026-03-06T05:15:00.0000000+01:00,,0.0,0.0,
2026-03-06T05:30:00.0000000+01:00,,0.0,0.0,
2026-03-06T05:45:00.0000000+01:00,,0.0,0.3333,
2026-03-06T06:00:00.0000000+01:00,,0.0,12.0,12.5
2026-03-06T06:15:00.0000000+01:00,,0.0004,46.3333,47.9167
2026-03-06T12:15:00.0000000+01:00,,4.0538,718.6667,
2026-03-06T18:00:00.0000000+01:00,,0.0024,0.0,61.9792
2026-03-06T18:15:00.0000000+01:00,,0.0006,0.0,18.75
2026-03-06T18:30:00.0000000+01:00,,0.0,0.0,
2026-03-06T18:45:00.0000000+01:00,,0.0,0.0,
2026-03-06T19:00:00.0000000+01:00,,0.0,0.0,
2026-03-06T19:15:00.0000000+01:00,,0.0,0.0,
2026-03-06T19:30:00.0000000+01:00,,0.0,0.0,
2026-03-06T19:45:00.0000000+01:00,,0.0,0.0,
2026-03-06T20:00:00.0000000+01:00,,0.0,0.0,0.0
2026-03-06T20:15:00.0000000+01:00,,0.0,0.0,
2026-03-06T20:30:00.0000000+01:00,,0.0,0.0,
2026-03-06T20:45:00.0000000+01:00,,0.0,0.0,
2026-03-06T21:00:00.0000000+01:00,,0.0,0.0,
2026-03-06T21:15:00.0000000+01:00,,0.0,0.0,
2026-03-06T21:30:00.0000000+01:00,,0.0,0.0,
2026-03-06T21:45:00.0000000+01:00,,0.0,0.0,
2026-03-06T22:00:00.0000000+01:00,,0.0,0.0,
2026-03-06T22:15:00.0000000+01:00,,0.0,0.0,
2026-03-06T22:30:00.0000000+01:00,,0.0,0.0,
2026-03-06T22:45:00.0000000+01:00,,0.0,0.0,
2026-03-06T23:00:00.0000000+01:00,,0.0,0.0,
2026-03-06T23:15:00.0000000+01:00,,0.0,0.0,
2026-03-06T23:30:00.0000000+01:00,,0.0,0.0,
2026-03-06T23:45:00.0000000+01:00,,0.0,0.0,
2026-03-07T00:00:00.0000000+01:00,,0.0,0.0,
2026-03-07T00:15:00.0000000+01:00,,0.0,0.0,
2026-03-07T00:30:00.0000000+01:00,,0.0,0.0,
2026-03-07T00:45:00.0000000+01:00,,0.0,0.0,
2026-03-07T01:00:00.0000000+01:00,,0.0,0.0,
2026-03-07T01:15:00.0000000+01:00,,0.0,0.0,
2026-03-07T01:30:00.0000000+01:00,,0.0,0.0,
2026-03-07T01:45:00.0000000+01:00,,0.0,0.0,
2026-03-07T02:00:00.0000000+01:00,,0.0,0.0,
2026-03-07T02:15:00.0000000+01:00,,0.0,0.0,
2026-03-07T02:30:00.0000000+01:00,,0.0,0.0,
2026-03-07T02:45:00.0000000+01:00,,0.0,0.0,
2026-03-07T03:00:00.0000000+01:00,,0.0,0.0,
2026-03-07T03:15:00.0000000+01:00,,0.0,0.0,
2026-03-07T03:30:00.0000000+01:00,,0.0,,
2026-03-07T03:45:00.0000000+01:00,,0.0,,
2026-03-07T04:00:00.0000000+01:00,,0.0,0.0,
2026-03-07T04:15:00.0000000+01:00,,0.0,0.0,
2026-03-07T04:30:00.0000000+01:00,,0.0,0.0,
2026-03-07T04:45:00.0000000+01:00,,0.0,0.0,
2026-03-07T05:00:00.0000000+01:00,,0.0,0.0,
2026-03-07T05:15:00.0000000+01:00,,0.0,0.0,
2026-03-07T05:30:00.0000000+01:00,,0.0,0.0,
2026-03-07T05:45:00.0000000+01:00,,0.0,1.0,
2026-03-07T06:00:00.0000000+01:00,,0.0,11.6667,9.375
2026-03-07T18:00:00.0000000+01:00,,0.0015,0.0,38.75
2026-03-07T18:15:00.0000000+01:00,,0.0005,0.0,9.375
2026-03-07T18:30:00.0000000+01:00,,0.0,0.0,
2026-03-07T18:45:00.0000000+01:00,,0.0,0.0,
2026-03-07T19:00:00.0000000+01:00,,0.0,0.0,
2026-03-07T19:15:00.0000000+01:00,,0.0,0.0,
2026-03-07T19:30:00.0000000+01:00,,0.0,0.0,
2026-03-07T19:45:00.0000000+01:00,,0.0,0.0,
2026-03-07T20:00:00.0000000+01:00,,0.0,0.0,0.0
2026-03-07T20:15:00.0000000+01:00,,0.0,0.0,
2026-03-07T20:30:00.0000000+01:00,,0.0,0.0,
2026-03-07T20:45:00.0000000+01:00,,0.0,0.0,
2026-03-07T21:00:00.0000000+01:00,,0.0,0.0,
2026-03-07T21:15:00.0000000+01:00,,0.0,0.0,
2026-03-07T21:30:00.0000000+01:00,,0.0,0.0,
2026-03-07T21:45:00.0000000+01:00,,0.0,0.0,
2026-03-07T22:00:00.0000000+01:00,,0.0,0.0,
2026-03-07T22:15:00.0000000+01:00,,0.0,0.0,
2026-03-07T22:30:00.0000000+01:00,,0.0,0.0,
2026-03-07T22:45:00.0000000+01:00,,0.0,0.0,
2026-03-07T23:00:00.0000000+01:00,,0.0,0.0,
2026-03-07T23:15:00.0000000+01:00,,0.0,0.0,
2026-03-07T23:30:00.0000000+01:00,,0.0,0.0,
2026-03-07T23:45:00.0000000+01:00,,0.0,0.0,
2026-03-08T00:00:00.0000000+01:00,,0.0,0.0,
2026-03-08T00:15:00.0000000+01:00,,0.0,0.0,
2026-03-08T00:30:00.0000000+01:00,,0.0,0.0,
2026-03-08T00:45:00.0000000+01:00,,0.0,0.0,
2026-03-08T01:00:00.0000000+01:00,,0.0,0.0,
2026-03-08T01:15:00.0000000+01:00,,0.0,0.0,
2026-03-08T01:30:00.0000000+01:00,,0.0,0.0,
2026-03-08T01:45:00.0000000+01:00,,0.0,0.0,
2026-03-08T02:00:00.0000000+01:00,,0.0,0.0,
2026-03-08T02:15:00.0000000+01:00,,0.0,0.0,
2026-03-08T02:30:00.0000000+01:00,,0.0,0.0,
2026-03-08T02:45:00.0000000+01:00,,0.0,0.0,
2026-03-08T03:00:00.0000000+01:00,,0.0,0.0,
2026-03-08T03:15:00.0000000+01:00,,0.0,0.0,
2026-03-08T03:30:00.0000000+01:00,,0.0,,
2026-03-08T03:45:00.0000000+01:00,,0.0,,
2026-03-08T04:00:00.0000000+01:00,,0.0,0.0,
2026-03-08T04:15:00.0000000+01:00,,0.0,0.0,
2026-03-08T04:30:00.0000000+01:00,,0.0,0.0,
2026-03-08T04:45:00.0000000+01:00,,0.0,0.0,
2026-03-08T05:00:00.0000000+01:00,,0.0,0.0,
2026-03-08T05:15:00.0000000+01:00,,0.0,0.0,
2026-03-08T05:30:00.0000000+01:00,,0.0,0.0,
2026-03-08T05:45:00.0000000+01:00,,0.0,2.3333,
2026-03-08T06:00:00.0000000+01:00,,0.0,18.0,6.25
2026-03-08T06:15:00.0000000+01:00,,0.0022,28.3333,64.0625
2026-03-08T18:15:00.0000000+01:00,,0.0009,0.0,33.75
2026-03-08T18:30:00.0000000+01:00,,0.0,0.0,
2026-03-08T18:45:00.0000000+01:00,,0.0,0.0,
2026-03-08T19:00:00.0000000+01:00,,0.0,0.0,
2026-03-08T19:15:00.0000000+01:00,,0.0,0.0,
2026-03-08T19:30:00.0000000+01:00,,0.0,0.0,
2026-03-08T19:45:00.0000000+01:00,,0.0,0.0,
2026-03-08T20:00:00.0000000+01:00,,0.0,0.0,6.25
2026-03-08T20:15:00.0000000+01:00,,0.0,0.0,
2026-03-08T20:30:00.0000000+01:00,,0.0,0.0,
2026-03-08T20:45:00.0000000+01:00,,0.0,0.0,
2026-03-08T21:00:00.0000000+01:00,,0.0,0.0,
2026-03-08T21:15:00.0000000+01:00,,0.0,0.0,
2026-03-08T21:30:00.0000000+01:00,,0.0,0.0,
2026-03-08T21:45:00.0000000+01:00,,0.0,0.0,
2026-03-08T22:00:00.0000000+01:00,,0.0,0.0,
2026-03-08T22:15:00.0000000+01:00,,0.0,0.0,
2026-03-08T22:30:00.0000000+01:00,,0.0,0.0,
2026-03-08T22:45:00.0000000+01:00,,0.0,0.0,
2026-03-08T23:00:00.0000000+01:00,,0.0,0.0,
2026-03-08T23:15:00.0000000+01:00,,0.0,0.0,
2026-03-08T23:30:00.0000000+01:00,,0.0,0.0,
2026-03-08T23:45:00.0000000+01:00,,0.0,0.0,
2026-03-09T00:00:00.0000000+01:00,,0.0,0.0,
2026-03-09T00:15:00.0000000+01:00,,0.0,0.0,
2026-03-09T00:30:00.0000000+01:00,,0.0,0.0,
2026-03-09T00:45:00.0000000+01:00,,0.0,0.0,
2026-03-09T01:00:00.0000000+01:00,,0.0,0.0,
2026-03-09T01:15:00.0000000+01:00,,0.0,0.0,
2026-03-09T01:30:00.0000000+01:00,,0.0,0.0,
2026-03-09T01:45:00.0000000+01:00,,0.0,0.0,
2026-03-09T02:00:00.0000000+01:00,,0.0,0.0,
2026-03-09T02:15:00.0000000+01:00,,0.0,0.0,
2026-03-09T02:30:00.0000000+01:00,,0.0,0.0,
2026-03-09T02:45:00.0000000+01:00,,0.0,0.0,
2026-03-09T03:00:00.0000000+01:00,,0.0,0.0,
2026-03-09T03:15:00.0000000+01:00,,0.0,0.0,
2026-03-09T03:30:00.0000000+01:00,,0.0,,
2026-03-09T03:45:00.0000000+01:00,,0.0,,
2026-03-09T04:00:00.0000000+01:00,,0.0,0.0,
2026-03-09T04:15:00.0000000+01:00,,0.0,0.0,
2026-03-09T04:30:00.0000000+01:00,,0.0,0.0,
2026-03-09T04:45:00.0000000+01:00,,0.0,0.0,
2026-03-09T05:00:00.0000000+01:00,,0.0,0.0,
2026-03-09T05:15:00.0000000+01:00,,0.0,0.0,
2026-03-09T05:30:00.0000000+01:00,,0.0,0.0,
2026-03-09T05:45:00.0000000+01:00,,0.0,2.0,
2026-03-09T06:00:00.0000000+01:00,,0.0,9.6667,12.5
2026-03-09T18:15:00.0000000+01:00,,0.0013,0.0,42.9688
2026-03-09T18:30:00.0000000+01:00,,0.0,0.0,15.625
2026-03-09T18:45:00.0000000+01:00,,0.0,0.0,
2026-03-09T19:00:00.0000000+01:00,,0.0,0.0,
2026-03-09T19:15:00.0000000+01:00,,0.0,0.0,
2026-03-09T19:30:00.0000000+01:00,,0.0,0.0,
2026-03-09T19:45:00.0000000+01:00,,0.0,0.0,
2026-03-09T20:00:00.0000000+01:00,,0.0,0.0,0.0
2026-03-09T20:15:00.0000000+01:00,,0.0,0.0,
2026-03-09T20:30:00.0000000+01:00,,0.0,0.0,
2026-03-09T20:45:00.0000000+01:00,,0.0,0.0,
2026-03-09T21:00:00.0000000+01:00,,0.0,0.0,
2026-03-09T21:15:00.0000000+01:00,,0.0,0.0,
2026-03-09T21:30:00.0000000+01:00,,0.0,0.0,
2026-03-09T21:45:00.0000000+01:00,,0.0,0.0,
2026-03-09T22:00:00.0000000+01:00,,0.0,0.0,
2026-03-09T22:15:00.0000000+01:00,,0.0,0.0,
2026-03-09T22:30:00.0000000+01:00,,0.0,0.0,
2026-03-09T22:45:00.0000000+01:00,,0.0,0.0,
2026-03-09T23:00:00.0000000+01:00,,0.0,0.0,
2026-03-09T23:15:00.0000000+01:00,,0.0,0.0,
2026-03-09T23:30:00.0000000+01:00,,0.0,0.0,
2026-03-09T23:45:00.0000000+01:00,,0.0,0.0,
2026-03-10T00:00:00.0000000+01:00,,0.0,0.0,
2026-03-10T00:15:00.0000000+01:00,,0.0,0.0,
2026-03-10T00:30:00.0000000+01:00,,0.0,0.0,
2026-03-10T00:45:00.0000000+01:00,,0.0,0.0,
2026-03-10T01:00:00.0000000+01:00,,0.0,0.0,
2026-03-10T01:15:00.0000000+01:00,,0.0,0.0,
2026-03-10T01:30:00.0000000+01:00,,0.0,0.0,
2026-03-10T01:45:00.0000000+01:00,,0.0,0.0,
2026-03-10T02:00:00.0000000+01:00,,0.0,0.0,
2026-03-10T02:15:00.0000000+01:00,,0.0,0.0,
2026-03-10T02:30:00.0000000+01:00,,0.0,0.0,
2026-03-10T02:45:00.0000000+01:00,,0.0,0.0,
2026-03-10T03:00:00.0000000+01:00,,0.0,0.0,
2026-03-10T03:15:00.0000000+01:00,,0.0,0.0,
2026-03-10T03:30:00.0000000+01:00,,0.0,,
2026-03-10T03:45:00.0000000+01:00,,0.0,,
2026-03-10T04:00:00.0000000+01:00,,0.0,0.0,
2026-03-10T04:15:00.0000000+01:00,,0.0,0.0,
2026-03-10T04:30:00.0000000+01:00,,0.0,0.0,
2026-03-10T04:45:00.0000000+01:00,,0.0,0.0,
2026-03-10T05:00:00.0000000+01:00,,0.0,0.0,
2026-03-10T05:15:00.0000000+01:00,,0.0,0.0,
2026-03-10T05:30:00.0000000+01:00,,0.0,0.0,
2026-03-10T05:45:00.0000000+01:00,,0.0,4.3333,9.375
2026-03-10T06:00:00.0000000+01:00,,0.0,18.0,
2026-03-10T18:15:00.0000000+01:00,,0.0016,0.0,42.1875
2026-03-10T18:30:00.0000000+01:00,,0.0002,0.0,9.375
2026-03-10T18:45:00.0000000+01:00,,0.0,0.0,
2026-03-10T19:00:00.0000000+01:00,,0.0,0.0,
2026-03-10T19:15:00.0000000+01:00,,0.0,0.0,
2026-03-10T19:30:00.0000000+01:00,,0.0,0.0,
2026-03-10T19:45:00.0000000+01:00,,0.0,0.0,
2026-03-10T20:00:00.0000000+01:00,,0.0,0.0,
2026-03-10T20:15:00.0000000+01:00,,0.0,0.0,0.0
2026-03-10T20:30:00.0000000+01:00,,0.0,0.0,
2026-03-10T20:45:00.0000000+01:00,,0.0,0.0,
2026-03-10T21:00:00.0000000+01:00,,0.0,0.0,
2026-03-10T21:15:00.0000000+01:00,,0.0,0.0,
2026-03-10T21:30:00.0000000+01:00,,0.0,0.0,
2026-03-10T21:45:00.0000000+01:00,,0.0,0.0,
2026-03-10T22:00:00.0000000+01:00,,0.0,0.0,
2026-03-10T22:15:00.0000000+01:00,,0.0,0.0,
2026-03-10T22:30:00.0000000+01:00,,0.0,0.0,
2026-03-10T22:45:00.0000000+01:00,,0.0,0.0,
2026-03-10T23:00:00.0000000+01:00,,0.0,0.0,
2026-03-10T23:15:00.0000000+01:00,,0.0,0.0,
2026-03-10T23:30:00.0000000+01:00,,0.0,0.0,
2026-03-10T23:45:00.0000000+01:00,,0.0,0.0,
2026-03-11T00:00:00.0000000+01:00,,0.0,0.0,
2026-03-11T00:15:00.0000000+01:00,,0.0,0.0,
2026-03-11T00:30:00.0000000+01:00,,0.0,0.0,
2026-03-11T00:45:00.0000000+01:00,,0.0,0.0,
2026-03-11T01:00:00.0000000+01:00,,0.0,0.0,
2026-03-11T01:15:00.0000000+01:00,,0.0,0.0,
2026-03-11T01:30:00.0000000+01:00,,0.0,0.0,
2026-03-11T01:45:00.0000000+01:00,,0.0,0.0,
2026-03-11T02:00:00.0000000+01:00,,0.0,0.0,
2026-03-11T02:15:00.0000000+01:00,,0.0,0.0,
2026-03-11T02:30:00.0000000+01:00,,0.0,0.0,
2026-03-11T02:45:00.0000000+01:00,,0.0,0.0,
2026-03-11T03:00:00.0000000+01:00,,0.0,0.0,
2026-03-11T03:15:00.0000000+01:00,,0.0,0.0,
2026-03-11T03:30:00.0000000+01:00,,0.0,,
2026-03-11T03:45:00.0000000+01:00,,0.0,,
2026-03-11T04:00:00.0000000+01:00,,0.0,0.0,
2026-03-11T04:15:00.0000000+01:00,,0.0,0.0,
2026-03-11T04:30:00.0000000+01:00,,0.0,0.0,
2026-03-11T04:45:00.0000000+01:00,,0.0,0.0,
2026-03-11T05:00:00.0000000+01:00,,0.0,0.0,
2026-03-11T05:15:00.0000000+01:00,,0.0,0.0,
2026-03-11T05:30:00.0000000+01:00,,0.0,0.0,
2026-03-11T05:45:00.0000000+01:00,,0.0,4.0,6.25
2026-03-11T06:00:00.0000000+01:00,,0.0,9.6667,
2026-03-11T06:15:00.0000000+01:00,,0.0032,18.3333,60.7143
2026-03-11T18:00:00.0000000+01:00,,0.0014,0.0,45.3125
2026-03-11T18:15:00.0000000+01:00,,0.001,0.0,26.5625
2026-03-11T18:30:00.0000000+01:00,,0.0,0.0,12.5
2026-03-11T18:45:00.0000000+01:00,,0.0,0.0,
2026-03-11T19:00:00.0000000+01:00,,0.0,0.0,
2026-03-11T19:15:00.0000000+01:00,,0.0,0.0,
2026-03-11T19:30:00.0000000+01:00,,0.0,0.0,
2026-03-11T19:45:00.0000000+01:00,,0.0,0.0,
2026-03-11T20:00:00.0000000+01:00,,0.0,0.0,0.0
2026-03-11T20:15:00.0000000+01:00,,0.0,0.0,
2026-03-11T20:30:00.0000000+01:00,,0.0,0.0,
2026-03-11T20:45:00.0000000+01:00,,0.0,0.0,
2026-03-11T21:00:00.0000000+01:00,,0.0,0.0,
2026-03-11T21:15:00.0000000+01:00,,0.0,0.0,
2026-03-11T21:30:00.0000000+01:00,,0.0,0.0,
2026-03-11T21:45:00.0000000+01:00,,0.0,0.0,
2026-03-11T22:00:00.0000000+01:00,,0.0,0.0,
2026-03-11T22:15:00.0000000+01:00,,0.0,0.0,
2026-03-11T22:30:00.0000000+01:00,,0.0,0.0,
2026-03-11T22:45:00.0000000+01:00,,0.0,0.0,
2026-03-11T23:00:00.0000000+01:00,,0.0,0.0,
2026-03-11T23:15:00.0000000+01:00,,0.0,0.0,
2026-03-11T23:30:00.0000000+01:00,,0.0,0.0,
2026-03-11T23:45:00.0000000+01:00,,0.0,0.0,
2026-03-12T00:00:00.0000000+01:00,,0.0,0.0,
2026-03-12T00:15:00.0000000+01:00,,0.0,0.0,
2026-03-12T00:30:00.0000000+01:00,,0.0,0.0,
2026-03-12T00:45:00.0000000+01:00,,0.0,0.0,
2026-03-12T01:00:00.0000000+01:00,,0.0,0.0,
2026-03-12T01:15:00.0000000+01:00,,0.0,0.0,
2026-03-12T01:30:00.0000000+01:00,,0.0,0.0,
2026-03-12T01:45:00.0000000+01:00,,0.0,0.0,
2026-03-12T02:00:00.0000000+01:00,,0.0,0.0,
2026-03-12T02:15:00.0000000+01:00,,0.0,0.0,
2026-03-12T02:30:00.0000000+01:00,,0.0,0.0,
2026-03-12T02:45:00.0000000+01:00,,0.0,0.0,
2026-03-12T03:00:00.0000000+01:00,,0.0,0.0,
2026-03-12T03:15:00.0000000+01:00,,0.0,0.0,
2026-03-12T03:30:00.0000000+01:00,,0.0,,
2026-03-12T03:45:00.0000000+01:00,,0.0,,
2026-03-12T04:00:00.0000000+01:00,,0.0,0.0,
2026-03-12T04:15:00.0000000+01:00,,0.0,0.0,
2026-03-12T04:30:00.0000000+01:00,,0.0,0.0,
2026-03-12T04:45:00.0000000+01:00,,0.0,0.0,
2026-03-12T05:00:00.0000000+01:00,,0.0,0.0,
2026-03-12T05:15:00.0000000+01:00,,0.0,0.0,
2026-03-12T05:30:00.0000000+01:00,,0.0,0.3333,
2026-03-12T05:45:00.0000000+01:00,,0.0,10.3333,9.375
2026-03-12T06:00:00.0000000+01:00,,0.0,32.3333,
2026-03-12T18:00:00.0000000+01:00,,0.0062,0.0,87.5
2026-03-12T18:30:00.0000000+01:00,,0.0002,0.0,31.25
2026-03-12T18:45:00.0000000+01:00,,0.0,0.0,
2026-03-12T19:00:00.0000000+01:00,,0.0,0.0,
2026-03-12T19:15:00.0000000+01:00,,0.0,0.0,
2026-03-12T19:30:00.0000000+01:00,,0.0,0.0,
2026-03-12T19:45:00.0000000+01:00,,0.0,0.0,
2026-03-12T20:00:00.0000000+01:00,,0.0,0.0,
2026-03-12T20:15:00.0000000+01:00,,0.0,0.0,9.375
2026-03-12T20:30:00.0000000+01:00,,0.0,0.0,
2026-03-12T20:45:00.0000000+01:00,,0.0,0.0,
2026-03-12T21:00:00.0000000+01:00,,0.0,0.0,
2026-03-12T21:15:00.0000000+01:00,,0.0,0.0,
2026-03-12T21:30:00.0000000+01:00,,0.0,0.0,
2026-03-12T21:45:00.0000000+01:00,,0.0,0.0,
2026-03-12T22:00:00.0000000+01:00,,0.0,0.0,
2026-03-12T22:15:00.0000000+01:00,,0.0,0.0,
2026-03-12T22:30:00.0000000+01:00,,0.0,0.0,
2026-03-12T22:45:00.0000000+01:00,,0.0,0.0,
2026-03-12T23:00:00.0000000+01:00,,0.0,0.0,
2026-03-12T23:15:00.0000000+01:00,,0.0,0.0,
2026-03-12T23:30:00.0000000+01:00,,0.0,0.0,
2026-03-12T23:45:00.0000000+01:00,,0.0,0.0,
2026-03-13T00:00:00.0000000+01:00,,0.0,0.0,
2026-03-13T00:15:00.0000000+01:00,,0.0,0.0,
2026-03-13T00:30:00.0000000+01:00,,0.0,0.0,
2026-03-13T00:45:00.0000000+01:00,,0.0,0.0,
2026-03-13T01:00:00.0000000+01:00,,0.0,0.0,
2026-03-13T01:15:00.0000000+01:00,,0.0,0.0,
2026-03-13T01:30:00.0000000+01:00,,0.0,0.0,
2026-03-13T01:45:00.0000000+01:00,,0.0,0.0,
2026-03-13T02:00:00.0000000+01:00,,0.0,0.0,
2026-03-13T02:15:00.0000000+01:00,,0.0,0.0,
2026-03-13T02:30:00.0000000+01:00,,0.0,0.0,
2026-03-13T02:45:00.0000000+01:00,,0.0,0.0,
2026-03-13T03:00:00.0000000+01:00,,0.0,0.0,
2026-03-13T03:15:00.0000000+01:00,,0.0,0.0,
2026-03-13T03:30:00.0000000+01:00,,0.0,,
2026-03-13T03:45:00.0000000+01:00,,0.0,,
2026-03-13T04:00:00.0000000+01:00,,0.0,0.0,
2026-03-13T04:15:00.0000000+01:00,,0.0,0.0,
2026-03-13T04:30:00.0000000+01:00,,0.0,0.0,
2026-03-13T04:45:00.0000000+01:00,,0.0,0.0,
2026-03-13T05:00:00.0000000+01:00,,0.0,0.0,
2026-03-13T05:15:00.0000000+01:00,,0.0,0.0,
2026-03-13T05:30:00.0000000+01:00,,0.0,0.3333,3.125
2026-03-13T05:45:00.0000000+01:00,,0.0,4.6667,18.75
2026-03-13T06:00:00.0000000+01:00,,0.0025,15.6667,70.3125
2026-03-13T17:45:00.0000000+01:00,,0.0033,0.0,82.0833
2026-03-13T18:00:00.0000000+01:00,,0.0018,0.0,56.25
2026-03-13T18:15:00.0000000+01:00,,0.0008,0.0,32.8125
2026-03-13T18:30:00.0000000+01:00,,0.0,0.0,
2026-03-13T18:45:00.0000000+01:00,,0.0,0.0,
2026-03-13T19:00:00.0000000+01:00,,0.0,0.0,
2026-03-13T19:15:00.0000000+01:00,,0.0,0.0,
2026-03-13T19:30:00.0000000+01:00,,0.0,0.0,
2026-03-13T19:45:00.0000000+01:00,,0.0,0.0,
2026-03-13T20:00:00.0000000+01:00,,0.0,0.0,3.125
2026-03-13T20:15:00.0000000+01:00,,0.0,0.0,
2026-03-13T20:30:00.0000000+01:00,,0.0,0.0,
2026-03-13T20:45:00.0000000+01:00,,0.0,0.0,
2026-03-13T21:00:00.0000000+01:00,,0.0,0.0,
2026-03-13T21:15:00.0000000+01:00,,0.0,0.0,
2026-03-13T21:30:00.0000000+01:00,,0.0,0.0,
2026-03-13T21:45:00.0000000+01:00,,0.0,0.0,
2026-03-13T22:00:00.0000000+01:00,,0.0,0.0,
2026-03-13T22:15:00.0000000+01:00,,0.0,0.0,
2026-03-13T22:30:00.0000000+01:00,,0.0,0.0,
2026-03-13T22:45:00.0000000+01:00,,0.0,0.0,
2026-03-13T23:00:00.0000000+01:00,,0.0,0.0,
2026-03-13T23:15:00.0000000+01:00,,0.0,0.0,
2026-03-13T23:30:00.0000000+01:00,,0.0,0.0,
2026-03-13T23:45:00.0000000+01:00,,0.0,0.0,
2026-03-14T00:00:00.0000000+01:00,,0.0,0.0,
2026-03-14T00:15:00.0000000+01:00,,0.0,0.0,
2026-03-14T00:30:00.0000000+01:00,,0.0,0.0,
2026-03-14T00:45:00.0000000+01:00,,0.0,0.0,
2026-03-14T01:00:00.0000000+01:00,,0.0,0.0,
2026-03-14T01:15:00.0000000+01:00,,0.0,0.0,
2026-03-14T01:30:00.0000000+01:00,,0.0,0.0,
2026-03-14T01:45:00.0000000+01:00,,0.0,0.0,
2026-03-14T02:00:00.0000000+01:00,,0.0,0.0,
2026-03-14T02:15:00.0000000+01:00,,0.0,0.0,
2026-03-14T02:30:00.0000000+01:00,,0.0,0.0,
2026-03-14T02:45:00.0000000+01:00,,0.0,0.0,
2026-03-14T03:00:00.0000000+01:00,,0.0,0.0,
2026-03-14T03:15:00.0000000+01:00,,0.0,0.0,
2026-03-14T03:30:00.0000000+01:00,,0.0,,
2026-03-14T03:45:00.0000000+01:00,,0.0,,
2026-03-14T04:00:00.0000000+01:00,,0.0,0.0,
2026-03-14T04:15:00.0000000+01:00,,0.0,0.0,
2026-03-14T04:30:00.0000000+01:00,,0.0,0.0,
2026-03-14T04:45:00.0000000+01:00,,0.0,0.0,
2026-03-14T05:00:00.0000000+01:00,,0.0,0.0,
2026-03-14T05:15:00.0000000+01:00,,0.0,0.0,
2026-03-14T05:30:00.0000000+01:00,,0.0,0.3333,
2026-03-14T05:45:00.0000000+01:00,,0.0,0.6667,9.375
2026-03-14T06:00:00.0000000+01:00,,0.0,2.6667,18.75
2026-03-14T06:15:00.0000000+01:00,,0.0,5.0,25.0
2026-03-14T06:30:00.0000000+01:00,,0.0118,4.0,73.4375
2026-03-14T06:45:00.0000000+01:00,,0.0155,15.3333,
2026-03-14T18:00:00.0000000+01:00,,0.0031,0.0,73.6111
2026-03-14T18:15:00.0000000+01:00,,0.0013,0.0,46.875
2026-03-14T18:30:00.0000000+01:00,,0.0001,0.0,25.0
2026-03-14T18:45:00.0000000+01:00,,0.0,0.0,
2026-03-14T19:00:00.0000000+01:00,,0.0,0.0,
2026-03-14T19:15:00.0000000+01:00,,0.0,0.0,
2026-03-14T19:30:00.0000000+01:00,,0.0,0.0,
2026-03-14T19:45:00.0000000+01:00,,0.0,0.0,
2026-03-14T20:00:00.0000000+01:00,,0.0,0.0,6.25
2026-03-14T20:15:00.0000000+01:00,,0.0,0.0,
2026-03-14T20:30:00.0000000+01:00,,0.0,0.0,
2026-03-14T20:45:00.0000000+01:00,,0.0,0.0,
2026-03-14T21:00:00.0000000+01:00,,0.0,0.0,
2026-03-14T21:15:00.0000000+01:00,,0.0,0.0,
2026-03-14T21:30:00.0000000+01:00,,0.0,0.0,
2026-03-14T21:45:00.0000000+01:00,,0.0,0.0,
2026-03-14T22:00:00.0000000+01:00,,0.0,0.0,
2026-03-14T22:15:00.0000000+01:00,,0.0,0.0,
2026-03-14T22:30:00.0000000+01:00,,0.0,0.0,
2026-03-14T22:45:00.0000000+01:00,,0.0,0.0,
2026-03-14T23:00:00.0000000+01:00,,0.0,0.0,
2026-03-14T23:15:00.0000000+01:00,,0.0,0.0,
2026-03-14T23:30:00.0000000+01:00,,0.0,0.0,
2026-03-14T23:45:00.0000000+01:00,,0.0,0.0,
2026-03-15T00:00:00.0000000+01:00,,0.0,0.0,
2026-03-15T00:15:00.0000000+01:00,,0.0,0.0,
2026-03-15T00:30:00.0000000+01:00,,0.0,0.0,
2026-03-15T00:45:00.0000000+01:00,,0.0,0.0,
2026-03-15T01:00:00.0000000+01:00,,0.0,0.0,
2026-03-15T01:15:00.0000000+01:00,,0.0,0.0,
2026-03-15T01:30:00.0000000+01:00,,0.0,0.0,
2026-03-15T01:45:00.0000000+01:00,,0.0,0.0,
2026-03-15T02:00:00.0000000+01:00,,0.0,0.0,
2026-03-15T02:15:00.0000000+01:00,,0.0,0.0,
2026-03-15T02:30:00.0000000+01:00,,0.0,0.0,
2026-03-15T02:45:00.0000000+01:00,,0.0,0.0,
2026-03-15T03:00:00.0000000+01:00,,0.0,0.0,
2026-03-15T03:15:00.0000000+01:00,,0.0,0.0,
2026-03-15T03:30:00.0000000+01:00,,0.0,,
2026-03-15T03:45:00.0000000+01:00,,0.0,,
2026-03-15T04:00:00.0000000+01:00,,0.0,0.0,
2026-03-15T04:15:00.0000000+01:00,,0.0,0.0,
2026-03-15T04:30:00.0000000+01:00,,0.0,0.0,
2026-03-15T04:45:00.0000000+01:00,,0.0,0.0,
2026-03-15T05:00:00.0000000+01:00,,0.0,0.0,
2026-03-15T05:15:00.0000000+01:00,,0.0,0.0,
2026-03-15T05:30:00.0000000+01:00,,0.0,1.3333,
2026-03-15T05:45:00.0000000+01:00,,0.0,8.6667,12.5
2026-03-15T06:00:00.0000000+01:00,,0.0,7.6667,
2026-03-15T06:15:00.0000000+01:00,,0.0039,12.0,73.8636
2026-03-15T18:15:00.0000000+01:00,,0.0019,0.0,67.6136
2026-03-15T18:30:00.0000000+01:00,,0.0005,0.0,35.4167
2026-03-15T18:45:00.0000000+01:00,,0.0,0.0,
2026-03-15T19:00:00.0000000+01:00,,0.0,0.0,
2026-03-15T19:15:00.0000000+01:00,,0.0,0.0,
2026-03-15T19:30:00.0000000+01:00,,0.0,0.0,
2026-03-15T19:45:00.0000000+01:00,,0.0,0.0,
2026-03-15T20:00:00.0000000+01:00,,0.0,0.0,
2026-03-15T20:15:00.0000000+01:00,,0.0,0.0,3.125
2026-03-15T20:30:00.0000000+01:00,,0.0,0.0,
2026-03-15T20:45:00.0000000+01:00,,0.0,0.0,
2026-03-15T21:00:00.0000000+01:00,,0.0,0.0,
2026-03-15T21:15:00.0000000+01:00,,0.0,0.0,
2026-03-15T21:30:00.0000000+01:00,,0.0,0.0,
2026-03-15T21:45:00.0000000+01:00,,0.0,0.0,
2026-03-15T22:00:00.0000000+01:00,,0.0,0.0,
2026-03-15T22:15:00.0000000+01:00,,0.0,0.0,
2026-03-15T22:30:00.0000000+01:00,,0.0,0.0,
2026-03-15T22:45:00.0000000+01:00,,0.0,0.0,
2026-03-15T23:00:00.0000000+01:00,,0.0,0.0,
2026-03-15T23:15:00.0000000+01:00,,0.0,0.0,
2026-03-15T23:30:00.0000000+01:00,,0.0,0.0,
2026-03-15T23:45:00.0000000+01:00,,0.0,0.0,
2026-03-16T00:00:00.0000000+01:00,,0.0,0.0,
2026-03-16T00:15:00.0000000+01:00,,0.0,0.0,
2026-03-16T00:30:00.0000000+01:00,,0.0,0.0,
2026-03-16T00:45:00.0000000+01:00,,0.0,0.0,
2026-03-16T01:00:00.0000000+01:00,,0.0,0.0,
2026-03-16T01:15:00.0000000+01:00,,0.0,0.0,
2026-03-16T01:30:00.0000000+01:00,,0.0,0.0,
2026-03-16T01:45:00.0000000+01:00,,0.0,0.0,
2026-03-16T02:00:00.0000000+01:00,,0.0,0.0,
2026-03-16T02:15:00.0000000+01:00,,0.0,0.0,
2026-03-16T02:30:00.0000000+01:00,,0.0,0.0,
2026-03-16T02:45:00.0000000+01:00,,0.0,0.0,
2026-03-16T03:00:00.0000000+01:00,,0.0,0.0,
2026-03-16T03:15:00.0000000+01:00,,0.0,0.0,
2026-03-16T03:30:00.0000000+01:00,,0.0,,
2026-03-16T03:45:00.0000000+01:00,,0.0,,
2026-03-16T04:00:00.0000000+01:00,,0.0,0.0,
2026-03-16T04:15:00.0000000+01:00,,0.0,0.0,
2026-03-16T04:30:00.0000000+01:00,,0.0,0.0,
2026-03-16T04:45:00.0000000+01:00,,0.0,0.0,
2026-03-16T05:00:00.0000000+01:00,,0.0,0.0,
2026-03-16T05:15:00.0000000+01:00,,0.0,0.0,
2026-03-16T05:30:00.0000000+01:00,,0.0,4.0,9.375
2026-03-16T05:45:00.0000000+01:00,,0.0,7.0,18.75
2026-03-16T06:00:00.0000000+01:00,,0.0075,12.3333,81.25
2026-03-16T18:30:00.0000000+01:00,,0.0007,0.0,28.125
2026-03-16T18:45:00.0000000+01:00,,0.0,0.0,
2026-03-16T19:00:00.0000000+01:00,,0.0,0.0,
2026-03-16T19:15:00.0000000+01:00,,0.0,0.0,
2026-03-16T19:30:00.0000000+01:00,,0.0,0.0,
2026-03-16T19:45:00.0000000+01:00,,0.0,0.0,
2026-03-16T20:00:00.0000000+01:00,,0.0,0.0,
2026-03-16T20:15:00.0000000+01:00,,0.0,0.0,0.0
2026-03-16T20:30:00.0000000+01:00,,0.0,0.0,
2026-03-16T20:45:00.0000000+01:00,,0.0,0.0,
2026-03-16T21:00:00.0000000+01:00,,0.0,0.0,
2026-03-16T21:15:00.0000000+01:00,,0.0,0.0,
2026-03-16T21:30:00.0000000+01:00,,0.0,0.0,
2026-03-16T21:45:00.0000000+01:00,,0.0,0.0,
2026-03-16T22:00:00.0000000+01:00,,0.0,0.0,
2026-03-16T22:15:00.0000000+01:00,,0.0,0.0,
2026-03-16T22:30:00.0000000+01:00,,0.0,0.0,
2026-03-16T22:45:00.0000000+01:00,,0.0,0.0,
2026-03-16T23:00:00.0000000+01:00,,0.0,0.0,
2026-03-16T23:15:00.0000000+01:00,,0.0,0.0,
2026-03-16T23:30:00.0000000+01:00,,0.0,0.0,
2026-03-16T23:45:00.0000000+01:00,,0.0,0.0,
2026-03-17T00:00:00.0000000+01:00,,0.0,0.0,
2026-03-17T00:15:00.0000000+01:00,,0.0,0.0,
2026-03-17T00:30:00.0000000+01:00,,0.0,0.0,
2026-03-17T00:45:00.0000000+01:00,,0.0,0.0,
2026-03-17T01:00:00.0000000+01:00,,0.0,0.0,
2026-03-17T01:15:00.0000000+01:00,,0.0,0.0,
2026-03-17T01:30:00.0000000+01:00,,0.0,0.0,
2026-03-17T01:45:00.0000000+01:00,,0.0,0.0,
2026-03-17T02:00:00.0000000+01:00,,0.0,0.0,
2026-03-17T02:15:00.0000000+01:00,,0.0,0.0,
2026-03-17T02:30:00.0000000+01:00,,0.0,0.0,
2026-03-17T02:45:00.0000000+01:00,,0.0,0.0,
2026-03-17T03:00:00.0000000+01:00,,0.0,0.0,
2026-03-17T03:15:00.0000000+01:00,,0.0,0.0,
2026-03-17T03:30:00.0000000+01:00,,0.0,,
2026-03-17T03:45:00.0000000+01:00,,0.0,,
2026-03-17T04:00:00.0000000+01:00,,0.0,0.0,
2026-03-17T04:15:00.0000000+01:00,,0.0,0.0,
2026-03-17T04:30:00.0000000+01:00,,0.0,0.0,
2026-03-17T04:45:00.0000000+01:00,,0.0,0.0,
2026-03-17T05:00:00.0000000+01:00,,0.0,0.0,
2026-03-17T05:15:00.0000000+01:00,,0.0,0.0,
2026-03-17T05:30:00.0000000+01:00,,0.0,9.0,6.25
2026-03-17T05:45:00.0000000+01:00,,0.0,19.6667,12.5
2026-03-17T06:00:00.0000000+01:00,,0.004,19.3333,66.8269
2026-03-17T12:00:00.0000000+01:00,,4.4545,772.0,
2026-03-17T12:15:00.0000000+01:00,,4.4514,772.0,
2026-03-17T12:45:00.0000000+01:00,,4.4447,729.6667,
2026-03-17T13:00:00.0000000+01:00,,4.4385,702.6667,
2026-03-17T18:15:00.0000000+01:00,,0.0022,0.0,70.0
2026-03-17T18:30:00.0000000+01:00,,0.0008,0.0,29.6875
2026-03-17T18:45:00.0000000+01:00,,0.0,0.0,
2026-03-17T19:00:00.0000000+01:00,,0.0,0.0,
2026-03-17T19:15:00.0000000+01:00,,0.0,0.0,
2026-03-17T19:30:00.0000000+01:00,,0.0,0.0,
2026-03-17T19:45:00.0000000+01:00,,0.0,0.0,
2026-03-17T20:00:00.0000000+01:00,,0.0,0.0,
2026-03-17T20:15:00.0000000+01:00,,0.0,0.0,0.0
2026-03-17T20:30:00.0000000+01:00,,0.0,0.0,
2026-03-17T20:45:00.0000000+01:00,,0.0,0.0,
2026-03-17T21:00:00.0000000+01:00,,0.0,0.0,
2026-03-17T21:15:00.0000000+01:00,,0.0,0.0,
2026-03-17T21:30:00.0000000+01:00,,0.0,0.0,
2026-03-17T21:45:00.0000000+01:00,,0.0,0.0,
2026-03-17T22:00:00.0000000+01:00,,0.0,0.0,
2026-03-17T22:15:00.0000000+01:00,,0.0,0.0,
2026-03-17T22:30:00.0000000+01:00,,0.0,0.0,
2026-03-17T22:45:00.0000000+01:00,,0.0,0.0,
2026-03-17T23:00:00.0000000+01:00,,0.0,0.0,
2026-03-17T23:15:00.0000000+01:00,,0.0,0.0,
2026-03-17T23:30:00.0000000+01:00,,0.0,0.0,
2026-03-17T23:45:00.0000000+01:00,,0.0,0.0,
2026-03-18T00:00:00.0000000+01:00,,0.0,0.0,
2026-03-18T00:15:00.0000000+01:00,,0.0,0.0,
2026-03-18T00:30:00.0000000+01:00,,0.0,0.0,
2026-03-18T00:45:00.0000000+01:00,,0.0,0.0,
2026-03-18T01:00:00.0000000+01:00,,0.0,0.0,
2026-03-18T01:15:00.0000000+01:00,,0.0,0.0,
2026-03-18T01:30:00.0000000+01:00,,0.0,0.0,
2026-03-18T01:45:00.0000000+01:00,,0.0,0.0,
2026-03-18T02:00:00.0000000+01:00,,0.0,0.0,
2026-03-18T02:15:00.0000000+01:00,,0.0,0.0,
2026-03-18T02:30:00.0000000+01:00,,0.0,0.0,
2026-03-18T02:45:00.0000000+01:00,,0.0,0.0,
2026-03-18T03:00:00.0000000+01:00,,0.0,0.0,
2026-03-18T03:15:00.0000000+01:00,,0.0,0.0,
2026-03-18T03:30:00.0000000+01:00,,0.0,,
2026-03-18T03:45:00.0000000+01:00,,0.0,,
2026-03-18T04:00:00.0000000+01:00,,0.0,0.0,
2026-03-18T04:15:00.0000000+01:00,,0.0,0.0,
2026-03-18T04:30:00.0000000+01:00,,0.0,0.0,
2026-03-18T04:45:00.0000000+01:00,,0.0,0.0,
2026-03-18T05:00:00.0000000+01:00,,0.0,0.0,
2026-03-18T05:15:00.0000000+01:00,,0.0,0.6667,
2026-03-18T05:30:00.0000000+01:00,,0.0,12.3333,15.625
2026-03-18T05:45:00.0000000+01:00,,0.0,6.3333,
2026-03-18T18:30:00.0000000+01:00,,0.0016,0.0,54.5455
2026-03-18T18:45:00.0000000+01:00,,0.0003,0.0,18.75
2026-03-18T19:00:00.0000000+01:00,,0.0,0.0,
2026-03-18T19:15:00.0000000+01:00,,0.0,0.0,
2026-03-18T19:30:00.0000000+01:00,,0.0,0.0,
2026-03-18T19:45:00.0000000+01:00,,0.0,0.0,
2026-03-18T20:00:00.0000000+01:00,,0.0,0.0,
2026-03-18T20:15:00.0000000+01:00,,0.0,0.0,
2026-03-18T20:30:00.0000000+01:00,,0.0,0.0,0.0
2026-03-18T20:45:00.0000000+01:00,,0.0,0.0,
2026-03-18T21:00:00.0000000+01:00,,0.0,0.0,
2026-03-18T21:15:00.0000000+01:00,,0.0,0.0,
2026-03-18T21:30:00.0000000+01:00,,0.0,0.0,
2026-03-18T21:45:00.0000000+01:00,,0.0,0.0,
2026-03-18T22:00:00.0000000+01:00,,0.0,0.0,
2026-03-18T22:15:00.0000000+01:00,,0.0,0.0,
2026-03-18T22:30:00.0000000+01:00,,0.0,0.0,
2026-03-18T22:45:00.0000000+01:00,,0.0,0.0,
2026-03-18T23:00:00.0000000+01:00,,0.0,0.0,
2026-03-18T23:15:00.0000000+01:00,,0.0,0.0,
2026-03-18T23:30:00.0000000+01:00,,0.0,0.0,
2026-03-18T23:45:00.0000000+01:00,,0.0,0.0,
2026-03-19T00:00:00.0000000+01:00,,0.0,0.0,
2026-03-19T00:15:00.0000000+01:00,,0.0,0.0,
2026-03-19T00:30:00.0000000+01:00,,0.0,0.0,
2026-03-19T00:45:00.0000000+01:00,,0.0,0.0,
2026-03-19T01:00:00.0000000+01:00,,0.0,0.0,
2026-03-19T01:15:00.0000000+01:00,,0.0,0.0,
2026-03-19T01:30:00.0000000+01:00,,0.0,0.0,
2026-03-19T01:45:00.0000000+01:00,,0.0,0.0,
2026-03-19T02:00:00.0000000+01:00,,0.0,0.0,
2026-03-19T02:15:00.0000000+01:00,,0.0,0.0,
2026-03-19T02:30:00.0000000+01:00,,0.0,0.0,
2026-03-19T02:45:00.0000000+01:00,,0.0,0.0,
2026-03-19T03:00:00.0000000+01:00,,0.0,0.0,
2026-03-19T03:15:00.0000000+01:00,,0.0,0.0,
2026-03-19T03:30:00.0000000+01:00,,0.0,,
2026-03-19T03:45:00.0000000+01:00,,0.0,,
2026-03-19T04:00:00.0000000+01:00,,0.0,0.0,
2026-03-19T04:15:00.0000000+01:00,,0.0,0.0,
2026-03-19T04:30:00.0000000+01:00,,0.0,0.0,
2026-03-19T04:45:00.0000000+01:00,,0.0,0.0,
2026-03-19T05:00:00.0000000+01:00,,0.0,0.0,
2026-03-19T05:15:00.0000000+01:00,,0.0,1.6667,
2026-03-19T05:30:00.0000000+01:00,,0.0,13.3333,9.375
2026-03-19T05:45:00.0000000+01:00,,0.0,9.6667,
2026-03-19T06:00:00.0000000+01:00,,0.0081,19.6667,74.4318
2026-03-19T18:30:00.0000000+01:00,,0.0014,0.0,49.3056
2026-03-19T18:45:00.0000000+01:00,,0.0,0.0,18.75
2026-03-19T19:00:00.0000000+01:00,,0.0,0.0,
2026-03-19T19:15:00.0000000+01:00,,0.0,0.0,
2026-03-19T19:30:00.0000000+01:00,,0.0,0.0,
2026-03-19T19:45:00.0000000+01:00,,0.0,0.0,
2026-03-19T20:00:00.0000000+01:00,,0.0,0.0,
2026-03-19T20:15:00.0000000+01:00,,0.0,0.0,0.0
2026-03-19T20:30:00.0000000+01:00,,0.0,0.0,
2026-03-19T20:45:00.0000000+01:00,,0.0,0.0,
2026-03-19T21:00:00.0000000+01:00,,0.0,0.0,
2026-03-19T21:15:00.0000000+01:00,,0.0,0.0,
2026-03-19T21:30:00.0000000+01:00,,0.0,0.0,
2026-03-19T21:45:00.0000000+01:00,,0.0,0.0,
2026-03-19T22:00:00.0000000+01:00,,0.0,0.0,
2026-03-19T22:15:00.0000000+01:00,,0.0,0.0,
2026-03-19T22:30:00.0000000+01:00,,0.0,0.0,
2026-03-19T22:45:00.0000000+01:00,,0.0,0.0,
2026-03-19T23:00:00.0000000+01:00,,0.0,0.0,
2026-03-19T23:15:00.0000000+01:00,,0.0,0.0,
2026-03-19T23:30:00.0000000+01:00,,0.0,0.0,
2026-03-19T23:45:00.0000000+01:00,,0.0,0.0,
2026-03-20T00:00:00.0000000+01:00,,0.0,0.0,
2026-03-20T00:15:00.0000000+01:00,,0.0,0.0,
2026-03-20T00:30:00.0000000+01:00,,0.0,0.0,
2026-03-20T00:45:00.0000000+01:00,,0.0,0.0,
2026-03-20T01:00:00.0000000+01:00,,0.0,0.0,
2026-03-20T01:15:00.0000000+01:00,,0.0,0.0,
2026-03-20T01:30:00.0000000+01:00,,0.0,0.0,
2026-03-20T01:45:00.0000000+01:00,,0.0,0.0,
2026-03-20T02:00:00.0000000+01:00,,0.0,0.0,
2026-03-20T02:15:00.0000000+01:00,,0.0,0.0,
2026-03-20T02:30:00.0000000+01:00,,0.0,0.0,
2026-03-20T02:45:00.0000000+01:00,,0.0,0.0,
2026-03-20T03:00:00.0000000+01:00,,0.0,0.0,
2026-03-20T03:15:00.0000000+01:00,,0.0,0.0,
2026-03-20T03:30:00.0000000+01:00,,0.0,,
2026-03-20T03:45:00.0000000+01:00,,0.0,,
2026-03-20T04:00:00.0000000+01:00,,0.0,0.0,
2026-03-20T04:15:00.0000000+01:00,,0.0,0.0,
2026-03-20T04:30:00.0000000+01:00,,0.0,0.0,
2026-03-20T04:45:00.0000000+01:00,,0.0,0.0,
2026-03-20T05:00:00.0000000+01:00,,0.0,0.0,
2026-03-20T05:15:00.0000000+01:00,,0.0,2.6667,12.5
2026-03-20T05:30:00.0000000+01:00,,0.0,17.0,
2026-03-20T13:00:00.0000000+01:00,,4.4426,683.6667,
2026-03-20T18:45:00.0000000+01:00,,0.0006,0.0,20.8333
2026-03-20T19:00:00.0000000+01:00,,0.0,0.0,
2026-03-20T19:15:00.0000000+01:00,,0.0,0.0,
2026-03-20T19:30:00.0000000+01:00,,0.0,0.0,
2026-03-20T19:45:00.0000000+01:00,,0.0,0.0,
2026-03-20T20:00:00.0000000+01:00,,0.0,0.0,
2026-03-20T20:15:00.0000000+01:00,,0.0,0.0,
2026-03-20T20:30:00.0000000+01:00,,0.0,0.0,3.125
2026-03-20T20:45:00.0000000+01:00,,0.0,0.0,
2026-03-20T21:00:00.0000000+01:00,,0.0,0.0,
2026-03-20T21:15:00.0000000+01:00,,0.0,0.0,
2026-03-20T21:30:00.0000000+01:00,,0.0,0.0,
2026-03-20T21:45:00.0000000+01:00,,0.0,0.0,
2026-03-20T22:00:00.0000000+01:00,,0.0,0.0,
2026-03-20T22:15:00.0000000+01:00,,0.0,0.0,
2026-03-20T22:30:00.0000000+01:00,,0.0,0.0,
2026-03-20T22:45:00.0000000+01:00,,0.0,0.0,
2026-03-20T23:00:00.0000000+01:00,,0.0,0.0,
2026-03-20T23:15:00.0000000+01:00,,0.0,0.0,
2026-03-20T23:30:00.0000000+01:00,,0.0,0.0,
2026-03-20T23:45:00.0000000+01:00,,0.0,0.0,
2026-03-21T00:00:00.0000000+01:00,,0.0,0.0,
2026-03-21T00:15:00.0000000+01:00,,0.0,0.0,
2026-03-21T00:30:00.0000000+01:00,,0.0,0.0,
2026-03-21T00:45:00.0000000+01:00,,0.0,0.0,
2026-03-21T01:00:00.0000000+01:00,,0.0,0.0,
2026-03-21T01:15:00.0000000+01:00,,0.0,0.0,
2026-03-21T01:30:00.0000000+01:00,,0.0,0.0,
2026-03-21T01:45:00.0000000+01:00,,0.0,0.0,
2026-03-21T02:00:00.0000000+01:00,,0.0,0.0,
2026-03-21T02:15:00.0000000+01:00,,0.0,0.0,
2026-03-21T02:30:00.0000000+01:00,,0.0,0.0,
2026-03-21T02:45:00.0000000+01:00,,0.0,0.0,
2026-03-21T03:00:00.0000000+01:00,,0.0,0.0,
2026-03-21T03:15:00.0000000+01:00,,0.0,0.0,
2026-03-21T03:30:00.0000000+01:00,,0.0,,
2026-03-21T03:45:00.0000000+01:00,,0.0,,
2026-03-21T04:00:00.0000000+01:00,,0.0,0.0,
2026-03-21T04:15:00.0000000+01:00,,0.0,0.0,
2026-03-21T04:30:00.0000000+01:00,,0.0,0.0,
2026-03-21T04:45:00.0000000+01:00,,0.0,0.0,
2026-03-21T05:00:00.0000000+01:00,,0.0,0.0,
2026-03-21T05:15:00.0000000+01:00,,0.0,6.0,9.375
2026-03-21T05:30:00.0000000+01:00,,0.0,25.3333,
2026-03-21T11:30:00.0000000+01:00,,4.4481,832.0,
2026-03-21T12:15:00.0000000+01:00,,4.4645,798.6667,
2026-03-21T12:30:00.0000000+01:00,,4.4641,779.6667,
2026-03-21T12:45:00.0000000+01:00,,4.4604,756.6667,
2026-03-21T13:00:00.0000000+01:00,,4.4543,729.6667,
2026-03-21T18:30:00.0000000+01:00,,0.0026,0.0,65.625
2026-03-21T18:45:00.0000000+01:00,,0.0005,0.0,21.875
2026-03-21T19:00:00.0000000+01:00,,0.0,0.0,
2026-03-21T19:15:00.0000000+01:00,,0.0,0.0,
2026-03-21T19:30:00.0000000+01:00,,0.0,0.0,
2026-03-21T19:45:00.0000000+01:00,,0.0,0.0,
2026-03-21T20:00:00.0000000+01:00,,0.0,0.0,
2026-03-21T20:15:00.0000000+01:00,,0.0,0.0,
2026-03-21T20:30:00.0000000+01:00,,0.0,0.0,0.0
2026-03-21T20:45:00.0000000+01:00,,0.0,0.0,
2026-03-21T21:00:00.0000000+01:00,,0.0,0.0,
2026-03-21T21:15:00.0000000+01:00,,0.0,0.0,
2026-03-21T21:30:00.0000000+01:00,,0.0,0.0,
2026-03-21T21:45:00.0000000+01:00,,0.0,0.0,
2026-03-21T22:00:00.0000000+01:00,,0.0,0.0,
2026-03-21T22:15:00.0000000+01:00,,0.0,0.0,
2026-03-21T22:30:00.0000000+01:00,,0.0,0.0,
2026-03-21T22:45:00.0000000+01:00,,0.0,0.0,
2026-03-21T23:00:00.0000000+01:00,,0.0,0.0,
2026-03-21T23:15:00.0000000+01:00,,0.0,0.0,
2026-03-21T23:30:00.0000000+01:00,,0.0,0.0,
2026-03-21T23:45:00.0000000+01:00,,0.0,0.0,
2026-03-22T00:00:00.0000000+01:00,,0.0,0.0,
2026-03-22T00:15:00.0000000+01:00,,0.0,0.0,
2026-03-22T00:30:00.0000000+01:00,,0.0,0.0,
2026-03-22T00:45:00.0000000+01:00,,0.0,0.0,
2026-03-22T01:00:00.0000000+01:00,,0.0,0.0,
2026-03-22T01:15:00.0000000+01:00,,0.0,0.0,
2026-03-22T01:30:00.0000000+01:00,,0.0,0.0,
2026-03-22T01:45:00.0000000+01:00,,0.0,0.0,
2026-03-22T02:00:00.0000000+01:00,,0.0,0.0,
2026-03-22T02:15:00.0000000+01:00,,0.0,0.0,
2026-03-22T02:30:00.0000000+01:00,,0.0,0.0,
2026-03-22T02:45:00.0000000+01:00,,0.0,0.0,
2026-03-22T03:00:00.0000000+01:00,,0.0,0.0,
2026-03-22T03:15:00.0000000+01:00,,0.0,0.0,
2026-03-22T03:30:00.0000000+01:00,,0.0,,
2026-03-22T03:45:00.0000000+01:00,,0.0,,
2026-03-22T04:00:00.0000000+01:00,,0.0,0.0,
2026-03-22T04:15:00.0000000+01:00,,0.0,0.0,
2026-03-22T04:30:00.0000000+01:00,,0.0,0.0,
2026-03-22T04:45:00.0000000+01:00,,0.0,0.0,
2026-03-22T05:00:00.0000000+01:00,,0.0,0.0,
2026-03-22T05:15:00.0000000+01:00,,0.0,0.0,9.375
2026-03-22T05:30:00.0000000+01:00,,0.0007,0.0,60.4167
2026-03-22T12:00:00.0000000+01:00,,4.4659,,
2026-03-22T12:15:00.0000000+01:00,,4.467,,
2026-03-22T12:30:00.0000000+01:00,,4.4661,,
2026-03-22T12:45:00.0000000+01:00,,4.465,,
2026-03-22T18:45:00.0000000+01:00,,0.001,,25.0
2026-03-22T19:00:00.0000000+01:00,,0.0,,
2026-03-22T19:15:00.0000000+01:00,,0.0,,
2026-03-22T19:30:00.0000000+01:00,,0.0,,
2026-03-22T19:45:00.0000000+01:00,,0.0,,
2026-03-22T20:00:00.0000000+01:00,,0.0,,
2026-03-22T20:15:00.0000000+01:00,,0.0,,
2026-03-22T20:30:00.0000000+01:00,,0.0,,0.0
2026-03-22T20:45:00.0000000+01:00,,0.0,,
2026-03-22T21:00:00.0000000+01:00,,0.0,,
2026-03-22T21:15:00.0000000+01:00,,0.0,,
2026-03-22T21:30:00.0000000+01:00,,0.0,,
2026-03-22T21:45:00.0000000+01:00,,0.0,,
2026-03-22T22:00:00.0000000+01:00,,0.0,,
2026-03-22T22:15:00.0000000+01:00,,0.0,,
2026-03-22T22:30:00.0000000+01:00,,0.0,,
2026-03-22T22:45:00.0000000+01:00,,0.0,,
2026-03-22T23:00:00.0000000+01:00,,0.0,,
2026-03-22T23:15:00.0000000+01:00,,0.0,,
2026-03-22T23:30:00.0000000+01:00,,0.0,,
2026-03-22T23:45:00.0000000+01:00,,0.0,,
2026-03-23T00:00:00.0000000+01:00,,0.0,,
2026-03-23T00:15:00.0000000+01:00,,0.0,,
2026-03-23T00:30:00.0000000+01:00,,0.0,,
2026-03-23T00:45:00.0000000+01:00,,0.0,,
2026-03-23T01:00:00.0000000+01:00,,0.0,,
2026-03-23T01:15:00.0000000+01:00,,0.0,,
2026-03-23T01:30:00.0000000+01:00,,0.0,,
2026-03-23T01:45:00.0000000+01:00,,0.0,,
2026-03-23T02:00:00.0000000+01:00,,0.0,,
2026-03-23T02:15:00.0000000+01:00,,0.0,,
2026-03-23T02:30:00.0000000+01:00,,0.0,,
2026-03-23T02:45:00.0000000+01:00,,0.0,,
2026-03-23T03:00:00.0000000+01:00,,0.0,,
2026-03-23T03:15:00.0000000+01:00,,0.0,,
2026-03-23T03:30:00.0000000+01:00,,0.0,,
2026-03-23T03:45:00.0000000+01:00,,0.0,,
2026-03-23T04:00:00.0000000+01:00,,0.0,,
2026-03-23T04:15:00.0000000+01:00,,0.0,,
2026-03-23T04:30:00.0000000+01:00,,0.0,,
2026-03-23T04:45:00.0000000+01:00,,0.0,,
2026-03-23T05:00:00.0000000+01:00,,0.0,,
2026-03-23T05:15:00.0000000+01:00,,0.0,,6.25
2026-03-23T05:30:00.0000000+01:00,,0.0018,,74.1071
2026-03-23T18:30:00.0000000+01:00,,0.0022,0.0,63.5417
2026-03-23T18:45:00.0000000+01:00,,0.0006,0.0,33.3333
2026-03-23T19:00:00.0000000+01:00,,0.0,0.0,
2026-03-23T19:15:00.0000000+01:00,,0.0,0.0,
2026-03-23T19:30:00.0000000+01:00,,0.0,0.0,
2026-03-23T19:45:00.0000000+01:00,,0.0,0.0,
2026-03-23T20:00:00.0000000+01:00,,0.0,0.0,
2026-03-23T20:15:00.0000000+01:00,,0.0,0.0,
2026-03-23T20:30:00.0000000+01:00,,0.0,0.0,3.125
2026-03-23T20:45:00.0000000+01:00,,0.0,0.0,
2026-03-23T21:00:00.0000000+01:00,,0.0,0.0,
2026-03-23T21:15:00.0000000+01:00,,0.0,0.0,
2026-03-23T21:30:00.0000000+01:00,,0.0,0.0,
2026-03-23T21:45:00.0000000+01:00,,0.0,0.0,
2026-03-23T22:00:00.0000000+01:00,,0.0,0.0,
2026-03-23T22:15:00.0000000+01:00,,0.0,0.0,
2026-03-23T22:30:00.0000000+01:00,,0.0,0.0,
2026-03-23T22:45:00.0000000+01:00,,0.0,0.0,
2026-03-23T23:00:00.0000000+01:00,,0.0,0.0,
2026-03-23T23:15:00.0000000+01:00,,0.0,0.0,
2026-03-23T23:30:00.0000000+01:00,,0.0,0.0,
2026-03-23T23:45:00.0000000+01:00,,0.0,0.0,
2026-03-24T00:00:00.0000000+01:00,,0.0,0.0,
2026-03-24T00:15:00.0000000+01:00,,0.0,0.0,
2026-03-24T00:30:00.0000000+01:00,,0.0,0.0,
2026-03-24T00:45:00.0000000+01:00,,0.0,0.0,
2026-03-24T01:00:00.0000000+01:00,,0.0,0.0,
2026-03-24T01:15:00.0000000+01:00,,0.0,0.0,
2026-03-24T01:30:00.0000000+01:00,,0.0,0.0,
2026-03-24T01:45:00.0000000+01:00,,0.0,0.0,
2026-03-24T02:00:00.0000000+01:00,,0.0,0.0,
2026-03-24T02:15:00.0000000+01:00,,0.0,0.0,
2026-03-24T02:30:00.0000000+01:00,,0.0,0.0,
2026-03-24T02:45:00.0000000+01:00,,0.0,0.0,
2026-03-24T03:00:00.0000000+01:00,,0.0,0.0,
2026-03-24T03:15:00.0000000+01:00,,0.0,0.0,
2026-03-24T03:30:00.0000000+01:00,,0.0,0.0,
2026-03-24T03:45:00.0000000+01:00,,0.0,0.0,
2026-03-24T04:00:00.0000000+01:00,,0.0,0.0,
2026-03-24T04:15:00.0000000+01:00,,0.0,0.0,
2026-03-24T04:30:00.0000000+01:00,,0.0,0.0,
2026-03-24T04:45:00.0000000+01:00,,0.0,0.0,
2026-03-24T05:00:00.0000000+01:00,,0.0,0.3333,
2026-03-24T05:15:00.0000000+01:00,,0.0,1.5,9.375
2026-03-24T05:30:00.0000000+01:00,,0.0005,,43.75
2026-03-24T18:30:00.0000000+01:00,,0.0024,0.0,61.4583
2026-03-24T18:45:00.0000000+01:00,,0.0007,0.0,36.4583
2026-03-24T19:00:00.0000000+01:00,,0.0,0.0,
2026-03-24T19:15:00.0000000+01:00,,0.0,0.0,
2026-03-24T19:30:00.0000000+01:00,,0.0,0.0,
2026-03-24T19:45:00.0000000+01:00,,0.0,0.0,
2026-03-24T20:00:00.0000000+01:00,,0.0,0.0,
2026-03-24T20:15:00.0000000+01:00,,0.0,0.0,
2026-03-24T20:30:00.0000000+01:00,,0.0,0.0,0.0
2026-03-24T20:45:00.0000000+01:00,,0.0,0.0,
2026-03-24T21:00:00.0000000+01:00,,0.0,0.0,
2026-03-24T21:15:00.0000000+01:00,,0.0,0.0,
2026-03-24T21:30:00.0000000+01:00,,0.0,0.0,
2026-03-24T21:45:00.0000000+01:00,,0.0,0.0,
2026-03-24T22:00:00.0000000+01:00,,0.0,0.0,
2026-03-24T22:15:00.0000000+01:00,,0.0,0.0,
2026-03-24T22:30:00.0000000+01:00,,0.0,0.0,
2026-03-24T22:45:00.0000000+01:00,,0.0,0.0,
2026-03-24T23:00:00.0000000+01:00,,0.0,0.0,
2026-03-24T23:15:00.0000000+01:00,,0.0,0.0,
2026-03-24T23:30:00.0000000+01:00,,0.0,0.0,
2026-03-24T23:45:00.0000000+01:00,,0.0,0.0,
2026-03-25T00:00:00.0000000+01:00,,0.0,0.0,
2026-03-25T00:15:00.0000000+01:00,,0.0,0.0,
2026-03-25T00:30:00.0000000+01:00,,0.0,0.0,
2026-03-25T00:45:00.0000000+01:00,,0.0,0.0,
2026-03-25T01:00:00.0000000+01:00,,0.0,0.0,
2026-03-25T01:15:00.0000000+01:00,,0.0,0.0,
2026-03-25T01:30:00.0000000+01:00,,0.0,0.0,
2026-03-25T01:45:00.0000000+01:00,,0.0,0.0,
2026-03-25T02:00:00.0000000+01:00,,0.0,0.0,
2026-03-25T02:15:00.0000000+01:00,,0.0,0.0,
2026-03-25T02:30:00.0000000+01:00,,0.0,0.0,
2026-03-25T02:45:00.0000000+01:00,,0.0,0.0,
2026-03-25T03:00:00.0000000+01:00,,0.0,0.0,
2026-03-25T03:15:00.0000000+01:00,,0.0,0.0,
2026-03-25T03:30:00.0000000+01:00,,0.0,0.0,
2026-03-25T03:45:00.0000000+01:00,,0.0,0.0,
2026-03-25T04:00:00.0000000+01:00,,0.0,0.0,
2026-03-25T04:15:00.0000000+01:00,,0.0,0.0,
2026-03-25T04:30:00.0000000+01:00,,0.0,0.0,
2026-03-25T04:45:00.0000000+01:00,,0.0,0.0,
2026-03-25T05:00:00.0000000+01:00,,0.0,0.3333,
2026-03-25T05:15:00.0000000+01:00,,0.0,1.0,9.375
2026-03-25T05:30:00.0000000+01:00,,0.0,,18.75
2026-03-25T05:45:00.0000000+01:00,,0.0036,,71.875
2026-03-25T18:45:00.0000000+01:00,,0.0013,0.0,40.625
2026-03-25T19:00:00.0000000+01:00,,0.0001,0.0,12.5
2026-03-25T19:15:00.0000000+01:00,,0.0,0.0,
2026-03-25T19:30:00.0000000+01:00,,0.0,0.0,
2026-03-25T19:45:00.0000000+01:00,,0.0,0.0,
2026-03-25T20:00:00.0000000+01:00,,0.0,0.0,
2026-03-25T20:15:00.0000000+01:00,,0.0,0.0,
2026-03-25T20:30:00.0000000+01:00,,0.0,0.0,
2026-03-25T20:45:00.0000000+01:00,,0.0,0.0,0.0
2026-03-25T21:00:00.0000000+01:00,,0.0,0.0,
2026-03-25T21:15:00.0000000+01:00,,0.0,0.0,
2026-03-25T21:30:00.0000000+01:00,,0.0,0.0,
2026-03-25T21:45:00.0000000+01:00,,0.0,0.0,
2026-03-25T22:00:00.0000000+01:00,,0.0,0.0,
2026-03-25T22:15:00.0000000+01:00,,0.0,0.0,
2026-03-25T22:30:00.0000000+01:00,,0.0,0.0,
2026-03-25T22:45:00.0000000+01:00,,0.0,0.0,
2026-03-25T23:00:00.0000000+01:00,,0.0,0.0,
2026-03-25T23:15:00.0000000+01:00,,0.0,0.0,
2026-03-25T23:30:00.0000000+01:00,,0.0,0.0,
2026-03-25T23:45:00.0000000+01:00,,0.0,0.0,
2026-03-26T00:00:00.0000000+01:00,,0.0,0.0,
2026-03-26T00:15:00.0000000+01:00,,0.0,0.0,
2026-03-26T00:30:00.0000000+01:00,,0.0,0.0,
2026-03-26T00:45:00.0000000+01:00,,0.0,0.0,
2026-03-26T01:00:00.0000000+01:00,,0.0,0.0,
2026-03-26T01:15:00.0000000+01:00,,0.0,0.0,
2026-03-26T01:30:00.0000000+01:00,,0.0,0.0,
2026-03-26T01:45:00.0000000+01:00,,0.0,0.0,
2026-03-26T02:00:00.0000000+01:00,,0.0,0.0,
2026-03-26T02:15:00.0000000+01:00,,0.0,0.0,
2026-03-26T02:30:00.0000000+01:00,,0.0,0.0,
2026-03-26T02:45:00.0000000+01:00,,0.0,0.0,
2026-03-26T03:00:00.0000000+01:00,,0.0,0.0,
2026-03-26T03:15:00.0000000+01:00,,0.0,0.0,
2026-03-26T03:30:00.0000000+01:00,,0.0,0.0,
2026-03-26T03:45:00.0000000+01:00,,0.0,0.0,
2026-03-26T04:00:00.0000000+01:00,,0.0,0.0,
2026-03-26T04:15:00.0000000+01:00,,0.0,0.0,
2026-03-26T04:30:00.0000000+01:00,,0.0,0.0,
2026-03-26T04:45:00.0000000+01:00,,0.0,0.0,
2026-03-26T05:00:00.0000000+01:00,,0.0,4.0,6.25
2026-03-26T05:15:00.0000000+01:00,,0.0,7.0,
2026-03-26T05:30:00.0000000+01:00,,0.001,,61.4583
2026-03-26T19:00:00.0000000+01:00,,0.0005,0.0,34.375
2026-03-26T19:15:00.0000000+01:00,,0.0,0.0,
2026-03-26T19:30:00.0000000+01:00,,0.0,0.0,
2026-03-26T19:45:00.0000000+01:00,,0.0,0.0,
2026-03-26T20:00:00.0000000+01:00,,0.0,0.0,
2026-03-26T20:15:00.0000000+01:00,,0.0,0.0,
2026-03-26T20:30:00.0000000+01:00,,0.0,0.0,
2026-03-26T20:45:00.0000000+01:00,,0.0,0.0,8.3333
2026-03-26T21:00:00.0000000+01:00,,0.0,0.0,
2026-03-26T21:15:00.0000000+01:00,,0.0,0.0,
2026-03-26T21:30:00.0000000+01:00,,0.0,0.0,
2026-03-26T21:45:00.0000000+01:00,,0.0,0.0,
2026-03-26T22:00:00.0000000+01:00,,0.0,0.0,
2026-03-26T22:15:00.0000000+01:00,,0.0,0.0,
2026-03-26T22:30:00.0000000+01:00,,0.0,0.0,
2026-03-26T22:45:00.0000000+01:00,,0.0,0.0,
2026-03-26T23:00:00.0000000+01:00,,0.0,0.0,
2026-03-26T23:15:00.0000000+01:00,,0.0,0.0,
2026-03-26T23:30:00.0000000+01:00,,0.0,0.0,
2026-03-26T23:45:00.0000000+01:00,,0.0,0.0,
2026-03-27T00:00:00.0000000+01:00,,0.0,0.0,
2026-03-27T00:15:00.0000000+01:00,,0.0,0.0,
2026-03-27T00:30:00.0000000+01:00,,0.0,0.0,
2026-03-27T00:45:00.0000000+01:00,,0.0,0.0,
2026-03-27T01:00:00.0000000+01:00,,0.0,0.0,
2026-03-27T01:15:00.0000000+01:00,,0.0,0.0,
2026-03-27T01:30:00.0000000+01:00,,0.0,0.0,
2026-03-27T01:45:00.0000000+01:00,,0.0,0.0,
2026-03-27T02:00:00.0000000+01:00,,0.0,0.0,
2026-03-27T02:15:00.0000000+01:00,,0.0,0.0,
2026-03-27T02:30:00.0000000+01:00,,0.0,0.0,
2026-03-27T02:45:00.0000000+01:00,,0.0,0.0,
2026-03-27T03:00:00.0000000+01:00,,0.0,0.0,
2026-03-27T03:15:00.0000000+01:00,,0.0,0.0,
2026-03-27T03:30:00.0000000+01:00,,0.0,0.0,
2026-03-27T03:45:00.0000000+01:00,,0.0,0.0,
2026-03-27T04:00:00.0000000+01:00,,0.0,0.0,
2026-03-27T04:15:00.0000000+01:00,,0.0,0.0,
2026-03-27T04:30:00.0000000+01:00,,0.0,0.0,
2026-03-27T04:45:00.0000000+01:00,,0.0,0.0,
2026-03-27T05:00:00.0000000+01:00,,0.0,5.6667,15.625
2026-03-27T05:15:00.0000000+01:00,,0.0,7.5,31.25
2026-03-27T11:00:00.0000000+01:00,,2.0008,858.6667,
2026-03-27T11:30:00.0000000+01:00,,2.0049,854.0,
2026-03-27T11:45:00.0000000+01:00,,2.005,845.0,
2026-03-27T12:00:00.0000000+01:00,,2.005,832.0,
2026-03-27T12:15:00.0000000+01:00,,2.005,815.6667,
2026-03-27T13:00:00.0000000+01:00,,4.5275,742.0,
2026-03-27T13:30:00.0000000+01:00,,4.5187,673.6667,
2026-03-27T19:00:00.0000000+01:00,,0.0007,0.0,25.0
2026-03-27T19:15:00.0000000+01:00,,0.0,0.0,
2026-03-27T19:30:00.0000000+01:00,,0.0,0.0,
2026-03-27T19:45:00.0000000+01:00,,0.0,0.0,
2026-03-27T20:00:00.0000000+01:00,,0.0,0.0,
2026-03-27T20:15:00.0000000+01:00,,0.0,0.0,
2026-03-27T20:30:00.0000000+01:00,,0.0,0.0,
2026-03-27T20:45:00.0000000+01:00,,0.0,0.0,3.125
2026-03-27T21:00:00.0000000+01:00,,0.0,0.0,
2026-03-27T21:15:00.0000000+01:00,,0.0,0.0,
2026-03-27T21:30:00.0000000+01:00,,0.0,0.0,
2026-03-27T21:45:00.0000000+01:00,,0.0,0.0,
2026-03-27T22:00:00.0000000+01:00,,0.0,0.0,
2026-03-27T22:15:00.0000000+01:00,,0.0,0.0,
2026-03-27T22:30:00.0000000+01:00,,0.0,0.0,
2026-03-27T22:45:00.0000000+01:00,,0.0,0.0,
2026-03-27T23:00:00.0000000+01:00,,0.0,0.0,
2026-03-27T23:15:00.0000000+01:00,,0.0,0.0,
2026-03-27T23:30:00.0000000+01:00,,0.0,0.0,
2026-03-27T23:45:00.0000000+01:00,,0.0,0.0,
2026-03-28T00:00:00.0000000+01:00,,0.0,0.0,
2026-03-28T00:15:00.0000000+01:00,,0.0,0.0,
2026-03-28T00:30:00.0000000+01:00,,0.0,0.0,
2026-03-28T00:45:00.0000000+01:00,,0.0,0.0,
2026-03-28T01:00:00.0000000+01:00,,0.0,0.0,
2026-03-28T01:15:00.0000000+01:00,,0.0,0.0,
2026-03-28T01:30:00.0000000+01:00,,0.0,0.0,
2026-03-28T01:45:00.0000000+01:00,,0.0,0.0,
2026-03-28T02:00:00.0000000+01:00,,0.0,0.0,
2026-03-28T02:15:00.0000000+01:00,,0.0,0.0,
2026-03-28T02:30:00.0000000+01:00,,0.0,0.0,
2026-03-28T02:45:00.0000000+01:00,,0.0,0.0,
2026-03-28T03:00:00.0000000+01:00,,0.0,0.0,
2026-03-28T03:15:00.0000000+01:00,,0.0,0.0,
2026-03-28T03:30:00.0000000+01:00,,0.0,0.0,
2026-03-28T03:45:00.0000000+01:00,,0.0,0.0,
2026-03-28T04:00:00.0000000+01:00,,0.0,0.0,
2026-03-28T04:15:00.0000000+01:00,,0.0,0.0,
2026-03-28T04:30:00.0000000+01:00,,0.0,0.0,
2026-03-28T04:45:00.0000000+01:00,,0.0,0.0,
2026-03-28T05:00:00.0000000+01:00,,0.0,5.6667,9.375
2026-03-28T05:15:00.0000000+01:00,,0.0002,6.5,31.25
2026-03-28T17:45:00.0000000+01:00,,0.0899,0.0,
2026-03-28T18:45:00.0000000+01:00,,0.0015,0.0,45.5357
2026-03-28T19:00:00.0000000+01:00,,0.0003,0.0,12.5
2026-03-28T19:15:00.0000000+01:00,,0.0,0.0,
2026-03-28T19:30:00.0000000+01:00,,0.0,0.0,
2026-03-28T19:45:00.0000000+01:00,,0.0,0.0,
2026-03-28T20:00:00.0000000+01:00,,0.0,0.0,
2026-03-28T20:15:00.0000000+01:00,,0.0,0.0,
2026-03-28T20:30:00.0000000+01:00,,0.0,0.0,
2026-03-28T20:45:00.0000000+01:00,,0.0,0.0,0.0
2026-03-28T21:00:00.0000000+01:00,,0.0,0.0,
2026-03-28T21:15:00.0000000+01:00,,0.0,0.0,
2026-03-28T21:30:00.0000000+01:00,,0.0,0.0,
2026-03-28T21:45:00.0000000+01:00,,0.0,0.0,
2026-03-28T22:00:00.0000000+01:00,,0.0,0.0,
2026-03-28T22:15:00.0000000+01:00,,0.0,0.0,
2026-03-28T22:30:00.0000000+01:00,,0.0,0.0,
2026-03-28T22:45:00.0000000+01:00,,0.0,0.0,
2026-03-28T23:00:00.0000000+01:00,,0.0,0.0,
2026-03-28T23:15:00.0000000+01:00,,0.0,0.0,
2026-03-28T23:30:00.0000000+01:00,,0.0,0.0,
2026-03-28T23:45:00.0000000+01:00,,0.0,0.0,
2026-03-29T00:00:00.0000000+01:00,,0.0,0.0,
2026-03-29T00:15:00.0000000+01:00,,0.0,0.0,
2026-03-29T00:30:00.0000000+01:00,,0.0,0.0,
2026-03-29T00:45:00.0000000+01:00,,0.0,0.0,
2026-03-29T01:00:00.0000000+01:00,,0.0,0.0,
2026-03-29T01:15:00.0000000+01:00,,0.0,0.0,
2026-03-29T01:30:00.0000000+01:00,,0.0,0.0,
2026-03-29T01:45:00.0000000+01:00,,0.0,0.0,
2026-03-29T03:00:00.0000000+02:00,,0.0,0.0,
2026-03-29T03:15:00.0000000+02:00,,0.0,0.0,
2026-03-29T03:30:00.0000000+02:00,,0.0,0.0,
2026-03-29T03:45:00.0000000+02:00,,0.0,0.0,
2026-03-29T04:00:00.0000000+02:00,,0.0,0.0,
2026-03-29T04:15:00.0000000+02:00,,0.0,0.0,
2026-03-29T04:30:00.0000000+02:00,,0.0,0.0,
2026-03-29T04:45:00.0000000+02:00,,0.0,0.6667,
2026-03-29T05:00:00.0000000+02:00,,0.0,9.3333,
2026-03-29T05:15:00.0000000+02:00,,0.0,10.0,
2026-03-29T05:30:00.0000000+02:00,,0.0,,
2026-03-29T05:45:00.0000000+02:00,,0.0,,
2026-03-29T06:00:00.0000000+02:00,,0.0,0.0,
2026-03-29T06:15:00.0000000+02:00,,0.0,0.0,6.25
2026-03-29T06:30:00.0000000+02:00,,0.0068,0.0,72.6562
2026-03-29T19:45:00.0000000+02:00,,0.0023,0.0,60.0
2026-03-29T20:00:00.0000000+02:00,,0.0006,0.0,26.25
2026-03-29T20:15:00.0000000+02:00,,0.0,0.0,
2026-03-29T20:30:00.0000000+02:00,,0.0,0.0,
2026-03-29T20:45:00.0000000+02:00,,0.0,0.0,
2026-03-29T21:00:00.0000000+02:00,,0.0,0.0,
2026-03-29T21:15:00.0000000+02:00,,0.0,0.0,
2026-03-29T21:30:00.0000000+02:00,,0.0,0.0,
2026-03-29T21:45:00.0000000+02:00,,0.0,0.0,0.0
2026-03-29T22:00:00.0000000+02:00,,0.0,0.0,
2026-03-29T22:15:00.0000000+02:00,,0.0,0.0,
2026-03-29T22:30:00.0000000+02:00,,0.0,0.0,
2026-03-29T22:45:00.0000000+02:00,,0.0,0.0,
2026-03-29T23:00:00.0000000+02:00,,0.0,0.0,
2026-03-29T23:15:00.0000000+02:00,,0.0,0.0,
2026-03-29T23:30:00.0000000+02:00,,0.0,0.0,
2026-03-29T23:45:00.0000000+02:00,,0.0,0.0,
2026-03-30T00:00:00.0000000+02:00,,0.0,0.0,
2026-03-30T00:15:00.0000000+02:00,,0.0,0.0,
2026-03-30T00:30:00.0000000+02:00,,0.0,0.0,
2026-03-30T00:45:00.0000000+02:00,,0.0,0.0,
2026-03-30T01:00:00.0000000+02:00,,0.0,0.0,
2026-03-30T01:15:00.0000000+02:00,,0.0,0.0,
2026-03-30T01:30:00.0000000+02:00,,0.0,0.0,
2026-03-30T01:45:00.0000000+02:00,,0.0,0.0,
2026-03-30T02:00:00.0000000+02:00,,0.0,0.0,
2026-03-30T02:15:00.0000000+02:00,,0.0,0.0,
2026-03-30T02:30:00.0000000+02:00,,0.0,0.0,
2026-03-30T02:45:00.0000000+02:00,,0.0,0.0,
2026-03-30T03:00:00.0000000+02:00,,0.0,0.0,
2026-03-30T03:15:00.0000000+02:00,,0.0,0.0,
2026-03-30T03:30:00.0000000+02:00,,0.0,0.0,
2026-03-30T03:45:00.0000000+02:00,,0.0,0.0,
2026-03-30T04:00:00.0000000+02:00,,0.0,0.0,
2026-03-30T04:15:00.0000000+02:00,,0.0,0.0,
2026-03-30T04:30:00.0000000+02:00,,0.0,0.0,
2026-03-30T04:45:00.0000000+02:00,,0.0,0.6667,
2026-03-30T05:00:00.0000000+02:00,,0.0,7.3333,
2026-03-30T05:15:00.0000000+02:00,,0.0,7.0,
2026-03-30T05:30:00.0000000+02:00,,0.0,,
2026-03-30T05:45:00.0000000+02:00,,0.0,,
2026-03-30T06:00:00.0000000+02:00,,0.0,0.0,
2026-03-30T06:15:00.0000000+02:00,,0.0,0.0,6.25
2026-03-30T06:30:00.0000000+02:00,,0.0005,0.0,40.0
2026-03-30T20:00:00.0000000+02:00,,0.0015,0.0,56.25
2026-03-30T20:15:00.0000000+02:00,,0.0001,0.0,25.0
2026-03-30T20:30:00.0000000+02:00,,0.0,0.0,
2026-03-30T20:45:00.0000000+02:00,,0.0,0.0,
2026-03-30T21:00:00.0000000+02:00,,0.0,0.0,
2026-03-30T21:15:00.0000000+02:00,,0.0,0.0,
2026-03-30T21:30:00.0000000+02:00,,0.0,0.0,
2026-03-30T21:45:00.0000000+02:00,,0.0,0.0,12.5
2026-03-30T22:00:00.0000000+02:00,,0.0,0.0,0.0
2026-03-30T22:15:00.0000000+02:00,,0.0,0.0,
2026-03-30T22:30:00.0000000+02:00,,0.0,0.0,
2026-03-30T22:45:00.0000000+02:00,,0.0,0.0,
2026-03-30T23:00:00.0000000+02:00,,0.0,0.0,
2026-03-30T23:15:00.0000000+02:00,,0.0,0.0,
2026-03-30T23:30:00.0000000+02:00,,0.0,0.0,
2026-03-30T23:45:00.0000000+02:00,,0.0,0.0,
2026-03-31T00:00:00.0000000+02:00,,0.0,0.0,
2026-03-31T00:15:00.0000000+02:00,,0.0,0.0,
2026-03-31T00:30:00.0000000+02:00,,0.0,0.0,
2026-03-31T00:45:00.0000000+02:00,,0.0,0.0,
2026-03-31T01:00:00.0000000+02:00,,0.0,0.0,
2026-03-31T01:15:00.0000000+02:00,,0.0,0.0,
2026-03-31T01:30:00.0000000+02:00,,0.0,0.0,
2026-03-31T01:45:00.0000000+02:00,,0.0,0.0,
2026-03-31T02:00:00.0000000+02:00,,0.0,0.0,
2026-03-31T02:15:00.0000000+02:00,,0.0,0.0,
2026-03-31T02:30:00.0000000+02:00,,0.0,0.0,
2026-03-31T02:45:00.0000000+02:00,,0.0,0.0,
2026-03-31T03:00:00.0000000+02:00,,0.0,0.0,
2026-03-31T03:15:00.0000000+02:00,,0.0,0.0,
2026-03-31T03:30:00.0000000+02:00,,0.0,0.0,
2026-03-31T03:45:00.0000000+02:00,,0.0,0.0,
2026-03-31T04:00:00.0000000+02:00,,0.0,0.0,
2026-03-31T04:15:00.0000000+02:00,,0.0,0.0,
2026-03-31T04:30:00.0000000+02:00,,0.0,0.0,
2026-03-31T04:45:00.0000000+02:00,,0.0,2.3333,
2026-03-31T05:00:00.0000000+02:00,,0.0,13.6667,
2026-03-31T05:15:00.0000000+02:00,,0.0,12.0,
2026-03-31T05:30:00.0000000+02:00,,0.0,,
2026-03-31T05:45:00.0000000+02:00,,0.0,,
2026-03-31T06:00:00.0000000+02:00,,0.0,0.0,12.5
2026-03-31T06:15:00.0000000+02:00,,0.003,0.0,68.75
2026-03-31T13:30:00.0000000+02:00,,4.528,162.3333,
2026-03-31T20:00:00.0000000+02:00,,0.0015,162.3333,51.5625
2026-03-31T20:15:00.0000000+02:00,,0.0003,152.0,18.75
2026-03-31T20:30:00.0000000+02:00,,0.0,116.0,
2026-03-31T20:45:00.0000000+02:00,,0.0,71.6667,
2026-03-31T21:00:00.0000000+02:00,,0.0,31.6667,
2026-03-31T21:15:00.0000000+02:00,,0.0,10.3333,
2026-03-31T21:30:00.0000000+02:00,,0.0,0.0,
2026-03-31T21:45:00.0000000+02:00,,0.0,0.0,
2026-03-31T22:00:00.0000000+02:00,,0.0,0.0,0.0
2026-03-31T22:15:00.0000000+02:00,,0.0,0.0,
2026-03-31T22:30:00.0000000+02:00,,0.0,0.0,
2026-03-31T22:45:00.0000000+02:00,,0.0,0.0,
2026-03-31T23:00:00.0000000+02:00,,0.0,0.0,
2026-03-31T23:15:00.0000000+02:00,,0.0,0.0,
2026-03-31T23:30:00.0000000+02:00,,0.0,0.0,
2026-03-31T23:45:00.0000000+02:00,,0.0,0.0,
2026-04-01T00:00:00.0000000+02:00,,0.0,0.0,
2026-04-01T00:15:00.0000000+02:00,,0.0,0.0,
2026-04-01T00:30:00.0000000+02:00,,0.0,0.0,
2026-04-01T00:45:00.0000000+02:00,,0.0,0.0,
2026-04-01T01:00:00.0000000+02:00,,0.0,0.0,
2026-04-01T01:15:00.0000000+02:00,,0.0,0.0,
2026-04-01T01:30:00.0000000+02:00,,0.0,0.0,
2026-04-01T01:45:00.0000000+02:00,,0.0,0.0,
2026-04-01T02:00:00.0000000+02:00,,0.0,0.0,
2026-04-01T02:15:00.0000000+02:00,,0.0,0.0,
2026-04-01T02:30:00.0000000+02:00,,0.0,0.0,
2026-04-01T02:45:00.0000000+02:00,,0.0,0.0,
2026-04-01T03:00:00.0000000+02:00,,0.0,0.0,
2026-04-01T03:15:00.0000000+02:00,,0.0,0.0,
2026-04-01T03:30:00.0000000+02:00,,0.0,0.0,
2026-04-01T03:45:00.0000000+02:00,,0.0,0.0,
2026-04-01T04:00:00.0000000+02:00,,0.0,0.0,
2026-04-01T04:15:00.0000000+02:00,,0.0,0.0,
2026-04-01T04:30:00.0000000+02:00,,0.0,0.0,
2026-04-01T04:45:00.0000000+02:00,,0.0,0.0,
2026-04-01T05:00:00.0000000+02:00,,0.0,0.0,
2026-04-01T05:15:00.0000000+02:00,,0.0,0.0,
2026-04-01T05:30:00.0000000+02:00,,0.0,0.0,
2026-04-01T05:45:00.0000000+02:00,,0.0,0.0,9.375
2026-04-01T06:00:00.0000000+02:00,,0.0,0.0,
2026-04-01T12:15:00.0000000+02:00,,4.528,625.0,
2026-04-01T12:30:00.0000000+02:00,,4.528,666.0,
2026-04-01T12:45:00.0000000+02:00,,4.528,704.0,
2026-04-01T13:00:00.0000000+02:00,,4.528,739.0,
2026-04-01T13:15:00.0000000+02:00,,4.528,770.3333,
2026-04-01T13:45:00.0000000+02:00,,4.5278,822.6667,
2026-04-01T14:00:00.0000000+02:00,,4.528,839.3333,
2026-04-01T20:00:00.0000000+02:00,,0.0016,228.3333,42.1875
2026-04-01T20:15:00.0000000+02:00,,0.0003,170.3333,16.6667
2026-04-01T20:30:00.0000000+02:00,,0.0,118.0,
2026-04-01T20:45:00.0000000+02:00,,0.0,75.0,
2026-04-01T21:00:00.0000000+02:00,,0.0,36.0,
2026-04-01T21:15:00.0000000+02:00,,0.0,12.6667,
2026-04-01T21:30:00.0000000+02:00,,0.0,0.6667,
2026-04-01T21:45:00.0000000+02:00,,0.0,0.0,
2026-04-01T22:00:00.0000000+02:00,,0.0,0.0,0.0
2026-04-01T22:15:00.0000000+02:00,,0.0,0.0,
2026-04-01T22:30:00.0000000+02:00,,0.0,0.0,
2026-04-01T22:45:00.0000000+02:00,,0.0,0.0,
2026-04-01T23:00:00.0000000+02:00,,0.0,0.0,
2026-04-01T23:15:00.0000000+02:00,,0.0,0.0,
2026-04-01T23:30:00.0000000+02:00,,0.0,0.0,
2026-04-01T23:45:00.0000000+02:00,,0.0,0.0,
2026-04-02T00:00:00.0000000+02:00,,0.0,0.0,
2026-04-02T00:15:00.0000000+02:00,,0.0,0.0,
2026-04-02T00:30:00.0000000+02:00,,0.0,0.0,
2026-04-02T00:45:00.0000000+02:00,,0.0,0.0,
2026-04-02T01:00:00.0000000+02:00,,0.0,0.0,
2026-04-02T01:15:00.0000000+02:00,,0.0,0.0,
2026-04-02T01:30:00.0000000+02:00,,0.0,0.0,
2026-04-02T01:45:00.0000000+02:00,,0.0,0.0,
2026-04-02T02:00:00.0000000+02:00,,0.0,0.0,
2026-04-02T02:15:00.0000000+02:00,,0.0,0.0,
2026-04-02T02:30:00.0000000+02:00,,0.0,0.0,
2026-04-02T02:45:00.0000000+02:00,,0.0,0.0,
2026-04-02T03:00:00.0000000+02:00,,0.0,0.0,
2026-04-02T03:15:00.0000000+02:00,,0.0,0.0,
2026-04-02T03:30:00.0000000+02:00,,0.0,0.0,
2026-04-02T03:45:00.0000000+02:00,,0.0,0.0,
2026-04-02T04:00:00.0000000+02:00,,0.0,0.0,
2026-04-02T04:15:00.0000000+02:00,,0.0,0.0,
2026-04-02T04:30:00.0000000+02:00,,0.0,0.0,
2026-04-02T04:45:00.0000000+02:00,,0.0,0.0,
2026-04-02T05:00:00.0000000+02:00,,0.0,0.0,
2026-04-02T05:15:00.0000000+02:00,,0.0,0.0,
2026-04-02T05:30:00.0000000+02:00,,0.0,0.0,
2026-04-02T05:45:00.0000000+02:00,,0.0,0.0,6.25
2026-04-02T06:00:00.0000000+02:00,,0.0,0.0,
2026-04-02T20:00:00.0000000+02:00,,0.0015,69.0,46.4286
2026-04-02T20:15:00.0000000+02:00,,0.0003,37.0,12.5
2026-04-02T20:30:00.0000000+02:00,,0.0,30.0,
2026-04-02T20:45:00.0000000+02:00,,0.0,38.0,
2026-04-02T21:00:00.0000000+02:00,,0.0,6.0,
2026-04-02T21:15:00.0000000+02:00,,0.0,7.0,
2026-04-02T21:30:00.0000000+02:00,,0.0,0.6667,
2026-04-02T21:45:00.0000000+02:00,,0.0,0.0,
2026-04-02T22:00:00.0000000+02:00,,0.0,0.0,0.0
2026-04-02T22:15:00.0000000+02:00,,0.0,0.0,
2026-04-02T22:30:00.0000000+02:00,,0.0,0.0,
2026-04-02T22:45:00.0000000+02:00,,0.0,0.0,
2026-04-02T23:00:00.0000000+02:00,,0.0,0.0,
2026-04-02T23:15:00.0000000+02:00,,0.0,0.0,
2026-04-02T23:30:00.0000000+02:00,,0.0,0.0,
2026-04-02T23:45:00.0000000+02:00,,0.0,0.0,
2026-04-03T00:00:00.0000000+02:00,,0.0,0.0,
2026-04-03T00:15:00.0000000+02:00,,0.0,0.0,
2026-04-03T00:30:00.0000000+02:00,,0.0,0.0,
2026-04-03T00:45:00.0000000+02:00,,0.0,0.0,
2026-04-03T01:00:00.0000000+02:00,,0.0,0.0,
2026-04-03T01:15:00.0000000+02:00,,0.0,0.0,
2026-04-03T01:30:00.0000000+02:00,,0.0,0.0,
2026-04-03T01:45:00.0000000+02:00,,0.0,0.0,
2026-04-03T02:00:00.0000000+02:00,,0.0,0.0,
2026-04-03T02:15:00.0000000+02:00,,0.0,0.0,
2026-04-03T02:30:00.0000000+02:00,,0.0,0.0,
2026-04-03T02:45:00.0000000+02:00,,0.0,0.0,
2026-04-03T03:00:00.0000000+02:00,,0.0,0.0,
2026-04-03T03:15:00.0000000+02:00,,0.0,0.0,
2026-04-03T03:30:00.0000000+02:00,,0.0,0.0,
2026-04-03T03:45:00.0000000+02:00,,0.0,0.0,
2026-04-03T04:00:00.0000000+02:00,,0.0,0.0,
2026-04-03T04:15:00.0000000+02:00,,0.0,0.0,
2026-04-03T04:30:00.0000000+02:00,,0.0,0.0,
2026-04-03T04:45:00.0000000+02:00,,0.0,0.0,
2026-04-03T05:00:00.0000000+02:00,,0.0,0.0,
2026-04-03T05:15:00.0000000+02:00,,0.0,0.0,
2026-04-03T05:30:00.0000000+02:00,,0.0,0.0,
2026-04-03T05:45:00.0000000+02:00,,0.0,0.0,6.25
2026-04-03T06:00:00.0000000+02:00,,0.0,0.0,
2026-04-03T06:15:00.0000000+02:00,,0.0067,0.0,71.3542
2026-04-03T19:30:00.0000000+02:00,,0.0065,80.0,89.9038
2026-04-03T20:00:00.0000000+02:00,,0.0012,57.6667,33.5938
2026-04-03T20:15:00.0000000+02:00,,0.0,47.3333,12.5
2026-04-03T20:30:00.0000000+02:00,,0.0,36.6667,
2026-04-03T20:45:00.0000000+02:00,,0.0,27.0,
2026-04-03T21:00:00.0000000+02:00,,0.0,19.0,
2026-04-03T21:15:00.0000000+02:00,,0.0,11.0,
2026-04-03T21:30:00.0000000+02:00,,0.0,1.6667,
2026-04-03T21:45:00.0000000+02:00,,0.0,0.0,3.125
2026-04-03T22:00:00.0000000+02:00,,0.0,0.0,
2026-04-03T22:15:00.0000000+02:00,,0.0,0.0,
2026-04-03T22:30:00.0000000+02:00,,0.0,0.0,
2026-04-03T22:45:00.0000000+02:00,,0.0,0.0,
2026-04-03T23:00:00.0000000+02:00,,0.0,0.0,
2026-04-03T23:15:00.0000000+02:00,,0.0,0.0,
2026-04-03T23:30:00.0000000+02:00,,0.0,0.0,
2026-04-03T23:45:00.0000000+02:00,,0.0,0.0,
2026-04-04T00:00:00.0000000+02:00,,0.0,0.0,
2026-04-04T00:15:00.0000000+02:00,,0.0,0.0,
2026-04-04T00:30:00.0000000+02:00,,0.0,0.0,
2026-04-04T00:45:00.0000000+02:00,,0.0,0.0,
2026-04-04T01:00:00.0000000+02:00,,0.0,0.0,
2026-04-04T01:15:00.0000000+02:00,,0.0,0.0,
2026-04-04T01:30:00.0000000+02:00,,0.0,0.0,
2026-04-04T01:45:00.0000000+02:00,,0.0,0.0,
2026-04-04T02:00:00.0000000+02:00,,0.0,0.0,
2026-04-04T02:15:00.0000000+02:00,,0.0,0.0,
2026-04-04T02:30:00.0000000+02:00,,0.0,0.0,
2026-04-04T02:45:00.0000000+02:00,,0.0,0.0,
2026-04-04T03:00:00.0000000+02:00,,0.0,0.0,
2026-04-04T03:15:00.0000000+02:00,,0.0,0.0,
2026-04-04T03:30:00.0000000+02:00,,0.0,0.0,
2026-04-04T03:45:00.0000000+02:00,,0.0,0.0,
2026-04-04T04:00:00.0000000+02:00,,0.0,0.0,
2026-04-04T04:15:00.0000000+02:00,,0.0,0.0,
2026-04-04T04:30:00.0000000+02:00,,0.0,0.0,
2026-04-04T04:45:00.0000000+02:00,,0.0,0.0,
2026-04-04T05:00:00.0000000+02:00,,0.0,0.0,
2026-04-04T05:15:00.0000000+02:00,,0.0,0.0,
2026-04-04T05:30:00.0000000+02:00,,0.0,0.0,
2026-04-04T05:45:00.0000000+02:00,,0.0,0.0,6.25
2026-04-04T06:00:00.0000000+02:00,,0.0,0.0,12.5
2026-04-04T06:15:00.0000000+02:00,,0.0,0.0,
2026-04-04T20:15:00.0000000+02:00,,0.0007,148.6667,21.875
2026-04-04T20:30:00.0000000+02:00,,0.0,137.0,
2026-04-04T20:45:00.0000000+02:00,,0.0,95.3333,
2026-04-04T21:00:00.0000000+02:00,,0.0,50.3333,
2026-04-04T21:15:00.0000000+02:00,,0.0,19.0,
2026-04-04T21:30:00.0000000+02:00,,0.0,3.6667,
2026-04-04T21:45:00.0000000+02:00,,0.0,0.0,
2026-04-04T22:00:00.0000000+02:00,,0.0,0.0,0.0
2026-04-04T22:15:00.0000000+02:00,,0.0,0.0,
2026-04-04T22:30:00.0000000+02:00,,0.0,0.0,
2026-04-04T22:45:00.0000000+02:00,,0.0,0.0,
2026-04-04T23:00:00.0000000+02:00,,0.0,0.0,
2026-04-04T23:15:00.0000000+02:00,,0.0,0.0,
2026-04-04T23:30:00.0000000+02:00,,0.0,0.0,
2026-04-04T23:45:00.0000000+02:00,,0.0,0.0,
2026-04-05T00:00:00.0000000+02:00,,0.0,0.0,
2026-04-05T00:15:00.0000000+02:00,,0.0,0.0,
2026-04-05T00:30:00.0000000+02:00,,0.0,0.0,
2026-04-05T00:45:00.0000000+02:00,,0.0,0.0,
2026-04-05T01:00:00.0000000+02:00,,0.0,0.0,
2026-04-05T01:15:00.0000000+02:00,,0.0,0.0,
2026-04-05T01:30:00.0000000+02:00,,0.0,0.0,
2026-04-05T01:45:00.0000000+02:00,,0.0,0.0,
2026-04-05T02:00:00.0000000+02:00,,0.0,0.0,
2026-04-05T02:15:00.0000000+02:00,,0.0,0.0,
2026-04-05T02:30:00.0000000+02:00,,0.0,0.0,
2026-04-05T02:45:00.0000000+02:00,,0.0,0.0,
2026-04-05T03:00:00.0000000+02:00,,0.0,0.0,
2026-04-05T03:15:00.0000000+02:00,,0.0,0.0,
2026-04-05T03:30:00.0000000+02:00,,0.0,0.0,
2026-04-05T03:45:00.0000000+02:00,,0.0,0.0,
2026-04-05T04:00:00.0000000+02:00,,0.0,0.0,
2026-04-05T04:15:00.0000000+02:00,,0.0,0.0,
2026-04-05T04:30:00.0000000+02:00,,0.0,0.0,
2026-04-05T04:45:00.0000000+02:00,,0.0,0.0,
2026-04-05T05:00:00.0000000+02:00,,0.0,0.0,
2026-04-05T05:15:00.0000000+02:00,,0.0,0.0,
2026-04-05T05:30:00.0000000+02:00,,0.0,0.0,
2026-04-05T05:45:00.0000000+02:00,,0.0,0.0,9.375
2026-04-05T06:00:00.0000000+02:00,,0.0,0.0,18.75
2026-04-05T06:15:00.0000000+02:00,,0.0008,0.0,78.125
2026-04-05T14:45:00.0000000+02:00,,4.5276,603.3333,
2026-04-05T20:00:00.0000000+02:00,,0.0028,244.3333,79.8611
2026-04-05T20:15:00.0000000+02:00,,0.0008,193.0,46.875
2026-04-05T20:30:00.0000000+02:00,,0.0,143.0,
2026-04-05T20:45:00.0000000+02:00,,0.0,97.0,
2026-04-05T21:00:00.0000000+02:00,,0.0,53.3333,
2026-04-05T21:15:00.0000000+02:00,,0.0,21.6667,
2026-04-05T21:30:00.0000000+02:00,,0.0,5.6667,
2026-04-05T21:45:00.0000000+02:00,,0.0,0.0,
2026-04-05T22:00:00.0000000+02:00,,0.0,0.0,12.5
2026-04-05T22:15:00.0000000+02:00,,0.0,0.0,
2026-04-05T22:30:00.0000000+02:00,,0.0,0.0,
2026-04-05T22:45:00.0000000+02:00,,0.0,0.0,
2026-04-05T23:00:00.0000000+02:00,,0.0,0.0,
2026-04-05T23:15:00.0000000+02:00,,0.0,0.0,
2026-04-05T23:30:00.0000000+02:00,,0.0,0.0,
2026-04-05T23:45:00.0000000+02:00,,0.0,0.0,
2026-04-06T00:00:00.0000000+02:00,,0.0,0.0,
2026-04-06T00:15:00.0000000+02:00,,0.0,0.0,
2026-04-06T00:30:00.0000000+02:00,,0.0,0.0,
2026-04-06T00:45:00.0000000+02:00,,0.0,0.0,
2026-04-06T01:00:00.0000000+02:00,,0.0,0.0,
2026-04-06T01:15:00.0000000+02:00,,0.0,0.0,
2026-04-06T01:30:00.0000000+02:00,,0.0,0.0,
2026-04-06T01:45:00.0000000+02:00,,0.0,0.0,
2026-04-06T02:00:00.0000000+02:00,,0.0,0.0,
2026-04-06T02:15:00.0000000+02:00,,0.0,0.0,
2026-04-06T02:30:00.0000000+02:00,,0.0,0.0,
2026-04-06T02:45:00.0000000+02:00,,0.0,0.0,
2026-04-06T03:00:00.0000000+02:00,,0.0,0.0,
2026-04-06T03:15:00.0000000+02:00,,0.0,0.0,
2026-04-06T03:30:00.0000000+02:00,,0.0,0.0,
2026-04-06T03:45:00.0000000+02:00,,0.0,0.0,
2026-04-06T04:00:00.0000000+02:00,,0.0,0.0,
2026-04-06T04:15:00.0000000+02:00,,0.0,0.0,
2026-04-06T04:30:00.0000000+02:00,,0.0,0.0,
2026-04-06T04:45:00.0000000+02:00,,0.0,0.0,
2026-04-06T05:00:00.0000000+02:00,,0.0,0.0,
2026-04-06T05:15:00.0000000+02:00,,0.0,0.0,
2026-04-06T05:30:00.0000000+02:00,,0.0,0.0,6.25
2026-04-06T05:45:00.0000000+02:00,,0.0,0.0,21.875
2026-04-06T06:00:00.0000000+02:00,,0.0006,0.0,78.125
2026-04-06T20:15:00.0000000+02:00,,0.0011,197.3333,36.9318
2026-04-06T20:30:00.0000000+02:00,,0.0,148.0,
2026-04-06T20:45:00.0000000+02:00,,0.0,101.0,
2026-04-06T21:00:00.0000000+02:00,,0.0,57.6667,
2026-04-06T21:15:00.0000000+02:00,,0.0,23.0,
2026-04-06T21:30:00.0000000+02:00,,0.0,7.0,
2026-04-06T21:45:00.0000000+02:00,,0.0,0.0,
2026-04-06T22:00:00.0000000+02:00,,0.0,0.0,0.0
2026-04-06T22:15:00.0000000+02:00,,0.0,0.0,
2026-04-06T22:30:00.0000000+02:00,,0.0,0.0,
2026-04-06T22:45:00.0000000+02:00,,0.0,0.0,
2026-04-06T23:00:00.0000000+02:00,,0.0,0.0,
2026-04-06T23:15:00.0000000+02:00,,0.0,0.0,
2026-04-06T23:30:00.0000000+02:00,,0.0,0.0,
2026-04-06T23:45:00.0000000+02:00,,0.0,0.0,
2026-04-07T00:00:00.0000000+02:00,,0.0,0.0,
2026-04-07T00:15:00.0000000+02:00,,0.0,0.0,
2026-04-07T00:30:00.0000000+02:00,,0.0,0.0,
2026-04-07T00:45:00.0000000+02:00,,0.0,0.0,
2026-04-07T01:00:00.0000000+02:00,,0.0,0.0,
2026-04-07T01:15:00.0000000+02:00,,0.0,0.0,
2026-04-07T01:30:00.0000000+02:00,,0.0,0.0,
2026-04-07T01:45:00.0000000+02:00,,0.0,0.0,
2026-04-07T02:00:00.0000000+02:00,,0.0,0.0,
2026-04-07T02:15:00.0000000+02:00,,0.0,0.0,
2026-04-07T02:30:00.0000000+02:00,,0.0,0.0,
2026-04-07T02:45:00.0000000+02:00,,0.0,0.0,
2026-04-07T03:00:00.0000000+02:00,,0.0,0.0,
2026-04-07T03:15:00.0000000+02:00,,0.0,0.0,
2026-04-07T03:30:00.0000000+02:00,,0.0,0.0,
2026-04-07T03:45:00.0000000+02:00,,0.0,0.0,
2026-04-07T04:00:00.0000000+02:00,,0.0,0.0,
2026-04-07T04:15:00.0000000+02:00,,0.0,0.0,
2026-04-07T04:30:00.0000000+02:00,,0.0,0.0,
2026-04-07T04:45:00.0000000+02:00,,0.0,0.0,
2026-04-07T05:00:00.0000000+02:00,,0.0,0.0,
2026-04-07T05:15:00.0000000+02:00,,0.0,0.0,
2026-04-07T05:30:00.0000000+02:00,,0.0,0.0,9.375
2026-04-07T05:45:00.0000000+02:00,,0.0,0.0,
2026-04-07T11:30:00.0000000+02:00,,4.528,532.0,
2026-04-07T11:45:00.0000000+02:00,,4.528,580.3333,
2026-04-07T12:00:00.0000000+02:00,,4.528,626.6667,100.0
2026-04-07T12:15:00.0000000+02:00,,4.528,670.0,100.0
2026-04-07T12:30:00.0000000+02:00,,4.528,711.0,100.0
2026-04-07T12:45:00.0000000+02:00,,4.528,749.0,
2026-04-07T13:00:00.0000000+02:00,,4.528,783.0,
2026-04-07T13:15:00.0000000+02:00,,4.528,814.0,
2026-04-07T13:30:00.0000000+02:00,,4.528,841.0,
2026-04-07T13:45:00.0000000+02:00,,4.3047,864.3333,76.5625
2026-04-07T14:00:00.0000000+02:00,,4.528,883.6667,
2026-04-07T14:15:00.0000000+02:00,,4.528,898.6667,
2026-04-07T14:30:00.0000000+02:00,,4.528,910.0,
2026-04-07T14:45:00.0000000+02:00,,4.5269,917.0,
2026-04-07T20:30:00.0000000+02:00,,0.0001,148.0,25.0
2026-04-07T20:45:00.0000000+02:00,,0.0,101.6667,
2026-04-07T21:00:00.0000000+02:00,,0.0,60.0,
2026-04-07T21:15:00.0000000+02:00,,0.0,25.6667,
2026-04-07T21:30:00.0000000+02:00,,0.0,9.0,
2026-04-07T21:45:00.0000000+02:00,,0.0,0.0,
2026-04-07T22:00:00.0000000+02:00,,0.0,0.0,0.0
2026-04-07T22:15:00.0000000+02:00,,0.0,0.0,
2026-04-07T22:30:00.0000000+02:00,,0.0,0.0,
2026-04-07T22:45:00.0000000+02:00,,0.0,0.0,
2026-04-07T23:00:00.0000000+02:00,,0.0,0.0,
2026-04-07T23:15:00.0000000+02:00,,0.0,0.0,
2026-04-07T23:30:00.0000000+02:00,,0.0,0.0,
2026-04-07T23:45:00.0000000+02:00,,0.0,0.0,
2026-04-08T00:00:00.0000000+02:00,,0.0,0.0,
2026-04-08T00:15:00.0000000+02:00,,0.0,0.0,
2026-04-08T00:30:00.0000000+02:00,,0.0,0.0,
2026-04-08T00:45:00.0000000+02:00,,0.0,0.0,
2026-04-08T01:00:00.0000000+02:00,,0.0,0.0,
2026-04-08T01:15:00.0000000+02:00,,0.0,0.0,
2026-04-08T01:30:00.0000000+02:00,,0.0,0.0,
2026-04-08T01:45:00.0000000+02:00,,0.0,0.0,
2026-04-08T02:00:00.0000000+02:00,,0.0,0.0,
2026-04-08T02:15:00.0000000+02:00,,0.0,0.0,
2026-04-08T02:30:00.0000000+02:00,,0.0,0.0,
2026-04-08T02:45:00.0000000+02:00,,0.0,0.0,
2026-04-08T03:00:00.0000000+02:00,,0.0,0.0,
2026-04-08T03:15:00.0000000+02:00,,0.0,0.0,
2026-04-08T03:30:00.0000000+02:00,,0.0,0.0,
2026-04-08T03:45:00.0000000+02:00,,0.0,0.0,
2026-04-08T04:00:00.0000000+02:00,,0.0,0.0,
2026-04-08T04:15:00.0000000+02:00,,0.0,0.0,
2026-04-08T04:30:00.0000000+02:00,,0.0,0.0,
2026-04-08T04:45:00.0000000+02:00,,0.0,0.0,
2026-04-08T05:00:00.0000000+02:00,,0.0,0.0,
2026-04-08T05:15:00.0000000+02:00,,0.0,0.0,
2026-04-08T05:30:00.0000000+02:00,,0.0,0.0,12.5
2026-04-08T05:45:00.0000000+02:00,,0.0002,0.0,40.625
2026-04-08T06:00:00.0000000+02:00,0.0081,0.0185,0.0,81.25
2026-04-08T06:15:00.0000000+02:00,0.0401,0.0536,0.0,
2026-04-08T06:30:00.0000000+02:00,0.0967,0.1036,0.0,
2026-04-08T06:45:00.0000000+02:00,0.2057,0.2159,0.0,
2026-04-08T07:00:00.0000000+02:00,0.3864,0.386,0.0,
2026-04-08T07:15:00.0000000+02:00,0.6087,0.6354,0.0,
2026-04-08T07:30:00.0000000+02:00,0.7378,0.7393,0.0,
2026-04-08T07:45:00.0000000+02:00,0.9311,0.9252,0.0,
2026-04-08T08:00:00.0000000+02:00,1.2475,1.2523,0.0,
2026-04-08T08:15:00.0000000+02:00,1.6373,1.6468,0.0,
2026-04-08T08:30:00.0000000+02:00,2.0963,2.1043,7.3333,
2026-04-08T08:45:00.0000000+02:00,2.4451,2.4712,23.0,
2026-04-08T09:00:00.0000000+02:00,2.812,2.8367,36.3333,
2026-04-08T09:15:00.0000000+02:00,3.1464,3.1759,52.6667,
2026-04-08T09:30:00.0000000+02:00,3.4684,3.5105,78.0,
2026-04-08T09:45:00.0000000+02:00,3.7905,3.8228,138.3333,
2026-04-08T10:00:00.0000000+02:00,4.0628,4.1153,212.0,
2026-04-08T10:15:00.0000000+02:00,4.2751,4.3234,263.3333,
2026-04-08T10:30:00.0000000+02:00,4.4011,4.4371,316.3333,
2026-04-08T10:45:00.0000000+02:00,4.3959,4.4534,369.3333,
2026-04-08T11:00:00.0000000+02:00,4.2673,4.4098,421.6667,
2026-04-08T11:15:00.0000000+02:00,4.015,4.0722,472.6667,
2026-04-08T11:30:00.0000000+02:00,4.5025,4.5252,522.0,
2026-04-08T11:45:00.0000000+02:00,4.2955,4.5009,569.6667,
2026-04-08T12:00:00.0000000+02:00,4.1243,4.3946,614.6667,
2026-04-08T12:15:00.0000000+02:00,2.5777,2.9463,656.6667,
2026-04-08T12:30:00.0000000+02:00,2.7571,2.8777,696.3333,
2026-04-08T12:45:00.0000000+02:00,2.726,3.6498,732.6667,
2026-04-08T13:00:00.0000000+02:00,4.2261,4.4153,766.0,
2026-04-08T13:15:00.0000000+02:00,3.49,3.6464,795.6667,
2026-04-08T13:30:00.0000000+02:00,1.412,1.4119,822.0,
2026-04-08T13:45:00.0000000+02:00,2.2653,2.908,844.0,
2026-04-08T14:00:00.0000000+02:00,2.7529,3.0479,862.6667,
2026-04-08T14:15:00.0000000+02:00,2.1893,2.3375,872.3333,
2026-04-08T14:30:00.0000000+02:00,1.764,1.6928,817.6667,
2026-04-08T14:45:00.0000000+02:00,3.0724,3.1252,823.0,
2026-04-08T15:00:00.0000000+02:00,3.2676,3.5858,845.6667,
2026-04-08T15:15:00.0000000+02:00,2.3563,2.5531,831.6667,
2026-04-08T15:30:00.0000000+02:00,3.9963,4.3119,767.0,
2026-04-08T15:45:00.0000000+02:00,4.3709,4.4222,628.6667,
2026-04-08T16:00:00.0000000+02:00,4.0236,4.0501,651.6667,
2026-04-08T16:15:00.0000000+02:00,3.7161,3.7742,600.6667,
2026-04-08T16:30:00.0000000+02:00,3.3925,3.4168,651.3333,
2026-04-08T16:45:00.0000000+02:00,3.0711,3.0849,699.0,
2026-04-08T17:00:00.0000000+02:00,2.7421,2.7573,681.3333,
2026-04-08T17:15:00.0000000+02:00,2.396,2.4022,653.6667,
2026-04-08T17:30:00.0000000+02:00,2.0327,2.0425,701.3333,
2026-04-08T17:45:00.0000000+02:00,1.6777,1.6794,685.0,
2026-04-08T18:00:00.0000000+02:00,1.305,1.3039,646.6667,
2026-04-08T18:15:00.0000000+02:00,0.964,0.956,603.0,
2026-04-08T18:30:00.0000000+02:00,0.6609,0.668,556.6667,
2026-04-08T18:45:00.0000000+02:00,0.4108,0.4162,508.6667,
2026-04-08T19:00:00.0000000+02:00,0.2257,0.223,458.6667,
2026-04-08T19:15:00.0000000+02:00,0.1023,0.0995,407.3333,
2026-04-08T19:30:00.0000000+02:00,0.0398,0.0491,355.3333,
2026-04-08T19:45:00.0000000+02:00,0.0133,0.0169,302.6667,96.875
2026-04-08T20:00:00.0000000+02:00,-0.0023,0.0037,251.0,86.25
2026-04-08T20:15:00.0000000+02:00,,0.0011,199.6667,60.0
2026-04-08T20:30:00.0000000+02:00,,0.0001,150.0,34.375
2026-04-08T20:45:00.0000000+02:00,,0.0,104.3333,
2026-04-08T21:00:00.0000000+02:00,,0.0,63.0,
2026-04-08T21:15:00.0000000+02:00,,0.0,28.0,
2026-04-08T21:30:00.0000000+02:00,,0.0,11.0,
2026-04-08T21:45:00.0000000+02:00,,0.0,0.3333,
2026-04-08T22:00:00.0000000+02:00,,0.0,0.0,
2026-04-08T22:15:00.0000000+02:00,,0.0,0.0,3.125
2026-04-08T22:30:00.0000000+02:00,,0.0,0.0,
2026-04-08T22:45:00.0000000+02:00,,0.0,0.0,
2026-04-08T23:00:00.0000000+02:00,,0.0,0.0,
2026-04-08T23:15:00.0000000+02:00,,0.0,0.0,
2026-04-08T23:30:00.0000000+02:00,,0.0,0.0,
2026-04-08T23:45:00.0000000+02:00,,0.0,0.0,
2026-04-09T00:00:00.0000000+02:00,,0.0,0.0,
2026-04-09T00:15:00.0000000+02:00,,0.0,0.0,
2026-04-09T00:30:00.0000000+02:00,,0.0,0.0,
2026-04-09T00:45:00.0000000+02:00,,0.0,0.0,
2026-04-09T01:00:00.0000000+02:00,,0.0,0.0,
2026-04-09T01:15:00.0000000+02:00,,0.0,0.0,
2026-04-09T01:30:00.0000000+02:00,,0.0,0.0,
2026-04-09T01:45:00.0000000+02:00,,0.0,0.0,
2026-04-09T02:00:00.0000000+02:00,,0.0,0.0,
2026-04-09T02:15:00.0000000+02:00,,0.0,0.0,
2026-04-09T02:30:00.0000000+02:00,,0.0,0.0,
2026-04-09T02:45:00.0000000+02:00,,0.0,0.0,
2026-04-09T03:00:00.0000000+02:00,,0.0,0.0,
2026-04-09T03:15:00.0000000+02:00,,0.0,0.0,
2026-04-09T03:30:00.0000000+02:00,,0.0,0.0,
2026-04-09T03:45:00.0000000+02:00,,0.0,0.0,
2026-04-09T04:00:00.0000000+02:00,,0.0,0.0,
2026-04-09T04:15:00.0000000+02:00,,0.0,0.0,
2026-04-09T04:30:00.0000000+02:00,,0.0,0.0,
2026-04-09T04:45:00.0000000+02:00,,0.0,0.0,
2026-04-09T05:00:00.0000000+02:00,,0.0,0.0,
2026-04-09T05:15:00.0000000+02:00,,0.0,0.0,
2026-04-09T05:30:00.0000000+02:00,,0.0,0.0,20.3125
2026-04-09T05:45:00.0000000+02:00,,0.0026,0.0,73.2143
2026-04-09T06:00:00.0000000+02:00,0.0143,0.0235,0.0,
2026-04-09T06:15:00.0000000+02:00,0.0416,0.0562,0.0,
2026-04-09T06:30:00.0000000+02:00,0.0858,0.0969,0.0,
2026-04-09T06:45:00.0000000+02:00,0.1535,0.1563,0.0,
2026-04-09T07:00:00.0000000+02:00,0.273,0.2804,0.0,
2026-04-09T07:15:00.0000000+02:00,0.46,0.4669,0.0,
2026-04-09T07:30:00.0000000+02:00,0.7057,0.7085,0.0,
2026-04-09T07:45:00.0000000+02:00,1.0094,0.9987,0.0,
2026-04-09T08:00:00.0000000+02:00,1.3395,1.3471,0.0,
2026-04-09T08:15:00.0000000+02:00,1.7127,1.7221,0.3333,
2026-04-09T08:30:00.0000000+02:00,2.1203,2.1323,11.6667,
2026-04-09T08:45:00.0000000+02:00,2.5321,2.5493,22.3333,
2026-04-09T09:00:00.0000000+02:00,2.9159,2.9443,45.3333,
2026-04-09T09:15:00.0000000+02:00,3.2756,3.3103,87.0,
2026-04-09T09:30:00.0000000+02:00,3.6093,3.6455,134.3333,
2026-04-09T09:45:00.0000000+02:00,3.9048,3.9515,185.3333,
2026-04-09T10:00:00.0000000+02:00,4.1791,4.2239,239.0,
2026-04-09T10:15:00.0000000+02:00,4.3546,4.3957,293.0,
2026-04-09T10:30:00.0000000+02:00,2.5664,3.6601,347.0,
2026-04-09T10:45:00.0000000+02:00,0.4232,0.4302,401.0,
2026-04-09T11:00:00.0000000+02:00,,0.4302,454.6667,
2026-04-09T11:15:00.0000000+02:00,2.4328,3.8164,506.3333,
2026-04-09T11:30:00.0000000+02:00,4.5094,4.528,556.6667,
2026-04-09T11:45:00.0000000+02:00,2.7588,4.0388,605.0,
2026-04-09T12:00:00.0000000+02:00,2.6665,3.5627,651.0,
2026-04-09T12:15:00.0000000+02:00,2.3979,3.7033,694.3333,
2026-04-09T12:30:00.0000000+02:00,2.3588,2.8015,735.0,
2026-04-09T12:45:00.0000000+02:00,2.6714,4.3278,772.6667,
2026-04-09T13:00:00.0000000+02:00,,4.528,806.6667,
2026-04-09T13:15:00.0000000+02:00,,4.528,836.6667,
2026-04-09T13:30:00.0000000+02:00,,4.528,863.0,
2026-04-09T13:45:00.0000000+02:00,,4.528,885.6667,
2026-04-09T14:00:00.0000000+02:00,,4.528,904.0,
2026-04-09T14:15:00.0000000+02:00,2.7209,4.2898,919.3333,
2026-04-09T14:30:00.0000000+02:00,,4.528,930.3333,
2026-04-09T14:45:00.0000000+02:00,,4.528,937.3333,
2026-04-09T15:00:00.0000000+02:00,4.4989,4.5233,940.3333,
2026-04-09T15:15:00.0000000+02:00,4.4829,4.5113,940.6667,
2026-04-09T15:30:00.0000000+02:00,4.4452,4.4792,937.0,
2026-04-09T15:45:00.0000000+02:00,4.332,4.3817,928.6667,
2026-04-09T16:00:00.0000000+02:00,4.098,4.1519,916.0,
2026-04-09T16:15:00.0000000+02:00,3.8317,3.8749,898.0,
2026-04-09T16:30:00.0000000+02:00,3.5204,3.5665,876.0,
2026-04-09T16:45:00.0000000+02:00,3.1942,3.2296,850.6667,
2026-04-09T17:00:00.0000000+02:00,2.8682,2.874,821.0,
2026-04-09T17:15:00.0000000+02:00,2.5022,2.5065,788.6667,
2026-04-09T17:30:00.0000000+02:00,2.1382,2.1387,753.3333,
2026-04-09T17:45:00.0000000+02:00,1.7619,1.7638,714.3333,
2026-04-09T18:00:00.0000000+02:00,1.4016,1.3863,672.6667,
2026-04-09T18:15:00.0000000+02:00,1.0431,1.0352,627.3333,
2026-04-09T18:30:00.0000000+02:00,0.71,0.7092,580.0,
2026-04-09T18:45:00.0000000+02:00,0.4207,0.4138,530.0,
2026-04-09T19:00:00.0000000+02:00,0.2275,0.2433,479.0,
2026-04-09T19:15:00.0000000+02:00,0.1373,0.1469,426.6667,
2026-04-09T19:30:00.0000000+02:00,0.084,0.0944,373.3333,
2026-04-09T19:45:00.0000000+02:00,0.0345,0.0423,320.0,
2026-04-09T20:00:00.0000000+02:00,0.0014,0.0072,266.0,86.4583
2026-04-09T20:15:00.0000000+02:00,,0.0015,213.3333,53.125
2026-04-09T20:30:00.0000000+02:00,,0.0004,162.3333,25.0
2026-04-09T20:45:00.0000000+02:00,,0.0,113.6667,
2026-04-09T21:00:00.0000000+02:00,,0.0,69.6667,
2026-04-09T21:15:00.0000000+02:00,,0.0,31.3333,
2026-04-09T21:30:00.0000000+02:00,,0.0,12.6667,
2026-04-09T21:45:00.0000000+02:00,,0.0,1.0,
2026-04-09T22:00:00.0000000+02:00,,0.0,0.0,
2026-04-09T22:15:00.0000000+02:00,,0.0,0.0,6.25
2026-04-09T22:30:00.0000000+02:00,,0.0,0.0,
2026-04-09T22:45:00.0000000+02:00,,0.0,0.0,
2026-04-09T23:00:00.0000000+02:00,,0.0,0.0,
2026-04-09T23:15:00.0000000+02:00,,0.0,0.0,
2026-04-09T23:30:00.0000000+02:00,,0.0,0.0,
2026-04-09T23:45:00.0000000+02:00,,0.0,0.0,
2026-04-10T00:00:00.0000000+02:00,,0.0,0.0,
2026-04-10T00:15:00.0000000+02:00,,0.0,0.0,
2026-04-10T00:30:00.0000000+02:00,,0.0,0.0,
2026-04-10T00:45:00.0000000+02:00,,0.0,0.0,
2026-04-10T01:00:00.0000000+02:00,,0.0,0.0,
2026-04-10T01:15:00.0000000+02:00,,0.0,0.0,
2026-04-10T01:30:00.0000000+02:00,,0.0,0.0,
2026-04-10T01:45:00.0000000+02:00,,0.0,0.0,
2026-04-10T02:00:00.0000000+02:00,,0.0,0.0,
2026-04-10T02:15:00.0000000+02:00,,0.0,0.0,
2026-04-10T02:30:00.0000000+02:00,,0.0,0.0,
2026-04-10T02:45:00.0000000+02:00,,0.0,0.0,
2026-04-10T03:00:00.0000000+02:00,,0.0,0.0,
2026-04-10T03:15:00.0000000+02:00,,0.0,0.0,
2026-04-10T03:30:00.0000000+02:00,,0.0,0.0,
2026-04-10T03:45:00.0000000+02:00,,0.0,0.0,
2026-04-10T04:00:00.0000000+02:00,,0.0,0.0,
2026-04-10T04:15:00.0000000+02:00,,0.0,0.0,
2026-04-10T04:30:00.0000000+02:00,,0.0,0.0,
2026-04-10T04:45:00.0000000+02:00,,0.0,0.0,
2026-04-10T05:00:00.0000000+02:00,,0.0,0.0,
2026-04-10T05:15:00.0000000+02:00,,0.0,0.0,6.25
2026-04-10T05:30:00.0000000+02:00,,0.0,0.0,15.625
2026-04-10T05:45:00.0000000+02:00,,0.0028,0.0,70.0
2026-04-10T06:00:00.0000000+02:00,0.0174,0.0236,0.0,
2026-04-10T06:15:00.0000000+02:00,0.0495,0.0603,0.0,
2026-04-10T06:30:00.0000000+02:00,0.0933,0.1045,0.0,
2026-04-10T06:45:00.0000000+02:00,0.1567,0.1683,0.0,
2026-04-10T07:00:00.0000000+02:00,0.271,0.2812,0.0,
2026-04-10T07:15:00.0000000+02:00,0.4315,0.4432,0.0,
2026-04-10T07:30:00.0000000+02:00,0.6573,0.6661,0.0,
2026-04-10T07:45:00.0000000+02:00,0.9485,0.9681,0.0,
2026-04-10T08:00:00.0000000+02:00,1.2951,1.2952,0.0,
2026-04-10T08:15:00.0000000+02:00,1.6619,1.6747,1.0,
2026-04-10T08:30:00.0000000+02:00,2.0345,2.0422,12.6667,
2026-04-10T08:45:00.0000000+02:00,2.3287,2.4017,26.0,
2026-04-10T09:00:00.0000000+02:00,2.7371,2.8005,48.3333,
2026-04-10T09:15:00.0000000+02:00,3.0387,3.1183,85.3333,
2026-04-10T09:30:00.0000000+02:00,3.5206,3.561,128.0,
2026-04-10T09:45:00.0000000+02:00,3.7324,3.8145,175.0,
2026-04-10T10:00:00.0000000+02:00,4.0106,4.1094,224.6667,
2026-04-10T10:15:00.0000000+02:00,4.1493,4.3292,275.0,
2026-04-10T10:30:00.0000000+02:00,4.4258,4.4571,326.6667,
2026-04-10T10:45:00.0000000+02:00,4.0897,4.482,378.0,
2026-04-10T11:00:00.0000000+02:00,4.4898,4.5115,429.0,
2026-04-10T11:15:00.0000000+02:00,4.5073,4.5266,478.6667,
2026-04-10T11:30:00.0000000+02:00,2.6707,2.7332,527.0,
2026-04-10T11:45:00.0000000+02:00,4.2113,4.4812,574.0,100.0
2026-04-10T12:00:00.0000000+02:00,,4.528,619.0,100.0
2026-04-10T12:15:00.0000000+02:00,4.4934,4.5264,662.0,
2026-04-10T12:30:00.0000000+02:00,4.4806,4.5269,703.0,
2026-04-10T12:45:00.0000000+02:00,,4.528,740.0,
2026-04-10T13:00:00.0000000+02:00,,4.528,775.0,
2026-04-10T13:15:00.0000000+02:00,,4.528,806.0,
2026-04-10T13:30:00.0000000+02:00,,4.528,833.6667,
2026-04-10T13:45:00.0000000+02:00,,4.528,857.6667,
2026-04-10T14:00:00.0000000+02:00,,4.528,878.0,
2026-04-10T14:15:00.0000000+02:00,4.3153,4.5088,893.6667,
2026-04-10T14:30:00.0000000+02:00,,4.528,905.6667,
2026-04-10T14:45:00.0000000+02:00,,4.528,913.3333,
2026-04-10T15:00:00.0000000+02:00,,4.5261,917.0,
2026-04-10T15:15:00.0000000+02:00,4.4934,4.5167,915.6667,
2026-04-10T15:30:00.0000000+02:00,4.4596,4.4937,909.6667,
2026-04-10T15:45:00.0000000+02:00,4.3756,4.4297,900.0,
2026-04-10T16:00:00.0000000+02:00,4.1963,4.2604,887.0,
2026-04-10T16:15:00.0000000+02:00,3.9448,3.9816,870.0,
2026-04-10T16:30:00.0000000+02:00,3.3149,3.3202,849.6667,
2026-04-10T16:45:00.0000000+02:00,2.0946,2.0986,825.0,
2026-04-10T17:00:00.0000000+02:00,1.8181,1.8085,797.0,
2026-04-10T17:15:00.0000000+02:00,1.4091,1.3317,766.0,
2026-04-10T17:30:00.0000000+02:00,1.2194,1.235,732.0,
2026-04-10T17:45:00.0000000+02:00,1.2323,1.2371,695.0,
2026-04-10T18:00:00.0000000+02:00,1.2931,1.3055,654.0,
2026-04-10T18:15:00.0000000+02:00,1.0429,1.0514,610.0,
2026-04-10T18:30:00.0000000+02:00,0.7291,0.7095,564.0,
2026-04-10T18:45:00.0000000+02:00,0.4415,0.4415,515.6667,
2026-04-10T19:00:00.0000000+02:00,0.2518,0.2497,465.0,
2026-04-10T19:15:00.0000000+02:00,0.1162,0.1202,411.3333,
2026-04-10T19:30:00.0000000+02:00,0.0519,0.0629,353.3333,
2026-04-10T19:45:00.0000000+02:00,0.02,0.0306,310.0,
2026-04-10T20:00:00.0000000+02:00,-0.0007,0.0089,251.0,92.8571
2026-04-10T20:15:00.0000000+02:00,,0.0022,204.3333,59.375
2026-04-10T20:30:00.0000000+02:00,,0.0007,156.6667,21.875
2026-04-10T20:45:00.0000000+02:00,,0.0,110.0,
2026-04-10T21:00:00.0000000+02:00,,0.0,68.3333,
2026-04-10T21:15:00.0000000+02:00,,0.0,33.3333,
2026-04-10T21:30:00.0000000+02:00,,0.0,15.0,
2026-04-10T21:45:00.0000000+02:00,,0.0,2.0,
2026-04-10T22:00:00.0000000+02:00,,0.0,0.0,
2026-04-10T22:15:00.0000000+02:00,,0.0,0.0,0.0
2026-04-10T22:30:00.0000000+02:00,,0.0,0.0,
2026-04-10T22:45:00.0000000+02:00,,0.0,0.0,
2026-04-10T23:00:00.0000000+02:00,,0.0,0.0,
2026-04-10T23:15:00.0000000+02:00,,0.0,0.0,
2026-04-10T23:30:00.0000000+02:00,,0.0,0.0,
2026-04-10T23:45:00.0000000+02:00,,0.0,0.0,
2026-04-11T00:00:00.0000000+02:00,,0.0,0.0,
2026-04-11T00:15:00.0000000+02:00,,0.0,0.0,
2026-04-11T00:30:00.0000000+02:00,,0.0,0.0,
2026-04-11T00:45:00.0000000+02:00,,0.0,0.0,
2026-04-11T01:00:00.0000000+02:00,,0.0,0.0,
2026-04-11T01:15:00.0000000+02:00,,0.0,0.0,
2026-04-11T01:30:00.0000000+02:00,,0.0,0.0,
2026-04-11T01:45:00.0000000+02:00,,0.0,0.0,
2026-04-11T02:00:00.0000000+02:00,,0.0,0.0,
2026-04-11T02:15:00.0000000+02:00,,0.0,0.0,
2026-04-11T02:30:00.0000000+02:00,,0.0,0.0,
2026-04-11T02:45:00.0000000+02:00,,0.0,0.0,
2026-04-11T03:00:00.0000000+02:00,,0.0,0.0,
2026-04-11T03:15:00.0000000+02:00,,0.0,0.0,
2026-04-11T03:30:00.0000000+02:00,,0.0,0.0,
2026-04-11T03:45:00.0000000+02:00,,0.0,0.0,
2026-04-11T04:00:00.0000000+02:00,,0.0,0.0,
2026-04-11T04:15:00.0000000+02:00,,0.0,0.0,
2026-04-11T04:30:00.0000000+02:00,,0.0,0.0,
2026-04-11T04:45:00.0000000+02:00,,0.0,0.0,
2026-04-11T05:00:00.0000000+02:00,,0.0,0.0,
2026-04-11T05:15:00.0000000+02:00,,0.0,0.0,6.25
2026-04-11T05:30:00.0000000+02:00,,0.0,0.0,
2026-04-11T05:45:00.0000000+02:00,,0.0037,0.0,70.1389
2026-04-11T06:00:00.0000000+02:00,0.015,0.0222,0.0,
2026-04-11T06:15:00.0000000+02:00,0.0531,0.0586,0.0,
2026-04-11T06:30:00.0000000+02:00,0.114,0.1194,0.0,
2026-04-11T06:45:00.0000000+02:00,0.1931,0.1942,0.0,
2026-04-11T07:00:00.0000000+02:00,0.3868,0.3901,0.0,
2026-04-11T07:15:00.0000000+02:00,0.6212,0.5947,0.0,
2026-04-11T07:30:00.0000000+02:00,0.9054,0.9188,0.0,
2026-04-11T07:45:00.0000000+02:00,1.3166,1.2999,0.0,
2026-04-11T08:00:00.0000000+02:00,1.7806,1.7842,0.0,
2026-04-11T08:15:00.0000000+02:00,2.0107,2.0116,2.0,
2026-04-11T08:30:00.0000000+02:00,2.1068,2.0974,14.0,
2026-04-11T08:45:00.0000000+02:00,2.4156,2.4439,25.6667,
2026-04-11T09:00:00.0000000+02:00,2.8028,2.8232,34.0,
2026-04-11T09:15:00.0000000+02:00,3.3103,3.3303,60.3333,
2026-04-11T09:30:00.0000000+02:00,3.7342,3.7366,101.3333,
2026-04-11T09:45:00.0000000+02:00,2.5201,2.5138,166.6667,
2026-04-11T10:00:00.0000000+02:00,2.5235,2.5092,212.0,
2026-04-11T10:15:00.0000000+02:00,2.5532,2.5587,264.6667,
2026-04-11T10:30:00.0000000+02:00,2.4002,2.3684,327.0,
2026-04-11T10:45:00.0000000+02:00,2.4809,2.4714,378.0,
2026-04-11T11:00:00.0000000+02:00,3.39,3.382,429.0,
2026-04-11T11:15:00.0000000+02:00,4.0294,4.092,476.3333,
2026-04-11T11:30:00.0000000+02:00,4.4518,4.5228,472.6667,
2026-04-11T11:45:00.0000000+02:00,,4.5276,384.3333,
2026-04-11T12:00:00.0000000+02:00,,4.528,380.6667,
2026-04-11T12:15:00.0000000+02:00,,4.528,377.6667,
2026-04-11T12:30:00.0000000+02:00,,4.528,370.0,
2026-04-11T12:45:00.0000000+02:00,,4.528,388.3333,
2026-04-11T13:00:00.0000000+02:00,,4.528,512.3333,
2026-04-11T13:15:00.0000000+02:00,,4.528,705.0,
2026-04-11T13:30:00.0000000+02:00,,4.528,831.6667,
2026-04-11T13:45:00.0000000+02:00,,4.528,855.0,
2026-04-11T14:00:00.0000000+02:00,,4.528,875.0,
2026-04-11T14:15:00.0000000+02:00,,4.528,891.0,
2026-04-11T14:30:00.0000000+02:00,,4.528,903.6667,
2026-04-11T14:45:00.0000000+02:00,,4.5274,912.0,
2026-04-11T15:00:00.0000000+02:00,4.4984,4.5204,916.6667,
2026-04-11T15:15:00.0000000+02:00,4.4811,4.507,919.6667,
2026-04-11T15:30:00.0000000+02:00,4.4358,4.4733,918.0,
2026-04-11T15:45:00.0000000+02:00,4.3254,4.3767,912.6667,
2026-04-11T16:00:00.0000000+02:00,4.0943,4.1487,902.6667,
2026-04-11T16:15:00.0000000+02:00,3.823,3.864,885.6667,
2026-04-11T16:30:00.0000000+02:00,3.533,3.5628,864.6667,
2026-04-11T16:45:00.0000000+02:00,3.2244,3.245,839.6667,
2026-04-11T17:00:00.0000000+02:00,2.853,2.856,811.0,
2026-04-11T17:15:00.0000000+02:00,2.5296,2.5414,779.0,
2026-04-11T17:30:00.0000000+02:00,2.1347,2.1472,743.6667,
2026-04-11T17:45:00.0000000+02:00,1.748,1.7521,706.0,
2026-04-11T18:00:00.0000000+02:00,1.4094,1.4008,666.0,
2026-04-11T18:15:00.0000000+02:00,1.0443,1.0439,622.0,
2026-04-11T18:30:00.0000000+02:00,0.7204,0.7226,575.0,
2026-04-11T18:45:00.0000000+02:00,0.4655,0.4578,526.6667,
2026-04-11T19:00:00.0000000+02:00,0.2703,0.2672,476.0,
2026-04-11T19:15:00.0000000+02:00,0.1364,0.14,424.6667,
2026-04-11T19:30:00.0000000+02:00,0.0579,0.0672,372.3333,
2026-04-11T19:45:00.0000000+02:00,0.0159,0.0262,319.3333,
2026-04-11T20:00:00.0000000+02:00,-0.0045,0.0075,266.6667,84.375
2026-04-11T20:15:00.0000000+02:00,,0.0017,215.0,53.125
2026-04-11T20:30:00.0000000+02:00,,0.0006,164.3333,18.75
2026-04-11T20:45:00.0000000+02:00,,0.0,117.0,
2026-04-11T21:00:00.0000000+02:00,,0.0,73.3333,
2026-04-11T21:15:00.0000000+02:00,,0.0,36.0,
2026-04-11T21:30:00.0000000+02:00,,0.0,15.3333,
2026-04-11T21:45:00.0000000+02:00,,0.0,3.0,
2026-04-11T22:00:00.0000000+02:00,,0.0,0.0,
2026-04-11T22:15:00.0000000+02:00,,0.0,0.0,3.125
2026-04-11T22:30:00.0000000+02:00,,0.0,0.0,
2026-04-11T22:45:00.0000000+02:00,,0.0,0.0,
2026-04-11T23:00:00.0000000+02:00,,0.0,0.0,
2026-04-11T23:15:00.0000000+02:00,,0.0,0.0,
2026-04-11T23:30:00.0000000+02:00,,0.0,0.0,
2026-04-11T23:45:00.0000000+02:00,,0.0,0.0,
2026-04-12T00:00:00.0000000+02:00,,0.0,0.0,
2026-04-12T00:15:00.0000000+02:00,,0.0,0.0,
2026-04-12T00:30:00.0000000+02:00,,0.0,0.0,
2026-04-12T00:45:00.0000000+02:00,,0.0,0.0,
2026-04-12T01:00:00.0000000+02:00,,0.0,0.0,
2026-04-12T01:15:00.0000000+02:00,,0.0,0.0,
2026-04-12T01:30:00.0000000+02:00,,0.0,0.0,
2026-04-12T01:45:00.0000000+02:00,,0.0,0.0,
2026-04-12T02:00:00.0000000+02:00,,0.0,0.0,
2026-04-12T02:15:00.0000000+02:00,,0.0,0.0,
2026-04-12T02:30:00.0000000+02:00,,0.0,0.0,
2026-04-12T02:45:00.0000000+02:00,,0.0,0.0,
2026-04-12T03:00:00.0000000+02:00,,0.0,0.0,
2026-04-12T03:15:00.0000000+02:00,,0.0,0.0,
2026-04-12T03:30:00.0000000+02:00,,0.0,0.0,
2026-04-12T03:45:00.0000000+02:00,,0.0,0.0,
2026-04-12T04:00:00.0000000+02:00,,0.0,0.0,
2026-04-12T04:15:00.0000000+02:00,,0.0,0.0,
2026-04-12T04:30:00.0000000+02:00,,0.0,0.0,
2026-04-12T04:45:00.0000000+02:00,,0.0,0.0,
2026-04-12T05:00:00.0000000+02:00,,0.0,0.0,
2026-04-12T05:15:00.0000000+02:00,,0.0,0.0,6.25
2026-04-12T05:30:00.0000000+02:00,,0.0,0.0,12.5
2026-04-12T05:45:00.0000000+02:00,0.0067,0.0156,0.0,79.6875
2026-04-12T06:00:00.0000000+02:00,0.0415,0.0485,0.0,
2026-04-12T06:15:00.0000000+02:00,0.1218,0.1304,0.0,
2026-04-12T06:30:00.0000000+02:00,0.2053,0.2171,0.0,
2026-04-12T06:45:00.0000000+02:00,0.2648,0.2625,0.0,
2026-04-12T07:00:00.0000000+02:00,0.3301,0.3318,0.0,
2026-04-12T07:15:00.0000000+02:00,0.4266,0.4299,0.0,
2026-04-12T07:30:00.0000000+02:00,0.5,0.5071,0.0,
2026-04-12T07:45:00.0000000+02:00,0.5546,0.5567,0.0,
2026-04-12T08:00:00.0000000+02:00,0.6671,0.6576,0.0,
2026-04-12T08:15:00.0000000+02:00,0.851,0.8337,1.3333,
2026-04-12T08:30:00.0000000+02:00,0.9404,0.9414,14.6667,
2026-04-12T08:45:00.0000000+02:00,0.9456,0.9474,32.0,
2026-04-12T09:00:00.0000000+02:00,0.9384,0.9331,54.6667,
2026-04-12T09:15:00.0000000+02:00,0.9882,0.999,60.3333,
2026-04-12T09:30:00.0000000+02:00,1.0911,1.1101,77.3333,
2026-04-12T09:45:00.0000000+02:00,1.2787,1.3095,75.3333,
2026-04-12T10:00:00.0000000+02:00,1.44,1.4347,29.3333,
2026-04-12T10:15:00.0000000+02:00,1.4224,1.4445,45.6667,
2026-04-12T10:30:00.0000000+02:00,1.3087,1.2894,58.3333,
2026-04-12T10:45:00.0000000+02:00,1.3424,1.3431,80.0,
2026-04-12T11:00:00.0000000+02:00,1.1924,1.1658,85.0,
2026-04-12T11:15:00.0000000+02:00,1.5669,1.5847,108.3333,
2026-04-12T11:30:00.0000000+02:00,1.86,1.8537,126.6667,
2026-04-12T11:45:00.0000000+02:00,2.1287,2.1359,152.0,96.875
2026-04-12T12:00:00.0000000+02:00,1.8986,1.9023,175.0,
2026-04-12T12:15:00.0000000+02:00,1.2542,1.2127,185.3333,
2026-04-12T12:30:00.0000000+02:00,1.3812,1.3506,178.0,
2026-04-12T12:45:00.0000000+02:00,1.6296,1.6508,175.0,
2026-04-12T13:00:00.0000000+02:00,1.3922,1.3887,171.0,
2026-04-12T13:15:00.0000000+02:00,1.37,1.3786,200.6667,
2026-04-12T13:30:00.0000000+02:00,1.7116,1.73,243.0,
2026-04-12T13:45:00.0000000+02:00,2.0772,2.1384,263.3333,96.875
2026-04-12T14:00:00.0000000+02:00,1.9994,1.9774,277.3333,
2026-04-12T14:15:00.0000000+02:00,1.631,1.6401,239.3333,
2026-04-12T14:30:00.0000000+02:00,1.2961,1.2994,238.0,
2026-04-12T14:45:00.0000000+02:00,1.2579,1.2211,237.6667,
2026-04-12T15:00:00.0000000+02:00,1.5522,1.5747,205.3333,
2026-04-12T15:15:00.0000000+02:00,1.5434,1.5551,178.0,
2026-04-12T15:30:00.0000000+02:00,1.3279,1.3289,231.6667,
2026-04-12T15:45:00.0000000+02:00,1.1628,1.1686,257.3333,
2026-04-12T16:00:00.0000000+02:00,1.2705,1.2844,239.6667,
2026-04-12T16:15:00.0000000+02:00,1.4985,1.4807,204.3333,
2026-04-12T16:30:00.0000000+02:00,1.4599,1.4502,177.6667,
2026-04-12T16:45:00.0000000+02:00,1.0179,0.9754,168.6667,
2026-04-12T17:00:00.0000000+02:00,0.7234,0.7311,179.0,
2026-04-12T17:15:00.0000000+02:00,0.6872,0.6994,191.0,
2026-04-12T17:30:00.0000000+02:00,0.6232,0.6292,173.0,
2026-04-12T17:45:00.0000000+02:00,0.5558,0.5647,147.0,
2026-04-12T18:00:00.0000000+02:00,0.4571,0.4721,139.3333,
2026-04-12T18:15:00.0000000+02:00,0.3545,0.3634,185.0,
2026-04-12T18:30:00.0000000+02:00,0.2764,0.306,155.0,
2026-04-12T18:45:00.0000000+02:00,0.2229,0.2318,144.6667,
2026-04-12T19:00:00.0000000+02:00,0.1672,0.1723,97.3333,
2026-04-12T19:15:00.0000000+02:00,0.1103,0.115,86.3333,
2026-04-12T19:30:00.0000000+02:00,0.057,0.0634,76.0,
2026-04-12T19:45:00.0000000+02:00,0.0144,0.0252,58.0,
2026-04-12T20:00:00.0000000+02:00,,0.0131,40.0,
2026-04-12T20:15:00.0000000+02:00,-0.0068,0.0021,31.6667,58.75
2026-04-12T20:30:00.0000000+02:00,,0.0006,20.6667,14.5833
2026-04-12T20:45:00.0000000+02:00,,0.0,12.3333,
2026-04-12T21:00:00.0000000+02:00,,0.0,7.3333,
2026-04-12T21:15:00.0000000+02:00,,0.0,11.3333,
2026-04-12T21:30:00.0000000+02:00,,0.0,7.0,
2026-04-12T21:45:00.0000000+02:00,,0.0,1.3333,
2026-04-12T22:00:00.0000000+02:00,,0.0,0.0,
2026-04-12T22:15:00.0000000+02:00,,0.0,0.0,0.0
2026-04-12T22:30:00.0000000+02:00,,0.0,0.0,
2026-04-12T22:45:00.0000000+02:00,,0.0,0.0,
2026-04-12T23:00:00.0000000+02:00,,0.0,0.0,
2026-04-12T23:15:00.0000000+02:00,,0.0,0.0,
2026-04-12T23:30:00.0000000+02:00,,0.0,0.0,
2026-04-12T23:45:00.0000000+02:00,,0.0,0.0,
2026-04-13T00:00:00.0000000+02:00,,0.0,0.0,
2026-04-13T00:15:00.0000000+02:00,,0.0,0.0,
2026-04-13T00:30:00.0000000+02:00,,0.0,0.0,
2026-04-13T00:45:00.0000000+02:00,,0.0,0.0,
2026-04-13T01:00:00.0000000+02:00,,0.0,0.0,
2026-04-13T01:15:00.0000000+02:00,,0.0,0.0,
2026-04-13T01:30:00.0000000+02:00,,0.0,0.0,
2026-04-13T01:45:00.0000000+02:00,,0.0,0.0,
2026-04-13T02:00:00.0000000+02:00,,0.0,0.0,
2026-04-13T02:15:00.0000000+02:00,,0.0,0.0,
2026-04-13T02:30:00.0000000+02:00,,0.0,0.0,
2026-04-13T02:45:00.0000000+02:00,,0.0,0.0,
2026-04-13T03:00:00.0000000+02:00,,0.0,0.0,
2026-04-13T03:15:00.0000000+02:00,,0.0,0.0,
2026-04-13T03:30:00.0000000+02:00,,0.0,0.0,
2026-04-13T03:45:00.0000000+02:00,,0.0,0.0,
2026-04-13T04:00:00.0000000+02:00,,0.0,0.0,
2026-04-13T04:15:00.0000000+02:00,,0.0,0.0,
2026-04-13T04:30:00.0000000+02:00,,0.0,0.0,
2026-04-13T04:45:00.0000000+02:00,,0.0,0.0,
2026-04-13T05:00:00.0000000+02:00,,0.0,0.0,
2026-04-13T05:15:00.0000000+02:00,,0.0,0.0,6.25
2026-04-13T05:30:00.0000000+02:00,,0.0,0.0,
2026-04-13T05:45:00.0000000+02:00,0.0032,0.0132,0.0,81.9444
2026-04-13T06:00:00.0000000+02:00,0.0302,0.0379,0.0,
2026-04-13T06:15:00.0000000+02:00,0.0799,0.0916,0.0,
2026-04-13T06:30:00.0000000+02:00,0.1514,0.166,0.0,
2026-04-13T06:45:00.0000000+02:00,0.2567,0.2654,0.0,
2026-04-13T07:00:00.0000000+02:00,0.4495,0.4434,0.0,
2026-04-13T07:15:00.0000000+02:00,0.6776,0.6929,0.0,
2026-04-13T07:30:00.0000000+02:00,0.6693,0.6428,0.0,
2026-04-13T07:45:00.0000000+02:00,0.8495,0.8458,0.0,
2026-04-13T08:00:00.0000000+02:00,1.1435,1.1394,0.0,
2026-04-13T08:15:00.0000000+02:00,1.389,1.3892,2.3333,
2026-04-13T08:30:00.0000000+02:00,1.4229,1.4247,9.6667,
2026-04-13T08:45:00.0000000+02:00,1.4896,1.4821,19.6667,
2026-04-13T09:00:00.0000000+02:00,1.5296,1.527,29.3333,
2026-04-13T09:15:00.0000000+02:00,1.8967,1.9152,34.6667,
2026-04-13T09:30:00.0000000+02:00,2.5195,2.5179,61.3333,96.875
2026-04-13T09:45:00.0000000+02:00,2.8772,2.907,56.3333,
2026-04-13T10:00:00.0000000+02:00,3.2053,3.2423,97.6667,
2026-04-13T10:15:00.0000000+02:00,3.8738,3.9374,123.6667,
2026-04-13T10:30:00.0000000+02:00,3.6588,3.6794,167.3333,
2026-04-13T10:45:00.0000000+02:00,4.2355,4.3292,180.3333,
2026-04-13T11:00:00.0000000+02:00,4.3733,4.4327,178.6667,
2026-04-13T11:15:00.0000000+02:00,4.4035,4.4738,198.6667,
2026-04-13T11:30:00.0000000+02:00,4.4372,4.4966,224.0,
2026-04-13T11:45:00.0000000+02:00,4.4726,4.5224,279.6667,
2026-04-13T12:00:00.0000000+02:00,4.493,4.5273,418.0,
2026-04-13T12:15:00.0000000+02:00,3.9516,4.2688,468.0,
2026-04-13T12:30:00.0000000+02:00,2.3056,2.3143,494.3333,56.25
2026-04-13T12:45:00.0000000+02:00,2.3849,2.4245,657.3333,
2026-04-13T13:00:00.0000000+02:00,2.2417,2.2857,748.6667,
2026-04-13T13:15:00.0000000+02:00,2.0652,2.0943,778.6667,
2026-04-13T13:30:00.0000000+02:00,2.2276,2.2553,805.0,
2026-04-13T13:45:00.0000000+02:00,2.1874,2.2237,828.0,
2026-04-13T14:00:00.0000000+02:00,1.7788,1.796,838.6667,
2026-04-13T14:15:00.0000000+02:00,1.7021,1.7051,828.0,
2026-04-13T14:30:00.0000000+02:00,1.5119,1.5237,759.3333,
2026-04-13T14:45:00.0000000+02:00,1.2912,1.2891,671.6667,
2026-04-13T15:00:00.0000000+02:00,1.167,1.1627,603.6667,
2026-04-13T15:15:00.0000000+02:00,1.0887,1.0778,544.3333,
2026-04-13T15:30:00.0000000+02:00,1.0027,1.0089,530.0,
2026-04-13T15:45:00.0000000+02:00,0.867,0.87,468.3333,
2026-04-13T16:00:00.0000000+02:00,0.7528,0.7456,383.3333,
2026-04-13T16:15:00.0000000+02:00,0.6543,0.6527,337.6667,
2026-04-13T16:30:00.0000000+02:00,0.5563,0.5509,285.0,
2026-04-13T16:45:00.0000000+02:00,0.4787,0.319,251.6667,0.0
2026-04-13T17:00:00.0000000+02:00,,0.0,224.0,
2026-04-13T17:15:00.0000000+02:00,,0.0,196.6667,
2026-04-13T17:30:00.0000000+02:00,,0.0,173.3333,
2026-04-13T17:45:00.0000000+02:00,,0.0,163.3333,
2026-04-13T18:00:00.0000000+02:00,0.4376,0.2076,137.3333,84.375
2026-04-13T18:15:00.0000000+02:00,0.3994,0.406,117.0,
2026-04-13T18:30:00.0000000+02:00,0.3257,0.3287,109.6667,
2026-04-13T18:45:00.0000000+02:00,0.2623,0.2678,100.0,
2026-04-13T19:00:00.0000000+02:00,0.1856,0.1925,81.0,
2026-04-13T19:15:00.0000000+02:00,0.1133,0.122,67.3333,
2026-04-13T19:30:00.0000000+02:00,0.0583,0.0628,55.3333,
2026-04-13T19:45:00.0000000+02:00,0.0163,0.0188,47.6667,96.875
2026-04-13T20:00:00.0000000+02:00,-0.004,0.0043,45.6667,82.5
2026-04-13T20:15:00.0000000+02:00,,0.0015,38.6667,62.5
2026-04-13T20:30:00.0000000+02:00,,0.0004,29.3333,33.3333
2026-04-13T20:45:00.0000000+02:00,,0.0,23.3333,
2026-04-13T21:00:00.0000000+02:00,,0.0,16.6667,
2026-04-13T21:15:00.0000000+02:00,,0.0,12.3333,
2026-04-13T21:30:00.0000000+02:00,,0.0,4.0,
2026-04-13T21:45:00.0000000+02:00,,0.0,0.3333,
2026-04-13T22:00:00.0000000+02:00,,0.0,0.0,
2026-04-13T22:15:00.0000000+02:00,,0.0,0.0,9.375
2026-04-13T22:30:00.0000000+02:00,,0.0,0.0,
2026-04-13T22:45:00.0000000+02:00,,0.0,0.0,
2026-04-13T23:00:00.0000000+02:00,,0.0,0.0,
2026-04-13T23:15:00.0000000+02:00,,0.0,0.0,
2026-04-13T23:30:00.0000000+02:00,,0.0,0.0,
2026-04-13T23:45:00.0000000+02:00,,0.0,0.0,
2026-04-14T00:00:00.0000000+02:00,,0.0,0.0,
2026-04-14T00:15:00.0000000+02:00,,0.0,0.0,
2026-04-14T00:30:00.0000000+02:00,,0.0,0.0,
2026-04-14T00:45:00.0000000+02:00,,0.0,0.0,
2026-04-14T01:00:00.0000000+02:00,,0.0,0.0,
2026-04-14T01:15:00.0000000+02:00,,0.0,0.0,
2026-04-14T01:30:00.0000000+02:00,,0.0,0.0,
2026-04-14T01:45:00.0000000+02:00,,0.0,0.0,
2026-04-14T02:00:00.0000000+02:00,,0.0,0.0,
2026-04-14T02:15:00.0000000+02:00,,0.0,0.0,
2026-04-14T02:30:00.0000000+02:00,,0.0,0.0,
2026-04-14T02:45:00.0000000+02:00,,0.0,0.0,
2026-04-14T03:00:00.0000000+02:00,,0.0,0.0,
2026-04-14T03:15:00.0000000+02:00,,0.0,0.0,
2026-04-14T03:30:00.0000000+02:00,,0.0,0.0,
2026-04-14T03:45:00.0000000+02:00,,0.0,0.0,
2026-04-14T04:00:00.0000000+02:00,,0.0,0.0,
2026-04-14T04:15:00.0000000+02:00,,0.0,0.0,
2026-04-14T04:30:00.0000000+02:00,,0.0,0.0,
2026-04-14T04:45:00.0000000+02:00,,0.0,0.0,
2026-04-14T05:00:00.0000000+02:00,,0.0,0.0,
2026-04-14T05:15:00.0000000+02:00,,0.0,0.0,16.6667
2026-04-14T05:30:00.0000000+02:00,,0.0,0.0,
2026-04-14T05:45:00.0000000+02:00,,0.0069,0.0,84.375
2026-04-14T06:00:00.0000000+02:00,0.0231,0.0341,0.0,
2026-04-14T06:15:00.0000000+02:00,0.0869,0.0957,0.0,56.25
2026-04-14T06:30:00.0000000+02:00,0.1067,0.1116,0.0,
2026-04-14T06:45:00.0000000+02:00,0.1542,0.1604,0.0,
2026-04-14T07:00:00.0000000+02:00,0.2059,0.2093,0.0,
2026-04-14T07:15:00.0000000+02:00,0.276,0.2776,0.0,
2026-04-14T07:30:00.0000000+02:00,0.4102,0.3874,0.0,
2026-04-14T07:45:00.0000000+02:00,0.4555,0.4579,0.0,
2026-04-14T08:00:00.0000000+02:00,0.5646,0.5641,0.0,
2026-04-14T08:15:00.0000000+02:00,0.5843,0.5902,4.0,
2026-04-14T08:30:00.0000000+02:00,0.4513,0.4371,10.3333,
2026-04-14T08:45:00.0000000+02:00,0.3512,0.3549,28.0,
2026-04-14T09:00:00.0000000+02:00,0.3615,0.3601,31.3333,
2026-04-14T09:15:00.0000000+02:00,0.3509,0.3674,15.0,
2026-04-14T09:30:00.0000000+02:00,0.375,0.3747,28.6667,
2026-04-14T09:45:00.0000000+02:00,0.4617,0.4519,45.3333,
2026-04-14T10:00:00.0000000+02:00,0.5939,0.589,52.6667,
2026-04-14T10:15:00.0000000+02:00,0.6849,0.6801,68.6667,
2026-04-14T10:30:00.0000000+02:00,0.7881,0.794,67.6667,
2026-04-14T10:45:00.0000000+02:00,1.0051,1.0389,72.6667,
2026-04-14T11:00:00.0000000+02:00,0.9912,0.9714,79.3333,
2026-04-14T11:15:00.0000000+02:00,1.19,1.1823,76.3333,
2026-04-14T11:30:00.0000000+02:00,1.5072,0.7699,90.3333,0.0
2026-04-14T11:45:00.0000000+02:00,,0.0,109.6667,
2026-04-14T12:00:00.0000000+02:00,,0.0,129.0,
2026-04-14T12:15:00.0000000+02:00,,0.0,161.6667,
2026-04-14T12:30:00.0000000+02:00,,0.0,176.3333,
2026-04-14T12:45:00.0000000+02:00,,0.0,210.0,
2026-04-14T13:00:00.0000000+02:00,,0.0,232.6667,
2026-04-14T13:15:00.0000000+02:00,,0.0,257.3333,
2026-04-14T13:30:00.0000000+02:00,,0.0,304.3333,
2026-04-14T13:45:00.0000000+02:00,,0.0,426.6667,
2026-04-14T14:00:00.0000000+02:00,,0.0,367.3333,
2026-04-14T14:15:00.0000000+02:00,,0.0,266.3333,
2026-04-14T14:30:00.0000000+02:00,,0.0,266.3333,
2026-04-14T14:45:00.0000000+02:00,,0.0,286.3333,
2026-04-14T15:00:00.0000000+02:00,,0.0,296.0,
2026-04-14T15:15:00.0000000+02:00,,0.0,231.6667,
2026-04-14T15:30:00.0000000+02:00,,0.0,210.0,
2026-04-14T15:45:00.0000000+02:00,,0.0,226.6667,
2026-04-14T16:00:00.0000000+02:00,,0.0,219.6667,
2026-04-14T16:15:00.0000000+02:00,,0.0,220.0,
2026-04-14T16:30:00.0000000+02:00,,0.0,204.0,
2026-04-14T16:45:00.0000000+02:00,,0.0,193.6667,
2026-04-14T17:00:00.0000000+02:00,,0.0,208.3333,
2026-04-14T17:15:00.0000000+02:00,,0.0,205.6667,
2026-04-14T17:30:00.0000000+02:00,,0.0,216.3333,
2026-04-14T17:45:00.0000000+02:00,,0.0,222.3333,
2026-04-14T18:00:00.0000000+02:00,,0.0,220.6667,
2026-04-14T18:15:00.0000000+02:00,,0.0,169.3333,
2026-04-14T18:30:00.0000000+02:00,,0.0,110.6667,
2026-04-14T18:45:00.0000000+02:00,,0.0,106.6667,
2026-04-14T19:00:00.0000000+02:00,,0.0,90.6667,
2026-04-14T19:15:00.0000000+02:00,,0.0,55.6667,
2026-04-14T19:30:00.0000000+02:00,,0.0,48.0,
2026-04-14T19:45:00.0000000+02:00,,0.0,62.3333,
2026-04-14T20:00:00.0000000+02:00,,0.0,69.0,
2026-04-14T20:15:00.0000000+02:00,,0.0,30.0,
2026-04-14T20:30:00.0000000+02:00,,0.0,8.0,
2026-04-14T20:45:00.0000000+02:00,,0.0,3.3333,
2026-04-14T21:00:00.0000000+02:00,,0.0,5.3333,
2026-04-14T21:15:00.0000000+02:00,,0.0,6.6667,
2026-04-14T21:30:00.0000000+02:00,,0.0,6.6667,
2026-04-14T21:45:00.0000000+02:00,,0.0,2.6667,
2026-04-14T22:00:00.0000000+02:00,,0.0,0.0,
2026-04-14T22:15:00.0000000+02:00,,0.0,0.0,
2026-04-14T22:30:00.0000000+02:00,,0.0,0.0,
2026-04-14T22:45:00.0000000+02:00,,0.0,0.0,
2026-04-14T23:00:00.0000000+02:00,,0.0,0.0,
2026-04-14T23:15:00.0000000+02:00,,0.0,0.0,
2026-04-14T23:30:00.0000000+02:00,,0.0,0.0,
2026-04-14T23:45:00.0000000+02:00,,0.0,0.0,
2026-04-15T00:00:00.0000000+02:00,,0.0,0.0,
2026-04-15T00:15:00.0000000+02:00,,0.0,0.0,
2026-04-15T00:30:00.0000000+02:00,,0.0,0.0,
2026-04-15T00:45:00.0000000+02:00,,0.0,0.0,
2026-04-15T01:00:00.0000000+02:00,,0.0,0.0,
2026-04-15T01:15:00.0000000+02:00,,0.0,0.0,
2026-04-15T01:30:00.0000000+02:00,,0.0,0.0,
2026-04-15T01:45:00.0000000+02:00,,0.0,0.0,
2026-04-15T02:00:00.0000000+02:00,,0.0,0.0,
2026-04-15T02:15:00.0000000+02:00,,0.0,0.0,
2026-04-15T02:30:00.0000000+02:00,,0.0,0.0,
2026-04-15T02:45:00.0000000+02:00,,0.0,0.0,
2026-04-15T03:00:00.0000000+02:00,,0.0,0.0,
2026-04-15T03:15:00.0000000+02:00,,0.0,0.0,
2026-04-15T03:30:00.0000000+02:00,,0.0,0.0,
2026-04-15T03:45:00.0000000+02:00,,0.0,0.0,
2026-04-15T04:00:00.0000000+02:00,,0.0,0.0,
2026-04-15T04:15:00.0000000+02:00,,0.0,0.0,
2026-04-15T04:30:00.0000000+02:00,,0.0,0.0,
2026-04-15T04:45:00.0000000+02:00,,0.0,0.0,
2026-04-15T05:00:00.0000000+02:00,,0.0,0.0,
2026-04-15T05:15:00.0000000+02:00,,0.0,0.0,
2026-04-15T05:30:00.0000000+02:00,,0.0,0.0,
2026-04-15T05:45:00.0000000+02:00,,0.0,0.0,
2026-04-15T06:00:00.0000000+02:00,,0.0,0.0,
2026-04-15T06:15:00.0000000+02:00,,0.0,0.0,
2026-04-15T06:30:00.0000000+02:00,,0.0,0.0,
2026-04-15T06:45:00.0000000+02:00,,0.0,0.0,
2026-04-15T07:00:00.0000000+02:00,,0.0,0.0,
2026-04-15T07:15:00.0000000+02:00,,0.0,0.0,
2026-04-15T07:30:00.0000000+02:00,,0.0,0.0,
2026-04-15T07:45:00.0000000+02:00,,0.0,0.0,
2026-04-15T08:00:00.0000000+02:00,,0.0,0.3333,
2026-04-15T08:15:00.0000000+02:00,,0.0,9.3333,
2026-04-15T08:30:00.0000000+02:00,,0.0,23.3333,
2026-04-15T08:45:00.0000000+02:00,,0.0,26.0,
2026-04-15T09:00:00.0000000+02:00,,0.0,31.6667,
2026-04-15T09:15:00.0000000+02:00,,0.0,46.6667,
2026-04-15T09:30:00.0000000+02:00,,0.0,66.3333,
2026-04-15T09:45:00.0000000+02:00,,0.0,75.0,
2026-04-15T10:00:00.0000000+02:00,,0.0,85.0,
2026-04-15T10:15:00.0000000+02:00,,0.0,103.6667,
2026-04-15T10:30:00.0000000+02:00,,0.0,130.0,
2026-04-15T10:45:00.0000000+02:00,,0.0,159.3333,
2026-04-15T11:00:00.0000000+02:00,,0.0,169.3333,
2026-04-15T11:15:00.0000000+02:00,,0.0,200.3333,
2026-04-15T11:30:00.0000000+02:00,,0.0,321.3333,
2026-04-15T11:45:00.0000000+02:00,,0.0,335.6667,
2026-04-15T12:00:00.0000000+02:00,,0.0,322.3333,
2026-04-15T12:15:00.0000000+02:00,,0.0,426.3333,
2026-04-15T12:30:00.0000000+02:00,,0.0,644.6667,
2026-04-15T12:45:00.0000000+02:00,,0.0,634.6667,
2026-04-15T13:00:00.0000000+02:00,,0.0,368.6667,
2026-04-15T13:15:00.0000000+02:00,,0.0,403.3333,
2026-04-15T13:30:00.0000000+02:00,,0.0,480.6667,
2026-04-15T13:45:00.0000000+02:00,,0.0,480.3333,
2026-04-15T14:00:00.0000000+02:00,,0.0,502.0,
2026-04-15T14:15:00.0000000+02:00,,0.0,577.0,
2026-04-15T14:30:00.0000000+02:00,,0.0,594.0,
2026-04-15T14:45:00.0000000+02:00,,0.0,635.6667,
2026-04-15T15:00:00.0000000+02:00,,0.0,490.6667,
2026-04-15T15:15:00.0000000+02:00,,0.0,385.0,
2026-04-15T15:30:00.0000000+02:00,,0.0,410.0,
2026-04-15T15:45:00.0000000+02:00,,0.0,366.0,
2026-04-15T16:00:00.0000000+02:00,,0.0,323.3333,
2026-04-15T16:15:00.0000000+02:00,,0.0,340.3333,
2026-04-15T16:30:00.0000000+02:00,,0.0,254.3333,
2026-04-15T16:45:00.0000000+02:00,,0.0,215.0,
2026-04-15T17:00:00.0000000+02:00,,0.0,181.0,
2026-04-15T17:15:00.0000000+02:00,,0.0,161.3333,
2026-04-15T17:30:00.0000000+02:00,,0.0,136.6667,
2026-04-15T17:45:00.0000000+02:00,,0.0,188.6667,
2026-04-15T18:00:00.0000000+02:00,,0.0,168.0,
2026-04-15T18:15:00.0000000+02:00,,0.0,127.3333,
2026-04-15T18:30:00.0000000+02:00,,0.0,138.6667,
2026-04-15T18:45:00.0000000+02:00,,0.0,172.0,
2026-04-15T19:00:00.0000000+02:00,,0.0,175.3333,
2026-04-15T19:15:00.0000000+02:00,,0.0,132.0,
2026-04-15T19:30:00.0000000+02:00,,0.0,110.0,
2026-04-15T19:45:00.0000000+02:00,,0.0,110.6667,
2026-04-15T20:00:00.0000000+02:00,,0.0,114.6667,
2026-04-15T20:15:00.0000000+02:00,,0.0,102.3333,
2026-04-15T20:30:00.0000000+02:00,,0.0,103.3333,
2026-04-15T20:45:00.0000000+02:00,,0.0,114.6667,
2026-04-15T21:00:00.0000000+02:00,,0.0,77.0,
2026-04-15T21:15:00.0000000+02:00,,0.0,44.3333,
2026-04-15T21:30:00.0000000+02:00,,0.0,23.6667,
2026-04-15T21:45:00.0000000+02:00,,0.0,9.0,
2026-04-15T22:00:00.0000000+02:00,,0.0,0.3333,
2026-04-15T22:15:00.0000000+02:00,,0.0,0.0,
2026-04-15T22:30:00.0000000+02:00,,0.0,0.0,
2026-04-15T22:45:00.0000000+02:00,,0.0,0.0,
2026-04-15T23:00:00.0000000+02:00,,0.0,0.0,
2026-04-15T23:15:00.0000000+02:00,,0.0,0.0,
2026-04-15T23:30:00.0000000+02:00,,0.0,0.0,
2026-04-15T23:45:00.0000000+02:00,,0.0,0.0,
2026-04-16T00:00:00.0000000+02:00,,0.0,0.0,
2026-04-16T00:15:00.0000000+02:00,,0.0,0.0,
2026-04-16T00:30:00.0000000+02:00,,0.0,0.0,
2026-04-16T00:45:00.0000000+02:00,,0.0,0.0,
2026-04-16T01:00:00.0000000+02:00,,0.0,0.0,
2026-04-16T01:15:00.0000000+02:00,,0.0,0.0,
2026-04-16T01:30:00.0000000+02:00,,0.0,0.0,
2026-04-16T01:45:00.0000000+02:00,,0.0,0.0,
2026-04-16T02:00:00.0000000+02:00,,0.0,0.0,
2026-04-16T02:15:00.0000000+02:00,,0.0,0.0,
2026-04-16T02:30:00.0000000+02:00,,0.0,0.0,
2026-04-16T02:45:00.0000000+02:00,,0.0,0.0,
2026-04-16T03:00:00.0000000+02:00,,0.0,0.0,
2026-04-16T03:15:00.0000000+02:00,,0.0,0.0,
2026-04-16T03:30:00.0000000+02:00,,0.0,0.0,
2026-04-16T03:45:00.0000000+02:00,,0.0,0.0,
2026-04-16T04:00:00.0000000+02:00,,0.0,0.0,
2026-04-16T04:15:00.0000000+02:00,,0.0,0.0,
2026-04-16T04:30:00.0000000+02:00,,0.0,0.0,
2026-04-16T04:45:00.0000000+02:00,,0.0,0.0,
2026-04-16T05:00:00.0000000+02:00,,0.0,0.0,
2026-04-16T05:15:00.0000000+02:00,,0.0,0.0,
2026-04-16T05:30:00.0000000+02:00,,0.0,0.0,
2026-04-16T05:45:00.0000000+02:00,,0.0,0.0,
2026-04-16T06:00:00.0000000+02:00,,0.0,0.0,
2026-04-16T06:15:00.0000000+02:00,,0.0,0.0,
2026-04-16T06:30:00.0000000+02:00,,0.0,0.0,
2026-04-16T06:45:00.0000000+02:00,,0.0,0.0,
2026-04-16T07:00:00.0000000+02:00,,0.0,0.0,
2026-04-16T07:15:00.0000000+02:00,,0.0,0.0,
2026-04-16T07:30:00.0000000+02:00,,0.0,0.0,
2026-04-16T07:45:00.0000000+02:00,,0.0,0.0,
2026-04-16T08:00:00.0000000+02:00,,0.0,0.6667,
2026-04-16T08:15:00.0000000+02:00,,0.0,10.0,
2026-04-16T08:30:00.0000000+02:00,,0.0,19.3333,
2026-04-16T08:45:00.0000000+02:00,,0.0,23.0,
2026-04-16T09:00:00.0000000+02:00,,0.0,31.6667,
2026-04-16T09:15:00.0000000+02:00,,0.0,44.6667,
2026-04-16T09:30:00.0000000+02:00,,0.0,53.3333,
2026-04-16T09:45:00.0000000+02:00,,0.0,59.0,
2026-04-16T10:00:00.0000000+02:00,,0.0,78.3333,
2026-04-16T10:15:00.0000000+02:00,1.3398,1.3497,94.0,100.0
2026-04-16T10:30:00.0000000+02:00,1.7042,1.6343,118.0,
2026-04-16T10:45:00.0000000+02:00,2.1568,2.1964,122.0,
2026-04-16T11:00:00.0000000+02:00,3.1173,3.1563,129.6667,
2026-04-16T11:15:00.0000000+02:00,2.0493,2.0052,161.3333,43.75
2026-04-16T11:30:00.0000000+02:00,1.105,1.0994,206.6667,
2026-04-16T11:45:00.0000000+02:00,1.7033,1.884,239.0,
2026-04-16T12:00:00.0000000+02:00,0.7033,0.6314,237.6667,
2026-04-16T12:15:00.0000000+02:00,0.6538,0.6478,246.0,
2026-04-16T12:30:00.0000000+02:00,0.6521,0.6572,260.0,
2026-04-16T12:45:00.0000000+02:00,0.734,0.7343,281.3333,
2026-04-16T13:00:00.0000000+02:00,0.857,0.8495,332.3333,
2026-04-16T13:15:00.0000000+02:00,1.2025,1.1408,484.6667,
2026-04-16T13:30:00.0000000+02:00,1.7677,1.8055,665.6667,
2026-04-16T13:45:00.0000000+02:00,1.4159,1.4318,552.3333,
2026-04-16T14:00:00.0000000+02:00,1.555,1.5545,470.0,
2026-04-16T14:15:00.0000000+02:00,1.7603,1.6784,317.6667,
2026-04-16T14:30:00.0000000+02:00,,1.4748,214.6667,
2026-04-16T14:45:00.0000000+02:00,,1.4748,209.0,
2026-04-16T15:00:00.0000000+02:00,,1.4748,245.3333,
2026-04-16T15:15:00.0000000+02:00,,1.4748,273.6667,
2026-04-16T15:30:00.0000000+02:00,,1.4748,343.3333,
2026-04-16T15:45:00.0000000+02:00,,1.4748,411.3333,
2026-04-16T16:00:00.0000000+02:00,,1.4748,403.6667,
2026-04-16T16:15:00.0000000+02:00,,1.4748,359.6667,
2026-04-16T16:30:00.0000000+02:00,,1.4748,351.0,
2026-04-16T16:45:00.0000000+02:00,,1.4748,408.6667,
2026-04-16T17:00:00.0000000+02:00,,1.4748,550.3333,
2026-04-16T17:15:00.0000000+02:00,,1.4748,667.6667,
2026-04-16T17:30:00.0000000+02:00,,1.4748,573.0,
2026-04-16T17:45:00.0000000+02:00,,1.4748,512.3333,
2026-04-16T18:00:00.0000000+02:00,,1.4748,540.6667,
2026-04-16T18:15:00.0000000+02:00,,1.4748,433.6667,
2026-04-16T18:30:00.0000000+02:00,,1.4748,501.6667,
2026-04-16T18:45:00.0000000+02:00,,1.4748,504.6667,
2026-04-16T19:00:00.0000000+02:00,,1.4748,456.6667,
2026-04-16T19:15:00.0000000+02:00,,1.4748,417.0,
2026-04-16T19:30:00.0000000+02:00,,1.4748,366.0,
2026-04-16T19:45:00.0000000+02:00,,1.4748,315.0,
2026-04-16T20:00:00.0000000+02:00,,1.4748,249.0,
2026-04-16T20:15:00.0000000+02:00,,1.4748,209.0,
2026-04-16T20:30:00.0000000+02:00,,1.4748,163.3333,
2026-04-16T20:45:00.0000000+02:00,,1.4748,110.6667,
2026-04-16T21:00:00.0000000+02:00,,1.4748,69.6667,
2026-04-16T21:15:00.0000000+02:00,,1.4748,46.3333,
2026-04-16T21:30:00.0000000+02:00,,1.4748,25.6667,
2026-04-16T21:45:00.0000000+02:00,,1.4748,10.0,
2026-04-16T22:00:00.0000000+02:00,,1.4748,0.6667,
2026-04-16T22:15:00.0000000+02:00,,1.4748,0.0,
2026-04-16T22:30:00.0000000+02:00,,1.4748,0.0,
2026-04-16T22:45:00.0000000+02:00,,1.4748,0.0,
2026-04-16T23:00:00.0000000+02:00,,1.4748,0.0,
2026-04-16T23:15:00.0000000+02:00,,1.4748,0.0,
2026-04-16T23:30:00.0000000+02:00,,1.4748,0.0,
2026-04-16T23:45:00.0000000+02:00,,1.4748,0.0,
2026-04-17T00:00:00.0000000+02:00,,1.4748,0.0,
2026-04-17T00:15:00.0000000+02:00,,1.4748,0.0,
2026-04-17T00:30:00.0000000+02:00,,1.4748,0.0,
2026-04-17T00:45:00.0000000+02:00,,1.4748,0.0,
2026-04-17T01:00:00.0000000+02:00,,1.4748,0.0,
2026-04-17T01:15:00.0000000+02:00,,1.4748,0.0,
2026-04-17T01:30:00.0000000+02:00,,1.4748,0.0,
2026-04-17T01:45:00.0000000+02:00,,1.4748,0.0,
2026-04-17T02:00:00.0000000+02:00,,1.4748,0.0,
2026-04-17T02:15:00.0000000+02:00,,1.4748,0.0,
2026-04-17T02:30:00.0000000+02:00,,1.4748,0.0,
2026-04-17T02:45:00.0000000+02:00,,1.4748,0.0,
2026-04-17T03:00:00.0000000+02:00,,1.4748,0.0,
2026-04-17T03:15:00.0000000+02:00,,1.4748,0.0,
2026-04-17T03:30:00.0000000+02:00,,1.4748,0.0,
2026-04-17T03:45:00.0000000+02:00,,1.4748,0.0,
2026-04-17T04:00:00.0000000+02:00,,1.4748,0.0,
2026-04-17T04:15:00.0000000+02:00,,1.4748,0.0,
2026-04-17T04:30:00.0000000+02:00,,1.4748,0.0,
2026-04-17T04:45:00.0000000+02:00,,1.4748,0.0,
2026-04-17T05:00:00.0000000+02:00,,1.4748,0.0,
2026-04-17T05:15:00.0000000+02:00,,1.4748,0.0,
2026-04-17T05:30:00.0000000+02:00,,1.4748,0.0,
2026-04-17T05:45:00.0000000+02:00,,1.4748,0.0,
2026-04-17T06:00:00.0000000+02:00,,1.4748,0.0,
2026-04-17T06:15:00.0000000+02:00,,1.4748,0.0,
2026-04-17T06:30:00.0000000+02:00,,1.4748,0.0,
2026-04-17T06:45:00.0000000+02:00,,1.4748,0.0,
2026-04-17T07:00:00.0000000+02:00,,1.4748,0.0,
2026-04-17T07:15:00.0000000+02:00,,1.4748,0.0,
2026-04-17T07:30:00.0000000+02:00,,1.4748,0.0,
2026-04-17T07:45:00.0000000+02:00,,1.4748,0.0,
2026-04-17T08:00:00.0000000+02:00,,1.4748,2.0,
2026-04-17T08:15:00.0000000+02:00,,1.4748,15.3333,
2026-04-17T08:30:00.0000000+02:00,,1.4748,23.0,
2026-04-17T08:45:00.0000000+02:00,,1.4748,39.0,
2026-04-17T09:00:00.0000000+02:00,,1.4748,73.3333,
2026-04-17T09:15:00.0000000+02:00,,1.4748,114.0,
2026-04-17T09:30:00.0000000+02:00,,1.4748,158.3333,
2026-04-17T09:45:00.0000000+02:00,,1.4748,206.0,
2026-04-17T10:00:00.0000000+02:00,,1.4748,255.3333,
2026-04-17T10:15:00.0000000+02:00,,1.4748,306.0,
2026-04-17T10:30:00.0000000+02:00,,1.4748,357.0,
2026-04-17T10:45:00.0000000+02:00,,1.4748,408.0,
2026-04-17T11:00:00.0000000+02:00,,1.4748,458.6667,
2026-04-17T11:15:00.0000000+02:00,,1.4748,508.0,
2026-04-17T11:30:00.0000000+02:00,,1.4748,555.6667,
2026-04-17T11:45:00.0000000+02:00,,1.4748,601.6667,
2026-04-17T12:00:00.0000000+02:00,,1.4748,645.0,
2026-04-17T12:15:00.0000000+02:00,,1.4748,686.6667,
2026-04-17T12:30:00.0000000+02:00,,1.4748,725.3333,
2026-04-17T12:45:00.0000000+02:00,,1.4748,760.6667,
2026-04-17T13:00:00.0000000+02:00,,1.4748,793.6667,
2026-04-17T13:15:00.0000000+02:00,,1.4748,822.6667,
2026-04-17T13:30:00.0000000+02:00,,1.4748,848.3333,
2026-04-17T13:45:00.0000000+02:00,,1.4748,870.6667,
2026-04-17T14:00:00.0000000+02:00,,1.4748,888.6667,
2026-04-17T14:15:00.0000000+02:00,,1.4748,903.3333,
2026-04-17T14:30:00.0000000+02:00,,1.4748,914.0,
2026-04-17T14:45:00.0000000+02:00,,1.4748,920.6667,
2026-04-17T15:00:00.0000000+02:00,,1.4748,923.3333,
2026-04-17T15:15:00.0000000+02:00,,1.4748,923.6667,
2026-04-17T15:30:00.0000000+02:00,,1.4748,920.6667,
2026-04-17T15:45:00.0000000+02:00,,1.4748,913.0,
2026-04-17T16:00:00.0000000+02:00,,1.4748,897.3333,
2026-04-17T16:15:00.0000000+02:00,,1.4748,871.6667,
2026-04-17T16:30:00.0000000+02:00,,1.4748,843.3333,
2026-04-17T16:45:00.0000000+02:00,,1.4748,818.6667,
2026-04-17T17:00:00.0000000+02:00,,1.4748,809.0,
2026-04-17T17:15:00.0000000+02:00,,1.4748,777.6667,
2026-04-17T17:30:00.0000000+02:00,,1.4748,743.0,
2026-04-17T17:45:00.0000000+02:00,,1.4748,705.0,
2026-04-17T18:00:00.0000000+02:00,,1.4748,664.0,
2026-04-17T18:15:00.0000000+02:00,,1.4748,621.0,
2026-04-17T18:30:00.0000000+02:00,,1.4748,575.6667,
2026-04-17T18:45:00.0000000+02:00,,1.4748,528.6667,
2026-04-17T19:00:00.0000000+02:00,,1.4748,479.6667,
2026-04-17T19:15:00.0000000+02:00,,1.4748,429.6667,
2026-04-17T19:30:00.0000000+02:00,,1.4748,379.0,
2026-04-17T19:45:00.0000000+02:00,,1.4748,327.3333,
2026-04-17T20:00:00.0000000+02:00,,1.4748,276.0,
2026-04-17T20:15:00.0000000+02:00,,1.4748,225.3333,
2026-04-17T20:30:00.0000000+02:00,,1.4748,176.0,
2026-04-17T20:45:00.0000000+02:00,,1.4748,129.6667,
2026-04-17T21:00:00.0000000+02:00,,1.4748,86.6667,
2026-04-17T21:15:00.0000000+02:00,,1.4748,49.3333,
2026-04-17T21:30:00.0000000+02:00,,1.4748,24.0,
2026-04-17T21:45:00.0000000+02:00,,1.4748,13.3333,
2026-04-17T22:00:00.0000000+02:00,,1.4748,1.3333,
2026-04-17T22:15:00.0000000+02:00,,1.4748,0.0,
2026-04-17T22:30:00.0000000+02:00,,1.4748,0.0,
2026-04-17T22:45:00.0000000+02:00,,1.4748,0.0,
2026-04-17T23:00:00.0000000+02:00,,1.4748,0.0,
2026-04-17T23:15:00.0000000+02:00,,1.4748,0.0,
2026-04-17T23:30:00.0000000+02:00,,1.4748,0.0,
2026-04-17T23:45:00.0000000+02:00,,1.4748,0.0,
2026-04-18T00:00:00.0000000+02:00,,1.4748,0.0,
2026-04-18T00:15:00.0000000+02:00,,1.4748,0.0,
2026-04-18T00:30:00.0000000+02:00,,1.4748,0.0,
2026-04-18T00:45:00.0000000+02:00,,1.4748,0.0,
2026-04-18T01:00:00.0000000+02:00,,1.4748,0.0,
2026-04-18T01:15:00.0000000+02:00,,1.4748,0.0,
2026-04-18T01:30:00.0000000+02:00,,1.4748,0.0,
2026-04-18T01:45:00.0000000+02:00,,1.4748,0.0,
2026-04-18T02:00:00.0000000+02:00,,1.4748,0.0,
2026-04-18T02:15:00.0000000+02:00,,1.4748,0.0,
2026-04-18T02:30:00.0000000+02:00,,1.4748,0.0,
2026-04-18T02:45:00.0000000+02:00,,1.4748,0.0,
2026-04-18T03:00:00.0000000+02:00,,1.4748,0.0,
2026-04-18T03:15:00.0000000+02:00,,1.4748,0.0,
2026-04-18T03:30:00.0000000+02:00,,1.4748,0.0,
2026-04-18T03:45:00.0000000+02:00,,1.4748,0.0,
2026-04-18T04:00:00.0000000+02:00,,1.4748,0.0,
2026-04-18T04:15:00.0000000+02:00,,1.4748,0.0,
2026-04-18T04:30:00.0000000+02:00,,1.4748,0.0,
2026-04-18T04:45:00.0000000+02:00,,1.4748,0.0,
2026-04-18T05:00:00.0000000+02:00,,1.4748,0.0,
2026-04-18T05:15:00.0000000+02:00,,1.4748,0.0,
2026-04-18T05:30:00.0000000+02:00,,1.4748,0.0,
2026-04-18T05:45:00.0000000+02:00,,1.4748,0.0,
2026-04-18T06:00:00.0000000+02:00,,1.4748,0.0,
2026-04-18T06:15:00.0000000+02:00,,1.4748,0.0,
2026-04-18T06:30:00.0000000+02:00,,1.4748,0.0,
2026-04-18T06:45:00.0000000+02:00,,1.4748,0.0,
2026-04-18T07:00:00.0000000+02:00,,1.4748,0.0,
2026-04-18T07:15:00.0000000+02:00,,1.4748,0.0,
2026-04-18T07:30:00.0000000+02:00,,1.4748,0.0,
2026-04-18T07:45:00.0000000+02:00,,1.4748,0.0,
2026-04-18T08:00:00.0000000+02:00,,1.4748,2.0,
2026-04-18T08:15:00.0000000+02:00,,1.4748,12.3333,
2026-04-18T08:30:00.0000000+02:00,,1.4748,30.3333,
2026-04-18T08:45:00.0000000+02:00,,1.4748,48.0,
2026-04-18T09:00:00.0000000+02:00,,1.4748,73.3333,
2026-04-18T09:15:00.0000000+02:00,,1.4748,88.3333,
2026-04-18T09:30:00.0000000+02:00,,1.4748,130.0,
2026-04-18T09:45:00.0000000+02:00,,1.4748,193.0,
2026-04-18T10:00:00.0000000+02:00,,1.4748,235.6667,
2026-04-18T10:15:00.0000000+02:00,,1.4748,271.3333,
2026-04-18T10:30:00.0000000+02:00,,1.4748,319.0,
2026-04-18T10:45:00.0000000+02:00,,1.4748,320.6667,
2026-04-18T11:00:00.0000000+02:00,,1.4748,216.6667,
2026-04-18T11:15:00.0000000+02:00,,1.4748,253.0,
2026-04-18T11:30:00.0000000+02:00,,1.4748,303.3333,
2026-04-18T11:45:00.0000000+02:00,,1.4748,339.3333,
2026-04-18T12:00:00.0000000+02:00,,1.4748,389.3333,
2026-04-18T12:15:00.0000000+02:00,,1.4748,466.3333,
2026-04-18T12:30:00.0000000+02:00,,1.4748,458.0,
2026-04-18T12:45:00.0000000+02:00,,1.4748,455.0,
2026-04-18T13:00:00.0000000+02:00,,1.4748,629.0,
2026-04-18T13:15:00.0000000+02:00,,1.4748,646.6667,
2026-04-18T13:30:00.0000000+02:00,,1.4748,630.6667,
2026-04-18T13:45:00.0000000+02:00,,1.4748,558.0,
2026-04-18T14:00:00.0000000+02:00,,1.4748,532.0,
2026-04-18T14:15:00.0000000+02:00,,1.4748,544.3333,
2026-04-18T14:30:00.0000000+02:00,,1.4748,675.0,
2026-04-18T14:45:00.0000000+02:00,,1.4748,578.3333,
2026-04-18T15:00:00.0000000+02:00,,1.4748,421.6667,
2026-04-18T15:15:00.0000000+02:00,,1.4748,431.0,
2026-04-18T15:30:00.0000000+02:00,,1.4748,493.0,
2026-04-18T15:45:00.0000000+02:00,,1.4748,607.6667,
2026-04-18T16:00:00.0000000+02:00,,1.4748,616.6667,
2026-04-18T16:15:00.0000000+02:00,,1.4748,534.6667,
2026-04-18T16:30:00.0000000+02:00,,1.4748,564.3333,
2026-04-18T16:45:00.0000000+02:00,,1.4748,446.6667,
2026-04-18T17:00:00.0000000+02:00,,1.4748,396.0,
2026-04-18T17:15:00.0000000+02:00,,1.4748,388.6667,
2026-04-18T17:30:00.0000000+02:00,,1.4748,367.3333,
2026-04-18T17:45:00.0000000+02:00,,1.4748,353.0,
2026-04-18T18:00:00.0000000+02:00,,1.4748,291.6667,
2026-04-18T18:15:00.0000000+02:00,,1.4748,216.3333,
2026-04-18T18:30:00.0000000+02:00,,1.4748,138.6667,
2026-04-18T18:45:00.0000000+02:00,,1.4748,131.6667,
2026-04-18T19:00:00.0000000+02:00,,1.4748,181.3333,
2026-04-18T19:15:00.0000000+02:00,,1.4748,170.0,
2026-04-18T19:30:00.0000000+02:00,,1.4748,163.0,
2026-04-18T19:45:00.0000000+02:00,,1.4748,164.6667,
2026-04-18T20:00:00.0000000+02:00,,1.4748,122.3333,
2026-04-18T20:15:00.0000000+02:00,,1.4748,93.0,
2026-04-18T20:30:00.0000000+02:00,,1.4748,92.6667,
2026-04-18T20:45:00.0000000+02:00,,1.4748,65.6667,
2026-04-18T21:00:00.0000000+02:00,,1.4748,33.3333,
2026-04-18T21:15:00.0000000+02:00,,1.4748,21.0,
2026-04-18T21:30:00.0000000+02:00,,1.4748,11.3333,
2026-04-18T21:45:00.0000000+02:00,,1.4748,4.3333,
2026-04-18T22:00:00.0000000+02:00,,1.4748,0.3333,
2026-04-18T22:15:00.0000000+02:00,,1.4748,0.0,
2026-04-18T22:30:00.0000000+02:00,,1.4748,0.0,
2026-04-18T22:45:00.0000000+02:00,,1.4748,0.0,
2026-04-18T23:00:00.0000000+02:00,,1.4748,0.0,
2026-04-18T23:15:00.0000000+02:00,,1.4748,0.0,
2026-04-18T23:30:00.0000000+02:00,,1.4748,0.0,
2026-04-18T23:45:00.0000000+02:00,,1.4748,0.0,
2026-04-19T00:00:00.0000000+02:00,,1.4748,0.0,
2026-04-19T00:15:00.0000000+02:00,,1.4748,0.0,
2026-04-19T00:30:00.0000000+02:00,,1.4748,0.0,
2026-04-19T00:45:00.0000000+02:00,,1.4748,0.0,
2026-04-19T01:00:00.0000000+02:00,,1.4748,0.0,
2026-04-19T01:15:00.0000000+02:00,,1.4748,0.0,
2026-04-19T01:30:00.0000000+02:00,,1.4748,0.0,
2026-04-19T01:45:00.0000000+02:00,,1.4748,0.0,
2026-04-19T02:00:00.0000000+02:00,,1.4748,0.0,
2026-04-19T02:15:00.0000000+02:00,,1.4748,0.0,
2026-04-19T02:30:00.0000000+02:00,,1.4748,0.0,
2026-04-19T02:45:00.0000000+02:00,,1.4748,0.0,
2026-04-19T03:00:00.0000000+02:00,,1.4748,0.0,
2026-04-19T03:15:00.0000000+02:00,,1.4748,0.0,
2026-04-19T03:30:00.0000000+02:00,,1.4748,0.0,
2026-04-19T03:45:00.0000000+02:00,,1.4748,0.0,
2026-04-19T04:00:00.0000000+02:00,,1.4748,0.0,
2026-04-19T04:15:00.0000000+02:00,,1.4748,0.0,
2026-04-19T04:30:00.0000000+02:00,,1.4748,0.0,
2026-04-19T04:45:00.0000000+02:00,,1.4748,0.0,
2026-04-19T05:00:00.0000000+02:00,,1.4748,0.0,
2026-04-19T05:15:00.0000000+02:00,,1.4748,0.0,
2026-04-19T05:30:00.0000000+02:00,,1.4748,0.0,
2026-04-19T05:45:00.0000000+02:00,,1.4748,0.0,
2026-04-19T06:00:00.0000000+02:00,,1.4748,0.0,
2026-04-19T06:15:00.0000000+02:00,,1.4748,0.0,
2026-04-19T06:30:00.0000000+02:00,,1.4748,0.0,
2026-04-19T06:45:00.0000000+02:00,,1.4748,0.0,
2026-04-19T07:00:00.0000000+02:00,,1.4748,0.0,
2026-04-19T07:15:00.0000000+02:00,,1.4748,0.0,
2026-04-19T07:30:00.0000000+02:00,,1.4748,0.0,
2026-04-19T07:45:00.0000000+02:00,,1.4748,0.0,
2026-04-19T08:00:00.0000000+02:00,,1.4748,1.6667,
2026-04-19T08:15:00.0000000+02:00,,1.4748,8.6667,
2026-04-19T08:30:00.0000000+02:00,,1.4748,17.6667,
2026-04-19T08:45:00.0000000+02:00,,1.4748,16.0,
2026-04-19T09:00:00.0000000+02:00,,1.4748,24.0,
2026-04-19T09:15:00.0000000+02:00,,1.4748,32.6667,
2026-04-19T09:30:00.0000000+02:00,,1.4748,42.3333,
2026-04-19T09:45:00.0000000+02:00,,1.4748,52.0,
2026-04-19T10:00:00.0000000+02:00,,1.4748,46.3333,
2026-04-19T10:15:00.0000000+02:00,,1.4748,72.6667,
2026-04-19T10:30:00.0000000+02:00,,1.4748,101.0,
2026-04-19T10:45:00.0000000+02:00,,1.4748,108.3333,
2026-04-19T11:00:00.0000000+02:00,,1.4748,126.3333,
2026-04-19T11:15:00.0000000+02:00,,1.4748,144.3333,
2026-04-19T11:30:00.0000000+02:00,,1.4748,155.6667,
2026-04-19T11:45:00.0000000+02:00,,1.4748,154.6667,
2026-04-19T12:00:00.0000000+02:00,,1.4748,154.6667,
2026-04-19T12:15:00.0000000+02:00,,1.4748,168.0,
2026-04-19T12:30:00.0000000+02:00,,1.4748,183.3333,
2026-04-19T12:45:00.0000000+02:00,,1.4748,199.0,
2026-04-19T13:00:00.0000000+02:00,,1.4748,178.6667,
2026-04-19T13:15:00.0000000+02:00,,1.4748,186.6667,
2026-04-19T13:30:00.0000000+02:00,,1.4748,214.0,
2026-04-19T13:45:00.0000000+02:00,,1.4748,194.0,
2026-04-19T14:00:00.0000000+02:00,,1.4748,170.0,
2026-04-19T14:15:00.0000000+02:00,,1.4748,154.6667,
2026-04-19T14:30:00.0000000+02:00,,1.4748,156.6667,
2026-04-19T14:45:00.0000000+02:00,,1.4748,174.3333,
2026-04-19T15:00:00.0000000+02:00,,1.4748,217.6667,
2026-04-19T15:15:00.0000000+02:00,,1.4748,237.6667,
2026-04-19T15:30:00.0000000+02:00,,1.4748,293.0,
2026-04-19T15:45:00.0000000+02:00,,1.4748,317.0,
2026-04-19T16:00:00.0000000+02:00,,1.4748,279.0,
2026-04-19T16:15:00.0000000+02:00,,1.4748,246.6667,
2026-04-19T16:30:00.0000000+02:00,,1.4748,293.0,
2026-04-19T16:45:00.0000000+02:00,,1.4748,253.3333,
2026-04-19T17:00:00.0000000+02:00,,1.4748,241.3333,
2026-04-19T17:15:00.0000000+02:00,,1.4748,262.3333,
2026-04-19T17:30:00.0000000+02:00,,1.4748,260.0,
2026-04-19T17:45:00.0000000+02:00,,1.4748,254.0,
2026-04-19T18:00:00.0000000+02:00,,1.4748,209.6667,
2026-04-19T18:15:00.0000000+02:00,,1.4748,159.6667,
2026-04-19T18:30:00.0000000+02:00,,1.4748,143.3333,
2026-04-19T18:45:00.0000000+02:00,,1.4748,200.6667,
2026-04-19T19:00:00.0000000+02:00,,1.4748,261.6667,
2026-04-19T19:15:00.0000000+02:00,,1.4748,330.3333,
2026-04-19T19:30:00.0000000+02:00,,1.4748,335.0,
2026-04-19T19:45:00.0000000+02:00,,1.4748,276.3333,
2026-04-19T20:00:00.0000000+02:00,,1.4748,211.0,
2026-04-19T20:15:00.0000000+02:00,,1.4748,160.0,
2026-04-19T20:30:00.0000000+02:00,,1.4748,95.6667,
2026-04-19T20:45:00.0000000+02:00,,1.4748,87.0,
2026-04-19T21:00:00.0000000+02:00,,1.4748,63.3333,
2026-04-19T21:15:00.0000000+02:00,,1.4748,44.6667,
2026-04-19T21:30:00.0000000+02:00,,1.4748,28.0,
2026-04-19T21:45:00.0000000+02:00,,1.4748,8.0,
2026-04-19T22:00:00.0000000+02:00,,1.4748,1.3333,
2026-04-19T22:15:00.0000000+02:00,,1.4748,0.0,
2026-04-19T22:30:00.0000000+02:00,,1.4748,0.0,
2026-04-19T22:45:00.0000000+02:00,,1.4748,0.0,
2026-04-19T23:00:00.0000000+02:00,,1.4748,0.0,
2026-04-19T23:15:00.0000000+02:00,,1.4748,0.0,
2026-04-19T23:30:00.0000000+02:00,,1.4748,0.0,
2026-04-19T23:45:00.0000000+02:00,,1.4748,0.0,
2026-04-20T00:00:00.0000000+02:00,,1.4748,0.0,
2026-04-20T00:15:00.0000000+02:00,,1.4748,0.0,
2026-04-20T00:30:00.0000000+02:00,,1.4748,0.0,
2026-04-20T00:45:00.0000000+02:00,,1.4748,0.0,
2026-04-20T01:00:00.0000000+02:00,,1.4748,0.0,
2026-04-20T01:15:00.0000000+02:00,,1.4748,0.0,
2026-04-20T01:30:00.0000000+02:00,,1.4748,0.0,
2026-04-20T01:45:00.0000000+02:00,,1.4748,0.0,
2026-04-20T02:00:00.0000000+02:00,,1.4748,0.0,
2026-04-20T02:15:00.0000000+02:00,,1.4748,0.0,
2026-04-20T02:30:00.0000000+02:00,,1.4748,0.0,
2026-04-20T02:45:00.0000000+02:00,,1.4748,0.0,
2026-04-20T03:00:00.0000000+02:00,,1.4748,0.0,
2026-04-20T03:15:00.0000000+02:00,,1.4748,0.0,
2026-04-20T03:30:00.0000000+02:00,,1.4748,0.0,
2026-04-20T03:45:00.0000000+02:00,,1.4748,0.0,
2026-04-20T04:00:00.0000000+02:00,,1.4748,0.0,
2026-04-20T04:15:00.0000000+02:00,,1.4748,0.0,
2026-04-20T04:30:00.0000000+02:00,,1.4748,0.0,
2026-04-20T04:45:00.0000000+02:00,,1.4748,0.0,
2026-04-20T05:00:00.0000000+02:00,,1.4748,0.0,
2026-04-20T05:15:00.0000000+02:00,,1.4748,0.0,
2026-04-20T05:30:00.0000000+02:00,,1.4748,0.0,
2026-04-20T05:45:00.0000000+02:00,,1.4748,0.0,
2026-04-20T06:00:00.0000000+02:00,,1.4748,0.0,
2026-04-20T06:15:00.0000000+02:00,,1.4748,0.0,
2026-04-20T06:30:00.0000000+02:00,,1.4748,0.0,
2026-04-20T06:45:00.0000000+02:00,,1.4748,0.0,
2026-04-20T07:00:00.0000000+02:00,,1.4748,0.0,
2026-04-20T07:15:00.0000000+02:00,,1.4748,0.0,
2026-04-20T07:30:00.0000000+02:00,,1.4748,0.0,
2026-04-20T07:45:00.0000000+02:00,,1.4748,0.0,
2026-04-20T08:00:00.0000000+02:00,,1.4748,6.0,
2026-04-20T08:15:00.0000000+02:00,,1.4748,20.6667,
2026-04-20T08:30:00.0000000+02:00,,1.4748,39.0,
2026-04-20T08:45:00.0000000+02:00,,1.4748,57.6667,
2026-04-20T09:00:00.0000000+02:00,,1.4748,86.3333,
2026-04-20T09:15:00.0000000+02:00,,1.4748,129.0,
2026-04-20T09:30:00.0000000+02:00,,1.4748,175.0,
2026-04-20T09:45:00.0000000+02:00,,1.4748,224.3333,
2026-04-20T10:00:00.0000000+02:00,,1.4748,275.0,
2026-04-20T10:15:00.0000000+02:00,,1.4748,327.0,
2026-04-20T10:30:00.0000000+02:00,,1.4748,379.0,
2026-04-20T10:45:00.0000000+02:00,,1.4748,431.0,
2026-04-20T11:00:00.0000000+02:00,,1.4748,482.0,
2026-04-20T11:15:00.0000000+02:00,,1.4748,531.3333,
2026-04-20T11:30:00.0000000+02:00,,1.4748,579.3333,
2026-04-20T11:45:00.0000000+02:00,,1.4748,625.0,
2026-04-20T12:00:00.0000000+02:00,,1.4748,669.3333,
2026-04-20T12:15:00.0000000+02:00,,1.4748,711.3333,
2026-04-20T12:30:00.0000000+02:00,,1.4748,750.3333,
2026-04-20T12:45:00.0000000+02:00,,1.4748,786.6667,
2026-04-20T13:00:00.0000000+02:00,,1.4748,819.6667,
2026-04-20T13:15:00.0000000+02:00,,1.4748,849.6667,
2026-04-20T13:30:00.0000000+02:00,,1.4748,876.6667,
2026-04-20T13:45:00.0000000+02:00,,1.4748,900.0,
2026-04-20T14:00:00.0000000+02:00,,1.4748,918.6667,
2026-04-20T14:15:00.0000000+02:00,,1.4748,933.0,
2026-04-20T14:30:00.0000000+02:00,2.2201,2.0421,943.6667,71.875
2026-04-20T14:45:00.0000000+02:00,0.0,0.2673,949.6667,0.0
2026-04-20T15:00:00.0000000+02:00,1.3128,1.6724,952.6667,56.25
2026-04-20T15:15:00.0000000+02:00,,2.523,952.6667,
2026-04-20T15:30:00.0000000+02:00,2.4826,2.5135,949.0,
2026-04-20T15:45:00.0000000+02:00,2.8496,2.7102,941.0,84.375
2026-04-20T16:00:00.0000000+02:00,3.953,4.0027,929.0,
2026-04-20T16:15:00.0000000+02:00,3.9596,4.0027,910.6667,
2026-04-20T16:30:00.0000000+02:00,3.4467,3.4773,889.0,
2026-04-20T16:45:00.0000000+02:00,3.2657,3.3085,862.6667,
2026-04-20T17:00:00.0000000+02:00,3.0831,3.094,833.6667,
2026-04-20T17:15:00.0000000+02:00,2.7376,2.7438,801.6667,96.875
2026-04-20T17:30:00.0000000+02:00,2.384,2.382,766.6667,
2026-04-20T17:45:00.0000000+02:00,2.0018,2.0093,728.0,
2026-04-20T18:00:00.0000000+02:00,1.6421,1.6355,687.0,
2026-04-20T18:15:00.0000000+02:00,1.2777,1.2757,644.3333,
2026-04-20T18:30:00.0000000+02:00,0.9419,0.9317,599.3333,
2026-04-20T18:45:00.0000000+02:00,0.6312,0.628,552.0,
2026-04-20T19:00:00.0000000+02:00,0.3927,0.3951,502.6667,
2026-04-20T19:15:00.0000000+02:00,0.2392,0.2392,452.0,
2026-04-20T19:30:00.0000000+02:00,0.1389,0.1476,399.6667,
2026-04-20T19:45:00.0000000+02:00,0.078,0.09,347.3333,
2026-04-20T20:00:00.0000000+02:00,0.0415,0.0504,295.3333,
2026-04-20T20:15:00.0000000+02:00,0.0106,0.019,243.3333,
2026-04-20T20:30:00.0000000+02:00,,0.0038,193.3333,78.75
2026-04-20T20:45:00.0000000+02:00,,0.0012,144.3333,46.3542
2026-04-20T21:00:00.0000000+02:00,,0.0002,99.3333,18.75
2026-04-20T21:15:00.0000000+02:00,,0.0,58.3333,
2026-04-20T21:30:00.0000000+02:00,,0.0,26.3333,
2026-04-20T21:45:00.0000000+02:00,,0.0,15.3333,
2026-04-20T22:00:00.0000000+02:00,,0.0,5.0,
2026-04-20T22:15:00.0000000+02:00,,0.0,0.0,
2026-04-20T22:30:00.0000000+02:00,,0.0,0.0,
2026-04-20T22:45:00.0000000+02:00,,0.0,0.0,0.0
2026-04-20T23:00:00.0000000+02:00,,0.0,0.0,
2026-04-20T23:15:00.0000000+02:00,,0.0,0.0,
2026-04-20T23:30:00.0000000+02:00,,0.0,0.0,
2026-04-20T23:45:00.0000000+02:00,,0.0,0.0,
2026-04-21T00:00:00.0000000+02:00,,0.0,0.0,
2026-04-21T00:15:00.0000000+02:00,,0.0,0.0,
2026-04-21T00:30:00.0000000+02:00,,0.0,0.0,
2026-04-21T00:45:00.0000000+02:00,,0.0,0.0,
2026-04-21T01:00:00.0000000+02:00,,0.0,0.0,
2026-04-21T01:15:00.0000000+02:00,,0.0,0.0,
2026-04-21T01:30:00.0000000+02:00,,0.0,0.0,
2026-04-21T01:45:00.0000000+02:00,,0.0,0.0,
2026-04-21T02:00:00.0000000+02:00,,0.0,0.0,
2026-04-21T02:15:00.0000000+02:00,,0.0,0.0,
2026-04-21T02:30:00.0000000+02:00,,0.0,0.0,
2026-04-21T02:45:00.0000000+02:00,,0.0,0.0,
2026-04-21T03:00:00.0000000+02:00,,0.0,0.0,
2026-04-21T03:15:00.0000000+02:00,,0.0,0.0,
2026-04-21T03:30:00.0000000+02:00,,0.0,0.0,
2026-04-21T03:45:00.0000000+02:00,,0.0,0.0,
2026-04-21T04:00:00.0000000+02:00,,0.0,0.0,
2026-04-21T04:15:00.0000000+02:00,,0.0,0.0,
2026-04-21T04:30:00.0000000+02:00,,0.0,0.0,
2026-04-21T04:45:00.0000000+02:00,,0.0,0.0,6.25
2026-04-21T05:00:00.0000000+02:00,,0.0,0.0,12.5
2026-04-21T05:15:00.0000000+02:00,,0.0028,0.0,64.375
2026-04-21T05:30:00.0000000+02:00,0.0165,0.0222,0.0,
2026-04-21T05:45:00.0000000+02:00,0.0429,0.0525,0.0,
2026-04-21T06:00:00.0000000+02:00,0.0809,0.0901,0.0,
2026-04-21T06:15:00.0000000+02:00,0.1251,0.1363,0.0,
2026-04-21T06:30:00.0000000+02:00,0.181,0.1915,0.0,
2026-04-21T06:45:00.0000000+02:00,0.2871,0.2905,0.0,
2026-04-21T07:00:00.0000000+02:00,0.4571,0.4642,0.0,
2026-04-21T07:15:00.0000000+02:00,0.7028,0.7094,0.0,
2026-04-21T07:30:00.0000000+02:00,1.0253,1.023,0.0,
2026-04-21T07:45:00.0000000+02:00,1.3844,1.3846,0.6667,
2026-04-21T08:00:00.0000000+02:00,1.7618,1.774,11.0,
2026-04-21T08:15:00.0000000+02:00,2.149,2.1686,19.0,
2026-04-21T08:30:00.0000000+02:00,2.5408,2.5617,19.3333,
2026-04-21T08:45:00.0000000+02:00,2.9133,2.9286,51.0,
2026-04-21T09:00:00.0000000+02:00,3.2554,3.2902,92.3333,
2026-04-21T09:15:00.0000000+02:00,3.5885,3.6442,138.0,
2026-04-21T09:30:00.0000000+02:00,3.9012,3.9445,187.0,
2026-04-21T09:45:00.0000000+02:00,4.1712,4.2362,238.0,
2026-04-21T10:00:00.0000000+02:00,4.3571,4.406,290.6667,
2026-04-21T10:15:00.0000000+02:00,4.447,4.4733,344.0,
2026-04-21T10:30:00.0000000+02:00,4.4781,4.4983,398.0,
2026-04-21T10:45:00.0000000+02:00,4.4938,4.5186,451.0,
2026-04-21T11:00:00.0000000+02:00,4.5042,4.5272,503.0,
2026-04-21T11:15:00.0000000+02:00,,4.528,553.6667,
2026-04-21T11:30:00.0000000+02:00,,4.528,602.0,
2026-04-21T11:45:00.0000000+02:00,,4.528,649.0,
2026-04-21T12:00:00.0000000+02:00,,4.528,693.6667,
2026-04-21T12:15:00.0000000+02:00,,4.528,735.3333,
2026-04-21T12:30:00.0000000+02:00,,4.528,774.0,
2026-04-21T12:45:00.0000000+02:00,,4.528,809.6667,
2026-04-21T13:00:00.0000000+02:00,,4.528,842.0,
2026-04-21T13:15:00.0000000+02:00,,4.528,871.6667,
2026-04-21T13:30:00.0000000+02:00,,4.528,897.0,
2026-04-21T13:45:00.0000000+02:00,,4.528,919.0,
2026-04-21T14:00:00.0000000+02:00,,4.528,937.3333,
2026-04-21T14:15:00.0000000+02:00,,4.528,952.0,
2026-04-21T14:30:00.0000000+02:00,,4.528,962.0,
2026-04-21T14:45:00.0000000+02:00,,4.528,968.6667,
2026-04-21T15:00:00.0000000+02:00,,4.5269,971.0,
2026-04-21T15:15:00.0000000+02:00,4.4935,4.5183,969.0,
2026-04-21T15:30:00.0000000+02:00,4.4719,4.4983,963.6667,
2026-04-21T15:45:00.0000000+02:00,4.4046,4.4546,954.0,
2026-04-21T16:00:00.0000000+02:00,4.2404,4.2965,939.6667,
2026-04-21T16:15:00.0000000+02:00,3.99,4.0344,921.0,
2026-04-21T16:30:00.0000000+02:00,3.7026,3.7436,899.0,
2026-04-21T16:45:00.0000000+02:00,3.3736,3.4138,873.0,
2026-04-21T17:00:00.0000000+02:00,3.0658,3.0773,843.6667,
2026-04-21T17:15:00.0000000+02:00,2.7191,2.7379,812.0,
2026-04-21T17:30:00.0000000+02:00,2.3786,2.3778,776.6667,
2026-04-21T17:45:00.0000000+02:00,2.0116,2.0131,738.6667,
2026-04-21T18:00:00.0000000+02:00,1.6423,1.6432,698.0,
2026-04-21T18:15:00.0000000+02:00,1.2845,1.2797,654.0,
2026-04-21T18:30:00.0000000+02:00,0.9479,0.9393,608.3333,
2026-04-21T18:45:00.0000000+02:00,0.6524,0.6411,560.3333,
2026-04-21T19:00:00.0000000+02:00,0.4029,0.4041,511.0,
2026-04-21T19:15:00.0000000+02:00,0.2398,0.2441,459.3333,
2026-04-21T19:30:00.0000000+02:00,0.1466,0.1497,406.6667,
2026-04-21T19:45:00.0000000+02:00,,0.0901,353.6667,
2026-04-21T20:00:00.0000000+02:00,0.0392,0.0517,300.6667,
2026-04-21T20:15:00.0000000+02:00,0.0131,0.022,248.3333,96.875
2026-04-21T20:30:00.0000000+02:00,,0.0053,197.3333,75.0
2026-04-21T20:45:00.0000000+02:00,-0.0078,0.0014,148.0,38.8889
2026-04-21T21:00:00.0000000+02:00,,0.0004,102.3333,12.5
2026-04-21T21:15:00.0000000+02:00,,0.0,61.0,
2026-04-21T21:30:00.0000000+02:00,,0.0,27.3333,
2026-04-21T21:45:00.0000000+02:00,,0.0,15.0,
2026-04-21T22:00:00.0000000+02:00,,0.0,6.0,
2026-04-21T22:15:00.0000000+02:00,,0.0,0.0,
2026-04-21T22:30:00.0000000+02:00,,0.0,0.0,
2026-04-21T22:45:00.0000000+02:00,,0.0,0.0,0.0
2026-04-21T23:00:00.0000000+02:00,,0.0,0.0,
2026-04-21T23:15:00.0000000+02:00,,0.0,0.0,
2026-04-21T23:30:00.0000000+02:00,,0.0,0.0,
2026-04-21T23:45:00.0000000+02:00,,0.0,0.0,
2026-04-22T00:00:00.0000000+02:00,,0.0,0.0,
2026-04-22T00:15:00.0000000+02:00,,0.0,0.0,
2026-04-22T00:30:00.0000000+02:00,,0.0,0.0,
2026-04-22T00:45:00.0000000+02:00,,0.0,0.0,
2026-04-22T01:00:00.0000000+02:00,,0.0,0.0,
2026-04-22T01:15:00.0000000+02:00,,0.0,0.0,
2026-04-22T01:30:00.0000000+02:00,,0.0,0.0,
2026-04-22T01:45:00.0000000+02:00,,0.0,0.0,
2026-04-22T02:00:00.0000000+02:00,,0.0,0.0,
2026-04-22T02:15:00.0000000+02:00,,0.0,0.0,
2026-04-22T02:30:00.0000000+02:00,,0.0,0.0,
2026-04-22T02:45:00.0000000+02:00,,0.0,0.0,
2026-04-22T03:00:00.0000000+02:00,,0.0,0.0,
2026-04-22T03:15:00.0000000+02:00,,0.0,0.0,
2026-04-22T03:30:00.0000000+02:00,,0.0,0.0,
2026-04-22T03:45:00.0000000+02:00,,0.0,0.0,
2026-04-22T04:00:00.0000000+02:00,,0.0,0.0,
2026-04-22T04:15:00.0000000+02:00,,0.0,0.0,
2026-04-22T04:30:00.0000000+02:00,,0.0,0.0,
2026-04-22T04:45:00.0000000+02:00,,0.0,0.0,6.25
2026-04-22T05:00:00.0000000+02:00,,0.0,0.0,
2026-04-22T05:15:00.0000000+02:00,,0.0029,0.0,67.0455
2026-04-22T05:30:00.0000000+02:00,0.0133,0.0252,0.0,
2026-04-22T05:45:00.0000000+02:00,0.0461,0.0598,0.0,
2026-04-22T06:00:00.0000000+02:00,0.0858,0.1004,0.0,
2026-04-22T06:15:00.0000000+02:00,0.1361,0.1504,0.0,
2026-04-22T06:30:00.0000000+02:00,0.2225,0.2252,0.0,
2026-04-22T06:45:00.0000000+02:00,0.3745,0.3824,0.0,
2026-04-22T07:00:00.0000000+02:00,0.5242,0.529,0.0,
2026-04-22T07:15:00.0000000+02:00,0.7247,0.7249,0.0,
2026-04-22T07:30:00.0000000+02:00,1.0213,1.0241,0.0,
2026-04-22T07:45:00.0000000+02:00,1.37,1.3796,1.3333,
2026-04-22T08:00:00.0000000+02:00,1.748,1.757,13.0,
2026-04-22T08:15:00.0000000+02:00,2.121,2.1347,18.6667,
2026-04-22T08:30:00.0000000+02:00,2.4839,2.5062,20.6667,96.875
2026-04-22T08:45:00.0000000+02:00,2.8539,2.8693,53.3333,
2026-04-22T09:00:00.0000000+02:00,3.1861,3.2239,94.3333,
2026-04-22T09:15:00.0000000+02:00,3.5276,3.5728,139.6667,
2026-04-22T09:30:00.0000000+02:00,3.8336,3.8844,188.3333,
2026-04-22T09:45:00.0000000+02:00,4.103,4.1632,238.6667,
2026-04-22T10:00:00.0000000+02:00,4.3152,4.3639,290.3333,
2026-04-22T10:15:00.0000000+02:00,4.4269,4.4576,342.3333,
2026-04-22T10:30:00.0000000+02:00,4.4659,4.4907,394.3333,
2026-04-22T10:45:00.0000000+02:00,4.4882,4.5138,446.0,
2026-04-22T11:00:00.0000000+02:00,4.5058,4.5269,497.0,
2026-04-22T11:15:00.0000000+02:00,,4.528,547.3333,
2026-04-22T11:30:00.0000000+02:00,,4.528,596.0,
2026-04-22T11:45:00.0000000+02:00,,4.528,643.0,
2026-04-22T12:00:00.0000000+02:00,,4.528,687.6667,
2026-04-22T12:15:00.0000000+02:00,,4.528,729.6667,
2026-04-22T12:30:00.0000000+02:00,,4.528,769.0,
2026-04-22T12:45:00.0000000+02:00,,4.528,805.3333,
2026-04-22T13:00:00.0000000+02:00,,4.528,838.3333,
2026-04-22T13:15:00.0000000+02:00,,4.528,867.6667,
2026-04-22T13:30:00.0000000+02:00,,4.528,894.0,
2026-04-22T13:45:00.0000000+02:00,,4.528,916.0,
2026-04-22T14:00:00.0000000+02:00,4.4943,4.528,934.6667,
2026-04-22T14:15:00.0000000+02:00,,4.528,949.0,
2026-04-22T14:30:00.0000000+02:00,4.4986,4.5271,960.0,
2026-04-22T14:45:00.0000000+02:00,4.4939,4.5275,966.6667,
2026-04-22T15:00:00.0000000+02:00,3.7229,3.9544,969.0,
2026-04-22T15:15:00.0000000+02:00,4.1969,4.2831,968.0,
2026-04-22T15:30:00.0000000+02:00,4.4372,4.5008,962.6667,
2026-04-22T15:45:00.0000000+02:00,4.2107,4.2697,953.0,
2026-04-22T16:00:00.0000000+02:00,3.6899,3.7073,939.6667,
2026-04-22T16:15:00.0000000+02:00,3.2291,3.2446,921.6667,
2026-04-22T16:30:00.0000000+02:00,3.5374,3.5698,900.0,
2026-04-22T16:45:00.0000000+02:00,3.3965,3.4305,874.0,
2026-04-22T17:00:00.0000000+02:00,3.1069,3.1188,845.3333,
2026-04-22T17:15:00.0000000+02:00,2.4878,2.4842,740.0,
2026-04-22T17:30:00.0000000+02:00,1.8831,1.8894,762.0,
2026-04-22T17:45:00.0000000+02:00,1.6767,1.6992,741.0,
2026-04-22T18:00:00.0000000+02:00,1.3356,1.3697,696.6667,
2026-04-22T18:15:00.0000000+02:00,1.2977,1.2778,591.3333,
2026-04-22T18:30:00.0000000+02:00,1.0072,0.9935,535.6667,
2026-04-22T18:45:00.0000000+02:00,0.7416,0.7257,557.0,
2026-04-22T19:00:00.0000000+02:00,0.502,0.4984,509.3333,
2026-04-22T19:15:00.0000000+02:00,0.3276,0.3315,456.6667,
2026-04-22T19:30:00.0000000+02:00,0.1905,0.1971,389.3333,
2026-04-22T19:45:00.0000000+02:00,0.0901,0.0998,336.3333,
2026-04-22T20:00:00.0000000+02:00,0.0352,0.0465,279.0,
2026-04-22T20:15:00.0000000+02:00,0.003,0.0106,217.3333,89.0625
2026-04-22T20:30:00.0000000+02:00,,0.0033,184.3333,76.4423
2026-04-22T20:45:00.0000000+02:00,,0.0011,101.6667,46.4286
2026-04-22T21:00:00.0000000+02:00,,0.0,66.3333,21.875
2026-04-22T21:15:00.0000000+02:00,,0.0,42.0,
2026-04-22T21:30:00.0000000+02:00,,0.0,30.6667,
2026-04-22T21:45:00.0000000+02:00,,0.0,18.3333,
2026-04-22T22:00:00.0000000+02:00,,0.0,4.3333,
2026-04-22T22:15:00.0000000+02:00,,0.0,0.0,
2026-04-22T22:30:00.0000000+02:00,,0.0,0.0,0.0
2026-04-22T22:45:00.0000000+02:00,,0.0,0.0,
2026-04-22T23:00:00.0000000+02:00,,0.0,0.0,
2026-04-22T23:15:00.0000000+02:00,,0.0,0.0,
2026-04-22T23:30:00.0000000+02:00,,0.0,0.0,
2026-04-22T23:45:00.0000000+02:00,,0.0,0.0,
2026-04-23T00:00:00.0000000+02:00,,0.0,0.0,
2026-04-23T00:15:00.0000000+02:00,,0.0,0.0,
2026-04-23T00:30:00.0000000+02:00,,0.0,0.0,
2026-04-23T00:45:00.0000000+02:00,,0.0,0.0,
2026-04-23T01:00:00.0000000+02:00,,0.0,0.0,
2026-04-23T01:15:00.0000000+02:00,,0.0,0.0,
2026-04-23T01:30:00.0000000+02:00,,0.0,0.0,
2026-04-23T01:45:00.0000000+02:00,,0.0,0.0,
2026-04-23T02:00:00.0000000+02:00,,0.0,0.0,
2026-04-23T02:15:00.0000000+02:00,,0.0,0.0,
2026-04-23T02:30:00.0000000+02:00,,0.0,0.0,
2026-04-23T02:45:00.0000000+02:00,,0.0,0.0,
2026-04-23T03:00:00.0000000+02:00,,0.0,0.0,
2026-04-23T03:15:00.0000000+02:00,,0.0,0.0,
2026-04-23T03:30:00.0000000+02:00,,0.0,0.0,
2026-04-23T03:45:00.0000000+02:00,,0.0,0.0,
2026-04-23T04:00:00.0000000+02:00,,0.0,0.0,
2026-04-23T04:15:00.0000000+02:00,,0.0,0.0,
2026-04-23T04:30:00.0000000+02:00,,0.0,0.0,
2026-04-23T04:45:00.0000000+02:00,,0.0,0.0,9.375
2026-04-23T05:00:00.0000000+02:00,,0.0,0.0,18.75
2026-04-23T05:15:00.0000000+02:00,,0.0067,0.0,65.625
2026-04-23T05:30:00.0000000+02:00,0.0189,0.0296,0.0,
2026-04-23T05:45:00.0000000+02:00,0.0516,0.0616,0.0,
2026-04-23T06:00:00.0000000+02:00,0.0914,0.1007,0.0,
2026-04-23T06:15:00.0000000+02:00,0.1352,0.146,0.0,
2026-04-23T06:30:00.0000000+02:00,0.1966,0.2077,0.0,
2026-04-23T06:45:00.0000000+02:00,0.2994,0.3115,0.0,
2026-04-23T07:00:00.0000000+02:00,0.471,0.4844,0.0,
2026-04-23T07:15:00.0000000+02:00,0.7234,0.7265,0.0,
2026-04-23T07:30:00.0000000+02:00,0.9907,0.9845,0.0,
2026-04-23T07:45:00.0000000+02:00,1.401,1.4016,2.3333,
2026-04-23T08:00:00.0000000+02:00,1.7681,1.781,13.3333,
2026-04-23T08:15:00.0000000+02:00,2.1124,2.1262,17.6667,
2026-04-23T08:30:00.0000000+02:00,2.4855,2.5046,23.0,
2026-04-23T08:45:00.0000000+02:00,2.8271,2.8515,55.6667,
2026-04-23T09:00:00.0000000+02:00,3.1998,3.2261,96.0,
2026-04-23T09:15:00.0000000+02:00,3.5264,3.5613,140.3333,
2026-04-23T09:30:00.0000000+02:00,3.746,3.8299,188.0,
2026-04-23T09:45:00.0000000+02:00,4.0761,4.1264,237.0,
2026-04-23T10:00:00.0000000+02:00,4.2808,4.327,288.0,
2026-04-23T10:15:00.0000000+02:00,4.4037,4.4432,339.6667,
2026-04-23T10:30:00.0000000+02:00,4.4577,4.4818,391.6667,
2026-04-23T10:45:00.0000000+02:00,4.4836,4.5047,443.0,
2026-04-23T11:00:00.0000000+02:00,4.4991,4.5226,493.6667,
2026-04-23T11:15:00.0000000+02:00,3.8006,4.34,543.0,
2026-04-23T11:30:00.0000000+02:00,3.9671,4.4235,590.6667,
2026-04-23T11:45:00.0000000+02:00,,4.528,636.0,
2026-04-23T12:00:00.0000000+02:00,,4.528,679.6667,
2026-04-23T12:15:00.0000000+02:00,4.4473,4.5273,720.0,
2026-04-23T12:30:00.0000000+02:00,4.0898,4.4701,758.3333,
2026-04-23T12:45:00.0000000+02:00,4.4892,4.528,793.6667,
2026-04-23T13:00:00.0000000+02:00,,4.528,825.3333,
2026-04-23T13:15:00.0000000+02:00,,4.528,853.6667,
2026-04-23T13:30:00.0000000+02:00,,4.528,878.0,
2026-04-23T13:45:00.0000000+02:00,,4.528,899.0,
2026-04-23T14:00:00.0000000+02:00,,4.528,916.0,
2026-04-23T14:15:00.0000000+02:00,,4.528,930.0,
2026-04-23T14:30:00.0000000+02:00,,4.528,939.6667,
2026-04-23T14:45:00.0000000+02:00,4.492,4.5248,945.6667,
2026-04-23T15:00:00.0000000+02:00,,4.524,948.0,
2026-04-23T15:15:00.0000000+02:00,4.484,4.5115,945.6667,
2026-04-23T15:30:00.0000000+02:00,4.4465,4.4852,939.6667,
2026-04-23T15:45:00.0000000+02:00,4.3569,4.4064,929.6667,
2026-04-23T16:00:00.0000000+02:00,4.1635,4.2186,916.0,
2026-04-23T16:15:00.0000000+02:00,3.9085,3.9538,899.0,
2026-04-23T16:30:00.0000000+02:00,3.6462,3.6878,878.6667,
2026-04-23T16:45:00.0000000+02:00,3.2888,3.3081,854.3333,
2026-04-23T17:00:00.0000000+02:00,3.002,3.0297,826.6667,
2026-04-23T17:15:00.0000000+02:00,2.6926,2.7206,795.0,
2026-04-23T17:30:00.0000000+02:00,2.3405,2.3282,761.0,
2026-04-23T17:45:00.0000000+02:00,1.9729,1.9875,723.6667,
2026-04-23T18:00:00.0000000+02:00,1.6439,1.6467,683.6667,
2026-04-23T18:15:00.0000000+02:00,1.2986,1.3095,641.3333,
2026-04-23T18:30:00.0000000+02:00,0.9341,0.9305,596.6667,
2026-04-23T18:45:00.0000000+02:00,0.6388,0.6384,550.0,
2026-04-23T19:00:00.0000000+02:00,0.4133,0.4107,501.6667,
2026-04-23T19:15:00.0000000+02:00,0.2457,0.2495,452.0,
2026-04-23T19:30:00.0000000+02:00,0.1402,0.1492,401.0,
2026-04-23T19:45:00.0000000+02:00,0.0814,0.0898,350.0,
2026-04-23T20:00:00.0000000+02:00,0.0396,0.0492,298.3333,
2026-04-23T20:15:00.0000000+02:00,0.0079,0.0199,247.0,
2026-04-23T20:30:00.0000000+02:00,-0.0077,0.0062,196.6667,79.375
2026-04-23T20:45:00.0000000+02:00,,0.0016,148.6667,43.75
2026-04-23T21:00:00.0000000+02:00,,0.0007,104.0,12.5
2026-04-23T21:15:00.0000000+02:00,,0.0,64.0,
2026-04-23T21:30:00.0000000+02:00,,0.0,30.0,
2026-04-23T21:45:00.0000000+02:00,,0.0,19.0,
2026-04-23T22:00:00.0000000+02:00,,0.0,10.0,
2026-04-23T22:15:00.0000000+02:00,,0.0,0.6667,
2026-04-23T22:30:00.0000000+02:00,,0.0,0.0,
2026-04-23T22:45:00.0000000+02:00,,0.0,0.0,0.0
2026-04-23T23:00:00.0000000+02:00,,0.0,0.0,
2026-04-23T23:15:00.0000000+02:00,,0.0,0.0,
2026-04-23T23:30:00.0000000+02:00,,0.0,0.0,
2026-04-23T23:45:00.0000000+02:00,,0.0,0.0,
2026-04-24T00:00:00.0000000+02:00,,0.0,0.0,
2026-04-24T00:15:00.0000000+02:00,,0.0,0.0,
2026-04-24T00:30:00.0000000+02:00,,0.0,0.0,
2026-04-24T00:45:00.0000000+02:00,,0.0,0.0,
2026-04-24T01:00:00.0000000+02:00,,0.0,0.0,
2026-04-24T01:15:00.0000000+02:00,,0.0,0.0,
2026-04-24T01:30:00.0000000+02:00,,0.0,0.0,
2026-04-24T01:45:00.0000000+02:00,,0.0,0.0,
2026-04-24T02:00:00.0000000+02:00,,0.0,0.0,
2026-04-24T02:15:00.0000000+02:00,,0.0,0.0,
2026-04-24T02:30:00.0000000+02:00,,0.0,0.0,
2026-04-24T02:45:00.0000000+02:00,,0.0,0.0,
2026-04-24T03:00:00.0000000+02:00,,0.0,0.0,
2026-04-24T03:15:00.0000000+02:00,,0.0,0.0,
2026-04-24T03:30:00.0000000+02:00,,0.0,0.0,
2026-04-24T03:45:00.0000000+02:00,,0.0,0.0,
2026-04-24T04:00:00.0000000+02:00,,0.0,0.0,
2026-04-24T04:15:00.0000000+02:00,,0.0,0.0,
2026-04-24T04:30:00.0000000+02:00,,0.0,0.0,
2026-04-24T04:45:00.0000000+02:00,,0.0,0.0,6.25
2026-04-24T05:00:00.0000000+02:00,,0.0,0.0,
2026-04-24T05:15:00.0000000+02:00,0.0026,0.0097,0.0,72.9167
2026-04-24T05:30:00.0000000+02:00,0.0234,0.0369,0.0,
2026-04-24T05:45:00.0000000+02:00,0.0593,0.0679,0.0,
2026-04-24T06:00:00.0000000+02:00,0.102,0.1082,0.0,
2026-04-24T06:15:00.0000000+02:00,0.1482,0.1588,0.0,
2026-04-24T06:30:00.0000000+02:00,0.2158,0.2259,0.0,
2026-04-24T06:45:00.0000000+02:00,0.3405,0.3457,0.0,
2026-04-24T07:00:00.0000000+02:00,0.524,0.5264,0.0,
2026-04-24T07:15:00.0000000+02:00,0.7851,0.7776,0.0,
2026-04-24T07:30:00.0000000+02:00,1.0624,1.0811,0.0,
2026-04-24T07:45:00.0000000+02:00,1.4393,1.4322,3.6667,
2026-04-24T08:00:00.0000000+02:00,1.7999,1.8023,16.0,
2026-04-24T08:15:00.0000000+02:00,2.1783,2.1759,18.6667,
2026-04-24T08:30:00.0000000+02:00,2.5364,2.5639,25.3333,
2026-04-24T08:45:00.0000000+02:00,2.8978,2.9183,59.3333,
2026-04-24T09:00:00.0000000+02:00,3.2448,3.2685,100.0,
2026-04-24T09:15:00.0000000+02:00,3.5617,3.6037,144.3333,
2026-04-24T09:30:00.0000000+02:00,3.8529,3.9097,192.0,
2026-04-24T09:45:00.0000000+02:00,4.1207,4.1753,241.3333,
2026-04-24T10:00:00.0000000+02:00,4.3065,4.3594,292.0,
2026-04-24T10:15:00.0000000+02:00,4.4105,4.4507,343.0,
2026-04-24T10:30:00.0000000+02:00,4.4609,4.4859,395.0,
2026-04-24T10:45:00.0000000+02:00,4.487,4.5078,446.0,
2026-04-24T11:00:00.0000000+02:00,4.5022,4.5239,496.3333,
2026-04-24T11:15:00.0000000+02:00,,4.528,545.0,
2026-04-24T11:30:00.0000000+02:00,,4.528,592.6667,
2026-04-24T11:45:00.0000000+02:00,,4.528,638.0,
2026-04-24T12:00:00.0000000+02:00,,4.528,681.0,
2026-04-24T12:15:00.0000000+02:00,,4.528,722.0,
2026-04-24T12:30:00.0000000+02:00,,4.528,760.6667,
2026-04-24T12:45:00.0000000+02:00,,4.528,795.6667,
2026-04-24T13:00:00.0000000+02:00,,4.528,828.0,
2026-04-24T13:15:00.0000000+02:00,,4.528,856.6667,
2026-04-24T13:30:00.0000000+02:00,,4.528,882.0,
2026-04-24T13:45:00.0000000+02:00,,4.528,903.6667,
2026-04-24T14:00:00.0000000+02:00,,4.528,921.6667,
2026-04-24T14:15:00.0000000+02:00,,4.528,936.0,
2026-04-24T14:30:00.0000000+02:00,,4.528,946.0,
2026-04-24T14:45:00.0000000+02:00,,4.528,952.6667,
2026-04-24T15:00:00.0000000+02:00,4.4918,4.5222,955.0,
2026-04-24T15:15:00.0000000+02:00,4.476,4.5066,954.0,
2026-04-24T15:30:00.0000000+02:00,4.4381,4.4754,949.0,
2026-04-24T15:45:00.0000000+02:00,4.332,4.3858,940.0,
2026-04-24T16:00:00.0000000+02:00,4.134,4.182,927.0,
2026-04-24T16:15:00.0000000+02:00,3.9064,3.9418,910.0,
2026-04-24T16:30:00.0000000+02:00,3.63,3.6756,889.6667,
2026-04-24T16:45:00.0000000+02:00,3.3404,3.3719,865.3333,
2026-04-24T17:00:00.0000000+02:00,3.0361,3.0455,837.0,
2026-04-24T17:15:00.0000000+02:00,2.6879,2.706,805.0,
2026-04-24T17:30:00.0000000+02:00,2.348,2.35,769.6667,
2026-04-24T17:45:00.0000000+02:00,1.9869,1.9877,731.0,
2026-04-24T18:00:00.0000000+02:00,1.6285,1.6319,690.0,
2026-04-24T18:15:00.0000000+02:00,1.2947,1.2811,647.0,
2026-04-24T18:30:00.0000000+02:00,0.9602,0.9549,601.6667,
2026-04-24T18:45:00.0000000+02:00,0.667,0.6663,555.0,
2026-04-24T19:00:00.0000000+02:00,0.4277,0.4359,506.0,
2026-04-24T19:15:00.0000000+02:00,0.2704,0.2745,456.0,
2026-04-24T19:30:00.0000000+02:00,0.1684,0.1745,405.6667,
2026-04-24T19:45:00.0000000+02:00,0.1009,0.1097,354.0,
2026-04-24T20:00:00.0000000+02:00,0.0537,0.0644,303.0,
2026-04-24T20:15:00.0000000+02:00,0.022,0.0309,252.0,
2026-04-24T20:30:00.0000000+02:00,0.0011,0.0089,201.6667,90.0
2026-04-24T20:45:00.0000000+02:00,,0.0022,153.3333,55.4688
2026-04-24T21:00:00.0000000+02:00,,0.0008,108.0,20.0
2026-04-24T21:15:00.0000000+02:00,,0.0,66.0,
2026-04-24T21:30:00.0000000+02:00,,0.0,32.3333,
2026-04-24T21:45:00.0000000+02:00,,0.0,16.0,
2026-04-24T22:00:00.0000000+02:00,,0.0,9.6667,
2026-04-24T22:15:00.0000000+02:00,,0.0,1.0,
2026-04-24T22:30:00.0000000+02:00,,0.0,0.0,
2026-04-24T22:45:00.0000000+02:00,,0.0,0.0,0.0
2026-04-24T23:00:00.0000000+02:00,,0.0,0.0,
2026-04-24T23:15:00.0000000+02:00,,0.0,0.0,
2026-04-24T23:30:00.0000000+02:00,,0.0,0.0,
2026-04-24T23:45:00.0000000+02:00,,0.0,0.0,
2026-04-25T00:00:00.0000000+02:00,,0.0,0.0,
2026-04-25T00:15:00.0000000+02:00,,0.0,0.0,
2026-04-25T00:30:00.0000000+02:00,,0.0,0.0,
2026-04-25T00:45:00.0000000+02:00,,0.0,0.0,
2026-04-25T01:00:00.0000000+02:00,,0.0,0.0,
2026-04-25T01:15:00.0000000+02:00,,0.0,0.0,
2026-04-25T01:30:00.0000000+02:00,,0.0,0.0,
2026-04-25T01:45:00.0000000+02:00,,0.0,0.0,
2026-04-25T02:00:00.0000000+02:00,,0.0,0.0,
2026-04-25T02:15:00.0000000+02:00,,0.0,0.0,
2026-04-25T02:30:00.0000000+02:00,,0.0,0.0,
2026-04-25T02:45:00.0000000+02:00,,0.0,0.0,
2026-04-25T03:00:00.0000000+02:00,,0.0,0.0,
2026-04-25T03:15:00.0000000+02:00,,0.0,0.0,
2026-04-25T03:30:00.0000000+02:00,,0.0,0.0,
2026-04-25T03:45:00.0000000+02:00,,0.0,0.0,
2026-04-25T04:00:00.0000000+02:00,,0.0,0.0,
2026-04-25T04:15:00.0000000+02:00,,0.0,0.0,
2026-04-25T04:30:00.0000000+02:00,,0.0,0.0,
2026-04-25T04:45:00.0000000+02:00,,0.0,0.0,6.25
2026-04-25T05:00:00.0000000+02:00,,0.0,0.0,
2026-04-25T05:15:00.0000000+02:00,,0.0027,0.0,67.9688
2026-04-25T05:30:00.0000000+02:00,0.017,0.0202,0.0,96.875
2026-04-25T05:45:00.0000000+02:00,0.0614,0.0767,0.0,
2026-04-25T06:00:00.0000000+02:00,0.1898,0.2008,0.0,
2026-04-25T06:15:00.0000000+02:00,0.3184,0.3275,0.0,
2026-04-25T06:30:00.0000000+02:00,0.4894,0.5129,0.0,
2026-04-25T06:45:00.0000000+02:00,0.4237,0.419,0.0,
2026-04-25T07:00:00.0000000+02:00,0.6556,0.6672,0.0,
2026-04-25T07:15:00.0000000+02:00,0.8658,0.8813,0.0,
2026-04-25T07:30:00.0000000+02:00,1.1958,1.2031,0.0,
2026-04-25T07:45:00.0000000+02:00,1.3627,1.3799,2.0,
2026-04-25T08:00:00.0000000+02:00,1.7612,1.7919,10.6667,
2026-04-25T08:15:00.0000000+02:00,1.3619,1.3496,28.6667,
2026-04-25T08:30:00.0000000+02:00,1.4446,1.4437,35.6667,
2026-04-25T08:45:00.0000000+02:00,1.6236,1.6173,75.0,
2026-04-25T09:00:00.0000000+02:00,2.1766,2.2089,101.0,
2026-04-25T09:15:00.0000000+02:00,2.631,2.6804,121.0,
2026-04-25T09:30:00.0000000+02:00,3.0777,3.0595,172.6667,
2026-04-25T09:45:00.0000000+02:00,2.4827,2.5204,212.0,
2026-04-25T10:00:00.0000000+02:00,3.2241,3.1572,259.3333,
2026-04-25T10:15:00.0000000+02:00,3.6607,3.7656,184.0,
2026-04-25T10:30:00.0000000+02:00,3.3068,3.2763,152.6667,
2026-04-25T10:45:00.0000000+02:00,4.1535,4.342,144.6667,
2026-04-25T11:00:00.0000000+02:00,3.48,3.8367,203.3333,
2026-04-25T11:15:00.0000000+02:00,3.2773,3.382,253.0,
2026-04-25T11:30:00.0000000+02:00,3.5687,3.9787,296.0,
2026-04-25T11:45:00.0000000+02:00,3.0638,3.0687,271.3333,
2026-04-25T12:00:00.0000000+02:00,2.3115,2.3183,381.3333,
2026-04-25T12:15:00.0000000+02:00,3.2993,3.3317,559.6667,
2026-04-25T12:30:00.0000000+02:00,2.84,2.8152,635.0,
2026-04-25T12:45:00.0000000+02:00,2.2212,2.2444,735.3333,
2026-04-25T13:00:00.0000000+02:00,2.2993,2.2853,816.0,
2026-04-25T13:15:00.0000000+02:00,2.6055,2.5878,741.0,
2026-04-25T13:30:00.0000000+02:00,2.6388,2.6456,712.0,
2026-04-25T13:45:00.0000000+02:00,2.9971,3.0213,647.3333,
2026-04-25T14:00:00.0000000+02:00,2.7721,2.7759,668.3333,
2026-04-25T14:15:00.0000000+02:00,3.0949,3.158,463.3333,
2026-04-25T14:30:00.0000000+02:00,3.1024,2.9758,427.0,
2026-04-25T14:45:00.0000000+02:00,2.68,2.7131,432.6667,
2026-04-25T15:00:00.0000000+02:00,2.8079,2.912,453.0,
2026-04-25T15:15:00.0000000+02:00,2.7467,2.6827,494.3333,
2026-04-25T15:30:00.0000000+02:00,3.1,3.6222,488.6667,
2026-04-25T15:45:00.0000000+02:00,1.6433,1.6595,390.6667,
2026-04-25T16:00:00.0000000+02:00,3.2409,3.4657,398.6667,
2026-04-25T16:15:00.0000000+02:00,3.0089,2.9215,400.6667,
2026-04-25T16:30:00.0000000+02:00,3.0898,3.0021,383.6667,
2026-04-25T16:45:00.0000000+02:00,2.5372,2.6604,383.0,
2026-04-25T17:00:00.0000000+02:00,1.2091,1.1553,346.3333,
2026-04-25T17:15:00.0000000+02:00,0.9879,0.9999,373.0,
2026-04-25T17:30:00.0000000+02:00,1.8073,1.7746,313.0,
2026-04-25T17:45:00.0000000+02:00,0.0852,0.062,268.0,
2026-04-25T18:00:00.0000000+02:00,0.0572,0.045,317.0,
2026-04-25T18:15:00.0000000+02:00,0.0825,0.0843,376.6667,
2026-04-25T18:30:00.0000000+02:00,0.3431,0.3557,514.3333,
2026-04-25T18:45:00.0000000+02:00,0.967,0.9511,492.6667,
2026-04-25T19:00:00.0000000+02:00,0.5229,0.5196,323.0,
2026-04-25T19:15:00.0000000+02:00,0.3221,0.3395,169.6667,
2026-04-25T19:30:00.0000000+02:00,0.2731,0.2937,250.0,
2026-04-25T19:45:00.0000000+02:00,0.1386,0.1263,74.0,
2026-04-25T20:00:00.0000000+02:00,0.0612,0.0733,43.3333,
2026-04-25T20:15:00.0000000+02:00,0.0228,0.0302,25.6667,
2026-04-25T20:30:00.0000000+02:00,0.0019,0.0098,21.0,86.8056
2026-04-25T20:45:00.0000000+02:00,-0.0083,0.0025,68.6667,57.8125
2026-04-25T21:00:00.0000000+02:00,,0.001,105.3333,18.75
2026-04-25T21:15:00.0000000+02:00,,0.0,69.6667,0.0
2026-04-25T21:30:00.0000000+02:00,,0.0,39.0,
2026-04-25T21:45:00.0000000+02:00,,0.0,18.6667,
2026-04-25T22:00:00.0000000+02:00,,0.0,6.0,
2026-04-25T22:15:00.0000000+02:00,,0.0,1.0,
2026-04-25T22:30:00.0000000+02:00,,0.0,0.0,
2026-04-25T22:45:00.0000000+02:00,,0.0,0.0,
2026-04-25T23:00:00.0000000+02:00,,0.0,0.0,
2026-04-25T23:15:00.0000000+02:00,,0.0,0.0,
2026-04-25T23:30:00.0000000+02:00,,0.0,0.0,
2026-04-25T23:45:00.0000000+02:00,,0.0,0.0,
2026-04-26T00:00:00.0000000+02:00,,0.0,0.0,
2026-04-26T00:15:00.0000000+02:00,,0.0,0.0,
2026-04-26T00:30:00.0000000+02:00,,0.0,0.0,
2026-04-26T00:45:00.0000000+02:00,,0.0,0.0,
2026-04-26T01:00:00.0000000+02:00,,0.0,0.0,
2026-04-26T01:15:00.0000000+02:00,,0.0,0.0,
2026-04-26T01:30:00.0000000+02:00,,0.0,0.0,
2026-04-26T01:45:00.0000000+02:00,,0.0,0.0,
2026-04-26T02:00:00.0000000+02:00,,0.0,0.0,
2026-04-26T02:15:00.0000000+02:00,,0.0,0.0,
2026-04-26T02:30:00.0000000+02:00,,0.0,0.0,
2026-04-26T02:45:00.0000000+02:00,,0.0,0.0,
2026-04-26T03:00:00.0000000+02:00,,0.0,0.0,
2026-04-26T03:15:00.0000000+02:00,,0.0,0.0,
2026-04-26T03:30:00.0000000+02:00,,0.0,0.0,
2026-04-26T03:45:00.0000000+02:00,,0.0,0.0,
2026-04-26T04:00:00.0000000+02:00,,0.0,0.0,
2026-04-26T04:15:00.0000000+02:00,,0.0,0.0,
2026-04-26T04:30:00.0000000+02:00,,0.0,0.0,
2026-04-26T04:45:00.0000000+02:00,,0.0,0.0,
2026-04-26T05:00:00.0000000+02:00,,0.0005,0.0,56.25
2026-04-26T05:15:00.0000000+02:00,0.0069,0.0167,0.0,93.75
2026-04-26T05:30:00.0000000+02:00,0.0335,0.0444,0.0,
2026-04-26T05:45:00.0000000+02:00,0.0663,0.0786,0.0,
2026-04-26T06:00:00.0000000+02:00,0.1109,0.1209,0.0,
2026-04-26T06:15:00.0000000+02:00,0.1629,0.1701,0.0,
2026-04-26T06:30:00.0000000+02:00,0.2265,0.2345,0.0,
2026-04-26T06:45:00.0000000+02:00,0.3583,0.3633,0.0,
2026-04-26T07:00:00.0000000+02:00,0.5679,0.574,0.0,
2026-04-26T07:15:00.0000000+02:00,0.8529,0.852,0.0,
2026-04-26T07:30:00.0000000+02:00,1.2016,1.2023,0.0,
2026-04-26T07:45:00.0000000+02:00,1.5827,1.5819,7.6667,
2026-04-26T08:00:00.0000000+02:00,1.9662,1.982,18.6667,
2026-04-26T08:15:00.0000000+02:00,2.376,2.3837,24.0,
2026-04-26T08:30:00.0000000+02:00,2.7799,2.7932,35.3333,
2026-04-26T08:45:00.0000000+02:00,3.1361,3.1664,69.6667,
2026-04-26T09:00:00.0000000+02:00,3.4997,3.5328,113.0,
2026-04-26T09:15:00.0000000+02:00,3.846,3.8841,160.6667,
2026-04-26T09:30:00.0000000+02:00,4.1303,4.191,211.0,
2026-04-26T09:45:00.0000000+02:00,4.339,4.3896,263.3333,
2026-04-26T10:00:00.0000000+02:00,4.4369,4.4691,316.3333,
2026-04-26T10:15:00.0000000+02:00,4.4709,4.4965,369.6667,
2026-04-26T10:30:00.0000000+02:00,4.4912,4.5185,423.0,
2026-04-26T10:45:00.0000000+02:00,,4.5279,475.6667,
2026-04-26T11:00:00.0000000+02:00,,4.528,527.0,
2026-04-26T11:15:00.0000000+02:00,,4.528,577.0,
2026-04-26T11:30:00.0000000+02:00,,4.528,625.6667,
2026-04-26T11:45:00.0000000+02:00,,4.528,672.0,
2026-04-26T12:00:00.0000000+02:00,,4.528,715.6667,
2026-04-26T12:15:00.0000000+02:00,,4.528,757.0,
2026-04-26T12:30:00.0000000+02:00,,4.528,795.6667,
2026-04-26T12:45:00.0000000+02:00,,4.528,831.0,
2026-04-26T13:00:00.0000000+02:00,,4.528,863.0,
2026-04-26T13:15:00.0000000+02:00,,4.528,891.6667,
2026-04-26T13:30:00.0000000+02:00,,4.528,916.6667,
2026-04-26T13:45:00.0000000+02:00,,4.528,937.6667,
2026-04-26T14:00:00.0000000+02:00,,4.528,955.0,
2026-04-26T14:15:00.0000000+02:00,,4.528,968.0,
2026-04-26T14:30:00.0000000+02:00,,4.528,977.0,
2026-04-26T14:45:00.0000000+02:00,,4.528,982.0,
2026-04-26T15:00:00.0000000+02:00,,4.528,983.6667,
2026-04-26T15:15:00.0000000+02:00,,4.5274,982.0,
2026-04-26T15:30:00.0000000+02:00,4.4855,4.5201,976.6667,
2026-04-26T15:45:00.0000000+02:00,4.4676,4.5024,967.0,
2026-04-26T16:00:00.0000000+02:00,2.4903,2.9539,953.6667,
2026-04-26T16:15:00.0000000+02:00,3.805,4.1304,934.0,
2026-04-26T16:30:00.0000000+02:00,3.9367,3.9773,911.6667,
2026-04-26T16:45:00.0000000+02:00,3.6068,3.6525,884.6667,
2026-04-26T17:00:00.0000000+02:00,3.2449,3.2968,855.0,
2026-04-26T17:15:00.0000000+02:00,2.2777,2.2676,822.6667,
2026-04-26T17:30:00.0000000+02:00,1.6265,1.6167,787.0,
2026-04-26T17:45:00.0000000+02:00,1.2727,1.2538,748.6667,
2026-04-26T18:00:00.0000000+02:00,1.2367,1.2053,704.0,
2026-04-26T18:15:00.0000000+02:00,1.3069,1.3602,662.6667,
2026-04-26T18:30:00.0000000+02:00,1.2658,1.2324,616.0,
2026-04-26T18:45:00.0000000+02:00,0.8225,0.8083,566.6667,
2026-04-26T19:00:00.0000000+02:00,0.4323,0.4339,516.0,
2026-04-26T19:15:00.0000000+02:00,0.4426,0.4718,442.3333,
2026-04-26T19:30:00.0000000+02:00,0.3682,0.3661,337.6667,
2026-04-26T19:45:00.0000000+02:00,0.2111,0.2162,268.6667,
2026-04-26T20:00:00.0000000+02:00,0.0957,0.1029,271.3333,
2026-04-26T20:15:00.0000000+02:00,0.0401,0.0534,207.3333,
2026-04-26T20:30:00.0000000+02:00,0.0072,0.0189,177.3333,96.875
2026-04-26T20:45:00.0000000+02:00,,0.0025,148.0,58.125
2026-04-26T21:00:00.0000000+02:00,,0.001,101.0,20.3125
2026-04-26T21:15:00.0000000+02:00,,0.0,62.3333,0.0
2026-04-26T21:30:00.0000000+02:00,,0.0,43.6667,
2026-04-26T21:45:00.0000000+02:00,,0.0,23.3333,
2026-04-26T22:00:00.0000000+02:00,,0.0,6.3333,
2026-04-26T22:15:00.0000000+02:00,,0.0,1.6667,
2026-04-26T22:30:00.0000000+02:00,,0.0,0.0,
2026-04-26T22:45:00.0000000+02:00,,0.0,0.0,
2026-04-26T23:00:00.0000000+02:00,,0.0,0.0,
2026-04-26T23:15:00.0000000+02:00,,0.0,0.0,
2026-04-26T23:30:00.0000000+02:00,,0.0,0.0,
2026-04-26T23:45:00.0000000+02:00,,0.0,0.0,
2026-04-27T00:00:00.0000000+02:00,,0.0,0.0,
2026-04-27T00:15:00.0000000+02:00,,0.0,0.0,
2026-04-27T00:30:00.0000000+02:00,,0.0,0.0,
2026-04-27T00:45:00.0000000+02:00,,0.0,0.0,
2026-04-27T01:00:00.0000000+02:00,,0.0,0.0,
2026-04-27T01:15:00.0000000+02:00,,0.0,0.0,
2026-04-27T01:30:00.0000000+02:00,,0.0,0.0,
2026-04-27T01:45:00.0000000+02:00,,0.0,0.0,
2026-04-27T02:00:00.0000000+02:00,,0.0,0.0,
2026-04-27T02:15:00.0000000+02:00,,0.0,0.0,
2026-04-27T02:30:00.0000000+02:00,,0.0,0.0,
2026-04-27T02:45:00.0000000+02:00,,0.0,0.0,
2026-04-27T03:00:00.0000000+02:00,,0.0,0.0,
2026-04-27T03:15:00.0000000+02:00,,0.0,0.0,
2026-04-27T03:30:00.0000000+02:00,,0.0,0.0,
2026-04-27T03:45:00.0000000+02:00,,0.0,0.0,
2026-04-27T04:00:00.0000000+02:00,,0.0,0.0,
2026-04-27T04:15:00.0000000+02:00,,0.0,0.0,
2026-04-27T04:30:00.0000000+02:00,,0.0,0.0,
2026-04-27T04:45:00.0000000+02:00,,0.0,0.0,
2026-04-27T05:00:00.0000000+02:00,,0.0019,0.0,77.6786
2026-04-27T05:15:00.0000000+02:00,0.0179,0.0208,0.0,
2026-04-27T05:30:00.0000000+02:00,0.045,0.0515,0.0,
2026-04-27T05:45:00.0000000+02:00,0.0772,0.0879,0.0,
2026-04-27T06:00:00.0000000+02:00,0.1209,0.1346,0.0,
2026-04-27T06:15:00.0000000+02:00,0.1809,0.1894,0.0,
2026-04-27T06:30:00.0000000+02:00,0.2948,0.2974,0.0,
2026-04-27T06:45:00.0000000+02:00,0.4717,0.4787,0.0,
2026-04-27T07:00:00.0000000+02:00,0.6376,0.6206,0.0,
2026-04-27T07:15:00.0000000+02:00,0.8656,0.8662,0.0,
2026-04-27T07:30:00.0000000+02:00,1.2062,1.2095,0.3333,
2026-04-27T07:45:00.0000000+02:00,1.6312,1.6405,10.0,
2026-04-27T08:00:00.0000000+02:00,2.0764,2.1004,20.3333,
2026-04-27T08:15:00.0000000+02:00,2.4265,2.4361,19.0,
2026-04-27T08:30:00.0000000+02:00,2.7377,2.755,35.0,
2026-04-27T08:45:00.0000000+02:00,3.078,3.0995,71.0,
2026-04-27T09:00:00.0000000+02:00,3.3996,3.4451,112.6667,
2026-04-27T09:15:00.0000000+02:00,3.7414,3.7806,158.0,
2026-04-27T09:30:00.0000000+02:00,4.042,4.0892,206.0,
2026-04-27T09:45:00.0000000+02:00,4.2712,4.3167,255.3333,
2026-04-27T10:00:00.0000000+02:00,4.3882,4.4306,304.3333,
2026-04-27T10:15:00.0000000+02:00,4.3409,4.4416,327.3333,
2026-04-27T10:30:00.0000000+02:00,4.3953,4.4722,365.6667,
2026-04-27T10:45:00.0000000+02:00,4.5012,4.5245,458.6667,
2026-04-27T11:00:00.0000000+02:00,,4.528,508.3333,
2026-04-27T11:15:00.0000000+02:00,4.3737,4.5253,557.0,
2026-04-27T11:30:00.0000000+02:00,,4.528,604.6667,
2026-04-27T11:45:00.0000000+02:00,4.4709,4.528,650.6667,
2026-04-27T12:00:00.0000000+02:00,4.5105,4.528,694.3333,
2026-04-27T12:15:00.0000000+02:00,,4.528,735.6667,
2026-04-27T12:30:00.0000000+02:00,,4.528,774.6667,
2026-04-27T12:45:00.0000000+02:00,4.1561,4.4279,810.6667,
2026-04-27T13:00:00.0000000+02:00,,4.528,843.6667,
2026-04-27T13:15:00.0000000+02:00,3.3763,3.7266,873.0,
2026-04-27T13:30:00.0000000+02:00,4.1791,4.5056,898.3333,
2026-04-27T13:45:00.0000000+02:00,3.414,4.1869,920.6667,
2026-04-27T14:00:00.0000000+02:00,3.0939,4.1181,938.6667,
2026-04-27T14:15:00.0000000+02:00,3.8974,4.301,953.0,
2026-04-27T14:30:00.0000000+02:00,3.2721,4.2905,963.6667,
2026-04-27T14:45:00.0000000+02:00,4.3901,4.5224,969.6667,
2026-04-27T15:00:00.0000000+02:00,3.5905,3.866,972.6667,
2026-04-27T15:15:00.0000000+02:00,4.1478,4.4281,971.0,
2026-04-27T15:30:00.0000000+02:00,4.4902,4.5152,965.6667,
2026-04-27T15:45:00.0000000+02:00,4.2113,4.4249,956.6667,
2026-04-27T16:00:00.0000000+02:00,4.3478,4.3952,943.0,
2026-04-27T16:15:00.0000000+02:00,4.0904,4.1711,925.6667,
2026-04-27T16:30:00.0000000+02:00,3.852,3.9002,904.0,
2026-04-27T16:45:00.0000000+02:00,3.5178,3.5594,879.0,
2026-04-27T17:00:00.0000000+02:00,3.2163,3.2373,850.0,
2026-04-27T17:15:00.0000000+02:00,2.8923,2.9127,818.0,
2026-04-27T17:30:00.0000000+02:00,2.5494,2.5459,782.6667,
2026-04-27T17:45:00.0000000+02:00,2.1986,2.1869,744.6667,
2026-04-27T18:00:00.0000000+02:00,1.8053,1.7965,703.6667,
2026-04-27T18:15:00.0000000+02:00,1.3576,1.3738,660.0,
2026-04-27T18:30:00.0000000+02:00,1.0079,1.029,614.6667,
2026-04-27T18:45:00.0000000+02:00,0.7078,0.732,567.0,
2026-04-27T19:00:00.0000000+02:00,0.5371,0.5312,518.0,
2026-04-27T19:15:00.0000000+02:00,0.37,0.3664,467.0,
2026-04-27T19:30:00.0000000+02:00,0.2577,0.2639,415.6667,
2026-04-27T19:45:00.0000000+02:00,0.1762,0.1862,363.6667,
2026-04-27T20:00:00.0000000+02:00,0.1183,0.1261,311.6667,
2026-04-27T20:15:00.0000000+02:00,0.0534,0.0662,260.0,
2026-04-27T20:30:00.0000000+02:00,0.0102,0.017,210.3333,
2026-04-27T20:45:00.0000000+02:00,-0.0057,0.0042,162.0,79.1667
2026-04-27T21:00:00.0000000+02:00,,0.0011,112.0,40.625
2026-04-27T21:15:00.0000000+02:00,,0.0002,76.0,18.75
2026-04-27T21:30:00.0000000+02:00,,0.0,47.0,
2026-04-27T21:45:00.0000000+02:00,,0.0,31.6667,
2026-04-27T22:00:00.0000000+02:00,,0.0,15.6667,
2026-04-27T22:15:00.0000000+02:00,,0.0,3.3333,
2026-04-27T22:30:00.0000000+02:00,,0.0,0.0,
2026-04-27T22:45:00.0000000+02:00,,0.0,0.0,
2026-04-27T23:00:00.0000000+02:00,,0.0,0.0,0.0
2026-04-27T23:15:00.0000000+02:00,,0.0,0.0,
2026-04-27T23:30:00.0000000+02:00,,0.0,0.0,
2026-04-27T23:45:00.0000000+02:00,,0.0,0.0,
2026-04-28T00:00:00.0000000+02:00,,0.0,0.0,
2026-04-28T00:15:00.0000000+02:00,,0.0,0.0,
2026-04-28T00:30:00.0000000+02:00,,0.0,0.0,
2026-04-28T00:45:00.0000000+02:00,,0.0,0.0,
2026-04-28T01:00:00.0000000+02:00,,0.0,0.0,
2026-04-28T01:15:00.0000000+02:00,,0.0,0.0,
2026-04-28T01:30:00.0000000+02:00,,0.0,0.0,
2026-04-28T01:45:00.0000000+02:00,,0.0,0.0,
2026-04-28T02:00:00.0000000+02:00,,0.0,0.0,
2026-04-28T02:15:00.0000000+02:00,,0.0,0.0,
2026-04-28T02:30:00.0000000+02:00,,0.0,0.0,
2026-04-28T02:45:00.0000000+02:00,,0.0,0.0,
2026-04-28T03:00:00.0000000+02:00,,0.0,0.0,
2026-04-28T03:15:00.0000000+02:00,,0.0,0.0,
2026-04-28T03:30:00.0000000+02:00,,0.0,0.0,
2026-04-28T03:45:00.0000000+02:00,,0.0,0.0,
2026-04-28T04:00:00.0000000+02:00,,0.0,0.0,
2026-04-28T04:15:00.0000000+02:00,,0.0,0.0,
2026-04-28T04:30:00.0000000+02:00,,0.0,0.0,6.25
2026-04-28T04:45:00.0000000+02:00,,0.0,0.0,12.5
2026-04-28T05:00:00.0000000+02:00,,0.0032,0.0,70.3125
2026-04-28T05:15:00.0000000+02:00,0.0096,0.0228,0.0,96.875
2026-04-28T05:30:00.0000000+02:00,0.0419,0.0548,0.0,
2026-04-28T05:45:00.0000000+02:00,0.0856,0.102,0.0,
2026-04-28T06:00:00.0000000+02:00,0.1129,0.1221,0.0,
2026-04-28T06:15:00.0000000+02:00,0.1713,0.181,0.0,
2026-04-28T06:30:00.0000000+02:00,0.3254,0.31,0.0,
2026-04-28T06:45:00.0000000+02:00,0.6315,0.6418,0.0,
2026-04-28T07:00:00.0000000+02:00,0.9863,1.0045,0.0,
2026-04-28T07:15:00.0000000+02:00,1.1974,1.1876,0.0,
2026-04-28T07:30:00.0000000+02:00,1.4817,1.5005,0.6667,
2026-04-28T07:45:00.0000000+02:00,1.7048,1.7029,8.6667,
2026-04-28T08:00:00.0000000+02:00,2.0405,2.0392,23.6667,
2026-04-28T08:15:00.0000000+02:00,2.4071,2.4374,28.6667,
2026-04-28T08:30:00.0000000+02:00,2.7689,2.7752,39.6667,
2026-04-28T08:45:00.0000000+02:00,3.0805,3.0901,80.6667,
2026-04-28T09:00:00.0000000+02:00,3.3978,3.4377,103.6667,
2026-04-28T09:15:00.0000000+02:00,3.712,3.7722,137.3333,
2026-04-28T09:30:00.0000000+02:00,4.0051,4.0699,190.0,
2026-04-28T09:45:00.0000000+02:00,4.2573,4.3028,242.3333,
2026-04-28T10:00:00.0000000+02:00,4.4,4.4419,300.3333,
2026-04-28T10:15:00.0000000+02:00,4.4722,4.4914,362.3333,
2026-04-28T10:30:00.0000000+02:00,,4.5177,414.3333,
2026-04-28T10:45:00.0000000+02:00,4.2854,4.4936,466.0,
2026-04-28T11:00:00.0000000+02:00,4.3348,4.5263,516.3333,
2026-04-28T11:15:00.0000000+02:00,3.4143,4.0358,566.0,
2026-04-28T11:30:00.0000000+02:00,3.9626,4.3562,613.6667,
2026-04-28T11:45:00.0000000+02:00,4.5036,4.5271,659.3333,
2026-04-28T12:00:00.0000000+02:00,3.3482,4.1712,703.0,
2026-04-28T12:15:00.0000000+02:00,2.2783,2.1383,744.3333,
2026-04-28T12:30:00.0000000+02:00,3.9521,4.4132,782.6667,
2026-04-28T12:45:00.0000000+02:00,,4.528,818.3333,
2026-04-28T13:00:00.0000000+02:00,,4.528,850.6667,
2026-04-28T13:15:00.0000000+02:00,4.3631,4.4946,856.6667,
2026-04-28T13:30:00.0000000+02:00,,4.528,870.0,
2026-04-28T13:45:00.0000000+02:00,,4.528,926.3333,
2026-04-28T14:00:00.0000000+02:00,4.1192,4.3941,940.0,
2026-04-28T14:15:00.0000000+02:00,4.3253,4.528,958.6667,
2026-04-28T14:30:00.0000000+02:00,3.1471,4.0473,969.6667,
2026-04-28T14:45:00.0000000+02:00,,4.528,947.3333,
2026-04-28T15:00:00.0000000+02:00,,4.528,975.0,
2026-04-28T15:15:00.0000000+02:00,,4.527,979.6667,
2026-04-28T15:30:00.0000000+02:00,4.4913,4.5169,975.3333,
2026-04-28T15:45:00.0000000+02:00,4.4533,4.4894,967.6667,
2026-04-28T16:00:00.0000000+02:00,4.349,4.4051,954.6667,
2026-04-28T16:15:00.0000000+02:00,4.1377,4.19,936.6667,
2026-04-28T16:30:00.0000000+02:00,3.8586,3.9027,914.0,
2026-04-28T16:45:00.0000000+02:00,3.5673,3.5908,888.0,
2026-04-28T17:00:00.0000000+02:00,3.2439,3.2601,858.6667,
2026-04-28T17:15:00.0000000+02:00,2.88,2.9063,825.6667,
2026-04-28T17:30:00.0000000+02:00,2.5398,2.538,789.6667,
2026-04-28T17:45:00.0000000+02:00,2.1644,2.1706,750.3333,
2026-04-28T18:00:00.0000000+02:00,1.7768,1.7978,708.6667,
2026-04-28T18:15:00.0000000+02:00,1.4329,1.4326,665.0,
2026-04-28T18:30:00.0000000+02:00,1.0775,1.0775,619.0,
2026-04-28T18:45:00.0000000+02:00,0.7745,0.7766,571.0,
2026-04-28T19:00:00.0000000+02:00,0.5313,0.5312,521.3333,
2026-04-28T19:15:00.0000000+02:00,0.3453,0.3454,470.6667,
2026-04-28T19:30:00.0000000+02:00,0.2215,0.2212,418.6667,
2026-04-28T19:45:00.0000000+02:00,0.1393,0.1455,366.3333,
2026-04-28T20:00:00.0000000+02:00,0.0775,0.0861,314.3333,
2026-04-28T20:15:00.0000000+02:00,0.0352,0.043,263.0,
2026-04-28T20:30:00.0000000+02:00,0.0094,0.0148,212.6667,93.75
2026-04-28T20:45:00.0000000+02:00,-0.0058,0.0034,164.6667,72.1591
2026-04-28T21:00:00.0000000+02:00,,0.0014,119.3333,43.75
2026-04-28T21:15:00.0000000+02:00,,0.0003,78.0,18.75
2026-04-28T21:30:00.0000000+02:00,,0.0,42.3333,
2026-04-28T21:45:00.0000000+02:00,,0.0,21.0,
2026-04-28T22:00:00.0000000+02:00,,0.0,17.6667,
2026-04-28T22:15:00.0000000+02:00,,0.0,6.0,
2026-04-28T22:30:00.0000000+02:00,,0.0,0.0,
2026-04-28T22:45:00.0000000+02:00,,0.0,0.0,
2026-04-28T23:00:00.0000000+02:00,,0.0,0.0,3.125
2026-04-28T23:15:00.0000000+02:00,,0.0,0.0,
2026-04-28T23:30:00.0000000+02:00,,0.0,0.0,
2026-04-28T23:45:00.0000000+02:00,,0.0,0.0,
2026-04-29T00:00:00.0000000+02:00,,0.0,0.0,
2026-04-29T00:15:00.0000000+02:00,,0.0,0.0,
2026-04-29T00:30:00.0000000+02:00,,0.0,0.0,
2026-04-29T00:45:00.0000000+02:00,,0.0,0.0,
2026-04-29T01:00:00.0000000+02:00,,0.0,0.0,
2026-04-29T01:15:00.0000000+02:00,,0.0,0.0,
2026-04-29T01:30:00.0000000+02:00,,0.0,0.0,
2026-04-29T01:45:00.0000000+02:00,,0.0,0.0,
2026-04-29T02:00:00.0000000+02:00,,0.0,0.0,
2026-04-29T02:15:00.0000000+02:00,,0.0,0.0,
2026-04-29T02:30:00.0000000+02:00,,0.0,0.0,
2026-04-29T02:45:00.0000000+02:00,,0.0,0.0,
2026-04-29T03:00:00.0000000+02:00,,0.0,0.0,
2026-04-29T03:15:00.0000000+02:00,,0.0,0.0,
2026-04-29T03:30:00.0000000+02:00,,0.0,0.0,
2026-04-29T03:45:00.0000000+02:00,,0.0,0.0,
2026-04-29T04:00:00.0000000+02:00,,0.0,0.0,
2026-04-29T04:15:00.0000000+02:00,,0.0,0.0,
2026-04-29T04:30:00.0000000+02:00,,0.0,0.0,9.375
2026-04-29T04:45:00.0000000+02:00,,0.0,0.0,
2026-04-29T05:00:00.0000000+02:00,0.0043,0.0122,0.0,70.0
2026-04-29T05:15:00.0000000+02:00,0.0251,0.0331,0.0,
2026-04-29T05:30:00.0000000+02:00,0.063,0.0681,0.0,
2026-04-29T05:45:00.0000000+02:00,0.1087,0.1223,0.0,
2026-04-29T06:00:00.0000000+02:00,0.1601,0.167,0.0,
2026-04-29T06:15:00.0000000+02:00,0.2354,0.2427,0.0,
2026-04-29T06:30:00.0000000+02:00,0.3884,0.3883,0.0,
2026-04-29T06:45:00.0000000+02:00,0.6115,0.6321,0.0,
2026-04-29T07:00:00.0000000+02:00,0.8399,0.8199,0.0,
2026-04-29T07:15:00.0000000+02:00,0.8037,0.8051,0.0,
2026-04-29T07:30:00.0000000+02:00,0.9436,0.9454,1.3333,
2026-04-29T07:45:00.0000000+02:00,1.003,0.9946,11.0,
2026-04-29T08:00:00.0000000+02:00,1.6962,1.6567,21.3333,
2026-04-29T08:15:00.0000000+02:00,2.5296,2.5381,21.0,
2026-04-29T08:30:00.0000000+02:00,2.8897,2.9651,42.0,
2026-04-29T08:45:00.0000000+02:00,3.1884,3.2079,79.3333,
2026-04-29T09:00:00.0000000+02:00,3.4217,3.4522,113.0,
2026-04-29T09:15:00.0000000+02:00,3.3931,3.4113,116.0,
2026-04-29T09:30:00.0000000+02:00,3.0441,2.8996,119.3333,
2026-04-29T09:45:00.0000000+02:00,2.0642,2.0711,148.3333,
2026-04-29T10:00:00.0000000+02:00,2.1731,2.1882,192.3333,
2026-04-29T10:15:00.0000000+02:00,2.2942,2.3051,304.0,
2026-04-29T10:30:00.0000000+02:00,3.0893,3.3039,360.3333,
2026-04-29T10:45:00.0000000+02:00,4.3602,4.4174,460.3333,
2026-04-29T11:00:00.0000000+02:00,4.4784,4.5164,513.6667,
2026-04-29T11:15:00.0000000+02:00,4.2272,4.4695,508.0,
2026-04-29T11:30:00.0000000+02:00,3.2603,3.8022,499.6667,
2026-04-29T11:45:00.0000000+02:00,,4.528,485.6667,
2026-04-29T12:00:00.0000000+02:00,3.0205,4.2831,486.6667,
2026-04-29T12:15:00.0000000+02:00,,4.528,459.6667,
2026-04-29T12:30:00.0000000+02:00,4.0827,4.4646,577.0,
2026-04-29T12:45:00.0000000+02:00,4.4429,4.5209,687.0,
2026-04-29T13:00:00.0000000+02:00,3.6406,4.0047,796.6667,
2026-04-29T13:15:00.0000000+02:00,1.7167,3.3284,837.3333,
2026-04-29T13:30:00.0000000+02:00,3.1936,4.3906,879.3333,
2026-04-29T13:45:00.0000000+02:00,3.9728,4.5226,904.0,
2026-04-29T14:00:00.0000000+02:00,,4.528,929.0,
2026-04-29T14:15:00.0000000+02:00,2.7671,4.0013,942.6667,
2026-04-29T14:30:00.0000000+02:00,3.6873,4.4468,952.3333,
2026-04-29T14:45:00.0000000+02:00,2.7577,4.065,949.3333,
2026-04-29T15:00:00.0000000+02:00,4.0085,4.2831,955.6667,
2026-04-29T15:15:00.0000000+02:00,4.0473,4.3727,959.6667,
2026-04-29T15:30:00.0000000+02:00,4.465,4.4974,955.3333,
2026-04-29T15:45:00.0000000+02:00,4.1472,4.2766,939.0,
2026-04-29T16:00:00.0000000+02:00,3.9227,3.9731,921.6667,
2026-04-29T16:15:00.0000000+02:00,3.4576,3.4985,916.0,
2026-04-29T16:30:00.0000000+02:00,3.3521,3.3805,893.0,
2026-04-29T16:45:00.0000000+02:00,3.3823,3.4711,867.0,
2026-04-29T17:00:00.0000000+02:00,3.0931,3.1497,837.3333,
2026-04-29T17:15:00.0000000+02:00,2.8715,2.8709,804.6667,
2026-04-29T17:30:00.0000000+02:00,2.3911,2.3888,768.6667,
2026-04-29T17:45:00.0000000+02:00,2.1378,2.1397,730.3333,
2026-04-29T18:00:00.0000000+02:00,1.8231,1.8284,688.6667,
2026-04-29T18:15:00.0000000+02:00,1.4964,1.495,643.6667,
2026-04-29T18:30:00.0000000+02:00,1.0852,1.0791,597.0,
2026-04-29T18:45:00.0000000+02:00,0.7533,0.7567,547.6667,
2026-04-29T19:00:00.0000000+02:00,0.5083,0.5268,496.0,
2026-04-29T19:15:00.0000000+02:00,0.3351,0.3526,431.0,
2026-04-29T19:30:00.0000000+02:00,0.2238,0.2282,401.0,
2026-04-29T19:45:00.0000000+02:00,0.1475,0.1582,351.6667,
2026-04-29T20:00:00.0000000+02:00,0.0947,0.1054,302.3333,
2026-04-29T20:15:00.0000000+02:00,0.0454,0.053,254.0,
2026-04-29T20:30:00.0000000+02:00,0.009,0.0184,206.0,93.75
2026-04-29T20:45:00.0000000+02:00,,0.0044,160.0,68.75
2026-04-29T21:00:00.0000000+02:00,,0.0016,117.0,34.8214
2026-04-29T21:15:00.0000000+02:00,,0.0004,77.3333,12.5
2026-04-29T21:30:00.0000000+02:00,,0.0,43.3333,
2026-04-29T21:45:00.0000000+02:00,,0.0,25.3333,
2026-04-29T22:00:00.0000000+02:00,,0.0,19.6667,
2026-04-29T22:15:00.0000000+02:00,,0.0,7.3333,
2026-04-29T22:30:00.0000000+02:00,,0.0,0.0,
2026-04-29T22:45:00.0000000+02:00,,0.0,0.0,
2026-04-29T23:00:00.0000000+02:00,,0.0,0.0,
2026-04-29T23:15:00.0000000+02:00,,0.0,0.0,
2026-04-29T23:30:00.0000000+02:00,,0.0,0.0,
2026-04-29T23:45:00.0000000+02:00,,0.0,0.0,
2026-04-30T00:00:00.0000000+02:00,,0.0,0.0,
2026-04-30T00:15:00.0000000+02:00,,0.0,0.0,
2026-04-30T00:30:00.0000000+02:00,,0.0,0.0,
2026-04-30T00:45:00.0000000+02:00,,0.0,0.0,
2026-04-30T01:00:00.0000000+02:00,,0.0,0.0,
2026-04-30T01:15:00.0000000+02:00,,0.0,0.0,
2026-04-30T01:30:00.0000000+02:00,,0.0,0.0,
2026-04-30T01:45:00.0000000+02:00,,0.0,0.0,
2026-04-30T02:00:00.0000000+02:00,,0.0,0.0,
2026-04-30T02:15:00.0000000+02:00,,0.0,0.0,
2026-04-30T02:30:00.0000000+02:00,,0.0,0.0,
2026-04-30T02:45:00.0000000+02:00,,0.0,0.0,
2026-04-30T03:00:00.0000000+02:00,,0.0,0.0,
2026-04-30T03:15:00.0000000+02:00,,0.0,0.0,
2026-04-30T03:30:00.0000000+02:00,,0.0,0.0,
2026-04-30T03:45:00.0000000+02:00,,0.0,0.0,
2026-04-30T04:00:00.0000000+02:00,,0.0,0.0,
2026-04-30T04:15:00.0000000+02:00,,0.0,0.0,
2026-04-30T04:30:00.0000000+02:00,,0.0,0.0,
2026-04-30T04:45:00.0000000+02:00,,0.0,0.0,
2026-04-30T05:00:00.0000000+02:00,,0.003,0.0,59.7222
2026-04-30T05:15:00.0000000+02:00,0.0204,0.0242,0.0,96.875
2026-04-30T05:30:00.0000000+02:00,0.0584,0.0661,0.0,
2026-04-30T05:45:00.0000000+02:00,0.1277,0.1322,0.0,
2026-04-30T06:00:00.0000000+02:00,0.1875,0.1851,0.0,
2026-04-30T06:15:00.0000000+02:00,0.2568,0.266,0.0,
2026-04-30T06:30:00.0000000+02:00,0.4031,0.4136,0.0,
2026-04-30T06:45:00.0000000+02:00,0.5441,0.5513,0.0,
2026-04-30T07:00:00.0000000+02:00,0.7568,0.7656,0.0,
2026-04-30T07:15:00.0000000+02:00,0.7967,0.7925,0.0,
2026-04-30T07:30:00.0000000+02:00,1.1444,1.1334,1.6667,
2026-04-30T07:45:00.0000000+02:00,1.7426,1.7086,11.6667,
2026-04-30T08:00:00.0000000+02:00,1.5957,1.5573,30.0,
2026-04-30T08:15:00.0000000+02:00,2.4867,2.4954,29.3333,96.875
2026-04-30T08:30:00.0000000+02:00,2.0899,2.0884,61.3333,
2026-04-30T08:45:00.0000000+02:00,2.5625,2.5737,68.3333,
2026-04-30T09:00:00.0000000+02:00,3.5195,3.5767,97.0,
2026-04-30T09:15:00.0000000+02:00,3.3753,3.3904,131.6667,
2026-04-30T09:30:00.0000000+02:00,3.4882,3.5876,161.3333,
2026-04-30T09:45:00.0000000+02:00,3.4924,3.5079,173.3333,
2026-04-30T10:00:00.0000000+02:00,4.0267,4.075,180.3333,
2026-04-30T10:15:00.0000000+02:00,4.3518,4.4345,286.6667,
2026-04-30T10:30:00.0000000+02:00,4.4439,4.4756,374.6667,
2026-04-30T10:45:00.0000000+02:00,4.3149,4.3876,341.6667,
2026-04-30T11:00:00.0000000+02:00,4.4118,4.5148,451.3333,
2026-04-30T11:15:00.0000000+02:00,4.4595,4.5225,555.0,
2026-04-30T11:30:00.0000000+02:00,4.3162,4.3973,552.0,
2026-04-30T11:45:00.0000000+02:00,4.1032,4.2061,525.0,
2026-04-30T12:00:00.0000000+02:00,4.0793,4.1732,545.3333,
2026-04-30T12:15:00.0000000+02:00,4.2822,4.3611,607.6667,
2026-04-30T12:30:00.0000000+02:00,4.0347,4.1466,748.3333,
2026-04-30T12:45:00.0000000+02:00,3.9281,4.0167,798.6667,
2026-04-30T13:00:00.0000000+02:00,4.4894,4.5266,822.6667,
2026-04-30T13:15:00.0000000+02:00,4.442,4.5201,777.3333,
2026-04-30T13:30:00.0000000+02:00,4.4954,4.5266,837.0,
2026-04-30T13:45:00.0000000+02:00,4.4936,4.5267,744.0,
2026-04-30T14:00:00.0000000+02:00,4.4834,4.5163,758.0,
2026-04-30T14:15:00.0000000+02:00,4.4801,4.517,745.6667,
2026-04-30T14:30:00.0000000+02:00,4.4889,4.5215,685.3333,
2026-04-30T14:45:00.0000000+02:00,4.3709,4.4882,663.3333,
2026-04-30T15:00:00.0000000+02:00,3.7294,3.9953,856.6667,
2026-04-30T15:15:00.0000000+02:00,4.4541,4.5021,951.6667,
2026-04-30T15:30:00.0000000+02:00,4.4113,4.4587,933.0,
2026-04-30T15:45:00.0000000+02:00,4.1187,4.1683,917.6667,
2026-04-30T16:00:00.0000000+02:00,3.9099,3.9501,860.3333,
2026-04-30T16:15:00.0000000+02:00,3.5972,3.6284,856.0,
2026-04-30T16:30:00.0000000+02:00,3.3924,3.4197,882.3333,
2026-04-30T16:45:00.0000000+02:00,3.2951,3.3127,858.6667,
2026-04-30T17:00:00.0000000+02:00,2.9433,2.945,792.0,
2026-04-30T17:15:00.0000000+02:00,2.7543,2.7887,789.6667,
2026-04-30T17:30:00.0000000+02:00,2.4468,2.4406,766.0,
2026-04-30T17:45:00.0000000+02:00,2.07,2.0746,729.0,
2026-04-30T18:00:00.0000000+02:00,1.7267,1.7171,689.6667,
2026-04-30T18:15:00.0000000+02:00,1.3903,1.3864,648.0,
2026-04-30T18:30:00.0000000+02:00,1.0488,1.0563,604.0,
2026-04-30T18:45:00.0000000+02:00,0.7694,0.7562,558.6667,
2026-04-30T19:00:00.0000000+02:00,0.5289,0.5322,511.0,
2026-04-30T19:15:00.0000000+02:00,0.3519,0.3544,462.3333,
2026-04-30T19:30:00.0000000+02:00,0.2302,0.2391,412.0,
2026-04-30T19:45:00.0000000+02:00,0.1496,0.1613,361.6667,
2026-04-30T20:00:00.0000000+02:00,0.0938,0.1033,311.0,
2026-04-30T20:15:00.0000000+02:00,0.0514,0.0621,261.3333,
2026-04-30T20:30:00.0000000+02:00,0.0193,0.0281,212.0,
2026-04-30T20:45:00.0000000+02:00,-0.0011,0.008,165.3333,90.625
2026-04-30T21:00:00.0000000+02:00,,0.0019,121.0,70.1389
2026-04-30T21:15:00.0000000+02:00,,0.0008,80.3333,41.875
2026-04-30T21:30:00.0000000+02:00,,0.0,45.0,
2026-04-30T21:45:00.0000000+02:00,,0.0,21.6667,
2026-04-30T22:00:00.0000000+02:00,,0.0,19.3333,
2026-04-30T22:15:00.0000000+02:00,,0.0,9.3333,
2026-04-30T22:30:00.0000000+02:00,,0.0,0.5,
2026-04-30T22:45:00.0000000+02:00,,0.0,,
2026-04-30T23:00:00.0000000+02:00,,0.0,,8.3333
2026-04-30T23:15:00.0000000+02:00,,0.0,,
2026-04-30T23:30:00.0000000+02:00,,0.0,,
2026-04-30T23:45:00.0000000+02:00,,0.0,,
2026-05-01T00:00:00.0000000+02:00,,0.0,,
2026-05-01T00:15:00.0000000+02:00,,0.0,,
2026-05-01T00:30:00.0000000+02:00,,0.0,,
2026-05-01T00:45:00.0000000+02:00,,0.0,,
2026-05-01T01:00:00.0000000+02:00,,0.0,,
2026-05-01T01:15:00.0000000+02:00,,0.0,,
2026-05-01T01:30:00.0000000+02:00,,0.0,,
2026-05-01T01:45:00.0000000+02:00,,0.0,,
2026-05-01T02:00:00.0000000+02:00,,0.0,,
2026-05-01T02:15:00.0000000+02:00,,0.0,,
2026-05-01T02:30:00.0000000+02:00,,0.0,,
2026-05-01T02:45:00.0000000+02:00,,0.0,,
2026-05-01T03:00:00.0000000+02:00,,0.0,,
2026-05-01T03:15:00.0000000+02:00,,0.0,,
2026-05-01T03:30:00.0000000+02:00,,0.0,,
2026-05-01T03:45:00.0000000+02:00,,0.0,,
2026-05-01T04:00:00.0000000+02:00,,0.0,,
2026-05-01T04:15:00.0000000+02:00,,0.0,,6.25
2026-05-01T04:30:00.0000000+02:00,,0.0,,18.75
2026-05-01T04:45:00.0000000+02:00,,0.0,,
2026-05-01T05:00:00.0000000+02:00,0.0044,0.0125,,75.0
2026-05-01T05:15:00.0000000+02:00,0.0254,0.0371,,
2026-05-01T05:30:00.0000000+02:00,0.0573,0.0688,,
2026-05-01T05:45:00.0000000+02:00,0.0971,0.112,,
2026-05-01T06:00:00.0000000+02:00,0.1467,0.1605,,
2026-05-01T06:15:00.0000000+02:00,0.2081,0.2158,,
2026-05-01T06:30:00.0000000+02:00,0.3101,0.3177,,
2026-05-01T06:45:00.0000000+02:00,0.4773,0.4842,,
2026-05-01T07:00:00.0000000+02:00,0.6942,0.6984,,
2026-05-01T07:15:00.0000000+02:00,0.9662,0.9745,,
2026-05-01T07:30:00.0000000+02:00,1.2845,1.2834,6.5,
2026-05-01T07:45:00.0000000+02:00,1.6229,1.637,18.0,
2026-05-01T08:00:00.0000000+02:00,2.0136,2.0299,23.0,
2026-05-01T08:15:00.0000000+02:00,2.3712,2.3528,24.5,
2026-05-01T08:30:00.0000000+02:00,2.72,2.7307,47.3333,
2026-05-01T08:45:00.0000000+02:00,3.1064,3.1352,84.3333,
2026-05-01T09:00:00.0000000+02:00,3.4534,3.486,126.0,
2026-05-01T09:15:00.0000000+02:00,3.7345,3.7758,171.3333,
2026-05-01T09:30:00.0000000+02:00,3.9754,4.0339,219.6667,
2026-05-01T09:45:00.0000000+02:00,4.1729,4.209,270.0,
2026-05-01T10:00:00.0000000+02:00,4.3667,4.4098,321.0,
2026-05-01T10:15:00.0000000+02:00,4.4436,4.4708,372.3333,
2026-05-01T10:30:00.0000000+02:00,4.4698,4.4957,424.0,
2026-05-01T10:45:00.0000000+02:00,4.4855,4.5132,474.6667,
2026-05-01T11:00:00.0000000+02:00,4.5013,4.5265,524.6667,
2026-05-01T11:15:00.0000000+02:00,,4.528,574.0,
2026-05-01T11:30:00.0000000+02:00,,4.528,621.3333,
2026-05-01T11:45:00.0000000+02:00,,4.528,667.0,
2026-05-01T12:00:00.0000000+02:00,,4.528,710.0,
2026-05-01T12:15:00.0000000+02:00,,4.528,751.0,
2026-05-01T12:30:00.0000000+02:00,,4.528,789.0,
2026-05-01T12:45:00.0000000+02:00,,4.528,824.0,
2026-05-01T13:00:00.0000000+02:00,,4.528,856.0,
2026-05-01T13:15:00.0000000+02:00,,4.528,884.6667,
2026-05-01T13:30:00.0000000+02:00,,4.528,909.6667,
2026-05-01T13:45:00.0000000+02:00,,4.528,931.0,
2026-05-01T14:00:00.0000000+02:00,,4.528,948.6667,
2026-05-01T14:15:00.0000000+02:00,,4.528,963.0,
2026-05-01T14:30:00.0000000+02:00,,4.528,973.0,
2026-05-01T14:45:00.0000000+02:00,,4.528,979.3333,
2026-05-01T15:00:00.0000000+02:00,,4.5276,982.0,
2026-05-01T15:15:00.0000000+02:00,4.491,4.5197,979.6667,
2026-05-01T15:30:00.0000000+02:00,4.47,4.499,973.6667,
2026-05-01T15:45:00.0000000+02:00,4.4133,4.4562,964.0,
2026-05-01T16:00:00.0000000+02:00,4.276,4.3269,950.0,
2026-05-01T16:15:00.0000000+02:00,4.0359,4.083,933.0,
2026-05-01T16:30:00.0000000+02:00,3.7667,3.8142,912.0,
2026-05-01T16:45:00.0000000+02:00,3.4996,3.5167,887.6667,
2026-05-01T17:00:00.0000000+02:00,3.2004,3.2059,859.0,
2026-05-01T17:15:00.0000000+02:00,2.8637,2.8726,828.0,
2026-05-01T17:30:00.0000000+02:00,2.5249,2.529,794.0,
2026-05-01T17:45:00.0000000+02:00,2.1646,2.1754,756.3333,
2026-05-01T18:00:00.0000000+02:00,1.814,1.8169,716.0,
2026-05-01T18:15:00.0000000+02:00,1.473,1.4636,673.6667,
2026-05-01T18:30:00.0000000+02:00,1.1278,1.1239,629.0,
2026-05-01T18:45:00.0000000+02:00,0.8177,0.8142,582.0,
2026-05-01T19:00:00.0000000+02:00,0.551,0.5502,533.6667,
2026-05-01T19:15:00.0000000+02:00,0.3599,0.3566,483.3333,
2026-05-01T19:30:00.0000000+02:00,0.2306,0.2347,432.3333,
2026-05-01T19:45:00.0000000+02:00,0.1458,0.1586,380.6667,
2026-05-01T20:00:00.0000000+02:00,0.0919,0.1008,328.6667,
2026-05-01T20:15:00.0000000+02:00,0.0503,0.0615,277.0,
2026-05-01T20:30:00.0000000+02:00,0.0192,0.0307,226.0,
2026-05-01T20:45:00.0000000+02:00,0.0038,0.0098,177.0,92.8571
2026-05-01T21:00:00.0000000+02:00,-0.0063,0.0024,130.0,65.3409
2026-05-01T21:15:00.0000000+02:00,,0.0008,86.0,35.9375
2026-05-01T21:30:00.0000000+02:00,,0.0,46.3333,
2026-05-01T21:45:00.0000000+02:00,,0.0,20.0,
2026-05-01T22:00:00.0000000+02:00,,0.0,16.0,
2026-05-01T22:15:00.0000000+02:00,,0.0,,
2026-05-01T22:30:00.0000000+02:00,,0.0,,
2026-05-01T22:45:00.0000000+02:00,,0.0,,
2026-05-01T23:00:00.0000000+02:00,,0.0,,3.125
2026-05-01T23:15:00.0000000+02:00,,0.0,,
2026-05-01T23:30:00.0000000+02:00,,0.0,,
2026-05-01T23:45:00.0000000+02:00,,0.0,,
2026-05-02T00:00:00.0000000+02:00,,0.0,,
2026-05-02T00:15:00.0000000+02:00,,0.0,,
2026-05-02T00:30:00.0000000+02:00,,0.0,,
2026-05-02T00:45:00.0000000+02:00,,0.0,,
2026-05-02T01:00:00.0000000+02:00,,0.0,,
2026-05-02T01:15:00.0000000+02:00,,0.0,,
2026-05-02T01:30:00.0000000+02:00,,0.0,,
2026-05-02T01:45:00.0000000+02:00,,0.0,,
2026-05-02T02:00:00.0000000+02:00,,0.0,,
2026-05-02T02:15:00.0000000+02:00,,0.0,,
2026-05-02T02:30:00.0000000+02:00,,0.0,,
2026-05-02T02:45:00.0000000+02:00,,0.0,,
2026-05-02T03:00:00.0000000+02:00,,0.0,,
2026-05-02T03:15:00.0000000+02:00,,0.0,,
2026-05-02T03:30:00.0000000+02:00,,0.0,,
2026-05-02T03:45:00.0000000+02:00,,0.0,,
2026-05-02T04:00:00.0000000+02:00,,0.0,,
2026-05-02T04:15:00.0000000+02:00,,0.0,,
2026-05-02T04:30:00.0000000+02:00,,0.0,,9.375
2026-05-02T04:45:00.0000000+02:00,,0.0004,,53.125
2026-05-02T05:00:00.0000000+02:00,0.0088,0.0154,,96.875
2026-05-02T05:15:00.0000000+02:00,0.0362,0.0434,,
2026-05-02T05:30:00.0000000+02:00,0.073,0.0805,,
2026-05-02T05:45:00.0000000+02:00,0.1151,0.1236,,
2026-05-02T06:00:00.0000000+02:00,0.1641,0.1743,,
2026-05-02T06:15:00.0000000+02:00,0.2259,0.2303,,
2026-05-02T06:30:00.0000000+02:00,0.325,0.3334,,
2026-05-02T06:45:00.0000000+02:00,0.4868,0.4953,,
2026-05-02T07:00:00.0000000+02:00,0.7096,0.7066,,
2026-05-02T07:15:00.0000000+02:00,0.9761,0.9852,,
2026-05-02T07:30:00.0000000+02:00,1.291,1.3005,6.3333,
2026-05-02T07:45:00.0000000+02:00,1.6474,1.648,19.3333,
2026-05-02T08:00:00.0000000+02:00,1.9971,2.0158,19.0,
2026-05-02T08:15:00.0000000+02:00,2.3617,2.365,21.6667,96.875
2026-05-02T08:30:00.0000000+02:00,2.701,2.7236,48.0,
2026-05-02T08:45:00.0000000+02:00,3.0355,3.0605,86.3333,
2026-05-02T09:00:00.0000000+02:00,3.3572,3.3892,129.0,
2026-05-02T09:15:00.0000000+02:00,3.6627,3.6933,175.0,
2026-05-02T09:30:00.0000000+02:00,3.9269,3.9776,223.0,
2026-05-02T09:45:00.0000000+02:00,4.1596,4.2132,273.0,
2026-05-02T10:00:00.0000000+02:00,4.3374,4.3886,323.0,
2026-05-02T10:15:00.0000000+02:00,4.4339,4.4648,374.0,
2026-05-02T10:30:00.0000000+02:00,4.4728,4.4929,425.0,
2026-05-02T10:45:00.0000000+02:00,4.4888,4.512,475.3333,
2026-05-02T11:00:00.0000000+02:00,4.4997,4.5256,524.3333,
2026-05-02T11:15:00.0000000+02:00,,4.528,572.3333,
2026-05-02T11:30:00.0000000+02:00,,4.528,619.0,
2026-05-02T11:45:00.0000000+02:00,,4.528,663.3333,
2026-05-02T12:00:00.0000000+02:00,,4.528,705.6667,
2026-05-02T12:15:00.0000000+02:00,,4.528,746.0,
2026-05-02T12:30:00.0000000+02:00,,4.528,783.0,
2026-05-02T12:45:00.0000000+02:00,,4.528,818.0,
2026-05-02T13:00:00.0000000+02:00,,4.528,849.3333,
2026-05-02T13:15:00.0000000+02:00,,4.528,877.0,
2026-05-02T13:30:00.0000000+02:00,,4.528,901.6667,
2026-05-02T13:45:00.0000000+02:00,,4.528,922.0,
2026-05-02T14:00:00.0000000+02:00,,4.528,939.0,
2026-05-02T14:15:00.0000000+02:00,,4.528,951.6667,
2026-05-02T14:30:00.0000000+02:00,,4.528,960.6667,
2026-05-02T14:45:00.0000000+02:00,,4.528,966.0,
2026-05-02T15:00:00.0000000+02:00,,4.5239,,
2026-05-02T15:15:00.0000000+02:00,4.4882,4.5135,964.6667,
2026-05-02T15:30:00.0000000+02:00,4.4559,4.4891,958.6667,
2026-05-02T15:45:00.0000000+02:00,4.3739,4.4222,949.0,
2026-05-02T16:00:00.0000000+02:00,4.206,4.256,935.0,
2026-05-02T16:15:00.0000000+02:00,3.9706,4.0072,917.6667,
2026-05-02T16:30:00.0000000+02:00,3.7053,3.7308,896.6667,
2026-05-02T16:45:00.0000000+02:00,3.4038,3.4406,872.6667,
2026-05-02T17:00:00.0000000+02:00,3.1078,3.1278,844.6667,
2026-05-02T17:15:00.0000000+02:00,2.7824,2.8099,813.6667,
2026-05-02T17:30:00.0000000+02:00,2.4566,2.4679,779.6667,
2026-05-02T17:45:00.0000000+02:00,2.118,2.1165,742.3333,
2026-05-02T18:00:00.0000000+02:00,1.7748,1.7756,702.6667,
2026-05-02T18:15:00.0000000+02:00,1.4271,1.4227,660.6667,
2026-05-02T18:30:00.0000000+02:00,1.0878,1.0902,616.0,
2026-05-02T18:45:00.0000000+02:00,0.7922,0.7921,570.3333,
2026-05-02T19:00:00.0000000+02:00,0.5416,0.5409,522.3333,
2026-05-02T19:15:00.0000000+02:00,0.3594,0.3581,473.3333,
2026-05-02T19:30:00.0000000+02:00,0.2361,0.2409,423.0,
2026-05-02T19:45:00.0000000+02:00,0.1556,0.1654,372.3333,
2026-05-02T20:00:00.0000000+02:00,0.0968,0.1062,322.0,
2026-05-02T20:15:00.0000000+02:00,0.049,0.0606,271.0,
2026-05-02T20:30:00.0000000+02:00,0.0169,0.0244,221.3333,
2026-05-02T20:45:00.0000000+02:00,0.0012,0.0063,173.3333,79.5455
2026-05-02T21:00:00.0000000+02:00,,0.0017,127.3333,50.0
2026-05-02T21:15:00.0000000+02:00,,0.0008,85.3333,15.625
2026-05-02T21:30:00.0000000+02:00,,0.0,48.3333,
2026-05-02T21:45:00.0000000+02:00,,0.0,20.6667,
2026-05-02T22:00:00.0000000+02:00,,0.0,15.5,
2026-05-02T22:15:00.0000000+02:00,,0.0,,
2026-05-02T22:30:00.0000000+02:00,,0.0,,
2026-05-02T22:45:00.0000000+02:00,,0.0,,
2026-05-02T23:00:00.0000000+02:00,,0.0,,0.0
2026-05-02T23:15:00.0000000+02:00,,0.0,,
2026-05-02T23:30:00.0000000+02:00,,0.0,,
2026-05-02T23:45:00.0000000+02:00,,0.0,,
2026-05-03T00:00:00.0000000+02:00,,0.0,0.0,
2026-05-03T00:15:00.0000000+02:00,,0.0,0.0,
2026-05-03T00:30:00.0000000+02:00,,0.0,0.0,
2026-05-03T00:45:00.0000000+02:00,,0.0,0.0,
2026-05-03T01:00:00.0000000+02:00,,0.0,0.0,
2026-05-03T01:15:00.0000000+02:00,,0.0,0.0,
2026-05-03T01:30:00.0000000+02:00,,0.0,0.0,
2026-05-03T01:45:00.0000000+02:00,,0.0,0.0,
2026-05-03T02:00:00.0000000+02:00,,0.0,0.0,
2026-05-03T02:15:00.0000000+02:00,,0.0,0.0,
2026-05-03T02:30:00.0000000+02:00,,0.0,0.0,
2026-05-03T02:45:00.0000000+02:00,,0.0,0.0,
2026-05-03T03:00:00.0000000+02:00,,0.0,0.0,
2026-05-03T03:15:00.0000000+02:00,,0.0,0.0,
2026-05-03T03:30:00.0000000+02:00,,0.0,0.0,
2026-05-03T03:45:00.0000000+02:00,,0.0,0.0,
2026-05-03T04:00:00.0000000+02:00,,0.0,0.0,
2026-05-03T04:15:00.0000000+02:00,,0.0,0.0,
2026-05-03T04:30:00.0000000+02:00,,0.0,0.0,6.25
2026-05-03T04:45:00.0000000+02:00,,0.001,0.0,72.5
2026-05-03T05:00:00.0000000+02:00,0.0116,0.0163,0.0,97.9167
2026-05-03T05:15:00.0000000+02:00,0.0375,0.0455,0.0,
2026-05-03T05:30:00.0000000+02:00,0.0924,0.1022,0.0,
2026-05-03T05:45:00.0000000+02:00,0.1719,0.189,0.0,
2026-05-03T06:00:00.0000000+02:00,0.2717,0.2809,0.0,
2026-05-03T06:15:00.0000000+02:00,0.3395,0.3474,0.0,
2026-05-03T06:30:00.0000000+02:00,0.3761,0.3781,0.0,
2026-05-03T06:45:00.0000000+02:00,0.5396,0.5424,0.0,
2026-05-03T07:00:00.0000000+02:00,0.7585,0.7579,0.0,
2026-05-03T07:15:00.0000000+02:00,0.9944,0.9894,0.0,
2026-05-03T07:30:00.0000000+02:00,1.2493,1.2692,7.0,
2026-05-03T07:45:00.0000000+02:00,1.5983,1.6012,20.6667,
2026-05-03T08:00:00.0000000+02:00,1.9179,1.9338,35.3333,96.875
2026-05-03T08:15:00.0000000+02:00,2.1427,2.1783,46.0,
2026-05-03T08:30:00.0000000+02:00,2.5307,2.5715,69.3333,
2026-05-03T08:45:00.0000000+02:00,2.4659,2.4704,89.3333,
2026-05-03T09:00:00.0000000+02:00,3.26,3.2823,126.0,
2026-05-03T09:15:00.0000000+02:00,3.7116,3.7394,168.0,
2026-05-03T09:30:00.0000000+02:00,3.1732,3.131,213.3333,
2026-05-03T09:45:00.0000000+02:00,2.2687,2.2394,246.6667,
2026-05-03T10:00:00.0000000+02:00,1.975,1.9918,306.6667,
2026-05-03T10:15:00.0000000+02:00,3.1594,3.1883,308.0,
2026-05-03T10:30:00.0000000+02:00,3.5548,3.7124,339.6667,
2026-05-03T10:45:00.0000000+02:00,3.2693,3.3383,408.0,
2026-05-03T11:00:00.0000000+02:00,3.0475,3.0081,392.3333,
2026-05-03T11:15:00.0000000+02:00,2.7962,2.7665,370.0,
2026-05-03T11:30:00.0000000+02:00,3.8361,3.8611,366.3333,
2026-05-03T11:45:00.0000000+02:00,4.4082,4.4905,337.6667,
2026-05-03T12:00:00.0000000+02:00,4.3136,4.3678,318.6667,
2026-05-03T12:15:00.0000000+02:00,4.2495,4.3275,573.3333,
2026-05-03T12:30:00.0000000+02:00,3.3861,3.4658,686.0,
2026-05-03T12:45:00.0000000+02:00,4.0077,4.2703,522.0,
2026-05-03T13:00:00.0000000+02:00,,4.528,517.3333,
2026-05-03T13:15:00.0000000+02:00,4.4509,4.4984,434.3333,
2026-05-03T13:30:00.0000000+02:00,,4.528,622.3333,
2026-05-03T13:45:00.0000000+02:00,4.4953,4.528,741.0,
2026-05-03T14:00:00.0000000+02:00,4.2719,4.4541,686.0,
2026-05-03T14:15:00.0000000+02:00,,4.5278,688.6667,
2026-05-03T14:30:00.0000000+02:00,3.4699,4.1385,721.6667,
2026-05-03T14:45:00.0000000+02:00,3.7913,3.8746,798.0,
2026-05-03T15:00:00.0000000+02:00,2.8031,2.7468,803.3333,
2026-05-03T15:15:00.0000000+02:00,2.3611,2.3598,737.0,
2026-05-03T15:30:00.0000000+02:00,1.7381,1.72,720.6667,
2026-05-03T15:45:00.0000000+02:00,1.8979,1.8669,830.0,
2026-05-03T16:00:00.0000000+02:00,1.0112,0.9223,870.0,
2026-05-03T16:15:00.0000000+02:00,1.0729,1.0475,862.0,
2026-05-03T16:30:00.0000000+02:00,1.0955,1.1116,812.6667,
2026-05-03T16:45:00.0000000+02:00,0.6169,0.599,739.6667,
2026-05-03T17:00:00.0000000+02:00,0.7361,0.7124,537.0,
2026-05-03T17:15:00.0000000+02:00,0.5371,0.5447,321.3333,
2026-05-03T17:30:00.0000000+02:00,0.7283,0.661,305.3333,
2026-05-03T17:45:00.0000000+02:00,1.8136,1.8594,267.6667,
2026-05-03T18:00:00.0000000+02:00,1.0297,0.9514,133.6667,
2026-05-03T18:15:00.0000000+02:00,0.6118,0.5989,135.3333,
2026-05-03T18:30:00.0000000+02:00,0.6671,0.6687,167.0,
2026-05-03T18:45:00.0000000+02:00,0.576,0.5742,130.0,
2026-05-03T19:00:00.0000000+02:00,0.4435,0.4437,154.3333,
2026-05-03T19:15:00.0000000+02:00,0.2708,0.2827,131.6667,
2026-05-03T19:30:00.0000000+02:00,0.1837,0.1906,134.0,
2026-05-03T19:45:00.0000000+02:00,0.1522,0.1654,183.0,
2026-05-03T20:00:00.0000000+02:00,0.0622,0.0693,163.3333,
2026-05-03T20:15:00.0000000+02:00,0.0253,0.0272,106.6667,
2026-05-03T20:30:00.0000000+02:00,0.0045,0.0136,104.3333,96.875
2026-05-03T20:45:00.0000000+02:00,-0.0056,0.0049,83.0,82.1429
2026-05-03T21:00:00.0000000+02:00,,0.0019,60.0,59.375
2026-05-03T21:15:00.0000000+02:00,,0.0007,40.3333,34.375
2026-05-03T21:30:00.0000000+02:00,,0.0,39.3333,
2026-05-03T21:45:00.0000000+02:00,,0.0,24.0,
2026-05-03T22:00:00.0000000+02:00,,0.0,10.0,
2026-05-03T22:15:00.0000000+02:00,,0.0,4.0,
2026-05-03T22:30:00.0000000+02:00,,0.0,0.3333,
2026-05-03T22:45:00.0000000+02:00,,0.0,0.0,
2026-05-03T23:00:00.0000000+02:00,,0.0,0.0,6.25
2026-05-03T23:15:00.0000000+02:00,,0.0,0.0,
2026-05-03T23:30:00.0000000+02:00,,0.0,0.0,
2026-05-03T23:45:00.0000000+02:00,,0.0,0.0,
2026-05-04T00:00:00.0000000+02:00,,0.0,0.0,
2026-05-04T00:15:00.0000000+02:00,,0.0,0.0,
2026-05-04T00:30:00.0000000+02:00,,0.0,0.0,
2026-05-04T00:45:00.0000000+02:00,,0.0,0.0,
2026-05-04T01:00:00.0000000+02:00,,0.0,0.0,
2026-05-04T01:15:00.0000000+02:00,,0.0,0.0,
2026-05-04T01:30:00.0000000+02:00,,0.0,0.0,
2026-05-04T01:45:00.0000000+02:00,,0.0,0.0,
2026-05-04T02:00:00.0000000+02:00,,0.0,0.0,
2026-05-04T02:15:00.0000000+02:00,,0.0,0.0,
2026-05-04T02:30:00.0000000+02:00,,0.0,0.0,
2026-05-04T02:45:00.0000000+02:00,,0.0,0.0,
2026-05-04T03:00:00.0000000+02:00,,0.0,0.0,
2026-05-04T03:15:00.0000000+02:00,,0.0,0.0,
2026-05-04T03:30:00.0000000+02:00,,0.0,0.0,
2026-05-04T03:45:00.0000000+02:00,,0.0,0.0,
2026-05-04T04:00:00.0000000+02:00,,0.0,0.0,
2026-05-04T04:15:00.0000000+02:00,,0.0,0.0,
2026-05-04T04:30:00.0000000+02:00,,0.0,0.0,12.5
2026-05-04T04:45:00.0000000+02:00,,0.0,0.0,
2026-05-04T05:00:00.0000000+02:00,,0.0,0.0,25.0
2026-05-04T05:15:00.0000000+02:00,0.0102,0.015,0.0,81.25
2026-05-04T05:30:00.0000000+02:00,0.0368,0.045,0.0,
2026-05-04T05:45:00.0000000+02:00,0.0699,0.0824,0.0,
2026-05-04T06:00:00.0000000+02:00,0.2282,0.2259,0.0,
2026-05-04T06:15:00.0000000+02:00,0.2884,0.2898,0.0,
2026-05-04T06:30:00.0000000+02:00,0.5315,0.5431,0.0,
2026-05-04T06:45:00.0000000+02:00,0.623,0.6002,0.0,
2026-05-04T07:00:00.0000000+02:00,0.2926,0.2788,0.0,
2026-05-04T07:15:00.0000000+02:00,0.313,0.3128,0.0,
2026-05-04T07:30:00.0000000+02:00,0.4874,0.5103,3.0,
2026-05-04T07:45:00.0000000+02:00,0.3475,0.3529,13.0,
2026-05-04T08:00:00.0000000+02:00,0.7771,0.7921,29.0,
2026-05-04T08:15:00.0000000+02:00,1.3054,1.2661,34.6667,
2026-05-04T08:30:00.0000000+02:00,1.0099,0.9822,63.6667,
2026-05-04T08:45:00.0000000+02:00,0.5372,0.5154,60.3333,
2026-05-04T09:00:00.0000000+02:00,0.58,0.5851,62.0,
2026-05-04T09:15:00.0000000+02:00,0.8352,0.8447,55.3333,
2026-05-04T09:30:00.0000000+02:00,1.2395,1.2419,75.3333,
2026-05-04T09:45:00.0000000+02:00,0.5995,0.5774,68.0,
2026-05-04T10:00:00.0000000+02:00,0.7053,0.6824,102.6667,
2026-05-04T10:15:00.0000000+02:00,0.7704,0.7795,185.0,
2026-05-04T10:30:00.0000000+02:00,0.7307,0.7482,135.0,
2026-05-04T10:45:00.0000000+02:00,1.898,1.8561,144.6667,
2026-05-04T11:00:00.0000000+02:00,2.7393,2.7573,114.3333,
2026-05-04T11:15:00.0000000+02:00,2.265,2.3038,120.3333,
2026-05-04T11:30:00.0000000+02:00,1.7642,1.7486,204.0,
2026-05-04T11:45:00.0000000+02:00,1.4857,1.4794,169.3333,
2026-05-04T12:00:00.0000000+02:00,2.6191,2.6404,155.0,
2026-05-04T12:15:00.0000000+02:00,2.4268,2.5193,161.3333,
2026-05-04T12:30:00.0000000+02:00,1.7307,1.6941,207.3333,
2026-05-04T12:45:00.0000000+02:00,2.1614,2.2412,238.0,
2026-05-04T13:00:00.0000000+02:00,2.8871,2.8326,278.0,
2026-05-04T13:15:00.0000000+02:00,2.8171,2.8523,391.0,
2026-05-04T13:30:00.0000000+02:00,3.6572,3.9047,305.0,
2026-05-04T13:45:00.0000000+02:00,2.4986,2.4615,229.3333,
2026-05-04T14:00:00.0000000+02:00,3.3412,3.3624,283.0,
2026-05-04T14:15:00.0000000+02:00,,4.528,275.3333,
2026-05-04T14:30:00.0000000+02:00,4.1616,4.4445,240.6667,
2026-05-04T14:45:00.0000000+02:00,,4.528,254.6667,
2026-05-04T15:00:00.0000000+02:00,,4.528,345.3333,
2026-05-04T15:15:00.0000000+02:00,4.4959,4.5247,439.3333,
2026-05-04T15:30:00.0000000+02:00,4.4799,4.5112,639.6667,
2026-05-04T15:45:00.0000000+02:00,4.4339,4.4729,562.6667,
2026-05-04T16:00:00.0000000+02:00,4.3118,4.373,591.3333,
2026-05-04T16:15:00.0000000+02:00,4.0804,4.1229,713.3333,
2026-05-04T16:30:00.0000000+02:00,3.8022,3.8426,776.6667,
2026-05-04T16:45:00.0000000+02:00,3.5207,3.5557,868.6667,
2026-05-04T17:00:00.0000000+02:00,3.2318,3.2478,849.0,
2026-05-04T17:15:00.0000000+02:00,3.0202,3.0463,818.0,
2026-05-04T17:30:00.0000000+02:00,2.7138,2.7108,784.0,
2026-05-04T17:45:00.0000000+02:00,2.2602,2.2919,747.0,
2026-05-04T18:00:00.0000000+02:00,1.887,1.8841,707.6667,
2026-05-04T18:15:00.0000000+02:00,1.5222,1.523,667.0,
2026-05-04T18:30:00.0000000+02:00,1.1896,1.1827,624.0,
2026-05-04T18:45:00.0000000+02:00,0.8808,0.869,578.6667,
2026-05-04T19:00:00.0000000+02:00,0.6032,0.6028,532.0,
2026-05-04T19:15:00.0000000+02:00,0.3952,0.396,478.3333,
2026-05-04T19:30:00.0000000+02:00,0.26,0.2641,389.6667,
2026-05-04T19:45:00.0000000+02:00,0.1818,0.1849,371.3333,
2026-05-04T20:00:00.0000000+02:00,0.1151,0.1224,323.3333,
2026-05-04T20:15:00.0000000+02:00,0.0648,0.0763,280.0,
2026-05-04T20:30:00.0000000+02:00,0.033,0.0429,229.6667,
2026-05-04T20:45:00.0000000+02:00,0.0077,0.0165,181.0,
2026-05-04T21:00:00.0000000+02:00,-0.0075,0.0042,134.0,81.8182
2026-05-04T21:15:00.0000000+02:00,,0.0016,91.0,58.9286
2026-05-04T21:30:00.0000000+02:00,,0.0003,51.3333,28.125
2026-05-04T21:45:00.0000000+02:00,,0.0,19.6667,
2026-05-04T22:00:00.0000000+02:00,,0.0,15.6667,
2026-05-04T22:15:00.0000000+02:00,,0.0,13.6667,
2026-05-04T22:30:00.0000000+02:00,,0.0,3.3333,
2026-05-04T22:45:00.0000000+02:00,,0.0,0.0,
2026-05-04T23:00:00.0000000+02:00,,0.0,0.0,
2026-05-04T23:15:00.0000000+02:00,,0.0,0.0,3.125
2026-05-04T23:30:00.0000000+02:00,,0.0,0.0,
2026-05-04T23:45:00.0000000+02:00,,0.0,0.0,
2026-05-05T00:00:00.0000000+02:00,,0.0,0.0,
2026-05-05T00:15:00.0000000+02:00,,0.0,0.0,
2026-05-05T00:30:00.0000000+02:00,,0.0,0.0,
2026-05-05T00:45:00.0000000+02:00,,0.0,0.0,
2026-05-05T01:00:00.0000000+02:00,,0.0,0.0,
2026-05-05T01:15:00.0000000+02:00,,0.0,0.0,
2026-05-05T01:30:00.0000000+02:00,,0.0,0.0,
2026-05-05T01:45:00.0000000+02:00,,0.0,0.0,
2026-05-05T02:00:00.0000000+02:00,,0.0,0.0,
2026-05-05T02:15:00.0000000+02:00,,0.0,0.0,
2026-05-05T02:30:00.0000000+02:00,,0.0,0.0,
2026-05-05T02:45:00.0000000+02:00,,0.0,0.0,
2026-05-05T03:00:00.0000000+02:00,,0.0,0.0,
2026-05-05T03:15:00.0000000+02:00,,0.0,0.0,
2026-05-05T03:30:00.0000000+02:00,,0.0,0.0,
2026-05-05T03:45:00.0000000+02:00,,0.0,0.0,
2026-05-05T04:00:00.0000000+02:00,,0.0,0.0,
2026-05-05T04:15:00.0000000+02:00,,0.0,0.0,12.5
2026-05-05T04:30:00.0000000+02:00,,0.0,0.0,
2026-05-05T04:45:00.0000000+02:00,0.0025,0.0054,0.0,72.6562
2026-05-05T05:00:00.0000000+02:00,0.0183,0.0274,0.0,
2026-05-05T05:15:00.0000000+02:00,0.0494,0.0611,0.0,
2026-05-05T05:30:00.0000000+02:00,0.0921,0.1026,0.0,
2026-05-05T05:45:00.0000000+02:00,0.1437,0.1562,0.0,
2026-05-05T06:00:00.0000000+02:00,0.208,0.2174,0.0,
2026-05-05T06:15:00.0000000+02:00,0.2812,0.2857,0.0,
2026-05-05T06:30:00.0000000+02:00,0.3938,0.398,0.0,
2026-05-05T06:45:00.0000000+02:00,0.5595,0.5653,0.0,
2026-05-05T07:00:00.0000000+02:00,0.7695,0.7765,0.0,
2026-05-05T07:15:00.0000000+02:00,1.0492,1.0586,1.0,
2026-05-05T07:30:00.0000000+02:00,1.3747,1.3777,12.0,
2026-05-05T07:45:00.0000000+02:00,1.6399,1.6694,22.6667,
2026-05-05T08:00:00.0000000+02:00,2.1468,2.2076,30.6667,
2026-05-05T08:15:00.0000000+02:00,2.3701,2.3978,40.0,
2026-05-05T08:30:00.0000000+02:00,2.7023,2.7885,60.3333,
2026-05-05T08:45:00.0000000+02:00,3.2313,3.2408,95.3333,
2026-05-05T09:00:00.0000000+02:00,3.7366,3.7295,137.3333,
2026-05-05T09:15:00.0000000+02:00,3.8511,3.8856,183.0,
2026-05-05T09:30:00.0000000+02:00,3.0092,3.1402,231.0,
2026-05-05T09:45:00.0000000+02:00,3.7162,3.8479,280.6667,
2026-05-05T10:00:00.0000000+02:00,3.0334,3.3488,331.0,
2026-05-05T10:15:00.0000000+02:00,3.0215,3.4395,382.0,
2026-05-05T10:30:00.0000000+02:00,3.0743,3.1817,433.0,
2026-05-05T10:45:00.0000000+02:00,3.2512,3.1784,483.6667,
2026-05-05T11:00:00.0000000+02:00,3.4957,3.857,533.0,
2026-05-05T11:15:00.0000000+02:00,3.7912,4.3726,554.0,
2026-05-05T11:30:00.0000000+02:00,3.217,3.5725,547.3333,
2026-05-05T11:45:00.0000000+02:00,3.2556,3.5414,559.0,
2026-05-05T12:00:00.0000000+02:00,3.6136,4.3286,558.0,
2026-05-05T12:15:00.0000000+02:00,3.5526,3.8561,671.0,
2026-05-05T12:30:00.0000000+02:00,2.8677,3.0892,676.3333,
2026-05-05T12:45:00.0000000+02:00,2.709,3.8714,680.6667,
2026-05-05T13:00:00.0000000+02:00,2.7141,3.1635,753.3333,
2026-05-05T13:15:00.0000000+02:00,2.2183,2.2091,866.0,
2026-05-05T13:30:00.0000000+02:00,3.1937,4.0548,774.3333,
2026-05-05T13:45:00.0000000+02:00,,4.528,655.6667,
2026-05-05T14:00:00.0000000+02:00,4.1101,4.3148,780.3333,
2026-05-05T14:15:00.0000000+02:00,4.3535,4.4825,783.3333,
2026-05-05T14:30:00.0000000+02:00,2.4992,2.8285,666.6667,
2026-05-05T14:45:00.0000000+02:00,3.1971,3.7615,700.3333,
2026-05-05T15:00:00.0000000+02:00,4.1777,4.3944,688.6667,
2026-05-05T15:15:00.0000000+02:00,,4.5267,662.0,
2026-05-05T15:30:00.0000000+02:00,4.4812,4.5124,830.6667,
2026-05-05T15:45:00.0000000+02:00,2.9096,3.7647,815.3333,
2026-05-05T16:00:00.0000000+02:00,4.2808,4.3871,889.3333,
2026-05-05T16:15:00.0000000+02:00,4.2918,4.3704,881.6667,
2026-05-05T16:30:00.0000000+02:00,3.9453,3.9993,863.0,
2026-05-05T16:45:00.0000000+02:00,3.6547,3.6812,862.3333,
2026-05-05T17:00:00.0000000+02:00,3.5458,3.5802,811.3333,
2026-05-05T17:15:00.0000000+02:00,3.3007,3.3992,816.6667,
2026-05-05T17:30:00.0000000+02:00,2.7782,2.7892,797.6667,
2026-05-05T17:45:00.0000000+02:00,1.5974,1.7045,761.0,
2026-05-05T18:00:00.0000000+02:00,2.0576,2.0595,721.6667,
2026-05-05T18:15:00.0000000+02:00,1.6121,1.5919,676.6667,
2026-05-05T18:30:00.0000000+02:00,1.2205,1.2157,634.6667,
2026-05-05T18:45:00.0000000+02:00,0.9091,0.8932,588.0,
2026-05-05T19:00:00.0000000+02:00,0.6206,0.6198,537.3333,
2026-05-05T19:15:00.0000000+02:00,0.4122,0.4115,486.0,
2026-05-05T19:30:00.0000000+02:00,0.2746,0.2752,440.0,
2026-05-05T19:45:00.0000000+02:00,0.1842,0.192,389.0,
2026-05-05T20:00:00.0000000+02:00,0.119,0.1277,338.0,
2026-05-05T20:15:00.0000000+02:00,0.0732,0.0798,286.3333,
2026-05-05T20:30:00.0000000+02:00,0.0397,0.0458,236.0,
2026-05-05T20:45:00.0000000+02:00,0.0123,0.0184,186.3333,
2026-05-05T21:00:00.0000000+02:00,-0.0032,0.0046,139.3333,82.8125
2026-05-05T21:15:00.0000000+02:00,,0.0013,95.0,53.3333
2026-05-05T21:30:00.0000000+02:00,,0.0004,54.3333,18.75
2026-05-05T21:45:00.0000000+02:00,,0.0,21.3333,
2026-05-05T22:00:00.0000000+02:00,,0.0,15.6667,
2026-05-05T22:15:00.0000000+02:00,,0.0,14.6667,
2026-05-05T22:30:00.0000000+02:00,,0.0,5.0,
2026-05-05T22:45:00.0000000+02:00,,0.0,0.0,
2026-05-05T23:00:00.0000000+02:00,,0.0,0.0,
2026-05-05T23:15:00.0000000+02:00,,0.0,0.0,0.0
2026-05-05T23:30:00.0000000+02:00,,0.0,0.0,
2026-05-05T23:45:00.0000000+02:00,,0.0,0.0,
2026-05-06T00:00:00.0000000+02:00,,0.0,0.0,
2026-05-06T00:15:00.0000000+02:00,,0.0,0.0,
2026-05-06T00:30:00.0000000+02:00,,0.0,0.0,
2026-05-06T00:45:00.0000000+02:00,,0.0,0.0,
2026-05-06T01:00:00.0000000+02:00,,0.0,0.0,
2026-05-06T01:15:00.0000000+02:00,,0.0,0.0,
2026-05-06T01:30:00.0000000+02:00,,0.0,0.0,
2026-05-06T01:45:00.0000000+02:00,,0.0,0.0,
2026-05-06T02:00:00.0000000+02:00,,0.0,0.0,
2026-05-06T02:15:00.0000000+02:00,,0.0,0.0,
2026-05-06T02:30:00.0000000+02:00,,0.0,0.0,
2026-05-06T02:45:00.0000000+02:00,,0.0,0.0,
2026-05-06T03:00:00.0000000+02:00,,0.0,0.0,
2026-05-06T03:15:00.0000000+02:00,,0.0,0.0,
2026-05-06T03:30:00.0000000+02:00,,0.0,0.0,
2026-05-06T03:45:00.0000000+02:00,,0.0,0.0,
2026-05-06T04:00:00.0000000+02:00,,0.0,0.0,
2026-05-06T04:15:00.0000000+02:00,,0.0,0.0,9.375
2026-05-06T04:30:00.0000000+02:00,,0.0,0.0,
2026-05-06T04:45:00.0000000+02:00,0.0074,0.0094,0.0,70.8333
2026-05-06T05:00:00.0000000+02:00,0.0245,0.0331,0.0,
2026-05-06T05:15:00.0000000+02:00,0.0624,0.0736,0.0,
2026-05-06T05:30:00.0000000+02:00,0.1282,0.1329,0.0,
2026-05-06T05:45:00.0000000+02:00,0.2134,0.2225,0.0,
2026-05-06T06:00:00.0000000+02:00,0.3058,0.304,0.0,
2026-05-06T06:15:00.0000000+02:00,0.3504,0.3506,0.0,
2026-05-06T06:30:00.0000000+02:00,0.2827,0.2907,0.0,
2026-05-06T06:45:00.0000000+02:00,0.3032,0.3064,0.0,
2026-05-06T07:00:00.0000000+02:00,0.4468,0.4448,0.0,
2026-05-06T07:15:00.0000000+02:00,0.6634,0.6643,1.6667,
2026-05-06T07:30:00.0000000+02:00,0.9497,0.9434,13.0,
2026-05-06T07:45:00.0000000+02:00,0.9984,1.0183,26.3333,
2026-05-06T08:00:00.0000000+02:00,1.2533,1.258,32.3333,
2026-05-06T08:15:00.0000000+02:00,1.3749,1.3627,31.6667,
2026-05-06T08:30:00.0000000+02:00,1.6256,1.5809,42.3333,
2026-05-06T08:45:00.0000000+02:00,1.8979,1.9133,66.0,
2026-05-06T09:00:00.0000000+02:00,1.855,1.7904,79.3333,
2026-05-06T09:15:00.0000000+02:00,2.3429,2.3371,92.3333,
2026-05-06T09:30:00.0000000+02:00,2.7307,2.7318,132.0,
2026-05-06T09:45:00.0000000+02:00,2.8221,2.8171,130.6667,
2026-05-06T10:00:00.0000000+02:00,2.2173,2.2286,162.6667,
2026-05-06T10:15:00.0000000+02:00,2.6219,2.5946,177.0,
2026-05-06T10:30:00.0000000+02:00,3.2821,3.2928,177.0,
2026-05-06T10:45:00.0000000+02:00,2.6222,2.525,238.3333,
2026-05-06T11:00:00.0000000+02:00,2.5125,2.5347,215.6667,
2026-05-06T11:15:00.0000000+02:00,3.325,3.3654,257.0,
2026-05-06T11:30:00.0000000+02:00,2.7518,2.7579,355.3333,
2026-05-06T11:45:00.0000000+02:00,2.3896,2.3983,369.0,
2026-05-06T12:00:00.0000000+02:00,2.6568,2.671,304.0,
2026-05-06T12:15:00.0000000+02:00,2.9326,2.9556,330.3333,
2026-05-06T12:30:00.0000000+02:00,3.0019,3.0213,379.6667,
2026-05-06T12:45:00.0000000+02:00,2.8216,2.84,301.3333,
2026-05-06T13:00:00.0000000+02:00,2.7897,2.8014,363.6667,
2026-05-06T13:15:00.0000000+02:00,2.8013,2.8022,416.6667,
2026-05-06T13:30:00.0000000+02:00,2.9785,3.0131,407.3333,
2026-05-06T13:45:00.0000000+02:00,3.2056,3.1962,322.6667,
2026-05-06T14:00:00.0000000+02:00,2.6649,2.6727,367.3333,
2026-05-06T14:15:00.0000000+02:00,2.7401,2.7561,405.0,
2026-05-06T14:30:00.0000000+02:00,3.0066,3.0251,410.3333,
2026-05-06T14:45:00.0000000+02:00,2.9052,2.9128,387.0,
2026-05-06T15:00:00.0000000+02:00,2.3374,2.3384,374.3333,
2026-05-06T15:15:00.0000000+02:00,2.5594,2.5668,405.3333,
2026-05-06T15:30:00.0000000+02:00,2.4967,2.4965,437.3333,
2026-05-06T15:45:00.0000000+02:00,2.3036,2.3006,424.3333,
2026-05-06T16:00:00.0000000+02:00,1.9641,1.9661,378.3333,
2026-05-06T16:15:00.0000000+02:00,1.8647,1.8623,369.0,
2026-05-06T16:30:00.0000000+02:00,1.7547,1.7535,382.6667,
2026-05-06T16:45:00.0000000+02:00,1.6387,1.6337,352.6667,
2026-05-06T17:00:00.0000000+02:00,1.5415,1.5358,326.3333,
2026-05-06T17:15:00.0000000+02:00,1.564,1.5555,320.0,
2026-05-06T17:30:00.0000000+02:00,1.7057,1.709,322.3333,
2026-05-06T17:45:00.0000000+02:00,1.8993,1.906,288.6667,
2026-05-06T18:00:00.0000000+02:00,2.1579,2.1521,255.6667,
2026-05-06T18:15:00.0000000+02:00,1.9223,1.8984,247.6667,
2026-05-06T18:30:00.0000000+02:00,1.4966,1.4885,246.3333,
2026-05-06T18:45:00.0000000+02:00,1.2864,1.2946,228.3333,
2026-05-06T19:00:00.0000000+02:00,1.0994,1.1004,201.3333,
2026-05-06T19:15:00.0000000+02:00,0.8279,0.8242,193.0,
2026-05-06T19:30:00.0000000+02:00,0.5743,0.5725,179.3333,
2026-05-06T19:45:00.0000000+02:00,0.3667,0.37,277.3333,
2026-05-06T20:00:00.0000000+02:00,0.2158,0.2224,276.0,
2026-05-06T20:15:00.0000000+02:00,0.1185,0.1235,201.3333,
2026-05-06T20:30:00.0000000+02:00,0.0566,0.0642,152.3333,
2026-05-06T20:45:00.0000000+02:00,0.0228,0.0352,102.0,
2026-05-06T21:00:00.0000000+02:00,0.0003,0.0057,95.6667,72.9167
2026-05-06T21:15:00.0000000+02:00,,0.0013,94.3333,34.375
2026-05-06T21:30:00.0000000+02:00,,0.0006,47.3333,6.25
2026-05-06T21:45:00.0000000+02:00,,0.0,24.6667,
2026-05-06T22:00:00.0000000+02:00,,0.0,12.3333,
2026-05-06T22:15:00.0000000+02:00,,0.0,4.5,
2026-05-06T22:30:00.0000000+02:00,,0.0,2.0,
2026-05-06T22:45:00.0000000+02:00,,0.0,0.0,
2026-05-06T23:00:00.0000000+02:00,,0.0,,
2026-05-06T23:15:00.0000000+02:00,,0.0,,
2026-05-06T23:30:00.0000000+02:00,,0.0,,
2026-05-06T23:45:00.0000000+02:00,,0.0,,
2026-05-07T00:00:00.0000000+02:00,,0.0,0.0,
2026-05-07T00:15:00.0000000+02:00,,0.0,0.0,
2026-05-07T00:30:00.0000000+02:00,,0.0,0.0,
2026-05-07T00:45:00.0000000+02:00,,0.0,0.0,
2026-05-07T01:00:00.0000000+02:00,,0.0,0.0,
2026-05-07T01:15:00.0000000+02:00,,0.0,0.0,
2026-05-07T01:30:00.0000000+02:00,,0.0,0.0,
2026-05-07T01:45:00.0000000+02:00,,0.0,0.0,
2026-05-07T02:00:00.0000000+02:00,,0.0,0.0,
2026-05-07T02:15:00.0000000+02:00,,0.0,0.0,
2026-05-07T02:30:00.0000000+02:00,,0.0,0.0,
2026-05-07T02:45:00.0000000+02:00,,0.0,0.0,
2026-05-07T03:00:00.0000000+02:00,,0.0,0.0,
2026-05-07T03:15:00.0000000+02:00,,0.0,0.0,
2026-05-07T03:30:00.0000000+02:00,,0.0,0.0,
2026-05-07T03:45:00.0000000+02:00,,0.0,0.0,
2026-05-07T04:00:00.0000000+02:00,,0.0,0.0,
2026-05-07T04:15:00.0000000+02:00,,0.0,0.0,
2026-05-07T04:30:00.0000000+02:00,,0.0,0.0,
2026-05-07T04:45:00.0000000+02:00,,0.004,0.0,62.5
2026-05-07T05:00:00.0000000+02:00,0.0174,0.0256,0.0,
2026-05-07T05:15:00.0000000+02:00,0.0773,0.0906,0.0,
2026-05-07T05:30:00.0000000+02:00,0.1534,0.1688,0.0,
2026-05-07T05:45:00.0000000+02:00,0.2131,0.2216,0.0,
2026-05-07T06:00:00.0000000+02:00,0.3103,0.316,0.0,
2026-05-07T06:15:00.0000000+02:00,0.4568,0.4706,0.0,
2026-05-07T06:30:00.0000000+02:00,0.6199,0.6281,0.0,
2026-05-07T06:45:00.0000000+02:00,0.7398,0.7495,0.0,
2026-05-07T07:00:00.0000000+02:00,0.8394,0.8483,0.0,
2026-05-07T07:15:00.0000000+02:00,1.2197,1.2255,2.3333,
2026-05-07T07:30:00.0000000+02:00,1.4272,1.4295,13.3333,
2026-05-07T07:45:00.0000000+02:00,1.782,1.7924,28.3333,
2026-05-07T08:00:00.0000000+02:00,2.1542,2.166,33.3333,
2026-05-07T08:15:00.0000000+02:00,2.5141,2.5259,49.3333,
2026-05-07T08:30:00.0000000+02:00,2.8863,2.901,77.6667,
2026-05-07T08:45:00.0000000+02:00,3.2195,3.2461,106.3333,
2026-05-07T09:00:00.0000000+02:00,3.5352,3.5833,141.0,
2026-05-07T09:15:00.0000000+02:00,3.8291,3.8881,182.3333,
2026-05-07T09:30:00.0000000+02:00,4.1044,4.1639,234.0,
2026-05-07T09:45:00.0000000+02:00,4.3092,4.3548,283.3333,
2026-05-07T10:00:00.0000000+02:00,4.4178,4.4563,333.6667,
2026-05-07T10:15:00.0000000+02:00,4.4614,4.4889,385.0,
2026-05-07T10:30:00.0000000+02:00,4.4824,4.5111,436.0,
2026-05-07T10:45:00.0000000+02:00,4.5032,4.5256,486.6667,
2026-05-07T11:00:00.0000000+02:00,,4.528,536.6667,
2026-05-07T11:15:00.0000000+02:00,,4.528,585.0,
2026-05-07T11:30:00.0000000+02:00,,4.528,631.6667,
2026-05-07T11:45:00.0000000+02:00,,4.528,676.6667,
2026-05-07T12:00:00.0000000+02:00,3.8179,4.2201,719.6667,
2026-05-07T12:15:00.0000000+02:00,2.1938,2.9333,760.0,
2026-05-07T12:30:00.0000000+02:00,3.6145,4.3773,798.0,
2026-05-07T12:45:00.0000000+02:00,2.6771,2.6651,832.6667,
2026-05-07T13:00:00.0000000+02:00,2.9117,3.1009,864.0,
2026-05-07T13:15:00.0000000+02:00,2.2939,3.051,892.0,
2026-05-07T13:30:00.0000000+02:00,2.9042,2.9097,916.6667,
2026-05-07T13:45:00.0000000+02:00,2.1112,2.1177,937.6667,
2026-05-07T14:00:00.0000000+02:00,3.2362,3.6627,950.6667,
2026-05-07T14:15:00.0000000+02:00,3.0346,3.3936,883.0,
2026-05-07T14:30:00.0000000+02:00,3.503,3.946,834.0,
2026-05-07T14:45:00.0000000+02:00,4.2966,4.4645,821.0,
2026-05-07T15:00:00.0000000+02:00,,4.528,739.3333,
2026-05-07T15:15:00.0000000+02:00,2.9717,3.1232,702.3333,
2026-05-07T15:30:00.0000000+02:00,3.086,3.4489,792.6667,
2026-05-07T15:45:00.0000000+02:00,4.2969,4.503,789.0,
2026-05-07T16:00:00.0000000+02:00,2.971,3.0457,823.3333,
2026-05-07T16:15:00.0000000+02:00,4.1317,4.1993,828.6667,
2026-05-07T16:30:00.0000000+02:00,3.9286,3.9738,845.0,
2026-05-07T16:45:00.0000000+02:00,3.6182,3.6608,848.6667,
2026-05-07T17:00:00.0000000+02:00,3.3176,3.3478,843.3333,
2026-05-07T17:15:00.0000000+02:00,2.9804,3.0183,801.3333,
2026-05-07T17:30:00.0000000+02:00,2.6448,2.6675,771.0,
2026-05-07T17:45:00.0000000+02:00,2.3058,2.3065,753.0,
2026-05-07T18:00:00.0000000+02:00,1.9541,1.9514,713.0,
2026-05-07T18:15:00.0000000+02:00,1.5799,1.5903,673.6667,
2026-05-07T18:30:00.0000000+02:00,1.2525,1.2496,630.0,
2026-05-07T18:45:00.0000000+02:00,0.9466,0.9334,583.6667,
2026-05-07T19:00:00.0000000+02:00,0.6642,0.657,535.6667,
2026-05-07T19:15:00.0000000+02:00,0.4458,0.4413,486.0,
2026-05-07T19:30:00.0000000+02:00,0.2938,0.2995,435.0,
2026-05-07T19:45:00.0000000+02:00,0.2016,0.2116,384.0,
2026-05-07T20:00:00.0000000+02:00,0.1345,0.1461,333.0,
2026-05-07T20:15:00.0000000+02:00,0.079,0.0915,283.0,
2026-05-07T20:30:00.0000000+02:00,0.0414,0.0542,233.6667,
2026-05-07T20:45:00.0000000+02:00,0.0155,0.0247,186.0,
2026-05-07T21:00:00.0000000+02:00,0.0001,0.0068,140.6667,82.6389
2026-05-07T21:15:00.0000000+02:00,,0.0018,99.0,48.4375
2026-05-07T21:30:00.0000000+02:00,,0.0009,61.3333,16.6667
2026-05-07T21:45:00.0000000+02:00,,0.0,31.6667,
2026-05-07T22:00:00.0000000+02:00,,0.0,22.3333,
2026-05-07T22:15:00.0000000+02:00,,0.0,18.3333,
2026-05-07T22:30:00.0000000+02:00,,0.0,8.0,
2026-05-07T22:45:00.0000000+02:00,,0.0,0.0,
2026-05-07T23:00:00.0000000+02:00,,0.0,,
2026-05-07T23:15:00.0000000+02:00,,0.0,,0.0
2026-05-07T23:30:00.0000000+02:00,,0.0,,
2026-05-07T23:45:00.0000000+02:00,,0.0,,
2026-05-08T00:00:00.0000000+02:00,,0.0,0.0,
2026-05-08T00:15:00.0000000+02:00,,0.0,0.0,
2026-05-08T00:30:00.0000000+02:00,,0.0,0.0,
2026-05-08T00:45:00.0000000+02:00,,0.0,0.0,
2026-05-08T01:00:00.0000000+02:00,,0.0,0.0,
2026-05-08T01:15:00.0000000+02:00,,0.0,0.0,
2026-05-08T01:30:00.0000000+02:00,,0.0,0.0,
2026-05-08T01:45:00.0000000+02:00,,0.0,0.0,
2026-05-08T02:00:00.0000000+02:00,,0.0,0.0,
2026-05-08T02:15:00.0000000+02:00,,0.0,0.0,
2026-05-08T02:30:00.0000000+02:00,,0.0,0.0,
2026-05-08T02:45:00.0000000+02:00,,0.0,0.0,
2026-05-08T03:00:00.0000000+02:00,,0.0,0.0,
2026-05-08T03:15:00.0000000+02:00,,0.0,0.0,
2026-05-08T03:30:00.0000000+02:00,,0.0,0.0,
2026-05-08T03:45:00.0000000+02:00,,0.0,0.0,
2026-05-08T04:00:00.0000000+02:00,,0.0,0.0,6.25
2026-05-08T04:15:00.0000000+02:00,,0.0,0.0,
2026-05-08T04:30:00.0000000+02:00,,0.0001,0.0,15.625
2026-05-08T04:45:00.0000000+02:00,0.0105,0.0141,0.0,79.6875
2026-05-08T05:00:00.0000000+02:00,0.0269,0.0383,0.0,
2026-05-08T05:15:00.0000000+02:00,0.0544,0.0686,0.0,
2026-05-08T05:30:00.0000000+02:00,0.0943,0.104,0.0,
2026-05-08T05:45:00.0000000+02:00,0.1408,0.1489,0.0,
2026-05-08T06:00:00.0000000+02:00,0.187,0.199,0.0,
2026-05-08T06:15:00.0000000+02:00,0.2686,0.2771,0.0,
2026-05-08T06:30:00.0000000+02:00,0.4259,0.4322,0.0,
2026-05-08T06:45:00.0000000+02:00,0.6025,0.6231,0.0,
2026-05-08T07:00:00.0000000+02:00,0.8233,0.8304,0.0,
2026-05-08T07:15:00.0000000+02:00,1.1571,1.1489,4.6667,
2026-05-08T07:30:00.0000000+02:00,1.4895,1.5007,17.6667,
2026-05-08T07:45:00.0000000+02:00,1.8714,1.8777,19.6667,
2026-05-08T08:00:00.0000000+02:00,2.2332,2.2564,18.6667,
2026-05-08T08:15:00.0000000+02:00,2.6139,2.632,29.0,
2026-05-08T08:30:00.0000000+02:00,2.937,2.9664,64.0,
2026-05-08T08:45:00.0000000+02:00,3.2937,3.3102,105.0,
2026-05-08T09:00:00.0000000+02:00,3.621,3.6684,149.3333,
2026-05-08T09:15:00.0000000+02:00,3.9062,3.9652,197.0,
2026-05-08T09:30:00.0000000+02:00,4.1678,4.2314,247.0,
2026-05-08T09:45:00.0000000+02:00,4.3542,4.401,298.0,
2026-05-08T10:00:00.0000000+02:00,4.4366,4.4676,349.6667,
2026-05-08T10:15:00.0000000+02:00,4.4695,4.4926,401.6667,
2026-05-08T10:30:00.0000000+02:00,4.4914,4.5154,453.6667,
2026-05-08T10:45:00.0000000+02:00,4.502,4.5266,505.0,
2026-05-08T11:00:00.0000000+02:00,,4.528,555.3333,
2026-05-08T11:15:00.0000000+02:00,,4.528,604.0,
2026-05-08T11:30:00.0000000+02:00,,4.528,651.6667,
2026-05-08T11:45:00.0000000+02:00,,4.528,697.0,
2026-05-08T12:00:00.0000000+02:00,,4.528,740.0,
2026-05-08T12:15:00.0000000+02:00,,4.528,780.0,
2026-05-08T12:30:00.0000000+02:00,,4.528,817.0,
2026-05-08T12:45:00.0000000+02:00,,4.528,851.0,
2026-05-08T13:00:00.0000000+02:00,,4.528,882.0,
2026-05-08T13:15:00.0000000+02:00,,4.528,910.0,
2026-05-08T13:30:00.0000000+02:00,,4.528,934.6667,
2026-05-08T13:45:00.0000000+02:00,,4.528,955.6667,
2026-05-08T14:00:00.0000000+02:00,,4.528,973.0,
2026-05-08T14:15:00.0000000+02:00,,4.528,986.0,
2026-05-08T14:30:00.0000000+02:00,,4.528,995.6667,
2026-05-08T14:45:00.0000000+02:00,,4.528,1001.6667,
2026-05-08T15:00:00.0000000+02:00,,4.528,1003.0,
2026-05-08T15:15:00.0000000+02:00,,4.5261,1001.6667,
2026-05-08T15:30:00.0000000+02:00,4.4917,4.5166,995.6667,
2026-05-08T15:45:00.0000000+02:00,4.4657,4.4946,986.3333,
2026-05-08T16:00:00.0000000+02:00,4.3846,4.4335,973.0,
2026-05-08T16:15:00.0000000+02:00,4.2023,4.2569,955.6667,
2026-05-08T16:30:00.0000000+02:00,3.9382,3.9811,934.3333,
2026-05-08T16:45:00.0000000+02:00,3.652,3.6914,909.6667,
2026-05-08T17:00:00.0000000+02:00,3.3281,3.3704,881.0,
2026-05-08T17:15:00.0000000+02:00,3.0081,3.0282,848.6667,
2026-05-08T17:30:00.0000000+02:00,2.6739,2.6874,813.3333,
2026-05-08T17:45:00.0000000+02:00,2.3344,2.3339,775.0,
2026-05-08T18:00:00.0000000+02:00,1.9664,1.9801,734.0,
2026-05-08T18:15:00.0000000+02:00,1.6298,1.6221,690.0,
2026-05-08T18:30:00.0000000+02:00,1.2745,1.2798,644.6667,
2026-05-08T18:45:00.0000000+02:00,0.963,0.9569,597.0,
2026-05-08T19:00:00.0000000+02:00,0.6737,0.6749,548.3333,
2026-05-08T19:15:00.0000000+02:00,0.4476,0.4545,498.0,
2026-05-08T19:30:00.0000000+02:00,0.3035,0.3127,447.0,
2026-05-08T19:45:00.0000000+02:00,0.2175,0.2268,396.0,
2026-05-08T20:00:00.0000000+02:00,0.1467,0.1443,344.3333,
2026-05-08T20:15:00.0000000+02:00,0.089,0.0927,293.0,
2026-05-08T20:30:00.0000000+02:00,0.0401,0.0496,242.6667,
2026-05-08T20:45:00.0000000+02:00,0.0133,0.0225,194.0,
2026-05-08T21:00:00.0000000+02:00,0.0031,0.0074,147.0,80.2083
2026-05-08T21:15:00.0000000+02:00,-0.0069,0.0017,103.0,49.5536
2026-05-08T21:30:00.0000000+02:00,,0.0007,63.3333,15.625
2026-05-08T21:45:00.0000000+02:00,,0.0,29.3333,
2026-05-08T22:00:00.0000000+02:00,,0.0,18.3333,
2026-05-08T22:15:00.0000000+02:00,,0.0,18.0,
2026-05-08T22:30:00.0000000+02:00,,0.0,9.6667,
2026-05-08T22:45:00.0000000+02:00,,0.0,0.3333,
2026-05-08T23:00:00.0000000+02:00,,0.0,0.0,
2026-05-08T23:15:00.0000000+02:00,,0.0,0.0,0.0
2026-05-08T23:30:00.0000000+02:00,,0.0,0.0,
2026-05-08T23:45:00.0000000+02:00,,0.0,0.0,
2026-05-09T00:00:00.0000000+02:00,,0.0,0.0,
2026-05-09T00:15:00.0000000+02:00,,0.0,0.0,
2026-05-09T00:30:00.0000000+02:00,,0.0,0.0,
2026-05-09T00:45:00.0000000+02:00,,0.0,0.0,
2026-05-09T01:00:00.0000000+02:00,,0.0,0.0,
2026-05-09T01:15:00.0000000+02:00,,0.0,0.0,
2026-05-09T01:30:00.0000000+02:00,,0.0,0.0,
2026-05-09T01:45:00.0000000+02:00,,0.0,0.0,
2026-05-09T02:00:00.0000000+02:00,,0.0,0.0,
2026-05-09T02:15:00.0000000+02:00,,0.0,0.0,
2026-05-09T02:30:00.0000000+02:00,,0.0,0.0,
2026-05-09T02:45:00.0000000+02:00,,0.0,0.0,
2026-05-09T03:00:00.0000000+02:00,,0.0,0.0,
2026-05-09T03:15:00.0000000+02:00,,0.0,0.0,
2026-05-09T03:30:00.0000000+02:00,,0.0,0.0,
2026-05-09T03:45:00.0000000+02:00,,0.0,0.0,
2026-05-09T04:00:00.0000000+02:00,,0.0,0.0,
2026-05-09T04:15:00.0000000+02:00,,0.0,0.0,6.25
2026-05-09T04:30:00.0000000+02:00,,0.0,0.0,
2026-05-09T04:45:00.0000000+02:00,0.0034,0.0101,0.0,67.6136
2026-05-09T05:00:00.0000000+02:00,0.0241,0.0349,0.0,
2026-05-09T05:15:00.0000000+02:00,0.0505,0.0634,0.0,
2026-05-09T05:30:00.0000000+02:00,0.0824,0.092,0.0,
2026-05-09T05:45:00.0000000+02:00,0.1384,0.1494,0.0,
2026-05-09T06:00:00.0000000+02:00,0.201,0.2105,0.0,
2026-05-09T06:15:00.0000000+02:00,0.2844,0.2927,0.0,
2026-05-09T06:30:00.0000000+02:00,0.4083,0.4194,0.0,
2026-05-09T06:45:00.0000000+02:00,0.5789,0.5881,0.0,
2026-05-09T07:00:00.0000000+02:00,0.8453,0.8404,0.0,
2026-05-09T07:15:00.0000000+02:00,1.1418,1.1488,4.3333,
2026-05-09T07:30:00.0000000+02:00,1.4872,1.4924,16.3333,
2026-05-09T07:45:00.0000000+02:00,1.8628,1.8562,20.3333,
2026-05-09T08:00:00.0000000+02:00,2.2111,2.2288,16.3333,
2026-05-09T08:15:00.0000000+02:00,2.574,2.5975,28.3333,
2026-05-09T08:30:00.0000000+02:00,2.9458,2.9626,66.3333,
2026-05-09T08:45:00.0000000+02:00,3.2873,3.3065,109.0,
2026-05-09T09:00:00.0000000+02:00,3.6038,3.6412,155.0,
2026-05-09T09:15:00.0000000+02:00,3.8851,3.9309,203.3333,
2026-05-09T09:30:00.0000000+02:00,4.1339,4.1845,253.0,
2026-05-09T09:45:00.0000000+02:00,4.319,4.364,304.0,
2026-05-09T10:00:00.0000000+02:00,4.4196,4.4551,355.6667,
2026-05-09T10:15:00.0000000+02:00,4.4584,4.4881,407.6667,
2026-05-09T10:30:00.0000000+02:00,4.4798,4.5086,459.0,
2026-05-09T10:45:00.0000000+02:00,4.5012,4.5248,510.0,
2026-05-09T11:00:00.0000000+02:00,,4.528,559.6667,
2026-05-09T11:15:00.0000000+02:00,,4.528,607.6667,
2026-05-09T11:30:00.0000000+02:00,,4.528,654.0,
2026-05-09T11:45:00.0000000+02:00,,4.528,698.3333,
2026-05-09T12:00:00.0000000+02:00,,4.528,740.6667,
2026-05-09T12:15:00.0000000+02:00,,4.528,780.6667,
2026-05-09T12:30:00.0000000+02:00,,4.528,818.0,
2026-05-09T12:45:00.0000000+02:00,,4.528,852.0,
2026-05-09T13:00:00.0000000+02:00,,4.528,883.0,
2026-05-09T13:15:00.0000000+02:00,,4.528,910.0,
2026-05-09T13:30:00.0000000+02:00,,4.528,933.6667,
2026-05-09T13:45:00.0000000+02:00,,4.528,954.0,
2026-05-09T14:00:00.0000000+02:00,,4.528,970.0,
2026-05-09T14:15:00.0000000+02:00,,4.528,982.6667,
2026-05-09T14:30:00.0000000+02:00,,4.528,991.0,
2026-05-09T14:45:00.0000000+02:00,,4.528,996.0,
2026-05-09T15:00:00.0000000+02:00,,4.5264,997.3333,
2026-05-09T15:15:00.0000000+02:00,4.4709,4.5078,996.3333,
2026-05-09T15:30:00.0000000+02:00,4.4859,4.5134,991.6667,
2026-05-09T15:45:00.0000000+02:00,4.4658,4.4981,983.3333,
2026-05-09T16:00:00.0000000+02:00,4.3323,4.412,970.3333,
2026-05-09T16:15:00.0000000+02:00,3.9296,4.0117,952.6667,
2026-05-09T16:30:00.0000000+02:00,3.7914,3.8436,931.0,
2026-05-09T16:45:00.0000000+02:00,3.7485,3.7815,905.3333,
2026-05-09T17:00:00.0000000+02:00,3.2313,3.2621,877.0,
2026-05-09T17:15:00.0000000+02:00,3.0221,3.0637,845.0,
2026-05-09T17:30:00.0000000+02:00,2.5806,2.5809,810.0,
2026-05-09T17:45:00.0000000+02:00,2.1645,2.1678,772.0,
2026-05-09T18:00:00.0000000+02:00,1.9824,2.0,731.0,
2026-05-09T18:15:00.0000000+02:00,1.5971,1.6165,688.6667,
2026-05-09T18:30:00.0000000+02:00,1.2661,1.2787,643.6667,
2026-05-09T18:45:00.0000000+02:00,0.938,0.9442,597.0,
2026-05-09T19:00:00.0000000+02:00,0.6477,0.6632,548.3333,
2026-05-09T19:15:00.0000000+02:00,0.4511,0.4666,498.3333,
2026-05-09T19:30:00.0000000+02:00,0.3108,0.3071,448.0,
2026-05-09T19:45:00.0000000+02:00,0.2154,0.2149,396.0,
2026-05-09T20:00:00.0000000+02:00,0.1585,0.1683,345.0,
2026-05-09T20:15:00.0000000+02:00,0.1093,0.1153,294.0,
2026-05-09T20:30:00.0000000+02:00,0.0597,0.0699,243.6667,
2026-05-09T20:45:00.0000000+02:00,0.0224,0.0351,195.0,
2026-05-09T21:00:00.0000000+02:00,0.0018,0.0134,148.0,
2026-05-09T21:15:00.0000000+02:00,-0.0083,0.0026,104.3333,71.5909
2026-05-09T21:30:00.0000000+02:00,,0.001,64.3333,40.625
2026-05-09T21:45:00.0000000+02:00,,0.0001,29.6667,28.125
2026-05-09T22:00:00.0000000+02:00,,0.0,17.0,
2026-05-09T22:15:00.0000000+02:00,,0.0,17.3333,
2026-05-09T22:30:00.0000000+02:00,,0.0,11.0,
2026-05-09T22:45:00.0000000+02:00,,0.0,1.0,
2026-05-09T23:00:00.0000000+02:00,,0.0,0.0,
2026-05-09T23:15:00.0000000+02:00,,0.0,0.0,9.375
2026-05-09T23:30:00.0000000+02:00,,0.0,0.0,
2026-05-09T23:45:00.0000000+02:00,,0.0,0.0,
2026-05-10T00:00:00.0000000+02:00,,0.0,0.0,
2026-05-10T00:15:00.0000000+02:00,,0.0,0.0,
2026-05-10T00:30:00.0000000+02:00,,0.0,0.0,
2026-05-10T00:45:00.0000000+02:00,,0.0,0.0,
2026-05-10T01:00:00.0000000+02:00,,0.0,0.0,
2026-05-10T01:15:00.0000000+02:00,,0.0,0.0,
2026-05-10T01:30:00.0000000+02:00,,0.0,0.0,
2026-05-10T01:45:00.0000000+02:00,,0.0,0.0,
2026-05-10T02:00:00.0000000+02:00,,0.0,0.0,
2026-05-10T02:15:00.0000000+02:00,,0.0,0.0,
2026-05-10T02:30:00.0000000+02:00,,0.0,0.0,
2026-05-10T02:45:00.0000000+02:00,,0.0,0.0,
2026-05-10T03:00:00.0000000+02:00,,0.0,0.0,
2026-05-10T03:15:00.0000000+02:00,,0.0,0.0,
2026-05-10T03:30:00.0000000+02:00,,0.0,0.0,
2026-05-10T03:45:00.0000000+02:00,,0.0,0.0,
2026-05-10T04:00:00.0000000+02:00,,0.0,0.0,15.625
2026-05-10T04:15:00.0000000+02:00,,0.0,0.0,
2026-05-10T04:30:00.0000000+02:00,,0.0014,0.0,70.5357
2026-05-10T04:45:00.0000000+02:00,0.0079,0.0189,0.0,96.875
2026-05-10T05:00:00.0000000+02:00,0.0344,0.0475,0.0,
2026-05-10T05:15:00.0000000+02:00,0.0727,0.0822,0.0,
2026-05-10T05:30:00.0000000+02:00,0.1176,0.1268,0.0,
2026-05-10T05:45:00.0000000+02:00,0.1806,0.1883,0.0,
2026-05-10T06:00:00.0000000+02:00,0.2951,0.2961,0.0,
2026-05-10T06:15:00.0000000+02:00,0.5116,0.5167,0.0,
2026-05-10T06:30:00.0000000+02:00,0.6292,0.6412,0.0,
2026-05-10T06:45:00.0000000+02:00,0.6042,0.6177,0.0,
2026-05-10T07:00:00.0000000+02:00,0.7226,0.7167,0.0,
2026-05-10T07:15:00.0000000+02:00,0.6545,0.6619,7.3333,
2026-05-10T07:30:00.0000000+02:00,0.7642,0.7473,20.0,
2026-05-10T07:45:00.0000000+02:00,0.9016,0.9041,20.0,
2026-05-10T08:00:00.0000000+02:00,0.8891,0.8874,22.0,
2026-05-10T08:15:00.0000000+02:00,0.9423,0.9274,71.3333,
2026-05-10T08:30:00.0000000+02:00,1.0795,1.0912,80.3333,
2026-05-10T08:45:00.0000000+02:00,1.1267,1.1407,110.6667,
2026-05-10T09:00:00.0000000+02:00,0.9998,0.9982,139.0,
2026-05-10T09:15:00.0000000+02:00,0.7362,0.7625,119.3333,
2026-05-10T09:30:00.0000000+02:00,0.5831,0.5774,100.3333,
2026-05-10T09:45:00.0000000+02:00,0.5216,0.5275,114.3333,
2026-05-10T10:00:00.0000000+02:00,0.5944,0.5961,129.6667,
2026-05-10T10:15:00.0000000+02:00,0.7997,0.8166,160.0,
2026-05-10T10:30:00.0000000+02:00,0.9095,0.9175,171.0,
2026-05-10T10:45:00.0000000+02:00,0.89,0.8897,168.0,
2026-05-10T11:00:00.0000000+02:00,0.9158,0.917,179.3333,
2026-05-10T11:15:00.0000000+02:00,0.8487,0.8429,174.6667,
2026-05-10T11:30:00.0000000+02:00,0.7238,0.7294,155.3333,
2026-05-10T11:45:00.0000000+02:00,0.6424,0.6721,154.6667,
2026-05-10T12:00:00.0000000+02:00,0.5381,0.5367,156.0,
2026-05-10T12:15:00.0000000+02:00,0.7833,0.7991,173.0,
2026-05-10T12:30:00.0000000+02:00,0.7909,0.7869,184.0,
2026-05-10T12:45:00.0000000+02:00,0.8945,0.8527,192.3333,
2026-05-10T13:00:00.0000000+02:00,1.4561,1.4805,195.6667,
2026-05-10T13:15:00.0000000+02:00,1.2152,1.2104,184.3333,
2026-05-10T13:30:00.0000000+02:00,0.9865,1.0068,155.0,
2026-05-10T13:45:00.0000000+02:00,0.7771,0.7877,110.3333,
2026-05-10T14:00:00.0000000+02:00,0.7205,0.6932,82.6667,
2026-05-10T14:15:00.0000000+02:00,0.8068,0.8086,103.0,
2026-05-10T14:30:00.0000000+02:00,0.8717,0.8807,118.3333,
2026-05-10T14:45:00.0000000+02:00,1.5734,1.5926,141.0,
2026-05-10T15:00:00.0000000+02:00,2.545,2.5494,180.6667,
2026-05-10T15:15:00.0000000+02:00,3.5578,3.5925,166.0,
2026-05-10T15:30:00.0000000+02:00,2.8613,2.848,118.6667,
2026-05-10T15:45:00.0000000+02:00,1.9685,1.986,118.0,
2026-05-10T16:00:00.0000000+02:00,1.6366,1.64,97.6667,
2026-05-10T16:15:00.0000000+02:00,1.3716,1.3637,104.6667,
2026-05-10T16:30:00.0000000+02:00,0.9581,0.9681,98.0,
2026-05-10T16:45:00.0000000+02:00,1.8642,1.9813,167.3333,
2026-05-10T17:00:00.0000000+02:00,2.1566,2.1017,346.0,
2026-05-10T17:15:00.0000000+02:00,1.4588,1.43,440.3333,
2026-05-10T17:30:00.0000000+02:00,1.5424,1.5473,385.3333,
2026-05-10T17:45:00.0000000+02:00,2.5925,2.6337,338.0,
2026-05-10T18:00:00.0000000+02:00,1.4992,1.514,265.3333,
2026-05-10T18:15:00.0000000+02:00,0.6974,0.6167,249.3333,
2026-05-10T18:30:00.0000000+02:00,1.0335,0.9383,231.0,
2026-05-10T18:45:00.0000000+02:00,0.6385,0.6019,209.3333,
2026-05-10T19:00:00.0000000+02:00,0.446,0.4569,240.6667,
2026-05-10T19:15:00.0000000+02:00,0.3743,0.3832,203.3333,
2026-05-10T19:30:00.0000000+02:00,0.3423,0.351,206.3333,
2026-05-10T19:45:00.0000000+02:00,0.208,0.19,269.0,
2026-05-10T20:00:00.0000000+02:00,0.1099,0.1139,298.3333,
2026-05-10T20:15:00.0000000+02:00,0.0901,0.1111,149.3333,
2026-05-10T20:30:00.0000000+02:00,0.0447,0.0558,99.0,
2026-05-10T20:45:00.0000000+02:00,0.018,0.0307,92.3333,
2026-05-10T21:00:00.0000000+02:00,0.0023,0.011,70.6667,87.5
2026-05-10T21:15:00.0000000+02:00,-0.0079,0.0025,34.3333,63.3929
2026-05-10T21:30:00.0000000+02:00,,0.0012,36.0,40.625
2026-05-10T21:45:00.0000000+02:00,,0.0002,24.6667,18.75
2026-05-10T22:00:00.0000000+02:00,,0.0,23.3333,
2026-05-10T22:15:00.0000000+02:00,,0.0,19.3333,
2026-05-10T22:30:00.0000000+02:00,,0.0,9.3333,
2026-05-10T22:45:00.0000000+02:00,,0.0,1.0,
2026-05-10T23:00:00.0000000+02:00,,0.0,0.0,
2026-05-10T23:15:00.0000000+02:00,,0.0,0.0,
2026-05-10T23:30:00.0000000+02:00,,0.0,0.0,3.125
2026-05-10T23:45:00.0000000+02:00,,0.0,0.0,
2026-05-11T00:00:00.0000000+02:00,,0.0,0.0,
2026-05-11T00:15:00.0000000+02:00,,0.0,0.0,
2026-05-11T00:30:00.0000000+02:00,,0.0,0.0,
2026-05-11T00:45:00.0000000+02:00,,0.0,0.0,
2026-05-11T01:00:00.0000000+02:00,,0.0,0.0,
2026-05-11T01:15:00.0000000+02:00,,0.0,0.0,
2026-05-11T01:30:00.0000000+02:00,,0.0,0.0,
2026-05-11T01:45:00.0000000+02:00,,0.0,0.0,
2026-05-11T02:00:00.0000000+02:00,,0.0,0.0,
2026-05-11T02:15:00.0000000+02:00,,0.0,0.0,
2026-05-11T02:30:00.0000000+02:00,,0.0,0.0,
2026-05-11T02:45:00.0000000+02:00,,0.0,0.0,
2026-05-11T03:00:00.0000000+02:00,,0.0,0.0,
2026-05-11T03:15:00.0000000+02:00,,0.0,0.0,
2026-05-11T03:30:00.0000000+02:00,,0.0,0.0,
2026-05-11T03:45:00.0000000+02:00,,0.0,0.0,
2026-05-11T04:00:00.0000000+02:00,,0.0,0.0,6.25
2026-05-11T04:15:00.0000000+02:00,,0.0,0.0,12.5
2026-05-11T04:30:00.0000000+02:00,,0.002,0.0,63.3929
2026-05-11T04:45:00.0000000+02:00,0.0075,0.0176,0.0,97.9167
2026-05-11T05:00:00.0000000+02:00,0.04,0.0556,0.0,
2026-05-11T05:15:00.0000000+02:00,0.0933,0.0972,0.0,
2026-05-11T05:30:00.0000000+02:00,0.1701,0.1608,0.0,
2026-05-11T05:45:00.0000000+02:00,0.2198,0.2176,0.0,
2026-05-11T06:00:00.0000000+02:00,0.2692,0.2814,0.0,
2026-05-11T06:15:00.0000000+02:00,0.2487,0.2592,0.0,
2026-05-11T06:30:00.0000000+02:00,0.1824,0.1678,0.0,
2026-05-11T06:45:00.0000000+02:00,0.2256,0.2215,0.0,
2026-05-11T07:00:00.0000000+02:00,0.5015,0.4875,0.3333,
2026-05-11T07:15:00.0000000+02:00,0.7486,0.7149,7.3333,
2026-05-11T07:30:00.0000000+02:00,0.466,0.4642,19.0,
2026-05-11T07:45:00.0000000+02:00,0.3916,0.39,32.6667,
2026-05-11T08:00:00.0000000+02:00,0.4144,0.4132,38.0,
2026-05-11T08:15:00.0000000+02:00,0.3684,0.3482,31.0,
2026-05-11T08:30:00.0000000+02:00,0.4719,0.4715,38.3333,
2026-05-11T08:45:00.0000000+02:00,0.5867,0.5904,36.0,
2026-05-11T09:00:00.0000000+02:00,0.9179,0.9442,58.6667,
2026-05-11T09:15:00.0000000+02:00,0.8549,0.8019,72.3333,
2026-05-11T09:30:00.0000000+02:00,0.801,0.8151,56.6667,
2026-05-11T09:45:00.0000000+02:00,0.8626,0.8884,59.3333,
2026-05-11T10:00:00.0000000+02:00,0.6472,0.6276,71.6667,
2026-05-11T10:15:00.0000000+02:00,0.614,0.6254,64.3333,
2026-05-11T10:30:00.0000000+02:00,0.5054,0.4999,59.6667,
2026-05-11T10:45:00.0000000+02:00,0.6556,0.6359,80.6667,
2026-05-11T11:00:00.0000000+02:00,1.0185,1.0234,128.0,
2026-05-11T11:15:00.0000000+02:00,0.9463,0.9509,122.3333,
2026-05-11T11:30:00.0000000+02:00,1.0635,1.0654,98.6667,
2026-05-11T11:45:00.0000000+02:00,1.0242,1.028,83.0,
2026-05-11T12:00:00.0000000+02:00,0.8749,0.8704,113.6667,
2026-05-11T12:15:00.0000000+02:00,0.7793,0.794,118.3333,
2026-05-11T12:30:00.0000000+02:00,0.696,0.7022,121.0,
2026-05-11T12:45:00.0000000+02:00,0.7238,0.7267,112.3333,
2026-05-11T13:00:00.0000000+02:00,0.843,0.8556,171.0,
2026-05-11T13:15:00.0000000+02:00,0.9688,0.984,233.0,
2026-05-11T13:30:00.0000000+02:00,0.9221,0.921,222.3333,
2026-05-11T13:45:00.0000000+02:00,0.6227,0.6383,160.6667,
2026-05-11T14:00:00.0000000+02:00,0.7411,0.7664,158.6667,
2026-05-11T14:15:00.0000000+02:00,0.4437,0.4501,121.6667,
2026-05-11T14:30:00.0000000+02:00,0.5141,0.5078,105.6667,
2026-05-11T14:45:00.0000000+02:00,0.6186,0.6232,146.0,
2026-05-11T15:00:00.0000000+02:00,0.5908,0.5865,166.0,
2026-05-11T15:15:00.0000000+02:00,0.678,0.6762,204.0,
2026-05-11T15:30:00.0000000+02:00,0.4424,0.4579,199.3333,
2026-05-11T15:45:00.0000000+02:00,0.5793,0.6123,175.3333,
2026-05-11T16:00:00.0000000+02:00,0.6136,0.6405,148.3333,
2026-05-11T16:15:00.0000000+02:00,0.6012,0.5641,164.6667,
2026-05-11T16:30:00.0000000+02:00,0.3945,0.4028,166.3333,
2026-05-11T16:45:00.0000000+02:00,0.3552,0.3654,153.3333,
2026-05-11T17:00:00.0000000+02:00,0.4433,0.4589,136.0,
2026-05-11T17:15:00.0000000+02:00,0.2918,0.2854,120.3333,
2026-05-11T17:30:00.0000000+02:00,0.167,0.1689,196.6667,
2026-05-11T17:45:00.0000000+02:00,0.1593,0.1617,134.0,
2026-05-11T18:00:00.0000000+02:00,0.1427,0.1567,87.6667,
2026-05-11T18:15:00.0000000+02:00,0.1579,0.1603,92.0,
2026-05-11T18:30:00.0000000+02:00,0.1018,0.0976,78.0,
2026-05-11T18:45:00.0000000+02:00,0.077,0.0767,90.0,
2026-05-11T19:00:00.0000000+02:00,0.1089,0.1083,105.6667,
2026-05-11T19:15:00.0000000+02:00,0.066,0.0721,100.3333,
2026-05-11T19:30:00.0000000+02:00,0.0222,0.0356,84.6667,
2026-05-11T19:45:00.0000000+02:00,0.0047,0.022,55.6667,
2026-05-11T20:00:00.0000000+02:00,,0.0068,48.0,89.4231
2026-05-11T20:15:00.0000000+02:00,,0.007,12.6667,93.75
2026-05-11T20:30:00.0000000+02:00,-0.0057,0.0032,49.6667,59.375
2026-05-11T20:45:00.0000000+02:00,,0.002,22.0,40.0
2026-05-11T21:00:00.0000000+02:00,,0.0013,34.6667,29.1667
2026-05-11T21:15:00.0000000+02:00,,0.0008,32.0,20.0
2026-05-11T21:30:00.0000000+02:00,,0.0,15.0,
2026-05-11T21:45:00.0000000+02:00,,0.0,14.6667,
2026-05-11T22:00:00.0000000+02:00,,0.0,10.3333,
2026-05-11T22:15:00.0000000+02:00,,0.0,9.0,
2026-05-11T22:30:00.0000000+02:00,,0.0,3.3333,
2026-05-11T22:45:00.0000000+02:00,,0.0,0.5,
2026-05-11T23:00:00.0000000+02:00,,0.0,,0.0
2026-05-11T23:15:00.0000000+02:00,,0.0,,
2026-05-11T23:30:00.0000000+02:00,,0.0,,
2026-05-11T23:45:00.0000000+02:00,,0.0,,
2026-05-12T00:00:00.0000000+02:00,,0.0,,
2026-05-12T00:15:00.0000000+02:00,,0.0,,
2026-05-12T00:30:00.0000000+02:00,,0.0,,
2026-05-12T00:45:00.0000000+02:00,,0.0,,
2026-05-12T01:00:00.0000000+02:00,,0.0,,
2026-05-12T01:15:00.0000000+02:00,,0.0,,
2026-05-12T01:30:00.0000000+02:00,,0.0,,
2026-05-12T01:45:00.0000000+02:00,,0.0,,
2026-05-12T02:00:00.0000000+02:00,,0.0,,
2026-05-12T02:15:00.0000000+02:00,,0.0,,
2026-05-12T02:30:00.0000000+02:00,,0.0,,
2026-05-12T02:45:00.0000000+02:00,,0.0,,
2026-05-12T03:00:00.0000000+02:00,,0.0,,
2026-05-12T03:15:00.0000000+02:00,,0.0,,
2026-05-12T03:30:00.0000000+02:00,,0.0,,
2026-05-12T03:45:00.0000000+02:00,,0.0,,
2026-05-12T04:00:00.0000000+02:00,,0.0,,
2026-05-12T04:15:00.0000000+02:00,,0.0,,6.25
2026-05-12T04:30:00.0000000+02:00,,0.0,,
2026-05-12T04:45:00.0000000+02:00,,0.0001,,20.8333
2026-05-12T05:00:00.0000000+02:00,0.0043,0.013,,77.6786
2026-05-12T05:15:00.0000000+02:00,0.0212,0.0309,,
2026-05-12T05:30:00.0000000+02:00,0.0572,0.0698,,
2026-05-12T05:45:00.0000000+02:00,0.0961,0.1048,,
2026-05-12T06:00:00.0000000+02:00,0.1224,0.133,,
2026-05-12T06:15:00.0000000+02:00,0.178,0.1741,,
2026-05-12T06:30:00.0000000+02:00,0.3045,0.319,,
2026-05-12T06:45:00.0000000+02:00,0.3415,0.3431,,
2026-05-12T07:00:00.0000000+02:00,0.3713,0.3805,2.0,
2026-05-12T07:15:00.0000000+02:00,0.3409,0.3545,8.0,
2026-05-12T07:30:00.0000000+02:00,0.4324,0.4265,15.6667,
2026-05-12T07:45:00.0000000+02:00,0.5902,0.5996,22.6667,
2026-05-12T08:00:00.0000000+02:00,0.6356,0.6434,21.0,
2026-05-12T08:15:00.0000000+02:00,0.908,0.8866,30.3333,
2026-05-12T08:30:00.0000000+02:00,1.0009,0.9982,42.3333,
2026-05-12T08:45:00.0000000+02:00,1.0317,1.0294,52.6667,
2026-05-12T09:00:00.0000000+02:00,1.0676,1.0669,65.3333,
2026-05-12T09:15:00.0000000+02:00,0.9662,0.965,86.6667,
2026-05-12T09:30:00.0000000+02:00,1.1979,1.1979,95.5,
2026-05-12T09:45:00.0000000+02:00,1.1408,1.1538,88.3333,
2026-05-12T10:00:00.0000000+02:00,1.3578,1.3599,95.0,
2026-05-12T10:15:00.0000000+02:00,1.4422,1.4512,144.6667,
2026-05-12T10:30:00.0000000+02:00,1.3611,1.3532,158.0,
2026-05-12T10:45:00.0000000+02:00,1.1106,1.1048,163.0,
2026-05-12T11:00:00.0000000+02:00,1.1314,1.1375,188.6667,
2026-05-12T11:15:00.0000000+02:00,1.0547,1.0555,263.6667,
2026-05-12T11:30:00.0000000+02:00,0.9476,0.9589,207.3333,
2026-05-12T11:45:00.0000000+02:00,0.7942,0.7795,192.0,
2026-05-12T12:00:00.0000000+02:00,1.0249,1.0302,238.0,
2026-05-12T12:15:00.0000000+02:00,1.7067,1.6789,269.3333,
2026-05-12T12:30:00.0000000+02:00,2.0597,2.0244,258.0,
2026-05-12T12:45:00.0000000+02:00,1.241,1.2647,217.3333,
2026-05-12T13:00:00.0000000+02:00,1.534,1.5376,198.6667,
2026-05-12T13:15:00.0000000+02:00,1.5504,1.5382,196.6667,
2026-05-12T13:30:00.0000000+02:00,1.1523,1.1084,189.3333,
2026-05-12T13:45:00.0000000+02:00,0.7118,0.7158,182.6667,
2026-05-12T14:00:00.0000000+02:00,1.2101,1.2087,165.3333,
2026-05-12T14:15:00.0000000+02:00,0.703,0.6538,208.3333,
2026-05-12T14:30:00.0000000+02:00,0.8695,0.8517,266.0,
2026-05-12T14:45:00.0000000+02:00,0.7595,0.7475,210.3333,
2026-05-12T15:00:00.0000000+02:00,0.539,0.5396,223.3333,
2026-05-12T15:15:00.0000000+02:00,0.4475,0.4597,230.0,
2026-05-12T15:30:00.0000000+02:00,0.4632,0.4494,221.0,
2026-05-12T15:45:00.0000000+02:00,0.6932,0.6776,196.6667,
2026-05-12T16:00:00.0000000+02:00,0.5124,0.5144,201.3333,
2026-05-12T16:15:00.0000000+02:00,0.3612,0.3596,171.0,
2026-05-12T16:30:00.0000000+02:00,0.3035,0.307,157.6667,
2026-05-12T16:45:00.0000000+02:00,0.3788,0.3931,137.6667,
2026-05-12T17:00:00.0000000+02:00,0.3109,0.283,126.6667,
2026-05-12T17:15:00.0000000+02:00,0.4798,0.369,124.6667,
2026-05-12T17:30:00.0000000+02:00,0.4126,0.4113,109.6667,
2026-05-12T17:45:00.0000000+02:00,0.3731,0.3734,107.3333,
2026-05-12T18:00:00.0000000+02:00,0.4666,0.4596,94.6667,
2026-05-12T18:15:00.0000000+02:00,0.3023,0.3301,102.6667,
2026-05-12T18:30:00.0000000+02:00,0.1703,0.1762,123.0,
2026-05-12T18:45:00.0000000+02:00,0.101,0.1212,130.3333,
2026-05-12T19:00:00.0000000+02:00,0.077,0.0883,135.0,
2026-05-12T19:15:00.0000000+02:00,0.1037,0.1099,147.0,
2026-05-12T19:30:00.0000000+02:00,0.2139,0.2177,132.3333,
2026-05-12T19:45:00.0000000+02:00,0.5699,0.5876,118.5,
2026-05-12T20:00:00.0000000+02:00,0.4143,0.3967,115.3333,
2026-05-12T20:15:00.0000000+02:00,0.1967,0.1943,88.3333,
2026-05-12T20:30:00.0000000+02:00,0.0819,0.101,75.3333,
2026-05-12T20:45:00.0000000+02:00,0.0261,0.0324,67.3333,
2026-05-12T21:00:00.0000000+02:00,0.0056,0.0109,55.3333,96.875
2026-05-12T21:15:00.0000000+02:00,-0.0045,0.0027,45.0,66.4062
2026-05-12T21:30:00.0000000+02:00,,0.0012,38.3333,37.5
2026-05-12T21:45:00.0000000+02:00,,0.0002,21.6667,20.8333
2026-05-12T22:00:00.0000000+02:00,,0.0,20.0,
2026-05-12T22:15:00.0000000+02:00,,0.0,,
2026-05-12T22:30:00.0000000+02:00,,0.0,,
2026-05-12T22:45:00.0000000+02:00,,0.0,,
2026-05-12T23:00:00.0000000+02:00,,0.0,,
2026-05-12T23:15:00.0000000+02:00,,0.0,,
2026-05-12T23:30:00.0000000+02:00,,0.0,,3.125
2026-05-12T23:45:00.0000000+02:00,,0.0,,
2026-05-13T00:00:00.0000000+02:00,,0.0,0.0,
2026-05-13T00:15:00.0000000+02:00,,0.0,0.0,
2026-05-13T00:30:00.0000000+02:00,,0.0,0.0,
2026-05-13T00:45:00.0000000+02:00,,0.0,0.0,
2026-05-13T01:00:00.0000000+02:00,,0.0,0.0,
2026-05-13T01:15:00.0000000+02:00,,0.0,0.0,
2026-05-13T01:30:00.0000000+02:00,,0.0,0.0,
2026-05-13T01:45:00.0000000+02:00,,0.0,0.0,
2026-05-13T02:00:00.0000000+02:00,,0.0,0.0,
2026-05-13T02:15:00.0000000+02:00,,0.0,0.0,
2026-05-13T02:30:00.0000000+02:00,,0.0,0.0,
2026-05-13T02:45:00.0000000+02:00,,0.0,0.0,
2026-05-13T03:00:00.0000000+02:00,,0.0,0.0,
2026-05-13T03:15:00.0000000+02:00,,0.0,0.0,
2026-05-13T03:30:00.0000000+02:00,,0.0,0.0,
2026-05-13T03:45:00.0000000+02:00,,0.0,0.0,
2026-05-13T04:00:00.0000000+02:00,,0.0,0.0,6.25
2026-05-13T04:15:00.0000000+02:00,,0.0,0.0,12.5
2026-05-13T04:30:00.0000000+02:00,,0.0,0.0,
2026-05-13T04:45:00.0000000+02:00,,0.0081,0.0,82.2368
2026-05-13T05:00:00.0000000+02:00,0.0113,0.0231,0.0,
2026-05-13T05:15:00.0000000+02:00,0.0331,0.044,0.0,
2026-05-13T05:30:00.0000000+02:00,0.083,0.0855,0.0,
2026-05-13T05:45:00.0000000+02:00,0.1922,0.2046,0.0,
2026-05-13T06:00:00.0000000+02:00,0.3445,0.3674,0.0,
2026-05-13T06:15:00.0000000+02:00,0.4618,0.4625,0.0,
2026-05-13T06:30:00.0000000+02:00,0.5109,0.5271,0.0,
2026-05-13T06:45:00.0000000+02:00,0.6689,0.6275,0.0,
2026-05-13T07:00:00.0000000+02:00,0.8153,0.8295,0.3333,
2026-05-13T07:15:00.0000000+02:00,0.7786,0.7852,4.3333,
2026-05-13T07:30:00.0000000+02:00,0.89,0.8475,16.0,
2026-05-13T07:45:00.0000000+02:00,1.1822,1.2142,29.3333,
2026-05-13T08:00:00.0000000+02:00,1.3092,1.2945,38.0,
2026-05-13T08:15:00.0000000+02:00,1.3436,1.3443,58.3333,
2026-05-13T08:30:00.0000000+02:00,1.3278,1.3323,53.6667,
2026-05-13T08:45:00.0000000+02:00,1.3742,1.3679,60.6667,
2026-05-13T09:00:00.0000000+02:00,1.4276,1.4355,63.6667,
2026-05-13T09:15:00.0000000+02:00,1.3198,1.3445,78.0,
2026-05-13T09:30:00.0000000+02:00,1.2681,1.265,98.3333,
2026-05-13T09:45:00.0000000+02:00,1.4269,1.4549,119.6667,
2026-05-13T10:00:00.0000000+02:00,1.4574,1.4554,138.0,
2026-05-13T10:15:00.0000000+02:00,1.4316,1.4352,186.0,
2026-05-13T10:30:00.0000000+02:00,1.3334,1.3309,191.0,
2026-05-13T10:45:00.0000000+02:00,1.3193,1.3448,186.0,
2026-05-13T11:00:00.0000000+02:00,1.3991,1.4194,183.0,
2026-05-13T11:15:00.0000000+02:00,1.5569,1.5781,206.3333,
2026-05-13T11:30:00.0000000+02:00,1.6557,1.6518,190.0,
2026-05-13T11:45:00.0000000+02:00,1.7034,1.7067,192.0,
2026-05-13T12:00:00.0000000+02:00,1.4924,1.4725,202.0,
2026-05-13T12:15:00.0000000+02:00,1.7087,1.7339,211.3333,
2026-05-13T12:30:00.0000000+02:00,1.7167,1.7105,216.0,
2026-05-13T12:45:00.0000000+02:00,1.6444,1.6264,226.3333,
2026-05-13T13:00:00.0000000+02:00,1.8654,1.8453,231.3333,
2026-05-13T13:15:00.0000000+02:00,1.614,1.6217,245.3333,
2026-05-13T13:30:00.0000000+02:00,1.7871,1.8204,253.3333,
2026-05-13T13:45:00.0000000+02:00,1.4248,1.485,253.3333,
2026-05-13T14:00:00.0000000+02:00,0.6156,0.6679,259.6667,
2026-05-13T14:15:00.0000000+02:00,0.3479,0.3618,221.0,
2026-05-13T14:30:00.0000000+02:00,0.6472,0.6149,310.3333,
2026-05-13T14:45:00.0000000+02:00,0.7859,0.7757,307.0,
2026-05-13T15:00:00.0000000+02:00,0.8287,0.8269,295.0,
2026-05-13T15:15:00.0000000+02:00,0.8628,0.8861,314.6667,
2026-05-13T15:30:00.0000000+02:00,0.8817,0.8836,323.6667,
2026-05-13T15:45:00.0000000+02:00,0.9897,0.9739,306.3333,
2026-05-13T16:00:00.0000000+02:00,1.199,1.2072,270.6667,
2026-05-13T16:15:00.0000000+02:00,1.3088,1.3027,242.0,
2026-05-13T16:30:00.0000000+02:00,1.3789,1.3956,231.6667,96.875
2026-05-13T16:45:00.0000000+02:00,1.2579,1.2286,237.3333,
2026-05-13T17:00:00.0000000+02:00,1.0885,1.0901,241.6667,
2026-05-13T17:15:00.0000000+02:00,0.8282,0.8538,292.6667,
2026-05-13T17:30:00.0000000+02:00,0.496,0.4752,286.6667,
2026-05-13T17:45:00.0000000+02:00,0.4011,0.3883,315.6667,
2026-05-13T18:00:00.0000000+02:00,0.5275,0.5363,280.6667,
2026-05-13T18:15:00.0000000+02:00,0.6358,0.6791,227.3333,
2026-05-13T18:30:00.0000000+02:00,0.6164,0.6215,197.3333,
2026-05-13T18:45:00.0000000+02:00,0.5404,0.5511,185.0,
2026-05-13T19:00:00.0000000+02:00,0.4445,0.4568,173.6667,
2026-05-13T19:15:00.0000000+02:00,0.2503,0.258,164.6667,
2026-05-13T19:30:00.0000000+02:00,0.1447,0.1545,157.6667,
2026-05-13T19:45:00.0000000+02:00,0.127,0.1287,155.6667,
2026-05-13T20:00:00.0000000+02:00,0.0891,0.0978,144.6667,
2026-05-13T20:15:00.0000000+02:00,0.0567,0.0662,125.0,
2026-05-13T20:30:00.0000000+02:00,0.0292,0.0395,113.3333,
2026-05-13T20:45:00.0000000+02:00,0.0132,0.0234,100.3333,
2026-05-13T21:00:00.0000000+02:00,0.0029,0.0081,81.0,87.5
2026-05-13T21:15:00.0000000+02:00,-0.0074,0.0026,67.6667,59.6591
2026-05-13T21:30:00.0000000+02:00,,0.001,50.3333,16.25
2026-05-13T21:45:00.0000000+02:00,,0.0,40.3333,
2026-05-13T22:00:00.0000000+02:00,,0.0,22.6667,
2026-05-13T22:15:00.0000000+02:00,,0.0,22.0,
2026-05-13T22:30:00.0000000+02:00,,0.0,8.6667,
2026-05-13T22:45:00.0000000+02:00,,0.0,1.0,
2026-05-13T23:00:00.0000000+02:00,,0.0,,
2026-05-13T23:15:00.0000000+02:00,,0.0,,
2026-05-13T23:30:00.0000000+02:00,,0.0,,
2026-05-13T23:45:00.0000000+02:00,,0.0,,
2026-05-14T00:00:00.0000000+02:00,,0.0,,
2026-05-14T00:15:00.0000000+02:00,,0.0,,
2026-05-14T00:30:00.0000000+02:00,,0.0,,
2026-05-14T00:45:00.0000000+02:00,,0.0,,
2026-05-14T01:00:00.0000000+02:00,,0.0,,
2026-05-14T01:15:00.0000000+02:00,,0.0,,
2026-05-14T01:30:00.0000000+02:00,,0.0,,
2026-05-14T01:45:00.0000000+02:00,,0.0,,
2026-05-14T02:00:00.0000000+02:00,,0.0,,
2026-05-14T02:15:00.0000000+02:00,,0.0,,
2026-05-14T02:30:00.0000000+02:00,,0.0,,
2026-05-14T02:45:00.0000000+02:00,,0.0,,
2026-05-14T03:00:00.0000000+02:00,,0.0,,
2026-05-14T03:15:00.0000000+02:00,,0.0,,
2026-05-14T03:30:00.0000000+02:00,,0.0,,
2026-05-14T03:45:00.0000000+02:00,,0.0,,
2026-05-14T04:00:00.0000000+02:00,,0.0,,
2026-05-14T04:15:00.0000000+02:00,,0.0,,
2026-05-14T04:30:00.0000000+02:00,,0.0008,,41.9643
2026-05-14T04:45:00.0000000+02:00,0.0028,0.0132,,95.1389
2026-05-14T05:00:00.0000000+02:00,0.0256,0.0401,,
2026-05-14T05:15:00.0000000+02:00,0.0762,0.0873,,
2026-05-14T05:30:00.0000000+02:00,0.156,0.1661,,
2026-05-14T05:45:00.0000000+02:00,0.2238,0.2394,,
2026-05-14T06:00:00.0000000+02:00,0.3407,0.3509,,
2026-05-14T06:15:00.0000000+02:00,0.4718,0.4751,,
2026-05-14T06:30:00.0000000+02:00,0.5731,0.5762,,
2026-05-14T06:45:00.0000000+02:00,0.6984,0.7036,,
2026-05-14T07:00:00.0000000+02:00,0.7991,0.7863,3.5,
2026-05-14T07:15:00.0000000+02:00,0.9336,0.8772,14.0,
2026-05-14T07:30:00.0000000+02:00,1.1529,1.132,28.0,
2026-05-14T07:45:00.0000000+02:00,1.0009,1.0082,42.3333,
2026-05-14T08:00:00.0000000+02:00,1.8,1.8172,54.0,
2026-05-14T08:15:00.0000000+02:00,2.1477,2.1024,50.6667,
2026-05-14T08:30:00.0000000+02:00,1.44,1.4338,74.3333,
2026-05-14T08:45:00.0000000+02:00,1.4488,1.4458,80.0,
2026-05-14T09:00:00.0000000+02:00,1.1044,1.0505,93.5,
2026-05-14T09:15:00.0000000+02:00,2.2938,2.2087,106.0,
2026-05-14T09:30:00.0000000+02:00,1.6452,1.6049,141.3333,
2026-05-14T09:45:00.0000000+02:00,2.1569,2.1019,181.6667,
2026-05-14T10:00:00.0000000+02:00,2.3993,2.3224,221.6667,
2026-05-14T10:15:00.0000000+02:00,1.5237,1.5262,275.6667,
2026-05-14T10:30:00.0000000+02:00,2.0487,2.0683,345.0,
2026-05-14T10:45:00.0000000+02:00,2.3004,2.2691,357.0,
2026-05-14T11:00:00.0000000+02:00,1.6211,1.6194,387.6667,
2026-05-14T11:15:00.0000000+02:00,2.434,2.4428,392.3333,
2026-05-14T11:30:00.0000000+02:00,2.1462,2.1547,288.0,
2026-05-14T11:45:00.0000000+02:00,3.3951,3.5009,357.0,
2026-05-14T12:00:00.0000000+02:00,3.1115,3.0727,398.6667,
2026-05-14T12:15:00.0000000+02:00,3.6031,3.6962,327.0,
2026-05-14T12:30:00.0000000+02:00,4.2338,4.3745,378.0,
2026-05-14T12:45:00.0000000+02:00,3.6472,3.6918,374.3333,
2026-05-14T13:00:00.0000000+02:00,4.2924,4.3327,398.6667,
2026-05-14T13:15:00.0000000+02:00,4.0158,4.0871,479.6667,
2026-05-14T13:30:00.0000000+02:00,3.997,4.1834,442.6667,
2026-05-14T13:45:00.0000000+02:00,4.4256,4.5278,617.0,
2026-05-14T14:00:00.0000000+02:00,4.449,4.5222,486.0,
2026-05-14T14:15:00.0000000+02:00,,4.528,638.3333,
2026-05-14T14:30:00.0000000+02:00,,4.528,684.3333,
2026-05-14T14:45:00.0000000+02:00,,4.528,635.6667,
2026-05-14T15:00:00.0000000+02:00,4.4885,4.5258,823.6667,
2026-05-14T15:15:00.0000000+02:00,4.4371,4.5203,796.0,
2026-05-14T15:30:00.0000000+02:00,4.3319,4.4746,831.6667,
2026-05-14T15:45:00.0000000+02:00,4.2005,4.3591,956.0,
2026-05-14T16:00:00.0000000+02:00,4.4264,4.4705,926.0,
2026-05-14T16:15:00.0000000+02:00,4.2091,4.2682,924.6667,
2026-05-14T16:30:00.0000000+02:00,4.0385,4.0892,903.6667,
2026-05-14T16:45:00.0000000+02:00,3.7495,3.7761,875.0,
2026-05-14T17:00:00.0000000+02:00,3.3417,3.3694,843.6667,
2026-05-14T17:15:00.0000000+02:00,3.116,3.1468,817.6667,
2026-05-14T17:30:00.0000000+02:00,2.8062,2.8155,777.6667,
2026-05-14T17:45:00.0000000+02:00,2.4222,2.4206,742.6667,
2026-05-14T18:00:00.0000000+02:00,2.1214,2.1183,711.0,
2026-05-14T18:15:00.0000000+02:00,1.7276,1.7189,673.0,
2026-05-14T18:30:00.0000000+02:00,1.3821,1.3769,630.3333,
2026-05-14T18:45:00.0000000+02:00,1.067,1.0531,585.6667,
2026-05-14T19:00:00.0000000+02:00,0.7688,0.7691,539.0,
2026-05-14T19:15:00.0000000+02:00,0.5314,0.5381,491.0,
2026-05-14T19:30:00.0000000+02:00,0.3664,0.3735,441.6667,
2026-05-14T19:45:00.0000000+02:00,0.2633,0.2745,390.6667,
2026-05-14T20:00:00.0000000+02:00,0.1908,0.2041,342.6667,
2026-05-14T20:15:00.0000000+02:00,0.1307,0.1409,294.0,
2026-05-14T20:30:00.0000000+02:00,0.0754,0.0857,246.0,
2026-05-14T20:45:00.0000000+02:00,0.0321,0.0435,199.3333,
2026-05-14T21:00:00.0000000+02:00,0.0059,0.0177,155.0,
2026-05-14T21:15:00.0000000+02:00,,0.0052,114.0,84.6591
2026-05-14T21:30:00.0000000+02:00,,0.0018,77.3333,50.0
2026-05-14T21:45:00.0000000+02:00,,0.001,37.0,17.1875
2026-05-14T22:00:00.0000000+02:00,,0.0,35.0,
2026-05-14T22:15:00.0000000+02:00,,0.0,,
2026-05-14T22:30:00.0000000+02:00,,0.0,,
2026-05-14T22:45:00.0000000+02:00,,0.0,,
2026-05-14T23:00:00.0000000+02:00,,0.0,,
2026-05-14T23:15:00.0000000+02:00,,0.0,,
2026-05-14T23:30:00.0000000+02:00,,0.0,,0.0
2026-05-14T23:45:00.0000000+02:00,,0.0,,
2026-05-15T00:00:00.0000000+02:00,,0.0,0.0,
2026-05-15T00:15:00.0000000+02:00,,0.0,0.0,
2026-05-15T00:30:00.0000000+02:00,,0.0,0.0,
2026-05-15T00:45:00.0000000+02:00,,0.0,0.0,
2026-05-15T01:00:00.0000000+02:00,,0.0,0.0,
2026-05-15T01:15:00.0000000+02:00,,0.0,0.0,
2026-05-15T01:30:00.0000000+02:00,,0.0,0.0,
2026-05-15T01:45:00.0000000+02:00,,0.0,0.0,
2026-05-15T02:00:00.0000000+02:00,,0.0,0.0,
2026-05-15T02:15:00.0000000+02:00,,0.0,0.0,
2026-05-15T02:30:00.0000000+02:00,,0.0,0.0,
2026-05-15T02:45:00.0000000+02:00,,0.0,0.0,
2026-05-15T03:00:00.0000000+02:00,,0.0,0.0,
2026-05-15T03:15:00.0000000+02:00,,0.0,0.0,
2026-05-15T03:30:00.0000000+02:00,,0.0,0.0,
2026-05-15T03:45:00.0000000+02:00,,0.0,0.0,
2026-05-15T04:00:00.0000000+02:00,,0.0,0.0,6.25
2026-05-15T04:15:00.0000000+02:00,,0.0,0.0,
2026-05-15T04:30:00.0000000+02:00,,0.0023,0.0,61.1111
2026-05-15T04:45:00.0000000+02:00,0.0117,0.0166,0.0,96.875
2026-05-15T05:00:00.0000000+02:00,0.0366,0.0386,0.0,
2026-05-15T05:15:00.0000000+02:00,0.1933,0.1515,0.0,
2026-05-15T05:30:00.0000000+02:00,0.2893,0.2841,0.0,
2026-05-15T05:45:00.0000000+02:00,0.2148,0.2232,0.0,
2026-05-15T06:00:00.0000000+02:00,0.3165,0.3207,0.0,
2026-05-15T06:15:00.0000000+02:00,0.6374,0.6339,0.0,
2026-05-15T06:30:00.0000000+02:00,0.6871,0.6992,0.0,
2026-05-15T06:45:00.0000000+02:00,0.7715,0.7595,0.0,
2026-05-15T07:00:00.0000000+02:00,0.5874,0.5408,2.6667,
2026-05-15T07:15:00.0000000+02:00,0.3668,0.3701,15.0,
2026-05-15T07:30:00.0000000+02:00,0.5763,0.5502,24.6667,
2026-05-15T07:45:00.0000000+02:00,1.1832,1.1661,26.0,
2026-05-15T08:00:00.0000000+02:00,0.8563,0.8523,29.0,
2026-05-15T08:15:00.0000000+02:00,1.6875,1.6947,42.3333,
2026-05-15T08:30:00.0000000+02:00,2.618,2.5696,49.0,
2026-05-15T08:45:00.0000000+02:00,2.3963,2.4366,69.3333,
2026-05-15T09:00:00.0000000+02:00,2.9912,3.0534,67.3333,
2026-05-15T09:15:00.0000000+02:00,3.8918,3.9606,74.6667,
2026-05-15T09:30:00.0000000+02:00,3.7441,3.8426,97.6667,
2026-05-15T09:45:00.0000000+02:00,3.6947,3.8233,122.6667,
2026-05-15T10:00:00.0000000+02:00,3.452,3.835,164.3333,
2026-05-15T10:15:00.0000000+02:00,3.721,3.7679,194.3333,
2026-05-15T10:30:00.0000000+02:00,4.2815,4.4338,235.6667,
2026-05-15T10:45:00.0000000+02:00,3.1039,3.5271,372.3333,
2026-05-15T11:00:00.0000000+02:00,3.1903,3.9599,444.3333,
2026-05-15T11:15:00.0000000+02:00,4.413,4.5179,493.3333,
2026-05-15T11:30:00.0000000+02:00,4.0283,4.2778,606.6667,
2026-05-15T11:45:00.0000000+02:00,4.0578,4.4714,660.3333,
2026-05-15T12:00:00.0000000+02:00,4.4997,4.528,647.6667,
2026-05-15T12:15:00.0000000+02:00,4.2717,4.4474,716.0,
2026-05-15T12:30:00.0000000+02:00,4.2865,4.2928,766.3333,
2026-05-15T12:45:00.0000000+02:00,4.0302,4.3047,821.3333,
2026-05-15T13:00:00.0000000+02:00,4.3094,4.4529,855.0,
2026-05-15T13:15:00.0000000+02:00,4.4726,4.5215,893.6667,
2026-05-15T13:30:00.0000000+02:00,4.3393,4.4269,902.0,
2026-05-15T13:45:00.0000000+02:00,3.9979,4.4668,918.6667,
2026-05-15T14:00:00.0000000+02:00,3.737,4.4114,954.3333,
2026-05-15T14:15:00.0000000+02:00,3.7997,3.8203,967.0,
2026-05-15T14:30:00.0000000+02:00,4.0927,4.2496,896.3333,
2026-05-15T14:45:00.0000000+02:00,4.1841,4.2921,843.3333,
2026-05-15T15:00:00.0000000+02:00,3.6188,3.6428,823.0,
2026-05-15T15:15:00.0000000+02:00,3.1431,3.0982,887.0,
2026-05-15T15:30:00.0000000+02:00,3.0296,3.0262,872.6667,
2026-05-15T15:45:00.0000000+02:00,3.0339,3.0258,899.3333,
2026-05-15T16:00:00.0000000+02:00,2.7263,2.7206,846.0,
2026-05-15T16:15:00.0000000+02:00,3.1931,3.2329,628.0,
2026-05-15T16:30:00.0000000+02:00,3.1016,3.1252,675.6667,
2026-05-15T16:45:00.0000000+02:00,2.2943,2.2423,657.3333,
2026-05-15T17:00:00.0000000+02:00,1.8799,1.852,539.3333,
2026-05-15T17:15:00.0000000+02:00,2.013,2.0154,425.0,
2026-05-15T17:30:00.0000000+02:00,1.3556,1.3434,565.6667,
2026-05-15T17:45:00.0000000+02:00,1.1922,1.1962,555.0,
2026-05-15T18:00:00.0000000+02:00,0.9206,0.9128,364.0,
2026-05-15T18:15:00.0000000+02:00,1.0253,1.0263,393.6667,
2026-05-15T18:30:00.0000000+02:00,1.5699,1.6035,472.6667,
2026-05-15T18:45:00.0000000+02:00,1.2133,1.2547,416.3333,
2026-05-15T19:00:00.0000000+02:00,0.8684,0.8848,391.3333,
2026-05-15T19:15:00.0000000+02:00,0.7116,0.7064,368.6667,
2026-05-15T19:30:00.0000000+02:00,0.5194,0.5323,302.6667,
2026-05-15T19:45:00.0000000+02:00,0.3486,0.358,260.3333,
2026-05-15T20:00:00.0000000+02:00,0.3102,0.3145,198.6667,
2026-05-15T20:15:00.0000000+02:00,0.2277,0.2333,184.6667,
2026-05-15T20:30:00.0000000+02:00,0.153,0.1624,189.3333,
2026-05-15T20:45:00.0000000+02:00,0.0948,0.1033,170.0,
2026-05-15T21:00:00.0000000+02:00,0.0413,0.0488,135.0,
2026-05-15T21:15:00.0000000+02:00,0.005,0.0087,109.3333,81.875
2026-05-15T21:30:00.0000000+02:00,,0.0022,87.6667,50.625
2026-05-15T21:45:00.0000000+02:00,,0.0013,49.3333,25.0
2026-05-15T22:00:00.0000000+02:00,,0.0,36.6667,3.125
2026-05-15T22:15:00.0000000+02:00,,0.0,26.0,
2026-05-15T22:30:00.0000000+02:00,,0.0,19.6667,
2026-05-15T22:45:00.0000000+02:00,,0.0,6.3333,
2026-05-15T23:00:00.0000000+02:00,,0.0,0.0,
2026-05-15T23:15:00.0000000+02:00,,0.0,,
2026-05-15T23:30:00.0000000+02:00,,0.0,,
2026-05-15T23:45:00.0000000+02:00,,0.0,,
2026-05-16T00:00:00.0000000+02:00,,0.0,,
2026-05-16T00:15:00.0000000+02:00,,0.0,,
2026-05-16T00:30:00.0000000+02:00,,0.0,,
2026-05-16T00:45:00.0000000+02:00,,0.0,,
2026-05-16T01:00:00.0000000+02:00,,0.0,,
2026-05-16T01:15:00.0000000+02:00,,0.0,,
2026-05-16T01:30:00.0000000+02:00,,0.0,,
2026-05-16T01:45:00.0000000+02:00,,0.0,,
2026-05-16T02:00:00.0000000+02:00,,0.0,,
2026-05-16T02:15:00.0000000+02:00,,0.0,,
2026-05-16T02:30:00.0000000+02:00,,0.0,,
2026-05-16T02:45:00.0000000+02:00,,0.0,,
2026-05-16T03:00:00.0000000+02:00,,0.0,,
2026-05-16T03:15:00.0000000+02:00,,0.0,,
2026-05-16T03:30:00.0000000+02:00,,0.0,,
2026-05-16T03:45:00.0000000+02:00,,0.0,,
2026-05-16T04:00:00.0000000+02:00,,0.0,,
2026-05-16T04:15:00.0000000+02:00,,0.0,,
2026-05-16T04:30:00.0000000+02:00,,0.0027,,62.5
2026-05-16T04:45:00.0000000+02:00,0.015,0.0204,,100.0
2026-05-16T05:00:00.0000000+02:00,0.0516,0.0542,,
2026-05-16T05:15:00.0000000+02:00,0.0916,0.1013,,
2026-05-16T05:30:00.0000000+02:00,0.1501,0.146,,
2026-05-16T05:45:00.0000000+02:00,0.2462,0.2514,,
2026-05-16T06:00:00.0000000+02:00,0.3322,0.3402,,
2026-05-16T06:15:00.0000000+02:00,0.4432,0.4661,,
2026-05-16T06:30:00.0000000+02:00,0.4269,0.4299,,
2026-05-16T06:45:00.0000000+02:00,0.5872,0.6009,,
2026-05-16T07:00:00.0000000+02:00,0.6321,0.638,4.3333,
2026-05-16T07:15:00.0000000+02:00,0.6188,0.6155,16.6667,
2026-05-16T07:30:00.0000000+02:00,0.849,0.8479,25.3333,
2026-05-16T07:45:00.0000000+02:00,0.9829,0.9801,31.3333,
2026-05-16T08:00:00.0000000+02:00,1.0736,1.0731,40.0,
2026-05-16T08:15:00.0000000+02:00,1.0783,1.0834,48.3333,
2026-05-16T08:30:00.0000000+02:00,1.7147,1.736,62.0,
2026-05-16T08:45:00.0000000+02:00,2.5557,2.5724,77.3333,
2026-05-16T09:00:00.0000000+02:00,2.9879,3.0659,92.0,
2026-05-16T09:15:00.0000000+02:00,4.0008,4.0668,104.6667,
2026-05-16T09:30:00.0000000+02:00,3.6149,3.7413,121.0,
2026-05-16T09:45:00.0000000+02:00,4.1965,4.2269,140.0,
2026-05-16T10:00:00.0000000+02:00,4.3701,4.4416,163.6667,
2026-05-16T10:15:00.0000000+02:00,4.0891,4.3242,208.6667,
2026-05-16T10:30:00.0000000+02:00,4.293,4.397,258.3333,
2026-05-16T10:45:00.0000000+02:00,4.1478,4.1696,311.6667,
2026-05-16T11:00:00.0000000+02:00,4.1726,4.3704,412.0,
2026-05-16T11:15:00.0000000+02:00,4.0537,4.4534,546.0,
2026-05-16T11:30:00.0000000+02:00,4.0181,4.4335,618.6667,
2026-05-16T11:45:00.0000000+02:00,3.9772,4.4758,652.3333,
2026-05-16T12:00:00.0000000+02:00,4.1926,4.3881,612.3333,
2026-05-16T12:15:00.0000000+02:00,2.6887,3.338,653.0,
2026-05-16T12:30:00.0000000+02:00,3.2771,3.6177,575.3333,
2026-05-16T12:45:00.0000000+02:00,2.2547,2.185,560.0,
2026-05-16T13:00:00.0000000+02:00,2.4981,2.5198,717.3333,
2026-05-16T13:15:00.0000000+02:00,3.9038,4.0684,794.3333,
2026-05-16T13:30:00.0000000+02:00,3.4182,3.4129,711.6667,
2026-05-16T13:45:00.0000000+02:00,4.1476,4.292,770.6667,
2026-05-16T14:00:00.0000000+02:00,4.4702,4.5244,824.6667,
2026-05-16T14:15:00.0000000+02:00,3.4926,4.133,724.6667,
2026-05-16T14:30:00.0000000+02:00,1.9375,1.8295,695.6667,
2026-05-16T14:45:00.0000000+02:00,0.8952,0.8976,489.0,
2026-05-16T15:00:00.0000000+02:00,2.5894,2.6342,591.0,
2026-05-16T15:15:00.0000000+02:00,2.0817,2.0541,801.3333,93.75
2026-05-16T15:30:00.0000000+02:00,3.3503,3.6926,587.0,100.0
2026-05-16T15:45:00.0000000+02:00,1.4207,1.2844,746.6667,
2026-05-16T16:00:00.0000000+02:00,0.254,0.2409,851.0,
2026-05-16T16:15:00.0000000+02:00,0.9466,1.029,820.3333,
2026-05-16T16:30:00.0000000+02:00,1.8942,1.8713,557.0,
2026-05-16T16:45:00.0000000+02:00,3.9034,3.9803,128.3333,
2026-05-16T17:00:00.0000000+02:00,3.4887,3.5016,167.3333,
2026-05-16T17:15:00.0000000+02:00,3.1381,3.1487,332.6667,
2026-05-16T17:30:00.0000000+02:00,2.7327,2.7776,344.0,
2026-05-16T17:45:00.0000000+02:00,1.7297,1.6947,384.0,
2026-05-16T18:00:00.0000000+02:00,1.5814,1.6588,136.3333,
2026-05-16T18:15:00.0000000+02:00,1.034,1.0232,86.0,
2026-05-16T18:30:00.0000000+02:00,0.9417,0.9526,322.0,
2026-05-16T18:45:00.0000000+02:00,0.542,0.5204,554.6667,
2026-05-16T19:00:00.0000000+02:00,0.3215,0.3064,546.6667,
2026-05-16T19:15:00.0000000+02:00,0.364,0.342,483.3333,
2026-05-16T19:30:00.0000000+02:00,0.5766,0.5846,320.6667,
2026-05-16T19:45:00.0000000+02:00,0.2523,0.2546,182.5,
2026-05-16T20:00:00.0000000+02:00,0.1434,0.1446,179.3333,
2026-05-16T20:15:00.0000000+02:00,0.1444,0.1526,206.0,
2026-05-16T20:30:00.0000000+02:00,0.094,0.0898,166.3333,
2026-05-16T20:45:00.0000000+02:00,0.026,0.0298,100.6667,
2026-05-16T21:00:00.0000000+02:00,0.0029,0.0099,81.0,96.25
2026-05-16T21:15:00.0000000+02:00,-0.0071,0.0035,55.0,71.25
2026-05-16T21:30:00.0000000+02:00,,0.0014,78.6667,30.2083
2026-05-16T21:45:00.0000000+02:00,,0.0006,58.6667,12.5
2026-05-16T22:00:00.0000000+02:00,,0.0,45.5,
2026-05-16T22:15:00.0000000+02:00,,0.0,,
2026-05-16T22:30:00.0000000+02:00,,0.0,,
2026-05-16T22:45:00.0000000+02:00,,0.0,,
2026-05-16T23:00:00.0000000+02:00,,0.0,,
2026-05-16T23:15:00.0000000+02:00,,0.0,,
2026-05-16T23:30:00.0000000+02:00,,0.0,,
2026-05-16T23:45:00.0000000+02:00,,0.0,,
2026-05-17T00:00:00.0000000+02:00,,0.0,0.0,
2026-05-17T00:15:00.0000000+02:00,,0.0,0.0,
2026-05-17T00:30:00.0000000+02:00,,0.0,0.0,
2026-05-17T00:45:00.0000000+02:00,,0.0,0.0,
2026-05-17T01:00:00.0000000+02:00,,0.0,0.0,
2026-05-17T01:15:00.0000000+02:00,,0.0,0.0,
2026-05-17T01:30:00.0000000+02:00,,0.0,0.0,
2026-05-17T01:45:00.0000000+02:00,,0.0,0.0,
2026-05-17T02:00:00.0000000+02:00,,0.0,0.0,
2026-05-17T02:15:00.0000000+02:00,,0.0,0.0,
2026-05-17T02:30:00.0000000+02:00,,0.0,0.0,
2026-05-17T02:45:00.0000000+02:00,,0.0,0.0,
2026-05-17T03:00:00.0000000+02:00,,0.0,0.0,
2026-05-17T03:15:00.0000000+02:00,,0.0,0.0,
2026-05-17T03:30:00.0000000+02:00,,0.0,0.0,
2026-05-17T03:45:00.0000000+02:00,,0.0,0.0,
2026-05-17T04:00:00.0000000+02:00,,0.0,0.0,
2026-05-17T04:15:00.0000000+02:00,,0.0004,0.0,47.9167
2026-05-17T04:30:00.0000000+02:00,0.0084,0.0152,0.0,90.625
2026-05-17T04:45:00.0000000+02:00,0.0307,0.0401,0.0,
2026-05-17T05:00:00.0000000+02:00,0.064,0.0749,0.0,
2026-05-17T05:15:00.0000000+02:00,0.1398,0.1534,0.0,
2026-05-17T05:30:00.0000000+02:00,0.2336,0.2315,0.0,
2026-05-17T05:45:00.0000000+02:00,0.2515,0.2633,0.0,
2026-05-17T06:00:00.0000000+02:00,0.3755,0.3606,0.0,
2026-05-17T06:15:00.0000000+02:00,0.4068,0.359,0.0,
2026-05-17T06:30:00.0000000+02:00,0.4488,0.4583,0.0,
2026-05-17T06:45:00.0000000+02:00,0.6327,0.6406,0.0,
2026-05-17T07:00:00.0000000+02:00,0.7638,0.7617,6.0,
2026-05-17T07:15:00.0000000+02:00,0.8035,0.7959,18.6667,
2026-05-17T07:30:00.0000000+02:00,1.4702,1.4937,30.3333,
2026-05-17T07:45:00.0000000+02:00,2.055,2.084,30.6667,
2026-05-17T08:00:00.0000000+02:00,2.3489,2.4078,34.6667,
2026-05-17T08:15:00.0000000+02:00,2.7805,2.7641,52.0,
2026-05-17T08:30:00.0000000+02:00,3.1927,3.292,70.3333,
2026-05-17T08:45:00.0000000+02:00,2.9204,2.9504,55.6667,
2026-05-17T09:00:00.0000000+02:00,2.3966,2.5074,100.6667,
2026-05-17T09:15:00.0000000+02:00,2.8867,3.3086,158.0,
2026-05-17T09:30:00.0000000+02:00,3.0341,3.466,225.6667,
2026-05-17T09:45:00.0000000+02:00,3.9959,4.3196,259.0,
2026-05-17T10:00:00.0000000+02:00,3.9916,4.3689,304.3333,
2026-05-17T10:15:00.0000000+02:00,3.5909,4.0311,379.6667,
2026-05-17T10:30:00.0000000+02:00,3.7994,4.2076,401.3333,
2026-05-17T10:45:00.0000000+02:00,4.2233,4.4232,395.3333,
2026-05-17T11:00:00.0000000+02:00,3.9154,4.4645,423.6667,
2026-05-17T11:15:00.0000000+02:00,4.4749,4.5182,496.0,
2026-05-17T11:30:00.0000000+02:00,,4.528,567.6667,
2026-05-17T11:45:00.0000000+02:00,3.812,4.3477,684.3333,
2026-05-17T12:00:00.0000000+02:00,3.0452,3.2646,736.0,
2026-05-17T12:15:00.0000000+02:00,2.9755,3.1059,773.6667,
2026-05-17T12:30:00.0000000+02:00,3.3127,3.5035,808.6667,
2026-05-17T12:45:00.0000000+02:00,4.1509,4.2996,841.0,
2026-05-17T13:00:00.0000000+02:00,4.3415,4.5031,870.0,
2026-05-17T13:15:00.0000000+02:00,4.3439,4.5069,892.0,
2026-05-17T13:30:00.0000000+02:00,4.2206,4.4855,866.0,
2026-05-17T13:45:00.0000000+02:00,3.5548,3.9955,684.6667,
2026-05-17T14:00:00.0000000+02:00,1.9134,1.8673,371.3333,
2026-05-17T14:15:00.0000000+02:00,3.7242,4.2427,375.0,
2026-05-17T14:30:00.0000000+02:00,1.5808,1.6804,387.6667,
2026-05-17T14:45:00.0000000+02:00,2.1715,2.376,470.3333,
2026-05-17T15:00:00.0000000+02:00,1.8948,2.1652,806.0,
2026-05-17T15:15:00.0000000+02:00,1.2582,1.2248,868.3333,
2026-05-17T15:30:00.0000000+02:00,2.7283,2.7998,832.0,
2026-05-17T15:45:00.0000000+02:00,3.1123,3.2724,767.0,
2026-05-17T16:00:00.0000000+02:00,3.5155,3.8008,440.6667,
2026-05-17T16:15:00.0000000+02:00,2.9401,3.2711,850.6667,
2026-05-17T16:30:00.0000000+02:00,4.028,4.066,622.6667,
2026-05-17T16:45:00.0000000+02:00,3.3225,3.4138,360.0,
2026-05-17T17:00:00.0000000+02:00,2.3168,2.3207,393.6667,
2026-05-17T17:15:00.0000000+02:00,2.0765,2.0981,249.0,
2026-05-17T17:30:00.0000000+02:00,2.6745,2.6892,289.3333,
2026-05-17T17:45:00.0000000+02:00,2.3736,2.3822,341.0,
2026-05-17T18:00:00.0000000+02:00,2.0316,2.0419,490.0,
2026-05-17T18:15:00.0000000+02:00,1.6985,1.6937,646.3333,
2026-05-17T18:30:00.0000000+02:00,1.3806,1.3866,620.6667,
2026-05-17T18:45:00.0000000+02:00,1.0822,1.0721,570.0,
2026-05-17T19:00:00.0000000+02:00,0.8088,0.8047,499.3333,
2026-05-17T19:15:00.0000000+02:00,0.5765,0.5825,443.3333,
2026-05-17T19:30:00.0000000+02:00,0.4134,0.415,435.6667,
2026-05-17T19:45:00.0000000+02:00,0.3065,0.31,397.0,
2026-05-17T20:00:00.0000000+02:00,0.233,0.2361,349.0,
2026-05-17T20:15:00.0000000+02:00,0.1576,0.167,300.0,
2026-05-17T20:30:00.0000000+02:00,0.0867,0.0971,253.0,
2026-05-17T20:45:00.0000000+02:00,0.0375,0.0482,206.3333,
2026-05-17T21:00:00.0000000+02:00,0.0115,0.0207,162.3333,
2026-05-17T21:15:00.0000000+02:00,-0.0038,0.0074,120.3333,87.5
2026-05-17T21:30:00.0000000+02:00,,0.0023,82.6667,54.6875
2026-05-17T21:45:00.0000000+02:00,,0.0014,49.3333,33.3333
2026-05-17T22:00:00.0000000+02:00,,0.0002,27.3333,15.625
2026-05-17T22:15:00.0000000+02:00,,0.0,24.3333,
2026-05-17T22:30:00.0000000+02:00,,0.0,22.3333,
2026-05-17T22:45:00.0000000+02:00,,0.0,10.3333,
2026-05-17T23:00:00.0000000+02:00,,0.0,0.6667,
2026-05-17T23:15:00.0000000+02:00,,0.0,0.0,
2026-05-17T23:30:00.0000000+02:00,,0.0,0.0,
2026-05-17T23:45:00.0000000+02:00,,0.0,0.0,0.0
2026-05-18T00:00:00.0000000+02:00,,0.0,0.0,
2026-05-18T00:15:00.0000000+02:00,,0.0,0.0,
2026-05-18T00:30:00.0000000+02:00,,0.0,0.0,
2026-05-18T00:45:00.0000000+02:00,,0.0,0.0,
2026-05-18T01:00:00.0000000+02:00,,0.0,0.0,
2026-05-18T01:15:00.0000000+02:00,,0.0,0.0,
2026-05-18T01:30:00.0000000+02:00,,0.0,0.0,
2026-05-18T01:45:00.0000000+02:00,,0.0,0.0,
2026-05-18T02:00:00.0000000+02:00,,0.0,0.0,
2026-05-18T02:15:00.0000000+02:00,,0.0,0.0,
2026-05-18T02:30:00.0000000+02:00,,0.0,0.0,
2026-05-18T02:45:00.0000000+02:00,,0.0,0.0,
2026-05-18T03:00:00.0000000+02:00,,0.0,0.0,
2026-05-18T03:15:00.0000000+02:00,,0.0,0.0,
2026-05-18T03:30:00.0000000+02:00,,0.0,0.0,
2026-05-18T03:45:00.0000000+02:00,,0.0,0.0,6.25
2026-05-18T04:00:00.0000000+02:00,,0.0,0.0,
2026-05-18T04:15:00.0000000+02:00,,0.0018,0.0,69.6429
2026-05-18T04:30:00.0000000+02:00,0.0069,0.0127,0.0,96.875
2026-05-18T04:45:00.0000000+02:00,0.0352,0.0415,0.0,
2026-05-18T05:00:00.0000000+02:00,0.1102,0.1279,0.0,
2026-05-18T05:15:00.0000000+02:00,0.1783,0.1874,0.0,
2026-05-18T05:30:00.0000000+02:00,0.2504,0.2727,0.0,
2026-05-18T05:45:00.0000000+02:00,0.3022,0.3079,0.0,
2026-05-18T06:00:00.0000000+02:00,0.3235,0.3324,0.0,
2026-05-18T06:15:00.0000000+02:00,0.3978,0.4062,0.0,
2026-05-18T06:30:00.0000000+02:00,0.4559,0.4569,0.0,
2026-05-18T06:45:00.0000000+02:00,0.541,0.5442,0.0,
2026-05-18T07:00:00.0000000+02:00,0.6826,0.6357,1.6667,
2026-05-18T07:15:00.0000000+02:00,0.9093,0.9091,5.3333,
2026-05-18T07:30:00.0000000+02:00,1.1583,1.1667,22.0,
2026-05-18T07:45:00.0000000+02:00,1.4996,1.5032,27.0,
2026-05-18T08:00:00.0000000+02:00,1.5727,1.5688,51.6667,
2026-05-18T08:15:00.0000000+02:00,1.4035,1.4078,46.6667,
2026-05-18T08:30:00.0000000+02:00,1.6215,1.644,68.6667,
2026-05-18T08:45:00.0000000+02:00,2.755,2.8141,78.6667,96.875
2026-05-18T09:00:00.0000000+02:00,3.0387,3.0423,127.0,
2026-05-18T09:15:00.0000000+02:00,3.8819,3.9904,122.0,
2026-05-18T09:30:00.0000000+02:00,4.0496,4.133,187.3333,
2026-05-18T09:45:00.0000000+02:00,3.6683,3.6989,248.6667,
2026-05-18T10:00:00.0000000+02:00,4.1163,4.2456,297.0,
2026-05-18T10:15:00.0000000+02:00,4.381,4.4596,283.3333,
2026-05-18T10:30:00.0000000+02:00,4.3238,4.4369,256.0,
2026-05-18T10:45:00.0000000+02:00,4.3639,4.485,297.6667,
2026-05-18T11:00:00.0000000+02:00,4.3746,4.4377,426.6667,
2026-05-18T11:15:00.0000000+02:00,4.4937,4.523,549.6667,
2026-05-18T11:30:00.0000000+02:00,,4.528,583.0,
2026-05-18T11:45:00.0000000+02:00,,4.528,630.6667,
2026-05-18T12:00:00.0000000+02:00,,4.528,715.3333,
2026-05-18T12:15:00.0000000+02:00,,4.528,742.0,
2026-05-18T12:30:00.0000000+02:00,,4.528,790.6667,
2026-05-18T12:45:00.0000000+02:00,,4.528,824.0,
2026-05-18T13:00:00.0000000+02:00,,4.528,854.3333,
2026-05-18T13:15:00.0000000+02:00,,4.528,880.6667,
2026-05-18T13:30:00.0000000+02:00,4.3934,4.5009,904.0,
2026-05-18T13:45:00.0000000+02:00,4.4821,4.5215,923.3333,
2026-05-18T14:00:00.0000000+02:00,4.4979,4.5206,940.0,
2026-05-18T14:15:00.0000000+02:00,4.4892,4.5258,953.0,
2026-05-18T14:30:00.0000000+02:00,4.4882,4.5262,962.6667,
2026-05-18T14:45:00.0000000+02:00,,4.528,968.6667,
2026-05-18T15:00:00.0000000+02:00,4.4099,4.5028,971.0,
2026-05-18T15:15:00.0000000+02:00,3.8875,4.0286,970.0,
2026-05-18T15:30:00.0000000+02:00,2.1731,2.1571,950.3333,
2026-05-18T15:45:00.0000000+02:00,1.8812,1.9371,831.0,
2026-05-18T16:00:00.0000000+02:00,1.5317,1.5163,867.6667,
2026-05-18T16:15:00.0000000+02:00,1.6292,1.6352,863.6667,
2026-05-18T16:30:00.0000000+02:00,1.6932,1.694,895.6667,
2026-05-18T16:45:00.0000000+02:00,1.7941,1.796,853.6667,
2026-05-18T17:00:00.0000000+02:00,2.059,2.0834,777.3333,
2026-05-18T17:15:00.0000000+02:00,2.039,2.0213,596.0,
2026-05-18T17:30:00.0000000+02:00,1.5211,1.5057,345.0,
2026-05-18T17:45:00.0000000+02:00,1.4907,1.4972,251.6667,
2026-05-18T18:00:00.0000000+02:00,1.3265,1.3157,200.0,
2026-05-18T18:15:00.0000000+02:00,1.0957,1.1065,232.0,
2026-05-18T18:30:00.0000000+02:00,1.0216,1.0167,274.3333,
2026-05-18T18:45:00.0000000+02:00,0.9379,0.9465,300.6667,
2026-05-18T19:00:00.0000000+02:00,0.9323,0.9676,311.0,
2026-05-18T19:15:00.0000000+02:00,0.7583,0.7332,310.6667,
2026-05-18T19:30:00.0000000+02:00,0.5332,0.5484,317.6667,
2026-05-18T19:45:00.0000000+02:00,0.2946,0.2993,257.3333,
2026-05-18T20:00:00.0000000+02:00,0.1795,0.1954,200.6667,
2026-05-18T20:15:00.0000000+02:00,0.1104,0.1134,166.3333,
2026-05-18T20:30:00.0000000+02:00,0.0512,0.0498,147.0,
2026-05-18T20:45:00.0000000+02:00,0.0091,0.0164,124.6667,
2026-05-18T21:00:00.0000000+02:00,,0.008,133.3333,93.0556
2026-05-18T21:15:00.0000000+02:00,-0.006,0.0029,109.6667,75.8929
2026-05-18T21:30:00.0000000+02:00,,0.0014,79.0,46.25
2026-05-18T21:45:00.0000000+02:00,,0.0006,45.3333,28.125
2026-05-18T22:00:00.0000000+02:00,,0.0,30.3333,
2026-05-18T22:15:00.0000000+02:00,,0.0,29.3333,
2026-05-18T22:30:00.0000000+02:00,,0.0,16.0,
2026-05-18T22:45:00.0000000+02:00,,0.0,5.3333,
2026-05-18T23:00:00.0000000+02:00,,0.0,0.6667,
2026-05-18T23:15:00.0000000+02:00,,0.0,0.0,
2026-05-18T23:30:00.0000000+02:00,,0.0,0.0,3.125
2026-05-18T23:45:00.0000000+02:00,,0.0,0.0,
2026-05-19T00:00:00.0000000+02:00,,0.0,0.0,
2026-05-19T00:15:00.0000000+02:00,,0.0,0.0,
2026-05-19T00:30:00.0000000+02:00,,0.0,0.0,
2026-05-19T00:45:00.0000000+02:00,,0.0,0.0,
2026-05-19T01:00:00.0000000+02:00,,0.0,0.0,
2026-05-19T01:15:00.0000000+02:00,,0.0,0.0,
2026-05-19T01:30:00.0000000+02:00,,0.0,0.0,
2026-05-19T01:45:00.0000000+02:00,,0.0,0.0,
2026-05-19T02:00:00.0000000+02:00,,0.0,0.0,
2026-05-19T02:15:00.0000000+02:00,,0.0,0.0,
2026-05-19T02:30:00.0000000+02:00,,0.0,0.0,
2026-05-19T02:45:00.0000000+02:00,,0.0,0.0,
2026-05-19T03:00:00.0000000+02:00,,0.0,0.0,
2026-05-19T03:15:00.0000000+02:00,,0.0,0.0,
2026-05-19T03:30:00.0000000+02:00,,0.0,0.0,
2026-05-19T03:45:00.0000000+02:00,,0.0,0.0,
2026-05-19T04:00:00.0000000+02:00,,0.0,0.0,15.625
2026-05-19T04:15:00.0000000+02:00,,0.0,0.0,
2026-05-19T04:30:00.0000000+02:00,,0.0,0.0,
2026-05-19T04:45:00.0000000+02:00,,0.0058,0.0,75.0
2026-05-19T05:00:00.0000000+02:00,0.0041,0.0102,0.0,96.875
2026-05-19T05:15:00.0000000+02:00,0.0143,0.0207,0.0,
2026-05-19T05:30:00.0000000+02:00,0.0308,0.0407,0.0,
2026-05-19T05:45:00.0000000+02:00,0.0462,0.0548,0.0,
2026-05-19T06:00:00.0000000+02:00,0.0567,0.0635,0.0,
2026-05-19T06:15:00.0000000+02:00,0.0789,0.0842,0.0,
2026-05-19T06:30:00.0000000+02:00,0.1078,0.1197,0.0,
2026-05-19T06:45:00.0000000+02:00,0.1769,0.1744,0.0,
2026-05-19T07:00:00.0000000+02:00,0.4312,0.4381,2.0,
2026-05-19T07:15:00.0000000+02:00,0.756,0.7467,9.0,
2026-05-19T07:30:00.0000000+02:00,1.131,1.1327,25.0,
2026-05-19T07:45:00.0000000+02:00,0.9321,0.9531,31.6667,
2026-05-19T08:00:00.0000000+02:00,1.1551,1.1624,35.3333,
2026-05-19T08:15:00.0000000+02:00,1.1905,1.186,53.3333,
2026-05-19T08:30:00.0000000+02:00,1.452,1.4188,57.6667,
2026-05-19T08:45:00.0000000+02:00,1.886,1.84,63.6667,96.875
2026-05-19T09:00:00.0000000+02:00,2.5529,2.5766,96.0,
2026-05-19T09:15:00.0000000+02:00,3.227,3.22,100.0,
2026-05-19T09:30:00.0000000+02:00,3.7919,3.7867,95.0,
2026-05-19T09:45:00.0000000+02:00,3.8046,3.7989,120.0,
2026-05-19T10:00:00.0000000+02:00,3.0438,3.043,116.0,
2026-05-19T10:15:00.0000000+02:00,2.2457,2.2379,137.0,
2026-05-19T10:30:00.0000000+02:00,2.1426,2.1213,168.0,
2026-05-19T10:45:00.0000000+02:00,2.5907,2.5067,202.6667,
2026-05-19T11:00:00.0000000+02:00,2.8611,2.8494,229.3333,
2026-05-19T11:15:00.0000000+02:00,1.7098,1.666,308.0,
2026-05-19T11:30:00.0000000+02:00,1.2443,1.2645,390.6667,
2026-05-19T11:45:00.0000000+02:00,1.1811,1.1453,361.6667,
2026-05-19T12:00:00.0000000+02:00,1.306,1.3258,331.6667,
2026-05-19T12:15:00.0000000+02:00,1.1104,1.094,319.6667,
2026-05-19T12:30:00.0000000+02:00,1.1956,1.1995,323.3333,
2026-05-19T12:45:00.0000000+02:00,1.6352,1.6491,357.0,
2026-05-19T13:00:00.0000000+02:00,2.554,2.4807,315.0,
2026-05-19T13:15:00.0000000+02:00,2.2582,2.2575,254.6667,
2026-05-19T13:30:00.0000000+02:00,3.717,3.8737,183.3333,
2026-05-19T13:45:00.0000000+02:00,4.2704,4.4317,171.6667,
2026-05-19T14:00:00.0000000+02:00,3.8719,3.8779,194.6667,
2026-05-19T14:15:00.0000000+02:00,3.2743,3.2655,168.0,
2026-05-19T14:30:00.0000000+02:00,3.3846,3.416,190.6667,
2026-05-19T14:45:00.0000000+02:00,4.0843,4.2846,230.3333,
2026-05-19T15:00:00.0000000+02:00,4.0454,4.1689,300.6667,
2026-05-19T15:15:00.0000000+02:00,4.2396,4.4102,322.6667,
2026-05-19T15:30:00.0000000+02:00,,4.5279,432.0,
2026-05-19T15:45:00.0000000+02:00,4.433,4.4825,704.6667,
2026-05-19T16:00:00.0000000+02:00,3.0364,3.7357,579.6667,
2026-05-19T16:15:00.0000000+02:00,4.3066,4.353,424.0,
2026-05-19T16:30:00.0000000+02:00,3.9958,4.0151,620.0,
2026-05-19T16:45:00.0000000+02:00,3.6423,3.6901,724.3333,
2026-05-19T17:00:00.0000000+02:00,3.362,3.3681,820.6667,
2026-05-19T17:15:00.0000000+02:00,3.1152,3.1235,813.3333,
2026-05-19T17:30:00.0000000+02:00,2.7202,2.7189,785.0,
2026-05-19T17:45:00.0000000+02:00,2.4186,2.4274,750.0,
2026-05-19T18:00:00.0000000+02:00,2.0829,2.0875,713.0,
2026-05-19T18:15:00.0000000+02:00,1.7451,1.7421,670.6667,
2026-05-19T18:30:00.0000000+02:00,1.4127,1.4178,632.0,
2026-05-19T18:45:00.0000000+02:00,1.0995,1.1022,588.6667,
2026-05-19T19:00:00.0000000+02:00,0.8222,0.8189,543.6667,
2026-05-19T19:15:00.0000000+02:00,0.5739,0.5805,497.3333,
2026-05-19T19:30:00.0000000+02:00,0.3984,0.4007,450.0,
2026-05-19T19:45:00.0000000+02:00,0.2802,0.2863,402.0,
2026-05-19T20:00:00.0000000+02:00,0.2123,0.2201,353.6667,
2026-05-19T20:15:00.0000000+02:00,0.1491,0.1595,305.0,
2026-05-19T20:30:00.0000000+02:00,0.0999,0.1071,257.0,
2026-05-19T20:45:00.0000000+02:00,0.0621,0.0673,210.3333,
2026-05-19T21:00:00.0000000+02:00,0.03,0.037,165.6667,
2026-05-19T21:15:00.0000000+02:00,0.0043,0.0151,123.6667,
2026-05-19T21:30:00.0000000+02:00,,0.0042,85.0,69.7115
2026-05-19T21:45:00.0000000+02:00,,0.0016,50.3333,34.8214
2026-05-19T22:00:00.0000000+02:00,,0.0007,25.6667,8.3333
2026-05-19T22:15:00.0000000+02:00,,0.0,21.6667,
2026-05-19T22:30:00.0000000+02:00,,0.0,20.0,
2026-05-19T22:45:00.0000000+02:00,,0.0,12.6667,
2026-05-19T23:00:00.0000000+02:00,,0.0,2.3333,
2026-05-19T23:15:00.0000000+02:00,,0.0,0.0,
2026-05-19T23:30:00.0000000+02:00,,0.0,0.0,
2026-05-19T23:45:00.0000000+02:00,,0.0,0.0,
2026-05-20T00:00:00.0000000+02:00,,0.0,0.0,
2026-05-20T00:15:00.0000000+02:00,,0.0,0.0,
2026-05-20T00:30:00.0000000+02:00,,0.0,0.0,
2026-05-20T00:45:00.0000000+02:00,,0.0,0.0,
2026-05-20T01:00:00.0000000+02:00,,0.0,0.0,
2026-05-20T01:15:00.0000000+02:00,,0.0,0.0,
2026-05-20T01:30:00.0000000+02:00,,0.0,0.0,
2026-05-20T01:45:00.0000000+02:00,,0.0,0.0,
2026-05-20T02:00:00.0000000+02:00,,0.0,0.0,
2026-05-20T02:15:00.0000000+02:00,,0.0,0.0,
2026-05-20T02:30:00.0000000+02:00,,0.0,0.0,
2026-05-20T02:45:00.0000000+02:00,,0.0,0.0,
2026-05-20T03:00:00.0000000+02:00,,0.0,0.0,
2026-05-20T03:15:00.0000000+02:00,,0.0,0.0,
2026-05-20T03:30:00.0000000+02:00,,0.0,0.0,
2026-05-20T03:45:00.0000000+02:00,,0.0,0.0,
2026-05-20T04:00:00.0000000+02:00,,0.0,0.0,
2026-05-20T04:15:00.0000000+02:00,,0.0041,0.0,63.3929
2026-05-20T04:30:00.0000000+02:00,0.0145,0.0217,0.0,
2026-05-20T04:45:00.0000000+02:00,0.0406,0.0505,0.0,
2026-05-20T05:00:00.0000000+02:00,0.0727,0.0833,0.0,
2026-05-20T05:15:00.0000000+02:00,0.1117,0.1212,0.0,
2026-05-20T05:30:00.0000000+02:00,0.1553,0.1668,0.0,
2026-05-20T05:45:00.0000000+02:00,0.2114,0.2195,0.0,
2026-05-20T06:00:00.0000000+02:00,0.2827,0.2878,0.0,
2026-05-20T06:15:00.0000000+02:00,0.3395,0.3565,0.0,
2026-05-20T06:30:00.0000000+02:00,0.5523,0.5598,0.0,
2026-05-20T06:45:00.0000000+02:00,0.7692,0.7729,0.6667,
2026-05-20T07:00:00.0000000+02:00,1.0273,1.0208,9.0,
2026-05-20T07:15:00.0000000+02:00,1.3098,1.308,22.3333,
2026-05-20T07:30:00.0000000+02:00,1.6242,1.6253,23.6667,
2026-05-20T07:45:00.0000000+02:00,1.9614,1.9639,29.0,
2026-05-20T08:00:00.0000000+02:00,2.3129,2.3199,37.3333,
2026-05-20T08:15:00.0000000+02:00,2.6469,2.6602,58.6667,
2026-05-20T08:30:00.0000000+02:00,2.9708,3.0068,91.0,
2026-05-20T08:45:00.0000000+02:00,3.2841,3.3166,129.3333,
2026-05-20T09:00:00.0000000+02:00,3.6027,3.6427,171.0,
2026-05-20T09:15:00.0000000+02:00,3.8745,3.9254,215.0,
2026-05-20T09:30:00.0000000+02:00,4.1244,4.1818,261.0,
2026-05-20T09:45:00.0000000+02:00,4.314,4.3674,308.0,
2026-05-20T10:00:00.0000000+02:00,4.4154,4.4568,356.0,
2026-05-20T10:15:00.0000000+02:00,4.4584,4.4866,404.0,
2026-05-20T10:30:00.0000000+02:00,4.4795,4.505,452.0,
2026-05-20T10:45:00.0000000+02:00,4.495,4.5212,499.6667,
2026-05-20T11:00:00.0000000+02:00,4.5063,4.5279,546.0,
2026-05-20T11:15:00.0000000+02:00,,4.528,591.0,
2026-05-20T11:30:00.0000000+02:00,4.1823,4.4416,634.0,
2026-05-20T11:45:00.0000000+02:00,4.4805,4.5146,675.6667,
2026-05-20T12:00:00.0000000+02:00,3.768,3.8152,714.6667,
2026-05-20T12:15:00.0000000+02:00,2.5376,2.4933,751.0,
2026-05-20T12:30:00.0000000+02:00,3.2374,3.3041,785.0,
2026-05-20T12:45:00.0000000+02:00,3.1221,3.0999,816.0,
2026-05-20T13:00:00.0000000+02:00,3.9521,4.1846,844.0,
2026-05-20T13:15:00.0000000+02:00,3.8353,4.3647,869.6667,
2026-05-20T13:30:00.0000000+02:00,3.5583,3.6946,891.6667,
2026-05-20T13:45:00.0000000+02:00,3.2344,3.2517,849.6667,
2026-05-20T14:00:00.0000000+02:00,3.2543,3.2864,591.0,
2026-05-20T14:15:00.0000000+02:00,2.6769,2.6447,336.6667,
2026-05-20T14:30:00.0000000+02:00,2.8924,2.8969,435.3333,
2026-05-20T14:45:00.0000000+02:00,2.313,2.3002,505.0,
2026-05-20T15:00:00.0000000+02:00,1.6824,1.6561,619.6667,
2026-05-20T15:15:00.0000000+02:00,2.4275,2.4127,800.6667,
2026-05-20T15:30:00.0000000+02:00,2.951,3.0014,715.6667,
2026-05-20T15:45:00.0000000+02:00,2.2039,2.1925,517.0,
2026-05-20T16:00:00.0000000+02:00,1.5493,1.5642,420.6667,
2026-05-20T16:15:00.0000000+02:00,1.3686,1.3695,339.0,
2026-05-20T16:30:00.0000000+02:00,1.6633,1.6653,307.3333,
2026-05-20T16:45:00.0000000+02:00,1.4486,1.4545,261.6667,
2026-05-20T17:00:00.0000000+02:00,1.2104,1.2186,236.0,
2026-05-20T17:15:00.0000000+02:00,0.8583,0.8528,286.0,
2026-05-20T17:30:00.0000000+02:00,0.3988,0.3749,313.0,
2026-05-20T17:45:00.0000000+02:00,0.5396,0.5168,266.0,
2026-05-20T18:00:00.0000000+02:00,0.7683,0.7683,185.0,
2026-05-20T18:15:00.0000000+02:00,0.7637,0.7656,195.6667,
2026-05-20T18:30:00.0000000+02:00,0.8779,0.9121,243.6667,
2026-05-20T18:45:00.0000000+02:00,0.7224,0.7051,251.6667,
2026-05-20T19:00:00.0000000+02:00,0.8274,0.8355,215.3333,
2026-05-20T19:15:00.0000000+02:00,0.7099,0.6893,126.6667,
2026-05-20T19:30:00.0000000+02:00,0.5996,0.6008,108.3333,
2026-05-20T19:45:00.0000000+02:00,0.5122,0.5126,131.0,
2026-05-20T20:00:00.0000000+02:00,0.2982,0.2935,143.0,
2026-05-20T20:15:00.0000000+02:00,0.1684,0.1731,127.3333,
2026-05-20T20:30:00.0000000+02:00,0.0888,0.0968,122.6667,
2026-05-20T20:45:00.0000000+02:00,0.0442,0.0556,110.6667,
2026-05-20T21:00:00.0000000+02:00,0.0183,0.0302,121.6667,
2026-05-20T21:15:00.0000000+02:00,0.0029,0.0111,116.0,87.5
2026-05-20T21:30:00.0000000+02:00,-0.0077,0.0031,89.6667,64.5833
2026-05-20T21:45:00.0000000+02:00,,0.0014,70.0,35.0
2026-05-20T22:00:00.0000000+02:00,,0.0005,53.6667,9.375
2026-05-20T22:15:00.0000000+02:00,,0.0,36.6667,
2026-05-20T22:30:00.0000000+02:00,,0.0,19.6667,
2026-05-20T22:45:00.0000000+02:00,,0.0,7.3333,
2026-05-20T23:00:00.0000000+02:00,,0.0,1.3333,
2026-05-20T23:15:00.0000000+02:00,,0.0,0.0,
2026-05-20T23:30:00.0000000+02:00,,0.0,0.0,
2026-05-20T23:45:00.0000000+02:00,,0.0,0.0,0.0
2026-05-21T00:00:00.0000000+02:00,,0.0,0.0,
2026-05-21T00:15:00.0000000+02:00,,0.0,0.0,
2026-05-21T00:30:00.0000000+02:00,,0.0,0.0,
2026-05-21T00:45:00.0000000+02:00,,0.0,0.0,
2026-05-21T01:00:00.0000000+02:00,,0.0,0.0,
2026-05-21T01:15:00.0000000+02:00,,0.0,0.0,
2026-05-21T01:30:00.0000000+02:00,,0.0,0.0,
2026-05-21T01:45:00.0000000+02:00,,0.0,0.0,
2026-05-21T02:00:00.0000000+02:00,,0.0,0.0,
2026-05-21T02:15:00.0000000+02:00,,0.0,0.0,
2026-05-21T02:30:00.0000000+02:00,,0.0,0.0,
2026-05-21T02:45:00.0000000+02:00,,0.0,0.0,
2026-05-21T03:00:00.0000000+02:00,,0.0,0.0,
2026-05-21T03:15:00.0000000+02:00,,0.0,0.0,
2026-05-21T03:30:00.0000000+02:00,,0.0,0.0,6.25
2026-05-21T03:45:00.0000000+02:00,,0.0,0.0,
2026-05-21T04:00:00.0000000+02:00,,0.0,0.0,
2026-05-21T04:15:00.0000000+02:00,,0.0024,0.0,69.5312
2026-05-21T04:30:00.0000000+02:00,0.0023,0.0106,0.0,95.625
2026-05-21T04:45:00.0000000+02:00,0.0301,0.0439,0.0,
2026-05-21T05:00:00.0000000+02:00,0.0843,0.1004,0.0,
2026-05-21T05:15:00.0000000+02:00,0.0802,0.0907,0.0,
2026-05-21T05:30:00.0000000+02:00,,0.0937,0.0,
2026-05-21T05:45:00.0000000+02:00,0.1183,0.1209,0.0,
2026-05-21T06:00:00.0000000+02:00,0.224,0.2241,0.0,
2026-05-21T06:15:00.0000000+02:00,0.3478,0.3452,0.0,
2026-05-21T06:30:00.0000000+02:00,0.389,0.3793,0.0,
2026-05-21T06:45:00.0000000+02:00,0.9414,0.9684,0.6667,
2026-05-21T07:00:00.0000000+02:00,1.0127,0.9896,8.3333,
2026-05-21T07:15:00.0000000+02:00,1.2048,1.1962,20.3333,
2026-05-21T07:30:00.0000000+02:00,1.2713,1.2836,20.3333,
2026-05-21T07:45:00.0000000+02:00,0.8482,0.8573,24.3333,
2026-05-21T08:00:00.0000000+02:00,0.4981,0.4822,28.6667,
2026-05-21T08:15:00.0000000+02:00,0.6083,0.605,43.6667,
2026-05-21T08:30:00.0000000+02:00,1.0982,1.0615,55.6667,
2026-05-21T08:45:00.0000000+02:00,1.0599,1.0498,74.6667,
2026-05-21T09:00:00.0000000+02:00,1.4047,1.3079,141.3333,
2026-05-21T09:15:00.0000000+02:00,1.8797,1.9078,104.0,
2026-05-21T09:30:00.0000000+02:00,1.449,1.4576,108.3333,
2026-05-21T09:45:00.0000000+02:00,1.9912,1.9605,147.3333,
2026-05-21T10:00:00.0000000+02:00,1.3592,1.3756,138.3333,
2026-05-21T10:15:00.0000000+02:00,2.0888,2.0793,163.0,
2026-05-21T10:30:00.0000000+02:00,1.6175,1.6087,210.0,
2026-05-21T10:45:00.0000000+02:00,2.3415,2.3246,248.6667,
2026-05-21T11:00:00.0000000+02:00,3.3844,3.3561,273.6667,
2026-05-21T11:15:00.0000000+02:00,2.3528,2.4861,319.6667,
2026-05-21T11:30:00.0000000+02:00,4.1137,4.1773,243.6667,
2026-05-21T11:45:00.0000000+02:00,4.1038,4.1657,316.6667,
2026-05-21T12:00:00.0000000+02:00,3.8227,3.9424,329.3333,
2026-05-21T12:15:00.0000000+02:00,4.1528,4.3272,296.0,
2026-05-21T12:30:00.0000000+02:00,2.3192,2.1918,358.6667,
2026-05-21T12:45:00.0000000+02:00,2.2157,2.4003,501.3333,
2026-05-21T13:00:00.0000000+02:00,2.5494,2.5461,370.3333,
2026-05-21T13:15:00.0000000+02:00,3.3533,3.3385,577.6667,
2026-05-21T13:30:00.0000000+02:00,3.197,3.1906,714.0,
2026-05-21T13:45:00.0000000+02:00,3.1687,3.1555,556.6667,
2026-05-21T14:00:00.0000000+02:00,4.0497,4.3028,610.3333,
2026-05-21T14:15:00.0000000+02:00,3.6178,3.8914,667.6667,
2026-05-21T14:30:00.0000000+02:00,2.2819,2.2154,583.6667,
2026-05-21T14:45:00.0000000+02:00,2.2845,2.4093,376.0,
2026-05-21T15:00:00.0000000+02:00,2.2597,2.6652,362.6667,
2026-05-21T15:15:00.0000000+02:00,2.7022,2.7409,431.0,
2026-05-21T15:30:00.0000000+02:00,2.0262,2.3792,489.0,
2026-05-21T15:45:00.0000000+02:00,3.0009,3.4959,377.3333,
2026-05-21T16:00:00.0000000+02:00,1.9462,2.1594,664.3333,
2026-05-21T16:15:00.0000000+02:00,3.1859,3.3642,678.3333,
2026-05-21T16:30:00.0000000+02:00,2.4557,2.5678,538.0,
2026-05-21T16:45:00.0000000+02:00,0.713,0.714,653.6667,
2026-05-21T17:00:00.0000000+02:00,0.9586,0.9478,537.3333,
2026-05-21T17:15:00.0000000+02:00,0.949,0.9381,468.6667,
2026-05-21T17:30:00.0000000+02:00,2.8531,3.0091,319.6667,
2026-05-21T17:45:00.0000000+02:00,1.2303,1.1627,602.6667,
2026-05-21T18:00:00.0000000+02:00,0.5372,0.5546,655.6667,
2026-05-21T18:15:00.0000000+02:00,1.4812,1.5266,515.0,
2026-05-21T18:30:00.0000000+02:00,1.1062,1.0586,579.3333,
2026-05-21T18:45:00.0000000+02:00,0.5216,0.5217,387.0,
2026-05-21T19:00:00.0000000+02:00,0.2363,0.2079,114.6667,
2026-05-21T19:15:00.0000000+02:00,0.1219,0.1278,63.3333,
2026-05-21T19:30:00.0000000+02:00,0.264,0.2637,105.3333,
2026-05-21T19:45:00.0000000+02:00,0.5515,0.5632,194.6667,
2026-05-21T20:00:00.0000000+02:00,0.2765,0.2715,92.6667,
2026-05-21T20:15:00.0000000+02:00,0.1821,0.1938,101.6667,
2026-05-21T20:30:00.0000000+02:00,0.1281,0.1339,121.6667,
2026-05-21T20:45:00.0000000+02:00,0.0788,0.0834,75.6667,
2026-05-21T21:00:00.0000000+02:00,0.0416,0.0468,76.3333,
2026-05-21T21:15:00.0000000+02:00,0.0157,0.0204,29.6667,
2026-05-21T21:30:00.0000000+02:00,-0.0001,0.0054,26.0,82.8125
2026-05-21T21:45:00.0000000+02:00,,0.0015,43.6667,38.1944
2026-05-21T22:00:00.0000000+02:00,,0.0009,28.0,22.2222
2026-05-21T22:15:00.0000000+02:00,,0.0,22.0,
2026-05-21T22:30:00.0000000+02:00,,0.0,20.0,
2026-05-21T22:45:00.0000000+02:00,,0.0,16.0,
2026-05-21T23:00:00.0000000+02:00,,0.0,4.3333,
2026-05-21T23:15:00.0000000+02:00,,0.0,0.0,
2026-05-21T23:30:00.0000000+02:00,,0.0,,
2026-05-21T23:45:00.0000000+02:00,,0.0,,0.0
2026-05-22T00:00:00.0000000+02:00,,0.0,,
2026-05-22T00:15:00.0000000+02:00,,0.0,,
2026-05-22T00:30:00.0000000+02:00,,0.0,,
2026-05-22T00:45:00.0000000+02:00,,0.0,,
2026-05-22T01:00:00.0000000+02:00,,0.0,,
2026-05-22T01:15:00.0000000+02:00,,0.0,,
2026-05-22T01:30:00.0000000+02:00,,0.0,,
2026-05-22T01:45:00.0000000+02:00,,0.0,,
2026-05-22T02:00:00.0000000+02:00,,0.0,,
2026-05-22T02:15:00.0000000+02:00,,0.0,,
2026-05-22T02:30:00.0000000+02:00,,0.0,,
2026-05-22T02:45:00.0000000+02:00,,0.0,,
2026-05-22T03:00:00.0000000+02:00,,0.0,,
2026-05-22T03:15:00.0000000+02:00,,0.0,,
2026-05-22T03:30:00.0000000+02:00,,0.0,,
2026-05-22T03:45:00.0000000+02:00,,0.0,,6.25
2026-05-22T04:00:00.0000000+02:00,,0.0,,
2026-05-22T04:15:00.0000000+02:00,,0.0084,,71.5278
2026-05-22T04:30:00.0000000+02:00,0.0156,0.0285,,
2026-05-22T04:45:00.0000000+02:00,0.0413,0.0546,,
2026-05-22T05:00:00.0000000+02:00,0.074,0.0855,,
2026-05-22T05:15:00.0000000+02:00,0.1178,0.1307,,
2026-05-22T05:30:00.0000000+02:00,0.1663,0.1744,,
2026-05-22T05:45:00.0000000+02:00,0.2147,0.2246,,
2026-05-22T06:00:00.0000000+02:00,0.2875,0.2865,,
2026-05-22T06:15:00.0000000+02:00,0.431,0.4331,,
2026-05-22T06:30:00.0000000+02:00,0.6611,0.6671,,
2026-05-22T06:45:00.0000000+02:00,0.8824,0.857,3.0,
2026-05-22T07:00:00.0000000+02:00,1.0473,1.0617,13.0,
2026-05-22T07:15:00.0000000+02:00,1.3574,1.3673,20.5,
2026-05-22T07:30:00.0000000+02:00,1.6626,1.6689,19.0,
2026-05-22T07:45:00.0000000+02:00,2.0107,2.0215,21.5,
2026-05-22T08:00:00.0000000+02:00,2.3414,2.363,26.6667,
2026-05-22T08:15:00.0000000+02:00,2.5745,2.5948,56.0,
2026-05-22T08:30:00.0000000+02:00,3.0289,3.0772,97.6667,
2026-05-22T08:45:00.0000000+02:00,3.3263,3.3689,133.3333,
2026-05-22T09:00:00.0000000+02:00,3.6434,3.6946,164.3333,
2026-05-22T09:15:00.0000000+02:00,3.921,3.9773,223.0,
2026-05-22T09:30:00.0000000+02:00,4.2022,4.267,272.0,
2026-05-22T09:45:00.0000000+02:00,4.2845,4.3951,320.0,
2026-05-22T10:00:00.0000000+02:00,4.4097,4.4576,368.6667,
2026-05-22T10:15:00.0000000+02:00,3.8408,4.3221,417.0,
2026-05-22T10:30:00.0000000+02:00,3.7119,3.8438,465.0,
2026-05-22T10:45:00.0000000+02:00,3.3092,3.75,513.0,
2026-05-22T11:00:00.0000000+02:00,2.9183,3.1803,559.0,
2026-05-22T11:15:00.0000000+02:00,3.2203,3.2947,602.0,
2026-05-22T11:30:00.0000000+02:00,3.2553,3.3109,643.6667,
2026-05-22T11:45:00.0000000+02:00,3.3969,3.4047,683.6667,
2026-05-22T12:00:00.0000000+02:00,2.6175,2.9782,721.0,
2026-05-22T12:15:00.0000000+02:00,2.4386,2.4634,756.6667,
2026-05-22T12:30:00.0000000+02:00,2.2865,2.2822,790.0,
2026-05-22T12:45:00.0000000+02:00,2.6326,2.5968,800.3333,
2026-05-22T13:00:00.0000000+02:00,2.2872,2.2312,817.3333,
2026-05-22T13:15:00.0000000+02:00,2.5028,2.9762,752.0,
2026-05-22T13:30:00.0000000+02:00,3.6405,3.8231,638.0,
2026-05-22T13:45:00.0000000+02:00,3.3026,3.4334,556.6667,
2026-05-22T14:00:00.0000000+02:00,2.2155,2.1951,460.3333,
2026-05-22T14:15:00.0000000+02:00,0.9812,0.9776,381.6667,
2026-05-22T14:30:00.0000000+02:00,2.1548,2.2221,366.3333,
2026-05-22T14:45:00.0000000+02:00,3.2881,3.4109,369.0,
2026-05-22T15:00:00.0000000+02:00,3.6495,3.6923,338.0,
2026-05-22T15:15:00.0000000+02:00,3.2694,3.5772,323.0,
2026-05-22T15:30:00.0000000+02:00,2.5379,3.758,446.3333,
2026-05-22T15:45:00.0000000+02:00,3.0045,3.2378,447.3333,
2026-05-22T16:00:00.0000000+02:00,3.4453,3.8872,482.3333,
2026-05-22T16:15:00.0000000+02:00,2.691,2.7617,414.0,
2026-05-22T16:30:00.0000000+02:00,3.1816,3.286,466.3333,
2026-05-22T16:45:00.0000000+02:00,3.8574,3.9055,644.3333,
2026-05-22T17:00:00.0000000+02:00,3.3035,3.3982,585.3333,
2026-05-22T17:15:00.0000000+02:00,2.8741,2.9251,600.3333,
2026-05-22T17:30:00.0000000+02:00,2.1359,2.1748,584.6667,
2026-05-22T17:45:00.0000000+02:00,2.2864,2.3147,568.6667,
2026-05-22T18:00:00.0000000+02:00,1.9684,2.0277,571.0,
2026-05-22T18:15:00.0000000+02:00,1.6419,1.7336,603.6667,
2026-05-22T18:30:00.0000000+02:00,1.2915,1.2962,587.6667,
2026-05-22T18:45:00.0000000+02:00,1.1557,1.1618,570.3333,
2026-05-22T19:00:00.0000000+02:00,0.8594,0.8548,528.6667,
2026-05-22T19:15:00.0000000+02:00,0.6177,0.6154,483.3333,
2026-05-22T19:30:00.0000000+02:00,0.4356,0.4284,433.6667,
2026-05-22T19:45:00.0000000+02:00,0.3046,0.3053,389.0,
2026-05-22T20:00:00.0000000+02:00,0.2268,0.2368,341.0,
2026-05-22T20:15:00.0000000+02:00,0.1643,0.1748,305.0,
2026-05-22T20:30:00.0000000+02:00,0.1083,0.12,253.0,
2026-05-22T20:45:00.0000000+02:00,0.0655,0.0786,209.6667,
2026-05-22T21:00:00.0000000+02:00,0.0335,0.0466,168.3333,
2026-05-22T21:15:00.0000000+02:00,0.0075,0.0203,127.0,
2026-05-22T21:30:00.0000000+02:00,-0.0078,0.0049,89.0,79.5455
2026-05-22T21:45:00.0000000+02:00,,0.0016,55.6667,38.5417
2026-05-22T22:00:00.0000000+02:00,,0.0008,32.0,12.5
2026-05-22T22:15:00.0000000+02:00,,0.0,,
2026-05-22T22:30:00.0000000+02:00,,0.0,,
2026-05-22T22:45:00.0000000+02:00,,0.0,,
2026-05-22T23:00:00.0000000+02:00,,0.0,,
2026-05-22T23:15:00.0000000+02:00,,0.0,,
2026-05-22T23:30:00.0000000+02:00,,0.0,,
2026-05-22T23:45:00.0000000+02:00,,0.0,,
