inverter_name,event_name,event_code,event_type,time_start_utc,time_end_utc,duration_min,description
SKB-TS1-INV01,AlarmWorkState2-Fault,2006,Alarm,2026-03-13T09:44:13.3480000Z,,0.0,Fault
SKB-TS1-INV01,AlarmWorkState2-TotalFaultBit,2012,Alarm,2026-03-13T09:44:13.3480000Z,,0.0,TotalFaultBit
SKB-TS1-INV03,AlarmWorkState2-Fault,2006,Alarm,2026-03-13T09:44:30.7000000Z,,0.0,Fault
SKB-TS1-INV03,AlarmWorkState2-TotalFaultBit,2012,Alarm,2026-03-13T09:44:30.7000000Z,,0.0,TotalFaultBit
SKB-TS1-INV08,AlarmWorkState2-TotalFaultBit,2012,Alarm,2026-03-13T09:44:31.5050000Z,,0.0,TotalFaultBit
SKB-TS1-INV08,AlarmWorkState2-Fault,2006,Alarm,2026-03-13T09:44:31.5050000Z,,0.0,Fault
SKB-TS1-INV07,AlarmWorkState2-Fault,2006,Alarm,2026-03-13T09:44:33.1530000Z,,0.0,Fault
SKB-TS1-INV07,AlarmWorkState2-TotalFaultBit,2012,Alarm,2026-03-13T09:44:33.1530000Z,,0.0,TotalFaultBit
SKB-TS1-INV02,AlarmWorkState2-Fault,2006,Alarm,2026-03-13T09:44:33.8580000Z,,0.0,Fault
SKB-TS1-INV02,AlarmWorkState2-TotalFaultBit,2012,Alarm,2026-03-13T09:44:33.8580000Z,,0.0,TotalFaultBit
SKB-TS1-INV06,AlarmWorkState2-TotalFaultBit,2012,Alarm,2026-03-13T09:44:35.8190000Z,2026-04-08T13:57:06.5850000Z,0.0,TotalFaultBit
SKB-TS1-INV06,AlarmWorkState2-Fault,2006,Alarm,2026-03-13T09:44:35.8190000Z,2026-04-08T13:57:06.5850000Z,0.0,Fault
SKB-TS1-INV01,AlarmWorkState2-Fault,2006,Alarm,2026-03-13T09:44:41.4260000Z,,0.0,Fault
SKB-TS1-INV01,AlarmWorkState2-TotalFaultBit,2012,Alarm,2026-03-13T09:44:41.4260000Z,,0.0,TotalFaultBit
SKB-TS1-INV03,AlarmWorkState2-TotalFaultBit,2012,Alarm,2026-03-13T09:44:42.4250000Z,2026-04-23T11:51:01.6070000Z,0.0,TotalFaultBit
SKB-TS1-INV03,AlarmWorkState2-Fault,2006,Alarm,2026-03-13T09:44:42.4250000Z,2026-04-23T11:51:01.6070000Z,0.0,Fault
SKB-TS1-INV08,AlarmWorkState2-Fault,2006,Alarm,2026-03-13T09:44:43.1640000Z,2026-04-08T13:57:06.0610000Z,0.0,Fault
SKB-TS1-INV08,AlarmWorkState2-TotalFaultBit,2012,Alarm,2026-03-13T09:44:43.1640000Z,2026-04-08T13:57:06.0610000Z,0.0,TotalFaultBit
SKB-TS1-INV02,AlarmWorkState2-Fault,2006,Alarm,2026-03-13T09:44:44.9760000Z,,0.0,Fault
SKB-TS1-INV02,AlarmWorkState2-TotalFaultBit,2012,Alarm,2026-03-13T09:44:44.9760000Z,,0.0,TotalFaultBit
SKB-TS2-INV01,AlarmWorkState2-TotalFaultBit,2012,Alarm,2026-03-13T09:45:11.6560000Z,2026-04-08T14:04:03.1870000Z,0.0,TotalFaultBit
SKB-TS2-INV01,AlarmWorkState2-Fault,2006,Alarm,2026-03-13T09:45:11.6560000Z,2026-04-08T14:04:03.1870000Z,0.0,Fault
SKB-TS2-INV05,AlarmWorkState2-Fault,2006,Alarm,2026-03-13T09:45:13.5930000Z,,0.0,Fault
SKB-TS2-INV05,AlarmWorkState2-TotalFaultBit,2012,Alarm,2026-03-13T09:45:13.5930000Z,,0.0,TotalFaultBit
SKB-TS2-INV02,AlarmWorkState2-Fault,2006,Alarm,2026-03-13T09:45:16.5980000Z,,0.0,Fault
SKB-TS2-INV02,AlarmWorkState2-TotalFaultBit,2012,Alarm,2026-03-13T09:45:16.5980000Z,,0.0,TotalFaultBit
SKB-TS2-INV03,AlarmWorkState2-Fault,2006,Alarm,2026-03-13T09:45:19.3560000Z,,0.0,Fault
SKB-TS2-INV03,AlarmWorkState2-TotalFaultBit,2012,Alarm,2026-03-13T09:45:19.3560000Z,,0.0,TotalFaultBit
SKB-TS1-INV07,AlarmWorkState2-Fault,2006,Alarm,2026-03-13T09:45:19.3670000Z,,0.0,Fault
SKB-TS1-INV07,AlarmWorkState2-TotalFaultBit,2012,Alarm,2026-03-13T09:45:19.3670000Z,,0.0,TotalFaultBit
SKB-TS2-INV07,AlarmWorkState2-TotalFaultBit,2012,Alarm,2026-03-13T09:45:21.0100000Z,2026-04-08T14:04:04.3950000Z,0.0,TotalFaultBit
SKB-TS2-INV07,AlarmWorkState2-Fault,2006,Alarm,2026-03-13T09:45:21.0100000Z,2026-04-08T14:04:04.3950000Z,0.0,Fault
SKB-TS2-INV04,AlarmWorkState2-Fault,2006,Alarm,2026-03-13T09:45:23.8490000Z,,0.0,Fault
SKB-TS2-INV04,AlarmWorkState2-TotalFaultBit,2012,Alarm,2026-03-13T09:45:23.8490000Z,,0.0,TotalFaultBit
SKB-TS2-INV08,AlarmWorkState1-DispatchRun,1004,Alarm,2026-03-16T05:29:27.2560000Z,2026-03-16T05:29:54.0830000Z,0.0,DispatchRun
SKB-TS1-INV02,AlarmWorkState1-AlarmRun,1001,Alarm,2026-03-19T07:26:58.2130000Z,2026-03-19T07:33:26.1250000Z,0.0,AlarmRun
SKB-TS2-INV01,AlarmWorkState1-DispatchRun,1004,Alarm,2026-03-19T10:03:54.7170000Z,2026-03-19T10:05:54.6670000Z,0.0,DispatchRun
SKB-TS1-INV01,AlarmWorkState1-DispatchRun,1004,Alarm,2026-03-19T10:03:54.8330000Z,2026-03-19T10:05:55.6900000Z,0.0,DispatchRun
SKB-TS2-INV05,AlarmWorkState1-DispatchRun,1004,Alarm,2026-03-19T10:03:54.8660000Z,2026-03-19T10:05:56.6680000Z,0.0,DispatchRun
SKB-TS1-INV03,AlarmWorkState1-DispatchRun,1004,Alarm,2026-03-19T10:03:54.9150000Z,2026-03-19T10:05:56.8160000Z,0.0,DispatchRun
SKB-TS2-INV06,AlarmWorkState1-DispatchRun,1004,Alarm,2026-03-19T10:03:54.9280000Z,2026-03-19T10:05:56.7390000Z,0.0,DispatchRun
SKB-TS1-INV08,AlarmWorkState1-DispatchRun,1004,Alarm,2026-03-19T10:03:55.0200000Z,2026-03-19T10:05:57.2600000Z,0.0,DispatchRun
SKB-TS2-INV02,AlarmWorkState1-DispatchRun,1004,Alarm,2026-03-19T10:03:55.0240000Z,2026-03-19T10:05:57.0810000Z,0.0,DispatchRun
SKB-TS2-INV03,AlarmWorkState1-DispatchRun,1004,Alarm,2026-03-19T10:03:55.0930000Z,2026-03-19T10:05:57.4920000Z,0.0,DispatchRun
SKB-TS1-INV04,AlarmWorkState1-DispatchRun,1004,Alarm,2026-03-19T10:03:55.1060000Z,2026-03-19T10:05:57.5460000Z,0.0,DispatchRun
SKB-TS2-INV07,AlarmWorkState1-DispatchRun,1004,Alarm,2026-03-19T10:03:55.1880000Z,2026-03-19T10:05:57.6330000Z,0.0,DispatchRun
SKB-TS1-INV07,AlarmWorkState1-DispatchRun,1004,Alarm,2026-03-19T10:03:55.2090000Z,2026-03-19T10:05:57.6730000Z,0.0,DispatchRun
SKB-TS2-INV08,AlarmWorkState1-DispatchRun,1004,Alarm,2026-03-19T10:03:55.3140000Z,2026-03-19T10:05:57.7260000Z,0.0,DispatchRun
SKB-TS1-INV02,AlarmWorkState1-DispatchRun,1004,Alarm,2026-03-19T10:03:55.3220000Z,2026-03-19T10:05:57.7520000Z,0.0,DispatchRun
SKB-TS2-INV04,AlarmWorkState1-DispatchRun,1004,Alarm,2026-03-19T10:03:55.3700000Z,2026-03-19T10:05:57.8230000Z,0.0,DispatchRun
SKB-TS1-INV05,AlarmWorkState1-DispatchRun,1004,Alarm,2026-03-19T10:03:55.4270000Z,2026-03-19T10:05:57.8330000Z,0.0,DispatchRun
SKB-TS1-INV06,AlarmWorkState1-DispatchRun,1004,Alarm,2026-03-19T10:03:55.5230000Z,2026-03-19T10:04:56.1000000Z,0.0,DispatchRun
SKB-TS1-INV06,AlarmWorkState1-DispatchRun,1004,Alarm,2026-03-19T10:05:28.8750000Z,2026-03-19T10:05:57.9340000Z,0.0,DispatchRun
SKB-TS2-INV05,AlarmWorkState1-DispatchRun,1004,Alarm,2026-03-19T10:06:56.3650000Z,2026-03-19T10:08:56.5660000Z,0.0,DispatchRun
SKB-TS1-INV01,AlarmWorkState1-DispatchRun,1004,Alarm,2026-03-19T10:06:57.4550000Z,2026-03-19T10:08:56.5440000Z,0.0,DispatchRun
SKB-TS2-INV06,AlarmWorkState1-DispatchRun,1004,Alarm,2026-03-19T10:06:57.5660000Z,2026-03-19T10:08:56.6870000Z,0.0,DispatchRun
SKB-TS1-INV03,AlarmWorkState1-DispatchRun,1004,Alarm,2026-03-19T10:06:57.6140000Z,2026-03-19T10:08:56.6890000Z,0.0,DispatchRun
SKB-TS2-INV02,AlarmWorkState1-DispatchRun,1004,Alarm,2026-03-19T10:06:57.6210000Z,2026-03-19T10:08:56.7620000Z,0.0,DispatchRun
SKB-TS1-INV08,AlarmWorkState1-DispatchRun,1004,Alarm,2026-03-19T10:06:57.7340000Z,2026-03-19T10:08:56.7660000Z,0.0,DispatchRun
SKB-TS2-INV03,AlarmWorkState1-DispatchRun,1004,Alarm,2026-03-19T10:06:57.7400000Z,2026-03-19T10:08:56.8140000Z,0.0,DispatchRun
SKB-TS2-INV07,AlarmWorkState1-DispatchRun,1004,Alarm,2026-03-19T10:06:57.8270000Z,2026-03-19T10:08:56.9370000Z,0.0,DispatchRun
SKB-TS1-INV04,AlarmWorkState1-DispatchRun,1004,Alarm,2026-03-19T10:06:57.8290000Z,2026-03-19T10:08:56.8570000Z,0.0,DispatchRun
SKB-TS2-INV08,AlarmWorkState1-DispatchRun,1004,Alarm,2026-03-19T10:06:57.8960000Z,2026-03-19T10:08:57.0410000Z,0.0,DispatchRun
SKB-TS1-INV07,AlarmWorkState1-DispatchRun,1004,Alarm,2026-03-19T10:06:57.8980000Z,2026-03-19T10:08:56.9610000Z,0.0,DispatchRun
SKB-TS2-INV04,AlarmWorkState1-DispatchRun,1004,Alarm,2026-03-19T10:06:58.0240000Z,2026-03-19T10:08:57.0780000Z,0.0,DispatchRun
SKB-TS1-INV02,AlarmWorkState1-DispatchRun,1004,Alarm,2026-03-19T10:06:58.0260000Z,2026-03-19T10:08:57.0620000Z,0.0,DispatchRun
SKB-TS1-INV05,AlarmWorkState1-DispatchRun,1004,Alarm,2026-03-19T10:06:58.1030000Z,2026-03-19T10:08:57.1070000Z,0.0,DispatchRun
SKB-TS1-INV06,AlarmWorkState1-DispatchRun,1004,Alarm,2026-03-19T10:06:58.2160000Z,2026-03-19T10:08:57.2610000Z,0.0,DispatchRun
SKB-TS2-INV01,AlarmWorkState1-DispatchRun,1004,Alarm,2026-03-19T10:07:24.7000000Z,2026-03-19T10:16:24.8070000Z,0.0,DispatchRun
SKB-TS1-INV03,AlarmWorkState1-DispatchRun,1004,Alarm,2026-03-19T10:09:26.4520000Z,2026-03-19T10:16:24.9550000Z,0.0,DispatchRun
SKB-TS2-INV06,AlarmWorkState1-DispatchRun,1004,Alarm,2026-03-19T10:09:26.6990000Z,2026-03-19T10:16:24.9960000Z,0.0,DispatchRun
SKB-TS1-INV08,AlarmWorkState1-DispatchRun,1004,Alarm,2026-03-19T10:09:26.7200000Z,2026-03-19T10:16:25.0540000Z,0.0,DispatchRun
SKB-TS2-INV02,AlarmWorkState1-DispatchRun,1004,Alarm,2026-03-19T10:09:26.9600000Z,2026-03-19T10:16:25.1080000Z,0.0,DispatchRun
SKB-TS1-INV04,AlarmWorkState1-DispatchRun,1004,Alarm,2026-03-19T10:09:27.0900000Z,2026-03-19T12:09:58.0430000Z,0.0,DispatchRun
SKB-TS2-INV03,AlarmWorkState1-DispatchRun,1004,Alarm,2026-03-19T10:09:27.2880000Z,2026-03-19T10:16:25.2250000Z,0.0,DispatchRun
SKB-TS1-INV07,AlarmWorkState1-DispatchRun,1004,Alarm,2026-03-19T10:09:27.3880000Z,2026-03-19T10:16:25.2670000Z,0.0,DispatchRun
SKB-TS1-INV02,AlarmWorkState1-DispatchRun,1004,Alarm,2026-03-19T10:09:27.4720000Z,2026-03-19T10:16:25.3750000Z,0.0,DispatchRun
SKB-TS2-INV08,AlarmWorkState1-DispatchRun,1004,Alarm,2026-03-19T10:09:27.5000000Z,2026-03-19T12:03:27.0750000Z,0.0,DispatchRun
SKB-TS1-INV05,AlarmWorkState1-DispatchRun,1004,Alarm,2026-03-19T10:09:27.5480000Z,2026-03-19T10:16:25.5110000Z,0.0,DispatchRun
SKB-TS2-INV04,AlarmWorkState1-DispatchRun,1004,Alarm,2026-03-19T10:09:27.5580000Z,2026-03-19T10:16:25.5890000Z,0.0,DispatchRun
SKB-TS1-INV01,AlarmWorkState1-DispatchRun,1004,Alarm,2026-03-19T10:09:57.3850000Z,2026-03-19T10:16:24.8490000Z,0.0,DispatchRun
SKB-TS2-INV05,AlarmWorkState1-DispatchRun,1004,Alarm,2026-03-19T10:09:57.4280000Z,2026-03-19T10:16:24.9420000Z,0.0,DispatchRun
SKB-TS2-INV07,AlarmWorkState1-DispatchRun,1004,Alarm,2026-03-19T10:15:26.2500000Z,2026-03-19T10:16:25.3480000Z,0.0,DispatchRun
SKB-TS1-INV06,AlarmWorkState1-DispatchRun,1004,Alarm,2026-03-19T10:15:26.4390000Z,2026-03-19T10:16:25.6160000Z,0.0,DispatchRun
SKB-TS2-INV01,AlarmWorkState1-DispatchRun,1004,Alarm,2026-03-19T10:16:56.4060000Z,2026-03-19T12:09:57.7000000Z,0.0,DispatchRun
SKB-TS2-INV05,AlarmWorkState1-DispatchRun,1004,Alarm,2026-03-19T10:16:57.2530000Z,2026-03-19T12:09:26.0040000Z,0.0,DispatchRun
SKB-TS1-INV01,AlarmWorkState1-DispatchRun,1004,Alarm,2026-03-19T10:16:58.2120000Z,2026-03-19T12:09:56.7610000Z,0.0,DispatchRun
SKB-TS2-INV06,AlarmWorkState1-DispatchRun,1004,Alarm,2026-03-19T10:16:59.2580000Z,2026-03-19T12:09:57.9590000Z,0.0,DispatchRun
SKB-TS1-INV03,AlarmWorkState1-DispatchRun,1004,Alarm,2026-03-19T10:16:59.3160000Z,2026-03-19T12:09:57.8820000Z,0.0,DispatchRun
SKB-TS2-INV02,AlarmWorkState1-DispatchRun,1004,Alarm,2026-03-19T10:16:59.3910000Z,2026-03-19T12:09:58.0800000Z,0.0,DispatchRun
SKB-TS1-INV08,AlarmWorkState1-DispatchRun,1004,Alarm,2026-03-19T10:16:59.3960000Z,2026-03-19T12:09:57.9370000Z,0.0,DispatchRun
SKB-TS2-INV03,AlarmWorkState1-DispatchRun,1004,Alarm,2026-03-19T10:16:59.4590000Z,2026-03-19T12:09:58.1780000Z,0.0,DispatchRun
SKB-TS1-INV07,AlarmWorkState1-DispatchRun,1004,Alarm,2026-03-19T10:16:59.6040000Z,2026-03-19T12:09:58.1660000Z,0.0,DispatchRun
SKB-TS1-INV02,AlarmWorkState1-DispatchRun,1004,Alarm,2026-03-19T10:16:59.6970000Z,2026-03-19T11:57:26.9460000Z,0.0,DispatchRun
SKB-TS1-INV05,AlarmWorkState1-DispatchRun,1004,Alarm,2026-03-19T10:16:59.7960000Z,2026-03-19T12:09:58.3870000Z,0.0,DispatchRun
SKB-TS2-INV04,AlarmWorkState1-DispatchRun,1004,Alarm,2026-03-19T10:16:59.7970000Z,2026-03-19T12:09:58.4870000Z,0.0,DispatchRun
SKB-TS1-INV02,AlarmWorkState1-AlarmRun,1001,Alarm,2026-03-19T11:57:26.9460000Z,2026-03-19T13:24:57.0610000Z,0.0,AlarmRun
SKB-TS2-INV08,AlarmWorkState1-DispatchRun,1004,Alarm,2026-03-19T12:03:55.4090000Z,2026-03-19T12:04:57.1960000Z,0.0,DispatchRun
SKB-TS2-INV08,AlarmWorkState1-DispatchRun,1004,Alarm,2026-03-19T12:05:58.0320000Z,2026-03-19T12:06:58.5760000Z,0.0,DispatchRun
SKB-TS1-INV02,AlarmWorkState1-AlarmRun,1001,Alarm,2026-03-19T13:38:28.5690000Z,2026-03-19T13:40:56.7920000Z,0.0,AlarmRun
SKB-TS1-INV02,AlarmWorkState1-AlarmRun,1001,Alarm,2026-03-19T13:59:58.4270000Z,2026-03-19T14:04:59.2140000Z,0.0,AlarmRun
SKB-TS1-INV02,AlarmWorkState1-AlarmRun,1001,Alarm,2026-03-19T14:17:55.5120000Z,2026-03-19T14:58:26.3140000Z,0.0,AlarmRun
SKB-TS2-INV06,AlarmWorkState1-DispatchRun,1004,Alarm,2026-03-20T05:10:55.3590000Z,2026-03-20T05:11:25.5900000Z,0.0,DispatchRun
SKB-TS1-INV02,AlarmWorkState1-AlarmRun,1001,Alarm,2026-03-20T08:40:28.7890000Z,2026-03-20T11:00:56.9650000Z,0.0,AlarmRun
SKB-TS2-INV01,AlarmWorkState1-DispatchRun,1004,Alarm,2026-03-20T10:42:57.5640000Z,2026-03-20T10:43:25.2060000Z,0.0,DispatchRun
SKB-TS1-INV01,AlarmWorkState1-DispatchRun,1004,Alarm,2026-03-20T10:42:59.3980000Z,2026-03-20T10:43:25.3620000Z,0.0,DispatchRun
SKB-TS2-INV05,AlarmWorkState1-DispatchRun,1004,Alarm,2026-03-20T10:42:59.4420000Z,2026-03-20T10:43:25.4090000Z,0.0,DispatchRun
SKB-TS1-INV03,AlarmWorkState1-DispatchRun,1004,Alarm,2026-03-20T10:42:59.5460000Z,2026-03-20T10:43:25.4860000Z,0.0,DispatchRun
SKB-TS2-INV06,AlarmWorkState1-DispatchRun,1004,Alarm,2026-03-20T10:42:59.5760000Z,2026-03-20T10:43:25.5130000Z,0.0,DispatchRun
SKB-TS1-INV08,AlarmWorkState1-DispatchRun,1004,Alarm,2026-03-20T10:42:59.6320000Z,2026-03-20T10:43:25.5890000Z,0.0,DispatchRun
SKB-TS2-INV02,AlarmWorkState1-DispatchRun,1004,Alarm,2026-03-20T10:42:59.6400000Z,2026-03-20T10:43:25.6270000Z,0.0,DispatchRun
SKB-TS2-INV03,AlarmWorkState1-DispatchRun,1004,Alarm,2026-03-20T10:42:59.6910000Z,2026-03-20T10:43:25.7530000Z,0.0,DispatchRun
SKB-TS1-INV04,AlarmWorkState1-DispatchRun,1004,Alarm,2026-03-20T10:42:59.6930000Z,2026-03-20T10:43:25.7450000Z,0.0,DispatchRun
SKB-TS1-INV07,AlarmWorkState1-DispatchRun,1004,Alarm,2026-03-20T10:42:59.8080000Z,2026-03-20T10:43:25.8390000Z,0.0,DispatchRun
SKB-TS2-INV08,AlarmWorkState1-DispatchRun,1004,Alarm,2026-03-20T10:42:59.8710000Z,2026-03-20T10:43:25.9880000Z,0.0,DispatchRun
SKB-TS2-INV04,AlarmWorkState1-DispatchRun,1004,Alarm,2026-03-20T10:42:59.9910000Z,2026-03-20T10:43:26.0720000Z,0.0,DispatchRun
SKB-TS1-INV05,AlarmWorkState1-DispatchRun,1004,Alarm,2026-03-20T10:43:00.0070000Z,2026-03-20T10:43:26.0730000Z,0.0,DispatchRun
SKB-TS2-INV01,AlarmWorkState1-DispatchRun,1004,Alarm,2026-03-20T10:56:25.1620000Z,2026-03-20T10:57:25.1580000Z,0.0,DispatchRun
SKB-TS2-INV05,AlarmWorkState1-DispatchRun,1004,Alarm,2026-03-20T10:56:27.2660000Z,2026-03-20T10:56:58.1040000Z,0.0,DispatchRun
SKB-TS1-INV01,AlarmWorkState1-DispatchRun,1004,Alarm,2026-03-20T10:56:27.2690000Z,2026-03-20T10:57:28.0890000Z,0.0,DispatchRun
SKB-TS2-INV06,AlarmWorkState1-DispatchRun,1004,Alarm,2026-03-20T10:56:27.4010000Z,2026-03-20T10:56:58.3270000Z,0.0,DispatchRun
SKB-TS1-INV03,AlarmWorkState1-DispatchRun,1004,Alarm,2026-03-20T10:56:27.4030000Z,2026-03-20T10:56:58.3960000Z,0.0,DispatchRun
SKB-TS2-INV02,AlarmWorkState1-DispatchRun,1004,Alarm,2026-03-20T10:56:27.5050000Z,2026-03-20T10:56:58.4430000Z,0.0,DispatchRun
SKB-TS1-INV08,AlarmWorkState1-DispatchRun,1004,Alarm,2026-03-20T10:56:27.5070000Z,2026-03-20T10:56:58.4970000Z,0.0,DispatchRun
SKB-TS2-INV03,AlarmWorkState1-DispatchRun,1004,Alarm,2026-03-20T10:56:27.6330000Z,2026-03-20T10:56:58.5560000Z,0.0,DispatchRun
SKB-TS1-INV04,AlarmWorkState1-DispatchRun,1004,Alarm,2026-03-20T10:56:27.6340000Z,2026-03-20T10:56:58.6210000Z,0.0,DispatchRun
SKB-TS1-INV07,AlarmWorkState1-DispatchRun,1004,Alarm,2026-03-20T10:56:27.6940000Z,2026-03-20T10:56:58.7500000Z,0.0,DispatchRun
SKB-TS2-INV04,AlarmWorkState1-DispatchRun,1004,Alarm,2026-03-20T10:56:27.8490000Z,2026-03-20T10:56:58.8910000Z,0.0,DispatchRun
SKB-TS1-INV05,AlarmWorkState1-DispatchRun,1004,Alarm,2026-03-20T10:56:27.8500000Z,2026-03-20T10:56:58.9490000Z,0.0,DispatchRun
SKB-TS2-INV01,AlarmWorkState1-DispatchRun,1004,Alarm,2026-03-20T10:58:25.1990000Z,2026-03-20T10:59:26.7550000Z,0.0,DispatchRun
SKB-TS2-INV03,AlarmWorkState1-DispatchRun,1004,Alarm,2026-03-20T10:58:25.6890000Z,2026-03-20T10:59:27.2490000Z,0.0,DispatchRun
SKB-TS2-INV01,AlarmWorkState1-DispatchRun,1004,Alarm,2026-03-20T10:59:55.1290000Z,2026-03-20T11:01:25.1710000Z,0.0,DispatchRun
SKB-TS2-INV05,AlarmWorkState1-DispatchRun,1004,Alarm,2026-03-20T10:59:56.2550000Z,2026-03-20T11:01:25.3290000Z,0.0,DispatchRun
SKB-TS1-INV01,AlarmWorkState1-DispatchRun,1004,Alarm,2026-03-20T10:59:56.2560000Z,2026-03-20T11:01:25.3300000Z,0.0,DispatchRun
SKB-TS2-INV06,AlarmWorkState1-DispatchRun,1004,Alarm,2026-03-20T10:59:56.3090000Z,2026-03-20T11:01:25.4620000Z,0.0,DispatchRun
SKB-TS1-INV03,AlarmWorkState1-DispatchRun,1004,Alarm,2026-03-20T10:59:56.3100000Z,2026-03-20T11:01:25.4630000Z,0.0,DispatchRun
SKB-TS1-INV08,AlarmWorkState1-DispatchRun,1004,Alarm,2026-03-20T10:59:56.4320000Z,2026-03-20T11:01:25.6310000Z,0.0,DispatchRun
SKB-TS2-INV02,AlarmWorkState1-DispatchRun,1004,Alarm,2026-03-20T10:59:56.4330000Z,2026-03-20T11:01:25.6300000Z,0.0,DispatchRun
SKB-TS1-INV04,AlarmWorkState1-DispatchRun,1004,Alarm,2026-03-20T10:59:56.4930000Z,2026-03-20T11:01:25.7570000Z,0.0,DispatchRun
SKB-TS2-INV03,AlarmWorkState1-DispatchRun,1004,Alarm,2026-03-20T10:59:56.4990000Z,2026-03-20T11:01:25.7550000Z,0.0,DispatchRun
SKB-TS1-INV07,AlarmWorkState1-DispatchRun,1004,Alarm,2026-03-20T10:59:56.5640000Z,2026-03-20T11:01:25.8680000Z,0.0,DispatchRun
SKB-TS2-INV08,AlarmWorkState1-DispatchRun,1004,Alarm,2026-03-20T10:59:56.6630000Z,2026-03-20T11:00:25.9260000Z,0.0,DispatchRun
SKB-TS1-INV05,AlarmWorkState1-DispatchRun,1004,Alarm,2026-03-20T10:59:56.7340000Z,2026-03-20T11:01:26.1020000Z,0.0,DispatchRun
SKB-TS2-INV04,AlarmWorkState1-DispatchRun,1004,Alarm,2026-03-20T10:59:56.7400000Z,2026-03-20T11:01:26.1000000Z,0.0,DispatchRun
SKB-TS1-INV02,AlarmWorkState1-DispatchRun,1004,Alarm,2026-03-20T11:00:56.9650000Z,2026-03-20T11:01:25.9830000Z,0.0,DispatchRun
SKB-TS2-INV08,AlarmWorkState1-DispatchRun,1004,Alarm,2026-03-20T11:00:56.9980000Z,2026-03-20T11:01:25.9800000Z,0.0,DispatchRun
SKB-TS1-INV02,AlarmWorkState1-AlarmRun,1001,Alarm,2026-03-20T11:01:25.9830000Z,2026-03-20T11:06:27.5260000Z,0.0,AlarmRun
SKB-TS1-INV01,AlarmWorkState1-DispatchRun,1004,Alarm,2026-03-20T11:05:56.2010000Z,2026-03-20T11:27:28.2190000Z,0.0,DispatchRun
SKB-TS2-INV05,AlarmWorkState1-DispatchRun,1004,Alarm,2026-03-20T11:05:56.2110000Z,2026-03-20T11:27:28.2630000Z,0.0,DispatchRun
SKB-TS1-INV03,AlarmWorkState1-DispatchRun,1004,Alarm,2026-03-20T11:05:56.2700000Z,2026-03-20T11:27:28.3420000Z,0.0,DispatchRun
SKB-TS2-INV06,AlarmWorkState1-DispatchRun,1004,Alarm,2026-03-20T11:05:56.2840000Z,2026-03-20T11:27:28.3450000Z,0.0,DispatchRun
SKB-TS1-INV08,AlarmWorkState1-DispatchRun,1004,Alarm,2026-03-20T11:05:56.3870000Z,2026-03-20T11:27:28.4670000Z,0.0,DispatchRun
SKB-TS2-INV02,AlarmWorkState1-DispatchRun,1004,Alarm,2026-03-20T11:05:56.3920000Z,2026-03-20T11:27:28.4750000Z,0.0,DispatchRun
SKB-TS1-INV04,AlarmWorkState1-DispatchRun,1004,Alarm,2026-03-20T11:05:56.4210000Z,2026-03-20T11:27:28.5260000Z,0.0,DispatchRun
SKB-TS2-INV03,AlarmWorkState1-DispatchRun,1004,Alarm,2026-03-20T11:05:56.4460000Z,2026-03-20T11:27:28.5560000Z,0.0,DispatchRun
SKB-TS1-INV07,AlarmWorkState1-DispatchRun,1004,Alarm,2026-03-20T11:05:56.5300000Z,2026-03-20T11:27:28.6840000Z,0.0,DispatchRun
SKB-TS1-INV05,AlarmWorkState1-DispatchRun,1004,Alarm,2026-03-20T11:05:56.7050000Z,2026-03-20T11:27:28.9140000Z,0.0,DispatchRun
SKB-TS2-INV04,AlarmWorkState1-DispatchRun,1004,Alarm,2026-03-20T11:05:56.7180000Z,2026-03-20T11:27:28.9370000Z,0.0,DispatchRun
SKB-TS2-INV01,AlarmWorkState1-DispatchRun,1004,Alarm,2026-03-20T11:06:25.1870000Z,2026-03-20T11:27:25.1610000Z,0.0,DispatchRun
SKB-TS1-INV02,AlarmWorkState1-DispatchRun,1004,Alarm,2026-03-20T11:06:27.5260000Z,2026-03-20T11:27:28.7630000Z,0.0,DispatchRun
SKB-TS2-INV08,AlarmWorkState1-DispatchRun,1004,Alarm,2026-03-20T11:06:27.6260000Z,2026-03-20T11:27:28.7890000Z,0.0,DispatchRun
SKB-TS1-INV02,AlarmWorkState1-AlarmRun,1001,Alarm,2026-03-20T11:27:28.7630000Z,2026-03-20T11:27:58.5210000Z,0.0,AlarmRun
SKB-TS2-INV01,AlarmWorkState1-DispatchRun,1004,Alarm,2026-03-20T11:27:55.1550000Z,2026-03-20T11:28:26.4470000Z,0.0,DispatchRun
SKB-TS2-INV05,AlarmWorkState1-DispatchRun,1004,Alarm,2026-03-20T11:27:58.0960000Z,2026-03-20T11:28:26.6370000Z,0.0,DispatchRun
SKB-TS1-INV01,AlarmWorkState1-DispatchRun,1004,Alarm,2026-03-20T11:27:58.0980000Z,2026-03-20T11:28:27.6450000Z,0.0,DispatchRun
SKB-TS2-INV06,AlarmWorkState1-DispatchRun,1004,Alarm,2026-03-20T11:27:58.2170000Z,2026-03-20T11:28:27.5100000Z,0.0,DispatchRun
SKB-TS1-INV03,AlarmWorkState1-DispatchRun,1004,Alarm,2026-03-20T11:27:58.2190000Z,2026-03-20T11:28:27.7840000Z,0.0,DispatchRun
SKB-TS1-INV08,AlarmWorkState1-DispatchRun,1004,Alarm,2026-03-20T11:27:58.2590000Z,2026-03-20T11:28:27.8880000Z,0.0,DispatchRun
SKB-TS2-INV02,AlarmWorkState1-DispatchRun,1004,Alarm,2026-03-20T11:27:58.2610000Z,2026-03-20T11:28:27.6080000Z,0.0,DispatchRun
SKB-TS1-INV04,AlarmWorkState1-DispatchRun,1004,Alarm,2026-03-20T11:27:58.3030000Z,2026-03-20T11:28:28.0250000Z,0.0,DispatchRun
SKB-TS2-INV03,AlarmWorkState1-DispatchRun,1004,Alarm,2026-03-20T11:27:58.3050000Z,2026-03-20T11:28:27.7750000Z,0.0,DispatchRun
SKB-TS1-INV07,AlarmWorkState1-DispatchRun,1004,Alarm,2026-03-20T11:27:58.4220000Z,2026-03-20T11:28:28.1610000Z,0.0,DispatchRun
SKB-TS1-INV02,AlarmWorkState1-DispatchRun,1004,Alarm,2026-03-20T11:27:58.5210000Z,2026-03-20T11:28:28.2530000Z,0.0,DispatchRun
SKB-TS2-INV08,AlarmWorkState1-DispatchRun,1004,Alarm,2026-03-20T11:27:58.5240000Z,2026-03-20T11:28:28.0120000Z,0.0,DispatchRun
SKB-TS1-INV05,AlarmWorkState1-DispatchRun,1004,Alarm,2026-03-20T11:27:58.6720000Z,2026-03-20T11:28:28.3200000Z,0.0,DispatchRun
SKB-TS2-INV04,AlarmWorkState1-DispatchRun,1004,Alarm,2026-03-20T11:27:58.6730000Z,2026-03-20T11:28:28.1280000Z,0.0,DispatchRun
SKB-TS1-INV02,AlarmWorkState1-AlarmRun,1001,Alarm,2026-03-20T11:28:28.2530000Z,2026-03-20T11:30:29.0660000Z,0.0,AlarmRun
SKB-TS2-INV01,AlarmWorkState1-DispatchRun,1004,Alarm,2026-03-20T11:29:55.1820000Z,2026-03-20T11:37:55.1790000Z,0.0,DispatchRun
SKB-TS1-INV01,AlarmWorkState1-DispatchRun,1004,Alarm,2026-03-20T11:29:57.1140000Z,2026-03-20T11:37:26.8830000Z,0.0,DispatchRun
SKB-TS2-INV05,AlarmWorkState1-DispatchRun,1004,Alarm,2026-03-20T11:29:57.1870000Z,2026-03-20T11:37:28.0390000Z,0.0,DispatchRun
SKB-TS1-INV03,AlarmWorkState1-DispatchRun,1004,Alarm,2026-03-20T11:29:57.1980000Z,2026-03-20T11:37:27.9660000Z,0.0,DispatchRun
SKB-TS2-INV06,AlarmWorkState1-DispatchRun,1004,Alarm,2026-03-20T11:29:57.2600000Z,2026-03-20T11:37:28.2130000Z,0.0,DispatchRun
SKB-TS1-INV08,AlarmWorkState1-DispatchRun,1004,Alarm,2026-03-20T11:29:57.2700000Z,2026-03-20T11:37:28.0980000Z,0.0,DispatchRun
SKB-TS2-INV02,AlarmWorkState1-DispatchRun,1004,Alarm,2026-03-20T11:29:57.3410000Z,2026-03-20T11:37:58.1620000Z,0.0,DispatchRun
SKB-TS1-INV04,AlarmWorkState1-DispatchRun,1004,Alarm,2026-03-20T11:29:57.3480000Z,2026-03-20T11:37:28.2200000Z,0.0,DispatchRun
SKB-TS2-INV03,AlarmWorkState1-DispatchRun,1004,Alarm,2026-03-20T11:29:57.4090000Z,2026-03-20T11:37:28.4310000Z,0.0,DispatchRun
SKB-TS1-INV07,AlarmWorkState1-DispatchRun,1004,Alarm,2026-03-20T11:29:57.4140000Z,2026-03-20T11:37:28.3160000Z,0.0,DispatchRun
SKB-TS1-INV05,AlarmWorkState1-DispatchRun,1004,Alarm,2026-03-20T11:29:57.6640000Z,2026-03-20T11:37:28.4740000Z,0.0,DispatchRun
SKB-TS2-INV04,AlarmWorkState1-DispatchRun,1004,Alarm,2026-03-20T11:29:57.6760000Z,2026-03-20T11:37:28.7150000Z,0.0,DispatchRun
SKB-TS2-INV08,AlarmWorkState1-DispatchRun,1004,Alarm,2026-03-20T11:30:29.0160000Z,2026-03-20T11:37:28.5860000Z,0.0,DispatchRun
SKB-TS1-INV02,AlarmWorkState1-DispatchRun,1004,Alarm,2026-03-20T11:30:29.0660000Z,2026-03-20T11:37:28.4370000Z,0.0,DispatchRun
SKB-TS1-INV02,AlarmWorkState1-AlarmRun,1001,Alarm,2026-03-20T11:37:28.4370000Z,2026-03-20T15:00:01.3610000Z,0.0,AlarmRun
SKB-TS1-INV02,AlarmWorkState1-AlarmRun,1001,Alarm,2026-03-21T08:15:00.0870000Z,2026-03-21T08:45:58.8660000Z,0.0,AlarmRun
SKB-TS2-INV01,AlarmWorkState1-DispatchRun,1004,Alarm,2026-03-21T08:52:26.8410000Z,2026-03-21T08:53:55.7970000Z,0.0,DispatchRun
SKB-TS2-INV05,AlarmWorkState1-DispatchRun,1004,Alarm,2026-03-21T08:52:28.8730000Z,2026-03-21T08:53:56.0470000Z,0.0,DispatchRun
SKB-TS1-INV01,AlarmWorkState1-DispatchRun,1004,Alarm,2026-03-21T08:52:28.8750000Z,2026-03-21T08:53:55.8590000Z,0.0,DispatchRun
SKB-TS2-INV06,AlarmWorkState1-DispatchRun,1004,Alarm,2026-03-21T08:52:28.9830000Z,2026-03-21T08:53:56.2190000Z,0.0,DispatchRun
SKB-TS1-INV03,AlarmWorkState1-DispatchRun,1004,Alarm,2026-03-21T08:52:28.9840000Z,2026-03-21T08:53:56.0570000Z,0.0,DispatchRun
SKB-TS1-INV08,AlarmWorkState1-DispatchRun,1004,Alarm,2026-03-21T08:52:29.0940000Z,2026-03-21T08:53:56.2530000Z,0.0,DispatchRun
SKB-TS2-INV02,AlarmWorkState1-DispatchRun,1004,Alarm,2026-03-21T08:52:29.0960000Z,2026-03-21T08:53:56.3930000Z,0.0,DispatchRun
SKB-TS2-INV03,AlarmWorkState1-DispatchRun,1004,Alarm,2026-03-21T08:52:29.1330000Z,2026-03-21T08:53:56.5290000Z,0.0,DispatchRun
SKB-TS1-INV04,AlarmWorkState1-DispatchRun,1004,Alarm,2026-03-21T08:52:29.1350000Z,2026-03-21T08:53:56.4280000Z,0.0,DispatchRun
SKB-TS2-INV08,AlarmWorkState1-DispatchRun,1004,Alarm,2026-03-21T08:52:29.3420000Z,2026-03-21T08:53:56.7260000Z,0.0,DispatchRun
SKB-TS1-INV02,AlarmWorkState1-DispatchRun,1004,Alarm,2026-03-21T08:52:29.3430000Z,2026-03-21T08:53:56.5930000Z,0.0,DispatchRun
SKB-TS2-INV04,AlarmWorkState1-DispatchRun,1004,Alarm,2026-03-21T08:52:29.4270000Z,2026-03-21T08:53:56.8210000Z,0.0,DispatchRun
SKB-TS1-INV05,AlarmWorkState1-DispatchRun,1004,Alarm,2026-03-21T08:52:29.4280000Z,2026-03-21T08:53:56.7170000Z,0.0,DispatchRun
SKB-TS1-INV02,AlarmWorkState1-AlarmRun,1001,Alarm,2026-03-21T08:56:30.1420000Z,2026-03-21T09:02:27.4590000Z,0.0,AlarmRun
SKB-TS1-INV01,AlarmWorkState1-DispatchRun,1004,Alarm,2026-03-21T09:04:25.9030000Z,2026-03-21T09:04:56.5450000Z,0.0,DispatchRun
SKB-TS1-INV02,AlarmWorkState1-DispatchRun,1004,Alarm,2026-03-21T09:04:26.4350000Z,2026-03-21T09:04:57.0920000Z,0.0,DispatchRun
SKB-TS2-INV01,AlarmWorkState1-DispatchRun,1004,Alarm,2026-03-21T09:08:26.6340000Z,2026-03-21T09:16:58.7470000Z,0.0,DispatchRun
SKB-TS1-INV01,AlarmWorkState1-DispatchRun,1004,Alarm,2026-03-21T09:08:27.6770000Z,2026-03-21T09:16:58.7520000Z,0.0,DispatchRun
SKB-TS2-INV05,AlarmWorkState1-DispatchRun,1004,Alarm,2026-03-21T09:08:28.6380000Z,2026-03-21T09:16:58.9000000Z,0.0,DispatchRun
SKB-TS1-INV03,AlarmWorkState1-DispatchRun,1004,Alarm,2026-03-21T09:08:28.6950000Z,2026-03-21T09:16:58.9020000Z,0.0,DispatchRun
SKB-TS2-INV06,AlarmWorkState1-DispatchRun,1004,Alarm,2026-03-21T09:08:28.7050000Z,2026-03-21T09:16:58.9900000Z,0.0,DispatchRun
SKB-TS2-INV02,AlarmWorkState1-DispatchRun,1004,Alarm,2026-03-21T09:08:28.8400000Z,2026-03-21T09:16:59.0210000Z,0.0,DispatchRun
SKB-TS1-INV08,AlarmWorkState1-DispatchRun,1004,Alarm,2026-03-21T09:08:28.8430000Z,2026-03-21T09:16:58.9960000Z,0.0,DispatchRun
SKB-TS2-INV03,AlarmWorkState1-DispatchRun,1004,Alarm,2026-03-21T09:08:28.9490000Z,2026-03-21T09:16:59.0970000Z,0.0,DispatchRun
SKB-TS1-INV04,AlarmWorkState1-DispatchRun,1004,Alarm,2026-03-21T09:08:28.9500000Z,2026-03-21T09:16:59.0440000Z,0.0,DispatchRun
SKB-TS2-INV08,AlarmWorkState1-DispatchRun,1004,Alarm,2026-03-21T09:08:29.0850000Z,2026-03-21T09:16:59.2960000Z,0.0,DispatchRun
SKB-TS1-INV02,AlarmWorkState1-DispatchRun,1004,Alarm,2026-03-21T09:08:29.1120000Z,2026-03-21T09:16:59.2650000Z,0.0,DispatchRun
SKB-TS2-INV04,AlarmWorkState1-DispatchRun,1004,Alarm,2026-03-21T09:08:29.1470000Z,2026-03-21T09:16:59.4170000Z,0.0,DispatchRun
SKB-TS1-INV05,AlarmWorkState1-DispatchRun,1004,Alarm,2026-03-21T09:08:29.1860000Z,2026-03-21T09:16:59.3270000Z,0.0,DispatchRun
SKB-TS1-INV02,AlarmWorkState1-AlarmRun,1001,Alarm,2026-03-21T09:16:59.2650000Z,2026-03-21T09:18:57.8210000Z,0.0,AlarmRun
SKB-TS2-INV01,AlarmWorkState1-DispatchRun,1004,Alarm,2026-03-21T09:18:57.3430000Z,2026-03-21T09:21:27.3140000Z,0.0,DispatchRun
SKB-TS1-INV01,AlarmWorkState1-DispatchRun,1004,Alarm,2026-03-21T09:18:57.3970000Z,2026-03-21T09:21:28.3680000Z,0.0,DispatchRun
SKB-TS2-INV05,AlarmWorkState1-DispatchRun,1004,Alarm,2026-03-21T09:18:57.4730000Z,2026-03-21T09:21:28.4460000Z,0.0,DispatchRun
SKB-TS1-INV03,AlarmWorkState1-DispatchRun,1004,Alarm,2026-03-21T09:18:57.4770000Z,2026-03-21T09:21:28.4850000Z,0.0,DispatchRun
SKB-TS2-INV06,AlarmWorkState1-DispatchRun,1004,Alarm,2026-03-21T09:18:57.5380000Z,2026-03-21T09:21:28.5290000Z,0.0,DispatchRun
SKB-TS1-INV08,AlarmWorkState1-DispatchRun,1004,Alarm,2026-03-21T09:18:57.5730000Z,2026-03-21T09:21:28.6160000Z,0.0,DispatchRun
SKB-TS2-INV02,AlarmWorkState1-DispatchRun,1004,Alarm,2026-03-21T09:18:57.6020000Z,2026-03-21T09:21:28.6570000Z,0.0,DispatchRun
SKB-TS1-INV04,AlarmWorkState1-DispatchRun,1004,Alarm,2026-03-21T09:18:57.6310000Z,2026-03-21T09:21:28.6990000Z,0.0,DispatchRun
SKB-TS2-INV03,AlarmWorkState1-DispatchRun,1004,Alarm,2026-03-21T09:18:57.7060000Z,2026-03-21T09:21:28.7470000Z,0.0,DispatchRun
SKB-TS1-INV02,AlarmWorkState1-DispatchRun,1004,Alarm,2026-03-21T09:18:57.8210000Z,2026-03-21T09:21:28.9150000Z,0.0,DispatchRun
SKB-TS2-INV08,AlarmWorkState1-DispatchRun,1004,Alarm,2026-03-21T09:18:57.9140000Z,2026-03-21T09:21:28.9570000Z,0.0,DispatchRun
SKB-TS1-INV05,AlarmWorkState1-DispatchRun,1004,Alarm,2026-03-21T09:18:57.9540000Z,2026-03-21T09:21:29.0070000Z,0.0,DispatchRun
SKB-TS2-INV04,AlarmWorkState1-DispatchRun,1004,Alarm,2026-03-21T09:18:57.9880000Z,2026-03-21T09:21:29.0710000Z,0.0,DispatchRun
SKB-TS1-INV02,AlarmWorkState1-AlarmRun,1001,Alarm,2026-03-21T09:21:28.9150000Z,2026-03-21T09:21:59.4080000Z,0.0,AlarmRun
SKB-TS2-INV01,AlarmWorkState1-DispatchRun,1004,Alarm,2026-03-21T09:21:57.7350000Z,2026-03-21T09:23:57.3190000Z,0.0,DispatchRun
SKB-TS1-INV01,AlarmWorkState1-DispatchRun,1004,Alarm,2026-03-21T09:21:58.7560000Z,2026-03-21T09:23:57.3600000Z,0.0,DispatchRun
SKB-TS2-INV05,AlarmWorkState1-DispatchRun,1004,Alarm,2026-03-21T09:21:58.7720000Z,2026-03-21T09:23:57.4650000Z,0.0,DispatchRun
SKB-TS1-INV03,AlarmWorkState1-DispatchRun,1004,Alarm,2026-03-21T09:21:58.8760000Z,2026-03-21T09:23:57.4900000Z,0.0,DispatchRun
SKB-TS2-INV06,AlarmWorkState1-DispatchRun,1004,Alarm,2026-03-21T09:21:58.9270000Z,2026-03-21T09:23:57.5070000Z,0.0,DispatchRun
SKB-TS1-INV08,AlarmWorkState1-DispatchRun,1004,Alarm,2026-03-21T09:21:58.9880000Z,2026-03-21T09:23:57.5200000Z,0.0,DispatchRun
SKB-TS2-INV02,AlarmWorkState1-DispatchRun,1004,Alarm,2026-03-21T09:21:59.0340000Z,2026-03-21T09:23:57.6220000Z,0.0,DispatchRun
SKB-TS1-INV04,AlarmWorkState1-DispatchRun,1004,Alarm,2026-03-21T09:21:59.1590000Z,2026-03-21T09:23:57.6380000Z,0.0,DispatchRun
SKB-TS2-INV03,AlarmWorkState1-DispatchRun,1004,Alarm,2026-03-21T09:21:59.1680000Z,2026-03-21T09:23:57.7220000Z,0.0,DispatchRun
SKB-TS1-INV02,AlarmWorkState1-DispatchRun,1004,Alarm,2026-03-21T09:21:59.4080000Z,2026-03-21T09:23:57.8540000Z,0.0,DispatchRun
SKB-TS2-INV08,AlarmWorkState1-DispatchRun,1004,Alarm,2026-03-21T09:21:59.4170000Z,2026-03-21T09:23:57.9540000Z,0.0,DispatchRun
SKB-TS1-INV05,AlarmWorkState1-DispatchRun,1004,Alarm,2026-03-21T09:21:59.5230000Z,2026-03-21T09:23:57.9620000Z,0.0,DispatchRun
SKB-TS2-INV04,AlarmWorkState1-DispatchRun,1004,Alarm,2026-03-21T09:21:59.5470000Z,2026-03-21T09:23:57.9960000Z,0.0,DispatchRun
SKB-TS1-INV02,AlarmWorkState1-AlarmRun,1001,Alarm,2026-03-21T09:23:57.8540000Z,2026-03-21T09:25:58.8290000Z,0.0,AlarmRun
SKB-TS2-INV01,AlarmWorkState1-DispatchRun,1004,Alarm,2026-03-21T09:25:55.7500000Z,2026-03-21T09:26:26.7400000Z,0.0,DispatchRun
SKB-TS1-INV01,AlarmWorkState1-DispatchRun,1004,Alarm,2026-03-21T09:25:56.5870000Z,2026-03-21T09:26:27.8790000Z,0.0,DispatchRun
SKB-TS1-INV03,AlarmWorkState1-DispatchRun,1004,Alarm,2026-03-21T09:25:58.4540000Z,2026-03-21T09:26:27.9970000Z,0.0,DispatchRun
SKB-TS2-INV05,AlarmWorkState1-DispatchRun,1004,Alarm,2026-03-21T09:25:58.5240000Z,2026-03-21T09:26:27.7830000Z,0.0,DispatchRun
SKB-TS1-INV08,AlarmWorkState1-DispatchRun,1004,Alarm,2026-03-21T09:25:58.5310000Z,2026-03-21T09:26:28.1170000Z,0.0,DispatchRun
SKB-TS1-INV04,AlarmWorkState1-DispatchRun,1004,Alarm,2026-03-21T09:25:58.5930000Z,2026-03-21T09:26:28.2270000Z,0.0,DispatchRun
SKB-TS2-INV06,AlarmWorkState1-DispatchRun,1004,Alarm,2026-03-21T09:25:58.5950000Z,2026-03-21T09:26:27.9400000Z,0.0,DispatchRun
SKB-TS2-INV02,AlarmWorkState1-DispatchRun,1004,Alarm,2026-03-21T09:25:58.7330000Z,2026-03-21T09:26:28.0490000Z,0.0,DispatchRun
SKB-TS1-INV02,AlarmWorkState1-DispatchRun,1004,Alarm,2026-03-21T09:25:58.8290000Z,2026-03-21T09:26:28.4590000Z,0.0,DispatchRun
SKB-TS2-INV03,AlarmWorkState1-DispatchRun,1004,Alarm,2026-03-21T09:25:58.8310000Z,2026-03-21T09:26:28.1300000Z,0.0,DispatchRun
SKB-TS1-INV05,AlarmWorkState1-DispatchRun,1004,Alarm,2026-03-21T09:25:58.9710000Z,2026-03-21T09:26:28.6200000Z,0.0,DispatchRun
SKB-TS2-INV08,AlarmWorkState1-DispatchRun,1004,Alarm,2026-03-21T09:25:59.0250000Z,2026-03-21T09:26:28.3450000Z,0.0,DispatchRun
SKB-TS2-INV04,AlarmWorkState1-DispatchRun,1004,Alarm,2026-03-21T09:25:59.0550000Z,2026-03-21T09:26:28.4780000Z,0.0,DispatchRun
SKB-TS1-INV02,AlarmWorkState1-AlarmRun,1001,Alarm,2026-03-21T09:26:28.4590000Z,2026-03-21T09:26:57.2300000Z,0.0,AlarmRun
SKB-TS2-INV01,AlarmWorkState1-DispatchRun,1004,Alarm,2026-03-21T09:26:56.8110000Z,2026-03-21T09:27:26.6170000Z,0.0,DispatchRun
SKB-TS1-INV01,AlarmWorkState1-DispatchRun,1004,Alarm,2026-03-21T09:26:56.8510000Z,2026-03-21T09:27:27.6260000Z,0.0,DispatchRun
SKB-TS2-INV05,AlarmWorkState1-DispatchRun,1004,Alarm,2026-03-21T09:26:56.9580000Z,2026-03-21T09:27:27.6030000Z,0.0,DispatchRun
SKB-TS1-INV03,AlarmWorkState1-DispatchRun,1004,Alarm,2026-03-21T09:26:56.9680000Z,2026-03-21T09:27:27.7800000Z,0.0,DispatchRun
SKB-TS2-INV06,AlarmWorkState1-DispatchRun,1004,Alarm,2026-03-21T09:26:56.9940000Z,2026-03-21T09:27:27.7510000Z,0.0,DispatchRun
SKB-TS1-INV08,AlarmWorkState1-DispatchRun,1004,Alarm,2026-03-21T09:26:57.0060000Z,2026-03-21T09:27:27.8840000Z,0.0,DispatchRun
SKB-TS2-INV02,AlarmWorkState1-DispatchRun,1004,Alarm,2026-03-21T09:26:57.0720000Z,2026-03-21T09:27:27.8620000Z,0.0,DispatchRun
SKB-TS1-INV04,AlarmWorkState1-DispatchRun,1004,Alarm,2026-03-21T09:26:57.0890000Z,2026-03-21T09:27:28.0190000Z,0.0,DispatchRun
SKB-TS2-INV03,AlarmWorkState1-DispatchRun,1004,Alarm,2026-03-21T09:26:57.1550000Z,2026-03-21T09:27:27.9930000Z,0.0,DispatchRun
SKB-TS1-INV02,AlarmWorkState1-DispatchRun,1004,Alarm,2026-03-21T09:26:57.2300000Z,2026-03-21T09:27:28.1980000Z,0.0,DispatchRun
SKB-TS2-INV08,AlarmWorkState1-DispatchRun,1004,Alarm,2026-03-21T09:26:57.2970000Z,2026-03-21T09:27:28.1770000Z,0.0,DispatchRun
SKB-TS1-INV05,AlarmWorkState1-DispatchRun,1004,Alarm,2026-03-21T09:26:57.3310000Z,2026-03-21T09:27:28.3210000Z,0.0,DispatchRun
SKB-TS2-INV04,AlarmWorkState1-DispatchRun,1004,Alarm,2026-03-21T09:26:57.4380000Z,2026-03-21T09:27:28.3000000Z,0.0,DispatchRun
SKB-TS1-INV02,AlarmWorkState1-AlarmRun,1001,Alarm,2026-03-21T09:27:28.1980000Z,2026-03-21T09:48:59.8780000Z,0.0,AlarmRun
SKB-TS1-INV01,AlarmWorkState1-DispatchRun,1004,Alarm,2026-03-21T10:04:57.9490000Z,2026-03-21T10:14:55.9060000Z,0.0,DispatchRun
SKB-TS2-INV01,AlarmWorkState1-DispatchRun,1004,Alarm,2026-03-21T10:04:57.9700000Z,2026-03-21T10:14:55.8300000Z,0.0,DispatchRun
SKB-TS1-INV03,AlarmWorkState1-DispatchRun,1004,Alarm,2026-03-21T10:04:58.0970000Z,2026-03-21T10:14:56.0470000Z,0.0,DispatchRun
SKB-TS2-INV05,AlarmWorkState1-DispatchRun,1004,Alarm,2026-03-21T10:04:58.1110000Z,2026-03-21T10:14:55.9210000Z,0.0,DispatchRun
SKB-TS1-INV08,AlarmWorkState1-DispatchRun,1004,Alarm,2026-03-21T10:04:58.2320000Z,2026-03-21T10:06:59.0700000Z,0.0,DispatchRun
SKB-TS2-INV06,AlarmWorkState1-DispatchRun,1004,Alarm,2026-03-21T10:04:58.2370000Z,2026-03-21T10:14:56.0730000Z,0.0,DispatchRun
SKB-TS1-INV04,AlarmWorkState1-DispatchRun,1004,Alarm,2026-03-21T10:04:58.3410000Z,2026-03-21T10:14:56.2860000Z,0.0,DispatchRun
SKB-TS2-INV02,AlarmWorkState1-DispatchRun,1004,Alarm,2026-03-21T10:04:58.3520000Z,2026-03-21T10:14:56.1640000Z,0.0,DispatchRun
SKB-TS2-INV03,AlarmWorkState1-DispatchRun,1004,Alarm,2026-03-21T10:04:58.4510000Z,2026-03-21T10:14:56.2900000Z,0.0,DispatchRun
SKB-TS1-INV02,AlarmWorkState1-DispatchRun,1004,Alarm,2026-03-21T10:04:58.4920000Z,2026-03-21T10:14:56.4590000Z,0.0,DispatchRun
SKB-TS1-INV05,AlarmWorkState1-DispatchRun,1004,Alarm,2026-03-21T10:04:58.5370000Z,2026-03-21T10:14:56.5210000Z,0.0,DispatchRun
SKB-TS2-INV08,AlarmWorkState1-DispatchRun,1004,Alarm,2026-03-21T10:04:58.5630000Z,2026-03-21T10:14:56.4560000Z,0.0,DispatchRun
SKB-TS2-INV04,AlarmWorkState1-DispatchRun,1004,Alarm,2026-03-21T10:04:58.6350000Z,2026-03-21T10:14:56.5200000Z,0.0,DispatchRun
SKB-TS1-INV08,AlarmWorkState1-DispatchRun,1004,Alarm,2026-03-21T10:07:26.6470000Z,2026-03-21T10:14:56.1560000Z,0.0,DispatchRun
SKB-TS1-INV02,AlarmWorkState1-AlarmRun,1001,Alarm,2026-03-21T10:14:56.4590000Z,2026-03-21T10:16:00.1060000Z,0.0,AlarmRun
SKB-TS2-INV01,AlarmWorkState1-DispatchRun,1004,Alarm,2026-03-21T10:15:25.8140000Z,2026-03-21T10:16:56.5000000Z,0.0,DispatchRun
SKB-TS1-INV01,AlarmWorkState1-DispatchRun,1004,Alarm,2026-03-21T10:15:25.8910000Z,2026-03-21T10:17:00.6090000Z,0.0,DispatchRun
SKB-TS1-INV03,AlarmWorkState1-DispatchRun,1004,Alarm,2026-03-21T10:15:25.9830000Z,2026-03-21T10:17:00.7950000Z,0.0,DispatchRun
SKB-TS2-INV06,AlarmWorkState1-DispatchRun,1004,Alarm,2026-03-21T10:15:26.0150000Z,2026-03-21T10:17:00.6340000Z,0.0,DispatchRun
SKB-TS1-INV08,AlarmWorkState1-DispatchRun,1004,Alarm,2026-03-21T10:15:26.1350000Z,2026-03-21T10:17:01.0330000Z,0.0,DispatchRun
SKB-TS2-INV08,AlarmWorkState1-DispatchRun,1004,Alarm,2026-03-21T10:15:26.4940000Z,2026-03-21T10:17:01.3980000Z,0.0,DispatchRun
SKB-TS2-INV05,AlarmWorkState1-DispatchRun,1004,Alarm,2026-03-21T10:15:58.7420000Z,2026-03-21T10:16:59.5010000Z,0.0,DispatchRun
SKB-TS2-INV02,AlarmWorkState1-DispatchRun,1004,Alarm,2026-03-21T10:15:59.9070000Z,2026-03-21T10:17:00.8140000Z,0.0,DispatchRun
SKB-TS1-INV04,AlarmWorkState1-DispatchRun,1004,Alarm,2026-03-21T10:15:59.9260000Z,2026-03-21T10:17:01.2400000Z,0.0,DispatchRun
SKB-TS2-INV03,AlarmWorkState1-DispatchRun,1004,Alarm,2026-03-21T10:15:59.9820000Z,2026-03-21T10:17:01.0450000Z,0.0,DispatchRun
SKB-TS1-INV02,AlarmWorkState1-DispatchRun,1004,Alarm,2026-03-21T10:16:00.1060000Z,2026-03-21T10:17:01.6120000Z,0.0,DispatchRun
SKB-TS1-INV05,AlarmWorkState1-DispatchRun,1004,Alarm,2026-03-21T10:16:00.1870000Z,2026-03-21T10:17:01.7590000Z,0.0,DispatchRun
SKB-TS2-INV04,AlarmWorkState1-DispatchRun,1004,Alarm,2026-03-21T10:16:00.5850000Z,2026-03-21T10:17:01.5790000Z,0.0,DispatchRun
SKB-TS1-INV02,AlarmWorkState1-AlarmRun,1001,Alarm,2026-03-21T10:17:01.6120000Z,2026-03-21T10:17:57.4620000Z,0.0,AlarmRun
SKB-TS2-INV01,AlarmWorkState1-DispatchRun,1004,Alarm,2026-03-21T10:17:56.0560000Z,2026-03-21T10:24:55.7450000Z,0.0,DispatchRun
SKB-TS2-INV05,AlarmWorkState1-DispatchRun,1004,Alarm,2026-03-21T10:17:56.1240000Z,2026-03-21T10:24:59.4340000Z,0.0,DispatchRun
SKB-TS2-INV06,AlarmWorkState1-DispatchRun,1004,Alarm,2026-03-21T10:17:56.2410000Z,2026-03-21T10:24:59.5490000Z,0.0,DispatchRun
SKB-TS2-INV02,AlarmWorkState1-DispatchRun,1004,Alarm,2026-03-21T10:17:56.3330000Z,2026-03-21T10:24:59.6380000Z,0.0,DispatchRun
SKB-TS2-INV03,AlarmWorkState1-DispatchRun,1004,Alarm,2026-03-21T10:17:56.4070000Z,2026-03-21T10:24:59.7100000Z,0.0,DispatchRun
SKB-TS2-INV08,AlarmWorkState1-DispatchRun,1004,Alarm,2026-03-21T10:17:56.5590000Z,2026-03-21T10:24:59.8470000Z,0.0,DispatchRun
SKB-TS2-INV04,AlarmWorkState1-DispatchRun,1004,Alarm,2026-03-21T10:17:56.6210000Z,2026-03-21T10:24:59.9350000Z,0.0,DispatchRun
SKB-TS1-INV01,AlarmWorkState1-DispatchRun,1004,Alarm,2026-03-21T10:17:57.1230000Z,2026-03-21T10:24:59.4920000Z,0.0,DispatchRun
SKB-TS1-INV03,AlarmWorkState1-DispatchRun,1004,Alarm,2026-03-21T10:17:57.2070000Z,2026-03-21T10:24:59.6300000Z,0.0,DispatchRun
SKB-TS1-INV08,AlarmWorkState1-DispatchRun,1004,Alarm,2026-03-21T10:17:57.3010000Z,2026-03-21T10:24:59.6750000Z,0.0,DispatchRun
SKB-TS1-INV04,AlarmWorkState1-DispatchRun,1004,Alarm,2026-03-21T10:17:57.4050000Z,2026-03-21T10:24:59.7510000Z,0.0,DispatchRun
SKB-TS1-INV02,AlarmWorkState1-DispatchRun,1004,Alarm,2026-03-21T10:17:57.4620000Z,2026-03-21T10:24:59.8970000Z,0.0,DispatchRun
SKB-TS1-INV05,AlarmWorkState1-DispatchRun,1004,Alarm,2026-03-21T10:17:57.4810000Z,2026-03-21T10:24:59.9570000Z,0.0,DispatchRun
SKB-TS1-INV02,AlarmWorkState1-AlarmRun,1001,Alarm,2026-03-21T10:24:59.8970000Z,2026-03-21T10:26:00.0830000Z,0.0,AlarmRun
SKB-TS2-INV01,AlarmWorkState1-DispatchRun,1004,Alarm,2026-03-21T10:25:57.6340000Z,2026-03-21T10:26:25.7510000Z,0.0,DispatchRun
SKB-TS1-INV01,AlarmWorkState1-DispatchRun,1004,Alarm,2026-03-21T10:25:58.6360000Z,2026-03-21T10:26:27.1420000Z,0.0,DispatchRun
SKB-TS1-INV03,AlarmWorkState1-DispatchRun,1004,Alarm,2026-03-21T10:25:59.6460000Z,2026-03-21T10:26:27.2690000Z,0.0,DispatchRun
SKB-TS2-INV05,AlarmWorkState1-DispatchRun,1004,Alarm,2026-03-21T10:25:59.6500000Z,2026-03-21T10:26:27.0540000Z,0.0,DispatchRun
SKB-TS1-INV08,AlarmWorkState1-DispatchRun,1004,Alarm,2026-03-21T10:25:59.7170000Z,2026-03-21T10:26:27.4170000Z,0.0,DispatchRun
SKB-TS2-INV06,AlarmWorkState1-DispatchRun,1004,Alarm,2026-03-21T10:25:59.7190000Z,2026-03-21T10:26:27.2120000Z,0.0,DispatchRun
SKB-TS1-INV04,AlarmWorkState1-DispatchRun,1004,Alarm,2026-03-21T10:25:59.8740000Z,2026-03-21T10:26:27.4880000Z,0.0,DispatchRun
SKB-TS2-INV02,AlarmWorkState1-DispatchRun,1004,Alarm,2026-03-21T10:25:59.8750000Z,2026-03-21T10:26:27.3540000Z,0.0,DispatchRun
SKB-TS2-INV03,AlarmWorkState1-DispatchRun,1004,Alarm,2026-03-21T10:26:00.0140000Z,2026-03-21T10:26:27.4460000Z,0.0,DispatchRun
SKB-TS1-INV02,AlarmWorkState1-DispatchRun,1004,Alarm,2026-03-21T10:26:00.0830000Z,2026-03-21T10:26:27.6940000Z,0.0,DispatchRun
SKB-TS1-INV05,AlarmWorkState1-DispatchRun,1004,Alarm,2026-03-21T10:26:00.1950000Z,2026-03-21T10:26:27.7760000Z,0.0,DispatchRun
SKB-TS2-INV08,AlarmWorkState1-DispatchRun,1004,Alarm,2026-03-21T10:26:00.1960000Z,2026-03-21T10:26:27.6480000Z,0.0,DispatchRun
SKB-TS2-INV04,AlarmWorkState1-DispatchRun,1004,Alarm,2026-03-21T10:26:00.5500000Z,2026-03-21T10:26:27.7330000Z,0.0,DispatchRun
SKB-TS1-INV02,AlarmWorkState1-AlarmRun,1001,Alarm,2026-03-21T10:26:27.6940000Z,2026-03-21T10:29:27.2770000Z,0.0,AlarmRun
SKB-TS2-INV01,AlarmWorkState1-DispatchRun,1004,Alarm,2026-03-21T10:29:26.6750000Z,2026-03-21T10:30:25.7400000Z,0.0,DispatchRun
SKB-TS1-INV01,AlarmWorkState1-DispatchRun,1004,Alarm,2026-03-21T10:29:26.7260000Z,2026-03-21T10:30:25.8870000Z,0.0,DispatchRun
SKB-TS1-INV03,AlarmWorkState1-DispatchRun,1004,Alarm,2026-03-21T10:29:26.8600000Z,2026-03-21T10:30:27.0340000Z,0.0,DispatchRun
SKB-TS1-INV08,AlarmWorkState1-DispatchRun,1004,Alarm,2026-03-21T10:29:26.9980000Z,2026-03-21T10:30:27.2010000Z,0.0,DispatchRun
SKB-TS2-INV02,AlarmWorkState1-DispatchRun,1004,Alarm,2026-03-21T10:29:27.1370000Z,2026-03-21T10:30:27.2810000Z,0.0,DispatchRun
SKB-TS1-INV04,AlarmWorkState1-DispatchRun,1004,Alarm,2026-03-21T10:29:27.1470000Z,2026-03-21T10:30:27.2830000Z,0.0,DispatchRun
SKB-TS1-INV02,AlarmWorkState1-DispatchRun,1004,Alarm,2026-03-21T10:29:27.2770000Z,2026-03-21T10:30:27.5240000Z,0.0,DispatchRun
SKB-TS2-INV08,AlarmWorkState1-DispatchRun,1004,Alarm,2026-03-21T10:29:27.3270000Z,2026-03-21T10:30:27.6210000Z,0.0,DispatchRun
SKB-TS1-INV05,AlarmWorkState1-DispatchRun,1004,Alarm,2026-03-21T10:29:27.3870000Z,2026-03-21T10:30:27.6450000Z,0.0,DispatchRun
SKB-TS2-INV05,AlarmWorkState1-DispatchRun,1004,Alarm,2026-03-21T10:29:56.7840000Z,2026-03-21T10:30:26.9930000Z,0.0,DispatchRun
SKB-TS2-INV06,AlarmWorkState1-DispatchRun,1004,Alarm,2026-03-21T10:29:56.9140000Z,2026-03-21T10:30:27.1980000Z,0.0,DispatchRun
SKB-TS2-INV03,AlarmWorkState1-DispatchRun,1004,Alarm,2026-03-21T10:29:57.1590000Z,2026-03-21T10:30:27.4190000Z,0.0,DispatchRun
SKB-TS2-INV04,AlarmWorkState1-DispatchRun,1004,Alarm,2026-03-21T10:29:57.4220000Z,2026-03-21T10:30:27.7350000Z,0.0,DispatchRun
SKB-TS1-INV02,AlarmWorkState1-AlarmRun,1001,Alarm,2026-03-21T10:30:27.5240000Z,2026-03-21T10:30:59.3230000Z,0.0,AlarmRun
SKB-TS2-INV01,AlarmWorkState1-DispatchRun,1004,Alarm,2026-03-21T10:30:57.8420000Z,2026-03-21T11:14:25.7600000Z,0.0,DispatchRun
SKB-TS2-INV05,AlarmWorkState1-DispatchRun,1004,Alarm,2026-03-21T10:30:58.8020000Z,2026-03-21T11:14:26.6750000Z,0.0,DispatchRun
SKB-TS1-INV01,AlarmWorkState1-DispatchRun,1004,Alarm,2026-03-21T10:30:58.8050000Z,2026-03-21T11:14:25.9590000Z,0.0,DispatchRun
SKB-TS2-INV06,AlarmWorkState1-DispatchRun,1004,Alarm,2026-03-21T10:30:58.9500000Z,2026-03-21T11:14:27.7340000Z,0.0,DispatchRun
SKB-TS1-INV03,AlarmWorkState1-DispatchRun,1004,Alarm,2026-03-21T10:30:58.9510000Z,2026-03-21T11:14:27.7360000Z,0.0,DispatchRun
SKB-TS2-INV02,AlarmWorkState1-DispatchRun,1004,Alarm,2026-03-21T10:30:59.0130000Z,2026-03-21T11:14:27.8530000Z,0.0,DispatchRun
SKB-TS1-INV08,AlarmWorkState1-DispatchRun,1004,Alarm,2026-03-21T10:30:59.0150000Z,2026-03-21T11:14:27.9230000Z,0.0,DispatchRun
SKB-TS2-INV03,AlarmWorkState1-DispatchRun,1004,Alarm,2026-03-21T10:30:59.1300000Z,2026-03-21T11:14:28.0040000Z,0.0,DispatchRun
SKB-TS1-INV04,AlarmWorkState1-DispatchRun,1004,Alarm,2026-03-21T10:30:59.1320000Z,2026-03-21T11:14:28.0230000Z,0.0,DispatchRun
SKB-TS2-INV08,AlarmWorkState1-DispatchRun,1004,Alarm,2026-03-21T10:30:59.3220000Z,2026-03-21T11:14:28.1770000Z,0.0,DispatchRun
SKB-TS1-INV02,AlarmWorkState1-DispatchRun,1004,Alarm,2026-03-21T10:30:59.3230000Z,2026-03-21T11:14:28.2420000Z,0.0,DispatchRun
SKB-TS2-INV04,AlarmWorkState1-DispatchRun,1004,Alarm,2026-03-21T10:30:59.4240000Z,2026-03-21T11:14:28.2940000Z,0.0,DispatchRun
SKB-TS1-INV05,AlarmWorkState1-DispatchRun,1004,Alarm,2026-03-21T10:30:59.4250000Z,2026-03-21T11:14:28.3520000Z,0.0,DispatchRun
SKB-TS1-INV02,AlarmWorkState1-AlarmRun,1001,Alarm,2026-03-21T11:14:28.2420000Z,2026-03-21T11:15:59.0090000Z,0.0,AlarmRun
SKB-TS2-INV01,AlarmWorkState1-DispatchRun,1004,Alarm,2026-03-21T11:15:55.7400000Z,2026-03-21T11:17:25.7820000Z,0.0,DispatchRun
SKB-TS1-INV01,AlarmWorkState1-DispatchRun,1004,Alarm,2026-03-21T11:15:57.3910000Z,2026-03-21T11:17:28.2700000Z,0.0,DispatchRun
SKB-TS1-INV03,AlarmWorkState1-DispatchRun,1004,Alarm,2026-03-21T11:15:58.5270000Z,2026-03-21T11:17:28.3820000Z,0.0,DispatchRun
SKB-TS2-INV05,AlarmWorkState1-DispatchRun,1004,Alarm,2026-03-21T11:15:58.5290000Z,2026-03-21T11:18:59.7090000Z,0.0,DispatchRun
SKB-TS1-INV08,AlarmWorkState1-DispatchRun,1004,Alarm,2026-03-21T11:15:58.6340000Z,2026-03-21T11:17:28.5260000Z,0.0,DispatchRun
SKB-TS2-INV06,AlarmWorkState1-DispatchRun,1004,Alarm,2026-03-21T11:15:58.6350000Z,2026-03-21T11:17:28.3800000Z,0.0,DispatchRun
SKB-TS1-INV04,AlarmWorkState1-DispatchRun,1004,Alarm,2026-03-21T11:15:58.7640000Z,2026-03-21T11:17:28.6120000Z,0.0,DispatchRun
SKB-TS2-INV02,AlarmWorkState1-DispatchRun,1004,Alarm,2026-03-21T11:15:58.7650000Z,2026-03-21T11:17:28.5250000Z,0.0,DispatchRun
SKB-TS2-INV03,AlarmWorkState1-DispatchRun,1004,Alarm,2026-03-21T11:15:58.9000000Z,2026-03-21T11:18:59.9980000Z,0.0,DispatchRun
SKB-TS1-INV02,AlarmWorkState1-DispatchRun,1004,Alarm,2026-03-21T11:15:59.0090000Z,2026-03-21T11:17:28.8100000Z,0.0,DispatchRun
SKB-TS1-INV05,AlarmWorkState1-DispatchRun,1004,Alarm,2026-03-21T11:15:59.1250000Z,2026-03-21T11:17:28.9510000Z,0.0,DispatchRun
SKB-TS2-INV08,AlarmWorkState1-DispatchRun,1004,Alarm,2026-03-21T11:15:59.1340000Z,2026-03-21T11:19:00.1750000Z,0.0,DispatchRun
SKB-TS2-INV04,AlarmWorkState1-DispatchRun,1004,Alarm,2026-03-21T11:15:59.2110000Z,2026-03-21T11:19:00.2640000Z,0.0,DispatchRun
SKB-TS1-INV02,AlarmWorkState1-AlarmRun,1001,Alarm,2026-03-21T11:17:28.8100000Z,2026-03-21T11:17:58.4920000Z,0.0,AlarmRun
SKB-TS2-INV01,AlarmWorkState1-DispatchRun,1004,Alarm,2026-03-21T11:17:58.0000000Z,2026-03-21T11:18:55.7410000Z,0.0,DispatchRun
SKB-TS1-INV01,AlarmWorkState1-DispatchRun,1004,Alarm,2026-03-21T11:17:58.0300000Z,2026-03-21T12:21:25.9700000Z,0.0,DispatchRun
SKB-TS1-INV03,AlarmWorkState1-DispatchRun,1004,Alarm,2026-03-21T11:17:58.1550000Z,2026-03-21T11:18:59.9020000Z,0.0,DispatchRun
SKB-TS2-INV06,AlarmWorkState1-DispatchRun,1004,Alarm,2026-03-21T11:17:58.2390000Z,2026-03-21T11:18:59.8200000Z,0.0,DispatchRun
SKB-TS1-INV08,AlarmWorkState1-DispatchRun,1004,Alarm,2026-03-21T11:17:58.2470000Z,2026-03-21T12:21:26.2110000Z,0.0,DispatchRun
SKB-TS2-INV02,AlarmWorkState1-DispatchRun,1004,Alarm,2026-03-21T11:17:58.3360000Z,2026-03-21T12:15:01.2220000Z,0.0,DispatchRun
SKB-TS1-INV04,AlarmWorkState1-DispatchRun,1004,Alarm,2026-03-21T11:17:58.3540000Z,2026-03-21T11:19:00.0310000Z,0.0,DispatchRun
SKB-TS1-INV02,AlarmWorkState1-DispatchRun,1004,Alarm,2026-03-21T11:17:58.4920000Z,2026-03-21T12:02:59.2410000Z,0.0,DispatchRun
SKB-TS1-INV05,AlarmWorkState1-DispatchRun,1004,Alarm,2026-03-21T11:17:58.5390000Z,2026-03-21T12:21:27.3900000Z,0.0,DispatchRun
SKB-TS2-INV01,AlarmWorkState1-DispatchRun,1004,Alarm,2026-03-21T11:19:25.7280000Z,2026-03-21T12:14:57.0930000Z,0.0,DispatchRun
SKB-TS2-INV05,AlarmWorkState1-DispatchRun,1004,Alarm,2026-03-21T11:19:25.9330000Z,2026-03-21T12:14:58.9440000Z,0.0,DispatchRun
SKB-TS1-INV03,AlarmWorkState1-DispatchRun,1004,Alarm,2026-03-21T11:19:26.0050000Z,2026-03-21T12:21:26.1250000Z,0.0,DispatchRun
SKB-TS2-INV06,AlarmWorkState1-DispatchRun,1004,Alarm,2026-03-21T11:19:26.0180000Z,2026-03-21T12:21:26.1630000Z,0.0,DispatchRun
SKB-TS1-INV04,AlarmWorkState1-DispatchRun,1004,Alarm,2026-03-21T11:19:26.1960000Z,2026-03-21T12:21:26.3430000Z,0.0,DispatchRun
SKB-TS2-INV03,AlarmWorkState1-DispatchRun,1004,Alarm,2026-03-21T11:19:26.2030000Z,2026-03-21T12:15:01.2780000Z,0.0,DispatchRun
SKB-TS2-INV08,AlarmWorkState1-DispatchRun,1004,Alarm,2026-03-21T11:19:26.3470000Z,2026-03-21T12:15:01.4890000Z,0.0,DispatchRun
SKB-TS2-INV04,AlarmWorkState1-DispatchRun,1004,Alarm,2026-03-21T11:19:26.4720000Z,2026-03-21T12:21:27.4730000Z,0.0,DispatchRun
SKB-TS1-INV02,AlarmWorkState1-AlarmRun,1001,Alarm,2026-03-21T12:02:59.2410000Z,2026-03-21T12:03:29.2050000Z,0.0,AlarmRun
SKB-TS1-INV02,AlarmWorkState1-DispatchRun,1004,Alarm,2026-03-21T12:03:29.2050000Z,2026-03-21T12:04:29.4980000Z,0.0,DispatchRun
SKB-TS1-INV02,AlarmWorkState1-AlarmRun,1001,Alarm,2026-03-21T12:04:29.4980000Z,2026-03-21T12:07:00.0230000Z,0.0,AlarmRun
SKB-TS1-INV02,AlarmWorkState1-DispatchRun,1004,Alarm,2026-03-21T12:07:00.0230000Z,2026-03-21T12:08:00.6860000Z,0.0,DispatchRun
SKB-TS1-INV02,AlarmWorkState1-AlarmRun,1001,Alarm,2026-03-21T12:08:00.6860000Z,2026-03-21T13:47:28.2820000Z,0.0,AlarmRun
SKB-TS2-INV01,AlarmWorkState1-DispatchRun,1004,Alarm,2026-03-21T12:15:55.7840000Z,2026-03-21T12:21:25.8480000Z,0.0,DispatchRun
SKB-TS2-INV02,AlarmWorkState1-DispatchRun,1004,Alarm,2026-03-21T12:15:57.2840000Z,2026-03-21T12:21:26.2340000Z,0.0,DispatchRun
SKB-TS2-INV03,AlarmWorkState1-DispatchRun,1004,Alarm,2026-03-21T12:15:57.3680000Z,2026-03-21T12:19:29.0810000Z,0.0,DispatchRun
SKB-TS2-INV01,AlarmWorkState1-DispatchRun,1004,Alarm,2026-03-22T10:18:56.2760000Z,2026-03-22T10:19:28.2790000Z,0.0,DispatchRun
SKB-TS1-INV03,AlarmWorkState1-DispatchRun,1004,Alarm,2026-03-22T10:18:57.5610000Z,2026-03-22T10:19:28.4450000Z,0.0,DispatchRun
SKB-TS2-INV06,AlarmWorkState1-DispatchRun,1004,Alarm,2026-03-22T10:18:57.6480000Z,2026-03-22T10:19:28.5370000Z,0.0,DispatchRun
SKB-TS1-INV04,AlarmWorkState1-DispatchRun,1004,Alarm,2026-03-22T10:18:57.8180000Z,2026-03-22T10:19:28.6600000Z,0.0,DispatchRun
SKB-TS2-INV08,AlarmWorkState1-DispatchRun,1004,Alarm,2026-03-22T10:18:58.1050000Z,2026-03-22T10:19:29.0010000Z,0.0,DispatchRun
SKB-TS1-INV05,AlarmWorkState1-DispatchRun,1004,Alarm,2026-03-22T10:18:58.1990000Z,2026-03-22T10:19:29.0450000Z,0.0,DispatchRun
SKB-TS2-INV01,AlarmWorkState1-DispatchRun,1004,Alarm,2026-03-22T10:21:56.2270000Z,2026-03-22T10:22:27.0250000Z,0.0,DispatchRun
SKB-TS1-INV01,AlarmWorkState1-DispatchRun,1004,Alarm,2026-03-22T10:21:57.2470000Z,2026-03-22T10:22:59.0860000Z,0.0,DispatchRun
SKB-TS2-INV05,AlarmWorkState1-DispatchRun,1004,Alarm,2026-03-22T10:21:57.2640000Z,2026-03-22T10:22:29.0920000Z,0.0,DispatchRun
SKB-TS1-INV03,AlarmWorkState1-DispatchRun,1004,Alarm,2026-03-22T10:21:57.3030000Z,2026-03-22T10:22:59.1730000Z,0.0,DispatchRun
SKB-TS2-INV06,AlarmWorkState1-DispatchRun,1004,Alarm,2026-03-22T10:21:57.3440000Z,2026-03-22T10:22:29.2680000Z,0.0,DispatchRun
SKB-TS1-INV08,AlarmWorkState1-DispatchRun,1004,Alarm,2026-03-22T10:21:57.4340000Z,2026-03-22T10:22:59.2410000Z,0.0,DispatchRun
SKB-TS2-INV02,AlarmWorkState1-DispatchRun,1004,Alarm,2026-03-22T10:21:57.4720000Z,2026-03-22T10:22:59.1850000Z,0.0,DispatchRun
SKB-TS1-INV04,AlarmWorkState1-DispatchRun,1004,Alarm,2026-03-22T10:21:57.4890000Z,2026-03-22T10:22:59.3750000Z,0.0,DispatchRun
SKB-TS2-INV03,AlarmWorkState1-DispatchRun,1004,Alarm,2026-03-22T10:21:57.5220000Z,2026-03-22T10:22:59.3050000Z,0.0,DispatchRun
SKB-TS1-INV02,AlarmWorkState1-DispatchRun,1004,Alarm,2026-03-22T10:21:57.6800000Z,2026-03-22T10:22:59.5760000Z,0.0,DispatchRun
SKB-TS2-INV08,AlarmWorkState1-DispatchRun,1004,Alarm,2026-03-22T10:21:57.7920000Z,2026-03-22T10:22:59.4880000Z,0.0,DispatchRun
SKB-TS1-INV05,AlarmWorkState1-DispatchRun,1004,Alarm,2026-03-22T10:21:57.8040000Z,2026-03-22T10:22:29.7170000Z,0.0,DispatchRun
SKB-TS2-INV04,AlarmWorkState1-DispatchRun,1004,Alarm,2026-03-22T10:21:57.8980000Z,2026-03-22T10:22:59.6150000Z,0.0,DispatchRun
SKB-TS1-INV01,AlarmWorkState1-DispatchRun,1004,Alarm,2026-03-22T10:41:58.4640000Z,2026-03-22T10:44:30.0140000Z,0.0,DispatchRun
SKB-TS2-INV01,AlarmWorkState1-DispatchRun,1004,Alarm,2026-03-22T10:41:59.3650000Z,2026-03-22T10:44:27.4470000Z,0.0,DispatchRun
SKB-TS1-INV03,AlarmWorkState1-DispatchRun,1004,Alarm,2026-03-22T10:42:00.7040000Z,2026-03-22T10:43:58.1340000Z,0.0,DispatchRun
SKB-TS2-INV05,AlarmWorkState1-DispatchRun,1004,Alarm,2026-03-22T10:42:00.7380000Z,2026-03-22T10:44:30.0440000Z,0.0,DispatchRun
SKB-TS1-INV08,AlarmWorkState1-DispatchRun,1004,Alarm,2026-03-22T10:42:00.8930000Z,2026-03-22T10:44:30.2440000Z,0.0,DispatchRun
SKB-TS2-INV06,AlarmWorkState1-DispatchRun,1004,Alarm,2026-03-22T10:42:00.9150000Z,2026-03-22T10:44:30.1610000Z,0.0,DispatchRun
SKB-TS1-INV04,AlarmWorkState1-DispatchRun,1004,Alarm,2026-03-22T10:42:00.9950000Z,2026-03-22T10:43:58.3410000Z,0.0,DispatchRun
SKB-TS2-INV02,AlarmWorkState1-DispatchRun,1004,Alarm,2026-03-22T10:42:01.0340000Z,2026-03-22T10:44:30.2220000Z,0.0,DispatchRun
SKB-TS2-INV03,AlarmWorkState1-DispatchRun,1004,Alarm,2026-03-22T10:42:01.2040000Z,2026-03-22T10:44:30.3110000Z,0.0,DispatchRun
SKB-TS1-INV02,AlarmWorkState1-DispatchRun,1004,Alarm,2026-03-22T10:42:01.3340000Z,2026-03-22T10:44:30.5410000Z,0.0,DispatchRun
SKB-TS1-INV05,AlarmWorkState1-DispatchRun,1004,Alarm,2026-03-22T10:42:01.4980000Z,2026-03-22T10:44:30.6410000Z,0.0,DispatchRun
SKB-TS2-INV08,AlarmWorkState1-DispatchRun,1004,Alarm,2026-03-22T10:42:01.5370000Z,2026-03-22T10:44:30.5220000Z,0.0,DispatchRun
SKB-TS2-INV04,AlarmWorkState1-DispatchRun,1004,Alarm,2026-03-22T10:42:01.7280000Z,2026-03-22T10:44:30.6030000Z,0.0,DispatchRun
SKB-TS2-INV01,AlarmWorkState1-DispatchRun,1004,Alarm,2026-03-22T10:46:56.2270000Z,2026-03-22T10:48:26.2600000Z,0.0,DispatchRun
SKB-TS2-INV05,AlarmWorkState1-DispatchRun,1004,Alarm,2026-03-22T10:46:56.3340000Z,2026-03-22T10:48:26.4920000Z,0.0,DispatchRun
SKB-TS2-INV06,AlarmWorkState1-DispatchRun,1004,Alarm,2026-03-22T10:46:56.4630000Z,2026-03-22T10:48:27.3040000Z,0.0,DispatchRun
SKB-TS1-INV01,AlarmWorkState1-DispatchRun,1004,Alarm,2026-03-22T10:46:57.0930000Z,2026-03-22T10:48:26.4020000Z,0.0,DispatchRun
SKB-TS2-INV02,AlarmWorkState1-DispatchRun,1004,Alarm,2026-03-22T10:46:57.1840000Z,2026-03-22T10:48:27.4450000Z,0.0,DispatchRun
SKB-TS1-INV03,AlarmWorkState1-DispatchRun,1004,Alarm,2026-03-22T10:46:57.1940000Z,2026-03-22T10:48:26.5130000Z,0.0,DispatchRun
SKB-TS2-INV03,AlarmWorkState1-DispatchRun,1004,Alarm,2026-03-22T10:46:57.2290000Z,2026-03-22T10:48:27.5590000Z,0.0,DispatchRun
SKB-TS1-INV08,AlarmWorkState1-DispatchRun,1004,Alarm,2026-03-22T10:46:57.2360000Z,2026-03-22T10:48:27.3090000Z,0.0,DispatchRun
SKB-TS1-INV04,AlarmWorkState1-DispatchRun,1004,Alarm,2026-03-22T10:46:57.3030000Z,2026-03-22T10:48:27.4480000Z,0.0,DispatchRun
SKB-TS2-INV08,AlarmWorkState1-DispatchRun,1004,Alarm,2026-03-22T10:46:57.4180000Z,2026-03-22T10:48:27.8040000Z,0.0,DispatchRun
SKB-TS2-INV04,AlarmWorkState1-DispatchRun,1004,Alarm,2026-03-22T10:46:57.5120000Z,2026-03-22T10:48:27.9340000Z,0.0,DispatchRun
SKB-TS1-INV02,AlarmWorkState1-DispatchRun,1004,Alarm,2026-03-22T10:46:57.5210000Z,2026-03-22T10:48:27.6970000Z,0.0,DispatchRun
SKB-TS1-INV05,AlarmWorkState1-DispatchRun,1004,Alarm,2026-03-22T10:46:57.6260000Z,2026-03-22T10:48:27.7680000Z,0.0,DispatchRun
SKB-TS1-INV01,AlarmWorkState1-DispatchRun,1004,Alarm,2026-03-22T10:50:58.1580000Z,2026-03-22T10:52:26.3770000Z,0.0,DispatchRun
SKB-TS1-INV03,AlarmWorkState1-DispatchRun,1004,Alarm,2026-03-22T10:50:58.2720000Z,2026-03-22T10:52:26.5060000Z,0.0,DispatchRun
SKB-TS2-INV02,AlarmWorkState1-DispatchRun,1004,Alarm,2026-03-22T10:50:58.3310000Z,2026-03-22T10:52:26.6910000Z,0.0,DispatchRun
SKB-TS1-INV08,AlarmWorkState1-DispatchRun,1004,Alarm,2026-03-22T10:50:58.3490000Z,2026-03-22T10:52:26.6280000Z,0.0,DispatchRun
SKB-TS1-INV04,AlarmWorkState1-DispatchRun,1004,Alarm,2026-03-22T10:50:58.4430000Z,2026-03-22T10:52:26.7350000Z,0.0,DispatchRun
SKB-TS2-INV08,AlarmWorkState1-DispatchRun,1004,Alarm,2026-03-22T10:50:58.5580000Z,2026-03-22T10:52:26.9870000Z,0.0,DispatchRun
SKB-TS1-INV02,AlarmWorkState1-DispatchRun,1004,Alarm,2026-03-22T10:50:58.6130000Z,2026-03-22T10:52:26.9420000Z,0.0,DispatchRun
SKB-TS2-INV04,AlarmWorkState1-DispatchRun,1004,Alarm,2026-03-22T10:50:58.6760000Z,2026-03-22T10:52:27.1300000Z,0.0,DispatchRun
SKB-TS1-INV05,AlarmWorkState1-DispatchRun,1004,Alarm,2026-03-22T10:50:58.7130000Z,2026-03-22T10:52:27.0410000Z,0.0,DispatchRun
SKB-TS2-INV01,AlarmWorkState1-DispatchRun,1004,Alarm,2026-03-22T10:51:27.9100000Z,2026-03-22T10:52:26.2770000Z,0.0,DispatchRun
SKB-TS2-INV05,AlarmWorkState1-DispatchRun,1004,Alarm,2026-03-22T10:51:28.8560000Z,2026-03-22T10:52:26.4740000Z,0.0,DispatchRun
SKB-TS2-INV06,AlarmWorkState1-DispatchRun,1004,Alarm,2026-03-22T10:51:28.9240000Z,2026-03-22T10:51:56.5630000Z,0.0,DispatchRun
SKB-TS2-INV03,AlarmWorkState1-DispatchRun,1004,Alarm,2026-03-22T10:51:29.1730000Z,2026-03-22T10:52:26.7880000Z,0.0,DispatchRun
SKB-TS2-INV01,AlarmWorkState1-DispatchRun,1004,Alarm,2026-03-22T10:52:56.2320000Z,2026-03-22T10:55:56.2480000Z,0.0,DispatchRun
SKB-TS1-INV01,AlarmWorkState1-DispatchRun,1004,Alarm,2026-03-22T10:52:56.9070000Z,2026-03-22T10:55:56.4120000Z,0.0,DispatchRun
SKB-TS2-INV05,AlarmWorkState1-DispatchRun,1004,Alarm,2026-03-22T10:52:57.9580000Z,2026-03-22T10:55:56.3950000Z,0.0,DispatchRun
SKB-TS1-INV03,AlarmWorkState1-DispatchRun,1004,Alarm,2026-03-22T10:52:57.9600000Z,2026-03-22T10:55:56.5490000Z,0.0,DispatchRun
SKB-TS2-INV06,AlarmWorkState1-DispatchRun,1004,Alarm,2026-03-22T10:52:58.1020000Z,2026-03-22T10:55:56.5030000Z,0.0,DispatchRun
SKB-TS1-INV08,AlarmWorkState1-DispatchRun,1004,Alarm,2026-03-22T10:52:58.1040000Z,2026-03-22T10:55:56.7120000Z,0.0,DispatchRun
SKB-TS2-INV02,AlarmWorkState1-DispatchRun,1004,Alarm,2026-03-22T10:52:58.2390000Z,2026-03-22T10:55:56.6460000Z,0.0,DispatchRun
SKB-TS1-INV04,AlarmWorkState1-DispatchRun,1004,Alarm,2026-03-22T10:52:58.2410000Z,2026-03-22T10:55:56.8710000Z,0.0,DispatchRun
SKB-TS2-INV03,AlarmWorkState1-DispatchRun,1004,Alarm,2026-03-22T10:52:58.3370000Z,2026-03-22T10:55:56.8370000Z,0.0,DispatchRun
SKB-TS1-INV02,AlarmWorkState1-DispatchRun,1004,Alarm,2026-03-22T10:52:58.4730000Z,2026-03-22T10:55:57.0580000Z,0.0,DispatchRun
SKB-TS2-INV08,AlarmWorkState1-DispatchRun,1004,Alarm,2026-03-22T10:52:58.5530000Z,2026-03-22T10:55:57.0440000Z,0.0,DispatchRun
SKB-TS1-INV05,AlarmWorkState1-DispatchRun,1004,Alarm,2026-03-22T10:52:58.5550000Z,2026-03-22T10:55:57.1370000Z,0.0,DispatchRun
SKB-TS2-INV04,AlarmWorkState1-DispatchRun,1004,Alarm,2026-03-22T10:52:58.6720000Z,2026-03-22T10:55:57.1080000Z,0.0,DispatchRun
SKB-TS2-INV01,AlarmWorkState1-DispatchRun,1004,Alarm,2026-03-22T10:56:26.2490000Z,2026-03-22T10:56:56.2740000Z,0.0,DispatchRun
SKB-TS1-INV01,AlarmWorkState1-DispatchRun,1004,Alarm,2026-03-22T10:56:26.4190000Z,2026-03-22T10:56:57.2040000Z,0.0,DispatchRun
SKB-TS2-INV05,AlarmWorkState1-DispatchRun,1004,Alarm,2026-03-22T10:56:26.4440000Z,2026-03-22T10:56:58.1780000Z,0.0,DispatchRun
SKB-TS1-INV03,AlarmWorkState1-DispatchRun,1004,Alarm,2026-03-22T10:56:26.5300000Z,2026-03-22T10:56:58.2500000Z,0.0,DispatchRun
SKB-TS2-INV06,AlarmWorkState1-DispatchRun,1004,Alarm,2026-03-22T10:56:26.5450000Z,2026-03-22T10:56:58.3450000Z,0.0,DispatchRun
SKB-TS1-INV08,AlarmWorkState1-DispatchRun,1004,Alarm,2026-03-22T10:56:26.6050000Z,2026-03-22T10:56:58.3790000Z,0.0,DispatchRun
SKB-TS2-INV02,AlarmWorkState1-DispatchRun,1004,Alarm,2026-03-22T10:56:26.6520000Z,2026-03-22T10:56:59.2360000Z,0.0,DispatchRun
SKB-TS1-INV04,AlarmWorkState1-DispatchRun,1004,Alarm,2026-03-22T10:56:26.7590000Z,2026-03-22T10:56:59.2660000Z,0.0,DispatchRun
SKB-TS2-INV03,AlarmWorkState1-DispatchRun,1004,Alarm,2026-03-22T10:56:26.7760000Z,2026-03-22T10:56:59.4110000Z,0.0,DispatchRun
SKB-TS1-INV02,AlarmWorkState1-DispatchRun,1004,Alarm,2026-03-22T10:56:26.9410000Z,2026-03-22T10:56:59.5130000Z,0.0,DispatchRun
SKB-TS2-INV08,AlarmWorkState1-DispatchRun,1004,Alarm,2026-03-22T10:56:26.9860000Z,2026-03-22T10:56:59.5650000Z,0.0,DispatchRun
SKB-TS1-INV05,AlarmWorkState1-DispatchRun,1004,Alarm,2026-03-22T10:56:27.0660000Z,2026-03-22T10:56:59.5980000Z,0.0,DispatchRun
SKB-TS2-INV04,AlarmWorkState1-DispatchRun,1004,Alarm,2026-03-22T10:56:27.0930000Z,2026-03-22T10:56:59.6960000Z,0.0,DispatchRun
SKB-TS2-INV01,AlarmWorkState1-DispatchRun,1004,Alarm,2026-03-22T10:58:26.2320000Z,2026-03-22T10:58:56.2330000Z,0.0,DispatchRun
SKB-TS1-INV01,AlarmWorkState1-DispatchRun,1004,Alarm,2026-03-22T10:58:26.4360000Z,2026-03-22T10:58:56.3440000Z,0.0,DispatchRun
SKB-TS1-INV03,AlarmWorkState1-DispatchRun,1004,Alarm,2026-03-22T10:58:29.1160000Z,2026-03-22T10:58:57.2800000Z,0.0,DispatchRun
SKB-TS2-INV05,AlarmWorkState1-DispatchRun,1004,Alarm,2026-03-22T10:58:29.6320000Z,2026-03-22T10:58:56.4010000Z,0.0,DispatchRun
SKB-TS1-INV08,AlarmWorkState1-DispatchRun,1004,Alarm,2026-03-22T10:58:29.6650000Z,2026-03-22T10:58:57.3820000Z,0.0,DispatchRun
SKB-TS2-INV06,AlarmWorkState1-DispatchRun,1004,Alarm,2026-03-22T10:58:29.6790000Z,2026-03-22T10:58:57.2820000Z,0.0,DispatchRun
SKB-TS1-INV04,AlarmWorkState1-DispatchRun,1004,Alarm,2026-03-22T10:58:29.7200000Z,2026-03-22T10:58:57.4870000Z,0.0,DispatchRun
SKB-TS2-INV02,AlarmWorkState1-DispatchRun,1004,Alarm,2026-03-22T10:58:29.7370000Z,2026-03-22T10:58:57.4210000Z,0.0,DispatchRun
SKB-TS1-INV02,AlarmWorkState1-DispatchRun,1004,Alarm,2026-03-22T10:58:29.8880000Z,2026-03-22T10:58:57.6940000Z,0.0,DispatchRun
SKB-TS1-INV05,AlarmWorkState1-DispatchRun,1004,Alarm,2026-03-22T10:58:29.9780000Z,2026-03-22T10:58:57.7700000Z,0.0,DispatchRun
SKB-TS2-INV08,AlarmWorkState1-DispatchRun,1004,Alarm,2026-03-22T10:58:30.0100000Z,2026-03-22T10:58:57.6950000Z,0.0,DispatchRun
SKB-TS2-INV04,AlarmWorkState1-DispatchRun,1004,Alarm,2026-03-22T10:58:30.0890000Z,2026-03-22T10:58:57.7690000Z,0.0,DispatchRun
SKB-TS2-INV01,AlarmWorkState1-DispatchRun,1004,Alarm,2026-03-22T11:00:57.7490000Z,2026-03-22T11:01:26.2340000Z,0.0,DispatchRun
SKB-TS1-INV01,AlarmWorkState1-DispatchRun,1004,Alarm,2026-03-22T11:00:58.5010000Z,2026-03-22T11:01:26.4210000Z,0.0,DispatchRun
SKB-TS2-INV05,AlarmWorkState1-DispatchRun,1004,Alarm,2026-03-22T11:00:58.5940000Z,2026-03-22T11:01:59.2240000Z,0.0,DispatchRun
SKB-TS1-INV03,AlarmWorkState1-DispatchRun,1004,Alarm,2026-03-22T11:00:58.6490000Z,2026-03-22T11:01:26.5160000Z,0.0,DispatchRun
SKB-TS2-INV06,AlarmWorkState1-DispatchRun,1004,Alarm,2026-03-22T11:00:58.7040000Z,2026-03-22T11:01:26.4520000Z,0.0,DispatchRun
SKB-TS1-INV08,AlarmWorkState1-DispatchRun,1004,Alarm,2026-03-22T11:00:58.7360000Z,2026-03-22T11:01:26.6540000Z,0.0,DispatchRun
SKB-TS2-INV02,AlarmWorkState1-DispatchRun,1004,Alarm,2026-03-22T11:00:58.8090000Z,2026-03-22T11:01:26.5870000Z,0.0,DispatchRun
SKB-TS1-INV04,AlarmWorkState1-DispatchRun,1004,Alarm,2026-03-22T11:00:58.8250000Z,2026-03-22T11:01:26.7730000Z,0.0,DispatchRun
SKB-TS2-INV03,AlarmWorkState1-DispatchRun,1004,Alarm,2026-03-22T11:00:58.9000000Z,2026-03-22T11:01:26.6760000Z,0.0,DispatchRun
SKB-TS1-INV02,AlarmWorkState1-DispatchRun,1004,Alarm,2026-03-22T11:00:59.0380000Z,2026-03-22T11:01:27.0170000Z,0.0,DispatchRun
SKB-TS2-INV08,AlarmWorkState1-DispatchRun,1004,Alarm,2026-03-22T11:00:59.0930000Z,2026-03-22T11:01:26.9610000Z,0.0,DispatchRun
SKB-TS1-INV05,AlarmWorkState1-DispatchRun,1004,Alarm,2026-03-22T11:00:59.1440000Z,2026-03-22T11:01:27.1510000Z,0.0,DispatchRun
SKB-TS2-INV04,AlarmWorkState1-DispatchRun,1004,Alarm,2026-03-22T11:00:59.1570000Z,2026-03-22T11:01:27.0270000Z,0.0,DispatchRun
SKB-TS2-INV01,AlarmWorkState1-DispatchRun,1004,Alarm,2026-03-22T11:04:26.3710000Z,2026-03-22T11:04:56.2560000Z,0.0,DispatchRun
SKB-TS1-INV01,AlarmWorkState1-DispatchRun,1004,Alarm,2026-03-22T11:04:26.4750000Z,2026-03-22T11:04:56.4180000Z,0.0,DispatchRun
SKB-TS2-INV05,AlarmWorkState1-DispatchRun,1004,Alarm,2026-03-22T11:04:26.4890000Z,2026-03-22T11:04:56.2910000Z,0.0,DispatchRun
SKB-TS1-INV03,AlarmWorkState1-DispatchRun,1004,Alarm,2026-03-22T11:04:26.6080000Z,2026-03-22T11:04:56.5060000Z,0.0,DispatchRun
SKB-TS2-INV06,AlarmWorkState1-DispatchRun,1004,Alarm,2026-03-22T11:04:26.6140000Z,2026-03-22T11:04:56.4360000Z,0.0,DispatchRun
SKB-TS1-INV08,AlarmWorkState1-DispatchRun,1004,Alarm,2026-03-22T11:04:26.6610000Z,2026-03-22T11:04:56.6750000Z,0.0,DispatchRun
SKB-TS2-INV02,AlarmWorkState1-DispatchRun,1004,Alarm,2026-03-22T11:04:26.6700000Z,2026-03-22T11:04:56.5050000Z,0.0,DispatchRun
SKB-TS1-INV04,AlarmWorkState1-DispatchRun,1004,Alarm,2026-03-22T11:04:26.7160000Z,2026-03-22T11:04:56.7230000Z,0.0,DispatchRun
SKB-TS2-INV08,AlarmWorkState1-DispatchRun,1004,Alarm,2026-03-22T11:04:27.6990000Z,2026-03-22T11:04:56.7540000Z,0.0,DispatchRun
SKB-TS1-INV02,AlarmWorkState1-DispatchRun,1004,Alarm,2026-03-22T11:04:27.7000000Z,2026-03-22T11:04:56.9240000Z,0.0,DispatchRun
SKB-TS2-INV04,AlarmWorkState1-DispatchRun,1004,Alarm,2026-03-22T11:04:28.6370000Z,2026-03-22T11:04:56.8970000Z,0.0,DispatchRun
SKB-TS1-INV05,AlarmWorkState1-DispatchRun,1004,Alarm,2026-03-22T11:04:28.6500000Z,2026-03-22T11:04:57.0590000Z,0.0,DispatchRun
SKB-TS1-INV04,AlarmWorkState1-DispatchRun,1004,Alarm,2026-03-22T11:07:28.4900000Z,2026-03-22T11:08:28.7500000Z,0.0,DispatchRun
SKB-TS2-INV01,AlarmWorkState1-DispatchRun,1004,Alarm,2026-03-22T11:07:56.2150000Z,2026-03-22T11:08:27.5010000Z,0.0,DispatchRun
SKB-TS2-INV05,AlarmWorkState1-DispatchRun,1004,Alarm,2026-03-22T11:07:58.5820000Z,2026-03-22T11:08:28.5070000Z,0.0,DispatchRun
SKB-TS1-INV01,AlarmWorkState1-DispatchRun,1004,Alarm,2026-03-22T11:07:58.5860000Z,2026-03-22T11:08:28.4960000Z,0.0,DispatchRun
SKB-TS2-INV06,AlarmWorkState1-DispatchRun,1004,Alarm,2026-03-22T11:07:58.7030000Z,2026-03-22T11:08:28.5990000Z,0.0,DispatchRun
SKB-TS1-INV03,AlarmWorkState1-DispatchRun,1004,Alarm,2026-03-22T11:07:58.7040000Z,2026-03-22T11:08:28.5650000Z,0.0,DispatchRun
SKB-TS2-INV02,AlarmWorkState1-DispatchRun,1004,Alarm,2026-03-22T11:07:58.7750000Z,2026-03-22T11:08:28.7170000Z,0.0,DispatchRun
SKB-TS1-INV08,AlarmWorkState1-DispatchRun,1004,Alarm,2026-03-22T11:07:58.7770000Z,2026-03-22T11:08:28.7020000Z,0.0,DispatchRun
SKB-TS2-INV03,AlarmWorkState1-DispatchRun,1004,Alarm,2026-03-22T11:07:58.8560000Z,2026-03-22T11:08:28.7740000Z,0.0,DispatchRun
SKB-TS2-INV08,AlarmWorkState1-DispatchRun,1004,Alarm,2026-03-22T11:07:59.0790000Z,2026-03-22T11:08:28.9820000Z,0.0,DispatchRun
SKB-TS1-INV02,AlarmWorkState1-DispatchRun,1004,Alarm,2026-03-22T11:07:59.0810000Z,2026-03-22T11:08:28.9720000Z,0.0,DispatchRun
SKB-TS2-INV04,AlarmWorkState1-DispatchRun,1004,Alarm,2026-03-22T11:07:59.1810000Z,2026-03-22T11:08:29.0860000Z,0.0,DispatchRun
SKB-TS1-INV05,AlarmWorkState1-DispatchRun,1004,Alarm,2026-03-22T11:07:59.1820000Z,2026-03-22T11:08:29.0700000Z,0.0,DispatchRun
SKB-TS2-INV01,AlarmWorkState1-DispatchRun,1004,Alarm,2026-03-22T11:10:28.5000000Z,2026-03-22T11:10:59.4280000Z,0.0,DispatchRun
SKB-TS2-INV05,AlarmWorkState1-DispatchRun,1004,Alarm,2026-03-22T11:10:29.5780000Z,2026-03-22T11:10:59.5710000Z,0.0,DispatchRun
SKB-TS1-INV01,AlarmWorkState1-DispatchRun,1004,Alarm,2026-03-22T11:10:29.5820000Z,2026-03-22T11:10:59.4390000Z,0.0,DispatchRun
SKB-TS2-INV06,AlarmWorkState1-DispatchRun,1004,Alarm,2026-03-22T11:10:29.7190000Z,2026-03-22T11:10:59.7020000Z,0.0,DispatchRun
SKB-TS1-INV03,AlarmWorkState1-DispatchRun,1004,Alarm,2026-03-22T11:10:29.7210000Z,2026-03-22T11:10:59.5890000Z,0.0,DispatchRun
SKB-TS2-INV02,AlarmWorkState1-DispatchRun,1004,Alarm,2026-03-22T11:10:29.8200000Z,2026-03-22T11:10:59.7570000Z,0.0,DispatchRun
SKB-TS1-INV08,AlarmWorkState1-DispatchRun,1004,Alarm,2026-03-22T11:10:29.8260000Z,2026-03-22T11:10:59.6690000Z,0.0,DispatchRun
SKB-TS1-INV04,AlarmWorkState1-DispatchRun,1004,Alarm,2026-03-22T11:10:29.8820000Z,2026-03-22T11:10:59.7550000Z,0.0,DispatchRun
SKB-TS1-INV02,AlarmWorkState1-DispatchRun,1004,Alarm,2026-03-22T11:10:30.0460000Z,2026-03-22T11:10:59.9330000Z,0.0,DispatchRun
SKB-TS2-INV08,AlarmWorkState1-DispatchRun,1004,Alarm,2026-03-22T11:10:30.0710000Z,2026-03-22T11:11:00.0080000Z,0.0,DispatchRun
SKB-TS1-INV05,AlarmWorkState1-DispatchRun,1004,Alarm,2026-03-22T11:10:30.1710000Z,2026-03-22T11:11:00.0010000Z,0.0,DispatchRun
SKB-TS2-INV04,AlarmWorkState1-DispatchRun,1004,Alarm,2026-03-22T11:10:30.1860000Z,2026-03-22T11:11:00.0790000Z,0.0,DispatchRun
SKB-TS1-INV01,AlarmWorkState1-DispatchRun,1004,Alarm,2026-03-22T11:12:58.7980000Z,2026-03-22T11:14:28.2540000Z,0.0,DispatchRun
SKB-TS2-INV01,AlarmWorkState1-DispatchRun,1004,Alarm,2026-03-22T11:12:59.6210000Z,2026-03-22T11:14:28.2220000Z,0.0,DispatchRun
SKB-TS1-INV03,AlarmWorkState1-DispatchRun,1004,Alarm,2026-03-22T11:13:01.7310000Z,2026-03-22T11:14:28.3810000Z,0.0,DispatchRun
SKB-TS2-INV05,AlarmWorkState1-DispatchRun,1004,Alarm,2026-03-22T11:13:01.7940000Z,2026-03-22T11:14:28.3100000Z,0.0,DispatchRun
SKB-TS1-INV08,AlarmWorkState1-DispatchRun,1004,Alarm,2026-03-22T11:13:01.9610000Z,2026-03-22T11:14:28.4930000Z,0.0,DispatchRun
SKB-TS2-INV06,AlarmWorkState1-DispatchRun,1004,Alarm,2026-03-22T11:13:02.0090000Z,2026-03-22T11:14:28.4700000Z,0.0,DispatchRun
SKB-TS1-INV04,AlarmWorkState1-DispatchRun,1004,Alarm,2026-03-22T11:13:02.1850000Z,2026-03-22T11:14:28.6250000Z,0.0,DispatchRun
SKB-TS2-INV02,AlarmWorkState1-DispatchRun,1004,Alarm,2026-03-22T11:13:02.2400000Z,2026-03-22T11:14:28.5830000Z,0.0,DispatchRun
SKB-TS2-INV03,AlarmWorkState1-DispatchRun,1004,Alarm,2026-03-22T11:13:02.4110000Z,2026-03-22T11:14:28.6830000Z,0.0,DispatchRun
SKB-TS1-INV02,AlarmWorkState1-DispatchRun,1004,Alarm,2026-03-22T11:13:02.4650000Z,2026-03-22T11:14:28.8210000Z,0.0,DispatchRun
SKB-TS1-INV05,AlarmWorkState1-DispatchRun,1004,Alarm,2026-03-22T11:13:02.5080000Z,2026-03-22T11:14:28.9350000Z,0.0,DispatchRun
SKB-TS2-INV08,AlarmWorkState1-DispatchRun,1004,Alarm,2026-03-22T11:13:02.5910000Z,2026-03-22T11:14:28.8490000Z,0.0,DispatchRun
SKB-TS2-INV04,AlarmWorkState1-DispatchRun,1004,Alarm,2026-03-22T11:13:02.6920000Z,2026-03-22T11:14:28.9680000Z,0.0,DispatchRun
SKB-TS2-INV01,AlarmWorkState1-DispatchRun,1004,Alarm,2026-03-22T11:15:26.2780000Z,2026-03-22T11:16:26.5790000Z,0.0,DispatchRun
SKB-TS2-INV05,AlarmWorkState1-DispatchRun,1004,Alarm,2026-03-22T11:15:27.4680000Z,2026-03-22T11:16:28.2660000Z,0.0,DispatchRun
SKB-TS1-INV01,AlarmWorkState1-DispatchRun,1004,Alarm,2026-03-22T11:15:27.4980000Z,2026-03-22T11:16:29.7100000Z,0.0,DispatchRun
SKB-TS2-INV06,AlarmWorkState1-DispatchRun,1004,Alarm,2026-03-22T11:15:27.6270000Z,2026-03-22T11:16:29.7060000Z,0.0,DispatchRun
SKB-TS1-INV03,AlarmWorkState1-DispatchRun,1004,Alarm,2026-03-22T11:15:27.6740000Z,2026-03-22T11:16:29.8300000Z,0.0,DispatchRun
SKB-TS2-INV02,AlarmWorkState1-DispatchRun,1004,Alarm,2026-03-22T11:15:27.7690000Z,2026-03-22T11:16:29.8290000Z,0.0,DispatchRun
SKB-TS1-INV08,AlarmWorkState1-DispatchRun,1004,Alarm,2026-03-22T11:15:27.8160000Z,2026-03-22T11:16:29.9380000Z,0.0,DispatchRun
SKB-TS2-INV03,AlarmWorkState1-DispatchRun,1004,Alarm,2026-03-22T11:15:27.9020000Z,2026-03-22T11:16:29.9350000Z,0.0,DispatchRun
SKB-TS1-INV04,AlarmWorkState1-DispatchRun,1004,Alarm,2026-03-22T11:15:27.9370000Z,2026-03-22T11:16:30.0190000Z,0.0,DispatchRun
SKB-TS2-INV08,AlarmWorkState1-DispatchRun,1004,Alarm,2026-03-22T11:15:28.1300000Z,2026-03-22T11:16:30.1290000Z,0.0,DispatchRun
SKB-TS1-INV02,AlarmWorkState1-DispatchRun,1004,Alarm,2026-03-22T11:15:28.1480000Z,2026-03-22T11:16:30.2410000Z,0.0,DispatchRun
SKB-TS2-INV04,AlarmWorkState1-DispatchRun,1004,Alarm,2026-03-22T11:15:28.1770000Z,2026-03-22T11:16:30.2710000Z,0.0,DispatchRun
SKB-TS1-INV05,AlarmWorkState1-DispatchRun,1004,Alarm,2026-03-22T11:15:28.1810000Z,2026-03-22T11:16:30.3670000Z,0.0,DispatchRun
SKB-TS2-INV01,AlarmWorkState1-DispatchRun,1004,Alarm,2026-03-22T11:17:27.9920000Z,2026-03-22T11:18:59.2230000Z,0.0,DispatchRun
SKB-TS1-INV01,AlarmWorkState1-DispatchRun,1004,Alarm,2026-03-22T11:17:28.0100000Z,2026-03-22T11:19:00.2770000Z,0.0,DispatchRun
SKB-TS2-INV05,AlarmWorkState1-DispatchRun,1004,Alarm,2026-03-22T11:17:28.0990000Z,2026-03-22T11:19:00.2860000Z,0.0,DispatchRun
SKB-TS1-INV03,AlarmWorkState1-DispatchRun,1004,Alarm,2026-03-22T11:17:28.1410000Z,2026-03-22T11:19:00.6900000Z,0.0,DispatchRun
SKB-TS2-INV06,AlarmWorkState1-DispatchRun,1004,Alarm,2026-03-22T11:17:28.2480000Z,2026-03-22T11:19:00.7000000Z,0.0,DispatchRun
SKB-TS1-INV08,AlarmWorkState1-DispatchRun,1004,Alarm,2026-03-22T11:17:28.2790000Z,2026-03-22T11:19:00.8990000Z,0.0,DispatchRun
SKB-TS1-INV04,AlarmWorkState1-DispatchRun,1004,Alarm,2026-03-22T11:17:28.3590000Z,2026-03-22T11:19:03.4370000Z,0.0,DispatchRun
SKB-TS2-INV03,AlarmWorkState1-DispatchRun,1004,Alarm,2026-03-22T11:17:28.4620000Z,2026-03-22T11:19:03.4360000Z,0.0,DispatchRun
SKB-TS1-INV02,AlarmWorkState1-DispatchRun,1004,Alarm,2026-03-22T11:17:28.5410000Z,2026-03-22T11:19:03.5790000Z,0.0,DispatchRun
SKB-TS2-INV08,AlarmWorkState1-DispatchRun,1004,Alarm,2026-03-22T11:17:28.5580000Z,2026-03-22T11:19:03.5810000Z,0.0,DispatchRun
SKB-TS1-INV05,AlarmWorkState1-DispatchRun,1004,Alarm,2026-03-22T11:17:28.5800000Z,2026-03-22T11:19:03.6190000Z,0.0,DispatchRun
SKB-TS2-INV04,AlarmWorkState1-DispatchRun,1004,Alarm,2026-03-22T11:17:28.5980000Z,2026-03-22T11:19:03.6350000Z,0.0,DispatchRun
SKB-TS2-INV02,AlarmWorkState1-DispatchRun,1004,Alarm,2026-03-22T11:17:59.1040000Z,2026-03-22T11:19:00.8970000Z,0.0,DispatchRun
SKB-TS2-INV01,AlarmWorkState1-DispatchRun,1004,Alarm,2026-03-22T11:22:26.4980000Z,2026-03-22T11:22:58.4270000Z,0.0,DispatchRun
SKB-TS2-INV05,AlarmWorkState1-DispatchRun,1004,Alarm,2026-03-22T11:22:27.4520000Z,2026-03-22T11:22:58.5370000Z,0.0,DispatchRun
SKB-TS1-INV01,AlarmWorkState1-DispatchRun,1004,Alarm,2026-03-22T11:22:28.4810000Z,2026-03-22T11:22:57.6000000Z,0.0,DispatchRun
SKB-TS2-INV06,AlarmWorkState1-DispatchRun,1004,Alarm,2026-03-22T11:22:28.4900000Z,2026-03-22T11:22:58.6080000Z,0.0,DispatchRun
SKB-TS2-INV02,AlarmWorkState1-DispatchRun,1004,Alarm,2026-03-22T11:22:28.5600000Z,2026-03-22T11:22:58.7470000Z,0.0,DispatchRun
SKB-TS1-INV03,AlarmWorkState1-DispatchRun,1004,Alarm,2026-03-22T11:22:28.5830000Z,2026-03-22T11:22:58.5310000Z,0.0,DispatchRun
SKB-TS2-INV03,AlarmWorkState1-DispatchRun,1004,Alarm,2026-03-22T11:22:28.6660000Z,2026-03-22T11:22:58.8840000Z,0.0,DispatchRun
SKB-TS1-INV08,AlarmWorkState1-DispatchRun,1004,Alarm,2026-03-22T11:22:28.6840000Z,2026-03-22T11:22:58.5900000Z,0.0,DispatchRun
SKB-TS1-INV04,AlarmWorkState1-DispatchRun,1004,Alarm,2026-03-22T11:22:28.7660000Z,2026-03-22T11:22:58.7190000Z,0.0,DispatchRun
SKB-TS2-INV08,AlarmWorkState1-DispatchRun,1004,Alarm,2026-03-22T11:22:28.8280000Z,2026-03-22T11:22:59.0840000Z,0.0,DispatchRun
SKB-TS2-INV04,AlarmWorkState1-DispatchRun,1004,Alarm,2026-03-22T11:22:28.9290000Z,2026-03-22T11:22:59.2130000Z,0.0,DispatchRun
SKB-TS1-INV02,AlarmWorkState1-DispatchRun,1004,Alarm,2026-03-22T11:22:28.9860000Z,2026-03-22T11:22:58.9530000Z,0.0,DispatchRun
SKB-TS1-INV05,AlarmWorkState1-DispatchRun,1004,Alarm,2026-03-22T11:22:29.0130000Z,2026-03-22T11:22:59.0620000Z,0.0,DispatchRun
SKB-TS2-INV01,AlarmWorkState1-DispatchRun,1004,Alarm,2026-03-22T11:23:26.2270000Z,2026-03-22T11:23:56.2180000Z,0.0,DispatchRun
SKB-TS2-INV05,AlarmWorkState1-DispatchRun,1004,Alarm,2026-03-22T11:23:26.2980000Z,2026-03-22T11:23:56.3340000Z,0.0,DispatchRun
SKB-TS1-INV01,AlarmWorkState1-DispatchRun,1004,Alarm,2026-03-22T11:23:26.3820000Z,2026-03-22T11:23:56.3660000Z,0.0,DispatchRun
SKB-TS2-INV06,AlarmWorkState1-DispatchRun,1004,Alarm,2026-03-22T11:23:27.3180000Z,2026-03-22T11:23:56.4760000Z,0.0,DispatchRun
SKB-TS1-INV03,AlarmWorkState1-DispatchRun,1004,Alarm,2026-03-22T11:23:27.3890000Z,2026-03-22T11:23:56.5190000Z,0.0,DispatchRun
SKB-TS2-INV02,AlarmWorkState1-DispatchRun,1004,Alarm,2026-03-22T11:23:27.4080000Z,2026-03-22T11:23:56.5760000Z,0.0,DispatchRun
SKB-TS1-INV08,AlarmWorkState1-DispatchRun,1004,Alarm,2026-03-22T11:23:27.4620000Z,2026-03-22T11:23:56.5960000Z,0.0,DispatchRun
SKB-TS2-INV03,AlarmWorkState1-DispatchRun,1004,Alarm,2026-03-22T11:23:27.4870000Z,2026-03-22T11:23:57.1860000Z,0.0,DispatchRun
SKB-TS1-INV04,AlarmWorkState1-DispatchRun,1004,Alarm,2026-03-22T11:23:27.5750000Z,2026-03-22T11:23:57.2470000Z,0.0,DispatchRun
SKB-TS2-INV08,AlarmWorkState1-DispatchRun,1004,Alarm,2026-03-22T11:23:27.7360000Z,2026-03-22T11:23:57.3940000Z,0.0,DispatchRun
SKB-TS1-INV02,AlarmWorkState1-DispatchRun,1004,Alarm,2026-03-22T11:23:27.7680000Z,2026-03-22T11:23:57.5100000Z,0.0,DispatchRun
SKB-TS2-INV04,AlarmWorkState1-DispatchRun,1004,Alarm,2026-03-22T11:23:27.8100000Z,2026-03-22T11:23:57.5700000Z,0.0,DispatchRun
SKB-TS1-INV05,AlarmWorkState1-DispatchRun,1004,Alarm,2026-03-22T11:23:27.8970000Z,2026-03-22T11:23:57.6130000Z,0.0,DispatchRun
SKB-TS1-INV01,AlarmWorkState1-DispatchRun,1004,Alarm,2026-03-22T11:24:27.1390000Z,2026-03-22T11:30:59.2850000Z,0.0,DispatchRun
SKB-TS1-INV03,AlarmWorkState1-DispatchRun,1004,Alarm,2026-03-22T11:24:27.1810000Z,2026-03-22T11:30:59.4200000Z,0.0,DispatchRun
SKB-TS2-INV06,AlarmWorkState1-DispatchRun,1004,Alarm,2026-03-22T11:24:27.1820000Z,2026-03-22T11:30:59.4020000Z,0.0,DispatchRun
SKB-TS1-INV08,AlarmWorkState1-DispatchRun,1004,Alarm,2026-03-22T11:24:27.2600000Z,2026-03-22T11:30:59.5890000Z,0.0,DispatchRun
SKB-TS1-INV04,AlarmWorkState1-DispatchRun,1004,Alarm,2026-03-22T11:24:27.3330000Z,2026-03-22T11:30:59.6910000Z,0.0,DispatchRun
SKB-TS2-INV08,AlarmWorkState1-DispatchRun,1004,Alarm,2026-03-22T11:24:27.4890000Z,2026-03-22T11:30:59.9080000Z,0.0,DispatchRun
SKB-TS1-INV05,AlarmWorkState1-DispatchRun,1004,Alarm,2026-03-22T11:24:27.5690000Z,2026-03-22T11:31:00.0230000Z,0.0,DispatchRun
SKB-TS2-INV01,AlarmWorkState1-DispatchRun,1004,Alarm,2026-03-22T11:24:57.5720000Z,2026-03-22T11:30:58.2960000Z,0.0,DispatchRun
SKB-TS2-INV05,AlarmWorkState1-DispatchRun,1004,Alarm,2026-03-22T11:24:58.5100000Z,2026-03-22T11:30:59.2950000Z,0.0,DispatchRun
SKB-TS2-INV02,AlarmWorkState1-DispatchRun,1004,Alarm,2026-03-22T11:24:58.8550000Z,2026-03-22T11:30:59.5630000Z,0.0,DispatchRun
SKB-TS2-INV03,AlarmWorkState1-DispatchRun,1004,Alarm,2026-03-22T11:24:58.9160000Z,2026-03-22T11:30:59.6800000Z,0.0,DispatchRun
SKB-TS1-INV02,AlarmWorkState1-DispatchRun,1004,Alarm,2026-03-22T11:24:59.1070000Z,2026-03-22T11:30:59.9230000Z,0.0,DispatchRun
SKB-TS2-INV04,AlarmWorkState1-DispatchRun,1004,Alarm,2026-03-22T11:24:59.1990000Z,2026-03-22T11:31:00.0120000Z,0.0,DispatchRun
SKB-TS2-INV01,AlarmWorkState1-DispatchRun,1004,Alarm,2026-03-22T11:31:29.1780000Z,2026-03-22T11:32:26.4900000Z,0.0,DispatchRun
SKB-TS1-INV01,AlarmWorkState1-DispatchRun,1004,Alarm,2026-03-22T11:31:29.1960000Z,2026-03-22T11:32:27.5670000Z,0.0,DispatchRun
SKB-TS2-INV05,AlarmWorkState1-DispatchRun,1004,Alarm,2026-03-22T11:31:29.2970000Z,2026-03-22T11:32:27.6210000Z,0.0,DispatchRun
SKB-TS1-INV03,AlarmWorkState1-DispatchRun,1004,Alarm,2026-03-22T11:31:29.3500000Z,2026-03-22T11:32:27.7150000Z,0.0,DispatchRun
SKB-TS2-INV06,AlarmWorkState1-DispatchRun,1004,Alarm,2026-03-22T11:31:29.3870000Z,2026-03-22T11:32:27.7290000Z,0.0,DispatchRun
SKB-TS1-INV08,AlarmWorkState1-DispatchRun,1004,Alarm,2026-03-22T11:31:29.4980000Z,2026-03-22T11:32:27.8050000Z,0.0,DispatchRun
SKB-TS2-INV02,AlarmWorkState1-DispatchRun,1004,Alarm,2026-03-22T11:31:29.5420000Z,2026-03-22T11:32:27.8170000Z,0.0,DispatchRun
SKB-TS1-INV04,AlarmWorkState1-DispatchRun,1004,Alarm,2026-03-22T11:31:29.5870000Z,2026-03-22T11:32:27.9340000Z,0.0,DispatchRun
SKB-TS1-INV02,AlarmWorkState1-DispatchRun,1004,Alarm,2026-03-22T11:31:29.8710000Z,2026-03-22T11:32:28.1850000Z,0.0,DispatchRun
SKB-TS2-INV08,AlarmWorkState1-DispatchRun,1004,Alarm,2026-03-22T11:31:29.9240000Z,2026-03-22T11:32:28.1960000Z,0.0,DispatchRun
SKB-TS1-INV05,AlarmWorkState1-DispatchRun,1004,Alarm,2026-03-22T11:31:29.9690000Z,2026-03-22T11:32:28.3170000Z,0.0,DispatchRun
SKB-TS2-INV04,AlarmWorkState1-DispatchRun,1004,Alarm,2026-03-22T11:31:29.9810000Z,2026-03-22T11:32:28.3200000Z,0.0,DispatchRun
SKB-TS2-INV03,AlarmWorkState1-DispatchRun,1004,Alarm,2026-03-22T11:32:00.1050000Z,2026-03-22T11:32:27.9560000Z,0.0,DispatchRun
SKB-TS1-INV01,AlarmWorkState1-DispatchRun,1004,Alarm,2026-03-22T11:32:57.2080000Z,2026-03-22T11:49:56.3360000Z,0.0,DispatchRun
SKB-TS2-INV05,AlarmWorkState1-DispatchRun,1004,Alarm,2026-03-22T11:32:57.2990000Z,2026-03-22T11:49:56.3080000Z,0.0,DispatchRun
SKB-TS1-INV03,AlarmWorkState1-DispatchRun,1004,Alarm,2026-03-22T11:32:57.3540000Z,2026-03-22T11:49:57.0950000Z,0.0,DispatchRun
SKB-TS2-INV06,AlarmWorkState1-DispatchRun,1004,Alarm,2026-03-22T11:32:57.3980000Z,2026-03-22T11:49:57.0890000Z,0.0,DispatchRun
SKB-TS1-INV08,AlarmWorkState1-DispatchRun,1004,Alarm,2026-03-22T11:32:57.4810000Z,2026-03-22T11:49:57.2200000Z,0.0,DispatchRun
SKB-TS1-INV04,AlarmWorkState1-DispatchRun,1004,Alarm,2026-03-22T11:32:57.5590000Z,2026-03-22T11:49:57.3680000Z,0.0,DispatchRun
SKB-TS2-INV03,AlarmWorkState1-DispatchRun,1004,Alarm,2026-03-22T11:32:57.6210000Z,2026-03-22T11:49:57.2940000Z,0.0,DispatchRun
SKB-TS1-INV02,AlarmWorkState1-DispatchRun,1004,Alarm,2026-03-22T11:32:57.7770000Z,2026-03-22T11:49:57.6360000Z,0.0,DispatchRun
SKB-TS2-INV08,AlarmWorkState1-DispatchRun,1004,Alarm,2026-03-22T11:32:57.8180000Z,2026-03-22T11:49:57.5920000Z,0.0,DispatchRun
SKB-TS1-INV05,AlarmWorkState1-DispatchRun,1004,Alarm,2026-03-22T11:32:57.8970000Z,2026-03-22T11:49:57.7170000Z,0.0,DispatchRun
SKB-TS2-INV04,AlarmWorkState1-DispatchRun,1004,Alarm,2026-03-22T11:32:57.9680000Z,2026-03-22T11:49:57.6780000Z,0.0,DispatchRun
SKB-TS2-INV01,AlarmWorkState1-DispatchRun,1004,Alarm,2026-03-22T11:33:26.2250000Z,2026-03-22T11:49:56.2280000Z,0.0,DispatchRun
SKB-TS2-INV02,AlarmWorkState1-DispatchRun,1004,Alarm,2026-03-22T11:33:26.6320000Z,2026-03-22T11:49:57.1430000Z,0.0,DispatchRun
SKB-TS1-INV02,AlarmWorkState1-AlarmRun,1001,Alarm,2026-03-22T11:49:57.6360000Z,2026-03-22T11:50:59.4590000Z,0.0,AlarmRun
SKB-TS2-INV01,AlarmWorkState1-DispatchRun,1004,Alarm,2026-03-22T11:50:56.2280000Z,2026-03-22T12:11:26.3030000Z,0.0,DispatchRun
SKB-TS2-INV05,AlarmWorkState1-DispatchRun,1004,Alarm,2026-03-22T11:50:58.8840000Z,2026-03-22T12:11:27.5490000Z,0.0,DispatchRun
SKB-TS1-INV01,AlarmWorkState1-DispatchRun,1004,Alarm,2026-03-22T11:50:58.9150000Z,2026-03-22T12:11:27.6650000Z,0.0,DispatchRun
SKB-TS2-INV06,AlarmWorkState1-DispatchRun,1004,Alarm,2026-03-22T11:50:59.0130000Z,2026-03-22T12:11:27.7020000Z,0.0,DispatchRun
SKB-TS1-INV03,AlarmWorkState1-DispatchRun,1004,Alarm,2026-03-22T11:50:59.0340000Z,2026-03-22T12:11:27.7690000Z,0.0,DispatchRun
SKB-TS2-INV02,AlarmWorkState1-DispatchRun,1004,Alarm,2026-03-22T11:50:59.0640000Z,2026-03-22T12:11:27.8080000Z,0.0,DispatchRun
SKB-TS1-INV08,AlarmWorkState1-DispatchRun,1004,Alarm,2026-03-22T11:50:59.1330000Z,2026-03-22T12:11:27.9090000Z,0.0,DispatchRun
SKB-TS2-INV03,AlarmWorkState1-DispatchRun,1004,Alarm,2026-03-22T11:50:59.1770000Z,2026-03-22T12:11:27.9350000Z,0.0,DispatchRun
SKB-TS1-INV04,AlarmWorkState1-DispatchRun,1004,Alarm,2026-03-22T11:50:59.2560000Z,2026-03-22T12:11:28.0260000Z,0.0,DispatchRun
SKB-TS2-INV08,AlarmWorkState1-DispatchRun,1004,Alarm,2026-03-22T11:50:59.4060000Z,2026-03-22T12:09:01.5310000Z,0.0,DispatchRun
SKB-TS1-INV02,AlarmWorkState1-DispatchRun,1004,Alarm,2026-03-22T11:50:59.4590000Z,2026-03-22T12:07:59.4620000Z,0.0,DispatchRun
SKB-TS2-INV04,AlarmWorkState1-DispatchRun,1004,Alarm,2026-03-22T11:50:59.4840000Z,2026-03-22T12:11:28.2600000Z,0.0,DispatchRun
SKB-TS1-INV05,AlarmWorkState1-DispatchRun,1004,Alarm,2026-03-22T11:50:59.5130000Z,2026-03-22T12:11:28.3710000Z,0.0,DispatchRun
SKB-TS1-INV02,AlarmWorkState1-AlarmRun,1001,Alarm,2026-03-22T12:07:59.4620000Z,2026-03-22T12:35:58.8890000Z,0.0,AlarmRun
SKB-TS2-INV08,AlarmWorkState1-DispatchRun,1004,Alarm,2026-03-22T12:10:28.8870000Z,2026-03-22T12:11:28.1450000Z,0.0,DispatchRun
SKB-TS1-INV03,AlarmWorkState1-DispatchRun,1004,Alarm,2026-03-22T12:26:29.4670000Z,2026-03-22T12:26:56.5840000Z,0.0,DispatchRun
SKB-TS1-INV04,AlarmWorkState1-DispatchRun,1004,Alarm,2026-03-22T12:26:29.7110000Z,2026-03-22T12:26:56.8420000Z,0.0,DispatchRun
SKB-TS2-INV01,AlarmWorkState1-DispatchRun,1004,Alarm,2026-03-22T12:27:56.2900000Z,2026-03-22T12:28:27.6490000Z,0.0,DispatchRun
SKB-TS2-INV05,AlarmWorkState1-DispatchRun,1004,Alarm,2026-03-22T12:27:58.0440000Z,2026-03-22T12:28:27.7730000Z,0.0,DispatchRun
SKB-TS2-INV06,AlarmWorkState1-DispatchRun,1004,Alarm,2026-03-22T12:27:58.2160000Z,2026-03-22T12:28:27.8720000Z,0.0,DispatchRun
SKB-TS1-INV01,AlarmWorkState1-DispatchRun,1004,Alarm,2026-03-22T12:27:58.2180000Z,2026-03-22T12:28:27.5620000Z,0.0,DispatchRun
SKB-TS2-INV02,AlarmWorkState1-DispatchRun,1004,Alarm,2026-03-22T12:27:58.3070000Z,2026-03-22T12:28:28.0060000Z,0.0,DispatchRun
SKB-TS1-INV03,AlarmWorkState1-DispatchRun,1004,Alarm,2026-03-22T12:27:58.3090000Z,2026-03-22T12:28:27.7550000Z,0.0,DispatchRun
SKB-TS2-INV03,AlarmWorkState1-DispatchRun,1004,Alarm,2026-03-22T12:27:58.4630000Z,2026-03-22T12:28:28.0580000Z,0.0,DispatchRun
SKB-TS1-INV04,AlarmWorkState1-DispatchRun,1004,Alarm,2026-03-22T12:27:58.5610000Z,2026-03-22T12:28:28.0050000Z,0.0,DispatchRun
SKB-TS2-INV04,AlarmWorkState1-DispatchRun,1004,Alarm,2026-03-22T12:27:58.7020000Z,2026-03-22T12:28:28.2920000Z,0.0,DispatchRun
SKB-TS1-INV05,AlarmWorkState1-DispatchRun,1004,Alarm,2026-03-22T12:27:58.7920000Z,2026-03-22T12:28:28.2090000Z,0.0,DispatchRun
SKB-TS2-INV01,AlarmWorkState1-DispatchRun,1004,Alarm,2026-03-22T12:39:27.3130000Z,2026-03-22T12:39:56.2300000Z,0.0,DispatchRun
SKB-TS1-INV01,AlarmWorkState1-DispatchRun,1004,Alarm,2026-03-22T12:39:28.1050000Z,2026-03-22T12:39:59.0830000Z,0.0,DispatchRun
SKB-TS2-INV05,AlarmWorkState1-DispatchRun,1004,Alarm,2026-03-22T12:39:28.2250000Z,2026-03-22T12:39:59.1210000Z,0.0,DispatchRun
SKB-TS1-INV03,AlarmWorkState1-DispatchRun,1004,Alarm,2026-03-22T12:39:28.2320000Z,2026-03-22T12:39:59.1930000Z,0.0,DispatchRun
SKB-TS2-INV06,AlarmWorkState1-DispatchRun,1004,Alarm,2026-03-22T12:39:28.3410000Z,2026-03-22T12:39:59.2550000Z,0.0,DispatchRun
SKB-TS1-INV08,AlarmWorkState1-DispatchRun,1004,Alarm,2026-03-22T12:39:28.3940000Z,2026-03-22T12:39:59.3020000Z,0.0,DispatchRun
SKB-TS1-INV04,AlarmWorkState1-DispatchRun,1004,Alarm,2026-03-22T12:39:28.4620000Z,2026-03-22T12:39:59.4540000Z,0.0,DispatchRun
SKB-TS2-INV08,AlarmWorkState1-DispatchRun,1004,Alarm,2026-03-22T12:39:28.6610000Z,2026-03-22T12:39:59.7370000Z,0.0,DispatchRun
SKB-TS1-INV05,AlarmWorkState1-DispatchRun,1004,Alarm,2026-03-22T12:39:28.6620000Z,2026-03-22T12:39:59.7980000Z,0.0,DispatchRun
SKB-TS2-INV04,AlarmWorkState1-DispatchRun,1004,Alarm,2026-03-22T12:39:28.7440000Z,2026-03-22T12:39:59.8380000Z,0.0,DispatchRun
SKB-TS1-INV02,AlarmWorkState1-AlarmRun,1001,Alarm,2026-03-22T13:28:59.7310000Z,2026-03-22T15:01:01.2010000Z,0.0,AlarmRun
SKB-TS1-INV02,AlarmWorkState1-AlarmRun,1001,Alarm,2026-03-23T08:16:30.7680000Z,2026-03-23T08:33:29.2070000Z,0.0,AlarmRun
SKB-TS2-INV01,AlarmWorkState1-DispatchRun,1004,Alarm,2026-03-23T08:38:27.8970000Z,2026-03-23T08:38:58.3320000Z,0.0,DispatchRun
SKB-TS1-INV01,AlarmWorkState1-DispatchRun,1004,Alarm,2026-03-23T08:38:27.9380000Z,2026-03-23T08:38:58.3370000Z,0.0,DispatchRun
SKB-TS2-INV05,AlarmWorkState1-DispatchRun,1004,Alarm,2026-03-23T08:38:28.0780000Z,2026-03-23T08:38:58.4910000Z,0.0,DispatchRun
SKB-TS1-INV03,AlarmWorkState1-DispatchRun,1004,Alarm,2026-03-23T08:38:28.0870000Z,2026-03-23T08:38:58.4900000Z,0.0,DispatchRun
SKB-TS2-INV06,AlarmWorkState1-DispatchRun,1004,Alarm,2026-03-23T08:38:28.1950000Z,2026-03-23T08:38:58.6320000Z,0.0,DispatchRun
SKB-TS1-INV08,AlarmWorkState1-DispatchRun,1004,Alarm,2026-03-23T08:38:28.1990000Z,2026-03-23T08:38:58.6290000Z,0.0,DispatchRun
SKB-TS1-INV04,AlarmWorkState1-DispatchRun,1004,Alarm,2026-03-23T08:38:28.2740000Z,2026-03-23T08:38:58.7030000Z,0.0,DispatchRun
SKB-TS2-INV02,AlarmWorkState1-DispatchRun,1004,Alarm,2026-03-23T08:38:28.2750000Z,2026-03-23T08:38:58.7240000Z,0.0,DispatchRun
SKB-TS2-INV03,AlarmWorkState1-DispatchRun,1004,Alarm,2026-03-23T08:38:28.3530000Z,2026-03-23T08:38:58.8720000Z,0.0,DispatchRun
SKB-TS1-INV02,AlarmWorkState1-DispatchRun,1004,Alarm,2026-03-23T08:38:28.4380000Z,2026-03-23T08:38:58.9380000Z,0.0,DispatchRun
SKB-TS1-INV05,AlarmWorkState1-DispatchRun,1004,Alarm,2026-03-23T08:38:28.5190000Z,2026-03-23T08:38:59.0440000Z,0.0,DispatchRun
SKB-TS2-INV08,AlarmWorkState1-DispatchRun,1004,Alarm,2026-03-23T08:38:28.5310000Z,2026-03-23T08:38:59.0600000Z,0.0,DispatchRun
SKB-TS2-INV04,AlarmWorkState1-DispatchRun,1004,Alarm,2026-03-23T08:38:28.6570000Z,2026-03-23T08:38:59.1870000Z,0.0,DispatchRun
SKB-TS2-INV01,AlarmWorkState1-DispatchRun,1004,Alarm,2026-03-23T08:40:26.7990000Z,2026-03-23T08:45:56.6190000Z,0.0,DispatchRun
SKB-TS2-INV05,AlarmWorkState1-DispatchRun,1004,Alarm,2026-03-23T08:40:30.5130000Z,2026-03-23T08:45:57.4540000Z,0.0,DispatchRun
SKB-TS1-INV01,AlarmWorkState1-DispatchRun,1004,Alarm,2026-03-23T08:40:30.5720000Z,2026-03-23T08:45:57.4470000Z,0.0,DispatchRun
SKB-TS2-INV06,AlarmWorkState1-DispatchRun,1004,Alarm,2026-03-23T08:40:30.5930000Z,2026-03-23T08:45:57.5900000Z,0.0,DispatchRun
SKB-TS1-INV03,AlarmWorkState1-DispatchRun,1004,Alarm,2026-03-23T08:40:30.6750000Z,2026-03-23T08:45:57.5720000Z,0.0,DispatchRun
SKB-TS2-INV02,AlarmWorkState1-DispatchRun,1004,Alarm,2026-03-23T08:40:30.6770000Z,2026-03-23T08:45:28.5000000Z,0.0,DispatchRun
SKB-TS2-INV03,AlarmWorkState1-DispatchRun,1004,Alarm,2026-03-23T08:40:30.7110000Z,2026-03-23T08:45:57.8110000Z,0.0,DispatchRun
SKB-TS1-INV08,AlarmWorkState1-DispatchRun,1004,Alarm,2026-03-23T08:40:30.7160000Z,2026-03-23T08:45:28.3480000Z,0.0,DispatchRun
SKB-TS1-INV04,AlarmWorkState1-DispatchRun,1004,Alarm,2026-03-23T08:40:30.8010000Z,2026-03-23T08:45:28.5020000Z,0.0,DispatchRun
SKB-TS2-INV08,AlarmWorkState1-DispatchRun,1004,Alarm,2026-03-23T08:40:30.8940000Z,2026-03-23T08:45:28.8450000Z,0.0,DispatchRun
SKB-TS2-INV04,AlarmWorkState1-DispatchRun,1004,Alarm,2026-03-23T08:40:30.9560000Z,2026-03-23T08:45:28.9760000Z,0.0,DispatchRun
SKB-TS1-INV02,AlarmWorkState1-DispatchRun,1004,Alarm,2026-03-23T08:40:31.0030000Z,2026-03-23T08:45:28.7450000Z,0.0,DispatchRun
SKB-TS1-INV05,AlarmWorkState1-DispatchRun,1004,Alarm,2026-03-23T08:40:31.0740000Z,2026-03-23T08:45:28.8850000Z,0.0,DispatchRun
SKB-TS1-INV02,AlarmWorkState1-AlarmRun,1001,Alarm,2026-03-23T08:45:28.7450000Z,2026-03-23T08:46:29.1610000Z,0.0,AlarmRun
SKB-TS1-INV01,AlarmWorkState1-DispatchRun,1004,Alarm,2026-03-23T09:00:26.8270000Z,2026-03-23T09:01:01.3130000Z,0.0,DispatchRun
SKB-TS2-INV05,AlarmWorkState1-DispatchRun,1004,Alarm,2026-03-23T09:00:26.8810000Z,2026-03-23T09:01:01.3030000Z,0.0,DispatchRun
SKB-TS1-INV03,AlarmWorkState1-DispatchRun,1004,Alarm,2026-03-23T09:00:26.8990000Z,2026-03-23T09:01:01.5020000Z,0.0,DispatchRun
SKB-TS1-INV08,AlarmWorkState1-DispatchRun,1004,Alarm,2026-03-23T09:00:27.0010000Z,2026-03-23T09:01:01.7560000Z,0.0,DispatchRun
SKB-TS2-INV02,AlarmWorkState1-DispatchRun,1004,Alarm,2026-03-23T09:00:27.1300000Z,2026-03-23T09:01:01.7530000Z,0.0,DispatchRun
SKB-TS1-INV04,AlarmWorkState1-DispatchRun,1004,Alarm,2026-03-23T09:00:27.1420000Z,2026-03-23T09:01:01.9960000Z,0.0,DispatchRun
SKB-TS1-INV02,AlarmWorkState1-DispatchRun,1004,Alarm,2026-03-23T09:00:27.2990000Z,2026-03-23T09:01:02.3460000Z,0.0,DispatchRun
SKB-TS2-INV08,AlarmWorkState1-DispatchRun,1004,Alarm,2026-03-23T09:00:27.3830000Z,2026-03-23T09:01:02.3270000Z,0.0,DispatchRun
SKB-TS1-INV05,AlarmWorkState1-DispatchRun,1004,Alarm,2026-03-23T09:00:27.4050000Z,2026-03-23T09:01:02.4610000Z,0.0,DispatchRun
SKB-TS2-INV04,AlarmWorkState1-DispatchRun,1004,Alarm,2026-03-23T09:00:27.4630000Z,2026-03-23T09:01:02.4320000Z,0.0,DispatchRun
SKB-TS2-INV01,AlarmWorkState1-DispatchRun,1004,Alarm,2026-03-23T09:00:58.4220000Z,2026-03-23T09:01:26.6070000Z,0.0,DispatchRun
SKB-TS1-INV01,AlarmWorkState1-DispatchRun,1004,Alarm,2026-03-23T09:02:30.9160000Z,2026-03-23T09:03:26.8150000Z,0.0,DispatchRun
SKB-TS1-INV03,AlarmWorkState1-DispatchRun,1004,Alarm,2026-03-23T09:02:30.9840000Z,2026-03-23T09:03:26.9150000Z,0.0,DispatchRun
SKB-TS2-INV02,AlarmWorkState1-DispatchRun,1004,Alarm,2026-03-23T09:02:31.0960000Z,2026-03-23T09:03:27.1410000Z,0.0,DispatchRun
SKB-TS1-INV08,AlarmWorkState1-DispatchRun,1004,Alarm,2026-03-23T09:02:31.1280000Z,2026-03-23T09:02:57.0480000Z,0.0,DispatchRun
SKB-TS1-INV02,AlarmWorkState1-DispatchRun,1004,Alarm,2026-03-23T09:02:31.3200000Z,2026-03-23T09:02:57.3170000Z,0.0,DispatchRun
SKB-TS2-INV04,AlarmWorkState1-DispatchRun,1004,Alarm,2026-03-23T09:02:31.3480000Z,2026-03-23T09:02:57.4210000Z,0.0,DispatchRun
SKB-TS2-INV05,AlarmWorkState1-DispatchRun,1004,Alarm,2026-03-23T09:02:56.8250000Z,2026-03-23T09:03:26.9290000Z,0.0,DispatchRun
SKB-TS2-INV06,AlarmWorkState1-DispatchRun,1004,Alarm,2026-03-23T09:02:56.9270000Z,2026-03-23T09:03:27.0240000Z,0.0,DispatchRun
SKB-TS2-INV03,AlarmWorkState1-DispatchRun,1004,Alarm,2026-03-23T09:02:57.1720000Z,2026-03-23T09:03:27.2670000Z,0.0,DispatchRun
SKB-TS2-INV08,AlarmWorkState1-DispatchRun,1004,Alarm,2026-03-23T09:02:57.3080000Z,2026-03-23T09:03:27.4480000Z,0.0,DispatchRun
SKB-TS1-INV05,AlarmWorkState1-DispatchRun,1004,Alarm,2026-03-23T09:02:57.4250000Z,2026-03-23T09:03:27.4100000Z,0.0,DispatchRun
SKB-TS2-INV01,AlarmWorkState1-DispatchRun,1004,Alarm,2026-03-23T09:06:28.4750000Z,2026-03-23T09:06:56.6390000Z,0.0,DispatchRun
SKB-TS1-INV01,AlarmWorkState1-DispatchRun,1004,Alarm,2026-03-23T09:06:28.5040000Z,2026-03-23T09:06:58.4580000Z,0.0,DispatchRun
SKB-TS2-INV05,AlarmWorkState1-DispatchRun,1004,Alarm,2026-03-23T09:06:28.5710000Z,2026-03-23T09:06:58.3410000Z,0.0,DispatchRun
SKB-TS1-INV03,AlarmWorkState1-DispatchRun,1004,Alarm,2026-03-23T09:06:28.5780000Z,2026-03-23T09:06:58.5630000Z,0.0,DispatchRun
SKB-TS1-INV08,AlarmWorkState1-DispatchRun,1004,Alarm,2026-03-23T09:06:28.6990000Z,2026-03-23T09:06:58.6550000Z,0.0,DispatchRun
SKB-TS2-INV03,AlarmWorkState1-DispatchRun,1004,Alarm,2026-03-23T09:06:28.8250000Z,2026-03-23T09:06:58.7160000Z,0.0,DispatchRun
SKB-TS1-INV05,AlarmWorkState1-DispatchRun,1004,Alarm,2026-03-23T09:06:28.9360000Z,2026-03-23T09:06:59.0820000Z,0.0,DispatchRun
SKB-TS2-INV04,AlarmWorkState1-DispatchRun,1004,Alarm,2026-03-23T09:06:29.0700000Z,2026-03-23T09:06:59.0140000Z,0.0,DispatchRun
SKB-TS1-INV02,AlarmWorkState1-AlarmRun,1001,Alarm,2026-03-23T09:13:27.4120000Z,2026-03-23T09:32:57.2800000Z,0.0,AlarmRun
SKB-TS1-INV01,AlarmWorkState1-DispatchRun,1004,Alarm,2026-03-23T09:24:26.8140000Z,2026-03-23T09:26:30.6990000Z,0.0,DispatchRun
SKB-TS2-INV01,AlarmWorkState1-DispatchRun,1004,Alarm,2026-03-23T09:24:26.8880000Z,2026-03-23T09:26:28.6590000Z,0.0,DispatchRun
SKB-TS1-INV03,AlarmWorkState1-DispatchRun,1004,Alarm,2026-03-23T09:24:26.9190000Z,2026-03-23T09:26:30.8800000Z,0.0,DispatchRun
SKB-TS1-INV08,AlarmWorkState1-DispatchRun,1004,Alarm,2026-03-23T09:24:26.9890000Z,2026-03-23T09:26:30.9970000Z,0.0,DispatchRun
SKB-TS2-INV06,AlarmWorkState1-DispatchRun,1004,Alarm,2026-03-23T09:24:27.1030000Z,2026-03-23T09:26:30.8410000Z,0.0,DispatchRun
SKB-TS2-INV02,AlarmWorkState1-DispatchRun,1004,Alarm,2026-03-23T09:24:27.1960000Z,2026-03-23T09:25:57.7810000Z,0.0,DispatchRun
SKB-TS1-INV05,AlarmWorkState1-DispatchRun,1004,Alarm,2026-03-23T09:24:27.4440000Z,2026-03-23T09:26:31.4100000Z,0.0,DispatchRun
SKB-TS2-INV05,AlarmWorkState1-DispatchRun,1004,Alarm,2026-03-23T09:25:30.0120000Z,2026-03-23T09:26:29.7350000Z,0.0,DispatchRun
SKB-TS2-INV03,AlarmWorkState1-DispatchRun,1004,Alarm,2026-03-23T09:25:30.4230000Z,2026-03-23T09:26:31.0360000Z,0.0,DispatchRun
SKB-TS2-INV04,AlarmWorkState1-DispatchRun,1004,Alarm,2026-03-23T09:25:30.6870000Z,2026-03-23T09:26:31.3830000Z,0.0,DispatchRun
SKB-TS2-INV01,AlarmWorkState1-DispatchRun,1004,Alarm,2026-03-23T09:27:26.6280000Z,2026-03-23T11:20:26.9890000Z,0.0,DispatchRun
SKB-TS2-INV05,AlarmWorkState1-DispatchRun,1004,Alarm,2026-03-23T09:27:26.7630000Z,2026-03-23T11:43:26.8340000Z,0.0,DispatchRun
SKB-TS1-INV01,AlarmWorkState1-DispatchRun,1004,Alarm,2026-03-23T09:27:26.8000000Z,2026-03-23T11:20:28.8550000Z,0.0,DispatchRun
SKB-TS2-INV06,AlarmWorkState1-DispatchRun,1004,Alarm,2026-03-23T09:27:26.8530000Z,2026-03-23T11:43:27.0250000Z,0.0,DispatchRun
SKB-TS2-INV02,AlarmWorkState1-DispatchRun,1004,Alarm,2026-03-23T09:27:26.9160000Z,2026-03-23T11:43:27.1860000Z,0.0,DispatchRun
SKB-TS1-INV08,AlarmWorkState1-DispatchRun,1004,Alarm,2026-03-23T09:27:27.0000000Z,2026-03-23T11:20:29.0580000Z,0.0,DispatchRun
SKB-TS2-INV03,AlarmWorkState1-DispatchRun,1004,Alarm,2026-03-23T09:27:27.0360000Z,2026-03-23T11:43:27.3510000Z,0.0,DispatchRun
SKB-TS2-INV04,AlarmWorkState1-DispatchRun,1004,Alarm,2026-03-23T09:27:27.2830000Z,2026-03-23T11:43:27.7090000Z,0.0,DispatchRun
SKB-TS1-INV03,AlarmWorkState1-DispatchRun,1004,Alarm,2026-03-23T09:27:57.8620000Z,2026-03-23T11:43:27.0540000Z,0.0,DispatchRun
SKB-TS1-INV05,AlarmWorkState1-DispatchRun,1004,Alarm,2026-03-23T09:27:59.1950000Z,2026-03-23T11:43:27.7510000Z,0.0,DispatchRun
SKB-TS1-INV04,AlarmWorkState1-DispatchRun,1004,Alarm,2026-03-23T09:28:28.8780000Z,2026-03-23T11:20:29.1510000Z,0.0,DispatchRun
SKB-TS2-INV08,AlarmWorkState1-DispatchRun,1004,Alarm,2026-03-23T09:28:29.1200000Z,2026-03-23T11:20:29.3120000Z,0.0,DispatchRun
SKB-TS1-INV02,AlarmWorkState1-DispatchRun,1004,Alarm,2026-03-23T09:32:57.2800000Z,2026-03-23T11:20:29.3040000Z,0.0,DispatchRun
SKB-TS1-INV02,AlarmWorkState1-AlarmRun,1001,Alarm,2026-03-23T11:20:29.3040000Z,2026-03-23T11:21:01.7260000Z,0.0,AlarmRun
SKB-TS2-INV01,AlarmWorkState1-DispatchRun,1004,Alarm,2026-03-23T11:21:00.6700000Z,2026-03-23T11:43:26.6970000Z,0.0,DispatchRun
SKB-TS1-INV01,AlarmWorkState1-DispatchRun,1004,Alarm,2026-03-23T11:21:00.7030000Z,2026-03-23T11:43:26.8600000Z,0.0,DispatchRun
SKB-TS1-INV08,AlarmWorkState1-DispatchRun,1004,Alarm,2026-03-23T11:21:01.2240000Z,2026-03-23T11:43:27.2350000Z,0.0,DispatchRun
SKB-TS1-INV04,AlarmWorkState1-DispatchRun,1004,Alarm,2026-03-23T11:21:01.3730000Z,2026-03-23T11:43:27.4110000Z,0.0,DispatchRun
SKB-TS1-INV02,AlarmWorkState1-DispatchRun,1004,Alarm,2026-03-23T11:21:01.7260000Z,2026-03-23T11:43:27.6050000Z,0.0,DispatchRun
SKB-TS2-INV08,AlarmWorkState1-DispatchRun,1004,Alarm,2026-03-23T11:21:01.8670000Z,2026-03-23T11:43:27.5690000Z,0.0,DispatchRun
SKB-TS1-INV02,AlarmWorkState1-AlarmRun,1001,Alarm,2026-03-23T11:43:27.6050000Z,2026-03-23T11:43:57.3830000Z,0.0,AlarmRun
SKB-TS2-INV01,AlarmWorkState1-DispatchRun,1004,Alarm,2026-03-23T11:43:56.6900000Z,2026-03-23T11:55:57.7060000Z,0.0,DispatchRun
SKB-TS2-INV05,AlarmWorkState1-DispatchRun,1004,Alarm,2026-03-23T11:43:56.8260000Z,2026-03-23T11:55:58.6880000Z,0.0,DispatchRun
SKB-TS1-INV01,AlarmWorkState1-DispatchRun,1004,Alarm,2026-03-23T11:43:56.8520000Z,2026-03-23T11:55:58.6620000Z,0.0,DispatchRun
SKB-TS2-INV06,AlarmWorkState1-DispatchRun,1004,Alarm,2026-03-23T11:43:56.9720000Z,2026-03-23T11:55:58.7630000Z,0.0,DispatchRun
SKB-TS1-INV03,AlarmWorkState1-DispatchRun,1004,Alarm,2026-03-23T11:43:56.9870000Z,2026-03-23T11:55:58.7590000Z,0.0,DispatchRun
SKB-TS2-INV02,AlarmWorkState1-DispatchRun,1004,Alarm,2026-03-23T11:43:57.0900000Z,2026-03-23T11:55:58.8400000Z,0.0,DispatchRun
SKB-TS1-INV08,AlarmWorkState1-DispatchRun,1004,Alarm,2026-03-23T11:43:57.1010000Z,2026-03-23T11:55:58.8410000Z,0.0,DispatchRun
SKB-TS2-INV03,AlarmWorkState1-DispatchRun,1004,Alarm,2026-03-23T11:43:57.1650000Z,2026-03-23T11:55:58.9680000Z,0.0,DispatchRun
SKB-TS1-INV04,AlarmWorkState1-DispatchRun,1004,Alarm,2026-03-23T11:43:57.1740000Z,2026-03-23T11:55:58.9700000Z,0.0,DispatchRun
SKB-TS2-INV08,AlarmWorkState1-DispatchRun,1004,Alarm,2026-03-23T11:43:57.3470000Z,2026-03-23T11:55:59.2000000Z,0.0,DispatchRun
SKB-TS1-INV02,AlarmWorkState1-DispatchRun,1004,Alarm,2026-03-23T11:43:57.3830000Z,2026-03-23T11:55:59.2110000Z,0.0,DispatchRun
SKB-TS2-INV04,AlarmWorkState1-DispatchRun,1004,Alarm,2026-03-23T11:43:57.4590000Z,2026-03-23T11:55:59.3160000Z,0.0,DispatchRun
SKB-TS1-INV05,AlarmWorkState1-DispatchRun,1004,Alarm,2026-03-23T11:43:57.4760000Z,2026-03-23T11:55:59.3250000Z,0.0,DispatchRun
SKB-TS2-INV01,AlarmWorkState1-DispatchRun,1004,Alarm,2026-03-23T11:57:58.8290000Z,2026-03-23T11:59:56.6760000Z,0.0,DispatchRun
SKB-TS2-INV05,AlarmWorkState1-DispatchRun,1004,Alarm,2026-03-23T11:57:59.8250000Z,2026-03-23T12:00:01.4840000Z,0.0,DispatchRun
SKB-TS1-INV01,AlarmWorkState1-DispatchRun,1004,Alarm,2026-03-23T11:57:59.8910000Z,2026-03-23T11:59:58.5110000Z,0.0,DispatchRun
SKB-TS2-INV06,AlarmWorkState1-DispatchRun,1004,Alarm,2026-03-23T11:57:59.9650000Z,2026-03-23T12:00:01.5760000Z,0.0,DispatchRun
SKB-TS1-INV03,AlarmWorkState1-DispatchRun,1004,Alarm,2026-03-23T11:58:00.0060000Z,2026-03-23T12:00:01.4110000Z,0.0,DispatchRun
SKB-TS2-INV02,AlarmWorkState1-DispatchRun,1004,Alarm,2026-03-23T11:58:00.0480000Z,2026-03-23T12:00:01.7500000Z,0.0,DispatchRun
SKB-TS1-INV08,AlarmWorkState1-DispatchRun,1004,Alarm,2026-03-23T11:58:00.1230000Z,2026-03-23T12:00:01.7030000Z,0.0,DispatchRun
SKB-TS2-INV03,AlarmWorkState1-DispatchRun,1004,Alarm,2026-03-23T11:58:00.1690000Z,2026-03-23T12:00:01.9180000Z,0.0,DispatchRun
SKB-TS1-INV04,AlarmWorkState1-DispatchRun,1004,Alarm,2026-03-23T11:58:00.2230000Z,2026-03-23T12:00:01.8850000Z,0.0,DispatchRun
SKB-TS2-INV08,AlarmWorkState1-DispatchRun,1004,Alarm,2026-03-23T11:58:00.6140000Z,2026-03-23T12:00:02.1450000Z,0.0,DispatchRun
SKB-TS1-INV02,AlarmWorkState1-DispatchRun,1004,Alarm,2026-03-23T11:58:00.7650000Z,2026-03-23T12:00:02.0870000Z,0.0,DispatchRun
SKB-TS2-INV04,AlarmWorkState1-DispatchRun,1004,Alarm,2026-03-23T11:58:00.8300000Z,2026-03-23T12:00:02.3460000Z,0.0,DispatchRun
SKB-TS1-INV05,AlarmWorkState1-DispatchRun,1004,Alarm,2026-03-23T11:58:00.9230000Z,2026-03-23T12:00:02.3150000Z,0.0,DispatchRun
SKB-TS2-INV01,AlarmWorkState1-DispatchRun,1004,Alarm,2026-03-23T12:00:26.6960000Z,2026-03-23T12:39:58.7720000Z,0.0,DispatchRun
SKB-TS1-INV01,AlarmWorkState1-DispatchRun,1004,Alarm,2026-03-23T12:00:28.6910000Z,2026-03-23T12:39:58.7650000Z,0.0,DispatchRun
SKB-TS2-INV02,AlarmWorkState1-DispatchRun,1004,Alarm,2026-03-23T12:00:28.7220000Z,2026-03-23T12:40:00.9400000Z,0.0,DispatchRun
SKB-TS1-INV03,AlarmWorkState1-DispatchRun,1004,Alarm,2026-03-23T12:00:28.7500000Z,2026-03-23T12:40:00.5940000Z,0.0,DispatchRun
SKB-TS2-INV03,AlarmWorkState1-DispatchRun,1004,Alarm,2026-03-23T12:00:28.7770000Z,2026-03-23T12:40:01.1190000Z,0.0,DispatchRun
SKB-TS1-INV08,AlarmWorkState1-DispatchRun,1004,Alarm,2026-03-23T12:00:28.8180000Z,2026-03-23T12:40:00.7960000Z,0.0,DispatchRun
SKB-TS2-INV08,AlarmWorkState1-DispatchRun,1004,Alarm,2026-03-23T12:00:28.9620000Z,2026-03-23T12:40:01.4140000Z,0.0,DispatchRun
SKB-TS2-INV04,AlarmWorkState1-DispatchRun,1004,Alarm,2026-03-23T12:00:29.0280000Z,2026-03-23T12:40:01.5490000Z,0.0,DispatchRun
SKB-TS1-INV02,AlarmWorkState1-DispatchRun,1004,Alarm,2026-03-23T12:00:29.0800000Z,2026-03-23T12:39:01.4100000Z,0.0,DispatchRun
SKB-TS2-INV05,AlarmWorkState1-DispatchRun,1004,Alarm,2026-03-23T12:00:58.5490000Z,2026-03-23T12:40:00.6460000Z,0.0,DispatchRun
SKB-TS2-INV06,AlarmWorkState1-DispatchRun,1004,Alarm,2026-03-23T12:00:58.6350000Z,2026-03-23T12:40:00.8550000Z,0.0,DispatchRun
SKB-TS1-INV04,AlarmWorkState1-DispatchRun,1004,Alarm,2026-03-23T12:00:58.8070000Z,2026-03-23T12:40:00.9210000Z,0.0,DispatchRun
SKB-TS1-INV05,AlarmWorkState1-DispatchRun,1004,Alarm,2026-03-23T12:00:59.1010000Z,2026-03-23T12:40:01.4190000Z,0.0,DispatchRun
SKB-TS1-INV02,AlarmWorkState1-AlarmRun,1001,Alarm,2026-03-23T12:39:01.4100000Z,2026-03-23T12:59:29.3560000Z,0.0,AlarmRun
SKB-TS1-INV02,AlarmWorkState1-AlarmRun,1001,Alarm,2026-03-23T13:09:59.7950000Z,2026-03-23T13:13:31.0890000Z,0.0,AlarmRun
SKB-TS1-INV02,AlarmWorkState1-AlarmRun,1001,Alarm,2026-03-23T13:44:01.9940000Z,2026-03-23T13:58:28.4180000Z,0.0,AlarmRun
SKB-TS2-INV01,AlarmWorkState1-DispatchRun,1004,Alarm,2026-03-26T08:37:57.9220000Z,2026-03-26T08:39:29.9000000Z,0.0,DispatchRun
SKB-TS1-INV01,AlarmWorkState1-DispatchRun,1004,Alarm,2026-03-26T08:37:58.7440000Z,2026-03-26T08:39:30.7500000Z,0.0,DispatchRun
SKB-TS2-INV02,AlarmWorkState1-DispatchRun,1004,Alarm,2026-03-26T08:37:58.8630000Z,2026-03-26T08:39:31.0820000Z,0.0,DispatchRun
SKB-TS1-INV03,AlarmWorkState1-DispatchRun,1004,Alarm,2026-03-26T08:37:58.8720000Z,2026-03-26T08:39:30.9420000Z,0.0,DispatchRun
SKB-TS2-INV03,AlarmWorkState1-DispatchRun,1004,Alarm,2026-03-26T08:37:58.9560000Z,2026-03-26T08:39:31.1890000Z,0.0,DispatchRun
SKB-TS1-INV08,AlarmWorkState1-DispatchRun,1004,Alarm,2026-03-26T08:37:58.9840000Z,2026-03-26T08:39:31.0430000Z,0.0,DispatchRun
SKB-TS1-INV04,AlarmWorkState1-DispatchRun,1004,Alarm,2026-03-26T08:37:59.0910000Z,2026-03-26T08:39:31.1060000Z,0.0,DispatchRun
SKB-TS2-INV08,AlarmWorkState1-DispatchRun,1004,Alarm,2026-03-26T08:37:59.1520000Z,2026-03-26T08:39:31.3850000Z,0.0,DispatchRun
SKB-TS2-INV04,AlarmWorkState1-DispatchRun,1004,Alarm,2026-03-26T08:37:59.2920000Z,2026-03-26T08:39:31.4560000Z,0.0,DispatchRun
SKB-TS1-INV02,AlarmWorkState1-DispatchRun,1004,Alarm,2026-03-26T08:37:59.3070000Z,2026-03-26T08:39:31.3220000Z,0.0,DispatchRun
SKB-TS1-INV05,AlarmWorkState1-DispatchRun,1004,Alarm,2026-03-26T08:37:59.4240000Z,2026-03-26T08:39:31.4280000Z,0.0,DispatchRun
SKB-TS2-INV05,AlarmWorkState1-DispatchRun,1004,Alarm,2026-03-26T08:38:31.0760000Z,2026-03-26T08:39:30.8280000Z,0.0,DispatchRun
SKB-TS2-INV06,AlarmWorkState1-DispatchRun,1004,Alarm,2026-03-26T08:38:31.1720000Z,2026-03-26T08:39:30.9710000Z,0.0,DispatchRun
SKB-TS2-INV05,AlarmWorkState1-DispatchRun,1004,Alarm,2026-03-26T10:07:01.5160000Z,2026-03-26T10:09:58.0780000Z,0.0,DispatchRun
SKB-TS2-INV01,AlarmWorkState1-DispatchRun,1004,Alarm,2026-03-26T10:07:27.9640000Z,2026-03-26T10:09:57.9390000Z,0.0,DispatchRun
SKB-TS1-INV01,AlarmWorkState1-DispatchRun,1004,Alarm,2026-03-26T10:07:28.0930000Z,2026-03-26T10:09:58.1260000Z,0.0,DispatchRun
SKB-TS1-INV03,AlarmWorkState1-DispatchRun,1004,Alarm,2026-03-26T10:07:28.1630000Z,2026-03-26T10:09:58.2450000Z,0.0,DispatchRun
SKB-TS2-INV06,AlarmWorkState1-DispatchRun,1004,Alarm,2026-03-26T10:07:28.1670000Z,2026-03-26T10:09:58.1300000Z,0.0,DispatchRun
SKB-TS2-INV02,AlarmWorkState1-DispatchRun,1004,Alarm,2026-03-26T10:07:28.1950000Z,2026-03-26T10:09:58.2830000Z,0.0,DispatchRun
SKB-TS1-INV08,AlarmWorkState1-DispatchRun,1004,Alarm,2026-03-26T10:07:28.2030000Z,2026-03-26T10:09:58.3270000Z,0.0,DispatchRun
SKB-TS2-INV03,AlarmWorkState1-DispatchRun,1004,Alarm,2026-03-26T10:07:28.2850000Z,2026-03-26T10:09:58.3400000Z,0.0,DispatchRun
SKB-TS1-INV04,AlarmWorkState1-DispatchRun,1004,Alarm,2026-03-26T10:07:28.2980000Z,2026-03-26T10:09:58.4450000Z,0.0,DispatchRun
SKB-TS2-INV08,AlarmWorkState1-DispatchRun,1004,Alarm,2026-03-26T10:07:28.5070000Z,2026-03-26T10:09:58.5780000Z,0.0,DispatchRun
SKB-TS1-INV02,AlarmWorkState1-DispatchRun,1004,Alarm,2026-03-26T10:07:28.5170000Z,2026-03-26T10:09:58.6800000Z,0.0,DispatchRun
SKB-TS2-INV04,AlarmWorkState1-DispatchRun,1004,Alarm,2026-03-26T10:07:28.6300000Z,2026-03-26T10:09:58.6790000Z,0.0,DispatchRun
SKB-TS1-INV05,AlarmWorkState1-DispatchRun,1004,Alarm,2026-03-26T10:07:28.6560000Z,2026-03-26T10:09:58.7700000Z,0.0,DispatchRun
SKB-TS2-INV01,AlarmWorkState1-DispatchRun,1004,Alarm,2026-03-26T10:14:00.0330000Z,2026-03-26T10:15:29.7020000Z,0.0,DispatchRun
SKB-TS1-INV01,AlarmWorkState1-DispatchRun,1004,Alarm,2026-03-26T10:14:00.1010000Z,2026-03-26T10:15:29.7900000Z,0.0,DispatchRun
SKB-TS1-INV03,AlarmWorkState1-DispatchRun,1004,Alarm,2026-03-26T10:14:00.1490000Z,2026-03-26T10:15:29.9000000Z,0.0,DispatchRun
SKB-TS1-INV08,AlarmWorkState1-DispatchRun,1004,Alarm,2026-03-26T10:14:00.2400000Z,2026-03-26T10:15:29.9880000Z,0.0,DispatchRun
SKB-TS2-INV02,AlarmWorkState1-DispatchRun,1004,Alarm,2026-03-26T10:14:00.2610000Z,2026-03-26T10:15:30.0290000Z,0.0,DispatchRun
SKB-TS1-INV04,AlarmWorkState1-DispatchRun,1004,Alarm,2026-03-26T10:14:00.5670000Z,2026-03-26T10:15:30.1100000Z,0.0,DispatchRun
SKB-TS2-INV03,AlarmWorkState1-DispatchRun,1004,Alarm,2026-03-26T10:14:00.6270000Z,2026-03-26T10:15:30.1120000Z,0.0,DispatchRun
SKB-TS1-INV02,AlarmWorkState1-DispatchRun,1004,Alarm,2026-03-26T10:14:00.9500000Z,2026-03-26T10:15:30.2600000Z,0.0,DispatchRun
SKB-TS2-INV08,AlarmWorkState1-DispatchRun,1004,Alarm,2026-03-26T10:14:00.9540000Z,2026-03-26T10:15:30.2790000Z,0.0,DispatchRun
SKB-TS1-INV05,AlarmWorkState1-DispatchRun,1004,Alarm,2026-03-26T10:14:01.1930000Z,2026-03-26T10:15:30.3450000Z,0.0,DispatchRun
SKB-TS2-INV05,AlarmWorkState1-DispatchRun,1004,Alarm,2026-03-26T10:14:29.3320000Z,2026-03-26T10:15:29.8390000Z,0.0,DispatchRun
SKB-TS2-INV06,AlarmWorkState1-DispatchRun,1004,Alarm,2026-03-26T10:14:30.2270000Z,2026-03-26T10:15:29.9500000Z,0.0,DispatchRun
SKB-TS2-INV04,AlarmWorkState1-DispatchRun,1004,Alarm,2026-03-26T10:14:30.8230000Z,2026-03-26T10:15:30.3680000Z,0.0,DispatchRun
SKB-TS1-INV02,AlarmWorkState1-AlarmRun,1001,Alarm,2026-03-26T10:15:30.2600000Z,2026-03-26T10:21:00.2680000Z,0.0,AlarmRun
SKB-TS1-INV02,AlarmWorkState1-AlarmRun,1001,Alarm,2026-03-26T10:57:01.0740000Z,2026-03-26T10:57:32.2210000Z,0.0,AlarmRun
SKB-TS2-INV01,AlarmWorkState1-DispatchRun,1004,Alarm,2026-03-26T11:20:27.9560000Z,2026-03-26T11:21:27.9550000Z,0.0,DispatchRun
SKB-TS1-INV01,AlarmWorkState1-DispatchRun,1004,Alarm,2026-03-26T11:20:28.1060000Z,2026-03-26T11:21:28.0570000Z,0.0,DispatchRun
SKB-TS2-INV05,AlarmWorkState1-DispatchRun,1004,Alarm,2026-03-26T11:20:28.1150000Z,2026-03-26T11:21:28.1070000Z,0.0,DispatchRun
SKB-TS1-INV03,AlarmWorkState1-DispatchRun,1004,Alarm,2026-03-26T11:20:28.2260000Z,2026-03-26T11:21:28.1570000Z,0.0,DispatchRun
SKB-TS2-INV06,AlarmWorkState1-DispatchRun,1004,Alarm,2026-03-26T11:20:28.2280000Z,2026-03-26T11:21:28.1880000Z,0.0,DispatchRun
SKB-TS2-INV02,AlarmWorkState1-DispatchRun,1004,Alarm,2026-03-26T11:20:28.2950000Z,2026-03-26T11:21:28.2990000Z,0.0,DispatchRun
SKB-TS1-INV08,AlarmWorkState1-DispatchRun,1004,Alarm,2026-03-26T11:20:28.2970000Z,2026-03-26T11:21:28.2650000Z,0.0,DispatchRun
SKB-TS2-INV03,AlarmWorkState1-DispatchRun,1004,Alarm,2026-03-26T11:20:28.4120000Z,2026-03-26T11:21:28.3910000Z,0.0,DispatchRun
SKB-TS1-INV04,AlarmWorkState1-DispatchRun,1004,Alarm,2026-03-26T11:20:28.4140000Z,2026-03-26T11:21:28.3730000Z,0.0,DispatchRun
SKB-TS2-INV08,AlarmWorkState1-DispatchRun,1004,Alarm,2026-03-26T11:20:28.5780000Z,2026-03-26T11:21:59.8050000Z,0.0,DispatchRun
SKB-TS2-INV04,AlarmWorkState1-DispatchRun,1004,Alarm,2026-03-26T11:20:28.6700000Z,2026-03-26T11:21:28.7150000Z,0.0,DispatchRun
SKB-TS1-INV05,AlarmWorkState1-DispatchRun,1004,Alarm,2026-03-26T11:20:28.6780000Z,2026-03-26T11:21:28.7130000Z,0.0,DispatchRun
SKB-TS1-INV02,AlarmWorkState1-DispatchRun,1004,Alarm,2026-03-26T11:20:58.4750000Z,2026-03-26T11:21:28.5980000Z,0.0,DispatchRun
SKB-TS2-INV01,AlarmWorkState1-DispatchRun,1004,Alarm,2026-03-26T11:44:28.0340000Z,2026-03-26T11:44:57.9300000Z,0.0,DispatchRun
SKB-TS1-INV01,AlarmWorkState1-DispatchRun,1004,Alarm,2026-03-26T11:44:28.1420000Z,2026-03-26T11:44:58.0530000Z,0.0,DispatchRun
SKB-TS2-INV05,AlarmWorkState1-DispatchRun,1004,Alarm,2026-03-26T11:44:30.1940000Z,2026-03-26T11:44:58.0780000Z,0.0,DispatchRun
SKB-TS1-INV03,AlarmWorkState1-DispatchRun,1004,Alarm,2026-03-26T11:44:30.2080000Z,2026-03-26T11:44:58.2030000Z,0.0,DispatchRun
SKB-TS2-INV06,AlarmWorkState1-DispatchRun,1004,Alarm,2026-03-26T11:44:30.3000000Z,2026-03-26T11:44:58.2090000Z,0.0,DispatchRun
SKB-TS1-INV08,AlarmWorkState1-DispatchRun,1004,Alarm,2026-03-26T11:44:30.3030000Z,2026-03-26T11:44:58.2720000Z,0.0,DispatchRun
SKB-TS2-INV02,AlarmWorkState1-DispatchRun,1004,Alarm,2026-03-26T11:44:30.4150000Z,2026-03-26T11:44:58.2710000Z,0.0,DispatchRun
SKB-TS1-INV04,AlarmWorkState1-DispatchRun,1004,Alarm,2026-03-26T11:44:30.4230000Z,2026-03-26T11:44:58.3610000Z,0.0,DispatchRun
SKB-TS2-INV03,AlarmWorkState1-DispatchRun,1004,Alarm,2026-03-26T11:44:30.5610000Z,2026-03-26T11:44:58.3600000Z,0.0,DispatchRun
SKB-TS1-INV02,AlarmWorkState1-DispatchRun,1004,Alarm,2026-03-26T11:44:30.6390000Z,2026-03-26T11:44:58.5880000Z,0.0,DispatchRun
SKB-TS2-INV08,AlarmWorkState1-DispatchRun,1004,Alarm,2026-03-26T11:44:30.6720000Z,2026-03-26T11:44:58.5870000Z,0.0,DispatchRun
SKB-TS1-INV05,AlarmWorkState1-DispatchRun,1004,Alarm,2026-03-26T11:44:30.6770000Z,2026-03-26T11:44:58.6600000Z,0.0,DispatchRun
SKB-TS2-INV04,AlarmWorkState1-DispatchRun,1004,Alarm,2026-03-26T11:44:30.7780000Z,2026-03-26T11:44:58.6360000Z,0.0,DispatchRun
SKB-TS2-INV01,AlarmWorkState1-DispatchRun,1004,Alarm,2026-03-26T11:45:57.9500000Z,2026-03-26T11:46:57.9740000Z,0.0,DispatchRun
SKB-TS1-INV01,AlarmWorkState1-DispatchRun,1004,Alarm,2026-03-26T11:46:00.7050000Z,2026-03-26T11:46:59.9660000Z,0.0,DispatchRun
SKB-TS2-INV05,AlarmWorkState1-DispatchRun,1004,Alarm,2026-03-26T11:46:00.8070000Z,2026-03-26T11:46:59.9160000Z,0.0,DispatchRun
SKB-TS1-INV03,AlarmWorkState1-DispatchRun,1004,Alarm,2026-03-26T11:46:00.9520000Z,2026-03-26T11:47:00.0850000Z,0.0,DispatchRun
SKB-TS2-INV06,AlarmWorkState1-DispatchRun,1004,Alarm,2026-03-26T11:46:00.9750000Z,2026-03-26T11:47:00.0680000Z,0.0,DispatchRun
SKB-TS1-INV08,AlarmWorkState1-DispatchRun,1004,Alarm,2026-03-26T11:46:01.0910000Z,2026-03-26T11:47:00.2060000Z,0.0,DispatchRun
SKB-TS2-INV02,AlarmWorkState1-DispatchRun,1004,Alarm,2026-03-26T11:46:01.1160000Z,2026-03-26T11:47:00.1880000Z,0.0,DispatchRun
SKB-TS1-INV04,AlarmWorkState1-DispatchRun,1004,Alarm,2026-03-26T11:46:01.2690000Z,2026-03-26T11:47:00.5930000Z,0.0,DispatchRun
SKB-TS2-INV03,AlarmWorkState1-DispatchRun,1004,Alarm,2026-03-26T11:46:01.3150000Z,2026-03-26T11:47:00.2780000Z,0.0,DispatchRun
SKB-TS1-INV02,AlarmWorkState1-DispatchRun,1004,Alarm,2026-03-26T11:46:01.5620000Z,2026-03-26T11:47:00.8960000Z,0.0,DispatchRun
SKB-TS2-INV08,AlarmWorkState1-DispatchRun,1004,Alarm,2026-03-26T11:46:01.6180000Z,2026-03-26T11:47:00.7940000Z,0.0,DispatchRun
SKB-TS1-INV05,AlarmWorkState1-DispatchRun,1004,Alarm,2026-03-26T11:46:01.7480000Z,2026-03-26T11:47:01.0010000Z,0.0,DispatchRun
SKB-TS2-INV04,AlarmWorkState1-DispatchRun,1004,Alarm,2026-03-26T11:46:01.7800000Z,2026-03-26T11:47:00.9660000Z,0.0,DispatchRun
SKB-TS2-INV01,AlarmWorkState1-DispatchRun,1004,Alarm,2026-03-26T12:20:57.9440000Z,2026-03-26T12:21:57.9330000Z,0.0,DispatchRun
SKB-TS1-INV01,AlarmWorkState1-DispatchRun,1004,Alarm,2026-03-26T12:21:01.7110000Z,2026-03-26T12:22:01.1640000Z,0.0,DispatchRun
SKB-TS2-INV05,AlarmWorkState1-DispatchRun,1004,Alarm,2026-03-26T12:21:01.7540000Z,2026-03-26T12:21:59.1850000Z,0.0,DispatchRun
SKB-TS2-INV06,AlarmWorkState1-DispatchRun,1004,Alarm,2026-03-26T12:21:01.9180000Z,2026-03-26T12:22:02.1070000Z,0.0,DispatchRun
SKB-TS1-INV03,AlarmWorkState1-DispatchRun,1004,Alarm,2026-03-26T12:21:01.9190000Z,2026-03-26T12:22:02.3810000Z,0.0,DispatchRun
SKB-TS2-INV02,AlarmWorkState1-DispatchRun,1004,Alarm,2026-03-26T12:21:02.1690000Z,2026-03-26T12:22:02.3830000Z,0.0,DispatchRun
SKB-TS1-INV08,AlarmWorkState1-DispatchRun,1004,Alarm,2026-03-26T12:21:02.1700000Z,2026-03-26T12:22:02.4510000Z,0.0,DispatchRun
SKB-TS2-INV03,AlarmWorkState1-DispatchRun,1004,Alarm,2026-03-26T12:21:02.3640000Z,2026-03-26T12:22:02.4610000Z,0.0,DispatchRun
SKB-TS1-INV04,AlarmWorkState1-DispatchRun,1004,Alarm,2026-03-26T12:21:02.3680000Z,2026-03-26T12:22:02.5490000Z,0.0,DispatchRun
SKB-TS2-INV08,AlarmWorkState1-DispatchRun,1004,Alarm,2026-03-26T12:21:02.5940000Z,2026-03-26T12:22:02.6770000Z,0.0,DispatchRun
SKB-TS1-INV02,AlarmWorkState1-DispatchRun,1004,Alarm,2026-03-26T12:21:02.5950000Z,2026-03-26T12:22:02.7150000Z,0.0,DispatchRun
SKB-TS2-INV04,AlarmWorkState1-DispatchRun,1004,Alarm,2026-03-26T12:21:02.6850000Z,2026-03-26T12:22:02.7140000Z,0.0,DispatchRun
SKB-TS1-INV05,AlarmWorkState1-DispatchRun,1004,Alarm,2026-03-26T12:21:02.6870000Z,2026-03-26T12:22:02.7780000Z,0.0,DispatchRun
SKB-TS2-INV01,AlarmWorkState1-DispatchRun,1004,Alarm,2026-03-26T12:44:28.0240000Z,2026-03-26T12:47:27.9280000Z,0.0,DispatchRun
SKB-TS1-INV01,AlarmWorkState1-DispatchRun,1004,Alarm,2026-03-26T12:44:28.1000000Z,2026-03-26T12:47:29.5310000Z,0.0,DispatchRun
SKB-TS2-INV05,AlarmWorkState1-DispatchRun,1004,Alarm,2026-03-26T12:44:28.1060000Z,2026-03-26T12:47:29.4960000Z,0.0,DispatchRun
SKB-TS1-INV03,AlarmWorkState1-DispatchRun,1004,Alarm,2026-03-26T12:44:28.2160000Z,2026-03-26T12:47:29.6380000Z,0.0,DispatchRun
SKB-TS2-INV06,AlarmWorkState1-DispatchRun,1004,Alarm,2026-03-26T12:44:28.2190000Z,2026-03-26T12:47:29.5450000Z,0.0,DispatchRun
SKB-TS1-INV08,AlarmWorkState1-DispatchRun,1004,Alarm,2026-03-26T12:44:28.2710000Z,2026-03-26T12:47:29.7180000Z,0.0,DispatchRun
SKB-TS2-INV02,AlarmWorkState1-DispatchRun,1004,Alarm,2026-03-26T12:44:28.2780000Z,2026-03-26T12:47:29.6530000Z,0.0,DispatchRun
SKB-TS1-INV04,AlarmWorkState1-DispatchRun,1004,Alarm,2026-03-26T12:44:28.3840000Z,2026-03-26T12:47:29.8490000Z,0.0,DispatchRun
SKB-TS2-INV03,AlarmWorkState1-DispatchRun,1004,Alarm,2026-03-26T12:44:28.3920000Z,2026-03-26T12:47:29.7420000Z,0.0,DispatchRun
SKB-TS2-INV08,AlarmWorkState1-DispatchRun,1004,Alarm,2026-03-26T12:44:28.5520000Z,2026-03-26T12:47:29.9250000Z,0.0,DispatchRun
SKB-TS1-INV05,AlarmWorkState1-DispatchRun,1004,Alarm,2026-03-26T12:44:28.6230000Z,2026-03-26T12:47:30.1150000Z,0.0,DispatchRun
SKB-TS2-INV04,AlarmWorkState1-DispatchRun,1004,Alarm,2026-03-26T12:44:28.6390000Z,2026-03-26T12:47:30.0050000Z,0.0,DispatchRun
SKB-TS1-INV02,AlarmWorkState1-DispatchRun,1004,Alarm,2026-03-26T12:45:01.8420000Z,2026-03-26T12:47:30.0060000Z,0.0,DispatchRun
SKB-TS2-INV01,AlarmWorkState1-DispatchRun,1004,Alarm,2026-03-26T12:48:30.2010000Z,2026-03-26T12:48:59.7330000Z,0.0,DispatchRun
SKB-TS1-INV01,AlarmWorkState1-DispatchRun,1004,Alarm,2026-03-26T12:48:30.3170000Z,2026-03-26T12:48:59.8690000Z,0.0,DispatchRun
SKB-TS2-INV05,AlarmWorkState1-DispatchRun,1004,Alarm,2026-03-26T12:48:30.3240000Z,2026-03-26T12:48:59.9050000Z,0.0,DispatchRun
SKB-TS1-INV03,AlarmWorkState1-DispatchRun,1004,Alarm,2026-03-26T12:48:30.4530000Z,2026-03-26T12:49:00.0000000Z,0.0,DispatchRun
SKB-TS2-INV06,AlarmWorkState1-DispatchRun,1004,Alarm,2026-03-26T12:48:30.4640000Z,2026-03-26T12:49:00.0270000Z,0.0,DispatchRun
SKB-TS1-INV08,AlarmWorkState1-DispatchRun,1004,Alarm,2026-03-26T12:48:30.5860000Z,2026-03-26T12:49:00.0890000Z,0.0,DispatchRun
SKB-TS1-INV04,AlarmWorkState1-DispatchRun,1004,Alarm,2026-03-26T12:48:30.6640000Z,2026-03-26T12:49:00.1860000Z,0.0,DispatchRun
SKB-TS2-INV03,AlarmWorkState1-DispatchRun,1004,Alarm,2026-03-26T12:48:30.6770000Z,2026-03-26T12:49:00.2180000Z,0.0,DispatchRun
SKB-TS1-INV02,AlarmWorkState1-DispatchRun,1004,Alarm,2026-03-26T12:48:30.8090000Z,2026-03-26T12:49:00.7940000Z,0.0,DispatchRun
SKB-TS2-INV08,AlarmWorkState1-DispatchRun,1004,Alarm,2026-03-26T12:48:30.8350000Z,2026-03-26T12:49:00.8030000Z,0.0,DispatchRun
SKB-TS1-INV05,AlarmWorkState1-DispatchRun,1004,Alarm,2026-03-26T12:48:30.8830000Z,2026-03-26T12:49:00.9600000Z,0.0,DispatchRun
SKB-TS2-INV04,AlarmWorkState1-DispatchRun,1004,Alarm,2026-03-26T12:48:30.9180000Z,2026-03-26T12:49:01.0040000Z,0.0,DispatchRun
SKB-TS1-INV02,AlarmWorkState1-AlarmRun,1001,Alarm,2026-03-27T06:55:01.3370000Z,2026-03-27T09:21:02.5450000Z,0.0,AlarmRun
SKB-TS2-INV01,AlarmWorkState1-DispatchRun,1004,Alarm,2026-03-27T09:10:29.2750000Z,2026-03-27T09:19:59.4260000Z,0.0,DispatchRun
SKB-TS1-INV01,AlarmWorkState1-DispatchRun,1004,Alarm,2026-03-27T09:10:31.3170000Z,2026-03-27T09:20:00.2290000Z,0.0,DispatchRun
SKB-TS2-INV05,AlarmWorkState1-DispatchRun,1004,Alarm,2026-03-27T09:10:31.3280000Z,2026-03-27T09:20:00.5870000Z,0.0,DispatchRun
SKB-TS1-INV03,AlarmWorkState1-DispatchRun,1004,Alarm,2026-03-27T09:10:31.4620000Z,2026-03-27T09:20:00.6830000Z,0.0,DispatchRun
SKB-TS2-INV06,AlarmWorkState1-DispatchRun,1004,Alarm,2026-03-27T09:10:31.4720000Z,2026-03-27T09:20:00.8230000Z,0.0,DispatchRun
SKB-TS1-INV08,AlarmWorkState1-DispatchRun,1004,Alarm,2026-03-27T09:10:31.5770000Z,2026-03-27T09:20:00.8620000Z,0.0,DispatchRun
SKB-TS2-INV03,AlarmWorkState1-DispatchRun,1004,Alarm,2026-03-27T09:10:31.6760000Z,2026-03-27T09:20:01.1370000Z,0.0,DispatchRun
SKB-TS2-INV04,AlarmWorkState1-DispatchRun,1004,Alarm,2026-03-27T09:10:31.9770000Z,2026-03-27T09:20:02.2140000Z,0.0,DispatchRun
SKB-TS1-INV05,AlarmWorkState1-DispatchRun,1004,Alarm,2026-03-27T09:10:31.9840000Z,2026-03-27T09:20:01.4890000Z,0.0,DispatchRun
SKB-TS2-INV02,AlarmWorkState1-DispatchRun,1004,Alarm,2026-03-27T09:10:59.3060000Z,2026-03-27T09:20:00.9450000Z,0.0,DispatchRun
SKB-TS1-INV04,AlarmWorkState1-DispatchRun,1004,Alarm,2026-03-27T09:13:30.5710000Z,2026-03-27T09:20:01.0110000Z,0.0,DispatchRun
SKB-TS2-INV01,AlarmWorkState1-DispatchRun,1004,Alarm,2026-03-27T09:20:28.3080000Z,2026-03-27T09:37:28.3130000Z,0.0,DispatchRun
SKB-TS1-INV01,AlarmWorkState1-DispatchRun,1004,Alarm,2026-03-27T09:20:29.5930000Z,2026-03-27T09:37:28.4120000Z,0.0,DispatchRun
SKB-TS2-INV05,AlarmWorkState1-DispatchRun,1004,Alarm,2026-03-27T09:20:29.6430000Z,2026-03-27T09:37:28.4530000Z,0.0,DispatchRun
SKB-TS1-INV03,AlarmWorkState1-DispatchRun,1004,Alarm,2026-03-27T09:20:29.6740000Z,2026-03-27T09:37:28.5620000Z,0.0,DispatchRun
SKB-TS2-INV06,AlarmWorkState1-DispatchRun,1004,Alarm,2026-03-27T09:20:29.7090000Z,2026-03-27T09:37:28.5760000Z,0.0,DispatchRun
SKB-TS1-INV08,AlarmWorkState1-DispatchRun,1004,Alarm,2026-03-27T09:20:29.7550000Z,2026-03-27T09:37:28.7670000Z,0.0,DispatchRun
SKB-TS2-INV02,AlarmWorkState1-DispatchRun,1004,Alarm,2026-03-27T09:20:29.7630000Z,2026-03-27T09:37:28.7820000Z,0.0,DispatchRun
SKB-TS1-INV04,AlarmWorkState1-DispatchRun,1004,Alarm,2026-03-27T09:20:29.8350000Z,2026-03-27T09:37:28.8540000Z,0.0,DispatchRun
SKB-TS2-INV03,AlarmWorkState1-DispatchRun,1004,Alarm,2026-03-27T09:20:29.8620000Z,2026-03-27T09:37:28.9310000Z,0.0,DispatchRun
SKB-TS1-INV05,AlarmWorkState1-DispatchRun,1004,Alarm,2026-03-27T09:20:30.1250000Z,2026-03-27T09:37:29.2000000Z,0.0,DispatchRun
SKB-TS2-INV04,AlarmWorkState1-DispatchRun,1004,Alarm,2026-03-27T09:20:30.1450000Z,2026-03-27T09:37:29.2660000Z,0.0,DispatchRun
SKB-TS1-INV02,AlarmWorkState1-DispatchRun,1004,Alarm,2026-03-27T09:21:02.5450000Z,2026-03-27T09:37:29.1250000Z,0.0,DispatchRun
SKB-TS2-INV08,AlarmWorkState1-DispatchRun,1004,Alarm,2026-03-27T09:21:02.5720000Z,2026-03-27T09:37:29.1470000Z,0.0,DispatchRun
SKB-TS1-INV02,AlarmWorkState1-AlarmRun,1001,Alarm,2026-03-27T09:37:29.1250000Z,2026-03-27T09:40:30.9960000Z,0.0,AlarmRun
SKB-TS2-INV01,AlarmWorkState1-DispatchRun,1004,Alarm,2026-03-27T09:40:28.6320000Z,2026-03-27T12:39:28.3710000Z,0.0,DispatchRun
SKB-TS1-INV01,AlarmWorkState1-DispatchRun,1004,Alarm,2026-03-27T09:40:29.3800000Z,2026-03-27T12:39:31.8460000Z,0.0,DispatchRun
SKB-TS2-INV05,AlarmWorkState1-DispatchRun,1004,Alarm,2026-03-27T09:40:30.4820000Z,2026-03-27T12:37:30.3950000Z,0.0,DispatchRun
SKB-TS2-INV06,AlarmWorkState1-DispatchRun,1004,Alarm,2026-03-27T09:40:30.6420000Z,2026-03-27T12:39:31.9030000Z,0.0,DispatchRun
SKB-TS1-INV03,AlarmWorkState1-DispatchRun,1004,Alarm,2026-03-27T09:40:30.6430000Z,2026-03-27T12:39:31.9750000Z,0.0,DispatchRun
SKB-TS2-INV02,AlarmWorkState1-DispatchRun,1004,Alarm,2026-03-27T09:40:30.6880000Z,2026-03-27T12:39:32.0040000Z,0.0,DispatchRun
SKB-TS1-INV08,AlarmWorkState1-DispatchRun,1004,Alarm,2026-03-27T09:40:30.6930000Z,2026-03-27T12:39:32.0740000Z,0.0,DispatchRun
SKB-TS2-INV03,AlarmWorkState1-DispatchRun,1004,Alarm,2026-03-27T09:40:30.7200000Z,2026-03-27T12:39:32.1040000Z,0.0,DispatchRun
SKB-TS1-INV04,AlarmWorkState1-DispatchRun,1004,Alarm,2026-03-27T09:40:30.7430000Z,2026-03-27T12:39:32.1370000Z,0.0,DispatchRun
SKB-TS2-INV08,AlarmWorkState1-DispatchRun,1004,Alarm,2026-03-27T09:40:30.9710000Z,2026-03-27T12:36:31.9490000Z,0.0,DispatchRun
SKB-TS1-INV02,AlarmWorkState1-DispatchRun,1004,Alarm,2026-03-27T09:40:30.9960000Z,2026-03-27T12:33:28.9870000Z,0.0,DispatchRun
SKB-TS2-INV04,AlarmWorkState1-DispatchRun,1004,Alarm,2026-03-27T09:40:31.0870000Z,2026-03-27T12:39:32.3650000Z,0.0,DispatchRun
SKB-TS1-INV05,AlarmWorkState1-DispatchRun,1004,Alarm,2026-03-27T09:40:31.1120000Z,2026-03-27T12:39:32.3920000Z,0.0,DispatchRun
SKB-TS1-INV02,AlarmWorkState1-AlarmRun,1001,Alarm,2026-03-27T12:33:28.9870000Z,2026-03-27T15:09:02.7780000Z,0.0,AlarmRun
SKB-TS2-INV05,AlarmWorkState1-DispatchRun,1004,Alarm,2026-03-29T10:21:01.1300000Z,2026-03-29T10:21:59.2670000Z,0.0,DispatchRun
SKB-TS1-INV01,AlarmWorkState1-DispatchRun,1004,Alarm,2026-03-29T10:21:01.2170000Z,2026-03-29T10:21:59.2450000Z,0.0,DispatchRun
SKB-TS2-INV06,AlarmWorkState1-DispatchRun,1004,Alarm,2026-03-29T10:21:01.3470000Z,2026-03-29T10:21:59.3170000Z,0.0,DispatchRun
SKB-TS1-INV03,AlarmWorkState1-DispatchRun,1004,Alarm,2026-03-29T10:21:01.3790000Z,2026-03-29T10:21:59.3180000Z,0.0,DispatchRun
SKB-TS2-INV02,AlarmWorkState1-DispatchRun,1004,Alarm,2026-03-29T10:21:01.4300000Z,2026-03-29T10:21:59.4090000Z,0.0,DispatchRun
SKB-TS1-INV08,AlarmWorkState1-DispatchRun,1004,Alarm,2026-03-29T10:21:01.5260000Z,2026-03-29T10:21:59.4100000Z,0.0,DispatchRun
SKB-TS2-INV03,AlarmWorkState1-DispatchRun,1004,Alarm,2026-03-29T10:21:01.6160000Z,2026-03-29T10:21:59.4740000Z,0.0,DispatchRun
SKB-TS1-INV04,AlarmWorkState1-DispatchRun,1004,Alarm,2026-03-29T10:21:01.7360000Z,2026-03-29T10:21:59.4750000Z,0.0,DispatchRun
SKB-TS2-INV08,AlarmWorkState1-DispatchRun,1004,Alarm,2026-03-29T10:21:01.9120000Z,2026-03-29T10:21:59.7010000Z,0.0,DispatchRun
SKB-TS1-INV02,AlarmWorkState1-DispatchRun,1004,Alarm,2026-03-29T10:21:02.0650000Z,2026-03-29T10:21:59.7030000Z,0.0,DispatchRun
SKB-TS2-INV04,AlarmWorkState1-DispatchRun,1004,Alarm,2026-03-29T10:21:02.1150000Z,2026-03-29T10:21:59.8030000Z,0.0,DispatchRun
SKB-TS1-INV05,AlarmWorkState1-DispatchRun,1004,Alarm,2026-03-29T10:21:02.2800000Z,2026-03-29T10:21:59.8050000Z,0.0,DispatchRun
SKB-TS2-INV05,AlarmWorkState1-DispatchRun,1004,Alarm,2026-03-29T10:27:31.2620000Z,2026-03-29T10:28:01.5660000Z,0.0,DispatchRun
SKB-TS2-INV06,AlarmWorkState1-DispatchRun,1004,Alarm,2026-03-29T10:27:32.2870000Z,2026-03-29T10:28:01.6980000Z,0.0,DispatchRun
SKB-TS1-INV01,AlarmWorkState1-DispatchRun,1004,Alarm,2026-03-29T10:27:32.2930000Z,2026-03-29T10:28:00.1130000Z,0.0,DispatchRun
SKB-TS2-INV02,AlarmWorkState1-DispatchRun,1004,Alarm,2026-03-29T10:27:32.3610000Z,2026-03-29T10:28:01.9040000Z,0.0,DispatchRun
SKB-TS1-INV03,AlarmWorkState1-DispatchRun,1004,Alarm,2026-03-29T10:27:32.3660000Z,2026-03-29T10:28:01.3190000Z,0.0,DispatchRun
SKB-TS2-INV03,AlarmWorkState1-DispatchRun,1004,Alarm,2026-03-29T10:27:32.3840000Z,2026-03-29T10:28:02.0810000Z,0.0,DispatchRun
SKB-TS1-INV08,AlarmWorkState1-DispatchRun,1004,Alarm,2026-03-29T10:27:32.4340000Z,2026-03-29T10:28:01.5650000Z,0.0,DispatchRun
SKB-TS1-INV04,AlarmWorkState1-DispatchRun,1004,Alarm,2026-03-29T10:27:32.5770000Z,2026-03-29T10:28:01.6790000Z,0.0,DispatchRun
SKB-TS2-INV08,AlarmWorkState1-DispatchRun,1004,Alarm,2026-03-29T10:27:32.6050000Z,2026-03-29T10:28:02.4290000Z,0.0,DispatchRun
SKB-TS2-INV04,AlarmWorkState1-DispatchRun,1004,Alarm,2026-03-29T10:27:32.7120000Z,2026-03-29T10:28:02.5530000Z,0.0,DispatchRun
SKB-TS1-INV02,AlarmWorkState1-DispatchRun,1004,Alarm,2026-03-29T10:27:32.7870000Z,2026-03-29T10:28:02.0550000Z,0.0,DispatchRun
SKB-TS1-INV05,AlarmWorkState1-DispatchRun,1004,Alarm,2026-03-29T10:27:32.8360000Z,2026-03-29T10:28:02.2530000Z,0.0,DispatchRun
SKB-TS2-INV05,AlarmWorkState1-DispatchRun,1004,Alarm,2026-03-29T10:28:29.2800000Z,2026-03-29T10:29:00.9950000Z,0.0,DispatchRun
SKB-TS1-INV01,AlarmWorkState1-DispatchRun,1004,Alarm,2026-03-29T10:28:29.3430000Z,2026-03-29T10:29:00.8860000Z,0.0,DispatchRun
SKB-TS2-INV06,AlarmWorkState1-DispatchRun,1004,Alarm,2026-03-29T10:28:29.4030000Z,2026-03-29T10:29:01.1430000Z,0.0,DispatchRun
SKB-TS1-INV03,AlarmWorkState1-DispatchRun,1004,Alarm,2026-03-29T10:28:29.4740000Z,2026-03-29T10:29:01.0380000Z,0.0,DispatchRun
SKB-TS2-INV02,AlarmWorkState1-DispatchRun,1004,Alarm,2026-03-29T10:28:29.5260000Z,2026-03-29T10:29:01.3250000Z,0.0,DispatchRun
SKB-TS1-INV08,AlarmWorkState1-DispatchRun,1004,Alarm,2026-03-29T10:28:29.5520000Z,2026-03-29T10:29:01.2520000Z,0.0,DispatchRun
SKB-TS2-INV03,AlarmWorkState1-DispatchRun,1004,Alarm,2026-03-29T10:28:29.6310000Z,2026-03-29T10:29:01.5060000Z,0.0,DispatchRun
SKB-TS1-INV04,AlarmWorkState1-DispatchRun,1004,Alarm,2026-03-29T10:28:29.6690000Z,2026-03-29T10:29:01.4450000Z,0.0,DispatchRun
SKB-TS2-INV08,AlarmWorkState1-DispatchRun,1004,Alarm,2026-03-29T10:28:29.8420000Z,2026-03-29T10:29:01.9080000Z,0.0,DispatchRun
SKB-TS1-INV02,AlarmWorkState1-DispatchRun,1004,Alarm,2026-03-29T10:28:29.8710000Z,2026-03-29T10:29:01.8460000Z,0.0,DispatchRun
SKB-TS2-INV04,AlarmWorkState1-DispatchRun,1004,Alarm,2026-03-29T10:28:29.9200000Z,2026-03-29T10:29:02.7750000Z,0.0,DispatchRun
SKB-TS1-INV01,AlarmWorkState1-DispatchRun,1004,Alarm,2026-03-29T11:38:02.5230000Z,2026-03-29T11:39:29.3220000Z,0.0,DispatchRun
SKB-TS2-INV05,AlarmWorkState1-DispatchRun,1004,Alarm,2026-03-29T11:38:02.6020000Z,2026-03-29T11:39:29.2790000Z,0.0,DispatchRun
SKB-TS1-INV03,AlarmWorkState1-DispatchRun,1004,Alarm,2026-03-29T11:38:02.6350000Z,2026-03-29T11:39:29.4020000Z,0.0,DispatchRun
SKB-TS2-INV06,AlarmWorkState1-DispatchRun,1004,Alarm,2026-03-29T11:38:02.6780000Z,2026-03-29T11:39:29.3850000Z,0.0,DispatchRun
SKB-TS1-INV08,AlarmWorkState1-DispatchRun,1004,Alarm,2026-03-29T11:38:02.7340000Z,2026-03-29T11:39:29.5010000Z,0.0,DispatchRun
SKB-TS2-INV02,AlarmWorkState1-DispatchRun,1004,Alarm,2026-03-29T11:38:02.7700000Z,2026-03-29T11:39:29.4930000Z,0.0,DispatchRun
SKB-TS1-INV04,AlarmWorkState1-DispatchRun,1004,Alarm,2026-03-29T11:38:02.8600000Z,2026-03-29T11:39:29.6100000Z,0.0,DispatchRun
SKB-TS2-INV03,AlarmWorkState1-DispatchRun,1004,Alarm,2026-03-29T11:38:02.8850000Z,2026-03-29T11:39:29.5900000Z,0.0,DispatchRun
SKB-TS1-INV02,AlarmWorkState1-DispatchRun,1004,Alarm,2026-03-29T11:38:02.9540000Z,2026-03-29T11:39:29.8350000Z,0.0,DispatchRun
SKB-TS2-INV08,AlarmWorkState1-DispatchRun,1004,Alarm,2026-03-29T11:38:03.0180000Z,2026-03-29T11:39:29.8240000Z,0.0,DispatchRun
SKB-TS1-INV05,AlarmWorkState1-DispatchRun,1004,Alarm,2026-03-29T11:38:03.0290000Z,2026-03-29T11:39:29.8850000Z,0.0,DispatchRun
SKB-TS2-INV04,AlarmWorkState1-DispatchRun,1004,Alarm,2026-03-29T11:38:03.1020000Z,2026-03-29T11:39:29.8680000Z,0.0,DispatchRun
SKB-TS1-INV01,AlarmWorkState1-DispatchRun,1004,Alarm,2026-03-29T12:06:00.8260000Z,2026-03-29T12:06:31.0770000Z,0.0,DispatchRun
SKB-TS1-INV01,AlarmWorkState1-DispatchRun,1004,Alarm,2026-03-29T12:21:02.3980000Z,2026-03-29T12:21:32.5030000Z,0.0,DispatchRun
SKB-TS2-INV08,AlarmWorkState1-DispatchRun,1004,Alarm,2026-03-29T12:21:02.8370000Z,2026-03-29T12:21:33.0660000Z,0.0,DispatchRun
SKB-TS1-INV01,AlarmWorkState1-DispatchRun,1004,Alarm,2026-03-29T12:26:01.8220000Z,2026-03-29T12:27:02.1450000Z,0.0,DispatchRun
SKB-TS2-INV05,AlarmWorkState1-DispatchRun,1004,Alarm,2026-03-29T12:26:01.8300000Z,2026-03-29T12:27:02.2430000Z,0.0,DispatchRun
SKB-TS1-INV03,AlarmWorkState1-DispatchRun,1004,Alarm,2026-03-29T12:26:01.9870000Z,2026-03-29T12:27:02.3990000Z,0.0,DispatchRun
SKB-TS2-INV06,AlarmWorkState1-DispatchRun,1004,Alarm,2026-03-29T12:26:01.9980000Z,2026-03-29T12:27:02.4700000Z,0.0,DispatchRun
SKB-TS1-INV08,AlarmWorkState1-DispatchRun,1004,Alarm,2026-03-29T12:26:02.1500000Z,2026-03-29T12:27:02.5750000Z,0.0,DispatchRun
SKB-TS2-INV02,AlarmWorkState1-DispatchRun,1004,Alarm,2026-03-29T12:26:02.1620000Z,2026-03-29T12:27:02.6630000Z,0.0,DispatchRun
SKB-TS2-INV03,AlarmWorkState1-DispatchRun,1004,Alarm,2026-03-29T12:26:02.2860000Z,2026-03-29T12:27:02.8350000Z,0.0,DispatchRun
SKB-TS1-INV04,AlarmWorkState1-DispatchRun,1004,Alarm,2026-03-29T12:26:02.3000000Z,2026-03-29T12:27:02.8140000Z,0.0,DispatchRun
SKB-TS2-INV08,AlarmWorkState1-DispatchRun,1004,Alarm,2026-03-29T12:26:02.4910000Z,2026-03-29T12:27:02.9910000Z,0.0,DispatchRun
SKB-TS1-INV02,AlarmWorkState1-DispatchRun,1004,Alarm,2026-03-29T12:26:02.5020000Z,2026-03-29T12:27:02.9820000Z,0.0,DispatchRun
SKB-TS2-INV04,AlarmWorkState1-DispatchRun,1004,Alarm,2026-03-29T12:26:02.5780000Z,2026-03-29T12:27:03.0940000Z,0.0,DispatchRun
SKB-TS1-INV05,AlarmWorkState1-DispatchRun,1004,Alarm,2026-03-29T12:26:02.5990000Z,2026-03-29T12:27:03.1160000Z,0.0,DispatchRun
SKB-TS1-INV01,AlarmWorkState1-DispatchRun,1004,Alarm,2026-03-29T13:29:04.1240000Z,2026-03-29T13:29:29.9230000Z,0.0,DispatchRun
SKB-TS2-INV05,AlarmWorkState1-DispatchRun,1004,Alarm,2026-03-29T13:29:04.1430000Z,2026-03-29T13:29:30.0070000Z,0.0,DispatchRun
SKB-TS1-INV03,AlarmWorkState1-DispatchRun,1004,Alarm,2026-03-29T13:29:04.2420000Z,2026-03-29T13:29:30.0420000Z,0.0,DispatchRun
SKB-TS2-INV06,AlarmWorkState1-DispatchRun,1004,Alarm,2026-03-29T13:29:04.2510000Z,2026-03-29T13:29:30.1110000Z,0.0,DispatchRun
SKB-TS2-INV02,AlarmWorkState1-DispatchRun,1004,Alarm,2026-03-29T13:29:04.3190000Z,2026-03-29T13:29:30.2630000Z,0.0,DispatchRun
SKB-TS1-INV08,AlarmWorkState1-DispatchRun,1004,Alarm,2026-03-29T13:29:04.3200000Z,2026-03-29T13:29:30.1600000Z,0.0,DispatchRun
SKB-TS2-INV03,AlarmWorkState1-DispatchRun,1004,Alarm,2026-03-29T13:29:04.3660000Z,2026-03-29T13:29:30.4000000Z,0.0,DispatchRun
SKB-TS1-INV04,AlarmWorkState1-DispatchRun,1004,Alarm,2026-03-29T13:29:04.3720000Z,2026-03-29T13:29:30.2840000Z,0.0,DispatchRun
SKB-TS2-INV08,AlarmWorkState1-DispatchRun,1004,Alarm,2026-03-29T13:29:04.5440000Z,2026-03-29T13:29:30.6430000Z,0.0,DispatchRun
SKB-TS1-INV02,AlarmWorkState1-DispatchRun,1004,Alarm,2026-03-29T13:29:04.5660000Z,2026-03-29T13:29:30.5320000Z,0.0,DispatchRun
SKB-TS2-INV04,AlarmWorkState1-DispatchRun,1004,Alarm,2026-03-29T13:29:04.6150000Z,2026-03-29T13:29:30.7320000Z,0.0,DispatchRun
SKB-TS1-INV05,AlarmWorkState1-DispatchRun,1004,Alarm,2026-03-29T13:29:04.6370000Z,2026-03-29T13:29:30.6590000Z,0.0,DispatchRun
SKB-TS1-INV01,AlarmWorkState1-DispatchRun,1004,Alarm,2026-03-29T13:30:00.9190000Z,2026-03-29T13:31:02.2250000Z,0.0,DispatchRun
SKB-TS2-INV05,AlarmWorkState1-DispatchRun,1004,Alarm,2026-03-29T13:30:02.7880000Z,2026-03-29T13:31:02.2240000Z,0.0,DispatchRun
SKB-TS2-INV06,AlarmWorkState1-DispatchRun,1004,Alarm,2026-03-29T13:30:03.8270000Z,2026-03-29T13:31:02.3590000Z,0.0,DispatchRun
SKB-TS1-INV03,AlarmWorkState1-DispatchRun,1004,Alarm,2026-03-29T13:30:03.8380000Z,2026-03-29T13:31:02.4090000Z,0.0,DispatchRun
SKB-TS2-INV02,AlarmWorkState1-DispatchRun,1004,Alarm,2026-03-29T13:30:03.8810000Z,2026-03-29T13:31:32.7920000Z,0.0,DispatchRun
SKB-TS1-INV08,AlarmWorkState1-DispatchRun,1004,Alarm,2026-03-29T13:30:03.9410000Z,2026-03-29T13:31:02.5020000Z,0.0,DispatchRun
SKB-TS2-INV03,AlarmWorkState1-DispatchRun,1004,Alarm,2026-03-29T13:30:03.9990000Z,2026-03-29T13:31:02.5690000Z,0.0,DispatchRun
SKB-TS1-INV04,AlarmWorkState1-DispatchRun,1004,Alarm,2026-03-29T13:30:04.0330000Z,2026-03-29T13:31:02.5900000Z,0.0,DispatchRun
SKB-TS2-INV08,AlarmWorkState1-DispatchRun,1004,Alarm,2026-03-29T13:30:04.2130000Z,2026-03-29T13:31:02.7860000Z,0.0,DispatchRun
SKB-TS1-INV02,AlarmWorkState1-DispatchRun,1004,Alarm,2026-03-29T13:30:04.2940000Z,2026-03-29T13:31:02.7980000Z,0.0,DispatchRun
SKB-TS2-INV04,AlarmWorkState1-DispatchRun,1004,Alarm,2026-03-29T13:30:04.3240000Z,2026-03-29T13:31:02.8550000Z,0.0,DispatchRun
SKB-TS1-INV05,AlarmWorkState1-DispatchRun,1004,Alarm,2026-03-29T13:30:04.3710000Z,2026-03-29T13:31:02.8690000Z,0.0,DispatchRun
SKB-TS1-INV01,AlarmWorkState1-DispatchRun,1004,Alarm,2026-03-31T09:12:33.0560000Z,2026-03-31T09:14:00.8570000Z,0.0,DispatchRun
SKB-TS2-INV05,AlarmWorkState1-DispatchRun,1004,Alarm,2026-03-31T09:12:33.0750000Z,2026-03-31T09:14:01.9190000Z,0.0,DispatchRun
SKB-TS1-INV03,AlarmWorkState1-DispatchRun,1004,Alarm,2026-03-31T09:12:33.1970000Z,2026-03-31T09:14:01.8670000Z,0.0,DispatchRun
SKB-TS2-INV06,AlarmWorkState1-DispatchRun,1004,Alarm,2026-03-31T09:12:33.2000000Z,2026-03-31T09:14:02.0850000Z,0.0,DispatchRun
SKB-TS1-INV08,AlarmWorkState1-DispatchRun,1004,Alarm,2026-03-31T09:12:33.3160000Z,2026-03-31T09:14:02.0570000Z,0.0,DispatchRun
SKB-TS2-INV02,AlarmWorkState1-DispatchRun,1004,Alarm,2026-03-31T09:12:33.3220000Z,2026-03-31T09:14:02.2560000Z,0.0,DispatchRun
SKB-TS2-INV03,AlarmWorkState1-DispatchRun,1004,Alarm,2026-03-31T09:12:33.4040000Z,2026-03-31T09:14:02.3250000Z,0.0,DispatchRun
SKB-TS2-INV08,AlarmWorkState1-DispatchRun,1004,Alarm,2026-03-31T09:12:33.6120000Z,2026-03-31T09:14:02.5760000Z,0.0,DispatchRun
SKB-TS1-INV02,AlarmWorkState1-DispatchRun,1004,Alarm,2026-03-31T09:12:33.6140000Z,2026-03-31T09:14:02.4360000Z,0.0,DispatchRun
SKB-TS2-INV04,AlarmWorkState1-DispatchRun,1004,Alarm,2026-03-31T09:12:33.6970000Z,2026-03-31T09:14:02.6660000Z,0.0,DispatchRun
SKB-TS1-INV05,AlarmWorkState1-DispatchRun,1004,Alarm,2026-03-31T09:12:33.6990000Z,2026-03-31T09:14:02.5620000Z,0.0,DispatchRun
SKB-TS1-INV01,AlarmWorkState1-DispatchRun,1004,Alarm,2026-03-31T09:16:03.5600000Z,2026-03-31T09:17:30.0320000Z,0.0,DispatchRun
SKB-TS2-INV05,AlarmWorkState1-DispatchRun,1004,Alarm,2026-03-31T09:16:03.6460000Z,2026-03-31T09:17:30.0210000Z,0.0,DispatchRun
SKB-TS1-INV03,AlarmWorkState1-DispatchRun,1004,Alarm,2026-03-31T09:16:03.6480000Z,2026-03-31T09:17:30.1330000Z,0.0,DispatchRun
SKB-TS2-INV06,AlarmWorkState1-DispatchRun,1004,Alarm,2026-03-31T09:16:03.7480000Z,2026-03-31T09:17:30.1070000Z,0.0,DispatchRun
SKB-TS1-INV08,AlarmWorkState1-DispatchRun,1004,Alarm,2026-03-31T09:16:03.7590000Z,2026-03-31T09:17:30.2400000Z,0.0,DispatchRun
SKB-TS2-INV02,AlarmWorkState1-DispatchRun,1004,Alarm,2026-03-31T09:16:03.8420000Z,2026-03-31T09:18:00.2360000Z,0.0,DispatchRun
SKB-TS2-INV08,AlarmWorkState1-DispatchRun,1004,Alarm,2026-03-31T09:16:04.0630000Z,2026-03-31T09:18:00.9550000Z,0.0,DispatchRun
SKB-TS2-INV04,AlarmWorkState1-DispatchRun,1004,Alarm,2026-03-31T09:16:04.1630000Z,2026-03-31T09:17:30.5280000Z,0.0,DispatchRun
SKB-TS2-INV03,AlarmWorkState1-DispatchRun,1004,Alarm,2026-03-31T09:16:32.3550000Z,2026-03-31T09:17:30.3330000Z,0.0,DispatchRun
SKB-TS1-INV02,AlarmWorkState1-DispatchRun,1004,Alarm,2026-03-31T09:16:32.6520000Z,2026-03-31T09:17:30.4840000Z,0.0,DispatchRun
SKB-TS1-INV05,AlarmWorkState1-DispatchRun,1004,Alarm,2026-03-31T09:16:32.7840000Z,2026-03-31T09:17:30.5770000Z,0.0,DispatchRun
SKB-TS1-INV01,AlarmWorkState1-DispatchRun,1004,Alarm,2026-03-31T09:30:29.9790000Z,2026-03-31T09:33:02.8310000Z,0.0,DispatchRun
SKB-TS1-INV03,AlarmWorkState1-DispatchRun,1004,Alarm,2026-03-31T09:30:30.0700000Z,2026-03-31T09:33:02.9260000Z,0.0,DispatchRun
SKB-TS1-INV08,AlarmWorkState1-DispatchRun,1004,Alarm,2026-03-31T09:30:30.1530000Z,2026-03-31T09:33:03.0060000Z,0.0,DispatchRun
SKB-TS2-INV02,AlarmWorkState1-DispatchRun,1004,Alarm,2026-03-31T09:30:30.2180000Z,2026-03-31T09:33:03.0390000Z,0.0,DispatchRun
SKB-TS2-INV03,AlarmWorkState1-DispatchRun,1004,Alarm,2026-03-31T09:30:30.2770000Z,2026-03-31T09:33:03.1100000Z,0.0,DispatchRun
SKB-TS1-INV02,AlarmWorkState1-DispatchRun,1004,Alarm,2026-03-31T09:30:30.4930000Z,2026-03-31T09:33:03.3650000Z,0.0,DispatchRun
SKB-TS2-INV08,AlarmWorkState1-DispatchRun,1004,Alarm,2026-03-31T09:30:30.5130000Z,2026-03-31T09:33:03.3620000Z,0.0,DispatchRun
SKB-TS1-INV05,AlarmWorkState1-DispatchRun,1004,Alarm,2026-03-31T09:30:30.5950000Z,2026-03-31T09:33:03.4450000Z,0.0,DispatchRun
SKB-TS2-INV05,AlarmWorkState1-DispatchRun,1004,Alarm,2026-03-31T09:31:04.1870000Z,2026-03-31T09:33:02.8410000Z,0.0,DispatchRun
SKB-TS2-INV06,AlarmWorkState1-DispatchRun,1004,Alarm,2026-03-31T09:31:05.2710000Z,2026-03-31T09:33:02.9340000Z,0.0,DispatchRun
SKB-TS2-INV04,AlarmWorkState1-DispatchRun,1004,Alarm,2026-03-31T09:31:05.8340000Z,2026-03-31T09:33:03.4440000Z,0.0,DispatchRun
SKB-TS1-INV01,AlarmWorkState1-DispatchRun,1004,Alarm,2026-03-31T09:34:02.5960000Z,2026-03-31T09:40:02.3790000Z,0.0,DispatchRun
SKB-TS2-INV05,AlarmWorkState1-DispatchRun,1004,Alarm,2026-03-31T09:34:02.6510000Z,2026-03-31T09:40:02.4160000Z,0.0,DispatchRun
SKB-TS1-INV03,AlarmWorkState1-DispatchRun,1004,Alarm,2026-03-31T09:34:02.7210000Z,2026-03-31T09:40:02.4510000Z,0.0,DispatchRun
SKB-TS2-INV06,AlarmWorkState1-DispatchRun,1004,Alarm,2026-03-31T09:34:02.7810000Z,2026-03-31T09:40:02.4940000Z,0.0,DispatchRun
SKB-TS1-INV08,AlarmWorkState1-DispatchRun,1004,Alarm,2026-03-31T09:34:02.7910000Z,2026-03-31T09:40:02.5460000Z,0.0,DispatchRun
SKB-TS2-INV02,AlarmWorkState1-DispatchRun,1004,Alarm,2026-03-31T09:34:02.8160000Z,2026-03-31T09:40:02.5780000Z,0.0,DispatchRun
SKB-TS2-INV03,AlarmWorkState1-DispatchRun,1004,Alarm,2026-03-31T09:34:02.8880000Z,2026-03-31T09:40:02.6610000Z,0.0,DispatchRun
SKB-TS2-INV08,AlarmWorkState1-DispatchRun,1004,Alarm,2026-03-31T09:34:03.0830000Z,2026-03-31T09:40:02.8080000Z,0.0,DispatchRun
SKB-TS1-INV05,AlarmWorkState1-DispatchRun,1004,Alarm,2026-03-31T09:34:03.1460000Z,2026-03-31T09:40:02.8800000Z,0.0,DispatchRun
SKB-TS2-INV04,AlarmWorkState1-DispatchRun,1004,Alarm,2026-03-31T09:34:03.1970000Z,2026-03-31T09:40:02.8820000Z,0.0,DispatchRun
SKB-TS1-INV02,AlarmWorkState1-DispatchRun,1004,Alarm,2026-03-31T09:34:31.5140000Z,2026-03-31T09:40:02.8030000Z,0.0,DispatchRun
SKB-TS1-INV01,AlarmWorkState1-DispatchRun,1004,Alarm,2026-03-31T09:44:00.6180000Z,2026-03-31T09:48:30.0030000Z,0.0,DispatchRun
SKB-TS2-INV05,AlarmWorkState1-DispatchRun,1004,Alarm,2026-03-31T09:44:00.7610000Z,2026-03-31T09:48:30.0750000Z,0.0,DispatchRun
SKB-TS1-INV03,AlarmWorkState1-DispatchRun,1004,Alarm,2026-03-31T09:44:00.7770000Z,2026-03-31T09:48:30.1550000Z,0.0,DispatchRun
SKB-TS2-INV06,AlarmWorkState1-DispatchRun,1004,Alarm,2026-03-31T09:44:00.8510000Z,2026-03-31T09:48:30.2040000Z,0.0,DispatchRun
SKB-TS1-INV08,AlarmWorkState1-DispatchRun,1004,Alarm,2026-03-31T09:44:00.9140000Z,2026-03-31T09:48:30.2340000Z,0.0,DispatchRun
SKB-TS2-INV02,AlarmWorkState1-DispatchRun,1004,Alarm,2026-03-31T09:44:01.0090000Z,2026-03-31T09:48:30.3170000Z,0.0,DispatchRun
SKB-TS2-INV03,AlarmWorkState1-DispatchRun,1004,Alarm,2026-03-31T09:44:01.1780000Z,2026-03-31T09:48:30.4220000Z,0.0,DispatchRun
SKB-TS1-INV02,AlarmWorkState1-DispatchRun,1004,Alarm,2026-03-31T09:44:01.4080000Z,2026-03-31T09:48:30.5580000Z,0.0,DispatchRun
SKB-TS2-INV08,AlarmWorkState1-DispatchRun,1004,Alarm,2026-03-31T09:44:01.6110000Z,2026-03-31T09:48:30.5880000Z,0.0,DispatchRun
SKB-TS1-INV05,AlarmWorkState1-DispatchRun,1004,Alarm,2026-03-31T09:44:01.6560000Z,2026-03-31T09:48:30.6710000Z,0.0,DispatchRun
SKB-TS2-INV04,AlarmWorkState1-DispatchRun,1004,Alarm,2026-03-31T09:44:01.7800000Z,2026-03-31T09:48:30.7230000Z,0.0,DispatchRun
SKB-TS1-INV01,AlarmWorkState1-DispatchRun,1004,Alarm,2026-03-31T09:49:32.6160000Z,2026-03-31T09:50:30.8930000Z,0.0,DispatchRun
SKB-TS1-INV03,AlarmWorkState1-DispatchRun,1004,Alarm,2026-03-31T09:49:32.7440000Z,2026-03-31T09:50:31.0120000Z,0.0,DispatchRun
SKB-TS2-INV02,AlarmWorkState1-DispatchRun,1004,Alarm,2026-03-31T09:49:32.7850000Z,2026-03-31T09:50:31.1550000Z,0.0,DispatchRun
SKB-TS1-INV08,AlarmWorkState1-DispatchRun,1004,Alarm,2026-03-31T09:49:32.7880000Z,2026-03-31T09:50:31.1200000Z,0.0,DispatchRun
SKB-TS2-INV08,AlarmWorkState1-DispatchRun,1004,Alarm,2026-03-31T09:49:32.9350000Z,2026-03-31T09:50:31.4150000Z,0.0,DispatchRun
SKB-TS1-INV02,AlarmWorkState1-DispatchRun,1004,Alarm,2026-03-31T09:49:32.9410000Z,2026-03-31T09:50:31.4050000Z,0.0,DispatchRun
SKB-TS2-INV04,AlarmWorkState1-DispatchRun,1004,Alarm,2026-03-31T09:49:33.0590000Z,2026-03-31T09:50:31.4550000Z,0.0,DispatchRun
SKB-TS1-INV05,AlarmWorkState1-DispatchRun,1004,Alarm,2026-03-31T09:49:33.0800000Z,2026-03-31T09:50:31.4580000Z,0.0,DispatchRun
SKB-TS2-INV05,AlarmWorkState1-DispatchRun,1004,Alarm,2026-03-31T09:50:03.5370000Z,2026-03-31T09:50:30.9190000Z,0.0,DispatchRun
SKB-TS2-INV06,AlarmWorkState1-DispatchRun,1004,Alarm,2026-03-31T09:50:03.6580000Z,2026-03-31T09:50:31.0520000Z,0.0,DispatchRun
SKB-TS2-INV03,AlarmWorkState1-DispatchRun,1004,Alarm,2026-03-31T09:50:03.7800000Z,2026-03-31T09:50:31.2480000Z,0.0,DispatchRun
SKB-TS2-INV05,AlarmWorkState1-DispatchRun,1004,Alarm,2026-03-31T09:52:31.9180000Z,2026-03-31T09:55:03.5950000Z,0.0,DispatchRun
SKB-TS1-INV01,AlarmWorkState1-DispatchRun,1004,Alarm,2026-03-31T09:52:31.9350000Z,2026-03-31T09:55:03.5670000Z,0.0,DispatchRun
SKB-TS2-INV06,AlarmWorkState1-DispatchRun,1004,Alarm,2026-03-31T09:52:32.0400000Z,2026-03-31T09:55:03.7050000Z,0.0,DispatchRun
SKB-TS1-INV03,AlarmWorkState1-DispatchRun,1004,Alarm,2026-03-31T09:52:32.0510000Z,2026-03-31T09:55:03.6950000Z,0.0,DispatchRun
SKB-TS2-INV02,AlarmWorkState1-DispatchRun,1004,Alarm,2026-03-31T09:52:32.1280000Z,2026-03-31T09:55:03.7520000Z,0.0,DispatchRun
SKB-TS1-INV08,AlarmWorkState1-DispatchRun,1004,Alarm,2026-03-31T09:52:32.1390000Z,2026-03-31T09:55:03.7430000Z,0.0,DispatchRun
SKB-TS2-INV03,AlarmWorkState1-DispatchRun,1004,Alarm,2026-03-31T09:52:32.2830000Z,2026-03-31T09:54:04.2730000Z,0.0,DispatchRun
SKB-TS1-INV02,AlarmWorkState1-DispatchRun,1004,Alarm,2026-03-31T09:52:32.4520000Z,2026-03-31T09:55:04.0470000Z,0.0,DispatchRun
SKB-TS2-INV08,AlarmWorkState1-DispatchRun,1004,Alarm,2026-03-31T09:52:32.4740000Z,2026-03-31T09:55:04.0550000Z,0.0,DispatchRun
SKB-TS1-INV05,AlarmWorkState1-DispatchRun,1004,Alarm,2026-03-31T09:52:32.5540000Z,2026-03-31T09:55:04.1210000Z,0.0,DispatchRun
SKB-TS2-INV04,AlarmWorkState1-DispatchRun,1004,Alarm,2026-03-31T09:52:32.5770000Z,2026-03-31T09:55:04.1310000Z,0.0,DispatchRun
SKB-TS2-INV03,AlarmWorkState1-DispatchRun,1004,Alarm,2026-03-31T09:54:32.1070000Z,2026-03-31T09:55:03.8230000Z,0.0,DispatchRun
SKB-TS1-INV02,AlarmWorkState1-AlarmRun,1001,Alarm,2026-03-31T09:55:04.0470000Z,2026-03-31T09:57:01.7780000Z,0.0,AlarmRun
SKB-TS1-INV01,AlarmWorkState1-DispatchRun,1004,Alarm,2026-03-31T11:08:02.9330000Z,2026-03-31T11:09:03.7480000Z,0.0,DispatchRun
SKB-TS1-INV03,AlarmWorkState1-DispatchRun,1004,Alarm,2026-03-31T11:08:04.0270000Z,2026-03-31T11:09:03.8760000Z,0.0,DispatchRun
SKB-TS2-INV02,AlarmWorkState1-DispatchRun,1004,Alarm,2026-03-31T11:08:04.1330000Z,2026-03-31T11:09:04.0160000Z,0.0,DispatchRun
SKB-TS1-INV08,AlarmWorkState1-DispatchRun,1004,Alarm,2026-03-31T11:08:04.1350000Z,2026-03-31T11:09:03.9860000Z,0.0,DispatchRun
SKB-TS2-INV03,AlarmWorkState1-DispatchRun,1004,Alarm,2026-03-31T11:08:04.1690000Z,2026-03-31T11:09:04.1370000Z,0.0,DispatchRun
SKB-TS1-INV02,AlarmWorkState1-DispatchRun,1004,Alarm,2026-03-31T11:08:04.3230000Z,2026-03-31T11:09:04.2430000Z,0.0,DispatchRun
SKB-TS2-INV08,AlarmWorkState1-DispatchRun,1004,Alarm,2026-03-31T11:08:04.3480000Z,2026-03-31T11:09:04.2620000Z,0.0,DispatchRun
SKB-TS1-INV05,AlarmWorkState1-DispatchRun,1004,Alarm,2026-03-31T11:08:04.4130000Z,2026-03-31T11:09:04.3000000Z,0.0,DispatchRun
SKB-TS2-INV04,AlarmWorkState1-DispatchRun,1004,Alarm,2026-03-31T11:08:04.4420000Z,2026-03-31T11:09:04.3610000Z,0.0,DispatchRun
SKB-TS2-INV05,AlarmWorkState1-DispatchRun,1004,Alarm,2026-03-31T11:08:31.8510000Z,2026-03-31T11:09:03.7680000Z,0.0,DispatchRun
SKB-TS2-INV06,AlarmWorkState1-DispatchRun,1004,Alarm,2026-03-31T11:08:31.9400000Z,2026-03-31T11:09:03.9120000Z,0.0,DispatchRun
SKB-TS2-INV05,AlarmWorkState1-DispatchRun,1004,Alarm,2026-03-31T11:14:33.1770000Z,2026-03-31T11:15:30.6700000Z,0.0,DispatchRun
SKB-TS1-INV01,AlarmWorkState1-DispatchRun,1004,Alarm,2026-03-31T11:14:33.1950000Z,2026-03-31T11:15:30.6290000Z,0.0,DispatchRun
SKB-TS2-INV06,AlarmWorkState1-DispatchRun,1004,Alarm,2026-03-31T11:14:33.2660000Z,2026-03-31T11:15:32.5210000Z,0.0,DispatchRun
SKB-TS1-INV03,AlarmWorkState1-DispatchRun,1004,Alarm,2026-03-31T11:14:33.2970000Z,2026-03-31T11:15:32.6220000Z,0.0,DispatchRun
SKB-TS2-INV02,AlarmWorkState1-DispatchRun,1004,Alarm,2026-03-31T11:14:33.3540000Z,2026-03-31T11:15:32.6680000Z,0.0,DispatchRun
SKB-TS1-INV08,AlarmWorkState1-DispatchRun,1004,Alarm,2026-03-31T11:14:33.3710000Z,2026-03-31T11:15:32.7380000Z,0.0,DispatchRun
SKB-TS2-INV03,AlarmWorkState1-DispatchRun,1004,Alarm,2026-03-31T11:14:33.4770000Z,2026-03-31T11:15:32.7940000Z,0.0,DispatchRun
SKB-TS2-INV08,AlarmWorkState1-DispatchRun,1004,Alarm,2026-03-31T11:14:33.6590000Z,2026-03-31T11:15:32.9970000Z,0.0,DispatchRun
SKB-TS1-INV02,AlarmWorkState1-DispatchRun,1004,Alarm,2026-03-31T11:14:33.7040000Z,2026-03-31T11:15:33.0390000Z,0.0,DispatchRun
SKB-TS2-INV04,AlarmWorkState1-DispatchRun,1004,Alarm,2026-03-31T11:14:33.7730000Z,2026-03-31T11:15:33.0710000Z,0.0,DispatchRun
SKB-TS1-INV05,AlarmWorkState1-DispatchRun,1004,Alarm,2026-03-31T11:14:33.8300000Z,2026-03-31T11:15:33.1330000Z,0.0,DispatchRun
SKB-TS1-INV01,AlarmWorkState1-DispatchRun,1004,Alarm,2026-03-31T11:29:31.7160000Z,2026-03-31T11:30:00.1720000Z,0.0,DispatchRun
SKB-TS2-INV05,AlarmWorkState1-DispatchRun,1004,Alarm,2026-03-31T11:29:31.7280000Z,2026-03-31T11:30:00.1640000Z,0.0,DispatchRun
SKB-TS2-INV06,AlarmWorkState1-DispatchRun,1004,Alarm,2026-03-31T11:29:31.8490000Z,2026-03-31T11:30:00.2550000Z,0.0,DispatchRun
SKB-TS1-INV08,AlarmWorkState1-DispatchRun,1004,Alarm,2026-03-31T11:29:31.9610000Z,2026-03-31T11:30:00.7520000Z,0.0,DispatchRun
SKB-TS2-INV02,AlarmWorkState1-DispatchRun,1004,Alarm,2026-03-31T11:29:31.9700000Z,2026-03-31T11:30:00.7250000Z,0.0,DispatchRun
SKB-TS1-INV02,AlarmWorkState1-DispatchRun,1004,Alarm,2026-03-31T11:29:32.2520000Z,2026-03-31T11:30:01.2280000Z,0.0,DispatchRun
SKB-TS2-INV08,AlarmWorkState1-DispatchRun,1004,Alarm,2026-03-31T11:29:32.2650000Z,2026-03-31T11:30:01.2410000Z,0.0,DispatchRun
SKB-TS2-INV04,AlarmWorkState1-DispatchRun,1004,Alarm,2026-03-31T11:29:32.3270000Z,2026-03-31T11:30:01.4270000Z,0.0,DispatchRun
SKB-TS1-INV05,AlarmWorkState1-DispatchRun,1004,Alarm,2026-03-31T11:29:32.3280000Z,2026-03-31T11:30:01.4040000Z,0.0,DispatchRun
SKB-TS1-INV01,AlarmWorkState1-DispatchRun,1004,Alarm,2026-03-31T11:30:30.1070000Z,2026-03-31T11:32:02.9190000Z,0.0,DispatchRun
SKB-TS2-INV05,AlarmWorkState1-DispatchRun,1004,Alarm,2026-03-31T11:30:30.1290000Z,2026-03-31T11:32:02.9050000Z,0.0,DispatchRun
SKB-TS1-INV03,AlarmWorkState1-DispatchRun,1004,Alarm,2026-03-31T11:30:30.1690000Z,2026-03-31T11:32:03.0260000Z,0.0,DispatchRun
SKB-TS2-INV06,AlarmWorkState1-DispatchRun,1004,Alarm,2026-03-31T11:30:30.2270000Z,2026-03-31T11:32:02.9910000Z,0.0,DispatchRun
SKB-TS1-INV08,AlarmWorkState1-DispatchRun,1004,Alarm,2026-03-31T11:30:30.3000000Z,2026-03-31T11:32:03.1330000Z,0.0,DispatchRun
SKB-TS2-INV02,AlarmWorkState1-DispatchRun,1004,Alarm,2026-03-31T11:30:30.3260000Z,2026-03-31T11:32:03.1260000Z,0.0,DispatchRun
SKB-TS2-INV03,AlarmWorkState1-DispatchRun,1004,Alarm,2026-03-31T11:30:30.4550000Z,2026-03-31T11:32:03.2150000Z,0.0,DispatchRun
SKB-TS1-INV02,AlarmWorkState1-DispatchRun,1004,Alarm,2026-03-31T11:30:30.5740000Z,2026-03-31T11:32:03.4200000Z,0.0,DispatchRun
SKB-TS2-INV08,AlarmWorkState1-DispatchRun,1004,Alarm,2026-03-31T11:30:30.6660000Z,2026-03-31T11:32:03.3930000Z,0.0,DispatchRun
SKB-TS1-INV05,AlarmWorkState1-DispatchRun,1004,Alarm,2026-03-31T11:30:30.6920000Z,2026-03-31T11:32:03.5350000Z,0.0,DispatchRun
SKB-TS2-INV04,AlarmWorkState1-DispatchRun,1004,Alarm,2026-03-31T11:30:30.7510000Z,2026-03-31T11:32:03.5230000Z,0.0,DispatchRun
SKB-TS1-INV01,AlarmWorkState1-DispatchRun,1004,Alarm,2026-03-31T11:34:02.8290000Z,2026-03-31T11:35:01.8810000Z,0.0,DispatchRun
SKB-TS2-INV05,AlarmWorkState1-DispatchRun,1004,Alarm,2026-03-31T11:34:02.9420000Z,2026-03-31T11:35:02.0580000Z,0.0,DispatchRun
SKB-TS1-INV03,AlarmWorkState1-DispatchRun,1004,Alarm,2026-03-31T11:34:02.9810000Z,2026-03-31T11:35:02.1100000Z,0.0,DispatchRun
SKB-TS2-INV06,AlarmWorkState1-DispatchRun,1004,Alarm,2026-03-31T11:34:03.0650000Z,2026-03-31T11:35:02.2710000Z,0.0,DispatchRun
SKB-TS1-INV08,AlarmWorkState1-DispatchRun,1004,Alarm,2026-03-31T11:34:03.1200000Z,2026-03-31T11:35:02.2960000Z,0.0,DispatchRun
SKB-TS2-INV02,AlarmWorkState1-DispatchRun,1004,Alarm,2026-03-31T11:34:03.1410000Z,2026-03-31T11:35:02.3720000Z,0.0,DispatchRun
SKB-TS2-INV03,AlarmWorkState1-DispatchRun,1004,Alarm,2026-03-31T11:34:03.1960000Z,2026-03-31T11:35:02.4430000Z,0.0,DispatchRun
SKB-TS1-INV02,AlarmWorkState1-DispatchRun,1004,Alarm,2026-03-31T11:34:03.2910000Z,2026-03-31T11:35:02.6090000Z,0.0,DispatchRun
SKB-TS1-INV05,AlarmWorkState1-DispatchRun,1004,Alarm,2026-03-31T11:34:03.4150000Z,2026-03-31T11:35:02.6710000Z,0.0,DispatchRun
SKB-TS2-INV08,AlarmWorkState1-DispatchRun,1004,Alarm,2026-03-31T11:34:03.4170000Z,2026-03-31T11:35:02.6300000Z,0.0,DispatchRun
SKB-TS2-INV04,AlarmWorkState1-DispatchRun,1004,Alarm,2026-03-31T11:34:03.5260000Z,2026-03-31T11:35:02.7360000Z,0.0,DispatchRun
SKB-TS1-INV01,AlarmWorkState1-DispatchRun,1004,Alarm,2026-03-31T11:45:30.9320000Z,2026-03-31T11:48:32.0690000Z,0.0,DispatchRun
SKB-TS2-INV02,AlarmWorkState1-DispatchRun,1004,Alarm,2026-03-31T11:45:31.0580000Z,2026-03-31T11:48:32.4260000Z,0.0,DispatchRun
SKB-TS1-INV03,AlarmWorkState1-DispatchRun,1004,Alarm,2026-03-31T11:45:31.0590000Z,2026-03-31T11:48:32.2290000Z,0.0,DispatchRun
SKB-TS1-INV08,AlarmWorkState1-DispatchRun,1004,Alarm,2026-03-31T11:45:31.1760000Z,2026-03-31T11:48:32.3020000Z,0.0,DispatchRun
SKB-TS2-INV03,AlarmWorkState1-DispatchRun,1004,Alarm,2026-03-31T11:45:31.1770000Z,2026-03-31T11:48:32.5090000Z,0.0,DispatchRun
SKB-TS2-INV08,AlarmWorkState1-DispatchRun,1004,Alarm,2026-03-31T11:45:31.3350000Z,2026-03-31T11:48:32.7330000Z,0.0,DispatchRun
SKB-TS1-INV02,AlarmWorkState1-DispatchRun,1004,Alarm,2026-03-31T11:45:31.4620000Z,2026-03-31T11:48:32.6010000Z,0.0,DispatchRun
SKB-TS2-INV04,AlarmWorkState1-DispatchRun,1004,Alarm,2026-03-31T11:45:31.4630000Z,2026-03-31T11:48:32.8090000Z,0.0,DispatchRun
SKB-TS1-INV05,AlarmWorkState1-DispatchRun,1004,Alarm,2026-03-31T11:45:31.5810000Z,2026-03-31T11:48:32.7320000Z,0.0,DispatchRun
SKB-TS2-INV05,AlarmWorkState1-DispatchRun,1004,Alarm,2026-03-31T11:46:01.9270000Z,2026-03-31T11:48:32.2270000Z,0.0,DispatchRun
SKB-TS2-INV06,AlarmWorkState1-DispatchRun,1004,Alarm,2026-03-31T11:46:02.1510000Z,2026-03-31T11:48:32.3020000Z,0.0,DispatchRun
SKB-TS1-INV01,AlarmWorkState1-DispatchRun,1004,Alarm,2026-03-31T11:55:30.0770000Z,2026-03-31T12:05:01.8610000Z,0.0,DispatchRun
SKB-TS2-INV05,AlarmWorkState1-DispatchRun,1004,Alarm,2026-03-31T11:55:30.1060000Z,2026-03-31T12:05:01.8590000Z,0.0,DispatchRun
SKB-TS1-INV03,AlarmWorkState1-DispatchRun,1004,Alarm,2026-03-31T11:55:30.1870000Z,2026-03-31T12:05:02.0460000Z,0.0,DispatchRun
SKB-TS2-INV06,AlarmWorkState1-DispatchRun,1004,Alarm,2026-03-31T11:55:30.2080000Z,2026-03-31T12:05:02.0460000Z,0.0,DispatchRun
SKB-TS1-INV08,AlarmWorkState1-DispatchRun,1004,Alarm,2026-03-31T11:55:30.2370000Z,2026-03-31T12:05:02.1890000Z,0.0,DispatchRun
SKB-TS2-INV02,AlarmWorkState1-DispatchRun,1004,Alarm,2026-03-31T11:55:30.2430000Z,2026-03-31T12:05:02.1510000Z,0.0,DispatchRun
SKB-TS2-INV03,AlarmWorkState1-DispatchRun,1004,Alarm,2026-03-31T11:55:30.3610000Z,2026-03-31T12:05:02.2890000Z,0.0,DispatchRun
SKB-TS1-INV02,AlarmWorkState1-DispatchRun,1004,Alarm,2026-03-31T11:55:30.6050000Z,2026-03-31T12:05:02.6280000Z,0.0,DispatchRun
SKB-TS2-INV08,AlarmWorkState1-DispatchRun,1004,Alarm,2026-03-31T11:55:30.6180000Z,2026-03-31T12:05:02.5240000Z,0.0,DispatchRun
SKB-TS1-INV05,AlarmWorkState1-DispatchRun,1004,Alarm,2026-03-31T11:55:30.7340000Z,2026-03-31T12:05:02.7130000Z,0.0,DispatchRun
SKB-TS2-INV04,AlarmWorkState1-DispatchRun,1004,Alarm,2026-03-31T11:55:30.7450000Z,2026-03-31T12:05:02.6470000Z,0.0,DispatchRun
SKB-TS1-INV01,AlarmWorkState1-DispatchRun,1004,Alarm,2026-03-31T12:05:30.7570000Z,2026-03-31T12:06:03.4920000Z,0.0,DispatchRun
SKB-TS2-INV05,AlarmWorkState1-DispatchRun,1004,Alarm,2026-03-31T12:05:30.7760000Z,2026-03-31T12:06:02.5220000Z,0.0,DispatchRun
SKB-TS1-INV03,AlarmWorkState1-DispatchRun,1004,Alarm,2026-03-31T12:05:30.8630000Z,2026-03-31T12:06:03.6390000Z,0.0,DispatchRun
SKB-TS2-INV06,AlarmWorkState1-DispatchRun,1004,Alarm,2026-03-31T12:05:30.8670000Z,2026-03-31T12:06:03.6220000Z,0.0,DispatchRun
SKB-TS1-INV08,AlarmWorkState1-DispatchRun,1004,Alarm,2026-03-31T12:05:30.9180000Z,2026-03-31T12:06:03.6700000Z,0.0,DispatchRun
SKB-TS2-INV02,AlarmWorkState1-DispatchRun,1004,Alarm,2026-03-31T12:05:30.9220000Z,2026-03-31T12:06:03.6720000Z,0.0,DispatchRun
SKB-TS1-INV02,AlarmWorkState1-DispatchRun,1004,Alarm,2026-03-31T12:05:31.2980000Z,2026-03-31T12:06:03.8980000Z,0.0,DispatchRun
SKB-TS2-INV08,AlarmWorkState1-DispatchRun,1004,Alarm,2026-03-31T12:05:31.3130000Z,2026-03-31T12:06:03.8960000Z,0.0,DispatchRun
SKB-TS1-INV05,AlarmWorkState1-DispatchRun,1004,Alarm,2026-03-31T12:05:32.1800000Z,2026-03-31T12:06:03.9670000Z,0.0,DispatchRun
SKB-TS2-INV04,AlarmWorkState1-DispatchRun,1004,Alarm,2026-03-31T12:05:32.1920000Z,2026-03-31T12:06:03.9570000Z,0.0,DispatchRun
SKB-TS1-INV02,AlarmWorkState1-AlarmRun,1001,Alarm,2026-03-31T12:06:03.8980000Z,2026-03-31T12:06:31.3020000Z,0.0,AlarmRun
SKB-TS1-INV08,AlarmWorkState1-DispatchRun,1004,Alarm,2026-03-31T12:18:01.4690000Z,2026-03-31T12:19:02.9850000Z,0.0,DispatchRun
SKB-TS1-INV02,AlarmWorkState1-DispatchRun,1004,Alarm,2026-03-31T12:18:02.0910000Z,2026-03-31T12:19:03.2600000Z,0.0,DispatchRun
SKB-TS1-INV05,AlarmWorkState1-DispatchRun,1004,Alarm,2026-03-31T12:18:02.2370000Z,2026-03-31T12:19:03.3200000Z,0.0,DispatchRun
SKB-TS1-INV01,AlarmWorkState1-DispatchRun,1004,Alarm,2026-03-31T12:18:30.7800000Z,2026-03-31T12:19:02.7800000Z,0.0,DispatchRun
SKB-TS2-INV05,AlarmWorkState1-DispatchRun,1004,Alarm,2026-03-31T12:18:30.8300000Z,2026-03-31T12:19:02.7930000Z,0.0,DispatchRun
SKB-TS1-INV03,AlarmWorkState1-DispatchRun,1004,Alarm,2026-03-31T12:18:30.9260000Z,2026-03-31T12:19:02.9240000Z,0.0,DispatchRun
SKB-TS2-INV06,AlarmWorkState1-DispatchRun,1004,Alarm,2026-03-31T12:18:30.9340000Z,2026-03-31T12:19:02.9260000Z,0.0,DispatchRun
SKB-TS2-INV02,AlarmWorkState1-DispatchRun,1004,Alarm,2026-03-31T12:18:31.0400000Z,2026-03-31T12:19:03.0370000Z,0.0,DispatchRun
SKB-TS2-INV03,AlarmWorkState1-DispatchRun,1004,Alarm,2026-03-31T12:18:31.1240000Z,2026-03-31T12:19:03.1310000Z,0.0,DispatchRun
SKB-TS2-INV08,AlarmWorkState1-DispatchRun,1004,Alarm,2026-03-31T12:18:31.2530000Z,2026-03-31T12:19:03.2730000Z,0.0,DispatchRun
SKB-TS2-INV04,AlarmWorkState1-DispatchRun,1004,Alarm,2026-03-31T12:18:31.3420000Z,2026-03-31T12:19:03.3660000Z,0.0,DispatchRun
SKB-TS1-INV01,AlarmWorkState1-DispatchRun,1004,Alarm,2026-03-31T12:21:00.0000000Z,2026-03-31T12:28:30.7310000Z,0.0,DispatchRun
SKB-TS2-INV05,AlarmWorkState1-DispatchRun,1004,Alarm,2026-03-31T12:21:00.9910000Z,2026-03-31T12:28:32.8590000Z,0.0,DispatchRun
SKB-TS1-INV03,AlarmWorkState1-DispatchRun,1004,Alarm,2026-03-31T12:21:02.2130000Z,2026-03-31T12:28:32.7550000Z,0.0,DispatchRun
SKB-TS2-INV06,AlarmWorkState1-DispatchRun,1004,Alarm,2026-03-31T12:21:02.2270000Z,2026-03-31T12:28:32.9090000Z,0.0,DispatchRun
SKB-TS1-INV08,AlarmWorkState1-DispatchRun,1004,Alarm,2026-03-31T12:21:02.4210000Z,2026-03-31T12:28:32.8740000Z,0.0,DispatchRun
SKB-TS2-INV02,AlarmWorkState1-DispatchRun,1004,Alarm,2026-03-31T12:21:02.4220000Z,2026-03-31T12:28:33.0320000Z,0.0,DispatchRun
SKB-TS2-INV03,AlarmWorkState1-DispatchRun,1004,Alarm,2026-03-31T12:21:02.5250000Z,2026-03-31T12:28:33.1080000Z,0.0,DispatchRun
SKB-TS2-INV08,AlarmWorkState1-DispatchRun,1004,Alarm,2026-03-31T12:21:02.6910000Z,2026-03-31T12:28:33.2880000Z,0.0,DispatchRun
SKB-TS1-INV02,AlarmWorkState1-DispatchRun,1004,Alarm,2026-03-31T12:21:02.6950000Z,2026-03-31T12:28:33.1230000Z,0.0,DispatchRun
SKB-TS2-INV04,AlarmWorkState1-DispatchRun,1004,Alarm,2026-03-31T12:21:02.7130000Z,2026-03-31T12:28:33.3350000Z,0.0,DispatchRun
SKB-TS1-INV05,AlarmWorkState1-DispatchRun,1004,Alarm,2026-03-31T12:21:02.7430000Z,2026-03-31T12:28:33.2290000Z,0.0,DispatchRun
SKB-TS1-INV02,AlarmWorkState1-AlarmRun,1001,Alarm,2026-03-31T12:28:33.1230000Z,2026-03-31T12:29:32.1720000Z,0.0,AlarmRun
SKB-TS2-INV05,AlarmWorkState1-DispatchRun,1004,Alarm,2026-03-31T12:34:00.0180000Z,2026-03-31T12:38:00.1050000Z,0.0,DispatchRun
SKB-TS1-INV01,AlarmWorkState1-DispatchRun,1004,Alarm,2026-03-31T12:34:00.0210000Z,2026-03-31T12:38:00.0600000Z,0.0,DispatchRun
SKB-TS2-INV06,AlarmWorkState1-DispatchRun,1004,Alarm,2026-03-31T12:34:00.7140000Z,2026-03-31T12:38:00.1340000Z,0.0,DispatchRun
SKB-TS1-INV03,AlarmWorkState1-DispatchRun,1004,Alarm,2026-03-31T12:34:00.7420000Z,2026-03-31T12:38:00.1230000Z,0.0,DispatchRun
SKB-TS2-INV02,AlarmWorkState1-DispatchRun,1004,Alarm,2026-03-31T12:34:00.8700000Z,2026-03-31T12:38:00.1750000Z,0.0,DispatchRun
SKB-TS1-INV08,AlarmWorkState1-DispatchRun,1004,Alarm,2026-03-31T12:34:00.9250000Z,2026-03-31T12:38:00.1690000Z,0.0,DispatchRun
SKB-TS2-INV03,AlarmWorkState1-DispatchRun,1004,Alarm,2026-03-31T12:34:00.9870000Z,2026-03-31T12:38:00.5270000Z,0.0,DispatchRun
SKB-TS2-INV08,AlarmWorkState1-DispatchRun,1004,Alarm,2026-03-31T12:34:01.3590000Z,2026-03-31T12:38:00.9730000Z,0.0,DispatchRun
SKB-TS1-INV02,AlarmWorkState1-DispatchRun,1004,Alarm,2026-03-31T12:34:01.4030000Z,2026-03-31T12:38:00.9200000Z,0.0,DispatchRun
SKB-TS2-INV04,AlarmWorkState1-DispatchRun,1004,Alarm,2026-03-31T12:34:01.5600000Z,2026-03-31T12:38:01.1600000Z,0.0,DispatchRun
SKB-TS1-INV05,AlarmWorkState1-DispatchRun,1004,Alarm,2026-03-31T12:34:01.6180000Z,2026-03-31T12:38:01.0760000Z,0.0,DispatchRun
SKB-TS2-INV05,AlarmWorkState1-DispatchRun,1004,Alarm,2026-03-31T12:41:32.1730000Z,2026-03-31T12:48:33.9480000Z,0.0,DispatchRun
SKB-TS2-INV06,AlarmWorkState1-DispatchRun,1004,Alarm,2026-03-31T12:41:33.2570000Z,2026-03-31T12:48:34.4930000Z,0.0,DispatchRun
SKB-TS1-INV01,AlarmWorkState1-DispatchRun,1004,Alarm,2026-03-31T12:41:33.2790000Z,2026-03-31T12:48:33.7250000Z,0.0,DispatchRun
SKB-TS2-INV02,AlarmWorkState1-DispatchRun,1004,Alarm,2026-03-31T12:41:33.3800000Z,2026-03-31T12:48:34.5820000Z,0.0,DispatchRun
SKB-TS1-INV03,AlarmWorkState1-DispatchRun,1004,Alarm,2026-03-31T12:41:33.3910000Z,2026-03-31T12:48:34.4900000Z,0.0,DispatchRun
SKB-TS2-INV03,AlarmWorkState1-DispatchRun,1004,Alarm,2026-03-31T12:41:33.4730000Z,2026-03-31T12:48:34.6690000Z,0.0,DispatchRun
SKB-TS1-INV08,AlarmWorkState1-DispatchRun,1004,Alarm,2026-03-31T12:41:33.4780000Z,2026-03-31T12:48:34.5660000Z,0.0,DispatchRun
SKB-TS2-INV08,AlarmWorkState1-DispatchRun,1004,Alarm,2026-03-31T12:41:33.6540000Z,2026-03-31T12:48:34.8280000Z,0.0,DispatchRun
SKB-TS2-INV04,AlarmWorkState1-DispatchRun,1004,Alarm,2026-03-31T12:41:33.7200000Z,2026-03-31T12:48:34.9180000Z,0.0,DispatchRun
SKB-TS1-INV02,AlarmWorkState1-DispatchRun,1004,Alarm,2026-03-31T12:41:33.7450000Z,2026-03-31T12:48:34.8050000Z,0.0,DispatchRun
SKB-TS1-INV05,AlarmWorkState1-DispatchRun,1004,Alarm,2026-03-31T12:41:33.8570000Z,2026-03-31T12:48:34.8930000Z,0.0,DispatchRun
SKB-TS2-INV05,AlarmWorkState1-DispatchRun,1004,Alarm,2026-03-31T13:05:02.9140000Z,2026-03-31T13:07:02.9750000Z,0.0,DispatchRun
SKB-TS2-INV06,AlarmWorkState1-DispatchRun,1004,Alarm,2026-03-31T13:05:02.9920000Z,2026-03-31T13:07:03.0740000Z,0.0,DispatchRun
SKB-TS1-INV01,AlarmWorkState1-DispatchRun,1004,Alarm,2026-03-31T13:05:03.0100000Z,2026-03-31T13:07:03.0930000Z,0.0,DispatchRun
SKB-TS2-INV02,AlarmWorkState1-DispatchRun,1004,Alarm,2026-03-31T13:05:03.1190000Z,2026-03-31T13:07:03.1550000Z,0.0,DispatchRun
SKB-TS1-INV03,AlarmWorkState1-DispatchRun,1004,Alarm,2026-03-31T13:05:03.1450000Z,2026-03-31T13:07:03.2060000Z,0.0,DispatchRun
SKB-TS2-INV03,AlarmWorkState1-DispatchRun,1004,Alarm,2026-03-31T13:05:03.1940000Z,2026-03-31T13:07:03.2800000Z,0.0,DispatchRun
SKB-TS1-INV08,AlarmWorkState1-DispatchRun,1004,Alarm,2026-03-31T13:05:03.2740000Z,2026-03-31T13:07:03.2910000Z,0.0,DispatchRun
SKB-TS2-INV08,AlarmWorkState1-DispatchRun,1004,Alarm,2026-03-31T13:05:03.3900000Z,2026-03-31T13:07:03.4840000Z,0.0,DispatchRun
SKB-TS2-INV04,AlarmWorkState1-DispatchRun,1004,Alarm,2026-03-31T13:05:03.4610000Z,2026-03-31T13:07:03.5760000Z,0.0,DispatchRun
SKB-TS1-INV02,AlarmWorkState1-DispatchRun,1004,Alarm,2026-03-31T13:05:03.4970000Z,2026-03-31T13:07:03.5870000Z,0.0,DispatchRun
SKB-TS1-INV05,AlarmWorkState1-DispatchRun,1004,Alarm,2026-03-31T13:05:03.5880000Z,2026-03-31T13:07:03.7240000Z,0.0,DispatchRun
SKB-TS2-INV05,AlarmWorkState1-DispatchRun,1004,Alarm,2026-03-31T13:08:00.0880000Z,2026-03-31T13:10:31.9810000Z,0.0,DispatchRun
SKB-TS1-INV01,AlarmWorkState1-DispatchRun,1004,Alarm,2026-03-31T13:08:00.0900000Z,2026-03-31T13:10:31.9880000Z,0.0,DispatchRun
SKB-TS2-INV06,AlarmWorkState1-DispatchRun,1004,Alarm,2026-03-31T13:08:00.2070000Z,2026-03-31T13:10:32.1310000Z,0.0,DispatchRun
SKB-TS1-INV03,AlarmWorkState1-DispatchRun,1004,Alarm,2026-03-31T13:08:00.2090000Z,2026-03-31T13:10:00.1660000Z,0.0,DispatchRun
SKB-TS2-INV02,AlarmWorkState1-DispatchRun,1004,Alarm,2026-03-31T13:08:01.4160000Z,2026-03-31T13:10:32.1750000Z,0.0,DispatchRun
SKB-TS1-INV08,AlarmWorkState1-DispatchRun,1004,Alarm,2026-03-31T13:08:01.4440000Z,2026-03-31T13:10:32.1860000Z,0.0,DispatchRun
SKB-TS2-INV03,AlarmWorkState1-DispatchRun,1004,Alarm,2026-03-31T13:08:01.6940000Z,2026-03-31T13:10:32.2500000Z,0.0,DispatchRun
SKB-TS2-INV08,AlarmWorkState1-DispatchRun,1004,Alarm,2026-03-31T13:08:02.0200000Z,2026-03-31T13:10:32.3920000Z,0.0,DispatchRun
SKB-TS1-INV02,AlarmWorkState1-DispatchRun,1004,Alarm,2026-03-31T13:08:02.0340000Z,2026-03-31T13:10:01.1430000Z,0.0,DispatchRun
SKB-TS2-INV04,AlarmWorkState1-DispatchRun,1004,Alarm,2026-03-31T13:08:02.1480000Z,2026-03-31T13:10:01.2170000Z,0.0,DispatchRun
SKB-TS1-INV05,AlarmWorkState1-DispatchRun,1004,Alarm,2026-03-31T13:08:02.1550000Z,2026-03-31T13:10:01.2770000Z,0.0,DispatchRun
SKB-TS1-INV01,AlarmWorkState1-DispatchRun,1004,Alarm,2026-03-31T13:26:01.8980000Z,2026-03-31T13:28:00.0510000Z,0.0,DispatchRun
SKB-TS2-INV05,AlarmWorkState1-DispatchRun,1004,Alarm,2026-03-31T13:26:02.0350000Z,2026-03-31T13:28:00.0840000Z,0.0,DispatchRun
SKB-TS1-INV03,AlarmWorkState1-DispatchRun,1004,Alarm,2026-03-31T13:26:02.0380000Z,2026-03-31T13:28:00.1410000Z,0.0,DispatchRun
SKB-TS2-INV06,AlarmWorkState1-DispatchRun,1004,Alarm,2026-03-31T13:26:02.1880000Z,2026-03-31T13:28:00.1440000Z,0.0,DispatchRun
SKB-TS1-INV08,AlarmWorkState1-DispatchRun,1004,Alarm,2026-03-31T13:26:02.2340000Z,2026-03-31T13:28:00.5440000Z,0.0,DispatchRun
SKB-TS2-INV02,AlarmWorkState1-DispatchRun,1004,Alarm,2026-03-31T13:26:02.3190000Z,2026-03-31T13:28:00.5440000Z,0.0,DispatchRun
SKB-TS2-INV03,AlarmWorkState1-DispatchRun,1004,Alarm,2026-03-31T13:26:02.4300000Z,2026-03-31T13:28:00.6940000Z,0.0,DispatchRun
SKB-TS1-INV02,AlarmWorkState1-DispatchRun,1004,Alarm,2026-03-31T13:26:02.4720000Z,2026-03-31T13:28:01.0330000Z,0.0,DispatchRun
SKB-TS1-INV05,AlarmWorkState1-DispatchRun,1004,Alarm,2026-03-31T13:26:02.5580000Z,2026-03-31T13:28:01.1910000Z,0.0,DispatchRun
SKB-TS2-INV08,AlarmWorkState1-DispatchRun,1004,Alarm,2026-03-31T13:26:02.5610000Z,2026-03-31T13:28:01.0350000Z,0.0,DispatchRun
SKB-TS2-INV04,AlarmWorkState1-DispatchRun,1004,Alarm,2026-03-31T13:26:02.6700000Z,2026-03-31T13:28:01.1940000Z,0.0,DispatchRun
SKB-TS2-INV05,AlarmWorkState1-DispatchRun,1004,Alarm,2026-03-31T13:32:03.0490000Z,2026-03-31T13:33:32.5840000Z,0.0,DispatchRun
SKB-TS1-INV01,AlarmWorkState1-DispatchRun,1004,Alarm,2026-03-31T13:32:03.0800000Z,2026-03-31T13:33:30.7120000Z,0.0,DispatchRun
SKB-TS2-INV06,AlarmWorkState1-DispatchRun,1004,Alarm,2026-03-31T13:32:03.2240000Z,2026-03-31T13:33:33.3790000Z,0.0,DispatchRun
SKB-TS1-INV03,AlarmWorkState1-DispatchRun,1004,Alarm,2026-03-31T13:32:03.2460000Z,2026-03-31T13:33:32.5450000Z,0.0,DispatchRun
SKB-TS2-INV02,AlarmWorkState1-DispatchRun,1004,Alarm,2026-03-31T13:32:03.2840000Z,2026-03-31T13:33:33.5390000Z,0.0,DispatchRun
SKB-TS1-INV08,AlarmWorkState1-DispatchRun,1004,Alarm,2026-03-31T13:32:03.2940000Z,2026-03-31T13:33:33.3220000Z,0.0,DispatchRun
SKB-TS2-INV03,AlarmWorkState1-DispatchRun,1004,Alarm,2026-03-31T13:32:03.3960000Z,2026-03-31T13:33:33.6310000Z,0.0,DispatchRun
SKB-TS2-INV08,AlarmWorkState1-DispatchRun,1004,Alarm,2026-03-31T13:32:03.5870000Z,2026-03-31T13:33:33.7730000Z,0.0,DispatchRun
SKB-TS1-INV02,AlarmWorkState1-DispatchRun,1004,Alarm,2026-03-31T13:32:03.6050000Z,2026-03-31T13:33:33.7320000Z,0.0,DispatchRun
SKB-TS2-INV04,AlarmWorkState1-DispatchRun,1004,Alarm,2026-03-31T13:32:03.6650000Z,2026-03-31T13:33:33.8910000Z,0.0,DispatchRun
SKB-TS1-INV05,AlarmWorkState1-DispatchRun,1004,Alarm,2026-03-31T13:32:03.6870000Z,2026-03-31T13:33:33.7700000Z,0.0,DispatchRun
SKB-TS1-INV03,AlarmWorkState1-DispatchRun,1004,Alarm,2026-03-31T13:34:33.0050000Z,2026-03-31T13:35:30.1510000Z,0.0,DispatchRun
SKB-TS2-INV02,AlarmWorkState1-DispatchRun,1004,Alarm,2026-03-31T13:34:33.0310000Z,2026-03-31T13:35:30.1360000Z,0.0,DispatchRun
SKB-TS1-INV08,AlarmWorkState1-DispatchRun,1004,Alarm,2026-03-31T13:34:33.0690000Z,2026-03-31T13:35:30.2840000Z,0.0,DispatchRun
SKB-TS2-INV03,AlarmWorkState1-DispatchRun,1004,Alarm,2026-03-31T13:34:33.1110000Z,2026-03-31T13:35:30.2430000Z,0.0,DispatchRun
SKB-TS2-INV08,AlarmWorkState1-DispatchRun,1004,Alarm,2026-03-31T13:34:33.2660000Z,2026-03-31T13:35:30.4050000Z,0.0,DispatchRun
SKB-TS1-INV05,AlarmWorkState1-DispatchRun,1004,Alarm,2026-03-31T13:34:33.3370000Z,2026-03-31T13:35:30.6670000Z,0.0,DispatchRun
SKB-TS2-INV05,AlarmWorkState1-DispatchRun,1004,Alarm,2026-03-31T13:35:00.0540000Z,2026-03-31T13:35:29.9880000Z,0.0,DispatchRun
SKB-TS1-INV01,AlarmWorkState1-DispatchRun,1004,Alarm,2026-03-31T13:35:00.1100000Z,2026-03-31T13:35:30.1040000Z,0.0,DispatchRun
SKB-TS2-INV06,AlarmWorkState1-DispatchRun,1004,Alarm,2026-03-31T13:35:00.1190000Z,2026-03-31T13:35:30.0930000Z,0.0,DispatchRun
SKB-TS1-INV02,AlarmWorkState1-DispatchRun,1004,Alarm,2026-03-31T13:35:00.8670000Z,2026-03-31T13:35:30.5530000Z,0.0,DispatchRun
SKB-TS2-INV04,AlarmWorkState1-DispatchRun,1004,Alarm,2026-03-31T13:35:01.0100000Z,2026-03-31T13:35:30.4710000Z,0.0,DispatchRun
SKB-TS1-INV02,AlarmWorkState1-AlarmRun,1001,Alarm,2026-03-31T14:10:31.6340000Z,2026-03-31T14:13:30.5040000Z,0.0,AlarmRun
SKB-TS1-INV02,AlarmWorkState1-AlarmRun,1001,Alarm,2026-03-31T14:58:31.7730000Z,2026-03-31T15:10:32.3170000Z,0.0,AlarmRun
SKB-TS1-INV02,AlarmWorkState1-AlarmRun,1001,Alarm,2026-04-01T07:15:02.8420000Z,2026-04-01T09:10:01.8150000Z,0.0,AlarmRun
SKB-TS1-INV01,AlarmWorkState1-DispatchRun,1004,Alarm,2026-04-01T09:10:00.7970000Z,2026-04-01T09:11:02.8300000Z,0.0,DispatchRun
SKB-TS2-INV05,AlarmWorkState1-DispatchRun,1004,Alarm,2026-04-01T09:10:00.8510000Z,2026-04-01T09:11:02.7960000Z,0.0,DispatchRun
SKB-TS2-INV06,AlarmWorkState1-DispatchRun,1004,Alarm,2026-04-01T09:10:01.0010000Z,2026-04-01T09:11:04.4270000Z,0.0,DispatchRun
SKB-TS1-INV03,AlarmWorkState1-DispatchRun,1004,Alarm,2026-04-01T09:10:01.0020000Z,2026-04-01T09:11:04.5480000Z,0.0,DispatchRun
SKB-TS2-INV02,AlarmWorkState1-DispatchRun,1004,Alarm,2026-04-01T09:10:01.1630000Z,2026-04-01T09:11:04.5870000Z,0.0,DispatchRun
SKB-TS2-INV03,AlarmWorkState1-DispatchRun,1004,Alarm,2026-04-01T09:10:01.3720000Z,2026-04-01T09:11:04.6860000Z,0.0,DispatchRun
SKB-TS2-INV08,AlarmWorkState1-DispatchRun,1004,Alarm,2026-04-01T09:10:01.8130000Z,2026-04-01T09:11:04.9330000Z,0.0,DispatchRun
SKB-TS1-INV02,AlarmWorkState1-DispatchRun,1004,Alarm,2026-04-01T09:10:01.8150000Z,2026-04-01T09:11:05.0340000Z,0.0,DispatchRun
SKB-TS1-INV05,AlarmWorkState1-DispatchRun,1004,Alarm,2026-04-01T09:10:01.8760000Z,2026-04-01T09:11:05.1340000Z,0.0,DispatchRun
SKB-TS2-INV04,AlarmWorkState1-DispatchRun,1004,Alarm,2026-04-01T09:10:01.8900000Z,2026-04-01T09:11:05.0390000Z,0.0,DispatchRun
SKB-TS1-INV02,AlarmWorkState1-AlarmRun,1001,Alarm,2026-04-01T09:11:05.0340000Z,2026-04-01T09:12:01.8500000Z,0.0,AlarmRun
SKB-TS1-INV03,AlarmWorkState1-DispatchRun,1004,Alarm,2026-04-01T09:11:33.3570000Z,2026-04-01T09:22:32.5040000Z,0.0,DispatchRun
SKB-TS2-INV02,AlarmWorkState1-DispatchRun,1004,Alarm,2026-04-01T09:11:33.5120000Z,2026-04-01T09:22:32.6240000Z,0.0,DispatchRun
SKB-TS1-INV05,AlarmWorkState1-DispatchRun,1004,Alarm,2026-04-01T09:11:33.7970000Z,2026-04-01T09:22:33.0360000Z,0.0,DispatchRun
SKB-TS2-INV04,AlarmWorkState1-DispatchRun,1004,Alarm,2026-04-01T09:11:33.9170000Z,2026-04-01T09:22:33.0850000Z,0.0,DispatchRun
SKB-TS1-INV01,AlarmWorkState1-DispatchRun,1004,Alarm,2026-04-01T09:12:00.7690000Z,2026-04-01T09:22:32.3430000Z,0.0,DispatchRun
SKB-TS2-INV05,AlarmWorkState1-DispatchRun,1004,Alarm,2026-04-01T09:12:01.0390000Z,2026-04-01T09:22:32.4490000Z,0.0,DispatchRun
SKB-TS2-INV06,AlarmWorkState1-DispatchRun,1004,Alarm,2026-04-01T09:12:01.1760000Z,2026-04-01T09:22:32.5610000Z,0.0,DispatchRun
SKB-TS2-INV03,AlarmWorkState1-DispatchRun,1004,Alarm,2026-04-01T09:12:01.6180000Z,2026-04-01T09:22:32.7860000Z,0.0,DispatchRun
SKB-TS1-INV02,AlarmWorkState1-DispatchRun,1004,Alarm,2026-04-01T09:12:01.8500000Z,2026-04-01T09:22:32.9550000Z,0.0,DispatchRun
SKB-TS2-INV08,AlarmWorkState1-DispatchRun,1004,Alarm,2026-04-01T09:12:01.9630000Z,2026-04-01T09:22:32.9760000Z,0.0,DispatchRun
SKB-TS1-INV02,AlarmWorkState1-AlarmRun,1001,Alarm,2026-04-01T09:22:32.9550000Z,2026-04-01T09:24:32.8840000Z,0.0,AlarmRun
SKB-TS2-INV05,AlarmWorkState1-DispatchRun,1004,Alarm,2026-04-01T09:24:32.4000000Z,2026-04-01T09:25:03.5430000Z,0.0,DispatchRun
SKB-TS1-INV01,AlarmWorkState1-DispatchRun,1004,Alarm,2026-04-01T09:24:32.4130000Z,2026-04-01T09:25:03.4280000Z,0.0,DispatchRun
SKB-TS2-INV06,AlarmWorkState1-DispatchRun,1004,Alarm,2026-04-01T09:24:32.4940000Z,2026-04-01T09:25:03.6390000Z,0.0,DispatchRun
SKB-TS1-INV03,AlarmWorkState1-DispatchRun,1004,Alarm,2026-04-01T09:24:32.5150000Z,2026-04-01T09:25:03.5410000Z,0.0,DispatchRun
SKB-TS2-INV02,AlarmWorkState1-DispatchRun,1004,Alarm,2026-04-01T09:24:32.6010000Z,2026-04-01T09:25:03.7550000Z,0.0,DispatchRun
SKB-TS2-INV03,AlarmWorkState1-DispatchRun,1004,Alarm,2026-04-01T09:24:32.6910000Z,2026-04-01T09:25:03.8540000Z,0.0,DispatchRun
SKB-TS2-INV08,AlarmWorkState1-DispatchRun,1004,Alarm,2026-04-01T09:24:32.8730000Z,2026-04-01T09:25:04.1080000Z,0.0,DispatchRun
SKB-TS1-INV02,AlarmWorkState1-DispatchRun,1004,Alarm,2026-04-01T09:24:32.8840000Z,2026-04-01T09:25:03.9930000Z,0.0,DispatchRun
SKB-TS2-INV04,AlarmWorkState1-DispatchRun,1004,Alarm,2026-04-01T09:24:32.9210000Z,2026-04-01T09:25:04.2260000Z,0.0,DispatchRun
SKB-TS1-INV05,AlarmWorkState1-DispatchRun,1004,Alarm,2026-04-01T09:24:32.9550000Z,2026-04-01T09:25:04.1060000Z,0.0,DispatchRun
SKB-TS1-INV02,AlarmWorkState1-AlarmRun,1001,Alarm,2026-04-01T09:25:03.9930000Z,2026-04-01T09:28:04.8610000Z,0.0,AlarmRun
SKB-TS2-INV05,AlarmWorkState1-DispatchRun,1004,Alarm,2026-04-01T09:28:03.3410000Z,2026-04-01T09:33:04.2100000Z,0.0,DispatchRun
SKB-TS1-INV01,AlarmWorkState1-DispatchRun,1004,Alarm,2026-04-01T09:28:04.3770000Z,2026-04-01T09:33:04.3360000Z,0.0,DispatchRun
SKB-TS2-INV06,AlarmWorkState1-DispatchRun,1004,Alarm,2026-04-01T09:28:04.3820000Z,2026-04-01T09:33:04.3880000Z,0.0,DispatchRun
SKB-TS1-INV03,AlarmWorkState1-DispatchRun,1004,Alarm,2026-04-01T09:28:04.4600000Z,2026-04-01T09:33:04.4550000Z,0.0,DispatchRun
SKB-TS2-INV02,AlarmWorkState1-DispatchRun,1004,Alarm,2026-04-01T09:28:04.4620000Z,2026-04-01T09:33:04.4940000Z,0.0,DispatchRun
SKB-TS2-INV03,AlarmWorkState1-DispatchRun,1004,Alarm,2026-04-01T09:28:04.5630000Z,2026-04-01T09:33:04.5770000Z,0.0,DispatchRun
SKB-TS2-INV04,AlarmWorkState1-DispatchRun,1004,Alarm,2026-04-01T09:28:04.8590000Z,2026-04-01T09:33:04.9200000Z,0.0,DispatchRun
SKB-TS1-INV02,AlarmWorkState1-DispatchRun,1004,Alarm,2026-04-01T09:28:04.8610000Z,2026-04-01T09:33:04.9100000Z,0.0,DispatchRun
SKB-TS1-INV05,AlarmWorkState1-DispatchRun,1004,Alarm,2026-04-01T09:28:04.9490000Z,2026-04-01T09:33:05.0010000Z,0.0,DispatchRun
SKB-TS2-INV08,AlarmWorkState1-DispatchRun,1004,Alarm,2026-04-01T09:28:31.7990000Z,2026-04-01T09:33:04.8510000Z,0.0,DispatchRun
SKB-TS1-INV02,AlarmWorkState1-AlarmRun,1001,Alarm,2026-04-01T09:33:04.9100000Z,2026-04-01T09:33:31.5950000Z,0.0,AlarmRun
SKB-TS1-INV01,AlarmWorkState1-DispatchRun,1004,Alarm,2026-04-01T09:33:31.1050000Z,2026-04-01T10:51:30.4670000Z,0.0,DispatchRun
SKB-TS2-INV05,AlarmWorkState1-DispatchRun,1004,Alarm,2026-04-01T09:33:31.2080000Z,2026-04-01T10:51:30.5210000Z,0.0,DispatchRun
SKB-TS1-INV03,AlarmWorkState1-DispatchRun,1004,Alarm,2026-04-01T09:33:31.2390000Z,2026-04-01T10:51:30.6090000Z,0.0,DispatchRun
SKB-TS2-INV06,AlarmWorkState1-DispatchRun,1004,Alarm,2026-04-01T09:33:31.3040000Z,2026-04-01T10:51:30.6360000Z,0.0,DispatchRun
SKB-TS2-INV02,AlarmWorkState1-DispatchRun,1004,Alarm,2026-04-01T09:33:31.3670000Z,2026-04-01T10:51:30.7030000Z,0.0,DispatchRun
SKB-TS2-INV03,AlarmWorkState1-DispatchRun,1004,Alarm,2026-04-01T09:33:31.4770000Z,2026-04-01T10:51:30.8260000Z,0.0,DispatchRun
SKB-TS1-INV02,AlarmWorkState1-DispatchRun,1004,Alarm,2026-04-01T09:33:31.5950000Z,2026-04-01T10:51:30.9930000Z,0.0,DispatchRun
SKB-TS2-INV08,AlarmWorkState1-DispatchRun,1004,Alarm,2026-04-01T09:33:31.7140000Z,2026-04-01T10:51:31.0430000Z,0.0,DispatchRun
SKB-TS1-INV05,AlarmWorkState1-DispatchRun,1004,Alarm,2026-04-01T09:33:31.7410000Z,2026-04-01T10:51:31.1150000Z,0.0,DispatchRun
SKB-TS2-INV04,AlarmWorkState1-DispatchRun,1004,Alarm,2026-04-01T09:33:31.7860000Z,2026-04-01T10:51:31.1680000Z,0.0,DispatchRun
SKB-TS1-INV02,AlarmWorkState1-AlarmRun,1001,Alarm,2026-04-01T10:51:30.9930000Z,2026-04-01T10:57:31.9410000Z,0.0,AlarmRun
SKB-TS1-INV01,AlarmWorkState1-DispatchRun,1004,Alarm,2026-04-01T10:57:31.4050000Z,2026-04-01T10:59:02.1100000Z,0.0,DispatchRun
SKB-TS2-INV05,AlarmWorkState1-DispatchRun,1004,Alarm,2026-04-01T10:57:31.4740000Z,2026-04-01T10:59:02.2320000Z,0.0,DispatchRun
SKB-TS1-INV03,AlarmWorkState1-DispatchRun,1004,Alarm,2026-04-01T10:57:31.5230000Z,2026-04-01T10:59:02.2780000Z,0.0,DispatchRun
SKB-TS2-INV06,AlarmWorkState1-DispatchRun,1004,Alarm,2026-04-01T10:57:31.5720000Z,2026-04-01T10:59:02.3850000Z,0.0,DispatchRun
SKB-TS2-INV02,AlarmWorkState1-DispatchRun,1004,Alarm,2026-04-01T10:57:31.6900000Z,2026-04-01T10:59:31.6190000Z,0.0,DispatchRun
SKB-TS2-INV03,AlarmWorkState1-DispatchRun,1004,Alarm,2026-04-01T10:57:31.7450000Z,2026-04-01T10:59:02.4740000Z,0.0,DispatchRun
SKB-TS1-INV02,AlarmWorkState1-DispatchRun,1004,Alarm,2026-04-01T10:57:31.9410000Z,2026-04-01T10:59:02.5800000Z,0.0,DispatchRun
SKB-TS2-INV08,AlarmWorkState1-DispatchRun,1004,Alarm,2026-04-01T10:57:31.9680000Z,2026-04-01T10:59:31.9500000Z,0.0,DispatchRun
SKB-TS1-INV05,AlarmWorkState1-DispatchRun,1004,Alarm,2026-04-01T10:57:32.0850000Z,2026-04-01T10:59:02.6500000Z,0.0,DispatchRun
SKB-TS2-INV04,AlarmWorkState1-DispatchRun,1004,Alarm,2026-04-01T10:57:32.1090000Z,2026-04-01T10:59:02.7010000Z,0.0,DispatchRun
SKB-TS1-INV02,AlarmWorkState1-AlarmRun,1001,Alarm,2026-04-01T10:59:02.5800000Z,2026-04-01T11:05:32.8220000Z,0.0,AlarmRun
SKB-TS1-INV01,AlarmWorkState1-DispatchRun,1004,Alarm,2026-04-01T11:05:31.3240000Z,2026-04-01T11:51:31.0750000Z,0.0,DispatchRun
SKB-TS2-INV05,AlarmWorkState1-DispatchRun,1004,Alarm,2026-04-01T11:05:32.3330000Z,2026-04-01T11:51:33.8380000Z,0.0,DispatchRun
SKB-TS1-INV03,AlarmWorkState1-DispatchRun,1004,Alarm,2026-04-01T11:05:32.3850000Z,2026-04-01T11:51:32.8970000Z,0.0,DispatchRun
SKB-TS2-INV06,AlarmWorkState1-DispatchRun,1004,Alarm,2026-04-01T11:05:32.5570000Z,2026-04-01T11:51:33.9270000Z,0.0,DispatchRun
SKB-TS2-INV02,AlarmWorkState1-DispatchRun,1004,Alarm,2026-04-01T11:05:32.6850000Z,2026-04-01T11:51:34.0420000Z,0.0,DispatchRun
SKB-TS2-INV03,AlarmWorkState1-DispatchRun,1004,Alarm,2026-04-01T11:05:32.7730000Z,2026-04-01T11:51:34.1660000Z,0.0,DispatchRun
SKB-TS1-INV02,AlarmWorkState1-DispatchRun,1004,Alarm,2026-04-01T11:05:32.8220000Z,2026-04-01T11:51:34.1580000Z,0.0,DispatchRun
SKB-TS1-INV05,AlarmWorkState1-DispatchRun,1004,Alarm,2026-04-01T11:05:32.9210000Z,2026-04-01T11:51:34.2710000Z,0.0,DispatchRun
SKB-TS2-INV08,AlarmWorkState1-DispatchRun,1004,Alarm,2026-04-01T11:05:32.9360000Z,2026-04-01T11:51:34.3940000Z,0.0,DispatchRun
SKB-TS2-INV04,AlarmWorkState1-DispatchRun,1004,Alarm,2026-04-01T11:05:33.0610000Z,2026-04-01T11:51:34.4770000Z,0.0,DispatchRun
SKB-TS1-INV02,AlarmWorkState1-AlarmRun,1001,Alarm,2026-04-01T11:51:34.1580000Z,2026-04-01T11:53:06.8460000Z,0.0,AlarmRun
SKB-TS1-INV01,AlarmWorkState1-DispatchRun,1004,Alarm,2026-04-01T11:53:03.4810000Z,2026-04-01T12:08:32.6780000Z,0.0,DispatchRun
SKB-TS1-INV03,AlarmWorkState1-DispatchRun,1004,Alarm,2026-04-01T11:53:05.4860000Z,2026-04-01T12:08:32.7950000Z,0.0,DispatchRun
SKB-TS2-INV05,AlarmWorkState1-DispatchRun,1004,Alarm,2026-04-01T11:53:06.5070000Z,2026-04-01T12:08:32.6000000Z,0.0,DispatchRun
SKB-TS2-INV06,AlarmWorkState1-DispatchRun,1004,Alarm,2026-04-01T11:53:06.5930000Z,2026-04-01T12:08:32.7290000Z,0.0,DispatchRun
SKB-TS2-INV02,AlarmWorkState1-DispatchRun,1004,Alarm,2026-04-01T11:53:06.7200000Z,2026-04-01T12:08:32.8090000Z,0.0,DispatchRun
SKB-TS2-INV03,AlarmWorkState1-DispatchRun,1004,Alarm,2026-04-01T11:53:06.8080000Z,2026-04-01T12:08:32.8670000Z,0.0,DispatchRun
SKB-TS1-INV02,AlarmWorkState1-DispatchRun,1004,Alarm,2026-04-01T11:53:06.8460000Z,2026-04-01T12:08:33.1810000Z,0.0,DispatchRun
SKB-TS1-INV05,AlarmWorkState1-DispatchRun,1004,Alarm,2026-04-01T11:53:06.9870000Z,2026-04-01T12:08:33.2770000Z,0.0,DispatchRun
SKB-TS2-INV08,AlarmWorkState1-DispatchRun,1004,Alarm,2026-04-01T11:53:07.0050000Z,2026-04-01T12:08:33.0960000Z,0.0,DispatchRun
SKB-TS2-INV04,AlarmWorkState1-DispatchRun,1004,Alarm,2026-04-01T11:53:07.0880000Z,2026-04-01T12:08:33.2320000Z,0.0,DispatchRun
SKB-TS1-INV02,AlarmWorkState1-AlarmRun,1001,Alarm,2026-04-01T12:08:33.1810000Z,2026-04-01T12:10:04.0020000Z,0.0,AlarmRun
SKB-TS1-INV01,AlarmWorkState1-DispatchRun,1004,Alarm,2026-04-01T12:09:31.4190000Z,2026-04-01T12:10:32.4170000Z,0.0,DispatchRun
SKB-TS1-INV03,AlarmWorkState1-DispatchRun,1004,Alarm,2026-04-01T12:09:33.4360000Z,2026-04-01T12:10:32.5480000Z,0.0,DispatchRun
SKB-TS2-INV02,AlarmWorkState1-DispatchRun,1004,Alarm,2026-04-01T12:09:33.7320000Z,2026-04-01T12:10:32.5420000Z,0.0,DispatchRun
SKB-TS1-INV05,AlarmWorkState1-DispatchRun,1004,Alarm,2026-04-01T12:09:33.9730000Z,2026-04-01T12:10:32.9370000Z,0.0,DispatchRun
SKB-TS2-INV05,AlarmWorkState1-DispatchRun,1004,Alarm,2026-04-01T12:10:03.4140000Z,2026-04-01T12:10:31.3300000Z,0.0,DispatchRun
SKB-TS2-INV06,AlarmWorkState1-DispatchRun,1004,Alarm,2026-04-01T12:10:03.5830000Z,2026-04-01T12:10:32.4150000Z,0.0,DispatchRun
SKB-TS2-INV03,AlarmWorkState1-DispatchRun,1004,Alarm,2026-04-01T12:10:03.7230000Z,2026-04-01T12:10:32.5880000Z,0.0,DispatchRun
SKB-TS2-INV08,AlarmWorkState1-DispatchRun,1004,Alarm,2026-04-01T12:10:03.9280000Z,2026-04-01T12:10:32.7280000Z,0.0,DispatchRun
SKB-TS1-INV02,AlarmWorkState1-DispatchRun,1004,Alarm,2026-04-01T12:10:04.0020000Z,2026-04-01T12:10:32.8390000Z,0.0,DispatchRun
SKB-TS2-INV04,AlarmWorkState1-DispatchRun,1004,Alarm,2026-04-01T12:10:04.0180000Z,2026-04-01T12:10:32.8220000Z,0.0,DispatchRun
SKB-TS1-INV02,AlarmWorkState1-AlarmRun,1001,Alarm,2026-04-01T12:10:32.8390000Z,2026-04-01T12:17:05.1870000Z,0.0,AlarmRun
SKB-TS1-INV01,AlarmWorkState1-DispatchRun,1004,Alarm,2026-04-01T12:16:31.7680000Z,2026-04-01T12:29:31.9740000Z,0.0,DispatchRun
SKB-TS2-INV06,AlarmWorkState1-DispatchRun,1004,Alarm,2026-04-01T12:16:31.8450000Z,2026-04-01T12:24:03.7530000Z,0.0,DispatchRun
SKB-TS1-INV03,AlarmWorkState1-DispatchRun,1004,Alarm,2026-04-01T12:16:31.8600000Z,2026-04-01T12:29:32.0950000Z,0.0,DispatchRun
SKB-TS2-INV02,AlarmWorkState1-DispatchRun,1004,Alarm,2026-04-01T12:16:31.9000000Z,2026-04-01T12:24:03.8800000Z,0.0,DispatchRun
SKB-TS1-INV05,AlarmWorkState1-DispatchRun,1004,Alarm,2026-04-01T12:16:32.3050000Z,2026-04-01T12:29:32.6620000Z,0.0,DispatchRun
SKB-TS2-INV05,AlarmWorkState1-DispatchRun,1004,Alarm,2026-04-01T12:17:04.5510000Z,2026-04-01T12:24:03.6280000Z,0.0,DispatchRun
SKB-TS2-INV03,AlarmWorkState1-DispatchRun,1004,Alarm,2026-04-01T12:17:04.9120000Z,2026-04-01T12:24:04.0120000Z,0.0,DispatchRun
SKB-TS2-INV08,AlarmWorkState1-DispatchRun,1004,Alarm,2026-04-01T12:17:05.1570000Z,2026-04-01T12:24:04.1940000Z,0.0,DispatchRun
SKB-TS1-INV02,AlarmWorkState1-DispatchRun,1004,Alarm,2026-04-01T12:17:05.1870000Z,2026-04-01T12:24:04.2360000Z,0.0,DispatchRun
SKB-TS2-INV04,AlarmWorkState1-DispatchRun,1004,Alarm,2026-04-01T12:17:05.2710000Z,2026-04-01T12:24:04.3130000Z,0.0,DispatchRun
SKB-TS1-INV02,AlarmWorkState1-AlarmRun,1001,Alarm,2026-04-01T12:24:04.2360000Z,2026-04-01T12:24:31.8690000Z,0.0,AlarmRun
SKB-TS2-INV05,AlarmWorkState1-DispatchRun,1004,Alarm,2026-04-01T12:24:31.4750000Z,2026-04-01T12:29:31.9910000Z,0.0,DispatchRun
SKB-TS2-INV06,AlarmWorkState1-DispatchRun,1004,Alarm,2026-04-01T12:24:31.5600000Z,2026-04-01T12:29:32.1410000Z,0.0,DispatchRun
SKB-TS2-INV02,AlarmWorkState1-DispatchRun,1004,Alarm,2026-04-01T12:24:31.6420000Z,2026-04-01T12:30:33.9330000Z,0.0,DispatchRun
SKB-TS2-INV03,AlarmWorkState1-DispatchRun,1004,Alarm,2026-04-01T12:24:31.7910000Z,2026-04-01T12:29:32.3250000Z,0.0,DispatchRun
SKB-TS1-INV02,AlarmWorkState1-DispatchRun,1004,Alarm,2026-04-01T12:24:31.8690000Z,2026-04-01T12:29:32.5430000Z,0.0,DispatchRun
SKB-TS2-INV08,AlarmWorkState1-DispatchRun,1004,Alarm,2026-04-01T12:24:31.8800000Z,2026-04-01T12:29:32.5550000Z,0.0,DispatchRun
SKB-TS2-INV04,AlarmWorkState1-DispatchRun,1004,Alarm,2026-04-01T12:24:31.9700000Z,2026-04-01T12:29:32.6820000Z,0.0,DispatchRun
SKB-TS1-INV02,AlarmWorkState1-AlarmRun,1001,Alarm,2026-04-01T12:29:32.5430000Z,2026-04-01T12:36:31.0280000Z,0.0,AlarmRun
SKB-TS1-INV01,AlarmWorkState1-DispatchRun,1004,Alarm,2026-04-01T12:36:04.4710000Z,2026-04-01T12:40:32.5470000Z,0.0,DispatchRun
SKB-TS2-INV06,AlarmWorkState1-DispatchRun,1004,Alarm,2026-04-01T12:36:04.5810000Z,2026-04-01T12:37:30.4180000Z,0.0,DispatchRun
SKB-TS1-INV03,AlarmWorkState1-DispatchRun,1004,Alarm,2026-04-01T12:36:04.6090000Z,2026-04-01T12:40:32.6800000Z,0.0,DispatchRun
SKB-TS2-INV02,AlarmWorkState1-DispatchRun,1004,Alarm,2026-04-01T12:36:04.7110000Z,2026-04-01T12:37:31.1450000Z,0.0,DispatchRun
SKB-TS2-INV03,AlarmWorkState1-DispatchRun,1004,Alarm,2026-04-01T12:36:04.7960000Z,2026-04-01T12:37:31.3100000Z,0.0,DispatchRun
SKB-TS2-INV04,AlarmWorkState1-DispatchRun,1004,Alarm,2026-04-01T12:36:05.0390000Z,2026-04-01T12:37:31.7330000Z,0.0,DispatchRun
SKB-TS1-INV05,AlarmWorkState1-DispatchRun,1004,Alarm,2026-04-01T12:36:05.0610000Z,2026-04-01T12:40:33.1920000Z,0.0,DispatchRun
SKB-TS2-INV05,AlarmWorkState1-DispatchRun,1004,Alarm,2026-04-01T12:36:30.5190000Z,2026-04-01T12:37:30.3580000Z,0.0,DispatchRun
SKB-TS2-INV08,AlarmWorkState1-DispatchRun,1004,Alarm,2026-04-01T12:36:31.0250000Z,2026-04-01T12:37:31.5830000Z,0.0,DispatchRun
SKB-TS1-INV02,AlarmWorkState1-DispatchRun,1004,Alarm,2026-04-01T12:36:31.0280000Z,2026-04-01T12:38:04.1000000Z,0.0,DispatchRun
SKB-TS2-INV05,AlarmWorkState1-DispatchRun,1004,Alarm,2026-04-01T12:38:03.6200000Z,2026-04-01T12:40:32.5440000Z,0.0,DispatchRun
SKB-TS2-INV06,AlarmWorkState1-DispatchRun,1004,Alarm,2026-04-01T12:38:03.7420000Z,2026-04-01T12:40:32.6790000Z,0.0,DispatchRun
SKB-TS2-INV02,AlarmWorkState1-DispatchRun,1004,Alarm,2026-04-01T12:38:03.8100000Z,2026-04-01T12:40:32.7640000Z,0.0,DispatchRun
SKB-TS2-INV03,AlarmWorkState1-DispatchRun,1004,Alarm,2026-04-01T12:38:03.9330000Z,2026-04-01T12:40:32.8780000Z,0.0,DispatchRun
SKB-TS1-INV02,AlarmWorkState1-AlarmRun,1001,Alarm,2026-04-01T12:38:04.1000000Z,2026-04-01T12:38:31.8760000Z,0.0,AlarmRun
SKB-TS2-INV08,AlarmWorkState1-DispatchRun,1004,Alarm,2026-04-01T12:38:04.1620000Z,2026-04-01T12:40:33.0460000Z,0.0,DispatchRun
SKB-TS2-INV04,AlarmWorkState1-DispatchRun,1004,Alarm,2026-04-01T12:38:04.2790000Z,2026-04-01T12:40:33.1900000Z,0.0,DispatchRun
SKB-TS1-INV02,AlarmWorkState1-DispatchRun,1004,Alarm,2026-04-01T12:38:31.8760000Z,2026-04-01T12:40:33.0470000Z,0.0,DispatchRun
SKB-TS1-INV02,AlarmWorkState1-AlarmRun,1001,Alarm,2026-04-01T12:40:33.0470000Z,2026-04-01T12:45:32.1030000Z,0.0,AlarmRun
SKB-TS1-INV01,AlarmWorkState1-DispatchRun,1004,Alarm,2026-04-01T12:42:30.6530000Z,2026-04-01T12:43:03.4030000Z,0.0,DispatchRun
SKB-TS1-INV03,AlarmWorkState1-DispatchRun,1004,Alarm,2026-04-01T12:42:30.7640000Z,2026-04-01T12:43:03.6420000Z,0.0,DispatchRun
SKB-TS2-INV06,AlarmWorkState1-DispatchRun,1004,Alarm,2026-04-01T12:42:30.8250000Z,2026-04-01T12:43:03.5680000Z,0.0,DispatchRun
SKB-TS2-INV02,AlarmWorkState1-DispatchRun,1004,Alarm,2026-04-01T12:42:30.9350000Z,2026-04-01T12:43:03.7050000Z,0.0,DispatchRun
SKB-TS1-INV05,AlarmWorkState1-DispatchRun,1004,Alarm,2026-04-01T12:42:31.3510000Z,2026-04-01T12:43:04.1700000Z,0.0,DispatchRun
SKB-TS2-INV04,AlarmWorkState1-DispatchRun,1004,Alarm,2026-04-01T12:42:31.4110000Z,2026-04-01T12:43:04.1070000Z,0.0,DispatchRun
SKB-TS1-INV01,AlarmWorkState1-DispatchRun,1004,Alarm,2026-04-01T12:44:31.4850000Z,2026-04-01T12:48:04.7370000Z,0.0,DispatchRun
SKB-TS1-INV03,AlarmWorkState1-DispatchRun,1004,Alarm,2026-04-01T12:44:33.5080000Z,2026-04-01T12:48:04.8430000Z,0.0,DispatchRun
SKB-TS2-INV06,AlarmWorkState1-DispatchRun,1004,Alarm,2026-04-01T12:44:33.5250000Z,2026-04-01T12:48:04.7920000Z,0.0,DispatchRun
SKB-TS2-INV02,AlarmWorkState1-DispatchRun,1004,Alarm,2026-04-01T12:44:33.6690000Z,2026-04-01T12:48:04.9310000Z,0.0,DispatchRun
SKB-TS2-INV03,AlarmWorkState1-DispatchRun,1004,Alarm,2026-04-01T12:44:33.8190000Z,2026-04-01T12:48:05.0300000Z,0.0,DispatchRun
SKB-TS1-INV05,AlarmWorkState1-DispatchRun,1004,Alarm,2026-04-01T12:44:34.0460000Z,2026-04-01T12:48:05.4210000Z,0.0,DispatchRun
SKB-TS2-INV04,AlarmWorkState1-DispatchRun,1004,Alarm,2026-04-01T12:44:34.0790000Z,2026-04-01T12:48:05.3830000Z,0.0,DispatchRun
SKB-TS2-INV05,AlarmWorkState1-DispatchRun,1004,Alarm,2026-04-01T12:45:03.4770000Z,2026-04-01T12:48:04.6500000Z,0.0,DispatchRun
SKB-TS2-INV08,AlarmWorkState1-DispatchRun,1004,Alarm,2026-04-01T12:45:03.9440000Z,2026-04-01T12:48:05.2780000Z,0.0,DispatchRun
SKB-TS1-INV02,AlarmWorkState1-DispatchRun,1004,Alarm,2026-04-01T12:45:32.1030000Z,2026-04-01T12:46:32.5300000Z,0.0,DispatchRun
SKB-TS1-INV02,AlarmWorkState1-AlarmRun,1001,Alarm,2026-04-01T12:46:32.5300000Z,2026-04-01T15:09:31.8540000Z,0.0,AlarmRun
SKB-TS2-INV06,AlarmWorkState1-DispatchRun,1004,Alarm,2026-04-06T09:24:34.3290000Z,2026-04-06T09:25:06.2830000Z,0.0,DispatchRun
SKB-TS2-INV03,AlarmWorkState1-DispatchRun,1004,Alarm,2026-04-06T09:24:34.5300000Z,2026-04-06T09:25:06.4060000Z,0.0,DispatchRun
SKB-TS1-INV05,AlarmWorkState1-DispatchRun,1004,Alarm,2026-04-06T09:24:34.8700000Z,2026-04-06T09:25:06.4840000Z,0.0,DispatchRun
SKB-TS2-INV04,AlarmWorkState1-DispatchRun,1004,Alarm,2026-04-06T09:30:04.8280000Z,2026-04-06T09:31:37.3340000Z,0.0,DispatchRun
SKB-TS2-INV05,AlarmWorkState1-DispatchRun,1004,Alarm,2026-04-06T09:30:33.5150000Z,2026-04-06T09:31:36.8070000Z,0.0,DispatchRun
SKB-TS1-INV01,AlarmWorkState1-DispatchRun,1004,Alarm,2026-04-06T09:30:33.5370000Z,2026-04-06T09:31:36.9330000Z,0.0,DispatchRun
SKB-TS2-INV06,AlarmWorkState1-DispatchRun,1004,Alarm,2026-04-06T09:30:33.6120000Z,2026-04-06T09:31:36.9750000Z,0.0,DispatchRun
SKB-TS1-INV03,AlarmWorkState1-DispatchRun,1004,Alarm,2026-04-06T09:30:33.6560000Z,2026-04-06T09:31:36.9870000Z,0.0,DispatchRun
SKB-TS2-INV02,AlarmWorkState1-DispatchRun,1004,Alarm,2026-04-06T09:30:33.6880000Z,2026-04-06T09:31:37.0150000Z,0.0,DispatchRun
SKB-TS2-INV03,AlarmWorkState1-DispatchRun,1004,Alarm,2026-04-06T09:30:33.8050000Z,2026-04-06T09:31:37.0880000Z,0.0,DispatchRun
SKB-TS2-INV08,AlarmWorkState1-DispatchRun,1004,Alarm,2026-04-06T09:30:34.0240000Z,2026-04-06T09:31:37.2440000Z,0.0,DispatchRun
SKB-TS1-INV02,AlarmWorkState1-DispatchRun,1004,Alarm,2026-04-06T09:30:34.0690000Z,2026-04-06T09:31:37.2750000Z,0.0,DispatchRun
SKB-TS1-INV05,AlarmWorkState1-DispatchRun,1004,Alarm,2026-04-06T09:30:34.1320000Z,2026-04-06T09:31:37.3720000Z,0.0,DispatchRun
SKB-TS1-INV01,AlarmWorkState1-DispatchRun,1004,Alarm,2026-04-06T09:32:02.3790000Z,2026-04-06T09:32:33.4610000Z,0.0,DispatchRun
SKB-TS2-INV05,AlarmWorkState1-DispatchRun,1004,Alarm,2026-04-06T09:32:02.4000000Z,2026-04-06T09:32:33.6090000Z,0.0,DispatchRun
SKB-TS1-INV03,AlarmWorkState1-DispatchRun,1004,Alarm,2026-04-06T09:32:02.4540000Z,2026-04-06T09:32:33.6260000Z,0.0,DispatchRun
SKB-TS2-INV06,AlarmWorkState1-DispatchRun,1004,Alarm,2026-04-06T09:32:02.4600000Z,2026-04-06T09:32:33.6920000Z,0.0,DispatchRun
SKB-TS2-INV02,AlarmWorkState1-DispatchRun,1004,Alarm,2026-04-06T09:32:02.5470000Z,2026-04-06T09:32:33.7580000Z,0.0,DispatchRun
SKB-TS2-INV03,AlarmWorkState1-DispatchRun,1004,Alarm,2026-04-06T09:32:02.5990000Z,2026-04-06T09:32:33.9090000Z,0.0,DispatchRun
SKB-TS1-INV02,AlarmWorkState1-DispatchRun,1004,Alarm,2026-04-06T09:32:02.7670000Z,2026-04-06T09:32:33.9470000Z,0.0,DispatchRun
SKB-TS2-INV08,AlarmWorkState1-DispatchRun,1004,Alarm,2026-04-06T09:32:02.7900000Z,2026-04-06T09:32:34.0620000Z,0.0,DispatchRun
SKB-TS1-INV05,AlarmWorkState1-DispatchRun,1004,Alarm,2026-04-06T09:32:02.8690000Z,2026-04-06T09:32:33.9950000Z,0.0,DispatchRun
SKB-TS2-INV04,AlarmWorkState1-DispatchRun,1004,Alarm,2026-04-06T09:32:02.8870000Z,2026-04-06T09:32:34.1760000Z,0.0,DispatchRun
SKB-TS1-INV01,AlarmWorkState1-DispatchRun,1004,Alarm,2026-04-06T09:33:02.4090000Z,2026-04-06T09:34:04.0630000Z,0.0,DispatchRun
SKB-TS2-INV05,AlarmWorkState1-DispatchRun,1004,Alarm,2026-04-06T09:33:02.4380000Z,2026-04-06T09:34:03.9970000Z,0.0,DispatchRun
SKB-TS1-INV03,AlarmWorkState1-DispatchRun,1004,Alarm,2026-04-06T09:33:02.4560000Z,2026-04-06T09:34:04.1800000Z,0.0,DispatchRun
SKB-TS2-INV06,AlarmWorkState1-DispatchRun,1004,Alarm,2026-04-06T09:33:02.4640000Z,2026-04-06T09:34:32.5500000Z,0.0,DispatchRun
SKB-TS2-INV02,AlarmWorkState1-DispatchRun,1004,Alarm,2026-04-06T09:33:02.5830000Z,2026-04-06T09:34:04.2430000Z,0.0,DispatchRun
SKB-TS2-INV03,AlarmWorkState1-DispatchRun,1004,Alarm,2026-04-06T09:33:02.6710000Z,2026-04-06T09:34:04.3660000Z,0.0,DispatchRun
SKB-TS1-INV02,AlarmWorkState1-DispatchRun,1004,Alarm,2026-04-06T09:33:02.8850000Z,2026-04-06T09:34:04.6440000Z,0.0,DispatchRun
SKB-TS2-INV08,AlarmWorkState1-DispatchRun,1004,Alarm,2026-04-06T09:33:02.8930000Z,2026-04-06T09:34:04.5840000Z,0.0,DispatchRun
SKB-TS1-INV05,AlarmWorkState1-DispatchRun,1004,Alarm,2026-04-06T09:33:02.9440000Z,2026-04-06T09:34:04.7680000Z,0.0,DispatchRun
SKB-TS2-INV04,AlarmWorkState1-DispatchRun,1004,Alarm,2026-04-06T09:33:03.0150000Z,2026-04-06T09:34:04.6700000Z,0.0,DispatchRun
SKB-TS1-INV01,AlarmWorkState1-DispatchRun,1004,Alarm,2026-04-06T10:03:05.2620000Z,2026-04-06T10:03:34.2470000Z,0.0,DispatchRun
SKB-TS1-INV03,AlarmWorkState1-DispatchRun,1004,Alarm,2026-04-06T10:03:06.3290000Z,2026-04-06T10:03:34.3950000Z,0.0,DispatchRun
SKB-TS2-INV02,AlarmWorkState1-DispatchRun,1004,Alarm,2026-04-06T10:03:06.4980000Z,2026-04-06T10:03:34.4100000Z,0.0,DispatchRun
SKB-TS1-INV02,AlarmWorkState1-DispatchRun,1004,Alarm,2026-04-06T10:03:06.6630000Z,2026-04-06T10:03:34.8400000Z,0.0,DispatchRun
SKB-TS2-INV08,AlarmWorkState1-DispatchRun,1004,Alarm,2026-04-06T10:03:06.7550000Z,2026-04-06T10:03:34.7690000Z,0.0,DispatchRun
SKB-TS1-INV05,AlarmWorkState1-DispatchRun,1004,Alarm,2026-04-06T10:03:06.7780000Z,2026-04-06T10:03:34.9600000Z,0.0,DispatchRun
SKB-TS2-INV04,AlarmWorkState1-DispatchRun,1004,Alarm,2026-04-06T10:03:06.8260000Z,2026-04-06T10:03:34.8590000Z,0.0,DispatchRun
SKB-TS1-INV03,AlarmWorkState1-DispatchRun,1004,Alarm,2026-04-06T10:04:04.2630000Z,2026-04-06T10:04:32.5980000Z,0.0,DispatchRun
SKB-TS2-INV02,AlarmWorkState1-DispatchRun,1004,Alarm,2026-04-06T10:04:04.3360000Z,2026-04-06T10:04:32.7160000Z,0.0,DispatchRun
SKB-TS1-INV02,AlarmWorkState1-DispatchRun,1004,Alarm,2026-04-06T10:04:04.6760000Z,2026-04-06T10:04:33.0470000Z,0.0,DispatchRun
SKB-TS2-INV05,AlarmWorkState1-DispatchRun,1004,Alarm,2026-04-06T10:10:02.5100000Z,2026-04-06T10:10:32.4350000Z,0.0,DispatchRun
SKB-TS2-INV06,AlarmWorkState1-DispatchRun,1004,Alarm,2026-04-06T10:10:02.6390000Z,2026-04-06T10:10:33.5200000Z,0.0,DispatchRun
SKB-TS2-INV02,AlarmWorkState1-DispatchRun,1004,Alarm,2026-04-06T10:10:02.8240000Z,2026-04-06T10:10:33.6000000Z,0.0,DispatchRun
SKB-TS2-INV03,AlarmWorkState1-DispatchRun,1004,Alarm,2026-04-06T10:10:02.9190000Z,2026-04-06T10:10:33.6850000Z,0.0,DispatchRun
SKB-TS1-INV02,AlarmWorkState1-DispatchRun,1004,Alarm,2026-04-06T10:10:02.9910000Z,2026-04-06T10:10:33.9660000Z,0.0,DispatchRun
SKB-TS2-INV08,AlarmWorkState1-DispatchRun,1004,Alarm,2026-04-06T10:10:03.0320000Z,2026-04-06T10:10:33.8600000Z,0.0,DispatchRun
SKB-TS1-INV05,AlarmWorkState1-DispatchRun,1004,Alarm,2026-04-06T10:10:03.0930000Z,2026-04-06T10:10:34.0440000Z,0.0,DispatchRun
SKB-TS2-INV04,AlarmWorkState1-DispatchRun,1004,Alarm,2026-04-06T10:10:03.1300000Z,2026-04-06T10:10:33.9560000Z,0.0,DispatchRun
SKB-TS1-INV01,AlarmWorkState1-DispatchRun,1004,Alarm,2026-04-06T10:24:05.1760000Z,2026-04-06T10:25:02.5420000Z,0.0,DispatchRun
SKB-TS2-INV05,AlarmWorkState1-DispatchRun,1004,Alarm,2026-04-06T10:24:05.3040000Z,2026-04-06T10:25:02.6790000Z,0.0,DispatchRun
SKB-TS1-INV03,AlarmWorkState1-DispatchRun,1004,Alarm,2026-04-06T10:24:05.3330000Z,2026-04-06T10:25:02.7780000Z,0.0,DispatchRun
SKB-TS2-INV06,AlarmWorkState1-DispatchRun,1004,Alarm,2026-04-06T10:24:05.4310000Z,2026-04-06T10:25:02.7970000Z,0.0,DispatchRun
SKB-TS2-INV02,AlarmWorkState1-DispatchRun,1004,Alarm,2026-04-06T10:24:05.5500000Z,2026-04-06T10:25:03.0090000Z,0.0,DispatchRun
SKB-TS2-INV03,AlarmWorkState1-DispatchRun,1004,Alarm,2026-04-06T10:24:05.6870000Z,2026-04-06T10:25:03.2260000Z,0.0,DispatchRun
SKB-TS2-INV08,AlarmWorkState1-DispatchRun,1004,Alarm,2026-04-06T10:24:05.7870000Z,2026-04-06T10:25:03.3660000Z,0.0,DispatchRun
SKB-TS1-INV02,AlarmWorkState1-DispatchRun,1004,Alarm,2026-04-06T10:24:05.7890000Z,2026-04-06T10:25:03.2870000Z,0.0,DispatchRun
SKB-TS2-INV04,AlarmWorkState1-DispatchRun,1004,Alarm,2026-04-06T10:24:05.8880000Z,2026-04-06T10:25:03.4430000Z,0.0,DispatchRun
SKB-TS1-INV05,AlarmWorkState1-DispatchRun,1004,Alarm,2026-04-06T10:24:05.8910000Z,2026-04-06T10:25:03.3640000Z,0.0,DispatchRun
SKB-TS1-INV01,AlarmWorkState1-DispatchRun,1004,Alarm,2026-04-06T10:27:32.7690000Z,2026-04-06T10:28:05.1500000Z,0.0,DispatchRun
SKB-TS1-INV03,AlarmWorkState1-DispatchRun,1004,Alarm,2026-04-06T10:27:32.8340000Z,2026-04-06T10:28:05.8390000Z,0.0,DispatchRun
SKB-TS2-INV05,AlarmWorkState1-DispatchRun,1004,Alarm,2026-04-06T10:27:32.9040000Z,2026-04-06T10:28:05.9560000Z,0.0,DispatchRun
SKB-TS2-INV06,AlarmWorkState1-DispatchRun,1004,Alarm,2026-04-06T10:27:32.9960000Z,2026-04-06T10:28:06.0210000Z,0.0,DispatchRun
SKB-TS2-INV02,AlarmWorkState1-DispatchRun,1004,Alarm,2026-04-06T10:27:33.1280000Z,2026-04-06T10:28:06.0830000Z,0.0,DispatchRun
SKB-TS2-INV03,AlarmWorkState1-DispatchRun,1004,Alarm,2026-04-06T10:27:33.2270000Z,2026-04-06T10:28:06.1440000Z,0.0,DispatchRun
SKB-TS1-INV02,AlarmWorkState1-DispatchRun,1004,Alarm,2026-04-06T10:27:33.2360000Z,2026-04-06T10:28:06.0910000Z,0.0,DispatchRun
SKB-TS1-INV05,AlarmWorkState1-DispatchRun,1004,Alarm,2026-04-06T10:27:33.3210000Z,2026-04-06T10:28:06.1510000Z,0.0,DispatchRun
SKB-TS2-INV08,AlarmWorkState1-DispatchRun,1004,Alarm,2026-04-06T10:27:33.3870000Z,2026-04-06T10:28:06.2780000Z,0.0,DispatchRun
SKB-TS2-INV04,AlarmWorkState1-DispatchRun,1004,Alarm,2026-04-06T10:27:33.4640000Z,2026-04-06T10:28:06.3020000Z,0.0,DispatchRun
SKB-TS1-INV01,AlarmWorkState1-DispatchRun,1004,Alarm,2026-04-06T10:32:02.3600000Z,2026-04-06T10:33:02.4590000Z,0.0,DispatchRun
SKB-TS2-INV03,AlarmWorkState1-DispatchRun,1004,Alarm,2026-04-06T10:32:02.7570000Z,2026-04-06T10:33:02.7340000Z,0.0,DispatchRun
SKB-TS2-INV05,AlarmWorkState1-DispatchRun,1004,Alarm,2026-04-06T10:32:35.3260000Z,2026-04-06T10:33:02.4530000Z,0.0,DispatchRun
SKB-TS2-INV06,AlarmWorkState1-DispatchRun,1004,Alarm,2026-04-06T10:32:36.3820000Z,2026-04-06T10:33:02.5850000Z,0.0,DispatchRun
SKB-TS1-INV03,AlarmWorkState1-DispatchRun,1004,Alarm,2026-04-06T10:32:36.4100000Z,2026-04-06T10:33:02.5860000Z,0.0,DispatchRun
SKB-TS2-INV02,AlarmWorkState1-DispatchRun,1004,Alarm,2026-04-06T10:32:36.5070000Z,2026-04-06T10:33:02.6870000Z,0.0,DispatchRun
SKB-TS2-INV08,AlarmWorkState1-DispatchRun,1004,Alarm,2026-04-06T10:32:36.7920000Z,2026-04-06T10:33:02.8570000Z,0.0,DispatchRun
SKB-TS1-INV02,AlarmWorkState1-DispatchRun,1004,Alarm,2026-04-06T10:32:36.8460000Z,2026-04-06T10:33:02.8560000Z,0.0,DispatchRun
SKB-TS2-INV04,AlarmWorkState1-DispatchRun,1004,Alarm,2026-04-06T10:32:36.9040000Z,2026-04-06T10:33:02.9480000Z,0.0,DispatchRun
SKB-TS1-INV05,AlarmWorkState1-DispatchRun,1004,Alarm,2026-04-06T10:32:36.9760000Z,2026-04-06T10:33:02.9460000Z,0.0,DispatchRun
SKB-TS1-INV01,AlarmWorkState1-DispatchRun,1004,Alarm,2026-04-06T10:37:03.9850000Z,2026-04-06T10:41:32.4050000Z,0.0,DispatchRun
SKB-TS2-INV05,AlarmWorkState1-DispatchRun,1004,Alarm,2026-04-06T10:37:04.4630000Z,2026-04-06T10:41:32.4810000Z,0.0,DispatchRun
SKB-TS1-INV03,AlarmWorkState1-DispatchRun,1004,Alarm,2026-04-06T10:37:04.4640000Z,2026-04-06T10:41:32.5230000Z,0.0,DispatchRun
SKB-TS2-INV06,AlarmWorkState1-DispatchRun,1004,Alarm,2026-04-06T10:37:04.5800000Z,2026-04-06T10:41:32.6370000Z,0.0,DispatchRun
SKB-TS2-INV02,AlarmWorkState1-DispatchRun,1004,Alarm,2026-04-06T10:37:04.6950000Z,2026-04-06T10:41:32.7160000Z,0.0,DispatchRun
SKB-TS2-INV03,AlarmWorkState1-DispatchRun,1004,Alarm,2026-04-06T10:37:33.9480000Z,2026-04-06T10:41:32.8120000Z,0.0,DispatchRun
SKB-TS1-INV02,AlarmWorkState1-DispatchRun,1004,Alarm,2026-04-06T10:37:34.0590000Z,2026-04-06T10:41:32.9790000Z,0.0,DispatchRun
SKB-TS2-INV08,AlarmWorkState1-DispatchRun,1004,Alarm,2026-04-06T10:37:34.1580000Z,2026-04-06T10:41:33.0140000Z,0.0,DispatchRun
SKB-TS1-INV05,AlarmWorkState1-DispatchRun,1004,Alarm,2026-04-06T10:37:34.1770000Z,2026-04-06T10:41:33.1080000Z,0.0,DispatchRun
SKB-TS2-INV04,AlarmWorkState1-DispatchRun,1004,Alarm,2026-04-06T10:37:34.2730000Z,2026-04-06T10:41:33.1270000Z,0.0,DispatchRun
SKB-TS1-INV03,AlarmWorkState1-DispatchRun,1004,Alarm,2026-04-06T10:42:05.6200000Z,2026-04-06T10:43:34.7350000Z,0.0,DispatchRun
SKB-TS2-INV02,AlarmWorkState1-DispatchRun,1004,Alarm,2026-04-06T10:42:05.7000000Z,2026-04-06T10:43:34.7380000Z,0.0,DispatchRun
SKB-TS2-INV03,AlarmWorkState1-DispatchRun,1004,Alarm,2026-04-06T10:42:05.7510000Z,2026-04-06T10:43:34.8090000Z,0.0,DispatchRun
SKB-TS2-INV08,AlarmWorkState1-DispatchRun,1004,Alarm,2026-04-06T10:42:05.8680000Z,2026-04-06T10:43:34.9760000Z,0.0,DispatchRun
SKB-TS2-INV04,AlarmWorkState1-DispatchRun,1004,Alarm,2026-04-06T10:42:05.9920000Z,2026-04-06T10:43:35.0880000Z,0.0,DispatchRun
SKB-TS1-INV05,AlarmWorkState1-DispatchRun,1004,Alarm,2026-04-06T10:42:06.0070000Z,2026-04-06T10:43:35.1310000Z,0.0,DispatchRun
SKB-TS2-INV05,AlarmWorkState1-DispatchRun,1004,Alarm,2026-04-06T10:42:32.4840000Z,2026-04-06T10:43:34.5070000Z,0.0,DispatchRun
SKB-TS1-INV01,AlarmWorkState1-DispatchRun,1004,Alarm,2026-04-06T10:42:32.5420000Z,2026-04-06T10:43:34.6000000Z,0.0,DispatchRun
SKB-TS2-INV06,AlarmWorkState1-DispatchRun,1004,Alarm,2026-04-06T10:42:32.5820000Z,2026-04-06T10:43:34.6450000Z,0.0,DispatchRun
SKB-TS1-INV02,AlarmWorkState1-DispatchRun,1004,Alarm,2026-04-06T10:42:33.0320000Z,2026-04-06T10:43:35.0100000Z,0.0,DispatchRun
SKB-TS1-INV01,AlarmWorkState1-DispatchRun,1004,Alarm,2026-04-06T10:45:02.4220000Z,2026-04-06T10:45:36.1950000Z,0.0,DispatchRun
SKB-TS2-INV05,AlarmWorkState1-DispatchRun,1004,Alarm,2026-04-06T10:45:02.5380000Z,2026-04-06T10:45:36.3070000Z,0.0,DispatchRun
SKB-TS1-INV03,AlarmWorkState1-DispatchRun,1004,Alarm,2026-04-06T10:45:02.5850000Z,2026-04-06T10:45:36.3200000Z,0.0,DispatchRun
SKB-TS2-INV06,AlarmWorkState1-DispatchRun,1004,Alarm,2026-04-06T10:45:02.7010000Z,2026-04-06T10:45:36.4180000Z,0.0,DispatchRun
SKB-TS2-INV02,AlarmWorkState1-DispatchRun,1004,Alarm,2026-04-06T10:45:02.8100000Z,2026-04-06T10:45:36.5420000Z,0.0,DispatchRun
SKB-TS2-INV03,AlarmWorkState1-DispatchRun,1004,Alarm,2026-04-06T10:45:02.9930000Z,2026-04-06T10:45:36.6460000Z,0.0,DispatchRun
SKB-TS1-INV02,AlarmWorkState1-DispatchRun,1004,Alarm,2026-04-06T10:45:03.0430000Z,2026-04-06T10:45:36.7790000Z,0.0,DispatchRun
SKB-TS1-INV05,AlarmWorkState1-DispatchRun,1004,Alarm,2026-04-06T10:45:03.2330000Z,2026-04-06T10:45:36.8870000Z,0.0,DispatchRun
SKB-TS2-INV08,AlarmWorkState1-DispatchRun,1004,Alarm,2026-04-06T10:45:03.2640000Z,2026-04-06T10:45:36.8570000Z,0.0,DispatchRun
SKB-TS2-INV04,AlarmWorkState1-DispatchRun,1004,Alarm,2026-04-06T10:45:03.3060000Z,2026-04-06T10:45:36.9800000Z,0.0,DispatchRun
SKB-TS1-INV01,AlarmWorkState1-DispatchRun,1004,Alarm,2026-04-06T10:47:05.9360000Z,2026-04-06T10:47:32.3940000Z,0.0,DispatchRun
SKB-TS2-INV06,AlarmWorkState1-DispatchRun,1004,Alarm,2026-04-06T10:47:05.9950000Z,2026-04-06T10:47:32.5220000Z,0.0,DispatchRun
SKB-TS1-INV03,AlarmWorkState1-DispatchRun,1004,Alarm,2026-04-06T10:47:05.9980000Z,2026-04-06T10:47:32.4750000Z,0.0,DispatchRun
SKB-TS2-INV02,AlarmWorkState1-DispatchRun,1004,Alarm,2026-04-06T10:47:06.1260000Z,2026-04-06T10:47:32.6080000Z,0.0,DispatchRun
SKB-TS1-INV08,AlarmWorkState1-DispatchRun,1004,Alarm,2026-04-06T10:47:06.1280000Z,2026-04-06T10:47:32.5500000Z,0.0,DispatchRun
SKB-TS2-INV03,AlarmWorkState1-DispatchRun,1004,Alarm,2026-04-06T10:47:06.1890000Z,2026-04-06T10:47:32.7130000Z,0.0,DispatchRun
SKB-TS1-INV04,AlarmWorkState1-DispatchRun,1004,Alarm,2026-04-06T10:47:06.1960000Z,2026-04-06T10:47:32.6600000Z,0.0,DispatchRun
SKB-TS2-INV08,AlarmWorkState1-DispatchRun,1004,Alarm,2026-04-06T10:47:06.3740000Z,2026-04-06T10:47:32.9460000Z,0.0,DispatchRun
SKB-TS1-INV02,AlarmWorkState1-DispatchRun,1004,Alarm,2026-04-06T10:47:06.3800000Z,2026-04-06T10:47:32.9250000Z,0.0,DispatchRun
SKB-TS2-INV04,AlarmWorkState1-DispatchRun,1004,Alarm,2026-04-06T10:47:06.4760000Z,2026-04-06T10:47:33.0510000Z,0.0,DispatchRun
SKB-TS1-INV05,AlarmWorkState1-DispatchRun,1004,Alarm,2026-04-06T10:47:06.4800000Z,2026-04-06T10:47:32.9920000Z,0.0,DispatchRun
SKB-TS2-INV05,AlarmWorkState1-DispatchRun,1004,Alarm,2026-04-06T10:49:05.2330000Z,2026-04-06T10:49:35.4190000Z,0.0,DispatchRun
SKB-TS1-INV01,AlarmWorkState1-DispatchRun,1004,Alarm,2026-04-06T10:49:05.2750000Z,2026-04-06T10:49:34.3440000Z,0.0,DispatchRun
SKB-TS2-INV06,AlarmWorkState1-DispatchRun,1004,Alarm,2026-04-06T10:49:05.3460000Z,2026-04-06T10:49:35.4710000Z,0.0,DispatchRun
SKB-TS1-INV03,AlarmWorkState1-DispatchRun,1004,Alarm,2026-04-06T10:49:05.3690000Z,2026-04-06T10:49:35.3990000Z,0.0,DispatchRun
SKB-TS2-INV02,AlarmWorkState1-DispatchRun,1004,Alarm,2026-04-06T10:49:05.4050000Z,2026-04-06T10:49:35.5570000Z,0.0,DispatchRun
SKB-TS2-INV03,AlarmWorkState1-DispatchRun,1004,Alarm,2026-04-06T10:49:05.4870000Z,2026-04-06T10:49:35.6840000Z,0.0,DispatchRun
SKB-TS2-INV08,AlarmWorkState1-DispatchRun,1004,Alarm,2026-04-06T10:49:05.6290000Z,2026-04-06T10:49:35.9190000Z,0.0,DispatchRun
SKB-TS1-INV02,AlarmWorkState1-DispatchRun,1004,Alarm,2026-04-06T10:49:05.7120000Z,2026-04-06T10:49:35.7830000Z,0.0,DispatchRun
SKB-TS2-INV04,AlarmWorkState1-DispatchRun,1004,Alarm,2026-04-06T10:49:05.7520000Z,2026-04-06T10:49:35.9940000Z,0.0,DispatchRun
SKB-TS1-INV05,AlarmWorkState1-DispatchRun,1004,Alarm,2026-04-06T10:49:05.7960000Z,2026-04-06T10:49:35.9220000Z,0.0,DispatchRun
SKB-TS1-INV01,AlarmWorkState1-DispatchRun,1004,Alarm,2026-04-06T10:51:35.7750000Z,2026-04-06T10:52:03.3810000Z,0.0,DispatchRun
SKB-TS1-INV03,AlarmWorkState1-DispatchRun,1004,Alarm,2026-04-06T10:51:35.9700000Z,2026-04-06T10:52:03.4570000Z,0.0,DispatchRun
SKB-TS2-INV02,AlarmWorkState1-DispatchRun,1004,Alarm,2026-04-06T10:51:36.1270000Z,2026-04-06T10:52:03.6070000Z,0.0,DispatchRun
SKB-TS2-INV03,AlarmWorkState1-DispatchRun,1004,Alarm,2026-04-06T10:51:36.2210000Z,2026-04-06T10:52:03.7230000Z,0.0,DispatchRun
SKB-TS1-INV02,AlarmWorkState1-DispatchRun,1004,Alarm,2026-04-06T10:51:36.3920000Z,2026-04-06T10:52:03.8760000Z,0.0,DispatchRun
SKB-TS2-INV08,AlarmWorkState1-DispatchRun,1004,Alarm,2026-04-06T10:51:36.4060000Z,2026-04-06T10:52:03.9110000Z,0.0,DispatchRun
SKB-TS1-INV05,AlarmWorkState1-DispatchRun,1004,Alarm,2026-04-06T10:51:36.4460000Z,2026-04-06T10:52:03.9550000Z,0.0,DispatchRun
SKB-TS2-INV04,AlarmWorkState1-DispatchRun,1004,Alarm,2026-04-06T10:51:36.4730000Z,2026-04-06T10:52:04.0500000Z,0.0,DispatchRun
SKB-TS2-INV05,AlarmWorkState1-DispatchRun,1004,Alarm,2026-04-06T10:53:05.1670000Z,2026-04-06T10:53:33.2210000Z,0.0,DispatchRun
SKB-TS1-INV01,AlarmWorkState1-DispatchRun,1004,Alarm,2026-04-06T10:53:05.2830000Z,2026-04-06T10:53:35.0680000Z,0.0,DispatchRun
SKB-TS2-INV06,AlarmWorkState1-DispatchRun,1004,Alarm,2026-04-06T10:53:05.2920000Z,2026-04-06T10:53:35.0050000Z,0.0,DispatchRun
SKB-TS1-INV03,AlarmWorkState1-DispatchRun,1004,Alarm,2026-04-06T10:53:05.3700000Z,2026-04-06T10:53:35.1480000Z,0.0,DispatchRun
SKB-TS2-INV02,AlarmWorkState1-DispatchRun,1004,Alarm,2026-04-06T10:53:05.3750000Z,2026-04-06T10:53:35.1220000Z,0.0,DispatchRun
SKB-TS2-INV03,AlarmWorkState1-DispatchRun,1004,Alarm,2026-04-06T10:53:05.4330000Z,2026-04-06T10:53:35.2140000Z,0.0,DispatchRun
SKB-TS2-INV08,AlarmWorkState1-DispatchRun,1004,Alarm,2026-04-06T10:53:05.6170000Z,2026-04-06T10:53:35.3970000Z,0.0,DispatchRun
SKB-TS1-INV02,AlarmWorkState1-DispatchRun,1004,Alarm,2026-04-06T10:53:05.6370000Z,2026-04-06T10:53:35.5340000Z,0.0,DispatchRun
SKB-TS2-INV04,AlarmWorkState1-DispatchRun,1004,Alarm,2026-04-06T10:53:05.6570000Z,2026-04-06T10:53:35.5150000Z,0.0,DispatchRun
SKB-TS1-INV05,AlarmWorkState1-DispatchRun,1004,Alarm,2026-04-06T10:53:05.7390000Z,2026-04-06T10:53:35.6310000Z,0.0,DispatchRun
SKB-TS1-INV01,AlarmWorkState1-DispatchRun,1004,Alarm,2026-04-06T10:56:33.6160000Z,2026-04-06T10:57:36.6780000Z,0.0,DispatchRun
SKB-TS2-INV05,AlarmWorkState1-DispatchRun,1004,Alarm,2026-04-06T10:56:33.7570000Z,2026-04-06T10:57:37.5160000Z,0.0,DispatchRun
SKB-TS1-INV03,AlarmWorkState1-DispatchRun,1004,Alarm,2026-04-06T10:56:33.7580000Z,2026-04-06T10:57:37.5340000Z,0.0,DispatchRun
SKB-TS2-INV06,AlarmWorkState1-DispatchRun,1004,Alarm,2026-04-06T10:56:33.8640000Z,2026-04-06T10:57:37.5560000Z,0.0,DispatchRun
SKB-TS2-INV02,AlarmWorkState1-DispatchRun,1004,Alarm,2026-04-06T10:56:33.9960000Z,2026-04-06T10:57:37.5930000Z,0.0,DispatchRun
SKB-TS2-INV03,AlarmWorkState1-DispatchRun,1004,Alarm,2026-04-06T10:56:34.1120000Z,2026-04-06T10:57:37.6480000Z,0.0,DispatchRun
SKB-TS1-INV02,AlarmWorkState1-DispatchRun,1004,Alarm,2026-04-06T10:56:34.2130000Z,2026-04-06T10:57:37.7190000Z,0.0,DispatchRun
SKB-TS2-INV08,AlarmWorkState1-DispatchRun,1004,Alarm,2026-04-06T10:56:34.3580000Z,2026-04-06T10:57:37.7200000Z,0.0,DispatchRun
SKB-TS1-INV05,AlarmWorkState1-DispatchRun,1004,Alarm,2026-04-06T10:56:34.3660000Z,2026-04-06T10:57:37.7480000Z,0.0,DispatchRun
SKB-TS2-INV04,AlarmWorkState1-DispatchRun,1004,Alarm,2026-04-06T10:56:34.4110000Z,2026-04-06T10:57:37.7470000Z,0.0,DispatchRun
SKB-TS2-INV05,AlarmWorkState1-DispatchRun,1004,Alarm,2026-04-06T10:59:32.4390000Z,2026-04-06T11:00:32.6970000Z,0.0,DispatchRun
SKB-TS2-INV06,AlarmWorkState1-DispatchRun,1004,Alarm,2026-04-06T10:59:32.5140000Z,2026-04-06T11:00:32.7880000Z,0.0,DispatchRun
SKB-TS2-INV02,AlarmWorkState1-DispatchRun,1004,Alarm,2026-04-06T10:59:32.6080000Z,2026-04-06T11:00:32.8930000Z,0.0,DispatchRun
SKB-TS2-INV08,AlarmWorkState1-DispatchRun,1004,Alarm,2026-04-06T10:59:32.8690000Z,2026-04-06T11:00:34.1910000Z,0.0,DispatchRun
SKB-TS2-INV04,AlarmWorkState1-DispatchRun,1004,Alarm,2026-04-06T10:59:32.9610000Z,2026-04-06T11:00:34.3520000Z,0.0,DispatchRun
SKB-TS1-INV01,AlarmWorkState1-DispatchRun,1004,Alarm,2026-04-06T11:00:03.3970000Z,2026-04-06T11:00:32.5750000Z,0.0,DispatchRun
SKB-TS1-INV03,AlarmWorkState1-DispatchRun,1004,Alarm,2026-04-06T11:00:03.5040000Z,2026-04-06T11:00:32.7280000Z,0.0,DispatchRun
SKB-TS2-INV03,AlarmWorkState1-DispatchRun,1004,Alarm,2026-04-06T11:00:03.8050000Z,2026-04-06T11:00:33.0030000Z,0.0,DispatchRun
SKB-TS1-INV02,AlarmWorkState1-DispatchRun,1004,Alarm,2026-04-06T11:00:03.9110000Z,2026-04-06T11:00:34.0920000Z,0.0,DispatchRun
SKB-TS1-INV05,AlarmWorkState1-DispatchRun,1004,Alarm,2026-04-06T11:00:04.0030000Z,2026-04-06T11:00:34.1970000Z,0.0,DispatchRun
SKB-TS1-INV01,AlarmWorkState1-DispatchRun,1004,Alarm,2026-04-06T11:01:03.8820000Z,2026-04-06T11:01:32.4400000Z,0.0,DispatchRun
SKB-TS2-INV05,AlarmWorkState1-DispatchRun,1004,Alarm,2026-04-06T11:01:03.9640000Z,2026-04-06T11:01:32.4360000Z,0.0,DispatchRun
SKB-TS1-INV03,AlarmWorkState1-DispatchRun,1004,Alarm,2026-04-06T11:01:03.9680000Z,2026-04-06T11:01:32.5670000Z,0.0,DispatchRun
SKB-TS2-INV06,AlarmWorkState1-DispatchRun,1004,Alarm,2026-04-06T11:01:04.0050000Z,2026-04-06T11:01:32.5650000Z,0.0,DispatchRun
SKB-TS2-INV02,AlarmWorkState1-DispatchRun,1004,Alarm,2026-04-06T11:01:04.0900000Z,2026-04-06T11:01:32.6780000Z,0.0,DispatchRun
SKB-TS2-INV03,AlarmWorkState1-DispatchRun,1004,Alarm,2026-04-06T11:01:04.2260000Z,2026-04-06T11:01:32.7990000Z,0.0,DispatchRun
SKB-TS1-INV02,AlarmWorkState1-DispatchRun,1004,Alarm,2026-04-06T11:01:04.3610000Z,2026-04-06T11:01:33.0320000Z,0.0,DispatchRun
SKB-TS2-INV08,AlarmWorkState1-DispatchRun,1004,Alarm,2026-04-06T11:01:04.4370000Z,2026-04-06T11:01:33.0300000Z,0.0,DispatchRun
SKB-TS1-INV05,AlarmWorkState1-DispatchRun,1004,Alarm,2026-04-06T11:01:04.4670000Z,2026-04-06T11:01:33.0930000Z,0.0,DispatchRun
SKB-TS2-INV04,AlarmWorkState1-DispatchRun,1004,Alarm,2026-04-06T11:01:04.5340000Z,2026-04-06T11:01:33.0920000Z,0.0,DispatchRun
SKB-TS2-INV07,AlarmWorkState1-DispatchRun,1004,Alarm,2026-04-06T11:03:06.3960000Z,2026-04-06T11:03:33.3190000Z,0.0,DispatchRun
SKB-TS1-INV01,AlarmWorkState1-DispatchRun,1004,Alarm,2026-04-06T11:03:32.8690000Z,2026-04-06T11:04:33.3860000Z,0.0,DispatchRun
SKB-TS1-INV02,AlarmWorkState1-DispatchRun,1004,Alarm,2026-04-06T11:03:33.3610000Z,2026-04-06T11:04:34.0040000Z,0.0,DispatchRun
SKB-TS2-INV08,AlarmWorkState1-DispatchRun,1004,Alarm,2026-04-06T11:03:33.4050000Z,2026-04-06T11:04:34.0280000Z,0.0,DispatchRun
SKB-TS2-INV04,AlarmWorkState1-DispatchRun,1004,Alarm,2026-04-06T11:03:33.4920000Z,2026-04-06T11:04:34.1340000Z,0.0,DispatchRun
SKB-TS2-INV05,AlarmWorkState1-DispatchRun,1004,Alarm,2026-04-06T11:04:02.4590000Z,2026-04-06T11:04:33.4880000Z,0.0,DispatchRun
SKB-TS1-INV03,AlarmWorkState1-DispatchRun,1004,Alarm,2026-04-06T11:04:02.4830000Z,2026-04-06T11:04:33.5140000Z,0.0,DispatchRun
SKB-TS2-INV06,AlarmWorkState1-DispatchRun,1004,Alarm,2026-04-06T11:04:02.5870000Z,2026-04-06T11:04:33.5830000Z,0.0,DispatchRun
SKB-TS2-INV02,AlarmWorkState1-DispatchRun,1004,Alarm,2026-04-06T11:04:02.6660000Z,2026-04-06T11:04:33.7290000Z,0.0,DispatchRun
SKB-TS2-INV03,AlarmWorkState1-DispatchRun,1004,Alarm,2026-04-06T11:04:02.7980000Z,2026-04-06T11:04:33.8190000Z,0.0,DispatchRun
SKB-TS1-INV05,AlarmWorkState1-DispatchRun,1004,Alarm,2026-04-06T11:04:03.0550000Z,2026-04-06T11:04:34.1050000Z,0.0,DispatchRun
SKB-TS2-INV02,AlarmWorkState1-DispatchRun,1004,Alarm,2026-04-06T11:07:33.5940000Z,2026-04-06T11:08:02.6770000Z,0.0,DispatchRun
SKB-TS2-INV04,AlarmWorkState1-DispatchRun,1004,Alarm,2026-04-06T11:07:34.0490000Z,2026-04-06T11:08:03.1850000Z,0.0,DispatchRun
SKB-TS2-INV05,AlarmWorkState1-DispatchRun,1004,Alarm,2026-04-06T11:17:35.5910000Z,2026-04-06T11:18:05.5620000Z,0.0,DispatchRun
SKB-TS1-INV01,AlarmWorkState1-DispatchRun,1004,Alarm,2026-04-06T11:17:35.6070000Z,2026-04-06T11:18:05.5550000Z,0.0,DispatchRun
SKB-TS2-INV06,AlarmWorkState1-DispatchRun,1004,Alarm,2026-04-06T11:17:35.6390000Z,2026-04-06T11:18:05.6080000Z,0.0,DispatchRun
SKB-TS1-INV03,AlarmWorkState1-DispatchRun,1004,Alarm,2026-04-06T11:17:35.6430000Z,2026-04-06T11:18:05.6100000Z,0.0,DispatchRun
SKB-TS2-INV02,AlarmWorkState1-DispatchRun,1004,Alarm,2026-04-06T11:17:35.7420000Z,2026-04-06T11:18:05.6770000Z,0.0,DispatchRun
SKB-TS2-INV03,AlarmWorkState1-DispatchRun,1004,Alarm,2026-04-06T11:17:35.8810000Z,2026-04-06T11:18:05.7940000Z,0.0,DispatchRun
SKB-TS1-INV02,AlarmWorkState1-DispatchRun,1004,Alarm,2026-04-06T11:17:36.0710000Z,2026-04-06T11:18:06.0090000Z,0.0,DispatchRun
SKB-TS2-INV08,AlarmWorkState1-DispatchRun,1004,Alarm,2026-04-06T11:17:36.0730000Z,2026-04-06T11:18:06.0000000Z,0.0,DispatchRun
SKB-TS1-INV05,AlarmWorkState1-DispatchRun,1004,Alarm,2026-04-06T11:17:36.1300000Z,2026-04-06T11:18:06.0890000Z,0.0,DispatchRun
SKB-TS2-INV04,AlarmWorkState1-DispatchRun,1004,Alarm,2026-04-06T11:17:36.1320000Z,2026-04-06T11:18:06.0700000Z,0.0,DispatchRun
SKB-TS1-INV01,AlarmWorkState1-DispatchRun,1004,Alarm,2026-04-06T11:18:36.2470000Z,2026-04-06T11:19:04.6740000Z,0.0,DispatchRun
SKB-TS2-INV05,AlarmWorkState1-DispatchRun,1004,Alarm,2026-04-06T11:18:36.3670000Z,2026-04-06T11:19:03.8090000Z,0.0,DispatchRun
SKB-TS1-INV03,AlarmWorkState1-DispatchRun,1004,Alarm,2026-04-06T11:18:36.3930000Z,2026-04-06T11:19:04.8060000Z,0.0,DispatchRun
SKB-TS2-INV06,AlarmWorkState1-DispatchRun,1004,Alarm,2026-04-06T11:18:36.4710000Z,2026-04-06T11:19:04.7990000Z,0.0,DispatchRun
SKB-TS2-INV02,AlarmWorkState1-DispatchRun,1004,Alarm,2026-04-06T11:18:36.5810000Z,2026-04-06T11:19:04.9100000Z,0.0,DispatchRun
SKB-TS2-INV03,AlarmWorkState1-DispatchRun,1004,Alarm,2026-04-06T11:18:36.6430000Z,2026-04-06T11:19:05.0140000Z,0.0,DispatchRun
SKB-TS1-INV02,AlarmWorkState1-DispatchRun,1004,Alarm,2026-04-06T11:18:36.7390000Z,2026-04-06T11:19:05.2620000Z,0.0,DispatchRun
SKB-TS2-INV08,AlarmWorkState1-DispatchRun,1004,Alarm,2026-04-06T11:18:36.8320000Z,2026-04-06T11:19:05.2280000Z,0.0,DispatchRun
SKB-TS1-INV05,AlarmWorkState1-DispatchRun,1004,Alarm,2026-04-06T11:18:36.8340000Z,2026-04-06T11:19:05.3600000Z,0.0,DispatchRun
SKB-TS2-INV04,AlarmWorkState1-DispatchRun,1004,Alarm,2026-04-06T11:18:36.9210000Z,2026-04-06T11:19:05.3330000Z,0.0,DispatchRun
SKB-TS2-INV05,AlarmWorkState1-DispatchRun,1004,Alarm,2026-04-06T11:23:35.1370000Z,2026-04-06T11:24:05.2530000Z,0.0,DispatchRun
SKB-TS1-INV01,AlarmWorkState1-DispatchRun,1004,Alarm,2026-04-06T11:23:35.1620000Z,2026-04-06T11:24:05.2170000Z,0.0,DispatchRun
SKB-TS2-INV06,AlarmWorkState1-DispatchRun,1004,Alarm,2026-04-06T11:23:35.2700000Z,2026-04-06T11:24:05.4020000Z,0.0,DispatchRun
SKB-TS1-INV03,AlarmWorkState1-DispatchRun,1004,Alarm,2026-04-06T11:23:35.2800000Z,2026-04-06T11:24:05.3710000Z,0.0,DispatchRun
SKB-TS2-INV02,AlarmWorkState1-DispatchRun,1004,Alarm,2026-04-06T11:23:35.4070000Z,2026-04-06T11:24:05.5300000Z,0.0,DispatchRun
SKB-TS2-INV03,AlarmWorkState1-DispatchRun,1004,Alarm,2026-04-06T11:23:35.4940000Z,2026-04-06T11:24:05.5810000Z,0.0,DispatchRun
SKB-TS1-INV02,AlarmWorkState1-DispatchRun,1004,Alarm,2026-04-06T11:23:35.7250000Z,2026-04-06T11:24:05.7490000Z,0.0,DispatchRun
SKB-TS2-INV08,AlarmWorkState1-DispatchRun,1004,Alarm,2026-04-06T11:23:35.7350000Z,2026-04-06T11:24:05.6690000Z,0.0,DispatchRun
SKB-TS1-INV05,AlarmWorkState1-DispatchRun,1004,Alarm,2026-04-06T11:23:35.8600000Z,2026-04-06T11:24:05.8700000Z,0.0,DispatchRun
SKB-TS2-INV04,AlarmWorkState1-DispatchRun,1004,Alarm,2026-04-06T11:23:35.8660000Z,2026-04-06T11:24:05.8130000Z,0.0,DispatchRun
SKB-TS2-INV05,AlarmWorkState1-DispatchRun,1004,Alarm,2026-04-06T11:28:05.7290000Z,2026-04-06T11:28:33.7370000Z,0.0,DispatchRun
SKB-TS2-INV06,AlarmWorkState1-DispatchRun,1004,Alarm,2026-04-06T11:28:06.8410000Z,2026-04-06T11:28:33.8430000Z,0.0,DispatchRun
SKB-TS1-INV01,AlarmWorkState1-DispatchRun,1004,Alarm,2026-04-06T11:28:06.8440000Z,2026-04-06T11:28:33.5910000Z,0.0,DispatchRun
SKB-TS2-INV02,AlarmWorkState1-DispatchRun,1004,Alarm,2026-04-06T11:28:06.9300000Z,2026-04-06T11:28:33.9890000Z,0.0,DispatchRun
SKB-TS1-INV03,AlarmWorkState1-DispatchRun,1004,Alarm,2026-04-06T11:28:06.9320000Z,2026-04-06T11:28:33.7380000Z,0.0,DispatchRun
SKB-TS2-INV03,AlarmWorkState1-DispatchRun,1004,Alarm,2026-04-06T11:28:07.0740000Z,2026-04-06T11:28:34.1180000Z,0.0,DispatchRun
SKB-TS2-INV08,AlarmWorkState1-DispatchRun,1004,Alarm,2026-04-06T11:28:07.2520000Z,2026-04-06T11:28:34.3310000Z,0.0,DispatchRun
SKB-TS2-INV04,AlarmWorkState1-DispatchRun,1004,Alarm,2026-04-06T11:28:07.3820000Z,2026-04-06T11:28:34.4520000Z,0.0,DispatchRun
SKB-TS1-INV02,AlarmWorkState1-DispatchRun,1004,Alarm,2026-04-06T11:28:07.3840000Z,2026-04-06T11:28:34.2130000Z,0.0,DispatchRun
SKB-TS1-INV05,AlarmWorkState1-DispatchRun,1004,Alarm,2026-04-06T11:28:07.4860000Z,2026-04-06T11:28:34.3330000Z,0.0,DispatchRun
SKB-TS1-INV01,AlarmWorkState1-DispatchRun,1004,Alarm,2026-04-06T11:30:33.5430000Z,2026-04-06T11:32:02.4480000Z,0.0,DispatchRun
SKB-TS2-INV05,AlarmWorkState1-DispatchRun,1004,Alarm,2026-04-06T11:30:33.5980000Z,2026-04-06T11:32:02.5720000Z,0.0,DispatchRun
SKB-TS1-INV03,AlarmWorkState1-DispatchRun,1004,Alarm,2026-04-06T11:30:33.6000000Z,2026-04-06T11:32:02.6510000Z,0.0,DispatchRun
SKB-TS2-INV06,AlarmWorkState1-DispatchRun,1004,Alarm,2026-04-06T11:30:33.6220000Z,2026-04-06T11:32:02.7640000Z,0.0,DispatchRun
SKB-TS2-INV02,AlarmWorkState1-DispatchRun,1004,Alarm,2026-04-06T11:30:33.7060000Z,2026-04-06T11:32:02.8950000Z,0.0,DispatchRun
SKB-TS2-INV03,AlarmWorkState1-DispatchRun,1004,Alarm,2026-04-06T11:30:33.8360000Z,2026-04-06T11:32:03.0200000Z,0.0,DispatchRun
SKB-TS1-INV02,AlarmWorkState1-DispatchRun,1004,Alarm,2026-04-06T11:30:33.9930000Z,2026-04-06T11:32:03.1290000Z,0.0,DispatchRun
SKB-TS2-INV08,AlarmWorkState1-DispatchRun,1004,Alarm,2026-04-06T11:30:34.0710000Z,2026-04-06T11:32:03.1320000Z,0.0,DispatchRun
SKB-TS1-INV05,AlarmWorkState1-DispatchRun,1004,Alarm,2026-04-06T11:30:34.0760000Z,2026-04-06T11:32:03.2180000Z,0.0,DispatchRun
SKB-TS2-INV04,AlarmWorkState1-DispatchRun,1004,Alarm,2026-04-06T11:30:34.1730000Z,2026-04-06T11:32:03.2170000Z,0.0,DispatchRun
SKB-TS1-INV01,AlarmWorkState1-DispatchRun,1004,Alarm,2026-04-06T11:33:03.2930000Z,2026-04-06T11:33:33.7270000Z,0.0,DispatchRun
SKB-TS2-INV05,AlarmWorkState1-DispatchRun,1004,Alarm,2026-04-06T11:33:04.1010000Z,2026-04-06T11:33:34.0550000Z,0.0,DispatchRun
SKB-TS1-INV03,AlarmWorkState1-DispatchRun,1004,Alarm,2026-04-06T11:33:04.1560000Z,2026-04-06T11:33:33.9090000Z,0.0,DispatchRun
SKB-TS2-INV06,AlarmWorkState1-DispatchRun,1004,Alarm,2026-04-06T11:33:04.1950000Z,2026-04-06T11:33:34.1420000Z,0.0,DispatchRun
SKB-TS2-INV02,AlarmWorkState1-DispatchRun,1004,Alarm,2026-04-06T11:33:04.3110000Z,2026-04-06T11:33:34.2490000Z,0.0,DispatchRun
SKB-TS2-INV03,AlarmWorkState1-DispatchRun,1004,Alarm,2026-04-06T11:33:04.4090000Z,2026-04-06T11:33:34.3500000Z,0.0,DispatchRun
SKB-TS1-INV02,AlarmWorkState1-DispatchRun,1004,Alarm,2026-04-06T11:33:04.6080000Z,2026-04-06T11:33:34.3480000Z,0.0,DispatchRun
SKB-TS2-INV08,AlarmWorkState1-DispatchRun,1004,Alarm,2026-04-06T11:33:04.6320000Z,2026-04-06T11:33:34.5380000Z,0.0,DispatchRun
SKB-TS1-INV05,AlarmWorkState1-DispatchRun,1004,Alarm,2026-04-06T11:33:04.6750000Z,2026-04-06T11:33:34.4620000Z,0.0,DispatchRun
SKB-TS2-INV04,AlarmWorkState1-DispatchRun,1004,Alarm,2026-04-06T11:33:04.7150000Z,2026-04-06T11:33:34.5960000Z,0.0,DispatchRun
SKB-TS2-INV05,AlarmWorkState1-DispatchRun,1004,Alarm,2026-04-06T11:34:06.9000000Z,2026-04-06T11:34:33.1810000Z,0.0,DispatchRun
SKB-TS1-INV01,AlarmWorkState1-DispatchRun,1004,Alarm,2026-04-06T11:34:07.0100000Z,2026-04-06T11:35:35.4180000Z,0.0,DispatchRun
SKB-TS2-INV06,AlarmWorkState1-DispatchRun,1004,Alarm,2026-04-06T11:34:07.0170000Z,2026-04-06T11:34:33.2930000Z,0.0,DispatchRun
SKB-TS1-INV03,AlarmWorkState1-DispatchRun,1004,Alarm,2026-04-06T11:34:07.1160000Z,2026-04-06T11:35:35.5010000Z,0.0,DispatchRun
SKB-TS2-INV02,AlarmWorkState1-DispatchRun,1004,Alarm,2026-04-06T11:34:07.1390000Z,2026-04-06T11:35:35.5520000Z,0.0,DispatchRun
SKB-TS2-INV03,AlarmWorkState1-DispatchRun,1004,Alarm,2026-04-06T11:34:07.2380000Z,2026-04-06T11:35:35.6360000Z,0.0,DispatchRun
SKB-TS2-INV08,AlarmWorkState1-DispatchRun,1004,Alarm,2026-04-06T11:34:07.4340000Z,2026-04-06T11:35:35.9250000Z,0.0,DispatchRun
SKB-TS2-INV04,AlarmWorkState1-DispatchRun,1004,Alarm,2026-04-06T11:34:07.5460000Z,2026-04-06T11:35:36.1180000Z,0.0,DispatchRun
SKB-TS1-INV02,AlarmWorkState1-DispatchRun,1004,Alarm,2026-04-06T11:34:07.5580000Z,2026-04-06T11:35:35.8710000Z,0.0,DispatchRun
SKB-TS1-INV05,AlarmWorkState1-DispatchRun,1004,Alarm,2026-04-06T11:34:07.6580000Z,2026-04-06T11:35:36.1130000Z,0.0,DispatchRun
SKB-TS2-INV05,AlarmWorkState1-DispatchRun,1004,Alarm,2026-04-06T11:35:05.1240000Z,2026-04-06T11:35:35.4640000Z,0.0,DispatchRun
SKB-TS2-INV06,AlarmWorkState1-DispatchRun,1004,Alarm,2026-04-06T11:35:05.1940000Z,2026-04-06T11:35:35.5000000Z,0.0,DispatchRun
SKB-TS1-INV01,AlarmWorkState1-DispatchRun,1004,Alarm,2026-04-06T11:36:03.4480000Z,2026-04-06T11:36:36.3150000Z,0.0,DispatchRun
SKB-TS1-INV03,AlarmWorkState1-DispatchRun,1004,Alarm,2026-04-06T11:36:04.3460000Z,2026-04-06T11:36:36.4660000Z,0.0,DispatchRun
SKB-TS2-INV05,AlarmWorkState1-DispatchRun,1004,Alarm,2026-04-06T11:36:05.3950000Z,2026-04-06T11:36:36.4680000Z,0.0,DispatchRun
SKB-TS2-INV06,AlarmWorkState1-DispatchRun,1004,Alarm,2026-04-06T11:36:05.4950000Z,2026-04-06T11:36:36.5110000Z,0.0,DispatchRun
SKB-TS2-INV02,AlarmWorkState1-DispatchRun,1004,Alarm,2026-04-06T11:36:05.5410000Z,2026-04-06T11:36:36.5730000Z,0.0,DispatchRun
SKB-TS1-INV02,AlarmWorkState1-DispatchRun,1004,Alarm,2026-04-06T11:36:05.5660000Z,2026-04-06T11:36:36.7450000Z,0.0,DispatchRun
SKB-TS2-INV03,AlarmWorkState1-DispatchRun,1004,Alarm,2026-04-06T11:36:05.6570000Z,2026-04-06T11:36:36.6130000Z,0.0,DispatchRun
SKB-TS1-INV05,AlarmWorkState1-DispatchRun,1004,Alarm,2026-04-06T11:36:05.6850000Z,2026-04-06T11:36:36.8570000Z,0.0,DispatchRun
SKB-TS2-INV08,AlarmWorkState1-DispatchRun,1004,Alarm,2026-04-06T11:36:05.8280000Z,2026-04-06T11:36:36.8460000Z,0.0,DispatchRun
SKB-TS2-INV04,AlarmWorkState1-DispatchRun,1004,Alarm,2026-04-06T11:36:05.9080000Z,2026-04-06T11:36:36.9170000Z,0.0,DispatchRun
SKB-TS2-INV05,AlarmWorkState1-DispatchRun,1004,Alarm,2026-04-06T11:37:03.0380000Z,2026-04-06T11:42:33.4620000Z,0.0,DispatchRun
SKB-TS2-INV06,AlarmWorkState1-DispatchRun,1004,Alarm,2026-04-06T11:37:03.1040000Z,2026-04-06T11:42:33.5370000Z,0.0,DispatchRun
SKB-TS2-INV03,AlarmWorkState1-DispatchRun,1004,Alarm,2026-04-06T11:37:03.2310000Z,2026-04-06T11:42:33.7440000Z,0.0,DispatchRun
SKB-TS2-INV08,AlarmWorkState1-DispatchRun,1004,Alarm,2026-04-06T11:37:03.5080000Z,2026-04-06T11:42:33.9750000Z,0.0,DispatchRun
SKB-TS2-INV04,AlarmWorkState1-DispatchRun,1004,Alarm,2026-04-06T11:37:03.6310000Z,2026-04-06T11:42:34.0440000Z,0.0,DispatchRun
SKB-TS1-INV01,AlarmWorkState1-DispatchRun,1004,Alarm,2026-04-06T11:37:33.0570000Z,2026-04-06T11:42:33.3690000Z,0.0,DispatchRun
SKB-TS1-INV03,AlarmWorkState1-DispatchRun,1004,Alarm,2026-04-06T11:37:35.9810000Z,2026-04-06T11:42:33.5240000Z,0.0,DispatchRun
SKB-TS2-INV02,AlarmWorkState1-DispatchRun,1004,Alarm,2026-04-06T11:37:37.2800000Z,2026-04-06T11:42:33.6260000Z,0.0,DispatchRun
SKB-TS1-INV02,AlarmWorkState1-DispatchRun,1004,Alarm,2026-04-06T11:37:37.3120000Z,2026-04-06T11:42:33.9520000Z,0.0,DispatchRun
SKB-TS1-INV05,AlarmWorkState1-DispatchRun,1004,Alarm,2026-04-06T11:37:37.3960000Z,2026-04-06T11:42:34.0380000Z,0.0,DispatchRun
SKB-TS1-INV01,AlarmWorkState1-DispatchRun,1004,Alarm,2026-04-06T11:43:32.3940000Z,2026-04-06T11:44:33.3340000Z,0.0,DispatchRun
SKB-TS2-INV05,AlarmWorkState1-DispatchRun,1004,Alarm,2026-04-06T11:43:32.4560000Z,2026-04-06T11:44:33.3300000Z,0.0,DispatchRun
SKB-TS1-INV03,AlarmWorkState1-DispatchRun,1004,Alarm,2026-04-06T11:43:32.5060000Z,2026-04-06T11:44:33.4440000Z,0.0,DispatchRun
SKB-TS2-INV06,AlarmWorkState1-DispatchRun,1004,Alarm,2026-04-06T11:43:32.5120000Z,2026-04-06T11:44:33.4430000Z,0.0,DispatchRun
SKB-TS2-INV02,AlarmWorkState1-DispatchRun,1004,Alarm,2026-04-06T11:43:32.5630000Z,2026-04-06T11:44:33.5470000Z,0.0,DispatchRun
SKB-TS2-INV03,AlarmWorkState1-DispatchRun,1004,Alarm,2026-04-06T11:43:32.6480000Z,2026-04-06T11:44:33.6090000Z,0.0,DispatchRun
SKB-TS1-INV02,AlarmWorkState1-DispatchRun,1004,Alarm,2026-04-06T11:43:32.8410000Z,2026-04-06T11:44:33.8910000Z,0.0,DispatchRun
SKB-TS2-INV08,AlarmWorkState1-DispatchRun,1004,Alarm,2026-04-06T11:43:32.8870000Z,2026-04-06T11:44:33.8500000Z,0.0,DispatchRun
SKB-TS1-INV05,AlarmWorkState1-DispatchRun,1004,Alarm,2026-04-06T11:43:32.9220000Z,2026-04-06T11:44:33.9650000Z,0.0,DispatchRun
SKB-TS2-INV04,AlarmWorkState1-DispatchRun,1004,Alarm,2026-04-06T11:43:32.9850000Z,2026-04-06T11:44:33.9580000Z,0.0,DispatchRun
SKB-TS1-INV01,AlarmWorkState1-DispatchRun,1004,Alarm,2026-04-06T11:49:33.9540000Z,2026-04-06T11:50:05.2360000Z,0.0,DispatchRun
SKB-TS2-INV05,AlarmWorkState1-DispatchRun,1004,Alarm,2026-04-06T11:49:33.9970000Z,2026-04-06T11:50:05.4410000Z,0.0,DispatchRun
SKB-TS1-INV03,AlarmWorkState1-DispatchRun,1004,Alarm,2026-04-06T11:49:34.0110000Z,2026-04-06T11:50:05.3410000Z,0.0,DispatchRun
SKB-TS2-INV06,AlarmWorkState1-DispatchRun,1004,Alarm,2026-04-06T11:49:34.0350000Z,2026-04-06T11:50:05.5280000Z,0.0,DispatchRun
SKB-TS2-INV02,AlarmWorkState1-DispatchRun,1004,Alarm,2026-04-06T11:49:34.1280000Z,2026-04-06T11:50:05.5700000Z,0.0,DispatchRun
SKB-TS2-INV03,AlarmWorkState1-DispatchRun,1004,Alarm,2026-04-06T11:49:34.2210000Z,2026-04-06T11:50:05.6850000Z,0.0,DispatchRun
SKB-TS1-INV02,AlarmWorkState1-DispatchRun,1004,Alarm,2026-04-06T11:49:34.3130000Z,2026-04-06T11:50:05.7680000Z,0.0,DispatchRun
SKB-TS2-INV08,AlarmWorkState1-DispatchRun,1004,Alarm,2026-04-06T11:49:34.4340000Z,2026-04-06T11:50:05.9150000Z,0.0,DispatchRun
SKB-TS1-INV05,AlarmWorkState1-DispatchRun,1004,Alarm,2026-04-06T11:49:34.4480000Z,2026-04-06T11:50:05.8870000Z,0.0,DispatchRun
SKB-TS2-INV04,AlarmWorkState1-DispatchRun,1004,Alarm,2026-04-06T11:49:34.5380000Z,2026-04-06T11:50:06.0220000Z,0.0,DispatchRun
SKB-TS1-INV01,AlarmWorkState1-DispatchRun,1004,Alarm,2026-04-06T11:50:32.4920000Z,2026-04-06T11:51:35.4750000Z,0.0,DispatchRun
SKB-TS2-INV05,AlarmWorkState1-DispatchRun,1004,Alarm,2026-04-06T11:50:33.5800000Z,2026-04-06T11:51:35.4440000Z,0.0,DispatchRun
SKB-TS1-INV03,AlarmWorkState1-DispatchRun,1004,Alarm,2026-04-06T11:50:33.6440000Z,2026-04-06T11:51:35.5260000Z,0.0,DispatchRun
SKB-TS2-INV06,AlarmWorkState1-DispatchRun,1004,Alarm,2026-04-06T11:50:33.7100000Z,2026-04-06T11:51:35.5270000Z,0.0,DispatchRun
SKB-TS2-INV02,AlarmWorkState1-DispatchRun,1004,Alarm,2026-04-06T11:50:33.8300000Z,2026-04-06T11:51:35.6130000Z,0.0,DispatchRun
SKB-TS2-INV03,AlarmWorkState1-DispatchRun,1004,Alarm,2026-04-06T11:50:33.9020000Z,2026-04-06T11:51:35.6750000Z,0.0,DispatchRun
SKB-TS2-INV08,AlarmWorkState1-DispatchRun,1004,Alarm,2026-04-06T11:50:34.0930000Z,2026-04-06T11:51:35.8760000Z,0.0,DispatchRun
SKB-TS1-INV05,AlarmWorkState1-DispatchRun,1004,Alarm,2026-04-06T11:50:34.1100000Z,2026-04-06T11:51:35.9560000Z,0.0,DispatchRun
SKB-TS2-INV04,AlarmWorkState1-DispatchRun,1004,Alarm,2026-04-06T11:50:34.1850000Z,2026-04-06T11:51:36.0060000Z,0.0,DispatchRun
SKB-TS1-INV02,AlarmWorkState1-DispatchRun,1004,Alarm,2026-04-06T11:51:05.8840000Z,2026-04-06T11:51:35.8450000Z,0.0,DispatchRun
SKB-TS2-INV05,AlarmWorkState1-DispatchRun,1004,Alarm,2026-04-06T11:52:02.3770000Z,2026-04-06T11:53:04.4880000Z,0.0,DispatchRun
SKB-TS1-INV01,AlarmWorkState1-DispatchRun,1004,Alarm,2026-04-06T11:52:03.1340000Z,2026-04-06T11:53:04.5150000Z,0.0,DispatchRun
SKB-TS2-INV06,AlarmWorkState1-DispatchRun,1004,Alarm,2026-04-06T11:52:03.1970000Z,2026-04-06T11:53:04.5420000Z,0.0,DispatchRun
SKB-TS1-INV03,AlarmWorkState1-DispatchRun,1004,Alarm,2026-04-06T11:52:03.2270000Z,2026-04-06T11:53:04.5980000Z,0.0,DispatchRun
SKB-TS2-INV02,AlarmWorkState1-DispatchRun,1004,Alarm,2026-04-06T11:52:03.2650000Z,2026-04-06T11:53:04.6320000Z,0.0,DispatchRun
SKB-TS2-INV03,AlarmWorkState1-DispatchRun,1004,Alarm,2026-04-06T11:52:03.3290000Z,2026-04-06T11:53:04.7150000Z,0.0,DispatchRun
SKB-TS1-INV02,AlarmWorkState1-DispatchRun,1004,Alarm,2026-04-06T11:52:03.4690000Z,2026-04-06T11:53:04.9990000Z,0.0,DispatchRun
SKB-TS2-INV08,AlarmWorkState1-DispatchRun,1004,Alarm,2026-04-06T11:52:03.4700000Z,2026-04-06T11:53:04.9760000Z,0.0,DispatchRun
SKB-TS2-INV04,AlarmWorkState1-DispatchRun,1004,Alarm,2026-04-06T11:52:03.5230000Z,2026-04-06T11:53:05.0310000Z,0.0,DispatchRun
SKB-TS1-INV05,AlarmWorkState1-DispatchRun,1004,Alarm,2026-04-06T11:52:03.5240000Z,2026-04-06T11:53:05.0460000Z,0.0,DispatchRun
SKB-TS1-INV01,AlarmWorkState1-DispatchRun,1004,Alarm,2026-04-06T11:53:34.5180000Z,2026-04-06T11:54:06.3020000Z,0.0,DispatchRun
SKB-TS2-INV05,AlarmWorkState1-DispatchRun,1004,Alarm,2026-04-06T11:53:34.6290000Z,2026-04-06T11:54:06.3110000Z,0.0,DispatchRun
SKB-TS1-INV03,AlarmWorkState1-DispatchRun,1004,Alarm,2026-04-06T11:53:34.6620000Z,2026-04-06T11:54:06.4290000Z,0.0,DispatchRun
SKB-TS2-INV06,AlarmWorkState1-DispatchRun,1004,Alarm,2026-04-06T11:53:34.7050000Z,2026-04-06T11:54:06.4270000Z,0.0,DispatchRun
SKB-TS2-INV02,AlarmWorkState1-DispatchRun,1004,Alarm,2026-04-06T11:53:34.8060000Z,2026-04-06T11:54:06.5560000Z,0.0,DispatchRun
SKB-TS2-INV03,AlarmWorkState1-DispatchRun,1004,Alarm,2026-04-06T11:53:34.9170000Z,2026-04-06T11:54:06.6670000Z,0.0,DispatchRun
SKB-TS2-INV08,AlarmWorkState1-DispatchRun,1004,Alarm,2026-04-06T11:53:35.1270000Z,2026-04-06T11:54:06.8730000Z,0.0,DispatchRun
SKB-TS1-INV02,AlarmWorkState1-DispatchRun,1004,Alarm,2026-04-06T11:53:35.1310000Z,2026-04-06T11:54:06.8950000Z,0.0,DispatchRun
SKB-TS2-INV04,AlarmWorkState1-DispatchRun,1004,Alarm,2026-04-06T11:53:35.1720000Z,2026-04-06T11:54:06.9440000Z,0.0,DispatchRun
SKB-TS1-INV05,AlarmWorkState1-DispatchRun,1004,Alarm,2026-04-06T11:53:35.1840000Z,2026-04-06T11:54:07.0060000Z,0.0,DispatchRun
SKB-TS2-INV05,AlarmWorkState1-DispatchRun,1004,Alarm,2026-04-06T11:57:32.4850000Z,2026-04-06T11:58:05.2200000Z,0.0,DispatchRun
SKB-TS1-INV01,AlarmWorkState1-DispatchRun,1004,Alarm,2026-04-06T11:57:32.4870000Z,2026-04-06T11:58:05.1520000Z,0.0,DispatchRun
SKB-TS2-INV06,AlarmWorkState1-DispatchRun,1004,Alarm,2026-04-06T11:57:32.5250000Z,2026-04-06T11:58:05.3820000Z,0.0,DispatchRun
SKB-TS1-INV03,AlarmWorkState1-DispatchRun,1004,Alarm,2026-04-06T11:57:32.5580000Z,2026-04-06T11:58:05.2710000Z,0.0,DispatchRun
SKB-TS2-INV02,AlarmWorkState1-DispatchRun,1004,Alarm,2026-04-06T11:57:32.6000000Z,2026-04-06T11:58:05.4690000Z,0.0,DispatchRun
SKB-TS2-INV03,AlarmWorkState1-DispatchRun,1004,Alarm,2026-04-06T11:57:32.7280000Z,2026-04-06T11:58:05.5970000Z,0.0,DispatchRun
SKB-TS2-INV08,AlarmWorkState1-DispatchRun,1004,Alarm,2026-04-06T11:57:32.8880000Z,2026-04-06T11:58:05.7980000Z,0.0,DispatchRun
SKB-TS1-INV02,AlarmWorkState1-DispatchRun,1004,Alarm,2026-04-06T11:57:32.9510000Z,2026-04-06T11:58:05.7060000Z,0.0,DispatchRun
SKB-TS2-INV04,AlarmWorkState1-DispatchRun,1004,Alarm,2026-04-06T11:57:33.0080000Z,2026-04-06T11:58:05.8830000Z,0.0,DispatchRun
SKB-TS1-INV05,AlarmWorkState1-DispatchRun,1004,Alarm,2026-04-06T11:57:33.0420000Z,2026-04-06T11:58:05.8180000Z,0.0,DispatchRun
SKB-TS1-INV01,AlarmWorkState1-DispatchRun,1004,Alarm,2026-04-06T12:01:04.5450000Z,2026-04-06T12:01:33.3370000Z,0.0,DispatchRun
SKB-TS2-INV05,AlarmWorkState1-DispatchRun,1004,Alarm,2026-04-06T12:01:04.6620000Z,2026-04-06T12:01:33.2550000Z,0.0,DispatchRun
SKB-TS1-INV03,AlarmWorkState1-DispatchRun,1004,Alarm,2026-04-06T12:01:04.6630000Z,2026-04-06T12:01:33.4660000Z,0.0,DispatchRun
SKB-TS2-INV06,AlarmWorkState1-DispatchRun,1004,Alarm,2026-04-06T12:01:04.8100000Z,2026-04-06T12:01:33.4090000Z,0.0,DispatchRun
SKB-TS2-INV02,AlarmWorkState1-DispatchRun,1004,Alarm,2026-04-06T12:01:04.8970000Z,2026-04-06T12:01:33.5010000Z,0.0,DispatchRun
SKB-TS2-INV03,AlarmWorkState1-DispatchRun,1004,Alarm,2026-04-06T12:01:05.0320000Z,2026-04-06T12:01:33.6390000Z,0.0,DispatchRun
SKB-TS1-INV02,AlarmWorkState1-DispatchRun,1004,Alarm,2026-04-06T12:01:05.2150000Z,2026-04-06T12:01:33.7930000Z,0.0,DispatchRun
SKB-TS2-INV08,AlarmWorkState1-DispatchRun,1004,Alarm,2026-04-06T12:01:05.2610000Z,2026-04-06T12:01:33.7900000Z,0.0,DispatchRun
SKB-TS1-INV05,AlarmWorkState1-DispatchRun,1004,Alarm,2026-04-06T12:01:05.3060000Z,2026-04-06T12:01:33.9220000Z,0.0,DispatchRun
SKB-TS2-INV04,AlarmWorkState1-DispatchRun,1004,Alarm,2026-04-06T12:01:05.3910000Z,2026-04-06T12:01:33.9140000Z,0.0,DispatchRun
SKB-TS2-INV05,AlarmWorkState1-DispatchRun,1004,Alarm,2026-04-06T12:08:32.4820000Z,2026-04-06T12:09:02.5020000Z,0.0,DispatchRun
SKB-TS1-INV01,AlarmWorkState1-DispatchRun,1004,Alarm,2026-04-06T12:08:32.5090000Z,2026-04-06T12:09:02.4590000Z,0.0,DispatchRun
SKB-TS2-INV06,AlarmWorkState1-DispatchRun,1004,Alarm,2026-04-06T12:08:32.5420000Z,2026-04-06T12:09:02.7250000Z,0.0,DispatchRun
SKB-TS1-INV03,AlarmWorkState1-DispatchRun,1004,Alarm,2026-04-06T12:08:32.5520000Z,2026-04-06T12:09:02.5950000Z,0.0,DispatchRun
SKB-TS2-INV02,AlarmWorkState1-DispatchRun,1004,Alarm,2026-04-06T12:08:32.6260000Z,2026-04-06T12:09:02.8620000Z,0.0,DispatchRun
SKB-TS2-INV03,AlarmWorkState1-DispatchRun,1004,Alarm,2026-04-06T12:08:32.6810000Z,2026-04-06T12:09:02.9540000Z,0.0,DispatchRun
SKB-TS2-INV08,AlarmWorkState1-DispatchRun,1004,Alarm,2026-04-06T12:08:32.9030000Z,2026-04-06T12:09:03.1590000Z,0.0,DispatchRun
SKB-TS1-INV02,AlarmWorkState1-DispatchRun,1004,Alarm,2026-04-06T12:08:32.9380000Z,2026-04-06T12:09:03.0090000Z,0.0,DispatchRun
SKB-TS2-INV04,AlarmWorkState1-DispatchRun,1004,Alarm,2026-04-06T12:08:33.0110000Z,2026-04-06T12:09:03.2360000Z,0.0,DispatchRun
SKB-TS1-INV05,AlarmWorkState1-DispatchRun,1004,Alarm,2026-04-06T12:08:33.0320000Z,2026-04-06T12:09:03.1110000Z,0.0,DispatchRun
SKB-TS1-INV01,AlarmWorkState1-DispatchRun,1004,Alarm,2026-04-06T12:10:04.6340000Z,2026-04-06T12:11:04.0150000Z,0.0,DispatchRun
SKB-TS2-INV05,AlarmWorkState1-DispatchRun,1004,Alarm,2026-04-06T12:10:04.6870000Z,2026-04-06T12:11:04.0620000Z,0.0,DispatchRun
SKB-TS1-INV03,AlarmWorkState1-DispatchRun,1004,Alarm,2026-04-06T12:10:04.7560000Z,2026-04-06T12:11:04.0730000Z,0.0,DispatchRun
SKB-TS2-INV06,AlarmWorkState1-DispatchRun,1004,Alarm,2026-04-06T12:10:04.8220000Z,2026-04-06T12:11:04.1430000Z,0.0,DispatchRun
SKB-TS2-INV02,AlarmWorkState1-DispatchRun,1004,Alarm,2026-04-06T12:10:04.8830000Z,2026-04-06T12:11:04.2550000Z,0.0,DispatchRun
SKB-TS2-INV03,AlarmWorkState1-DispatchRun,1004,Alarm,2026-04-06T12:10:04.9610000Z,2026-04-06T12:11:04.3460000Z,0.0,DispatchRun
SKB-TS1-INV02,AlarmWorkState1-DispatchRun,1004,Alarm,2026-04-06T12:10:05.1570000Z,2026-04-06T12:11:04.4450000Z,0.0,DispatchRun
SKB-TS2-INV08,AlarmWorkState1-DispatchRun,1004,Alarm,2026-04-06T12:10:05.1870000Z,2026-04-06T12:11:04.5440000Z,0.0,DispatchRun
SKB-TS1-INV05,AlarmWorkState1-DispatchRun,1004,Alarm,2026-04-06T12:10:05.2280000Z,2026-04-06T12:11:04.5340000Z,0.0,DispatchRun
SKB-TS2-INV04,AlarmWorkState1-DispatchRun,1004,Alarm,2026-04-06T12:10:05.2700000Z,2026-04-06T12:11:04.6120000Z,0.0,DispatchRun
SKB-TS1-INV01,AlarmWorkState1-DispatchRun,1004,Alarm,2026-04-06T12:11:34.8830000Z,2026-04-06T12:12:32.4770000Z,0.0,DispatchRun
SKB-TS2-INV05,AlarmWorkState1-DispatchRun,1004,Alarm,2026-04-06T12:11:34.8980000Z,2026-04-06T12:12:34.1460000Z,0.0,DispatchRun
SKB-TS1-INV03,AlarmWorkState1-DispatchRun,1004,Alarm,2026-04-06T12:11:35.0030000Z,2026-04-06T12:12:34.0360000Z,0.0,DispatchRun
SKB-TS2-INV06,AlarmWorkState1-DispatchRun,1004,Alarm,2026-04-06T12:11:35.0100000Z,2026-04-06T12:12:34.2340000Z,0.0,DispatchRun
SKB-TS2-INV02,AlarmWorkState1-DispatchRun,1004,Alarm,2026-04-06T12:11:35.0740000Z,2026-04-06T12:12:34.2950000Z,0.0,DispatchRun
SKB-TS2-INV03,AlarmWorkState1-DispatchRun,1004,Alarm,2026-04-06T12:11:35.1700000Z,2026-04-06T12:12:34.4310000Z,0.0,DispatchRun
SKB-TS1-INV02,AlarmWorkState1-DispatchRun,1004,Alarm,2026-04-06T12:11:35.3260000Z,2026-04-06T12:12:34.4900000Z,0.0,DispatchRun
SKB-TS2-INV08,AlarmWorkState1-DispatchRun,1004,Alarm,2026-04-06T12:11:35.3320000Z,2026-04-06T12:12:34.5540000Z,0.0,DispatchRun
SKB-TS1-INV05,AlarmWorkState1-DispatchRun,1004,Alarm,2026-04-06T12:11:35.4420000Z,2026-04-06T12:12:34.5560000Z,0.0,DispatchRun
SKB-TS2-INV04,AlarmWorkState1-DispatchRun,1004,Alarm,2026-04-06T12:11:35.4730000Z,2026-04-06T12:12:34.6430000Z,0.0,DispatchRun
SKB-TS2-INV05,AlarmWorkState1-DispatchRun,1004,Alarm,2026-04-06T12:13:34.1290000Z,2026-04-06T12:14:04.3580000Z,0.0,DispatchRun
SKB-TS1-INV01,AlarmWorkState1-DispatchRun,1004,Alarm,2026-04-06T12:13:35.1700000Z,2026-04-06T12:14:04.3430000Z,0.0,DispatchRun
SKB-TS2-INV06,AlarmWorkState1-DispatchRun,1004,Alarm,2026-04-06T12:13:35.2010000Z,2026-04-06T12:14:04.4600000Z,0.0,DispatchRun
SKB-TS1-INV03,AlarmWorkState1-DispatchRun,1004,Alarm,2026-04-06T12:13:35.2780000Z,2026-04-06T12:14:04.4160000Z,0.0,DispatchRun
SKB-TS2-INV02,AlarmWorkState1-DispatchRun,1004,Alarm,2026-04-06T12:13:35.2800000Z,2026-04-06T12:14:04.5090000Z,0.0,DispatchRun
SKB-TS2-INV03,AlarmWorkState1-DispatchRun,1004,Alarm,2026-04-06T12:13:35.4150000Z,2026-04-06T12:14:04.5420000Z,0.0,DispatchRun
SKB-TS2-INV08,AlarmWorkState1-DispatchRun,1004,Alarm,2026-04-06T12:13:35.5340000Z,2026-04-06T12:14:04.6550000Z,0.0,DispatchRun
SKB-TS2-INV04,AlarmWorkState1-DispatchRun,1004,Alarm,2026-04-06T12:13:35.5900000Z,2026-04-06T12:14:04.7600000Z,0.0,DispatchRun
SKB-TS1-INV02,AlarmWorkState1-DispatchRun,1004,Alarm,2026-04-06T12:13:35.6220000Z,2026-04-06T12:14:04.6950000Z,0.0,DispatchRun
SKB-TS1-INV05,AlarmWorkState1-DispatchRun,1004,Alarm,2026-04-06T12:13:35.7070000Z,2026-04-06T12:14:04.7950000Z,0.0,DispatchRun
SKB-TS2-INV05,AlarmWorkState1-DispatchRun,1004,Alarm,2026-04-06T12:14:33.3580000Z,2026-04-06T12:15:32.4720000Z,0.0,DispatchRun
SKB-TS1-INV01,AlarmWorkState1-DispatchRun,1004,Alarm,2026-04-06T12:14:35.7120000Z,2026-04-06T12:15:32.4760000Z,0.0,DispatchRun
SKB-TS2-INV06,AlarmWorkState1-DispatchRun,1004,Alarm,2026-04-06T12:14:35.7410000Z,2026-04-06T12:15:32.5820000Z,0.0,DispatchRun
SKB-TS1-INV03,AlarmWorkState1-DispatchRun,1004,Alarm,2026-04-06T12:14:35.7930000Z,2026-04-06T12:15:32.6410000Z,0.0,DispatchRun
SKB-TS2-INV02,AlarmWorkState1-DispatchRun,1004,Alarm,2026-04-06T12:14:35.7990000Z,2026-04-06T12:15:32.7530000Z,0.0,DispatchRun
SKB-TS2-INV03,AlarmWorkState1-DispatchRun,1004,Alarm,2026-04-06T12:14:35.9340000Z,2026-04-06T12:15:32.8970000Z,0.0,DispatchRun
SKB-TS2-INV08,AlarmWorkState1-DispatchRun,1004,Alarm,2026-04-06T12:14:36.1000000Z,2026-04-06T12:15:33.0800000Z,0.0,DispatchRun
SKB-TS1-INV02,AlarmWorkState1-DispatchRun,1004,Alarm,2026-04-06T12:14:36.1770000Z,2026-04-06T12:15:33.1210000Z,0.0,DispatchRun
SKB-TS2-INV04,AlarmWorkState1-DispatchRun,1004,Alarm,2026-04-06T12:14:36.1940000Z,2026-04-06T12:15:33.1820000Z,0.0,DispatchRun
SKB-TS1-INV05,AlarmWorkState1-DispatchRun,1004,Alarm,2026-04-06T12:14:36.2680000Z,2026-04-06T12:15:33.1980000Z,0.0,DispatchRun
SKB-TS2-INV03,AlarmWorkState1-DispatchRun,1004,Alarm,2026-04-06T12:22:34.6490000Z,2026-04-06T12:23:04.6860000Z,0.0,DispatchRun
SKB-TS2-INV05,AlarmWorkState1-DispatchRun,1004,Alarm,2026-04-06T12:23:32.4240000Z,2026-04-06T12:24:03.5720000Z,0.0,DispatchRun
SKB-TS1-INV01,AlarmWorkState1-DispatchRun,1004,Alarm,2026-04-06T12:23:32.4270000Z,2026-04-06T12:24:03.6110000Z,0.0,DispatchRun
SKB-TS2-INV06,AlarmWorkState1-DispatchRun,1004,Alarm,2026-04-06T12:23:32.5240000Z,2026-04-06T12:24:03.6590000Z,0.0,DispatchRun
SKB-TS1-INV03,AlarmWorkState1-DispatchRun,1004,Alarm,2026-04-06T12:23:32.5280000Z,2026-04-06T12:24:03.6800000Z,0.0,DispatchRun
SKB-TS2-INV02,AlarmWorkState1-DispatchRun,1004,Alarm,2026-04-06T12:23:33.1860000Z,2026-04-06T12:24:03.7420000Z,0.0,DispatchRun
SKB-TS2-INV03,AlarmWorkState1-DispatchRun,1004,Alarm,2026-04-06T12:23:33.3010000Z,2026-04-06T12:24:03.9140000Z,0.0,DispatchRun
SKB-TS2-INV08,AlarmWorkState1-DispatchRun,1004,Alarm,2026-04-06T12:23:33.5110000Z,2026-04-06T12:24:04.0600000Z,0.0,DispatchRun
SKB-TS1-INV02,AlarmWorkState1-DispatchRun,1004,Alarm,2026-04-06T12:23:33.5570000Z,2026-04-06T12:24:04.1180000Z,0.0,DispatchRun
SKB-TS2-INV04,AlarmWorkState1-DispatchRun,1004,Alarm,2026-04-06T12:23:33.5860000Z,2026-04-06T12:24:04.1500000Z,0.0,DispatchRun
SKB-TS1-INV05,AlarmWorkState1-DispatchRun,1004,Alarm,2026-04-06T12:23:33.6390000Z,2026-04-06T12:24:04.1950000Z,0.0,DispatchRun
SKB-TS1-INV01,AlarmWorkState1-DispatchRun,1004,Alarm,2026-04-06T12:30:34.4040000Z,2026-04-06T12:32:33.4000000Z,0.0,DispatchRun
SKB-TS2-INV05,AlarmWorkState1-DispatchRun,1004,Alarm,2026-04-06T12:30:34.4340000Z,2026-04-06T12:33:06.3870000Z,0.0,DispatchRun
SKB-TS1-INV03,AlarmWorkState1-DispatchRun,1004,Alarm,2026-04-06T12:30:34.4700000Z,2026-04-06T12:32:33.4750000Z,0.0,DispatchRun
SKB-TS2-INV06,AlarmWorkState1-DispatchRun,1004,Alarm,2026-04-06T12:30:34.4870000Z,2026-04-06T12:33:06.4670000Z,0.0,DispatchRun
SKB-TS2-INV02,AlarmWorkState1-DispatchRun,1004,Alarm,2026-04-06T12:30:34.5830000Z,2026-04-06T12:32:33.6230000Z,0.0,DispatchRun
SKB-TS2-INV03,AlarmWorkState1-DispatchRun,1004,Alarm,2026-04-06T12:30:34.6540000Z,2026-04-06T12:33:06.5610000Z,0.0,DispatchRun
SKB-TS1-INV02,AlarmWorkState1-DispatchRun,1004,Alarm,2026-04-06T12:30:34.8470000Z,2026-04-06T12:32:33.8760000Z,0.0,DispatchRun
SKB-TS2-INV08,AlarmWorkState1-DispatchRun,1004,Alarm,2026-04-06T12:30:34.8790000Z,2026-04-06T12:33:06.8040000Z,0.0,DispatchRun
SKB-TS1-INV05,AlarmWorkState1-DispatchRun,1004,Alarm,2026-04-06T12:30:34.9810000Z,2026-04-06T12:32:33.9850000Z,0.0,DispatchRun
SKB-TS2-INV04,AlarmWorkState1-DispatchRun,1004,Alarm,2026-04-06T12:30:35.0110000Z,2026-04-06T12:33:06.9440000Z,0.0,DispatchRun
SKB-TS1-INV01,AlarmWorkState1-DispatchRun,1004,Alarm,2026-04-06T12:38:32.4630000Z,2026-04-06T12:40:07.1630000Z,0.0,DispatchRun
SKB-TS2-INV05,AlarmWorkState1-DispatchRun,1004,Alarm,2026-04-06T12:38:32.5180000Z,2026-04-06T12:40:07.1830000Z,0.0,DispatchRun
SKB-TS1-INV03,AlarmWorkState1-DispatchRun,1004,Alarm,2026-04-06T12:38:32.5470000Z,2026-04-06T12:40:07.2660000Z,0.0,DispatchRun
SKB-TS2-INV06,AlarmWorkState1-DispatchRun,1004,Alarm,2026-04-06T12:38:32.6120000Z,2026-04-06T12:40:07.2620000Z,0.0,DispatchRun
SKB-TS2-INV02,AlarmWorkState1-DispatchRun,1004,Alarm,2026-04-06T12:38:32.7320000Z,2026-04-06T12:40:07.4170000Z,0.0,DispatchRun
SKB-TS2-INV03,AlarmWorkState1-DispatchRun,1004,Alarm,2026-04-06T12:38:32.8260000Z,2026-04-06T12:40:07.5480000Z,0.0,DispatchRun
SKB-TS1-INV02,AlarmWorkState1-DispatchRun,1004,Alarm,2026-04-06T12:38:32.9460000Z,2026-04-06T12:40:07.7920000Z,0.0,DispatchRun
SKB-TS2-INV08,AlarmWorkState1-DispatchRun,1004,Alarm,2026-04-06T12:38:32.9970000Z,2026-04-06T12:40:07.7910000Z,0.0,DispatchRun
SKB-TS1-INV05,AlarmWorkState1-DispatchRun,1004,Alarm,2026-04-06T12:38:33.0220000Z,2026-04-06T12:40:07.8970000Z,0.0,DispatchRun
SKB-TS2-INV04,AlarmWorkState1-DispatchRun,1004,Alarm,2026-04-06T12:38:33.0650000Z,2026-04-06T12:40:07.8960000Z,0.0,DispatchRun
SKB-TS1-INV01,AlarmWorkState1-DispatchRun,1004,Alarm,2026-04-06T12:40:32.4880000Z,2026-04-06T12:41:35.6200000Z,0.0,DispatchRun
SKB-TS2-INV05,AlarmWorkState1-DispatchRun,1004,Alarm,2026-04-06T12:40:32.5950000Z,2026-04-06T12:41:35.6520000Z,0.0,DispatchRun
SKB-TS1-INV03,AlarmWorkState1-DispatchRun,1004,Alarm,2026-04-06T12:40:32.6000000Z,2026-04-06T12:41:35.7400000Z,0.0,DispatchRun
SKB-TS2-INV06,AlarmWorkState1-DispatchRun,1004,Alarm,2026-04-06T12:40:32.6660000Z,2026-04-06T12:41:35.7940000Z,0.0,DispatchRun
SKB-TS2-INV02,AlarmWorkState1-DispatchRun,1004,Alarm,2026-04-06T12:40:32.7650000Z,2026-04-06T12:41:35.8430000Z,0.0,DispatchRun
SKB-TS2-INV03,AlarmWorkState1-DispatchRun,1004,Alarm,2026-04-06T12:40:32.8610000Z,2026-04-06T12:41:35.9930000Z,0.0,DispatchRun
SKB-TS1-INV02,AlarmWorkState1-DispatchRun,1004,Alarm,2026-04-06T12:40:32.9450000Z,2026-04-06T12:41:36.2140000Z,0.0,DispatchRun
SKB-TS2-INV08,AlarmWorkState1-DispatchRun,1004,Alarm,2026-04-06T12:40:33.0420000Z,2026-04-06T12:41:36.2260000Z,0.0,DispatchRun
SKB-TS1-INV05,AlarmWorkState1-DispatchRun,1004,Alarm,2026-04-06T12:40:33.0430000Z,2026-04-06T12:41:36.2960000Z,0.0,DispatchRun
SKB-TS2-INV04,AlarmWorkState1-DispatchRun,1004,Alarm,2026-04-06T12:40:33.1000000Z,2026-04-06T12:41:36.3060000Z,0.0,DispatchRun
SKB-TS2-INV01,AlarmWorkState1-DispatchRun,1004,Alarm,2026-04-06T12:43:02.3060000Z,2026-04-06T12:43:33.4630000Z,0.0,DispatchRun
SKB-TS1-INV05,AlarmWorkState1-DispatchRun,1004,Alarm,2026-04-06T12:48:33.0840000Z,2026-04-06T12:49:07.6190000Z,0.0,DispatchRun
SKB-TS1-INV01,AlarmWorkState1-DispatchRun,1004,Alarm,2026-04-06T13:01:33.2530000Z,2026-04-06T13:03:34.3090000Z,0.0,DispatchRun
SKB-TS2-INV05,AlarmWorkState1-DispatchRun,1004,Alarm,2026-04-06T13:01:33.3030000Z,2026-04-06T13:03:34.2670000Z,0.0,DispatchRun
SKB-TS1-INV03,AlarmWorkState1-DispatchRun,1004,Alarm,2026-04-06T13:01:33.3770000Z,2026-04-06T13:03:34.4680000Z,0.0,DispatchRun
SKB-TS2-INV06,AlarmWorkState1-DispatchRun,1004,Alarm,2026-04-06T13:01:33.3880000Z,2026-04-06T13:03:34.4320000Z,0.0,DispatchRun
SKB-TS2-INV02,AlarmWorkState1-DispatchRun,1004,Alarm,2026-04-06T13:01:33.4760000Z,2026-04-06T13:03:34.5610000Z,0.0,DispatchRun
SKB-TS2-INV03,AlarmWorkState1-DispatchRun,1004,Alarm,2026-04-06T13:01:33.5880000Z,2026-04-06T13:03:34.6690000Z,0.0,DispatchRun
SKB-TS1-INV02,AlarmWorkState1-DispatchRun,1004,Alarm,2026-04-06T13:01:33.7910000Z,2026-04-06T13:03:34.9360000Z,0.0,DispatchRun
SKB-TS2-INV08,AlarmWorkState1-DispatchRun,1004,Alarm,2026-04-06T13:01:33.7950000Z,2026-04-06T13:03:34.9020000Z,0.0,DispatchRun
SKB-TS1-INV05,AlarmWorkState1-DispatchRun,1004,Alarm,2026-04-06T13:01:33.8730000Z,2026-04-06T13:03:35.0470000Z,0.0,DispatchRun
SKB-TS2-INV04,AlarmWorkState1-DispatchRun,1004,Alarm,2026-04-06T13:01:33.8850000Z,2026-04-06T13:03:35.0210000Z,0.0,DispatchRun
SKB-TS1-INV01,AlarmWorkState1-DispatchRun,1004,Alarm,2026-04-06T13:04:32.4680000Z,2026-04-06T13:05:05.5640000Z,0.0,DispatchRun
SKB-TS2-INV05,AlarmWorkState1-DispatchRun,1004,Alarm,2026-04-06T13:04:32.5220000Z,2026-04-06T13:05:04.4910000Z,0.0,DispatchRun
SKB-TS1-INV03,AlarmWorkState1-DispatchRun,1004,Alarm,2026-04-06T13:04:32.6050000Z,2026-04-06T13:05:05.6180000Z,0.0,DispatchRun
SKB-TS2-INV06,AlarmWorkState1-DispatchRun,1004,Alarm,2026-04-06T13:04:32.6540000Z,2026-04-06T13:05:05.5260000Z,0.0,DispatchRun
SKB-TS2-INV02,AlarmWorkState1-DispatchRun,1004,Alarm,2026-04-06T13:04:32.6910000Z,2026-04-06T13:05:05.6160000Z,0.0,DispatchRun
SKB-TS2-INV03,AlarmWorkState1-DispatchRun,1004,Alarm,2026-04-06T13:04:32.8290000Z,2026-04-06T13:05:05.6940000Z,0.0,DispatchRun
SKB-TS1-INV02,AlarmWorkState1-DispatchRun,1004,Alarm,2026-04-06T13:04:33.0830000Z,2026-04-06T13:05:05.9730000Z,0.0,DispatchRun
SKB-TS2-INV08,AlarmWorkState1-DispatchRun,1004,Alarm,2026-04-06T13:04:33.1040000Z,2026-04-06T13:05:05.9030000Z,0.0,DispatchRun
SKB-TS1-INV05,AlarmWorkState1-DispatchRun,1004,Alarm,2026-04-06T13:04:33.1700000Z,2026-04-06T13:05:06.0990000Z,0.0,DispatchRun
SKB-TS2-INV04,AlarmWorkState1-DispatchRun,1004,Alarm,2026-04-06T13:04:33.2500000Z,2026-04-06T13:05:06.0560000Z,0.0,DispatchRun
SKB-TS2-INV05,AlarmWorkState1-DispatchRun,1004,Alarm,2026-04-06T13:16:02.4620000Z,2026-04-06T13:16:34.6700000Z,0.0,DispatchRun
SKB-TS1-INV01,AlarmWorkState1-DispatchRun,1004,Alarm,2026-04-06T13:16:02.5060000Z,2026-04-06T13:16:34.5680000Z,0.0,DispatchRun
SKB-TS2-INV06,AlarmWorkState1-DispatchRun,1004,Alarm,2026-04-06T13:16:02.5480000Z,2026-04-06T13:16:34.7680000Z,0.0,DispatchRun
SKB-TS1-INV03,AlarmWorkState1-DispatchRun,1004,Alarm,2026-04-06T13:16:02.6030000Z,2026-04-06T13:16:34.6780000Z,0.0,DispatchRun
SKB-TS2-INV02,AlarmWorkState1-DispatchRun,1004,Alarm,2026-04-06T13:16:02.6410000Z,2026-04-06T13:16:34.8600000Z,0.0,DispatchRun
SKB-TS2-INV03,AlarmWorkState1-DispatchRun,1004,Alarm,2026-04-06T13:16:02.7340000Z,2026-04-06T13:16:34.9840000Z,0.0,DispatchRun
SKB-TS2-INV08,AlarmWorkState1-DispatchRun,1004,Alarm,2026-04-06T13:16:02.9770000Z,2026-04-06T13:16:35.2250000Z,0.0,DispatchRun
SKB-TS1-INV02,AlarmWorkState1-DispatchRun,1004,Alarm,2026-04-06T13:16:03.0290000Z,2026-04-06T13:16:35.1500000Z,0.0,DispatchRun
SKB-TS2-INV04,AlarmWorkState1-DispatchRun,1004,Alarm,2026-04-06T13:16:03.0390000Z,2026-04-06T13:16:35.3240000Z,0.0,DispatchRun
SKB-TS1-INV05,AlarmWorkState1-DispatchRun,1004,Alarm,2026-04-06T13:16:03.1140000Z,2026-04-06T13:16:35.2430000Z,0.0,DispatchRun
SKB-TS2-INV05,AlarmWorkState1-Fault,1006,Alarm,2026-04-07T04:04:05.7060000Z,2026-04-07T04:07:03.2660000Z,0.0,Fault
SKB-TS2-INV06,AlarmWorkState1-Fault,1006,Alarm,2026-04-07T04:04:05.8170000Z,2026-04-07T04:07:03.2840000Z,0.0,Fault
SKB-TS2-INV04,AlarmWorkState1-Fault,1006,Alarm,2026-04-07T04:04:06.4280000Z,2026-04-07T04:07:03.4550000Z,0.0,Fault
SKB-TS1-INV06,AlarmWorkState1-Fault,1006,Alarm,2026-04-07T04:04:37.1950000Z,2026-04-07T04:07:04.6570000Z,0.0,Fault
SKB-TS2-INV05,AlarmWorkState1-DeratingRun,1003,Alarm,2026-04-07T04:08:32.8430000Z,2026-04-07T04:18:35.5220000Z,0.0,DeratingRun
SKB-TS2-INV06,AlarmWorkState1-DeratingRun,1003,Alarm,2026-04-07T04:08:32.9040000Z,2026-04-07T04:18:35.6320000Z,0.0,DeratingRun
SKB-TS2-INV04,AlarmWorkState1-DeratingRun,1003,Alarm,2026-04-07T04:08:33.4150000Z,2026-04-07T04:18:36.1710000Z,0.0,DeratingRun
SKB-TS1-INV06,AlarmWorkState1-DeratingRun,1003,Alarm,2026-04-07T04:08:33.4340000Z,2026-04-07T04:18:36.2750000Z,0.0,DeratingRun
SKB-TS1-INV02,AlarmWorkState1-AlarmRun,1001,Alarm,2026-04-07T06:36:03.5930000Z,2026-04-07T08:54:34.4920000Z,0.0,AlarmRun
SKB-TS1-INV01,AlarmWorkState1-DispatchRun,1004,Alarm,2026-04-07T08:53:05.1300000Z,2026-04-07T09:25:04.8990000Z,0.0,DispatchRun
SKB-TS2-INV05,AlarmWorkState1-DispatchRun,1004,Alarm,2026-04-07T08:53:05.1800000Z,2026-04-07T09:25:04.9160000Z,0.0,DispatchRun
SKB-TS1-INV03,AlarmWorkState1-DispatchRun,1004,Alarm,2026-04-07T08:53:05.2330000Z,2026-04-07T09:25:05.0020000Z,0.0,DispatchRun
SKB-TS2-INV06,AlarmWorkState1-DispatchRun,1004,Alarm,2026-04-07T08:53:05.3160000Z,2026-04-07T09:25:05.0150000Z,0.0,DispatchRun
SKB-TS2-INV02,AlarmWorkState1-DispatchRun,1004,Alarm,2026-04-07T08:53:05.4280000Z,2026-04-07T09:25:05.0990000Z,0.0,DispatchRun
SKB-TS2-INV03,AlarmWorkState1-DispatchRun,1004,Alarm,2026-04-07T08:53:05.5010000Z,2026-04-07T09:25:05.2090000Z,0.0,DispatchRun
SKB-TS1-INV05,AlarmWorkState1-DispatchRun,1004,Alarm,2026-04-07T08:53:05.7400000Z,2026-04-07T09:25:05.4990000Z,0.0,DispatchRun
SKB-TS2-INV04,AlarmWorkState1-DispatchRun,1004,Alarm,2026-04-07T08:53:05.8720000Z,2026-04-07T09:25:05.5020000Z,0.0,DispatchRun
SKB-TS1-INV02,AlarmWorkState1-DispatchRun,1004,Alarm,2026-04-07T08:54:34.4920000Z,2026-04-07T09:25:05.3880000Z,0.0,DispatchRun
SKB-TS2-INV08,AlarmWorkState1-DispatchRun,1004,Alarm,2026-04-07T08:56:04.1290000Z,2026-04-07T09:25:05.3940000Z,0.0,DispatchRun
SKB-TS1-INV02,AlarmWorkState1-AlarmRun,1001,Alarm,2026-04-07T09:25:05.3880000Z,2026-04-07T09:26:07.2530000Z,0.0,AlarmRun
SKB-TS1-INV01,AlarmWorkState1-DispatchRun,1004,Alarm,2026-04-07T09:27:04.6440000Z,2026-04-07T09:28:04.2320000Z,0.0,DispatchRun
SKB-TS1-INV03,AlarmWorkState1-DispatchRun,1004,Alarm,2026-04-07T09:27:06.4630000Z,2026-04-07T09:28:06.2350000Z,0.0,DispatchRun
SKB-TS2-INV05,AlarmWorkState1-DispatchRun,1004,Alarm,2026-04-07T09:27:06.5040000Z,2026-04-07T09:28:06.2870000Z,0.0,DispatchRun
SKB-TS2-INV06,AlarmWorkState1-DispatchRun,1004,Alarm,2026-04-07T09:27:07.5380000Z,2026-04-07T09:28:07.4000000Z,0.0,DispatchRun
SKB-TS2-INV02,AlarmWorkState1-DispatchRun,1004,Alarm,2026-04-07T09:27:07.6220000Z,2026-04-07T09:28:07.5360000Z,0.0,DispatchRun
SKB-TS2-INV03,AlarmWorkState1-DispatchRun,1004,Alarm,2026-04-07T09:27:07.6820000Z,2026-04-07T09:28:07.5800000Z,0.0,DispatchRun
SKB-TS1-INV02,AlarmWorkState1-DispatchRun,1004,Alarm,2026-04-07T09:27:07.7470000Z,2026-04-07T09:28:07.6250000Z,0.0,DispatchRun
SKB-TS1-INV05,AlarmWorkState1-DispatchRun,1004,Alarm,2026-04-07T09:27:07.8850000Z,2026-04-07T09:28:07.7320000Z,0.0,DispatchRun
SKB-TS2-INV08,AlarmWorkState1-DispatchRun,1004,Alarm,2026-04-07T09:27:07.9020000Z,2026-04-07T09:28:07.7630000Z,0.0,DispatchRun
SKB-TS2-INV04,AlarmWorkState1-DispatchRun,1004,Alarm,2026-04-07T09:27:08.0310000Z,2026-04-07T09:28:07.8550000Z,0.0,DispatchRun
SKB-TS2-INV05,AlarmWorkState1-DispatchRun,1004,Alarm,2026-04-07T09:29:02.7370000Z,2026-04-07T09:41:32.8150000Z,0.0,DispatchRun
SKB-TS1-INV01,AlarmWorkState1-DispatchRun,1004,Alarm,2026-04-07T09:29:03.4680000Z,2026-04-07T09:41:03.9860000Z,0.0,DispatchRun
SKB-TS2-INV06,AlarmWorkState1-DispatchRun,1004,Alarm,2026-04-07T09:29:03.5220000Z,2026-04-07T09:41:04.0620000Z,0.0,DispatchRun
SKB-TS1-INV03,AlarmWorkState1-DispatchRun,1004,Alarm,2026-04-07T09:29:03.5290000Z,2026-04-07T09:32:05.0470000Z,0.0,DispatchRun
SKB-TS2-INV02,AlarmWorkState1-DispatchRun,1004,Alarm,2026-04-07T09:29:03.6170000Z,2026-04-07T09:41:04.9210000Z,0.0,DispatchRun
SKB-TS2-INV03,AlarmWorkState1-DispatchRun,1004,Alarm,2026-04-07T09:29:03.7160000Z,2026-04-07T09:41:33.1660000Z,0.0,DispatchRun
SKB-TS2-INV08,AlarmWorkState1-DispatchRun,1004,Alarm,2026-04-07T09:29:03.9000000Z,2026-04-07T09:40:33.4890000Z,0.0,DispatchRun
SKB-TS2-INV04,AlarmWorkState1-DispatchRun,1004,Alarm,2026-04-07T09:29:04.0030000Z,2026-04-07T09:41:33.4350000Z,0.0,DispatchRun
SKB-TS1-INV02,AlarmWorkState1-DispatchRun,1004,Alarm,2026-04-07T09:29:34.0630000Z,2026-04-07T09:41:33.2110000Z,0.0,DispatchRun
SKB-TS1-INV05,AlarmWorkState1-DispatchRun,1004,Alarm,2026-04-07T09:29:34.1880000Z,2026-04-07T09:41:33.2770000Z,0.0,DispatchRun
SKB-TS1-INV03,AlarmWorkState1-DispatchRun,1004,Alarm,2026-04-07T09:32:33.5080000Z,2026-04-07T09:41:32.9230000Z,0.0,DispatchRun
SKB-TS1-INV01,AlarmWorkState1-DispatchRun,1004,Alarm,2026-04-07T09:42:34.5640000Z,2026-04-07T09:43:34.4120000Z,0.0,DispatchRun
SKB-TS2-INV05,AlarmWorkState1-DispatchRun,1004,Alarm,2026-04-07T09:42:34.6290000Z,2026-04-07T09:52:03.2360000Z,0.0,DispatchRun
SKB-TS1-INV03,AlarmWorkState1-DispatchRun,1004,Alarm,2026-04-07T09:42:34.6930000Z,2026-04-07T09:52:35.7780000Z,0.0,DispatchRun
SKB-TS2-INV06,AlarmWorkState1-DispatchRun,1004,Alarm,2026-04-07T09:42:34.7220000Z,2026-04-07T09:52:03.4140000Z,0.0,DispatchRun
SKB-TS2-INV02,AlarmWorkState1-DispatchRun,1004,Alarm,2026-04-07T09:42:34.7910000Z,2026-04-07T09:52:35.8820000Z,0.0,DispatchRun
SKB-TS2-INV03,AlarmWorkState1-DispatchRun,1004,Alarm,2026-04-07T09:42:34.8830000Z,2026-04-07T09:52:35.9720000Z,0.0,DispatchRun
SKB-TS1-INV02,AlarmWorkState1-DispatchRun,1004,Alarm,2026-04-07T09:42:35.0300000Z,2026-04-07T09:52:36.1530000Z,0.0,DispatchRun
SKB-TS2-INV08,AlarmWorkState1-DispatchRun,1004,Alarm,2026-04-07T09:42:35.0340000Z,2026-04-07T09:52:36.1020000Z,0.0,DispatchRun
SKB-TS2-INV04,AlarmWorkState1-DispatchRun,1004,Alarm,2026-04-07T09:42:35.0610000Z,2026-04-07T09:52:36.2240000Z,0.0,DispatchRun
SKB-TS1-INV05,AlarmWorkState1-DispatchRun,1004,Alarm,2026-04-07T09:42:35.0670000Z,2026-04-07T09:52:36.2430000Z,0.0,DispatchRun
SKB-TS1-INV01,AlarmWorkState1-DispatchRun,1004,Alarm,2026-04-07T09:44:03.8210000Z,2026-04-07T09:52:35.6560000Z,0.0,DispatchRun
SKB-TS2-INV05,AlarmWorkState1-DispatchRun,1004,Alarm,2026-04-07T09:53:02.8050000Z,2026-04-07T09:55:06.5570000Z,0.0,DispatchRun
SKB-TS1-INV01,AlarmWorkState1-DispatchRun,1004,Alarm,2026-04-07T09:53:02.8240000Z,2026-04-07T09:55:04.5590000Z,0.0,DispatchRun
SKB-TS2-INV06,AlarmWorkState1-DispatchRun,1004,Alarm,2026-04-07T09:53:02.9060000Z,2026-04-07T09:55:06.6560000Z,0.0,DispatchRun
SKB-TS1-INV03,AlarmWorkState1-DispatchRun,1004,Alarm,2026-04-07T09:53:02.9180000Z,2026-04-07T09:55:06.6310000Z,0.0,DispatchRun
SKB-TS2-INV02,AlarmWorkState1-DispatchRun,1004,Alarm,2026-04-07T09:53:05.2480000Z,2026-04-07T09:55:06.7830000Z,0.0,DispatchRun
SKB-TS2-INV03,AlarmWorkState1-DispatchRun,1004,Alarm,2026-04-07T09:53:05.6740000Z,2026-04-07T09:55:06.8880000Z,0.0,DispatchRun
SKB-TS1-INV02,AlarmWorkState1-DispatchRun,1004,Alarm,2026-04-07T09:53:05.7590000Z,2026-04-07T09:55:07.1120000Z,0.0,DispatchRun
SKB-TS2-INV08,AlarmWorkState1-DispatchRun,1004,Alarm,2026-04-07T09:53:05.7810000Z,2026-04-07T09:55:07.1790000Z,0.0,DispatchRun
SKB-TS1-INV05,AlarmWorkState1-DispatchRun,1004,Alarm,2026-04-07T09:53:05.8240000Z,2026-04-07T09:55:07.2480000Z,0.0,DispatchRun
SKB-TS2-INV04,AlarmWorkState1-DispatchRun,1004,Alarm,2026-04-07T09:53:05.8490000Z,2026-04-07T09:55:07.2710000Z,0.0,DispatchRun
SKB-TS1-INV01,AlarmWorkState1-DispatchRun,1004,Alarm,2026-04-07T09:55:34.4690000Z,2026-04-07T09:56:03.9160000Z,0.0,DispatchRun
SKB-TS2-INV05,AlarmWorkState1-DispatchRun,1004,Alarm,2026-04-07T09:55:34.5330000Z,2026-04-07T09:56:05.7060000Z,0.0,DispatchRun
SKB-TS1-INV03,AlarmWorkState1-DispatchRun,1004,Alarm,2026-04-07T09:55:34.6580000Z,2026-04-07T09:56:06.7480000Z,0.0,DispatchRun
SKB-TS2-INV06,AlarmWorkState1-DispatchRun,1004,Alarm,2026-04-07T09:55:34.6720000Z,2026-04-07T09:56:06.7630000Z,0.0,DispatchRun
SKB-TS2-INV02,AlarmWorkState1-DispatchRun,1004,Alarm,2026-04-07T09:55:34.8240000Z,2026-04-07T09:56:06.8780000Z,0.0,DispatchRun
SKB-TS2-INV03,AlarmWorkState1-DispatchRun,1004,Alarm,2026-04-07T09:55:34.9320000Z,2026-04-07T09:56:06.9240000Z,0.0,DispatchRun
SKB-TS1-INV02,AlarmWorkState1-DispatchRun,1004,Alarm,2026-04-07T09:55:35.1590000Z,2026-04-07T09:56:07.0900000Z,0.0,DispatchRun
SKB-TS2-INV08,AlarmWorkState1-DispatchRun,1004,Alarm,2026-04-07T09:55:35.1710000Z,2026-04-07T09:56:07.1030000Z,0.0,DispatchRun
SKB-TS1-INV05,AlarmWorkState1-DispatchRun,1004,Alarm,2026-04-07T09:55:35.2500000Z,2026-04-07T09:56:07.1970000Z,0.0,DispatchRun
SKB-TS2-INV04,AlarmWorkState1-DispatchRun,1004,Alarm,2026-04-07T09:55:35.2510000Z,2026-04-07T09:56:07.2400000Z,0.0,DispatchRun
SKB-TS2-INV05,AlarmWorkState1-DispatchRun,1004,Alarm,2026-04-07T09:56:33.8850000Z,2026-04-07T09:57:02.8480000Z,0.0,DispatchRun
SKB-TS2-INV06,AlarmWorkState1-DispatchRun,1004,Alarm,2026-04-07T09:56:33.9240000Z,2026-04-07T09:57:02.9230000Z,0.0,DispatchRun
SKB-TS2-INV02,AlarmWorkState1-DispatchRun,1004,Alarm,2026-04-07T09:56:34.0210000Z,2026-04-07T09:57:03.0170000Z,0.0,DispatchRun
SKB-TS2-INV03,AlarmWorkState1-DispatchRun,1004,Alarm,2026-04-07T09:56:34.0990000Z,2026-04-07T09:57:03.1230000Z,0.0,DispatchRun
SKB-TS1-INV05,AlarmWorkState1-DispatchRun,1004,Alarm,2026-04-07T09:56:34.2010000Z,2026-04-07T09:57:03.3940000Z,0.0,DispatchRun
SKB-TS2-INV08,AlarmWorkState1-DispatchRun,1004,Alarm,2026-04-07T09:56:34.3080000Z,2026-04-07T09:57:03.2740000Z,0.0,DispatchRun
SKB-TS2-INV04,AlarmWorkState1-DispatchRun,1004,Alarm,2026-04-07T09:56:34.3710000Z,2026-04-07T09:57:03.3830000Z,0.0,DispatchRun
SKB-TS1-INV01,AlarmWorkState1-DispatchRun,1004,Alarm,2026-04-07T10:00:02.8260000Z,2026-04-07T10:13:34.7130000Z,0.0,DispatchRun
SKB-TS2-INV05,AlarmWorkState1-DispatchRun,1004,Alarm,2026-04-07T10:00:02.8430000Z,2026-04-07T10:13:34.7500000Z,0.0,DispatchRun
SKB-TS1-INV03,AlarmWorkState1-DispatchRun,1004,Alarm,2026-04-07T10:00:02.9740000Z,2026-04-07T10:13:34.8650000Z,0.0,DispatchRun
SKB-TS2-INV06,AlarmWorkState1-DispatchRun,1004,Alarm,2026-04-07T10:00:02.9920000Z,2026-04-07T10:13:34.8710000Z,0.0,DispatchRun
SKB-TS2-INV02,AlarmWorkState1-DispatchRun,1004,Alarm,2026-04-07T10:00:03.1170000Z,2026-04-07T10:14:05.8700000Z,0.0,DispatchRun
SKB-TS2-INV03,AlarmWorkState1-DispatchRun,1004,Alarm,2026-04-07T10:00:03.2370000Z,2026-04-07T10:13:34.9960000Z,0.0,DispatchRun
SKB-TS1-INV02,AlarmWorkState1-DispatchRun,1004,Alarm,2026-04-07T10:00:03.5630000Z,2026-04-07T10:13:35.2300000Z,0.0,DispatchRun
SKB-TS2-INV08,AlarmWorkState1-DispatchRun,1004,Alarm,2026-04-07T10:00:03.5850000Z,2026-04-07T10:13:35.2480000Z,0.0,DispatchRun
SKB-TS1-INV05,AlarmWorkState1-DispatchRun,1004,Alarm,2026-04-07T10:00:03.7150000Z,2026-04-07T10:14:06.2200000Z,0.0,DispatchRun
SKB-TS2-INV04,AlarmWorkState1-DispatchRun,1004,Alarm,2026-04-07T10:00:03.7330000Z,2026-04-07T10:14:06.1780000Z,0.0,DispatchRun
SKB-TS1-INV01,AlarmWorkState1-DispatchRun,1004,Alarm,2026-04-07T10:14:36.0500000Z,2026-04-07T10:16:33.6640000Z,0.0,DispatchRun
SKB-TS1-INV03,AlarmWorkState1-DispatchRun,1004,Alarm,2026-04-07T10:14:36.1880000Z,2026-04-07T10:16:33.7800000Z,0.0,DispatchRun
SKB-TS2-INV05,AlarmWorkState1-DispatchRun,1004,Alarm,2026-04-07T10:14:36.2930000Z,2026-04-07T10:16:33.7660000Z,0.0,DispatchRun
SKB-TS2-INV06,AlarmWorkState1-DispatchRun,1004,Alarm,2026-04-07T10:14:36.4320000Z,2026-04-07T10:16:33.8790000Z,0.0,DispatchRun
SKB-TS2-INV02,AlarmWorkState1-DispatchRun,1004,Alarm,2026-04-07T10:14:36.5250000Z,2026-04-07T10:16:33.9540000Z,0.0,DispatchRun
SKB-TS1-INV02,AlarmWorkState1-DispatchRun,1004,Alarm,2026-04-07T10:14:36.6690000Z,2026-04-07T10:16:34.1350000Z,0.0,DispatchRun
SKB-TS2-INV03,AlarmWorkState1-DispatchRun,1004,Alarm,2026-04-07T10:14:36.6710000Z,2026-04-07T10:16:34.0420000Z,0.0,DispatchRun
SKB-TS1-INV05,AlarmWorkState1-DispatchRun,1004,Alarm,2026-04-07T10:14:36.8070000Z,2026-04-07T10:16:34.2250000Z,0.0,DispatchRun
SKB-TS2-INV08,AlarmWorkState1-DispatchRun,1004,Alarm,2026-04-07T10:14:36.9000000Z,2026-04-07T10:16:34.1960000Z,0.0,DispatchRun
SKB-TS2-INV04,AlarmWorkState1-DispatchRun,1004,Alarm,2026-04-07T10:14:36.9360000Z,2026-04-07T10:16:34.2930000Z,0.0,DispatchRun
SKB-TS1-INV01,AlarmWorkState1-DispatchRun,1004,Alarm,2026-04-07T10:17:04.0020000Z,2026-04-07T10:22:32.8840000Z,0.0,DispatchRun
SKB-TS2-INV05,AlarmWorkState1-DispatchRun,1004,Alarm,2026-04-07T10:17:04.9920000Z,2026-04-07T10:22:32.9090000Z,0.0,DispatchRun
SKB-TS2-INV06,AlarmWorkState1-DispatchRun,1004,Alarm,2026-04-07T10:17:05.0930000Z,2026-04-07T10:22:33.0460000Z,0.0,DispatchRun
SKB-TS1-INV03,AlarmWorkState1-DispatchRun,1004,Alarm,2026-04-07T10:17:05.1070000Z,2026-04-07T10:22:33.0140000Z,0.0,DispatchRun
SKB-TS2-INV02,AlarmWorkState1-DispatchRun,1004,Alarm,2026-04-07T10:17:05.2260000Z,2026-04-07T10:22:33.1090000Z,0.0,DispatchRun
SKB-TS2-INV03,AlarmWorkState1-DispatchRun,1004,Alarm,2026-04-07T10:17:05.2980000Z,2026-04-07T10:22:33.2270000Z,0.0,DispatchRun
SKB-TS2-INV08,AlarmWorkState1-DispatchRun,1004,Alarm,2026-04-07T10:17:05.4430000Z,2026-04-07T10:22:33.4020000Z,0.0,DispatchRun
SKB-TS1-INV02,AlarmWorkState1-DispatchRun,1004,Alarm,2026-04-07T10:17:05.5080000Z,2026-04-07T10:22:33.3880000Z,0.0,DispatchRun
SKB-TS2-INV04,AlarmWorkState1-DispatchRun,1004,Alarm,2026-04-07T10:17:05.5370000Z,2026-04-07T10:22:33.4810000Z,0.0,DispatchRun
SKB-TS1-INV05,AlarmWorkState1-DispatchRun,1004,Alarm,2026-04-07T10:17:05.5900000Z,2026-04-07T10:23:36.4720000Z,0.0,DispatchRun
SKB-TS1-INV01,AlarmWorkState1-DispatchRun,1004,Alarm,2026-04-07T10:23:03.3820000Z,2026-04-07T10:23:35.7430000Z,0.0,DispatchRun
SKB-TS2-INV05,AlarmWorkState1-DispatchRun,1004,Alarm,2026-04-07T10:23:03.5480000Z,2026-04-07T10:23:35.7230000Z,0.0,DispatchRun
SKB-TS1-INV03,AlarmWorkState1-DispatchRun,1004,Alarm,2026-04-07T10:23:03.5710000Z,2026-04-07T10:23:35.8980000Z,0.0,DispatchRun
SKB-TS2-INV06,AlarmWorkState1-DispatchRun,1004,Alarm,2026-04-07T10:23:03.6540000Z,2026-04-07T10:23:35.7970000Z,0.0,DispatchRun
SKB-TS2-INV02,AlarmWorkState1-DispatchRun,1004,Alarm,2026-04-07T10:23:03.7770000Z,2026-04-07T10:23:35.9760000Z,0.0,DispatchRun
SKB-TS2-INV03,AlarmWorkState1-DispatchRun,1004,Alarm,2026-04-07T10:23:03.8920000Z,2026-04-07T10:23:36.0630000Z,0.0,DispatchRun
SKB-TS1-INV02,AlarmWorkState1-DispatchRun,1004,Alarm,2026-04-07T10:23:04.0620000Z,2026-04-07T10:23:36.3950000Z,0.0,DispatchRun
SKB-TS2-INV08,AlarmWorkState1-DispatchRun,1004,Alarm,2026-04-07T10:23:04.1620000Z,2026-04-07T10:23:36.2850000Z,0.0,DispatchRun
SKB-TS2-INV04,AlarmWorkState1-DispatchRun,1004,Alarm,2026-04-07T10:23:04.2820000Z,2026-04-07T10:23:36.4020000Z,0.0,DispatchRun
SKB-TS2-INV05,AlarmWorkState1-DispatchRun,1004,Alarm,2026-04-07T10:26:32.8420000Z,2026-04-07T10:27:04.4350000Z,0.0,DispatchRun
SKB-TS1-INV01,AlarmWorkState1-DispatchRun,1004,Alarm,2026-04-07T10:26:32.8440000Z,2026-04-07T10:27:04.4200000Z,0.0,DispatchRun
SKB-TS2-INV06,AlarmWorkState1-DispatchRun,1004,Alarm,2026-04-07T10:26:32.9470000Z,2026-04-07T10:27:04.6160000Z,0.0,DispatchRun
SKB-TS1-INV03,AlarmWorkState1-DispatchRun,1004,Alarm,2026-04-07T10:26:32.9480000Z,2026-04-07T10:27:04.6500000Z,0.0,DispatchRun
SKB-TS2-INV02,AlarmWorkState1-DispatchRun,1004,Alarm,2026-04-07T10:26:33.5480000Z,2026-04-07T10:27:04.7340000Z,0.0,DispatchRun
SKB-TS2-INV03,AlarmWorkState1-DispatchRun,1004,Alarm,2026-04-07T10:26:33.6200000Z,2026-04-07T10:27:04.8350000Z,0.0,DispatchRun
SKB-TS2-INV08,AlarmWorkState1-DispatchRun,1004,Alarm,2026-04-07T10:26:33.7990000Z,2026-04-07T10:27:04.9170000Z,0.0,DispatchRun
SKB-TS2-INV04,AlarmWorkState1-DispatchRun,1004,Alarm,2026-04-07T10:26:33.8450000Z,2026-04-07T10:27:05.0410000Z,0.0,DispatchRun
SKB-TS1-INV01,AlarmWorkState1-DispatchRun,1004,Alarm,2026-04-07T10:31:04.1050000Z,2026-04-07T10:31:34.9750000Z,0.0,DispatchRun
SKB-TS1-INV03,AlarmWorkState1-DispatchRun,1004,Alarm,2026-04-07T10:31:04.2150000Z,2026-04-07T10:31:35.0250000Z,0.0,DispatchRun
SKB-TS2-INV05,AlarmWorkState1-DispatchRun,1004,Alarm,2026-04-07T10:31:04.2220000Z,2026-04-07T10:31:34.9350000Z,0.0,DispatchRun
SKB-TS2-INV06,AlarmWorkState1-DispatchRun,1004,Alarm,2026-04-07T10:31:04.3300000Z,2026-04-07T10:31:35.0120000Z,0.0,DispatchRun
SKB-TS2-INV02,AlarmWorkState1-DispatchRun,1004,Alarm,2026-04-07T10:31:04.3620000Z,2026-04-07T10:31:35.0950000Z,0.0,DispatchRun
SKB-TS2-INV03,AlarmWorkState1-DispatchRun,1004,Alarm,2026-04-07T10:31:04.4230000Z,2026-04-07T10:31:35.1600000Z,0.0,DispatchRun
SKB-TS1-INV02,AlarmWorkState1-DispatchRun,1004,Alarm,2026-04-07T10:31:04.5100000Z,2026-04-07T10:31:35.3480000Z,0.0,DispatchRun
SKB-TS1-INV05,AlarmWorkState1-DispatchRun,1004,Alarm,2026-04-07T10:31:04.5720000Z,2026-04-07T10:31:35.4160000Z,0.0,DispatchRun
SKB-TS2-INV08,AlarmWorkState1-DispatchRun,1004,Alarm,2026-04-07T10:31:04.5860000Z,2026-04-07T10:31:35.3280000Z,0.0,DispatchRun
SKB-TS2-INV04,AlarmWorkState1-DispatchRun,1004,Alarm,2026-04-07T10:31:04.6530000Z,2026-04-07T10:31:35.4030000Z,0.0,DispatchRun
SKB-TS1-INV01,AlarmWorkState1-DispatchRun,1004,Alarm,2026-04-07T10:32:03.7670000Z,2026-04-07T10:32:35.5300000Z,0.0,DispatchRun
SKB-TS2-INV05,AlarmWorkState1-DispatchRun,1004,Alarm,2026-04-07T10:32:04.0900000Z,2026-04-07T10:32:35.5910000Z,0.0,DispatchRun
SKB-TS1-INV03,AlarmWorkState1-DispatchRun,1004,Alarm,2026-04-07T10:32:04.1140000Z,2026-04-07T10:32:35.6040000Z,0.0,DispatchRun
SKB-TS2-INV06,AlarmWorkState1-DispatchRun,1004,Alarm,2026-04-07T10:32:04.2250000Z,2026-04-07T10:32:35.6150000Z,0.0,DispatchRun
SKB-TS2-INV02,AlarmWorkState1-DispatchRun,1004,Alarm,2026-04-07T10:32:04.3260000Z,2026-04-07T10:32:35.7300000Z,0.0,DispatchRun
SKB-TS2-INV03,AlarmWorkState1-DispatchRun,1004,Alarm,2026-04-07T10:32:04.4500000Z,2026-04-07T10:32:35.8100000Z,0.0,DispatchRun
SKB-TS1-INV02,AlarmWorkState1-DispatchRun,1004,Alarm,2026-04-07T10:32:04.5380000Z,2026-04-07T10:32:35.9610000Z,0.0,DispatchRun
SKB-TS2-INV08,AlarmWorkState1-DispatchRun,1004,Alarm,2026-04-07T10:32:04.6400000Z,2026-04-07T10:32:35.9860000Z,0.0,DispatchRun
SKB-TS1-INV05,AlarmWorkState1-DispatchRun,1004,Alarm,2026-04-07T10:32:04.6580000Z,2026-04-07T10:32:36.0570000Z,0.0,DispatchRun
SKB-TS2-INV04,AlarmWorkState1-DispatchRun,1004,Alarm,2026-04-07T10:32:04.6740000Z,2026-04-07T10:32:36.0740000Z,0.0,DispatchRun
SKB-TS2-INV06,AlarmWorkState1-DispatchRun,1004,Alarm,2026-04-07T10:34:06.5030000Z,2026-04-07T10:34:34.1390000Z,0.0,DispatchRun
SKB-TS1-INV03,AlarmWorkState1-DispatchRun,1004,Alarm,2026-04-07T10:34:06.5960000Z,2026-04-07T10:34:34.0880000Z,0.0,DispatchRun
SKB-TS2-INV02,AlarmWorkState1-DispatchRun,1004,Alarm,2026-04-07T10:34:06.5970000Z,2026-04-07T10:34:34.2710000Z,0.0,DispatchRun
SKB-TS2-INV03,AlarmWorkState1-DispatchRun,1004,Alarm,2026-04-07T10:34:06.6720000Z,2026-04-07T10:35:33.1130000Z,0.0,DispatchRun
SKB-TS2-INV08,AlarmWorkState1-DispatchRun,1004,Alarm,2026-04-07T10:34:06.9120000Z,2026-04-07T10:34:34.5900000Z,0.0,DispatchRun
SKB-TS2-INV04,AlarmWorkState1-DispatchRun,1004,Alarm,2026-04-07T10:34:07.0310000Z,2026-04-07T10:34:34.7410000Z,0.0,DispatchRun
SKB-TS1-INV01,AlarmWorkState1-DispatchRun,1004,Alarm,2026-04-07T10:35:04.6880000Z,2026-04-07T10:35:32.8430000Z,0.0,DispatchRun
SKB-TS2-INV05,AlarmWorkState1-DispatchRun,1004,Alarm,2026-04-07T10:35:05.7660000Z,2026-04-07T10:35:32.8370000Z,0.0,DispatchRun
SKB-TS1-INV03,AlarmWorkState1-DispatchRun,1004,Alarm,2026-04-07T10:35:06.7910000Z,2026-04-07T10:35:32.9790000Z,0.0,DispatchRun
SKB-TS2-INV06,AlarmWorkState1-DispatchRun,1004,Alarm,2026-04-07T10:35:06.8680000Z,2026-04-07T10:35:32.9770000Z,0.0,DispatchRun
SKB-TS2-INV02,AlarmWorkState1-DispatchRun,1004,Alarm,2026-04-07T10:35:06.9650000Z,2026-04-07T10:35:33.0150000Z,0.0,DispatchRun
SKB-TS1-INV02,AlarmWorkState1-DispatchRun,1004,Alarm,2026-04-07T10:35:07.1190000Z,2026-04-07T10:35:33.3350000Z,0.0,DispatchRun
SKB-TS2-INV08,AlarmWorkState1-DispatchRun,1004,Alarm,2026-04-07T10:35:07.1610000Z,2026-04-07T10:35:33.2930000Z,0.0,DispatchRun
SKB-TS1-INV05,AlarmWorkState1-DispatchRun,1004,Alarm,2026-04-07T10:35:07.1820000Z,2026-04-07T10:35:33.4580000Z,0.0,DispatchRun
SKB-TS2-INV04,AlarmWorkState1-DispatchRun,1004,Alarm,2026-04-07T10:35:07.2390000Z,2026-04-07T10:35:33.4280000Z,0.0,DispatchRun
SKB-TS1-INV01,AlarmWorkState1-DispatchRun,1004,Alarm,2026-04-07T10:36:33.6470000Z,2026-04-07T10:37:04.6970000Z,0.0,DispatchRun
SKB-TS2-INV04,AlarmWorkState1-DispatchRun,1004,Alarm,2026-04-07T10:36:34.1890000Z,2026-04-07T10:37:05.3220000Z,0.0,DispatchRun
SKB-TS2-INV05,AlarmWorkState1-DispatchRun,1004,Alarm,2026-04-07T10:37:32.9400000Z,2026-04-07T10:38:02.8220000Z,0.0,DispatchRun
SKB-TS2-INV06,AlarmWorkState1-DispatchRun,1004,Alarm,2026-04-07T10:37:32.9690000Z,2026-04-07T10:38:02.8980000Z,0.0,DispatchRun
SKB-TS2-INV02,AlarmWorkState1-DispatchRun,1004,Alarm,2026-04-07T10:37:32.9960000Z,2026-04-07T10:38:02.9620000Z,0.0,DispatchRun
SKB-TS2-INV03,AlarmWorkState1-DispatchRun,1004,Alarm,2026-04-07T10:37:33.0130000Z,2026-04-07T10:38:02.9850000Z,0.0,DispatchRun
SKB-TS1-INV01,AlarmWorkState1-DispatchRun,1004,Alarm,2026-04-07T10:37:35.1000000Z,2026-04-07T10:38:07.4830000Z,0.0,DispatchRun
SKB-TS2-INV08,AlarmWorkState1-DispatchRun,1004,Alarm,2026-04-07T10:37:35.1040000Z,2026-04-07T10:38:03.1440000Z,0.0,DispatchRun
SKB-TS1-INV03,AlarmWorkState1-DispatchRun,1004,Alarm,2026-04-07T10:37:35.2050000Z,2026-04-07T10:38:07.6950000Z,0.0,DispatchRun
SKB-TS2-INV04,AlarmWorkState1-DispatchRun,1004,Alarm,2026-04-07T10:37:35.2080000Z,2026-04-07T10:38:07.6630000Z,0.0,DispatchRun
SKB-TS1-INV02,AlarmWorkState1-DispatchRun,1004,Alarm,2026-04-07T10:37:35.5370000Z,2026-04-07T10:38:07.7830000Z,0.0,DispatchRun
SKB-TS1-INV05,AlarmWorkState1-DispatchRun,1004,Alarm,2026-04-07T10:37:35.5890000Z,2026-04-07T10:38:07.8260000Z,0.0,DispatchRun
SKB-TS2-INV03,AlarmWorkState1-DispatchRun,1004,Alarm,2026-04-07T10:38:33.0380000Z,2026-04-07T10:39:05.5840000Z,0.0,DispatchRun
SKB-TS2-INV04,AlarmWorkState1-DispatchRun,1004,Alarm,2026-04-07T10:38:33.3390000Z,2026-04-07T10:39:05.8390000Z,0.0,DispatchRun
SKB-TS2-INV05,AlarmWorkState1-DispatchRun,1004,Alarm,2026-04-07T10:39:35.9810000Z,2026-04-07T10:41:04.5900000Z,0.0,DispatchRun
SKB-TS1-INV01,AlarmWorkState1-DispatchRun,1004,Alarm,2026-04-07T10:39:36.0190000Z,2026-04-07T10:41:04.5760000Z,0.0,DispatchRun
SKB-TS2-INV06,AlarmWorkState1-DispatchRun,1004,Alarm,2026-04-07T10:39:36.0720000Z,2026-04-07T10:41:04.7430000Z,0.0,DispatchRun
SKB-TS1-INV03,AlarmWorkState1-DispatchRun,1004,Alarm,2026-04-07T10:39:36.1530000Z,2026-04-07T10:41:04.7250000Z,0.0,DispatchRun
SKB-TS2-INV02,AlarmWorkState1-DispatchRun,1004,Alarm,2026-04-07T10:39:36.1940000Z,2026-04-07T10:41:04.8430000Z,0.0,DispatchRun
SKB-TS2-INV03,AlarmWorkState1-DispatchRun,1004,Alarm,2026-04-07T10:39:36.2970000Z,2026-04-07T10:41:04.9810000Z,0.0,DispatchRun
SKB-TS2-INV08,AlarmWorkState1-DispatchRun,1004,Alarm,2026-04-07T10:39:36.5330000Z,2026-04-07T10:41:05.1850000Z,0.0,DispatchRun
SKB-TS1-INV02,AlarmWorkState1-DispatchRun,1004,Alarm,2026-04-07T10:39:36.5610000Z,2026-04-07T10:41:05.1590000Z,0.0,DispatchRun
SKB-TS2-INV04,AlarmWorkState1-DispatchRun,1004,Alarm,2026-04-07T10:39:36.5930000Z,2026-04-07T10:41:05.2920000Z,0.0,DispatchRun
SKB-TS1-INV05,AlarmWorkState1-DispatchRun,1004,Alarm,2026-04-07T10:39:36.6980000Z,2026-04-07T10:41:05.2510000Z,0.0,DispatchRun
SKB-TS1-INV01,AlarmWorkState1-DispatchRun,1004,Alarm,2026-04-07T10:43:33.5030000Z,2026-04-07T10:48:02.7950000Z,0.0,DispatchRun
SKB-TS2-INV05,AlarmWorkState1-DispatchRun,1004,Alarm,2026-04-07T10:43:33.5810000Z,2026-04-07T10:48:02.7880000Z,0.0,DispatchRun
SKB-TS1-INV03,AlarmWorkState1-DispatchRun,1004,Alarm,2026-04-07T10:43:33.6480000Z,2026-04-07T10:48:02.9200000Z,0.0,DispatchRun
SKB-TS2-INV06,AlarmWorkState1-DispatchRun,1004,Alarm,2026-04-07T10:43:33.6920000Z,2026-04-07T10:48:02.9190000Z,0.0,DispatchRun
SKB-TS2-INV02,AlarmWorkState1-DispatchRun,1004,Alarm,2026-04-07T10:43:33.8130000Z,2026-04-07T10:48:02.9880000Z,0.0,DispatchRun
SKB-TS2-INV03,AlarmWorkState1-DispatchRun,1004,Alarm,2026-04-07T10:43:33.9060000Z,2026-04-07T10:48:03.0640000Z,0.0,DispatchRun
SKB-TS1-INV02,AlarmWorkState1-DispatchRun,1004,Alarm,2026-04-07T10:43:34.0030000Z,2026-04-07T10:48:03.2220000Z,0.0,DispatchRun
SKB-TS2-INV08,AlarmWorkState1-DispatchRun,1004,Alarm,2026-04-07T10:43:34.0190000Z,2026-04-07T10:48:03.1920000Z,0.0,DispatchRun
SKB-TS1-INV05,AlarmWorkState1-DispatchRun,1004,Alarm,2026-04-07T10:43:34.1180000Z,2026-04-07T10:48:03.3440000Z,0.0,DispatchRun
SKB-TS2-INV04,AlarmWorkState1-DispatchRun,1004,Alarm,2026-04-07T10:43:34.1420000Z,2026-04-07T10:48:03.2630000Z,0.0,DispatchRun
SKB-TS1-INV01,AlarmWorkState1-DispatchRun,1004,Alarm,2026-04-07T10:49:34.5440000Z,2026-04-07T10:50:04.5460000Z,0.0,DispatchRun
SKB-TS2-INV05,AlarmWorkState1-DispatchRun,1004,Alarm,2026-04-07T10:49:34.6700000Z,2026-04-07T10:50:04.5180000Z,0.0,DispatchRun
SKB-TS1-INV03,AlarmWorkState1-DispatchRun,1004,Alarm,2026-04-07T10:49:34.6840000Z,2026-04-07T10:50:04.7410000Z,0.0,DispatchRun
SKB-TS1-INV02,AlarmWorkState1-DispatchRun,1004,Alarm,2026-04-07T10:49:34.9800000Z,2026-04-07T10:50:05.0420000Z,0.0,DispatchRun
SKB-TS2-INV08,AlarmWorkState1-DispatchRun,1004,Alarm,2026-04-07T10:49:35.0210000Z,2026-04-07T10:50:05.0190000Z,0.0,DispatchRun
SKB-TS1-INV05,AlarmWorkState1-DispatchRun,1004,Alarm,2026-04-07T10:49:35.0690000Z,2026-04-07T10:50:05.1150000Z,0.0,DispatchRun
SKB-TS1-INV01,AlarmWorkState1-DispatchRun,1004,Alarm,2026-04-07T10:53:04.7590000Z,2026-04-07T11:00:05.2190000Z,0.0,DispatchRun
SKB-TS2-INV05,AlarmWorkState1-DispatchRun,1004,Alarm,2026-04-07T10:53:04.7990000Z,2026-04-07T11:00:05.2740000Z,0.0,DispatchRun
SKB-TS1-INV03,AlarmWorkState1-DispatchRun,1004,Alarm,2026-04-07T10:53:04.8360000Z,2026-04-07T11:00:05.3710000Z,0.0,DispatchRun
SKB-TS2-INV02,AlarmWorkState1-DispatchRun,1004,Alarm,2026-04-07T10:53:05.0080000Z,2026-04-07T11:00:05.5240000Z,0.0,DispatchRun
SKB-TS2-INV03,AlarmWorkState1-DispatchRun,1004,Alarm,2026-04-07T10:53:05.1380000Z,2026-04-07T11:00:05.6360000Z,0.0,DispatchRun
SKB-TS1-INV02,AlarmWorkState1-DispatchRun,1004,Alarm,2026-04-07T10:53:05.2700000Z,2026-04-07T11:00:05.7580000Z,0.0,DispatchRun
SKB-TS1-INV05,AlarmWorkState1-DispatchRun,1004,Alarm,2026-04-07T10:53:05.3730000Z,2026-04-07T11:00:05.8650000Z,0.0,DispatchRun
SKB-TS2-INV04,AlarmWorkState1-DispatchRun,1004,Alarm,2026-04-07T10:53:06.1970000Z,2026-04-07T11:00:05.8640000Z,0.0,DispatchRun
SKB-TS2-INV06,AlarmWorkState1-DispatchRun,1004,Alarm,2026-04-07T10:53:32.9680000Z,2026-04-07T11:00:05.4230000Z,0.0,DispatchRun
SKB-TS2-INV08,AlarmWorkState1-DispatchRun,1004,Alarm,2026-04-07T10:53:34.2260000Z,2026-04-07T11:00:05.7630000Z,0.0,DispatchRun
SKB-TS2-INV05,AlarmWorkState1-DispatchRun,1004,Alarm,2026-04-07T11:00:33.7250000Z,2026-04-07T11:03:36.3480000Z,0.0,DispatchRun
SKB-TS2-INV06,AlarmWorkState1-DispatchRun,1004,Alarm,2026-04-07T11:00:35.0740000Z,2026-04-07T11:03:36.5500000Z,0.0,DispatchRun
SKB-TS1-INV01,AlarmWorkState1-DispatchRun,1004,Alarm,2026-04-07T11:00:36.0710000Z,2026-04-07T11:03:36.3790000Z,0.0,DispatchRun
SKB-TS2-INV02,AlarmWorkState1-DispatchRun,1004,Alarm,2026-04-07T11:00:36.0910000Z,2026-04-07T11:03:36.6660000Z,0.0,DispatchRun
SKB-TS1-INV03,AlarmWorkState1-DispatchRun,1004,Alarm,2026-04-07T11:00:36.1610000Z,2026-04-07T11:03:36.6050000Z,0.0,DispatchRun
SKB-TS2-INV03,AlarmWorkState1-DispatchRun,1004,Alarm,2026-04-07T11:00:36.1870000Z,2026-04-07T11:03:36.7670000Z,0.0,DispatchRun
SKB-TS2-INV08,AlarmWorkState1-DispatchRun,1004,Alarm,2026-04-07T11:00:36.3390000Z,2026-04-07T11:03:36.9930000Z,0.0,DispatchRun
SKB-TS2-INV04,AlarmWorkState1-DispatchRun,1004,Alarm,2026-04-07T11:00:36.4370000Z,2026-04-07T11:03:37.0660000Z,0.0,DispatchRun
SKB-TS1-INV05,AlarmWorkState1-DispatchRun,1004,Alarm,2026-04-07T11:00:36.6240000Z,2026-04-07T11:03:37.1650000Z,0.0,DispatchRun
SKB-TS1-INV02,AlarmWorkState1-DispatchRun,1004,Alarm,2026-04-07T11:01:07.0860000Z,2026-04-07T11:03:37.0270000Z,0.0,DispatchRun
SKB-TS1-INV01,AlarmWorkState1-DispatchRun,1004,Alarm,2026-04-07T11:05:03.0610000Z,2026-04-07T11:06:05.7680000Z,0.0,DispatchRun
SKB-TS1-INV03,AlarmWorkState1-DispatchRun,1004,Alarm,2026-04-07T11:05:03.1580000Z,2026-04-07T11:06:05.9070000Z,0.0,DispatchRun
SKB-TS1-INV05,AlarmWorkState1-DispatchRun,1004,Alarm,2026-04-07T11:05:03.4500000Z,2026-04-07T11:06:06.3200000Z,0.0,DispatchRun
SKB-TS2-INV05,AlarmWorkState1-DispatchRun,1004,Alarm,2026-04-07T11:05:04.1440000Z,2026-04-07T11:06:05.9270000Z,0.0,DispatchRun
SKB-TS2-INV06,AlarmWorkState1-DispatchRun,1004,Alarm,2026-04-07T11:05:04.1700000Z,2026-04-07T11:06:06.0380000Z,0.0,DispatchRun
SKB-TS2-INV02,AlarmWorkState1-DispatchRun,1004,Alarm,2026-04-07T11:05:04.2020000Z,2026-04-07T11:06:06.1660000Z,0.0,DispatchRun
SKB-TS2-INV03,AlarmWorkState1-DispatchRun,1004,Alarm,2026-04-07T11:05:04.2250000Z,2026-04-07T11:06:06.2080000Z,0.0,DispatchRun
SKB-TS2-INV08,AlarmWorkState1-DispatchRun,1004,Alarm,2026-04-07T11:05:04.3730000Z,2026-04-07T11:06:06.3180000Z,0.0,DispatchRun
SKB-TS2-INV04,AlarmWorkState1-DispatchRun,1004,Alarm,2026-04-07T11:05:04.4810000Z,2026-04-07T11:06:06.4290000Z,0.0,DispatchRun
SKB-TS1-INV02,AlarmWorkState1-DispatchRun,1004,Alarm,2026-04-07T11:05:33.4690000Z,2026-04-07T11:06:06.2770000Z,0.0,DispatchRun
SKB-TS2-INV05,AlarmWorkState1-DispatchRun,1004,Alarm,2026-04-07T11:08:04.3380000Z,2026-04-07T11:08:32.9090000Z,0.0,DispatchRun
SKB-TS2-INV06,AlarmWorkState1-DispatchRun,1004,Alarm,2026-04-07T11:08:05.3610000Z,2026-04-07T11:08:33.0980000Z,0.0,DispatchRun
SKB-TS2-INV02,AlarmWorkState1-DispatchRun,1004,Alarm,2026-04-07T11:08:06.3660000Z,2026-04-07T11:08:33.2110000Z,0.0,DispatchRun
SKB-TS1-INV01,AlarmWorkState1-DispatchRun,1004,Alarm,2026-04-07T11:08:06.3810000Z,2026-04-07T11:08:32.9470000Z,0.0,DispatchRun
SKB-TS2-INV03,AlarmWorkState1-DispatchRun,1004,Alarm,2026-04-07T11:08:06.5020000Z,2026-04-07T11:08:33.3570000Z,0.0,DispatchRun
SKB-TS1-INV03,AlarmWorkState1-DispatchRun,1004,Alarm,2026-04-07T11:08:06.5150000Z,2026-04-07T11:08:33.0960000Z,0.0,DispatchRun
SKB-TS2-INV08,AlarmWorkState1-DispatchRun,1004,Alarm,2026-04-07T11:08:06.6920000Z,2026-04-07T11:08:33.5650000Z,0.0,DispatchRun
SKB-TS2-INV04,AlarmWorkState1-DispatchRun,1004,Alarm,2026-04-07T11:08:06.7780000Z,2026-04-07T11:08:33.6720000Z,0.0,DispatchRun
SKB-TS1-INV02,AlarmWorkState1-DispatchRun,1004,Alarm,2026-04-07T11:08:06.8610000Z,2026-04-07T11:08:33.5320000Z,0.0,DispatchRun
SKB-TS1-INV05,AlarmWorkState1-DispatchRun,1004,Alarm,2026-04-07T11:08:06.9070000Z,2026-04-07T11:08:33.6360000Z,0.0,DispatchRun
SKB-TS1-INV01,AlarmWorkState1-DispatchRun,1004,Alarm,2026-04-07T11:09:33.6630000Z,2026-04-07T11:10:33.9350000Z,0.0,DispatchRun
SKB-TS2-INV05,AlarmWorkState1-DispatchRun,1004,Alarm,2026-04-07T11:09:33.7130000Z,2026-04-07T11:10:34.0740000Z,0.0,DispatchRun
SKB-TS1-INV03,AlarmWorkState1-DispatchRun,1004,Alarm,2026-04-07T11:09:33.7540000Z,2026-04-07T11:10:34.0780000Z,0.0,DispatchRun
SKB-TS2-INV06,AlarmWorkState1-DispatchRun,1004,Alarm,2026-04-07T11:09:33.8120000Z,2026-04-07T11:10:34.1490000Z,0.0,DispatchRun
SKB-TS2-INV02,AlarmWorkState1-DispatchRun,1004,Alarm,2026-04-07T11:09:33.8900000Z,2026-04-07T11:10:34.2080000Z,0.0,DispatchRun
SKB-TS2-INV03,AlarmWorkState1-DispatchRun,1004,Alarm,2026-04-07T11:09:34.0250000Z,2026-04-07T11:10:34.3000000Z,0.0,DispatchRun
SKB-TS1-INV02,AlarmWorkState1-DispatchRun,1004,Alarm,2026-04-07T11:09:34.1590000Z,2026-04-07T11:10:34.4300000Z,0.0,DispatchRun
SKB-TS2-INV08,AlarmWorkState1-DispatchRun,1004,Alarm,2026-04-07T11:09:34.1760000Z,2026-04-07T11:10:34.5170000Z,0.0,DispatchRun
SKB-TS1-INV05,AlarmWorkState1-DispatchRun,1004,Alarm,2026-04-07T11:09:34.2600000Z,2026-04-07T11:10:34.5250000Z,0.0,DispatchRun
SKB-TS2-INV04,AlarmWorkState1-DispatchRun,1004,Alarm,2026-04-07T11:09:34.3010000Z,2026-04-07T11:10:35.6500000Z,0.0,DispatchRun
SKB-TS2-INV05,AlarmWorkState1-DispatchRun,1004,Alarm,2026-04-07T11:11:03.6460000Z,2026-04-07T11:12:33.9090000Z,0.0,DispatchRun
SKB-TS1-INV01,AlarmWorkState1-DispatchRun,1004,Alarm,2026-04-07T11:11:04.6470000Z,2026-04-07T11:12:32.8460000Z,0.0,DispatchRun
SKB-TS2-INV06,AlarmWorkState1-DispatchRun,1004,Alarm,2026-04-07T11:11:05.6700000Z,2026-04-07T11:12:34.0660000Z,0.0,DispatchRun
SKB-TS1-INV03,AlarmWorkState1-DispatchRun,1004,Alarm,2026-04-07T11:11:05.6920000Z,2026-04-07T11:12:33.9340000Z,0.0,DispatchRun
SKB-TS2-INV02,AlarmWorkState1-DispatchRun,1004,Alarm,2026-04-07T11:11:05.7330000Z,2026-04-07T11:12:34.1730000Z,0.0,DispatchRun
SKB-TS2-INV03,AlarmWorkState1-DispatchRun,1004,Alarm,2026-04-07T11:11:05.8620000Z,2026-04-07T11:12:34.2620000Z,0.0,DispatchRun
SKB-TS2-INV08,AlarmWorkState1-DispatchRun,1004,Alarm,2026-04-07T11:11:06.0460000Z,2026-04-07T11:12:34.4170000Z,0.0,DispatchRun
SKB-TS1-INV02,AlarmWorkState1-DispatchRun,1004,Alarm,2026-04-07T11:11:06.0700000Z,2026-04-07T11:12:34.3240000Z,0.0,DispatchRun
SKB-TS2-INV04,AlarmWorkState1-DispatchRun,1004,Alarm,2026-04-07T11:11:06.1670000Z,2026-04-07T11:12:06.9170000Z,0.0,DispatchRun
SKB-TS1-INV05,AlarmWorkState1-DispatchRun,1004,Alarm,2026-04-07T11:11:06.1750000Z,2026-04-07T11:12:06.8820000Z,0.0,DispatchRun
SKB-TS1-INV01,AlarmWorkState1-DispatchRun,1004,Alarm,2026-04-07T11:13:34.6750000Z,2026-04-07T11:27:35.0000000Z,0.0,DispatchRun
SKB-TS1-INV03,AlarmWorkState1-DispatchRun,1004,Alarm,2026-04-07T11:13:34.8180000Z,2026-04-07T11:27:35.0810000Z,0.0,DispatchRun
SKB-TS2-INV05,AlarmWorkState1-DispatchRun,1004,Alarm,2026-04-07T11:13:34.8190000Z,2026-04-07T11:27:35.0530000Z,0.0,DispatchRun
SKB-TS2-INV06,AlarmWorkState1-DispatchRun,1004,Alarm,2026-04-07T11:13:34.9430000Z,2026-04-07T11:27:35.1890000Z,0.0,DispatchRun
SKB-TS2-INV02,AlarmWorkState1-DispatchRun,1004,Alarm,2026-04-07T11:13:35.0280000Z,2026-04-07T11:27:35.2780000Z,0.0,DispatchRun
SKB-TS2-INV03,AlarmWorkState1-DispatchRun,1004,Alarm,2026-04-07T11:13:35.1100000Z,2026-04-07T11:27:35.4080000Z,0.0,DispatchRun
SKB-TS1-INV02,AlarmWorkState1-DispatchRun,1004,Alarm,2026-04-07T11:13:35.2480000Z,2026-04-07T11:27:35.5130000Z,0.0,DispatchRun
SKB-TS1-INV05,AlarmWorkState1-DispatchRun,1004,Alarm,2026-04-07T11:13:35.3200000Z,2026-04-07T11:27:35.6420000Z,0.0,DispatchRun
SKB-TS2-INV08,AlarmWorkState1-DispatchRun,1004,Alarm,2026-04-07T11:13:35.3310000Z,2026-04-07T11:27:35.6090000Z,0.0,DispatchRun
SKB-TS2-INV04,AlarmWorkState1-DispatchRun,1004,Alarm,2026-04-07T11:13:36.5450000Z,2026-04-07T11:27:35.7320000Z,0.0,DispatchRun
SKB-TS1-INV02,AlarmWorkState1-AlarmRun,1001,Alarm,2026-04-07T11:27:35.5130000Z,2026-04-07T11:30:08.0900000Z,0.0,AlarmRun
SKB-TS1-INV01,AlarmWorkState1-DispatchRun,1004,Alarm,2026-04-07T11:30:06.4490000Z,2026-04-07T11:30:32.8430000Z,0.0,DispatchRun
SKB-TS2-INV05,AlarmWorkState1-DispatchRun,1004,Alarm,2026-04-07T11:30:07.5200000Z,2026-04-07T11:30:32.9230000Z,0.0,DispatchRun
SKB-TS1-INV03,AlarmWorkState1-DispatchRun,1004,Alarm,2026-04-07T11:30:07.5730000Z,2026-04-07T11:30:33.7330000Z,0.0,DispatchRun
SKB-TS2-INV06,AlarmWorkState1-DispatchRun,1004,Alarm,2026-04-07T11:30:07.6890000Z,2026-04-07T11:30:33.7920000Z,0.0,DispatchRun
SKB-TS2-INV02,AlarmWorkState1-DispatchRun,1004,Alarm,2026-04-07T11:30:07.8760000Z,2026-04-07T11:30:33.9270000Z,0.0,DispatchRun
SKB-TS2-INV03,AlarmWorkState1-DispatchRun,1004,Alarm,2026-04-07T11:30:07.9640000Z,2026-04-07T11:30:34.0340000Z,0.0,DispatchRun
SKB-TS1-INV02,AlarmWorkState1-DispatchRun,1004,Alarm,2026-04-07T11:30:08.0900000Z,2026-04-07T11:30:34.2930000Z,0.0,DispatchRun
SKB-TS2-INV08,AlarmWorkState1-DispatchRun,1004,Alarm,2026-04-07T11:30:08.1770000Z,2026-04-07T11:30:34.3390000Z,0.0,DispatchRun
SKB-TS1-INV05,AlarmWorkState1-DispatchRun,1004,Alarm,2026-04-07T11:30:08.1850000Z,2026-04-07T11:30:34.3970000Z,0.0,DispatchRun
SKB-TS2-INV04,AlarmWorkState1-DispatchRun,1004,Alarm,2026-04-07T11:30:08.3180000Z,2026-04-07T11:30:34.4230000Z,0.0,DispatchRun
SKB-TS1-INV02,AlarmWorkState1-AlarmRun,1001,Alarm,2026-04-07T11:30:34.2930000Z,2026-04-07T11:31:03.4050000Z,0.0,AlarmRun
SKB-TS1-INV01,AlarmWorkState1-DispatchRun,1004,Alarm,2026-04-07T11:31:02.8260000Z,2026-04-07T11:36:05.5260000Z,0.0,DispatchRun
SKB-TS2-INV05,AlarmWorkState1-DispatchRun,1004,Alarm,2026-04-07T11:31:02.9380000Z,2026-04-07T11:36:04.5180000Z,0.0,DispatchRun
SKB-TS1-INV03,AlarmWorkState1-DispatchRun,1004,Alarm,2026-04-07T11:31:02.9620000Z,2026-04-07T11:36:07.5420000Z,0.0,DispatchRun
SKB-TS2-INV06,AlarmWorkState1-DispatchRun,1004,Alarm,2026-04-07T11:31:03.0970000Z,2026-04-07T11:36:06.5470000Z,0.0,DispatchRun
SKB-TS2-INV02,AlarmWorkState1-DispatchRun,1004,Alarm,2026-04-07T11:31:03.1870000Z,2026-04-07T11:36:07.6550000Z,0.0,DispatchRun
SKB-TS2-INV03,AlarmWorkState1-DispatchRun,1004,Alarm,2026-04-07T11:31:03.3210000Z,2026-04-07T11:36:07.7810000Z,0.0,DispatchRun
SKB-TS1-INV02,AlarmWorkState1-DispatchRun,1004,Alarm,2026-04-07T11:31:03.4050000Z,2026-04-07T11:36:07.9420000Z,0.0,DispatchRun
SKB-TS1-INV05,AlarmWorkState1-DispatchRun,1004,Alarm,2026-04-07T11:31:03.5100000Z,2026-04-07T11:36:08.0140000Z,0.0,DispatchRun
SKB-TS2-INV08,AlarmWorkState1-DispatchRun,1004,Alarm,2026-04-07T11:31:03.5320000Z,2026-04-07T11:36:07.9350000Z,0.0,DispatchRun
SKB-TS2-INV04,AlarmWorkState1-DispatchRun,1004,Alarm,2026-04-07T11:31:03.6270000Z,2026-04-07T11:36:08.0050000Z,0.0,DispatchRun
SKB-TS1-INV02,AlarmWorkState1-AlarmRun,1001,Alarm,2026-04-07T11:36:07.9420000Z,2026-04-07T11:37:05.8720000Z,0.0,AlarmRun
SKB-TS2-INV05,AlarmWorkState1-DispatchRun,1004,Alarm,2026-04-07T11:40:35.9830000Z,2026-04-07T11:41:02.8730000Z,0.0,DispatchRun
SKB-TS1-INV01,AlarmWorkState1-DispatchRun,1004,Alarm,2026-04-07T11:40:37.0240000Z,2026-04-07T11:41:02.8480000Z,0.0,DispatchRun
SKB-TS2-INV06,AlarmWorkState1-DispatchRun,1004,Alarm,2026-04-07T11:40:37.0450000Z,2026-04-07T11:41:02.9680000Z,0.0,DispatchRun
SKB-TS1-INV03,AlarmWorkState1-DispatchRun,1004,Alarm,2026-04-07T11:40:37.1580000Z,2026-04-07T11:41:02.9540000Z,0.0,DispatchRun
SKB-TS2-INV02,AlarmWorkState1-DispatchRun,1004,Alarm,2026-04-07T11:40:37.1600000Z,2026-04-07T11:41:03.0930000Z,0.0,DispatchRun
SKB-TS2-INV03,AlarmWorkState1-DispatchRun,1004,Alarm,2026-04-07T11:40:37.3110000Z,2026-04-07T11:41:03.2080000Z,0.0,DispatchRun
SKB-TS2-INV08,AlarmWorkState1-DispatchRun,1004,Alarm,2026-04-07T11:40:37.4270000Z,2026-04-07T11:41:03.4100000Z,0.0,DispatchRun
SKB-TS2-INV04,AlarmWorkState1-DispatchRun,1004,Alarm,2026-04-07T11:40:37.5320000Z,2026-04-07T11:41:03.6060000Z,0.0,DispatchRun
SKB-TS1-INV02,AlarmWorkState1-DispatchRun,1004,Alarm,2026-04-07T11:40:37.5340000Z,2026-04-07T11:41:03.4030000Z,0.0,DispatchRun
SKB-TS1-INV05,AlarmWorkState1-DispatchRun,1004,Alarm,2026-04-07T11:40:37.5780000Z,2026-04-07T11:41:03.5950000Z,0.0,DispatchRun
SKB-TS1-INV01,AlarmWorkState1-DispatchRun,1004,Alarm,2026-04-07T11:41:34.7180000Z,2026-04-07T11:42:34.1120000Z,0.0,DispatchRun
SKB-TS2-INV05,AlarmWorkState1-DispatchRun,1004,Alarm,2026-04-07T11:41:34.7350000Z,2026-04-07T11:42:34.1260000Z,0.0,DispatchRun
SKB-TS1-INV03,AlarmWorkState1-DispatchRun,1004,Alarm,2026-04-07T11:41:34.8670000Z,2026-04-07T11:42:34.2990000Z,0.0,DispatchRun
SKB-TS2-INV06,AlarmWorkState1-DispatchRun,1004,Alarm,2026-04-07T11:41:34.8720000Z,2026-04-07T11:42:34.3290000Z,0.0,DispatchRun
SKB-TS2-INV02,AlarmWorkState1-DispatchRun,1004,Alarm,2026-04-07T11:41:34.9170000Z,2026-04-07T11:42:34.4060000Z,0.0,DispatchRun
SKB-TS2-INV03,AlarmWorkState1-DispatchRun,1004,Alarm,2026-04-07T11:41:35.0590000Z,2026-04-07T11:42:34.5110000Z,0.0,DispatchRun
SKB-TS2-INV08,AlarmWorkState1-DispatchRun,1004,Alarm,2026-04-07T11:41:35.1640000Z,2026-04-07T11:42:34.7390000Z,0.0,DispatchRun
SKB-TS1-INV02,AlarmWorkState1-DispatchRun,1004,Alarm,2026-04-07T11:41:35.2110000Z,2026-04-07T11:42:34.7400000Z,0.0,DispatchRun
SKB-TS2-INV04,AlarmWorkState1-DispatchRun,1004,Alarm,2026-04-07T11:41:35.2590000Z,2026-04-07T11:42:34.8490000Z,0.0,DispatchRun
SKB-TS1-INV05,AlarmWorkState1-DispatchRun,1004,Alarm,2026-04-07T11:41:35.3150000Z,2026-04-07T11:42:34.8510000Z,0.0,DispatchRun
SKB-TS2-INV05,AlarmWorkState1-DispatchRun,1004,Alarm,2026-04-07T11:43:04.4230000Z,2026-04-07T11:44:07.1290000Z,0.0,DispatchRun
SKB-TS1-INV01,AlarmWorkState1-DispatchRun,1004,Alarm,2026-04-07T11:43:04.5520000Z,2026-04-07T11:44:07.1880000Z,0.0,DispatchRun
SKB-TS2-INV06,AlarmWorkState1-DispatchRun,1004,Alarm,2026-04-07T11:43:04.6130000Z,2026-04-07T11:44:07.2720000Z,0.0,DispatchRun
SKB-TS1-INV03,AlarmWorkState1-DispatchRun,1004,Alarm,2026-04-07T11:43:04.6630000Z,2026-04-07T11:44:07.3300000Z,0.0,DispatchRun
SKB-TS2-INV02,AlarmWorkState1-DispatchRun,1004,Alarm,2026-04-07T11:43:04.6860000Z,2026-04-07T11:44:07.4060000Z,0.0,DispatchRun
SKB-TS2-INV03,AlarmWorkState1-DispatchRun,1004,Alarm,2026-04-07T11:43:04.8370000Z,2026-04-07T11:44:07.5120000Z,0.0,DispatchRun
SKB-TS2-INV08,AlarmWorkState1-DispatchRun,1004,Alarm,2026-04-07T11:43:04.9440000Z,2026-04-07T11:44:07.7400000Z,0.0,DispatchRun
SKB-TS1-INV02,AlarmWorkState1-DispatchRun,1004,Alarm,2026-04-07T11:43:05.0310000Z,2026-04-07T11:44:07.7700000Z,0.0,DispatchRun
SKB-TS2-INV04,AlarmWorkState1-DispatchRun,1004,Alarm,2026-04-07T11:43:05.0760000Z,2026-04-07T11:44:07.8350000Z,0.0,DispatchRun
SKB-TS1-INV05,AlarmWorkState1-DispatchRun,1004,Alarm,2026-04-07T11:43:05.1250000Z,2026-04-07T11:44:07.8960000Z,0.0,DispatchRun
SKB-TS2-INV05,AlarmWorkState1-DispatchRun,1004,Alarm,2026-04-07T11:44:35.0430000Z,2026-04-07T11:45:05.5290000Z,0.0,DispatchRun
SKB-TS2-INV06,AlarmWorkState1-DispatchRun,1004,Alarm,2026-04-07T11:44:35.1730000Z,2026-04-07T11:45:05.6490000Z,0.0,DispatchRun
SKB-TS1-INV01,AlarmWorkState1-DispatchRun,1004,Alarm,2026-04-07T11:44:35.1740000Z,2026-04-07T11:45:03.5240000Z,0.0,DispatchRun
SKB-TS2-INV02,AlarmWorkState1-DispatchRun,1004,Alarm,2026-04-07T11:44:35.2780000Z,2026-04-07T11:45:05.7380000Z,0.0,DispatchRun
SKB-TS1-INV03,AlarmWorkState1-DispatchRun,1004,Alarm,2026-04-07T11:44:35.2800000Z,2026-04-07T11:45:05.4400000Z,0.0,DispatchRun
SKB-TS2-INV03,AlarmWorkState1-DispatchRun,1004,Alarm,2026-04-07T11:44:35.3650000Z,2026-04-07T11:45:05.8300000Z,0.0,DispatchRun
SKB-TS2-INV08,AlarmWorkState1-DispatchRun,1004,Alarm,2026-04-07T11:44:35.4940000Z,2026-04-07T11:45:05.9900000Z,0.0,DispatchRun
SKB-TS1-INV02,AlarmWorkState1-DispatchRun,1004,Alarm,2026-04-07T11:44:35.6180000Z,2026-04-07T11:45:05.9260000Z,0.0,DispatchRun
SKB-TS2-INV04,AlarmWorkState1-DispatchRun,1004,Alarm,2026-04-07T11:44:35.6190000Z,2026-04-07T11:45:06.0760000Z,0.0,DispatchRun
SKB-TS1-INV05,AlarmWorkState1-DispatchRun,1004,Alarm,2026-04-07T11:44:35.7240000Z,2026-04-07T11:45:05.9920000Z,0.0,DispatchRun
SKB-TS1-INV01,AlarmWorkState1-DispatchRun,1004,Alarm,2026-04-07T11:56:04.5300000Z,2026-04-07T11:56:35.5310000Z,0.0,DispatchRun
SKB-TS1-INV03,AlarmWorkState1-DispatchRun,1004,Alarm,2026-04-07T11:56:04.6640000Z,2026-04-07T11:56:35.6700000Z,0.0,DispatchRun
SKB-TS2-INV05,AlarmWorkState1-DispatchRun,1004,Alarm,2026-04-07T11:56:04.7120000Z,2026-04-07T11:56:33.5040000Z,0.0,DispatchRun
SKB-TS2-INV06,AlarmWorkState1-DispatchRun,1004,Alarm,2026-04-07T11:56:04.8220000Z,2026-04-07T11:56:35.6030000Z,0.0,DispatchRun
SKB-TS2-INV02,AlarmWorkState1-DispatchRun,1004,Alarm,2026-04-07T11:56:04.8770000Z,2026-04-07T11:56:35.7000000Z,0.0,DispatchRun
SKB-TS2-INV03,AlarmWorkState1-DispatchRun,1004,Alarm,2026-04-07T11:56:04.9600000Z,2026-04-07T11:56:35.8260000Z,0.0,DispatchRun
SKB-TS1-INV02,AlarmWorkState1-DispatchRun,1004,Alarm,2026-04-07T11:56:05.0220000Z,2026-04-07T11:56:36.2200000Z,0.0,DispatchRun
SKB-TS1-INV05,AlarmWorkState1-DispatchRun,1004,Alarm,2026-04-07T11:56:05.1300000Z,2026-04-07T11:56:36.2990000Z,0.0,DispatchRun
SKB-TS2-INV08,AlarmWorkState1-DispatchRun,1004,Alarm,2026-04-07T11:56:05.1770000Z,2026-04-07T11:56:36.0660000Z,0.0,DispatchRun
SKB-TS2-INV04,AlarmWorkState1-DispatchRun,1004,Alarm,2026-04-07T11:56:05.3040000Z,2026-04-07T11:56:36.2270000Z,0.0,DispatchRun
SKB-TS1-INV01,AlarmWorkState1-DispatchRun,1004,Alarm,2026-04-07T11:57:33.7180000Z,2026-04-07T11:58:07.7070000Z,0.0,DispatchRun
SKB-TS2-INV05,AlarmWorkState1-DispatchRun,1004,Alarm,2026-04-07T11:57:33.8680000Z,2026-04-07T11:58:06.6660000Z,0.0,DispatchRun
SKB-TS1-INV03,AlarmWorkState1-DispatchRun,1004,Alarm,2026-04-07T11:57:33.8960000Z,2026-04-07T11:58:07.8050000Z,0.0,DispatchRun
SKB-TS2-INV06,AlarmWorkState1-DispatchRun,1004,Alarm,2026-04-07T11:57:33.9640000Z,2026-04-07T11:58:07.7190000Z,0.0,DispatchRun
SKB-TS2-INV02,AlarmWorkState1-DispatchRun,1004,Alarm,2026-04-07T11:57:34.0500000Z,2026-04-07T11:58:07.8540000Z,0.0,DispatchRun
SKB-TS2-INV03,AlarmWorkState1-DispatchRun,1004,Alarm,2026-04-07T11:57:34.1210000Z,2026-04-07T11:58:07.9120000Z,0.0,DispatchRun
SKB-TS2-INV08,AlarmWorkState1-DispatchRun,1004,Alarm,2026-04-07T11:57:34.3170000Z,2026-04-07T11:58:08.1280000Z,0.0,DispatchRun
SKB-TS1-INV05,AlarmWorkState1-DispatchRun,1004,Alarm,2026-04-07T11:57:34.3260000Z,2026-04-07T11:58:08.3340000Z,0.0,DispatchRun
SKB-TS2-INV04,AlarmWorkState1-DispatchRun,1004,Alarm,2026-04-07T11:57:35.1960000Z,2026-04-07T11:58:08.2450000Z,0.0,DispatchRun
SKB-TS1-INV02,AlarmWorkState1-AlarmRun,1001,Alarm,2026-04-08T10:19:34.3950000Z,2026-04-08T10:27:37.0520000Z,0.0,AlarmRun
SKB-TS1-INV01,AlarmWorkState1-DispatchRun,1004,Alarm,2026-04-08T10:27:36.1280000Z,2026-04-08T10:28:33.4560000Z,0.0,DispatchRun
SKB-TS1-INV03,AlarmWorkState1-DispatchRun,1004,Alarm,2026-04-08T10:27:36.7100000Z,2026-04-08T10:28:34.4010000Z,0.0,DispatchRun
SKB-TS2-INV05,AlarmWorkState1-DispatchRun,1004,Alarm,2026-04-08T10:27:36.7100000Z,2026-04-08T10:28:34.1940000Z,0.0,DispatchRun
SKB-TS2-INV06,AlarmWorkState1-DispatchRun,1004,Alarm,2026-04-08T10:27:36.8680000Z,2026-04-08T10:28:35.7390000Z,0.0,DispatchRun
SKB-TS2-INV02,AlarmWorkState1-DispatchRun,1004,Alarm,2026-04-08T10:27:36.9090000Z,2026-04-08T10:28:35.8670000Z,0.0,DispatchRun
SKB-TS2-INV03,AlarmWorkState1-DispatchRun,1004,Alarm,2026-04-08T10:27:36.9880000Z,2026-04-08T10:28:35.9720000Z,0.0,DispatchRun
SKB-TS1-INV02,AlarmWorkState1-DispatchRun,1004,Alarm,2026-04-08T10:27:37.0520000Z,2026-04-08T10:28:36.8190000Z,0.0,DispatchRun
SKB-TS1-INV05,AlarmWorkState1-DispatchRun,1004,Alarm,2026-04-08T10:27:37.1650000Z,2026-04-08T10:28:36.9780000Z,0.0,DispatchRun
SKB-TS2-INV08,AlarmWorkState1-DispatchRun,1004,Alarm,2026-04-08T10:27:37.1670000Z,2026-04-08T10:28:36.9150000Z,0.0,DispatchRun
SKB-TS2-INV04,AlarmWorkState1-DispatchRun,1004,Alarm,2026-04-08T10:27:37.2700000Z,2026-04-08T10:28:37.0320000Z,0.0,DispatchRun
SKB-TS1-INV02,AlarmWorkState1-AlarmRun,1001,Alarm,2026-04-08T10:28:36.8190000Z,2026-04-08T10:51:34.4610000Z,0.0,AlarmRun
SKB-TS2-INV04,AlarmWorkState1-DispatchRun,1004,Alarm,2026-04-08T10:51:03.3110000Z,2026-04-08T10:52:05.6070000Z,0.0,DispatchRun
SKB-TS1-INV01,AlarmWorkState1-DispatchRun,1004,Alarm,2026-04-08T10:51:03.3420000Z,2026-04-08T10:52:05.0190000Z,0.0,DispatchRun
SKB-TS1-INV03,AlarmWorkState1-DispatchRun,1004,Alarm,2026-04-08T10:51:34.1470000Z,2026-04-08T10:52:05.1330000Z,0.0,DispatchRun
SKB-TS2-INV02,AlarmWorkState1-DispatchRun,1004,Alarm,2026-04-08T10:51:34.2980000Z,2026-04-08T10:52:05.2550000Z,0.0,DispatchRun
SKB-TS1-INV02,AlarmWorkState1-DispatchRun,1004,Alarm,2026-04-08T10:51:34.4610000Z,2026-04-08T10:52:05.4920000Z,0.0,DispatchRun
SKB-TS2-INV08,AlarmWorkState1-DispatchRun,1004,Alarm,2026-04-08T10:51:34.4980000Z,2026-04-08T10:52:05.5020000Z,0.0,DispatchRun
SKB-TS1-INV05,AlarmWorkState1-DispatchRun,1004,Alarm,2026-04-08T10:51:34.6010000Z,2026-04-08T10:52:05.5920000Z,0.0,DispatchRun
SKB-TS1-INV02,AlarmWorkState1-AlarmRun,1001,Alarm,2026-04-08T10:52:05.4920000Z,2026-04-08T11:01:06.4820000Z,0.0,AlarmRun
SKB-TS1-INV01,AlarmWorkState1-DispatchRun,1004,Alarm,2026-04-08T11:01:06.0340000Z,2026-04-08T11:06:36.3170000Z,0.0,DispatchRun
SKB-TS2-INV05,AlarmWorkState1-DispatchRun,1004,Alarm,2026-04-08T11:01:06.0810000Z,2026-04-08T11:07:03.2850000Z,0.0,DispatchRun
SKB-TS1-INV03,AlarmWorkState1-DispatchRun,1004,Alarm,2026-04-08T11:01:06.0990000Z,2026-04-08T11:06:36.4340000Z,0.0,DispatchRun
SKB-TS2-INV06,AlarmWorkState1-DispatchRun,1004,Alarm,2026-04-08T11:01:06.1760000Z,2026-04-08T11:07:03.4770000Z,0.0,DispatchRun
SKB-TS2-INV02,AlarmWorkState1-DispatchRun,1004,Alarm,2026-04-08T11:01:06.2480000Z,2026-04-08T11:06:36.4690000Z,0.0,DispatchRun
SKB-TS2-INV03,AlarmWorkState1-DispatchRun,1004,Alarm,2026-04-08T11:01:06.3420000Z,2026-04-08T11:06:36.5860000Z,0.0,DispatchRun
SKB-TS1-INV02,AlarmWorkState1-DispatchRun,1004,Alarm,2026-04-08T11:01:06.4820000Z,2026-04-08T11:06:36.7750000Z,0.0,DispatchRun
SKB-TS2-INV08,AlarmWorkState1-DispatchRun,1004,Alarm,2026-04-08T11:01:06.5810000Z,2026-04-08T11:06:36.7150000Z,0.0,DispatchRun
SKB-TS1-INV05,AlarmWorkState1-DispatchRun,1004,Alarm,2026-04-08T11:01:06.6010000Z,2026-04-08T11:06:36.8950000Z,0.0,DispatchRun
SKB-TS2-INV04,AlarmWorkState1-DispatchRun,1004,Alarm,2026-04-08T11:01:06.6100000Z,2026-04-08T11:07:03.8430000Z,0.0,DispatchRun
SKB-TS1-INV02,AlarmWorkState1-AlarmRun,1001,Alarm,2026-04-08T11:06:36.7750000Z,2026-04-08T11:09:36.6290000Z,0.0,AlarmRun
SKB-TS2-INV05,AlarmWorkState1-DispatchRun,1004,Alarm,2026-04-08T11:09:06.1540000Z,2026-04-08T11:10:36.4340000Z,0.0,DispatchRun
SKB-TS1-INV01,AlarmWorkState1-DispatchRun,1004,Alarm,2026-04-08T11:09:06.1670000Z,2026-04-08T11:10:36.4380000Z,0.0,DispatchRun
SKB-TS2-INV06,AlarmWorkState1-DispatchRun,1004,Alarm,2026-04-08T11:09:06.2680000Z,2026-04-08T11:10:36.5680000Z,0.0,DispatchRun
SKB-TS1-INV03,AlarmWorkState1-DispatchRun,1004,Alarm,2026-04-08T11:09:06.2890000Z,2026-04-08T11:10:36.5700000Z,0.0,DispatchRun
SKB-TS2-INV02,AlarmWorkState1-DispatchRun,1004,Alarm,2026-04-08T11:09:06.3800000Z,2026-04-08T11:10:36.6820000Z,0.0,DispatchRun
SKB-TS2-INV03,AlarmWorkState1-DispatchRun,1004,Alarm,2026-04-08T11:09:06.4750000Z,2026-04-08T11:10:36.7810000Z,0.0,DispatchRun
SKB-TS2-INV08,AlarmWorkState1-DispatchRun,1004,Alarm,2026-04-08T11:09:06.6580000Z,2026-04-08T11:10:36.9530000Z,0.0,DispatchRun
SKB-TS2-INV04,AlarmWorkState1-DispatchRun,1004,Alarm,2026-04-08T11:09:06.7520000Z,2026-04-08T11:10:37.0520000Z,0.0,DispatchRun
SKB-TS1-INV05,AlarmWorkState1-DispatchRun,1004,Alarm,2026-04-08T11:09:06.7910000Z,2026-04-08T11:10:37.0530000Z,0.0,DispatchRun
SKB-TS1-INV02,AlarmWorkState1-DispatchRun,1004,Alarm,2026-04-08T11:09:36.6290000Z,2026-04-08T11:10:36.9560000Z,0.0,DispatchRun
SKB-TS1-INV02,AlarmWorkState1-AlarmRun,1001,Alarm,2026-04-08T11:10:36.9560000Z,2026-04-08T11:15:03.7920000Z,0.0,AlarmRun
SKB-TS2-INV05,AlarmWorkState1-DispatchRun,1004,Alarm,2026-04-08T11:16:06.7830000Z,2026-04-08T11:23:35.0920000Z,0.0,DispatchRun
SKB-TS1-INV03,AlarmWorkState1-DispatchRun,1004,Alarm,2026-04-08T11:16:06.8130000Z,2026-04-08T11:23:36.0850000Z,0.0,DispatchRun
SKB-TS2-INV06,AlarmWorkState1-DispatchRun,1004,Alarm,2026-04-08T11:16:06.8960000Z,2026-04-08T11:23:36.1210000Z,0.0,DispatchRun
SKB-TS2-INV02,AlarmWorkState1-DispatchRun,1004,Alarm,2026-04-08T11:16:07.0600000Z,2026-04-08T11:23:36.2170000Z,0.0,DispatchRun
SKB-TS2-INV03,AlarmWorkState1-DispatchRun,1004,Alarm,2026-04-08T11:16:07.1120000Z,2026-04-08T11:23:36.2840000Z,0.0,DispatchRun
SKB-TS2-INV08,AlarmWorkState1-DispatchRun,1004,Alarm,2026-04-08T11:16:07.2360000Z,2026-04-08T11:23:36.4390000Z,0.0,DispatchRun
SKB-TS1-INV05,AlarmWorkState1-DispatchRun,1004,Alarm,2026-04-08T11:16:07.3310000Z,2026-04-08T11:23:36.5210000Z,0.0,DispatchRun
SKB-TS2-INV04,AlarmWorkState1-DispatchRun,1004,Alarm,2026-04-08T11:16:07.3340000Z,2026-04-08T11:23:36.5690000Z,0.0,DispatchRun
SKB-TS1-INV01,AlarmWorkState1-DispatchRun,1004,Alarm,2026-04-08T11:16:34.2370000Z,2026-04-08T11:23:35.0720000Z,0.0,DispatchRun
SKB-TS1-INV02,AlarmWorkState1-DispatchRun,1004,Alarm,2026-04-08T11:16:34.7110000Z,2026-04-08T11:23:36.4030000Z,0.0,DispatchRun
SKB-TS1-INV01,AlarmWorkState1-DispatchRun,1004,Alarm,2026-04-08T11:34:33.2650000Z,2026-04-08T12:53:33.9930000Z,0.0,DispatchRun
SKB-TS2-INV05,AlarmWorkState1-DispatchRun,1004,Alarm,2026-04-08T11:34:33.3100000Z,2026-04-08T12:52:33.2850000Z,0.0,DispatchRun
SKB-TS2-INV06,AlarmWorkState1-DispatchRun,1004,Alarm,2026-04-08T11:34:33.4270000Z,2026-04-08T12:53:34.1850000Z,0.0,DispatchRun
SKB-TS2-INV02,AlarmWorkState1-DispatchRun,1004,Alarm,2026-04-08T11:34:33.5460000Z,2026-04-08T12:54:06.7510000Z,0.0,DispatchRun
SKB-TS2-INV03,AlarmWorkState1-DispatchRun,1004,Alarm,2026-04-08T11:34:33.6390000Z,2026-04-08T12:53:34.4000000Z,0.0,DispatchRun
SKB-TS1-INV02,AlarmWorkState1-DispatchRun,1004,Alarm,2026-04-08T11:34:33.7470000Z,2026-04-08T12:49:06.2150000Z,0.0,DispatchRun
SKB-TS2-INV08,AlarmWorkState1-DispatchRun,1004,Alarm,2026-04-08T11:34:33.7880000Z,2026-04-08T12:52:07.2690000Z,0.0,DispatchRun
SKB-TS1-INV05,AlarmWorkState1-DispatchRun,1004,Alarm,2026-04-08T11:34:33.8290000Z,2026-04-08T12:53:34.6050000Z,0.0,DispatchRun
SKB-TS2-INV04,AlarmWorkState1-DispatchRun,1004,Alarm,2026-04-08T11:34:34.7310000Z,2026-04-08T12:53:34.6550000Z,0.0,DispatchRun
SKB-TS1-INV03,AlarmWorkState1-DispatchRun,1004,Alarm,2026-04-08T11:35:04.3440000Z,2026-04-08T12:53:34.1320000Z,0.0,DispatchRun
SKB-TS1-INV02,AlarmWorkState1-AlarmRun,1001,Alarm,2026-04-08T12:49:06.2150000Z,2026-04-08T13:56:33.8000000Z,0.0,AlarmRun
SKB-TS1-INV05,AlarmWorkState1-AlarmRun,1001,Alarm,2026-04-08T13:56:06.6980000Z,2026-04-08T15:16:34.9730000Z,0.0,AlarmRun
SKB-TS1-INV05,AlarmWorkState2-Fault,2006,Alarm,2026-04-08T13:56:06.6980000Z,,0.0,Fault
SKB-TS1-INV05,AlarmWorkState2-TotalFaultBit,2012,Alarm,2026-04-08T13:56:06.6980000Z,,0.0,TotalFaultBit
SKB-TS1-INV04,AlarmWorkState2-TotalFaultBit,2012,Alarm,2026-04-08T13:57:06.1640000Z,2026-04-23T11:51:03.7540000Z,0.0,TotalFaultBit
SKB-TS1-INV04,AlarmWorkState2-Fault,2006,Alarm,2026-04-08T13:57:06.1640000Z,2026-04-23T11:51:03.7540000Z,0.0,Fault
SKB-TS2-INV08,AlarmWorkState2-TotalFaultBit,2012,Alarm,2026-04-08T14:04:04.5310000Z,2026-04-09T07:26:36.6370000Z,0.0,TotalFaultBit
SKB-TS2-INV08,AlarmWorkState2-Fault,2006,Alarm,2026-04-08T14:04:04.5310000Z,2026-04-09T07:26:36.6370000Z,0.0,Fault
SKB-TS2-INV06,AlarmWorkState2-Fault,2006,Alarm,2026-04-08T14:04:34.5760000Z,,0.0,Fault
SKB-TS2-INV06,AlarmWorkState2-TotalFaultBit,2012,Alarm,2026-04-08T14:04:34.5760000Z,,0.0,TotalFaultBit
SKB-TS1-INV05,AlarmWorkState1-AlarmRun,1001,Alarm,2026-04-09T06:33:37.7530000Z,2026-04-09T08:51:37.3490000Z,0.0,AlarmRun
SKB-TS2-INV07,AlarmWorkState2-TotalRunBit,2013,Alarm,2026-04-09T07:26:36.5170000Z,,0.0,TotalRunBit
SKB-TS2-INV08,AlarmWorkState2-TotalRunBit,2013,Alarm,2026-04-09T07:26:36.6370000Z,,0.0,TotalRunBit
SKB-TS2-INV01,AlarmWorkState1-DispatchRun,1004,Alarm,2026-04-09T08:45:34.6040000Z,2026-04-09T09:57:05.2900000Z,0.0,DispatchRun
SKB-TS2-INV06,AlarmWorkState1-DispatchRun,1004,Alarm,2026-04-09T08:45:36.6140000Z,2026-04-09T12:44:07.4940000Z,0.0,DispatchRun
SKB-TS2-INV03,AlarmWorkState1-DispatchRun,1004,Alarm,2026-04-09T08:45:36.8320000Z,2026-04-09T09:57:05.6830000Z,0.0,DispatchRun
SKB-TS1-INV04,AlarmWorkState1-DispatchRun,1004,Alarm,2026-04-09T08:45:36.9380000Z,2026-04-09T12:44:07.8330000Z,0.0,DispatchRun
SKB-TS1-INV07,AlarmWorkState1-DispatchRun,1004,Alarm,2026-04-09T08:45:37.0510000Z,2026-04-09T09:57:05.6040000Z,0.0,DispatchRun
SKB-TS2-INV04,AlarmWorkState1-DispatchRun,1004,Alarm,2026-04-09T08:45:37.1960000Z,2026-04-09T12:44:08.0210000Z,0.0,DispatchRun
SKB-TS1-INV06,AlarmWorkState1-DispatchRun,1004,Alarm,2026-04-09T08:45:37.3220000Z,2026-04-09T09:57:05.8740000Z,0.0,DispatchRun
SKB-TS2-INV02,AlarmWorkState1-DispatchRun,1004,Alarm,2026-04-09T08:46:06.9120000Z,2026-04-09T12:44:07.6460000Z,0.0,DispatchRun
SKB-TS2-INV07,AlarmWorkState1-DispatchRun,1004,Alarm,2026-04-09T08:51:37.1350000Z,2026-04-09T09:57:05.7710000Z,0.0,DispatchRun
SKB-TS1-INV05,AlarmWorkState1-DispatchRun,1004,Alarm,2026-04-09T08:51:37.3490000Z,2026-04-09T12:44:08.1340000Z,0.0,DispatchRun
SKB-TS1-INV01,AlarmWorkState1-DispatchRun,1004,Alarm,2026-04-09T08:53:33.6940000Z,2026-04-09T09:33:03.7920000Z,0.0,DispatchRun
SKB-TS2-INV05,AlarmWorkState1-DispatchRun,1004,Alarm,2026-04-09T08:53:34.3980000Z,2026-04-09T09:33:03.8180000Z,0.0,DispatchRun
SKB-TS1-INV03,AlarmWorkState1-DispatchRun,1004,Alarm,2026-04-09T08:53:34.4080000Z,2026-04-09T09:33:03.8310000Z,0.0,DispatchRun
SKB-TS1-INV08,AlarmWorkState1-DispatchRun,1004,Alarm,2026-04-09T08:53:34.4880000Z,2026-04-09T09:33:04.4920000Z,0.0,DispatchRun
SKB-TS1-INV02,AlarmWorkState1-DispatchRun,1004,Alarm,2026-04-09T08:53:34.7900000Z,2026-04-09T09:33:04.9150000Z,0.0,DispatchRun
SKB-TS2-INV08,AlarmWorkState1-DispatchRun,1004,Alarm,2026-04-09T08:53:34.8040000Z,2026-04-09T09:33:04.9570000Z,0.0,DispatchRun
SKB-TS2-INV01,AlarmWorkState1-DispatchRun,1004,Alarm,2026-04-09T09:57:33.6000000Z,2026-04-09T12:44:05.4810000Z,0.0,DispatchRun
SKB-TS2-INV03,AlarmWorkState1-DispatchRun,1004,Alarm,2026-04-09T09:57:37.0180000Z,2026-04-09T12:44:07.7220000Z,0.0,DispatchRun
SKB-TS1-INV07,AlarmWorkState1-DispatchRun,1004,Alarm,2026-04-09T09:57:37.0720000Z,2026-04-09T12:44:07.9520000Z,0.0,DispatchRun
SKB-TS2-INV07,AlarmWorkState1-DispatchRun,1004,Alarm,2026-04-09T09:57:37.1590000Z,2026-04-09T12:44:07.8310000Z,0.0,DispatchRun
SKB-TS1-INV06,AlarmWorkState1-DispatchRun,1004,Alarm,2026-04-09T09:57:37.3500000Z,2026-04-09T12:44:08.2410000Z,0.0,DispatchRun
SKB-TS1-INV05,AlarmWorkState1-AlarmRun,1001,Alarm,2026-04-09T12:44:08.1340000Z,2026-04-09T12:48:08.8690000Z,0.0,AlarmRun
SKB-TS1-INV04,AlarmWorkState1-DispatchRun,1004,Alarm,2026-04-09T12:46:04.6300000Z,2026-04-09T12:46:35.1960000Z,0.0,DispatchRun
SKB-TS1-INV07,AlarmWorkState1-DispatchRun,1004,Alarm,2026-04-09T12:46:04.7310000Z,2026-04-09T12:46:35.3120000Z,0.0,DispatchRun
SKB-TS1-INV06,AlarmWorkState1-DispatchRun,1004,Alarm,2026-04-09T12:46:04.9980000Z,2026-04-09T12:46:35.6580000Z,0.0,DispatchRun
SKB-TS2-INV01,AlarmWorkState1-DispatchRun,1004,Alarm,2026-04-09T12:47:36.4520000Z,2026-04-09T13:11:34.5080000Z,0.0,DispatchRun
SKB-TS2-INV06,AlarmWorkState1-DispatchRun,1004,Alarm,2026-04-09T12:47:37.1780000Z,2026-04-09T13:11:36.5770000Z,0.0,DispatchRun
SKB-TS1-INV04,AlarmWorkState1-DispatchRun,1004,Alarm,2026-04-09T12:47:37.1860000Z,2026-04-09T13:11:36.8130000Z,0.0,DispatchRun
SKB-TS1-INV07,AlarmWorkState1-DispatchRun,1004,Alarm,2026-04-09T12:47:37.2890000Z,2026-04-09T13:11:36.9560000Z,0.0,DispatchRun
SKB-TS2-INV03,AlarmWorkState1-DispatchRun,1004,Alarm,2026-04-09T12:47:37.3960000Z,2026-04-09T13:11:36.8130000Z,0.0,DispatchRun
SKB-TS1-INV06,AlarmWorkState1-DispatchRun,1004,Alarm,2026-04-09T12:47:37.5460000Z,2026-04-09T13:11:37.1970000Z,0.0,DispatchRun
SKB-TS2-INV04,AlarmWorkState1-DispatchRun,1004,Alarm,2026-04-09T12:47:37.5880000Z,2026-04-09T13:11:37.1000000Z,0.0,DispatchRun
SKB-TS2-INV02,AlarmWorkState1-DispatchRun,1004,Alarm,2026-04-09T12:48:08.5120000Z,2026-04-09T13:11:04.9510000Z,0.0,DispatchRun
SKB-TS2-INV07,AlarmWorkState1-DispatchRun,1004,Alarm,2026-04-09T12:48:08.7770000Z,2026-04-09T13:11:05.1100000Z,0.0,DispatchRun
SKB-TS1-INV05,AlarmWorkState1-DispatchRun,1004,Alarm,2026-04-09T12:48:08.8690000Z,2026-04-09T12:52:06.1170000Z,0.0,DispatchRun
SKB-TS1-INV05,AlarmWorkState1-AlarmRun,1001,Alarm,2026-04-09T12:52:06.1170000Z,2026-04-09T12:52:36.4810000Z,0.0,AlarmRun
SKB-TS1-INV05,AlarmWorkState1-DispatchRun,1004,Alarm,2026-04-09T12:52:36.4810000Z,2026-04-09T13:10:36.0340000Z,0.0,DispatchRun
SKB-TS1-INV05,AlarmWorkState1-AlarmRun,1001,Alarm,2026-04-09T13:10:36.0340000Z,2026-04-09T15:25:08.0760000Z,0.0,AlarmRun
SKB-TS1-INV05,AlarmWorkState1-AlarmRun,1001,Alarm,2026-04-10T07:11:07.8670000Z,2026-04-10T08:27:36.5500000Z,0.0,AlarmRun
SKB-TS2-INV01,AlarmWorkState1-DispatchRun,1004,Alarm,2026-04-10T08:38:04.0200000Z,2026-04-10T08:38:34.0440000Z,0.0,DispatchRun
SKB-TS2-INV02,AlarmWorkState1-DispatchRun,1004,Alarm,2026-04-10T08:38:07.2340000Z,2026-04-10T08:38:35.0270000Z,0.0,DispatchRun
SKB-TS1-INV04,AlarmWorkState1-DispatchRun,1004,Alarm,2026-04-10T08:38:07.3190000Z,2026-04-10T08:38:35.1440000Z,0.0,DispatchRun
SKB-TS2-INV03,AlarmWorkState1-DispatchRun,1004,Alarm,2026-04-10T08:38:07.3490000Z,2026-04-10T08:38:35.1450000Z,0.0,DispatchRun
SKB-TS1-INV07,AlarmWorkState1-DispatchRun,1004,Alarm,2026-04-10T08:38:07.3960000Z,2026-04-10T08:38:35.2430000Z,0.0,DispatchRun
SKB-TS2-INV04,AlarmWorkState1-DispatchRun,1004,Alarm,2026-04-10T08:38:07.6170000Z,2026-04-10T08:38:35.4530000Z,0.0,DispatchRun
SKB-TS1-INV06,AlarmWorkState1-DispatchRun,1004,Alarm,2026-04-10T08:38:07.6450000Z,2026-04-10T08:38:35.5330000Z,0.0,DispatchRun
SKB-TS2-INV01,AlarmWorkState1-DispatchRun,1004,Alarm,2026-04-10T08:41:06.4710000Z,2026-04-10T08:42:34.0280000Z,0.0,DispatchRun
SKB-TS2-INV06,AlarmWorkState1-DispatchRun,1004,Alarm,2026-04-10T08:41:07.6070000Z,2026-04-10T08:42:08.3050000Z,0.0,DispatchRun
SKB-TS2-INV02,AlarmWorkState1-DispatchRun,1004,Alarm,2026-04-10T08:41:07.7510000Z,2026-04-10T08:42:08.4320000Z,0.0,DispatchRun
SKB-TS1-INV04,AlarmWorkState1-DispatchRun,1004,Alarm,2026-04-10T08:41:07.8280000Z,2026-04-10T08:42:08.4710000Z,0.0,DispatchRun
SKB-TS2-INV03,AlarmWorkState1-DispatchRun,1004,Alarm,2026-04-10T08:41:07.8380000Z,2026-04-10T08:42:08.5060000Z,0.0,DispatchRun
SKB-TS1-INV07,AlarmWorkState1-DispatchRun,1004,Alarm,2026-04-10T08:41:07.9040000Z,2026-04-10T08:42:08.5500000Z,0.0,DispatchRun
SKB-TS2-INV07,AlarmWorkState1-DispatchRun,1004,Alarm,2026-04-10T08:41:07.9600000Z,2026-04-10T08:42:08.6210000Z,0.0,DispatchRun
SKB-TS1-INV05,AlarmWorkState1-DispatchRun,1004,Alarm,2026-04-10T08:41:08.2000000Z,2026-04-10T08:42:08.8160000Z,0.0,DispatchRun
SKB-TS2-INV04,AlarmWorkState1-DispatchRun,1004,Alarm,2026-04-10T08:41:08.2110000Z,2026-04-10T08:42:08.8610000Z,0.0,DispatchRun
SKB-TS1-INV06,AlarmWorkState1-DispatchRun,1004,Alarm,2026-04-10T08:41:08.2650000Z,2026-04-10T08:42:08.9200000Z,0.0,DispatchRun
SKB-TS2-INV01,AlarmWorkState1-DispatchRun,1004,Alarm,2026-04-10T08:44:34.0620000Z,2026-04-10T09:16:34.0390000Z,0.0,DispatchRun
SKB-TS2-INV06,AlarmWorkState1-DispatchRun,1004,Alarm,2026-04-10T08:44:35.1210000Z,2026-04-10T10:32:34.4250000Z,0.0,DispatchRun
SKB-TS2-INV02,AlarmWorkState1-DispatchRun,1004,Alarm,2026-04-10T08:44:35.2450000Z,2026-04-10T10:32:34.4990000Z,0.0,DispatchRun
SKB-TS1-INV04,AlarmWorkState1-DispatchRun,1004,Alarm,2026-04-10T08:44:35.3330000Z,2026-04-10T10:32:34.6710000Z,0.0,DispatchRun
SKB-TS2-INV03,AlarmWorkState1-DispatchRun,1004,Alarm,2026-04-10T08:44:35.3530000Z,2026-04-10T10:32:34.6450000Z,0.0,DispatchRun
SKB-TS1-INV07,AlarmWorkState1-DispatchRun,1004,Alarm,2026-04-10T08:44:35.4900000Z,2026-04-10T10:32:34.7770000Z,0.0,DispatchRun
SKB-TS2-INV04,AlarmWorkState1-DispatchRun,1004,Alarm,2026-04-10T08:44:35.7250000Z,2026-04-10T10:32:34.9620000Z,0.0,DispatchRun
SKB-TS1-INV06,AlarmWorkState1-DispatchRun,1004,Alarm,2026-04-10T08:44:35.8100000Z,2026-04-10T10:32:35.1140000Z,0.0,DispatchRun
SKB-TS1-INV05,AlarmWorkState1-DispatchRun,1004,Alarm,2026-04-10T08:50:06.5330000Z,2026-04-10T10:32:35.0070000Z,0.0,DispatchRun
SKB-TS2-INV07,AlarmWorkState1-DispatchRun,1004,Alarm,2026-04-10T08:51:36.3730000Z,2026-04-10T10:32:34.7450000Z,0.0,DispatchRun
SKB-TS2-INV05,AlarmWorkState1-DispatchRun,1004,Alarm,2026-04-10T09:15:06.1230000Z,2026-04-10T09:16:35.4100000Z,0.0,DispatchRun
SKB-TS1-INV01,AlarmWorkState1-DispatchRun,1004,Alarm,2026-04-10T09:15:07.1510000Z,2026-04-10T09:16:35.3930000Z,0.0,DispatchRun
SKB-TS1-INV03,AlarmWorkState1-DispatchRun,1004,Alarm,2026-04-10T09:15:07.2690000Z,2026-04-10T09:16:35.4740000Z,0.0,DispatchRun
SKB-TS1-INV08,AlarmWorkState1-DispatchRun,1004,Alarm,2026-04-10T09:15:07.4340000Z,2026-04-10T09:16:35.6050000Z,0.0,DispatchRun
SKB-TS2-INV08,AlarmWorkState1-DispatchRun,1004,Alarm,2026-04-10T09:15:07.5960000Z,2026-04-10T09:16:35.9050000Z,0.0,DispatchRun
SKB-TS1-INV02,AlarmWorkState1-DispatchRun,1004,Alarm,2026-04-10T09:15:07.6460000Z,2026-04-10T09:16:35.9040000Z,0.0,DispatchRun
SKB-TS2-INV01,AlarmWorkState1-DispatchRun,1004,Alarm,2026-04-10T09:17:04.0200000Z,2026-04-10T10:32:34.0070000Z,0.0,DispatchRun
SKB-TS1-INV01,AlarmWorkState1-DispatchRun,1004,Alarm,2026-04-10T09:20:05.2400000Z,2026-04-10T09:22:06.0270000Z,0.0,DispatchRun
SKB-TS2-INV05,AlarmWorkState1-DispatchRun,1004,Alarm,2026-04-10T09:20:05.3520000Z,2026-04-10T09:22:05.9230000Z,0.0,DispatchRun
SKB-TS1-INV03,AlarmWorkState1-DispatchRun,1004,Alarm,2026-04-10T09:20:05.4450000Z,2026-04-10T09:22:06.1360000Z,0.0,DispatchRun
SKB-TS1-INV08,AlarmWorkState1-DispatchRun,1004,Alarm,2026-04-10T09:20:05.5510000Z,2026-04-10T09:22:06.2450000Z,0.0,DispatchRun
SKB-TS2-INV08,AlarmWorkState1-DispatchRun,1004,Alarm,2026-04-10T09:20:05.8860000Z,2026-04-10T09:22:06.4340000Z,0.0,DispatchRun
SKB-TS1-INV02,AlarmWorkState1-DispatchRun,1004,Alarm,2026-04-10T09:20:05.8970000Z,2026-04-10T09:22:06.4590000Z,0.0,DispatchRun
SKB-TS1-INV01,AlarmWorkState1-DispatchRun,1004,Alarm,2026-04-10T09:25:05.9820000Z,2026-04-10T09:28:05.7440000Z,0.0,DispatchRun
SKB-TS2-INV05,AlarmWorkState1-DispatchRun,1004,Alarm,2026-04-10T09:25:06.0510000Z,2026-04-10T09:28:05.6690000Z,0.0,DispatchRun
SKB-TS1-INV03,AlarmWorkState1-DispatchRun,1004,Alarm,2026-04-10T09:25:06.1260000Z,2026-04-10T09:28:05.8510000Z,0.0,DispatchRun
SKB-TS1-INV08,AlarmWorkState1-DispatchRun,1004,Alarm,2026-04-10T09:25:06.2660000Z,2026-04-10T09:28:05.9210000Z,0.0,DispatchRun
SKB-TS1-INV02,AlarmWorkState1-DispatchRun,1004,Alarm,2026-04-10T09:25:06.5370000Z,2026-04-10T09:28:06.2110000Z,0.0,DispatchRun
SKB-TS2-INV08,AlarmWorkState1-DispatchRun,1004,Alarm,2026-04-10T09:25:06.5500000Z,2026-04-10T09:28:06.1980000Z,0.0,DispatchRun
SKB-TS2-INV05,AlarmWorkState1-DispatchRun,1004,Alarm,2026-04-10T09:35:05.9980000Z,2026-04-10T09:39:34.9750000Z,0.0,DispatchRun
SKB-TS1-INV01,AlarmWorkState1-DispatchRun,1004,Alarm,2026-04-10T09:35:06.0240000Z,2026-04-10T09:39:35.0090000Z,0.0,DispatchRun
SKB-TS1-INV03,AlarmWorkState1-DispatchRun,1004,Alarm,2026-04-10T09:35:06.1120000Z,2026-04-10T09:39:35.1180000Z,0.0,DispatchRun
SKB-TS1-INV08,AlarmWorkState1-DispatchRun,1004,Alarm,2026-04-10T09:35:06.2080000Z,2026-04-10T09:39:35.2580000Z,0.0,DispatchRun
SKB-TS2-INV08,AlarmWorkState1-DispatchRun,1004,Alarm,2026-04-10T09:35:06.4960000Z,2026-04-10T09:39:35.5660000Z,0.0,DispatchRun
SKB-TS1-INV02,AlarmWorkState1-DispatchRun,1004,Alarm,2026-04-10T09:35:06.5130000Z,2026-04-10T09:39:35.5780000Z,0.0,DispatchRun
SKB-TS2-INV05,AlarmWorkState1-DispatchRun,1004,Alarm,2026-04-10T09:45:06.8740000Z,2026-04-10T09:50:35.0930000Z,0.0,DispatchRun
SKB-TS1-INV01,AlarmWorkState1-DispatchRun,1004,Alarm,2026-04-10T09:45:07.9260000Z,2026-04-10T09:50:34.9790000Z,0.0,DispatchRun
SKB-TS1-INV03,AlarmWorkState1-DispatchRun,1004,Alarm,2026-04-10T09:45:07.9990000Z,2026-04-10T09:50:35.1390000Z,0.0,DispatchRun
SKB-TS1-INV08,AlarmWorkState1-DispatchRun,1004,Alarm,2026-04-10T09:45:08.1110000Z,2026-04-10T09:50:35.2280000Z,0.0,DispatchRun
SKB-TS2-INV08,AlarmWorkState1-DispatchRun,1004,Alarm,2026-04-10T09:45:08.4210000Z,2026-04-10T09:50:35.5380000Z,0.0,DispatchRun
SKB-TS1-INV02,AlarmWorkState1-DispatchRun,1004,Alarm,2026-04-10T09:45:08.4530000Z,2026-04-10T09:50:35.5010000Z,0.0,DispatchRun
SKB-TS1-INV01,AlarmWorkState1-DispatchRun,1004,Alarm,2026-04-10T09:55:06.1250000Z,2026-04-10T10:01:36.0020000Z,0.0,DispatchRun
SKB-TS2-INV05,AlarmWorkState1-DispatchRun,1004,Alarm,2026-04-10T09:55:07.1320000Z,2026-04-10T10:01:36.0840000Z,0.0,DispatchRun
SKB-TS1-INV03,AlarmWorkState1-DispatchRun,1004,Alarm,2026-04-10T09:55:07.2150000Z,2026-04-10T10:01:36.1160000Z,0.0,DispatchRun
SKB-TS1-INV08,AlarmWorkState1-DispatchRun,1004,Alarm,2026-04-10T09:55:07.3260000Z,2026-04-10T10:01:36.1780000Z,0.0,DispatchRun
SKB-TS2-INV08,AlarmWorkState1-DispatchRun,1004,Alarm,2026-04-10T09:55:07.5410000Z,2026-04-10T10:01:36.5080000Z,0.0,DispatchRun
SKB-TS1-INV02,AlarmWorkState1-DispatchRun,1004,Alarm,2026-04-10T09:55:07.5960000Z,2026-04-10T10:01:36.4920000Z,0.0,DispatchRun
SKB-TS2-INV05,AlarmWorkState1-DispatchRun,1004,Alarm,2026-04-10T10:05:07.1090000Z,2026-04-10T10:12:37.5090000Z,0.0,DispatchRun
SKB-TS1-INV01,AlarmWorkState1-DispatchRun,1004,Alarm,2026-04-10T10:05:08.1570000Z,2026-04-10T10:12:35.4160000Z,0.0,DispatchRun
SKB-TS1-INV03,AlarmWorkState1-DispatchRun,1004,Alarm,2026-04-10T10:05:08.2160000Z,2026-04-10T10:12:37.5490000Z,0.0,DispatchRun
SKB-TS1-INV08,AlarmWorkState1-DispatchRun,1004,Alarm,2026-04-10T10:05:08.3020000Z,2026-04-10T10:12:37.7010000Z,0.0,DispatchRun
SKB-TS2-INV08,AlarmWorkState1-DispatchRun,1004,Alarm,2026-04-10T10:05:08.4410000Z,2026-04-10T10:12:38.0200000Z,0.0,DispatchRun
SKB-TS1-INV02,AlarmWorkState1-DispatchRun,1004,Alarm,2026-04-10T10:05:08.5470000Z,2026-04-10T10:12:38.0210000Z,0.0,DispatchRun
SKB-TS1-INV05,AlarmWorkState1-AlarmRun,1001,Alarm,2026-04-10T10:32:35.0070000Z,2026-04-10T10:34:05.8050000Z,0.0,AlarmRun
SKB-TS2-INV01,AlarmWorkState1-DispatchRun,1004,Alarm,2026-04-10T10:34:04.0290000Z,2026-04-10T10:48:34.3330000Z,0.0,DispatchRun
SKB-TS2-INV02,AlarmWorkState1-DispatchRun,1004,Alarm,2026-04-10T10:34:05.3500000Z,2026-04-10T10:48:36.5410000Z,0.0,DispatchRun
SKB-TS2-INV03,AlarmWorkState1-DispatchRun,1004,Alarm,2026-04-10T10:34:05.4550000Z,2026-04-10T10:48:36.6310000Z,0.0,DispatchRun
SKB-TS1-INV04,AlarmWorkState1-DispatchRun,1004,Alarm,2026-04-10T10:34:05.5560000Z,2026-04-10T10:48:36.6320000Z,0.0,DispatchRun
SKB-TS2-INV07,AlarmWorkState1-DispatchRun,1004,Alarm,2026-04-10T10:34:05.5920000Z,2026-04-10T10:48:36.7430000Z,0.0,DispatchRun
SKB-TS1-INV07,AlarmWorkState1-DispatchRun,1004,Alarm,2026-04-10T10:34:05.6260000Z,2026-04-10T10:48:36.7460000Z,0.0,DispatchRun
SKB-TS2-INV04,AlarmWorkState1-DispatchRun,1004,Alarm,2026-04-10T10:34:05.7570000Z,2026-04-10T10:48:36.8430000Z,0.0,DispatchRun
SKB-TS1-INV05,AlarmWorkState1-DispatchRun,1004,Alarm,2026-04-10T10:34:05.8050000Z,2026-04-10T10:48:36.8510000Z,0.0,DispatchRun
SKB-TS1-INV06,AlarmWorkState1-DispatchRun,1004,Alarm,2026-04-10T10:34:05.8560000Z,2026-04-10T10:48:36.9570000Z,0.0,DispatchRun
SKB-TS2-INV06,AlarmWorkState1-DispatchRun,1004,Alarm,2026-04-10T10:34:36.9450000Z,2026-04-10T10:48:36.4590000Z,0.0,DispatchRun
SKB-TS1-INV05,AlarmWorkState1-AlarmRun,1001,Alarm,2026-04-10T10:48:36.8510000Z,2026-04-10T10:49:36.0420000Z,0.0,AlarmRun
SKB-TS2-INV01,AlarmWorkState1-DispatchRun,1004,Alarm,2026-04-10T10:49:34.0550000Z,2026-04-10T10:50:04.0530000Z,0.0,DispatchRun
SKB-TS2-INV06,AlarmWorkState1-DispatchRun,1004,Alarm,2026-04-10T10:49:35.7210000Z,2026-04-10T10:50:07.0610000Z,0.0,DispatchRun
SKB-TS2-INV02,AlarmWorkState1-DispatchRun,1004,Alarm,2026-04-10T10:49:35.7890000Z,2026-04-10T10:50:07.1850000Z,0.0,DispatchRun
SKB-TS1-INV04,AlarmWorkState1-DispatchRun,1004,Alarm,2026-04-10T10:49:35.8100000Z,2026-04-10T10:50:07.2500000Z,0.0,DispatchRun
SKB-TS2-INV03,AlarmWorkState1-DispatchRun,1004,Alarm,2026-04-10T10:49:35.8460000Z,2026-04-10T10:50:07.2930000Z,0.0,DispatchRun
SKB-TS1-INV07,AlarmWorkState1-DispatchRun,1004,Alarm,2026-04-10T10:49:35.8960000Z,2026-04-10T10:50:07.3370000Z,0.0,DispatchRun
SKB-TS2-INV07,AlarmWorkState1-DispatchRun,1004,Alarm,2026-04-10T10:49:35.9460000Z,2026-04-10T10:50:07.3840000Z,0.0,DispatchRun
SKB-TS1-INV05,AlarmWorkState1-DispatchRun,1004,Alarm,2026-04-10T10:49:36.0420000Z,2026-04-10T10:50:07.5380000Z,0.0,DispatchRun
SKB-TS2-INV04,AlarmWorkState1-DispatchRun,1004,Alarm,2026-04-10T10:49:36.0690000Z,2026-04-10T10:50:07.5910000Z,0.0,DispatchRun
SKB-TS1-INV06,AlarmWorkState1-DispatchRun,1004,Alarm,2026-04-10T10:49:36.1400000Z,2026-04-10T10:50:07.6390000Z,0.0,DispatchRun
SKB-TS1-INV05,AlarmWorkState1-AlarmRun,1001,Alarm,2026-04-10T10:50:07.5380000Z,2026-04-10T10:50:35.6390000Z,0.0,AlarmRun
SKB-TS2-INV01,AlarmWorkState1-DispatchRun,1004,Alarm,2026-04-10T10:50:34.0430000Z,2026-04-10T10:52:34.0580000Z,0.0,DispatchRun
SKB-TS2-INV06,AlarmWorkState1-DispatchRun,1004,Alarm,2026-04-10T10:50:34.3980000Z,2026-04-10T10:52:36.0730000Z,0.0,DispatchRun
SKB-TS2-INV02,AlarmWorkState1-DispatchRun,1004,Alarm,2026-04-10T10:50:34.4560000Z,2026-04-10T10:52:36.1550000Z,0.0,DispatchRun
SKB-TS1-INV04,AlarmWorkState1-DispatchRun,1004,Alarm,2026-04-10T10:50:35.2580000Z,2026-04-10T10:52:36.2410000Z,0.0,DispatchRun
SKB-TS2-INV03,AlarmWorkState1-DispatchRun,1004,Alarm,2026-04-10T10:50:35.3030000Z,2026-04-10T10:52:36.2010000Z,0.0,DispatchRun
SKB-TS1-INV07,AlarmWorkState1-DispatchRun,1004,Alarm,2026-04-10T10:50:35.4490000Z,2026-04-10T10:52:36.3590000Z,0.0,DispatchRun
SKB-TS2-INV07,AlarmWorkState1-DispatchRun,1004,Alarm,2026-04-10T10:50:35.5030000Z,2026-04-10T10:52:36.2640000Z,0.0,DispatchRun
SKB-TS1-INV05,AlarmWorkState1-DispatchRun,1004,Alarm,2026-04-10T10:50:35.6390000Z,2026-04-10T10:52:36.5870000Z,0.0,DispatchRun
SKB-TS2-INV04,AlarmWorkState1-DispatchRun,1004,Alarm,2026-04-10T10:50:35.6860000Z,2026-04-10T10:52:36.4890000Z,0.0,DispatchRun
SKB-TS1-INV06,AlarmWorkState1-DispatchRun,1004,Alarm,2026-04-10T10:50:35.7640000Z,2026-04-10T10:52:36.7040000Z,0.0,DispatchRun
SKB-TS1-INV05,AlarmWorkState1-AlarmRun,1001,Alarm,2026-04-10T10:52:36.5870000Z,2026-04-10T10:53:08.5050000Z,0.0,AlarmRun
SKB-TS2-INV01,AlarmWorkState1-DispatchRun,1004,Alarm,2026-04-10T10:54:34.2160000Z,2026-04-10T10:55:36.7560000Z,0.0,DispatchRun
SKB-TS2-INV06,AlarmWorkState1-DispatchRun,1004,Alarm,2026-04-10T10:54:34.4130000Z,2026-04-10T10:55:36.9210000Z,0.0,DispatchRun
SKB-TS2-INV02,AlarmWorkState1-DispatchRun,1004,Alarm,2026-04-10T10:54:34.5090000Z,2026-04-10T10:55:37.0550000Z,0.0,DispatchRun
SKB-TS2-INV03,AlarmWorkState1-DispatchRun,1004,Alarm,2026-04-10T10:54:34.6470000Z,2026-04-10T10:55:37.2030000Z,0.0,DispatchRun
SKB-TS2-INV07,AlarmWorkState1-DispatchRun,1004,Alarm,2026-04-10T10:54:34.6990000Z,2026-04-10T10:55:37.2830000Z,0.0,DispatchRun
SKB-TS1-INV04,AlarmWorkState1-DispatchRun,1004,Alarm,2026-04-10T10:54:34.7010000Z,2026-04-10T10:55:37.2620000Z,0.0,DispatchRun
SKB-TS1-INV07,AlarmWorkState1-DispatchRun,1004,Alarm,2026-04-10T10:54:34.7290000Z,2026-04-10T10:55:37.2970000Z,0.0,DispatchRun
SKB-TS2-INV04,AlarmWorkState1-DispatchRun,1004,Alarm,2026-04-10T10:54:34.8330000Z,2026-04-10T10:55:37.4410000Z,0.0,DispatchRun
SKB-TS1-INV05,AlarmWorkState1-DispatchRun,1004,Alarm,2026-04-10T10:54:34.9330000Z,2026-04-10T10:55:37.4860000Z,0.0,DispatchRun
SKB-TS1-INV06,AlarmWorkState1-DispatchRun,1004,Alarm,2026-04-10T10:54:35.0070000Z,2026-04-10T10:55:37.5780000Z,0.0,DispatchRun
SKB-TS2-INV01,AlarmWorkState1-DispatchRun,1004,Alarm,2026-04-10T10:57:04.0460000Z,2026-04-10T11:13:36.0610000Z,0.0,DispatchRun
SKB-TS2-INV06,AlarmWorkState1-DispatchRun,1004,Alarm,2026-04-10T10:57:06.8190000Z,2026-04-10T11:13:37.7000000Z,0.0,DispatchRun
SKB-TS2-INV02,AlarmWorkState1-DispatchRun,1004,Alarm,2026-04-10T10:57:06.9600000Z,2026-04-10T11:13:38.8680000Z,0.0,DispatchRun
SKB-TS2-INV03,AlarmWorkState1-DispatchRun,1004,Alarm,2026-04-10T10:57:07.0360000Z,2026-04-10T11:11:36.3310000Z,0.0,DispatchRun
SKB-TS2-INV07,AlarmWorkState1-DispatchRun,1004,Alarm,2026-04-10T10:57:07.1940000Z,2026-04-10T11:11:36.4220000Z,0.0,DispatchRun
SKB-TS1-INV04,AlarmWorkState1-DispatchRun,1004,Alarm,2026-04-10T10:57:07.1950000Z,2026-04-10T11:13:40.1870000Z,0.0,DispatchRun
SKB-TS1-INV07,AlarmWorkState1-DispatchRun,1004,Alarm,2026-04-10T10:57:07.3010000Z,2026-04-10T11:13:40.3110000Z,0.0,DispatchRun
SKB-TS2-INV04,AlarmWorkState1-DispatchRun,1004,Alarm,2026-04-10T10:57:07.3830000Z,2026-04-10T11:13:40.4180000Z,0.0,DispatchRun
SKB-TS1-INV05,AlarmWorkState1-DispatchRun,1004,Alarm,2026-04-10T10:57:07.5380000Z,2026-04-10T11:13:40.5220000Z,0.0,DispatchRun
SKB-TS1-INV06,AlarmWorkState1-DispatchRun,1004,Alarm,2026-04-10T10:57:07.6300000Z,2026-04-10T11:11:36.7680000Z,0.0,DispatchRun
SKB-TS2-INV03,AlarmWorkState1-DispatchRun,1004,Alarm,2026-04-10T11:12:07.2190000Z,2026-04-10T11:34:06.4640000Z,0.0,DispatchRun
SKB-TS2-INV07,AlarmWorkState1-DispatchRun,1004,Alarm,2026-04-10T11:12:07.3300000Z,2026-04-10T11:13:40.1840000Z,0.0,DispatchRun
SKB-TS1-INV06,AlarmWorkState1-DispatchRun,1004,Alarm,2026-04-10T11:12:07.5870000Z,2026-04-10T11:13:41.1000000Z,0.0,DispatchRun
SKB-TS1-INV05,AlarmWorkState1-AlarmRun,1001,Alarm,2026-04-10T11:13:40.5220000Z,2026-04-10T11:14:06.8570000Z,0.0,AlarmRun
SKB-TS2-INV01,AlarmWorkState1-DispatchRun,1004,Alarm,2026-04-10T11:14:06.1470000Z,2026-04-10T11:34:04.0220000Z,0.0,DispatchRun
SKB-TS2-INV06,AlarmWorkState1-DispatchRun,1004,Alarm,2026-04-10T11:14:06.3920000Z,2026-04-10T11:34:06.2110000Z,0.0,DispatchRun
SKB-TS2-INV02,AlarmWorkState1-DispatchRun,1004,Alarm,2026-04-10T11:14:06.5230000Z,2026-04-10T11:34:06.3500000Z,0.0,DispatchRun
SKB-TS1-INV04,AlarmWorkState1-DispatchRun,1004,Alarm,2026-04-10T11:14:06.5410000Z,2026-04-10T11:34:06.5470000Z,0.0,DispatchRun
SKB-TS1-INV07,AlarmWorkState1-DispatchRun,1004,Alarm,2026-04-10T11:14:06.6350000Z,2026-04-10T11:34:06.6790000Z,0.0,DispatchRun
SKB-TS2-INV07,AlarmWorkState1-DispatchRun,1004,Alarm,2026-04-10T11:14:06.6700000Z,2026-04-10T11:34:06.5560000Z,0.0,DispatchRun
SKB-TS1-INV05,AlarmWorkState1-DispatchRun,1004,Alarm,2026-04-10T11:14:06.8570000Z,2026-04-10T11:34:06.8830000Z,0.0,DispatchRun
SKB-TS2-INV04,AlarmWorkState1-DispatchRun,1004,Alarm,2026-04-10T11:14:06.8970000Z,2026-04-10T11:34:06.7810000Z,0.0,DispatchRun
SKB-TS1-INV06,AlarmWorkState1-DispatchRun,1004,Alarm,2026-04-10T11:14:06.9280000Z,2026-04-10T11:34:06.9410000Z,0.0,DispatchRun
SKB-TS1-INV05,AlarmWorkState1-AlarmRun,1001,Alarm,2026-04-10T11:34:06.8830000Z,2026-04-10T11:35:06.9920000Z,0.0,AlarmRun
SKB-TS2-INV01,AlarmWorkState1-DispatchRun,1004,Alarm,2026-04-10T11:35:04.0110000Z,2026-04-10T11:35:34.0180000Z,0.0,DispatchRun
SKB-TS2-INV06,AlarmWorkState1-DispatchRun,1004,Alarm,2026-04-10T11:35:06.4020000Z,2026-04-10T11:35:36.9570000Z,0.0,DispatchRun
SKB-TS2-INV02,AlarmWorkState1-DispatchRun,1004,Alarm,2026-04-10T11:35:06.5530000Z,2026-04-10T11:35:37.0500000Z,0.0,DispatchRun
SKB-TS2-INV03,AlarmWorkState1-DispatchRun,1004,Alarm,2026-04-10T11:35:06.6540000Z,2026-04-10T11:35:37.1910000Z,0.0,DispatchRun
SKB-TS1-INV04,AlarmWorkState1-DispatchRun,1004,Alarm,2026-04-10T11:35:06.7170000Z,2026-04-10T11:35:37.2140000Z,0.0,DispatchRun
SKB-TS2-INV07,AlarmWorkState1-DispatchRun,1004,Alarm,2026-04-10T11:35:06.7820000Z,2026-04-10T11:35:37.2840000Z,0.0,DispatchRun
SKB-TS1-INV07,AlarmWorkState1-DispatchRun,1004,Alarm,2026-04-10T11:35:06.8290000Z,2026-04-10T11:35:37.3200000Z,0.0,DispatchRun
SKB-TS2-INV04,AlarmWorkState1-DispatchRun,1004,Alarm,2026-04-10T11:35:06.9230000Z,2026-04-10T11:35:37.5010000Z,0.0,DispatchRun
SKB-TS1-INV05,AlarmWorkState1-DispatchRun,1004,Alarm,2026-04-10T11:35:06.9920000Z,2026-04-10T11:35:37.5460000Z,0.0,DispatchRun
SKB-TS1-INV06,AlarmWorkState1-DispatchRun,1004,Alarm,2026-04-10T11:35:07.1180000Z,2026-04-10T11:35:37.6430000Z,0.0,DispatchRun
SKB-TS1-INV05,AlarmWorkState1-AlarmRun,1001,Alarm,2026-04-10T11:35:37.5460000Z,2026-04-10T11:36:06.4870000Z,0.0,AlarmRun
SKB-TS2-INV01,AlarmWorkState1-DispatchRun,1004,Alarm,2026-04-10T11:36:04.0120000Z,2026-04-10T12:57:06.9910000Z,0.0,DispatchRun
SKB-TS2-INV06,AlarmWorkState1-DispatchRun,1004,Alarm,2026-04-10T11:36:05.9010000Z,2026-04-10T12:57:08.2420000Z,0.0,DispatchRun
SKB-TS2-INV02,AlarmWorkState1-DispatchRun,1004,Alarm,2026-04-10T11:36:06.0030000Z,2026-04-10T12:57:08.3830000Z,0.0,DispatchRun
SKB-TS2-INV03,AlarmWorkState1-DispatchRun,1004,Alarm,2026-04-10T11:36:06.1380000Z,2026-04-10T12:57:08.4590000Z,0.0,DispatchRun
SKB-TS1-INV04,AlarmWorkState1-DispatchRun,1004,Alarm,2026-04-10T11:36:06.1630000Z,2026-04-10T12:57:08.4340000Z,0.0,DispatchRun
SKB-TS2-INV07,AlarmWorkState1-DispatchRun,1004,Alarm,2026-04-10T11:36:06.2300000Z,2026-04-10T12:57:08.5750000Z,0.0,DispatchRun
SKB-TS1-INV07,AlarmWorkState1-DispatchRun,1004,Alarm,2026-04-10T11:36:06.2670000Z,2026-04-10T12:57:08.5510000Z,0.0,DispatchRun
SKB-TS2-INV04,AlarmWorkState1-DispatchRun,1004,Alarm,2026-04-10T11:36:06.4400000Z,2026-04-10T12:57:08.8200000Z,0.0,DispatchRun
SKB-TS1-INV05,AlarmWorkState1-DispatchRun,1004,Alarm,2026-04-10T11:36:06.4870000Z,2026-04-10T12:54:08.3970000Z,0.0,DispatchRun
SKB-TS1-INV06,AlarmWorkState1-DispatchRun,1004,Alarm,2026-04-10T11:36:06.5880000Z,2026-04-10T12:57:08.9020000Z,0.0,DispatchRun
SKB-TS1-INV05,AlarmWorkState1-AlarmRun,1001,Alarm,2026-04-10T12:54:08.3970000Z,2026-04-10T13:28:05.6810000Z,0.0,AlarmRun
SKB-TS1-INV05,AlarmWorkState1-AlarmRun,1001,Alarm,2026-04-10T14:01:35.6420000Z,2026-04-10T14:02:07.7960000Z,0.0,AlarmRun
SKB-TS1-INV05,AlarmWorkState1-AlarmRun,1001,Alarm,2026-04-10T14:12:37.8020000Z,2026-04-10T15:21:05.7460000Z,0.0,AlarmRun
SKB-TS1-INV05,AlarmWorkState1-AlarmRun,1001,Alarm,2026-04-11T06:31:35.7540000Z,2026-04-11T08:44:36.0710000Z,0.0,AlarmRun
SKB-TS2-INV01,AlarmWorkState1-DispatchRun,1004,Alarm,2026-04-11T08:39:34.5230000Z,2026-04-11T13:04:04.5750000Z,0.0,DispatchRun
SKB-TS2-INV06,AlarmWorkState1-DispatchRun,1004,Alarm,2026-04-11T08:39:34.9230000Z,2026-04-11T13:04:07.5110000Z,0.0,DispatchRun
SKB-TS2-INV02,AlarmWorkState1-DispatchRun,1004,Alarm,2026-04-11T08:39:35.0790000Z,2026-04-11T13:03:09.7220000Z,0.0,DispatchRun
SKB-TS2-INV03,AlarmWorkState1-DispatchRun,1004,Alarm,2026-04-11T08:39:35.1680000Z,2026-04-11T13:04:07.6920000Z,0.0,DispatchRun
SKB-TS1-INV04,AlarmWorkState1-DispatchRun,1004,Alarm,2026-04-11T08:39:35.2540000Z,2026-04-11T13:04:07.6680000Z,0.0,DispatchRun
SKB-TS1-INV07,AlarmWorkState1-DispatchRun,1004,Alarm,2026-04-11T08:39:35.2790000Z,2026-04-11T13:04:07.8270000Z,0.0,DispatchRun
SKB-TS2-INV04,AlarmWorkState1-DispatchRun,1004,Alarm,2026-04-11T08:39:35.3620000Z,2026-04-11T13:04:08.0600000Z,0.0,DispatchRun
SKB-TS1-INV06,AlarmWorkState1-DispatchRun,1004,Alarm,2026-04-11T08:39:35.5290000Z,2026-04-11T13:04:08.1450000Z,0.0,DispatchRun
SKB-TS1-INV05,AlarmWorkState1-DispatchRun,1004,Alarm,2026-04-11T08:44:36.0710000Z,2026-04-11T13:00:36.2610000Z,0.0,DispatchRun
SKB-TS2-INV07,AlarmWorkState1-DispatchRun,1004,Alarm,2026-04-11T08:45:35.1220000Z,2026-04-11T13:02:35.1710000Z,0.0,DispatchRun
SKB-TS1-INV05,AlarmWorkState1-AlarmRun,1001,Alarm,2026-04-11T13:00:36.2610000Z,2026-04-11T15:24:37.2350000Z,0.0,AlarmRun
SKB-TS1-INV05,AlarmWorkState1-AlarmRun,1001,Alarm,2026-04-12T06:27:36.0010000Z,2026-04-12T08:04:37.4810000Z,0.0,AlarmRun
SKB-TS1-INV05,AlarmWorkState1-AlarmRun,1001,Alarm,2026-04-12T08:23:36.5870000Z,2026-04-12T08:49:08.5210000Z,0.0,AlarmRun
SKB-TS2-INV01,AlarmWorkState1-DispatchRun,1004,Alarm,2026-04-12T08:48:05.0020000Z,2026-04-12T10:34:04.9950000Z,0.0,DispatchRun
SKB-TS2-INV06,AlarmWorkState1-DispatchRun,1004,Alarm,2026-04-12T08:48:06.8060000Z,2026-04-12T10:34:09.0370000Z,0.0,DispatchRun
SKB-TS2-INV02,AlarmWorkState1-DispatchRun,1004,Alarm,2026-04-12T08:48:06.9380000Z,2026-04-12T10:34:09.1440000Z,0.0,DispatchRun
SKB-TS2-INV03,AlarmWorkState1-DispatchRun,1004,Alarm,2026-04-12T08:48:07.0380000Z,2026-04-12T10:34:09.2320000Z,0.0,DispatchRun
SKB-TS1-INV04,AlarmWorkState1-DispatchRun,1004,Alarm,2026-04-12T08:48:07.0580000Z,2026-04-12T10:34:09.2330000Z,0.0,DispatchRun
SKB-TS1-INV07,AlarmWorkState1-DispatchRun,1004,Alarm,2026-04-12T08:48:07.1310000Z,2026-04-12T10:34:09.3740000Z,0.0,DispatchRun
SKB-TS2-INV04,AlarmWorkState1-DispatchRun,1004,Alarm,2026-04-12T08:48:07.3470000Z,2026-04-12T10:34:09.5570000Z,0.0,DispatchRun
SKB-TS1-INV06,AlarmWorkState1-DispatchRun,1004,Alarm,2026-04-12T08:48:07.4370000Z,2026-04-12T10:34:09.6450000Z,0.0,DispatchRun
SKB-TS1-INV05,AlarmWorkState1-DispatchRun,1004,Alarm,2026-04-12T08:49:08.5210000Z,2026-04-12T10:34:09.5580000Z,0.0,DispatchRun
SKB-TS2-INV07,AlarmWorkState1-DispatchRun,1004,Alarm,2026-04-12T08:50:05.6270000Z,2026-04-12T10:34:09.3730000Z,0.0,DispatchRun
SKB-TS1-INV05,AlarmWorkState1-AlarmRun,1001,Alarm,2026-04-12T10:34:09.5580000Z,2026-04-12T10:34:37.9240000Z,0.0,AlarmRun
SKB-TS2-INV01,AlarmWorkState1-DispatchRun,1004,Alarm,2026-04-12T10:34:35.0560000Z,2026-04-12T10:35:35.0160000Z,0.0,DispatchRun
SKB-TS2-INV06,AlarmWorkState1-DispatchRun,1004,Alarm,2026-04-12T10:34:37.2900000Z,2026-04-12T10:35:35.9660000Z,0.0,DispatchRun
SKB-TS2-INV02,AlarmWorkState1-DispatchRun,1004,Alarm,2026-04-12T10:34:37.3710000Z,2026-04-12T10:35:36.0680000Z,0.0,DispatchRun
SKB-TS2-INV03,AlarmWorkState1-DispatchRun,1004,Alarm,2026-04-12T10:34:37.5340000Z,2026-04-12T10:35:36.1520000Z,0.0,DispatchRun
SKB-TS2-INV07,AlarmWorkState1-DispatchRun,1004,Alarm,2026-04-12T10:34:37.6120000Z,2026-04-12T10:35:36.2750000Z,0.0,DispatchRun
SKB-TS1-INV04,AlarmWorkState1-DispatchRun,1004,Alarm,2026-04-12T10:34:37.6210000Z,2026-04-12T10:35:36.1720000Z,0.0,DispatchRun
SKB-TS1-INV07,AlarmWorkState1-DispatchRun,1004,Alarm,2026-04-12T10:34:37.7620000Z,2026-04-12T10:35:36.3010000Z,0.0,DispatchRun
SKB-TS2-INV04,AlarmWorkState1-DispatchRun,1004,Alarm,2026-04-12T10:34:37.8120000Z,2026-04-12T10:35:36.5240000Z,0.0,DispatchRun
SKB-TS1-INV05,AlarmWorkState1-DispatchRun,1004,Alarm,2026-04-12T10:34:37.9240000Z,2026-04-12T10:35:36.5280000Z,0.0,DispatchRun
SKB-TS1-INV06,AlarmWorkState1-DispatchRun,1004,Alarm,2026-04-12T10:34:38.0290000Z,2026-04-12T10:35:36.6350000Z,0.0,DispatchRun
SKB-TS1-INV05,AlarmWorkState1-AlarmRun,1001,Alarm,2026-04-12T10:35:36.5280000Z,2026-04-12T10:45:38.2970000Z,0.0,AlarmRun
SKB-TS2-INV01,AlarmWorkState1-DispatchRun,1004,Alarm,2026-04-12T10:45:35.0080000Z,2026-04-12T10:46:35.3610000Z,0.0,DispatchRun
SKB-TS2-INV06,AlarmWorkState1-DispatchRun,1004,Alarm,2026-04-12T10:45:37.8770000Z,2026-04-12T10:46:38.2120000Z,0.0,DispatchRun
SKB-TS2-INV02,AlarmWorkState1-DispatchRun,1004,Alarm,2026-04-12T10:45:37.9470000Z,2026-04-12T10:46:38.3060000Z,0.0,DispatchRun
SKB-TS2-INV03,AlarmWorkState1-DispatchRun,1004,Alarm,2026-04-12T10:45:38.0680000Z,2026-04-12T10:46:38.3880000Z,0.0,DispatchRun
SKB-TS1-INV04,AlarmWorkState1-DispatchRun,1004,Alarm,2026-04-12T10:45:38.0770000Z,2026-04-12T10:46:38.4840000Z,0.0,DispatchRun
SKB-TS2-INV07,AlarmWorkState1-DispatchRun,1004,Alarm,2026-04-12T10:45:38.1090000Z,2026-04-12T10:46:38.5120000Z,0.0,DispatchRun
SKB-TS1-INV07,AlarmWorkState1-DispatchRun,1004,Alarm,2026-04-12T10:45:38.1360000Z,2026-04-12T10:46:38.6030000Z,0.0,DispatchRun
SKB-TS1-INV05,AlarmWorkState1-DispatchRun,1004,Alarm,2026-04-12T10:45:38.2970000Z,2026-04-12T10:46:38.8430000Z,0.0,DispatchRun
SKB-TS2-INV04,AlarmWorkState1-DispatchRun,1004,Alarm,2026-04-12T10:45:38.2980000Z,2026-04-12T10:46:38.7610000Z,0.0,DispatchRun
SKB-TS1-INV06,AlarmWorkState1-DispatchRun,1004,Alarm,2026-04-12T10:45:38.3310000Z,2026-04-12T10:46:38.9520000Z,0.0,DispatchRun
SKB-TS1-INV05,AlarmWorkState1-AlarmRun,1001,Alarm,2026-04-12T10:46:38.8430000Z,2026-04-12T10:47:05.8240000Z,0.0,AlarmRun
SKB-TS2-INV01,AlarmWorkState1-DispatchRun,1004,Alarm,2026-04-12T10:47:05.0300000Z,2026-04-12T10:52:35.8570000Z,0.0,DispatchRun
SKB-TS2-INV06,AlarmWorkState1-DispatchRun,1004,Alarm,2026-04-12T10:47:05.3090000Z,2026-04-12T10:52:36.1220000Z,0.0,DispatchRun
SKB-TS2-INV02,AlarmWorkState1-DispatchRun,1004,Alarm,2026-04-12T10:47:05.3690000Z,2026-04-12T10:52:36.2440000Z,0.0,DispatchRun
SKB-TS2-INV03,AlarmWorkState1-DispatchRun,1004,Alarm,2026-04-12T10:47:05.4660000Z,2026-04-12T10:52:36.3110000Z,0.0,DispatchRun
SKB-TS1-INV04,AlarmWorkState1-DispatchRun,1004,Alarm,2026-04-12T10:47:05.4770000Z,2026-04-12T10:52:36.2690000Z,0.0,DispatchRun
SKB-TS1-INV07,AlarmWorkState1-DispatchRun,1004,Alarm,2026-04-12T10:47:05.5760000Z,2026-04-12T10:52:36.3320000Z,0.0,DispatchRun
SKB-TS2-INV04,AlarmWorkState1-DispatchRun,1004,Alarm,2026-04-12T10:47:05.8110000Z,2026-04-12T10:52:36.5810000Z,0.0,DispatchRun
SKB-TS1-INV05,AlarmWorkState1-DispatchRun,1004,Alarm,2026-04-12T10:47:05.8240000Z,2026-04-12T10:52:36.5110000Z,0.0,DispatchRun
SKB-TS1-INV06,AlarmWorkState1-DispatchRun,1004,Alarm,2026-04-12T10:47:05.9260000Z,2026-04-12T10:52:36.6150000Z,0.0,DispatchRun
SKB-TS2-INV07,AlarmWorkState1-DispatchRun,1004,Alarm,2026-04-12T10:47:37.5100000Z,2026-04-12T10:52:36.3720000Z,0.0,DispatchRun
SKB-TS1-INV05,AlarmWorkState1-AlarmRun,1001,Alarm,2026-04-12T10:52:36.5110000Z,2026-04-12T10:55:37.2600000Z,0.0,AlarmRun
SKB-TS1-INV04,AlarmWorkState1-DispatchRun,1004,Alarm,2026-04-12T10:55:36.9050000Z,2026-04-12T11:04:38.3580000Z,0.0,DispatchRun
SKB-TS1-INV07,AlarmWorkState1-DispatchRun,1004,Alarm,2026-04-12T10:55:37.0220000Z,2026-04-12T11:04:38.4800000Z,0.0,DispatchRun
SKB-TS2-INV07,AlarmWorkState1-DispatchRun,1004,Alarm,2026-04-12T10:55:37.1350000Z,2026-04-12T11:04:38.3890000Z,0.0,DispatchRun
SKB-TS1-INV05,AlarmWorkState1-DispatchRun,1004,Alarm,2026-04-12T10:55:37.2600000Z,2026-04-12T11:04:38.6710000Z,0.0,DispatchRun
SKB-TS1-INV06,AlarmWorkState1-DispatchRun,1004,Alarm,2026-04-12T10:55:37.3330000Z,2026-04-12T11:04:38.8130000Z,0.0,DispatchRun
SKB-TS2-INV01,AlarmWorkState1-DispatchRun,1004,Alarm,2026-04-12T10:56:07.5770000Z,2026-04-12T11:05:05.0160000Z,0.0,DispatchRun
SKB-TS2-INV06,AlarmWorkState1-DispatchRun,1004,Alarm,2026-04-12T10:56:07.8100000Z,2026-04-12T11:04:38.0600000Z,0.0,DispatchRun
SKB-TS2-INV02,AlarmWorkState1-DispatchRun,1004,Alarm,2026-04-12T10:56:07.9150000Z,2026-04-12T11:04:38.1810000Z,0.0,DispatchRun
SKB-TS2-INV03,AlarmWorkState1-DispatchRun,1004,Alarm,2026-04-12T10:56:08.0040000Z,2026-04-12T11:04:38.2920000Z,0.0,DispatchRun
SKB-TS2-INV04,AlarmWorkState1-DispatchRun,1004,Alarm,2026-04-12T10:56:08.2870000Z,2026-04-12T11:04:38.5980000Z,0.0,DispatchRun
SKB-TS1-INV05,AlarmWorkState1-AlarmRun,1001,Alarm,2026-04-12T11:04:38.6710000Z,2026-04-12T11:07:38.3210000Z,0.0,AlarmRun
SKB-TS1-INV05,AlarmWorkState1-AlarmRun,1001,Alarm,2026-04-12T11:17:39.1630000Z,2026-04-12T11:20:37.8180000Z,0.0,AlarmRun
SKB-TS2-INV01,AlarmWorkState1-DispatchRun,1004,Alarm,2026-04-12T11:20:37.1330000Z,2026-04-12T11:37:35.0200000Z,0.0,DispatchRun
SKB-TS2-INV02,AlarmWorkState1-DispatchRun,1004,Alarm,2026-04-12T11:20:37.4220000Z,2026-04-12T11:37:38.6530000Z,0.0,DispatchRun
SKB-TS1-INV05,AlarmWorkState1-DispatchRun,1004,Alarm,2026-04-12T11:20:37.8180000Z,2026-04-12T11:37:39.2660000Z,0.0,DispatchRun
SKB-TS2-INV06,AlarmWorkState1-DispatchRun,1004,Alarm,2026-04-12T11:21:06.7660000Z,2026-04-12T11:37:38.5010000Z,0.0,DispatchRun
SKB-TS2-INV03,AlarmWorkState1-DispatchRun,1004,Alarm,2026-04-12T11:21:08.6050000Z,2026-04-12T11:37:38.7740000Z,0.0,DispatchRun
SKB-TS1-INV04,AlarmWorkState1-DispatchRun,1004,Alarm,2026-04-12T11:21:08.7120000Z,2026-04-12T11:37:38.9350000Z,0.0,DispatchRun
SKB-TS2-INV07,AlarmWorkState1-DispatchRun,1004,Alarm,2026-04-12T11:21:08.7310000Z,2026-04-12T11:37:38.9040000Z,0.0,DispatchRun
SKB-TS1-INV07,AlarmWorkState1-DispatchRun,1004,Alarm,2026-04-12T11:21:08.8030000Z,2026-04-12T11:37:39.0540000Z,0.0,DispatchRun
SKB-TS2-INV04,AlarmWorkState1-DispatchRun,1004,Alarm,2026-04-12T11:21:08.9530000Z,2026-04-12T11:37:39.1230000Z,0.0,DispatchRun
SKB-TS1-INV06,AlarmWorkState1-DispatchRun,1004,Alarm,2026-04-12T11:21:09.0900000Z,2026-04-12T11:37:39.3390000Z,0.0,DispatchRun
SKB-TS1-INV05,AlarmWorkState1-AlarmRun,1001,Alarm,2026-04-12T11:37:39.2660000Z,2026-04-12T11:39:08.4470000Z,0.0,AlarmRun
SKB-TS1-INV04,AlarmWorkState1-DispatchRun,1004,Alarm,2026-04-12T11:39:08.1270000Z,2026-04-12T11:48:08.1710000Z,0.0,DispatchRun
SKB-TS1-INV07,AlarmWorkState1-DispatchRun,1004,Alarm,2026-04-12T11:39:08.2410000Z,2026-04-12T11:48:08.2830000Z,0.0,DispatchRun
SKB-TS2-INV07,AlarmWorkState1-DispatchRun,1004,Alarm,2026-04-12T11:39:08.2600000Z,2026-04-12T11:48:08.3890000Z,0.0,DispatchRun
SKB-TS1-INV05,AlarmWorkState1-DispatchRun,1004,Alarm,2026-04-12T11:39:08.4470000Z,2026-04-12T11:48:08.5460000Z,0.0,DispatchRun
SKB-TS1-INV06,AlarmWorkState1-DispatchRun,1004,Alarm,2026-04-12T11:39:08.5600000Z,2026-04-12T11:48:08.6510000Z,0.0,DispatchRun
SKB-TS2-INV01,AlarmWorkState1-DispatchRun,1004,Alarm,2026-04-12T11:39:35.0270000Z,2026-04-12T11:48:35.2760000Z,0.0,DispatchRun
SKB-TS2-INV06,AlarmWorkState1-DispatchRun,1004,Alarm,2026-04-12T11:39:38.8300000Z,2026-04-12T11:48:08.0230000Z,0.0,DispatchRun
SKB-TS2-INV02,AlarmWorkState1-DispatchRun,1004,Alarm,2026-04-12T11:39:38.9280000Z,2026-04-12T11:48:08.1510000Z,0.0,DispatchRun
SKB-TS2-INV03,AlarmWorkState1-DispatchRun,1004,Alarm,2026-04-12T11:39:39.0080000Z,2026-04-12T11:48:38.5620000Z,0.0,DispatchRun
SKB-TS2-INV04,AlarmWorkState1-DispatchRun,1004,Alarm,2026-04-12T11:39:39.3610000Z,2026-04-12T11:48:38.8680000Z,0.0,DispatchRun
SKB-TS1-INV05,AlarmWorkState1-AlarmRun,1001,Alarm,2026-04-12T11:48:08.5460000Z,2026-04-12T11:49:38.6710000Z,0.0,AlarmRun
SKB-TS1-INV04,AlarmWorkState1-DispatchRun,1004,Alarm,2026-04-12T11:49:07.4020000Z,2026-04-12T11:51:39.0470000Z,0.0,DispatchRun
SKB-TS1-INV07,AlarmWorkState1-DispatchRun,1004,Alarm,2026-04-12T11:49:07.5060000Z,2026-04-12T11:51:39.1380000Z,0.0,DispatchRun
SKB-TS2-INV07,AlarmWorkState1-DispatchRun,1004,Alarm,2026-04-12T11:49:07.6510000Z,2026-04-12T11:51:39.1560000Z,0.0,DispatchRun
SKB-TS1-INV06,AlarmWorkState1-DispatchRun,1004,Alarm,2026-04-12T11:49:07.8670000Z,2026-04-12T11:51:39.4270000Z,0.0,DispatchRun
SKB-TS2-INV01,AlarmWorkState1-DispatchRun,1004,Alarm,2026-04-12T11:49:35.0160000Z,2026-04-12T11:51:36.2260000Z,0.0,DispatchRun
SKB-TS2-INV06,AlarmWorkState1-DispatchRun,1004,Alarm,2026-04-12T11:49:38.0490000Z,2026-04-12T11:51:38.8290000Z,0.0,DispatchRun
SKB-TS2-INV02,AlarmWorkState1-DispatchRun,1004,Alarm,2026-04-12T11:49:38.2400000Z,2026-04-12T11:51:38.9450000Z,0.0,DispatchRun
SKB-TS2-INV03,AlarmWorkState1-DispatchRun,1004,Alarm,2026-04-12T11:49:38.3730000Z,2026-04-12T11:51:39.0580000Z,0.0,DispatchRun
SKB-TS2-INV04,AlarmWorkState1-DispatchRun,1004,Alarm,2026-04-12T11:49:38.5960000Z,2026-04-12T11:51:39.3580000Z,0.0,DispatchRun
SKB-TS1-INV05,AlarmWorkState1-DispatchRun,1004,Alarm,2026-04-12T11:49:38.6710000Z,2026-04-12T11:51:39.3210000Z,0.0,DispatchRun
SKB-TS1-INV05,AlarmWorkState1-AlarmRun,1001,Alarm,2026-04-12T11:51:39.3210000Z,2026-04-12T12:12:10.0440000Z,0.0,AlarmRun
SKB-TS2-INV01,AlarmWorkState1-DispatchRun,1004,Alarm,2026-04-12T12:12:05.0590000Z,2026-04-12T12:16:05.0430000Z,0.0,DispatchRun
SKB-TS2-INV06,AlarmWorkState1-DispatchRun,1004,Alarm,2026-04-12T12:12:09.5300000Z,2026-04-12T12:16:09.0430000Z,0.0,DispatchRun
SKB-TS2-INV02,AlarmWorkState1-DispatchRun,1004,Alarm,2026-04-12T12:12:09.6650000Z,2026-04-12T12:16:09.1500000Z,0.0,DispatchRun
SKB-TS1-INV04,AlarmWorkState1-DispatchRun,1004,Alarm,2026-04-12T12:12:09.6950000Z,2026-04-12T12:16:09.2870000Z,0.0,DispatchRun
SKB-TS2-INV03,AlarmWorkState1-DispatchRun,1004,Alarm,2026-04-12T12:12:09.8110000Z,2026-04-12T12:16:09.2310000Z,0.0,DispatchRun
SKB-TS1-INV07,AlarmWorkState1-DispatchRun,1004,Alarm,2026-04-12T12:12:09.8320000Z,2026-04-12T12:16:09.3820000Z,0.0,DispatchRun
SKB-TS2-INV07,AlarmWorkState1-DispatchRun,1004,Alarm,2026-04-12T12:12:09.9050000Z,2026-04-12T12:16:09.3680000Z,0.0,DispatchRun
SKB-TS1-INV05,AlarmWorkState1-DispatchRun,1004,Alarm,2026-04-12T12:12:10.0440000Z,2026-04-12T12:16:09.5260000Z,0.0,DispatchRun
SKB-TS2-INV04,AlarmWorkState1-DispatchRun,1004,Alarm,2026-04-12T12:12:10.1580000Z,2026-04-12T12:16:09.5000000Z,0.0,DispatchRun
SKB-TS1-INV06,AlarmWorkState1-DispatchRun,1004,Alarm,2026-04-12T12:12:10.1760000Z,2026-04-12T12:16:09.6160000Z,0.0,DispatchRun
SKB-TS1-INV05,AlarmWorkState1-AlarmRun,1001,Alarm,2026-04-12T12:16:09.5260000Z,2026-04-12T12:22:05.6840000Z,0.0,AlarmRun
SKB-TS2-INV01,AlarmWorkState1-DispatchRun,1004,Alarm,2026-04-12T12:22:05.0210000Z,2026-04-12T12:49:05.0830000Z,0.0,DispatchRun
SKB-TS2-INV06,AlarmWorkState1-DispatchRun,1004,Alarm,2026-04-12T12:22:05.3740000Z,2026-04-12T12:48:37.3380000Z,0.0,DispatchRun
SKB-TS1-INV04,AlarmWorkState1-DispatchRun,1004,Alarm,2026-04-12T12:22:05.3960000Z,2026-04-12T12:48:37.5510000Z,0.0,DispatchRun
SKB-TS2-INV02,AlarmWorkState1-DispatchRun,1004,Alarm,2026-04-12T12:22:05.4510000Z,2026-04-12T12:48:37.4500000Z,0.0,DispatchRun
SKB-TS1-INV07,AlarmWorkState1-DispatchRun,1004,Alarm,2026-04-12T12:22:05.4830000Z,2026-04-12T12:48:37.6820000Z,0.0,DispatchRun
SKB-TS2-INV03,AlarmWorkState1-DispatchRun,1004,Alarm,2026-04-12T12:22:05.5390000Z,2026-04-12T12:48:37.5220000Z,0.0,DispatchRun
SKB-TS2-INV07,AlarmWorkState1-DispatchRun,1004,Alarm,2026-04-12T12:22:05.6290000Z,2026-04-12T12:48:37.6510000Z,0.0,DispatchRun
SKB-TS1-INV05,AlarmWorkState1-DispatchRun,1004,Alarm,2026-04-12T12:22:05.6840000Z,2026-04-12T12:48:37.9160000Z,0.0,DispatchRun
SKB-TS1-INV06,AlarmWorkState1-DispatchRun,1004,Alarm,2026-04-12T12:22:05.8090000Z,2026-04-12T12:48:38.0660000Z,0.0,DispatchRun
SKB-TS2-INV04,AlarmWorkState1-DispatchRun,1004,Alarm,2026-04-12T12:22:05.8370000Z,2026-04-12T12:48:37.8820000Z,0.0,DispatchRun
SKB-TS1-INV05,AlarmWorkState1-AlarmRun,1001,Alarm,2026-04-12T12:48:37.9160000Z,2026-04-12T13:32:08.7220000Z,0.0,AlarmRun
SKB-TS1-INV04,AlarmWorkState1-DispatchRun,1004,Alarm,2026-04-12T13:04:08.0040000Z,2026-04-12T13:05:08.2640000Z,0.0,DispatchRun
SKB-TS1-INV07,AlarmWorkState1-DispatchRun,1004,Alarm,2026-04-12T13:04:08.1020000Z,2026-04-12T13:05:08.4060000Z,0.0,DispatchRun
SKB-TS1-INV06,AlarmWorkState1-DispatchRun,1004,Alarm,2026-04-12T13:04:08.3250000Z,2026-04-12T13:05:08.6160000Z,0.0,DispatchRun
SKB-TS2-INV06,AlarmWorkState1-DispatchRun,1004,Alarm,2026-04-12T13:21:36.3730000Z,2026-04-12T13:22:07.5090000Z,0.0,DispatchRun
SKB-TS1-INV04,AlarmWorkState1-DispatchRun,1004,Alarm,2026-04-12T13:21:36.4700000Z,2026-04-12T13:22:07.5950000Z,0.0,DispatchRun
SKB-TS1-INV07,AlarmWorkState1-DispatchRun,1004,Alarm,2026-04-12T13:21:36.5700000Z,2026-04-12T13:22:07.6870000Z,0.0,DispatchRun
SKB-TS1-INV06,AlarmWorkState1-DispatchRun,1004,Alarm,2026-04-12T13:21:36.8440000Z,2026-04-12T13:22:07.9410000Z,0.0,DispatchRun
SKB-TS1-INV05,AlarmWorkState1-AlarmRun,1001,Alarm,2026-04-12T13:57:37.5440000Z,2026-04-12T14:31:07.5850000Z,0.0,AlarmRun
SKB-TS1-INV05,AlarmWorkState1-AlarmRun,1001,Alarm,2026-04-13T06:34:09.1260000Z,2026-04-13T09:09:36.0690000Z,0.0,AlarmRun
SKB-TS1-INV07,AlarmWorkState1-DispatchRun,1004,Alarm,2026-04-13T09:02:09.2970000Z,2026-04-13T09:02:38.2890000Z,0.0,DispatchRun
SKB-TS2-INV01,AlarmWorkState1-DispatchRun,1004,Alarm,2026-04-13T09:09:05.5590000Z,2026-04-13T09:14:35.5850000Z,0.0,DispatchRun
SKB-TS1-INV04,AlarmWorkState1-DispatchRun,1004,Alarm,2026-04-13T09:09:08.7550000Z,2026-04-13T09:14:36.0930000Z,0.0,DispatchRun
SKB-TS2-INV06,AlarmWorkState1-DispatchRun,1004,Alarm,2026-04-13T09:09:35.7860000Z,2026-04-13T09:14:35.8740000Z,0.0,DispatchRun
SKB-TS2-INV02,AlarmWorkState1-DispatchRun,1004,Alarm,2026-04-13T09:09:35.8480000Z,2026-04-13T09:14:36.0010000Z,0.0,DispatchRun
SKB-TS2-INV03,AlarmWorkState1-DispatchRun,1004,Alarm,2026-04-13T09:09:35.9300000Z,2026-04-13T09:14:36.1070000Z,0.0,DispatchRun
SKB-TS1-INV07,AlarmWorkState1-DispatchRun,1004,Alarm,2026-04-13T09:09:35.9650000Z,2026-04-13T09:14:36.1540000Z,0.0,DispatchRun
SKB-TS2-INV07,AlarmWorkState1-DispatchRun,1004,Alarm,2026-04-13T09:09:35.9770000Z,2026-04-13T09:14:36.1720000Z,0.0,DispatchRun
SKB-TS1-INV05,AlarmWorkState1-DispatchRun,1004,Alarm,2026-04-13T09:09:36.0690000Z,2026-04-13T09:10:36.8810000Z,0.0,DispatchRun
SKB-TS2-INV04,AlarmWorkState1-DispatchRun,1004,Alarm,2026-04-13T09:09:36.0850000Z,2026-04-13T09:14:36.3570000Z,0.0,DispatchRun
SKB-TS1-INV06,AlarmWorkState1-DispatchRun,1004,Alarm,2026-04-13T09:09:36.1330000Z,2026-04-13T09:14:36.4140000Z,0.0,DispatchRun
SKB-TS1-INV05,AlarmWorkState1-AlarmRun,1001,Alarm,2026-04-13T09:10:36.8810000Z,2026-04-13T09:11:08.2880000Z,0.0,AlarmRun
SKB-TS1-INV05,AlarmWorkState1-DispatchRun,1004,Alarm,2026-04-13T09:11:08.2880000Z,2026-04-13T09:14:36.3290000Z,0.0,DispatchRun
SKB-TS1-INV05,AlarmWorkState1-AlarmRun,1001,Alarm,2026-04-13T09:14:36.3290000Z,2026-04-13T09:15:37.4030000Z,0.0,AlarmRun
SKB-TS2-INV01,AlarmWorkState1-DispatchRun,1004,Alarm,2026-04-13T09:15:35.5860000Z,2026-04-13T09:21:07.0100000Z,0.0,DispatchRun
SKB-TS2-INV06,AlarmWorkState1-DispatchRun,1004,Alarm,2026-04-13T09:15:37.0340000Z,2026-04-13T09:21:09.9500000Z,0.0,DispatchRun
SKB-TS2-INV02,AlarmWorkState1-DispatchRun,1004,Alarm,2026-04-13T09:15:37.0890000Z,2026-04-13T09:21:10.0970000Z,0.0,DispatchRun
SKB-TS1-INV04,AlarmWorkState1-DispatchRun,1004,Alarm,2026-04-13T09:15:37.1340000Z,2026-04-13T09:21:10.1870000Z,0.0,DispatchRun
SKB-TS2-INV03,AlarmWorkState1-DispatchRun,1004,Alarm,2026-04-13T09:15:37.1350000Z,2026-04-13T09:21:10.2220000Z,0.0,DispatchRun
SKB-TS2-INV07,AlarmWorkState1-DispatchRun,1004,Alarm,2026-04-13T09:15:37.2100000Z,2026-04-13T09:21:10.3110000Z,0.0,DispatchRun
SKB-TS1-INV07,AlarmWorkState1-DispatchRun,1004,Alarm,2026-04-13T09:15:37.2120000Z,2026-04-13T09:21:10.3140000Z,0.0,DispatchRun
SKB-TS2-INV04,AlarmWorkState1-DispatchRun,1004,Alarm,2026-04-13T09:15:37.4010000Z,2026-04-13T09:21:10.5290000Z,0.0,DispatchRun
SKB-TS1-INV05,AlarmWorkState1-DispatchRun,1004,Alarm,2026-04-13T09:15:37.4030000Z,2026-04-13T09:21:10.5300000Z,0.0,DispatchRun
SKB-TS1-INV06,AlarmWorkState1-DispatchRun,1004,Alarm,2026-04-13T09:15:37.4900000Z,2026-04-13T09:21:10.6420000Z,0.0,DispatchRun
SKB-TS1-INV05,AlarmWorkState1-AlarmRun,1001,Alarm,2026-04-13T09:21:10.5300000Z,2026-04-13T09:21:38.1880000Z,0.0,AlarmRun
SKB-TS1-INV04,AlarmWorkState1-DispatchRun,1004,Alarm,2026-04-13T09:21:37.9330000Z,2026-04-13T09:22:08.6020000Z,0.0,DispatchRun
SKB-TS2-INV07,AlarmWorkState1-DispatchRun,1004,Alarm,2026-04-13T09:21:37.9360000Z,2026-04-13T09:22:08.7970000Z,0.0,DispatchRun
SKB-TS1-INV07,AlarmWorkState1-DispatchRun,1004,Alarm,2026-04-13T09:21:38.0690000Z,2026-04-13T09:22:08.6980000Z,0.0,DispatchRun
SKB-TS2-INV04,AlarmWorkState1-DispatchRun,1004,Alarm,2026-04-13T09:21:38.1450000Z,2026-04-13T09:23:06.7210000Z,0.0,DispatchRun
SKB-TS1-INV05,AlarmWorkState1-DispatchRun,1004,Alarm,2026-04-13T09:21:38.1880000Z,2026-04-13T09:22:08.9010000Z,0.0,DispatchRun
SKB-TS1-INV06,AlarmWorkState1-DispatchRun,1004,Alarm,2026-04-13T09:21:38.2720000Z,2026-04-13T09:22:09.0560000Z,0.0,DispatchRun
SKB-TS2-INV02,AlarmWorkState1-DispatchRun,1004,Alarm,2026-04-13T09:22:08.5830000Z,2026-04-13T09:23:06.1410000Z,0.0,DispatchRun
SKB-TS2-INV03,AlarmWorkState1-DispatchRun,1004,Alarm,2026-04-13T09:22:08.6810000Z,2026-04-13T09:23:06.2980000Z,0.0,DispatchRun
SKB-TS1-INV05,AlarmWorkState1-AlarmRun,1001,Alarm,2026-04-13T09:22:08.9010000Z,2026-04-13T09:33:06.3930000Z,0.0,AlarmRun
SKB-TS2-INV06,AlarmWorkState1-DispatchRun,1004,Alarm,2026-04-13T09:33:05.7360000Z,2026-04-13T09:33:39.1160000Z,0.0,DispatchRun
SKB-TS1-INV04,AlarmWorkState1-DispatchRun,1004,Alarm,2026-04-13T09:33:05.9940000Z,2026-04-13T09:33:39.3680000Z,0.0,DispatchRun
SKB-TS2-INV07,AlarmWorkState1-DispatchRun,1004,Alarm,2026-04-13T09:33:06.0190000Z,2026-04-13T09:33:39.4770000Z,0.0,DispatchRun
SKB-TS1-INV07,AlarmWorkState1-DispatchRun,1004,Alarm,2026-04-13T09:33:06.1110000Z,2026-04-13T09:34:08.1650000Z,0.0,DispatchRun
SKB-TS1-INV05,AlarmWorkState1-DispatchRun,1004,Alarm,2026-04-13T09:33:06.3930000Z,2026-04-13T09:33:39.6690000Z,0.0,DispatchRun
SKB-TS1-INV06,AlarmWorkState1-DispatchRun,1004,Alarm,2026-04-13T09:33:06.4960000Z,2026-04-13T09:33:39.7950000Z,0.0,DispatchRun
SKB-TS1-INV05,AlarmWorkState1-AlarmRun,1001,Alarm,2026-04-13T09:33:39.6690000Z,2026-04-13T09:38:06.4790000Z,0.0,AlarmRun
SKB-TS2-INV01,AlarmWorkState1-DispatchRun,1004,Alarm,2026-04-13T09:38:05.5540000Z,2026-04-13T09:40:07.3240000Z,0.0,DispatchRun
SKB-TS2-INV06,AlarmWorkState1-DispatchRun,1004,Alarm,2026-04-13T09:38:05.8350000Z,2026-04-13T09:39:38.3530000Z,0.0,DispatchRun
SKB-TS2-INV02,AlarmWorkState1-DispatchRun,1004,Alarm,2026-04-13T09:38:05.9610000Z,2026-04-13T09:40:07.6590000Z,0.0,DispatchRun
SKB-TS2-INV03,AlarmWorkState1-DispatchRun,1004,Alarm,2026-04-13T09:38:06.0910000Z,2026-04-13T09:39:38.6110000Z,0.0,DispatchRun
SKB-TS1-INV04,AlarmWorkState1-DispatchRun,1004,Alarm,2026-04-13T09:38:06.1380000Z,2026-04-13T09:39:38.7360000Z,0.0,DispatchRun
SKB-TS2-INV07,AlarmWorkState1-DispatchRun,1004,Alarm,2026-04-13T09:38:06.1880000Z,2026-04-13T09:39:38.7130000Z,0.0,DispatchRun
SKB-TS1-INV07,AlarmWorkState1-DispatchRun,1004,Alarm,2026-04-13T09:38:06.2920000Z,2026-04-13T09:39:38.8450000Z,0.0,DispatchRun
SKB-TS2-INV04,AlarmWorkState1-DispatchRun,1004,Alarm,2026-04-13T09:38:06.4140000Z,2026-04-13T09:39:38.9520000Z,0.0,DispatchRun
SKB-TS1-INV05,AlarmWorkState1-DispatchRun,1004,Alarm,2026-04-13T09:38:06.4790000Z,2026-04-13T09:39:39.0960000Z,0.0,DispatchRun
SKB-TS1-INV06,AlarmWorkState1-DispatchRun,1004,Alarm,2026-04-13T09:38:06.5630000Z,2026-04-13T09:40:08.1230000Z,0.0,DispatchRun
SKB-TS1-INV05,AlarmWorkState1-AlarmRun,1001,Alarm,2026-04-13T09:39:39.0960000Z,2026-04-13T09:40:38.1750000Z,0.0,AlarmRun
SKB-TS2-INV01,AlarmWorkState1-DispatchRun,1004,Alarm,2026-04-13T09:40:37.5920000Z,2026-04-13T09:44:35.8030000Z,0.0,DispatchRun
SKB-TS2-INV06,AlarmWorkState1-DispatchRun,1004,Alarm,2026-04-13T09:40:37.7750000Z,2026-04-13T09:44:36.0570000Z,0.0,DispatchRun
SKB-TS2-INV02,AlarmWorkState1-DispatchRun,1004,Alarm,2026-04-13T09:40:37.8480000Z,2026-04-13T09:44:36.1130000Z,0.0,DispatchRun
SKB-TS1-INV04,AlarmWorkState1-DispatchRun,1004,Alarm,2026-04-13T09:40:37.8790000Z,2026-04-13T09:44:36.1610000Z,0.0,DispatchRun
SKB-TS2-INV03,AlarmWorkState1-DispatchRun,1004,Alarm,2026-04-13T09:40:37.8870000Z,2026-04-13T09:44:36.1780000Z,0.0,DispatchRun
SKB-TS2-INV07,AlarmWorkState1-DispatchRun,1004,Alarm,2026-04-13T09:40:38.0130000Z,2026-04-13T09:44:36.2830000Z,0.0,DispatchRun
SKB-TS1-INV07,AlarmWorkState1-DispatchRun,1004,Alarm,2026-04-13T09:40:38.0140000Z,2026-04-13T09:44:36.2480000Z,0.0,DispatchRun
SKB-TS2-INV04,AlarmWorkState1-DispatchRun,1004,Alarm,2026-04-13T09:40:38.1740000Z,2026-04-13T09:44:36.5180000Z,0.0,DispatchRun
SKB-TS1-INV05,AlarmWorkState1-DispatchRun,1004,Alarm,2026-04-13T09:40:38.1750000Z,2026-04-13T09:44:36.4830000Z,0.0,DispatchRun
SKB-TS1-INV06,AlarmWorkState1-DispatchRun,1004,Alarm,2026-04-13T09:40:38.2520000Z,2026-04-13T09:44:36.6110000Z,0.0,DispatchRun
SKB-TS1-INV05,AlarmWorkState1-AlarmRun,1001,Alarm,2026-04-13T09:44:36.4830000Z,2026-04-13T09:46:40.6870000Z,0.0,AlarmRun
SKB-TS2-INV01,AlarmWorkState1-DispatchRun,1004,Alarm,2026-04-13T09:45:35.5450000Z,2026-04-13T09:46:05.5550000Z,0.0,DispatchRun
SKB-TS2-INV06,AlarmWorkState1-DispatchRun,1004,Alarm,2026-04-13T09:45:38.5940000Z,2026-04-13T09:46:08.6730000Z,0.0,DispatchRun
SKB-TS2-INV02,AlarmWorkState1-DispatchRun,1004,Alarm,2026-04-13T09:45:38.6680000Z,2026-04-13T09:46:08.7920000Z,0.0,DispatchRun
SKB-TS2-INV03,AlarmWorkState1-DispatchRun,1004,Alarm,2026-04-13T09:45:38.7700000Z,2026-04-13T09:46:08.8750000Z,0.0,DispatchRun
SKB-TS1-INV07,AlarmWorkState1-DispatchRun,1004,Alarm,2026-04-13T09:45:39.0440000Z,2026-04-13T09:46:08.9610000Z,0.0,DispatchRun
SKB-TS2-INV04,AlarmWorkState1-DispatchRun,1004,Alarm,2026-04-13T09:45:39.0870000Z,2026-04-13T09:46:09.1920000Z,0.0,DispatchRun
SKB-TS2-INV01,AlarmWorkState1-DispatchRun,1004,Alarm,2026-04-13T09:46:35.5690000Z,2026-04-13T09:49:05.6130000Z,0.0,DispatchRun
SKB-TS2-INV06,AlarmWorkState1-DispatchRun,1004,Alarm,2026-04-13T09:46:37.9380000Z,2026-04-13T09:49:05.8990000Z,0.0,DispatchRun
SKB-TS2-INV02,AlarmWorkState1-DispatchRun,1004,Alarm,2026-04-13T09:46:37.9890000Z,2026-04-13T09:49:06.0200000Z,0.0,DispatchRun
SKB-TS2-INV03,AlarmWorkState1-DispatchRun,1004,Alarm,2026-04-13T09:46:38.1050000Z,2026-04-13T09:49:06.1460000Z,0.0,DispatchRun
SKB-TS2-INV07,AlarmWorkState1-DispatchRun,1004,Alarm,2026-04-13T09:46:39.7660000Z,2026-04-13T09:49:06.2440000Z,0.0,DispatchRun
SKB-TS1-INV04,AlarmWorkState1-DispatchRun,1004,Alarm,2026-04-13T09:46:40.2230000Z,2026-04-13T09:49:06.1090000Z,0.0,DispatchRun
SKB-TS1-INV07,AlarmWorkState1-DispatchRun,1004,Alarm,2026-04-13T09:46:40.4590000Z,2026-04-13T09:49:06.2090000Z,0.0,DispatchRun
SKB-TS2-INV04,AlarmWorkState1-DispatchRun,1004,Alarm,2026-04-13T09:46:40.5600000Z,2026-04-13T09:49:06.4590000Z,0.0,DispatchRun
SKB-TS1-INV05,AlarmWorkState1-DispatchRun,1004,Alarm,2026-04-13T09:46:40.6870000Z,2026-04-13T09:48:39.2970000Z,0.0,DispatchRun
SKB-TS1-INV06,AlarmWorkState1-DispatchRun,1004,Alarm,2026-04-13T09:46:40.7410000Z,2026-04-13T09:49:06.5050000Z,0.0,DispatchRun
SKB-TS1-INV05,AlarmWorkState1-AlarmRun,1001,Alarm,2026-04-13T09:48:39.2970000Z,2026-04-13T09:49:36.2930000Z,0.0,AlarmRun
SKB-TS2-INV01,AlarmWorkState1-DispatchRun,1004,Alarm,2026-04-13T09:49:35.5680000Z,2026-04-13T09:56:07.5590000Z,0.0,DispatchRun
SKB-TS2-INV06,AlarmWorkState1-DispatchRun,1004,Alarm,2026-04-13T09:49:35.8630000Z,2026-04-13T09:56:08.7750000Z,0.0,DispatchRun
SKB-TS2-INV02,AlarmWorkState1-DispatchRun,1004,Alarm,2026-04-13T09:49:35.9400000Z,2026-04-13T09:56:08.8590000Z,0.0,DispatchRun
SKB-TS2-INV03,AlarmWorkState1-DispatchRun,1004,Alarm,2026-04-13T09:49:36.0420000Z,2026-04-13T09:56:08.9930000Z,0.0,DispatchRun
SKB-TS1-INV04,AlarmWorkState1-DispatchRun,1004,Alarm,2026-04-13T09:49:36.0440000Z,2026-04-13T09:56:08.9930000Z,0.0,DispatchRun
SKB-TS2-INV07,AlarmWorkState1-DispatchRun,1004,Alarm,2026-04-13T09:49:36.0990000Z,2026-04-13T09:56:09.0960000Z,0.0,DispatchRun
SKB-TS1-INV07,AlarmWorkState1-DispatchRun,1004,Alarm,2026-04-13T09:49:36.1000000Z,2026-04-13T09:56:09.0970000Z,0.0,DispatchRun
SKB-TS1-INV05,AlarmWorkState1-DispatchRun,1004,Alarm,2026-04-13T09:49:36.2930000Z,2026-04-13T09:56:09.3100000Z,0.0,DispatchRun
SKB-TS2-INV04,AlarmWorkState1-DispatchRun,1004,Alarm,2026-04-13T09:49:36.2950000Z,2026-04-13T09:56:09.2930000Z,0.0,DispatchRun
SKB-TS1-INV06,AlarmWorkState1-DispatchRun,1004,Alarm,2026-04-13T09:49:36.4130000Z,2026-04-13T09:56:09.4420000Z,0.0,DispatchRun
SKB-TS1-INV05,AlarmWorkState1-AlarmRun,1001,Alarm,2026-04-13T09:56:09.3100000Z,2026-04-13T09:56:37.0480000Z,0.0,AlarmRun
SKB-TS2-INV01,AlarmWorkState1-DispatchRun,1004,Alarm,2026-04-13T09:56:35.8220000Z,2026-04-13T10:00:42.3250000Z,0.0,DispatchRun
SKB-TS2-INV06,AlarmWorkState1-DispatchRun,1004,Alarm,2026-04-13T09:56:36.6070000Z,2026-04-13T10:00:42.5790000Z,0.0,DispatchRun
SKB-TS2-INV02,AlarmWorkState1-DispatchRun,1004,Alarm,2026-04-13T09:56:36.6850000Z,2026-04-13T10:00:42.6820000Z,0.0,DispatchRun
SKB-TS1-INV04,AlarmWorkState1-DispatchRun,1004,Alarm,2026-04-13T09:56:36.7470000Z,2026-04-13T10:00:42.7380000Z,0.0,DispatchRun
SKB-TS2-INV03,AlarmWorkState1-DispatchRun,1004,Alarm,2026-04-13T09:56:36.7820000Z,2026-04-13T10:00:42.8090000Z,0.0,DispatchRun
SKB-TS1-INV07,AlarmWorkState1-DispatchRun,1004,Alarm,2026-04-13T09:56:36.8520000Z,2026-04-13T10:00:42.8510000Z,0.0,DispatchRun
SKB-TS2-INV07,AlarmWorkState1-DispatchRun,1004,Alarm,2026-04-13T09:56:36.8780000Z,2026-04-13T10:00:42.9030000Z,0.0,DispatchRun
SKB-TS1-INV05,AlarmWorkState1-DispatchRun,1004,Alarm,2026-04-13T09:56:37.0480000Z,2026-04-13T10:00:43.0880000Z,0.0,DispatchRun
SKB-TS2-INV04,AlarmWorkState1-DispatchRun,1004,Alarm,2026-04-13T09:56:37.1190000Z,2026-04-13T10:00:43.1240000Z,0.0,DispatchRun
SKB-TS1-INV06,AlarmWorkState1-DispatchRun,1004,Alarm,2026-04-13T09:56:37.1510000Z,2026-04-13T10:00:43.1640000Z,0.0,DispatchRun
SKB-TS1-INV05,AlarmWorkState1-AlarmRun,1001,Alarm,2026-04-13T10:00:43.0880000Z,2026-04-13T10:02:10.8600000Z,0.0,AlarmRun
SKB-TS2-INV01,AlarmWorkState1-DispatchRun,1004,Alarm,2026-04-13T10:01:37.4300000Z,2026-04-13T10:03:08.8830000Z,0.0,DispatchRun
SKB-TS2-INV06,AlarmWorkState1-DispatchRun,1004,Alarm,2026-04-13T10:01:37.6360000Z,2026-04-13T10:03:09.2000000Z,0.0,DispatchRun
SKB-TS2-INV02,AlarmWorkState1-DispatchRun,1004,Alarm,2026-04-13T10:01:37.6580000Z,2026-04-13T10:03:09.3270000Z,0.0,DispatchRun
SKB-TS2-INV03,AlarmWorkState1-DispatchRun,1004,Alarm,2026-04-13T10:01:37.7100000Z,2026-04-13T10:03:09.4280000Z,0.0,DispatchRun
SKB-TS2-INV07,AlarmWorkState1-DispatchRun,1004,Alarm,2026-04-13T10:01:37.8110000Z,2026-04-13T10:03:09.5770000Z,0.0,DispatchRun
SKB-TS2-INV04,AlarmWorkState1-DispatchRun,1004,Alarm,2026-04-13T10:01:37.9430000Z,2026-04-13T10:03:09.8260000Z,0.0,DispatchRun
SKB-TS1-INV04,AlarmWorkState1-DispatchRun,1004,Alarm,2026-04-13T10:01:46.4640000Z,2026-04-13T10:03:09.4290000Z,0.0,DispatchRun
SKB-TS1-INV07,AlarmWorkState1-DispatchRun,1004,Alarm,2026-04-13T10:01:46.5460000Z,2026-04-13T10:03:09.5920000Z,0.0,DispatchRun
SKB-TS1-INV05,AlarmWorkState1-DispatchRun,1004,Alarm,2026-04-13T10:02:10.8600000Z,2026-04-13T10:03:09.8490000Z,0.0,DispatchRun
SKB-TS1-INV06,AlarmWorkState1-DispatchRun,1004,Alarm,2026-04-13T10:02:10.9710000Z,2026-04-13T10:03:09.9480000Z,0.0,DispatchRun
SKB-TS1-INV05,AlarmWorkState1-AlarmRun,1001,Alarm,2026-04-13T10:03:09.8490000Z,2026-04-13T10:09:39.1760000Z,0.0,AlarmRun
SKB-TS2-INV01,AlarmWorkState1-DispatchRun,1004,Alarm,2026-04-13T10:09:05.5580000Z,2026-04-13T10:10:36.4860000Z,0.0,DispatchRun
SKB-TS2-INV03,AlarmWorkState1-DispatchRun,1004,Alarm,2026-04-13T10:09:05.8620000Z,2026-04-13T10:10:37.7980000Z,0.0,DispatchRun
SKB-TS2-INV04,AlarmWorkState1-DispatchRun,1004,Alarm,2026-04-13T10:09:06.3260000Z,2026-04-13T10:10:38.1580000Z,0.0,DispatchRun
SKB-TS1-INV06,AlarmWorkState1-DispatchRun,1004,Alarm,2026-04-13T10:09:06.5340000Z,2026-04-13T10:10:38.1570000Z,0.0,DispatchRun
SKB-TS2-INV06,AlarmWorkState1-DispatchRun,1004,Alarm,2026-04-13T10:09:38.7310000Z,2026-04-13T10:10:37.5740000Z,0.0,DispatchRun
SKB-TS2-INV02,AlarmWorkState1-DispatchRun,1004,Alarm,2026-04-13T10:09:38.8210000Z,2026-04-13T10:10:37.7160000Z,0.0,DispatchRun
SKB-TS1-INV04,AlarmWorkState1-DispatchRun,1004,Alarm,2026-04-13T10:09:38.9320000Z,2026-04-13T10:10:37.7360000Z,0.0,DispatchRun
SKB-TS2-INV07,AlarmWorkState1-DispatchRun,1004,Alarm,2026-04-13T10:09:39.0500000Z,2026-04-13T10:10:37.9380000Z,0.0,DispatchRun
SKB-TS1-INV07,AlarmWorkState1-DispatchRun,1004,Alarm,2026-04-13T10:09:39.0580000Z,2026-04-13T10:10:37.8140000Z,0.0,DispatchRun
SKB-TS1-INV05,AlarmWorkState1-DispatchRun,1004,Alarm,2026-04-13T10:09:39.1760000Z,2026-04-13T10:10:38.0570000Z,0.0,DispatchRun
SKB-TS1-INV05,AlarmWorkState1-AlarmRun,1001,Alarm,2026-04-13T10:10:38.0570000Z,2026-04-13T10:11:09.5830000Z,0.0,AlarmRun
SKB-TS2-INV01,AlarmWorkState1-DispatchRun,1004,Alarm,2026-04-13T10:11:05.5670000Z,2026-04-13T10:27:35.5460000Z,0.0,DispatchRun
SKB-TS2-INV06,AlarmWorkState1-DispatchRun,1004,Alarm,2026-04-13T10:11:09.1920000Z,2026-04-13T10:27:37.4580000Z,0.0,DispatchRun
SKB-TS1-INV04,AlarmWorkState1-DispatchRun,1004,Alarm,2026-04-13T10:11:09.2820000Z,2026-04-13T10:27:37.6960000Z,0.0,DispatchRun
SKB-TS2-INV02,AlarmWorkState1-DispatchRun,1004,Alarm,2026-04-13T10:11:09.3200000Z,2026-04-13T10:27:37.5390000Z,0.0,DispatchRun
SKB-TS1-INV07,AlarmWorkState1-DispatchRun,1004,Alarm,2026-04-13T10:11:09.3640000Z,2026-04-13T10:27:37.7370000Z,0.0,DispatchRun
SKB-TS2-INV03,AlarmWorkState1-DispatchRun,1004,Alarm,2026-04-13T10:11:09.4170000Z,2026-04-13T10:27:37.6200000Z,0.0,DispatchRun
SKB-TS2-INV07,AlarmWorkState1-DispatchRun,1004,Alarm,2026-04-13T10:11:09.5400000Z,2026-04-13T10:27:37.7050000Z,0.0,DispatchRun
SKB-TS1-INV05,AlarmWorkState1-DispatchRun,1004,Alarm,2026-04-13T10:11:09.5830000Z,2026-04-13T10:27:37.9490000Z,0.0,DispatchRun
SKB-TS1-INV06,AlarmWorkState1-DispatchRun,1004,Alarm,2026-04-13T10:11:09.6480000Z,2026-04-13T10:27:38.0240000Z,0.0,DispatchRun
SKB-TS2-INV04,AlarmWorkState1-DispatchRun,1004,Alarm,2026-04-13T10:11:09.6540000Z,2026-04-13T10:27:37.8780000Z,0.0,DispatchRun
SKB-TS1-INV05,AlarmWorkState1-AlarmRun,1001,Alarm,2026-04-13T10:27:37.9490000Z,2026-04-13T10:29:38.6780000Z,0.0,AlarmRun
SKB-TS2-INV01,AlarmWorkState1-DispatchRun,1004,Alarm,2026-04-13T10:29:35.5580000Z,2026-04-13T10:35:06.5880000Z,0.0,DispatchRun
SKB-TS2-INV06,AlarmWorkState1-DispatchRun,1004,Alarm,2026-04-13T10:29:38.4340000Z,2026-04-13T10:35:07.5520000Z,0.0,DispatchRun
SKB-TS1-INV04,AlarmWorkState1-DispatchRun,1004,Alarm,2026-04-13T10:29:38.4770000Z,2026-04-13T10:35:07.7070000Z,0.0,DispatchRun
SKB-TS2-INV02,AlarmWorkState1-DispatchRun,1004,Alarm,2026-04-13T10:29:38.5090000Z,2026-04-13T10:35:07.6340000Z,0.0,DispatchRun
SKB-TS1-INV07,AlarmWorkState1-DispatchRun,1004,Alarm,2026-04-13T10:29:38.5540000Z,2026-04-13T10:35:07.8000000Z,0.0,DispatchRun
SKB-TS2-INV03,AlarmWorkState1-DispatchRun,1004,Alarm,2026-04-13T10:29:38.5550000Z,2026-04-13T10:35:07.7250000Z,0.0,DispatchRun
SKB-TS2-INV07,AlarmWorkState1-DispatchRun,1004,Alarm,2026-04-13T10:29:38.6160000Z,2026-04-13T10:35:07.8400000Z,0.0,DispatchRun
SKB-TS1-INV05,AlarmWorkState1-DispatchRun,1004,Alarm,2026-04-13T10:29:38.6780000Z,2026-04-13T10:35:08.0340000Z,0.0,DispatchRun
SKB-TS1-INV06,AlarmWorkState1-DispatchRun,1004,Alarm,2026-04-13T10:29:38.7490000Z,2026-04-13T10:35:08.0860000Z,0.0,DispatchRun
SKB-TS2-INV04,AlarmWorkState1-DispatchRun,1004,Alarm,2026-04-13T10:29:38.7660000Z,2026-04-13T10:35:08.0570000Z,0.0,DispatchRun
SKB-TS1-INV05,AlarmWorkState1-AlarmRun,1001,Alarm,2026-04-13T10:35:08.0340000Z,2026-04-13T10:36:09.8380000Z,0.0,AlarmRun
SKB-TS2-INV01,AlarmWorkState1-DispatchRun,1004,Alarm,2026-04-13T10:36:08.2020000Z,2026-04-13T10:40:07.5750000Z,0.0,DispatchRun
SKB-TS2-INV06,AlarmWorkState1-DispatchRun,1004,Alarm,2026-04-13T10:36:09.3610000Z,2026-04-13T10:38:37.9050000Z,0.0,DispatchRun
SKB-TS1-INV04,AlarmWorkState1-DispatchRun,1004,Alarm,2026-04-13T10:36:09.5910000Z,2026-04-13T10:40:07.8830000Z,0.0,DispatchRun
SKB-TS2-INV07,AlarmWorkState1-DispatchRun,1004,Alarm,2026-04-13T10:36:09.6150000Z,2026-04-13T10:38:38.1540000Z,0.0,DispatchRun
SKB-TS1-INV07,AlarmWorkState1-DispatchRun,1004,Alarm,2026-04-13T10:36:09.6180000Z,2026-04-13T10:38:38.1510000Z,0.0,DispatchRun
SKB-TS1-INV05,AlarmWorkState1-DispatchRun,1004,Alarm,2026-04-13T10:36:09.8380000Z,2026-04-13T10:40:08.2350000Z,0.0,DispatchRun
SKB-TS1-INV06,AlarmWorkState1-DispatchRun,1004,Alarm,2026-04-13T10:36:09.9250000Z,2026-04-13T10:40:08.3890000Z,0.0,DispatchRun
SKB-TS2-INV02,AlarmWorkState1-DispatchRun,1004,Alarm,2026-04-13T10:36:39.1900000Z,2026-04-13T10:38:37.9690000Z,0.0,DispatchRun
SKB-TS2-INV03,AlarmWorkState1-DispatchRun,1004,Alarm,2026-04-13T10:36:39.3020000Z,2026-04-13T10:38:38.0370000Z,0.0,DispatchRun
SKB-TS2-INV04,AlarmWorkState1-DispatchRun,1004,Alarm,2026-04-13T10:36:39.6530000Z,2026-04-13T10:38:38.3120000Z,0.0,DispatchRun
SKB-TS2-INV06,AlarmWorkState1-DispatchRun,1004,Alarm,2026-04-13T10:39:08.2760000Z,2026-04-13T10:40:07.7920000Z,0.0,DispatchRun
SKB-TS2-INV02,AlarmWorkState1-DispatchRun,1004,Alarm,2026-04-13T10:39:08.4230000Z,2026-04-13T10:40:07.8820000Z,0.0,DispatchRun
SKB-TS2-INV03,AlarmWorkState1-DispatchRun,1004,Alarm,2026-04-13T10:39:08.5430000Z,2026-04-13T10:40:07.9860000Z,0.0,DispatchRun
SKB-TS1-INV07,AlarmWorkState1-DispatchRun,1004,Alarm,2026-04-13T10:39:08.5770000Z,2026-04-13T10:40:07.9880000Z,0.0,DispatchRun
SKB-TS2-INV07,AlarmWorkState1-DispatchRun,1004,Alarm,2026-04-13T10:39:08.6000000Z,2026-04-13T10:40:08.1300000Z,0.0,DispatchRun
SKB-TS2-INV04,AlarmWorkState1-DispatchRun,1004,Alarm,2026-04-13T10:39:08.7350000Z,2026-04-13T10:40:08.3700000Z,0.0,DispatchRun
SKB-TS2-INV01,AlarmWorkState1-DispatchRun,1004,Alarm,2026-04-13T10:41:07.4110000Z,2026-04-13T10:57:37.4850000Z,0.0,DispatchRun
SKB-TS2-INV06,AlarmWorkState1-DispatchRun,1004,Alarm,2026-04-13T10:41:08.2690000Z,2026-04-13T10:57:39.5980000Z,0.0,DispatchRun
SKB-TS1-INV04,AlarmWorkState1-DispatchRun,1004,Alarm,2026-04-13T10:41:08.2720000Z,2026-04-13T10:57:39.8020000Z,0.0,DispatchRun
SKB-TS1-INV07,AlarmWorkState1-DispatchRun,1004,Alarm,2026-04-13T10:41:08.3580000Z,2026-04-13T10:57:39.9290000Z,0.0,DispatchRun
SKB-TS2-INV02,AlarmWorkState1-DispatchRun,1004,Alarm,2026-04-13T10:41:08.3590000Z,2026-04-13T10:57:39.7190000Z,0.0,DispatchRun
SKB-TS2-INV03,AlarmWorkState1-DispatchRun,1004,Alarm,2026-04-13T10:41:08.4420000Z,2026-04-13T10:57:39.8040000Z,0.0,DispatchRun
SKB-TS1-INV05,AlarmWorkState1-DispatchRun,1004,Alarm,2026-04-13T10:41:08.6210000Z,2026-04-13T10:57:40.1150000Z,0.0,DispatchRun
SKB-TS2-INV07,AlarmWorkState1-DispatchRun,1004,Alarm,2026-04-13T10:41:08.6310000Z,2026-04-13T10:57:39.9300000Z,0.0,DispatchRun
SKB-TS1-INV06,AlarmWorkState1-DispatchRun,1004,Alarm,2026-04-13T10:41:08.7480000Z,2026-04-13T10:57:40.1740000Z,0.0,DispatchRun
SKB-TS2-INV04,AlarmWorkState1-DispatchRun,1004,Alarm,2026-04-13T10:41:08.8500000Z,2026-04-13T11:08:37.0930000Z,0.0,DispatchRun
SKB-TS1-INV05,AlarmWorkState1-AlarmRun,1001,Alarm,2026-04-13T10:57:40.1150000Z,2026-04-13T10:58:08.9720000Z,0.0,AlarmRun
SKB-TS2-INV01,AlarmWorkState1-DispatchRun,1004,Alarm,2026-04-13T10:58:05.5390000Z,2026-04-13T11:08:36.4660000Z,0.0,DispatchRun
SKB-TS2-INV06,AlarmWorkState1-DispatchRun,1004,Alarm,2026-04-13T10:58:08.5170000Z,2026-04-13T11:08:36.6330000Z,0.0,DispatchRun
SKB-TS2-INV02,AlarmWorkState1-DispatchRun,1004,Alarm,2026-04-13T10:58:08.5700000Z,2026-04-13T11:22:38.1650000Z,0.0,DispatchRun
SKB-TS2-INV03,AlarmWorkState1-DispatchRun,1004,Alarm,2026-04-13T10:58:08.6430000Z,2026-04-13T11:22:38.2380000Z,0.0,DispatchRun
SKB-TS2-INV07,AlarmWorkState1-DispatchRun,1004,Alarm,2026-04-13T10:58:08.7490000Z,2026-04-13T11:08:36.9180000Z,0.0,DispatchRun
SKB-TS1-INV07,AlarmWorkState1-DispatchRun,1004,Alarm,2026-04-13T10:58:08.7680000Z,2026-04-13T11:08:36.8560000Z,0.0,DispatchRun
SKB-TS1-INV05,AlarmWorkState1-DispatchRun,1004,Alarm,2026-04-13T10:58:08.9720000Z,2026-04-13T11:08:37.0500000Z,0.0,DispatchRun
SKB-TS1-INV06,AlarmWorkState1-DispatchRun,1004,Alarm,2026-04-13T10:58:09.0340000Z,2026-04-13T11:22:38.6820000Z,0.0,DispatchRun
SKB-TS1-INV04,AlarmWorkState1-DispatchRun,1004,Alarm,2026-04-13T10:58:38.1950000Z,2026-04-13T11:22:38.2420000Z,0.0,DispatchRun
SKB-TS2-INV05,AlarmWorkState1-DispatchRun,1004,Alarm,2026-04-13T11:02:38.2710000Z,2026-04-13T11:03:05.7690000Z,0.0,DispatchRun
SKB-TS1-INV01,AlarmWorkState1-DispatchRun,1004,Alarm,2026-04-13T11:02:39.1920000Z,2026-04-13T11:03:05.7270000Z,0.0,DispatchRun
SKB-TS1-INV03,AlarmWorkState1-DispatchRun,1004,Alarm,2026-04-13T11:02:39.3190000Z,2026-04-13T11:03:05.8610000Z,0.0,DispatchRun
SKB-TS1-INV08,AlarmWorkState1-DispatchRun,1004,Alarm,2026-04-13T11:02:39.3690000Z,2026-04-13T11:03:05.9650000Z,0.0,DispatchRun
SKB-TS2-INV08,AlarmWorkState1-DispatchRun,1004,Alarm,2026-04-13T11:02:39.5970000Z,2026-04-13T11:03:06.2940000Z,0.0,DispatchRun
SKB-TS1-INV02,AlarmWorkState1-DispatchRun,1004,Alarm,2026-04-13T11:02:39.6430000Z,2026-04-13T11:03:06.2960000Z,0.0,DispatchRun
SKB-TS1-INV01,AlarmWorkState1-DispatchRun,1004,Alarm,2026-04-13T11:03:37.6810000Z,2026-04-13T11:08:36.5300000Z,0.0,DispatchRun
SKB-TS2-INV05,AlarmWorkState1-DispatchRun,1004,Alarm,2026-04-13T11:03:37.7060000Z,2026-04-13T11:08:36.5960000Z,0.0,DispatchRun
SKB-TS1-INV03,AlarmWorkState1-DispatchRun,1004,Alarm,2026-04-13T11:03:37.8310000Z,2026-04-13T11:08:36.6140000Z,0.0,DispatchRun
SKB-TS1-INV08,AlarmWorkState1-DispatchRun,1004,Alarm,2026-04-13T11:03:37.9370000Z,2026-04-13T11:08:36.6530000Z,0.0,DispatchRun
SKB-TS2-INV08,AlarmWorkState1-DispatchRun,1004,Alarm,2026-04-13T11:03:38.1710000Z,2026-04-13T11:08:37.0070000Z,0.0,DispatchRun
SKB-TS1-INV02,AlarmWorkState1-DispatchRun,1004,Alarm,2026-04-13T11:03:38.2160000Z,2026-04-13T11:08:36.9790000Z,0.0,DispatchRun
SKB-TS2-INV01,AlarmWorkState1-DispatchRun,1004,Alarm,2026-04-13T11:09:05.5450000Z,2026-04-13T11:22:37.0220000Z,0.0,DispatchRun
SKB-TS2-INV06,AlarmWorkState1-DispatchRun,1004,Alarm,2026-04-13T11:09:05.5960000Z,2026-04-13T11:22:38.0470000Z,0.0,DispatchRun
SKB-TS2-INV07,AlarmWorkState1-DispatchRun,1004,Alarm,2026-04-13T11:09:07.5680000Z,2026-04-13T11:22:38.3160000Z,0.0,DispatchRun
SKB-TS2-INV04,AlarmWorkState1-DispatchRun,1004,Alarm,2026-04-13T11:09:07.8100000Z,2026-04-13T11:22:38.5840000Z,0.0,DispatchRun
SKB-TS1-INV07,AlarmWorkState1-DispatchRun,1004,Alarm,2026-04-13T11:09:07.8110000Z,2026-04-13T11:22:38.3340000Z,0.0,DispatchRun
SKB-TS1-INV05,AlarmWorkState1-DispatchRun,1004,Alarm,2026-04-13T11:09:07.9950000Z,2026-04-13T11:22:38.5990000Z,0.0,DispatchRun
SKB-TS1-INV01,AlarmWorkState1-DispatchRun,1004,Alarm,2026-04-13T11:13:36.5010000Z,2026-04-13T11:15:07.6330000Z,0.0,DispatchRun
SKB-TS2-INV05,AlarmWorkState1-DispatchRun,1004,Alarm,2026-04-13T11:13:36.5290000Z,2026-04-13T11:15:06.7590000Z,0.0,DispatchRun
SKB-TS1-INV08,AlarmWorkState1-DispatchRun,1004,Alarm,2026-04-13T11:13:36.6720000Z,2026-04-13T11:15:07.8640000Z,0.0,DispatchRun
SKB-TS1-INV02,AlarmWorkState1-DispatchRun,1004,Alarm,2026-04-13T11:13:36.9420000Z,2026-04-13T11:15:08.1280000Z,0.0,DispatchRun
SKB-TS2-INV08,AlarmWorkState1-DispatchRun,1004,Alarm,2026-04-13T11:13:36.9810000Z,2026-04-13T11:15:08.0660000Z,0.0,DispatchRun
SKB-TS1-INV03,AlarmWorkState1-DispatchRun,1004,Alarm,2026-04-13T11:14:07.5640000Z,2026-04-13T11:15:07.7430000Z,0.0,DispatchRun
SKB-TS2-INV01,AlarmWorkState1-DispatchRun,1004,Alarm,2026-04-13T11:23:05.5680000Z,2026-04-13T11:24:35.5400000Z,0.0,DispatchRun
SKB-TS2-INV06,AlarmWorkState1-DispatchRun,1004,Alarm,2026-04-13T11:23:05.7590000Z,2026-04-13T11:24:37.6310000Z,0.0,DispatchRun
SKB-TS2-INV02,AlarmWorkState1-DispatchRun,1004,Alarm,2026-04-13T11:23:05.8980000Z,2026-04-13T11:24:37.7040000Z,0.0,DispatchRun
SKB-TS2-INV03,AlarmWorkState1-DispatchRun,1004,Alarm,2026-04-13T11:23:06.0140000Z,2026-04-13T11:24:37.8310000Z,0.0,DispatchRun
SKB-TS2-INV07,AlarmWorkState1-DispatchRun,1004,Alarm,2026-04-13T11:23:06.1460000Z,2026-04-13T11:24:37.9220000Z,0.0,DispatchRun
SKB-TS1-INV04,AlarmWorkState1-DispatchRun,1004,Alarm,2026-04-13T11:23:06.1900000Z,2026-04-13T11:24:37.8140000Z,0.0,DispatchRun
SKB-TS1-INV07,AlarmWorkState1-DispatchRun,1004,Alarm,2026-04-13T11:23:06.2950000Z,2026-04-13T11:24:37.9050000Z,0.0,DispatchRun
SKB-TS2-INV04,AlarmWorkState1-DispatchRun,1004,Alarm,2026-04-13T11:23:06.4340000Z,2026-04-13T11:24:38.1120000Z,0.0,DispatchRun
SKB-TS1-INV05,AlarmWorkState1-DispatchRun,1004,Alarm,2026-04-13T11:23:06.5600000Z,2026-04-13T11:24:38.0910000Z,0.0,DispatchRun
SKB-TS1-INV06,AlarmWorkState1-DispatchRun,1004,Alarm,2026-04-13T11:23:06.6500000Z,2026-04-13T11:24:38.1680000Z,0.0,DispatchRun
SKB-TS2-INV01,AlarmWorkState1-DispatchRun,1004,Alarm,2026-04-13T11:25:35.5610000Z,2026-04-13T12:24:36.8740000Z,0.0,DispatchRun
SKB-TS2-INV06,AlarmWorkState1-DispatchRun,1004,Alarm,2026-04-13T11:25:36.9880000Z,2026-04-13T12:24:37.0900000Z,0.0,DispatchRun
SKB-TS2-INV02,AlarmWorkState1-DispatchRun,1004,Alarm,2026-04-13T11:25:37.0820000Z,2026-04-13T12:24:37.2280000Z,0.0,DispatchRun
SKB-TS1-INV04,AlarmWorkState1-DispatchRun,1004,Alarm,2026-04-13T11:25:37.1200000Z,2026-04-13T12:24:37.2310000Z,0.0,DispatchRun
SKB-TS2-INV03,AlarmWorkState1-DispatchRun,1004,Alarm,2026-04-13T11:25:37.1990000Z,2026-04-13T12:24:37.3350000Z,0.0,DispatchRun
SKB-TS1-INV07,AlarmWorkState1-DispatchRun,1004,Alarm,2026-04-13T11:25:37.2390000Z,2026-04-13T12:24:37.3370000Z,0.0,DispatchRun
SKB-TS2-INV07,AlarmWorkState1-DispatchRun,1004,Alarm,2026-04-13T11:25:37.2910000Z,2026-04-13T12:24:37.4670000Z,0.0,DispatchRun
SKB-TS1-INV05,AlarmWorkState1-DispatchRun,1004,Alarm,2026-04-13T11:25:37.4690000Z,2026-04-13T12:24:37.5660000Z,0.0,DispatchRun
SKB-TS2-INV04,AlarmWorkState1-DispatchRun,1004,Alarm,2026-04-13T11:25:37.5140000Z,2026-04-13T12:24:37.6730000Z,0.0,DispatchRun
SKB-TS1-INV06,AlarmWorkState1-DispatchRun,1004,Alarm,2026-04-13T11:25:37.6040000Z,2026-04-13T12:24:37.6730000Z,0.0,DispatchRun
SKB-TS1-INV05,AlarmWorkState1-AlarmRun,1001,Alarm,2026-04-13T12:24:37.5660000Z,2026-04-13T12:26:09.1590000Z,0.0,AlarmRun
SKB-TS2-INV06,AlarmWorkState1-DispatchRun,1004,Alarm,2026-04-13T12:25:10.4330000Z,2026-04-13T12:25:36.5760000Z,0.0,DispatchRun
SKB-TS2-INV01,AlarmWorkState1-DispatchRun,1004,Alarm,2026-04-13T12:26:08.4480000Z,2026-04-13T12:31:36.5890000Z,0.0,DispatchRun
SKB-TS2-INV06,AlarmWorkState1-DispatchRun,1004,Alarm,2026-04-13T12:26:08.6900000Z,2026-04-13T12:31:36.8730000Z,0.0,DispatchRun
SKB-TS2-INV02,AlarmWorkState1-DispatchRun,1004,Alarm,2026-04-13T12:26:08.7630000Z,2026-04-13T12:31:36.9790000Z,0.0,DispatchRun
SKB-TS2-INV03,AlarmWorkState1-DispatchRun,1004,Alarm,2026-04-13T12:26:08.7930000Z,2026-04-13T12:31:37.0450000Z,0.0,DispatchRun
SKB-TS1-INV04,AlarmWorkState1-DispatchRun,1004,Alarm,2026-04-13T12:26:08.8410000Z,2026-04-13T12:31:37.0180000Z,0.0,DispatchRun
SKB-TS2-INV07,AlarmWorkState1-DispatchRun,1004,Alarm,2026-04-13T12:26:08.8920000Z,2026-04-13T12:31:37.1770000Z,0.0,DispatchRun
SKB-TS1-INV07,AlarmWorkState1-DispatchRun,1004,Alarm,2026-04-13T12:26:08.9790000Z,2026-04-13T12:31:37.0920000Z,0.0,DispatchRun
SKB-TS2-INV04,AlarmWorkState1-DispatchRun,1004,Alarm,2026-04-13T12:26:09.0700000Z,2026-04-13T12:31:37.4200000Z,0.0,DispatchRun
SKB-TS1-INV05,AlarmWorkState1-DispatchRun,1004,Alarm,2026-04-13T12:26:09.1590000Z,2026-04-13T12:31:37.3430000Z,0.0,DispatchRun
SKB-TS1-INV06,AlarmWorkState1-DispatchRun,1004,Alarm,2026-04-13T12:26:09.2310000Z,2026-04-13T12:31:37.4840000Z,0.0,DispatchRun
SKB-TS1-INV05,AlarmWorkState1-AlarmRun,1001,Alarm,2026-04-13T12:31:37.3430000Z,2026-04-13T12:42:36.3230000Z,0.0,AlarmRun
SKB-TS2-INV01,AlarmWorkState1-DispatchRun,1004,Alarm,2026-04-13T12:32:05.5690000Z,2026-04-13T12:33:05.5650000Z,0.0,DispatchRun
SKB-TS2-INV06,AlarmWorkState1-DispatchRun,1004,Alarm,2026-04-13T12:32:05.9150000Z,2026-04-13T12:33:06.8510000Z,0.0,DispatchRun
SKB-TS2-INV03,AlarmWorkState1-DispatchRun,1004,Alarm,2026-04-13T12:32:07.0730000Z,2026-04-13T12:33:07.0160000Z,0.0,DispatchRun
SKB-TS1-INV04,AlarmWorkState1-DispatchRun,1004,Alarm,2026-04-13T12:32:07.0950000Z,2026-04-13T12:33:06.9660000Z,0.0,DispatchRun
SKB-TS1-INV07,AlarmWorkState1-DispatchRun,1004,Alarm,2026-04-13T12:32:07.9350000Z,2026-04-13T12:33:07.0380000Z,0.0,DispatchRun
SKB-TS1-INV06,AlarmWorkState1-DispatchRun,1004,Alarm,2026-04-13T12:32:08.3100000Z,2026-04-13T12:33:07.3630000Z,0.0,DispatchRun
SKB-TS2-INV04,AlarmWorkState1-DispatchRun,1004,Alarm,2026-04-13T12:32:36.5370000Z,2026-04-13T12:33:07.3450000Z,0.0,DispatchRun
SKB-TS2-INV01,AlarmWorkState1-DispatchRun,1004,Alarm,2026-04-13T12:42:07.5880000Z,2026-04-13T13:10:07.7990000Z,0.0,DispatchRun
SKB-TS2-INV06,AlarmWorkState1-DispatchRun,1004,Alarm,2026-04-13T12:42:09.6990000Z,2026-04-13T13:10:08.0020000Z,0.0,DispatchRun
SKB-TS2-INV02,AlarmWorkState1-DispatchRun,1004,Alarm,2026-04-13T12:42:09.7520000Z,2026-04-13T12:50:39.1840000Z,0.0,DispatchRun
SKB-TS2-INV03,AlarmWorkState1-DispatchRun,1004,Alarm,2026-04-13T12:42:09.7750000Z,2026-04-13T13:10:08.2140000Z,0.0,DispatchRun
SKB-TS1-INV04,AlarmWorkState1-DispatchRun,1004,Alarm,2026-04-13T12:42:09.8350000Z,2026-04-13T13:10:08.0920000Z,0.0,DispatchRun
SKB-TS1-INV07,AlarmWorkState1-DispatchRun,1004,Alarm,2026-04-13T12:42:09.8970000Z,2026-04-13T13:10:08.2130000Z,0.0,DispatchRun
SKB-TS2-INV04,AlarmWorkState1-DispatchRun,1004,Alarm,2026-04-13T12:42:10.0380000Z,2026-04-13T12:54:08.0730000Z,0.0,DispatchRun
SKB-TS1-INV06,AlarmWorkState1-DispatchRun,1004,Alarm,2026-04-13T12:42:10.2000000Z,2026-04-13T13:10:08.4990000Z,0.0,DispatchRun
SKB-TS2-INV07,AlarmWorkState1-DispatchRun,1004,Alarm,2026-04-13T12:42:36.2600000Z,2026-04-13T12:50:39.3410000Z,0.0,DispatchRun
SKB-TS1-INV05,AlarmWorkState1-DispatchRun,1004,Alarm,2026-04-13T12:42:36.3230000Z,2026-04-13T12:50:08.2050000Z,0.0,DispatchRun
SKB-TS1-INV05,AlarmWorkState1-AlarmRun,1001,Alarm,2026-04-13T12:50:08.2050000Z,2026-04-13T12:52:36.3900000Z,0.0,AlarmRun
SKB-TS2-INV02,AlarmWorkState1-DispatchRun,1004,Alarm,2026-04-13T12:52:35.9950000Z,2026-04-13T12:54:07.7400000Z,0.0,DispatchRun
SKB-TS2-INV07,AlarmWorkState1-DispatchRun,1004,Alarm,2026-04-13T12:52:36.2340000Z,2026-04-13T12:54:07.8980000Z,0.0,DispatchRun
SKB-TS1-INV05,AlarmWorkState1-DispatchRun,1004,Alarm,2026-04-13T12:52:36.3900000Z,2026-04-13T12:54:08.0700000Z,0.0,DispatchRun
SKB-TS1-INV05,AlarmWorkState1-AlarmRun,1001,Alarm,2026-04-13T12:54:08.0700000Z,2026-04-13T12:54:36.3960000Z,0.0,AlarmRun
SKB-TS2-INV02,AlarmWorkState1-DispatchRun,1004,Alarm,2026-04-13T12:54:35.9650000Z,2026-04-13T13:10:08.1070000Z,0.0,DispatchRun
SKB-TS2-INV07,AlarmWorkState1-DispatchRun,1004,Alarm,2026-04-13T12:54:36.2100000Z,2026-04-13T13:10:08.2990000Z,0.0,DispatchRun
SKB-TS2-INV04,AlarmWorkState1-DispatchRun,1004,Alarm,2026-04-13T12:54:36.3860000Z,2026-04-13T13:10:08.5000000Z,0.0,DispatchRun
SKB-TS1-INV05,AlarmWorkState1-DispatchRun,1004,Alarm,2026-04-13T12:54:36.3960000Z,2026-04-13T13:10:08.3810000Z,0.0,DispatchRun
SKB-TS2-INV04,AlarmWorkState1-DispatchRun,1004,Alarm,2026-04-13T13:13:10.0270000Z,2026-04-13T13:13:39.0490000Z,0.0,DispatchRun
SKB-TS1-INV05,AlarmWorkState1-AlarmRun,1001,Alarm,2026-04-14T06:34:40.3150000Z,2026-04-14T07:44:38.9120000Z,0.0,AlarmRun
SKB-TS2-INV01,AlarmWorkState1-DispatchRun,1004,Alarm,2026-04-14T07:44:37.3040000Z,2026-04-14T08:24:07.6640000Z,0.0,DispatchRun
SKB-TS2-INV06,AlarmWorkState1-DispatchRun,1004,Alarm,2026-04-14T07:44:38.5370000Z,2026-04-14T08:24:08.8520000Z,0.0,DispatchRun
SKB-TS2-INV02,AlarmWorkState1-DispatchRun,1004,Alarm,2026-04-14T07:44:38.6090000Z,2026-04-14T08:24:08.9660000Z,0.0,DispatchRun
SKB-TS1-INV04,AlarmWorkState1-DispatchRun,1004,Alarm,2026-04-14T07:44:38.6270000Z,2026-04-14T08:24:09.1110000Z,0.0,DispatchRun
SKB-TS2-INV03,AlarmWorkState1-DispatchRun,1004,Alarm,2026-04-14T07:44:38.6560000Z,2026-04-14T08:24:09.0720000Z,0.0,DispatchRun
SKB-TS1-INV07,AlarmWorkState1-DispatchRun,1004,Alarm,2026-04-14T07:44:38.7160000Z,2026-04-14T08:24:09.2290000Z,0.0,DispatchRun
SKB-TS2-INV07,AlarmWorkState1-DispatchRun,1004,Alarm,2026-04-14T07:44:38.7330000Z,2026-04-14T08:24:09.1590000Z,0.0,DispatchRun
SKB-TS1-INV05,AlarmWorkState1-DispatchRun,1004,Alarm,2026-04-14T07:44:38.9120000Z,2026-04-14T08:24:09.4680000Z,0.0,DispatchRun
SKB-TS2-INV04,AlarmWorkState1-DispatchRun,1004,Alarm,2026-04-14T07:44:38.9850000Z,2026-04-14T08:24:09.3700000Z,0.0,DispatchRun
SKB-TS1-INV06,AlarmWorkState1-DispatchRun,1004,Alarm,2026-04-14T07:44:39.0160000Z,2026-04-14T08:24:09.5530000Z,0.0,DispatchRun
SKB-TS1-INV03,AlarmWorkState1-DispatchRun,1004,Alarm,2026-04-14T07:45:08.7050000Z,2026-04-14T08:23:07.1000000Z,0.0,DispatchRun
SKB-TS2-INV05,AlarmWorkState1-DispatchRun,1004,Alarm,2026-04-14T07:45:08.7670000Z,2026-04-14T08:23:07.0800000Z,0.0,DispatchRun
SKB-TS2-INV08,AlarmWorkState1-DispatchRun,1004,Alarm,2026-04-14T07:45:09.1830000Z,2026-04-14T08:23:07.4760000Z,0.0,DispatchRun
SKB-TS1-INV01,AlarmWorkState1-DispatchRun,1004,Alarm,2026-04-14T07:46:07.9200000Z,2026-04-14T08:23:06.9470000Z,0.0,DispatchRun
SKB-TS1-INV08,AlarmWorkState1-DispatchRun,1004,Alarm,2026-04-14T07:46:08.1160000Z,2026-04-14T08:23:07.1710000Z,0.0,DispatchRun
SKB-TS1-INV02,AlarmWorkState1-DispatchRun,1004,Alarm,2026-04-14T07:46:08.4810000Z,2026-04-14T08:23:07.3700000Z,0.0,DispatchRun
SKB-TS1-INV05,AlarmWorkState1-AlarmRun,1001,Alarm,2026-04-14T08:24:09.4680000Z,2026-04-14T10:29:11.9290000Z,0.0,AlarmRun
SKB-TS2-INV02,AlarmWorkState1-DispatchRun,1004,Alarm,2026-04-14T08:37:38.3540000Z,2026-04-14T08:38:36.6930000Z,0.0,DispatchRun
SKB-TS2-INV04,AlarmWorkState1-DispatchRun,1004,Alarm,2026-04-14T08:37:38.7700000Z,2026-04-14T08:38:37.1000000Z,0.0,DispatchRun
SKB-TS2-INV01,AlarmWorkState1-DispatchRun,1004,Alarm,2026-04-14T08:38:06.0660000Z,2026-04-14T08:38:36.3940000Z,0.0,DispatchRun
SKB-TS2-INV06,AlarmWorkState1-DispatchRun,1004,Alarm,2026-04-14T08:38:09.9760000Z,2026-04-14T08:38:36.6040000Z,0.0,DispatchRun
SKB-TS2-INV03,AlarmWorkState1-DispatchRun,1004,Alarm,2026-04-14T08:38:10.1730000Z,2026-04-14T08:38:36.8150000Z,0.0,DispatchRun
SKB-TS1-INV04,AlarmWorkState1-DispatchRun,1004,Alarm,2026-04-14T08:38:10.2250000Z,2026-04-14T08:38:36.6700000Z,0.0,DispatchRun
SKB-TS1-INV07,AlarmWorkState1-DispatchRun,1004,Alarm,2026-04-14T08:38:10.2850000Z,2026-04-14T08:38:36.8100000Z,0.0,DispatchRun
SKB-TS1-INV06,AlarmWorkState1-DispatchRun,1004,Alarm,2026-04-14T08:38:10.5250000Z,2026-04-14T08:38:37.0540000Z,0.0,DispatchRun
SKB-TS2-INV01,AlarmWorkState1-DispatchRun,1004,Alarm,2026-04-14T08:39:38.2060000Z,2026-04-14T08:40:36.4550000Z,0.0,DispatchRun
SKB-TS2-INV02,AlarmWorkState1-DispatchRun,1004,Alarm,2026-04-14T08:39:38.4970000Z,2026-04-14T08:40:38.5810000Z,0.0,DispatchRun
SKB-TS1-INV04,AlarmWorkState1-DispatchRun,1004,Alarm,2026-04-14T08:39:38.5460000Z,2026-04-14T08:40:38.6820000Z,0.0,DispatchRun
SKB-TS2-INV03,AlarmWorkState1-DispatchRun,1004,Alarm,2026-04-14T08:39:38.5800000Z,2026-04-14T08:40:38.6860000Z,0.0,DispatchRun
SKB-TS1-INV07,AlarmWorkState1-DispatchRun,1004,Alarm,2026-04-14T08:39:38.6160000Z,2026-04-14T08:40:38.7650000Z,0.0,DispatchRun
SKB-TS2-INV04,AlarmWorkState1-DispatchRun,1004,Alarm,2026-04-14T08:39:38.8670000Z,2026-04-14T08:40:39.8140000Z,0.0,DispatchRun
SKB-TS1-INV06,AlarmWorkState1-DispatchRun,1004,Alarm,2026-04-14T08:39:39.4320000Z,2026-04-14T08:40:39.9270000Z,0.0,DispatchRun
SKB-TS2-INV06,AlarmWorkState1-DispatchRun,1004,Alarm,2026-04-14T08:40:08.7040000Z,2026-04-14T08:40:38.4820000Z,0.0,DispatchRun
SKB-TS1-INV05,AlarmWorkState1-AlarmRun,1001,Alarm,2026-04-14T12:12:08.0390000Z,2026-04-14T12:12:37.8120000Z,0.0,AlarmRun
SKB-TS1-INV05,AlarmWorkState1-AlarmRun,1001,Alarm,2026-04-15T07:16:38.4830000Z,2026-04-15T07:20:07.5820000Z,0.0,AlarmRun
SKB-TS1-INV05,AlarmWorkState1-AlarmRun,1001,Alarm,2026-04-15T07:54:08.1590000Z,2026-04-15T08:06:11.0950000Z,0.0,AlarmRun
SKB-TS2-INV01,AlarmWorkState1-DispatchRun,1004,Alarm,2026-04-15T08:16:08.5650000Z,2026-04-15T08:18:36.7950000Z,0.0,DispatchRun
SKB-TS2-INV06,AlarmWorkState1-DispatchRun,1004,Alarm,2026-04-15T08:16:09.7510000Z,2026-04-15T08:18:37.7040000Z,0.0,DispatchRun
SKB-TS2-INV02,AlarmWorkState1-DispatchRun,1004,Alarm,2026-04-15T08:16:09.8740000Z,2026-04-15T08:18:37.8100000Z,0.0,DispatchRun
SKB-TS1-INV04,AlarmWorkState1-DispatchRun,1004,Alarm,2026-04-15T08:16:09.9160000Z,2026-04-15T08:18:37.9140000Z,0.0,DispatchRun
SKB-TS2-INV03,AlarmWorkState1-DispatchRun,1004,Alarm,2026-04-15T08:16:09.9190000Z,2026-04-15T08:18:37.8840000Z,0.0,DispatchRun
SKB-TS2-INV07,AlarmWorkState1-DispatchRun,1004,Alarm,2026-04-15T08:16:09.9550000Z,2026-04-15T08:18:37.9730000Z,0.0,DispatchRun
SKB-TS1-INV07,AlarmWorkState1-DispatchRun,1004,Alarm,2026-04-15T08:16:09.9560000Z,2026-04-15T08:18:37.9800000Z,0.0,DispatchRun
SKB-TS2-INV04,AlarmWorkState1-DispatchRun,1004,Alarm,2026-04-15T08:16:10.1190000Z,2026-04-15T08:18:38.1130000Z,0.0,DispatchRun
SKB-TS1-INV05,AlarmWorkState1-DispatchRun,1004,Alarm,2026-04-15T08:16:10.1540000Z,2026-04-15T08:18:38.1420000Z,0.0,DispatchRun
SKB-TS1-INV06,AlarmWorkState1-DispatchRun,1004,Alarm,2026-04-15T08:16:10.2390000Z,2026-04-15T08:18:38.2370000Z,0.0,DispatchRun
SKB-TS2-INV01,AlarmWorkState1-DispatchRun,1004,Alarm,2026-04-15T08:19:36.5600000Z,2026-04-15T08:21:08.4730000Z,0.0,DispatchRun
SKB-TS2-INV06,AlarmWorkState1-DispatchRun,1004,Alarm,2026-04-15T08:19:36.7910000Z,2026-04-15T08:21:08.6810000Z,0.0,DispatchRun
SKB-TS2-INV02,AlarmWorkState1-DispatchRun,1004,Alarm,2026-04-15T08:19:37.9380000Z,2026-04-15T08:21:08.7850000Z,0.0,DispatchRun
SKB-TS2-INV03,AlarmWorkState1-DispatchRun,1004,Alarm,2026-04-15T08:19:38.0430000Z,2026-04-15T08:21:08.8960000Z,0.0,DispatchRun
SKB-TS1-INV04,AlarmWorkState1-DispatchRun,1004,Alarm,2026-04-15T08:19:38.0610000Z,2026-04-15T08:21:08.7870000Z,0.0,DispatchRun
SKB-TS2-INV07,AlarmWorkState1-DispatchRun,1004,Alarm,2026-04-15T08:19:38.1300000Z,2026-04-15T08:21:09.0000000Z,0.0,DispatchRun
SKB-TS1-INV07,AlarmWorkState1-DispatchRun,1004,Alarm,2026-04-15T08:19:38.1390000Z,2026-04-15T08:21:08.8990000Z,0.0,DispatchRun
SKB-TS2-INV04,AlarmWorkState1-DispatchRun,1004,Alarm,2026-04-15T08:19:38.3420000Z,2026-04-15T08:21:09.2400000Z,0.0,DispatchRun
SKB-TS1-INV05,AlarmWorkState1-DispatchRun,1004,Alarm,2026-04-15T08:19:38.3440000Z,2026-04-15T08:21:09.1470000Z,0.0,DispatchRun
SKB-TS1-INV06,AlarmWorkState1-DispatchRun,1004,Alarm,2026-04-15T08:19:38.4000000Z,2026-04-15T08:21:09.2410000Z,0.0,DispatchRun
SKB-TS1-INV05,AlarmWorkState1-AlarmRun,1001,Alarm,2026-04-15T08:24:42.6530000Z,2026-04-15T08:28:39.9080000Z,0.0,AlarmRun
SKB-TS2-INV01,AlarmWorkState1-DispatchRun,1004,Alarm,2026-04-15T08:30:37.7400000Z,2026-04-15T08:31:09.1120000Z,0.0,DispatchRun
SKB-TS2-INV06,AlarmWorkState1-DispatchRun,1004,Alarm,2026-04-15T08:30:37.9550000Z,2026-04-15T08:31:10.3770000Z,0.0,DispatchRun
SKB-TS1-INV04,AlarmWorkState1-DispatchRun,1004,Alarm,2026-04-15T08:30:37.9810000Z,2026-04-15T08:31:10.4680000Z,0.0,DispatchRun
SKB-TS2-INV02,AlarmWorkState1-DispatchRun,1004,Alarm,2026-04-15T08:30:37.9890000Z,2026-04-15T08:31:10.4420000Z,0.0,DispatchRun
SKB-TS1-INV07,AlarmWorkState1-DispatchRun,1004,Alarm,2026-04-15T08:30:38.0650000Z,2026-04-15T08:31:10.5700000Z,0.0,DispatchRun
SKB-TS2-INV03,AlarmWorkState1-DispatchRun,1004,Alarm,2026-04-15T08:30:38.1010000Z,2026-04-15T08:31:10.5210000Z,0.0,DispatchRun
SKB-TS2-INV07,AlarmWorkState1-DispatchRun,1004,Alarm,2026-04-15T08:30:38.2250000Z,2026-04-15T08:31:10.5990000Z,0.0,DispatchRun
SKB-TS1-INV05,AlarmWorkState1-DispatchRun,1004,Alarm,2026-04-15T08:30:38.3090000Z,2026-04-15T08:31:10.6790000Z,0.0,DispatchRun
SKB-TS1-INV06,AlarmWorkState1-DispatchRun,1004,Alarm,2026-04-15T08:30:38.4410000Z,2026-04-15T08:31:10.7650000Z,0.0,DispatchRun
SKB-TS2-INV04,AlarmWorkState1-DispatchRun,1004,Alarm,2026-04-15T08:30:38.4590000Z,2026-04-15T08:31:10.7370000Z,0.0,DispatchRun
SKB-TS2-INV01,AlarmWorkState1-DispatchRun,1004,Alarm,2026-04-15T08:33:36.5740000Z,2026-04-15T08:34:06.5710000Z,0.0,DispatchRun
SKB-TS2-INV06,AlarmWorkState1-DispatchRun,1004,Alarm,2026-04-15T08:33:39.2740000Z,2026-04-15T08:34:06.9100000Z,0.0,DispatchRun
SKB-TS2-INV02,AlarmWorkState1-DispatchRun,1004,Alarm,2026-04-15T08:33:39.3990000Z,2026-04-15T08:34:06.9760000Z,0.0,DispatchRun
SKB-TS1-INV04,AlarmWorkState1-DispatchRun,1004,Alarm,2026-04-15T08:33:39.4640000Z,2026-04-15T08:34:07.0570000Z,0.0,DispatchRun
SKB-TS2-INV03,AlarmWorkState1-DispatchRun,1004,Alarm,2026-04-15T08:33:39.5310000Z,2026-04-15T08:34:07.0580000Z,0.0,DispatchRun
SKB-TS1-INV07,AlarmWorkState1-DispatchRun,1004,Alarm,2026-04-15T08:33:39.6090000Z,2026-04-15T08:34:07.1440000Z,0.0,DispatchRun
SKB-TS2-INV07,AlarmWorkState1-DispatchRun,1004,Alarm,2026-04-15T08:33:39.6330000Z,2026-04-15T08:34:07.1470000Z,0.0,DispatchRun
SKB-TS1-INV05,AlarmWorkState1-DispatchRun,1004,Alarm,2026-04-15T08:33:39.8220000Z,2026-04-15T08:34:07.3730000Z,0.0,DispatchRun
SKB-TS2-INV04,AlarmWorkState1-DispatchRun,1004,Alarm,2026-04-15T08:33:39.8450000Z,2026-04-15T08:34:07.3750000Z,0.0,DispatchRun
SKB-TS1-INV06,AlarmWorkState1-DispatchRun,1004,Alarm,2026-04-15T08:33:39.9550000Z,2026-04-15T08:34:07.4200000Z,0.0,DispatchRun
SKB-TS2-INV01,AlarmWorkState1-DispatchRun,1004,Alarm,2026-04-15T08:34:37.4860000Z,2026-04-15T08:36:06.5800000Z,0.0,DispatchRun
SKB-TS2-INV06,AlarmWorkState1-DispatchRun,1004,Alarm,2026-04-15T08:34:37.7450000Z,2026-04-15T08:36:12.2960000Z,0.0,DispatchRun
SKB-TS2-INV02,AlarmWorkState1-DispatchRun,1004,Alarm,2026-04-15T08:34:37.8590000Z,2026-04-15T08:36:12.4300000Z,0.0,DispatchRun
SKB-TS1-INV04,AlarmWorkState1-DispatchRun,1004,Alarm,2026-04-15T08:34:37.8800000Z,2026-04-15T08:36:12.6800000Z,0.0,DispatchRun
SKB-TS2-INV03,AlarmWorkState1-DispatchRun,1004,Alarm,2026-04-15T08:34:37.9600000Z,2026-04-15T08:36:12.5730000Z,0.0,DispatchRun
SKB-TS1-INV07,AlarmWorkState1-DispatchRun,1004,Alarm,2026-04-15T08:34:37.9790000Z,2026-04-15T08:36:12.7860000Z,0.0,DispatchRun
SKB-TS2-INV07,AlarmWorkState1-DispatchRun,1004,Alarm,2026-04-15T08:34:38.0090000Z,2026-04-15T08:36:12.6790000Z,0.0,DispatchRun
SKB-TS1-INV05,AlarmWorkState1-DispatchRun,1004,Alarm,2026-04-15T08:34:38.1290000Z,2026-04-15T08:36:12.9870000Z,0.0,DispatchRun
SKB-TS2-INV04,AlarmWorkState1-DispatchRun,1004,Alarm,2026-04-15T08:34:38.1390000Z,2026-04-15T08:36:12.9060000Z,0.0,DispatchRun
SKB-TS1-INV06,AlarmWorkState1-DispatchRun,1004,Alarm,2026-04-15T08:34:38.2150000Z,2026-04-15T08:36:13.0450000Z,0.0,DispatchRun
SKB-TS2-INV01,AlarmWorkState1-DispatchRun,1004,Alarm,2026-04-15T08:40:36.7720000Z,2026-04-15T08:41:06.5740000Z,0.0,DispatchRun
SKB-TS2-INV01,AlarmWorkState1-DispatchRun,1004,Alarm,2026-04-15T08:42:08.9310000Z,2026-04-15T08:43:39.1530000Z,0.0,DispatchRun
SKB-TS2-INV06,AlarmWorkState1-DispatchRun,1004,Alarm,2026-04-15T08:42:10.0660000Z,2026-04-15T08:43:09.9720000Z,0.0,DispatchRun
SKB-TS2-INV02,AlarmWorkState1-DispatchRun,1004,Alarm,2026-04-15T08:42:10.1630000Z,2026-04-15T08:43:10.1080000Z,0.0,DispatchRun
SKB-TS1-INV04,AlarmWorkState1-DispatchRun,1004,Alarm,2026-04-15T08:42:10.2580000Z,2026-04-15T08:43:39.5440000Z,0.0,DispatchRun
SKB-TS2-INV03,AlarmWorkState1-DispatchRun,1004,Alarm,2026-04-15T08:42:10.2650000Z,2026-04-15T08:43:10.2190000Z,0.0,DispatchRun
SKB-TS1-INV07,AlarmWorkState1-DispatchRun,1004,Alarm,2026-04-15T08:42:10.3930000Z,2026-04-15T08:43:10.2820000Z,0.0,DispatchRun
SKB-TS2-INV07,AlarmWorkState1-DispatchRun,1004,Alarm,2026-04-15T08:42:10.3960000Z,2026-04-15T08:43:10.3260000Z,0.0,DispatchRun
SKB-TS1-INV05,AlarmWorkState1-DispatchRun,1004,Alarm,2026-04-15T08:42:10.5290000Z,2026-04-15T08:43:10.5080000Z,0.0,DispatchRun
SKB-TS2-INV04,AlarmWorkState1-DispatchRun,1004,Alarm,2026-04-15T08:42:10.5300000Z,2026-04-15T08:43:10.5100000Z,0.0,DispatchRun
SKB-TS1-INV06,AlarmWorkState1-DispatchRun,1004,Alarm,2026-04-15T08:42:10.6270000Z,2026-04-15T08:43:10.6370000Z,0.0,DispatchRun
SKB-TS2-INV01,AlarmWorkState1-DispatchRun,1004,Alarm,2026-04-15T08:44:06.5900000Z,2026-04-15T08:45:08.3130000Z,0.0,DispatchRun
SKB-TS2-INV06,AlarmWorkState1-DispatchRun,1004,Alarm,2026-04-15T08:44:08.7100000Z,2026-04-15T08:45:08.5210000Z,0.0,DispatchRun
SKB-TS2-INV02,AlarmWorkState1-DispatchRun,1004,Alarm,2026-04-15T08:44:08.8460000Z,2026-04-15T08:45:08.6330000Z,0.0,DispatchRun
SKB-TS1-INV04,AlarmWorkState1-DispatchRun,1004,Alarm,2026-04-15T08:44:08.9010000Z,2026-04-15T08:45:08.6310000Z,0.0,DispatchRun
SKB-TS2-INV03,AlarmWorkState1-DispatchRun,1004,Alarm,2026-04-15T08:44:08.9020000Z,2026-04-15T08:45:08.7300000Z,0.0,DispatchRun
SKB-TS2-INV07,AlarmWorkState1-DispatchRun,1004,Alarm,2026-04-15T08:44:08.9630000Z,2026-04-15T08:45:08.8340000Z,0.0,DispatchRun
SKB-TS1-INV07,AlarmWorkState1-DispatchRun,1004,Alarm,2026-04-15T08:44:08.9640000Z,2026-04-15T08:45:08.7290000Z,0.0,DispatchRun
SKB-TS2-INV04,AlarmWorkState1-DispatchRun,1004,Alarm,2026-04-15T08:44:09.0890000Z,2026-04-15T08:45:09.0050000Z,0.0,DispatchRun
SKB-TS1-INV05,AlarmWorkState1-DispatchRun,1004,Alarm,2026-04-15T08:44:09.0980000Z,2026-04-15T08:45:08.9180000Z,0.0,DispatchRun
SKB-TS1-INV06,AlarmWorkState1-DispatchRun,1004,Alarm,2026-04-15T08:44:09.1890000Z,2026-04-15T08:45:09.0210000Z,0.0,DispatchRun
SKB-TS2-INV01,AlarmWorkState1-DispatchRun,1004,Alarm,2026-04-15T08:48:06.6000000Z,2026-04-15T08:50:36.6080000Z,0.0,DispatchRun
SKB-TS2-INV06,AlarmWorkState1-DispatchRun,1004,Alarm,2026-04-15T08:48:06.7790000Z,2026-04-15T08:50:37.7410000Z,0.0,DispatchRun
SKB-TS2-INV02,AlarmWorkState1-DispatchRun,1004,Alarm,2026-04-15T08:48:06.8920000Z,2026-04-15T08:50:37.8170000Z,0.0,DispatchRun
SKB-TS2-INV03,AlarmWorkState1-DispatchRun,1004,Alarm,2026-04-15T08:48:06.9380000Z,2026-04-15T08:50:37.9340000Z,0.0,DispatchRun
SKB-TS1-INV07,AlarmWorkState1-DispatchRun,1004,Alarm,2026-04-15T08:48:06.9680000Z,2026-04-15T08:50:38.0250000Z,0.0,DispatchRun
SKB-TS2-INV07,AlarmWorkState1-DispatchRun,1004,Alarm,2026-04-15T08:48:06.9720000Z,2026-04-15T08:50:38.0140000Z,0.0,DispatchRun
SKB-TS2-INV04,AlarmWorkState1-DispatchRun,1004,Alarm,2026-04-15T08:48:07.1660000Z,2026-04-15T08:50:38.2050000Z,0.0,DispatchRun
SKB-TS1-INV04,AlarmWorkState1-DispatchRun,1004,Alarm,2026-04-15T08:48:39.5460000Z,2026-04-15T08:50:37.9440000Z,0.0,DispatchRun
SKB-TS1-INV05,AlarmWorkState1-DispatchRun,1004,Alarm,2026-04-15T08:48:39.8270000Z,2026-04-15T08:50:38.2130000Z,0.0,DispatchRun
SKB-TS1-INV06,AlarmWorkState1-DispatchRun,1004,Alarm,2026-04-15T08:48:39.9140000Z,2026-04-15T08:50:38.2710000Z,0.0,DispatchRun
SKB-TS2-INV01,AlarmWorkState1-DispatchRun,1004,Alarm,2026-04-15T08:51:07.5860000Z,2026-04-15T08:53:36.5550000Z,0.0,DispatchRun
SKB-TS2-INV06,AlarmWorkState1-DispatchRun,1004,Alarm,2026-04-15T08:51:10.5130000Z,2026-04-15T08:53:37.5660000Z,0.0,DispatchRun
SKB-TS2-INV02,AlarmWorkState1-DispatchRun,1004,Alarm,2026-04-15T08:51:10.6110000Z,2026-04-15T08:53:37.6450000Z,0.0,DispatchRun
SKB-TS2-INV03,AlarmWorkState1-DispatchRun,1004,Alarm,2026-04-15T08:51:10.7450000Z,2026-04-15T08:53:37.6960000Z,0.0,DispatchRun
SKB-TS1-INV04,AlarmWorkState1-DispatchRun,1004,Alarm,2026-04-15T08:51:10.7980000Z,2026-04-15T08:53:37.7300000Z,0.0,DispatchRun
SKB-TS2-INV07,AlarmWorkState1-DispatchRun,1004,Alarm,2026-04-15T08:51:10.8490000Z,2026-04-15T08:53:37.8110000Z,0.0,DispatchRun
SKB-TS1-INV07,AlarmWorkState1-DispatchRun,1004,Alarm,2026-04-15T08:51:10.9160000Z,2026-04-15T08:53:37.8750000Z,0.0,DispatchRun
SKB-TS2-INV04,AlarmWorkState1-DispatchRun,1004,Alarm,2026-04-15T08:51:11.0880000Z,2026-04-15T08:53:37.9510000Z,0.0,DispatchRun
SKB-TS1-INV05,AlarmWorkState1-DispatchRun,1004,Alarm,2026-04-15T08:51:11.1440000Z,2026-04-15T08:53:37.9980000Z,0.0,DispatchRun
SKB-TS1-INV06,AlarmWorkState1-DispatchRun,1004,Alarm,2026-04-15T08:51:11.2530000Z,2026-04-15T08:53:38.0230000Z,0.0,DispatchRun
SKB-TS2-INV01,AlarmWorkState1-DispatchRun,1004,Alarm,2026-04-15T08:54:37.7510000Z,2026-04-15T09:19:06.6230000Z,0.0,DispatchRun
SKB-TS2-INV06,AlarmWorkState1-DispatchRun,1004,Alarm,2026-04-15T08:54:38.0150000Z,2026-04-15T09:28:37.1590000Z,0.0,DispatchRun
SKB-TS2-INV02,AlarmWorkState1-DispatchRun,1004,Alarm,2026-04-15T08:54:38.1360000Z,2026-04-15T09:28:37.2700000Z,0.0,DispatchRun
SKB-TS1-INV04,AlarmWorkState1-DispatchRun,1004,Alarm,2026-04-15T08:54:38.1370000Z,2026-04-15T09:28:37.3200000Z,0.0,DispatchRun
SKB-TS2-INV03,AlarmWorkState1-DispatchRun,1004,Alarm,2026-04-15T08:54:38.2680000Z,2026-04-15T09:28:37.3110000Z,0.0,DispatchRun
SKB-TS1-INV07,AlarmWorkState1-DispatchRun,1004,Alarm,2026-04-15T08:54:38.2700000Z,2026-04-15T09:28:37.4390000Z,0.0,DispatchRun
SKB-TS2-INV07,AlarmWorkState1-DispatchRun,1004,Alarm,2026-04-15T08:54:38.4560000Z,2026-04-15T09:28:37.3990000Z,0.0,DispatchRun
SKB-TS1-INV05,AlarmWorkState1-DispatchRun,1004,Alarm,2026-04-15T08:54:38.5690000Z,2026-04-15T09:28:38.5210000Z,0.0,DispatchRun
SKB-TS1-INV06,AlarmWorkState1-DispatchRun,1004,Alarm,2026-04-15T08:54:38.6800000Z,2026-04-15T09:28:38.5640000Z,0.0,DispatchRun
SKB-TS2-INV04,AlarmWorkState1-DispatchRun,1004,Alarm,2026-04-15T08:54:38.6830000Z,2026-04-15T09:28:38.4270000Z,0.0,DispatchRun
SKB-TS2-INV01,AlarmWorkState1-DispatchRun,1004,Alarm,2026-04-15T09:19:36.6140000Z,2026-04-15T09:28:36.8970000Z,0.0,DispatchRun
SKB-TS1-INV05,AlarmWorkState1-AlarmRun,1001,Alarm,2026-04-15T09:28:38.5210000Z,2026-04-15T09:29:39.2930000Z,0.0,AlarmRun
SKB-TS2-INV01,AlarmWorkState1-DispatchRun,1004,Alarm,2026-04-15T09:30:07.7880000Z,2026-04-15T09:30:37.5080000Z,0.0,DispatchRun
SKB-TS2-INV06,AlarmWorkState1-DispatchRun,1004,Alarm,2026-04-15T09:30:09.8230000Z,2026-04-15T09:30:39.5890000Z,0.0,DispatchRun
SKB-TS2-INV02,AlarmWorkState1-DispatchRun,1004,Alarm,2026-04-15T09:30:09.9390000Z,2026-04-15T09:30:39.7000000Z,0.0,DispatchRun
SKB-TS1-INV04,AlarmWorkState1-DispatchRun,1004,Alarm,2026-04-15T09:30:10.0570000Z,2026-04-15T09:30:39.8130000Z,0.0,DispatchRun
SKB-TS2-INV03,AlarmWorkState1-DispatchRun,1004,Alarm,2026-04-15T09:30:10.0660000Z,2026-04-15T09:30:39.7810000Z,0.0,DispatchRun
SKB-TS1-INV07,AlarmWorkState1-DispatchRun,1004,Alarm,2026-04-15T09:30:10.1600000Z,2026-04-15T09:30:39.9240000Z,0.0,DispatchRun
SKB-TS2-INV07,AlarmWorkState1-DispatchRun,1004,Alarm,2026-04-15T09:30:10.1760000Z,2026-04-15T09:30:39.8200000Z,0.0,DispatchRun
SKB-TS1-INV05,AlarmWorkState1-DispatchRun,1004,Alarm,2026-04-15T09:30:10.3250000Z,2026-04-15T09:30:40.1220000Z,0.0,DispatchRun
SKB-TS2-INV04,AlarmWorkState1-DispatchRun,1004,Alarm,2026-04-15T09:30:10.3260000Z,2026-04-15T09:30:40.0190000Z,0.0,DispatchRun
SKB-TS1-INV06,AlarmWorkState1-DispatchRun,1004,Alarm,2026-04-15T09:30:10.4110000Z,2026-04-15T09:30:40.1970000Z,0.0,DispatchRun
SKB-TS2-INV01,AlarmWorkState1-DispatchRun,1004,Alarm,2026-04-15T09:31:08.9830000Z,2026-04-15T09:49:06.6090000Z,0.0,DispatchRun
SKB-TS2-INV06,AlarmWorkState1-DispatchRun,1004,Alarm,2026-04-15T09:31:09.2280000Z,2026-04-15T09:49:08.2650000Z,0.0,DispatchRun
SKB-TS2-INV02,AlarmWorkState1-DispatchRun,1004,Alarm,2026-04-15T09:31:09.3430000Z,2026-04-15T09:49:08.3400000Z,0.0,DispatchRun
SKB-TS2-INV03,AlarmWorkState1-DispatchRun,1004,Alarm,2026-04-15T09:31:09.4100000Z,2026-04-15T09:49:08.4500000Z,0.0,DispatchRun
SKB-TS1-INV04,AlarmWorkState1-DispatchRun,1004,Alarm,2026-04-15T09:31:09.4110000Z,2026-04-15T09:49:08.3900000Z,0.0,DispatchRun
SKB-TS1-INV07,AlarmWorkState1-DispatchRun,1004,Alarm,2026-04-15T09:31:09.5320000Z,2026-04-15T09:49:08.4770000Z,0.0,DispatchRun
SKB-TS2-INV07,AlarmWorkState1-DispatchRun,1004,Alarm,2026-04-15T09:31:09.5320000Z,2026-04-15T09:49:08.5150000Z,0.0,DispatchRun
SKB-TS2-INV04,AlarmWorkState1-DispatchRun,1004,Alarm,2026-04-15T09:31:09.7190000Z,2026-04-15T09:49:08.7870000Z,0.0,DispatchRun
SKB-TS1-INV05,AlarmWorkState1-DispatchRun,1004,Alarm,2026-04-15T09:31:09.7210000Z,2026-04-15T09:49:08.7370000Z,0.0,DispatchRun
SKB-TS1-INV06,AlarmWorkState1-DispatchRun,1004,Alarm,2026-04-15T09:31:09.8110000Z,2026-04-15T09:49:08.7920000Z,0.0,DispatchRun
SKB-TS2-INV01,AlarmWorkState1-DispatchRun,1004,Alarm,2026-04-15T09:49:36.6240000Z,2026-04-15T09:50:36.9330000Z,0.0,DispatchRun
SKB-TS2-INV06,AlarmWorkState1-DispatchRun,1004,Alarm,2026-04-15T09:49:39.5170000Z,2026-04-15T09:50:39.8860000Z,0.0,DispatchRun
SKB-TS2-INV02,AlarmWorkState1-DispatchRun,1004,Alarm,2026-04-15T09:49:39.6530000Z,2026-04-15T09:50:39.9910000Z,0.0,DispatchRun
SKB-TS2-INV03,AlarmWorkState1-DispatchRun,1004,Alarm,2026-04-15T09:49:39.7630000Z,2026-04-15T09:50:40.1380000Z,0.0,DispatchRun
SKB-TS1-INV04,AlarmWorkState1-DispatchRun,1004,Alarm,2026-04-15T09:49:39.7890000Z,2026-04-15T09:50:40.2720000Z,0.0,DispatchRun
SKB-TS2-INV07,AlarmWorkState1-DispatchRun,1004,Alarm,2026-04-15T09:49:39.8860000Z,2026-04-15T09:50:40.2610000Z,0.0,DispatchRun
SKB-TS1-INV07,AlarmWorkState1-DispatchRun,1004,Alarm,2026-04-15T09:49:39.9210000Z,2026-04-15T09:50:40.3390000Z,0.0,DispatchRun
SKB-TS2-INV04,AlarmWorkState1-DispatchRun,1004,Alarm,2026-04-15T09:49:40.0510000Z,2026-04-15T09:50:40.4340000Z,0.0,DispatchRun
SKB-TS1-INV05,AlarmWorkState1-DispatchRun,1004,Alarm,2026-04-15T09:49:40.1330000Z,2026-04-15T09:50:40.5310000Z,0.0,DispatchRun
SKB-TS1-INV06,AlarmWorkState1-DispatchRun,1004,Alarm,2026-04-15T09:49:40.1860000Z,2026-04-15T09:50:40.5910000Z,0.0,DispatchRun
SKB-TS2-INV02,AlarmWorkState1-DispatchRun,1004,Alarm,2026-04-15T09:52:09.6220000Z,2026-04-15T09:55:06.8990000Z,0.0,DispatchRun
SKB-TS2-INV04,AlarmWorkState1-DispatchRun,1004,Alarm,2026-04-15T09:52:09.9110000Z,2026-04-15T09:55:07.2830000Z,0.0,DispatchRun
SKB-TS2-INV01,AlarmWorkState1-DispatchRun,1004,Alarm,2026-04-15T09:52:38.6650000Z,2026-04-15T09:55:06.6260000Z,0.0,DispatchRun
SKB-TS2-INV06,AlarmWorkState1-DispatchRun,1004,Alarm,2026-04-15T09:52:39.9210000Z,2026-04-15T09:55:06.8390000Z,0.0,DispatchRun
SKB-TS2-INV03,AlarmWorkState1-DispatchRun,1004,Alarm,2026-04-15T09:52:40.1620000Z,2026-04-15T09:55:07.0010000Z,0.0,DispatchRun
SKB-TS1-INV04,AlarmWorkState1-DispatchRun,1004,Alarm,2026-04-15T09:52:40.2470000Z,2026-04-15T09:55:07.9580000Z,0.0,DispatchRun
SKB-TS2-INV07,AlarmWorkState1-DispatchRun,1004,Alarm,2026-04-15T09:52:40.2480000Z,2026-04-15T09:55:07.0710000Z,0.0,DispatchRun
SKB-TS1-INV07,AlarmWorkState1-DispatchRun,1004,Alarm,2026-04-15T09:52:40.3350000Z,2026-04-15T09:55:08.0090000Z,0.0,DispatchRun
SKB-TS1-INV05,AlarmWorkState1-DispatchRun,1004,Alarm,2026-04-15T09:52:40.4970000Z,2026-04-15T09:55:08.1770000Z,0.0,DispatchRun
SKB-TS1-INV06,AlarmWorkState1-DispatchRun,1004,Alarm,2026-04-15T09:52:40.5440000Z,2026-04-15T09:55:08.2630000Z,0.0,DispatchRun
SKB-TS2-INV02,AlarmWorkState1-DispatchRun,1004,Alarm,2026-04-15T09:55:40.9440000Z,2026-04-15T09:57:09.7460000Z,0.0,DispatchRun
SKB-TS2-INV04,AlarmWorkState1-DispatchRun,1004,Alarm,2026-04-15T09:55:41.3380000Z,2026-04-15T09:57:10.0480000Z,0.0,DispatchRun
SKB-TS2-INV01,AlarmWorkState1-DispatchRun,1004,Alarm,2026-04-15T09:56:06.6100000Z,2026-04-15T09:57:06.6030000Z,0.0,DispatchRun
SKB-TS2-INV06,AlarmWorkState1-DispatchRun,1004,Alarm,2026-04-15T09:56:08.9310000Z,2026-04-15T09:57:09.6220000Z,0.0,DispatchRun
SKB-TS1-INV04,AlarmWorkState1-DispatchRun,1004,Alarm,2026-04-15T09:56:09.0980000Z,2026-04-15T09:57:09.8150000Z,0.0,DispatchRun
SKB-TS2-INV03,AlarmWorkState1-DispatchRun,1004,Alarm,2026-04-15T09:56:09.1740000Z,2026-04-15T09:57:09.8050000Z,0.0,DispatchRun
SKB-TS1-INV07,AlarmWorkState1-DispatchRun,1004,Alarm,2026-04-15T09:56:09.2190000Z,2026-04-15T09:57:09.9120000Z,0.0,DispatchRun
SKB-TS2-INV07,AlarmWorkState1-DispatchRun,1004,Alarm,2026-04-15T09:56:09.2660000Z,2026-04-15T09:57:09.8970000Z,0.0,DispatchRun
SKB-TS1-INV05,AlarmWorkState1-DispatchRun,1004,Alarm,2026-04-15T09:56:09.3890000Z,2026-04-15T09:57:10.0740000Z,0.0,DispatchRun
SKB-TS1-INV06,AlarmWorkState1-DispatchRun,1004,Alarm,2026-04-15T09:56:09.4650000Z,2026-04-15T09:57:10.1860000Z,0.0,DispatchRun
SKB-TS2-INV02,AlarmWorkState1-DispatchRun,1004,Alarm,2026-04-15T09:58:10.3680000Z,2026-04-15T10:28:06.9340000Z,0.0,DispatchRun
SKB-TS2-INV07,AlarmWorkState1-DispatchRun,1004,Alarm,2026-04-15T09:58:10.5150000Z,2026-04-15T10:28:07.0450000Z,0.0,DispatchRun
SKB-TS1-INV05,AlarmWorkState1-DispatchRun,1004,Alarm,2026-04-15T09:58:10.8270000Z,2026-04-15T10:28:07.2590000Z,0.0,DispatchRun
SKB-TS2-INV01,AlarmWorkState1-DispatchRun,1004,Alarm,2026-04-15T09:58:36.8430000Z,2026-04-15T10:28:06.6350000Z,0.0,DispatchRun
SKB-TS2-INV06,AlarmWorkState1-DispatchRun,1004,Alarm,2026-04-15T09:58:38.7050000Z,2026-04-15T10:28:06.8220000Z,0.0,DispatchRun
SKB-TS2-INV03,AlarmWorkState1-DispatchRun,1004,Alarm,2026-04-15T09:58:38.9510000Z,2026-04-15T10:28:06.9750000Z,0.0,DispatchRun
SKB-TS1-INV04,AlarmWorkState1-DispatchRun,1004,Alarm,2026-04-15T09:58:39.0810000Z,2026-04-15T10:28:07.0020000Z,0.0,DispatchRun
SKB-TS1-INV07,AlarmWorkState1-DispatchRun,1004,Alarm,2026-04-15T09:58:39.2020000Z,2026-04-15T10:28:07.0500000Z,0.0,DispatchRun
SKB-TS2-INV04,AlarmWorkState1-DispatchRun,1004,Alarm,2026-04-15T09:58:39.3160000Z,2026-04-15T10:28:07.2600000Z,0.0,DispatchRun
SKB-TS1-INV06,AlarmWorkState1-DispatchRun,1004,Alarm,2026-04-15T09:58:39.5240000Z,2026-04-15T10:28:07.3310000Z,0.0,DispatchRun
SKB-TS1-INV05,AlarmWorkState1-AlarmRun,1001,Alarm,2026-04-15T10:28:07.2590000Z,2026-04-15T10:28:38.0120000Z,0.0,AlarmRun
SKB-TS2-INV05,AlarmWorkState1-DispatchRun,1004,Alarm,2026-04-15T10:28:37.4910000Z,2026-04-15T10:29:09.2810000Z,0.0,DispatchRun
SKB-TS2-INV06,AlarmWorkState1-DispatchRun,1004,Alarm,2026-04-15T10:28:37.5860000Z,2026-04-15T10:32:39.0350000Z,0.0,DispatchRun
SKB-TS2-INV02,AlarmWorkState1-DispatchRun,1004,Alarm,2026-04-15T10:28:37.7000000Z,2026-04-15T10:32:39.1210000Z,0.0,DispatchRun
SKB-TS2-INV08,AlarmWorkState1-DispatchRun,1004,Alarm,2026-04-15T10:28:37.9810000Z,2026-04-15T10:29:09.8420000Z,0.0,DispatchRun
SKB-TS1-INV06,AlarmWorkState1-DispatchRun,1004,Alarm,2026-04-15T10:28:38.1050000Z,2026-04-15T10:32:39.4190000Z,0.0,DispatchRun
SKB-TS2-INV01,AlarmWorkState1-DispatchRun,1004,Alarm,2026-04-15T10:29:06.6370000Z,2026-04-15T10:32:36.6490000Z,0.0,DispatchRun
SKB-TS2-INV03,AlarmWorkState1-DispatchRun,1004,Alarm,2026-04-15T10:29:09.6660000Z,2026-04-15T10:32:39.1790000Z,0.0,DispatchRun
SKB-TS1-INV04,AlarmWorkState1-DispatchRun,1004,Alarm,2026-04-15T10:29:09.6990000Z,2026-04-15T10:32:39.1650000Z,0.0,DispatchRun
SKB-TS2-INV07,AlarmWorkState1-DispatchRun,1004,Alarm,2026-04-15T10:29:09.7420000Z,2026-04-15T10:32:39.2890000Z,0.0,DispatchRun
SKB-TS1-INV07,AlarmWorkState1-DispatchRun,1004,Alarm,2026-04-15T10:29:09.8180000Z,2026-04-15T10:32:39.2560000Z,0.0,DispatchRun
SKB-TS2-INV04,AlarmWorkState1-DispatchRun,1004,Alarm,2026-04-15T10:29:09.9300000Z,2026-04-15T10:32:39.3920000Z,0.0,DispatchRun
SKB-TS1-INV05,AlarmWorkState1-DispatchRun,1004,Alarm,2026-04-15T10:29:09.9890000Z,2026-04-15T10:32:39.3450000Z,0.0,DispatchRun
SKB-TS2-INV01,AlarmWorkState1-DispatchRun,1004,Alarm,2026-04-15T10:34:07.3430000Z,2026-04-15T10:39:36.6390000Z,0.0,DispatchRun
SKB-TS2-INV06,AlarmWorkState1-DispatchRun,1004,Alarm,2026-04-15T10:34:11.3160000Z,2026-04-15T10:39:37.0350000Z,0.0,DispatchRun
SKB-TS2-INV02,AlarmWorkState1-DispatchRun,1004,Alarm,2026-04-15T10:34:11.3940000Z,2026-04-15T10:39:37.1580000Z,0.0,DispatchRun
SKB-TS2-INV03,AlarmWorkState1-DispatchRun,1004,Alarm,2026-04-15T10:34:11.4680000Z,2026-04-15T10:39:37.2540000Z,0.0,DispatchRun
SKB-TS1-INV04,AlarmWorkState1-DispatchRun,1004,Alarm,2026-04-15T10:34:11.5310000Z,2026-04-15T10:39:37.1940000Z,0.0,DispatchRun
SKB-TS2-INV07,AlarmWorkState1-DispatchRun,1004,Alarm,2026-04-15T10:34:11.5700000Z,2026-04-15T10:39:37.3260000Z,0.0,DispatchRun
SKB-TS1-INV07,AlarmWorkState1-DispatchRun,1004,Alarm,2026-04-15T10:34:11.6480000Z,2026-04-15T10:39:37.2990000Z,0.0,DispatchRun
SKB-TS2-INV04,AlarmWorkState1-DispatchRun,1004,Alarm,2026-04-15T10:34:11.8060000Z,2026-04-15T10:39:37.5280000Z,0.0,DispatchRun
SKB-TS1-INV05,AlarmWorkState1-DispatchRun,1004,Alarm,2026-04-15T10:34:11.8440000Z,2026-04-15T10:39:37.5070000Z,0.0,DispatchRun
SKB-TS1-INV06,AlarmWorkState1-DispatchRun,1004,Alarm,2026-04-15T10:34:11.9360000Z,2026-04-15T10:39:37.5980000Z,0.0,DispatchRun
SKB-TS2-INV01,AlarmWorkState1-DispatchRun,1004,Alarm,2026-04-15T10:40:08.5540000Z,2026-04-15T11:13:06.6620000Z,0.0,DispatchRun
SKB-TS2-INV06,AlarmWorkState1-DispatchRun,1004,Alarm,2026-04-15T10:40:13.5840000Z,2026-04-15T11:13:06.9480000Z,0.0,DispatchRun
SKB-TS2-INV02,AlarmWorkState1-DispatchRun,1004,Alarm,2026-04-15T10:40:13.7290000Z,2026-04-15T11:13:07.0550000Z,0.0,DispatchRun
SKB-TS1-INV04,AlarmWorkState1-DispatchRun,1004,Alarm,2026-04-15T10:40:13.7650000Z,2026-04-15T11:13:07.0730000Z,0.0,DispatchRun
SKB-TS2-INV03,AlarmWorkState1-DispatchRun,1004,Alarm,2026-04-15T10:40:13.8330000Z,2026-04-15T11:13:07.2090000Z,0.0,DispatchRun
SKB-TS1-INV07,AlarmWorkState1-DispatchRun,1004,Alarm,2026-04-15T10:40:13.9150000Z,2026-04-15T11:13:07.2240000Z,0.0,DispatchRun
SKB-TS2-INV07,AlarmWorkState1-DispatchRun,1004,Alarm,2026-04-15T10:40:13.9690000Z,2026-04-15T11:13:07.2520000Z,0.0,DispatchRun
SKB-TS1-INV05,AlarmWorkState1-DispatchRun,1004,Alarm,2026-04-15T10:40:14.1060000Z,2026-04-15T11:13:07.3230000Z,0.0,DispatchRun
SKB-TS2-INV04,AlarmWorkState1-DispatchRun,1004,Alarm,2026-04-15T10:40:14.1810000Z,2026-04-15T11:13:07.4050000Z,0.0,DispatchRun
SKB-TS1-INV06,AlarmWorkState1-DispatchRun,1004,Alarm,2026-04-15T10:40:14.2030000Z,2026-04-15T11:13:07.4280000Z,0.0,DispatchRun
SKB-TS1-INV05,AlarmWorkState1-AlarmRun,1001,Alarm,2026-04-15T11:13:07.3230000Z,2026-04-15T11:13:40.9510000Z,0.0,AlarmRun
SKB-TS2-INV01,AlarmWorkState1-DispatchRun,1004,Alarm,2026-04-15T11:13:38.4320000Z,2026-04-15T11:15:06.6340000Z,0.0,DispatchRun
SKB-TS2-INV06,AlarmWorkState1-DispatchRun,1004,Alarm,2026-04-15T11:13:40.2800000Z,2026-04-15T11:15:06.8250000Z,0.0,DispatchRun
SKB-TS2-INV02,AlarmWorkState1-DispatchRun,1004,Alarm,2026-04-15T11:13:40.4140000Z,2026-04-15T11:15:06.8690000Z,0.0,DispatchRun
SKB-TS2-INV03,AlarmWorkState1-DispatchRun,1004,Alarm,2026-04-15T11:13:40.5290000Z,2026-04-15T11:15:06.9690000Z,0.0,DispatchRun
SKB-TS1-INV04,AlarmWorkState1-DispatchRun,1004,Alarm,2026-04-15T11:13:40.6250000Z,2026-04-15T11:15:07.0630000Z,0.0,DispatchRun
SKB-TS2-INV07,AlarmWorkState1-DispatchRun,1004,Alarm,2026-04-15T11:13:40.6490000Z,2026-04-15T11:15:07.0740000Z,0.0,DispatchRun
SKB-TS1-INV07,AlarmWorkState1-DispatchRun,1004,Alarm,2026-04-15T11:13:40.7440000Z,2026-04-15T11:15:07.1620000Z,0.0,DispatchRun
SKB-TS2-INV04,AlarmWorkState1-DispatchRun,1004,Alarm,2026-04-15T11:13:40.8750000Z,2026-04-15T11:15:07.2670000Z,0.0,DispatchRun
SKB-TS1-INV05,AlarmWorkState1-DispatchRun,1004,Alarm,2026-04-15T11:13:40.9510000Z,2026-04-15T11:15:07.3440000Z,0.0,DispatchRun
SKB-TS1-INV06,AlarmWorkState1-DispatchRun,1004,Alarm,2026-04-15T11:13:41.0220000Z,2026-04-15T11:15:07.4490000Z,0.0,DispatchRun
SKB-TS1-INV05,AlarmWorkState1-AlarmRun,1001,Alarm,2026-04-15T11:15:07.3440000Z,2026-04-15T11:16:08.3060000Z,0.0,AlarmRun
SKB-TS2-INV01,AlarmWorkState1-DispatchRun,1004,Alarm,2026-04-15T11:16:07.5740000Z,2026-04-15T11:20:06.6930000Z,0.0,DispatchRun
SKB-TS2-INV06,AlarmWorkState1-DispatchRun,1004,Alarm,2026-04-15T11:16:07.8630000Z,2026-04-15T11:20:06.9450000Z,0.0,DispatchRun
SKB-TS2-INV02,AlarmWorkState1-DispatchRun,1004,Alarm,2026-04-15T11:16:07.9420000Z,2026-04-15T11:20:07.0460000Z,0.0,DispatchRun
SKB-TS1-INV04,AlarmWorkState1-DispatchRun,1004,Alarm,2026-04-15T11:16:08.0020000Z,2026-04-15T11:20:07.7550000Z,0.0,DispatchRun
SKB-TS2-INV03,AlarmWorkState1-DispatchRun,1004,Alarm,2026-04-15T11:16:08.0540000Z,2026-04-15T11:20:07.1480000Z,0.0,DispatchRun
SKB-TS1-INV07,AlarmWorkState1-DispatchRun,1004,Alarm,2026-04-15T11:16:08.0800000Z,2026-04-15T11:20:07.8290000Z,0.0,DispatchRun
SKB-TS2-INV07,AlarmWorkState1-DispatchRun,1004,Alarm,2026-04-15T11:16:08.1740000Z,2026-04-15T11:20:07.2350000Z,0.0,DispatchRun
SKB-TS1-INV05,AlarmWorkState1-DispatchRun,1004,Alarm,2026-04-15T11:16:08.3060000Z,2026-04-15T11:20:07.9990000Z,0.0,DispatchRun
SKB-TS2-INV04,AlarmWorkState1-DispatchRun,1004,Alarm,2026-04-15T11:16:08.3680000Z,2026-04-15T11:20:07.4120000Z,0.0,DispatchRun
SKB-TS1-INV06,AlarmWorkState1-DispatchRun,1004,Alarm,2026-04-15T11:16:08.4030000Z,2026-04-15T11:20:08.0540000Z,0.0,DispatchRun
SKB-TS1-INV05,AlarmWorkState1-AlarmRun,1001,Alarm,2026-04-15T11:20:07.9990000Z,2026-04-15T11:20:37.5790000Z,0.0,AlarmRun
SKB-TS2-INV01,AlarmWorkState1-DispatchRun,1004,Alarm,2026-04-15T11:20:36.6650000Z,2026-04-15T11:23:06.6560000Z,0.0,DispatchRun
SKB-TS2-INV06,AlarmWorkState1-DispatchRun,1004,Alarm,2026-04-15T11:20:37.0010000Z,2026-04-15T11:23:08.9150000Z,0.0,DispatchRun
SKB-TS2-INV02,AlarmWorkState1-DispatchRun,1004,Alarm,2026-04-15T11:20:37.1270000Z,2026-04-15T11:23:09.0580000Z,0.0,DispatchRun
SKB-TS1-INV04,AlarmWorkState1-DispatchRun,1004,Alarm,2026-04-15T11:20:37.2010000Z,2026-04-15T11:23:09.1660000Z,0.0,DispatchRun
SKB-TS2-INV03,AlarmWorkState1-DispatchRun,1004,Alarm,2026-04-15T11:20:37.2300000Z,2026-04-15T11:23:09.1520000Z,0.0,DispatchRun
SKB-TS1-INV07,AlarmWorkState1-DispatchRun,1004,Alarm,2026-04-15T11:20:37.3120000Z,2026-04-15T11:23:09.3060000Z,0.0,DispatchRun
SKB-TS2-INV07,AlarmWorkState1-DispatchRun,1004,Alarm,2026-04-15T11:20:37.3590000Z,2026-04-15T11:23:09.2950000Z,0.0,DispatchRun
SKB-TS1-INV05,AlarmWorkState1-DispatchRun,1004,Alarm,2026-04-15T11:20:37.5790000Z,2026-04-15T11:23:09.4180000Z,0.0,DispatchRun
SKB-TS2-INV04,AlarmWorkState1-DispatchRun,1004,Alarm,2026-04-15T11:20:37.5970000Z,2026-04-15T11:23:09.3840000Z,0.0,DispatchRun
SKB-TS1-INV06,AlarmWorkState1-DispatchRun,1004,Alarm,2026-04-15T11:20:37.6630000Z,2026-04-15T11:23:09.5190000Z,0.0,DispatchRun
SKB-TS1-INV05,AlarmWorkState1-AlarmRun,1001,Alarm,2026-04-15T11:23:09.4180000Z,2026-04-15T11:24:13.0880000Z,0.0,AlarmRun
SKB-TS1-INV06,AlarmWorkState1-DispatchRun,1004,Alarm,2026-04-15T11:23:39.3070000Z,2026-04-15T11:24:38.6110000Z,0.0,DispatchRun
SKB-TS2-INV01,AlarmWorkState1-DispatchRun,1004,Alarm,2026-04-15T11:24:08.6710000Z,2026-04-15T11:24:37.8250000Z,0.0,DispatchRun
SKB-TS2-INV06,AlarmWorkState1-DispatchRun,1004,Alarm,2026-04-15T11:24:12.5860000Z,2026-04-15T11:24:38.0890000Z,0.0,DispatchRun
SKB-TS2-INV02,AlarmWorkState1-DispatchRun,1004,Alarm,2026-04-15T11:24:12.6860000Z,2026-04-15T11:24:38.2290000Z,0.0,DispatchRun
SKB-TS2-INV03,AlarmWorkState1-DispatchRun,1004,Alarm,2026-04-15T11:24:12.7790000Z,2026-04-15T11:24:38.2560000Z,0.0,DispatchRun
SKB-TS1-INV04,AlarmWorkState1-DispatchRun,1004,Alarm,2026-04-15T11:24:12.7810000Z,2026-04-15T11:24:38.2420000Z,0.0,DispatchRun
SKB-TS2-INV07,AlarmWorkState1-DispatchRun,1004,Alarm,2026-04-15T11:24:12.8840000Z,2026-04-15T11:24:38.3180000Z,0.0,DispatchRun
SKB-TS1-INV07,AlarmWorkState1-DispatchRun,1004,Alarm,2026-04-15T11:24:12.8880000Z,2026-04-15T11:24:38.2870000Z,0.0,DispatchRun
SKB-TS2-INV04,AlarmWorkState1-DispatchRun,1004,Alarm,2026-04-15T11:24:13.0790000Z,2026-04-15T11:24:38.5700000Z,0.0,DispatchRun
SKB-TS1-INV05,AlarmWorkState1-DispatchRun,1004,Alarm,2026-04-15T11:24:13.0880000Z,2026-04-15T11:24:38.5080000Z,0.0,DispatchRun
SKB-TS1-INV05,AlarmWorkState1-AlarmRun,1001,Alarm,2026-04-15T11:24:38.5080000Z,2026-04-15T11:25:07.3240000Z,0.0,AlarmRun
SKB-TS2-INV01,AlarmWorkState1-DispatchRun,1004,Alarm,2026-04-15T11:26:06.6600000Z,2026-04-15T11:26:37.7840000Z,0.0,DispatchRun
SKB-TS2-INV02,AlarmWorkState1-DispatchRun,1004,Alarm,2026-04-15T11:26:07.7810000Z,2026-04-15T11:26:39.0070000Z,0.0,DispatchRun
SKB-TS2-INV03,AlarmWorkState1-DispatchRun,1004,Alarm,2026-04-15T11:26:07.8170000Z,2026-04-15T11:26:39.1240000Z,0.0,DispatchRun
SKB-TS2-INV07,AlarmWorkState1-DispatchRun,1004,Alarm,2026-04-15T11:26:07.9060000Z,2026-04-15T11:26:39.1610000Z,0.0,DispatchRun
SKB-TS1-INV04,AlarmWorkState1-DispatchRun,1004,Alarm,2026-04-15T11:26:07.9080000Z,2026-04-15T11:26:39.1550000Z,0.0,DispatchRun
SKB-TS1-INV07,AlarmWorkState1-DispatchRun,1004,Alarm,2026-04-15T11:26:07.9900000Z,2026-04-15T11:26:39.2140000Z,0.0,DispatchRun
SKB-TS2-INV04,AlarmWorkState1-DispatchRun,1004,Alarm,2026-04-15T11:26:08.0780000Z,2026-04-15T11:26:39.2760000Z,0.0,DispatchRun
SKB-TS1-INV05,AlarmWorkState1-DispatchRun,1004,Alarm,2026-04-15T11:26:08.2180000Z,2026-04-15T11:26:39.3480000Z,0.0,DispatchRun
SKB-TS1-INV06,AlarmWorkState1-DispatchRun,1004,Alarm,2026-04-15T11:26:08.2350000Z,2026-04-15T11:26:39.4000000Z,0.0,DispatchRun
SKB-TS2-INV01,AlarmWorkState1-DispatchRun,1004,Alarm,2026-04-15T11:28:36.9040000Z,2026-04-15T11:31:09.9060000Z,0.0,DispatchRun
SKB-TS2-INV06,AlarmWorkState1-DispatchRun,1004,Alarm,2026-04-15T11:28:39.9620000Z,2026-04-15T11:31:10.1810000Z,0.0,DispatchRun
SKB-TS2-INV02,AlarmWorkState1-DispatchRun,1004,Alarm,2026-04-15T11:28:40.0720000Z,2026-04-15T11:31:10.3030000Z,0.0,DispatchRun
SKB-TS2-INV03,AlarmWorkState1-DispatchRun,1004,Alarm,2026-04-15T11:28:40.1840000Z,2026-04-15T11:31:10.3600000Z,0.0,DispatchRun
SKB-TS1-INV04,AlarmWorkState1-DispatchRun,1004,Alarm,2026-04-15T11:28:40.2250000Z,2026-04-15T11:31:10.3510000Z,0.0,DispatchRun
SKB-TS2-INV07,AlarmWorkState1-DispatchRun,1004,Alarm,2026-04-15T11:28:40.2380000Z,2026-04-15T11:31:10.4130000Z,0.0,DispatchRun
SKB-TS1-INV07,AlarmWorkState1-DispatchRun,1004,Alarm,2026-04-15T11:28:40.2870000Z,2026-04-15T11:31:10.4120000Z,0.0,DispatchRun
SKB-TS2-INV04,AlarmWorkState1-DispatchRun,1004,Alarm,2026-04-15T11:28:40.3810000Z,2026-04-15T11:31:10.5920000Z,0.0,DispatchRun
SKB-TS1-INV05,AlarmWorkState1-DispatchRun,1004,Alarm,2026-04-15T11:28:40.4090000Z,2026-04-15T11:31:10.5940000Z,0.0,DispatchRun
SKB-TS1-INV06,AlarmWorkState1-DispatchRun,1004,Alarm,2026-04-15T11:28:40.4830000Z,2026-04-15T11:31:10.6630000Z,0.0,DispatchRun
SKB-TS2-INV01,AlarmWorkState1-DispatchRun,1004,Alarm,2026-04-15T11:32:36.6600000Z,2026-04-15T11:33:36.6570000Z,0.0,DispatchRun
SKB-TS2-INV06,AlarmWorkState1-DispatchRun,1004,Alarm,2026-04-15T11:32:37.0170000Z,2026-04-15T11:33:09.3910000Z,0.0,DispatchRun
SKB-TS2-INV02,AlarmWorkState1-DispatchRun,1004,Alarm,2026-04-15T11:32:37.1600000Z,2026-04-15T11:33:39.7360000Z,0.0,DispatchRun
SKB-TS1-INV04,AlarmWorkState1-DispatchRun,1004,Alarm,2026-04-15T11:32:37.2510000Z,2026-04-15T11:33:39.9180000Z,0.0,DispatchRun
SKB-TS2-INV03,AlarmWorkState1-DispatchRun,1004,Alarm,2026-04-15T11:32:37.2840000Z,2026-04-15T11:33:39.8020000Z,0.0,DispatchRun
SKB-TS1-INV07,AlarmWorkState1-DispatchRun,1004,Alarm,2026-04-15T11:32:37.3950000Z,2026-04-15T11:33:40.0550000Z,0.0,DispatchRun
SKB-TS2-INV07,AlarmWorkState1-DispatchRun,1004,Alarm,2026-04-15T11:32:37.4080000Z,2026-04-15T11:33:39.8830000Z,0.0,DispatchRun
SKB-TS1-INV05,AlarmWorkState1-DispatchRun,1004,Alarm,2026-04-15T11:32:37.4580000Z,2026-04-15T11:33:40.2530000Z,0.0,DispatchRun
SKB-TS2-INV04,AlarmWorkState1-DispatchRun,1004,Alarm,2026-04-15T11:32:37.5280000Z,2026-04-15T11:33:40.1420000Z,0.0,DispatchRun
SKB-TS1-INV06,AlarmWorkState1-DispatchRun,1004,Alarm,2026-04-15T11:32:37.5450000Z,2026-04-15T11:33:40.2790000Z,0.0,DispatchRun
SKB-TS2-INV06,AlarmWorkState1-DispatchRun,1004,Alarm,2026-04-15T11:39:39.3870000Z,2026-04-15T11:40:40.0240000Z,0.0,DispatchRun
SKB-TS2-INV02,AlarmWorkState1-DispatchRun,1004,Alarm,2026-04-15T11:39:39.5040000Z,2026-04-15T11:40:40.1150000Z,0.0,DispatchRun
SKB-TS2-INV03,AlarmWorkState1-DispatchRun,1004,Alarm,2026-04-15T11:39:39.6810000Z,2026-04-15T11:40:40.1850000Z,0.0,DispatchRun
SKB-TS2-INV07,AlarmWorkState1-DispatchRun,1004,Alarm,2026-04-15T11:39:39.8270000Z,2026-04-15T11:40:40.3080000Z,0.0,DispatchRun
SKB-TS1-INV05,AlarmWorkState1-DispatchRun,1004,Alarm,2026-04-15T11:39:39.8450000Z,2026-04-15T11:40:40.4080000Z,0.0,DispatchRun
SKB-TS1-INV06,AlarmWorkState1-DispatchRun,1004,Alarm,2026-04-15T11:39:39.8920000Z,2026-04-15T11:40:40.4530000Z,0.0,DispatchRun
SKB-TS2-INV04,AlarmWorkState1-DispatchRun,1004,Alarm,2026-04-15T11:39:39.9500000Z,2026-04-15T11:40:40.4320000Z,0.0,DispatchRun
SKB-TS2-INV01,AlarmWorkState1-DispatchRun,1004,Alarm,2026-04-15T11:40:06.6640000Z,2026-04-15T11:40:39.8470000Z,0.0,DispatchRun
SKB-TS1-INV04,AlarmWorkState1-DispatchRun,1004,Alarm,2026-04-15T11:40:07.8620000Z,2026-04-15T11:40:40.1250000Z,0.0,DispatchRun
SKB-TS1-INV07,AlarmWorkState1-DispatchRun,1004,Alarm,2026-04-15T11:40:08.0010000Z,2026-04-15T11:40:40.2120000Z,0.0,DispatchRun
SKB-TS2-INV01,AlarmWorkState1-DispatchRun,1004,Alarm,2026-04-15T11:45:36.6340000Z,2026-04-15T11:48:36.8340000Z,0.0,DispatchRun
SKB-TS2-INV06,AlarmWorkState1-DispatchRun,1004,Alarm,2026-04-15T11:45:38.6880000Z,2026-04-15T11:48:40.0930000Z,0.0,DispatchRun
SKB-TS2-INV02,AlarmWorkState1-DispatchRun,1004,Alarm,2026-04-15T11:45:38.7590000Z,2026-04-15T11:48:40.2390000Z,0.0,DispatchRun
SKB-TS2-INV03,AlarmWorkState1-DispatchRun,1004,Alarm,2026-04-15T11:45:38.8760000Z,2026-04-15T11:48:40.3160000Z,0.0,DispatchRun
SKB-TS1-INV04,AlarmWorkState1-DispatchRun,1004,Alarm,2026-04-15T11:45:38.9830000Z,2026-04-15T11:48:40.5050000Z,0.0,DispatchRun
SKB-TS2-INV07,AlarmWorkState1-DispatchRun,1004,Alarm,2026-04-15T11:45:38.9910000Z,2026-04-15T11:48:40.4310000Z,0.0,DispatchRun
SKB-TS1-INV07,AlarmWorkState1-DispatchRun,1004,Alarm,2026-04-15T11:45:39.0790000Z,2026-04-15T11:48:40.5990000Z,0.0,DispatchRun
SKB-TS2-INV04,AlarmWorkState1-DispatchRun,1004,Alarm,2026-04-15T11:45:39.2260000Z,2026-04-15T11:48:40.6450000Z,0.0,DispatchRun
SKB-TS1-INV05,AlarmWorkState1-DispatchRun,1004,Alarm,2026-04-15T11:45:39.3290000Z,2026-04-15T11:48:40.7550000Z,0.0,DispatchRun
SKB-TS1-INV06,AlarmWorkState1-DispatchRun,1004,Alarm,2026-04-15T11:45:39.3700000Z,2026-04-15T11:48:40.8630000Z,0.0,DispatchRun
SKB-TS2-INV01,AlarmWorkState1-DispatchRun,1004,Alarm,2026-04-15T11:50:38.9010000Z,2026-04-15T11:53:06.6360000Z,0.0,DispatchRun
SKB-TS2-INV06,AlarmWorkState1-DispatchRun,1004,Alarm,2026-04-15T11:50:41.1160000Z,2026-04-15T11:53:08.8460000Z,0.0,DispatchRun
SKB-TS2-INV02,AlarmWorkState1-DispatchRun,1004,Alarm,2026-04-15T11:50:41.1770000Z,2026-04-15T11:53:08.8840000Z,0.0,DispatchRun
SKB-TS2-INV03,AlarmWorkState1-DispatchRun,1004,Alarm,2026-04-15T11:50:41.3000000Z,2026-04-15T11:53:08.9560000Z,0.0,DispatchRun
SKB-TS1-INV04,AlarmWorkState1-DispatchRun,1004,Alarm,2026-04-15T11:50:41.3020000Z,2026-04-15T11:53:09.0480000Z,0.0,DispatchRun
SKB-TS1-INV07,AlarmWorkState1-DispatchRun,1004,Alarm,2026-04-15T11:50:41.3690000Z,2026-04-15T11:53:09.1350000Z,0.0,DispatchRun
SKB-TS2-INV07,AlarmWorkState1-DispatchRun,1004,Alarm,2026-04-15T11:50:41.3720000Z,2026-04-15T11:53:09.0470000Z,0.0,DispatchRun
SKB-TS1-INV05,AlarmWorkState1-DispatchRun,1004,Alarm,2026-04-15T11:50:41.4800000Z,2026-04-15T11:53:09.3550000Z,0.0,DispatchRun
SKB-TS2-INV04,AlarmWorkState1-DispatchRun,1004,Alarm,2026-04-15T11:50:41.4880000Z,2026-04-15T11:53:09.2560000Z,0.0,DispatchRun
SKB-TS1-INV06,AlarmWorkState1-DispatchRun,1004,Alarm,2026-04-15T11:50:41.5890000Z,2026-04-15T11:53:09.3860000Z,0.0,DispatchRun
SKB-TS2-INV01,AlarmWorkState1-DispatchRun,1004,Alarm,2026-04-15T11:54:06.6560000Z,2026-04-15T11:55:06.6290000Z,0.0,DispatchRun
SKB-TS2-INV06,AlarmWorkState1-DispatchRun,1004,Alarm,2026-04-15T11:54:09.8530000Z,2026-04-15T11:55:09.8810000Z,0.0,DispatchRun
SKB-TS2-INV02,AlarmWorkState1-DispatchRun,1004,Alarm,2026-04-15T11:54:09.9230000Z,2026-04-15T11:55:09.9240000Z,0.0,DispatchRun
SKB-TS2-INV03,AlarmWorkState1-DispatchRun,1004,Alarm,2026-04-15T11:54:10.0250000Z,2026-04-15T11:55:10.0390000Z,0.0,DispatchRun
SKB-TS1-INV04,AlarmWorkState1-DispatchRun,1004,Alarm,2026-04-15T11:54:10.0890000Z,2026-04-15T11:55:09.9740000Z,0.0,DispatchRun
SKB-TS2-INV07,AlarmWorkState1-DispatchRun,1004,Alarm,2026-04-15T11:54:10.1810000Z,2026-04-15T11:55:10.1530000Z,0.0,DispatchRun
SKB-TS1-INV07,AlarmWorkState1-DispatchRun,1004,Alarm,2026-04-15T11:54:10.2070000Z,2026-04-15T11:55:10.0800000Z,0.0,DispatchRun
SKB-TS2-INV04,AlarmWorkState1-DispatchRun,1004,Alarm,2026-04-15T11:54:10.3490000Z,2026-04-15T11:55:10.3470000Z,0.0,DispatchRun
SKB-TS1-INV05,AlarmWorkState1-DispatchRun,1004,Alarm,2026-04-15T11:54:10.3940000Z,2026-04-15T11:55:10.3140000Z,0.0,DispatchRun
SKB-TS1-INV06,AlarmWorkState1-DispatchRun,1004,Alarm,2026-04-15T11:54:10.4920000Z,2026-04-15T11:55:10.3580000Z,0.0,DispatchRun
SKB-TS2-INV01,AlarmWorkState1-DispatchRun,1004,Alarm,2026-04-15T11:57:38.5350000Z,2026-04-15T11:58:06.6660000Z,0.0,DispatchRun
SKB-TS2-INV06,AlarmWorkState1-DispatchRun,1004,Alarm,2026-04-15T11:57:41.6450000Z,2026-04-15T11:58:06.9290000Z,0.0,DispatchRun
SKB-TS2-INV02,AlarmWorkState1-DispatchRun,1004,Alarm,2026-04-15T11:57:41.7300000Z,2026-04-15T11:58:07.1160000Z,0.0,DispatchRun
SKB-TS2-INV03,AlarmWorkState1-DispatchRun,1004,Alarm,2026-04-15T11:57:41.8400000Z,2026-04-15T11:58:07.2180000Z,0.0,DispatchRun
SKB-TS2-INV07,AlarmWorkState1-DispatchRun,1004,Alarm,2026-04-15T11:57:41.9080000Z,2026-04-15T11:58:07.3380000Z,0.0,DispatchRun
SKB-TS1-INV04,AlarmWorkState1-DispatchRun,1004,Alarm,2026-04-15T11:57:41.9090000Z,2026-04-15T11:58:07.2230000Z,0.0,DispatchRun
SKB-TS1-INV07,AlarmWorkState1-DispatchRun,1004,Alarm,2026-04-15T11:57:41.9350000Z,2026-04-15T11:58:07.3400000Z,0.0,DispatchRun
SKB-TS2-INV04,AlarmWorkState1-DispatchRun,1004,Alarm,2026-04-15T11:57:42.0450000Z,2026-04-15T11:58:07.4860000Z,0.0,DispatchRun
SKB-TS1-INV05,AlarmWorkState1-DispatchRun,1004,Alarm,2026-04-15T11:57:42.1580000Z,2026-04-15T11:58:07.4950000Z,0.0,DispatchRun
SKB-TS1-INV06,AlarmWorkState1-DispatchRun,1004,Alarm,2026-04-15T11:57:42.2180000Z,2026-04-15T11:58:07.6140000Z,0.0,DispatchRun
SKB-TS2-INV02,AlarmWorkState1-DispatchRun,1004,Alarm,2026-04-15T12:07:36.9930000Z,2026-04-15T12:08:11.6320000Z,0.0,DispatchRun
SKB-TS1-INV04,AlarmWorkState1-DispatchRun,1004,Alarm,2026-04-15T12:07:37.0980000Z,2026-04-15T12:08:11.7430000Z,0.0,DispatchRun
SKB-TS1-INV07,AlarmWorkState1-DispatchRun,1004,Alarm,2026-04-15T12:07:37.1620000Z,2026-04-15T12:08:11.8650000Z,0.0,DispatchRun
SKB-TS2-INV04,AlarmWorkState1-DispatchRun,1004,Alarm,2026-04-15T12:07:37.3400000Z,2026-04-15T12:08:11.9600000Z,0.0,DispatchRun
SKB-TS1-INV06,AlarmWorkState1-DispatchRun,1004,Alarm,2026-04-15T12:07:37.4090000Z,2026-04-15T12:08:12.0110000Z,0.0,DispatchRun
SKB-TS2-INV01,AlarmWorkState1-DispatchRun,1004,Alarm,2026-04-15T12:12:09.2200000Z,2026-04-15T12:13:36.6680000Z,0.0,DispatchRun
SKB-TS2-INV06,AlarmWorkState1-DispatchRun,1004,Alarm,2026-04-15T12:12:11.1470000Z,2026-04-15T12:13:38.6840000Z,0.0,DispatchRun
SKB-TS2-INV02,AlarmWorkState1-DispatchRun,1004,Alarm,2026-04-15T12:12:11.2410000Z,2026-04-15T12:13:38.7630000Z,0.0,DispatchRun
SKB-TS2-INV03,AlarmWorkState1-DispatchRun,1004,Alarm,2026-04-15T12:12:11.3740000Z,2026-04-15T12:13:38.8590000Z,0.0,DispatchRun
SKB-TS1-INV04,AlarmWorkState1-DispatchRun,1004,Alarm,2026-04-15T12:12:11.4030000Z,2026-04-15T12:13:38.8750000Z,0.0,DispatchRun
SKB-TS2-INV07,AlarmWorkState1-DispatchRun,1004,Alarm,2026-04-15T12:12:11.4730000Z,2026-04-15T12:13:38.9370000Z,0.0,DispatchRun
SKB-TS1-INV07,AlarmWorkState1-DispatchRun,1004,Alarm,2026-04-15T12:12:11.5000000Z,2026-04-15T12:13:38.9860000Z,0.0,DispatchRun
SKB-TS2-INV04,AlarmWorkState1-DispatchRun,1004,Alarm,2026-04-15T12:12:11.7090000Z,2026-04-15T12:13:39.1270000Z,0.0,DispatchRun
SKB-TS1-INV05,AlarmWorkState1-DispatchRun,1004,Alarm,2026-04-15T12:12:11.7270000Z,2026-04-15T12:13:39.2160000Z,0.0,DispatchRun
SKB-TS1-INV06,AlarmWorkState1-DispatchRun,1004,Alarm,2026-04-15T12:12:11.8380000Z,2026-04-15T12:13:39.3260000Z,0.0,DispatchRun
SKB-TS2-INV01,AlarmWorkState1-DispatchRun,1004,Alarm,2026-04-15T12:35:07.5020000Z,2026-04-15T12:35:37.0560000Z,0.0,DispatchRun
SKB-TS2-INV06,AlarmWorkState1-DispatchRun,1004,Alarm,2026-04-15T12:35:07.7710000Z,2026-04-15T12:35:37.3230000Z,0.0,DispatchRun
SKB-TS2-INV02,AlarmWorkState1-DispatchRun,1004,Alarm,2026-04-15T12:35:07.8340000Z,2026-04-15T12:35:37.3680000Z,0.0,DispatchRun
SKB-TS1-INV04,AlarmWorkState1-DispatchRun,1004,Alarm,2026-04-15T12:35:07.8520000Z,2026-04-15T12:35:37.3380000Z,0.0,DispatchRun
SKB-TS2-INV03,AlarmWorkState1-DispatchRun,1004,Alarm,2026-04-15T12:35:07.9310000Z,2026-04-15T12:35:37.4910000Z,0.0,DispatchRun
SKB-TS1-INV07,AlarmWorkState1-DispatchRun,1004,Alarm,2026-04-15T12:35:07.9460000Z,2026-04-15T12:35:37.4370000Z,0.0,DispatchRun
SKB-TS2-INV07,AlarmWorkState1-DispatchRun,1004,Alarm,2026-04-15T12:35:08.0260000Z,2026-04-15T12:38:38.1480000Z,0.0,DispatchRun
SKB-TS1-INV05,AlarmWorkState1-DispatchRun,1004,Alarm,2026-04-15T12:35:08.1960000Z,2026-04-15T12:35:37.6200000Z,0.0,DispatchRun
SKB-TS2-INV04,AlarmWorkState1-DispatchRun,1004,Alarm,2026-04-15T12:35:08.3180000Z,2026-04-15T12:35:37.7280000Z,0.0,DispatchRun
SKB-TS1-INV06,AlarmWorkState1-DispatchRun,1004,Alarm,2026-04-15T12:35:08.3510000Z,2026-04-15T12:35:37.7050000Z,0.0,DispatchRun
SKB-TS2-INV01,AlarmWorkState1-DispatchRun,1004,Alarm,2026-04-15T12:36:06.7020000Z,2026-04-15T12:38:37.6580000Z,0.0,DispatchRun
SKB-TS2-INV06,AlarmWorkState1-DispatchRun,1004,Alarm,2026-04-15T12:36:07.8620000Z,2026-04-15T12:38:37.8550000Z,0.0,DispatchRun
SKB-TS2-INV02,AlarmWorkState1-DispatchRun,1004,Alarm,2026-04-15T12:36:07.9660000Z,2026-04-15T12:39:40.2040000Z,0.0,DispatchRun
SKB-TS1-INV04,AlarmWorkState1-DispatchRun,1004,Alarm,2026-04-15T12:36:08.0820000Z,2026-04-15T12:39:40.3870000Z,0.0,DispatchRun
SKB-TS2-INV03,AlarmWorkState1-DispatchRun,1004,Alarm,2026-04-15T12:36:08.1480000Z,2026-04-15T12:38:38.0520000Z,0.0,DispatchRun
SKB-TS1-INV07,AlarmWorkState1-DispatchRun,1004,Alarm,2026-04-15T12:36:08.2550000Z,2026-04-15T12:39:40.4740000Z,0.0,DispatchRun
SKB-TS1-INV05,AlarmWorkState1-DispatchRun,1004,Alarm,2026-04-15T12:36:08.4230000Z,2026-04-15T12:39:40.6390000Z,0.0,DispatchRun
SKB-TS2-INV04,AlarmWorkState1-DispatchRun,1004,Alarm,2026-04-15T12:36:08.4890000Z,2026-04-15T12:38:38.3780000Z,0.0,DispatchRun
SKB-TS1-INV06,AlarmWorkState1-DispatchRun,1004,Alarm,2026-04-15T12:36:08.5820000Z,2026-04-15T12:38:38.4510000Z,0.0,DispatchRun
SKB-TS2-INV01,AlarmWorkState1-DispatchRun,1004,Alarm,2026-04-15T12:39:07.7870000Z,2026-04-15T12:39:37.7260000Z,0.0,DispatchRun
SKB-TS2-INV06,AlarmWorkState1-DispatchRun,1004,Alarm,2026-04-15T12:39:08.7600000Z,2026-04-15T12:39:40.0920000Z,0.0,DispatchRun
SKB-TS2-INV03,AlarmWorkState1-DispatchRun,1004,Alarm,2026-04-15T12:39:08.8870000Z,2026-04-15T12:39:40.2320000Z,0.0,DispatchRun
SKB-TS2-INV07,AlarmWorkState1-DispatchRun,1004,Alarm,2026-04-15T12:39:08.9400000Z,2026-04-15T12:39:40.3370000Z,0.0,DispatchRun
SKB-TS2-INV04,AlarmWorkState1-DispatchRun,1004,Alarm,2026-04-15T12:39:09.1870000Z,2026-04-15T12:39:40.4980000Z,0.0,DispatchRun
SKB-TS1-INV06,AlarmWorkState1-DispatchRun,1004,Alarm,2026-04-15T12:39:09.2420000Z,2026-04-15T12:39:40.7000000Z,0.0,DispatchRun
SKB-TS2-INV01,AlarmWorkState1-DispatchRun,1004,Alarm,2026-04-15T12:40:06.6670000Z,2026-04-15T12:43:36.6530000Z,0.0,DispatchRun
SKB-TS2-INV06,AlarmWorkState1-DispatchRun,1004,Alarm,2026-04-15T12:40:06.8720000Z,2026-04-15T12:43:39.8340000Z,0.0,DispatchRun
SKB-TS2-INV02,AlarmWorkState1-DispatchRun,1004,Alarm,2026-04-15T12:40:06.9030000Z,2026-04-15T12:43:39.8890000Z,0.0,DispatchRun
SKB-TS2-INV03,AlarmWorkState1-DispatchRun,1004,Alarm,2026-04-15T12:40:06.9280000Z,2026-04-15T12:43:39.9500000Z,0.0,DispatchRun
SKB-TS1-INV04,AlarmWorkState1-DispatchRun,1004,Alarm,2026-04-15T12:40:07.0250000Z,2026-04-15T12:43:39.9520000Z,0.0,DispatchRun
SKB-TS2-INV07,AlarmWorkState1-DispatchRun,1004,Alarm,2026-04-15T12:40:07.0500000Z,2026-04-15T12:43:40.0400000Z,0.0,DispatchRun
SKB-TS1-INV07,AlarmWorkState1-DispatchRun,1004,Alarm,2026-04-15T12:40:07.1000000Z,2026-04-15T12:43:40.0390000Z,0.0,DispatchRun
SKB-TS2-INV04,AlarmWorkState1-DispatchRun,1004,Alarm,2026-04-15T12:40:07.1600000Z,2026-04-15T12:43:40.2310000Z,0.0,DispatchRun
SKB-TS1-INV05,AlarmWorkState1-DispatchRun,1004,Alarm,2026-04-15T12:40:07.2460000Z,2026-04-15T12:43:40.2230000Z,0.0,DispatchRun
SKB-TS1-INV06,AlarmWorkState1-DispatchRun,1004,Alarm,2026-04-15T12:40:07.3020000Z,2026-04-15T12:43:40.3220000Z,0.0,DispatchRun
SKB-TS2-INV01,AlarmWorkState1-DispatchRun,1004,Alarm,2026-04-15T12:44:38.8110000Z,2026-04-15T12:48:37.9700000Z,0.0,DispatchRun
SKB-TS2-INV06,AlarmWorkState1-DispatchRun,1004,Alarm,2026-04-15T12:44:39.9540000Z,2026-04-15T12:48:40.7990000Z,0.0,DispatchRun
SKB-TS2-INV02,AlarmWorkState1-DispatchRun,1004,Alarm,2026-04-15T12:44:40.0560000Z,2026-04-15T12:48:40.8690000Z,0.0,DispatchRun
SKB-TS1-INV04,AlarmWorkState1-DispatchRun,1004,Alarm,2026-04-15T12:44:40.1500000Z,2026-04-15T12:48:41.0680000Z,0.0,DispatchRun
SKB-TS2-INV03,AlarmWorkState1-DispatchRun,1004,Alarm,2026-04-15T12:44:40.1550000Z,2026-04-15T12:48:40.9800000Z,0.0,DispatchRun
SKB-TS1-INV07,AlarmWorkState1-DispatchRun,1004,Alarm,2026-04-15T12:44:40.2790000Z,2026-04-15T12:48:41.1480000Z,0.0,DispatchRun
SKB-TS2-INV07,AlarmWorkState1-DispatchRun,1004,Alarm,2026-04-15T12:44:40.2910000Z,2026-04-15T12:48:41.0640000Z,0.0,DispatchRun
SKB-TS1-INV05,AlarmWorkState1-DispatchRun,1004,Alarm,2026-04-15T12:44:40.5280000Z,2026-04-15T12:48:41.3490000Z,0.0,DispatchRun
SKB-TS2-INV04,AlarmWorkState1-DispatchRun,1004,Alarm,2026-04-15T12:44:40.5360000Z,2026-04-15T12:48:41.2620000Z,0.0,DispatchRun
SKB-TS1-INV06,AlarmWorkState1-DispatchRun,1004,Alarm,2026-04-15T12:44:40.6420000Z,2026-04-15T12:48:41.4030000Z,0.0,DispatchRun
SKB-TS2-INV01,AlarmWorkState1-DispatchRun,1004,Alarm,2026-04-15T12:52:08.3710000Z,2026-04-15T12:58:07.6080000Z,0.0,DispatchRun
SKB-TS2-INV06,AlarmWorkState1-DispatchRun,1004,Alarm,2026-04-15T12:52:08.6290000Z,2026-04-15T12:58:07.8710000Z,0.0,DispatchRun
SKB-TS2-INV02,AlarmWorkState1-DispatchRun,1004,Alarm,2026-04-15T12:52:08.7500000Z,2026-04-15T12:58:07.9400000Z,0.0,DispatchRun
SKB-TS1-INV04,AlarmWorkState1-DispatchRun,1004,Alarm,2026-04-15T12:52:08.7800000Z,2026-04-15T12:58:07.9410000Z,0.0,DispatchRun
SKB-TS2-INV03,AlarmWorkState1-DispatchRun,1004,Alarm,2026-04-15T12:52:08.8700000Z,2026-04-15T12:58:08.0750000Z,0.0,DispatchRun
SKB-TS1-INV07,AlarmWorkState1-DispatchRun,1004,Alarm,2026-04-15T12:52:08.9050000Z,2026-04-15T12:58:08.0770000Z,0.0,DispatchRun
SKB-TS2-INV07,AlarmWorkState1-DispatchRun,1004,Alarm,2026-04-15T12:52:09.0170000Z,2026-04-15T12:58:08.1530000Z,0.0,DispatchRun
SKB-TS1-INV05,AlarmWorkState1-DispatchRun,1004,Alarm,2026-04-15T12:52:09.1460000Z,2026-04-15T12:58:09.0130000Z,0.0,DispatchRun
SKB-TS2-INV04,AlarmWorkState1-DispatchRun,1004,Alarm,2026-04-15T12:52:09.2220000Z,2026-04-15T12:58:09.1760000Z,0.0,DispatchRun
SKB-TS1-INV06,AlarmWorkState1-DispatchRun,1004,Alarm,2026-04-15T12:52:09.2540000Z,2026-04-15T12:58:09.1890000Z,0.0,DispatchRun
SKB-TS1-INV05,AlarmWorkState1-AlarmRun,1001,Alarm,2026-04-15T14:41:37.5360000Z,2026-04-15T14:42:10.7940000Z,0.0,AlarmRun
SKB-TS1-INV05,AlarmWorkState1-AlarmRun,1001,Alarm,2026-04-16T06:26:10.3540000Z,2026-04-16T08:34:08.7770000Z,0.0,AlarmRun
SKB-TS2-INV01,AlarmWorkState1-DispatchRun,1004,Alarm,2026-04-16T08:33:07.1770000Z,2026-04-16T08:44:37.4400000Z,0.0,DispatchRun
SKB-TS2-INV06,AlarmWorkState1-DispatchRun,1004,Alarm,2026-04-16T08:33:07.4560000Z,2026-04-16T08:44:39.3940000Z,0.0,DispatchRun
SKB-TS2-INV02,AlarmWorkState1-DispatchRun,1004,Alarm,2026-04-16T08:33:07.6750000Z,2026-04-16T08:44:39.5320000Z,0.0,DispatchRun
SKB-TS2-INV03,AlarmWorkState1-DispatchRun,1004,Alarm,2026-04-16T08:33:07.8670000Z,2026-04-16T08:44:39.6720000Z,0.0,DispatchRun
SKB-TS1-INV04,AlarmWorkState1-DispatchRun,1004,Alarm,2026-04-16T08:33:07.8820000Z,2026-04-16T08:44:39.8160000Z,0.0,DispatchRun
SKB-TS1-INV07,AlarmWorkState1-DispatchRun,1004,Alarm,2026-04-16T08:33:07.9330000Z,2026-04-16T08:44:39.9190000Z,0.0,DispatchRun
SKB-TS2-INV04,AlarmWorkState1-DispatchRun,1004,Alarm,2026-04-16T08:33:08.1410000Z,2026-04-16T08:44:39.9790000Z,0.0,DispatchRun
SKB-TS1-INV06,AlarmWorkState1-DispatchRun,1004,Alarm,2026-04-16T08:33:08.2750000Z,2026-04-16T08:44:40.2480000Z,0.0,DispatchRun
SKB-TS2-INV07,AlarmWorkState1-DispatchRun,1004,Alarm,2026-04-16T08:34:08.6210000Z,2026-04-16T08:44:39.7750000Z,0.0,DispatchRun
SKB-TS1-INV05,AlarmWorkState1-DispatchRun,1004,Alarm,2026-04-16T08:34:08.7770000Z,2026-04-16T08:44:40.1620000Z,0.0,DispatchRun
SKB-TS1-INV05,AlarmWorkState1-AlarmRun,1001,Alarm,2026-04-16T08:44:40.1620000Z,2026-04-16T09:05:39.9200000Z,0.0,AlarmRun
SKB-TS2-INV01,AlarmWorkState1-DispatchRun,1004,Alarm,2026-04-16T09:02:07.2160000Z,2026-04-16T09:02:37.4330000Z,0.0,DispatchRun
SKB-TS2-INV06,AlarmWorkState1-DispatchRun,1004,Alarm,2026-04-16T09:02:08.3890000Z,2026-04-16T09:02:41.3830000Z,0.0,DispatchRun
SKB-TS2-INV02,AlarmWorkState1-DispatchRun,1004,Alarm,2026-04-16T09:02:08.4990000Z,2026-04-16T09:02:41.4540000Z,0.0,DispatchRun
SKB-TS1-INV04,AlarmWorkState1-DispatchRun,1004,Alarm,2026-04-16T09:02:08.5020000Z,2026-04-16T09:02:41.6350000Z,0.0,DispatchRun
SKB-TS2-INV03,AlarmWorkState1-DispatchRun,1004,Alarm,2026-04-16T09:02:08.6050000Z,2026-04-16T09:02:41.5590000Z,0.0,DispatchRun
SKB-TS1-INV07,AlarmWorkState1-DispatchRun,1004,Alarm,2026-04-16T09:02:08.6340000Z,2026-04-16T09:02:41.7330000Z,0.0,DispatchRun
SKB-TS1-INV06,AlarmWorkState1-DispatchRun,1004,Alarm,2026-04-16T09:02:08.9580000Z,2026-04-16T09:02:42.0000000Z,0.0,DispatchRun
SKB-TS2-INV04,AlarmWorkState1-DispatchRun,1004,Alarm,2026-04-16T09:02:08.9890000Z,2026-04-16T09:02:41.8490000Z,0.0,DispatchRun
SKB-TS2-INV01,AlarmWorkState1-DispatchRun,1004,Alarm,2026-04-16T09:05:07.9620000Z,2026-04-16T09:13:10.1860000Z,0.0,DispatchRun
SKB-TS2-INV06,AlarmWorkState1-DispatchRun,1004,Alarm,2026-04-16T09:05:09.9380000Z,2026-04-16T09:13:12.3730000Z,0.0,DispatchRun
SKB-TS2-INV02,AlarmWorkState1-DispatchRun,1004,Alarm,2026-04-16T09:05:10.0860000Z,2026-04-16T09:13:12.4930000Z,0.0,DispatchRun
SKB-TS2-INV03,AlarmWorkState1-DispatchRun,1004,Alarm,2026-04-16T09:05:10.1850000Z,2026-04-16T09:13:12.5540000Z,0.0,DispatchRun
SKB-TS1-INV04,AlarmWorkState1-DispatchRun,1004,Alarm,2026-04-16T09:05:10.2120000Z,2026-04-16T09:13:12.5520000Z,0.0,DispatchRun
SKB-TS2-INV07,AlarmWorkState1-DispatchRun,1004,Alarm,2026-04-16T09:05:10.2670000Z,2026-04-16T09:13:12.6590000Z,0.0,DispatchRun
SKB-TS1-INV07,AlarmWorkState1-DispatchRun,1004,Alarm,2026-04-16T09:05:10.3160000Z,2026-04-16T09:13:12.6600000Z,0.0,DispatchRun
SKB-TS2-INV04,AlarmWorkState1-DispatchRun,1004,Alarm,2026-04-16T09:05:10.4340000Z,2026-04-16T09:13:12.8510000Z,0.0,DispatchRun
SKB-TS1-INV06,AlarmWorkState1-DispatchRun,1004,Alarm,2026-04-16T09:05:10.5510000Z,2026-04-16T09:13:12.9890000Z,0.0,DispatchRun
SKB-TS1-INV05,AlarmWorkState1-DispatchRun,1004,Alarm,2026-04-16T09:05:39.9200000Z,2026-04-16T09:13:12.8520000Z,0.0,DispatchRun
SKB-TS1-INV05,AlarmWorkState1-AlarmRun,1001,Alarm,2026-04-16T09:13:12.8520000Z,2026-04-16T09:41:39.7900000Z,0.0,AlarmRun
SKB-TS2-INV01,AlarmWorkState1-DispatchRun,1004,Alarm,2026-04-16T09:41:09.6580000Z,2026-04-16T10:26:38.1440000Z,0.0,DispatchRun
SKB-TS2-INV06,AlarmWorkState1-DispatchRun,1004,Alarm,2026-04-16T09:41:09.9450000Z,2026-04-16T10:26:39.1890000Z,0.0,DispatchRun
SKB-TS2-INV02,AlarmWorkState1-DispatchRun,1004,Alarm,2026-04-16T09:41:10.0210000Z,2026-04-16T10:26:39.3250000Z,0.0,DispatchRun
SKB-TS1-INV04,AlarmWorkState1-DispatchRun,1004,Alarm,2026-04-16T09:41:10.0260000Z,2026-04-16T10:26:39.6560000Z,0.0,DispatchRun
SKB-TS2-INV03,AlarmWorkState1-DispatchRun,1004,Alarm,2026-04-16T09:41:10.1170000Z,2026-04-16T10:26:39.4540000Z,0.0,DispatchRun
SKB-TS1-INV07,AlarmWorkState1-DispatchRun,1004,Alarm,2026-04-16T09:41:10.1290000Z,2026-04-16T10:26:39.7890000Z,0.0,DispatchRun
SKB-TS2-INV04,AlarmWorkState1-DispatchRun,1004,Alarm,2026-04-16T09:41:10.4680000Z,2026-04-16T10:26:39.8110000Z,0.0,DispatchRun
SKB-TS1-INV06,AlarmWorkState1-DispatchRun,1004,Alarm,2026-04-16T09:41:10.4730000Z,2026-04-16T10:26:40.0260000Z,0.0,DispatchRun
SKB-TS2-INV07,AlarmWorkState1-DispatchRun,1004,Alarm,2026-04-16T09:41:39.5880000Z,2026-04-16T10:26:39.5620000Z,0.0,DispatchRun
SKB-TS1-INV05,AlarmWorkState1-DispatchRun,1004,Alarm,2026-04-16T09:41:39.7900000Z,2026-04-16T10:26:39.9530000Z,0.0,DispatchRun
SKB-TS1-INV05,AlarmWorkState1-AlarmRun,1001,Alarm,2026-04-16T10:26:39.9530000Z,2026-04-16T10:27:38.0460000Z,0.0,AlarmRun
SKB-TS2-INV01,AlarmWorkState1-DispatchRun,1004,Alarm,2026-04-16T10:27:37.2100000Z,2026-04-16T11:10:09.7300000Z,0.0,DispatchRun
SKB-TS2-INV06,AlarmWorkState1-DispatchRun,1004,Alarm,2026-04-16T10:27:37.4050000Z,2026-04-16T11:10:11.8250000Z,0.0,DispatchRun
SKB-TS2-INV02,AlarmWorkState1-DispatchRun,1004,Alarm,2026-04-16T10:27:37.4680000Z,2026-04-16T11:10:11.9450000Z,0.0,DispatchRun
SKB-TS2-INV03,AlarmWorkState1-DispatchRun,1004,Alarm,2026-04-16T10:27:37.6330000Z,2026-04-16T11:10:12.0410000Z,0.0,DispatchRun
SKB-TS1-INV04,AlarmWorkState1-DispatchRun,1004,Alarm,2026-04-16T10:27:37.7250000Z,2026-04-16T11:11:09.7420000Z,0.0,DispatchRun
SKB-TS1-INV07,AlarmWorkState1-DispatchRun,1004,Alarm,2026-04-16T10:27:37.8510000Z,2026-04-16T11:10:12.0700000Z,0.0,DispatchRun
SKB-TS2-INV04,AlarmWorkState1-DispatchRun,1004,Alarm,2026-04-16T10:27:37.9430000Z,2026-04-16T11:10:12.3110000Z,0.0,DispatchRun
SKB-TS1-INV05,AlarmWorkState1-DispatchRun,1004,Alarm,2026-04-16T10:27:38.0460000Z,2026-04-16T11:11:10.0010000Z,0.0,DispatchRun
SKB-TS1-INV06,AlarmWorkState1-DispatchRun,1004,Alarm,2026-04-16T10:27:38.1100000Z,2026-04-16T11:11:10.1500000Z,0.0,DispatchRun
SKB-TS2-INV07,AlarmWorkState1-DispatchRun,1004,Alarm,2026-04-16T10:28:08.8130000Z,2026-04-16T11:10:12.1490000Z,0.0,DispatchRun
SKB-TS1-INV05,AlarmWorkState1-AlarmRun,1001,Alarm,2026-04-16T11:11:10.0010000Z,2026-04-16T11:12:09.0040000Z,0.0,AlarmRun
SKB-TS2-INV01,AlarmWorkState1-DispatchRun,1004,Alarm,2026-04-16T11:11:39.0710000Z,2026-04-16T11:12:38.4070000Z,0.0,DispatchRun
SKB-TS2-INV02,AlarmWorkState1-DispatchRun,1004,Alarm,2026-04-16T11:11:41.2860000Z,2026-04-16T11:12:40.5180000Z,0.0,DispatchRun
SKB-TS2-INV03,AlarmWorkState1-DispatchRun,1004,Alarm,2026-04-16T11:11:41.3970000Z,2026-04-16T11:12:40.6020000Z,0.0,DispatchRun
SKB-TS1-INV07,AlarmWorkState1-DispatchRun,1004,Alarm,2026-04-16T11:11:41.5320000Z,2026-04-16T11:12:40.6740000Z,0.0,DispatchRun
SKB-TS2-INV04,AlarmWorkState1-DispatchRun,1004,Alarm,2026-04-16T11:11:41.7550000Z,2026-04-16T11:12:40.9050000Z,0.0,DispatchRun
SKB-TS2-INV06,AlarmWorkState1-DispatchRun,1004,Alarm,2026-04-16T11:12:07.8220000Z,2026-04-16T11:12:40.3720000Z,0.0,DispatchRun
SKB-TS2-INV07,AlarmWorkState1-DispatchRun,1004,Alarm,2026-04-16T11:12:08.0960000Z,2026-04-16T11:12:40.6850000Z,0.0,DispatchRun
SKB-TS1-INV04,AlarmWorkState1-DispatchRun,1004,Alarm,2026-04-16T11:12:08.8080000Z,2026-04-16T11:12:40.5910000Z,0.0,DispatchRun
SKB-TS1-INV05,AlarmWorkState1-DispatchRun,1004,Alarm,2026-04-16T11:12:09.0040000Z,2026-04-16T11:12:40.8950000Z,0.0,DispatchRun
SKB-TS1-INV06,AlarmWorkState1-DispatchRun,1004,Alarm,2026-04-16T11:12:09.0530000Z,2026-04-16T11:12:41.0020000Z,0.0,DispatchRun
SKB-TS1-INV05,AlarmWorkState1-AlarmRun,1001,Alarm,2026-04-16T11:12:40.8950000Z,2026-04-16T11:14:08.0440000Z,0.0,AlarmRun
SKB-TS2-INV01,AlarmWorkState1-DispatchRun,1004,Alarm,2026-04-16T11:13:38.2310000Z,2026-04-16T11:16:07.1920000Z,0.0,DispatchRun
SKB-TS2-INV06,AlarmWorkState1-DispatchRun,1004,Alarm,2026-04-16T11:13:39.3010000Z,2026-04-16T11:15:09.3260000Z,0.0,DispatchRun
SKB-TS2-INV02,AlarmWorkState1-DispatchRun,1004,Alarm,2026-04-16T11:13:39.4210000Z,2026-04-16T11:15:09.4280000Z,0.0,DispatchRun
SKB-TS2-INV03,AlarmWorkState1-DispatchRun,1004,Alarm,2026-04-16T11:13:39.5520000Z,2026-04-16T11:16:10.1060000Z,0.0,DispatchRun
SKB-TS2-INV04,AlarmWorkState1-DispatchRun,1004,Alarm,2026-04-16T11:13:39.8550000Z,2026-04-16T11:15:09.9250000Z,0.0,DispatchRun
SKB-TS1-INV06,AlarmWorkState1-DispatchRun,1004,Alarm,2026-04-16T11:13:39.9440000Z,2026-04-16T11:15:10.0730000Z,0.0,DispatchRun
SKB-TS1-INV04,AlarmWorkState1-DispatchRun,1004,Alarm,2026-04-16T11:14:07.7410000Z,2026-04-16T11:15:09.6110000Z,0.0,DispatchRun
SKB-TS1-INV07,AlarmWorkState1-DispatchRun,1004,Alarm,2026-04-16T11:14:07.8480000Z,2026-04-16T11:15:09.7400000Z,0.0,DispatchRun
SKB-TS2-INV07,AlarmWorkState1-DispatchRun,1004,Alarm,2026-04-16T11:14:07.8600000Z,2026-04-16T11:15:09.7070000Z,0.0,DispatchRun
SKB-TS1-INV05,AlarmWorkState1-DispatchRun,1004,Alarm,2026-04-16T11:14:08.0440000Z,2026-04-16T11:15:09.9720000Z,0.0,DispatchRun
SKB-TS1-INV05,AlarmWorkState1-AlarmRun,1001,Alarm,2026-04-16T11:15:09.9720000Z,2026-04-16T11:22:07.8710000Z,0.0,AlarmRun
SKB-TS2-INV01,AlarmWorkState1-DispatchRun,1004,Alarm,2026-04-16T11:22:07.1890000Z,2026-04-16T11:29:08.8190000Z,0.0,DispatchRun
SKB-TS2-INV06,AlarmWorkState1-DispatchRun,1004,Alarm,2026-04-16T11:22:07.4450000Z,2026-04-16T11:29:09.8880000Z,0.0,DispatchRun
SKB-TS2-INV02,AlarmWorkState1-DispatchRun,1004,Alarm,2026-04-16T11:22:07.5570000Z,2026-04-16T11:29:09.9750000Z,0.0,DispatchRun
SKB-TS2-INV03,AlarmWorkState1-DispatchRun,1004,Alarm,2026-04-16T11:22:07.6780000Z,2026-04-16T11:29:10.0680000Z,0.0,DispatchRun
SKB-TS1-INV04,AlarmWorkState1-DispatchRun,1004,Alarm,2026-04-16T11:22:07.7020000Z,2026-04-16T11:29:09.9360000Z,0.0,DispatchRun
SKB-TS1-INV07,AlarmWorkState1-DispatchRun,1004,Alarm,2026-04-16T11:22:07.7380000Z,2026-04-16T11:29:09.9820000Z,0.0,DispatchRun
SKB-TS2-INV07,AlarmWorkState1-DispatchRun,1004,Alarm,2026-04-16T11:22:07.7390000Z,2026-04-16T11:29:10.1550000Z,0.0,DispatchRun
SKB-TS2-INV04,AlarmWorkState1-DispatchRun,1004,Alarm,2026-04-16T11:22:07.8350000Z,2026-04-16T11:29:10.2960000Z,0.0,DispatchRun
SKB-TS1-INV05,AlarmWorkState1-DispatchRun,1004,Alarm,2026-04-16T11:22:07.8710000Z,2026-04-16T11:29:10.1660000Z,0.0,DispatchRun
SKB-TS1-INV06,AlarmWorkState1-DispatchRun,1004,Alarm,2026-04-16T11:22:07.9800000Z,2026-04-16T11:29:10.2400000Z,0.0,DispatchRun
SKB-TS1-INV05,AlarmWorkState1-AlarmRun,1001,Alarm,2026-04-16T11:29:10.1660000Z,2026-04-16T11:31:09.8440000Z,0.0,AlarmRun
SKB-TS2-INV01,AlarmWorkState1-DispatchRun,1004,Alarm,2026-04-16T11:30:37.2040000Z,2026-04-16T11:31:37.2240000Z,0.0,DispatchRun
SKB-TS2-INV06,AlarmWorkState1-DispatchRun,1004,Alarm,2026-04-16T11:30:37.5690000Z,2026-04-16T11:31:37.5130000Z,0.0,DispatchRun
SKB-TS2-INV02,AlarmWorkState1-DispatchRun,1004,Alarm,2026-04-16T11:30:37.6770000Z,2026-04-16T11:31:37.5980000Z,0.0,DispatchRun
SKB-TS1-INV04,AlarmWorkState1-DispatchRun,1004,Alarm,2026-04-16T11:30:37.7090000Z,2026-04-16T11:31:37.7100000Z,0.0,DispatchRun
SKB-TS2-INV03,AlarmWorkState1-DispatchRun,1004,Alarm,2026-04-16T11:30:37.7350000Z,2026-04-16T11:31:37.7090000Z,0.0,DispatchRun
SKB-TS1-INV07,AlarmWorkState1-DispatchRun,1004,Alarm,2026-04-16T11:30:37.8180000Z,2026-04-16T11:31:37.8630000Z,0.0,DispatchRun
SKB-TS2-INV07,AlarmWorkState1-DispatchRun,1004,Alarm,2026-04-16T11:30:37.8290000Z,2026-04-16T11:31:37.8620000Z,0.0,DispatchRun
SKB-TS2-INV04,AlarmWorkState1-DispatchRun,1004,Alarm,2026-04-16T11:30:37.9630000Z,2026-04-16T11:31:38.0250000Z,0.0,DispatchRun
SKB-TS1-INV06,AlarmWorkState1-DispatchRun,1004,Alarm,2026-04-16T11:30:38.0240000Z,2026-04-16T11:31:38.1580000Z,0.0,DispatchRun
SKB-TS1-INV05,AlarmWorkState1-DispatchRun,1004,Alarm,2026-04-16T11:31:09.8440000Z,2026-04-16T11:31:38.0320000Z,0.0,DispatchRun
SKB-TS1-INV05,AlarmWorkState1-AlarmRun,1001,Alarm,2026-04-16T11:31:38.0320000Z,2026-04-16T11:33:09.7310000Z,0.0,AlarmRun
SKB-TS2-INV01,AlarmWorkState1-DispatchRun,1004,Alarm,2026-04-16T11:33:07.1820000Z,2026-04-16T11:36:39.2630000Z,0.0,DispatchRun
SKB-TS2-INV06,AlarmWorkState1-DispatchRun,1004,Alarm,2026-04-16T11:33:09.2190000Z,2026-04-16T11:36:40.5330000Z,0.0,DispatchRun
SKB-TS2-INV02,AlarmWorkState1-DispatchRun,1004,Alarm,2026-04-16T11:33:09.2730000Z,2026-04-16T11:36:40.6690000Z,0.0,DispatchRun
SKB-TS2-INV03,AlarmWorkState1-DispatchRun,1004,Alarm,2026-04-16T11:33:09.3230000Z,2026-04-16T11:36:40.7840000Z,0.0,DispatchRun
SKB-TS2-INV07,AlarmWorkState1-DispatchRun,1004,Alarm,2026-04-16T11:33:09.4350000Z,2026-04-16T11:36:40.9190000Z,0.0,DispatchRun
SKB-TS1-INV04,AlarmWorkState1-DispatchRun,1004,Alarm,2026-04-16T11:33:09.4710000Z,2026-04-16T11:36:40.8210000Z,0.0,DispatchRun
SKB-TS1-INV07,AlarmWorkState1-DispatchRun,1004,Alarm,2026-04-16T11:33:09.5700000Z,2026-04-16T11:36:40.9440000Z,0.0,DispatchRun
SKB-TS2-INV04,AlarmWorkState1-DispatchRun,1004,Alarm,2026-04-16T11:33:09.6210000Z,2026-04-16T11:36:41.1360000Z,0.0,DispatchRun
SKB-TS1-INV05,AlarmWorkState1-DispatchRun,1004,Alarm,2026-04-16T11:33:09.7310000Z,2026-04-16T11:36:41.1590000Z,0.0,DispatchRun
SKB-TS1-INV06,AlarmWorkState1-DispatchRun,1004,Alarm,2026-04-16T11:33:09.8090000Z,2026-04-16T11:36:41.2270000Z,0.0,DispatchRun
SKB-TS1-INV05,AlarmWorkState1-AlarmRun,1001,Alarm,2026-04-16T11:36:41.1590000Z,2026-04-16T11:37:39.8900000Z,0.0,AlarmRun
SKB-TS2-INV01,AlarmWorkState1-DispatchRun,1004,Alarm,2026-04-16T11:37:07.2170000Z,2026-04-16T11:38:39.3810000Z,0.0,DispatchRun
SKB-TS2-INV06,AlarmWorkState1-DispatchRun,1004,Alarm,2026-04-16T11:37:10.2490000Z,2026-04-16T11:38:40.5490000Z,0.0,DispatchRun
SKB-TS2-INV02,AlarmWorkState1-DispatchRun,1004,Alarm,2026-04-16T11:37:10.3950000Z,2026-04-16T11:38:40.6480000Z,0.0,DispatchRun
SKB-TS2-INV03,AlarmWorkState1-DispatchRun,1004,Alarm,2026-04-16T11:37:10.5010000Z,2026-04-16T11:38:40.7060000Z,0.0,DispatchRun
SKB-TS1-INV04,AlarmWorkState1-DispatchRun,1004,Alarm,2026-04-16T11:37:10.6150000Z,2026-04-16T11:38:40.6930000Z,0.0,DispatchRun
SKB-TS1-INV07,AlarmWorkState1-DispatchRun,1004,Alarm,2026-04-16T11:37:10.7080000Z,2026-04-16T11:38:40.7590000Z,0.0,DispatchRun
SKB-TS2-INV04,AlarmWorkState1-DispatchRun,1004,Alarm,2026-04-16T11:37:10.7680000Z,2026-04-16T11:38:41.0240000Z,0.0,DispatchRun
SKB-TS1-INV06,AlarmWorkState1-DispatchRun,1004,Alarm,2026-04-16T11:37:10.9910000Z,2026-04-16T11:38:41.0560000Z,0.0,DispatchRun
SKB-TS2-INV07,AlarmWorkState1-DispatchRun,1004,Alarm,2026-04-16T11:37:39.6360000Z,2026-04-16T11:38:40.7780000Z,0.0,DispatchRun
SKB-TS1-INV05,AlarmWorkState1-DispatchRun,1004,Alarm,2026-04-16T11:37:39.8900000Z,2026-04-16T11:38:40.9660000Z,0.0,DispatchRun
SKB-TS1-INV05,AlarmWorkState1-AlarmRun,1001,Alarm,2026-04-16T11:38:40.9660000Z,2026-04-16T11:39:09.8130000Z,0.0,AlarmRun
SKB-TS2-INV01,AlarmWorkState1-DispatchRun,1004,Alarm,2026-04-16T11:42:07.1970000Z,2026-04-16T11:47:11.3910000Z,0.0,DispatchRun
SKB-TS2-INV06,AlarmWorkState1-DispatchRun,1004,Alarm,2026-04-16T11:42:11.7900000Z,2026-04-16T11:47:11.7900000Z,0.0,DispatchRun
SKB-TS2-INV02,AlarmWorkState1-DispatchRun,1004,Alarm,2026-04-16T11:42:11.8990000Z,2026-04-16T11:47:11.8330000Z,0.0,DispatchRun
SKB-TS1-INV04,AlarmWorkState1-DispatchRun,1004,Alarm,2026-04-16T11:42:11.9920000Z,2026-04-16T11:47:11.8070000Z,0.0,DispatchRun
SKB-TS2-INV03,AlarmWorkState1-DispatchRun,1004,Alarm,2026-04-16T11:42:11.9930000Z,2026-04-16T11:47:11.8770000Z,0.0,DispatchRun
SKB-TS1-INV07,AlarmWorkState1-DispatchRun,1004,Alarm,2026-04-16T11:42:12.1170000Z,2026-04-16T11:47:11.8420000Z,0.0,DispatchRun
SKB-TS2-INV07,AlarmWorkState1-DispatchRun,1004,Alarm,2026-04-16T11:42:12.1180000Z,2026-04-16T11:47:11.9170000Z,0.0,DispatchRun
SKB-TS1-INV05,AlarmWorkState1-DispatchRun,1004,Alarm,2026-04-16T11:42:12.3050000Z,2026-04-16T11:47:11.9150000Z,0.0,DispatchRun
SKB-TS2-INV04,AlarmWorkState1-DispatchRun,1004,Alarm,2026-04-16T11:42:12.3160000Z,2026-04-16T11:47:12.0260000Z,0.0,DispatchRun
SKB-TS1-INV06,AlarmWorkState1-DispatchRun,1004,Alarm,2026-04-16T11:42:12.3950000Z,2026-04-16T11:47:11.9420000Z,0.0,DispatchRun
SKB-TS1-INV05,AlarmWorkState1-AlarmRun,1001,Alarm,2026-04-16T11:51:38.8210000Z,2026-04-16T11:52:40.1000000Z,0.0,AlarmRun
SKB-TS2-INV01,AlarmWorkState1-DispatchRun,1004,Alarm,2026-04-16T11:56:07.2220000Z,2026-04-16T12:00:07.2380000Z,0.0,DispatchRun
SKB-TS2-INV02,AlarmWorkState1-DispatchRun,1004,Alarm,2026-04-16T11:56:08.3890000Z,2026-04-16T12:00:07.5550000Z,0.0,DispatchRun
SKB-TS2-INV03,AlarmWorkState1-DispatchRun,1004,Alarm,2026-04-16T11:56:08.5210000Z,2026-04-16T12:00:07.6400000Z,0.0,DispatchRun
SKB-TS2-INV07,AlarmWorkState1-DispatchRun,1004,Alarm,2026-04-16T11:56:08.6410000Z,2026-04-16T12:00:07.7270000Z,0.0,DispatchRun
SKB-TS1-INV07,AlarmWorkState1-DispatchRun,1004,Alarm,2026-04-16T11:56:08.6650000Z,2026-04-16T12:00:07.8060000Z,0.0,DispatchRun
SKB-TS2-INV04,AlarmWorkState1-DispatchRun,1004,Alarm,2026-04-16T11:56:08.7940000Z,2026-04-16T12:00:07.9480000Z,0.0,DispatchRun
SKB-TS2-INV06,AlarmWorkState1-DispatchRun,1004,Alarm,2026-04-16T11:56:38.3840000Z,2026-04-16T12:00:07.4480000Z,0.0,DispatchRun
SKB-TS1-INV04,AlarmWorkState1-DispatchRun,1004,Alarm,2026-04-16T11:56:38.5020000Z,2026-04-16T12:00:07.7180000Z,0.0,DispatchRun
SKB-TS1-INV05,AlarmWorkState1-DispatchRun,1004,Alarm,2026-04-16T11:56:38.7480000Z,2026-04-16T12:00:08.0260000Z,0.0,DispatchRun
SKB-TS1-INV06,AlarmWorkState1-DispatchRun,1004,Alarm,2026-04-16T11:56:38.8740000Z,2026-04-16T11:59:12.6680000Z,0.0,DispatchRun
SKB-TS1-INV06,AlarmWorkState1-DispatchRun,1004,Alarm,2026-04-16T11:59:38.8270000Z,2026-04-16T12:00:08.1210000Z,0.0,DispatchRun
SKB-TS2-INV01,AlarmWorkState1-DispatchRun,1004,Alarm,2026-04-16T12:01:08.0380000Z,2026-04-16T12:05:38.9990000Z,0.0,DispatchRun
SKB-TS2-INV06,AlarmWorkState1-DispatchRun,1004,Alarm,2026-04-16T12:01:08.2280000Z,2026-04-16T12:05:40.1970000Z,0.0,DispatchRun
SKB-TS2-INV02,AlarmWorkState1-DispatchRun,1004,Alarm,2026-04-16T12:01:08.3070000Z,2026-04-16T12:05:40.2890000Z,0.0,DispatchRun
SKB-TS1-INV04,AlarmWorkState1-DispatchRun,1004,Alarm,2026-04-16T12:01:08.3440000Z,2026-04-16T12:05:40.3510000Z,0.0,DispatchRun
SKB-TS2-INV03,AlarmWorkState1-DispatchRun,1004,Alarm,2026-04-16T12:01:08.3910000Z,2026-04-16T12:05:40.3730000Z,0.0,DispatchRun
SKB-TS1-INV07,AlarmWorkState1-DispatchRun,1004,Alarm,2026-04-16T12:01:08.4450000Z,2026-04-16T12:05:40.4200000Z,0.0,DispatchRun
SKB-TS2-INV07,AlarmWorkState1-DispatchRun,1004,Alarm,2026-04-16T12:01:08.4720000Z,2026-04-16T12:03:40.8860000Z,0.0,DispatchRun
SKB-TS1-INV05,AlarmWorkState1-DispatchRun,1004,Alarm,2026-04-16T12:01:08.5910000Z,2026-04-16T12:03:41.1090000Z,0.0,DispatchRun
SKB-TS2-INV04,AlarmWorkState1-DispatchRun,1004,Alarm,2026-04-16T12:01:08.6150000Z,2026-04-16T12:05:40.7050000Z,0.0,DispatchRun
SKB-TS1-INV06,AlarmWorkState1-DispatchRun,1004,Alarm,2026-04-16T12:01:08.6960000Z,2026-04-16T12:05:40.7650000Z,0.0,DispatchRun
SKB-TS1-INV05,AlarmWorkState1-AlarmRun,1001,Alarm,2026-04-16T12:03:41.1090000Z,2026-04-16T12:04:09.0230000Z,0.0,AlarmRun
SKB-TS2-INV07,AlarmWorkState1-DispatchRun,1004,Alarm,2026-04-16T12:04:07.8070000Z,2026-04-16T12:05:40.5080000Z,0.0,DispatchRun
SKB-TS1-INV05,AlarmWorkState1-DispatchRun,1004,Alarm,2026-04-16T12:04:09.0230000Z,2026-04-16T12:05:40.6480000Z,0.0,DispatchRun
SKB-TS1-INV05,AlarmWorkState1-AlarmRun,1001,Alarm,2026-04-16T12:05:40.6480000Z,2026-04-16T12:57:11.9830000Z,0.0,AlarmRun
SKB-TS1-INV05,AlarmWorkState1-AlarmRun,1001,Alarm,2026-04-16T13:15:10.2640000Z,2026-04-16T13:26:08.1170000Z,0.0,AlarmRun
SKB-TS2-INV01,AlarmWorkState1-DispatchRun,1004,Alarm,2026-04-16T13:25:07.3040000Z,2026-04-16T13:27:07.2080000Z,0.0,DispatchRun
SKB-TS2-INV06,AlarmWorkState1-DispatchRun,1004,Alarm,2026-04-16T13:25:08.2110000Z,2026-04-16T13:27:09.0800000Z,0.0,DispatchRun
SKB-TS1-INV04,AlarmWorkState1-DispatchRun,1004,Alarm,2026-04-16T13:25:08.3560000Z,2026-04-16T13:27:09.1720000Z,0.0,DispatchRun
SKB-TS2-INV03,AlarmWorkState1-DispatchRun,1004,Alarm,2026-04-16T13:25:08.4600000Z,2026-04-16T13:27:09.3030000Z,0.0,DispatchRun
SKB-TS1-INV07,AlarmWorkState1-DispatchRun,1004,Alarm,2026-04-16T13:25:08.4860000Z,2026-04-16T13:27:09.2740000Z,0.0,DispatchRun
SKB-TS2-INV04,AlarmWorkState1-DispatchRun,1004,Alarm,2026-04-16T13:25:08.7650000Z,2026-04-16T13:27:09.5350000Z,0.0,DispatchRun
SKB-TS1-INV06,AlarmWorkState1-DispatchRun,1004,Alarm,2026-04-16T13:25:08.8120000Z,2026-04-16T13:27:09.5150000Z,0.0,DispatchRun
SKB-TS2-INV02,AlarmWorkState1-DispatchRun,1004,Alarm,2026-04-16T13:25:40.4070000Z,2026-04-16T13:27:09.1890000Z,0.0,DispatchRun
SKB-TS2-INV07,AlarmWorkState1-DispatchRun,1004,Alarm,2026-04-16T13:25:40.5400000Z,2026-04-16T13:27:09.3980000Z,0.0,DispatchRun
SKB-TS1-INV05,AlarmWorkState1-DispatchRun,1004,Alarm,2026-04-16T13:26:08.1170000Z,2026-04-16T13:27:09.4490000Z,0.0,DispatchRun
SKB-TS1-INV05,AlarmWorkState1-AlarmRun,1001,Alarm,2026-04-16T13:27:09.4490000Z,2026-04-16T14:13:11.4300000Z,0.0,AlarmRun
SKB-TS1-INV05,AlarmWorkState1-AlarmRun,1001,Alarm,2026-04-16T14:37:11.1840000Z,2026-04-16T14:50:09.7670000Z,0.0,AlarmRun
SKB-TS1-INV05,AlarmWorkState1-AlarmRun,1001,Alarm,2026-04-17T06:45:10.6130000Z,2026-04-17T06:55:40.0030000Z,0.0,AlarmRun
SKB-TS1-INV05,AlarmWorkState1-AlarmRun,1001,Alarm,2026-04-17T07:08:09.3790000Z,2026-04-17T07:39:11.1760000Z,0.0,AlarmRun
SKB-TS1-INV05,AlarmWorkState1-AlarmRun,1001,Alarm,2026-04-17T08:14:40.7820000Z,2026-04-17T09:11:09.5430000Z,0.0,AlarmRun
SKB-TS2-INV01,AlarmWorkState1-DispatchRun,1004,Alarm,2026-04-17T09:10:38.5570000Z,2026-04-17T09:15:09.6720000Z,0.0,DispatchRun
SKB-TS2-INV06,AlarmWorkState1-DispatchRun,1004,Alarm,2026-04-17T09:10:41.3000000Z,2026-04-17T09:15:11.7790000Z,0.0,DispatchRun
SKB-TS2-INV02,AlarmWorkState1-DispatchRun,1004,Alarm,2026-04-17T09:10:41.4520000Z,2026-04-17T09:15:11.8770000Z,0.0,DispatchRun
SKB-TS2-INV03,AlarmWorkState1-DispatchRun,1004,Alarm,2026-04-17T09:10:41.5200000Z,2026-04-17T09:15:11.9870000Z,0.0,DispatchRun
SKB-TS2-INV07,AlarmWorkState1-DispatchRun,1004,Alarm,2026-04-17T09:10:41.6420000Z,2026-04-17T09:15:12.1080000Z,0.0,DispatchRun
SKB-TS1-INV07,AlarmWorkState1-DispatchRun,1004,Alarm,2026-04-17T09:10:41.6880000Z,2026-04-17T09:15:12.1210000Z,0.0,DispatchRun
SKB-TS2-INV04,AlarmWorkState1-DispatchRun,1004,Alarm,2026-04-17T09:10:41.8390000Z,2026-04-17T09:15:12.3110000Z,0.0,DispatchRun
SKB-TS1-INV04,AlarmWorkState1-DispatchRun,1004,Alarm,2026-04-17T09:11:09.1820000Z,2026-04-17T09:15:12.0130000Z,0.0,DispatchRun
SKB-TS1-INV05,AlarmWorkState1-DispatchRun,1004,Alarm,2026-04-17T09:11:09.5430000Z,2026-04-17T09:15:12.3490000Z,0.0,DispatchRun
SKB-TS1-INV06,AlarmWorkState1-DispatchRun,1004,Alarm,2026-04-17T09:11:09.6430000Z,2026-04-17T09:15:12.4830000Z,0.0,DispatchRun
SKB-TS1-INV05,AlarmWorkState1-AlarmRun,1001,Alarm,2026-04-17T09:15:12.3490000Z,2026-04-17T10:02:40.3670000Z,0.0,AlarmRun
SKB-TS2-INV01,AlarmWorkState1-DispatchRun,1004,Alarm,2026-04-17T10:02:39.8960000Z,2026-04-17T10:03:10.9970000Z,0.0,DispatchRun
SKB-TS1-INV04,AlarmWorkState1-DispatchRun,1004,Alarm,2026-04-17T10:02:40.0770000Z,2026-04-17T10:03:11.1570000Z,0.0,DispatchRun
SKB-TS1-INV07,AlarmWorkState1-DispatchRun,1004,Alarm,2026-04-17T10:02:40.1740000Z,2026-04-17T10:03:11.2870000Z,0.0,DispatchRun
SKB-TS2-INV02,AlarmWorkState1-DispatchRun,1004,Alarm,2026-04-17T10:02:40.2850000Z,2026-04-17T10:03:11.3080000Z,0.0,DispatchRun
SKB-TS2-INV03,AlarmWorkState1-DispatchRun,1004,Alarm,2026-04-17T10:02:40.3510000Z,2026-04-17T10:03:11.4230000Z,0.0,DispatchRun
SKB-TS1-INV05,AlarmWorkState1-DispatchRun,1004,Alarm,2026-04-17T10:02:40.3670000Z,2026-04-17T10:03:11.5080000Z,0.0,DispatchRun
SKB-TS2-INV07,AlarmWorkState1-DispatchRun,1004,Alarm,2026-04-17T10:02:40.4600000Z,2026-04-17T10:03:11.5180000Z,0.0,DispatchRun
SKB-TS1-INV06,AlarmWorkState1-DispatchRun,1004,Alarm,2026-04-17T10:02:40.5020000Z,2026-04-17T10:03:11.6020000Z,0.0,DispatchRun
SKB-TS2-INV04,AlarmWorkState1-DispatchRun,1004,Alarm,2026-04-17T10:02:40.6350000Z,2026-04-17T10:03:11.6980000Z,0.0,DispatchRun
SKB-TS1-INV05,AlarmWorkState1-AlarmRun,1001,Alarm,2026-04-17T10:03:11.5080000Z,2026-04-17T10:08:41.1750000Z,0.0,AlarmRun
SKB-TS2-INV01,AlarmWorkState1-DispatchRun,1004,Alarm,2026-04-17T10:08:38.6280000Z,2026-04-17T10:09:07.7870000Z,0.0,DispatchRun
SKB-TS2-INV06,AlarmWorkState1-DispatchRun,1004,Alarm,2026-04-17T10:08:40.8050000Z,2026-04-17T10:09:40.6470000Z,0.0,DispatchRun
SKB-TS2-INV02,AlarmWorkState1-DispatchRun,1004,Alarm,2026-04-17T10:08:40.8510000Z,2026-04-17T10:09:08.1680000Z,0.0,DispatchRun
SKB-TS2-INV03,AlarmWorkState1-DispatchRun,1004,Alarm,2026-04-17T10:08:40.9340000Z,2026-04-17T10:09:08.3550000Z,0.0,DispatchRun
SKB-TS1-INV04,AlarmWorkState1-DispatchRun,1004,Alarm,2026-04-17T10:08:40.9360000Z,2026-04-17T11:33:13.5760000Z,0.0,DispatchRun
SKB-TS2-INV07,AlarmWorkState1-DispatchRun,1004,Alarm,2026-04-17T10:08:40.9810000Z,2026-04-17T10:09:08.5330000Z,0.0,DispatchRun
SKB-TS1-INV07,AlarmWorkState1-DispatchRun,1004,Alarm,2026-04-17T10:08:40.9850000Z,2026-04-17T11:33:13.6980000Z,0.0,DispatchRun
SKB-TS1-INV05,AlarmWorkState1-DispatchRun,1004,Alarm,2026-04-17T10:08:41.1750000Z,2026-04-17T11:33:13.8680000Z,0.0,DispatchRun
SKB-TS1-INV06,AlarmWorkState1-DispatchRun,1004,Alarm,2026-04-17T10:08:41.3070000Z,2026-04-17T10:09:08.9190000Z,0.0,DispatchRun
SKB-TS2-INV01,AlarmWorkState1-DispatchRun,1004,Alarm,2026-04-17T10:10:07.8100000Z,2026-04-17T11:33:09.3850000Z,0.0,DispatchRun
SKB-TS2-INV06,AlarmWorkState1-DispatchRun,1004,Alarm,2026-04-17T10:10:08.0420000Z,2026-04-17T11:33:13.4860000Z,0.0,DispatchRun
SKB-TS2-INV02,AlarmWorkState1-DispatchRun,1004,Alarm,2026-04-17T10:10:08.1300000Z,2026-04-17T11:33:13.6590000Z,0.0,DispatchRun
SKB-TS2-INV03,AlarmWorkState1-DispatchRun,1004,Alarm,2026-04-17T10:10:08.1980000Z,2026-04-17T11:33:13.7430000Z,0.0,DispatchRun
SKB-TS2-INV07,AlarmWorkState1-DispatchRun,1004,Alarm,2026-04-17T10:10:08.3100000Z,2026-04-17T11:33:13.8560000Z,0.0,DispatchRun
SKB-TS2-INV04,AlarmWorkState1-DispatchRun,1004,Alarm,2026-04-17T10:10:08.5170000Z,2026-04-17T11:33:14.0840000Z,0.0,DispatchRun
SKB-TS1-INV06,AlarmWorkState1-DispatchRun,1004,Alarm,2026-04-17T10:10:08.6630000Z,2026-04-17T11:33:13.9730000Z,0.0,DispatchRun
SKB-TS1-INV05,AlarmWorkState1-AlarmRun,1001,Alarm,2026-04-17T11:33:13.8680000Z,2026-04-17T11:47:08.7810000Z,0.0,AlarmRun
SKB-TS2-INV01,AlarmWorkState1-DispatchRun,1004,Alarm,2026-04-17T11:47:08.2380000Z,2026-04-17T11:52:37.8320000Z,0.0,DispatchRun
SKB-TS2-INV06,AlarmWorkState1-DispatchRun,1004,Alarm,2026-04-17T11:47:08.3940000Z,2026-04-17T11:51:39.1420000Z,0.0,DispatchRun
SKB-TS2-INV02,AlarmWorkState1-DispatchRun,1004,Alarm,2026-04-17T11:47:08.5070000Z,2026-04-17T11:52:40.3060000Z,0.0,DispatchRun
SKB-TS1-INV04,AlarmWorkState1-DispatchRun,1004,Alarm,2026-04-17T11:47:08.5520000Z,2026-04-17T11:51:39.2750000Z,0.0,DispatchRun
SKB-TS2-INV03,AlarmWorkState1-DispatchRun,1004,Alarm,2026-04-17T11:47:08.6280000Z,2026-04-17T11:51:39.3190000Z,0.0,DispatchRun
SKB-TS1-INV07,AlarmWorkState1-DispatchRun,1004,Alarm,2026-04-17T11:47:08.6470000Z,2026-04-17T11:51:39.3720000Z,0.0,DispatchRun
SKB-TS2-INV07,AlarmWorkState1-DispatchRun,1004,Alarm,2026-04-17T11:47:08.6900000Z,2026-04-17T11:51:39.4030000Z,0.0,DispatchRun
SKB-TS1-INV05,AlarmWorkState1-DispatchRun,1004,Alarm,2026-04-17T11:47:08.7810000Z,2026-04-17T11:51:39.5730000Z,0.0,DispatchRun
SKB-TS2-INV04,AlarmWorkState1-DispatchRun,1004,Alarm,2026-04-17T11:47:08.8260000Z,2026-04-17T11:52:40.7820000Z,0.0,DispatchRun
SKB-TS1-INV06,AlarmWorkState1-DispatchRun,1004,Alarm,2026-04-17T11:47:08.9070000Z,2026-04-17T11:51:39.6850000Z,0.0,DispatchRun
SKB-TS1-INV05,AlarmWorkState1-AlarmRun,1001,Alarm,2026-04-17T11:51:39.5730000Z,2026-04-17T11:55:10.1640000Z,0.0,AlarmRun
SKB-TS2-INV01,AlarmWorkState1-DispatchRun,1004,Alarm,2026-04-17T11:54:38.0380000Z,2026-04-17T12:27:08.6840000Z,0.0,DispatchRun
SKB-TS2-INV06,AlarmWorkState1-DispatchRun,1004,Alarm,2026-04-17T11:54:40.1780000Z,2026-04-17T12:27:09.8060000Z,0.0,DispatchRun
SKB-TS2-INV02,AlarmWorkState1-DispatchRun,1004,Alarm,2026-04-17T11:54:40.2730000Z,2026-04-17T12:27:09.9190000Z,0.0,DispatchRun
SKB-TS2-INV03,AlarmWorkState1-DispatchRun,1004,Alarm,2026-04-17T11:54:40.3440000Z,2026-04-17T12:27:10.0410000Z,0.0,DispatchRun
SKB-TS2-INV07,AlarmWorkState1-DispatchRun,1004,Alarm,2026-04-17T11:54:40.4820000Z,2026-04-17T12:27:10.1430000Z,0.0,DispatchRun
SKB-TS1-INV07,AlarmWorkState1-DispatchRun,1004,Alarm,2026-04-17T11:54:40.5910000Z,2026-04-17T12:27:10.0950000Z,0.0,DispatchRun
SKB-TS2-INV04,AlarmWorkState1-DispatchRun,1004,Alarm,2026-04-17T11:54:40.6870000Z,2026-04-17T12:27:10.3760000Z,0.0,DispatchRun
SKB-TS1-INV04,AlarmWorkState1-DispatchRun,1004,Alarm,2026-04-17T11:55:09.9190000Z,2026-04-17T12:27:09.9650000Z,0.0,DispatchRun
SKB-TS1-INV05,AlarmWorkState1-DispatchRun,1004,Alarm,2026-04-17T11:55:10.1640000Z,2026-04-17T12:27:10.3180000Z,0.0,DispatchRun
SKB-TS1-INV06,AlarmWorkState1-DispatchRun,1004,Alarm,2026-04-17T11:55:10.1950000Z,2026-04-17T12:27:10.4410000Z,0.0,DispatchRun
SKB-TS1-INV05,AlarmWorkState1-AlarmRun,1001,Alarm,2026-04-17T12:27:10.3180000Z,2026-04-17T12:28:11.7600000Z,0.0,AlarmRun
SKB-TS2-INV01,AlarmWorkState1-DispatchRun,1004,Alarm,2026-04-17T12:27:37.8380000Z,2026-04-17T12:51:40.9020000Z,0.0,DispatchRun
SKB-TS2-INV06,AlarmWorkState1-DispatchRun,1004,Alarm,2026-04-17T12:27:39.7030000Z,2026-04-17T12:51:41.1060000Z,0.0,DispatchRun
SKB-TS2-INV02,AlarmWorkState1-DispatchRun,1004,Alarm,2026-04-17T12:27:39.8080000Z,2026-04-17T12:51:41.1670000Z,0.0,DispatchRun
SKB-TS2-INV03,AlarmWorkState1-DispatchRun,1004,Alarm,2026-04-17T12:27:39.9070000Z,2026-04-17T12:51:41.2510000Z,0.0,DispatchRun
SKB-TS2-INV07,AlarmWorkState1-DispatchRun,1004,Alarm,2026-04-17T12:27:40.0570000Z,2026-04-17T12:49:41.1280000Z,0.0,DispatchRun
SKB-TS1-INV07,AlarmWorkState1-DispatchRun,1004,Alarm,2026-04-17T12:27:40.0700000Z,2026-04-17T12:51:41.2330000Z,0.0,DispatchRun
SKB-TS2-INV04,AlarmWorkState1-DispatchRun,1004,Alarm,2026-04-17T12:27:40.2680000Z,2026-04-17T12:51:41.5030000Z,0.0,DispatchRun
SKB-TS1-INV06,AlarmWorkState1-DispatchRun,1004,Alarm,2026-04-17T12:27:40.3180000Z,2026-04-17T12:51:41.4780000Z,0.0,DispatchRun
SKB-TS1-INV04,AlarmWorkState1-DispatchRun,1004,Alarm,2026-04-17T12:28:11.4190000Z,2026-04-17T12:51:41.1480000Z,0.0,DispatchRun
SKB-TS1-INV05,AlarmWorkState1-DispatchRun,1004,Alarm,2026-04-17T12:28:11.7600000Z,2026-04-17T12:50:15.1940000Z,0.0,DispatchRun
SKB-TS2-INV07,AlarmWorkState1-DispatchRun,1004,Alarm,2026-04-17T12:50:14.6320000Z,2026-04-17T12:51:41.3100000Z,0.0,DispatchRun
SKB-TS1-INV05,AlarmWorkState1-AlarmRun,1001,Alarm,2026-04-17T12:50:15.1940000Z,2026-04-17T15:04:40.6000000Z,0.0,AlarmRun
SKB-TS1-INV05,AlarmWorkState1-AlarmRun,1001,Alarm,2026-04-17T15:15:41.4340000Z,2026-04-17T15:27:38.7810000Z,0.0,AlarmRun
SKB-TS1-INV05,AlarmWorkState1-AlarmRun,1001,Alarm,2026-04-18T06:50:11.2260000Z,2026-04-18T09:24:43.0480000Z,0.0,AlarmRun
SKB-TS2-INV02,AlarmWorkState1-DispatchRun,1004,Alarm,2026-04-18T09:24:11.8920000Z,2026-04-18T09:26:39.3550000Z,0.0,DispatchRun
SKB-TS2-INV03,AlarmWorkState1-DispatchRun,1004,Alarm,2026-04-18T09:24:11.9980000Z,2026-04-18T09:26:39.4400000Z,0.0,DispatchRun
SKB-TS2-INV04,AlarmWorkState1-DispatchRun,1004,Alarm,2026-04-18T09:24:12.2400000Z,2026-04-18T09:26:39.8460000Z,0.0,DispatchRun
SKB-TS2-INV01,AlarmWorkState1-DispatchRun,1004,Alarm,2026-04-18T09:24:39.4090000Z,2026-04-18T09:26:38.3420000Z,0.0,DispatchRun
SKB-TS2-INV06,AlarmWorkState1-DispatchRun,1004,Alarm,2026-04-18T09:24:42.5000000Z,2026-04-18T09:26:39.2230000Z,0.0,DispatchRun
SKB-TS2-INV07,AlarmWorkState1-DispatchRun,1004,Alarm,2026-04-18T09:24:42.7410000Z,2026-04-18T09:26:39.5740000Z,0.0,DispatchRun
SKB-TS1-INV04,AlarmWorkState1-DispatchRun,1004,Alarm,2026-04-18T09:24:42.7490000Z,2026-04-18T09:26:39.5220000Z,0.0,DispatchRun
SKB-TS1-INV07,AlarmWorkState1-DispatchRun,1004,Alarm,2026-04-18T09:24:42.8740000Z,2026-04-18T09:26:39.6540000Z,0.0,DispatchRun
SKB-TS1-INV05,AlarmWorkState1-DispatchRun,1004,Alarm,2026-04-18T09:24:43.0480000Z,2026-04-18T09:26:39.9300000Z,0.0,DispatchRun
SKB-TS1-INV06,AlarmWorkState1-DispatchRun,1004,Alarm,2026-04-18T09:24:43.1490000Z,2026-04-18T09:26:40.0300000Z,0.0,DispatchRun
SKB-TS1-INV05,AlarmWorkState1-AlarmRun,1001,Alarm,2026-04-18T09:26:39.9300000Z,2026-04-18T13:30:11.2300000Z,0.0,AlarmRun
SKB-TS1-INV05,AlarmWorkState1-AlarmRun,1001,Alarm,2026-04-18T13:43:15.0140000Z,2026-04-18T13:57:41.1920000Z,0.0,AlarmRun
SKB-TS1-INV05,AlarmWorkState1-AlarmRun,1001,Alarm,2026-04-18T14:16:40.8780000Z,2026-04-18T14:26:11.0350000Z,0.0,AlarmRun
SKB-TS1-INV05,AlarmWorkState1-AlarmRun,1001,Alarm,2026-04-19T07:02:41.7130000Z,2026-04-19T08:03:43.4220000Z,0.0,AlarmRun
SKB-TS1-INV05,AlarmWorkState1-AlarmRun,1001,Alarm,2026-04-19T08:35:13.3690000Z,2026-04-19T09:15:13.0650000Z,0.0,AlarmRun
SKB-TS2-INV01,AlarmWorkState1-DispatchRun,1004,Alarm,2026-04-19T09:15:08.9460000Z,2026-04-19T09:18:08.9760000Z,0.0,DispatchRun
SKB-TS2-INV06,AlarmWorkState1-DispatchRun,1004,Alarm,2026-04-19T09:15:12.5910000Z,2026-04-19T09:18:09.2010000Z,0.0,DispatchRun
SKB-TS2-INV02,AlarmWorkState1-DispatchRun,1004,Alarm,2026-04-19T09:15:12.6790000Z,2026-04-19T09:18:09.3100000Z,0.0,DispatchRun
SKB-TS2-INV03,AlarmWorkState1-DispatchRun,1004,Alarm,2026-04-19T09:15:12.7620000Z,2026-04-19T09:18:09.4670000Z,0.0,DispatchRun
SKB-TS2-INV07,AlarmWorkState1-DispatchRun,1004,Alarm,2026-04-19T09:15:12.8410000Z,2026-04-19T09:18:09.6410000Z,0.0,DispatchRun
SKB-TS1-INV04,AlarmWorkState1-DispatchRun,1004,Alarm,2026-04-19T09:15:12.8460000Z,2026-04-19T09:18:09.6320000Z,0.0,DispatchRun
SKB-TS1-INV07,AlarmWorkState1-DispatchRun,1004,Alarm,2026-04-19T09:15:12.9160000Z,2026-04-19T09:18:09.7920000Z,0.0,DispatchRun
SKB-TS2-INV04,AlarmWorkState1-DispatchRun,1004,Alarm,2026-04-19T09:15:12.9650000Z,2026-04-19T09:18:09.9490000Z,0.0,DispatchRun
SKB-TS1-INV05,AlarmWorkState1-DispatchRun,1004,Alarm,2026-04-19T09:15:13.0650000Z,2026-04-19T09:18:10.0200000Z,0.0,DispatchRun
SKB-TS1-INV06,AlarmWorkState1-DispatchRun,1004,Alarm,2026-04-19T09:15:13.1600000Z,2026-04-19T09:18:10.1060000Z,0.0,DispatchRun
SKB-TS1-INV05,AlarmWorkState1-AlarmRun,1001,Alarm,2026-04-19T09:18:10.0200000Z,2026-04-19T10:22:11.5440000Z,0.0,AlarmRun
SKB-TS2-INV01,AlarmWorkState1-DispatchRun,1004,Alarm,2026-04-19T10:21:08.9980000Z,2026-04-19T10:41:10.0430000Z,0.0,DispatchRun
SKB-TS2-INV06,AlarmWorkState1-DispatchRun,1004,Alarm,2026-04-19T10:21:11.9310000Z,2026-04-19T10:41:10.2750000Z,0.0,DispatchRun
SKB-TS2-INV02,AlarmWorkState1-DispatchRun,1004,Alarm,2026-04-19T10:21:12.0520000Z,2026-04-19T10:41:10.3420000Z,0.0,DispatchRun
SKB-TS2-INV03,AlarmWorkState1-DispatchRun,1004,Alarm,2026-04-19T10:21:12.1550000Z,2026-04-19T10:41:10.3820000Z,0.0,DispatchRun
SKB-TS2-INV07,AlarmWorkState1-DispatchRun,1004,Alarm,2026-04-19T10:21:12.2020000Z,2026-04-19T10:41:10.5090000Z,0.0,DispatchRun
SKB-TS1-INV07,AlarmWorkState1-DispatchRun,1004,Alarm,2026-04-19T10:21:12.2060000Z,2026-04-19T10:41:10.3790000Z,0.0,DispatchRun
SKB-TS2-INV04,AlarmWorkState1-DispatchRun,1004,Alarm,2026-04-19T10:21:12.3270000Z,2026-04-19T10:41:10.7380000Z,0.0,DispatchRun
SKB-TS1-INV04,AlarmWorkState1-DispatchRun,1004,Alarm,2026-04-19T10:21:40.8450000Z,2026-04-19T10:41:10.3440000Z,0.0,DispatchRun
SKB-TS1-INV06,AlarmWorkState1-DispatchRun,1004,Alarm,2026-04-19T10:21:41.1600000Z,2026-04-19T10:41:10.7370000Z,0.0,DispatchRun
SKB-TS1-INV05,AlarmWorkState1-DispatchRun,1004,Alarm,2026-04-19T10:22:11.5440000Z,2026-04-19T10:41:10.5930000Z,0.0,DispatchRun
SKB-TS1-INV05,AlarmWorkState1-AlarmRun,1001,Alarm,2026-04-19T10:41:10.5930000Z,2026-04-19T10:43:39.6850000Z,0.0,AlarmRun
SKB-TS2-INV01,AlarmWorkState1-DispatchRun,1004,Alarm,2026-04-19T10:43:08.9890000Z,2026-04-19T10:55:08.9840000Z,0.0,DispatchRun
SKB-TS2-INV06,AlarmWorkState1-DispatchRun,1004,Alarm,2026-04-19T10:43:09.9990000Z,2026-04-19T10:46:10.9410000Z,0.0,DispatchRun
SKB-TS2-INV02,AlarmWorkState1-DispatchRun,1004,Alarm,2026-04-19T10:43:10.1180000Z,2026-04-19T10:55:09.3420000Z,0.0,DispatchRun
SKB-TS1-INV04,AlarmWorkState1-DispatchRun,1004,Alarm,2026-04-19T10:43:10.2320000Z,2026-04-19T10:55:09.5650000Z,0.0,DispatchRun
SKB-TS2-INV03,AlarmWorkState1-DispatchRun,1004,Alarm,2026-04-19T10:43:10.2420000Z,2026-04-19T10:55:09.4280000Z,0.0,DispatchRun
SKB-TS1-INV07,AlarmWorkState1-DispatchRun,1004,Alarm,2026-04-19T10:43:10.3630000Z,2026-04-19T10:55:09.6510000Z,0.0,DispatchRun
SKB-TS2-INV07,AlarmWorkState1-DispatchRun,1004,Alarm,2026-04-19T10:43:10.3760000Z,2026-04-19T10:55:09.5640000Z,0.0,DispatchRun
SKB-TS2-INV04,AlarmWorkState1-DispatchRun,1004,Alarm,2026-04-19T10:43:10.6220000Z,2026-04-19T10:55:09.7820000Z,0.0,DispatchRun
SKB-TS1-INV06,AlarmWorkState1-DispatchRun,1004,Alarm,2026-04-19T10:43:10.6750000Z,2026-04-19T10:55:09.9150000Z,0.0,DispatchRun
SKB-TS1-INV05,AlarmWorkState1-DispatchRun,1004,Alarm,2026-04-19T10:43:39.6850000Z,2026-04-19T10:55:09.8700000Z,0.0,DispatchRun
SKB-TS2-INV06,AlarmWorkState1-DispatchRun,1004,Alarm,2026-04-19T10:46:42.3100000Z,2026-04-19T10:55:09.2040000Z,0.0,DispatchRun
SKB-TS1-INV05,AlarmWorkState1-AlarmRun,1001,Alarm,2026-04-19T10:55:09.8700000Z,2026-04-19T10:55:41.5900000Z,0.0,AlarmRun
SKB-TS2-INV01,AlarmWorkState1-DispatchRun,1004,Alarm,2026-04-19T10:55:40.9080000Z,2026-04-19T10:56:09.0010000Z,0.0,DispatchRun
SKB-TS2-INV06,AlarmWorkState1-DispatchRun,1004,Alarm,2026-04-19T10:55:41.1920000Z,2026-04-19T10:56:09.2480000Z,0.0,DispatchRun
SKB-TS2-INV02,AlarmWorkState1-DispatchRun,1004,Alarm,2026-04-19T10:55:41.2430000Z,2026-04-19T10:56:09.3530000Z,0.0,DispatchRun
SKB-TS1-INV04,AlarmWorkState1-DispatchRun,1004,Alarm,2026-04-19T10:55:41.2640000Z,2026-04-19T10:56:09.4840000Z,0.0,DispatchRun
SKB-TS2-INV03,AlarmWorkState1-DispatchRun,1004,Alarm,2026-04-19T10:55:41.2940000Z,2026-04-19T10:56:09.4830000Z,0.0,DispatchRun
SKB-TS1-INV07,AlarmWorkState1-DispatchRun,1004,Alarm,2026-04-19T10:55:41.3450000Z,2026-04-19T10:56:09.6270000Z,0.0,DispatchRun
SKB-TS2-INV07,AlarmWorkState1-DispatchRun,1004,Alarm,2026-04-19T10:55:41.3930000Z,2026-04-19T10:56:09.6260000Z,0.0,DispatchRun
SKB-TS1-INV05,AlarmWorkState1-DispatchRun,1004,Alarm,2026-04-19T10:55:41.5900000Z,2026-04-19T10:56:09.8170000Z,0.0,DispatchRun
SKB-TS2-INV04,AlarmWorkState1-DispatchRun,1004,Alarm,2026-04-19T10:55:41.6370000Z,2026-04-19T10:56:09.8150000Z,0.0,DispatchRun
SKB-TS1-INV06,AlarmWorkState1-DispatchRun,1004,Alarm,2026-04-19T10:55:41.6870000Z,2026-04-19T10:56:09.9570000Z,0.0,DispatchRun
SKB-TS1-INV05,AlarmWorkState1-AlarmRun,1001,Alarm,2026-04-19T10:56:09.8170000Z,2026-04-19T10:59:41.5670000Z,0.0,AlarmRun
SKB-TS2-INV06,AlarmWorkState1-DispatchRun,1004,Alarm,2026-04-19T10:58:41.2770000Z,2026-04-19T11:05:40.7730000Z,0.0,DispatchRun
SKB-TS2-INV03,AlarmWorkState1-DispatchRun,1004,Alarm,2026-04-19T10:58:41.4010000Z,2026-04-19T11:05:40.8870000Z,0.0,DispatchRun
SKB-TS2-INV04,AlarmWorkState1-DispatchRun,1004,Alarm,2026-04-19T10:58:41.6850000Z,2026-04-19T11:05:41.1570000Z,0.0,DispatchRun
SKB-TS2-INV01,AlarmWorkState1-DispatchRun,1004,Alarm,2026-04-19T10:59:08.9890000Z,2026-04-19T11:05:39.6950000Z,0.0,DispatchRun
SKB-TS2-INV02,AlarmWorkState1-DispatchRun,1004,Alarm,2026-04-19T10:59:09.2860000Z,2026-04-19T11:05:40.8340000Z,0.0,DispatchRun
SKB-TS1-INV04,AlarmWorkState1-DispatchRun,1004,Alarm,2026-04-19T10:59:09.3980000Z,2026-04-19T11:05:40.8470000Z,0.0,DispatchRun
SKB-TS2-INV07,AlarmWorkState1-DispatchRun,1004,Alarm,2026-04-19T10:59:09.5260000Z,2026-04-19T11:05:40.9810000Z,0.0,DispatchRun
SKB-TS1-INV07,AlarmWorkState1-DispatchRun,1004,Alarm,2026-04-19T10:59:09.5470000Z,2026-04-19T11:05:40.9320000Z,0.0,DispatchRun
SKB-TS1-INV06,AlarmWorkState1-DispatchRun,1004,Alarm,2026-04-19T10:59:09.7530000Z,2026-04-19T11:05:41.1930000Z,0.0,DispatchRun
SKB-TS1-INV05,AlarmWorkState1-DispatchRun,1004,Alarm,2026-04-19T10:59:41.5670000Z,2026-04-19T11:05:41.1080000Z,0.0,DispatchRun
SKB-TS1-INV05,AlarmWorkState1-AlarmRun,1001,Alarm,2026-04-19T11:05:41.1080000Z,2026-04-19T11:07:11.2480000Z,0.0,AlarmRun
SKB-TS2-INV01,AlarmWorkState1-DispatchRun,1004,Alarm,2026-04-19T11:07:09.0220000Z,2026-04-19T11:08:40.2900000Z,0.0,DispatchRun
SKB-TS2-INV06,AlarmWorkState1-DispatchRun,1004,Alarm,2026-04-19T11:07:10.7650000Z,2026-04-19T11:08:42.4930000Z,0.0,DispatchRun
SKB-TS2-INV02,AlarmWorkState1-DispatchRun,1004,Alarm,2026-04-19T11:07:10.9120000Z,2026-04-19T11:08:42.5960000Z,0.0,DispatchRun
SKB-TS1-INV04,AlarmWorkState1-DispatchRun,1004,Alarm,2026-04-19T11:07:11.0570000Z,2026-04-19T11:08:42.7880000Z,0.0,DispatchRun
SKB-TS2-INV03,AlarmWorkState1-DispatchRun,1004,Alarm,2026-04-19T11:07:11.0590000Z,2026-04-19T11:08:42.7410000Z,0.0,DispatchRun
SKB-TS1-INV07,AlarmWorkState1-DispatchRun,1004,Alarm,2026-04-19T11:07:11.1360000Z,2026-04-19T11:08:42.8360000Z,0.0,DispatchRun
SKB-TS2-INV07,AlarmWorkState1-DispatchRun,1004,Alarm,2026-04-19T11:07:11.1370000Z,2026-04-19T11:08:42.7890000Z,0.0,DispatchRun
SKB-TS2-INV04,AlarmWorkState1-DispatchRun,1004,Alarm,2026-04-19T11:07:11.2440000Z,2026-04-19T11:08:42.9750000Z,0.0,DispatchRun
SKB-TS1-INV05,AlarmWorkState1-DispatchRun,1004,Alarm,2026-04-19T11:07:11.2480000Z,2026-04-19T11:08:43.0050000Z,0.0,DispatchRun
SKB-TS1-INV06,AlarmWorkState1-DispatchRun,1004,Alarm,2026-04-19T11:07:11.2970000Z,2026-04-19T11:08:43.0890000Z,0.0,DispatchRun
SKB-TS1-INV05,AlarmWorkState1-AlarmRun,1001,Alarm,2026-04-19T11:08:43.0050000Z,2026-04-19T11:19:14.7720000Z,0.0,AlarmRun
SKB-TS2-INV01,AlarmWorkState1-DispatchRun,1004,Alarm,2026-04-19T11:27:38.9730000Z,2026-04-19T11:28:08.9830000Z,0.0,DispatchRun
SKB-TS2-INV06,AlarmWorkState1-DispatchRun,1004,Alarm,2026-04-19T11:27:43.0580000Z,2026-04-19T11:28:10.8500000Z,0.0,DispatchRun
SKB-TS2-INV02,AlarmWorkState1-DispatchRun,1004,Alarm,2026-04-19T11:27:43.1570000Z,2026-04-19T11:28:10.9310000Z,0.0,DispatchRun
SKB-TS1-INV04,AlarmWorkState1-DispatchRun,1004,Alarm,2026-04-19T11:27:43.2130000Z,2026-04-19T11:28:11.0300000Z,0.0,DispatchRun
SKB-TS2-INV03,AlarmWorkState1-DispatchRun,1004,Alarm,2026-04-19T11:27:43.2230000Z,2026-04-19T11:28:11.0270000Z,0.0,DispatchRun
SKB-TS2-INV07,AlarmWorkState1-DispatchRun,1004,Alarm,2026-04-19T11:27:43.2610000Z,2026-04-19T11:28:11.1300000Z,0.0,DispatchRun
SKB-TS1-INV07,AlarmWorkState1-DispatchRun,1004,Alarm,2026-04-19T11:27:43.2630000Z,2026-04-19T11:28:11.1310000Z,0.0,DispatchRun
SKB-TS2-INV04,AlarmWorkState1-DispatchRun,1004,Alarm,2026-04-19T11:27:43.4610000Z,2026-04-19T11:28:11.3040000Z,0.0,DispatchRun
SKB-TS1-INV05,AlarmWorkState1-DispatchRun,1004,Alarm,2026-04-19T11:27:43.4930000Z,2026-04-19T11:28:11.3290000Z,0.0,DispatchRun
SKB-TS1-INV06,AlarmWorkState1-DispatchRun,1004,Alarm,2026-04-19T11:27:43.5830000Z,2026-04-19T11:28:11.4100000Z,0.0,DispatchRun
SKB-TS2-INV01,AlarmWorkState1-DispatchRun,1004,Alarm,2026-04-19T11:29:08.9950000Z,2026-04-19T11:33:09.8490000Z,0.0,DispatchRun
SKB-TS2-INV02,AlarmWorkState1-DispatchRun,1004,Alarm,2026-04-19T11:29:11.8020000Z,2026-04-19T11:33:10.1880000Z,0.0,DispatchRun
SKB-TS1-INV04,AlarmWorkState1-DispatchRun,1004,Alarm,2026-04-19T11:29:11.8670000Z,2026-04-19T11:33:10.2000000Z,0.0,DispatchRun
SKB-TS2-INV03,AlarmWorkState1-DispatchRun,1004,Alarm,2026-04-19T11:29:11.8770000Z,2026-04-19T11:33:10.2400000Z,0.0,DispatchRun
SKB-TS2-INV07,AlarmWorkState1-DispatchRun,1004,Alarm,2026-04-19T11:29:12.0010000Z,2026-04-19T11:33:10.3230000Z,0.0,DispatchRun
SKB-TS1-INV05,AlarmWorkState1-DispatchRun,1004,Alarm,2026-04-19T11:29:12.1820000Z,2026-04-19T11:33:10.4850000Z,0.0,DispatchRun
SKB-TS2-INV04,AlarmWorkState1-DispatchRun,1004,Alarm,2026-04-19T11:29:12.2190000Z,2026-04-19T11:33:10.5600000Z,0.0,DispatchRun
SKB-TS1-INV06,AlarmWorkState1-DispatchRun,1004,Alarm,2026-04-19T11:29:12.2210000Z,2026-04-19T11:33:10.6020000Z,0.0,DispatchRun
SKB-TS2-INV06,AlarmWorkState1-DispatchRun,1004,Alarm,2026-04-19T11:29:40.0630000Z,2026-04-19T11:33:10.0790000Z,0.0,DispatchRun
SKB-TS1-INV07,AlarmWorkState1-DispatchRun,1004,Alarm,2026-04-19T11:29:40.2750000Z,2026-04-19T11:33:10.2880000Z,0.0,DispatchRun
SKB-TS2-INV01,AlarmWorkState1-DispatchRun,1004,Alarm,2026-04-19T11:44:10.9460000Z,2026-04-19T11:44:39.0350000Z,0.0,DispatchRun
SKB-TS2-INV06,AlarmWorkState1-DispatchRun,1004,Alarm,2026-04-19T11:44:11.1760000Z,2026-04-19T11:44:42.1240000Z,0.0,DispatchRun
SKB-TS2-INV02,AlarmWorkState1-DispatchRun,1004,Alarm,2026-04-19T11:44:11.2900000Z,2026-04-19T11:44:42.2480000Z,0.0,DispatchRun
SKB-TS1-INV04,AlarmWorkState1-DispatchRun,1004,Alarm,2026-04-19T11:44:11.3210000Z,2026-04-19T11:44:42.3930000Z,0.0,DispatchRun
SKB-TS2-INV03,AlarmWorkState1-DispatchRun,1004,Alarm,2026-04-19T11:44:11.3790000Z,2026-04-19T11:44:42.3050000Z,0.0,DispatchRun
SKB-TS2-INV07,AlarmWorkState1-DispatchRun,1004,Alarm,2026-04-19T11:44:11.4600000Z,2026-04-19T11:44:42.4160000Z,0.0,DispatchRun
SKB-TS1-INV05,AlarmWorkState1-DispatchRun,1004,Alarm,2026-04-19T11:44:11.5730000Z,2026-04-19T11:44:42.6490000Z,0.0,DispatchRun
SKB-TS2-INV04,AlarmWorkState1-DispatchRun,1004,Alarm,2026-04-19T11:44:11.6420000Z,2026-04-19T11:44:42.5820000Z,0.0,DispatchRun
SKB-TS1-INV06,AlarmWorkState1-DispatchRun,1004,Alarm,2026-04-19T11:44:11.7040000Z,2026-04-19T11:44:42.7670000Z,0.0,DispatchRun
SKB-TS2-INV01,AlarmWorkState1-DispatchRun,1004,Alarm,2026-04-19T11:45:09.0290000Z,2026-04-19T11:47:11.6060000Z,0.0,DispatchRun
SKB-TS2-INV06,AlarmWorkState1-DispatchRun,1004,Alarm,2026-04-19T11:45:09.3490000Z,2026-04-19T11:47:11.8600000Z,0.0,DispatchRun
SKB-TS2-INV02,AlarmWorkState1-DispatchRun,1004,Alarm,2026-04-19T11:45:09.4610000Z,2026-04-19T11:47:11.8930000Z,0.0,DispatchRun
SKB-TS1-INV04,AlarmWorkState1-DispatchRun,1004,Alarm,2026-04-19T11:45:09.6340000Z,2026-04-19T11:47:11.9430000Z,0.0,DispatchRun
SKB-TS2-INV03,AlarmWorkState1-DispatchRun,1004,Alarm,2026-04-19T11:45:09.6450000Z,2026-04-19T11:47:11.9970000Z,0.0,DispatchRun
SKB-TS1-INV07,AlarmWorkState1-DispatchRun,1004,Alarm,2026-04-19T11:45:09.8020000Z,2026-04-19T11:47:12.0600000Z,0.0,DispatchRun
SKB-TS2-INV07,AlarmWorkState1-DispatchRun,1004,Alarm,2026-04-19T11:45:09.8200000Z,2026-04-19T11:47:12.0620000Z,0.0,DispatchRun
SKB-TS1-INV05,AlarmWorkState1-DispatchRun,1004,Alarm,2026-04-19T11:45:10.0060000Z,2026-04-19T11:47:12.2530000Z,0.0,DispatchRun
SKB-TS2-INV04,AlarmWorkState1-DispatchRun,1004,Alarm,2026-04-19T11:45:10.0280000Z,2026-04-19T11:47:12.2670000Z,0.0,DispatchRun
SKB-TS1-INV06,AlarmWorkState1-DispatchRun,1004,Alarm,2026-04-19T11:45:10.1490000Z,2026-04-19T11:47:12.3680000Z,0.0,DispatchRun
SKB-TS2-INV01,AlarmWorkState1-DispatchRun,1004,Alarm,2026-04-19T11:58:40.0120000Z,2026-04-19T12:00:09.9130000Z,0.0,DispatchRun
SKB-TS2-INV06,AlarmWorkState1-DispatchRun,1004,Alarm,2026-04-19T11:58:41.1000000Z,2026-04-19T12:00:13.2390000Z,0.0,DispatchRun
SKB-TS2-INV02,AlarmWorkState1-DispatchRun,1004,Alarm,2026-04-19T11:58:41.2280000Z,2026-04-19T12:00:13.3180000Z,0.0,DispatchRun
SKB-TS1-INV04,AlarmWorkState1-DispatchRun,1004,Alarm,2026-04-19T11:58:41.2790000Z,2026-04-19T12:00:13.3270000Z,0.0,DispatchRun
SKB-TS2-INV03,AlarmWorkState1-DispatchRun,1004,Alarm,2026-04-19T11:58:41.3330000Z,2026-04-19T12:00:13.4350000Z,0.0,DispatchRun
SKB-TS1-INV07,AlarmWorkState1-DispatchRun,1004,Alarm,2026-04-19T11:58:41.3800000Z,2026-04-19T11:59:40.1560000Z,0.0,DispatchRun
SKB-TS2-INV07,AlarmWorkState1-DispatchRun,1004,Alarm,2026-04-19T11:58:41.3880000Z,2026-04-19T12:00:13.5500000Z,0.0,DispatchRun
SKB-TS1-INV05,AlarmWorkState1-DispatchRun,1004,Alarm,2026-04-19T11:58:41.4850000Z,2026-04-19T12:00:13.6460000Z,0.0,DispatchRun
SKB-TS2-INV04,AlarmWorkState1-DispatchRun,1004,Alarm,2026-04-19T11:58:41.5240000Z,2026-04-19T11:59:40.4160000Z,0.0,DispatchRun
SKB-TS1-INV06,AlarmWorkState1-DispatchRun,1004,Alarm,2026-04-19T11:58:41.5730000Z,2026-04-19T11:59:40.5110000Z,0.0,DispatchRun
SKB-TS2-INV01,AlarmWorkState1-DispatchRun,1004,Alarm,2026-04-19T12:07:40.5040000Z,2026-04-19T12:08:08.9880000Z,0.0,DispatchRun
SKB-TS2-INV02,AlarmWorkState1-DispatchRun,1004,Alarm,2026-04-19T12:07:41.5580000Z,2026-04-19T12:08:12.5810000Z,0.0,DispatchRun
SKB-TS2-INV03,AlarmWorkState1-DispatchRun,1004,Alarm,2026-04-19T12:07:41.6720000Z,2026-04-19T12:08:12.6940000Z,0.0,DispatchRun
SKB-TS1-INV04,AlarmWorkState1-DispatchRun,1004,Alarm,2026-04-19T12:07:41.6730000Z,2026-04-19T12:08:12.5720000Z,0.0,DispatchRun
SKB-TS2-INV07,AlarmWorkState1-DispatchRun,1004,Alarm,2026-04-19T12:07:41.7940000Z,2026-04-19T12:08:12.7250000Z,0.0,DispatchRun
SKB-TS1-INV07,AlarmWorkState1-DispatchRun,1004,Alarm,2026-04-19T12:07:41.7950000Z,2026-04-19T12:08:12.6660000Z,0.0,DispatchRun
SKB-TS1-INV05,AlarmWorkState1-DispatchRun,1004,Alarm,2026-04-19T12:07:41.8700000Z,2026-04-19T12:08:12.7950000Z,0.0,DispatchRun
SKB-TS2-INV04,AlarmWorkState1-DispatchRun,1004,Alarm,2026-04-19T12:07:41.8920000Z,2026-04-19T12:08:12.8230000Z,0.0,DispatchRun
SKB-TS1-INV06,AlarmWorkState1-DispatchRun,1004,Alarm,2026-04-19T12:07:41.9950000Z,2026-04-19T12:08:12.8330000Z,0.0,DispatchRun
SKB-TS2-INV01,AlarmWorkState1-DispatchRun,1004,Alarm,2026-04-19T12:17:38.9780000Z,2026-04-19T12:18:41.0870000Z,0.0,DispatchRun
SKB-TS2-INV06,AlarmWorkState1-DispatchRun,1004,Alarm,2026-04-19T12:17:41.9230000Z,2026-04-19T12:18:42.2410000Z,0.0,DispatchRun
SKB-TS2-INV02,AlarmWorkState1-DispatchRun,1004,Alarm,2026-04-19T12:17:42.0990000Z,2026-04-19T12:18:42.3200000Z,0.0,DispatchRun
SKB-TS2-INV03,AlarmWorkState1-DispatchRun,1004,Alarm,2026-04-19T12:17:42.1960000Z,2026-04-19T12:18:42.3640000Z,0.0,DispatchRun
SKB-TS1-INV04,AlarmWorkState1-DispatchRun,1004,Alarm,2026-04-19T12:17:42.2420000Z,2026-04-19T12:18:42.3840000Z,0.0,DispatchRun
SKB-TS2-INV07,AlarmWorkState1-DispatchRun,1004,Alarm,2026-04-19T12:17:42.3190000Z,2026-04-19T12:18:42.4590000Z,0.0,DispatchRun
SKB-TS1-INV07,AlarmWorkState1-DispatchRun,1004,Alarm,2026-04-19T12:17:42.3530000Z,2026-04-19T12:18:42.5010000Z,0.0,DispatchRun
SKB-TS2-INV04,AlarmWorkState1-DispatchRun,1004,Alarm,2026-04-19T12:17:42.4780000Z,2026-04-19T12:18:42.6250000Z,0.0,DispatchRun
SKB-TS1-INV05,AlarmWorkState1-DispatchRun,1004,Alarm,2026-04-19T12:17:42.4840000Z,2026-04-19T12:18:42.7110000Z,0.0,DispatchRun
SKB-TS1-INV06,AlarmWorkState1-DispatchRun,1004,Alarm,2026-04-19T12:17:42.5530000Z,2026-04-19T12:18:42.8180000Z,0.0,DispatchRun
SKB-TS2-INV01,AlarmWorkState1-DispatchRun,1004,Alarm,2026-04-19T13:09:41.7200000Z,2026-04-19T13:11:41.8040000Z,0.0,DispatchRun
SKB-TS1-INV04,AlarmWorkState1-DispatchRun,1004,Alarm,2026-04-19T13:09:42.0110000Z,2026-04-19T13:11:42.1750000Z,0.0,DispatchRun
SKB-TS2-INV06,AlarmWorkState1-DispatchRun,1004,Alarm,2026-04-19T13:09:42.0120000Z,2026-04-19T13:11:42.0050000Z,0.0,DispatchRun
SKB-TS2-INV02,AlarmWorkState1-DispatchRun,1004,Alarm,2026-04-19T13:09:42.1100000Z,2026-04-19T13:11:42.1470000Z,0.0,DispatchRun
SKB-TS1-INV07,AlarmWorkState1-DispatchRun,1004,Alarm,2026-04-19T13:09:42.1120000Z,2026-04-19T13:11:42.2280000Z,0.0,DispatchRun
SKB-TS2-INV03,AlarmWorkState1-DispatchRun,1004,Alarm,2026-04-19T13:09:42.1930000Z,2026-04-19T13:11:42.2180000Z,0.0,DispatchRun
SKB-TS2-INV07,AlarmWorkState1-DispatchRun,1004,Alarm,2026-04-19T13:09:42.3230000Z,2026-04-19T13:11:42.2630000Z,0.0,DispatchRun
SKB-TS1-INV05,AlarmWorkState1-DispatchRun,1004,Alarm,2026-04-19T13:09:42.3240000Z,2026-04-19T13:11:42.4210000Z,0.0,DispatchRun
SKB-TS1-INV06,AlarmWorkState1-DispatchRun,1004,Alarm,2026-04-19T13:09:42.4310000Z,2026-04-19T13:11:42.4830000Z,0.0,DispatchRun
SKB-TS2-INV04,AlarmWorkState1-DispatchRun,1004,Alarm,2026-04-19T13:09:42.4950000Z,2026-04-19T13:11:42.4560000Z,0.0,DispatchRun
SKB-TS2-INV01,AlarmWorkState1-DispatchRun,1004,Alarm,2026-04-19T13:13:39.9950000Z,2026-04-19T13:16:40.2140000Z,0.0,DispatchRun
SKB-TS2-INV06,AlarmWorkState1-DispatchRun,1004,Alarm,2026-04-19T13:13:42.0430000Z,2026-04-19T13:16:40.4150000Z,0.0,DispatchRun
SKB-TS2-INV02,AlarmWorkState1-DispatchRun,1004,Alarm,2026-04-19T13:13:42.1680000Z,2026-04-19T13:16:40.5380000Z,0.0,DispatchRun
SKB-TS2-INV03,AlarmWorkState1-DispatchRun,1004,Alarm,2026-04-19T13:13:42.2060000Z,2026-04-19T13:16:40.6190000Z,0.0,DispatchRun
SKB-TS1-INV04,AlarmWorkState1-DispatchRun,1004,Alarm,2026-04-19T13:13:42.2610000Z,2026-04-19T13:16:40.5810000Z,0.0,DispatchRun
SKB-TS2-INV07,AlarmWorkState1-DispatchRun,1004,Alarm,2026-04-19T13:13:42.2960000Z,2026-04-19T13:16:40.6900000Z,0.0,DispatchRun
SKB-TS1-INV07,AlarmWorkState1-DispatchRun,1004,Alarm,2026-04-19T13:13:42.3640000Z,2026-04-19T13:16:40.6670000Z,0.0,DispatchRun
SKB-TS2-INV04,AlarmWorkState1-DispatchRun,1004,Alarm,2026-04-19T13:13:42.4460000Z,2026-04-19T13:16:40.8650000Z,0.0,DispatchRun
SKB-TS1-INV05,AlarmWorkState1-DispatchRun,1004,Alarm,2026-04-19T13:13:42.5250000Z,2026-04-19T13:16:40.8170000Z,0.0,DispatchRun
SKB-TS1-INV06,AlarmWorkState1-DispatchRun,1004,Alarm,2026-04-19T13:13:42.6090000Z,2026-04-19T13:16:40.9110000Z,0.0,DispatchRun
SKB-TS1-INV05,AlarmWorkState1-AlarmRun,1001,Alarm,2026-04-20T06:20:12.0760000Z,2026-04-20T08:33:43.7910000Z,0.0,AlarmRun
SKB-TS2-INV01,AlarmWorkState1-DispatchRun,1004,Alarm,2026-04-20T08:27:41.4550000Z,2026-04-20T13:10:09.5390000Z,0.0,DispatchRun
SKB-TS2-INV06,AlarmWorkState1-DispatchRun,1004,Alarm,2026-04-20T08:28:09.7160000Z,2026-04-20T13:10:09.8560000Z,0.0,DispatchRun
SKB-TS2-INV02,AlarmWorkState1-DispatchRun,1004,Alarm,2026-04-20T08:28:10.3870000Z,2026-04-20T13:10:09.9060000Z,0.0,DispatchRun
SKB-TS1-INV04,AlarmWorkState1-DispatchRun,1004,Alarm,2026-04-20T08:28:10.4900000Z,2026-04-20T13:10:10.0370000Z,0.0,DispatchRun
SKB-TS2-INV03,AlarmWorkState1-DispatchRun,1004,Alarm,2026-04-20T08:28:10.5320000Z,2026-04-20T13:10:10.0140000Z,0.0,DispatchRun
SKB-TS1-INV07,AlarmWorkState1-DispatchRun,1004,Alarm,2026-04-20T08:28:10.5940000Z,2026-04-20T13:10:10.1240000Z,0.0,DispatchRun
SKB-TS2-INV04,AlarmWorkState1-DispatchRun,1004,Alarm,2026-04-20T08:28:10.8430000Z,2026-04-20T13:10:10.3000000Z,0.0,DispatchRun
SKB-TS1-INV06,AlarmWorkState1-DispatchRun,1004,Alarm,2026-04-20T08:28:10.8970000Z,2026-04-20T13:10:10.4150000Z,0.0,DispatchRun
SKB-TS1-INV05,AlarmWorkState1-DispatchRun,1004,Alarm,2026-04-20T08:33:43.7910000Z,2026-04-20T13:10:10.3430000Z,0.0,DispatchRun
SKB-TS2-INV07,AlarmWorkState1-DispatchRun,1004,Alarm,2026-04-20T08:34:44.0230000Z,2026-04-20T08:35:40.0400000Z,0.0,DispatchRun
SKB-TS2-INV07,AlarmWorkState1-DispatchRun,1004,Alarm,2026-04-20T08:36:14.6060000Z,2026-04-20T13:10:10.1040000Z,0.0,DispatchRun
SKB-TS1-INV01,AlarmWorkState1-DispatchRun,1004,Alarm,2026-04-20T12:31:14.2730000Z,2026-04-20T13:09:40.8260000Z,0.0,DispatchRun
SKB-TS2-INV05,AlarmWorkState1-DispatchRun,1004,Alarm,2026-04-20T12:31:15.2740000Z,2026-04-20T13:09:40.9270000Z,0.0,DispatchRun
SKB-TS1-INV03,AlarmWorkState1-DispatchRun,1004,Alarm,2026-04-20T12:31:15.3660000Z,2026-04-20T13:09:40.9970000Z,0.0,DispatchRun
SKB-TS1-INV08,AlarmWorkState1-DispatchRun,1004,Alarm,2026-04-20T12:31:15.4870000Z,2026-04-20T13:09:41.0870000Z,0.0,DispatchRun
SKB-TS1-INV02,AlarmWorkState1-DispatchRun,1004,Alarm,2026-04-20T12:31:15.7710000Z,2026-04-20T13:09:41.4570000Z,0.0,DispatchRun
SKB-TS2-INV08,AlarmWorkState1-DispatchRun,1004,Alarm,2026-04-20T12:31:15.7870000Z,2026-04-20T13:09:41.4960000Z,0.0,DispatchRun
SKB-TS1-INV05,AlarmWorkState1-AlarmRun,1001,Alarm,2026-04-20T13:10:10.3430000Z,2026-04-20T15:30:44.3870000Z,0.0,AlarmRun
SKB-TS1-INV05,AlarmWorkState1-AlarmRun,1001,Alarm,2026-04-21T06:17:12.4420000Z,2026-04-21T08:34:11.4170000Z,0.0,AlarmRun
SKB-TS2-INV03,AlarmWorkState1-DispatchRun,1004,Alarm,2026-04-21T08:27:12.2330000Z,2026-04-21T08:27:42.2910000Z,0.0,DispatchRun
SKB-TS2-INV01,AlarmWorkState1-DispatchRun,1004,Alarm,2026-04-21T08:28:10.0150000Z,2026-04-21T13:05:40.9440000Z,0.0,DispatchRun
SKB-TS2-INV06,AlarmWorkState1-DispatchRun,1004,Alarm,2026-04-21T08:28:12.4020000Z,2026-04-21T13:05:43.0510000Z,0.0,DispatchRun
SKB-TS2-INV02,AlarmWorkState1-DispatchRun,1004,Alarm,2026-04-21T08:28:12.4350000Z,2026-04-21T13:05:43.1880000Z,0.0,DispatchRun
SKB-TS2-INV03,AlarmWorkState1-DispatchRun,1004,Alarm,2026-04-21T08:28:12.5520000Z,2026-04-21T13:05:43.2740000Z,0.0,DispatchRun
SKB-TS1-INV04,AlarmWorkState1-DispatchRun,1004,Alarm,2026-04-21T08:28:12.5700000Z,2026-04-21T13:05:43.2800000Z,0.0,DispatchRun
SKB-TS1-INV07,AlarmWorkState1-DispatchRun,1004,Alarm,2026-04-21T08:28:12.6630000Z,2026-04-21T13:05:43.3920000Z,0.0,DispatchRun
SKB-TS2-INV04,AlarmWorkState1-DispatchRun,1004,Alarm,2026-04-21T08:28:12.8080000Z,2026-04-21T13:05:43.5200000Z,0.0,DispatchRun
SKB-TS1-INV06,AlarmWorkState1-DispatchRun,1004,Alarm,2026-04-21T08:28:12.9310000Z,2026-04-21T13:05:43.6550000Z,0.0,DispatchRun
SKB-TS2-INV07,AlarmWorkState1-DispatchRun,1004,Alarm,2026-04-21T08:34:11.2780000Z,2026-04-21T13:05:43.3830000Z,0.0,DispatchRun
SKB-TS1-INV05,AlarmWorkState1-DispatchRun,1004,Alarm,2026-04-21T08:34:11.4170000Z,2026-04-21T13:02:43.8010000Z,0.0,DispatchRun
SKB-TS1-INV05,AlarmWorkState1-AlarmRun,1001,Alarm,2026-04-21T13:02:43.8010000Z,2026-04-21T15:32:14.6060000Z,0.0,AlarmRun
SKB-TS1-INV05,AlarmWorkState1-AlarmRun,1001,Alarm,2026-04-22T07:06:15.8390000Z,2026-04-22T07:42:14.4010000Z,0.0,AlarmRun
SKB-TS1-INV05,AlarmWorkState1-AlarmRun,1001,Alarm,2026-04-22T08:02:18.4000000Z,2026-04-22T08:28:43.1850000Z,0.0,AlarmRun
SKB-TS1-INV05,AlarmWorkState1-AlarmRun,1001,Alarm,2026-04-22T08:53:41.4880000Z,2026-04-22T09:21:44.1140000Z,0.0,AlarmRun
SKB-TS1-INV05,AlarmWorkState1-AlarmRun,1001,Alarm,2026-04-22T13:52:44.5690000Z,2026-04-22T14:07:41.5810000Z,0.0,AlarmRun
SKB-TS1-INV05,AlarmWorkState1-AlarmRun,1001,Alarm,2026-04-23T06:15:44.5810000Z,2026-04-23T07:50:12.1540000Z,0.0,AlarmRun
SKB-TS2-INV01,AlarmWorkState1-DispatchRun,1004,Alarm,2026-04-23T08:11:11.0330000Z,2026-04-23T08:12:42.0670000Z,0.0,DispatchRun
SKB-TS2-INV06,AlarmWorkState1-DispatchRun,1004,Alarm,2026-04-23T08:11:11.1730000Z,2026-04-23T08:12:13.8590000Z,0.0,DispatchRun
SKB-TS2-INV02,AlarmWorkState1-DispatchRun,1004,Alarm,2026-04-23T08:11:11.2650000Z,2026-04-23T08:12:13.9800000Z,0.0,DispatchRun
SKB-TS2-INV03,AlarmWorkState1-DispatchRun,1004,Alarm,2026-04-23T08:11:11.3360000Z,2026-04-23T08:12:14.0790000Z,0.0,DispatchRun
SKB-TS1-INV04,AlarmWorkState1-DispatchRun,1004,Alarm,2026-04-23T08:11:11.4680000Z,2026-04-23T08:12:14.0300000Z,0.0,DispatchRun
SKB-TS2-INV07,AlarmWorkState1-DispatchRun,1004,Alarm,2026-04-23T08:11:11.4690000Z,2026-04-23T08:12:14.1650000Z,0.0,DispatchRun
SKB-TS1-INV07,AlarmWorkState1-DispatchRun,1004,Alarm,2026-04-23T08:11:11.5410000Z,2026-04-23T08:12:14.1420000Z,0.0,DispatchRun
SKB-TS2-INV04,AlarmWorkState1-DispatchRun,1004,Alarm,2026-04-23T08:11:11.6740000Z,2026-04-23T08:12:14.3880000Z,0.0,DispatchRun
SKB-TS1-INV06,AlarmWorkState1-DispatchRun,1004,Alarm,2026-04-23T08:11:11.9060000Z,2026-04-23T08:12:14.3960000Z,0.0,DispatchRun
SKB-TS1-INV05,AlarmWorkState1-DispatchRun,1004,Alarm,2026-04-23T08:11:44.3760000Z,2026-04-23T08:12:14.2950000Z,0.0,DispatchRun
SKB-TS2-INV03,AlarmWorkState1-DispatchRun,1004,Alarm,2026-04-23T08:14:13.0420000Z,2026-04-23T08:14:44.4410000Z,0.0,DispatchRun
SKB-TS1-INV07,AlarmWorkState1-DispatchRun,1004,Alarm,2026-04-23T08:14:13.1450000Z,2026-04-23T08:14:44.5870000Z,0.0,DispatchRun
SKB-TS2-INV04,AlarmWorkState1-DispatchRun,1004,Alarm,2026-04-23T08:14:13.2810000Z,2026-04-23T08:14:44.6180000Z,0.0,DispatchRun
SKB-TS1-INV06,AlarmWorkState1-DispatchRun,1004,Alarm,2026-04-23T08:14:13.4830000Z,2026-04-23T08:14:44.8220000Z,0.0,DispatchRun
SKB-TS2-INV01,AlarmWorkState1-DispatchRun,1004,Alarm,2026-04-23T08:19:11.0630000Z,2026-04-23T08:21:12.7980000Z,0.0,DispatchRun
SKB-TS2-INV06,AlarmWorkState1-DispatchRun,1004,Alarm,2026-04-23T08:19:13.3520000Z,2026-04-23T08:21:14.0140000Z,0.0,DispatchRun
SKB-TS1-INV04,AlarmWorkState1-DispatchRun,1004,Alarm,2026-04-23T08:19:13.4100000Z,2026-04-23T08:21:14.2130000Z,0.0,DispatchRun
SKB-TS2-INV02,AlarmWorkState1-DispatchRun,1004,Alarm,2026-04-23T08:19:13.4160000Z,2026-04-23T08:21:14.1200000Z,0.0,DispatchRun
SKB-TS1-INV07,AlarmWorkState1-DispatchRun,1004,Alarm,2026-04-23T08:19:13.5340000Z,2026-04-23T08:21:14.2910000Z,0.0,DispatchRun
SKB-TS2-INV03,AlarmWorkState1-DispatchRun,1004,Alarm,2026-04-23T08:19:13.5390000Z,2026-04-23T08:21:14.2240000Z,0.0,DispatchRun
SKB-TS2-INV07,AlarmWorkState1-DispatchRun,1004,Alarm,2026-04-23T08:19:13.6190000Z,2026-04-23T08:20:15.9540000Z,0.0,DispatchRun
SKB-TS1-INV05,AlarmWorkState1-DispatchRun,1004,Alarm,2026-04-23T08:19:13.6830000Z,2026-04-23T08:20:16.1710000Z,0.0,DispatchRun
SKB-TS2-INV04,AlarmWorkState1-DispatchRun,1004,Alarm,2026-04-23T08:19:13.7890000Z,2026-04-23T08:21:14.4800000Z,0.0,DispatchRun
SKB-TS1-INV06,AlarmWorkState1-DispatchRun,1004,Alarm,2026-04-23T08:19:13.7910000Z,2026-04-23T08:21:14.6130000Z,0.0,DispatchRun
SKB-TS2-INV01,AlarmWorkState1-DispatchRun,1004,Alarm,2026-04-23T08:26:42.9120000Z,2026-04-23T08:32:43.0820000Z,0.0,DispatchRun
SKB-TS2-INV06,AlarmWorkState1-DispatchRun,1004,Alarm,2026-04-23T08:26:43.1640000Z,2026-04-23T08:32:43.3360000Z,0.0,DispatchRun
SKB-TS2-INV02,AlarmWorkState1-DispatchRun,1004,Alarm,2026-04-23T08:26:43.2780000Z,2026-04-23T08:32:43.4570000Z,0.0,DispatchRun
SKB-TS1-INV04,AlarmWorkState1-DispatchRun,1004,Alarm,2026-04-23T08:26:43.3040000Z,2026-04-23T08:32:43.5620000Z,0.0,DispatchRun
SKB-TS2-INV03,AlarmWorkState1-DispatchRun,1004,Alarm,2026-04-23T08:26:43.3940000Z,2026-04-23T08:32:43.5450000Z,0.0,DispatchRun
SKB-TS1-INV07,AlarmWorkState1-DispatchRun,1004,Alarm,2026-04-23T08:26:43.4180000Z,2026-04-23T08:32:43.6560000Z,0.0,DispatchRun
SKB-TS2-INV04,AlarmWorkState1-DispatchRun,1004,Alarm,2026-04-23T08:26:43.6590000Z,2026-04-23T08:32:43.8550000Z,0.0,DispatchRun
SKB-TS1-INV06,AlarmWorkState1-DispatchRun,1004,Alarm,2026-04-23T08:26:43.7040000Z,2026-04-23T08:32:43.9990000Z,0.0,DispatchRun
SKB-TS1-INV05,AlarmWorkState1-AlarmRun,1001,Alarm,2026-04-23T08:29:14.7020000Z,2026-04-23T08:33:43.5960000Z,0.0,AlarmRun
SKB-TS2-INV01,AlarmWorkState1-DispatchRun,1004,Alarm,2026-04-23T08:33:41.0660000Z,2026-04-23T08:36:11.0940000Z,0.0,DispatchRun
SKB-TS2-INV06,AlarmWorkState1-DispatchRun,1004,Alarm,2026-04-23T08:33:43.0680000Z,2026-04-23T08:36:12.3690000Z,0.0,DispatchRun
SKB-TS2-INV02,AlarmWorkState1-DispatchRun,1004,Alarm,2026-04-23T08:33:43.1680000Z,2026-04-23T08:36:12.4810000Z,0.0,DispatchRun
SKB-TS1-INV04,AlarmWorkState1-DispatchRun,1004,Alarm,2026-04-23T08:33:43.2520000Z,2026-04-23T08:36:12.7320000Z,0.0,DispatchRun
SKB-TS2-INV03,AlarmWorkState1-DispatchRun,1004,Alarm,2026-04-23T08:33:43.2670000Z,2026-04-23T08:36:12.6000000Z,0.0,DispatchRun
SKB-TS1-INV07,AlarmWorkState1-DispatchRun,1004,Alarm,2026-04-23T08:33:43.3720000Z,2026-04-23T08:36:12.8420000Z,0.0,DispatchRun
SKB-TS2-INV07,AlarmWorkState1-DispatchRun,1004,Alarm,2026-04-23T08:33:43.3970000Z,2026-04-23T08:36:12.7440000Z,0.0,DispatchRun
SKB-TS1-INV05,AlarmWorkState1-DispatchRun,1004,Alarm,2026-04-23T08:33:43.5960000Z,2026-04-23T08:36:13.0780000Z,0.0,DispatchRun
SKB-TS2-INV04,AlarmWorkState1-DispatchRun,1004,Alarm,2026-04-23T08:33:43.5990000Z,2026-04-23T08:36:12.9610000Z,0.0,DispatchRun
SKB-TS1-INV06,AlarmWorkState1-DispatchRun,1004,Alarm,2026-04-23T08:33:43.6290000Z,2026-04-23T08:36:13.1700000Z,0.0,DispatchRun
SKB-TS1-INV05,AlarmWorkState1-AlarmRun,1001,Alarm,2026-04-23T08:36:13.0780000Z,2026-04-23T08:36:42.0860000Z,0.0,AlarmRun
SKB-TS2-INV01,AlarmWorkState1-DispatchRun,1004,Alarm,2026-04-23T08:36:41.1330000Z,2026-04-23T09:02:41.3650000Z,0.0,DispatchRun
SKB-TS2-INV06,AlarmWorkState1-DispatchRun,1004,Alarm,2026-04-23T08:36:41.4850000Z,2026-04-23T09:02:43.5980000Z,0.0,DispatchRun
SKB-TS2-INV02,AlarmWorkState1-DispatchRun,1004,Alarm,2026-04-23T08:36:41.6600000Z,2026-04-23T09:02:43.6860000Z,0.0,DispatchRun
SKB-TS2-INV03,AlarmWorkState1-DispatchRun,1004,Alarm,2026-04-23T08:36:41.7490000Z,2026-04-23T09:02:43.7900000Z,0.0,DispatchRun
SKB-TS1-INV04,AlarmWorkState1-DispatchRun,1004,Alarm,2026-04-23T08:36:41.7550000Z,2026-04-23T09:02:43.7840000Z,0.0,DispatchRun
SKB-TS2-INV07,AlarmWorkState1-DispatchRun,1004,Alarm,2026-04-23T08:36:41.8240000Z,2026-04-23T09:02:43.8880000Z,0.0,DispatchRun
SKB-TS1-INV07,AlarmWorkState1-DispatchRun,1004,Alarm,2026-04-23T08:36:41.8580000Z,2026-04-23T09:02:43.8410000Z,0.0,DispatchRun
SKB-TS2-INV04,AlarmWorkState1-DispatchRun,1004,Alarm,2026-04-23T08:36:42.0720000Z,2026-04-23T09:02:44.0950000Z,0.0,DispatchRun
SKB-TS1-INV05,AlarmWorkState1-DispatchRun,1004,Alarm,2026-04-23T08:36:42.0860000Z,2026-04-23T09:02:44.0710000Z,0.0,DispatchRun
SKB-TS1-INV06,AlarmWorkState1-DispatchRun,1004,Alarm,2026-04-23T08:36:42.1900000Z,2026-04-23T09:02:44.1780000Z,0.0,DispatchRun
SKB-TS1-INV05,AlarmWorkState1-AlarmRun,1001,Alarm,2026-04-23T09:02:44.0710000Z,2026-04-23T09:03:45.3330000Z,0.0,AlarmRun
SKB-TS2-INV01,AlarmWorkState1-DispatchRun,1004,Alarm,2026-04-23T09:03:11.0960000Z,2026-04-23T09:11:11.9960000Z,0.0,DispatchRun
SKB-TS2-INV06,AlarmWorkState1-DispatchRun,1004,Alarm,2026-04-23T09:03:11.2250000Z,2026-04-23T09:11:43.2440000Z,0.0,DispatchRun
SKB-TS2-INV02,AlarmWorkState1-DispatchRun,1004,Alarm,2026-04-23T09:03:11.2810000Z,2026-04-23T09:12:13.5400000Z,0.0,DispatchRun
SKB-TS2-INV03,AlarmWorkState1-DispatchRun,1004,Alarm,2026-04-23T09:03:11.3270000Z,2026-04-23T09:11:43.4130000Z,0.0,DispatchRun
SKB-TS2-INV07,AlarmWorkState1-DispatchRun,1004,Alarm,2026-04-23T09:03:12.2270000Z,2026-04-23T09:11:13.0670000Z,0.0,DispatchRun
SKB-TS1-INV04,AlarmWorkState1-DispatchRun,1004,Alarm,2026-04-23T09:03:12.2310000Z,2026-04-23T09:11:12.9960000Z,0.0,DispatchRun
SKB-TS1-INV07,AlarmWorkState1-DispatchRun,1004,Alarm,2026-04-23T09:03:12.3450000Z,2026-04-23T09:11:13.0730000Z,0.0,DispatchRun
SKB-TS2-INV04,AlarmWorkState1-DispatchRun,1004,Alarm,2026-04-23T09:03:12.4060000Z,2026-04-23T09:11:43.6460000Z,0.0,DispatchRun
SKB-TS1-INV06,AlarmWorkState1-DispatchRun,1004,Alarm,2026-04-23T09:03:12.5540000Z,2026-04-23T09:11:13.2270000Z,0.0,DispatchRun
SKB-TS1-INV05,AlarmWorkState1-DispatchRun,1004,Alarm,2026-04-23T09:03:45.3330000Z,2026-04-23T09:11:13.1890000Z,0.0,DispatchRun
SKB-TS2-INV01,AlarmWorkState1-AlarmRun,1001,Alarm,2026-04-23T09:11:11.9960000Z,2026-04-23T09:11:41.1030000Z,0.0,AlarmRun
SKB-TS2-INV07,AlarmWorkState1-AlarmRun,1001,Alarm,2026-04-23T09:11:13.0670000Z,2026-04-23T09:12:13.6920000Z,0.0,AlarmRun
SKB-TS1-INV05,AlarmWorkState1-AlarmRun,1001,Alarm,2026-04-23T09:11:13.1890000Z,2026-04-23T09:20:42.3450000Z,0.0,AlarmRun
SKB-TS1-INV05,AlarmWorkState1-AlarmRun,1001,Alarm,2026-04-23T09:44:42.4650000Z,2026-04-23T11:50:51.0300000Z,0.0,AlarmRun
SKB-TS1-INV01,AlarmWorkState1-DeratingRun,1003,Alarm,2026-04-23T11:50:58.9750000Z,2026-04-23T11:59:47.9360000Z,0.0,DeratingRun
SKB-TS1-INV03,AlarmWorkState1-DeratingRun,1003,Alarm,2026-04-23T11:51:01.6070000Z,2026-04-23T11:59:48.0650000Z,0.0,DeratingRun
SKB-TS1-INV08,AlarmWorkState1-DeratingRun,1003,Alarm,2026-04-23T11:51:03.0170000Z,2026-04-23T11:59:49.0270000Z,0.0,DeratingRun
SKB-TS1-INV04,AlarmWorkState1-DeratingRun,1003,Alarm,2026-04-23T11:51:03.7540000Z,2026-04-23T11:59:49.2360000Z,0.0,DeratingRun
SKB-TS1-INV07,AlarmWorkState1-DeratingRun,1003,Alarm,2026-04-23T11:51:04.3630000Z,2026-04-23T11:59:49.2910000Z,0.0,DeratingRun
SKB-TS1-INV02,AlarmWorkState1-DeratingRun,1003,Alarm,2026-04-23T11:51:04.9230000Z,2026-04-23T11:59:49.3610000Z,0.0,DeratingRun
SKB-TS1-INV05,AlarmWorkState1-DeratingRun,1003,Alarm,2026-04-23T11:51:05.9040000Z,2026-04-23T11:59:49.4470000Z,0.0,DeratingRun
SKB-TS1-INV06,AlarmWorkState1-DeratingRun,1003,Alarm,2026-04-23T11:51:06.3300000Z,2026-04-23T11:59:49.5630000Z,0.0,DeratingRun
SKB-TS2-INV01,AlarmWorkState1-DeratingRun,1003,Alarm,2026-04-23T11:53:58.0150000Z,2026-04-23T12:03:18.0200000Z,0.0,DeratingRun
SKB-TS2-INV05,AlarmWorkState1-DeratingRun,1003,Alarm,2026-04-23T11:53:58.0940000Z,2026-04-23T12:03:48.2220000Z,0.0,DeratingRun
SKB-TS2-INV06,AlarmWorkState1-DeratingRun,1003,Alarm,2026-04-23T11:53:58.2370000Z,2026-04-23T12:03:18.3850000Z,0.0,DeratingRun
SKB-TS2-INV02,AlarmWorkState1-DeratingRun,1003,Alarm,2026-04-23T11:53:58.2910000Z,2026-04-23T12:03:18.4900000Z,0.0,DeratingRun
SKB-TS2-INV03,AlarmWorkState1-DeratingRun,1003,Alarm,2026-04-23T11:53:58.3120000Z,2026-04-23T12:03:18.6230000Z,0.0,DeratingRun
SKB-TS2-INV07,AlarmWorkState1-DeratingRun,1003,Alarm,2026-04-23T11:53:58.3320000Z,2026-04-23T12:03:18.6960000Z,0.0,DeratingRun
SKB-TS2-INV08,AlarmWorkState1-DeratingRun,1003,Alarm,2026-04-23T11:53:58.3500000Z,2026-04-23T12:03:48.6840000Z,0.0,DeratingRun
SKB-TS2-INV04,AlarmWorkState1-DeratingRun,1003,Alarm,2026-04-23T11:53:58.3690000Z,2026-04-23T12:03:18.8190000Z,0.0,DeratingRun
SKB-TS1-INV04,AlarmWorkState1-DispatchRun,1004,Alarm,2026-04-23T12:02:50.7490000Z,2026-04-23T12:18:02.3640000Z,0.0,DispatchRun
SKB-TS1-INV07,AlarmWorkState1-DispatchRun,1004,Alarm,2026-04-23T12:02:50.8600000Z,2026-04-23T12:10:46.8170000Z,0.0,DispatchRun
SKB-TS1-INV06,AlarmWorkState1-DispatchRun,1004,Alarm,2026-04-23T12:02:51.1580000Z,2026-04-23T12:18:03.2900000Z,0.0,DispatchRun
SKB-TS2-INV01,AlarmWorkState1-DispatchRun,1004,Alarm,2026-04-23T12:03:18.0200000Z,2026-04-23T12:18:00.9900000Z,0.0,DispatchRun
SKB-TS2-INV06,AlarmWorkState1-DispatchRun,1004,Alarm,2026-04-23T12:03:18.3850000Z,2026-04-23T12:18:02.1000000Z,0.0,DispatchRun
SKB-TS2-INV02,AlarmWorkState1-DispatchRun,1004,Alarm,2026-04-23T12:03:18.4900000Z,2026-04-23T12:18:02.6650000Z,0.0,DispatchRun
SKB-TS2-INV03,AlarmWorkState1-DispatchRun,1004,Alarm,2026-04-23T12:03:18.6230000Z,2026-04-23T12:18:02.9710000Z,0.0,DispatchRun
SKB-TS2-INV07,AlarmWorkState1-DispatchRun,1004,Alarm,2026-04-23T12:03:18.6960000Z,2026-04-23T12:10:46.9540000Z,0.0,DispatchRun
SKB-TS1-INV05,AlarmWorkState1-DispatchRun,1004,Alarm,2026-04-23T12:03:18.7220000Z,2026-04-23T12:18:03.2550000Z,0.0,DispatchRun
SKB-TS2-INV04,AlarmWorkState1-DispatchRun,1004,Alarm,2026-04-23T12:03:18.8190000Z,2026-04-23T12:18:03.3520000Z,0.0,DispatchRun
SKB-TS1-INV08,AlarmWorkState1-DispatchRun,1004,Alarm,2026-04-23T12:10:18.0780000Z,2026-04-23T12:18:01.8000000Z,0.0,DispatchRun
SKB-TS1-INV01,AlarmWorkState1-DispatchRun,1004,Alarm,2026-04-23T12:10:44.9590000Z,2026-04-23T12:17:58.9900000Z,0.0,DispatchRun
SKB-TS1-INV07,AlarmWorkState1-DispatchRun,1004,Alarm,2026-04-23T12:11:13.3840000Z,2026-04-23T12:18:02.7920000Z,0.0,DispatchRun
SKB-TS2-INV07,AlarmWorkState1-DispatchRun,1004,Alarm,2026-04-23T12:11:13.4070000Z,2026-04-23T12:18:03.2060000Z,0.0,DispatchRun
SKB-TS1-INV02,AlarmWorkState1-DispatchRun,1004,Alarm,2026-04-23T12:11:13.4650000Z,2026-04-23T12:18:03.0110000Z,0.0,DispatchRun
SKB-TS1-INV03,AlarmWorkState1-DispatchRun,1004,Alarm,2026-04-23T12:11:40.9500000Z,2026-04-23T12:18:01.2240000Z,0.0,DispatchRun
SKB-TS2-INV05,AlarmWorkState1-DispatchRun,1004,Alarm,2026-04-23T12:12:39.6250000Z,2026-04-23T12:18:01.6010000Z,0.0,DispatchRun
SKB-TS2-INV08,AlarmWorkState1-DispatchRun,1004,Alarm,2026-04-23T12:13:33.1620000Z,2026-04-23T12:18:03.2850000Z,0.0,DispatchRun
SKB-TS1-INV05,AlarmWorkState1-AlarmRun,1001,Alarm,2026-04-23T12:18:03.2550000Z,2026-04-23T12:19:27.9520000Z,0.0,AlarmRun
SKB-TS1-INV01,AlarmWorkState1-DispatchRun,1004,Alarm,2026-04-23T12:19:26.9170000Z,2026-04-23T12:21:57.3310000Z,0.0,DispatchRun
SKB-TS1-INV03,AlarmWorkState1-DispatchRun,1004,Alarm,2026-04-23T12:19:26.9730000Z,2026-04-23T12:21:58.4890000Z,0.0,DispatchRun
SKB-TS2-INV01,AlarmWorkState1-DispatchRun,1004,Alarm,2026-04-23T12:19:27.0370000Z,2026-04-23T12:21:58.4240000Z,0.0,DispatchRun
SKB-TS1-INV08,AlarmWorkState1-DispatchRun,1004,Alarm,2026-04-23T12:19:27.0850000Z,2026-04-23T12:22:28.9720000Z,0.0,DispatchRun
SKB-TS2-INV05,AlarmWorkState1-DispatchRun,1004,Alarm,2026-04-23T12:19:27.1730000Z,2026-04-23T12:21:58.5720000Z,0.0,DispatchRun
SKB-TS1-INV04,AlarmWorkState1-DispatchRun,1004,Alarm,2026-04-23T12:19:27.7070000Z,2026-04-23T12:22:29.0960000Z,0.0,DispatchRun
SKB-TS1-INV07,AlarmWorkState1-DispatchRun,1004,Alarm,2026-04-23T12:19:27.7990000Z,2026-04-23T12:22:29.2170000Z,0.0,DispatchRun
SKB-TS2-INV06,AlarmWorkState1-DispatchRun,1004,Alarm,2026-04-23T12:19:27.8000000Z,2026-04-23T12:21:58.7100000Z,0.0,DispatchRun
SKB-TS1-INV02,AlarmWorkState1-DispatchRun,1004,Alarm,2026-04-23T12:19:27.8620000Z,2026-04-23T12:21:58.9520000Z,0.0,DispatchRun
SKB-TS2-INV02,AlarmWorkState1-DispatchRun,1004,Alarm,2026-04-23T12:19:27.8710000Z,2026-04-23T12:21:58.8350000Z,0.0,DispatchRun
SKB-TS1-INV05,AlarmWorkState1-DispatchRun,1004,Alarm,2026-04-23T12:19:27.9520000Z,2026-04-23T12:20:28.6670000Z,0.0,DispatchRun
SKB-TS2-INV03,AlarmWorkState1-DispatchRun,1004,Alarm,2026-04-23T12:19:27.9620000Z,2026-04-23T12:21:58.9280000Z,0.0,DispatchRun
SKB-TS1-INV06,AlarmWorkState1-DispatchRun,1004,Alarm,2026-04-23T12:19:28.0530000Z,2026-04-23T12:22:29.6080000Z,0.0,DispatchRun
SKB-TS2-INV07,AlarmWorkState1-DispatchRun,1004,Alarm,2026-04-23T12:19:28.0550000Z,2026-04-23T12:21:58.9980000Z,0.0,DispatchRun
SKB-TS2-INV08,AlarmWorkState1-DispatchRun,1004,Alarm,2026-04-23T12:19:28.1830000Z,2026-04-23T12:21:59.1330000Z,0.0,DispatchRun
SKB-TS2-INV04,AlarmWorkState1-DispatchRun,1004,Alarm,2026-04-23T12:19:28.2580000Z,2026-04-23T12:21:59.8650000Z,0.0,DispatchRun
SKB-TS1-INV05,AlarmWorkState1-AlarmRun,1001,Alarm,2026-04-23T12:20:28.6670000Z,2026-04-23T12:20:59.7390000Z,0.0,AlarmRun
SKB-TS1-INV05,AlarmWorkState1-DispatchRun,1004,Alarm,2026-04-23T12:20:59.7390000Z,2026-04-23T12:21:59.0750000Z,0.0,DispatchRun
SKB-TS1-INV05,AlarmWorkState1-AlarmRun,1001,Alarm,2026-04-23T12:21:59.0750000Z,2026-04-23T12:22:29.4830000Z,0.0,AlarmRun
SKB-TS1-INV01,AlarmWorkState1-DispatchRun,1004,Alarm,2026-04-23T12:22:56.9050000Z,2026-04-23T12:42:30.2630000Z,0.0,DispatchRun
SKB-TS1-INV03,AlarmWorkState1-DispatchRun,1004,Alarm,2026-04-23T12:22:58.6610000Z,2026-04-23T12:42:30.4330000Z,0.0,DispatchRun
SKB-TS2-INV01,AlarmWorkState1-DispatchRun,1004,Alarm,2026-04-23T12:22:59.3140000Z,2026-04-23T12:42:30.2930000Z,0.0,DispatchRun
SKB-TS1-INV08,AlarmWorkState1-DispatchRun,1004,Alarm,2026-04-23T12:23:01.0610000Z,2026-04-23T12:42:30.5330000Z,0.0,DispatchRun
SKB-TS2-INV05,AlarmWorkState1-DispatchRun,1004,Alarm,2026-04-23T12:23:01.0710000Z,2026-04-23T12:42:30.4480000Z,0.0,DispatchRun
SKB-TS1-INV04,AlarmWorkState1-DispatchRun,1004,Alarm,2026-04-23T12:23:01.2490000Z,2026-04-23T12:42:30.6700000Z,0.0,DispatchRun
SKB-TS2-INV06,AlarmWorkState1-DispatchRun,1004,Alarm,2026-04-23T12:23:01.3200000Z,2026-04-23T12:42:30.5440000Z,0.0,DispatchRun
SKB-TS1-INV07,AlarmWorkState1-DispatchRun,1004,Alarm,2026-04-23T12:23:01.4290000Z,2026-04-23T12:42:30.7580000Z,0.0,DispatchRun
SKB-TS2-INV02,AlarmWorkState1-DispatchRun,1004,Alarm,2026-04-23T12:23:01.4910000Z,2026-04-23T12:42:30.6800000Z,0.0,DispatchRun
SKB-TS1-INV02,AlarmWorkState1-DispatchRun,1004,Alarm,2026-04-23T12:23:01.6160000Z,2026-04-23T12:42:30.8950000Z,0.0,DispatchRun
SKB-TS2-INV03,AlarmWorkState1-DispatchRun,1004,Alarm,2026-04-23T12:23:01.6410000Z,2026-04-23T12:42:30.7690000Z,0.0,DispatchRun
SKB-TS1-INV05,AlarmWorkState1-DispatchRun,1004,Alarm,2026-04-23T12:23:01.7050000Z,2026-04-23T12:42:30.9830000Z,0.0,DispatchRun
SKB-TS2-INV07,AlarmWorkState1-DispatchRun,1004,Alarm,2026-04-23T12:23:01.7840000Z,2026-04-23T12:42:30.9060000Z,0.0,DispatchRun
SKB-TS1-INV06,AlarmWorkState1-DispatchRun,1004,Alarm,2026-04-23T12:23:01.8710000Z,2026-04-23T12:42:31.0950000Z,0.0,DispatchRun
SKB-TS2-INV08,AlarmWorkState1-DispatchRun,1004,Alarm,2026-04-23T12:23:01.9570000Z,2026-04-23T12:42:31.0200000Z,0.0,DispatchRun
SKB-TS2-INV04,AlarmWorkState1-DispatchRun,1004,Alarm,2026-04-23T12:23:02.1180000Z,2026-04-23T12:42:31.1230000Z,0.0,DispatchRun
SKB-TS1-INV05,AlarmWorkState1-AlarmRun,1001,Alarm,2026-04-23T12:42:30.9830000Z,2026-04-23T12:42:57.9270000Z,0.0,AlarmRun
SKB-TS1-INV01,AlarmWorkState1-DispatchRun,1004,Alarm,2026-04-23T12:42:56.9110000Z,2026-04-23T12:49:57.2570000Z,0.0,DispatchRun
SKB-TS1-INV03,AlarmWorkState1-DispatchRun,1004,Alarm,2026-04-23T12:42:57.0480000Z,2026-04-23T12:49:58.0710000Z,0.0,DispatchRun
SKB-TS2-INV01,AlarmWorkState1-DispatchRun,1004,Alarm,2026-04-23T12:42:57.0920000Z,2026-04-23T12:50:00.4250000Z,0.0,DispatchRun
SKB-TS1-INV08,AlarmWorkState1-DispatchRun,1004,Alarm,2026-04-23T12:42:57.2130000Z,2026-04-23T12:49:59.1200000Z,0.0,DispatchRun
SKB-TS2-INV05,AlarmWorkState1-DispatchRun,1004,Alarm,2026-04-23T12:42:57.2410000Z,2026-04-23T12:50:00.6560000Z,0.0,DispatchRun
SKB-TS1-INV04,AlarmWorkState1-DispatchRun,1004,Alarm,2026-04-23T12:42:57.3290000Z,2026-04-23T12:50:00.5430000Z,0.0,DispatchRun
SKB-TS2-INV06,AlarmWorkState1-DispatchRun,1004,Alarm,2026-04-23T12:42:57.3670000Z,2026-04-23T12:50:00.8850000Z,0.0,DispatchRun
SKB-TS1-INV07,AlarmWorkState1-DispatchRun,1004,Alarm,2026-04-23T12:42:57.4530000Z,2026-04-23T12:50:00.8150000Z,0.0,DispatchRun
SKB-TS2-INV02,AlarmWorkState1-DispatchRun,1004,Alarm,2026-04-23T12:42:57.5580000Z,2026-04-23T12:50:01.0720000Z,0.0,DispatchRun
SKB-TS1-INV02,AlarmWorkState1-DispatchRun,1004,Alarm,2026-04-23T12:42:57.7000000Z,2026-04-23T12:50:00.9620000Z,0.0,DispatchRun
SKB-TS2-INV03,AlarmWorkState1-DispatchRun,1004,Alarm,2026-04-23T12:42:57.8730000Z,2026-04-23T12:50:01.1900000Z,0.0,DispatchRun
SKB-TS1-INV05,AlarmWorkState1-DispatchRun,1004,Alarm,2026-04-23T12:42:57.9270000Z,2026-04-23T12:50:01.1310000Z,0.0,DispatchRun
SKB-TS2-INV07,AlarmWorkState1-DispatchRun,1004,Alarm,2026-04-23T12:42:58.0490000Z,2026-04-23T12:50:01.3650000Z,0.0,DispatchRun
SKB-TS1-INV06,AlarmWorkState1-DispatchRun,1004,Alarm,2026-04-23T12:42:58.0740000Z,2026-04-23T12:50:01.2090000Z,0.0,DispatchRun
SKB-TS2-INV08,AlarmWorkState1-DispatchRun,1004,Alarm,2026-04-23T12:42:58.1830000Z,2026-04-23T12:50:01.4580000Z,0.0,DispatchRun
SKB-TS2-INV04,AlarmWorkState1-DispatchRun,1004,Alarm,2026-04-23T12:42:58.2150000Z,2026-04-23T12:50:01.4770000Z,0.0,DispatchRun
SKB-TS1-INV05,AlarmWorkState1-AlarmRun,1001,Alarm,2026-04-23T12:50:01.1310000Z,2026-04-23T12:50:30.3950000Z,0.0,AlarmRun
SKB-TS1-INV01,AlarmWorkState1-DispatchRun,1004,Alarm,2026-04-23T12:50:29.5870000Z,2026-04-23T13:10:57.9280000Z,0.0,DispatchRun
SKB-TS2-INV01,AlarmWorkState1-DispatchRun,1004,Alarm,2026-04-23T12:50:29.6360000Z,2026-04-23T13:10:57.9590000Z,0.0,DispatchRun
SKB-TS1-INV03,AlarmWorkState1-DispatchRun,1004,Alarm,2026-04-23T12:50:29.7570000Z,2026-04-23T13:10:57.9950000Z,0.0,DispatchRun
SKB-TS2-INV05,AlarmWorkState1-DispatchRun,1004,Alarm,2026-04-23T12:50:29.7980000Z,2026-04-23T13:10:58.0180000Z,0.0,DispatchRun
SKB-TS1-INV08,AlarmWorkState1-DispatchRun,1004,Alarm,2026-04-23T12:50:29.8790000Z,2026-04-23T13:10:58.0820000Z,0.0,DispatchRun
SKB-TS2-INV06,AlarmWorkState1-DispatchRun,1004,Alarm,2026-04-23T12:50:29.9550000Z,2026-04-23T13:10:58.1020000Z,0.0,DispatchRun
SKB-TS1-INV04,AlarmWorkState1-DispatchRun,1004,Alarm,2026-04-23T12:50:30.0050000Z,2026-04-23T13:10:58.1750000Z,0.0,DispatchRun
SKB-TS2-INV02,AlarmWorkState1-DispatchRun,1004,Alarm,2026-04-23T12:50:30.0480000Z,2026-04-23T13:10:58.1940000Z,0.0,DispatchRun
SKB-TS1-INV07,AlarmWorkState1-DispatchRun,1004,Alarm,2026-04-23T12:50:30.1120000Z,2026-04-23T13:10:58.2170000Z,0.0,DispatchRun
SKB-TS2-INV03,AlarmWorkState1-DispatchRun,1004,Alarm,2026-04-23T12:50:30.1760000Z,2026-04-23T13:10:58.2760000Z,0.0,DispatchRun
SKB-TS1-INV02,AlarmWorkState1-DispatchRun,1004,Alarm,2026-04-23T12:50:30.2440000Z,2026-04-23T13:10:58.2850000Z,0.0,DispatchRun
SKB-TS2-INV07,AlarmWorkState1-DispatchRun,1004,Alarm,2026-04-23T12:50:30.3030000Z,2026-04-23T13:10:58.3520000Z,0.0,DispatchRun
SKB-TS1-INV05,AlarmWorkState1-DispatchRun,1004,Alarm,2026-04-23T12:50:30.3950000Z,2026-04-23T13:08:01.0030000Z,0.0,DispatchRun
SKB-TS2-INV08,AlarmWorkState1-DispatchRun,1004,Alarm,2026-04-23T12:50:30.4390000Z,2026-04-23T13:10:58.4660000Z,0.0,DispatchRun
SKB-TS1-INV06,AlarmWorkState1-DispatchRun,1004,Alarm,2026-04-23T12:50:30.5190000Z,2026-04-23T13:10:58.4730000Z,0.0,DispatchRun
SKB-TS2-INV04,AlarmWorkState1-DispatchRun,1004,Alarm,2026-04-23T12:50:30.6070000Z,2026-04-23T13:10:58.5400000Z,0.0,DispatchRun
SKB-TS1-INV05,AlarmWorkState1-AlarmRun,1001,Alarm,2026-04-23T13:08:01.0030000Z,2026-04-23T13:12:57.5600000Z,0.0,AlarmRun
SKB-TS1-INV01,AlarmWorkState1-DispatchRun,1004,Alarm,2026-04-23T13:13:58.1840000Z,2026-04-23T13:25:56.9600000Z,0.0,DispatchRun
SKB-TS2-INV01,AlarmWorkState1-DispatchRun,1004,Alarm,2026-04-23T13:13:58.2090000Z,2026-04-23T13:26:57.1000000Z,0.0,DispatchRun
SKB-TS1-INV03,AlarmWorkState1-DispatchRun,1004,Alarm,2026-04-23T13:13:58.3720000Z,2026-04-23T13:25:57.1310000Z,0.0,DispatchRun
SKB-TS2-INV05,AlarmWorkState1-DispatchRun,1004,Alarm,2026-04-23T13:13:58.3800000Z,2026-04-23T13:26:58.0690000Z,0.0,DispatchRun
SKB-TS1-INV08,AlarmWorkState1-DispatchRun,1004,Alarm,2026-04-23T13:13:58.4520000Z,2026-04-23T13:25:57.2400000Z,0.0,DispatchRun
SKB-TS2-INV06,AlarmWorkState1-DispatchRun,1004,Alarm,2026-04-23T13:13:58.4590000Z,2026-04-23T13:26:58.2010000Z,0.0,DispatchRun
SKB-TS1-INV04,AlarmWorkState1-DispatchRun,1004,Alarm,2026-04-23T13:13:58.4950000Z,2026-04-23T13:25:57.3710000Z,0.0,DispatchRun
SKB-TS2-INV02,AlarmWorkState1-DispatchRun,1004,Alarm,2026-04-23T13:13:58.4970000Z,2026-04-23T13:15:57.4200000Z,0.0,DispatchRun
SKB-TS1-INV07,AlarmWorkState1-DispatchRun,1004,Alarm,2026-04-23T13:13:58.5360000Z,2026-04-23T13:25:57.4480000Z,0.0,DispatchRun
SKB-TS2-INV03,AlarmWorkState1-DispatchRun,1004,Alarm,2026-04-23T13:13:58.5450000Z,2026-04-23T13:25:57.5110000Z,0.0,DispatchRun
SKB-TS1-INV02,AlarmWorkState1-DispatchRun,1004,Alarm,2026-04-23T13:13:58.6490000Z,2026-04-23T13:26:58.3450000Z,0.0,DispatchRun
SKB-TS2-INV07,AlarmWorkState1-DispatchRun,1004,Alarm,2026-04-23T13:13:58.6710000Z,2026-04-23T13:16:29.5780000Z,0.0,DispatchRun
SKB-TS1-INV05,AlarmWorkState1-DispatchRun,1004,Alarm,2026-04-23T13:13:58.7520000Z,2026-04-23T13:15:30.3590000Z,0.0,DispatchRun
SKB-TS2-INV08,AlarmWorkState1-DispatchRun,1004,Alarm,2026-04-23T13:13:58.7660000Z,2026-04-23T13:25:57.7590000Z,0.0,DispatchRun
SKB-TS1-INV06,AlarmWorkState1-DispatchRun,1004,Alarm,2026-04-23T13:13:58.8780000Z,2026-04-23T13:26:58.5110000Z,0.0,DispatchRun
SKB-TS2-INV04,AlarmWorkState1-DispatchRun,1004,Alarm,2026-04-23T13:13:58.9320000Z,2026-04-23T13:25:57.8770000Z,0.0,DispatchRun
SKB-TS2-INV07,AlarmWorkState1-DispatchRun,1004,Alarm,2026-04-23T13:17:57.7360000Z,2026-04-23T13:26:30.0580000Z,0.0,DispatchRun
SKB-TS2-INV02,AlarmWorkState1-DispatchRun,1004,Alarm,2026-04-23T13:18:27.4210000Z,2026-04-23T13:23:58.4270000Z,0.0,DispatchRun
SKB-TS1-INV05,AlarmWorkState1-AlarmRun,1001,Alarm,2026-04-23T13:23:58.4930000Z,2026-04-23T13:36:29.3370000Z,0.0,AlarmRun
SKB-TS2-INV02,AlarmWorkState1-DispatchRun,1004,Alarm,2026-04-23T13:24:30.4840000Z,2026-04-23T13:25:57.3920000Z,0.0,DispatchRun
SKB-TS1-INV01,AlarmWorkState1-DispatchRun,1004,Alarm,2026-04-23T13:26:26.9300000Z,2026-04-23T13:26:56.9470000Z,0.0,DispatchRun
SKB-TS1-INV03,AlarmWorkState1-DispatchRun,1004,Alarm,2026-04-23T13:26:29.6670000Z,2026-04-23T13:26:57.0480000Z,0.0,DispatchRun
SKB-TS1-INV08,AlarmWorkState1-DispatchRun,1004,Alarm,2026-04-23T13:26:29.7650000Z,2026-04-23T13:26:57.9760000Z,0.0,DispatchRun
SKB-TS1-INV04,AlarmWorkState1-DispatchRun,1004,Alarm,2026-04-23T13:26:29.8930000Z,2026-04-23T13:26:58.1170000Z,0.0,DispatchRun
SKB-TS1-INV07,AlarmWorkState1-DispatchRun,1004,Alarm,2026-04-23T13:26:30.0250000Z,2026-04-23T13:26:58.2100000Z,0.0,DispatchRun
SKB-TS2-INV03,AlarmWorkState1-DispatchRun,1004,Alarm,2026-04-23T13:26:30.0330000Z,2026-04-23T13:26:58.3940000Z,0.0,DispatchRun
SKB-TS2-INV08,AlarmWorkState1-DispatchRun,1004,Alarm,2026-04-23T13:26:30.1670000Z,2026-04-23T13:26:58.6260000Z,0.0,DispatchRun
SKB-TS2-INV04,AlarmWorkState1-DispatchRun,1004,Alarm,2026-04-23T13:26:30.2230000Z,2026-04-23T13:26:58.7010000Z,0.0,DispatchRun
SKB-TS1-INV05,AlarmWorkState1-AlarmRun,1001,Alarm,2026-04-23T13:48:27.5800000Z,2026-04-23T13:50:30.6820000Z,0.0,AlarmRun
SKB-TS1-INV05,AlarmWorkState1-AlarmRun,1001,Alarm,2026-04-23T14:03:29.5550000Z,2026-04-23T14:23:00.0390000Z,0.0,AlarmRun
SKB-TS1-INV05,AlarmWorkState1-AlarmRun,1001,Alarm,2026-04-23T15:15:29.5450000Z,2026-04-23T15:34:29.2800000Z,0.0,AlarmRun
SKB-TS1-INV05,AlarmWorkState1-AlarmRun,1001,Alarm,2026-04-24T06:18:30.5300000Z,2026-04-24T13:46:58.0920000Z,0.0,AlarmRun
SKB-TS2-INV01,AlarmWorkState1-DispatchRun,1004,Alarm,2026-04-24T08:30:28.1170000Z,2026-04-24T11:22:30.3580000Z,0.0,DispatchRun
SKB-TS2-INV06,AlarmWorkState1-DispatchRun,1004,Alarm,2026-04-24T08:30:29.3340000Z,2026-04-24T11:22:30.6270000Z,0.0,DispatchRun
SKB-TS2-INV02,AlarmWorkState1-DispatchRun,1004,Alarm,2026-04-24T08:30:29.4530000Z,2026-04-24T11:22:30.7680000Z,0.0,DispatchRun
SKB-TS2-INV03,AlarmWorkState1-DispatchRun,1004,Alarm,2026-04-24T08:30:29.5360000Z,2026-04-24T11:22:30.8860000Z,0.0,DispatchRun
SKB-TS2-INV08,AlarmWorkState1-DispatchRun,1004,Alarm,2026-04-24T08:30:29.7170000Z,2026-04-24T11:22:31.0830000Z,0.0,DispatchRun
SKB-TS2-INV04,AlarmWorkState1-DispatchRun,1004,Alarm,2026-04-24T08:30:29.7810000Z,2026-04-24T11:22:31.2160000Z,0.0,DispatchRun
SKB-TS1-INV04,AlarmWorkState1-DispatchRun,1004,Alarm,2026-04-24T08:31:31.1290000Z,2026-04-24T11:22:30.5650000Z,0.0,DispatchRun
SKB-TS1-INV07,AlarmWorkState1-DispatchRun,1004,Alarm,2026-04-24T08:31:31.2130000Z,2026-04-24T11:22:30.7160000Z,0.0,DispatchRun
SKB-TS1-INV06,AlarmWorkState1-DispatchRun,1004,Alarm,2026-04-24T08:31:31.4710000Z,2026-04-24T11:22:31.0640000Z,0.0,DispatchRun
SKB-TS2-INV07,AlarmWorkState1-DispatchRun,1004,Alarm,2026-04-24T08:37:28.0230000Z,2026-04-24T11:22:30.9860000Z,0.0,DispatchRun
SKB-TS2-INV01,AlarmWorkState1-DispatchRun,1004,Alarm,2026-04-24T11:33:30.5250000Z,2026-04-24T11:40:59.2820000Z,0.0,DispatchRun
SKB-TS2-INV06,AlarmWorkState1-DispatchRun,1004,Alarm,2026-04-24T11:33:30.7660000Z,2026-04-24T11:40:59.5860000Z,0.0,DispatchRun
SKB-TS1-INV04,AlarmWorkState1-DispatchRun,1004,Alarm,2026-04-24T11:33:30.7820000Z,2026-04-24T11:41:27.7630000Z,0.0,DispatchRun
SKB-TS1-INV07,AlarmWorkState1-DispatchRun,1004,Alarm,2026-04-24T11:33:30.8870000Z,2026-04-24T11:40:59.6700000Z,0.0,DispatchRun
SKB-TS2-INV03,AlarmWorkState1-DispatchRun,1004,Alarm,2026-04-24T11:33:30.9520000Z,2026-04-24T11:40:59.8530000Z,0.0,DispatchRun
SKB-TS2-INV08,AlarmWorkState1-DispatchRun,1004,Alarm,2026-04-24T11:33:31.1150000Z,2026-04-24T11:41:00.3560000Z,0.0,DispatchRun
SKB-TS1-INV06,AlarmWorkState1-DispatchRun,1004,Alarm,2026-04-24T11:33:31.1380000Z,2026-04-24T11:41:00.2870000Z,0.0,DispatchRun
SKB-TS2-INV04,AlarmWorkState1-DispatchRun,1004,Alarm,2026-04-24T11:33:31.2280000Z,2026-04-24T11:41:00.4980000Z,0.0,DispatchRun
SKB-TS2-INV02,AlarmWorkState1-DispatchRun,1004,Alarm,2026-04-24T11:34:00.5420000Z,2026-04-24T11:40:59.7220000Z,0.0,DispatchRun
SKB-TS2-INV07,AlarmWorkState1-DispatchRun,1004,Alarm,2026-04-24T11:34:00.7620000Z,2026-04-24T11:41:27.9460000Z,0.0,DispatchRun
SKB-TS2-INV01,AlarmWorkState1-DispatchRun,1004,Alarm,2026-04-24T11:45:57.8480000Z,2026-04-24T11:48:27.5510000Z,0.0,DispatchRun
SKB-TS2-INV06,AlarmWorkState1-DispatchRun,1004,Alarm,2026-04-24T11:45:58.0620000Z,2026-04-24T11:48:28.3590000Z,0.0,DispatchRun
SKB-TS1-INV04,AlarmWorkState1-DispatchRun,1004,Alarm,2026-04-24T11:45:58.1710000Z,2026-04-24T11:48:27.5840000Z,0.0,DispatchRun
SKB-TS2-INV02,AlarmWorkState1-DispatchRun,1004,Alarm,2026-04-24T11:45:58.1830000Z,2026-04-24T11:48:28.5150000Z,0.0,DispatchRun
SKB-TS1-INV07,AlarmWorkState1-DispatchRun,1004,Alarm,2026-04-24T11:45:58.3180000Z,2026-04-24T11:48:28.3250000Z,0.0,DispatchRun
SKB-TS2-INV03,AlarmWorkState1-DispatchRun,1004,Alarm,2026-04-24T11:45:58.3330000Z,2026-04-24T11:48:28.6150000Z,0.0,DispatchRun
SKB-TS2-INV07,AlarmWorkState1-DispatchRun,1004,Alarm,2026-04-24T11:45:58.4330000Z,2026-04-24T11:47:59.0440000Z,0.0,DispatchRun
SKB-TS2-INV08,AlarmWorkState1-DispatchRun,1004,Alarm,2026-04-24T11:45:58.5620000Z,2026-04-24T11:48:28.8060000Z,0.0,DispatchRun
SKB-TS1-INV06,AlarmWorkState1-DispatchRun,1004,Alarm,2026-04-24T11:45:58.5940000Z,2026-04-24T11:48:28.6140000Z,0.0,DispatchRun
SKB-TS2-INV04,AlarmWorkState1-DispatchRun,1004,Alarm,2026-04-24T11:45:58.6400000Z,2026-04-24T11:48:28.8510000Z,0.0,DispatchRun
SKB-TS1-INV04,AlarmWorkState1-DispatchRun,1004,Alarm,2026-04-24T11:54:29.2470000Z,2026-04-24T11:57:00.7490000Z,0.0,DispatchRun
SKB-TS1-INV07,AlarmWorkState1-DispatchRun,1004,Alarm,2026-04-24T11:54:29.2870000Z,2026-04-24T11:57:00.9630000Z,0.0,DispatchRun
SKB-TS2-INV06,AlarmWorkState1-DispatchRun,1004,Alarm,2026-04-24T11:54:29.2930000Z,2026-04-24T11:57:00.7560000Z,0.0,DispatchRun
SKB-TS2-INV03,AlarmWorkState1-DispatchRun,1004,Alarm,2026-04-24T11:54:29.3980000Z,2026-04-24T11:57:01.1850000Z,0.0,DispatchRun
SKB-TS1-INV06,AlarmWorkState1-DispatchRun,1004,Alarm,2026-04-24T11:54:29.4860000Z,2026-04-24T11:57:01.4870000Z,0.0,DispatchRun
SKB-TS2-INV07,AlarmWorkState1-DispatchRun,1004,Alarm,2026-04-24T11:54:29.5050000Z,2026-04-24T11:57:01.3060000Z,0.0,DispatchRun
SKB-TS2-INV08,AlarmWorkState1-DispatchRun,1004,Alarm,2026-04-24T11:54:29.6080000Z,2026-04-24T11:57:01.4920000Z,0.0,DispatchRun
SKB-TS2-INV04,AlarmWorkState1-DispatchRun,1004,Alarm,2026-04-24T11:54:29.6710000Z,2026-04-24T11:57:01.6430000Z,0.0,DispatchRun
SKB-TS2-INV01,AlarmWorkState1-DispatchRun,1004,Alarm,2026-04-24T11:54:57.5640000Z,2026-04-24T11:57:00.3760000Z,0.0,DispatchRun
SKB-TS2-INV02,AlarmWorkState1-DispatchRun,1004,Alarm,2026-04-24T11:54:57.9590000Z,2026-04-24T11:57:00.9690000Z,0.0,DispatchRun
SKB-TS2-INV01,AlarmWorkState1-DispatchRun,1004,Alarm,2026-04-24T12:21:59.3720000Z,2026-04-24T12:36:30.4170000Z,0.0,DispatchRun
SKB-TS1-INV04,AlarmWorkState1-DispatchRun,1004,Alarm,2026-04-24T12:21:59.5470000Z,2026-04-24T12:36:30.7240000Z,0.0,DispatchRun
SKB-TS2-INV06,AlarmWorkState1-DispatchRun,1004,Alarm,2026-04-24T12:21:59.6460000Z,2026-04-24T12:36:30.6530000Z,0.0,DispatchRun
SKB-TS1-INV07,AlarmWorkState1-DispatchRun,1004,Alarm,2026-04-24T12:21:59.7020000Z,2026-04-24T12:36:30.7940000Z,0.0,DispatchRun
SKB-TS2-INV02,AlarmWorkState1-DispatchRun,1004,Alarm,2026-04-24T12:21:59.7930000Z,2026-04-24T12:36:30.7280000Z,0.0,DispatchRun
SKB-TS2-INV03,AlarmWorkState1-DispatchRun,1004,Alarm,2026-04-24T12:21:59.8380000Z,2026-04-24T12:36:30.8360000Z,0.0,DispatchRun
SKB-TS2-INV07,AlarmWorkState1-DispatchRun,1004,Alarm,2026-04-24T12:21:59.9720000Z,2026-04-24T12:36:30.9110000Z,0.0,DispatchRun
SKB-TS1-INV06,AlarmWorkState1-DispatchRun,1004,Alarm,2026-04-24T12:21:59.9850000Z,2026-04-24T12:36:31.0070000Z,0.0,DispatchRun
SKB-TS2-INV08,AlarmWorkState1-DispatchRun,1004,Alarm,2026-04-24T12:22:00.0160000Z,2026-04-24T12:36:30.9700000Z,0.0,DispatchRun
SKB-TS2-INV04,AlarmWorkState1-DispatchRun,1004,Alarm,2026-04-24T12:22:00.3960000Z,2026-04-24T12:36:31.0180000Z,0.0,DispatchRun
SKB-TS2-INV01,AlarmWorkState1-DispatchRun,1004,Alarm,2026-04-24T12:37:29.1610000Z,2026-04-24T13:10:28.1540000Z,0.0,DispatchRun
SKB-TS1-INV04,AlarmWorkState1-DispatchRun,1004,Alarm,2026-04-24T12:37:29.3610000Z,2026-04-24T13:10:28.4700000Z,0.0,DispatchRun
SKB-TS2-INV06,AlarmWorkState1-DispatchRun,1004,Alarm,2026-04-24T12:37:29.3910000Z,2026-04-24T13:10:28.4010000Z,0.0,DispatchRun
SKB-TS1-INV07,AlarmWorkState1-DispatchRun,1004,Alarm,2026-04-24T12:37:29.4880000Z,2026-04-24T13:10:28.5450000Z,0.0,DispatchRun
SKB-TS2-INV02,AlarmWorkState1-DispatchRun,1004,Alarm,2026-04-24T12:37:29.5240000Z,2026-04-24T13:10:28.5320000Z,0.0,DispatchRun
SKB-TS2-INV03,AlarmWorkState1-DispatchRun,1004,Alarm,2026-04-24T12:37:29.6540000Z,2026-04-24T13:10:28.6370000Z,0.0,DispatchRun
SKB-TS2-INV07,AlarmWorkState1-DispatchRun,1004,Alarm,2026-04-24T12:37:29.7700000Z,2026-04-24T13:09:28.9070000Z,0.0,DispatchRun
SKB-TS1-INV06,AlarmWorkState1-DispatchRun,1004,Alarm,2026-04-24T12:37:29.8300000Z,2026-04-24T13:10:28.9690000Z,0.0,DispatchRun
SKB-TS2-INV08,AlarmWorkState1-DispatchRun,1004,Alarm,2026-04-24T12:37:29.8740000Z,2026-04-24T13:10:28.9450000Z,0.0,DispatchRun
SKB-TS2-INV04,AlarmWorkState1-DispatchRun,1004,Alarm,2026-04-24T12:37:29.9710000Z,2026-04-24T13:10:29.0320000Z,0.0,DispatchRun
SKB-TS1-INV04,AlarmWorkState1-DispatchRun,1004,Alarm,2026-04-24T13:40:00.5340000Z,2026-04-24T13:41:59.4020000Z,0.0,DispatchRun
SKB-TS1-INV07,AlarmWorkState1-DispatchRun,1004,Alarm,2026-04-24T13:40:00.6800000Z,2026-04-24T13:41:59.5120000Z,0.0,DispatchRun
SKB-TS2-INV08,AlarmWorkState1-DispatchRun,1004,Alarm,2026-04-24T13:40:01.1660000Z,2026-04-24T13:41:29.2130000Z,0.0,DispatchRun
SKB-TS1-INV06,AlarmWorkState1-DispatchRun,1004,Alarm,2026-04-24T13:40:01.1800000Z,2026-04-24T13:41:59.7540000Z,0.0,DispatchRun
SKB-TS2-INV01,AlarmWorkState1-DispatchRun,1004,Alarm,2026-04-24T13:40:27.5040000Z,2026-04-24T13:41:28.3700000Z,0.0,DispatchRun
SKB-TS2-INV06,AlarmWorkState1-DispatchRun,1004,Alarm,2026-04-24T13:40:28.8080000Z,2026-04-24T13:41:28.7620000Z,0.0,DispatchRun
SKB-TS2-INV02,AlarmWorkState1-DispatchRun,1004,Alarm,2026-04-24T13:40:28.8840000Z,2026-04-24T13:41:28.8600000Z,0.0,DispatchRun
SKB-TS2-INV03,AlarmWorkState1-DispatchRun,1004,Alarm,2026-04-24T13:40:28.9710000Z,2026-04-24T13:41:28.9800000Z,0.0,DispatchRun
SKB-TS2-INV07,AlarmWorkState1-DispatchRun,1004,Alarm,2026-04-24T13:40:29.0820000Z,2026-04-24T13:41:29.0700000Z,0.0,DispatchRun
SKB-TS2-INV04,AlarmWorkState1-DispatchRun,1004,Alarm,2026-04-24T13:40:29.2880000Z,2026-04-24T13:41:29.3070000Z,0.0,DispatchRun
SKB-TS2-INV01,AlarmWorkState1-DispatchRun,1004,Alarm,2026-04-24T13:47:58.4940000Z,2026-04-24T13:48:59.8270000Z,0.0,DispatchRun
SKB-TS2-INV06,AlarmWorkState1-DispatchRun,1004,Alarm,2026-04-24T13:48:00.7550000Z,2026-04-24T13:49:00.3830000Z,0.0,DispatchRun
SKB-TS1-INV04,AlarmWorkState1-DispatchRun,1004,Alarm,2026-04-24T13:48:00.9420000Z,2026-04-24T13:49:00.5370000Z,0.0,DispatchRun
SKB-TS2-INV02,AlarmWorkState1-DispatchRun,1004,Alarm,2026-04-24T13:48:00.9510000Z,2026-04-24T13:49:00.4940000Z,0.0,DispatchRun
SKB-TS1-INV07,AlarmWorkState1-DispatchRun,1004,Alarm,2026-04-24T13:48:01.0970000Z,2026-04-24T13:49:00.6130000Z,0.0,DispatchRun
SKB-TS2-INV03,AlarmWorkState1-DispatchRun,1004,Alarm,2026-04-24T13:48:01.1070000Z,2026-04-24T13:49:00.5920000Z,0.0,DispatchRun
SKB-TS2-INV07,AlarmWorkState1-DispatchRun,1004,Alarm,2026-04-24T13:48:01.3180000Z,2026-04-24T13:49:00.7470000Z,0.0,DispatchRun
SKB-TS2-INV08,AlarmWorkState1-DispatchRun,1004,Alarm,2026-04-24T13:48:01.4500000Z,2026-04-24T13:49:00.9100000Z,0.0,DispatchRun
SKB-TS1-INV06,AlarmWorkState1-DispatchRun,1004,Alarm,2026-04-24T13:48:01.5640000Z,2026-04-24T13:49:01.1350000Z,0.0,DispatchRun
SKB-TS2-INV04,AlarmWorkState1-DispatchRun,1004,Alarm,2026-04-24T13:48:01.5940000Z,2026-04-24T13:49:01.0880000Z,0.0,DispatchRun
SKB-TS1-INV05,AlarmWorkState1-AlarmRun,1001,Alarm,2026-04-24T13:58:00.6960000Z,2026-04-24T14:15:28.1770000Z,0.0,AlarmRun
SKB-TS1-INV05,AlarmWorkState1-AlarmRun,1001,Alarm,2026-04-24T14:39:32.0990000Z,2026-04-24T15:07:00.5180000Z,0.0,AlarmRun
SKB-TS1-INV05,AlarmWorkState1-AlarmRun,1001,Alarm,2026-04-25T06:31:58.4740000Z,2026-04-25T06:48:28.5680000Z,0.0,AlarmRun
SKB-TS1-INV05,AlarmWorkState1-AlarmRun,1001,Alarm,2026-04-25T07:05:01.7500000Z,2026-04-25T07:24:00.8160000Z,0.0,AlarmRun
SKB-TS2-INV06,AlarmWorkState1-DispatchRun,1004,Alarm,2026-04-25T08:01:58.5410000Z,2026-04-25T08:02:58.9920000Z,0.0,DispatchRun
SKB-TS1-INV04,AlarmWorkState1-DispatchRun,1004,Alarm,2026-04-25T08:01:58.5550000Z,2026-04-25T08:02:59.1090000Z,0.0,DispatchRun
SKB-TS2-INV02,AlarmWorkState1-DispatchRun,1004,Alarm,2026-04-25T08:01:58.5900000Z,2026-04-25T08:02:59.1060000Z,0.0,DispatchRun
SKB-TS1-INV07,AlarmWorkState1-DispatchRun,1004,Alarm,2026-04-25T08:01:58.6120000Z,2026-04-25T08:02:59.2080000Z,0.0,DispatchRun
SKB-TS2-INV03,AlarmWorkState1-DispatchRun,1004,Alarm,2026-04-25T08:01:58.7190000Z,2026-04-25T08:02:59.2060000Z,0.0,DispatchRun
SKB-TS1-INV06,AlarmWorkState1-DispatchRun,1004,Alarm,2026-04-25T08:01:59.6240000Z,2026-04-25T08:02:28.5840000Z,0.0,DispatchRun
SKB-TS2-INV04,AlarmWorkState1-DispatchRun,1004,Alarm,2026-04-25T08:01:59.7610000Z,2026-04-25T08:03:00.6710000Z,0.0,DispatchRun
SKB-TS1-INV04,AlarmWorkState1-DispatchRun,1004,Alarm,2026-04-25T08:03:28.1230000Z,2026-04-25T08:04:00.0640000Z,0.0,DispatchRun
SKB-TS1-INV07,AlarmWorkState1-DispatchRun,1004,Alarm,2026-04-25T08:03:28.2520000Z,2026-04-25T08:04:00.5130000Z,0.0,DispatchRun
SKB-TS2-INV06,AlarmWorkState1-DispatchRun,1004,Alarm,2026-04-25T08:03:28.3990000Z,2026-04-25T08:04:00.4080000Z,0.0,DispatchRun
SKB-TS2-INV02,AlarmWorkState1-DispatchRun,1004,Alarm,2026-04-25T08:03:28.5200000Z,2026-04-25T08:04:00.5530000Z,0.0,DispatchRun
SKB-TS2-INV03,AlarmWorkState1-DispatchRun,1004,Alarm,2026-04-25T08:03:28.5930000Z,2026-04-25T08:04:00.7320000Z,0.0,DispatchRun
SKB-TS1-INV06,AlarmWorkState1-DispatchRun,1004,Alarm,2026-04-25T08:03:28.6150000Z,2026-04-25T08:04:01.0320000Z,0.0,DispatchRun
SKB-TS2-INV04,AlarmWorkState1-DispatchRun,1004,Alarm,2026-04-25T08:03:28.9310000Z,2026-04-25T08:04:01.1610000Z,0.0,DispatchRun
SKB-TS1-INV04,AlarmWorkState1-DispatchRun,1004,Alarm,2026-04-25T08:05:59.3040000Z,2026-04-25T08:18:58.1960000Z,0.0,DispatchRun
SKB-TS2-INV06,AlarmWorkState1-DispatchRun,1004,Alarm,2026-04-25T08:05:59.3290000Z,2026-04-25T08:18:58.2830000Z,0.0,DispatchRun
SKB-TS1-INV07,AlarmWorkState1-DispatchRun,1004,Alarm,2026-04-25T08:05:59.4010000Z,2026-04-25T08:18:58.2880000Z,0.0,DispatchRun
SKB-TS2-INV02,AlarmWorkState1-DispatchRun,1004,Alarm,2026-04-25T08:05:59.4350000Z,2026-04-25T08:18:58.3620000Z,0.0,DispatchRun
SKB-TS2-INV03,AlarmWorkState1-DispatchRun,1004,Alarm,2026-04-25T08:05:59.5330000Z,2026-04-25T08:18:58.4730000Z,0.0,DispatchRun
SKB-TS1-INV06,AlarmWorkState1-DispatchRun,1004,Alarm,2026-04-25T08:05:59.6950000Z,2026-04-25T08:18:58.6290000Z,0.0,DispatchRun
SKB-TS2-INV04,AlarmWorkState1-DispatchRun,1004,Alarm,2026-04-25T08:05:59.8870000Z,2026-04-25T08:18:58.8770000Z,0.0,DispatchRun
SKB-TS1-INV05,AlarmWorkState1-AlarmRun,1001,Alarm,2026-04-25T08:15:59.4400000Z,2026-04-25T08:18:58.5000000Z,0.0,AlarmRun
SKB-TS2-INV06,AlarmWorkState1-DispatchRun,1004,Alarm,2026-04-25T08:34:33.0000000Z,2026-04-25T08:35:00.0440000Z,0.0,DispatchRun
SKB-TS2-INV02,AlarmWorkState1-DispatchRun,1004,Alarm,2026-04-25T08:34:33.0790000Z,2026-04-25T08:35:00.5170000Z,0.0,DispatchRun
SKB-TS2-INV03,AlarmWorkState1-DispatchRun,1004,Alarm,2026-04-25T08:34:33.2100000Z,2026-04-25T08:35:00.6300000Z,0.0,DispatchRun
SKB-TS1-INV04,AlarmWorkState1-DispatchRun,1004,Alarm,2026-04-25T08:34:33.2110000Z,2026-04-25T08:35:00.4160000Z,0.0,DispatchRun
SKB-TS1-INV07,AlarmWorkState1-DispatchRun,1004,Alarm,2026-04-25T08:34:33.3250000Z,2026-04-25T08:35:00.5790000Z,0.0,DispatchRun
SKB-TS2-INV04,AlarmWorkState1-DispatchRun,1004,Alarm,2026-04-25T08:34:33.4690000Z,2026-04-25T08:35:01.2440000Z,0.0,DispatchRun
SKB-TS1-INV06,AlarmWorkState1-DispatchRun,1004,Alarm,2026-04-25T08:34:33.5940000Z,2026-04-25T08:35:01.1780000Z,0.0,DispatchRun
SKB-TS2-INV06,AlarmWorkState1-DispatchRun,1004,Alarm,2026-04-25T08:38:28.1740000Z,2026-04-25T08:45:58.1740000Z,0.0,DispatchRun
SKB-TS1-INV04,AlarmWorkState1-DispatchRun,1004,Alarm,2026-04-25T08:38:28.1820000Z,2026-04-25T08:45:58.1990000Z,0.0,DispatchRun
SKB-TS2-INV02,AlarmWorkState1-DispatchRun,1004,Alarm,2026-04-25T08:38:28.2790000Z,2026-04-25T08:45:58.2560000Z,0.0,DispatchRun
SKB-TS1-INV07,AlarmWorkState1-DispatchRun,1004,Alarm,2026-04-25T08:38:28.2870000Z,2026-04-25T08:45:58.3010000Z,0.0,DispatchRun
SKB-TS2-INV03,AlarmWorkState1-DispatchRun,1004,Alarm,2026-04-25T08:38:28.4260000Z,2026-04-25T08:45:58.3760000Z,0.0,DispatchRun
SKB-TS1-INV06,AlarmWorkState1-DispatchRun,1004,Alarm,2026-04-25T08:38:28.6360000Z,2026-04-25T08:45:58.6120000Z,0.0,DispatchRun
SKB-TS2-INV04,AlarmWorkState1-DispatchRun,1004,Alarm,2026-04-25T08:38:28.7620000Z,2026-04-25T08:45:58.6510000Z,0.0,DispatchRun
SKB-TS2-INV06,AlarmWorkState1-DispatchRun,1004,Alarm,2026-04-25T08:46:59.9900000Z,2026-04-25T08:47:59.4300000Z,0.0,DispatchRun
SKB-TS1-INV04,AlarmWorkState1-DispatchRun,1004,Alarm,2026-04-25T08:47:00.0210000Z,2026-04-25T08:47:59.4610000Z,0.0,DispatchRun
SKB-TS2-INV02,AlarmWorkState1-DispatchRun,1004,Alarm,2026-04-25T08:47:00.3370000Z,2026-04-25T08:47:59.5540000Z,0.0,DispatchRun
SKB-TS1-INV07,AlarmWorkState1-DispatchRun,1004,Alarm,2026-04-25T08:47:00.3990000Z,2026-04-25T08:47:59.5690000Z,0.0,DispatchRun
SKB-TS2-INV03,AlarmWorkState1-DispatchRun,1004,Alarm,2026-04-25T08:47:00.5380000Z,2026-04-25T08:47:59.6290000Z,0.0,DispatchRun
SKB-TS1-INV06,AlarmWorkState1-DispatchRun,1004,Alarm,2026-04-25T08:47:00.9520000Z,2026-04-25T08:47:59.8540000Z,0.0,DispatchRun
SKB-TS2-INV04,AlarmWorkState1-DispatchRun,1004,Alarm,2026-04-25T08:47:01.1460000Z,2026-04-25T08:47:59.9820000Z,0.0,DispatchRun
SKB-TS1-INV04,AlarmWorkState1-DispatchRun,1004,Alarm,2026-04-25T08:49:58.2530000Z,2026-04-25T08:50:30.9060000Z,0.0,DispatchRun
SKB-TS2-INV06,AlarmWorkState1-DispatchRun,1004,Alarm,2026-04-25T08:49:58.2550000Z,2026-04-25T08:50:30.7360000Z,0.0,DispatchRun
SKB-TS1-INV06,AlarmWorkState1-DispatchRun,1004,Alarm,2026-04-25T08:49:58.5190000Z,2026-04-25T08:50:31.2900000Z,0.0,DispatchRun
SKB-TS1-INV04,AlarmWorkState1-DispatchRun,1004,Alarm,2026-04-25T08:57:58.2040000Z,2026-04-25T08:58:29.4310000Z,0.0,DispatchRun
SKB-TS2-INV06,AlarmWorkState1-DispatchRun,1004,Alarm,2026-04-25T08:57:58.2060000Z,2026-04-25T08:58:29.3710000Z,0.0,DispatchRun
SKB-TS1-INV07,AlarmWorkState1-DispatchRun,1004,Alarm,2026-04-25T08:57:58.2550000Z,2026-04-25T08:58:29.4710000Z,0.0,DispatchRun
SKB-TS2-INV03,AlarmWorkState1-DispatchRun,1004,Alarm,2026-04-25T08:57:58.3730000Z,2026-04-25T08:58:29.5300000Z,0.0,DispatchRun
SKB-TS2-INV04,AlarmWorkState1-DispatchRun,1004,Alarm,2026-04-25T08:57:58.6320000Z,2026-04-25T08:58:29.8280000Z,0.0,DispatchRun
SKB-TS1-INV04,AlarmWorkState1-DispatchRun,1004,Alarm,2026-04-25T08:59:02.3480000Z,2026-04-25T08:59:31.5660000Z,0.0,DispatchRun
SKB-TS2-INV06,AlarmWorkState1-DispatchRun,1004,Alarm,2026-04-25T08:59:02.4060000Z,2026-04-25T09:00:00.7440000Z,0.0,DispatchRun
SKB-TS1-INV07,AlarmWorkState1-DispatchRun,1004,Alarm,2026-04-25T08:59:02.4450000Z,2026-04-25T09:00:01.0650000Z,0.0,DispatchRun
SKB-TS2-INV02,AlarmWorkState1-DispatchRun,1004,Alarm,2026-04-25T08:59:02.5400000Z,2026-04-25T08:59:31.5970000Z,0.0,DispatchRun
SKB-TS2-INV03,AlarmWorkState1-DispatchRun,1004,Alarm,2026-04-25T08:59:02.6160000Z,2026-04-25T08:59:31.6410000Z,0.0,DispatchRun
SKB-TS1-INV06,AlarmWorkState1-DispatchRun,1004,Alarm,2026-04-25T08:59:02.7800000Z,2026-04-25T09:00:01.5190000Z,0.0,DispatchRun
SKB-TS2-INV04,AlarmWorkState1-DispatchRun,1004,Alarm,2026-04-25T08:59:02.9570000Z,2026-04-25T09:00:01.4830000Z,0.0,DispatchRun
SKB-TS2-INV06,AlarmWorkState1-DispatchRun,1004,Alarm,2026-04-25T09:04:29.1330000Z,2026-04-25T09:05:03.3850000Z,0.0,DispatchRun
SKB-TS1-INV04,AlarmWorkState1-DispatchRun,1004,Alarm,2026-04-25T09:04:29.2010000Z,2026-04-25T09:05:29.4610000Z,0.0,DispatchRun
SKB-TS2-INV02,AlarmWorkState1-DispatchRun,1004,Alarm,2026-04-25T09:04:29.2180000Z,2026-04-25T09:05:29.4940000Z,0.0,DispatchRun
SKB-TS1-INV07,AlarmWorkState1-DispatchRun,1004,Alarm,2026-04-25T09:04:29.2940000Z,2026-04-25T09:05:29.5330000Z,0.0,DispatchRun
SKB-TS2-INV03,AlarmWorkState1-DispatchRun,1004,Alarm,2026-04-25T09:04:29.3180000Z,2026-04-25T09:05:29.5930000Z,0.0,DispatchRun
SKB-TS2-INV04,AlarmWorkState1-DispatchRun,1004,Alarm,2026-04-25T09:04:29.5320000Z,2026-04-25T09:05:30.5850000Z,0.0,DispatchRun
SKB-TS1-INV06,AlarmWorkState1-DispatchRun,1004,Alarm,2026-04-25T09:04:29.5400000Z,2026-04-25T09:05:30.4740000Z,0.0,DispatchRun
SKB-TS2-INV06,AlarmWorkState1-DispatchRun,1004,Alarm,2026-04-25T09:05:58.2210000Z,2026-04-25T09:16:28.2270000Z,0.0,DispatchRun
SKB-TS1-INV04,AlarmWorkState1-DispatchRun,1004,Alarm,2026-04-25T09:05:58.2420000Z,2026-04-25T09:16:28.2690000Z,0.0,DispatchRun
SKB-TS2-INV02,AlarmWorkState1-DispatchRun,1004,Alarm,2026-04-25T09:05:58.3530000Z,2026-04-25T09:16:28.3670000Z,0.0,DispatchRun
SKB-TS1-INV07,AlarmWorkState1-DispatchRun,1004,Alarm,2026-04-25T09:05:58.3550000Z,2026-04-25T09:16:28.4210000Z,0.0,DispatchRun
SKB-TS2-INV03,AlarmWorkState1-DispatchRun,1004,Alarm,2026-04-25T09:05:58.5370000Z,2026-04-25T09:16:28.4870000Z,0.0,DispatchRun
SKB-TS1-INV06,AlarmWorkState1-DispatchRun,1004,Alarm,2026-04-25T09:05:58.7730000Z,2026-04-25T09:16:28.7970000Z,0.0,DispatchRun
SKB-TS2-INV04,AlarmWorkState1-DispatchRun,1004,Alarm,2026-04-25T09:05:58.8640000Z,2026-04-25T09:16:28.8350000Z,0.0,DispatchRun
SKB-TS1-INV05,AlarmWorkState1-AlarmRun,1001,Alarm,2026-04-25T09:16:02.7790000Z,2026-04-25T09:18:58.5700000Z,0.0,AlarmRun
SKB-TS2-INV06,AlarmWorkState1-DispatchRun,1004,Alarm,2026-04-25T09:19:59.2550000Z,2026-04-25T09:20:29.8430000Z,0.0,DispatchRun
SKB-TS1-INV04,AlarmWorkState1-DispatchRun,1004,Alarm,2026-04-25T09:19:59.3390000Z,2026-04-25T09:20:29.8030000Z,0.0,DispatchRun
SKB-TS2-INV02,AlarmWorkState1-DispatchRun,1004,Alarm,2026-04-25T09:19:59.3710000Z,2026-04-25T09:20:29.9550000Z,0.0,DispatchRun
SKB-TS1-INV07,AlarmWorkState1-DispatchRun,1004,Alarm,2026-04-25T09:19:59.4630000Z,2026-04-25T09:20:29.8690000Z,0.0,DispatchRun
SKB-TS2-INV03,AlarmWorkState1-DispatchRun,1004,Alarm,2026-04-25T09:19:59.4910000Z,2026-04-25T09:20:30.0600000Z,0.0,DispatchRun
SKB-TS1-INV06,AlarmWorkState1-DispatchRun,1004,Alarm,2026-04-25T09:19:59.7190000Z,2026-04-25T09:20:30.1840000Z,0.0,DispatchRun
SKB-TS2-INV04,AlarmWorkState1-DispatchRun,1004,Alarm,2026-04-25T09:19:59.7460000Z,2026-04-25T09:20:30.3160000Z,0.0,DispatchRun
SKB-TS2-INV06,AlarmWorkState1-DispatchRun,1004,Alarm,2026-04-25T09:32:31.4890000Z,2026-04-25T09:32:58.2770000Z,0.0,DispatchRun
SKB-TS1-INV04,AlarmWorkState1-DispatchRun,1004,Alarm,2026-04-25T09:32:31.5010000Z,2026-04-25T09:32:58.1140000Z,0.0,DispatchRun
SKB-TS2-INV02,AlarmWorkState1-DispatchRun,1004,Alarm,2026-04-25T09:32:31.5520000Z,2026-04-25T09:32:58.3470000Z,0.0,DispatchRun
SKB-TS1-INV07,AlarmWorkState1-DispatchRun,1004,Alarm,2026-04-25T09:32:31.5760000Z,2026-04-25T09:32:58.2510000Z,0.0,DispatchRun
SKB-TS2-INV03,AlarmWorkState1-DispatchRun,1004,Alarm,2026-04-25T09:32:31.6760000Z,2026-04-25T09:32:58.4510000Z,0.0,DispatchRun
SKB-TS1-INV06,AlarmWorkState1-DispatchRun,1004,Alarm,2026-04-25T09:32:31.9090000Z,2026-04-25T09:32:58.5800000Z,0.0,DispatchRun
SKB-TS2-INV04,AlarmWorkState1-DispatchRun,1004,Alarm,2026-04-25T09:32:31.9900000Z,2026-04-25T09:32:58.7260000Z,0.0,DispatchRun
SKB-TS2-INV06,AlarmWorkState1-DispatchRun,1004,Alarm,2026-04-25T09:36:32.7510000Z,2026-04-25T09:37:59.3640000Z,0.0,DispatchRun
SKB-TS1-INV04,AlarmWorkState1-DispatchRun,1004,Alarm,2026-04-25T09:36:32.7870000Z,2026-04-25T09:37:59.4480000Z,0.0,DispatchRun
SKB-TS2-INV02,AlarmWorkState1-DispatchRun,1004,Alarm,2026-04-25T09:36:32.8550000Z,2026-04-25T09:37:59.4620000Z,0.0,DispatchRun
SKB-TS1-INV07,AlarmWorkState1-DispatchRun,1004,Alarm,2026-04-25T09:36:32.9140000Z,2026-04-25T09:37:59.5730000Z,0.0,DispatchRun
SKB-TS2-INV03,AlarmWorkState1-DispatchRun,1004,Alarm,2026-04-25T09:36:32.9850000Z,2026-04-25T09:37:59.5870000Z,0.0,DispatchRun
SKB-TS1-INV06,AlarmWorkState1-DispatchRun,1004,Alarm,2026-04-25T09:36:33.2200000Z,2026-04-25T09:37:59.7340000Z,0.0,DispatchRun
SKB-TS2-INV04,AlarmWorkState1-DispatchRun,1004,Alarm,2026-04-25T09:36:33.3180000Z,2026-04-25T09:37:59.7620000Z,0.0,DispatchRun
SKB-TS1-INV04,AlarmWorkState1-DispatchRun,1004,Alarm,2026-04-25T09:38:31.2230000Z,2026-04-25T09:47:02.4160000Z,0.0,DispatchRun
SKB-TS2-INV06,AlarmWorkState1-DispatchRun,1004,Alarm,2026-04-25T09:38:31.2680000Z,2026-04-25T09:47:02.4170000Z,0.0,DispatchRun
SKB-TS1-INV07,AlarmWorkState1-DispatchRun,1004,Alarm,2026-04-25T09:38:31.3670000Z,2026-04-25T09:45:59.1420000Z,0.0,DispatchRun
SKB-TS2-INV02,AlarmWorkState1-DispatchRun,1004,Alarm,2026-04-25T09:38:31.4000000Z,2026-04-25T09:46:31.0650000Z,0.0,DispatchRun
SKB-TS2-INV03,AlarmWorkState1-DispatchRun,1004,Alarm,2026-04-25T09:38:31.4690000Z,2026-04-25T09:46:31.1710000Z,0.0,DispatchRun
SKB-TS1-INV06,AlarmWorkState1-DispatchRun,1004,Alarm,2026-04-25T09:38:31.5910000Z,2026-04-25T09:47:02.7290000Z,0.0,DispatchRun
SKB-TS2-INV04,AlarmWorkState1-DispatchRun,1004,Alarm,2026-04-25T09:38:31.7520000Z,2026-04-25T09:45:59.5320000Z,0.0,DispatchRun
SKB-TS1-INV05,AlarmWorkState1-AlarmRun,1001,Alarm,2026-04-25T09:45:59.3450000Z,2026-04-25T09:49:29.6960000Z,0.0,AlarmRun
SKB-TS1-INV07,AlarmWorkState1-DispatchRun,1004,Alarm,2026-04-25T09:46:31.0740000Z,2026-04-25T09:47:02.5070000Z,0.0,DispatchRun
SKB-TS1-INV04,AlarmWorkState1-DispatchRun,1004,Alarm,2026-04-25T09:47:58.2880000Z,2026-04-25T09:49:00.4830000Z,0.0,DispatchRun
SKB-TS2-INV06,AlarmWorkState1-DispatchRun,1004,Alarm,2026-04-25T09:47:58.2900000Z,2026-04-25T09:49:00.2980000Z,0.0,DispatchRun
SKB-TS1-INV07,AlarmWorkState1-DispatchRun,1004,Alarm,2026-04-25T09:47:58.4170000Z,2026-04-25T09:49:00.5770000Z,0.0,DispatchRun
SKB-TS2-INV02,AlarmWorkState1-DispatchRun,1004,Alarm,2026-04-25T09:47:58.4190000Z,2026-04-25T09:49:00.4940000Z,0.0,DispatchRun
SKB-TS2-INV03,AlarmWorkState1-DispatchRun,1004,Alarm,2026-04-25T09:47:58.5410000Z,2026-04-25T09:49:00.5920000Z,0.0,DispatchRun
SKB-TS1-INV06,AlarmWorkState1-DispatchRun,1004,Alarm,2026-04-25T09:47:58.7310000Z,2026-04-25T09:49:01.1120000Z,0.0,DispatchRun
SKB-TS2-INV04,AlarmWorkState1-DispatchRun,1004,Alarm,2026-04-25T09:47:58.8610000Z,2026-04-25T09:49:01.1980000Z,0.0,DispatchRun
SKB-TS1-INV04,AlarmWorkState1-DispatchRun,1004,Alarm,2026-04-25T09:50:00.4060000Z,2026-04-25T09:50:58.1900000Z,0.0,DispatchRun
SKB-TS2-INV06,AlarmWorkState1-DispatchRun,1004,Alarm,2026-04-25T09:50:00.4240000Z,2026-04-25T09:50:58.1880000Z,0.0,DispatchRun
SKB-TS1-INV07,AlarmWorkState1-DispatchRun,1004,Alarm,2026-04-25T09:50:00.5210000Z,2026-04-25T09:50:58.2780000Z,0.0,DispatchRun
SKB-TS2-INV02,AlarmWorkState1-DispatchRun,1004,Alarm,2026-04-25T09:50:00.5520000Z,2026-04-25T09:50:58.2880000Z,0.0,DispatchRun
SKB-TS2-INV03,AlarmWorkState1-DispatchRun,1004,Alarm,2026-04-25T09:50:00.7600000Z,2026-04-25T09:50:58.3880000Z,0.0,DispatchRun
SKB-TS1-INV06,AlarmWorkState1-DispatchRun,1004,Alarm,2026-04-25T09:50:00.9950000Z,2026-04-25T09:50:58.5540000Z,0.0,DispatchRun
SKB-TS2-INV04,AlarmWorkState1-DispatchRun,1004,Alarm,2026-04-25T09:50:03.1810000Z,2026-04-25T09:50:58.6630000Z,0.0,DispatchRun
SKB-TS1-INV04,AlarmWorkState1-DispatchRun,1004,Alarm,2026-04-25T09:51:59.2100000Z,2026-04-25T09:55:31.2300000Z,0.0,DispatchRun
SKB-TS2-INV06,AlarmWorkState1-DispatchRun,1004,Alarm,2026-04-25T09:51:59.2340000Z,2026-04-25T09:55:31.1230000Z,0.0,DispatchRun
SKB-TS1-INV07,AlarmWorkState1-DispatchRun,1004,Alarm,2026-04-25T09:51:59.3380000Z,2026-04-25T09:55:31.3590000Z,0.0,DispatchRun
SKB-TS2-INV02,AlarmWorkState1-DispatchRun,1004,Alarm,2026-04-25T09:51:59.3500000Z,2026-04-25T09:55:31.2290000Z,0.0,DispatchRun
SKB-TS2-INV03,AlarmWorkState1-DispatchRun,1004,Alarm,2026-04-25T09:51:59.4830000Z,2026-04-25T09:55:31.3580000Z,0.0,DispatchRun
SKB-TS1-INV06,AlarmWorkState1-DispatchRun,1004,Alarm,2026-04-25T09:51:59.7310000Z,2026-04-25T09:55:31.7500000Z,0.0,DispatchRun
SKB-TS2-INV04,AlarmWorkState1-DispatchRun,1004,Alarm,2026-04-25T09:51:59.8510000Z,2026-04-25T09:55:31.7480000Z,0.0,DispatchRun
SKB-TS1-INV04,AlarmWorkState1-DispatchRun,1004,Alarm,2026-04-25T09:58:28.1000000Z,2026-04-25T10:11:58.2370000Z,0.0,DispatchRun
SKB-TS2-INV06,AlarmWorkState1-DispatchRun,1004,Alarm,2026-04-25T09:58:28.1300000Z,2026-04-25T10:11:58.1670000Z,0.0,DispatchRun
SKB-TS1-INV07,AlarmWorkState1-DispatchRun,1004,Alarm,2026-04-25T09:58:28.1820000Z,2026-04-25T10:11:58.3100000Z,0.0,DispatchRun
SKB-TS2-INV02,AlarmWorkState1-DispatchRun,1004,Alarm,2026-04-25T09:58:28.2220000Z,2026-04-25T10:11:58.2580000Z,0.0,DispatchRun
SKB-TS2-INV03,AlarmWorkState1-DispatchRun,1004,Alarm,2026-04-25T09:58:28.3010000Z,2026-04-25T10:11:58.3800000Z,0.0,DispatchRun
SKB-TS1-INV06,AlarmWorkState1-DispatchRun,1004,Alarm,2026-04-25T09:58:28.4280000Z,2026-04-25T10:11:58.6430000Z,0.0,DispatchRun
SKB-TS2-INV04,AlarmWorkState1-DispatchRun,1004,Alarm,2026-04-25T09:58:28.6080000Z,2026-04-25T10:11:58.7150000Z,0.0,DispatchRun
SKB-TS1-INV05,AlarmWorkState1-AlarmRun,1001,Alarm,2026-04-25T10:08:30.0520000Z,2026-04-25T10:17:31.6560000Z,0.0,AlarmRun
SKB-TS1-INV04,AlarmWorkState1-DispatchRun,1004,Alarm,2026-04-25T10:12:28.2120000Z,2026-04-25T10:12:59.2840000Z,0.0,DispatchRun
SKB-TS2-INV06,AlarmWorkState1-DispatchRun,1004,Alarm,2026-04-25T10:12:28.2130000Z,2026-04-25T10:12:59.2110000Z,0.0,DispatchRun
SKB-TS1-INV07,AlarmWorkState1-DispatchRun,1004,Alarm,2026-04-25T10:12:28.3330000Z,2026-04-25T10:12:59.4110000Z,0.0,DispatchRun
SKB-TS2-INV02,AlarmWorkState1-DispatchRun,1004,Alarm,2026-04-25T10:12:28.3340000Z,2026-04-25T10:12:59.3190000Z,0.0,DispatchRun
SKB-TS2-INV03,AlarmWorkState1-DispatchRun,1004,Alarm,2026-04-25T10:12:28.4360000Z,2026-04-25T10:12:59.4360000Z,0.0,DispatchRun
SKB-TS1-INV06,AlarmWorkState1-DispatchRun,1004,Alarm,2026-04-25T10:12:28.6350000Z,2026-04-25T10:12:59.6850000Z,0.0,DispatchRun
SKB-TS2-INV04,AlarmWorkState1-DispatchRun,1004,Alarm,2026-04-25T10:12:28.7250000Z,2026-04-25T10:15:01.6210000Z,0.0,DispatchRun
SKB-TS2-INV06,AlarmWorkState1-DispatchRun,1004,Alarm,2026-04-25T10:13:32.1260000Z,2026-04-25T10:15:00.9310000Z,0.0,DispatchRun
SKB-TS1-INV04,AlarmWorkState1-DispatchRun,1004,Alarm,2026-04-25T10:13:32.1330000Z,2026-04-25T10:15:00.8370000Z,0.0,DispatchRun
SKB-TS2-INV02,AlarmWorkState1-DispatchRun,1004,Alarm,2026-04-25T10:13:32.1960000Z,2026-04-25T10:15:01.0510000Z,0.0,DispatchRun
SKB-TS1-INV07,AlarmWorkState1-DispatchRun,1004,Alarm,2026-04-25T10:13:32.2260000Z,2026-04-25T10:15:00.9240000Z,0.0,DispatchRun
SKB-TS2-INV03,AlarmWorkState1-DispatchRun,1004,Alarm,2026-04-25T10:13:32.3070000Z,2026-04-25T10:15:01.1590000Z,0.0,DispatchRun
SKB-TS1-INV06,AlarmWorkState1-DispatchRun,1004,Alarm,2026-04-25T10:13:32.5740000Z,2026-04-25T10:15:01.2610000Z,0.0,DispatchRun
SKB-TS1-INV04,AlarmWorkState1-DispatchRun,1004,Alarm,2026-04-25T10:25:59.1750000Z,2026-04-25T10:26:29.9610000Z,0.0,DispatchRun
SKB-TS2-INV06,AlarmWorkState1-DispatchRun,1004,Alarm,2026-04-25T10:27:58.3650000Z,2026-04-25T10:28:31.9620000Z,0.0,DispatchRun
SKB-TS1-INV04,AlarmWorkState1-DispatchRun,1004,Alarm,2026-04-25T10:27:58.4780000Z,2026-04-25T10:28:32.0210000Z,0.0,DispatchRun
SKB-TS2-INV06,AlarmWorkState1-DispatchRun,1004,Alarm,2026-04-25T10:32:30.6490000Z,2026-04-25T10:33:02.0460000Z,0.0,DispatchRun
SKB-TS1-INV04,AlarmWorkState1-DispatchRun,1004,Alarm,2026-04-25T10:32:30.6960000Z,2026-04-25T10:33:02.0310000Z,0.0,DispatchRun
SKB-TS2-INV02,AlarmWorkState1-DispatchRun,1004,Alarm,2026-04-25T10:32:30.7580000Z,2026-04-25T10:33:02.1840000Z,0.0,DispatchRun
SKB-TS1-INV07,AlarmWorkState1-DispatchRun,1004,Alarm,2026-04-25T10:32:30.7850000Z,2026-04-25T10:33:02.1750000Z,0.0,DispatchRun
SKB-TS2-INV03,AlarmWorkState1-DispatchRun,1004,Alarm,2026-04-25T10:32:30.8210000Z,2026-04-25T10:33:02.2660000Z,0.0,DispatchRun
SKB-TS1-INV06,AlarmWorkState1-DispatchRun,1004,Alarm,2026-04-25T10:32:31.0690000Z,2026-04-25T10:33:02.4670000Z,0.0,DispatchRun
SKB-TS2-INV04,AlarmWorkState1-DispatchRun,1004,Alarm,2026-04-25T10:32:31.0990000Z,2026-04-25T10:33:02.5390000Z,0.0,DispatchRun
SKB-TS1-INV04,AlarmWorkState1-DispatchRun,1004,Alarm,2026-04-25T10:33:30.1310000Z,2026-04-25T10:35:01.3270000Z,0.0,DispatchRun
SKB-TS1-INV07,AlarmWorkState1-DispatchRun,1004,Alarm,2026-04-25T10:33:30.2440000Z,2026-04-25T10:35:01.5040000Z,0.0,DispatchRun
SKB-TS1-INV06,AlarmWorkState1-DispatchRun,1004,Alarm,2026-04-25T10:33:30.6110000Z,2026-04-25T10:35:01.9360000Z,0.0,DispatchRun
SKB-TS2-INV06,AlarmWorkState1-DispatchRun,1004,Alarm,2026-04-25T10:33:59.4410000Z,2026-04-25T10:35:01.1400000Z,0.0,DispatchRun
SKB-TS2-INV02,AlarmWorkState1-DispatchRun,1004,Alarm,2026-04-25T10:33:59.5840000Z,2026-04-25T10:35:01.2320000Z,0.0,DispatchRun
SKB-TS2-INV03,AlarmWorkState1-DispatchRun,1004,Alarm,2026-04-25T10:33:59.6370000Z,2026-04-25T10:35:01.4100000Z,0.0,DispatchRun
SKB-TS2-INV04,AlarmWorkState1-DispatchRun,1004,Alarm,2026-04-25T10:33:59.9600000Z,2026-04-25T10:35:01.8880000Z,0.0,DispatchRun
SKB-TS2-INV06,AlarmWorkState1-DispatchRun,1004,Alarm,2026-04-25T10:41:59.2460000Z,2026-04-25T10:42:30.2510000Z,0.0,DispatchRun
SKB-TS1-INV04,AlarmWorkState1-DispatchRun,1004,Alarm,2026-04-25T10:41:59.2580000Z,2026-04-25T10:42:30.2780000Z,0.0,DispatchRun
SKB-TS2-INV02,AlarmWorkState1-DispatchRun,1004,Alarm,2026-04-25T10:41:59.3480000Z,2026-04-25T10:42:30.3910000Z,0.0,DispatchRun
SKB-TS1-INV07,AlarmWorkState1-DispatchRun,1004,Alarm,2026-04-25T10:41:59.3730000Z,2026-04-25T10:42:30.4230000Z,0.0,DispatchRun
SKB-TS2-INV03,AlarmWorkState1-DispatchRun,1004,Alarm,2026-04-25T10:41:59.4380000Z,2026-04-25T10:42:30.5020000Z,0.0,DispatchRun
SKB-TS1-INV06,AlarmWorkState1-DispatchRun,1004,Alarm,2026-04-25T10:41:59.6340000Z,2026-04-25T10:42:30.7190000Z,0.0,DispatchRun
SKB-TS2-INV04,AlarmWorkState1-DispatchRun,1004,Alarm,2026-04-25T10:41:59.7140000Z,2026-04-25T10:42:30.7460000Z,0.0,DispatchRun
SKB-TS2-INV06,AlarmWorkState1-DispatchRun,1004,Alarm,2026-04-25T10:52:28.1400000Z,2026-04-25T10:53:00.2970000Z,0.0,DispatchRun
SKB-TS1-INV04,AlarmWorkState1-DispatchRun,1004,Alarm,2026-04-25T10:52:28.1530000Z,2026-04-25T10:53:00.9970000Z,0.0,DispatchRun
SKB-TS2-INV02,AlarmWorkState1-DispatchRun,1004,Alarm,2026-04-25T10:52:28.2050000Z,2026-04-25T10:53:02.2020000Z,0.0,DispatchRun
SKB-TS1-INV07,AlarmWorkState1-DispatchRun,1004,Alarm,2026-04-25T10:52:28.2430000Z,2026-04-25T10:53:03.0390000Z,0.0,DispatchRun
SKB-TS2-INV03,AlarmWorkState1-DispatchRun,1004,Alarm,2026-04-25T10:52:28.3300000Z,2026-04-25T10:53:03.1340000Z,0.0,DispatchRun
SKB-TS1-INV06,AlarmWorkState1-DispatchRun,1004,Alarm,2026-04-25T10:52:28.5890000Z,2026-04-25T10:53:03.4970000Z,0.0,DispatchRun
SKB-TS2-INV04,AlarmWorkState1-DispatchRun,1004,Alarm,2026-04-25T10:52:28.6250000Z,2026-04-25T10:53:03.5150000Z,0.0,DispatchRun
SKB-TS2-INV06,AlarmWorkState1-DispatchRun,1004,Alarm,2026-04-25T10:53:28.1790000Z,2026-04-25T10:53:59.0010000Z,0.0,DispatchRun
SKB-TS1-INV04,AlarmWorkState1-DispatchRun,1004,Alarm,2026-04-25T10:53:28.2290000Z,2026-04-25T10:53:59.0900000Z,0.0,DispatchRun
SKB-TS2-INV02,AlarmWorkState1-DispatchRun,1004,Alarm,2026-04-25T10:53:28.2820000Z,2026-04-25T10:53:59.1090000Z,0.0,DispatchRun
SKB-TS1-INV07,AlarmWorkState1-DispatchRun,1004,Alarm,2026-04-25T10:53:28.3370000Z,2026-04-25T10:53:59.1810000Z,0.0,DispatchRun
SKB-TS2-INV03,AlarmWorkState1-DispatchRun,1004,Alarm,2026-04-25T10:53:28.4080000Z,2026-04-25T10:53:59.2440000Z,0.0,DispatchRun
SKB-TS1-INV06,AlarmWorkState1-DispatchRun,1004,Alarm,2026-04-25T10:53:28.6180000Z,2026-04-25T10:53:59.5460000Z,0.0,DispatchRun
SKB-TS2-INV04,AlarmWorkState1-DispatchRun,1004,Alarm,2026-04-25T10:53:28.7050000Z,2026-04-25T10:53:59.5670000Z,0.0,DispatchRun
SKB-TS1-INV04,AlarmWorkState1-DispatchRun,1004,Alarm,2026-04-25T10:55:32.9000000Z,2026-04-25T11:08:28.2820000Z,0.0,DispatchRun
SKB-TS2-INV06,AlarmWorkState1-DispatchRun,1004,Alarm,2026-04-25T10:55:32.9000000Z,2026-04-25T11:08:28.2610000Z,0.0,DispatchRun
SKB-TS1-INV07,AlarmWorkState1-DispatchRun,1004,Alarm,2026-04-25T10:55:33.0210000Z,2026-04-25T11:08:28.4990000Z,0.0,DispatchRun
SKB-TS2-INV02,AlarmWorkState1-DispatchRun,1004,Alarm,2026-04-25T10:55:33.0220000Z,2026-04-25T11:08:28.4180000Z,0.0,DispatchRun
SKB-TS2-INV03,AlarmWorkState1-DispatchRun,1004,Alarm,2026-04-25T10:55:33.1060000Z,2026-04-25T11:08:28.5180000Z,0.0,DispatchRun
SKB-TS1-INV06,AlarmWorkState1-DispatchRun,1004,Alarm,2026-04-25T10:55:33.1810000Z,2026-04-25T11:08:28.7730000Z,0.0,DispatchRun
SKB-TS2-INV04,AlarmWorkState1-DispatchRun,1004,Alarm,2026-04-25T10:55:33.3020000Z,2026-04-25T11:08:28.7880000Z,0.0,DispatchRun
SKB-TS1-INV05,AlarmWorkState1-AlarmRun,1001,Alarm,2026-04-25T11:06:01.8690000Z,2026-04-25T11:10:31.1770000Z,0.0,AlarmRun
SKB-TS2-INV06,AlarmWorkState1-DispatchRun,1004,Alarm,2026-04-25T11:08:59.6810000Z,2026-04-25T11:10:01.4130000Z,0.0,DispatchRun
SKB-TS1-INV04,AlarmWorkState1-DispatchRun,1004,Alarm,2026-04-25T11:08:59.7540000Z,2026-04-25T11:10:01.3700000Z,0.0,DispatchRun
SKB-TS2-INV02,AlarmWorkState1-DispatchRun,1004,Alarm,2026-04-25T11:08:59.7870000Z,2026-04-25T11:10:01.6380000Z,0.0,DispatchRun
SKB-TS1-INV07,AlarmWorkState1-DispatchRun,1004,Alarm,2026-04-25T11:08:59.8500000Z,2026-04-25T11:10:01.5300000Z,0.0,DispatchRun
SKB-TS2-INV03,AlarmWorkState1-DispatchRun,1004,Alarm,2026-04-25T11:08:59.9100000Z,2026-04-25T11:10:01.8220000Z,0.0,DispatchRun
SKB-TS1-INV06,AlarmWorkState1-DispatchRun,1004,Alarm,2026-04-25T11:09:00.6900000Z,2026-04-25T11:10:01.9800000Z,0.0,DispatchRun
SKB-TS2-INV04,AlarmWorkState1-DispatchRun,1004,Alarm,2026-04-25T11:09:00.7750000Z,2026-04-25T11:10:02.1470000Z,0.0,DispatchRun
SKB-TS1-INV04,AlarmWorkState1-DispatchRun,1004,Alarm,2026-04-25T11:10:58.2270000Z,2026-04-25T11:11:30.7780000Z,0.0,DispatchRun
SKB-TS2-INV06,AlarmWorkState1-DispatchRun,1004,Alarm,2026-04-25T11:10:58.2600000Z,2026-04-25T11:11:30.6990000Z,0.0,DispatchRun
SKB-TS1-INV07,AlarmWorkState1-DispatchRun,1004,Alarm,2026-04-25T11:10:58.3140000Z,2026-04-25T11:11:30.9320000Z,0.0,DispatchRun
SKB-TS2-INV02,AlarmWorkState1-DispatchRun,1004,Alarm,2026-04-25T11:10:58.3780000Z,2026-04-25T11:11:30.7800000Z,0.0,DispatchRun
SKB-TS2-INV03,AlarmWorkState1-DispatchRun,1004,Alarm,2026-04-25T11:10:58.5260000Z,2026-04-25T11:11:30.9340000Z,0.0,DispatchRun
SKB-TS1-INV06,AlarmWorkState1-DispatchRun,1004,Alarm,2026-04-25T11:10:58.7470000Z,2026-04-25T11:11:31.1780000Z,0.0,DispatchRun
SKB-TS2-INV04,AlarmWorkState1-DispatchRun,1004,Alarm,2026-04-25T11:10:58.8750000Z,2026-04-25T11:11:31.2190000Z,0.0,DispatchRun
SKB-TS2-INV06,AlarmWorkState1-DispatchRun,1004,Alarm,2026-04-25T11:19:58.2550000Z,2026-04-25T11:21:32.6310000Z,0.0,DispatchRun
SKB-TS1-INV04,AlarmWorkState1-DispatchRun,1004,Alarm,2026-04-25T11:19:58.2880000Z,2026-04-25T11:21:32.6290000Z,0.0,DispatchRun
SKB-TS1-INV07,AlarmWorkState1-DispatchRun,1004,Alarm,2026-04-25T11:19:58.3350000Z,2026-04-25T11:21:32.7170000Z,0.0,DispatchRun
SKB-TS2-INV03,AlarmWorkState1-DispatchRun,1004,Alarm,2026-04-25T11:19:58.4390000Z,2026-04-25T11:21:59.9820000Z,0.0,DispatchRun
SKB-TS1-INV06,AlarmWorkState1-DispatchRun,1004,Alarm,2026-04-25T11:19:58.5790000Z,2026-04-25T11:21:32.9560000Z,0.0,DispatchRun
SKB-TS2-INV04,AlarmWorkState1-DispatchRun,1004,Alarm,2026-04-25T11:19:58.6830000Z,2026-04-25T11:21:33.0630000Z,0.0,DispatchRun
SKB-TS2-INV02,AlarmWorkState1-DispatchRun,1004,Alarm,2026-04-25T11:20:31.2660000Z,2026-04-25T11:21:32.7180000Z,0.0,DispatchRun
SKB-TS1-INV07,AlarmWorkState1-DispatchRun,1004,Alarm,2026-04-25T11:22:28.1330000Z,2026-04-25T11:23:28.3150000Z,0.0,DispatchRun
SKB-TS2-INV06,AlarmWorkState1-DispatchRun,1004,Alarm,2026-04-25T11:22:32.7650000Z,2026-04-25T11:23:28.6890000Z,0.0,DispatchRun
SKB-TS2-INV02,AlarmWorkState1-DispatchRun,1004,Alarm,2026-04-25T11:22:32.8740000Z,2026-04-25T11:23:28.7870000Z,0.0,DispatchRun
SKB-TS2-INV03,AlarmWorkState1-DispatchRun,1004,Alarm,2026-04-25T11:22:32.9340000Z,2026-04-25T11:23:28.8840000Z,0.0,DispatchRun
SKB-TS2-INV04,AlarmWorkState1-DispatchRun,1004,Alarm,2026-04-25T11:22:33.0710000Z,2026-04-25T11:23:29.1430000Z,0.0,DispatchRun
SKB-TS1-INV04,AlarmWorkState1-DispatchRun,1004,Alarm,2026-04-25T11:22:58.0240000Z,2026-04-25T11:23:28.2110000Z,0.0,DispatchRun
SKB-TS1-INV06,AlarmWorkState1-DispatchRun,1004,Alarm,2026-04-25T11:22:58.3380000Z,2026-04-25T11:23:28.6840000Z,0.0,DispatchRun
SKB-TS1-INV04,AlarmWorkState1-DispatchRun,1004,Alarm,2026-04-25T11:25:29.2840000Z,2026-04-25T11:27:31.4850000Z,0.0,DispatchRun
SKB-TS2-INV06,AlarmWorkState1-DispatchRun,1004,Alarm,2026-04-25T11:25:29.2920000Z,2026-04-25T11:27:31.5030000Z,0.0,DispatchRun
SKB-TS1-INV07,AlarmWorkState1-DispatchRun,1004,Alarm,2026-04-25T11:25:29.4110000Z,2026-04-25T11:27:31.5330000Z,0.0,DispatchRun
SKB-TS2-INV02,AlarmWorkState1-DispatchRun,1004,Alarm,2026-04-25T11:25:29.4330000Z,2026-04-25T11:27:31.5620000Z,0.0,DispatchRun
SKB-TS2-INV03,AlarmWorkState1-DispatchRun,1004,Alarm,2026-04-25T11:25:29.4940000Z,2026-04-25T11:27:31.6170000Z,0.0,DispatchRun
SKB-TS1-INV06,AlarmWorkState1-DispatchRun,1004,Alarm,2026-04-25T11:25:29.6360000Z,2026-04-25T11:27:31.7830000Z,0.0,DispatchRun
SKB-TS2-INV04,AlarmWorkState1-DispatchRun,1004,Alarm,2026-04-25T11:25:29.7830000Z,2026-04-25T11:27:31.9430000Z,0.0,DispatchRun
SKB-TS2-INV06,AlarmWorkState1-DispatchRun,1004,Alarm,2026-04-25T11:29:00.8060000Z,2026-04-25T11:29:28.3320000Z,0.0,DispatchRun
SKB-TS1-INV04,AlarmWorkState1-DispatchRun,1004,Alarm,2026-04-25T11:29:00.8850000Z,2026-04-25T11:29:28.3200000Z,0.0,DispatchRun
SKB-TS2-INV02,AlarmWorkState1-DispatchRun,1004,Alarm,2026-04-25T11:29:01.0400000Z,2026-04-25T11:29:28.4020000Z,0.0,DispatchRun
SKB-TS1-INV07,AlarmWorkState1-DispatchRun,1004,Alarm,2026-04-25T11:29:01.0570000Z,2026-04-25T11:29:28.3750000Z,0.0,DispatchRun
SKB-TS2-INV03,AlarmWorkState1-DispatchRun,1004,Alarm,2026-04-25T11:29:01.1470000Z,2026-04-25T11:29:28.5340000Z,0.0,DispatchRun
SKB-TS1-INV06,AlarmWorkState1-DispatchRun,1004,Alarm,2026-04-25T11:29:01.5530000Z,2026-04-25T11:29:28.6840000Z,0.0,DispatchRun
SKB-TS2-INV04,AlarmWorkState1-DispatchRun,1004,Alarm,2026-04-25T11:29:01.7040000Z,2026-04-25T11:29:28.7960000Z,0.0,DispatchRun
SKB-TS1-INV04,AlarmWorkState1-DispatchRun,1004,Alarm,2026-04-25T11:30:58.0790000Z,2026-04-25T11:31:59.0500000Z,0.0,DispatchRun
SKB-TS1-INV07,AlarmWorkState1-DispatchRun,1004,Alarm,2026-04-25T11:30:58.1670000Z,2026-04-25T11:31:59.1400000Z,0.0,DispatchRun
SKB-TS2-INV06,AlarmWorkState1-DispatchRun,1004,Alarm,2026-04-25T11:30:58.3220000Z,2026-04-25T11:31:59.0550000Z,0.0,DispatchRun
SKB-TS2-INV02,AlarmWorkState1-DispatchRun,1004,Alarm,2026-04-25T11:30:58.4630000Z,2026-04-25T11:31:59.1600000Z,0.0,DispatchRun
SKB-TS1-INV06,AlarmWorkState1-DispatchRun,1004,Alarm,2026-04-25T11:30:58.4910000Z,2026-04-25T11:31:59.4810000Z,0.0,DispatchRun
SKB-TS2-INV03,AlarmWorkState1-DispatchRun,1004,Alarm,2026-04-25T11:30:58.5080000Z,2026-04-25T11:31:59.2700000Z,0.0,DispatchRun
SKB-TS2-INV04,AlarmWorkState1-DispatchRun,1004,Alarm,2026-04-25T11:30:58.6940000Z,2026-04-25T11:31:59.5290000Z,0.0,DispatchRun
SKB-TS2-INV06,AlarmWorkState1-DispatchRun,1004,Alarm,2026-04-25T11:48:58.1890000Z,2026-04-25T11:54:00.5700000Z,0.0,DispatchRun
SKB-TS1-INV04,AlarmWorkState1-DispatchRun,1004,Alarm,2026-04-25T11:48:58.2890000Z,2026-04-25T11:54:00.3130000Z,0.0,DispatchRun
SKB-TS2-INV02,AlarmWorkState1-DispatchRun,1004,Alarm,2026-04-25T11:48:58.3000000Z,2026-04-25T11:54:00.7730000Z,0.0,DispatchRun
SKB-TS1-INV07,AlarmWorkState1-DispatchRun,1004,Alarm,2026-04-25T11:48:58.3920000Z,2026-04-25T11:54:00.5620000Z,0.0,DispatchRun
SKB-TS2-INV03,AlarmWorkState1-DispatchRun,1004,Alarm,2026-04-25T11:48:58.3950000Z,2026-04-25T11:54:00.9890000Z,0.0,DispatchRun
SKB-TS1-INV06,AlarmWorkState1-DispatchRun,1004,Alarm,2026-04-25T11:48:58.7720000Z,2026-04-25T11:54:01.0800000Z,0.0,DispatchRun
SKB-TS2-INV04,AlarmWorkState1-DispatchRun,1004,Alarm,2026-04-25T11:48:58.7740000Z,2026-04-25T11:54:01.3910000Z,0.0,DispatchRun
SKB-TS2-INV06,AlarmWorkState1-DispatchRun,1004,Alarm,2026-04-25T11:56:28.2070000Z,2026-04-25T11:57:01.8880000Z,0.0,DispatchRun
SKB-TS1-INV04,AlarmWorkState1-DispatchRun,1004,Alarm,2026-04-25T12:01:30.7730000Z,2026-04-25T12:01:58.3170000Z,0.0,DispatchRun
SKB-TS2-INV06,AlarmWorkState1-DispatchRun,1004,Alarm,2026-04-25T12:01:30.7860000Z,2026-04-25T12:01:58.2350000Z,0.0,DispatchRun
SKB-TS1-INV07,AlarmWorkState1-DispatchRun,1004,Alarm,2026-04-25T12:01:30.8860000Z,2026-04-25T12:01:58.4070000Z,0.0,DispatchRun
SKB-TS2-INV03,AlarmWorkState1-DispatchRun,1004,Alarm,2026-04-25T12:01:30.9690000Z,2026-04-25T12:01:58.4770000Z,0.0,DispatchRun
SKB-TS1-INV06,AlarmWorkState1-DispatchRun,1004,Alarm,2026-04-25T12:01:31.1730000Z,2026-04-25T12:01:58.7640000Z,0.0,DispatchRun
SKB-TS2-INV04,AlarmWorkState1-DispatchRun,1004,Alarm,2026-04-25T12:01:31.3070000Z,2026-04-25T12:01:58.7890000Z,0.0,DispatchRun
SKB-TS1-INV04,AlarmWorkState1-DispatchRun,1004,Alarm,2026-04-25T12:07:58.4610000Z,2026-04-25T12:08:30.2310000Z,0.0,DispatchRun
SKB-TS2-INV06,AlarmWorkState1-DispatchRun,1004,Alarm,2026-04-25T12:07:58.4690000Z,2026-04-25T12:08:30.2540000Z,0.0,DispatchRun
SKB-TS1-INV07,AlarmWorkState1-DispatchRun,1004,Alarm,2026-04-25T12:07:58.5110000Z,2026-04-25T12:08:30.3750000Z,0.0,DispatchRun
SKB-TS2-INV02,AlarmWorkState1-DispatchRun,1004,Alarm,2026-04-25T12:07:58.5120000Z,2026-04-25T12:08:30.4050000Z,0.0,DispatchRun
SKB-TS2-INV03,AlarmWorkState1-DispatchRun,1004,Alarm,2026-04-25T12:07:58.6330000Z,2026-04-25T12:08:30.5420000Z,0.0,DispatchRun
SKB-TS1-INV06,AlarmWorkState1-DispatchRun,1004,Alarm,2026-04-25T12:07:58.7850000Z,2026-04-25T12:08:30.7120000Z,0.0,DispatchRun
SKB-TS2-INV04,AlarmWorkState1-DispatchRun,1004,Alarm,2026-04-25T12:07:58.9240000Z,2026-04-25T12:08:30.8740000Z,0.0,DispatchRun
SKB-TS2-INV06,AlarmWorkState1-DispatchRun,1004,Alarm,2026-04-25T12:08:59.0390000Z,2026-04-25T12:09:31.1010000Z,0.0,DispatchRun
SKB-TS1-INV04,AlarmWorkState1-DispatchRun,1004,Alarm,2026-04-25T12:08:59.0400000Z,2026-04-25T12:09:31.0290000Z,0.0,DispatchRun
SKB-TS2-INV02,AlarmWorkState1-DispatchRun,1004,Alarm,2026-04-25T12:08:59.1370000Z,2026-04-25T12:13:01.3570000Z,0.0,DispatchRun
SKB-TS1-INV07,AlarmWorkState1-DispatchRun,1004,Alarm,2026-04-25T12:08:59.1490000Z,2026-04-25T12:09:31.0960000Z,0.0,DispatchRun
SKB-TS2-INV03,AlarmWorkState1-DispatchRun,1004,Alarm,2026-04-25T12:08:59.2490000Z,2026-04-25T12:13:01.5550000Z,0.0,DispatchRun
SKB-TS1-INV06,AlarmWorkState1-DispatchRun,1004,Alarm,2026-04-25T12:08:59.4960000Z,2026-04-25T12:09:31.3230000Z,0.0,DispatchRun
SKB-TS2-INV04,AlarmWorkState1-DispatchRun,1004,Alarm,2026-04-25T12:08:59.5470000Z,2026-04-25T12:09:31.4700000Z,0.0,DispatchRun
SKB-TS2-INV06,AlarmWorkState1-DispatchRun,1004,Alarm,2026-04-25T12:09:59.5450000Z,2026-04-25T12:13:01.1820000Z,0.0,DispatchRun
SKB-TS1-INV04,AlarmWorkState1-DispatchRun,1004,Alarm,2026-04-25T12:09:59.6120000Z,2026-04-25T12:13:01.2670000Z,0.0,DispatchRun
SKB-TS1-INV07,AlarmWorkState1-DispatchRun,1004,Alarm,2026-04-25T12:09:59.6990000Z,2026-04-25T12:13:30.1400000Z,0.0,DispatchRun
SKB-TS1-INV06,AlarmWorkState1-DispatchRun,1004,Alarm,2026-04-25T12:10:00.8560000Z,2026-04-25T12:13:02.0180000Z,0.0,DispatchRun
SKB-TS2-INV04,AlarmWorkState1-DispatchRun,1004,Alarm,2026-04-25T12:10:00.8760000Z,2026-04-25T12:13:02.0660000Z,0.0,DispatchRun
SKB-TS2-INV06,AlarmWorkState1-DispatchRun,1004,Alarm,2026-04-25T12:14:30.6700000Z,2026-04-25T12:14:59.9290000Z,0.0,DispatchRun
SKB-TS1-INV04,AlarmWorkState1-DispatchRun,1004,Alarm,2026-04-25T12:14:30.7170000Z,2026-04-25T12:15:00.9710000Z,0.0,DispatchRun
SKB-TS2-INV02,AlarmWorkState1-DispatchRun,1004,Alarm,2026-04-25T12:14:30.7770000Z,2026-04-25T12:15:01.0490000Z,0.0,DispatchRun
SKB-TS1-INV07,AlarmWorkState1-DispatchRun,1004,Alarm,2026-04-25T12:14:30.8150000Z,2026-04-25T12:15:01.1660000Z,0.0,DispatchRun
SKB-TS2-INV03,AlarmWorkState1-DispatchRun,1004,Alarm,2026-04-25T12:14:30.9090000Z,2026-04-25T12:15:01.2280000Z,0.0,DispatchRun
SKB-TS1-INV06,AlarmWorkState1-DispatchRun,1004,Alarm,2026-04-25T12:14:31.0410000Z,2026-04-25T12:15:01.4800000Z,0.0,DispatchRun
SKB-TS2-INV04,AlarmWorkState1-DispatchRun,1004,Alarm,2026-04-25T12:14:31.1520000Z,2026-04-25T12:15:01.4670000Z,0.0,DispatchRun
SKB-TS2-INV02,AlarmWorkState1-DispatchRun,1004,Alarm,2026-04-25T12:36:01.2730000Z,2026-04-25T12:41:30.0980000Z,0.0,DispatchRun
SKB-TS2-INV06,AlarmWorkState1-DispatchRun,1004,Alarm,2026-04-25T12:36:29.8920000Z,2026-04-25T12:41:29.9790000Z,0.0,DispatchRun
SKB-TS1-INV04,AlarmWorkState1-DispatchRun,1004,Alarm,2026-04-25T12:36:29.9700000Z,2026-04-25T12:41:30.0660000Z,0.0,DispatchRun
SKB-TS1-INV07,AlarmWorkState1-DispatchRun,1004,Alarm,2026-04-25T12:36:30.1080000Z,2026-04-25T12:41:30.1440000Z,0.0,DispatchRun
SKB-TS2-INV03,AlarmWorkState1-DispatchRun,1004,Alarm,2026-04-25T12:36:30.1340000Z,2026-04-25T12:41:30.1870000Z,0.0,DispatchRun
SKB-TS1-INV06,AlarmWorkState1-DispatchRun,1004,Alarm,2026-04-25T12:36:30.3830000Z,2026-04-25T12:41:30.4350000Z,0.0,DispatchRun
SKB-TS2-INV04,AlarmWorkState1-DispatchRun,1004,Alarm,2026-04-25T12:36:30.4380000Z,2026-04-25T12:41:30.5200000Z,0.0,DispatchRun
SKB-TS2-INV06,AlarmWorkState1-DispatchRun,1004,Alarm,2026-04-25T12:41:59.3170000Z,2026-04-25T12:42:31.3280000Z,0.0,DispatchRun
SKB-TS1-INV04,AlarmWorkState1-DispatchRun,1004,Alarm,2026-04-25T12:41:59.3420000Z,2026-04-25T12:42:31.4270000Z,0.0,DispatchRun
SKB-TS2-INV02,AlarmWorkState1-DispatchRun,1004,Alarm,2026-04-25T12:41:59.4750000Z,2026-04-25T12:42:31.4500000Z,0.0,DispatchRun
SKB-TS1-INV07,AlarmWorkState1-DispatchRun,1004,Alarm,2026-04-25T12:41:59.4790000Z,2026-04-25T12:42:31.5460000Z,0.0,DispatchRun
SKB-TS2-INV03,AlarmWorkState1-DispatchRun,1004,Alarm,2026-04-25T12:41:59.5640000Z,2026-04-25T12:42:31.5630000Z,0.0,DispatchRun
SKB-TS1-INV06,AlarmWorkState1-DispatchRun,1004,Alarm,2026-04-25T12:41:59.7640000Z,2026-04-25T12:42:31.8930000Z,0.0,DispatchRun
SKB-TS2-INV04,AlarmWorkState1-DispatchRun,1004,Alarm,2026-04-25T12:41:59.9250000Z,2026-04-25T12:42:31.9260000Z,0.0,DispatchRun
SKB-TS2-INV01,AlarmWorkState1-DispatchRun,1004,Alarm,2026-04-25T12:56:29.8640000Z,2026-04-25T12:56:58.7920000Z,0.0,DispatchRun
SKB-TS2-INV06,AlarmWorkState1-DispatchRun,1004,Alarm,2026-04-25T12:56:30.1430000Z,2026-04-25T13:05:30.2290000Z,0.0,DispatchRun
SKB-TS1-INV04,AlarmWorkState1-DispatchRun,1004,Alarm,2026-04-25T12:56:30.2000000Z,2026-04-25T13:05:30.1580000Z,0.0,DispatchRun
SKB-TS2-INV02,AlarmWorkState1-DispatchRun,1004,Alarm,2026-04-25T12:56:30.2550000Z,2026-04-25T13:05:30.3400000Z,0.0,DispatchRun
SKB-TS1-INV07,AlarmWorkState1-DispatchRun,1004,Alarm,2026-04-25T12:56:30.2970000Z,2026-04-25T13:05:30.2340000Z,0.0,DispatchRun
SKB-TS2-INV03,AlarmWorkState1-DispatchRun,1004,Alarm,2026-04-25T12:56:30.3360000Z,2026-04-25T13:06:28.4680000Z,0.0,DispatchRun
SKB-TS2-INV08,AlarmWorkState1-DispatchRun,1004,Alarm,2026-04-25T12:56:30.5240000Z,2026-04-25T12:57:00.8050000Z,0.0,DispatchRun
SKB-TS1-INV06,AlarmWorkState1-DispatchRun,1004,Alarm,2026-04-25T12:56:30.5450000Z,2026-04-25T13:05:30.4640000Z,0.0,DispatchRun
SKB-TS2-INV04,AlarmWorkState1-DispatchRun,1004,Alarm,2026-04-25T12:56:30.5690000Z,2026-04-25T13:04:30.5250000Z,0.0,DispatchRun
SKB-TS2-INV04,AlarmWorkState1-DispatchRun,1004,Alarm,2026-04-25T13:04:59.6230000Z,2026-04-25T13:06:28.8390000Z,0.0,DispatchRun
SKB-TS1-INV04,AlarmWorkState1-DispatchRun,1004,Alarm,2026-04-25T13:05:58.8460000Z,2026-04-25T13:06:28.2210000Z,0.0,DispatchRun
SKB-TS2-INV06,AlarmWorkState1-DispatchRun,1004,Alarm,2026-04-25T13:05:58.9320000Z,2026-04-25T13:06:28.2100000Z,0.0,DispatchRun
SKB-TS1-INV07,AlarmWorkState1-DispatchRun,1004,Alarm,2026-04-25T13:05:58.9720000Z,2026-04-25T13:06:28.3520000Z,0.0,DispatchRun
SKB-TS2-INV02,AlarmWorkState1-DispatchRun,1004,Alarm,2026-04-25T13:05:59.0470000Z,2026-04-25T13:06:28.3140000Z,0.0,DispatchRun
SKB-TS1-INV06,AlarmWorkState1-DispatchRun,1004,Alarm,2026-04-25T13:05:59.1950000Z,2026-04-25T13:06:28.7310000Z,0.0,DispatchRun
SKB-TS1-INV04,AlarmWorkState1-DispatchRun,1004,Alarm,2026-04-25T13:10:28.1020000Z,2026-04-25T13:10:58.1710000Z,0.0,DispatchRun
SKB-TS1-INV07,AlarmWorkState1-DispatchRun,1004,Alarm,2026-04-25T13:10:29.6750000Z,2026-04-25T13:10:58.2720000Z,0.0,DispatchRun
SKB-TS2-INV06,AlarmWorkState1-DispatchRun,1004,Alarm,2026-04-25T13:10:29.8310000Z,2026-04-25T13:10:58.3550000Z,0.0,DispatchRun
SKB-TS2-INV02,AlarmWorkState1-DispatchRun,1004,Alarm,2026-04-25T13:10:29.9460000Z,2026-04-25T13:10:58.4110000Z,0.0,DispatchRun
SKB-TS1-INV06,AlarmWorkState1-DispatchRun,1004,Alarm,2026-04-25T13:10:29.9650000Z,2026-04-25T13:10:58.4470000Z,0.0,DispatchRun
SKB-TS2-INV03,AlarmWorkState1-DispatchRun,1004,Alarm,2026-04-25T13:10:30.0080000Z,2026-04-25T13:10:58.4570000Z,0.0,DispatchRun
SKB-TS2-INV04,AlarmWorkState1-DispatchRun,1004,Alarm,2026-04-25T13:10:30.2170000Z,2026-04-25T13:10:58.5990000Z,0.0,DispatchRun
SKB-TS1-INV04,AlarmWorkState1-DispatchRun,1004,Alarm,2026-04-25T13:17:58.9920000Z,2026-04-25T13:27:30.2460000Z,0.0,DispatchRun
SKB-TS2-INV06,AlarmWorkState1-DispatchRun,1004,Alarm,2026-04-25T13:17:59.0050000Z,2026-04-25T13:27:30.1710000Z,0.0,DispatchRun
SKB-TS1-INV07,AlarmWorkState1-DispatchRun,1004,Alarm,2026-04-25T13:17:59.0560000Z,2026-04-25T13:27:30.3600000Z,0.0,DispatchRun
SKB-TS2-INV02,AlarmWorkState1-DispatchRun,1004,Alarm,2026-04-25T13:17:59.1120000Z,2026-04-25T13:27:30.3410000Z,0.0,DispatchRun
SKB-TS2-INV03,AlarmWorkState1-DispatchRun,1004,Alarm,2026-04-25T13:17:59.2090000Z,2026-04-25T13:27:30.4740000Z,0.0,DispatchRun
SKB-TS1-INV06,AlarmWorkState1-DispatchRun,1004,Alarm,2026-04-25T13:17:59.3430000Z,2026-04-25T13:27:30.7010000Z,0.0,DispatchRun
SKB-TS2-INV04,AlarmWorkState1-DispatchRun,1004,Alarm,2026-04-25T13:17:59.4710000Z,2026-04-25T13:27:30.8390000Z,0.0,DispatchRun
SKB-TS2-INV06,AlarmWorkState1-DispatchRun,1004,Alarm,2026-04-25T13:39:00.7570000Z,2026-04-25T13:42:28.2480000Z,0.0,DispatchRun
SKB-TS1-INV04,AlarmWorkState1-DispatchRun,1004,Alarm,2026-04-25T13:39:00.7600000Z,2026-04-25T13:42:28.3000000Z,0.0,DispatchRun
SKB-TS2-INV02,AlarmWorkState1-DispatchRun,1004,Alarm,2026-04-25T13:39:00.8410000Z,2026-04-25T13:42:28.3650000Z,0.0,DispatchRun
SKB-TS1-INV07,AlarmWorkState1-DispatchRun,1004,Alarm,2026-04-25T13:39:00.9110000Z,2026-04-25T13:42:28.4150000Z,0.0,DispatchRun
SKB-TS2-INV03,AlarmWorkState1-DispatchRun,1004,Alarm,2026-04-25T13:39:01.0520000Z,2026-04-25T13:42:28.4820000Z,0.0,DispatchRun
SKB-TS1-INV06,AlarmWorkState1-DispatchRun,1004,Alarm,2026-04-25T13:39:01.3840000Z,2026-04-25T13:42:28.7470000Z,0.0,DispatchRun
SKB-TS2-INV04,AlarmWorkState1-DispatchRun,1004,Alarm,2026-04-25T13:39:01.5840000Z,2026-04-25T13:42:28.8480000Z,0.0,DispatchRun
SKB-TS1-INV04,AlarmWorkState1-DispatchRun,1004,Alarm,2026-04-25T13:45:59.2770000Z,2026-04-25T13:47:28.8050000Z,0.0,DispatchRun
SKB-TS1-INV07,AlarmWorkState1-DispatchRun,1004,Alarm,2026-04-25T13:45:59.3740000Z,2026-04-25T13:47:28.8650000Z,0.0,DispatchRun
SKB-TS2-INV03,AlarmWorkState1-DispatchRun,1004,Alarm,2026-04-25T13:45:59.3970000Z,2026-04-25T13:47:28.9910000Z,0.0,DispatchRun
SKB-TS1-INV06,AlarmWorkState1-DispatchRun,1004,Alarm,2026-04-25T13:45:59.6320000Z,2026-04-25T13:47:29.1270000Z,0.0,DispatchRun
SKB-TS2-INV04,AlarmWorkState1-DispatchRun,1004,Alarm,2026-04-25T13:45:59.6530000Z,2026-04-25T13:47:29.2410000Z,0.0,DispatchRun
SKB-TS2-INV06,AlarmWorkState1-DispatchRun,1004,Alarm,2026-04-25T13:46:30.1970000Z,2026-04-25T13:47:28.8140000Z,0.0,DispatchRun
SKB-TS2-INV02,AlarmWorkState1-DispatchRun,1004,Alarm,2026-04-25T13:46:30.3390000Z,2026-04-25T13:47:28.9120000Z,0.0,DispatchRun
SKB-TS1-INV05,AlarmWorkState1-AlarmRun,1001,Alarm,2026-04-25T14:19:02.7520000Z,2026-04-25T14:30:32.0500000Z,0.0,AlarmRun
SKB-TS1-INV05,AlarmWorkState1-AlarmRun,1001,Alarm,2026-04-25T14:42:28.8760000Z,2026-04-25T15:05:28.7390000Z,0.0,AlarmRun
SKB-TS1-INV05,AlarmWorkState1-AlarmRun,1001,Alarm,2026-04-26T06:11:33.9140000Z,2026-04-26T06:51:59.8070000Z,0.0,AlarmRun
SKB-TS1-INV05,AlarmWorkState1-AlarmRun,1001,Alarm,2026-04-26T07:02:33.6830000Z,2026-04-26T08:31:02.9390000Z,0.0,AlarmRun
SKB-TS2-INV06,AlarmWorkState1-DispatchRun,1004,Alarm,2026-04-26T08:12:03.3560000Z,2026-04-26T08:13:02.1860000Z,0.0,DispatchRun
SKB-TS1-INV07,AlarmWorkState1-DispatchRun,1004,Alarm,2026-04-26T08:14:31.2150000Z,2026-04-26T08:27:28.3900000Z,0.0,DispatchRun
SKB-TS2-INV03,AlarmWorkState1-DispatchRun,1004,Alarm,2026-04-26T08:14:31.3440000Z,2026-04-26T08:27:29.8760000Z,0.0,DispatchRun
SKB-TS1-INV06,AlarmWorkState1-DispatchRun,1004,Alarm,2026-04-26T08:14:31.5470000Z,2026-04-26T08:27:28.5150000Z,0.0,DispatchRun
SKB-TS2-INV04,AlarmWorkState1-DispatchRun,1004,Alarm,2026-04-26T08:14:31.6870000Z,2026-04-26T08:27:30.0990000Z,0.0,DispatchRun
SKB-TS1-INV04,AlarmWorkState1-DispatchRun,1004,Alarm,2026-04-26T08:15:01.6040000Z,2026-04-26T08:27:28.3680000Z,0.0,DispatchRun
SKB-TS2-INV06,AlarmWorkState1-DispatchRun,1004,Alarm,2026-04-26T08:15:01.8070000Z,2026-04-26T08:27:29.7420000Z,0.0,DispatchRun
SKB-TS2-INV02,AlarmWorkState1-DispatchRun,1004,Alarm,2026-04-26T08:15:01.8900000Z,2026-04-26T08:27:29.8400000Z,0.0,DispatchRun
SKB-TS2-INV06,AlarmWorkState1-DispatchRun,1004,Alarm,2026-04-26T08:27:59.5520000Z,2026-04-26T08:29:28.6020000Z,0.0,DispatchRun
SKB-TS1-INV04,AlarmWorkState1-DispatchRun,1004,Alarm,2026-04-26T08:27:59.5570000Z,2026-04-26T08:29:28.6010000Z,0.0,DispatchRun
SKB-TS2-INV02,AlarmWorkState1-DispatchRun,1004,Alarm,2026-04-26T08:27:59.5930000Z,2026-04-26T08:29:28.7090000Z,0.0,DispatchRun
SKB-TS1-INV07,AlarmWorkState1-DispatchRun,1004,Alarm,2026-04-26T08:27:59.5980000Z,2026-04-26T08:29:28.6950000Z,0.0,DispatchRun
SKB-TS2-INV03,AlarmWorkState1-DispatchRun,1004,Alarm,2026-04-26T08:27:59.6440000Z,2026-04-26T08:29:28.8100000Z,0.0,DispatchRun
SKB-TS1-INV06,AlarmWorkState1-DispatchRun,1004,Alarm,2026-04-26T08:27:59.8620000Z,2026-04-26T08:29:29.0590000Z,0.0,DispatchRun
SKB-TS2-INV04,AlarmWorkState1-DispatchRun,1004,Alarm,2026-04-26T08:27:59.9740000Z,2026-04-26T08:29:29.1330000Z,0.0,DispatchRun
SKB-TS2-INV06,AlarmWorkState1-DispatchRun,1004,Alarm,2026-04-26T08:31:59.1060000Z,2026-04-26T08:40:58.5170000Z,0.0,DispatchRun
SKB-TS1-INV04,AlarmWorkState1-DispatchRun,1004,Alarm,2026-04-26T08:31:59.1730000Z,2026-04-26T08:40:58.4660000Z,0.0,DispatchRun
SKB-TS2-INV02,AlarmWorkState1-DispatchRun,1004,Alarm,2026-04-26T08:31:59.2000000Z,2026-04-26T08:40:58.5910000Z,0.0,DispatchRun
SKB-TS1-INV07,AlarmWorkState1-DispatchRun,1004,Alarm,2026-04-26T08:31:59.2790000Z,2026-04-26T08:40:58.5660000Z,0.0,DispatchRun
SKB-TS2-INV03,AlarmWorkState1-DispatchRun,1004,Alarm,2026-04-26T08:31:59.3340000Z,2026-04-26T08:40:58.6780000Z,0.0,DispatchRun
SKB-TS1-INV06,AlarmWorkState1-DispatchRun,1004,Alarm,2026-04-26T08:31:59.6460000Z,2026-04-26T08:40:58.7760000Z,0.0,DispatchRun
SKB-TS2-INV04,AlarmWorkState1-DispatchRun,1004,Alarm,2026-04-26T08:31:59.6730000Z,2026-04-26T08:40:58.9380000Z,0.0,DispatchRun
SKB-TS2-INV06,AlarmWorkState1-DispatchRun,1004,Alarm,2026-04-26T08:44:58.6140000Z,2026-04-26T08:58:32.5540000Z,0.0,DispatchRun
SKB-TS1-INV04,AlarmWorkState1-DispatchRun,1004,Alarm,2026-04-26T08:44:58.6340000Z,2026-04-26T08:58:32.5990000Z,0.0,DispatchRun
SKB-TS2-INV02,AlarmWorkState1-DispatchRun,1004,Alarm,2026-04-26T08:44:58.7030000Z,2026-04-26T08:58:32.6550000Z,0.0,DispatchRun
SKB-TS1-INV07,AlarmWorkState1-DispatchRun,1004,Alarm,2026-04-26T08:44:58.7480000Z,2026-04-26T08:58:32.7120000Z,0.0,DispatchRun
SKB-TS2-INV03,AlarmWorkState1-DispatchRun,1004,Alarm,2026-04-26T08:44:58.8080000Z,2026-04-26T08:58:32.7960000Z,0.0,DispatchRun
SKB-TS1-INV06,AlarmWorkState1-DispatchRun,1004,Alarm,2026-04-26T08:44:59.0580000Z,2026-04-26T08:58:32.9880000Z,0.0,DispatchRun
SKB-TS2-INV04,AlarmWorkState1-DispatchRun,1004,Alarm,2026-04-26T08:44:59.0900000Z,2026-04-26T08:58:33.0800000Z,0.0,DispatchRun
SKB-TS1-INV05,AlarmWorkState1-AlarmRun,1001,Alarm,2026-04-26T08:55:31.4500000Z,2026-04-26T08:59:01.4350000Z,0.0,AlarmRun
SKB-TS2-INV06,AlarmWorkState1-DispatchRun,1004,Alarm,2026-04-26T09:01:01.7350000Z,2026-04-26T09:02:59.3210000Z,0.0,DispatchRun
SKB-TS1-INV04,AlarmWorkState1-DispatchRun,1004,Alarm,2026-04-26T09:01:01.8340000Z,2026-04-26T09:02:59.4380000Z,0.0,DispatchRun
SKB-TS2-INV02,AlarmWorkState1-DispatchRun,1004,Alarm,2026-04-26T09:01:01.9220000Z,2026-04-26T09:02:31.8010000Z,0.0,DispatchRun
SKB-TS1-INV07,AlarmWorkState1-DispatchRun,1004,Alarm,2026-04-26T09:01:01.9680000Z,2026-04-26T09:02:59.5170000Z,0.0,DispatchRun
SKB-TS2-INV03,AlarmWorkState1-DispatchRun,1004,Alarm,2026-04-26T09:01:02.0180000Z,2026-04-26T09:02:59.5280000Z,0.0,DispatchRun
SKB-TS1-INV06,AlarmWorkState1-DispatchRun,1004,Alarm,2026-04-26T09:01:02.3580000Z,2026-04-26T09:02:59.7920000Z,0.0,DispatchRun
SKB-TS2-INV04,AlarmWorkState1-DispatchRun,1004,Alarm,2026-04-26T09:01:02.4130000Z,2026-04-26T09:02:59.8070000Z,0.0,DispatchRun
SKB-TS2-INV06,AlarmWorkState1-DispatchRun,1004,Alarm,2026-04-26T09:07:02.0150000Z,2026-04-26T09:09:29.0750000Z,0.0,DispatchRun
SKB-TS1-INV04,AlarmWorkState1-DispatchRun,1004,Alarm,2026-04-26T09:07:02.0320000Z,2026-04-26T09:09:29.3620000Z,0.0,DispatchRun
SKB-TS2-INV02,AlarmWorkState1-DispatchRun,1004,Alarm,2026-04-26T09:07:02.1260000Z,2026-04-26T09:09:29.1920000Z,0.0,DispatchRun
SKB-TS1-INV07,AlarmWorkState1-DispatchRun,1004,Alarm,2026-04-26T09:07:02.1930000Z,2026-04-26T09:09:29.4990000Z,0.0,DispatchRun
SKB-TS2-INV03,AlarmWorkState1-DispatchRun,1004,Alarm,2026-04-26T09:07:02.2560000Z,2026-04-26T09:09:29.3290000Z,0.0,DispatchRun
SKB-TS1-INV06,AlarmWorkState1-DispatchRun,1004,Alarm,2026-04-26T09:07:02.4870000Z,2026-04-26T09:09:29.8030000Z,0.0,DispatchRun
SKB-TS2-INV04,AlarmWorkState1-DispatchRun,1004,Alarm,2026-04-26T09:07:02.5130000Z,2026-04-26T09:09:29.6770000Z,0.0,DispatchRun
SKB-TS2-INV06,AlarmWorkState1-DispatchRun,1004,Alarm,2026-04-26T09:11:59.6120000Z,2026-04-26T09:12:31.1280000Z,0.0,DispatchRun
SKB-TS1-INV04,AlarmWorkState1-DispatchRun,1004,Alarm,2026-04-26T09:11:59.7310000Z,2026-04-26T09:12:31.0610000Z,0.0,DispatchRun
SKB-TS2-INV02,AlarmWorkState1-DispatchRun,1004,Alarm,2026-04-26T09:11:59.7620000Z,2026-04-26T09:12:31.2880000Z,0.0,DispatchRun
SKB-TS1-INV07,AlarmWorkState1-DispatchRun,1004,Alarm,2026-04-26T09:11:59.7980000Z,2026-04-26T09:12:31.1870000Z,0.0,DispatchRun
SKB-TS2-INV03,AlarmWorkState1-DispatchRun,1004,Alarm,2026-04-26T09:11:59.8140000Z,2026-04-26T09:12:31.3750000Z,0.0,DispatchRun
SKB-TS1-INV06,AlarmWorkState1-DispatchRun,1004,Alarm,2026-04-26T09:12:00.0980000Z,2026-04-26T09:12:31.4220000Z,0.0,DispatchRun
SKB-TS2-INV04,AlarmWorkState1-DispatchRun,1004,Alarm,2026-04-26T09:12:00.1480000Z,2026-04-26T09:12:31.6200000Z,0.0,DispatchRun
SKB-TS2-INV06,AlarmWorkState1-DispatchRun,1004,Alarm,2026-04-26T09:13:28.4960000Z,2026-04-26T09:14:29.2490000Z,0.0,DispatchRun
SKB-TS1-INV04,AlarmWorkState1-DispatchRun,1004,Alarm,2026-04-26T09:13:28.5320000Z,2026-04-26T09:14:29.0560000Z,0.0,DispatchRun
SKB-TS2-INV02,AlarmWorkState1-DispatchRun,1004,Alarm,2026-04-26T09:13:28.6360000Z,2026-04-26T09:14:29.3860000Z,0.0,DispatchRun
SKB-TS1-INV07,AlarmWorkState1-DispatchRun,1004,Alarm,2026-04-26T09:13:28.7100000Z,2026-04-26T09:14:29.1830000Z,0.0,DispatchRun
SKB-TS2-INV03,AlarmWorkState1-DispatchRun,1004,Alarm,2026-04-26T09:13:28.7640000Z,2026-04-26T09:14:29.4820000Z,0.0,DispatchRun
SKB-TS1-INV06,AlarmWorkState1-DispatchRun,1004,Alarm,2026-04-26T09:13:28.9950000Z,2026-04-26T09:14:29.4840000Z,0.0,DispatchRun
SKB-TS2-INV04,AlarmWorkState1-DispatchRun,1004,Alarm,2026-04-26T09:13:29.1060000Z,2026-04-26T09:14:29.7770000Z,0.0,DispatchRun
SKB-TS2-INV06,AlarmWorkState1-DispatchRun,1004,Alarm,2026-04-26T09:15:01.9480000Z,2026-04-26T09:15:29.9840000Z,0.0,DispatchRun
SKB-TS1-INV04,AlarmWorkState1-DispatchRun,1004,Alarm,2026-04-26T09:15:02.0450000Z,2026-04-26T09:15:30.0740000Z,0.0,DispatchRun
SKB-TS2-INV02,AlarmWorkState1-DispatchRun,1004,Alarm,2026-04-26T09:15:02.0460000Z,2026-04-26T09:15:30.1110000Z,0.0,DispatchRun
SKB-TS1-INV07,AlarmWorkState1-DispatchRun,1004,Alarm,2026-04-26T09:15:02.1580000Z,2026-04-26T09:15:30.1480000Z,0.0,DispatchRun
SKB-TS2-INV03,AlarmWorkState1-DispatchRun,1004,Alarm,2026-04-26T09:15:02.1590000Z,2026-04-26T09:15:30.2190000Z,0.0,DispatchRun
SKB-TS1-INV06,AlarmWorkState1-DispatchRun,1004,Alarm,2026-04-26T09:15:02.3700000Z,2026-04-26T09:15:30.4220000Z,0.0,DispatchRun
SKB-TS2-INV04,AlarmWorkState1-DispatchRun,1004,Alarm,2026-04-26T09:15:02.4000000Z,2026-04-26T09:15:30.4950000Z,0.0,DispatchRun
SKB-TS2-INV06,AlarmWorkState1-DispatchRun,1004,Alarm,2026-04-26T09:20:28.4910000Z,2026-04-26T09:21:28.4660000Z,0.0,DispatchRun
SKB-TS1-INV04,AlarmWorkState1-DispatchRun,1004,Alarm,2026-04-26T09:20:28.5080000Z,2026-04-26T09:21:28.4340000Z,0.0,DispatchRun
SKB-TS2-INV02,AlarmWorkState1-DispatchRun,1004,Alarm,2026-04-26T09:20:28.5830000Z,2026-04-26T09:21:28.5130000Z,0.0,DispatchRun
SKB-TS2-INV04,AlarmWorkState1-DispatchRun,1004,Alarm,2026-04-26T09:20:28.9630000Z,2026-04-26T09:20:59.0380000Z,0.0,DispatchRun
SKB-TS1-INV07,AlarmWorkState1-DispatchRun,1004,Alarm,2026-04-26T09:20:58.6090000Z,2026-04-26T09:21:28.4840000Z,0.0,DispatchRun
SKB-TS2-INV03,AlarmWorkState1-DispatchRun,1004,Alarm,2026-04-26T09:20:58.6430000Z,2026-04-26T09:21:28.5390000Z,0.0,DispatchRun
SKB-TS1-INV06,AlarmWorkState1-DispatchRun,1004,Alarm,2026-04-26T09:20:58.9200000Z,2026-04-26T09:21:28.6480000Z,0.0,DispatchRun
SKB-TS1-INV04,AlarmWorkState1-DispatchRun,1004,Alarm,2026-04-26T09:23:02.5450000Z,2026-04-26T09:23:59.5080000Z,0.0,DispatchRun
SKB-TS2-INV06,AlarmWorkState1-DispatchRun,1004,Alarm,2026-04-26T09:23:02.6680000Z,2026-04-26T09:23:59.6610000Z,0.0,DispatchRun
SKB-TS1-INV07,AlarmWorkState1-DispatchRun,1004,Alarm,2026-04-26T09:23:02.6850000Z,2026-04-26T09:23:59.6100000Z,0.0,DispatchRun
SKB-TS2-INV02,AlarmWorkState1-DispatchRun,1004,Alarm,2026-04-26T09:23:02.7240000Z,2026-04-26T09:23:59.7210000Z,0.0,DispatchRun
SKB-TS2-INV03,AlarmWorkState1-DispatchRun,1004,Alarm,2026-04-26T09:23:02.8150000Z,2026-04-26T09:23:59.8260000Z,0.0,DispatchRun
SKB-TS1-INV06,AlarmWorkState1-DispatchRun,1004,Alarm,2026-04-26T09:23:02.8930000Z,2026-04-26T09:23:59.8600000Z,0.0,DispatchRun
SKB-TS2-INV04,AlarmWorkState1-DispatchRun,1004,Alarm,2026-04-26T09:23:02.9390000Z,2026-04-26T09:24:00.0460000Z,0.0,DispatchRun
SKB-TS1-INV04,AlarmWorkState1-DispatchRun,1004,Alarm,2026-04-26T09:30:01.4800000Z,2026-04-26T09:39:29.1540000Z,0.0,DispatchRun
SKB-TS2-INV06,AlarmWorkState1-DispatchRun,1004,Alarm,2026-04-26T09:30:01.5270000Z,2026-04-26T09:39:29.3080000Z,0.0,DispatchRun
SKB-TS1-INV07,AlarmWorkState1-DispatchRun,1004,Alarm,2026-04-26T09:30:01.6270000Z,2026-04-26T09:39:29.2380000Z,0.0,DispatchRun
SKB-TS2-INV03,AlarmWorkState1-DispatchRun,1004,Alarm,2026-04-26T09:30:01.8690000Z,2026-04-26T09:39:01.1370000Z,0.0,DispatchRun
SKB-TS1-INV06,AlarmWorkState1-DispatchRun,1004,Alarm,2026-04-26T09:30:02.0450000Z,2026-04-26T09:39:29.6030000Z,0.0,DispatchRun
SKB-TS2-INV04,AlarmWorkState1-DispatchRun,1004,Alarm,2026-04-26T09:30:02.1060000Z,2026-04-26T09:39:29.8530000Z,0.0,DispatchRun
SKB-TS2-INV02,AlarmWorkState1-DispatchRun,1004,Alarm,2026-04-26T09:30:28.6410000Z,2026-04-26T09:39:01.0240000Z,0.0,DispatchRun
SKB-TS1-INV05,AlarmWorkState1-AlarmRun,1001,Alarm,2026-04-26T09:39:29.4660000Z,2026-04-26T09:41:01.1550000Z,0.0,AlarmRun
SKB-TS2-INV06,AlarmWorkState1-DispatchRun,1004,Alarm,2026-04-26T09:49:28.4820000Z,2026-04-26T09:56:32.0030000Z,0.0,DispatchRun
SKB-TS1-INV04,AlarmWorkState1-DispatchRun,1004,Alarm,2026-04-26T09:49:29.1840000Z,2026-04-26T09:54:02.0350000Z,0.0,DispatchRun
SKB-TS1-INV07,AlarmWorkState1-DispatchRun,1004,Alarm,2026-04-26T09:49:29.2750000Z,2026-04-26T09:54:02.1650000Z,0.0,DispatchRun
SKB-TS2-INV03,AlarmWorkState1-DispatchRun,1004,Alarm,2026-04-26T09:49:29.3660000Z,2026-04-26T09:54:02.2090000Z,0.0,DispatchRun
SKB-TS1-INV06,AlarmWorkState1-DispatchRun,1004,Alarm,2026-04-26T09:49:29.5570000Z,2026-04-26T09:54:02.4930000Z,0.0,DispatchRun
SKB-TS2-INV02,AlarmWorkState1-DispatchRun,1004,Alarm,2026-04-26T09:50:02.5240000Z,2026-04-26T09:56:32.0280000Z,0.0,DispatchRun
SKB-TS2-INV04,AlarmWorkState1-DispatchRun,1004,Alarm,2026-04-26T09:50:03.0210000Z,2026-04-26T09:54:02.5500000Z,0.0,DispatchRun
SKB-TS1-INV04,AlarmWorkState1-DispatchRun,1004,Alarm,2026-04-26T09:54:28.4560000Z,2026-04-26T09:56:31.8990000Z,0.0,DispatchRun
SKB-TS1-INV07,AlarmWorkState1-DispatchRun,1004,Alarm,2026-04-26T09:54:28.5770000Z,2026-04-26T09:56:32.0030000Z,0.0,DispatchRun
SKB-TS1-INV06,AlarmWorkState1-DispatchRun,1004,Alarm,2026-04-26T09:54:29.4420000Z,2026-04-26T09:56:32.2220000Z,0.0,DispatchRun
SKB-TS2-INV03,AlarmWorkState1-DispatchRun,1004,Alarm,2026-04-26T09:54:30.5950000Z,2026-04-26T09:56:32.0890000Z,0.0,DispatchRun
SKB-TS2-INV04,AlarmWorkState1-DispatchRun,1004,Alarm,2026-04-26T09:54:30.8180000Z,2026-04-26T09:56:32.3440000Z,0.0,DispatchRun
SKB-TS1-INV05,AlarmWorkState1-AlarmRun,1001,Alarm,2026-04-26T09:56:59.4760000Z,2026-04-26T09:59:58.9670000Z,0.0,AlarmRun
SKB-TS1-INV04,AlarmWorkState1-DispatchRun,1004,Alarm,2026-04-26T10:10:29.2210000Z,2026-04-26T10:16:29.4850000Z,0.0,DispatchRun
SKB-TS2-INV06,AlarmWorkState1-DispatchRun,1004,Alarm,2026-04-26T10:10:29.2860000Z,2026-04-26T10:16:29.4860000Z,0.0,DispatchRun
SKB-TS1-INV07,AlarmWorkState1-DispatchRun,1004,Alarm,2026-04-26T10:10:29.3090000Z,2026-04-26T10:16:29.6190000Z,0.0,DispatchRun
SKB-TS2-INV02,AlarmWorkState1-DispatchRun,1004,Alarm,2026-04-26T10:10:29.4070000Z,2026-04-26T10:16:29.6200000Z,0.0,DispatchRun
SKB-TS2-INV03,AlarmWorkState1-DispatchRun,1004,Alarm,2026-04-26T10:10:29.5090000Z,2026-04-26T10:16:29.7220000Z,0.0,DispatchRun
SKB-TS1-INV06,AlarmWorkState1-DispatchRun,1004,Alarm,2026-04-26T10:10:29.6540000Z,2026-04-26T10:16:29.9190000Z,0.0,DispatchRun
SKB-TS2-INV04,AlarmWorkState1-DispatchRun,1004,Alarm,2026-04-26T10:10:29.8590000Z,2026-04-26T10:16:29.9980000Z,0.0,DispatchRun
SKB-TS1-INV04,AlarmWorkState1-DispatchRun,1004,Alarm,2026-04-26T10:19:31.8740000Z,2026-04-26T10:21:01.4690000Z,0.0,DispatchRun
SKB-TS2-INV06,AlarmWorkState1-DispatchRun,1004,Alarm,2026-04-26T10:19:31.8890000Z,2026-04-26T10:21:01.6400000Z,0.0,DispatchRun
SKB-TS2-INV02,AlarmWorkState1-DispatchRun,1004,Alarm,2026-04-26T10:19:32.0210000Z,2026-04-26T10:21:01.8350000Z,0.0,DispatchRun
SKB-TS2-INV03,AlarmWorkState1-DispatchRun,1004,Alarm,2026-04-26T10:19:32.1280000Z,2026-04-26T10:21:01.9500000Z,0.0,DispatchRun
SKB-TS1-INV06,AlarmWorkState1-DispatchRun,1004,Alarm,2026-04-26T10:19:32.3320000Z,2026-04-26T10:21:02.1070000Z,0.0,DispatchRun
SKB-TS1-INV07,AlarmWorkState1-DispatchRun,1004,Alarm,2026-04-26T10:20:01.9580000Z,2026-04-26T10:21:01.6610000Z,0.0,DispatchRun
SKB-TS2-INV04,AlarmWorkState1-DispatchRun,1004,Alarm,2026-04-26T10:20:02.3850000Z,2026-04-26T10:21:02.2480000Z,0.0,DispatchRun
SKB-TS1-INV04,AlarmWorkState1-DispatchRun,1004,Alarm,2026-04-26T10:23:00.5960000Z,2026-04-26T10:23:28.5870000Z,0.0,DispatchRun
SKB-TS1-INV07,AlarmWorkState1-DispatchRun,1004,Alarm,2026-04-26T10:23:00.7320000Z,2026-04-26T10:23:28.6600000Z,0.0,DispatchRun
SKB-TS2-INV06,AlarmWorkState1-DispatchRun,1004,Alarm,2026-04-26T10:23:00.7590000Z,2026-04-26T10:23:28.5640000Z,0.0,DispatchRun
SKB-TS1-INV06,AlarmWorkState1-DispatchRun,1004,Alarm,2026-04-26T10:23:01.2200000Z,2026-04-26T10:23:28.9180000Z,0.0,DispatchRun
SKB-TS2-INV04,AlarmWorkState1-DispatchRun,1004,Alarm,2026-04-26T10:23:01.4940000Z,2026-04-26T10:23:29.0110000Z,0.0,DispatchRun
SKB-TS2-INV06,AlarmWorkState1-DispatchRun,1004,Alarm,2026-04-26T10:23:59.2950000Z,2026-04-26T10:25:31.5420000Z,0.0,DispatchRun
SKB-TS1-INV04,AlarmWorkState1-DispatchRun,1004,Alarm,2026-04-26T10:23:59.3840000Z,2026-04-26T10:25:31.4630000Z,0.0,DispatchRun
SKB-TS2-INV02,AlarmWorkState1-DispatchRun,1004,Alarm,2026-04-26T10:23:59.3860000Z,2026-04-26T10:25:31.6250000Z,0.0,DispatchRun
SKB-TS1-INV07,AlarmWorkState1-DispatchRun,1004,Alarm,2026-04-26T10:23:59.4900000Z,2026-04-26T10:25:31.5630000Z,0.0,DispatchRun
SKB-TS2-INV03,AlarmWorkState1-DispatchRun,1004,Alarm,2026-04-26T10:23:59.4950000Z,2026-04-26T10:25:31.7260000Z,0.0,DispatchRun
SKB-TS1-INV06,AlarmWorkState1-DispatchRun,1004,Alarm,2026-04-26T10:23:59.7680000Z,2026-04-26T10:25:31.8200000Z,0.0,DispatchRun
SKB-TS2-INV04,AlarmWorkState1-DispatchRun,1004,Alarm,2026-04-26T10:23:59.8130000Z,2026-04-26T10:25:32.0150000Z,0.0,DispatchRun
SKB-TS2-INV06,AlarmWorkState1-DispatchRun,1004,Alarm,2026-04-26T10:42:33.4360000Z,2026-04-26T10:46:28.4960000Z,0.0,DispatchRun
SKB-TS2-INV02,AlarmWorkState1-DispatchRun,1004,Alarm,2026-04-26T10:42:33.5630000Z,2026-04-26T10:42:59.4940000Z,0.0,DispatchRun
SKB-TS1-INV07,AlarmWorkState1-DispatchRun,1004,Alarm,2026-04-26T10:42:33.6550000Z,2026-04-26T10:46:28.4940000Z,0.0,DispatchRun
SKB-TS1-INV04,AlarmWorkState1-DispatchRun,1004,Alarm,2026-04-26T10:42:59.4790000Z,2026-04-26T10:45:58.6050000Z,0.0,DispatchRun
SKB-TS2-INV03,AlarmWorkState1-DispatchRun,1004,Alarm,2026-04-26T10:42:59.5770000Z,2026-04-26T10:45:58.8850000Z,0.0,DispatchRun
SKB-TS1-INV06,AlarmWorkState1-DispatchRun,1004,Alarm,2026-04-26T10:43:00.7610000Z,2026-04-26T10:45:58.9880000Z,0.0,DispatchRun
SKB-TS2-INV02,AlarmWorkState1-DispatchRun,1004,Alarm,2026-04-26T10:43:34.2320000Z,2026-04-26T10:45:58.7680000Z,0.0,DispatchRun
SKB-TS2-INV04,AlarmWorkState1-DispatchRun,1004,Alarm,2026-04-26T10:43:34.6090000Z,2026-04-26T10:45:59.1370000Z,0.0,DispatchRun
SKB-TS2-INV06,AlarmWorkState1-DispatchRun,1004,Alarm,2026-04-26T11:03:02.0310000Z,2026-04-26T11:07:29.4940000Z,0.0,DispatchRun
SKB-TS2-INV02,AlarmWorkState1-DispatchRun,1004,Alarm,2026-04-26T11:03:02.1100000Z,2026-04-26T11:07:29.6270000Z,0.0,DispatchRun
SKB-TS1-INV04,AlarmWorkState1-DispatchRun,1004,Alarm,2026-04-26T11:03:02.1940000Z,2026-04-26T11:07:29.4270000Z,0.0,DispatchRun
SKB-TS2-INV03,AlarmWorkState1-DispatchRun,1004,Alarm,2026-04-26T11:03:02.2310000Z,2026-04-26T11:07:29.7360000Z,0.0,DispatchRun
SKB-TS1-INV07,AlarmWorkState1-DispatchRun,1004,Alarm,2026-04-26T11:03:02.2880000Z,2026-04-26T11:06:58.8270000Z,0.0,DispatchRun
SKB-TS1-INV06,AlarmWorkState1-DispatchRun,1004,Alarm,2026-04-26T11:03:02.6150000Z,2026-04-26T11:07:29.8980000Z,0.0,DispatchRun
SKB-TS2-INV04,AlarmWorkState1-DispatchRun,1004,Alarm,2026-04-26T11:03:28.9400000Z,2026-04-26T11:07:30.0620000Z,0.0,DispatchRun
SKB-TS1-INV04,AlarmWorkState1-DispatchRun,1004,Alarm,2026-04-26T11:15:29.3840000Z,2026-04-26T11:16:32.1850000Z,0.0,DispatchRun
SKB-TS2-INV06,AlarmWorkState1-DispatchRun,1004,Alarm,2026-04-26T11:15:29.4210000Z,2026-04-26T11:16:32.2150000Z,0.0,DispatchRun
SKB-TS1-INV07,AlarmWorkState1-DispatchRun,1004,Alarm,2026-04-26T11:15:29.5280000Z,2026-04-26T11:16:32.3600000Z,0.0,DispatchRun
SKB-TS2-INV02,AlarmWorkState1-DispatchRun,1004,Alarm,2026-04-26T11:15:29.5500000Z,2026-04-26T11:16:32.3910000Z,0.0,DispatchRun
SKB-TS2-INV03,AlarmWorkState1-DispatchRun,1004,Alarm,2026-04-26T11:15:29.6180000Z,2026-04-26T11:16:32.4870000Z,0.0,DispatchRun
SKB-TS1-INV06,AlarmWorkState1-DispatchRun,1004,Alarm,2026-04-26T11:15:29.7240000Z,2026-04-26T11:16:32.6910000Z,0.0,DispatchRun
SKB-TS2-INV04,AlarmWorkState1-DispatchRun,1004,Alarm,2026-04-26T11:15:29.8840000Z,2026-04-26T11:16:32.8290000Z,0.0,DispatchRun
SKB-TS1-INV04,AlarmWorkState1-DispatchRun,1004,Alarm,2026-04-26T11:17:01.8440000Z,2026-04-26T11:17:29.1050000Z,0.0,DispatchRun
SKB-TS2-INV06,AlarmWorkState1-DispatchRun,1004,Alarm,2026-04-26T11:17:01.9750000Z,2026-04-26T11:17:29.1120000Z,0.0,DispatchRun
SKB-TS1-INV07,AlarmWorkState1-DispatchRun,1004,Alarm,2026-04-26T11:17:02.0010000Z,2026-04-26T11:17:29.1410000Z,0.0,DispatchRun
SKB-TS2-INV02,AlarmWorkState1-DispatchRun,1004,Alarm,2026-04-26T11:17:02.0610000Z,2026-04-26T11:17:29.1440000Z,0.0,DispatchRun
SKB-TS2-INV03,AlarmWorkState1-DispatchRun,1004,Alarm,2026-04-26T11:17:02.1190000Z,2026-04-26T11:17:29.2660000Z,0.0,DispatchRun
SKB-TS1-INV06,AlarmWorkState1-DispatchRun,1004,Alarm,2026-04-26T11:17:02.1780000Z,2026-04-26T11:17:29.4300000Z,0.0,DispatchRun
SKB-TS2-INV04,AlarmWorkState1-DispatchRun,1004,Alarm,2026-04-26T11:17:02.3390000Z,2026-04-26T11:17:29.5300000Z,0.0,DispatchRun
SKB-TS2-INV06,AlarmWorkState1-DispatchRun,1004,Alarm,2026-04-26T11:24:30.3920000Z,2026-04-26T11:24:58.4560000Z,0.0,DispatchRun
SKB-TS1-INV04,AlarmWorkState1-DispatchRun,1004,Alarm,2026-04-26T11:24:30.4080000Z,2026-04-26T11:24:58.4440000Z,0.0,DispatchRun
SKB-TS2-INV02,AlarmWorkState1-DispatchRun,1004,Alarm,2026-04-26T11:24:30.4790000Z,2026-04-26T11:24:58.5860000Z,0.0,DispatchRun
SKB-TS1-INV07,AlarmWorkState1-DispatchRun,1004,Alarm,2026-04-26T11:24:30.4800000Z,2026-04-26T11:24:58.5330000Z,0.0,DispatchRun
SKB-TS2-INV03,AlarmWorkState1-DispatchRun,1004,Alarm,2026-04-26T11:24:30.5400000Z,2026-04-26T11:24:58.6320000Z,0.0,DispatchRun
SKB-TS1-INV06,AlarmWorkState1-DispatchRun,1004,Alarm,2026-04-26T11:24:30.6960000Z,2026-04-26T11:24:58.7640000Z,0.0,DispatchRun
SKB-TS2-INV04,AlarmWorkState1-DispatchRun,1004,Alarm,2026-04-26T11:24:30.8200000Z,2026-04-26T11:24:58.8810000Z,0.0,DispatchRun
SKB-TS2-INV06,AlarmWorkState1-DispatchRun,1004,Alarm,2026-04-26T11:33:59.1820000Z,2026-04-26T11:36:31.6200000Z,0.0,DispatchRun
SKB-TS1-INV06,AlarmWorkState1-DispatchRun,1004,Alarm,2026-04-26T11:33:59.5760000Z,2026-04-26T11:36:32.0140000Z,0.0,DispatchRun
SKB-TS1-INV04,AlarmWorkState1-DispatchRun,1004,Alarm,2026-04-26T11:34:32.6600000Z,2026-04-26T11:36:31.6320000Z,0.0,DispatchRun
SKB-TS1-INV07,AlarmWorkState1-DispatchRun,1004,Alarm,2026-04-26T11:34:32.7540000Z,2026-04-26T11:36:31.7220000Z,0.0,DispatchRun
SKB-TS2-INV02,AlarmWorkState1-DispatchRun,1004,Alarm,2026-04-26T11:34:32.7560000Z,2026-04-26T11:36:31.7150000Z,0.0,DispatchRun
SKB-TS2-INV03,AlarmWorkState1-DispatchRun,1004,Alarm,2026-04-26T11:34:32.8960000Z,2026-04-26T11:36:31.8100000Z,0.0,DispatchRun
SKB-TS2-INV04,AlarmWorkState1-DispatchRun,1004,Alarm,2026-04-26T11:34:33.3100000Z,2026-04-26T11:36:32.1230000Z,0.0,DispatchRun
SKB-TS2-INV06,AlarmWorkState1-DispatchRun,1004,Alarm,2026-04-26T11:37:01.2260000Z,2026-04-26T11:41:28.5430000Z,0.0,DispatchRun
SKB-TS1-INV04,AlarmWorkState1-DispatchRun,1004,Alarm,2026-04-26T11:37:01.3540000Z,2026-04-26T11:41:28.6210000Z,0.0,DispatchRun
SKB-TS2-INV02,AlarmWorkState1-DispatchRun,1004,Alarm,2026-04-26T11:37:01.4010000Z,2026-04-26T11:40:59.5990000Z,0.0,DispatchRun
SKB-TS1-INV07,AlarmWorkState1-DispatchRun,1004,Alarm,2026-04-26T11:37:01.4730000Z,2026-04-26T11:40:59.6750000Z,0.0,DispatchRun
SKB-TS2-INV03,AlarmWorkState1-DispatchRun,1004,Alarm,2026-04-26T11:37:01.5100000Z,2026-04-26T11:41:28.7240000Z,0.0,DispatchRun
SKB-TS1-INV06,AlarmWorkState1-DispatchRun,1004,Alarm,2026-04-26T11:37:01.9610000Z,2026-04-26T11:41:29.0840000Z,0.0,DispatchRun
SKB-TS2-INV04,AlarmWorkState1-DispatchRun,1004,Alarm,2026-04-26T11:37:01.9890000Z,2026-04-26T11:41:00.0310000Z,0.0,DispatchRun
SKB-TS1-INV04,AlarmWorkState1-DispatchRun,1004,Alarm,2026-04-26T12:11:34.8190000Z,2026-04-26T12:13:28.5620000Z,0.0,DispatchRun
SKB-TS2-INV06,AlarmWorkState1-DispatchRun,1004,Alarm,2026-04-26T12:11:34.8270000Z,2026-04-26T12:13:28.6000000Z,0.0,DispatchRun
SKB-TS1-INV07,AlarmWorkState1-DispatchRun,1004,Alarm,2026-04-26T12:11:34.9380000Z,2026-04-26T12:13:28.6640000Z,0.0,DispatchRun
SKB-TS2-INV02,AlarmWorkState1-DispatchRun,1004,Alarm,2026-04-26T12:11:34.9430000Z,2026-04-26T12:13:28.6920000Z,0.0,DispatchRun
SKB-TS2-INV03,AlarmWorkState1-DispatchRun,1004,Alarm,2026-04-26T12:11:35.0120000Z,2026-04-26T12:13:28.7920000Z,0.0,DispatchRun
SKB-TS1-INV06,AlarmWorkState1-DispatchRun,1004,Alarm,2026-04-26T12:11:35.1480000Z,2026-04-26T12:13:29.0970000Z,0.0,DispatchRun
SKB-TS2-INV04,AlarmWorkState1-DispatchRun,1004,Alarm,2026-04-26T12:11:35.3120000Z,2026-04-26T12:13:29.2270000Z,0.0,DispatchRun
SKB-TS2-INV06,AlarmWorkState1-DispatchRun,1004,Alarm,2026-04-26T12:13:59.8530000Z,2026-04-26T12:15:01.6620000Z,0.0,DispatchRun
SKB-TS1-INV04,AlarmWorkState1-DispatchRun,1004,Alarm,2026-04-26T12:13:59.8720000Z,2026-04-26T12:15:01.8000000Z,0.0,DispatchRun
SKB-TS2-INV02,AlarmWorkState1-DispatchRun,1004,Alarm,2026-04-26T12:13:59.9360000Z,2026-04-26T12:15:01.8180000Z,0.0,DispatchRun
SKB-TS1-INV07,AlarmWorkState1-DispatchRun,1004,Alarm,2026-04-26T12:13:59.9710000Z,2026-04-26T12:15:01.9790000Z,0.0,DispatchRun
SKB-TS2-INV03,AlarmWorkState1-DispatchRun,1004,Alarm,2026-04-26T12:14:00.0170000Z,2026-04-26T12:15:01.9860000Z,0.0,DispatchRun
SKB-TS1-INV06,AlarmWorkState1-DispatchRun,1004,Alarm,2026-04-26T12:14:00.6580000Z,2026-04-26T12:15:02.2100000Z,0.0,DispatchRun
SKB-TS2-INV04,AlarmWorkState1-DispatchRun,1004,Alarm,2026-04-26T12:14:00.7850000Z,2026-04-26T12:15:02.2090000Z,0.0,DispatchRun
SKB-TS1-INV04,AlarmWorkState1-DispatchRun,1004,Alarm,2026-04-26T12:23:58.6750000Z,2026-04-26T12:24:28.5550000Z,0.0,DispatchRun
SKB-TS2-INV02,AlarmWorkState1-DispatchRun,1004,Alarm,2026-04-26T12:23:58.7170000Z,2026-04-26T12:24:28.5940000Z,0.0,DispatchRun
SKB-TS1-INV07,AlarmWorkState1-DispatchRun,1004,Alarm,2026-04-26T12:23:58.7250000Z,2026-04-26T12:24:28.6210000Z,0.0,DispatchRun
SKB-TS2-INV03,AlarmWorkState1-DispatchRun,1004,Alarm,2026-04-26T12:23:58.8470000Z,2026-04-26T12:24:28.6900000Z,0.0,DispatchRun
SKB-TS1-INV06,AlarmWorkState1-DispatchRun,1004,Alarm,2026-04-26T12:23:59.0330000Z,2026-04-26T12:24:28.9920000Z,0.0,DispatchRun
SKB-TS2-INV04,AlarmWorkState1-DispatchRun,1004,Alarm,2026-04-26T12:23:59.1140000Z,2026-04-26T12:24:29.0540000Z,0.0,DispatchRun
SKB-TS2-INV06,AlarmWorkState1-DispatchRun,1004,Alarm,2026-04-26T12:24:59.3740000Z,2026-04-26T12:26:30.9180000Z,0.0,DispatchRun
SKB-TS1-INV04,AlarmWorkState1-DispatchRun,1004,Alarm,2026-04-26T12:24:59.4250000Z,2026-04-26T12:26:30.9280000Z,0.0,DispatchRun
SKB-TS2-INV02,AlarmWorkState1-DispatchRun,1004,Alarm,2026-04-26T12:24:59.4400000Z,2026-04-26T12:26:31.0440000Z,0.0,DispatchRun
SKB-TS1-INV07,AlarmWorkState1-DispatchRun,1004,Alarm,2026-04-26T12:24:59.5050000Z,2026-04-26T12:26:31.0450000Z,0.0,DispatchRun
SKB-TS2-INV03,AlarmWorkState1-DispatchRun,1004,Alarm,2026-04-26T12:24:59.5710000Z,2026-04-26T12:26:31.1220000Z,0.0,DispatchRun
SKB-TS1-INV06,AlarmWorkState1-DispatchRun,1004,Alarm,2026-04-26T12:24:59.8350000Z,2026-04-26T12:26:31.3090000Z,0.0,DispatchRun
SKB-TS2-INV04,AlarmWorkState1-DispatchRun,1004,Alarm,2026-04-26T12:24:59.8660000Z,2026-04-26T12:26:31.4560000Z,0.0,DispatchRun
SKB-TS2-INV06,AlarmWorkState1-DispatchRun,1004,Alarm,2026-04-26T12:46:31.7760000Z,2026-04-26T12:48:00.8720000Z,0.0,DispatchRun
SKB-TS2-INV02,AlarmWorkState1-DispatchRun,1004,Alarm,2026-04-26T12:46:31.9090000Z,2026-04-26T12:48:01.0190000Z,0.0,DispatchRun
SKB-TS1-INV04,AlarmWorkState1-DispatchRun,1004,Alarm,2026-04-26T12:46:31.9520000Z,2026-04-26T12:48:00.7530000Z,0.0,DispatchRun
SKB-TS2-INV03,AlarmWorkState1-DispatchRun,1004,Alarm,2026-04-26T12:46:32.0010000Z,2026-04-26T12:48:01.1540000Z,0.0,DispatchRun
SKB-TS1-INV07,AlarmWorkState1-DispatchRun,1004,Alarm,2026-04-26T12:46:32.0610000Z,2026-04-26T12:48:00.8690000Z,0.0,DispatchRun
SKB-TS2-INV04,AlarmWorkState1-DispatchRun,1004,Alarm,2026-04-26T12:46:32.2970000Z,2026-04-26T12:48:01.5180000Z,0.0,DispatchRun
SKB-TS1-INV06,AlarmWorkState1-DispatchRun,1004,Alarm,2026-04-26T12:46:32.3410000Z,2026-04-26T12:46:59.9980000Z,0.0,DispatchRun
SKB-TS1-INV06,AlarmWorkState1-DispatchRun,1004,Alarm,2026-04-26T12:47:32.3720000Z,2026-04-26T12:48:01.2940000Z,0.0,DispatchRun
SKB-TS1-INV04,AlarmWorkState1-DispatchRun,1004,Alarm,2026-04-26T13:32:59.4370000Z,2026-04-26T13:33:28.5900000Z,0.0,DispatchRun
SKB-TS2-INV06,AlarmWorkState1-DispatchRun,1004,Alarm,2026-04-26T13:32:59.4920000Z,2026-04-26T13:33:28.6190000Z,0.0,DispatchRun
SKB-TS1-INV07,AlarmWorkState1-DispatchRun,1004,Alarm,2026-04-26T13:32:59.5230000Z,2026-04-26T13:33:28.7420000Z,0.0,DispatchRun
SKB-TS2-INV02,AlarmWorkState1-DispatchRun,1004,Alarm,2026-04-26T13:32:59.5780000Z,2026-04-26T13:33:28.7400000Z,0.0,DispatchRun
SKB-TS2-INV03,AlarmWorkState1-DispatchRun,1004,Alarm,2026-04-26T13:32:59.6630000Z,2026-04-26T13:33:28.8910000Z,0.0,DispatchRun
SKB-TS1-INV06,AlarmWorkState1-DispatchRun,1004,Alarm,2026-04-26T13:32:59.7710000Z,2026-04-26T13:33:29.0590000Z,0.0,DispatchRun
SKB-TS2-INV04,AlarmWorkState1-DispatchRun,1004,Alarm,2026-04-26T13:32:59.8970000Z,2026-04-26T13:33:29.1560000Z,0.0,DispatchRun
SKB-TS2-INV06,AlarmWorkState1-DispatchRun,1004,Alarm,2026-04-26T13:40:02.5300000Z,2026-04-26T13:40:30.2970000Z,0.0,DispatchRun
SKB-TS1-INV04,AlarmWorkState1-DispatchRun,1004,Alarm,2026-04-26T13:40:02.5740000Z,2026-04-26T13:40:30.1380000Z,0.0,DispatchRun
SKB-TS2-INV02,AlarmWorkState1-DispatchRun,1004,Alarm,2026-04-26T13:40:02.5920000Z,2026-04-26T13:40:30.3590000Z,0.0,DispatchRun
SKB-TS1-INV07,AlarmWorkState1-DispatchRun,1004,Alarm,2026-04-26T13:40:02.6340000Z,2026-04-26T13:40:30.2650000Z,0.0,DispatchRun
SKB-TS2-INV03,AlarmWorkState1-DispatchRun,1004,Alarm,2026-04-26T13:40:02.6580000Z,2026-04-26T13:40:30.4720000Z,0.0,DispatchRun
SKB-TS1-INV06,AlarmWorkState1-DispatchRun,1004,Alarm,2026-04-26T13:40:02.9220000Z,2026-04-26T13:40:30.5290000Z,0.0,DispatchRun
SKB-TS2-INV04,AlarmWorkState1-DispatchRun,1004,Alarm,2026-04-26T13:40:02.9460000Z,2026-04-26T13:40:30.6510000Z,0.0,DispatchRun
SKB-TS2-INV06,AlarmWorkState1-DispatchRun,1004,Alarm,2026-04-26T13:41:30.7440000Z,2026-04-26T13:44:59.1510000Z,0.0,DispatchRun
SKB-TS1-INV04,AlarmWorkState1-DispatchRun,1004,Alarm,2026-04-26T13:41:30.8030000Z,2026-04-26T13:44:59.0940000Z,0.0,DispatchRun
SKB-TS2-INV02,AlarmWorkState1-DispatchRun,1004,Alarm,2026-04-26T13:41:30.8450000Z,2026-04-26T13:44:59.2740000Z,0.0,DispatchRun
SKB-TS1-INV07,AlarmWorkState1-DispatchRun,1004,Alarm,2026-04-26T13:41:30.9170000Z,2026-04-26T13:44:59.1530000Z,0.0,DispatchRun
SKB-TS2-INV03,AlarmWorkState1-DispatchRun,1004,Alarm,2026-04-26T13:41:30.9460000Z,2026-04-26T13:44:59.3490000Z,0.0,DispatchRun
SKB-TS2-INV04,AlarmWorkState1-DispatchRun,1004,Alarm,2026-04-26T13:41:31.2750000Z,2026-04-26T13:44:59.5880000Z,0.0,DispatchRun
SKB-TS1-INV06,AlarmWorkState1-DispatchRun,1004,Alarm,2026-04-26T13:41:59.1180000Z,2026-04-26T13:44:59.4440000Z,0.0,DispatchRun
SKB-TS1-INV04,AlarmWorkState1-DispatchRun,1004,Alarm,2026-04-26T13:52:30.5350000Z,2026-04-26T13:53:30.8900000Z,0.0,DispatchRun
SKB-TS1-INV07,AlarmWorkState1-DispatchRun,1004,Alarm,2026-04-26T13:52:30.6190000Z,2026-04-26T13:53:58.7240000Z,0.0,DispatchRun
SKB-TS2-INV02,AlarmWorkState1-DispatchRun,1004,Alarm,2026-04-26T13:52:30.6540000Z,2026-04-26T13:53:30.8920000Z,0.0,DispatchRun
SKB-TS2-INV03,AlarmWorkState1-DispatchRun,1004,Alarm,2026-04-26T13:52:30.7530000Z,2026-04-26T13:53:31.0120000Z,0.0,DispatchRun
SKB-TS1-INV06,AlarmWorkState1-DispatchRun,1004,Alarm,2026-04-26T13:52:30.9300000Z,2026-04-26T13:53:59.0120000Z,0.0,DispatchRun
SKB-TS2-INV06,AlarmWorkState1-DispatchRun,1004,Alarm,2026-04-26T13:52:58.6030000Z,2026-04-26T13:53:30.7670000Z,0.0,DispatchRun
SKB-TS2-INV04,AlarmWorkState1-DispatchRun,1004,Alarm,2026-04-26T13:52:59.1740000Z,2026-04-26T13:53:31.3310000Z,0.0,DispatchRun
SKB-TS1-INV05,AlarmWorkState1-AlarmRun,1001,Alarm,2026-04-27T06:09:29.7650000Z,2026-04-27T10:59:32.7720000Z,0.0,AlarmRun
SKB-TS2-INV06,AlarmWorkState1-DispatchRun,1004,Alarm,2026-04-27T08:14:59.4200000Z,2026-04-27T10:58:31.6570000Z,0.0,DispatchRun
SKB-TS1-INV04,AlarmWorkState1-DispatchRun,1004,Alarm,2026-04-27T08:14:59.4580000Z,2026-04-27T10:58:31.6560000Z,0.0,DispatchRun
SKB-TS2-INV02,AlarmWorkState1-DispatchRun,1004,Alarm,2026-04-27T08:14:59.5050000Z,2026-04-27T10:58:31.7400000Z,0.0,DispatchRun
SKB-TS1-INV07,AlarmWorkState1-DispatchRun,1004,Alarm,2026-04-27T08:14:59.5430000Z,2026-04-27T10:58:31.7430000Z,0.0,DispatchRun
SKB-TS2-INV03,AlarmWorkState1-DispatchRun,1004,Alarm,2026-04-27T08:14:59.6340000Z,2026-04-27T10:58:31.8590000Z,0.0,DispatchRun
SKB-TS1-INV06,AlarmWorkState1-DispatchRun,1004,Alarm,2026-04-27T08:14:59.8820000Z,2026-04-27T10:58:32.0350000Z,0.0,DispatchRun
SKB-TS2-INV04,AlarmWorkState1-DispatchRun,1004,Alarm,2026-04-27T08:14:59.9300000Z,2026-04-27T10:58:32.1570000Z,0.0,DispatchRun
SKB-TS2-INV06,AlarmWorkState1-DispatchRun,1004,Alarm,2026-04-27T11:00:32.7890000Z,2026-04-27T11:08:31.9610000Z,0.0,DispatchRun
SKB-TS1-INV04,AlarmWorkState1-DispatchRun,1004,Alarm,2026-04-27T11:00:32.8150000Z,2026-04-27T11:08:31.9580000Z,0.0,DispatchRun
SKB-TS2-INV02,AlarmWorkState1-DispatchRun,1004,Alarm,2026-04-27T11:00:32.9140000Z,2026-04-27T11:08:32.0630000Z,0.0,DispatchRun
SKB-TS1-INV07,AlarmWorkState1-DispatchRun,1004,Alarm,2026-04-27T11:00:32.9380000Z,2026-04-27T11:08:32.0610000Z,0.0,DispatchRun
SKB-TS2-INV03,AlarmWorkState1-DispatchRun,1004,Alarm,2026-04-27T11:00:33.0030000Z,2026-04-27T11:08:32.1250000Z,0.0,DispatchRun
SKB-TS1-INV06,AlarmWorkState1-DispatchRun,1004,Alarm,2026-04-27T11:00:33.2270000Z,2026-04-27T11:08:32.2180000Z,0.0,DispatchRun
SKB-TS2-INV04,AlarmWorkState1-DispatchRun,1004,Alarm,2026-04-27T11:01:00.0720000Z,2026-04-27T11:08:32.3300000Z,0.0,DispatchRun
SKB-TS2-INV06,AlarmWorkState1-DispatchRun,1004,Alarm,2026-04-27T11:18:03.1850000Z,2026-04-27T11:29:31.5010000Z,0.0,DispatchRun
SKB-TS2-INV02,AlarmWorkState1-DispatchRun,1004,Alarm,2026-04-27T11:18:03.2640000Z,2026-04-27T11:29:31.6270000Z,0.0,DispatchRun
SKB-TS1-INV04,AlarmWorkState1-DispatchRun,1004,Alarm,2026-04-27T11:18:03.2980000Z,2026-04-27T11:29:31.4430000Z,0.0,DispatchRun
SKB-TS2-INV03,AlarmWorkState1-DispatchRun,1004,Alarm,2026-04-27T11:18:03.3390000Z,2026-04-27T11:29:31.7220000Z,0.0,DispatchRun
SKB-TS1-INV07,AlarmWorkState1-DispatchRun,1004,Alarm,2026-04-27T11:18:03.4160000Z,2026-04-27T11:29:31.5360000Z,0.0,DispatchRun
SKB-TS2-INV04,AlarmWorkState1-DispatchRun,1004,Alarm,2026-04-27T11:18:03.6630000Z,2026-04-27T11:29:32.0070000Z,0.0,DispatchRun
SKB-TS1-INV06,AlarmWorkState1-DispatchRun,1004,Alarm,2026-04-27T11:18:03.6930000Z,2026-04-27T11:29:31.8810000Z,0.0,DispatchRun
SKB-TS1-INV05,AlarmWorkState1-AlarmRun,1001,Alarm,2026-04-27T11:27:03.8580000Z,2026-04-27T11:34:30.7390000Z,0.0,AlarmRun
SKB-TS2-INV06,AlarmWorkState1-DispatchRun,1004,Alarm,2026-04-27T11:30:00.9880000Z,2026-04-27T11:31:28.8620000Z,0.0,DispatchRun
SKB-TS1-INV04,AlarmWorkState1-DispatchRun,1004,Alarm,2026-04-27T11:30:01.0870000Z,2026-04-27T11:31:28.9000000Z,0.0,DispatchRun
SKB-TS2-INV02,AlarmWorkState1-DispatchRun,1004,Alarm,2026-04-27T11:30:01.1180000Z,2026-04-27T11:31:30.8900000Z,0.0,DispatchRun
SKB-TS1-INV07,AlarmWorkState1-DispatchRun,1004,Alarm,2026-04-27T11:30:01.3060000Z,2026-04-27T11:31:02.8280000Z,0.0,DispatchRun
SKB-TS2-INV03,AlarmWorkState1-DispatchRun,1004,Alarm,2026-04-27T11:30:01.3170000Z,2026-04-27T11:31:03.0030000Z,0.0,DispatchRun
SKB-TS1-INV06,AlarmWorkState1-DispatchRun,1004,Alarm,2026-04-27T11:30:01.7510000Z,2026-04-27T11:31:03.1810000Z,0.0,DispatchRun
SKB-TS2-INV04,AlarmWorkState1-DispatchRun,1004,Alarm,2026-04-27T11:30:01.7530000Z,2026-04-27T11:31:03.2930000Z,0.0,DispatchRun
SKB-TS2-INV06,AlarmWorkState1-DispatchRun,1004,Alarm,2026-04-27T11:36:01.1250000Z,2026-04-27T11:36:30.6150000Z,0.0,DispatchRun
SKB-TS1-INV04,AlarmWorkState1-DispatchRun,1004,Alarm,2026-04-27T11:36:01.1570000Z,2026-04-27T11:36:30.6210000Z,0.0,DispatchRun
SKB-TS2-INV02,AlarmWorkState1-DispatchRun,1004,Alarm,2026-04-27T11:36:01.2670000Z,2026-04-27T11:36:30.7550000Z,0.0,DispatchRun
SKB-TS1-INV07,AlarmWorkState1-DispatchRun,1004,Alarm,2026-04-27T11:36:01.3020000Z,2026-04-27T11:36:30.7560000Z,0.0,DispatchRun
SKB-TS2-INV03,AlarmWorkState1-DispatchRun,1004,Alarm,2026-04-27T11:36:01.4350000Z,2026-04-27T11:36:30.8150000Z,0.0,DispatchRun
SKB-TS1-INV06,AlarmWorkState1-DispatchRun,1004,Alarm,2026-04-27T11:36:01.8370000Z,2026-04-27T11:36:31.0630000Z,0.0,DispatchRun
SKB-TS2-INV04,AlarmWorkState1-DispatchRun,1004,Alarm,2026-04-27T11:36:01.9440000Z,2026-04-27T11:36:31.1130000Z,0.0,DispatchRun
SKB-TS1-INV04,AlarmWorkState1-DispatchRun,1004,Alarm,2026-04-27T11:36:59.8010000Z,2026-04-27T11:38:01.5750000Z,0.0,DispatchRun
SKB-TS2-INV06,AlarmWorkState1-DispatchRun,1004,Alarm,2026-04-27T11:36:59.8290000Z,2026-04-27T11:38:02.9390000Z,0.0,DispatchRun
SKB-TS1-INV07,AlarmWorkState1-DispatchRun,1004,Alarm,2026-04-27T11:36:59.9460000Z,2026-04-27T11:38:02.9380000Z,0.0,DispatchRun
SKB-TS2-INV02,AlarmWorkState1-DispatchRun,1004,Alarm,2026-04-27T11:36:59.9700000Z,2026-04-27T11:38:03.1240000Z,0.0,DispatchRun
SKB-TS2-INV03,AlarmWorkState1-DispatchRun,1004,Alarm,2026-04-27T11:37:00.4370000Z,2026-04-27T11:38:03.2350000Z,0.0,DispatchRun
SKB-TS1-INV06,AlarmWorkState1-DispatchRun,1004,Alarm,2026-04-27T11:37:00.7110000Z,2026-04-27T11:38:31.0800000Z,0.0,DispatchRun
SKB-TS2-INV04,AlarmWorkState1-DispatchRun,1004,Alarm,2026-04-27T11:37:00.8420000Z,2026-04-27T11:38:03.6400000Z,0.0,DispatchRun
SKB-TS1-INV04,AlarmWorkState1-DispatchRun,1004,Alarm,2026-04-27T11:39:59.5260000Z,2026-04-27T11:40:30.9930000Z,0.0,DispatchRun
SKB-TS2-INV06,AlarmWorkState1-DispatchRun,1004,Alarm,2026-04-27T11:39:59.5560000Z,2026-04-27T11:40:31.0330000Z,0.0,DispatchRun
SKB-TS2-INV02,AlarmWorkState1-DispatchRun,1004,Alarm,2026-04-27T11:39:59.6160000Z,2026-04-27T11:40:31.1640000Z,0.0,DispatchRun
SKB-TS1-INV07,AlarmWorkState1-DispatchRun,1004,Alarm,2026-04-27T11:39:59.6250000Z,2026-04-27T11:40:31.1380000Z,0.0,DispatchRun
SKB-TS2-INV03,AlarmWorkState1-DispatchRun,1004,Alarm,2026-04-27T11:39:59.6630000Z,2026-04-27T11:40:31.2790000Z,0.0,DispatchRun
SKB-TS1-INV06,AlarmWorkState1-DispatchRun,1004,Alarm,2026-04-27T11:39:59.8870000Z,2026-04-27T11:40:31.4760000Z,0.0,DispatchRun
SKB-TS2-INV04,AlarmWorkState1-DispatchRun,1004,Alarm,2026-04-27T11:39:59.9450000Z,2026-04-27T11:40:31.6180000Z,0.0,DispatchRun
SKB-TS2-INV06,AlarmWorkState1-DispatchRun,1004,Alarm,2026-04-27T11:40:58.8270000Z,2026-04-27T11:42:01.8440000Z,0.0,DispatchRun
SKB-TS1-INV04,AlarmWorkState1-DispatchRun,1004,Alarm,2026-04-27T11:40:58.8380000Z,2026-04-27T11:42:01.7710000Z,0.0,DispatchRun
SKB-TS2-INV02,AlarmWorkState1-DispatchRun,1004,Alarm,2026-04-27T11:40:58.9170000Z,2026-04-27T11:42:01.9710000Z,0.0,DispatchRun
SKB-TS1-INV07,AlarmWorkState1-DispatchRun,1004,Alarm,2026-04-27T11:40:58.9320000Z,2026-04-27T11:42:01.9390000Z,0.0,DispatchRun
SKB-TS2-INV03,AlarmWorkState1-DispatchRun,1004,Alarm,2026-04-27T11:40:58.9730000Z,2026-04-27T11:42:02.0800000Z,0.0,DispatchRun
SKB-TS1-INV06,AlarmWorkState1-DispatchRun,1004,Alarm,2026-04-27T11:40:59.1810000Z,2026-04-27T11:42:02.1800000Z,0.0,DispatchRun
SKB-TS2-INV04,AlarmWorkState1-DispatchRun,1004,Alarm,2026-04-27T11:40:59.2420000Z,2026-04-27T11:42:02.3700000Z,0.0,DispatchRun
SKB-TS2-INV06,AlarmWorkState1-DispatchRun,1004,Alarm,2026-04-27T11:43:31.6490000Z,2026-04-27T11:45:01.5550000Z,0.0,DispatchRun
SKB-TS2-INV02,AlarmWorkState1-DispatchRun,1004,Alarm,2026-04-27T11:43:31.6930000Z,2026-04-27T11:45:01.7490000Z,0.0,DispatchRun
SKB-TS1-INV04,AlarmWorkState1-DispatchRun,1004,Alarm,2026-04-27T11:43:31.7350000Z,2026-04-27T11:45:01.5530000Z,0.0,DispatchRun
SKB-TS2-INV03,AlarmWorkState1-DispatchRun,1004,Alarm,2026-04-27T11:43:31.8120000Z,2026-04-27T11:45:01.8930000Z,0.0,DispatchRun
SKB-TS1-INV07,AlarmWorkState1-DispatchRun,1004,Alarm,2026-04-27T11:43:31.8700000Z,2026-04-27T11:45:01.7470000Z,0.0,DispatchRun
SKB-TS2-INV04,AlarmWorkState1-DispatchRun,1004,Alarm,2026-04-27T11:43:32.1300000Z,2026-04-27T11:45:02.1640000Z,0.0,DispatchRun
SKB-TS1-INV06,AlarmWorkState1-DispatchRun,1004,Alarm,2026-04-27T11:43:32.1340000Z,2026-04-27T11:45:02.1280000Z,0.0,DispatchRun
SKB-TS1-INV04,AlarmWorkState1-DispatchRun,1004,Alarm,2026-04-27T11:47:03.5770000Z,2026-04-27T11:47:32.4360000Z,0.0,DispatchRun
SKB-TS2-INV06,AlarmWorkState1-DispatchRun,1004,Alarm,2026-04-27T11:47:03.5790000Z,2026-04-27T11:47:32.5040000Z,0.0,DispatchRun
SKB-TS2-INV02,AlarmWorkState1-DispatchRun,1004,Alarm,2026-04-27T11:47:03.6320000Z,2026-04-27T11:47:32.6160000Z,0.0,DispatchRun
SKB-TS1-INV07,AlarmWorkState1-DispatchRun,1004,Alarm,2026-04-27T11:47:03.6360000Z,2026-04-27T11:47:32.5160000Z,0.0,DispatchRun
SKB-TS2-INV03,AlarmWorkState1-DispatchRun,1004,Alarm,2026-04-27T11:47:03.6990000Z,2026-04-27T11:47:32.7140000Z,0.0,DispatchRun
SKB-TS1-INV06,AlarmWorkState1-DispatchRun,1004,Alarm,2026-04-27T11:47:03.7870000Z,2026-04-27T11:47:32.8340000Z,0.0,DispatchRun
SKB-TS2-INV04,AlarmWorkState1-DispatchRun,1004,Alarm,2026-04-27T11:47:03.8680000Z,2026-04-27T11:47:33.0160000Z,0.0,DispatchRun
SKB-TS2-INV06,AlarmWorkState1-DispatchRun,1004,Alarm,2026-04-27T11:48:33.4900000Z,2026-04-27T11:55:01.7260000Z,0.0,DispatchRun
SKB-TS1-INV04,AlarmWorkState1-DispatchRun,1004,Alarm,2026-04-27T11:48:34.0620000Z,2026-04-27T11:55:01.7610000Z,0.0,DispatchRun
SKB-TS2-INV02,AlarmWorkState1-DispatchRun,1004,Alarm,2026-04-27T11:48:34.1220000Z,2026-04-27T11:55:01.8580000Z,0.0,DispatchRun
SKB-TS1-INV07,AlarmWorkState1-DispatchRun,1004,Alarm,2026-04-27T11:48:34.1810000Z,2026-04-27T11:55:01.9180000Z,0.0,DispatchRun
SKB-TS2-INV03,AlarmWorkState1-DispatchRun,1004,Alarm,2026-04-27T11:48:34.2990000Z,2026-04-27T11:55:01.9590000Z,0.0,DispatchRun
SKB-TS1-INV06,AlarmWorkState1-DispatchRun,1004,Alarm,2026-04-27T11:48:34.6770000Z,2026-04-27T11:55:02.1890000Z,0.0,DispatchRun
SKB-TS2-INV04,AlarmWorkState1-DispatchRun,1004,Alarm,2026-04-27T11:48:34.7140000Z,2026-04-27T11:55:02.2380000Z,0.0,DispatchRun
SKB-TS2-INV06,AlarmWorkState1-DispatchRun,1004,Alarm,2026-04-27T12:25:30.3270000Z,2026-04-27T12:27:58.8730000Z,0.0,DispatchRun
SKB-TS1-INV04,AlarmWorkState1-DispatchRun,1004,Alarm,2026-04-27T12:25:30.3440000Z,2026-04-27T12:27:58.9020000Z,0.0,DispatchRun
SKB-TS2-INV02,AlarmWorkState1-DispatchRun,1004,Alarm,2026-04-27T12:25:30.4380000Z,2026-04-27T12:27:58.9880000Z,0.0,DispatchRun
SKB-TS1-INV07,AlarmWorkState1-DispatchRun,1004,Alarm,2026-04-27T12:25:30.4480000Z,2026-04-27T12:27:59.0630000Z,0.0,DispatchRun
SKB-TS2-INV03,AlarmWorkState1-DispatchRun,1004,Alarm,2026-04-27T12:25:30.5130000Z,2026-04-27T12:27:59.1060000Z,0.0,DispatchRun
SKB-TS1-INV06,AlarmWorkState1-DispatchRun,1004,Alarm,2026-04-27T12:25:30.7000000Z,2026-04-27T12:27:59.3090000Z,0.0,DispatchRun
SKB-TS2-INV04,AlarmWorkState1-DispatchRun,1004,Alarm,2026-04-27T12:25:30.7580000Z,2026-04-27T12:27:59.3600000Z,0.0,DispatchRun
SKB-TS2-INV06,AlarmWorkState1-DispatchRun,1004,Alarm,2026-04-27T12:37:59.9290000Z,2026-04-27T12:38:32.5780000Z,0.0,DispatchRun
SKB-TS2-INV02,AlarmWorkState1-DispatchRun,1004,Alarm,2026-04-27T12:38:00.0270000Z,2026-04-27T12:38:32.6690000Z,0.0,DispatchRun
SKB-TS1-INV04,AlarmWorkState1-DispatchRun,1004,Alarm,2026-04-27T12:38:00.0280000Z,2026-04-27T12:38:32.7490000Z,0.0,DispatchRun
SKB-TS2-INV03,AlarmWorkState1-DispatchRun,1004,Alarm,2026-04-27T12:38:00.4070000Z,2026-04-27T12:38:32.7340000Z,0.0,DispatchRun
SKB-TS1-INV07,AlarmWorkState1-DispatchRun,1004,Alarm,2026-04-27T12:38:00.4080000Z,2026-04-27T12:38:32.8220000Z,0.0,DispatchRun
SKB-TS2-INV04,AlarmWorkState1-DispatchRun,1004,Alarm,2026-04-27T12:38:00.7710000Z,2026-04-27T12:38:32.9970000Z,0.0,DispatchRun
SKB-TS1-INV06,AlarmWorkState1-DispatchRun,1004,Alarm,2026-04-27T12:38:00.8570000Z,2026-04-27T12:38:33.0900000Z,0.0,DispatchRun
SKB-TS2-INV06,AlarmWorkState1-DispatchRun,1004,Alarm,2026-04-27T12:41:02.7400000Z,2026-04-27T12:46:29.4720000Z,0.0,DispatchRun
SKB-TS1-INV04,AlarmWorkState1-DispatchRun,1004,Alarm,2026-04-27T12:41:02.7510000Z,2026-04-27T12:46:29.3210000Z,0.0,DispatchRun
SKB-TS2-INV02,AlarmWorkState1-DispatchRun,1004,Alarm,2026-04-27T12:41:02.8280000Z,2026-04-27T12:46:29.6140000Z,0.0,DispatchRun
SKB-TS1-INV07,AlarmWorkState1-DispatchRun,1004,Alarm,2026-04-27T12:41:02.8600000Z,2026-04-27T12:46:29.4640000Z,0.0,DispatchRun
SKB-TS2-INV03,AlarmWorkState1-DispatchRun,1004,Alarm,2026-04-27T12:41:02.9710000Z,2026-04-27T12:46:29.7380000Z,0.0,DispatchRun
SKB-TS1-INV06,AlarmWorkState1-DispatchRun,1004,Alarm,2026-04-27T12:41:03.1780000Z,2026-04-27T12:46:29.7820000Z,0.0,DispatchRun
SKB-TS2-INV04,AlarmWorkState1-DispatchRun,1004,Alarm,2026-04-27T12:41:03.2760000Z,2026-04-27T12:46:29.9980000Z,0.0,DispatchRun
SKB-TS2-INV06,AlarmWorkState1-DispatchRun,1004,Alarm,2026-04-27T12:47:01.6240000Z,2026-04-27T12:47:31.8200000Z,0.0,DispatchRun
SKB-TS1-INV04,AlarmWorkState1-DispatchRun,1004,Alarm,2026-04-27T12:47:01.6580000Z,2026-04-27T12:47:31.8460000Z,0.0,DispatchRun
SKB-TS2-INV02,AlarmWorkState1-DispatchRun,1004,Alarm,2026-04-27T12:47:01.7130000Z,2026-04-27T12:47:31.8570000Z,0.0,DispatchRun
SKB-TS1-INV07,AlarmWorkState1-DispatchRun,1004,Alarm,2026-04-27T12:47:01.7480000Z,2026-04-27T12:48:01.8030000Z,0.0,DispatchRun
SKB-TS2-INV03,AlarmWorkState1-DispatchRun,1004,Alarm,2026-04-27T12:47:01.8670000Z,2026-04-27T12:47:31.9530000Z,0.0,DispatchRun
SKB-TS1-INV06,AlarmWorkState1-DispatchRun,1004,Alarm,2026-04-27T12:47:02.0720000Z,2026-04-27T12:47:32.2230000Z,0.0,DispatchRun
SKB-TS2-INV04,AlarmWorkState1-DispatchRun,1004,Alarm,2026-04-27T12:47:02.1800000Z,2026-04-27T12:47:32.2200000Z,0.0,DispatchRun
SKB-TS2-INV06,AlarmWorkState1-DispatchRun,1004,Alarm,2026-04-27T12:57:01.7940000Z,2026-04-27T12:57:59.9400000Z,0.0,DispatchRun
SKB-TS1-INV04,AlarmWorkState1-DispatchRun,1004,Alarm,2026-04-27T12:57:01.8130000Z,2026-04-27T12:57:59.9390000Z,0.0,DispatchRun
SKB-TS2-INV02,AlarmWorkState1-DispatchRun,1004,Alarm,2026-04-27T12:57:01.9110000Z,2026-04-27T12:58:00.0340000Z,0.0,DispatchRun
SKB-TS1-INV07,AlarmWorkState1-DispatchRun,1004,Alarm,2026-04-27T12:57:01.9460000Z,2026-04-27T12:58:00.0330000Z,0.0,DispatchRun
SKB-TS2-INV03,AlarmWorkState1-DispatchRun,1004,Alarm,2026-04-27T12:57:02.0290000Z,2026-04-27T12:58:00.4690000Z,0.0,DispatchRun
SKB-TS1-INV06,AlarmWorkState1-DispatchRun,1004,Alarm,2026-04-27T12:57:02.1610000Z,2026-04-27T12:58:00.7650000Z,0.0,DispatchRun
SKB-TS2-INV04,AlarmWorkState1-DispatchRun,1004,Alarm,2026-04-27T12:57:02.2480000Z,2026-04-27T12:58:00.8850000Z,0.0,DispatchRun
SKB-TS2-INV06,AlarmWorkState1-DispatchRun,1004,Alarm,2026-04-27T13:07:31.0470000Z,2026-04-27T13:08:00.8910000Z,0.0,DispatchRun
SKB-TS1-INV04,AlarmWorkState1-DispatchRun,1004,Alarm,2026-04-27T13:07:31.0610000Z,2026-04-27T13:11:01.7390000Z,0.0,DispatchRun
SKB-TS2-INV02,AlarmWorkState1-DispatchRun,1004,Alarm,2026-04-27T13:07:31.1440000Z,2026-04-27T13:11:01.9880000Z,0.0,DispatchRun
SKB-TS1-INV07,AlarmWorkState1-DispatchRun,1004,Alarm,2026-04-27T13:07:31.1800000Z,2026-04-27T13:11:01.8810000Z,0.0,DispatchRun
SKB-TS2-INV03,AlarmWorkState1-DispatchRun,1004,Alarm,2026-04-27T13:07:31.2270000Z,2026-04-27T13:11:02.0960000Z,0.0,DispatchRun
SKB-TS1-INV06,AlarmWorkState1-DispatchRun,1004,Alarm,2026-04-27T13:07:31.4640000Z,2026-04-27T13:11:02.1760000Z,0.0,DispatchRun
SKB-TS2-INV04,AlarmWorkState1-DispatchRun,1004,Alarm,2026-04-27T13:07:31.5300000Z,2026-04-27T13:08:01.7720000Z,0.0,DispatchRun
SKB-TS2-INV06,AlarmWorkState1-DispatchRun,1004,Alarm,2026-04-27T13:08:32.5890000Z,2026-04-27T13:11:01.8820000Z,0.0,DispatchRun
SKB-TS2-INV04,AlarmWorkState1-DispatchRun,1004,Alarm,2026-04-27T13:08:33.0850000Z,2026-04-27T13:11:02.4050000Z,0.0,DispatchRun
SKB-TS1-INV04,AlarmWorkState1-DispatchRun,1004,Alarm,2026-04-27T13:11:59.8580000Z,2026-04-27T13:13:01.8250000Z,0.0,DispatchRun
SKB-TS2-INV06,AlarmWorkState1-DispatchRun,1004,Alarm,2026-04-27T13:11:59.9250000Z,2026-04-27T13:13:01.8970000Z,0.0,DispatchRun
SKB-TS1-INV07,AlarmWorkState1-DispatchRun,1004,Alarm,2026-04-27T13:11:59.9540000Z,2026-04-27T13:13:01.9180000Z,0.0,DispatchRun
SKB-TS2-INV02,AlarmWorkState1-DispatchRun,1004,Alarm,2026-04-27T13:12:00.0390000Z,2026-04-27T13:13:02.0440000Z,0.0,DispatchRun
SKB-TS2-INV03,AlarmWorkState1-DispatchRun,1004,Alarm,2026-04-27T13:12:00.4430000Z,2026-04-27T13:13:02.2660000Z,0.0,DispatchRun
SKB-TS1-INV06,AlarmWorkState1-DispatchRun,1004,Alarm,2026-04-27T13:12:00.5070000Z,2026-04-27T13:13:02.3930000Z,0.0,DispatchRun
SKB-TS2-INV04,AlarmWorkState1-DispatchRun,1004,Alarm,2026-04-27T13:12:00.7610000Z,2026-04-27T13:13:02.5080000Z,0.0,DispatchRun
SKB-TS2-INV06,AlarmWorkState1-DispatchRun,1004,Alarm,2026-04-27T13:17:02.8190000Z,2026-04-27T13:17:32.2980000Z,0.0,DispatchRun
SKB-TS2-INV02,AlarmWorkState1-DispatchRun,1004,Alarm,2026-04-27T13:17:02.9590000Z,2026-04-27T13:17:32.3440000Z,0.0,DispatchRun
SKB-TS2-INV03,AlarmWorkState1-DispatchRun,1004,Alarm,2026-04-27T13:17:03.0750000Z,2026-04-27T13:17:32.4810000Z,0.0,DispatchRun
SKB-TS1-INV04,AlarmWorkState1-DispatchRun,1004,Alarm,2026-04-27T13:17:03.1620000Z,2026-04-27T13:17:32.4520000Z,0.0,DispatchRun
SKB-TS1-INV07,AlarmWorkState1-DispatchRun,1004,Alarm,2026-04-27T13:17:03.2040000Z,2026-04-27T13:17:32.5540000Z,0.0,DispatchRun
SKB-TS2-INV04,AlarmWorkState1-DispatchRun,1004,Alarm,2026-04-27T13:17:03.3220000Z,2026-04-27T13:17:32.7770000Z,0.0,DispatchRun
SKB-TS1-INV06,AlarmWorkState1-DispatchRun,1004,Alarm,2026-04-27T13:17:03.5120000Z,2026-04-27T13:17:32.8310000Z,0.0,DispatchRun
SKB-TS2-INV06,AlarmWorkState1-DispatchRun,1004,Alarm,2026-04-27T13:19:00.9340000Z,2026-04-27T13:24:00.6840000Z,0.0,DispatchRun
SKB-TS1-INV04,AlarmWorkState1-DispatchRun,1004,Alarm,2026-04-27T13:19:01.0260000Z,2026-04-27T13:24:00.7090000Z,0.0,DispatchRun
SKB-TS2-INV02,AlarmWorkState1-DispatchRun,1004,Alarm,2026-04-27T13:19:01.1100000Z,2026-04-27T13:24:00.8450000Z,0.0,DispatchRun
SKB-TS1-INV07,AlarmWorkState1-DispatchRun,1004,Alarm,2026-04-27T13:19:01.2030000Z,2026-04-27T13:23:31.7890000Z,0.0,DispatchRun
SKB-TS2-INV03,AlarmWorkState1-DispatchRun,1004,Alarm,2026-04-27T13:19:01.3170000Z,2026-04-27T13:23:31.8550000Z,0.0,DispatchRun
SKB-TS1-INV06,AlarmWorkState1-DispatchRun,1004,Alarm,2026-04-27T13:19:02.3960000Z,2026-04-27T13:23:32.1130000Z,0.0,DispatchRun
SKB-TS2-INV04,AlarmWorkState1-DispatchRun,1004,Alarm,2026-04-27T13:19:02.4750000Z,2026-04-27T13:23:32.2090000Z,0.0,DispatchRun
SKB-TS1-INV04,AlarmWorkState1-DispatchRun,1004,Alarm,2026-04-27T13:32:29.6040000Z,2026-04-27T13:32:59.6230000Z,0.0,DispatchRun
SKB-TS1-INV07,AlarmWorkState1-DispatchRun,1004,Alarm,2026-04-27T13:32:29.7080000Z,2026-04-27T13:32:59.7610000Z,0.0,DispatchRun
SKB-TS2-INV06,AlarmWorkState1-DispatchRun,1004,Alarm,2026-04-27T13:32:29.7630000Z,2026-04-27T13:32:59.7370000Z,0.0,DispatchRun
SKB-TS2-INV02,AlarmWorkState1-DispatchRun,1004,Alarm,2026-04-27T13:32:29.8580000Z,2026-04-27T13:32:59.8430000Z,0.0,DispatchRun
SKB-TS2-INV03,AlarmWorkState1-DispatchRun,1004,Alarm,2026-04-27T13:32:29.9460000Z,2026-04-27T13:32:59.9530000Z,0.0,DispatchRun
SKB-TS1-INV06,AlarmWorkState1-DispatchRun,1004,Alarm,2026-04-27T13:32:30.0270000Z,2026-04-27T13:33:00.3350000Z,0.0,DispatchRun
SKB-TS2-INV04,AlarmWorkState1-DispatchRun,1004,Alarm,2026-04-27T13:32:30.1720000Z,2026-04-27T13:33:01.1920000Z,0.0,DispatchRun
SKB-TS2-INV06,AlarmWorkState1-DispatchRun,1004,Alarm,2026-04-27T13:39:00.6460000Z,2026-04-27T13:47:29.8350000Z,0.0,DispatchRun
SKB-TS1-INV04,AlarmWorkState1-DispatchRun,1004,Alarm,2026-04-27T13:39:00.7000000Z,2026-04-27T13:47:29.9530000Z,0.0,DispatchRun
SKB-TS2-INV02,AlarmWorkState1-DispatchRun,1004,Alarm,2026-04-27T13:39:00.8040000Z,2026-04-27T13:46:58.9070000Z,0.0,DispatchRun
SKB-TS1-INV07,AlarmWorkState1-DispatchRun,1004,Alarm,2026-04-27T13:39:00.9010000Z,2026-04-27T13:47:30.0360000Z,0.0,DispatchRun
SKB-TS2-INV03,AlarmWorkState1-DispatchRun,1004,Alarm,2026-04-27T13:39:00.9530000Z,2026-04-27T13:47:30.0510000Z,0.0,DispatchRun
SKB-TS1-INV06,AlarmWorkState1-DispatchRun,1004,Alarm,2026-04-27T13:39:01.3470000Z,2026-04-27T13:47:30.4650000Z,0.0,DispatchRun
SKB-TS2-INV04,AlarmWorkState1-DispatchRun,1004,Alarm,2026-04-27T13:39:01.4410000Z,2026-04-27T13:47:30.4640000Z,0.0,DispatchRun
SKB-TS1-INV05,AlarmWorkState1-AlarmRun,1001,Alarm,2026-04-27T13:48:01.2770000Z,2026-04-27T13:50:34.1830000Z,0.0,AlarmRun
SKB-TS1-INV04,AlarmWorkState1-DispatchRun,1004,Alarm,2026-04-27T13:54:30.8910000Z,2026-04-27T13:54:59.0440000Z,0.0,DispatchRun
SKB-TS2-INV06,AlarmWorkState1-DispatchRun,1004,Alarm,2026-04-27T13:54:30.9740000Z,2026-04-27T13:54:58.9230000Z,0.0,DispatchRun
SKB-TS1-INV07,AlarmWorkState1-DispatchRun,1004,Alarm,2026-04-27T13:54:31.0030000Z,2026-04-27T13:54:59.1040000Z,0.0,DispatchRun
SKB-TS2-INV03,AlarmWorkState1-DispatchRun,1004,Alarm,2026-04-27T13:54:31.1880000Z,2026-04-27T13:54:59.0830000Z,0.0,DispatchRun
SKB-TS1-INV06,AlarmWorkState1-DispatchRun,1004,Alarm,2026-04-27T13:54:31.3030000Z,2026-04-27T13:54:59.4430000Z,0.0,DispatchRun
SKB-TS2-INV02,AlarmWorkState1-DispatchRun,1004,Alarm,2026-04-27T13:56:01.1990000Z,2026-04-27T13:56:31.1020000Z,0.0,DispatchRun
SKB-TS2-INV06,AlarmWorkState1-DispatchRun,1004,Alarm,2026-04-27T13:57:32.9900000Z,2026-04-27T13:59:02.7460000Z,0.0,DispatchRun
SKB-TS1-INV04,AlarmWorkState1-DispatchRun,1004,Alarm,2026-04-27T13:57:32.9910000Z,2026-04-27T13:59:02.7050000Z,0.0,DispatchRun
SKB-TS2-INV02,AlarmWorkState1-DispatchRun,1004,Alarm,2026-04-27T13:57:33.1140000Z,2026-04-27T13:59:02.8690000Z,0.0,DispatchRun
SKB-TS1-INV07,AlarmWorkState1-DispatchRun,1004,Alarm,2026-04-27T13:57:33.1150000Z,2026-04-27T13:59:02.7890000Z,0.0,DispatchRun
SKB-TS2-INV03,AlarmWorkState1-DispatchRun,1004,Alarm,2026-04-27T13:57:33.1940000Z,2026-04-27T13:59:02.9570000Z,0.0,DispatchRun
SKB-TS1-INV06,AlarmWorkState1-DispatchRun,1004,Alarm,2026-04-27T13:57:33.4180000Z,2026-04-27T13:59:03.1350000Z,0.0,DispatchRun
SKB-TS2-INV04,AlarmWorkState1-DispatchRun,1004,Alarm,2026-04-27T13:57:33.5430000Z,2026-04-27T13:59:03.2480000Z,0.0,DispatchRun
SKB-TS1-INV04,AlarmWorkState1-DispatchRun,1004,Alarm,2026-04-27T14:00:32.5270000Z,2026-04-27T14:01:29.4720000Z,0.0,DispatchRun
SKB-TS2-INV03,AlarmWorkState1-DispatchRun,1004,Alarm,2026-04-27T14:00:32.6300000Z,2026-04-27T14:01:29.7780000Z,0.0,DispatchRun
SKB-TS1-INV06,AlarmWorkState1-DispatchRun,1004,Alarm,2026-04-27T14:00:32.8230000Z,2026-04-27T14:01:29.8930000Z,0.0,DispatchRun
SKB-TS2-INV06,AlarmWorkState1-DispatchRun,1004,Alarm,2026-04-27T14:00:58.9810000Z,2026-04-27T14:01:29.5850000Z,0.0,DispatchRun
SKB-TS2-INV02,AlarmWorkState1-DispatchRun,1004,Alarm,2026-04-27T14:00:59.1430000Z,2026-04-27T14:01:29.6520000Z,0.0,DispatchRun
SKB-TS1-INV07,AlarmWorkState1-DispatchRun,1004,Alarm,2026-04-27T14:00:59.2880000Z,2026-04-27T14:01:29.5900000Z,0.0,DispatchRun
SKB-TS2-INV04,AlarmWorkState1-DispatchRun,1004,Alarm,2026-04-27T14:00:59.6780000Z,2026-04-27T14:01:29.9940000Z,0.0,DispatchRun
SKB-TS1-INV05,AlarmWorkState1-AlarmRun,1001,Alarm,2026-04-27T15:03:32.2420000Z,2026-04-27T15:21:30.3500000Z,0.0,AlarmRun
SKB-TS1-INV05,AlarmWorkState1-AlarmRun,1001,Alarm,2026-04-28T06:09:00.4880000Z,2026-04-28T07:48:31.3770000Z,0.0,AlarmRun
SKB-TS2-INV02,AlarmWorkState1-DispatchRun,1004,Alarm,2026-04-28T08:03:59.3350000Z,2026-04-28T08:04:32.4330000Z,0.0,DispatchRun
SKB-TS1-INV07,AlarmWorkState1-DispatchRun,1004,Alarm,2026-04-28T08:03:59.3410000Z,2026-04-28T08:04:32.5260000Z,0.0,DispatchRun
SKB-TS2-INV03,AlarmWorkState1-DispatchRun,1004,Alarm,2026-04-28T08:03:59.4180000Z,2026-04-28T08:04:32.5320000Z,0.0,DispatchRun
SKB-TS1-INV06,AlarmWorkState1-DispatchRun,1004,Alarm,2026-04-28T08:03:59.6950000Z,2026-04-28T08:04:32.8670000Z,0.0,DispatchRun
SKB-TS2-INV04,AlarmWorkState1-DispatchRun,1004,Alarm,2026-04-28T08:03:59.8690000Z,2026-04-28T08:04:32.8920000Z,0.0,DispatchRun
SKB-TS1-INV04,AlarmWorkState1-DispatchRun,1004,Alarm,2026-04-28T08:05:29.2510000Z,2026-04-28T08:06:29.1040000Z,0.0,DispatchRun
SKB-TS2-INV06,AlarmWorkState1-DispatchRun,1004,Alarm,2026-04-28T08:05:29.2710000Z,2026-04-28T08:06:29.3660000Z,0.0,DispatchRun
SKB-TS1-INV07,AlarmWorkState1-DispatchRun,1004,Alarm,2026-04-28T08:05:29.3330000Z,2026-04-28T08:06:29.2110000Z,0.0,DispatchRun
SKB-TS2-INV02,AlarmWorkState1-DispatchRun,1004,Alarm,2026-04-28T08:05:29.3540000Z,2026-04-28T08:06:29.4870000Z,0.0,DispatchRun
SKB-TS2-INV03,AlarmWorkState1-DispatchRun,1004,Alarm,2026-04-28T08:05:29.4860000Z,2026-04-28T08:06:29.6220000Z,0.0,DispatchRun
SKB-TS1-INV06,AlarmWorkState1-DispatchRun,1004,Alarm,2026-04-28T08:05:29.6400000Z,2026-04-28T08:06:29.5480000Z,0.0,DispatchRun
SKB-TS2-INV04,AlarmWorkState1-DispatchRun,1004,Alarm,2026-04-28T08:05:29.7470000Z,2026-04-28T08:06:29.8770000Z,0.0,DispatchRun
SKB-TS1-INV04,AlarmWorkState1-DispatchRun,1004,Alarm,2026-04-28T08:08:32.3500000Z,2026-04-28T08:10:30.6790000Z,0.0,DispatchRun
SKB-TS2-INV06,AlarmWorkState1-DispatchRun,1004,Alarm,2026-04-28T08:08:32.3510000Z,2026-04-28T08:10:30.7470000Z,0.0,DispatchRun
SKB-TS1-INV07,AlarmWorkState1-DispatchRun,1004,Alarm,2026-04-28T08:08:32.4350000Z,2026-04-28T08:10:30.8410000Z,0.0,DispatchRun
SKB-TS2-INV02,AlarmWorkState1-DispatchRun,1004,Alarm,2026-04-28T08:08:32.4360000Z,2026-04-28T08:10:30.8780000Z,0.0,DispatchRun
SKB-TS2-INV03,AlarmWorkState1-DispatchRun,1004,Alarm,2026-04-28T08:08:32.5300000Z,2026-04-28T08:10:31.0120000Z,0.0,DispatchRun
SKB-TS1-INV06,AlarmWorkState1-DispatchRun,1004,Alarm,2026-04-28T08:08:32.7400000Z,2026-04-28T08:10:31.2220000Z,0.0,DispatchRun
SKB-TS2-INV04,AlarmWorkState1-DispatchRun,1004,Alarm,2026-04-28T08:08:32.8630000Z,2026-04-28T08:10:31.2990000Z,0.0,DispatchRun
SKB-TS1-INV04,AlarmWorkState1-DispatchRun,1004,Alarm,2026-04-28T08:10:59.1710000Z,2026-04-28T08:13:31.7270000Z,0.0,DispatchRun
SKB-TS2-INV06,AlarmWorkState1-DispatchRun,1004,Alarm,2026-04-28T08:10:59.1880000Z,2026-04-28T08:13:31.8020000Z,0.0,DispatchRun
SKB-TS1-INV07,AlarmWorkState1-DispatchRun,1004,Alarm,2026-04-28T08:10:59.2970000Z,2026-04-28T08:13:31.8430000Z,0.0,DispatchRun
SKB-TS2-INV02,AlarmWorkState1-DispatchRun,1004,Alarm,2026-04-28T08:10:59.3260000Z,2026-04-28T08:13:31.9200000Z,0.0,DispatchRun
SKB-TS2-INV03,AlarmWorkState1-DispatchRun,1004,Alarm,2026-04-28T08:10:59.3950000Z,2026-04-28T08:13:32.0370000Z,0.0,DispatchRun
SKB-TS1-INV06,AlarmWorkState1-DispatchRun,1004,Alarm,2026-04-28T08:10:59.6340000Z,2026-04-28T08:13:32.1500000Z,0.0,DispatchRun
SKB-TS2-INV04,AlarmWorkState1-DispatchRun,1004,Alarm,2026-04-28T08:10:59.7560000Z,2026-04-28T08:13:32.2510000Z,0.0,DispatchRun
SKB-TS2-INV06,AlarmWorkState1-DispatchRun,1004,Alarm,2026-04-28T08:15:01.9620000Z,2026-04-28T08:15:59.1120000Z,0.0,DispatchRun
SKB-TS1-INV04,AlarmWorkState1-DispatchRun,1004,Alarm,2026-04-28T08:15:01.9980000Z,2026-04-28T08:15:59.1640000Z,0.0,DispatchRun
SKB-TS2-INV02,AlarmWorkState1-DispatchRun,1004,Alarm,2026-04-28T08:15:02.0360000Z,2026-04-28T08:15:59.1630000Z,0.0,DispatchRun
SKB-TS1-INV07,AlarmWorkState1-DispatchRun,1004,Alarm,2026-04-28T08:15:02.0580000Z,2026-04-28T08:15:59.2070000Z,0.0,DispatchRun
SKB-TS2-INV03,AlarmWorkState1-DispatchRun,1004,Alarm,2026-04-28T08:15:02.1460000Z,2026-04-28T08:15:59.1920000Z,0.0,DispatchRun
SKB-TS1-INV06,AlarmWorkState1-DispatchRun,1004,Alarm,2026-04-28T08:15:02.3340000Z,2026-04-28T08:15:59.4860000Z,0.0,DispatchRun
SKB-TS2-INV04,AlarmWorkState1-DispatchRun,1004,Alarm,2026-04-28T08:15:02.4540000Z,2026-04-28T08:15:59.4720000Z,0.0,DispatchRun
SKB-TS1-INV04,AlarmWorkState1-DispatchRun,1004,Alarm,2026-04-28T08:17:02.7040000Z,2026-04-28T08:22:59.2990000Z,0.0,DispatchRun
SKB-TS2-INV06,AlarmWorkState1-DispatchRun,1004,Alarm,2026-04-28T08:17:02.7140000Z,2026-04-28T08:22:59.2720000Z,0.0,DispatchRun
SKB-TS1-INV07,AlarmWorkState1-DispatchRun,1004,Alarm,2026-04-28T08:17:02.7480000Z,2026-04-28T08:22:59.3730000Z,0.0,DispatchRun
SKB-TS2-INV02,AlarmWorkState1-DispatchRun,1004,Alarm,2026-04-28T08:17:02.7740000Z,2026-04-28T08:22:59.3670000Z,0.0,DispatchRun
SKB-TS2-INV03,AlarmWorkState1-DispatchRun,1004,Alarm,2026-04-28T08:17:02.9150000Z,2026-04-28T08:22:59.4500000Z,0.0,DispatchRun
SKB-TS1-INV06,AlarmWorkState1-DispatchRun,1004,Alarm,2026-04-28T08:17:03.0720000Z,2026-04-28T08:22:59.6990000Z,0.0,DispatchRun
SKB-TS2-INV04,AlarmWorkState1-DispatchRun,1004,Alarm,2026-04-28T08:17:03.1740000Z,2026-04-28T08:22:59.7500000Z,0.0,DispatchRun
SKB-TS1-INV05,AlarmWorkState1-AlarmRun,1001,Alarm,2026-04-28T08:18:31.3940000Z,2026-04-28T14:32:03.0370000Z,0.0,AlarmRun
SKB-TS2-INV06,AlarmWorkState1-DispatchRun,1004,Alarm,2026-04-28T08:24:31.9590000Z,2026-04-28T08:39:01.8360000Z,0.0,DispatchRun
SKB-TS1-INV04,AlarmWorkState1-DispatchRun,1004,Alarm,2026-04-28T08:24:32.0630000Z,2026-04-28T08:39:01.8920000Z,0.0,DispatchRun
SKB-TS2-INV02,AlarmWorkState1-DispatchRun,1004,Alarm,2026-04-28T08:24:32.0860000Z,2026-04-28T08:39:01.9030000Z,0.0,DispatchRun
SKB-TS1-INV07,AlarmWorkState1-DispatchRun,1004,Alarm,2026-04-28T08:24:32.1950000Z,2026-04-28T08:39:01.9220000Z,0.0,DispatchRun
SKB-TS2-INV03,AlarmWorkState1-DispatchRun,1004,Alarm,2026-04-28T08:24:32.1990000Z,2026-04-28T08:39:01.9560000Z,0.0,DispatchRun
SKB-TS1-INV06,AlarmWorkState1-DispatchRun,1004,Alarm,2026-04-28T08:24:32.4910000Z,2026-04-28T08:39:02.1410000Z,0.0,DispatchRun
SKB-TS2-INV04,AlarmWorkState1-DispatchRun,1004,Alarm,2026-04-28T08:24:32.5180000Z,2026-04-28T08:39:02.1940000Z,0.0,DispatchRun
SKB-TS2-INV06,AlarmWorkState1-DispatchRun,1004,Alarm,2026-04-28T08:41:01.0620000Z,2026-04-28T08:42:00.7670000Z,0.0,DispatchRun
SKB-TS1-INV04,AlarmWorkState1-DispatchRun,1004,Alarm,2026-04-28T08:41:01.0960000Z,2026-04-28T08:42:00.7900000Z,0.0,DispatchRun
SKB-TS2-INV02,AlarmWorkState1-DispatchRun,1004,Alarm,2026-04-28T08:41:01.2090000Z,2026-04-28T08:42:00.9180000Z,0.0,DispatchRun
SKB-TS1-INV07,AlarmWorkState1-DispatchRun,1004,Alarm,2026-04-28T08:41:01.2180000Z,2026-04-28T08:42:00.9400000Z,0.0,DispatchRun
SKB-TS2-INV03,AlarmWorkState1-DispatchRun,1004,Alarm,2026-04-28T08:41:01.3530000Z,2026-04-28T08:42:01.1160000Z,0.0,DispatchRun
SKB-TS1-INV06,AlarmWorkState1-DispatchRun,1004,Alarm,2026-04-28T08:41:01.5900000Z,2026-04-28T08:42:01.8340000Z,0.0,DispatchRun
SKB-TS2-INV04,AlarmWorkState1-DispatchRun,1004,Alarm,2026-04-28T08:41:01.6780000Z,2026-04-28T08:42:01.9860000Z,0.0,DispatchRun
SKB-TS2-INV06,AlarmWorkState1-DispatchRun,1004,Alarm,2026-04-28T08:42:30.7470000Z,2026-04-28T13:20:33.4740000Z,0.0,DispatchRun
SKB-TS1-INV04,AlarmWorkState1-DispatchRun,1004,Alarm,2026-04-28T08:42:30.7870000Z,2026-04-28T10:33:03.4240000Z,0.0,DispatchRun
SKB-TS2-INV02,AlarmWorkState1-DispatchRun,1004,Alarm,2026-04-28T08:42:30.8100000Z,2026-04-28T13:20:33.5710000Z,0.0,DispatchRun
SKB-TS1-INV07,AlarmWorkState1-DispatchRun,1004,Alarm,2026-04-28T08:42:30.8780000Z,2026-04-28T10:33:03.5010000Z,0.0,DispatchRun
SKB-TS2-INV03,AlarmWorkState1-DispatchRun,1004,Alarm,2026-04-28T08:42:30.9020000Z,2026-04-28T10:33:03.6190000Z,0.0,DispatchRun
SKB-TS2-INV04,AlarmWorkState1-DispatchRun,1004,Alarm,2026-04-28T08:42:31.0830000Z,2026-04-28T10:33:03.9650000Z,0.0,DispatchRun
SKB-TS1-INV06,AlarmWorkState1-DispatchRun,1004,Alarm,2026-04-28T08:42:31.0860000Z,2026-04-28T13:20:34.0430000Z,0.0,DispatchRun
SKB-TS1-INV04,AlarmWorkState1-DispatchRun,1004,Alarm,2026-04-28T10:33:29.9600000Z,2026-04-28T13:20:33.5690000Z,0.0,DispatchRun
SKB-TS1-INV07,AlarmWorkState1-DispatchRun,1004,Alarm,2026-04-28T10:33:30.1200000Z,2026-04-28T13:20:33.7240000Z,0.0,DispatchRun
SKB-TS2-INV03,AlarmWorkState1-DispatchRun,1004,Alarm,2026-04-28T10:33:30.1660000Z,2026-04-28T13:20:33.7270000Z,0.0,DispatchRun
SKB-TS2-INV04,AlarmWorkState1-DispatchRun,1004,Alarm,2026-04-28T10:33:30.4840000Z,2026-04-28T13:21:32.2070000Z,0.0,DispatchRun
SKB-TS1-INV05,AlarmWorkState1-AlarmRun,1001,Alarm,2026-04-28T14:43:30.3000000Z,2026-04-28T15:15:32.0080000Z,0.0,AlarmRun
SKB-TS1-INV05,AlarmWorkState1-AlarmRun,1001,Alarm,2026-04-28T15:34:29.7460000Z,2026-04-28T15:44:00.8980000Z,0.0,AlarmRun
SKB-TS1-INV05,AlarmWorkState1-AlarmRun,1001,Alarm,2026-04-29T06:10:00.6480000Z,2026-04-29T07:17:02.4370000Z,0.0,AlarmRun
SKB-TS1-INV05,AlarmWorkState1-AlarmRun,1001,Alarm,2026-04-29T07:31:01.2980000Z,2026-04-29T09:48:59.8070000Z,0.0,AlarmRun
SKB-TS1-INV05,AlarmWorkState1-AlarmRun,1001,Alarm,2026-04-29T10:15:31.8710000Z,2026-04-29T10:31:32.4550000Z,0.0,AlarmRun
SKB-TS1-INV04,AlarmWorkState1-DispatchRun,1004,Alarm,2026-04-29T10:25:31.5060000Z,2026-04-29T10:26:02.4110000Z,0.0,DispatchRun
SKB-TS1-INV07,AlarmWorkState1-DispatchRun,1004,Alarm,2026-04-29T10:25:31.6440000Z,2026-04-29T10:26:02.4890000Z,0.0,DispatchRun
SKB-TS1-INV06,AlarmWorkState1-DispatchRun,1004,Alarm,2026-04-29T10:25:31.8580000Z,2026-04-29T10:26:02.7480000Z,0.0,DispatchRun
SKB-TS1-INV05,AlarmWorkState1-AlarmRun,1001,Alarm,2026-04-29T11:54:02.2070000Z,2026-04-29T12:02:29.9430000Z,0.0,AlarmRun
SKB-TS1-INV05,AlarmWorkState1-AlarmRun,1001,Alarm,2026-04-30T06:59:02.3160000Z,2026-04-30T10:24:33.2600000Z,0.0,AlarmRun
SKB-TS2-INV06,AlarmWorkState1-DispatchRun,1004,Alarm,2026-04-30T08:12:32.6760000Z,2026-04-30T08:13:30.0940000Z,0.0,DispatchRun
SKB-TS1-INV04,AlarmWorkState1-DispatchRun,1004,Alarm,2026-04-30T08:12:32.7330000Z,2026-04-30T08:13:30.1780000Z,0.0,DispatchRun
SKB-TS2-INV02,AlarmWorkState1-DispatchRun,1004,Alarm,2026-04-30T08:12:32.7710000Z,2026-04-30T08:13:30.2020000Z,0.0,DispatchRun
SKB-TS1-INV07,AlarmWorkState1-DispatchRun,1004,Alarm,2026-04-30T08:12:32.8590000Z,2026-04-30T08:13:30.2970000Z,0.0,DispatchRun
SKB-TS2-INV03,AlarmWorkState1-DispatchRun,1004,Alarm,2026-04-30T08:12:32.8960000Z,2026-04-30T08:13:30.3300000Z,0.0,DispatchRun
SKB-TS1-INV06,AlarmWorkState1-DispatchRun,1004,Alarm,2026-04-30T08:12:33.2310000Z,2026-04-30T08:13:30.6740000Z,0.0,DispatchRun
SKB-TS2-INV04,AlarmWorkState1-DispatchRun,1004,Alarm,2026-04-30T08:12:33.2610000Z,2026-04-30T08:13:03.3500000Z,0.0,DispatchRun
SKB-TS2-INV06,AlarmWorkState1-DispatchRun,1004,Alarm,2026-04-30T08:14:00.7200000Z,2026-04-30T08:20:30.0100000Z,0.0,DispatchRun
SKB-TS1-INV04,AlarmWorkState1-DispatchRun,1004,Alarm,2026-04-30T08:14:00.7580000Z,2026-04-30T08:20:30.0130000Z,0.0,DispatchRun
SKB-TS2-INV02,AlarmWorkState1-DispatchRun,1004,Alarm,2026-04-30T08:14:00.9410000Z,2026-04-30T08:20:30.0960000Z,0.0,DispatchRun
SKB-TS1-INV07,AlarmWorkState1-DispatchRun,1004,Alarm,2026-04-30T08:14:00.9760000Z,2026-04-30T08:20:30.0940000Z,0.0,DispatchRun
SKB-TS2-INV03,AlarmWorkState1-DispatchRun,1004,Alarm,2026-04-30T08:14:01.0350000Z,2026-04-30T08:20:30.1640000Z,0.0,DispatchRun
SKB-TS1-INV06,AlarmWorkState1-DispatchRun,1004,Alarm,2026-04-30T08:14:01.4910000Z,2026-04-30T08:20:30.3830000Z,0.0,DispatchRun
SKB-TS2-INV04,AlarmWorkState1-DispatchRun,1004,Alarm,2026-04-30T08:14:01.5780000Z,2026-04-30T08:20:30.5220000Z,0.0,DispatchRun
SKB-TS1-INV04,AlarmWorkState1-DispatchRun,1004,Alarm,2026-04-30T08:21:01.8910000Z,2026-04-30T08:24:33.6270000Z,0.0,DispatchRun
SKB-TS2-INV06,AlarmWorkState1-DispatchRun,1004,Alarm,2026-04-30T08:21:01.9240000Z,2026-04-30T08:24:33.7200000Z,0.0,DispatchRun
SKB-TS1-INV07,AlarmWorkState1-DispatchRun,1004,Alarm,2026-04-30T08:21:01.9970000Z,2026-04-30T08:24:33.7470000Z,0.0,DispatchRun
SKB-TS2-INV02,AlarmWorkState1-DispatchRun,1004,Alarm,2026-04-30T08:21:02.0270000Z,2026-04-30T08:37:30.1700000Z,0.0,DispatchRun
SKB-TS2-INV03,AlarmWorkState1-DispatchRun,1004,Alarm,2026-04-30T08:21:02.1260000Z,2026-04-30T08:37:30.9020000Z,0.0,DispatchRun
SKB-TS1-INV06,AlarmWorkState1-DispatchRun,1004,Alarm,2026-04-30T08:21:02.3030000Z,2026-04-30T08:24:34.1620000Z,0.0,DispatchRun
SKB-TS2-INV04,AlarmWorkState1-DispatchRun,1004,Alarm,2026-04-30T08:21:02.4180000Z,2026-04-30T08:37:31.2240000Z,0.0,DispatchRun
SKB-TS1-INV04,AlarmWorkState1-DispatchRun,1004,Alarm,2026-04-30T08:24:59.9950000Z,2026-04-30T08:37:30.0540000Z,0.0,DispatchRun
SKB-TS2-INV06,AlarmWorkState1-DispatchRun,1004,Alarm,2026-04-30T08:25:00.0110000Z,2026-04-30T08:37:30.0410000Z,0.0,DispatchRun
SKB-TS1-INV07,AlarmWorkState1-DispatchRun,1004,Alarm,2026-04-30T08:25:00.0550000Z,2026-04-30T08:37:30.2170000Z,0.0,DispatchRun
SKB-TS1-INV06,AlarmWorkState1-DispatchRun,1004,Alarm,2026-04-30T08:25:01.6080000Z,2026-04-30T08:37:31.1440000Z,0.0,DispatchRun
SKB-TS2-INV06,AlarmWorkState1-DispatchRun,1004,Alarm,2026-04-30T09:04:34.0500000Z,2026-04-30T09:06:02.2550000Z,0.0,DispatchRun
SKB-TS1-INV04,AlarmWorkState1-DispatchRun,1004,Alarm,2026-04-30T09:04:34.0770000Z,2026-04-30T09:06:02.1730000Z,0.0,DispatchRun
SKB-TS2-INV02,AlarmWorkState1-DispatchRun,1004,Alarm,2026-04-30T09:04:34.1030000Z,2026-04-30T09:06:02.3340000Z,0.0,DispatchRun
SKB-TS1-INV07,AlarmWorkState1-DispatchRun,1004,Alarm,2026-04-30T09:04:34.1780000Z,2026-04-30T09:06:02.2530000Z,0.0,DispatchRun
SKB-TS2-INV03,AlarmWorkState1-DispatchRun,1004,Alarm,2026-04-30T09:04:34.2610000Z,2026-04-30T09:06:02.4560000Z,0.0,DispatchRun
SKB-TS1-INV06,AlarmWorkState1-DispatchRun,1004,Alarm,2026-04-30T09:04:34.5210000Z,2026-04-30T09:06:02.5490000Z,0.0,DispatchRun
SKB-TS2-INV04,AlarmWorkState1-DispatchRun,1004,Alarm,2026-04-30T09:04:34.5780000Z,2026-04-30T09:06:02.7130000Z,0.0,DispatchRun
SKB-TS2-INV06,AlarmWorkState1-DispatchRun,1004,Alarm,2026-04-30T09:14:59.9380000Z,2026-04-30T09:19:01.9940000Z,0.0,DispatchRun
SKB-TS1-INV04,AlarmWorkState1-DispatchRun,1004,Alarm,2026-04-30T09:14:59.9450000Z,2026-04-30T09:19:02.0180000Z,0.0,DispatchRun
SKB-TS2-INV02,AlarmWorkState1-DispatchRun,1004,Alarm,2026-04-30T09:14:59.9700000Z,2026-04-30T09:19:02.0890000Z,0.0,DispatchRun
SKB-TS1-INV07,AlarmWorkState1-DispatchRun,1004,Alarm,2026-04-30T09:14:59.9850000Z,2026-04-30T09:19:02.1190000Z,0.0,DispatchRun
SKB-TS2-INV03,AlarmWorkState1-DispatchRun,1004,Alarm,2026-04-30T09:15:00.3460000Z,2026-04-30T09:19:02.1990000Z,0.0,DispatchRun
SKB-TS1-INV06,AlarmWorkState1-DispatchRun,1004,Alarm,2026-04-30T09:15:03.0380000Z,2026-04-30T09:19:03.1980000Z,0.0,DispatchRun
SKB-TS2-INV04,AlarmWorkState1-DispatchRun,1004,Alarm,2026-04-30T09:15:03.0810000Z,2026-04-30T09:19:03.2130000Z,0.0,DispatchRun
SKB-TS2-INV06,AlarmWorkState1-DispatchRun,1004,Alarm,2026-04-30T09:21:31.0280000Z,2026-04-30T09:26:35.6670000Z,0.0,DispatchRun
SKB-TS2-INV02,AlarmWorkState1-DispatchRun,1004,Alarm,2026-04-30T09:21:31.1070000Z,2026-04-30T09:26:35.8030000Z,0.0,DispatchRun
SKB-TS1-INV04,AlarmWorkState1-DispatchRun,1004,Alarm,2026-04-30T09:21:31.1210000Z,2026-04-30T09:26:35.8460000Z,0.0,DispatchRun
SKB-TS2-INV03,AlarmWorkState1-DispatchRun,1004,Alarm,2026-04-30T09:21:31.1830000Z,2026-04-30T09:26:35.9010000Z,0.0,DispatchRun
SKB-TS1-INV07,AlarmWorkState1-DispatchRun,1004,Alarm,2026-04-30T09:21:31.2030000Z,2026-04-30T09:26:36.0000000Z,0.0,DispatchRun
SKB-TS2-INV04,AlarmWorkState1-DispatchRun,1004,Alarm,2026-04-30T09:21:31.4880000Z,2026-04-30T09:26:36.2530000Z,0.0,DispatchRun
SKB-TS1-INV06,AlarmWorkState1-DispatchRun,1004,Alarm,2026-04-30T09:21:31.5000000Z,2026-04-30T09:26:36.3180000Z,0.0,DispatchRun
SKB-TS1-INV04,AlarmWorkState1-DispatchRun,1004,Alarm,2026-04-30T09:28:32.6690000Z,2026-04-30T09:33:02.5620000Z,0.0,DispatchRun
SKB-TS1-INV07,AlarmWorkState1-DispatchRun,1004,Alarm,2026-04-30T09:28:32.7640000Z,2026-04-30T09:33:02.6530000Z,0.0,DispatchRun
SKB-TS2-INV06,AlarmWorkState1-DispatchRun,1004,Alarm,2026-04-30T09:28:32.7980000Z,2026-04-30T09:33:02.5610000Z,0.0,DispatchRun
SKB-TS2-INV02,AlarmWorkState1-DispatchRun,1004,Alarm,2026-04-30T09:28:34.3160000Z,2026-04-30T09:33:02.6520000Z,0.0,DispatchRun
SKB-TS2-INV03,AlarmWorkState1-DispatchRun,1004,Alarm,2026-04-30T09:28:35.1260000Z,2026-04-30T09:33:02.7160000Z,0.0,DispatchRun
SKB-TS1-INV06,AlarmWorkState1-DispatchRun,1004,Alarm,2026-04-30T09:28:35.1530000Z,2026-04-30T09:33:03.0040000Z,0.0,DispatchRun
SKB-TS2-INV04,AlarmWorkState1-DispatchRun,1004,Alarm,2026-04-30T09:28:35.2560000Z,2026-04-30T09:33:03.0690000Z,0.0,DispatchRun
SKB-TS1-INV04,AlarmWorkState1-DispatchRun,1004,Alarm,2026-04-30T09:33:30.9700000Z,2026-04-30T09:39:30.9430000Z,0.0,DispatchRun
SKB-TS2-INV06,AlarmWorkState1-DispatchRun,1004,Alarm,2026-04-30T09:33:30.9780000Z,2026-04-30T09:39:31.0000000Z,0.0,DispatchRun
SKB-TS2-INV02,AlarmWorkState1-DispatchRun,1004,Alarm,2026-04-30T09:33:31.0110000Z,2026-04-30T09:39:31.0720000Z,0.0,DispatchRun
SKB-TS1-INV07,AlarmWorkState1-DispatchRun,1004,Alarm,2026-04-30T09:33:31.0120000Z,2026-04-30T09:39:31.0370000Z,0.0,DispatchRun
SKB-TS2-INV03,AlarmWorkState1-DispatchRun,1004,Alarm,2026-04-30T09:33:31.0550000Z,2026-04-30T09:39:31.1540000Z,0.0,DispatchRun
SKB-TS1-INV06,AlarmWorkState1-DispatchRun,1004,Alarm,2026-04-30T09:33:31.2260000Z,2026-04-30T09:40:01.1380000Z,0.0,DispatchRun
SKB-TS2-INV04,AlarmWorkState1-DispatchRun,1004,Alarm,2026-04-30T09:33:31.3140000Z,2026-04-30T09:39:31.4710000Z,0.0,DispatchRun
SKB-TS2-INV06,AlarmWorkState1-DispatchRun,1004,Alarm,2026-04-30T09:40:33.0220000Z,2026-04-30T12:56:03.5730000Z,0.0,DispatchRun
SKB-TS2-INV02,AlarmWorkState1-DispatchRun,1004,Alarm,2026-04-30T09:40:33.1050000Z,2026-04-30T12:56:03.6750000Z,0.0,DispatchRun
SKB-TS2-INV03,AlarmWorkState1-DispatchRun,1004,Alarm,2026-04-30T09:40:33.1710000Z,2026-04-30T12:56:03.7650000Z,0.0,DispatchRun
SKB-TS2-INV04,AlarmWorkState1-DispatchRun,1004,Alarm,2026-04-30T09:40:33.3350000Z,2026-04-30T12:56:04.1330000Z,0.0,DispatchRun
SKB-TS1-INV04,AlarmWorkState1-DispatchRun,1004,Alarm,2026-04-30T09:41:01.8950000Z,2026-04-30T12:56:03.5990000Z,0.0,DispatchRun
SKB-TS1-INV07,AlarmWorkState1-DispatchRun,1004,Alarm,2026-04-30T09:41:01.9850000Z,2026-04-30T12:56:03.7180000Z,0.0,DispatchRun
SKB-TS1-INV06,AlarmWorkState1-DispatchRun,1004,Alarm,2026-04-30T09:41:02.2990000Z,2026-04-30T12:56:04.0230000Z,0.0,DispatchRun
SKB-TS1-INV01,AlarmWorkState1-DispatchRun,1004,Alarm,2026-04-30T10:24:31.5380000Z,2026-04-30T10:34:32.6360000Z,0.0,DispatchRun
SKB-TS2-INV01,AlarmWorkState1-DispatchRun,1004,Alarm,2026-04-30T10:24:32.6240000Z,2026-04-30T10:34:34.5430000Z,0.0,DispatchRun
SKB-TS1-INV03,AlarmWorkState1-DispatchRun,1004,Alarm,2026-04-30T10:24:32.6580000Z,2026-04-30T10:34:34.5510000Z,0.0,DispatchRun
SKB-TS2-INV05,AlarmWorkState1-DispatchRun,1004,Alarm,2026-04-30T10:24:32.7330000Z,2026-04-30T10:34:34.7350000Z,0.0,DispatchRun
SKB-TS1-INV08,AlarmWorkState1-DispatchRun,1004,Alarm,2026-04-30T10:24:32.7470000Z,2026-04-30T10:34:34.7340000Z,0.0,DispatchRun
SKB-TS1-INV02,AlarmWorkState1-DispatchRun,1004,Alarm,2026-04-30T10:24:33.1700000Z,2026-04-30T10:34:35.0620000Z,0.0,DispatchRun
SKB-TS2-INV07,AlarmWorkState1-DispatchRun,1004,Alarm,2026-04-30T10:24:33.2310000Z,2026-04-30T10:34:35.1630000Z,0.0,DispatchRun
SKB-TS1-INV05,AlarmWorkState1-DispatchRun,1004,Alarm,2026-04-30T10:24:33.2600000Z,2026-04-30T10:34:35.1610000Z,0.0,DispatchRun
SKB-TS2-INV08,AlarmWorkState1-DispatchRun,1004,Alarm,2026-04-30T10:24:33.3450000Z,2026-04-30T10:34:35.2580000Z,0.0,DispatchRun
SKB-TS1-INV05,AlarmWorkState1-AlarmRun,1001,Alarm,2026-04-30T10:34:35.1610000Z,2026-04-30T15:40:33.8800000Z,0.0,AlarmRun
SKB-TS1-INV05,AlarmWorkState1-AlarmRun,1001,Alarm,2026-05-01T06:06:32.5030000Z,2026-05-01T15:39:03.1210000Z,0.0,AlarmRun
SKB-TS2-INV06,AlarmWorkState1-DispatchRun,1004,Alarm,2026-05-01T08:33:31.4680000Z,2026-05-01T13:04:02.7740000Z,0.0,DispatchRun
SKB-TS1-INV04,AlarmWorkState1-DispatchRun,1004,Alarm,2026-05-01T08:33:31.5170000Z,2026-05-01T13:04:02.6260000Z,0.0,DispatchRun
SKB-TS2-INV02,AlarmWorkState1-DispatchRun,1004,Alarm,2026-05-01T08:33:31.5440000Z,2026-05-01T13:04:02.8710000Z,0.0,DispatchRun
SKB-TS1-INV07,AlarmWorkState1-DispatchRun,1004,Alarm,2026-05-01T08:33:31.6390000Z,2026-05-01T13:04:02.7300000Z,0.0,DispatchRun
SKB-TS2-INV03,AlarmWorkState1-DispatchRun,1004,Alarm,2026-05-01T08:33:31.6640000Z,2026-05-01T13:04:03.0090000Z,0.0,DispatchRun
SKB-TS1-INV06,AlarmWorkState1-DispatchRun,1004,Alarm,2026-05-01T08:33:31.8230000Z,2026-05-01T13:04:03.0750000Z,0.0,DispatchRun
SKB-TS2-INV04,AlarmWorkState1-DispatchRun,1004,Alarm,2026-05-01T08:33:31.9100000Z,2026-05-01T13:04:03.2890000Z,0.0,DispatchRun
SKB-TS1-INV05,AlarmWorkState1-AlarmRun,1001,Alarm,2026-05-02T06:05:35.4580000Z,2026-05-02T14:18:37.6560000Z,0.0,AlarmRun
SKB-TS1-INV04,AlarmWorkState1-DispatchRun,1004,Alarm,2026-05-02T08:30:03.3470000Z,2026-05-02T13:00:01.8090000Z,0.0,DispatchRun
SKB-TS2-INV02,AlarmWorkState1-DispatchRun,1004,Alarm,2026-05-02T08:30:03.4490000Z,2026-05-02T12:59:34.0240000Z,0.0,DispatchRun
SKB-TS1-INV07,AlarmWorkState1-DispatchRun,1004,Alarm,2026-05-02T08:30:03.5000000Z,2026-05-02T13:00:01.9430000Z,0.0,DispatchRun
SKB-TS2-INV03,AlarmWorkState1-DispatchRun,1004,Alarm,2026-05-02T08:30:03.5540000Z,2026-05-02T13:00:02.0070000Z,0.0,DispatchRun
SKB-TS1-INV06,AlarmWorkState1-DispatchRun,1004,Alarm,2026-05-02T08:30:03.7940000Z,2026-05-02T13:00:02.2350000Z,0.0,DispatchRun
SKB-TS2-INV04,AlarmWorkState1-DispatchRun,1004,Alarm,2026-05-02T08:30:03.8580000Z,2026-05-02T13:00:02.3050000Z,0.0,DispatchRun
SKB-TS2-INV06,AlarmWorkState1-DispatchRun,1004,Alarm,2026-05-02T08:30:35.8040000Z,2026-05-02T13:00:01.7500000Z,0.0,DispatchRun
SKB-TS1-INV05,AlarmWorkState1-AlarmRun,1001,Alarm,2026-05-02T14:55:02.7050000Z,2026-05-02T14:57:04.7900000Z,0.0,AlarmRun
