time_start,fcr_n_price_eur_mw,fcr_n_volume_mw,fcr_d_up_price_eur_mw,fcr_d_up_volume_mw,fcr_d_down_price_eur_mw,fcr_d_down_volume_mw
2026-01-01T00:00:00,9.451339285714285,224.0,3.928365553602812,569.0,1.1634275936599423,555.2
2026-01-01T01:00:00,9.479016393442622,244.0,3.231568998109641,529.0,1.2419436717663421,575.2
2026-01-01T02:00:00,9.355655737704918,244.0,2.2631147540983605,549.0,1.3504694019471488,575.2
2026-01-01T03:00:00,9.430819672131147,244.0,1.6584772313296903,549.0,1.1653511821974964,575.2
2026-01-01T04:00:00,9.470655737704918,244.0,2.151758034026465,529.0,1.3515994436717664,575.2
2026-01-01T05:00:00,9.467950819672131,244.0,3.4102914389799635,549.0,1.3203929068150209,575.2
2026-01-01T06:00:00,9.684642857142856,224.0,3.5470720562390157,569.0,1.1655424200278164,575.2
2026-01-01T07:00:00,9.875223214285715,224.0,3.860456942003515,569.0,1.1655163421418637,575.2
2026-01-01T08:00:00,10.611475409836066,244.0,4.867741935483871,589.0,1.3506954102920723,575.2
2026-01-01T09:00:00,9.775975409836066,244.0,4.8724007561436675,529.0,1.3506954102920723,575.2
2026-01-01T10:00:00,9.792213114754098,244.0,5.147540983606557,549.0,1.3515994436717664,575.2
2026-01-01T11:00:00,9.642377049180327,244.0,4.133742911153119,529.0,1.3502433936022253,575.2
2026-01-01T12:00:00,10.0,244.0,4.117901639344263,549.0,1.3497913769123784,575.2
2026-01-01T13:00:00,10.0,244.0,3.962393442622951,549.0,1.347192280945758,575.2
2026-01-01T14:00:00,9.840901639344262,244.0,4.577138433515483,549.0,1.350356397774687,575.2
2026-01-01T15:00:00,11.90983606557377,244.0,5.110100169779287,589.0,1.320201668984701,575.2
2026-01-01T16:00:00,11.681803278688525,244.0,4.494105263157895,589.0,1.2585535465924895,575.2
2026-01-01T17:00:00,11.669180327868853,244.0,4.495957820738137,569.0,1.1653424895688456,575.2
2026-01-01T18:00:00,11.637090163934426,244.0,3.9438064516129034,589.0,1.1652729485396385,575.2
2026-01-01T19:00:00,10.857131147540983,244.0,3.7870967741935484,589.0,1.15,575.2
2026-01-01T20:00:00,10.5196875,224.0,3.7850594227504244,589.0,1.257154033379694,575.2
2026-01-01T21:00:00,10.319262295081968,244.0,3.4106375227686705,549.0,1.3506954102920723,575.2
2026-01-01T22:00:00,10.345040983606557,244.0,3.102811950790861,569.0,1.3468532684283727,575.2
2026-01-01T23:00:00,10.48672131147541,244.0,2.288664323374341,569.0,1.2578233657858136,575.2
2026-01-02T00:00:00,11.0,246.5,1.6621818181818182,594.0,1.0708536585365853,574.0
2026-01-02T01:00:00,10.504635761589403,226.5,1.0950084175084176,594.0,1.1,631.7
2026-01-02T02:00:00,11.0,246.5,1.0165151515151516,594.0,1.1410801393728223,574.0
2026-01-02T03:00:00,11.0,246.5,1.0926666666666667,594.0,1.0690940766550523,574.0
2026-01-02T04:00:00,11.0,246.5,1.1384814814814814,594.0,1.1398606271777003,574.0
2026-01-02T05:00:00,10.725801217038539,246.5,1.1396851851851852,594.0,1.1253362527369408,639.4
2026-01-02T06:00:00,10.358620689655172,246.5,2.1148417508417507,594.0,1.1237710018668325,642.8
2026-01-02T07:00:00,10.346653144016226,246.5,2.1036363636363635,594.0,1.062741132545115,642.8
2026-01-02T08:00:00,10.34766734279919,246.5,3.5973080808080806,594.0,1.0629547038327527,574.0
2026-01-02T09:00:00,10.348478701825558,246.5,2.17737037037037,594.0,1.0403484320557492,574.0
2026-01-02T10:00:00,10.355983772819473,246.5,3.563621212121212,594.0,0.9275261324041811,574.0
2026-01-02T11:00:00,10.357200811359027,246.5,3.576986531986532,594.0,1.0074912891986063,574.0
2026-01-02T12:00:00,10.239028697571744,226.5,3.561989898989899,594.0,1.0085365853658537,574.0
2026-01-02T13:00:00,10.42766734279919,246.5,3.543388888888889,594.0,0.9283623693379791,574.0
2026-01-02T14:00:00,10.425963488843813,246.5,3.578321548821549,594.0,0.9221951219512196,574.0
2026-01-02T15:00:00,10.65711967545639,246.5,3.542550505050505,594.0,0.9206271777003484,574.0
2026-01-02T16:00:00,10.426693711967546,246.5,3.543030303030303,594.0,1.0630383275261324,574.0
2026-01-02T17:00:00,10.452332657200811,246.5,3.5000925925925928,594.0,0.9253310104529616,574.0
2026-01-02T18:00:00,9.922737306843267,226.5,2.797747474747475,594.0,1.042020905923345,574.0
2026-01-02T19:00:00,10.156953642384106,226.5,1.550909090909091,594.0,0.9839790940766551,574.0
2026-01-02T20:00:00,9.915011037527593,226.5,2.109006734006734,594.0,1.0083275261324043,574.0
2026-01-02T21:00:00,10.348884381338742,246.5,1.4414949494949494,594.0,1.0085365853658537,574.0
2026-01-02T22:00:00,10.363286004056794,246.5,1.136111111111111,594.0,0.965574912891986,574.0
2026-01-02T23:00:00,10.416997971602434,246.5,1.2062626262626264,594.0,0.857,574.0
2026-01-03T00:00:00,10.174818401937046,206.5,1.9720622895622895,594.0,1.2754634146341464,574.0
2026-01-03T01:00:00,8.605326876513317,206.5,1.5684175084175085,594.0,1.212062717770035,574.0
2026-01-03T02:00:00,8.020675496688742,226.5,1.6529181184668988,574.0,1.207616724738676,574.0
2026-01-03T03:00:00,9.09225181598063,206.5,2.3945117845117845,594.0,1.223951219512195,574.0
2026-01-03T04:00:00,9.022075055187639,226.5,3.611165505226481,574.0,1.204397212543554,574.0
2026-01-03T05:00:00,10.414026490066226,226.5,3.5018080808080807,594.0,1.2089198606271776,574.0
2026-01-03T06:00:00,10.495788079470199,226.5,3.9652525252525255,594.0,1.0659233449477352,574.0
2026-01-03T07:00:00,8.83664459161148,226.5,3.7836363636363637,594.0,1.063623693379791,574.0
2026-01-03T08:00:00,8.977924944812361,226.5,4.53790404040404,594.0,1.139357142857143,574.0
2026-01-03T09:00:00,8.310344827586206,246.5,4.4582020202020205,594.0,1.0641254355400698,574.0
2026-01-03T10:00:00,8.894039735099337,226.5,4.414148148148148,594.0,1.071724738675958,574.0
2026-01-03T11:00:00,8.889624724061811,226.5,3.9739128919860627,574.0,1.0635400696864112,574.0
2026-01-03T12:00:00,8.880794701986755,226.5,4.5162962962962965,594.0,1.2201463414634146,574.0
2026-01-03T13:00:00,8.880794701986755,226.5,4.833116724738676,574.0,1.2391498257839721,574.0
2026-01-03T14:00:00,8.94260485651214,226.5,5.588754208754208,594.0,1.2349390243902438,574.0
2026-01-03T15:00:00,8.894039735099337,226.5,5.513025252525252,594.0,1.2294285714285715,574.0
2026-01-03T16:00:00,8.889624724061811,226.5,5.52973063973064,594.0,1.2386480836236933,574.0
2026-01-03T17:00:00,8.920529801324504,226.5,4.457912457912458,594.0,1.3113170731707318,574.0
2026-01-03T18:00:00,8.92494481236203,226.5,5.257873737373737,594.0,1.2314982578397213,574.0
2026-01-03T19:00:00,8.94260485651214,226.5,4.806185185185186,594.0,1.2640139372822299,574.0
2026-01-03T20:00:00,8.991169977924946,226.5,4.860050505050505,594.0,1.3318118466898954,574.0
2026-01-03T21:00:00,8.863134657836644,226.5,4.594076655052265,574.0,1.2347595818815331,574.0
2026-01-03T22:00:00,8.938697336561743,206.5,3.5861060606060606,594.0,1.2232038327526134,574.0
2026-01-03T23:00:00,9.117215496368038,206.5,3.507973063973064,594.0,1.2112961672473868,574.0
2026-01-04T00:00:00,12.0,226.5,1.0283703703703704,594.0,1.0,574.0
2026-01-04T01:00:00,11.0,226.5,0.826890243902439,574.0,1.0,574.0
2026-01-04T02:00:00,11.0,226.5,1.0278181818181817,594.0,1.0,574.0
2026-01-04T03:00:00,11.0,246.5,1.0,594.0,1.0,574.0
2026-01-04T04:00:00,11.356291390728478,226.5,1.063869337979094,574.0,1.0414773519163762,574.0
2026-01-04T05:00:00,11.443634888438133,246.5,1.2223299663299663,594.0,1.0693031358885017,574.0
2026-01-04T06:00:00,12.0,226.5,1.0991515151515152,594.0,0.9631533101045296,574.0
2026-01-04T07:00:00,13.042472406181016,226.5,1.3957777777777778,594.0,0.9486585365853658,574.0
2026-01-04T08:00:00,12.521412803532009,226.5,3.6034146341463416,574.0,0.8982926829268293,574.0
2026-01-04T09:00:00,12.042825607064017,226.5,2.282,554.0,0.9368628158844765,554.0
2026-01-04T10:00:00,12.760706401766004,226.5,1.2736296296296297,594.0,1.06904181184669,574.0
2026-01-04T11:00:00,12.519646799116998,226.5,1.1566045296167247,574.0,1.069198606271777,574.0
2026-01-04T12:00:00,12.316556291390729,226.5,1.8279616724738676,574.0,1.1034843205574913,574.0
2026-01-04T13:00:00,12.711561866125761,246.5,3.5683170731707317,574.0,1.0789634146341462,574.0
2026-01-04T14:00:00,12.325827814569536,226.5,2.19401393728223,574.0,1.08044425087108,574.0
2026-01-04T15:00:00,12.71237322515213,246.5,2.1623636363636365,594.0,1.103562717770035,574.0
2026-01-04T16:00:00,12.775275938189845,226.5,2.088762626262626,594.0,0.9058158844765343,554.0
2026-01-04T17:00:00,12.664238410596026,226.5,1.3699915824915825,594.0,1.0692508710801394,574.0
2026-01-04T18:00:00,12.545253863134658,226.5,2.104124579124579,594.0,0.8688414634146342,574.0
2026-01-04T19:00:00,13.0,226.5,1.4124074074074073,594.0,1.038432055749129,574.0
2026-01-04T20:00:00,12.760706401766004,226.5,1.0414680134680134,594.0,0.9484320557491289,574.0
2026-01-04T21:00:00,11.754083885209713,226.5,1.1122926829268294,574.0,1.069198606271777,574.0
2026-01-04T22:00:00,12.236413793103448,246.5,1.0166919191919193,594.0,1.069163763066202,574.0
2026-01-04T23:00:00,11.766887417218543,226.5,1.2354814814814814,594.0,1.136315331010453,574.0
2026-01-05T00:00:00,12.389614604462475,246.5,2.4160975609756097,574.0,1.0121533101045297,574.0
2026-01-05T01:00:00,12.406085192697768,246.5,2.199703832752613,574.0,1.0,574.0
2026-01-05T02:00:00,13.58498985801217,246.5,2.314552346570397,554.0,1.0139303135888502,574.0
2026-01-05T03:00:00,12.37602434077079,246.5,4.160368231046931,554.0,1.058595818815331,574.0
2026-01-05T04:00:00,13.088843813387424,246.5,2.621940074906367,534.0,1.1,574.0
2026-01-05T05:00:00,12.37496957403651,246.5,2.7329101123595505,534.0,1.0276236933797909,574.0
2026-01-05T06:00:00,14.296957403651115,246.5,6.6184043321299635,554.0,1.0702961672473867,574.0
2026-01-05T07:00:00,15.713590263691684,246.5,6.608332129963899,554.0,1.0622317073170733,574.0
2026-01-05T08:00:00,24.849476673427993,246.5,6.677011235955056,534.0,1.0699303135888503,574.0
2026-01-05T09:00:00,24.137525354969576,246.5,6.6072924187725635,554.0,1.0276445993031358,574.0
2026-01-05T10:00:00,13.481135902636916,246.5,6.569790613718411,554.0,1.0276515679442508,574.0
2026-01-05T11:00:00,15.74257200811359,246.5,6.575191335740072,554.0,1.027616724738676,574.0
2026-01-05T12:00:00,17.279918864097365,246.5,6.576426829268293,574.0,1.0276236933797909,574.0
2026-01-05T13:00:00,21.773630831643,246.5,6.610996389891697,554.0,1.044794425087108,574.0
2026-01-05T14:00:00,36.81541582150101,246.5,6.479477351916376,574.0,1.0705574912891986,574.0
2026-01-05T15:00:00,25.03404056795132,246.5,8.673519163763066,574.0,1.093060975609756,574.0
2026-01-05T16:00:00,15.0,248.3,6.867256317689531,554.0,1.0697038327526132,574.0
2026-01-05T17:00:00,15.854766734279918,246.5,11.205505226480836,574.0,1.0139512195121951,574.0
2026-01-05T18:00:00,16.367643002028398,246.5,4.039770609318996,558.0,1.0,574.0
2026-01-05T19:00:00,14.416335540838853,226.5,4.115083032490975,554.0,1.0,574.0
2026-01-05T20:00:00,15.0,246.5,4.077516245487365,554.0,1.0,574.0
2026-01-05T21:00:00,15.950101419878296,246.5,1.9842382671480145,554.0,1.0,574.0
2026-01-05T22:00:00,12.786206896551723,246.5,3.1605685920577615,554.0,1.0,574.0
2026-01-05T23:00:00,12.851115618661257,246.5,3.263841155234657,554.0,1.0,574.0
2026-01-06T00:00:00,12.383576158940397,226.5,1.35849183639118,594.1,1.069009918218201,574.7
2026-01-06T01:00:00,10.39337748344371,226.5,1.3552752061942435,594.1,1.1098312162867583,574.7
2026-01-06T02:00:00,10.627461368653421,226.5,1.3457162093923583,594.1,1.070419349225683,574.7
2026-01-06T03:00:00,11.871130242825608,226.5,1.3488722437300118,594.1,1.069932138507047,574.7
2026-01-06T04:00:00,10.790728476821192,226.5,1.3488873926948326,594.1,1.1036975813467895,574.7
2026-01-06T05:00:00,9.309492273730685,226.5,1.9441962632553442,594.1,1.1057073255611622,574.7
2026-01-06T06:00:00,13.016335540838853,226.5,6.238158559165123,594.1,1.1079780755176614,574.7
2026-01-06T07:00:00,11.765133171912833,206.5,6.232014812321158,594.1,1.1063076387680528,574.7
2026-01-06T08:00:00,13.263576158940397,226.5,6.086928126578017,594.1,1.1074821646076214,574.7
2026-01-06T09:00:00,10.820309050772627,226.5,6.248178757784885,594.1,1.1091787019314425,574.7
2026-01-06T10:00:00,10.849006622516557,226.5,6.342662851371823,594.1,1.1035931790499391,574.7
2026-01-06T11:00:00,10.883443708609272,226.5,6.348015485608483,594.1,1.0690273186010093,574.7
2026-01-06T12:00:00,11.70880353200883,226.5,6.174771923918533,594.1,1.0689925178353923,574.7
2026-01-06T13:00:00,11.070702179176756,206.5,6.132088873926948,594.1,1.0695841308508787,574.7
2026-01-06T14:00:00,10.785871964679911,226.5,6.075675812152836,594.1,1.1038280842178527,574.7
2026-01-06T15:00:00,11.055629139072847,226.5,6.0445062377874645,665.3,1.1035409779015137,574.7
2026-01-06T16:00:00,11.834382566585957,206.5,5.574100405831955,665.3,1.109935618583609,574.7
2026-01-06T17:00:00,10.8719646799117,226.5,6.017611501388662,612.1,1.0689925178353923,574.7
2026-01-06T18:00:00,11.726531332744925,226.6,5.026496767403398,665.1,1.0693579258743693,574.7
2026-01-06T19:00:00,11.674066225165562,226.5,3.3192920486998347,665.3,1.0882982425613363,574.7
2026-01-06T20:00:00,12.069174392935983,226.5,1.8415148964820738,594.1,1.09737602227249,574.7
2026-01-06T21:00:00,11.930331125827815,226.5,1.349205520956068,594.1,1.069392726639986,574.7
2026-01-06T22:00:00,11.658111380145279,206.5,2.4929001851540145,594.1,1.0709761614755524,574.7
2026-01-06T23:00:00,12.053863134657837,226.5,1.8728723218951402,574.1,1.0696885331477293,574.7
2026-01-07T00:00:00,9.943204868154158,246.5,1.4843124053189698,594.1,1.3744678627416826,574.1
2026-01-07T01:00:00,8.834361054766735,246.5,1.3492358188857094,594.1,1.5270059556036817,554.1
2026-01-07T02:00:00,9.474158215010142,246.5,1.3491095775122033,594.1,1.4873157986413517,574.1
2026-01-07T03:00:00,9.24551724137931,246.5,1.3488318464904898,594.1,1.2612199963905433,554.1
2026-01-07T04:00:00,9.43700650759219,230.5,1.2594206821873308,554.1,1.3076971665764303,554.1
2026-01-07T05:00:00,9.767545638945233,246.5,1.4343999303257273,574.1,1.2480815737231548,554.1
2026-01-07T06:00:00,11.947462039045552,230.5,3.808815537362829,574.1,1.2968280787319282,574.1
2026-01-07T07:00:00,11.897931034482758,217.5,3.2737658944434767,574.1,1.2485072287058003,574.1
2026-01-07T08:00:00,11.11062906724512,230.5,4.299522731231493,574.1,1.30761956325573,554.1
2026-01-07T09:00:00,11.11062906724512,230.5,3.925006968641115,574.0,1.2507038440714673,554.1
2026-01-07T10:00:00,11.118004338394794,230.5,4.273071428571429,574.0,1.312220867444696,574.1
2026-01-07T11:00:00,10.859175704989154,230.5,3.7338850174216027,574.0,1.34,574.1
2026-01-07T12:00:00,11.040329575021683,230.6,4.250627946127946,594.0,1.3122522208674448,574.1
2026-01-07T13:00:00,11.146203904555314,230.5,4.318383838383839,594.0,1.3469082041456193,574.1
2026-01-07T14:00:00,11.134924078091107,230.5,4.18806734006734,594.0,1.2813551646054695,574.1
2026-01-07T15:00:00,11.537471264367817,217.5,2.2247441077441077,594.0,1.2538686639958196,574.1
2026-01-07T16:00:00,14.081831325301204,207.5,3.9939996864220757,637.8,1.2971276781048597,574.1
2026-01-07T17:00:00,13.449655172413793,217.5,1.4135010940919037,594.1,1.2396760146315973,574.1
2026-01-07T18:00:00,13.277333333333333,217.5,3.117308533916849,594.1,1.1381640829123847,574.1
2026-01-07T19:00:00,14.137349397590361,207.5,1.39335633731695,594.1,1.0910991116530222,574.1
2026-01-07T20:00:00,10.854013015184382,230.5,2.308705605116984,594.1,1.1425187249608082,574.1
2026-01-07T21:00:00,11.157483731019523,230.5,1.439096111765696,594.1,1.0716948266852464,574.1
2026-01-07T22:00:00,11.566312364425162,230.5,1.6556000696742728,574.1,1.0690646228879985,574.1
2026-01-07T23:00:00,9.891973969631236,230.5,1.3576032050165476,574.1,1.0736457063229403,574.1
2026-01-08T00:00:00,11.128803245436105,246.5,3.2832891986062718,574.0,1.389616724738676,574.0
2026-01-08T01:00:00,10.513245033112582,226.5,2.2063164983164985,594.0,1.2352160278745645,574.0
2026-01-08T02:00:00,8.770419426048566,226.5,2.7523670033670036,594.0,1.6479547038327527,574.0
2026-01-08T03:00:00,9.50203442188879,226.6,3.00893265993266,594.0,1.8091463414634146,574.0
2026-01-08T04:00:00,10.803090507726269,226.5,3.4612104377104376,594.0,1.8225087108013938,574.0
2026-01-08T05:00:00,10.604415011037528,226.5,3.4882878787878786,594.0,1.8342160278745645,574.0
2026-01-08T06:00:00,11.266225165562913,226.5,6.887363636363636,594.0,1.6555191637630662,574.0
2026-01-08T07:00:00,11.716291390728477,226.5,6.7385,574.0,1.412731707317073,574.0
2026-01-08T08:00:00,11.354482758620689,246.5,6.6977671480144405,554.0,1.8387108013937283,574.0
2026-01-08T09:00:00,11.508235294117647,246.5,6.8135,574.0,1.4974790940766551,574.0
2026-01-08T10:00:00,11.463724624889673,226.6,6.611781144781145,594.0,1.7981271777003485,574.0
2026-01-08T11:00:00,11.188123620309051,226.5,6.858501683501683,594.0,1.327637630662021,574.0
2026-01-08T12:00:00,11.068874172185431,226.5,6.341750841750842,594.0,1.3276724738675958,574.0
2026-01-08T13:00:00,11.397160243407708,246.5,6.589095818815331,574.0,1.3277142857142856,574.0
2026-01-08T14:00:00,11.979148073022312,246.5,6.494993031358885,574.0,1.4423780487804878,574.0
2026-01-08T15:00:00,11.950304259634889,246.5,6.447954545454546,594.0,1.3345731707317072,574.0
2026-01-08T16:00:00,14.16494481236203,226.5,6.094360269360269,594.0,1.7287456445993032,574.0
2026-01-08T17:00:00,12.04635761589404,226.5,6.433535353535354,594.0,1.296829268292683,574.0
2026-01-08T18:00:00,13.958201058201059,226.8,6.129047138047138,594.0,1.2477229965156795,574.0
2026-01-08T19:00:00,15.45112582781457,226.5,6.161616161616162,594.0,1.235,574.0
2026-01-08T20:00:00,12.503123732251522,246.5,6.427890572390573,594.0,1.2965853658536586,574.0
2026-01-08T21:00:00,12.110892494929006,246.5,6.484829966329967,594.0,1.2967317073170732,574.0
2026-01-08T22:00:00,11.90632860040568,246.5,6.46899494949495,594.0,1.3430871080139373,574.0
2026-01-08T23:00:00,13.510948905109489,246.6,6.4661149825783975,574.0,1.2540487804878049,574.0
2026-01-09T00:00:00,11.38177874186551,230.5,1.2665622895622897,594.0,1.6255052264808363,574.0
2026-01-09T01:00:00,11.512581344902387,230.5,1.4541380471380472,594.0,1.4099233449477353,574.0
2026-01-09T02:00:00,11.734490238611714,230.5,2.7453131313131314,594.0,1.2741463414634147,574.0
2026-01-09T03:00:00,11.281995661605206,230.5,2.0647727272727274,594.0,1.3855975609756097,574.0
2026-01-09T04:00:00,10.458568329718004,230.5,4.068131313131313,594.0,1.4004355400696864,574.0
2026-01-09T05:00:00,11.746637744034707,230.5,2.532794612794613,594.0,1.4536933797909408,574.0
2026-01-09T06:00:00,13.15213387423935,246.5,8.165930976430976,594.0,1.4697560975609756,574.0
2026-01-09T07:00:00,13.311496746203904,230.5,8.009925925925925,594.0,1.3942508710801393,574.0
2026-01-09T08:00:00,12.313590263691683,246.5,8.680055363321799,578.0,1.6255052264808363,574.0
2026-01-09T09:00:00,12.962902386117136,230.5,8.099074074074075,594.0,1.4544006968641114,574.0
2026-01-09T10:00:00,12.415184381778742,230.5,7.89739393939394,594.0,1.64404181184669,574.0
2026-01-09T11:00:00,11.32144578313253,207.5,8.02037037037037,594.0,1.3067003484320558,574.0
2026-01-09T12:00:00,12.111724137931034,217.5,7.58,594.0,1.360226480836237,574.0
2026-01-09T13:00:00,11.268433734939759,207.5,7.985858585858586,594.0,1.3973867595818816,574.0
2026-01-09T14:00:00,12.263337931034483,217.5,15.34450505050505,594.0,1.4378536585365853,574.0
2026-01-09T15:00:00,11.638334778837814,230.6,15.357575757575757,594.0,1.3969512195121951,574.0
2026-01-09T16:00:00,12.217787418655098,230.5,7.721414141414141,594.0,1.5955226480836238,574.0
2026-01-09T17:00:00,12.432104121475055,230.5,7.787878787878788,594.0,1.2798815331010454,574.0
2026-01-09T18:00:00,12.833820689655173,217.5,15.08475925925926,594.0,1.2785923344947736,574.0
2026-01-09T19:00:00,12.375704989154013,230.5,15.169804713804714,594.0,1.268170731707317,574.0
2026-01-09T20:00:00,11.224728850325379,230.5,7.818602693602694,594.0,1.3335888501742161,574.0
2026-01-09T21:00:00,10.277223427331887,230.5,8.07121212121212,594.0,1.3222160278745645,574.0
2026-01-09T22:00:00,11.39652928416486,230.5,7.967424242424243,594.0,1.2787212543554007,574.0
2026-01-09T23:00:00,10.248590021691975,230.5,8.14486531986532,594.0,1.3256445993031358,574.0
2026-01-10T00:00:00,12.001217038539554,246.5,1.2538047138047137,594.0,1.551360946745562,574.6
2026-01-10T01:00:00,12.02393509127789,246.5,1.1374480968858132,578.0,1.0693839192481727,574.6
2026-01-10T02:00:00,12.058012170385396,246.5,1.1057456747404844,578.0,1.070462930734424,574.6
2026-01-10T03:00:00,12.046653144016227,246.5,1.1502760942760943,594.0,1.4278106508875739,574.6
2026-01-10T04:00:00,12.080730223123732,246.5,1.5007301038062284,578.0,1.224733727810651,574.6
2026-01-10T05:00:00,12.849891540130152,230.5,1.3938404577583305,594.2,1.2269892098851374,574.6
2026-01-10T06:00:00,15.0,217.5,1.0723771043771044,594.0,1.3887573964497042,574.6
2026-01-10T07:00:00,15.794320486815415,246.5,1.0975778546712802,578.0,1.193978419770275,574.6
2026-01-10T08:00:00,15.451115618661257,246.5,6.964848484848485,594.0,1.246119039331709,574.6
2026-01-10T09:00:00,15.502231237322516,246.5,6.406456747404844,578.0,1.151058127392969,574.6
2026-01-10T10:00:00,12.77700650759219,230.5,4.126280276816609,578.0,1.0726209537069264,574.6
2026-01-10T11:00:00,15.567951318458418,246.5,1.5980709342560553,578.0,1.1149182039679777,574.6
2026-01-10T12:00:00,12.035294117647059,246.5,6.395602347255782,579.4,1.079526627218935,574.6
2026-01-10T13:00:00,15.582555780933063,246.5,2.0719204152249135,578.0,1.0749947789766794,574.6
2026-01-10T14:00:00,15.589858012170385,246.5,4.095484429065744,578.0,1.0689523146536721,574.6
2026-01-10T15:00:00,15.502231237322516,246.5,3.2809141414141414,594.0,1.1579951270449007,574.6
2026-01-10T16:00:00,15.757809330628803,246.5,6.225114478114478,594.0,1.1480264531848243,574.6
2026-01-10T17:00:00,15.54604462474645,246.5,1.6296296296296295,594.0,1.1013226592412113,574.6
2026-01-10T18:00:00,15.801326572008113,246.5,6.1865,594.0,1.071326139923425,574.6
2026-01-10T19:00:00,17.916606896551723,217.5,4.668640646029609,594.4,1.0693839192481727,574.6
2026-01-10T20:00:00,17.521475054229935,230.5,6.199580808080808,594.0,1.1636686390532545,574.6
2026-01-10T21:00:00,15.582555780933063,246.5,2.1649696969696968,594.0,1.1021858684302124,574.6
2026-01-10T22:00:00,17.91816091954023,217.5,1.746060606060606,594.0,1.0963592064044552,574.6
2026-01-10T23:00:00,14.109397590361446,207.5,1.072213432082141,594.1,1.0847058823529412,574.6
2026-01-11T00:00:00,9.47816091954023,217.5,1.6396539792387543,578.0,0.8449477351916377,574.0
2026-01-11T01:00:00,9.526344827586207,217.5,1.00929203539823,565.0,0.8725435540069686,574.0
2026-01-11T02:00:00,9.038361445783133,207.5,1.5970242214532873,578.0,0.9380139372822299,574.0
2026-01-11T03:00:00,9.169023861171366,230.5,1.122054054054054,555.0,0.9072822299651568,574.0
2026-01-11T04:00:00,8.867586206896553,217.5,2.490918918918919,555.0,0.9690940766550523,574.0
2026-01-11T05:00:00,8.711080459770114,217.5,2.5157946902654866,565.0,0.9385017421602787,574.0
2026-01-11T06:00:00,9.737527114967461,230.5,3.8865945945945946,555.0,0.9347421602787457,574.0
2026-01-11T07:00:00,10.108505747126436,217.5,4.541739823008849,565.0,0.9309686411149826,574.0
2026-01-11T08:00:00,9.541793103448276,217.5,5.941437168141593,565.0,0.9537700348432055,574.0
2026-01-11T09:00:00,8.829804772234274,230.5,6.209159292035398,565.0,1.0,574.0
2026-01-11T10:00:00,9.701425287356322,217.5,6.206876106194691,565.0,1.0,574.0
2026-01-11T11:00:00,9.161103448275862,217.5,6.136159169550173,578.0,1.0,574.0
2026-01-11T12:00:00,10.545336225596529,230.5,7.509203539823009,565.0,1.0,574.0
2026-01-11T13:00:00,10.513103448275862,217.5,3.795531141868512,578.0,1.0,574.0
2026-01-11T14:00:00,10.42712643678161,217.5,4.0509446366782,578.0,1.0,574.0
2026-01-11T15:00:00,10.539262472885033,230.5,4.848424242424242,594.0,1.0,574.0
2026-01-11T16:00:00,10.763991323210412,230.5,6.342195286195286,594.0,1.0,574.0
2026-01-11T17:00:00,10.261866666666666,217.5,2.9193602693602694,594.0,0.9396864111498258,574.0
2026-01-11T18:00:00,10.342125813449023,230.5,5.933661616161616,594.0,0.9069686411149825,574.0
2026-01-11T19:00:00,11.069609544468547,230.5,1.0632941176470587,578.0,0.9069686411149825,574.0
2026-01-11T20:00:00,10.386298850574713,217.5,1.413919191919192,594.0,0.9069686411149825,574.0
2026-01-11T21:00:00,10.206073752711497,230.5,1.266060606060606,594.0,0.937979094076655,574.0
2026-01-11T22:00:00,10.7058568329718,230.5,1.0366262975778546,578.0,0.937979094076655,574.0
2026-01-11T23:00:00,10.617700650759218,230.5,1.0951833910034603,578.0,0.937979094076655,574.0
2026-01-12T00:00:00,9.285057471264368,217.5,2.2495555555555558,594.0,1.2237630662020906,574.0
2026-01-12T01:00:00,10.129517241379311,217.5,1.5551038062283737,578.0,1.182247386759582,574.0
2026-01-12T02:00:00,10.127264367816093,217.5,1.8538047138047138,594.0,1.1581505376344086,558.0
2026-01-12T03:00:00,9.933333333333334,217.5,1.4038383838383839,594.0,1.3112813620071684,558.0
2026-01-12T04:00:00,9.942528735632184,217.5,1.3284636678200692,578.0,1.245302752293578,545.0
2026-01-12T05:00:00,10.367895878524946,230.5,1.3288442906574394,578.0,1.182567944250871,574.0
2026-01-12T06:00:00,11.278620689655172,217.5,1.2967037037037037,594.0,1.2519512195121951,574.0
2026-01-12T07:00:00,11.361379310344828,217.5,1.3276296296296297,594.0,1.212258064516129,558.0
2026-01-12T08:00:00,11.658088235294118,217.6,4.961585858585859,594.0,1.226737614678899,545.0
2026-01-12T09:00:00,12.040963855421687,207.5,1.734425605536332,578.0,1.2055412844036697,545.0
2026-01-12T10:00:00,15.124034707158351,230.5,1.5296643598615918,578.0,1.3446290322580645,558.0
2026-01-12T11:00:00,9.50919540229885,217.5,1.3563008849557523,565.0,1.2094623655913979,558.0
2026-01-12T12:00:00,9.931469879518072,207.5,1.342716814159292,565.0,1.2031003584229392,558.0
2026-01-12T13:00:00,10.82843373493976,207.5,1.5302352941176471,578.0,1.187741935483871,558.0
2026-01-12T14:00:00,10.298313253012049,207.5,1.5302352941176471,578.0,1.136605504587156,545.0
2026-01-12T15:00:00,10.839036144578314,207.5,1.3277104377104376,594.0,1.1444444444444444,558.0
2026-01-12T16:00:00,12.44,217.5,1.4304650016431153,608.6,1.1568602150537635,558.0
2026-01-12T17:00:00,11.308026030368763,230.5,1.3486111111111112,594.0,1.1450716845878137,558.0
2026-01-12T18:00:00,12.625162689804773,230.5,1.3278249158249158,594.0,1.2156272401433692,558.0
2026-01-12T19:00:00,11.597701149425287,217.5,1.3277306397306397,594.0,1.1543554006968642,574.0
2026-01-12T20:00:00,10.710344827586207,217.5,1.6860346020761245,578.0,1.1550522648083623,574.0
2026-01-12T21:00:00,10.892048192771083,207.5,1.3289065743944637,578.0,1.1544425087108015,574.0
2026-01-12T22:00:00,10.92,217.5,1.3277037037037036,594.0,1.1544425087108015,574.0
2026-01-12T23:00:00,10.417011494252874,217.5,1.266060606060606,594.0,1.1451612903225807,558.0
2026-01-13T00:00:00,10.127962085308058,232.1,6.152195286195286,594.0,1.0,574.0
2026-01-13T01:00:00,10.056702819956616,230.5,6.114545454545454,594.0,1.0,574.0
2026-01-13T02:00:00,11.379870392871608,246.9,6.123218855218855,594.0,1.0,574.0
2026-01-13T03:00:00,11.236511156186612,246.5,6.137707070707071,594.0,1.0,574.0
2026-01-13T04:00:00,11.092631122670134,230.7,5.988367003367004,594.0,1.0,574.0
2026-01-13T05:00:00,11.428606158833063,246.8,5.9887543252595155,578.0,1.041413156978768,574.6
2026-01-13T06:00:00,11.556186612576065,246.5,19.80561616161616,594.0,1.0,574.0
2026-01-13T07:00:00,11.743475091130012,246.9,20.354083044982698,578.0,1.006198606271777,574.0
2026-01-13T08:00:00,12.193960275638426,246.7,20.201919903746994,581.8,1.0,574.0
2026-01-13T09:00:00,11.49156918112142,247.9,19.230611970410223,594.8,1.0,574.0
2026-01-13T10:00:00,11.536032388663967,247.0,19.846570275722932,594.8,1.0,574.0
2026-01-13T11:00:00,10.814380566801619,247.0,19.17343644922663,594.8,1.0,574.0
2026-01-13T12:00:00,11.432259634888439,246.5,17.339004707464692,594.8,1.0068917507831534,574.6
2026-01-13T13:00:00,11.666235294117648,246.5,17.105998655010087,594.8,1.0,574.0
2026-01-13T14:00:00,11.413995943204869,246.5,17.621667787491592,594.8,1.0,574.0
2026-01-13T15:00:00,12.753265720081135,246.5,17.749749495628784,594.8,1.0,574.0
2026-01-13T16:00:00,13.63448275862069,246.5,17.670312715964062,578.8,1.0,574.0
2026-01-13T17:00:00,12.90019956616052,230.5,17.752006920415226,578.0,1.0,574.0
2026-01-13T18:00:00,11.698671238748393,233.3,8.759615916955017,578.0,1.0,574.0
2026-01-13T19:00:00,10.660759493670886,221.2,6.415090909090909,594.0,1.0,574.0
2026-01-13T20:00:00,10.892448512585812,218.5,8.768518518518519,594.0,1.0,574.6
2026-01-13T21:00:00,11.411351819757366,230.8,6.09610101010101,594.0,1.0,574.0
2026-01-13T22:00:00,11.471248915871639,230.6,6.001016835016835,594.0,1.0,574.0
2026-01-13T23:00:00,11.433247089262613,231.9,6.054325259515571,578.0,1.0,574.0
2026-01-14T00:00:00,10.81384685923888,218.1,1.889840830449827,578.0,1.0,574.0
2026-01-14T01:00:00,11.783037646040675,231.1,1.2481313131313132,594.0,1.0,574.0
2026-01-14T02:00:00,13.263911726525313,231.1,1.2582300884955753,565.0,1.0,574.0
2026-01-14T03:00:00,11.950281263522285,231.1,1.248030303030303,594.0,1.0,642.8
2026-01-14T04:00:00,11.898831674599741,231.1,1.6215221238938053,565.0,1.0,630.6
2026-01-14T05:00:00,10.798355690177413,231.1,1.2653946902654867,565.0,1.0619321717485999,642.8
2026-01-14T06:00:00,11.919731717871052,231.1,3.4373425605536334,578.0,1.0625544492843808,642.8
2026-01-14T07:00:00,11.919731717871052,231.1,3.47919723183391,578.0,1.1079884878655881,642.8
2026-01-14T08:00:00,11.979662483773259,231.1,4.006729203539823,565.0,1.1090766550522648,574.0
2026-01-14T09:00:00,11.938295110341844,231.1,4.421756756756757,555.0,1.1057839721254354,574.0
2026-01-14T10:00:00,11.96192124621376,231.1,6.1746384083044985,578.0,1.1079006968641114,574.0
2026-01-14T11:00:00,11.99350930333189,231.1,3.435598615916955,578.0,1.1093118466898955,574.0
2026-01-14T12:00:00,12.412981393336219,231.1,3.8524221453287195,578.0,1.1077700348432056,574.0
2026-01-14T13:00:00,12.420510601471225,231.1,3.8616565656565656,594.0,1.1062282229965157,574.0
2026-01-14T14:00:00,12.423020337516228,231.1,3.9383529411764706,578.0,1.108266550522648,574.0
2026-01-14T15:00:00,13.233665080051926,231.1,3.702681660899654,578.0,1.1094947735191638,574.0
2026-01-14T16:00:00,11.636520986585893,231.1,3.697643097643098,594.0,1.1080836236933798,574.0
2026-01-14T17:00:00,13.79878840328862,231.1,2.143818181818182,594.0,1.103588850174216,574.0
2026-01-14T18:00:00,12.582864560796192,231.1,2.3116060606060604,594.0,1.0693205574912892,574.0
2026-01-14T19:00:00,12.571181306793596,231.1,1.3126515151515152,594.0,1.070383275261324,574.0
2026-01-14T20:00:00,13.305495456512332,231.1,2.209097643097643,594.0,1.0690766550522648,574.0
2026-01-14T21:00:00,12.028126352228472,231.1,1.3892390572390572,594.0,1.0,574.0
2026-01-14T22:00:00,12.65002163565556,231.1,1.2537373737373738,594.0,1.0,574.0
2026-01-14T23:00:00,11.558632626568585,231.1,1.2477777777777779,594.0,1.022898188632105,640.4
2026-01-15T00:00:00,9.777575205104831,219.4,1.2477777777777779,594.0,1.2352160278745645,574.0
2026-01-15T01:00:00,9.632537861404314,217.9,1.2363400673400673,594.0,1.3038606271777002,574.0
2026-01-15T02:00:00,9.67674418604651,219.3,1.2478787878787878,594.0,1.3452961672473867,574.0
2026-01-15T03:00:00,9.15395614871306,209.8,1.247979797979798,594.0,1.5519163763066202,574.0
2026-01-15T04:00:00,9.208650190114069,210.4,1.3591346801346802,594.0,1.5519163763066202,574.0
2026-01-15T05:00:00,9.20038535645472,207.6,1.290848484848485,594.0,1.2353344947735192,574.0
2026-01-15T06:00:00,10.118072289156627,207.5,2.9110890422487796,594.1,1.0,574.0
2026-01-15T07:00:00,12.209655172413793,217.5,1.2495959595959596,594.0,1.0,574.0
2026-01-15T08:00:00,11.904749518304431,207.6,2.9105084175084177,594.0,1.0,574.0
2026-01-15T09:00:00,12.126898047722342,230.5,1.2889696969696969,594.0,1.0,574.0
2026-01-15T10:00:00,12.168503253796095,230.5,1.331468858131488,578.0,1.0,574.0
2026-01-15T11:00:00,12.792624728850326,230.5,1.2481818181818183,594.0,1.0,574.0
2026-01-15T12:00:00,12.133131487889273,231.2,1.423325259515571,578.0,1.0,574.0
2026-01-15T13:00:00,12.171036708350142,247.9,1.9446161616161617,594.0,1.0,574.0
2026-01-15T14:00:00,11.49614551754006,230.9,2.9601470588235292,578.0,1.0,574.0
2026-01-15T15:00:00,12.176072821846555,230.7,1.9491835016835017,594.0,1.0,574.0
2026-01-15T16:00:00,12.192307692307692,231.4,1.9491835016835017,594.0,1.0,574.0
2026-01-15T17:00:00,12.302204928664073,231.3,1.2498484848484848,594.0,1.0,574.0
2026-01-15T18:00:00,13.115054229934923,230.5,1.463111111111111,594.0,1.0,574.0
2026-01-15T19:00:00,12.451954022988506,217.5,1.3276969696969696,594.0,1.0,574.0
2026-01-15T20:00:00,10.938906752411576,217.7,1.4542424242424243,594.0,1.0,574.0
2026-01-15T21:00:00,10.653946227233304,230.6,1.2476262626262626,594.0,1.0,574.0
2026-01-15T22:00:00,10.60468546637744,230.5,1.2358821548821548,594.0,1.0,574.0
2026-01-15T23:00:00,10.604781609195403,217.5,1.2477777777777779,594.0,1.0,574.0
2026-01-16T00:00:00,10.593405639913232,230.5,1.3592895622895622,594.0,1.345175896900035,574.2
2026-01-16T01:00:00,10.029885057471265,217.5,1.247979797979798,594.0,1.2348380355276907,574.2
2026-01-16T02:00:00,10.03448275862069,217.5,1.2542340067340068,594.0,1.3452629745733193,574.2
2026-01-16T03:00:00,10.70390804597701,217.5,1.2475757575757576,594.0,1.5517241379310345,574.2
2026-01-16T04:00:00,10.22464367816092,217.5,1.8160757575757576,594.0,2.3869731800766285,574.2
2026-01-16T05:00:00,11.389154013015185,230.5,1.8476363636363637,594.0,1.5362068965517242,574.2
2026-01-16T06:00:00,11.471062906724512,230.5,2.9208080808080807,594.0,3.4326889585510276,574.2
2026-01-16T07:00:00,11.500347071583514,230.5,1.8455555555555556,594.0,3.4260971786833854,574.2
2026-01-16T08:00:00,12.359310344827586,217.5,3.621717171717172,594.0,3.4094043887147336,574.2
2026-01-16T09:00:00,11.787421686746988,207.5,2.893939393939394,594.0,2.7450365726227797,574.2
2026-01-16T10:00:00,10.963218390804597,217.5,3.6844377104377104,594.0,2.740682688958551,574.2
2026-01-16T11:00:00,10.941861213235294,217.6,4.3736026936026935,594.0,1.5448275862068965,574.2
2026-01-16T12:00:00,11.495172413793103,217.5,5.100121212121212,594.0,2.385231626610937,574.2
2026-01-16T13:00:00,11.495172413793103,217.5,4.356599326599326,594.0,2.381051898293278,574.2
2026-01-16T14:00:00,10.934457831325302,207.5,3.6233198653198655,594.0,2.740682688958551,574.2
2026-01-16T15:00:00,11.006617647058823,217.6,3.6081616161616163,594.0,2.7358934169278997,574.2
2026-01-16T16:00:00,11.481103448275862,217.5,3.78,594.0,3.4454893765238594,574.2
2026-01-16T17:00:00,11.475862068965517,217.5,3.091070707070707,594.0,2.737199582027168,574.2
2026-01-16T18:00:00,10.300487356321838,217.5,3.5480190311418687,578.0,2.731104144897248,574.2
2026-01-16T19:00:00,10.326896551724138,217.5,2.595843373493976,581.0,2.760710553814002,574.2
2026-01-16T20:00:00,10.34808275862069,217.5,2.996808080808081,594.0,2.739811912225705,574.2
2026-01-16T21:00:00,10.326896551724138,217.5,2.222909090909091,594.0,2.7624521072796937,574.2
2026-01-16T22:00:00,9.920036764705882,217.6,2.4429562289562288,594.0,2.7628874956461162,574.2
2026-01-16T23:00:00,9.919540229885058,217.5,1.3123181818181817,594.0,1.237324973876698,574.2
2026-01-17T00:00:00,19.908316430020285,246.5,1.2886565656565656,594.0,1.1729965156794424,574.0
2026-01-17T01:00:00,18.798458417849897,246.5,1.2356531986531987,594.0,1.0139581881533102,574.0
2026-01-17T02:00:00,20.31058823529412,246.5,1.2353097643097644,594.0,1.026149825783972,574.0
2026-01-17T03:00:00,27.33874239350913,246.5,1.2352525252525253,594.0,1.0138954703832752,574.0
2026-01-17T04:00:00,27.317322515212982,246.5,1.3462962962962963,594.0,1.6875435540069685,574.0
2026-01-17T05:00:00,19.16973630831643,246.5,1.3180505050505051,594.0,3.0593379790940767,574.0
2026-01-17T06:00:00,23.079107505070994,246.5,1.7432626262626263,594.0,1.9356829268292683,574.0
2026-01-17T07:00:00,20.8841784989858,246.5,2.0069444444444446,594.0,3.0603066202090594,574.0
2026-01-17T08:00:00,21.105679513184583,246.5,3.4187710437710437,594.0,1.3574320557491288,574.0
2026-01-17T09:00:00,20.975659229208926,246.5,2.793838383838384,594.0,1.2350383275261323,574.0
2026-01-17T10:00:00,20.143569979716023,246.5,3.067979797979798,594.0,1.2411010452961673,574.0
2026-01-17T11:00:00,19.82685598377282,246.5,2.538909090909091,594.0,1.2349198606271776,574.0
2026-01-17T12:00:00,23.39391480730223,246.5,4.104525252525253,594.0,1.0,574.0
2026-01-17T13:00:00,23.438539553752534,246.5,2.5676531986531987,594.0,1.0,574.0
2026-01-17T14:00:00,24.54685598377282,246.5,3.57006734006734,594.0,1.0,574.0
2026-01-17T15:00:00,23.68843813387424,246.5,2.8642424242424243,594.0,1.0,574.0
2026-01-17T16:00:00,27.633793103448276,246.5,3.991621212121212,594.0,1.0,574.0
2026-01-17T17:00:00,30.46288032454361,246.5,1.8106144781144782,594.0,1.0,574.0
2026-01-17T18:00:00,24.60235294117647,246.5,3.8253973063973064,594.0,1.0,574.0
2026-01-17T19:00:00,32.811764705882354,246.5,2.0198434343434344,594.0,1.0,574.0
2026-01-17T20:00:00,27.9131845841785,246.5,2.4020454545454544,594.0,1.0,574.0
2026-01-17T21:00:00,24.544421906693714,246.5,1.3218855218855219,594.0,1.0,574.0
2026-01-17T22:00:00,32.45882352941177,246.5,1.2898787878787878,594.0,1.0,574.0
2026-01-17T23:00:00,32.568356997971605,246.5,1.2348518518518519,594.0,1.0,574.0
2026-01-18T00:00:00,12.467469879518072,207.5,1.510291891891892,555.0,1.0,574.0
2026-01-18T01:00:00,12.217379310344828,217.5,3.3233189189189187,555.0,1.0,574.0
2026-01-18T02:00:00,11.929866666666667,217.5,3.579117117117117,555.0,1.0,574.0
2026-01-18T03:00:00,13.292,217.5,3.5775567567567568,555.0,1.0,574.0
2026-01-18T04:00:00,12.931898850574713,217.5,4.901445045045045,555.0,1.0,574.0
2026-01-18T05:00:00,12.308551724137931,217.5,4.0923927927927926,555.0,1.0,574.0
2026-01-18T06:00:00,11.953734939759036,207.5,6.178151351351351,555.0,1.0,558.0
2026-01-18T07:00:00,12.882298850574713,217.5,5.005135135135135,555.0,1.0,574.0
2026-01-18T08:00:00,11.730574712643678,217.5,7.675243243243243,555.0,1.0,574.0
2026-01-18T09:00:00,11.743448275862068,217.5,6.740342342342342,555.0,1.0,574.0
2026-01-18T10:00:00,12.482666666666667,217.5,9.93,555.0,1.0,574.0
2026-01-18T11:00:00,13.378390804597702,217.5,11.504504504504505,555.0,1.0,574.0
2026-01-18T12:00:00,13.390409638554218,207.5,12.61881081081081,555.0,1.0,574.0
2026-01-18T13:00:00,13.229397590361446,207.5,11.241531531531532,555.0,1.0,574.0
2026-01-18T14:00:00,12.516,217.5,14.229189189189189,555.0,1.0,574.0
2026-01-18T15:00:00,13.259310344827586,217.5,11.778,555.0,1.0,574.0
2026-01-18T16:00:00,12.806997701149426,217.5,14.016,555.0,1.0,574.0
2026-01-18T17:00:00,14.758620689655173,217.5,9.202566371681415,565.0,1.0,574.0
2026-01-18T18:00:00,13.459310344827585,217.5,13.687189189189189,555.0,1.0,574.0
2026-01-18T19:00:00,14.668965517241379,217.5,9.050300884955751,565.0,1.0,574.0
2026-01-18T20:00:00,12.729655172413793,217.5,7.890324324324324,555.0,1.0,574.0
2026-01-18T21:00:00,13.821204819277108,207.5,4.783304504504504,555.0,1.0,574.0
2026-01-18T22:00:00,12.759518072289156,207.5,4.009801801801802,555.0,1.0,574.0
2026-01-18T23:00:00,13.160570114942528,217.5,3.552590990990991,555.0,1.0,574.0
2026-01-19T00:00:00,17.15448275862069,217.5,2.261932743362832,565.0,1.0,574.0
2026-01-19T01:00:00,17.485793103448277,217.5,1.5113621621621622,555.0,1.0,574.0
2026-01-19T02:00:00,17.212413793103448,217.5,2.2849411764705883,578.0,1.0,574.0
2026-01-19T03:00:00,17.976385542168675,207.5,2.2303529411764704,578.0,1.0,574.0
2026-01-19T04:00:00,17.071724137931035,217.5,3.0960216216216216,555.0,1.0,574.0
2026-01-19T05:00:00,17.785379310344826,217.5,3.6166738738738737,555.0,1.0,574.0
2026-01-19T06:00:00,20.654924078091106,230.5,4.91195221238938,565.0,1.0,574.0
2026-01-19T07:00:00,20.602689804772233,230.5,4.213362831858407,565.0,1.0,574.0
2026-01-19T08:00:00,20.41943600867679,230.5,6.803081081081081,555.0,1.0,574.0
2026-01-19T09:00:00,19.80277657266811,230.5,13.882765765765766,555.0,1.0,574.0
2026-01-19T10:00:00,20.60680459770115,217.5,6.93341981981982,555.0,1.0,574.0
2026-01-19T11:00:00,20.541605206073754,230.5,4.977686486486487,555.0,1.0,574.0
2026-01-19T12:00:00,20.394758620689654,217.5,14.02854054054054,555.0,1.0,574.0
2026-01-19T13:00:00,19.800954446854664,230.5,25.309535135135135,555.0,1.0,574.0
2026-01-19T14:00:00,20.530151843817787,230.5,16.671664864864866,555.0,1.0,574.0
2026-01-19T15:00:00,20.375724137931034,217.5,13.935610810810811,555.0,1.0,574.0
2026-01-19T16:00:00,20.469067245119305,230.5,17.47267256637168,565.0,1.0,574.0
2026-01-19T17:00:00,20.40416485900217,230.5,16.710513274336282,565.0,1.0,574.0
2026-01-19T18:00:00,20.469067245119305,230.5,11.416814159292036,565.0,1.0,574.0
2026-01-19T19:00:00,20.51106290672451,230.5,13.952115916955018,578.0,1.0,574.0
2026-01-19T20:00:00,20.503427331887202,230.5,17.208442906574394,578.0,1.0,574.0
2026-01-19T21:00:00,20.196919739696312,230.5,5.179237837837838,555.0,1.0,574.0
2026-01-19T22:00:00,19.750409638554217,207.5,3.7721405405405406,555.0,1.0,574.0
2026-01-19T23:00:00,19.285931034482758,217.5,2.7332424778761064,565.0,1.0,574.0
2026-01-20T00:00:00,18.126896551724137,217.5,2.7412230088495577,565.0,1.0,574.0
2026-01-20T01:00:00,18.353734939759036,207.5,2.5948148148148147,594.0,1.0,574.0
2026-01-20T02:00:00,17.507951807228917,207.5,2.6678654867256637,565.0,1.0,574.0
2026-01-20T03:00:00,19.600867469879518,207.5,2.66912676056338,568.0,1.0,574.0
2026-01-20T04:00:00,18.201927710843375,207.5,3.1685840707964603,565.0,1.0,574.0
2026-01-20T05:00:00,18.1889156626506,207.5,3.2232249134948097,578.0,1.0,574.0
2026-01-20T06:00:00,20.57700650759219,230.5,4.310945132743363,565.0,1.0,574.0
2026-01-20T07:00:00,20.468546637744033,230.5,4.030729203539823,565.0,1.0,574.0
2026-01-20T08:00:00,20.342733188720175,230.5,9.599792387543253,578.0,1.0,574.0
2026-01-20T09:00:00,19.69655172413793,217.5,5.204134948096886,578.0,1.0,574.0
2026-01-20T10:00:00,20.0544578313253,207.5,5.698672566371681,565.0,1.0,574.0
2026-01-20T11:00:00,19.091494252873563,217.5,4.4539469026548675,565.0,1.0,574.0
2026-01-20T12:00:00,19.09103448275862,217.5,5.993650519031142,578.0,1.0,574.0
2026-01-20T13:00:00,18.484732824427482,209.6,5.770495495495496,555.0,1.0,574.0
2026-01-20T14:00:00,18.26265060240964,207.5,5.995746478873239,568.0,1.0,574.0
2026-01-20T15:00:00,24.88,217.5,7.718477508650519,578.0,1.0,574.0
2026-01-20T16:00:00,25.08,217.5,6.171791150442478,565.0,1.0,574.0
2026-01-20T17:00:00,22.0,230.5,9.068477508650519,578.0,1.0,574.0
2026-01-20T18:00:00,20.832183908045977,217.5,5.176636678200692,578.0,1.0,574.0
2026-01-20T19:00:00,20.625287356321838,217.5,4.029027681660899,578.0,1.0,574.0
2026-01-20T20:00:00,21.017931034482757,217.5,5.233439446366782,578.0,1.0,574.0
2026-01-20T21:00:00,18.354448192771084,207.5,3.2550757575757574,594.0,1.0,574.0
2026-01-20T22:00:00,20.013975903614458,207.5,3.594606060606061,594.0,1.0,574.0
2026-01-20T23:00:00,18.08137931034483,217.5,2.75330303030303,594.0,1.0,574.0
2026-01-21T00:00:00,22.602649006622517,226.5,1.892043321299639,554.0,1.012404181184669,574.0
2026-01-21T01:00:00,23.1297192642788,206.6,1.6018937282229966,574.0,1.0123135888501742,574.0
2026-01-21T02:00:00,23.420135527589544,206.6,1.4991805054151623,554.0,1.012404181184669,574.0
2026-01-21T03:00:00,23.267409200968522,206.5,1.5729947735191638,574.0,1.0775261324041812,574.0
2026-01-21T04:00:00,23.442615012106536,206.5,4.068158844765343,554.0,1.1798606271777003,574.0
2026-01-21T05:00:00,23.2682808716707,206.5,2.312772563176895,554.0,1.1795574912891986,574.0
2026-01-21T06:00:00,23.70728476821192,226.5,4.177745487364621,554.0,1.3174146341463415,574.0
2026-01-21T07:00:00,33.33774834437086,226.5,2.674129213483146,534.0,1.0308188153310105,574.0
2026-01-21T08:00:00,27.496688741721854,226.5,4.287949438202247,534.0,1.0,574.0
2026-01-21T09:00:00,23.331157384987893,206.5,4.2433558052434455,534.0,1.0,574.0
2026-01-21T10:00:00,23.187409200968524,206.5,5.642816479400749,534.0,1.0,574.0
2026-01-21T11:00:00,23.541721854304637,226.5,6.296931407942238,554.0,1.0,574.0
2026-01-21T12:00:00,23.682808716707022,206.5,6.529887640449438,534.0,1.0,574.0
2026-01-21T13:00:00,23.493462469733657,206.5,5.668024344569289,534.0,1.0,574.0
2026-01-21T14:00:00,23.386440677966103,206.5,6.828121722846442,534.0,1.0,574.0
2026-01-21T15:00:00,23.402905569007263,206.5,5.3422160278745645,574.0,1.0,574.0
2026-01-21T16:00:00,27.983443708609272,226.5,10.632752613240418,574.0,1.0,574.0
2026-01-21T17:00:00,23.353510895883776,206.5,4.158916967509025,554.0,1.0,574.0
2026-01-21T18:00:00,27.436893203883496,226.6,9.212543554006968,574.0,1.0,574.0
2026-01-21T19:00:00,27.496688741721854,226.5,2.712117845117845,594.0,1.0,574.0
2026-01-21T20:00:00,22.956732891832228,226.5,4.583588850174216,574.0,1.0,574.0
2026-01-21T21:00:00,23.14133591481123,206.6,2.2647373737373737,594.0,1.0061637630662021,574.0
2026-01-21T22:00:00,22.849878934624698,206.5,2.4500858585858585,594.0,1.0,574.0
2026-01-21T23:00:00,23.22179176755448,206.5,1.6768501742160278,574.0,1.0139965156794426,574.0
2026-01-22T00:00:00,50.820689655172416,217.5,1.6139707120013467,594.1,1.2349381640829125,574.1
2026-01-22T01:00:00,45.93253012048193,207.5,1.439430733201225,555.1,1.2371886430935377,574.1
2026-01-22T02:00:00,50.920459770114945,217.5,1.7399115200849407,565.1,1.2357672879289323,574.1
2026-01-22T03:00:00,52.60578313253012,207.5,1.5297150946735092,565.1,1.235115833478488,574.1
2026-01-22T04:00:00,52.918072289156626,207.5,1.6037467566165022,578.1,1.241848110085351,574.1
2026-01-22T05:00:00,53.02024096385542,207.5,2.606062643779862,565.1,1.5449224873715381,574.1
2026-01-22T06:00:00,49.419310344827586,217.5,4.139847814546098,565.1,1.1399407768681415,574.1
2026-01-22T07:00:00,65.00689655172414,217.5,2.058726863864383,578.1,1.1400104511409161,574.1
2026-01-22T08:00:00,64.84137931034483,217.5,4.422840205273403,565.1,1.0,574.1
2026-01-22T09:00:00,67.1068578313253,207.5,4.359498356685695,578.1,1.0,574.1
2026-01-22T10:00:00,66.60819277108433,207.5,4.382631032693306,578.1,1.0,574.1
2026-01-22T11:00:00,64.64827586206897,217.5,4.088579830479156,578.1,1.0,574.1
2026-01-22T12:00:00,63.62758620689655,217.5,4.631285244767342,578.1,1.0,574.1
2026-01-22T13:00:00,63.682758620689654,217.5,4.497509081473793,578.1,1.0,574.1
2026-01-22T14:00:00,64.03218390804598,217.5,5.520505102923369,578.1,1.0,574.1
2026-01-22T15:00:00,64.1080459770115,217.5,4.089666147725307,578.1,1.0,574.1
2026-01-22T16:00:00,64.75862068965517,217.5,11.334089257913856,578.1,1.0,574.1
2026-01-22T17:00:00,64.92781609195403,217.5,1.9593634319321918,578.1,1.0,574.1
2026-01-22T18:00:00,65.3103448275862,217.5,4.131935651271406,578.1,1.0,574.1
2026-01-22T19:00:00,65.44827586206897,217.5,4.103788271925272,578.1,1.0,574.1
2026-01-22T20:00:00,55.46987951807229,207.5,4.668450095139249,578.1,0.9689775300470301,574.1
2026-01-22T21:00:00,51.511807228915664,207.5,2.035706625151358,578.1,1.0690123671834175,574.1
2026-01-22T22:00:00,51.013493975903614,207.5,4.110432451133022,578.1,1.0,574.1
2026-01-22T23:00:00,50.83228915662651,207.5,1.751088302955229,565.1,1.0,574.1
2026-01-23T00:00:00,33.544944578313256,207.5,2.0700035398230088,565.0,1.253763440860215,558.0
2026-01-23T01:00:00,31.636680459770115,217.5,4.257091891891892,555.0,1.2474912891986063,574.0
2026-01-23T02:00:00,31.792910344827586,217.5,5.6732,555.0,1.2480662020905924,574.0
2026-01-23T03:00:00,31.808533333333333,217.5,5.532864864864865,555.0,1.2479094076655053,574.0
2026-01-23T04:00:00,31.82415632183908,217.5,8.889189189189189,555.0,1.2350975609756099,574.0
2026-01-23T05:00:00,31.87102528735632,217.5,14.106306306306307,555.0,1.260170731707317,574.0
2026-01-23T06:00:00,30.96674186550976,230.5,39.935027027027026,555.0,1.1401045296167247,574.0
2026-01-23T07:00:00,31.142988505747127,217.5,36.8076,555.0,1.1401045296167247,574.0
2026-01-23T08:00:00,31.820481927710844,207.5,39.656396396396396,555.0,1.0698954703832753,574.0
2026-01-23T09:00:00,31.504,207.5,24.12745945945946,555.0,1.0698954703832753,574.0
2026-01-23T10:00:00,32.789305747126434,217.5,33.464864864864865,555.0,1.0698257839721255,574.0
2026-01-23T11:00:00,31.700095444685466,230.5,33.09189189189189,555.0,1.0,574.0
2026-01-23T12:00:00,31.643739696312366,230.5,45.54655855855856,555.0,1.0,574.0
2026-01-23T13:00:00,29.132689655172413,217.5,44.91787387387387,555.0,1.0,574.0
2026-01-23T14:00:00,29.170114942528734,217.5,45.04646846846847,555.0,1.0,574.0
2026-01-23T15:00:00,28.980137931034484,217.5,39.65135135135135,555.0,1.0,574.0
2026-01-23T16:00:00,31.016,217.5,33.293531531531535,555.0,1.0,574.0
2026-01-23T17:00:00,30.479816091954024,217.5,24.464216216216215,555.0,1.0,574.0
2026-01-23T18:00:00,31.913041214750542,230.5,55.45973333333333,555.0,1.0,574.0
2026-01-23T19:00:00,32.99289195402299,217.5,28.697297297297297,555.0,1.0,574.0
2026-01-23T20:00:00,27.873379310344827,217.5,49.18018018018018,555.0,1.0,574.0
2026-01-23T21:00:00,28.413686746987953,207.5,22.872072072072072,555.0,1.0,574.0
2026-01-23T22:00:00,33.168928735632186,217.5,10.17491891891892,555.0,1.0,574.0
2026-01-23T23:00:00,32.081465060240966,207.5,2.072230088495575,565.0,1.0,574.0
2026-01-24T00:00:00,25.133333333333333,217.5,1.252685025817556,581.0,1.0,574.0
2026-01-24T01:00:00,14.901686746987952,207.5,1.2484848484848485,594.0,1.0,574.0
2026-01-24T02:00:00,14.424578313253011,207.5,1.476991150442478,565.0,1.0,574.0
2026-01-24T03:00:00,14.903614457831326,207.5,1.2534074074074073,594.0,1.0,574.0
2026-01-24T04:00:00,14.431277108433735,207.5,1.5512792792792793,555.0,1.0,574.0
2026-01-24T05:00:00,14.40144578313253,207.5,2.493665486725664,565.0,1.0,574.0
2026-01-24T06:00:00,14.666265060240963,207.5,3.0006666666666666,555.0,1.0,574.0
2026-01-24T07:00:00,14.95071264367816,217.5,1.8069297297297298,555.0,1.0,574.0
2026-01-24T08:00:00,14.794896551724138,217.5,5.246601769911504,565.0,1.0,574.0
2026-01-24T09:00:00,14.544385542168675,207.5,2.016081081081081,555.0,1.0,574.0
2026-01-24T10:00:00,14.523807228915663,207.5,8.997333333333334,555.0,1.0,574.0
2026-01-24T11:00:00,14.990896551724138,217.5,2.124345945945946,555.0,1.0,574.0
2026-01-24T12:00:00,14.715277108433735,207.5,6.45145945945946,555.0,1.0,574.0
2026-01-24T13:00:00,14.68375903614458,207.5,6.4341621621621625,555.0,1.0,574.0
2026-01-24T14:00:00,14.752722891566265,207.5,6.303603603603603,555.0,1.0,574.0
2026-01-24T15:00:00,15.053103448275863,217.5,3.5048849557522126,565.0,1.0,574.0
2026-01-24T16:00:00,15.194344827586207,217.5,7.10987610619469,565.0,1.0,574.0
2026-01-24T17:00:00,17.156529284164858,230.5,1.859754954954955,555.0,1.0,574.0
2026-01-24T18:00:00,21.349154013015184,230.5,5.821259515570934,578.0,1.0,574.0
2026-01-24T19:00:00,16.176789587852493,230.5,3.973718855218855,594.0,1.0,574.0
2026-01-24T20:00:00,16.176789587852493,230.5,3.5078961267605635,568.0,1.0,574.0
2026-01-24T21:00:00,14.720735632183908,217.5,1.372474336283186,565.0,1.0,574.0
2026-01-24T22:00:00,14.712827586206897,217.5,1.7145,578.0,1.0,574.0
2026-01-24T23:00:00,18.960963855421685,207.5,1.2475757575757576,594.0,1.0,574.0
2026-01-25T00:00:00,32.368468965517245,217.5,3.988418018018018,555.0,1.0,558.0
2026-01-25T01:00:00,31.01176091954023,217.5,3.9153783783783784,555.0,1.0,574.0
2026-01-25T02:00:00,32.97706024096386,207.5,3.8496576576576578,555.0,1.0,574.0
2026-01-25T03:00:00,31.786698795180722,207.5,1.3701801801801803,555.0,1.0,574.0
2026-01-25T04:00:00,31.557436144578315,207.5,5.61818018018018,555.0,1.0,574.0
2026-01-25T05:00:00,31.50830843373494,207.5,5.670324324324325,555.0,1.1085365853658538,574.0
2026-01-25T06:00:00,56.63031325301205,207.5,6.962865486725664,565.0,1.0310104529616724,574.0
2026-01-25T07:00:00,53.948,207.5,9.24532072072072,555.0,1.0310104529616724,574.0
2026-01-25T08:00:00,53.864,207.5,26.736036036036037,555.0,1.261290322580645,558.0
2026-01-25T09:00:00,53.752,207.5,7.191852252252252,555.0,1.0,558.0
2026-01-25T10:00:00,54.724048192771086,207.5,12.607207207207207,555.0,1.0465156794425088,574.0
2026-01-25T11:00:00,54.24371084337349,207.5,17.78918918918919,555.0,1.0310104529616724,574.0
2026-01-25T12:00:00,51.55633734939759,207.5,13.726765765765766,555.0,1.0310104529616724,574.0
2026-01-25T13:00:00,52.011421686746985,207.5,11.875376576576576,555.0,1.0,574.0
2026-01-25T14:00:00,51.38867469879518,207.5,12.59099099099099,555.0,1.0,574.0
2026-01-25T15:00:00,51.750650602409635,207.5,7.536762162162162,555.0,1.0,574.0
2026-01-25T16:00:00,50.55261686746988,207.5,12.654867256637168,565.0,1.0,574.0
2026-01-25T17:00:00,49.60234482758621,217.5,9.163061946902655,565.0,1.0,574.0
2026-01-25T18:00:00,66.54663774403471,230.5,10.522654867256637,565.0,1.0,574.0
2026-01-25T19:00:00,55.622698795180725,207.5,10.54796460176991,565.0,1.0,574.0
2026-01-25T20:00:00,56.83037590361446,207.5,6.48036036036036,555.0,1.0,574.0
2026-01-25T21:00:00,55.632275862068965,217.5,3.8487256637168143,565.0,1.0,574.0
2026-01-25T22:00:00,56.15301204819277,207.5,3.9785398230088496,565.0,1.0,574.0
2026-01-25T23:00:00,55.61655172413793,217.5,1.282227027027027,555.0,1.0,574.0
2026-01-26T00:00:00,41.79681927710843,207.5,6.782723833543506,555.1,1.3173333333333332,558.0
2026-01-26T01:00:00,43.04578313253012,207.5,4.928544144144144,555.0,1.2897849462365591,558.0
2026-01-26T02:00:00,43.29228915662651,207.5,13.891021437578814,555.1,1.2987204301075268,558.0
2026-01-26T03:00:00,43.11151807228916,207.5,13.38407494145199,555.1,1.3185376344086022,558.0
2026-01-26T04:00:00,43.06221686746988,207.5,10.391100702576113,555.1,1.3185376344086022,558.0
2026-01-26T05:00:00,43.21012048192771,207.5,10.388758782201405,555.1,1.6516129032258065,558.0
2026-01-26T06:00:00,45.229493975903615,207.5,25.575571969014593,555.1,1.2115749128919862,574.0
2026-01-26T07:00:00,48.90004819277108,207.5,15.608178706539363,555.1,1.0309059233449478,574.0
2026-01-26T08:00:00,48.908144578313255,207.5,17.171762589928058,556.0,1.0775126284619405,574.1
2026-01-26T09:00:00,48.902068965517245,217.5,31.857219924474016,556.1,1.2167914997387215,574.1
2026-01-26T10:00:00,46.70506024096385,207.5,35.60757417730624,556.1,1.0,574.1
2026-01-26T11:00:00,48.914206896551725,217.5,21.31896942446043,556.0,1.0,574.1
2026-01-26T12:00:00,46.88202409638554,207.5,38.67169784172662,556.0,1.0,574.1
2026-01-26T13:00:00,49.36578313253012,207.5,33.942539568345325,556.0,1.0,558.1
2026-01-26T14:00:00,49.368481927710846,207.5,25.091929856115108,556.0,1.0,574.1
2026-01-26T15:00:00,49.35734939759036,207.5,31.324347122302157,556.0,1.0,574.1
2026-01-26T16:00:00,49.369156626506026,207.5,30.68044056824312,556.1,1.0,574.1
2026-01-26T17:00:00,53.06868965517241,217.5,20.678228417266187,556.0,1.0,574.1
2026-01-26T18:00:00,43.8510843373494,207.5,31.24778776978417,556.0,1.0,574.1
2026-01-26T19:00:00,44.29638554216867,207.5,16.237994604316548,556.0,1.0,574.1
2026-01-26T20:00:00,47.293493975903615,207.5,21.40443525179856,556.0,1.0,574.1
2026-01-26T21:00:00,44.681927710843375,207.5,10.408379787807949,556.1,1.0,574.1
2026-01-26T22:00:00,43.98120481927711,207.5,10.394353533537133,556.1,1.0,574.1
2026-01-26T23:00:00,43.91180722891566,207.5,4.998857913669065,556.0,1.0,574.1
2026-01-27T00:00:00,45.921598062954,206.5,4.851026217228465,534.0,1.0,574.0
2026-01-27T01:00:00,46.42886198547215,206.5,2.054193548387097,558.0,1.0,578.0
2026-01-27T02:00:00,46.65205811138014,206.5,3.696519855595668,554.0,1.0,574.0
2026-01-27T03:00:00,46.5588377723971,206.5,2.102910780669145,538.0,1.0125951557093427,578.0
2026-01-27T04:00:00,46.27544794188862,206.5,4.093056179775281,534.0,1.0,574.0
2026-01-27T05:00:00,46.214721549636806,206.5,5.595301115241636,538.0,1.0062975778546712,578.0
2026-01-27T06:00:00,96.05562913907285,226.5,18.906794223826715,554.0,1.0,574.0
2026-01-27T07:00:00,101.47985472154964,206.5,11.40163440860215,558.0,1.0,574.0
2026-01-27T08:00:00,110.1011622276029,206.5,25.0842787456446,574.0,1.0,574.0
2026-01-27T09:00:00,100.94702179176755,206.5,15.788044943820225,534.0,1.0,574.0
2026-01-27T10:00:00,102.07864406779662,206.5,38.48093632958801,534.0,1.0,574.0
2026-01-27T11:00:00,102.22624697336562,206.5,32.25090252707581,554.0,1.0,574.0
2026-01-27T12:00:00,103.06949152542373,206.5,40.3499063670412,534.0,1.0,574.0
2026-01-27T13:00:00,102.13559322033899,206.5,38.75074157303371,534.0,1.0,574.0
2026-01-27T14:00:00,102.0864406779661,206.5,38.36816479400749,534.0,1.0,574.0
2026-01-27T15:00:00,101.18640176600441,226.5,24.815884476534297,554.0,1.0,574.0
2026-01-27T16:00:00,97.0365111561866,246.5,41.09198606271777,574.0,1.0,574.0
2026-01-27T17:00:00,96.8133874239351,246.5,20.722125435540068,574.0,1.0,574.0
2026-01-27T18:00:00,96.33112582781457,226.5,20.73780487804878,574.0,1.0,574.0
2026-01-27T19:00:00,95.89403973509934,226.5,12.785138047138048,594.0,1.0,574.0
2026-01-27T20:00:00,85.76600441501104,226.5,15.753484320557492,574.0,1.012404181184669,574.0
2026-01-27T21:00:00,92.84532687651331,206.5,6.248802867383513,558.0,1.0125951557093427,578.0
2026-01-27T22:00:00,92.53617433414044,206.5,7.932129963898917,554.0,1.0,574.0
2026-01-27T23:00:00,91.67208716707022,206.5,6.431667870036101,554.0,1.0,574.0
2026-01-28T00:00:00,43.463774403470715,230.5,7.66926017699115,565.0,1.5412186379928314,558.0
2026-01-28T01:00:00,36.644174712643675,217.5,7.54264705882353,578.0,1.54084229390681,558.0
2026-01-28T02:00:00,43.98951724137931,217.5,11.168884955752212,565.0,1.5413440860215053,558.0
2026-01-28T03:00:00,35.95933333333333,217.5,10.978858407079645,565.0,1.8806451612903226,558.0
2026-01-28T04:00:00,37.17537471264368,217.5,15.156882882882883,555.0,1.534695340501792,558.0
2026-01-28T05:00:00,43.97087356321839,217.5,11.670994594594594,555.0,1.551341463414634,574.0
2026-01-28T06:00:00,42.8846420824295,230.5,14.376633628318585,565.0,1.062020905923345,574.0
2026-01-28T07:00:00,50.57713665943601,230.5,10.95997750865052,578.0,1.062020905923345,574.0
2026-01-28T08:00:00,59.1765726681128,230.5,16.80907394609537,578.8,1.062020905923345,574.0
2026-01-28T09:00:00,42.84754880694143,230.5,14.987338970852825,555.8,1.0617770034843206,574.0
2026-01-28T10:00:00,43.47696312364425,230.5,25.893130081300814,565.8,1.0617770034843206,574.0
2026-01-28T11:00:00,42.86351409978308,230.5,18.890338251169485,555.8,1.062020905923345,574.0
2026-01-28T12:00:00,44.70197701149425,217.5,29.513673983447283,555.8,1.062020905923345,574.0
2026-01-28T13:00:00,43.127982646420826,230.5,20.957287027218097,565.8,1.062020905923345,574.0
2026-01-28T14:00:00,43.326507592190886,230.5,19.163503058654193,555.8,1.062020905923345,574.0
2026-01-28T15:00:00,43.609023861171366,230.5,16.090378225521384,565.8,1.062020905923345,574.0
2026-01-28T16:00:00,42.84754880694143,230.5,15.961544715447154,565.8,1.0618815331010454,574.0
2026-01-28T17:00:00,42.95930585683297,230.5,14.446176991150443,565.0,1.0618815331010454,574.0
2026-01-28T18:00:00,42.94334056399132,230.5,35.83427112676056,568.0,1.062020905923345,574.0
2026-01-28T19:00:00,42.850216919739694,230.5,17.122837370242216,578.0,1.062020905923345,574.0
2026-01-28T20:00:00,42.82355748373102,230.5,20.914159292035396,565.0,1.0618118466898954,574.0
2026-01-28T21:00:00,30.983062906724513,230.5,15.187848648648648,555.0,1.0618118466898954,574.0
2026-01-28T22:00:00,34.194248275862066,217.5,15.286727433628318,565.0,1.0618118466898954,574.0
2026-01-28T23:00:00,33.897609195402296,217.5,2.655235294117647,578.0,1.062020905923345,574.0
2026-01-29T00:00:00,44.38758620689655,217.5,1.770925925925926,594.0,1.327637630662021,574.0
2026-01-29T01:00:00,31.516,217.5,1.4722962962962962,594.0,1.3277282229965157,574.0
2026-01-29T02:00:00,31.587668965517242,217.5,2.691370242214533,578.0,1.3276864111498259,574.0
2026-01-29T03:00:00,32.000340229885055,217.5,3.9968546712802766,578.0,1.6613414634146342,574.0
2026-01-29T04:00:00,31.766841379310346,217.5,5.4862159292035395,565.0,1.552439024390244,574.0
2026-01-29T05:00:00,31.802675862068966,217.5,6.034066901408451,568.0,1.32795818815331,574.0
2026-01-29T06:00:00,32.690179310344824,217.5,10.952771681415928,565.0,1.062020905923345,574.0
2026-01-29T07:00:00,37.86334056399132,230.5,7.392666321064455,578.7,1.062020905923345,574.0
2026-01-29T08:00:00,34.796689655172415,217.5,11.58978787878788,594.0,1.062020905923345,574.0
2026-01-29T09:00:00,33.72073563218391,217.5,9.69302987449178,565.7,1.062020905923345,574.0
2026-01-29T10:00:00,34.227310344827586,217.5,21.923662629757786,578.0,1.062020905923345,574.0
2026-01-29T11:00:00,42.314942528735635,217.5,17.867121212121212,594.0,1.062020905923345,574.0
2026-01-29T12:00:00,46.64578313253012,207.5,23.605217993079584,578.0,1.062020905923345,574.0
2026-01-29T13:00:00,47.07586206896552,217.5,23.582410034602077,578.0,1.062020905923345,574.0
2026-01-29T14:00:00,41.78843373493976,207.5,21.630399170554693,578.7,1.062020905923345,574.0
2026-01-29T15:00:00,42.222988505747125,217.5,17.653142761055996,594.7,1.062020905923345,574.0
2026-01-29T16:00:00,46.6941431670282,230.5,18.95819236589877,594.7,1.062020905923345,574.0
2026-01-29T17:00:00,41.67351724137931,217.5,14.006075757575758,594.0,1.062020905923345,574.0
2026-01-29T18:00:00,34.08986550976139,230.5,17.782231833910036,578.0,1.062020905923345,574.0
2026-01-29T19:00:00,34.128754880694146,230.5,9.346734059097978,578.7,1.062020905923345,574.0
2026-01-29T20:00:00,32.25804137931034,217.5,12.01305512355279,578.7,1.062020905923345,574.0
2026-01-29T21:00:00,32.71879518072289,207.5,7.0774498269896196,578.0,1.062020905923345,574.0
2026-01-29T22:00:00,32.861985542168675,207.5,7.600311418685121,578.0,1.062020905923345,574.0
2026-01-29T23:00:00,32.46599518072289,207.5,1.369083044982699,578.0,1.0602787456445992,574.0
2026-01-30T00:00:00,34.27020689655173,217.5,6.281256055363322,578.0,1.328774193548387,558.0
2026-01-30T01:00:00,32.93156626506024,207.5,6.276370242214533,578.0,1.34294425087108,574.0
2026-01-30T02:00:00,32.740828915662654,207.5,6.279545454545454,594.0,1.3293333333333333,558.0
2026-01-30T03:00:00,32.62244819277108,207.5,6.309342560553633,578.0,1.3293763440860216,558.0
2026-01-30T04:00:00,32.584327710843375,207.5,6.419801769911505,565.0,1.6211845878136202,558.0
2026-01-30T05:00:00,42.032289156626504,207.5,6.361882352941176,578.0,1.3276445993031358,574.0
2026-01-30T06:00:00,46.96551724137931,217.5,11.505079584775087,578.0,1.130191637630662,574.0
2026-01-30T07:00:00,50.28689655172414,217.5,7.905956747404844,578.0,1.1301219512195122,574.0
2026-01-30T08:00:00,74.86746987951807,207.5,13.061575757575758,594.0,1.130191637630662,574.0
2026-01-30T09:00:00,58.51328735632184,217.5,7.411840830449827,578.0,1.130191637630662,574.0
2026-01-30T10:00:00,50.0,217.5,7.998230088495575,565.0,1.130191637630662,574.0
2026-01-30T11:00:00,50.29241379310345,217.5,6.531474048442907,578.0,1.062020905923345,574.0
2026-01-30T12:00:00,50.29149425287356,217.5,6.2774074074074075,594.0,1.062020905923345,574.0
2026-01-30T13:00:00,47.47855421686747,207.5,6.417432525951557,578.0,1.062020905923345,574.0
2026-01-30T14:00:00,47.68867469879518,207.5,6.1411986531986535,594.0,1.062020905923345,574.0
2026-01-30T15:00:00,56.846896551724136,217.5,9.346875432525952,578.0,1.0618815331010454,574.0
2026-01-30T16:00:00,58.28625287356322,217.5,14.879122123893806,565.0,1.062020905923345,574.0
2026-01-30T17:00:00,56.90124137931034,217.5,7.953709342560554,578.0,1.0618815331010454,574.0
2026-01-30T18:00:00,74.70620689655172,217.5,6.232176470588235,578.0,1.0617770034843206,574.0
2026-01-30T19:00:00,73.85448275862069,217.5,6.227986531986532,594.0,1.0185331010452963,574.0
2026-01-30T20:00:00,48.46247288503254,230.5,6.2696969696969695,594.0,1.062020905923345,574.0
2026-01-30T21:00:00,46.64578313253012,207.5,6.370359861591695,578.0,1.012383275261324,574.0
2026-01-30T22:00:00,46.81927710843374,207.5,6.402378892733564,578.0,1.0464372822299652,574.0
2026-01-30T23:00:00,46.94939759036144,207.5,6.382179930795847,578.0,1.012383275261324,574.0
2026-01-31T00:00:00,20.748906024096385,207.5,1.012006734006734,594.0,0.7955250896057348,558.0
2026-01-31T01:00:00,20.92335172413793,217.5,1.0,594.0,0.9938118466898954,574.0
2026-01-31T02:00:00,20.69457142857143,220.5,1.0,594.0,0.8141935483870968,558.0
2026-01-31T03:00:00,20.93406896551724,217.5,1.0,594.0,1.0,575.1
2026-01-31T04:00:00,20.93406896551724,217.5,1.0,594.0,0.8141935483870968,558.0
2026-01-31T05:00:00,20.28031724137931,217.5,1.0,594.0,0.7947616487455197,558.0
2026-01-31T06:00:00,21.15332048192771,207.5,1.1702323943661972,568.0,1.0123977015497128,574.3
2026-01-31T07:00:00,28.24399540229885,217.5,1.2374276094276093,594.0,0.794252688172043,558.0
2026-01-31T08:00:00,22.694455172413793,217.5,1.248030303030303,594.0,1.0,574.0
2026-01-31T09:00:00,20.7948,217.5,2.504159292035398,565.0,1.0,574.0
2026-01-31T10:00:00,21.097151807228915,207.5,1.9493131313131313,594.0,1.0,574.0
2026-01-31T11:00:00,21.04098313253012,207.5,1.2476262626262626,594.0,1.0,574.2
2026-01-31T12:00:00,21.05221686746988,207.5,2.4788939393939393,594.0,1.0,574.0
2026-01-31T13:00:00,21.190179310344828,217.5,1.6796338028169013,568.0,1.0,574.0
2026-01-31T14:00:00,20.426271805273835,246.5,1.3391228956228955,594.0,1.062020905923345,574.0
2026-01-31T15:00:00,20.45529817444219,246.5,1.2358249158249157,594.0,1.0,574.0
2026-01-31T16:00:00,21.640455531453362,230.5,1.6849309764309763,594.0,1.0,574.0
2026-01-31T17:00:00,21.084459770114943,217.5,1.2355387205387205,594.0,1.0,574.4
2026-01-31T18:00:00,22.80950361445783,207.5,1.2368552188552189,594.0,1.1140477064220184,545.0
2026-01-31T19:00:00,20.28487356321839,217.5,1.2263838383838384,594.0,1.2359860627177701,574.0
2026-01-31T20:00:00,20.441075862068967,217.5,2.2512962962962964,594.0,1.2523519163763066,574.0
2026-01-31T21:00:00,20.462510344827585,217.5,1.2396599326599327,594.0,1.2360452961672475,574.0
2026-01-31T22:00:00,20.483944827586207,217.5,1.2357104377104378,594.0,1.2486933797909407,574.0
2026-01-31T23:00:00,20.512997590361447,207.5,1.0984636678200692,578.0,1.234623693379791,574.0
2026-02-01T00:00:00,22.185783080260304,230.5,1.5146366782006921,578.0,1.1036672473867595,574.0
2026-02-01T01:00:00,15.055421686746987,207.5,1.9661111111111111,594.0,1.1425087108013938,574.0
2026-02-01T02:00:00,15.101301204819277,207.5,2.2884444444444445,594.0,1.1065418118466899,574.0
2026-02-01T03:00:00,15.978712643678161,217.5,1.9135488215488214,594.0,1.1077439024390243,574.0
2026-02-01T04:00:00,15.661296385542169,207.5,1.9867297762478486,581.0,1.5106062717770035,574.0
2026-02-01T05:00:00,16.131180722891568,207.5,5.531272727272727,594.0,1.1065860215053764,558.0
2026-02-01T06:00:00,21.78419277108434,207.5,6.006074074074074,594.0,1.556951219512195,574.0
2026-02-01T07:00:00,20.254767895878526,230.5,6.30880276816609,578.0,1.5771827956989248,558.0
2026-02-01T08:00:00,20.66939262472885,230.5,7.256837370242215,578.0,1.5921495327102804,535.0
2026-02-01T09:00:00,16.259469879518072,207.5,6.425338053097345,565.0,1.5282043010752688,558.0
2026-02-01T10:00:00,20.38673233404711,233.5,6.382619469026548,565.0,1.2907743119266055,545.0
2026-02-01T11:00:00,21.065551807228914,207.5,5.929797979797979,594.0,1.2440418118466898,574.0
2026-02-01T12:00:00,21.912404819277107,207.5,5.992727272727273,594.0,1.140731707317073,574.0
2026-02-01T13:00:00,16.5750843373494,207.5,6.362653198653199,594.0,1.1085483870967743,558.0
2026-02-01T14:00:00,17.630843373493978,207.5,6.502343434343435,594.0,1.1465156794425087,574.0
2026-02-01T15:00:00,21.828577006507594,230.5,5.968215488215488,594.0,1.2114766355140187,535.0
2026-02-01T16:00:00,22.43418313253012,207.5,7.73239393939394,594.0,1.027665505226481,574.0
2026-02-01T17:00:00,27.276312373225153,246.5,5.95,594.0,1.0,574.0
2026-02-01T18:00:00,21.330606896551725,217.5,5.87962962962963,594.0,1.298847670250896,558.0
2026-02-01T19:00:00,21.83431724137931,217.5,6.194636363636364,594.0,1.0434408602150538,558.0
2026-02-01T20:00:00,20.86406746987952,207.5,6.151636363636364,594.0,1.0457670250896058,558.0
2026-02-01T21:00:00,15.175903614457832,207.5,6.115151515151515,594.0,1.0186062717770035,574.0
2026-02-01T22:00:00,18.395127710843372,207.5,5.96530303030303,594.0,1.0,574.0
2026-02-01T23:00:00,18.18819277108434,207.5,6.006772727272727,594.0,1.2170731707317073,574.0
2026-02-02T00:00:00,81.93475862068965,217.5,1.0276498316498317,594.0,1.0,574.0
2026-02-02T01:00:00,79.44367816091955,217.5,1.0,594.0,1.0,574.0
2026-02-02T02:00:00,79.81149425287356,217.5,1.0,594.0,1.0,574.0
2026-02-02T03:00:00,79.76576551724138,217.5,1.0142289562289561,594.0,1.0,574.0
2026-02-02T04:00:00,80.98062068965517,217.5,1.0,594.0,1.0,574.0
2026-02-02T05:00:00,79.83939310344827,217.5,1.0585151515151514,594.0,1.0,574.0
2026-02-02T06:00:00,87.04827586206896,217.5,6.0178114478114475,594.0,1.0,574.0
2026-02-02T07:00:00,87.23310344827586,217.5,6.349504424778761,565.0,1.0691114982578398,574.0
2026-02-02T08:00:00,88.27664367816092,217.5,6.439504424778761,565.0,1.0,574.0
2026-02-02T09:00:00,89.5990361445783,207.5,6.439913494809689,578.0,1.0,574.0
2026-02-02T10:00:00,90.50293975903614,207.5,6.424083044982699,578.0,1.0,574.0
2026-02-02T11:00:00,89.2632578313253,207.5,6.3676141868512115,578.0,1.0,574.0
2026-02-02T12:00:00,89.56241927710843,207.5,2.102286725663717,565.0,1.0,574.0
2026-02-02T13:00:00,81.89349397590361,207.5,3.1560396396396397,555.0,1.0,574.0
2026-02-02T14:00:00,81.85489156626507,207.5,1.5426124567474049,578.0,1.0,574.0
2026-02-02T15:00:00,80.06354022988506,217.5,2.615571681415929,565.0,1.0,574.0
2026-02-02T16:00:00,85.48537960954447,230.5,5.600293805309734,565.0,1.0139407665505227,574.0
2026-02-02T17:00:00,85.78091106290672,230.5,1.5786108108108108,555.0,1.027609756097561,574.0
2026-02-02T18:00:00,86.89103448275863,217.5,2.8473405405405408,555.0,1.0,574.0
2026-02-02T19:00:00,83.00328275862068,217.5,2.3892422145328718,578.0,1.0,574.0
2026-02-02T20:00:00,79.6836,217.5,1.5212145328719724,578.0,1.0,574.0
2026-02-02T21:00:00,82.70158072289156,207.5,1.2408089500860586,581.0,1.0,574.0
2026-02-02T22:00:00,92.45786987951807,207.5,1.2424117647058823,578.0,1.0,574.0
2026-02-02T23:00:00,92.83542168674698,207.5,1.2814646464646464,594.0,1.0,574.0
2026-02-03T00:00:00,43.85248161764706,217.6,2.432503018802829,579.7,1.1560708702449192,575.7
2026-02-03T01:00:00,30.654420955882355,217.6,2.322018285319993,579.7,1.1560708702449192,575.7
2026-02-03T02:00:00,29.321578490893323,230.6,2.725411419699845,579.7,1.1560708702449192,575.7
2026-02-03T03:00:00,29.29210754553339,230.6,3.066267034673107,579.7,1.2868858316955512,559.7
2026-02-03T04:00:00,29.705346921075456,230.6,5.502499568742453,579.7,1.83376809004824,559.7
2026-02-03T05:00:00,29.869514310494363,230.6,5.865913403484561,579.7,1.1969602223380233,575.7
2026-02-03T06:00:00,36.78428447528187,230.6,10.979989412387507,566.7,1.1553760639221817,575.7
2026-02-03T07:00:00,42.520381613183,230.6,7.522183888218044,579.7,1.01212437033177,575.7
2026-02-03T08:00:00,42.26539462272333,230.6,12.13622728074819,566.7,1.0468212610734757,575.7
2026-02-03T09:00:00,43.998037683823526,217.6,42.61197054068619,556.7,1.0468212610734757,575.7
2026-02-03T10:00:00,46.29124540441177,217.6,18.87098976109215,556.7,1.0060795553239534,575.7
2026-02-03T11:00:00,43.01930147058823,217.6,16.664697370742896,566.7,1.0,575.7
2026-02-03T12:00:00,44.955882352941174,217.6,62.42662116040955,556.7,1.0062428348097967,575.7
2026-02-03T13:00:00,42.9967830882353,217.6,37.65573917729477,556.7,1.0124856696195936,575.7
2026-02-03T14:00:00,42.90670955882353,217.6,18.845803776248456,566.7,1.0124856696195936,575.7
2026-02-03T15:00:00,42.8391544117647,217.6,11.905585647748836,579.7,1.006228938683342,575.7
2026-02-03T16:00:00,42.771599264705884,217.6,15.164222873900293,579.7,1.0124509293034567,575.7
2026-02-03T17:00:00,42.520381613183,230.6,12.026019808628504,595.7,1.0,575.7
2026-02-03T18:00:00,46.19644405897658,230.6,18.11435150873478,566.7,1.0,575.7
2026-02-03T19:00:00,46.345186470078055,230.6,11.991909608418148,579.7,1.0,575.7
2026-02-03T20:00:00,43.85906331309627,230.6,14.945954804209073,579.7,1.0,575.7
2026-02-03T21:00:00,43.79531656548135,230.6,7.51447037099211,595.7,1.0,575.7
2026-02-03T22:00:00,44.432784041630526,230.6,8.787711935538022,595.7,1.0062428348097967,575.7
2026-02-03T23:00:00,43.6047794117647,217.6,6.703239885848581,595.7,1.1435852006253258,575.7
2026-02-04T00:00:00,39.99200795228628,251.5,1.2455,600.0,1.1053977272727273,580.8
2026-02-04T01:00:00,20.06274157303371,222.5,1.24755,600.0,1.1072314049586778,580.8
2026-02-04T02:00:00,19.581662921348315,222.5,1.2455,600.0,1.1070506198347108,580.8
2026-02-04T03:00:00,19.391337579617833,235.5,1.31168,600.0,1.2370351239669422,580.8
2026-02-04T04:00:00,21.274946921443735,235.5,2.9584566666666667,600.0,1.231301652892562,580.8
2026-02-04T05:00:00,22.437648927720414,251.8,1.2652,600.0,1.1395316804407714,580.8
2026-02-04T06:00:00,53.0020675944334,251.5,1.3004931506849315,584.0,1.1453168044077136,580.8
2026-02-04T07:00:00,48.113320079522865,251.5,1.3292739726027398,584.0,1.1426308539944903,580.8
2026-02-04T08:00:00,55.01272365805169,251.5,1.3289520547945206,584.0,1.0715564738292012,580.8
2026-02-04T09:00:00,54.27598409542743,251.5,2.794385288966725,571.0,1.112784090909091,580.8
2026-02-04T10:00:00,54.47415506958251,251.5,1.8912551369863013,584.0,1.0702307162534435,580.8
2026-02-04T11:00:00,54.59840954274354,251.5,1.3881066666666666,600.0,1.0,580.0
2026-02-04T12:00:00,49.99808917197452,235.5,1.7914966666666667,600.0,1.0,580.4
2026-02-04T13:00:00,57.816500994035785,251.5,1.8210633561643836,584.0,1.1064566115702479,580.8
2026-02-04T14:00:00,52.019642147117295,251.5,1.8436,600.0,1.1077737603305786,580.8
2026-02-04T15:00:00,49.24270377733598,251.5,1.4274833333333334,600.0,1.115521694214876,580.8
2026-02-04T16:00:00,51.637813121272366,251.5,1.4237,600.0,1.1075929752066116,580.8
2026-02-04T17:00:00,49.62453280318091,251.5,1.419155,600.0,1.0719310344827586,580.0
2026-02-04T18:00:00,44.59133200795229,251.5,1.29990800681431,587.0,1.0699896694214877,580.8
2026-02-04T19:00:00,49.04262425447316,251.5,1.31348,600.0,1.0691896551724138,580.0
2026-02-04T20:00:00,44.17606361829026,251.5,1.62208,600.0,1.0142148760330578,580.8
2026-02-04T21:00:00,42.42974155069582,251.5,1.257917808219178,584.0,1.0,580.0
2026-02-04T22:00:00,27.450445859872612,235.5,1.2524533333333334,600.0,1.0,580.0
2026-02-04T23:00:00,24.50687898089172,235.5,1.2336366666666667,600.0,1.0409297520661156,580.8
2026-02-05T00:00:00,23.71344902386117,230.5,1.0614814814814815,594.0,1.4092365591397849,558.0
2026-02-05T01:00:00,23.85184381778742,230.5,1.0116430976430977,594.0,1.4405963302752294,545.0
2026-02-05T02:00:00,25.671583514099783,230.5,1.0122693602693602,594.0,1.4930495412844036,545.0
2026-02-05T03:00:00,25.68590021691974,230.5,1.0,594.0,1.558794495412844,545.0
2026-02-05T04:00:00,25.714533622559653,230.5,1.0605723905723905,594.0,2.3714982578397215,574.0
2026-02-05T05:00:00,23.709718004338395,230.5,1.0176868686868688,594.0,1.4059354838709677,558.0
2026-02-05T06:00:00,32.75207809110629,230.5,1.2665050505050506,594.0,1.2790243902439025,574.0
2026-02-05T07:00:00,33.149158620689654,217.5,1.299060606060606,594.0,1.28205574912892,574.0
2026-02-05T08:00:00,33.02910344827586,217.5,1.3281952861952862,594.0,1.206411149825784,574.0
2026-02-05T09:00:00,40.720551724137934,217.5,1.3062006920415226,578.0,1.2013240418118467,574.0
2026-02-05T10:00:00,40.563487475915224,207.6,1.3280404040404041,594.0,1.2025087108013937,574.0
2026-02-05T11:00:00,66.24137931034483,217.5,1.299013468013468,594.0,1.1301393728222997,574.0
2026-02-05T12:00:00,71.96177874186552,230.5,1.3876498316498316,594.0,1.0635304659498208,558.0
2026-02-05T13:00:00,69.55531453362256,230.5,1.3065656565656565,594.0,1.142425087108014,574.0
2026-02-05T14:00:00,76.70008676789588,230.5,1.327946127946128,594.0,1.0365322580645162,558.0
2026-02-05T15:00:00,32.994698795180724,207.5,1.2568484848484849,594.0,1.1,558.0
2026-02-05T16:00:00,33.68118620689655,217.5,1.4427181688125894,629.1,1.2018815331010453,574.0
2026-02-05T17:00:00,33.99547951807229,207.5,1.446141828763976,652.9,1.156794425087108,574.0
2026-02-05T18:00:00,33.732551724137934,217.5,1.2216219549799567,648.6,1.069937282229965,574.0
2026-02-05T19:00:00,33.743558620689655,217.5,1.2190920245398773,652.0,1.0382160278745645,574.0
2026-02-05T20:00:00,33.716355748373104,230.5,1.217381213736867,637.7,1.0235191637630663,574.0
2026-02-05T21:00:00,28.371218390804597,217.5,1.0554882154882155,594.0,1.0371149825783972,574.0
2026-02-05T22:00:00,36.76055172413793,217.5,1.0580471380471381,594.0,1.0216724738675957,574.0
2026-02-05T23:00:00,28.62679518072289,207.5,1.0,594.0,1.0467317073170732,574.0
2026-02-06T00:00:00,21.35505070993915,246.5,2.3701221887728,564.7,1.3820557491289198,574.0
2026-02-06T01:00:00,18.190114942528737,217.5,2.246800069601531,574.7,1.3844947735191637,574.0
2026-02-06T02:00:00,18.54524013722127,233.2,2.4792117626587786,574.7,1.3815331010452963,574.0
2026-02-06T03:00:00,19.003409546730847,249.3,2.259570210544632,574.7,1.3790940766550523,574.0
2026-02-06T04:00:00,18.79416809605489,233.2,2.7949211970958032,564.7,1.3725524475524475,572.0
2026-02-06T05:00:00,19.293539325842698,249.2,2.2636302461483973,564.7,1.2591463414634145,574.0
2026-02-06T06:00:00,30.273081861958268,249.2,11.08809813815904,574.7,1.2897909407665504,574.0
2026-02-06T07:00:00,30.821003430531732,233.2,12.708490726561172,587.7,1.2916724738675958,574.0
2026-02-06T08:00:00,29.463404802744424,233.2,23.716663715247034,564.7,1.2020905923344947,574.0
2026-02-06T09:00:00,30.772169811320754,233.2,19.18698315467075,587.7,1.214843205574913,574.0
2026-02-06T10:00:00,30.78030874785592,233.2,22.808329563250393,574.7,1.2206271777003483,574.0
2026-02-06T11:00:00,30.804725557461406,233.2,16.392281190186186,574.7,1.1641672473867595,574.0
2026-02-06T12:00:00,30.845420240137223,233.2,34.515204454498,574.7,1.1063414634146342,574.0
2026-02-06T13:00:00,29.54909948542024,233.2,18.618705411519052,574.7,1.164,574.0
2026-02-06T14:00:00,28.988001715265867,233.2,23.52404816716841,564.7,1.129355400696864,574.0
2026-02-06T15:00:00,30.8942538593482,233.2,11.605366683682151,587.7,1.1226537785588753,569.0
2026-02-06T16:00:00,30.934948542024014,233.2,17.601063467755658,587.7,1.1978397212543554,574.0
2026-02-06T17:00:00,38.81426243567753,233.2,11.037147589862515,603.7,1.2209059233449477,574.0
2026-02-06T18:00:00,31.06517152658662,233.2,14.312322613578356,587.7,1.1,574.0
2026-02-06T19:00:00,31.06517152658662,233.2,10.796158688090111,603.7,1.1,574.0
2026-02-06T20:00:00,30.350840480274442,233.2,14.589365322443424,587.7,1.1423015873015874,567.0
2026-02-06T21:00:00,29.399236706689535,233.2,7.307578696613919,587.7,1.3768989547038328,574.0
2026-02-06T22:00:00,29.544948542024013,233.2,10.960527480006807,587.7,1.1958922800718133,557.0
2026-02-06T23:00:00,27.69614065180103,233.2,3.3265013054830286,574.5,1.318951219512195,574.0
2026-02-07T00:00:00,19.101388286334057,230.5,1.4460925925925925,594.0,1.4570560747663552,535.0
2026-02-07T01:00:00,19.918655097613883,230.5,1.3809444444444445,594.0,1.5417562724014338,558.0
2026-02-07T02:00:00,21.798481561822125,230.5,1.446462962962963,594.0,1.571736559139785,558.0
2026-02-07T03:00:00,19.853232104121474,230.5,1.3955286195286196,594.0,1.7817578397212543,574.0
2026-02-07T04:00:00,21.77418655097614,230.5,1.3563737024221454,578.0,1.5281827956989247,558.0
2026-02-07T05:00:00,21.500405679513186,246.5,1.471228373702422,578.0,2.241233644859813,535.0
2026-02-07T06:00:00,24.69362255965293,230.5,3.1645034602076123,578.0,1.5,558.0
2026-02-07T07:00:00,23.803488843813387,246.5,3.2935858585858586,594.0,1.5,574.0
2026-02-07T08:00:00,24.566073752711496,230.5,5.11039586919105,581.0,1.3881672473867597,574.0
2026-02-07T09:00:00,26.772576064908723,246.5,3.6254074074074074,594.0,1.2771182795698925,558.0
2026-02-07T10:00:00,26.968941176470587,246.5,3.32788062283737,578.0,1.3855191637630662,574.0
2026-02-07T11:00:00,26.65866125760649,246.5,3.633301038062284,578.0,1.3843205574912891,574.0
2026-02-07T12:00:00,29.409354969574036,246.5,3.283902356902357,594.0,1.0896864111498257,574.0
2026-02-07T13:00:00,31.32912778904665,246.5,3.1812558922558924,594.0,1.1435540069686412,574.0
2026-02-07T14:00:00,30.034300202839756,246.5,3.296077441077441,594.0,1.0592334494773519,574.0
2026-02-07T15:00:00,30.325987829614604,246.5,3.1751851851851853,594.0,1.0550174216027874,574.0
2026-02-07T16:00:00,30.610823529411764,246.5,3.784784511784512,594.0,1.147212543554007,574.0
2026-02-07T17:00:00,29.60524945770065,230.5,3.2447777777777778,594.0,1.0057770034843205,574.0
2026-02-07T18:00:00,29.498715835141,230.5,2.6500841750841753,594.0,1.0058327526132405,574.0
2026-02-07T19:00:00,28.007462039045553,230.5,1.9024189646831156,620.1,1.0059616724738676,574.0
2026-02-07T20:00:00,24.82169197396963,230.5,3.1916363636363636,594.0,1.011588850174216,574.0
2026-02-07T21:00:00,24.384275862068964,217.5,1.6788383838383838,594.0,1.028327526132404,574.0
2026-02-07T22:00:00,26.310976138828632,230.5,2.589090909090909,594.0,1.07404181184669,574.0
2026-02-07T23:00:00,26.595010845986984,230.5,2.601074074074074,594.0,1.0308188153310105,574.0
2026-02-08T00:00:00,12.213793103448277,246.5,1.3506989619377163,578.0,1.371651376146789,545.0
2026-02-08T01:00:00,12.364425162689805,230.5,1.401910034602076,578.0,1.625268817204301,558.0
2026-02-08T02:00:00,12.587418655097613,230.5,1.4693434343434344,594.0,1.574840366972477,545.0
2026-02-08T03:00:00,12.14712643678161,217.5,1.4281212121212121,594.0,1.673555140186916,535.0
2026-02-08T04:00:00,12.122242647058824,217.6,1.3746782006920415,578.0,2.1330348623853213,545.0
2026-02-08T05:00:00,12.028234273318873,230.5,1.5237171717171718,594.0,1.7025046728971962,535.0
2026-02-08T06:00:00,13.800780911062906,230.5,3.280916814159292,565.0,1.925805504587156,545.0
2026-02-08T07:00:00,14.321492295214924,246.6,3.2443529411764707,578.0,1.7840635514018692,535.0
2026-02-08T08:00:00,14.028860964734495,246.7,3.8941470588235294,578.0,1.757570093457944,535.0
2026-02-08T09:00:00,15.193346855983773,246.5,3.21013468013468,594.0,1.5281114982578397,574.0
2026-02-08T10:00:00,14.495902636916835,246.5,3.345946366782007,578.0,1.3850174216027875,574.0
2026-02-08T11:00:00,14.919770992366413,262.0,3.3979757785467126,578.0,1.3858494623655915,558.0
2026-02-08T12:00:00,20.154847870182557,246.5,3.4287407407407406,594.0,1.1904311926605504,545.0
2026-02-08T13:00:00,20.366085192697767,246.5,3.1898451178451177,594.0,1.2435975609756098,574.0
2026-02-08T14:00:00,20.206450304259636,246.5,4.279053491084819,600.1,1.4381097560975609,574.0
2026-02-08T15:00:00,20.10450304259635,246.5,3.6630649694164323,604.9,1.163623693379791,574.0
2026-02-08T16:00:00,20.546977687626775,246.5,3.227732323232323,594.0,1.250121951219512,574.0
2026-02-08T17:00:00,21.290242529233435,230.9,3.2282121212121213,594.0,1.3955555555555557,558.0
2026-02-08T18:00:00,14.821176470588235,246.5,3.2185656565656564,594.0,1.282977570093458,535.0
2026-02-08T19:00:00,14.550344827586207,246.5,3.3574480968858134,578.0,1.18236261682243,535.0
2026-02-08T20:00:00,14.514482758620689,246.5,3.2054545454545456,594.0,1.1377522935779816,545.0
2026-02-08T21:00:00,14.703035559410234,230.6,3.4132575757575756,594.0,2.053495327102804,535.0
2026-02-08T22:00:00,14.934813793103448,217.5,3.233767676767677,594.0,1.1933602150537634,558.0
2026-02-08T23:00:00,15.214206896551724,217.5,3.167929292929293,594.0,2.0790093457943923,535.0
2026-02-09T00:00:00,20.616095444685467,230.5,1.132719723183391,578.0,1.6288327526132405,574.0
2026-02-09T01:00:00,20.166666666666668,217.5,1.1324290657439446,578.0,1.5409895470383275,574.0
2026-02-09T02:00:00,19.967586206896552,217.5,1.1787744107744107,594.0,1.6597560975609755,574.0
2026-02-09T03:00:00,20.00574712643678,217.5,1.1003737024221454,578.0,1.4630940766550522,574.0
2026-02-09T04:00:00,20.155172413793103,217.5,1.15,565.0,1.950658536585366,574.0
2026-02-09T05:00:00,20.137931034482758,217.5,1.3827854671280277,578.0,1.6615243902439025,574.0
2026-02-09T06:00:00,29.528581344902385,230.5,3.1545346020761245,578.0,1.2898954703832752,574.0
2026-02-09T07:00:00,31.191132321041216,230.5,3.4279584775086507,578.0,1.4066898954703833,574.0
2026-02-09T08:00:00,33.73554013015185,230.5,6.706518584070796,565.0,1.283275261324042,574.0
2026-02-09T09:00:00,45.54216867469879,207.5,3.474219723183391,578.0,1.285191637630662,574.0
2026-02-09T10:00:00,38.99730120481928,207.5,3.3277352941176472,578.0,1.1642996515679442,574.0
2026-02-09T11:00:00,39.013493975903614,207.5,3.408506920415225,578.0,1.137979094076655,574.0
2026-02-09T12:00:00,43.20413793103448,217.5,9.19667027027027,555.0,1.0811290322580644,558.0
2026-02-09T13:00:00,43.327710843373495,207.5,7.271090265486726,565.0,1.1412020905923346,574.0
2026-02-09T14:00:00,43.45927710843373,207.5,7.295135135135135,555.0,1.2800243902439024,574.0
2026-02-09T15:00:00,39.662592771084334,207.5,7.559979238754325,578.0,1.0640645161290323,558.0
2026-02-09T16:00:00,45.52873563218391,217.5,15.192684684684684,555.0,1.1397212543554007,574.0
2026-02-09T17:00:00,43.00819277108434,207.5,11.532414414414415,555.0,1.2989547038327527,574.0
2026-02-09T18:00:00,67.29103448275862,217.5,16.340483185840707,565.0,1.2347038327526132,574.0
2026-02-09T19:00:00,38.29379310344827,217.5,11.883628318584071,565.0,1.1425958188153311,574.0
2026-02-09T20:00:00,41.18360086767896,230.5,11.752592920353983,565.0,1.0241284403669724,545.0
2026-02-09T21:00:00,47.81551807228916,207.5,9.187621621621622,555.0,1.0287108013937283,574.0
2026-02-09T22:00:00,30.641752711496746,230.5,7.240638408304498,578.0,1.0729094076655052,574.0
2026-02-09T23:00:00,25.913015184381777,230.5,7.078162831858407,565.0,1.0288850174216029,574.0
2026-02-10T00:00:00,25.687364777152748,231.1,1.3928598583030931,578.7,1.6446568201563858,575.5
2026-02-10T01:00:00,26.00519255733449,231.1,1.3484344219803006,578.7,2.0,575.5
2026-02-10T02:00:00,26.95110341843358,231.1,1.3759979263867288,578.7,1.8,575.5
2026-02-10T03:00:00,27.01295022258195,247.1,1.35629392971246,594.7,1.6,575.5
2026-02-10T04:00:00,27.01295022258195,247.1,1.3644392130485958,594.7,2.0,575.5
2026-02-10T05:00:00,26.882233913395385,247.1,1.445367412140575,594.7,2.0,575.5
2026-02-10T06:00:00,40.24540671792796,247.1,4.068637968723726,594.7,1.2920590790616855,575.5
2026-02-10T07:00:00,38.562786672436175,231.1,4.0774986503509085,555.7,1.3729626411815812,575.5
2026-02-10T08:00:00,53.10805341966815,247.1,6.125378801511607,555.7,1.3101824500434405,575.5
2026-02-10T09:00:00,40.96737343141497,231.1,6.350871486653704,565.7,1.1,559.5
2026-02-10T10:00:00,38.2557334487235,231.1,5.827112493519959,578.7,1.258062554300608,575.5
2026-02-10T11:00:00,37.632280398096064,231.1,5.249614653533783,578.7,1.244144222415291,575.5
2026-02-10T12:00:00,41.85071397663349,231.1,7.793129428028339,578.7,1.184847958297133,575.5
2026-02-10T13:00:00,36.70298572046733,231.1,6.472762737514714,594.7,1.2317376194613379,575.5
2026-02-10T14:00:00,40.89009086975335,231.1,4.264510108864696,578.7,1.3301998262380539,575.5
2026-02-10T15:00:00,37.310341843357854,231.1,4.0371176775531366,578.7,1.1621459600347523,575.5
2026-02-10T16:00:00,47.13071630918657,247.1,3.9839986175911526,578.7,1.2362380538662032,575.5
2026-02-10T17:00:00,42.172219818260494,231.1,5.817763578274761,594.7,1.0863592493297587,559.5
2026-02-10T18:00:00,42.47079186499351,231.1,2.833291862811029,594.8,1.262606429192007,575.5
2026-02-10T19:00:00,38.44283859800952,231.1,2.803917941819405,594.7,1.1553431798436142,575.5
2026-02-10T20:00:00,37.57612302711453,247.1,3.09002017824113,594.7,1.0647176368375326,575.5
2026-02-10T21:00:00,38.192067988668555,247.1,2.1709089338171763,578.7,1.031172893136403,575.5
2026-02-10T22:00:00,37.44993509303332,231.1,2.3036011750475205,578.7,1.1952997393570808,575.5
2026-02-10T23:00:00,37.35569017741238,231.1,1.797465949218093,594.7,1.3111581769436997,559.5
2026-02-11T00:00:00,13.820919540229886,217.5,1.3007820069204152,578.0,2.0,558.4
2026-02-11T01:00:00,14.154880694143166,230.5,1.3686851211072664,578.0,1.545882660167131,574.4
2026-02-11T02:00:00,14.417570498915401,230.5,2.0599325259515573,578.0,1.6542718968296615,558.3
2026-02-11T03:00:00,11.76529284164859,230.5,1.5099930795847751,578.0,1.939494895217625,558.3
2026-02-11T04:00:00,13.848286334056398,230.5,1.4281799307958478,578.0,2.8054809242342826,558.3
2026-02-11T05:00:00,14.008676789587852,230.5,4.637032871972318,578.0,1.947588483403631,545.3
2026-02-11T06:00:00,20.299696312364425,230.5,6.252782828282828,594.0,1.7802019850252482,574.3
2026-02-11T07:00:00,33.91742799188641,246.5,6.074333333333334,594.0,1.4927981890997737,574.3
2026-02-11T08:00:00,31.48036442516269,230.5,11.286565656565656,594.0,1.4496012537001568,574.3
2026-02-11T09:00:00,32.670336713995944,246.5,9.785858585858586,594.0,1.4041511405188927,574.3
2026-02-11T10:00:00,33.46493306288033,246.5,13.848148541114059,565.5,1.4099007487375936,574.3
2026-02-11T11:00:00,29.682776572668114,230.5,11.170505836575876,565.4,1.3799512449939055,574.3
2026-02-11T12:00:00,32.318239350912776,246.5,23.555488331892825,578.5,1.3266480933310116,574.3
2026-02-11T13:00:00,30.97716024340771,246.5,16.69470026525199,565.5,1.4459428869928608,574.3
2026-02-11T14:00:00,27.86786206896552,217.5,8.53186531986532,594.0,1.3802298450287307,574.3
2026-02-11T15:00:00,32.57727815360127,251.3,7.224242424242425,594.0,1.3016298102037263,574.3
2026-02-11T16:00:00,33.94359432048682,246.5,10.68274074074074,594.0,1.4459306982413374,574.3
2026-02-11T17:00:00,32.56033265720081,246.5,6.247508417508418,594.0,1.2797029158261508,545.3
2026-02-11T18:00:00,29.846247288503253,230.5,7.174654882154882,594.0,1.4596346050510478,558.3
2026-02-11T19:00:00,29.26186550976139,230.5,6.210774410774411,594.0,1.2636969371305748,558.3
2026-02-11T20:00:00,28.274837310195228,230.5,6.137037037037037,594.0,1.577628515135232,558.3
2026-02-11T21:00:00,15.651626898047722,230.5,6.3982222222222225,594.0,1.3954970445996775,558.3
2026-02-11T22:00:00,15.66608846487424,230.6,6.448333333333333,594.0,1.3855239118753357,558.3
2026-02-11T23:00:00,16.11822125813449,230.5,6.386515151515152,594.0,1.3598936365303502,545.3
2026-02-12T00:00:00,14.96551724137931,217.5,1.3937768166089965,578.0,2.0,545.0
2026-02-12T01:00:00,14.773493975903614,207.5,1.2658823529411765,578.0,2.0,574.0
2026-02-12T02:00:00,16.23471264367816,217.5,1.348090909090909,594.0,2.1246341463414633,574.0
2026-02-12T03:00:00,24.136225596529282,230.5,1.34283164983165,594.0,1.95504181184669,574.0
2026-02-12T04:00:00,26.987088937093276,230.5,1.3586161616161616,594.0,2.33752688172043,558.0
2026-02-12T05:00:00,14.998850574712643,217.5,1.4495925925925925,594.0,1.4566062717770034,574.0
2026-02-12T06:00:00,42.40459770114943,217.5,1.3292121212121213,594.0,1.2736933797909407,574.0
2026-02-12T07:00:00,45.00873563218391,217.5,1.7248434343434342,594.0,1.3695121951219513,574.0
2026-02-12T08:00:00,60.217831325301205,207.5,3.177833910034602,578.0,1.3329268292682928,574.0
2026-02-12T09:00:00,28.018655097613884,230.5,4.341048442906574,578.0,1.326280487804878,574.0
2026-02-12T10:00:00,29.957917570498914,230.5,3.856069204152249,578.0,1.254425087108014,574.0
2026-02-12T11:00:00,28.563340563991325,230.5,3.0452318339100346,578.0,1.15,558.0
2026-02-12T12:00:00,29.41338742393509,246.5,4.4518126126126125,555.0,1.288644599303136,574.0
2026-02-12T13:00:00,27.01301518438178,230.5,4.446226548672566,565.0,1.426480836236934,574.0
2026-02-12T14:00:00,69.44,217.5,5.468906194690265,565.0,1.2821433691756272,558.0
2026-02-12T15:00:00,61.25793103448276,217.5,5.360813148788927,578.0,1.276383275261324,574.0
2026-02-12T16:00:00,66.32481927710843,207.5,4.778754208754209,594.0,1.410191637630662,574.0
2026-02-12T17:00:00,47.829885057471266,217.5,2.0628963110667997,601.8,1.2805226480836236,574.0
2026-02-12T18:00:00,56.91724137931035,217.5,1.537104377104377,594.0,1.123841463414634,574.0
2026-02-12T19:00:00,53.08137931034483,217.5,1.5249852796859666,611.4,1.124205574912892,574.0
2026-02-12T20:00:00,33.45531453362256,230.5,3.2271111111111113,594.0,1.1267777777777779,558.0
2026-02-12T21:00:00,27.960390455531453,230.5,1.3853702422145329,578.0,1.2732404181184669,574.0
2026-02-12T22:00:00,34.02958785249458,230.5,1.3768888888888888,594.0,1.1152439024390244,574.0
2026-02-12T23:00:00,28.62065075921909,230.5,1.38320202020202,594.0,1.2406707317073171,574.0
2026-02-13T00:00:00,13.0,230.6,1.9801280276816609,578.0,4.833844859813084,535.0
2026-02-13T01:00:00,11.532414910858995,246.8,2.113991150442478,565.0,5.265196261682243,535.0
2026-02-13T02:00:00,15.983805668016194,247.0,1.9193380530973452,565.0,6.825794392523364,535.0
2026-02-13T03:00:00,12.817849898580121,246.5,2.0549765765765766,555.0,7.852878504672897,535.0
2026-02-13T04:00:00,12.753646677471638,246.8,2.4033783783783784,555.0,8.60429906542056,535.0
2026-02-13T05:00:00,15.889789303079416,246.8,2.826833628318584,565.0,5.648506542056075,535.0
2026-02-13T06:00:00,23.11156186612576,246.5,6.3533333333333335,594.0,1.3866341463414633,574.0
2026-02-13T07:00:00,22.005579175704987,230.5,6.4498316498316495,594.0,1.4801951219512195,574.0
2026-02-13T08:00:00,33.59219770114942,217.5,6.171919191919192,594.0,1.4866341463414634,574.0
2026-02-13T09:00:00,30.997830802603037,230.5,7.28689393939394,594.0,1.4086236933797909,574.0
2026-02-13T10:00:00,30.27114967462039,230.5,6.758265486725664,565.0,1.40604181184669,574.0
2026-02-13T11:00:00,23.33871385412171,231.7,6.483287197231834,578.0,1.459163763066202,574.0
2026-02-13T12:00:00,25.440431965442766,231.5,6.427171681415929,565.0,1.333212543554007,574.0
2026-02-13T13:00:00,18.774403470715836,230.5,6.305513274336283,565.0,1.470418118466899,574.0
2026-02-13T14:00:00,30.792190889370932,230.5,7.270050505050505,594.0,1.3301254355400698,574.0
2026-02-13T15:00:00,29.279918864097365,246.5,7.408110726643598,578.0,1.3299024390243903,574.0
2026-02-13T16:00:00,30.851973969631235,230.5,10.821747474747475,594.0,1.4674564459930313,574.0
2026-02-13T17:00:00,29.279172413793102,217.5,7.242154882154882,594.0,1.330355400696864,574.0
2026-02-13T18:00:00,32.46854663774403,230.5,6.2032996632996635,594.0,1.3293867595818816,574.0
2026-02-13T19:00:00,25.15531453362256,230.5,6.2875420875420875,594.0,1.3293519163763066,574.0
2026-02-13T20:00:00,18.704989154013017,230.5,6.48,594.0,1.3297003484320558,574.0
2026-02-13T21:00:00,18.50283975659229,246.5,6.710987610619469,565.0,1.6,574.0
2026-02-13T22:00:00,14.184381778741866,230.5,6.501328719723183,578.0,1.5222822299651568,574.0
2026-02-13T23:00:00,14.148251626898048,230.5,6.405555555555556,594.0,1.5749651567944252,574.0
2026-02-14T00:00:00,14.685021686746987,207.5,1.2757222222222222,594.0,1.5448885017421603,574.0
2026-02-14T01:00:00,15.799036144578313,207.5,1.239090909090909,594.0,1.4916794425087108,574.0
2026-02-14T02:00:00,18.7939421686747,207.5,1.243949494949495,594.0,1.536451219512195,574.0
2026-02-14T03:00:00,14.627951807228916,207.5,1.2477491582491582,594.0,1.473205574912892,574.0
2026-02-14T04:00:00,17.877586206896552,217.5,1.342949494949495,594.0,1.5404878048780488,574.0
2026-02-14T05:00:00,14.978979310344828,217.5,1.5270656565656566,594.0,1.5389024390243902,574.0
2026-02-14T06:00:00,21.38841379310345,217.5,1.7857474747474746,594.0,1.5,574.0
2026-02-14T07:00:00,21.70407809110629,230.5,3.792,594.0,1.5837630662020905,574.0
2026-02-14T08:00:00,21.19525813449024,230.5,4.311414141414142,594.0,1.471219512195122,574.0
2026-02-14T09:00:00,21.84932754880694,230.5,4.043114186851211,578.0,1.3946724738675957,574.0
2026-02-14T10:00:00,22.37376470588235,246.5,3.856885813148789,578.0,1.2809756097560976,574.0
2026-02-14T11:00:00,22.105409978308025,230.5,3.8541868512110726,578.0,1.2837491289198606,574.0
2026-02-14T12:00:00,22.389236442516268,230.5,6.306505190311419,578.0,1.278397212543554,574.0
2026-02-14T13:00:00,21.60876355748373,230.5,6.37044982698962,578.0,1.2745470383275261,574.0
2026-02-14T14:00:00,20.750629067245118,230.5,6.342768166089965,578.0,1.2875783972125436,574.0
2026-02-14T15:00:00,21.722896551724137,246.5,6.396643598615917,578.0,1.330397212543554,574.0
2026-02-14T16:00:00,21.86797565922921,246.5,6.364429065743945,578.0,1.517254355400697,574.0
2026-02-14T17:00:00,21.403407707910752,246.5,6.585776731674512,594.8,1.275731707317073,574.0
2026-02-14T18:00:00,22.149169031211997,246.7,3.469446366782007,578.0,1.2440766550522648,574.0
2026-02-14T19:00:00,22.367663702506064,247.4,3.1568568617806196,609.9,1.1301655052264807,574.0
2026-02-14T20:00:00,23.143610547667343,246.5,3.3318787878787877,594.0,1.1251829268292683,574.0
2026-02-14T21:00:00,21.8024295010846,230.5,2.980277777777778,594.0,1.11691637630662,574.0
2026-02-14T22:00:00,22.567632183908046,217.5,1.8177777777777777,594.0,1.0830766550522648,574.0
2026-02-14T23:00:00,22.179349240780912,230.5,1.2476767676767677,594.0,1.2423170731707318,574.0
2026-02-15T00:00:00,13.620965517241379,217.5,1.9189734513274337,565.0,1.3294982578397212,574.0
2026-02-15T01:00:00,12.267379310344827,217.5,1.6647787610619469,565.0,1.3742439024390245,574.0
2026-02-15T02:00:00,14.828530120481927,207.5,1.577912457912458,594.0,2.0997560975609755,574.0
2026-02-15T03:00:00,14.351469879518072,207.5,1.3843685121107265,578.0,2.0977439024390243,574.0
2026-02-15T04:00:00,13.70312643678161,217.5,2.3558892733564014,578.0,5.217317073170732,574.0
2026-02-15T05:00:00,14.467080459770115,217.5,2.8313274336283185,565.0,1.3290801393728222,574.0
2026-02-15T06:00:00,22.609485057471264,217.5,6.46401384083045,578.0,1.2014634146341463,574.0
2026-02-15T07:00:00,21.257002169197396,230.5,6.662265486725664,565.0,1.1,574.0
2026-02-15T08:00:00,21.405627586206897,217.5,6.538785840707964,565.0,1.1,574.0
2026-02-15T09:00:00,24.232,217.5,7.399362831858407,565.0,1.19904181184669,574.0
2026-02-15T10:00:00,22.017337931034483,217.5,8.22654054054054,555.0,1.0645993031358885,574.0
2026-02-15T11:00:00,22.440533333333335,217.5,6.583946902654867,565.0,1.0557665505226481,574.0
2026-02-15T12:00:00,22.29916144578313,207.5,7.618840830449827,578.0,1.012395053126633,574.1
2026-02-15T13:00:00,22.037944827586205,217.5,6.839397923875432,578.0,1.0601567944250871,574.0
2026-02-15T14:00:00,23.063055421686748,207.5,6.827158249158249,594.0,1.0626655052264808,574.0
2026-02-15T15:00:00,22.656910344827587,217.5,6.2046632996632995,594.0,1.066794425087108,574.0
2026-02-15T16:00:00,25.90120481927711,207.5,6.299838383838384,594.0,1.1888536626063742,599.3
2026-02-15T17:00:00,20.783054229934923,230.5,6.28060606060606,594.0,1.0745369597864174,599.3
2026-02-15T18:00:00,25.92190889370933,230.5,4.316363636363636,594.0,1.0879793091940597,599.3
2026-02-15T19:00:00,22.44752711496746,230.5,4.013602693602693,594.0,1.0802436175538128,599.3
2026-02-15T20:00:00,22.595241379310345,217.5,6.526438885157824,595.6,1.113058568329718,599.3
2026-02-15T21:00:00,17.924275862068967,217.5,3.9146801346801348,594.0,1.0820957784081429,599.3
2026-02-15T22:00:00,14.286746987951807,207.5,2.34520202020202,594.0,1.0185015851827133,599.3
2026-02-15T23:00:00,14.270024096385542,207.5,1.6018451178451178,594.0,1.098682015348682,599.4
2026-02-16T00:00:00,14.655320128972823,217.1,1.6128141592920353,565.0,6.834495412844037,545.0
2026-02-16T01:00:00,13.518590053114437,207.1,1.7735813148788928,578.0,5.420430107526882,558.0
2026-02-16T02:00:00,14.150164171897634,207.1,1.7,594.0,9.770602787456445,574.0
2026-02-16T03:00:00,13.725494929985514,207.1,1.4469734513274337,565.0,6.18463082437276,558.0
2026-02-16T04:00:00,14.152464302164901,217.1,2.3524567474048443,578.0,6.301487455197132,558.0
2026-02-16T05:00:00,14.734131736526946,217.1,3.1031986531986533,594.0,3.814614695340502,558.0
2026-02-16T06:00:00,23.92906494702902,217.1,6.186230088495575,565.0,3.648709677419355,558.0
2026-02-16T07:00:00,29.967231638418077,230.1,6.274074074074074,594.0,3.222451612903226,558.0
2026-02-16T08:00:00,30.299765319426335,230.1,6.336026936026936,594.0,4.947978494623656,558.0
2026-02-16T09:00:00,30.296969138645785,217.1,6.269178200692042,578.0,2.3070383275261324,574.0
2026-02-16T10:00:00,51.190381458232736,207.1,6.205181660899654,578.0,3.314405017921147,558.0
2026-02-16T11:00:00,41.16949152542373,230.1,6.358495575221239,565.0,2.214794425087108,574.0
2026-02-16T12:00:00,37.87185628742515,217.1,6.933178378378378,555.0,3.776853046594982,558.0
2026-02-16T13:00:00,31.215670198065407,217.1,6.82719723183391,578.0,3.637594495412844,545.0
2026-02-16T14:00:00,30.348005527406723,217.1,6.316643717728055,581.0,3.7686559139784945,558.0
2026-02-16T15:00:00,31.07196683555965,217.1,6.347306397306397,594.0,4.814967741935484,558.0
2026-02-16T16:00:00,32.24975374215355,207.1,6.518973063973064,594.0,5.3264516129032256,558.0
2026-02-16T17:00:00,32.00483268144285,230.1,6.45925925925926,594.0,3.609211009174312,545.0
2026-02-16T18:00:00,38.565058670143415,230.1,4.226035353535353,594.0,3.6373655913978493,558.0
2026-02-16T19:00:00,40.77262059973924,230.1,3.8668249158249157,594.0,2.1820645161290324,558.0
2026-02-16T20:00:00,40.710995219469794,230.1,5.154979797979798,594.0,6.884871559633027,545.0
2026-02-16T21:00:00,39.28761408083442,230.1,4.146222222222222,594.0,3.649394495412844,545.0
2026-02-16T22:00:00,39.99189313680332,217.1,3.859198653198653,594.0,3.6456146788990824,545.0
2026-02-16T23:00:00,42.87014968614196,207.1,1.7,594.0,10.322996515679442,574.0
2026-02-17T00:00:00,21.735766738660907,231.5,1.2795953757225433,605.5,8.142926829268292,574.0
2026-02-17T01:00:00,21.803222462203024,231.5,1.3536363636363635,605.0,4.170129032258065,558.0
2026-02-17T02:00:00,21.955861171366596,230.5,1.3126611570247935,605.0,4.973302752293578,545.0
2026-02-17T03:00:00,23.11994034938219,234.7,5.115886855241264,601.0,5.231330275229358,545.0
2026-02-17T04:00:00,23.24179829890644,246.9,1.5756153084790498,606.2,8.453314772925005,574.7
2026-02-17T05:00:00,23.791886409736307,246.5,1.935315736719011,598.6,4.111695099818512,551.0
2026-02-17T06:00:00,27.43177011494253,217.5,6.363140112620073,603.8,4.43156314699793,579.6
2026-02-17T07:00:00,26.413831325301206,207.5,6.5214476763624205,598.2,4.196409098801875,575.9
2026-02-17T08:00:00,32.2661686746988,207.5,7.127520688513737,604.2,3.3130465949820787,558.0
2026-02-17T09:00:00,28.344578313253013,207.5,7.049111331351173,605.4,4.1063163389594575,574.7
2026-02-17T10:00:00,34.36356626506024,207.5,6.552132717632974,584.7,2.335637630662021,574.0
2026-02-17T11:00:00,28.062592771084336,207.5,7.054911672445105,605.7,1.9672682926829268,574.0
2026-02-17T12:00:00,26.47337931034483,217.5,6.376527731650614,602.2,1.3010104529616724,574.0
2026-02-17T13:00:00,22.26486896551724,217.5,6.080029816133841,603.7,1.4849512195121952,574.0
2026-02-17T14:00:00,27.016819277108432,207.5,6.000053271183619,600.7,1.9309512195121952,574.0
2026-02-17T15:00:00,25.797590361445785,207.5,6.798411944350186,589.4,1.9394895470383275,574.0
2026-02-17T16:00:00,32.38477108433735,207.5,7.142924110801508,610.1,1.418226480836237,574.0
2026-02-17T17:00:00,32.38088275862069,217.5,5.967840290381125,606.1,1.3433658536585367,574.0
2026-02-17T18:00:00,32.85085301204819,207.5,7.080660146699267,613.5,1.439261324041812,574.0
2026-02-17T19:00:00,25.70843373493976,207.5,6.145572318793047,609.8,1.248780487804878,574.0
2026-02-17T20:00:00,23.950457831325302,207.5,6.219488559892328,594.4,1.360801393728223,574.0
2026-02-17T21:00:00,15.288735632183908,217.5,6.349014985687826,593.9,1.3341480836236934,574.0
2026-02-17T22:00:00,18.69655172413793,217.5,6.386277759363606,603.4,1.2387108013937282,574.0
2026-02-17T23:00:00,18.32343908045977,217.5,6.217871222076216,608.8,1.245170731707317,574.0
2026-02-18T00:00:00,17.11202028397566,246.5,1.2458417508417508,594.0,1.9448028673835125,558.0
2026-02-18T01:00:00,16.15819956616052,230.5,1.2404040404040404,594.0,1.3812616487455198,558.0
2026-02-18T02:00:00,16.09758351409978,230.5,1.5171447811447811,594.0,1.7818257839721254,574.0
2026-02-18T03:00:00,16.08674186550976,230.5,1.2356531986531987,594.0,2.5476290322580644,558.0
2026-02-18T04:00:00,16.050013015184383,230.5,1.3191750841750842,594.0,2.2613853211009176,545.0
2026-02-18T05:00:00,16.14723644251627,230.5,1.2418181818181817,594.0,1.396236559139785,558.0
2026-02-18T06:00:00,21.38888503253796,230.5,1.5161515151515152,594.0,1.3807526132404182,574.0
2026-02-18T07:00:00,31.985761388286335,230.5,1.563358585858586,594.0,1.5848172043010753,558.0
2026-02-18T08:00:00,32.42181344902386,230.5,3.244544982698962,578.0,2.0621881533101045,574.0
2026-02-18T09:00:00,22.168676789587852,230.5,2.2800281363786827,604.2,1.2789128919860626,574.0
2026-02-18T10:00:00,28.604216919739695,230.5,3.3606902356902357,594.0,1.279665505226481,574.0
2026-02-18T11:00:00,22.122689804772236,230.5,2.524,594.0,1.2825923344947736,574.0
2026-02-18T12:00:00,21.77648590021692,230.5,3.217878787878788,594.0,1.1621602787456446,574.0
2026-02-18T13:00:00,21.475184381778742,230.5,2.3122929292929295,594.0,1.128691637630662,574.0
2026-02-18T14:00:00,20.797816091954022,217.5,3.225787878787879,594.0,1.1625435540069686,574.0
2026-02-18T15:00:00,20.765770065075923,230.5,3.3449814814814816,594.0,1.1375783972125435,574.0
2026-02-18T16:00:00,27.84772234273319,230.5,3.232818181818182,594.0,1.1638501742160279,574.0
2026-02-18T17:00:00,31.96551724137931,246.5,1.7523712714547575,600.1,1.1635714285714285,574.0
2026-02-18T18:00:00,32.59444219066937,246.5,2.1243439803439803,610.5,1.1630836236933797,574.0
2026-02-18T19:00:00,22.09355748373102,230.5,1.3523299663299664,594.0,1.1,574.0
2026-02-18T20:00:00,24.62910629067245,230.5,2.89,594.0,1.1,574.0
2026-02-18T21:00:00,18.98295878524946,230.5,1.4269444444444443,594.0,1.1140679442508712,574.0
2026-02-18T22:00:00,19.771108045977012,217.5,1.5765286195286194,594.0,1.15,574.0
2026-02-18T23:00:00,19.77272017353579,230.5,1.504888888888889,594.0,1.117862369337979,574.0
2026-02-19T00:00:00,16.75032667876588,220.4,27.392219802311946,596.9,1.40651376146789,545.0
2026-02-19T01:00:00,15.701052631578948,220.4,7.538266068759342,602.1,3.6129032258064515,558.0
2026-02-19T02:00:00,15.509342105263158,220.4,6.460780117944398,593.5,2.4516129032258065,558.0
2026-02-19T03:00:00,15.890562613430127,220.4,7.657446455254856,602.3,2.5183379790940768,574.0
2026-02-19T04:00:00,18.321951883794824,220.3,6.031284647302905,602.5,1.4327956989247312,558.0
2026-02-19T05:00:00,30.912961451247167,220.5,2.3856077630234935,587.4,2.315596330275229,545.0
2026-02-19T06:00:00,51.80805794477139,220.9,67.12248550124275,603.5,1.0925087108013938,574.0
2026-02-19T07:00:00,68.74603893164328,220.9,82.3685799601858,602.8,1.451567944250871,574.0
2026-02-19T08:00:00,67.39829302987198,210.9,78.82394175414832,590.6,1.0578494623655914,558.0
2026-02-19T09:00:00,68.47442281575374,220.9,66.02512109570736,598.7,1.0290322580645161,558.0
2026-02-19T10:00:00,96.22505344164173,233.9,44.567914707857625,595.6,1.0290322580645161,558.0
2026-02-19T11:00:00,71.32168707482994,220.5,11.555593509820666,585.5,1.0310104529616724,574.0
2026-02-19T12:00:00,54.81270744428639,210.9,45.287618083670715,592.8,1.0062020905923346,574.0
2026-02-19T13:00:00,53.627862232779094,210.5,11.778009567743037,585.3,1.0310104529616724,574.0
2026-02-19T14:00:00,53.85016595542911,210.9,21.897187180361406,586.6,1.062020905923345,574.0
2026-02-19T15:00:00,59.625414888572784,210.9,10.307642031171444,596.7,1.0310104529616724,574.0
2026-02-19T16:00:00,62.751256519677575,210.9,20.453733602421796,594.6,1.060418118466899,574.0
2026-02-19T17:00:00,70.93883357041251,210.9,11.907741935483871,604.5,1.0,574.0
2026-02-19T18:00:00,54.80313092979127,210.8,14.999005305039788,603.2,1.062020905923345,574.0
2026-02-19T19:00:00,46.2628221415608,220.4,12.916358334683299,617.3,1.03022121581606,574.1
2026-02-19T20:00:00,31.48230490018149,220.4,9.463094101602454,586.6,1.0290322580645161,558.0
2026-02-19T21:00:00,20.354119782214156,220.4,11.777254374158815,594.4,1.0109357798165137,545.0
2026-02-19T22:00:00,18.980199637023592,220.4,5.196168853010427,594.6,1.062020905923345,574.0
2026-02-19T23:00:00,19.534517374517375,233.1,7.032720812182741,591.0,1.043548387096774,558.0
2026-02-20T00:00:00,29.62630802603037,230.5,7.825383783783784,555.0,1.1,558.0
2026-02-20T01:00:00,17.56470715835141,230.5,6.629621621621622,555.0,1.0923669724770642,545.0
2026-02-20T02:00:00,30.374030368763556,230.5,7.900346902654867,565.0,1.296794425087108,574.0
2026-02-20T03:00:00,17.411383947939264,230.5,6.798039639639639,555.0,1.2913978494623657,558.0
2026-02-20T04:00:00,30.386759219088937,230.5,23.161061946902656,565.0,1.1,574.0
2026-02-20T05:00:00,29.995184381778742,230.5,38.20090990990991,555.0,1.295816513761468,545.0
2026-02-20T06:00:00,49.848156182212584,230.5,6.477769911504425,565.0,1.311326164874552,558.0
2026-02-20T07:00:00,41.90368763557484,230.5,10.502702702702702,555.0,1.3057347670250896,558.0
2026-02-20T08:00:00,50.415618221258136,230.5,22.975135135135137,555.0,1.1,558.0
2026-02-20T09:00:00,42.96008676789588,230.5,37.45189189189189,555.0,1.4580824372759857,558.0
2026-02-20T10:00:00,50.3058568329718,230.5,35.863338053097344,565.0,1.1,558.0
2026-02-20T11:00:00,40.95444685466377,230.5,36.37429203539823,565.0,1.1048763440860214,558.0
2026-02-20T12:00:00,41.71944827586207,217.5,51.90364601769912,565.0,1.0965806451612903,558.0
2026-02-20T13:00:00,37.006206896551724,217.5,50.25323008849558,565.0,1.4153333333333333,558.0
2026-02-20T14:00:00,36.64793926247288,230.5,52.14244247787611,565.0,1.4481720430107528,558.0
2026-02-20T15:00:00,31.03362255965293,230.5,50.701297577854675,578.0,1.1255017921146953,558.0
2026-02-20T16:00:00,33.120034707158354,230.5,52.2140814159292,565.0,1.1,574.0
2026-02-20T17:00:00,45.021579175704986,230.5,51.62332871972318,578.0,1.1,574.0
2026-02-20T18:00:00,27.857483731019524,230.5,36.68073702422145,578.0,1.2774076655052264,574.0
2026-02-20T19:00:00,27.87527114967462,230.5,33.50378892733564,578.0,1.279581881533101,574.0
2026-02-20T20:00:00,27.768546637744034,230.5,32.758996539792385,578.0,1.2879024390243903,574.0
2026-02-20T21:00:00,18.741952277657266,230.5,33.34276814159292,565.0,1.5487669724770643,545.0
2026-02-20T22:00:00,18.700911062906723,230.5,33.498823529411766,578.0,1.3537614678899084,545.0
2026-02-20T23:00:00,19.5810953346856,246.5,34.290816608996536,578.0,2.0002293577981654,545.0
2026-02-21T00:00:00,22.181636781609196,217.5,19.577107266435988,578.0,10.333185378590079,574.5
2026-02-21T01:00:00,21.69783514099783,230.5,17.798,594.0,10.005636426954553,574.3
2026-02-21T02:00:00,21.692438177874187,230.5,14.188946127946128,594.0,10.191352319541465,558.3
2026-02-21T03:00:00,23.07032860040568,246.5,14.66147610619469,565.0,10.20430234640874,558.3
2026-02-21T04:00:00,22.350069414316703,230.5,15.490407079646017,565.0,11.487490858436358,574.3
2026-02-21T05:00:00,22.730096551724138,217.5,14.371254325259516,578.0,10.396022984502872,574.3
2026-02-21T06:00:00,22.734930120481927,207.5,34.55496885813149,578.0,10.33782343722793,574.3
2026-02-21T07:00:00,22.390206896551724,217.5,33.61915824915825,594.0,11.48662023332753,574.3
2026-02-21T08:00:00,22.572133333333333,217.5,32.99590909090909,594.0,2.9504335713041963,574.3
2026-02-21T09:00:00,23.47376091954023,217.5,31.07774074074074,594.0,2.6710255963781995,574.3
2026-02-21T10:00:00,22.22104367816092,217.5,35.80040830449827,578.0,1.4002897487621493,545.3
2026-02-21T11:00:00,21.96928275862069,217.5,34.529612794612795,594.0,1.3987282822855096,558.3
2026-02-21T12:00:00,23.566896551724138,217.5,35.84119528619529,594.0,1.6735643564356435,535.3
2026-02-21T13:00:00,22.37766896551724,217.5,34.969085858585856,594.0,1.6821277788156175,535.3
2026-02-21T14:00:00,21.382014457831325,207.5,32.18339393939394,594.0,1.6903605454885111,535.3
2026-02-21T15:00:00,25.78430344827586,217.5,28.751313131313132,594.0,1.4243078530384816,574.3
2026-02-21T16:00:00,26.0719724137931,217.5,28.64538047138047,594.0,1.4267060720042988,558.3
2026-02-21T17:00:00,26.41977011494253,217.5,21.579984848484848,594.0,1.4004701375587671,574.3
2026-02-21T18:00:00,22.165266811279828,230.5,26.6050101010101,594.0,1.396848337106042,574.3
2026-02-21T19:00:00,22.25008676789588,230.5,17.684643097643097,594.0,1.3878634859829357,574.3
2026-02-21T20:00:00,23.95632183908046,217.5,18.143843434343434,594.0,1.23189448023681,574.3
2026-02-21T21:00:00,23.220689655172414,217.5,16.332962962962963,594.0,1.3478843809855476,574.3
2026-02-21T22:00:00,23.097768674698795,207.5,17.56877162629758,578.0,1.159933832491729,574.3
2026-02-21T23:00:00,23.497540229885058,217.5,17.25318181818182,594.0,1.1453073306634163,574.3
2026-02-22T00:00:00,19.742733188720173,230.5,1.7114478114478116,594.0,2.4078243727598565,558.0
2026-02-22T01:00:00,19.69655172413793,246.5,1.2666262626262625,594.0,1.9526057347670251,558.0
2026-02-22T02:00:00,18.235574837310196,230.5,1.2831599326599326,594.0,2.5328850174216027,574.0
2026-02-22T03:00:00,19.744034707158352,230.5,1.0063648881239242,581.0,2.0049551971326163,558.0
2026-02-22T04:00:00,20.058568329718003,230.5,1.313090909090909,594.0,2.7386219512195122,574.0
2026-02-22T05:00:00,16.053308823529413,217.6,1.3270934256055362,578.0,2.4131451612903225,558.0
2026-02-22T06:00:00,22.97011359026369,246.5,0.996242214532872,578.0,2.5905435540069686,574.0
2026-02-22T07:00:00,23.41847288503254,230.5,1.4808585858585859,594.0,2.436598566308244,558.0
2026-02-22T08:00:00,22.8852,217.5,1.4507912457912457,594.0,1.9063009174311927,545.0
2026-02-22T09:00:00,21.934898047722342,230.5,1.4716055363321798,578.0,1.2955089605734766,558.0
2026-02-22T10:00:00,22.157188720173536,230.5,3.600363321799308,578.0,1.286355400696864,574.0
2026-02-22T11:00:00,21.665275488069415,230.5,3.800090909090909,594.0,1.2830522648083624,574.0
2026-02-22T12:00:00,20.966220689655174,217.5,5.7699480968858134,578.0,1.1397386759581882,574.0
2026-02-22T13:00:00,21.073393103448275,217.5,5.976297577854671,578.0,1.138397212543554,574.0
2026-02-22T14:00:00,21.051958620689653,217.5,6.287041522491349,578.0,1.1394495412844037,545.0
2026-02-22T15:00:00,21.321701149425287,217.5,6.199534513274337,565.0,1.268822429906542,535.0
2026-02-22T16:00:00,20.85904827586207,217.5,3.847750865051903,578.0,2.0862616822429905,535.0
2026-02-22T17:00:00,21.051862068965516,217.5,1.7625925925925925,594.0,2.2550747663551403,535.0
2026-02-22T18:00:00,21.9356183908046,217.5,5.989180134680135,594.0,1.1396728971962617,535.0
2026-02-22T19:00:00,24.432455172413793,217.5,5.5328888888888885,594.0,1.13801393728223,574.0
2026-02-22T20:00:00,24.426110344827585,217.5,3.8131986531986533,594.0,1.1384843205574913,574.0
2026-02-22T21:00:00,21.885383947939264,230.5,3.911825259515571,578.0,1.1384233449477352,574.0
2026-02-22T22:00:00,22.927710843373493,207.5,1.4686920415224913,578.0,1.1361759581881532,574.0
2026-02-22T23:00:00,20.543218390804597,217.5,1.5278787878787878,594.0,1.1380465949820788,558.0
2026-02-23T00:00:00,14.301149425287356,217.5,10.376991150442478,565.0,1.3057706093189965,558.0
2026-02-23T01:00:00,15.0,217.9,10.300530973451327,565.0,2.601467889908257,545.0
2026-02-23T02:00:00,16.002598527501082,230.9,10.32112676056338,568.0,2.8256880733944953,545.0
2026-02-23T03:00:00,16.455175400606322,230.9,10.251408450704226,568.0,2.7878136200716845,558.0
2026-02-23T04:00:00,16.820980153908465,246.9,10.219513274336283,565.0,1.3897849462365592,558.0
2026-02-23T05:00:00,18.359026369168358,246.5,10.057911504424778,565.0,1.2678536585365854,574.0
2026-02-23T06:00:00,24.088182212581344,230.5,7.483610619469027,565.0,1.2641811846689897,574.0
2026-02-23T07:00:00,24.22004338394794,230.5,8.462666666666667,555.0,1.5249268292682927,574.0
2026-02-23T08:00:00,30.286681127982646,230.5,11.298012707377339,566.6,1.2631039426523298,558.0
2026-02-23T09:00:00,23.771494252873563,217.5,12.384901185770751,556.6,1.2732114695340502,558.0
2026-02-23T10:00:00,21.420137931034482,217.5,18.787252964426877,556.6,1.2849462365591398,558.0
2026-02-23T11:00:00,21.501793103448275,217.5,27.57794466403162,556.6,1.2628602150537633,558.0
2026-02-23T12:00:00,25.942906724511932,230.5,22.948614804168162,556.6,1.2604494773519164,574.0
2026-02-23T13:00:00,26.518004338394793,230.5,16.05315486884657,556.6,1.2838048780487805,574.0
2026-02-23T14:00:00,23.548643678160918,217.5,17.574624505928853,556.6,1.262494623655914,558.0
2026-02-23T15:00:00,23.50896551724138,217.5,15.877825626544299,566.6,1.2807526132404181,574.0
2026-02-23T16:00:00,24.632,217.5,22.610492274523896,556.6,1.2814193548387096,558.0
2026-02-23T17:00:00,29.888689655172413,217.5,15.853530020703934,579.6,1.2590871080139372,574.0
2026-02-23T18:00:00,26.417724137931035,217.5,11.293911504424779,565.0,1.1479442508710802,574.0
2026-02-23T19:00:00,23.980822988505746,217.5,10.023486486486487,555.0,1.155121951219512,574.0
2026-02-23T20:00:00,26.852455254703994,217.9,10.692198961937716,578.0,1.1561290322580646,558.0
2026-02-23T21:00:00,15.489149425287357,217.5,11.448668468468469,555.0,1.1553658536585365,574.0
2026-02-23T22:00:00,15.176873563218392,217.5,10.439084955752213,565.0,1.1559233449477353,574.0
2026-02-23T23:00:00,15.549284164859003,230.5,11.050038938053097,565.0,1.1577700348432056,574.0
2026-02-24T00:00:00,36.31107028020211,217.7,6.604347826086957,575.0,3.9316831683168316,616.1
2026-02-24T01:00:00,41.135760728218465,230.7,6.6460869565217395,575.0,3.552496644295302,596.0
2026-02-24T02:00:00,39.81794538361508,230.7,6.6747826086956525,575.0,3.697396783286354,603.1
2026-02-24T03:00:00,34.092788240698205,217.7,6.60695652173913,575.0,4.296176470588235,612.0
2026-02-24T04:00:00,41.41938447404685,217.7,7.100388278388278,546.0,3.973354762307562,591.1
2026-02-24T05:00:00,28.97737120847376,207.7,7.732116279069768,559.0,3.2713705583756347,591.0
2026-02-24T06:00:00,54.86836012861736,217.7,18.515671641791045,536.0,3.0591833247907054,585.3
2026-02-24T07:00:00,60.0156637574644,217.7,21.480951492537315,536.0,2.9217176028683625,585.7
2026-02-24T08:00:00,60.48006430868167,217.7,26.879925373134327,536.0,2.8250104529616724,574.0
2026-02-24T09:00:00,60.85098759761139,217.7,27.89832089552239,536.0,2.8249268292682927,574.0
2026-02-24T10:00:00,61.70592558566835,217.7,30.637513059701494,536.0,2.9333775059463134,588.6
2026-02-24T11:00:00,60.2335323840147,217.7,30.96572014925373,536.0,2.9283338988802172,589.4
2026-02-24T12:00:00,66.95704377980061,230.7,39.01148507462687,536.0,2.878064627019594,581.8
2026-02-24T13:00:00,59.33068920676203,230.7,35.584753731343284,536.0,2.8946237299810575,580.7
2026-02-24T14:00:00,61.215041179020375,230.7,35.946451492537314,536.0,2.8996660929432014,581.0
2026-02-24T15:00:00,66.09664676159854,217.7,31.44044776119403,536.0,3.4504888152444075,603.5
2026-02-24T16:00:00,71.96903996325219,217.7,35.38877611940298,536.0,3.9185584092792047,603.5
2026-02-24T17:00:00,61.853973357831876,217.7,29.30597014925373,536.0,3.815296566077003,576.6
2026-02-24T18:00:00,70.3531924666973,217.7,33.11416044776119,536.0,3.187313179347826,588.8
2026-02-24T19:00:00,63.31841984382177,217.7,26.184065934065934,546.0,3.296840242669363,593.4
2026-02-24T20:00:00,64.6493798805696,217.7,23.20149253731343,536.0,3.2761817576564582,600.8
2026-02-24T21:00:00,56.524914383561644,233.6,9.969283582089552,536.0,2.871826280623608,583.7
2026-02-24T22:00:00,54.04949284785435,230.7,7.725830223880597,536.0,2.8497483643683945,596.1
2026-02-24T23:00:00,54.991811917308475,246.7,7.942108208955224,536.0,2.8581648002674243,598.3
2026-02-25T00:00:00,23.363123644251626,230.5,6.485478504672897,535.0,2.500594982078853,558.0
2026-02-25T01:00:00,22.960954446854664,230.5,6.6278747663551405,535.0,2.0126881720430108,558.0
2026-02-25T02:00:00,22.92190889370933,230.5,7.375177570093458,535.0,2.006666666666667,558.0
2026-02-25T03:00:00,22.94360086767896,230.5,6.6042056074766355,535.0,2.014838709677419,558.0
2026-02-25T04:00:00,22.960954446854664,230.5,7.963738317757009,535.0,2.42915770609319,558.0
2026-02-25T05:00:00,22.934924078091107,230.5,8.711214953271028,535.0,2.643548387096774,558.0
2026-02-25T06:00:00,25.869284164859003,230.5,8.22785046728972,535.0,2.6421114982578398,574.0
2026-02-25T07:00:00,28.02169197396963,230.5,8.736280373831775,535.0,4.3062385321100916,545.0
2026-02-25T08:00:00,28.086767895878523,230.5,11.411620183486239,545.0,4.772233027522936,545.0
2026-02-25T09:00:00,27.559175704989155,230.5,10.518504672897196,535.0,4.024990825688073,545.0
2026-02-25T10:00:00,27.592234273318873,230.5,10.0,545.0,3.9977614678899083,545.0
2026-02-25T11:00:00,27.586724511930587,230.5,10.0,545.0,3.9880366972477064,545.0
2026-02-25T12:00:00,27.917026793431287,231.4,10.939449541284404,545.0,4.022825688073395,545.0
2026-02-25T13:00:00,27.745422993492408,230.5,9.455779816513761,545.0,3.939816513761468,545.0
2026-02-25T14:00:00,29.76355748373102,230.5,8.924036697247706,545.0,4.081003584229391,558.0
2026-02-25T15:00:00,28.01301518438178,230.5,10.0,574.0,4.133136200716846,558.0
2026-02-25T16:00:00,29.77006507592191,230.5,10.818815331010454,574.0,4.54377247706422,545.0
2026-02-25T17:00:00,27.526117136659437,230.5,8.710394265232974,558.0,4.065003738317757,535.0
2026-02-25T18:00:00,27.979310344827585,217.5,9.454311926605504,545.0,4.286021505376344,558.0
2026-02-25T19:00:00,27.734924078091105,230.5,8.710035842293907,558.0,4.199354838709677,558.0
2026-02-25T20:00:00,29.213882863340565,230.5,10.0,574.0,4.250609318996416,558.0
2026-02-25T21:00:00,26.60650759219089,230.5,7.687148623853211,545.0,4.207222222222223,558.0
2026-02-25T22:00:00,24.152451193058567,230.5,7.759324770642202,545.0,3.7856822429906543,535.0
2026-02-25T23:00:00,27.24340770791075,246.5,7.595222018348624,545.0,4.2418532110091745,545.0
2026-02-26T00:00:00,30.15156186612576,246.5,6.518623655913978,558.0,5.997383177570094,535.0
2026-02-26T01:00:00,30.24365111561866,246.5,6.482428315412187,558.0,5.844088073394495,545.0
2026-02-26T02:00:00,30.298904665314403,246.5,6.352258064516129,558.0,6.2088073394495416,545.0
2026-02-26T03:00:00,23.763991323210412,230.5,6.237121951219512,574.0,5.864866055045872,545.0
2026-02-26T04:00:00,23.085466377440348,230.5,6.195555555555556,558.0,5.845181651376147,545.0
2026-02-26T05:00:00,23.078524945770067,230.5,6.69768458781362,558.0,5.795182795698925,558.0
2026-02-26T06:00:00,24.510344827586206,246.5,8.713719626168224,535.0,5.726949820788531,558.0
2026-02-26T07:00:00,25.945638945233267,246.5,8.707682242990654,535.0,5.743191637630662,574.0
2026-02-26T08:00:00,25.366160520607377,230.5,20.39252336448598,535.0,5.889547038327526,574.0
2026-02-26T09:00:00,25.37180043383948,230.5,15.14766355140187,535.0,4.198774193548387,558.0
2026-02-26T10:00:00,25.43947939262473,230.5,18.079495327102805,535.0,4.210838709677419,558.0
2026-02-26T11:00:00,25.484598698481562,230.5,12.660601869158878,535.0,4.200903225806452,558.0
2026-02-26T12:00:00,25.52407809110629,230.5,8.714018691588786,535.0,4.163279569892473,558.0
2026-02-26T13:00:00,25.614316702819956,230.5,8.710280373831775,535.0,5.824731182795699,558.0
2026-02-26T14:00:00,25.557917570498915,230.5,8.638532110091743,545.0,5.706996415770609,558.0
2026-02-26T15:00:00,25.580477223427334,230.5,7.685581651376147,545.0,5.656710801393729,574.0
2026-02-26T16:00:00,25.4,230.5,7.444485981308411,535.0,5.802150537634408,558.0
2026-02-26T17:00:00,27.01518438177874,230.5,6.9893457943925235,535.0,5.6597383512544805,558.0
2026-02-26T18:00:00,25.806073752711498,230.5,8.20355140186916,535.0,5.630333333333334,558.0
2026-02-26T19:00:00,23.852494577006507,230.5,7.493192660550458,545.0,5.7109756097560975,574.0
2026-02-26T20:00:00,24.773969631236444,230.5,7.56405504587156,545.0,5.72404181184669,574.0
2026-02-26T21:00:00,24.076789587852495,230.5,6.578888888888889,558.0,5.64931899641577,558.0
2026-02-26T22:00:00,23.134490238611715,230.5,6.509774193548387,558.0,5.625609756097561,574.0
2026-02-26T23:00:00,23.125813449023862,230.5,6.305783972125435,574.0,5.702194495412844,545.0
2026-02-27T00:00:00,20.073563218390806,217.5,3.880574912891986,574.0,5.438532110091743,545.0
2026-02-27T01:00:00,21.77103448275862,217.5,3.7394425087108014,574.0,4.565505376344086,558.0
2026-02-27T02:00:00,21.652060737527115,230.5,4.129645161290322,558.0,4.730967741935484,558.0
2026-02-27T03:00:00,21.77655172413793,217.5,3.855290322580645,558.0,5.314773519163763,574.0
2026-02-27T04:00:00,20.00919540229885,217.5,4.822845878136201,558.0,4.72463082437276,558.0
2026-02-27T05:00:00,21.78206896551724,217.5,4.853754480286739,558.0,5.284494773519164,574.0
2026-02-27T06:00:00,23.469848156182213,230.5,6.570880733944954,545.0,3.3989547038327528,574.0
2026-02-27T07:00:00,25.127114967462038,230.5,6.323666666666667,558.0,3.3628919860627176,574.0
2026-02-27T08:00:00,24.17606490872211,246.5,6.954301247771836,561.0,3.3661184668989548,574.0
2026-02-27T09:00:00,24.86247288503254,230.5,6.807168458781362,558.0,3.3982020905923345,574.0
2026-02-27T10:00:00,23.45119305856833,230.5,6.926385321100917,545.0,3.4155853658536586,574.0
2026-02-27T11:00:00,23.291106290672452,230.5,7.287192660550459,545.0,3.4845296167247386,574.0
2026-02-27T12:00:00,23.12104121475054,230.5,6.934863551401869,535.0,3.4813588850174217,574.0
2026-02-27T13:00:00,24.855531453362257,230.5,6.828161467889908,545.0,3.4265644599303138,574.0
2026-02-27T14:00:00,23.734490238611713,230.5,7.361834862385321,545.0,3.478641114982578,574.0
2026-02-27T15:00:00,24.8763557483731,230.5,6.175720430107527,558.0,3.4311149825783973,574.0
2026-02-27T16:00:00,23.56355748373102,230.5,7.092990654205607,535.0,3.4555400696864114,574.0
2026-02-27T17:00:00,23.44295010845987,230.5,8.661943925233645,535.0,3.452822299651568,574.0
2026-02-27T18:00:00,21.934924078091107,230.5,7.516018691588785,535.0,3.4673170731707317,574.0
2026-02-27T19:00:00,23.556616052060736,230.5,6.97451376146789,545.0,2.816452961672474,574.0
2026-02-27T20:00:00,21.868112798264644,230.5,9.257570093457945,535.0,3.8505555555555557,558.0
2026-02-27T21:00:00,21.745770065075924,230.5,6.587454205607477,535.0,3.4101742160278747,574.0
2026-02-27T22:00:00,21.953145336225596,230.5,6.702093457943925,535.0,4.2188888888888885,558.0
2026-02-27T23:00:00,21.896746203904556,230.5,6.4501075268817205,558.0,4.498257839721254,574.0
2026-02-28T00:00:00,18.982212581344903,230.5,1.7021689895470384,574.0,3.9878048780487805,574.0
2026-02-28T01:00:00,20.481561822125812,230.5,1.3042160278745645,574.0,2.7817073170731708,574.0
2026-02-28T02:00:00,19.02125813449024,230.5,1.4191149825783973,574.0,3.181445993031359,574.0
2026-02-28T03:00:00,18.808275862068964,217.5,1.266034843205575,574.0,3.1939895470383277,574.0
2026-02-28T04:00:00,19.036876355748372,230.5,1.7830645161290322,558.0,3.1887630662020907,574.0
2026-02-28T05:00:00,20.767895878524946,230.5,1.448801393728223,574.0,2.942843205574913,574.0
2026-02-28T06:00:00,20.629067245119305,230.5,1.7818715596330275,545.0,3.0,574.0
2026-02-28T07:00:00,21.735172413793105,217.5,1.6146881533101045,574.0,3.4278745644599304,574.0
2026-02-28T08:00:00,22.151409978308028,230.5,2.001040069686411,574.0,3.666422018348624,545.0
2026-02-28T09:00:00,22.137931034482758,217.5,1.7703135888501742,574.0,2.792682926829268,574.0
2026-02-28T10:00:00,21.779310344827586,217.5,3.907665505226481,574.0,2.813440860215054,558.0
2026-02-28T11:00:00,21.857471264367817,217.5,2.1113240418118466,574.0,2.795121951219512,574.0
2026-02-28T12:00:00,23.140689655172412,217.5,3.9944773519163763,574.0,2.794425087108014,574.0
2026-02-28T13:00:00,23.574403470715836,230.5,1.7445557491289199,574.0,3.189547038327526,574.0
2026-02-28T14:00:00,22.523310344827586,217.5,3.86397212543554,574.0,3.5888501742160277,574.0
2026-02-28T15:00:00,23.456832971800434,230.5,1.908432055749129,574.0,3.1793554006968643,574.0
2026-02-28T16:00:00,21.680694143167027,230.5,3.9531010452961675,574.0,3.7874564459930316,574.0
2026-02-28T17:00:00,23.00286334056399,230.5,1.8167073170731707,574.0,2.9127455197132615,558.0
2026-02-28T18:00:00,21.871540130151843,230.5,3.99338850174216,574.0,2.7564459930313587,574.0
2026-02-28T19:00:00,23.12928735632184,217.5,1.7714285714285714,574.0,2.765331010452962,574.0
2026-02-28T20:00:00,21.279080459770114,217.5,3.842787456445993,574.0,3.128397212543554,574.0
2026-02-28T21:00:00,21.456312364425163,230.5,3.773205574912892,574.0,2.7478222996515678,574.0
2026-02-28T22:00:00,20.3236442516269,230.5,2.3041114982578397,574.0,2.6192114695340503,558.0
2026-02-28T23:00:00,22.03817787418655,230.5,1.7519163763066201,574.0,3.13205574912892,574.0
2026-03-01T00:00:00,17.54125813449024,230.5,1.300948121645796,559.0,2.689808362369338,574.0
2026-03-01T01:00:00,18.342733188720175,230.5,1.269711304347826,575.0,3.0,574.0
2026-03-01T02:00:00,17.52993492407809,230.5,1.272128801431127,559.0,3.0,574.0
2026-03-01T03:00:00,18.45119305856833,230.5,1.236456043956044,546.0,2.69294425087108,574.0
2026-03-01T04:00:00,17.635618221258134,230.5,1.2751878354203936,559.0,2.691114982578397,574.0
2026-03-01T05:00:00,17.46399132321041,230.5,1.2619505494505494,546.0,2.7945993031358887,574.0
2026-03-01T06:00:00,17.244945770065076,230.5,1.477128205128205,546.0,2.7201612903225807,558.0
2026-03-01T07:00:00,18.824295010845987,230.5,1.4585934065934065,546.0,2.785540069686411,574.0
2026-03-01T08:00:00,18.81301518438178,230.5,1.573544776119403,536.0,3.110801393728223,574.0
2026-03-01T09:00:00,18.76355748373102,230.5,1.482983208955224,536.0,2.662412186379928,558.0
2026-03-01T10:00:00,17.628367816091956,217.5,1.87175,536.0,3.0,574.0
2026-03-01T11:00:00,18.74186550976139,230.5,1.9036194029850746,536.0,3.0,558.0
2026-03-01T12:00:00,18.574528735632185,217.5,2.4044776119402984,536.0,3.0,558.0
2026-03-01T13:00:00,19.737093275488068,230.5,1.9263736263736264,546.0,3.0,558.0
2026-03-01T14:00:00,18.637744034707158,230.5,1.887410447761194,536.0,2.653763440860215,558.0
2026-03-01T15:00:00,18.663774403470715,230.5,1.8423134328358208,536.0,2.708885017421603,574.0
2026-03-01T16:00:00,18.24477223427332,230.5,2.2595706618962432,559.0,2.9856445993031357,574.0
2026-03-01T17:00:00,18.737527114967463,230.5,1.8550164835164835,546.0,3.0,574.0
2026-03-01T18:00:00,18.49087221095335,246.5,2.2261904761904763,546.0,2.6262369337979092,574.0
2026-03-01T19:00:00,18.356997971602436,246.5,1.6778461538461538,546.0,2.6360104529616724,574.0
2026-03-01T20:00:00,15.553145336225597,230.5,2.428955223880597,536.0,3.07609756097561,574.0
2026-03-01T21:00:00,18.563991323210413,230.5,1.487391791044776,536.0,2.640156794425087,574.0
2026-03-01T22:00:00,17.79956616052061,230.5,2.047313432835821,536.0,2.659494773519164,574.0
2026-03-01T23:00:00,18.572668112798265,230.5,1.3932472527472528,546.0,2.637787456445993,574.0
2026-03-02T00:00:00,18.370883882149048,230.8,1.9012399626517273,535.5,3.7242983828899323,575.1
2026-03-02T01:00:00,22.972270363951473,230.8,2.254453781512605,535.5,1.7865319263101413,559.1
2026-03-02T02:00:00,18.37521663778163,230.8,4.678057889822596,535.5,2.4598461813629044,559.1
2026-03-02T03:00:00,24.10453808752026,246.8,4.933501400560224,535.5,2.5059917724915044,559.1
2026-03-02T04:00:00,20.0,246.8,5.484142988084327,545.5,2.872831336075836,559.1
2026-03-02T05:00:00,22.48136142625608,246.8,4.4856806722689075,535.5,1.7876890975482524,575.1
2026-03-02T06:00:00,26.920583468395463,246.8,6.2176470588235295,535.5,1.7874282733437663,575.1
2026-03-02T07:00:00,28.63951473136915,230.8,6.96358543417367,535.5,1.791340636411059,575.1
2026-03-02T08:00:00,29.087088388214905,230.8,6.593837535014005,535.5,1.5,559.1
2026-03-02T09:00:00,23.01646447140381,230.8,7.450420168067227,535.5,1.7218802462227196,536.1
2026-03-02T10:00:00,26.776337115072934,246.8,6.637946837763519,545.5,1.3693328563763192,559.1
2026-03-02T11:00:00,27.400346620450605,230.8,6.204201680672269,535.5,1.370506170631372,559.1
2026-03-02T12:00:00,23.11525129982669,230.8,6.624463118580765,535.5,1.369819352530853,559.1
2026-03-02T13:00:00,27.44367417677643,230.8,6.917460317460318,535.5,1.3736358894105374,575.1
2026-03-02T14:00:00,22.614818024263432,230.8,6.604108309990663,535.5,1.4059345376497943,559.1
2026-03-02T15:00:00,26.92868719611021,246.8,6.189915966386555,535.5,1.7685566088356286,559.1
2026-03-02T16:00:00,22.582322357019063,230.8,6.587301587301587,535.5,2.0909497406546236,559.1
2026-03-02T17:00:00,30.911669367909237,246.8,6.939122649955237,558.5,1.7588982292970845,559.1
2026-03-02T18:00:00,26.515397082658023,246.8,9.54934725848564,574.5,2.7335652810840507,546.1
2026-03-02T19:00:00,26.884116693679093,246.8,8.195822454308095,574.5,2.0561581112502236,559.1
2026-03-02T20:00:00,23.02426343154246,230.8,6.308960586617782,545.5,3.32395165720564,546.1
2026-03-02T21:00:00,18.48786828422877,230.8,5.409847806624888,558.5,3.336467077037866,536.1
2026-03-02T22:00:00,18.518197573656845,230.8,4.920806599450046,545.5,3.3519501922724775,546.1
2026-03-02T23:00:00,22.13735818476499,246.8,4.566452795600367,545.5,3.6630031129829703,546.1
2026-03-03T00:00:00,18.691475551709217,231.1,4.1504947735191635,574.0,11.98736559139785,558.0
2026-03-03T01:00:00,18.495750708215297,247.1,3.474520905923345,574.0,10.882795698924731,558.0
2026-03-03T02:00:00,21.068393363010927,247.1,4.103060975609756,574.0,11.233247706422018,545.0
2026-03-03T03:00:00,18.509915014164307,247.1,4.148364111498258,574.0,11.49039633027523,545.0
2026-03-03T04:00:00,21.029176658673062,250.2,4.564825783972125,574.0,11.493302752293578,545.0
2026-03-03T05:00:00,20.997571833265884,247.1,4.573480836236934,574.0,11.866950458715596,545.0
2026-03-03T06:00:00,20.0,247.1,4.971707317073171,574.0,11.157247706422018,545.0
2026-03-03T07:00:00,18.891389009086975,231.1,4.635175627240144,558.0,10.75205734767025,558.0
2026-03-03T08:00:00,18.681090437040243,231.1,5.168176146788991,545.0,11.098495412844036,545.0
2026-03-03T09:00:00,20.53872782345305,231.1,5.468851460311772,558.1,10.905519713261649,558.0
2026-03-03T10:00:00,20.707053223712677,231.1,5.337812227834872,574.1,11.045698924731182,558.0
2026-03-03T11:00:00,23.537838931606636,247.1,5.328301689601115,574.1,10.489024390243902,574.0
2026-03-03T12:00:00,22.602185350060704,247.1,5.472765586903518,574.2,3.708095412844037,545.0
2026-03-03T13:00:00,22.409086975335352,231.1,5.4092266155722,574.1,6.050752688172043,558.0
2026-03-03T14:00:00,22.420380787537862,231.1,5.2229014280738415,574.2,5.940143369175627,558.0
2026-03-03T15:00:00,20.463340563991324,230.5,4.930416303779829,574.1,5.942939068100358,558.0
2026-03-03T16:00:00,18.873318872017354,230.5,5.18769337979094,574.0,11.034587813620071,558.0
2026-03-03T17:00:00,20.530151843817787,230.5,4.686908602150537,558.0,5.902867383512545,558.0
2026-03-03T18:00:00,23.71943204868154,246.5,4.71765871559633,545.0,5.878532110091743,545.0
2026-03-03T19:00:00,22.125111561866127,246.5,4.30754495412844,545.0,5.889284403669725,545.0
2026-03-03T20:00:00,22.093449023861172,230.5,5.422612903225806,558.0,11.845548623853212,545.0
2026-03-03T21:00:00,21.16130151843818,230.5,5.027064459930314,574.0,11.376084403669724,545.0
2026-03-03T22:00:00,21.245639913232104,230.5,4.932355400696864,574.0,10.87747311827957,558.0
2026-03-03T23:00:00,21.255010845986984,230.5,4.818289198606272,574.0,10.889408602150537,558.0
2026-03-04T00:00:00,24.830480769230768,208.0,1.224984347826087,575.0,5.600801393728223,574.0
2026-03-04T01:00:00,29.41760649087221,246.5,1.0,575.0,5.62420905923345,574.0
2026-03-04T02:00:00,29.44470588235294,246.5,1.0440765217391303,575.0,5.548320557491289,574.0
2026-03-04T03:00:00,26.918698481561822,230.5,1.0,575.0,5.708046594982079,558.0
2026-03-04T04:00:00,26.64,230.5,1.0,575.0,5.733533101045296,574.0
2026-03-04T05:00:00,24.930151843817786,230.5,1.0747304347826088,575.0,5.611832752613241,574.0
2026-03-04T06:00:00,22.83457471264368,217.5,1.292788908765653,559.0,4.409320557491289,574.0
2026-03-04T07:00:00,22.84407809110629,230.5,1.3798998211091233,559.0,3.7889024390243904,574.0
2026-03-04T08:00:00,25.3987852494577,230.5,1.7,575.0,5.669634146341464,574.0
2026-03-04T09:00:00,22.624381778741867,230.5,1.3358417391304347,575.0,3.9156829268292683,574.0
2026-03-04T10:00:00,25.47817787418655,230.5,1.4517495652173913,575.0,3.8238118466898956,574.0
2026-03-04T11:00:00,22.622993492407808,230.5,2.907718260869565,575.0,3.4033658536585367,574.0
2026-03-04T12:00:00,23.420477223427334,230.5,2.0219478260869566,575.0,3.411498257839721,574.0
2026-03-04T13:00:00,23.422819956616053,230.5,1.6052869565217391,575.0,3.3817003484320556,574.0
2026-03-04T14:00:00,23.450709939148073,246.5,1.5541391304347827,575.0,3.3889198606271775,574.0
2026-03-04T15:00:00,24.08841648590022,230.5,1.3370678260869566,575.0,3.3600418118466897,574.0
2026-03-04T16:00:00,22.35233734939759,207.5,3.865334525939177,559.0,3.995012195121951,574.0
2026-03-04T17:00:00,22.384689655172412,217.5,4.1543470483005365,559.0,3.881616724738676,574.0
2026-03-04T18:00:00,23.85648590021692,230.5,4.2348901098901095,546.0,2.590801393728223,574.0
2026-03-04T19:00:00,23.898394793926247,230.5,3.9228908765652952,559.0,2.524310104529617,574.0
2026-03-04T20:00:00,23.964251626898047,230.5,4.865137745974955,559.0,5.520836236933798,574.0
2026-03-04T21:00:00,24.34335632183908,217.5,1.5431652173913044,575.0,4.399075268817204,558.0
2026-03-04T22:00:00,24.38758620689655,217.5,1.3547739130434782,575.0,4.104918118466899,574.0
2026-03-04T23:00:00,24.003326572008113,246.5,1.3299095652173913,575.0,4.146630662020906,574.0
2026-03-05T00:00:00,18.789241379310344,217.5,1.3557665505226482,574.0,4.5,558.0
2026-03-05T01:00:00,18.806073752711498,230.5,1.5553170731707318,574.0,3.6923302752293576,545.0
2026-03-05T02:00:00,18.499869848156184,230.5,1.5451827956989248,558.0,4.110107526881721,558.0
2026-03-05T03:00:00,18.49457700650759,230.5,2.1329032258064515,558.0,7.342682926829268,574.0
2026-03-05T04:00:00,18.507592190889373,230.5,2.826844036697248,545.0,7.423397212543554,574.0
2026-03-05T05:00:00,18.490238611713664,230.5,2.6659009174311925,545.0,6.9763082437275985,558.0
2026-03-05T06:00:00,21.49583514099783,230.5,1.818788990825688,545.0,5.365591397849462,558.0
2026-03-05T07:00:00,22.188965517241378,217.5,1.8229616724738675,574.0,5.29390243902439,574.0
2026-03-05T08:00:00,24.750912778904667,246.5,3.6430422018348625,545.0,4.102258064516129,558.0
2026-03-05T09:00:00,22.35704989154013,230.5,3.0581869158878505,535.0,4.71899641577061,558.0
2026-03-05T10:00:00,22.09655172413793,217.5,1.3809158878504673,535.0,2.5607963302752292,545.0
2026-03-05T11:00:00,22.188505747126438,217.5,3.834935483870968,558.0,2.579126605504587,545.0
2026-03-05T12:00:00,21.625655172413794,217.5,2.6274605504587156,545.0,2.440456074766355,535.0
2026-03-05T13:00:00,23.225162689804772,230.5,4.036642201834862,545.0,3.8747663551401867,535.0
2026-03-05T14:00:00,22.46898047722343,230.5,2.9289719626168225,535.0,3.2470654205607477,535.0
2026-03-05T15:00:00,22.21287356321839,217.5,1.5196720430107526,558.0,3.189878504672897,535.0
2026-03-05T16:00:00,21.657931034482758,217.5,2.3293548387096776,558.0,2.8216822429906543,535.0
2026-03-05T17:00:00,21.177874186550977,230.5,3.869573476702509,558.0,4.313644859813084,535.0
2026-03-05T18:00:00,22.424340770791076,246.5,5.219258715596331,545.0,1.7697383177570094,535.0
2026-03-05T19:00:00,20.448225596529284,230.5,3.3703484320557493,574.0,4.410467289719626,535.0
2026-03-05T20:00:00,19.107418655097614,230.5,5.48440366972477,545.0,3.001510280373832,535.0
2026-03-05T21:00:00,18.411101474414572,230.6,2.922267889908257,545.0,5.2255327102803735,535.0
2026-03-05T22:00:00,18.407809110629067,230.5,1.3591672473867595,574.0,4.869831775700934,535.0
2026-03-05T23:00:00,20.44868154158215,246.5,1.3879721254355402,574.0,5.582752293577982,545.0
2026-03-06T00:00:00,15.013254252461952,223.4,1.8082361359570662,559.0,5.985323071415786,558.7
2026-03-06T01:00:00,16.578524096385543,232.4,1.5245982608695652,575.0,5.98174333273671,558.7
2026-03-06T02:00:00,15.362619485294118,217.6,1.4680569395017793,562.0,5.962949704671559,558.7
2026-03-06T03:00:00,16.149172749391727,246.6,2.065660107334526,559.0,7.448844884488449,575.7
2026-03-06T04:00:00,15.590650477016478,230.6,2.7451282051282053,546.0,7.0932642487046635,559.7
2026-03-06T05:00:00,15.87460537727667,230.6,3.247692307692308,546.0,7.4041167274622195,575.7
2026-03-06T06:00:00,18.880138768430182,230.6,4.361486940298508,536.0,7.275490706965433,575.7
2026-03-06T07:00:00,19.290032154340835,217.7,2.290507462686567,536.0,5.452166347659649,574.7
2026-03-06T08:00:00,19.12205882352941,217.6,2.3890597014925374,536.0,4.964764224812946,574.7
2026-03-06T09:00:00,16.819288811795317,230.6,2.5782686567164177,536.0,5.084660819760158,558.7
2026-03-06T10:00:00,17.18820468343452,230.6,2.697359570661896,559.0,3.1487026320701887,535.7
2026-03-06T11:00:00,17.89679098005204,230.6,3.5939652173913044,575.0,4.979467548286062,574.7
2026-03-06T12:00:00,15.537185602775368,230.6,4.401736111111111,576.0,5.047203859210291,559.7
2026-03-06T13:00:00,14.813725065047702,230.6,3.4112915921288014,559.0,5.281997391466368,536.7
2026-03-06T14:00:00,14.833065915004337,230.6,2.6215373134328357,536.0,6.10261569416499,546.7
2026-03-06T15:00:00,17.512142237640937,230.6,2.4305116279069767,559.0,6.262099871959027,546.7
2026-03-06T16:00:00,17.319167389418908,230.6,3.3542200357781753,559.0,6.234291581108829,535.7
2026-03-06T17:00:00,18.919340849956633,230.6,4.535,560.0,6.203527435610303,535.8
2026-03-06T18:00:00,19.07718993928881,230.6,6.179107142857143,560.0,7.762971257932064,535.8
2026-03-06T19:00:00,19.580407455570004,230.7,5.0,547.0,6.3708846584546475,535.8
2026-03-06T20:00:00,19.071001300390115,230.7,5.325959780621572,547.0,7.005673758865248,535.8
2026-03-06T21:00:00,15.196045099739809,230.6,4.929267857142857,560.0,7.89585666293393,535.8
2026-03-06T22:00:00,15.483122289679098,230.6,3.0605384615384614,546.0,12.660612282994213,535.7
2026-03-06T23:00:00,15.389627059843885,230.6,2.6557602862254024,559.0,5.853556094829195,535.7
2026-03-07T00:00:00,15.993318872017353,230.5,4.547499130434782,575.0,4.668330275229358,545.0
2026-03-07T01:00:00,15.852668112798264,230.5,2.5909565217391304,575.0,3.053849462365591,558.0
2026-03-07T02:00:00,15.855531453362255,230.5,2.6042504347826085,575.0,3.4769605734767026,558.0
2026-03-07T03:00:00,15.866811279826464,230.5,2.6156521739130434,575.0,3.8605435540069686,574.0
2026-03-07T04:00:00,15.835791757049892,230.5,1.5557843478260869,575.0,3.0542857142857143,574.0
2026-03-07T05:00:00,16.049197396963123,230.5,1.580806956521739,575.0,2.6450226480836236,574.0
2026-03-07T06:00:00,16.55349240780911,230.5,4.670052173913043,575.0,3.4752613240418118,574.0
2026-03-07T07:00:00,16.284989154013015,230.5,5.1521739130434785,575.0,2.81202787456446,574.0
2026-03-07T08:00:00,16.02860813704497,233.5,5.39444347826087,575.0,2.8128919860627177,574.0
2026-03-07T09:00:00,16.26885032537961,230.5,4.698780869565217,575.0,2.629390243902439,574.0
2026-03-07T10:00:00,17.385596529284165,230.5,5.1112208695652175,575.0,2.3481533101045295,574.0
2026-03-07T11:00:00,16.50314482758621,217.5,5.63539652173913,575.0,2.65609756097561,574.0
2026-03-07T12:00:00,16.860390455531455,230.5,5.035989565217391,575.0,2.6610394265232973,558.0
2026-03-07T13:00:00,16.232748161764707,217.6,5.374114782608696,575.0,3.112043010752688,558.0
2026-03-07T14:00:00,16.90008113590264,246.5,5.091975652173913,575.0,4.578494623655914,558.0
2026-03-07T15:00:00,16.314533622559654,230.5,5.123467826086957,575.0,4.582258064516129,558.0
2026-03-07T16:00:00,16.195797701149424,217.5,5.062608695652174,575.0,4.575963302752293,545.0
2026-03-07T17:00:00,16.544137931034484,217.5,5.045217391304348,575.0,3.9584623853211007,545.0
2026-03-07T18:00:00,18.947852494577006,230.5,4.973495652173913,575.0,3.9756036697247708,545.0
2026-03-07T19:00:00,17.07540130151844,230.5,4.987297391304348,575.0,3.5601495327102803,535.0
2026-03-07T20:00:00,17.40119540229885,217.5,5.099772173913044,575.0,4.983155140186916,535.0
2026-03-07T21:00:00,15.362758620689656,217.5,4.428048695652174,575.0,3.462773831775701,535.0
2026-03-07T22:00:00,15.0,217.5,4.500184347826087,575.0,4.232201834862385,545.0
2026-03-07T23:00:00,18.287201735357918,230.5,4.500184347826087,575.0,5.230107526881721,558.0
2026-03-08T00:00:00,17.47939262472885,230.5,1.2234310221586848,559.6,3.817786286112078,574.6
2026-03-08T01:00:00,17.828633405639913,230.5,1.210159833217512,575.6,3.0793054063730754,558.6
2026-03-08T02:00:00,19.34604462474645,246.5,1.1582765809589992,575.6,4.079791159067177,574.6
2026-03-08T03:00:00,19.347991886409737,246.5,1.1596351633078528,575.6,3.93922305764411,558.6
2026-03-08T04:00:00,19.342231237322515,246.5,1.4023419041000695,575.6,3.9291979949874687,558.6
2026-03-08T05:00:00,19.555375253549695,246.5,1.4094162612925643,575.6,3.4774436090225564,558.6
2026-03-08T06:00:00,18.65841784989858,246.5,2.186266976411723,559.6,3.0354457572502684,558.6
2026-03-08T07:00:00,16.0,230.5,2.2209173036831134,575.6,2.637307554600788,558.6
2026-03-08T08:00:00,16.204338394793925,230.5,2.4319832052885473,559.7,2.627915071353985,574.6
2026-03-08T09:00:00,16.721475054229934,230.5,1.3863344051446946,559.8,1.9307848938391925,574.6
2026-03-08T10:00:00,16.281561822125813,230.5,1.4696355190280508,559.7,1.2837869822485206,574.6
2026-03-08T11:00:00,16.29822125813449,230.5,1.8,559.7,1.2693212669683258,574.6
2026-03-08T12:00:00,16.961388286334056,230.5,1.5902376273003396,559.7,2.3125671321160044,558.6
2026-03-08T13:00:00,16.273318872017352,230.5,2.7779513444302175,546.7,2.6795560329394914,558.6
2026-03-08T14:00:00,16.016052060737525,230.5,2.6255486466715436,546.8,3.4783458646616543,558.6
2026-03-08T15:00:00,16.435172413793104,217.5,2.342782699322564,575.7,3.139724310776942,558.6
2026-03-08T16:00:00,16.213232104121474,230.5,2.0147221725924602,559.7,3.325230934479055,558.6
2026-03-08T17:00:00,15.421475054229935,230.5,2.731641053787047,546.6,3.2785660941000745,535.6
2026-03-08T18:00:00,18.066369168357,246.5,3.4024167581412366,546.6,2.629398826979472,545.6
2026-03-08T19:00:00,17.141176470588235,246.5,2.606236597569693,559.6,2.5993555316863586,558.6
2026-03-08T20:00:00,16.688937093275488,230.5,3.313759555246699,575.6,2.9752871562826315,574.6
2026-03-08T21:00:00,16.64763557483731,230.5,1.3568120085775555,559.6,2.9944309084580576,574.6
2026-03-08T22:00:00,16.676789587852493,230.5,1.2538884917798427,559.6,2.990386355725722,574.6
2026-03-08T23:00:00,18.425152129817445,246.5,1.3150017869907076,559.6,3.134719805081796,574.6
2026-03-09T00:00:00,14.83497242647059,217.6,1.7363118279569894,558.0,4.154844036697248,545.0
2026-03-09T01:00:00,15.13882863340564,230.5,1.7178136200716845,558.0,3.573831775700935,535.0
2026-03-09T02:00:00,15.133188720173536,230.5,1.7342670250896057,558.0,4.231594982078853,558.0
2026-03-09T03:00:00,19.535791757049893,230.5,1.7265211009174313,545.0,4.474425688073395,545.0
2026-03-09T04:00:00,20.31156186612576,246.5,1.89891376146789,545.0,5.802867383512544,558.0
2026-03-09T05:00:00,20.0,246.5,2.2969724770642204,545.0,5.9764808362369335,574.0
2026-03-09T06:00:00,20.0,230.5,1.7005607476635514,535.0,5.522386759581882,574.0
2026-03-09T07:00:00,19.45977011494253,217.5,1.8991028037383177,535.0,4.447311827956989,558.0
2026-03-09T08:00:00,19.545747126436783,217.5,1.613977570093458,535.0,4.291463414634146,574.0
2026-03-09T09:00:00,18.912,217.5,3.3498028673835125,558.0,4.2682926829268295,574.0
2026-03-09T10:00:00,14.522776572668112,230.5,3.30110394265233,558.0,2.569181308411215,535.0
2026-03-09T11:00:00,14.61943600867679,230.5,1.792154128440367,545.0,2.588710280373832,535.0
2026-03-09T12:00:00,14.646377440347072,230.5,1.6991082568807339,545.0,2.7268817204301077,558.0
2026-03-09T13:00:00,19.37527114967462,230.5,2.8017871559633027,545.0,3.899719626168224,535.0
2026-03-09T14:00:00,19.350976138828635,230.5,2.3426788990825687,545.0,3.4031541218637993,558.0
2026-03-09T15:00:00,20.0,230.5,3.0452186379928317,558.0,3.894130841121495,535.0
2026-03-09T16:00:00,20.0,230.5,3.0424193548387097,558.0,3.5903225806451613,558.0
2026-03-09T17:00:00,20.0,230.5,3.2115770609318997,558.0,3.680373831775701,535.0
2026-03-09T18:00:00,22.334924078091106,230.5,8.209059233449477,574.0,3.297196261682243,535.0
2026-03-09T19:00:00,23.939262472885034,230.5,7.21123693379791,574.0,3.244299065420561,535.0
2026-03-09T20:00:00,19.246854663774403,230.5,10.322801393728223,574.0,3.8756485981308413,535.0
2026-03-09T21:00:00,19.13232104121475,230.5,4.777177419354839,558.0,4.152336448598131,535.0
2026-03-09T22:00:00,19.16529284164859,230.5,2.678021505376344,558.0,4.848971962616822,535.0
2026-03-09T23:00:00,22.176105476673428,246.5,1.7550071684587814,558.0,5.100330275229358,545.0
2026-03-10T00:00:00,14.991237322515213,246.5,1.8670531140469129,370.9,4.2875910364145655,357.0
2026-03-10T01:00:00,15.081460446247464,246.5,1.38705604719764,339.0,4.522373599757796,330.3
2026-03-10T02:00:00,15.004787018255579,246.5,1.4117126567844926,438.5,4.382379201680672,380.8
2026-03-10T03:00:00,15.000405679513184,246.5,1.5,442.1,4.927956989247312,418.5
2026-03-10T04:00:00,15.095091277890466,246.5,1.9095101733232855,398.1,4.662848468120342,362.3
2026-03-10T05:00:00,15.015667342799189,246.5,3.0,402.7,4.547921478060046,346.4
2026-03-10T06:00:00,16.62292089249493,246.5,4.415947209238383,363.7,4.433406714364337,363.4
2026-03-10T07:00:00,17.427991886409735,246.5,1.920704845814978,340.5,4.041866028708134,418.0
2026-03-10T08:00:00,17.412170385395537,246.5,2.1527554179566564,355.3,3.3375921658986174,434.0
2026-03-10T09:00:00,14.442596348884381,246.5,1.8747395230377402,431.9,2.785290948275862,371.2
2026-03-10T10:00:00,15.0,246.5,1.8626606161929782,418.7,2.686164669098489,383.8
2026-03-10T11:00:00,15.0,246.5,1.935660091047041,329.5,2.7806818181818183,352.0
2026-03-10T12:00:00,15.0,246.5,2.4147600619195044,387.6,3.5542983870967744,372.0
2026-03-10T13:00:00,15.0,246.5,2.654772425983208,452.6,3.548667439165701,431.5
2026-03-10T14:00:00,14.596529284164859,230.5,2.443000464468184,430.6,3.6088525378878997,415.7
2026-03-10T15:00:00,14.33405639913232,230.5,1.9080670926517571,313.0,4.141290958364129,405.9
2026-03-10T16:00:00,14.363644251626898,230.5,2.6606439024390243,410.0,3.8952176075603084,402.1
2026-03-10T17:00:00,16.68446247464503,246.5,5.015123374900504,376.9,4.101080815524441,407.1
2026-03-10T18:00:00,16.95184381778742,230.5,6.855125395665937,410.7,3.588733139381116,378.1
2026-03-10T19:00:00,16.899783080260303,230.5,5.8010782833728705,463.7,3.5170969993021632,429.9
2026-03-10T20:00:00,16.87926247288503,230.5,6.532122273094533,371.3,3.5461783439490446,251.2
2026-03-10T21:00:00,14.236832971800434,230.5,2.6360437842064113,383.7,3.5902608695652174,345.0
2026-03-10T22:00:00,14.440162271805274,246.5,1.9264423076923076,374.4,3.772460117548279,357.3
2026-03-10T23:00:00,15.024233576642336,246.6,1.9499133630874246,380.9,3.9601793965751564,367.9
2026-03-11T00:00:00,14.250304259634888,246.5,1.9231358885017422,574.0,2.8278397212543553,574.0
2026-03-11T01:00:00,14.188640973630832,246.5,1.9335540069686412,574.0,2.6778048780487804,574.0
2026-03-11T02:00:00,14.312778904665315,246.5,1.9459268292682927,574.0,2.8094425087108013,574.0
2026-03-11T03:00:00,14.31764705882353,246.5,1.9432926829268293,574.0,2.8010104529616724,574.0
2026-03-11T04:00:00,14.415821501014198,246.5,1.9252926829268293,574.0,2.7849128919860626,574.0
2026-03-11T05:00:00,14.364827586206896,246.5,1.9054038128249566,577.0,2.759616724738676,574.0
2026-03-11T06:00:00,17.964462474645032,246.5,1.971588850174216,574.0,2.7837630662020905,574.0
2026-03-11T07:00:00,18.28633405639913,230.5,1.9865365853658536,574.0,2.708170731707317,574.0
2026-03-11T08:00:00,18.056795131845842,246.5,1.9560243902439025,574.0,2.749512195121951,574.0
2026-03-11T09:00:00,21.044624746450303,246.5,1.9501428571428572,588.0,2.5813658536585367,574.0
2026-03-11T10:00:00,13.91683569979716,246.5,2.2081160846040335,609.9,2.2021951219512195,574.0
2026-03-11T11:00:00,13.993265720081135,246.5,2.207370517928287,602.4,2.5817073170731706,574.0
2026-03-11T12:00:00,14.156186612576064,246.5,2.20412421952021,608.6,2.605923344947735,574.0
2026-03-11T13:00:00,14.190669371196755,246.5,1.949,574.0,2.836059233449477,574.0
2026-03-11T14:00:00,14.174442190669371,246.5,1.943178120131556,577.7,2.9873170731707317,574.0
2026-03-11T15:00:00,14.15212981744422,246.5,1.9566837256908904,586.2,3.054006968641115,574.0
2026-03-11T16:00:00,14.187991886409737,246.5,2.20230166503428,612.6,3.0322299651567945,574.0
2026-03-11T17:00:00,16.026369168356997,246.5,3.9209616724738674,574.0,3.046048780487805,574.0
2026-03-11T18:00:00,14.147221095334686,246.5,4.973519163763066,574.0,2.912205574912892,574.0
2026-03-11T19:00:00,14.562082429501084,230.5,4.164285714285715,574.0,3.0377073170731705,574.0
2026-03-11T20:00:00,15.24519305856833,230.5,4.689024390243903,574.0,2.9661463414634146,574.0
2026-03-11T21:00:00,14.297232104121475,230.5,3.464411149825784,574.0,2.9551707317073173,574.0
2026-03-11T22:00:00,19.04807809110629,230.5,1.9297038327526133,574.0,2.825505226480836,574.0
2026-03-11T23:00:00,18.95174036511156,246.5,1.9496341463414635,574.0,3.014,574.0
2026-03-12T00:00:00,13.554942528735632,217.5,1.2737613240418117,574.0,1.2301184668989547,574.0
2026-03-12T01:00:00,15.837310195227765,230.5,1.2666759581881533,574.0,1.2286393728222997,574.0
2026-03-12T02:00:00,15.837310195227765,230.5,1.2666759581881533,574.0,1.2346341463414634,574.0
2026-03-12T03:00:00,13.860477223427331,230.5,1.2802996515679443,574.0,1.2336933797909408,574.0
2026-03-12T04:00:00,13.606653144016228,246.5,1.428109756097561,574.0,1.232062717770035,574.0
2026-03-12T05:00:00,13.733032537960954,230.5,1.613609756097561,574.0,1.3695470383275261,574.0
2026-03-12T06:00:00,17.801518438177876,230.5,1.7593310104529616,574.0,1.228425087108014,574.0
2026-03-12T07:00:00,18.578114942528735,217.5,1.2877351916376307,574.0,1.1748954703832752,574.0
2026-03-12T08:00:00,18.70344827586207,217.5,1.2849477351916376,574.0,1.1932404181184668,574.0
2026-03-12T09:00:00,18.161149425287356,217.5,1.3615993031358884,574.0,1.1743310104529616,574.0
2026-03-12T10:00:00,18.70344827586207,217.5,1.322133490248823,594.8,1.1959686411149826,574.0
2026-03-12T11:00:00,17.93527114967462,230.5,1.3120922346558155,589.8,1.2060836236933798,574.0
2026-03-12T12:00:00,14.158177874186551,230.5,1.3788421418636996,575.2,1.0553048780487806,574.0
2026-03-12T13:00:00,14.30224367816092,217.5,1.7247311827956988,585.9,1.205616724738676,574.0
2026-03-12T14:00:00,14.312165517241379,217.5,1.5465779143198497,585.9,1.2137560975609756,574.0
2026-03-12T15:00:00,14.329563218390804,217.5,1.3028436018957346,590.8,1.2059756097560976,574.0
2026-03-12T16:00:00,14.314758620689656,217.5,1.370149630127774,594.8,1.2062857142857142,574.0
2026-03-12T17:00:00,14.462804819277109,207.5,1.7250452961672473,574.0,1.2057282229965156,574.0
2026-03-12T18:00:00,17.989686746987953,207.5,1.742439024390244,574.0,1.205226480836237,574.0
2026-03-12T19:00:00,16.599932530120483,207.5,1.750801393728223,574.0,1.2106794425087108,574.0
2026-03-12T20:00:00,16.817958620689655,217.5,1.7419860627177701,574.0,1.2170243902439024,574.0
2026-03-12T21:00:00,17.683310344827586,217.5,1.7602787456445994,574.0,1.2234947735191637,574.0
2026-03-12T22:00:00,16.62767816091954,217.5,1.768731865506059,585.9,1.2112473867595819,574.0
2026-03-12T23:00:00,19.570151843817786,230.5,1.6991483188257381,585.9,1.2282508710801394,574.0
2026-03-13T00:00:00,21.81144578313253,207.5,1.2536062717770036,574.0,13.177777777777777,558.0
2026-03-13T01:00:00,22.406298850574714,217.5,1.2840923344947734,574.0,13.205591397849462,558.0
2026-03-13T02:00:00,29.49135632183908,217.5,1.2541289198606271,574.0,13.192477064220183,545.0
2026-03-13T03:00:00,29.91887201735358,230.5,1.257609756097561,574.0,12.999816513761468,545.0
2026-03-13T04:00:00,24.540689655172415,217.5,1.2577020905923344,574.0,13.149719626168224,535.0
2026-03-13T05:00:00,29.824151843817788,230.5,2.116753270023293,558.1,13.122018691588785,535.0
2026-03-13T06:00:00,22.720676258992807,208.5,2.119301075268817,558.0,13.474068100358423,558.0
2026-03-13T07:00:00,28.732459770114943,217.5,2.1043870967741936,558.0,13.559233449477352,574.0
2026-03-13T08:00:00,27.355862068965518,217.5,2.090233449477352,574.0,13.53322299651568,574.0
2026-03-13T09:00:00,25.39277108433735,207.5,2.086418118466899,574.0,13.397741935483872,558.0
2026-03-13T10:00:00,29.66896551724138,217.5,2.1115993031358884,574.0,13.799057347670251,558.0
2026-03-13T11:00:00,30.0,217.5,2.0968466898954703,574.0,13.666326164874551,558.0
2026-03-13T12:00:00,30.0,217.5,2.0876898954703833,574.0,12.060293577981652,545.0
2026-03-13T13:00:00,30.0,217.5,2.490878048780488,574.0,11.915981651376146,545.0
2026-03-13T14:00:00,29.648275862068967,217.5,1.9729616724738677,574.0,11.935645161290322,558.0
2026-03-13T15:00:00,29.627586206896552,217.5,1.6025853658536586,574.0,19.156829357798166,545.0
2026-03-13T16:00:00,29.6,217.5,1.680205574912892,574.0,19.34051214953271,535.0
2026-03-13T17:00:00,29.178332530120482,207.5,2.142326164874552,558.0,19.295069158878505,535.0
2026-03-13T18:00:00,29.556626506024095,207.5,3.119712543554007,574.0,18.064699065420562,535.0
2026-03-13T19:00:00,30.0,207.5,2.14415770609319,558.0,21.762970093457945,535.0
2026-03-13T20:00:00,29.35113253012048,207.5,2.154100358422939,558.0,18.49567706422018,545.0
2026-03-13T21:00:00,32.38206896551724,217.5,1.752808362369338,574.0,18.650867383512544,558.0
2026-03-13T22:00:00,32.38574712643678,217.5,1.4137347670250897,558.0,17.7366917562724,558.0
2026-03-13T23:00:00,31.870344827586205,217.5,1.4405365853658536,574.0,17.85648028673835,558.0
2026-03-14T00:00:00,19.986810661764707,217.6,1.769371408671426,574.3,18.40148745519713,558.0
2026-03-14T01:00:00,24.482758620689655,246.5,1.7071356433919553,574.3,8.23978494623656,558.0
2026-03-14T02:00:00,20.052210953346854,246.5,1.7365488420686053,574.3,8.53626168224299,535.0
2026-03-14T03:00:00,20.0,246.6,1.8076218662952646,574.4,3.6444859813084114,535.0
2026-03-14T04:00:00,19.984097363083166,246.5,2.500817817991996,574.7,4.811669724770642,545.0
2026-03-14T05:00:00,19.153145336225595,230.5,2.5291175944156077,558.7,6.417421602787456,574.0
2026-03-14T06:00:00,20.0,230.6,2.8175228208340792,558.7,3.7210801393728223,574.0
2026-03-14T07:00:00,20.0,230.5,2.53136015666726,561.7,3.1124041811846688,574.0
2026-03-14T08:00:00,20.060737527114966,230.5,2.8852755905511813,558.8,3.255801393728223,574.0
2026-03-14T09:00:00,19.22855172413793,217.5,3.259797817140812,558.9,2.8645017421602788,574.0
2026-03-14T10:00:00,19.675488069414317,230.5,3.910452961672474,574.0,2.8683118466898954,574.0
2026-03-14T11:00:00,19.98186612576065,246.5,5.073506357777391,574.1,2.876355400696864,574.0
2026-03-14T12:00:00,20.0,246.5,4.7270510364048075,574.1,2.6701951219512194,574.0
2026-03-14T13:00:00,20.0,246.5,4.405226480836237,574.0,2.6873048780487805,574.0
2026-03-14T14:00:00,20.049067245119307,230.5,4.776433691756273,558.0,2.707780487804878,574.0
2026-03-14T15:00:00,20.076789587852495,230.5,4.047926523297491,558.0,3.3275435540069687,574.0
2026-03-14T16:00:00,20.107302231237323,246.5,3.8390654205607477,535.0,3.748327526132404,574.0
2026-03-14T17:00:00,20.0,246.5,4.091267889908257,545.0,3.7714285714285714,574.0
2026-03-14T18:00:00,19.364108061749572,233.2,7.022939068100358,558.0,1.8685644599303135,574.0
2026-03-14T19:00:00,18.870185873605948,242.1,4.837813620071684,558.0,2.706724738675958,574.0
2026-03-14T20:00:00,19.466869037294014,230.6,4.481100917431193,545.0,1.8783885017421602,574.0
2026-03-14T21:00:00,20.126631536278882,246.7,4.477798165137615,545.0,1.8668101045296168,574.0
2026-03-14T22:00:00,19.611248402215594,234.7,3.192691588785047,535.0,1.8707926829268293,574.0
2026-03-14T23:00:00,20.4,246.6,1.3281324041811846,574.0,3.7246341463414634,574.0
2026-03-15T00:00:00,20.0,230.7,2.3736940298507463,536.0,3.414516129032258,558.0
2026-03-15T01:00:00,19.828348504551364,230.7,1.6451282051282052,546.0,1.674843205574913,574.0
2026-03-15T02:00:00,19.82106631989597,230.7,1.6711538461538462,546.0,1.6730627177700348,574.0
2026-03-15T03:00:00,19.830551989730424,233.7,1.6585330948121646,559.0,1.2666689895470384,574.0
2026-03-15T04:00:00,19.87923710446467,230.7,1.6563864042933811,559.0,1.2957752613240419,574.0
2026-03-15T05:00:00,19.501754708314195,217.7,1.6317582417582417,546.0,1.39102787456446,574.0
2026-03-15T06:00:00,19.44429465575349,207.7,1.700934065934066,546.0,1.2530271883289126,603.2
2026-03-15T07:00:00,19.456492573071394,208.7,1.711978021978022,546.0,1.2658989547038328,574.0
2026-03-15T08:00:00,19.393939393939394,217.8,1.716436567164179,536.0,1.2658397212543555,574.0
2026-03-15T09:00:00,19.320105871029835,207.8,1.8666044776119404,536.0,1.2556132404181184,574.0
2026-03-15T10:00:00,19.43393355801637,207.7,2.399160447761194,536.0,1.2579233449477352,574.0
2026-03-15T11:00:00,19.865322425409047,207.8,2.5582462686567164,536.0,1.257719512195122,574.0
2026-03-15T12:00:00,19.65319246669729,217.7,3.9756593406593406,546.0,1.2472144540455616,636.5
2026-03-15T13:00:00,19.63269054178145,217.8,3.7964175824175825,546.0,1.2688606271777003,574.0
2026-03-15T14:00:00,19.798222800173384,230.7,2.4049626865671643,536.0,3.3461672473867594,574.0
2026-03-15T15:00:00,18.411070280202114,217.7,4.003582089552239,536.0,1.2462508710801394,574.0
2026-03-15T16:00:00,19.305466237942124,217.7,3.6021978021978023,546.0,1.2711045296167247,574.0
2026-03-15T17:00:00,19.6900826446281,217.8,9.0608228980322,559.0,1.2651080139372823,574.0
2026-03-15T18:00:00,19.52687184198438,217.7,5.703717267899652,546.1,1.1215331010452962,574.0
2026-03-15T19:00:00,18.474965548920533,217.7,2.3577817531305905,559.0,1.0394773519163762,574.0
2026-03-15T20:00:00,18.4375,208.0,1.8499105545617174,559.0,1.0393205574912892,574.0
2026-03-15T21:00:00,18.124988516306843,217.7,1.8587656529516994,559.0,1.039425087108014,574.0
2026-03-15T22:00:00,18.952512998266897,230.8,1.870035778175313,559.0,1.021602787456446,574.0
2026-03-15T23:00:00,19.552141929900476,231.1,1.8067441860465117,559.0,1.1359756097560976,574.0
2026-03-16T00:00:00,17.859309542280837,257.8,15.913661202185793,549.0,3.2404761904761905,588.0
2026-03-16T01:00:00,18.05004135649297,241.8,4.6869409660107335,559.0,2.557823129251701,588.0
2026-03-16T02:00:00,17.80048076923077,228.8,2.91775956284153,549.0,2.492116182572614,626.6
2026-03-16T03:00:00,19.676923076923078,241.8,3.0,549.0,2.5547278911564626,588.0
2026-03-16T04:00:00,18.199007444168736,241.8,3.5570127504553732,549.0,3.361904761904762,588.0
2026-03-16T05:00:00,18.190570719602977,241.8,15.607650273224044,549.0,3.362857142857143,588.0
2026-03-16T06:00:00,18.157692307692308,228.8,14.39471766848816,549.0,2.5505272108843537,588.0
2026-03-16T07:00:00,18.39544513457557,241.5,15.441165755919855,549.0,2.5462585034013605,588.0
2026-03-16T08:00:00,17.358566433566434,228.8,21.629278951201748,549.2,1.2409251700680273,588.0
2026-03-16T09:00:00,20.61792803970223,241.8,16.666309012875537,559.2,1.2586938775510204,588.0
2026-03-16T10:00:00,19.16188811188811,228.8,14.956099781500365,549.2,1.255387755102041,588.0
2026-03-16T11:00:00,19.335235732009927,241.8,7.956937363437728,549.2,1.2603775510204083,588.0
2026-03-16T12:00:00,19.163068651778328,241.8,14.944683175528041,549.2,1.15,588.0
2026-03-16T13:00:00,20.467688130333592,257.8,3.814663023679417,549.0,1.2319642857142856,588.0
2026-03-16T14:00:00,19.132754342431763,241.8,7.770947176684881,549.0,1.2192857142857143,588.0
2026-03-16T15:00:00,19.26759219088937,230.5,4.445794392523364,535.0,1.2114634146341463,574.0
2026-03-16T16:00:00,19.23943600867679,230.5,8.3554,535.0,1.2167682926829269,574.0
2026-03-16T17:00:00,19.10022988505747,217.5,7.472476635514019,535.0,1.2150609756097561,574.0
2026-03-16T18:00:00,18.23774403470716,230.5,9.545794392523364,535.0,1.3417282229965157,574.0
2026-03-16T19:00:00,17.308505747126436,217.5,13.656728971962616,535.0,1.3746202090592334,574.0
2026-03-16T20:00:00,17.444597701149426,217.5,8.097663551401869,535.0,1.8994773519163763,574.0
2026-03-16T21:00:00,18.321041214750544,230.5,3.5797196261682243,535.0,1.468724738675958,574.0
2026-03-16T22:00:00,18.230802603036878,230.5,7.135607476635514,535.0,1.3745365853658538,574.0
2026-03-16T23:00:00,20.06896551724138,246.5,3.149065420560748,535.0,1.8980836236933798,574.0
2026-03-17T00:00:00,21.68299349240781,230.5,3.519902821902448,535.1,3.4481405344795366,535.1
2026-03-17T01:00:00,18.314758620689656,217.5,1.9055724780505285,558.1,6.621494513151019,574.1
2026-03-17T02:00:00,14.77103448275862,217.5,1.904766170937108,558.1,4.039410616012781,563.3
2026-03-17T03:00:00,14.907592190889371,230.5,1.928955384339724,558.1,1.9775929732760231,535.1
2026-03-17T04:00:00,14.655172413793103,217.5,1.910291689598239,545.1,5.845823210614839,535.1
2026-03-17T05:00:00,15.536551724137931,217.5,2.629882264997197,535.1,4.686226873481592,535.1
2026-03-17T06:00:00,22.754533622559652,230.5,3.3657946604551157,558.1,5.283984589983489,545.1
2026-03-17T07:00:00,22.79835140997831,230.5,16.882762945708656,558.1,1.873588962551514,558.1
2026-03-17T08:00:00,26.67374193548387,232.5,14.273486205661053,558.2,1.3893572548336526,574.1
2026-03-17T09:00:00,25.002277904328018,219.5,3.271643433602348,545.2,1.3891900365789933,574.1
2026-03-17T10:00:00,22.566742596810933,219.5,4.551458447991195,545.1,1.3873227660686291,574.1
2026-03-17T11:00:00,25.18709677419355,232.5,7.573463537000538,558.1,1.389301515415433,574.1
2026-03-17T12:00:00,24.435831435079727,219.5,4.704152557476386,561.1,1.39457199734572,602.8
2026-03-17T13:00:00,24.709032258064518,232.5,4.825378853858213,574.1,1.6446153846153846,582.4
2026-03-17T14:00:00,20.73508353221957,209.5,2.3044651496147646,558.1,2.0785925796899494,574.1
2026-03-17T15:00:00,21.414715261958996,219.5,2.273160887910475,545.1,2.0514544504441736,574.1
2026-03-17T16:00:00,25.85542168674699,207.5,2.5165740906647556,558.1,2.054903326946525,574.1
2026-03-17T17:00:00,29.486896551724136,217.5,2.7831590533847,545.1,1.9457086543630173,558.1
2026-03-17T18:00:00,28.84819277108434,207.5,7.1841142658073505,574.1,1.8457585786448354,574.1
2026-03-17T19:00:00,32.13253012048193,207.5,3.13115929044974,558.1,2.1951750566103465,574.1
2026-03-17T20:00:00,31.907218390804598,217.5,3.935853789643433,558.1,1.8618527145672819,558.1
2026-03-17T21:00:00,37.55772819472617,246.5,3.483626545897927,574.1,2.028722451173625,558.1
2026-03-17T22:00:00,38.462474645030426,246.5,2.740875912408759,575.4,2.027504031535567,558.1
2026-03-17T23:00:00,42.724137931034484,246.5,1.96179951270449,574.6,2.0252102410764343,535.1
2026-03-18T00:00:00,24.439168591224018,216.5,2.2724770642201837,545.0,13.423943399739342,537.1
2026-03-18T01:00:00,20.331390728476823,226.5,2.2702752293577984,545.0,4.062056074766355,535.0
2026-03-18T02:00:00,22.914260485651216,226.5,2.0,535.0,8.493831775700935,535.0
2026-03-18T03:00:00,22.914260485651216,226.5,1.7663700934579438,535.0,7.791824600520252,538.2
2026-03-18T04:00:00,22.901368653421635,226.5,2.632293577981651,545.0,12.325762711864407,536.9
2026-03-18T05:00:00,20.40309050772627,226.5,2.6339449541284403,545.0,12.99203738317757,535.0
2026-03-18T06:00:00,19.426048565121413,226.5,2.6321100917431193,545.0,14.47144908616188,536.2
2026-03-18T07:00:00,21.221346578366447,226.5,2.628691588785047,535.0,12.802597402597403,539.0
2026-03-18T08:00:00,20.965034642032332,216.5,2.6249532710280374,535.0,1.3906317757009345,535.0
2026-03-18T09:00:00,22.567461368653422,226.5,2.2700622938805424,545.8,1.4008635514018692,535.0
2026-03-18T10:00:00,22.400663615560642,218.5,2.6354891901795527,545.8,2.6400934579439252,535.0
2026-03-18T11:00:00,29.864145785876993,219.5,1.8039116892634666,545.8,12.459688073394496,545.0
2026-03-18T12:00:00,35.52847380410023,219.5,1.7571522935779817,545.0,13.303760747663551,535.0
2026-03-18T13:00:00,32.33257403189066,219.5,1.7555082568807339,545.0,11.042242990654206,535.0
2026-03-18T14:00:00,31.794691075514873,218.5,1.8157064220183485,545.0,14.29811214953271,535.0
2026-03-18T15:00:00,39.18290993071594,216.5,1.7953669724770642,545.0,14.471028037383178,535.0
2026-03-18T16:00:00,33.44896073903002,216.5,2.3430825688073393,545.0,22.44392523364486,535.0
2026-03-18T17:00:00,31.874364896073903,216.5,2.0,535.0,30.369719626168223,535.0
2026-03-18T18:00:00,20.858240997229917,216.6,5.545794392523365,535.0,15.534381308411215,535.0
2026-03-18T19:00:00,24.788175519630485,216.5,5.271028037383178,535.0,16.757383177570095,535.0
2026-03-18T20:00:00,20.965103926096997,216.5,5.594036697247707,545.0,22.938579439252337,535.0
2026-03-18T21:00:00,20.65161662817552,216.5,2.2532710280373833,535.0,33.31588785046729,535.0
2026-03-18T22:00:00,21.09729792147806,216.5,1.8395046728971962,535.0,26.77732710280374,535.0
2026-03-18T23:00:00,31.035103926096998,216.5,1.935215053763441,558.0,29.741457943925234,535.0
2026-03-19T00:00:00,44.23127982646421,230.5,13.542056074766355,535.0,12.449293966623877,545.3
2026-03-19T01:00:00,44.08650759219089,230.5,2.2067289719626166,535.0,2.7550706033376122,545.3
2026-03-19T02:00:00,44.015140997830805,230.5,2.781977570093458,535.0,3.8853166448720344,535.3
2026-03-19T03:00:00,70.28395537525356,246.5,3.562463551401869,535.0,5.472576125537082,535.3
2026-03-19T04:00:00,50.442559652928416,230.5,3.8885981308411215,535.0,12.298023538202877,535.3
2026-03-19T05:00:00,50.40832971800434,230.5,9.430919626168224,535.0,23.200156921352512,535.3
2026-03-19T06:00:00,35.18206896551724,217.5,14.566257943925233,535.0,18.256099383523257,535.3
2026-03-19T07:00:00,35.10114942528735,217.5,21.549065420560748,535.0,4.908249579674949,535.3
2026-03-19T08:00:00,32.56551724137931,217.5,14.806280373831775,535.0,1.669371305749597,558.3
2026-03-19T09:00:00,29.86110843373494,207.5,13.462616822429906,535.0,1.6721655024180548,558.3
2026-03-19T10:00:00,34.10344827586207,217.5,13.542056074766355,535.0,3.517466841023725,535.3
2026-03-19T11:00:00,34.1000459770115,217.5,2.4585719626168223,535.0,3.2563758640014946,535.3
2026-03-19T12:00:00,30.673655172413792,217.5,2.628317757009346,535.0,10.987857276293667,535.3
2026-03-19T13:00:00,33.76572668112798,230.5,3.1434579439252337,535.0,6.068070240986363,535.3
2026-03-19T14:00:00,26.295614457831324,207.5,2.278853046594982,558.0,13.560769661871847,535.3
2026-03-19T15:00:00,28.988505747126435,217.5,1.8725233644859813,535.0,19.2935101812068,535.3
2026-03-19T16:00:00,22.138252873563218,217.5,2.639409174311927,545.0,12.621894264898188,535.3
2026-03-19T17:00:00,25.0,217.5,2.5,535.0,12.485897671006786,545.3
2026-03-19T18:00:00,29.22993492407809,230.5,3.8026168224299064,535.0,3.1437578362887337,558.3
2026-03-19T19:00:00,30.658620689655173,217.5,3.0,545.0,2.6923210865401357,574.3
2026-03-19T20:00:00,25.765931034482758,217.5,2.8944859813084114,535.0,2.722550600035823,558.3
2026-03-19T21:00:00,26.091402298850575,217.5,2.6206542056074764,535.0,2.7105498835751387,558.3
2026-03-19T22:00:00,28.95835140997831,230.5,2.62,535.0,2.7200429876410532,558.3
2026-03-19T23:00:00,27.875862068965517,217.5,2.2586915887850467,535.0,3.1976500089557587,558.3
2026-03-20T00:00:00,26.955531453362255,230.5,3.0,546.0,16.66062717770035,574.0
2026-03-20T01:00:00,27.162689804772235,230.5,2.382583955223881,536.0,12.409898954703833,574.0
2026-03-20T02:00:00,26.20182555780933,246.5,2.309051282051282,546.0,12.667770034843205,574.0
2026-03-20T03:00:00,26.7165726681128,230.5,2.642938432835821,536.0,12.635191637630662,574.0
2026-03-20T04:00:00,27.39696312364425,230.5,2.867664835164835,546.0,16.727414634146342,574.0
2026-03-20T05:00:00,27.819088937093277,230.5,5.342350746268656,536.0,16.26829268292683,574.0
2026-03-20T06:00:00,27.090466531440164,246.5,7.811091234347049,559.0,12.656344947735192,574.0
2026-03-20T07:00:00,27.653914807302233,246.5,7.980679785330948,559.0,8.301393728222996,574.0
2026-03-20T08:00:00,27.662611516626114,246.6,7.047227191413238,559.0,3.5694128919860626,574.0
2026-03-20T09:00:00,28.27765726681128,230.5,8.22471304347826,575.0,3.5597996515679444,574.0
2026-03-20T10:00:00,28.335632183908046,217.5,7.732872987477639,559.0,3.5660574912891985,574.0
2026-03-20T11:00:00,28.07816091954023,217.5,3.6691055456171737,559.0,3.547909407665505,574.0
2026-03-20T12:00:00,28.05048275862069,217.5,3.095695970695971,546.0,3.5040243902439023,574.0
2026-03-20T13:00:00,27.869674620390455,230.5,2.6735641025641024,546.0,8.040662020905923,574.0
2026-03-20T14:00:00,23.861333333333334,217.5,4.786567164179105,536.0,8.103885017421602,574.0
2026-03-20T15:00:00,24.187852494577008,230.5,4.353675373134329,536.0,9.677317073170732,574.0
2026-03-20T16:00:00,24.106290672451195,230.5,4.383241758241758,546.0,12.188397212543554,574.0
2026-03-20T17:00:00,23.24137931034483,217.5,4.259738805970149,536.0,12.134216027874565,574.0
2026-03-20T18:00:00,27.42528735632184,217.5,4.829813432835821,536.0,8.071193379790941,574.0
2026-03-20T19:00:00,20.038329718004338,230.5,6.744962686567164,536.0,12.166724738675958,574.0
2026-03-20T20:00:00,22.50344827586207,217.5,5.076307692307692,559.0,8.189616724738675,574.0
2026-03-20T21:00:00,19.51711496746204,230.5,3.4858955223880597,536.0,12.273170731707317,574.0
2026-03-20T22:00:00,19.628308026030368,230.5,4.15,546.0,12.282229965156795,574.0
2026-03-20T23:00:00,23.648843813387423,246.5,3.5220149253731345,536.0,9.841463414634147,574.0
2026-03-21T00:00:00,26.188872017353578,230.5,2.1343475151948517,559.4,4.929215053763441,558.0
2026-03-21T01:00:00,23.159652928416484,230.5,2.1164628040057223,559.2,2.494440961337513,574.2
2026-03-21T02:00:00,22.39002169197397,230.5,2.2144134477825466,559.2,3.8718989547038327,574.0
2026-03-21T03:00:00,22.307586206896552,217.5,2.1966272600834493,575.2,5.063893728222997,574.0
2026-03-21T04:00:00,22.351724137931033,217.5,2.120118025751073,559.2,5.034452961672474,574.0
2026-03-21T05:00:00,22.985255854293147,230.6,2.14490611961057,575.2,5.106020905923345,574.0
2026-03-21T06:00:00,20.285357917570497,230.5,2.4724964234620885,559.2,4.9406075268817204,558.0
2026-03-21T07:00:00,22.408207343412528,231.5,2.9135944206008584,559.2,3.8557455197132615,558.0
2026-03-21T08:00:00,19.41561555075594,231.5,3.1438747826086955,575.0,3.285142857142857,574.0
2026-03-21T09:00:00,19.655507559395247,231.5,3.3130434782608695,575.0,2.224222222222222,558.0
2026-03-21T10:00:00,19.59539956803456,231.5,3.725217391304348,575.0,2.2451541218637994,558.0
2026-03-21T11:00:00,22.265658747300215,231.5,2.848626086956522,575.0,2.210898641588297,574.2
2026-03-21T12:00:00,23.246464646464645,247.5,2.4736973913043476,575.0,2.3915505226480835,574.0
2026-03-21T13:00:00,23.21818181818182,247.5,2.4794921739130436,575.0,3.3856720430107528,558.0
2026-03-21T14:00:00,19.55732181425486,231.5,2.9645545617173523,559.0,3.1736062717770035,574.0
2026-03-21T15:00:00,20.39330453563715,231.5,2.508208695652174,575.0,3.9795296167247387,574.0
2026-03-21T16:00:00,20.114439359267735,218.5,2.4676543209876542,575.1,5.056362369337979,574.0
2026-03-21T17:00:00,23.446864988558353,218.5,2.2533977110157366,559.2,5.018992831541219,558.0
2026-03-21T18:00:00,22.22695652173913,218.5,3.3051077885952713,575.2,5.029903225806452,558.0
2026-03-21T19:00:00,22.46558352402746,218.5,3.0591098748261474,575.2,5.025677419354839,558.0
2026-03-21T20:00:00,22.389656750572083,218.5,3.1845618915159943,575.2,5.067121951219512,574.0
2026-03-21T21:00:00,22.411350114416475,218.5,2.6002260083449236,575.2,5.0641341463414635,574.0
2026-03-21T22:00:00,23.101281464530892,218.5,2.4900417246175244,575.2,5.018634408602151,558.0
2026-03-21T23:00:00,23.161601830663617,218.5,2.094895688456189,575.2,5.029198924731182,558.0
2026-03-22T00:00:00,18.733949425287356,217.5,3.0,559.0,8.434408602150537,558.0
2026-03-22T01:00:00,18.89804772234273,230.5,2.324186046511628,559.0,4.028231707317073,574.0
2026-03-22T02:00:00,18.78524945770065,230.5,2.3217486338797815,549.0,3.9655923344947737,574.0
2026-03-22T03:00:00,18.924137931034483,217.5,2.36520572450805,559.0,4.028231707317073,574.0
2026-03-22T04:00:00,18.915218390804597,217.5,2.8147942754919497,559.0,4.689672473867596,574.0
2026-03-22T05:00:00,18.880694143167027,230.5,2.7926190476190476,546.0,8.255052264808363,574.0
2026-03-22T06:00:00,18.36386984815618,230.5,3.0614669051878356,559.0,4.032292682926829,574.0
2026-03-22T07:00:00,19.1117136659436,230.5,4.120286225402505,559.0,2.6503658536585366,574.0
2026-03-22T08:00:00,18.925032537960956,230.5,4.121347905282332,549.0,2.6969354838709676,558.0
2026-03-22T09:00:00,19.18177874186551,230.5,4.512454212454212,546.0,2.962931899641577,558.0
2026-03-22T10:00:00,19.434273318872016,230.5,4.465739130434782,575.0,2.2094086021505377,558.0
2026-03-22T11:00:00,19.456832971800434,230.5,4.105545617173524,559.0,13.222429906542056,535.0
2026-03-22T12:00:00,28.40235294117647,246.5,3.7229565217391305,575.0,11.965724770642202,545.0
2026-03-22T13:00:00,22.87409978308026,230.5,3.451019677996422,559.0,11.945440366972477,545.0
2026-03-22T14:00:00,22.881908893709326,230.5,3.4474776386404296,559.0,11.844963302752294,545.0
2026-03-22T15:00:00,21.56347071583514,230.5,3.4530590339892666,559.0,11.608172043010752,558.0
2026-03-22T16:00:00,21.232827586206895,217.5,3.4443130434782607,575.0,11.531326164874551,558.0
2026-03-22T17:00:00,21.447172413793105,217.5,3.277313432835821,536.0,11.314076655052265,574.0
2026-03-22T18:00:00,23.048361445783133,207.5,4.189565217391304,575.0,8.25644599303136,574.0
2026-03-22T19:00:00,23.338666666666665,217.5,3.798568872987478,559.0,8.265163763066202,574.0
2026-03-22T20:00:00,23.82896551724138,217.5,3.5973217391304346,575.0,8.289696864111498,574.0
2026-03-22T21:00:00,23.870344827586205,217.5,3.0612591304347827,575.0,8.263777003484321,574.0
2026-03-22T22:00:00,23.90344827586207,217.5,2.6886260869565217,575.0,8.266550522648084,574.0
2026-03-22T23:00:00,26.588045977011493,217.5,1.5858782608695652,575.0,9.993075268817204,558.0
2026-03-23T00:00:00,26.926681127982647,230.5,4.654761904761905,546.0,10.036714018691589,535.0
2026-03-23T01:00:00,26.974403470715835,230.5,2.821978021978022,546.0,14.307333333333334,558.0
2026-03-23T02:00:00,26.926681127982647,230.5,3.04337030411449,559.0,7.078249103942652,558.0
2026-03-23T03:00:00,26.70715835140998,230.5,3.082797853309481,559.0,10.299955963302752,545.0
2026-03-23T04:00:00,26.745336225596528,230.5,3.0,546.0,8.932904587155964,545.0
2026-03-23T05:00:00,26.563991323210413,230.5,2.7321828358208955,536.0,9.708757798165138,545.0
2026-03-23T06:00:00,33.954850574712644,217.5,2.788131868131868,546.0,5.238464220183486,545.0
2026-03-23T07:00:00,37.8498313253012,207.5,3.082362637362637,546.0,2.8044773519163764,574.0
2026-03-23T08:00:00,34.375264367816094,217.5,8.381639925373134,536.0,2.0879059233449477,574.0
2026-03-23T09:00:00,41.326247288503254,230.5,3.3632558139534883,559.0,2.4610035842293905,558.0
2026-03-23T10:00:00,33.54675862068966,217.5,3.282490161001789,559.0,2.1,545.0
2026-03-23T11:00:00,41.41431670281996,230.5,3.078921739130435,575.0,2.0822043010752687,558.0
2026-03-23T12:00:00,33.095531453362256,230.5,3.0784695652173912,575.0,2.415108256880734,545.0
2026-03-23T13:00:00,32.813015184381776,230.5,3.392086956521739,575.0,2.523908256880734,545.0
2026-03-23T14:00:00,32.80537960954447,230.5,3.078608695652174,575.0,2.3857706093189965,558.0
2026-03-23T15:00:00,32.51331887201735,230.5,3.0,575.0,3.913182795698925,558.0
2026-03-23T16:00:00,33.236137931034484,217.5,3.0782608695652174,575.0,7.138658536585366,574.0
2026-03-23T17:00:00,32.802429501084596,230.5,3.3921739130434783,575.0,2.521943119266055,545.0
2026-03-23T18:00:00,25.37527114967462,230.5,4.0,575.0,8.196979439252337,535.0
2026-03-23T19:00:00,25.145596529284166,230.5,4.181739130434782,575.0,5.2323439252336446,535.0
2026-03-23T20:00:00,25.253101952277657,230.5,4.188782608695652,575.0,5.2323439252336446,535.0
2026-03-23T21:00:00,25.2634273318872,230.5,3.792869565217391,575.0,6.1024,535.0
2026-03-23T22:00:00,25.33002169197397,230.5,3.3904347826086956,575.0,5.345128971962617,535.0
2026-03-23T23:00:00,25.263817787418656,230.5,3.358358260869565,575.0,6.886467289719626,535.0
2026-03-24T00:00:00,19.49748784440843,246.8,4.28031212484994,583.1,9.556248916623332,576.9
2026-03-24T01:00:00,19.24783362218371,230.8,3.0707317073170732,574.0,9.533467966573816,574.4
2026-03-24T02:00:00,19.268630849220106,230.8,3.179094076655052,574.0,9.563718662952645,574.4
2026-03-24T03:00:00,18.816045380875202,246.8,3.2846759581881533,574.0,8.906685236768801,574.4
2026-03-24T04:00:00,18.817050243111833,246.8,4.265505226480836,574.0,8.906685236768801,574.4
2026-03-24T05:00:00,18.74100486223663,246.8,4.241114982578397,574.0,8.90842618384401,574.4
2026-03-24T06:00:00,19.459724473257697,246.8,4.240853658536586,574.0,8.906685236768801,574.4
2026-03-24T07:00:00,19.082755632582323,230.8,6.6137708913649025,574.4,8.90842618384401,574.4
2026-03-24T08:00:00,19.339586709886547,246.8,6.633870967741935,620.0,8.319455922865014,580.8
2026-03-24T09:00:00,19.855264298093587,230.8,7.231191885038039,591.5,9.976149025069638,574.4
2026-03-24T10:00:00,20.014796360485267,230.8,7.298982188295166,589.5,8.876317153221628,578.9
2026-03-24T11:00:00,19.835896880415945,230.8,7.320743507044645,589.1,12.970055710306406,574.4
2026-03-24T12:00:00,19.198440207972272,230.8,5.983275376718,603.9,12.88649025069638,574.4
2026-03-24T13:00:00,19.72991767764298,230.8,5.335500760006756,592.1,12.153769150417828,574.4
2026-03-24T14:00:00,19.75359618717504,230.8,4.1499250374812595,600.3,12.058321727019498,574.4
2026-03-24T15:00:00,19.826603119584057,230.8,4.970682451253482,574.4,12.108593314763231,574.4
2026-03-24T16:00:00,19.802556325823225,230.8,5.014599765061252,595.9,12.003363509749304,574.4
2026-03-24T17:00:00,20.24196510560147,217.8,5.019150417827298,574.4,12.580383008356545,574.4
2026-03-24T18:00:00,19.822963604852685,230.8,5.428447075208914,574.4,9.600452646239555,574.4
2026-03-24T19:00:00,19.34643435980551,246.8,5.677981651376147,599.5,8.047701949860723,574.4
2026-03-24T20:00:00,19.991529462738303,230.8,5.334350627331299,589.8,8.029048530179162,574.9
2026-03-24T21:00:00,19.473885737439222,246.8,5.310594702648675,600.3,8.025917550878413,574.9
2026-03-24T22:00:00,19.506928687196112,246.8,5.012958775439206,574.9,8.025917550878413,574.9
2026-03-24T23:00:00,19.858080589254765,230.8,3.010801393728223,574.0,8.05881892503044,574.9
2026-03-25T00:00:00,23.827180527383366,246.5,2.601576303481725,577.3,6.357390243902439,574.0
2026-03-25T01:00:00,24.054361054766733,246.5,2.2910739650095273,577.3,3.6640383275261326,574.0
2026-03-25T02:00:00,23.513083164300202,246.5,2.30668629828512,577.3,3.662850174216028,574.0
2026-03-25T03:00:00,21.52951318458418,246.5,2.277931751255846,577.3,4.781637630662021,574.0
2026-03-25T04:00:00,21.528174442190668,246.5,2.218831284518083,561.3,6.39240243902439,574.0
2026-03-25T05:00:00,21.527058823529412,246.5,2.2503374065292725,548.3,8.036933797909407,574.0
2026-03-25T06:00:00,23.433995943204867,246.5,2.39511519140828,577.3,6.201395470383275,574.0
2026-03-25T07:00:00,25.746288032454363,246.5,2.394595530919799,577.3,6.104649825783972,574.0
2026-03-25T08:00:00,23.37817444219067,246.5,2.390700160342063,561.3,6.108,574.0
2026-03-25T09:00:00,23.357241379310345,246.5,2.402939604489578,561.3,3.529501742160279,574.0
2026-03-25T10:00:00,23.329330628803245,246.5,2.4079280242294674,561.3,1.6632682926829268,574.0
2026-03-25T11:00:00,22.851359026369167,246.5,2.4072153928380544,561.3,2.4427700348432055,574.0
2026-03-25T12:00:00,18.285639913232103,230.5,2.405006235524675,561.3,2.5752369337979095,574.0
2026-03-25T13:00:00,20.17160243407708,246.5,2.6323402043997923,577.3,2.5604564459930312,574.0
2026-03-25T14:00:00,17.969127789046652,246.5,2.4122120214793004,577.3,2.469810104529617,574.0
2026-03-25T15:00:00,20.180933062880325,246.5,2.39025476572243,561.3,2.462317073170732,574.0
2026-03-25T16:00:00,20.552535496957404,246.5,2.625411397886714,577.3,3.7513101045296167,574.0
2026-03-25T17:00:00,20.164425162689806,230.5,2.617636330476017,548.3,5.988510452961672,574.0
2026-03-25T18:00:00,17.9446420824295,230.5,3.0884265279583873,538.3,7.097240418118467,574.0
2026-03-25T19:00:00,19.172295010845986,230.5,2.8457960970271747,548.3,7.057414634146341,574.0
2026-03-25T20:00:00,17.938394793926246,230.5,2.8493525442276124,548.3,7.14901393728223,574.0
2026-03-25T21:00:00,19.75830802603037,230.5,2.253346708006566,548.3,7.170254355400697,574.0
2026-03-25T22:00:00,18.505639913232105,230.5,2.611972207375735,561.3,7.163445993031359,574.0
2026-03-25T23:00:00,20.0,230.5,2.2097986816319257,561.3,6.947761324041812,574.0
2026-03-26T00:00:00,15.0,230.5,1.3446310523494729,559.7,2.1137449921616445,574.1
2026-03-26T01:00:00,15.0,230.5,1.2144899053064142,559.7,2.1085475444096136,574.2
2026-03-26T02:00:00,14.032183908045978,217.5,1.2432910487761302,559.7,2.109505312663299,574.1
2026-03-26T03:00:00,15.0,230.5,1.2241739130434783,575.0,2.106280487804878,574.0
2026-03-26T04:00:00,15.238177874186551,230.5,1.222991304347826,575.0,2.3528745644599303,574.0
2026-03-26T05:00:00,15.240780911062906,230.5,1.5,559.0,2.3554006968641117,574.0
2026-03-26T06:00:00,14.685986206896551,217.5,1.3284293381037566,559.0,1.7471498257839722,574.0
2026-03-26T07:00:00,14.663972413793104,217.5,1.3578069216757742,549.0,1.7534843205574913,574.0
2026-03-26T08:00:00,14.663972413793104,217.5,1.6669175824175824,546.0,1.5210871080139372,574.0
2026-03-26T09:00:00,15.201949425287356,217.5,2.63489010989011,546.0,1.7104634146341464,574.0
2026-03-26T10:00:00,14.096443373493976,207.5,1.634981684981685,546.0,1.8523344947735192,574.0
2026-03-26T11:00:00,14.049370932754881,230.5,2.2268131868131866,546.0,2.0,574.0
2026-03-26T12:00:00,16.233328735632185,217.5,1.4828521739130436,575.0,1.7928763440860216,558.0
2026-03-26T13:00:00,15.923218390804598,217.5,2.262086956521739,575.0,1.7388387096774194,558.0
2026-03-26T14:00:00,15.592606896551723,217.5,1.4688695652173913,575.0,1.7818466898954703,574.0
2026-03-26T15:00:00,14.113253012048192,207.5,1.3275895652173912,575.0,1.78801393728223,574.0
2026-03-26T16:00:00,14.232385542168675,207.5,1.5287906976744186,559.0,1.884822299651568,574.0
2026-03-26T17:00:00,14.264192771084337,207.5,1.444200357781753,559.0,2.0437142857142856,574.0
2026-03-26T18:00:00,15.211144839549002,230.6,3.4941831501831504,546.0,1.8929749103942652,558.0
2026-03-26T19:00:00,15.521475054229935,230.5,3.369047619047619,546.0,1.8761594982078853,558.0
2026-03-26T20:00:00,15.256399132321041,230.5,3.1694139194139193,546.0,1.8650179211469533,558.0
2026-03-26T21:00:00,15.512798264642083,230.5,1.9368515205724508,559.0,1.7943379790940766,574.0
2026-03-26T22:00:00,14.110843373493976,207.5,1.558103756708408,559.0,1.8546515679442508,574.0
2026-03-26T23:00:00,14.07816091954023,217.5,1.386339892665474,559.0,3.2157798165137614,545.0
2026-03-27T00:00:00,14.901952277657267,230.5,3.0298536585365854,574.0,3.205130662020906,574.0
2026-03-27T01:00:00,14.863991323210412,230.5,2.470048780487805,574.0,3.174390243902439,574.0
2026-03-27T02:00:00,15.488937093275489,230.5,2.4645853658536585,574.0,2.505104529616725,574.0
2026-03-27T03:00:00,15.48112798264642,230.5,2.8862979094076655,574.0,2.0999059233449477,574.0
2026-03-27T04:00:00,14.871583514099783,230.5,2.5688,535.0,2.17287456445993,574.0
2026-03-27T05:00:00,14.85943600867679,230.5,2.9294605504587157,545.0,2.1793310104529615,574.0
2026-03-27T06:00:00,15.822837310195228,230.5,3.4770752293577982,545.0,1.9952439024390245,574.0
2026-03-27T07:00:00,15.920312364425163,230.5,5.852688172043011,558.0,1.9782578397212545,574.0
2026-03-27T08:00:00,14.621737931034483,217.5,8.01720430107527,558.0,1.8085365853658537,574.0
2026-03-27T09:00:00,14.207820689655172,217.5,8.3,535.0,1.9764390243902439,574.0
2026-03-27T10:00:00,14.627889655172414,217.5,4.174485981308411,535.0,1.3573937282229964,574.0
2026-03-27T11:00:00,14.628754022988506,217.5,4.561121495327103,535.0,1.3929200766150096,574.3
2026-03-27T12:00:00,15.42,217.5,4.1499082568807335,545.0,1.2704250871080138,574.0
2026-03-27T13:00:00,15.148767816091954,217.5,4.129032258064516,558.0,1.9673867595818815,574.0
2026-03-27T14:00:00,15.123724137931035,217.5,4.116845878136201,558.0,2.06794425087108,574.0
2026-03-27T15:00:00,15.0,217.5,3.6269390681003584,558.0,2.058850174216028,574.0
2026-03-27T16:00:00,15.42206896551724,217.5,3.956951219512195,574.0,2.068362369337979,574.0
2026-03-27T17:00:00,14.58286896551724,217.5,3.9250801393728225,574.0,2.5378397212543553,574.0
2026-03-27T18:00:00,14.667661605206074,230.5,5.268364011697918,581.3,3.910853658536585,574.0
2026-03-27T19:00:00,14.236524137931035,217.5,6.024372759856631,558.0,3.495060975609756,574.0
2026-03-27T20:00:00,14.245131034482759,217.5,5.63731182795699,558.0,1.9282648083623692,574.0
2026-03-27T21:00:00,14.248059770114942,217.5,5.23834229390681,558.0,1.927439024390244,574.0
2026-03-27T22:00:00,14.675960954446854,230.5,5.522369337979094,574.0,1.9394425087108014,574.0
2026-03-27T23:00:00,14.682303687635574,230.5,4.055525547445256,548.0,1.7697926829268293,574.0
2026-03-28T00:00:00,14.162650602409638,207.5,1.8747043010752689,558.0,1.3266114982578396,574.0
2026-03-28T01:00:00,14.180655421686748,207.5,1.2968780487804878,574.0,1.2571620209059233,574.0
2026-03-28T02:00:00,14.1,207.5,1.2968780487804878,574.0,1.2982195121951219,574.0
2026-03-28T03:00:00,14.5983908045977,217.5,1.2533870967741936,558.0,1.2565365853658537,574.0
2026-03-28T04:00:00,14.5983908045977,217.5,1.2539247311827957,558.0,1.3048954703832754,574.0
2026-03-28T05:00:00,14.599080459770114,217.5,1.3682652329749103,558.0,1.3340731707317073,574.0
2026-03-28T06:00:00,15.98096551724138,217.5,1.3664516129032258,558.0,1.1650174216027875,574.0
2026-03-28T07:00:00,15.982620689655173,217.5,2.4355340501792115,558.0,1.1650174216027875,574.0
2026-03-28T08:00:00,15.98151724137931,217.5,2.447827956989247,558.0,1.164904181184669,574.0
2026-03-28T09:00:00,15.665747126436782,217.5,1.398700716845878,558.0,1.164329268292683,574.0
2026-03-28T10:00:00,18.69831325301205,207.5,2.811903225806452,558.0,1.164642857142857,574.0
2026-03-28T11:00:00,18.708867469879518,207.5,2.7999128919860627,574.0,1.1650261324041813,574.0
2026-03-28T12:00:00,19.419034482758622,217.5,2.5439749103942653,558.0,1.2983414634146342,574.0
2026-03-28T13:00:00,18.631080459770114,217.5,2.4313189964157704,558.0,1.2990487804878048,574.0
2026-03-28T14:00:00,19.424,217.5,2.4534146341463416,574.0,1.298390243902439,574.0
2026-03-28T15:00:00,20.03421686746988,207.5,2.554231707317073,574.0,1.3538466898954704,574.0
2026-03-28T16:00:00,15.375792771084337,207.5,2.5264175627240144,558.0,1.7891289198606273,574.0
2026-03-28T17:00:00,15.819770114942528,217.5,1.3094668989547038,574.0,1.7789547038327527,574.0
2026-03-28T18:00:00,14.60833103448276,217.5,1.430871080139373,574.0,1.3418815331010452,574.0
2026-03-28T19:00:00,14.609737931034482,217.5,1.427741935483871,558.0,1.2516724738675957,574.0
2026-03-28T20:00:00,14.60903448275862,217.5,1.3472043010752688,558.0,1.2448919860627177,574.0
2026-03-28T21:00:00,14.15008275862069,217.5,1.3001326164874552,558.0,1.2387700348432056,574.0
2026-03-28T22:00:00,14.109655172413794,217.5,1.2967317073170732,574.0,1.2385923344947736,574.0
2026-03-28T23:00:00,14.1072,217.5,1.4111899641577061,558.0,1.7594425087108014,574.0
2026-03-29T00:00:00,13.248590021691975,230.5,4.239065420560748,535.0,1.4221655052264808,574.0
2026-03-29T01:00:00,12.328,230.5,3.14196261682243,535.0,1.30801393728223,574.0
2026-03-29T02:00:00,12.355774403470717,230.5,2.744299065420561,535.0,1.3,574.0
2026-03-29T03:00:00,12.360824295010845,230.5,3.0,535.0,1.323240418118467,574.0
2026-03-29T04:00:00,11.903158620689656,217.5,3.147570093457944,535.0,1.4,574.0
2026-03-29T05:00:00,13.147939262472885,230.5,3.7528971962616824,535.0,1.2544599303135888,574.0
2026-03-29T06:00:00,13.12885032537961,230.5,4.858598130841122,535.0,1.3,574.0
2026-03-29T07:00:00,13.398698481561823,230.5,4.14785046728972,535.0,1.182212543554007,574.0
2026-03-29T08:00:00,13.182646420824295,230.5,4.143084112149532,535.0,1.1638501742160279,574.0
2026-03-29T09:00:00,13.20173535791757,230.5,4.142803738317757,535.0,1.1198327526132403,574.0
2026-03-29T10:00:00,13.32711496746204,230.5,4.8771028037383175,535.0,1.0449032258064517,558.0
2026-03-29T11:00:00,14.125526436781609,217.5,6.229906542056074,535.0,1.263588850174216,574.0
2026-03-29T12:00:00,14.168,230.5,5.0,535.0,1.2345696864111497,574.0
2026-03-29T13:00:00,14.057396963123644,230.5,6.236074766355141,535.0,1.3267073170731707,574.0
2026-03-29T14:00:00,14.21110601193208,217.9,6.176168224299065,535.0,1.4,574.0
2026-03-29T15:00:00,14.159708295350956,219.4,6.185046728971963,535.0,1.4,574.0
2026-03-29T16:00:00,13.549122807017543,222.3,7.03373831775701,535.0,1.45198606271777,574.0
2026-03-29T17:00:00,13.109761388286334,230.5,4.131028037383177,535.0,1.4507317073170731,574.0
2026-03-29T18:00:00,13.366160520607375,230.5,4.143084112149532,535.0,1.3066898954703832,574.0
2026-03-29T19:00:00,13.364384748700173,230.8,3.507663551401869,535.0,1.2334668989547037,574.0
2026-03-29T20:00:00,13.153145336225597,230.5,3.908411214953271,535.0,1.2331010452961673,574.0
2026-03-29T21:00:00,13.224295010845987,230.5,3.5056880733944955,545.0,1.1864247311827958,558.0
2026-03-29T22:00:00,13.211096662332032,230.7,3.510091743119266,545.0,1.2345698924731183,558.0
2026-03-30T00:00:00,13.499457471264368,217.5,5.092803738317757,535.0,1.642588850174216,574.0
2026-03-30T01:00:00,14.16576091954023,217.5,4.789906542056075,535.0,1.5064808362369337,574.0
2026-03-30T02:00:00,14.146637744034708,230.5,4.7768224299065425,535.0,1.5053658536585366,574.0
2026-03-30T03:00:00,14.16,217.5,4.534579439252337,535.0,1.5034146341463415,574.0
2026-03-30T04:00:00,14.010574712643677,217.5,5.418691588785046,535.0,1.6517770034843207,574.0
2026-03-30T05:00:00,14.172413793103448,217.5,5.44785046728972,535.0,1.6514982578397213,574.0
2026-03-30T06:00:00,15.014252873563219,217.5,6.779813084112149,535.0,1.6512891986062719,574.0
2026-03-30T07:00:00,15.639080459770115,217.5,6.7921495327102805,535.0,1.5504878048780488,574.0
2026-03-30T08:00:00,15.80173535791757,230.5,14.407102803738319,535.0,1.3287108013937283,574.0
2026-03-30T09:00:00,17.34896551724138,217.5,4.813495327102804,535.0,1.3283623693379791,574.0
2026-03-30T10:00:00,15.857471264367817,217.5,14.212429906542056,535.0,1.4426829268292682,574.0
2026-03-30T11:00:00,15.851034482758621,217.5,10.49607476635514,535.0,1.3434285714285714,574.0
2026-03-30T12:00:00,15.702988505747127,217.5,13.048934579439253,535.0,1.3259407665505227,574.0
2026-03-30T13:00:00,16.76702819956616,230.5,8.055327102803739,535.0,1.4417247386759582,574.0
2026-03-30T14:00:00,18.30412147505423,230.5,10.14018691588785,535.0,1.6498606271777003,574.0
2026-03-30T15:00:00,15.646896551724138,217.5,8.048589048775929,535.1,1.337752613240418,574.0
2026-03-30T16:00:00,15.617241379310345,217.5,10.60325172864885,535.1,1.3371864111498257,574.0
2026-03-30T17:00:00,15.904096385542168,207.5,8.836697247706422,545.0,1.575,574.0
2026-03-30T18:00:00,16.80744827586207,217.5,14.577570093457943,535.0,1.5770905923344947,574.0
2026-03-30T19:00:00,17.72551724137931,217.5,27.274317757009346,535.0,1.4741637630662021,574.0
2026-03-30T20:00:00,19.12919540229885,217.5,8.091214953271027,535.0,1.3359407665505227,574.0
2026-03-30T21:00:00,18.279310344827586,217.5,5.526355140186916,535.0,1.3406968641114982,574.0
2026-03-30T22:00:00,16.730206896551724,217.5,8.4415770609319,558.0,1.3371864111498257,574.0
2026-03-30T23:00:00,16.485542168674698,207.5,10.546168224299066,535.0,1.336506968641115,574.0
2026-03-31T00:00:00,16.751409978308025,230.5,3.4367741935483873,558.0,1.2726132404181185,574.0
2026-03-31T01:00:00,15.846420824295011,230.5,2.492198165137615,545.0,1.285993031358885,574.0
2026-03-31T02:00:00,16.529718004338395,230.5,2.245051376146789,545.0,1.3,574.0
2026-03-31T03:00:00,18.240780911062906,230.5,2.637516129032258,558.0,1.3,574.3
2026-03-31T04:00:00,15.662068965517241,217.5,2.8574910394265234,558.0,1.3,575.4
2026-03-31T05:00:00,14.873563218390805,217.5,2.5505100917431194,545.0,1.3,575.4
2026-03-31T06:00:00,14.898850574712643,217.5,4.461651376146789,545.0,1.328484953905027,574.9
2026-03-31T07:00:00,28.567895878524947,230.5,4.481100917431193,545.0,1.3014390243902438,574.0
2026-03-31T08:00:00,18.413793103448278,217.5,5.758691588785047,535.0,1.2993658536585366,574.0
2026-03-31T09:00:00,17.466206896551725,217.5,5.9289719626168225,535.0,1.2559581881533102,574.0
2026-03-31T10:00:00,21.486896551724136,217.5,4.480373831775701,535.0,1.2686384976525822,575.1
2026-03-31T11:00:00,18.19494252873563,217.5,4.480747663551402,535.0,1.2566898954703833,574.0
2026-03-31T12:00:00,16.35277108433735,207.5,4.486355140186916,535.0,1.1,574.0
2026-03-31T13:00:00,16.36,207.5,3.1475963302752294,545.0,1.1270383275261324,574.0
2026-03-31T14:00:00,16.444137931034483,217.5,13.179065420560748,535.0,1.2651757744517926,574.6
2026-03-31T15:00:00,17.581609195402297,217.5,4.1220560747663555,535.0,1.1575199722125737,575.8
2026-03-31T16:00:00,17.893793103448274,217.5,4.200418118466899,574.0,1.159881903438694,575.8
2026-03-31T17:00:00,16.438620689655174,217.5,4.379790940766551,574.0,1.2930653004515458,575.8
2026-03-31T18:00:00,16.442758620689656,217.5,4.419713261648745,558.0,1.265508857242098,575.8
2026-03-31T19:00:00,16.66390804597701,217.5,9.100917431192661,545.0,1.2655175408127821,575.8
2026-03-31T20:00:00,16.451034482758622,217.5,4.091390825688073,545.0,1.1290137415202643,574.9
2026-03-31T21:00:00,17.02344827586207,217.5,4.640860215053763,558.0,1.237740476604627,574.9
2026-03-31T22:00:00,16.871724137931036,217.5,6.055116487455197,558.0,1.2143603506888532,558.9
2026-03-31T23:00:00,17.55862068965517,217.5,4.635688073394496,545.0,1.376868809730669,575.5
2026-04-01T00:00:00,19.801750547045952,228.5,2.7739255319148937,564.0,3.0706998223801065,563.0
2026-04-01T01:00:00,19.653829321663018,228.5,2.40209756097561,574.0,3.3335808170515095,563.0
2026-04-01T02:00:00,16.3,212.5,2.61294425087108,574.0,1.438095238095238,567.0
2026-04-01T03:00:00,16.31124705882353,212.5,2.402439024390244,574.0,3.0898685612788634,563.0
2026-04-01T04:00:00,16.270776470588235,212.5,2.4174634146341463,574.0,3.8607282415630553,563.0
2026-04-01T05:00:00,16.286964705882355,212.5,2.6470243902439026,574.0,4.5895275310834815,563.0
2026-04-01T06:00:00,14.411764705882353,212.5,2.7487142857142857,574.0,3.9561371841155233,554.0
2026-04-01T07:00:00,15.782117647058824,212.5,2.937212543554007,574.0,1.4422857142857144,567.0
2026-04-01T08:00:00,15.768,212.5,2.7695993031358883,574.0,1.3688118466898955,574.0
2026-04-01T09:00:00,16.376941176470588,212.5,1.7066480836236935,574.0,1.2589832341806382,554.7
2026-04-01T10:00:00,16.38141176470588,212.5,2.771,574.0,1.2610728241563056,563.0
2026-04-01T11:00:00,16.394823529411763,212.5,3.449390243902439,574.0,1.2477003484320557,574.0
2026-04-01T12:00:00,17.064201312910285,228.5,3.4378048780487807,574.0,8.044532859680285,563.0
2026-04-01T13:00:00,16.91391684901532,228.5,3.415243902439024,574.0,8.362383658969804,563.0
2026-04-01T14:00:00,16.993479212253828,228.5,3.759581881533101,574.0,16.86057761732852,554.0
2026-04-01T15:00:00,15.916849015317286,228.5,3.765156794425087,574.0,15.590649819494585,554.0
2026-04-01T16:00:00,15.636423529411765,212.5,3.7637630662020904,574.0,52.14306859205776,554.0
2026-04-01T17:00:00,15.638588235294117,212.5,3.4182926829268294,574.0,7.9015505415162455,554.0
2026-04-01T18:00:00,15.442588235294117,212.5,3.8140696864111496,574.0,1.35,554.0
2026-04-01T19:00:00,15.560941176470589,212.5,3.425609756097561,574.0,1.374202166064982,554.0
2026-04-01T20:00:00,16.276,212.5,3.4363675958188153,574.0,1.25005291005291,567.0
2026-04-01T21:00:00,16.395294117647058,212.5,3.423745644599303,574.0,1.2515452930728241,563.0
2026-04-01T22:00:00,15.46164705882353,212.5,3.4095592334494773,574.0,1.2534408602150537,558.0
2026-04-01T23:00:00,15.581007058823529,212.5,3.436080139372822,574.0,3.7416064981949457,554.0
2026-04-02T00:00:00,15.71470715835141,230.5,4.136031775700935,535.0,3.2873172043010754,558.0
2026-04-02T01:00:00,15.697527114967462,230.5,4.549522935779817,545.0,3.3725806451612903,558.0
2026-04-02T02:00:00,15.247632183908046,217.5,4.2086915887850465,535.0,4.26247311827957,558.0
2026-04-02T03:00:00,15.756702819956615,230.5,2.4668817204301074,558.0,3.32095818815331,574.0
2026-04-02T04:00:00,15.754793926247288,230.5,2.4641467889908255,545.0,4.208885017421602,574.0
2026-04-02T05:00:00,15.65934924078091,230.5,2.8332201834862385,545.0,4.226759581881533,574.0
2026-04-02T06:00:00,16.73450759219089,230.5,3.6955,558.0,3.7543275261324043,574.0
2026-04-02T07:00:00,16.70577006507592,230.5,3.565834862385321,545.0,4.225435540069687,574.0
2026-04-02T08:00:00,16.933587852494576,230.5,3.9726205607476635,535.0,2.6089547038327527,574.0
2026-04-02T09:00:00,16.954173535791757,230.5,3.3553763440860216,558.0,1.8038501742160278,574.0
2026-04-02T10:00:00,16.89597830802603,230.5,4.090023853211009,545.0,1.8189024390243902,574.0
2026-04-02T11:00:00,16.89291540130152,230.5,3.595831541218638,558.0,1.8234494773519163,574.0
2026-04-02T12:00:00,16.896503253796094,230.5,3.583879928315412,558.0,1.830801393728223,574.0
2026-04-02T13:00:00,16.624277657266813,230.5,3.9904770642201837,545.0,2.6439024390243904,574.0
2026-04-02T14:00:00,16.899574837310194,230.5,3.999719626168224,535.0,2.6246341463414633,574.0
2026-04-02T15:00:00,16.89698481561822,230.5,3.5734091743119265,545.0,3.0259756097560975,574.0
2026-04-02T16:00:00,16.950889370932757,230.5,4.221682242990655,535.0,3.4124216027874565,574.0
2026-04-02T17:00:00,18.0753579175705,230.5,3.882258064516129,558.0,3.2264268292682927,574.0
2026-04-02T18:00:00,17.055871264367816,217.5,4.420430107526882,558.0,3.4124216027874565,574.0
2026-04-02T19:00:00,18.106290672451195,230.5,4.0360851505711315,577.8,3.0145644599303134,574.0
2026-04-02T20:00:00,16.696451193058568,230.5,3.8989024390243903,574.0,2.624006968641115,574.0
2026-04-02T21:00:00,15.259002169197396,230.5,3.638418118466899,574.0,2.6249477351916375,574.0
2026-04-02T22:00:00,15.385747126436781,217.5,3.6351219512195123,574.0,2.673344947735192,574.0
2026-04-02T23:00:00,15.363678160919541,217.5,3.59006968641115,574.0,2.6080139372822297,574.0
2026-04-03T00:00:00,15.039350912778904,246.5,2.8115483870967743,558.0,1.7919442508710801,574.0
2026-04-03T01:00:00,15.045841784989857,246.5,2.4720587155963303,545.0,1.7926132404181185,574.0
2026-04-03T02:00:00,14.943167028199566,230.5,2.7447043010752687,558.0,2.031060975609756,574.0
2026-04-03T03:00:00,15.105882352941176,246.5,2.46594495412844,545.0,1.9866132404181185,574.0
2026-04-03T04:00:00,14.932754880694143,230.5,2.480550458715596,545.0,2.0173519163763065,574.0
2026-04-03T05:00:00,15.05395537525355,246.5,2.8549798165137616,545.0,1.7123170731707318,574.0
2026-04-03T06:00:00,14.888954446854664,230.5,3.602340186915888,535.0,1.7206271777003483,574.0
2026-04-03T07:00:00,14.880694143167029,230.5,3.5910825688073396,545.0,1.7276829268292684,574.0
2026-04-03T08:00:00,15.639045553145337,230.5,3.611788990825688,545.0,1.7295644599303135,574.0
2026-04-03T09:00:00,16.5303557483731,230.5,4.420430107526882,558.0,1.3802090592334495,574.0
2026-04-03T10:00:00,16.5303557483731,230.5,4.419713261648745,558.0,1.3878919860627177,574.0
2026-04-03T11:00:00,14.940563991323211,230.5,3.5340232974910393,558.0,1.2664320557491289,574.0
2026-04-03T12:00:00,15.057200811359026,246.5,2.8007956989247313,558.0,1.3839634146341464,574.0
2026-04-03T13:00:00,15.049087221095334,246.5,3.522043010752688,558.0,1.3939895470383274,574.0
2026-04-03T14:00:00,16.28283164300203,246.5,3.500087108013937,574.0,1.3916376306620208,574.0
2026-04-03T15:00:00,16.473772819472618,246.5,3.475709677419355,558.0,1.7829268292682927,574.0
2026-04-03T16:00:00,16.394969574036512,246.5,3.55405504587156,545.0,1.5560418118466899,574.0
2026-04-03T17:00:00,15.786082429501084,230.5,3.9126344086021505,558.0,1.7207839721254354,574.0
2026-04-03T18:00:00,16.465939262472887,230.5,10.655836236933798,574.0,1.718588850174216,574.0
2026-04-03T19:00:00,15.63297180043384,230.5,5.498297491039427,558.0,1.7121602787456447,574.0
2026-04-03T20:00:00,16.41862039045553,230.5,3.556836917562724,558.0,1.7298606271777004,574.0
2026-04-03T21:00:00,16.5092147505423,230.5,3.9963082437275985,558.0,1.7306881533101046,574.0
2026-04-03T22:00:00,16.080567951318457,246.5,4.0356271777003485,574.0,1.6867383512544802,558.0
2026-04-03T23:00:00,16.20340770791075,246.5,3.832258064516129,558.0,1.7237369337979094,574.0
2026-04-04T00:00:00,14.9482863340564,230.5,1.5612903225806452,558.0,1.4782229965156795,574.0
2026-04-04T01:00:00,14.609154013015184,230.5,1.2658675958188152,574.0,1.3909407665505227,574.0
2026-04-04T02:00:00,12.876720173535793,230.5,1.2662857142857142,574.0,1.4040940766550523,574.0
2026-04-04T03:00:00,13.480225596529284,230.5,1.2536585365853659,574.0,1.4040940766550523,574.0
2026-04-04T04:00:00,13.547574837310195,230.5,1.2540322580645162,558.0,2.0056341463414635,574.0
2026-04-04T05:00:00,13.556182212581344,230.5,1.2546236559139785,558.0,2.5647334494773517,574.0
2026-04-04T06:00:00,14.792841648590022,230.5,1.2589174311926605,545.0,1.7537926829268293,574.0
2026-04-04T07:00:00,14.783080260303688,230.5,1.3056733944954129,545.0,1.3954703832752613,574.0
2026-04-04T08:00:00,14.530845986984815,230.5,2.908557347670251,558.0,1.403745644599303,574.0
2026-04-04T09:00:00,13.430160520607375,230.5,2.082,558.0,1.4027038327526133,574.0
2026-04-04T10:00:00,13.460338101430429,230.7,2.866267889908257,545.0,2.5662020905923346,574.0
2026-04-04T11:00:00,14.550466153222537,246.7,2.8294516129032257,558.0,4.142160278745645,574.0
2026-04-04T12:00:00,13.72896551724138,246.5,2.839220430107527,558.0,2.57312543554007,574.0
2026-04-04T13:00:00,13.81713665943601,230.5,2.8328660550458715,545.0,2.561932055749129,574.0
2026-04-04T14:00:00,13.886977687626775,246.5,2.836693548387097,558.0,3.2656376306620207,574.0
2026-04-04T15:00:00,13.77290060851927,246.5,2.037247311827957,558.0,2.5604564459930312,574.0
2026-04-04T16:00:00,13.68344827586207,246.5,1.3729677419354838,558.0,6.540965156794425,574.0
2026-04-04T17:00:00,13.305466377440347,230.5,2.424577540106952,561.0,2.585794425087108,574.0
2026-04-04T18:00:00,13.596190889370932,230.5,1.375673394495413,545.0,4.202731707317073,574.0
2026-04-04T19:00:00,14.49123644251627,230.5,3.51552688172043,558.0,2.5853937282229964,574.0
2026-04-04T20:00:00,14.727765726681127,230.5,2.9376132404181186,574.0,1.3923344947735192,574.0
2026-04-04T21:00:00,14.496746203904555,230.5,2.596057347670251,558.0,1.397911149825784,574.0
2026-04-04T22:00:00,14.387418655097614,230.5,1.5834494773519163,574.0,1.3974668989547039,574.0
2026-04-04T23:00:00,14.498174442190669,246.5,1.248588850174216,574.0,1.742787456445993,574.0
2026-04-05T00:00:00,14.581344902386117,230.5,3.43856595892795,574.6,2.607282491944146,558.6
2026-04-05T01:00:00,14.35357917570499,230.5,3.1268707482993197,558.6,3.1185714285714288,558.6
2026-04-05T02:00:00,14.453796095444686,230.5,3.200855710705335,558.6,3.1220193340494093,558.6
2026-04-05T03:00:00,14.406073752711496,230.5,3.141156462585034,558.6,3.396449704142012,574.6
2026-04-05T04:00:00,14.410845986984816,230.5,4.039227035100821,535.6,5.099477897667943,574.6
2026-04-05T05:00:00,13.895740365111562,246.5,4.003555718475074,545.6,5.103306648103028,574.6
2026-04-05T06:00:00,14.02407809110629,230.5,3.9886730205278593,545.6,5.103306648103028,574.6
2026-04-05T07:00:00,14.573101952277657,230.5,4.398715459297984,535.6,3.3310060866451843,558.6
2026-04-05T08:00:00,14.43662906724512,230.5,3.9966458944281524,545.6,3.579074299634592,574.7
2026-04-05T09:00:00,14.05395537525355,246.5,4.398020527859238,545.6,4.648823529411764,574.6
2026-04-05T10:00:00,14.425162689804772,230.5,4.448991784914115,535.6,4.930560389836408,574.6
2026-04-05T11:00:00,14.174442190669371,246.5,5.167800586510264,545.6,4.9070623042116255,574.6
2026-04-05T12:00:00,12.873318872017354,230.5,5.592105263157895,558.6,6.552262443438914,574.6
2026-04-05T13:00:00,13.153383947939263,230.5,5.558940397350994,558.7,6.464298642533937,574.6
2026-04-05T14:00:00,13.483297180043383,230.5,4.837515661356721,558.7,8.028346675948486,574.6
2026-04-05T15:00:00,13.561605206073752,230.5,4.899120234604106,545.6,7.267573964497042,574.6
2026-04-05T16:00:00,14.390608519269778,246.5,5.538497150997151,561.6,4.934145492516533,574.6
2026-04-05T17:00:00,13.498932754880695,230.5,4.367057965730951,548.6,6.547628327823212,574.7
2026-04-05T18:00:00,15.677396963123645,230.5,5.721452576549664,535.6,8.180616080751827,574.6
2026-04-05T19:00:00,15.293062880324543,246.5,4.646627565982405,545.6,6.51683257918552,574.6
2026-04-05T20:00:00,15.399594320486816,246.5,4.6075904045828855,558.6,4.9070623042116255,574.6
2026-04-05T21:00:00,15.280770791075051,246.5,3.9966458944281524,545.6,4.942882004872955,574.6
2026-04-05T22:00:00,15.40369168356998,246.5,4.019781596849266,558.6,6.537601809954751,574.6
2026-04-05T23:00:00,14.957079107505072,246.5,3.862810650887574,574.6,6.4904801670146135,574.8
2026-04-06T00:00:00,16.019088937093276,230.5,3.092347670250896,558.0,1.8582439024390245,574.0
2026-04-06T01:00:00,16.135172413793104,217.5,1.7559677419354838,558.0,1.1629268292682926,574.0
2026-04-06T02:00:00,16.296781609195403,217.5,1.741774193548387,558.0,1.1416666666666666,558.0
2026-04-06T03:00:00,16.407668965517242,217.5,1.6793394495412843,545.0,1.139032258064516,558.0
2026-04-06T04:00:00,16.161108433734938,207.5,2.21363738317757,535.0,1.7605121951219511,574.0
2026-04-06T05:00:00,16.209975903614456,207.5,2.19927476635514,535.0,1.203850174216028,574.0
2026-04-06T06:00:00,17.06758620689655,217.5,2.1963831775700933,535.0,1.3848780487804877,574.0
2026-04-06T07:00:00,17.148505747126435,217.5,3.082550522648084,574.0,1.116829268292683,574.0
2026-04-06T08:00:00,17.156689655172414,217.5,3.0967889908256883,545.0,1.2694895470383276,574.0
2026-04-06T09:00:00,17.38178795180723,207.5,3.515452961672474,574.0,1.264425087108014,574.0
2026-04-06T10:00:00,17.156293975903615,207.5,3.531211009174312,545.0,1.2694895470383276,574.0
2026-04-06T11:00:00,17.262602409638554,207.5,3.8684229390681004,558.0,1.271939024390244,574.0
2026-04-06T12:00:00,19.534206896551723,217.5,3.903394495412844,545.0,1.5848658536585365,574.0
2026-04-06T13:00:00,19.520689655172415,217.5,3.811056880733945,545.0,1.5825853658536586,574.0
2026-04-06T14:00:00,19.47337931034483,217.5,3.8879816513761467,545.0,1.8954128919860627,574.0
2026-04-06T15:00:00,17.51953734939759,207.5,3.3720034843205573,574.0,1.7479512195121951,574.0
2026-04-06T16:00:00,17.174939759036146,207.5,3.3765505226480834,574.0,1.3114193548387096,558.0
2026-04-06T17:00:00,16.553655172413794,217.5,3.338324372759857,558.0,1.694841463414634,574.0
2026-04-06T18:00:00,17.428505747126437,217.5,3.8503484320557493,574.0,1.90152787456446,574.0
2026-04-06T19:00:00,15.125057471264368,217.5,3.7897299651567944,574.0,1.5206093189964158,558.0
2026-04-06T20:00:00,14.455531453362257,230.5,3.0179094076655053,574.0,1.2692961672473868,574.0
2026-04-06T21:00:00,15.283093275488069,230.5,2.5855749128919863,574.0,1.164062385321101,545.0
2026-04-06T22:00:00,14.477223427331888,230.5,2.220967741935484,558.0,1.5858048780487806,574.0
2026-04-06T23:00:00,15.14022988505747,217.5,2.2064301075268817,558.0,3.810735191637631,574.0
2026-04-07T00:00:00,16.418012170385396,246.5,4.126981362132033,574.1,5.879902439024391,574.0
2026-04-07T01:00:00,16.413995943204867,246.5,4.126981362132033,574.1,5.781317073170731,574.0
2026-04-07T02:00:00,16.16097363083164,246.5,4.135711548510712,574.1,5.699512195121951,574.0
2026-04-07T03:00:00,16.430060851926978,246.5,4.135711548510712,574.1,6.311731707317073,574.0
2026-04-07T04:00:00,16.598742393509127,246.5,4.135711548510712,574.1,5.798511821974965,575.2
2026-04-07T05:00:00,16.340911062906724,230.5,3.755049642919352,574.1,4.9014114375108635,575.3
2026-04-07T06:00:00,15.52472885032538,230.5,3.7797944608953142,574.1,4.937187554319485,575.3
2026-04-07T07:00:00,15.400086767895878,230.5,4.759919874586309,574.1,1.3926480836236934,574.0
2026-04-07T08:00:00,15.504511930585684,230.5,3.838502060562623,558.1,1.3987177700348432,574.0
2026-04-07T09:00:00,15.364078091106292,230.5,4.097839096936033,558.1,1.40795818815331,574.0
2026-04-07T10:00:00,15.21522776572668,230.5,4.221385056441498,558.1,1.2664912891986062,574.0
2026-04-07T11:00:00,15.062516268980477,230.5,4.3613185238265855,558.2,1.4039198606271777,574.0
2026-04-07T12:00:00,16.364300202839758,246.5,4.608025797205303,558.2,1.5298327526132405,574.0
2026-04-07T13:00:00,15.986815415821502,246.5,3.824983876746686,558.2,1.4098943598925693,558.5
2026-04-07T14:00:00,16.017241379310345,246.5,4.301261922230374,545.2,4.322991765782251,546.5
2026-04-07T15:00:00,16.225152129817445,246.5,4.1489550679205855,574.2,6.068057080131723,546.6
2026-04-07T16:00:00,16.253796095444685,230.5,5.492519261781043,558.1,1.770376853009466,559.9
2026-04-07T17:00:00,16.28633405639913,230.5,4.148806828078732,574.1,1.7511307749627423,536.8
2026-04-07T18:00:00,18.93301518438178,230.5,4.137091099111653,574.1,1.456108266276518,546.8
2026-04-07T19:00:00,18.850108459869848,230.5,3.993102246995297,574.1,1.430117899249732,559.8
2026-04-07T20:00:00,18.90477223427332,230.5,4.06699874574449,558.1,1.4129405630865486,575.4
2026-04-07T21:00:00,19.14529284164859,230.5,4.189078557742554,574.1,1.5793728222996515,574.0
2026-04-07T22:00:00,18.88420824295011,230.5,3.7490402368925273,574.1,1.421254355400697,574.0
2026-04-07T23:00:00,18.728633405639915,230.5,3.777383731057307,574.1,1.5692334494773519,574.0
2026-04-08T00:00:00,16.90238611713666,230.5,3.784459930313589,574.0,1.4715871559633027,545.0
2026-04-08T01:00:00,16.209197396963123,230.5,3.763728222996516,574.0,1.5383960573476703,558.0
2026-04-08T02:00:00,15.690750507099391,246.5,3.7838675958188155,574.0,1.5016697247706423,545.0
2026-04-08T03:00:00,15.65841784989858,246.5,3.7749825783972124,574.0,1.6564788990825687,545.0
2026-04-08T04:00:00,16.239383947939263,230.5,3.8236363636363637,561.0,1.8765981308411215,535.0
2026-04-08T05:00:00,16.134924078091107,230.5,3.758397212543554,574.0,1.420128971962617,535.0
2026-04-08T06:00:00,17.150344827586206,217.5,3.7698867595818815,574.0,1.973426523297491,558.0
2026-04-08T07:00:00,18.20650759219089,230.5,4.329247706422018,545.0,1.342577981651376,545.0
2026-04-08T08:00:00,17.103566160520607,230.5,4.608602150537634,558.0,1.277616724738676,574.0
2026-04-08T09:00:00,17.38648275862069,217.5,4.149337979094077,574.0,1.2581463414634146,574.0
2026-04-08T10:00:00,17.358206896551724,217.5,4.1711498257839725,574.0,1.0842642201834862,545.0
2026-04-08T11:00:00,17.460303448275862,217.5,4.2415191637630665,574.0,1.2834965156794425,574.0
2026-04-08T12:00:00,18.826221258134492,230.5,4.522853658536586,574.0,1.2709686411149825,574.0
2026-04-08T13:00:00,18.2507261663286,246.5,3.759581881533101,574.0,1.272390243902439,574.0
2026-04-08T14:00:00,18.67067245119306,230.5,4.222487804878049,574.0,1.3131724738675958,574.0
2026-04-08T15:00:00,18.811583514099784,230.5,4.150017421602787,574.0,1.5366756272401434,558.0
2026-04-08T16:00:00,18.44715835140998,230.5,5.326864111498258,574.0,1.4150935779816514,545.0
2026-04-08T17:00:00,18.525596529284165,230.5,4.127526132404181,574.0,1.4402857142857144,574.0
2026-04-08T18:00:00,17.10360459770115,217.5,4.173135888501742,574.0,1.1630550458715596,545.0
2026-04-08T19:00:00,16.693275488069414,230.5,5.427902439024391,574.0,1.239219512195122,574.0
2026-04-08T20:00:00,18.282740676496097,230.6,4.149337979094077,574.0,1.1353310104529617,574.0
2026-04-08T21:00:00,16.03813387423935,246.5,4.136940766550523,574.0,1.1134139784946238,558.0
2026-04-08T22:00:00,16.71391529818496,231.4,4.136940766550523,574.0,1.1227108013937281,574.0
2026-04-08T23:00:00,16.212147505422994,230.5,3.7525435540069685,574.0,1.1644686411149825,574.0
2026-04-09T00:00:00,16.056114236261358,231.1,3.010780487804878,574.0,1.7255109489051095,548.0
2026-04-09T01:00:00,16.246851477134765,247.1,3.3498257839721255,574.0,3.1756451612903227,558.0
2026-04-09T02:00:00,16.252553007356124,231.1,3.3584947735191637,574.0,4.633797909407665,574.0
2026-04-09T03:00:00,16.25198182604933,231.1,3.352439024390244,574.0,3.48078853046595,558.0
2026-04-09T04:00:00,16.25384249242752,231.1,2.9797142857142855,574.0,3.1703225806451614,558.0
2026-04-09T05:00:00,16.217338814366077,231.1,3.3600418118466897,574.0,4.641129032258065,558.0
2026-04-09T06:00:00,16.636996971008223,231.1,3.715574912891986,574.0,4.590601045296167,574.0
2026-04-09T07:00:00,16.568654262224147,231.1,3.831315331010453,574.0,1.423225806451613,558.0
2026-04-09T08:00:00,16.26879240162822,221.1,3.8828637992831543,558.0,1.2425609756097562,574.0
2026-04-09T09:00:00,16.281540577716644,218.1,3.395121951219512,574.0,1.2461742160278746,574.0
2026-04-09T10:00:00,16.284759284731773,218.1,4.134709677419355,558.0,1.123225806451613,558.0
2026-04-09T11:00:00,16.268991750687444,218.2,4.0192195121951215,574.0,1.2421463414634146,574.0
2026-04-09T12:00:00,16.534011250540892,231.1,3.3379268292682926,574.0,1.3001951219512196,574.0
2026-04-09T13:00:00,16.24235395932497,231.1,3.588933797909408,574.0,1.342931573463008,575.8
2026-04-09T14:00:00,16.27067474048443,231.2,4.053303135888502,574.0,1.8118815331010454,574.0
2026-04-09T15:00:00,16.29234097793163,231.1,3.6236585365853657,574.0,3.1625806451612903,558.0
2026-04-09T16:00:00,16.175205538727823,231.1,3.7998049460118426,574.2,4.791711555169418,575.5
2026-04-09T17:00:00,16.31358719169191,231.1,4.090668989547038,574.0,4.667741935483871,558.0
2026-04-09T18:00:00,15.957109476417136,231.1,4.14006968641115,574.0,4.620967741935484,558.0
2026-04-09T19:00:00,15.885951557093426,231.2,4.140390243902439,574.0,3.2247522935779815,545.0
2026-04-09T20:00:00,15.859100346020762,231.2,3.6690592334494774,574.0,1.266136200716846,558.0
2026-04-09T21:00:00,15.81832972739074,231.1,3.353484320557491,574.0,1.3003414634146342,574.0
2026-04-09T22:00:00,15.83847684984855,231.1,3.340156794425087,574.0,1.258010752688172,558.0
2026-04-09T23:00:00,15.898146499392958,247.1,3.7053048780487803,574.0,1.5084587155963303,545.0
2026-04-10T00:00:00,15.722976138828633,230.5,2.9959756097560977,574.0,1.3729094138543516,563.0
2026-04-10T01:00:00,15.113709327548808,230.5,2.9820993031358887,574.0,1.2997073170731708,574.0
2026-04-10T02:00:00,15.078872017353579,230.5,2.557926829268293,574.0,1.3017548845470692,563.0
2026-04-10T03:00:00,15.106724511930585,230.5,2.983862369337979,574.0,1.500780487804878,574.0
2026-04-10T04:00:00,15.11968777103209,230.6,2.975487804878049,574.0,1.97205574912892,574.0
2026-04-10T05:00:00,15.081735357917571,230.5,3.3482578397212546,574.0,1.4998048780487805,574.0
2026-04-10T06:00:00,18.599091277890466,246.5,3.7046550522648083,574.0,1.7117491289198605,574.0
2026-04-10T07:00:00,18.773939148073023,246.5,3.6470612311722332,610.8,1.5012682926829268,574.0
2026-04-10T08:00:00,18.356208242950107,230.5,3.6734407582938386,633.0,1.3010975609756097,574.0
2026-04-10T09:00:00,21.46474645030426,246.5,3.3598104265402844,633.0,1.243212543554007,574.0
2026-04-10T10:00:00,17.479696312364425,230.5,4.015191637630662,574.0,1.254965156794425,574.0
2026-04-10T11:00:00,17.467392624728852,230.5,3.997682926829268,574.0,1.2462926829268293,574.0
2026-04-10T12:00:00,16.489388286334055,230.5,3.5402369668246445,633.0,1.25506968641115,574.0
2026-04-10T13:00:00,18.04129817444219,246.5,3.3614854614412137,632.8,1.3016829268292682,574.0
2026-04-10T14:00:00,16.50355748373102,230.5,3.751829268292683,574.0,1.2995853658536585,574.0
2026-04-10T15:00:00,16.531110629067246,230.5,3.6172645015349816,618.9,1.314834494773519,574.0
2026-04-10T16:00:00,17.47577874186551,230.5,3.58009598177973,614.7,1.5881922501247296,601.3
2026-04-10T17:00:00,16.554130151843818,230.5,3.7318867595818817,574.0,1.3810261324041813,574.0
2026-04-10T18:00:00,16.68024295010846,230.5,3.5818917632121887,630.1,1.5126829268292683,574.0
2026-04-10T19:00:00,17.56553346855984,246.5,3.7848911442134554,610.9,1.3006829268292683,574.0
2026-04-10T20:00:00,16.710004338394793,230.5,3.261380204114693,617.3,1.3018536585365854,574.0
2026-04-10T21:00:00,15.84194360086768,230.5,3.027943285008762,627.7,1.2627637655417407,563.0
2026-04-10T22:00:00,17.388633405639915,230.5,2.882399619108078,630.1,1.3002439024390244,574.0
2026-04-10T23:00:00,16.071429885057473,217.5,3.6980923344947736,574.0,1.3014146341463415,574.0
2026-04-11T00:00:00,14.30436923076923,227.5,3.340676496097138,576.5,1.342369337979094,574.0
2026-04-11T01:00:00,13.620923076923077,227.5,3.3385949696444057,576.5,1.3433797909407665,574.0
2026-04-11T02:00:00,13.711507692307693,227.5,3.3494674761491763,576.5,1.3024227353463589,563.0
2026-04-11T03:00:00,14.028584551148226,239.5,3.3385949696444057,576.5,1.3875261324041812,574.0
2026-04-11T04:00:00,14.024526096033403,239.5,3.344846487424111,576.5,1.3431707317073172,574.0
2026-04-11T05:00:00,16.05387423935091,246.5,3.3513130962705984,576.5,1.3431010452961671,574.0
2026-04-11T06:00:00,14.077802197802198,227.5,3.381124219292158,576.4,1.3435191637630661,574.0
2026-04-11T07:00:00,15.0866989010989,227.5,3.3462734212352534,576.4,1.343588850174216,574.0
2026-04-11T08:00:00,14.593406593406593,227.5,3.7794484911550468,576.6,1.3002195121951219,574.0
2026-04-11T09:00:00,15.131832967032967,227.5,3.797640936686904,576.5,1.2561672473867596,574.0
2026-04-11T10:00:00,13.788571428571428,234.5,4.287464763918252,567.6,3.8961672473867597,574.0
2026-04-11T11:00:00,13.942081023454158,234.5,4.195853277835588,576.6,1.2850174216027874,574.0
2026-04-11T12:00:00,14.315565031982942,234.5,4.271643835616438,576.7,3.1243379790940766,574.0
2026-04-11T13:00:00,14.298507462686567,234.5,4.2707325943886385,577.4,3.89133611691023,574.8
2026-04-11T14:00:00,14.424217118997912,239.5,5.3132490474541045,577.4,3.8971567267683773,576.8
2026-04-11T15:00:00,14.392275574112736,239.5,4.118018704537582,577.4,1.7013743910925538,574.8
2026-04-11T16:00:00,14.264392324093816,234.5,4.109109802563214,577.4,3.905621096460791,576.4
2026-04-11T17:00:00,14.247334754797441,234.5,4.101377276669558,576.5,3.9579790940766553,574.0
2026-04-11T18:00:00,14.05089770354906,239.5,3.773793581960104,576.5,3.1281010452961673,574.0
2026-04-11T19:00:00,14.008016701461377,239.5,3.7363098542678697,576.4,1.7021951219512195,574.0
2026-04-11T20:00:00,14.031106471816283,239.5,4.10731830008673,576.5,1.3437979094076655,574.0
2026-04-11T21:00:00,13.9321503131524,239.5,3.3335576756287946,576.5,1.3004,570.0
2026-04-11T22:00:00,14.008016701461377,239.5,3.3304041630529055,576.5,1.3036864111498259,574.0
2026-04-11T23:00:00,14.960968684759916,239.5,3.2716299559471365,567.5,1.2978327526132405,574.0
2026-04-12T00:00:00,15.64334085778781,221.5,3.3434237995824634,574.8,4.932073170731707,574.0
2026-04-12T01:00:00,13.89390519187359,221.5,3.342901878914405,574.8,4.956140350877193,570.0
2026-04-12T02:00:00,13.997742663656885,221.5,3.358089770354906,574.8,4.93890243902439,574.0
2026-04-12T03:00:00,13.91196388261851,221.5,3.338299024918743,553.8,4.912020905923345,574.0
2026-04-12T04:00:00,14.005959367945824,221.5,3.3658141962421713,574.8,4.939473684210526,570.0
2026-04-12T05:00:00,14.21941309255079,221.5,3.4069812654648284,565.8,4.920731707317073,574.0
2026-04-12T06:00:00,14.206772009029345,221.5,3.4013432308236125,565.8,4.926829268292683,574.0
2026-04-12T07:00:00,14.115124153498872,221.5,3.8018789144050102,574.8,4.942289198606272,574.0
2026-04-12T08:00:00,14.111963882618511,221.5,4.122118997912318,574.8,4.150017421602787,574.0
2026-04-12T09:00:00,14.788171557562077,221.5,4.123420320111343,574.8,4.149337979094077,574.0
2026-04-12T10:00:00,14.788171557562077,221.5,4.167014613778706,574.8,4.149337979094077,574.0
2026-04-12T11:00:00,13.936980306345733,228.5,4.167014613778706,574.8,4.136585365853659,574.0
2026-04-12T12:00:00,14.102483069977426,221.5,4.4339248434237994,574.8,4.151219512195122,574.0
2026-04-12T13:00:00,16.669767441860465,236.5,4.199895615866389,574.8,4.934634146341463,574.0
2026-04-12T14:00:00,15.10428893905192,221.5,3.780062630480167,574.8,4.957682926829269,574.0
2026-04-12T15:00:00,16.493002257336343,221.5,3.2376478775226167,574.8,6.547052686489306,575.1
2026-04-12T16:00:00,16.502031602708804,221.5,3.7629784272790534,574.8,6.524982578397212,574.0
2026-04-12T17:00:00,16.119187358916477,221.5,3.715270413573701,565.8,8.019041811846689,574.0
2026-04-12T18:00:00,15.32984355179704,236.5,3.364300626304802,574.8,8.082090592334495,574.0
2026-04-12T19:00:00,15.329014799154335,236.5,3.3658141962421713,574.8,6.5250348432055745,574.0
2026-04-12T20:00:00,14.888668171557562,221.5,3.4033934252386002,565.8,4.131707317073171,574.0
2026-04-12T21:00:00,14.09725158562368,236.5,3.3266860747210094,618.3,4.148376306620209,574.0
2026-04-12T22:00:00,14.121627408993575,233.5,3.0427279053583853,574.8,3.2681811846689897,574.0
2026-04-12T23:00:00,14.115124153498872,221.5,2.863778705636743,574.8,4.1344947735191635,574.0
2026-04-13T00:00:00,18.606593406593408,227.5,2.648434237995825,574.8,1.0628484320557492,574.0
2026-04-13T01:00:00,16.658263529411766,212.5,2.583507306889353,574.8,1.0379965156794424,574.0
2026-04-13T02:00:00,16.658263529411766,212.5,2.568197633959638,574.8,1.037595818815331,574.0
2026-04-13T03:00:00,16.702215384615386,227.5,2.6645302713987475,574.8,1.0372909407665505,574.0
2026-04-13T04:00:00,16.66049411764706,212.5,3.01175326970661,565.8,1.0641114982578397,574.0
2026-04-13T05:00:00,16.695217582417584,227.5,3.2748956158663884,574.8,1.063876306620209,574.0
2026-04-13T06:00:00,17.333192697768762,246.5,3.469221678203613,592.3,1.0365156794425088,574.0
2026-04-13T07:00:00,18.36644407345576,239.6,5.6799275112185015,579.4,1.036411149825784,574.0
2026-04-13T08:00:00,18.146813186813187,227.5,4.884188626907074,576.8,1.0,574.0
2026-04-13T09:00:00,20.0,239.5,3.880178326474623,583.2,1.0,574.0
2026-04-13T10:00:00,20.0,239.5,4.052500868357068,575.8,1.0,574.0
2026-04-13T11:00:00,19.863576449912127,227.6,4.0,580.6,1.0,574.0
2026-04-13T12:00:00,26.816527472527472,227.5,3.5185945381805532,574.9,1.0,574.0
2026-04-13T13:00:00,26.828747252747252,227.5,4.0,574.8,1.0,574.0
2026-04-13T14:00:00,26.67286012526096,239.5,3.5208072372999304,574.8,1.0297212543554006,574.0
2026-04-13T15:00:00,26.793235908141963,239.5,3.5200417536534445,574.8,1.0572996515679443,574.0
2026-04-13T16:00:00,26.822254697286013,239.5,3.4885553470919324,586.3,1.014477192982456,570.0
2026-04-13T17:00:00,26.63073068893528,239.5,3.4499081956267736,599.1,1.028362369337979,574.0
2026-04-13T18:00:00,18.398058252427184,247.2,3.758859264259197,592.6,1.028397212543554,574.0
2026-04-13T19:00:00,18.303296703296702,227.5,4.221914488488835,577.7,1.0718815331010454,574.0
2026-04-13T20:00:00,17.59679572763685,224.7,3.4897733171829035,577.9,1.0,574.0
2026-04-13T21:00:00,17.555604395604394,227.5,3.464130990960259,586.3,1.0,574.0
2026-04-13T22:00:00,17.34923076923077,227.5,3.6766917293233083,598.5,1.0,574.0
2026-04-13T23:00:00,17.37098901098901,227.5,4.159032862250979,587.3,1.0,574.0
2026-04-14T00:00:00,15.000886993603412,234.5,2.7617391304347825,575.0,4.352039711191336,554.0
2026-04-14T01:00:00,14.900208768267223,239.5,2.75216,575.0,4.5755226480836235,574.0
2026-04-14T02:00:00,14.36689770354906,239.5,3.015638260869565,575.0,4.360045614035088,570.0
2026-04-14T03:00:00,14.252307692307692,227.5,2.764994782608696,575.0,4.350754385964913,570.0
2026-04-14T04:00:00,14.31868131868132,227.5,2.764566956521739,575.0,3.8230383275261324,574.0
2026-04-14T05:00:00,14.272527472527473,227.5,2.7761182608695654,575.0,3.849254355400697,574.0
2026-04-14T06:00:00,15.143586206896552,246.5,2.7752626086956522,575.0,3.8926526315789474,570.0
2026-04-14T07:00:00,15.9601503131524,239.5,3.427189260855154,603.4,3.868794425087108,574.0
2026-04-14T08:00:00,15.148093306288033,246.5,2.167551867219917,602.5,3.188320557491289,574.0
2026-04-14T09:00:00,14.963310344827587,246.5,1.5499870508255098,617.8,1.340439024390244,574.0
2026-04-14T10:00:00,15.011862068965517,246.5,2.549424675756568,601.4,1.3358,570.0
2026-04-14T11:00:00,15.302146137787057,239.5,3.254539130434783,575.0,1.246829268292683,574.0
2026-04-14T12:00:00,15.31133611691023,239.5,3.671297865130464,590.2,1.641445993031359,574.0
2026-04-14T13:00:00,15.667139959432049,246.5,3.132924434087883,600.8,3.89409756097561,574.0
2026-04-14T14:00:00,15.293716075156576,239.5,3.098782840039907,601.4,3.9344101569388115,567.1
2026-04-14T15:00:00,15.258881002087683,239.5,3.1029895017497084,600.1,3.885014883558046,571.1
2026-04-14T16:00:00,15.449395537525355,246.5,3.0317188498402556,626.0,3.9772121535181237,562.8
2026-04-14T17:00:00,15.41677661795407,239.5,2.73132,575.0,3.9597697013314144,555.8
2026-04-14T18:00:00,14.463736263736264,227.5,1.7554173913043478,575.0,4.460729072907291,555.5
2026-04-14T19:00:00,16.699791231732778,239.5,2.175886755613407,614.6,4.880562884784521,568.5
2026-04-14T20:00:00,14.03082254697286,239.5,3.084857386848847,585.5,4.735301953818828,563.0
2026-04-14T21:00:00,15.213611691022965,239.5,2.8511085258434434,601.7,1.4165087108013936,574.0
2026-04-14T22:00:00,15.173461377870563,239.5,2.465161739130435,575.0,1.4161045296167247,574.0
2026-04-14T23:00:00,15.202538622129437,239.5,1.3450434782608696,575.0,1.3447424511545294,563.0
2026-04-15T00:00:00,24.341463414634145,246.0,5.5777700710941565,576.7,3.5363794604003482,574.5
2026-04-15T01:00:00,24.195121951219512,246.0,5.776423841059603,604.0,3.233528183716075,574.8
2026-04-15T02:00:00,23.089430894308943,246.0,6.749486652977413,584.4,3.213231197771588,574.4
2026-04-15T03:00:00,24.48780487804878,246.0,5.599303135888502,574.0,3.2507311977715876,574.4
2026-04-15T04:00:00,24.195121951219512,246.0,5.599303135888502,574.0,4.090189796273725,574.3
2026-04-15T05:00:00,23.19918699186992,246.0,6.017421602787456,574.0,3.9482451253481896,574.4
2026-04-15T06:00:00,25.007949790794978,239.0,7.099616724738676,574.0,3.208356545961003,574.4
2026-04-15T07:00:00,26.38617886178862,246.0,12.75644599303136,574.0,3.9086641353123923,579.4
2026-04-15T08:00:00,25.29268292682927,246.0,7.024759284731775,581.6,0.97775069637883,574.4
2026-04-15T09:00:00,24.90650406504065,246.0,7.102084056964224,575.8,1.0143454038997215,574.4
2026-04-15T10:00:00,30.121951219512194,246.0,12.46116925174706,586.7,0.8814992025518341,564.3
2026-04-15T11:00:00,24.195121951219512,246.0,6.861583695289007,598.6,1.0072405329593268,570.4
2026-04-15T12:00:00,35.15447154471545,246.0,6.858395981292222,577.3,1.0769637883008356,574.4
2026-04-15T13:00:00,29.51219512195122,246.0,6.720907134580368,604.1,1.3555362721277335,576.2
2026-04-15T14:00:00,29.91869918699187,246.0,12.671824500434404,575.5,1.19890603085554,570.4
2026-04-15T15:00:00,30.121951219512194,246.0,8.095728476821192,604.0,1.8344647519582244,574.5
2026-04-15T16:00:00,24.25768292682927,246.0,6.891386003745956,587.3,1.726183844011142,574.4
2026-04-15T17:00:00,24.33170731707317,246.0,6.798657718120805,596.0,4.4408413672217355,570.5
2026-04-15T18:00:00,24.341463414634145,246.0,6.63974461292897,626.5,3.9917319408181027,574.5
2026-04-15T19:00:00,26.882113821138212,246.0,15.716402657128258,587.1,3.0667536988685815,574.5
2026-04-15T20:00:00,24.121951219512194,246.0,12.336032388663968,592.8,1.7792863359442994,574.5
2026-04-15T21:00:00,30.02639058059277,246.3,6.9541206457094304,588.5,3.864829097283085,570.5
2026-04-15T22:00:00,30.615062761506277,239.0,6.831274900398406,602.4,1.02,571.2
2026-04-15T23:00:00,24.26829268292683,246.0,6.987636174995677,578.3,1.8060070671378092,566.0
2026-04-16T00:00:00,16.837606837606838,234.0,7.190813347236705,575.4,1.4142105263157896,570.0
2026-04-16T01:00:00,16.929515418502202,227.0,7.490732568402471,566.5,1.452787456445993,574.0
2026-04-16T02:00:00,16.786784140969164,227.0,7.488355681016231,566.8,1.4871642570980665,574.1
2026-04-16T03:00:00,16.858149779735683,227.0,7.309323254139668,555.6,1.5101045296167248,574.0
2026-04-16T04:00:00,17.00088105726872,227.0,8.824340302811825,554.8,1.7536840271729663,574.1
2026-04-16T05:00:00,17.048458149779737,227.0,13.24824355971897,555.1,1.5090592334494775,574.0
2026-04-16T06:00:00,17.981171548117153,239.0,8.84333098094566,566.8,1.480836236933798,574.0
2026-04-16T07:00:00,27.97489539748954,239.0,9.002318943988584,560.6,1.1265853658536584,574.0
2026-04-16T08:00:00,27.823012552301254,239.0,22.157953281423804,539.4,1.105574912891986,574.0
2026-04-16T09:00:00,28.187665198237884,227.0,10.728255365987891,545.1,1.1042682926829268,574.0
2026-04-16T10:00:00,27.721757322175733,239.0,21.98939039741054,556.1,1.1053135888501742,574.0
2026-04-16T11:00:00,26.052321428571428,224.0,13.291227443273183,559.7,1.1053135888501742,574.0
2026-04-16T12:00:00,31.352991452991454,234.0,13.123022847100176,569.0,1.1651567944250871,574.0
2026-04-16T13:00:00,22.281566212054553,227.3,8.52866931121529,554.6,1.164808362369338,574.0
2026-04-16T14:00:00,19.264150943396228,212.0,7.667796610169492,554.6,1.1647212543554006,574.0
2026-04-16T15:00:00,18.140464916056825,232.3,8.541815582558971,559.6,1.207020905923345,574.0
2026-04-16T16:00:00,14.832020997375327,228.6,7.359150102810144,583.6,1.4386759581881534,574.0
2026-04-16T17:00:00,14.932203389830509,236.0,7.3561643835616435,584.0,1.2689655172413794,574.2
2026-04-16T18:00:00,14.966555183946488,239.2,7.503909643788011,575.5,1.4801393728222996,574.0
2026-04-16T19:00:00,17.008380868802107,227.9,11.486342674707343,563.8,1.1954703832752613,574.0
2026-04-16T20:00:00,15.110920299427566,227.1,7.332407568130533,576.1,1.1168466898954703,574.0
2026-04-16T21:00:00,16.60484949832776,239.2,8.672658140338749,578.6,1.1174386209298277,574.3
2026-04-16T22:00:00,16.576569037656903,239.0,7.247778930980799,578.1,1.1789864158829677,574.2
2026-04-16T23:00:00,16.701208981001727,231.6,7.089052997393571,575.5,1.165418118466899,574.0
2026-04-17T00:00:00,15.418502202643172,227.0,2.7437598736176936,633.0,1.6664576802507838,574.2
2026-04-17T01:00:00,26.64957264957265,234.0,0.8689895470383275,574.0,1.0518324333739766,574.1
2026-04-17T02:00:00,15.07488986784141,227.0,0.9043198049120362,574.1,1.369390243902439,574.0
2026-04-17T03:00:00,15.102510460251047,239.0,0.9362369337979094,574.0,1.4494773519163764,574.0
2026-04-17T04:00:00,15.171548117154812,239.0,0.944425087108014,574.0,1.664808362369338,574.0
2026-04-17T05:00:00,16.826359832635983,239.0,1.1596864111498257,574.0,1.721254355400697,574.0
2026-04-17T06:00:00,16.352422907488986,227.0,4.20609756097561,574.0,1.7317073170731707,574.0
2026-04-17T07:00:00,26.11715481171548,239.0,5.5581881533101045,574.0,1.6585786448353945,574.1
2026-04-17T08:00:00,18.326728313518274,227.1,4.2787456445993035,574.0,1.0147038327526132,574.0
2026-04-17T09:00:00,22.99163179916318,239.0,4.2063740856844305,574.2,1.0145296167247386,574.0
2026-04-17T10:00:00,16.83806167400881,227.0,3.7871080139372824,574.0,1.0,574.0
2026-04-17T11:00:00,37.76211453744494,227.0,2.4092334494773517,574.0,0.9871080139372822,574.0
2026-04-17T12:00:00,32.63876651982379,227.0,4.2979094076655056,574.0,1.0146341463414634,574.0
2026-04-17T13:00:00,26.255506607929515,227.0,2.5565883376849436,574.5,1.1671080139372823,574.0
2026-04-17T14:00:00,27.73568281938326,227.0,3.9151045296167246,574.0,1.2962369337979094,574.0
2026-04-17T15:00:00,17.256581883087907,224.1,5.5910627177700345,574.0,3.9409510538233756,574.1
2026-04-17T16:00:00,27.322175732217573,239.0,2.546341463414634,574.0,1.5736842105263158,570.0
2026-04-17T17:00:00,16.09251101321586,227.0,5.233248212461696,587.4,1.0145644599303136,574.0
2026-04-17T18:00:00,15.355188284518828,239.0,6.0533642691415315,646.5,1.4584494773519163,574.0
2026-04-17T19:00:00,27.238493723849373,239.0,5.248352762290928,591.9,1.4955408465424143,574.1
2026-04-17T20:00:00,26.559756097560975,246.0,5.199932226363944,590.2,1.3841463414634145,574.0
2026-04-17T21:00:00,18.997451146983856,235.4,4.661771747805267,626.5,1.3176895306859207,554.0
2026-04-17T22:00:00,36.48458149779736,227.0,4.685468509984639,651.0,1.1780487804878048,574.0
2026-04-17T23:00:00,16.7297273526825,227.4,5.154893617021276,587.5,1.7013937282229965,574.0
2026-04-18T00:00:00,31.20689655172414,246.5,2.303135888501742,574.0,1.4130439993151858,584.1
2026-04-18T01:00:00,28.83112840466926,257.0,3.1427800034837134,574.1,1.792077831827658,575.6
2026-04-18T02:00:00,27.495621579358875,255.8,2.536844854605607,574.3,1.8645239749826268,575.6
2026-04-18T03:00:00,13.52720156555773,255.5,1.3721769911504424,565.0,1.7508710801393728,574.0
2026-04-18T04:00:00,13.341712490180676,254.6,2.4857142857142858,574.0,1.828820048729551,574.6
2026-04-18T05:00:00,14.890282131661442,255.2,2.528495575221239,565.0,1.7487838776928422,575.6
2026-04-18T06:00:00,16.70861187573732,254.3,2.991648973814579,565.2,1.6283877692842252,575.6
2026-04-18T07:00:00,19.79393468118196,257.2,2.521951219512195,574.0,1.7418346073662265,575.6
2026-04-18T08:00:00,18.912213740458014,248.9,2.3752613240418117,574.0,1.7128048780487806,574.0
2026-04-18T09:00:00,13.199882766705745,255.9,2.4952447308831216,574.1,1.2183908045977012,574.2
2026-04-18T10:00:00,20.46474358974359,249.6,3.108935725483365,574.1,1.7690826963168866,575.6
2026-04-18T11:00:00,15.853293413173652,250.5,2.583623693379791,574.0,3.032661570535094,575.6
2026-04-18T12:00:00,18.221608832807572,253.6,3.5365853658536586,574.0,4.244788047255038,575.6
2026-04-18T13:00:00,18.251804330392943,249.4,3.204721254355401,574.0,1.8738675958188153,574.0
2026-04-18T14:00:00,19.29971988795518,249.9,3.5121951219512195,574.0,4.312629399585921,579.6
2026-04-18T15:00:00,27.607954004758128,252.2,3.087981187946351,574.1,3.3528571428571428,574.0
2026-04-18T16:00:00,19.584,250.0,3.5529268292682925,574.0,2.3194425087108015,574.0
2026-04-18T17:00:00,18.080077519379845,258.0,2.4951393728222997,574.0,1.5020152883947187,575.6
2026-04-18T18:00:00,13.541912632821724,254.1,2.3249128919860627,574.0,1.763835997220292,575.6
2026-04-18T19:00:00,13.630298273155416,254.8,2.4875626718421477,618.3,1.7948575399583044,575.6
2026-04-18T20:00:00,13.638814016172507,259.7,2.470127155547814,574.1,1.793298611111111,576.0
2026-04-18T21:00:00,16.415209125475286,263.0,1.921602787456446,574.0,1.1646404109589041,584.0
2026-04-18T22:00:00,12.449981210071401,266.1,2.511567944250871,574.0,1.2639895470383276,574.0
2026-04-18T23:00:00,17.107970160973693,254.7,1.35801393728223,574.0,1.2717770034843205,574.0
2026-04-19T00:00:00,20.89291211016606,246.9,1.7105845181674566,633.0,3.5186007348438455,653.2
2026-04-19T01:00:00,19.360189573459717,253.2,1.1531358885017422,574.0,3.535249042145594,652.5
2026-04-19T02:00:00,19.405705229793977,252.4,1.1097560975609757,574.0,3.632471008028546,672.6
2026-04-19T03:00:00,19.543325526932083,256.2,0.8876306620209059,574.0,1.7855729721503577,657.1
2026-04-19T04:00:00,19.83619344773791,256.4,1.0,574.2,3.5729166666666665,672.0
2026-04-19T05:00:00,22.085649202733485,263.4,1.026495575221239,565.0,1.7755545495699412,662.7
2026-04-19T06:00:00,21.32556818181818,264.0,1.5064611633577152,574.2,3.630952380952381,672.0
2026-04-19T07:00:00,22.06015891032917,264.3,1.460452961672474,574.0,4.557257584770969,672.4
2026-04-19T08:00:00,23.282633808240277,259.7,1.7219589257503949,633.0,1.7773722627737227,657.6
2026-04-19T09:00:00,22.952231793265465,255.4,1.2,633.0,3.7176015473887816,672.1
2026-04-19T10:00:00,30.005945303210463,252.3,2.9361712209761492,633.1,3.6793154761904763,672.0
2026-04-19T11:00:00,28.801111552203256,251.9,1.7105845181674566,633.0,1.6658617567159675,662.6
2026-04-19T12:00:00,40.666666666666664,246.0,2.1764808362369337,574.0,2.006341613948465,648.1
2026-04-19T13:00:00,40.333333333333336,246.0,1.9182464454976302,633.0,2.3238010128090556,671.4
2026-04-19T14:00:00,42.113821138211385,246.0,1.493554006968641,574.0,2.328595116068737,663.4
2026-04-19T15:00:00,43.80487804878049,246.0,1.689581881533101,574.0,1.3377392091759734,662.6
2026-04-19T16:00:00,32.84447134786118,247.8,1.5043887147335424,574.2,3.990631970260223,672.5
2026-04-19T17:00:00,31.955901086549268,266.9,1.5034843205574913,574.0,3.439934092270821,667.6
2026-04-19T18:00:00,20.434007134363853,252.3,1.7143759873617694,633.0,1.6718117788101303,667.3
2026-04-19T19:00:00,25.386291600633914,252.4,1.7095057034220533,631.2,1.8199029126213593,659.2
2026-04-19T20:00:00,21.36190476190476,262.5,1.554667363288053,574.2,1.7272918861959958,664.3
2026-04-19T21:00:00,23.139745916515427,275.5,1.2631911532385467,633.0,1.7505510872803098,671.4
2026-04-19T22:00:00,23.252038547071905,269.8,1.1755134281200632,633.0,1.7341005451241671,660.4
2026-04-19T23:00:00,22.843679031037095,264.2,1.0729857819905213,633.0,4.301339285714286,672.0
2026-04-20T00:00:00,14.264150943396226,212.0,1.779965156794425,574.0,1.0221052631578946,570.0
2026-04-20T01:00:00,14.160714285714286,224.0,1.796794425087108,574.0,1.1270034843205574,574.0
2026-04-20T02:00:00,14.20704845814978,227.0,1.7177700348432057,574.0,1.100348432055749,574.0
2026-04-20T03:00:00,14.360730593607306,219.0,1.7914634146341464,574.0,1.1000871080139374,574.0
2026-04-20T04:00:00,14.285714285714286,224.0,1.711504424778761,565.0,1.1665505226480837,574.0
2026-04-20T05:00:00,28.677366924014628,246.1,1.767247386759582,574.0,1.1101045296167247,574.0
2026-04-20T06:00:00,16.669456066945607,239.0,1.7125435540069687,574.0,1.1664634146341464,574.0
2026-04-20T07:00:00,21.153846153846153,234.0,3.0,568.6,1.1668989547038326,574.0
2026-04-20T08:00:00,18.90308370044053,227.0,2.0,592.4,1.1034843205574913,574.0
2026-04-20T09:00:00,20.188284518828453,239.0,2.0,593.7,1.096465877437326,574.4
2026-04-20T10:00:00,24.086123348017622,227.0,2.705685618729097,598.0,1.069425087108014,574.0
2026-04-20T11:00:00,20.475770925110133,227.0,2.5368264918937564,579.8,1.3257317073170731,574.0
2026-04-20T12:00:00,18.31132075471698,212.0,4.050104438642298,574.5,1.5856140350877193,570.0
2026-04-20T13:00:00,19.71698113207547,212.0,4.027600554785021,576.8,1.7489547038327526,574.0
2026-04-20T14:00:00,31.894273127753305,227.0,4.0078435444790586,577.8,1.778745644599303,574.0
2026-04-20T15:00:00,20.405286343612335,227.0,4.026874679432382,584.9,1.3911149825783973,574.0
2026-04-20T16:00:00,22.709251101321588,227.0,3.9976331967213117,585.6,1.6341463414634145,574.0
2026-04-20T17:00:00,19.351464435146443,239.0,3.965258215962441,596.4,1.2762195121951219,574.0
2026-04-20T18:00:00,16.079295154185022,227.0,4.869625703875456,603.8,1.2658536585365854,574.0
2026-04-20T19:00:00,24.247967479674795,246.0,11.372093023255815,602.0,1.1733449477351916,574.0
2026-04-20T20:00:00,16.85022026431718,227.0,3.9353475317814097,605.7,1.0711672473867595,574.0
2026-04-20T21:00:00,17.004405286343612,227.0,3.1295329898620574,601.7,0.9529616724738676,574.0
2026-04-20T22:00:00,14.135377358490565,212.0,2.426509049404859,613.3,0.9563588850174216,574.0
2026-04-20T23:00:00,14.198630136986301,219.0,1.8605539796429167,599.3,1.3337979094076655,574.0
2026-04-21T00:00:00,14.048458149779735,227.0,1.1872679874869656,575.4,1.0121452376776003,570.1
2026-04-21T01:00:00,16.382113821138212,246.0,1.4335287412473539,614.1,1.1294443476746212,574.1
2026-04-21T02:00:00,14.083700440528634,227.0,1.0575161121755792,574.1,1.6349068106601636,574.1
2026-04-21T03:00:00,14.123788546255506,227.0,1.0575161121755792,574.1,1.7138895662776519,574.1
2026-04-21T04:00:00,14.017506404782237,234.2,1.0599547117226964,574.1,1.403274864058937,570.1
2026-04-21T05:00:00,16.434294871794872,249.6,1.0616965685420658,574.1,1.2980317017941125,574.1
2026-04-21T06:00:00,14.21762114537445,227.0,1.75118794635081,574.1,1.0623933112698136,574.1
2026-04-21T07:00:00,16.382113821138212,246.0,1.7551020408163265,588.0,1.6971677408117052,574.1
2026-04-21T08:00:00,16.00418410041841,239.0,1.711669195751138,593.1,1.0,574.6
2026-04-21T09:00:00,17.86192468619247,239.0,1.8733901705115346,598.2,0.7958178017766939,574.1
2026-04-21T10:00:00,17.24229074889868,227.0,2.0,583.7,1.0,591.2
2026-04-21T11:00:00,26.661538461538463,234.0,1.1718805970149253,603.0,1.0103187597979446,574.1
2026-04-21T12:00:00,28.590308370044053,227.0,1.1768403361344537,595.0,1.1306086651464655,570.1
2026-04-21T13:00:00,26.715859030837006,227.0,1.5065950662862897,595.9,1.0264326772339314,574.1
2026-04-21T14:00:00,28.41409691629956,227.0,1.4867915064370507,598.1,1.4029298031701793,574.1
2026-04-21T15:00:00,26.55726495726496,234.0,1.1317596566523604,605.8,1.4463216979477285,570.1
2026-04-21T16:00:00,28.502202643171806,227.0,1.138153395212506,614.1,1.8143475126171593,554.8
2026-04-21T17:00:00,26.224657534246575,219.0,1.0157697666318355,574.2,1.425928521373511,570.8
2026-04-21T18:00:00,26.459471365638766,227.0,1.0733582999477442,574.1,1.365862611431568,572.1
2026-04-21T19:00:00,25.98414795244386,227.1,2.371475352726006,574.1,1.4761736049601417,564.5
2026-04-21T20:00:00,28.765690376569037,239.0,1.7338390524298903,574.1,1.0,574.2
2026-04-21T21:00:00,26.171548117154813,239.0,1.0695797198132089,599.6,1.0,570.2
2026-04-21T22:00:00,31.30118890356671,227.1,1.0500383208500261,574.1,0.9948266852464728,574.1
2026-04-21T23:00:00,26.359832635983263,239.0,1.1050862219125588,574.1,1.621470431539691,563.1
2026-04-22T00:00:00,26.04288609647345,246.7,7.4099823008849555,565.0,14.732,570.0
2026-04-22T01:00:00,19.83606557377049,231.8,7.259954711722696,574.1,8.67020905923345,574.0
2026-04-22T02:00:00,24.03941487200325,246.1,14.630662020905923,574.0,12.926829268292684,574.0
2026-04-22T03:00:00,27.2790294627383,230.8,14.497386759581882,574.0,12.791342971607733,574.1
2026-04-22T04:00:00,22.322439024390246,246.0,21.340853658536584,574.0,14.630662020905923,574.0
2026-04-22T05:00:00,24.048780487804876,246.0,14.626219512195123,574.0,14.630662020905923,574.0
2026-04-22T06:00:00,29.93942191544435,231.8,14.838599547117227,574.1,12.927190384950357,574.1
2026-04-22T07:00:00,29.917327586206895,232.0,25.600435540069686,574.0,12.926829268292684,574.0
2026-04-22T08:00:00,36.30172413793103,232.0,29.891114982578397,574.0,12.926829268292684,574.0
2026-04-22T09:00:00,36.95303748384317,232.1,13.67829383886256,633.0,26.094955595026644,563.0
2026-04-22T10:00:00,36.27131782945737,232.2,29.960714285714285,574.0,8.64593467685893,575.6
2026-04-22T11:00:00,31.68328319724968,232.7,21.431184668989548,574.0,14.58611111111111,576.0
2026-04-22T12:00:00,30.774812343619683,239.8,29.38949256791389,585.3,24.942258990376498,592.3
2026-04-22T13:00:00,30.24488188976378,254.0,11.87645394530022,636.2,20.845139475908706,591.5
2026-04-22T14:00:00,31.775862068965516,232.0,12.791250430589045,580.6,24.950346225299782,592.1
2026-04-22T15:00:00,31.825531914893617,235.0,12.786517395797452,580.6,29.33231707317073,590.4
2026-04-22T16:00:00,27.189134860050892,235.8,12.739133425034387,581.6,25.37417386883579,590.1
2026-04-22T17:00:00,26.913127606338616,239.8,12.355907534246576,584.0,16.766163244527405,589.3
2026-04-22T18:00:00,26.17391304347826,230.0,8.381699678347722,590.7,9.033687354795884,602.6
2026-04-22T19:00:00,25.84251968503937,254.0,8.735405499477897,574.6,16.725699481865284,579.0
2026-04-22T20:00:00,25.23076923076923,234.0,8.42482124616956,587.4,25.162548986198672,586.9
2026-04-22T21:00:00,26.17391304347826,230.0,8.242167471283503,600.7,12.241476420596568,600.1
2026-04-22T22:00:00,25.23076923076923,234.0,12.510321921308124,587.1,25.322915230875257,580.4
2026-04-22T23:00:00,33.81748031496063,254.0,8.029857819905214,633.0,12.806473829201101,580.8
2026-04-23T00:00:00,23.502057613168724,243.0,1.0,630.5,1.852787456445993,574.0
2026-04-23T01:00:00,19.012727272727272,220.0,1.0,619.9,1.5937545126353792,554.0
2026-04-23T02:00:00,19.93425925925926,216.0,1.0,590.9,1.5331010452961673,574.0
2026-04-23T03:00:00,27.914893617021278,235.0,1.0,582.8,3.958872540329729,564.1
2026-04-23T04:00:00,24.606468085106382,235.0,1.0,585.4,1.5832892649391856,567.3
2026-04-23T05:00:00,31.493506493506494,231.0,1.0,588.6,2.007161850735685,564.1
2026-04-23T06:00:00,28.441558441558442,231.0,1.0,596.4,1.2332404181184669,574.0
2026-04-23T07:00:00,22.043478260869566,241.5,1.0,590.8,1.0067913490515865,564.1
2026-04-23T08:00:00,17.137662337662338,231.0,1.0605177993527508,618.0,1.0069163763066202,574.0
2026-04-23T09:00:00,54.15890688259109,247.0,1.0215661478599223,616.8,1.0073447283804366,590.9
2026-04-23T10:00:00,19.811155378486056,251.0,1.0,636.6,1.0072448979591837,588.0
2026-04-23T11:00:00,17.659574468085108,235.0,1.0156750152718388,654.8,1.0068865179437438,618.6
2026-04-23T12:00:00,27.854661354581673,251.0,1.0,662.3,1.073020625415835,601.2
2026-04-23T13:00:00,21.454183266932272,251.0,1.0,656.0,1.1225705329153606,606.1
2026-04-23T14:00:00,18.48582995951417,247.0,1.0,657.7,1.7302164216091194,605.3
2026-04-23T15:00:00,17.96254980079681,251.0,1.0161101655577904,646.3,1.0141853243994117,611.9
2026-04-23T16:00:00,21.940635166537568,258.2,1.0,625.9,1.7417154189390183,605.1
2026-04-23T17:00:00,20.450996015936255,251.0,1.0,627.0,1.7364921030756442,601.5
2026-04-23T18:00:00,39.327176423735565,251.1,1.0,614.5,1.0413111513753912,607.1
2026-04-23T19:00:00,21.40239043824701,251.0,1.0,613.6,1.0195641487792888,610.3
2026-04-23T20:00:00,17.730677290836653,251.0,1.015947231170425,651.9,1.0198750616472136,608.3
2026-04-23T21:00:00,18.959731543624162,238.4,1.061270801815431,661.0,1.0202601300650325,599.7
2026-04-23T22:00:00,14.524302788844622,251.0,1.0160813477007133,658.9,1.2027489104927924,596.6
2026-04-23T23:00:00,18.278117154811717,239.0,1.0,665.3,1.7052561543579507,601.2
2026-04-24T00:00:00,15.252978918423464,218.2,1.102439024390244,574.0,1.7882476024411509,573.5
2026-04-24T01:00:00,15.212093449381586,218.3,1.1117549668874172,604.0,23.48518454340669,577.1
2026-04-24T02:00:00,16.282608695652176,230.0,1.112748344370861,604.0,4.142805280528052,575.7
2026-04-24T03:00:00,13.804347826086957,230.0,1.1206968641114983,574.0,8.079383802816901,568.0
2026-04-24T04:00:00,13.70401337792642,239.2,1.3,574.3,4.081379310344827,580.0
2026-04-24T05:00:00,15.0,219.8,1.1295945945945947,592.0,1.8001475025142475,596.6
2026-04-24T06:00:00,17.190354868061874,219.8,1.1682926829268292,574.0,3.680119965724079,583.5
2026-04-24T07:00:00,17.295652173913044,230.0,1.5023457235654998,554.2,2.2830188679245285,583.0
2026-04-24T08:00:00,25.92391304347826,239.2,1.7953723788864786,553.2,1.8085365853658537,574.0
2026-04-24T09:00:00,17.06086956521739,230.0,1.2139469026548673,565.0,1.7350877192982457,570.0
2026-04-24T10:00:00,15.780045351473923,220.5,1.4476306620209058,574.0,1.7475054963639438,591.3
2026-04-24T11:00:00,19.205685618729095,239.2,2.0169779286926994,589.0,1.7467893731550617,575.9
2026-04-24T12:00:00,24.772845528455285,246.0,2.314076655052265,574.0,4.048339927748151,581.3
2026-04-24T13:00:00,17.534782608695654,230.0,1.8551385478779376,570.2,4.009650373387644,589.2
2026-04-24T14:00:00,20.13389121338912,239.0,4.248780487804878,574.0,4.096188034188034,585.0
2026-04-24T15:00:00,18.899079497907948,239.0,1.709375,566.4,1.8163535142658316,574.8
2026-04-24T16:00:00,16.182053494391717,231.8,3.9108169308482843,574.1,4.113788201847903,562.8
2026-04-24T17:00:00,18.025229357798164,218.0,1.3881010452961673,574.0,2.735708034307719,571.3
2026-04-24T18:00:00,25.192660550458715,218.0,1.3,574.0,2.0,582.3
2026-04-24T19:00:00,17.89217391304348,230.0,1.3280353982300885,565.0,1.7985860728172498,565.8
2026-04-24T20:00:00,18.02637614678899,218.0,2.6121212121212123,577.5,1.8273462953231738,570.9
2026-04-24T21:00:00,20.10091743119266,218.0,3.971513409961686,574.2,2.624124120512358,554.3
2026-04-24T22:00:00,21.53211009174312,218.0,1.1473666777078504,603.8,3.9935219911353563,586.6
2026-04-24T23:00:00,17.48532110091743,218.0,1.127814569536424,588.9,1.2860346585117228,588.6
2026-04-25T00:00:00,16.30188679245283,212.0,1.0677756149354096,565.1,1.2863740930808707,565.1
2026-04-25T01:00:00,14.733962264150943,212.0,1.1169656854206584,574.1,1.7273867595818815,574.0
2026-04-25T02:00:00,14.728301886792453,212.0,1.0265458979271904,574.1,1.735063577773907,574.1
2026-04-25T03:00:00,16.475770925110133,227.0,1.1405922313185857,574.1,1.7344005568122498,574.7
2026-04-25T04:00:00,14.639150943396226,212.0,1.2130012192997734,574.1,1.7442653528066163,568.3
2026-04-25T05:00:00,14.67138142385667,212.1,1.3420728096150496,574.1,1.7089357254833653,574.1
2026-04-25T06:00:00,14.573127753303964,227.0,2.4193171921268073,574.1,1.7298380073157986,574.1
2026-04-25T07:00:00,16.757322175732217,239.0,3.3360537957883563,565.1,1.7136548842068606,574.3
2026-04-25T08:00:00,14.573127753303964,227.0,4.797984441301273,565.6,1.7190466249130132,574.8
2026-04-25T09:00:00,22.30616740088106,227.0,3.7228496777564883,574.1,1.721345385016513,575.3
2026-04-25T10:00:00,24.9581589958159,239.0,1.3124368576902978,574.1,1.733815149409312,575.6
2026-04-25T11:00:00,22.55040650406504,246.0,3.3385365422049196,565.1,1.7474824191279887,568.8
2026-04-25T12:00:00,23.01762114537445,227.0,3.996167914997387,574.1,4.035776311219173,575.8
2026-04-25T13:00:00,16.254716981132077,212.0,3.628636126110434,574.1,2.7331017714484194,575.8
2026-04-25T14:00:00,16.254716981132077,212.0,4.157297109021247,574.2,2.9358520062532567,575.7
2026-04-25T15:00:00,16.358490566037737,212.0,3.3603274690820415,574.1,3.9536216779572695,575.7
2026-04-25T16:00:00,16.50943396226415,212.0,3.348273819892005,574.1,3.9521745249824067,568.4
2026-04-25T17:00:00,16.79245283018868,212.0,3.378407942867096,574.1,4.1085714285714285,564.2
2026-04-25T18:00:00,14.584905660377359,212.0,1.2155129768333044,574.1,4.226825479026411,579.3
2026-04-25T19:00:00,14.44811320754717,212.0,1.1702424349672624,565.1,1.7360420315236427,571.0
2026-04-25T20:00:00,14.433962264150944,212.0,1.3324664692562271,574.1,1.738972304476572,574.1
2026-04-25T21:00:00,14.533450704225352,227.2,1.4212721584984358,575.4,3.9444219499200854,563.1
2026-04-25T22:00:00,13.915094339622641,212.0,1.04,574.1,1.7344239470936305,574.6
2026-04-25T23:00:00,16.15566037735849,212.0,1.0,574.1,1.7272094641614475,574.8
2026-04-26T00:00:00,13.852863436123348,227.0,1.5179715302491104,562.0,1.715538407576289,570.2
2026-04-26T01:00:00,13.62928870292887,239.0,2.3079646017699114,565.0,1.7324881641241452,570.3
2026-04-26T02:00:00,13.699581589958159,239.0,1.523170731707317,574.0,1.7023933402705516,576.6
2026-04-26T03:00:00,13.821016659547203,234.1,3.6244247787610617,565.0,1.7263542936770597,574.1
2026-04-26T04:00:00,13.862114537444933,227.0,1.3,546.0,1.719561052081519,574.1
2026-04-26T05:00:00,14.031263760457948,227.1,3.300871080139373,574.0,1.731579864135168,574.1
2026-04-26T06:00:00,14.38888888888889,216.0,3.6244247787610617,565.0,4.003484320557491,574.0
2026-04-26T07:00:00,24.54700854700855,234.0,3.3606227106227107,546.0,1.8158536585365854,574.0
2026-04-26T08:00:00,18.736401673640167,239.0,7.201117318435754,537.0,1.8941902939641677,574.9
2026-04-26T09:00:00,17.24439024390244,246.0,4.467411545623836,537.0,2.0,564.5
2026-04-26T10:00:00,17.402439024390244,246.0,4.406871609403255,553.0,4.511504424778761,565.0
2026-04-26T11:00:00,17.29268292682927,246.0,4.443037974683544,553.0,2.2322592005634796,567.9
2026-04-26T12:00:00,19.047698744769875,239.0,6.198553345388788,553.0,2.6854012018381055,565.8
2026-04-26T13:00:00,22.0,239.0,4.1734921816828,537.2,2.4614572333685323,568.2
2026-04-26T14:00:00,19.235146443514644,239.0,4.137432188065099,553.0,2.0784982935153584,556.7
2026-04-26T15:00:00,19.30502092050209,239.0,4.137432188065099,553.0,2.0,569.1
2026-04-26T16:00:00,19.021338912133892,239.0,7.607308440983896,565.1,2.2520528382720455,560.2
2026-04-26T17:00:00,15.727659574468085,235.0,4.142857142857143,553.0,2.798791325986491,562.6
2026-04-26T18:00:00,13.232028301886793,212.0,3.633092224231465,553.0,2.7390243902439027,574.0
2026-04-26T19:00:00,13.13215859030837,227.0,7.426548672566372,565.0,1.7963414634146342,574.0
2026-04-26T20:00:00,12.251141552511415,219.0,4.26856504745952,537.3,1.3,574.0
2026-04-26T21:00:00,14.189427312775331,227.0,6.498257839721254,574.0,1.5219686411149826,574.0
2026-04-26T22:00:00,14.136563876651982,227.0,1.7964601769911503,565.0,1.2954250657318143,570.5
2026-04-26T23:00:00,14.083700440528634,227.0,2.428048780487805,574.0,1.1931184668989547,574.0
2026-04-27T00:00:00,13.93867924528302,212.0,2.264424778761062,565.0,1.3736933797909407,574.0
2026-04-27T01:00:00,12.87944365865158,212.1,6.17433628318584,565.0,1.7531083481349912,563.0
2026-04-27T02:00:00,16.06132075471698,212.0,1.8385840707964602,565.0,1.8182926829268293,574.0
2026-04-27T03:00:00,19.643171806167402,227.0,4.067039106145251,537.0,1.3,574.0
2026-04-27T04:00:00,16.950989632422242,212.2,4.429635145197319,537.2,1.8121951219512196,574.0
2026-04-27T05:00:00,20.372082782915015,227.1,3.090753549326538,549.4,1.3,570.5
2026-04-27T06:00:00,18.02114537444934,227.0,4.0058386411889595,565.2,1.6338648987636624,558.1
2026-04-27T07:00:00,23.81057268722467,227.0,6.592702903946389,537.2,3.554955271005087,570.1
2026-04-27T08:00:00,24.325991189427313,227.0,4.96941984456895,553.3,1.0993380944086395,574.1
2026-04-27T09:00:00,25.776299559471365,227.0,4.362025316455696,537.2,1.0993380944086395,574.1
2026-04-27T10:00:00,22.0,227.0,3.1654127481713688,574.2,1.018090924925971,574.1
2026-04-27T11:00:00,20.277444933920705,227.0,2.87939262472885,553.2,1.5829854411506754,570.1
2026-04-27T12:00:00,20.244493392070485,227.0,3.197492163009404,574.2,1.0579144009822838,570.1
2026-04-27T13:00:00,20.646603773584907,212.0,3.601804351671679,565.3,1.5432503048249433,574.1
2026-04-27T14:00:00,20.279603524229074,227.0,3.997041934922568,574.7,1.2014979968646577,574.1
2026-04-27T15:00:00,17.110308370044052,227.0,3.2082429501084597,553.2,1.3,574.1
2026-04-27T16:00:00,16.933920704845814,227.0,1.3,591.7,1.3,574.1
2026-04-27T17:00:00,16.211453744493394,227.0,1.1560431905259492,574.2,1.2854729141264587,574.1
2026-04-27T18:00:00,22.4811320754717,212.0,1.2920668801138384,562.2,1.3236958428345904,570.1
2026-04-27T19:00:00,24.920704845814978,227.0,1.1229536746778126,574.2,1.3,574.1
2026-04-27T20:00:00,22.647577092511014,227.0,1.3203761755485894,574.2,1.1111478836439646,574.1
2026-04-27T21:00:00,20.11806167400881,227.0,1.094148380355277,574.2,1.0836613830343145,574.1
2026-04-27T22:00:00,23.08237885462555,227.0,1.094055201698514,565.2,1.0,554.1
2026-04-27T23:00:00,23.60702634880803,239.1,1.0951933124346918,574.2,1.1125065319630727,574.1
2026-04-28T00:00:00,32.0,212.0,3.805458028561477,574.2,1.757185159379899,574.1
2026-04-28T01:00:00,18.132075471698112,212.0,1.013247311827957,604.5,1.7389621318373072,570.4
2026-04-28T02:00:00,14.581132075471698,212.0,1.1981132075471699,604.2,1.1915694129942518,574.1
2026-04-28T03:00:00,14.267924528301887,212.0,0.9980104438642298,574.5,1.2774795331823725,574.1
2026-04-28T04:00:00,14.267924528301887,212.0,0.990846394984326,574.2,1.8060094060268246,574.1
2026-04-28T05:00:00,15.39622641509434,212.0,0.9904806687565308,574.2,2.620815188991465,574.1
2026-04-28T06:00:00,16.145283018867925,212.0,3.8903866248693837,574.2,1.526789757881902,574.1
2026-04-28T07:00:00,18.81568281938326,227.0,1.2683395383469844,537.2,1.5329327760362244,574.2
2026-04-28T08:00:00,17.986387665198237,227.0,1.2499825844653432,574.2,1.3,574.2
2026-04-28T09:00:00,24.336320754716983,212.0,1.0203932296118994,584.9,1.227189132706374,574.2
2026-04-28T10:00:00,21.44581497797357,227.0,1.2050242191414733,598.7,4.239853684027173,574.1
2026-04-28T11:00:00,18.492070484581497,227.0,1.2082555445216816,604.2,4.232549634273772,574.2
2026-04-28T12:00:00,19.949339207048457,227.0,1.2935109717868338,574.2,4.191222570532916,574.2
2026-04-28T13:00:00,19.84100418410042,239.0,1.5999139357828533,604.2,1.6238905455183301,570.1
2026-04-28T14:00:00,19.449339207048457,227.0,1.391142005958292,604.2,4.207876474670368,576.4
2026-04-28T15:00:00,18.569162995594713,227.0,1.018763497039359,574.2,2.0650607427976397,576.2
2026-04-28T16:00:00,20.316622691292874,227.4,1.019616858237548,574.2,5.544362873623492,572.1
2026-04-28T17:00:00,22.687224669603523,227.0,1.0202264019505398,574.2,4.179133170220203,572.2
2026-04-28T18:00:00,22.497907949790793,239.0,1.0,574.2,1.918199233716475,574.2
2026-04-28T19:00:00,25.0,246.0,1.1731214829526646,604.2,4.108847091605712,574.2
2026-04-28T20:00:00,26.234309623430963,239.0,1.1644803229061553,594.6,1.3622040389972145,574.4
2026-04-28T21:00:00,21.44625550660793,227.0,1.180410935051367,574.3,1.2537471345441722,567.1
2026-04-28T22:00:00,22.308370044052865,227.0,1.0964516663903168,603.1,3.306954022988506,574.2
2026-04-28T23:00:00,21.325550660792953,227.0,1.2124296590532937,604.2,1.2467712925409982,567.1
2026-04-29T00:00:00,13.841463414634147,246.0,1.8233449477351917,574.0,1.7658536585365854,574.0
2026-04-29T01:00:00,13.78048780487805,246.0,3.0831525668835864,553.2,1.773170731707317,574.0
2026-04-29T02:00:00,16.85022026431718,227.0,1.6059233449477353,574.0,1.282140350877193,570.0
2026-04-29T03:00:00,11.977973568281937,227.0,2.0,565.0,1.7729390681003585,558.0
2026-04-29T04:00:00,11.661087866108787,239.0,1.8350813743218806,553.0,3.004161703663599,554.1
2026-04-29T05:00:00,18.68867924528302,212.0,1.6249557522123894,565.0,1.9456968641114982,574.0
2026-04-29T06:00:00,18.318867924528302,212.0,5.047718564959944,574.2,1.221637630662021,574.0
2026-04-29T07:00:00,22.48658536585366,246.0,20.88659217877095,537.0,1.3656968641114982,574.0
2026-04-29T08:00:00,27.75770925110132,227.0,5.2404181184668985,574.0,1.0108540615759263,574.9
2026-04-29T09:00:00,42.01797886393659,227.1,5.3794425087108015,574.0,0.8905263157894737,570.0
2026-04-29T10:00:00,26.960162601626017,246.0,10.623836126629422,537.0,1.2181881533101044,574.0
2026-04-29T11:00:00,26.056910569105693,246.0,5.342508710801393,574.0,1.0,574.0
2026-04-29T12:00:00,15.475776397515528,241.5,1.7853658536585366,574.0,1.944390243902439,574.0
2026-04-29T13:00:00,13.363414634146341,246.0,1.7853658536585366,574.0,1.7613240418118468,574.0
2026-04-29T14:00:00,13.50878661087866,239.0,2.2936283185840707,565.0,2.8814285714285712,574.0
2026-04-29T15:00:00,13.473821989528796,248.3,1.4863414634146341,574.0,1.525574912891986,574.0
2026-04-29T16:00:00,13.981927710843374,249.0,1.7190243902439024,574.0,2.901707317073171,574.0
2026-04-29T17:00:00,15.58026208026208,244.2,1.3,574.0,2.1573170731707316,574.0
2026-04-29T18:00:00,16.181102362204726,254.0,1.8042477876106195,565.0,2.105964912280702,570.0
2026-04-29T19:00:00,15.300531697341514,244.5,4.969337979094076,574.0,1.8207317073170732,574.0
2026-04-29T20:00:00,24.625550660792953,227.0,3.905175145220912,568.1,1.2184668989547038,574.0
2026-04-29T21:00:00,20.762555066079294,227.0,5.0,575.4,0.9087719298245615,570.0
2026-04-29T22:00:00,22.268200836820085,239.0,2.898096885813149,578.0,1.0938947368421053,570.0
2026-04-29T23:00:00,35.24185022026432,227.0,2.54480053862986,594.1,1.1231707317073172,574.0
2026-04-30T00:00:00,18.828451882845187,239.0,1.04,594.0,1.1084494773519165,574.0
2026-04-30T01:00:00,16.574058577405857,239.0,1.082020905923345,574.0,1.7317073170731707,574.0
2026-04-30T02:00:00,16.411894273127754,227.0,1.1335016835016836,594.0,1.7264808362369337,574.0
2026-04-30T03:00:00,20.460251046025103,239.0,1.091567944250871,574.0,4.505226480836237,574.0
2026-04-30T04:00:00,17.374449339207047,227.0,1.027665505226481,574.0,1.4373344947735192,574.0
2026-04-30T05:00:00,21.28301886792453,212.0,0.996794425087108,574.0,1.6421052631578947,570.0
2026-04-30T06:00:00,34.11453744493392,227.0,4.218205574912892,574.0,4.299128919860627,574.0
2026-04-30T07:00:00,17.225213675213674,234.0,5.941805309734513,565.0,1.8693379790940767,574.0
2026-04-30T08:00:00,17.148535564853557,239.0,5.027964601769911,565.0,1.666376306620209,574.0
2026-04-30T09:00:00,18.84100418410042,239.0,2.9854368932038833,566.5,1.7613240418118468,574.0
2026-04-30T10:00:00,16.619246861924687,239.0,3.022589531680441,580.8,1.545418118466899,574.0
2026-04-30T11:00:00,16.947280334728035,239.0,1.7198653198653198,594.0,1.1622822299651567,574.0
2026-04-30T12:00:00,18.05439330543933,239.0,1.2,594.2,1.1170731707317074,574.0
2026-04-30T13:00:00,27.10569105691057,246.0,1.2,594.4,1.1260452961672474,574.0
2026-04-30T14:00:00,19.923608289313286,246.1,2.0988157436433297,574.2,1.564373897707231,567.0
2026-04-30T15:00:00,19.022764227642277,246.0,1.2696621386276559,574.2,1.7910877192982455,570.0
2026-04-30T16:00:00,24.72818904224174,239.1,1.1244949494949494,594.0,1.754355400696864,574.0
2026-04-30T17:00:00,18.22192468619247,239.0,1.7477234401349073,593.0,1.7826714801444044,554.0
2026-04-30T18:00:00,15.929073547338481,246.1,1.770242214532872,578.0,2.263440860215054,558.0
2026-04-30T19:00:00,17.335849056603774,212.0,5.184236654199252,588.2,1.5234146341463415,574.0
2026-04-30T20:00:00,14.676415094339623,212.0,3.8878048780487804,574.0,1.104006968641115,574.0
2026-04-30T21:00:00,13.648535564853557,239.0,3.3885017421602788,574.0,1.07801393728223,574.0
2026-04-30T22:00:00,16.539285714285715,240.8,3.1277068965517243,580.0,1.014006968641115,574.0
2026-04-30T23:00:00,16.585042735042734,234.0,1.67602787456446,574.0,1.0770433571304197,574.3
2026-05-01T00:00:00,20.203111739745403,212.1,1.207439024390244,574.0,1.0,574.0
2026-05-01T01:00:00,20.732367149758453,227.7,1.0579268292682926,574.0,1.0139024390243903,574.0
2026-05-01T02:00:00,26.0,212.0,0.9613240418118467,574.0,0.9956127886323268,563.0
2026-05-01T03:00:00,29.46183962264151,212.0,0.9634146341463414,574.0,0.9412280701754386,570.0
2026-05-01T04:00:00,19.37628384687208,214.2,1.2062891986062718,574.0,1.2085365853658536,574.0
2026-05-01T05:00:00,19.477736202057997,213.8,1.075609756097561,574.0,1.0,574.1
2026-05-01T06:00:00,24.36616399622997,212.2,0.967595818815331,574.0,1.1429467084639497,574.2
2026-05-01T07:00:00,26.61320754716981,212.0,1.0096689895470383,574.0,1.1324277255311739,574.2
2026-05-01T08:00:00,20.143396226415096,212.0,0.8615156794425087,574.0,1.1383275261324042,574.0
2026-05-01T09:00:00,21.72641509433962,212.0,0.9727351916376307,574.0,1.4718466898954703,574.0
2026-05-01T10:00:00,26.88679245283019,212.0,1.2042508710801394,574.0,1.7840473702542667,574.2
2026-05-01T11:00:00,21.799812909260993,213.8,1.4704755269116878,574.1,1.789198606271777,574.0
2026-05-01T12:00:00,23.8359778597786,216.8,1.5897212543554007,574.0,4.243456790123457,567.0
2026-05-01T13:00:00,24.187671232876713,219.0,1.5265132743362833,565.0,3.205383275261324,574.0
2026-05-01T14:00:00,26.969147005444647,220.4,1.7037037037037037,594.0,3.1754878048780486,574.0
2026-05-01T15:00:00,23.69053497942387,218.7,1.687878787878788,594.0,3.137822299651568,574.0
2026-05-01T16:00:00,21.796500920810313,217.2,3.0219865319865318,594.0,3.108867595818815,574.0
2026-05-01T17:00:00,21.64625550660793,227.0,1.487595818815331,574.0,1.0738675958188153,574.0
2026-05-01T18:00:00,14.537918871252204,226.8,0.9592334494773519,574.0,1.2121951219512195,574.0
2026-05-01T19:00:00,13.4703300330033,212.1,1.201219512195122,574.0,1.0709109911165302,574.1
2026-05-01T20:00:00,19.339622641509433,212.0,1.0168141592920354,565.0,1.0721351445489375,574.2
2026-05-01T21:00:00,18.134476279943634,212.9,1.197560975609756,574.0,0.9494623655913978,558.0
2026-05-01T22:00:00,22.71188811188811,214.5,0.948780487804878,574.0,0.8406749555950267,563.0
2026-05-01T23:00:00,16.779641847313854,212.2,1.2045644599303136,574.0,1.5747619047619048,567.0
2026-05-02T00:00:00,13.93867924528302,212.0,0.9245644599303136,574.0,1.1098872950819672,585.6
2026-05-02T01:00:00,13.915094339622641,212.0,1.0707317073170732,574.0,1.042180774748924,557.6
2026-05-02T02:00:00,14.00943396226415,212.0,1.0278745644599303,574.0,1.1,564.0
2026-05-02T03:00:00,14.150943396226415,212.0,1.118170731707317,574.0,1.10886887233674,577.3
2026-05-02T04:00:00,15.416981132075472,212.0,1.2553805309734514,565.0,1.109271523178808,573.8
2026-05-02T05:00:00,14.075377358490567,212.0,1.1184668989547037,574.0,1.1067317753749564,573.4
2026-05-02T06:00:00,16.022114537444935,227.0,1.0149825783972126,574.0,1.0674911660777384,566.0
2026-05-02T07:00:00,16.08193832599119,227.0,1.0686411149825783,574.0,1.1104278538021826,577.3
2026-05-02T08:00:00,16.09539748953975,239.0,1.1386866399581954,574.1,1.383551950293407,579.4
2026-05-02T09:00:00,14.382075471698114,212.0,1.221254355400697,574.0,1.1172119735468151,574.6
2026-05-02T10:00:00,19.777829529576152,214.7,3.5938697318007664,574.2,1.1168086215887363,575.3
2026-05-02T11:00:00,20.631901041666666,230.4,1.143504005572971,574.2,1.3094178387039346,561.7
2026-05-02T12:00:00,19.78502202643172,227.0,1.724486241727621,574.2,1.2138517618469016,576.1
2026-05-02T13:00:00,19.25374449339207,227.0,1.7973876698014628,574.2,1.210376007162041,558.5
2026-05-02T14:00:00,25.62511013215859,227.0,1.7122953674677812,574.2,1.19130054262209,571.3
2026-05-02T15:00:00,21.87584345479082,222.3,1.3503787878787878,580.8,1.2171745152354572,577.6
2026-05-02T16:00:00,19.591509433962266,212.0,4.032149076976663,574.2,2.3844390413337964,575.8
2026-05-02T17:00:00,18.404997642621407,212.1,1.7803204458376871,574.2,1.1501312335958005,571.5
2026-05-02T18:00:00,17.460975609756098,246.0,3.084189448023681,574.3,1.229250994637606,578.1
2026-05-02T19:00:00,20.02092050209205,239.0,1.8783797909407665,574.0,1.229465702697937,567.1
2026-05-02T20:00:00,16.013495864170658,229.7,1.7768681414387737,574.1,1.22949939372943,577.3
2026-05-02T21:00:00,14.391644908616188,229.8,3.4080369273645705,574.1,1.146524064171123,561.0
2026-05-02T22:00:00,16.202643171806166,227.0,1.6973451327433628,565.0,1.146830985915493,568.0
2026-05-02T23:00:00,15.81338028169014,227.2,2.0,586.2,1.2907507402891483,574.1
2026-05-03T00:00:00,21.330396475770925,227.0,4.280487804878049,574.0,1.3754355400696865,574.0
2026-05-03T01:00:00,16.14977973568282,227.0,5.881533101045296,574.0,1.5136842105263157,570.0
2026-05-03T02:00:00,15.04273127753304,227.0,5.784070796460177,565.0,1.7358885017421604,574.0
2026-05-03T03:00:00,16.026431718061673,227.0,5.273056057866184,553.0,1.5867247386759582,574.0
2026-05-03T04:00:00,14.502202643171806,227.0,5.5987341772151895,553.0,1.737979094076655,574.0
2026-05-03T05:00:00,14.54625550660793,227.0,4.0,553.0,1.763101604278075,561.0
2026-05-03T06:00:00,20.070484581497798,227.0,4.682926829268292,574.0,1.3806620209059233,574.0
2026-05-03T07:00:00,14.65566037735849,212.0,3.831858407079646,565.0,1.2252613240418118,574.0
2026-05-03T08:00:00,22.026431718061673,227.0,3.181184668989547,574.0,1.0818292682926829,574.0
2026-05-03T09:00:00,21.08786610878661,239.0,3.1348432055749127,574.0,1.2242160278745644,574.0
2026-05-03T10:00:00,19.334801762114537,227.0,1.8466898954703832,574.0,1.2294425087108014,574.0
2026-05-03T11:00:00,19.317073170731707,246.0,1.8466898954703832,574.0,1.3,570.0
2026-05-03T12:00:00,19.585365853658537,246.0,2.529616724738676,574.0,3.396931407942238,554.0
2026-05-03T13:00:00,22.577405857740587,239.0,3.1778761061946903,565.0,5.7178700361010835,554.0
2026-05-03T14:00:00,19.630081300813007,246.0,1.8458188153310104,574.0,4.6103971119133575,554.0
2026-05-03T15:00:00,20.110132158590307,227.0,1.8475004354642048,574.1,5.851083032490974,554.0
2026-05-03T16:00:00,19.73347280334728,239.0,4.361274679598199,577.4,9.816163410301954,563.0
2026-05-03T17:00:00,22.0418410041841,239.0,4.349587912087912,582.4,4.00383275261324,574.0
2026-05-03T18:00:00,14.69245283018868,212.0,11.948460740228295,578.2,1.7410526315789474,570.0
2026-05-03T19:00:00,19.339622641509433,212.0,7.4639846743295015,574.2,1.171567944250871,574.0
2026-05-03T20:00:00,21.037735849056602,212.0,3.902439024390244,574.0,1.0278048780487805,574.0
2026-05-03T21:00:00,17.22877358490566,212.0,3.208754208754209,594.0,1.028362369337979,574.0
2026-05-03T22:00:00,15.702830188679245,212.0,1.8501742160278745,574.0,1.0,574.0
2026-05-03T23:00:00,15.0,212.0,1.3637630662020905,574.0,1.0,574.0
2026-05-04T00:00:00,15.823788546255507,227.0,4.314647377938517,553.0,1.2854006968641114,574.0
2026-05-04T01:00:00,14.986784140969164,227.0,2.2831858407079646,565.0,1.4474142434267805,574.3
2026-05-04T02:00:00,13.969811320754717,212.0,2.5831858407079644,565.0,1.5358188153310104,574.0
2026-05-04T03:00:00,13.884528301886792,212.0,2.5557491289198606,574.0,1.5046315789473683,570.0
2026-05-04T04:00:00,14.771698113207547,212.0,3.1823008849557524,565.0,1.617630662020906,574.0
2026-05-04T05:00:00,21.34361233480176,227.0,4.179851024208566,537.0,1.1967770034843206,574.0
2026-05-04T06:00:00,15.0,227.0,7.019891500904159,553.0,1.271341463414634,574.0
2026-05-04T07:00:00,21.82819383259912,227.0,7.16376306620209,574.0,1.1999128919860627,574.0
2026-05-04T08:00:00,17.169811320754718,212.0,6.0,565.0,1.107105538140021,574.2
2026-05-04T09:00:00,21.497797356828194,227.0,6.3628318584070795,565.0,1.1663948798877783,570.3
2026-05-04T10:00:00,15.982378854625551,227.0,4.444247787610619,565.0,1.2778919860627178,574.0
2026-05-04T11:00:00,16.088105726872246,227.0,4.828632584468424,565.3,1.1644599303135887,574.0
2026-05-04T12:00:00,15.0,212.0,4.48005829903978,583.2,1.1270034843205574,574.0
2026-05-04T13:00:00,15.955947136563877,227.0,3.9878048780487805,574.0,1.123815331010453,574.0
2026-05-04T14:00:00,16.45374449339207,227.0,4.0060975609756095,574.0,1.343205574912892,574.0
2026-05-04T15:00:00,16.45374449339207,227.0,3.2017421602787457,574.0,1.348458456714858,574.1
2026-05-04T16:00:00,15.0,227.0,4.561026548672566,565.0,1.9636759581881533,574.0
2026-05-04T17:00:00,15.0,212.0,3.9433739012846516,591.6,1.197822299651568,574.0
2026-05-04T18:00:00,16.297169811320753,212.0,4.643728222996516,574.0,1.1655923344947736,574.0
2026-05-04T19:00:00,14.20754716981132,212.0,4.461121157323689,553.0,1.1659649122807016,570.0
2026-05-04T20:00:00,13.6,212.0,5.23463687150838,537.0,1.3560278745644598,574.0
2026-05-04T21:00:00,15.0,212.0,3.1986062717770034,574.0,1.1117770034843206,574.0
2026-05-04T22:00:00,20.306603773584907,212.0,2.851672473867596,574.0,1.1211324041811848,574.0
2026-05-04T23:00:00,17.687224669603523,227.0,1.8318815331010454,574.0,1.105574912891986,574.0
2026-05-05T00:00:00,14.055066079295154,227.0,1.6855749128919861,574.0,1.3,574.0
2026-05-05T01:00:00,14.285849056603773,212.0,1.2171681415929203,565.0,1.7561634103019539,563.0
2026-05-05T02:00:00,15.026415094339622,212.0,1.6517499564687446,574.3,1.8134642356241235,570.4
2026-05-05T03:00:00,14.248584905660378,212.0,1.6741114982578398,574.0,2.0866550522648084,574.0
2026-05-05T04:00:00,15.026415094339622,212.0,1.2144070796460178,565.0,4.07177700348432,574.0
2026-05-05T05:00:00,15.320754716981131,212.0,1.3,574.0,1.8317543859649124,570.0
2026-05-05T06:00:00,14.140969162995594,227.0,2.018128807658834,574.5,1.8170731707317074,574.0
2026-05-05T07:00:00,15.09433962264151,212.0,3.21899703987463,574.3,1.2252613240418118,574.0
2026-05-05T08:00:00,15.132876712328768,219.0,3.2336525069637885,574.4,1.1282578397212544,574.0
2026-05-05T09:00:00,14.415094339622641,212.0,1.6885216785652097,574.3,1.0,574.0
2026-05-05T10:00:00,16.04602510460251,239.0,1.6779965156794425,574.0,1.01444231773099,574.7
2026-05-05T11:00:00,15.832599118942731,227.0,1.6742160278745644,574.0,1.0,570.0
2026-05-05T12:00:00,12.424528301886792,212.0,1.7597560975609756,574.0,1.1557491289198607,574.0
2026-05-05T13:00:00,14.346226415094339,212.0,1.8231707317073171,574.0,1.0872670266504094,574.1
2026-05-05T14:00:00,14.056603773584905,212.0,2.595260663507109,633.0,1.0543157894736843,570.0
2026-05-05T15:00:00,14.19634703196347,219.0,1.706794425087108,574.0,1.3,574.0
2026-05-05T16:00:00,15.404716981132076,212.0,1.665563490681066,574.1,1.4439024390243902,574.0
2026-05-05T17:00:00,17.65566037735849,212.0,1.6694425087108014,574.0,1.227979094076655,574.0
2026-05-05T18:00:00,18.39622641509434,212.0,2.993159557661927,633.0,1.4856271777003485,574.0
2026-05-05T19:00:00,15.446698113207548,212.0,3.4251048725395288,619.8,1.729616724738676,574.0
2026-05-05T20:00:00,14.62122641509434,212.0,4.470522648083624,574.0,1.2275261324041813,574.0
2026-05-05T21:00:00,16.2,212.0,3.11390243902439,574.0,1.142665505226481,574.0
2026-05-05T22:00:00,16.62264150943396,212.0,1.6773463346682917,574.3,1.2294425087108014,574.0
2026-05-05T23:00:00,15.320754716981131,212.0,1.7418079096045198,619.5,1.3973333333333333,570.0
2026-05-06T00:00:00,13.767241379310345,232.0,1.121049092131809,594.8,2.0587979094076654,574.0
2026-05-06T01:00:00,12.973094170403588,223.0,1.027900504435554,574.9,1.7174912891986063,574.0
2026-05-06T02:00:00,13.308016877637131,237.0,1.1268263573709867,594.9,2.0311052631578947,570.0
2026-05-06T03:00:00,12.771300448430493,223.0,1.2734342379958246,574.8,2.0365853658536586,574.0
2026-05-06T04:00:00,12.21359223300971,206.0,1.0278908015997217,575.1,3.0413066202090593,574.0
2026-05-06T05:00:00,27.443946188340806,223.0,1.0,574.8,1.7282229965156795,574.0
2026-05-06T06:00:00,15.847533632286995,223.0,1.6711409395973154,596.0,5.630175438596491,570.0
2026-05-06T07:00:00,19.50224215246637,223.0,1.6708137188971082,594.8,1.343205574912892,574.0
2026-05-06T08:00:00,16.219730941704036,223.0,1.6758574310692669,594.8,1.525574912891986,574.0
2026-05-06T09:00:00,16.514767932489452,237.0,1.7077082624957498,588.2,1.3591463414634146,574.0
2026-05-06T10:00:00,16.9873417721519,237.0,1.6741761936785473,594.8,1.9690243902439024,574.0
2026-05-06T11:00:00,16.93255605381166,223.0,1.6789915966386555,595.0,1.1393728222996515,574.0
2026-05-06T12:00:00,14.155172413793103,232.0,1.6775386684599864,594.8,1.1045296167247387,574.0
2026-05-06T13:00:00,15.556962025316455,237.0,1.627020847343645,594.8,1.2820731707317072,574.0
2026-05-06T14:00:00,16.39240506329114,237.0,1.6888231338264963,594.8,1.3597560975609757,574.0
2026-05-06T15:00:00,16.341772151898734,237.0,1.7437502174291182,574.9,23.28165824769204,574.1
2026-05-06T16:00:00,16.100649350649352,246.4,2.416865824513486,585.8,6.359251123315027,600.9
2026-05-06T17:00:00,14.52506329113924,237.0,1.2927382753403933,594.9,1.3881869867340493,633.2
2026-05-06T18:00:00,13.627802690582959,223.0,1.6809011432414256,594.8,1.966778126088471,574.2
2026-05-06T19:00:00,13.41255605381166,223.0,1.116507218646721,574.9,1.4029268292682926,574.0
2026-05-06T20:00:00,13.335172413793103,232.0,1.7254718981972428,565.8,1.3276462395543176,574.4
2026-05-06T21:00:00,14.497847533632287,223.0,1.648313043478261,575.0,1.1226480836236934,574.0
2026-05-06T22:00:00,18.91479820627803,223.0,1.737035490605428,574.8,1.3463414634146342,574.0
2026-05-06T23:00:00,16.035650224215246,223.0,1.7053306410903584,594.3,1.3463414634146342,574.0
2026-05-07T00:00:00,20.153153153153152,222.0,1.0190023915271609,585.4,1.2087441212332346,574.1
2026-05-07T01:00:00,15.112702702702702,222.0,1.123658536585366,574.0,1.6772339313708413,574.1
2026-05-07T02:00:00,19.569594594594594,222.0,1.1254355400696865,574.0,1.375370144574116,574.1
2026-05-07T03:00:00,21.001518987341772,237.0,1.0863414634146342,574.0,1.678801602508274,574.1
2026-05-07T04:00:00,19.889864864864865,222.0,1.0462717770034844,574.0,1.6772339313708413,574.1
2026-05-07T05:00:00,19.994871794871795,222.3,1.167269439421338,553.0,1.3901759275387564,574.1
2026-05-07T06:00:00,22.44144144144144,222.0,1.2208984175599795,587.7,1.792816091954023,574.2
2026-05-07T07:00:00,21.504504504504503,222.0,2.166955316937998,577.4,1.0745514718690123,574.1
2026-05-07T08:00:00,24.1981981981982,222.0,3.9934079295154183,567.5,1.0,574.5
2026-05-07T09:00:00,24.430379746835442,237.0,1.4011317190451658,582.3,1.0452534401672182,574.1
2026-05-07T10:00:00,20.644144144144143,222.0,1.8627177700348432,574.0,1.1491029437380247,574.1
2026-05-07T11:00:00,19.701621621621623,222.0,2.1749128919860627,574.0,1.2144846796657383,574.4
2026-05-07T12:00:00,23.0210970464135,237.0,1.1982365145228215,578.4,1.154328514196133,574.1
2026-05-07T13:00:00,21.61216216216216,222.0,2.1724078539441956,580.6,1.4021668698832956,574.1
2026-05-07T14:00:00,20.271621621621623,222.0,1.8498446668967898,579.4,2.583145793415781,574.1
2026-05-07T15:00:00,20.333333333333332,222.0,1.1979676197037548,580.6,3.517958543807699,574.1
2026-05-07T16:00:00,20.00216216216216,222.0,1.1936585365853658,574.0,2.2209789235324857,574.1
2026-05-07T17:00:00,20.51801801801802,222.0,1.2166550522648083,574.0,1.383738024734367,574.1
2026-05-07T18:00:00,21.93243243243243,222.0,1.6836372728788132,599.9,1.2893920919700401,574.1
2026-05-07T19:00:00,25.891175146330482,222.1,2.0586035340538684,582.9,1.101815014805783,574.1
2026-05-07T20:00:00,24.16216216216216,222.0,3.3310991304347826,575.0,1.3809856693463824,572.2
2026-05-07T21:00:00,21.52252252252252,222.0,3.735191637630662,574.0,1.0144897248345524,574.2
2026-05-07T22:00:00,24.234234234234233,222.0,1.2090592334494774,574.0,1.0785577425535622,574.1
2026-05-07T23:00:00,20.17117117117117,222.0,2.724738675958188,574.0,1.3928447075208914,574.4
2026-05-08T00:00:00,23.726872246696036,227.0,3.8869226685542384,565.1,23.396341463414632,574.0
2026-05-08T01:00:00,20.674008810572687,227.0,1.7980530973451327,565.0,2.6393728222996518,574.0
2026-05-08T02:00:00,19.88546255506608,227.0,1.7882562277580072,562.0,4.182926829268292,574.0
2026-05-08T03:00:00,21.04273127753304,227.0,1.8076480836236934,574.0,1.8581375108790252,574.5
2026-05-08T04:00:00,22.189958158995815,239.0,1.7819469026548673,565.0,3.075609756097561,574.0
2026-05-08T05:00:00,21.781057268722467,227.0,1.8044599303135889,574.0,1.251219512195122,574.0
2026-05-08T06:00:00,22.502202643171806,227.0,5.0,582.1,2.735191637630662,574.0
2026-05-08T07:00:00,53.76211453744494,227.0,1.7458584070796461,565.0,1.1639372822299652,574.0
2026-05-08T08:00:00,25.770925110132158,227.0,2.8918641114982577,574.0,1.3574912891986062,574.0
2026-05-08T09:00:00,28.217573221757323,239.0,1.6814777327935222,592.8,1.123561403508772,570.0
2026-05-08T10:00:00,27.94979079497908,239.0,1.690909090909091,594.0,1.2263414634146341,574.0
2026-05-08T11:00:00,26.422907488986784,227.0,3.075084175084175,594.0,1.2076480836236934,574.0
2026-05-08T12:00:00,29.69918699186992,246.0,2.9755555555555557,594.0,1.1775783972125435,574.0
2026-05-08T13:00:00,24.131277533039647,227.0,3.0877104377104376,594.0,1.2169473684210526,570.0
2026-05-08T14:00:00,27.84518828451883,239.0,2.018249158249158,594.0,1.4132404181184668,574.0
2026-05-08T15:00:00,27.99581589958159,239.0,1.6698257839721253,574.0,1.6204006968641116,574.0
2026-05-08T16:00:00,22.314977973568283,227.0,2.983205574912892,574.0,2.501480578296464,574.1
2026-05-08T17:00:00,26.439330543933053,239.0,1.6752090592334494,574.0,1.350701754385965,570.0
2026-05-08T18:00:00,27.39622641509434,212.0,2.9862891986062716,574.0,1.2574074074074073,567.0
2026-05-08T19:00:00,25.004716981132077,212.0,3.0031358885017423,574.0,1.4038495035708065,574.1
2026-05-08T20:00:00,38.21243523316062,212.3,3.2090592334494774,574.0,1.1656794425087107,574.0
2026-05-08T21:00:00,23.150943396226417,212.0,1.6717171717171717,594.0,1.65101243339254,563.0
2026-05-08T22:00:00,25.735849056603772,212.0,1.6972822299651569,574.0,1.1160350877192982,570.0
2026-05-08T23:00:00,21.57547169811321,212.0,1.261219512195122,574.0,1.4059233449477353,574.0
2026-05-09T00:00:00,19.99917593737124,242.7,1.9397212543554008,574.0,4.69817541959935,554.1
2026-05-09T01:00:00,20.273736128236745,243.3,1.7865853658536586,574.0,1.9812435417780154,561.3
2026-05-09T02:00:00,19.630255743389682,230.7,2.2863412921348316,569.6,2.229843205574913,574.0
2026-05-09T03:00:00,19.630255743389682,230.7,1.7817073170731708,574.0,1.7475119872136389,563.1
2026-05-09T04:00:00,20.641532756489493,242.7,1.776829268292683,574.0,2.8249128919860627,574.0
2026-05-09T05:00:00,21.4148244473342,230.7,3.240148305084746,566.4,1.364431221561078,571.4
2026-05-09T06:00:00,21.47269180754226,230.7,3.098165137614679,566.8,1.3970477543049884,563.3
2026-05-09T07:00:00,21.935132781889422,229.7,3.1818815331010453,574.0,1.1417543859649122,570.0
2026-05-09T08:00:00,23.055440628878774,241.7,3.203759555246699,575.6,1.951567944250871,574.0
2026-05-09T09:00:00,26.95354810622551,229.7,1.7490787269681742,597.0,1.2846864111498257,574.0
2026-05-09T10:00:00,25.276651982378855,227.0,1.6789409510538233,574.1,1.3948081264108352,575.9
2026-05-09T11:00:00,26.635348226018397,228.3,1.11230876216968,575.2,1.6858184342996008,576.1
2026-05-09T12:00:00,20.694835680751172,213.0,1.1854659248956885,575.2,6.156515703626583,576.3
2026-05-09T13:00:00,21.05263157894737,228.0,2.6657391304347824,575.0,1.3847605829285219,576.4
2026-05-09T14:00:00,21.03619718309859,213.0,1.6761043478260869,575.0,2.9323907009021513,576.4
2026-05-09T15:00:00,24.245833333333334,240.0,1.684575389948007,577.0,3.8889276982186516,572.6
2026-05-09T16:00:00,20.8592210229939,213.1,1.7476190476190476,588.0,2.49078125,576.0
2026-05-09T17:00:00,22.192397935241672,213.1,1.7377813504823152,622.0,1.3693379790940767,574.0
2026-05-09T18:00:00,21.17507042253521,213.0,1.74613393723714,618.2,1.3789895470383275,574.0
2026-05-09T19:00:00,18.454545454545453,220.0,3.854185099982304,565.1,2.536859205776173,554.0
2026-05-09T20:00:00,19.42105263157895,228.0,7.482820976491863,553.0,1.379188712522046,567.0
2026-05-09T21:00:00,21.0,240.0,3.433466204506066,577.0,1.745644599303136,574.0
2026-05-09T22:00:00,20.589473684210525,228.0,3.129965156794425,574.0,1.5494773519163763,574.0
2026-05-09T23:00:00,19.671361502347416,213.0,1.0284320557491289,574.0,1.6381533101045296,574.0
2026-05-10T00:00:00,17.50377358490566,212.0,1.7323893805309734,565.0,1.4464981949458484,554.0
2026-05-10T01:00:00,16.97797356828194,227.0,1.7371681415929203,565.0,1.5812274368231047,554.0
2026-05-10T02:00:00,16.74229074889868,227.0,1.7634867256637168,565.0,1.5774368231046931,554.0
2026-05-10T03:00:00,13.31132075471698,212.0,1.747560975609756,574.0,1.4224598930481283,561.0
2026-05-10T04:00:00,16.136986301369863,219.0,1.6720353982300884,565.0,1.7810301953818828,563.0
2026-05-10T05:00:00,12.931506849315069,219.0,1.7622241992882561,562.0,2.1114620938628157,554.0
2026-05-10T06:00:00,18.14977973568282,227.0,2.1126582278481014,553.0,1.706989247311828,558.0
2026-05-10T07:00:00,16.41509433962264,212.0,1.8535262206148282,553.0,2.124977440895145,554.1
2026-05-10T08:00:00,18.74229074889868,227.0,3.0,565.0,1.400715157858015,573.3
2026-05-10T09:00:00,18.88281938325991,227.0,6.716482377332412,578.8,1.431684210526316,570.0
2026-05-10T10:00:00,19.091132075471698,212.0,2.961672473867596,574.0,1.4747038327526132,574.0
2026-05-10T11:00:00,19.625943396226415,212.0,1.3634690265486726,565.0,1.3869813621320328,574.1
2026-05-10T12:00:00,19.578490566037736,212.0,3.415929203539823,565.0,1.381146828844483,575.5
2026-05-10T13:00:00,19.077625570776256,219.0,4.389752348420154,585.5,1.1369337979094076,574.0
2026-05-10T14:00:00,19.969056603773584,212.0,4.271951219512195,574.0,1.3378866875217241,575.4
2026-05-10T15:00:00,26.22641509433962,212.0,2.8761061946902653,565.0,1.9001167044068978,574.1
2026-05-10T16:00:00,22.495283018867923,212.0,2.8129790940766553,574.0,8.350180505415162,554.0
2026-05-10T17:00:00,22.99295154185022,227.0,2.9812606473594547,587.0,4.269686411149825,574.0
2026-05-10T18:00:00,18.64406779661017,212.4,1.74648897378017,575.9,1.7397212543554006,574.0
2026-05-10T19:00:00,20.778301886792452,212.0,3.487108013937282,574.0,1.2330535966149507,567.2
2026-05-10T20:00:00,18.874449339207047,227.0,5.0,565.0,1.3969473684210527,570.0
2026-05-10T21:00:00,17.891981132075472,212.0,2.8827433628318584,565.0,1.1343205574912891,574.0
2026-05-10T22:00:00,18.49056603773585,212.0,2.0,590.0,1.1343205574912891,574.0
2026-05-10T23:00:00,17.98867924528302,212.0,1.5567247386759582,574.0,1.2597909407665506,574.0
2026-05-11T00:00:00,18.630711257654262,212.3,4.099929203539823,565.0,1.5754355400696864,574.0
2026-05-11T01:00:00,18.641509433962263,212.0,4.221777003484321,574.0,1.5767317939609236,563.0
2026-05-11T02:00:00,18.42924528301887,212.0,4.351759581881533,574.0,1.576829268292683,574.0
2026-05-11T03:00:00,23.038732394366196,227.2,1.3802477876106194,565.0,1.5,574.0
2026-05-11T04:00:00,19.961320754716983,212.0,1.9293207066108178,549.1,1.7932129963898917,554.0
2026-05-11T05:00:00,22.69108490566038,212.0,1.902920353982301,565.0,2.672473867595819,574.0
2026-05-11T06:00:00,34.2688679245283,212.0,2.3870796460176993,565.0,1.7533333333333334,570.0
2026-05-11T07:00:00,35.04716981132076,212.0,4.309978768577495,565.2,1.5306859205776173,554.0
2026-05-11T08:00:00,51.20283018867924,212.0,3.808362369337979,574.0,1.2176895306859206,554.0
2026-05-11T09:00:00,20.38679245283019,212.0,4.534513274336283,565.0,1.1858536585365853,574.0
2026-05-11T10:00:00,20.297169811320753,212.0,2.9930313588850175,574.0,1.7755595026642983,563.0
2026-05-11T11:00:00,19.80424528301887,212.0,1.5,565.0,1.9570383275261325,574.0
2026-05-11T12:00:00,35.0,212.0,1.9864401352072585,562.1,4.2543554006968645,574.0
2026-05-11T13:00:00,23.569622641509433,212.0,2.940766550522648,574.0,4.219512195121951,574.0
2026-05-11T14:00:00,20.248301886792454,212.0,2.9238938053097345,565.0,5.076655052264808,574.0
2026-05-11T15:00:00,24.358490566037737,212.0,2.9353771120013934,574.1,4.2543554006968645,574.0
2026-05-11T16:00:00,34.0,212.0,1.8691637630662021,574.0,2.51940350877193,570.0
2026-05-11T17:00:00,33.5,212.0,2.8885017421602788,574.0,1.7982578397212543,574.0
2026-05-11T18:00:00,51.27358490566038,212.0,4.451686956521739,575.0,1.5745644599303137,574.0
2026-05-11T19:00:00,51.33804809052334,212.1,13.260627177700348,574.0,1.0692717584369449,563.0
2026-05-11T20:00:00,53.72641509433962,212.0,3.2265853658536585,574.0,1.0196842105263157,570.0
2026-05-11T21:00:00,32.7122641509434,212.0,2.6010452961672472,574.0,1.0,563.0
2026-05-11T22:00:00,34.2688679245283,212.0,2.427108013937282,574.0,1.0,574.0
2026-05-11T23:00:00,39.62264150943396,212.0,1.2442477876106195,565.0,1.46145648312611,563.0
2026-05-12T00:00:00,21.299514563106797,206.0,1.2058362369337978,574.0,1.5,574.4
2026-05-12T01:00:00,19.66990291262136,206.0,1.2109256661991585,570.4,1.9235878000360946,554.1
2026-05-12T02:00:00,24.389830508474578,236.0,2.1541811846689893,574.0,2.1700719172075074,570.1
2026-05-12T03:00:00,22.92792792792793,222.0,1.5517770034843206,574.0,3.194784459819053,563.7
2026-05-12T04:00:00,20.594594594594593,222.0,1.3321180555555556,576.0,3.04,574.0
2026-05-12T05:00:00,22.42718446601942,206.0,1.4892334494773518,574.0,2.2336842105263157,570.0
2026-05-12T06:00:00,23.430749682337993,236.1,3.7041811846689896,574.0,2.6194533191338305,563.4
2026-05-12T07:00:00,21.486486486486488,222.0,3.957011980267794,567.6,1.4204198815718643,557.3
2026-05-12T08:00:00,23.153153153153152,222.0,1.7407665505226482,574.0,1.2574860724233983,574.4
2026-05-12T09:00:00,22.0,206.0,3.049274961065928,577.9,1.4234305923961097,565.5
2026-05-12T10:00:00,24.21359223300971,206.0,7.619418483904465,577.8,2.304008328995315,576.3
2026-05-12T11:00:00,29.063063063063062,222.0,3.9896157840083073,577.8,1.6183868169991327,576.5
2026-05-12T12:00:00,19.63883495145631,206.0,3.6645002634814685,569.3,24.437052932761087,559.2
2026-05-12T13:00:00,21.323786407766992,206.0,3.055061728395062,575.1,3.924600638977636,563.4
2026-05-12T14:00:00,23.917072072072074,222.0,3.1401756234632945,569.4,2.8034918938179225,561.3
2026-05-12T15:00:00,23.25242718446602,206.0,2.0630916362371763,575.1,2.1997515086971955,563.4
2026-05-12T16:00:00,21.656601941747574,206.0,3.447094418362024,575.1,2.6707317073170733,574.0
2026-05-12T17:00:00,23.846846846846848,222.0,5.3097270039993045,575.1,3.1591474245115454,563.0
2026-05-12T18:00:00,23.2972972972973,222.0,3.808282336578581,575.2,2.228432055749129,574.0
2026-05-12T19:00:00,24.406779661016948,236.0,3.4060212063271336,575.3,1.408746618575293,554.5
2026-05-12T20:00:00,22.682567567567567,222.0,3.366514750044162,566.1,1.8221414642793832,564.1
2026-05-12T21:00:00,20.465765765765767,222.0,1.7260302556077205,575.1,1.5,554.5
2026-05-12T22:00:00,22.03106796116505,206.0,1.2842148030383325,566.1,1.5,561.3
2026-05-12T23:00:00,22.75,236.0,1.2628919860627177,574.0,1.3289520426287744,563.0
2026-05-13T00:00:00,25.849056603773583,212.0,1.162369337979094,574.0,1.5,570.0
2026-05-13T01:00:00,24.28301886792453,212.0,1.2167944250871081,574.0,1.6170034843205574,574.0
2026-05-13T02:00:00,24.92452830188679,212.0,1.1641114982578398,574.0,1.5,574.0
2026-05-13T03:00:00,25.037735849056602,212.0,1.1655052264808363,574.0,2.0,574.0
2026-05-13T04:00:00,23.245283018867923,212.0,1.920921409214092,590.4,3.0246689895470382,574.0
2026-05-13T05:00:00,24.255367231638417,212.4,1.4672473867595819,574.0,2.0,574.0
2026-05-13T06:00:00,23.056603773584907,212.0,3.1209059233449477,574.0,1.6437282229965158,574.0
2026-05-13T07:00:00,26.98780487804878,246.0,2.5590963751932656,582.1,1.6445993031358885,574.0
2026-05-13T08:00:00,27.400881057268723,227.0,1.8425589225589225,594.0,1.5,574.6
2026-05-13T09:00:00,26.669811320754718,212.0,2.052931392931393,577.2,1.5,574.0
2026-05-13T10:00:00,28.396982555398395,212.1,2.2697745901639346,585.6,2.0,574.0
2026-05-13T11:00:00,25.09433962264151,212.0,1.9703809844908968,593.2,1.636341463414634,574.0
2026-05-13T12:00:00,24.443396226415093,212.0,2.8895270851246777,581.5,4.864024390243903,574.0
2026-05-13T13:00:00,25.858490566037737,212.0,3.0255929203539824,565.0,1.9477351916376306,574.0
2026-05-13T14:00:00,24.287735849056602,212.0,2.945132743362832,565.0,2.642752613240418,574.0
2026-05-13T15:00:00,24.443396226415093,212.0,1.8395221238938053,565.0,2.00191637630662,574.0
2026-05-13T16:00:00,25.11320754716981,212.0,2.0,575.0,2.9625783972125435,574.0
2026-05-13T17:00:00,24.40801886792453,212.0,2.7030403057678942,575.6,4.2421602787456445,574.0
2026-05-13T18:00:00,23.528301886792452,212.0,2.6539823008849557,565.0,4.186062717770035,574.0
2026-05-13T19:00:00,23.799103773584907,212.0,2.1236933797909407,574.0,4.2682926829268295,574.0
2026-05-13T20:00:00,22.010377358490565,212.0,1.8509734513274336,565.0,1.6314387211367674,563.0
2026-05-13T21:00:00,22.930188679245283,212.0,2.0138675958188155,574.0,3.138059964726631,567.0
2026-05-13T22:00:00,22.85377358490566,212.0,1.8000687876182286,581.5,1.8798245614035087,570.0
2026-05-13T23:00:00,25.0188679245283,212.0,1.2459196102314252,574.7,4.328519855595668,554.0
2026-05-14T00:00:00,24.22859813084112,214.0,2.4894773519163764,574.0,6.163410301953819,563.0
2026-05-14T01:00:00,18.39252336448598,214.0,1.6989547038327526,574.0,3.414981949458484,554.0
2026-05-14T02:00:00,18.528301886792452,212.0,1.7073170731707317,574.0,4.548750439985921,568.2
2026-05-14T03:00:00,16.669575471698113,212.0,2.507595818815331,574.0,3.4252707581227435,554.0
2026-05-14T04:00:00,21.747169811320756,212.0,1.6989547038327526,574.0,4.3663001064207165,563.8
2026-05-14T05:00:00,16.299065420560748,214.0,1.8055042675492075,574.1,2.450198555956679,554.0
2026-05-14T06:00:00,15.982142857142858,224.0,3.1486062717770036,574.0,3.0,554.0
2026-05-14T07:00:00,15.959118942731278,227.0,3.2123893805309733,565.0,23.663626723223754,565.8
2026-05-14T08:00:00,17.564932020628223,213.3,2.472070796460177,565.0,1.6979094076655052,574.0
2026-05-14T09:00:00,19.719298245614034,228.0,3.311219512195122,574.0,4.287108013937282,574.0
2026-05-14T10:00:00,20.028169014084508,213.0,3.279435834929479,574.3,4.373576309794989,570.7
2026-05-14T11:00:00,21.28,225.0,3.2879944289693595,574.4,1.508745644599303,574.0
2026-05-14T12:00:00,19.63136563876652,227.0,3.26027521337746,574.1,2.9708536585365852,574.0
2026-05-14T13:00:00,19.017094017094017,234.0,3.5111478836439645,574.1,5.03454157782516,562.8
2026-05-14T14:00:00,20.30511013215859,227.0,3.266397735314933,565.2,3.9972768322334145,575.8
2026-05-14T15:00:00,19.72466960352423,227.0,1.6886311389759665,574.2,6.211718888298814,564.9
2026-05-14T16:00:00,19.589041095890412,219.0,1.683790280438948,574.1,3.927460035523979,563.0
2026-05-14T17:00:00,18.153349056603773,212.0,3.2887998606514546,574.1,2.050978923532486,574.1
2026-05-14T18:00:00,17.14622641509434,212.0,1.6905923344947735,574.0,2.1559756097560974,574.0
2026-05-14T19:00:00,22.605098963242224,212.2,3.139198606271777,574.0,1.7921951219512195,574.0
2026-05-14T20:00:00,20.87735849056604,212.0,3.6289450275751647,562.1,2.0,574.1
2026-05-14T21:00:00,15.814977973568283,227.0,3.272424778761062,565.0,1.6543318133988074,570.2
2026-05-14T22:00:00,16.00943396226415,212.0,1.6922648083623693,574.0,1.5,574.0
2026-05-14T23:00:00,17.097078228086712,212.2,1.417560975609756,574.0,1.642957375898965,570.1
2026-05-15T00:00:00,18.07816037735849,212.0,6.20391061452514,537.0,3.2062936326960183,570.1
2026-05-15T01:00:00,18.91509433962264,212.0,2.302654867256637,565.0,3.2740176991150443,565.0
2026-05-15T02:00:00,26.089958158995817,239.0,2.3013937282229966,574.0,2.529247311827957,558.0
2026-05-15T03:00:00,20.0,212.0,2.7986964618249535,537.0,3.7534843205574915,574.0
2026-05-15T04:00:00,16.962924528301887,212.0,3.448010849909584,553.0,3.8355956678700363,554.0
2026-05-15T05:00:00,18.49056603773585,212.0,2.6999115044247786,565.0,2.672192513368984,561.0
2026-05-15T06:00:00,21.462264150943398,212.0,3.206725663716814,565.0,1.9258098223615465,574.2
2026-05-15T07:00:00,21.40639269406393,219.0,8.256962025316456,553.0,3.292404181184669,574.0
2026-05-15T08:00:00,21.433962264150942,212.0,6.68141592920354,565.0,1.2970731707317074,574.0
2026-05-15T09:00:00,18.77533039647577,227.0,8.652802893309222,553.0,2.630034843205575,574.0
2026-05-15T10:00:00,18.202311320754717,212.0,3.5699115044247787,565.0,1.4858122743682312,554.0
2026-05-15T11:00:00,18.02867924528302,212.0,7.164804469273743,537.0,2.6411051693404635,561.0
2026-05-15T12:00:00,19.87735849056604,212.0,16.865028013735767,553.3,4.0799289520426285,563.0
2026-05-15T13:00:00,19.985849056603772,212.0,3.663652802893309,553.0,3.182380106571936,563.0
2026-05-15T14:00:00,20.09433962264151,212.0,4.290265486725664,565.0,7.898916967509026,554.0
2026-05-15T15:00:00,22.37906647807638,212.1,3.3535754189944136,537.0,4.2473867595818815,574.0
2026-05-15T16:00:00,25.74056603773585,212.0,3.9635009310986966,537.0,2.9385017421602786,574.0
2026-05-15T17:00:00,22.0,212.0,5.360884955752212,565.0,1.6533309834332042,567.4
2026-05-15T18:00:00,22.0,227.0,16.480836236933797,574.0,3.254385964912281,570.0
2026-05-15T19:00:00,22.70754716981132,212.0,3.9106271777003485,574.0,1.6594076655052266,574.0
2026-05-15T20:00:00,21.57547169811321,212.0,11.567811934900542,553.0,1.64196133077861,574.1
2026-05-15T21:00:00,19.28301886792453,212.0,3.9804469273743015,537.0,1.3557272242940863,563.1
2026-05-15T22:00:00,20.75,212.0,3.9664804469273744,537.0,1.2163763066202091,574.0
2026-05-15T23:00:00,23.849056603773583,212.0,1.9797468354430379,553.0,1.0890974729241878,554.0
2026-05-16T00:00:00,18.314285714285713,224.0,3.4048780487804877,574.0,1.6445993031358885,574.0
2026-05-16T01:00:00,15.966037735849056,212.0,3.2927041615880204,574.3,3.6873179396092364,563.0
2026-05-16T02:00:00,18.05188679245283,212.0,2.9964982578397215,574.0,1.5,574.0
2026-05-16T03:00:00,18.482142857142858,224.0,3.0209059233449476,574.0,1.5,570.0
2026-05-16T04:00:00,18.365393682225367,212.1,3.2002264413865182,574.1,1.9505923344947735,574.0
2026-05-16T05:00:00,17.4061320754717,212.0,2.9599372931545025,574.1,1.5,574.1
2026-05-16T06:00:00,14.995535714285714,224.0,3.260662020905923,574.0,1.6350618359170876,574.1
2026-05-16T07:00:00,16.37735849056604,212.0,3.118292682926829,574.0,2.0364554317548746,574.4
2026-05-16T08:00:00,17.660377358490567,212.0,3.125087108013937,574.0,1.3918118466898954,574.0
2026-05-16T09:00:00,19.525550660792952,227.0,10.804878048780488,574.0,4.130731707317073,574.0
2026-05-16T10:00:00,23.552301255230127,239.0,3.368925274342449,574.1,4.110034843205575,574.0
2026-05-16T11:00:00,21.40669642857143,224.0,5.307902804389479,574.1,4.036920933472658,574.2
2026-05-16T12:00:00,20.962264150943398,212.0,1.04,574.2,4.176117318435754,572.8
2026-05-16T13:00:00,19.656603773584905,212.0,3.3099425387428174,574.3,4.3341463414634145,574.0
2026-05-16T14:00:00,18.73972602739726,219.0,3.3336955764541973,574.2,4.247517854032399,574.1
2026-05-16T15:00:00,21.778301886792452,212.0,3.2177042327120713,574.1,2.774422735346359,563.0
2026-05-16T16:00:00,26.11453744493392,227.0,3.3311672473867597,574.0,3.5200903719151895,575.4
2026-05-16T17:00:00,24.2688679245283,212.0,3.785383275261324,574.0,2.6803894297635606,575.2
2026-05-16T18:00:00,25.25,212.0,5.351272067315625,606.1,1.6457544618712818,554.7
2026-05-16T19:00:00,25.43612334801762,227.0,1.1158293838862559,633.0,1.666376306620209,574.0
2026-05-16T20:00:00,19.051453744493394,227.0,3.791100661790317,574.2,1.6265156794425086,574.0
2026-05-16T21:00:00,18.856230031948883,219.1,2.9760801393728222,574.0,1.760298245614035,570.0
2026-05-16T22:00:00,17.013698630136986,219.0,2.993170731707317,574.0,1.5,570.0
2026-05-16T23:00:00,15.982735849056604,212.0,1.4781881533101044,574.0,2.4342105263157894,570.0
2026-05-17T00:00:00,15.68632075471698,212.0,3.6379746835443036,553.0,1.4806215083798884,572.8
2026-05-17T01:00:00,14.31132075471698,212.0,2.0,537.0,1.4199787460148778,564.6
2026-05-17T02:00:00,17.664716981132077,212.0,1.8329113924050633,553.0,1.5,574.1
2026-05-17T03:00:00,15.85022026431718,227.0,3.935623869801085,553.0,1.5,574.0
2026-05-17T04:00:00,20.4811320754717,212.0,1.81602787456446,574.0,1.5,574.0
2026-05-17T05:00:00,20.44811320754717,212.0,1.1214970168143192,553.1,1.3510452961672474,574.0
2026-05-17T06:00:00,15.495890410958904,219.0,3.186911994445409,576.1,1.5,574.0
2026-05-17T07:00:00,36.17180616740088,227.0,3.141061946902655,565.0,2.235191637630662,574.0
2026-05-17T08:00:00,37.71726415094339,212.0,2.517877094972067,537.0,1.5,563.0
2026-05-17T09:00:00,23.129245283018868,212.0,2.2147486033519552,537.0,2.961853832442068,561.0
2026-05-17T10:00:00,37.895943396226414,212.0,4.613240418118467,574.0,9.499097472924188,554.0
2026-05-17T11:00:00,40.222264150943396,212.0,3.175406871609403,553.0,1.8602430555555556,576.0
2026-05-17T12:00:00,57.075471698113205,212.0,3.065262206148282,553.0,2.253125,576.0
2026-05-17T13:00:00,57.075471698113205,212.0,3.0,565.0,1.583787610619469,565.0
2026-05-17T14:00:00,59.33018867924528,212.0,2.398230088495575,565.0,2.686111111111111,576.0
2026-05-17T15:00:00,57.634905660377356,212.0,1.8376491862567812,553.0,2.729293280083348,575.9
2026-05-17T16:00:00,56.54622641509434,212.0,4.846864111498258,574.0,4.227513227513228,567.0
2026-05-17T17:00:00,52.46367924528302,212.0,4.787214770945829,574.1,1.5,574.0
2026-05-17T18:00:00,48.136792452830186,212.0,3.230088495575221,565.0,2.0,574.0
2026-05-17T19:00:00,57.048458149779734,227.0,2.526965103983081,567.4,1.518327526132404,574.0
2026-05-17T20:00:00,57.31277533039648,227.0,3.2861015723838785,553.3,1.593521421107628,574.2
2026-05-17T21:00:00,48.69325991189427,227.0,4.875226039783001,553.0,1.2191430064448703,574.1
2026-05-17T22:00:00,60.37735849056604,212.0,3.2954690265486724,565.0,1.3529001916042502,574.1
2026-05-17T23:00:00,57.71232876712329,219.0,3.124878048780488,574.0,1.3100366556117997,572.9
2026-05-18T00:00:00,14.670731707317072,246.0,7.677940552016985,565.2,4.034332386363636,563.2
2026-05-18T01:00:00,14.465691056910568,246.0,7.8173752711496745,553.2,3.9464298153953328,574.2
2026-05-18T02:00:00,14.299756097560975,246.0,7.419493670886076,537.2,4.042130919220056,574.4
2026-05-18T03:00:00,15.44308943089431,246.0,16.40915860014892,537.2,5.826810584958217,574.4
2026-05-18T04:00:00,11.731707317073171,246.0,15.822784810126583,537.2,5.117927115280534,554.3
2026-05-18T05:00:00,14.439024390243903,246.0,15.454951600893523,537.2,4.156441717791411,554.2
2026-05-18T06:00:00,14.130081300813009,246.0,14.100587402689314,565.2,1.5,574.2
2026-05-18T07:00:00,15.303638644918443,239.1,9.441295116772825,565.2,1.8552769070010449,574.2
2026-05-18T08:00:00,14.59349593495935,246.0,5.283451228592703,537.2,1.5,570.5
2026-05-18T09:00:00,14.207317073170731,246.0,21.25283826540108,537.3,1.8693181818181819,563.2
2026-05-18T10:00:00,13.473333333333333,246.0,25.286001489203276,537.2,1.6343388284812346,570.2
2026-05-18T11:00:00,13.898373983739837,246.0,46.18391660461653,537.2,4.26123301985371,574.2
2026-05-18T12:00:00,14.207317073170731,246.0,19.920462762111352,553.2,2.6090267983074753,567.2
2026-05-18T13:00:00,14.439024390243903,246.0,12.922319434102755,537.2,4.184674329501916,574.2
2026-05-18T14:00:00,14.59349593495935,246.0,26.116902457185407,537.2,3.3937215012276396,570.2
2026-05-18T15:00:00,13.205907429963458,246.3,18.482501861504094,537.2,4.327766149404547,554.2
2026-05-18T16:00:00,10.733441690369768,246.1,18.391288160833955,537.2,9.16015625,563.2
2026-05-18T17:00:00,12.37560975609756,246.0,20.417123651158676,565.3,1.8674677812608846,574.2
2026-05-18T18:00:00,11.188205771643664,239.1,6.816279069767442,537.5,3.0559386973180076,574.2
2026-05-18T19:00:00,14.6431718061674,227.0,12.092913955169921,553.2,1.6412399860675724,574.2
2026-05-18T20:00:00,14.977973568281937,227.0,11.427744034707159,553.2,1.6167309715889162,570.2
2026-05-18T21:00:00,10.841004184100418,239.0,9.511279826464209,553.2,1.5,563.2
2026-05-18T22:00:00,10.788617886178862,246.0,13.842144452717797,537.2,2.486466979429809,554.2
2026-05-18T23:00:00,12.37560975609756,246.0,9.511582078453245,537.9,4.599438793405823,570.2
2026-05-19T00:00:00,22.340969162995595,227.0,1.4703362831858406,565.0,4.371678700361011,554.0
2026-05-19T01:00:00,22.325110132158592,227.0,1.4700557103064067,574.4,1.9305054151624548,554.0
2026-05-19T02:00:00,26.90650406504065,246.0,1.4782229965156795,574.0,1.5,574.0
2026-05-19T03:00:00,24.235849056603772,212.0,1.0117179023508138,553.0,3.729965156794425,574.0
2026-05-19T04:00:00,24.235849056603772,212.0,1.0121726822363766,565.2,2.8701754385964913,570.0
2026-05-19T05:00:00,22.471698113207548,212.0,1.4738434163701069,562.0,4.520844516013598,558.9
2026-05-19T06:00:00,21.57547169811321,212.0,1.5258188153310104,574.0,3.6266952943281447,558.9
2026-05-19T07:00:00,30.327615062761506,239.0,4.564459930313589,574.0,4.295306859205776,554.0
2026-05-19T08:00:00,26.92452830188679,212.0,1.7254867256637167,565.0,1.507369337979094,574.0
2026-05-19T09:00:00,27.37735849056604,212.0,1.1156106194690265,565.0,2.6341463414634148,574.0
2026-05-19T10:00:00,24.89622641509434,212.0,1.5486561470435234,576.7,4.251087917919689,565.3
2026-05-19T11:00:00,23.625550660792953,227.0,1.1880113334513902,564.7,2.6610301768990636,576.6
2026-05-19T12:00:00,24.11320754716981,212.0,1.6513274336283186,565.0,1.4038327526132404,574.0
2026-05-19T13:00:00,24.264150943396228,212.0,1.0866903914590746,562.0,2.289198606271777,574.0
2026-05-19T14:00:00,23.58490566037736,212.0,1.06,565.0,3.5078397212543555,574.0
2026-05-19T15:00:00,24.702830188679247,212.0,1.0130313588850175,574.0,2.6794425087108014,574.0
2026-05-19T16:00:00,22.553571428571427,224.0,1.3549205202312138,553.6,3.5313588850174216,574.0
2026-05-19T17:00:00,21.57547169811321,212.0,1.0133797909407665,574.0,1.589268292682927,574.0
2026-05-19T18:00:00,22.792951541850222,227.0,1.6585365853658536,574.0,4.614494773519164,574.0
2026-05-19T19:00:00,23.471698113207548,212.0,1.7504657070279424,590.5,3.544825210952299,580.7
2026-05-19T20:00:00,23.07547169811321,212.0,1.108532249873032,590.7,4.325155065472088,580.4
2026-05-19T21:00:00,22.814207650273225,219.6,1.04,574.0,4.324388096495862,567.9
2026-05-19T22:00:00,21.492673992673993,218.4,1.0,575.5,4.55552589428724,561.9
2026-05-19T23:00:00,21.64685908319185,235.6,1.3471980508179604,574.6,5.174066323816279,563.9
2026-05-20T00:00:00,23.64756045820959,235.7,2.107036395147314,577.0,5.901127157449806,567.8
2026-05-20T01:00:00,25.79231692677071,249.9,3.4846370683579986,567.6,5.953654188948307,561.0
2026-05-20T02:00:00,25.914801727522576,254.7,3.449046793760832,577.0,6.947849841381741,567.4
2026-05-20T03:00:00,26.093197278911564,249.9,2.821317157712305,577.0,8.064049955396968,560.5
2026-05-20T04:00:00,28.631452581032413,249.9,4.034770889487871,556.5,16.039250669045494,560.5
2026-05-20T05:00:00,28.79511804721889,249.9,3.4378428905266945,556.3,5.676832530765115,560.7
2026-05-20T06:00:00,34.758823529411764,244.8,3.723466204506066,577.0,3.2180722891566265,581.0
2026-05-20T07:00:00,37.44426751592356,251.2,5.265164644714038,577.0,2.744513384151746,564.1
2026-05-20T08:00:00,55.724929520741036,248.3,6.342253032928943,577.0,1.8339222614840989,566.0
2026-05-20T09:00:00,35.504048234280795,232.2,11.061093131966919,556.2,1.5446629213483145,569.6
2026-05-20T10:00:00,33.0954179041154,235.7,6.388296296296296,540.0,4.300438981562774,569.5
2026-05-20T11:00:00,33.320148277365895,229.3,6.2833622183708835,577.0,3.049443561208267,566.1
2026-05-20T12:00:00,29.64268545379196,241.3,7.391195840554593,577.0,2.965177304964539,564.0
2026-05-20T13:00:00,30.54200563834072,248.3,6.3208665511265165,577.0,3.1157989228007184,557.0
2026-05-20T14:00:00,36.15183246073298,248.3,6.2315424610051995,577.0,3.074474959612278,557.1
2026-05-20T15:00:00,29.487360132615002,241.3,3.79209705372617,577.0,2.6439372325249644,560.8
2026-05-20T16:00:00,27.40317393144308,236.3,5.0994107452339685,577.0,4.24290780141844,564.0
2026-05-20T17:00:00,28.304274227676682,236.3,7.1063063063063066,577.2,6.491921005385996,557.0
2026-05-20T18:00:00,33.01574708014498,248.3,6.154350086655112,577.0,3.3167914438502675,561.0
2026-05-20T19:00:00,40.749792874896436,241.4,10.517391304347827,630.2,1.5,576.3
2026-05-20T20:00:00,34.718752725686876,229.3,7.763882149046794,577.0,1.5891723060905778,576.3
2026-05-20T21:00:00,31.15142972211035,248.3,1.6508212900951709,567.4,1.7605882352941176,561.0
2026-05-20T22:00:00,29.934548467274233,241.4,4.760377750823081,577.1,2.2566849654683905,564.7
2026-05-20T23:00:00,28.79361790302528,241.3,5.310745233968804,577.0,4.182500444602526,562.3
2026-05-21T00:00:00,20.427312775330396,227.0,8.65836236933798,574.0,4.490261324041811,574.0
2026-05-21T01:00:00,20.502202643171806,227.0,12.91794425087108,574.0,8.72957894736842,570.0
2026-05-21T02:00:00,22.63101321585903,227.0,7.19904181184669,574.0,4.413588850174216,574.0
2026-05-21T03:00:00,23.434749340369393,227.4,8.65836236933798,574.0,6.2340526315789475,570.0
2026-05-21T04:00:00,20.427312775330396,227.0,12.91794425087108,574.0,5.801367941073307,570.2
2026-05-21T05:00:00,21.743589743589745,234.0,13.021309734513274,565.0,4.573188153310104,574.0
2026-05-21T06:00:00,21.78192468619247,239.0,14.51753814147018,576.8,4.452612768910479,576.4
2026-05-21T07:00:00,22.987973568281937,227.0,13.27653664674426,635.8,4.403154606975534,576.3
2026-05-21T08:00:00,22.63101321585903,227.0,14.1418009478673,633.0,3.7090940766550524,574.0
2026-05-21T09:00:00,24.39660792951542,227.0,14.576805434593277,574.1,3.6039547038327524,574.0
2026-05-21T10:00:00,22.352422907488986,227.0,15.408536585365853,574.0,3.6272105263157894,570.0
2026-05-21T11:00:00,22.88871794871795,234.0,15.43815331010453,574.0,3.6437300177619893,563.0
2026-05-21T12:00:00,23.83282051282051,234.0,15.346646925622714,574.1,2.7750174216027874,574.0
2026-05-21T13:00:00,24.12775330396476,227.0,8.622822299651569,574.0,2.5878947368421055,570.0
2026-05-21T14:00:00,23.471297071129708,239.0,8.799348545549556,574.1,4.4106271777003485,574.0
2026-05-21T15:00:00,23.92,234.0,8.562358474133426,574.1,4.5096133077861,574.1
2026-05-21T16:00:00,25.686153846153847,234.0,17.09133125325013,576.9,4.545645385149202,576.4
2026-05-21T17:00:00,24.637004405286344,227.0,19.119212898751734,576.8,4.399646140503036,576.5
2026-05-21T18:00:00,22.838075313807533,239.0,20.58519163763066,574.0,5.33385579937304,574.2
2026-05-21T19:00:00,24.801762114537446,227.0,18.77338811630847,632.8,4.407665505226481,574.0
2026-05-21T20:00:00,26.547136563876652,227.0,17.2381990521327,633.0,3.7772473867595817,574.0
2026-05-21T21:00:00,24.43929515418502,227.0,8.676389380530974,565.0,3.6427174292699966,572.6
2026-05-21T22:00:00,22.525418502202644,227.0,8.69387610619469,565.0,3.6039547038327524,574.0
2026-05-21T23:00:00,24.05857740585774,239.0,8.807317073170731,574.0,3.6002105263157893,570.0
2026-05-22T00:00:00,23.991071428571427,224.0,3.4754330151997173,565.8,1.838552540013918,574.8
2026-05-22T01:00:00,24.846359832635983,239.0,1.1017110067814293,575.1,1.838563458856346,573.6
2026-05-22T02:00:00,22.686192468619247,239.0,2.776208036180205,574.9,1.8350730688935282,574.8
2026-05-22T03:00:00,23.482008368200837,239.0,1.7523917202991826,574.9,2.6701461377870563,574.8
2026-05-22T04:00:00,25.85774058577406,239.0,3.706695652173913,575.0,1.951983298538622,574.8
2026-05-22T05:00:00,29.016260162601625,246.0,1.2516173913043478,575.0,1.8350730688935282,574.8
2026-05-22T06:00:00,23.992680886658302,239.1,3.461482254697286,574.8,2.7054693520140103,571.0
2026-05-22T07:00:00,24.32541567695962,252.6,7.169645093945721,574.8,2.6666666666666665,574.8
2026-05-22T08:00:00,33.96652719665272,239.0,3.423056859676578,575.1,2.25,574.8
2026-05-22T09:00:00,30.372111553784862,251.0,1.010285316631872,574.8,1.9530197933088107,570.9
2026-05-22T10:00:00,29.13170731707317,246.0,3.0288448155880308,574.8,1.7517385257301807,575.2
2026-05-22T11:00:00,23.517012448132782,241.0,3.0500591510090467,574.8,1.78785664578984,574.8
2026-05-22T12:00:00,24.6384,250.0,4.858959638135003,574.8,1.1258273507266678,571.1
2026-05-22T13:00:00,26.609053497942387,243.0,4.826322199025748,574.8,1.1176813358845017,574.9
2026-05-22T14:00:00,24.223376623376623,231.0,3.698295059151009,574.8,1.4191304347826086,575.0
2026-05-22T15:00:00,25.932900432900432,231.0,1.5978949199721642,574.8,2.7554744525547443,575.4
2026-05-22T16:00:00,24.26839826839827,231.0,3.6984171160201775,574.9,4.266666666666667,574.8
2026-05-22T17:00:00,25.684965397923875,231.2,7.045546276965901,574.8,4.411879986125563,576.6
2026-05-22T18:00:00,22.873141486810553,250.2,12.705588030619346,574.8,4.744999130283528,574.9
2026-05-22T19:00:00,22.9556,250.0,8.223816408876933,594.8,4.659538569918985,567.8
2026-05-22T20:00:00,30.62181818181818,231.0,2.4117888365837254,594.8,1.8416701461377871,574.8
2026-05-22T21:00:00,31.303703703703704,243.0,1.7385008695652173,575.0,2.673795861589289,575.1
2026-05-22T22:00:00,25.600411522633745,243.0,4.337920723226704,575.2,1.7637940094587494,570.9
2026-05-22T23:00:00,25.08641975308642,243.0,8.486972860125261,574.8,2.4702556966428943,574.9
2026-05-23T00:00:00,17.830188679245282,212.0,1.197560975609756,574.0,1.102439024390244,574.0
2026-05-23T01:00:00,12.671462264150943,212.0,1.3475609756097562,574.0,1.434843205574913,574.0
2026-05-23T02:00:00,11.374764150943395,212.0,1.9829268292682927,574.0,1.3312280701754386,570.0
2026-05-23T03:00:00,8.949593495934959,246.0,1.9926829268292683,574.0,1.4320557491289199,574.0
2026-05-23T04:00:00,13.2,212.0,1.6412891986062719,574.0,1.1057894736842104,570.0
2026-05-23T05:00:00,15.867577092511013,227.0,1.230540069686411,574.0,2.0053475935828877,561.0
2026-05-23T06:00:00,15.790221479314667,239.3,3.0958188153310107,574.0,1.7811722912966252,563.0
2026-05-23T07:00:00,17.46849471830986,227.2,3.7860003482500435,574.3,1.3615106382978723,564.0
2026-05-23T08:00:00,16.92102564102564,234.0,3.3346341463414633,574.0,1.4433188531711556,575.5
2026-05-23T09:00:00,18.26431718061674,227.0,3.7692682926829266,574.0,1.7158992180712425,575.5
2026-05-23T10:00:00,20.443396226415093,212.0,2.157595818815331,574.0,1.3949652777777777,576.0
2026-05-23T11:00:00,20.02396475770925,227.0,1.7038327526132404,574.0,2.3780244755244757,572.0
2026-05-23T12:00:00,21.63679245283019,212.0,1.669095652173913,575.0,2.2189669638175142,572.1
2026-05-23T13:00:00,18.422641509433962,212.0,1.1192173913043477,575.0,1.8852889667250439,571.0
2026-05-23T14:00:00,19.09622641509434,212.0,1.5851661918328586,631.8,1.366261503733287,575.9
2026-05-23T15:00:00,19.467924528301886,212.0,1.2591478260869564,575.0,2.06653291644954,575.7
2026-05-23T16:00:00,20.108974358974358,234.0,3.792591304347826,575.0,2.589556907037359,575.5
2026-05-23T17:00:00,17.710908261068006,219.1,1.0185365853658537,574.0,7.777769998249606,571.3
2026-05-23T18:00:00,17.178571428571427,224.0,1.2795121951219512,574.0,1.5458259639193492,565.4
2026-05-23T19:00:00,16.59433962264151,212.0,1.944043263877843,628.7,1.602020905923345,574.0
2026-05-23T20:00:00,18.32075471698113,212.0,1.0,574.0,1.140418118466899,574.0
2026-05-23T21:00:00,16.986792452830187,212.0,1.125156794425087,574.0,1.143205574912892,574.0
2026-05-23T22:00:00,18.235849056603772,212.0,1.0961672473867596,574.0,1.0,574.4
2026-05-23T23:00:00,16.60377358490566,212.0,3.215163685453932,592.6,1.3585069444444444,576.0
2026-05-24T00:00:00,16.54794520547945,219.0,8.31852120333454,551.8,1.1780827924925452,570.1
2026-05-24T01:00:00,16.529680365296805,219.0,8.463473053892216,567.8,1.3475607161850736,564.1
2026-05-24T02:00:00,14.642264150943396,212.0,7.050273224043716,549.0,1.8712135231316727,562.0
2026-05-24T03:00:00,15.955947136563877,227.0,5.258562918838422,537.2,1.9171294159417718,563.3
2026-05-24T04:00:00,16.32547169811321,212.0,1.8379790940766552,574.0,2.487722980062959,571.8
2026-05-24T05:00:00,14.736563876651982,227.0,4.43918426802622,549.2,3.042256519425226,563.7
2026-05-24T06:00:00,19.975471698113207,212.0,3.878619972260749,576.8,4.587301587301587,560.7
2026-05-24T07:00:00,19.97877358490566,212.0,4.521318523826586,558.2,1.7592267135325133,569.0
2026-05-24T08:00:00,21.797169811320753,212.0,5.165600691443388,578.5,1.5,585.0
2026-05-24T09:00:00,17.625,224.0,3.7116438356164383,584.0,2.0,574.4
2026-05-24T10:00:00,17.839622641509433,212.0,6.192948490230906,563.0,2.2401484361194557,565.9
2026-05-24T11:00:00,18.578820754716983,212.0,6.6492118137343725,551.9,5.132870122928915,561.3
2026-05-24T12:00:00,20.92452830188679,212.0,24.99904659111351,555.9,25.318783542039355,559.0
2026-05-24T13:00:00,24.254716981132077,212.0,24.548372093023257,537.5,25.779353099730457,556.5
2026-05-24T14:00:00,20.952830188679247,212.0,29.235423197492164,574.2,27.295777178796047,556.5
2026-05-24T15:00:00,20.208392267798207,212.1,3.840353982300885,565.0,22.335448499011324,556.3
2026-05-24T16:00:00,19.558490566037737,212.0,3.7904299583911234,576.8,22.139412922856632,558.7
2026-05-24T17:00:00,19.43757661480434,212.1,3.7968798751950077,576.9,22.72417621776504,558.4
2026-05-24T18:00:00,28.54811320754717,212.0,1.7318815331010453,574.0,6.40072202166065,554.0
2026-05-24T19:00:00,29.59056603773585,212.0,1.3329210938860825,574.1,5.792418772563177,554.0
2026-05-24T20:00:00,29.173584905660377,212.0,1.5362369337979094,574.0,4.315808170515098,563.0
2026-05-24T21:00:00,16.616438356164384,219.0,3.089992925362575,565.4,1.2371225577264653,563.0
2026-05-24T22:00:00,17.1136320754717,212.0,1.7037979094076654,574.0,1.463949843260188,574.2
2026-05-24T23:00:00,15.504464285714286,224.0,1.7407310704960834,574.5,1.7508710801393728,574.0
2026-05-25T00:00:00,24.80188679245283,212.0,4.043554006968641,574.0,1.8260746003552397,563.0
2026-05-25T01:00:00,17.78301886792453,212.0,3.8270394620421166,565.1,1.999235978468484,575.9
2026-05-25T02:00:00,17.24056603773585,212.0,2.477378505486849,574.1,1.7226655052264808,574.0
2026-05-25T03:00:00,17.608490566037737,212.0,7.506795257476552,565.1,4.2060390763765545,563.0
2026-05-25T04:00:00,29.55188679245283,212.0,5.264808362369338,574.0,3.8919860627177703,574.0
2026-05-25T05:00:00,17.34433962264151,212.0,6.587610619469027,565.0,2.446137566137566,567.0
2026-05-25T06:00:00,24.997169811320756,212.0,6.272299651567944,574.0,1.3754355400696865,574.0
2026-05-25T07:00:00,25.181132075471698,212.0,5.846017699115044,565.0,1.7397117555131099,575.9
2026-05-25T08:00:00,35.08867924528302,212.0,3.972787456445993,574.0,1.7510431154381085,575.2
2026-05-25T09:00:00,37.594339622641506,212.0,3.8911504424778762,565.0,2.70456998920475,555.8
2026-05-25T10:00:00,41.9566037735849,212.0,10.0,574.1,2.2138873898183125,555.9
2026-05-25T11:00:00,37.429245283018865,212.0,8.930548302872063,574.5,4.577290413866289,565.4
2026-05-25T12:00:00,40.08953817153628,212.2,10.0,565.1,2.279295470884256,556.4
2026-05-25T13:00:00,35.613207547169814,212.0,7.961672473867596,574.0,5.233644859813084,556.4
2026-05-25T14:00:00,35.283018867924525,212.0,10.0,574.0,3.0148104222821206,556.5
2026-05-25T15:00:00,31.28301886792453,212.0,8.904070796460177,565.0,1.6409225930456055,572.3
2026-05-25T16:00:00,36.60377358490566,212.0,4.689486725663717,565.0,6.452681826071863,576.1
2026-05-25T17:00:00,30.337735849056603,212.0,1.8410452961672474,574.0,20.12875912408759,575.4
2026-05-25T18:00:00,17.59433962264151,212.0,1.9027935943060499,562.0,2.1196491228070173,570.0
2026-05-25T19:00:00,15.966981132075471,212.0,2.0,537.0,3.2016669569761365,574.1
2026-05-25T20:00:00,16.79974540311174,212.1,4.8544303797468356,553.0,1.2508710801393728,574.0
2026-05-25T21:00:00,19.099056603773583,212.0,6.156884955752212,565.0,1.3806021803080117,577.9
2026-05-25T22:00:00,19.90566037735849,212.0,5.076655052264808,574.0,1.7188859878154916,574.5
2026-05-25T23:00:00,17.09433962264151,212.0,2.1394425087108013,574.0,4.104526462395543,574.4
2026-05-26T00:00:00,11.826851851851853,216.0,4.014639071176173,594.3,4.077439656713749,559.3
2026-05-26T01:00:00,11.964814814814815,216.0,1.4676306620209059,574.0,2.4390243902439024,574.0
2026-05-26T02:00:00,12.48961038961039,231.0,1.8457491289198606,574.0,2.007974925996866,574.3
2026-05-26T03:00:00,12.283116883116882,231.0,3.477938359742295,574.3,3.9306620209059235,574.0
2026-05-26T04:00:00,12.588095238095239,231.0,2.293549481957842,559.8,3.9807317073170734,574.0
2026-05-26T05:00:00,15.875,216.0,1.3211567229083319,574.9,1.3588850174216027,574.0
2026-05-26T06:00:00,22.09090909090909,231.0,2.8471075778078485,591.2,1.116211515046095,574.9
2026-05-26T07:00:00,20.22222222222222,216.0,4.830467037599056,593.1,1.064808362369338,574.0
2026-05-26T08:00:00,22.22681592039801,201.0,8.06516129032258,604.5,1.1030633437175492,577.8
2026-05-26T09:00:00,18.86467661691542,201.0,6.398712388636746,594.9,1.5242718446601942,587.1
2026-05-26T10:00:00,26.417910447761194,201.0,5.105740740740741,594.0,1.108352144469526,575.9
2026-05-26T11:00:00,20.402985074626866,201.0,5.807142857142857,560.0,1.358600219860755,545.8
2026-05-26T12:00:00,27.412935323383085,201.0,2.421464285714286,560.0,3.954095486111111,576.0
2026-05-26T13:00:00,22.44776119402985,201.0,2.8148619552005556,575.9,1.4205589307411908,576.1
2026-05-26T14:00:00,20.562686567164178,201.0,2.9541507467870787,575.8,3.110762800417973,574.2
2026-05-26T15:00:00,18.788059701492536,201.0,1.834144645340751,575.2,2.4071752002786484,574.2
2026-05-26T16:00:00,18.534259259259258,216.0,2.798086956521739,575.0,3.4752613240418118,574.0
2026-05-26T17:00:00,20.444444444444443,216.0,3.8325746009715473,576.4,3.8486062717770033,574.0
2026-05-26T18:00:00,23.095238095238095,231.0,3.6813304721030042,559.2,2.3760668873018638,574.1
2026-05-26T19:00:00,23.72294372294372,231.0,3.3661971830985915,575.1,1.838118794635081,574.1
2026-05-26T20:00:00,17.685185185185187,216.0,2.5675499918712403,615.1,1.102159902456018,574.1
2026-05-26T21:00:00,16.21759259259259,216.0,1.804561172402437,607.3,1.3545296167247387,574.0
2026-05-26T22:00:00,19.5,216.0,2.104452274183216,624.4,2.0851228009057654,574.1
2026-05-26T23:00:00,19.784179104477612,201.0,1.279699223268881,605.1,1.9376306620209058,574.0
2026-05-27T00:00:00,13.784769721842226,219.3,3.8952978056426333,574.2,1.2978061767838125,563.4
2026-05-27T01:00:00,12.595854922279793,212.3,1.1248345524207592,574.2,3.0,572.1
2026-05-27T02:00:00,15.631182289213378,212.3,1.1538622129436327,574.8,2.296590294064586,554.3
2026-05-27T03:00:00,13.165332077249175,212.3,1.1279053583855254,574.8,2.5023285989829915,570.3
2026-05-27T04:00:00,13.089967027790863,212.3,1.1538622129436327,574.8,2.5177642347205293,574.3
2026-05-27T05:00:00,12.473386716910033,212.3,1.3449893390191898,562.8,3.5262601339443074,567.4
2026-05-27T06:00:00,14.745838408444985,246.3,1.3706651030323338,596.9,1.6255660048763496,574.2
2026-05-27T07:00:00,13.779537149817296,246.3,2.515011547344111,562.9,2.0,565.3
2026-05-27T08:00:00,12.74615486141663,227.3,4.101841820151679,553.8,1.6431058495821727,574.4
2026-05-27T09:00:00,13.051780499293452,212.3,2.2797842727905357,574.8,1.0885436556153445,576.1
2026-05-27T10:00:00,13.987753179463024,212.3,1.3933008526187576,574.7,1.2852185981956974,576.4
2026-05-27T11:00:00,14.011775788977861,212.3,2.7978056426332287,574.2,1.6175942549371634,557.0
2026-05-27T12:00:00,13.471031559114461,212.3,4.372684876748834,600.4,3.60792292734665,565.7
2026-05-27T13:00:00,13.875968992248062,219.3,4.719227423003306,574.7,3.803558227166697,557.3
2026-05-27T14:00:00,13.466101694915254,212.4,5.481311988863755,574.7,2.4976816795262873,557.3
2026-05-27T15:00:00,15.22279792746114,212.3,1.7368732590529248,574.4,3.0870551290997907,573.2
2026-05-27T16:00:00,16.0,227.3,2.541992337164751,574.2,6.008939133425034,581.6
2026-05-27T17:00:00,15.274087109546855,227.3,4.556391501219087,574.2,9.467668647326109,572.2
2026-05-27T18:00:00,17.44818652849741,212.3,1.2140489344909235,633.5,4.158727589208007,574.5
2026-05-27T19:00:00,17.460668864813943,212.3,1.2648387096774194,613.8,1.3692580982236155,574.2
2026-05-27T20:00:00,16.48127507802051,224.3,3.48355091383812,574.5,7.955667192705594,570.3
2026-05-27T21:00:00,13.077926883637986,224.3,6.377597109304427,553.5,4.31150159744409,563.4
2026-05-27T22:00:00,13.17428167687235,212.3,2.497302001740644,574.5,1.3997175639894086,566.5
2026-05-27T23:00:00,12.999867761057912,219.3,3.9575757575757575,577.5,3.380248382018541,571.7
2026-05-28T00:00:00,15.577092511013216,227.0,1.3255924170616113,633.0,3.3153310104529616,574.0
2026-05-28T01:00:00,15.481556603773585,212.0,1.0,633.0,3.3125108752392554,574.7
2026-05-28T02:00:00,13.083867924528302,212.0,1.0275261324041811,574.0,4.16234458259325,563.0
2026-05-28T03:00:00,12.479452054794521,219.0,1.2374564459930313,574.0,4.291268876931088,576.1
2026-05-28T04:00:00,13.150684931506849,219.0,1.5315331010452962,574.0,3.5518466898954704,574.0
2026-05-28T05:00:00,15.906877402819308,234.1,1.6076910326537377,603.3,3.3260592255125285,570.7
2026-05-28T06:00:00,14.717735849056604,212.0,1.6153310104529617,574.0,2.463872113676732,563.0
2026-05-28T07:00:00,15.050088105726871,227.0,4.386149825783972,574.0,3.0608188153310105,574.0
2026-05-28T08:00:00,16.792951541850222,227.0,3.5927179825284323,606.7,1.3670844212358573,574.5
2026-05-28T09:00:00,15.62688679245283,212.0,3.534809266678279,574.1,1.4479831638021747,570.2
2026-05-28T10:00:00,16.964757709251103,227.0,4.617528715628263,574.6,2.978188251946214,565.2
2026-05-28T11:00:00,15.902830188679244,212.0,2.8892495189223864,623.6,3.7653611210923463,556.6
2026-05-28T12:00:00,14.556603773584905,212.0,1.5886454767726161,613.5,5.872740163062744,564.2
2026-05-28T13:00:00,17.928571428571427,224.0,1.993671289654073,627.3,6.502282120395328,556.5
2026-05-28T14:00:00,14.83622641509434,212.0,4.84902775523454,616.1,34.54627133872417,556.5
2026-05-28T15:00:00,13.967123287671233,219.0,1.6014238410596027,604.0,21.315025161754132,556.4
2026-05-28T16:00:00,13.94273127753304,227.0,1.5391494632535094,605.5,18.401941398525974,556.3
2026-05-28T17:00:00,13.915094339622641,212.0,1.3350446501055366,615.9,8.103230463815196,554.1
2026-05-28T18:00:00,13.412334801762114,227.0,1.5372727272727273,592.9,3.484812346545072,570.2
2026-05-28T19:00:00,13.472246696035242,227.0,3.986056193249957,583.7,5.287719298245614,570.0
2026-05-28T20:00:00,13.93867924528302,212.0,3.365556870035491,591.7,3.179537491240364,570.8
2026-05-28T21:00:00,14.367875647668393,212.3,2.1083347196805855,601.1,1.6735540069686412,574.0
2026-05-28T22:00:00,14.236123348017621,227.0,1.6270454924179303,600.1,1.219943671888752,568.1
2026-05-28T23:00:00,14.766519823788546,227.0,1.6702939743381517,615.7,1.1199477351916376,574.0
2026-05-29T00:00:00,35.480176211453745,227.0,3.2839810426540286,633.0,1.0,574.4
2026-05-29T01:00:00,18.05439330543933,239.0,3.8133797909407665,574.0,1.21602787456446,574.0
2026-05-29T02:00:00,17.19105605199025,246.2,3.8409756097560974,574.0,1.6489169675090252,554.0
2026-05-29T03:00:00,15.56694560669456,239.0,3.8785840707964603,565.0,2.9320938628158846,554.0
2026-05-29T04:00:00,16.641056910569105,246.0,3.262560975609756,574.0,1.636759581881533,574.0
2026-05-29T05:00:00,18.034188034188034,234.0,1.7230442477876107,565.0,1.2648833537975794,570.1
2026-05-29T06:00:00,36.60669456066945,239.0,7.229965156794425,574.0,1.1952961672473867,574.0
2026-05-29T07:00:00,32.797356828193834,227.0,7.2073170731707314,557.6,1.014006968641115,574.0
2026-05-29T08:00:00,28.920704845814978,227.0,10.0,566.1,1.0138651802821808,574.1
2026-05-29T09:00:00,32.797356828193834,227.0,7.9292285916489735,565.2,1.0,573.7
2026-05-29T10:00:00,19.585365853658537,246.0,5.085684430512017,574.2,1.0,577.0
2026-05-29T11:00:00,19.585365853658537,246.0,3.7708935725483363,574.1,3.3317140874392783,576.4
2026-05-29T12:00:00,17.80794979079498,239.0,4.442926829268293,574.0,4.0609057782405,576.3
2026-05-29T13:00:00,17.784146341463416,246.0,1.6291954022988506,574.2,3.388861901457321,576.4
2026-05-29T14:00:00,17.811715481171547,239.0,5.23831417624521,574.2,4.201856994099271,576.2
2026-05-29T15:00:00,21.33723849372385,239.0,2.398780487804878,574.0,1.787532557735718,575.9
2026-05-29T16:00:00,33.955555555555556,234.0,2.3902439024390243,574.0,3.1129442417926003,575.7
2026-05-29T17:00:00,29.997356828193833,227.0,3.7692682926829266,574.0,1.0131010452961673,574.0
2026-05-29T18:00:00,43.31707317073171,246.0,6.62177700348432,574.0,3.802347614071752,574.2
2026-05-29T19:00:00,30.963414634146343,246.0,6.805252093659203,585.1,1.9427177700348432,574.0
2026-05-29T20:00:00,17.323170731707318,246.0,4.52787456445993,574.0,1.005644599303136,574.0
2026-05-29T21:00:00,19.59227642276423,246.0,2.2333246795391855,616.3,1.072822299651568,574.0
2026-05-29T22:00:00,19.585897435897436,234.0,4.439686411149826,574.0,0.9336842105263158,570.0
2026-05-29T23:00:00,17.929471544715447,246.0,3.043554006968641,574.0,1.0,574.0
2026-05-30T00:00:00,19.073170731707318,246.0,7.3823064770932065,633.0,16.303135888501743,574.0
2026-05-30T01:00:00,18.223175965665234,233.0,7.679198606271777,574.0,8.736585365853658,574.0
2026-05-30T02:00:00,18.124463519313306,233.0,8.031621103952638,574.3,14.602787456445993,574.0
2026-05-30T03:00:00,16.69098712446352,233.0,8.918118466898955,574.0,18.00348432055749,574.0
2026-05-30T04:00:00,16.69098712446352,233.0,8.918118466898955,574.0,25.655809092492596,574.1
2026-05-30T05:00:00,18.124463519313306,233.0,8.918118466898955,574.0,25.65505226480836,574.0
2026-05-30T06:00:00,22.630901287553648,233.0,9.137440758293838,633.0,16.303135888501743,574.0
2026-05-30T07:00:00,22.630901287553648,233.0,9.925783972125435,574.0,8.821842884514894,574.1
2026-05-30T08:00:00,28.681818181818183,220.0,27.327014218009477,633.0,16.303135888501743,574.0
2026-05-30T09:00:00,28.90909090909091,220.0,25.69242902208202,634.0,14.721584984358707,575.4
2026-05-30T10:00:00,30.03862660944206,233.0,9.947304347826087,575.0,8.821602787456445,574.0
2026-05-30T11:00:00,20.124463519313306,233.0,9.885217391304348,575.0,10.253560856695108,574.3
2026-05-30T12:00:00,18.321888412017167,233.0,7.366135646687697,634.0,8.736585365853658,574.0
2026-05-30T13:00:00,19.92703862660944,233.0,7.989565217391305,575.0,8.736585365853658,574.0
2026-05-30T14:00:00,20.4206008583691,233.0,7.360031545741325,634.0,14.602787456445993,574.0
2026-05-30T15:00:00,20.82832618025751,233.0,7.047523659305994,634.0,8.727161997563947,574.7
2026-05-30T16:00:00,22.0,220.0,7.939652173913044,575.0,25.637883008356546,574.4
2026-05-30T17:00:00,28.681818181818183,220.0,12.215141955835962,634.0,25.650757707716426,574.1
2026-05-30T18:00:00,28.025751072961373,233.0,24.135860979462876,633.0,17.994602124325265,574.3
2026-05-30T19:00:00,26.966523605150215,233.0,26.525193492339284,633.1,18.00348432055749,574.0
2026-05-30T20:00:00,26.839024390243903,246.0,25.73143759873618,633.0,17.15049642919352,574.1
2026-05-30T21:00:00,27.727272727272727,220.0,30.029494773519165,574.0,8.821602787456445,574.0
2026-05-30T22:00:00,29.009090909090908,220.0,29.149703832752614,574.0,8.821602787456445,574.0
2026-05-30T23:00:00,27.727272727272727,220.0,24.933649289099527,633.0,14.60320501654764,574.1
2026-05-31T00:00:00,33.497854077253216,233.0,1.1829268292682926,574.0,1.4540243902439025,574.0
2026-05-31T01:00:00,25.4,220.0,1.0,574.0,1.0273170731707317,574.0
2026-05-31T02:00:00,35.0,220.0,1.0192334494773518,574.0,1.070053475935829,561.0
2026-05-31T03:00:00,32.0,220.0,1.0,574.0,1.5449732620320855,561.0
2026-05-31T04:00:00,30.0,233.0,1.0,574.2,2.0060975609756095,574.0
2026-05-31T05:00:00,31.244635193133046,233.0,1.0,574.0,3.1036585365853657,574.0
2026-05-31T06:00:00,34.21888412017167,233.0,1.0,574.0,2.344773519163763,574.0
2026-05-31T07:00:00,32.223175965665234,233.0,1.0,574.0,1.6419163763066202,574.0
2026-05-31T08:00:00,37.38197424892704,233.0,1.0,574.1,1.1990243902439024,574.0
2026-05-31T09:00:00,35.5450643776824,233.0,1.1296380090497737,574.6,1.0,574.0
2026-05-31T10:00:00,38.11158798283262,233.0,1.0,574.0,1.6775783972125435,574.0
2026-05-31T11:00:00,38.99141630901288,233.0,1.0,574.0,2.3785714285714286,574.0
2026-05-31T12:00:00,35.48927038626609,233.0,1.054198606271777,574.0,2.5644599303135887,574.0
2026-05-31T13:00:00,38.39484978540773,233.0,1.0,574.0,2.4051219512195123,574.0
2026-05-31T14:00:00,37.566523605150216,233.0,1.0190243902439025,574.0,1.1168118466898955,574.0
2026-05-31T15:00:00,38.51072961373391,233.0,1.0,574.0,1.6820557491289199,574.0
2026-05-31T16:00:00,38.37424892703863,233.0,1.0,574.0,2.1759581881533103,574.0
2026-05-31T17:00:00,39.09742489270386,233.0,1.0681184668989547,574.0,1.029198606271777,574.0
2026-05-31T18:00:00,36.28048780487805,246.0,1.0,594.0,1.2082926829268292,574.0
2026-05-31T19:00:00,40.5609756097561,246.0,1.0,574.0,1.1714285714285715,574.0
2026-05-31T20:00:00,38.60515021459227,233.0,1.1735191637630662,574.0,1.0294474153297684,561.0
2026-05-31T21:00:00,33.54077253218884,233.0,1.2107317073170731,574.0,1.36096256684492,561.0
2026-05-31T22:00:00,37.36051502145923,233.0,1.0707317073170732,574.0,1.1777003484320558,574.0
2026-05-31T23:00:00,35.0,220.0,1.180836236933798,574.0,1.0484848484848486,561.0
2026-06-01T00:00:00,29.29951690821256,207.0,3.7372262773722627,548.0,1.5642335766423359,548.0
2026-06-01T01:00:00,17.028985507246375,207.0,4.136448598130841,535.0,4.287983554475799,535.1
2026-06-01T02:00:00,16.57487922705314,207.0,9.248598130841122,535.0,1.62803738317757,535.0
2026-06-01T03:00:00,16.245916515426497,220.4,9.239252336448597,535.0,2.954018691588785,535.0
2026-06-01T04:00:00,13.870454545454546,220.0,8.821682242990654,535.0,1.713644859813084,535.0
2026-06-01T05:00:00,23.09090909090909,220.0,7.446672743846855,548.5,1.8547445255474453,548.0
2026-06-01T06:00:00,67.22317596566523,233.0,11.187009345794392,535.0,1.6594076655052266,574.0
2026-06-01T07:00:00,64.14545454545454,220.0,19.345794392523363,535.0,1.4129268292682926,574.0
2026-06-01T08:00:00,59.1587982832618,233.0,53.08411214953271,535.0,1.5097560975609756,574.0
2026-06-01T09:00:00,42.17391304347826,207.0,31.79252336448598,535.0,1.4343205574912892,574.0
2026-06-01T10:00:00,44.31400966183575,207.0,21.37555140186916,535.0,1.2777183600713014,561.0
2026-06-01T11:00:00,45.84541062801932,207.0,25.194598540145986,548.0,1.2680926916221034,561.0
2026-06-01T12:00:00,22.797101449275363,207.0,39.925233644859816,535.0,1.2994867225093567,561.1
2026-06-01T13:00:00,27.971014492753625,207.0,25.177570093457945,535.0,1.6524390243902438,574.0
2026-06-01T14:00:00,32.95169082125604,207.0,29.411214953271028,535.0,2.8449128919860627,574.0
2026-06-01T15:00:00,35.5024154589372,207.0,23.55700934579439,535.0,1.9174216027874564,574.0
2026-06-01T16:00:00,21.347826086956523,207.0,41.12149532710281,535.0,4.022076263455574,548.1
2026-06-01T17:00:00,33.28502415458937,207.0,14.45818691588785,535.0,4.184668989547038,574.0
2026-06-01T18:00:00,45.74545454545454,220.0,26.91973831775701,535.0,3.4738675958188154,574.0
2026-06-01T19:00:00,52.06818181818182,220.0,18.776280373831774,535.0,2.3785714285714286,574.0
2026-06-01T20:00:00,85.27896995708154,233.0,34.26168224299065,535.0,1.4195121951219511,574.0
2026-06-01T21:00:00,74.71244635193133,233.0,28.020560747663552,535.0,1.2844741532976827,561.0
2026-06-01T22:00:00,53.48909090909091,220.0,21.66305363483461,535.1,1.4269163763066202,574.0
2026-06-01T23:00:00,37.11217391304348,207.0,21.87476635514019,535.0,1.428397212543554,574.0
2026-06-02T00:00:00,74.9622641509434,212.0,1.2854981742305687,575.1,2.4057839721254357,574.0
2026-06-02T01:00:00,63.361698113207545,212.0,1.0201565217391304,575.0,2.040766550522648,574.0
2026-06-02T02:00:00,71.34983026874116,212.1,1.6021913043478262,575.0,3.2149122807017543,570.0
2026-06-02T03:00:00,47.264150943396224,212.0,1.0130782608695652,575.0,2.0122258180510606,556.2
2026-06-02T04:00:00,99.0097641509434,212.0,1.0,575.4,3.233849674353107,568.1
2026-06-02T05:00:00,71.67924528301887,212.0,1.0,575.4,7.546708463949844,574.2
2026-06-02T06:00:00,90.98443396226415,212.0,1.068695652173913,575.0,2.3550339071465833,575.1
2026-06-02T07:00:00,143.925,212.0,3.0476521739130433,575.0,3.3158857341926495,574.1
2026-06-02T08:00:00,112.12735849056604,212.0,1.2879130434782609,575.0,2.0452360215990244,574.1
2026-06-02T09:00:00,66.28301886792453,212.0,1.3538247566063977,575.2,2.0745942251836667,585.3
2026-06-02T10:00:00,50.33815609310817,219.1,2.352808207268301,575.1,1.65047825302292,554.1
2026-06-02T11:00:00,53.160377358490564,212.0,1.342608695652174,575.0,4.103249475890985,572.4
2026-06-02T12:00:00,37.56142857142857,212.1,3.775169535732916,575.1,4.0060827250608275,575.4
2026-06-02T13:00:00,37.899575471698114,212.0,2.957826086956522,575.0,4.104897533865926,575.8
2026-06-02T14:00:00,37.930754716981134,212.0,5.173187271778821,575.1,3.4109040236892527,574.1
2026-06-02T15:00:00,45.18254716981132,212.0,2.9802782608695653,575.0,3.9934680369273647,574.1
2026-06-02T16:00:00,40.200892857142854,224.0,2.3975317225795236,575.3,5.045052447552448,572.0
2026-06-02T17:00:00,39.443301886792455,212.0,2.0410692588092343,576.1,3.398623933112698,574.1
2026-06-02T18:00:00,164.71698113207546,212.0,1.0807929055816379,575.1,1.8017391304347825,575.0
2026-06-02T19:00:00,170.8254716981132,212.0,1.0270608695652175,575.0,5.8125,576.0
2026-06-02T20:00:00,187.43171806167402,227.0,1.6072869565217391,575.0,4.247001564401182,575.3
2026-06-02T21:00:00,90.15566037735849,212.0,3.343059936908517,634.0,6.464575773284949,578.7
2026-06-02T22:00:00,42.88320754716981,212.0,1.765286956521739,575.0,4.139083275017494,571.6
2026-06-02T23:00:00,40.929245283018865,212.0,3.1953043478260867,575.0,3.2875737591114196,576.2
2026-06-03T00:00:00,30.474285714285713,217.0,6.664146719476494,580.7,1.5897229042441248,570.2
2026-06-03T01:00:00,26.26853448275862,232.0,3.846790339516976,571.4,1.566,570.0
2026-06-03T02:00:00,20.719310344827587,232.0,6.547607573149742,581.0,1.2413413768630235,563.6
2026-06-03T03:00:00,21.957327586206898,232.0,3.7813249211356466,570.6,1.2545359568169947,574.3
2026-06-03T04:00:00,17.727272727272727,231.0,6.214492254733218,581.0,1.5,571.3
2026-06-03T05:00:00,17.74137931034483,232.0,6.574698795180723,581.0,1.9058405822829754,563.3
2026-06-03T06:00:00,18.39784482758621,232.0,6.577423798863441,580.7,1.1366787003610108,554.0
2026-06-03T07:00:00,34.55948275862069,232.0,2.989348500517063,580.2,1.5,574.0
2026-06-03T08:00:00,41.87931034482759,232.0,5.4473149741824445,581.0,1.1861024033437826,574.2
2026-06-03T09:00:00,25.02032258064516,217.0,6.614457831325301,581.0,1.0964367816091953,574.2
2026-06-03T10:00:00,33.29906976744186,215.0,6.70722891566265,581.0,1.2538057103064066,574.4
2026-06-03T11:00:00,29.838709677419356,217.0,6.71856380230756,580.7,1.0995158744079987,570.1
2026-06-03T12:00:00,18.147465437788018,217.0,7.252574479076976,580.7,1.288780487804878,574.0
2026-06-03T13:00:00,24.649769585253456,217.0,5.174044750430292,581.0,1.0975862068965516,574.2
2026-06-03T14:00:00,20.84523261169968,217.1,6.566092943201377,581.0,1.6473354231974922,574.2
2026-06-03T15:00:00,25.023041474654377,217.0,6.887218045112782,558.6,1.5318390804597701,574.2
2026-06-03T16:00:00,24.928670041417394,217.3,5.206970897193043,580.7,2.0422382671480146,554.0
2026-06-03T17:00:00,39.94,200.0,3.77456173583606,580.7,1.6027492604837306,574.7
2026-06-03T18:00:00,23.25,232.0,5.103161397670549,601.0,1.82686854542272,571.3
2026-06-03T19:00:00,20.518755760368663,217.0,5.23560298102981,590.4,1.6875326484415811,574.3
2026-06-03T20:00:00,21.018433179723502,217.0,5.242650602409639,581.0,1.4726025208592224,563.3
2026-06-03T21:00:00,19.689655172413794,232.0,6.876349703935911,574.2,4.078530384816298,574.3
2026-06-03T22:00:00,29.202764976958527,217.0,5.3,570.0,1.3796698523023458,575.5
2026-06-03T23:00:00,18.08668103448276,232.0,5.253700516351119,581.0,1.6897895844292479,570.3
2026-06-04T00:00:00,32.96174107142857,224.0,1.6318118466898954,574.0,1.2519298245614034,570.0
2026-06-04T01:00:00,38.71502092050209,239.0,1.1083275261324042,574.0,1.315,570.0
2026-06-04T02:00:00,38.14243943191312,239.4,1.030993031358885,574.0,1.2870180670057885,570.1
2026-06-04T03:00:00,37.28269230769231,234.0,1.0300522648083623,574.0,1.4982578397212543,574.0
2026-06-04T04:00:00,35.09756097560975,246.0,1.0665563490681067,574.1,1.557504424778761,565.0
2026-06-04T05:00:00,36.21138211382114,246.0,1.0801393728222997,574.0,1.4180313588850175,574.0
2026-06-04T06:00:00,39.33891213389121,239.0,3.6754006968641115,574.0,1.640768814293449,554.1
2026-06-04T07:00:00,38.39748953974895,239.0,5.128919860627177,574.0,1.895791547277937,558.4
2026-06-04T08:00:00,42.32761506276151,239.0,3.757299651567944,574.0,1.1355488239486815,561.2
2026-06-04T09:00:00,39.914529914529915,234.0,1.7473867595818815,574.0,1.5637109375,563.2
2026-06-04T10:00:00,41.63436123348018,227.0,2.1243379790940766,574.0,1.3800420904945634,570.2
2026-06-04T11:00:00,40.61233480176212,227.0,1.6554703832752613,574.0,2.1197247706422018,566.8
2026-06-04T12:00:00,42.061087866108785,239.0,3.7029965156794424,574.0,2.1358645276292334,561.0
2026-06-04T13:00:00,43.60969162995595,227.0,3.6754006968641115,574.0,1.7761929824561404,570.0
2026-06-04T14:00:00,47.51541850220264,227.0,5.140574912891986,574.0,2.7616724738675957,574.0
2026-06-04T15:00:00,42.053744493392074,227.0,2.5266678272980503,574.4,1.7865263157894737,570.0
2026-06-04T16:00:00,39.29599118942731,227.0,3.7151742160278745,574.0,2.112484237074401,555.1
2026-06-04T17:00:00,43.414096916299556,227.0,1.6038649025069638,574.4,1.219360568383659,563.0
2026-06-04T18:00:00,39.68898678414097,227.0,3.7321727485771676,597.4,1.7591155234657039,554.0
2026-06-04T19:00:00,44.350794979079495,239.0,3.2299199466310875,599.6,1.6093862815884477,554.0
2026-06-04T20:00:00,38.88932038834952,257.5,2.167595818815331,574.0,1.2912280701754386,570.0
2026-06-04T21:00:00,38.2092050209205,239.0,5.1310104529616725,574.0,1.3130017761989343,563.0
2026-06-04T22:00:00,43.07393162393162,234.0,1.6363066202090593,574.0,1.1350799289520426,563.0
2026-06-04T23:00:00,39.97907949790795,239.0,1.3405923344947734,574.0,1.2556140350877194,570.0
2026-06-05T00:00:00,7.556910569105691,246.0,1.7311846689895471,574.0,5.398916967509026,554.0
2026-06-05T01:00:00,7.394351464435147,239.0,1.1253988157436434,574.2,8.473068592057762,554.0
2026-06-05T02:00:00,7.598373983739838,246.0,1.194268292682927,574.0,8.244584837545126,554.0
2026-06-05T03:00:00,7.61219512195122,246.0,1.2130313588850175,574.0,9.576714801444043,554.0
2026-06-05T04:00:00,7.501626016260163,246.0,1.3397212543554007,574.0,15.830324909747292,554.0
2026-06-05T05:00:00,11.629779735682819,227.0,1.3405923344947734,574.0,2.8792184724689167,563.0
2026-06-05T06:00:00,19.145539906103288,213.0,2.338658536585366,574.0,1.656794425087108,574.0
2026-06-05T07:00:00,21.10105263157895,228.0,1.8755501222493887,613.5,1.7733877840909091,563.2
2026-06-05T08:00:00,18.977272727272727,220.0,3.2766612641815236,617.0,1.4672473867595819,574.0
2026-06-05T09:00:00,13.824545454545454,220.0,1.7509756097560976,574.0,1.3170526315789475,570.0
2026-06-05T10:00:00,17.416666666666668,228.0,1.3453310104529617,574.0,1.775999298737728,570.4
2026-06-05T11:00:00,12.091324200913242,219.0,3.3346341463414633,574.0,1.682495968464433,558.1
2026-06-05T12:00:00,18.73568281938326,227.0,3.731707317073171,574.0,1.9020557491289198,574.0
2026-06-05T13:00:00,12.091324200913242,219.0,2.3648780487804877,574.0,1.7763943161634104,563.0
2026-06-05T14:00:00,14.843025099075298,227.1,3.2825609756097562,574.0,2.5932105263157896,570.0
2026-06-05T15:00:00,12.291294642857142,224.0,3.6478048780487806,574.0,2.592111913357401,554.0
2026-06-05T16:00:00,12.745718849840255,219.1,3.6898954703832754,574.0,2.41,563.0
2026-06-05T17:00:00,12.20704845814978,227.0,2.3310104529616726,574.0,1.770891265597148,561.0
2026-06-05T18:00:00,17.784140969162994,227.0,3.731707317073171,574.0,1.9891335740072202,554.0
2026-06-05T19:00:00,15.924882629107982,213.0,3.7292160278745645,574.0,2.597560975609756,574.0
2026-06-05T20:00:00,11.712264150943396,212.0,3.757313829787234,601.6,1.648014440433213,554.0
2026-06-05T21:00:00,17.930281690140845,213.0,2.4170616113744074,633.0,1.5151219512195122,574.0
2026-06-05T22:00:00,14.19830985915493,213.0,1.8737427673995701,604.9,1.3742451154529307,563.0
2026-06-05T23:00:00,21.77358490566038,212.0,1.3485365853658537,574.0,1.1921847246891653,563.0
2026-06-06T00:00:00,17.782426778242677,239.0,3.7551853111186673,588.2,2.4220959147424512,563.0
2026-06-06T01:00:00,17.352422907488986,227.0,4.257543554006968,574.0,1.5840142095914742,563.0
2026-06-06T02:00:00,17.0836820083682,239.0,3.7305923344947733,574.0,2.322095914742451,563.0
2026-06-06T03:00:00,16.481726111845003,227.1,3.682299651567944,574.0,1.945801393728223,574.0
2026-06-06T04:00:00,12.832599118942731,227.0,3.853565740576889,565.1,3.2827526132404183,574.0
2026-06-06T05:00:00,17.512820512820515,234.0,5.083623693379791,574.0,3.180348432055749,574.0
2026-06-06T06:00:00,37.82819383259912,227.0,5.935540069686411,574.0,1.9128158844765344,554.0
2026-06-06T07:00:00,39.70484581497797,227.0,5.905287876152374,574.9,2.482363315696649,567.0
2026-06-06T08:00:00,38.28137384412153,227.1,5.975553633217993,578.0,1.7152753108348135,563.0
2026-06-06T09:00:00,21.220264317180618,227.0,7.0509321739130435,575.0,1.5,574.0
2026-06-06T10:00:00,18.453259911894275,227.0,7.0643163211983975,574.1,1.563765541740675,563.0
2026-06-06T11:00:00,17.786610878661087,239.0,6.357491289198606,574.0,3.1188591800356504,561.0
2026-06-06T12:00:00,19.468619246861923,239.0,6.254216027874564,574.0,4.257039711191336,554.0
2026-06-06T13:00:00,21.589958158995817,239.0,6.4782229965156795,574.0,5.874547069271759,563.0
2026-06-06T14:00:00,20.539748953974897,239.0,5.753178888695349,574.1,4.456140350877193,570.0
2026-06-06T15:00:00,21.81057268722467,227.0,5.85350984149103,574.1,3.428063943161634,563.0
2026-06-06T16:00:00,17.867837724801337,239.1,6.463414634146342,574.0,4.088231046931408,554.0
2026-06-06T17:00:00,17.744493392070485,227.0,6.281465658889254,608.6,17.700361010830324,554.0
2026-06-06T18:00:00,20.356387665198238,227.0,6.244013212221304,605.5,4.421491228070176,570.0
2026-06-06T19:00:00,23.555555555555557,234.0,6.399825783972125,574.0,5.875666074600355,563.0
2026-06-06T20:00:00,18.865014950875693,234.1,3.6754006968641115,574.0,5.219512195121951,574.0
2026-06-06T21:00:00,20.92452830188679,212.0,3.6597771587743733,574.4,3.3520350877192984,570.0
2026-06-06T22:00:00,20.835616438356166,219.0,5.066202090592334,574.0,1.5902673796791444,561.0
2026-06-06T23:00:00,22.0,212.0,3.053291536050157,574.2,1.5901083032490975,554.0
2026-06-07T00:00:00,23.20754716981132,212.0,1.4660353982300884,565.0,1.658893143056039,574.6
2026-06-07T01:00:00,20.141509433962263,212.0,1.1672473867595818,574.0,1.2533753943217665,570.6
2026-06-07T02:00:00,23.20754716981132,212.0,1.1750871080139373,574.0,1.253122782114975,563.6
2026-06-07T03:00:00,21.78301886792453,212.0,1.1698606271777003,574.0,1.1,574.6
2026-06-07T04:00:00,41.39622641509434,212.0,1.0959471212384762,574.9,1.2231117298990601,574.6
2026-06-07T05:00:00,21.150943396226417,212.0,1.0982578397212543,574.0,1.3845990063875089,563.6
2026-06-07T06:00:00,24.49056603773585,212.0,1.4581184668989546,574.0,1.6740341106856944,574.6
2026-06-07T07:00:00,22.151415094339622,212.0,1.670731707317073,574.0,1.6711158569140416,561.9
2026-06-07T08:00:00,39.37396226415094,212.0,1.5974527811471149,577.1,1.6308773194019095,555.1
2026-06-07T09:00:00,39.5811320754717,212.0,1.0861324041811846,574.0,1.4979438583944216,559.3
2026-06-07T10:00:00,166.74622641509433,212.0,1.28095818815331,574.0,21.37929792979298,555.5
2026-06-07T11:00:00,165.25943396226415,212.0,1.4678048780487805,574.0,1.8895148391682957,562.7
2026-06-07T12:00:00,70.12234794908062,212.1,1.8601045296167247,574.0,13.710663549721273,556.1
2026-06-07T13:00:00,70.45042412818096,212.2,2.317073170731707,574.0,16.531547726047098,556.3
2026-06-07T14:00:00,72.49528301886792,212.0,1.5403135888501742,574.0,13.839590075512406,556.2
2026-06-07T15:00:00,162.08490566037736,212.0,1.1,574.0,17.381294964028775,556.0
2026-06-07T16:00:00,72.26179245283019,212.0,1.127334494773519,574.0,1.6991255683805526,571.8
2026-06-07T17:00:00,72.77049952874647,212.2,1.0665505226480836,574.0,1.2927876880027982,571.8
2026-06-07T18:00:00,26.900943396226417,212.0,2.204329998359849,609.7,1.725551502518673,575.7
2026-06-07T19:00:00,26.38443396226415,212.0,1.5996073745305566,585.8,1.243860894251242,563.6
2026-06-07T20:00:00,28.612334801762113,227.0,1.7745644599303136,574.0,1.3675078864353312,570.6
2026-06-07T21:00:00,27.04566210045662,219.0,1.8440766550522647,574.0,1.2245005257623554,570.6
2026-06-07T22:00:00,26.56132075471698,212.0,1.3117073170731708,574.0,1.0885632900124622,561.7
2026-06-07T23:00:00,22.42452830188679,212.0,1.275034843205575,574.0,1.2285067873303168,574.6
2026-06-08T00:00:00,16.991869918699187,246.0,2.700986780860175,537.1,6.576700956506046,554.1
2026-06-08T01:00:00,12.83476898981989,255.4,1.792701545336064,537.1,5.21945497202671,554.1
2026-06-08T02:00:00,11.99375,256.0,2.3822379445168496,537.1,3.848159509202454,554.2
2026-06-08T03:00:00,12.078276269185361,254.1,2.2033140942096443,537.1,14.635781306387585,554.2
2026-06-08T04:00:00,15.19349593495935,246.0,2.5061976549413734,537.3,3.5061180292366,554.1
2026-06-08T05:00:00,16.41676505312869,254.1,1.7539005771737106,537.1,6.578234975636167,554.1
2026-06-08T06:00:00,14.573221757322175,239.0,5.757177434369764,537.1,3.193730407523511,574.2
2026-06-08T07:00:00,17.977833542450856,239.1,3.6073356916775277,537.1,1.3458188153310104,574.0
2026-06-08T08:00:00,25.609756097560975,246.0,4.882889592254701,537.1,1.1811107193229902,567.2
2026-06-08T09:00:00,19.623430962343097,239.0,31.05300074460164,537.2,1.9422908261708471,570.1
2026-06-08T10:00:00,25.732217573221757,239.0,11.508099050456153,537.1,1.934397474127346,570.1
2026-06-08T11:00:00,20.06694560669456,239.0,5.520220256363965,553.9,1.5315930001804077,554.3
2026-06-08T12:00:00,20.06694560669456,239.0,5.997878568847127,553.4,1.7712088486326425,574.1
2026-06-08T13:00:00,26.617235772357724,246.0,3.0901645272102694,553.1,1.9679498345236022,574.1
2026-06-08T14:00:00,16.192468619246863,239.0,3.239858578340156,537.4,1.783889566277652,574.1
2026-06-08T15:00:00,16.276150627615063,239.0,4.7575670141474315,537.2,1.783889566277652,574.1
2026-06-08T16:00:00,19.820975609756097,246.0,15.965171258376769,537.2,3.0640916355887056,563.1
2026-06-08T17:00:00,13.704878048780488,246.0,11.791213700670141,537.2,3.0261505143475906,554.1
2026-06-08T18:00:00,14.395867768595041,254.1,12.075232774674115,537.0,6.842960288808665,554.0
2026-06-08T19:00:00,14.424808390480033,247.9,20.458015267175572,537.1,1.5,579.1
2026-06-08T20:00:00,14.382352941176471,248.2,43.20796872090858,537.1,1.103411083830235,570.2
2026-06-08T21:00:00,15.675029868578255,251.1,12.702103891267921,537.1,1.2653268029049147,592.1
2026-06-08T22:00:00,24.652719665271967,239.0,10.69301935964259,537.2,1.102682459501829,574.1
2026-06-08T23:00:00,14.341463414634147,246.0,5.346072226358898,537.2,1.288056481319067,570.1
2026-06-09T00:00:00,15.325292740046839,213.5,1.1,574.1,1.0823271207106775,574.1
2026-06-09T01:00:00,16.125283704039944,220.3,1.1,574.1,1.3752351097178683,574.2
2026-06-09T02:00:00,14.686265906099166,227.9,1.0142857142857142,574.0,1.2400452882773036,574.1
2026-06-09T03:00:00,14.123893805309734,226.0,1.014638564709981,574.1,1.148406201010277,574.1
2026-06-09T04:00:00,14.245093763628434,229.3,1.0614352900191604,574.1,1.3780003483713639,574.1
2026-06-09T05:00:00,16.668425681618295,227.4,1.0142205190733322,574.1,1.148406201010277,574.1
2026-06-09T06:00:00,16.139399624765478,213.2,1.6146230255658687,614.1,1.1139348545549557,574.1
2026-06-09T07:00:00,20.587605633802816,213.0,1.613991206643869,614.1,1.3828775474655983,574.1
2026-06-09T08:00:00,20.420028076743098,213.7,1.1185370308867486,602.2,1.1344016721825465,574.1
2026-06-09T09:00:00,273.53036437246965,247.0,1.4425511661113755,630.3,1.1321664022563018,567.3
2026-06-09T10:00:00,287.38554703270086,247.7,1.1,633.1,1.0818973725974255,567.1
2026-06-09T11:00:00,272.92084006462034,247.6,1.1982783130627073,633.1,1.3780003483713639,574.1
2026-06-09T12:00:00,25.827902621722846,213.6,1.3332590141090401,574.1,1.3034274551589415,563.1
2026-06-09T13:00:00,26.86629213483146,213.6,1.4207629332868839,574.1,1.4371816756662603,574.1
2026-06-09T14:00:00,32.83435393258427,213.6,1.3633327535223516,574.9,1.4535969343319979,574.1
2026-06-09T15:00:00,30.211535580524345,213.6,1.6865124369455557,574.9,1.6370034843205574,574.0
2026-06-09T16:00:00,39.49349442379182,215.2,1.5830161767263873,574.9,1.6357638042152935,574.1
2026-06-09T17:00:00,28.86003717472119,215.2,1.061658031088083,579.0,1.5,570.1
2026-06-09T18:00:00,23.907124239791486,230.2,1.1,606.1,1.5291422482685135,563.1
2026-06-09T19:00:00,23.96309260079752,225.7,1.1944512089058967,574.9,1.5,574.1
2026-06-09T20:00:00,23.732194665418813,213.7,1.1942,575.0,1.0762962962962963,567.0
2026-06-09T21:00:00,18.35448989186648,212.7,1.2851278483214472,574.9,1.1317087615398014,574.1
2026-06-09T22:00:00,19.352690687880205,213.7,1.465378326665507,574.9,1.1169656854206584,574.1
2026-06-09T23:00:00,17.64788732394366,213.0,1.1,575.2,1.082013586483191,574.1
2026-06-10T00:00:00,20.317991631799163,239.0,1.0366736256089075,574.8,1.3815331010452963,574.0
2026-06-10T01:00:00,15.732217573221757,239.0,1.014661797948183,575.1,1.3815331010452963,574.0
2026-06-10T02:00:00,15.17489539748954,239.0,1.0145998608211553,574.8,1.9499294532627867,567.0
2026-06-10T03:00:00,14.170731707317072,246.0,1.014669450243563,574.8,1.887379679144385,561.0
2026-06-10T04:00:00,14.418410041841005,239.0,1.0141127348643006,574.8,3.432098765432099,567.0
2026-06-10T05:00:00,13.691056910569106,246.0,1.014669450243563,574.8,2.166411149825784,574.0
2026-06-10T06:00:00,49.28870292887029,239.0,1.0346058677978085,565.8,1.8877894736842105,570.0
2026-06-10T07:00:00,40.969162995594715,227.0,1.1841922609751865,576.3,1.3829268292682926,574.0
2026-06-10T08:00:00,43.225550660792955,227.0,16.2344769874477,597.5,1.3829268292682926,574.0
2026-06-10T09:00:00,49.698113207547166,212.0,1.7411865864144453,581.5,1.3808984851123107,574.3
2026-06-10T10:00:00,18.169515418502204,227.0,1.320154830023561,594.2,1.3780003483713639,574.1
2026-06-10T11:00:00,18.68646234676007,228.4,6.271995977878331,596.7,1.5,574.0
2026-06-10T12:00:00,19.04459234608985,240.4,1.0363256784968684,574.8,1.4736637168141593,565.0
2026-06-10T13:00:00,18.73127753303965,227.0,1.0351304347826087,575.0,2.2754395311667555,563.1
2026-06-10T14:00:00,17.9581589958159,239.0,1.0363478260869565,575.0,2.41,563.0
2026-06-10T15:00:00,17.04700854700855,234.0,1.036499652052888,574.8,2.41,558.0
2026-06-10T16:00:00,15.656387665198238,227.0,1.0359777313848295,574.8,2.41,574.0
2026-06-10T17:00:00,15.205128205128204,234.0,1.036499652052888,574.8,2.41,574.0
2026-06-10T18:00:00,14.24390243902439,246.0,1.0142519137091162,574.8,2.41,561.0
2026-06-10T19:00:00,17.238717948717948,234.0,1.0145998608211553,574.8,7.267888086642599,554.0
2026-06-10T20:00:00,17.77409691629956,227.0,1.0351078636047322,574.8,3.5812274368231045,554.0
2026-06-10T21:00:00,15.841004184100418,239.0,1.0363256784968684,574.8,1.4092063492063491,567.0
2026-06-10T22:00:00,16.594142259414227,239.0,1.0605064407976001,566.7,1.3925035360678926,565.6
2026-06-10T23:00:00,16.854743589743588,234.0,1.03580375782881,574.8,1.293157894736842,570.0
2026-06-11T00:00:00,73.1536170212766,235.0,1.04,574.9,43.100361010830326,554.0
2026-06-11T01:00:00,34.0,228.0,1.0527674378152723,574.9,82.16086642599278,554.0
2026-06-11T02:00:00,32.94761904761905,231.0,1.0,574.9,84.32490974729242,554.0
2026-06-11T03:00:00,31.08679245283019,212.0,1.0152948338841539,574.9,54.895306859205775,554.0
2026-06-11T04:00:00,29.340255169379674,227.3,1.04,574.9,80.27436823104694,554.0
2026-06-11T05:00:00,29.35054794520548,219.0,1.0775717516089756,574.9,79.74548736462094,554.0
2026-06-11T06:00:00,50.33480176211454,227.0,1.1096468951121934,574.9,83.72057761732852,554.0
2026-06-11T07:00:00,50.26431718061674,227.0,1.2136743215031316,574.8,3.6061371841155236,554.0
2026-06-11T08:00:00,56.780660377358494,212.0,1.1642745166347326,574.1,3.5257548845470694,563.0
2026-06-11T09:00:00,57.359030837004404,227.0,1.1221982233060444,574.1,1.4413588850174217,574.0
2026-06-11T10:00:00,74.26084905660377,212.0,3.2170085321260666,574.3,1.5210649819494584,554.0
2026-06-11T11:00:00,52.556603773584904,212.0,1.3970109736979621,574.1,80.48447653429604,554.0
2026-06-11T12:00:00,46.475896226415095,212.0,1.2600836091273298,574.1,44.66317689530686,554.0
2026-06-11T13:00:00,57.16140350877193,228.0,1.2433368164402647,574.2,46.79095831077423,554.1
2026-06-11T14:00:00,55.33207547169811,212.0,1.637699808462476,574.3,48.04147265836492,554.1
2026-06-11T15:00:00,49.65754716981132,212.0,1.28911227154047,574.5,82.32129963898917,554.0
2026-06-11T16:00:00,45.834952830188676,212.0,1.0142605817801778,574.1,3.6418772563176893,554.0
2026-06-11T17:00:00,45.17235266383781,212.1,1.11903326946525,574.1,3.925044404973357,563.0
2026-06-11T18:00:00,90.0,227.0,1.0472762037197985,575.3,40.90342960288809,554.0
2026-06-11T19:00:00,93.35849056603773,212.0,1.0660663507109005,633.0,29.41696750902527,554.0
2026-06-11T20:00:00,91.67924528301887,212.0,1.163403588225048,574.1,30.12124548736462,554.0
2026-06-11T21:00:00,80.93867924528301,212.0,1.1,574.1,1.5667870036101084,554.0
2026-06-11T22:00:00,59.113207547169814,212.0,1.1425605295244732,574.1,1.2247292418772564,554.0
2026-06-11T23:00:00,62.08679245283019,212.0,1.04,574.1,1.0059540389972146,574.4
2026-06-12T00:00:00,16.27196485623003,250.4,2.418548672566372,565.0,6.949094046591889,579.5
2026-06-12T01:00:00,10.819698173153297,251.8,2.474738675958188,574.0,8.622418828380004,582.1
2026-06-12T02:00:00,11.288611544461778,256.4,1.4221238938053098,565.0,8.614673073622791,582.7
2026-06-12T03:00:00,10.5,259.6,1.3612099644128113,562.0,8.75123187139612,572.3
2026-06-12T04:00:00,10.59656652360515,256.3,2.361929203539823,565.0,8.943477511631915,580.3
2026-06-12T05:00:00,11.048780487804878,246.0,3.0788426763110306,553.0,9.653217779303244,582.7
2026-06-12T06:00:00,11.915708812260537,261.0,3.7980427046263343,562.0,10.331862660944205,582.5
2026-06-12T07:00:00,11.789152024446143,261.8,3.163716814159292,565.0,7.296598592757851,582.7
2026-06-12T08:00:00,11.913713405238829,259.6,3.760271247739602,553.0,6.916643212630857,582.7
2026-06-12T09:00:00,12.300813008130081,246.0,2.330796460176991,565.0,6.0722979234597565,582.7
2026-06-12T10:00:00,12.300813008130081,246.0,3.682386980108499,553.0,25.493786241207754,582.9
2026-06-12T11:00:00,12.300813008130081,246.0,5.16998191681736,553.0,8.5991076025399,582.7
2026-06-12T12:00:00,11.975609756097562,246.0,6.725158168961667,537.4,8.582278481012658,584.6
2026-06-12T13:00:00,12.40650406504065,246.0,7.043715846994536,549.0,10.276629213483146,578.5
2026-06-12T14:00:00,10.57729941291585,255.5,6.772151898734177,553.0,8.669230769230769,578.5
2026-06-12T15:00:00,11.98828125,256.0,3.682017699115044,565.0,11.20954356846473,578.4
2026-06-12T16:00:00,10.830739299610896,257.0,3.829113924050633,553.0,11.215203181739582,578.3
2026-06-12T17:00:00,10.825203252032521,246.0,3.606411149825784,574.0,25.609097174362507,580.4
2026-06-12T18:00:00,12.32759327593276,243.9,1.21602787456446,574.0,7.7533024214322515,582.3
2026-06-12T19:00:00,18.098268223922673,248.3,2.495575221238938,565.0,9.349142072752231,582.8
2026-06-12T20:00:00,15.571715481171548,239.0,2.4876106194690264,565.0,7.101073860660032,572.7
2026-06-12T21:00:00,22.8939837398374,246.0,2.3943185840707963,565.0,4.380862394777529,582.1
2026-06-12T22:00:00,23.271544715447156,246.0,2.344353982300885,565.0,6.064333504889347,582.9
2026-06-12T23:00:00,24.180602006688964,239.2,1.078466898954704,574.0,4.287322480083131,577.4
2026-06-13T00:00:00,21.548780487804876,246.0,2.942857142857143,574.0,4.452025960357832,570.1
2026-06-13T01:00:00,17.364016736401673,239.0,1.2062369337979093,574.0,4.420229405630866,575.4
2026-06-13T02:00:00,17.235772357723576,246.0,1.7021428571428572,574.0,6.142857142857143,574.0
2026-06-13T03:00:00,16.10878661087866,239.0,1.3469291064274516,574.1,8.628792893224176,574.1
2026-06-13T04:00:00,16.24982905982906,234.0,1.598850174216028,574.0,4.427974220519073,574.1
2026-06-13T05:00:00,16.08786610878661,239.0,2.9442508710801394,574.0,4.435540069686411,574.0
2026-06-13T06:00:00,15.16260162601626,246.0,2.9325435540069686,574.0,5.732456445993031,574.0
2026-06-13T07:00:00,14.979674796747968,246.0,1.865,574.0,5.717104576300678,574.7
2026-06-13T08:00:00,15.231707317073171,246.0,2.9377003484320556,574.0,6.134806053226648,574.9
2026-06-13T09:00:00,15.300813008130081,246.0,2.94801393728223,574.0,6.142559109874826,575.2
2026-06-13T10:00:00,16.195121951219512,246.0,2.9325435540069686,574.0,6.131235876933774,575.3
2026-06-13T11:00:00,16.59349593495935,246.0,2.9547038327526134,574.0,6.131235876933774,575.3
2026-06-13T12:00:00,17.211382113821138,246.0,3.206113917435987,574.1,8.241409615716009,580.3
2026-06-13T13:00:00,18.585365853658537,246.0,2.923344947735192,574.0,9.309470026064291,575.5
2026-06-13T14:00:00,16.979674796747968,246.0,1.5727747779132555,574.1,8.606238086986657,577.1
2026-06-13T15:00:00,16.82520325203252,246.0,2.9285714285714284,574.0,8.775616533518583,575.8
2026-06-13T16:00:00,17.15062761506276,239.0,2.933693379790941,574.0,7.81772063933287,575.6
2026-06-13T17:00:00,16.747967479674795,246.0,1.6393728222996515,574.0,8.731428571428571,574.0
2026-06-13T18:00:00,17.26872461413485,246.2,1.651567944250871,574.0,8.633029102806956,580.7
2026-06-13T19:00:00,19.338912133891213,239.0,1.0547038327526133,574.0,7.536114982578397,574.0
2026-06-13T20:00:00,19.134728033472804,239.0,1.0641114982578397,574.0,9.331184668989547,574.0
2026-06-13T21:00:00,19.13807531380753,239.0,2.9634843205574914,574.0,5.735874673629243,574.5
2026-06-13T22:00:00,18.635983263598327,239.0,3.272597864768683,562.0,5.74,574.0
2026-06-13T23:00:00,20.213389121338913,239.0,2.9634843205574914,574.0,5.749634146341464,574.0
2026-06-14T00:00:00,15.839832635983264,239.0,3.087108013937282,574.0,4.308536585365854,574.0
2026-06-14T01:00:00,15.09349593495935,246.0,1.181340782122905,537.0,4.428571428571429,574.0
2026-06-14T02:00:00,15.577235772357724,246.0,1.1618444846292948,553.0,3.784616724738676,574.0
2026-06-14T03:00:00,14.516260162601625,246.0,1.573996383363472,553.0,4.308536585365854,574.0
2026-06-14T04:00:00,15.369918699186991,246.0,1.2421602787456445,574.0,2.44,574.0
2026-06-14T05:00:00,14.811085089773615,256.2,1.1331826401446654,553.0,4.308777429467084,574.2
2026-06-14T06:00:00,16.99163179916318,239.0,1.7005424954792043,553.0,3.4490681066016373,574.1
2026-06-14T07:00:00,16.36178861788618,246.0,1.3598230088495575,565.0,4.433443535757787,574.7
2026-06-14T08:00:00,16.59349593495935,246.0,1.6184668989547037,574.0,4.423799582463466,574.8
2026-06-14T09:00:00,22.691056910569106,246.0,3.0247787610619468,565.0,4.371865762476091,575.1
2026-06-14T10:00:00,18.650406504065042,246.0,3.330922242314647,553.0,4.073596384495046,575.3
2026-06-14T11:00:00,20.38463414634146,246.0,5.633870111484693,565.1,6.130495221546481,575.5
2026-06-14T12:00:00,22.552928870292888,239.0,3.647079646017699,565.0,4.2976893676164005,575.6
2026-06-14T13:00:00,19.655875299760194,250.2,1.5390940766550523,574.0,4.367280305661688,575.8
2026-06-14T14:00:00,22.56276150627615,239.0,1.6785714285714286,574.0,3.806810763888889,576.0
2026-06-14T15:00:00,23.01317991631799,239.0,1.3647787610619468,565.0,4.915690047227567,571.7
2026-06-14T16:00:00,24.01255230125523,239.0,3.0097560975609756,574.0,6.063129558874609,575.8
2026-06-14T17:00:00,22.43298131600325,246.2,1.0614285714285714,574.0,6.8675065160729805,575.5
2026-06-14T18:00:00,15.80650406504065,246.0,1.0610104529616724,574.0,6.414188836724048,575.1
2026-06-14T19:00:00,17.345040650406503,246.0,1.0356894150417828,574.4,4.322648083623694,574.0
2026-06-14T20:00:00,15.64326530612245,245.0,1.132404181184669,574.0,3.1054878048780488,574.0
2026-06-14T21:00:00,15.30569105691057,246.0,1.5,574.0,5.167421602787456,574.0
2026-06-14T22:00:00,15.448780487804878,246.0,1.5,565.0,3.462776025236593,570.6
2026-06-14T23:00:00,18.70731707317073,246.0,1.9225783972125436,574.0,2.7824120603015077,577.1
2026-06-15T00:00:00,19.322175732217573,239.0,2.015370705244123,553.0,3.449651567944251,574.0
2026-06-15T01:00:00,17.658536585365855,246.0,1.536998191681736,553.0,3.22,574.0
2026-06-15T02:00:00,16.01072734660707,246.1,1.3872151898734177,553.0,3.594736842105263,570.0
2026-06-15T03:00:00,17.03252032520325,246.0,1.8300180831826403,553.0,3.449843260188088,574.2
2026-06-15T04:00:00,14.98786507610037,243.1,1.3569911504424779,565.0,3.5210526315789474,570.0
2026-06-15T05:00:00,17.495934959349594,246.0,1.3571428571428572,574.0,2.6542857142857144,574.0
2026-06-15T06:00:00,24.246861924686193,239.0,1.7478745644599303,574.0,3.449651567944251,574.0
2026-06-15T07:00:00,21.10794979079498,239.0,2.0,565.0,2.5903326946524996,574.1
2026-06-15T08:00:00,21.06276150627615,239.0,1.8196864111498259,574.0,2.585714285714286,574.0
2026-06-15T09:00:00,22.073170731707318,246.0,1.5231841142658074,574.1,2.588237341221507,574.7
2026-06-15T10:00:00,21.84552845528455,246.0,3.494128919860627,574.0,3.449651567944251,574.0
2026-06-15T11:00:00,20.279268292682925,246.0,1.8019686411149827,574.0,3.441692789968652,574.2
2026-06-15T12:00:00,20.24390243902439,246.0,3.2541018387553042,565.6,3.5625,576.0
2026-06-15T13:00:00,25.631799163179917,239.0,3.266225516146109,566.7,3.459896013864818,577.0
2026-06-15T14:00:00,21.573221757322177,239.0,3.1015349329569513,566.8,3.432813312532501,576.9
2026-06-15T15:00:00,19.11382113821138,246.0,2.4510161542470037,575.7,3.4254766031195842,577.0
2026-06-15T16:00:00,24.276422764227643,246.0,1.4597560975609756,574.0,3.4490681066016373,574.1
2026-06-15T17:00:00,19.435897435897434,234.0,1.3584070796460177,565.0,2.5898989898989897,574.2
2026-06-15T18:00:00,18.685549363057326,251.2,1.3522648083623694,574.0,3.441692789968652,574.2
2026-06-15T19:00:00,20.192,250.0,3.1029437380247344,574.1,2.585714285714286,574.0
2026-06-15T20:00:00,21.161924686192467,239.0,3.64808362369338,574.0,2.590909090909091,574.2
2026-06-15T21:00:00,18.83682008368201,239.0,1.5,537.0,2.5894654361831795,574.3
2026-06-15T22:00:00,20.036585365853657,246.0,1.5,537.2,2.585714285714286,574.0
2026-06-15T23:00:00,20.93723849372385,239.0,2.015370705244123,553.0,2.4018118466898954,574.0
2026-06-16T00:00:00,14.751810193321617,227.6,1.7712621359223302,566.5,1.8048780487804879,574.0
2026-06-16T01:00:00,12.980940794809408,246.6,1.4900229560303726,566.3,1.798780487804878,574.0
2026-06-16T02:00:00,13.225871857258719,246.6,1.3,575.4,3.320736842105263,570.0
2026-06-16T03:00:00,14.017199017199017,244.2,2.3173578240904273,566.2,1.8360284061020515,570.3
2026-06-16T04:00:00,14.402524866105585,261.4,1.175261324041812,574.0,1.4699128919860627,574.0
2026-06-16T05:00:00,13.663422546634225,246.6,1.2365658672228015,575.4,1.2287456445993032,574.0
2026-06-16T06:00:00,17.155,239.6,1.0978962131837307,570.4,1.1905052264808362,574.0
2026-06-16T07:00:00,16.6003408606732,234.7,1.04,574.0,1.1638501742160279,574.0
2026-06-16T08:00:00,16.51778656126482,227.7,1.04,574.0,1.0711149825783972,574.0
2026-06-16T09:00:00,15.324253075571178,227.6,1.1360278745644599,574.0,1.0720557491289198,574.0
2026-06-16T10:00:00,17.888691006233305,224.6,1.617984361424848,575.5,1.4184811008535099,574.1
2026-06-16T11:00:00,17.502097186700766,234.6,1.1373867595818816,574.0,1.1636759581881533,574.0
2026-06-16T12:00:00,19.06854130052724,227.6,1.0145121951219511,574.0,1.6275261324041812,574.0
2026-06-16T13:00:00,21.528998242530754,227.6,1.04,574.0,1.64006968641115,574.0
2026-06-16T14:00:00,18.122511759172156,212.6,1.5043417853421326,575.8,1.781184668989547,574.0
2026-06-16T15:00:00,17.299153339604892,212.6,1.1340766550522647,574.0,1.6294670846394985,574.2
2026-06-16T16:00:00,22.55838454784899,227.8,1.04,574.0,1.1644723092998954,574.2
2026-06-16T17:00:00,22.431385642737897,239.6,1.0526480836236933,574.0,1.16360153256705,574.2
2026-06-16T18:00:00,16.329278183292782,246.6,1.1010452961672474,574.0,1.2145324743165593,574.3
2026-06-16T19:00:00,16.252230332522302,246.6,1.1286411149825784,574.0,1.2260574412532637,574.5
2026-06-16T20:00:00,16.40632603406326,246.6,1.6236827908649523,556.1,1.1631533101045297,574.0
2026-06-16T21:00:00,21.139899833055093,239.6,1.2411279826464208,553.2,1.6369337979094076,574.0
2026-06-16T22:00:00,20.743714517437144,246.6,1.1350883392226148,566.0,1.2308928571428572,571.2
2026-06-16T23:00:00,21.526001705029838,234.6,1.691788222582388,555.3,1.1644599303135887,574.0
2026-06-17T00:00:00,22.53448275862069,246.5,1.7336889692585895,553.0,5.2631578947368425,570.0
2026-06-17T01:00:00,13.711334120425029,254.1,1.211787610619469,565.0,4.22164058283864,555.9
2026-06-17T02:00:00,13.626857142857142,262.5,1.3962369337979095,574.0,3.399932042133877,588.6
2026-06-17T03:00:00,15.07339264051759,247.3,1.1264634146341463,574.0,3.429775754510201,593.1
2026-06-17T04:00:00,13.911063829787235,235.0,1.3494773519163763,574.0,3.4479166666666665,576.0
2026-06-17T05:00:00,13.93331985442782,247.3,1.3487804878048781,574.0,3.4021388558818537,589.1
2026-06-17T06:00:00,19.17119796091759,235.4,1.1,574.0,1.920451781059948,575.5
2026-06-17T07:00:00,20.027445315724307,242.3,1.1,574.0,2.63191637630662,574.0
2026-06-17T08:00:00,20.865957446808512,235.0,1.1,574.0,2.2641666666666667,576.0
2026-06-17T09:00:00,19.341161400512384,234.2,1.1,574.1,1.5613756983240223,572.8
2026-06-17T10:00:00,18.06629116117851,230.8,1.1,574.0,1.8195121951219513,574.0
2026-06-17T11:00:00,18.249542961608775,218.8,1.3494773519163763,574.0,1.8082744282744283,577.2
2026-06-17T12:00:00,22.99061433447099,234.4,1.5378048780487805,574.0,1.7671951219512194,574.0
2026-06-17T13:00:00,20.13920704845815,227.0,1.1618466898954705,574.0,1.7410877192982457,570.0
2026-06-17T14:00:00,21.890748898678414,227.0,1.3508710801393728,574.0,1.790383275261324,574.0
2026-06-17T15:00:00,23.26872246696035,227.0,1.5341463414634147,574.0,1.8777351916376306,574.0
2026-06-17T16:00:00,18.77533039647577,227.0,1.713432055749129,574.0,1.8073170731707318,574.0
2026-06-17T17:00:00,16.97178281316802,233.9,1.3508710801393728,574.0,2.127665505226481,574.0
2026-06-17T18:00:00,18.433209417596036,242.1,1.7800522648083623,574.0,1.9121951219512194,574.0
2026-06-17T19:00:00,23.10909090909091,247.5,1.6289198606271778,574.0,1.3885017421602788,574.0
2026-06-17T20:00:00,23.018984729673956,242.3,3.1182720780351856,574.1,1.604878048780488,574.0
2026-06-17T21:00:00,18.516171617161717,242.4,2.905487741262389,575.1,1.1,574.0
2026-06-17T22:00:00,19.13978494623656,232.5,1.6118466898954704,574.0,1.3710526315789473,570.0
2026-06-17T23:00:00,24.743933588761173,234.9,1.5695121951219513,574.0,0.8632404181184669,574.0
2026-06-18T00:00:00,14.362778505897772,228.9,1.5626959247648904,574.2,182.76898916967508,554.0
2026-06-18T01:00:00,7.3696744952616395,242.7,1.3,574.0,195.59438210355404,554.3
2026-06-18T02:00:00,7.178774529435322,249.7,1.3976127320954908,565.5,152.67770758122742,554.0
2026-06-18T03:00:00,7.678373983739838,246.0,1.1374358066229857,564.7,85.78980144404332,554.0
2026-06-18T04:00:00,7.6016260162601625,246.0,2.695903165735568,537.0,80.43285198555957,554.0
2026-06-18T05:00:00,7.6016260162601625,246.0,2.3112434847356664,537.2,82.93276173285199,554.0
2026-06-18T06:00:00,8.025853658536585,246.0,97.62383612662943,537.0,3.6017328519855596,554.0
2026-06-18T07:00:00,13.734109816971714,240.4,104.15853658536585,574.0,3.5347330222913427,578.7
2026-06-18T08:00:00,7.8784899034240565,227.8,81.02350813743219,553.0,3.682973537604457,574.4
2026-06-18T09:00:00,8.01539748953975,239.0,146.41340782122904,537.0,1.2054867256637167,565.0
2026-06-18T10:00:00,13.823933054393306,239.0,133.65162011173183,537.0,1.124689165186501,563.0
2026-06-18T11:00:00,7.443412094513416,249.7,146.41340782122904,537.0,1.6549097472924188,554.0
2026-06-18T12:00:00,9.552845528455284,246.0,77.87653631284917,537.0,1.6702439024390243,574.0
2026-06-18T13:00:00,9.489430894308944,246.0,97.75698324022346,537.0,2.9591397849462364,558.0
2026-06-18T14:00:00,9.459126637554585,229.0,97.60335195530726,537.0,1.6543494164779655,574.1
2026-06-18T15:00:00,12.967031045037167,228.7,1.4537960190241324,567.7,1.4113321492007105,563.0
2026-06-18T16:00:00,12.662242990654205,214.0,1.4894170070553285,538.6,1.362020905923345,574.0
2026-06-18T17:00:00,18.57261410788382,241.0,2.385775460808043,537.1,1.9386842105263158,570.0
2026-06-18T18:00:00,14.223430962343096,239.0,102.57438528215107,565.3,1.2120781527531084,563.0
2026-06-18T19:00:00,11.019937970757644,225.7,83.37417721518987,553.0,1.2506315789473683,570.0
2026-06-18T20:00:00,9.412334801762114,227.0,97.60335195530726,537.0,1.3512064805239572,580.2
2026-06-18T21:00:00,10.142259414225942,239.0,243.88160833953836,537.2,1.1255501878690284,558.9
2026-06-18T22:00:00,9.46740088105727,227.0,207.82785847299814,537.0,1.1376539903588645,560.1
2026-06-18T23:00:00,19.801762114537446,227.0,243.9268292682927,537.1,1.039198606271777,574.0
2026-06-19T00:00:00,26.56387665198238,227.0,7.06145251396648,537.0,5.071448467966574,574.4
2026-06-19T01:00:00,26.0,227.0,4.292093023255814,537.5,4.709122562674095,574.4
2026-06-19T02:00:00,23.735849056603772,212.0,2.279277601936325,537.1,3.71483286908078,574.4
2026-06-19T03:00:00,26.0,239.0,2.3037974683544302,553.0,4.597980501392757,574.4
2026-06-19T04:00:00,29.72797401542834,246.3,2.7471135940409686,537.0,3.825558659217877,572.8
2026-06-19T05:00:00,26.493392070484582,227.0,3.741154562383613,537.0,4.436542479108635,574.4
2026-06-19T06:00:00,34.18458149779736,227.0,15.394785847299813,537.0,5.1063113604488075,570.4
2026-06-19T07:00:00,38.39850220264317,227.0,16.4697577291629,553.1,3.2260627177700347,574.0
2026-06-19T08:00:00,34.468281938325994,227.0,16.043572590851564,553.1,4.139085525169831,574.1
2026-06-19T09:00:00,27.17948717948718,234.0,4.929236499068901,537.0,1.7611149825783972,574.0
2026-06-19T10:00:00,40.1869918699187,246.0,2.8375209380234505,537.3,2.199581881533101,574.0
2026-06-19T11:00:00,39.1869918699187,246.0,2.5473840997951966,537.1,2.550348432055749,574.0
2026-06-19T12:00:00,26.69918699186992,246.0,3.0,565.0,3.388927576601671,574.4
2026-06-19T13:00:00,27.317073170731707,246.0,2.3118466898954706,574.0,2.3766550522648084,574.0
2026-06-19T14:00:00,27.273127753303964,227.0,1.8561149825783971,574.0,3.295749128919861,574.0
2026-06-19T15:00:00,27.329268292682926,246.0,2.4849557522123895,565.0,3.2936275021758052,574.5
2026-06-19T16:00:00,27.277533039647576,227.0,3.3016998191681735,553.0,3.110768426555149,573.9
2026-06-19T17:00:00,27.24669603524229,227.0,2.3319112627986347,586.0,3.3862116991643454,574.4
2026-06-19T18:00:00,28.622764227642275,246.0,3.0,566.1,3.4542290288896624,574.6
2026-06-19T19:00:00,29.917073170731708,246.0,9.822784810126583,553.0,4.799547432550043,574.5
2026-06-19T20:00:00,28.852032520325203,246.0,12.569832402234637,537.0,4.365814696485623,563.4
2026-06-19T21:00:00,25.948898678414096,227.0,4.268156424581005,537.0,3.3862116991643454,574.4
2026-06-19T22:00:00,27.029955947136564,227.0,3.2955334538878844,553.0,3.431842700539412,574.7
2026-06-19T23:00:00,27.829955947136565,227.0,2.5111681415929206,565.0,2.8706128133704736,574.4
2026-06-20T00:00:00,18.037735849056602,212.0,2.3705819918627276,565.3,8.556174882424665,574.1
2026-06-20T01:00:00,15.170484581497798,227.0,1.7651393728222997,574.0,8.468563968668407,574.5
2026-06-20T02:00:00,16.176923076923078,234.0,1.7419098143236074,565.5,7.091046855948441,574.1
2026-06-20T03:00:00,16.16828193832599,227.0,1.6167247386759582,574.0,8.54049817105034,574.1
2026-06-20T04:00:00,14.788105726872248,227.0,1.6097560975609757,574.0,8.591907207366743,564.7
2026-06-20T05:00:00,14.897356828193832,227.0,1.628170731707317,574.0,8.541811846689896,574.0
2026-06-20T06:00:00,17.440639269406393,219.0,1.6440766550522647,574.0,8.532625717765791,574.7
2026-06-20T07:00:00,16.271689497716896,219.0,1.6999128919860627,574.0,6.264468418305203,574.7
2026-06-20T08:00:00,17.698237885462554,227.0,2.342508710801394,574.0,5.981912144702842,580.5
2026-06-20T09:00:00,17.75943396226415,212.0,1.752560975609756,574.0,7.080455572943836,575.1
2026-06-20T10:00:00,19.123287671232877,219.0,1.6156521739130434,575.0,6.602746870653686,575.2
2026-06-20T11:00:00,19.26027397260274,219.0,1.6085898104677447,575.1,8.523461939520333,575.4
2026-06-20T12:00:00,23.386138613861387,232.3,1.6169621133124783,575.4,10.00595744680851,587.5
2026-06-20T13:00:00,23.532673267326732,232.3,1.298546209761163,577.8,10.002892632295389,587.7
2026-06-20T14:00:00,21.26831683168317,232.3,1.3053303432810075,579.7,10.001361007145288,587.8
2026-06-20T15:00:00,19.154742096505824,240.4,1.5509565217391303,575.0,10.020074855392991,587.8
2026-06-20T16:00:00,18.927292294446836,232.3,1.621264767199444,575.6,24.6744738628649,589.2
2026-06-20T17:00:00,18.758501937150236,232.3,1.3078260869565217,575.0,10.838077381966933,586.7
2026-06-20T18:00:00,18.60383415069104,224.3,1.3048780487804879,574.0,12.479713603818615,586.6
2026-06-20T19:00:00,17.544554455445546,232.3,1.5566202090592334,574.0,10.85655737704918,585.6
2026-06-20T20:00:00,17.458787614478847,229.3,2.797909407665505,574.0,8.477975470720331,578.9
2026-06-20T21:00:00,16.983367983367984,240.5,1.6149825783972125,574.0,5.925755248335894,585.9
2026-06-20T22:00:00,17.393026259147653,232.3,1.721533101045296,574.0,6.967540871934605,587.2
2026-06-20T23:00:00,17.53541858325667,217.4,1.5975609756097562,574.0,8.43686651778045,582.1
2026-06-21T00:00:00,31.577775197398978,215.3,4.958054601337913,553.1,4.495259361044314,582.2
2026-06-21T01:00:00,20.963644730786932,217.3,3.2670323836489117,565.1,4.595637178823935,579.9
2026-06-21T02:00:00,22.766544117647058,217.6,3.2918067598655107,565.1,4.153138435081686,581.5
2026-06-21T03:00:00,31.62225287356322,217.5,3.240202055391047,574.1,4.124760928961749,585.6
2026-06-21T04:00:00,21.50023009664059,217.3,3.166295070545201,574.1,4.153138435081686,581.5
2026-06-21T05:00:00,22.673978393612025,212.9,3.225531528257314,550.3,4.196668956043956,582.4
2026-06-21T06:00:00,25.73308270676692,212.8,2.9261839396019216,582.8,4.906696428571428,582.4
2026-06-21T07:00:00,21.502588235294116,212.5,6.198666198666198,569.8,1.6825108225108225,577.5
2026-06-21T08:00:00,21.502588235294116,212.5,4.33776559287183,583.6,1.2580811554332876,581.6
2026-06-21T09:00:00,20.244320815948075,215.7,5.2542492179353495,575.4,1.5007849480674271,587.3
2026-06-21T10:00:00,15.961176470588235,212.5,3.175155601659751,578.4,1.9619354838709677,589.0
2026-06-21T11:00:00,17.512235294117648,212.5,3.5332695319297023,574.7,4.137861915367483,583.7
2026-06-21T12:00:00,19.54141176470588,212.5,3.186731167933656,578.8,4.145017123287671,584.0
2026-06-21T13:00:00,17.293621867881548,219.5,3.1385082485082485,569.8,4.27741935483871,564.2
2026-06-21T14:00:00,18.93435294117647,212.5,2.913752591568763,578.8,4.135096730011984,584.1
2026-06-21T15:00:00,21.759137769447047,213.4,2.489293067947838,582.8,4.135787671232877,584.0
2026-06-21T16:00:00,19.01377694470478,213.4,3.039947322212467,569.5,5.094874495348429,569.7
2026-06-21T17:00:00,20.0,216.3,2.148761500353857,565.2,3.9076844262295083,585.6
2026-06-21T18:00:00,21.105882352941176,212.5,3.048201438848921,569.9,5.974146845915202,580.2
2026-06-21T19:00:00,19.093987049028676,216.2,3.2184957020057308,558.4,8.490331491712707,579.2
2026-06-21T20:00:00,17.215366651097618,214.1,4.992818671454219,557.0,5.965568022440393,570.4
2026-06-21T21:00:00,17.838393274170947,214.1,3.1779607010090283,564.9,4.850026329647183,569.7
2026-06-21T22:00:00,26.1080203987019,215.7,3.150269987807002,574.1,5.169059709332866,571.1
2026-06-21T23:00:00,23.664812239221142,215.7,3.1743076119143008,574.1,5.4213465276550625,565.9
2026-06-22T00:00:00,23.867924528301888,212.0,1.7266811279826464,553.2,7.55801393728223,574.0
2026-06-22T01:00:00,27.87735849056604,212.0,1.1647737851424316,537.1,7.423937282229965,574.0
2026-06-22T02:00:00,29.47625,224.0,1.2720297951582868,537.0,7.094564831261101,563.0
2026-06-22T03:00:00,24.79245283018868,212.0,1.6516477378514243,537.1,6.808703374777975,563.0
2026-06-22T04:00:00,24.014150943396228,212.0,1.3077467411545625,537.0,7.464511545293073,563.0
2026-06-22T05:00:00,24.2688679245283,212.0,1.3214285714285714,553.0,7.544616724738676,574.0
2026-06-22T06:00:00,29.78301886792453,212.0,1.4509026548672566,565.0,6.779484902309059,563.0
2026-06-22T07:00:00,33.533018867924525,212.0,2.0544303797468353,553.0,6.003570159857904,563.0
2026-06-22T08:00:00,33.471698113207545,212.0,1.220130903944808,565.3,4.20609756097561,574.0
2026-06-22T09:00:00,31.08929245283019,212.0,1.284141592920354,565.0,3.519163763066202,574.0
2026-06-22T10:00:00,33.39150943396226,212.0,1.8017421602787456,574.0,5.54184668989547,574.0
2026-06-22T11:00:00,24.18132075471698,212.0,1.821602787456446,574.0,4.843712255772647,563.0
2026-06-22T12:00:00,27.87735849056604,212.0,1.262020905923345,574.0,5.88205574912892,574.0
2026-06-22T13:00:00,22.488584474885844,219.0,2.243205574912892,574.0,6.003570159857904,563.0
2026-06-22T14:00:00,23.84433962264151,212.0,1.2614982578397214,574.0,5.890435540069687,574.0
2026-06-22T15:00:00,25.50754716981132,212.0,2.044725663716814,565.0,7.272543554006969,574.0
2026-06-22T16:00:00,28.09691629955947,227.0,3.5126717281272595,553.2,7.1971428571428575,574.0
2026-06-22T17:00:00,23.97797356828194,227.0,1.418362369337979,574.0,6.652996515679442,574.0
2026-06-22T18:00:00,19.166037735849056,212.0,1.6925858951175408,553.0,7.750877192982456,570.0
2026-06-22T19:00:00,23.97797356828194,227.0,1.8801769911504425,565.0,7.474031971580817,563.0
2026-06-22T20:00:00,23.996478873239436,227.2,6.27787610619469,565.0,6.245749128919861,574.0
2026-06-22T21:00:00,23.16740088105727,227.0,5.695121951219512,574.0,4.132405063291139,584.6
2026-06-22T22:00:00,21.59245283018868,212.0,3.3097909407665504,574.0,3.3681184668989546,574.0
2026-06-22T23:00:00,24.245283018867923,212.0,3.217362831858407,565.0,3.519163763066202,574.0
2026-06-23T00:00:00,19.36111111111111,216.0,3.058101265822785,553.0,4.351916376306621,574.0
2026-06-23T01:00:00,17.11255411255411,231.0,3.0,565.6,4.270905923344948,574.0
2026-06-23T02:00:00,18.043290043290042,231.0,2.820628612716763,553.6,4.351332520466817,574.1
2026-06-23T03:00:00,18.746147186147187,231.0,3.051450813871196,565.2,4.27024908552517,574.1
2026-06-23T04:00:00,18.35203463203463,231.0,3.0592445328031808,553.3,4.358299947744295,574.1
2026-06-23T05:00:00,19.29125541125541,231.0,2.322704266088214,553.2,4.812239172365421,570.3
2026-06-23T06:00:00,15.908311688311688,231.0,2.0,603.5,4.34954829742877,575.6
2026-06-23T07:00:00,16.83238095238095,231.0,3.1825107651540243,603.8,4.351916376306621,574.0
2026-06-23T08:00:00,17.088225108225107,231.0,2.2947903430749683,629.6,4.350748867990247,574.2
2026-06-23T09:00:00,16.615151515151513,231.0,2.225050505050505,574.2,4.280392844615924,570.2
2026-06-23T10:00:00,18.263290043290045,231.0,4.121226053639846,574.2,4.350748867990247,574.2
2026-06-23T11:00:00,18.11255411255411,231.0,2.815679442508711,574.0,4.278871276781048,574.1
2026-06-23T12:00:00,21.94112554112554,231.0,2.849233449477352,574.0,5.500701754385965,570.0
2026-06-23T13:00:00,21.512962962962963,216.0,2.2282172701949863,574.4,5.556436338126973,570.2
2026-06-23T14:00:00,18.997777777777777,216.0,2.8478369905956114,574.2,5.880041797283177,574.2
2026-06-23T15:00:00,13.096018518518518,216.0,2.222183908045977,574.2,5.60727969348659,574.2
2026-06-23T16:00:00,20.305555555555557,216.0,1.6388675958188152,574.0,5.9073490813648295,571.5
2026-06-23T17:00:00,13.675740740740741,216.0,2.2578397212543555,574.0,6.034355400696864,574.0
2026-06-23T18:00:00,17.60648148148148,216.0,2.2104529616724737,574.0,6.026998780700226,574.1
2026-06-23T19:00:00,17.75925925925926,216.0,2.83717868338558,574.2,4.35781919526215,574.1
2026-06-23T20:00:00,18.119074074074074,216.0,6.148275426405559,633.2,4.927848011363636,563.2
2026-06-23T21:00:00,16.47761194029851,201.0,2.713531269740998,633.2,4.2053823375718515,574.1
2026-06-23T22:00:00,20.82089552238806,201.0,2.827471264367816,574.2,3.7613307786099983,574.1
2026-06-23T23:00:00,21.134328358208954,201.0,2.2285858585858587,574.2,3.9292844707520893,574.4
2026-06-24T00:00:00,21.330666666666666,240.0,1.4701219087425983,574.2,1.7281128747795413,567.0
2026-06-24T01:00:00,21.66518218623482,247.0,1.0151889914649015,574.1,1.7324041811846689,574.0
2026-06-24T02:00:00,20.87846153846154,247.0,1.015191637630662,574.0,1.4958483754512635,554.0
2026-06-24T03:00:00,15.839361973628243,235.1,1.5634494773519163,574.0,1.7736062717770036,574.0
2026-06-24T04:00:00,14.473684210526315,228.0,1.6905574912891985,574.0,1.8353108348134992,563.0
2026-06-24T05:00:00,17.017543859649123,228.0,1.800796028566452,574.1,1.7165853658536585,574.0
2026-06-24T06:00:00,21.04937238493724,239.0,1.7673957016434894,632.8,1.9224156305506217,563.0
2026-06-24T07:00:00,20.0,246.0,2.177274947094254,614.3,1.66985559566787,554.0
2026-06-24T08:00:00,20.0,228.0,1.324960505529226,633.0,0.8626315789473684,570.0
2026-06-24T09:00:00,21.0,240.0,1.3260975609756098,574.0,1.1206137184115523,554.0
2026-06-24T10:00:00,23.214574898785425,247.0,2.408170731707317,574.0,2.112857142857143,574.0
2026-06-24T11:00:00,18.946491228070176,228.0,1.817595818815331,574.0,0.965418118466899,574.0
2026-06-24T12:00:00,21.479166666666668,240.0,1.2804107424960505,633.0,1.480284191829485,563.0
2026-06-24T13:00:00,22.15,240.0,1.2851500789889416,633.0,1.710801393728223,574.0
2026-06-24T14:00:00,20.0,228.0,2.1670774091627174,633.0,1.7020905923344947,574.0
2026-06-24T15:00:00,20.669014084507044,213.0,1.2996341463414633,574.0,1.8304151624548737,554.0
2026-06-24T16:00:00,18.794560669456068,239.0,1.115987460815047,574.2,2.119285714285714,574.0
2026-06-24T17:00:00,21.404845814977975,227.0,1.7104339502233568,626.8,1.7389473684210526,570.0
2026-06-24T18:00:00,21.180616740088105,227.0,1.5874881516587678,633.0,2.0,570.0
2026-06-24T19:00:00,19.92511013215859,227.0,1.3148846342660776,611.1,1.8381407942238268,554.0
2026-06-24T20:00:00,21.480176211453745,227.0,2.2467073170731706,574.0,1.2127177700348433,574.0
2026-06-24T21:00:00,20.986784140969164,227.0,1.3162020905923344,574.0,1.1050522648083623,574.0
2026-06-24T22:00:00,21.255506607929515,227.0,1.8085365853658537,574.0,1.2437275985663083,558.0
2026-06-24T23:00:00,22.925991189427315,227.0,1.1208536585365854,574.0,1.7073170731707317,574.0
2026-06-25T00:00:00,20.89958158995816,239.0,3.1542857142857144,574.0,1.7529824561403509,570.0
2026-06-25T01:00:00,19.39163179916318,239.0,2.586206896551724,574.2,3.1903374777975135,563.0
2026-06-25T02:00:00,17.998744769874477,239.0,2.540186325596084,633.3,2.624638989169675,554.0
2026-06-25T03:00:00,17.711297071129707,239.0,1.7444947735191638,574.0,3.874285714285714,574.0
2026-06-25T04:00:00,17.484937238493725,239.0,2.430808080808081,574.2,1.9614808362369338,574.0
2026-06-25T05:00:00,17.59205020920502,239.0,1.8578745644599304,574.0,1.7449477351916376,574.0
2026-06-25T06:00:00,19.598163178129006,234.1,2.251759581881533,574.0,1.7337979094076654,574.0
2026-06-25T07:00:00,21.21951219512195,246.0,1.8907624169566593,632.2,1.086953405017921,558.0
2026-06-25T08:00:00,20.957322175732216,239.0,1.793996840442338,633.0,1.0,574.4
2026-06-25T09:00:00,18.077004405286342,227.0,1.8898894154818326,633.0,1.0133077860999826,574.1
2026-06-25T10:00:00,17.647577092511014,227.0,2.3864347826086956,575.0,1.1673401846368228,574.1
2026-06-25T11:00:00,17.622692307692308,234.0,0.9904016692749087,575.1,1.0843058700574812,574.1
2026-06-25T12:00:00,22.448458149779736,227.0,0.9901425591098748,575.2,1.398571677408117,574.1
2026-06-25T13:00:00,22.551345578812473,234.1,0.9901998262380539,575.5,1.7406723567322766,574.1
2026-06-25T14:00:00,23.864435146443515,239.0,1.04,634.0,2.3950531266329906,574.1
2026-06-25T15:00:00,21.405988551298986,227.1,1.0478584905660377,636.0,2.0,574.1
2026-06-25T16:00:00,21.41409691629956,227.0,1.6811478260869566,575.0,1.8213725831736631,574.1
2026-06-25T17:00:00,21.84737812911726,227.7,1.0273735273735274,577.2,2.335859953077062,554.1
2026-06-25T18:00:00,22.888292682926828,246.0,1.640378548895899,634.0,1.8280126293632697,570.1
2026-06-25T19:00:00,21.308943089430894,246.0,2.3013249211356466,634.0,1.8144051558961853,574.1
2026-06-25T20:00:00,21.123348017621144,227.0,2.2889589905362775,634.0,1.3928235499041979,574.1
2026-06-25T21:00:00,24.220264317180618,227.0,3.172991304347826,575.0,1.0595488590837834,574.1
2026-06-25T22:00:00,27.893832599118944,227.0,1.9160347826086956,575.0,1.0,574.2
2026-06-25T23:00:00,33.62555066079295,227.0,1.9246956521739131,575.0,1.0264831910816932,574.1
2026-06-26T00:00:00,17.113304721030044,233.0,1.7878048780487805,574.0,2.6468641114982576,574.0
2026-06-26T01:00:00,13.065040650406504,246.0,1.4347337082368508,604.6,2.571567944250871,574.0
2026-06-26T02:00:00,13.147967479674797,246.0,1.4112891986062717,574.0,2.643554006968641,574.0
2026-06-26T03:00:00,11.682926829268293,246.0,1.7789026548672566,565.0,2.6548780487804877,574.0
2026-06-26T04:00:00,13.55691056910569,246.0,1.487124773960217,553.0,2.726829268292683,574.0
2026-06-26T05:00:00,11.353658536585366,246.0,1.4480836236933798,574.0,2.7962891986062717,574.0
2026-06-26T06:00:00,12.862357723577237,246.0,1.3937282229965158,574.0,2.658421052631579,570.0
2026-06-26T07:00:00,15.300813008130081,246.0,1.8461055068629073,604.7,2.151219512195122,574.0
2026-06-26T08:00:00,16.21463519313305,233.0,2.11045169798879,606.6,1.866469256227138,574.1
2026-06-26T09:00:00,16.392970337261275,246.1,1.8945454545454545,605.0,2.165156794425087,574.0
2026-06-26T10:00:00,15.508130081300813,246.0,1.6942508710801394,574.0,2.0194250871080137,574.0
2026-06-26T11:00:00,11.853658536585366,246.0,1.941578947368421,608.0,2.0166550522648086,574.0
2026-06-26T12:00:00,12.587982832618026,233.0,1.3204878048780488,574.0,2.1040564373897706,567.0
2026-06-26T13:00:00,14.902439024390244,246.0,1.0764849329385124,574.1,2.159298245614035,570.0
2026-06-26T14:00:00,15.977691995123934,246.1,1.0774216027874564,574.0,2.0194250871080137,574.0
2026-06-26T15:00:00,14.572532188841201,233.0,1.0,574.0,2.156794425087108,574.0
2026-06-26T16:00:00,15.975040650406504,246.0,1.0483363621344788,605.3,2.5602787456445992,574.0
2026-06-26T17:00:00,16.42489270386266,233.0,1.4454272626757225,633.1,2.602090592334495,574.0
2026-06-26T18:00:00,14.474957118353345,233.2,1.460094786729858,633.0,2.5557894736842104,570.0
2026-06-26T19:00:00,15.275364806866953,233.0,1.4383122092090486,623.3,2.637979094076655,574.0
2026-06-26T20:00:00,19.803004291845493,233.0,1.3496689895470384,574.0,1.8798606271777003,574.0
2026-06-26T21:00:00,19.685454545454544,220.0,1.04,574.0,2.110801393728223,574.0
2026-06-26T22:00:00,19.685454545454544,220.0,1.3823344947735192,574.0,2.162369337979094,574.0
2026-06-26T23:00:00,23.184549356223176,233.0,1.4646445497630332,633.0,2.229268292682927,574.0
2026-06-27T00:00:00,12.24056603773585,212.0,2.265766550522648,574.0,1.6948119777158774,574.4
2026-06-27T01:00:00,10.830962343096234,239.0,1.3,574.0,2.4465891062929668,567.3
2026-06-27T02:00:00,11.013389121338912,239.0,1.1728365384615385,624.0,1.1910099251262407,574.3
2026-06-27T03:00:00,13.407317073170733,246.0,1.0616724738675958,574.0,1.281090022636253,574.3
2026-06-27T04:00:00,12.44,239.0,1.6254355400696865,574.0,1.507816852367688,574.4
2026-06-27T05:00:00,11.854625550660794,227.0,1.612404181184669,574.0,1.5069412391265755,563.3
2026-06-27T06:00:00,14.134146341463415,246.0,1.0340418118466899,574.0,2.90262708913649,574.4
2026-06-27T07:00:00,15.0,239.0,1.0074679487179488,624.0,1.0012098895318253,570.3
2026-06-27T08:00:00,14.286343612334802,227.0,1.0226923076923078,624.0,1.1789134598641824,574.3
2026-06-27T09:00:00,17.84518828451883,239.0,1.1538675958188154,574.0,1.6278948284868535,574.3
2026-06-27T10:00:00,14.220264317180616,227.0,1.2650531266329907,574.1,0.7984450635556329,574.3
2026-06-27T11:00:00,21.550660792951543,227.0,0.8939115044247787,565.0,1.459742294967787,574.3
2026-06-27T12:00:00,20.518828451882847,239.0,1.6729385124542762,574.1,1.5760926345115793,574.3
2026-06-27T13:00:00,20.910460251046025,239.0,0.9655052264808363,574.0,1.8582899757197364,576.6
2026-06-27T14:00:00,20.89121338912134,239.0,0.9751219512195122,574.0,1.5534491837809374,569.7
2026-06-27T15:00:00,18.403920704845817,227.0,1.0268466898954705,574.0,1.45643391955424,574.3
2026-06-27T16:00:00,15.866108786610878,239.0,1.0689895470383275,574.0,1.684311335538917,574.3
2026-06-27T17:00:00,14.024390243902438,246.0,1.0129268292682927,574.0,1.7888057103064068,574.4
2026-06-27T18:00:00,14.146341463414634,246.0,1.5937282229965157,574.0,2.6575486586007364,570.3
2026-06-27T19:00:00,11.878455284552846,246.0,1.34958543807699,574.1,2.727825178478147,574.3
2026-06-27T20:00:00,12.2873640167364,239.0,1.3,624.0,2.0,570.3
2026-06-27T21:00:00,15.0,227.0,1.1629166666666666,624.0,1.145467989179441,554.5
2026-06-27T22:00:00,18.951541850220263,227.0,1.1798432055749128,574.0,1.1967438620929827,574.3
2026-06-27T23:00:00,17.609905660377358,212.0,1.276794425087108,574.0,1.2881420860177608,574.3
2026-06-28T00:00:00,11.45259911894273,227.0,2.678119349005425,553.0,1.492184724689165,563.0
2026-06-28T01:00:00,12.668193832599119,227.0,1.4403484320557491,574.0,1.592439024390244,574.0
2026-06-28T02:00:00,11.726124469589816,212.1,1.4609756097560975,574.0,1.4439024390243902,574.0
2026-06-28T03:00:00,12.35484544695071,239.4,1.4209059233449477,574.0,1.4472125435540069,574.0
2026-06-28T04:00:00,12.45439330543933,239.0,1.0884070796460177,565.0,1.4273519163763067,574.0
2026-06-28T05:00:00,12.736317991631799,239.0,1.4354006968641115,574.0,1.5464808362369338,574.0
2026-06-28T06:00:00,14.25907949790795,239.0,1.1792920353982301,565.0,0.8313157894736842,570.0
2026-06-28T07:00:00,13.018017621145374,227.0,1.6799276672694394,553.0,1.1344076655052264,574.0
2026-06-28T08:00:00,15.152692307692307,234.0,2.4957142857142856,553.0,1.1063157894736841,570.0
2026-06-28T09:00:00,11.681626016260163,246.0,2.032967032967033,546.0,1.1646491228070175,570.0
2026-06-28T10:00:00,15.939024390243903,246.0,1.8077757685352622,553.0,1.229616724738676,574.0
2026-06-28T11:00:00,18.08752032520325,246.0,1.0231553481942284,578.7,1.4817073170731707,574.0
2026-06-28T12:00:00,17.215859030837006,227.0,1.3735191637630662,574.0,1.5583623693379791,574.0
2026-06-28T13:00:00,16.68237885462555,227.0,1.1280487804878048,574.0,1.6846689895470384,574.0
2026-06-28T14:00:00,17.32337899543379,219.0,1.1876306620209058,574.0,1.5315789473684212,570.0
2026-06-28T15:00:00,18.11026785714286,224.0,1.1741463414634146,574.0,2.320905923344948,574.0
2026-06-28T16:00:00,14.902510460251046,239.0,1.3092334494773519,574.0,2.6634146341463416,574.0
2026-06-28T17:00:00,13.480176211453745,227.0,1.421602787456446,574.0,1.9942160278745644,574.0
2026-06-28T18:00:00,11.956787429070275,229.1,1.1822299651567945,574.0,1.6881533101045296,574.0
2026-06-28T19:00:00,13.900975213327916,246.1,1.3092334494773519,574.0,1.5531358885017421,574.0
2026-06-28T20:00:00,12.16593503072871,227.8,1.8945121951219512,574.0,1.102177700348432,574.0
2026-06-28T21:00:00,11.390243902439025,246.0,4.933221238938053,565.0,1.0593379790940767,574.0
2026-06-28T22:00:00,11.686192468619247,239.0,2.1354098360655738,549.0,1.1045296167247387,574.0
2026-06-28T23:00:00,15.898678414096917,227.0,1.8104735883424408,549.0,1.0137630662020907,574.0
2026-06-29T00:00:00,14.669024390243903,246.0,2.7229965156794425,574.0,1.094355400696864,574.0
2026-06-29T01:00:00,13.042928870292887,239.0,2.1328919860627176,574.0,1.421367357603205,574.1
2026-06-29T02:00:00,13.121882845188285,239.0,1.4435540069686412,574.0,1.260801393728223,574.0
2026-06-29T03:00:00,14.146341463414634,246.0,1.4444444444444444,565.2,1.0263157894736843,570.0
2026-06-29T04:00:00,13.78048780487805,246.0,1.5276106194690267,565.0,1.383623693379791,574.0
2026-06-29T05:00:00,13.16650406504065,246.0,1.6445993031358885,574.0,1.2606271777003484,574.0
2026-06-29T06:00:00,13.565104602510461,239.0,2.3516086671043994,609.2,1.09,574.0
2026-06-29T07:00:00,15.309146341463414,246.0,3.3911022576361223,602.4,1.0472924187725632,554.0
2026-06-29T08:00:00,16.126341463414633,246.0,3.7325004278623997,584.3,1.0259233449477352,574.0
2026-06-29T09:00:00,14.651219512195121,246.0,3.52029173693086,593.0,1.0448780487804878,574.0
2026-06-29T10:00:00,15.652642276422764,246.0,3.494773519163763,574.0,1.6235191637630662,574.0
2026-06-29T11:00:00,15.052845528455284,246.0,6.738230088495575,565.0,1.8066666666666666,570.0
2026-06-29T12:00:00,18.534959349593496,246.0,3.816101574942488,565.1,1.7507317073170732,574.0
2026-06-29T13:00:00,18.878048780487806,246.0,3.0,574.0,1.913588850174216,574.0
2026-06-29T14:00:00,16.673612334801764,227.0,2.843623693379791,574.0,1.938362369337979,574.0
2026-06-29T15:00:00,19.026016260162603,246.0,2.2756052141527,537.0,1.9334494773519164,574.0
2026-06-29T16:00:00,20.26829268292683,246.0,2.162369337979094,574.0,1.9285365853658536,574.0
2026-06-29T17:00:00,18.507317073170732,246.0,2.112669387755102,612.5,1.938444521860303,574.1
2026-06-29T18:00:00,12.05084745762712,241.9,2.3466557107641743,608.5,1.656794425087108,574.0
2026-06-29T19:00:00,14.940650406504066,246.0,2.1625783972125436,574.0,1.6742160278745644,574.0
2026-06-29T20:00:00,15.405975609756098,246.0,3.0,565.0,1.3545644599303135,574.0
2026-06-29T21:00:00,17.443089430894307,246.0,3.0,565.0,1.4087108013937282,574.0
2026-06-29T22:00:00,16.242990654205606,246.1,3.960278745644599,574.0,1.5449735449735449,567.0
2026-06-29T23:00:00,20.297071129707113,239.0,4.101045296167247,574.0,1.7197075208913648,574.4
2026-06-30T00:00:00,15.895774647887324,227.2,1.2538675958188152,574.0,2.002369337979094,574.0
2026-06-30T01:00:00,15.78169014084507,227.2,1.3585365853658538,574.0,2.2347212543554007,574.0
2026-06-30T02:00:00,17.55129348795718,224.2,0.9759581881533101,574.0,1.8414634146341464,574.0
2026-06-30T03:00:00,17.00655809859155,227.2,0.9879790940766551,574.0,1.8534635879218473,563.0
2026-06-30T04:00:00,16.31673783091375,234.2,0.9959059233449478,574.0,2.494773519163763,574.0
2026-06-30T05:00:00,15.945774647887324,227.2,0.987404181184669,574.0,2.203850174216028,574.0
2026-06-30T06:00:00,13.192406563354604,219.4,0.9647212543554007,574.0,1.7378947368421052,570.0
2026-06-30T07:00:00,12.224816053511706,239.2,1.0,574.0,2.0,558.0
2026-06-30T08:00:00,12.48930457746479,227.2,1.205191637630662,574.0,1.6764634146341464,574.0
2026-06-30T09:00:00,11.95928093645485,239.2,1.0,574.0,3.6607815275310833,563.0
2026-06-30T10:00:00,11.476969943135662,246.2,1.0,574.0,3.9584837545126352,554.0
2026-06-30T11:00:00,12.635150501672241,239.2,0.9863240418118467,574.0,4.429129662522202,563.0
2026-06-30T12:00:00,12.26919014084507,227.2,0.9750174216027875,574.0,3.867964912280702,570.0
2026-06-30T13:00:00,12.997269003186164,219.7,1.329128919860627,574.0,4.058201058201059,567.0
2026-06-30T14:00:00,26.392082940622053,212.2,0.9997560975609756,574.0,2.87825311942959,561.0
2026-06-30T15:00:00,13.189255419415646,212.2,1.5946515679442508,574.0,5.395853658536585,574.0
2026-06-30T16:00:00,13.130631479736097,212.2,1.4087630662020907,574.0,4.842456140350877,570.0
2026-06-30T17:00:00,14.859580291970802,219.2,1.2170034843205575,574.0,4.477087719298246,570.0
2026-06-30T18:00:00,14.97992863514719,224.2,0.9753310104529617,574.0,2.6785079928952045,563.0
2026-06-30T19:00:00,14.81949823943662,227.2,0.9987108013937283,574.0,2.0,567.0
2026-06-30T20:00:00,18.25338908450704,227.2,1.0794425087108015,574.0,1.6982105263157894,570.0
2026-06-30T21:00:00,19.059613572101792,212.2,1.5403791469194312,633.0,1.6904878048780487,574.0
2026-06-30T22:00:00,19.519669937555754,224.2,1.630383275261324,574.0,1.485523465703971,554.0
2026-06-30T23:00:00,19.192224316682374,212.2,1.0237630662020907,574.0,1.6929442508710801,574.0
2026-07-01T00:00:00,21.05153782211139,240.6,2.9244865718799367,633.0,1.7044760213143872,563.0
2026-07-01T01:00:00,18.43099121706399,239.1,2.2701421800947865,633.0,1.4932397295891835,576.9
2026-07-01T02:00:00,18.44642409033877,239.1,2.4379993053143454,575.8,1.1550522648083623,574.0
2026-07-01T03:00:00,15.440133779264213,239.2,3.1630313588850174,574.0,1.7229473684210526,570.0
2026-07-01T04:00:00,15.827829150154118,227.1,2.3709059233449477,574.0,1.4989473684210526,570.0
2026-07-01T05:00:00,17.99874529485571,239.1,2.3970731707317072,574.0,1.4698606271777004,574.0
2026-07-01T06:00:00,17.23449817147501,246.1,2.633164876816172,633.2,1.6788850174216028,574.0
2026-07-01T07:00:00,20.333468724614136,246.2,2.6040850658625616,630.1,1.4000888099467141,563.0
2026-07-01T08:00:00,18.782261208576998,256.5,2.9858994625355675,632.6,1.439038563127311,567.9
2026-07-01T09:00:00,17.403178586365538,239.1,2.882401263823065,633.0,1.437560975609756,574.0
2026-07-01T10:00:00,18.700543705562527,239.1,3.4985781990521327,633.0,1.4364634146341464,574.0
2026-07-01T11:00:00,19.09073045706963,234.1,4.3949651567944255,574.0,1.3445993031358885,574.0
2026-07-01T12:00:00,16.0,227.1,2.48173128659598,631.9,1.4429616724738676,574.0
2026-07-01T13:00:00,17.882562747688244,227.1,2.8049289099526065,633.0,1.4425783972125437,574.0
2026-07-01T14:00:00,18.028665207877463,228.5,2.2420034326728038,640.9,1.4429616724738676,574.0
2026-07-01T15:00:00,16.845178335535007,227.1,2.194423380726698,633.0,1.3560975609756099,574.0
2026-07-01T16:00:00,19.71974069427018,239.1,2.894238358326756,633.5,1.4402787456445993,574.0
2026-07-01T17:00:00,15.792602377807134,227.1,2.2031353919239907,631.5,1.6872473867595819,574.0
2026-07-01T18:00:00,19.214140593254776,246.1,2.5756158017041053,645.5,1.7719512195121951,574.0
2026-07-01T19:00:00,19.531948255586045,255.1,2.6021108179419525,644.3,1.7654700854700855,585.0
2026-07-01T20:00:00,19.096145700974162,236.1,2.6336629979848087,645.1,1.085948717948718,585.0
2026-07-01T21:00:00,18.6853028377806,236.1,6.994037267080746,644.0,1.046533101045296,574.0
2026-07-01T22:00:00,17.132971506105836,221.1,6.75776397515528,644.0,1.0,570.9
2026-07-01T23:00:00,18.21473951715375,236.1,4.136149068322982,644.0,1.1422719449225474,581.0
2026-07-02T00:00:00,18.837004405286343,227.0,1.3252961672473869,574.0,1.0930313588850173,574.0
2026-07-02T01:00:00,16.251101321585903,227.0,1.2681881533101045,574.0,1.158,570.0
2026-07-02T02:00:00,12.748898678414097,227.0,1.0766898954703832,574.0,1.0930313588850173,574.0
2026-07-02T03:00:00,15.98326359832636,239.0,1.3048780487804879,574.0,1.1153484320557492,574.0
2026-07-02T04:00:00,12.731277533039648,227.0,1.3083623693379791,574.0,1.137630662020906,574.0
2026-07-02T05:00:00,12.993723849372385,239.0,1.04,574.0,1.3293031358885017,574.0
2026-07-02T06:00:00,13.4425,212.0,1.3814634146341462,574.0,1.1066898954703832,574.0
2026-07-02T07:00:00,17.407224669603526,227.0,1.6370731707317072,574.0,1.2853658536585366,574.0
2026-07-02T08:00:00,16.18867924528302,212.0,1.6236933797909407,574.0,1.087578947368421,570.0
2026-07-02T09:00:00,16.994103773584907,212.0,1.5270383275261323,574.0,1.0890592334494773,574.0
2026-07-02T10:00:00,18.0,212.0,1.4794656619284123,583.9,1.1730436306290521,570.7
2026-07-02T11:00:00,14.731132075471699,212.0,1.2750871080139372,574.0,0.9139473684210526,570.0
2026-07-02T12:00:00,20.884109589041095,219.0,1.3937282229965158,574.0,0.9144760213143872,563.0
2026-07-02T13:00:00,14.253207547169811,212.0,1.4172473867595818,574.0,1.1064982578397213,574.0
2026-07-02T14:00:00,14.384150943396227,212.0,1.7315309446254072,614.0,0.9094765342960289,554.0
2026-07-02T15:00:00,11.245283018867925,212.0,2.0169558799409546,609.7,1.2951219512195122,574.0
2026-07-02T16:00:00,11.869528301886792,212.0,2.0118912569223024,595.9,1.385801393728223,574.0
2026-07-02T17:00:00,11.602739726027398,219.0,1.6385389340860037,602.3,1.2884146341463414,574.0
2026-07-02T18:00:00,12.88679245283019,212.0,1.567198697068404,614.0,1.5,574.0
2026-07-02T19:00:00,13.48806603773585,212.0,1.571567944250871,574.0,1.2841463414634147,574.0
2026-07-02T20:00:00,18.507005724350506,227.1,1.6139024390243903,574.0,1.1144778761061946,565.0
2026-07-02T21:00:00,16.480198019801982,212.1,2.051742160278746,574.0,1.2908536585365853,574.0
2026-07-02T22:00:00,17.16509433962264,212.0,1.8475074028914824,574.1,1.221533101045296,574.0
2026-07-02T23:00:00,16.22641509433962,212.0,1.5503484320557492,574.0,1.2867673179396093,563.0
2026-07-03T00:00:00,20.367605633802818,234.3,1.3009387958202023,602.9,1.0276731793960923,563.0
2026-07-03T01:00:00,18.215859030837006,227.0,1.012560975609756,574.0,1.1245614035087719,570.0
2026-07-03T02:00:00,15.308370044052863,227.0,0.9875674734459342,574.3,1.022962962962963,567.0
2026-07-03T03:00:00,13.748898678414097,227.0,0.9760627177700348,574.0,1.0100955752212388,565.0
2026-07-03T04:00:00,13.801762114537445,227.0,1.0009756097560976,574.0,1.1067019400352733,567.0
2026-07-03T05:00:00,14.674008810572687,227.0,1.0011498257839722,574.0,1.0583391730903995,570.8
2026-07-03T06:00:00,18.37735849056604,212.0,0.9758536585365853,574.0,0.8179322638146168,561.0
2026-07-03T07:00:00,16.78377358490566,212.0,0.9756445993031359,574.0,1.0898954703832753,574.0
2026-07-03T08:00:00,17.78490566037736,212.0,1.2913240418118468,574.0,1.0,574.0
2026-07-03T09:00:00,15.735849056603774,212.0,0.9625261324041812,574.0,1.0,574.0
2026-07-03T10:00:00,16.0,227.0,1.0,574.9,1.0,574.1
2026-07-03T11:00:00,15.0,227.0,0.980836236933798,574.0,0.8170391560879671,559.3
2026-07-03T12:00:00,11.754716981132075,212.0,1.2775609756097561,574.0,2.6264521894548705,559.5
2026-07-03T13:00:00,12.739383259911895,227.0,1.2902612785229055,574.1,1.2113416564093547,568.7
2026-07-03T14:00:00,13.81132075471698,212.0,1.249185667752443,614.0,1.241691559569295,575.8
2026-07-03T15:00:00,10.971698113207546,212.0,1.30814332247557,614.0,1.5,568.8
2026-07-03T16:00:00,12.108490566037736,212.0,1.2888917861799218,613.6,1.8040305767894371,575.6
2026-07-03T17:00:00,11.379464285714286,224.0,1.1247343668350462,574.1,2.7270150575730736,564.5
2026-07-03T18:00:00,14.183962264150944,212.0,1.263588850174216,574.0,1.059581881533101,574.0
2026-07-03T19:00:00,14.05188679245283,212.0,1.280351048269137,615.3,1.0,574.8
2026-07-03T20:00:00,16.31718061674009,227.0,1.2743406056659068,614.2,0.7321299638989169,554.0
2026-07-03T21:00:00,13.88679245283019,212.0,1.292590027700831,577.6,0.7970383275261324,574.0
2026-07-03T22:00:00,13.849056603773585,212.0,0.8871951219512195,574.0,0.739578947368421,570.0
2026-07-03T23:00:00,15.0,227.0,0.9744767543095942,574.3,0.8081705150976909,563.0
2026-07-04T00:00:00,19.07547169811321,212.0,0.9853391304347826,575.0,1.0776132404181185,574.0
2026-07-04T01:00:00,18.871698113207547,212.0,0.985495652173913,575.0,0.8496389891696751,554.0
2026-07-04T02:00:00,20.566037735849058,212.0,1.0,575.8,1.0755226480836237,574.0
2026-07-04T03:00:00,17.11320754716981,212.0,0.9703652173913043,575.0,1.0778745644599304,574.0
2026-07-04T04:00:00,17.150943396226417,212.0,0.9689043478260869,575.0,1.0736933797909407,574.0
2026-07-04T05:00:00,16.504716981132077,212.0,0.9848939929328622,566.0,1.075,574.0
2026-07-04T06:00:00,22.026431718061673,227.0,0.9843478260869565,575.0,1.3988086642599278,554.0
2026-07-04T07:00:00,21.04625550660793,227.0,0.985075639019301,575.1,2.473658536585366,574.0
2026-07-04T08:00:00,20.885022026431717,227.0,0.9704695652173913,575.0,7.111696750902527,554.0
2026-07-04T09:00:00,19.02041841004184,239.0,0.9705841446453407,575.2,7.2888086642599275,554.0
2026-07-04T10:00:00,21.55943396226415,212.0,0.9849217391304348,575.0,4.332129963898917,554.0
2026-07-04T11:00:00,28.007224669603524,227.0,0.9686956521739131,575.0,4.524368231046932,554.0
2026-07-04T12:00:00,39.62555066079295,227.0,0.9691130434782609,575.0,9.80505415162455,554.0
2026-07-04T13:00:00,38.31718061674009,227.0,0.9686956521739131,575.0,7.312274368231047,554.0
2026-07-04T14:00:00,37.091509433962266,212.0,0.9699478260869565,575.0,4.430195381882771,563.0
2026-07-04T15:00:00,36.698113207547166,212.0,0.9700521739130434,575.0,94.99638989169675,554.0
2026-07-04T16:00:00,36.037004405286346,227.0,1.0,577.4,98.42138989169675,554.0
2026-07-04T17:00:00,28.566195856873822,212.4,1.0,575.2,94.36092057761734,554.0
2026-07-04T18:00:00,17.537444933920703,227.0,0.9843478260869565,575.0,6.83,554.0
2026-07-04T19:00:00,17.9581589958159,239.0,0.9843730407523511,574.2,2.55442238267148,554.0
2026-07-04T20:00:00,13.183928571428572,224.0,1.7814840620101027,574.1,1.51977598879944,571.4
2026-07-04T21:00:00,14.930943396226414,212.0,5.532137258317366,574.1,4.43898916967509,554.0
2026-07-04T22:00:00,16.556132075471698,212.0,0.9847909407665505,574.0,4.4170159857904085,563.0
2026-07-04T23:00:00,17.21698113207547,212.0,2.013937282229965,574.0,4.474910394265233,558.0
2026-07-05T00:00:00,21.503259911894272,227.0,1.7659407665505227,574.0,1.6480836236933798,574.0
2026-07-05T01:00:00,16.865198237885462,227.0,2.3911504424778762,565.0,1.0469473684210526,570.0
2026-07-05T02:00:00,16.898678414096917,227.0,2.11602787456446,574.0,1.2002787456445994,574.0
2026-07-05T03:00:00,14.319528301886793,212.0,1.8079646017699116,565.0,1.518421052631579,570.0
2026-07-05T04:00:00,15.028301886792454,212.0,1.7636933797909409,574.0,1.6620209059233448,574.0
2026-07-05T05:00:00,19.1890243902439,246.0,1.8083623693379791,574.0,1.6585365853658536,574.0
2026-07-05T06:00:00,18.580616740088107,227.0,1.8141592920353982,565.0,1.2139024390243902,574.0
2026-07-05T07:00:00,20.35424528301887,212.0,1.6401446654611211,553.0,1.064808362369338,574.0
2026-07-05T08:00:00,19.70352422907489,227.0,1.5191814946619218,562.0,1.1319850984566258,563.7
2026-07-05T09:00:00,17.142857142857142,224.0,1.8057491289198606,574.0,1.2426534515736394,575.1
2026-07-05T10:00:00,18.01673640167364,239.0,1.8040069686411149,574.0,2.0987836663770634,575.5
2026-07-05T11:00:00,20.032991452991453,234.0,1.8066202090592334,574.0,2.337180832458902,571.8
2026-07-05T12:00:00,22.03252032520325,246.0,1.904425087108014,574.0,2.1398974448114028,575.3
2026-07-05T13:00:00,19.271966527196653,239.0,1.8083623693379791,574.0,1.179345088161209,595.5
2026-07-05T14:00:00,18.682926829268293,246.0,1.8074912891986064,574.0,2.146898395721925,579.7
2026-07-05T15:00:00,18.83259911894273,227.0,1.7851870491528268,596.1,2.1540080563947632,595.8
2026-07-05T16:00:00,19.985849056603772,212.0,1.0658536585365854,574.0,1.8909406456091635,576.2
2026-07-05T17:00:00,16.586320754716983,212.0,1.443362831858407,565.0,2.6166864525139664,572.8
2026-07-05T18:00:00,13.745283018867925,212.0,1.7213937282229965,574.0,2.330546847788227,574.2
2026-07-05T19:00:00,15.54958904109589,219.0,1.8109756097560976,574.0,1.854006968641115,574.0
2026-07-05T20:00:00,15.351598173515981,219.0,2.3716814159292037,565.0,1.539581881533101,574.0
2026-07-05T21:00:00,15.65566037735849,212.0,2.3734513274336284,565.0,1.1933797909407666,574.0
2026-07-05T22:00:00,16.101321585903083,227.0,2.6474564459930314,574.0,0.9834494773519163,574.0
2026-07-05T23:00:00,19.169811320754718,212.0,1.394141048824593,553.0,1.1624564459930313,574.0
2026-07-06T00:00:00,15.695283018867924,212.0,1.5274564459930313,574.0,1.7382823365785813,575.2
2026-07-06T01:00:00,11.5,234.0,1.3066202090592334,574.0,1.3653641207815275,563.0
2026-07-06T02:00:00,11.512195121951219,246.0,1.6149825783972125,574.0,1.4417247386759582,574.0
2026-07-06T03:00:00,14.77092511013216,227.0,1.5104355400696865,574.0,1.4721052631578948,570.0
2026-07-06T04:00:00,13.493723849372385,239.0,1.4123893805309735,565.0,2.0,570.0
2026-07-06T05:00:00,13.810572687224669,227.0,1.3802090592334495,574.0,1.6714801444043321,554.0
2026-07-06T06:00:00,14.515418502202643,227.0,1.5030088495575222,565.0,2.0,558.0
2026-07-06T07:00:00,13.894273127753303,227.0,1.4938053097345132,565.0,2.3104693140794224,554.0
2026-07-06T08:00:00,13.383259911894273,227.0,1.6065857885615251,577.0,1.101534296028881,554.0
2026-07-06T09:00:00,13.96923076923077,234.0,1.6105409636458514,574.9,1.458664259927798,554.0
2026-07-06T10:00:00,13.086837606837607,234.0,1.4345132743362832,565.0,1.817870036101083,554.0
2026-07-06T11:00:00,15.438461538461539,234.0,1.482916307161346,579.5,1.7644404332129964,554.0
2026-07-06T12:00:00,16.902594142259414,239.0,1.5554006968641114,574.0,1.7644404332129964,554.0
2026-07-06T13:00:00,18.15481171548117,239.0,1.4858885017421604,574.0,3.9935018050541515,554.0
2026-07-06T14:00:00,17.964150943396227,212.0,1.037630662020906,574.0,1.6672473867595818,574.0
2026-07-06T15:00:00,18.704853556485357,239.0,1.1045296167247387,574.0,1.485191637630662,574.0
2026-07-06T16:00:00,17.864016736401673,239.0,1.490418118466899,574.0,2.080017761989343,563.0
2026-07-06T17:00:00,18.71255230125523,239.0,1.3057150322243511,574.1,1.3170515097690942,563.0
2026-07-06T18:00:00,14.912393162393162,234.0,1.4803310104529617,574.0,2.0,554.0
2026-07-06T19:00:00,12.684280052840158,227.1,1.4647386759581882,574.0,2.332129963898917,554.0
2026-07-06T20:00:00,13.106678383128296,227.6,1.6010452961672474,574.0,1.5359062218214607,554.5
2026-07-06T21:00:00,14.028962264150943,212.0,1.6035398230088496,565.0,1.1602787456445993,574.0
2026-07-06T22:00:00,13.143867924528301,212.0,1.5993031358885017,574.0,0.9253508771929825,570.0
2026-07-06T23:00:00,15.729622641509433,212.0,1.6045296167247387,574.0,1.096717743339718,574.3
2026-07-07T00:00:00,15.590308370044053,227.0,1.8648824656103082,574.3,2.0747353760445684,574.4
2026-07-07T01:00:00,13.384937238493723,239.0,1.9082578397212544,574.0,2.6892371995820272,574.2
2026-07-07T02:00:00,13.552845528455284,246.0,1.6752090592334494,574.0,2.4209508881922677,574.2
2026-07-07T03:00:00,13.422764227642276,246.0,2.9433121356650767,566.1,3.4485462555066078,567.5
2026-07-07T04:00:00,13.92050209205021,239.0,1.613391304347826,575.0,3.4625914315569486,574.2
2026-07-07T05:00:00,14.682926829268293,246.0,1.6792347826086957,575.0,3.744858867388603,563.3
2026-07-07T06:00:00,16.211382113821138,246.0,1.6716202090592334,574.0,2.4561908102420205,570.2
2026-07-07T07:00:00,16.752136752136753,234.0,1.6694425087108014,574.0,2.4135130373502465,567.6
2026-07-07T08:00:00,18.422907488986784,227.0,3.0066405978449775,575.4,2.2384172035521503,574.3
2026-07-07T09:00:00,16.230125523012553,239.0,1.6849245184799584,576.3,1.7041008343688975,563.3
2026-07-07T10:00:00,16.481171548117153,239.0,2.584631360332295,577.8,1.6918580375782881,574.8
2026-07-07T11:00:00,14.661924686192469,239.0,1.6996527777777777,576.0,2.1030961906418506,574.9
2026-07-07T12:00:00,17.4375,224.0,1.6001738828029908,575.1,2.145905059989567,575.1
2026-07-07T13:00:00,17.986784140969164,227.0,1.9089429763560501,575.2,2.2555207789949576,575.1
2026-07-07T14:00:00,18.807531380753137,239.0,1.8145229681978798,566.0,2.5634672230916364,575.1
2026-07-07T15:00:00,18.24229074889868,227.0,1.9053242914275779,575.1,2.5962789080159974,575.1
2026-07-07T16:00:00,16.943396226415093,212.0,2.2695652173913046,575.0,2.649110568538542,573.4
2026-07-07T17:00:00,16.526785714285715,224.0,1.9128158844765344,554.0,2.3721051715131463,574.3
2026-07-07T18:00:00,12.651585903083701,227.0,3.128710801393728,574.0,2.3938000696621384,574.2
2026-07-07T19:00:00,13.484161162483488,227.1,3.8846036161335187,575.2,1.8770811563915013,574.2
2026-07-07T20:00:00,14.193963210702341,239.2,2.5099982581431806,574.1,1.6822230014025246,570.4
2026-07-07T21:00:00,15.325991189427313,227.0,2.4930313588850175,574.0,1.6905959352394075,580.6
2026-07-07T22:00:00,14.642857142857142,224.0,2.571219512195122,574.0,1.6877742946708465,574.2
2026-07-07T23:00:00,14.943083700440528,227.0,2.4447560975609757,574.0,1.703385579937304,574.2
2026-07-08T00:00:00,15.0,227.0,1.2665505226480835,574.0,1.1317073170731706,574.0
2026-07-08T01:00:00,16.552301255230127,239.0,1.348432055749129,574.0,1.3198230088495575,565.0
2026-07-08T02:00:00,15.0,227.0,1.0170731707317073,574.0,1.4438327526132404,574.0
2026-07-08T03:00:00,13.867136563876652,227.0,1.0,574.0,1.7418045636648667,574.1
2026-07-08T04:00:00,14.584905660377359,212.0,1.0229965156794425,574.0,1.6411149825783973,574.0
2026-07-08T05:00:00,14.125,224.0,1.0,574.0,1.6550522648083623,574.0
2026-07-08T06:00:00,14.039647577092511,227.0,1.0,574.0,1.3301393728222997,574.0
2026-07-08T07:00:00,15.355947136563877,227.0,1.016495575221239,565.0,1.4097560975609755,574.0
2026-07-08T08:00:00,17.228722466960352,227.0,1.0174216027874565,574.0,1.1000871080139374,574.0
2026-07-08T09:00:00,14.50943396226415,212.0,1.0227874564459931,574.0,1.1000871080139374,574.0
2026-07-08T10:00:00,14.316875,224.0,2.849557522123894,565.0,1.329268292682927,574.0
2026-07-08T11:00:00,14.23076923076923,234.0,1.5714285714285714,574.0,1.0961672473867596,574.0
2026-07-08T12:00:00,14.634403871535415,227.3,1.5644599303135889,574.0,1.0982578397212543,574.0
2026-07-08T13:00:00,14.892719665271967,239.0,1.1667247386759583,574.0,1.2637515183064376,576.3
2026-07-08T14:00:00,15.866071428571429,224.0,1.5749128919860627,574.0,2.0,576.3
2026-07-08T15:00:00,19.36123348017621,227.0,1.5644599303135889,574.0,1.1579659840333218,576.2
2026-07-08T16:00:00,16.19811320754717,212.0,1.2848432055749128,574.0,1.2965156794425088,574.0
2026-07-08T17:00:00,15.508490566037736,212.0,1.1703832752613241,574.0,1.1631393298059964,567.0
2026-07-08T18:00:00,16.983333333333334,234.0,1.28397212543554,574.0,1.32,575.0
2026-07-08T19:00:00,14.735849056603774,212.0,1.0,574.0,1.3257839721254356,574.0
2026-07-08T20:00:00,15.499911894273128,227.0,1.0,574.0,1.4954711722696394,574.1
2026-07-08T21:00:00,14.885,224.0,1.2710278745644599,574.0,1.0657894736842106,570.0
2026-07-08T22:00:00,14.409691629955947,227.0,1.0225783972125435,574.0,1.2582111130465077,574.1
2026-07-08T23:00:00,13.174528301886792,212.0,1.0227874564459931,574.0,1.119425087108014,574.0
2026-07-09T00:00:00,13.443396226415095,212.0,1.2176991150442478,565.0,1.233013352580296,554.2
2026-07-09T01:00:00,16.140969162995596,227.0,1.048566371681416,565.0,1.0,554.2
2026-07-09T02:00:00,16.035242290748897,227.0,1.022439024390244,574.0,1.0995222929936306,565.2
2026-07-09T03:00:00,12.88679245283019,212.0,0.8907610619469026,565.0,1.7269476642079382,569.4
2026-07-09T04:00:00,14.245283018867925,212.0,1.1703832752613241,574.0,1.5797401660050523,554.2
2026-07-09T05:00:00,12.820754716981131,212.0,1.0454513274336283,565.0,1.9348772418596552,574.3
2026-07-09T06:00:00,13.430141509433962,212.0,1.0564459930313588,574.0,1.053352580295922,554.2
2026-07-09T07:00:00,14.515418502202643,227.0,1.0222299651567943,574.0,1.4443359375,563.2
2026-07-09T08:00:00,13.749771689497717,219.0,1.1449477351916377,574.0,1.0,563.2
2026-07-09T09:00:00,14.234146341463415,246.0,1.0225087108013937,574.0,1.0,574.2
2026-07-09T10:00:00,13.929515418502202,227.0,1.464808362369338,574.0,1.0,574.4
2026-07-09T11:00:00,12.929515418502202,227.0,1.5714285714285714,574.0,4.049973971889641,576.3
2026-07-09T12:00:00,14.94273127753304,227.0,1.5699115044247787,565.0,1.0,576.9
2026-07-09T13:00:00,16.320704845814976,227.0,1.1264808362369338,574.0,1.0,574.3
2026-07-09T14:00:00,17.452830188679247,212.0,1.3495575221238938,565.0,1.0,574.3
2026-07-09T15:00:00,15.27688679245283,212.0,1.5734513274336284,565.0,1.0,578.2
2026-07-09T16:00:00,16.150943396226417,212.0,1.1612099644128113,562.0,1.1532915360501568,574.2
2026-07-09T17:00:00,16.89433962264151,212.0,1.1662020905923345,574.0,1.6581925822740728,574.3
2026-07-09T18:00:00,13.09691629955947,227.0,1.2857142857142858,574.0,2.0321732954545455,563.2
2026-07-09T19:00:00,13.094285714285714,224.0,1.5609756097560976,574.0,1.845175896900035,574.2
2026-07-09T20:00:00,12.736792452830189,212.0,1.6070763500931098,537.0,1.0589598864039758,563.4
2026-07-09T21:00:00,15.778301886792454,212.0,1.4085347985347985,546.0,1.0655853314527504,567.2
2026-07-09T22:00:00,16.870283018867923,212.0,1.590513274336283,565.0,1.0,574.2
2026-07-09T23:00:00,17.70047169811321,212.0,2.0,553.0,1.0,570.2
2026-07-10T00:00:00,17.0,212.2,1.7238675958188154,574.0,1.1197868561278863,563.0
2026-07-10T01:00:00,13.537735849056604,212.0,1.0566202090592334,574.0,1.500089589679269,558.1
2026-07-10T02:00:00,14.0275,212.0,1.048778761061947,565.0,0.9641711229946524,561.0
2026-07-10T03:00:00,13.339622641509434,212.0,1.022439024390244,574.0,1.2593250444049733,563.0
2026-07-10T04:00:00,13.018867924528301,212.0,1.0486476868327401,562.0,1.1928571428571428,574.0
2026-07-10T05:00:00,11.85377358490566,212.0,1.4998257839721254,574.0,1.2035191637630662,574.0
2026-07-10T06:00:00,13.080357142857142,224.0,1.4664808362369337,574.0,1.117595818815331,574.0
2026-07-10T07:00:00,13.964757709251101,227.0,1.4613805309734513,565.0,1.0977351916376306,574.0
2026-07-10T08:00:00,13.436839622641509,212.0,2.0,574.0,1.1685017421602788,574.0
2026-07-10T09:00:00,15.778301886792454,212.0,1.0221602787456445,574.0,1.0966898954703832,574.0
2026-07-10T10:00:00,17.0,212.0,1.0562717770034844,574.0,1.0951219512195123,574.0
2026-07-10T11:00:00,17.70754716981132,212.0,1.2445296167247386,574.0,0.9317689530685921,554.0
2026-07-10T12:00:00,16.15566037735849,212.0,0.9265486725663716,565.0,1.0935540069686411,574.0
2026-07-10T13:00:00,17.058325991189427,227.0,1.1672473867595818,574.0,1.3489169675090253,554.0
2026-07-10T14:00:00,15.763207547169811,212.0,1.6094931196655635,574.1,0.9752707581227437,554.0
2026-07-10T15:00:00,14.21377358490566,212.0,1.318048780487805,574.0,1.6445993031358885,574.0
2026-07-10T16:00:00,15.918396226415094,212.0,1.24231340643792,565.4,1.6557777390698485,574.1
2026-07-10T17:00:00,14.174528301886792,212.0,1.604878048780488,574.0,1.2529616724738677,574.0
2026-07-10T18:00:00,12.224669603524228,227.0,1.7195121951219512,574.0,1.1103310104529616,574.0
2026-07-10T19:00:00,12.251141552511415,219.0,2.2088229976496114,553.1,1.1162105263157895,570.0
2026-07-10T20:00:00,12.162995594713657,227.0,1.5802607076350093,537.0,1.097212543554007,574.0
2026-07-10T21:00:00,15.754716981132075,212.0,1.5276132404181184,574.0,1.0644599303135889,574.0
2026-07-10T22:00:00,15.731132075471699,212.0,2.4303135888501743,574.0,1.0641114982578397,574.0
2026-07-10T23:00:00,16.765943396226415,212.0,2.4353982300884955,565.0,1.0,574.2
2026-07-11T00:00:00,16.066079295154186,227.0,2.1252961672473867,574.0,1.0137184115523465,554.0
2026-07-11T01:00:00,11.585365853658537,246.0,1.6817073170731707,574.0,1.0788352920540256,570.1
2026-07-11T02:00:00,11.1869918699187,246.0,1.5618153364632237,575.1,1.110747696669029,564.4
2026-07-11T03:00:00,11.778242677824268,239.0,1.3306194690265487,565.0,1.2627177700348433,574.0
2026-07-11T04:00:00,11.778242677824268,239.0,1.373950177935943,562.0,1.2137918871252205,567.0
2026-07-11T05:00:00,13.216981132075471,212.0,1.1393728222996515,574.0,0.8379094076655053,574.0
2026-07-11T06:00:00,13.056603773584905,212.0,1.2258121223219192,546.1,1.0138675958188152,574.0
2026-07-11T07:00:00,12.474107142857143,224.0,1.5999133261105092,553.8,1.1795774647887325,568.0
2026-07-11T08:00:00,13.458490566037735,212.0,1.802439024390244,574.0,1.0,574.0
2026-07-11T09:00:00,12.640041841004184,239.0,1.8794425087108013,574.0,1.007420310050514,574.1
2026-07-11T10:00:00,16.739665271966526,239.0,1.5589565217391304,575.0,1.0,572.0
2026-07-11T11:00:00,17.29955947136564,227.0,1.664,575.0,1.0731790285814484,570.3
2026-07-11T12:00:00,15.48082191780822,219.0,1.3325217391304347,575.0,1.4787456445993032,574.0
2026-07-11T13:00:00,16.3375,224.0,1.614823815309842,576.1,1.4078947368421053,570.0
2026-07-11T14:00:00,18.01762114537445,227.0,1.4457051605311817,594.9,1.3641114982578397,574.0
2026-07-11T15:00:00,18.05943396226415,212.0,1.2801739130434782,575.0,1.0,576.0
2026-07-11T16:00:00,16.739150943396226,212.0,1.3361739130434782,575.0,1.0272385304974512,568.9
2026-07-11T17:00:00,18.080188679245282,212.0,1.7817739130434782,575.0,1.6021052631578947,570.0
2026-07-11T18:00:00,18.95754716981132,212.0,1.547115050399722,575.4,1.2820007094714438,563.8
2026-07-11T19:00:00,18.399245283018868,212.0,1.5460104529616725,574.0,1.1462877442273534,563.0
2026-07-11T20:00:00,16.396603773584907,212.0,1.1662020905923345,574.0,1.006877192982456,570.0
2026-07-11T21:00:00,18.03735849056604,212.0,2.301742160278746,574.0,1.0139725539119586,561.1
2026-07-11T22:00:00,15.515981735159817,219.0,1.7339024390243902,574.0,1.0,574.1
2026-07-11T23:00:00,18.28301886792453,212.0,2.4965853658536585,574.0,1.0,574.5
2026-07-12T00:00:00,19.317216981132077,212.0,2.2239851024208566,537.0,1.6810035842293907,558.0
2026-07-12T01:00:00,13.940943396226414,212.0,2.328242788886923,565.1,1.3824156305506217,563.0
2026-07-12T02:00:00,13.90566037735849,212.0,1.5312839059674503,553.0,0.7859756097560976,574.0
2026-07-12T03:00:00,11.415094339622641,212.0,1.6134790528233152,549.0,0.7859756097560976,574.0
2026-07-12T04:00:00,12.923301886792453,212.0,1.7393451327433629,565.0,0.897158081705151,563.0
2026-07-12T05:00:00,12.863744292237444,219.0,1.8527001862197392,537.0,0.7797368421052632,570.0
2026-07-12T06:00:00,14.36877358490566,212.0,1.7917582417582418,546.0,0.8436221715488511,570.1
2026-07-12T07:00:00,15.754716981132075,212.0,2.9233273056057865,553.0,1.4333333333333333,570.0
2026-07-12T08:00:00,16.18933962264151,212.0,3.2692099077924426,553.1,1.4372822299651569,574.0
2026-07-12T09:00:00,13.46382299270073,219.2,1.9626443202979516,537.0,1.3742395272031984,575.3
2026-07-12T10:00:00,16.452830188679247,212.0,2.2021038912679205,537.1,4.812787814381863,564.6
2026-07-12T11:00:00,16.853867924528302,212.0,3.196873836992929,537.4,1.4040368271954675,564.8
2026-07-12T12:00:00,20.0,212.0,1.9453125,537.6,1.4501748251748252,572.0
2026-07-12T13:00:00,18.523221757322176,239.0,3.335313174946004,555.6,1.4531468531468532,572.0
2026-07-12T14:00:00,19.715481171548117,239.0,2.9887204793796265,567.4,1.4372822299651569,574.0
2026-07-12T15:00:00,19.174825174825173,214.5,1.6012578616352202,556.5,1.3784261715296198,565.5
2026-07-12T16:00:00,14.849954337899543,219.0,2.4026795682917754,537.4,2.0,574.0
2026-07-12T17:00:00,16.344811320754715,212.0,2.1221880650994573,553.0,2.0,574.1
2026-07-12T18:00:00,15.235849056603774,212.0,2.059526774595268,562.1,2.023824561403509,570.0
2026-07-12T19:00:00,14.66811320754717,212.0,1.7623693379790941,574.0,2.1042105263157893,570.0
2026-07-12T20:00:00,15.85377358490566,212.0,1.474843205574913,574.0,1.1672291296625221,563.0
2026-07-12T21:00:00,16.645283018867925,212.0,2.0770343580470163,553.0,1.1662522202486678,563.0
2026-07-12T22:00:00,18.18004716981132,212.0,2.3256830601092897,549.0,1.0785079928952042,563.0
2026-07-12T23:00:00,19.851981132075473,212.0,1.464808362369338,574.0,1.1281227436823105,554.0
2026-07-13T00:00:00,16.6511013215859,227.0,2.4003724394785846,537.0,4.540072202166065,554.0
2026-07-13T01:00:00,15.859349593495935,246.0,2.0,574.0,2.953068592057762,554.0
2026-07-13T02:00:00,15.592417061611375,253.2,1.8548672566371682,565.0,2.203977979044575,563.1
2026-07-13T03:00:00,15.714240254574383,251.4,2.1406557377049182,549.0,2.4294849023090586,563.0
2026-07-13T04:00:00,15.683453237410072,250.2,2.0,537.0,2.306451612903226,558.0
2026-07-13T05:00:00,14.764150943396226,212.0,2.0,553.0,4.528383658969805,563.0
2026-07-13T06:00:00,18.03347280334728,239.0,1.5534519572953738,562.0,2.19173835125448,558.0
2026-07-13T07:00:00,16.728033472803347,239.0,1.5729537366548043,562.0,1.8946823324630113,574.5
2026-07-13T08:00:00,16.38326359832636,239.0,2.0,574.0,1.4037979094076656,574.0
2026-07-13T09:00:00,12.47136563876652,227.0,2.0909734513274336,565.0,1.4181184668989546,574.0
2026-07-13T10:00:00,16.438766519823787,227.0,1.8847560975609756,574.0,1.3694773519163763,574.0
2026-07-13T11:00:00,20.402050209205022,239.0,3.72783578127765,565.1,1.1341463414634145,574.0
2026-07-13T12:00:00,19.82829268292683,246.0,1.5643616094757011,574.1,1.948780487804878,574.0
2026-07-13T13:00:00,20.48780487804878,246.0,1.5644374782305817,574.2,1.6602787456445993,574.0
2026-07-13T14:00:00,18.237489539748953,239.0,1.5698106529817732,565.1,2.1325399644760212,563.0
2026-07-13T15:00:00,17.601226415094338,212.0,1.5749412402820466,553.1,1.6666666666666667,567.0
2026-07-13T16:00:00,18.122830188679245,212.0,1.5568613270656302,553.1,1.6768953068592058,554.0
2026-07-13T17:00:00,18.28301886792453,212.0,1.5470383275261324,574.0,1.6731793960923624,563.0
2026-07-13T18:00:00,18.19349593495935,246.0,1.5592334494773519,574.0,2.0988808664259926,554.0
2026-07-13T19:00:00,16.807317073170733,246.0,2.1262406407800802,574.3,8.767148014440433,554.0
2026-07-13T20:00:00,16.08780487804878,246.0,3.31104033970276,565.2,2.312274368231047,554.0
2026-07-13T21:00:00,19.57547169811321,212.0,2.426763110307414,553.0,2.0662020905923346,574.0
2026-07-13T22:00:00,19.20754716981132,212.0,2.430379746835443,553.0,1.1351158645276291,561.0
2026-07-13T23:00:00,23.691037735849058,212.0,1.8035195530726258,537.0,1.0,567.0
2026-07-14T00:00:00,11.987214611872146,219.0,2.0,590.5,2.0310469314079422,554.0
2026-07-14T01:00:00,10.917808219178083,219.0,1.7729965156794425,574.0,1.6299298245614036,570.0
2026-07-14T02:00:00,10.832599118942731,227.0,1.4430313588850174,574.0,1.5396825396825398,567.0
2026-07-14T03:00:00,10.734977973568283,227.0,1.227177700348432,574.0,1.7406445993031359,574.0
2026-07-14T04:00:00,11.35,212.0,1.232212389380531,565.0,1.8628919860627178,574.0
2026-07-14T05:00:00,11.428571428571429,224.0,1.12756052141527,537.0,1.6672473867595818,574.0
2026-07-14T06:00:00,15.395146443514644,239.0,1.444425087108014,574.0,1.6739811912225706,574.2
2026-07-14T07:00:00,15.943933054393305,239.0,1.486411149825784,574.0,1.06028880866426,554.0
2026-07-14T08:00:00,15.847136563876653,227.0,1.5966428695803587,574.3,0.8165789473684211,570.0
2026-07-14T09:00:00,14.097478632478632,234.0,1.2873062859132858,574.3,1.0673192823549904,574.1
2026-07-14T10:00:00,13.650627615062762,239.0,1.683266585408323,574.3,1.0995644599303136,574.0
2026-07-14T11:00:00,18.786784140969164,227.0,1.4483478260869564,575.0,0.8115853658536586,574.0
2026-07-14T12:00:00,14.405859030837004,227.0,1.5721739130434782,575.0,1.364459930313589,574.0
2026-07-14T13:00:00,13.830396475770925,227.0,1.204332129963899,554.0,1.3479094076655052,574.0
2026-07-14T14:00:00,14.97066037735849,212.0,0.9030565371024735,566.0,1.4638010657193605,563.0
2026-07-14T15:00:00,13.99056603773585,212.0,1.5976347826086956,575.0,0.9829676071055381,574.2
2026-07-14T16:00:00,16.509150943396225,212.0,1.6048056537102473,566.0,2.496780929180442,574.7
2026-07-14T17:00:00,17.09623430962343,239.0,1.5739130434782609,575.0,1.8856281759243034,570.7
2026-07-14T18:00:00,11.568281938325992,227.0,1.5819543633513324,574.1,1.7798668302085159,570.7
2026-07-14T19:00:00,15.385271966527197,239.0,1.5735574423843355,577.1,2.4569162458645306,574.3
2026-07-14T20:00:00,11.594713656387665,227.0,1.8821944009737437,575.1,2.0655052264808362,574.0
2026-07-14T21:00:00,13.415094339622641,212.0,1.5714285714285714,574.0,1.7036823104693142,554.0
2026-07-14T22:00:00,12.703349056603773,212.0,1.5853658536585367,574.0,1.6777003484320558,574.0
2026-07-14T23:00:00,18.38679245283019,212.0,1.4772241992882562,562.0,1.4126998223801066,563.0
2026-07-15T00:00:00,15.720829406220547,212.2,2.0,574.0,1.7706009745533298,554.1
2026-07-15T01:00:00,15.028301886792454,212.0,1.626763110307414,553.0,1.7002105263157894,570.0
2026-07-15T02:00:00,16.417877586966096,227.1,1.7917770034843206,574.0,1.3027368421052632,570.0
2026-07-15T03:00:00,16.611367924528302,212.0,1.216566371681416,565.0,1.6833684210526316,570.0
2026-07-15T04:00:00,13.379716981132075,212.0,1.3887722419928825,562.0,2.422473867595819,574.0
2026-07-15T05:00:00,15.754716981132075,212.0,1.4746520146520146,546.0,1.8289133522727272,563.2
2026-07-15T06:00:00,18.178861788617887,246.0,1.8035398230088495,565.0,2.192508710801394,574.0
2026-07-15T07:00:00,18.132439024390244,246.0,2.1821238938053096,565.0,1.5874564459930314,574.0
2026-07-15T08:00:00,21.239837398373982,246.0,2.368715083798883,537.0,1.9307017543859648,570.0
2026-07-15T09:00:00,20.268942731277534,227.0,2.05801393728223,574.0,1.0,574.1
2026-07-15T10:00:00,16.693396226415093,212.0,1.8927364570632295,574.1,0.7111620525480515,567.1
2026-07-15T11:00:00,16.187224669603523,227.0,1.7920353982300885,565.0,0.8465608465608465,567.0
2026-07-15T12:00:00,18.976820083682007,239.0,1.8574912891986062,574.0,0.7225705329153606,574.2
2026-07-15T13:00:00,18.638536585365852,246.0,1.7996515679442509,574.0,1.278745644599303,574.0
2026-07-15T14:00:00,18.496079295154185,227.0,1.7918118466898956,574.0,1.012822299651568,574.0
2026-07-15T15:00:00,20.528301886792452,212.0,1.6302350813743218,553.0,0.744,570.0
2026-07-15T16:00:00,18.547169811320753,212.0,1.7926829268292683,574.0,2.0627960007016313,570.1
2026-07-15T17:00:00,16.652169811320753,212.0,1.7201393728222996,574.0,2.2033101045296166,574.0
2026-07-15T18:00:00,14.312775330396477,227.0,2.0,574.0,2.4860801393728225,574.0
2026-07-15T19:00:00,14.045154185022026,227.0,1.607079646017699,565.0,3.411552346570397,554.0
2026-07-15T20:00:00,13.655506607929516,227.0,2.1129203539823007,565.0,2.240315789473684,570.0
2026-07-15T21:00:00,18.49816037735849,212.0,1.7918118466898956,574.0,1.527583774250441,567.0
2026-07-15T22:00:00,19.410377358490567,212.0,1.7970383275261324,574.0,1.2938947368421052,570.0
2026-07-15T23:00:00,20.141320754716983,212.0,1.793554006968641,574.0,1.02,563.0
2026-07-16T00:00:00,18.41409691629956,227.0,1.7404355400696865,574.0,2.068421052631579,570.0
2026-07-16T01:00:00,13.396603773584905,212.0,1.6613240418118467,574.0,1.7991754385964913,570.0
2026-07-16T02:00:00,13.97136563876652,227.0,1.6979094076655052,574.0,1.6881533101045296,574.0
2026-07-16T03:00:00,14.19603524229075,227.0,1.7272241992882562,562.0,1.9361827956989248,558.0
2026-07-16T04:00:00,13.990376569037657,239.0,1.4122419928825622,562.0,1.9062903225806451,558.0
2026-07-16T05:00:00,17.86610878661088,239.0,1.78929203539823,565.0,1.9333333333333333,558.0
2026-07-16T06:00:00,16.55,246.0,2.0,589.9,2.069298245614035,570.0
2026-07-16T07:00:00,18.391544715447154,246.0,6.814634146341463,574.0,2.125257548845471,563.0
2026-07-16T08:00:00,18.569037656903767,239.0,1.9184343434343434,594.0,2.0,574.0
2026-07-16T09:00:00,18.757180616740087,227.0,2.08220640569395,562.0,1.6036842105263158,570.0
2026-07-16T10:00:00,19.192468619246863,239.0,2.5157522123893807,565.0,2.0575488454706927,563.0
2026-07-16T11:00:00,19.436359832635983,239.0,1.9961672473867595,574.0,1.3882456140350876,570.0
2026-07-16T12:00:00,19.278326359832636,239.0,3.3597345132743364,565.0,1.6120557491289198,574.0
2026-07-16T13:00:00,14.800813008130081,246.0,2.0,582.6,2.346689895470383,574.0
2026-07-16T14:00:00,16.853138075313808,239.0,2.129843205574913,574.0,2.4461672473867595,574.0
2026-07-16T15:00:00,15.642202643171807,227.0,1.880731707317073,574.0,2.001624548736462,554.0
2026-07-16T16:00:00,18.975377358490565,212.0,1.727433628318584,565.0,2.830029611565929,574.1
2026-07-16T17:00:00,16.40376569037657,239.0,2.0,574.0,4.017777777777778,558.0
2026-07-16T18:00:00,18.00418410041841,239.0,2.0,574.0,3.3203658536585365,574.0
2026-07-16T19:00:00,18.41409691629956,227.0,1.72,565.0,3.1794736842105262,570.0
2026-07-16T20:00:00,18.663436123348017,227.0,2.3823047515019113,549.3,2.561278863232682,563.0
2026-07-16T21:00:00,35.98237885462555,227.0,2.4249547920434,553.0,1.7306417112299466,561.0
2026-07-16T22:00:00,20.543933054393307,239.0,2.4086799276672695,553.0,1.1171929824561404,570.0
2026-07-16T23:00:00,35.14644351464435,239.0,3.152212389380531,565.0,1.1172549019607843,561.0
2026-07-17T00:00:00,16.650396475770926,227.0,2.3947197106690776,553.0,2.714043321299639,554.0
2026-07-17T01:00:00,13.451626016260162,246.0,2.4116106194690263,565.0,2.1653641207815277,563.0
2026-07-17T02:00:00,13.196861924686193,239.0,3.2334494773519165,574.0,2.0820603907637656,563.0
2026-07-17T03:00:00,16.929916317991633,239.0,2.0,574.0,1.8111351741562896,554.1
2026-07-17T04:00:00,14.039748953974895,239.0,2.0,565.0,2.142652329749104,558.0
2026-07-17T05:00:00,14.55609756097561,246.0,1.802367941712204,549.0,2.2274368231046933,554.0
2026-07-17T06:00:00,14.006263048016702,239.5,2.0,565.0,2.156317689530686,554.0
2026-07-17T07:00:00,16.060982541615914,246.3,2.3142857142857145,546.0,2.2866869736606343,558.1
2026-07-17T08:00:00,14.495530272247054,246.1,3.1717902350813745,553.0,2.120672239637757,574.2
2026-07-17T09:00:00,13.694322183098592,227.2,2.3851717902350815,553.0,1.1429824561403508,570.0
2026-07-17T10:00:00,13.306167400881057,227.0,2.350093109869646,537.0,1.1,561.0
2026-07-17T11:00:00,16.20914235959948,229.7,2.7635009310986964,537.0,1.2004409171075838,567.0
2026-07-17T12:00:00,15.493723849372385,239.0,2.0851150442477877,565.0,1.0700400627068456,574.1
2026-07-17T13:00:00,15.518828451882845,239.0,1.804041107820937,574.1,1.1349122807017544,570.0
2026-07-17T14:00:00,15.66079295154185,227.0,1.7970383275261324,574.0,1.7750391917784358,574.1
2026-07-17T15:00:00,16.431718061674008,227.0,1.7979094076655053,574.0,1.7237894736842105,570.0
2026-07-17T16:00:00,18.24229074889868,227.0,1.798780487804878,574.0,2.3754529616724738,574.0
2026-07-17T17:00:00,19.193171806167403,227.0,1.7365529247910862,574.4,2.5992539964476022,563.0
2026-07-17T18:00:00,16.034782608695654,239.2,2.0866017699115043,565.0,5.114455874390904,554.1
2026-07-17T19:00:00,14.913821138211382,246.0,2.3827838827838828,546.0,4.657039711191335,554.0
2026-07-17T20:00:00,15.415859030837005,227.0,10.052141527001861,537.0,2.844765342960289,554.0
2026-07-17T21:00:00,15.56234309623431,239.0,4.567970204841713,537.0,2.1006878306878307,567.0
2026-07-17T22:00:00,17.527785116688683,227.1,2.1247197106690776,553.0,1.4411846689895471,574.0
2026-07-17T23:00:00,18.328033472803348,239.0,2.1868131868131866,546.0,1.7274074074074075,567.0
2026-07-18T00:00:00,20.51517637407711,243.8,186.79622980251347,557.0,1.9896625222024866,563.0
2026-07-18T01:00:00,16.77324290998767,243.3,202.40322580645162,558.0,1.8937939743821035,554.3
2026-07-18T02:00:00,16.6195841995842,240.5,193.49641577060933,558.0,1.8483623693379791,574.0
2026-07-18T03:00:00,14.568115336397828,239.3,2.0,574.0,1.7836944937833037,563.0
2026-07-18T04:00:00,17.88858075040783,245.2,1.7254416961130743,566.0,1.717260129801789,570.1
2026-07-18T05:00:00,14.186084412870873,239.3,2.0,566.0,1.7916534040671972,565.5
2026-07-18T06:00:00,15.354149548069023,243.4,186.70197486535008,557.0,1.7038327526132404,574.0
2026-07-18T07:00:00,16.287958532695374,250.8,186.70197486535008,557.0,1.7303930131004366,572.5
2026-07-18T08:00:00,19.013945857260047,243.8,200.97845601436265,557.0,1.4023090586145648,563.0
2026-07-18T09:00:00,16.680641183723797,243.3,3.9141831238779172,557.0,1.477389770723104,567.0
2026-07-18T10:00:00,15.490104585679807,248.6,2.489605734767025,558.0,2.1305093646070365,571.3
2026-07-18T11:00:00,16.75656373713381,252.6,2.4370967741935483,558.0,1.7859683225341974,555.6
2026-07-18T12:00:00,15.871506276150628,239.0,2.4761290322580645,558.0,2.7310416666666666,576.0
2026-07-18T13:00:00,15.878995815899582,239.0,2.3727598566308243,558.0,3.1443992213767475,565.1
2026-07-18T14:00:00,17.03765690376569,239.0,2.4834146341463414,574.0,2.701911504424779,565.0
2026-07-18T15:00:00,20.260162601626018,246.0,2.0,595.0,2.7215863277826466,570.5
2026-07-18T16:00:00,19.451882845188283,239.0,1.798339674852992,578.2,4.171775568181818,563.2
2026-07-18T17:00:00,17.917073170731708,246.0,1.8101045296167246,574.0,2.9716450683945284,555.6
2026-07-18T18:00:00,18.820334728033473,239.0,2.0,595.3,3.1405521692362854,557.8
2026-07-18T19:00:00,18.19383259911894,227.0,2.055282051282051,585.0,2.972538312488991,567.7
2026-07-18T20:00:00,17.637863247863248,234.0,2.219022687609075,573.0,2.1789473684210527,570.0
2026-07-18T21:00:00,15.56061595893607,214.3,6.457809694793537,557.0,2.0,574.1
2026-07-18T22:00:00,17.842242990654206,214.0,2.2001795332136447,557.0,1.7140567845323114,574.1
2026-07-18T23:00:00,17.415529910504002,212.3,2.0,585.0,1.9295993031358885,574.0
2026-07-19T00:00:00,31.32075471698113,212.0,3.185278276481149,557.0,1.8032505804607966,559.9
2026-07-19T01:00:00,35.45283018867924,212.0,2.40659793814433,582.0,1.78125,563.2
2026-07-19T02:00:00,27.863436123348016,227.0,2.397878787878788,594.0,1.8942095914742452,563.0
2026-07-19T03:00:00,21.662100456621005,219.0,2.1261256544502616,573.0,2.6290441176470587,571.2
2026-07-19T04:00:00,18.653396226415094,212.0,2.3536169448931967,557.1,3.2310469314079424,554.0
2026-07-19T05:00:00,18.817387218045113,212.8,2.3751570633638486,557.1,3.4423093295494858,563.8
2026-07-19T06:00:00,26.394273127753305,227.0,3.154685816876122,557.0,2.842508710801394,574.0
2026-07-19T07:00:00,26.337885462555064,227.0,10.558994614003591,557.0,3.143037290578274,555.1
2026-07-19T08:00:00,26.33215859030837,227.0,3.9578096947935366,557.0,2.3151722893739852,554.3
2026-07-19T09:00:00,22.11320754716981,212.0,2.8120466786355474,557.0,3.092285508291276,554.8
2026-07-19T10:00:00,23.275471698113208,212.0,2.4386925795053003,566.0,4.173921180493072,555.7
2026-07-19T11:00:00,30.99056603773585,212.0,7.346824627535452,557.1,7.083103879849812,559.3
2026-07-19T12:00:00,38.3811320754717,212.0,2.5415213675213675,585.0,2.736505959793631,562.1
2026-07-19T13:00:00,34.00660377358491,212.0,2.3649924255175896,594.1,2.41734999120183,568.3
2026-07-19T14:00:00,41.698113207547166,212.0,2.7877137870855146,573.0,2.7075445544554455,555.5
2026-07-19T15:00:00,31.18632075471698,212.0,2.0,594.0,4.511297297297297,555.0
2026-07-19T16:00:00,23.775943396226417,212.0,1.8780104712041885,573.0,8.745045045045044,555.0
2026-07-19T17:00:00,23.358490566037737,212.0,1.7277441077441078,594.0,4.540944314290863,554.9
2026-07-19T18:00:00,17.04499560246262,227.4,1.8128205128205128,585.0,6.395938628158845,554.0
2026-07-19T19:00:00,16.21136563876652,227.0,1.7555555555555555,594.0,3.469195443218227,561.8
2026-07-19T20:00:00,15.205947136563877,227.0,2.040397239521966,594.1,3.3117894736842106,570.0
2026-07-19T21:00:00,15.273127753303966,227.0,2.567504488330341,557.0,2.0,570.0
2026-07-19T22:00:00,16.181321585903085,227.0,4.322980251346499,557.0,2.0,570.0
2026-07-19T23:00:00,16.482142857142858,224.0,6.685637342908438,557.0,1.7613307786099983,574.1
2026-07-20T00:00:00,21.136470588235294,229.5,1.6918118466898955,574.0,3.0940860215053765,558.0
2026-07-20T01:00:00,17.48158508158508,214.5,1.5357142857142858,574.0,2.592156862745098,561.0
2026-07-20T02:00:00,16.76787810383747,221.5,1.6202090592334495,574.0,2.796594982078853,558.0
2026-07-20T03:00:00,15.18505518763797,226.5,1.760353982300885,565.0,2.840418118466899,574.0
2026-07-20T04:00:00,16.584313725490198,229.5,1.8631103074141049,553.0,2.70885809507104,570.1
2026-07-20T05:00:00,16.933453724604966,221.5,1.8118466898954704,574.0,2.8719332504881945,563.3
2026-07-20T06:00:00,19.736829836829838,214.5,1.8196864111498259,574.0,2.0768466898954703,574.0
2026-07-20T07:00:00,20.40392156862745,229.5,1.820353982300885,565.0,2.1729268292682926,574.0
2026-07-20T08:00:00,22.44472049689441,241.5,2.46715953307393,565.4,1.8829268292682926,574.0
2026-07-20T09:00:00,21.817249417249418,214.5,2.214459930313589,574.0,1.475221238938053,565.0
2026-07-20T10:00:00,22.478548161935784,214.9,2.335035587188612,562.0,1.545993031358885,574.0
2026-07-20T11:00:00,20.24988344988345,214.5,3.0,553.0,1.6408885017421604,574.0
2026-07-20T12:00:00,21.131884057971014,241.5,3.366371681415929,565.0,1.9491811846689895,574.0
2026-07-20T13:00:00,18.579503105590064,241.5,3.0,553.0,1.9554006968641116,574.0
2026-07-20T14:00:00,18.660662525879918,241.5,2.6289198606271778,574.0,2.919425087108014,574.0
2026-07-20T15:00:00,18.476470588235294,229.5,2.3397212543554007,574.0,2.55993031358885,574.0
2026-07-20T16:00:00,19.83892773892774,214.5,2.02608286908078,574.4,3.8109756097560976,574.0
2026-07-20T17:00:00,18.093146853146852,214.5,1.6822299651567945,574.0,3.039390243902439,574.0
2026-07-20T18:00:00,18.274161220043574,229.5,1.7794690265486726,565.0,2.6871080139372823,574.0
2026-07-20T19:00:00,18.341463414634145,229.6,1.756794425087108,574.0,2.526486674795332,574.1
2026-07-20T20:00:00,17.701608391608392,214.5,2.302654867256637,565.0,1.8780487804878048,574.0
2026-07-20T21:00:00,18.421491841491843,214.5,2.4741426177620554,537.1,1.891696750902527,554.0
2026-07-20T22:00:00,19.84769230769231,214.5,2.2,537.0,1.1353658536585365,574.0
2026-07-20T23:00:00,23.17948717948718,214.5,2.3426443202979517,537.0,1.2826820603907638,563.0
2026-07-21T00:00:00,17.62727272727273,214.5,2.411219512195122,574.0,3.921651865008881,563.0
2026-07-21T01:00:00,16.797385620915033,229.5,1.6610452961672473,574.0,2.708614564831261,563.0
2026-07-21T02:00:00,17.116274509803922,229.5,1.8031652173913044,575.0,2.2378947368421054,570.0
2026-07-21T03:00:00,16.85838779956427,229.5,1.4684695652173914,575.0,2.729442508710801,574.0
2026-07-21T04:00:00,17.5683682983683,214.5,1.6544,575.0,2.568780487804878,574.0
2026-07-21T05:00:00,17.88939051918736,221.5,1.6469565217391304,575.0,2.7445993031358884,574.0
2026-07-21T06:00:00,17.633540372670808,241.5,1.6755749128919861,574.0,3.7990350877192984,570.0
2026-07-21T07:00:00,18.0,241.5,1.7792676454979657,565.3,3.0503374777975134,563.0
2026-07-21T08:00:00,16.856339869281047,229.5,1.8935943060498222,562.0,1.9638327526132404,574.0
2026-07-21T09:00:00,17.33986928104575,229.5,1.640418118466899,574.0,1.0262166962699821,563.0
2026-07-21T10:00:00,16.633464052287582,229.5,2.92045197740113,566.4,1.7125133689839571,561.0
2026-07-21T11:00:00,21.438631790744466,248.5,2.297808695652174,575.0,1.7020905923344947,574.0
2026-07-21T12:00:00,18.97010060362173,248.5,1.9939478260869565,575.0,1.140418118466899,574.0
2026-07-21T13:00:00,19.18488612836439,241.5,1.6417391304347826,575.0,1.1517192982456141,570.0
2026-07-21T14:00:00,17.663636363636364,242.0,1.7181217391304349,575.0,3.087719298245614,570.0
2026-07-21T15:00:00,15.666666666666666,229.5,1.7153538515040863,575.1,2.818710801393728,574.0
2026-07-21T16:00:00,23.055900621118013,241.5,1.622608695652174,575.0,1.9506445993031358,574.0
2026-07-21T17:00:00,14.38124183006536,229.5,1.784695652173913,575.0,2.8216491228070177,570.0
2026-07-21T18:00:00,18.14788732394366,248.5,1.7937979094076655,574.0,3.395079928952043,563.0
2026-07-21T19:00:00,19.985915492957748,248.5,1.7902439024390244,574.0,2.8151985559566786,554.0
2026-07-21T20:00:00,18.932461873638346,229.5,2.2966907775768535,553.0,1.8308243727598565,558.0
2026-07-21T21:00:00,17.34965034965035,214.5,3.0,565.0,1.116,570.0
2026-07-21T22:00:00,19.54248366013072,229.5,3.6019168173598555,553.0,0.9990476190476191,567.0
2026-07-21T23:00:00,20.874125874125873,214.5,2.272737479950098,561.1,0.8310975609756097,574.0
2026-07-22T00:00:00,18.858447488584474,219.0,2.1830499912907158,574.1,2.326305506216696,563.0
2026-07-22T01:00:00,17.277400881057268,227.0,1.7224738675958189,574.0,2.265679442508711,574.0
2026-07-22T02:00:00,17.194361233480176,227.0,1.8018815331010454,574.0,2.6543516873889876,563.0
2026-07-22T03:00:00,15.898678414096917,227.0,1.4930313588850175,574.0,2.2972280701754384,570.0
2026-07-22T04:00:00,17.028301886792452,212.0,1.6725663716814159,565.0,2.422877192982456,570.0
2026-07-22T05:00:00,17.383259911894275,227.0,1.7069026548672566,565.0,2.936823104693141,554.0
2026-07-22T06:00:00,21.399823866138266,227.1,1.7103484320557492,574.0,2.464605239707717,561.1
2026-07-22T07:00:00,20.496167400881056,227.0,1.8224738675958188,574.0,2.022105263157895,570.0
2026-07-22T08:00:00,20.56805457746479,227.2,2.0310104529616724,574.0,1.6259878960484158,561.8
2026-07-22T09:00:00,19.205286343612336,227.0,1.9273991507430999,565.2,1.9094736842105262,570.0
2026-07-22T10:00:00,18.90943396226415,212.0,2.34428148406201,574.1,2.2807142857142857,574.0
2026-07-22T11:00:00,25.01255230125523,239.0,2.26129203539823,565.0,2.201918294849023,563.0
2026-07-22T12:00:00,24.109756097560975,246.0,2.5245296167247386,574.0,2.1922996515679443,574.0
2026-07-22T13:00:00,20.365638766519822,227.0,2.019686411149826,574.0,2.309957997899895,571.4
2026-07-22T14:00:00,21.444009433962265,212.0,2.287203539823009,565.0,2.9462126476719943,575.6
2026-07-22T15:00:00,26.634361233480178,227.0,1.767247386759582,574.0,2.643772798332465,575.7
2026-07-22T16:00:00,23.210377358490565,212.0,1.8027874564459931,574.0,3.651219512195122,574.0
2026-07-22T17:00:00,21.264150943396228,212.0,1.705226480836237,574.0,3.524187725631769,554.0
2026-07-22T18:00:00,22.678301886792454,212.0,1.8174882424664693,574.1,2.5541516245487363,554.0
2026-07-22T19:00:00,24.808227251296557,212.1,1.8261946902654866,565.0,2.708703374777975,563.0
2026-07-22T20:00:00,21.474245283018867,212.0,2.0406017699115044,565.0,2.020754385964912,570.0
2026-07-22T21:00:00,22.453626373626374,227.5,2.48470796460177,565.0,1.8378705490264866,570.1
2026-07-22T22:00:00,19.608490566037737,212.0,2.426986587702491,574.1,1.7977468222183528,574.3
2026-07-22T23:00:00,19.959510357815443,212.4,2.135191637630662,574.0,1.65915468256752,570.2
2026-07-23T00:00:00,14.702678342588637,234.1,3.0,585.0,3.0652631578947367,570.0
2026-07-23T01:00:00,13.480487804878049,246.0,3.0069023569023567,594.0,2.9448432055749127,574.0
2026-07-23T02:00:00,14.383765690376569,239.0,3.0066153846153845,585.0,2.5722743682310467,554.0
2026-07-23T03:00:00,13.843598326359833,239.0,3.109230769230769,585.0,2.583421052631579,570.0
2026-07-23T04:00:00,14.736401673640167,239.0,3.5026178010471205,573.0,3.137142857142857,574.0
2026-07-23T05:00:00,14.40397489539749,239.0,4.375224416517056,557.0,3.226825396825397,567.0
2026-07-23T06:00:00,14.487804878048781,246.0,3.3682373472949387,573.0,5.421949458483755,554.0
2026-07-23T07:00:00,13.679665271966527,239.0,3.579930191972077,573.0,2.6152930728241564,563.0
2026-07-23T08:00:00,14.017824267782427,239.0,3.9176410256410255,585.0,1.8782300884955752,565.0
2026-07-23T09:00:00,14.79560975609756,246.0,4.898945518453427,569.0,2.5195121951219512,574.0
2026-07-23T10:00:00,15.547967479674798,246.0,9.105078534031414,573.0,2.495365853658537,574.0
2026-07-23T11:00:00,16.66747967479675,246.0,7.097591623036649,573.0,2.1945087719298244,570.0
2026-07-23T12:00:00,18.4059375,224.0,4.427247863247863,585.0,1.965383275261324,574.0
2026-07-23T13:00:00,17.743034188034187,234.0,3.4431623931623934,585.0,1.965383275261324,574.0
2026-07-23T14:00:00,22.483962264150943,212.0,5.447121212121212,594.0,1.959581881533101,574.0
2026-07-23T15:00:00,22.028301886792452,212.0,2.710757575757576,594.0,1.8453162515678194,558.1
2026-07-23T16:00:00,22.22641509433962,212.0,2.3466666666666667,585.0,2.186114982578397,574.0
2026-07-23T17:00:00,20.20188679245283,212.0,1.9621548821548822,594.0,3.71485559566787,554.0
2026-07-23T18:00:00,15.9155230125523,239.0,3.397213675213675,585.0,4.2351985559566785,554.0
2026-07-23T19:00:00,14.964351464435147,239.0,3.3400702987697715,569.0,4.309386281588448,554.0
2026-07-23T20:00:00,14.534146341463414,246.0,7.031249326871298,557.1,3.7013718411552348,554.0
2026-07-23T21:00:00,14.562051282051282,234.0,6.702746858168761,557.0,1.3350088183421516,567.0
2026-07-23T22:00:00,14.114227642276422,246.0,6.164278350515464,582.0,1.4136842105263159,570.0
2026-07-23T23:00:00,18.036585365853657,246.0,4.015384615384615,585.0,1.1151219512195123,574.0
2026-07-24T00:00:00,21.564853556485357,239.0,2.636424844302306,594.1,2.4097158081705152,563.0
2026-07-24T01:00:00,15.64622641509434,212.0,1.9926153846153847,585.0,2.0,570.0
2026-07-24T02:00:00,16.467547169811322,212.0,2.653198653198653,594.0,2.067421052631579,570.0
2026-07-24T03:00:00,15.679245283018869,212.0,2.3629394099982335,566.1,2.413397212543554,574.0
2026-07-24T04:00:00,16.164905660377357,212.0,2.9980756013745706,582.0,2.445034843205575,574.0
2026-07-24T05:00:00,15.783018867924529,212.0,2.3637696335078533,573.0,2.2388530465949823,558.0
2026-07-24T06:00:00,16.41509433962264,212.0,2.3740314136125655,573.0,2.4674551971326166,558.0
2026-07-24T07:00:00,15.50943396226415,212.0,2.504502617801047,573.0,2.1287543859649123,570.0
2026-07-24T08:00:00,15.679245283018869,212.0,3.3157407407407407,594.0,2.0818245614035087,570.0
2026-07-24T09:00:00,17.230589788732395,227.2,7.588205128205129,585.0,1.3219360568383658,563.0
2026-07-24T10:00:00,17.16497797356828,227.0,6.628602693602693,594.0,1.1145470383275262,574.0
2026-07-24T11:00:00,18.616981132075473,212.0,5.346837606837607,585.0,1.1158553791887125,567.0
2026-07-24T12:00:00,19.39245283018868,212.0,2.8715824915824917,594.0,1.1152631578947367,570.0
2026-07-24T13:00:00,19.36809210526316,212.8,2.6582491582491583,594.0,1.1178339350180506,554.0
2026-07-24T14:00:00,19.397368421052633,212.8,3.18,585.0,3.304301646309081,564.9
2026-07-24T15:00:00,19.87264150943396,212.0,2.644781144781145,594.0,2.9475247524752475,575.7
2026-07-24T16:00:00,21.665882352941175,212.5,3.237205387205387,594.0,2.984193548387097,558.0
2026-07-24T17:00:00,20.64509433962264,212.0,2.0887384356602188,594.5,3.299165186500888,563.0
2026-07-24T18:00:00,16.973584905660378,212.0,2.9934006734006733,594.0,4.177204301075268,558.0
2026-07-24T19:00:00,19.494339622641508,212.0,2.93025641025641,585.0,4.175631768953068,554.0
2026-07-24T20:00:00,17.056603773584907,212.0,5.069109947643979,573.0,2.9965703971119133,554.0
2026-07-24T21:00:00,18.01132075471698,212.0,10.636363636363637,594.0,3.8848736462093862,554.0
2026-07-24T22:00:00,17.098915605846297,212.1,9.702171717171717,594.0,3.001624548736462,554.0
2026-07-24T23:00:00,19.62264150943396,212.0,7.843939393939394,594.0,1.564259927797834,554.0
2026-07-25T00:00:00,8.2,57.0,1.5,216.1,2.4,196.0
2026-07-25T01:00:00,11.0,61.0,2.4,202.7,1.0,184.0
2026-07-25T02:00:00,10.0,74.0,1.0,206.0,1.0,190.0
2026-07-25T03:00:00,10.0,61.0,1.04,202.0,1.0,179.0
2026-07-25T04:00:00,10.0,72.0,1.04,212.0,1.0,192.0
2026-07-25T05:00:00,10.0,72.0,1.04,198.0,1.04,186.0
2026-07-25T06:00:00,8.4,54.0,2.17,185.6,1.0,193.0
2026-07-25T07:00:00,9.0,69.0,2.4,209.7,1.04,196.0
2026-07-25T08:00:00,25.0,60.0,2.2,203.1,1.0,183.0
2026-07-25T09:00:00,22.0,62.0,2.29,198.0,6.8,193.0
2026-07-25T10:00:00,22.0,60.0,1.5,185.3,2.07,178.3
2026-07-25T11:00:00,25.0,59.0,2.3,207.0,2.0,183.6
2026-07-25T12:00:00,17.2,45.0,2.0,213.2,2.1,189.6
2026-07-25T13:00:00,15.0,38.0,2.0,211.0,2.2,194.7
2026-07-25T14:00:00,15.0,41.0,2.33,221.3,2.2,190.6
2026-07-25T15:00:00,25.0,45.0,1.5,211.1,1.04,180.5
2026-07-25T16:00:00,15.0,47.0,1.04,210.8,2.21,192.3
2026-07-25T17:00:00,22.0,44.0,1.5,195.7,1.04,177.1
2026-07-25T18:00:00,8.8,43.0,2.4,213.0,3.0,187.0
2026-07-25T19:00:00,8.8,44.0,4.0,202.0,5.0,172.0
2026-07-25T20:00:00,8.8,44.0,2.17,185.0,2.4,192.0
2026-07-25T21:00:00,10.0,56.0,9.0,194.0,1.04,191.0
2026-07-25T22:00:00,15.0,45.0,1.15,195.5,0.5,174.0
2026-07-25T23:00:00,15.0,48.0,2.0,207.0,1.0,192.0
2026-07-26T00:00:00,18.33301886792453,212.0,4.666666666666667,573.0,9.87898916967509,554.0
2026-07-26T01:00:00,20.771409691629955,227.0,4.243507853403141,573.0,2.9697726042230643,554.1
2026-07-26T02:00:00,17.28627358490566,212.0,3.6579406631762654,573.0,3.0238095238095237,567.0
2026-07-26T03:00:00,19.130188679245283,212.0,3.1375252525252524,594.0,2.5290124539554464,570.1
2026-07-26T04:00:00,18.891037735849057,212.0,4.169658886894076,557.0,2.4628070175438594,570.0
2026-07-26T05:00:00,32.99580188679245,212.0,2.892923076923077,585.0,2.9013588850174217,574.0
2026-07-26T06:00:00,17.300283018867926,212.0,4.282828282828283,594.0,3.0982542761417737,567.1
2026-07-26T07:00:00,18.312775330396477,227.0,4.309278350515464,582.0,13.465703971119133,554.0
2026-07-26T08:00:00,18.33301886792453,212.0,7.657809694793537,557.0,13.866425992779783,554.0
2026-07-26T09:00:00,17.556084905660377,212.0,4.741239092495637,573.0,2.1545115452930728,563.0
2026-07-26T10:00:00,29.493392070484582,227.0,5.528150807899461,557.0,1.6289164305949009,564.8
2026-07-26T11:00:00,30.94713656387665,227.0,4.291448516579407,573.0,2.411182496961278,575.9
2026-07-26T12:00:00,34.40528634361233,227.0,5.046153846153846,585.0,2.905701754385965,570.0
2026-07-26T13:00:00,29.770925110132158,227.0,4.061952861952862,594.0,3.570071942446043,556.0
2026-07-26T14:00:00,37.193396226415096,212.0,3.244949494949495,594.0,3.478379150303463,560.2
2026-07-26T15:00:00,34.843396226415095,212.0,2.548198653198653,594.0,3.3221218961625283,575.9
2026-07-26T16:00:00,31.263207547169813,212.0,2.633131313131313,594.0,17.284503239740822,555.6
2026-07-26T17:00:00,31.35453744493392,227.0,2.5078418230563004,596.8,11.215775256618045,555.3
2026-07-26T18:00:00,24.858169819621647,227.3,2.382828282828283,594.0,17.43119133574007,554.0
2026-07-26T19:00:00,20.57311320754717,212.0,2.6185185185185187,594.0,11.988682310469313,554.0
2026-07-26T20:00:00,19.365638766519822,227.0,3.111111111111111,594.0,9.903429602888087,554.0
2026-07-26T21:00:00,17.683018867924527,212.0,3.305641025641026,585.0,10.342906137184116,554.0
2026-07-26T22:00:00,17.67641509433962,212.0,3.764997436335669,585.1,4.391317689530686,554.0
2026-07-26T23:00:00,22.9811320754717,212.0,3.444285473825955,594.1,4.262653429602888,554.0
2026-07-27T00:00:00,17.16788321167883,219.2,4.287878787878788,594.0,1.6198014440433213,554.0
2026-07-27T01:00:00,14.874476987447698,239.0,1.2272727272727273,594.0,1.6390408525754885,563.0
2026-07-27T02:00:00,13.330543933054393,239.0,1.0,594.0,1.4678947368421054,570.0
2026-07-27T03:00:00,13.559471365638766,227.0,1.0,594.0,1.523170731707317,574.0
2026-07-27T04:00:00,12.995594713656388,227.0,1.4952036351396836,594.2,1.4862877442273534,563.0
2026-07-27T05:00:00,11.153846153846153,234.0,1.0,585.0,1.5992895204262878,563.0
2026-07-27T06:00:00,11.883127753303965,227.0,1.0,594.0,1.5693333333333332,570.0
2026-07-27T07:00:00,12.400125523012552,239.0,1.0,601.4,1.1169675090252709,554.0
2026-07-27T08:00:00,12.6644769874477,239.0,1.5372750210260724,594.5,1.4450442477876106,565.0
2026-07-27T09:00:00,12.462114537444934,227.0,1.4444444444444444,594.0,1.0,554.0
2026-07-27T10:00:00,14.669603524229075,227.0,1.525765690376569,597.5,1.393939393939394,561.0
2026-07-27T11:00:00,14.757709251101321,227.0,1.6246969696969698,594.0,1.5156639518413597,564.8
2026-07-27T12:00:00,12.208219178082192,219.0,1.5407569386038689,594.5,1.6263937282229965,574.0
2026-07-27T13:00:00,11.845726872246695,227.0,1.4760302775441547,594.5,1.6141114982578397,574.0
2026-07-27T14:00:00,14.805439330543933,239.0,1.0,594.0,1.5462000694685654,575.8
2026-07-27T15:00:00,13.955066079295154,227.0,1.0,594.0,1.4631373937677055,564.8
2026-07-27T16:00:00,13.615384615384615,234.0,1.0,594.0,1.4562159310708633,568.7
2026-07-27T17:00:00,12.361850220264317,227.0,1.0,594.0,1.197653429602888,554.0
2026-07-27T18:00:00,13.198237885462555,227.0,1.0,585.0,1.4557300126330988,554.1
2026-07-27T19:00:00,11.525,212.0,1.2856181665264927,594.5,1.4422735346358793,563.0
2026-07-27T20:00:00,11.944433962264151,212.0,1.2818104184457728,585.5,1.4425087108013936,574.0
2026-07-27T21:00:00,12.957709251101322,227.0,1.8895622895622897,594.0,1.5081664635208079,574.3
2026-07-27T22:00:00,12.552668552569543,212.1,2.52496632996633,594.0,1.4298245614035088,570.0
2026-07-27T23:00:00,13.052830188679245,212.0,1.8982828282828283,594.0,1.407017543859649,570.0
2026-07-28T00:00:00,19.42726872246696,227.0,2.1945283018867925,588.3,3.923104693140794,554.0
2026-07-28T01:00:00,16.39622641509434,212.0,2.1214846416382254,586.0,2.697326203208556,561.0
2026-07-28T02:00:00,16.067452830188678,212.0,2.309503497696639,586.1,2.830909090909091,561.0
2026-07-28T03:00:00,18.183962264150942,212.0,1.583010752688172,558.0,2.1904736842105264,570.0
2026-07-28T04:00:00,13.849056603773585,212.0,1.8536559139784947,558.0,2.7107085775173148,563.1
2026-07-28T05:00:00,15.647898209236569,212.2,1.6467383512544802,558.0,2.9871939670291128,570.2
2026-07-28T06:00:00,13.81132075471698,212.0,2.394960303762513,579.4,5.463898916967509,554.0
2026-07-28T07:00:00,14.88679245283019,212.0,2.3777777777777778,594.0,8.103068592057761,554.0
2026-07-28T08:00:00,17.47641509433962,212.0,2.276788830715532,573.0,12.338628158844765,554.0
2026-07-28T09:00:00,13.933962264150944,212.0,2.149792180345192,567.8,6.857761732851985,554.0
2026-07-28T10:00:00,12.462264150943396,212.0,2.2867235079171744,574.7,8.93754512635379,554.0
2026-07-28T11:00:00,15.16025641025641,234.0,2.4397274275979557,587.0,8.475243902439024,574.0
2026-07-28T12:00:00,15.864317180616741,227.0,2.325805351968638,586.7,3.6240142095914742,563.0
2026-07-28T13:00:00,15.30188679245283,212.0,1.5462235649546827,595.8,9.462401226772506,554.3
2026-07-28T14:00:00,16.0,212.0,2.377117637073502,589.1,33.20681760779361,554.3
2026-07-28T15:00:00,19.256132075471697,212.0,1.6361866398120175,595.8,6.21028880866426,554.0
2026-07-28T16:00:00,16.0,239.0,1.9654461852861036,587.2,10.620018050541516,554.0
2026-07-28T17:00:00,17.81057268722467,227.0,1.4951096121416527,593.0,14.606209386281588,554.0
2026-07-28T18:00:00,22.028301886792452,212.0,1.870143128125539,579.9,24.57168458781362,558.0
2026-07-28T19:00:00,17.377735849056602,212.0,2.6247818499127398,573.0,3.53109756097561,574.0
2026-07-28T20:00:00,16.034669811320754,212.0,3.151239092495637,573.0,3.0122975091447484,574.1
2026-07-28T21:00:00,18.245283018867923,212.0,5.810592459605027,557.0,2.041434540389972,574.4
2026-07-28T22:00:00,20.54245283018868,212.0,10.752244165170557,557.0,1.4026993865030675,554.2
2026-07-28T23:00:00,22.004150943396226,212.0,6.030055525703027,558.3,1.5350984149102944,574.1
2026-07-29T00:00:00,29.471698113207548,212.0,2.0028956228956227,594.0,1.2076648841354725,561.0
2026-07-29T01:00:00,18.025330188679245,212.0,1.90993265993266,594.0,2.1209821115398104,570.2
2026-07-29T02:00:00,20.28125,224.0,0.9728282828282828,594.0,1.9229965156794424,574.0
2026-07-29T03:00:00,14.253301886792453,212.0,1.1666666666666667,585.0,2.171651865008881,563.0
2026-07-29T04:00:00,20.723849372384937,239.0,2.092102473498233,566.0,2.4471657754010696,561.0
2026-07-29T05:00:00,14.634140969162996,227.0,1.2369622475856015,569.5,2.6632326820603907,563.0
2026-07-29T06:00:00,16.837004405286343,227.0,1.4237347294938918,573.0,2.0,574.0
2026-07-29T07:00:00,16.145299145299145,234.0,1.9362962962962964,594.0,1.1298257839721255,574.0
2026-07-29T08:00:00,19.613076923076925,234.0,2.1182828282828283,594.0,1.83665737676363,574.1
2026-07-29T09:00:00,14.907317073170733,246.0,2.272727272727273,594.0,1.2176132404181184,574.0
2026-07-29T10:00:00,19.058854625550662,227.0,1.5684102564102564,585.0,1.3668989547038328,574.0
2026-07-29T11:00:00,16.545606694560668,239.0,2.2835016835016835,594.0,1.9700487276664862,554.1
2026-07-29T12:00:00,14.539837398373983,246.0,2.2437342304457526,594.5,1.5152726628895183,564.8
2026-07-29T13:00:00,14.964448051948052,246.4,2.047066150479717,594.1,2.3293157346300797,575.8
2026-07-29T14:00:00,16.597560975609756,246.0,1.5462405382674516,594.5,1.099367088607595,568.8
2026-07-29T15:00:00,14.820083682008368,239.0,1.7675252525252525,594.0,1.9858259510161542,575.7
2026-07-29T16:00:00,16.817073170731707,246.0,2.3107221006564553,594.1,1.9104006968641114,574.0
2026-07-29T17:00:00,14.264756097560976,246.0,1.5074074074074073,594.0,1.9378048780487804,574.0
2026-07-29T18:00:00,13.520325203252032,246.0,2.0976430976430978,594.0,2.6879268292682927,574.0
2026-07-29T19:00:00,13.302439024390244,246.0,1.5101010101010102,594.0,1.0288153310104529,574.0
2026-07-29T20:00:00,15.552845528455284,246.0,2.2377104377104375,594.0,1.0,574.0
2026-07-29T21:00:00,13.711297071129707,239.0,2.2777777777777777,594.0,1.0180350877192983,570.0
2026-07-29T22:00:00,18.964757709251103,227.0,2.6605723905723906,594.0,1.01602787456446,574.0
2026-07-29T23:00:00,17.180616740088105,227.0,1.5601010101010102,594.0,1.1249128919860627,574.0
2026-07-30T00:00:00,13.823788546255507,227.0,1.2983164983164983,594.0,1.6344935155976166,570.6
2026-07-30T01:00:00,13.012820512820513,234.0,1.0,594.0,1.4921336397383773,565.7
2026-07-30T02:00:00,13.731277533039648,227.0,1.0,594.0,2.798611111111111,554.4
2026-07-30T03:00:00,12.534801762114537,227.0,1.0189401709401709,585.0,1.71878745153331,567.4
2026-07-30T04:00:00,12.308370044052863,227.0,1.0182564102564102,585.0,1.7243642921550946,554.5
2026-07-30T05:00:00,12.442677824267783,239.0,1.4932286212914485,573.0,1.6063598106259864,570.3
2026-07-30T06:00:00,13.95897435897436,234.0,1.0,585.0,1.2101569547176618,554.3
2026-07-30T07:00:00,13.805020920502091,239.0,1.0181443298969073,582.0,1.3309310889005785,570.3
2026-07-30T08:00:00,13.879674796747967,246.0,1.4718855218855218,594.0,3.9044888655093812,570.3
2026-07-30T09:00:00,13.803347280334728,239.0,1.1498316498316499,594.0,1.04404973357016,563.0
2026-07-30T10:00:00,14.00943396226415,212.0,1.4567340067340067,594.0,1.0,574.0
2026-07-30T11:00:00,13.902739726027397,219.0,1.3852307692307693,585.0,1.0,574.0
2026-07-30T12:00:00,19.815726872246696,227.0,1.4735690235690235,594.0,1.1062162162162161,569.8
2026-07-30T13:00:00,16.73547169811321,212.0,1.04,594.0,1.5392888117953165,576.5
2026-07-30T14:00:00,16.23811320754717,212.0,1.093939393939394,594.0,1.591924554662941,572.6
2026-07-30T15:00:00,16.40396475770925,227.0,1.2992592592592593,594.0,1.6706303325787917,574.3
2026-07-30T16:00:00,15.673584905660377,212.0,1.3491582491582492,594.0,1.4901497384088038,554.3
2026-07-30T17:00:00,15.841850220264318,227.0,1.292929292929293,594.0,1.6064516129032258,558.0
2026-07-30T18:00:00,12.502092050209205,239.0,1.6206666666666667,585.0,9.471119133574007,554.0
2026-07-30T19:00:00,12.90623430962343,239.0,1.4688659793814434,582.0,8.36965542125203,554.3
2026-07-30T20:00:00,12.868722466960353,227.0,1.281025641025641,585.0,1.805700883997835,554.3
2026-07-30T21:00:00,12.617573221757322,239.0,1.7121212121212122,594.0,4.177160382464369,554.3
2026-07-30T22:00:00,13.376068376068377,234.0,1.8809694793536804,557.0,2.298123759696915,554.3
2026-07-30T23:00:00,19.05278039585297,212.2,1.6494017094017095,585.0,1.5464516129032257,558.0
2026-07-31T00:00:00,15.65063649222065,212.1,2.2868376068376066,585.0,1.6154306262059288,570.1
2026-07-31T01:00:00,12.75943396226415,212.0,1.623030303030303,594.0,5.028880866425993,554.0
2026-07-31T02:00:00,14.747169811320754,212.0,1.0458119658119658,585.0,8.817784193431974,554.2
2026-07-31T03:00:00,14.374449339207048,227.0,2.1049214659685864,573.0,1.8682310469314078,554.0
2026-07-31T04:00:00,12.93867924528302,212.0,1.2783505154639174,582.0,21.49456678700361,554.0
2026-07-31T05:00:00,14.339622641509434,212.0,1.7263247863247864,585.0,31.45072202166065,554.0
2026-07-31T06:00:00,14.391509433962264,212.0,2.3958115183246074,573.0,34.52707581227437,554.0
2026-07-31T07:00:00,12.633962264150943,212.0,1.069278350515464,582.0,4.996389891696751,554.0
2026-07-31T08:00:00,15.679245283018869,212.0,2.011867364746946,573.0,1.700017537706068,570.2
2026-07-31T09:00:00,12.528301886792454,212.0,1.1,573.0,1.5994671403197158,563.0
2026-07-31T10:00:00,15.0,212.0,1.7484739676840215,557.0,1.5925013137151864,570.9
2026-07-31T11:00:00,13.20754716981132,212.0,3.0824444444444445,585.0,1.5353610108303248,554.0
2026-07-31T12:00:00,18.39622641509434,212.0,2.5359829059829058,585.0,1.5675631768953069,554.0
2026-07-31T13:00:00,26.28301886792453,212.0,1.3435897435897435,585.0,1.6633403471856918,570.3
2026-07-31T14:00:00,25.923221855864345,212.3,1.3508417508417507,594.0,1.6431578947368422,570.0
2026-07-31T15:00:00,26.46949080622348,212.1,1.2202094240837695,573.0,1.6497653429602888,554.0
2026-07-31T16:00:00,15.0,212.0,1.3262609944354693,557.1,20.95884476534296,554.0
2026-07-31T17:00:00,15.0,212.0,1.049059829059829,585.0,2.0415515409139213,564.6
2026-07-31T18:00:00,13.810572687224669,227.0,1.2974358974358975,585.0,15.19927797833935,554.0
2026-07-31T19:00:00,12.343096234309623,239.0,1.4854700854700855,585.0,11.38332129963899,554.0
2026-07-31T20:00:00,12.127753303964758,227.0,1.6684816753926701,573.0,3.505054151624549,554.0
2026-07-31T21:00:00,12.209205020920502,239.0,1.7539267015706805,573.0,1.4880952380952381,554.4
2026-07-31T22:00:00,11.9,212.0,1.244165170556553,557.0,3.5225577264653642,563.0
2026-07-31T23:00:00,19.028301886792452,212.0,1.04,594.0,60.450649819494586,554.0
2026-08-01T00:00:00,65.6,246.0,10.84964994951195,594.2,25.38219304471256,563.6
2026-08-01T01:00:00,34.67020920502092,239.0,4.291011619958988,585.2,10.811189766952864,570.7
2026-08-01T02:00:00,34.06666666666667,246.0,4.387152181380968,582.2,4.888165680473373,574.6
2026-08-01T03:00:00,34.69723849372385,239.0,8.416088858970044,594.2,4.1591715976331365,574.6
2026-08-01T04:00:00,35.66343612334802,227.0,4.291011619958988,585.2,4.1591715976331365,574.6
2026-08-01T05:00:00,34.71111111111111,234.0,10.813884214069336,594.2,4.989275766016713,574.4
2026-08-01T06:00:00,18.974449339207048,227.0,9.574663526244953,594.4,4.1591715976331365,574.6
2026-08-01T07:00:00,25.765638766519825,227.0,9.76144907723855,585.2,3.899408284023669,574.6
2026-08-01T08:00:00,27.18942731277533,227.0,10.84964994951195,594.2,3.1011834319526628,574.6
2026-08-01T09:00:00,27.18942731277533,227.0,12.580648521505376,595.2,4.246865513589834,566.6
2026-08-01T10:00:00,35.69167253521127,227.2,10.832950268817203,595.2,10.02130177514793,574.6
2026-08-01T11:00:00,35.63361233480176,227.0,10.79759489418878,595.4,15.3396449704142,574.6
2026-08-01T12:00:00,65.91666666666667,246.0,12.502946593001841,597.3,5.128360797918473,576.5
2026-08-01T13:00:00,65.87124289195776,246.2,8.544875063742989,588.3,6.811723898716615,576.6
2026-08-01T14:00:00,65.91666666666667,246.0,8.461658386157273,583.7,4.233658706641101,573.7
2026-08-01T15:00:00,78.15833333333333,246.0,7.554637096774194,595.2,5.292907924397434,576.7
2026-08-01T16:00:00,67.55439330543933,239.0,4.227318548387097,595.2,9.993129770992367,576.4
2026-08-01T17:00:00,67.55439330543933,239.0,4.284544524053224,586.2,6.4674556213017755,574.6
2026-08-01T18:00:00,32.09251101321586,227.0,4.35852911477617,594.2,4.238396025550036,563.6
2026-08-01T19:00:00,32.286343612334804,227.0,5.262403231235274,594.2,4.417042606516291,558.6
2026-08-01T20:00:00,32.286343612334804,227.0,8.416088858970044,594.2,4.338336856941508,567.6
2026-08-01T21:00:00,26.585774058577407,239.0,10.813884214069336,594.2,3.2398712595685457,574.8
2026-08-01T22:00:00,26.0,246.0,8.382026253786604,594.2,3.330769230769231,574.6
2026-08-01T23:00:00,26.52460251046025,239.0,10.84964994951195,594.2,4.313609467455621,574.6
2026-08-02T00:00:00,8.2,22.0,0.1,101.0,0.9,94.0
2026-08-02T01:00:00,12.0,34.0,0.1,101.0,0.5,88.3
2026-08-02T02:00:00,8.2,29.0,0.1,101.0,0.29,88.7
2026-08-02T03:00:00,1.0,41.0,0.1,101.0,0.1,99.4
2026-08-02T04:00:00,1.0,34.0,0.1,101.0,0.1,98.0
2026-08-02T05:00:00,1.0,41.0,0.1,89.0,0.1,94.0
2026-08-02T06:00:00,9.5,22.0,0.1,101.0,1.0,98.0
2026-08-02T07:00:00,6.2,22.0,0.1,101.0,1.0,98.0
2026-08-02T08:00:00,6.2,22.0,0.5,101.0,0.5,77.1
2026-08-02T09:00:00,6.2,34.0,0.5,101.0,0.5,88.4
2026-08-02T10:00:00,8.2,34.0,1.0,101.0,1.0,91.9
2026-08-02T11:00:00,8.2,34.0,0.7,101.0,1.0,99.0
2026-08-02T12:00:00,18.2,34.0,1.0,101.0,1.5,98.9
2026-08-02T13:00:00,28.5,41.0,1.0,114.2,1.0,98.9
2026-08-02T14:00:00,25.0,34.0,0.7,104.9,1.0,100.4
2026-08-02T15:00:00,10.1,34.0,1.0,101.0,1.0,98.0
2026-08-02T16:00:00,10.1,22.0,1.0,101.0,2.3,94.5
2026-08-02T17:00:00,10.1,41.0,0.7,101.0,1.0,95.0
2026-08-02T18:00:00,6.2,41.0,0.5,101.0,0.1,88.0
2026-08-02T19:00:00,5.67,22.0,0.1,101.0,0.1,101.9
2026-08-02T20:00:00,1.0,21.0,0.1,101.0,0.1,96.8
2026-08-02T21:00:00,6.2,34.0,0.29,101.0,0.1,97.0
2026-08-02T22:00:00,6.2,41.0,0.5,101.0,1.0,95.1
2026-08-02T23:00:00,5.57,22.0,0.1,101.0,1.0,96.5
