date,contract,daily_fix_eur,bid_eur,ask_eur,high_eur,low_eur,open_interest,open_eur,volume,source,fetched_at
2024-01-02,SYSTOFUTBLYR-27,0.75,,,,,28,,,nasdaq,
2024-01-02,SYSTOFUTBLYR-28,0.75,,,,,,,,nasdaq,
2024-01-03,SYSTOFUTBLYR-27,0.75,,1.50,,,28,,,nasdaq,
2024-01-03,SYSTOFUTBLYR-28,0.75,,,,,,,,nasdaq,
2024-01-04,SYSTOFUTBLYR-27,0.75,0.50,,,,28,,,nasdaq,
2024-01-04,SYSTOFUTBLYR-28,0.75,,,,,,,,nasdaq,
2024-01-05,SYSTOFUTBLYR-27,0.75,0.40,,,,28,,,nasdaq,
2024-01-05,SYSTOFUTBLYR-28,0.75,,,,,,,,nasdaq,
2024-01-08,SYSTOFUTBLYR-27,0.65,-2.75,1.55,,,28,,,nasdaq,
2024-01-08,SYSTOFUTBLYR-28,0.70,,,,,,,,nasdaq,
2024-01-09,SYSTOFUTBLYR-27,0.65,,1.00,,,29,,,nasdaq,
2024-01-09,SYSTOFUTBLYR-28,0.70,,,,,,,,nasdaq,
2024-01-10,SYSTOFUTBLYR-27,0.65,,1.00,,,29,,,nasdaq,
2024-01-10,SYSTOFUTBLYR-28,0.70,,,,,,,,nasdaq,
2024-01-11,SYSTOFUTBLYR-27,0.40,,,,,29,,,nasdaq,
2024-01-11,SYSTOFUTBLYR-28,0.70,,,,,,,,nasdaq,
2024-01-12,SYSTOFUTBLYR-27,0.40,,,,,34,,,nasdaq,
2024-01-12,SYSTOFUTBLYR-28,0.70,,,,,,,,nasdaq,
2024-01-15,SYSTOFUTBLYR-27,0.40,,,,,34,,,nasdaq,
2024-01-15,SYSTOFUTBLYR-28,0.70,,,,,,,,nasdaq,
2024-01-16,SYSTOFUTBLYR-27,0.40,,0.65,,,34,,,nasdaq,
2024-01-16,SYSTOFUTBLYR-28,0.70,,,,,,,,nasdaq,
2024-01-17,SYSTOFUTBLYR-27,0.40,,,,,34,,,nasdaq,
2024-01-17,SYSTOFUTBLYR-28,0.70,,,,,,,,nasdaq,
2024-01-18,SYSTOFUTBLYR-27,0.50,-3.00,,,,40,,,nasdaq,
2024-01-18,SYSTOFUTBLYR-28,0.50,-3.00,,,,,,,nasdaq,
2024-01-19,SYSTOFUTBLYR-27,0.50,,,,,41,,,nasdaq,
2024-01-19,SYSTOFUTBLYR-28,0.50,,,,,3,,,nasdaq,
2024-01-22,SYSTOFUTBLYR-27,0.50,,,,,41,,,nasdaq,
2024-01-22,SYSTOFUTBLYR-28,0.50,,,,,3,,,nasdaq,
2024-01-23,SYSTOFUTBLYR-27,0.50,,0.75,,,41,,,nasdaq,
2024-01-23,SYSTOFUTBLYR-28,0.50,,,,,3,,,nasdaq,
2024-01-24,SYSTOFUTBLYR-27,0.50,,0.80,,,42,,,nasdaq,
2024-01-24,SYSTOFUTBLYR-28,0.50,,,,,3,,,nasdaq,
2024-01-25,SYSTOFUTBLYR-27,0.50,,1.00,,,42,,,nasdaq,
2024-01-25,SYSTOFUTBLYR-28,0.50,,3.50,,,3,,,nasdaq,
2024-01-26,SYSTOFUTBLYR-27,0.50,,0.90,,,47,,,nasdaq,
2024-01-26,SYSTOFUTBLYR-28,0.50,,,,,3,,,nasdaq,
2024-01-29,SYSTOFUTBLYR-27,0.40,,,,,49,,,nasdaq,
2024-01-29,SYSTOFUTBLYR-28,0.40,,,,,3,,,nasdaq,
2024-01-30,SYSTOFUTBLYR-27,0.40,,,,,52,,,nasdaq,
2024-01-30,SYSTOFUTBLYR-28,0.40,,,,,3,,,nasdaq,
2024-01-31,SYSTOFUTBLYR-27,0.40,,,,,52,,,nasdaq,
2024-01-31,SYSTOFUTBLYR-28,0.40,,,,,3,,,nasdaq,
2024-02-01,SYSTOFUTBLYR-27,-0.50,,,,,52,,,nasdaq,
2024-02-01,SYSTOFUTBLYR-28,-0.50,,,,,3,,,nasdaq,
2024-02-02,SYSTOFUTBLYR-27,-1.00,,,,,62,,,nasdaq,
2024-02-02,SYSTOFUTBLYR-28,-1.00,,,,,3,,,nasdaq,
2024-02-05,SYSTOFUTBLYR-27,-1.50,-3.00,-1.25,,,69,,,nasdaq,
2024-02-05,SYSTOFUTBLYR-28,-1.00,,,,,3,,,nasdaq,
2024-02-06,SYSTOFUTBLYR-27,-2.50,-3.50,,,,71,,,nasdaq,
2024-02-06,SYSTOFUTBLYR-28,-1.00,,,,,3,,,nasdaq,
2024-02-07,SYSTOFUTBLYR-27,-2.50,,,,,73,,,nasdaq,
2024-02-07,SYSTOFUTBLYR-28,-0.75,,,,,3,,,nasdaq,
2024-02-08,SYSTOFUTBLYR-27,-2.75,,,,,74,,,nasdaq,
2024-02-08,SYSTOFUTBLYR-28,-0.75,,,,,3,,,nasdaq,
2024-02-09,SYSTOFUTBLYR-27,-2.75,,,,,82,,,nasdaq,
2024-02-09,SYSTOFUTBLYR-28,-0.50,,,,,3,,,nasdaq,
2024-02-12,SYSTOFUTBLYR-27,-3.00,-3.25,-2.50,,,82,,,nasdaq,
2024-02-12,SYSTOFUTBLYR-28,-0.50,,,,,3,,,nasdaq,
2024-02-13,SYSTOFUTBLYR-27,-2.90,-3.00,-2.00,,,86,,,nasdaq,
2024-02-13,SYSTOFUTBLYR-28,-0.40,,,,,3,,,nasdaq,
2024-02-14,SYSTOFUTBLYR-27,-2.50,-4.00,0.00,,,86,,,nasdaq,
2024-02-14,SYSTOFUTBLYR-28,-0.18,-3.00,2.65,,,3,,,nasdaq,
2024-02-15,SYSTOFUTBLYR-27,-2.20,-2.75,-1.00,,,93,,,nasdaq,
2024-02-15,SYSTOFUTBLYR-28,0.00,-2.50,0.85,,,3,,,nasdaq,
2024-02-16,SYSTOFUTBLYR-27,-2.20,-3.00,,,,93,,,nasdaq,
2024-02-16,SYSTOFUTBLYR-28,0.00,,,,,3,,,nasdaq,
2024-02-19,SYSTOFUTBLYR-27,-2.20,-2.75,,,,93,,,nasdaq,
2024-02-19,SYSTOFUTBLYR-28,0.00,,,,,3,,,nasdaq,
2024-02-20,SYSTOFUTBLYR-27,-1.50,-1.90,-1.00,-1.50,-1.50,93,,,nasdaq,
2024-02-20,SYSTOFUTBLYR-28,0.00,,,,,4,,,nasdaq,
2024-02-21,SYSTOFUTBLYR-27,-1.00,-2.00,-0.75,,,93,,,nasdaq,
2024-02-21,SYSTOFUTBLYR-28,0.00,,,,,4,,,nasdaq,
2024-02-22,SYSTOFUTBLYR-27,-1.10,-1.75,-0.90,,,93,,,nasdaq,
2024-02-22,SYSTOFUTBLYR-28,0.00,,,,,4,,,nasdaq,
2024-02-23,SYSTOFUTBLYR-27,-1.10,-1.50,,,,93,,,nasdaq,
2024-02-23,SYSTOFUTBLYR-28,0.00,,,,,4,,,nasdaq,
2024-02-26,SYSTOFUTBLYR-27,-1.00,-1.50,,,,93,,,nasdaq,
2024-02-26,SYSTOFUTBLYR-28,0.00,,,,,4,,,nasdaq,
2024-02-27,SYSTOFUTBLYR-27,-1.25,,,,,96,,,nasdaq,
2024-02-27,SYSTOFUTBLYR-28,-0.25,,,,,4,,,nasdaq,
2024-02-28,SYSTOFUTBLYR-27,-1.25,,-1.00,,,96,,,nasdaq,
2024-02-28,SYSTOFUTBLYR-28,-0.25,,,,,4,,,nasdaq,
2024-02-29,SYSTOFUTBLYR-27,-1.25,,,,,100,,,nasdaq,
2024-02-29,SYSTOFUTBLYR-28,-0.25,,,,,4,,,nasdaq,
2024-03-01,SYSTOFUTBLYR-27,-1.25,,,,,100,,,nasdaq,
2024-03-01,SYSTOFUTBLYR-28,-0.25,,,,,4,,,nasdaq,
2024-03-04,SYSTOFUTBLYR-27,-1.25,,-0.75,,,100,,,nasdaq,
2024-03-04,SYSTOFUTBLYR-28,-0.25,,,,,4,,,nasdaq,
2024-03-05,SYSTOFUTBLYR-27,-1.25,,-1.10,,,100,,,nasdaq,
2024-03-05,SYSTOFUTBLYR-28,-0.25,,,,,4,,,nasdaq,
2024-03-06,SYSTOFUTBLYR-27,-1.25,-1.35,,,,100,,,nasdaq,
2024-03-06,SYSTOFUTBLYR-28,-0.25,,,,,4,,,nasdaq,
2024-03-07,SYSTOFUTBLYR-27,-1.15,-1.35,,,,100,,,nasdaq,
2024-03-07,SYSTOFUTBLYR-28,-0.25,,,,,4,,,nasdaq,
2024-03-08,SYSTOFUTBLYR-27,-1.20,-1.35,,,,102,,,nasdaq,
2024-03-08,SYSTOFUTBLYR-28,-0.40,,,,,4,,,nasdaq,
2024-03-11,SYSTOFUTBLYR-27,-1.35,,-1.00,-1.35,-1.35,106,,,nasdaq,
2024-03-11,SYSTOFUTBLYR-28,-0.50,,,,,19,,,nasdaq,
2024-03-12,SYSTOFUTBLYR-27,-1.25,,,,,107,,,nasdaq,
2024-03-12,SYSTOFUTBLYR-28,-0.95,,,,,24,,,nasdaq,
2024-03-13,SYSTOFUTBLYR-27,-1.25,,-1.00,,,112,,,nasdaq,
2024-03-13,SYSTOFUTBLYR-28,-0.95,-1.20,0.00,,,27,,,nasdaq,
2024-03-14,SYSTOFUTBLYR-27,-1.25,-1.50,-1.25,,,112,,,nasdaq,
2024-03-14,SYSTOFUTBLYR-28,-0.90,-1.20,0.00,,,27,,,nasdaq,
2024-03-15,SYSTOFUTBLYR-27,-1.35,-1.50,,,,115,,,nasdaq,
2024-03-15,SYSTOFUTBLYR-28,-0.73,-1.25,-0.20,,,27,,,nasdaq,
2024-03-18,SYSTOFUTBLYR-27,-1.35,,,,,126,,,nasdaq,
2024-03-18,SYSTOFUTBLYR-28,-0.73,,-0.20,,,27,,,nasdaq,
2024-03-19,SYSTOFUTBLYR-27,-1.15,,,,,126,,,nasdaq,
2024-03-19,SYSTOFUTBLYR-28,-0.55,,,,,27,,,nasdaq,
2024-03-20,SYSTOFUTBLYR-27,-1.15,,,,,128,,,nasdaq,
2024-03-20,SYSTOFUTBLYR-28,-0.55,,,,,27,,,nasdaq,
2024-03-21,SYSTOFUTBLYR-27,-1.15,,,,,128,,,nasdaq,
2024-03-21,SYSTOFUTBLYR-28,-0.55,,,,,27,,,nasdaq,
2024-03-22,SYSTOFUTBLYR-27,-1.10,-1.35,-1.00,,,131,,,nasdaq,
2024-03-22,SYSTOFUTBLYR-28,-0.55,,,,,27,,,nasdaq,
2024-03-25,SYSTOFUTBLYR-27,-1.05,,,,,132,,,nasdaq,
2024-03-25,SYSTOFUTBLYR-28,-0.55,,,,,27,,,nasdaq,
2024-03-26,SYSTOFUTBLYR-27,-1.05,-1.50,-0.85,,,152,,,nasdaq,
2024-03-26,SYSTOFUTBLYR-28,-0.70,,,,,27,,,nasdaq,
2024-03-27,SYSTOFUTBLYR-27,-1.05,,,,,159,,,nasdaq,
2024-03-27,SYSTOFUTBLYR-28,-0.70,,,,,37,,,nasdaq,
2024-04-02,SYSTOFUTBLYR-27,-1.05,,,,,159,,,nasdaq,
2024-04-02,SYSTOFUTBLYR-28,-0.70,,,,,37,,,nasdaq,
2024-04-03,SYSTOFUTBLYR-27,-1.00,,-0.50,,,159,,,nasdaq,
2024-04-03,SYSTOFUTBLYR-28,-0.70,,,,,37,,,nasdaq,
2024-04-04,SYSTOFUTBLYR-27,-1.00,,,,,159,,,nasdaq,
2024-04-04,SYSTOFUTBLYR-28,-0.70,,,,,37,,,nasdaq,
2024-04-05,SYSTOFUTBLYR-27,-1.00,,,,,160,,,nasdaq,
2024-04-05,SYSTOFUTBLYR-28,-0.70,,,,,37,,,nasdaq,
2024-04-08,SYSTOFUTBLYR-27,-1.00,-3.00,1.00,,,182,,,nasdaq,
2024-04-08,SYSTOFUTBLYR-28,-0.50,-3.00,2.00,,,37,,,nasdaq,
2024-04-09,SYSTOFUTBLYR-27,-1.00,-3.00,-0.85,,,182,,,nasdaq,
2024-04-09,SYSTOFUTBLYR-28,-0.50,-2.00,1.50,,,37,,,nasdaq,
2024-04-10,SYSTOFUTBLYR-27,-0.90,,,,,191,,,nasdaq,
2024-04-10,SYSTOFUTBLYR-28,-0.50,,0.25,,,37,,,nasdaq,
2024-04-11,SYSTOFUTBLYR-27,-0.90,,-0.75,,,194,,,nasdaq,
2024-04-11,SYSTOFUTBLYR-28,-0.50,,,,,37,,,nasdaq,
2024-04-12,SYSTOFUTBLYR-27,-0.95,-2.00,-0.50,,,198,,,nasdaq,
2024-04-12,SYSTOFUTBLYR-28,-0.55,,,,,37,,,nasdaq,
2024-04-15,SYSTOFUTBLYR-27,-1.00,-1.25,-0.50,,,198,,,nasdaq,
2024-04-15,SYSTOFUTBLYR-28,-0.55,,,,,37,,,nasdaq,
2024-04-16,SYSTOFUTBLYR-27,-0.90,-1.25,-0.80,,,208,,,nasdaq,
2024-04-16,SYSTOFUTBLYR-28,-0.55,,,,,37,,,nasdaq,
2024-04-17,SYSTOFUTBLYR-27,-0.90,,-0.70,,,210,,,nasdaq,
2024-04-17,SYSTOFUTBLYR-28,-0.55,,,,,37,,,nasdaq,
2024-04-18,SYSTOFUTBLYR-27,-0.90,,,,,210,,,nasdaq,
2024-04-18,SYSTOFUTBLYR-28,-0.75,,,,,37,,,nasdaq,
2024-04-19,SYSTOFUTBLYR-27,-0.90,,,,,210,,,nasdaq,
2024-04-19,SYSTOFUTBLYR-28,-0.75,,,,,37,,,nasdaq,
2024-04-22,SYSTOFUTBLYR-27,-0.85,-1.50,-0.75,,,210,,,nasdaq,
2024-04-22,SYSTOFUTBLYR-28,-0.75,,,,,37,,,nasdaq,
2024-04-23,SYSTOFUTBLYR-27,-0.85,,,,,211,,,nasdaq,
2024-04-23,SYSTOFUTBLYR-28,-0.75,,,,,37,,,nasdaq,
2024-04-24,SYSTOFUTBLYR-27,-1.15,-2.00,-0.65,,,211,,,nasdaq,
2024-04-24,SYSTOFUTBLYR-28,-0.75,,,,,37,,,nasdaq,
2024-04-25,SYSTOFUTBLYR-27,-1.15,,,,,211,,,nasdaq,
2024-04-25,SYSTOFUTBLYR-28,-0.75,,,,,37,,,nasdaq,
2024-04-26,SYSTOFUTBLYR-27,-1.15,,,,,211,,,nasdaq,
2024-04-26,SYSTOFUTBLYR-28,-0.75,,,,,37,,,nasdaq,
2024-04-29,SYSTOFUTBLYR-27,-1.15,,,,,211,,,nasdaq,
2024-04-29,SYSTOFUTBLYR-28,-0.75,,,,,37,,,nasdaq,
2024-04-30,SYSTOFUTBLYR-27,-1.15,,-0.90,,,211,,,nasdaq,
2024-04-30,SYSTOFUTBLYR-28,-0.75,,,,,37,,,nasdaq,
2024-05-02,SYSTOFUTBLYR-27,-1.15,,-1.05,,,211,,,nasdaq,
2024-05-02,SYSTOFUTBLYR-28,-0.75,,,,,37,,,nasdaq,
2024-05-03,SYSTOFUTBLYR-27,-1.15,,-1.05,,,211,,,nasdaq,
2024-05-03,SYSTOFUTBLYR-28,-0.75,,,,,37,,,nasdaq,
2024-05-06,SYSTOFUTBLYR-27,-1.15,,-0.90,,,214,,,nasdaq,
2024-05-06,SYSTOFUTBLYR-28,-0.75,,,,,46,,,nasdaq,
2024-05-07,SYSTOFUTBLYR-27,-1.15,,,,,214,,,nasdaq,
2024-05-07,SYSTOFUTBLYR-28,-0.75,,,,,46,,,nasdaq,
2024-05-08,SYSTOFUTBLYR-27,-1.15,,-1.00,,,214,,,nasdaq,
2024-05-08,SYSTOFUTBLYR-28,-0.75,,,,,46,,,nasdaq,
2024-05-10,SYSTOFUTBLYR-27,-1.15,,,,,214,,,nasdaq,
2024-05-10,SYSTOFUTBLYR-28,-0.75,,,,,46,,,nasdaq,
2024-05-13,SYSTOFUTBLYR-27,-1.20,,,,,214,,,nasdaq,
2024-05-13,SYSTOFUTBLYR-28,-0.75,,,,,46,,,nasdaq,
2024-05-14,SYSTOFUTBLYR-27,-1.20,,,,,214,,,nasdaq,
2024-05-14,SYSTOFUTBLYR-28,-0.75,,,,,46,,,nasdaq,
2024-05-15,SYSTOFUTBLYR-27,-1.40,,,,,214,,,nasdaq,
2024-05-15,SYSTOFUTBLYR-28,-0.75,,,,,46,,,nasdaq,
2024-05-16,SYSTOFUTBLYR-27,-1.45,,-1.20,,,214,,,nasdaq,
2024-05-16,SYSTOFUTBLYR-28,-0.75,,,,,46,,,nasdaq,
2024-05-21,SYSTOFUTBLYR-27,-1.45,-5.45,-1.25,,,214,,,nasdaq,
2024-05-21,SYSTOFUTBLYR-28,-0.75,,,,,46,,,nasdaq,
2024-05-22,SYSTOFUTBLYR-27,-1.45,,-1.00,,,214,,,nasdaq,
2024-05-22,SYSTOFUTBLYR-28,-0.75,,,,,46,,,nasdaq,
2024-05-23,SYSTOFUTBLYR-27,-1.60,,-1.25,,,214,,,nasdaq,
2024-05-23,SYSTOFUTBLYR-28,-0.75,,,,,46,,,nasdaq,
2024-05-24,SYSTOFUTBLYR-27,-1.60,,-1.25,,,201,,,nasdaq,
2024-05-24,SYSTOFUTBLYR-28,-0.75,,,,,51,,,nasdaq,
2024-05-27,SYSTOFUTBLYR-27,-1.60,,-1.25,,,201,,,nasdaq,
2024-05-27,SYSTOFUTBLYR-28,-0.75,,,,,51,,,nasdaq,
2024-05-28,SYSTOFUTBLYR-27,-1.60,,-1.25,,,201,,,nasdaq,
2024-05-28,SYSTOFUTBLYR-28,-0.75,,,,,51,,,nasdaq,
2024-05-29,SYSTOFUTBLYR-27,-1.60,,-1.25,,,201,,,nasdaq,
2024-05-29,SYSTOFUTBLYR-28,-0.75,,,,,51,,,nasdaq,
2024-05-30,SYSTOFUTBLYR-27,-1.60,,-1.35,,,201,,,nasdaq,
2024-05-30,SYSTOFUTBLYR-28,-0.75,,,,,51,,,nasdaq,
2024-05-31,SYSTOFUTBLYR-27,-1.85,,-1.35,,,201,,,nasdaq,
2024-05-31,SYSTOFUTBLYR-28,-0.75,,,,,51,,,nasdaq,
2024-06-03,SYSTOFUTBLYR-27,-1.93,,,,,202,,,nasdaq,
2024-06-03,SYSTOFUTBLYR-28,-0.80,,,,,51,,,nasdaq,
2024-06-04,SYSTOFUTBLYR-27,-3.00,,-2.50,,,202,,,nasdaq,
2024-06-04,SYSTOFUTBLYR-28,-0.80,,,,,51,,,nasdaq,
2024-06-05,SYSTOFUTBLYR-27,-3.75,-4.50,-3.00,,,205,,,nasdaq,
2024-06-05,SYSTOFUTBLYR-28,-0.80,,-0.25,,,51,,,nasdaq,
2024-06-06,SYSTOFUTBLYR-27,-4.08,-4.60,-3.55,,,205,,,nasdaq,
2024-06-06,SYSTOFUTBLYR-28,-0.80,,-0.35,,,51,,,nasdaq,
2024-06-07,SYSTOFUTBLYR-27,-3.50,-4.60,-2.00,,,205,,,nasdaq,
2024-06-07,SYSTOFUTBLYR-28,-1.10,,-1.00,,,51,,,nasdaq,
2024-06-10,SYSTOFUTBLYR-27,-3.50,,,,,212,,,nasdaq,
2024-06-10,SYSTOFUTBLYR-28,-1.10,,,,,56,,,nasdaq,
2024-06-11,SYSTOFUTBLYR-27,-3.50,,,,,212,,,nasdaq,
2024-06-11,SYSTOFUTBLYR-28,-0.85,,,,,56,,,nasdaq,
2024-06-12,SYSTOFUTBLYR-27,-3.40,,,,,212,,,nasdaq,
2024-06-12,SYSTOFUTBLYR-28,-0.85,,,,,56,,,nasdaq,
2024-06-13,SYSTOFUTBLYR-27,-3.40,,-3.30,,,213,,,nasdaq,
2024-06-13,SYSTOFUTBLYR-28,-0.85,,,,,56,,,nasdaq,
2024-06-14,SYSTOFUTBLYR-27,-3.35,,,,,221,,,nasdaq,
2024-06-14,SYSTOFUTBLYR-28,-0.85,,,,,56,,,nasdaq,
2024-06-17,SYSTOFUTBLYR-27,-3.50,-4.25,-3.15,,,224,,,nasdaq,
2024-06-17,SYSTOFUTBLYR-28,-0.85,-2.00,,,,56,,,nasdaq,
2024-06-18,SYSTOFUTBLYR-27,-3.60,-4.25,-3.50,,,228,,,nasdaq,
2024-06-18,SYSTOFUTBLYR-28,-0.85,,-1.00,,,56,,,nasdaq,
2024-06-19,SYSTOFUTBLYR-27,-3.50,-4.50,-3.30,,,228,,,nasdaq,
2024-06-19,SYSTOFUTBLYR-28,-1.10,-3.50,-1.00,,,56,,,nasdaq,
2024-06-20,SYSTOFUTBLYR-27,-3.45,-4.50,-3.00,,,238,,,nasdaq,
2024-06-20,SYSTOFUTBLYR-28,-1.10,-3.00,-1.00,,,56,,,nasdaq,
2024-06-21,SYSTOFUTBLYR-27,-3.45,-4.50,,,,218,,,nasdaq,
2024-06-21,SYSTOFUTBLYR-28,-1.50,-3.75,-1.45,,,56,,,nasdaq,
2024-06-24,SYSTOFUTBLYR-27,-3.45,-5.00,,,,218,,,nasdaq,
2024-06-24,SYSTOFUTBLYR-28,-1.00,-3.75,,,,56,,,nasdaq,
2024-06-25,SYSTOFUTBLYR-27,-3.45,-4.75,,,,218,,,nasdaq,
2024-06-25,SYSTOFUTBLYR-28,-1.00,-3.50,,,,56,,,nasdaq,
2024-06-26,SYSTOFUTBLYR-27,-3.55,-4.50,,,,218,,,nasdaq,
2024-06-26,SYSTOFUTBLYR-28,-1.25,-3.50,,,,56,,,nasdaq,
2024-06-27,SYSTOFUTBLYR-27,-3.35,-4.50,,,,218,,,nasdaq,
2024-06-27,SYSTOFUTBLYR-28,-1.25,-3.25,,,,56,,,nasdaq,
2024-06-28,SYSTOFUTBLYR-27,-3.35,-4.50,-3.00,,,226,,,nasdaq,
2024-06-28,SYSTOFUTBLYR-28,-1.25,-3.75,,,,56,,,nasdaq,
2024-07-01,SYSTOFUTBLYR-27,-3.35,,-3.15,,,226,,,nasdaq,
2024-07-01,SYSTOFUTBLYR-28,-1.00,,,,,56,,,nasdaq,
2024-07-02,SYSTOFUTBLYR-27,-3.25,,-3.00,,,226,,,nasdaq,
2024-07-02,SYSTOFUTBLYR-28,-1.00,,,,,56,,,nasdaq,
2024-07-03,SYSTOFUTBLYR-27,-3.25,,-3.05,,,229,,,nasdaq,
2024-07-03,SYSTOFUTBLYR-28,-1.00,,,,,56,,,nasdaq,
2024-07-04,SYSTOFUTBLYR-27,-3.25,,,,,229,,,nasdaq,
2024-07-04,SYSTOFUTBLYR-28,-1.00,,,,,56,,,nasdaq,
2024-07-05,SYSTOFUTBLYR-27,-3.25,,,,,229,,,nasdaq,
2024-07-05,SYSTOFUTBLYR-28,-1.00,,,,,56,,,nasdaq,
2024-07-08,SYSTOFUTBLYR-27,-3.25,,,,,229,,,nasdaq,
2024-07-08,SYSTOFUTBLYR-28,-1.00,,,,,56,,,nasdaq,
2024-07-09,SYSTOFUTBLYR-27,-3.25,,,,,229,,,nasdaq,
2024-07-09,SYSTOFUTBLYR-28,-1.00,,,,,56,,,nasdaq,
2024-07-10,SYSTOFUTBLYR-27,-3.25,,,,,229,,,nasdaq,
2024-07-10,SYSTOFUTBLYR-28,-1.00,,,,,56,,,nasdaq,
2024-07-11,SYSTOFUTBLYR-27,-3.15,,,,,229,,,nasdaq,
2024-07-11,SYSTOFUTBLYR-28,-1.00,,,,,56,,,nasdaq,
2024-07-12,SYSTOFUTBLYR-27,-3.15,,,,,232,,,nasdaq,
2024-07-12,SYSTOFUTBLYR-28,-1.00,,,,,56,,,nasdaq,
2024-07-15,SYSTOFUTBLYR-27,-3.15,,,,,232,,,nasdaq,
2024-07-15,SYSTOFUTBLYR-28,-1.00,,,,,56,,,nasdaq,
2024-07-16,SYSTOFUTBLYR-27,-3.15,,,,,232,,,nasdaq,
2024-07-16,SYSTOFUTBLYR-28,-1.00,,,,,56,,,nasdaq,
2024-07-17,SYSTOFUTBLYR-27,-3.15,-4.50,,,,232,,,nasdaq,
2024-07-17,SYSTOFUTBLYR-28,-1.00,,-0.75,,,56,,,nasdaq,
2024-07-18,SYSTOFUTBLYR-27,-3.15,-4.25,,,,232,,,nasdaq,
2024-07-18,SYSTOFUTBLYR-28,-1.00,,-0.75,,,56,,,nasdaq,
2024-07-19,SYSTOFUTBLYR-27,-3.15,-4.25,-2.00,,,232,,,nasdaq,
2024-07-19,SYSTOFUTBLYR-28,-1.00,-3.50,-0.75,,,56,,,nasdaq,
2024-07-22,SYSTOFUTBLYR-27,-3.15,,,,,232,,,nasdaq,
2024-07-22,SYSTOFUTBLYR-28,-1.00,,,,,56,,,nasdaq,
2024-07-23,SYSTOFUTBLYR-27,-3.15,-4.50,,,,232,,,nasdaq,
2024-07-23,SYSTOFUTBLYR-28,-1.00,,,,,56,,,nasdaq,
2024-07-24,SYSTOFUTBLYR-27,-3.00,-4.25,,,,232,,,nasdaq,
2024-07-24,SYSTOFUTBLYR-28,-1.00,,-0.85,,,56,,,nasdaq,
2024-07-25,SYSTOFUTBLYR-27,-3.00,-4.25,-2.75,,,233,,,nasdaq,
2024-07-25,SYSTOFUTBLYR-28,-1.00,-3.50,-0.85,,,56,,,nasdaq,
2024-07-26,SYSTOFUTBLYR-27,-3.00,-4.25,-2.00,,,233,,,nasdaq,
2024-07-26,SYSTOFUTBLYR-28,-1.00,-3.50,-0.85,,,56,,,nasdaq,
2024-07-29,SYSTOFUTBLYR-27,-3.00,,,,,233,,,nasdaq,
2024-07-29,SYSTOFUTBLYR-28,-1.00,,,,,56,,,nasdaq,
2024-07-30,SYSTOFUTBLYR-27,-3.00,-4.50,-2.75,,,233,,,nasdaq,
2024-07-30,SYSTOFUTBLYR-28,-1.00,-3.50,-0.85,,,56,,,nasdaq,
2024-07-31,SYSTOFUTBLYR-27,-3.00,-4.50,-2.50,,,233,,,nasdaq,
2024-07-31,SYSTOFUTBLYR-28,-1.00,-3.75,-0.85,,,56,,,nasdaq,
2024-08-01,SYSTOFUTBLYR-27,-3.00,,,,,233,,,nasdaq,
2024-08-01,SYSTOFUTBLYR-28,-1.00,,,,,56,,,nasdaq,
2024-08-02,SYSTOFUTBLYR-27,-3.00,-4.25,-1.75,,,235,,,nasdaq,
2024-08-02,SYSTOFUTBLYR-28,-1.00,-3.50,-0.85,,,56,,,nasdaq,
2024-08-05,SYSTOFUTBLYR-27,-3.00,-3.75,-2.75,,,237,,,nasdaq,
2024-08-05,SYSTOFUTBLYR-28,-1.00,-2.50,,,,56,,,nasdaq,
2024-08-06,SYSTOFUTBLYR-27,-3.00,,,,,237,,,nasdaq,
2024-08-06,SYSTOFUTBLYR-28,-1.00,,,,,56,,,nasdaq,
2024-08-07,SYSTOFUTBLYR-27,-3.00,-3.75,,,,239,,,nasdaq,
2024-08-07,SYSTOFUTBLYR-28,-1.63,-2.50,-0.75,,,56,,,nasdaq,
2024-08-08,SYSTOFUTBLYR-27,-3.00,,-2.50,,,241,,,nasdaq,
2024-08-08,SYSTOFUTBLYR-28,-1.50,,,,,56,,,nasdaq,
2024-08-09,SYSTOFUTBLYR-27,-3.00,,,,,243,,,nasdaq,
2024-08-09,SYSTOFUTBLYR-28,-1.50,,,,,56,,,nasdaq,
2024-08-12,SYSTOFUTBLYR-27,-3.00,,-2.75,,,243,,,nasdaq,
2024-08-12,SYSTOFUTBLYR-28,-1.50,,,,,57,,,nasdaq,
2024-08-13,SYSTOFUTBLYR-27,-3.00,,,,,243,,,nasdaq,
2024-08-13,SYSTOFUTBLYR-28,-1.50,,,,,57,,,nasdaq,
2024-08-14,SYSTOFUTBLYR-27,-3.00,,-2.75,,,243,,,nasdaq,
2024-08-14,SYSTOFUTBLYR-28,-1.50,,,,,59,,,nasdaq,
2024-08-15,SYSTOFUTBLYR-27,-2.95,,-2.85,,,243,,,nasdaq,
2024-08-15,SYSTOFUTBLYR-28,-1.50,,,,,59,,,nasdaq,
2024-08-16,SYSTOFUTBLYR-27,-2.90,,,,,243,,,nasdaq,
2024-08-16,SYSTOFUTBLYR-28,-1.50,,,,,59,,,nasdaq,
2024-08-19,SYSTOFUTBLYR-27,-2.90,,-2.65,,,218,,,nasdaq,
2024-08-19,SYSTOFUTBLYR-28,-1.50,,,,,59,,,nasdaq,
2024-08-20,SYSTOFUTBLYR-27,-2.90,,-2.50,,,218,,,nasdaq,
2024-08-20,SYSTOFUTBLYR-28,-1.35,,,,,59,,,nasdaq,
2024-08-21,SYSTOFUTBLYR-27,-2.95,,,,,218,,,nasdaq,
2024-08-21,SYSTOFUTBLYR-28,-1.35,,,,,60,,,nasdaq,
2024-08-22,SYSTOFUTBLYR-27,-2.95,,-2.70,,,223,,,nasdaq,
2024-08-22,SYSTOFUTBLYR-28,-1.35,,,,,60,,,nasdaq,
2024-08-23,SYSTOFUTBLYR-27,-2.95,,,,,223,,,nasdaq,
2024-08-23,SYSTOFUTBLYR-28,-1.35,,,,,60,,,nasdaq,
2024-08-26,SYSTOFUTBLYR-27,-3.05,,-2.85,,,225,,,nasdaq,
2024-08-26,SYSTOFUTBLYR-28,-1.35,,,,,60,,,nasdaq,
2024-08-27,SYSTOFUTBLYR-27,-3.05,,,,,225,,,nasdaq,
2024-08-27,SYSTOFUTBLYR-28,-1.35,,,,,60,,,nasdaq,
2024-08-28,SYSTOFUTBLYR-27,-3.18,-3.25,,,,224,,,nasdaq,
2024-08-28,SYSTOFUTBLYR-28,-1.35,,,,,59,,,nasdaq,
2024-08-29,SYSTOFUTBLYR-27,-3.15,-3.50,-2.80,,,224,,,nasdaq,
2024-08-29,SYSTOFUTBLYR-28,-1.25,,-1.00,,,59,,,nasdaq,
2024-08-30,SYSTOFUTBLYR-27,-3.05,-3.25,,,,224,,,nasdaq,
2024-08-30,SYSTOFUTBLYR-28,-1.25,,,,,60,,,nasdaq,
2024-09-02,SYSTOFUTBLYR-27,-3.05,,,,,230,,,nasdaq,
2024-09-02,SYSTOFUTBLYR-28,-1.25,,,,,60,,,nasdaq,
2024-09-03,SYSTOFUTBLYR-27,-3.00,,-2.70,,,230,,,nasdaq,
2024-09-03,SYSTOFUTBLYR-28,-1.25,,,,,60,,,nasdaq,
2024-09-04,SYSTOFUTBLYR-27,-2.85,,-2.50,,,234,,,nasdaq,
2024-09-04,SYSTOFUTBLYR-28,-1.25,,,,,62,,,nasdaq,
2024-09-05,SYSTOFUTBLYR-27,-2.80,,-2.60,,,236,,,nasdaq,
2024-09-05,SYSTOFUTBLYR-28,-1.25,,,,,62,,,nasdaq,
2024-09-06,SYSTOFUTBLYR-27,-2.60,,-2.40,,,238,,,nasdaq,
2024-09-06,SYSTOFUTBLYR-28,-1.25,,,,,62,,,nasdaq,
2024-09-09,SYSTOFUTBLYR-27,-2.60,,,,,258,,,nasdaq,
2024-09-09,SYSTOFUTBLYR-28,-1.25,,,,,62,,,nasdaq,
2024-09-10,SYSTOFUTBLYR-27,-2.60,,-2.45,,,258,,,nasdaq,
2024-09-10,SYSTOFUTBLYR-28,-1.20,,,,,63,,,nasdaq,
2024-09-11,SYSTOFUTBLYR-27,-2.60,,-2.50,,,258,,,nasdaq,
2024-09-11,SYSTOFUTBLYR-28,-1.20,,,,,66,,,nasdaq,
2024-09-12,SYSTOFUTBLYR-27,-2.60,,-2.00,,,259,,,nasdaq,
2024-09-12,SYSTOFUTBLYR-28,-1.20,,,,,66,,,nasdaq,
2024-09-13,SYSTOFUTBLYR-27,-2.40,-2.80,-2.20,,,259,,,nasdaq,
2024-09-13,SYSTOFUTBLYR-28,-1.20,,,,,66,,,nasdaq,
2024-09-16,SYSTOFUTBLYR-27,-2.30,,-2.00,,,270,,,nasdaq,
2024-09-16,SYSTOFUTBLYR-28,-1.20,,,,,66,,,nasdaq,
2024-09-17,SYSTOFUTBLYR-27,-2.30,-2.75,,,,280,,,nasdaq,
2024-09-17,SYSTOFUTBLYR-28,-1.20,,,,,66,,,nasdaq,
2024-09-18,SYSTOFUTBLYR-27,-2.30,-2.75,-1.50,,,280,,,nasdaq,
2024-09-18,SYSTOFUTBLYR-28,-1.10,,,,,66,,,nasdaq,
2024-09-19,SYSTOFUTBLYR-27,-2.20,-2.75,-1.85,,,280,,,nasdaq,
2024-09-19,SYSTOFUTBLYR-28,-1.10,,,,,67,,,nasdaq,
2024-09-20,SYSTOFUTBLYR-27,-2.20,,,,,281,,,nasdaq,
2024-09-20,SYSTOFUTBLYR-28,-1.10,,,,,67,,,nasdaq,
2024-09-23,SYSTOFUTBLYR-27,-2.15,-2.85,,,,290,,,nasdaq,
2024-09-23,SYSTOFUTBLYR-28,-1.25,,,,,67,,,nasdaq,
2024-09-24,SYSTOFUTBLYR-27,-2.75,-2.80,-1.70,,,290,,,nasdaq,
2024-09-24,SYSTOFUTBLYR-28,-1.25,,,,,67,,,nasdaq,
2024-09-25,SYSTOFUTBLYR-27,-2.45,,,,,290,,,nasdaq,
2024-09-25,SYSTOFUTBLYR-28,-1.20,,,,,67,,,nasdaq,
2024-09-26,SYSTOFUTBLYR-27,-2.35,,,,,290,,,nasdaq,
2024-09-26,SYSTOFUTBLYR-28,-1.20,,,,,69,,,nasdaq,
2024-09-27,SYSTOFUTBLYR-27,-2.35,-2.50,-2.00,,,298,,,nasdaq,
2024-09-27,SYSTOFUTBLYR-28,-1.20,,,,,69,,,nasdaq,
2024-09-30,SYSTOFUTBLYR-27,-2.35,-2.80,-2.00,,,298,,,nasdaq,
2024-09-30,SYSTOFUTBLYR-28,-1.20,,,,,69,,,nasdaq,
2024-10-01,SYSTOFUTBLYR-27,-2.30,,-2.05,,,298,,,nasdaq,
2024-10-01,SYSTOFUTBLYR-28,-1.15,,,,,69,,,nasdaq,
2024-10-02,SYSTOFUTBLYR-27,-2.30,-2.75,,,,312,,,nasdaq,
2024-10-02,SYSTOFUTBLYR-28,-1.15,-2.25,,,,69,,,nasdaq,
2024-10-03,SYSTOFUTBLYR-27,-2.30,-2.75,,,,314,,,nasdaq,
2024-10-03,SYSTOFUTBLYR-28,-1.15,-2.00,,,,69,,,nasdaq,
2024-10-04,SYSTOFUTBLYR-27,-2.30,-2.85,,,,314,,,nasdaq,
2024-10-04,SYSTOFUTBLYR-28,-1.15,-2.25,,,,69,,,nasdaq,
2024-10-07,SYSTOFUTBLYR-27,-2.30,,-2.00,,,314,,,nasdaq,
2024-10-07,SYSTOFUTBLYR-28,-1.15,,,,,69,,,nasdaq,
2024-10-08,SYSTOFUTBLYR-27,-2.15,-2.95,-2.00,,,314,,,nasdaq,
2024-10-08,SYSTOFUTBLYR-28,-1.15,-2.00,,,,69,,,nasdaq,
2024-10-09,SYSTOFUTBLYR-27,-2.10,-2.75,-1.85,,,316,,,nasdaq,
2024-10-09,SYSTOFUTBLYR-28,-1.05,-2.25,,,,69,,,nasdaq,
2024-10-10,SYSTOFUTBLYR-27,-2.05,,-1.90,,,317,,,nasdaq,
2024-10-10,SYSTOFUTBLYR-28,-1.15,,,,,72,,,nasdaq,
2024-10-11,SYSTOFUTBLYR-27,-2.05,,,,,318,,,nasdaq,
2024-10-11,SYSTOFUTBLYR-28,-1.10,,,,,72,,,nasdaq,
2024-10-14,SYSTOFUTBLYR-27,-2.05,,-1.95,,,318,,,nasdaq,
2024-10-14,SYSTOFUTBLYR-28,-1.10,,,,,72,,,nasdaq,
2024-10-15,SYSTOFUTBLYR-27,-2.05,-2.60,-1.70,,,318,,,nasdaq,
2024-10-15,SYSTOFUTBLYR-28,-1.10,,,,,72,,,nasdaq,
2024-10-16,SYSTOFUTBLYR-27,-2.05,,,,,318,,,nasdaq,
2024-10-16,SYSTOFUTBLYR-28,-1.00,,,,,72,,,nasdaq,
2024-10-17,SYSTOFUTBLYR-27,-2.05,,,,,318,,,nasdaq,
2024-10-17,SYSTOFUTBLYR-28,-1.00,,,,,74,,,nasdaq,
2024-10-18,SYSTOFUTBLYR-27,-2.00,,,,,318,,,nasdaq,
2024-10-18,SYSTOFUTBLYR-28,-1.08,,,,,74,,,nasdaq,
2024-10-21,SYSTOFUTBLYR-27,-2.00,,,,,318,,,nasdaq,
2024-10-21,SYSTOFUTBLYR-28,-1.05,,,,,74,,,nasdaq,
2024-10-22,SYSTOFUTBLYR-27,-1.90,-2.50,-1.50,,,318,,,nasdaq,
2024-10-22,SYSTOFUTBLYR-28,-1.00,,,,,74,,,nasdaq,
2024-10-23,SYSTOFUTBLYR-27,-1.90,,-1.65,,,320,,,nasdaq,
2024-10-23,SYSTOFUTBLYR-28,-1.00,,,,,77,,,nasdaq,
2024-10-24,SYSTOFUTBLYR-27,-1.90,,-1.20,,,320,,,nasdaq,
2024-10-24,SYSTOFUTBLYR-28,-1.00,,,,,77,,,nasdaq,
2024-10-25,SYSTOFUTBLYR-27,-1.90,,-1.60,,,320,,,nasdaq,
2024-10-25,SYSTOFUTBLYR-28,-1.00,,-0.50,,,77,,,nasdaq,
2024-10-28,SYSTOFUTBLYR-27,-1.90,,-1.00,,,320,,,nasdaq,
2024-10-28,SYSTOFUTBLYR-28,-1.00,,1.00,,,77,,,nasdaq,
2024-10-29,SYSTOFUTBLYR-27,-1.88,-2.25,-1.50,,,325,,,nasdaq,
2024-10-29,SYSTOFUTBLYR-28,-1.00,,,,,77,,,nasdaq,
2024-10-30,SYSTOFUTBLYR-27,-1.85,-2.10,-1.60,,,325,,,nasdaq,
2024-10-30,SYSTOFUTBLYR-28,-1.00,-1.50,1.20,,,77,,,nasdaq,
2024-10-31,SYSTOFUTBLYR-27,-1.85,-2.35,,,,341,,,nasdaq,
2024-10-31,SYSTOFUTBLYR-28,-1.00,-1.50,,,,87,,,nasdaq,
2024-11-01,SYSTOFUTBLYR-27,-1.70,-2.20,-1.25,,,341,,,nasdaq,
2024-11-01,SYSTOFUTBLYR-28,-1.00,,,,,87,,,nasdaq,
2024-11-04,SYSTOFUTBLYR-27,-1.60,,,,,347,,,nasdaq,
2024-11-04,SYSTOFUTBLYR-28,-1.00,-1.20,,,,87,,,nasdaq,
2024-11-05,SYSTOFUTBLYR-27,-1.50,,,,,357,,,nasdaq,
2024-11-05,SYSTOFUTBLYR-28,-1.00,,,,,87,,,nasdaq,
2024-11-06,SYSTOFUTBLYR-27,-1.50,,,,,358,,,nasdaq,
2024-11-06,SYSTOFUTBLYR-28,-0.90,-1.35,,,,87,,,nasdaq,
2024-11-07,SYSTOFUTBLYR-27,-1.50,,,,,358,,,nasdaq,
2024-11-07,SYSTOFUTBLYR-28,-0.90,,,,,88,,,nasdaq,
2024-11-08,SYSTOFUTBLYR-27,-1.40,-1.80,-1.00,,,358,,,nasdaq,
2024-11-08,SYSTOFUTBLYR-28,-0.80,,,,,88,,,nasdaq,
2024-11-11,SYSTOFUTBLYR-27,-1.30,,-1.10,,,358,,,nasdaq,
2024-11-11,SYSTOFUTBLYR-28,-0.80,,0.25,,,93,,,nasdaq,
2024-11-12,SYSTOFUTBLYR-27,-1.30,-2.10,-0.90,,,359,,,nasdaq,
2024-11-12,SYSTOFUTBLYR-28,-0.80,-1.10,,,,93,,,nasdaq,
2024-11-13,SYSTOFUTBLYR-27,-1.30,,-1.10,,,359,,,nasdaq,
2024-11-13,SYSTOFUTBLYR-28,-0.80,,,,,93,,,nasdaq,
2024-11-14,SYSTOFUTBLYR-27,-1.20,-1.80,-1.00,,,358,,,nasdaq,
2024-11-14,SYSTOFUTBLYR-28,-0.80,,,,,94,,,nasdaq,
2024-11-15,SYSTOFUTBLYR-27,-1.20,-1.90,-0.90,,,362,,,nasdaq,
2024-11-15,SYSTOFUTBLYR-28,-0.70,,-0.30,,,94,,,nasdaq,
2024-11-18,SYSTOFUTBLYR-27,-1.10,,-0.95,,,363,,,nasdaq,
2024-11-18,SYSTOFUTBLYR-28,-0.70,,,,,99,,,nasdaq,
2024-11-19,SYSTOFUTBLYR-27,-1.00,-1.45,-0.85,,,364,,,nasdaq,
2024-11-19,SYSTOFUTBLYR-28,-0.70,,,,,99,,,nasdaq,
2024-11-20,SYSTOFUTBLYR-27,-0.90,,,,,368,,,nasdaq,
2024-11-20,SYSTOFUTBLYR-28,-0.70,,,,,99,,,nasdaq,
2024-11-21,SYSTOFUTBLYR-27,-0.70,,-0.50,,,376,,,nasdaq,
2024-11-21,SYSTOFUTBLYR-28,-0.50,,,,,99,,,nasdaq,
2024-11-22,SYSTOFUTBLYR-27,-0.70,,-0.50,,,381,,,nasdaq,
2024-11-22,SYSTOFUTBLYR-28,-0.50,,,,,99,,,nasdaq,
2024-11-25,SYSTOFUTBLYR-27,-0.60,-0.70,-0.50,,,381,,,nasdaq,
2024-11-25,SYSTOFUTBLYR-28,-0.50,,,,,99,,,nasdaq,
2024-11-26,SYSTOFUTBLYR-27,-0.50,-1.00,-0.25,,,386,,,nasdaq,
2024-11-26,SYSTOFUTBLYR-28,-0.50,,,,,99,,,nasdaq,
2024-11-27,SYSTOFUTBLYR-27,-0.40,,,,,392,,,nasdaq,
2024-11-27,SYSTOFUTBLYR-28,-0.50,,,,,99,,,nasdaq,
2024-11-28,SYSTOFUTBLYR-27,-0.40,-0.50,0.50,,,396,,,nasdaq,
2024-11-28,SYSTOFUTBLYR-28,-0.50,,,,,99,,,nasdaq,
2024-11-29,SYSTOFUTBLYR-27,-0.15,-0.30,0.00,,,398,,,nasdaq,
2024-11-29,SYSTOFUTBLYR-28,-0.45,,,,,99,,,nasdaq,
2024-12-02,SYSTOFUTBLYR-27,-0.20,,,,,398,,,nasdaq,
2024-12-02,SYSTOFUTBLYR-28,-0.45,,,,,99,,,nasdaq,
2024-12-03,SYSTOFUTBLYR-27,-0.20,,0.25,,,398,,,nasdaq,
2024-12-03,SYSTOFUTBLYR-28,-0.45,,,,,99,,,nasdaq,
2024-12-04,SYSTOFUTBLYR-27,0.05,-0.10,0.20,,,398,,,nasdaq,
2024-12-04,SYSTOFUTBLYR-28,-0.45,,,,,99,,,nasdaq,
2024-12-05,SYSTOFUTBLYR-27,-0.25,-0.70,0.20,,,398,,,nasdaq,
2024-12-05,SYSTOFUTBLYR-28,-0.45,,,,,99,,,nasdaq,
2024-12-06,SYSTOFUTBLYR-27,0.00,-0.20,,,,398,,,nasdaq,
2024-12-06,SYSTOFUTBLYR-28,-0.45,,,,,99,,,nasdaq,
2024-12-09,SYSTOFUTBLYR-27,0.05,-0.30,0.50,,,403,,,nasdaq,
2024-12-09,SYSTOFUTBLYR-28,-0.45,,,,,99,,,nasdaq,
2024-12-10,SYSTOFUTBLYR-27,0.30,0.00,0.45,,,403,,,nasdaq,
2024-12-10,SYSTOFUTBLYR-28,-0.25,-0.30,,,,99,,,nasdaq,
2024-12-11,SYSTOFUTBLYR-27,0.35,-0.25,2.30,,,404,,,nasdaq,
2024-12-11,SYSTOFUTBLYR-28,0.10,-0.75,,,,99,,,nasdaq,
2024-12-12,SYSTOFUTBLYR-27,0.63,,,,,404,,,nasdaq,
2024-12-12,SYSTOFUTBLYR-28,0.10,,,,,99,,,nasdaq,
2024-12-13,SYSTOFUTBLYR-27,0.63,0.25,,,,404,,,nasdaq,
2024-12-13,SYSTOFUTBLYR-28,0.10,,,,,99,,,nasdaq,
2024-12-16,SYSTOFUTBLYR-27,1.65,0.50,,,,404,,,nasdaq,
2024-12-16,SYSTOFUTBLYR-28,0.10,,,,,99,,,nasdaq,
2024-12-17,SYSTOFUTBLYR-27,1.65,,,,,405,,,nasdaq,
2024-12-17,SYSTOFUTBLYR-28,0.10,,,,,99,,,nasdaq,
2024-12-18,SYSTOFUTBLYR-27,1.65,,,,,405,,,nasdaq,
2024-12-18,SYSTOFUTBLYR-28,0.10,,,,,99,,,nasdaq,
2024-12-19,SYSTOFUTBLYR-27,1.80,,,,,405,,,nasdaq,
2024-12-19,SYSTOFUTBLYR-28,0.20,,,,,99,,,nasdaq,
2024-12-20,SYSTOFUTBLYR-27,1.80,,,,,408,,,nasdaq,
2024-12-20,SYSTOFUTBLYR-28,0.20,,,,,102,,,nasdaq,
2024-12-23,SYSTOFUTBLYR-27,1.80,,,,,408,,,nasdaq,
2024-12-23,SYSTOFUTBLYR-28,0.20,,,,,102,,,nasdaq,
2024-12-27,SYSTOFUTBLYR-27,1.75,,,,,408,,,nasdaq,
2024-12-27,SYSTOFUTBLYR-28,0.20,,,,,102,,,nasdaq,
2024-12-30,SYSTOFUTBLYR-27,1.75,,,,,408,,,nasdaq,
2024-12-30,SYSTOFUTBLYR-28,0.20,,,,,102,,,nasdaq,
2025-01-02,SYSTOFUTBLYR-27,1.75,,,,,408,,,nasdaq,
2025-01-02,SYSTOFUTBLYR-28,0.20,,,,,102,,,nasdaq,
2025-01-02,SYSTOFUTBLYR-29,0.20,,,,,,,,nasdaq,
2025-01-03,SYSTOFUTBLYR-27,1.75,,,,,408,,,nasdaq,
2025-01-03,SYSTOFUTBLYR-28,0.20,,,,,102,,,nasdaq,
2025-01-03,SYSTOFUTBLYR-29,0.20,,,,,,,,nasdaq,
2025-01-06,SYSTOFUTBLYR-27,1.75,,,,,408,,,nasdaq,
2025-01-06,SYSTOFUTBLYR-28,0.20,,,,,102,,,nasdaq,
2025-01-06,SYSTOFUTBLYR-29,0.20,,,,,,,,nasdaq,
2025-01-07,SYSTOFUTBLYR-27,2.00,,2.50,,,408,,,nasdaq,
2025-01-07,SYSTOFUTBLYR-28,0.25,,1.50,,,102,,,nasdaq,
2025-01-07,SYSTOFUTBLYR-29,0.20,,,,,,,,nasdaq,
2025-01-08,SYSTOFUTBLYR-27,2.04,,2.50,,,408,,,nasdaq,
2025-01-08,SYSTOFUTBLYR-28,0.30,,,,,102,,,nasdaq,
2025-01-08,SYSTOFUTBLYR-29,0.20,,,,,,,,nasdaq,
2025-01-09,SYSTOFUTBLYR-27,2.15,,2.55,,,413,,,nasdaq,
2025-01-09,SYSTOFUTBLYR-28,0.30,,,,,104,,,nasdaq,
2025-01-09,SYSTOFUTBLYR-29,0.20,,,,,,,,nasdaq,
2025-01-10,SYSTOFUTBLYR-27,2.35,,2.60,,,413,,,nasdaq,
2025-01-10,SYSTOFUTBLYR-28,0.30,,,,,104,,,nasdaq,
2025-01-10,SYSTOFUTBLYR-29,0.20,,,,,,,,nasdaq,
2025-01-13,SYSTOFUTBLYR-27,2.35,,,,,414,,,nasdaq,
2025-01-13,SYSTOFUTBLYR-28,0.30,,,,,104,,,nasdaq,
2025-01-13,SYSTOFUTBLYR-29,0.20,,,,,,,,nasdaq,
2025-01-14,SYSTOFUTBLYR-27,2.40,,2.85,,,414,,,nasdaq,
2025-01-14,SYSTOFUTBLYR-28,0.60,,,,,104,,,nasdaq,
2025-01-14,SYSTOFUTBLYR-29,0.20,,,,,,,,nasdaq,
2025-01-15,SYSTOFUTBLYR-27,2.45,,3.00,,,414,,,nasdaq,
2025-01-15,SYSTOFUTBLYR-28,0.65,,,,,114,,,nasdaq,
2025-01-15,SYSTOFUTBLYR-29,0.55,,,,,,,,nasdaq,
2025-01-16,SYSTOFUTBLYR-27,2.50,1.70,2.75,,,416,,,nasdaq,
2025-01-16,SYSTOFUTBLYR-28,1.05,0.65,1.20,,,114,,,nasdaq,
2025-01-16,SYSTOFUTBLYR-29,0.75,,,,,10,,,nasdaq,
2025-01-17,SYSTOFUTBLYR-27,2.50,,,,,416,,,nasdaq,
2025-01-17,SYSTOFUTBLYR-28,1.05,,,,,125,,,nasdaq,
2025-01-17,SYSTOFUTBLYR-29,0.75,,,,,10,,,nasdaq,
2025-01-20,SYSTOFUTBLYR-27,2.50,,2.75,,,416,,,nasdaq,
2025-01-20,SYSTOFUTBLYR-28,1.10,,,,,125,,,nasdaq,
2025-01-20,SYSTOFUTBLYR-29,0.75,,,,,10,,,nasdaq,
2025-01-21,SYSTOFUTBLYR-27,2.50,1.00,2.70,,,416,,,nasdaq,
2025-01-21,SYSTOFUTBLYR-28,1.20,0.55,2.75,,,125,,,nasdaq,
2025-01-21,SYSTOFUTBLYR-29,0.85,0.75,2.85,,,10,,,nasdaq,
2025-01-22,SYSTOFUTBLYR-27,2.45,2.30,2.50,,,416,,,nasdaq,
2025-01-22,SYSTOFUTBLYR-28,1.00,0.50,1.50,,,134,,,nasdaq,
2025-01-22,SYSTOFUTBLYR-29,0.85,0.75,1.75,,,10,,,nasdaq,
2025-01-23,SYSTOFUTBLYR-27,2.45,,2.95,,,419,,,nasdaq,
2025-01-23,SYSTOFUTBLYR-28,1.35,1.00,1.50,,,134,,,nasdaq,
2025-01-23,SYSTOFUTBLYR-29,0.85,0.45,,,,10,,,nasdaq,
2025-01-24,SYSTOFUTBLYR-27,2.45,2.15,2.55,,,422,,,nasdaq,
2025-01-24,SYSTOFUTBLYR-28,1.35,0.10,2.25,,,137,,,nasdaq,
2025-01-24,SYSTOFUTBLYR-29,0.85,0.45,,,,10,,,nasdaq,
2025-01-27,SYSTOFUTBLYR-27,2.40,2.15,2.50,,,424,,,nasdaq,
2025-01-27,SYSTOFUTBLYR-28,1.30,0.65,1.45,,,137,,,nasdaq,
2025-01-27,SYSTOFUTBLYR-29,0.85,0.25,,,,10,,,nasdaq,
2025-01-28,SYSTOFUTBLYR-27,1.90,1.00,2.00,1.90,1.90,426,,,nasdaq,
2025-01-28,SYSTOFUTBLYR-28,1.30,0.50,2.65,,,144,,,nasdaq,
2025-01-28,SYSTOFUTBLYR-29,0.85,0.25,2.65,,,10,,,nasdaq,
2025-01-29,SYSTOFUTBLYR-27,1.90,,2.00,,,432,,,nasdaq,
2025-01-29,SYSTOFUTBLYR-28,1.20,0.55,,,,144,,,nasdaq,
2025-01-29,SYSTOFUTBLYR-29,0.85,0.35,,,,10,,,nasdaq,
2025-01-30,SYSTOFUTBLYR-27,1.40,,1.75,,,432,,,nasdaq,
2025-01-30,SYSTOFUTBLYR-28,0.70,,1.25,,,144,,,nasdaq,
2025-01-30,SYSTOFUTBLYR-29,0.85,,,,,10,,,nasdaq,
2025-01-31,SYSTOFUTBLYR-27,0.40,0.25,0.70,0.40,0.40,435,,,nasdaq,
2025-01-31,SYSTOFUTBLYR-28,0.60,,,,,152,,,nasdaq,
2025-01-31,SYSTOFUTBLYR-29,0.85,,,,,10,,,nasdaq,
2025-02-03,SYSTOFUTBLYR-27,-0.50,-0.50,-0.05,-0.50,-0.50,438,,,nasdaq,
2025-02-03,SYSTOFUTBLYR-28,0.45,,0.50,,,152,,,nasdaq,
2025-02-03,SYSTOFUTBLYR-29,0.85,,,,,10,,,nasdaq,
2025-02-04,SYSTOFUTBLYR-27,-0.50,-0.75,-0.50,-0.50,-0.50,441,,,nasdaq,
2025-02-04,SYSTOFUTBLYR-28,-0.20,,0.35,,,152,,,nasdaq,
2025-02-04,SYSTOFUTBLYR-29,0.50,,,,,10,,,nasdaq,
2025-02-05,SYSTOFUTBLYR-27,-0.65,-0.90,-0.60,,,444,,,nasdaq,
2025-02-05,SYSTOFUTBLYR-28,-0.50,-0.60,,,,157,,,nasdaq,
2025-02-05,SYSTOFUTBLYR-29,0.50,,,,,10,,,nasdaq,
2025-02-06,SYSTOFUTBLYR-27,-1.00,-1.25,-0.60,,,450,,,nasdaq,
2025-02-06,SYSTOFUTBLYR-28,-0.50,-1.00,,,,158,,,nasdaq,
2025-02-06,SYSTOFUTBLYR-29,0.50,,,,,10,,,nasdaq,
2025-02-07,SYSTOFUTBLYR-27,-1.00,,,,,450,,,nasdaq,
2025-02-07,SYSTOFUTBLYR-28,-0.50,,,,,163,,,nasdaq,
2025-02-07,SYSTOFUTBLYR-29,0.50,,,,,10,,,nasdaq,
2025-02-10,SYSTOFUTBLYR-27,-0.50,-0.95,0.00,,,450,,,nasdaq,
2025-02-10,SYSTOFUTBLYR-28,-0.50,,,,,163,,,nasdaq,
2025-02-10,SYSTOFUTBLYR-29,0.50,,,,,10,,,nasdaq,
2025-02-11,SYSTOFUTBLYR-27,0.00,-0.40,0.40,,,450,,,nasdaq,
2025-02-11,SYSTOFUTBLYR-28,0.20,-0.50,0.90,,,163,,,nasdaq,
2025-02-11,SYSTOFUTBLYR-29,0.25,-2.00,2.50,,,10,,,nasdaq,
2025-02-12,SYSTOFUTBLYR-27,0.13,-0.25,0.50,,,450,,,nasdaq,
2025-02-12,SYSTOFUTBLYR-28,0.30,,0.60,,,163,,,nasdaq,
2025-02-12,SYSTOFUTBLYR-29,0.25,,,,,10,,,nasdaq,
2025-02-13,SYSTOFUTBLYR-27,0.30,-1.00,0.55,0.25,0.25,450,,,nasdaq,
2025-02-13,SYSTOFUTBLYR-28,0.30,-1.00,0.65,,,165,,,nasdaq,
2025-02-13,SYSTOFUTBLYR-29,0.25,-1.00,3.25,,,10,,,nasdaq,
2025-02-14,SYSTOFUTBLYR-27,0.38,0.05,0.70,,,451,,,nasdaq,
2025-02-14,SYSTOFUTBLYR-28,0.38,0.05,0.70,,,165,,,nasdaq,
2025-02-14,SYSTOFUTBLYR-29,0.25,-0.50,,,,10,,,nasdaq,
2025-02-17,SYSTOFUTBLYR-27,0.30,-1.75,2.25,,,451,,,nasdaq,
2025-02-17,SYSTOFUTBLYR-28,0.38,-0.75,0.45,,,165,,,nasdaq,
2025-02-17,SYSTOFUTBLYR-29,0.25,-1.75,2.25,,,10,,,nasdaq,
2025-02-18,SYSTOFUTBLYR-27,0.20,,0.50,,,452,,,nasdaq,
2025-02-18,SYSTOFUTBLYR-28,0.30,,0.50,,,165,,,nasdaq,
2025-02-18,SYSTOFUTBLYR-29,0.25,,,,,10,,,nasdaq,
2025-02-19,SYSTOFUTBLYR-27,-0.25,,0.00,,,452,,,nasdaq,
2025-02-19,SYSTOFUTBLYR-28,0.30,-0.95,,,,167,,,nasdaq,
2025-02-19,SYSTOFUTBLYR-29,0.25,,,,,10,,,nasdaq,
2025-02-20,SYSTOFUTBLYR-27,-0.25,,0.45,,,458,,,nasdaq,
2025-02-20,SYSTOFUTBLYR-28,0.30,-0.50,0.75,,,167,,,nasdaq,
2025-02-20,SYSTOFUTBLYR-29,0.25,-0.50,,,,10,,,nasdaq,
2025-02-21,SYSTOFUTBLYR-27,-0.20,-0.70,,,,458,,,nasdaq,
2025-02-21,SYSTOFUTBLYR-28,-0.15,-0.50,0.20,,,167,,,nasdaq,
2025-02-21,SYSTOFUTBLYR-29,0.25,-0.50,,,,10,,,nasdaq,
2025-02-24,SYSTOFUTBLYR-27,-0.10,-0.45,,,,458,,,nasdaq,
2025-02-24,SYSTOFUTBLYR-28,-0.30,-0.45,-0.15,,,167,,,nasdaq,
2025-02-24,SYSTOFUTBLYR-29,0.25,-0.75,,,,10,,,nasdaq,
2025-02-25,SYSTOFUTBLYR-27,0.05,,,,,460,,,nasdaq,
2025-02-25,SYSTOFUTBLYR-28,-0.10,-0.35,0.75,,,167,,,nasdaq,
2025-02-25,SYSTOFUTBLYR-29,0.25,-0.75,,,,10,,,nasdaq,
2025-02-26,SYSTOFUTBLYR-27,-0.08,-0.25,0.10,,,461,,,nasdaq,
2025-02-26,SYSTOFUTBLYR-28,-0.20,-0.45,1.05,,,168,,,nasdaq,
2025-02-26,SYSTOFUTBLYR-29,0.25,0.01,2.25,,,10,,,nasdaq,
2025-02-27,SYSTOFUTBLYR-27,-0.08,,,,,461,,,nasdaq,
2025-02-27,SYSTOFUTBLYR-28,-0.05,-0.45,0.35,,,168,,,nasdaq,
2025-02-27,SYSTOFUTBLYR-29,0.25,,,,,10,,,nasdaq,
2025-02-28,SYSTOFUTBLYR-27,-0.05,-0.70,,,,461,,,nasdaq,
2025-02-28,SYSTOFUTBLYR-28,0.05,-0.30,0.40,,,168,,,nasdaq,
2025-02-28,SYSTOFUTBLYR-29,0.25,,,,,10,,,nasdaq,
2025-03-03,SYSTOFUTBLYR-27,0.03,-0.45,0.50,,,462,,,nasdaq,
2025-03-03,SYSTOFUTBLYR-28,-0.05,-0.50,0.75,,,168,,,nasdaq,
2025-03-03,SYSTOFUTBLYR-29,0.43,-0.40,1.25,,,10,,,nasdaq,
2025-03-04,SYSTOFUTBLYR-27,-0.03,-0.45,0.40,,,462,,,nasdaq,
2025-03-04,SYSTOFUTBLYR-28,-0.05,-0.75,0.75,,,169,,,nasdaq,
2025-03-04,SYSTOFUTBLYR-29,0.50,0.15,1.55,,,10,,,nasdaq,
2025-03-05,SYSTOFUTBLYR-27,-0.04,-0.40,0.75,,,462,,,nasdaq,
2025-03-05,SYSTOFUTBLYR-28,-0.08,-1.10,0.95,,,176,,,nasdaq,
2025-03-05,SYSTOFUTBLYR-29,0.28,-1.00,1.55,,,10,,,nasdaq,
2025-03-06,SYSTOFUTBLYR-27,0.10,-0.40,0.65,,,463,,,nasdaq,
2025-03-06,SYSTOFUTBLYR-28,-0.08,,0.75,,,176,,,nasdaq,
2025-03-06,SYSTOFUTBLYR-29,0.28,,,,,10,,,nasdaq,
2025-03-07,SYSTOFUTBLYR-27,0.10,-0.05,0.45,,,463,,,nasdaq,
2025-03-07,SYSTOFUTBLYR-28,-0.08,,,,,176,,,nasdaq,
2025-03-07,SYSTOFUTBLYR-29,0.28,,,,,10,,,nasdaq,
2025-03-10,SYSTOFUTBLYR-27,0.10,-0.40,0.55,,,476,,,nasdaq,
2025-03-10,SYSTOFUTBLYR-28,-0.05,-0.40,,,,176,,,nasdaq,
2025-03-10,SYSTOFUTBLYR-29,0.28,,,,,10,,,nasdaq,
2025-03-11,SYSTOFUTBLYR-27,0.25,-0.25,0.75,,,479,,,nasdaq,
2025-03-11,SYSTOFUTBLYR-28,0.00,-0.25,0.75,,,177,,,nasdaq,
2025-03-11,SYSTOFUTBLYR-29,0.45,,,,,10,,,nasdaq,
2025-03-12,SYSTOFUTBLYR-27,0.10,-0.15,,,,479,,,nasdaq,
2025-03-12,SYSTOFUTBLYR-28,0.00,,0.75,,,179,,,nasdaq,
2025-03-12,SYSTOFUTBLYR-29,0.45,,,,,12,,,nasdaq,
2025-03-13,SYSTOFUTBLYR-27,0.10,0.01,0.50,,,479,,,nasdaq,
2025-03-13,SYSTOFUTBLYR-28,0.00,-0.35,0.50,,,179,,,nasdaq,
2025-03-13,SYSTOFUTBLYR-29,0.35,-0.75,1.45,,,12,,,nasdaq,
2025-03-14,SYSTOFUTBLYR-27,0.10,-0.10,0.50,,,480,,,nasdaq,
2025-03-14,SYSTOFUTBLYR-28,0.03,-0.45,0.50,,,179,,,nasdaq,
2025-03-14,SYSTOFUTBLYR-29,0.33,-0.70,1.35,,,12,,,nasdaq,
2025-03-17,SYSTOFUTBLYR-27,0.15,0.15,0.50,,,481,,,nasdaq,
2025-03-17,SYSTOFUTBLYR-28,0.03,-0.25,,,,179,,,nasdaq,
2025-03-17,SYSTOFUTBLYR-29,0.33,,,,,12,,,nasdaq,
2025-03-18,SYSTOFUTBLYR-27,0.33,0.25,0.40,,,489,,,nasdaq,
2025-03-18,SYSTOFUTBLYR-28,0.00,-0.10,0.25,,,179,,,nasdaq,
2025-03-18,SYSTOFUTBLYR-29,0.33,-0.25,,,,12,,,nasdaq,
2025-03-19,SYSTOFUTBLYR-27,0.45,0.16,0.45,0.35,0.35,489,,,nasdaq,
2025-03-19,SYSTOFUTBLYR-28,0.18,-0.10,0.45,,,188,,,nasdaq,
2025-03-19,SYSTOFUTBLYR-29,0.33,,,,,12,,,nasdaq,
2025-03-20,SYSTOFUTBLYR-27,0.45,0.35,0.45,0.45,0.45,494,,,nasdaq,
2025-03-20,SYSTOFUTBLYR-28,0.18,-0.10,0.45,,,188,,,nasdaq,
2025-03-20,SYSTOFUTBLYR-29,0.33,,,,,12,,,nasdaq,
2025-03-21,SYSTOFUTBLYR-27,0.25,0.25,0.30,0.25,0.25,494,,,nasdaq,
2025-03-21,SYSTOFUTBLYR-28,0.18,0.05,,,,188,,,nasdaq,
2025-03-21,SYSTOFUTBLYR-29,0.33,,,,,12,,,nasdaq,
2025-03-24,SYSTOFUTBLYR-27,0.25,0.15,0.35,,,497,,,nasdaq,
2025-03-24,SYSTOFUTBLYR-28,0.08,-0.05,0.20,,,188,,,nasdaq,
2025-03-24,SYSTOFUTBLYR-29,0.33,,,,,12,,,nasdaq,
2025-03-25,SYSTOFUTBLYR-27,0.45,0.10,0.60,0.45,0.45,501,,,nasdaq,
2025-03-25,SYSTOFUTBLYR-28,0.15,-0.40,0.80,0.15,0.15,188,,,nasdaq,
2025-03-25,SYSTOFUTBLYR-29,0.43,-0.70,1.55,,,12,,,nasdaq,
2025-03-26,SYSTOFUTBLYR-27,0.75,0.30,0.80,0.75,0.75,512,,,nasdaq,
2025-03-26,SYSTOFUTBLYR-28,0.23,0.10,0.35,,,203,,,nasdaq,
2025-03-26,SYSTOFUTBLYR-29,0.45,-0.10,1.50,,,12,,,nasdaq,
2025-03-27,SYSTOFUTBLYR-27,0.80,0.65,0.85,0.80,0.80,519,,,nasdaq,
2025-03-27,SYSTOFUTBLYR-28,0.40,-0.10,0.40,,,203,,,nasdaq,
2025-03-27,SYSTOFUTBLYR-29,0.45,0.15,,,,12,,,nasdaq,
2025-03-28,SYSTOFUTBLYR-27,0.50,0.40,0.50,0.75,0.50,519,,,nasdaq,
2025-03-28,SYSTOFUTBLYR-28,0.40,0.10,0.40,0.40,0.40,207,,,nasdaq,
2025-03-28,SYSTOFUTBLYR-29,0.35,0.00,0.50,,,12,,,nasdaq,
2025-03-31,SYSTOFUTBLYR-27,0.53,0.35,0.70,,,524,,,nasdaq,
2025-03-31,SYSTOFUTBLYR-28,0.30,-0.10,0.70,,,209,,,nasdaq,
2025-03-31,SYSTOFUTBLYR-29,0.35,,,,,12,,,nasdaq,
2025-04-01,SYSTOFUTBLYR-27,0.70,0.35,0.70,0.70,0.60,524,,,nasdaq,
2025-04-01,SYSTOFUTBLYR-28,0.30,,0.50,,,209,,,nasdaq,
2025-04-01,SYSTOFUTBLYR-29,0.35,,,,,12,,,nasdaq,
2025-04-02,SYSTOFUTBLYR-27,0.60,0.40,0.75,,,527,,,nasdaq,
2025-04-02,SYSTOFUTBLYR-28,0.30,0.10,0.60,,,209,,,nasdaq,
2025-04-02,SYSTOFUTBLYR-29,0.40,0.25,0.50,,,12,,,nasdaq,
2025-04-03,SYSTOFUTBLYR-27,0.65,0.30,0.75,,,527,,,nasdaq,
2025-04-03,SYSTOFUTBLYR-28,0.30,,0.50,,,209,,,nasdaq,
2025-04-03,SYSTOFUTBLYR-29,0.40,0.25,,,,12,,,nasdaq,
2025-04-04,SYSTOFUTBLYR-27,0.55,0.35,0.75,,,537,,,nasdaq,
2025-04-04,SYSTOFUTBLYR-28,0.30,0.20,0.70,,,209,,,nasdaq,
2025-04-04,SYSTOFUTBLYR-29,0.40,0.25,,,,12,,,nasdaq,
2025-04-07,SYSTOFUTBLYR-27,0.75,0.55,0.75,0.75,0.70,537,,,nasdaq,
2025-04-07,SYSTOFUTBLYR-28,0.40,0.30,0.50,,,212,,,nasdaq,
2025-04-07,SYSTOFUTBLYR-29,0.43,0.35,0.50,,,12,,,nasdaq,
2025-04-08,SYSTOFUTBLYR-27,0.85,0.70,0.95,0.85,0.85,559,,,nasdaq,
2025-04-08,SYSTOFUTBLYR-28,0.60,0.45,1.00,0.60,0.60,212,,,nasdaq,
2025-04-08,SYSTOFUTBLYR-29,0.55,0.40,0.60,,,12,,,nasdaq,
2025-04-09,SYSTOFUTBLYR-27,1.25,1.20,1.30,1.20,0.95,577,,,nasdaq,
2025-04-09,SYSTOFUTBLYR-28,0.80,0.80,0.90,0.80,0.75,240,,,nasdaq,
2025-04-09,SYSTOFUTBLYR-29,0.75,0.40,0.75,0.75,0.75,17,,,nasdaq,
2025-04-10,SYSTOFUTBLYR-27,1.45,1.05,1.50,,,607,,,nasdaq,
2025-04-10,SYSTOFUTBLYR-28,0.75,0.65,0.85,,,250,,,nasdaq,
2025-04-10,SYSTOFUTBLYR-29,0.78,0.55,1.00,,,25,,,nasdaq,
2025-04-11,SYSTOFUTBLYR-27,1.35,1.16,1.40,,,609,,,nasdaq,
2025-04-11,SYSTOFUTBLYR-28,0.63,0.55,0.70,,,250,,,nasdaq,
2025-04-11,SYSTOFUTBLYR-29,0.63,0.55,0.70,,,25,,,nasdaq,
2025-04-14,SYSTOFUTBLYR-27,1.35,1.00,1.40,,,599,,,nasdaq,
2025-04-14,SYSTOFUTBLYR-28,0.65,,1.65,,,250,,,nasdaq,
2025-04-14,SYSTOFUTBLYR-29,0.63,,,,,25,,,nasdaq,
2025-04-15,SYSTOFUTBLYR-27,1.35,1.00,1.35,1.35,1.35,601,,,nasdaq,
2025-04-15,SYSTOFUTBLYR-28,0.70,0.00,0.80,,,252,,,nasdaq,
2025-04-15,SYSTOFUTBLYR-29,0.53,0.25,0.80,,,25,,,nasdaq,
2025-04-16,SYSTOFUTBLYR-27,1.35,0.91,1.35,,,608,,,nasdaq,
2025-04-16,SYSTOFUTBLYR-28,0.75,0.50,,,,252,,,nasdaq,
2025-04-16,SYSTOFUTBLYR-29,0.53,0.25,,,,25,,,nasdaq,
2025-04-22,SYSTOFUTBLYR-27,1.40,0.80,2.00,,,608,,,nasdaq,
2025-04-22,SYSTOFUTBLYR-28,0.55,0.35,0.75,,,254,,,nasdaq,
2025-04-22,SYSTOFUTBLYR-29,0.60,0.30,2.75,,,25,,,nasdaq,
2025-04-23,SYSTOFUTBLYR-27,1.35,1.20,1.35,,,604,,,nasdaq,
2025-04-23,SYSTOFUTBLYR-28,0.65,0.40,1.00,,,254,,,nasdaq,
2025-04-23,SYSTOFUTBLYR-29,0.60,0.25,,,,25,,,nasdaq,
2025-04-24,SYSTOFUTBLYR-27,1.35,0.80,1.50,,,604,,,nasdaq,
2025-04-24,SYSTOFUTBLYR-28,0.65,,1.50,,,255,,,nasdaq,
2025-04-24,SYSTOFUTBLYR-29,0.60,0.30,,,,25,,,nasdaq,
2025-04-25,SYSTOFUTBLYR-27,1.30,0.75,1.55,,,604,,,nasdaq,
2025-04-25,SYSTOFUTBLYR-28,0.65,0.45,1.50,,,255,,,nasdaq,
2025-04-25,SYSTOFUTBLYR-29,0.60,0.35,,,,25,,,nasdaq,
2025-04-28,SYSTOFUTBLYR-27,1.30,0.75,2.25,,,606,,,nasdaq,
2025-04-28,SYSTOFUTBLYR-28,0.65,0.45,,,,255,,,nasdaq,
2025-04-28,SYSTOFUTBLYR-29,0.60,0.25,,,,25,,,nasdaq,
2025-04-29,SYSTOFUTBLYR-27,1.20,0.86,1.75,,,607,,,nasdaq,
2025-04-29,SYSTOFUTBLYR-28,0.60,0.55,1.40,,,255,,,nasdaq,
2025-04-29,SYSTOFUTBLYR-29,0.60,0.40,1.55,,,25,,,nasdaq,
2025-04-30,SYSTOFUTBLYR-27,1.10,0.76,,,,607,,,nasdaq,
2025-04-30,SYSTOFUTBLYR-28,0.60,,,,,256,,,nasdaq,
2025-04-30,SYSTOFUTBLYR-29,0.60,,,,,25,,,nasdaq,
2025-05-02,SYSTOFUTBLYR-27,1.10,,,,,608,,,nasdaq,
2025-05-02,SYSTOFUTBLYR-28,0.60,0.50,,,,261,,,nasdaq,
2025-05-02,SYSTOFUTBLYR-29,0.60,0.40,,,,25,,,nasdaq,
2025-05-05,SYSTOFUTBLYR-27,1.05,0.80,1.10,1.00,1.00,608,,,nasdaq,
2025-05-05,SYSTOFUTBLYR-28,0.60,0.55,0.65,,,261,,,nasdaq,
2025-05-05,SYSTOFUTBLYR-29,0.60,0.50,,,,25,,,nasdaq,
2025-05-06,SYSTOFUTBLYR-27,1.08,0.75,1.35,,,609,,,nasdaq,
2025-05-06,SYSTOFUTBLYR-28,0.50,0.35,0.75,,,261,,,nasdaq,
2025-05-06,SYSTOFUTBLYR-29,0.60,0.25,,,,25,,,nasdaq,
2025-05-07,SYSTOFUTBLYR-27,1.03,0.85,1.20,,,613,,,nasdaq,
2025-05-07,SYSTOFUTBLYR-28,0.58,0.35,0.80,,,267,,,nasdaq,
2025-05-07,SYSTOFUTBLYR-29,0.60,0.20,,,,25,,,nasdaq,
2025-05-08,SYSTOFUTBLYR-27,1.10,0.85,1.40,,,613,,,nasdaq,
2025-05-08,SYSTOFUTBLYR-28,0.55,0.30,,,,267,,,nasdaq,
2025-05-08,SYSTOFUTBLYR-29,0.60,0.20,,,,25,,,nasdaq,
2025-05-09,SYSTOFUTBLYR-27,1.10,0.90,1.75,,,618,,,nasdaq,
2025-05-09,SYSTOFUTBLYR-28,0.60,,,,,273,,,nasdaq,
2025-05-09,SYSTOFUTBLYR-29,0.60,,,,,25,,,nasdaq,
2025-05-12,SYSTOFUTBLYR-27,1.10,0.85,1.50,,,619,,,nasdaq,
2025-05-12,SYSTOFUTBLYR-28,0.60,,0.85,,,286,,,nasdaq,
2025-05-12,SYSTOFUTBLYR-29,0.60,0.30,,,,25,,,nasdaq,
2025-05-13,SYSTOFUTBLYR-27,1.40,1.10,1.55,,,623,,,nasdaq,
2025-05-13,SYSTOFUTBLYR-28,0.70,0.60,0.85,,,286,,,nasdaq,
2025-05-13,SYSTOFUTBLYR-29,0.60,0.30,,,,25,,,nasdaq,
2025-05-14,SYSTOFUTBLYR-27,1.70,1.60,1.80,1.70,1.60,638,,,nasdaq,
2025-05-14,SYSTOFUTBLYR-28,0.70,0.65,0.85,,,291,,,nasdaq,
2025-05-14,SYSTOFUTBLYR-29,0.58,0.30,0.85,,,25,,,nasdaq,
2025-05-15,SYSTOFUTBLYR-27,1.85,1.50,1.95,,,655,,,nasdaq,
2025-05-15,SYSTOFUTBLYR-28,0.85,0.65,0.90,,,293,,,nasdaq,
2025-05-15,SYSTOFUTBLYR-29,0.58,,,,,25,,,nasdaq,
2025-05-16,SYSTOFUTBLYR-27,1.70,1.50,2.00,,,657,,,nasdaq,
2025-05-16,SYSTOFUTBLYR-28,0.70,0.50,0.90,,,297,,,nasdaq,
2025-05-16,SYSTOFUTBLYR-29,0.58,,,,,25,,,nasdaq,
2025-05-19,SYSTOFUTBLYR-27,1.70,,2.05,,,659,,,nasdaq,
2025-05-19,SYSTOFUTBLYR-28,0.50,,0.70,,,297,,,nasdaq,
2025-05-19,SYSTOFUTBLYR-29,0.58,0.15,,,,25,,,nasdaq,
2025-05-20,SYSTOFUTBLYR-27,1.52,1.44,1.60,,,659,,,nasdaq,
2025-05-20,SYSTOFUTBLYR-28,0.50,0.45,0.70,0.50,0.50,297,,,nasdaq,
2025-05-20,SYSTOFUTBLYR-29,0.63,,,,,25,,,nasdaq,
2025-05-21,SYSTOFUTBLYR-27,1.65,1.60,1.75,,,666,,,nasdaq,
2025-05-21,SYSTOFUTBLYR-28,0.68,0.45,0.90,,,301,,,nasdaq,
2025-05-21,SYSTOFUTBLYR-29,0.63,0.35,,,,25,,,nasdaq,
2025-05-22,SYSTOFUTBLYR-27,1.55,1.50,1.80,,,668,,,nasdaq,
2025-05-22,SYSTOFUTBLYR-28,0.68,0.50,,,,301,,,nasdaq,
2025-05-22,SYSTOFUTBLYR-29,0.63,0.45,,,,25,,,nasdaq,
2025-05-23,SYSTOFUTBLYR-27,1.45,1.40,1.45,1.55,1.45,676,,,nasdaq,
2025-05-23,SYSTOFUTBLYR-28,0.65,0.40,0.90,,,301,,,nasdaq,
2025-05-23,SYSTOFUTBLYR-29,0.63,0.45,,,,25,,,nasdaq,
2025-05-26,SYSTOFUTBLYR-27,1.50,1.40,1.70,1.50,1.50,705,,,nasdaq,
2025-05-26,SYSTOFUTBLYR-28,0.65,0.50,1.25,,,301,,,nasdaq,
2025-05-26,SYSTOFUTBLYR-29,0.63,0.25,,,,25,,,nasdaq,
2025-05-27,SYSTOFUTBLYR-27,1.60,1.50,1.60,,,706,,,nasdaq,
2025-05-27,SYSTOFUTBLYR-28,0.60,0.40,,,,301,,,nasdaq,
2025-05-27,SYSTOFUTBLYR-29,0.63,0.25,,,,25,,,nasdaq,
2025-05-28,SYSTOFUTBLYR-27,1.50,1.00,,1.50,1.50,708,,,nasdaq,
2025-05-28,SYSTOFUTBLYR-28,0.60,0.50,,,,302,,,nasdaq,
2025-05-28,SYSTOFUTBLYR-29,0.63,,,,,25,,,nasdaq,
2025-05-30,SYSTOFUTBLYR-27,1.63,1.25,,,,715,,,nasdaq,
2025-05-30,SYSTOFUTBLYR-28,0.68,0.35,,,,302,,,nasdaq,
2025-05-30,SYSTOFUTBLYR-29,0.63,,,,,25,,,nasdaq,
2025-06-02,SYSTOFUTBLYR-27,1.05,0.50,1.60,,,715,,,nasdaq,
2025-06-02,SYSTOFUTBLYR-28,0.70,,,,,302,,,nasdaq,
2025-06-02,SYSTOFUTBLYR-29,0.63,,,,,25,,,nasdaq,
2025-06-03,SYSTOFUTBLYR-27,1.35,1.30,1.50,1.35,1.35,715,,,nasdaq,
2025-06-03,SYSTOFUTBLYR-28,0.55,0.40,0.70,,,303,,,nasdaq,
2025-06-03,SYSTOFUTBLYR-29,0.63,,,,,25,,,nasdaq,
2025-06-04,SYSTOFUTBLYR-27,1.30,1.15,1.55,,,726,,,nasdaq,
2025-06-04,SYSTOFUTBLYR-28,0.50,,1.00,,,303,,,nasdaq,
2025-06-04,SYSTOFUTBLYR-29,0.63,,,,,25,,,nasdaq,
2025-06-05,SYSTOFUTBLYR-27,1.38,1.20,1.55,,,730,,,nasdaq,
2025-06-05,SYSTOFUTBLYR-28,0.63,0.40,0.85,,,310,,,nasdaq,
2025-06-05,SYSTOFUTBLYR-29,0.63,,,,,25,,,nasdaq,
2025-06-06,SYSTOFUTBLYR-27,1.28,1.20,1.35,,,730,,,nasdaq,
2025-06-06,SYSTOFUTBLYR-28,0.58,0.50,0.65,,,310,,,nasdaq,
2025-06-06,SYSTOFUTBLYR-29,0.63,,,,,25,,,nasdaq,
2025-06-10,SYSTOFUTBLYR-27,1.35,1.30,1.50,,,730,,,nasdaq,
2025-06-10,SYSTOFUTBLYR-28,0.55,0.45,0.70,,,310,,,nasdaq,
2025-06-10,SYSTOFUTBLYR-29,0.63,,,,,25,,,nasdaq,
2025-06-11,SYSTOFUTBLYR-27,1.40,1.35,1.50,1.40,1.40,730,,,nasdaq,
2025-06-11,SYSTOFUTBLYR-28,0.60,0.50,0.70,,,312,,,nasdaq,
2025-06-11,SYSTOFUTBLYR-29,0.68,,,,,25,,,nasdaq,
2025-06-12,SYSTOFUTBLYR-27,1.40,1.30,1.50,,,736,,,nasdaq,
2025-06-12,SYSTOFUTBLYR-28,0.60,0.55,0.70,,,313,,,nasdaq,
2025-06-12,SYSTOFUTBLYR-29,0.68,,,,,25,,,nasdaq,
2025-06-13,SYSTOFUTBLYR-27,1.30,1.15,1.30,1.50,1.30,738,,,nasdaq,
2025-06-13,SYSTOFUTBLYR-28,0.60,0.50,0.65,0.60,0.60,313,,,nasdaq,
2025-06-13,SYSTOFUTBLYR-29,0.68,0.35,,,,25,,,nasdaq,
2025-06-16,SYSTOFUTBLYR-27,1.35,1.00,1.35,,,776,,,nasdaq,
2025-06-16,SYSTOFUTBLYR-28,0.63,0.50,0.75,,,321,,,nasdaq,
2025-06-16,SYSTOFUTBLYR-29,0.68,0.35,,,,25,,,nasdaq,
2025-06-17,SYSTOFUTBLYR-27,1.28,1.18,1.35,1.28,1.28,777,,,nasdaq,
2025-06-17,SYSTOFUTBLYR-28,0.70,0.55,0.85,,,321,,,nasdaq,
2025-06-17,SYSTOFUTBLYR-29,0.68,,,,,25,,,nasdaq,
2025-06-18,SYSTOFUTBLYR-27,1.20,1.00,1.20,1.20,1.20,788,,,nasdaq,
2025-06-18,SYSTOFUTBLYR-28,0.70,0.60,0.75,,,323,,,nasdaq,
2025-06-18,SYSTOFUTBLYR-29,0.68,,,,,25,,,nasdaq,
2025-06-19,SYSTOFUTBLYR-27,1.00,0.80,1.00,1.00,1.00,793,,,nasdaq,
2025-06-19,SYSTOFUTBLYR-28,0.65,0.60,0.65,0.65,0.65,325,,,nasdaq,
2025-06-19,SYSTOFUTBLYR-29,0.68,,,,,25,,,nasdaq,
2025-06-20,SYSTOFUTBLYR-27,1.50,1.00,2.00,,,793,,,nasdaq,
2025-06-20,SYSTOFUTBLYR-28,0.65,,,,,327,,,nasdaq,
2025-06-20,SYSTOFUTBLYR-29,0.68,,,,,25,,,nasdaq,
2025-06-23,SYSTOFUTBLYR-27,1.28,1.05,1.50,,,793,,,nasdaq,
2025-06-23,SYSTOFUTBLYR-28,0.63,0.50,0.75,,,327,,,nasdaq,
2025-06-23,SYSTOFUTBLYR-29,0.68,,,,,25,,,nasdaq,
2025-06-24,SYSTOFUTBLYR-27,1.30,0.95,1.65,,,793,,,nasdaq,
2025-06-24,SYSTOFUTBLYR-28,0.63,0.50,0.75,,,327,,,nasdaq,
2025-06-24,SYSTOFUTBLYR-29,0.68,,,,,25,,,nasdaq,
2025-06-25,SYSTOFUTBLYR-27,1.20,1.10,1.30,,,793,,,nasdaq,
2025-06-25,SYSTOFUTBLYR-28,0.65,0.60,0.75,,,327,,,nasdaq,
2025-06-25,SYSTOFUTBLYR-29,0.68,-0.30,2.70,,,25,,,nasdaq,
2025-06-26,SYSTOFUTBLYR-27,1.50,1.25,1.75,,,793,,,nasdaq,
2025-06-26,SYSTOFUTBLYR-28,0.75,0.60,0.90,,,328,,,nasdaq,
2025-06-26,SYSTOFUTBLYR-29,0.68,,,,,25,,,nasdaq,
2025-06-27,SYSTOFUTBLYR-27,1.60,1.05,1.90,,,793,,,nasdaq,
2025-06-27,SYSTOFUTBLYR-28,0.75,0.70,0.80,,,328,,,nasdaq,
2025-06-27,SYSTOFUTBLYR-29,0.70,0.65,,,,25,,,nasdaq,
2025-06-30,SYSTOFUTBLYR-27,1.65,1.20,2.10,,,798,,,nasdaq,
2025-06-30,SYSTOFUTBLYR-28,0.80,0.65,0.95,,,328,,,nasdaq,
2025-06-30,SYSTOFUTBLYR-29,0.85,0.45,,,,25,,,nasdaq,
2025-07-01,SYSTOFUTBLQ2-26,2.13,1.00,3.25,,,,,,nasdaq,
2025-07-01,SYSTOFUTBLYR-27,1.75,1.55,1.95,,,798,,,nasdaq,
2025-07-01,SYSTOFUTBLYR-28,0.85,0.65,1.00,,,328,,,nasdaq,
2025-07-01,SYSTOFUTBLYR-29,1.00,0.25,1.85,,,26,,,nasdaq,
2025-07-02,SYSTOFUTBLQ2-26,3.50,3.20,3.75,3.50,3.50,,,,nasdaq,
2025-07-02,SYSTOFUTBLYR-27,2.00,2.00,2.30,2.00,2.00,802,,,nasdaq,
2025-07-02,SYSTOFUTBLYR-28,1.00,0.60,1.05,,,328,,,nasdaq,
2025-07-02,SYSTOFUTBLYR-29,1.00,0.30,,,,26,,,nasdaq,
2025-07-03,SYSTOFUTBLQ2-26,3.50,2.50,4.75,,,2,,,nasdaq,
2025-07-03,SYSTOFUTBLYR-27,2.05,2.00,2.50,,,807,,,nasdaq,
2025-07-03,SYSTOFUTBLYR-28,1.00,0.70,1.25,,,327,,,nasdaq,
2025-07-03,SYSTOFUTBLYR-29,1.00,0.25,,,,26,,,nasdaq,
2025-07-04,SYSTOFUTBLQ2-26,3.50,2.50,4.50,,,2,,,nasdaq,
2025-07-04,SYSTOFUTBLYR-27,2.15,2.00,2.35,,,807,,,nasdaq,
2025-07-04,SYSTOFUTBLYR-28,1.25,1.05,1.40,,,327,,,nasdaq,
2025-07-04,SYSTOFUTBLYR-29,1.00,,,,,26,,,nasdaq,
2025-07-07,SYSTOFUTBLQ2-26,3.50,2.00,,,,2,,,nasdaq,
2025-07-07,SYSTOFUTBLYR-27,2.25,2.00,2.50,,,810,,,nasdaq,
2025-07-07,SYSTOFUTBLYR-28,1.25,,1.65,,,328,,,nasdaq,
2025-07-07,SYSTOFUTBLYR-29,1.00,,,,,26,,,nasdaq,
2025-07-08,SYSTOFUTBLQ2-26,3.50,,,,,2,,,nasdaq,
2025-07-08,SYSTOFUTBLYR-27,2.38,2.00,2.75,,,810,,,nasdaq,
2025-07-08,SYSTOFUTBLYR-28,1.25,,,,,328,,,nasdaq,
2025-07-08,SYSTOFUTBLYR-29,1.00,,,,,26,,,nasdaq,
2025-07-09,SYSTOFUTBLQ2-26,3.50,2.00,,,,2,,,nasdaq,
2025-07-09,SYSTOFUTBLYR-27,2.40,,,,,810,,,nasdaq,
2025-07-09,SYSTOFUTBLYR-28,1.25,,,,,328,,,nasdaq,
2025-07-09,SYSTOFUTBLYR-29,1.00,,,,,26,,,nasdaq,
2025-07-10,SYSTOFUTBLQ2-26,3.50,3.00,4.25,,,70,,,nasdaq,
2025-07-10,SYSTOFUTBLYR-27,2.48,2.00,2.95,,,810,,,nasdaq,
2025-07-10,SYSTOFUTBLYR-28,1.25,,1.95,,,328,,,nasdaq,
2025-07-10,SYSTOFUTBLYR-29,1.00,0.55,,,,26,,,nasdaq,
2025-07-11,SYSTOFUTBLQ2-26,3.45,3.15,3.75,,,80,,,nasdaq,
2025-07-11,SYSTOFUTBLYR-27,2.48,2.10,2.85,,,810,,,nasdaq,
2025-07-11,SYSTOFUTBLYR-28,1.25,1.00,1.75,,,328,,,nasdaq,
2025-07-11,SYSTOFUTBLYR-29,1.00,0.80,,,,26,,,nasdaq,
2025-07-14,SYSTOFUTBLQ2-26,4.00,3.00,5.00,,,80,,,nasdaq,
2025-07-14,SYSTOFUTBLYR-27,2.48,2.25,,,,810,,,nasdaq,
2025-07-14,SYSTOFUTBLYR-28,1.25,,1.45,,,328,,,nasdaq,
2025-07-14,SYSTOFUTBLYR-29,1.00,0.35,,,,26,,,nasdaq,
2025-07-15,SYSTOFUTBLQ2-26,4.00,3.15,,,,80,,,nasdaq,
2025-07-15,SYSTOFUTBLYR-27,2.50,,2.60,,,810,,,nasdaq,
2025-07-15,SYSTOFUTBLYR-28,1.25,,1.50,,,328,,,nasdaq,
2025-07-15,SYSTOFUTBLYR-29,1.00,0.55,,,,26,,,nasdaq,
2025-07-16,SYSTOFUTBLQ2-26,3.40,3.25,3.55,,,80,,,nasdaq,
2025-07-16,SYSTOFUTBLYR-27,2.50,,2.75,,,805,,,nasdaq,
2025-07-16,SYSTOFUTBLYR-28,1.25,,1.45,,,328,,,nasdaq,
2025-07-16,SYSTOFUTBLYR-29,1.00,0.50,,,,26,,,nasdaq,
2025-07-17,SYSTOFUTBLQ2-26,3.33,3.00,3.65,,,80,,,nasdaq,
2025-07-17,SYSTOFUTBLYR-27,2.30,,2.40,,,805,,,nasdaq,
2025-07-17,SYSTOFUTBLYR-28,1.25,,2.00,,,328,,,nasdaq,
2025-07-17,SYSTOFUTBLYR-29,1.00,,,,,26,,,nasdaq,
2025-07-18,SYSTOFUTBLQ2-26,3.33,,,,,80,,,nasdaq,
2025-07-18,SYSTOFUTBLYR-27,2.08,1.90,2.25,,,805,,,nasdaq,
2025-07-18,SYSTOFUTBLYR-28,1.25,,2.00,,,328,,,nasdaq,
2025-07-18,SYSTOFUTBLYR-29,1.00,0.50,,,,26,,,nasdaq,
2025-07-21,SYSTOFUTBLQ2-26,3.33,2.10,,,,80,,,nasdaq,
2025-07-21,SYSTOFUTBLYR-27,2.08,,,,,805,,,nasdaq,
2025-07-21,SYSTOFUTBLYR-28,1.25,,,,,328,,,nasdaq,
2025-07-21,SYSTOFUTBLYR-29,1.00,,,,,26,,,nasdaq,
2025-07-22,SYSTOFUTBLQ2-26,3.33,,,,,80,,,nasdaq,
2025-07-22,SYSTOFUTBLYR-27,2.08,1.25,,,,805,,,nasdaq,
2025-07-22,SYSTOFUTBLYR-28,1.25,,,,,328,,,nasdaq,
2025-07-22,SYSTOFUTBLYR-29,1.00,,,,,26,,,nasdaq,
2025-07-23,SYSTOFUTBLQ2-26,3.30,2.50,3.50,3.50,3.50,80,,,nasdaq,
2025-07-23,SYSTOFUTBLYR-27,1.73,1.25,2.20,,,805,,,nasdaq,
2025-07-23,SYSTOFUTBLYR-28,1.25,,2.00,,,328,,,nasdaq,
2025-07-23,SYSTOFUTBLYR-29,1.00,,,,,26,,,nasdaq,
2025-07-24,SYSTOFUTBLQ2-26,3.30,2.50,,,,88,,,nasdaq,
2025-07-24,SYSTOFUTBLYR-27,1.73,1.50,4.00,,,805,,,nasdaq,
2025-07-24,SYSTOFUTBLYR-28,1.25,,2.00,,,328,,,nasdaq,
2025-07-24,SYSTOFUTBLYR-29,1.00,,,,,26,,,nasdaq,
2025-07-25,SYSTOFUTBLQ2-26,3.30,3.10,,,,93,,,nasdaq,
2025-07-25,SYSTOFUTBLYR-27,1.73,1.50,3.00,,,805,,,nasdaq,
2025-07-25,SYSTOFUTBLYR-28,1.25,,,,,328,,,nasdaq,
2025-07-25,SYSTOFUTBLYR-29,1.00,,,,,26,,,nasdaq,
2025-07-28,SYSTOFUTBLQ2-26,3.40,3.30,3.50,,,98,,,nasdaq,
2025-07-28,SYSTOFUTBLYR-27,1.73,1.25,,,,805,,,nasdaq,
2025-07-28,SYSTOFUTBLYR-28,1.25,,,,,328,,,nasdaq,
2025-07-28,SYSTOFUTBLYR-29,1.00,,,,,26,,,nasdaq,
2025-07-29,SYSTOFUTBLQ2-26,3.53,3.25,3.80,,,98,,,nasdaq,
2025-07-29,SYSTOFUTBLYR-27,1.73,1.55,,,,805,,,nasdaq,
2025-07-29,SYSTOFUTBLYR-28,1.25,0.85,,,,328,,,nasdaq,
2025-07-29,SYSTOFUTBLYR-29,1.00,0.65,,,,26,,,nasdaq,
2025-07-30,SYSTOFUTBLQ2-26,3.45,3.20,3.70,,,98,,,nasdaq,
2025-07-30,SYSTOFUTBLYR-27,1.75,1.50,2.00,,,805,,,nasdaq,
2025-07-30,SYSTOFUTBLYR-28,1.25,,,,,328,,,nasdaq,
2025-07-30,SYSTOFUTBLYR-29,1.00,,,,,26,,,nasdaq,
2025-07-31,SYSTOFUTBLQ2-26,3.45,,,,,98,,,nasdaq,
2025-07-31,SYSTOFUTBLYR-27,1.75,,,,,805,,,nasdaq,
2025-07-31,SYSTOFUTBLYR-28,1.30,,,,,328,,,nasdaq,
2025-07-31,SYSTOFUTBLYR-29,1.00,,,,,26,,,nasdaq,
2025-08-01,SYSTOFUTBLQ2-26,3.15,2.65,3.65,,,98,,,nasdaq,
2025-08-01,SYSTOFUTBLYR-27,1.63,,1.75,,,805,,,nasdaq,
2025-08-01,SYSTOFUTBLYR-28,1.15,,1.30,,,328,,,nasdaq,
2025-08-01,SYSTOFUTBLYR-29,1.00,,,,,26,,,nasdaq,
2025-08-04,SYSTOFUTBLQ2-26,3.25,3.00,,,,98,,,nasdaq,
2025-08-04,SYSTOFUTBLYR-27,1.65,,,,,805,,,nasdaq,
2025-08-04,SYSTOFUTBLYR-28,1.15,,,,,328,,,nasdaq,
2025-08-04,SYSTOFUTBLYR-29,1.00,,,,,26,,,nasdaq,
2025-08-05,SYSTOFUTBLQ2-26,3.25,3.25,,,,98,,,nasdaq,
2025-08-05,SYSTOFUTBLYR-27,1.65,1.15,,,,808,,,nasdaq,
2025-08-05,SYSTOFUTBLYR-28,1.15,1.00,,,,328,,,nasdaq,
2025-08-05,SYSTOFUTBLYR-29,1.00,,,,,26,,,nasdaq,
2025-08-06,SYSTOFUTBLQ2-26,3.50,3.25,,3.50,3.50,106,,,nasdaq,
2025-08-06,SYSTOFUTBLYR-27,1.60,1.05,,,,808,,,nasdaq,
2025-08-06,SYSTOFUTBLYR-28,1.15,,,,,328,,,nasdaq,
2025-08-06,SYSTOFUTBLYR-29,1.00,,,,,26,,,nasdaq,
2025-08-07,SYSTOFUTBLQ2-26,3.45,3.25,3.80,,,111,,,nasdaq,
2025-08-07,SYSTOFUTBLYR-27,1.50,1.15,1.90,1.50,1.50,808,,,nasdaq,
2025-08-07,SYSTOFUTBLYR-28,1.15,0.90,,,,328,,,nasdaq,
2025-08-07,SYSTOFUTBLYR-29,1.00,0.75,,,,26,,,nasdaq,
2025-08-08,SYSTOFUTBLQ2-26,3.35,3.00,3.70,,,115,,,nasdaq,
2025-08-08,SYSTOFUTBLYR-27,1.50,1.30,,,,810,,,nasdaq,
2025-08-08,SYSTOFUTBLYR-28,1.15,1.00,,,,328,,,nasdaq,
2025-08-08,SYSTOFUTBLYR-29,1.00,,,,,26,,,nasdaq,
2025-08-11,SYSTOFUTBLQ2-26,3.50,3.25,3.75,,,115,,,nasdaq,
2025-08-11,SYSTOFUTBLYR-27,1.50,1.25,2.75,,,810,,,nasdaq,
2025-08-11,SYSTOFUTBLYR-28,1.15,0.80,1.80,,,328,,,nasdaq,
2025-08-11,SYSTOFUTBLYR-29,1.00,,,,,26,,,nasdaq,
2025-08-12,SYSTOFUTBLQ2-26,3.50,3.00,,,,115,,,nasdaq,
2025-08-12,SYSTOFUTBLYR-27,1.44,1.37,1.80,,,815,,,nasdaq,
2025-08-12,SYSTOFUTBLYR-28,1.25,0.85,1.65,,,330,,,nasdaq,
2025-08-12,SYSTOFUTBLYR-29,0.98,0.55,1.40,,,26,,,nasdaq,
2025-08-13,SYSTOFUTBLQ2-26,3.50,3.00,4.10,,,115,,,nasdaq,
2025-08-13,SYSTOFUTBLYR-27,1.40,1.05,1.95,,,819,,,nasdaq,
2025-08-13,SYSTOFUTBLYR-28,1.25,,1.90,,,330,,,nasdaq,
2025-08-13,SYSTOFUTBLYR-29,0.98,,,,,26,,,nasdaq,
2025-08-14,SYSTOFUTBLQ2-26,3.50,3.25,3.75,,,134,,,nasdaq,
2025-08-14,SYSTOFUTBLYR-27,1.38,1.25,1.50,,,821,,,nasdaq,
2025-08-14,SYSTOFUTBLYR-28,1.25,,1.50,,,330,,,nasdaq,
2025-08-14,SYSTOFUTBLYR-29,0.98,0.60,,,,26,,,nasdaq,
2025-08-15,SYSTOFUTBLQ2-26,3.50,3.35,,,,134,,,nasdaq,
2025-08-15,SYSTOFUTBLYR-27,1.35,1.25,1.45,,,821,,,nasdaq,
2025-08-15,SYSTOFUTBLYR-28,1.25,0.55,1.75,,,333,,,nasdaq,
2025-08-15,SYSTOFUTBLYR-29,0.98,0.50,,,,26,,,nasdaq,
2025-08-18,SYSTOFUTBLQ2-26,3.63,,,,,134,,,nasdaq,
2025-08-18,SYSTOFUTBLYR-27,1.30,1.25,1.55,1.25,1.25,821,,,nasdaq,
2025-08-18,SYSTOFUTBLYR-28,1.25,,1.50,,,333,,,nasdaq,
2025-08-18,SYSTOFUTBLYR-29,1.10,0.55,,,,26,,,nasdaq,
2025-08-19,SYSTOFUTBLQ2-26,3.63,,,,,134,,,nasdaq,
2025-08-19,SYSTOFUTBLYR-27,1.20,1.15,1.25,,,816,,,nasdaq,
2025-08-19,SYSTOFUTBLYR-28,1.13,0.90,1.35,,,333,,,nasdaq,
2025-08-19,SYSTOFUTBLYR-29,1.10,0.60,,,,26,,,nasdaq,
2025-08-20,SYSTOFUTBLQ2-26,3.75,3.50,4.00,,,134,,,nasdaq,
2025-08-20,SYSTOFUTBLYR-27,1.20,1.00,1.50,,,816,,,nasdaq,
2025-08-20,SYSTOFUTBLYR-28,1.20,0.80,,,,333,,,nasdaq,
2025-08-20,SYSTOFUTBLYR-29,1.10,0.50,,,,26,,,nasdaq,
2025-08-21,SYSTOFUTBLQ2-26,3.75,,4.50,,,134,,,nasdaq,
2025-08-21,SYSTOFUTBLYR-27,1.20,1.00,2.75,,,816,,,nasdaq,
2025-08-21,SYSTOFUTBLYR-28,1.15,0.90,1.20,,,335,,,nasdaq,
2025-08-21,SYSTOFUTBLYR-29,1.10,0.60,,,,26,,,nasdaq,
2025-08-22,SYSTOFUTBLQ2-26,3.65,3.40,3.90,,,134,,,nasdaq,
2025-08-22,SYSTOFUTBLYR-27,1.20,1.10,1.30,,,816,,,nasdaq,
2025-08-22,SYSTOFUTBLYR-28,1.15,0.80,1.50,,,335,,,nasdaq,
2025-08-22,SYSTOFUTBLYR-29,1.10,,,,,26,,,nasdaq,
2025-08-25,SYSTOFUTBLQ2-26,3.60,3.20,4.00,,,134,,,nasdaq,
2025-08-25,SYSTOFUTBLYR-27,1.20,1.10,1.50,,,821,,,nasdaq,
2025-08-25,SYSTOFUTBLYR-28,1.25,1.00,1.50,,,335,,,nasdaq,
2025-08-25,SYSTOFUTBLYR-29,1.10,0.35,,,,26,,,nasdaq,
2025-08-26,SYSTOFUTBLQ2-26,3.75,3.75,3.90,3.75,3.75,134,,,nasdaq,
2025-08-26,SYSTOFUTBLYR-27,1.20,,1.50,,,821,,,nasdaq,
2025-08-26,SYSTOFUTBLYR-28,1.20,,1.50,,,335,,,nasdaq,
2025-08-26,SYSTOFUTBLYR-29,1.10,,,,,26,,,nasdaq,
2025-08-27,SYSTOFUTBLQ2-26,3.85,,3.95,,,135,,,nasdaq,
2025-08-27,SYSTOFUTBLYR-27,1.30,1.10,1.50,,,823,,,nasdaq,
2025-08-27,SYSTOFUTBLYR-28,1.25,,,,,339,,,nasdaq,
2025-08-27,SYSTOFUTBLYR-29,1.10,0.75,,,,26,,,nasdaq,
2025-08-28,SYSTOFUTBLQ2-26,4.00,4.00,4.10,4.00,4.00,135,,,nasdaq,
2025-08-28,SYSTOFUTBLYR-27,1.25,1.15,1.50,,,823,,,nasdaq,
2025-08-28,SYSTOFUTBLYR-28,1.25,,1.50,,,341,,,nasdaq,
2025-08-28,SYSTOFUTBLYR-29,1.10,0.70,,,,26,,,nasdaq,
2025-08-29,SYSTOFUTBLQ2-26,4.03,3.80,4.25,,,132,,,nasdaq,
2025-08-29,SYSTOFUTBLYR-27,1.20,1.15,1.75,,,813,,,nasdaq,
2025-08-29,SYSTOFUTBLYR-28,1.30,0.85,1.75,,,341,,,nasdaq,
2025-08-29,SYSTOFUTBLYR-29,1.15,0.80,,,,26,,,nasdaq,
2025-09-01,SYSTOFUTBLQ2-26,4.00,3.50,,,,132,,,nasdaq,
2025-09-01,SYSTOFUTBLYR-27,1.20,1.05,3.25,,,813,,,nasdaq,
2025-09-01,SYSTOFUTBLYR-28,1.30,1.00,,,,343,,,nasdaq,
2025-09-01,SYSTOFUTBLYR-29,1.30,0.85,,,,26,,,nasdaq,
2025-09-02,SYSTOFUTBLQ2-26,4.00,3.00,4.50,,,132,,,nasdaq,
2025-09-02,SYSTOFUTBLYR-27,1.10,1.05,1.20,1.10,1.10,813,,,nasdaq,
2025-09-02,SYSTOFUTBLYR-28,1.18,1.00,1.35,,,343,,,nasdaq,
2025-09-02,SYSTOFUTBLYR-29,1.25,0.85,,,,26,,,nasdaq,
2025-09-03,SYSTOFUTBLQ2-26,4.25,,4.50,,,134,,,nasdaq,
2025-09-03,SYSTOFUTBLYR-27,1.15,1.10,1.40,,,817,,,nasdaq,
2025-09-03,SYSTOFUTBLYR-28,1.18,1.00,1.35,,,343,,,nasdaq,
2025-09-03,SYSTOFUTBLYR-29,1.25,0.85,,,,26,,,nasdaq,
2025-09-04,SYSTOFUTBLQ2-26,4.00,3.75,4.50,,,134,,,nasdaq,
2025-09-04,SYSTOFUTBLYR-27,1.20,1.15,1.50,,,820,,,nasdaq,
2025-09-04,SYSTOFUTBLYR-28,1.15,1.00,,,,343,,,nasdaq,
2025-09-04,SYSTOFUTBLYR-29,1.30,0.75,,,,26,,,nasdaq,
2025-09-05,SYSTOFUTBLQ2-26,4.10,4.00,,,,134,,,nasdaq,
2025-09-05,SYSTOFUTBLYR-27,1.20,1.00,1.50,,,820,,,nasdaq,
2025-09-05,SYSTOFUTBLYR-28,1.25,1.00,1.50,,,343,,,nasdaq,
2025-09-05,SYSTOFUTBLYR-29,1.30,0.85,,,,26,,,nasdaq,
2025-09-08,SYSTOFUTBLQ2-26,4.50,4.00,5.00,,,134,,,nasdaq,
2025-09-08,SYSTOFUTBLYR-27,1.20,1.10,,,,820,,,nasdaq,
2025-09-08,SYSTOFUTBLYR-28,1.20,1.00,,,,343,,,nasdaq,
2025-09-08,SYSTOFUTBLYR-29,1.30,0.85,,,,26,,,nasdaq,
2025-09-09,SYSTOFUTBLQ2-26,4.20,4.20,4.88,4.20,4.20,134,,,nasdaq,
2025-09-09,SYSTOFUTBLYR-27,1.17,1.08,1.40,,,820,,,nasdaq,
2025-09-09,SYSTOFUTBLYR-28,1.11,1.02,1.20,,,344,,,nasdaq,
2025-09-09,SYSTOFUTBLYR-29,1.25,0.85,,,,26,,,nasdaq,
2025-09-10,SYSTOFUTBLQ2-26,4.45,4.20,4.70,,,131,,,nasdaq,
2025-09-10,SYSTOFUTBLYR-27,1.20,1.07,1.25,,,825,,,nasdaq,
2025-09-10,SYSTOFUTBLYR-28,1.15,0.90,1.25,,,344,,,nasdaq,
2025-09-10,SYSTOFUTBLYR-29,1.25,0.85,,,,26,,,nasdaq,
2025-09-11,SYSTOFUTBLQ2-26,4.00,3.00,5.00,,,131,,,nasdaq,
2025-09-11,SYSTOFUTBLYR-27,1.28,1.15,1.40,,,830,,,nasdaq,
2025-09-11,SYSTOFUTBLYR-28,1.20,1.00,1.50,,,351,,,nasdaq,
2025-09-11,SYSTOFUTBLYR-29,1.25,0.85,,,,26,,,nasdaq,
2025-09-12,SYSTOFUTBLQ2-26,4.00,,,,,131,,,nasdaq,
2025-09-12,SYSTOFUTBLYR-27,1.25,1.05,1.40,,,830,,,nasdaq,
2025-09-12,SYSTOFUTBLYR-28,1.20,0.90,,,,351,,,nasdaq,
2025-09-12,SYSTOFUTBLYR-29,1.25,0.80,,,,26,,,nasdaq,
2025-09-15,SYSTOFUTBLQ2-26,4.00,,,,,131,,,nasdaq,
2025-09-15,SYSTOFUTBLYR-27,1.25,1.20,1.30,,,835,,,nasdaq,
2025-09-15,SYSTOFUTBLYR-28,1.20,0.90,1.50,,,351,,,nasdaq,
2025-09-15,SYSTOFUTBLYR-29,1.25,0.85,,,,26,,,nasdaq,
2025-09-16,SYSTOFUTBLQ2-26,4.50,,5.00,4.50,4.50,131,,,nasdaq,
2025-09-16,SYSTOFUTBLYR-27,1.25,1.20,1.50,,,835,,,nasdaq,
2025-09-16,SYSTOFUTBLYR-28,1.20,1.10,,,,351,,,nasdaq,
2025-09-16,SYSTOFUTBLYR-29,1.25,0.85,,,,26,,,nasdaq,
2025-09-17,SYSTOFUTBLQ2-26,5.00,5.00,5.50,5.00,5.00,131,,,nasdaq,
2025-09-17,SYSTOFUTBLYR-27,1.25,1.15,,,,837,,,nasdaq,
2025-09-17,SYSTOFUTBLYR-28,1.20,1.00,1.60,,,352,,,nasdaq,
2025-09-17,SYSTOFUTBLYR-29,1.25,0.85,,,,26,,,nasdaq,
2025-09-18,SYSTOFUTBLQ2-26,5.00,4.00,,,,133,,,nasdaq,
2025-09-18,SYSTOFUTBLYR-27,1.40,1.40,1.45,1.40,1.35,837,,,nasdaq,
2025-09-18,SYSTOFUTBLYR-28,1.25,1.10,1.30,,,354,,,nasdaq,
2025-09-18,SYSTOFUTBLYR-29,1.25,,,,,26,,,nasdaq,
2025-09-19,SYSTOFUTBLQ2-26,5.00,4.60,5.00,,,133,,,nasdaq,
2025-09-19,SYSTOFUTBLYR-27,1.40,1.45,1.50,1.45,1.35,887,,,nasdaq,
2025-09-19,SYSTOFUTBLYR-28,1.20,1.20,1.25,,,356,,,nasdaq,
2025-09-19,SYSTOFUTBLYR-29,1.25,0.80,,,,26,,,nasdaq,
2025-09-22,SYSTOFUTBLQ2-26,5.00,,,,,135,,,nasdaq,
2025-09-22,SYSTOFUTBLYR-27,1.45,1.30,1.50,,,947,,,nasdaq,
2025-09-22,SYSTOFUTBLYR-28,1.20,1.05,1.30,,,357,,,nasdaq,
2025-09-22,SYSTOFUTBLYR-29,1.40,0.80,,,,26,,,nasdaq,
2025-09-23,SYSTOFUTBLQ2-26,5.00,,,,,145,,,nasdaq,
2025-09-23,SYSTOFUTBLYR-27,1.50,1.45,1.55,,,949,,,nasdaq,
2025-09-23,SYSTOFUTBLYR-28,1.20,1.10,1.35,,,359,,,nasdaq,
2025-09-23,SYSTOFUTBLYR-29,1.40,0.90,,,,26,,,nasdaq,
2025-09-24,SYSTOFUTBLQ2-26,5.00,4.75,6.00,,,145,,,nasdaq,
2025-09-24,SYSTOFUTBLYR-27,1.50,1.30,1.55,1.50,1.50,958,,,nasdaq,
2025-09-24,SYSTOFUTBLYR-28,1.33,1.15,1.50,,,366,,,nasdaq,
2025-09-24,SYSTOFUTBLYR-29,1.40,0.95,,,,26,,,nasdaq,
2025-09-25,SYSTOFUTBLQ2-26,4.95,4.00,6.00,,,175,,,nasdaq,
2025-09-25,SYSTOFUTBLYR-27,1.38,1.30,1.45,,,964,,,nasdaq,
2025-09-25,SYSTOFUTBLYR-28,1.27,1.20,1.35,,,366,,,nasdaq,
2025-09-25,SYSTOFUTBLYR-29,1.40,0.95,,,,26,,,nasdaq,
2025-09-26,SYSTOFUTBLQ2-26,4.95,,,,,175,,,nasdaq,
2025-09-26,SYSTOFUTBLYR-27,1.25,1.20,1.30,1.30,1.25,964,,,nasdaq,
2025-09-26,SYSTOFUTBLYR-28,1.28,1.20,1.35,,,366,,,nasdaq,
2025-09-26,SYSTOFUTBLYR-29,1.40,0.95,,,,26,,,nasdaq,
2025-09-29,SYSTOFUTBLQ2-26,4.95,,,,,175,,,nasdaq,
2025-09-29,SYSTOFUTBLYR-27,1.35,1.35,1.40,1.35,1.35,971,,,nasdaq,
2025-09-29,SYSTOFUTBLYR-28,1.25,1.20,1.30,,,366,,,nasdaq,
2025-09-29,SYSTOFUTBLYR-29,1.40,1.25,,,,26,,,nasdaq,
2025-09-30,SYSTOFUTBLQ2-26,4.60,4.00,6.00,,,175,,,nasdaq,
2025-09-30,SYSTOFUTBLYR-27,1.40,1.30,1.50,1.40,1.40,966,,,nasdaq,
2025-09-30,SYSTOFUTBLYR-28,1.25,1.20,1.30,,,366,,,nasdaq,
2025-09-30,SYSTOFUTBLYR-29,1.40,,,,,26,,,nasdaq,
2025-10-01,SYSTOFUTBLQ2-26,4.40,4.20,4.60,,,175,,,nasdaq,
2025-10-01,SYSTOFUTBLQ3-26,0.50,0.25,1.50,2.00,1.50,,,,nasdaq,
2025-10-01,SYSTOFUTBLYR-27,1.60,1.40,1.70,1.55,1.55,969,,,nasdaq,
2025-10-01,SYSTOFUTBLYR-28,1.30,1.20,1.45,,,369,,,nasdaq,
2025-10-01,SYSTOFUTBLYR-29,1.60,1.00,,,,26,,,nasdaq,
2025-10-02,SYSTOFUTBLQ2-26,4.30,4.10,4.30,,,175,,,nasdaq,
2025-10-02,SYSTOFUTBLQ3-26,1.10,0.75,3.00,,,45,,,nasdaq,
2025-10-02,SYSTOFUTBLYR-27,1.70,1.50,1.80,1.70,1.70,973,,,nasdaq,
2025-10-02,SYSTOFUTBLYR-28,1.40,1.20,1.40,,,373,,,nasdaq,
2025-10-02,SYSTOFUTBLYR-29,1.60,,,,,27,,,nasdaq,
2025-10-03,SYSTOFUTBLQ2-26,4.20,4.00,5.00,,,187,,,nasdaq,
2025-10-03,SYSTOFUTBLQ3-26,1.10,0.80,3.00,,,70,,,nasdaq,
2025-10-03,SYSTOFUTBLYR-27,1.50,1.45,1.55,1.75,1.50,978,,,nasdaq,
2025-10-03,SYSTOFUTBLYR-28,1.30,1.20,1.35,1.35,1.30,380,,,nasdaq,
2025-10-03,SYSTOFUTBLYR-29,1.60,1.30,,,,27,,,nasdaq,
2025-10-06,SYSTOFUTBLQ2-26,4.10,3.85,4.35,,,186,,,nasdaq,
2025-10-06,SYSTOFUTBLQ3-26,0.93,0.85,1.00,,,73,,,nasdaq,
2025-10-06,SYSTOFUTBLYR-27,1.48,1.30,1.65,,,1022,,,nasdaq,
2025-10-06,SYSTOFUTBLYR-28,1.25,1.10,1.40,,,384,,,nasdaq,
2025-10-06,SYSTOFUTBLYR-29,1.60,,,,,27,,,nasdaq,
2025-10-07,SYSTOFUTBLQ2-26,4.02,,4.10,,,186,,,nasdaq,
2025-10-07,SYSTOFUTBLQ3-26,0.98,0.85,1.10,,,73,,,nasdaq,
2025-10-07,SYSTOFUTBLYR-27,1.59,1.40,1.60,,,1022,,,nasdaq,
2025-10-07,SYSTOFUTBLYR-28,1.28,1.15,1.40,,,384,,,nasdaq,
2025-10-07,SYSTOFUTBLYR-29,1.60,,,,,27,,,nasdaq,
2025-10-08,SYSTOFUTBLQ2-26,3.95,,4.00,4.50,4.50,211,,,nasdaq,
2025-10-08,SYSTOFUTBLQ3-26,0.75,0.55,1.50,0.75,0.75,73,,,nasdaq,
2025-10-08,SYSTOFUTBLYR-27,1.55,1.50,1.60,1.55,1.55,1027,,,nasdaq,
2025-10-08,SYSTOFUTBLYR-28,1.30,1.25,1.40,1.30,1.30,384,,,nasdaq,
2025-10-08,SYSTOFUTBLYR-29,1.60,,,,,27,,,nasdaq,
2025-10-09,SYSTOFUTBLQ2-26,3.83,3.50,4.50,,,212,,,nasdaq,
2025-10-09,SYSTOFUTBLQ3-26,0.65,0.45,0.85,,,134,,,nasdaq,
2025-10-09,SYSTOFUTBLYR-27,1.50,1.45,1.55,1.55,1.50,1036,,,nasdaq,
2025-10-09,SYSTOFUTBLYR-28,1.28,1.15,1.40,,,384,,,nasdaq,
2025-10-09,SYSTOFUTBLYR-29,1.60,0.85,,,,27,,,nasdaq,
2025-10-10,SYSTOFUTBLQ2-26,3.75,3.50,4.25,3.75,3.75,212,,,nasdaq,
2025-10-10,SYSTOFUTBLQ3-26,0.65,0.50,0.80,,,134,,,nasdaq,
2025-10-10,SYSTOFUTBLYR-27,1.40,1.25,1.40,1.45,1.40,1045,,,nasdaq,
2025-10-10,SYSTOFUTBLYR-28,1.30,1.20,1.35,,,384,,,nasdaq,
2025-10-10,SYSTOFUTBLYR-29,1.60,,,,,27,,,nasdaq,
2025-10-13,SYSTOFUTBLQ2-26,3.75,3.50,4.30,3.75,3.75,212,,,nasdaq,
2025-10-13,SYSTOFUTBLQ3-26,0.75,0.65,1.10,0.80,0.75,134,,,nasdaq,
2025-10-13,SYSTOFUTBLYR-27,1.55,1.45,1.60,,,1075,,,nasdaq,
2025-10-13,SYSTOFUTBLYR-28,1.45,,,,,386,,,nasdaq,
2025-10-13,SYSTOFUTBLYR-29,1.60,,,,,27,,,nasdaq,
2025-10-14,SYSTOFUTBLQ2-26,3.55,3.50,4.30,,,218,,,nasdaq,
2025-10-14,SYSTOFUTBLQ3-26,0.60,0.25,0.95,,,138,,,nasdaq,
2025-10-14,SYSTOFUTBLYR-27,1.55,1.50,1.55,,,1077,,,nasdaq,
2025-10-14,SYSTOFUTBLYR-28,1.40,0.00,1.55,,,387,,,nasdaq,
2025-10-14,SYSTOFUTBLYR-29,1.60,0.00,,,,27,,,nasdaq,
2025-10-15,SYSTOFUTBLQ2-26,3.63,3.50,4.25,3.75,3.75,220,,,nasdaq,
2025-10-15,SYSTOFUTBLQ3-26,0.60,0.55,1.10,0.60,0.60,140,,,nasdaq,
2025-10-15,SYSTOFUTBLYR-27,1.50,1.45,1.55,,,1083,,,nasdaq,
2025-10-15,SYSTOFUTBLYR-28,1.40,1.30,1.60,,,390,,,nasdaq,
2025-10-15,SYSTOFUTBLYR-29,1.60,,,,,27,,,nasdaq,
2025-10-16,SYSTOFUTBLQ2-26,3.75,3.25,4.00,,,220,,,nasdaq,
2025-10-16,SYSTOFUTBLQ3-26,0.80,0.60,1.00,,,140,,,nasdaq,
2025-10-16,SYSTOFUTBLYR-27,1.50,1.45,1.55,1.50,1.50,1087,,,nasdaq,
2025-10-16,SYSTOFUTBLYR-28,1.35,1.30,1.40,1.35,1.35,392,,,nasdaq,
2025-10-16,SYSTOFUTBLYR-29,1.60,,,,,37,,,nasdaq,
2025-10-17,SYSTOFUTBLQ2-26,3.75,,,,,220,,,nasdaq,
2025-10-17,SYSTOFUTBLQ3-26,0.80,0.60,,,,140,,,nasdaq,
2025-10-17,SYSTOFUTBLYR-27,1.45,1.41,1.70,1.45,1.45,1092,,,nasdaq,
2025-10-17,SYSTOFUTBLYR-28,1.40,1.20,1.45,,,392,,,nasdaq,
2025-10-17,SYSTOFUTBLYR-29,1.70,,,,,37,,,nasdaq,
2025-10-20,SYSTOFUTBLQ2-26,3.75,,,,,220,,,nasdaq,
2025-10-20,SYSTOFUTBLQ3-26,0.55,0.10,1.00,,,140,,,nasdaq,
2025-10-20,SYSTOFUTBLYR-27,1.45,1.25,1.50,,,1124,,,nasdaq,
2025-10-20,SYSTOFUTBLYR-28,1.40,,1.60,,,394,,,nasdaq,
2025-10-20,SYSTOFUTBLYR-29,1.70,,,,,37,,,nasdaq,
2025-10-21,SYSTOFUTBLQ2-26,3.55,,,,,220,,,nasdaq,
2025-10-21,SYSTOFUTBLQ3-26,0.55,,,,,140,,,nasdaq,
2025-10-21,SYSTOFUTBLYR-27,1.46,1.15,1.75,,,1129,,,nasdaq,
2025-10-21,SYSTOFUTBLYR-28,1.40,1.15,1.50,,,398,,,nasdaq,
2025-10-21,SYSTOFUTBLYR-29,1.70,,,,,37,,,nasdaq,
2025-10-22,SYSTOFUTBLQ2-26,3.28,3.00,3.55,,,238,,,nasdaq,
2025-10-22,SYSTOFUTBLQ3-26,0.60,0.45,1.15,,,140,,,nasdaq,
2025-10-22,SYSTOFUTBLYR-27,1.45,1.35,1.55,,,1132,,,nasdaq,
2025-10-22,SYSTOFUTBLYR-28,1.48,1.10,1.85,,,398,,,nasdaq,
2025-10-22,SYSTOFUTBLYR-29,1.55,,,,,37,,,nasdaq,
2025-10-23,SYSTOFUTBLQ2-26,3.00,2.75,3.25,,,238,,,nasdaq,
2025-10-23,SYSTOFUTBLQ3-26,0.50,,0.60,,,155,,,nasdaq,
2025-10-23,SYSTOFUTBLYR-27,1.40,1.30,1.55,,,1132,,,nasdaq,
2025-10-23,SYSTOFUTBLYR-28,1.43,1.30,1.55,,,398,,,nasdaq,
2025-10-23,SYSTOFUTBLYR-29,1.38,,1.75,,,39,,,nasdaq,
2025-10-24,SYSTOFUTBLQ2-26,2.00,2.00,2.50,2.00,2.00,238,,,nasdaq,
2025-10-24,SYSTOFUTBLQ3-26,0.50,0.30,,,,155,,,nasdaq,
2025-10-24,SYSTOFUTBLYR-27,1.43,1.35,1.50,,,1134,,,nasdaq,
2025-10-24,SYSTOFUTBLYR-28,1.30,1.15,1.45,1.30,1.30,398,,,nasdaq,
2025-10-24,SYSTOFUTBLYR-29,1.55,,,,,39,,,nasdaq,
2025-10-27,SYSTOFUTBLQ2-26,2.00,,,,,246,,,nasdaq,
2025-10-27,SYSTOFUTBLQ3-26,0.50,0.30,,,,155,,,nasdaq,
2025-10-27,SYSTOFUTBLYR-27,1.43,,,,,1134,,,nasdaq,
2025-10-27,SYSTOFUTBLYR-28,1.30,,1.30,,,399,,,nasdaq,
2025-10-27,SYSTOFUTBLYR-29,1.55,,,,,41,,,nasdaq,
2025-10-28,SYSTOFUTBLQ2-26,2.00,,,,,310,,,nasdaq,
2025-10-28,SYSTOFUTBLQ3-26,0.50,,,,,155,,,nasdaq,
2025-10-28,SYSTOFUTBLYR-27,1.43,,,,,1134,,,nasdaq,
2025-10-28,SYSTOFUTBLYR-28,1.30,,,,,399,,,nasdaq,
2025-10-28,SYSTOFUTBLYR-29,1.55,,,,,42,,,nasdaq,
2025-10-29,SYSTOFUTBLQ2-26,2.00,1.00,3.50,,,310,,,nasdaq,
2025-10-29,SYSTOFUTBLQ3-26,0.40,0.20,0.60,,,155,,,nasdaq,
2025-10-29,SYSTOFUTBLYR-27,1.43,1.25,,,,1134,,,nasdaq,
2025-10-29,SYSTOFUTBLYR-28,1.20,,,,,399,,,nasdaq,
2025-10-29,SYSTOFUTBLYR-29,1.55,,,,,43,,,nasdaq,
2025-10-30,SYSTOFUTBLQ2-26,2.00,,,,,310,,,nasdaq,
2025-10-30,SYSTOFUTBLQ3-26,0.40,,,,,155,,,nasdaq,
2025-10-30,SYSTOFUTBLYR-27,1.40,1.40,1.60,,,1134,,,nasdaq,
2025-10-30,SYSTOFUTBLYR-28,1.25,1.15,1.45,,,399,,,nasdaq,
2025-10-30,SYSTOFUTBLYR-29,1.55,1.15,1.70,,,43,,,nasdaq,
2025-10-31,SYSTOFUTBLQ2-26,2.00,,,,,310,,,nasdaq,
2025-10-31,SYSTOFUTBLQ3-26,0.40,0.25,2.50,,,155,,,nasdaq,
2025-10-31,SYSTOFUTBLYR-27,1.40,,,,,1128,,,nasdaq,
2025-10-31,SYSTOFUTBLYR-28,1.25,,,,,400,,,nasdaq,
2025-10-31,SYSTOFUTBLYR-29,1.55,,,,,43,,,nasdaq,
2025-11-03,SYSTOFUTBLQ2-26,1.50,1.00,2.00,,,310,,,nasdaq,
2025-11-03,SYSTOFUTBLQ3-26,0.00,-0.50,0.20,0.20,0.00,155,,,nasdaq,
2025-11-03,SYSTOFUTBLYR-27,1.38,1.25,1.50,,,1128,,,nasdaq,
2025-11-03,SYSTOFUTBLYR-28,1.25,1.15,1.50,,,400,,,nasdaq,
2025-11-03,SYSTOFUTBLYR-29,1.55,0.75,,,,43,,,nasdaq,
2025-11-04,SYSTOFUTBLQ2-26,1.68,,,,,310,,,nasdaq,
2025-11-04,SYSTOFUTBLQ3-26,0.00,-0.40,,,,163,,,nasdaq,
2025-11-04,SYSTOFUTBLYR-27,1.40,1.30,1.50,,,1128,,,nasdaq,
2025-11-04,SYSTOFUTBLYR-28,1.15,1.10,,,,402,,,nasdaq,
2025-11-04,SYSTOFUTBLYR-29,1.50,,,,,43,,,nasdaq,
2025-11-05,SYSTOFUTBLQ2-26,1.68,,,,,321,,,nasdaq,
2025-11-05,SYSTOFUTBLQ3-26,0.00,,,,,163,,,nasdaq,
2025-11-05,SYSTOFUTBLYR-27,1.39,1.17,1.60,,,1137,,,nasdaq,
2025-11-05,SYSTOFUTBLYR-28,1.18,1.05,1.30,,,412,,,nasdaq,
2025-11-05,SYSTOFUTBLYR-29,1.50,,,,,43,,,nasdaq,
2025-11-06,SYSTOFUTBLQ2-26,1.68,,,,,321,,,nasdaq,
2025-11-06,SYSTOFUTBLQ3-26,0.00,,,,,163,,,nasdaq,
2025-11-06,SYSTOFUTBLYR-27,1.30,,1.55,,,1137,,,nasdaq,
2025-11-06,SYSTOFUTBLYR-28,1.18,,1.30,,,412,,,nasdaq,
2025-11-06,SYSTOFUTBLYR-29,1.50,,,,,43,,,nasdaq,
2025-11-07,SYSTOFUTBLQ2-26,1.68,,,,,321,,,nasdaq,
2025-11-07,SYSTOFUTBLQ3-26,0.00,,,,,163,,,nasdaq,
2025-11-07,SYSTOFUTBLYR-27,1.30,1.15,1.50,,,1137,,,nasdaq,
2025-11-07,SYSTOFUTBLYR-28,1.15,1.00,1.30,,,412,,,nasdaq,
2025-11-07,SYSTOFUTBLYR-29,1.50,,,,,48,,,nasdaq,
2025-11-10,SYSTOFUTBLQ2-26,1.35,,1.50,,,321,,,nasdaq,
2025-11-10,SYSTOFUTBLQ3-26,0.00,,0.25,,,163,,,nasdaq,
2025-11-10,SYSTOFUTBLYR-27,1.25,1.15,1.30,,,1137,,,nasdaq,
2025-11-10,SYSTOFUTBLYR-28,1.25,1.15,1.30,,,412,,,nasdaq,
2025-11-10,SYSTOFUTBLYR-29,1.50,,,,,48,,,nasdaq,
2025-11-11,SYSTOFUTBLQ2-26,0.68,0.15,0.85,,,323,,,nasdaq,
2025-11-11,SYSTOFUTBLQ3-26,-0.65,-1.00,-0.30,,,167,,,nasdaq,
2025-11-11,SYSTOFUTBLYR-27,1.20,1.15,1.25,,,1144,,,nasdaq,
2025-11-11,SYSTOFUTBLYR-28,1.20,1.15,1.25,,,413,,,nasdaq,
2025-11-11,SYSTOFUTBLYR-29,1.50,,1.75,,,48,,,nasdaq,
2025-11-12,SYSTOFUTBLQ2-26,0.43,0.00,0.85,,,323,,,nasdaq,
2025-11-12,SYSTOFUTBLQ3-26,-0.75,-1.00,-0.50,,,167,,,nasdaq,
2025-11-12,SYSTOFUTBLYR-27,1.15,1.10,1.20,1.15,1.15,1144,,,nasdaq,
2025-11-12,SYSTOFUTBLYR-28,1.15,1.15,1.40,,,413,,,nasdaq,
2025-11-12,SYSTOFUTBLYR-29,1.50,,1.65,,,48,,,nasdaq,
2025-11-13,SYSTOFUTBLQ2-26,0.40,0.30,1.00,,,323,,,nasdaq,
2025-11-13,SYSTOFUTBLQ3-26,-0.75,,,,,167,,,nasdaq,
2025-11-13,SYSTOFUTBLYR-27,1.05,0.95,1.30,1.00,1.00,1143,,,nasdaq,
2025-11-13,SYSTOFUTBLYR-28,1.05,0.95,1.30,,,425,,,nasdaq,
2025-11-13,SYSTOFUTBLYR-29,1.40,0.75,1.65,,,48,,,nasdaq,
2025-11-14,SYSTOFUTBLQ2-26,0.40,,,,,323,,,nasdaq,
2025-11-14,SYSTOFUTBLQ3-26,-0.75,,,,,187,,,nasdaq,
2025-11-14,SYSTOFUTBLYR-27,1.05,0.85,1.50,,,1155,,,nasdaq,
2025-11-14,SYSTOFUTBLYR-28,1.10,1.05,1.50,,,433,,,nasdaq,
2025-11-14,SYSTOFUTBLYR-29,1.40,,1.60,,,48,,,nasdaq,
2025-11-17,SYSTOFUTBLQ2-26,0.40,,,,,323,,,nasdaq,
2025-11-17,SYSTOFUTBLQ3-26,-0.75,,,,,187,,,nasdaq,
2025-11-17,SYSTOFUTBLYR-27,1.05,0.80,,,,1155,,,nasdaq,
2025-11-17,SYSTOFUTBLYR-28,1.10,1.00,,,,433,,,nasdaq,
2025-11-17,SYSTOFUTBLYR-29,1.40,,,,,48,,,nasdaq,
2025-11-18,SYSTOFUTBLQ2-26,0.23,-0.75,1.15,,,323,,,nasdaq,
2025-11-18,SYSTOFUTBLQ3-26,-1.13,-1.50,-0.75,,,187,,,nasdaq,
2025-11-18,SYSTOFUTBLYR-27,0.95,0.50,1.10,,,1155,,,nasdaq,
2025-11-18,SYSTOFUTBLYR-28,0.95,,,0.95,0.95,433,,,nasdaq,
2025-11-18,SYSTOFUTBLYR-29,1.40,,1.50,,,48,,,nasdaq,
2025-11-19,SYSTOFUTBLQ2-26,-0.03,-0.25,0.20,,,338,,,nasdaq,
2025-11-19,SYSTOFUTBLQ3-26,-1.00,-1.35,-0.20,-1.00,-1.00,187,,,nasdaq,
2025-11-19,SYSTOFUTBLYR-27,0.95,0.80,,0.95,0.95,1157,,,nasdaq,
2025-11-19,SYSTOFUTBLYR-28,0.93,0.80,1.05,,,435,,,nasdaq,
2025-11-19,SYSTOFUTBLYR-29,1.40,0.75,,,,48,,,nasdaq,
2025-11-20,SYSTOFUTBLQ2-26,-0.20,-0.60,0.20,,,338,,,nasdaq,
2025-11-20,SYSTOFUTBLQ3-26,-0.78,-1.50,-0.05,,,188,,,nasdaq,
2025-11-20,SYSTOFUTBLYR-27,0.80,0.80,1.25,,,1157,,,nasdaq,
2025-11-20,SYSTOFUTBLYR-28,0.90,0.80,1.00,,,435,,,nasdaq,
2025-11-20,SYSTOFUTBLYR-29,1.40,,,,,48,,,nasdaq,
2025-11-21,SYSTOFUTBLQ2-26,-0.20,-0.50,,,,338,,,nasdaq,
2025-11-21,SYSTOFUTBLQ3-26,-0.63,-1.25,0.00,,,188,,,nasdaq,
2025-11-21,SYSTOFUTBLYR-27,0.80,0.70,1.00,,,1152,,,nasdaq,
2025-11-21,SYSTOFUTBLYR-28,0.80,0.65,,,,437,,,nasdaq,
2025-11-21,SYSTOFUTBLYR-29,1.40,,,,,48,,,nasdaq,
2025-11-24,SYSTOFUTBLQ2-26,0.00,-0.90,,,,338,,,nasdaq,
2025-11-24,SYSTOFUTBLQ3-26,-0.63,,,,,188,,,nasdaq,
2025-11-24,SYSTOFUTBLYR-27,0.80,0.70,0.85,,,1152,,,nasdaq,
2025-11-24,SYSTOFUTBLYR-28,0.80,0.70,,,,438,,,nasdaq,
2025-11-24,SYSTOFUTBLYR-29,1.40,0.25,,,,48,,,nasdaq,
2025-11-25,SYSTOFUTBLQ2-26,0.00,,,,,340,,,nasdaq,
2025-11-25,SYSTOFUTBLQ3-26,-0.63,,,,,188,,,nasdaq,
2025-11-25,SYSTOFUTBLYR-27,0.75,0.70,1.50,,,1152,,,nasdaq,
2025-11-25,SYSTOFUTBLYR-28,0.80,0.70,1.35,,,439,,,nasdaq,
2025-11-25,SYSTOFUTBLYR-29,1.40,,1.55,,,48,,,nasdaq,
2025-11-26,SYSTOFUTBLQ2-26,0.00,-0.50,,,,345,,,nasdaq,
2025-11-26,SYSTOFUTBLQ3-26,-0.65,,,,,188,,,nasdaq,
2025-11-26,SYSTOFUTBLYR-27,0.75,0.75,1.00,,,1152,,,nasdaq,
2025-11-26,SYSTOFUTBLYR-28,0.80,0.50,1.50,,,442,,,nasdaq,
2025-11-26,SYSTOFUTBLYR-29,1.40,,1.60,,,48,,,nasdaq,
2025-11-27,SYSTOFUTBLQ2-26,0.00,-1.00,,,,360,,,nasdaq,
2025-11-27,SYSTOFUTBLQ3-26,-0.65,,,,,191,,,nasdaq,
2025-11-27,SYSTOFUTBLYR-27,0.70,0.50,0.70,,,1152,,,nasdaq,
2025-11-27,SYSTOFUTBLYR-28,0.65,,0.70,0.70,0.65,443,,,nasdaq,
2025-11-27,SYSTOFUTBLYR-29,1.40,,1.50,,,48,,,nasdaq,
2025-11-28,SYSTOFUTBLQ2-26,0.00,-1.25,,,,360,,,nasdaq,
2025-11-28,SYSTOFUTBLQ3-26,-0.65,-1.35,,,,191,,,nasdaq,
2025-11-28,SYSTOFUTBLYR-27,0.70,0.50,,,,1152,,,nasdaq,
2025-11-28,SYSTOFUTBLYR-28,0.65,0.50,,,,449,,,nasdaq,
2025-11-28,SYSTOFUTBLYR-29,1.45,,,,,48,,,nasdaq,
2025-12-01,SYSTOFUTBLQ2-26,0.00,-1.00,,,,360,,,nasdaq,
2025-12-01,SYSTOFUTBLQ3-26,-0.65,,,,,191,,,nasdaq,
2025-12-01,SYSTOFUTBLYR-27,0.70,0.65,0.75,,,1152,,,nasdaq,
2025-12-01,SYSTOFUTBLYR-28,0.75,0.50,0.75,,,449,,,nasdaq,
2025-12-01,SYSTOFUTBLYR-29,1.45,,1.50,,,49,,,nasdaq,
2025-12-02,SYSTOFUTBLQ2-26,0.03,0.00,,,,360,,,nasdaq,
2025-12-02,SYSTOFUTBLQ3-26,-0.75,,,,,191,,,nasdaq,
2025-12-02,SYSTOFUTBLYR-27,0.60,0.10,0.60,,,1152,,,nasdaq,
2025-12-02,SYSTOFUTBLYR-28,0.55,0.40,0.70,,,450,,,nasdaq,
2025-12-02,SYSTOFUTBLYR-29,1.45,,,,,49,,,nasdaq,
2025-12-03,SYSTOFUTBLQ2-26,0.03,-0.25,,,,358,,,nasdaq,
2025-12-03,SYSTOFUTBLQ3-26,-0.75,-1.50,-0.50,,,191,,,nasdaq,
2025-12-03,SYSTOFUTBLYR-27,0.45,0.25,0.75,,,1159,,,nasdaq,
2025-12-03,SYSTOFUTBLYR-28,0.50,0.15,0.75,,,450,,,nasdaq,
2025-12-03,SYSTOFUTBLYR-29,1.45,,,,,49,,,nasdaq,
2025-12-04,SYSTOFUTBLQ2-26,0.38,-0.25,1.00,,,358,,,nasdaq,
2025-12-04,SYSTOFUTBLQ3-26,-0.50,-1.25,0.25,,,193,,,nasdaq,
2025-12-04,SYSTOFUTBLYR-27,0.58,0.25,0.90,,,1159,,,nasdaq,
2025-12-04,SYSTOFUTBLYR-28,0.50,0.25,0.75,,,452,,,nasdaq,
2025-12-04,SYSTOFUTBLYR-29,1.45,1.00,,,,49,,,nasdaq,
2025-12-05,SYSTOFUTBLQ2-26,0.38,,,,,358,,,nasdaq,
2025-12-05,SYSTOFUTBLQ3-26,-0.50,,,,,193,,,nasdaq,
2025-12-05,SYSTOFUTBLYR-27,0.45,0.25,0.45,,,1159,,,nasdaq,
2025-12-05,SYSTOFUTBLYR-28,0.60,,,,,460,,,nasdaq,
2025-12-05,SYSTOFUTBLYR-29,1.45,,,,,50,,,nasdaq,
2025-12-08,SYSTOFUTBLQ2-26,0.38,,,,,358,,,nasdaq,
2025-12-08,SYSTOFUTBLQ3-26,-0.50,,,,,193,,,nasdaq,
2025-12-08,SYSTOFUTBLYR-27,0.40,0.15,,,,1159,,,nasdaq,
2025-12-08,SYSTOFUTBLYR-28,0.55,,,,,461,,,nasdaq,
2025-12-08,SYSTOFUTBLYR-29,1.45,,,,,50,,,nasdaq,
2025-12-09,SYSTOFUTBLQ2-26,0.38,0.15,,,,358,,,nasdaq,
2025-12-09,SYSTOFUTBLQ3-26,-0.50,,,,,193,,,nasdaq,
2025-12-09,SYSTOFUTBLYR-27,0.30,0.25,,,,1159,,,nasdaq,
2025-12-09,SYSTOFUTBLYR-28,0.50,0.35,,,,464,,,nasdaq,
2025-12-09,SYSTOFUTBLYR-29,1.45,,,,,50,,,nasdaq,
2025-12-10,SYSTOFUTBLQ2-26,0.43,0.15,0.70,,,358,,,nasdaq,
2025-12-10,SYSTOFUTBLQ3-26,-0.50,,,,,193,,,nasdaq,
2025-12-10,SYSTOFUTBLYR-27,0.20,0.15,0.80,,,1159,,,nasdaq,
2025-12-10,SYSTOFUTBLYR-28,0.48,0.35,0.60,,,467,,,nasdaq,
2025-12-10,SYSTOFUTBLYR-29,1.45,,,,,50,,,nasdaq,
2025-12-11,SYSTOFUTBLQ2-26,0.50,0.15,,,,358,,,nasdaq,
2025-12-11,SYSTOFUTBLQ3-26,-0.50,,,,,193,,,nasdaq,
2025-12-11,SYSTOFUTBLYR-27,0.20,0.10,0.70,,,1159,,,nasdaq,
2025-12-11,SYSTOFUTBLYR-28,0.45,0.35,0.55,,,467,,,nasdaq,
2025-12-11,SYSTOFUTBLYR-29,1.45,0.70,,,,50,,,nasdaq,
2025-12-12,SYSTOFUTBLQ2-26,0.50,0.00,1.00,,,355,,,nasdaq,
2025-12-12,SYSTOFUTBLQ3-26,-0.75,-2.00,-0.25,,,193,,,nasdaq,
2025-12-12,SYSTOFUTBLYR-27,0.10,0.00,0.25,0.10,0.10,1159,,,nasdaq,
2025-12-12,SYSTOFUTBLYR-28,0.40,0.20,0.70,,,467,,,nasdaq,
2025-12-12,SYSTOFUTBLYR-29,1.45,,,,,50,,,nasdaq,
2025-12-15,SYSTOFUTBLQ2-26,0.50,,,,,355,,,nasdaq,
2025-12-15,SYSTOFUTBLQ3-26,-0.75,,,,,193,,,nasdaq,
2025-12-15,SYSTOFUTBLYR-27,0.10,,,,,1161,,,nasdaq,
2025-12-15,SYSTOFUTBLYR-28,0.40,0.20,,,,471,,,nasdaq,
2025-12-15,SYSTOFUTBLYR-29,1.45,,,,,52,,,nasdaq,
2025-12-16,SYSTOFUTBLQ2-26,0.53,,,,,355,,,nasdaq,
2025-12-16,SYSTOFUTBLQ3-26,-1.20,-1.90,-0.50,,,193,,,nasdaq,
2025-12-16,SYSTOFUTBLYR-27,-0.01,,,,,1162,,,nasdaq,
2025-12-16,SYSTOFUTBLYR-28,0.30,0.25,,,,471,,,nasdaq,
2025-12-16,SYSTOFUTBLYR-29,1.45,,,,,52,,,nasdaq,
2025-12-17,SYSTOFUTBLQ2-26,0.50,0.30,,,,347,,,nasdaq,
2025-12-17,SYSTOFUTBLQ3-26,-1.20,,,,,193,,,nasdaq,
2025-12-17,SYSTOFUTBLYR-27,-0.20,-0.55,0.15,,,1157,,,nasdaq,
2025-12-17,SYSTOFUTBLYR-28,0.30,0.25,0.65,,,477,,,nasdaq,
2025-12-17,SYSTOFUTBLYR-29,1.45,,,,,52,,,nasdaq,
2025-12-18,SYSTOFUTBLQ2-26,0.50,,,,,343,,,nasdaq,
2025-12-18,SYSTOFUTBLQ3-26,-1.20,,-0.75,,,193,,,nasdaq,
2025-12-18,SYSTOFUTBLYR-27,-0.20,-0.80,,,,1157,,,nasdaq,
2025-12-18,SYSTOFUTBLYR-28,0.30,0.25,0.65,,,479,,,nasdaq,
2025-12-18,SYSTOFUTBLYR-29,1.45,,,,,52,,,nasdaq,
2025-12-19,SYSTOFUTBLQ2-26,0.50,,,,,343,,,nasdaq,
2025-12-19,SYSTOFUTBLQ3-26,-1.20,,,,,193,,,nasdaq,
2025-12-19,SYSTOFUTBLYR-27,-0.28,-0.35,-0.20,,,1157,,,nasdaq,
2025-12-19,SYSTOFUTBLYR-28,0.25,0.15,0.35,,,479,,,nasdaq,
2025-12-19,SYSTOFUTBLYR-29,1.45,,,,,52,,,nasdaq,
2025-12-22,SYSTOFUTBLQ2-26,0.50,,,,,343,,,nasdaq,
2025-12-22,SYSTOFUTBLQ3-26,-1.20,,0.75,,,193,,,nasdaq,
2025-12-22,SYSTOFUTBLYR-27,-0.35,-0.50,,,,1157,,,nasdaq,
2025-12-22,SYSTOFUTBLYR-28,0.25,0.15,,,,479,,,nasdaq,
2025-12-22,SYSTOFUTBLYR-29,1.35,,,,,52,,,nasdaq,
2025-12-23,SYSTOFUTBLQ2-26,0.75,0.25,1.25,,,343,,,nasdaq,
2025-12-23,SYSTOFUTBLQ3-26,-1.55,,,,,193,,,nasdaq,
2025-12-23,SYSTOFUTBLQ4-26,-0.75,,,,,,,,nasdaq,
2025-12-23,SYSTOFUTBLYR-27,-0.33,-0.50,-0.15,,,1157,,,nasdaq,
2025-12-23,SYSTOFUTBLYR-28,0.25,0.10,,,,479,,,nasdaq,
2025-12-23,SYSTOFUTBLYR-29,1.35,,,,,53,,,nasdaq,
2025-12-29,SYSTOFUTBLQ2-26,0.75,0.25,,,,1757,,,nasdaq,
2025-12-29,SYSTOFUTBLQ3-26,-1.55,,,,,1825,,,nasdaq,
2025-12-29,SYSTOFUTBLQ4-26,-0.75,-2.25,2.00,,,1762,,,nasdaq,
2025-12-29,SYSTOFUTBLYR-27,-0.33,-0.50,,,,1157,,,nasdaq,
2025-12-29,SYSTOFUTBLYR-28,0.15,0.15,,0.15,0.15,479,,,nasdaq,
2025-12-29,SYSTOFUTBLYR-29,1.25,,1.30,,,53,,,nasdaq,
2025-12-30,SYSTOFUTBLQ2-26,0.55,0.35,0.55,0.55,0.55,1757,,,nasdaq,
2025-12-30,SYSTOFUTBLQ3-26,-1.63,-1.60,-1.55,,,1825,,,nasdaq,
2025-12-30,SYSTOFUTBLQ4-26,-0.80,-2.60,0.00,,,1762,,,nasdaq,
2025-12-30,SYSTOFUTBLYR-27,-0.35,-0.50,0.06,,,1157,,,nasdaq,
2025-12-30,SYSTOFUTBLYR-28,0.15,0.00,0.30,,,479,,,nasdaq,
2025-12-30,SYSTOFUTBLYR-29,0.74,-0.26,1.74,,,53,,,nasdaq,
2026-01-02,SYSTOFUTBLQ2-26,0.58,0.25,0.90,,,1758,,,nasdaq,
2026-01-02,SYSTOFUTBLQ3-26,-1.63,,0.40,,,1825,,,nasdaq,
2026-01-02,SYSTOFUTBLQ4-26,-0.80,,0.50,,,1762,,,nasdaq,
2026-01-02,SYSTOFUTBLYR-27,-0.13,-0.50,0.25,,,1157,,,nasdaq,
2026-01-02,SYSTOFUTBLYR-28,0.05,-0.25,0.35,,,479,,,nasdaq,
2026-01-02,SYSTOFUTBLYR-29,0.74,,,,,53,,,nasdaq,
2026-01-02,SYSTOFUTBLYR-30,0.80,-0.20,1.80,,,,,,nasdaq,
2026-01-05,SYSTOFUTBLQ2-26,0.58,0.25,0.90,,,1758,,,nasdaq,
2026-01-05,SYSTOFUTBLQ3-26,-1.53,-1.65,-1.40,,,1825,,,nasdaq,
2026-01-05,SYSTOFUTBLQ4-26,-1.00,-5.00,1.75,,,1762,,,nasdaq,
2026-01-05,SYSTOFUTBLYR-27,0.00,-0.50,0.50,,,1157,,,nasdaq,
2026-01-05,SYSTOFUTBLYR-28,0.18,-0.25,0.60,,,479,,,nasdaq,
2026-01-05,SYSTOFUTBLYR-29,0.74,,,,,53,,,nasdaq,
2026-01-05,SYSTOFUTBLYR-30,0.80,,,,,,,,nasdaq,
2026-01-06,SYSTOFUTBLQ2-26,0.85,0.45,1.25,,,1758,,,nasdaq,
2026-01-06,SYSTOFUTBLQ3-26,-1.53,,,,,1825,,,nasdaq,
2026-01-06,SYSTOFUTBLQ4-26,-1.00,-6.75,,,,1762,,,nasdaq,
2026-01-06,SYSTOFUTBLYR-27,0.03,-0.50,0.55,,,1157,,,nasdaq,
2026-01-06,SYSTOFUTBLYR-28,0.28,-0.25,0.80,,,479,,,nasdaq,
2026-01-06,SYSTOFUTBLYR-29,0.74,,,,,53,,,nasdaq,
2026-01-06,SYSTOFUTBLYR-30,0.80,,,,,,,,nasdaq,
2026-01-07,SYSTOFUTBLQ2-26,1.03,0.45,1.60,,,1758,,,nasdaq,
2026-01-07,SYSTOFUTBLQ3-26,-2.00,,-1.75,,,1825,,,nasdaq,
2026-01-07,SYSTOFUTBLQ4-26,-1.25,-5.50,-1.00,,,1762,,,nasdaq,
2026-01-07,SYSTOFUTBLYR-27,-0.08,-0.30,0.15,,,1157,,,nasdaq,
2026-01-07,SYSTOFUTBLYR-28,0.13,-0.10,0.35,,,479,,,nasdaq,
2026-01-07,SYSTOFUTBLYR-29,0.18,-0.10,0.45,,,53,,,nasdaq,
2026-01-07,SYSTOFUTBLYR-30,0.85,,,,,,,,nasdaq,
2026-01-08,SYSTOFUTBLQ2-26,0.98,0.50,1.45,,,1758,,,nasdaq,
2026-01-08,SYSTOFUTBLQ3-26,-1.90,,-2.00,,,1825,,,nasdaq,
2026-01-08,SYSTOFUTBLQ4-26,-2.00,-2.20,-2.00,-2.00,-2.00,1762,,,nasdaq,
2026-01-08,SYSTOFUTBLYR-27,0.00,-0.30,0.30,,,1157,,,nasdaq,
2026-01-08,SYSTOFUTBLYR-28,0.10,-0.10,0.30,,,479,,,nasdaq,
2026-01-08,SYSTOFUTBLYR-29,0.13,-0.10,0.35,,,53,,,nasdaq,
2026-01-08,SYSTOFUTBLYR-30,0.85,,,,,2,,,nasdaq,
2026-01-09,SYSTOFUTBLQ2-26,1.10,1.00,1.15,1.10,1.00,1758,,,nasdaq,
2026-01-09,SYSTOFUTBLQ3-26,-2.15,,-1.50,,,1825,,,nasdaq,
2026-01-09,SYSTOFUTBLQ4-26,-2.15,-2.50,-1.50,,,1742,,,nasdaq,
2026-01-09,SYSTOFUTBLYR-27,-0.30,,-0.30,-0.30,-0.30,1157,,,nasdaq,
2026-01-09,SYSTOFUTBLYR-28,0.10,-0.10,0.55,,,479,,,nasdaq,
2026-01-09,SYSTOFUTBLYR-29,0.15,,,,,53,,,nasdaq,
2026-01-09,SYSTOFUTBLYR-30,0.85,,,,,2,,,nasdaq,
2026-01-12,SYSTOFUTBLQ2-26,1.10,0.80,1.25,,,1752,,,nasdaq,
2026-01-12,SYSTOFUTBLQ3-26,-2.15,,,,,1828,,,nasdaq,
2026-01-12,SYSTOFUTBLQ4-26,-2.20,-2.75,-1.00,,,1742,,,nasdaq,
2026-01-12,SYSTOFUTBLYR-27,-0.50,-0.95,0.20,,,1158,,,nasdaq,
2026-01-12,SYSTOFUTBLYR-28,0.13,-0.10,0.35,,,469,,,nasdaq,
2026-01-12,SYSTOFUTBLYR-29,0.00,-0.25,0.25,,,54,,,nasdaq,
2026-01-12,SYSTOFUTBLYR-30,0.85,,,,,2,,,nasdaq,
2026-01-13,SYSTOFUTBLQ2-26,1.15,1.05,1.15,1.15,1.15,1692,,,nasdaq,
2026-01-13,SYSTOFUTBLQ3-26,-2.60,-3.00,-2.60,,,1828,,,nasdaq,
2026-01-13,SYSTOFUTBLQ4-26,-2.80,-2.90,-2.80,,,1742,,,nasdaq,
2026-01-13,SYSTOFUTBLYR-27,-0.79,,-0.50,,,1160,,,nasdaq,
2026-01-13,SYSTOFUTBLYR-28,-0.04,-0.10,0.02,0.05,0.05,469,,,nasdaq,
2026-01-13,SYSTOFUTBLYR-29,0.00,-0.25,,,,54,,,nasdaq,
2026-01-13,SYSTOFUTBLYR-30,0.85,,,,,2,,,nasdaq,
2026-01-14,SYSTOFUTBLQ2-26,1.15,0.80,1.35,,,1660,,,nasdaq,
2026-01-14,SYSTOFUTBLQ3-26,-3.30,-4.00,-2.60,,,1808,,,nasdaq,
2026-01-14,SYSTOFUTBLQ4-26,-2.90,-3.95,-2.90,,,1732,,,nasdaq,
2026-01-14,SYSTOFUTBLYR-27,-0.75,-0.99,0.00,,,1162,,,nasdaq,
2026-01-14,SYSTOFUTBLYR-28,-0.14,-0.30,0.02,,,473,,,nasdaq,
2026-01-14,SYSTOFUTBLYR-29,-0.10,-0.25,0.05,,,54,,,nasdaq,
2026-01-14,SYSTOFUTBLYR-30,0.85,,,,,2,,,nasdaq,
2026-01-15,SYSTOFUTBLQ2-26,1.00,0.80,1.20,,,1640,,,nasdaq,
2026-01-15,SYSTOFUTBLQ3-26,-3.35,-4.00,,,,1808,,,nasdaq,
2026-01-15,SYSTOFUTBLQ4-26,-3.15,,-3.00,,,1732,,,nasdaq,
2026-01-15,SYSTOFUTBLYR-27,-0.80,-1.00,,,,1163,,,nasdaq,
2026-01-15,SYSTOFUTBLYR-28,-0.10,-0.30,0.05,,,473,,,nasdaq,
2026-01-15,SYSTOFUTBLYR-29,-0.15,-0.25,-0.05,,,54,,,nasdaq,
2026-01-15,SYSTOFUTBLYR-30,0.85,,,,,2,,,nasdaq,
2026-01-16,SYSTOFUTBLQ2-26,1.00,0.85,1.10,,,1640,,,nasdaq,
2026-01-16,SYSTOFUTBLQ3-26,-3.50,,,,,1803,,,nasdaq,
2026-01-16,SYSTOFUTBLQ4-26,-3.30,-3.75,-2.75,,,1732,,,nasdaq,
2026-01-16,SYSTOFUTBLYR-27,-1.25,,-1.15,-1.00,-1.00,1163,,,nasdaq,
2026-01-16,SYSTOFUTBLYR-28,-0.35,-0.50,-0.35,-0.35,-0.35,473,,,nasdaq,
2026-01-16,SYSTOFUTBLYR-29,-0.40,,-0.25,-0.25,-0.40,54,,,nasdaq,
2026-01-16,SYSTOFUTBLYR-30,0.85,,,,,2,,,nasdaq,
2026-01-19,SYSTOFUTBLQ2-26,0.88,0.75,1.00,,,1640,,,nasdaq,
2026-01-19,SYSTOFUTBLQ3-26,-3.88,-4.50,-3.25,,,1803,,,nasdaq,
2026-01-19,SYSTOFUTBLQ4-26,-3.85,-4.70,-3.00,,,1732,,,nasdaq,
2026-01-19,SYSTOFUTBLYR-27,-1.30,,-1.25,,,1163,,,nasdaq,
2026-01-19,SYSTOFUTBLYR-28,-0.35,,,,,475,,,nasdaq,
2026-01-19,SYSTOFUTBLYR-29,-0.40,-0.60,,,,58,,,nasdaq,
2026-01-19,SYSTOFUTBLYR-30,0.85,,,,,2,,,nasdaq,
2026-01-20,SYSTOFUTBLQ2-26,0.88,0.50,1.00,,,1640,,,nasdaq,
2026-01-20,SYSTOFUTBLQ3-26,-3.88,-5.00,-1.65,,,1803,,,nasdaq,
2026-01-20,SYSTOFUTBLQ4-26,-4.25,-5.00,-3.75,,,1732,,,nasdaq,
2026-01-20,SYSTOFUTBLYR-27,-1.45,-2.80,-1.00,,,1163,,,nasdaq,
2026-01-20,SYSTOFUTBLYR-28,-0.40,-0.50,-0.15,,,478,,,nasdaq,
2026-01-20,SYSTOFUTBLYR-29,-0.40,-0.65,,,,60,,,nasdaq,
2026-01-20,SYSTOFUTBLYR-30,0.85,,,,,2,,,nasdaq,
2026-01-21,SYSTOFUTBLQ2-26,0.73,0.50,0.95,,,1640,,,nasdaq,
2026-01-21,SYSTOFUTBLQ3-26,-5.00,-5.50,-4.50,,,1803,,,nasdaq,
2026-01-21,SYSTOFUTBLQ4-26,-5.00,-5.75,-4.25,,,1735,,,nasdaq,
2026-01-21,SYSTOFUTBLYR-27,-1.60,-2.15,-1.25,,,1163,,,nasdaq,
2026-01-21,SYSTOFUTBLYR-28,-0.40,-0.55,-0.25,,,479,,,nasdaq,
2026-01-21,SYSTOFUTBLYR-29,-0.40,-0.60,-0.40,,,63,,,nasdaq,
2026-01-21,SYSTOFUTBLYR-30,0.85,,,,,2,,,nasdaq,
2026-01-22,SYSTOFUTBLQ2-26,0.30,-0.50,0.40,0.50,0.50,1640,,,nasdaq,
2026-01-22,SYSTOFUTBLQ3-26,-5.88,-7.00,-4.75,,,1780,,,nasdaq,
2026-01-22,SYSTOFUTBLQ4-26,-7.00,-8.00,-6.50,-6.15,-7.00,1725,,,nasdaq,
2026-01-22,SYSTOFUTBLYR-27,-2.75,-3.25,-2.75,-2.50,-3.00,1164,,,nasdaq,
2026-01-22,SYSTOFUTBLYR-28,-1.25,-1.50,-0.75,,,479,,,nasdaq,
2026-01-22,SYSTOFUTBLYR-29,-0.80,,-0.75,,,63,,,nasdaq,
2026-01-22,SYSTOFUTBLYR-30,0.85,,,,,2,,,nasdaq,
2026-01-23,SYSTOFUTBLQ2-26,0.00,-1.50,1.00,,,1599,,,nasdaq,
2026-01-23,SYSTOFUTBLQ3-26,-5.50,-6.00,-4.75,,,1780,,,nasdaq,
2026-01-23,SYSTOFUTBLQ4-26,-6.75,-7.00,-6.50,,,1673,,,nasdaq,
2026-01-23,SYSTOFUTBLYR-27,-3.50,-4.00,-3.00,,,1156,,,nasdaq,
2026-01-23,SYSTOFUTBLYR-28,-1.35,,,,,481,,,nasdaq,
2026-01-23,SYSTOFUTBLYR-29,-0.75,,,-0.75,-0.75,63,,,nasdaq,
2026-01-23,SYSTOFUTBLYR-30,0.85,,,,,2,,,nasdaq,
2026-01-26,SYSTOFUTBLQ2-26,0.10,,1.00,,,1599,,,nasdaq,
2026-01-26,SYSTOFUTBLQ3-26,-5.75,-6.35,-5.50,,,1775,,,nasdaq,
2026-01-26,SYSTOFUTBLQ4-26,-6.25,-7.20,-5.50,,,1673,,,nasdaq,
2026-01-26,SYSTOFUTBLYR-27,-3.40,,-2.50,,,1148,,,nasdaq,
2026-01-26,SYSTOFUTBLYR-28,-1.25,,,,,484,,,nasdaq,
2026-01-26,SYSTOFUTBLYR-29,-0.75,,-0.50,,,65,,,nasdaq,
2026-01-26,SYSTOFUTBLYR-30,0.85,,,,,2,,,nasdaq,
2026-01-27,SYSTOFUTBLQ2-26,0.30,,1.20,0.30,0.30,1387,,,nasdaq,
2026-01-27,SYSTOFUTBLQ3-26,-6.12,,-5.50,,,1549,,,nasdaq,
2026-01-27,SYSTOFUTBLQ4-26,-6.25,-7.00,-6.00,,,1673,,,nasdaq,
2026-01-27,SYSTOFUTBLYR-27,-3.25,-3.50,-3.00,,,1148,,,nasdaq,
2026-01-27,SYSTOFUTBLYR-28,-1.35,,-0.75,,,486,,,nasdaq,
2026-01-27,SYSTOFUTBLYR-29,-0.75,-1.50,,,,65,,,nasdaq,
2026-01-27,SYSTOFUTBLYR-30,0.85,,,,,2,,,nasdaq,
2026-01-28,SYSTOFUTBLQ2-26,0.30,0.15,,,,1371,,,nasdaq,
2026-01-28,SYSTOFUTBLQ3-26,-6.25,,-5.50,,,1558,,,nasdaq,
2026-01-28,SYSTOFUTBLQ4-26,-6.25,-7.00,-5.50,,,1485,,,nasdaq,
2026-01-28,SYSTOFUTBLYR-27,-3.25,-3.90,-3.00,,,1147,,,nasdaq,
2026-01-28,SYSTOFUTBLYR-28,-1.35,,-0.75,,,483,,,nasdaq,
2026-01-28,SYSTOFUTBLYR-29,-0.75,-1.30,,,,66,,,nasdaq,
2026-01-28,SYSTOFUTBLYR-30,0.85,,,,,2,,,nasdaq,
2026-01-29,SYSTOFUTBLQ2-26,0.28,0.05,0.50,,,1371,,,nasdaq,
2026-01-29,SYSTOFUTBLQ3-26,-6.25,,-4.50,,,1568,,,nasdaq,
2026-01-29,SYSTOFUTBLQ4-26,-6.00,-6.75,-6.00,,,1488,,,nasdaq,
2026-01-29,SYSTOFUTBLYR-27,-3.25,,-3.00,,,1149,,,nasdaq,
2026-01-29,SYSTOFUTBLYR-28,-1.00,,-1.05,-1.00,-1.00,483,,,nasdaq,
2026-01-29,SYSTOFUTBLYR-29,-1.03,-1.30,-0.75,,,66,,,nasdaq,
2026-01-29,SYSTOFUTBLYR-30,0.85,,,,,2,,,nasdaq,
2026-01-30,SYSTOFUTBLQ2-26,0.25,-0.50,1.00,,,1367,,,nasdaq,
2026-01-30,SYSTOFUTBLQ3-26,-5.88,-6.00,-5.75,,,1574,,,nasdaq,
2026-01-30,SYSTOFUTBLQ4-26,-6.00,-7.75,-4.35,,,1493,,,nasdaq,
2026-01-30,SYSTOFUTBLYR-27,-3.25,-3.25,-3.15,,,1155,,,nasdaq,
2026-01-30,SYSTOFUTBLYR-28,-1.10,,-1.00,,,483,,,nasdaq,
2026-01-30,SYSTOFUTBLYR-29,-1.25,,,,,66,,,nasdaq,
2026-01-30,SYSTOFUTBLYR-30,0.85,,,,,2,,,nasdaq,
2026-02-02,SYSTOFUTBLQ1-27,-6.3299,,,,,,,0,euronext,2026-09-22T20:41:38Z
2026-02-02,SYSTOFUTBLQ2-26,0.40,-0.25,1.05,,,1367,,,nasdaq,
2026-02-02,SYSTOFUTBLQ3-26,-5.80,-6.00,-5.60,,,1574,,,nasdaq,
2026-02-02,SYSTOFUTBLQ4-26,-6.33,-7.00,-5.65,,,1493,,,nasdaq,
2026-02-02,SYSTOFUTBLYR-27,-3.10,-3.25,-2.90,,,1164,,,nasdaq,
2026-02-02,SYSTOFUTBLYR-28,-1.10,,-0.90,,,486,,,nasdaq,
2026-02-02,SYSTOFUTBLYR-29,-1.25,,,,,67,,,nasdaq,
2026-02-02,SYSTOFUTBLYR-30,0.85,,,,,2,,,nasdaq,
2026-02-03,SYSTOFUTBLQ1-27,-5.7999,,,,,,,0,euronext,2026-09-22T20:41:38Z
2026-02-03,SYSTOFUTBLQ2-26,0.50,0.10,0.75,0.50,0.50,1367,,,nasdaq,
2026-02-03,SYSTOFUTBLQ3-26,-5.75,,-5.35,,,1574,,,nasdaq,
2026-02-03,SYSTOFUTBLQ4-26,-5.80,-6.00,-5.25,,,1493,,,nasdaq,
2026-02-03,SYSTOFUTBLYR-27,-3.10,,-3.05,,,1164,,,nasdaq,
2026-02-03,SYSTOFUTBLYR-28,-1.05,,-0.95,,,486,,,nasdaq,
2026-02-03,SYSTOFUTBLYR-29,-1.25,,,,,67,,,nasdaq,
2026-02-03,SYSTOFUTBLYR-30,0.85,,,,,2,,,nasdaq,
2026-02-04,SYSTOFUTBLQ1-27,-5.2499,,,,,,,0,euronext,2026-09-22T20:41:38Z
2026-02-04,SYSTOFUTBLQ2-26,1.25,1.00,1.40,1.25,1.25,1365,,,nasdaq,
2026-02-04,SYSTOFUTBLQ3-26,-5.75,,-5.25,,,1575,,,nasdaq,
2026-02-04,SYSTOFUTBLQ4-26,-5.25,-5.25,-5.00,-5.25,-5.25,1493,,,nasdaq,
2026-02-04,SYSTOFUTBLYR-27,-3.00,,-3.00,,,1171,,,nasdaq,
2026-02-04,SYSTOFUTBLYR-28,-1.00,,-0.75,,,485,,,nasdaq,
2026-02-04,SYSTOFUTBLYR-29,-1.25,,,,,67,,,nasdaq,
2026-02-04,SYSTOFUTBLYR-30,0.85,,,,,2,,,nasdaq,
2026-02-05,SYSTOFUTBLQ1-27,-4.7499,,,,,,,0,euronext,2026-09-22T20:41:38Z
2026-02-05,SYSTOFUTBLQ2-26,1.50,1.50,1.70,1.50,1.50,1362,,,nasdaq,
2026-02-05,SYSTOFUTBLQ3-26,-5.90,-6.15,-5.70,,,1576,,,nasdaq,
2026-02-05,SYSTOFUTBLQ4-26,-4.75,-5.00,-4.65,-4.75,-5.00,1497,,,nasdaq,
2026-02-05,SYSTOFUTBLYR-27,-2.85,-3.00,-2.85,,,1174,,,nasdaq,
2026-02-05,SYSTOFUTBLYR-28,-0.80,,-0.75,,,488,,,nasdaq,
2026-02-05,SYSTOFUTBLYR-29,-1.00,-1.20,,,,67,,,nasdaq,
2026-02-05,SYSTOFUTBLYR-30,0.85,,,,,2,,,nasdaq,
2026-02-06,SYSTOFUTBLQ1-27,-4.4999,,,,,,,0,euronext,2026-09-22T20:41:38Z
2026-02-06,SYSTOFUTBLQ2-26,1.50,1.10,1.75,,,1362,,,nasdaq,
2026-02-06,SYSTOFUTBLQ3-26,-5.75,,-5.00,,,1580,,,nasdaq,
2026-02-06,SYSTOFUTBLQ4-26,-4.50,-4.85,-4.25,,,1501,,,nasdaq,
2026-02-06,SYSTOFUTBLYR-27,-3.00,-3.05,-2.95,,,1178,,,nasdaq,
2026-02-06,SYSTOFUTBLYR-28,-0.98,-1.20,-0.75,,,488,,,nasdaq,
2026-02-06,SYSTOFUTBLYR-29,-1.00,,-0.75,,,68,,,nasdaq,
2026-02-06,SYSTOFUTBLYR-30,0.85,,,,,2,,,nasdaq,
2026-02-09,SYSTOFUTBLQ1-27,-3.9999,,,,,,,0,euronext,2026-09-22T20:41:38Z
2026-02-09,SYSTOFUTBLQ2-26,1.25,0.75,1.50,,,1362,,,nasdaq,
2026-02-09,SYSTOFUTBLQ3-26,-5.75,,-5.50,,,1582,,,nasdaq,
2026-02-09,SYSTOFUTBLQ4-26,-4.00,-5.00,-3.85,-4.00,-4.00,1501,,,nasdaq,
2026-02-09,SYSTOFUTBLYR-27,-3.05,-3.45,-3.05,,,1178,,,nasdaq,
2026-02-09,SYSTOFUTBLYR-28,-1.00,-1.35,-1.00,,,488,,,nasdaq,
2026-02-09,SYSTOFUTBLYR-29,-1.00,,,,,68,,,nasdaq,
2026-02-09,SYSTOFUTBLYR-30,0.85,,,,,2,,,nasdaq,
2026-02-10,SYSTOFUTBLQ1-27,-4.3299,,,,,,,0,euronext,2026-09-22T20:41:38Z
2026-02-10,SYSTOFUTBLQ2-26,1.15,0.75,1.35,,,1357,,,nasdaq,
2026-02-10,SYSTOFUTBLQ3-26,-5.80,-6.00,-5.25,,,1587,,,nasdaq,
2026-02-10,SYSTOFUTBLQ4-26,-4.33,-5.00,-3.65,,,1506,,,nasdaq,
2026-02-10,SYSTOFUTBLYR-27,-3.20,,-3.15,,,1181,,,nasdaq,
2026-02-10,SYSTOFUTBLYR-28,-1.15,,-1.05,-1.15,-1.15,489,,,nasdaq,
2026-02-10,SYSTOFUTBLYR-29,-1.25,-1.50,-1.00,,,68,,,nasdaq,
2026-02-10,SYSTOFUTBLYR-30,0.85,,,,,2,,,nasdaq,
2026-02-11,SYSTOFUTBLQ1-27,-4.4499,,,,,,,0,euronext,2026-09-22T20:41:38Z
2026-02-11,SYSTOFUTBLQ2-26,1.05,0.75,1.35,,,1335,,,nasdaq,
2026-02-11,SYSTOFUTBLQ3-26,-5.63,,-5.00,,,1581,,,nasdaq,
2026-02-11,SYSTOFUTBLQ4-26,-4.45,-4.90,-4.00,,,1506,,,nasdaq,
2026-02-11,SYSTOFUTBLYR-27,-3.30,-3.50,-3.10,,,1184,,,nasdaq,
2026-02-11,SYSTOFUTBLYR-28,-1.23,,-1.10,,,497,,,nasdaq,
2026-02-11,SYSTOFUTBLYR-29,-1.15,,,,,68,,,nasdaq,
2026-02-11,SYSTOFUTBLYR-30,0.85,,,,,2,,,nasdaq,
2026-02-12,SYSTOFUTBLQ1-27,-4.4999,,,,,,,0,euronext,2026-09-22T20:41:38Z
2026-02-12,SYSTOFUTBLQ2-26,1.10,1.00,1.25,,,1335,,,nasdaq,
2026-02-12,SYSTOFUTBLQ3-26,-5.63,-6.25,-5.00,,,1581,,,nasdaq,
2026-02-12,SYSTOFUTBLQ4-26,-4.50,-5.25,-4.00,-4.50,-4.50,1506,,,nasdaq,
2026-02-12,SYSTOFUTBLYR-27,-3.20,,-3.20,,,1184,,,nasdaq,
2026-02-12,SYSTOFUTBLYR-28,-1.15,-1.50,-1.10,-1.10,-1.10,497,,,nasdaq,
2026-02-12,SYSTOFUTBLYR-29,-1.20,-1.50,-0.75,,,68,,,nasdaq,
2026-02-12,SYSTOFUTBLYR-30,0.85,,,,,2,,,nasdaq,
2026-02-13,SYSTOFUTBLQ1-27,-4.3999,,,,,,,0,euronext,2026-09-22T20:41:38Z
2026-02-13,SYSTOFUTBLQ2-26,1.10,0.50,2.50,,,1324,,,nasdaq,
2026-02-13,SYSTOFUTBLQ3-26,-5.75,,-5.00,,,1581,,,nasdaq,
2026-02-13,SYSTOFUTBLQ4-26,-4.40,-5.00,-4.10,,,1507,,,nasdaq,
2026-02-13,SYSTOFUTBLYR-27,-3.20,-3.35,-2.85,,,1187,,,nasdaq,
2026-02-13,SYSTOFUTBLYR-28,-1.15,,-1.00,,,510,,,nasdaq,
2026-02-13,SYSTOFUTBLYR-29,-1.18,-1.35,-1.00,,,73,,,nasdaq,
2026-02-13,SYSTOFUTBLYR-30,0.85,,,,,2,,,nasdaq,
2026-02-16,SYSTOFUTBLQ1-27,-4.4999,,,,,,,0,euronext,2026-09-22T20:41:38Z
2026-02-16,SYSTOFUTBLQ2-26,1.10,0.50,,,,1324,,,nasdaq,
2026-02-16,SYSTOFUTBLQ3-26,-5.75,,-5.00,,,1584,,,nasdaq,
2026-02-16,SYSTOFUTBLQ4-26,-4.50,-5.00,-4.00,,,1509,,,nasdaq,
2026-02-16,SYSTOFUTBLYR-27,-3.10,-3.35,-2.65,,,1192,,,nasdaq,
2026-02-16,SYSTOFUTBLYR-28,-1.05,,,,,512,,,nasdaq,
2026-02-16,SYSTOFUTBLYR-29,-1.18,,,,,73,,,nasdaq,
2026-02-16,SYSTOFUTBLYR-30,0.85,,,,,2,,,nasdaq,
2026-02-17,SYSTOFUTBLQ1-27,-4.4999,,,,,,,0,euronext,2026-09-22T20:41:38Z
2026-02-17,SYSTOFUTBLQ2-26,1.40,0.75,2.05,,,1324,,,nasdaq,
2026-02-17,SYSTOFUTBLQ3-26,-5.75,,,,,1584,,,nasdaq,
2026-02-17,SYSTOFUTBLQ4-26,-4.50,-7.00,-4.30,-4.50,-4.50,1514,,,nasdaq,
2026-02-17,SYSTOFUTBLYR-27,-3.10,-3.25,-2.75,,,1193,,,nasdaq,
2026-02-17,SYSTOFUTBLYR-28,-1.05,,,,,518,,,nasdaq,
2026-02-17,SYSTOFUTBLYR-29,-1.00,,,,,73,,,nasdaq,
2026-02-17,SYSTOFUTBLYR-30,0.85,,,,,2,,,nasdaq,
2026-02-18,SYSTOFUTBLQ1-27,-4.4499,,,,,,,0,euronext,2026-09-22T20:41:38Z
2026-02-18,SYSTOFUTBLQ2-26,1.40,-2.65,,,,1323,,,nasdaq,
2026-02-18,SYSTOFUTBLQ3-26,-5.25,-6.25,-4.25,,,1583,,,nasdaq,
2026-02-18,SYSTOFUTBLQ4-26,-4.45,-4.90,-4.00,,,1518,,,nasdaq,
2026-02-18,SYSTOFUTBLYR-27,-3.05,-3.20,-2.70,,,1195,,,nasdaq,
2026-02-18,SYSTOFUTBLYR-28,-1.00,,,,,524,,,nasdaq,
2026-02-18,SYSTOFUTBLYR-29,-1.00,,,,,84,,,nasdaq,
2026-02-18,SYSTOFUTBLYR-30,0.85,,,,,2,,,nasdaq,
2026-02-19,SYSTOFUTBLQ1-27,-4.4499,,,,,,,0,euronext,2026-09-22T20:41:38Z
2026-02-19,SYSTOFUTBLQ2-26,1.35,,,,,1323,,,nasdaq,
2026-02-19,SYSTOFUTBLQ3-26,-5.70,-6.25,-5.15,,,1583,,,nasdaq,
2026-02-19,SYSTOFUTBLQ4-26,-4.45,-4.95,-3.85,,,1518,,,nasdaq,
2026-02-19,SYSTOFUTBLYR-27,-3.05,,-2.65,-3.10,-3.10,1195,,,nasdaq,
2026-02-19,SYSTOFUTBLYR-28,-1.00,,-0.75,,,525,,,nasdaq,
2026-02-19,SYSTOFUTBLYR-29,-1.00,,,,,88,,,nasdaq,
2026-02-19,SYSTOFUTBLYR-30,0.85,,,,,2,,,nasdaq,
2026-02-20,SYSTOFUTBLQ1-27,-4.6499,,,,,,,0,euronext,2026-09-22T20:41:38Z
2026-02-20,SYSTOFUTBLQ2-26,1.10,,1.45,,,1323,,,nasdaq,
2026-02-20,SYSTOFUTBLQ3-26,-5.90,,-4.50,,,1583,,,nasdaq,
2026-02-20,SYSTOFUTBLQ4-26,-4.65,,-3.25,,,1523,,,nasdaq,
2026-02-20,SYSTOFUTBLYR-27,-3.20,,-3.15,-3.20,-3.20,1197,,,nasdaq,
2026-02-20,SYSTOFUTBLYR-28,-1.00,,,,,525,,,nasdaq,
2026-02-20,SYSTOFUTBLYR-29,-1.00,,,,,94,,,nasdaq,
2026-02-20,SYSTOFUTBLYR-30,0.85,,,,,2,,,nasdaq,
2026-02-23,SYSTOFUTBLQ1-27,-4.4299,,,,,,,0,euronext,2026-09-22T20:41:38Z
2026-02-23,SYSTOFUTBLQ2-26,1.25,0.25,2.25,,,1313,,,nasdaq,
2026-02-23,SYSTOFUTBLQ3-26,-5.90,,-4.25,,,1586,,,nasdaq,
2026-02-23,SYSTOFUTBLQ4-26,-4.43,-4.75,-4.10,,,1526,,,nasdaq,
2026-02-23,SYSTOFUTBLYR-27,-3.20,-3.25,-2.65,,,1192,,,nasdaq,
2026-02-23,SYSTOFUTBLYR-28,-1.00,,-1.00,,,525,,,nasdaq,
2026-02-23,SYSTOFUTBLYR-29,-1.10,,,,,94,,,nasdaq,
2026-02-23,SYSTOFUTBLYR-30,0.85,,,,,2,,,nasdaq,
2026-02-24,SYSTOFUTBLQ1-27,-4.1999,,,,,,,0,euronext,2026-09-22T20:41:38Z
2026-02-24,SYSTOFUTBLQ2-26,1.65,1.25,1.95,,,1313,,,nasdaq,
2026-02-24,SYSTOFUTBLQ3-26,-5.67,-6.25,-4.85,,,1586,,,nasdaq,
2026-02-24,SYSTOFUTBLQ4-26,-4.20,-4.90,-3.50,,,1526,,,nasdaq,
2026-02-24,SYSTOFUTBLYR-27,-3.22,-3.25,-2.75,,,1198,,,nasdaq,
2026-02-24,SYSTOFUTBLYR-28,-1.11,,-0.60,,,527,,,nasdaq,
2026-02-24,SYSTOFUTBLYR-29,-1.10,,,,,100,,,nasdaq,
2026-02-24,SYSTOFUTBLYR-30,0.85,,,,,2,,,nasdaq,
2026-02-25,SYSTOFUTBLQ1-27,-4.1999,,,,,,,0,euronext,2026-09-22T20:41:38Z
2026-02-25,SYSTOFUTBLQ2-26,1.40,,1.60,1.30,1.25,1307,,,nasdaq,
2026-02-25,SYSTOFUTBLQ3-26,-6.00,,-3.00,,,1588,,,nasdaq,
2026-02-25,SYSTOFUTBLQ4-26,-4.20,,-3.25,,,1526,,,nasdaq,
2026-02-25,SYSTOFUTBLYR-27,-3.00,-3.25,-2.75,,,1207,,,nasdaq,
2026-02-25,SYSTOFUTBLYR-28,-1.11,,-0.75,,,536,,,nasdaq,
2026-02-25,SYSTOFUTBLYR-29,-1.10,,,,,100,,,nasdaq,
2026-02-25,SYSTOFUTBLYR-30,0.85,,,,,2,,,nasdaq,
2026-02-26,SYSTOFUTBLQ1-27,-4.1299,,,,,,,0,euronext,2026-09-22T20:41:38Z
2026-02-26,SYSTOFUTBLQ2-26,1.43,1.20,1.65,,,1302,,,nasdaq,
2026-02-26,SYSTOFUTBLQ3-26,-6.00,,-5.00,,,1600,,,nasdaq,
2026-02-26,SYSTOFUTBLQ4-26,-4.13,-4.75,-3.50,,,1528,,,nasdaq,
2026-02-26,SYSTOFUTBLYR-27,-3.10,-3.35,-3.10,-3.00,-3.10,1207,,,nasdaq,
2026-02-26,SYSTOFUTBLYR-28,-1.11,,,,,536,,,nasdaq,
2026-02-26,SYSTOFUTBLYR-29,-1.10,,,,,100,,,nasdaq,
2026-02-26,SYSTOFUTBLYR-30,0.85,,,,,2,,,nasdaq,
2026-02-27,SYSTOFUTBLQ1-27,-4.0999,,,,,,,0,euronext,2026-09-22T20:41:38Z
2026-02-27,SYSTOFUTBLQ2-26,1.00,0.50,1.00,,,1302,,,nasdaq,
2026-02-27,SYSTOFUTBLQ3-26,-5.75,,,-5.75,-5.75,1600,,,nasdaq,
2026-02-27,SYSTOFUTBLQ4-26,-4.10,-4.50,-3.50,,,1528,,,nasdaq,
2026-02-27,SYSTOFUTBLYR-27,-3.15,-3.35,-3.10,-3.00,-3.00,1209,,,nasdaq,
2026-02-27,SYSTOFUTBLYR-28,-1.10,-1.30,-1.10,-1.10,-1.10,536,,,nasdaq,
2026-02-27,SYSTOFUTBLYR-29,-1.10,-1.30,,,,101,,,nasdaq,
2026-02-27,SYSTOFUTBLYR-30,0.85,,,,,4,,,nasdaq,
2026-03-02,SYSTOFUTBLQ1-27,-4.0999,,,,,,,0,euronext,2026-09-22T20:41:38Z
2026-03-02,SYSTOFUTBLQ2-26,1.18,1.00,1.35,1.50,1.25,1302,,,nasdaq,
2026-03-02,SYSTOFUTBLQ3-26,-5.75,,,,,1602,,,nasdaq,
2026-03-02,SYSTOFUTBLQ4-26,-4.10,,-4.00,,,1530,,,nasdaq,
2026-03-02,SYSTOFUTBLYR-27,-3.35,-3.50,-3.20,,,1211,,,nasdaq,
2026-03-02,SYSTOFUTBLYR-28,-1.20,,-1.15,,,538,,,nasdaq,
2026-03-02,SYSTOFUTBLYR-29,-1.10,,-1.00,,,101,,,nasdaq,
2026-03-02,SYSTOFUTBLYR-30,0.85,,,,,4,,,nasdaq,
2026-03-03,SYSTOFUTBLQ1-27,-4.6999,,,,,,,0,euronext,2026-09-22T20:41:38Z
2026-03-03,SYSTOFUTBLQ2-26,1.33,1.00,1.65,,,1295,,,nasdaq,
2026-03-03,SYSTOFUTBLQ3-26,-5.75,,,,,1602,,,nasdaq,
2026-03-03,SYSTOFUTBLQ4-26,-4.70,-5.30,-4.10,,,1530,,,nasdaq,
2026-03-03,SYSTOFUTBLYR-27,-3.65,-4.00,-3.30,,,1211,,,nasdaq,
2026-03-03,SYSTOFUTBLYR-28,-1.40,,-1.00,,,539,,,nasdaq,
2026-03-03,SYSTOFUTBLYR-29,-1.15,-1.40,-1.00,,,101,,,nasdaq,
2026-03-03,SYSTOFUTBLYR-30,0.85,,,,,4,,,nasdaq,
2026-03-04,SYSTOFUTBLQ1-27,-4.5499,,,,,,,0,euronext,2026-09-22T20:41:38Z
2026-03-04,SYSTOFUTBLQ2-26,1.25,,1.50,,,1295,,,nasdaq,
2026-03-04,SYSTOFUTBLQ3-26,-5.75,-7.00,-4.25,,,1602,,,nasdaq,
2026-03-04,SYSTOFUTBLQ4-26,-4.55,-4.70,-4.40,,,1530,,,nasdaq,
2026-03-04,SYSTOFUTBLYR-27,-3.58,-4.00,-3.15,,,1196,,,nasdaq,
2026-03-04,SYSTOFUTBLYR-28,-1.40,-1.50,-1.25,-1.40,-1.40,540,,,nasdaq,
2026-03-04,SYSTOFUTBLYR-29,-1.15,,-1.05,,,102,,,nasdaq,
2026-03-04,SYSTOFUTBLYR-30,0.85,,,,,4,,,nasdaq,
2026-03-05,SYSTOFUTBLQ1-27,-4.6999,,,,,,,0,euronext,2026-09-22T20:41:38Z
2026-03-05,SYSTOFUTBLQ2-26,1.25,1.00,1.40,,,1292,,,nasdaq,
2026-03-05,SYSTOFUTBLQ3-26,-5.75,,-4.25,,,1602,,,nasdaq,
2026-03-05,SYSTOFUTBLQ4-26,-4.70,,-3.30,,,1530,,,nasdaq,
2026-03-05,SYSTOFUTBLYR-27,-3.65,-4.00,-3.25,,,1196,,,nasdaq,
2026-03-05,SYSTOFUTBLYR-28,-1.40,-1.50,,,,540,,,nasdaq,
2026-03-05,SYSTOFUTBLYR-29,-1.15,-1.50,,,,107,,,nasdaq,
2026-03-05,SYSTOFUTBLYR-30,0.85,,,,,4,,,nasdaq,
2026-03-06,SYSTOFUTBLQ1-27,-4.6999,,,,,,,0,euronext,2026-09-22T20:41:38Z
2026-03-06,SYSTOFUTBLQ2-26,1.25,,,,,1292,,,nasdaq,
2026-03-06,SYSTOFUTBLQ3-26,-5.75,,-4.00,,,1605,,,nasdaq,
2026-03-06,SYSTOFUTBLQ4-26,-4.70,,-3.55,,,1531,,,nasdaq,
2026-03-06,SYSTOFUTBLYR-27,-3.65,-3.90,-3.40,,,1207,,,nasdaq,
2026-03-06,SYSTOFUTBLYR-28,-1.40,-1.50,-0.50,,,540,,,nasdaq,
2026-03-06,SYSTOFUTBLYR-29,-1.10,,,,,107,,,nasdaq,
2026-03-06,SYSTOFUTBLYR-30,0.85,,,,,4,,,nasdaq,
2026-03-09,SYSTOFUTBLQ1-27,-5.08,,,,,,,0,euronext,2026-09-22T20:41:38Z
2026-03-09,SYSTOFUTBLQ2-26,0.65,0.50,0.75,0.75,0.65,1292,,,nasdaq,
2026-03-09,SYSTOFUTBLQ3-26,-5.75,,,,,1605,,,nasdaq,
2026-03-09,SYSTOFUTBLQ4-26,-5.08,-6.00,-4.15,,,1531,,,nasdaq,
2026-03-09,SYSTOFUTBLYR-27,-4.00,,-3.65,,,1207,,,nasdaq,
2026-03-09,SYSTOFUTBLYR-28,-1.55,,-1.40,,,542,,,nasdaq,
2026-03-09,SYSTOFUTBLYR-29,-1.20,,-1.00,,,108,,,nasdaq,
2026-03-09,SYSTOFUTBLYR-30,0.85,,,,,4,,,nasdaq,
2026-03-10,SYSTOFUTBLQ1-27,-5.08,,,,,,,0,euronext,2026-09-22T20:41:38Z
2026-03-10,SYSTOFUTBLQ2-26,0.00,,0.01,,,1732,,,nasdaq,
2026-03-10,SYSTOFUTBLQ3-26,-6.43,,-5.00,,,2059,,,nasdaq,
2026-03-10,SYSTOFUTBLQ4-26,-5.08,,-4.85,,,1942,,,nasdaq,
2026-03-10,SYSTOFUTBLYR-27,-4.05,-4.50,-3.80,,,1407,,,nasdaq,
2026-03-10,SYSTOFUTBLYR-28,-1.60,,-1.60,,,559,,,nasdaq,
2026-03-10,SYSTOFUTBLYR-29,-1.25,-1.50,-1.00,,,110,,,nasdaq,
2026-03-10,SYSTOFUTBLYR-30,0.85,-0.25,,,,4,,,nasdaq,
2026-03-11,SYSTOFUTBLQ1-27,-5.20,,,,,,,0,euronext,2026-09-22T20:41:38Z
2026-03-11,SYSTOFUTBLQ2-26,0.00,,0.25,,,1726,,,nasdaq,
2026-03-11,SYSTOFUTBLQ3-26,-6.43,,,,,2060,,,nasdaq,
2026-03-11,SYSTOFUTBLQ4-26,-5.20,-6.00,-4.75,,,1942,,,nasdaq,
2026-03-11,SYSTOFUTBLYR-27,-4.15,,-3.60,,,1416,,,nasdaq,
2026-03-11,SYSTOFUTBLYR-28,-1.60,,-1.20,,,564,,,nasdaq,
2026-03-11,SYSTOFUTBLYR-29,-1.25,-1.50,-1.00,,,113,,,nasdaq,
2026-03-11,SYSTOFUTBLYR-30,0.85,,,,,4,,,nasdaq,
2026-03-12,SYSTOFUTBLQ1-27,-5.40,,,,,,,0,euronext,2026-09-22T20:41:38Z
2026-03-12,SYSTOFUTBLQ2-26,0.05,,0.25,,,1726,,,nasdaq,
2026-03-12,SYSTOFUTBLQ3-26,-6.43,,-5.10,,,2060,,,nasdaq,
2026-03-12,SYSTOFUTBLQ4-26,-5.40,,-5.20,,,1942,,,nasdaq,
2026-03-12,SYSTOFUTBLYR-27,-4.15,,-3.25,,,1419,,,nasdaq,
2026-03-12,SYSTOFUTBLYR-28,-1.65,,,,,566,,,nasdaq,
2026-03-12,SYSTOFUTBLYR-29,-1.30,,,,,113,,,nasdaq,
2026-03-12,SYSTOFUTBLYR-30,0.85,,,,,4,,,nasdaq,
2026-03-13,SYSTOFUTBLQ1-27,-5.40,,,,,,,0,euronext,2026-09-22T20:41:38Z
2026-03-13,SYSTOFUTBLQ2-26,-0.20,,-0.15,,,1726,,,nasdaq,
2026-03-13,SYSTOFUTBLQ3-26,-6.43,,-5.00,,,2060,,,nasdaq,
2026-03-13,SYSTOFUTBLQ4-26,-5.40,,-4.75,,,1942,,,nasdaq,
2026-03-13,SYSTOFUTBLYR-27,-4.15,,,,,1419,,,nasdaq,
2026-03-13,SYSTOFUTBLYR-28,-1.65,,,,,566,,,nasdaq,
2026-03-13,SYSTOFUTBLYR-29,-1.30,,,,,115,,,nasdaq,
2026-03-13,SYSTOFUTBLYR-30,0.85,,,,,4,,,nasdaq,
2026-03-16,SYSTOFUTBLQ1-27,-5.40,,,,,,,0,euronext,2026-09-22T20:41:38Z
2026-03-16,SYSTOFUTBLQ2-26,-0.99,,,,,,,,nasdaq,
2026-03-16,SYSTOFUTBLQ3-26,-6.43,,,,,,,,nasdaq,
2026-03-16,SYSTOFUTBLQ4-26,-5.40,,,,,,,,nasdaq,
2026-03-16,SYSTOFUTBLYR-27,-4.15,,,,,,,,nasdaq,
2026-03-16,SYSTOFUTBLYR-28,-1.65,,,,,,,,nasdaq,
2026-03-16,SYSTOFUTBLYR-29,-1.30,,,,,,,,nasdaq,
2026-03-16,SYSTOFUTBLYR-30,0.85,,,,,,,,nasdaq,
2026-03-17,SYSTOFUTBLQ1-27,-4.37,,,,,,,0,euronext,2026-09-22T20:41:38Z
2026-03-17,SYSTOFUTBLQ2-26,-0.93,,,,,,,,nasdaq,
2026-03-17,SYSTOFUTBLQ3-26,-6.39,,,,,,,,nasdaq,
2026-03-17,SYSTOFUTBLQ4-26,-5.40,,,,,,,,nasdaq,
2026-03-17,SYSTOFUTBLYR-27,-4.53,,,,,,,,nasdaq,
2026-03-17,SYSTOFUTBLYR-28,-2.19,,,,,,,,nasdaq,
2026-03-17,SYSTOFUTBLYR-29,-1.57,,,,,,,,nasdaq,
2026-03-17,SYSTOFUTBLYR-30,0.61,,,,,,,,nasdaq,
2026-03-18,SYSTOFUTBLQ1-27,-4.42,,,,,,,0,euronext,2026-09-22T20:41:38Z
2026-03-18,SYSTOFUTBLQ2-26,-1.33,,,,,,,,nasdaq,
2026-03-18,SYSTOFUTBLQ3-26,-6.46,,,,,,,,nasdaq,
2026-03-18,SYSTOFUTBLQ4-26,-5.47,,,,,,,,nasdaq,
2026-03-18,SYSTOFUTBLYR-27,-4.47,,,,,,,,nasdaq,
2026-03-18,SYSTOFUTBLYR-28,-1.70,,,,,,,,nasdaq,
2026-03-18,SYSTOFUTBLYR-29,-1.45,,,,,,,,nasdaq,
2026-03-18,SYSTOFUTBLYR-30,0.35,,,,,,,,nasdaq,
2026-03-19,SYSTOFUTBLQ1-27,-4.56,,,,,,,0,euronext,2026-09-22T20:41:38Z
2026-03-19,SYSTOFUTBLQ2-26,-1.66,,,,,,,,nasdaq,
2026-03-19,SYSTOFUTBLQ3-26,-7.05,,,,,,,,nasdaq,
2026-03-19,SYSTOFUTBLQ4-26,-5.81,,,,,,,,nasdaq,
2026-03-19,SYSTOFUTBLYR-27,-4.52,,,,,,,,nasdaq,
2026-03-19,SYSTOFUTBLYR-28,-1.65,,,,,,,,nasdaq,
2026-03-19,SYSTOFUTBLYR-29,-1.25,,,,,,,,nasdaq,
2026-03-19,SYSTOFUTBLYR-30,0.55,,,,,,,,nasdaq,
2026-03-20,SYSTOFUTBLQ1-27,-4.95,,,,,,,23,euronext,2026-09-22T20:41:38Z
2026-03-20,SYSTOFUTBLQ2-26,-2.20,,,,,,,,nasdaq,
2026-03-20,SYSTOFUTBLQ3-26,-7.03,,,,,,,,nasdaq,
2026-03-20,SYSTOFUTBLQ4-26,-5.82,,,,,,,,nasdaq,
2026-03-20,SYSTOFUTBLYR-27,-4.35,,,,,,,,nasdaq,
2026-03-20,SYSTOFUTBLYR-28,-1.66,,,,,,,,nasdaq,
2026-03-20,SYSTOFUTBLYR-29,-1.26,,,,,,,,nasdaq,
2026-03-20,SYSTOFUTBLYR-30,0.54,,,,,,,,nasdaq,
2026-03-23,SYSTOFUTBLQ1-27,-4.83,,,,,,,0,euronext,2026-09-22T20:41:38Z
2026-03-23,SYSTOFUTBLQ2-26,-1.60,,,,,,,,nasdaq,
2026-03-23,SYSTOFUTBLQ3-26,-6.25,,,,,,,,nasdaq,
2026-03-23,SYSTOFUTBLQ4-26,-5.45,,,,,,,,nasdaq,
2026-03-23,SYSTOFUTBLYR-27,-4.25,,,,,,,,nasdaq,
2026-03-23,SYSTOFUTBLYR-28,-2.24,,,,,,,,nasdaq,
2026-03-23,SYSTOFUTBLYR-29,-1.76,,,,,,,,nasdaq,
2026-03-23,SYSTOFUTBLYR-30,0.52,,,,,,,,nasdaq,
2026-03-24,SYSTOFUTBLQ1-27,-4.81,,,,,,,0,euronext,2026-09-22T20:41:38Z
2026-03-24,SYSTOFUTBLQ2-26,-2.00,,,,,,,,nasdaq,
2026-03-24,SYSTOFUTBLQ3-26,-6.72,,,,,,,,nasdaq,
2026-03-24,SYSTOFUTBLQ4-26,-5.21,,,,,,,,nasdaq,
2026-03-24,SYSTOFUTBLYR-27,-4.29,,,,,,,,nasdaq,
2026-03-24,SYSTOFUTBLYR-28,-1.72,,,,,,,,nasdaq,
2026-03-24,SYSTOFUTBLYR-29,-1.35,,,,,,,,nasdaq,
2026-03-24,SYSTOFUTBLYR-30,0.50,,,,,,,,nasdaq,
2026-03-25,SYSTOFUTBLQ1-27,-4.80,,,,,,,0,euronext,2026-09-22T20:41:38Z
2026-03-25,SYSTOFUTBLQ2-26,-1.77,,,,,,,,nasdaq,
2026-03-25,SYSTOFUTBLQ3-26,-7.31,,,,,,,,nasdaq,
2026-03-25,SYSTOFUTBLQ4-26,-4.88,,,,,,,,nasdaq,
2026-03-25,SYSTOFUTBLYR-27,-4.32,,,,,,,,nasdaq,
2026-03-25,SYSTOFUTBLYR-28,-2.19,,,,,,,,nasdaq,
2026-03-25,SYSTOFUTBLYR-29,-1.30,,,,,,,,nasdaq,
2026-03-25,SYSTOFUTBLYR-30,0.49,,,,,,,,nasdaq,
2026-03-26,SYSTOFUTBLQ1-27,-5.00,,,,,,,0,euronext,2026-09-22T20:41:38Z
2026-03-26,SYSTOFUTBLQ2-26,-1.96,,,,,,,,nasdaq,
2026-03-26,SYSTOFUTBLQ3-26,-7.40,,,,,,,,nasdaq,
2026-03-26,SYSTOFUTBLQ4-26,-5.10,,,,,,,,nasdaq,
2026-03-26,SYSTOFUTBLYR-27,-4.25,,,,,,,,nasdaq,
2026-03-26,SYSTOFUTBLYR-28,-2.17,,,,,,,,nasdaq,
2026-03-26,SYSTOFUTBLYR-29,-1.35,,,,,,,,nasdaq,
2026-03-26,SYSTOFUTBLYR-30,0.50,,,,,,,,nasdaq,
2026-03-27,SYSTOFUTBLQ1-27,-5.06,,,,,,,1,euronext,2026-09-22T20:41:38Z
2026-03-27,SYSTOFUTBLQ2-26,-1.97,,,,,,,,nasdaq,
2026-03-27,SYSTOFUTBLQ3-26,-7.60,,,,,,,,nasdaq,
2026-03-27,SYSTOFUTBLQ4-26,-4.97,,,,,,,,nasdaq,
2026-03-27,SYSTOFUTBLYR-27,-4.71,,,,,,,,nasdaq,
2026-03-27,SYSTOFUTBLYR-28,-2.00,,,,,,,,nasdaq,
2026-03-27,SYSTOFUTBLYR-29,-1.74,,,,,,,,nasdaq,
2026-03-27,SYSTOFUTBLYR-30,0.00,,,,,,,,nasdaq,
2026-03-30,SYSTOFUTBLQ1-27,-5.44,,,,,,,2,euronext,2026-09-22T20:41:38Z
2026-03-30,SYSTOFUTBLQ2-26,-1.50,,,,,,,,nasdaq,
2026-03-30,SYSTOFUTBLQ3-26,-7.26,,,,,,,,nasdaq,
2026-03-30,SYSTOFUTBLQ4-26,-4.83,,,,,,,,nasdaq,
2026-03-30,SYSTOFUTBLYR-27,-4.33,,,,,,,,nasdaq,
2026-03-30,SYSTOFUTBLYR-28,-1.99,,,,,,,,nasdaq,
2026-03-30,SYSTOFUTBLYR-29,-1.24,,,,,,,,nasdaq,
2026-03-30,SYSTOFUTBLYR-30,-0.01,,,,,,,,nasdaq,
2026-03-31,SYSTOFUTBLQ1-27,-5.98,,,,,,,13,euronext,2026-09-22T20:41:38Z
2026-03-31,SYSTOFUTBLQ2-26,-1.78,,,,,,,,nasdaq,
2026-03-31,SYSTOFUTBLQ3-26,-7.22,,,,,,,,nasdaq,
2026-03-31,SYSTOFUTBLQ4-26,-4.92,,,,,,,,nasdaq,
2026-03-31,SYSTOFUTBLYR-27,-4.51,,,,,,,,nasdaq,
2026-03-31,SYSTOFUTBLYR-28,-1.97,,,,,,,,nasdaq,
2026-03-31,SYSTOFUTBLYR-29,-1.24,,,,,,,,nasdaq,
2026-03-31,SYSTOFUTBLYR-30,-0.51,,,,,,,,nasdaq,
2026-04-01,SYSTOFUTBLQ1-27,-5.54,,,,,,,5,euronext,2026-09-22T20:41:38Z
2026-04-01,SYSTOFUTBLQ2-27,-3.67,,,,,,,0,euronext,2026-09-22T20:41:38Z
2026-04-01,SYSTOFUTBLQ3-26,-7.16,,,,,,,,nasdaq,
2026-04-01,SYSTOFUTBLQ4-26,-4.81,,,,,,,,nasdaq,
2026-04-01,SYSTOFUTBLYR-27,-4.73,,,,,,,,nasdaq,
2026-04-01,SYSTOFUTBLYR-28,-1.91,,,,,,,,nasdaq,
2026-04-01,SYSTOFUTBLYR-29,-1.23,,,,,,,,nasdaq,
2026-04-01,SYSTOFUTBLYR-30,-0.51,,,,,,,,nasdaq,
2026-04-02,SYSTOFUTBLQ1-27,-5.54,,,,,,,0,euronext,2026-09-22T20:41:38Z
2026-04-02,SYSTOFUTBLQ2-27,-3.67,,,,,,,0,euronext,2026-09-22T20:41:38Z
2026-04-02,SYSTOFUTBLQ4-26,-4.81,,,,,,,0,euronext,2026-09-22T20:41:38Z
2026-04-02,SYSTOFUTBLYR-27,-4.73,,,,,,,0,euronext,2026-09-22T20:41:38Z
2026-04-02,SYSTOFUTBLYR-28,-1.91,,,,,,,0,euronext,2026-09-22T20:41:38Z
2026-04-02,SYSTOFUTBLYR-29,-1.23,,,,,,,0,euronext,2026-09-22T20:41:38Z
2026-04-02,SYSTOFUTBLYR-30,-0.51,,,,,,,0,euronext,2026-09-22T20:41:38Z
2026-04-07,SYSTOFUTBLQ1-27,-5.69,,,,,,,0,euronext,2026-09-22T20:41:38Z
2026-04-07,SYSTOFUTBLQ2-27,-3.75,,,,,,,0,euronext,2026-09-22T20:41:38Z
2026-04-07,SYSTOFUTBLQ3-26,-7.89,,,,,,,,nasdaq,
2026-04-07,SYSTOFUTBLQ4-26,-5.96,,,,,,,,nasdaq,
2026-04-07,SYSTOFUTBLYR-27,-4.77,,,,,,,,nasdaq,
2026-04-07,SYSTOFUTBLYR-28,-2.20,,,,,,,,nasdaq,
2026-04-07,SYSTOFUTBLYR-29,-0.99,,,,,,,,nasdaq,
2026-04-07,SYSTOFUTBLYR-30,-0.51,,,,,,,,nasdaq,
2026-04-08,SYSTOFUTBLQ1-27,-5.90,,,,,,,15,euronext,2026-09-22T20:41:38Z
2026-04-08,SYSTOFUTBLQ2-27,-3.66,,,,,,,0,euronext,2026-09-22T20:41:38Z
2026-04-08,SYSTOFUTBLQ3-26,-7.86,,,,,,,,nasdaq,
2026-04-08,SYSTOFUTBLQ4-26,-6.42,,,,,,,,nasdaq,
2026-04-08,SYSTOFUTBLYR-27,-4.62,,,,,,,,nasdaq,
2026-04-08,SYSTOFUTBLYR-28,-2.15,,,,,,,,nasdaq,
2026-04-08,SYSTOFUTBLYR-29,-1.20,,,,,,,,nasdaq,
2026-04-08,SYSTOFUTBLYR-30,-0.44,,,,,,,,nasdaq,
2026-04-09,SYSTOFUTBLQ1-27,-6.11,,,,,,,0,euronext,2026-09-22T20:41:38Z
2026-04-09,SYSTOFUTBLQ2-27,-3.67,,,,,,,0,euronext,2026-09-22T20:41:38Z
2026-04-09,SYSTOFUTBLQ3-26,-7.86,,,,,,,,nasdaq,
2026-04-09,SYSTOFUTBLQ4-26,-6.66,,,,,,,,nasdaq,
2026-04-09,SYSTOFUTBLYR-27,-4.80,,,,,,,,nasdaq,
2026-04-09,SYSTOFUTBLYR-28,-2.14,,,,,,,,nasdaq,
2026-04-09,SYSTOFUTBLYR-29,-1.21,,,,,,,,nasdaq,
2026-04-09,SYSTOFUTBLYR-30,-0.45,,,,,,,,nasdaq,
2026-04-10,SYSTOFUTBLQ1-27,-6.24,,,,,,,0,euronext,2026-09-22T20:41:38Z
2026-04-10,SYSTOFUTBLQ2-27,-3.66,,,,,,,0,euronext,2026-09-22T20:41:38Z
2026-04-10,SYSTOFUTBLQ3-26,-7.83,,,,,,,,nasdaq,
2026-04-10,SYSTOFUTBLQ4-26,-6.34,,,,,,,,nasdaq,
2026-04-10,SYSTOFUTBLYR-27,-4.95,,,,,,,,nasdaq,
2026-04-10,SYSTOFUTBLYR-28,-2.13,,,,,,,,nasdaq,
2026-04-10,SYSTOFUTBLYR-29,-1.15,,,,,,,,nasdaq,
2026-04-10,SYSTOFUTBLYR-30,-0.46,,,,,,,,nasdaq,
2026-04-13,SYSTOFUTBLQ1-27,-7.00,,,,,,,0,euronext,2026-09-22T20:41:38Z
2026-04-13,SYSTOFUTBLQ2-27,-3.72,,,,,,,0,euronext,2026-09-22T20:41:38Z
2026-04-13,SYSTOFUTBLQ3-26,-8.69,,,,,,,,nasdaq,
2026-04-13,SYSTOFUTBLQ4-26,-6.00,,,,,,,,nasdaq,
2026-04-13,SYSTOFUTBLYR-27,-5.17,,,,,,,,nasdaq,
2026-04-13,SYSTOFUTBLYR-28,-2.25,,,,,,,,nasdaq,
2026-04-13,SYSTOFUTBLYR-29,-1.23,,,,,,,,nasdaq,
2026-04-13,SYSTOFUTBLYR-30,-0.48,,,,,,,,nasdaq,
2026-04-14,SYSTOFUTBLQ1-27,-6.96,,,,,,,0,euronext,2026-09-22T20:41:38Z
2026-04-14,SYSTOFUTBLQ2-27,-3.69,,,,,,,0,euronext,2026-09-22T20:41:38Z
2026-04-14,SYSTOFUTBLQ3-26,-9.03,,,,,,,,nasdaq,
2026-04-14,SYSTOFUTBLQ4-26,-7.06,,,,,,,,nasdaq,
2026-04-14,SYSTOFUTBLYR-27,-5.00,,,,,,,,nasdaq,
2026-04-14,SYSTOFUTBLYR-28,-2.28,,,,,,,,nasdaq,
2026-04-14,SYSTOFUTBLYR-29,-1.23,,,,,,,,nasdaq,
2026-04-14,SYSTOFUTBLYR-30,-0.50,,,,,,,,nasdaq,
2026-04-15,SYSTOFUTBLQ1-27,-6.87,,,,,,,4,euronext,2026-09-22T20:41:38Z
2026-04-15,SYSTOFUTBLQ2-27,-3.66,,,,,,,0,euronext,2026-09-22T20:41:38Z
2026-04-15,SYSTOFUTBLQ3-26,-8.98,,,,,,,,nasdaq,
2026-04-15,SYSTOFUTBLQ4-26,-6.98,,,,,,,,nasdaq,
2026-04-15,SYSTOFUTBLYR-27,-4.95,,,,,,,,nasdaq,
2026-04-15,SYSTOFUTBLYR-28,-2.40,,,,,,,,nasdaq,
2026-04-15,SYSTOFUTBLYR-29,-1.24,,,,,,,,nasdaq,
2026-04-15,SYSTOFUTBLYR-30,-0.50,,,,,,,,nasdaq,
2026-04-16,SYSTOFUTBLQ1-27,-6.50,,,,,,,3,euronext,2026-09-22T20:41:38Z
2026-04-16,SYSTOFUTBLQ2-27,-3.60,,,,,,,0,euronext,2026-09-22T20:41:38Z
2026-04-16,SYSTOFUTBLQ3-26,-9.08,,,,,,,,nasdaq,
2026-04-16,SYSTOFUTBLQ4-26,-6.99,,,,,,,,nasdaq,
2026-04-16,SYSTOFUTBLYR-27,-4.96,,,,,,,,nasdaq,
2026-04-16,SYSTOFUTBLYR-28,-2.41,,,,,,,,nasdaq,
2026-04-16,SYSTOFUTBLYR-29,-1.25,,,,,,,,nasdaq,
2026-04-16,SYSTOFUTBLYR-30,-0.10,,,,,,,,nasdaq,
2026-04-17,SYSTOFUTBLQ1-27,-6.50,,,,,,,5,euronext,2026-09-22T20:41:38Z
2026-04-17,SYSTOFUTBLQ2-27,-3.57,,,,,,,0,euronext,2026-09-22T20:41:38Z
2026-04-17,SYSTOFUTBLQ3-26,-9.02,,,,,,,,nasdaq,
2026-04-17,SYSTOFUTBLQ4-26,-7.00,,,,,,,,nasdaq,
2026-04-17,SYSTOFUTBLYR-27,-4.80,,,,,,,,nasdaq,
2026-04-17,SYSTOFUTBLYR-28,-2.38,,,,,,,,nasdaq,
2026-04-17,SYSTOFUTBLYR-29,-1.30,,,,,,,,nasdaq,
2026-04-17,SYSTOFUTBLYR-30,-0.10,,,,,,,,nasdaq,
2026-04-20,SYSTOFUTBLQ1-27,-6.70,,,,,,,0,euronext,2026-09-22T20:41:38Z
2026-04-20,SYSTOFUTBLQ2-27,-3.57,,,,,,,0,euronext,2026-09-22T20:41:38Z
2026-04-20,SYSTOFUTBLQ3-26,-9.50,,,,,,,,nasdaq,
2026-04-20,SYSTOFUTBLQ4-26,-7.50,,,,,,,,nasdaq,
2026-04-20,SYSTOFUTBLYR-27,-4.80,,,,,,,,nasdaq,
2026-04-20,SYSTOFUTBLYR-28,-2.35,,,,,,,,nasdaq,
2026-04-20,SYSTOFUTBLYR-29,-1.30,,,,,,,,nasdaq,
2026-04-20,SYSTOFUTBLYR-30,-0.13,,,,,,,,nasdaq,
2026-04-21,SYSTOFUTBLQ1-27,-7.56,,,,,,,0,euronext,2026-09-22T20:41:38Z
2026-04-21,SYSTOFUTBLQ2-27,-3.60,,,,,,,0,euronext,2026-09-22T20:41:38Z
2026-04-21,SYSTOFUTBLQ3-26,-10.30,,,,,,,,nasdaq,
2026-04-21,SYSTOFUTBLQ4-26,-8.06,,,,,,,,nasdaq,
2026-04-21,SYSTOFUTBLYR-27,-4.85,,,,,,,,nasdaq,
2026-04-21,SYSTOFUTBLYR-28,-2.48,,,,,,,,nasdaq,
2026-04-21,SYSTOFUTBLYR-29,-0.90,,,,,,,,nasdaq,
2026-04-21,SYSTOFUTBLYR-30,-0.14,,,,,,,,nasdaq,
2026-04-22,SYSTOFUTBLQ1-27,-7.59,,,,,,,0,euronext,2026-09-22T20:41:38Z
2026-04-22,SYSTOFUTBLQ2-27,-3.63,,,,,,,0,euronext,2026-09-22T20:41:38Z
2026-04-22,SYSTOFUTBLQ3-26,-10.33,,,,,,,,nasdaq,
2026-04-22,SYSTOFUTBLQ4-26,-8.00,,,,,,,,nasdaq,
2026-04-22,SYSTOFUTBLYR-27,-4.50,,,,,,,,nasdaq,
2026-04-22,SYSTOFUTBLYR-28,-2.50,,,,,,,,nasdaq,
2026-04-22,SYSTOFUTBLYR-29,-1.35,,,,,,,,nasdaq,
2026-04-22,SYSTOFUTBLYR-30,-0.16,,,,,,,,nasdaq,
2026-04-23,SYSTOFUTBLQ1-27,-7.67,,,,,,,0,euronext,2026-09-22T20:41:38Z
2026-04-23,SYSTOFUTBLQ2-27,-3.70,,,,,,,0,euronext,2026-09-22T20:41:38Z
2026-04-23,SYSTOFUTBLQ3-26,-10.70,,,,,,,,nasdaq,
2026-04-23,SYSTOFUTBLQ4-26,-8.25,,,,,,,,nasdaq,
2026-04-23,SYSTOFUTBLYR-27,-5.00,,,,,,,,nasdaq,
2026-04-23,SYSTOFUTBLYR-28,-2.50,,,,,,,,nasdaq,
2026-04-23,SYSTOFUTBLYR-29,-1.40,,,,,,,,nasdaq,
2026-04-23,SYSTOFUTBLYR-30,-0.10,,,,,,,,nasdaq,
2026-04-24,SYSTOFUTBLQ1-27,-7.63,,,,,,,0,euronext,2026-09-22T20:41:38Z
2026-04-24,SYSTOFUTBLQ2-27,-3.69,,,,,,,0,euronext,2026-09-22T20:41:38Z
2026-04-24,SYSTOFUTBLQ3-26,-10.61,,,,,,,,nasdaq,
2026-04-24,SYSTOFUTBLQ4-26,-7.94,,,,,,,,nasdaq,
2026-04-24,SYSTOFUTBLYR-27,-5.00,,,,,,,,nasdaq,
2026-04-24,SYSTOFUTBLYR-28,-2.46,,,,,,,,nasdaq,
2026-04-24,SYSTOFUTBLYR-29,-0.87,,,,,,,,nasdaq,
2026-04-24,SYSTOFUTBLYR-30,-0.11,,,,,,,,nasdaq,
2026-04-27,SYSTOFUTBLQ1-27,-7.57,,,,,,,0,euronext,2026-09-22T20:41:38Z
2026-04-27,SYSTOFUTBLQ2-27,-3.63,,,,,,,0,euronext,2026-09-22T20:41:38Z
2026-04-27,SYSTOFUTBLQ3-26,-10.25,,,,,,,,nasdaq,
2026-04-27,SYSTOFUTBLQ4-26,-7.72,,,,,,,,nasdaq,
2026-04-27,SYSTOFUTBLYR-27,-5.12,,,,,,,,nasdaq,
2026-04-27,SYSTOFUTBLYR-28,-1.98,,,,,,,,nasdaq,
2026-04-27,SYSTOFUTBLYR-29,-1.25,,,,,,,,nasdaq,
2026-04-27,SYSTOFUTBLYR-30,-0.07,,,,,,,,nasdaq,
2026-04-28,SYSTOFUTBLQ1-27,-7.57,,,,,,,0,euronext,2026-09-22T20:41:38Z
2026-04-28,SYSTOFUTBLQ2-27,-3.67,,,,,,,0,euronext,2026-09-22T20:41:38Z
2026-04-28,SYSTOFUTBLQ3-26,-10.67,,,,,,,,nasdaq,
2026-04-28,SYSTOFUTBLQ4-26,-8.15,,,,,,,,nasdaq,
2026-04-28,SYSTOFUTBLYR-27,-4.92,,,,,,,,nasdaq,
2026-04-28,SYSTOFUTBLYR-28,-2.32,,,,,,,,nasdaq,
2026-04-28,SYSTOFUTBLYR-29,-1.25,,,,,,,,nasdaq,
2026-04-28,SYSTOFUTBLYR-30,-0.32,,,,,,,,nasdaq,
2026-04-29,SYSTOFUTBLQ1-27,-7.61,,,,,,,0,euronext,2026-09-22T20:41:38Z
2026-04-29,SYSTOFUTBLQ2-27,-3.70,,,,,,,0,euronext,2026-09-22T20:41:38Z
2026-04-29,SYSTOFUTBLQ3-26,-10.51,,,,,,,,nasdaq,
2026-04-29,SYSTOFUTBLQ4-26,-8.20,,,,,,,,nasdaq,
2026-04-29,SYSTOFUTBLYR-27,-4.65,,,,,,,,nasdaq,
2026-04-29,SYSTOFUTBLYR-28,-2.34,,,,,,,,nasdaq,
2026-04-29,SYSTOFUTBLYR-29,-1.27,,,,,,,,nasdaq,
2026-04-29,SYSTOFUTBLYR-30,0.22,,,,,,,,nasdaq,
2026-04-30,SYSTOFUTBLQ1-27,-7.93,,,,,,,0,euronext,2026-09-22T20:41:38Z
2026-04-30,SYSTOFUTBLQ2-27,-3.68,,,,,,,0,euronext,2026-09-22T20:41:38Z
2026-04-30,SYSTOFUTBLQ4-26,-8.41,,,,,,,0,euronext,2026-09-22T20:41:38Z
2026-04-30,SYSTOFUTBLYR-27,-4.37,,,,,,,0,euronext,2026-09-22T20:41:38Z
2026-04-30,SYSTOFUTBLYR-28,-2.30,,,,,,,2,euronext,2026-09-22T20:41:38Z
2026-04-30,SYSTOFUTBLYR-29,0.00,,,,,,,0,euronext,2026-09-22T20:41:38Z
2026-04-30,SYSTOFUTBLYR-30,0.11,,,,,,,0,euronext,2026-09-22T20:41:38Z
2026-05-04,SYSTOFUTBLQ1-27,-8.50,,,,,,,0,euronext,2026-09-22T20:41:38Z
2026-05-04,SYSTOFUTBLQ2-27,-3.98,,,,,,,0,euronext,2026-09-22T20:41:38Z
2026-05-04,SYSTOFUTBLQ4-26,-8.97,,,,,,,0,euronext,2026-09-22T20:41:38Z
2026-05-04,SYSTOFUTBLYR-27,-5.05,,,-4.50,-4.50,,-4.50,1,euronext,2026-09-22T20:41:38Z
2026-05-04,SYSTOFUTBLYR-28,-2.67,,,,,,,0,euronext,2026-09-22T20:41:38Z
2026-05-04,SYSTOFUTBLYR-29,-0.64,,,,,,,0,euronext,2026-09-22T20:41:38Z
2026-05-04,SYSTOFUTBLYR-30,0.08,,,,,,,0,euronext,2026-09-22T20:41:38Z
2026-05-05,SYSTOFUTBLQ1-27,-8.92,,,,,,,0,euronext,2026-09-22T20:41:38Z
2026-05-05,SYSTOFUTBLQ2-27,-4.07,,,,,,,0,euronext,2026-09-22T20:41:38Z
2026-05-05,SYSTOFUTBLQ4-26,-9.67,,,,,,,40,euronext,2026-09-22T20:41:38Z
2026-05-05,SYSTOFUTBLYR-27,-5.14,,,,,,,20,euronext,2026-09-22T20:41:38Z
2026-05-05,SYSTOFUTBLYR-28,-2.47,,,,,,,20,euronext,2026-09-22T20:41:38Z
2026-05-05,SYSTOFUTBLYR-29,-0.62,,,,,,,0,euronext,2026-09-22T20:41:38Z
2026-05-05,SYSTOFUTBLYR-30,0.11,,,,,,,0,euronext,2026-09-22T20:41:38Z
2026-05-06,SYSTOFUTBLQ1-27,-8.45,,,,,,,0,euronext,2026-09-22T20:41:38Z
2026-05-06,SYSTOFUTBLQ2-27,-3.68,,,,,,,0,euronext,2026-09-22T20:41:38Z
2026-05-06,SYSTOFUTBLQ4-26,-9.65,,,,,,,0,euronext,2026-09-22T20:41:38Z
2026-05-06,SYSTOFUTBLYR-27,-5.07,,,,,,,0,euronext,2026-09-22T20:41:38Z
2026-05-06,SYSTOFUTBLYR-28,-2.32,,,,,,,0,euronext,2026-09-22T20:41:38Z
2026-05-06,SYSTOFUTBLYR-29,-1.04,,,,,,,0,euronext,2026-09-22T20:41:38Z
2026-05-06,SYSTOFUTBLYR-30,0.09,,,,,,,0,euronext,2026-09-22T20:41:38Z
2026-05-07,SYSTOFUTBLQ1-27,-8.25,,,,,,,16,euronext,2026-09-22T20:41:38Z
2026-05-07,SYSTOFUTBLQ2-27,-3.77,,,,,,,0,euronext,2026-09-22T20:41:38Z
2026-05-07,SYSTOFUTBLQ4-26,-9.30,,,,,,,3,euronext,2026-09-22T20:41:38Z
2026-05-07,SYSTOFUTBLYR-27,-5.82,,,,,,,0,euronext,2026-09-22T20:41:38Z
2026-05-07,SYSTOFUTBLYR-28,-2.95,,,,,,,0,euronext,2026-09-22T20:41:38Z
2026-05-07,SYSTOFUTBLYR-29,-1.38,,,,,,,7,euronext,2026-09-22T20:41:38Z
2026-05-07,SYSTOFUTBLYR-30,0.13,,,,,,,0,euronext,2026-09-22T20:41:38Z
2026-05-08,SYSTOFUTBLQ1-27,-8.25,,,,,,,2,euronext,2026-09-22T20:41:38Z
2026-05-08,SYSTOFUTBLQ2-27,-4.03,,,,,,,0,euronext,2026-09-22T20:41:38Z
2026-05-08,SYSTOFUTBLQ4-26,-9.75,,,,,,,10,euronext,2026-09-22T20:41:38Z
2026-05-08,SYSTOFUTBLYR-27,-5.15,,,-5.15,-5.15,,-5.15,1,euronext,2026-09-22T20:41:38Z
2026-05-08,SYSTOFUTBLYR-28,-2.30,,,,,,,1,euronext,2026-09-22T20:41:38Z
2026-05-08,SYSTOFUTBLYR-29,-1.41,,,,,,,0,euronext,2026-09-22T20:41:38Z
2026-05-08,SYSTOFUTBLYR-30,0.10,,,,,,,0,euronext,2026-09-22T20:41:38Z
2026-05-11,SYSTOFUTBLQ1-27,-8.86,,,,,,,0,euronext,2026-09-22T20:41:38Z
2026-05-11,SYSTOFUTBLQ2-27,-4.22,,,,,,,0,euronext,2026-09-22T20:41:38Z
2026-05-11,SYSTOFUTBLQ4-26,-10.50,,,,,,,0,euronext,2026-09-22T20:41:38Z
2026-05-11,SYSTOFUTBLYR-27,-5.52,,,,,,,0,euronext,2026-09-22T20:41:38Z
2026-05-11,SYSTOFUTBLYR-28,-2.30,,,,,,,1,euronext,2026-09-22T20:41:38Z
2026-05-11,SYSTOFUTBLYR-29,-1.43,,,,,,,0,euronext,2026-09-22T20:41:38Z
2026-05-11,SYSTOFUTBLYR-30,0.08,,,,,,,0,euronext,2026-09-22T20:41:38Z
2026-05-12,SYSTOFUTBLQ1-27,-9.25,,,,,,,0,euronext,2026-09-22T20:41:38Z
2026-05-12,SYSTOFUTBLQ2-27,-4.37,,,,,,,0,euronext,2026-09-22T20:41:38Z
2026-05-12,SYSTOFUTBLQ4-26,-10.52,,,,,,,0,euronext,2026-09-22T20:41:38Z
2026-05-12,SYSTOFUTBLYR-27,-5.55,,,,,,,0,euronext,2026-09-22T20:41:38Z
2026-05-12,SYSTOFUTBLYR-28,-2.30,,,,,,,1,euronext,2026-09-22T20:41:38Z
2026-05-12,SYSTOFUTBLYR-29,-1.30,,,,,,,3,euronext,2026-09-22T20:41:38Z
2026-05-12,SYSTOFUTBLYR-30,0.15,,,,,,,3,euronext,2026-09-22T20:41:38Z
2026-05-13,SYSTOFUTBLQ1-27,-9.41,,,,,,,0,euronext,2026-09-22T20:41:38Z
2026-05-13,SYSTOFUTBLQ2-27,-4.37,,,,,,,0,euronext,2026-09-22T20:41:38Z
2026-05-13,SYSTOFUTBLQ4-26,-10.73,,,,,,,0,euronext,2026-09-22T20:41:38Z
2026-05-13,SYSTOFUTBLYR-27,-5.20,,,,,,,4,euronext,2026-09-22T20:41:38Z
2026-05-13,SYSTOFUTBLYR-28,-2.15,,,,,,,4,euronext,2026-09-22T20:41:38Z
2026-05-13,SYSTOFUTBLYR-29,-1.25,,,,,,,2,euronext,2026-09-22T20:41:38Z
2026-05-13,SYSTOFUTBLYR-30,0.14,,,,,,,0,euronext,2026-09-22T20:41:38Z
2026-05-14,SYSTOFUTBLQ1-27,-9.41,,,,,,,0,euronext,2026-09-22T20:41:38Z
2026-05-14,SYSTOFUTBLQ2-27,-4.37,,,,,,,0,euronext,2026-09-22T20:41:38Z
2026-05-14,SYSTOFUTBLQ4-26,-10.73,,,,,,,0,euronext,2026-09-22T20:41:38Z
2026-05-14,SYSTOFUTBLYR-27,-5.20,,,,,,,0,euronext,2026-09-22T20:41:38Z
2026-05-14,SYSTOFUTBLYR-28,-2.15,,,,,,,0,euronext,2026-09-22T20:41:38Z
2026-05-14,SYSTOFUTBLYR-29,-1.25,,,,,,,0,euronext,2026-09-22T20:41:38Z
2026-05-14,SYSTOFUTBLYR-30,0.14,,,,,,,0,euronext,2026-09-22T20:41:38Z
2026-05-15,SYSTOFUTBLQ1-27,-8.85,,,,,,,0,euronext,2026-09-22T20:41:38Z
2026-05-15,SYSTOFUTBLQ2-27,-4.46,,,,,,,0,euronext,2026-09-22T20:41:38Z
2026-05-15,SYSTOFUTBLQ4-26,-11.05,,,,,,,13,euronext,2026-09-22T20:41:38Z
2026-05-15,SYSTOFUTBLYR-27,-5.15,,,,,,,0,euronext,2026-09-22T20:41:38Z
2026-05-15,SYSTOFUTBLYR-28,-2.20,,,,,,,1,euronext,2026-09-22T20:41:38Z
2026-05-15,SYSTOFUTBLYR-29,-1.24,,,,,,,0,euronext,2026-09-22T20:41:38Z
2026-05-15,SYSTOFUTBLYR-30,0.16,,,,,,,0,euronext,2026-09-22T20:41:38Z
2026-05-18,SYSTOFUTBLQ1-27,-8.50,,,,,,,9,euronext,2026-09-22T20:41:38Z
2026-05-18,SYSTOFUTBLQ2-27,-4.28,,,,,,,0,euronext,2026-09-22T20:41:38Z
2026-05-18,SYSTOFUTBLQ4-26,-11.05,,,,,,,0,euronext,2026-09-22T20:41:38Z
2026-05-18,SYSTOFUTBLYR-27,-5.25,,,,,,,0,euronext,2026-09-22T20:41:38Z
2026-05-18,SYSTOFUTBLYR-28,-2.20,,,,,,,2,euronext,2026-09-22T20:41:38Z
2026-05-18,SYSTOFUTBLYR-29,-1.21,,,,,,,0,euronext,2026-09-22T20:41:38Z
2026-05-18,SYSTOFUTBLYR-30,0.18,,,,,,,0,euronext,2026-09-22T20:41:38Z
2026-05-19,SYSTOFUTBLQ1-27,-8.00,,,,,,,0,euronext,2026-09-22T20:41:38Z
2026-05-19,SYSTOFUTBLQ2-27,-4.32,,,,,,,0,euronext,2026-09-22T20:41:38Z
2026-05-19,SYSTOFUTBLQ4-26,-11.39,,,,,,,63,euronext,2026-09-22T20:41:38Z
2026-05-19,SYSTOFUTBLYR-27,-5.30,,,,,,,20,euronext,2026-09-22T20:41:38Z
2026-05-19,SYSTOFUTBLYR-28,-2.34,,,,,,,20,euronext,2026-09-22T20:41:38Z
2026-05-19,SYSTOFUTBLYR-29,-1.18,,,,,,,0,euronext,2026-09-22T20:41:38Z
2026-05-19,SYSTOFUTBLYR-30,0.20,,,,,,,0,euronext,2026-09-22T20:41:38Z
2026-05-20,SYSTOFUTBLQ1-27,-7.80,,,,,,,5,euronext,2026-09-22T20:41:38Z
2026-05-20,SYSTOFUTBLQ2-27,-4.34,,,,,,,0,euronext,2026-09-22T20:41:38Z
2026-05-20,SYSTOFUTBLQ4-26,-11.33,,,,,,,0,euronext,2026-09-22T20:41:38Z
2026-05-20,SYSTOFUTBLYR-27,-5.30,,,,,,,2,euronext,2026-09-22T20:41:38Z
2026-05-20,SYSTOFUTBLYR-28,-2.20,,,-2.20,-2.20,,-2.20,1,euronext,2026-09-22T20:41:38Z
2026-05-20,SYSTOFUTBLYR-29,-1.20,,,,,,,1,euronext,2026-09-22T20:41:38Z
2026-05-20,SYSTOFUTBLYR-30,0.15,,,,,,,3,euronext,2026-09-22T20:41:38Z
2026-05-21,SYSTOFUTBLQ1-27,-7.55,,,,,,,5,euronext,2026-09-22T20:41:38Z
2026-05-21,SYSTOFUTBLQ2-27,-4.34,,,,,,,0,euronext,2026-09-22T20:41:38Z
2026-05-21,SYSTOFUTBLQ4-26,-11.00,,,,,,,3,euronext,2026-09-22T20:41:38Z
2026-05-21,SYSTOFUTBLYR-27,-5.00,,,,,,,2,euronext,2026-09-22T20:41:38Z
2026-05-21,SYSTOFUTBLYR-28,-2.00,,,,,,,2,euronext,2026-09-22T20:41:38Z
2026-05-21,SYSTOFUTBLYR-29,-1.20,,,,,,,2,euronext,2026-09-22T20:41:38Z
2026-05-21,SYSTOFUTBLYR-30,0.13,,,,,,,0,euronext,2026-09-22T20:41:38Z
2026-05-22,SYSTOFUTBLQ1-27,-8.11,,,,,,,0,euronext,2026-09-22T20:41:38Z
2026-05-22,SYSTOFUTBLQ2-27,-4.31,,,,,,,0,euronext,2026-09-22T20:41:38Z
2026-05-22,SYSTOFUTBLQ4-26,-10.91,,,,,,,0,euronext,2026-09-22T20:41:38Z
2026-05-22,SYSTOFUTBLYR-27,-5.00,,,,,,,0,euronext,2026-09-22T20:41:38Z
2026-05-22,SYSTOFUTBLYR-28,-2.06,,,,,,,0,euronext,2026-09-22T20:41:38Z
2026-05-22,SYSTOFUTBLYR-29,-1.20,,,,,,,3,euronext,2026-09-22T20:41:38Z
2026-05-22,SYSTOFUTBLYR-30,0.15,,,,,,,0,euronext,2026-09-22T20:41:38Z
2026-05-25,SYSTOFUTBLQ1-27,-8.11,,,,,,,0,euronext,2026-09-22T20:41:38Z
2026-05-25,SYSTOFUTBLQ2-27,-4.31,,,,,,,0,euronext,2026-09-22T20:41:38Z
2026-05-25,SYSTOFUTBLQ4-26,-10.91,,,,,,,0,euronext,2026-09-22T20:41:38Z
2026-05-25,SYSTOFUTBLYR-27,-5.00,,,,,,,0,euronext,2026-09-22T20:41:38Z
2026-05-25,SYSTOFUTBLYR-28,-2.06,,,,,,,0,euronext,2026-09-22T20:41:38Z
2026-05-25,SYSTOFUTBLYR-29,-1.20,,,,,,,0,euronext,2026-09-22T20:41:38Z
2026-05-25,SYSTOFUTBLYR-30,0.15,,,,,,,0,euronext,2026-09-22T20:41:38Z
2026-05-26,SYSTOFUTBLQ1-27,-8.00,,,,,,,15,euronext,2026-09-22T20:41:38Z
2026-05-26,SYSTOFUTBLQ2-27,-4.11,,,,,,,0,euronext,2026-09-22T20:41:38Z
2026-05-26,SYSTOFUTBLQ4-26,-9.80,,,,,,,0,euronext,2026-09-22T20:41:38Z
2026-05-26,SYSTOFUTBLYR-27,-4.93,,,,,,,0,euronext,2026-09-22T20:41:38Z
2026-05-26,SYSTOFUTBLYR-28,-1.90,,,,,,,1,euronext,2026-09-22T20:41:38Z
2026-05-26,SYSTOFUTBLYR-29,-1.20,,,,,,,0,euronext,2026-09-22T20:41:38Z
2026-05-26,SYSTOFUTBLYR-30,0.21,,,,,,,0,euronext,2026-09-22T20:41:38Z
2026-05-27,SYSTOFUTBLQ1-27,-7.50,,,,,,,6,euronext,2026-09-22T20:41:38Z
2026-05-27,SYSTOFUTBLQ2-27,-3.76,,,,,,,0,euronext,2026-09-22T20:41:38Z
2026-05-27,SYSTOFUTBLQ4-26,-9.50,,,,,,,9,euronext,2026-09-22T20:41:38Z
2026-05-27,SYSTOFUTBLYR-27,-4.76,,,,,,,0,euronext,2026-09-22T20:41:38Z
2026-05-27,SYSTOFUTBLYR-28,-1.75,,,,,,,1,euronext,2026-09-22T20:41:38Z
2026-05-27,SYSTOFUTBLYR-29,-1.10,,,,,,,1,euronext,2026-09-22T20:41:38Z
2026-05-27,SYSTOFUTBLYR-30,0.88,,,,,,,0,euronext,2026-09-22T20:41:38Z
2026-05-28,SYSTOFUTBLQ1-27,-7.19,,,,,,,0,euronext,2026-09-22T20:41:38Z
2026-05-28,SYSTOFUTBLQ2-27,-4.03,,,,,,,0,euronext,2026-09-22T20:41:38Z
2026-05-28,SYSTOFUTBLQ4-26,-9.37,,,,,,,0,euronext,2026-09-22T20:41:38Z
2026-05-28,SYSTOFUTBLYR-27,-4.20,,,,,,,4,euronext,2026-09-22T20:41:38Z
2026-05-28,SYSTOFUTBLYR-28,-1.50,,,,,,,6,euronext,2026-09-22T20:41:38Z
2026-05-28,SYSTOFUTBLYR-29,-0.90,,,,,,,0,euronext,2026-09-22T20:41:38Z
2026-05-28,SYSTOFUTBLYR-30,0.83,,,,,,,0,euronext,2026-09-22T20:41:38Z
2026-05-29,SYSTOFUTBLQ1-27,-7.61,,,,,,,0,euronext,2026-09-22T20:41:38Z
2026-05-29,SYSTOFUTBLQ2-27,-4.24,,,,,,,0,euronext,2026-09-22T20:41:38Z
2026-05-29,SYSTOFUTBLQ4-26,-9.42,,,,,,,0,euronext,2026-09-22T20:41:38Z
2026-05-29,SYSTOFUTBLYR-27,-3.90,,,,,,,11,euronext,2026-09-22T20:41:38Z
2026-05-29,SYSTOFUTBLYR-28,-1.83,,,,,,,1,euronext,2026-09-22T20:41:38Z
2026-05-29,SYSTOFUTBLYR-29,-0.77,,,,,,,0,euronext,2026-09-22T20:41:38Z
2026-05-29,SYSTOFUTBLYR-30,0.82,,,,,,,0,euronext,2026-09-22T20:41:38Z
2026-06-01,SYSTOFUTBLMSEP-26,-9.10,,,,,,,0,euronext,2026-09-22T20:41:38Z
2026-06-01,SYSTOFUTBLQ1-27,-7.87,,,,,,,0,euronext,2026-09-22T20:41:38Z
2026-06-01,SYSTOFUTBLQ2-27,-4.69,,,,,,,0,euronext,2026-09-22T20:41:38Z
2026-06-01,SYSTOFUTBLQ4-26,-10.25,,,-10.00,-10.25,,-10.00,3,euronext,2026-09-22T20:41:38Z
2026-06-01,SYSTOFUTBLYR-27,-4.00,,,,,,,1,euronext,2026-09-22T20:41:38Z
2026-06-01,SYSTOFUTBLYR-28,-1.55,,,,,,,0,euronext,2026-09-22T20:41:38Z
2026-06-01,SYSTOFUTBLYR-29,-1.38,,,,,,,0,euronext,2026-09-22T20:41:38Z
2026-06-01,SYSTOFUTBLYR-30,0.73,,,,,,,0,euronext,2026-09-22T20:41:38Z
2026-06-02,SYSTOFUTBLMSEP-26,-8.56,,,,,,,0,euronext,2026-09-22T20:41:38Z
2026-06-02,SYSTOFUTBLQ1-27,-7.80,,,,,,,20,euronext,2026-09-22T20:41:38Z
2026-06-02,SYSTOFUTBLQ2-27,-4.56,,,,,,,0,euronext,2026-09-22T20:41:38Z
2026-06-02,SYSTOFUTBLQ4-26,-10.00,,,-10.00,-10.00,,-10.00,45,euronext,2026-09-22T20:41:38Z
2026-06-02,SYSTOFUTBLYR-27,-4.00,,,,,,,20,euronext,2026-09-22T20:41:38Z
2026-06-02,SYSTOFUTBLYR-28,-1.45,,,,,,,24,euronext,2026-09-22T20:41:38Z
2026-06-02,SYSTOFUTBLYR-29,-1.75,,,,,,,4,euronext,2026-09-22T20:41:38Z
2026-06-02,SYSTOFUTBLYR-30,0.76,,,,,,,0,euronext,2026-09-22T20:41:38Z
2026-06-03,SYSTOFUTBLMSEP-26,-8.82,,,,,,,0,euronext,2026-09-22T20:41:38Z
2026-06-03,SYSTOFUTBLQ1-27,-7.50,,,,,,,0,euronext,2026-09-22T20:41:38Z
2026-06-03,SYSTOFUTBLQ2-27,-4.73,,,,,,,0,euronext,2026-09-22T20:41:38Z
2026-06-03,SYSTOFUTBLQ4-26,-10.22,,,,,,,0,euronext,2026-09-22T20:41:38Z
2026-06-03,SYSTOFUTBLYR-27,-4.00,,,,,,,1,euronext,2026-09-22T20:41:38Z
2026-06-03,SYSTOFUTBLYR-28,-1.35,,,,,,,1,euronext,2026-09-22T20:41:38Z
2026-06-03,SYSTOFUTBLYR-29,-1.62,,,,,,,0,euronext,2026-09-22T20:41:38Z
2026-06-03,SYSTOFUTBLYR-30,0.12,,,,,,,0,euronext,2026-09-22T20:41:38Z
2026-06-04,SYSTOFUTBLMSEP-26,-8.08,,,,,,,0,euronext,2026-09-22T20:41:38Z
2026-06-04,SYSTOFUTBLQ1-27,-7.37,,,,,,,0,euronext,2026-09-22T20:41:38Z
2026-06-04,SYSTOFUTBLQ2-27,-4.57,,,,,,,0,euronext,2026-09-22T20:41:38Z
2026-06-04,SYSTOFUTBLQ4-26,-10.25,,,,,,,12,euronext,2026-09-22T20:41:38Z
2026-06-04,SYSTOFUTBLYR-27,-4.05,,,,,,,16,euronext,2026-09-22T20:41:38Z
2026-06-04,SYSTOFUTBLYR-28,-1.02,,,,,,,0,euronext,2026-09-22T20:41:38Z
2026-06-04,SYSTOFUTBLYR-29,-1.60,,,,,,,0,euronext,2026-09-22T20:41:38Z
2026-06-04,SYSTOFUTBLYR-30,0.15,,,,,,,0,euronext,2026-09-22T20:41:38Z
2026-06-05,SYSTOFUTBLMSEP-26,-8.00,,,,,,,0,euronext,2026-09-22T20:41:38Z
2026-06-05,SYSTOFUTBLQ1-27,-7.55,,,,,,,10,euronext,2026-09-22T20:41:38Z
2026-06-05,SYSTOFUTBLQ2-27,-4.31,,,,,,,0,euronext,2026-09-22T20:41:38Z
2026-06-05,SYSTOFUTBLQ4-26,-9.75,,,,,,,0,euronext,2026-09-22T20:41:38Z
2026-06-05,SYSTOFUTBLYR-27,-3.87,,,,,,,5,euronext,2026-09-22T20:41:38Z
2026-06-05,SYSTOFUTBLYR-28,-1.25,,,,,,,0,euronext,2026-09-22T20:41:38Z
2026-06-05,SYSTOFUTBLYR-29,-1.72,,,,,,,0,euronext,2026-09-22T20:41:38Z
2026-06-05,SYSTOFUTBLYR-30,0.39,,,,,,,1,euronext,2026-09-22T20:41:38Z
2026-06-08,SYSTOFUTBLMSEP-26,-8.00,,,,,,,3,euronext,2026-09-22T20:41:38Z
2026-06-08,SYSTOFUTBLQ1-27,-7.45,,,,,,,21,euronext,2026-09-22T20:41:38Z
2026-06-08,SYSTOFUTBLQ2-27,-4.17,,,,,,,0,euronext,2026-09-22T20:41:38Z
2026-06-08,SYSTOFUTBLQ4-26,-9.65,,,,,,,18,euronext,2026-09-22T20:41:38Z
2026-06-08,SYSTOFUTBLYR-27,-3.75,,,,,,,5,euronext,2026-09-22T20:41:38Z
2026-06-08,SYSTOFUTBLYR-28,-1.10,,,,,,,7,euronext,2026-09-22T20:41:38Z
2026-06-08,SYSTOFUTBLYR-29,-1.50,,,,,,,7,euronext,2026-09-22T20:41:38Z
2026-06-08,SYSTOFUTBLYR-30,0.39,,,,,,,0,euronext,2026-09-22T20:41:38Z
2026-06-09,SYSTOFUTBLMSEP-26,-5.75,,,,,,,0,euronext,2026-09-22T20:41:38Z
2026-06-09,SYSTOFUTBLQ1-27,-7.20,,,,,,,5,euronext,2026-09-22T20:41:38Z
2026-06-09,SYSTOFUTBLQ2-27,-3.86,,,,,,,0,euronext,2026-09-22T20:41:38Z
2026-06-09,SYSTOFUTBLQ4-26,-9.15,,,-9.15,-9.15,,-9.15,2,euronext,2026-09-22T20:41:38Z
2026-06-09,SYSTOFUTBLYR-27,-3.50,,,,,,,13,euronext,2026-09-22T20:41:38Z
2026-06-09,SYSTOFUTBLYR-28,0.00,,,,,,,12,euronext,2026-09-22T20:41:38Z
2026-06-09,SYSTOFUTBLYR-29,-1.50,,,,,,,0,euronext,2026-09-22T20:41:38Z
2026-06-09,SYSTOFUTBLYR-30,0.42,,,,,,,0,euronext,2026-09-22T20:41:38Z
2026-06-10,SYSTOFUTBLMSEP-26,-5.65,,,,,,,0,euronext,2026-09-22T20:41:38Z
2026-06-10,SYSTOFUTBLQ1-27,-7.30,,,,,,,0,euronext,2026-09-22T20:41:38Z
2026-06-10,SYSTOFUTBLQ2-27,-3.94,,,,,,,0,euronext,2026-09-22T20:41:38Z
2026-06-10,SYSTOFUTBLQ4-26,-8.40,,,,,,,0,euronext,2026-09-22T20:41:38Z
2026-06-10,SYSTOFUTBLYR-27,-3.25,,,,,,,17,euronext,2026-09-22T20:41:38Z
2026-06-10,SYSTOFUTBLYR-28,-1.38,,,,,,,0,euronext,2026-09-22T20:41:38Z
2026-06-10,SYSTOFUTBLYR-29,0.00,,,,,,,10,euronext,2026-09-22T20:41:38Z
2026-06-10,SYSTOFUTBLYR-30,0.31,,,,,,,0,euronext,2026-09-22T20:41:38Z
2026-06-11,SYSTOFUTBLMSEP-26,-5.08,,,,,,,0,euronext,2026-09-22T20:41:38Z
2026-06-11,SYSTOFUTBLQ1-27,-7.38,,,,,,,0,euronext,2026-09-22T20:41:38Z
2026-06-11,SYSTOFUTBLQ2-27,-4.00,,,,,,,0,euronext,2026-09-22T20:41:38Z
2026-06-11,SYSTOFUTBLQ4-26,-8.00,,,,,,,12,euronext,2026-09-22T20:41:38Z
2026-06-11,SYSTOFUTBLYR-27,-3.00,,,,,,,4,euronext,2026-09-22T20:41:38Z
2026-06-11,SYSTOFUTBLYR-28,-0.75,,,,,,,5,euronext,2026-09-22T20:41:38Z
2026-06-11,SYSTOFUTBLYR-29,-0.75,,,,,,,0,euronext,2026-09-22T20:41:38Z
2026-06-11,SYSTOFUTBLYR-30,0.97,,,,,,,0,euronext,2026-09-22T20:41:38Z
2026-06-12,SYSTOFUTBLMSEP-26,-4.28,,,,,,,0,euronext,2026-09-22T20:41:38Z
2026-06-12,SYSTOFUTBLQ1-27,-6.50,,,,,,,0,euronext,2026-09-22T20:41:38Z
2026-06-12,SYSTOFUTBLQ2-27,-3.42,,,,,,,0,euronext,2026-09-22T20:41:38Z
2026-06-12,SYSTOFUTBLQ4-26,-7.40,,,,,,,0,euronext,2026-09-22T20:41:38Z
2026-06-12,SYSTOFUTBLYR-27,-2.62,,,,,,,0,euronext,2026-09-22T20:41:38Z
2026-06-12,SYSTOFUTBLYR-28,-0.69,,,,,,,0,euronext,2026-09-22T20:41:38Z
2026-06-12,SYSTOFUTBLYR-29,-0.71,,,,,,,0,euronext,2026-09-22T20:41:38Z
2026-06-12,SYSTOFUTBLYR-30,0.98,,,,,,,0,euronext,2026-09-22T20:41:38Z
2026-06-15,SYSTOFUTBLMSEP-26,-3.73,,,,,,,0,euronext,2026-09-22T20:41:38Z
2026-06-15,SYSTOFUTBLQ1-27,-5.87,,,,,,,0,euronext,2026-09-22T20:41:38Z
2026-06-15,SYSTOFUTBLQ2-27,-3.35,,,,,,,0,euronext,2026-09-22T20:41:38Z
2026-06-15,SYSTOFUTBLQ4-26,-6.66,,,,,,,0,euronext,2026-09-22T20:41:38Z
2026-06-15,SYSTOFUTBLYR-27,-2.35,,,,,,,0,euronext,2026-09-22T20:41:38Z
2026-06-15,SYSTOFUTBLYR-28,-0.68,,,,,,,0,euronext,2026-09-22T20:41:38Z
2026-06-15,SYSTOFUTBLYR-29,-0.70,,,,,,,0,euronext,2026-09-22T20:41:38Z
2026-06-15,SYSTOFUTBLYR-30,0.99,,,,,,,0,euronext,2026-09-22T20:41:38Z
2026-06-16,SYSTOFUTBLMSEP-26,-4.45,,,,,,,0,euronext,2026-09-22T20:41:38Z
2026-06-16,SYSTOFUTBLQ1-27,-5.83,,,,,,,0,euronext,2026-09-22T20:41:38Z
2026-06-16,SYSTOFUTBLQ2-27,-3.42,,,,,,,0,euronext,2026-09-22T20:41:38Z
2026-06-16,SYSTOFUTBLQ4-26,-6.99,,,,,,,42,euronext,2026-09-22T20:41:38Z
2026-06-16,SYSTOFUTBLYR-27,-2.25,,,,,,,23,euronext,2026-09-22T20:41:38Z
2026-06-16,SYSTOFUTBLYR-28,-0.55,,,,,,,20,euronext,2026-09-22T20:41:38Z
2026-06-16,SYSTOFUTBLYR-29,-0.12,,,,,,,0,euronext,2026-09-22T20:41:38Z
2026-06-16,SYSTOFUTBLYR-30,1.02,,,,,,,0,euronext,2026-09-22T20:41:38Z
2026-06-17,SYSTOFUTBLMSEP-26,-3.60,,,,,,,5,euronext,2026-09-22T20:41:38Z
2026-06-17,SYSTOFUTBLQ1-27,-5.45,,,,,,,20,euronext,2026-09-22T20:41:38Z
2026-06-17,SYSTOFUTBLQ2-27,-3.63,,,,,,,0,euronext,2026-09-22T20:41:38Z
2026-06-17,SYSTOFUTBLQ4-26,-6.15,,,,,,,0,euronext,2026-09-22T20:41:38Z
2026-06-17,SYSTOFUTBLYR-27,-2.17,,,,,,,0,euronext,2026-09-22T20:41:38Z
2026-06-17,SYSTOFUTBLYR-28,-0.40,,,,,,,10,euronext,2026-09-22T20:41:38Z
2026-06-17,SYSTOFUTBLYR-29,-0.10,,,,,,,11,euronext,2026-09-22T20:41:38Z
2026-06-17,SYSTOFUTBLYR-30,1.00,,,,,,,0,euronext,2026-09-22T20:41:38Z
2026-06-18,SYSTOFUTBLMSEP-26,-3.75,,,-3.75,-3.75,,-3.75,2,euronext,2026-09-22T20:41:38Z
2026-06-18,SYSTOFUTBLQ1-27,-5.25,,,,,,,31,euronext,2026-09-22T20:41:38Z
2026-06-18,SYSTOFUTBLQ2-27,-2.98,,,,,,,0,euronext,2026-09-22T20:41:38Z
2026-06-18,SYSTOFUTBLQ4-26,-6.00,,,,,,,18,euronext,2026-09-22T20:41:38Z
2026-06-18,SYSTOFUTBLYR-27,-2.13,,,,,,,0,euronext,2026-09-22T20:41:38Z
2026-06-18,SYSTOFUTBLYR-28,-0.30,,,,,,,5,euronext,2026-09-22T20:41:38Z
2026-06-18,SYSTOFUTBLYR-29,-0.08,,,,,,,0,euronext,2026-09-22T20:41:38Z
2026-06-18,SYSTOFUTBLYR-30,1.21,,,,,,,0,euronext,2026-09-22T20:41:38Z
2026-06-19,SYSTOFUTBLMSEP-26,-4.29,,,,,,,0,euronext,2026-09-22T20:41:38Z
2026-06-19,SYSTOFUTBLQ1-27,-5.73,,,,,,,0,euronext,2026-09-22T20:41:38Z
2026-06-19,SYSTOFUTBLQ2-27,-3.11,,,,,,,0,euronext,2026-09-22T20:41:38Z
2026-06-19,SYSTOFUTBLQ4-26,-6.47,,,,,,,0,euronext,2026-09-22T20:41:38Z
2026-06-19,SYSTOFUTBLYR-27,-2.19,,,,,,,0,euronext,2026-09-22T20:41:38Z
2026-06-19,SYSTOFUTBLYR-28,-0.32,,,,,,,0,euronext,2026-09-22T20:41:38Z
2026-06-19,SYSTOFUTBLYR-29,-0.14,,,,,,,0,euronext,2026-09-22T20:41:38Z
2026-06-19,SYSTOFUTBLYR-30,1.19,,,,,,,0,euronext,2026-09-22T20:41:38Z
2026-06-22,SYSTOFUTBLMSEP-26,-4.10,,,,,,,2,euronext,2026-09-22T20:41:38Z
2026-06-22,SYSTOFUTBLQ1-27,-5.12,,,,,,,0,euronext,2026-09-22T20:41:38Z
2026-06-22,SYSTOFUTBLQ2-27,-2.09,,,,,,,0,euronext,2026-09-22T20:41:38Z
2026-06-22,SYSTOFUTBLQ4-26,-6.00,,,,,,,5,euronext,2026-09-22T20:41:38Z
2026-06-22,SYSTOFUTBLYR-27,-2.20,,,,,,,2,euronext,2026-09-22T20:41:38Z
2026-06-22,SYSTOFUTBLYR-28,-0.44,,,,,,,0,euronext,2026-09-22T20:41:38Z
2026-06-22,SYSTOFUTBLYR-29,0.00,,,,,,,4,euronext,2026-09-22T20:41:38Z
2026-06-22,SYSTOFUTBLYR-30,1.17,,,,,,,0,euronext,2026-09-22T20:41:38Z
2026-06-23,SYSTOFUTBLMSEP-26,-4.00,,,,,,,0,euronext,2026-09-22T20:41:38Z
2026-06-23,SYSTOFUTBLQ1-27,-5.21,,,,,,,0,euronext,2026-09-22T20:41:38Z
2026-06-23,SYSTOFUTBLQ2-27,-2.22,,,,,,,0,euronext,2026-09-22T20:41:38Z
2026-06-23,SYSTOFUTBLQ4-26,-6.26,,,,,,,0,euronext,2026-09-22T20:41:38Z
2026-06-23,SYSTOFUTBLYR-27,-2.20,,,,,,,4,euronext,2026-09-22T20:41:38Z
2026-06-23,SYSTOFUTBLYR-28,-0.35,,,,,,,4,euronext,2026-09-22T20:41:38Z
2026-06-23,SYSTOFUTBLYR-29,-0.60,,,,,,,0,euronext,2026-09-22T20:41:38Z
2026-06-23,SYSTOFUTBLYR-30,1.10,,,,,,,0,euronext,2026-09-22T20:41:38Z
2026-06-24,SYSTOFUTBLMSEP-26,-3.61,,,,,,,0,euronext,2026-09-22T20:41:38Z
2026-06-24,SYSTOFUTBLQ1-27,-5.08,,,,,,,0,euronext,2026-09-22T20:41:38Z
2026-06-24,SYSTOFUTBLQ2-27,-2.04,,,,,,,0,euronext,2026-09-22T20:41:38Z
2026-06-24,SYSTOFUTBLQ4-26,-5.97,,,,,,,0,euronext,2026-09-22T20:41:38Z
2026-06-24,SYSTOFUTBLYR-27,-2.30,,,,,,,6,euronext,2026-09-22T20:41:38Z
2026-06-24,SYSTOFUTBLYR-28,-0.47,,,,,,,0,euronext,2026-09-22T20:41:38Z
2026-06-24,SYSTOFUTBLYR-29,-0.10,,,,,,,2,euronext,2026-09-22T20:41:38Z
2026-06-24,SYSTOFUTBLYR-30,1.10,,,,,,,0,euronext,2026-09-22T20:41:38Z
2026-06-25,SYSTOFUTBLMSEP-26,-3.71,,,,,,,0,euronext,2026-09-22T20:41:38Z
2026-06-25,SYSTOFUTBLQ1-27,-4.65,,,,,,,6,euronext,2026-09-22T20:41:38Z
2026-06-25,SYSTOFUTBLQ2-27,-2.28,,,,,,,0,euronext,2026-09-22T20:41:38Z
2026-06-25,SYSTOFUTBLQ4-26,-5.45,,,,,,,0,euronext,2026-09-22T20:41:38Z
2026-06-25,SYSTOFUTBLYR-27,-2.20,,,,,,,11,euronext,2026-09-22T20:41:38Z
2026-06-25,SYSTOFUTBLYR-28,-0.30,,,,,,,8,euronext,2026-09-22T20:41:38Z
2026-06-25,SYSTOFUTBLYR-29,-0.75,,,,,,,0,euronext,2026-09-22T20:41:38Z
2026-06-25,SYSTOFUTBLYR-30,0.75,,,,,,,2,euronext,2026-09-22T20:41:38Z
2026-06-26,SYSTOFUTBLMSEP-26,-3.27,,,,,,,0,euronext,2026-09-22T20:41:38Z
2026-06-26,SYSTOFUTBLQ1-27,-4.87,,,,,,,0,euronext,2026-09-22T20:41:38Z
2026-06-26,SYSTOFUTBLQ2-27,-2.23,,,,,,,0,euronext,2026-09-22T20:41:38Z
2026-06-26,SYSTOFUTBLQ4-26,-5.40,,,,,,,0,euronext,2026-09-22T20:41:38Z
2026-06-26,SYSTOFUTBLYR-27,-2.26,,,,,,,0,euronext,2026-09-22T20:41:38Z
2026-06-26,SYSTOFUTBLYR-28,-0.35,,,,,,,0,euronext,2026-09-22T20:41:38Z
2026-06-26,SYSTOFUTBLYR-29,-0.15,,,,,,,1,euronext,2026-09-22T20:41:38Z
2026-06-26,SYSTOFUTBLYR-30,0.76,,,,,,,0,euronext,2026-09-22T20:41:38Z
2026-06-29,SYSTOFUTBLMSEP-26,-3.93,,,,,,,0,euronext,2026-09-22T20:41:38Z
2026-06-29,SYSTOFUTBLQ1-27,-5.47,,,,,,,0,euronext,2026-09-22T20:41:38Z
2026-06-29,SYSTOFUTBLQ2-27,-2.60,,,,,,,0,euronext,2026-09-22T20:41:38Z
2026-06-29,SYSTOFUTBLQ4-26,-5.41,,,-5.41,-5.41,,-5.41,2,euronext,2026-09-22T20:41:38Z
2026-06-29,SYSTOFUTBLYR-27,-2.25,,,-2.25,-2.25,,-2.25,4,euronext,2026-09-22T20:41:38Z
2026-06-29,SYSTOFUTBLYR-28,-0.25,,,,,,,4,euronext,2026-09-22T20:41:38Z
2026-06-29,SYSTOFUTBLYR-29,-0.05,,,,,,,2,euronext,2026-09-22T20:41:38Z
2026-06-29,SYSTOFUTBLYR-30,0.76,,,,,,,0,euronext,2026-09-22T20:41:38Z
2026-06-30,SYSTOFUTBLMSEP-26,-3.62,,,,,,,0,euronext,2026-09-22T20:41:38Z
2026-06-30,SYSTOFUTBLQ1-27,-5.87,,,,,,,0,euronext,2026-09-22T20:41:38Z
2026-06-30,SYSTOFUTBLQ2-27,-2.07,,,,,,,0,euronext,2026-09-22T20:41:38Z
2026-06-30,SYSTOFUTBLQ4-26,-5.25,,,,,,,0,euronext,2026-09-22T20:41:38Z
2026-06-30,SYSTOFUTBLYR-27,-2.10,,,,,,,0,euronext,2026-09-22T20:41:38Z
2026-06-30,SYSTOFUTBLYR-28,-0.31,,,,,,,0,euronext,2026-09-22T20:41:38Z
2026-06-30,SYSTOFUTBLYR-29,-0.09,,,,,,,0,euronext,2026-09-22T20:41:38Z
2026-06-30,SYSTOFUTBLYR-30,0.80,,,,,,,0,euronext,2026-09-22T20:41:38Z
2026-07-01,SYSTOFUTBLMOCT-26,-3.16,,,,,,,0,euronext,2026-09-22T20:41:38Z
2026-07-01,SYSTOFUTBLMSEP-26,-3.56,,,,,,,0,euronext,2026-09-22T20:41:38Z
2026-07-01,SYSTOFUTBLQ1-27,-5.36,,,,,,,0,euronext,2026-09-22T20:41:38Z
2026-07-01,SYSTOFUTBLQ2-27,-2.19,,,,,,,0,euronext,2026-09-22T20:41:38Z
2026-07-01,SYSTOFUTBLQ3-27,-1.62,,,,,,,0,euronext,2026-09-22T20:41:38Z
2026-07-01,SYSTOFUTBLQ4-26,-4.66,,,,,,,0,euronext,2026-09-22T20:41:38Z
2026-07-01,SYSTOFUTBLYR-27,-2.07,,,,,,,0,euronext,2026-09-22T20:41:38Z
2026-07-01,SYSTOFUTBLYR-28,-0.43,,,,,,,0,euronext,2026-09-22T20:41:38Z
2026-07-01,SYSTOFUTBLYR-29,-0.63,,,,,,,0,euronext,2026-09-22T20:41:38Z
2026-07-01,SYSTOFUTBLYR-30,0.82,,,,,,,0,euronext,2026-09-22T20:41:38Z
2026-07-02,SYSTOFUTBLMOCT-26,-3.74,,,,,,,0,euronext,2026-09-22T20:41:38Z
2026-07-02,SYSTOFUTBLMSEP-26,-3.67,,,,,,,0,euronext,2026-09-22T20:41:38Z
2026-07-02,SYSTOFUTBLQ1-27,-4.75,,,,,,,0,euronext,2026-09-22T20:41:38Z
2026-07-02,SYSTOFUTBLQ2-27,-2.38,,,,,,,0,euronext,2026-09-22T20:41:38Z
2026-07-02,SYSTOFUTBLQ3-27,-1.68,,,,,,,0,euronext,2026-09-22T20:41:38Z
2026-07-02,SYSTOFUTBLQ4-26,-4.90,,,,,,,0,euronext,2026-09-22T20:41:38Z
2026-07-02,SYSTOFUTBLYR-27,-2.00,,,,,,,0,euronext,2026-09-22T20:41:38Z
2026-07-02,SYSTOFUTBLYR-28,-0.52,,,,,,,0,euronext,2026-09-22T20:41:38Z
2026-07-02,SYSTOFUTBLYR-29,-0.64,,,,,,,0,euronext,2026-09-22T20:41:38Z
2026-07-02,SYSTOFUTBLYR-30,0.81,,,,,,,0,euronext,2026-09-22T20:41:38Z
2026-07-03,SYSTOFUTBLMOCT-26,-4.88,,,,,,,0,euronext,2026-09-22T20:41:38Z
2026-07-03,SYSTOFUTBLMSEP-26,-4.25,,,-4.00,-4.00,,-4.00,7,euronext,2026-09-22T20:41:38Z
2026-07-03,SYSTOFUTBLQ1-27,-5.16,,,,,216,,0,euronext,2026-09-22T20:41:38Z
2026-07-03,SYSTOFUTBLQ2-27,-2.28,,,,,,,0,euronext,2026-09-22T20:41:38Z
2026-07-03,SYSTOFUTBLQ3-27,-1.73,,,,,,,0,euronext,2026-09-22T20:41:38Z
2026-07-03,SYSTOFUTBLQ4-26,-5.94,,,,,1849,,0,euronext,2026-09-22T20:41:38Z
2026-07-03,SYSTOFUTBLYR-27,-1.75,,,,,1382,,0,euronext,2026-09-22T20:41:38Z
2026-07-03,SYSTOFUTBLYR-28,-0.55,,,,,570,,0,euronext,2026-09-22T20:41:38Z
2026-07-03,SYSTOFUTBLYR-29,-0.40,,,,,234,,10,euronext,2026-09-22T20:41:38Z
2026-07-03,SYSTOFUTBLYR-30,0.78,,,,,16,,0,euronext,2026-09-22T20:41:38Z
2026-07-06,SYSTOFUTBLMOCT-26,-4.88,,,,,,,0,euronext,2026-09-22T20:41:38Z
2026-07-06,SYSTOFUTBLMSEP-26,-4.30,,,,,,,0,euronext,2026-09-22T20:41:38Z
2026-07-06,SYSTOFUTBLQ1-27,-4.80,,,,,,,2,euronext,2026-09-22T20:41:38Z
2026-07-06,SYSTOFUTBLQ2-27,-2.45,,,,,,,0,euronext,2026-09-22T20:41:38Z
2026-07-06,SYSTOFUTBLQ3-27,-1.85,,,,,,,0,euronext,2026-09-22T20:41:38Z
2026-07-06,SYSTOFUTBLQ4-26,-5.60,,,,,,,1,euronext,2026-09-22T20:41:38Z
2026-07-06,SYSTOFUTBLYR-27,-1.75,,,,,,,2,euronext,2026-09-22T20:41:38Z
2026-07-06,SYSTOFUTBLYR-28,-0.35,,,,,,,1,euronext,2026-09-22T20:41:38Z
2026-07-06,SYSTOFUTBLYR-29,-0.72,,,,,,,0,euronext,2026-09-22T20:41:38Z
2026-07-06,SYSTOFUTBLYR-30,0.75,,,,,,,0,euronext,2026-09-22T20:41:38Z
2026-07-07,SYSTOFUTBLMOCT-26,-5.49,,,,,,,0,euronext,2026-09-22T20:41:38Z
2026-07-07,SYSTOFUTBLMSEP-26,-4.19,,,,,,,0,euronext,2026-09-22T20:41:38Z
2026-07-07,SYSTOFUTBLQ1-27,-4.67,,,,,,,0,euronext,2026-09-22T20:41:38Z
2026-07-07,SYSTOFUTBLQ2-27,-2.48,,,,,,,0,euronext,2026-09-22T20:41:38Z
2026-07-07,SYSTOFUTBLQ3-27,-1.91,,,,,,,0,euronext,2026-09-22T20:41:38Z
2026-07-07,SYSTOFUTBLQ4-26,-5.40,,,,,,,0,euronext,2026-09-22T20:41:38Z
2026-07-07,SYSTOFUTBLYR-27,-2.00,,,,,,,0,euronext,2026-09-22T20:41:38Z
2026-07-07,SYSTOFUTBLYR-28,-0.45,,,,,,,0,euronext,2026-09-22T20:41:38Z
2026-07-07,SYSTOFUTBLYR-29,-0.93,,,,,,,0,euronext,2026-09-22T20:41:38Z
2026-07-07,SYSTOFUTBLYR-30,0.75,,,,,,,0,euronext,2026-09-22T20:41:38Z
2026-07-08,SYSTOFUTBLMOCT-26,-5.94,,,,,,,0,euronext,2026-09-22T20:41:38Z
2026-07-08,SYSTOFUTBLMSEP-26,-4.68,,,,,,,0,euronext,2026-09-22T20:41:38Z
2026-07-08,SYSTOFUTBLQ1-27,-4.15,,,,,,,0,euronext,2026-09-22T20:41:38Z
2026-07-08,SYSTOFUTBLQ2-27,-2.43,,,,,,,0,euronext,2026-09-22T20:41:38Z
2026-07-08,SYSTOFUTBLQ3-27,-1.94,,,,,,,0,euronext,2026-09-22T20:41:38Z
2026-07-08,SYSTOFUTBLQ4-26,-5.00,,,,,,,10,euronext,2026-09-22T20:41:38Z
2026-07-08,SYSTOFUTBLYR-27,-2.00,,,-2.00,-2.00,,-2.00,2,euronext,2026-09-22T20:41:38Z
2026-07-08,SYSTOFUTBLYR-28,-0.75,,,,,,,10,euronext,2026-09-22T20:41:38Z
2026-07-08,SYSTOFUTBLYR-29,-0.33,,,,,,,0,euronext,2026-09-22T20:41:38Z
2026-07-08,SYSTOFUTBLYR-30,0.76,,,,,,,0,euronext,2026-09-22T20:41:38Z
2026-07-09,SYSTOFUTBLMOCT-26,-5.89,,,,,,,0,euronext,2026-09-22T20:41:38Z
2026-07-09,SYSTOFUTBLMSEP-26,-4.85,,,,,,,0,euronext,2026-09-22T20:41:38Z
2026-07-09,SYSTOFUTBLQ1-27,-3.73,,,,,218,,0,euronext,2026-09-22T20:41:38Z
2026-07-09,SYSTOFUTBLQ2-27,-2.33,,,,,,,0,euronext,2026-09-22T20:41:38Z
2026-07-09,SYSTOFUTBLQ3-27,-2.04,,,,,,,0,euronext,2026-09-22T20:41:38Z
2026-07-09,SYSTOFUTBLQ4-26,-5.10,,,,,1854,,0,euronext,2026-09-22T20:41:38Z
2026-07-09,SYSTOFUTBLYR-27,-2.10,,,,,1383,,2,euronext,2026-09-22T20:41:38Z
2026-07-09,SYSTOFUTBLYR-28,-0.65,,,,,583,,2,euronext,2026-09-22T20:41:38Z
2026-07-09,SYSTOFUTBLYR-29,-0.34,,,,,234,,0,euronext,2026-09-22T20:41:38Z
2026-07-09,SYSTOFUTBLYR-30,0.76,,,,,16,,0,euronext,2026-09-22T20:41:38Z
2026-07-10,SYSTOFUTBLMOCT-26,-5.91,,,,,,,0,euronext,2026-09-22T20:41:38Z
2026-07-10,SYSTOFUTBLMSEP-26,-5.35,,,,,,,10,euronext,2026-09-22T20:41:38Z
2026-07-10,SYSTOFUTBLQ1-27,-3.68,,,,,,,0,euronext,2026-09-22T20:41:38Z
2026-07-10,SYSTOFUTBLQ2-27,-2.42,,,,,,,0,euronext,2026-09-22T20:41:38Z
2026-07-10,SYSTOFUTBLQ3-27,-1.98,,,,,,,0,euronext,2026-09-22T20:41:38Z
2026-07-10,SYSTOFUTBLQ4-26,-4.81,,,,,,,0,euronext,2026-09-22T20:41:38Z
2026-07-10,SYSTOFUTBLYR-27,-2.00,,,,,,,0,euronext,2026-09-22T20:41:38Z
2026-07-10,SYSTOFUTBLYR-28,-0.65,,,,,,,1,euronext,2026-09-22T20:41:38Z
2026-07-10,SYSTOFUTBLYR-29,-0.33,,,,,,,0,euronext,2026-09-22T20:41:38Z
2026-07-10,SYSTOFUTBLYR-30,0.75,,,,,,,0,euronext,2026-09-22T20:41:38Z
2026-07-13,SYSTOFUTBLMOCT-26,-6.71,,,,,,,0,euronext,2026-09-22T20:41:38Z
2026-07-13,SYSTOFUTBLMSEP-26,-4.00,,,-4.98,-4.98,,-4.98,19,euronext,2026-09-22T20:41:38Z
2026-07-13,SYSTOFUTBLQ1-27,-3.50,,,,,,,2,euronext,2026-09-22T20:41:38Z
2026-07-13,SYSTOFUTBLQ2-27,-2.48,,,,,,,0,euronext,2026-09-22T20:41:38Z
2026-07-13,SYSTOFUTBLQ3-27,-2.27,,,,,,,0,euronext,2026-09-22T20:41:38Z
2026-07-13,SYSTOFUTBLQ4-26,-5.02,,,,,,,0,euronext,2026-09-22T20:41:38Z
2026-07-13,SYSTOFUTBLYR-27,-1.97,,,,,,,0,euronext,2026-09-22T20:41:38Z
2026-07-13,SYSTOFUTBLYR-28,-0.71,,,,,,,0,euronext,2026-09-22T20:41:38Z
2026-07-13,SYSTOFUTBLYR-29,0.07,,,,,,,0,euronext,2026-09-22T20:41:38Z
2026-07-13,SYSTOFUTBLYR-30,0.71,,,,,,,0,euronext,2026-09-22T20:41:38Z
2026-07-14,SYSTOFUTBLMOCT-26,-6.35,,,,,,,0,euronext,2026-09-22T20:41:38Z
2026-07-14,SYSTOFUTBLMSEP-26,-4.58,,,,,,,0,euronext,2026-09-22T20:41:38Z
2026-07-14,SYSTOFUTBLQ1-27,-3.03,,,,,220,,0,euronext,2026-09-22T20:41:38Z
2026-07-14,SYSTOFUTBLQ2-27,-2.77,,,,,,,0,euronext,2026-09-22T20:41:38Z
2026-07-14,SYSTOFUTBLQ3-27,-2.43,,,,,,,0,euronext,2026-09-22T20:41:38Z
2026-07-14,SYSTOFUTBLQ4-26,-5.12,,,,,1854,,0,euronext,2026-09-22T20:41:38Z
2026-07-14,SYSTOFUTBLYR-27,-2.00,,,,,1383,,0,euronext,2026-09-22T20:41:38Z
2026-07-14,SYSTOFUTBLYR-28,-0.71,,,,,583,,0,euronext,2026-09-22T20:41:38Z
2026-07-14,SYSTOFUTBLYR-29,0.10,,,,,234,,0,euronext,2026-09-22T20:41:38Z
2026-07-14,SYSTOFUTBLYR-30,0.70,,,,,16,,0,euronext,2026-09-22T20:41:38Z
2026-07-15,SYSTOFUTBLMOCT-26,-6.23,,,,,,,0,euronext,2026-09-22T20:41:38Z
2026-07-15,SYSTOFUTBLMSEP-26,-4.73,,,,,,,0,euronext,2026-09-22T20:41:38Z
2026-07-15,SYSTOFUTBLQ1-27,-3.03,,,,,,,3,euronext,2026-09-22T20:41:38Z
2026-07-15,SYSTOFUTBLQ2-27,-2.53,,,,,,,0,euronext,2026-09-22T20:41:38Z
2026-07-15,SYSTOFUTBLQ3-27,-2.57,,,,,,,0,euronext,2026-09-22T20:41:38Z
2026-07-15,SYSTOFUTBLQ4-26,-5.44,,,,,,,0,euronext,2026-09-22T20:41:38Z
2026-07-15,SYSTOFUTBLYR-27,-2.02,,,,,,,0,euronext,2026-09-22T20:41:38Z
2026-07-15,SYSTOFUTBLYR-28,-0.60,,,,,,,0,euronext,2026-09-22T20:41:38Z
2026-07-15,SYSTOFUTBLYR-29,-0.45,,,,,,,0,euronext,2026-09-22T20:41:38Z
2026-07-15,SYSTOFUTBLYR-30,0.63,,,,,,,0,euronext,2026-09-22T20:41:38Z
2026-07-16,SYSTOFUTBLMOCT-26,-5.46,,,,,,,0,euronext,2026-09-22T20:41:38Z
2026-07-16,SYSTOFUTBLMSEP-26,-4.58,,,,,,,0,euronext,2026-09-22T20:41:38Z
2026-07-16,SYSTOFUTBLQ1-27,-3.49,,,,,,,0,euronext,2026-09-22T20:41:38Z
2026-07-16,SYSTOFUTBLQ2-27,-1.95,,,,,,,0,euronext,2026-09-22T20:41:38Z
2026-07-16,SYSTOFUTBLQ3-27,-2.49,,,,,,,0,euronext,2026-09-22T20:41:38Z
2026-07-16,SYSTOFUTBLQ4-26,-5.50,,,,,,,10,euronext,2026-09-22T20:41:38Z
2026-07-16,SYSTOFUTBLYR-27,-2.25,,,,,,,4,euronext,2026-09-22T20:41:38Z
2026-07-16,SYSTOFUTBLYR-28,-1.08,,,,,,,0,euronext,2026-09-22T20:41:38Z
2026-07-16,SYSTOFUTBLYR-29,-0.40,,,,,,,0,euronext,2026-09-22T20:41:38Z
2026-07-16,SYSTOFUTBLYR-30,0.64,,,,,,,0,euronext,2026-09-22T20:41:38Z
2026-07-17,SYSTOFUTBLMOCT-26,-5.94,,,,,,,0,euronext,2026-09-22T20:41:38Z
2026-07-17,SYSTOFUTBLMSEP-26,-4.50,,,,,,,0,euronext,2026-09-22T20:41:38Z
2026-07-17,SYSTOFUTBLQ1-27,-4.01,,,,,,,0,euronext,2026-09-22T20:41:38Z
2026-07-17,SYSTOFUTBLQ2-27,-1.85,,,,,,,0,euronext,2026-09-22T20:41:38Z
2026-07-17,SYSTOFUTBLQ3-27,-2.78,,,,,,,0,euronext,2026-09-22T20:41:38Z
2026-07-17,SYSTOFUTBLQ4-26,-5.55,,,,,,,13,euronext,2026-09-22T20:41:38Z
2026-07-17,SYSTOFUTBLYR-27,-2.25,,,-2.25,-2.25,,-2.25,1,euronext,2026-09-22T20:41:38Z
2026-07-17,SYSTOFUTBLYR-28,-1.44,,,,,,,0,euronext,2026-09-22T20:41:38Z
2026-07-17,SYSTOFUTBLYR-29,-0.77,,,,,,,0,euronext,2026-09-22T20:41:38Z
2026-07-17,SYSTOFUTBLYR-30,0.66,,,,,,,0,euronext,2026-09-22T20:41:38Z
2026-07-20,SYSTOFUTBLMOCT-26,-5.71,,,,,,,0,euronext,2026-09-22T20:41:38Z
2026-07-20,SYSTOFUTBLMSEP-26,-4.25,,,,,,,1,euronext,2026-09-22T20:41:38Z
2026-07-20,SYSTOFUTBLQ1-27,-3.95,,,,,,,0,euronext,2026-09-22T20:41:38Z
2026-07-20,SYSTOFUTBLQ2-27,-1.63,,,,,,,0,euronext,2026-09-22T20:41:38Z
2026-07-20,SYSTOFUTBLQ3-27,-2.87,,,,,,,0,euronext,2026-09-22T20:41:38Z
2026-07-20,SYSTOFUTBLQ4-26,-5.53,,,,,,,0,euronext,2026-09-22T20:41:38Z
2026-07-20,SYSTOFUTBLYR-27,-2.35,,,,,,,0,euronext,2026-09-22T20:41:38Z
2026-07-20,SYSTOFUTBLYR-28,-1.64,,,,,,,0,euronext,2026-09-22T20:41:38Z
2026-07-20,SYSTOFUTBLYR-29,-1.27,,,,,,,0,euronext,2026-09-22T20:41:38Z
2026-07-20,SYSTOFUTBLYR-30,0.64,,,,,,,0,euronext,2026-09-22T20:41:38Z
2026-07-21,SYSTOFUTBLMOCT-26,-5.67,,,,,,,0,euronext,2026-09-22T20:41:38Z
2026-07-21,SYSTOFUTBLMSEP-26,-4.51,,,,,,,0,euronext,2026-09-22T20:41:38Z
2026-07-21,SYSTOFUTBLQ1-27,-3.90,,,,,,,0,euronext,2026-09-22T20:41:38Z
2026-07-21,SYSTOFUTBLQ2-27,-1.69,,,,,,,0,euronext,2026-09-22T20:41:38Z
2026-07-21,SYSTOFUTBLQ3-27,-2.92,,,,,,,0,euronext,2026-09-22T20:41:38Z
2026-07-21,SYSTOFUTBLQ4-26,-5.60,,,,,,,0,euronext,2026-09-22T20:41:38Z
2026-07-21,SYSTOFUTBLYR-27,-1.91,,,,,,,0,euronext,2026-09-22T20:41:38Z
2026-07-21,SYSTOFUTBLYR-28,-1.61,,,,,,,0,euronext,2026-09-22T20:41:38Z
2026-07-21,SYSTOFUTBLYR-29,-0.51,,,,,,,0,euronext,2026-09-22T20:41:38Z
2026-07-21,SYSTOFUTBLYR-30,0.60,,,,,,,0,euronext,2026-09-22T20:41:38Z
2026-07-22,SYSTOFUTBLMOCT-26,-6.31,,,,,,,0,euronext,2026-09-22T20:41:38Z
2026-07-22,SYSTOFUTBLMSEP-26,-4.69,,,-4.69,-4.69,,-4.69,8,euronext,2026-09-22T20:41:38Z
2026-07-22,SYSTOFUTBLQ1-27,-5.43,,,,,220,,0,euronext,2026-09-22T20:41:38Z
2026-07-22,SYSTOFUTBLQ2-27,-2.18,,,,,,,0,euronext,2026-09-22T20:41:38Z
2026-07-22,SYSTOFUTBLQ3-27,-2.64,,,,,,,0,euronext,2026-09-22T20:41:38Z
2026-07-22,SYSTOFUTBLQ4-26,-7.52,,,,,1850,,0,euronext,2026-09-22T20:41:38Z
2026-07-22,SYSTOFUTBLYR-27,-2.10,,,,,1384,,2,euronext,2026-09-22T20:41:38Z
2026-07-22,SYSTOFUTBLYR-28,-1.63,,,,,583,,0,euronext,2026-09-22T20:41:38Z
2026-07-22,SYSTOFUTBLYR-29,-0.56,,,,,234,,0,euronext,2026-09-22T20:41:38Z
2026-07-22,SYSTOFUTBLYR-30,0.52,,,,,16,,0,euronext,2026-09-22T20:41:38Z
2026-07-23,SYSTOFUTBLMOCT-26,-6.24,,,,,,,0,euronext,2026-09-22T20:41:38Z
2026-07-23,SYSTOFUTBLMSEP-26,-4.10,,,,,,,0,euronext,2026-09-22T20:41:38Z
2026-07-23,SYSTOFUTBLQ1-27,-5.43,,,,,,,0,euronext,2026-09-22T20:41:38Z
2026-07-23,SYSTOFUTBLQ2-27,-2.00,,,,,,,0,euronext,2026-09-22T20:41:38Z
2026-07-23,SYSTOFUTBLQ3-27,-2.69,,,,,,,0,euronext,2026-09-22T20:41:38Z
2026-07-23,SYSTOFUTBLQ4-26,-7.46,,,,,,,0,euronext,2026-09-22T20:41:38Z
2026-07-23,SYSTOFUTBLYR-27,-2.10,,,,,,,0,euronext,2026-09-22T20:41:38Z
2026-07-23,SYSTOFUTBLYR-28,-1.64,,,,,,,0,euronext,2026-09-22T20:41:38Z
2026-07-23,SYSTOFUTBLYR-29,-0.56,,,,,,,0,euronext,2026-09-22T20:41:38Z
2026-07-23,SYSTOFUTBLYR-30,0.49,,,,,,,0,euronext,2026-09-22T20:41:38Z
2026-07-24,SYSTOFUTBLMOCT-26,-6.22,,,,,,,0,euronext,2026-09-22T20:41:38Z
2026-07-24,SYSTOFUTBLMSEP-26,-4.11,,,,,,,0,euronext,2026-09-22T20:41:38Z
2026-07-24,SYSTOFUTBLQ1-27,-5.26,,,,,220,,0,euronext,2026-09-22T20:41:38Z
2026-07-24,SYSTOFUTBLQ2-27,-1.71,,,,,,,0,euronext,2026-09-22T20:41:38Z
2026-07-24,SYSTOFUTBLQ3-27,-2.63,,,,,,,0,euronext,2026-09-22T20:41:38Z
2026-07-24,SYSTOFUTBLQ4-26,-7.12,,,,,1850,,0,euronext,2026-09-22T20:41:38Z
2026-07-24,SYSTOFUTBLYR-27,-2.04,,,,,1384,,0,euronext,2026-09-22T20:41:38Z
2026-07-24,SYSTOFUTBLYR-28,-1.61,,,,,583,,0,euronext,2026-09-22T20:41:38Z
2026-07-24,SYSTOFUTBLYR-29,-0.55,,,,,234,,0,euronext,2026-09-22T20:41:38Z
2026-07-24,SYSTOFUTBLYR-30,0.48,,,,,16,,0,euronext,2026-09-22T20:41:38Z
2026-07-27,SYSTOFUTBLMOCT-26,-4.61,,,,,,,0,euronext,2026-09-22T20:41:38Z
2026-07-27,SYSTOFUTBLMSEP-26,-2.70,,,,,,,0,euronext,2026-09-22T20:41:38Z
2026-07-27,SYSTOFUTBLQ1-27,-4.19,,,,,,,0,euronext,2026-09-22T20:41:38Z
2026-07-27,SYSTOFUTBLQ2-27,-1.34,,,,,,,0,euronext,2026-09-22T20:41:38Z
2026-07-27,SYSTOFUTBLQ3-27,-2.41,,,,,,,0,euronext,2026-09-22T20:41:38Z
2026-07-27,SYSTOFUTBLQ4-26,-5.63,,,,,,,0,euronext,2026-09-22T20:41:38Z
2026-07-27,SYSTOFUTBLYR-27,-2.15,,,,,,,3,euronext,2026-09-22T20:41:38Z
2026-07-27,SYSTOFUTBLYR-28,-1.59,,,,,,,0,euronext,2026-09-22T20:41:38Z
2026-07-27,SYSTOFUTBLYR-29,-0.49,,,,,,,0,euronext,2026-09-22T20:41:38Z
2026-07-27,SYSTOFUTBLYR-30,0.49,,,,,,,0,euronext,2026-09-22T20:41:38Z
2026-07-28,SYSTOFUTBLMOCT-26,-3.74,,,,,,,0,euronext,2026-09-22T20:41:38Z
2026-07-28,SYSTOFUTBLMSEP-26,-2.51,,,,,,,0,euronext,2026-09-22T20:41:38Z
2026-07-28,SYSTOFUTBLQ1-27,-4.15,,,,,220,,0,euronext,2026-09-22T20:41:38Z
2026-07-28,SYSTOFUTBLQ2-27,-1.18,,,,,,,0,euronext,2026-09-22T20:41:38Z
2026-07-28,SYSTOFUTBLQ3-27,-2.15,,,,,,,0,euronext,2026-09-22T20:41:38Z
2026-07-28,SYSTOFUTBLQ4-26,-5.21,,,,,1850,,0,euronext,2026-09-22T20:41:38Z
2026-07-28,SYSTOFUTBLYR-27,-1.86,,,,,1384,,0,euronext,2026-09-22T20:41:38Z
2026-07-28,SYSTOFUTBLYR-28,-1.59,,,,,583,,0,euronext,2026-09-22T20:41:38Z
2026-07-28,SYSTOFUTBLYR-29,-0.45,,,,,234,,0,euronext,2026-09-22T20:41:38Z
2026-07-28,SYSTOFUTBLYR-30,0.49,,,,,16,,0,euronext,2026-09-22T20:41:38Z
2026-07-29,SYSTOFUTBLMOCT-26,-4.26,,,,,,,0,euronext,2026-09-22T20:41:38Z
2026-07-29,SYSTOFUTBLMSEP-26,-3.10,,,,,,,0,euronext,2026-09-22T20:41:38Z
2026-07-29,SYSTOFUTBLQ1-27,-4.89,,,,,,,0,euronext,2026-09-22T20:41:38Z
2026-07-29,SYSTOFUTBLQ2-27,-1.50,,,,,,,0,euronext,2026-09-22T20:41:38Z
2026-07-29,SYSTOFUTBLQ3-27,-2.46,,,,,,,0,euronext,2026-09-22T20:41:38Z
2026-07-29,SYSTOFUTBLQ4-26,-5.88,,,,,,,0,euronext,2026-09-22T20:41:38Z
2026-07-29,SYSTOFUTBLYR-27,-1.90,,,,,,,2,euronext,2026-09-22T20:41:38Z
2026-07-29,SYSTOFUTBLYR-28,-1.60,,,,,,,4,euronext,2026-09-22T20:41:38Z
2026-07-29,SYSTOFUTBLYR-29,-1.09,,,,,,,0,euronext,2026-09-22T20:41:38Z
2026-07-29,SYSTOFUTBLYR-30,0.44,,,,,,,0,euronext,2026-09-22T20:41:38Z
2026-07-30,SYSTOFUTBLMOCT-26,-4.25,,,,,,,22,euronext,2026-09-22T20:41:38Z
2026-07-30,SYSTOFUTBLMSEP-26,-3.50,,,,,,,10,euronext,2026-09-22T20:41:38Z
2026-07-30,SYSTOFUTBLQ1-27,-4.83,,,,,220,,0,euronext,2026-09-22T20:41:38Z
2026-07-30,SYSTOFUTBLQ2-27,-1.48,,,,,,,0,euronext,2026-09-22T20:41:38Z
2026-07-30,SYSTOFUTBLQ3-27,-2.44,,,,,,,0,euronext,2026-09-22T20:41:38Z
2026-07-30,SYSTOFUTBLQ4-26,-5.58,,,,,1850,,0,euronext,2026-09-22T20:41:38Z
2026-07-30,SYSTOFUTBLYR-27,-2.10,,,,,1389,,5,euronext,2026-09-22T20:41:38Z
2026-07-30,SYSTOFUTBLYR-28,-1.61,,,,,585,,0,euronext,2026-09-22T20:41:38Z
2026-07-30,SYSTOFUTBLYR-29,-1.08,,,,,234,,0,euronext,2026-09-22T20:41:38Z
2026-07-30,SYSTOFUTBLYR-30,0.42,,,,,16,,0,euronext,2026-09-22T20:41:38Z
2026-07-31,SYSTOFUTBLMOCT-26,-4.50,,,,,,,5,euronext,2026-09-22T20:41:38Z
2026-07-31,SYSTOFUTBLMSEP-26,-5.00,,,-5.00,-5.00,,-5.00,18,euronext,2026-09-22T20:41:38Z
2026-07-31,SYSTOFUTBLQ1-27,-5.60,,,,,,,0,euronext,2026-09-22T20:41:38Z
2026-07-31,SYSTOFUTBLQ2-27,-1.70,,,,,,,0,euronext,2026-09-22T20:41:38Z
2026-07-31,SYSTOFUTBLQ3-27,-2.70,,,,,,,0,euronext,2026-09-22T20:41:38Z
2026-07-31,SYSTOFUTBLQ4-26,-6.68,,,,,,,0,euronext,2026-09-22T20:41:38Z
2026-07-31,SYSTOFUTBLYR-27,-2.62,,,,,,,0,euronext,2026-09-22T20:41:38Z
2026-07-31,SYSTOFUTBLYR-28,-2.03,,,,,,,0,euronext,2026-09-22T20:41:38Z
2026-07-31,SYSTOFUTBLYR-29,-1.47,,,,,,,0,euronext,2026-09-22T20:41:38Z
2026-07-31,SYSTOFUTBLYR-30,0.40,,,,,,,0,euronext,2026-09-22T20:41:38Z
2026-08-03,SYSTOFUTBLMNOV-26,-5.17,,,,,,,0,euronext,2026-09-22T20:41:38Z
2026-08-03,SYSTOFUTBLMOCT-26,-3.70,,,,,,,0,euronext,2026-09-22T20:41:38Z
2026-08-03,SYSTOFUTBLMSEP-26,-4.72,,,,,,,0,euronext,2026-09-22T20:41:38Z
2026-08-03,SYSTOFUTBLQ1-27,-5.59,,,,,220,,0,euronext,2026-09-22T20:41:38Z
2026-08-03,SYSTOFUTBLQ2-27,-1.42,,,,,,,0,euronext,2026-09-22T20:41:38Z
2026-08-03,SYSTOFUTBLQ3-27,-2.43,,,,,,,0,euronext,2026-09-22T20:41:38Z
2026-08-03,SYSTOFUTBLQ4-26,-6.14,,,,,1850,,0,euronext,2026-09-22T20:41:38Z
2026-08-03,SYSTOFUTBLYR-27,-2.68,,,,,1389,,0,euronext,2026-09-22T20:41:38Z
2026-08-03,SYSTOFUTBLYR-28,-2.23,,,,,585,,0,euronext,2026-09-22T20:41:38Z
2026-08-03,SYSTOFUTBLYR-29,-1.60,,,,,234,,0,euronext,2026-09-22T20:41:38Z
2026-08-03,SYSTOFUTBLYR-30,0.40,,,,,16,,0,euronext,2026-09-22T20:41:38Z
2026-08-04,SYSTOFUTBLMNOV-26,-6.14,,,,,,,0,euronext,2026-09-22T20:41:38Z
2026-08-04,SYSTOFUTBLMOCT-26,-5.35,,,-5.35,-5.35,,-5.35,3,euronext,2026-09-22T20:41:38Z
2026-08-04,SYSTOFUTBLMSEP-26,-6.49,,,-6.49,-6.49,,-6.49,3,euronext,2026-09-22T20:41:38Z
2026-08-04,SYSTOFUTBLQ1-27,-6.48,,,,,,,0,euronext,2026-09-22T20:41:38Z
2026-08-04,SYSTOFUTBLQ2-27,-1.88,,,,,,,0,euronext,2026-09-22T20:41:38Z
2026-08-04,SYSTOFUTBLQ3-27,-2.54,,,,,,,0,euronext,2026-09-22T20:41:38Z
2026-08-04,SYSTOFUTBLQ4-26,-6.72,,,,,,,0,euronext,2026-09-22T20:41:38Z
2026-08-04,SYSTOFUTBLYR-27,-3.00,,,,,,,5,euronext,2026-09-22T20:41:38Z
2026-08-04,SYSTOFUTBLYR-28,-2.30,,,,,,,0,euronext,2026-09-22T20:41:38Z
2026-08-04,SYSTOFUTBLYR-29,-1.85,,,,,,,2,euronext,2026-09-22T20:41:38Z
2026-08-04,SYSTOFUTBLYR-30,-0.02,,,,,,,0,euronext,2026-09-22T20:41:38Z
2026-08-05,SYSTOFUTBLMNOV-26,-5.91,,,,,,,0,euronext,2026-09-22T20:41:38Z
2026-08-05,SYSTOFUTBLMOCT-26,-6.30,,,-5.95,-6.30,,-5.95,20,euronext,2026-09-22T20:41:38Z
2026-08-05,SYSTOFUTBLMSEP-26,-7.45,,,-6.95,-7.45,,-6.95,6,euronext,2026-09-22T20:41:38Z
2026-08-05,SYSTOFUTBLQ1-27,-5.97,,,,,,,0,euronext,2026-09-22T20:41:38Z
2026-08-05,SYSTOFUTBLQ2-27,-1.64,,,,,,,0,euronext,2026-09-22T20:41:38Z
2026-08-05,SYSTOFUTBLQ3-27,-2.20,,,,,,,0,euronext,2026-09-22T20:41:38Z
2026-08-05,SYSTOFUTBLQ4-26,-6.58,,,,,,,0,euronext,2026-09-22T20:41:38Z
2026-08-05,SYSTOFUTBLYR-27,-3.01,,,,,,,0,euronext,2026-09-22T20:41:38Z
2026-08-05,SYSTOFUTBLYR-28,-2.50,,,,,,,1,euronext,2026-09-22T20:41:38Z
2026-08-05,SYSTOFUTBLYR-29,-1.82,,,,,,,0,euronext,2026-09-22T20:41:38Z
2026-08-05,SYSTOFUTBLYR-30,-0.06,,,,,,,0,euronext,2026-09-22T20:41:38Z
2026-08-06,SYSTOFUTBLMNOV-26,-6.09,,,,,,,0,euronext,2026-09-22T20:41:38Z
2026-08-06,SYSTOFUTBLMOCT-26,-6.71,,,,,,,0,euronext,2026-09-22T20:41:38Z
2026-08-06,SYSTOFUTBLMSEP-26,-7.14,,,,,,,0,euronext,2026-09-22T20:41:38Z
2026-08-06,SYSTOFUTBLQ1-27,-6.21,,,,,,,0,euronext,2026-09-22T20:41:38Z
2026-08-06,SYSTOFUTBLQ2-27,-1.75,,,,,,,0,euronext,2026-09-22T20:41:38Z
2026-08-06,SYSTOFUTBLQ3-27,-2.36,,,,,,,0,euronext,2026-09-22T20:41:38Z
2026-08-06,SYSTOFUTBLQ4-26,-6.90,,,,,,,10,euronext,2026-09-22T20:41:38Z
2026-08-06,SYSTOFUTBLYR-27,-3.50,,,,,,,2,euronext,2026-09-22T20:41:38Z
2026-08-06,SYSTOFUTBLYR-28,-2.50,,,,,,,0,euronext,2026-09-22T20:41:38Z
2026-08-06,SYSTOFUTBLYR-29,-1.83,,,,,,,0,euronext,2026-09-22T20:41:38Z
2026-08-06,SYSTOFUTBLYR-30,-0.07,,,,,,,0,euronext,2026-09-22T20:41:38Z
2026-08-07,SYSTOFUTBLMNOV-26,-6.06,,,,,,,0,euronext,2026-09-22T20:41:38Z
2026-08-07,SYSTOFUTBLMOCT-26,-6.69,,,,,,,0,euronext,2026-09-22T20:41:38Z
2026-08-07,SYSTOFUTBLMSEP-26,-8.25,,,-8.25,-8.25,,-8.25,6,euronext,2026-09-22T20:41:38Z
2026-08-07,SYSTOFUTBLQ1-27,-6.13,,,,,,,0,euronext,2026-09-22T20:41:38Z
2026-08-07,SYSTOFUTBLQ2-27,-1.79,,,,,,,0,euronext,2026-09-22T20:41:38Z
2026-08-07,SYSTOFUTBLQ3-27,-2.37,,,,,,,0,euronext,2026-09-22T20:41:38Z
2026-08-07,SYSTOFUTBLQ4-26,-8.00,,,-7.50,-8.00,,-7.50,5,euronext,2026-09-22T20:41:38Z
2026-08-07,SYSTOFUTBLYR-27,-3.28,,,,,,,0,euronext,2026-09-22T20:41:38Z
2026-08-07,SYSTOFUTBLYR-28,-2.50,,,,,,,0,euronext,2026-09-22T20:41:38Z
2026-08-07,SYSTOFUTBLYR-29,-1.84,,,,,,,0,euronext,2026-09-22T20:41:38Z
2026-08-07,SYSTOFUTBLYR-30,-0.07,,,,,,,0,euronext,2026-09-22T20:41:38Z
2026-08-10,SYSTOFUTBLMNOV-26,-6.55,,,,,,,0,euronext,2026-09-22T20:41:38Z
2026-08-10,SYSTOFUTBLMOCT-26,-7.27,,,,,,,0,euronext,2026-09-22T20:41:38Z
2026-08-10,SYSTOFUTBLMSEP-26,-8.66,,,,,,,0,euronext,2026-09-22T20:41:38Z
2026-08-10,SYSTOFUTBLQ1-27,-6.75,,,,,,,0,euronext,2026-09-22T20:41:38Z
2026-08-10,SYSTOFUTBLQ2-27,-2.24,,,,,,,0,euronext,2026-09-22T20:41:38Z
2026-08-10,SYSTOFUTBLQ3-27,-2.56,,,,,,,0,euronext,2026-09-22T20:41:38Z
2026-08-10,SYSTOFUTBLQ4-26,-8.53,,,,,,,0,euronext,2026-09-22T20:41:38Z
2026-08-10,SYSTOFUTBLYR-27,-3.47,,,,,,,0,euronext,2026-09-22T20:41:38Z
2026-08-10,SYSTOFUTBLYR-28,-2.75,,,,,,,2,euronext,2026-09-22T20:41:38Z
2026-08-10,SYSTOFUTBLYR-29,-1.87,,,,,,,0,euronext,2026-09-22T20:41:38Z
2026-08-10,SYSTOFUTBLYR-30,-0.10,,,,,,,0,euronext,2026-09-22T20:41:38Z
2026-08-11,SYSTOFUTBLMNOV-26,-7.72,,,-7.72,-7.72,,-7.72,3,euronext,2026-09-22T20:41:38Z
2026-08-11,SYSTOFUTBLMOCT-26,-7.09,,,,,,,0,euronext,2026-09-22T20:41:38Z
2026-08-11,SYSTOFUTBLMSEP-26,-8.46,,,,,,,25,euronext,2026-09-22T20:41:38Z
2026-08-11,SYSTOFUTBLQ1-27,-7.58,,,,,,,40,euronext,2026-09-22T20:41:38Z
2026-08-11,SYSTOFUTBLQ2-27,-2.42,,,,,,,0,euronext,2026-09-22T20:41:38Z
2026-08-11,SYSTOFUTBLQ3-27,-2.69,,,,,,,0,euronext,2026-09-22T20:41:38Z
2026-08-11,SYSTOFUTBLQ4-26,-9.13,,,,,,,43,euronext,2026-09-22T20:41:38Z
2026-08-11,SYSTOFUTBLYR-27,-4.26,,,,,,,20,euronext,2026-09-22T20:41:38Z
2026-08-11,SYSTOFUTBLYR-28,-2.88,,,,,,,20,euronext,2026-09-22T20:41:38Z
2026-08-11,SYSTOFUTBLYR-29,-1.80,,,,,,,3,euronext,2026-09-22T20:41:38Z
2026-08-11,SYSTOFUTBLYR-30,-0.23,,,,,,,0,euronext,2026-09-22T20:41:38Z
2026-08-12,SYSTOFUTBLMNOV-26,-7.48,,,,,,,0,euronext,2026-09-22T20:41:38Z
2026-08-12,SYSTOFUTBLMOCT-26,-6.52,,,,,,,0,euronext,2026-09-22T20:41:38Z
2026-08-12,SYSTOFUTBLMSEP-26,-6.47,,,-6.47,-6.47,,-6.47,5,euronext,2026-09-22T20:41:38Z
2026-08-12,SYSTOFUTBLQ1-27,-8.00,,,,,,,13,euronext,2026-09-22T20:41:38Z
2026-08-12,SYSTOFUTBLQ2-27,-2.01,,,,,,,0,euronext,2026-09-22T20:41:38Z
2026-08-12,SYSTOFUTBLQ3-27,-2.66,,,,,,,0,euronext,2026-09-22T20:41:38Z
2026-08-12,SYSTOFUTBLQ4-26,-9.00,,,,,,,6,euronext,2026-09-22T20:41:38Z
2026-08-12,SYSTOFUTBLYR-27,-4.50,,,,,,,5,euronext,2026-09-22T20:41:38Z
2026-08-12,SYSTOFUTBLYR-28,-3.00,,,,,,,6,euronext,2026-09-22T20:41:38Z
2026-08-12,SYSTOFUTBLYR-29,-1.80,,,,,,,0,euronext,2026-09-22T20:41:38Z
2026-08-12,SYSTOFUTBLYR-30,-0.23,,,,,,,0,euronext,2026-09-22T20:41:38Z
2026-08-13,SYSTOFUTBLMNOV-26,-6.57,,,,,,,0,euronext,2026-09-22T20:41:38Z
2026-08-13,SYSTOFUTBLMOCT-26,-6.12,,,,,,,0,euronext,2026-09-22T20:41:38Z
2026-08-13,SYSTOFUTBLMSEP-26,-4.60,,,-5.00,-5.00,,-5.00,34,euronext,2026-09-22T20:41:38Z
2026-08-13,SYSTOFUTBLQ1-27,-8.00,,,,,244,,4,euronext,2026-09-22T20:41:38Z
2026-08-13,SYSTOFUTBLQ2-27,-1.95,,,,,,,0,euronext,2026-09-22T20:41:38Z
2026-08-13,SYSTOFUTBLQ3-27,-2.39,,,,,,,0,euronext,2026-09-22T20:41:38Z
2026-08-13,SYSTOFUTBLQ4-26,-9.00,,,,,1855,,6,euronext,2026-09-22T20:41:38Z
2026-08-13,SYSTOFUTBLYR-27,-4.50,,,,,1408,,10,euronext,2026-09-22T20:41:38Z
2026-08-13,SYSTOFUTBLYR-28,-2.95,,,,,596,,0,euronext,2026-09-22T20:41:38Z
2026-08-13,SYSTOFUTBLYR-29,-1.80,,,,,246,,7,euronext,2026-09-22T20:41:38Z
2026-08-13,SYSTOFUTBLYR-30,-0.21,,,,,16,,0,euronext,2026-09-22T20:41:38Z
2026-08-14,SYSTOFUTBLMNOV-26,-6.12,,,,,,,0,euronext,2026-09-22T20:41:38Z
2026-08-14,SYSTOFUTBLMOCT-26,-5.79,,,,,,,0,euronext,2026-09-22T20:41:38Z
2026-08-14,SYSTOFUTBLMSEP-26,-3.69,,,,,,,0,euronext,2026-09-22T20:41:38Z
2026-08-14,SYSTOFUTBLQ1-27,-7.73,,,,,,,0,euronext,2026-09-22T20:41:38Z
2026-08-14,SYSTOFUTBLQ2-27,-1.43,,,,,,,0,euronext,2026-09-22T20:41:38Z
2026-08-14,SYSTOFUTBLQ3-27,-2.62,,,,,,,0,euronext,2026-09-22T20:41:38Z
2026-08-14,SYSTOFUTBLQ4-26,-8.70,,,,,,,0,euronext,2026-09-22T20:41:38Z
2026-08-14,SYSTOFUTBLYR-27,-4.10,,,,,,,5,euronext,2026-09-22T20:41:38Z
2026-08-14,SYSTOFUTBLYR-28,-2.90,,,,,,,12,euronext,2026-09-22T20:41:38Z
2026-08-14,SYSTOFUTBLYR-29,-1.80,,,,,,,3,euronext,2026-09-22T20:41:38Z
2026-08-14,SYSTOFUTBLYR-30,-0.22,,,,,,,0,euronext,2026-09-22T20:41:38Z
2026-08-17,SYSTOFUTBLMNOV-26,-6.50,,,,,,,2,euronext,2026-09-22T20:41:38Z
2026-08-17,SYSTOFUTBLMOCT-26,-6.96,,,,,,,0,euronext,2026-09-22T20:41:38Z
2026-08-17,SYSTOFUTBLMSEP-26,-5.25,,,,,,,0,euronext,2026-09-22T20:41:38Z
2026-08-17,SYSTOFUTBLQ1-27,-8.00,,,,,,,10,euronext,2026-09-22T20:41:38Z
2026-08-17,SYSTOFUTBLQ2-27,-1.16,,,,,,,0,euronext,2026-09-22T20:41:38Z
2026-08-17,SYSTOFUTBLQ3-27,-2.60,,,,,,,0,euronext,2026-09-22T20:41:38Z
2026-08-17,SYSTOFUTBLQ4-26,-9.74,,,,,,,0,euronext,2026-09-22T20:41:38Z
2026-08-17,SYSTOFUTBLYR-27,-4.30,,,,,,,1,euronext,2026-09-22T20:41:38Z
2026-08-17,SYSTOFUTBLYR-28,-2.90,,,,,,,3,euronext,2026-09-22T20:41:38Z
2026-08-17,SYSTOFUTBLYR-29,-1.82,,,,,,,0,euronext,2026-09-22T20:41:38Z
2026-08-17,SYSTOFUTBLYR-30,-0.30,,,,,,,0,euronext,2026-09-22T20:41:38Z
2026-08-18,SYSTOFUTBLMNOV-26,-6.62,,,,,,,0,euronext,2026-09-22T20:41:38Z
2026-08-18,SYSTOFUTBLMOCT-26,-7.50,,,,,,,0,euronext,2026-09-22T20:41:38Z
2026-08-18,SYSTOFUTBLMSEP-26,-5.11,,,,,,,0,euronext,2026-09-22T20:41:38Z
2026-08-18,SYSTOFUTBLQ1-27,-8.19,,,,,,,0,euronext,2026-09-22T20:41:38Z
2026-08-18,SYSTOFUTBLQ2-27,-1.27,,,,,,,0,euronext,2026-09-22T20:41:38Z
2026-08-18,SYSTOFUTBLQ3-27,-2.54,,,,,,,0,euronext,2026-09-22T20:41:38Z
2026-08-18,SYSTOFUTBLQ4-26,-9.75,,,,,,,0,euronext,2026-09-22T20:41:38Z
2026-08-18,SYSTOFUTBLYR-27,-4.15,,,,,,,7,euronext,2026-09-22T20:41:38Z
2026-08-18,SYSTOFUTBLYR-28,-2.85,,,,,,,10,euronext,2026-09-22T20:41:38Z
2026-08-18,SYSTOFUTBLYR-29,-1.80,,,,,,,1,euronext,2026-09-22T20:41:38Z
2026-08-18,SYSTOFUTBLYR-30,-0.31,,,,,,,0,euronext,2026-09-22T20:41:38Z
2026-08-19,SYSTOFUTBLMNOV-26,-6.32,,,,,,,0,euronext,2026-09-22T20:41:38Z
2026-08-19,SYSTOFUTBLMOCT-26,-6.82,,,,,,,0,euronext,2026-09-22T20:41:38Z
2026-08-19,SYSTOFUTBLMSEP-26,-3.25,,,-3.25,-3.76,,-3.76,33,euronext,2026-09-22T20:41:38Z
2026-08-19,SYSTOFUTBLQ1-27,-8.59,,,,,,,0,euronext,2026-09-22T20:41:38Z
2026-08-19,SYSTOFUTBLQ2-27,-0.91,,,,,,,0,euronext,2026-09-22T20:41:38Z
2026-08-19,SYSTOFUTBLQ3-27,-2.48,,,,,,,0,euronext,2026-09-22T20:41:38Z
2026-08-19,SYSTOFUTBLQ4-26,-9.30,,,,,,,0,euronext,2026-09-22T20:41:38Z
2026-08-19,SYSTOFUTBLYR-27,-4.14,,,,,,,0,euronext,2026-09-22T20:41:38Z
2026-08-19,SYSTOFUTBLYR-28,-2.75,,,,,,,2,euronext,2026-09-22T20:41:38Z
2026-08-19,SYSTOFUTBLYR-29,-1.90,,,,,,,0,euronext,2026-09-22T20:41:38Z
2026-08-19,SYSTOFUTBLYR-30,-0.31,,,,,,,0,euronext,2026-09-22T20:41:38Z
2026-08-20,SYSTOFUTBLMNOV-26,-5.86,,,,,,,0,euronext,2026-09-22T20:41:38Z
2026-08-20,SYSTOFUTBLMOCT-26,-6.31,,,,,,,0,euronext,2026-09-22T20:41:38Z
2026-08-20,SYSTOFUTBLMSEP-26,-2.50,,,,,,,35,euronext,2026-09-22T20:41:38Z
2026-08-20,SYSTOFUTBLQ1-27,-8.50,,,,,,,2,euronext,2026-09-22T20:41:38Z
2026-08-20,SYSTOFUTBLQ2-27,-0.89,,,,,,,0,euronext,2026-09-22T20:41:38Z
2026-08-20,SYSTOFUTBLQ3-27,-2.41,,,,,,,0,euronext,2026-09-22T20:41:38Z
2026-08-20,SYSTOFUTBLQ4-26,-9.50,,,,,,,6,euronext,2026-09-22T20:41:38Z
2026-08-20,SYSTOFUTBLYR-27,-4.10,,,,,,,5,euronext,2026-09-22T20:41:38Z
2026-08-20,SYSTOFUTBLYR-28,-2.72,,,,,,,0,euronext,2026-09-22T20:41:38Z
2026-08-20,SYSTOFUTBLYR-29,-1.95,,,,,,,0,euronext,2026-09-22T20:41:38Z
2026-08-20,SYSTOFUTBLYR-30,-0.32,,,,,,,0,euronext,2026-09-22T20:41:38Z
2026-08-21,SYSTOFUTBLMNOV-26,-6.40,,,,,,,0,euronext,2026-09-22T20:41:38Z
2026-08-21,SYSTOFUTBLMOCT-26,-6.53,,,,,,,0,euronext,2026-09-22T20:41:38Z
2026-08-21,SYSTOFUTBLMSEP-26,-2.25,,,-2.31,-2.50,,-2.50,11,euronext,2026-09-22T20:41:38Z
2026-08-21,SYSTOFUTBLQ1-27,-8.60,,,,,250,,1,euronext,2026-09-22T20:41:38Z
2026-08-21,SYSTOFUTBLQ2-27,-1.03,,,,,,,0,euronext,2026-09-22T20:41:38Z
2026-08-21,SYSTOFUTBLQ3-27,-2.63,,,,,,,0,euronext,2026-09-22T20:41:38Z
2026-08-21,SYSTOFUTBLQ4-26,-9.50,,,,,1861,,0,euronext,2026-09-22T20:41:38Z
2026-08-21,SYSTOFUTBLYR-27,-4.00,,,,,1414,,1,euronext,2026-09-22T20:41:38Z
2026-08-21,SYSTOFUTBLYR-28,-2.70,,,,,623,,0,euronext,2026-09-22T20:41:38Z
2026-08-21,SYSTOFUTBLYR-29,-1.85,,,,,252,,2,euronext,2026-09-22T20:41:38Z
2026-08-21,SYSTOFUTBLYR-30,-0.35,,,,,16,,0,euronext,2026-09-22T20:41:38Z
2026-08-24,SYSTOFUTBLMNOV-26,-6.22,,,,,,,0,euronext,2026-09-22T20:41:38Z
2026-08-24,SYSTOFUTBLMOCT-26,-6.02,,,,,,,0,euronext,2026-09-22T20:41:38Z
2026-08-24,SYSTOFUTBLMSEP-26,-1.20,,,-1.20,-1.50,,-1.50,42,euronext,2026-09-22T20:41:38Z
2026-08-24,SYSTOFUTBLQ1-27,-8.77,,,,,,,0,euronext,2026-09-22T20:41:38Z
2026-08-24,SYSTOFUTBLQ2-27,-0.94,,,,,,,0,euronext,2026-09-22T20:41:38Z
2026-08-24,SYSTOFUTBLQ3-27,-2.56,,,,,,,0,euronext,2026-09-22T20:41:38Z
2026-08-24,SYSTOFUTBLQ4-26,-8.50,,,,,,,0,euronext,2026-09-22T20:41:38Z
2026-08-24,SYSTOFUTBLYR-27,-3.85,,,,,,,0,euronext,2026-09-22T20:41:38Z
2026-08-24,SYSTOFUTBLYR-28,-2.60,,,,,,,7,euronext,2026-09-22T20:41:38Z
2026-08-24,SYSTOFUTBLYR-29,-1.85,,,,,,,0,euronext,2026-09-22T20:41:38Z
2026-08-24,SYSTOFUTBLYR-30,-0.37,,,,,,,0,euronext,2026-09-22T20:41:38Z
2026-08-25,SYSTOFUTBLMNOV-26,-6.25,,,,,,,0,euronext,2026-09-22T20:41:38Z
2026-08-25,SYSTOFUTBLMOCT-26,-5.00,,,-5.00,-5.00,,-5.00,2,euronext,2026-09-22T20:41:38Z
2026-08-25,SYSTOFUTBLMSEP-26,0.10,,,0.10,-0.50,,-0.50,57,euronext,2026-09-22T20:41:38Z
2026-08-25,SYSTOFUTBLQ1-27,-8.50,,,,,,,57,euronext,2026-09-22T20:41:38Z
2026-08-25,SYSTOFUTBLQ2-27,-0.87,,,,,,,0,euronext,2026-09-22T20:41:38Z
2026-08-25,SYSTOFUTBLQ3-27,-2.56,,,,,,,0,euronext,2026-09-22T20:41:38Z
2026-08-25,SYSTOFUTBLQ4-26,-8.00,,,,,,,50,euronext,2026-09-22T20:41:38Z
2026-08-25,SYSTOFUTBLYR-27,-3.60,,,,,,,24,euronext,2026-09-22T20:41:38Z
2026-08-25,SYSTOFUTBLYR-28,-2.50,,,,,,,25,euronext,2026-09-22T20:41:38Z
2026-08-25,SYSTOFUTBLYR-29,-1.85,,,,,,,0,euronext,2026-09-22T20:41:38Z
2026-08-25,SYSTOFUTBLYR-30,-0.37,,,,,,,0,euronext,2026-09-22T20:41:38Z
2026-08-26,SYSTOFUTBLMNOV-26,-5.28,,,,,,,0,euronext,2026-09-22T20:41:38Z
2026-08-26,SYSTOFUTBLMOCT-26,-3.98,,,,,,,0,euronext,2026-09-22T20:41:38Z
2026-08-26,SYSTOFUTBLMSEP-26,0.65,,,,,,,0,euronext,2026-09-22T20:41:38Z
2026-08-26,SYSTOFUTBLQ1-27,-7.42,,,,,,,0,euronext,2026-09-22T20:41:38Z
2026-08-26,SYSTOFUTBLQ2-27,-0.11,,,,,,,0,euronext,2026-09-22T20:41:38Z
2026-08-26,SYSTOFUTBLQ3-27,-2.20,,,,,,,0,euronext,2026-09-22T20:41:38Z
2026-08-26,SYSTOFUTBLQ4-26,-7.37,,,,,,,0,euronext,2026-09-22T20:41:38Z
2026-08-26,SYSTOFUTBLYR-27,-3.45,,,,,,,10,euronext,2026-09-22T20:41:38Z
2026-08-26,SYSTOFUTBLYR-28,-2.25,,,,,,,9,euronext,2026-09-22T20:41:38Z
2026-08-26,SYSTOFUTBLYR-29,-1.65,,,,,,,6,euronext,2026-09-22T20:41:38Z
2026-08-26,SYSTOFUTBLYR-30,-0.31,,,,,,,0,euronext,2026-09-22T20:41:38Z
2026-08-27,SYSTOFUTBLMNOV-26,-5.60,,,,,,,0,euronext,2026-09-22T20:41:38Z
2026-08-27,SYSTOFUTBLMOCT-26,-4.46,,,,,,,0,euronext,2026-09-22T20:41:38Z
2026-08-27,SYSTOFUTBLMSEP-26,0.45,,,,,,,8,euronext,2026-09-22T20:41:38Z
2026-08-27,SYSTOFUTBLQ1-27,-7.74,,,,,,,0,euronext,2026-09-22T20:41:38Z
2026-08-27,SYSTOFUTBLQ2-27,-0.84,,,,,,,0,euronext,2026-09-22T20:41:38Z
2026-08-27,SYSTOFUTBLQ3-27,-2.48,,,,,,,0,euronext,2026-09-22T20:41:38Z
2026-08-27,SYSTOFUTBLQ4-26,-6.91,,,,,,,0,euronext,2026-09-22T20:41:38Z
2026-08-27,SYSTOFUTBLYR-27,-3.50,,,,,,,0,euronext,2026-09-22T20:41:38Z
2026-08-27,SYSTOFUTBLYR-28,-2.15,,,,,,,7,euronext,2026-09-22T20:41:38Z
2026-08-27,SYSTOFUTBLYR-29,-1.60,,,,,,,1,euronext,2026-09-22T20:41:38Z
2026-08-27,SYSTOFUTBLYR-30,-0.36,,,,,,,0,euronext,2026-09-22T20:41:38Z
2026-08-28,SYSTOFUTBLMNOV-26,-6.00,,,,,,,0,euronext,2026-09-22T20:41:38Z
2026-08-28,SYSTOFUTBLMOCT-26,-4.28,,,,,,,0,euronext,2026-09-22T20:41:38Z
2026-08-28,SYSTOFUTBLMSEP-26,-0.25,,,-0.25,-0.25,,-0.25,13,euronext,2026-09-22T20:41:38Z
2026-08-28,SYSTOFUTBLQ1-27,-8.00,,,,,,,1,euronext,2026-09-22T20:41:38Z
2026-08-28,SYSTOFUTBLQ2-27,-0.15,,,,,,,0,euronext,2026-09-22T20:41:38Z
2026-08-28,SYSTOFUTBLQ3-27,-2.49,,,,,,,0,euronext,2026-09-22T20:41:38Z
2026-08-28,SYSTOFUTBLQ4-26,-6.32,,,,,,,0,euronext,2026-09-22T20:41:38Z
2026-08-28,SYSTOFUTBLYR-27,-3.40,,,,,,,2,euronext,2026-09-22T20:41:38Z
2026-08-28,SYSTOFUTBLYR-28,-2.03,,,,,,,0,euronext,2026-09-22T20:41:38Z
2026-08-28,SYSTOFUTBLYR-29,-1.59,,,,,,,0,euronext,2026-09-22T20:41:38Z
2026-08-28,SYSTOFUTBLYR-30,-0.39,,,,,,,0,euronext,2026-09-22T20:41:38Z
2026-08-31,SYSTOFUTBLMNOV-26,-7.00,,,,,,,0,euronext,2026-09-22T20:41:38Z
2026-08-31,SYSTOFUTBLMOCT-26,-5.82,,,,,,,0,euronext,2026-09-22T20:41:38Z
2026-08-31,SYSTOFUTBLMSEP-26,-3.00,,,-2.90,-3.10,,-3.10,16,euronext,2026-09-22T20:41:38Z
2026-08-31,SYSTOFUTBLQ1-27,-8.81,,,,,,,0,euronext,2026-09-22T20:41:38Z
2026-08-31,SYSTOFUTBLQ2-27,0.47,,,,,,,0,euronext,2026-09-22T20:41:38Z
2026-08-31,SYSTOFUTBLQ3-27,-2.66,,,,,,,0,euronext,2026-09-22T20:41:38Z
2026-08-31,SYSTOFUTBLQ4-26,-7.81,,,,,,,0,euronext,2026-09-22T20:41:38Z
2026-08-31,SYSTOFUTBLYR-27,-3.45,,,,,,,3,euronext,2026-09-22T20:41:38Z
2026-08-31,SYSTOFUTBLYR-28,-2.00,,,,,,,4,euronext,2026-09-22T20:41:38Z
2026-08-31,SYSTOFUTBLYR-29,-1.50,,,,,,,2,euronext,2026-09-22T20:41:38Z
2026-08-31,SYSTOFUTBLYR-30,-0.45,,,,,,,0,euronext,2026-09-22T20:41:38Z
2026-09-01,SYSTOFUTBLMDEC-26,-11.50,,,-11.50,-11.50,,-11.50,15,euronext,2026-09-22T20:41:38Z
2026-09-01,SYSTOFUTBLMNOV-26,-9.00,,,-9.00,-9.00,,-9.00,3,euronext,2026-09-22T20:41:38Z
2026-09-01,SYSTOFUTBLMOCT-26,-6.37,,,,,,,0,euronext,2026-09-22T20:41:38Z
2026-09-01,SYSTOFUTBLMSEP-26,-5.50,,,-5.00,-5.00,,-5.00,20,euronext,2026-09-22T20:41:38Z
2026-09-01,SYSTOFUTBLQ1-27,-10.09,,,,,,,0,euronext,2026-09-22T20:41:38Z
2026-09-01,SYSTOFUTBLQ2-27,0.12,,,,,,,0,euronext,2026-09-22T20:41:38Z
2026-09-01,SYSTOFUTBLQ3-27,-2.79,,,,,,,0,euronext,2026-09-22T20:41:38Z
2026-09-01,SYSTOFUTBLQ4-26,-9.11,,,-8.00,-8.00,,-8.00,21,euronext,2026-09-22T20:41:38Z
2026-09-01,SYSTOFUTBLYR-27,-3.45,,,,,,,1,euronext,2026-09-22T20:41:38Z
2026-09-01,SYSTOFUTBLYR-28,-2.08,,,,,,,0,euronext,2026-09-22T20:41:38Z
2026-09-01,SYSTOFUTBLYR-29,-1.50,,,,,,,1,euronext,2026-09-22T20:41:38Z
2026-09-01,SYSTOFUTBLYR-30,-0.52,,,,,,,0,euronext,2026-09-22T20:41:38Z
2026-09-02,SYSTOFUTBLMDEC-26,-13.16,,,,,,,0,euronext,2026-09-22T20:41:38Z
2026-09-02,SYSTOFUTBLMNOV-26,-10.75,,,,,,,0,euronext,2026-09-22T20:41:38Z
2026-09-02,SYSTOFUTBLMOCT-26,-8.34,,,,,,,0,euronext,2026-09-22T20:41:38Z
2026-09-02,SYSTOFUTBLMSEP-26,-8.00,,,-8.00,-8.00,,-8.00,3,euronext,2026-09-22T20:41:38Z
2026-09-02,SYSTOFUTBLQ1-27,-11.00,,,,,,,15,euronext,2026-09-22T20:41:38Z
2026-09-02,SYSTOFUTBLQ2-27,-0.50,,,,,,,0,euronext,2026-09-22T20:41:38Z
2026-09-02,SYSTOFUTBLQ3-27,-3.14,,,,,,,0,euronext,2026-09-22T20:41:38Z
2026-09-02,SYSTOFUTBLQ4-26,-10.65,,,,,,,0,euronext,2026-09-22T20:41:38Z
2026-09-02,SYSTOFUTBLYR-27,-4.20,,,,,,,4,euronext,2026-09-22T20:41:38Z
2026-09-02,SYSTOFUTBLYR-28,-2.15,,,,,,,5,euronext,2026-09-22T20:41:38Z
2026-09-02,SYSTOFUTBLYR-29,-1.60,,,,,,,2,euronext,2026-09-22T20:41:38Z
2026-09-02,SYSTOFUTBLYR-30,-0.62,,,,,,,0,euronext,2026-09-22T20:41:38Z
2026-09-03,SYSTOFUTBLMDEC-26,-13.24,,,,,,,0,euronext,2026-09-22T20:41:38Z
2026-09-03,SYSTOFUTBLMNOV-26,-10.45,,,,,,,0,euronext,2026-09-22T20:41:38Z
2026-09-03,SYSTOFUTBLMOCT-26,-8.21,,,,,,,0,euronext,2026-09-22T20:41:38Z
2026-09-03,SYSTOFUTBLMSEP-26,-10.00,,,,,,,0,euronext,2026-09-22T20:41:38Z
2026-09-03,SYSTOFUTBLQ1-27,-11.00,,,-11.00,-11.00,,-11.00,1,euronext,2026-09-22T20:41:38Z
2026-09-03,SYSTOFUTBLQ2-27,-0.53,,,,,,,0,euronext,2026-09-22T20:41:38Z
2026-09-03,SYSTOFUTBLQ3-27,-3.17,,,,,,,0,euronext,2026-09-22T20:41:38Z
2026-09-03,SYSTOFUTBLQ4-26,-10.50,,,,,,,0,euronext,2026-09-22T20:41:38Z
2026-09-03,SYSTOFUTBLYR-27,-4.35,,,,,,,0,euronext,2026-09-22T20:41:38Z
2026-09-03,SYSTOFUTBLYR-28,-2.18,,,,,,,0,euronext,2026-09-22T20:41:38Z
2026-09-03,SYSTOFUTBLYR-29,-1.65,,,,,,,6,euronext,2026-09-22T20:41:38Z
2026-09-03,SYSTOFUTBLYR-30,-0.61,,,,,,,0,euronext,2026-09-22T20:41:38Z
2026-09-04,SYSTOFUTBLMDEC-26,-13.23,,,,,,,0,euronext,2026-09-22T20:41:38Z
2026-09-04,SYSTOFUTBLMNOV-26,-10.38,,,,,,,0,euronext,2026-09-22T20:41:38Z
2026-09-04,SYSTOFUTBLMOCT-26,-8.38,,,,,,,0,euronext,2026-09-22T20:41:38Z
2026-09-04,SYSTOFUTBLMSEP-26,-12.85,,,,,,,0,euronext,2026-09-22T20:41:38Z
2026-09-04,SYSTOFUTBLQ1-27,-10.50,,,,,,,1,euronext,2026-09-22T20:41:38Z
2026-09-04,SYSTOFUTBLQ2-27,-0.43,,,,,,,0,euronext,2026-09-22T20:41:38Z
2026-09-04,SYSTOFUTBLQ3-27,-3.14,,,,,,,0,euronext,2026-09-22T20:41:38Z
2026-09-04,SYSTOFUTBLQ4-26,-10.00,,,,,,,7,euronext,2026-09-22T20:41:38Z
2026-09-04,SYSTOFUTBLYR-27,-4.45,,,,,,,1,euronext,2026-09-22T20:41:38Z
2026-09-04,SYSTOFUTBLYR-28,-2.10,,,,,,,1,euronext,2026-09-22T20:41:38Z
2026-09-04,SYSTOFUTBLYR-29,-1.65,,,,,,,2,euronext,2026-09-22T20:41:38Z
2026-09-04,SYSTOFUTBLYR-30,-0.50,,,,,,,2,euronext,2026-09-22T20:41:38Z
2026-09-07,SYSTOFUTBLMDEC-26,-13.08,,,-13.08,-13.08,,-13.08,1,euronext,2026-09-22T20:41:38Z
2026-09-07,SYSTOFUTBLMNOV-26,-10.43,,,-10.43,-10.43,,-10.43,1,euronext,2026-09-22T20:41:38Z
2026-09-07,SYSTOFUTBLMOCT-26,-8.64,,,-8.64,-8.64,,-8.64,1,euronext,2026-09-22T20:41:38Z
2026-09-07,SYSTOFUTBLMSEP-26,-12.86,,,,,,,0,euronext,2026-09-22T20:41:38Z
2026-09-07,SYSTOFUTBLQ1-27,-11.35,,,,,,,10,euronext,2026-09-22T20:41:38Z
2026-09-07,SYSTOFUTBLQ2-27,-0.82,,,,,,,0,euronext,2026-09-22T20:41:38Z
2026-09-07,SYSTOFUTBLQ3-27,-3.53,,,,,,,0,euronext,2026-09-22T20:41:38Z
2026-09-07,SYSTOFUTBLQ4-26,-10.73,,,,,,,0,euronext,2026-09-22T20:41:38Z
2026-09-07,SYSTOFUTBLYR-27,-4.92,,,-4.75,-4.90,,-4.75,4,euronext,2026-09-22T20:41:38Z
2026-09-07,SYSTOFUTBLYR-28,-2.32,,,,,,,0,euronext,2026-09-22T20:41:38Z
2026-09-07,SYSTOFUTBLYR-29,-1.71,,,,,,,0,euronext,2026-09-22T20:41:38Z
2026-09-07,SYSTOFUTBLYR-30,-0.50,,,,,,,0,euronext,2026-09-22T20:41:38Z
2026-09-08,SYSTOFUTBLMDEC-26,-12.50,,,,,,,0,euronext,2026-09-22T20:41:38Z
2026-09-08,SYSTOFUTBLMNOV-26,-10.00,,,,,,,0,euronext,2026-09-22T20:41:38Z
2026-09-08,SYSTOFUTBLMOCT-26,-8.00,,,,,,,23,euronext,2026-09-22T20:41:38Z
2026-09-08,SYSTOFUTBLMSEP-26,-13.05,,,,,,,0,euronext,2026-09-22T20:41:38Z
2026-09-08,SYSTOFUTBLQ1-27,-11.67,,,,,,,40,euronext,2026-09-22T20:41:38Z
2026-09-08,SYSTOFUTBLQ2-27,-1.12,,,,,,,0,euronext,2026-09-22T20:41:38Z
2026-09-08,SYSTOFUTBLQ3-27,-3.82,,,,,,,0,euronext,2026-09-22T20:41:38Z
2026-09-08,SYSTOFUTBLQ4-26,-9.69,,,-9.69,-9.69,,-9.69,43,euronext,2026-09-22T20:41:38Z
2026-09-08,SYSTOFUTBLYR-27,-4.93,,,,,,,20,euronext,2026-09-22T20:41:38Z
2026-09-08,SYSTOFUTBLYR-28,-2.39,,,,,,,20,euronext,2026-09-22T20:41:38Z
2026-09-08,SYSTOFUTBLYR-29,-2.30,,,,,,,2,euronext,2026-09-22T20:41:38Z
2026-09-08,SYSTOFUTBLYR-30,-0.55,,,,,,,0,euronext,2026-09-22T20:41:38Z
2026-09-09,SYSTOFUTBLMDEC-26,-9.00,,,,,,,0,euronext,2026-09-22T20:47:12Z
2026-09-09,SYSTOFUTBLMNOV-26,-5.75,,,,,,,0,euronext,2026-09-22T20:47:12Z
2026-09-09,SYSTOFUTBLMOCT-26,-3.75,,,-3.75,-5.25,,-5.25,22,euronext,2026-09-22T20:47:12Z
2026-09-09,SYSTOFUTBLMSEP-26,-13.86,,,,,,,0,euronext,2026-09-22T20:47:12Z
2026-09-09,SYSTOFUTBLQ1-27,-11.46,,,,,,,0,euronext,2026-09-22T20:47:12Z
2026-09-09,SYSTOFUTBLQ2-27,-1.15,,,,,,,0,euronext,2026-09-22T20:47:12Z
2026-09-09,SYSTOFUTBLQ3-27,-4.44,,,,,,,0,euronext,2026-09-22T20:47:12Z
2026-09-09,SYSTOFUTBLQ4-26,-5.75,,,,,,,17,euronext,2026-09-22T20:47:12Z
2026-09-09,SYSTOFUTBLYR-27,-5.00,,,,,,,10,euronext,2026-09-22T20:47:12Z
2026-09-09,SYSTOFUTBLYR-28,-2.60,,,,,,,4,euronext,2026-09-22T20:47:12Z
2026-09-09,SYSTOFUTBLYR-29,-2.48,,,,,,,0,euronext,2026-09-22T20:47:12Z
2026-09-09,SYSTOFUTBLYR-30,-0.64,,,,,,,0,euronext,2026-09-22T20:47:12Z
2026-09-10,SYSTOFUTBLMDEC-26,-9.22,,,,,,,0,euronext,2026-09-22T20:47:12Z
2026-09-10,SYSTOFUTBLMNOV-26,-6.28,,,,,,,0,euronext,2026-09-22T20:47:12Z
2026-09-10,SYSTOFUTBLMOCT-26,-3.85,,,-3.40,-3.85,,-3.40,45,euronext,2026-09-22T20:47:12Z
2026-09-10,SYSTOFUTBLMSEP-26,-15.70,,,,,,,0,euronext,2026-09-22T20:47:12Z
2026-09-10,SYSTOFUTBLQ1-27,-11.89,,,,,,,0,euronext,2026-09-22T20:47:12Z
2026-09-10,SYSTOFUTBLQ2-27,-0.85,,,,,,,0,euronext,2026-09-22T20:47:12Z
2026-09-10,SYSTOFUTBLQ3-27,-4.73,,,,,,,0,euronext,2026-09-22T20:47:12Z
2026-09-10,SYSTOFUTBLQ4-26,-6.50,,,-6.35,-6.35,,-6.35,7,euronext,2026-09-22T20:47:12Z
2026-09-10,SYSTOFUTBLYR-27,-5.12,,,,,,,0,euronext,2026-09-22T20:47:12Z
2026-09-10,SYSTOFUTBLYR-28,-2.75,,,,,,,0,euronext,2026-09-22T20:47:12Z
2026-09-10,SYSTOFUTBLYR-29,-2.60,,,,,,,5,euronext,2026-09-22T20:47:12Z
2026-09-10,SYSTOFUTBLYR-30,-0.82,,,,,,,0,euronext,2026-09-22T20:47:12Z
2026-09-11,SYSTOFUTBLMDEC-26,-9.85,,,-9.85,-9.85,,-9.85,3,euronext,2026-09-22T20:47:12Z
2026-09-11,SYSTOFUTBLMNOV-26,-6.48,,,,,,,0,euronext,2026-09-22T20:47:12Z
2026-09-11,SYSTOFUTBLMOCT-26,-4.15,,,-4.15,-4.15,,-4.15,3,euronext,2026-09-22T20:47:12Z
2026-09-11,SYSTOFUTBLMSEP-26,-18.07,,,,,,,0,euronext,2026-09-22T20:47:12Z
2026-09-11,SYSTOFUTBLQ1-27,-11.50,,,,,320,,2,euronext,2026-09-22T20:47:12Z
2026-09-11,SYSTOFUTBLQ2-27,-0.95,,,,,3,,3,euronext,2026-09-22T20:47:12Z
2026-09-11,SYSTOFUTBLQ3-27,-4.52,,,,,,,0,euronext,2026-09-22T20:47:12Z
2026-09-11,SYSTOFUTBLQ4-26,-7.16,,,-7.16,-7.16,1871,-7.16,1,euronext,2026-09-22T20:47:12Z
2026-09-11,SYSTOFUTBLYR-27,-5.00,,,,,1454,,11,euronext,2026-09-22T20:47:12Z
2026-09-11,SYSTOFUTBLYR-28,-2.70,,,,,670,,10,euronext,2026-09-22T20:47:12Z
2026-09-11,SYSTOFUTBLYR-29,-2.55,,,,,281,,3,euronext,2026-09-22T20:47:12Z
2026-09-11,SYSTOFUTBLYR-30,-0.83,,,,,18,,0,euronext,2026-09-22T20:47:12Z
2026-09-14,SYSTOFUTBLMDEC-26,-13.00,,,-12.73,-12.73,,-12.73,8,euronext,2026-09-22T20:47:12Z
2026-09-14,SYSTOFUTBLMNOV-26,-9.23,,,-9.23,-9.23,,-9.23,3,euronext,2026-09-22T20:47:12Z
2026-09-14,SYSTOFUTBLMOCT-26,-7.10,,,-7.10,-7.10,,-7.10,3,euronext,2026-09-22T20:47:12Z
2026-09-14,SYSTOFUTBLMSEP-26,-19.85,,,,,,,0,euronext,2026-09-22T20:47:12Z
2026-09-14,SYSTOFUTBLQ1-27,-13.66,,,,,,,0,euronext,2026-09-22T20:47:12Z
2026-09-14,SYSTOFUTBLQ2-27,-1.50,,,-1.50,-1.50,,-1.50,1,euronext,2026-09-22T20:47:12Z
2026-09-14,SYSTOFUTBLQ3-27,-4.88,,,,,,,0,euronext,2026-09-22T20:47:12Z
2026-09-14,SYSTOFUTBLQ4-26,-10.25,,,-9.80,-9.80,,-9.80,18,euronext,2026-09-22T20:47:12Z
2026-09-14,SYSTOFUTBLYR-27,-5.55,,,-5.55,-5.55,,-5.55,4,euronext,2026-09-22T20:47:12Z
2026-09-14,SYSTOFUTBLYR-28,-3.00,,,,,,,6,euronext,2026-09-22T20:47:12Z
2026-09-14,SYSTOFUTBLYR-29,-2.60,,,,,,,5,euronext,2026-09-22T20:47:12Z
2026-09-14,SYSTOFUTBLYR-30,-0.90,,,,,,,0,euronext,2026-09-22T20:47:12Z
2026-09-15,SYSTOFUTBLMDEC-26,-14.00,,,-14.00,-14.00,,-14.00,6,euronext,2026-09-22T20:47:12Z
2026-09-15,SYSTOFUTBLMNOV-26,-10.25,,,-10.10,-10.25,,-10.10,6,euronext,2026-09-22T20:47:12Z
2026-09-15,SYSTOFUTBLMOCT-26,-7.95,,,-7.95,-7.95,,-7.95,3,euronext,2026-09-22T20:47:12Z
2026-09-15,SYSTOFUTBLMSEP-26,-21.27,,,,,,,0,euronext,2026-09-22T20:47:12Z
2026-09-15,SYSTOFUTBLQ1-27,-12.75,,,,,,,1,euronext,2026-09-22T20:47:12Z
2026-09-15,SYSTOFUTBLQ2-27,-0.89,,,,,,,0,euronext,2026-09-22T20:47:12Z
2026-09-15,SYSTOFUTBLQ3-27,-4.47,,,,,,,0,euronext,2026-09-22T20:47:12Z
2026-09-15,SYSTOFUTBLQ4-26,-10.25,,,,,,,10,euronext,2026-09-22T20:47:12Z
2026-09-15,SYSTOFUTBLYR-27,-5.50,,,,,,,0,euronext,2026-09-22T20:47:12Z
2026-09-15,SYSTOFUTBLYR-28,-2.94,,,,,,,0,euronext,2026-09-22T20:47:12Z
2026-09-15,SYSTOFUTBLYR-29,-2.54,,,,,,,0,euronext,2026-09-22T20:47:12Z
2026-09-15,SYSTOFUTBLYR-30,-0.94,,,,,,,0,euronext,2026-09-22T20:47:12Z
2026-09-16,SYSTOFUTBLMDEC-26,-13.61,,,-13.61,-13.61,,-13.61,3,euronext,2026-09-22T20:47:12Z
2026-09-16,SYSTOFUTBLMNOV-26,-10.39,,,,,,,0,euronext,2026-09-22T20:47:12Z
2026-09-16,SYSTOFUTBLMOCT-26,-8.50,,,-7.50,-8.50,,-7.50,25,euronext,2026-09-22T20:47:12Z
2026-09-16,SYSTOFUTBLMSEP-26,-22.19,,,,,,,0,euronext,2026-09-22T20:47:12Z
2026-09-16,SYSTOFUTBLQ1-27,-13.00,,,,,,,2,euronext,2026-09-22T20:47:12Z
2026-09-16,SYSTOFUTBLQ2-27,-0.44,,,,,,,0,euronext,2026-09-22T20:47:12Z
2026-09-16,SYSTOFUTBLQ3-27,-4.14,,,,,,,0,euronext,2026-09-22T20:47:12Z
2026-09-16,SYSTOFUTBLQ4-26,-10.50,,,-9.96,-10.40,,-9.96,19,euronext,2026-09-22T20:47:12Z
2026-09-16,SYSTOFUTBLYR-27,-5.37,,,,,,,0,euronext,2026-09-22T20:47:12Z
2026-09-16,SYSTOFUTBLYR-28,-2.80,,,,,,,6,euronext,2026-09-22T20:47:12Z
2026-09-16,SYSTOFUTBLYR-29,-2.50,,,,,,,5,euronext,2026-09-22T20:47:12Z
2026-09-16,SYSTOFUTBLYR-30,-0.91,,,,,,,0,euronext,2026-09-22T20:47:12Z
2026-09-17,SYSTOFUTBLMDEC-26,-13.16,,,,,,,0,euronext,2026-09-22T20:47:12Z
2026-09-17,SYSTOFUTBLMNOV-26,-10.00,,,,,,,0,euronext,2026-09-22T20:47:12Z
2026-09-17,SYSTOFUTBLMOCT-26,-8.50,,,-8.50,-8.50,,-8.50,5,euronext,2026-09-22T20:47:12Z
2026-09-17,SYSTOFUTBLMSEP-26,-23.35,,,,,,,0,euronext,2026-09-22T20:47:12Z
2026-09-17,SYSTOFUTBLQ1-27,-12.86,,,,,,,0,euronext,2026-09-22T20:47:12Z
2026-09-17,SYSTOFUTBLQ2-27,-0.44,,,,,,,0,euronext,2026-09-22T20:47:12Z
2026-09-17,SYSTOFUTBLQ3-27,-4.06,,,,,,,0,euronext,2026-09-22T20:47:12Z
2026-09-17,SYSTOFUTBLQ4-26,-10.50,,,,,,,4,euronext,2026-09-22T20:47:12Z
2026-09-17,SYSTOFUTBLYR-27,-5.48,,,,,,,0,euronext,2026-09-22T20:47:12Z
2026-09-17,SYSTOFUTBLYR-28,-2.78,,,,,,,0,euronext,2026-09-22T20:47:12Z
2026-09-17,SYSTOFUTBLYR-29,-2.00,,,,,,,0,euronext,2026-09-22T20:47:12Z
2026-09-17,SYSTOFUTBLYR-30,-0.91,,,,,,,0,euronext,2026-09-22T20:47:12Z
2026-09-18,SYSTOFUTBLMDEC-26,-14.02,,,,,,,0,euronext,2026-09-22T20:47:12Z
2026-09-18,SYSTOFUTBLMNOV-26,-10.71,,,,,,,0,euronext,2026-09-22T20:47:12Z
2026-09-18,SYSTOFUTBLMOCT-26,-8.90,,,,,,,0,euronext,2026-09-22T20:47:12Z
2026-09-18,SYSTOFUTBLMSEP-26,-23.00,,,,,,,0,euronext,2026-09-22T20:47:12Z
2026-09-18,SYSTOFUTBLQ1-27,-12.75,,,,,,,5,euronext,2026-09-22T20:47:12Z
2026-09-18,SYSTOFUTBLQ2-27,-0.95,,,,,,,0,euronext,2026-09-22T20:47:12Z
2026-09-18,SYSTOFUTBLQ3-27,-4.73,,,,,,,0,euronext,2026-09-22T20:47:12Z
2026-09-18,SYSTOFUTBLQ4-26,-11.63,,,,,,,0,euronext,2026-09-22T20:47:12Z
2026-09-18,SYSTOFUTBLYR-27,-5.00,,,,,,,8,euronext,2026-09-22T20:47:12Z
2026-09-18,SYSTOFUTBLYR-28,-2.60,,,,,,,5,euronext,2026-09-22T20:47:12Z
2026-09-18,SYSTOFUTBLYR-29,-2.29,,,,,,,0,euronext,2026-09-22T20:47:12Z
2026-09-18,SYSTOFUTBLYR-30,-0.65,,,,,,,0,euronext,2026-09-22T20:47:12Z
2026-09-21,SYSTOFUTBLMDEC-26,-13.01,,,,,,,0,euronext,2026-09-22T20:47:12Z
2026-09-21,SYSTOFUTBLMNOV-26,-9.71,,,,,,,0,euronext,2026-09-22T20:47:12Z
2026-09-21,SYSTOFUTBLMOCT-26,-8.51,,,,,,,0,euronext,2026-09-22T20:47:12Z
2026-09-21,SYSTOFUTBLMSEP-26,-20.50,,,,,,,0,euronext,2026-09-22T20:47:12Z
2026-09-21,SYSTOFUTBLQ1-27,-12.70,,,,,,,0,euronext,2026-09-22T20:47:12Z
2026-09-21,SYSTOFUTBLQ2-27,-0.58,,,,,,,0,euronext,2026-09-22T20:47:12Z
2026-09-21,SYSTOFUTBLQ3-27,-4.63,,,,,,,0,euronext,2026-09-22T20:47:12Z
2026-09-21,SYSTOFUTBLQ4-26,-11.12,,,,,,,0,euronext,2026-09-22T20:47:12Z
2026-09-21,SYSTOFUTBLYR-27,-5.00,,,,,,,0,euronext,2026-09-22T20:47:12Z
2026-09-21,SYSTOFUTBLYR-28,-2.55,,,,,,,0,euronext,2026-09-22T20:47:12Z
2026-09-21,SYSTOFUTBLYR-29,-2.25,,,,,,,0,euronext,2026-09-22T20:47:12Z
2026-09-21,SYSTOFUTBLYR-30,-0.73,,,,,,,0,euronext,2026-09-22T20:47:12Z
2026-09-22,SYSTOFUTBLMDEC-26,-13.75,,,,,23,,0,euronext,2026-09-22T20:47:12Z
2026-09-22,SYSTOFUTBLMNOV-26,-10.50,,,,,14,,0,euronext,2026-09-22T20:47:12Z
2026-09-22,SYSTOFUTBLMOCT-26,-8.47,,,,,123,,20,euronext,2026-09-22T20:47:12Z
2026-09-22,SYSTOFUTBLMSEP-26,-19.50,,,,,1936,,0,euronext,2026-09-22T20:47:12Z
2026-09-22,SYSTOFUTBLQ1-27,-12.13,,,,,328,,40,euronext,2026-09-22T20:47:12Z
2026-09-22,SYSTOFUTBLQ2-27,-0.23,,,,,4,,0,euronext,2026-09-22T20:47:12Z
2026-09-22,SYSTOFUTBLQ3-27,-4.40,,,,,0,,0,euronext,2026-09-22T20:47:12Z
2026-09-22,SYSTOFUTBLQ4-26,-11.35,,,,,1889,,40,euronext,2026-09-22T20:47:12Z
2026-09-22,SYSTOFUTBLYR-27,-4.70,,,,,1465,,21,euronext,2026-09-22T20:47:12Z
2026-09-22,SYSTOFUTBLYR-28,-2.29,,,,,695,,23,euronext,2026-09-22T20:47:12Z
2026-09-22,SYSTOFUTBLYR-29,-1.90,,,,,298,,7,euronext,2026-09-22T20:47:12Z
2026-09-22,SYSTOFUTBLYR-30,-0.72,,,,,18,,0,euronext,2026-09-22T20:47:12Z
