date,contract,daily_fix_eur,bid_eur,ask_eur,high_eur,low_eur,open_interest,open_eur,volume,source,fetched_at
2024-01-02,ENOFUTBLQ2-26,34.00,28.00,40.00,,,,,,nasdaq,
2024-01-02,ENOFUTBLQ3-26,27.25,24.50,30.00,,,,,,nasdaq,
2024-01-02,ENOFUTBLQ4-26,49.00,45.00,53.00,,,,,,nasdaq,
2024-01-02,ENOFUTBLYR-27,44.65,44.65,44.80,44.65,44.65,466,,,nasdaq,
2024-01-02,ENOFUTBLYR-28,44.55,41.15,44.80,,,155,,,nasdaq,
2024-01-02,ENOFUTBLYR-29,43.25,40.00,45.00,,,30,,,nasdaq,
2024-01-02,ENOFUTBLYR-30,42.60,40.00,,,,27,,,nasdaq,
2024-01-02,ENOFUTBLYR-31,41.10,,,,,40,,,nasdaq,
2024-01-02,ENOFUTBLYR-32,40.60,,,,,,,,nasdaq,
2024-01-02,ENOFUTBLYR-33,40.60,,,,,,,,nasdaq,
2024-01-02,ENOFUTBLYR-34,40.60,,,,,,,,nasdaq,
2024-01-03,ENOFUTBLQ2-26,34.50,27.00,,,,,,,nasdaq,
2024-01-03,ENOFUTBLQ3-26,27.25,25.00,30.00,,,,,,nasdaq,
2024-01-03,ENOFUTBLQ4-26,49.00,46.00,,,,,,,nasdaq,
2024-01-03,ENOFUTBLYR-27,45.33,44.65,46.00,,,466,,,nasdaq,
2024-01-03,ENOFUTBLYR-28,44.85,43.55,46.65,44.60,44.60,155,,,nasdaq,
2024-01-03,ENOFUTBLYR-29,43.50,42.50,55.00,,,30,,,nasdaq,
2024-01-03,ENOFUTBLYR-30,42.75,,,,,27,,,nasdaq,
2024-01-03,ENOFUTBLYR-31,41.25,,,,,40,,,nasdaq,
2024-01-03,ENOFUTBLYR-32,40.60,,,,,,,,nasdaq,
2024-01-03,ENOFUTBLYR-33,40.60,,,,,,,,nasdaq,
2024-01-03,ENOFUTBLYR-34,40.60,,,,,,,,nasdaq,
2024-01-04,ENOFUTBLQ2-26,36.25,32.50,40.00,,,,,,nasdaq,
2024-01-04,ENOFUTBLQ3-26,28.50,25.00,32.00,,,,,,nasdaq,
2024-01-04,ENOFUTBLQ4-26,48.50,45.00,52.00,,,,,,nasdaq,
2024-01-04,ENOFUTBLYR-27,45.08,44.85,45.15,45.05,44.85,466,,,nasdaq,
2024-01-04,ENOFUTBLYR-28,44.85,44.85,45.15,45.00,44.85,155,,,nasdaq,
2024-01-04,ENOFUTBLYR-29,43.50,42.50,48.00,,,30,,,nasdaq,
2024-01-04,ENOFUTBLYR-30,42.75,41.00,48.00,,,27,,,nasdaq,
2024-01-04,ENOFUTBLYR-31,41.25,41.00,48.00,,,40,,,nasdaq,
2024-01-04,ENOFUTBLYR-32,40.60,,,,,,,,nasdaq,
2024-01-04,ENOFUTBLYR-33,40.60,,,,,,,,nasdaq,
2024-01-04,ENOFUTBLYR-34,40.60,,,,,,,,nasdaq,
2024-01-05,ENOFUTBLQ2-26,36.25,,,,,,,,nasdaq,
2024-01-05,ENOFUTBLQ3-26,28.50,,,,,,,,nasdaq,
2024-01-05,ENOFUTBLQ4-26,48.50,,,,,,,,nasdaq,
2024-01-05,ENOFUTBLYR-27,45.00,44.80,45.10,,,465,,,nasdaq,
2024-01-05,ENOFUTBLYR-28,45.10,44.20,45.10,,,157,,,nasdaq,
2024-01-05,ENOFUTBLYR-29,43.65,41.00,50.00,,,30,,,nasdaq,
2024-01-05,ENOFUTBLYR-30,42.80,40.00,50.00,,,27,,,nasdaq,
2024-01-05,ENOFUTBLYR-31,41.30,40.00,50.00,,,40,,,nasdaq,
2024-01-05,ENOFUTBLYR-32,40.60,,,,,,,,nasdaq,
2024-01-05,ENOFUTBLYR-33,40.60,,,,,,,,nasdaq,
2024-01-05,ENOFUTBLYR-34,40.60,,,,,,,,nasdaq,
2024-01-08,ENOFUTBLQ2-26,35.00,30.85,40.25,,,,,,nasdaq,
2024-01-08,ENOFUTBLQ3-26,27.50,24.00,32.00,,,,,,nasdaq,
2024-01-08,ENOFUTBLQ4-26,47.75,45.50,53.50,,,,,,nasdaq,
2024-01-08,ENOFUTBLYR-27,44.00,43.50,44.00,44.00,44.00,465,,,nasdaq,
2024-01-08,ENOFUTBLYR-28,43.80,43.80,44.05,43.80,43.80,160,,,nasdaq,
2024-01-08,ENOFUTBLYR-29,42.90,42.10,44.00,,,30,,,nasdaq,
2024-01-08,ENOFUTBLYR-30,42.40,,,,,27,,,nasdaq,
2024-01-08,ENOFUTBLYR-31,41.10,,,,,40,,,nasdaq,
2024-01-08,ENOFUTBLYR-32,40.40,,,,,,,,nasdaq,
2024-01-08,ENOFUTBLYR-33,40.40,,,,,,,,nasdaq,
2024-01-08,ENOFUTBLYR-34,40.40,,,,,,,,nasdaq,
2024-01-09,ENOFUTBLQ2-26,35.00,30.50,40.00,,,,,,nasdaq,
2024-01-09,ENOFUTBLQ3-26,26.25,23.50,29.00,,,,,,nasdaq,
2024-01-09,ENOFUTBLQ4-26,47.63,43.00,52.25,,,,,,nasdaq,
2024-01-09,ENOFUTBLYR-27,43.03,42.75,43.30,43.75,43.35,465,,,nasdaq,
2024-01-09,ENOFUTBLYR-28,43.25,42.75,43.30,43.75,43.25,161,,,nasdaq,
2024-01-09,ENOFUTBLYR-29,42.75,42.15,43.25,42.75,42.75,30,,,nasdaq,
2024-01-09,ENOFUTBLYR-30,42.40,,,,,27,,,nasdaq,
2024-01-09,ENOFUTBLYR-31,41.10,,,,,40,,,nasdaq,
2024-01-09,ENOFUTBLYR-32,40.40,,,,,,,,nasdaq,
2024-01-09,ENOFUTBLYR-33,40.40,,,,,,,,nasdaq,
2024-01-09,ENOFUTBLYR-34,40.40,,,,,,,,nasdaq,
2024-01-10,ENOFUTBLQ2-26,33.50,30.00,37.00,,,,,,nasdaq,
2024-01-10,ENOFUTBLQ3-26,25.13,20.50,29.75,,,,,,nasdaq,
2024-01-10,ENOFUTBLQ4-26,47.75,45.00,50.50,,,,,,nasdaq,
2024-01-10,ENOFUTBLYR-27,42.60,42.60,43.50,42.60,42.60,465,,,nasdaq,
2024-01-10,ENOFUTBLYR-28,43.13,42.50,46.75,,,165,,,nasdaq,
2024-01-10,ENOFUTBLYR-29,42.75,39.50,46.75,,,31,,,nasdaq,
2024-01-10,ENOFUTBLYR-30,42.40,41.75,,,,27,,,nasdaq,
2024-01-10,ENOFUTBLYR-31,41.10,,,,,40,,,nasdaq,
2024-01-10,ENOFUTBLYR-32,40.40,,,,,,,,nasdaq,
2024-01-10,ENOFUTBLYR-33,40.40,,,,,,,,nasdaq,
2024-01-10,ENOFUTBLYR-34,40.40,,,,,,,,nasdaq,
2024-01-11,ENOFUTBLQ2-26,32.84,32.75,38.50,,,,,,nasdaq,
2024-01-11,ENOFUTBLQ3-26,24.60,24.00,28.00,,,,,,nasdaq,
2024-01-11,ENOFUTBLQ4-26,46.88,46.00,47.50,,,,,,nasdaq,
2024-01-11,ENOFUTBLYR-27,42.00,41.85,42.30,42.17,41.75,465,,,nasdaq,
2024-01-11,ENOFUTBLYR-28,42.50,42.25,42.75,42.50,42.50,165,,,nasdaq,
2024-01-11,ENOFUTBLYR-29,42.50,42.00,43.00,,,31,,,nasdaq,
2024-01-11,ENOFUTBLYR-30,42.25,41.25,,,,27,,,nasdaq,
2024-01-11,ENOFUTBLYR-31,41.00,40.00,,,,40,,,nasdaq,
2024-01-11,ENOFUTBLYR-32,40.40,,,,,,,,nasdaq,
2024-01-11,ENOFUTBLYR-33,40.40,,,,,,,,nasdaq,
2024-01-11,ENOFUTBLYR-34,40.40,,,,,,,,nasdaq,
2024-01-12,ENOFUTBLQ2-26,33.15,33.10,37.00,,,,,,nasdaq,
2024-01-12,ENOFUTBLQ3-26,24.75,24.70,25.25,,,,,,nasdaq,
2024-01-12,ENOFUTBLQ4-26,46.80,46.75,50.00,,,,,,nasdaq,
2024-01-12,ENOFUTBLYR-27,42.40,42.15,42.50,42.55,42.40,469,,,nasdaq,
2024-01-12,ENOFUTBLYR-28,42.70,39.50,44.25,,,168,,,nasdaq,
2024-01-12,ENOFUTBLYR-29,42.50,41.50,46.75,,,31,,,nasdaq,
2024-01-12,ENOFUTBLYR-30,42.25,40.25,,,,27,,,nasdaq,
2024-01-12,ENOFUTBLYR-31,41.00,,,,,40,,,nasdaq,
2024-01-12,ENOFUTBLYR-32,40.40,,,,,,,,nasdaq,
2024-01-12,ENOFUTBLYR-33,40.40,,,,,,,,nasdaq,
2024-01-12,ENOFUTBLYR-34,40.40,,,,,,,,nasdaq,
2024-01-15,ENOFUTBLQ2-26,31.60,31.00,35.65,,,,,,nasdaq,
2024-01-15,ENOFUTBLQ3-26,23.75,23.00,29.75,,,,,,nasdaq,
2024-01-15,ENOFUTBLQ4-26,45.75,45.00,47.00,,,,,,nasdaq,
2024-01-15,ENOFUTBLYR-27,41.25,41.05,42.00,41.00,41.00,471,,,nasdaq,
2024-01-15,ENOFUTBLYR-28,42.03,41.80,42.25,41.50,41.50,170,,,nasdaq,
2024-01-15,ENOFUTBLYR-29,41.98,41.75,43.00,41.98,41.70,31,,,nasdaq,
2024-01-15,ENOFUTBLYR-30,41.75,,,,,27,,,nasdaq,
2024-01-15,ENOFUTBLYR-31,40.90,,,,,40,,,nasdaq,
2024-01-15,ENOFUTBLYR-32,40.30,,,,,,,,nasdaq,
2024-01-15,ENOFUTBLYR-33,40.30,,,,,,,,nasdaq,
2024-01-15,ENOFUTBLYR-34,40.30,,,,,,,,nasdaq,
2024-01-16,ENOFUTBLQ2-26,31.75,26.60,33.60,,,,,,nasdaq,
2024-01-16,ENOFUTBLQ3-26,24.25,20.75,27.75,,,,,,nasdaq,
2024-01-16,ENOFUTBLQ4-26,45.90,40.75,48.75,,,,,,nasdaq,
2024-01-16,ENOFUTBLYR-27,41.25,41.00,42.00,41.25,41.25,471,,,nasdaq,
2024-01-16,ENOFUTBLYR-28,42.00,41.50,43.00,,,172,,,nasdaq,
2024-01-16,ENOFUTBLYR-29,41.90,41.70,43.50,,,33,,,nasdaq,
2024-01-16,ENOFUTBLYR-30,41.75,,,,,27,,,nasdaq,
2024-01-16,ENOFUTBLYR-31,40.90,,,,,40,,,nasdaq,
2024-01-16,ENOFUTBLYR-32,40.30,,,,,,,,nasdaq,
2024-01-16,ENOFUTBLYR-33,40.30,,,,,,,,nasdaq,
2024-01-16,ENOFUTBLYR-34,40.30,,,,,,,,nasdaq,
2024-01-17,ENOFUTBLQ2-26,31.75,30.50,34.75,,,,,,nasdaq,
2024-01-17,ENOFUTBLQ3-26,24.00,23.25,25.00,,,,,,nasdaq,
2024-01-17,ENOFUTBLQ4-26,45.63,45.25,46.00,,,,,,nasdaq,
2024-01-17,ENOFUTBLYR-27,41.05,40.70,41.20,41.05,41.05,471,,,nasdaq,
2024-01-17,ENOFUTBLYR-28,41.50,41.50,41.85,41.50,41.47,172,,,nasdaq,
2024-01-17,ENOFUTBLYR-29,41.80,40.75,42.85,,,33,,,nasdaq,
2024-01-17,ENOFUTBLYR-30,41.65,39.50,,,,27,,,nasdaq,
2024-01-17,ENOFUTBLYR-31,40.85,39.25,,,,40,,,nasdaq,
2024-01-17,ENOFUTBLYR-32,40.25,,,,,,,,nasdaq,
2024-01-17,ENOFUTBLYR-33,40.25,,,,,,,,nasdaq,
2024-01-17,ENOFUTBLYR-34,40.25,,,,,,,,nasdaq,
2024-01-18,ENOFUTBLQ2-26,31.75,24.75,35.75,,,,,,nasdaq,
2024-01-18,ENOFUTBLQ3-26,23.50,20.00,27.00,,,,,,nasdaq,
2024-01-18,ENOFUTBLQ4-26,46.00,45.00,47.00,,,,,,nasdaq,
2024-01-18,ENOFUTBLYR-27,41.00,40.70,41.50,41.00,41.00,489,,,nasdaq,
2024-01-18,ENOFUTBLYR-28,41.75,41.20,41.75,41.75,41.75,173,,,nasdaq,
2024-01-18,ENOFUTBLYR-29,42.00,41.65,42.50,,,33,,,nasdaq,
2024-01-18,ENOFUTBLYR-30,41.65,,,,,27,,,nasdaq,
2024-01-18,ENOFUTBLYR-31,40.85,,,,,40,,,nasdaq,
2024-01-18,ENOFUTBLYR-32,40.25,,,,,,,,nasdaq,
2024-01-18,ENOFUTBLYR-33,40.25,,,,,,,,nasdaq,
2024-01-18,ENOFUTBLYR-34,40.25,,,,,,,,nasdaq,
2024-01-19,ENOFUTBLQ2-26,31.75,30.75,36.75,,,,,,nasdaq,
2024-01-19,ENOFUTBLQ3-26,23.50,23.00,25.00,,,,,,nasdaq,
2024-01-19,ENOFUTBLQ4-26,45.50,41.00,51.00,45.50,45.50,,,,nasdaq,
2024-01-19,ENOFUTBLYR-27,40.70,40.60,41.00,40.80,40.61,494,,,nasdaq,
2024-01-19,ENOFUTBLYR-28,41.35,41.35,41.60,41.50,41.35,177,,,nasdaq,
2024-01-19,ENOFUTBLYR-29,42.00,41.25,42.20,42.00,41.75,33,,,nasdaq,
2024-01-19,ENOFUTBLYR-30,41.65,,,,,27,,,nasdaq,
2024-01-19,ENOFUTBLYR-31,40.85,,,,,40,,,nasdaq,
2024-01-19,ENOFUTBLYR-32,40.25,,,,,,,,nasdaq,
2024-01-19,ENOFUTBLYR-33,40.25,,,,,,,,nasdaq,
2024-01-19,ENOFUTBLYR-34,40.25,,,,,,,,nasdaq,
2024-01-22,ENOFUTBLQ2-26,30.80,30.25,34.25,30.80,30.80,,,,nasdaq,
2024-01-22,ENOFUTBLQ3-26,22.95,22.25,27.15,22.95,22.95,,,,nasdaq,
2024-01-22,ENOFUTBLQ4-26,44.00,43.50,44.75,44.00,44.00,3,,,nasdaq,
2024-01-22,ENOFUTBLYR-27,40.00,39.90,40.00,40.10,40.00,495,,,nasdaq,
2024-01-22,ENOFUTBLYR-28,40.51,40.40,40.75,40.51,40.51,181,,,nasdaq,
2024-01-22,ENOFUTBLYR-29,41.26,41.00,41.75,41.26,41.00,35,,,nasdaq,
2024-01-22,ENOFUTBLYR-30,40.90,,,,,27,,,nasdaq,
2024-01-22,ENOFUTBLYR-31,40.35,,,,,40,,,nasdaq,
2024-01-22,ENOFUTBLYR-32,40.00,,,,,,,,nasdaq,
2024-01-22,ENOFUTBLYR-33,40.00,,,,,,,,nasdaq,
2024-01-22,ENOFUTBLYR-34,40.00,,,,,,,,nasdaq,
2024-01-23,ENOFUTBLQ2-26,30.75,30.25,33.80,,,1,,,nasdaq,
2024-01-23,ENOFUTBLQ3-26,22.85,22.50,27.98,,,1,,,nasdaq,
2024-01-23,ENOFUTBLQ4-26,43.75,43.50,44.50,,,4,,,nasdaq,
2024-01-23,ENOFUTBLYR-27,39.75,39.25,39.95,,,498,,,nasdaq,
2024-01-23,ENOFUTBLYR-28,40.53,40.05,41.00,40.00,40.00,182,,,nasdaq,
2024-01-23,ENOFUTBLYR-29,41.00,40.50,41.85,41.00,41.00,35,,,nasdaq,
2024-01-23,ENOFUTBLYR-30,40.50,39.00,,,,27,,,nasdaq,
2024-01-23,ENOFUTBLYR-31,40.25,39.00,,,,40,,,nasdaq,
2024-01-23,ENOFUTBLYR-32,40.00,,,,,,,,nasdaq,
2024-01-23,ENOFUTBLYR-33,40.00,,,,,,,,nasdaq,
2024-01-23,ENOFUTBLYR-34,40.00,,,,,,,,nasdaq,
2024-01-24,ENOFUTBLQ2-26,30.63,27.50,33.75,,,1,,,nasdaq,
2024-01-24,ENOFUTBLQ3-26,24.43,22.00,26.85,,,1,,,nasdaq,
2024-01-24,ENOFUTBLQ4-26,43.75,42.00,45.50,,,4,,,nasdaq,
2024-01-24,ENOFUTBLYR-27,40.25,40.00,41.10,40.30,40.10,501,,,nasdaq,
2024-01-24,ENOFUTBLYR-28,41.00,39.00,42.00,,,182,,,nasdaq,
2024-01-24,ENOFUTBLYR-29,41.25,40.50,44.00,,,36,,,nasdaq,
2024-01-24,ENOFUTBLYR-30,40.50,,,,,27,,,nasdaq,
2024-01-24,ENOFUTBLYR-31,40.25,,,,,40,,,nasdaq,
2024-01-24,ENOFUTBLYR-32,40.00,,,,,,,,nasdaq,
2024-01-24,ENOFUTBLYR-33,40.00,,,,,,,,nasdaq,
2024-01-24,ENOFUTBLYR-34,40.00,,,,,,,,nasdaq,
2024-01-25,ENOFUTBLQ2-26,29.50,27.50,33.50,,,1,,,nasdaq,
2024-01-25,ENOFUTBLQ3-26,23.75,20.25,27.50,,,1,,,nasdaq,
2024-01-25,ENOFUTBLQ4-26,42.50,40.00,45.00,,,4,,,nasdaq,
2024-01-25,ENOFUTBLYR-27,39.55,39.35,39.75,40.00,39.00,508,,,nasdaq,
2024-01-25,ENOFUTBLYR-28,40.00,39.50,40.75,41.00,40.00,195,,,nasdaq,
2024-01-25,ENOFUTBLYR-29,41.13,40.50,41.75,,,36,,,nasdaq,
2024-01-25,ENOFUTBLYR-30,40.50,,,,,27,,,nasdaq,
2024-01-25,ENOFUTBLYR-31,40.25,,,,,40,,,nasdaq,
2024-01-25,ENOFUTBLYR-32,40.00,,,,,,,,nasdaq,
2024-01-25,ENOFUTBLYR-33,40.00,,,,,,,,nasdaq,
2024-01-25,ENOFUTBLYR-34,40.00,,,,,,,,nasdaq,
2024-01-26,ENOFUTBLQ2-26,29.50,29.45,,29.50,29.50,1,,,nasdaq,
2024-01-26,ENOFUTBLQ3-26,22.95,20.00,,,,1,,,nasdaq,
2024-01-26,ENOFUTBLQ4-26,42.50,37.00,,42.50,42.50,4,,,nasdaq,
2024-01-26,ENOFUTBLYR-27,39.10,39.10,39.30,39.34,39.00,514,,,nasdaq,
2024-01-26,ENOFUTBLYR-28,40.00,39.75,40.25,40.00,40.00,198,,,nasdaq,
2024-01-26,ENOFUTBLYR-29,41.00,,41.50,41.00,41.00,36,,,nasdaq,
2024-01-26,ENOFUTBLYR-30,40.50,,,,,27,,,nasdaq,
2024-01-26,ENOFUTBLYR-31,40.25,,,,,40,,,nasdaq,
2024-01-26,ENOFUTBLYR-32,40.00,,,,,,,,nasdaq,
2024-01-26,ENOFUTBLYR-33,40.00,,,,,,,,nasdaq,
2024-01-26,ENOFUTBLYR-34,40.00,,,,,,,,nasdaq,
2024-01-29,ENOFUTBLQ2-26,29.63,29.50,29.75,,,5,,,nasdaq,
2024-01-29,ENOFUTBLQ3-26,22.75,22.65,25.95,22.75,22.75,3,,,nasdaq,
2024-01-29,ENOFUTBLQ4-26,42.50,41.00,44.00,,,7,,,nasdaq,
2024-01-29,ENOFUTBLYR-27,38.95,38.80,39.10,39.15,39.10,527,,,nasdaq,
2024-01-29,ENOFUTBLYR-28,40.00,39.90,40.25,,,201,,,nasdaq,
2024-01-29,ENOFUTBLYR-29,40.75,39.50,41.20,,,37,,,nasdaq,
2024-01-29,ENOFUTBLYR-30,40.25,39.00,,,,27,,,nasdaq,
2024-01-29,ENOFUTBLYR-31,40.25,39.00,,,,40,,,nasdaq,
2024-01-29,ENOFUTBLYR-32,40.00,,,,,,,,nasdaq,
2024-01-29,ENOFUTBLYR-33,40.00,,,,,,,,nasdaq,
2024-01-29,ENOFUTBLYR-34,40.00,,,,,,,,nasdaq,
2024-01-30,ENOFUTBLQ2-26,30.05,30.00,30.25,,,5,,,nasdaq,
2024-01-30,ENOFUTBLQ3-26,23.20,22.75,26.39,23.20,23.20,6,,,nasdaq,
2024-01-30,ENOFUTBLQ4-26,43.25,42.50,43.35,43.25,42.50,14,,,nasdaq,
2024-01-30,ENOFUTBLYR-27,39.18,39.05,39.20,39.35,39.05,538,,,nasdaq,
2024-01-30,ENOFUTBLYR-28,39.98,39.85,40.20,40.15,39.67,212,,,nasdaq,
2024-01-30,ENOFUTBLYR-29,40.67,38.94,41.20,40.67,40.67,32,,,nasdaq,
2024-01-30,ENOFUTBLYR-30,40.25,,,,,27,,,nasdaq,
2024-01-30,ENOFUTBLYR-31,40.25,,,,,40,,,nasdaq,
2024-01-30,ENOFUTBLYR-32,40.00,,,,,,,,nasdaq,
2024-01-30,ENOFUTBLYR-33,40.00,,,,,,,,nasdaq,
2024-01-30,ENOFUTBLYR-34,40.00,,,,,,,,nasdaq,
2024-01-31,ENOFUTBLQ2-26,30.50,30.25,34.05,,,5,,,nasdaq,
2024-01-31,ENOFUTBLQ3-26,23.63,19.25,28.00,,,8,,,nasdaq,
2024-01-31,ENOFUTBLQ4-26,44.00,43.00,45.00,,,21,,,nasdaq,
2024-01-31,ENOFUTBLYR-27,39.50,39.30,39.55,39.60,39.50,546,,,nasdaq,
2024-01-31,ENOFUTBLYR-28,40.30,39.90,40.50,40.30,40.10,214,,,nasdaq,
2024-01-31,ENOFUTBLYR-29,41.20,39.00,41.50,41.20,41.20,32,,,nasdaq,
2024-01-31,ENOFUTBLYR-30,40.25,,,,,27,,,nasdaq,
2024-01-31,ENOFUTBLYR-31,40.25,,,,,40,,,nasdaq,
2024-01-31,ENOFUTBLYR-32,40.00,,,,,,,,nasdaq,
2024-01-31,ENOFUTBLYR-33,40.00,,,,,,,,nasdaq,
2024-01-31,ENOFUTBLYR-34,40.00,,,,,,,,nasdaq,
2024-02-01,ENOFUTBLQ2-26,30.90,30.60,31.10,30.90,30.90,5,,,nasdaq,
2024-02-01,ENOFUTBLQ3-26,23.80,23.00,27.65,,,8,,,nasdaq,
2024-02-01,ENOFUTBLQ4-26,43.75,40.00,48.00,,,21,,,nasdaq,
2024-02-01,ENOFUTBLYR-27,39.75,39.60,39.75,39.80,39.75,551,,,nasdaq,
2024-02-01,ENOFUTBLYR-28,40.15,40.05,40.20,40.25,40.15,215,,,nasdaq,
2024-02-01,ENOFUTBLYR-29,41.20,39.60,42.00,,,33,,,nasdaq,
2024-02-01,ENOFUTBLYR-30,40.25,,,,,27,,,nasdaq,
2024-02-01,ENOFUTBLYR-31,40.25,,,,,40,,,nasdaq,
2024-02-01,ENOFUTBLYR-32,40.00,,,,,,,,nasdaq,
2024-02-01,ENOFUTBLYR-33,40.00,,,,,,,,nasdaq,
2024-02-01,ENOFUTBLYR-34,40.00,,,,,,,,nasdaq,
2024-02-02,ENOFUTBLQ2-26,31.10,30.90,31.30,,,7,,,nasdaq,
2024-02-02,ENOFUTBLQ3-26,24.00,24.00,24.50,24.00,24.00,9,,,nasdaq,
2024-02-02,ENOFUTBLQ4-26,44.00,43.75,44.15,,,21,,,nasdaq,
2024-02-02,ENOFUTBLYR-27,40.10,39.80,40.25,40.10,39.75,557,,,nasdaq,
2024-02-02,ENOFUTBLYR-28,40.65,40.20,41.10,,,216,,,nasdaq,
2024-02-02,ENOFUTBLYR-29,41.38,38.00,42.00,,,33,,,nasdaq,
2024-02-02,ENOFUTBLYR-30,40.25,,,,,27,,,nasdaq,
2024-02-02,ENOFUTBLYR-31,40.25,,,,,40,,,nasdaq,
2024-02-02,ENOFUTBLYR-32,40.00,,,,,,,,nasdaq,
2024-02-02,ENOFUTBLYR-33,40.00,,,,,,,,nasdaq,
2024-02-02,ENOFUTBLYR-34,40.00,,,,,,,,nasdaq,
2024-02-05,ENOFUTBLQ2-26,31.10,30.90,35.10,,,7,,,nasdaq,
2024-02-05,ENOFUTBLQ3-26,24.00,24.00,29.00,24.00,24.00,10,,,nasdaq,
2024-02-05,ENOFUTBLQ4-26,44.15,44.00,47.00,44.15,44.00,23,,,nasdaq,
2024-02-05,ENOFUTBLYR-27,40.20,39.50,40.20,40.20,40.20,558,,,nasdaq,
2024-02-05,ENOFUTBLYR-28,41.13,40.25,42.00,,,216,,,nasdaq,
2024-02-05,ENOFUTBLYR-29,41.50,40.25,45.00,,,33,,,nasdaq,
2024-02-05,ENOFUTBLYR-30,40.25,39.00,,,,27,,,nasdaq,
2024-02-05,ENOFUTBLYR-31,40.25,39.00,,,,40,,,nasdaq,
2024-02-05,ENOFUTBLYR-32,40.00,,,,,,,,nasdaq,
2024-02-05,ENOFUTBLYR-33,40.00,,,,,,,,nasdaq,
2024-02-05,ENOFUTBLYR-34,40.00,,,,,,,,nasdaq,
2024-02-06,ENOFUTBLQ2-26,31.40,31.05,34.55,,,7,,,nasdaq,
2024-02-06,ENOFUTBLQ3-26,24.10,23.90,24.30,,,15,,,nasdaq,
2024-02-06,ENOFUTBLQ4-26,44.75,44.00,45.50,,,30,,,nasdaq,
2024-02-06,ENOFUTBLYR-27,40.25,39.75,41.20,,,562,,,nasdaq,
2024-02-06,ENOFUTBLYR-28,41.44,40.30,43.00,,,216,,,nasdaq,
2024-02-06,ENOFUTBLYR-29,41.50,39.50,44.25,,,33,,,nasdaq,
2024-02-06,ENOFUTBLYR-30,40.25,,,,,27,,,nasdaq,
2024-02-06,ENOFUTBLYR-31,40.25,,,,,40,,,nasdaq,
2024-02-06,ENOFUTBLYR-32,40.00,,,,,,,,nasdaq,
2024-02-06,ENOFUTBLYR-33,40.00,,,,,,,,nasdaq,
2024-02-06,ENOFUTBLYR-34,40.00,,,,,,,,nasdaq,
2024-02-07,ENOFUTBLQ2-26,31.00,26.70,37.20,31.00,31.00,11,,,nasdaq,
2024-02-07,ENOFUTBLQ3-26,23.50,23.40,23.95,23.50,23.50,15,,,nasdaq,
2024-02-07,ENOFUTBLQ4-26,44.20,43.85,44.75,44.20,44.00,30,,,nasdaq,
2024-02-07,ENOFUTBLYR-27,40.10,40.05,40.15,40.05,40.00,564,,,nasdaq,
2024-02-07,ENOFUTBLYR-28,40.98,40.80,41.15,,,216,,,nasdaq,
2024-02-07,ENOFUTBLYR-29,41.50,39.75,44.25,,,33,,,nasdaq,
2024-02-07,ENOFUTBLYR-30,40.25,,,,,27,,,nasdaq,
2024-02-07,ENOFUTBLYR-31,40.25,,,,,40,,,nasdaq,
2024-02-07,ENOFUTBLYR-32,40.00,,,,,,,,nasdaq,
2024-02-07,ENOFUTBLYR-33,40.00,,,,,,,,nasdaq,
2024-02-07,ENOFUTBLYR-34,40.00,,,,,,,,nasdaq,
2024-02-08,ENOFUTBLQ2-26,29.75,28.00,33.50,,,13,,,nasdaq,
2024-02-08,ENOFUTBLQ3-26,23.50,23.00,26.50,,,20,,,nasdaq,
2024-02-08,ENOFUTBLQ4-26,44.20,43.75,47.70,,,33,,,nasdaq,
2024-02-08,ENOFUTBLYR-27,39.90,39.90,40.70,39.90,39.90,569,,,nasdaq,
2024-02-08,ENOFUTBLYR-28,40.50,40.50,41.00,40.50,40.50,216,,,nasdaq,
2024-02-08,ENOFUTBLYR-29,41.00,40.00,42.00,,,33,,,nasdaq,
2024-02-08,ENOFUTBLYR-30,40.00,,,,,27,,,nasdaq,
2024-02-08,ENOFUTBLYR-31,40.00,,,,,40,,,nasdaq,
2024-02-08,ENOFUTBLYR-32,39.85,,,,,,,,nasdaq,
2024-02-08,ENOFUTBLYR-33,39.85,,,,,,,,nasdaq,
2024-02-08,ENOFUTBLYR-34,39.85,,,,,,,,nasdaq,
2024-02-09,ENOFUTBLQ2-26,29.50,,29.75,29.50,29.50,13,,,nasdaq,
2024-02-09,ENOFUTBLQ3-26,23.30,,24.00,,,20,,,nasdaq,
2024-02-09,ENOFUTBLQ4-26,43.75,42.00,45.00,44.00,43.75,33,,,nasdaq,
2024-02-09,ENOFUTBLYR-27,39.75,39.70,40.15,39.80,39.75,577,,,nasdaq,
2024-02-09,ENOFUTBLYR-28,40.50,40.30,41.10,,,217,,,nasdaq,
2024-02-09,ENOFUTBLYR-29,41.00,39.75,42.60,,,33,,,nasdaq,
2024-02-09,ENOFUTBLYR-30,40.00,,,,,27,,,nasdaq,
2024-02-09,ENOFUTBLYR-31,40.00,,,,,40,,,nasdaq,
2024-02-09,ENOFUTBLYR-32,39.85,,,,,,,,nasdaq,
2024-02-09,ENOFUTBLYR-33,39.85,,,,,,,,nasdaq,
2024-02-09,ENOFUTBLYR-34,39.85,,,,,,,,nasdaq,
2024-02-12,ENOFUTBLQ2-26,29.25,29.00,33.50,,,14,,,nasdaq,
2024-02-12,ENOFUTBLQ3-26,22.75,22.50,23.00,23.00,23.00,20,,,nasdaq,
2024-02-12,ENOFUTBLQ4-26,42.50,41.00,44.00,,,35,,,nasdaq,
2024-02-12,ENOFUTBLYR-27,39.48,39.25,39.70,,,590,,,nasdaq,
2024-02-12,ENOFUTBLYR-28,40.55,39.60,41.50,,,217,,,nasdaq,
2024-02-12,ENOFUTBLYR-29,40.90,39.30,42.50,,,33,,,nasdaq,
2024-02-12,ENOFUTBLYR-30,40.00,38.50,,,,27,,,nasdaq,
2024-02-12,ENOFUTBLYR-31,40.00,38.50,,,,40,,,nasdaq,
2024-02-12,ENOFUTBLYR-32,39.85,,,,,,,,nasdaq,
2024-02-12,ENOFUTBLYR-33,39.85,,,,,,,,nasdaq,
2024-02-12,ENOFUTBLYR-34,39.85,,,,,,,,nasdaq,
2024-02-13,ENOFUTBLQ2-26,28.50,24.50,29.40,29.50,29.50,14,,,nasdaq,
2024-02-13,ENOFUTBLQ3-26,22.48,22.00,22.95,23.00,23.00,21,,,nasdaq,
2024-02-13,ENOFUTBLQ4-26,42.80,42.40,43.75,42.85,42.80,35,,,nasdaq,
2024-02-13,ENOFUTBLYR-27,39.75,39.55,40.25,39.75,39.75,590,,,nasdaq,
2024-02-13,ENOFUTBLYR-28,40.75,40.20,42.00,,,217,,,nasdaq,
2024-02-13,ENOFUTBLYR-29,41.05,40.50,44.50,,,33,,,nasdaq,
2024-02-13,ENOFUTBLYR-30,40.00,,,,,27,,,nasdaq,
2024-02-13,ENOFUTBLYR-31,40.00,,,,,40,,,nasdaq,
2024-02-13,ENOFUTBLYR-32,39.85,,,,,,,,nasdaq,
2024-02-13,ENOFUTBLYR-33,39.85,,,,,,,,nasdaq,
2024-02-13,ENOFUTBLYR-34,39.85,,,,,,,,nasdaq,
2024-02-14,ENOFUTBLQ2-26,28.00,27.00,30.50,,,18,,,nasdaq,
2024-02-14,ENOFUTBLQ3-26,21.98,21.50,25.50,,,24,,,nasdaq,
2024-02-14,ENOFUTBLQ4-26,42.80,41.75,45.80,42.80,42.80,38,,,nasdaq,
2024-02-14,ENOFUTBLYR-27,39.75,39.50,39.75,40.00,39.75,596,,,nasdaq,
2024-02-14,ENOFUTBLYR-28,40.45,40.00,40.90,,,229,,,nasdaq,
2024-02-14,ENOFUTBLYR-29,40.70,40.70,42.40,,,33,,,nasdaq,
2024-02-14,ENOFUTBLYR-30,40.00,,,,,27,,,nasdaq,
2024-02-14,ENOFUTBLYR-31,40.00,,,,,40,,,nasdaq,
2024-02-14,ENOFUTBLYR-32,39.85,,,,,,,,nasdaq,
2024-02-14,ENOFUTBLYR-33,39.85,,,,,,,,nasdaq,
2024-02-14,ENOFUTBLYR-34,39.85,,,,,,,,nasdaq,
2024-02-15,ENOFUTBLQ2-26,28.10,28.00,28.20,28.00,28.00,18,,,nasdaq,
2024-02-15,ENOFUTBLQ3-26,22.15,22.10,22.30,,,24,,,nasdaq,
2024-02-15,ENOFUTBLQ4-26,42.95,42.40,43.50,,,41,,,nasdaq,
2024-02-15,ENOFUTBLYR-27,39.75,39.60,39.80,39.70,39.70,610,,,nasdaq,
2024-02-15,ENOFUTBLYR-28,40.65,40.60,40.95,,,229,,,nasdaq,
2024-02-15,ENOFUTBLYR-29,40.60,40.00,42.20,,,33,,,nasdaq,
2024-02-15,ENOFUTBLYR-30,40.00,,,,,27,,,nasdaq,
2024-02-15,ENOFUTBLYR-31,40.00,,,,,40,,,nasdaq,
2024-02-15,ENOFUTBLYR-32,39.85,,,,,,,,nasdaq,
2024-02-15,ENOFUTBLYR-33,39.85,,,,,,,,nasdaq,
2024-02-15,ENOFUTBLYR-34,39.85,,,,,,,,nasdaq,
2024-02-16,ENOFUTBLQ2-26,28.45,28.00,31.10,28.45,28.45,20,,,nasdaq,
2024-02-16,ENOFUTBLQ3-26,22.25,22.00,25.35,,,24,,,nasdaq,
2024-02-16,ENOFUTBLQ4-26,43.60,43.35,43.50,,,41,,,nasdaq,
2024-02-16,ENOFUTBLYR-27,40.00,40.05,40.35,39.90,39.90,612,,,nasdaq,
2024-02-16,ENOFUTBLYR-28,41.00,40.90,41.10,41.05,41.00,229,,,nasdaq,
2024-02-16,ENOFUTBLYR-29,40.75,40.05,43.60,,,38,,,nasdaq,
2024-02-16,ENOFUTBLYR-30,40.00,,,,,27,,,nasdaq,
2024-02-16,ENOFUTBLYR-31,40.00,,,,,40,,,nasdaq,
2024-02-16,ENOFUTBLYR-32,39.85,,,,,,,,nasdaq,
2024-02-16,ENOFUTBLYR-33,39.85,,,,,,,,nasdaq,
2024-02-16,ENOFUTBLYR-34,39.85,,,,,,,,nasdaq,
2024-02-19,ENOFUTBLQ2-26,28.45,24.45,28.10,,,31,,,nasdaq,
2024-02-19,ENOFUTBLQ3-26,21.85,19.25,22.00,22.00,21.85,24,,,nasdaq,
2024-02-19,ENOFUTBLQ4-26,41.80,40.00,43.60,,,41,,,nasdaq,
2024-02-19,ENOFUTBLYR-27,39.50,39.50,39.95,,,615,,,nasdaq,
2024-02-19,ENOFUTBLYR-28,40.85,40.50,41.05,,,235,,,nasdaq,
2024-02-19,ENOFUTBLYR-29,40.75,39.00,42.80,,,38,,,nasdaq,
2024-02-19,ENOFUTBLYR-30,40.00,38.00,,,,27,,,nasdaq,
2024-02-19,ENOFUTBLYR-31,40.00,38.00,,,,40,,,nasdaq,
2024-02-19,ENOFUTBLYR-32,39.85,,,,,,,,nasdaq,
2024-02-19,ENOFUTBLYR-33,39.85,,,,,,,,nasdaq,
2024-02-19,ENOFUTBLYR-34,39.85,,,,,,,,nasdaq,
2024-02-20,ENOFUTBLQ2-26,28.13,24.75,31.50,,,31,,,nasdaq,
2024-02-20,ENOFUTBLQ3-26,21.85,21.30,25.00,,,26,,,nasdaq,
2024-02-20,ENOFUTBLQ4-26,42.60,42.65,43.65,42.60,42.50,41,,,nasdaq,
2024-02-20,ENOFUTBLYR-27,39.50,39.50,39.90,39.50,39.50,612,,,nasdaq,
2024-02-20,ENOFUTBLYR-28,41.00,40.75,41.25,,,263,,,nasdaq,
2024-02-20,ENOFUTBLYR-29,40.75,38.00,43.50,,,38,,,nasdaq,
2024-02-20,ENOFUTBLYR-30,40.00,,,,,27,,,nasdaq,
2024-02-20,ENOFUTBLYR-31,40.00,,,,,40,,,nasdaq,
2024-02-20,ENOFUTBLYR-32,39.85,,,,,,,,nasdaq,
2024-02-20,ENOFUTBLYR-33,39.85,,,,,,,,nasdaq,
2024-02-20,ENOFUTBLYR-34,39.85,,,,,,,,nasdaq,
2024-02-21,ENOFUTBLQ2-26,28.13,27.75,31.25,,,31,,,nasdaq,
2024-02-21,ENOFUTBLQ3-26,21.85,21.75,25.00,,,26,,,nasdaq,
2024-02-21,ENOFUTBLQ4-26,43.25,43.00,46.00,43.25,43.25,47,,,nasdaq,
2024-02-21,ENOFUTBLYR-27,39.70,39.60,39.85,39.70,39.66,619,,,nasdaq,
2024-02-21,ENOFUTBLYR-28,41.20,41.05,41.65,,,263,,,nasdaq,
2024-02-21,ENOFUTBLYR-29,40.75,40.15,43.25,,,38,,,nasdaq,
2024-02-21,ENOFUTBLYR-30,40.00,,,,,27,,,nasdaq,
2024-02-21,ENOFUTBLYR-31,40.00,,,,,40,,,nasdaq,
2024-02-21,ENOFUTBLYR-32,39.85,,,,,,,,nasdaq,
2024-02-21,ENOFUTBLYR-33,39.85,,,,,,,,nasdaq,
2024-02-21,ENOFUTBLYR-34,39.85,,,,,,,,nasdaq,
2024-02-22,ENOFUTBLQ2-26,27.75,25.00,28.25,,,31,,,nasdaq,
2024-02-22,ENOFUTBLQ3-26,21.40,21.25,24.55,,,26,,,nasdaq,
2024-02-22,ENOFUTBLQ4-26,43.00,39.60,47.00,,,49,,,nasdaq,
2024-02-22,ENOFUTBLYR-27,39.60,39.50,39.70,39.60,39.60,637,,,nasdaq,
2024-02-22,ENOFUTBLYR-28,41.20,40.85,41.50,,,266,,,nasdaq,
2024-02-22,ENOFUTBLYR-29,40.75,40.35,43.55,,,38,,,nasdaq,
2024-02-22,ENOFUTBLYR-30,40.00,,,,,27,,,nasdaq,
2024-02-22,ENOFUTBLYR-31,40.00,,,,,40,,,nasdaq,
2024-02-22,ENOFUTBLYR-32,39.85,,,,,,,,nasdaq,
2024-02-22,ENOFUTBLYR-33,39.85,,,,,,,,nasdaq,
2024-02-22,ENOFUTBLYR-34,39.85,,,,,,,,nasdaq,
2024-02-23,ENOFUTBLQ2-26,28.00,27.50,31.75,,,31,,,nasdaq,
2024-02-23,ENOFUTBLQ3-26,21.65,21.20,24.50,,,26,,,nasdaq,
2024-02-23,ENOFUTBLQ4-26,43.25,42.70,48.00,,,49,,,nasdaq,
2024-02-23,ENOFUTBLYR-27,39.60,39.60,39.90,39.65,39.60,655,,,nasdaq,
2024-02-23,ENOFUTBLYR-28,41.35,41.20,41.50,,,274,,,nasdaq,
2024-02-23,ENOFUTBLYR-29,40.90,40.65,44.20,,,38,,,nasdaq,
2024-02-23,ENOFUTBLYR-30,40.00,,,,,27,,,nasdaq,
2024-02-23,ENOFUTBLYR-31,40.00,,,,,40,,,nasdaq,
2024-02-23,ENOFUTBLYR-32,39.85,,,,,,,,nasdaq,
2024-02-23,ENOFUTBLYR-33,39.85,,,,,,,,nasdaq,
2024-02-23,ENOFUTBLYR-34,39.85,,,,,,,,nasdaq,
2024-02-26,ENOFUTBLQ2-26,28.50,,,,,31,,,nasdaq,
2024-02-26,ENOFUTBLQ3-26,22.00,,,,,26,,,nasdaq,
2024-02-26,ENOFUTBLQ4-26,43.50,43.00,,,,49,,,nasdaq,
2024-02-26,ENOFUTBLYR-27,39.75,39.50,40.00,,,676,,,nasdaq,
2024-02-26,ENOFUTBLYR-28,41.70,41.50,41.90,,,277,,,nasdaq,
2024-02-26,ENOFUTBLYR-29,40.90,,,,,38,,,nasdaq,
2024-02-26,ENOFUTBLYR-30,40.00,38.00,,,,27,,,nasdaq,
2024-02-26,ENOFUTBLYR-31,40.00,38.00,,,,40,,,nasdaq,
2024-02-26,ENOFUTBLYR-32,39.85,,,,,,,,nasdaq,
2024-02-26,ENOFUTBLYR-33,39.85,,,,,,,,nasdaq,
2024-02-26,ENOFUTBLYR-34,39.85,,,,,,,,nasdaq,
2024-02-27,ENOFUTBLQ2-26,28.80,25.50,,,,31,,,nasdaq,
2024-02-27,ENOFUTBLQ3-26,22.30,19.00,,,,26,,,nasdaq,
2024-02-27,ENOFUTBLQ4-26,43.80,42.00,,,,49,,,nasdaq,
2024-02-27,ENOFUTBLYR-27,40.10,40.00,41.00,,,676,,,nasdaq,
2024-02-27,ENOFUTBLYR-28,42.25,42.10,42.25,42.25,42.25,277,,,nasdaq,
2024-02-27,ENOFUTBLYR-29,41.00,,,,,38,,,nasdaq,
2024-02-27,ENOFUTBLYR-30,40.00,,,,,27,,,nasdaq,
2024-02-27,ENOFUTBLYR-31,40.00,,,,,40,,,nasdaq,
2024-02-27,ENOFUTBLYR-32,39.85,,,,,,,,nasdaq,
2024-02-27,ENOFUTBLYR-33,39.85,,,,,,,,nasdaq,
2024-02-27,ENOFUTBLYR-34,39.85,,,,,,,,nasdaq,
2024-02-28,ENOFUTBLQ2-26,29.05,,32.00,,,31,,,nasdaq,
2024-02-28,ENOFUTBLQ3-26,22.55,,26.00,,,26,,,nasdaq,
2024-02-28,ENOFUTBLQ4-26,44.80,,45.00,44.80,44.80,49,,,nasdaq,
2024-02-28,ENOFUTBLYR-27,40.50,40.20,41.00,40.60,40.50,685,,,nasdaq,
2024-02-28,ENOFUTBLYR-28,42.90,42.50,43.25,,,283,,,nasdaq,
2024-02-28,ENOFUTBLYR-29,41.65,,,,,38,,,nasdaq,
2024-02-28,ENOFUTBLYR-30,41.10,41.00,,,,27,,,nasdaq,
2024-02-28,ENOFUTBLYR-31,41.10,41.00,,,,40,,,nasdaq,
2024-02-28,ENOFUTBLYR-32,41.10,41.00,,,,,,,nasdaq,
2024-02-28,ENOFUTBLYR-33,41.10,41.00,,,,,,,nasdaq,
2024-02-28,ENOFUTBLYR-34,41.10,41.00,,,,,,,nasdaq,
2024-02-29,ENOFUTBLQ2-26,28.50,,,,,31,,,nasdaq,
2024-02-29,ENOFUTBLQ3-26,22.00,,,,,26,,,nasdaq,
2024-02-29,ENOFUTBLQ4-26,44.00,,,,,51,,,nasdaq,
2024-02-29,ENOFUTBLYR-27,40.20,39.85,,40.20,40.20,692,,,nasdaq,
2024-02-29,ENOFUTBLYR-28,42.60,42.00,42.65,,,294,,,nasdaq,
2024-02-29,ENOFUTBLYR-29,41.65,40.75,,,,38,,,nasdaq,
2024-02-29,ENOFUTBLYR-30,41.10,,,,,27,,,nasdaq,
2024-02-29,ENOFUTBLYR-31,41.10,,,,,40,,,nasdaq,
2024-02-29,ENOFUTBLYR-32,41.10,,,,,,,,nasdaq,
2024-02-29,ENOFUTBLYR-33,41.10,,,,,,,,nasdaq,
2024-02-29,ENOFUTBLYR-34,41.10,,,,,,,,nasdaq,
2024-03-01,ENOFUTBLQ2-26,28.50,28.00,,,,31,,,nasdaq,
2024-03-01,ENOFUTBLQ3-26,22.00,21.75,22.15,22.00,22.00,26,,,nasdaq,
2024-03-01,ENOFUTBLQ4-26,43.75,,,,,51,,,nasdaq,
2024-03-01,ENOFUTBLYR-27,40.20,40.00,41.00,40.10,40.10,693,,,nasdaq,
2024-03-01,ENOFUTBLYR-28,42.75,42.25,,42.75,42.75,294,,,nasdaq,
2024-03-01,ENOFUTBLYR-29,41.65,,,,,38,,,nasdaq,
2024-03-01,ENOFUTBLYR-30,41.10,,,,,27,,,nasdaq,
2024-03-01,ENOFUTBLYR-31,41.10,,,,,40,,,nasdaq,
2024-03-01,ENOFUTBLYR-32,41.10,,,,,,,,nasdaq,
2024-03-01,ENOFUTBLYR-33,41.10,,,,,,,,nasdaq,
2024-03-01,ENOFUTBLYR-34,41.10,,,,,,,,nasdaq,
2024-03-04,ENOFUTBLQ2-26,28.50,24.50,32.50,,,31,,,nasdaq,
2024-03-04,ENOFUTBLQ3-26,22.00,19.00,25.00,,,27,,,nasdaq,
2024-03-04,ENOFUTBLQ4-26,43.75,39.75,47.75,,,51,,,nasdaq,
2024-03-04,ENOFUTBLYR-27,39.50,39.50,40.25,39.50,39.50,696,,,nasdaq,
2024-03-04,ENOFUTBLYR-28,42.53,42.25,42.80,,,300,,,nasdaq,
2024-03-04,ENOFUTBLYR-29,41.50,39.50,46.75,,,38,,,nasdaq,
2024-03-04,ENOFUTBLYR-30,41.10,,,,,27,,,nasdaq,
2024-03-04,ENOFUTBLYR-31,41.10,,,,,40,,,nasdaq,
2024-03-04,ENOFUTBLYR-32,41.10,,,,,,,,nasdaq,
2024-03-04,ENOFUTBLYR-33,41.10,,,,,,,,nasdaq,
2024-03-04,ENOFUTBLYR-34,41.10,,,,,,,,nasdaq,
2024-03-05,ENOFUTBLQ2-26,29.25,,,,,31,,,nasdaq,
2024-03-05,ENOFUTBLQ3-26,22.75,20.10,,,,27,,,nasdaq,
2024-03-05,ENOFUTBLQ4-26,44.20,43.75,,,,51,,,nasdaq,
2024-03-05,ENOFUTBLYR-27,40.00,39.80,40.50,40.40,40.00,698,,,nasdaq,
2024-03-05,ENOFUTBLYR-28,42.75,42.50,43.00,,,300,,,nasdaq,
2024-03-05,ENOFUTBLYR-29,41.65,41.50,,,,38,,,nasdaq,
2024-03-05,ENOFUTBLYR-30,41.25,39.50,,,,27,,,nasdaq,
2024-03-05,ENOFUTBLYR-31,41.20,39.50,,,,40,,,nasdaq,
2024-03-05,ENOFUTBLYR-32,41.20,,,,,,,,nasdaq,
2024-03-05,ENOFUTBLYR-33,41.20,,,,,,,,nasdaq,
2024-03-05,ENOFUTBLYR-34,41.20,,,,,,,,nasdaq,
2024-03-06,ENOFUTBLQ2-26,29.50,26.00,33.00,,,31,,,nasdaq,
2024-03-06,ENOFUTBLQ3-26,23.00,19.00,27.00,,,27,,,nasdaq,
2024-03-06,ENOFUTBLQ4-26,44.20,43.90,47.00,,,51,,,nasdaq,
2024-03-06,ENOFUTBLYR-27,40.00,40.00,40.90,40.40,40.00,704,,,nasdaq,
2024-03-06,ENOFUTBLYR-28,42.50,42.45,44.75,,,300,,,nasdaq,
2024-03-06,ENOFUTBLYR-29,42.38,40.50,45.75,,,38,,,nasdaq,
2024-03-06,ENOFUTBLYR-30,42.00,,,,,27,,,nasdaq,
2024-03-06,ENOFUTBLYR-31,42.00,,,,,40,,,nasdaq,
2024-03-06,ENOFUTBLYR-32,42.00,,,,,,,,nasdaq,
2024-03-06,ENOFUTBLYR-33,42.00,,,,,,,,nasdaq,
2024-03-06,ENOFUTBLYR-34,42.00,,,,,,,,nasdaq,
2024-03-07,ENOFUTBLQ2-26,29.50,28.00,,,,31,,,nasdaq,
2024-03-07,ENOFUTBLQ3-26,23.00,22.00,,,,27,,,nasdaq,
2024-03-07,ENOFUTBLQ4-26,44.20,,,,,51,,,nasdaq,
2024-03-07,ENOFUTBLYR-27,40.25,40.25,,40.25,40.00,709,,,nasdaq,
2024-03-07,ENOFUTBLYR-28,42.75,42.35,42.75,42.75,42.75,303,,,nasdaq,
2024-03-07,ENOFUTBLYR-29,42.50,40.50,,,,38,,,nasdaq,
2024-03-07,ENOFUTBLYR-30,42.00,,,,,27,,,nasdaq,
2024-03-07,ENOFUTBLYR-31,42.00,,,,,40,,,nasdaq,
2024-03-07,ENOFUTBLYR-32,42.00,,,,,,,,nasdaq,
2024-03-07,ENOFUTBLYR-33,42.00,,,,,,,,nasdaq,
2024-03-07,ENOFUTBLYR-34,42.00,,,,,,,,nasdaq,
2024-03-08,ENOFUTBLQ2-26,29.10,29.00,32.25,,,31,,,nasdaq,
2024-03-08,ENOFUTBLQ3-26,22.10,22.00,25.75,,,27,,,nasdaq,
2024-03-08,ENOFUTBLQ4-26,43.60,43.50,47.90,,,51,,,nasdaq,
2024-03-08,ENOFUTBLYR-27,40.50,40.25,41.00,40.60,40.50,729,,,nasdaq,
2024-03-08,ENOFUTBLYR-28,42.75,42.50,43.00,42.75,42.75,305,,,nasdaq,
2024-03-08,ENOFUTBLYR-29,42.25,40.50,44.75,,,50,,,nasdaq,
2024-03-08,ENOFUTBLYR-30,42.00,,,,,27,,,nasdaq,
2024-03-08,ENOFUTBLYR-31,42.00,,,,,40,,,nasdaq,
2024-03-08,ENOFUTBLYR-32,42.00,,,,,,,,nasdaq,
2024-03-08,ENOFUTBLYR-33,42.00,,,,,,,,nasdaq,
2024-03-08,ENOFUTBLYR-34,42.00,,,,,,,,nasdaq,
2024-03-11,ENOFUTBLQ2-26,27.10,24.50,28.50,,,31,,,nasdaq,
2024-03-11,ENOFUTBLQ3-26,21.60,19.00,25.50,,,27,,,nasdaq,
2024-03-11,ENOFUTBLQ4-26,43.10,43.00,45.00,,,51,,,nasdaq,
2024-03-11,ENOFUTBLYR-27,39.90,39.75,40.10,40.00,39.90,740,,,nasdaq,
2024-03-11,ENOFUTBLYR-28,42.25,42.05,42.45,,,307,,,nasdaq,
2024-03-11,ENOFUTBLYR-29,42.25,40.25,44.75,,,50,,,nasdaq,
2024-03-11,ENOFUTBLYR-30,42.00,39.50,,,,27,,,nasdaq,
2024-03-11,ENOFUTBLYR-31,42.00,39.00,,,,40,,,nasdaq,
2024-03-11,ENOFUTBLYR-32,42.00,,,,,,,,nasdaq,
2024-03-11,ENOFUTBLYR-33,42.00,,,,,,,,nasdaq,
2024-03-11,ENOFUTBLYR-34,42.00,,,,,,,,nasdaq,
2024-03-12,ENOFUTBLQ2-26,27.05,23.00,31.10,,,31,,,nasdaq,
2024-03-12,ENOFUTBLQ3-26,22.15,19.60,24.70,,,27,,,nasdaq,
2024-03-12,ENOFUTBLQ4-26,44.00,39.33,45.00,44.00,44.00,51,,,nasdaq,
2024-03-12,ENOFUTBLYR-27,40.50,39.75,40.75,40.50,40.25,745,,,nasdaq,
2024-03-12,ENOFUTBLYR-28,42.70,42.00,43.00,42.70,42.70,307,,,nasdaq,
2024-03-12,ENOFUTBLYR-29,42.60,41.15,44.75,,,50,,,nasdaq,
2024-03-12,ENOFUTBLYR-30,42.25,,,,,27,,,nasdaq,
2024-03-12,ENOFUTBLYR-31,42.25,,,,,40,,,nasdaq,
2024-03-12,ENOFUTBLYR-32,42.25,,,,,,,,nasdaq,
2024-03-12,ENOFUTBLYR-33,42.25,,,,,,,,nasdaq,
2024-03-12,ENOFUTBLYR-34,42.25,,,,,,,,nasdaq,
2024-03-13,ENOFUTBLQ2-26,27.00,24.00,27.25,27.00,27.00,31,,,nasdaq,
2024-03-13,ENOFUTBLQ3-26,22.10,22.00,24.95,,,27,,,nasdaq,
2024-03-13,ENOFUTBLQ4-26,44.00,43.90,47.00,,,53,,,nasdaq,
2024-03-13,ENOFUTBLYR-27,40.75,40.55,40.85,40.85,40.75,748,,,nasdaq,
2024-03-13,ENOFUTBLYR-28,43.00,42.30,43.10,,,318,,,nasdaq,
2024-03-13,ENOFUTBLYR-29,42.85,42.65,44.75,,,50,,,nasdaq,
2024-03-13,ENOFUTBLYR-30,42.50,,,,,27,,,nasdaq,
2024-03-13,ENOFUTBLYR-31,42.50,,,,,40,,,nasdaq,
2024-03-13,ENOFUTBLYR-32,42.50,,,,,,,,nasdaq,
2024-03-13,ENOFUTBLYR-33,42.50,,,,,,,,nasdaq,
2024-03-13,ENOFUTBLYR-34,42.50,,,,,,,,nasdaq,
2024-03-14,ENOFUTBLQ2-26,26.65,24.50,26.65,26.65,26.65,32,,,nasdaq,
2024-03-14,ENOFUTBLQ3-26,22.00,19.70,22.00,22.00,22.00,27,,,nasdaq,
2024-03-14,ENOFUTBLQ4-26,44.00,43.50,44.50,,,53,,,nasdaq,
2024-03-14,ENOFUTBLYR-27,40.50,40.25,41.00,40.50,40.50,755,,,nasdaq,
2024-03-14,ENOFUTBLYR-28,42.70,42.50,42.90,,,318,,,nasdaq,
2024-03-14,ENOFUTBLYR-29,42.50,41.00,44.75,,,50,,,nasdaq,
2024-03-14,ENOFUTBLYR-30,43.00,,,,,27,,,nasdaq,
2024-03-14,ENOFUTBLYR-31,42.50,,,,,40,,,nasdaq,
2024-03-14,ENOFUTBLYR-32,42.50,,,,,,,,nasdaq,
2024-03-14,ENOFUTBLYR-33,42.50,,,,,,,,nasdaq,
2024-03-14,ENOFUTBLYR-34,42.50,,,,,,,,nasdaq,
2024-03-15,ENOFUTBLQ2-26,26.75,26.50,,,,36,,,nasdaq,
2024-03-15,ENOFUTBLQ3-26,22.25,22.00,,,,30,,,nasdaq,
2024-03-15,ENOFUTBLQ4-26,44.00,,,,,53,,,nasdaq,
2024-03-15,ENOFUTBLYR-27,40.50,40.00,41.00,40.50,40.50,761,,,nasdaq,
2024-03-15,ENOFUTBLYR-28,42.75,42.50,43.00,,,318,,,nasdaq,
2024-03-15,ENOFUTBLYR-29,42.50,42.25,44.00,,,87,,,nasdaq,
2024-03-15,ENOFUTBLYR-30,43.00,,,,,28,,,nasdaq,
2024-03-15,ENOFUTBLYR-31,42.50,,,,,40,,,nasdaq,
2024-03-15,ENOFUTBLYR-32,42.50,,,,,,,,nasdaq,
2024-03-15,ENOFUTBLYR-33,42.50,,,,,,,,nasdaq,
2024-03-15,ENOFUTBLYR-34,42.50,,,,,,,,nasdaq,
2024-03-18,ENOFUTBLQ2-26,26.75,24.75,30.75,26.75,26.75,36,,,nasdaq,
2024-03-18,ENOFUTBLQ3-26,22.25,18.75,27.25,22.25,22.25,30,,,nasdaq,
2024-03-18,ENOFUTBLQ4-26,44.35,43.00,49.00,,,53,,,nasdaq,
2024-03-18,ENOFUTBLYR-27,40.75,40.50,41.15,42.00,40.50,783,,,nasdaq,
2024-03-18,ENOFUTBLYR-28,43.00,43.00,43.50,,,318,,,nasdaq,
2024-03-18,ENOFUTBLYR-29,42.65,39.50,43.70,,,87,,,nasdaq,
2024-03-18,ENOFUTBLYR-30,43.00,39.00,,,,28,,,nasdaq,
2024-03-18,ENOFUTBLYR-31,42.50,39.00,,,,40,,,nasdaq,
2024-03-18,ENOFUTBLYR-32,42.50,,,,,,,,nasdaq,
2024-03-18,ENOFUTBLYR-33,42.50,,,,,,,,nasdaq,
2024-03-18,ENOFUTBLYR-34,42.50,,,,,,,,nasdaq,
2024-03-19,ENOFUTBLQ2-26,26.75,26.00,27.50,,,38,,,nasdaq,
2024-03-19,ENOFUTBLQ3-26,22.00,21.00,23.00,,,32,,,nasdaq,
2024-03-19,ENOFUTBLQ4-26,44.50,44.40,48.30,,,58,,,nasdaq,
2024-03-19,ENOFUTBLYR-27,39.50,39.50,40.60,39.50,39.50,787,,,nasdaq,
2024-03-19,ENOFUTBLYR-28,43.00,42.50,43.00,43.00,43.00,320,,,nasdaq,
2024-03-19,ENOFUTBLYR-29,42.65,41.65,43.50,,,87,,,nasdaq,
2024-03-19,ENOFUTBLYR-30,43.00,,,,,28,,,nasdaq,
2024-03-19,ENOFUTBLYR-31,42.50,,,,,40,,,nasdaq,
2024-03-19,ENOFUTBLYR-32,43.80,43.75,,,,,,,nasdaq,
2024-03-19,ENOFUTBLYR-33,43.80,,,,,,,,nasdaq,
2024-03-19,ENOFUTBLYR-34,43.80,,,,,,,,nasdaq,
2024-03-20,ENOFUTBLQ2-26,26.50,22.50,30.25,26.50,26.50,38,,,nasdaq,
2024-03-20,ENOFUTBLQ3-26,22.00,21.50,25.00,,,32,,,nasdaq,
2024-03-20,ENOFUTBLQ4-26,44.52,44.50,47.00,,,58,,,nasdaq,
2024-03-20,ENOFUTBLYR-27,40.00,39.70,40.00,40.00,40.00,788,,,nasdaq,
2024-03-20,ENOFUTBLYR-28,42.70,42.50,43.00,42.70,42.70,321,,,nasdaq,
2024-03-20,ENOFUTBLYR-29,42.75,41.75,44.00,,,87,,,nasdaq,
2024-03-20,ENOFUTBLYR-30,43.00,,,,,28,,,nasdaq,
2024-03-20,ENOFUTBLYR-31,42.50,,,,,40,,,nasdaq,
2024-03-20,ENOFUTBLYR-32,43.80,,,,,,,,nasdaq,
2024-03-20,ENOFUTBLYR-33,43.80,,,,,,,,nasdaq,
2024-03-20,ENOFUTBLYR-34,43.80,,,,,,,,nasdaq,
2024-03-21,ENOFUTBLQ2-26,26.20,25.50,30.50,,,42,,,nasdaq,
2024-03-21,ENOFUTBLQ3-26,21.60,21.50,25.50,,,32,,,nasdaq,
2024-03-21,ENOFUTBLQ4-26,44.52,44.00,47.50,,,58,,,nasdaq,
2024-03-21,ENOFUTBLYR-27,40.00,39.80,40.25,39.80,39.80,788,,,nasdaq,
2024-03-21,ENOFUTBLYR-28,42.70,42.70,43.00,,,321,,,nasdaq,
2024-03-21,ENOFUTBLYR-29,42.75,42.50,44.75,,,103,,,nasdaq,
2024-03-21,ENOFUTBLYR-30,43.00,,,,,28,,,nasdaq,
2024-03-21,ENOFUTBLYR-31,43.80,42.00,,,,40,,,nasdaq,
2024-03-21,ENOFUTBLYR-32,43.80,,,,,,,,nasdaq,
2024-03-21,ENOFUTBLYR-33,43.80,,,,,,,,nasdaq,
2024-03-21,ENOFUTBLYR-34,43.80,,,,,,,,nasdaq,
2024-03-22,ENOFUTBLQ2-26,26.40,24.18,29.20,,,42,,,nasdaq,
2024-03-22,ENOFUTBLQ3-26,21.65,21.25,24.60,,,32,,,nasdaq,
2024-03-22,ENOFUTBLQ4-26,44.80,42.50,47.00,45.00,44.80,58,,,nasdaq,
2024-03-22,ENOFUTBLYR-27,40.05,39.85,40.25,,,794,,,nasdaq,
2024-03-22,ENOFUTBLYR-28,42.75,42.70,,,,321,,,nasdaq,
2024-03-22,ENOFUTBLYR-29,42.75,42.05,,,,103,,,nasdaq,
2024-03-22,ENOFUTBLYR-30,43.00,,,,,28,,,nasdaq,
2024-03-22,ENOFUTBLYR-31,43.80,,,,,40,,,nasdaq,
2024-03-22,ENOFUTBLYR-32,43.80,,,,,,,,nasdaq,
2024-03-22,ENOFUTBLYR-33,43.80,,,,,,,,nasdaq,
2024-03-22,ENOFUTBLYR-34,43.80,,,,,,,,nasdaq,
2024-03-25,ENOFUTBLQ2-26,27.03,23.90,30.15,,,52,,,nasdaq,
2024-03-25,ENOFUTBLQ3-26,22.75,21.00,25.35,,,41,,,nasdaq,
2024-03-25,ENOFUTBLQ4-26,45.25,43.10,45.50,45.25,45.25,66,,,nasdaq,
2024-03-25,ENOFUTBLYR-27,40.25,39.50,40.95,42.00,42.00,797,,,nasdaq,
2024-03-25,ENOFUTBLYR-28,43.25,42.75,44.25,44.50,44.50,339,,,nasdaq,
2024-03-25,ENOFUTBLYR-29,43.05,41.75,46.00,,,103,,,nasdaq,
2024-03-25,ENOFUTBLYR-30,43.20,40.00,,,,28,,,nasdaq,
2024-03-25,ENOFUTBLYR-31,44.00,40.00,,,,40,,,nasdaq,
2024-03-25,ENOFUTBLYR-32,44.00,,,,,,,,nasdaq,
2024-03-25,ENOFUTBLYR-33,44.00,,,,,,,,nasdaq,
2024-03-25,ENOFUTBLYR-34,44.00,,,,,,,,nasdaq,
2024-03-26,ENOFUTBLQ2-26,27.00,24.15,30.25,,,52,,,nasdaq,
2024-03-26,ENOFUTBLQ3-26,22.75,20.15,26.15,,,41,,,nasdaq,
2024-03-26,ENOFUTBLQ4-26,45.25,44.50,49.25,,,68,,,nasdaq,
2024-03-26,ENOFUTBLYR-27,40.00,38.50,40.25,40.00,40.00,801,,,nasdaq,
2024-03-26,ENOFUTBLYR-28,43.00,42.65,43.35,,,345,,,nasdaq,
2024-03-26,ENOFUTBLYR-29,43.50,43.25,45.00,,,103,,,nasdaq,
2024-03-26,ENOFUTBLYR-30,43.65,,,,,28,,,nasdaq,
2024-03-26,ENOFUTBLYR-31,44.10,,,,,40,,,nasdaq,
2024-03-26,ENOFUTBLYR-32,44.10,,,,,,,,nasdaq,
2024-03-26,ENOFUTBLYR-33,44.10,,,,,,,,nasdaq,
2024-03-26,ENOFUTBLYR-34,44.10,,,,,,,,nasdaq,
2024-03-27,ENOFUTBLQ2-26,27.00,,,,,52,,,nasdaq,
2024-03-27,ENOFUTBLQ3-26,22.75,21.75,,,,41,,,nasdaq,
2024-03-27,ENOFUTBLQ4-26,45.25,43.50,,,,68,,,nasdaq,
2024-03-27,ENOFUTBLYR-27,39.75,39.75,40.85,39.75,39.75,804,,,nasdaq,
2024-03-27,ENOFUTBLYR-28,43.00,42.15,,,,350,,,nasdaq,
2024-03-27,ENOFUTBLYR-29,43.50,41.95,44.00,,,103,,,nasdaq,
2024-03-27,ENOFUTBLYR-30,43.65,,,,,28,,,nasdaq,
2024-03-27,ENOFUTBLYR-31,44.10,,,,,40,,,nasdaq,
2024-03-27,ENOFUTBLYR-32,44.10,,,,,,,,nasdaq,
2024-03-27,ENOFUTBLYR-33,44.10,,,,,,,,nasdaq,
2024-03-27,ENOFUTBLYR-34,44.10,,,,,,,,nasdaq,
2024-04-02,ENOFUTBLQ2-26,26.50,23.60,31.00,,,52,,,nasdaq,
2024-04-02,ENOFUTBLQ3-26,22.25,20.50,26.75,,,41,,,nasdaq,
2024-04-02,ENOFUTBLQ4-26,44.75,44.75,45.25,44.75,44.75,68,,,nasdaq,
2024-04-02,ENOFUTBLYR-27,39.60,39.50,39.85,,,805,,,nasdaq,
2024-04-02,ENOFUTBLYR-28,43.00,42.50,44.00,,,350,,,nasdaq,
2024-04-02,ENOFUTBLYR-29,43.50,41.50,46.75,,,103,,,nasdaq,
2024-04-02,ENOFUTBLYR-30,43.65,39.75,,,,28,,,nasdaq,
2024-04-02,ENOFUTBLYR-31,44.10,39.75,,,,40,,,nasdaq,
2024-04-02,ENOFUTBLYR-32,44.10,,,,,,,,nasdaq,
2024-04-02,ENOFUTBLYR-33,44.10,,,,,,,,nasdaq,
2024-04-02,ENOFUTBLYR-34,44.10,,,,,,,,nasdaq,
2024-04-03,ENOFUTBLQ2-26,26.25,23.60,28.90,,,52,,,nasdaq,
2024-04-03,ENOFUTBLQ3-26,22.00,21.50,25.25,,,41,,,nasdaq,
2024-04-03,ENOFUTBLQ4-26,44.25,44.00,47.00,,,71,,,nasdaq,
2024-04-03,ENOFUTBLYR-27,39.50,39.50,39.70,39.60,39.50,806,,,nasdaq,
2024-04-03,ENOFUTBLYR-28,43.25,43.00,43.25,43.25,43.25,350,,,nasdaq,
2024-04-03,ENOFUTBLYR-29,43.75,43.50,44.25,43.75,43.75,103,,,nasdaq,
2024-04-03,ENOFUTBLYR-30,43.90,,,,,28,,,nasdaq,
2024-04-03,ENOFUTBLYR-31,44.30,,,,,40,,,nasdaq,
2024-04-03,ENOFUTBLYR-32,44.30,,,,,,,,nasdaq,
2024-04-03,ENOFUTBLYR-33,44.30,,,,,,,,nasdaq,
2024-04-03,ENOFUTBLYR-34,44.30,,,,,,,,nasdaq,
2024-04-04,ENOFUTBLQ2-26,26.63,24.25,29.00,,,52,,,nasdaq,
2024-04-04,ENOFUTBLQ3-26,22.00,21.50,25.00,,,42,,,nasdaq,
2024-04-04,ENOFUTBLQ4-26,44.57,44.00,46.88,,,71,,,nasdaq,
2024-04-04,ENOFUTBLYR-27,39.75,39.50,40.25,,,812,,,nasdaq,
2024-04-04,ENOFUTBLYR-28,43.35,42.70,43.70,,,352,,,nasdaq,
2024-04-04,ENOFUTBLYR-29,43.75,42.50,45.75,,,105,,,nasdaq,
2024-04-04,ENOFUTBLYR-30,43.90,,,,,28,,,nasdaq,
2024-04-04,ENOFUTBLYR-31,44.30,,,,,40,,,nasdaq,
2024-04-04,ENOFUTBLYR-32,44.30,,,,,,,,nasdaq,
2024-04-04,ENOFUTBLYR-33,44.30,,,,,,,,nasdaq,
2024-04-04,ENOFUTBLYR-34,44.30,,,,,,,,nasdaq,
2024-04-05,ENOFUTBLQ2-26,26.63,25.05,30.00,,,52,,,nasdaq,
2024-04-05,ENOFUTBLQ3-26,22.25,21.50,23.00,,,42,,,nasdaq,
2024-04-05,ENOFUTBLQ4-26,45.50,45.00,46.00,,,71,,,nasdaq,
2024-04-05,ENOFUTBLYR-27,39.90,39.50,40.25,,,813,,,nasdaq,
2024-04-05,ENOFUTBLYR-28,43.50,43.40,45.35,,,352,,,nasdaq,
2024-04-05,ENOFUTBLYR-29,43.90,43.80,46.75,,,105,,,nasdaq,
2024-04-05,ENOFUTBLYR-30,44.05,,,,,28,,,nasdaq,
2024-04-05,ENOFUTBLYR-31,44.45,,,,,40,,,nasdaq,
2024-04-05,ENOFUTBLYR-32,44.45,,,,,,,,nasdaq,
2024-04-05,ENOFUTBLYR-33,44.45,,,,,,,,nasdaq,
2024-04-05,ENOFUTBLYR-34,44.45,,,,,,,,nasdaq,
2024-04-08,ENOFUTBLQ2-26,26.73,24.30,29.15,,,52,,,nasdaq,
2024-04-08,ENOFUTBLQ3-26,22.38,18.25,26.50,,,42,,,nasdaq,
2024-04-08,ENOFUTBLQ4-26,45.05,41.60,45.60,,,71,,,nasdaq,
2024-04-08,ENOFUTBLYR-27,40.15,39.50,40.65,,,818,,,nasdaq,
2024-04-08,ENOFUTBLYR-28,43.90,42.65,45.50,,,352,,,nasdaq,
2024-04-08,ENOFUTBLYR-29,44.40,43.90,45.90,,,105,,,nasdaq,
2024-04-08,ENOFUTBLYR-30,44.55,44.00,46.10,,,28,,,nasdaq,
2024-04-08,ENOFUTBLYR-31,44.95,43.25,,,,40,,,nasdaq,
2024-04-08,ENOFUTBLYR-32,44.95,,,,,,,,nasdaq,
2024-04-08,ENOFUTBLYR-33,44.95,,,,,,,,nasdaq,
2024-04-08,ENOFUTBLYR-34,44.95,,,,,,,,nasdaq,
2024-04-09,ENOFUTBLQ2-26,26.85,26.85,29.12,26.89,26.85,52,,,nasdaq,
2024-04-09,ENOFUTBLQ3-26,23.22,19.40,27.03,,,42,,,nasdaq,
2024-04-09,ENOFUTBLQ4-26,45.05,42.75,45.50,,,71,,,nasdaq,
2024-04-09,ENOFUTBLYR-27,40.40,40.20,40.50,,,820,,,nasdaq,
2024-04-09,ENOFUTBLYR-28,44.15,43.80,44.50,,,352,,,nasdaq,
2024-04-09,ENOFUTBLYR-29,44.55,43.90,47.30,,,105,,,nasdaq,
2024-04-09,ENOFUTBLYR-30,44.70,,,,,28,,,nasdaq,
2024-04-09,ENOFUTBLYR-31,45.10,,,,,40,,,nasdaq,
2024-04-09,ENOFUTBLYR-32,45.10,,,,,,,,nasdaq,
2024-04-09,ENOFUTBLYR-33,45.10,,,,,,,,nasdaq,
2024-04-09,ENOFUTBLYR-34,45.10,,,,,,,,nasdaq,
2024-04-10,ENOFUTBLQ2-26,26.85,,27.25,,,54,,,nasdaq,
2024-04-10,ENOFUTBLQ3-26,23.57,22.50,,,,42,,,nasdaq,
2024-04-10,ENOFUTBLQ4-26,45.40,,,,,71,,,nasdaq,
2024-04-10,ENOFUTBLYR-27,40.70,40.30,41.00,40.70,40.70,827,,,nasdaq,
2024-04-10,ENOFUTBLYR-28,44.15,43.80,,,,352,,,nasdaq,
2024-04-10,ENOFUTBLYR-29,44.55,,,,,105,,,nasdaq,
2024-04-10,ENOFUTBLYR-30,44.70,,,,,28,,,nasdaq,
2024-04-10,ENOFUTBLYR-31,45.10,,,,,40,,,nasdaq,
2024-04-10,ENOFUTBLYR-32,45.10,,,,,,,,nasdaq,
2024-04-10,ENOFUTBLYR-33,45.10,,,,,,,,nasdaq,
2024-04-10,ENOFUTBLYR-34,45.10,,,,,,,,nasdaq,
2024-04-11,ENOFUTBLQ2-26,27.25,24.85,29.55,27.25,27.25,54,,,nasdaq,
2024-04-11,ENOFUTBLQ3-26,24.20,22.00,25.60,23.75,23.75,42,,,nasdaq,
2024-04-11,ENOFUTBLQ4-26,46.15,46.00,46.50,46.00,45.90,71,,,nasdaq,
2024-04-11,ENOFUTBLYR-27,41.25,41.00,41.50,41.25,40.70,829,,,nasdaq,
2024-04-11,ENOFUTBLYR-28,44.45,44.00,44.90,,,352,,,nasdaq,
2024-04-11,ENOFUTBLYR-29,44.75,44.10,46.00,,,105,,,nasdaq,
2024-04-11,ENOFUTBLYR-30,44.80,,,,,28,,,nasdaq,
2024-04-11,ENOFUTBLYR-31,45.15,,,,,40,,,nasdaq,
2024-04-11,ENOFUTBLYR-32,45.15,,,,,,,,nasdaq,
2024-04-11,ENOFUTBLYR-33,45.15,,,,,,,,nasdaq,
2024-04-11,ENOFUTBLYR-34,45.15,,,,,,,,nasdaq,
2024-04-12,ENOFUTBLQ2-26,28.25,28.00,31.25,,,57,,,nasdaq,
2024-04-12,ENOFUTBLQ3-26,25.25,23.00,28.20,,,43,,,nasdaq,
2024-04-12,ENOFUTBLQ4-26,47.18,46.15,50.00,,,72,,,nasdaq,
2024-04-12,ENOFUTBLYR-27,42.00,41.65,42.00,42.00,42.00,835,,,nasdaq,
2024-04-12,ENOFUTBLYR-28,44.90,44.30,45.50,,,352,,,nasdaq,
2024-04-12,ENOFUTBLYR-29,45.00,44.60,47.75,,,105,,,nasdaq,
2024-04-12,ENOFUTBLYR-30,45.05,,,,,28,,,nasdaq,
2024-04-12,ENOFUTBLYR-31,45.40,,,,,40,,,nasdaq,
2024-04-12,ENOFUTBLYR-32,45.40,,,,,,,,nasdaq,
2024-04-12,ENOFUTBLYR-33,45.40,,,,,,,,nasdaq,
2024-04-12,ENOFUTBLYR-34,45.40,,,,,,,,nasdaq,
2024-04-15,ENOFUTBLQ2-26,29.25,27.00,32.75,,,57,,,nasdaq,
2024-04-15,ENOFUTBLQ3-26,25.25,22.50,26.80,,,63,,,nasdaq,
2024-04-15,ENOFUTBLQ4-26,47.50,47.25,50.50,47.50,47.50,72,,,nasdaq,
2024-04-15,ENOFUTBLYR-27,42.25,41.80,42.70,,,829,,,nasdaq,
2024-04-15,ENOFUTBLYR-28,45.40,42.50,47.00,,,352,,,nasdaq,
2024-04-15,ENOFUTBLYR-29,45.50,42.50,49.00,,,105,,,nasdaq,
2024-04-15,ENOFUTBLYR-30,45.35,42.25,,,,28,,,nasdaq,
2024-04-15,ENOFUTBLYR-31,45.70,42.25,,,,40,,,nasdaq,
2024-04-15,ENOFUTBLYR-32,45.70,,,,,,,,nasdaq,
2024-04-15,ENOFUTBLYR-33,45.70,,,,,,,,nasdaq,
2024-04-15,ENOFUTBLYR-34,45.70,,,,,,,,nasdaq,
2024-04-16,ENOFUTBLQ2-26,30.00,29.85,31.00,,,57,,,nasdaq,
2024-04-16,ENOFUTBLQ3-26,26.00,25.25,29.25,,,63,,,nasdaq,
2024-04-16,ENOFUTBLQ4-26,47.50,44.50,48.40,,,80,,,nasdaq,
2024-04-16,ENOFUTBLYR-27,42.50,42.10,43.00,42.50,42.50,838,,,nasdaq,
2024-04-16,ENOFUTBLYR-28,46.00,43.40,47.00,,,352,,,nasdaq,
2024-04-16,ENOFUTBLYR-29,46.00,45.40,47.50,,,105,,,nasdaq,
2024-04-16,ENOFUTBLYR-30,45.50,,,,,28,,,nasdaq,
2024-04-16,ENOFUTBLYR-31,45.75,,,,,40,,,nasdaq,
2024-04-16,ENOFUTBLYR-32,45.75,,,,,,,,nasdaq,
2024-04-16,ENOFUTBLYR-33,45.75,,,,,,,,nasdaq,
2024-04-16,ENOFUTBLYR-34,45.75,,,,,,,,nasdaq,
2024-04-17,ENOFUTBLQ2-26,29.96,27.12,32.80,,,57,,,nasdaq,
2024-04-17,ENOFUTBLQ3-26,24.38,22.50,26.25,,,63,,,nasdaq,
2024-04-17,ENOFUTBLQ4-26,47.00,44.25,51.50,,,80,,,nasdaq,
2024-04-17,ENOFUTBLYR-27,41.70,41.30,42.10,,,848,,,nasdaq,
2024-04-17,ENOFUTBLYR-28,45.35,45.00,45.50,,,352,,,nasdaq,
2024-04-17,ENOFUTBLYR-29,45.35,41.50,47.00,,,105,,,nasdaq,
2024-04-17,ENOFUTBLYR-30,45.25,,,,,28,,,nasdaq,
2024-04-17,ENOFUTBLYR-31,45.50,,,,,40,,,nasdaq,
2024-04-17,ENOFUTBLYR-32,45.50,,,,,,,,nasdaq,
2024-04-17,ENOFUTBLYR-33,45.50,,,,,,,,nasdaq,
2024-04-17,ENOFUTBLYR-34,45.50,,,,,,,,nasdaq,
2024-04-18,ENOFUTBLQ2-26,29.50,25.95,31.00,,,57,,,nasdaq,
2024-04-18,ENOFUTBLQ3-26,24.00,21.50,27.78,,,63,,,nasdaq,
2024-04-18,ENOFUTBLQ4-26,47.50,46.50,51.00,47.50,47.50,80,,,nasdaq,
2024-04-18,ENOFUTBLYR-27,41.95,41.60,42.25,41.80,41.80,851,,,nasdaq,
2024-04-18,ENOFUTBLYR-28,45.38,44.50,46.25,,,352,,,nasdaq,
2024-04-18,ENOFUTBLYR-29,45.35,44.60,46.50,,,105,,,nasdaq,
2024-04-18,ENOFUTBLYR-30,45.25,44.75,,,,28,,,nasdaq,
2024-04-18,ENOFUTBLYR-31,45.50,44.95,,,,40,,,nasdaq,
2024-04-18,ENOFUTBLYR-32,45.50,,,,,,,,nasdaq,
2024-04-18,ENOFUTBLYR-33,45.50,,,,,,,,nasdaq,
2024-04-18,ENOFUTBLYR-34,45.50,,,,,,,,nasdaq,
2024-04-19,ENOFUTBLQ2-26,29.25,25.75,29.50,29.75,29.75,57,,,nasdaq,
2024-04-19,ENOFUTBLQ3-26,24.00,22.00,28.00,,,63,,,nasdaq,
2024-04-19,ENOFUTBLQ4-26,46.75,46.00,51.50,,,81,,,nasdaq,
2024-04-19,ENOFUTBLYR-27,41.75,41.35,41.85,,,854,,,nasdaq,
2024-04-19,ENOFUTBLYR-28,45.00,43.00,45.20,,,352,,,nasdaq,
2024-04-19,ENOFUTBLYR-29,45.40,41.40,46.50,,,105,,,nasdaq,
2024-04-19,ENOFUTBLYR-30,45.75,45.50,50.25,,,28,,,nasdaq,
2024-04-19,ENOFUTBLYR-31,46.00,,,,,40,,,nasdaq,
2024-04-19,ENOFUTBLYR-32,46.00,,,,,,,,nasdaq,
2024-04-19,ENOFUTBLYR-33,46.00,,,,,,,,nasdaq,
2024-04-19,ENOFUTBLYR-34,46.00,,,,,,,,nasdaq,
2024-04-22,ENOFUTBLQ2-26,29.13,26.50,31.75,,,59,,,nasdaq,
2024-04-22,ENOFUTBLQ3-26,23.40,22.00,27.00,,,63,,,nasdaq,
2024-04-22,ENOFUTBLQ4-26,46.25,46.00,46.75,,,81,,,nasdaq,
2024-04-22,ENOFUTBLYR-27,42.00,41.70,43.75,,,854,,,nasdaq,
2024-04-22,ENOFUTBLYR-28,45.00,44.25,47.00,,,352,,,nasdaq,
2024-04-22,ENOFUTBLYR-29,45.40,44.50,49.40,,,105,,,nasdaq,
2024-04-22,ENOFUTBLYR-30,45.75,45.00,,,,28,,,nasdaq,
2024-04-22,ENOFUTBLYR-31,46.00,,,,,40,,,nasdaq,
2024-04-22,ENOFUTBLYR-32,46.00,,,,,,,,nasdaq,
2024-04-22,ENOFUTBLYR-33,46.00,,,,,,,,nasdaq,
2024-04-22,ENOFUTBLYR-34,46.00,,,,,,,,nasdaq,
2024-04-23,ENOFUTBLQ2-26,28.50,26.90,31.35,,,59,,,nasdaq,
2024-04-23,ENOFUTBLQ3-26,22.78,21.50,26.00,,,63,,,nasdaq,
2024-04-23,ENOFUTBLQ4-26,46.00,41.50,48.25,,,84,,,nasdaq,
2024-04-23,ENOFUTBLYR-27,41.95,41.70,42.50,41.95,41.95,857,,,nasdaq,
2024-04-23,ENOFUTBLYR-28,45.00,44.75,45.25,45.00,45.00,352,,,nasdaq,
2024-04-23,ENOFUTBLYR-29,45.40,44.75,47.00,,,105,,,nasdaq,
2024-04-23,ENOFUTBLYR-30,45.75,,,,,28,,,nasdaq,
2024-04-23,ENOFUTBLYR-31,46.00,,,,,40,,,nasdaq,
2024-04-23,ENOFUTBLYR-32,46.00,,,,,,,,nasdaq,
2024-04-23,ENOFUTBLYR-33,46.00,,,,,,,,nasdaq,
2024-04-23,ENOFUTBLYR-34,46.00,,,,,,,,nasdaq,
2024-04-24,ENOFUTBLQ2-26,29.00,28.40,31.50,,,59,,,nasdaq,
2024-04-24,ENOFUTBLQ3-26,22.78,21.75,26.95,,,63,,,nasdaq,
2024-04-24,ENOFUTBLQ4-26,47.00,45.00,49.00,,,83,,,nasdaq,
2024-04-24,ENOFUTBLYR-27,42.05,41.95,42.10,,,858,,,nasdaq,
2024-04-24,ENOFUTBLYR-28,44.90,44.50,45.00,45.00,44.90,353,,,nasdaq,
2024-04-24,ENOFUTBLYR-29,45.40,44.75,49.00,,,105,,,nasdaq,
2024-04-24,ENOFUTBLYR-30,45.75,42.00,,,,28,,,nasdaq,
2024-04-24,ENOFUTBLYR-31,46.00,41.25,,,,40,,,nasdaq,
2024-04-24,ENOFUTBLYR-32,46.00,41.25,,,,,,,nasdaq,
2024-04-24,ENOFUTBLYR-33,46.00,,,,,,,,nasdaq,
2024-04-24,ENOFUTBLYR-34,46.00,,,,,,,,nasdaq,
2024-04-25,ENOFUTBLQ2-26,29.95,26.00,30.25,,,59,,,nasdaq,
2024-04-25,ENOFUTBLQ3-26,23.05,20.50,26.78,,,63,,,nasdaq,
2024-04-25,ENOFUTBLQ4-26,46.90,45.00,51.00,,,83,,,nasdaq,
2024-04-25,ENOFUTBLYR-27,42.15,41.90,42.25,,,858,,,nasdaq,
2024-04-25,ENOFUTBLYR-28,44.95,40.00,45.20,,,353,,,nasdaq,
2024-04-25,ENOFUTBLYR-29,45.40,45.00,46.75,,,105,,,nasdaq,
2024-04-25,ENOFUTBLYR-30,45.75,,,,,28,,,nasdaq,
2024-04-25,ENOFUTBLYR-31,46.00,,,,,40,,,nasdaq,
2024-04-25,ENOFUTBLYR-32,46.00,,,,,,,,nasdaq,
2024-04-25,ENOFUTBLYR-33,46.00,,,,,,,,nasdaq,
2024-04-25,ENOFUTBLYR-34,46.00,,,,,,,,nasdaq,
2024-04-26,ENOFUTBLQ2-26,29.50,25.55,29.90,30.00,30.00,59,,,nasdaq,
2024-04-26,ENOFUTBLQ3-26,23.05,21.00,27.50,,,63,,,nasdaq,
2024-04-26,ENOFUTBLQ4-26,46.00,45.00,50.90,,,84,,,nasdaq,
2024-04-26,ENOFUTBLYR-27,41.60,41.00,42.30,41.75,41.60,857,,,nasdaq,
2024-04-26,ENOFUTBLYR-28,44.90,43.80,44.90,,,353,,,nasdaq,
2024-04-26,ENOFUTBLYR-29,45.40,44.00,49.00,,,105,,,nasdaq,
2024-04-26,ENOFUTBLYR-30,45.75,45.00,,,,28,,,nasdaq,
2024-04-26,ENOFUTBLYR-31,46.00,,,,,40,,,nasdaq,
2024-04-26,ENOFUTBLYR-32,46.00,,,,,,,,nasdaq,
2024-04-26,ENOFUTBLYR-33,46.00,,,,,,,,nasdaq,
2024-04-26,ENOFUTBLYR-34,46.00,,,,,,,,nasdaq,
2024-04-29,ENOFUTBLQ2-26,28.50,28.00,32.50,,,77,,,nasdaq,
2024-04-29,ENOFUTBLQ3-26,22.25,21.00,26.10,,,63,,,nasdaq,
2024-04-29,ENOFUTBLQ4-26,45.00,43.50,49.00,,,84,,,nasdaq,
2024-04-29,ENOFUTBLYR-27,41.45,41.00,41.70,41.50,41.50,860,,,nasdaq,
2024-04-29,ENOFUTBLYR-28,44.90,43.80,46.00,,,353,,,nasdaq,
2024-04-29,ENOFUTBLYR-29,45.40,43.50,48.00,,,105,,,nasdaq,
2024-04-29,ENOFUTBLYR-30,45.75,,,,,28,,,nasdaq,
2024-04-29,ENOFUTBLYR-31,46.00,,,,,40,,,nasdaq,
2024-04-29,ENOFUTBLYR-32,46.00,,,,,,,,nasdaq,
2024-04-29,ENOFUTBLYR-33,46.00,,,,,,,,nasdaq,
2024-04-29,ENOFUTBLYR-34,46.00,,,,,,,,nasdaq,
2024-04-30,ENOFUTBLQ2-26,28.40,25.80,31.00,,,77,,,nasdaq,
2024-04-30,ENOFUTBLQ3-26,23.50,22.00,25.00,,,63,,,nasdaq,
2024-04-30,ENOFUTBLQ4-26,44.88,42.25,47.50,,,84,,,nasdaq,
2024-04-30,ENOFUTBLYR-27,41.75,41.15,42.25,,,863,,,nasdaq,
2024-04-30,ENOFUTBLYR-28,45.00,43.95,45.35,,,353,,,nasdaq,
2024-04-30,ENOFUTBLYR-29,45.40,43.75,48.50,,,105,,,nasdaq,
2024-04-30,ENOFUTBLYR-30,45.75,42.00,,,,28,,,nasdaq,
2024-04-30,ENOFUTBLYR-31,46.00,42.00,,,,40,,,nasdaq,
2024-04-30,ENOFUTBLYR-32,46.00,,,,,,,,nasdaq,
2024-04-30,ENOFUTBLYR-33,46.00,,,,,,,,nasdaq,
2024-04-30,ENOFUTBLYR-34,46.00,,,,,,,,nasdaq,
2024-05-02,ENOFUTBLQ2-26,28.70,28.51,32.55,,,77,,,nasdaq,
2024-05-02,ENOFUTBLQ3-26,24.00,22.50,27.50,,,63,,,nasdaq,
2024-05-02,ENOFUTBLQ4-26,45.04,41.18,48.90,,,84,,,nasdaq,
2024-05-02,ENOFUTBLYR-27,42.00,41.80,42.20,,,866,,,nasdaq,
2024-05-02,ENOFUTBLYR-28,45.25,44.00,45.70,,,353,,,nasdaq,
2024-05-02,ENOFUTBLYR-29,45.40,43.00,49.00,,,105,,,nasdaq,
2024-05-02,ENOFUTBLYR-30,45.75,,,,,28,,,nasdaq,
2024-05-02,ENOFUTBLYR-31,46.00,,,,,40,,,nasdaq,
2024-05-02,ENOFUTBLYR-32,46.00,,,,,,,,nasdaq,
2024-05-02,ENOFUTBLYR-33,46.00,,,,,,,,nasdaq,
2024-05-02,ENOFUTBLYR-34,46.00,,,,,,,,nasdaq,
2024-05-03,ENOFUTBLQ2-26,28.70,25.70,30.00,,,77,,,nasdaq,
2024-05-03,ENOFUTBLQ3-26,24.35,21.50,27.00,,,73,,,nasdaq,
2024-05-03,ENOFUTBLQ4-26,45.25,42.15,48.75,,,84,,,nasdaq,
2024-05-03,ENOFUTBLYR-27,42.00,41.55,42.24,,,869,,,nasdaq,
2024-05-03,ENOFUTBLYR-28,45.25,44.75,45.50,,,353,,,nasdaq,
2024-05-03,ENOFUTBLYR-29,45.40,43.50,49.00,,,105,,,nasdaq,
2024-05-03,ENOFUTBLYR-30,45.75,,,,,28,,,nasdaq,
2024-05-03,ENOFUTBLYR-31,46.00,,,,,40,,,nasdaq,
2024-05-03,ENOFUTBLYR-32,46.00,,,,,,,,nasdaq,
2024-05-03,ENOFUTBLYR-33,46.00,,,,,,,,nasdaq,
2024-05-03,ENOFUTBLYR-34,46.00,,,,,,,,nasdaq,
2024-05-06,ENOFUTBLQ2-26,28.70,26.00,30.00,,,77,,,nasdaq,
2024-05-06,ENOFUTBLQ3-26,24.50,20.35,28.35,,,73,,,nasdaq,
2024-05-06,ENOFUTBLQ4-26,45.93,42.66,49.20,,,84,,,nasdaq,
2024-05-06,ENOFUTBLYR-27,42.00,40.00,43.10,,,872,,,nasdaq,
2024-05-06,ENOFUTBLYR-28,45.25,44.80,45.50,,,353,,,nasdaq,
2024-05-06,ENOFUTBLYR-29,45.40,40.25,49.00,,,105,,,nasdaq,
2024-05-06,ENOFUTBLYR-30,45.75,42.00,,,,28,,,nasdaq,
2024-05-06,ENOFUTBLYR-31,46.00,42.00,,,,40,,,nasdaq,
2024-05-06,ENOFUTBLYR-32,46.00,,,,,,,,nasdaq,
2024-05-06,ENOFUTBLYR-33,46.00,,,,,,,,nasdaq,
2024-05-06,ENOFUTBLYR-34,46.00,,,,,,,,nasdaq,
2024-05-07,ENOFUTBLQ2-26,29.00,28.00,30.00,,,77,,,nasdaq,
2024-05-07,ENOFUTBLQ3-26,25.00,22.00,29.50,,,73,,,nasdaq,
2024-05-07,ENOFUTBLQ4-26,45.93,40.00,48.00,,,84,,,nasdaq,
2024-05-07,ENOFUTBLYR-27,42.00,41.80,42.45,41.75,41.75,875,,,nasdaq,
2024-05-07,ENOFUTBLYR-28,45.25,44.70,45.50,45.25,45.25,353,,,nasdaq,
2024-05-07,ENOFUTBLYR-29,45.40,43.75,46.25,,,105,,,nasdaq,
2024-05-07,ENOFUTBLYR-30,45.75,,,,,28,,,nasdaq,
2024-05-07,ENOFUTBLYR-31,46.00,,,,,40,,,nasdaq,
2024-05-07,ENOFUTBLYR-32,46.00,,,,,,,,nasdaq,
2024-05-07,ENOFUTBLYR-33,46.00,,,,,,,,nasdaq,
2024-05-07,ENOFUTBLYR-34,46.00,,,,,,,,nasdaq,
2024-05-08,ENOFUTBLQ2-26,28.50,25.00,30.00,,,77,,,nasdaq,
2024-05-08,ENOFUTBLQ3-26,24.50,22.50,28.00,,,73,,,nasdaq,
2024-05-08,ENOFUTBLQ4-26,45.50,42.11,45.90,,,84,,,nasdaq,
2024-05-08,ENOFUTBLYR-27,41.70,41.00,41.70,,,881,,,nasdaq,
2024-05-08,ENOFUTBLYR-28,45.00,44.25,45.15,,,353,,,nasdaq,
2024-05-08,ENOFUTBLYR-29,45.40,43.75,49.00,,,105,,,nasdaq,
2024-05-08,ENOFUTBLYR-30,45.75,,,,,28,,,nasdaq,
2024-05-08,ENOFUTBLYR-31,46.00,,,,,40,,,nasdaq,
2024-05-08,ENOFUTBLYR-32,46.00,,,,,,,,nasdaq,
2024-05-08,ENOFUTBLYR-33,46.00,,,,,,,,nasdaq,
2024-05-08,ENOFUTBLYR-34,46.00,,,,,,,,nasdaq,
2024-05-10,ENOFUTBLQ2-26,30.00,29.35,,30.00,30.00,77,,,nasdaq,
2024-05-10,ENOFUTBLQ3-26,25.00,,,,,73,,,nasdaq,
2024-05-10,ENOFUTBLQ4-26,45.75,45.00,46.50,,,84,,,nasdaq,
2024-05-10,ENOFUTBLYR-27,41.70,40.45,42.50,,,884,,,nasdaq,
2024-05-10,ENOFUTBLYR-28,45.25,45.00,45.50,,,353,,,nasdaq,
2024-05-10,ENOFUTBLYR-29,45.40,43.75,,,,105,,,nasdaq,
2024-05-10,ENOFUTBLYR-30,45.75,,,,,28,,,nasdaq,
2024-05-10,ENOFUTBLYR-31,46.00,,,,,40,,,nasdaq,
2024-05-10,ENOFUTBLYR-32,46.00,,,,,,,,nasdaq,
2024-05-10,ENOFUTBLYR-33,46.00,,,,,,,,nasdaq,
2024-05-10,ENOFUTBLYR-34,46.00,,,,,,,,nasdaq,
2024-05-13,ENOFUTBLQ2-26,29.45,29.00,,,,77,,,nasdaq,
2024-05-13,ENOFUTBLQ3-26,24.45,,,,,73,,,nasdaq,
2024-05-13,ENOFUTBLQ4-26,45.38,44.75,46.00,,,84,,,nasdaq,
2024-05-13,ENOFUTBLYR-27,41.00,40.80,41.25,41.00,41.00,884,,,nasdaq,
2024-05-13,ENOFUTBLYR-28,44.68,44.25,45.10,,,353,,,nasdaq,
2024-05-13,ENOFUTBLYR-29,45.40,44.40,46.40,,,105,,,nasdaq,
2024-05-13,ENOFUTBLYR-30,45.95,44.95,46.95,,,28,,,nasdaq,
2024-05-13,ENOFUTBLYR-31,46.00,42.00,,,,40,,,nasdaq,
2024-05-13,ENOFUTBLYR-32,46.00,,,,,,,,nasdaq,
2024-05-13,ENOFUTBLYR-33,46.00,,,,,,,,nasdaq,
2024-05-13,ENOFUTBLYR-34,46.00,,,,,,,,nasdaq,
2024-05-14,ENOFUTBLQ2-26,29.80,29.45,32.65,,,77,,,nasdaq,
2024-05-14,ENOFUTBLQ3-26,24.45,24.35,27.45,24.35,24.35,73,,,nasdaq,
2024-05-14,ENOFUTBLQ4-26,45.60,44.75,45.75,45.60,45.60,84,,,nasdaq,
2024-05-14,ENOFUTBLYR-27,41.30,41.00,41.35,,,888,,,nasdaq,
2024-05-14,ENOFUTBLYR-28,45.00,44.75,45.25,45.00,45.00,353,,,nasdaq,
2024-05-14,ENOFUTBLYR-29,45.50,44.50,46.50,,,105,,,nasdaq,
2024-05-14,ENOFUTBLYR-30,46.00,45.00,47.00,,,28,,,nasdaq,
2024-05-14,ENOFUTBLYR-31,46.00,,,,,40,,,nasdaq,
2024-05-14,ENOFUTBLYR-32,46.00,,,,,,,,nasdaq,
2024-05-14,ENOFUTBLYR-33,46.00,,,,,,,,nasdaq,
2024-05-14,ENOFUTBLYR-34,46.00,,,,,,,,nasdaq,
2024-05-15,ENOFUTBLQ2-26,29.35,26.20,32.50,,,80,,,nasdaq,
2024-05-15,ENOFUTBLQ3-26,23.95,21.65,24.10,,,77,,,nasdaq,
2024-05-15,ENOFUTBLQ4-26,45.50,45.00,48.25,,,83,,,nasdaq,
2024-05-15,ENOFUTBLYR-27,41.00,40.95,42.75,,,890,,,nasdaq,
2024-05-15,ENOFUTBLYR-28,44.85,44.70,46.00,,,353,,,nasdaq,
2024-05-15,ENOFUTBLYR-29,45.38,44.50,46.25,,,105,,,nasdaq,
2024-05-15,ENOFUTBLYR-30,46.00,45.00,47.00,,,28,,,nasdaq,
2024-05-15,ENOFUTBLYR-31,46.00,,,,,40,,,nasdaq,
2024-05-15,ENOFUTBLYR-32,46.00,,,,,,,,nasdaq,
2024-05-15,ENOFUTBLYR-33,46.00,,,,,,,,nasdaq,
2024-05-15,ENOFUTBLYR-34,46.00,,,,,,,,nasdaq,
2024-05-16,ENOFUTBLQ2-26,29.50,28.35,30.10,,,80,,,nasdaq,
2024-05-16,ENOFUTBLQ3-26,24.60,,,,,82,,,nasdaq,
2024-05-16,ENOFUTBLQ4-26,45.80,45.50,47.50,,,83,,,nasdaq,
2024-05-16,ENOFUTBLYR-27,41.50,41.10,41.50,,,889,,,nasdaq,
2024-05-16,ENOFUTBLYR-28,45.00,44.75,46.00,,,353,,,nasdaq,
2024-05-16,ENOFUTBLYR-29,45.50,44.65,46.50,,,105,,,nasdaq,
2024-05-16,ENOFUTBLYR-30,46.00,45.00,47.00,,,28,,,nasdaq,
2024-05-16,ENOFUTBLYR-31,46.00,,,,,40,,,nasdaq,
2024-05-16,ENOFUTBLYR-32,46.00,,,,,,,,nasdaq,
2024-05-16,ENOFUTBLYR-33,46.00,,,,,,,,nasdaq,
2024-05-16,ENOFUTBLYR-34,46.00,,,,,,,,nasdaq,
2024-05-21,ENOFUTBLQ2-26,31.05,30.00,34.25,30.50,30.50,80,,,nasdaq,
2024-05-21,ENOFUTBLQ3-26,26.00,23.00,29.18,,,82,,,nasdaq,
2024-05-21,ENOFUTBLQ4-26,46.75,43.25,46.75,46.75,46.75,83,,,nasdaq,
2024-05-21,ENOFUTBLYR-27,41.78,40.00,44.00,41.78,41.78,893,,,nasdaq,
2024-05-21,ENOFUTBLYR-28,45.25,44.55,46.00,,,353,,,nasdaq,
2024-05-21,ENOFUTBLYR-29,45.70,44.65,46.60,,,105,,,nasdaq,
2024-05-21,ENOFUTBLYR-30,46.15,45.10,47.10,,,28,,,nasdaq,
2024-05-21,ENOFUTBLYR-31,46.05,42.00,,,,40,,,nasdaq,
2024-05-21,ENOFUTBLYR-32,46.05,,,,,,,,nasdaq,
2024-05-21,ENOFUTBLYR-33,46.05,,,,,,,,nasdaq,
2024-05-21,ENOFUTBLYR-34,46.05,,,,,,,,nasdaq,
2024-05-22,ENOFUTBLQ2-26,31.55,27.00,34.10,,,80,,,nasdaq,
2024-05-22,ENOFUTBLQ3-26,26.50,22.00,27.00,,,82,,,nasdaq,
2024-05-22,ENOFUTBLQ4-26,47.25,42.00,48.35,,,84,,,nasdaq,
2024-05-22,ENOFUTBLYR-27,42.25,42.00,45.00,42.25,42.15,896,,,nasdaq,
2024-05-22,ENOFUTBLYR-28,45.40,44.55,45.60,,,353,,,nasdaq,
2024-05-22,ENOFUTBLYR-29,45.90,44.90,46.90,,,105,,,nasdaq,
2024-05-22,ENOFUTBLYR-30,46.25,46.00,47.25,,,28,,,nasdaq,
2024-05-22,ENOFUTBLYR-31,46.05,46.00,,,,40,,,nasdaq,
2024-05-22,ENOFUTBLYR-32,46.05,,,,,,,,nasdaq,
2024-05-22,ENOFUTBLYR-33,46.05,,,,,,,,nasdaq,
2024-05-22,ENOFUTBLYR-34,46.05,,,,,,,,nasdaq,
2024-05-23,ENOFUTBLQ2-26,31.60,30.00,33.65,,,80,,,nasdaq,
2024-05-23,ENOFUTBLQ3-26,26.60,23.33,27.25,,,82,,,nasdaq,
2024-05-23,ENOFUTBLQ4-26,47.40,44.85,48.25,,,84,,,nasdaq,
2024-05-23,ENOFUTBLYR-27,42.25,42.00,42.30,42.50,42.50,896,,,nasdaq,
2024-05-23,ENOFUTBLYR-28,45.25,45.25,45.35,45.25,45.25,353,,,nasdaq,
2024-05-23,ENOFUTBLYR-29,45.75,44.75,46.75,,,105,,,nasdaq,
2024-05-23,ENOFUTBLYR-30,46.10,45.25,47.25,,,28,,,nasdaq,
2024-05-23,ENOFUTBLYR-31,46.00,,,,,40,,,nasdaq,
2024-05-23,ENOFUTBLYR-32,46.00,,,,,,,,nasdaq,
2024-05-23,ENOFUTBLYR-33,46.00,,,,,,,,nasdaq,
2024-05-23,ENOFUTBLYR-34,46.00,,,,,,,,nasdaq,
2024-05-24,ENOFUTBLQ2-26,31.28,30.80,31.75,,,80,,,nasdaq,
2024-05-24,ENOFUTBLQ3-26,25.70,22.00,28.20,,,82,,,nasdaq,
2024-05-24,ENOFUTBLQ4-26,47.40,46.90,49.30,,,84,,,nasdaq,
2024-05-24,ENOFUTBLYR-27,41.75,40.45,42.25,,,872,,,nasdaq,
2024-05-24,ENOFUTBLYR-28,45.13,45.00,45.25,,,353,,,nasdaq,
2024-05-24,ENOFUTBLYR-29,45.75,44.75,46.75,,,105,,,nasdaq,
2024-05-24,ENOFUTBLYR-30,46.25,45.25,47.25,,,28,,,nasdaq,
2024-05-24,ENOFUTBLYR-31,46.00,45.90,,,,40,,,nasdaq,
2024-05-24,ENOFUTBLYR-32,46.00,,,,,,,,nasdaq,
2024-05-24,ENOFUTBLYR-33,46.00,,,,,,,,nasdaq,
2024-05-24,ENOFUTBLYR-34,46.00,,,,,,,,nasdaq,
2024-05-27,ENOFUTBLQ2-26,31.75,29.00,34.50,,,80,,,nasdaq,
2024-05-27,ENOFUTBLQ3-26,26.25,22.80,29.70,,,82,,,nasdaq,
2024-05-27,ENOFUTBLQ4-26,48.00,43.80,51.00,48.00,48.00,84,,,nasdaq,
2024-05-27,ENOFUTBLYR-27,41.75,41.50,43.75,,,878,,,nasdaq,
2024-05-27,ENOFUTBLYR-28,45.20,44.25,45.25,,,360,,,nasdaq,
2024-05-27,ENOFUTBLYR-29,45.75,44.75,46.75,,,105,,,nasdaq,
2024-05-27,ENOFUTBLYR-30,46.25,45.25,47.25,,,28,,,nasdaq,
2024-05-27,ENOFUTBLYR-31,46.00,,,,,40,,,nasdaq,
2024-05-27,ENOFUTBLYR-32,46.00,,,,,,,,nasdaq,
2024-05-27,ENOFUTBLYR-33,46.00,,,,,,,,nasdaq,
2024-05-27,ENOFUTBLYR-34,46.00,,,,,,,,nasdaq,
2024-05-28,ENOFUTBLQ2-26,31.10,31.00,,,,80,,,nasdaq,
2024-05-28,ENOFUTBLQ3-26,25.50,,,,,82,,,nasdaq,
2024-05-28,ENOFUTBLQ4-26,47.50,46.00,51.10,,,86,,,nasdaq,
2024-05-28,ENOFUTBLYR-27,41.70,41.55,42.50,,,878,,,nasdaq,
2024-05-28,ENOFUTBLYR-28,44.88,44.50,45.25,,,361,,,nasdaq,
2024-05-28,ENOFUTBLYR-29,45.58,44.65,46.50,,,105,,,nasdaq,
2024-05-28,ENOFUTBLYR-30,46.25,45.80,,,,28,,,nasdaq,
2024-05-28,ENOFUTBLYR-31,46.00,45.90,,,,40,,,nasdaq,
2024-05-28,ENOFUTBLYR-32,46.00,,,,,,,,nasdaq,
2024-05-28,ENOFUTBLYR-33,46.00,,,,,,,,nasdaq,
2024-05-28,ENOFUTBLYR-34,46.00,,,,,,,,nasdaq,
2024-05-29,ENOFUTBLQ2-26,32.00,29.00,33.50,34.00,34.00,80,,,nasdaq,
2024-05-29,ENOFUTBLQ3-26,25.35,22.25,28.45,,,82,,,nasdaq,
2024-05-29,ENOFUTBLQ4-26,47.00,46.00,50.50,,,86,,,nasdaq,
2024-05-29,ENOFUTBLYR-27,42.00,41.75,42.95,42.00,42.00,881,,,nasdaq,
2024-05-29,ENOFUTBLYR-28,45.05,44.90,45.20,,,361,,,nasdaq,
2024-05-29,ENOFUTBLYR-29,45.58,44.50,46.25,,,105,,,nasdaq,
2024-05-29,ENOFUTBLYR-30,46.25,45.25,47.25,,,28,,,nasdaq,
2024-05-29,ENOFUTBLYR-31,46.10,,,,,40,,,nasdaq,
2024-05-29,ENOFUTBLYR-32,46.10,,,,,,,,nasdaq,
2024-05-29,ENOFUTBLYR-33,46.05,,,,,,,,nasdaq,
2024-05-29,ENOFUTBLYR-34,46.05,,,,,,,,nasdaq,
2024-05-30,ENOFUTBLQ2-26,32.75,31.10,34.00,,,80,,,nasdaq,
2024-05-30,ENOFUTBLQ3-26,26.00,21.35,29.35,,,82,,,nasdaq,
2024-05-30,ENOFUTBLQ4-26,47.25,42.50,49.90,,,86,,,nasdaq,
2024-05-30,ENOFUTBLYR-27,42.25,41.75,42.50,,,879,,,nasdaq,
2024-05-30,ENOFUTBLYR-28,45.10,45.00,49.25,,,361,,,nasdaq,
2024-05-30,ENOFUTBLYR-29,45.60,40.75,49.75,,,105,,,nasdaq,
2024-05-30,ENOFUTBLYR-30,46.25,,,,,28,,,nasdaq,
2024-05-30,ENOFUTBLYR-31,46.10,,,,,40,,,nasdaq,
2024-05-30,ENOFUTBLYR-32,46.10,,,,,,,,nasdaq,
2024-05-30,ENOFUTBLYR-33,46.05,,,,,,,,nasdaq,
2024-05-30,ENOFUTBLYR-34,46.05,,,,,,,,nasdaq,
2024-05-31,ENOFUTBLQ2-26,32.75,28.75,36.75,,,80,,,nasdaq,
2024-05-31,ENOFUTBLQ3-26,26.00,21.00,31.00,,,82,,,nasdaq,
2024-05-31,ENOFUTBLQ4-26,47.75,47.25,50.25,47.75,47.75,86,,,nasdaq,
2024-05-31,ENOFUTBLYR-27,42.50,42.50,43.00,,,881,,,nasdaq,
2024-05-31,ENOFUTBLYR-28,45.58,45.25,45.90,,,361,,,nasdaq,
2024-05-31,ENOFUTBLYR-29,45.75,44.75,46.75,,,105,,,nasdaq,
2024-05-31,ENOFUTBLYR-30,46.25,45.25,47.25,,,28,,,nasdaq,
2024-05-31,ENOFUTBLYR-31,46.10,,,,,40,,,nasdaq,
2024-05-31,ENOFUTBLYR-32,46.10,,,,,,,,nasdaq,
2024-05-31,ENOFUTBLYR-33,46.05,,,,,,,,nasdaq,
2024-05-31,ENOFUTBLYR-34,46.05,,,,,,,,nasdaq,
2024-06-03,ENOFUTBLQ2-26,33.38,32.00,36.75,,,80,,,nasdaq,
2024-06-03,ENOFUTBLQ3-26,26.50,26.00,31.00,,,82,,,nasdaq,
2024-06-03,ENOFUTBLQ4-26,48.75,45.25,52.25,,,92,,,nasdaq,
2024-06-03,ENOFUTBLYR-27,42.75,40.00,43.20,,,883,,,nasdaq,
2024-06-03,ENOFUTBLYR-28,45.63,44.75,46.50,,,361,,,nasdaq,
2024-06-03,ENOFUTBLYR-29,45.78,44.80,46.75,,,105,,,nasdaq,
2024-06-03,ENOFUTBLYR-30,46.25,45.25,47.25,,,28,,,nasdaq,
2024-06-03,ENOFUTBLYR-31,46.10,,48.00,,,40,,,nasdaq,
2024-06-03,ENOFUTBLYR-32,46.10,,,,,,,,nasdaq,
2024-06-03,ENOFUTBLYR-33,46.05,,,,,,,,nasdaq,
2024-06-03,ENOFUTBLYR-34,46.05,,,,,,,,nasdaq,
2024-06-04,ENOFUTBLQ2-26,32.75,32.50,33.00,,,80,,,nasdaq,
2024-06-04,ENOFUTBLQ3-26,26.00,25.40,26.00,26.00,26.00,82,,,nasdaq,
2024-06-04,ENOFUTBLQ4-26,47.00,43.85,48.65,,,92,,,nasdaq,
2024-06-04,ENOFUTBLYR-27,42.50,42.00,42.55,42.55,42.55,884,,,nasdaq,
2024-06-04,ENOFUTBLYR-28,45.50,45.15,46.50,,,361,,,nasdaq,
2024-06-04,ENOFUTBLYR-29,45.75,44.75,46.75,,,105,,,nasdaq,
2024-06-04,ENOFUTBLYR-30,46.25,45.25,47.25,,,28,,,nasdaq,
2024-06-04,ENOFUTBLYR-31,46.10,,,,,40,,,nasdaq,
2024-06-04,ENOFUTBLYR-32,46.10,,,,,,,,nasdaq,
2024-06-04,ENOFUTBLYR-33,46.05,,,,,,,,nasdaq,
2024-06-04,ENOFUTBLYR-34,46.05,,,,,,,,nasdaq,
2024-06-05,ENOFUTBLQ2-26,32.65,32.50,36.75,33.00,32.65,80,,,nasdaq,
2024-06-05,ENOFUTBLQ3-26,25.30,25.00,25.60,,,82,,,nasdaq,
2024-06-05,ENOFUTBLQ4-26,47.00,45.00,51.00,,,92,,,nasdaq,
2024-06-05,ENOFUTBLYR-27,42.35,42.00,42.50,,,886,,,nasdaq,
2024-06-05,ENOFUTBLYR-28,45.38,45.25,45.50,,,362,,,nasdaq,
2024-06-05,ENOFUTBLYR-29,45.75,44.75,46.75,,,105,,,nasdaq,
2024-06-05,ENOFUTBLYR-30,46.25,45.25,47.25,,,28,,,nasdaq,
2024-06-05,ENOFUTBLYR-31,46.10,,,,,40,,,nasdaq,
2024-06-05,ENOFUTBLYR-32,46.10,,,,,,,,nasdaq,
2024-06-05,ENOFUTBLYR-33,46.05,,,,,,,,nasdaq,
2024-06-05,ENOFUTBLYR-34,46.05,,,,,,,,nasdaq,
2024-06-06,ENOFUTBLQ2-26,33.25,32.60,33.50,,,86,,,nasdaq,
2024-06-06,ENOFUTBLQ3-26,25.65,25.00,,,,82,,,nasdaq,
2024-06-06,ENOFUTBLQ4-26,47.55,47.55,47.75,47.55,47.55,92,,,nasdaq,
2024-06-06,ENOFUTBLYR-27,42.55,42.60,43.15,42.55,42.55,889,,,nasdaq,
2024-06-06,ENOFUTBLYR-28,45.68,45.10,46.25,,,362,,,nasdaq,
2024-06-06,ENOFUTBLYR-29,45.75,44.75,46.75,,,105,,,nasdaq,
2024-06-06,ENOFUTBLYR-30,46.50,45.50,47.50,,,28,,,nasdaq,
2024-06-06,ENOFUTBLYR-31,47.00,46.00,48.00,,,40,,,nasdaq,
2024-06-06,ENOFUTBLYR-32,47.25,46.25,48.25,,,,,,nasdaq,
2024-06-06,ENOFUTBLYR-33,47.75,46.75,48.75,,,,,,nasdaq,
2024-06-06,ENOFUTBLYR-34,47.75,46.75,48.75,,,,,,nasdaq,
2024-06-07,ENOFUTBLQ2-26,33.25,32.15,,,,86,,,nasdaq,
2024-06-07,ENOFUTBLQ3-26,25.65,24.65,,,,82,,,nasdaq,
2024-06-07,ENOFUTBLQ4-26,47.25,47.00,47.50,,,99,,,nasdaq,
2024-06-07,ENOFUTBLYR-27,42.45,42.10,43.10,,,891,,,nasdaq,
2024-06-07,ENOFUTBLYR-28,45.10,44.65,45.35,,,362,,,nasdaq,
2024-06-07,ENOFUTBLYR-29,45.75,44.75,46.75,,,105,,,nasdaq,
2024-06-07,ENOFUTBLYR-30,46.50,45.50,47.50,,,28,,,nasdaq,
2024-06-07,ENOFUTBLYR-31,47.00,46.00,48.00,,,40,,,nasdaq,
2024-06-07,ENOFUTBLYR-32,47.25,46.25,48.25,,,,,,nasdaq,
2024-06-07,ENOFUTBLYR-33,47.75,46.75,48.75,,,,,,nasdaq,
2024-06-07,ENOFUTBLYR-34,47.75,46.75,48.75,,,,,,nasdaq,
2024-06-10,ENOFUTBLQ2-26,33.50,32.50,,,,86,,,nasdaq,
2024-06-10,ENOFUTBLQ3-26,26.00,25.65,,,,82,,,nasdaq,
2024-06-10,ENOFUTBLQ4-26,47.50,46.25,47.75,,,99,,,nasdaq,
2024-06-10,ENOFUTBLYR-27,42.70,42.25,44.00,,,891,,,nasdaq,
2024-06-10,ENOFUTBLYR-28,45.20,,,,,364,,,nasdaq,
2024-06-10,ENOFUTBLYR-29,45.75,,,,,105,,,nasdaq,
2024-06-10,ENOFUTBLYR-30,46.50,,,,,28,,,nasdaq,
2024-06-10,ENOFUTBLYR-31,47.00,,,,,40,,,nasdaq,
2024-06-10,ENOFUTBLYR-32,47.25,,,,,,,,nasdaq,
2024-06-10,ENOFUTBLYR-33,47.75,,,,,,,,nasdaq,
2024-06-10,ENOFUTBLYR-34,47.75,,,,,,,,nasdaq,
2024-06-11,ENOFUTBLQ2-26,33.30,32.50,33.75,,,86,,,nasdaq,
2024-06-11,ENOFUTBLQ3-26,25.75,25.40,26.00,25.75,25.75,82,,,nasdaq,
2024-06-11,ENOFUTBLQ4-26,47.50,46.50,47.75,,,99,,,nasdaq,
2024-06-11,ENOFUTBLYR-27,42.70,42.85,43.10,42.70,42.70,893,,,nasdaq,
2024-06-11,ENOFUTBLYR-28,45.20,44.75,45.50,,,367,,,nasdaq,
2024-06-11,ENOFUTBLYR-29,45.75,44.75,,,,105,,,nasdaq,
2024-06-11,ENOFUTBLYR-30,46.50,,,,,28,,,nasdaq,
2024-06-11,ENOFUTBLYR-31,47.00,,,,,40,,,nasdaq,
2024-06-11,ENOFUTBLYR-32,47.25,,,,,,,,nasdaq,
2024-06-11,ENOFUTBLYR-33,47.75,,,,,,,,nasdaq,
2024-06-11,ENOFUTBLYR-34,47.75,,,,,,,,nasdaq,
2024-06-12,ENOFUTBLQ2-26,33.30,33.10,,,,86,,,nasdaq,
2024-06-12,ENOFUTBLQ3-26,26.00,25.75,,,,84,,,nasdaq,
2024-06-12,ENOFUTBLQ4-26,47.75,47.50,,47.75,47.75,104,,,nasdaq,
2024-06-12,ENOFUTBLYR-27,43.25,43.25,44.00,43.25,43.25,893,,,nasdaq,
2024-06-12,ENOFUTBLYR-28,45.38,45.00,45.75,,,367,,,nasdaq,
2024-06-12,ENOFUTBLYR-29,44.85,44.25,,,,105,,,nasdaq,
2024-06-12,ENOFUTBLYR-30,46.50,,,,,28,,,nasdaq,
2024-06-12,ENOFUTBLYR-31,47.00,,,,,40,,,nasdaq,
2024-06-12,ENOFUTBLYR-32,47.25,,,,,,,,nasdaq,
2024-06-12,ENOFUTBLYR-33,47.75,,,,,,,,nasdaq,
2024-06-12,ENOFUTBLYR-34,47.75,,,,,,,,nasdaq,
2024-06-13,ENOFUTBLQ2-26,33.40,33.40,33.75,34.00,33.40,86,,,nasdaq,
2024-06-13,ENOFUTBLQ3-26,26.50,,26.60,,,84,,,nasdaq,
2024-06-13,ENOFUTBLQ4-26,48.50,47.50,48.50,48.50,48.50,108,,,nasdaq,
2024-06-13,ENOFUTBLYR-27,43.80,43.50,43.85,44.00,44.00,893,,,nasdaq,
2024-06-13,ENOFUTBLYR-28,45.88,45.00,,,,367,,,nasdaq,
2024-06-13,ENOFUTBLYR-29,45.35,45.00,,,,105,,,nasdaq,
2024-06-13,ENOFUTBLYR-30,46.50,,,,,28,,,nasdaq,
2024-06-13,ENOFUTBLYR-31,47.00,,,,,40,,,nasdaq,
2024-06-13,ENOFUTBLYR-32,47.25,,,,,,,,nasdaq,
2024-06-13,ENOFUTBLYR-33,47.75,,,,,,,,nasdaq,
2024-06-13,ENOFUTBLYR-34,47.75,,,,,,,,nasdaq,
2024-06-14,ENOFUTBLQ2-26,33.40,33.25,,,,87,,,nasdaq,
2024-06-14,ENOFUTBLQ3-26,26.30,,,,,84,,,nasdaq,
2024-06-14,ENOFUTBLQ4-26,48.25,47.50,49.00,,,109,,,nasdaq,
2024-06-14,ENOFUTBLYR-27,43.60,43.55,44.00,43.50,43.50,904,,,nasdaq,
2024-06-14,ENOFUTBLYR-28,45.85,45.50,,45.85,45.85,367,,,nasdaq,
2024-06-14,ENOFUTBLYR-29,45.35,45.00,,,,105,,,nasdaq,
2024-06-14,ENOFUTBLYR-30,46.50,,,,,28,,,nasdaq,
2024-06-14,ENOFUTBLYR-31,47.00,,,,,40,,,nasdaq,
2024-06-14,ENOFUTBLYR-32,47.25,,,,,,,,nasdaq,
2024-06-14,ENOFUTBLYR-33,47.75,,,,,,,,nasdaq,
2024-06-14,ENOFUTBLYR-34,47.75,,,,,,,,nasdaq,
2024-06-17,ENOFUTBLQ2-26,33.10,33.05,33.35,,,87,,,nasdaq,
2024-06-17,ENOFUTBLQ3-26,25.65,25.60,,,,84,,,nasdaq,
2024-06-17,ENOFUTBLQ4-26,48.00,43.50,,,,109,,,nasdaq,
2024-06-17,ENOFUTBLYR-27,43.50,43.30,44.00,43.50,43.50,908,,,nasdaq,
2024-06-17,ENOFUTBLYR-28,45.75,44.50,,,,367,,,nasdaq,
2024-06-17,ENOFUTBLYR-29,45.30,44.85,,,,105,,,nasdaq,
2024-06-17,ENOFUTBLYR-30,46.50,42.00,,,,28,,,nasdaq,
2024-06-17,ENOFUTBLYR-31,47.00,42.00,,,,40,,,nasdaq,
2024-06-17,ENOFUTBLYR-32,47.25,,,,,,,,nasdaq,
2024-06-17,ENOFUTBLYR-33,47.75,,,,,,,,nasdaq,
2024-06-17,ENOFUTBLYR-34,47.75,,,,,,,,nasdaq,
2024-06-18,ENOFUTBLQ2-26,33.00,32.95,33.05,,,87,,,nasdaq,
2024-06-18,ENOFUTBLQ3-26,25.10,,25.50,,,84,,,nasdaq,
2024-06-18,ENOFUTBLQ4-26,48.00,,,,,110,,,nasdaq,
2024-06-18,ENOFUTBLYR-27,44.00,44.00,44.44,44.05,43.90,919,,,nasdaq,
2024-06-18,ENOFUTBLYR-28,46.10,45.00,46.25,,,367,,,nasdaq,
2024-06-18,ENOFUTBLYR-29,45.50,45.00,,,,105,,,nasdaq,
2024-06-18,ENOFUTBLYR-30,46.50,,,,,28,,,nasdaq,
2024-06-18,ENOFUTBLYR-31,47.00,,,,,40,,,nasdaq,
2024-06-18,ENOFUTBLYR-32,47.25,,,,,,,,nasdaq,
2024-06-18,ENOFUTBLYR-33,47.75,,,,,,,,nasdaq,
2024-06-18,ENOFUTBLYR-34,47.75,,,,,,,,nasdaq,
2024-06-19,ENOFUTBLQ2-26,33.63,33.50,33.75,,,90,,,nasdaq,
2024-06-19,ENOFUTBLQ3-26,25.55,25.45,,25.55,25.55,84,,,nasdaq,
2024-06-19,ENOFUTBLQ4-26,48.75,48.00,,,,110,,,nasdaq,
2024-06-19,ENOFUTBLYR-27,44.75,44.55,44.90,,,919,,,nasdaq,
2024-06-19,ENOFUTBLYR-28,46.75,46.00,47.50,,,370,,,nasdaq,
2024-06-19,ENOFUTBLYR-29,46.10,46.00,47.75,,,105,,,nasdaq,
2024-06-19,ENOFUTBLYR-30,47.00,46.50,48.50,,,28,,,nasdaq,
2024-06-19,ENOFUTBLYR-31,47.10,,,,,40,,,nasdaq,
2024-06-19,ENOFUTBLYR-32,47.25,,,,,,,,nasdaq,
2024-06-19,ENOFUTBLYR-33,47.75,,,,,,,,nasdaq,
2024-06-19,ENOFUTBLYR-34,47.75,,,,,,,,nasdaq,
2024-06-20,ENOFUTBLQ2-26,33.00,32.90,33.15,,,90,,,nasdaq,
2024-06-20,ENOFUTBLQ3-26,25.05,24.50,25.35,,,84,,,nasdaq,
2024-06-20,ENOFUTBLQ4-26,48.50,48.20,,48.50,48.50,118,,,nasdaq,
2024-06-20,ENOFUTBLYR-27,44.85,44.65,45.00,,,923,,,nasdaq,
2024-06-20,ENOFUTBLYR-28,46.75,46.65,47.50,47.00,46.75,370,,,nasdaq,
2024-06-20,ENOFUTBLYR-29,47.25,47.00,48.25,,,105,,,nasdaq,
2024-06-20,ENOFUTBLYR-30,47.15,,,,,28,,,nasdaq,
2024-06-20,ENOFUTBLYR-31,47.25,,,,,40,,,nasdaq,
2024-06-20,ENOFUTBLYR-32,47.30,,,,,,,,nasdaq,
2024-06-20,ENOFUTBLYR-33,47.80,,,,,,,,nasdaq,
2024-06-20,ENOFUTBLYR-34,47.80,,,,,,,,nasdaq,
2024-06-21,ENOFUTBLQ2-26,33.00,,33.50,,,90,,,nasdaq,
2024-06-21,ENOFUTBLQ3-26,25.05,,25.30,,,85,,,nasdaq,
2024-06-21,ENOFUTBLQ4-26,48.50,,,,,120,,,nasdaq,
2024-06-21,ENOFUTBLYR-27,44.88,44.30,45.45,,,904,,,nasdaq,
2024-06-21,ENOFUTBLYR-28,46.70,45.50,46.75,,,373,,,nasdaq,
2024-06-21,ENOFUTBLYR-29,47.20,45.00,47.25,,,105,,,nasdaq,
2024-06-21,ENOFUTBLYR-30,47.30,47.25,,,,28,,,nasdaq,
2024-06-21,ENOFUTBLYR-31,47.35,,,,,40,,,nasdaq,
2024-06-21,ENOFUTBLYR-32,47.40,,,,,,,,nasdaq,
2024-06-21,ENOFUTBLYR-33,47.90,,,,,,,,nasdaq,
2024-06-21,ENOFUTBLYR-34,47.90,,,,,,,,nasdaq,
2024-06-24,ENOFUTBLQ2-26,32.45,32.40,36.00,32.45,32.40,90,,,nasdaq,
2024-06-24,ENOFUTBLQ3-26,24.45,23.70,27.00,24.45,24.45,85,,,nasdaq,
2024-06-24,ENOFUTBLQ4-26,47.25,46.75,48.25,,,120,,,nasdaq,
2024-06-24,ENOFUTBLYR-27,44.35,44.00,44.40,,,904,,,nasdaq,
2024-06-24,ENOFUTBLYR-28,46.50,45.50,46.50,,,373,,,nasdaq,
2024-06-24,ENOFUTBLYR-29,47.00,46.00,48.00,,,105,,,nasdaq,
2024-06-24,ENOFUTBLYR-30,47.50,46.50,48.50,,,28,,,nasdaq,
2024-06-24,ENOFUTBLYR-31,47.75,47.00,48.50,,,40,,,nasdaq,
2024-06-24,ENOFUTBLYR-32,47.80,,,,,,,,nasdaq,
2024-06-24,ENOFUTBLYR-33,47.90,,,,,,,,nasdaq,
2024-06-24,ENOFUTBLYR-34,47.90,,,,,,,,nasdaq,
2024-06-25,ENOFUTBLQ2-26,32.35,32.25,32.60,32.35,32.35,102,,,nasdaq,
2024-06-25,ENOFUTBLQ3-26,23.88,23.45,24.30,,,92,,,nasdaq,
2024-06-25,ENOFUTBLQ4-26,47.30,47.25,48.00,47.50,47.50,120,,,nasdaq,
2024-06-25,ENOFUTBLYR-27,44.30,44.05,44.85,44.30,44.30,903,,,nasdaq,
2024-06-25,ENOFUTBLYR-28,46.10,46.00,47.00,,,381,,,nasdaq,
2024-06-25,ENOFUTBLYR-29,47.00,46.25,48.25,,,105,,,nasdaq,
2024-06-25,ENOFUTBLYR-30,47.50,46.75,48.75,,,28,,,nasdaq,
2024-06-25,ENOFUTBLYR-31,47.75,47.25,49.25,,,40,,,nasdaq,
2024-06-25,ENOFUTBLYR-32,47.80,,,,,,,,nasdaq,
2024-06-25,ENOFUTBLYR-33,47.90,,,,,,,,nasdaq,
2024-06-25,ENOFUTBLYR-34,47.90,,,,,,,,nasdaq,
2024-06-26,ENOFUTBLQ2-26,32.20,32.00,32.40,,,104,,,nasdaq,
2024-06-26,ENOFUTBLQ3-26,24.00,22.75,26.00,24.00,24.00,92,,,nasdaq,
2024-06-26,ENOFUTBLQ4-26,47.50,47.00,48.00,,,121,,,nasdaq,
2024-06-26,ENOFUTBLYR-27,44.25,44.10,44.50,44.77,44.15,901,,,nasdaq,
2024-06-26,ENOFUTBLYR-28,46.10,46.00,47.10,,,396,,,nasdaq,
2024-06-26,ENOFUTBLYR-29,47.00,46.00,48.00,,,117,,,nasdaq,
2024-06-26,ENOFUTBLYR-30,47.50,46.50,48.50,,,40,,,nasdaq,
2024-06-26,ENOFUTBLYR-31,47.75,,,,,40,,,nasdaq,
2024-06-26,ENOFUTBLYR-32,47.80,,,,,,,,nasdaq,
2024-06-26,ENOFUTBLYR-33,47.90,,,,,,,,nasdaq,
2024-06-26,ENOFUTBLYR-34,47.90,,,,,,,,nasdaq,
2024-06-27,ENOFUTBLQ2-26,32.10,32.00,34.20,,,104,,,nasdaq,
2024-06-27,ENOFUTBLQ3-26,23.75,23.55,26.00,,,96,,,nasdaq,
2024-06-27,ENOFUTBLQ4-26,47.50,47.25,49.50,47.50,47.50,121,,,nasdaq,
2024-06-27,ENOFUTBLYR-27,44.05,43.75,44.25,44.00,43.75,901,,,nasdaq,
2024-06-27,ENOFUTBLYR-28,46.30,46.00,47.00,46.30,46.30,396,,,nasdaq,
2024-06-27,ENOFUTBLYR-29,47.00,46.00,48.00,,,117,,,nasdaq,
2024-06-27,ENOFUTBLYR-30,47.50,46.75,48.75,,,47,,,nasdaq,
2024-06-27,ENOFUTBLYR-31,47.75,,,,,40,,,nasdaq,
2024-06-27,ENOFUTBLYR-32,47.80,,,,,,,,nasdaq,
2024-06-27,ENOFUTBLYR-33,47.90,,,,,,,,nasdaq,
2024-06-27,ENOFUTBLYR-34,47.90,,,,,,,,nasdaq,
2024-06-28,ENOFUTBLQ2-26,32.00,31.50,34.90,32.00,32.00,104,,,nasdaq,
2024-06-28,ENOFUTBLQ3-26,23.75,23.50,24.00,,,96,,,nasdaq,
2024-06-28,ENOFUTBLQ4-26,47.00,46.00,48.00,,,131,,,nasdaq,
2024-06-28,ENOFUTBLYR-27,44.00,43.80,44.20,44.00,44.00,904,,,nasdaq,
2024-06-28,ENOFUTBLYR-28,46.30,46.00,46.75,46.75,46.30,397,,,nasdaq,
2024-06-28,ENOFUTBLYR-29,47.00,46.00,48.00,,,117,,,nasdaq,
2024-06-28,ENOFUTBLYR-30,47.50,46.50,48.50,,,47,,,nasdaq,
2024-06-28,ENOFUTBLYR-31,47.75,,,,,40,,,nasdaq,
2024-06-28,ENOFUTBLYR-32,47.80,,,,,,,,nasdaq,
2024-06-28,ENOFUTBLYR-33,47.90,,,,,,,,nasdaq,
2024-06-28,ENOFUTBLYR-34,47.90,,,,,,,,nasdaq,
2024-07-01,ENOFUTBLQ2-26,32.13,29.00,35.25,,,107,,,nasdaq,
2024-07-01,ENOFUTBLQ3-26,23.00,22.00,24.00,,,96,,,nasdaq,
2024-07-01,ENOFUTBLQ4-26,47.50,47.00,51.00,,,131,,,nasdaq,
2024-07-01,ENOFUTBLYR-27,44.00,41.75,43.85,44.00,44.00,905,,,nasdaq,
2024-07-01,ENOFUTBLYR-28,46.30,42.00,50.00,,,398,,,nasdaq,
2024-07-01,ENOFUTBLYR-29,47.00,42.00,50.00,,,117,,,nasdaq,
2024-07-01,ENOFUTBLYR-30,47.50,42.00,50.00,,,47,,,nasdaq,
2024-07-01,ENOFUTBLYR-31,47.75,,,,,40,,,nasdaq,
2024-07-01,ENOFUTBLYR-32,47.80,,,,,,,,nasdaq,
2024-07-01,ENOFUTBLYR-33,47.90,,,,,,,,nasdaq,
2024-07-01,ENOFUTBLYR-34,47.90,,,,,,,,nasdaq,
2024-07-02,ENOFUTBLQ2-26,32.40,32.10,32.50,32.30,32.30,107,,,nasdaq,
2024-07-02,ENOFUTBLQ3-26,23.70,23.70,26.50,23.70,23.70,96,,,nasdaq,
2024-07-02,ENOFUTBLQ4-26,47.50,47.00,48.00,,,131,,,nasdaq,
2024-07-02,ENOFUTBLYR-27,44.00,41.00,44.50,44.00,42.50,910,,,nasdaq,
2024-07-02,ENOFUTBLYR-28,46.30,44.70,49.30,,,398,,,nasdaq,
2024-07-02,ENOFUTBLYR-29,47.00,42.50,50.00,,,117,,,nasdaq,
2024-07-02,ENOFUTBLYR-30,47.50,42.00,,,,47,,,nasdaq,
2024-07-02,ENOFUTBLYR-31,47.75,42.00,,,,40,,,nasdaq,
2024-07-02,ENOFUTBLYR-32,47.80,,,,,,,,nasdaq,
2024-07-02,ENOFUTBLYR-33,47.90,,,,,,,,nasdaq,
2024-07-02,ENOFUTBLYR-34,47.90,,,,,,,,nasdaq,
2024-07-03,ENOFUTBLQ2-26,32.40,,32.50,,,109,,,nasdaq,
2024-07-03,ENOFUTBLQ3-26,23.70,21.00,,,,98,,,nasdaq,
2024-07-03,ENOFUTBLQ4-26,47.50,47.00,,,,131,,,nasdaq,
2024-07-03,ENOFUTBLYR-27,43.50,43.00,43.75,43.50,43.50,911,,,nasdaq,
2024-07-03,ENOFUTBLYR-28,46.30,44.70,,,,398,,,nasdaq,
2024-07-03,ENOFUTBLYR-29,47.00,44.85,,,,117,,,nasdaq,
2024-07-03,ENOFUTBLYR-30,47.50,,,,,47,,,nasdaq,
2024-07-03,ENOFUTBLYR-31,47.75,,,,,40,,,nasdaq,
2024-07-03,ENOFUTBLYR-32,47.80,,,,,,,,nasdaq,
2024-07-03,ENOFUTBLYR-33,47.90,,,,,,,,nasdaq,
2024-07-03,ENOFUTBLYR-34,47.90,,,,,,,,nasdaq,
2024-07-04,ENOFUTBLQ2-26,32.08,32.00,,32.20,32.15,109,,,nasdaq,
2024-07-04,ENOFUTBLQ3-26,23.40,21.50,,,,98,,,nasdaq,
2024-07-04,ENOFUTBLQ4-26,47.35,47.00,47.70,,,131,,,nasdaq,
2024-07-04,ENOFUTBLYR-27,42.75,42.75,43.25,42.75,42.75,923,,,nasdaq,
2024-07-04,ENOFUTBLYR-28,46.30,44.72,,,,398,,,nasdaq,
2024-07-04,ENOFUTBLYR-29,47.00,44.95,,,,117,,,nasdaq,
2024-07-04,ENOFUTBLYR-30,47.50,,,,,47,,,nasdaq,
2024-07-04,ENOFUTBLYR-31,47.75,,,,,40,,,nasdaq,
2024-07-04,ENOFUTBLYR-32,47.80,,,,,,,,nasdaq,
2024-07-04,ENOFUTBLYR-33,47.90,,,,,,,,nasdaq,
2024-07-04,ENOFUTBLYR-34,47.90,,,,,,,,nasdaq,
2024-07-05,ENOFUTBLQ2-26,31.50,31.00,32.00,,,112,,,nasdaq,
2024-07-05,ENOFUTBLQ3-26,23.40,22.75,,,,98,,,nasdaq,
2024-07-05,ENOFUTBLQ4-26,47.13,47.00,,,,131,,,nasdaq,
2024-07-05,ENOFUTBLYR-27,42.65,42.60,43.20,,,925,,,nasdaq,
2024-07-05,ENOFUTBLYR-28,46.30,46.00,46.50,,,398,,,nasdaq,
2024-07-05,ENOFUTBLYR-29,47.00,44.95,,,,117,,,nasdaq,
2024-07-05,ENOFUTBLYR-30,47.50,,,,,47,,,nasdaq,
2024-07-05,ENOFUTBLYR-31,47.75,,,,,40,,,nasdaq,
2024-07-05,ENOFUTBLYR-32,47.80,,,,,,,,nasdaq,
2024-07-05,ENOFUTBLYR-33,47.90,,,,,,,,nasdaq,
2024-07-05,ENOFUTBLYR-34,47.90,,,,,,,,nasdaq,
2024-07-08,ENOFUTBLQ2-26,31.50,30.00,,,,112,,,nasdaq,
2024-07-08,ENOFUTBLQ3-26,23.40,23.00,,,,98,,,nasdaq,
2024-07-08,ENOFUTBLQ4-26,47.13,47.00,,,,131,,,nasdaq,
2024-07-08,ENOFUTBLYR-27,42.60,42.45,43.21,,,926,,,nasdaq,
2024-07-08,ENOFUTBLYR-28,46.30,46.00,46.50,,,398,,,nasdaq,
2024-07-08,ENOFUTBLYR-29,47.00,45.15,,,,117,,,nasdaq,
2024-07-08,ENOFUTBLYR-30,47.50,41.00,,,,47,,,nasdaq,
2024-07-08,ENOFUTBLYR-31,47.75,41.00,,,,40,,,nasdaq,
2024-07-08,ENOFUTBLYR-32,47.80,,,,,,,,nasdaq,
2024-07-08,ENOFUTBLYR-33,47.90,,,,,,,,nasdaq,
2024-07-08,ENOFUTBLYR-34,47.90,,,,,,,,nasdaq,
2024-07-09,ENOFUTBLQ2-26,31.50,31.25,,,,112,,,nasdaq,
2024-07-09,ENOFUTBLQ3-26,23.50,23.40,,,,98,,,nasdaq,
2024-07-09,ENOFUTBLQ4-26,47.13,,47.75,,,131,,,nasdaq,
2024-07-09,ENOFUTBLYR-27,42.75,42.60,42.95,42.75,42.75,931,,,nasdaq,
2024-07-09,ENOFUTBLYR-28,46.30,45.05,46.50,,,402,,,nasdaq,
2024-07-09,ENOFUTBLYR-29,47.00,45.15,,,,117,,,nasdaq,
2024-07-09,ENOFUTBLYR-30,47.50,,,,,47,,,nasdaq,
2024-07-09,ENOFUTBLYR-31,47.75,,,,,40,,,nasdaq,
2024-07-09,ENOFUTBLYR-32,47.80,,,,,,,,nasdaq,
2024-07-09,ENOFUTBLYR-33,47.90,,,,,,,,nasdaq,
2024-07-09,ENOFUTBLYR-34,47.90,,,,,,,,nasdaq,
2024-07-10,ENOFUTBLQ2-26,31.50,,,,,112,,,nasdaq,
2024-07-10,ENOFUTBLQ3-26,23.50,,,,,98,,,nasdaq,
2024-07-10,ENOFUTBLQ4-26,47.35,47.00,47.70,,,131,,,nasdaq,
2024-07-10,ENOFUTBLYR-27,42.75,42.50,42.99,,,934,,,nasdaq,
2024-07-10,ENOFUTBLYR-28,46.25,46.00,46.50,,,402,,,nasdaq,
2024-07-10,ENOFUTBLYR-29,47.00,,,,,117,,,nasdaq,
2024-07-10,ENOFUTBLYR-30,47.50,,,,,47,,,nasdaq,
2024-07-10,ENOFUTBLYR-31,47.75,,,,,40,,,nasdaq,
2024-07-10,ENOFUTBLYR-32,47.80,,,,,,,,nasdaq,
2024-07-10,ENOFUTBLYR-33,47.90,,,,,,,,nasdaq,
2024-07-10,ENOFUTBLYR-34,47.90,,,,,,,,nasdaq,
2024-07-11,ENOFUTBLQ2-26,32.50,31.50,,,,112,,,nasdaq,
2024-07-11,ENOFUTBLQ3-26,24.00,23.50,24.50,,,98,,,nasdaq,
2024-07-11,ENOFUTBLQ4-26,47.35,,47.70,,,131,,,nasdaq,
2024-07-11,ENOFUTBLYR-27,43.00,42.85,43.53,,,934,,,nasdaq,
2024-07-11,ENOFUTBLYR-28,46.25,,46.60,46.25,46.25,402,,,nasdaq,
2024-07-11,ENOFUTBLYR-29,47.00,45.15,,,,117,,,nasdaq,
2024-07-11,ENOFUTBLYR-30,47.50,,,,,47,,,nasdaq,
2024-07-11,ENOFUTBLYR-31,47.75,,,,,40,,,nasdaq,
2024-07-11,ENOFUTBLYR-32,47.80,,,,,,,,nasdaq,
2024-07-11,ENOFUTBLYR-33,47.90,,,,,,,,nasdaq,
2024-07-11,ENOFUTBLYR-34,47.90,,,,,,,,nasdaq,
2024-07-12,ENOFUTBLQ2-26,32.30,32.10,32.50,,,112,,,nasdaq,
2024-07-12,ENOFUTBLQ3-26,23.85,22.50,,,,98,,,nasdaq,
2024-07-12,ENOFUTBLQ4-26,47.25,47.00,47.50,47.50,47.50,131,,,nasdaq,
2024-07-12,ENOFUTBLYR-27,43.00,43.00,43.50,43.10,43.00,937,,,nasdaq,
2024-07-12,ENOFUTBLYR-28,46.25,45.77,46.95,,,405,,,nasdaq,
2024-07-12,ENOFUTBLYR-29,47.00,45.50,,,,117,,,nasdaq,
2024-07-12,ENOFUTBLYR-30,47.50,,,,,47,,,nasdaq,
2024-07-12,ENOFUTBLYR-31,47.75,,,,,40,,,nasdaq,
2024-07-12,ENOFUTBLYR-32,47.80,,,,,,,,nasdaq,
2024-07-12,ENOFUTBLYR-33,47.90,,,,,,,,nasdaq,
2024-07-12,ENOFUTBLYR-34,47.90,,,,,,,,nasdaq,
2024-07-15,ENOFUTBLQ2-26,31.80,,,,,112,,,nasdaq,
2024-07-15,ENOFUTBLQ3-26,23.35,21.50,,,,98,,,nasdaq,
2024-07-15,ENOFUTBLQ4-26,46.75,,,,,132,,,nasdaq,
2024-07-15,ENOFUTBLYR-27,42.58,42.50,43.00,42.85,42.50,938,,,nasdaq,
2024-07-15,ENOFUTBLYR-28,45.85,45.75,46.05,45.85,45.85,405,,,nasdaq,
2024-07-15,ENOFUTBLYR-29,46.90,45.12,,,,117,,,nasdaq,
2024-07-15,ENOFUTBLYR-30,47.40,46.25,,,,47,,,nasdaq,
2024-07-15,ENOFUTBLYR-31,47.65,,,,,40,,,nasdaq,
2024-07-15,ENOFUTBLYR-32,47.70,,,,,,,,nasdaq,
2024-07-15,ENOFUTBLYR-33,47.80,,,,,,,,nasdaq,
2024-07-15,ENOFUTBLYR-34,47.80,,,,,,,,nasdaq,
2024-07-16,ENOFUTBLQ2-26,32.00,,,,,112,,,nasdaq,
2024-07-16,ENOFUTBLQ3-26,23.50,22.00,,,,98,,,nasdaq,
2024-07-16,ENOFUTBLQ4-26,47.00,,,,,132,,,nasdaq,
2024-07-16,ENOFUTBLYR-27,42.60,42.65,42.85,42.80,42.60,941,,,nasdaq,
2024-07-16,ENOFUTBLYR-28,46.05,46.00,,,,406,,,nasdaq,
2024-07-16,ENOFUTBLYR-29,46.90,45.12,,,,117,,,nasdaq,
2024-07-16,ENOFUTBLYR-30,47.40,,,,,47,,,nasdaq,
2024-07-16,ENOFUTBLYR-31,47.65,,,,,40,,,nasdaq,
2024-07-16,ENOFUTBLYR-32,47.70,,,,,,,,nasdaq,
2024-07-16,ENOFUTBLYR-33,47.80,,,,,,,,nasdaq,
2024-07-16,ENOFUTBLYR-34,47.80,,,,,,,,nasdaq,
2024-07-17,ENOFUTBLQ2-26,32.45,,,,,112,,,nasdaq,
2024-07-17,ENOFUTBLQ3-26,23.95,22.00,,,,98,,,nasdaq,
2024-07-17,ENOFUTBLQ4-26,47.45,47.00,,,,132,,,nasdaq,
2024-07-17,ENOFUTBLYR-27,42.70,42.70,43.05,42.70,42.65,945,,,nasdaq,
2024-07-17,ENOFUTBLYR-28,46.13,45.75,46.50,,,406,,,nasdaq,
2024-07-17,ENOFUTBLYR-29,46.90,45.12,,,,117,,,nasdaq,
2024-07-17,ENOFUTBLYR-30,47.40,47.00,,,,47,,,nasdaq,
2024-07-17,ENOFUTBLYR-31,47.65,,,,,40,,,nasdaq,
2024-07-17,ENOFUTBLYR-32,47.70,,,,,,,,nasdaq,
2024-07-17,ENOFUTBLYR-33,47.80,,,,,,,,nasdaq,
2024-07-17,ENOFUTBLYR-34,47.80,,,,,,,,nasdaq,
2024-07-18,ENOFUTBLQ2-26,32.20,,,,,112,,,nasdaq,
2024-07-18,ENOFUTBLQ3-26,23.95,23.70,,,,98,,,nasdaq,
2024-07-18,ENOFUTBLQ4-26,47.50,47.45,,,,132,,,nasdaq,
2024-07-18,ENOFUTBLYR-27,42.90,42.70,43.10,,,949,,,nasdaq,
2024-07-18,ENOFUTBLYR-28,46.25,46.00,46.25,46.25,46.25,406,,,nasdaq,
2024-07-18,ENOFUTBLYR-29,46.90,,,,,117,,,nasdaq,
2024-07-18,ENOFUTBLYR-30,47.40,46.25,,,,47,,,nasdaq,
2024-07-18,ENOFUTBLYR-31,47.65,,,,,40,,,nasdaq,
2024-07-18,ENOFUTBLYR-32,47.70,,,,,,,,nasdaq,
2024-07-18,ENOFUTBLYR-33,47.80,,,,,,,,nasdaq,
2024-07-18,ENOFUTBLYR-34,47.80,,,,,,,,nasdaq,
2024-07-19,ENOFUTBLQ2-26,32.20,31.75,,,,112,,,nasdaq,
2024-07-19,ENOFUTBLQ3-26,23.95,23.70,,,,98,,,nasdaq,
2024-07-19,ENOFUTBLQ4-26,47.50,,,,,132,,,nasdaq,
2024-07-19,ENOFUTBLYR-27,42.75,42.75,43.00,42.75,42.75,950,,,nasdaq,
2024-07-19,ENOFUTBLYR-28,46.25,46.00,,,,410,,,nasdaq,
2024-07-19,ENOFUTBLYR-29,46.90,45.12,,,,117,,,nasdaq,
2024-07-19,ENOFUTBLYR-30,47.40,,,,,47,,,nasdaq,
2024-07-19,ENOFUTBLYR-31,47.65,,,,,40,,,nasdaq,
2024-07-19,ENOFUTBLYR-32,47.70,,,,,,,,nasdaq,
2024-07-19,ENOFUTBLYR-33,47.80,,,,,,,,nasdaq,
2024-07-19,ENOFUTBLYR-34,47.80,,,,,,,,nasdaq,
2024-07-22,ENOFUTBLQ2-26,31.60,27.50,36.20,,,112,,,nasdaq,
2024-07-22,ENOFUTBLQ3-26,23.45,23.25,28.32,,,98,,,nasdaq,
2024-07-22,ENOFUTBLQ4-26,47.75,43.50,51.35,,,132,,,nasdaq,
2024-07-22,ENOFUTBLYR-27,42.50,42.30,42.70,42.50,42.50,954,,,nasdaq,
2024-07-22,ENOFUTBLYR-28,45.85,44.75,46.00,46.00,45.85,410,,,nasdaq,
2024-07-22,ENOFUTBLYR-29,46.80,45.12,49.50,,,117,,,nasdaq,
2024-07-22,ENOFUTBLYR-30,47.40,44.00,,,,47,,,nasdaq,
2024-07-22,ENOFUTBLYR-31,47.65,44.00,,,,40,,,nasdaq,
2024-07-22,ENOFUTBLYR-32,47.70,,,,,,,,nasdaq,
2024-07-22,ENOFUTBLYR-33,47.80,,,,,,,,nasdaq,
2024-07-22,ENOFUTBLYR-34,47.80,,,,,,,,nasdaq,
2024-07-23,ENOFUTBLQ2-26,30.95,27.30,34.60,,,112,,,nasdaq,
2024-07-23,ENOFUTBLQ3-26,24.45,23.15,26.45,,,98,,,nasdaq,
2024-07-23,ENOFUTBLQ4-26,47.25,44.00,49.00,,,132,,,nasdaq,
2024-07-23,ENOFUTBLYR-27,42.30,41.90,43.25,,,957,,,nasdaq,
2024-07-23,ENOFUTBLYR-28,45.85,45.00,46.00,,,414,,,nasdaq,
2024-07-23,ENOFUTBLYR-29,46.80,45.12,49.35,,,117,,,nasdaq,
2024-07-23,ENOFUTBLYR-30,47.40,,,,,47,,,nasdaq,
2024-07-23,ENOFUTBLYR-31,47.65,,,,,40,,,nasdaq,
2024-07-23,ENOFUTBLYR-32,47.70,,,,,,,,nasdaq,
2024-07-23,ENOFUTBLYR-33,47.80,,,,,,,,nasdaq,
2024-07-23,ENOFUTBLYR-34,47.80,,,,,,,,nasdaq,
2024-07-24,ENOFUTBLQ2-26,31.58,29.15,34.00,,,112,,,nasdaq,
2024-07-24,ENOFUTBLQ3-26,24.00,22.95,28.00,,,98,,,nasdaq,
2024-07-24,ENOFUTBLQ4-26,47.50,45.00,50.00,,,132,,,nasdaq,
2024-07-24,ENOFUTBLYR-27,42.30,42.30,42.45,42.30,42.30,959,,,nasdaq,
2024-07-24,ENOFUTBLYR-28,45.85,45.00,46.00,,,414,,,nasdaq,
2024-07-24,ENOFUTBLYR-29,46.80,45.12,49.65,,,117,,,nasdaq,
2024-07-24,ENOFUTBLYR-30,47.40,,,,,47,,,nasdaq,
2024-07-24,ENOFUTBLYR-31,47.65,,,,,40,,,nasdaq,
2024-07-24,ENOFUTBLYR-32,47.70,,,,,,,,nasdaq,
2024-07-24,ENOFUTBLYR-33,47.80,,,,,,,,nasdaq,
2024-07-24,ENOFUTBLYR-34,47.80,,,,,,,,nasdaq,
2024-07-25,ENOFUTBLQ2-26,31.50,28.50,34.50,,,112,,,nasdaq,
2024-07-25,ENOFUTBLQ3-26,24.00,22.75,27.50,,,99,,,nasdaq,
2024-07-25,ENOFUTBLQ4-26,47.35,45.50,50.00,,,132,,,nasdaq,
2024-07-25,ENOFUTBLYR-27,42.25,41.95,44.50,,,962,,,nasdaq,
2024-07-25,ENOFUTBLYR-28,45.85,45.40,46.10,,,414,,,nasdaq,
2024-07-25,ENOFUTBLYR-29,46.80,41.75,49.95,,,117,,,nasdaq,
2024-07-25,ENOFUTBLYR-30,47.40,,,,,47,,,nasdaq,
2024-07-25,ENOFUTBLYR-31,47.65,,,,,40,,,nasdaq,
2024-07-25,ENOFUTBLYR-32,47.70,,,,,,,,nasdaq,
2024-07-25,ENOFUTBLYR-33,47.80,,,,,,,,nasdaq,
2024-07-25,ENOFUTBLYR-34,47.80,,,,,,,,nasdaq,
2024-07-26,ENOFUTBLQ2-26,31.50,28.00,35.00,,,112,,,nasdaq,
2024-07-26,ENOFUTBLQ3-26,24.40,24.00,27.80,,,99,,,nasdaq,
2024-07-26,ENOFUTBLQ4-26,47.35,45.00,50.00,,,132,,,nasdaq,
2024-07-26,ENOFUTBLYR-27,42.30,41.25,43.85,,,964,,,nasdaq,
2024-07-26,ENOFUTBLYR-28,45.85,44.65,46.75,,,414,,,nasdaq,
2024-07-26,ENOFUTBLYR-29,46.80,45.12,49.25,,,117,,,nasdaq,
2024-07-26,ENOFUTBLYR-30,47.40,,,,,47,,,nasdaq,
2024-07-26,ENOFUTBLYR-31,47.65,,,,,40,,,nasdaq,
2024-07-26,ENOFUTBLYR-32,47.70,,,,,,,,nasdaq,
2024-07-26,ENOFUTBLYR-33,47.80,,,,,,,,nasdaq,
2024-07-26,ENOFUTBLYR-34,47.80,,,,,,,,nasdaq,
2024-07-29,ENOFUTBLQ2-26,30.68,27.10,34.25,,,112,,,nasdaq,
2024-07-29,ENOFUTBLQ3-26,24.05,23.50,27.00,,,99,,,nasdaq,
2024-07-29,ENOFUTBLQ4-26,46.85,45.00,50.00,,,132,,,nasdaq,
2024-07-29,ENOFUTBLYR-27,42.00,41.00,42.40,42.00,42.00,968,,,nasdaq,
2024-07-29,ENOFUTBLYR-28,45.75,41.85,46.40,,,414,,,nasdaq,
2024-07-29,ENOFUTBLYR-29,46.80,42.00,49.00,,,117,,,nasdaq,
2024-07-29,ENOFUTBLYR-30,47.40,44.00,,,,47,,,nasdaq,
2024-07-29,ENOFUTBLYR-31,47.65,44.00,,,,40,,,nasdaq,
2024-07-29,ENOFUTBLYR-32,47.70,,,,,,,,nasdaq,
2024-07-29,ENOFUTBLYR-33,47.80,,,,,,,,nasdaq,
2024-07-29,ENOFUTBLYR-34,47.80,,,,,,,,nasdaq,
2024-07-30,ENOFUTBLQ2-26,30.15,27.60,33.60,,,112,,,nasdaq,
2024-07-30,ENOFUTBLQ3-26,24.05,23.00,27.05,,,99,,,nasdaq,
2024-07-30,ENOFUTBLQ4-26,46.80,45.00,49.00,,,132,,,nasdaq,
2024-07-30,ENOFUTBLYR-27,41.50,41.50,43.85,41.50,41.50,970,,,nasdaq,
2024-07-30,ENOFUTBLYR-28,45.45,40.50,44.85,,,415,,,nasdaq,
2024-07-30,ENOFUTBLYR-29,46.80,40.50,49.80,,,117,,,nasdaq,
2024-07-30,ENOFUTBLYR-30,47.40,,,,,47,,,nasdaq,
2024-07-30,ENOFUTBLYR-31,47.65,,,,,40,,,nasdaq,
2024-07-30,ENOFUTBLYR-32,47.70,,,,,,,,nasdaq,
2024-07-30,ENOFUTBLYR-33,47.80,,,,,,,,nasdaq,
2024-07-30,ENOFUTBLYR-34,47.80,,,,,,,,nasdaq,
2024-07-31,ENOFUTBLQ2-26,30.88,27.60,34.15,,,112,,,nasdaq,
2024-07-31,ENOFUTBLQ3-26,24.30,22.80,25.80,27.55,27.55,99,,,nasdaq,
2024-07-31,ENOFUTBLQ4-26,46.50,45.00,48.00,,,134,,,nasdaq,
2024-07-31,ENOFUTBLYR-27,41.75,41.00,43.50,,,973,,,nasdaq,
2024-07-31,ENOFUTBLYR-28,45.60,43.45,48.75,,,415,,,nasdaq,
2024-07-31,ENOFUTBLYR-29,46.80,45.12,49.25,,,117,,,nasdaq,
2024-07-31,ENOFUTBLYR-30,47.40,,,,,47,,,nasdaq,
2024-07-31,ENOFUTBLYR-31,47.65,,,,,40,,,nasdaq,
2024-07-31,ENOFUTBLYR-32,47.70,,,,,,,,nasdaq,
2024-07-31,ENOFUTBLYR-33,47.80,,,,,,,,nasdaq,
2024-07-31,ENOFUTBLYR-34,47.80,,,,,,,,nasdaq,
2024-08-01,ENOFUTBLQ2-26,31.13,27.75,34.60,,,112,,,nasdaq,
2024-08-01,ENOFUTBLQ3-26,24.55,22.80,27.30,,,99,,,nasdaq,
2024-08-01,ENOFUTBLQ4-26,46.75,45.00,50.00,,,134,,,nasdaq,
2024-08-01,ENOFUTBLYR-27,41.85,41.75,42.50,,,975,,,nasdaq,
2024-08-01,ENOFUTBLYR-28,45.60,41.50,49.60,,,415,,,nasdaq,
2024-08-01,ENOFUTBLYR-29,46.80,41.75,50.00,,,117,,,nasdaq,
2024-08-01,ENOFUTBLYR-30,47.40,,,,,47,,,nasdaq,
2024-08-01,ENOFUTBLYR-31,47.65,,,,,40,,,nasdaq,
2024-08-01,ENOFUTBLYR-32,47.70,,,,,,,,nasdaq,
2024-08-01,ENOFUTBLYR-33,47.80,,,,,,,,nasdaq,
2024-08-01,ENOFUTBLYR-34,47.80,,,,,,,,nasdaq,
2024-08-02,ENOFUTBLQ2-26,31.43,31.00,35.00,,,112,,,nasdaq,
2024-08-02,ENOFUTBLQ3-26,24.55,24.00,27.50,,,99,,,nasdaq,
2024-08-02,ENOFUTBLQ4-26,46.88,45.00,50.50,,,134,,,nasdaq,
2024-08-02,ENOFUTBLYR-27,41.90,41.50,43.75,,,989,,,nasdaq,
2024-08-02,ENOFUTBLYR-28,45.95,41.60,45.95,,,415,,,nasdaq,
2024-08-02,ENOFUTBLYR-29,46.80,46.00,49.80,,,117,,,nasdaq,
2024-08-02,ENOFUTBLYR-30,47.40,,,,,47,,,nasdaq,
2024-08-02,ENOFUTBLYR-31,47.65,,,,,40,,,nasdaq,
2024-08-02,ENOFUTBLYR-32,47.70,,,,,,,,nasdaq,
2024-08-02,ENOFUTBLYR-33,47.80,,,,,,,,nasdaq,
2024-08-02,ENOFUTBLYR-34,47.80,,,,,,,,nasdaq,
2024-08-05,ENOFUTBLQ2-26,30.80,28.00,31.00,,,112,,,nasdaq,
2024-08-05,ENOFUTBLQ3-26,23.90,22.50,24.25,,,99,,,nasdaq,
2024-08-05,ENOFUTBLQ4-26,46.40,45.00,46.75,,,134,,,nasdaq,
2024-08-05,ENOFUTBLYR-27,41.25,41.25,42.25,41.25,41.25,991,,,nasdaq,
2024-08-05,ENOFUTBLYR-28,45.85,43.75,45.85,,,415,,,nasdaq,
2024-08-05,ENOFUTBLYR-29,46.80,43.90,49.25,,,117,,,nasdaq,
2024-08-05,ENOFUTBLYR-30,47.40,44.00,,,,47,,,nasdaq,
2024-08-05,ENOFUTBLYR-31,47.65,44.00,,,,40,,,nasdaq,
2024-08-05,ENOFUTBLYR-32,47.70,,,,,,,,nasdaq,
2024-08-05,ENOFUTBLYR-33,47.80,,,,,,,,nasdaq,
2024-08-05,ENOFUTBLYR-34,47.80,,,,,,,,nasdaq,
2024-08-06,ENOFUTBLQ2-26,30.80,27.50,31.45,,,112,,,nasdaq,
2024-08-06,ENOFUTBLQ3-26,23.90,21.10,24.45,,,99,,,nasdaq,
2024-08-06,ENOFUTBLQ4-26,46.70,43.85,47.20,,,134,,,nasdaq,
2024-08-06,ENOFUTBLYR-27,41.55,41.40,42.00,,,996,,,nasdaq,
2024-08-06,ENOFUTBLYR-28,45.85,42.25,47.00,,,415,,,nasdaq,
2024-08-06,ENOFUTBLYR-29,46.80,43.25,49.80,,,117,,,nasdaq,
2024-08-06,ENOFUTBLYR-30,47.40,,,,,47,,,nasdaq,
2024-08-06,ENOFUTBLYR-31,47.65,,,,,40,,,nasdaq,
2024-08-06,ENOFUTBLYR-32,47.70,,,,,,,,nasdaq,
2024-08-06,ENOFUTBLYR-33,47.80,,,,,,,,nasdaq,
2024-08-06,ENOFUTBLYR-34,47.80,,,,,,,,nasdaq,
2024-08-07,ENOFUTBLQ2-26,29.98,29.00,30.95,,,112,,,nasdaq,
2024-08-07,ENOFUTBLQ3-26,24.30,22.50,27.55,,,99,,,nasdaq,
2024-08-07,ENOFUTBLQ4-26,46.50,43.00,50.00,,,136,,,nasdaq,
2024-08-07,ENOFUTBLYR-27,41.50,41.50,43.00,41.50,41.50,998,,,nasdaq,
2024-08-07,ENOFUTBLYR-28,46.00,44.00,48.00,,,415,,,nasdaq,
2024-08-07,ENOFUTBLYR-29,46.90,44.00,49.80,,,117,,,nasdaq,
2024-08-07,ENOFUTBLYR-30,47.40,,,,,47,,,nasdaq,
2024-08-07,ENOFUTBLYR-31,47.65,,,,,40,,,nasdaq,
2024-08-07,ENOFUTBLYR-32,47.70,,,,,,,,nasdaq,
2024-08-07,ENOFUTBLYR-33,47.80,,,,,,,,nasdaq,
2024-08-07,ENOFUTBLYR-34,47.80,,,,,,,,nasdaq,
2024-08-08,ENOFUTBLQ2-26,31.00,30.75,32.90,31.00,30.75,112,,,nasdaq,
2024-08-08,ENOFUTBLQ3-26,25.50,22.00,28.30,,,101,,,nasdaq,
2024-08-08,ENOFUTBLQ4-26,47.15,43.25,50.50,47.15,47.15,136,,,nasdaq,
2024-08-08,ENOFUTBLYR-27,42.00,41.55,43.00,41.50,41.50,1002,,,nasdaq,
2024-08-08,ENOFUTBLYR-28,46.50,44.00,49.00,,,415,,,nasdaq,
2024-08-08,ENOFUTBLYR-29,47.25,44.00,49.50,,,117,,,nasdaq,
2024-08-08,ENOFUTBLYR-30,47.60,,,,,47,,,nasdaq,
2024-08-08,ENOFUTBLYR-31,47.75,,,,,40,,,nasdaq,
2024-08-08,ENOFUTBLYR-32,47.80,,,,,,,,nasdaq,
2024-08-08,ENOFUTBLYR-33,47.90,,,,,,,,nasdaq,
2024-08-08,ENOFUTBLYR-34,47.90,,,,,,,,nasdaq,
2024-08-09,ENOFUTBLQ2-26,31.60,,,,,112,,,nasdaq,
2024-08-09,ENOFUTBLQ3-26,26.00,25.00,26.20,,,101,,,nasdaq,
2024-08-09,ENOFUTBLQ4-26,47.70,47.00,48.20,,,136,,,nasdaq,
2024-08-09,ENOFUTBLYR-27,42.25,41.75,44.00,,,1010,,,nasdaq,
2024-08-09,ENOFUTBLYR-28,46.75,,,,,415,,,nasdaq,
2024-08-09,ENOFUTBLYR-29,47.35,,,,,117,,,nasdaq,
2024-08-09,ENOFUTBLYR-30,47.60,,,,,47,,,nasdaq,
2024-08-09,ENOFUTBLYR-31,47.75,,,,,40,,,nasdaq,
2024-08-09,ENOFUTBLYR-32,47.80,,,,,,,,nasdaq,
2024-08-09,ENOFUTBLYR-33,47.90,,,,,,,,nasdaq,
2024-08-09,ENOFUTBLYR-34,47.90,,,,,,,,nasdaq,
2024-08-12,ENOFUTBLQ2-26,31.95,31.60,32.30,,,115,,,nasdaq,
2024-08-12,ENOFUTBLQ3-26,26.35,22.45,29.00,,,101,,,nasdaq,
2024-08-12,ENOFUTBLQ4-26,47.83,44.45,51.00,,,136,,,nasdaq,
2024-08-12,ENOFUTBLYR-27,42.70,42.35,43.25,42.50,42.50,1012,,,nasdaq,
2024-08-12,ENOFUTBLYR-28,46.75,44.00,49.75,,,415,,,nasdaq,
2024-08-12,ENOFUTBLYR-29,47.35,44.25,50.35,,,117,,,nasdaq,
2024-08-12,ENOFUTBLYR-30,47.60,42.00,,,,47,,,nasdaq,
2024-08-12,ENOFUTBLYR-31,47.75,42.00,,,,40,,,nasdaq,
2024-08-12,ENOFUTBLYR-32,47.80,,,,,,,,nasdaq,
2024-08-12,ENOFUTBLYR-33,47.90,,,,,,,,nasdaq,
2024-08-12,ENOFUTBLYR-34,47.90,,,,,,,,nasdaq,
2024-08-13,ENOFUTBLQ2-26,31.80,31.55,35.00,31.80,31.80,115,,,nasdaq,
2024-08-13,ENOFUTBLQ3-26,25.53,24.00,26.05,,,101,,,nasdaq,
2024-08-13,ENOFUTBLQ4-26,47.50,46.00,48.05,,,136,,,nasdaq,
2024-08-13,ENOFUTBLYR-27,42.50,41.50,43.00,42.50,42.50,1016,,,nasdaq,
2024-08-13,ENOFUTBLYR-28,46.75,42.75,49.75,,,415,,,nasdaq,
2024-08-13,ENOFUTBLYR-29,47.35,43.35,50.00,,,117,,,nasdaq,
2024-08-13,ENOFUTBLYR-30,47.60,,,,,47,,,nasdaq,
2024-08-13,ENOFUTBLYR-31,47.75,,,,,40,,,nasdaq,
2024-08-13,ENOFUTBLYR-32,47.80,,,,,,,,nasdaq,
2024-08-13,ENOFUTBLYR-33,47.90,,,,,,,,nasdaq,
2024-08-13,ENOFUTBLYR-34,47.90,,,,,,,,nasdaq,
2024-08-14,ENOFUTBLQ2-26,32.05,31.90,32.20,,,128,,,nasdaq,
2024-08-14,ENOFUTBLQ3-26,25.53,24.50,25.90,,,101,,,nasdaq,
2024-08-14,ENOFUTBLQ4-26,47.50,47.00,47.75,,,136,,,nasdaq,
2024-08-14,ENOFUTBLYR-27,42.80,42.55,44.00,42.85,42.85,1016,,,nasdaq,
2024-08-14,ENOFUTBLYR-28,46.75,44.50,47.00,,,415,,,nasdaq,
2024-08-14,ENOFUTBLYR-29,47.35,,,,,117,,,nasdaq,
2024-08-14,ENOFUTBLYR-30,47.60,,,,,47,,,nasdaq,
2024-08-14,ENOFUTBLYR-31,47.75,,,,,40,,,nasdaq,
2024-08-14,ENOFUTBLYR-32,47.80,,,,,,,,nasdaq,
2024-08-14,ENOFUTBLYR-33,47.90,,,,,,,,nasdaq,
2024-08-14,ENOFUTBLYR-34,47.90,,,,,,,,nasdaq,
2024-08-15,ENOFUTBLQ2-26,32.05,31.40,35.05,,,128,,,nasdaq,
2024-08-15,ENOFUTBLQ3-26,25.50,25.25,25.60,25.50,25.50,101,,,nasdaq,
2024-08-15,ENOFUTBLQ4-26,47.35,47.35,50.50,47.35,47.35,136,,,nasdaq,
2024-08-15,ENOFUTBLYR-27,42.85,42.75,42.95,,,1016,,,nasdaq,
2024-08-15,ENOFUTBLYR-28,46.75,45.50,47.95,,,415,,,nasdaq,
2024-08-15,ENOFUTBLYR-29,47.35,45.35,50.35,,,117,,,nasdaq,
2024-08-15,ENOFUTBLYR-30,47.60,,,,,47,,,nasdaq,
2024-08-15,ENOFUTBLYR-31,47.75,,,,,40,,,nasdaq,
2024-08-15,ENOFUTBLYR-32,47.80,,,,,,,,nasdaq,
2024-08-15,ENOFUTBLYR-33,47.90,,,,,,,,nasdaq,
2024-08-15,ENOFUTBLYR-34,47.90,,,,,,,,nasdaq,
2024-08-16,ENOFUTBLQ2-26,32.05,31.10,35.00,,,128,,,nasdaq,
2024-08-16,ENOFUTBLQ3-26,25.48,25.35,25.60,,,105,,,nasdaq,
2024-08-16,ENOFUTBLQ4-26,47.50,47.25,47.75,,,136,,,nasdaq,
2024-08-16,ENOFUTBLYR-27,42.85,42.70,42.85,,,1020,,,nasdaq,
2024-08-16,ENOFUTBLYR-28,46.75,45.00,48.50,,,418,,,nasdaq,
2024-08-16,ENOFUTBLYR-29,47.35,,,,,117,,,nasdaq,
2024-08-16,ENOFUTBLYR-30,47.60,,,,,47,,,nasdaq,
2024-08-16,ENOFUTBLYR-31,47.75,,,,,40,,,nasdaq,
2024-08-16,ENOFUTBLYR-32,47.80,,,,,,,,nasdaq,
2024-08-16,ENOFUTBLYR-33,47.90,,,,,,,,nasdaq,
2024-08-16,ENOFUTBLYR-34,47.90,,,,,,,,nasdaq,
2024-08-19,ENOFUTBLQ2-26,32.30,32.00,32.55,,,128,,,nasdaq,
2024-08-19,ENOFUTBLQ3-26,25.60,21.00,26.20,25.60,25.60,105,,,nasdaq,
2024-08-19,ENOFUTBLQ4-26,47.63,47.20,48.05,,,136,,,nasdaq,
2024-08-19,ENOFUTBLYR-27,42.90,42.80,43.50,43.10,42.90,996,,,nasdaq,
2024-08-19,ENOFUTBLYR-28,46.75,45.00,47.45,,,418,,,nasdaq,
2024-08-19,ENOFUTBLYR-29,47.35,45.10,,,,117,,,nasdaq,
2024-08-19,ENOFUTBLYR-30,47.60,45.00,,,,47,,,nasdaq,
2024-08-19,ENOFUTBLYR-31,47.75,45.00,,,,40,,,nasdaq,
2024-08-19,ENOFUTBLYR-32,47.80,,,,,,,,nasdaq,
2024-08-19,ENOFUTBLYR-33,47.90,,,,,,,,nasdaq,
2024-08-19,ENOFUTBLYR-34,47.90,,,,,,,,nasdaq,
2024-08-20,ENOFUTBLQ2-26,32.08,32.00,32.25,,,128,,,nasdaq,
2024-08-20,ENOFUTBLQ3-26,25.50,24.25,25.80,25.50,25.50,109,,,nasdaq,
2024-08-20,ENOFUTBLQ4-26,47.50,47.05,47.95,,,136,,,nasdaq,
2024-08-20,ENOFUTBLYR-27,42.90,42.85,43.50,43.00,43.00,1002,,,nasdaq,
2024-08-20,ENOFUTBLYR-28,46.85,,46.95,,,418,,,nasdaq,
2024-08-20,ENOFUTBLYR-29,47.50,,,,,117,,,nasdaq,
2024-08-20,ENOFUTBLYR-30,47.60,,,,,47,,,nasdaq,
2024-08-20,ENOFUTBLYR-31,47.75,,,,,40,,,nasdaq,
2024-08-20,ENOFUTBLYR-32,47.80,,,,,,,,nasdaq,
2024-08-20,ENOFUTBLYR-33,47.90,,,,,,,,nasdaq,
2024-08-20,ENOFUTBLYR-34,47.90,,,,,,,,nasdaq,
2024-08-21,ENOFUTBLQ2-26,32.00,32.00,32.10,32.00,32.00,128,,,nasdaq,
2024-08-21,ENOFUTBLQ3-26,25.40,25.00,,25.50,25.40,109,,,nasdaq,
2024-08-21,ENOFUTBLQ4-26,47.35,43.00,52.00,,,136,,,nasdaq,
2024-08-21,ENOFUTBLYR-27,42.90,42.80,43.25,,,1009,,,nasdaq,
2024-08-21,ENOFUTBLYR-28,46.80,,49.00,,,420,,,nasdaq,
2024-08-21,ENOFUTBLYR-29,47.50,,,,,120,,,nasdaq,
2024-08-21,ENOFUTBLYR-30,47.60,,,,,47,,,nasdaq,
2024-08-21,ENOFUTBLYR-31,47.75,,,,,40,,,nasdaq,
2024-08-21,ENOFUTBLYR-32,47.80,,,,,,,,nasdaq,
2024-08-21,ENOFUTBLYR-33,47.90,,,,,,,,nasdaq,
2024-08-21,ENOFUTBLYR-34,47.90,,,,,,,,nasdaq,
2024-08-22,ENOFUTBLQ2-26,31.50,31.25,32.00,31.50,31.50,131,,,nasdaq,
2024-08-22,ENOFUTBLQ3-26,25.15,22.40,25.20,,,121,,,nasdaq,
2024-08-22,ENOFUTBLQ4-26,47.15,44.35,50.00,47.15,47.15,136,,,nasdaq,
2024-08-22,ENOFUTBLYR-27,42.40,42.00,42.60,42.90,42.40,1015,,,nasdaq,
2024-08-22,ENOFUTBLYR-28,46.80,43.80,46.85,,,420,,,nasdaq,
2024-08-22,ENOFUTBLYR-29,47.75,44.50,50.50,,,120,,,nasdaq,
2024-08-22,ENOFUTBLYR-30,48.00,,,,,47,,,nasdaq,
2024-08-22,ENOFUTBLYR-31,47.75,,,,,40,,,nasdaq,
2024-08-22,ENOFUTBLYR-32,47.80,,,,,,,,nasdaq,
2024-08-22,ENOFUTBLYR-33,47.90,,,,,,,,nasdaq,
2024-08-22,ENOFUTBLYR-34,47.90,,,,,,,,nasdaq,
2024-08-23,ENOFUTBLQ2-26,31.10,30.50,31.40,31.10,31.10,139,,,nasdaq,
2024-08-23,ENOFUTBLQ3-26,24.50,19.50,24.85,,,121,,,nasdaq,
2024-08-23,ENOFUTBLQ4-26,46.38,46.00,46.75,,,138,,,nasdaq,
2024-08-23,ENOFUTBLYR-27,42.30,42.15,42.90,,,1016,,,nasdaq,
2024-08-23,ENOFUTBLYR-28,46.50,45.50,46.75,,,420,,,nasdaq,
2024-08-23,ENOFUTBLYR-29,47.50,46.50,48.50,,,120,,,nasdaq,
2024-08-23,ENOFUTBLYR-30,48.00,47.25,49.25,,,72,,,nasdaq,
2024-08-23,ENOFUTBLYR-31,48.75,47.75,49.75,,,40,,,nasdaq,
2024-08-23,ENOFUTBLYR-32,49.25,48.25,50.25,,,,,,nasdaq,
2024-08-23,ENOFUTBLYR-33,49.50,48.50,50.50,,,,,,nasdaq,
2024-08-23,ENOFUTBLYR-34,49.75,48.75,50.75,,,,,,nasdaq,
2024-08-26,ENOFUTBLQ2-26,31.70,30.25,34.10,,,141,,,nasdaq,
2024-08-26,ENOFUTBLQ3-26,24.08,23.50,24.65,,,121,,,nasdaq,
2024-08-26,ENOFUTBLQ4-26,47.00,45.50,49.40,,,138,,,nasdaq,
2024-08-26,ENOFUTBLYR-27,42.40,42.30,42.90,42.40,42.40,1024,,,nasdaq,
2024-08-26,ENOFUTBLYR-28,46.55,45.65,46.70,46.55,46.55,420,,,nasdaq,
2024-08-26,ENOFUTBLYR-29,47.50,45.12,50.50,,,120,,,nasdaq,
2024-08-26,ENOFUTBLYR-30,48.00,,,,,77,,,nasdaq,
2024-08-26,ENOFUTBLYR-31,48.75,,,,,40,,,nasdaq,
2024-08-26,ENOFUTBLYR-32,49.25,,,,,,,,nasdaq,
2024-08-26,ENOFUTBLYR-33,49.50,,,,,,,,nasdaq,
2024-08-26,ENOFUTBLYR-34,49.75,,,,,,,,nasdaq,
2024-08-27,ENOFUTBLQ2-26,32.25,31.75,34.70,,,141,,,nasdaq,
2024-08-27,ENOFUTBLQ3-26,24.50,23.50,27.80,24.50,24.50,121,,,nasdaq,
2024-08-27,ENOFUTBLQ4-26,47.20,44.00,50.00,,,138,,,nasdaq,
2024-08-27,ENOFUTBLYR-27,42.70,42.50,42.70,,,1027,,,nasdaq,
2024-08-27,ENOFUTBLYR-28,46.50,45.50,47.50,,,421,,,nasdaq,
2024-08-27,ENOFUTBLYR-29,47.50,45.12,50.00,,,120,,,nasdaq,
2024-08-27,ENOFUTBLYR-30,48.00,,,,,77,,,nasdaq,
2024-08-27,ENOFUTBLYR-31,48.75,,,,,40,,,nasdaq,
2024-08-27,ENOFUTBLYR-32,49.25,,,,,,,,nasdaq,
2024-08-27,ENOFUTBLYR-33,49.50,,,,,,,,nasdaq,
2024-08-27,ENOFUTBLYR-34,49.75,,,,,,,,nasdaq,
2024-08-28,ENOFUTBLQ2-26,32.70,30.00,35.25,,,151,,,nasdaq,
2024-08-28,ENOFUTBLQ3-26,24.85,24.50,28.05,24.85,24.85,121,,,nasdaq,
2024-08-28,ENOFUTBLQ4-26,47.65,46.00,50.33,,,143,,,nasdaq,
2024-08-28,ENOFUTBLYR-27,42.90,42.70,43.25,42.70,42.70,1025,,,nasdaq,
2024-08-28,ENOFUTBLYR-28,46.50,45.50,48.00,,,420,,,nasdaq,
2024-08-28,ENOFUTBLYR-29,47.50,45.12,50.50,,,120,,,nasdaq,
2024-08-28,ENOFUTBLYR-30,48.00,,,,,77,,,nasdaq,
2024-08-28,ENOFUTBLYR-31,48.75,,,,,40,,,nasdaq,
2024-08-28,ENOFUTBLYR-32,49.25,,,,,,,,nasdaq,
2024-08-28,ENOFUTBLYR-33,49.50,,,,,,,,nasdaq,
2024-08-28,ENOFUTBLYR-34,49.75,,,,,,,,nasdaq,
2024-08-29,ENOFUTBLQ2-26,33.00,32.15,35.70,,,151,,,nasdaq,
2024-08-29,ENOFUTBLQ3-26,25.25,24.50,25.45,25.25,25.25,123,,,nasdaq,
2024-08-29,ENOFUTBLQ4-26,47.85,44.65,50.65,47.85,47.85,143,,,nasdaq,
2024-08-29,ENOFUTBLYR-27,43.00,42.90,43.00,,,1026,,,nasdaq,
2024-08-29,ENOFUTBLYR-28,46.55,43.50,47.00,,,425,,,nasdaq,
2024-08-29,ENOFUTBLYR-29,47.50,44.50,50.50,,,120,,,nasdaq,
2024-08-29,ENOFUTBLYR-30,48.00,43.00,,,,77,,,nasdaq,
2024-08-29,ENOFUTBLYR-31,48.75,43.00,,,,40,,,nasdaq,
2024-08-29,ENOFUTBLYR-32,49.25,,,,,,,,nasdaq,
2024-08-29,ENOFUTBLYR-33,49.50,,,,,,,,nasdaq,
2024-08-29,ENOFUTBLYR-34,49.75,,,,,,,,nasdaq,
2024-08-30,ENOFUTBLQ2-26,31.48,30.05,32.90,,,151,,,nasdaq,
2024-08-30,ENOFUTBLQ3-26,25.63,23.00,28.25,,,123,,,nasdaq,
2024-08-30,ENOFUTBLQ4-26,48.45,46.25,50.65,,,143,,,nasdaq,
2024-08-30,ENOFUTBLYR-27,42.95,42.85,44.00,42.95,42.90,1035,,,nasdaq,
2024-08-30,ENOFUTBLYR-28,46.50,44.00,49.00,,,425,,,nasdaq,
2024-08-30,ENOFUTBLYR-29,47.50,43.00,50.50,,,120,,,nasdaq,
2024-08-30,ENOFUTBLYR-30,48.00,,,,,77,,,nasdaq,
2024-08-30,ENOFUTBLYR-31,48.75,,,,,40,,,nasdaq,
2024-08-30,ENOFUTBLYR-32,49.25,,,,,,,,nasdaq,
2024-08-30,ENOFUTBLYR-33,49.50,,,,,,,,nasdaq,
2024-08-30,ENOFUTBLYR-34,49.75,,,,,,,,nasdaq,
2024-09-02,ENOFUTBLQ2-26,31.80,31.80,33.35,31.80,31.75,151,,,nasdaq,
2024-09-02,ENOFUTBLQ3-26,25.00,22.50,25.45,,,123,,,nasdaq,
2024-09-02,ENOFUTBLQ4-26,47.73,44.00,51.45,,,143,,,nasdaq,
2024-09-02,ENOFUTBLYR-27,42.80,42.60,43.00,42.80,42.75,1039,,,nasdaq,
2024-09-02,ENOFUTBLYR-28,46.40,44.95,46.60,,,427,,,nasdaq,
2024-09-02,ENOFUTBLYR-29,47.50,45.12,,,,120,,,nasdaq,
2024-09-02,ENOFUTBLYR-30,48.00,,,,,77,,,nasdaq,
2024-09-02,ENOFUTBLYR-31,48.75,,,,,40,,,nasdaq,
2024-09-02,ENOFUTBLYR-32,49.25,,,,,,,,nasdaq,
2024-09-02,ENOFUTBLYR-33,49.50,,,,,,,,nasdaq,
2024-09-02,ENOFUTBLYR-34,49.75,,,,,,,,nasdaq,
2024-09-03,ENOFUTBLQ2-26,31.80,31.80,34.80,31.80,31.80,152,,,nasdaq,
2024-09-03,ENOFUTBLQ3-26,24.70,22.50,25.00,24.95,24.70,123,,,nasdaq,
2024-09-03,ENOFUTBLQ4-26,47.10,46.75,47.50,47.10,47.10,143,,,nasdaq,
2024-09-03,ENOFUTBLYR-27,42.30,42.20,42.40,42.60,42.50,1037,,,nasdaq,
2024-09-03,ENOFUTBLYR-28,46.08,45.85,46.15,46.20,46.20,427,,,nasdaq,
2024-09-03,ENOFUTBLYR-29,47.25,45.12,50.25,,,120,,,nasdaq,
2024-09-03,ENOFUTBLYR-30,47.90,,,,,77,,,nasdaq,
2024-09-03,ENOFUTBLYR-31,48.75,,,,,40,,,nasdaq,
2024-09-03,ENOFUTBLYR-32,49.25,,,,,,,,nasdaq,
2024-09-03,ENOFUTBLYR-33,49.50,,,,,,,,nasdaq,
2024-09-03,ENOFUTBLYR-34,49.75,,,,,,,,nasdaq,
2024-09-04,ENOFUTBLQ2-26,31.10,30.80,31.40,,,153,,,nasdaq,
2024-09-04,ENOFUTBLQ3-26,23.52,21.20,24.45,,,140,,,nasdaq,
2024-09-04,ENOFUTBLQ4-26,46.00,44.55,46.50,,,146,,,nasdaq,
2024-09-04,ENOFUTBLYR-27,42.00,41.85,42.20,,,1041,,,nasdaq,
2024-09-04,ENOFUTBLYR-28,45.85,45.50,46.00,45.85,45.85,431,,,nasdaq,
2024-09-04,ENOFUTBLYR-29,47.25,45.12,49.75,,,120,,,nasdaq,
2024-09-04,ENOFUTBLYR-30,47.90,44.00,,,,77,,,nasdaq,
2024-09-04,ENOFUTBLYR-31,48.75,44.00,,,,40,,,nasdaq,
2024-09-04,ENOFUTBLYR-32,49.25,,,,,,,,nasdaq,
2024-09-04,ENOFUTBLYR-33,49.50,,,,,,,,nasdaq,
2024-09-04,ENOFUTBLYR-34,49.75,,,,,,,,nasdaq,
2024-09-05,ENOFUTBLQ2-26,31.10,30.50,,,,154,,,nasdaq,
2024-09-05,ENOFUTBLQ3-26,23.00,,,,,140,,,nasdaq,
2024-09-05,ENOFUTBLQ4-26,46.25,46.00,,,,146,,,nasdaq,
2024-09-05,ENOFUTBLYR-27,42.05,41.90,42.25,42.10,42.05,1041,,,nasdaq,
2024-09-05,ENOFUTBLYR-28,45.95,45.40,47.50,,,431,,,nasdaq,
2024-09-05,ENOFUTBLYR-29,47.25,45.12,,,,120,,,nasdaq,
2024-09-05,ENOFUTBLYR-30,47.90,44.00,,,,77,,,nasdaq,
2024-09-05,ENOFUTBLYR-31,48.75,44.00,,,,40,,,nasdaq,
2024-09-05,ENOFUTBLYR-32,49.25,,,,,,,,nasdaq,
2024-09-05,ENOFUTBLYR-33,49.50,,,,,,,,nasdaq,
2024-09-05,ENOFUTBLYR-34,49.75,,,,,,,,nasdaq,
2024-09-06,ENOFUTBLQ2-26,31.00,31.00,33.10,,,154,,,nasdaq,
2024-09-06,ENOFUTBLQ3-26,23.10,23.00,26.25,,,140,,,nasdaq,
2024-09-06,ENOFUTBLQ4-26,46.75,44.25,49.25,,,146,,,nasdaq,
2024-09-06,ENOFUTBLYR-27,42.00,41.90,42.25,42.00,42.00,1053,,,nasdaq,
2024-09-06,ENOFUTBLYR-28,45.73,45.30,46.15,,,431,,,nasdaq,
2024-09-06,ENOFUTBLYR-29,47.25,43.00,49.75,,,120,,,nasdaq,
2024-09-06,ENOFUTBLYR-30,47.90,,,,,77,,,nasdaq,
2024-09-06,ENOFUTBLYR-31,48.75,,,,,40,,,nasdaq,
2024-09-06,ENOFUTBLYR-32,49.25,,,,,,,,nasdaq,
2024-09-06,ENOFUTBLYR-33,49.50,,,,,,,,nasdaq,
2024-09-06,ENOFUTBLYR-34,49.75,,,,,,,,nasdaq,
2024-09-09,ENOFUTBLQ2-26,31.40,31.10,35.00,31.40,31.40,154,,,nasdaq,
2024-09-09,ENOFUTBLQ3-26,23.30,23.30,27.50,23.30,23.30,140,,,nasdaq,
2024-09-09,ENOFUTBLQ4-26,46.30,46.00,46.60,,,146,,,nasdaq,
2024-09-09,ENOFUTBLYR-27,42.15,41.65,42.75,,,1056,,,nasdaq,
2024-09-09,ENOFUTBLYR-28,45.88,45.50,46.25,,,431,,,nasdaq,
2024-09-09,ENOFUTBLYR-29,47.25,44.65,49.75,,,120,,,nasdaq,
2024-09-09,ENOFUTBLYR-30,47.90,43.00,,,,77,,,nasdaq,
2024-09-09,ENOFUTBLYR-31,48.75,43.00,,,,40,,,nasdaq,
2024-09-09,ENOFUTBLYR-32,49.25,,,,,,,,nasdaq,
2024-09-09,ENOFUTBLYR-33,49.50,,,,,,,,nasdaq,
2024-09-09,ENOFUTBLYR-34,49.75,,,,,,,,nasdaq,
2024-09-10,ENOFUTBLQ2-26,31.50,31.30,32.20,31.50,31.50,158,,,nasdaq,
2024-09-10,ENOFUTBLQ3-26,23.43,23.30,23.55,,,140,,,nasdaq,
2024-09-10,ENOFUTBLQ4-26,46.00,44.00,49.30,,,146,,,nasdaq,
2024-09-10,ENOFUTBLYR-27,42.00,41.65,42.30,42.00,42.00,1062,,,nasdaq,
2024-09-10,ENOFUTBLYR-28,46.00,45.65,46.30,,,431,,,nasdaq,
2024-09-10,ENOFUTBLYR-29,47.25,43.75,49.85,,,120,,,nasdaq,
2024-09-10,ENOFUTBLYR-30,47.90,,,,,77,,,nasdaq,
2024-09-10,ENOFUTBLYR-31,48.75,,,,,40,,,nasdaq,
2024-09-10,ENOFUTBLYR-32,49.25,,,,,,,,nasdaq,
2024-09-10,ENOFUTBLYR-33,49.50,,,,,,,,nasdaq,
2024-09-10,ENOFUTBLYR-34,49.75,,,,,,,,nasdaq,
2024-09-11,ENOFUTBLQ2-26,31.40,31.10,34.00,,,160,,,nasdaq,
2024-09-11,ENOFUTBLQ3-26,23.55,23.25,26.15,23.55,23.55,140,,,nasdaq,
2024-09-11,ENOFUTBLQ4-26,46.00,45.50,49.00,46.00,46.00,146,,,nasdaq,
2024-09-11,ENOFUTBLYR-27,42.15,42.00,42.15,42.15,42.15,1080,,,nasdaq,
2024-09-11,ENOFUTBLYR-28,46.00,45.70,46.00,46.00,46.00,437,,,nasdaq,
2024-09-11,ENOFUTBLYR-29,47.25,44.75,49.50,,,120,,,nasdaq,
2024-09-11,ENOFUTBLYR-30,47.90,,,,,77,,,nasdaq,
2024-09-11,ENOFUTBLYR-31,48.75,,,,,40,,,nasdaq,
2024-09-11,ENOFUTBLYR-32,49.25,,,,,,,,nasdaq,
2024-09-11,ENOFUTBLYR-33,49.50,,,,,,,,nasdaq,
2024-09-11,ENOFUTBLYR-34,49.75,,,,,,,,nasdaq,
2024-09-12,ENOFUTBLQ2-26,29.95,29.05,30.85,31.00,31.00,160,,,nasdaq,
2024-09-12,ENOFUTBLQ3-26,22.85,22.50,23.05,,,141,,,nasdaq,
2024-09-12,ENOFUTBLQ4-26,46.88,45.50,48.25,,,147,,,nasdaq,
2024-09-12,ENOFUTBLYR-27,41.90,41.76,42.50,,,1094,,,nasdaq,
2024-09-12,ENOFUTBLYR-28,45.83,45.65,46.00,,,437,,,nasdaq,
2024-09-12,ENOFUTBLYR-29,47.25,47.00,47.25,,,120,,,nasdaq,
2024-09-12,ENOFUTBLYR-30,47.90,,,,,77,,,nasdaq,
2024-09-12,ENOFUTBLYR-31,48.75,,,,,40,,,nasdaq,
2024-09-12,ENOFUTBLYR-32,49.25,,,,,,,,nasdaq,
2024-09-12,ENOFUTBLYR-33,49.50,,,,,,,,nasdaq,
2024-09-12,ENOFUTBLYR-34,49.75,,,,,,,,nasdaq,
2024-09-13,ENOFUTBLQ2-26,30.70,27.95,32.95,30.70,30.70,162,,,nasdaq,
2024-09-13,ENOFUTBLQ3-26,22.95,22.50,23.40,,,141,,,nasdaq,
2024-09-13,ENOFUTBLQ4-26,46.90,43.90,49.90,,,150,,,nasdaq,
2024-09-13,ENOFUTBLYR-27,41.90,41.75,42.05,,,1109,,,nasdaq,
2024-09-13,ENOFUTBLYR-28,45.90,45.75,46.00,,,437,,,nasdaq,
2024-09-13,ENOFUTBLYR-29,47.25,47.00,50.00,,,122,,,nasdaq,
2024-09-13,ENOFUTBLYR-30,47.90,,,,,77,,,nasdaq,
2024-09-13,ENOFUTBLYR-31,48.75,,,,,40,,,nasdaq,
2024-09-13,ENOFUTBLYR-32,49.25,,,,,,,,nasdaq,
2024-09-13,ENOFUTBLYR-33,49.50,,,,,,,,nasdaq,
2024-09-13,ENOFUTBLYR-34,49.75,,,,,,,,nasdaq,
2024-09-16,ENOFUTBLQ2-26,30.28,30.00,30.55,,,162,,,nasdaq,
2024-09-16,ENOFUTBLQ3-26,22.70,22.40,26.45,22.75,22.70,141,,,nasdaq,
2024-09-16,ENOFUTBLQ4-26,45.80,44.75,46.00,,,150,,,nasdaq,
2024-09-16,ENOFUTBLYR-27,41.75,41.45,42.75,41.50,41.50,1111,,,nasdaq,
2024-09-16,ENOFUTBLYR-28,45.90,45.50,48.90,,,438,,,nasdaq,
2024-09-16,ENOFUTBLYR-29,47.25,45.25,50.25,,,122,,,nasdaq,
2024-09-16,ENOFUTBLYR-30,47.90,43.00,,,,77,,,nasdaq,
2024-09-16,ENOFUTBLYR-31,48.75,43.00,,,,40,,,nasdaq,
2024-09-16,ENOFUTBLYR-32,49.25,,,,,,,,nasdaq,
2024-09-16,ENOFUTBLYR-33,49.50,,,,,,,,nasdaq,
2024-09-16,ENOFUTBLYR-34,49.75,,,,,,,,nasdaq,
2024-09-17,ENOFUTBLQ2-26,30.38,30.30,30.45,,,162,,,nasdaq,
2024-09-17,ENOFUTBLQ3-26,23.00,22.90,23.00,23.00,22.90,150,,,nasdaq,
2024-09-17,ENOFUTBLQ4-26,45.80,44.75,46.00,,,151,,,nasdaq,
2024-09-17,ENOFUTBLYR-27,41.90,41.75,42.20,41.90,41.90,1129,,,nasdaq,
2024-09-17,ENOFUTBLYR-28,45.85,45.70,45.95,,,438,,,nasdaq,
2024-09-17,ENOFUTBLYR-29,47.25,46.25,47.25,,,122,,,nasdaq,
2024-09-17,ENOFUTBLYR-30,47.90,43.00,,,,77,,,nasdaq,
2024-09-17,ENOFUTBLYR-31,48.75,43.00,,,,40,,,nasdaq,
2024-09-17,ENOFUTBLYR-32,49.25,,,,,,,,nasdaq,
2024-09-17,ENOFUTBLYR-33,49.50,,,,,,,,nasdaq,
2024-09-17,ENOFUTBLYR-34,49.75,,,,,,,,nasdaq,
2024-09-18,ENOFUTBLQ2-26,29.40,29.00,29.80,29.90,29.90,162,,,nasdaq,
2024-09-18,ENOFUTBLQ3-26,22.90,22.62,22.90,22.90,22.90,159,,,nasdaq,
2024-09-18,ENOFUTBLQ4-26,45.00,44.50,45.00,45.00,45.00,153,,,nasdaq,
2024-09-18,ENOFUTBLYR-27,41.65,41.55,41.70,41.75,41.65,1135,,,nasdaq,
2024-09-18,ENOFUTBLYR-28,45.60,45.50,45.65,,,438,,,nasdaq,
2024-09-18,ENOFUTBLYR-29,47.25,,,,,123,,,nasdaq,
2024-09-18,ENOFUTBLYR-30,47.90,43.00,,,,77,,,nasdaq,
2024-09-18,ENOFUTBLYR-31,48.75,43.00,,,,40,,,nasdaq,
2024-09-18,ENOFUTBLYR-32,49.25,,,,,,,,nasdaq,
2024-09-18,ENOFUTBLYR-33,49.50,,,,,,,,nasdaq,
2024-09-18,ENOFUTBLYR-34,49.75,,,,,,,,nasdaq,
2024-09-19,ENOFUTBLQ2-26,29.05,25.00,29.10,,,164,,,nasdaq,
2024-09-19,ENOFUTBLQ3-26,22.60,22.00,24.00,22.60,22.60,165,,,nasdaq,
2024-09-19,ENOFUTBLQ4-26,44.80,44.00,,,,157,,,nasdaq,
2024-09-19,ENOFUTBLYR-27,41.25,41.00,41.50,41.55,41.55,1145,,,nasdaq,
2024-09-19,ENOFUTBLYR-28,45.25,45.00,45.50,,,439,,,nasdaq,
2024-09-19,ENOFUTBLYR-29,47.15,,,,,123,,,nasdaq,
2024-09-19,ENOFUTBLYR-30,47.80,,,,,77,,,nasdaq,
2024-09-19,ENOFUTBLYR-31,48.65,,,,,40,,,nasdaq,
2024-09-19,ENOFUTBLYR-32,49.15,,,,,,,,nasdaq,
2024-09-19,ENOFUTBLYR-33,49.40,,,,,,,,nasdaq,
2024-09-19,ENOFUTBLYR-34,49.65,,,,,,,,nasdaq,
2024-09-20,ENOFUTBLQ2-26,29.28,29.15,29.40,,,164,,,nasdaq,
2024-09-20,ENOFUTBLQ3-26,22.80,22.50,24.50,,,170,,,nasdaq,
2024-09-20,ENOFUTBLQ4-26,44.90,43.80,46.00,,,157,,,nasdaq,
2024-09-20,ENOFUTBLYR-27,41.40,41.25,41.55,,,1146,,,nasdaq,
2024-09-20,ENOFUTBLYR-28,45.40,45.25,45.55,,,439,,,nasdaq,
2024-09-20,ENOFUTBLYR-29,47.15,,,,,123,,,nasdaq,
2024-09-20,ENOFUTBLYR-30,47.80,,,,,77,,,nasdaq,
2024-09-20,ENOFUTBLYR-31,48.65,,,,,40,,,nasdaq,
2024-09-20,ENOFUTBLYR-32,49.15,,,,,,,,nasdaq,
2024-09-20,ENOFUTBLYR-33,49.40,,,,,,,,nasdaq,
2024-09-20,ENOFUTBLYR-34,49.65,,,,,,,,nasdaq,
2024-09-23,ENOFUTBLQ2-26,29.40,26.30,30.00,29.55,29.40,164,,,nasdaq,
2024-09-23,ENOFUTBLQ3-26,22.60,22.40,22.80,,,170,,,nasdaq,
2024-09-23,ENOFUTBLQ4-26,44.90,44.00,48.00,,,157,,,nasdaq,
2024-09-23,ENOFUTBLYR-27,41.20,41.12,42.40,41.35,41.20,1151,,,nasdaq,
2024-09-23,ENOFUTBLYR-28,45.25,45.12,46.10,45.25,45.25,439,,,nasdaq,
2024-09-23,ENOFUTBLYR-29,47.15,45.12,50.15,,,123,,,nasdaq,
2024-09-23,ENOFUTBLYR-30,47.80,,,,,77,,,nasdaq,
2024-09-23,ENOFUTBLYR-31,48.65,,,,,40,,,nasdaq,
2024-09-23,ENOFUTBLYR-32,49.15,,,,,,,,nasdaq,
2024-09-23,ENOFUTBLYR-33,49.40,,,,,,,,nasdaq,
2024-09-23,ENOFUTBLYR-34,49.65,,,,,,,,nasdaq,
2024-09-24,ENOFUTBLQ2-26,29.15,28.75,29.40,29.30,29.15,170,,,nasdaq,
2024-09-24,ENOFUTBLQ3-26,22.50,22.00,22.75,22.50,22.50,170,,,nasdaq,
2024-09-24,ENOFUTBLQ4-26,44.00,43.00,44.35,44.00,44.00,157,,,nasdaq,
2024-09-24,ENOFUTBLYR-27,41.05,40.95,41.20,41.30,41.05,1165,,,nasdaq,
2024-09-24,ENOFUTBLYR-28,44.95,44.85,45.10,45.20,44.95,445,,,nasdaq,
2024-09-24,ENOFUTBLYR-29,47.00,,49.45,,,123,,,nasdaq,
2024-09-24,ENOFUTBLYR-30,47.75,43.00,,,,77,,,nasdaq,
2024-09-24,ENOFUTBLYR-31,48.60,43.00,,,,40,,,nasdaq,
2024-09-24,ENOFUTBLYR-32,49.15,,,,,,,,nasdaq,
2024-09-24,ENOFUTBLYR-33,49.40,,,,,,,,nasdaq,
2024-09-24,ENOFUTBLYR-34,49.65,,,,,,,,nasdaq,
2024-09-25,ENOFUTBLQ2-26,29.25,27.50,29.50,,,176,,,nasdaq,
2024-09-25,ENOFUTBLQ3-26,22.53,22.30,22.75,,,172,,,nasdaq,
2024-09-25,ENOFUTBLQ4-26,44.25,44.00,47.50,,,157,,,nasdaq,
2024-09-25,ENOFUTBLYR-27,41.20,41.15,41.25,41.10,41.10,1176,,,nasdaq,
2024-09-25,ENOFUTBLYR-28,45.00,42.70,47.00,,,446,,,nasdaq,
2024-09-25,ENOFUTBLYR-29,47.00,44.75,50.00,,,123,,,nasdaq,
2024-09-25,ENOFUTBLYR-30,47.75,,,,,77,,,nasdaq,
2024-09-25,ENOFUTBLYR-31,48.60,,,,,40,,,nasdaq,
2024-09-25,ENOFUTBLYR-32,49.15,,,,,,,,nasdaq,
2024-09-25,ENOFUTBLYR-33,49.40,,,,,,,,nasdaq,
2024-09-25,ENOFUTBLYR-34,49.65,,,,,,,,nasdaq,
2024-09-26,ENOFUTBLQ2-26,29.50,29.50,35.50,29.50,29.50,176,,,nasdaq,
2024-09-26,ENOFUTBLQ3-26,22.75,22.75,,22.75,22.75,172,,,nasdaq,
2024-09-26,ENOFUTBLQ4-26,45.00,44.25,,,,157,,,nasdaq,
2024-09-26,ENOFUTBLYR-27,41.60,41.40,41.70,,,1183,,,nasdaq,
2024-09-26,ENOFUTBLYR-28,45.40,44.50,46.00,,,446,,,nasdaq,
2024-09-26,ENOFUTBLYR-29,47.20,45.12,,,,123,,,nasdaq,
2024-09-26,ENOFUTBLYR-30,47.90,,,,,77,,,nasdaq,
2024-09-26,ENOFUTBLYR-31,48.70,,,,,40,,,nasdaq,
2024-09-26,ENOFUTBLYR-32,49.20,,,,,,,,nasdaq,
2024-09-26,ENOFUTBLYR-33,49.40,,,,,,,,nasdaq,
2024-09-26,ENOFUTBLYR-34,49.65,,,,,,,,nasdaq,
2024-09-27,ENOFUTBLQ2-26,29.50,28.50,31.50,,,174,,,nasdaq,
2024-09-27,ENOFUTBLQ3-26,22.75,21.50,24.75,,,173,,,nasdaq,
2024-09-27,ENOFUTBLQ4-26,45.00,43.00,47.00,,,157,,,nasdaq,
2024-09-27,ENOFUTBLYR-27,41.75,41.75,42.00,,,1194,,,nasdaq,
2024-09-27,ENOFUTBLYR-28,45.75,45.00,46.00,,,446,,,nasdaq,
2024-09-27,ENOFUTBLYR-29,47.16,45.12,49.20,,,123,,,nasdaq,
2024-09-27,ENOFUTBLYR-30,47.90,,,,,77,,,nasdaq,
2024-09-27,ENOFUTBLYR-31,48.70,,,,,40,,,nasdaq,
2024-09-27,ENOFUTBLYR-32,49.20,,,,,,,,nasdaq,
2024-09-27,ENOFUTBLYR-33,49.40,,,,,,,,nasdaq,
2024-09-27,ENOFUTBLYR-34,49.65,,,,,,,,nasdaq,
2024-09-30,ENOFUTBLQ2-26,29.75,27.00,32.50,,,174,,,nasdaq,
2024-09-30,ENOFUTBLQ3-26,23.00,22.25,25.75,,,173,,,nasdaq,
2024-09-30,ENOFUTBLQ4-26,46.00,45.25,48.00,,,157,,,nasdaq,
2024-09-30,ENOFUTBLYR-27,41.90,41.50,42.05,41.90,41.90,1195,,,nasdaq,
2024-09-30,ENOFUTBLYR-28,45.75,42.75,46.00,,,446,,,nasdaq,
2024-09-30,ENOFUTBLYR-29,47.16,46.30,49.41,,,123,,,nasdaq,
2024-09-30,ENOFUTBLYR-30,47.90,43.00,,,,77,,,nasdaq,
2024-09-30,ENOFUTBLYR-31,48.70,43.00,,,,40,,,nasdaq,
2024-09-30,ENOFUTBLYR-32,49.20,,,,,,,,nasdaq,
2024-09-30,ENOFUTBLYR-33,49.40,,,,,,,,nasdaq,
2024-09-30,ENOFUTBLYR-34,49.65,,,,,,,,nasdaq,
2024-10-01,ENOFUTBLQ2-26,29.25,28.55,29.30,,,174,,,nasdaq,
2024-10-01,ENOFUTBLQ3-26,22.60,22.50,23.00,,,173,,,nasdaq,
2024-10-01,ENOFUTBLQ4-26,45.00,43.50,47.00,45.00,45.00,157,,,nasdaq,
2024-10-01,ENOFUTBLYR-27,41.50,41.10,41.65,,,1200,,,nasdaq,
2024-10-01,ENOFUTBLYR-28,45.40,44.50,45.55,,,446,,,nasdaq,
2024-10-01,ENOFUTBLYR-29,47.00,44.91,49.41,,,123,,,nasdaq,
2024-10-01,ENOFUTBLYR-30,47.80,,,,,77,,,nasdaq,
2024-10-01,ENOFUTBLYR-31,48.65,,,,,40,,,nasdaq,
2024-10-01,ENOFUTBLYR-32,49.20,,,,,,,,nasdaq,
2024-10-01,ENOFUTBLYR-33,49.40,,,,,,,,nasdaq,
2024-10-01,ENOFUTBLYR-34,49.65,,,,,,,,nasdaq,
2024-10-02,ENOFUTBLQ2-26,29.40,29.40,31.25,29.40,29.40,174,,,nasdaq,
2024-10-02,ENOFUTBLQ3-26,22.65,22.65,24.60,22.50,22.50,173,,,nasdaq,
2024-10-02,ENOFUTBLQ4-26,45.00,43.00,47.00,45.00,45.00,169,,,nasdaq,
2024-10-02,ENOFUTBLYR-27,41.35,41.00,41.45,,,1204,,,nasdaq,
2024-10-02,ENOFUTBLYR-28,45.30,42.40,45.35,,,446,,,nasdaq,
2024-10-02,ENOFUTBLYR-29,47.00,44.75,49.25,,,123,,,nasdaq,
2024-10-02,ENOFUTBLYR-30,47.80,,,,,77,,,nasdaq,
2024-10-02,ENOFUTBLYR-31,48.65,,,,,40,,,nasdaq,
2024-10-02,ENOFUTBLYR-32,49.20,,,,,,,,nasdaq,
2024-10-02,ENOFUTBLYR-33,49.40,,,,,,,,nasdaq,
2024-10-02,ENOFUTBLYR-34,49.65,,,,,,,,nasdaq,
2024-10-03,ENOFUTBLQ2-26,29.40,29.15,29.65,,,175,,,nasdaq,
2024-10-03,ENOFUTBLQ3-26,22.53,22.25,25.45,,,175,,,nasdaq,
2024-10-03,ENOFUTBLQ4-26,44.93,42.00,47.85,,,169,,,nasdaq,
2024-10-03,ENOFUTBLYR-27,41.10,40.75,41.16,41.20,41.20,1205,,,nasdaq,
2024-10-03,ENOFUTBLYR-28,44.80,44.50,44.91,,,446,,,nasdaq,
2024-10-03,ENOFUTBLYR-29,47.00,44.75,49.25,,,123,,,nasdaq,
2024-10-03,ENOFUTBLYR-30,47.80,,,,,77,,,nasdaq,
2024-10-03,ENOFUTBLYR-31,48.65,,,,,40,,,nasdaq,
2024-10-03,ENOFUTBLYR-32,49.20,,,,,,,,nasdaq,
2024-10-03,ENOFUTBLYR-33,49.40,,,,,,,,nasdaq,
2024-10-03,ENOFUTBLYR-34,49.65,,,,,,,,nasdaq,
2024-10-04,ENOFUTBLQ2-26,30.28,29.80,30.75,,,175,,,nasdaq,
2024-10-04,ENOFUTBLQ3-26,23.77,23.00,24.53,,,175,,,nasdaq,
2024-10-04,ENOFUTBLQ4-26,45.57,44.20,46.93,,,169,,,nasdaq,
2024-10-04,ENOFUTBLYR-27,41.10,41.10,41.80,41.10,41.10,1211,,,nasdaq,
2024-10-04,ENOFUTBLYR-28,44.80,44.50,45.20,,,445,,,nasdaq,
2024-10-04,ENOFUTBLYR-29,47.00,44.75,48.90,,,123,,,nasdaq,
2024-10-04,ENOFUTBLYR-30,47.80,,,,,77,,,nasdaq,
2024-10-04,ENOFUTBLYR-31,48.65,,,,,40,,,nasdaq,
2024-10-04,ENOFUTBLYR-32,49.20,,,,,,,,nasdaq,
2024-10-04,ENOFUTBLYR-33,49.40,,,,,,,,nasdaq,
2024-10-04,ENOFUTBLYR-34,49.65,,,,,,,,nasdaq,
2024-10-07,ENOFUTBLQ2-26,30.03,29.95,32.28,,,175,,,nasdaq,
2024-10-07,ENOFUTBLQ3-26,22.90,22.85,24.00,22.90,22.90,175,,,nasdaq,
2024-10-07,ENOFUTBLQ4-26,45.32,44.00,47.50,,,169,,,nasdaq,
2024-10-07,ENOFUTBLYR-27,40.63,40.55,40.70,40.75,40.70,1217,,,nasdaq,
2024-10-07,ENOFUTBLYR-28,44.25,44.15,44.35,44.40,44.40,445,,,nasdaq,
2024-10-07,ENOFUTBLYR-29,47.00,45.72,48.90,,,123,,,nasdaq,
2024-10-07,ENOFUTBLYR-30,47.80,43.00,,,,77,,,nasdaq,
2024-10-07,ENOFUTBLYR-31,48.65,43.00,,,,40,,,nasdaq,
2024-10-07,ENOFUTBLYR-32,49.20,,,,,,,,nasdaq,
2024-10-07,ENOFUTBLYR-33,49.40,,,,,,,,nasdaq,
2024-10-07,ENOFUTBLYR-34,49.65,,,,,,,,nasdaq,
2024-10-08,ENOFUTBLQ2-26,30.00,29.90,30.75,,,175,,,nasdaq,
2024-10-08,ENOFUTBLQ3-26,22.70,22.00,23.40,,,177,,,nasdaq,
2024-10-08,ENOFUTBLQ4-26,44.68,43.00,45.00,,,169,,,nasdaq,
2024-10-08,ENOFUTBLYR-27,40.65,40.60,41.00,40.65,40.40,1223,,,nasdaq,
2024-10-08,ENOFUTBLYR-28,44.05,44.00,44.50,44.25,44.05,445,,,nasdaq,
2024-10-08,ENOFUTBLYR-29,46.80,45.50,48.10,,,123,,,nasdaq,
2024-10-08,ENOFUTBLYR-30,47.70,,,,,77,,,nasdaq,
2024-10-08,ENOFUTBLYR-31,48.60,,,,,40,,,nasdaq,
2024-10-08,ENOFUTBLYR-32,49.20,,,,,,,,nasdaq,
2024-10-08,ENOFUTBLYR-33,49.40,,,,,,,,nasdaq,
2024-10-08,ENOFUTBLYR-34,49.65,,,,,,,,nasdaq,
2024-10-09,ENOFUTBLQ2-26,30.00,29.80,30.20,,,176,,,nasdaq,
2024-10-09,ENOFUTBLQ3-26,22.70,22.00,23.10,,,177,,,nasdaq,
2024-10-09,ENOFUTBLQ4-26,44.80,44.70,46.00,,,169,,,nasdaq,
2024-10-09,ENOFUTBLYR-27,40.88,40.80,40.95,,,1234,,,nasdaq,
2024-10-09,ENOFUTBLYR-28,44.00,43.55,44.10,,,446,,,nasdaq,
2024-10-09,ENOFUTBLYR-29,46.75,45.12,46.85,,,123,,,nasdaq,
2024-10-09,ENOFUTBLYR-30,47.70,,,,,77,,,nasdaq,
2024-10-09,ENOFUTBLYR-31,48.60,,,,,40,,,nasdaq,
2024-10-09,ENOFUTBLYR-32,49.20,,,,,,,,nasdaq,
2024-10-09,ENOFUTBLYR-33,49.40,,,,,,,,nasdaq,
2024-10-09,ENOFUTBLYR-34,49.65,,,,,,,,nasdaq,
2024-10-10,ENOFUTBLQ2-26,30.50,29.25,31.00,,,176,,,nasdaq,
2024-10-10,ENOFUTBLQ3-26,23.00,22.95,24.70,23.00,23.00,177,,,nasdaq,
2024-10-10,ENOFUTBLQ4-26,45.10,44.40,45.40,,,169,,,nasdaq,
2024-10-10,ENOFUTBLYR-27,41.15,40.80,41.20,,,1232,,,nasdaq,
2024-10-10,ENOFUTBLYR-28,44.00,43.60,44.10,,,451,,,nasdaq,
2024-10-10,ENOFUTBLYR-29,46.75,44.75,47.00,,,123,,,nasdaq,
2024-10-10,ENOFUTBLYR-30,47.70,,,,,77,,,nasdaq,
2024-10-10,ENOFUTBLYR-31,48.60,,,,,40,,,nasdaq,
2024-10-10,ENOFUTBLYR-32,49.20,,,,,,,,nasdaq,
2024-10-10,ENOFUTBLYR-33,49.40,,,,,,,,nasdaq,
2024-10-10,ENOFUTBLYR-34,49.65,,,,,,,,nasdaq,
2024-10-11,ENOFUTBLQ2-26,30.50,30.00,31.00,,,176,,,nasdaq,
2024-10-11,ENOFUTBLQ3-26,23.00,22.50,25.00,,,178,,,nasdaq,
2024-10-11,ENOFUTBLQ4-26,45.10,44.80,46.00,,,169,,,nasdaq,
2024-10-11,ENOFUTBLYR-27,41.20,40.65,41.27,,,1247,,,nasdaq,
2024-10-11,ENOFUTBLYR-28,44.15,43.50,44.35,,,451,,,nasdaq,
2024-10-11,ENOFUTBLYR-29,46.75,,47.60,,,123,,,nasdaq,
2024-10-11,ENOFUTBLYR-30,47.70,,,,,77,,,nasdaq,
2024-10-11,ENOFUTBLYR-31,48.60,,,,,40,,,nasdaq,
2024-10-11,ENOFUTBLYR-32,49.20,,,,,,,,nasdaq,
2024-10-11,ENOFUTBLYR-33,49.40,,,,,,,,nasdaq,
2024-10-11,ENOFUTBLYR-34,49.65,,,,,,,,nasdaq,
2024-10-14,ENOFUTBLQ2-26,30.50,29.00,32.00,,,176,,,nasdaq,
2024-10-14,ENOFUTBLQ3-26,23.18,22.75,23.60,,,178,,,nasdaq,
2024-10-14,ENOFUTBLQ4-26,45.58,45.15,46.00,,,169,,,nasdaq,
2024-10-14,ENOFUTBLYR-27,41.60,41.20,41.60,41.60,41.60,1252,,,nasdaq,
2024-10-14,ENOFUTBLYR-28,44.35,42.40,44.45,44.35,44.35,451,,,nasdaq,
2024-10-14,ENOFUTBLYR-29,46.75,45.12,47.00,,,123,,,nasdaq,
2024-10-14,ENOFUTBLYR-30,47.70,,,,,77,,,nasdaq,
2024-10-14,ENOFUTBLYR-31,48.60,,,,,40,,,nasdaq,
2024-10-14,ENOFUTBLYR-32,49.20,,,,,,,,nasdaq,
2024-10-14,ENOFUTBLYR-33,49.40,,,,,,,,nasdaq,
2024-10-14,ENOFUTBLYR-34,49.65,,,,,,,,nasdaq,
2024-10-15,ENOFUTBLQ2-26,30.50,30.00,31.00,30.50,30.50,176,,,nasdaq,
2024-10-15,ENOFUTBLQ3-26,23.00,22.85,23.30,,,178,,,nasdaq,
2024-10-15,ENOFUTBLQ4-26,45.25,44.35,45.50,45.25,45.25,169,,,nasdaq,
2024-10-15,ENOFUTBLYR-27,41.15,41.00,41.40,41.30,41.15,1263,,,nasdaq,
2024-10-15,ENOFUTBLYR-28,43.80,43.50,44.05,43.80,43.80,451,,,nasdaq,
2024-10-15,ENOFUTBLYR-29,46.25,45.12,46.50,,,123,,,nasdaq,
2024-10-15,ENOFUTBLYR-30,47.50,,,,,77,,,nasdaq,
2024-10-15,ENOFUTBLYR-31,48.50,,,,,40,,,nasdaq,
2024-10-15,ENOFUTBLYR-32,49.20,,,,,,,,nasdaq,
2024-10-15,ENOFUTBLYR-33,49.40,,,,,,,,nasdaq,
2024-10-15,ENOFUTBLYR-34,49.65,,,,,,,,nasdaq,
2024-10-16,ENOFUTBLQ2-26,29.80,29.25,30.35,,,179,,,nasdaq,
2024-10-16,ENOFUTBLQ3-26,22.80,22.60,23.25,22.80,22.75,178,,,nasdaq,
2024-10-16,ENOFUTBLQ4-26,45.15,44.75,45.25,,,169,,,nasdaq,
2024-10-16,ENOFUTBLYR-27,41.00,40.75,41.15,41.00,41.00,1272,,,nasdaq,
2024-10-16,ENOFUTBLYR-28,43.50,43.25,43.65,43.50,43.50,451,,,nasdaq,
2024-10-16,ENOFUTBLYR-29,46.25,45.12,46.75,,,123,,,nasdaq,
2024-10-16,ENOFUTBLYR-30,47.50,,,,,77,,,nasdaq,
2024-10-16,ENOFUTBLYR-31,48.50,,,,,40,,,nasdaq,
2024-10-16,ENOFUTBLYR-32,49.20,,,,,,,,nasdaq,
2024-10-16,ENOFUTBLYR-33,49.40,,,,,,,,nasdaq,
2024-10-16,ENOFUTBLYR-34,49.65,,,,,,,,nasdaq,
2024-10-17,ENOFUTBLQ2-26,30.00,30.00,30.10,30.00,30.00,177,,,nasdaq,
2024-10-17,ENOFUTBLQ3-26,23.88,23.00,24.80,,,182,,,nasdaq,
2024-10-17,ENOFUTBLQ4-26,45.25,44.75,45.75,,,172,,,nasdaq,
2024-10-17,ENOFUTBLYR-27,40.95,40.40,41.00,,,1277,,,nasdaq,
2024-10-17,ENOFUTBLYR-28,43.50,42.62,43.50,,,451,,,nasdaq,
2024-10-17,ENOFUTBLYR-29,46.25,45.12,46.35,,,123,,,nasdaq,
2024-10-17,ENOFUTBLYR-30,47.50,,,,,77,,,nasdaq,
2024-10-17,ENOFUTBLYR-31,48.50,,,,,40,,,nasdaq,
2024-10-17,ENOFUTBLYR-32,49.20,,,,,,,,nasdaq,
2024-10-17,ENOFUTBLYR-33,49.40,,,,,,,,nasdaq,
2024-10-17,ENOFUTBLYR-34,49.65,,,,,,,,nasdaq,
2024-10-18,ENOFUTBLQ2-26,30.20,27.50,32.00,30.20,30.15,178,,,nasdaq,
2024-10-18,ENOFUTBLQ3-26,23.00,21.38,23.20,23.50,23.00,182,,,nasdaq,
2024-10-18,ENOFUTBLQ4-26,45.00,43.50,47.25,,,172,,,nasdaq,
2024-10-18,ENOFUTBLYR-27,40.80,40.55,41.00,,,1280,,,nasdaq,
2024-10-18,ENOFUTBLYR-28,43.63,43.25,44.00,,,451,,,nasdaq,
2024-10-18,ENOFUTBLYR-29,46.25,45.12,46.50,,,123,,,nasdaq,
2024-10-18,ENOFUTBLYR-30,47.50,,,,,77,,,nasdaq,
2024-10-18,ENOFUTBLYR-31,48.50,,,,,40,,,nasdaq,
2024-10-18,ENOFUTBLYR-32,49.20,,,,,,,,nasdaq,
2024-10-18,ENOFUTBLYR-33,49.40,,,,,,,,nasdaq,
2024-10-18,ENOFUTBLYR-34,49.65,,,,,,,,nasdaq,
2024-10-21,ENOFUTBLQ2-26,30.08,29.90,30.25,,,180,,,nasdaq,
2024-10-21,ENOFUTBLQ3-26,22.55,22.00,23.10,,,183,,,nasdaq,
2024-10-21,ENOFUTBLQ4-26,44.55,44.00,44.75,,,172,,,nasdaq,
2024-10-21,ENOFUTBLYR-27,40.45,40.40,40.65,40.45,40.45,1286,,,nasdaq,
2024-10-21,ENOFUTBLYR-28,42.90,42.87,43.15,,,451,,,nasdaq,
2024-10-21,ENOFUTBLYR-29,45.39,45.12,45.65,,,123,,,nasdaq,
2024-10-21,ENOFUTBLYR-30,47.25,43.00,,,,77,,,nasdaq,
2024-10-21,ENOFUTBLYR-31,48.25,43.00,,,,40,,,nasdaq,
2024-10-21,ENOFUTBLYR-32,48.95,,,,,,,,nasdaq,
2024-10-21,ENOFUTBLYR-33,49.15,,,,,,,,nasdaq,
2024-10-21,ENOFUTBLYR-34,49.40,,,,,,,,nasdaq,
2024-10-22,ENOFUTBLQ2-26,30.10,30.00,30.35,30.10,30.10,180,,,nasdaq,
2024-10-22,ENOFUTBLQ3-26,22.60,22.50,22.75,,,183,,,nasdaq,
2024-10-22,ENOFUTBLQ4-26,44.65,44.50,44.65,44.65,44.65,172,,,nasdaq,
2024-10-22,ENOFUTBLYR-27,40.65,40.70,40.80,,,1290,,,nasdaq,
2024-10-22,ENOFUTBLYR-28,43.00,43.00,43.10,,,453,,,nasdaq,
2024-10-22,ENOFUTBLYR-29,45.24,45.12,45.35,,,123,,,nasdaq,
2024-10-22,ENOFUTBLYR-30,47.25,,,,,77,,,nasdaq,
2024-10-22,ENOFUTBLYR-31,48.25,,,,,40,,,nasdaq,
2024-10-22,ENOFUTBLYR-32,48.95,,,,,,,,nasdaq,
2024-10-22,ENOFUTBLYR-33,49.15,,,,,,,,nasdaq,
2024-10-22,ENOFUTBLYR-34,49.40,,,,,,,,nasdaq,
2024-10-23,ENOFUTBLQ2-26,30.35,30.20,30.50,,,181,,,nasdaq,
2024-10-23,ENOFUTBLQ3-26,22.60,20.10,25.10,,,183,,,nasdaq,
2024-10-23,ENOFUTBLQ4-26,44.75,44.65,45.00,,,172,,,nasdaq,
2024-10-23,ENOFUTBLYR-27,40.80,40.70,40.85,40.80,40.80,1283,,,nasdaq,
2024-10-23,ENOFUTBLYR-28,43.05,40.30,44.50,43.10,43.05,459,,,nasdaq,
2024-10-23,ENOFUTBLYR-29,45.19,45.12,45.25,,,123,,,nasdaq,
2024-10-23,ENOFUTBLYR-30,47.25,,,,,77,,,nasdaq,
2024-10-23,ENOFUTBLYR-31,48.25,,,,,40,,,nasdaq,
2024-10-23,ENOFUTBLYR-32,48.95,,,,,,,,nasdaq,
2024-10-23,ENOFUTBLYR-33,49.15,,,,,,,,nasdaq,
2024-10-23,ENOFUTBLYR-34,49.40,,,,,,,,nasdaq,
2024-10-24,ENOFUTBLQ2-26,30.50,,,,,181,,,nasdaq,
2024-10-24,ENOFUTBLQ3-26,22.75,,,,,183,,,nasdaq,
2024-10-24,ENOFUTBLQ4-26,44.85,44.65,45.00,,,176,,,nasdaq,
2024-10-24,ENOFUTBLYR-27,40.75,40.70,40.90,,,1280,,,nasdaq,
2024-10-24,ENOFUTBLYR-28,42.95,42.25,43.05,,,462,,,nasdaq,
2024-10-24,ENOFUTBLYR-29,45.30,45.25,46.00,,,123,,,nasdaq,
2024-10-24,ENOFUTBLYR-30,47.25,,,,,77,,,nasdaq,
2024-10-24,ENOFUTBLYR-31,48.25,,,,,40,,,nasdaq,
2024-10-24,ENOFUTBLYR-32,48.95,,,,,,,,nasdaq,
2024-10-24,ENOFUTBLYR-33,49.15,,,,,,,,nasdaq,
2024-10-24,ENOFUTBLYR-34,49.40,,,,,,,,nasdaq,
2024-10-25,ENOFUTBLQ2-26,30.65,29.50,30.70,30.75,30.75,181,,,nasdaq,
2024-10-25,ENOFUTBLQ3-26,22.80,20.75,23.50,,,183,,,nasdaq,
2024-10-25,ENOFUTBLQ4-26,44.95,44.60,45.00,,,180,,,nasdaq,
2024-10-25,ENOFUTBLYR-27,40.85,40.50,40.95,,,1280,,,nasdaq,
2024-10-25,ENOFUTBLYR-28,42.85,40.75,43.00,,,462,,,nasdaq,
2024-10-25,ENOFUTBLYR-29,45.25,43.10,46.25,,,123,,,nasdaq,
2024-10-25,ENOFUTBLYR-30,47.25,,,,,77,,,nasdaq,
2024-10-25,ENOFUTBLYR-31,48.25,,,,,40,,,nasdaq,
2024-10-25,ENOFUTBLYR-32,48.95,,,,,,,,nasdaq,
2024-10-25,ENOFUTBLYR-33,49.15,,,,,,,,nasdaq,
2024-10-25,ENOFUTBLYR-34,49.40,,,,,,,,nasdaq,
2024-10-28,ENOFUTBLQ2-26,30.21,27.00,30.20,30.21,30.21,183,,,nasdaq,
2024-10-28,ENOFUTBLQ3-26,22.38,22.25,22.50,,,183,,,nasdaq,
2024-10-28,ENOFUTBLQ4-26,44.65,44.55,,44.75,44.70,182,,,nasdaq,
2024-10-28,ENOFUTBLYR-27,40.60,40.50,40.65,,,1287,,,nasdaq,
2024-10-28,ENOFUTBLYR-28,42.88,42.50,43.05,,,462,,,nasdaq,
2024-10-28,ENOFUTBLYR-29,45.25,,45.50,,,126,,,nasdaq,
2024-10-28,ENOFUTBLYR-30,47.25,43.00,,,,77,,,nasdaq,
2024-10-28,ENOFUTBLYR-31,48.25,43.00,,,,40,,,nasdaq,
2024-10-28,ENOFUTBLYR-32,48.95,,,,,,,,nasdaq,
2024-10-28,ENOFUTBLYR-33,49.15,,,,,,,,nasdaq,
2024-10-28,ENOFUTBLYR-34,49.40,,,,,,,,nasdaq,
2024-10-29,ENOFUTBLQ2-26,30.00,29.80,30.45,,,184,,,nasdaq,
2024-10-29,ENOFUTBLQ3-26,23.00,23.00,23.25,23.00,22.65,183,,,nasdaq,
2024-10-29,ENOFUTBLQ4-26,44.75,44.55,44.85,44.75,44.75,182,,,nasdaq,
2024-10-29,ENOFUTBLYR-27,40.75,40.45,40.75,,,1292,,,nasdaq,
2024-10-29,ENOFUTBLYR-28,42.88,42.62,43.05,,,451,,,nasdaq,
2024-10-29,ENOFUTBLYR-29,45.25,44.12,45.50,,,123,,,nasdaq,
2024-10-29,ENOFUTBLYR-30,47.25,,,,,77,,,nasdaq,
2024-10-29,ENOFUTBLYR-31,48.25,,,,,40,,,nasdaq,
2024-10-29,ENOFUTBLYR-32,48.95,,,,,,,,nasdaq,
2024-10-29,ENOFUTBLYR-33,49.15,,,,,,,,nasdaq,
2024-10-29,ENOFUTBLYR-34,49.40,,,,,,,,nasdaq,
2024-10-30,ENOFUTBLQ2-26,29.70,29.25,29.85,,,183,,,nasdaq,
2024-10-30,ENOFUTBLQ3-26,23.00,22.85,23.25,23.00,23.00,190,,,nasdaq,
2024-10-30,ENOFUTBLQ4-26,44.28,44.00,44.55,,,182,,,nasdaq,
2024-10-30,ENOFUTBLYR-27,40.45,40.25,40.45,40.55,40.45,1295,,,nasdaq,
2024-10-30,ENOFUTBLYR-28,42.75,42.42,43.05,,,451,,,nasdaq,
2024-10-30,ENOFUTBLYR-29,45.31,44.12,46.50,,,123,,,nasdaq,
2024-10-30,ENOFUTBLYR-30,47.25,,,,,77,,,nasdaq,
2024-10-30,ENOFUTBLYR-31,48.25,,,,,40,,,nasdaq,
2024-10-30,ENOFUTBLYR-32,48.95,,,,,,,,nasdaq,
2024-10-30,ENOFUTBLYR-33,49.15,,,,,,,,nasdaq,
2024-10-30,ENOFUTBLYR-34,49.40,,,,,,,,nasdaq,
2024-10-31,ENOFUTBLQ2-26,29.00,28.50,29.55,,,186,,,nasdaq,
2024-10-31,ENOFUTBLQ3-26,22.75,22.00,22.90,22.75,22.75,193,,,nasdaq,
2024-10-31,ENOFUTBLQ4-26,44.25,43.50,44.50,44.25,44.25,182,,,nasdaq,
2024-10-31,ENOFUTBLYR-27,40.35,40.20,40.35,40.35,40.35,1302,,,nasdaq,
2024-10-31,ENOFUTBLYR-28,42.50,42.20,42.55,42.16,42.16,455,,,nasdaq,
2024-10-31,ENOFUTBLYR-29,44.75,44.30,46.85,44.26,44.26,123,,,nasdaq,
2024-10-31,ENOFUTBLYR-30,47.00,,,,,77,,,nasdaq,
2024-10-31,ENOFUTBLYR-31,48.00,,,,,40,,,nasdaq,
2024-10-31,ENOFUTBLYR-32,48.75,,,,,,,,nasdaq,
2024-10-31,ENOFUTBLYR-33,49.05,,,,,,,,nasdaq,
2024-10-31,ENOFUTBLYR-34,49.35,,,,,,,,nasdaq,
2024-11-01,ENOFUTBLQ2-26,29.05,29.00,29.10,29.05,29.05,186,,,nasdaq,
2024-11-01,ENOFUTBLQ3-26,22.70,22.70,25.25,22.75,22.70,195,,,nasdaq,
2024-11-01,ENOFUTBLQ4-26,44.25,44.25,44.35,44.25,44.25,185,,,nasdaq,
2024-11-01,ENOFUTBLYR-27,40.20,39.80,40.25,,,1308,,,nasdaq,
2024-11-01,ENOFUTBLYR-28,42.25,41.12,42.35,,,460,,,nasdaq,
2024-11-01,ENOFUTBLYR-29,44.60,43.12,44.75,,,123,,,nasdaq,
2024-11-01,ENOFUTBLYR-30,47.00,45.00,49.00,,,77,,,nasdaq,
2024-11-01,ENOFUTBLYR-31,48.00,,,,,40,,,nasdaq,
2024-11-01,ENOFUTBLYR-32,48.75,,,,,,,,nasdaq,
2024-11-01,ENOFUTBLYR-33,49.05,,,,,,,,nasdaq,
2024-11-01,ENOFUTBLYR-34,49.35,,,,,,,,nasdaq,
2024-11-04,ENOFUTBLQ2-26,29.30,29.20,29.60,29.30,29.30,184,,,nasdaq,
2024-11-04,ENOFUTBLQ3-26,23.35,23.10,23.60,,,202,,,nasdaq,
2024-11-04,ENOFUTBLQ4-26,44.70,41.50,44.70,44.70,44.70,202,,,nasdaq,
2024-11-04,ENOFUTBLYR-27,40.30,39.85,40.50,,,1314,,,nasdaq,
2024-11-04,ENOFUTBLYR-28,42.25,41.22,42.50,,,461,,,nasdaq,
2024-11-04,ENOFUTBLYR-29,44.60,43.12,46.00,,,123,,,nasdaq,
2024-11-04,ENOFUTBLYR-30,47.00,43.00,50.00,,,77,,,nasdaq,
2024-11-04,ENOFUTBLYR-31,48.00,43.00,,,,40,,,nasdaq,
2024-11-04,ENOFUTBLYR-32,48.75,,,,,,,,nasdaq,
2024-11-04,ENOFUTBLYR-33,49.05,,,,,,,,nasdaq,
2024-11-04,ENOFUTBLYR-34,49.35,,,,,,,,nasdaq,
2024-11-05,ENOFUTBLQ2-26,28.80,28.60,29.00,29.10,29.10,189,,,nasdaq,
2024-11-05,ENOFUTBLQ3-26,23.00,22.85,23.15,23.25,23.00,202,,,nasdaq,
2024-11-05,ENOFUTBLQ4-26,44.25,41.55,44.30,44.50,44.25,202,,,nasdaq,
2024-11-05,ENOFUTBLYR-27,39.80,39.80,40.10,40.00,39.80,1317,,,nasdaq,
2024-11-05,ENOFUTBLYR-28,42.00,40.15,42.25,,,461,,,nasdaq,
2024-11-05,ENOFUTBLYR-29,44.45,42.50,45.00,,,123,,,nasdaq,
2024-11-05,ENOFUTBLYR-30,47.00,44.60,50.00,,,77,,,nasdaq,
2024-11-05,ENOFUTBLYR-31,48.00,,,,,40,,,nasdaq,
2024-11-05,ENOFUTBLYR-32,48.75,,,,,,,,nasdaq,
2024-11-05,ENOFUTBLYR-33,49.05,,,,,,,,nasdaq,
2024-11-05,ENOFUTBLYR-34,49.35,,,,,,,,nasdaq,
2024-11-06,ENOFUTBLQ2-26,28.50,28.00,31.55,28.50,28.50,190,,,nasdaq,
2024-11-06,ENOFUTBLQ3-26,22.80,22.60,22.90,22.80,22.80,206,,,nasdaq,
2024-11-06,ENOFUTBLQ4-26,44.00,42.00,47.00,45.50,44.00,210,,,nasdaq,
2024-11-06,ENOFUTBLYR-27,39.60,39.25,39.55,39.60,39.50,1321,,,nasdaq,
2024-11-06,ENOFUTBLYR-28,41.80,41.12,42.00,,,461,,,nasdaq,
2024-11-06,ENOFUTBLYR-29,44.33,43.12,44.75,,,123,,,nasdaq,
2024-11-06,ENOFUTBLYR-30,47.00,44.75,49.00,,,77,,,nasdaq,
2024-11-06,ENOFUTBLYR-31,48.00,,,,,40,,,nasdaq,
2024-11-06,ENOFUTBLYR-32,48.75,,,,,,,,nasdaq,
2024-11-06,ENOFUTBLYR-33,49.05,,,,,,,,nasdaq,
2024-11-06,ENOFUTBLYR-34,49.35,,,,,,,,nasdaq,
2024-11-07,ENOFUTBLQ2-26,28.68,28.55,,28.80,28.50,192,,,nasdaq,
2024-11-07,ENOFUTBLQ3-26,23.00,21.00,23.40,23.00,23.00,208,,,nasdaq,
2024-11-07,ENOFUTBLQ4-26,44.38,43.75,45.00,,,211,,,nasdaq,
2024-11-07,ENOFUTBLYR-27,39.80,39.59,39.95,,,1326,,,nasdaq,
2024-11-07,ENOFUTBLYR-28,41.65,41.50,41.80,,,462,,,nasdaq,
2024-11-07,ENOFUTBLYR-29,44.18,43.12,44.30,,,123,,,nasdaq,
2024-11-07,ENOFUTBLYR-30,47.00,,,,,77,,,nasdaq,
2024-11-07,ENOFUTBLYR-31,48.00,,,,,40,,,nasdaq,
2024-11-07,ENOFUTBLYR-32,48.75,,,,,,,,nasdaq,
2024-11-07,ENOFUTBLYR-33,49.05,,,,,,,,nasdaq,
2024-11-07,ENOFUTBLYR-34,49.35,,,,,,,,nasdaq,
2024-11-08,ENOFUTBLQ2-26,28.75,28.40,28.95,,,198,,,nasdaq,
2024-11-08,ENOFUTBLQ3-26,23.20,22.20,23.25,,,216,,,nasdaq,
2024-11-08,ENOFUTBLQ4-26,44.40,44.25,47.23,,,211,,,nasdaq,
2024-11-08,ENOFUTBLYR-27,40.05,39.00,40.15,,,1344,,,nasdaq,
2024-11-08,ENOFUTBLYR-28,41.80,41.12,42.00,,,462,,,nasdaq,
2024-11-08,ENOFUTBLYR-29,44.10,43.12,44.20,,,123,,,nasdaq,
2024-11-08,ENOFUTBLYR-30,47.00,43.50,,,,77,,,nasdaq,
2024-11-08,ENOFUTBLYR-31,48.00,,,,,40,,,nasdaq,
2024-11-08,ENOFUTBLYR-32,48.75,,,,,,,,nasdaq,
2024-11-08,ENOFUTBLYR-33,49.05,,,,,,,,nasdaq,
2024-11-08,ENOFUTBLYR-34,49.35,,,,,,,,nasdaq,
2024-11-11,ENOFUTBLQ2-26,29.00,28.60,30.63,,,198,,,nasdaq,
2024-11-11,ENOFUTBLQ3-26,23.45,22.70,24.88,,,216,,,nasdaq,
2024-11-11,ENOFUTBLQ4-26,44.65,44.50,44.65,44.65,44.65,211,,,nasdaq,
2024-11-11,ENOFUTBLYR-27,40.20,39.60,40.25,,,1351,,,nasdaq,
2024-11-11,ENOFUTBLYR-28,41.95,41.35,42.75,,,478,,,nasdaq,
2024-11-11,ENOFUTBLYR-29,44.10,41.10,47.60,,,123,,,nasdaq,
2024-11-11,ENOFUTBLYR-30,47.00,43.00,,,,77,,,nasdaq,
2024-11-11,ENOFUTBLYR-31,48.00,43.00,,,,40,,,nasdaq,
2024-11-11,ENOFUTBLYR-32,48.75,,,,,,,,nasdaq,
2024-11-11,ENOFUTBLYR-33,49.05,,,,,,,,nasdaq,
2024-11-11,ENOFUTBLYR-34,49.35,,,,,,,,nasdaq,
2024-11-12,ENOFUTBLQ2-26,29.30,29.00,29.35,29.30,29.30,198,,,nasdaq,
2024-11-12,ENOFUTBLQ3-26,23.35,23.25,23.85,,,216,,,nasdaq,
2024-11-12,ENOFUTBLQ4-26,44.65,44.60,46.53,,,211,,,nasdaq,
2024-11-12,ENOFUTBLYR-27,40.35,40.30,40.65,,,1360,,,nasdaq,
2024-11-12,ENOFUTBLYR-28,42.00,41.70,42.60,,,478,,,nasdaq,
2024-11-12,ENOFUTBLYR-29,44.10,42.35,45.80,,,123,,,nasdaq,
2024-11-12,ENOFUTBLYR-30,47.00,,,,,77,,,nasdaq,
2024-11-12,ENOFUTBLYR-31,48.00,,,,,40,,,nasdaq,
2024-11-12,ENOFUTBLYR-32,48.75,,,,,,,,nasdaq,
2024-11-12,ENOFUTBLYR-33,49.05,,,,,,,,nasdaq,
2024-11-12,ENOFUTBLYR-34,49.35,,,,,,,,nasdaq,
2024-11-13,ENOFUTBLQ2-26,28.95,28.80,29.10,29.39,29.20,199,,,nasdaq,
2024-11-13,ENOFUTBLQ3-26,23.00,22.70,24.00,,,216,,,nasdaq,
2024-11-13,ENOFUTBLQ4-26,44.40,43.90,46.60,44.50,44.25,211,,,nasdaq,
2024-11-13,ENOFUTBLYR-27,40.10,40.00,40.25,40.10,40.10,1366,,,nasdaq,
2024-11-13,ENOFUTBLYR-28,41.90,40.15,41.95,,,481,,,nasdaq,
2024-11-13,ENOFUTBLYR-29,44.10,43.65,46.75,,,123,,,nasdaq,
2024-11-13,ENOFUTBLYR-30,47.00,44.00,50.00,,,77,,,nasdaq,
2024-11-13,ENOFUTBLYR-31,48.00,,,,,40,,,nasdaq,
2024-11-13,ENOFUTBLYR-32,48.75,,,,,,,,nasdaq,
2024-11-13,ENOFUTBLYR-33,49.05,,,,,,,,nasdaq,
2024-11-13,ENOFUTBLYR-34,49.35,,,,,,,,nasdaq,
2024-11-14,ENOFUTBLQ2-26,29.70,29.25,30.15,,,206,,,nasdaq,
2024-11-14,ENOFUTBLQ3-26,23.75,23.35,26.50,,,216,,,nasdaq,
2024-11-14,ENOFUTBLQ4-26,44.95,44.25,47.90,,,216,,,nasdaq,
2024-11-14,ENOFUTBLYR-27,40.45,40.25,40.50,40.40,40.35,1367,,,nasdaq,
2024-11-14,ENOFUTBLYR-28,42.20,41.37,42.50,,,486,,,nasdaq,
2024-11-14,ENOFUTBLYR-29,44.10,43.12,44.50,,,123,,,nasdaq,
2024-11-14,ENOFUTBLYR-30,47.00,,,,,77,,,nasdaq,
2024-11-14,ENOFUTBLYR-31,48.00,,,,,40,,,nasdaq,
2024-11-14,ENOFUTBLYR-32,48.75,,,,,,,,nasdaq,
2024-11-14,ENOFUTBLYR-33,49.05,,,,,,,,nasdaq,
2024-11-14,ENOFUTBLYR-34,49.35,,,,,,,,nasdaq,
2024-11-15,ENOFUTBLQ2-26,29.85,29.50,30.20,,,206,,,nasdaq,
2024-11-15,ENOFUTBLQ3-26,23.58,23.40,23.75,,,216,,,nasdaq,
2024-11-15,ENOFUTBLQ4-26,45.00,43.25,48.45,,,216,,,nasdaq,
2024-11-15,ENOFUTBLYR-27,40.20,40.20,40.85,40.20,40.20,1373,,,nasdaq,
2024-11-15,ENOFUTBLYR-28,42.05,41.90,42.10,,,488,,,nasdaq,
2024-11-15,ENOFUTBLYR-29,44.00,43.07,44.10,,,123,,,nasdaq,
2024-11-15,ENOFUTBLYR-30,47.00,,,,,77,,,nasdaq,
2024-11-15,ENOFUTBLYR-31,48.00,,,,,40,,,nasdaq,
2024-11-15,ENOFUTBLYR-32,48.75,,,,,,,,nasdaq,
2024-11-15,ENOFUTBLYR-33,49.05,,,,,,,,nasdaq,
2024-11-15,ENOFUTBLYR-34,49.35,,,,,,,,nasdaq,
2024-11-18,ENOFUTBLQ2-26,30.00,29.20,32.10,,,206,,,nasdaq,
2024-11-18,ENOFUTBLQ3-26,23.73,23.45,25.83,,,216,,,nasdaq,
2024-11-18,ENOFUTBLQ4-26,45.25,45.15,47.25,,,216,,,nasdaq,
2024-11-18,ENOFUTBLYR-27,40.50,40.50,40.70,40.50,40.50,1383,,,nasdaq,
2024-11-18,ENOFUTBLYR-28,42.00,41.75,42.60,,,489,,,nasdaq,
2024-11-18,ENOFUTBLYR-29,44.00,43.12,45.40,,,123,,,nasdaq,
2024-11-18,ENOFUTBLYR-30,47.00,43.00,,,,77,,,nasdaq,
2024-11-18,ENOFUTBLYR-31,48.00,43.00,,,,40,,,nasdaq,
2024-11-18,ENOFUTBLYR-32,48.75,,,,,,,,nasdaq,
2024-11-18,ENOFUTBLYR-33,49.05,,,,,,,,nasdaq,
2024-11-18,ENOFUTBLYR-34,49.35,,,,,,,,nasdaq,
2024-11-19,ENOFUTBLQ2-26,29.90,29.80,30.00,,,206,,,nasdaq,
2024-11-19,ENOFUTBLQ3-26,23.65,23.55,,,,216,,,nasdaq,
2024-11-19,ENOFUTBLQ4-26,45.50,42.00,,45.50,45.50,216,,,nasdaq,
2024-11-19,ENOFUTBLYR-27,40.33,40.25,40.40,40.50,40.35,1388,,,nasdaq,
2024-11-19,ENOFUTBLYR-28,42.00,41.15,,,,490,,,nasdaq,
2024-11-19,ENOFUTBLYR-29,44.00,43.12,,,,123,,,nasdaq,
2024-11-19,ENOFUTBLYR-30,47.00,,,,,77,,,nasdaq,
2024-11-19,ENOFUTBLYR-31,48.00,,,,,40,,,nasdaq,
2024-11-19,ENOFUTBLYR-32,48.75,,,,,,,,nasdaq,
2024-11-19,ENOFUTBLYR-33,49.05,,,,,,,,nasdaq,
2024-11-19,ENOFUTBLYR-34,49.35,,,,,,,,nasdaq,
2024-11-20,ENOFUTBLQ2-26,29.68,29.35,30.00,,,206,,,nasdaq,
2024-11-20,ENOFUTBLQ3-26,23.60,23.60,24.25,23.60,23.60,216,,,nasdaq,
2024-11-20,ENOFUTBLQ4-26,45.40,45.25,45.70,45.40,45.40,217,,,nasdaq,
2024-11-20,ENOFUTBLYR-27,40.30,40.25,40.75,,,1390,,,nasdaq,
2024-11-20,ENOFUTBLYR-28,42.00,41.15,,,,490,,,nasdaq,
2024-11-20,ENOFUTBLYR-29,44.00,43.12,,,,123,,,nasdaq,
2024-11-20,ENOFUTBLYR-30,47.00,,,,,77,,,nasdaq,
2024-11-20,ENOFUTBLYR-31,48.00,,,,,40,,,nasdaq,
2024-11-20,ENOFUTBLYR-32,48.75,,,,,,,,nasdaq,
2024-11-20,ENOFUTBLYR-33,49.05,,,,,,,,nasdaq,
2024-11-20,ENOFUTBLYR-34,49.35,,,,,,,,nasdaq,
2024-11-21,ENOFUTBLQ2-26,30.10,30.00,32.48,29.95,29.95,206,,,nasdaq,
2024-11-21,ENOFUTBLQ3-26,24.00,22.00,26.40,,,216,,,nasdaq,
2024-11-21,ENOFUTBLQ4-26,45.40,45.25,48.20,,,219,,,nasdaq,
2024-11-21,ENOFUTBLYR-27,40.45,40.15,40.50,,,1393,,,nasdaq,
2024-11-21,ENOFUTBLYR-28,42.18,42.00,42.35,,,490,,,nasdaq,
2024-11-21,ENOFUTBLYR-29,44.00,43.12,46.40,,,123,,,nasdaq,
2024-11-21,ENOFUTBLYR-30,47.00,,,,,77,,,nasdaq,
2024-11-21,ENOFUTBLYR-31,48.00,,,,,40,,,nasdaq,
2024-11-21,ENOFUTBLYR-32,48.75,,,,,,,,nasdaq,
2024-11-21,ENOFUTBLYR-33,49.05,,,,,,,,nasdaq,
2024-11-21,ENOFUTBLYR-34,49.35,,,,,,,,nasdaq,
2024-11-22,ENOFUTBLQ2-26,30.00,28.75,32.60,,,207,,,nasdaq,
2024-11-22,ENOFUTBLQ3-26,23.90,23.00,26.50,,,216,,,nasdaq,
2024-11-22,ENOFUTBLQ4-26,45.30,45.10,47.90,,,219,,,nasdaq,
2024-11-22,ENOFUTBLYR-27,40.30,40.00,40.45,40.50,40.30,1398,,,nasdaq,
2024-11-22,ENOFUTBLYR-28,42.10,41.80,42.50,,,490,,,nasdaq,
2024-11-22,ENOFUTBLYR-29,43.90,43.80,46.40,,,123,,,nasdaq,
2024-11-22,ENOFUTBLYR-30,47.00,,,,,77,,,nasdaq,
2024-11-22,ENOFUTBLYR-31,48.00,,,,,40,,,nasdaq,
2024-11-22,ENOFUTBLYR-32,48.75,,,,,,,,nasdaq,
2024-11-22,ENOFUTBLYR-33,49.05,,,,,,,,nasdaq,
2024-11-22,ENOFUTBLYR-34,49.35,,,,,,,,nasdaq,
2024-11-25,ENOFUTBLQ2-26,29.50,29.15,32.75,29.50,29.50,207,,,nasdaq,
2024-11-25,ENOFUTBLQ3-26,23.25,23.00,24.00,23.25,23.25,216,,,nasdaq,
2024-11-25,ENOFUTBLQ4-26,45.00,44.00,46.00,45.00,45.00,219,,,nasdaq,
2024-11-25,ENOFUTBLYR-27,40.00,40.00,40.25,40.00,40.00,1400,,,nasdaq,
2024-11-25,ENOFUTBLYR-28,41.98,41.70,42.25,,,494,,,nasdaq,
2024-11-25,ENOFUTBLYR-29,43.90,43.55,44.30,,,125,,,nasdaq,
2024-11-25,ENOFUTBLYR-30,47.00,43.00,,,,77,,,nasdaq,
2024-11-25,ENOFUTBLYR-31,48.00,43.00,,,,40,,,nasdaq,
2024-11-25,ENOFUTBLYR-32,48.75,,,,,,,,nasdaq,
2024-11-25,ENOFUTBLYR-33,49.05,,,,,,,,nasdaq,
2024-11-25,ENOFUTBLYR-34,49.35,,,,,,,,nasdaq,
2024-11-26,ENOFUTBLQ2-26,28.95,28.75,29.15,29.20,29.20,208,,,nasdaq,
2024-11-26,ENOFUTBLQ3-26,23.00,22.75,23.25,23.00,23.00,217,,,nasdaq,
2024-11-26,ENOFUTBLQ4-26,45.00,44.75,45.00,45.00,44.75,220,,,nasdaq,
2024-11-26,ENOFUTBLYR-27,39.80,39.50,40.15,,,1406,,,nasdaq,
2024-11-26,ENOFUTBLYR-28,41.85,41.12,43.90,,,494,,,nasdaq,
2024-11-26,ENOFUTBLYR-29,43.90,43.12,45.15,,,125,,,nasdaq,
2024-11-26,ENOFUTBLYR-30,47.00,,,,,77,,,nasdaq,
2024-11-26,ENOFUTBLYR-31,48.00,,,,,40,,,nasdaq,
2024-11-26,ENOFUTBLYR-32,48.75,,,,,,,,nasdaq,
2024-11-26,ENOFUTBLYR-33,49.05,,,,,,,,nasdaq,
2024-11-26,ENOFUTBLYR-34,49.35,,,,,,,,nasdaq,
2024-11-27,ENOFUTBLQ2-26,29.13,29.00,29.25,,,209,,,nasdaq,
2024-11-27,ENOFUTBLQ3-26,23.50,23.00,24.00,,,228,,,nasdaq,
2024-11-27,ENOFUTBLQ4-26,45.00,43.00,45.25,,,227,,,nasdaq,
2024-11-27,ENOFUTBLYR-27,40.00,39.70,40.45,,,1407,,,nasdaq,
2024-11-27,ENOFUTBLYR-28,42.03,41.55,42.50,,,498,,,nasdaq,
2024-11-27,ENOFUTBLYR-29,43.90,41.65,46.65,,,125,,,nasdaq,
2024-11-27,ENOFUTBLYR-30,47.00,,,,,77,,,nasdaq,
2024-11-27,ENOFUTBLYR-31,48.00,,,,,40,,,nasdaq,
2024-11-27,ENOFUTBLYR-32,48.75,,,,,,,,nasdaq,
2024-11-27,ENOFUTBLYR-33,49.05,,,,,,,,nasdaq,
2024-11-27,ENOFUTBLYR-34,49.35,,,,,,,,nasdaq,
2024-11-28,ENOFUTBLQ2-26,29.00,28.75,30.00,,,209,,,nasdaq,
2024-11-28,ENOFUTBLQ3-26,23.25,23.05,23.75,,,228,,,nasdaq,
2024-11-28,ENOFUTBLQ4-26,45.20,45.00,46.00,45.20,45.20,227,,,nasdaq,
2024-11-28,ENOFUTBLYR-27,40.00,39.90,40.05,,,1407,,,nasdaq,
2024-11-28,ENOFUTBLYR-28,42.00,41.12,42.70,,,498,,,nasdaq,
2024-11-28,ENOFUTBLYR-29,43.90,43.12,46.00,,,125,,,nasdaq,
2024-11-28,ENOFUTBLYR-30,47.00,44.00,50.00,,,77,,,nasdaq,
2024-11-28,ENOFUTBLYR-31,48.00,,,,,40,,,nasdaq,
2024-11-28,ENOFUTBLYR-32,48.75,,,,,,,,nasdaq,
2024-11-28,ENOFUTBLYR-33,49.05,,,,,,,,nasdaq,
2024-11-28,ENOFUTBLYR-34,49.35,,,,,,,,nasdaq,
2024-11-29,ENOFUTBLQ2-26,28.75,28.25,28.90,28.80,28.75,209,,,nasdaq,
2024-11-29,ENOFUTBLQ3-26,23.00,22.75,23.25,23.00,23.00,228,,,nasdaq,
2024-11-29,ENOFUTBLQ4-26,45.10,44.40,45.40,,,235,,,nasdaq,
2024-11-29,ENOFUTBLYR-27,39.70,39.60,40.00,39.70,39.70,1404,,,nasdaq,
2024-11-29,ENOFUTBLYR-28,41.90,41.75,42.20,,,499,,,nasdaq,
2024-11-29,ENOFUTBLYR-29,43.80,43.45,46.20,,,125,,,nasdaq,
2024-11-29,ENOFUTBLYR-30,46.95,,,,,77,,,nasdaq,
2024-11-29,ENOFUTBLYR-31,48.00,,,,,40,,,nasdaq,
2024-11-29,ENOFUTBLYR-32,48.75,,,,,,,,nasdaq,
2024-11-29,ENOFUTBLYR-33,49.05,,,,,,,,nasdaq,
2024-11-29,ENOFUTBLYR-34,49.35,,,,,,,,nasdaq,
2024-12-02,ENOFUTBLQ2-26,28.88,28.25,29.50,,,211,,,nasdaq,
2024-12-02,ENOFUTBLQ3-26,23.25,22.25,24.25,,,228,,,nasdaq,
2024-12-02,ENOFUTBLQ4-26,44.40,43.10,45.40,,,243,,,nasdaq,
2024-12-02,ENOFUTBLYR-27,39.85,39.80,39.88,39.85,39.85,1410,,,nasdaq,
2024-12-02,ENOFUTBLYR-28,41.90,41.80,42.00,,,500,,,nasdaq,
2024-12-02,ENOFUTBLYR-29,43.80,41.70,46.70,,,125,,,nasdaq,
2024-12-02,ENOFUTBLYR-30,46.95,43.00,49.75,,,77,,,nasdaq,
2024-12-02,ENOFUTBLYR-31,48.00,43.00,,,,40,,,nasdaq,
2024-12-02,ENOFUTBLYR-32,48.75,,,,,,,,nasdaq,
2024-12-02,ENOFUTBLYR-33,49.05,,,,,,,,nasdaq,
2024-12-02,ENOFUTBLYR-34,49.35,,,,,,,,nasdaq,
2024-12-03,ENOFUTBLQ2-26,28.35,28.25,29.15,,,211,,,nasdaq,
2024-12-03,ENOFUTBLQ3-26,22.90,22.55,23.50,23.00,22.90,228,,,nasdaq,
2024-12-03,ENOFUTBLQ4-26,44.80,44.70,45.40,,,243,,,nasdaq,
2024-12-03,ENOFUTBLYR-27,39.70,39.00,39.89,40.05,39.90,1410,,,nasdaq,
2024-12-03,ENOFUTBLYR-28,41.75,41.25,41.89,41.90,41.90,501,,,nasdaq,
2024-12-03,ENOFUTBLYR-29,43.80,43.12,46.55,,,125,,,nasdaq,
2024-12-03,ENOFUTBLYR-30,46.95,43.50,48.50,,,77,,,nasdaq,
2024-12-03,ENOFUTBLYR-31,48.00,,,,,40,,,nasdaq,
2024-12-03,ENOFUTBLYR-32,48.75,,,,,,,,nasdaq,
2024-12-03,ENOFUTBLYR-33,49.05,,,,,,,,nasdaq,
2024-12-03,ENOFUTBLYR-34,49.35,,,,,,,,nasdaq,
2024-12-04,ENOFUTBLQ2-26,27.40,27.00,27.40,27.60,27.40,211,,,nasdaq,
2024-12-04,ENOFUTBLQ3-26,22.40,22.40,22.60,22.50,22.40,239,,,nasdaq,
2024-12-04,ENOFUTBLQ4-26,44.00,43.50,44.00,44.00,43.80,243,,,nasdaq,
2024-12-04,ENOFUTBLYR-27,39.75,39.45,39.65,,,1414,,,nasdaq,
2024-12-04,ENOFUTBLYR-28,42.00,41.75,42.25,,,508,,,nasdaq,
2024-12-04,ENOFUTBLYR-29,43.69,43.12,44.25,,,136,,,nasdaq,
2024-12-04,ENOFUTBLYR-30,46.95,43.00,48.00,,,77,,,nasdaq,
2024-12-04,ENOFUTBLYR-31,48.00,,,,,40,,,nasdaq,
2024-12-04,ENOFUTBLYR-32,48.75,,,,,,,,nasdaq,
2024-12-04,ENOFUTBLYR-33,49.05,,,,,,,,nasdaq,
2024-12-04,ENOFUTBLYR-34,49.35,,,,,,,,nasdaq,
2024-12-05,ENOFUTBLQ2-26,26.70,26.50,27.00,,,230,,,nasdaq,
2024-12-05,ENOFUTBLQ3-26,22.15,20.50,23.00,22.15,22.15,249,,,nasdaq,
2024-12-05,ENOFUTBLQ4-26,43.15,42.75,43.75,,,280,,,nasdaq,
2024-12-05,ENOFUTBLYR-27,39.50,39.35,39.50,39.80,39.50,1416,,,nasdaq,
2024-12-05,ENOFUTBLYR-28,41.85,40.25,42.10,,,509,,,nasdaq,
2024-12-05,ENOFUTBLYR-29,43.55,43.12,44.25,,,136,,,nasdaq,
2024-12-05,ENOFUTBLYR-30,46.90,,,,,77,,,nasdaq,
2024-12-05,ENOFUTBLYR-31,48.00,,,,,40,,,nasdaq,
2024-12-05,ENOFUTBLYR-32,48.75,,,,,,,,nasdaq,
2024-12-05,ENOFUTBLYR-33,49.05,,,,,,,,nasdaq,
2024-12-05,ENOFUTBLYR-34,49.35,,,,,,,,nasdaq,
2024-12-06,ENOFUTBLQ2-26,26.10,26.10,26.40,,,229,,,nasdaq,
2024-12-06,ENOFUTBLQ3-26,21.90,21.90,22.25,21.95,21.90,252,,,nasdaq,
2024-12-06,ENOFUTBLQ4-26,42.75,42.75,44.50,,,280,,,nasdaq,
2024-12-06,ENOFUTBLYR-27,39.30,39.20,39.35,,,1418,,,nasdaq,
2024-12-06,ENOFUTBLYR-28,41.70,41.12,42.50,,,510,,,nasdaq,
2024-12-06,ENOFUTBLYR-29,43.50,,,,,136,,,nasdaq,
2024-12-06,ENOFUTBLYR-30,46.90,,,,,77,,,nasdaq,
2024-12-06,ENOFUTBLYR-31,48.00,,,,,40,,,nasdaq,
2024-12-06,ENOFUTBLYR-32,48.75,,,,,,,,nasdaq,
2024-12-06,ENOFUTBLYR-33,49.05,,,,,,,,nasdaq,
2024-12-06,ENOFUTBLYR-34,49.35,,,,,,,,nasdaq,
2024-12-09,ENOFUTBLQ2-26,24.95,24.95,28.85,25.00,24.75,229,,,nasdaq,
2024-12-09,ENOFUTBLQ3-26,21.00,20.95,21.50,21.00,20.65,255,,,nasdaq,
2024-12-09,ENOFUTBLQ4-26,42.43,42.30,42.50,42.40,42.25,280,,,nasdaq,
2024-12-09,ENOFUTBLYR-27,38.60,38.40,38.60,39.00,38.20,1424,,,nasdaq,
2024-12-09,ENOFUTBLYR-28,41.23,40.30,41.35,,,510,,,nasdaq,
2024-12-09,ENOFUTBLYR-29,43.25,42.50,44.00,,,136,,,nasdaq,
2024-12-09,ENOFUTBLYR-30,46.90,43.00,,,,77,,,nasdaq,
2024-12-09,ENOFUTBLYR-31,48.00,43.00,,,,40,,,nasdaq,
2024-12-09,ENOFUTBLYR-32,48.75,,,,,,,,nasdaq,
2024-12-09,ENOFUTBLYR-33,49.05,,,,,,,,nasdaq,
2024-12-09,ENOFUTBLYR-34,49.35,,,,,,,,nasdaq,
2024-12-10,ENOFUTBLQ2-26,24.70,24.65,24.80,24.70,24.60,233,,,nasdaq,
2024-12-10,ENOFUTBLQ3-26,21.00,20.85,21.05,21.00,21.00,259,,,nasdaq,
2024-12-10,ENOFUTBLQ4-26,42.05,41.85,42.25,,,291,,,nasdaq,
2024-12-10,ENOFUTBLYR-27,38.20,38.25,38.40,38.20,38.20,1431,,,nasdaq,
2024-12-10,ENOFUTBLYR-28,40.80,40.50,41.00,40.80,40.80,510,,,nasdaq,
2024-12-10,ENOFUTBLYR-29,42.94,42.12,43.75,,,136,,,nasdaq,
2024-12-10,ENOFUTBLYR-30,46.80,,,,,77,,,nasdaq,
2024-12-10,ENOFUTBLYR-31,47.90,,,,,40,,,nasdaq,
2024-12-10,ENOFUTBLYR-32,48.65,,,,,,,,nasdaq,
2024-12-10,ENOFUTBLYR-33,48.95,,,,,,,,nasdaq,
2024-12-10,ENOFUTBLYR-34,49.25,,,,,,,,nasdaq,
2024-12-11,ENOFUTBLQ2-26,24.55,24.20,24.65,24.55,24.45,237,,,nasdaq,
2024-12-11,ENOFUTBLQ3-26,21.00,20.65,21.15,21.00,21.00,262,,,nasdaq,
2024-12-11,ENOFUTBLQ4-26,42.15,41.00,44.50,,,295,,,nasdaq,
2024-12-11,ENOFUTBLYR-27,38.15,37.90,38.50,38.15,37.90,1423,,,nasdaq,
2024-12-11,ENOFUTBLYR-28,40.35,40.00,40.70,39.90,39.90,511,,,nasdaq,
2024-12-11,ENOFUTBLYR-29,42.40,42.00,44.80,,,136,,,nasdaq,
2024-12-11,ENOFUTBLYR-30,45.25,44.00,45.50,,,77,,,nasdaq,
2024-12-11,ENOFUTBLYR-31,47.60,,,,,40,,,nasdaq,
2024-12-11,ENOFUTBLYR-32,48.40,,,,,,,,nasdaq,
2024-12-11,ENOFUTBLYR-33,48.70,,,,,,,,nasdaq,
2024-12-11,ENOFUTBLYR-34,49.10,,,,,,,,nasdaq,
2024-12-12,ENOFUTBLQ2-26,24.40,24.40,24.50,24.40,24.40,236,,,nasdaq,
2024-12-12,ENOFUTBLQ3-26,20.75,20.50,21.00,,,263,,,nasdaq,
2024-12-12,ENOFUTBLQ4-26,42.00,41.75,42.25,,,300,,,nasdaq,
2024-12-12,ENOFUTBLYR-27,38.10,38.10,38.19,38.10,38.05,1430,,,nasdaq,
2024-12-12,ENOFUTBLYR-28,40.13,40.00,40.25,39.90,39.90,511,,,nasdaq,
2024-12-12,ENOFUTBLYR-29,42.40,42.12,44.65,,,122,,,nasdaq,
2024-12-12,ENOFUTBLYR-30,45.25,,,,,77,,,nasdaq,
2024-12-12,ENOFUTBLYR-31,47.60,,,,,40,,,nasdaq,
2024-12-12,ENOFUTBLYR-32,48.40,,,,,,,,nasdaq,
2024-12-12,ENOFUTBLYR-33,48.70,,,,,,,,nasdaq,
2024-12-12,ENOFUTBLYR-34,49.10,,,,,,,,nasdaq,
2024-12-13,ENOFUTBLQ2-26,24.40,24.20,26.75,,,240,,,nasdaq,
2024-12-13,ENOFUTBLQ3-26,21.10,20.50,21.75,,,263,,,nasdaq,
2024-12-13,ENOFUTBLQ4-26,42.25,42.00,42.50,,,304,,,nasdaq,
2024-12-13,ENOFUTBLYR-27,38.20,38.10,38.45,38.20,38.12,1434,,,nasdaq,
2024-12-13,ENOFUTBLYR-28,40.25,40.12,40.45,40.25,40.25,512,,,nasdaq,
2024-12-13,ENOFUTBLYR-29,42.20,42.15,43.00,42.12,42.12,122,,,nasdaq,
2024-12-13,ENOFUTBLYR-30,44.50,,,,,77,,,nasdaq,
2024-12-13,ENOFUTBLYR-31,47.10,,,,,40,,,nasdaq,
2024-12-13,ENOFUTBLYR-32,47.90,,,,,,,,nasdaq,
2024-12-13,ENOFUTBLYR-33,48.20,,,,,,,,nasdaq,
2024-12-13,ENOFUTBLYR-34,48.60,,,,,,,,nasdaq,
2024-12-16,ENOFUTBLQ2-26,24.65,23.25,26.05,,,250,,,nasdaq,
2024-12-16,ENOFUTBLQ3-26,21.00,20.50,21.50,,,263,,,nasdaq,
2024-12-16,ENOFUTBLQ4-26,42.00,42.00,42.50,42.00,42.00,304,,,nasdaq,
2024-12-16,ENOFUTBLYR-27,38.00,37.80,38.05,38.00,37.80,1435,,,nasdaq,
2024-12-16,ENOFUTBLYR-28,40.05,39.12,40.20,,,512,,,nasdaq,
2024-12-16,ENOFUTBLYR-29,42.00,41.12,42.35,,,123,,,nasdaq,
2024-12-16,ENOFUTBLYR-30,44.50,,,,,77,,,nasdaq,
2024-12-16,ENOFUTBLYR-31,47.10,,,,,40,,,nasdaq,
2024-12-16,ENOFUTBLYR-32,47.90,,,,,,,,nasdaq,
2024-12-16,ENOFUTBLYR-33,48.20,,,,,,,,nasdaq,
2024-12-16,ENOFUTBLYR-34,48.60,,,,,,,,nasdaq,
2024-12-17,ENOFUTBLQ2-26,24.85,24.15,26.20,24.85,24.85,250,,,nasdaq,
2024-12-17,ENOFUTBLQ3-26,20.95,20.70,21.20,,,263,,,nasdaq,
2024-12-17,ENOFUTBLQ4-26,42.35,40.50,42.35,42.35,42.35,309,,,nasdaq,
2024-12-17,ENOFUTBLYR-27,38.10,37.85,38.60,38.15,38.15,1436,,,nasdaq,
2024-12-17,ENOFUTBLYR-28,40.25,40.10,42.05,,,512,,,nasdaq,
2024-12-17,ENOFUTBLYR-29,42.00,41.12,42.25,,,123,,,nasdaq,
2024-12-17,ENOFUTBLYR-30,44.50,40.00,,,,77,,,nasdaq,
2024-12-17,ENOFUTBLYR-31,47.10,40.00,,,,40,,,nasdaq,
2024-12-17,ENOFUTBLYR-32,47.90,,,,,,,,nasdaq,
2024-12-17,ENOFUTBLYR-33,48.20,,,,,,,,nasdaq,
2024-12-17,ENOFUTBLYR-34,48.60,,,,,,,,nasdaq,
2024-12-18,ENOFUTBLQ2-26,24.88,24.50,25.25,,,255,,,nasdaq,
2024-12-18,ENOFUTBLQ3-26,21.00,20.75,22.00,21.00,21.00,263,,,nasdaq,
2024-12-18,ENOFUTBLQ4-26,42.35,42.05,42.50,42.35,42.15,319,,,nasdaq,
2024-12-18,ENOFUTBLYR-27,38.10,38.10,38.20,38.10,37.85,1441,,,nasdaq,
2024-12-18,ENOFUTBLYR-28,40.10,40.00,40.35,40.10,40.10,513,,,nasdaq,
2024-12-18,ENOFUTBLYR-29,41.75,41.12,42.50,,,123,,,nasdaq,
2024-12-18,ENOFUTBLYR-30,44.35,41.00,44.75,,,77,,,nasdaq,
2024-12-18,ENOFUTBLYR-31,47.05,,47.30,,,40,,,nasdaq,
2024-12-18,ENOFUTBLYR-32,47.85,,,,,,,,nasdaq,
2024-12-18,ENOFUTBLYR-33,48.15,,,,,,,,nasdaq,
2024-12-18,ENOFUTBLYR-34,48.55,,,,,,,,nasdaq,
2024-12-19,ENOFUTBLQ2-26,24.85,24.45,24.95,,,255,,,nasdaq,
2024-12-19,ENOFUTBLQ3-26,21.00,20.00,21.00,21.00,21.00,266,,,nasdaq,
2024-12-19,ENOFUTBLQ4-26,42.35,41.50,43.00,42.35,42.35,325,,,nasdaq,
2024-12-19,ENOFUTBLYR-27,38.20,38.05,38.35,38.20,38.20,1445,,,nasdaq,
2024-12-19,ENOFUTBLYR-28,40.30,39.90,40.85,,,521,,,nasdaq,
2024-12-19,ENOFUTBLYR-29,41.75,41.12,43.00,,,123,,,nasdaq,
2024-12-19,ENOFUTBLYR-30,44.35,43.50,44.75,,,77,,,nasdaq,
2024-12-19,ENOFUTBLYR-31,47.05,,,,,40,,,nasdaq,
2024-12-19,ENOFUTBLYR-32,47.85,,,,,,,,nasdaq,
2024-12-19,ENOFUTBLYR-33,48.15,,,,,,,,nasdaq,
2024-12-19,ENOFUTBLYR-34,48.55,,,,,,,,nasdaq,
2024-12-20,ENOFUTBLQ2-26,24.80,24.60,29.00,,,255,,,nasdaq,
2024-12-20,ENOFUTBLQ3-26,21.00,19.00,21.50,,,268,,,nasdaq,
2024-12-20,ENOFUTBLQ4-26,42.50,41.50,43.50,,,329,,,nasdaq,
2024-12-20,ENOFUTBLYR-27,38.30,38.00,38.30,,,1443,,,nasdaq,
2024-12-20,ENOFUTBLYR-28,40.30,40.20,40.40,,,522,,,nasdaq,
2024-12-20,ENOFUTBLYR-29,41.75,41.12,42.00,,,123,,,nasdaq,
2024-12-20,ENOFUTBLYR-30,44.35,,,,,77,,,nasdaq,
2024-12-20,ENOFUTBLYR-31,47.05,,,,,40,,,nasdaq,
2024-12-20,ENOFUTBLYR-32,47.85,,,,,,,,nasdaq,
2024-12-20,ENOFUTBLYR-33,48.15,,,,,,,,nasdaq,
2024-12-20,ENOFUTBLYR-34,48.55,,,,,,,,nasdaq,
2024-12-23,ENOFUTBLQ2-26,24.80,24.00,28.00,,,255,,,nasdaq,
2024-12-23,ENOFUTBLQ3-26,20.55,18.00,21.75,,,268,,,nasdaq,
2024-12-23,ENOFUTBLQ4-26,43.38,43.00,43.75,,,329,,,nasdaq,
2024-12-23,ENOFUTBLYR-27,38.35,38.10,38.60,,,1454,,,nasdaq,
2024-12-23,ENOFUTBLYR-28,40.30,,,,,522,,,nasdaq,
2024-12-23,ENOFUTBLYR-29,41.75,,,,,123,,,nasdaq,
2024-12-23,ENOFUTBLYR-30,44.35,,,,,77,,,nasdaq,
2024-12-23,ENOFUTBLYR-31,47.05,,,,,40,,,nasdaq,
2024-12-23,ENOFUTBLYR-32,47.85,,,,,,,,nasdaq,
2024-12-23,ENOFUTBLYR-33,48.15,,,,,,,,nasdaq,
2024-12-23,ENOFUTBLYR-34,48.55,,,,,,,,nasdaq,
2024-12-27,ENOFUTBLQ2-26,24.80,24.00,27.30,,,253,,,nasdaq,
2024-12-27,ENOFUTBLQ3-26,20.55,19.00,23.05,,,268,,,nasdaq,
2024-12-27,ENOFUTBLQ4-26,43.25,41.00,43.50,,,329,,,nasdaq,
2024-12-27,ENOFUTBLYR-27,38.40,38.35,38.40,38.40,38.40,1437,,,nasdaq,
2024-12-27,ENOFUTBLYR-28,40.25,39.12,40.70,,,522,,,nasdaq,
2024-12-27,ENOFUTBLYR-29,41.75,41.12,44.00,,,123,,,nasdaq,
2024-12-27,ENOFUTBLYR-30,44.35,40.00,46.00,,,77,,,nasdaq,
2024-12-27,ENOFUTBLYR-31,47.05,40.00,,,,40,,,nasdaq,
2024-12-27,ENOFUTBLYR-32,47.85,,,,,,,,nasdaq,
2024-12-27,ENOFUTBLYR-33,48.15,,,,,,,,nasdaq,
2024-12-27,ENOFUTBLYR-34,48.55,,,,,,,,nasdaq,
2024-12-30,ENOFUTBLQ1-26,56.18,56.00,56.35,,,668,,,nasdaq,
2024-12-30,ENOFUTBLQ2-26,24.80,24.60,25.00,,,253,,,nasdaq,
2024-12-30,ENOFUTBLQ3-26,20.38,20.10,20.65,,,268,,,nasdaq,
2024-12-30,ENOFUTBLQ4-26,43.25,42.00,43.50,43.40,43.25,329,,,nasdaq,
2024-12-30,ENOFUTBLYR-27,38.50,38.45,38.75,38.50,38.40,1439,,,nasdaq,
2024-12-30,ENOFUTBLYR-28,40.13,39.75,40.50,,,522,,,nasdaq,
2024-12-30,ENOFUTBLYR-29,41.98,41.45,42.50,,,123,,,nasdaq,
2024-12-30,ENOFUTBLYR-30,44.35,42.00,45.00,,,77,,,nasdaq,
2024-12-30,ENOFUTBLYR-31,47.05,,,,,40,,,nasdaq,
2024-12-30,ENOFUTBLYR-32,47.85,,,,,,,,nasdaq,
2024-12-30,ENOFUTBLYR-33,48.15,,,,,,,,nasdaq,
2024-12-30,ENOFUTBLYR-34,48.55,,,,,,,,nasdaq,
2025-01-02,ENOFUTBLQ1-26,56.25,55.25,57.25,,,668,,,nasdaq,
2025-01-02,ENOFUTBLQ1-27,58.75,54.00,60.00,,,,,,nasdaq,
2025-01-02,ENOFUTBLQ2-26,24.88,24.75,25.00,,,253,,,nasdaq,
2025-01-02,ENOFUTBLQ2-27,28.75,24.00,30.00,,,,,,nasdaq,
2025-01-02,ENOFUTBLQ3-26,20.40,19.50,21.50,20.40,20.40,268,,,nasdaq,
2025-01-02,ENOFUTBLQ3-27,21.75,17.00,23.00,,,,,,nasdaq,
2025-01-02,ENOFUTBLQ4-26,43.40,43.15,43.50,,,335,,,nasdaq,
2025-01-02,ENOFUTBLQ4-27,45.10,40.00,47.00,,,,,,nasdaq,
2025-01-02,ENOFUTBLYR-27,38.50,38.35,38.90,38.50,38.45,1439,,,nasdaq,
2025-01-02,ENOFUTBLYR-28,40.00,39.50,40.50,,,522,,,nasdaq,
2025-01-02,ENOFUTBLYR-29,42.00,41.00,43.00,,,123,,,nasdaq,
2025-01-02,ENOFUTBLYR-30,44.25,40.00,47.00,,,77,,,nasdaq,
2025-01-02,ENOFUTBLYR-31,47.05,40.00,,,,40,,,nasdaq,
2025-01-02,ENOFUTBLYR-32,47.85,,,,,,,,nasdaq,
2025-01-02,ENOFUTBLYR-33,48.15,,,,,,,,nasdaq,
2025-01-02,ENOFUTBLYR-34,48.55,,,,,,,,nasdaq,
2025-01-02,ENOFUTBLYR-35,48.75,,,,,,,,nasdaq,
2025-01-03,ENOFUTBLQ1-26,54.75,54.00,54.75,55.20,54.75,668,,,nasdaq,
2025-01-03,ENOFUTBLQ1-27,57.75,55.00,59.00,,,,,,nasdaq,
2025-01-03,ENOFUTBLQ2-26,23.90,23.00,24.25,24.70,23.90,253,,,nasdaq,
2025-01-03,ENOFUTBLQ2-27,27.00,24.00,27.50,,,,,,nasdaq,
2025-01-03,ENOFUTBLQ3-26,19.00,18.85,20.00,,,267,,,nasdaq,
2025-01-03,ENOFUTBLQ3-27,20.75,18.00,21.50,,,,,,nasdaq,
2025-01-03,ENOFUTBLQ4-26,42.50,41.00,42.50,43.00,42.50,335,,,nasdaq,
2025-01-03,ENOFUTBLQ4-27,44.85,,46.50,44.85,44.85,,,,nasdaq,
2025-01-03,ENOFUTBLYR-27,37.53,37.25,37.65,38.00,37.90,1440,,,nasdaq,
2025-01-03,ENOFUTBLYR-28,39.20,38.50,39.90,,,522,,,nasdaq,
2025-01-03,ENOFUTBLYR-29,41.25,40.00,42.50,,,123,,,nasdaq,
2025-01-03,ENOFUTBLYR-30,43.75,,,,,77,,,nasdaq,
2025-01-03,ENOFUTBLYR-31,46.55,,,,,40,,,nasdaq,
2025-01-03,ENOFUTBLYR-32,47.35,,,,,,,,nasdaq,
2025-01-03,ENOFUTBLYR-33,47.65,,,,,,,,nasdaq,
2025-01-03,ENOFUTBLYR-34,48.05,,,,,,,,nasdaq,
2025-01-03,ENOFUTBLYR-35,48.25,,,,,,,,nasdaq,
2025-01-06,ENOFUTBLQ1-26,53.50,52.55,54.50,53.50,53.50,676,,,nasdaq,
2025-01-06,ENOFUTBLQ1-27,57.22,,,,,,,,nasdaq,
2025-01-06,ENOFUTBLQ2-26,23.50,21.50,24.00,23.50,23.50,255,,,nasdaq,
2025-01-06,ENOFUTBLQ2-27,26.47,,,,,,,,nasdaq,
2025-01-06,ENOFUTBLQ3-26,18.45,18.30,20.00,18.25,18.25,267,,,nasdaq,
2025-01-06,ENOFUTBLQ3-27,20.22,,,,,,,,nasdaq,
2025-01-06,ENOFUTBLQ4-26,41.50,40.00,41.75,,,344,,,nasdaq,
2025-01-06,ENOFUTBLQ4-27,44.32,,,,,2,,,nasdaq,
2025-01-06,ENOFUTBLYR-27,37.00,37.00,37.75,37.00,37.00,1442,,,nasdaq,
2025-01-06,ENOFUTBLYR-28,39.00,38.50,40.25,39.00,39.00,522,,,nasdaq,
2025-01-06,ENOFUTBLYR-29,41.10,40.50,41.70,,,123,,,nasdaq,
2025-01-06,ENOFUTBLYR-30,43.75,38.00,45.50,,,77,,,nasdaq,
2025-01-06,ENOFUTBLYR-31,46.45,39.00,46.50,,,40,,,nasdaq,
2025-01-06,ENOFUTBLYR-32,46.95,39.00,47.00,,,,,,nasdaq,
2025-01-06,ENOFUTBLYR-33,47.65,,,,,,,,nasdaq,
2025-01-06,ENOFUTBLYR-34,48.05,,,,,,,,nasdaq,
2025-01-06,ENOFUTBLYR-35,48.25,,,,,,,,nasdaq,
2025-01-07,ENOFUTBLQ1-26,52.30,51.95,52.75,52.40,52.30,677,,,nasdaq,
2025-01-07,ENOFUTBLQ1-27,56.50,53.00,58.50,,,,,,nasdaq,
2025-01-07,ENOFUTBLQ2-26,22.53,22.05,22.90,23.00,23.00,260,,,nasdaq,
2025-01-07,ENOFUTBLQ2-27,26.00,22.47,30.00,,,,,,nasdaq,
2025-01-07,ENOFUTBLQ3-26,18.25,17.95,20.00,18.30,18.05,269,,,nasdaq,
2025-01-07,ENOFUTBLQ3-27,19.65,15.22,23.00,,,,,,nasdaq,
2025-01-07,ENOFUTBLQ4-26,40.00,38.50,40.95,41.00,41.00,349,,,nasdaq,
2025-01-07,ENOFUTBLQ4-27,44.00,39.25,47.00,,,2,,,nasdaq,
2025-01-07,ENOFUTBLYR-27,36.45,36.05,36.75,36.50,36.45,1444,,,nasdaq,
2025-01-07,ENOFUTBLYR-28,38.75,38.50,38.80,,,522,,,nasdaq,
2025-01-07,ENOFUTBLYR-29,40.85,39.60,41.50,,,123,,,nasdaq,
2025-01-07,ENOFUTBLYR-30,43.25,38.00,45.00,,,77,,,nasdaq,
2025-01-07,ENOFUTBLYR-31,45.75,38.00,46.00,,,40,,,nasdaq,
2025-01-07,ENOFUTBLYR-32,46.25,38.00,47.00,,,,,,nasdaq,
2025-01-07,ENOFUTBLYR-33,47.50,,,,,,,,nasdaq,
2025-01-07,ENOFUTBLYR-34,47.90,,,,,,,,nasdaq,
2025-01-07,ENOFUTBLYR-35,48.10,,,,,,,,nasdaq,
2025-01-08,ENOFUTBLQ1-26,51.50,51.25,51.80,52.00,51.50,678,,,nasdaq,
2025-01-08,ENOFUTBLQ1-27,56.25,54.50,58.75,,,,,,nasdaq,
2025-01-08,ENOFUTBLQ2-26,22.35,21.25,24.00,22.35,22.35,275,,,nasdaq,
2025-01-08,ENOFUTBLQ2-27,25.50,22.00,28.50,,,,,,nasdaq,
2025-01-08,ENOFUTBLQ3-26,17.93,17.80,18.05,17.75,17.75,280,,,nasdaq,
2025-01-08,ENOFUTBLQ3-27,19.40,17.50,23.00,,,,,,nasdaq,
2025-01-08,ENOFUTBLQ4-26,40.00,39.10,40.55,40.00,40.00,355,,,nasdaq,
2025-01-08,ENOFUTBLQ4-27,44.00,43.50,46.00,,,2,,,nasdaq,
2025-01-08,ENOFUTBLYR-27,36.20,36.15,36.25,36.40,36.10,1449,,,nasdaq,
2025-01-08,ENOFUTBLYR-28,38.20,38.10,38.50,38.50,38.20,522,,,nasdaq,
2025-01-08,ENOFUTBLYR-29,40.75,40.00,41.50,,,123,,,nasdaq,
2025-01-08,ENOFUTBLYR-30,43.00,37.00,43.25,,,77,,,nasdaq,
2025-01-08,ENOFUTBLYR-31,45.00,38.00,45.25,,,40,,,nasdaq,
2025-01-08,ENOFUTBLYR-32,46.00,38.00,46.25,,,,,,nasdaq,
2025-01-08,ENOFUTBLYR-33,47.25,,,,,,,,nasdaq,
2025-01-08,ENOFUTBLYR-34,47.65,,,,,,,,nasdaq,
2025-01-08,ENOFUTBLYR-35,47.85,,,,,,,,nasdaq,
2025-01-09,ENOFUTBLQ1-26,50.55,50.35,51.00,51.00,50.55,683,,,nasdaq,
2025-01-09,ENOFUTBLQ1-27,56.00,52.50,59.25,56.00,56.00,,,,nasdaq,
2025-01-09,ENOFUTBLQ2-26,22.10,21.00,22.10,22.10,22.10,278,,,nasdaq,
2025-01-09,ENOFUTBLQ2-27,25.00,22.12,27.95,,,,,,nasdaq,
2025-01-09,ENOFUTBLQ3-26,17.70,17.65,17.75,,,284,,,nasdaq,
2025-01-09,ENOFUTBLQ3-27,19.30,19.20,22.40,,,,,,nasdaq,
2025-01-09,ENOFUTBLQ4-26,39.50,39.25,39.75,39.50,39.50,353,,,nasdaq,
2025-01-09,ENOFUTBLQ4-27,43.50,43.50,43.90,43.50,43.50,2,,,nasdaq,
2025-01-09,ENOFUTBLYR-27,35.75,35.65,35.75,35.75,35.65,1453,,,nasdaq,
2025-01-09,ENOFUTBLYR-28,38.05,37.85,38.25,,,522,,,nasdaq,
2025-01-09,ENOFUTBLYR-29,40.60,39.12,40.85,,,123,,,nasdaq,
2025-01-09,ENOFUTBLYR-30,42.75,39.12,43.00,,,77,,,nasdaq,
2025-01-09,ENOFUTBLYR-31,44.85,37.00,45.00,,,40,,,nasdaq,
2025-01-09,ENOFUTBLYR-32,45.90,37.00,46.00,,,,,,nasdaq,
2025-01-09,ENOFUTBLYR-33,47.20,,,,,,,,nasdaq,
2025-01-09,ENOFUTBLYR-34,47.65,,,,,,,,nasdaq,
2025-01-09,ENOFUTBLYR-35,47.85,,,,,,,,nasdaq,
2025-01-10,ENOFUTBLQ1-26,50.00,49.75,51.00,50.05,49.75,691,,,nasdaq,
2025-01-10,ENOFUTBLQ1-27,55.00,53.00,55.75,,,1,,,nasdaq,
2025-01-10,ENOFUTBLQ2-26,20.88,20.50,21.50,21.75,21.75,280,,,nasdaq,
2025-01-10,ENOFUTBLQ2-27,25.00,22.00,28.00,,,,,,nasdaq,
2025-01-10,ENOFUTBLQ3-26,17.30,17.20,17.55,17.30,17.30,284,,,nasdaq,
2025-01-10,ENOFUTBLQ3-27,19.30,18.75,22.30,,,,,,nasdaq,
2025-01-10,ENOFUTBLQ4-26,39.00,38.50,38.90,39.00,38.90,353,,,nasdaq,
2025-01-10,ENOFUTBLQ4-27,42.38,39.25,43.45,,,3,,,nasdaq,
2025-01-10,ENOFUTBLYR-27,35.40,35.30,35.55,35.50,35.30,1437,,,nasdaq,
2025-01-10,ENOFUTBLYR-28,37.65,37.50,38.70,37.75,37.50,522,,,nasdaq,
2025-01-10,ENOFUTBLYR-29,39.50,38.50,40.50,,,124,,,nasdaq,
2025-01-10,ENOFUTBLYR-30,41.75,39.12,42.00,,,77,,,nasdaq,
2025-01-10,ENOFUTBLYR-31,44.00,37.00,44.25,,,40,,,nasdaq,
2025-01-10,ENOFUTBLYR-32,45.00,37.00,45.25,,,,,,nasdaq,
2025-01-10,ENOFUTBLYR-33,46.20,,,,,,,,nasdaq,
2025-01-10,ENOFUTBLYR-34,46.65,,,,,,,,nasdaq,
2025-01-10,ENOFUTBLYR-35,46.85,,,,,,,,nasdaq,
2025-01-13,ENOFUTBLQ1-26,51.48,51.50,51.90,51.70,51.70,696,,,nasdaq,
2025-01-13,ENOFUTBLQ1-27,56.00,54.00,58.25,,,11,,,nasdaq,
2025-01-13,ENOFUTBLQ2-26,21.50,21.35,24.10,,,286,,,nasdaq,
2025-01-13,ENOFUTBLQ2-27,25.63,23.00,28.25,,,,,,nasdaq,
2025-01-13,ENOFUTBLQ3-26,18.00,17.80,20.00,,,285,,,nasdaq,
2025-01-13,ENOFUTBLQ3-27,19.90,19.40,22.55,,,,,,nasdaq,
2025-01-13,ENOFUTBLQ4-26,39.55,38.85,40.25,,,363,,,nasdaq,
2025-01-13,ENOFUTBLQ4-27,43.01,40.38,45.63,,,3,,,nasdaq,
2025-01-13,ENOFUTBLYR-27,36.00,36.00,36.10,36.00,36.00,1440,,,nasdaq,
2025-01-13,ENOFUTBLYR-28,38.00,37.90,39.00,,,522,,,nasdaq,
2025-01-13,ENOFUTBLYR-29,40.15,39.90,42.25,,,124,,,nasdaq,
2025-01-13,ENOFUTBLYR-30,41.75,40.12,42.75,,,77,,,nasdaq,
2025-01-13,ENOFUTBLYR-31,44.00,38.00,45.00,,,40,,,nasdaq,
2025-01-13,ENOFUTBLYR-32,45.00,38.00,46.00,,,,,,nasdaq,
2025-01-13,ENOFUTBLYR-33,46.20,,,,,,,,nasdaq,
2025-01-13,ENOFUTBLYR-34,46.65,,,,,,,,nasdaq,
2025-01-13,ENOFUTBLYR-35,46.85,,,,,,,,nasdaq,
2025-01-14,ENOFUTBLQ1-26,52.50,52.30,52.50,52.50,52.00,698,,,nasdaq,
2025-01-14,ENOFUTBLQ1-27,56.50,56.25,56.75,,,21,,,nasdaq,
2025-01-14,ENOFUTBLQ2-26,22.20,20.30,25.00,22.20,22.00,286,,,nasdaq,
2025-01-14,ENOFUTBLQ2-27,25.75,23.25,26.00,,,,,,nasdaq,
2025-01-14,ENOFUTBLQ3-26,18.90,18.25,20.00,18.20,18.15,285,,,nasdaq,
2025-01-14,ENOFUTBLQ3-27,20.10,19.75,22.90,,,,,,nasdaq,
2025-01-14,ENOFUTBLQ4-26,40.00,39.90,41.00,39.90,39.80,363,,,nasdaq,
2025-01-14,ENOFUTBLQ4-27,43.01,39.90,45.40,,,3,,,nasdaq,
2025-01-14,ENOFUTBLYR-27,36.30,36.10,36.50,36.30,36.20,1440,,,nasdaq,
2025-01-14,ENOFUTBLYR-28,38.10,38.00,40.00,,,532,,,nasdaq,
2025-01-14,ENOFUTBLYR-29,40.10,39.90,40.50,,,124,,,nasdaq,
2025-01-14,ENOFUTBLYR-30,41.25,40.12,41.80,,,77,,,nasdaq,
2025-01-14,ENOFUTBLYR-31,43.25,42.40,43.80,,,40,,,nasdaq,
2025-01-14,ENOFUTBLYR-32,44.25,43.75,44.80,,,,,,nasdaq,
2025-01-14,ENOFUTBLYR-33,45.70,,,,,,,,nasdaq,
2025-01-14,ENOFUTBLYR-34,46.15,,,,,,,,nasdaq,
2025-01-14,ENOFUTBLYR-35,46.35,,,,,,,,nasdaq,
2025-01-15,ENOFUTBLQ1-26,54.35,54.35,54.65,54.35,54.25,714,,,nasdaq,
2025-01-15,ENOFUTBLQ1-27,58.10,56.50,59.70,,,29,,,nasdaq,
2025-01-15,ENOFUTBLQ2-26,24.25,23.10,26.20,,,285,,,nasdaq,
2025-01-15,ENOFUTBLQ2-27,25.75,22.50,27.50,,,,,,nasdaq,
2025-01-15,ENOFUTBLQ3-26,21.00,20.00,22.00,,,293,,,nasdaq,
2025-01-15,ENOFUTBLQ3-27,22.10,19.75,26.00,,,,,,nasdaq,
2025-01-15,ENOFUTBLQ4-26,41.75,41.00,43.00,,,371,,,nasdaq,
2025-01-15,ENOFUTBLQ4-27,45.01,43.01,47.00,,,3,,,nasdaq,
2025-01-15,ENOFUTBLYR-27,37.65,37.60,37.85,37.65,37.40,1445,,,nasdaq,
2025-01-15,ENOFUTBLYR-28,38.75,38.40,39.00,,,540,,,nasdaq,
2025-01-15,ENOFUTBLYR-29,40.50,40.25,40.90,,,127,,,nasdaq,
2025-01-15,ENOFUTBLYR-30,41.40,41.12,41.70,,,77,,,nasdaq,
2025-01-15,ENOFUTBLYR-31,43.25,42.75,43.75,,,40,,,nasdaq,
2025-01-15,ENOFUTBLYR-32,44.25,43.50,44.80,,,,,,nasdaq,
2025-01-15,ENOFUTBLYR-33,45.70,,,,,,,,nasdaq,
2025-01-15,ENOFUTBLYR-34,46.15,,,,,,,,nasdaq,
2025-01-15,ENOFUTBLYR-35,46.35,,,,,,,,nasdaq,
2025-01-16,ENOFUTBLQ1-26,53.35,53.25,53.75,53.40,53.10,714,,,nasdaq,
2025-01-16,ENOFUTBLQ1-27,57.25,53.85,57.75,,,29,,,nasdaq,
2025-01-16,ENOFUTBLQ2-26,23.35,22.85,23.30,23.35,23.30,285,,,nasdaq,
2025-01-16,ENOFUTBLQ2-27,25.00,21.00,27.95,,,,,,nasdaq,
2025-01-16,ENOFUTBLQ3-26,19.60,19.30,20.00,,,293,,,nasdaq,
2025-01-16,ENOFUTBLQ3-27,22.05,19.15,25.10,,,,,,nasdaq,
2025-01-16,ENOFUTBLQ4-26,41.00,40.75,41.15,41.00,41.00,369,,,nasdaq,
2025-01-16,ENOFUTBLQ4-27,45.01,42.00,48.05,,,3,,,nasdaq,
2025-01-16,ENOFUTBLYR-27,37.25,37.10,37.35,37.25,37.20,1445,,,nasdaq,
2025-01-16,ENOFUTBLYR-28,38.40,38.35,38.60,38.40,38.40,551,,,nasdaq,
2025-01-16,ENOFUTBLYR-29,40.25,39.12,40.90,,,131,,,nasdaq,
2025-01-16,ENOFUTBLYR-30,41.25,40.50,41.25,,,77,,,nasdaq,
2025-01-16,ENOFUTBLYR-31,43.25,37.00,43.50,,,40,,,nasdaq,
2025-01-16,ENOFUTBLYR-32,44.25,37.00,44.50,,,,,,nasdaq,
2025-01-16,ENOFUTBLYR-33,45.70,,,,,,,,nasdaq,
2025-01-16,ENOFUTBLYR-34,46.15,,,,,,,,nasdaq,
2025-01-16,ENOFUTBLYR-35,46.35,,,,,,,,nasdaq,
2025-01-17,ENOFUTBLQ1-26,53.55,53.50,53.60,53.55,53.50,719,,,nasdaq,
2025-01-17,ENOFUTBLQ1-27,57.00,54.25,57.50,57.00,57.00,39,,,nasdaq,
2025-01-17,ENOFUTBLQ2-26,23.35,22.00,24.00,,,288,,,nasdaq,
2025-01-17,ENOFUTBLQ2-27,24.75,22.00,27.50,,,,,,nasdaq,
2025-01-17,ENOFUTBLQ3-26,20.00,19.50,20.00,20.00,20.00,293,,,nasdaq,
2025-01-17,ENOFUTBLQ3-27,22.50,20.00,25.00,,,,,,nasdaq,
2025-01-17,ENOFUTBLQ4-26,41.10,40.50,43.25,41.10,41.10,372,,,nasdaq,
2025-01-17,ENOFUTBLQ4-27,45.01,43.75,48.25,,,3,,,nasdaq,
2025-01-17,ENOFUTBLYR-27,37.25,37.15,37.35,37.25,37.25,1449,,,nasdaq,
2025-01-17,ENOFUTBLYR-28,38.50,38.40,39.00,,,552,,,nasdaq,
2025-01-17,ENOFUTBLYR-29,40.24,39.72,40.75,,,131,,,nasdaq,
2025-01-17,ENOFUTBLYR-30,41.11,40.72,41.50,,,77,,,nasdaq,
2025-01-17,ENOFUTBLYR-31,43.00,38.00,43.50,,,40,,,nasdaq,
2025-01-17,ENOFUTBLYR-32,44.00,38.00,44.50,,,,,,nasdaq,
2025-01-17,ENOFUTBLYR-33,45.45,,,,,,,,nasdaq,
2025-01-17,ENOFUTBLYR-34,45.90,,,,,,,,nasdaq,
2025-01-17,ENOFUTBLYR-35,46.10,,,,,,,,nasdaq,
2025-01-20,ENOFUTBLQ1-26,53.25,53.20,53.40,53.25,53.10,718,,,nasdaq,
2025-01-20,ENOFUTBLQ1-27,57.00,54.50,60.00,,,43,,,nasdaq,
2025-01-20,ENOFUTBLQ2-26,23.16,23.00,23.16,23.16,23.16,288,,,nasdaq,
2025-01-20,ENOFUTBLQ2-27,24.25,21.75,26.75,,,,,,nasdaq,
2025-01-20,ENOFUTBLQ3-26,19.50,19.00,22.00,,,293,,,nasdaq,
2025-01-20,ENOFUTBLQ3-27,22.00,19.75,24.50,,,,,,nasdaq,
2025-01-20,ENOFUTBLQ4-26,41.00,39.75,41.10,,,373,,,nasdaq,
2025-01-20,ENOFUTBLQ4-27,44.50,43.90,47.25,,,3,,,nasdaq,
2025-01-20,ENOFUTBLYR-27,36.80,36.80,37.20,36.90,36.80,1454,,,nasdaq,
2025-01-20,ENOFUTBLYR-28,38.25,38.00,39.50,,,558,,,nasdaq,
2025-01-20,ENOFUTBLYR-29,40.04,39.12,40.95,,,131,,,nasdaq,
2025-01-20,ENOFUTBLYR-30,41.10,40.12,42.00,,,77,,,nasdaq,
2025-01-20,ENOFUTBLYR-31,43.00,38.00,43.25,,,40,,,nasdaq,
2025-01-20,ENOFUTBLYR-32,44.00,38.00,44.25,,,,,,nasdaq,
2025-01-20,ENOFUTBLYR-33,45.45,,,,,,,,nasdaq,
2025-01-20,ENOFUTBLYR-34,45.90,,,,,,,,nasdaq,
2025-01-20,ENOFUTBLYR-35,46.10,,,,,,,,nasdaq,
2025-01-21,ENOFUTBLQ1-26,52.95,52.75,53.15,53.00,52.85,725,,,nasdaq,
2025-01-21,ENOFUTBLQ1-27,57.00,54.00,60.00,,,48,,,nasdaq,
2025-01-21,ENOFUTBLQ2-26,22.25,21.90,22.85,,,289,,,nasdaq,
2025-01-21,ENOFUTBLQ2-27,24.25,21.75,26.75,,,,,,nasdaq,
2025-01-21,ENOFUTBLQ3-26,19.65,18.75,21.00,,,293,,,nasdaq,
2025-01-21,ENOFUTBLQ3-27,21.35,19.50,23.90,,,,,,nasdaq,
2025-01-21,ENOFUTBLQ4-26,40.75,40.50,41.20,40.75,40.75,375,,,nasdaq,
2025-01-21,ENOFUTBLQ4-27,44.50,43.50,47.50,,,3,,,nasdaq,
2025-01-21,ENOFUTBLYR-27,36.70,36.65,36.75,,,1472,,,nasdaq,
2025-01-21,ENOFUTBLYR-28,38.10,38.00,38.35,38.10,38.10,565,,,nasdaq,
2025-01-21,ENOFUTBLYR-29,40.00,39.12,40.20,,,131,,,nasdaq,
2025-01-21,ENOFUTBLYR-30,40.75,40.12,41.20,,,86,,,nasdaq,
2025-01-21,ENOFUTBLYR-31,42.00,37.00,43.00,,,40,,,nasdaq,
2025-01-21,ENOFUTBLYR-32,43.00,37.00,44.00,,,,,,nasdaq,
2025-01-21,ENOFUTBLYR-33,45.00,,,,,,,,nasdaq,
2025-01-21,ENOFUTBLYR-34,45.75,,,,,,,,nasdaq,
2025-01-21,ENOFUTBLYR-35,45.90,,,,,,,,nasdaq,
2025-01-22,ENOFUTBLQ1-26,52.88,52.75,53.15,52.88,52.65,735,,,nasdaq,
2025-01-22,ENOFUTBLQ1-27,56.85,54.00,56.85,56.85,56.85,48,,,nasdaq,
2025-01-22,ENOFUTBLQ2-26,22.00,22.05,25.25,22.00,22.00,289,,,nasdaq,
2025-01-22,ENOFUTBLQ2-27,24.00,21.25,27.25,,,,,,nasdaq,
2025-01-22,ENOFUTBLQ3-26,19.48,18.80,20.15,,,293,,,nasdaq,
2025-01-22,ENOFUTBLQ3-27,21.00,19.25,24.35,,,,,,nasdaq,
2025-01-22,ENOFUTBLQ4-26,40.45,40.25,43.75,,,383,,,nasdaq,
2025-01-22,ENOFUTBLQ4-27,44.25,43.50,47.50,,,3,,,nasdaq,
2025-01-22,ENOFUTBLYR-27,36.45,36.25,36.55,36.50,36.40,1479,,,nasdaq,
2025-01-22,ENOFUTBLYR-28,38.10,38.05,39.00,,,570,,,nasdaq,
2025-01-22,ENOFUTBLYR-29,40.38,40.00,40.75,,,134,,,nasdaq,
2025-01-22,ENOFUTBLYR-30,41.13,40.12,41.50,,,86,,,nasdaq,
2025-01-22,ENOFUTBLYR-31,42.38,42.00,42.75,,,40,,,nasdaq,
2025-01-22,ENOFUTBLYR-32,43.38,43.00,43.75,,,,,,nasdaq,
2025-01-22,ENOFUTBLYR-33,45.00,,,,,,,,nasdaq,
2025-01-22,ENOFUTBLYR-34,45.75,,,,,,,,nasdaq,
2025-01-22,ENOFUTBLYR-35,45.90,,,,,,,,nasdaq,
2025-01-23,ENOFUTBLQ1-26,53.10,53.10,54.10,53.10,53.10,737,,,nasdaq,
2025-01-23,ENOFUTBLQ1-27,57.30,57.00,59.40,,,48,,,nasdaq,
2025-01-23,ENOFUTBLQ2-26,22.55,22.00,23.00,,,291,,,nasdaq,
2025-01-23,ENOFUTBLQ2-27,24.25,22.00,26.00,,,,,,nasdaq,
2025-01-23,ENOFUTBLQ3-26,19.90,19.35,21.73,,,293,,,nasdaq,
2025-01-23,ENOFUTBLQ3-27,21.25,19.50,22.50,,,,,,nasdaq,
2025-01-23,ENOFUTBLQ4-26,40.75,38.75,42.45,,,383,,,nasdaq,
2025-01-23,ENOFUTBLQ4-27,44.50,43.50,46.25,,,3,,,nasdaq,
2025-01-23,ENOFUTBLYR-27,36.80,36.60,37.00,,,1483,,,nasdaq,
2025-01-23,ENOFUTBLYR-28,38.35,38.25,38.50,,,570,,,nasdaq,
2025-01-23,ENOFUTBLYR-29,40.50,40.00,42.53,,,134,,,nasdaq,
2025-01-23,ENOFUTBLYR-30,41.20,39.58,43.53,,,86,,,nasdaq,
2025-01-23,ENOFUTBLYR-31,42.38,,,,,40,,,nasdaq,
2025-01-23,ENOFUTBLYR-32,43.38,,,,,,,,nasdaq,
2025-01-23,ENOFUTBLYR-33,45.00,,,,,,,,nasdaq,
2025-01-23,ENOFUTBLYR-34,45.75,,,,,,,,nasdaq,
2025-01-23,ENOFUTBLYR-35,45.90,,,,,,,,nasdaq,
2025-01-24,ENOFUTBLQ1-26,53.50,53.25,54.00,53.50,53.50,742,,,nasdaq,
2025-01-24,ENOFUTBLQ1-27,57.30,,,,,48,,,nasdaq,
2025-01-24,ENOFUTBLQ2-26,22.75,22.20,,,,291,,,nasdaq,
2025-01-24,ENOFUTBLQ2-27,24.25,,,,,,,,nasdaq,
2025-01-24,ENOFUTBLQ3-26,20.10,19.75,20.10,20.10,20.10,295,,,nasdaq,
2025-01-24,ENOFUTBLQ3-27,21.25,19.25,,,,,,,nasdaq,
2025-01-24,ENOFUTBLQ4-26,41.00,,,,,383,,,nasdaq,
2025-01-24,ENOFUTBLQ4-27,44.50,44.25,,,,3,,,nasdaq,
2025-01-24,ENOFUTBLYR-27,36.80,36.60,36.90,37.00,36.80,1493,,,nasdaq,
2025-01-24,ENOFUTBLYR-28,38.75,38.50,39.00,,,572,,,nasdaq,
2025-01-24,ENOFUTBLYR-29,41.00,40.00,42.00,,,134,,,nasdaq,
2025-01-24,ENOFUTBLYR-30,41.20,40.12,43.00,,,86,,,nasdaq,
2025-01-24,ENOFUTBLYR-31,42.38,,,,,40,,,nasdaq,
2025-01-24,ENOFUTBLYR-32,43.38,,,,,,,,nasdaq,
2025-01-24,ENOFUTBLYR-33,45.00,,,,,,,,nasdaq,
2025-01-24,ENOFUTBLYR-34,45.75,,,,,,,,nasdaq,
2025-01-24,ENOFUTBLYR-35,45.90,,,,,,,,nasdaq,
2025-01-27,ENOFUTBLQ1-26,53.33,53.05,53.50,,,745,,,nasdaq,
2025-01-27,ENOFUTBLQ1-27,57.20,55.30,60.50,,,48,,,nasdaq,
2025-01-27,ENOFUTBLQ2-26,22.50,22.30,25.40,,,291,,,nasdaq,
2025-01-27,ENOFUTBLQ2-27,24.15,22.25,26.90,,,,,,nasdaq,
2025-01-27,ENOFUTBLQ3-26,19.75,19.20,22.75,,,296,,,nasdaq,
2025-01-27,ENOFUTBLQ3-27,21.15,19.25,23.40,,,,,,nasdaq,
2025-01-27,ENOFUTBLQ4-26,40.75,40.40,43.65,,,383,,,nasdaq,
2025-01-27,ENOFUTBLQ4-27,44.40,42.50,47.15,,,3,,,nasdaq,
2025-01-27,ENOFUTBLYR-27,36.70,36.60,37.00,,,1500,,,nasdaq,
2025-01-27,ENOFUTBLYR-28,38.60,38.45,39.65,,,572,,,nasdaq,
2025-01-27,ENOFUTBLYR-29,41.00,40.00,43.00,,,134,,,nasdaq,
2025-01-27,ENOFUTBLYR-30,41.20,39.45,43.50,,,86,,,nasdaq,
2025-01-27,ENOFUTBLYR-31,42.38,,,,,40,,,nasdaq,
2025-01-27,ENOFUTBLYR-32,43.38,,,,,,,,nasdaq,
2025-01-27,ENOFUTBLYR-33,45.00,,,,,,,,nasdaq,
2025-01-27,ENOFUTBLYR-34,45.75,,,,,,,,nasdaq,
2025-01-27,ENOFUTBLYR-35,45.90,,,,,,,,nasdaq,
2025-01-28,ENOFUTBLQ1-26,53.33,53.15,53.50,,,745,,,nasdaq,
2025-01-28,ENOFUTBLQ1-27,57.00,55.55,59.75,,,48,,,nasdaq,
2025-01-28,ENOFUTBLQ2-26,22.25,22.20,24.50,,,291,,,nasdaq,
2025-01-28,ENOFUTBLQ2-27,24.03,21.90,26.15,,,,,,nasdaq,
2025-01-28,ENOFUTBLQ3-26,19.60,19.00,21.75,,,296,,,nasdaq,
2025-01-28,ENOFUTBLQ3-27,20.80,18.90,22.65,,,,,,nasdaq,
2025-01-28,ENOFUTBLQ4-26,40.80,40.75,42.75,40.80,40.80,383,,,nasdaq,
2025-01-28,ENOFUTBLQ4-27,44.60,44.50,46.40,,,3,,,nasdaq,
2025-01-28,ENOFUTBLYR-27,36.58,36.55,36.60,36.60,36.50,1503,,,nasdaq,
2025-01-28,ENOFUTBLYR-28,38.50,38.45,40.00,38.50,38.50,573,,,nasdaq,
2025-01-28,ENOFUTBLYR-29,41.00,40.25,42.50,,,134,,,nasdaq,
2025-01-28,ENOFUTBLYR-30,41.20,40.12,43.50,,,86,,,nasdaq,
2025-01-28,ENOFUTBLYR-31,42.38,,,,,40,,,nasdaq,
2025-01-28,ENOFUTBLYR-32,43.38,,,,,,,,nasdaq,
2025-01-28,ENOFUTBLYR-33,45.00,,,,,,,,nasdaq,
2025-01-28,ENOFUTBLYR-34,45.75,,,,,,,,nasdaq,
2025-01-28,ENOFUTBLYR-35,45.90,,,,,,,,nasdaq,
2025-01-29,ENOFUTBLQ1-26,54.73,54.50,54.95,55.00,55.00,745,,,nasdaq,
2025-01-29,ENOFUTBLQ1-27,57.00,56.50,60.00,,,48,,,nasdaq,
2025-01-29,ENOFUTBLQ2-26,23.60,23.25,23.95,24.00,24.00,291,,,nasdaq,
2025-01-29,ENOFUTBLQ2-27,24.30,22.50,,,,,,,nasdaq,
2025-01-29,ENOFUTBLQ3-26,20.10,20.00,22.00,,,296,,,nasdaq,
2025-01-29,ENOFUTBLQ3-27,21.40,,,,,,,,nasdaq,
2025-01-29,ENOFUTBLQ4-26,41.50,40.00,41.85,42.20,42.00,386,,,nasdaq,
2025-01-29,ENOFUTBLQ4-27,44.87,,,,,3,,,nasdaq,
2025-01-29,ENOFUTBLYR-27,36.85,36.50,36.95,37.00,36.50,1508,,,nasdaq,
2025-01-29,ENOFUTBLYR-28,38.80,38.60,39.00,,,573,,,nasdaq,
2025-01-29,ENOFUTBLYR-29,41.30,40.25,43.00,,,134,,,nasdaq,
2025-01-29,ENOFUTBLYR-30,41.20,,,,,86,,,nasdaq,
2025-01-29,ENOFUTBLYR-31,42.38,,,,,40,,,nasdaq,
2025-01-29,ENOFUTBLYR-32,43.38,,,,,,,,nasdaq,
2025-01-29,ENOFUTBLYR-33,45.00,,,,,,,,nasdaq,
2025-01-29,ENOFUTBLYR-34,45.75,,,,,,,,nasdaq,
2025-01-29,ENOFUTBLYR-35,45.90,,,,,,,,nasdaq,
2025-01-30,ENOFUTBLQ1-26,54.60,54.20,54.90,54.60,54.10,745,,,nasdaq,
2025-01-30,ENOFUTBLQ1-27,57.15,,,,,48,,,nasdaq,
2025-01-30,ENOFUTBLQ2-26,23.65,23.45,24.00,23.65,23.65,291,,,nasdaq,
2025-01-30,ENOFUTBLQ2-27,24.45,,,,,,,,nasdaq,
2025-01-30,ENOFUTBLQ3-26,20.10,19.76,20.15,20.10,19.30,296,,,nasdaq,
2025-01-30,ENOFUTBLQ3-27,21.55,,,,,2,,,nasdaq,
2025-01-30,ENOFUTBLQ4-26,41.55,40.75,,,,388,,,nasdaq,
2025-01-30,ENOFUTBLQ4-27,44.95,39.00,,,,3,,,nasdaq,
2025-01-30,ENOFUTBLYR-27,37.00,36.90,37.00,37.00,36.60,1513,,,nasdaq,
2025-01-30,ENOFUTBLYR-28,38.90,38.60,39.00,,,571,,,nasdaq,
2025-01-30,ENOFUTBLYR-29,41.30,40.25,,,,134,,,nasdaq,
2025-01-30,ENOFUTBLYR-30,41.20,,,,,91,,,nasdaq,
2025-01-30,ENOFUTBLYR-31,42.38,,,,,40,,,nasdaq,
2025-01-30,ENOFUTBLYR-32,43.38,,,,,,,,nasdaq,
2025-01-30,ENOFUTBLYR-33,45.00,,,,,,,,nasdaq,
2025-01-30,ENOFUTBLYR-34,45.75,,,,,,,,nasdaq,
2025-01-30,ENOFUTBLYR-35,45.90,,,,,,,,nasdaq,
2025-01-31,ENOFUTBLQ1-26,56.70,56.70,57.50,56.70,56.70,750,,,nasdaq,
2025-01-31,ENOFUTBLQ1-27,57.75,57.50,,,,48,,,nasdaq,
2025-01-31,ENOFUTBLQ2-26,25.00,25.00,29.50,25.00,25.00,293,,,nasdaq,
2025-01-31,ENOFUTBLQ2-27,25.25,,,,,,,,nasdaq,
2025-01-31,ENOFUTBLQ3-26,21.83,20.65,23.00,,,308,,,nasdaq,
2025-01-31,ENOFUTBLQ3-27,22.25,,,,,2,,,nasdaq,
2025-01-31,ENOFUTBLQ4-26,42.70,41.75,,42.70,42.70,388,,,nasdaq,
2025-01-31,ENOFUTBLQ4-27,45.75,45.50,,,,3,,,nasdaq,
2025-01-31,ENOFUTBLYR-27,37.65,37.60,37.75,37.80,37.60,1520,,,nasdaq,
2025-01-31,ENOFUTBLYR-28,38.95,38.85,39.10,39.00,38.70,576,,,nasdaq,
2025-01-31,ENOFUTBLYR-29,41.30,40.35,,,,134,,,nasdaq,
2025-01-31,ENOFUTBLYR-30,41.20,40.12,,,,91,,,nasdaq,
2025-01-31,ENOFUTBLYR-31,42.38,,,,,40,,,nasdaq,
2025-01-31,ENOFUTBLYR-32,43.38,,,,,,,,nasdaq,
2025-01-31,ENOFUTBLYR-33,45.00,,,,,,,,nasdaq,
2025-01-31,ENOFUTBLYR-34,45.75,,,,,,,,nasdaq,
2025-01-31,ENOFUTBLYR-35,45.90,,,,,,,,nasdaq,
2025-02-03,ENOFUTBLQ1-26,57.00,57.00,,57.00,56.70,750,,,nasdaq,
2025-02-03,ENOFUTBLQ1-27,58.50,57.00,58.50,58.50,58.50,48,,,nasdaq,
2025-02-03,ENOFUTBLQ2-26,26.00,25.50,31.00,,,291,,,nasdaq,
2025-02-03,ENOFUTBLQ2-27,25.88,25.25,26.00,,,,,,nasdaq,
2025-02-03,ENOFUTBLQ3-26,22.25,21.00,25.00,,,308,,,nasdaq,
2025-02-03,ENOFUTBLQ3-27,22.60,22.00,23.00,22.60,22.60,2,,,nasdaq,
2025-02-03,ENOFUTBLQ4-26,43.50,43.00,,,,389,,,nasdaq,
2025-02-03,ENOFUTBLQ4-27,46.25,45.00,47.00,46.25,46.25,3,,,nasdaq,
2025-02-03,ENOFUTBLYR-27,38.00,37.85,38.00,,,1517,,,nasdaq,
2025-02-03,ENOFUTBLYR-28,39.30,39.00,39.50,39.50,39.50,587,,,nasdaq,
2025-02-03,ENOFUTBLYR-29,41.40,40.25,42.00,,,134,,,nasdaq,
2025-02-03,ENOFUTBLYR-30,41.30,41.25,43.25,,,91,,,nasdaq,
2025-02-03,ENOFUTBLYR-31,42.48,,,,,40,,,nasdaq,
2025-02-03,ENOFUTBLYR-32,43.48,,,,,,,,nasdaq,
2025-02-03,ENOFUTBLYR-33,45.10,,,,,,,,nasdaq,
2025-02-03,ENOFUTBLYR-34,45.85,,,,,,,,nasdaq,
2025-02-03,ENOFUTBLYR-35,46.00,,,,,,,,nasdaq,
2025-02-04,ENOFUTBLQ1-26,57.00,55.50,57.50,,,750,,,nasdaq,
2025-02-04,ENOFUTBLQ1-27,58.50,57.75,,,,49,,,nasdaq,
2025-02-04,ENOFUTBLQ2-26,26.00,25.30,27.70,,,291,,,nasdaq,
2025-02-04,ENOFUTBLQ2-27,25.88,,,26.00,26.00,,,,nasdaq,
2025-02-04,ENOFUTBLQ3-26,22.30,22.00,22.75,22.30,22.30,308,,,nasdaq,
2025-02-04,ENOFUTBLQ3-27,22.25,,22.60,,,3,,,nasdaq,
2025-02-04,ENOFUTBLQ4-26,44.20,42.65,,,,389,,,nasdaq,
2025-02-04,ENOFUTBLQ4-27,46.25,46.00,,,,4,,,nasdaq,
2025-02-04,ENOFUTBLYR-27,38.20,37.50,38.40,,,1516,,,nasdaq,
2025-02-04,ENOFUTBLYR-28,39.10,39.10,41.00,39.10,39.10,585,,,nasdaq,
2025-02-04,ENOFUTBLYR-29,41.40,40.25,42.00,,,134,,,nasdaq,
2025-02-04,ENOFUTBLYR-30,41.30,40.12,,,,91,,,nasdaq,
2025-02-04,ENOFUTBLYR-31,42.48,,,,,40,,,nasdaq,
2025-02-04,ENOFUTBLYR-32,43.48,,,,,,,,nasdaq,
2025-02-04,ENOFUTBLYR-33,45.10,,,,,,,,nasdaq,
2025-02-04,ENOFUTBLYR-34,45.85,,,,,,,,nasdaq,
2025-02-04,ENOFUTBLYR-35,46.00,,,,,,,,nasdaq,
2025-02-05,ENOFUTBLQ1-26,56.75,54.05,57.00,57.00,56.70,750,,,nasdaq,
2025-02-05,ENOFUTBLQ1-27,58.45,,,,,56,,,nasdaq,
2025-02-05,ENOFUTBLQ2-26,26.00,24.00,26.00,26.00,26.00,296,,,nasdaq,
2025-02-05,ENOFUTBLQ2-27,25.75,,,,,1,,,nasdaq,
2025-02-05,ENOFUTBLQ3-26,21.85,21.50,22.10,21.85,21.85,308,,,nasdaq,
2025-02-05,ENOFUTBLQ3-27,22.25,,23.00,,,3,,,nasdaq,
2025-02-05,ENOFUTBLQ4-26,44.20,40.00,,44.20,44.20,389,,,nasdaq,
2025-02-05,ENOFUTBLQ4-27,46.25,,,,,13,,,nasdaq,
2025-02-05,ENOFUTBLYR-27,38.10,37.80,38.50,38.10,38.00,1518,,,nasdaq,
2025-02-05,ENOFUTBLYR-28,39.15,39.05,39.25,,,586,,,nasdaq,
2025-02-05,ENOFUTBLYR-29,42.00,39.25,,42.00,42.00,134,,,nasdaq,
2025-02-05,ENOFUTBLYR-30,41.30,40.12,42.00,,,91,,,nasdaq,
2025-02-05,ENOFUTBLYR-31,42.48,,,,,40,,,nasdaq,
2025-02-05,ENOFUTBLYR-32,43.48,,,,,,,,nasdaq,
2025-02-05,ENOFUTBLYR-33,45.10,,,,,,,,nasdaq,
2025-02-05,ENOFUTBLYR-34,45.85,,,,,,,,nasdaq,
2025-02-05,ENOFUTBLYR-35,46.00,,,,,,,,nasdaq,
2025-02-06,ENOFUTBLQ1-26,56.40,56.40,56.60,57.00,56.40,746,,,nasdaq,
2025-02-06,ENOFUTBLQ1-27,58.20,58.00,58.40,,,56,,,nasdaq,
2025-02-06,ENOFUTBLQ2-26,25.65,25.50,28.75,,,297,,,nasdaq,
2025-02-06,ENOFUTBLQ2-27,25.85,23.50,28.50,,,1,,,nasdaq,
2025-02-06,ENOFUTBLQ3-26,21.90,18.85,22.50,22.00,21.90,304,,,nasdaq,
2025-02-06,ENOFUTBLQ3-27,22.00,19.25,24.50,,,3,,,nasdaq,
2025-02-06,ENOFUTBLQ4-26,44.00,43.85,46.00,44.00,44.00,394,,,nasdaq,
2025-02-06,ENOFUTBLQ4-27,46.25,43.25,49.00,,,16,,,nasdaq,
2025-02-06,ENOFUTBLYR-27,38.00,37.75,38.15,38.00,38.00,1527,,,nasdaq,
2025-02-06,ENOFUTBLYR-28,39.20,38.65,39.50,39.20,39.20,586,,,nasdaq,
2025-02-06,ENOFUTBLYR-29,42.00,40.00,42.25,,,135,,,nasdaq,
2025-02-06,ENOFUTBLYR-30,41.30,39.30,44.05,,,91,,,nasdaq,
2025-02-06,ENOFUTBLYR-31,42.48,,,,,40,,,nasdaq,
2025-02-06,ENOFUTBLYR-32,43.48,,,,,,,,nasdaq,
2025-02-06,ENOFUTBLYR-33,45.10,,,,,,,,nasdaq,
2025-02-06,ENOFUTBLYR-34,45.85,,,,,,,,nasdaq,
2025-02-06,ENOFUTBLYR-35,46.00,,,,,,,,nasdaq,
2025-02-07,ENOFUTBLQ1-26,56.50,56.30,57.20,56.50,56.30,748,,,nasdaq,
2025-02-07,ENOFUTBLQ1-27,58.20,56.50,58.75,,,63,,,nasdaq,
2025-02-07,ENOFUTBLQ2-26,25.75,25.70,28.40,25.65,25.50,297,,,nasdaq,
2025-02-07,ENOFUTBLQ2-27,25.85,24.00,28.60,,,1,,,nasdaq,
2025-02-07,ENOFUTBLQ3-26,22.00,21.75,24.65,22.00,21.90,305,,,nasdaq,
2025-02-07,ENOFUTBLQ3-27,22.00,19.25,24.25,,,3,,,nasdaq,
2025-02-07,ENOFUTBLQ4-26,44.15,44.00,46.00,44.15,44.00,397,,,nasdaq,
2025-02-07,ENOFUTBLQ4-27,46.25,43.50,49.00,,,16,,,nasdaq,
2025-02-07,ENOFUTBLYR-27,38.00,37.80,38.20,38.00,37.90,1531,,,nasdaq,
2025-02-07,ENOFUTBLYR-28,39.20,39.00,39.50,,,594,,,nasdaq,
2025-02-07,ENOFUTBLYR-29,42.00,40.25,43.00,,,135,,,nasdaq,
2025-02-07,ENOFUTBLYR-30,41.30,39.55,43.80,,,91,,,nasdaq,
2025-02-07,ENOFUTBLYR-31,42.48,,,,,40,,,nasdaq,
2025-02-07,ENOFUTBLYR-32,43.48,,,,,,,,nasdaq,
2025-02-07,ENOFUTBLYR-33,45.10,,,,,,,,nasdaq,
2025-02-07,ENOFUTBLYR-34,45.85,,,,,,,,nasdaq,
2025-02-07,ENOFUTBLYR-35,46.00,,,,,,,,nasdaq,
2025-02-10,ENOFUTBLQ1-26,57.50,57.40,58.25,57.25,57.25,754,,,nasdaq,
2025-02-10,ENOFUTBLQ1-27,58.70,56.45,61.25,,,63,,,nasdaq,
2025-02-10,ENOFUTBLQ2-26,26.75,26.25,28.00,,,297,,,nasdaq,
2025-02-10,ENOFUTBLQ2-27,26.35,24.10,29.25,,,1,,,nasdaq,
2025-02-10,ENOFUTBLQ3-26,22.70,22.40,23.00,,,307,,,nasdaq,
2025-02-10,ENOFUTBLQ3-27,22.38,19.50,25.25,,,3,,,nasdaq,
2025-02-10,ENOFUTBLQ4-26,45.15,44.50,47.00,,,404,,,nasdaq,
2025-02-10,ENOFUTBLQ4-27,46.75,43.85,50.00,,,16,,,nasdaq,
2025-02-10,ENOFUTBLYR-27,38.50,38.35,38.75,38.50,38.40,1533,,,nasdaq,
2025-02-10,ENOFUTBLYR-28,39.33,39.10,39.50,39.15,39.15,594,,,nasdaq,
2025-02-10,ENOFUTBLYR-29,42.00,40.50,42.25,,,135,,,nasdaq,
2025-02-10,ENOFUTBLYR-30,41.30,39.80,42.75,,,91,,,nasdaq,
2025-02-10,ENOFUTBLYR-31,42.48,,,,,40,,,nasdaq,
2025-02-10,ENOFUTBLYR-32,43.48,,,,,,,,nasdaq,
2025-02-10,ENOFUTBLYR-33,45.10,,,,,,,,nasdaq,
2025-02-10,ENOFUTBLYR-34,45.85,,,,,,,,nasdaq,
2025-02-10,ENOFUTBLYR-35,46.00,,,,,,,,nasdaq,
2025-02-11,ENOFUTBLQ1-26,57.70,57.66,57.80,57.60,57.00,753,,,nasdaq,
2025-02-11,ENOFUTBLQ1-27,59.00,55.95,61.25,,,63,,,nasdaq,
2025-02-11,ENOFUTBLQ2-26,27.15,27.00,29.70,27.00,27.00,297,,,nasdaq,
2025-02-11,ENOFUTBLQ2-27,26.60,24.25,29.10,,,1,,,nasdaq,
2025-02-11,ENOFUTBLQ3-26,22.60,22.50,23.50,,,307,,,nasdaq,
2025-02-11,ENOFUTBLQ3-27,22.50,19.63,22.95,,,3,,,nasdaq,
2025-02-11,ENOFUTBLQ4-26,45.15,44.30,47.00,,,404,,,nasdaq,
2025-02-11,ENOFUTBLQ4-27,47.00,46.50,50.50,,,16,,,nasdaq,
2025-02-11,ENOFUTBLYR-27,38.75,38.35,39.05,,,1544,,,nasdaq,
2025-02-11,ENOFUTBLYR-28,39.25,39.05,42.20,,,594,,,nasdaq,
2025-02-11,ENOFUTBLYR-29,42.00,40.70,45.30,,,135,,,nasdaq,
2025-02-11,ENOFUTBLYR-30,41.30,39.60,44.85,,,91,,,nasdaq,
2025-02-11,ENOFUTBLYR-31,42.48,,,,,40,,,nasdaq,
2025-02-11,ENOFUTBLYR-32,43.48,,,,,,,,nasdaq,
2025-02-11,ENOFUTBLYR-33,45.10,,,,,,,,nasdaq,
2025-02-11,ENOFUTBLYR-34,45.85,,,,,,,,nasdaq,
2025-02-11,ENOFUTBLYR-35,46.00,,,,,,,,nasdaq,
2025-02-12,ENOFUTBLQ1-26,56.75,56.75,56.80,57.15,56.75,754,,,nasdaq,
2025-02-12,ENOFUTBLQ1-27,58.50,45.00,59.00,,,63,,,nasdaq,
2025-02-12,ENOFUTBLQ2-26,26.50,26.40,27.15,26.50,26.50,295,,,nasdaq,
2025-02-12,ENOFUTBLQ2-27,26.60,,,,,1,,,nasdaq,
2025-02-12,ENOFUTBLQ3-26,22.20,22.00,22.30,22.00,22.00,307,,,nasdaq,
2025-02-12,ENOFUTBLQ3-27,22.00,18.25,22.40,,,3,,,nasdaq,
2025-02-12,ENOFUTBLQ4-26,44.40,44.30,45.25,44.50,44.40,404,,,nasdaq,
2025-02-12,ENOFUTBLQ4-27,47.00,,,,,16,,,nasdaq,
2025-02-12,ENOFUTBLYR-27,38.45,38.20,38.75,38.45,38.45,1552,,,nasdaq,
2025-02-12,ENOFUTBLYR-28,39.10,38.75,39.50,,,597,,,nasdaq,
2025-02-12,ENOFUTBLYR-29,41.85,40.50,43.00,,,135,,,nasdaq,
2025-02-12,ENOFUTBLYR-30,41.30,,,,,91,,,nasdaq,
2025-02-12,ENOFUTBLYR-31,42.48,,,,,40,,,nasdaq,
2025-02-12,ENOFUTBLYR-32,43.48,,,,,,,,nasdaq,
2025-02-12,ENOFUTBLYR-33,45.10,,,,,,,,nasdaq,
2025-02-12,ENOFUTBLYR-34,45.85,,,,,,,,nasdaq,
2025-02-12,ENOFUTBLYR-35,46.00,,,,,,,,nasdaq,
2025-02-13,ENOFUTBLQ1-26,55.70,55.50,55.75,55.70,55.00,759,,,nasdaq,
2025-02-13,ENOFUTBLQ1-27,57.75,56.70,57.75,59.00,57.75,63,,,nasdaq,
2025-02-13,ENOFUTBLQ2-26,25.80,25.60,26.00,,,297,,,nasdaq,
2025-02-13,ENOFUTBLQ2-27,26.13,22.85,29.40,,,1,,,nasdaq,
2025-02-13,ENOFUTBLQ3-26,21.85,21.20,22.50,,,308,,,nasdaq,
2025-02-13,ENOFUTBLQ3-27,21.65,19.25,,,,3,,,nasdaq,
2025-02-13,ENOFUTBLQ4-26,43.85,43.70,44.25,43.60,43.60,408,,,nasdaq,
2025-02-13,ENOFUTBLQ4-27,46.35,43.70,49.00,,,16,,,nasdaq,
2025-02-13,ENOFUTBLYR-27,37.95,37.80,38.09,37.75,37.75,1558,,,nasdaq,
2025-02-13,ENOFUTBLYR-28,38.75,38.75,39.25,38.80,38.75,604,,,nasdaq,
2025-02-13,ENOFUTBLYR-29,41.50,40.25,42.50,,,135,,,nasdaq,
2025-02-13,ENOFUTBLYR-30,41.20,40.12,,,,91,,,nasdaq,
2025-02-13,ENOFUTBLYR-31,42.43,,,,,40,,,nasdaq,
2025-02-13,ENOFUTBLYR-32,43.48,,,,,,,,nasdaq,
2025-02-13,ENOFUTBLYR-33,45.10,,,,,,,,nasdaq,
2025-02-13,ENOFUTBLYR-34,45.85,,,,,,,,nasdaq,
2025-02-13,ENOFUTBLYR-35,46.00,,,,,,,,nasdaq,
2025-02-14,ENOFUTBLQ1-26,55.70,55.50,55.95,55.70,55.45,771,,,nasdaq,
2025-02-14,ENOFUTBLQ1-27,57.70,57.00,58.40,,,62,,,nasdaq,
2025-02-14,ENOFUTBLQ2-26,25.75,25.45,29.80,25.75,25.50,297,,,nasdaq,
2025-02-14,ENOFUTBLQ2-27,25.75,23.00,28.15,,,1,,,nasdaq,
2025-02-14,ENOFUTBLQ3-26,22.00,21.25,22.50,22.00,22.00,308,,,nasdaq,
2025-02-14,ENOFUTBLQ3-27,21.35,19.80,21.90,,,3,,,nasdaq,
2025-02-14,ENOFUTBLQ4-26,44.35,42.00,45.90,,,410,,,nasdaq,
2025-02-14,ENOFUTBLQ4-27,47.50,45.80,47.90,49.00,49.00,16,,,nasdaq,
2025-02-14,ENOFUTBLYR-27,38.00,37.70,38.50,,,1562,,,nasdaq,
2025-02-14,ENOFUTBLYR-28,38.80,38.70,39.25,,,605,,,nasdaq,
2025-02-14,ENOFUTBLYR-29,41.50,38.50,43.50,,,135,,,nasdaq,
2025-02-14,ENOFUTBLYR-30,41.20,38.20,44.20,,,91,,,nasdaq,
2025-02-14,ENOFUTBLYR-31,42.43,,,,,40,,,nasdaq,
2025-02-14,ENOFUTBLYR-32,43.48,,,,,,,,nasdaq,
2025-02-14,ENOFUTBLYR-33,45.10,,,,,,,,nasdaq,
2025-02-14,ENOFUTBLYR-34,45.85,,,,,,,,nasdaq,
2025-02-14,ENOFUTBLYR-35,46.00,,,,,,,,nasdaq,
2025-02-17,ENOFUTBLQ1-26,55.30,55.30,55.45,55.30,55.30,783,,,nasdaq,
2025-02-17,ENOFUTBLQ1-27,57.45,57.25,57.65,,,62,,,nasdaq,
2025-02-17,ENOFUTBLQ2-26,25.75,25.50,25.75,,,296,,,nasdaq,
2025-02-17,ENOFUTBLQ2-27,25.45,23.15,27.75,,,1,,,nasdaq,
2025-02-17,ENOFUTBLQ3-26,22.00,21.90,24.00,,,311,,,nasdaq,
2025-02-17,ENOFUTBLQ3-27,21.30,19.25,23.35,,,3,,,nasdaq,
2025-02-17,ENOFUTBLQ4-26,44.30,44.20,46.15,44.30,44.30,410,,,nasdaq,
2025-02-17,ENOFUTBLQ4-27,47.50,44.50,50.50,,,17,,,nasdaq,
2025-02-17,ENOFUTBLYR-27,37.85,37.80,38.00,37.85,37.85,1566,,,nasdaq,
2025-02-17,ENOFUTBLYR-28,38.50,38.00,39.00,,,607,,,nasdaq,
2025-02-17,ENOFUTBLYR-29,41.38,40.75,42.00,,,135,,,nasdaq,
2025-02-17,ENOFUTBLYR-30,41.06,40.12,42.00,,,91,,,nasdaq,
2025-02-17,ENOFUTBLYR-31,42.33,,,,,40,,,nasdaq,
2025-02-17,ENOFUTBLYR-32,43.38,,,,,,,,nasdaq,
2025-02-17,ENOFUTBLYR-33,45.00,,,,,,,,nasdaq,
2025-02-17,ENOFUTBLYR-34,45.75,,,,,,,,nasdaq,
2025-02-17,ENOFUTBLYR-35,45.90,,,,,,,,nasdaq,
2025-02-18,ENOFUTBLQ1-26,55.10,55.00,55.20,,,783,,,nasdaq,
2025-02-18,ENOFUTBLQ1-27,57.45,45.00,58.50,,,63,,,nasdaq,
2025-02-18,ENOFUTBLQ2-26,25.60,25.75,,,,296,,,nasdaq,
2025-02-18,ENOFUTBLQ2-27,25.45,23.00,,,,1,,,nasdaq,
2025-02-18,ENOFUTBLQ3-26,22.00,,22.20,22.00,22.00,311,,,nasdaq,
2025-02-18,ENOFUTBLQ3-27,21.00,19.25,21.50,,,3,,,nasdaq,
2025-02-18,ENOFUTBLQ4-26,44.15,44.00,,,,412,,,nasdaq,
2025-02-18,ENOFUTBLQ4-27,47.60,47.25,60.00,,,17,,,nasdaq,
2025-02-18,ENOFUTBLYR-27,37.85,37.85,38.00,37.85,37.85,1575,,,nasdaq,
2025-02-18,ENOFUTBLYR-28,38.50,38.50,39.25,,,613,,,nasdaq,
2025-02-18,ENOFUTBLYR-29,41.38,41.00,,,,135,,,nasdaq,
2025-02-18,ENOFUTBLYR-30,41.06,,,,,91,,,nasdaq,
2025-02-18,ENOFUTBLYR-31,42.33,,,,,40,,,nasdaq,
2025-02-18,ENOFUTBLYR-32,43.38,,,,,,,,nasdaq,
2025-02-18,ENOFUTBLYR-33,45.00,,,,,,,,nasdaq,
2025-02-18,ENOFUTBLYR-34,45.75,,,,,,,,nasdaq,
2025-02-18,ENOFUTBLYR-35,45.90,,,,,,,,nasdaq,
2025-02-19,ENOFUTBLQ1-26,55.10,55.05,55.70,55.00,55.00,785,,,nasdaq,
2025-02-19,ENOFUTBLQ1-27,57.45,54.95,58.50,,,63,,,nasdaq,
2025-02-19,ENOFUTBLQ2-26,25.75,25.65,27.70,,,296,,,nasdaq,
2025-02-19,ENOFUTBLQ2-27,25.65,23.50,27.40,,,1,,,nasdaq,
2025-02-19,ENOFUTBLQ3-26,22.15,22.05,22.45,,,312,,,nasdaq,
2025-02-19,ENOFUTBLQ3-27,21.25,19.25,23.20,,,3,,,nasdaq,
2025-02-19,ENOFUTBLQ4-26,44.30,44.20,45.00,,,412,,,nasdaq,
2025-02-19,ENOFUTBLQ4-27,47.73,45.00,50.45,,,17,,,nasdaq,
2025-02-19,ENOFUTBLYR-27,38.00,38.00,38.25,,,1580,,,nasdaq,
2025-02-19,ENOFUTBLYR-28,38.60,38.55,38.95,,,618,,,nasdaq,
2025-02-19,ENOFUTBLYR-29,41.38,40.25,42.00,,,135,,,nasdaq,
2025-02-19,ENOFUTBLYR-30,41.06,40.12,44.01,,,91,,,nasdaq,
2025-02-19,ENOFUTBLYR-31,42.33,,,,,40,,,nasdaq,
2025-02-19,ENOFUTBLYR-32,43.38,,,,,,,,nasdaq,
2025-02-19,ENOFUTBLYR-33,45.00,,,,,,,,nasdaq,
2025-02-19,ENOFUTBLYR-34,45.75,,,,,,,,nasdaq,
2025-02-19,ENOFUTBLYR-35,45.90,,,,,,,,nasdaq,
2025-02-20,ENOFUTBLQ1-26,54.90,54.80,55.00,55.10,54.90,799,,,nasdaq,
2025-02-20,ENOFUTBLQ1-27,57.40,54.45,59.45,,,63,,,nasdaq,
2025-02-20,ENOFUTBLQ2-26,25.75,25.75,26.10,,,296,,,nasdaq,
2025-02-20,ENOFUTBLQ2-27,25.60,23.65,25.65,,,1,,,nasdaq,
2025-02-20,ENOFUTBLQ3-26,22.00,21.70,22.05,22.00,22.00,312,,,nasdaq,
2025-02-20,ENOFUTBLQ3-27,21.20,18.25,23.25,,,3,,,nasdaq,
2025-02-20,ENOFUTBLQ4-26,44.25,43.90,46.30,44.25,44.25,412,,,nasdaq,
2025-02-20,ENOFUTBLQ4-27,47.70,44.75,49.75,,,17,,,nasdaq,
2025-02-20,ENOFUTBLYR-27,37.95,37.90,38.00,37.95,37.95,1587,,,nasdaq,
2025-02-20,ENOFUTBLYR-28,38.75,38.65,39.75,,,620,,,nasdaq,
2025-02-20,ENOFUTBLYR-29,41.35,40.50,42.00,,,135,,,nasdaq,
2025-02-20,ENOFUTBLYR-30,41.00,38.10,42.00,,,91,,,nasdaq,
2025-02-20,ENOFUTBLYR-31,42.33,,,,,40,,,nasdaq,
2025-02-20,ENOFUTBLYR-32,43.38,,,,,,,,nasdaq,
2025-02-20,ENOFUTBLYR-33,45.00,,,,,,,,nasdaq,
2025-02-20,ENOFUTBLYR-34,45.75,,,,,,,,nasdaq,
2025-02-20,ENOFUTBLYR-35,45.90,,,,,,,,nasdaq,
2025-02-21,ENOFUTBLQ1-26,55.00,54.90,55.25,55.00,55.00,806,,,nasdaq,
2025-02-21,ENOFUTBLQ1-27,57.90,56.40,59.85,,,63,,,nasdaq,
2025-02-21,ENOFUTBLQ2-26,26.00,25.75,27.70,,,296,,,nasdaq,
2025-02-21,ENOFUTBLQ2-27,25.50,23.10,27.55,,,1,,,nasdaq,
2025-02-21,ENOFUTBLQ3-26,21.85,19.70,22.15,,,306,,,nasdaq,
2025-02-21,ENOFUTBLQ3-27,21.10,19.00,23.15,,,3,,,nasdaq,
2025-02-21,ENOFUTBLQ4-26,44.30,43.90,44.50,44.30,44.30,415,,,nasdaq,
2025-02-21,ENOFUTBLQ4-27,47.70,45.20,50.15,,,17,,,nasdaq,
2025-02-21,ENOFUTBLYR-27,38.00,38.00,38.20,38.00,38.00,1588,,,nasdaq,
2025-02-21,ENOFUTBLYR-28,39.05,39.00,41.20,39.00,38.90,620,,,nasdaq,
2025-02-21,ENOFUTBLYR-29,41.35,40.50,44.05,,,135,,,nasdaq,
2025-02-21,ENOFUTBLYR-30,41.00,40.12,42.50,,,94,,,nasdaq,
2025-02-21,ENOFUTBLYR-31,42.33,,,,,40,,,nasdaq,
2025-02-21,ENOFUTBLYR-32,43.38,,,,,,,,nasdaq,
2025-02-21,ENOFUTBLYR-33,45.00,,,,,,,,nasdaq,
2025-02-21,ENOFUTBLYR-34,45.75,,,,,,,,nasdaq,
2025-02-21,ENOFUTBLYR-35,45.90,,,,,,,,nasdaq,
2025-02-24,ENOFUTBLQ1-26,55.25,55.00,55.25,55.25,55.13,813,,,nasdaq,
2025-02-24,ENOFUTBLQ1-27,57.60,56.70,57.70,,,63,,,nasdaq,
2025-02-24,ENOFUTBLQ2-26,26.30,26.25,,,,296,,,nasdaq,
2025-02-24,ENOFUTBLQ2-27,25.50,23.00,,,,1,,,nasdaq,
2025-02-24,ENOFUTBLQ3-26,21.85,21.20,22.05,,,306,,,nasdaq,
2025-02-24,ENOFUTBLQ3-27,21.10,19.00,25.00,,,8,,,nasdaq,
2025-02-24,ENOFUTBLQ4-26,44.70,44.20,45.20,,,417,,,nasdaq,
2025-02-24,ENOFUTBLQ4-27,47.70,42.00,48.00,,,22,,,nasdaq,
2025-02-24,ENOFUTBLYR-27,38.00,37.95,38.09,,,1598,,,nasdaq,
2025-02-24,ENOFUTBLYR-28,39.15,39.05,39.45,,,625,,,nasdaq,
2025-02-24,ENOFUTBLYR-29,41.00,40.50,42.25,,,135,,,nasdaq,
2025-02-24,ENOFUTBLYR-30,41.00,,,,,94,,,nasdaq,
2025-02-24,ENOFUTBLYR-31,42.33,,,,,40,,,nasdaq,
2025-02-24,ENOFUTBLYR-32,43.38,,,,,,,,nasdaq,
2025-02-24,ENOFUTBLYR-33,45.00,,,,,,,,nasdaq,
2025-02-24,ENOFUTBLYR-34,45.75,,,,,,,,nasdaq,
2025-02-24,ENOFUTBLYR-35,45.90,,,,,,,,nasdaq,
2025-02-25,ENOFUTBLQ1-26,54.87,54.85,55.25,54.98,54.85,831,,,nasdaq,
2025-02-25,ENOFUTBLQ1-27,57.50,56.00,57.75,57.50,57.50,63,,,nasdaq,
2025-02-25,ENOFUTBLQ2-26,26.25,,26.21,26.30,26.30,297,,,nasdaq,
2025-02-25,ENOFUTBLQ2-27,25.60,25.00,31.00,,,1,,,nasdaq,
2025-02-25,ENOFUTBLQ3-26,21.35,18.00,21.85,,,306,,,nasdaq,
2025-02-25,ENOFUTBLQ3-27,21.10,20.25,24.00,,,8,,,nasdaq,
2025-02-25,ENOFUTBLQ4-26,44.20,41.00,44.40,,,418,,,nasdaq,
2025-02-25,ENOFUTBLQ4-27,47.70,46.25,48.00,,,22,,,nasdaq,
2025-02-25,ENOFUTBLYR-27,37.95,37.85,37.99,38.00,37.99,1602,,,nasdaq,
2025-02-25,ENOFUTBLYR-28,39.00,38.95,39.25,39.00,39.00,629,,,nasdaq,
2025-02-25,ENOFUTBLYR-29,41.00,40.50,41.75,,,138,,,nasdaq,
2025-02-25,ENOFUTBLYR-30,41.00,40.12,,,,94,,,nasdaq,
2025-02-25,ENOFUTBLYR-31,42.33,,,,,40,,,nasdaq,
2025-02-25,ENOFUTBLYR-32,43.38,,,,,,,,nasdaq,
2025-02-25,ENOFUTBLYR-33,45.00,,,,,,,,nasdaq,
2025-02-25,ENOFUTBLYR-34,45.60,,,,,,,,nasdaq,
2025-02-25,ENOFUTBLYR-35,45.80,,,,,,,,nasdaq,
2025-02-26,ENOFUTBLQ1-26,54.85,54.70,54.95,55.37,54.80,840,,,nasdaq,
2025-02-26,ENOFUTBLQ1-27,58.50,56.40,61.00,,,60,,,nasdaq,
2025-02-26,ENOFUTBLQ2-26,25.85,25.00,26.10,26.25,26.13,299,,,nasdaq,
2025-02-26,ENOFUTBLQ2-27,25.00,22.00,,,,1,,,nasdaq,
2025-02-26,ENOFUTBLQ3-26,21.15,17.50,21.50,21.55,21.55,306,,,nasdaq,
2025-02-26,ENOFUTBLQ3-27,21.63,19.25,24.00,,,8,,,nasdaq,
2025-02-26,ENOFUTBLQ4-26,43.70,43.40,43.90,43.90,43.90,418,,,nasdaq,
2025-02-26,ENOFUTBLQ4-27,46.70,44.00,47.65,,,22,,,nasdaq,
2025-02-26,ENOFUTBLYR-27,37.90,37.50,37.85,,,1619,,,nasdaq,
2025-02-26,ENOFUTBLYR-28,38.90,38.75,39.00,,,641,,,nasdaq,
2025-02-26,ENOFUTBLYR-29,41.00,40.25,42.00,,,140,,,nasdaq,
2025-02-26,ENOFUTBLYR-30,41.00,40.12,,,,94,,,nasdaq,
2025-02-26,ENOFUTBLYR-31,42.33,,,,,40,,,nasdaq,
2025-02-26,ENOFUTBLYR-32,43.38,,,,,,,,nasdaq,
2025-02-26,ENOFUTBLYR-33,45.00,,,,,,,,nasdaq,
2025-02-26,ENOFUTBLYR-34,45.45,,,,,,,,nasdaq,
2025-02-26,ENOFUTBLYR-35,45.70,,,,,,,,nasdaq,
2025-02-27,ENOFUTBLQ1-26,55.20,55.15,55.20,55.50,55.00,865,,,nasdaq,
2025-02-27,ENOFUTBLQ1-27,58.00,57.00,60.50,58.00,58.00,60,,,nasdaq,
2025-02-27,ENOFUTBLQ2-26,25.95,25.50,26.40,26.50,26.50,301,,,nasdaq,
2025-02-27,ENOFUTBLQ2-27,25.40,24.50,,26.95,26.95,1,,,nasdaq,
2025-02-27,ENOFUTBLQ3-26,21.50,21.30,22.25,21.50,21.50,305,,,nasdaq,
2025-02-27,ENOFUTBLQ3-27,22.00,20.00,23.55,,,8,,,nasdaq,
2025-02-27,ENOFUTBLQ4-26,44.00,43.80,44.05,44.00,44.00,421,,,nasdaq,
2025-02-27,ENOFUTBLQ4-27,47.10,44.35,48.00,,,22,,,nasdaq,
2025-02-27,ENOFUTBLYR-27,38.10,37.80,38.15,38.10,38.10,1623,,,nasdaq,
2025-02-27,ENOFUTBLYR-28,39.20,38.90,39.35,39.20,39.20,646,,,nasdaq,
2025-02-27,ENOFUTBLYR-29,41.05,40.75,41.45,41.50,41.50,140,,,nasdaq,
2025-02-27,ENOFUTBLYR-30,41.00,40.12,43.95,,,94,,,nasdaq,
2025-02-27,ENOFUTBLYR-31,42.33,,,,,40,,,nasdaq,
2025-02-27,ENOFUTBLYR-32,43.38,,,,,,,,nasdaq,
2025-02-27,ENOFUTBLYR-33,45.00,,,,,,,,nasdaq,
2025-02-27,ENOFUTBLYR-34,45.40,,,,,,,,nasdaq,
2025-02-27,ENOFUTBLYR-35,45.65,,,,,,,,nasdaq,
2025-02-28,ENOFUTBLQ1-26,55.20,55.05,55.50,55.20,55.20,883,,,nasdaq,
2025-02-28,ENOFUTBLQ1-27,57.50,56.00,60.50,,,61,,,nasdaq,
2025-02-28,ENOFUTBLQ2-26,25.75,25.00,27.00,,,302,,,nasdaq,
2025-02-28,ENOFUTBLQ2-27,25.40,24.00,27.50,,,2,,,nasdaq,
2025-02-28,ENOFUTBLQ3-26,21.58,21.15,22.00,,,305,,,nasdaq,
2025-02-28,ENOFUTBLQ3-27,21.50,20.00,22.00,,,8,,,nasdaq,
2025-02-28,ENOFUTBLQ4-26,44.00,43.50,44.10,44.00,44.00,422,,,nasdaq,
2025-02-28,ENOFUTBLQ4-27,47.50,47.10,47.90,,,22,,,nasdaq,
2025-02-28,ENOFUTBLYR-27,37.90,37.80,38.00,38.00,37.90,1626,,,nasdaq,
2025-02-28,ENOFUTBLYR-28,39.30,39.10,39.30,39.30,39.15,654,,,nasdaq,
2025-02-28,ENOFUTBLYR-29,41.05,41.00,42.00,,,144,,,nasdaq,
2025-02-28,ENOFUTBLYR-30,41.00,40.12,42.75,,,94,,,nasdaq,
2025-02-28,ENOFUTBLYR-31,42.33,,,,,40,,,nasdaq,
2025-02-28,ENOFUTBLYR-32,43.38,,,,,,,,nasdaq,
2025-02-28,ENOFUTBLYR-33,45.00,,,,,,,,nasdaq,
2025-02-28,ENOFUTBLYR-34,45.35,,,,,,,,nasdaq,
2025-02-28,ENOFUTBLYR-35,45.60,,,,,,,,nasdaq,
2025-03-03,ENOFUTBLQ1-26,55.40,55.15,56.00,56.00,55.35,884,,,nasdaq,
2025-03-03,ENOFUTBLQ1-27,57.75,56.50,59.85,,,61,,,nasdaq,
2025-03-03,ENOFUTBLQ2-26,26.00,25.50,28.75,,,302,,,nasdaq,
2025-03-03,ENOFUTBLQ2-27,25.75,25.25,27.00,,,2,,,nasdaq,
2025-03-03,ENOFUTBLQ3-26,21.60,21.50,21.90,,,305,,,nasdaq,
2025-03-03,ENOFUTBLQ3-27,22.00,20.00,22.00,22.00,22.00,8,,,nasdaq,
2025-03-03,ENOFUTBLQ4-26,44.25,44.00,44.50,,,423,,,nasdaq,
2025-03-03,ENOFUTBLQ4-27,47.00,44.00,48.00,,,22,,,nasdaq,
2025-03-03,ENOFUTBLYR-27,38.10,37.80,38.25,,,1640,,,nasdaq,
2025-03-03,ENOFUTBLYR-28,39.20,38.90,41.30,,,662,,,nasdaq,
2025-03-03,ENOFUTBLYR-29,41.05,39.05,41.50,,,150,,,nasdaq,
2025-03-03,ENOFUTBLYR-30,41.00,40.12,44.00,,,94,,,nasdaq,
2025-03-03,ENOFUTBLYR-31,42.33,,,,,40,,,nasdaq,
2025-03-03,ENOFUTBLYR-32,43.38,,,,,,,,nasdaq,
2025-03-03,ENOFUTBLYR-33,45.00,,,,,,,,nasdaq,
2025-03-03,ENOFUTBLYR-34,45.35,,,,,,,,nasdaq,
2025-03-03,ENOFUTBLYR-35,45.60,,,,,,,,nasdaq,
2025-03-04,ENOFUTBLQ1-26,55.15,55.00,55.30,,,898,,,nasdaq,
2025-03-04,ENOFUTBLQ1-27,57.25,56.00,57.50,,,61,,,nasdaq,
2025-03-04,ENOFUTBLQ2-26,25.30,25.25,27.00,,,302,,,nasdaq,
2025-03-04,ENOFUTBLQ2-27,25.75,24.75,28.00,,,2,,,nasdaq,
2025-03-04,ENOFUTBLQ3-26,21.50,21.15,21.95,21.50,21.50,305,,,nasdaq,
2025-03-04,ENOFUTBLQ3-27,21.50,19.25,22.00,,,10,,,nasdaq,
2025-03-04,ENOFUTBLQ4-26,43.90,43.75,44.25,43.90,43.90,423,,,nasdaq,
2025-03-04,ENOFUTBLQ4-27,47.15,47.00,47.75,,,22,,,nasdaq,
2025-03-04,ENOFUTBLYR-27,37.90,37.75,37.90,37.90,37.80,1649,,,nasdaq,
2025-03-04,ENOFUTBLYR-28,39.05,39.00,39.15,39.00,39.00,660,,,nasdaq,
2025-03-04,ENOFUTBLYR-29,41.00,39.30,42.00,,,168,,,nasdaq,
2025-03-04,ENOFUTBLYR-30,40.95,40.12,43.00,,,94,,,nasdaq,
2025-03-04,ENOFUTBLYR-31,42.28,,,,,40,,,nasdaq,
2025-03-04,ENOFUTBLYR-32,43.33,,,,,,,,nasdaq,
2025-03-04,ENOFUTBLYR-33,44.95,,,,,,,,nasdaq,
2025-03-04,ENOFUTBLYR-34,45.30,,,,,,,,nasdaq,
2025-03-04,ENOFUTBLYR-35,45.55,,,,,,,,nasdaq,
2025-03-05,ENOFUTBLQ1-26,55.25,55.00,55.50,55.25,55.25,902,,,nasdaq,
2025-03-05,ENOFUTBLQ1-27,57.30,56.50,57.40,57.30,57.30,61,,,nasdaq,
2025-03-05,ENOFUTBLQ2-26,25.30,25.00,27.30,,,302,,,nasdaq,
2025-03-05,ENOFUTBLQ2-27,25.88,24.50,27.25,,,2,,,nasdaq,
2025-03-05,ENOFUTBLQ3-26,21.15,19.00,23.60,21.15,21.15,305,,,nasdaq,
2025-03-05,ENOFUTBLQ3-27,21.50,20.00,23.80,,,10,,,nasdaq,
2025-03-05,ENOFUTBLQ4-26,43.90,43.65,45.90,,,424,,,nasdaq,
2025-03-05,ENOFUTBLQ4-27,47.15,44.10,49.00,,,22,,,nasdaq,
2025-03-05,ENOFUTBLYR-27,37.80,37.70,37.90,,,1650,,,nasdaq,
2025-03-05,ENOFUTBLYR-28,39.00,38.75,41.05,,,665,,,nasdaq,
2025-03-05,ENOFUTBLYR-29,40.90,40.90,41.50,,,173,,,nasdaq,
2025-03-05,ENOFUTBLYR-30,41.10,39.45,43.30,,,94,,,nasdaq,
2025-03-05,ENOFUTBLYR-31,42.28,,,,,40,,,nasdaq,
2025-03-05,ENOFUTBLYR-32,43.33,,,,,,,,nasdaq,
2025-03-05,ENOFUTBLYR-33,44.95,,,,,,,,nasdaq,
2025-03-05,ENOFUTBLYR-34,45.30,,,,,,,,nasdaq,
2025-03-05,ENOFUTBLYR-35,45.55,,,,,,,,nasdaq,
2025-03-06,ENOFUTBLQ1-26,54.80,54.75,55.00,55.25,55.00,906,,,nasdaq,
2025-03-06,ENOFUTBLQ1-27,57.30,56.00,59.80,,,61,,,nasdaq,
2025-03-06,ENOFUTBLQ2-26,24.80,24.75,25.00,,,302,,,nasdaq,
2025-03-06,ENOFUTBLQ2-27,25.25,23.00,27.00,,,2,,,nasdaq,
2025-03-06,ENOFUTBLQ3-26,20.50,19.05,21.00,,,305,,,nasdaq,
2025-03-06,ENOFUTBLQ3-27,21.00,19.75,23.90,,,10,,,nasdaq,
2025-03-06,ENOFUTBLQ4-26,43.30,43.25,43.65,44.05,44.00,424,,,nasdaq,
2025-03-06,ENOFUTBLQ4-27,46.55,46.00,47.65,48.00,48.00,22,,,nasdaq,
2025-03-06,ENOFUTBLYR-27,37.50,37.50,37.75,37.50,37.50,1654,,,nasdaq,
2025-03-06,ENOFUTBLYR-28,39.05,38.90,39.20,,,674,,,nasdaq,
2025-03-06,ENOFUTBLYR-29,40.90,39.20,41.50,,,178,,,nasdaq,
2025-03-06,ENOFUTBLYR-30,41.10,39.40,43.85,,,94,,,nasdaq,
2025-03-06,ENOFUTBLYR-31,42.28,,,,,40,,,nasdaq,
2025-03-06,ENOFUTBLYR-32,43.33,,,,,,,,nasdaq,
2025-03-06,ENOFUTBLYR-33,44.95,,,,,,,,nasdaq,
2025-03-06,ENOFUTBLYR-34,45.30,,,,,,,,nasdaq,
2025-03-06,ENOFUTBLYR-35,45.55,,,,,,,,nasdaq,
2025-03-07,ENOFUTBLQ1-26,55.10,54.50,55.50,55.15,54.60,910,,,nasdaq,
2025-03-07,ENOFUTBLQ1-27,57.50,57.00,58.00,,,61,,,nasdaq,
2025-03-07,ENOFUTBLQ2-26,24.80,24.65,25.50,25.15,24.80,302,,,nasdaq,
2025-03-07,ENOFUTBLQ2-27,25.43,24.00,26.70,,,2,,,nasdaq,
2025-03-07,ENOFUTBLQ3-26,21.00,20.75,22.00,21.00,20.50,305,,,nasdaq,
2025-03-07,ENOFUTBLQ3-27,21.18,20.00,22.25,,,10,,,nasdaq,
2025-03-07,ENOFUTBLQ4-26,43.30,43.40,45.30,43.50,43.30,428,,,nasdaq,
2025-03-07,ENOFUTBLQ4-27,47.25,46.00,47.50,47.25,47.25,23,,,nasdaq,
2025-03-07,ENOFUTBLYR-27,37.80,37.65,37.95,37.80,37.65,1661,,,nasdaq,
2025-03-07,ENOFUTBLYR-28,39.20,38.85,39.50,39.20,39.00,673,,,nasdaq,
2025-03-07,ENOFUTBLYR-29,40.90,40.90,41.75,,,179,,,nasdaq,
2025-03-07,ENOFUTBLYR-30,41.10,39.10,43.60,,,94,,,nasdaq,
2025-03-07,ENOFUTBLYR-31,42.28,,,,,40,,,nasdaq,
2025-03-07,ENOFUTBLYR-32,43.33,,,,,,,,nasdaq,
2025-03-07,ENOFUTBLYR-33,44.95,,,,,,,,nasdaq,
2025-03-07,ENOFUTBLYR-34,45.30,,,,,,,,nasdaq,
2025-03-07,ENOFUTBLYR-35,45.55,,,,,,,,nasdaq,
2025-03-10,ENOFUTBLQ1-26,54.98,54.95,55.00,55.25,55.10,917,,,nasdaq,
2025-03-10,ENOFUTBLQ1-27,57.50,56.00,59.50,,,61,,,nasdaq,
2025-03-10,ENOFUTBLQ2-26,24.90,24.90,25.20,24.90,24.90,305,,,nasdaq,
2025-03-10,ENOFUTBLQ2-27,25.43,23.00,27.68,,,2,,,nasdaq,
2025-03-10,ENOFUTBLQ3-26,21.20,19.75,22.00,,,312,,,nasdaq,
2025-03-10,ENOFUTBLQ3-27,21.18,19.00,22.00,,,10,,,nasdaq,
2025-03-10,ENOFUTBLQ4-26,43.60,43.30,44.00,,,428,,,nasdaq,
2025-03-10,ENOFUTBLQ4-27,47.25,45.00,47.75,,,23,,,nasdaq,
2025-03-10,ENOFUTBLYR-27,37.80,37.70,37.90,,,1662,,,nasdaq,
2025-03-10,ENOFUTBLYR-28,39.00,38.75,39.35,39.00,39.00,686,,,nasdaq,
2025-03-10,ENOFUTBLYR-29,40.90,39.15,43.30,,,184,,,nasdaq,
2025-03-10,ENOFUTBLYR-30,41.10,39.35,43.75,,,94,,,nasdaq,
2025-03-10,ENOFUTBLYR-31,42.28,,,,,40,,,nasdaq,
2025-03-10,ENOFUTBLYR-32,43.33,,,,,,,,nasdaq,
2025-03-10,ENOFUTBLYR-33,44.95,,,,,,,,nasdaq,
2025-03-10,ENOFUTBLYR-34,45.30,,,,,,,,nasdaq,
2025-03-10,ENOFUTBLYR-35,45.55,,,,,,,,nasdaq,
2025-03-11,ENOFUTBLQ1-26,55.10,54.75,55.20,55.13,55.10,918,,,nasdaq,
2025-03-11,ENOFUTBLQ1-27,58.00,56.50,58.00,58.00,58.00,61,,,nasdaq,
2025-03-11,ENOFUTBLQ2-26,24.90,24.80,25.15,25.00,25.00,308,,,nasdaq,
2025-03-11,ENOFUTBLQ2-27,25.10,23.18,27.61,,,2,,,nasdaq,
2025-03-11,ENOFUTBLQ3-26,21.00,20.95,21.05,21.05,21.05,312,,,nasdaq,
2025-03-11,ENOFUTBLQ3-27,20.50,19.50,21.50,,,10,,,nasdaq,
2025-03-11,ENOFUTBLQ4-26,43.50,43.50,45.50,43.65,43.50,428,,,nasdaq,
2025-03-11,ENOFUTBLQ4-27,47.10,47.00,47.50,,,23,,,nasdaq,
2025-03-11,ENOFUTBLYR-27,37.65,37.60,39.00,37.70,37.65,1662,,,nasdaq,
2025-03-11,ENOFUTBLYR-28,38.80,38.50,39.00,39.00,38.80,688,,,nasdaq,
2025-03-11,ENOFUTBLYR-29,40.90,39.25,43.40,,,184,,,nasdaq,
2025-03-11,ENOFUTBLYR-30,41.10,39.45,43.85,,,94,,,nasdaq,
2025-03-11,ENOFUTBLYR-31,42.28,,,,,40,,,nasdaq,
2025-03-11,ENOFUTBLYR-32,43.33,,,,,,,,nasdaq,
2025-03-11,ENOFUTBLYR-33,44.95,,,,,,,,nasdaq,
2025-03-11,ENOFUTBLYR-34,45.30,,,,,,,,nasdaq,
2025-03-11,ENOFUTBLYR-35,45.55,,,,,,,,nasdaq,
2025-03-12,ENOFUTBLQ1-26,55.25,55.15,55.25,55.30,55.25,915,,,nasdaq,
2025-03-12,ENOFUTBLQ1-27,57.88,57.50,58.25,,,62,,,nasdaq,
2025-03-12,ENOFUTBLQ2-26,25.10,24.75,27.40,25.10,25.10,308,,,nasdaq,
2025-03-12,ENOFUTBLQ2-27,25.50,25.00,26.65,,,2,,,nasdaq,
2025-03-12,ENOFUTBLQ3-26,21.10,20.50,21.45,21.10,21.10,312,,,nasdaq,
2025-03-12,ENOFUTBLQ3-27,20.70,20.00,22.35,,,10,,,nasdaq,
2025-03-12,ENOFUTBLQ4-26,43.80,42.50,44.25,,,429,,,nasdaq,
2025-03-12,ENOFUTBLQ4-27,47.00,46.00,48.00,,,23,,,nasdaq,
2025-03-12,ENOFUTBLYR-27,37.75,37.50,37.85,37.75,37.75,1658,,,nasdaq,
2025-03-12,ENOFUTBLYR-28,38.90,38.80,39.10,,,691,,,nasdaq,
2025-03-12,ENOFUTBLYR-29,40.95,39.40,43.40,,,184,,,nasdaq,
2025-03-12,ENOFUTBLYR-30,41.10,39.60,43.70,,,94,,,nasdaq,
2025-03-12,ENOFUTBLYR-31,42.28,,,,,40,,,nasdaq,
2025-03-12,ENOFUTBLYR-32,43.33,,,,,,,,nasdaq,
2025-03-12,ENOFUTBLYR-33,44.95,,,,,,,,nasdaq,
2025-03-12,ENOFUTBLYR-34,45.30,,,,,,,,nasdaq,
2025-03-12,ENOFUTBLYR-35,45.55,,,,,,,,nasdaq,
2025-03-13,ENOFUTBLQ1-26,55.45,55.40,55.75,55.50,55.40,916,,,nasdaq,
2025-03-13,ENOFUTBLQ1-27,58.00,57.85,59.00,,,62,,,nasdaq,
2025-03-13,ENOFUTBLQ2-26,25.45,25.30,27.70,,,308,,,nasdaq,
2025-03-13,ENOFUTBLQ2-27,25.75,25.50,26.65,,,2,,,nasdaq,
2025-03-13,ENOFUTBLQ3-26,21.25,21.10,21.25,21.25,21.25,310,,,nasdaq,
2025-03-13,ENOFUTBLQ3-27,20.75,20.00,23.00,,,10,,,nasdaq,
2025-03-13,ENOFUTBLQ4-26,43.95,43.50,46.40,,,429,,,nasdaq,
2025-03-13,ENOFUTBLQ4-27,47.20,46.50,50.60,,,23,,,nasdaq,
2025-03-13,ENOFUTBLYR-27,37.85,37.75,38.05,,,1665,,,nasdaq,
2025-03-13,ENOFUTBLYR-28,39.00,38.90,39.25,,,691,,,nasdaq,
2025-03-13,ENOFUTBLYR-29,41.00,40.75,42.00,,,184,,,nasdaq,
2025-03-13,ENOFUTBLYR-30,41.10,39.10,43.00,,,94,,,nasdaq,
2025-03-13,ENOFUTBLYR-31,42.28,,,,,40,,,nasdaq,
2025-03-13,ENOFUTBLYR-32,43.33,,,,,,,,nasdaq,
2025-03-13,ENOFUTBLYR-33,44.95,,,,,,,,nasdaq,
2025-03-13,ENOFUTBLYR-34,45.30,,,,,,,,nasdaq,
2025-03-13,ENOFUTBLYR-35,45.55,,,,,,,,nasdaq,
2025-03-14,ENOFUTBLQ1-26,55.20,55.00,55.50,55.20,55.10,917,,,nasdaq,
2025-03-14,ENOFUTBLQ1-27,58.50,58.25,61.40,58.50,58.50,62,,,nasdaq,
2025-03-14,ENOFUTBLQ2-26,25.30,25.00,27.85,25.30,25.30,308,,,nasdaq,
2025-03-14,ENOFUTBLQ2-27,26.15,25.25,28.10,,,2,,,nasdaq,
2025-03-14,ENOFUTBLQ3-26,21.00,18.90,22.00,21.00,21.00,309,,,nasdaq,
2025-03-14,ENOFUTBLQ3-27,20.65,20.00,21.40,,,10,,,nasdaq,
2025-03-14,ENOFUTBLQ4-26,43.95,43.80,46.30,43.95,43.95,429,,,nasdaq,
2025-03-14,ENOFUTBLQ4-27,47.45,47.25,47.75,47.65,47.65,23,,,nasdaq,
2025-03-14,ENOFUTBLYR-27,37.90,37.70,38.65,,,1666,,,nasdaq,
2025-03-14,ENOFUTBLYR-28,39.10,39.00,39.10,39.10,39.10,694,,,nasdaq,
2025-03-14,ENOFUTBLYR-29,41.05,40.75,42.50,,,184,,,nasdaq,
2025-03-14,ENOFUTBLYR-30,41.10,39.45,43.50,,,94,,,nasdaq,
2025-03-14,ENOFUTBLYR-31,42.28,,,,,40,,,nasdaq,
2025-03-14,ENOFUTBLYR-32,43.33,,,,,,,,nasdaq,
2025-03-14,ENOFUTBLYR-33,44.95,,,,,,,,nasdaq,
2025-03-14,ENOFUTBLYR-34,45.30,,,,,,,,nasdaq,
2025-03-14,ENOFUTBLYR-35,45.55,,,,,,,,nasdaq,
2025-03-17,ENOFUTBLQ1-26,56.00,55.90,56.50,56.00,55.85,920,,,nasdaq,
2025-03-17,ENOFUTBLQ1-27,58.80,58.65,59.00,,,63,,,nasdaq,
2025-03-17,ENOFUTBLQ2-26,25.75,25.80,27.85,25.75,25.75,310,,,nasdaq,
2025-03-17,ENOFUTBLQ2-27,26.15,24.50,28.65,,,2,,,nasdaq,
2025-03-17,ENOFUTBLQ3-26,21.35,21.10,22.00,21.35,21.35,308,,,nasdaq,
2025-03-17,ENOFUTBLQ3-27,20.65,20.00,21.00,,,10,,,nasdaq,
2025-03-17,ENOFUTBLQ4-26,44.58,44.15,45.00,,,430,,,nasdaq,
2025-03-17,ENOFUTBLQ4-27,47.75,47.50,48.00,,,24,,,nasdaq,
2025-03-17,ENOFUTBLYR-27,38.00,38.00,39.20,,,1671,,,nasdaq,
2025-03-17,ENOFUTBLYR-28,39.10,38.75,41.45,,,696,,,nasdaq,
2025-03-17,ENOFUTBLYR-29,41.05,39.55,41.50,,,184,,,nasdaq,
2025-03-17,ENOFUTBLYR-30,41.10,39.60,43.70,,,94,,,nasdaq,
2025-03-17,ENOFUTBLYR-31,42.28,,,,,40,,,nasdaq,
2025-03-17,ENOFUTBLYR-32,43.33,,,,,,,,nasdaq,
2025-03-17,ENOFUTBLYR-33,44.95,,,,,,,,nasdaq,
2025-03-17,ENOFUTBLYR-34,45.30,,,,,,,,nasdaq,
2025-03-17,ENOFUTBLYR-35,45.55,,,,,,,,nasdaq,
2025-03-18,ENOFUTBLQ1-26,56.20,56.00,56.25,56.50,56.20,929,,,nasdaq,
2025-03-18,ENOFUTBLQ1-27,58.75,57.30,58.80,58.75,58.75,63,,,nasdaq,
2025-03-18,ENOFUTBLQ2-26,26.00,25.75,28.50,26.00,26.00,310,,,nasdaq,
2025-03-18,ENOFUTBLQ2-27,26.53,24.15,28.90,28.90,28.90,2,,,nasdaq,
2025-03-18,ENOFUTBLQ3-26,21.35,21.00,21.45,21.30,21.30,308,,,nasdaq,
2025-03-18,ENOFUTBLQ3-27,20.25,20.00,20.75,,,10,,,nasdaq,
2025-03-18,ENOFUTBLQ4-26,44.75,43.50,45.45,,,430,,,nasdaq,
2025-03-18,ENOFUTBLQ4-27,47.50,47.50,48.00,,,24,,,nasdaq,
2025-03-18,ENOFUTBLYR-27,37.90,37.50,38.50,38.10,37.90,1676,,,nasdaq,
2025-03-18,ENOFUTBLYR-28,39.25,39.00,39.25,,,698,,,nasdaq,
2025-03-18,ENOFUTBLYR-29,41.20,41.00,41.20,,,184,,,nasdaq,
2025-03-18,ENOFUTBLYR-30,41.10,40.62,43.00,,,94,,,nasdaq,
2025-03-18,ENOFUTBLYR-31,42.28,,,,,40,,,nasdaq,
2025-03-18,ENOFUTBLYR-32,43.33,,,,,,,,nasdaq,
2025-03-18,ENOFUTBLYR-33,44.95,,,,,,,,nasdaq,
2025-03-18,ENOFUTBLYR-34,45.30,,,,,,,,nasdaq,
2025-03-18,ENOFUTBLYR-35,45.55,,,,,,,,nasdaq,
2025-03-19,ENOFUTBLQ1-26,56.55,56.45,56.65,56.55,56.25,938,,,nasdaq,
2025-03-19,ENOFUTBLQ1-27,58.00,57.35,60.00,,,91,,,nasdaq,
2025-03-19,ENOFUTBLQ2-26,26.05,25.60,26.15,26.05,26.05,315,,,nasdaq,
2025-03-19,ENOFUTBLQ2-27,25.50,23.80,26.80,,,3,,,nasdaq,
2025-03-19,ENOFUTBLQ3-26,21.50,19.25,24.35,21.50,21.50,309,,,nasdaq,
2025-03-19,ENOFUTBLQ3-27,20.95,20.00,21.90,,,10,,,nasdaq,
2025-03-19,ENOFUTBLQ4-26,44.70,44.70,44.85,44.70,44.70,433,,,nasdaq,
2025-03-19,ENOFUTBLQ4-27,47.50,47.10,48.00,47.50,47.50,24,,,nasdaq,
2025-03-19,ENOFUTBLYR-27,37.90,37.90,37.95,37.90,37.90,1681,,,nasdaq,
2025-03-19,ENOFUTBLYR-28,38.90,38.90,39.25,39.00,38.90,699,,,nasdaq,
2025-03-19,ENOFUTBLYR-29,40.98,40.65,41.30,,,184,,,nasdaq,
2025-03-19,ENOFUTBLYR-30,41.00,40.62,42.25,,,99,,,nasdaq,
2025-03-19,ENOFUTBLYR-31,42.18,,,,,40,,,nasdaq,
2025-03-19,ENOFUTBLYR-32,43.23,,,,,,,,nasdaq,
2025-03-19,ENOFUTBLYR-33,44.85,41.80,44.90,,,,,,nasdaq,
2025-03-19,ENOFUTBLYR-34,45.20,,,,,,,,nasdaq,
2025-03-19,ENOFUTBLYR-35,45.45,,,,,,,,nasdaq,
2025-03-20,ENOFUTBLQ1-26,56.55,56.50,56.65,56.70,56.55,943,,,nasdaq,
2025-03-20,ENOFUTBLQ1-27,58.00,57.00,59.00,,,91,,,nasdaq,
2025-03-20,ENOFUTBLQ2-26,26.25,25.75,28.30,26.50,26.25,315,,,nasdaq,
2025-03-20,ENOFUTBLQ2-27,25.75,25.65,27.75,,,3,,,nasdaq,
2025-03-20,ENOFUTBLQ3-26,21.50,21.20,22.00,,,309,,,nasdaq,
2025-03-20,ENOFUTBLQ3-27,20.90,20.00,21.05,,,10,,,nasdaq,
2025-03-20,ENOFUTBLQ4-26,44.20,44.00,46.95,,,438,,,nasdaq,
2025-03-20,ENOFUTBLQ4-27,47.25,45.75,47.75,,,26,,,nasdaq,
2025-03-20,ENOFUTBLYR-27,37.93,37.85,38.00,38.10,38.10,1671,,,nasdaq,
2025-03-20,ENOFUTBLYR-28,38.90,38.50,39.10,,,700,,,nasdaq,
2025-03-20,ENOFUTBLYR-29,41.10,40.12,41.20,,,184,,,nasdaq,
2025-03-20,ENOFUTBLYR-30,41.25,41.05,42.00,,,99,,,nasdaq,
2025-03-20,ENOFUTBLYR-31,42.25,,,,,40,,,nasdaq,
2025-03-20,ENOFUTBLYR-32,43.15,,,,,,,,nasdaq,
2025-03-20,ENOFUTBLYR-33,44.25,43.25,44.50,,,,,,nasdaq,
2025-03-20,ENOFUTBLYR-34,45.10,,,,,,,,nasdaq,
2025-03-20,ENOFUTBLYR-35,45.40,,,,,,,,nasdaq,
2025-03-21,ENOFUTBLQ1-26,56.00,55.70,56.50,56.40,56.00,945,,,nasdaq,
2025-03-21,ENOFUTBLQ1-27,58.00,57.65,58.80,58.00,58.00,91,,,nasdaq,
2025-03-21,ENOFUTBLQ2-26,25.85,24.75,28.25,25.85,25.85,323,,,nasdaq,
2025-03-21,ENOFUTBLQ2-27,25.75,23.75,27.75,,,3,,,nasdaq,
2025-03-21,ENOFUTBLQ3-26,21.00,20.75,23.50,,,309,,,nasdaq,
2025-03-21,ENOFUTBLQ3-27,20.30,19.50,21.10,,,10,,,nasdaq,
2025-03-21,ENOFUTBLQ4-26,44.00,43.00,44.10,44.00,44.00,438,,,nasdaq,
2025-03-21,ENOFUTBLQ4-27,47.50,47.25,47.75,,,26,,,nasdaq,
2025-03-21,ENOFUTBLYR-27,37.80,37.70,38.10,,,1673,,,nasdaq,
2025-03-21,ENOFUTBLYR-28,38.90,38.70,39.10,,,702,,,nasdaq,
2025-03-21,ENOFUTBLYR-29,41.10,40.50,41.30,41.50,41.50,184,,,nasdaq,
2025-03-21,ENOFUTBLYR-30,41.25,40.50,44.00,,,99,,,nasdaq,
2025-03-21,ENOFUTBLYR-31,42.25,,,,,40,,,nasdaq,
2025-03-21,ENOFUTBLYR-32,43.15,,,,,,,,nasdaq,
2025-03-21,ENOFUTBLYR-33,43.75,43.00,44.50,,,,,,nasdaq,
2025-03-21,ENOFUTBLYR-34,44.60,43.25,44.75,,,,,,nasdaq,
2025-03-21,ENOFUTBLYR-35,44.90,43.50,45.00,,,,,,nasdaq,
2025-03-24,ENOFUTBLQ1-26,55.88,55.75,56.00,55.70,55.65,947,,,nasdaq,
2025-03-24,ENOFUTBLQ1-27,58.10,56.25,59.00,58.10,58.10,91,,,nasdaq,
2025-03-24,ENOFUTBLQ2-26,25.75,25.50,27.85,,,323,,,nasdaq,
2025-03-24,ENOFUTBLQ2-27,25.50,23.55,27.75,,,3,,,nasdaq,
2025-03-24,ENOFUTBLQ3-26,21.00,20.75,21.25,,,309,,,nasdaq,
2025-03-24,ENOFUTBLQ3-27,20.00,19.55,21.00,,,10,,,nasdaq,
2025-03-24,ENOFUTBLQ4-26,44.05,44.00,46.00,43.95,43.95,439,,,nasdaq,
2025-03-24,ENOFUTBLQ4-27,47.40,47.00,48.00,,,26,,,nasdaq,
2025-03-24,ENOFUTBLYR-27,37.70,37.60,37.80,,,1673,,,nasdaq,
2025-03-24,ENOFUTBLYR-28,38.75,38.60,39.10,,,706,,,nasdaq,
2025-03-24,ENOFUTBLYR-29,41.10,40.62,41.50,,,185,,,nasdaq,
2025-03-24,ENOFUTBLYR-30,41.25,39.75,43.85,,,99,,,nasdaq,
2025-03-24,ENOFUTBLYR-31,42.15,,,,,40,,,nasdaq,
2025-03-24,ENOFUTBLYR-32,43.05,,,,,,,,nasdaq,
2025-03-24,ENOFUTBLYR-33,43.65,,,,,,,,nasdaq,
2025-03-24,ENOFUTBLYR-34,44.50,,,,,,,,nasdaq,
2025-03-24,ENOFUTBLYR-35,44.80,,,,,,,,nasdaq,
2025-03-25,ENOFUTBLQ1-26,55.70,55.30,55.75,55.90,55.60,945,,,nasdaq,
2025-03-25,ENOFUTBLQ1-27,58.00,56.35,60.95,,,91,,,nasdaq,
2025-03-25,ENOFUTBLQ2-26,25.50,25.25,26.00,25.50,25.50,323,,,nasdaq,
2025-03-25,ENOFUTBLQ2-27,25.40,24.00,27.35,,,3,,,nasdaq,
2025-03-25,ENOFUTBLQ3-26,20.80,20.00,22.85,20.80,20.80,309,,,nasdaq,
2025-03-25,ENOFUTBLQ3-27,19.90,19.50,21.60,,,10,,,nasdaq,
2025-03-25,ENOFUTBLQ4-26,44.00,44.00,44.25,44.00,44.00,441,,,nasdaq,
2025-03-25,ENOFUTBLQ4-27,47.30,45.15,48.00,,,26,,,nasdaq,
2025-03-25,ENOFUTBLYR-27,37.58,37.50,37.65,37.70,37.70,1676,,,nasdaq,
2025-03-25,ENOFUTBLYR-28,38.60,38.50,38.70,,,707,,,nasdaq,
2025-03-25,ENOFUTBLYR-29,40.56,40.12,41.00,,,185,,,nasdaq,
2025-03-25,ENOFUTBLYR-30,41.00,40.62,43.60,,,99,,,nasdaq,
2025-03-25,ENOFUTBLYR-31,41.90,,,,,40,,,nasdaq,
2025-03-25,ENOFUTBLYR-32,42.80,,,,,,,,nasdaq,
2025-03-25,ENOFUTBLYR-33,43.40,,,,,,,,nasdaq,
2025-03-25,ENOFUTBLYR-34,44.15,,44.25,,,,,,nasdaq,
2025-03-25,ENOFUTBLYR-35,44.40,,,,,,,,nasdaq,
2025-03-26,ENOFUTBLQ1-26,55.28,55.15,55.45,55.50,55.00,965,,,nasdaq,
2025-03-26,ENOFUTBLQ1-27,58.00,57.50,58.25,58.00,58.00,91,,,nasdaq,
2025-03-26,ENOFUTBLQ2-26,25.15,25.10,27.30,25.20,24.90,324,,,nasdaq,
2025-03-26,ENOFUTBLQ2-27,25.40,23.10,25.95,,,3,,,nasdaq,
2025-03-26,ENOFUTBLQ3-26,20.65,20.05,20.95,20.82,20.45,309,,,nasdaq,
2025-03-26,ENOFUTBLQ3-27,19.73,19.45,20.00,,,10,,,nasdaq,
2025-03-26,ENOFUTBLQ4-26,43.85,43.70,43.90,44.32,43.75,437,,,nasdaq,
2025-03-26,ENOFUTBLQ4-27,47.30,46.25,47.75,,,26,,,nasdaq,
2025-03-26,ENOFUTBLYR-27,37.58,37.45,37.80,37.58,37.50,1683,,,nasdaq,
2025-03-26,ENOFUTBLYR-28,38.50,38.40,38.85,,,709,,,nasdaq,
2025-03-26,ENOFUTBLYR-29,40.56,40.12,41.00,,,185,,,nasdaq,
2025-03-26,ENOFUTBLYR-30,41.00,40.12,43.35,,,99,,,nasdaq,
2025-03-26,ENOFUTBLYR-31,41.70,39.80,41.75,,,40,,,nasdaq,
2025-03-26,ENOFUTBLYR-32,42.55,,42.60,,,,,,nasdaq,
2025-03-26,ENOFUTBLYR-33,43.20,,43.25,,,,,,nasdaq,
2025-03-26,ENOFUTBLYR-34,43.95,,44.00,,,,,,nasdaq,
2025-03-26,ENOFUTBLYR-35,44.25,,,,,,,,nasdaq,
2025-03-27,ENOFUTBLQ1-26,55.35,55.10,55.50,55.35,55.25,896,,,nasdaq,
2025-03-27,ENOFUTBLQ1-27,58.00,57.25,58.80,58.00,58.00,95,,,nasdaq,
2025-03-27,ENOFUTBLQ2-26,25.15,25.00,26.90,,,328,,,nasdaq,
2025-03-27,ENOFUTBLQ2-27,25.40,24.50,27.15,,,3,,,nasdaq,
2025-03-27,ENOFUTBLQ3-26,20.50,20.45,21.50,,,315,,,nasdaq,
2025-03-27,ENOFUTBLQ3-27,20.05,19.68,20.50,,,10,,,nasdaq,
2025-03-27,ENOFUTBLQ4-26,43.90,43.75,44.50,43.90,43.90,437,,,nasdaq,
2025-03-27,ENOFUTBLQ4-27,47.25,47.00,47.50,,,26,,,nasdaq,
2025-03-27,ENOFUTBLYR-27,37.60,37.50,37.60,,,1681,,,nasdaq,
2025-03-27,ENOFUTBLYR-28,38.90,38.25,38.90,,,711,,,nasdaq,
2025-03-27,ENOFUTBLYR-29,40.75,40.50,41.00,,,185,,,nasdaq,
2025-03-27,ENOFUTBLYR-30,41.01,40.62,41.40,,,99,,,nasdaq,
2025-03-27,ENOFUTBLYR-31,41.70,,,,,40,,,nasdaq,
2025-03-27,ENOFUTBLYR-32,42.55,,,,,,,,nasdaq,
2025-03-27,ENOFUTBLYR-33,43.20,,,,,,,,nasdaq,
2025-03-27,ENOFUTBLYR-34,43.95,,,,,,,,nasdaq,
2025-03-27,ENOFUTBLYR-35,44.25,,,,,,,,nasdaq,
2025-03-28,ENOFUTBLQ1-26,55.30,55.25,55.50,55.35,55.30,899,,,nasdaq,
2025-03-28,ENOFUTBLQ1-27,58.00,57.92,58.00,,,96,,,nasdaq,
2025-03-28,ENOFUTBLQ2-26,25.15,23.15,27.15,25.25,25.15,327,,,nasdaq,
2025-03-28,ENOFUTBLQ2-27,24.80,24.15,27.40,,,3,,,nasdaq,
2025-03-28,ENOFUTBLQ3-26,20.50,20.45,21.00,20.40,20.40,315,,,nasdaq,
2025-03-28,ENOFUTBLQ3-27,20.04,19.80,21.80,20.04,20.04,10,,,nasdaq,
2025-03-28,ENOFUTBLQ4-26,43.75,43.67,44.30,43.80,43.75,441,,,nasdaq,
2025-03-28,ENOFUTBLQ4-27,47.24,47.00,47.50,47.35,47.24,26,,,nasdaq,
2025-03-28,ENOFUTBLYR-27,37.50,37.46,37.60,37.50,37.50,1682,,,nasdaq,
2025-03-28,ENOFUTBLYR-28,38.70,38.40,39.00,,,719,,,nasdaq,
2025-03-28,ENOFUTBLYR-29,40.75,40.62,41.00,,,185,,,nasdaq,
2025-03-28,ENOFUTBLYR-30,41.00,39.51,43.36,,,99,,,nasdaq,
2025-03-28,ENOFUTBLYR-31,41.70,,,,,40,,,nasdaq,
2025-03-28,ENOFUTBLYR-32,42.55,,,,,,,,nasdaq,
2025-03-28,ENOFUTBLYR-33,43.20,,,,,,,,nasdaq,
2025-03-28,ENOFUTBLYR-34,43.95,,,,,,,,nasdaq,
2025-03-28,ENOFUTBLYR-35,44.25,,,,,,,,nasdaq,
2025-03-31,ENOFUTBLQ1-27,57.30,57.00,57.40,,,103,,,nasdaq,
2025-03-31,ENOFUTBLQ2-26,25.00,24.50,25.25,25.25,25.25,328,,,nasdaq,
2025-03-31,ENOFUTBLQ2-27,24.80,24.00,26.80,24.80,24.80,3,,,nasdaq,
2025-03-31,ENOFUTBLQ3-26,20.00,19.80,20.50,,,314,,,nasdaq,
2025-03-31,ENOFUTBLQ3-27,20.04,19.25,21.79,,,16,,,nasdaq,
2025-03-31,ENOFUTBLQ4-26,43.18,42.75,43.60,43.65,43.65,443,,,nasdaq,
2025-03-31,ENOFUTBLQ4-27,46.98,46.75,47.15,47.30,47.30,33,,,nasdaq,
2025-03-31,ENOFUTBLYR-27,37.30,37.10,37.45,37.40,37.30,1685,,,nasdaq,
2025-03-31,ENOFUTBLYR-28,38.60,38.25,38.65,39.00,39.00,719,,,nasdaq,
2025-03-31,ENOFUTBLYR-29,40.75,40.50,41.00,,,185,,,nasdaq,
2025-03-31,ENOFUTBLYR-30,41.00,40.50,43.35,,,99,,,nasdaq,
2025-03-31,ENOFUTBLYR-31,41.70,,,,,40,,,nasdaq,
2025-03-31,ENOFUTBLYR-32,42.25,,,,,,,,nasdaq,
2025-03-31,ENOFUTBLYR-33,42.90,,43.00,,,,,,nasdaq,
2025-03-31,ENOFUTBLYR-34,43.65,,43.75,,,,,,nasdaq,
2025-03-31,ENOFUTBLYR-35,43.95,,,,,,,,nasdaq,
2025-04-01,ENOFUTBLQ1-27,57.00,56.85,57.00,57.30,57.00,103,,,nasdaq,
2025-04-01,ENOFUTBLQ2-26,24.65,24.54,24.85,24.65,24.50,329,,,nasdaq,
2025-04-01,ENOFUTBLQ2-27,24.80,22.80,25.80,,,3,,,nasdaq,
2025-04-01,ENOFUTBLQ3-26,19.75,19.45,20.25,,,314,,,nasdaq,
2025-04-01,ENOFUTBLQ3-27,20.25,19.75,20.40,,,16,,,nasdaq,
2025-04-01,ENOFUTBLQ4-26,42.90,42.75,43.00,43.02,42.80,444,,,nasdaq,
2025-04-01,ENOFUTBLQ4-27,47.05,46.90,47.30,47.05,47.05,34,,,nasdaq,
2025-04-01,ENOFUTBLYR-27,37.20,37.15,37.25,37.35,37.25,1696,,,nasdaq,
2025-04-01,ENOFUTBLYR-28,38.40,38.25,39.00,,,719,,,nasdaq,
2025-04-01,ENOFUTBLYR-29,40.75,40.50,41.25,,,185,,,nasdaq,
2025-04-01,ENOFUTBLYR-30,41.00,39.50,43.35,,,99,,,nasdaq,
2025-04-01,ENOFUTBLYR-31,41.70,,,,,40,,,nasdaq,
2025-04-01,ENOFUTBLYR-32,42.25,,,,,,,,nasdaq,
2025-04-01,ENOFUTBLYR-33,42.90,,,,,,,,nasdaq,
2025-04-01,ENOFUTBLYR-34,43.65,,,,,,,,nasdaq,
2025-04-01,ENOFUTBLYR-35,43.95,,,,,,,,nasdaq,
2025-04-02,ENOFUTBLQ1-27,56.73,56.65,56.80,56.85,56.85,132,,,nasdaq,
2025-04-02,ENOFUTBLQ2-26,24.45,23.90,24.75,24.45,24.45,332,,,nasdaq,
2025-04-02,ENOFUTBLQ2-27,24.55,24.25,25.00,,,3,,,nasdaq,
2025-04-02,ENOFUTBLQ3-26,19.30,19.25,19.50,,,314,,,nasdaq,
2025-04-02,ENOFUTBLQ3-27,19.50,19.25,20.35,,,16,,,nasdaq,
2025-04-02,ENOFUTBLQ4-26,42.55,42.00,42.60,42.70,42.50,452,,,nasdaq,
2025-04-02,ENOFUTBLQ4-27,46.75,46.70,46.85,47.00,46.75,34,,,nasdaq,
2025-04-02,ENOFUTBLYR-27,36.80,36.75,36.85,36.90,36.75,1704,,,nasdaq,
2025-04-02,ENOFUTBLYR-28,38.25,38.00,38.30,38.25,38.25,720,,,nasdaq,
2025-04-02,ENOFUTBLYR-29,40.60,40.25,40.75,,,185,,,nasdaq,
2025-04-02,ENOFUTBLYR-30,40.64,40.12,41.15,,,99,,,nasdaq,
2025-04-02,ENOFUTBLYR-31,41.40,,41.50,,,40,,,nasdaq,
2025-04-02,ENOFUTBLYR-32,42.00,,,42.00,42.00,,,,nasdaq,
2025-04-02,ENOFUTBLYR-33,42.50,,,42.50,42.50,,,,nasdaq,
2025-04-02,ENOFUTBLYR-34,43.30,,,43.30,43.30,,,,nasdaq,
2025-04-02,ENOFUTBLYR-35,43.65,,,,,,,,nasdaq,
2025-04-03,ENOFUTBLQ1-27,56.45,56.15,56.50,,,133,,,nasdaq,
2025-04-03,ENOFUTBLQ2-26,24.00,21.95,24.25,24.00,24.00,335,,,nasdaq,
2025-04-03,ENOFUTBLQ2-27,24.30,23.50,26.00,24.30,24.30,3,,,nasdaq,
2025-04-03,ENOFUTBLQ3-26,19.00,18.90,20.50,,,314,,,nasdaq,
2025-04-03,ENOFUTBLQ3-27,19.65,19.25,21.00,,,16,,,nasdaq,
2025-04-03,ENOFUTBLQ4-26,42.30,42.15,42.70,42.80,42.30,456,,,nasdaq,
2025-04-03,ENOFUTBLQ4-27,46.50,44.25,46.75,,,37,,,nasdaq,
2025-04-03,ENOFUTBLYR-27,36.65,36.55,36.65,36.50,36.35,1710,,,nasdaq,
2025-04-03,ENOFUTBLYR-28,37.90,37.50,38.25,,,722,,,nasdaq,
2025-04-03,ENOFUTBLYR-29,40.00,39.12,40.25,40.00,40.00,185,,,nasdaq,
2025-04-03,ENOFUTBLYR-30,40.50,39.17,42.89,,,99,,,nasdaq,
2025-04-03,ENOFUTBLYR-31,41.30,,41.40,,,40,,,nasdaq,
2025-04-03,ENOFUTBLYR-32,41.90,,42.00,,,1,,,nasdaq,
2025-04-03,ENOFUTBLYR-33,42.40,,,,,1,,,nasdaq,
2025-04-03,ENOFUTBLYR-34,43.20,,,,,1,,,nasdaq,
2025-04-03,ENOFUTBLYR-35,43.55,,,,,,,,nasdaq,
2025-04-04,ENOFUTBLQ1-27,56.25,55.95,56.25,56.50,56.25,133,,,nasdaq,
2025-04-04,ENOFUTBLQ2-26,23.85,23.80,26.00,,,337,,,nasdaq,
2025-04-04,ENOFUTBLQ2-27,23.75,23.20,26.30,,,4,,,nasdaq,
2025-04-04,ENOFUTBLQ3-26,18.80,18.75,19.45,,,314,,,nasdaq,
2025-04-04,ENOFUTBLQ3-27,19.40,19.25,21.40,,,16,,,nasdaq,
2025-04-04,ENOFUTBLQ4-26,42.15,42.20,42.50,42.20,42.20,463,,,nasdaq,
2025-04-04,ENOFUTBLQ4-27,46.45,44.35,46.55,46.45,46.45,37,,,nasdaq,
2025-04-04,ENOFUTBLYR-27,36.45,36.15,36.85,36.45,36.45,1721,,,nasdaq,
2025-04-04,ENOFUTBLYR-28,37.75,37.00,37.80,,,724,,,nasdaq,
2025-04-04,ENOFUTBLYR-29,39.75,38.50,40.25,39.75,39.75,186,,,nasdaq,
2025-04-04,ENOFUTBLYR-30,40.40,39.00,42.75,,,99,,,nasdaq,
2025-04-04,ENOFUTBLYR-31,41.20,,,,,40,,,nasdaq,
2025-04-04,ENOFUTBLYR-32,41.80,,,,,1,,,nasdaq,
2025-04-04,ENOFUTBLYR-33,42.30,,,,,1,,,nasdaq,
2025-04-04,ENOFUTBLYR-34,43.10,,,,,1,,,nasdaq,
2025-04-04,ENOFUTBLYR-35,43.45,,,,,,,,nasdaq,
2025-04-07,ENOFUTBLQ1-27,55.25,54.75,56.00,55.00,55.00,137,,,nasdaq,
2025-04-07,ENOFUTBLQ2-26,23.65,23.40,25.85,,,337,,,nasdaq,
2025-04-07,ENOFUTBLQ2-27,24.18,23.10,25.65,,,4,,,nasdaq,
2025-04-07,ENOFUTBLQ3-26,19.00,18.80,20.80,,,314,,,nasdaq,
2025-04-07,ENOFUTBLQ3-27,19.80,19.10,20.50,,,16,,,nasdaq,
2025-04-07,ENOFUTBLQ4-26,41.50,40.95,42.50,,,462,,,nasdaq,
2025-04-07,ENOFUTBLQ4-27,45.70,44.10,45.85,,,38,,,nasdaq,
2025-04-07,ENOFUTBLYR-27,36.20,36.10,36.28,,,1725,,,nasdaq,
2025-04-07,ENOFUTBLYR-28,37.30,37.10,37.50,37.00,37.00,726,,,nasdaq,
2025-04-07,ENOFUTBLYR-29,39.50,38.12,39.75,,,188,,,nasdaq,
2025-04-07,ENOFUTBLYR-30,40.25,39.12,42.15,,,99,,,nasdaq,
2025-04-07,ENOFUTBLYR-31,41.20,,,,,40,,,nasdaq,
2025-04-07,ENOFUTBLYR-32,41.80,,,,,1,,,nasdaq,
2025-04-07,ENOFUTBLYR-33,42.30,,,,,1,,,nasdaq,
2025-04-07,ENOFUTBLYR-34,43.10,,,,,1,,,nasdaq,
2025-04-07,ENOFUTBLYR-35,43.45,,,,,,,,nasdaq,
2025-04-08,ENOFUTBLQ1-27,55.25,55.15,55.30,55.25,55.25,149,,,nasdaq,
2025-04-08,ENOFUTBLQ2-26,23.55,23.20,23.85,23.60,23.55,337,,,nasdaq,
2025-04-08,ENOFUTBLQ2-27,24.13,23.75,25.25,,,4,,,nasdaq,
2025-04-08,ENOFUTBLQ3-26,19.00,18.85,20.00,19.00,18.90,314,,,nasdaq,
2025-04-08,ENOFUTBLQ3-27,19.70,18.76,21.00,,,16,,,nasdaq,
2025-04-08,ENOFUTBLQ4-26,41.35,41.35,41.50,41.35,41.30,462,,,nasdaq,
2025-04-08,ENOFUTBLQ4-27,46.00,45.50,46.50,,,38,,,nasdaq,
2025-04-08,ENOFUTBLYR-27,36.25,36.11,36.25,36.25,36.25,1727,,,nasdaq,
2025-04-08,ENOFUTBLYR-28,37.25,37.15,37.30,,,737,,,nasdaq,
2025-04-08,ENOFUTBLYR-29,39.50,38.50,40.00,,,188,,,nasdaq,
2025-04-08,ENOFUTBLYR-30,40.25,,,,,99,,,nasdaq,
2025-04-08,ENOFUTBLYR-31,41.20,,,,,40,,,nasdaq,
2025-04-08,ENOFUTBLYR-32,41.80,,,,,1,,,nasdaq,
2025-04-08,ENOFUTBLYR-33,42.30,,,,,1,,,nasdaq,
2025-04-08,ENOFUTBLYR-34,43.10,,,,,1,,,nasdaq,
2025-04-08,ENOFUTBLYR-35,43.45,,,,,,,,nasdaq,
2025-04-09,ENOFUTBLQ1-27,54.95,54.85,55.00,,,154,,,nasdaq,
2025-04-09,ENOFUTBLQ2-26,23.00,22.75,25.01,,,345,,,nasdaq,
2025-04-09,ENOFUTBLQ2-27,23.85,23.25,25.00,,,4,,,nasdaq,
2025-04-09,ENOFUTBLQ3-26,18.75,18.60,20.70,18.75,18.75,330,,,nasdaq,
2025-04-09,ENOFUTBLQ3-27,19.50,18.50,20.50,,,26,,,nasdaq,
2025-04-09,ENOFUTBLQ4-26,40.75,40.85,40.95,40.94,40.94,462,,,nasdaq,
2025-04-09,ENOFUTBLQ4-27,45.00,43.25,45.75,,,38,,,nasdaq,
2025-04-09,ENOFUTBLYR-27,35.80,35.60,35.90,35.95,35.75,1731,,,nasdaq,
2025-04-09,ENOFUTBLYR-28,37.00,36.95,37.20,37.00,37.00,746,,,nasdaq,
2025-04-09,ENOFUTBLYR-29,39.50,37.75,39.60,,,188,,,nasdaq,
2025-04-09,ENOFUTBLYR-30,39.75,38.50,40.50,,,99,,,nasdaq,
2025-04-09,ENOFUTBLYR-31,40.70,39.00,41.00,,,40,,,nasdaq,
2025-04-09,ENOFUTBLYR-32,41.30,,,,,1,,,nasdaq,
2025-04-09,ENOFUTBLYR-33,41.80,,,,,1,,,nasdaq,
2025-04-09,ENOFUTBLYR-34,42.60,41.00,42.85,,,1,,,nasdaq,
2025-04-09,ENOFUTBLYR-35,42.95,,,,,,,,nasdaq,
2025-04-10,ENOFUTBLQ1-27,55.30,54.45,55.50,55.30,55.30,154,,,nasdaq,
2025-04-10,ENOFUTBLQ2-26,23.40,23.00,23.55,,,345,,,nasdaq,
2025-04-10,ENOFUTBLQ2-27,24.00,23.00,24.55,,,4,,,nasdaq,
2025-04-10,ENOFUTBLQ3-26,19.20,18.95,19.25,19.20,19.20,333,,,nasdaq,
2025-04-10,ENOFUTBLQ3-27,19.75,19.55,21.00,,,26,,,nasdaq,
2025-04-10,ENOFUTBLQ4-26,41.15,41.05,41.50,41.15,41.15,466,,,nasdaq,
2025-04-10,ENOFUTBLQ4-27,45.25,45.00,45.75,45.25,45.25,38,,,nasdaq,
2025-04-10,ENOFUTBLYR-27,36.00,35.90,36.15,36.25,36.00,1735,,,nasdaq,
2025-04-10,ENOFUTBLYR-28,37.00,36.75,37.20,37.25,37.00,753,,,nasdaq,
2025-04-10,ENOFUTBLYR-29,39.65,38.50,39.70,39.75,39.75,189,,,nasdaq,
2025-04-10,ENOFUTBLYR-30,39.75,38.75,40.00,,,99,,,nasdaq,
2025-04-10,ENOFUTBLYR-31,40.70,,,,,40,,,nasdaq,
2025-04-10,ENOFUTBLYR-32,41.30,,,,,1,,,nasdaq,
2025-04-10,ENOFUTBLYR-33,41.80,,,,,1,,,nasdaq,
2025-04-10,ENOFUTBLYR-34,42.60,,,,,1,,,nasdaq,
2025-04-10,ENOFUTBLYR-35,42.95,,,,,,,,nasdaq,
2025-04-11,ENOFUTBLQ1-27,55.10,54.50,58.30,55.10,55.10,160,,,nasdaq,
2025-04-11,ENOFUTBLQ2-26,23.15,23.10,25.40,23.25,23.15,346,,,nasdaq,
2025-04-11,ENOFUTBLQ2-27,23.90,23.50,26.00,,,4,,,nasdaq,
2025-04-11,ENOFUTBLQ3-26,19.10,19.00,19.30,19.20,19.10,331,,,nasdaq,
2025-04-11,ENOFUTBLQ3-27,19.65,19.01,21.50,,,26,,,nasdaq,
2025-04-11,ENOFUTBLQ4-26,41.00,40.75,41.00,41.00,41.00,470,,,nasdaq,
2025-04-11,ENOFUTBLQ4-27,45.25,45.20,45.35,,,39,,,nasdaq,
2025-04-11,ENOFUTBLYR-27,35.90,35.80,35.95,36.00,35.80,1734,,,nasdaq,
2025-04-11,ENOFUTBLYR-28,37.00,36.50,37.10,37.10,37.00,752,,,nasdaq,
2025-04-11,ENOFUTBLYR-29,39.30,39.00,39.60,,,190,,,nasdaq,
2025-04-11,ENOFUTBLYR-30,39.60,38.75,39.85,,,99,,,nasdaq,
2025-04-11,ENOFUTBLYR-31,40.55,,,,,40,,,nasdaq,
2025-04-11,ENOFUTBLYR-32,41.15,,,,,1,,,nasdaq,
2025-04-11,ENOFUTBLYR-33,41.65,,,,,1,,,nasdaq,
2025-04-11,ENOFUTBLYR-34,42.45,,,,,1,,,nasdaq,
2025-04-11,ENOFUTBLYR-35,42.80,,,,,,,,nasdaq,
2025-04-14,ENOFUTBLQ1-27,55.10,54.50,58.60,,,160,,,nasdaq,
2025-04-14,ENOFUTBLQ2-26,23.55,23.25,23.70,23.55,23.55,350,,,nasdaq,
2025-04-14,ENOFUTBLQ2-27,23.90,23.75,26.40,,,4,,,nasdaq,
2025-04-14,ENOFUTBLQ3-26,19.33,19.15,19.50,21.00,21.00,332,,,nasdaq,
2025-04-14,ENOFUTBLQ3-27,19.65,19.00,22.15,,,26,,,nasdaq,
2025-04-14,ENOFUTBLQ4-26,41.25,41.05,42.00,41.25,41.25,471,,,nasdaq,
2025-04-14,ENOFUTBLQ4-27,45.50,45.40,45.70,45.50,45.50,39,,,nasdaq,
2025-04-14,ENOFUTBLYR-27,36.10,35.75,36.15,36.15,36.10,1751,,,nasdaq,
2025-04-14,ENOFUTBLYR-28,37.21,37.11,37.30,,,753,,,nasdaq,
2025-04-14,ENOFUTBLYR-29,39.50,39.00,39.80,40.30,40.30,190,,,nasdaq,
2025-04-14,ENOFUTBLYR-30,39.60,38.35,40.60,,,99,,,nasdaq,
2025-04-14,ENOFUTBLYR-31,40.55,,,,,40,,,nasdaq,
2025-04-14,ENOFUTBLYR-32,41.15,,,,,1,,,nasdaq,
2025-04-14,ENOFUTBLYR-33,41.65,,,,,1,,,nasdaq,
2025-04-14,ENOFUTBLYR-34,42.45,,,,,1,,,nasdaq,
2025-04-14,ENOFUTBLYR-35,42.80,,,,,,,,nasdaq,
2025-04-15,ENOFUTBLQ1-27,55.70,55.00,58.55,,,160,,,nasdaq,
2025-04-15,ENOFUTBLQ2-26,24.00,23.35,26.05,24.00,23.75,353,,,nasdaq,
2025-04-15,ENOFUTBLQ2-27,24.50,22.65,26.40,,,4,,,nasdaq,
2025-04-15,ENOFUTBLQ3-26,19.95,19.70,20.20,,,332,,,nasdaq,
2025-04-15,ENOFUTBLQ3-27,20.10,18.81,22.15,,,26,,,nasdaq,
2025-04-15,ENOFUTBLQ4-26,41.80,41.70,42.50,,,472,,,nasdaq,
2025-04-15,ENOFUTBLQ4-27,46.00,44.25,48.90,,,40,,,nasdaq,
2025-04-15,ENOFUTBLYR-27,36.50,36.35,36.50,,,1759,,,nasdaq,
2025-04-15,ENOFUTBLYR-28,37.55,37.25,38.00,37.55,37.55,755,,,nasdaq,
2025-04-15,ENOFUTBLYR-29,39.50,39.00,40.00,,,190,,,nasdaq,
2025-04-15,ENOFUTBLYR-30,39.70,39.25,40.60,,,99,,,nasdaq,
2025-04-15,ENOFUTBLYR-31,40.55,,,,,40,,,nasdaq,
2025-04-15,ENOFUTBLYR-32,41.15,,,,,1,,,nasdaq,
2025-04-15,ENOFUTBLYR-33,41.65,,,,,1,,,nasdaq,
2025-04-15,ENOFUTBLYR-34,42.45,,,,,1,,,nasdaq,
2025-04-15,ENOFUTBLYR-35,42.80,,,,,,,,nasdaq,
2025-04-16,ENOFUTBLQ1-27,55.65,55.00,56.30,,,160,,,nasdaq,
2025-04-16,ENOFUTBLQ2-26,24.00,23.75,24.25,24.00,24.00,353,,,nasdaq,
2025-04-16,ENOFUTBLQ2-27,24.50,24.00,26.50,,,4,,,nasdaq,
2025-04-16,ENOFUTBLQ3-26,20.00,19.70,20.00,20.00,20.00,332,,,nasdaq,
2025-04-16,ENOFUTBLQ3-27,20.00,19.00,21.00,,,26,,,nasdaq,
2025-04-16,ENOFUTBLQ4-26,42.10,41.95,42.10,42.10,42.10,472,,,nasdaq,
2025-04-16,ENOFUTBLQ4-27,45.75,43.00,45.99,46.00,46.00,40,,,nasdaq,
2025-04-16,ENOFUTBLYR-27,36.40,36.10,36.48,,,1767,,,nasdaq,
2025-04-16,ENOFUTBLYR-28,37.45,36.80,37.45,37.45,37.45,756,,,nasdaq,
2025-04-16,ENOFUTBLYR-29,39.50,39.30,39.95,,,190,,,nasdaq,
2025-04-16,ENOFUTBLYR-30,39.70,,,,,102,,,nasdaq,
2025-04-16,ENOFUTBLYR-31,40.55,,,,,40,,,nasdaq,
2025-04-16,ENOFUTBLYR-32,41.15,,,,,1,,,nasdaq,
2025-04-16,ENOFUTBLYR-33,41.65,,,,,1,,,nasdaq,
2025-04-16,ENOFUTBLYR-34,42.45,,,,,1,,,nasdaq,
2025-04-16,ENOFUTBLYR-35,42.80,,,,,,,,nasdaq,
2025-04-22,ENOFUTBLQ1-27,55.35,54.65,59.00,,,160,,,nasdaq,
2025-04-22,ENOFUTBLQ2-26,24.00,23.50,25.00,24.00,24.00,355,,,nasdaq,
2025-04-22,ENOFUTBLQ2-27,24.20,24.15,27.00,,,4,,,nasdaq,
2025-04-22,ENOFUTBLQ3-26,20.00,19.50,20.50,20.00,20.00,334,,,nasdaq,
2025-04-22,ENOFUTBLQ3-27,19.65,19.25,20.50,,,26,,,nasdaq,
2025-04-22,ENOFUTBLQ4-26,42.15,41.95,42.20,42.15,42.15,469,,,nasdaq,
2025-04-22,ENOFUTBLQ4-27,45.87,45.75,45.99,,,41,,,nasdaq,
2025-04-22,ENOFUTBLYR-27,36.25,36.15,36.35,,,1772,,,nasdaq,
2025-04-22,ENOFUTBLYR-28,37.45,37.00,38.00,,,758,,,nasdaq,
2025-04-22,ENOFUTBLYR-29,39.55,39.35,40.00,,,190,,,nasdaq,
2025-04-22,ENOFUTBLYR-30,39.70,39.12,40.30,,,102,,,nasdaq,
2025-04-22,ENOFUTBLYR-31,40.55,,,,,40,,,nasdaq,
2025-04-22,ENOFUTBLYR-32,41.15,,,,,1,,,nasdaq,
2025-04-22,ENOFUTBLYR-33,41.65,,,,,1,,,nasdaq,
2025-04-22,ENOFUTBLYR-34,42.45,,,,,1,,,nasdaq,
2025-04-22,ENOFUTBLYR-35,42.80,,,,,,,,nasdaq,
2025-04-23,ENOFUTBLQ1-27,55.05,54.85,55.25,55.50,55.30,160,,,nasdaq,
2025-04-23,ENOFUTBLQ2-26,24.10,23.95,27.00,,,357,,,nasdaq,
2025-04-23,ENOFUTBLQ2-27,24.60,23.20,27.20,,,4,,,nasdaq,
2025-04-23,ENOFUTBLQ3-26,20.30,20.25,20.39,20.50,20.50,335,,,nasdaq,
2025-04-23,ENOFUTBLQ3-27,20.00,19.00,21.50,,,26,,,nasdaq,
2025-04-23,ENOFUTBLQ4-26,41.98,41.90,42.05,42.25,42.25,470,,,nasdaq,
2025-04-23,ENOFUTBLQ4-27,45.45,45.20,45.70,45.90,45.90,41,,,nasdaq,
2025-04-23,ENOFUTBLYR-27,36.20,36.10,36.20,36.40,36.20,1777,,,nasdaq,
2025-04-23,ENOFUTBLYR-28,37.50,37.00,39.00,,,757,,,nasdaq,
2025-04-23,ENOFUTBLYR-29,39.55,39.40,40.25,,,194,,,nasdaq,
2025-04-23,ENOFUTBLYR-30,39.70,39.40,42.65,,,102,,,nasdaq,
2025-04-23,ENOFUTBLYR-31,40.55,,,,,40,,,nasdaq,
2025-04-23,ENOFUTBLYR-32,41.15,,,,,1,,,nasdaq,
2025-04-23,ENOFUTBLYR-33,41.65,,,,,1,,,nasdaq,
2025-04-23,ENOFUTBLYR-34,42.45,,,,,1,,,nasdaq,
2025-04-23,ENOFUTBLYR-35,42.80,,,,,,,,nasdaq,
2025-04-24,ENOFUTBLQ1-27,55.20,54.50,57.55,55.20,55.20,167,,,nasdaq,
2025-04-24,ENOFUTBLQ2-26,23.60,22.60,24.00,23.60,23.60,357,,,nasdaq,
2025-04-24,ENOFUTBLQ2-27,24.60,23.75,25.75,,,4,,,nasdaq,
2025-04-24,ENOFUTBLQ3-26,19.80,18.80,20.15,19.80,19.80,340,,,nasdaq,
2025-04-24,ENOFUTBLQ3-27,19.65,19.10,20.20,,,26,,,nasdaq,
2025-04-24,ENOFUTBLQ4-26,41.90,41.20,42.20,42.40,41.90,472,,,nasdaq,
2025-04-24,ENOFUTBLQ4-27,45.45,43.95,46.00,,,42,,,nasdaq,
2025-04-24,ENOFUTBLYR-27,36.20,36.00,36.45,36.20,36.20,1780,,,nasdaq,
2025-04-24,ENOFUTBLYR-28,37.40,37.10,38.45,37.50,37.50,757,,,nasdaq,
2025-04-24,ENOFUTBLYR-29,39.45,39.30,40.00,,,194,,,nasdaq,
2025-04-24,ENOFUTBLYR-30,39.90,39.50,40.70,,,102,,,nasdaq,
2025-04-24,ENOFUTBLYR-31,40.55,,,,,40,,,nasdaq,
2025-04-24,ENOFUTBLYR-32,41.15,,,,,1,,,nasdaq,
2025-04-24,ENOFUTBLYR-33,41.65,,,,,1,,,nasdaq,
2025-04-24,ENOFUTBLYR-34,42.45,,,,,1,,,nasdaq,
2025-04-24,ENOFUTBLYR-35,42.80,,,,,,,,nasdaq,
2025-04-25,ENOFUTBLQ1-27,55.25,54.50,55.25,55.25,55.25,168,,,nasdaq,
2025-04-25,ENOFUTBLQ2-26,23.75,23.25,24.25,,,358,,,nasdaq,
2025-04-25,ENOFUTBLQ2-27,24.85,24.60,26.00,,,4,,,nasdaq,
2025-04-25,ENOFUTBLQ3-26,19.70,19.60,20.00,19.60,19.60,341,,,nasdaq,
2025-04-25,ENOFUTBLQ3-27,20.15,19.80,21.00,,,26,,,nasdaq,
2025-04-25,ENOFUTBLQ4-26,41.80,41.05,41.80,41.80,41.80,480,,,nasdaq,
2025-04-25,ENOFUTBLQ4-27,44.98,44.50,45.45,,,42,,,nasdaq,
2025-04-25,ENOFUTBLYR-27,36.30,36.15,36.28,36.30,36.15,1783,,,nasdaq,
2025-04-25,ENOFUTBLYR-28,37.50,37.40,37.50,37.50,37.50,759,,,nasdaq,
2025-04-25,ENOFUTBLYR-29,39.63,39.25,40.00,,,196,,,nasdaq,
2025-04-25,ENOFUTBLYR-30,39.90,39.15,42.10,,,104,,,nasdaq,
2025-04-25,ENOFUTBLYR-31,40.55,,,,,40,,,nasdaq,
2025-04-25,ENOFUTBLYR-32,41.15,,,,,1,,,nasdaq,
2025-04-25,ENOFUTBLYR-33,41.65,,,,,1,,,nasdaq,
2025-04-25,ENOFUTBLYR-34,42.45,,,,,1,,,nasdaq,
2025-04-25,ENOFUTBLYR-35,42.80,,,,,,,,nasdaq,
2025-04-28,ENOFUTBLQ1-27,55.28,55.15,55.40,,,169,,,nasdaq,
2025-04-28,ENOFUTBLQ2-26,24.25,23.00,23.95,24.00,24.00,358,,,nasdaq,
2025-04-28,ENOFUTBLQ2-27,24.85,24.45,26.25,,,4,,,nasdaq,
2025-04-28,ENOFUTBLQ3-26,19.58,19.00,19.75,19.35,19.35,342,,,nasdaq,
2025-04-28,ENOFUTBLQ3-27,20.05,20.05,20.50,20.05,20.05,26,,,nasdaq,
2025-04-28,ENOFUTBLQ4-26,41.78,41.25,41.95,41.60,41.60,482,,,nasdaq,
2025-04-28,ENOFUTBLQ4-27,44.90,44.75,45.10,44.90,44.90,43,,,nasdaq,
2025-04-28,ENOFUTBLYR-27,36.30,36.25,36.45,36.30,36.30,1789,,,nasdaq,
2025-04-28,ENOFUTBLYR-28,37.35,37.00,39.25,,,763,,,nasdaq,
2025-04-28,ENOFUTBLYR-29,39.48,39.25,40.00,,,196,,,nasdaq,
2025-04-28,ENOFUTBLYR-30,39.75,39.40,40.65,,,104,,,nasdaq,
2025-04-28,ENOFUTBLYR-31,40.40,,,,,40,,,nasdaq,
2025-04-28,ENOFUTBLYR-32,41.00,,,,,1,,,nasdaq,
2025-04-28,ENOFUTBLYR-33,41.50,,,,,1,,,nasdaq,
2025-04-28,ENOFUTBLYR-34,42.30,,,,,1,,,nasdaq,
2025-04-28,ENOFUTBLYR-35,42.65,,,,,,,,nasdaq,
2025-04-29,ENOFUTBLQ1-27,55.25,54.50,55.40,,,169,,,nasdaq,
2025-04-29,ENOFUTBLQ2-26,23.90,23.00,23.90,24.10,23.90,359,,,nasdaq,
2025-04-29,ENOFUTBLQ2-27,25.25,24.75,26.85,,,4,,,nasdaq,
2025-04-29,ENOFUTBLQ3-26,19.15,19.10,19.75,,,343,,,nasdaq,
2025-04-29,ENOFUTBLQ3-27,20.25,19.75,22.05,,,26,,,nasdaq,
2025-04-29,ENOFUTBLQ4-26,41.80,41.35,41.80,41.80,41.80,482,,,nasdaq,
2025-04-29,ENOFUTBLQ4-27,44.75,43.00,45.10,,,45,,,nasdaq,
2025-04-29,ENOFUTBLYR-27,36.35,36.20,36.40,,,1792,,,nasdaq,
2025-04-29,ENOFUTBLYR-28,37.40,37.10,37.85,37.40,37.40,765,,,nasdaq,
2025-04-29,ENOFUTBLYR-29,39.50,38.50,40.00,,,196,,,nasdaq,
2025-04-29,ENOFUTBLYR-30,39.75,39.12,41.95,,,104,,,nasdaq,
2025-04-29,ENOFUTBLYR-31,40.40,,,,,40,,,nasdaq,
2025-04-29,ENOFUTBLYR-32,41.00,,,,,1,,,nasdaq,
2025-04-29,ENOFUTBLYR-33,41.50,,,,,1,,,nasdaq,
2025-04-29,ENOFUTBLYR-34,42.30,,,,,1,,,nasdaq,
2025-04-29,ENOFUTBLYR-35,42.65,,,,,,,,nasdaq,
2025-04-30,ENOFUTBLQ1-27,55.45,54.25,58.00,55.35,55.35,169,,,nasdaq,
2025-04-30,ENOFUTBLQ2-26,24.00,23.50,25.00,24.00,24.00,360,,,nasdaq,
2025-04-30,ENOFUTBLQ2-27,25.50,24.50,26.95,27.00,25.50,4,,,nasdaq,
2025-04-30,ENOFUTBLQ3-26,19.53,19.15,19.90,20.00,20.00,343,,,nasdaq,
2025-04-30,ENOFUTBLQ3-27,20.50,20.50,21.00,22.00,20.50,26,,,nasdaq,
2025-04-30,ENOFUTBLQ4-26,41.90,41.00,42.00,,,483,,,nasdaq,
2025-04-30,ENOFUTBLQ4-27,44.75,42.60,45.10,45.25,45.25,45,,,nasdaq,
2025-04-30,ENOFUTBLYR-27,36.38,36.40,36.45,36.50,36.50,1795,,,nasdaq,
2025-04-30,ENOFUTBLYR-28,37.40,37.40,38.00,,,767,,,nasdaq,
2025-04-30,ENOFUTBLYR-29,39.40,38.35,39.75,,,197,,,nasdaq,
2025-04-30,ENOFUTBLYR-30,39.75,39.12,40.55,,,104,,,nasdaq,
2025-04-30,ENOFUTBLYR-31,40.40,,,,,40,,,nasdaq,
2025-04-30,ENOFUTBLYR-32,41.00,,,,,1,,,nasdaq,
2025-04-30,ENOFUTBLYR-33,41.50,,,,,1,,,nasdaq,
2025-04-30,ENOFUTBLYR-34,42.30,,,,,1,,,nasdaq,
2025-04-30,ENOFUTBLYR-35,42.65,,,,,,,,nasdaq,
2025-05-02,ENOFUTBLQ1-27,56.10,55.10,56.30,56.10,56.00,169,,,nasdaq,
2025-05-02,ENOFUTBLQ2-26,25.28,24.85,25.70,24.75,24.75,365,,,nasdaq,
2025-05-02,ENOFUTBLQ2-27,26.00,25.85,27.85,,,8,,,nasdaq,
2025-05-02,ENOFUTBLQ3-26,21.15,20.80,21.50,20.75,20.15,343,,,nasdaq,
2025-05-02,ENOFUTBLQ3-27,21.00,20.40,23.85,,,26,,,nasdaq,
2025-05-02,ENOFUTBLQ4-26,42.80,42.60,43.10,42.80,42.80,489,,,nasdaq,
2025-05-02,ENOFUTBLQ4-27,45.45,42.50,,45.55,45.45,46,,,nasdaq,
2025-05-02,ENOFUTBLYR-27,37.00,37.00,37.25,37.00,37.00,1802,,,nasdaq,
2025-05-02,ENOFUTBLYR-28,37.90,37.50,38.10,,,771,,,nasdaq,
2025-05-02,ENOFUTBLYR-29,39.70,38.75,40.60,,,198,,,nasdaq,
2025-05-02,ENOFUTBLYR-30,40.00,39.00,41.50,,,104,,,nasdaq,
2025-05-02,ENOFUTBLYR-31,40.50,,,,,40,,,nasdaq,
2025-05-02,ENOFUTBLYR-32,41.10,,,,,1,,,nasdaq,
2025-05-02,ENOFUTBLYR-33,41.60,,,,,1,,,nasdaq,
2025-05-02,ENOFUTBLYR-34,42.40,,,,,1,,,nasdaq,
2025-05-02,ENOFUTBLYR-35,42.75,,,,,,,,nasdaq,
2025-05-05,ENOFUTBLQ1-27,56.70,56.50,57.05,,,176,,,nasdaq,
2025-05-05,ENOFUTBLQ2-26,26.63,26.25,28.00,,,364,,,nasdaq,
2025-05-05,ENOFUTBLQ2-27,26.50,26.00,28.50,,,8,,,nasdaq,
2025-05-05,ENOFUTBLQ3-26,22.75,22.50,23.00,22.22,22.22,351,,,nasdaq,
2025-05-05,ENOFUTBLQ3-27,21.90,21.05,23.00,,,26,,,nasdaq,
2025-05-05,ENOFUTBLQ4-26,44.10,42.25,44.80,44.10,44.10,487,,,nasdaq,
2025-05-05,ENOFUTBLQ4-27,45.45,43.95,46.30,,,45,,,nasdaq,
2025-05-05,ENOFUTBLYR-27,37.55,37.40,37.70,37.55,37.40,1801,,,nasdaq,
2025-05-05,ENOFUTBLYR-28,38.25,38.15,39.00,,,772,,,nasdaq,
2025-05-05,ENOFUTBLYR-29,39.90,39.00,40.50,,,198,,,nasdaq,
2025-05-05,ENOFUTBLYR-30,40.20,39.25,42.45,,,104,,,nasdaq,
2025-05-05,ENOFUTBLYR-31,40.70,,,,,40,,,nasdaq,
2025-05-05,ENOFUTBLYR-32,41.30,,,,,1,,,nasdaq,
2025-05-05,ENOFUTBLYR-33,41.80,,,,,1,,,nasdaq,
2025-05-05,ENOFUTBLYR-34,42.60,,,,,1,,,nasdaq,
2025-05-05,ENOFUTBLYR-35,42.95,,,,,,,,nasdaq,
2025-05-06,ENOFUTBLQ1-27,57.20,57.00,57.20,57.20,57.20,176,,,nasdaq,
2025-05-06,ENOFUTBLQ2-26,27.20,26.90,28.50,27.10,27.10,364,,,nasdaq,
2025-05-06,ENOFUTBLQ2-27,27.00,26.50,29.00,,,8,,,nasdaq,
2025-05-06,ENOFUTBLQ3-26,22.93,22.80,23.05,23.10,23.05,351,,,nasdaq,
2025-05-06,ENOFUTBLQ3-27,22.15,21.50,24.00,,,26,,,nasdaq,
2025-05-06,ENOFUTBLQ4-26,44.10,43.50,44.35,44.35,44.30,488,,,nasdaq,
2025-05-06,ENOFUTBLQ4-27,45.25,43.95,46.00,,,45,,,nasdaq,
2025-05-06,ENOFUTBLYR-27,37.80,37.80,37.90,37.80,37.64,1800,,,nasdaq,
2025-05-06,ENOFUTBLYR-28,38.40,38.30,39.00,,,779,,,nasdaq,
2025-05-06,ENOFUTBLYR-29,39.95,39.50,40.75,,,203,,,nasdaq,
2025-05-06,ENOFUTBLYR-30,40.20,39.50,42.00,,,104,,,nasdaq,
2025-05-06,ENOFUTBLYR-31,40.70,,,,,40,,,nasdaq,
2025-05-06,ENOFUTBLYR-32,41.30,,,,,1,,,nasdaq,
2025-05-06,ENOFUTBLYR-33,41.80,,,,,1,,,nasdaq,
2025-05-06,ENOFUTBLYR-34,42.60,,,,,1,,,nasdaq,
2025-05-06,ENOFUTBLYR-35,42.95,,,,,,,,nasdaq,
2025-05-07,ENOFUTBLQ1-27,56.90,55.70,57.20,57.10,56.90,179,,,nasdaq,
2025-05-07,ENOFUTBLQ2-26,26.85,26.75,28.60,26.90,26.85,366,,,nasdaq,
2025-05-07,ENOFUTBLQ2-27,26.60,26.50,29.00,,,8,,,nasdaq,
2025-05-07,ENOFUTBLQ3-26,22.10,22.10,22.60,22.80,22.65,352,,,nasdaq,
2025-05-07,ENOFUTBLQ3-27,21.75,21.50,24.00,,,26,,,nasdaq,
2025-05-07,ENOFUTBLQ4-26,43.65,43.30,45.45,43.85,43.65,492,,,nasdaq,
2025-05-07,ENOFUTBLQ4-27,44.75,43.25,45.15,,,45,,,nasdaq,
2025-05-07,ENOFUTBLYR-27,37.40,37.35,37.45,37.60,37.40,1800,,,nasdaq,
2025-05-07,ENOFUTBLYR-28,38.15,38.05,38.25,,,784,,,nasdaq,
2025-05-07,ENOFUTBLYR-29,39.95,39.50,40.50,,,197,,,nasdaq,
2025-05-07,ENOFUTBLYR-30,40.20,39.50,42.55,,,104,,,nasdaq,
2025-05-07,ENOFUTBLYR-31,40.70,,,,,40,,,nasdaq,
2025-05-07,ENOFUTBLYR-32,41.30,,,,,1,,,nasdaq,
2025-05-07,ENOFUTBLYR-33,41.80,,,,,1,,,nasdaq,
2025-05-07,ENOFUTBLYR-34,42.60,,,,,1,,,nasdaq,
2025-05-07,ENOFUTBLYR-35,42.95,,,,,,,,nasdaq,
2025-05-08,ENOFUTBLQ1-27,56.25,55.50,57.00,,,181,,,nasdaq,
2025-05-08,ENOFUTBLQ2-26,26.80,26.70,28.80,26.80,26.80,369,,,nasdaq,
2025-05-08,ENOFUTBLQ2-27,27.00,26.40,28.60,,,8,,,nasdaq,
2025-05-08,ENOFUTBLQ3-26,22.15,22.10,23.00,22.05,22.05,355,,,nasdaq,
2025-05-08,ENOFUTBLQ3-27,22.10,21.00,23.75,,,26,,,nasdaq,
2025-05-08,ENOFUTBLQ4-26,43.28,42.60,43.95,,,494,,,nasdaq,
2025-05-08,ENOFUTBLQ4-27,44.30,43.25,45.35,,,45,,,nasdaq,
2025-05-08,ENOFUTBLYR-27,37.34,37.30,37.38,,,1807,,,nasdaq,
2025-05-08,ENOFUTBLYR-28,38.10,37.60,38.10,38.10,38.10,785,,,nasdaq,
2025-05-08,ENOFUTBLYR-29,39.91,39.12,40.70,,,197,,,nasdaq,
2025-05-08,ENOFUTBLYR-30,40.20,39.12,42.55,,,104,,,nasdaq,
2025-05-08,ENOFUTBLYR-31,40.70,,,,,40,,,nasdaq,
2025-05-08,ENOFUTBLYR-32,41.30,,,,,1,,,nasdaq,
2025-05-08,ENOFUTBLYR-33,41.80,,,,,1,,,nasdaq,
2025-05-08,ENOFUTBLYR-34,42.60,,,,,1,,,nasdaq,
2025-05-08,ENOFUTBLYR-35,42.95,,,,,,,,nasdaq,
2025-05-09,ENOFUTBLQ1-27,56.40,55.30,56.70,56.40,56.40,181,,,nasdaq,
2025-05-09,ENOFUTBLQ2-26,27.00,27.00,28.80,27.00,26.85,370,,,nasdaq,
2025-05-09,ENOFUTBLQ2-27,27.10,25.50,29.00,,,8,,,nasdaq,
2025-05-09,ENOFUTBLQ3-26,22.50,22.25,22.65,22.50,22.20,355,,,nasdaq,
2025-05-09,ENOFUTBLQ3-27,21.75,21.35,23.00,,,26,,,nasdaq,
2025-05-09,ENOFUTBLQ4-26,43.45,43.30,44.70,43.45,43.45,494,,,nasdaq,
2025-05-09,ENOFUTBLQ4-27,44.45,44.15,45.00,,,45,,,nasdaq,
2025-05-09,ENOFUTBLYR-27,37.30,37.30,37.45,37.35,37.25,1812,,,nasdaq,
2025-05-09,ENOFUTBLYR-28,38.15,37.50,38.25,,,791,,,nasdaq,
2025-05-09,ENOFUTBLYR-29,39.91,39.25,40.50,,,197,,,nasdaq,
2025-05-09,ENOFUTBLYR-30,40.20,39.25,42.25,,,104,,,nasdaq,
2025-05-09,ENOFUTBLYR-31,40.70,,,,,40,,,nasdaq,
2025-05-09,ENOFUTBLYR-32,41.30,,,,,1,,,nasdaq,
2025-05-09,ENOFUTBLYR-33,41.80,,,,,1,,,nasdaq,
2025-05-09,ENOFUTBLYR-34,42.60,,,,,1,,,nasdaq,
2025-05-09,ENOFUTBLYR-35,42.95,,,,,,,,nasdaq,
2025-05-12,ENOFUTBLQ1-27,57.00,56.90,59.65,,,184,,,nasdaq,
2025-05-12,ENOFUTBLQ2-26,28.00,27.75,28.50,,,377,,,nasdaq,
2025-05-12,ENOFUTBLQ2-27,27.60,27.25,29.50,,,13,,,nasdaq,
2025-05-12,ENOFUTBLQ3-26,23.30,23.30,24.50,23.40,23.25,356,,,nasdaq,
2025-05-12,ENOFUTBLQ3-27,22.00,21.50,22.75,,,26,,,nasdaq,
2025-05-12,ENOFUTBLQ4-26,44.00,43.50,44.10,44.00,44.00,509,,,nasdaq,
2025-05-12,ENOFUTBLQ4-27,44.70,43.35,46.00,,,45,,,nasdaq,
2025-05-12,ENOFUTBLYR-27,37.80,37.75,37.85,37.90,37.75,1815,,,nasdaq,
2025-05-12,ENOFUTBLYR-28,38.50,38.25,38.60,39.00,38.50,801,,,nasdaq,
2025-05-12,ENOFUTBLYR-29,40.60,39.12,40.70,40.70,40.70,197,,,nasdaq,
2025-05-12,ENOFUTBLYR-30,40.70,39.62,42.50,,,104,,,nasdaq,
2025-05-12,ENOFUTBLYR-31,41.00,,,,,40,,,nasdaq,
2025-05-12,ENOFUTBLYR-32,41.40,,,,,1,,,nasdaq,
2025-05-12,ENOFUTBLYR-33,41.90,,,,,1,,,nasdaq,
2025-05-12,ENOFUTBLYR-34,42.65,,,,,1,,,nasdaq,
2025-05-12,ENOFUTBLYR-35,43.00,,,,,,,,nasdaq,
2025-05-13,ENOFUTBLQ1-27,56.75,56.25,56.75,56.95,56.75,184,,,nasdaq,
2025-05-13,ENOFUTBLQ2-26,28.00,27.75,29.00,,,377,,,nasdaq,
2025-05-13,ENOFUTBLQ2-27,27.60,25.70,,,,13,,,nasdaq,
2025-05-13,ENOFUTBLQ3-26,23.25,23.15,23.55,,,358,,,nasdaq,
2025-05-13,ENOFUTBLQ3-27,22.00,21.00,23.00,,,26,,,nasdaq,
2025-05-13,ENOFUTBLQ4-26,43.50,43.16,43.85,,,511,,,nasdaq,
2025-05-13,ENOFUTBLQ4-27,44.70,44.50,45.25,,,45,,,nasdaq,
2025-05-13,ENOFUTBLYR-27,37.75,37.65,37.70,,,1825,,,nasdaq,
2025-05-13,ENOFUTBLYR-28,38.35,38.10,39.00,,,801,,,nasdaq,
2025-05-13,ENOFUTBLYR-29,40.50,,40.70,,,198,,,nasdaq,
2025-05-13,ENOFUTBLYR-30,40.60,,,,,104,,,nasdaq,
2025-05-13,ENOFUTBLYR-31,40.95,,,,,40,,,nasdaq,
2025-05-13,ENOFUTBLYR-32,41.35,,,,,1,,,nasdaq,
2025-05-13,ENOFUTBLYR-33,41.85,,,,,1,,,nasdaq,
2025-05-13,ENOFUTBLYR-34,42.60,,,,,1,,,nasdaq,
2025-05-13,ENOFUTBLYR-35,42.95,,,,,,,,nasdaq,
2025-05-14,ENOFUTBLQ1-27,56.75,56.35,57.75,,,185,,,nasdaq,
2025-05-14,ENOFUTBLQ2-26,28.00,27.80,28.00,28.00,28.00,377,,,nasdaq,
2025-05-14,ENOFUTBLQ2-27,27.50,25.50,,,,13,,,nasdaq,
2025-05-14,ENOFUTBLQ3-26,23.50,23.30,23.75,23.50,23.50,358,,,nasdaq,
2025-05-14,ENOFUTBLQ3-27,21.90,21.30,24.00,,,26,,,nasdaq,
2025-05-14,ENOFUTBLQ4-26,43.60,43.50,44.00,43.60,43.60,511,,,nasdaq,
2025-05-14,ENOFUTBLQ4-27,44.70,42.55,45.45,,,45,,,nasdaq,
2025-05-14,ENOFUTBLYR-27,37.60,37.50,37.65,,,1833,,,nasdaq,
2025-05-14,ENOFUTBLYR-28,38.40,38.25,38.70,,,802,,,nasdaq,
2025-05-14,ENOFUTBLYR-29,40.50,39.55,40.65,,,198,,,nasdaq,
2025-05-14,ENOFUTBLYR-30,40.60,39.50,,,,104,,,nasdaq,
2025-05-14,ENOFUTBLYR-31,40.95,,,,,40,,,nasdaq,
2025-05-14,ENOFUTBLYR-32,41.35,,,,,1,,,nasdaq,
2025-05-14,ENOFUTBLYR-33,41.85,,,,,1,,,nasdaq,
2025-05-14,ENOFUTBLYR-34,42.60,,,,,1,,,nasdaq,
2025-05-14,ENOFUTBLYR-35,42.95,,,,,,,,nasdaq,
2025-05-15,ENOFUTBLQ1-27,56.85,56.75,57.20,,,187,,,nasdaq,
2025-05-15,ENOFUTBLQ2-26,28.70,28.55,29.90,28.70,28.70,375,,,nasdaq,
2025-05-15,ENOFUTBLQ2-27,27.70,26.50,30.00,,,13,,,nasdaq,
2025-05-15,ENOFUTBLQ3-26,24.00,23.50,24.50,24.00,23.85,360,,,nasdaq,
2025-05-15,ENOFUTBLQ3-27,22.50,22.00,25.00,,,26,,,nasdaq,
2025-05-15,ENOFUTBLQ4-26,43.75,43.60,44.10,,,511,,,nasdaq,
2025-05-15,ENOFUTBLQ4-27,45.25,44.90,45.55,45.60,45.60,49,,,nasdaq,
2025-05-15,ENOFUTBLYR-27,38.00,37.95,38.10,38.00,37.85,1839,,,nasdaq,
2025-05-15,ENOFUTBLYR-28,38.70,38.55,39.00,38.70,38.55,801,,,nasdaq,
2025-05-15,ENOFUTBLYR-29,40.70,40.35,41.00,,,198,,,nasdaq,
2025-05-15,ENOFUTBLYR-30,40.80,40.50,,,,104,,,nasdaq,
2025-05-15,ENOFUTBLYR-31,41.00,,,,,40,,,nasdaq,
2025-05-15,ENOFUTBLYR-32,41.40,,,,,1,,,nasdaq,
2025-05-15,ENOFUTBLYR-33,41.85,,,,,1,,,nasdaq,
2025-05-15,ENOFUTBLYR-34,42.60,,,,,1,,,nasdaq,
2025-05-15,ENOFUTBLYR-35,42.95,,,,,,,,nasdaq,
2025-05-16,ENOFUTBLQ1-27,56.65,56.50,56.80,,,187,,,nasdaq,
2025-05-16,ENOFUTBLQ2-26,28.60,28.40,30.55,,,377,,,nasdaq,
2025-05-16,ENOFUTBLQ2-27,28.00,27.45,29.55,,,13,,,nasdaq,
2025-05-16,ENOFUTBLQ3-26,24.00,23.00,24.10,24.00,24.00,359,,,nasdaq,
2025-05-16,ENOFUTBLQ3-27,22.28,22.00,22.55,,,26,,,nasdaq,
2025-05-16,ENOFUTBLQ4-26,44.00,43.00,45.30,44.00,44.00,511,,,nasdaq,
2025-05-16,ENOFUTBLQ4-27,45.25,43.75,45.55,45.60,45.60,50,,,nasdaq,
2025-05-16,ENOFUTBLYR-27,38.05,38.00,38.10,38.20,38.00,1863,,,nasdaq,
2025-05-16,ENOFUTBLYR-28,38.75,38.75,39.00,38.75,38.75,811,,,nasdaq,
2025-05-16,ENOFUTBLYR-29,40.75,40.50,41.00,,,198,,,nasdaq,
2025-05-16,ENOFUTBLYR-30,40.85,39.80,43.25,,,105,,,nasdaq,
2025-05-16,ENOFUTBLYR-31,41.00,,,,,40,,,nasdaq,
2025-05-16,ENOFUTBLYR-32,41.40,,,,,1,,,nasdaq,
2025-05-16,ENOFUTBLYR-33,41.85,,,,,1,,,nasdaq,
2025-05-16,ENOFUTBLYR-34,42.60,,,,,1,,,nasdaq,
2025-05-16,ENOFUTBLYR-35,42.95,,,,,,,,nasdaq,
2025-05-19,ENOFUTBLQ1-27,56.45,55.95,58.50,,,187,,,nasdaq,
2025-05-19,ENOFUTBLQ2-26,27.90,27.75,27.90,27.90,27.80,377,,,nasdaq,
2025-05-19,ENOFUTBLQ2-27,27.45,27.25,28.85,,,13,,,nasdaq,
2025-05-19,ENOFUTBLQ3-26,23.65,23.40,23.65,23.65,23.65,362,,,nasdaq,
2025-05-19,ENOFUTBLQ3-27,22.00,21.00,23.13,,,26,,,nasdaq,
2025-05-19,ENOFUTBLQ4-26,43.65,43.50,44.85,43.65,43.65,511,,,nasdaq,
2025-05-19,ENOFUTBLQ4-27,45.05,44.65,45.45,,,51,,,nasdaq,
2025-05-19,ENOFUTBLYR-27,37.70,37.55,37.85,,,1872,,,nasdaq,
2025-05-19,ENOFUTBLYR-28,38.50,38.50,40.25,,,818,,,nasdaq,
2025-05-19,ENOFUTBLYR-29,40.50,39.50,41.00,,,198,,,nasdaq,
2025-05-19,ENOFUTBLYR-30,40.70,39.30,42.80,,,105,,,nasdaq,
2025-05-19,ENOFUTBLYR-31,40.85,,,,,40,,,nasdaq,
2025-05-19,ENOFUTBLYR-32,41.25,,,,,1,,,nasdaq,
2025-05-19,ENOFUTBLYR-33,41.75,,,,,1,,,nasdaq,
2025-05-19,ENOFUTBLYR-34,42.50,,,,,1,,,nasdaq,
2025-05-19,ENOFUTBLYR-35,42.85,,,,,,,,nasdaq,
2025-05-20,ENOFUTBLQ1-27,57.75,56.50,58.50,58.80,58.80,187,,,nasdaq,
2025-05-20,ENOFUTBLQ2-26,28.35,28.15,28.65,28.75,28.75,387,,,nasdaq,
2025-05-20,ENOFUTBLQ2-27,28.00,27.10,29.30,28.50,28.50,13,,,nasdaq,
2025-05-20,ENOFUTBLQ3-26,24.10,23.75,24.35,24.40,24.10,367,,,nasdaq,
2025-05-20,ENOFUTBLQ3-27,22.15,22.15,23.50,22.15,22.15,26,,,nasdaq,
2025-05-20,ENOFUTBLQ4-26,43.75,43.60,44.30,44.50,44.50,511,,,nasdaq,
2025-05-20,ENOFUTBLQ4-27,44.60,43.55,45.95,,,51,,,nasdaq,
2025-05-20,ENOFUTBLYR-27,38.10,37.95,38.10,38.10,38.10,1879,,,nasdaq,
2025-05-20,ENOFUTBLYR-28,39.00,38.90,39.00,39.00,39.00,820,,,nasdaq,
2025-05-20,ENOFUTBLYR-29,40.38,40.00,40.75,,,198,,,nasdaq,
2025-05-20,ENOFUTBLYR-30,40.70,39.45,43.15,,,105,,,nasdaq,
2025-05-20,ENOFUTBLYR-31,40.85,,,,,40,,,nasdaq,
2025-05-20,ENOFUTBLYR-32,41.25,,,,,1,,,nasdaq,
2025-05-20,ENOFUTBLYR-33,41.75,,,,,1,,,nasdaq,
2025-05-20,ENOFUTBLYR-34,42.50,,,,,1,,,nasdaq,
2025-05-20,ENOFUTBLYR-35,42.85,,,,,,,,nasdaq,
2025-05-21,ENOFUTBLQ1-27,57.20,56.50,57.35,57.50,57.50,187,,,nasdaq,
2025-05-21,ENOFUTBLQ2-26,28.60,28.25,28.95,,,388,,,nasdaq,
2025-05-21,ENOFUTBLQ2-27,28.25,28.00,29.00,,,14,,,nasdaq,
2025-05-21,ENOFUTBLQ3-26,24.35,24.00,24.70,,,380,,,nasdaq,
2025-05-21,ENOFUTBLQ3-27,22.30,21.15,25.00,,,28,,,nasdaq,
2025-05-21,ENOFUTBLQ4-26,43.75,43.00,44.85,,,514,,,nasdaq,
2025-05-21,ENOFUTBLQ4-27,45.10,44.80,45.40,,,51,,,nasdaq,
2025-05-21,ENOFUTBLYR-27,38.05,37.80,38.10,38.20,37.90,1905,,,nasdaq,
2025-05-21,ENOFUTBLYR-28,39.10,38.95,39.50,,,832,,,nasdaq,
2025-05-21,ENOFUTBLYR-29,40.38,40.00,41.25,,,198,,,nasdaq,
2025-05-21,ENOFUTBLYR-30,40.70,,,,,105,,,nasdaq,
2025-05-21,ENOFUTBLYR-31,40.85,,,,,40,,,nasdaq,
2025-05-21,ENOFUTBLYR-32,41.25,,,,,1,,,nasdaq,
2025-05-21,ENOFUTBLYR-33,41.75,,,,,1,,,nasdaq,
2025-05-21,ENOFUTBLYR-34,42.50,,,,,1,,,nasdaq,
2025-05-21,ENOFUTBLYR-35,42.85,,,,,,,,nasdaq,
2025-05-22,ENOFUTBLQ1-27,57.15,56.80,57.50,,,187,,,nasdaq,
2025-05-22,ENOFUTBLQ2-26,28.72,28.70,30.00,28.65,28.65,388,,,nasdaq,
2025-05-22,ENOFUTBLQ2-27,28.25,28.00,29.00,,,14,,,nasdaq,
2025-05-22,ENOFUTBLQ3-26,24.37,24.36,24.45,24.50,24.35,380,,,nasdaq,
2025-05-22,ENOFUTBLQ3-27,22.30,21.50,25.00,,,28,,,nasdaq,
2025-05-22,ENOFUTBLQ4-26,44.07,44.10,45.45,43.95,43.95,514,,,nasdaq,
2025-05-22,ENOFUTBLQ4-27,45.00,42.50,45.40,45.50,45.50,51,,,nasdaq,
2025-05-22,ENOFUTBLYR-27,38.10,38.05,38.19,,,1909,,,nasdaq,
2025-05-22,ENOFUTBLYR-28,39.00,38.85,39.40,,,829,,,nasdaq,
2025-05-22,ENOFUTBLYR-29,40.50,40.00,41.00,,,198,,,nasdaq,
2025-05-22,ENOFUTBLYR-30,40.68,40.00,41.35,,,105,,,nasdaq,
2025-05-22,ENOFUTBLYR-31,40.85,,,,,40,,,nasdaq,
2025-05-22,ENOFUTBLYR-32,41.25,,,,,1,,,nasdaq,
2025-05-22,ENOFUTBLYR-33,41.75,,,,,1,,,nasdaq,
2025-05-22,ENOFUTBLYR-34,42.50,,,,,1,,,nasdaq,
2025-05-22,ENOFUTBLYR-35,42.85,,,,,,,,nasdaq,
2025-05-23,ENOFUTBLQ1-27,56.75,,57.25,,,187,,,nasdaq,
2025-05-23,ENOFUTBLQ2-26,28.55,28.25,29.75,28.75,28.50,388,,,nasdaq,
2025-05-23,ENOFUTBLQ2-27,28.25,25.75,28.35,28.25,28.25,14,,,nasdaq,
2025-05-23,ENOFUTBLQ3-26,24.35,24.25,24.45,,,380,,,nasdaq,
2025-05-23,ENOFUTBLQ3-27,22.45,,,22.45,22.45,26,,,nasdaq,
2025-05-23,ENOFUTBLQ4-26,44.00,43.40,,44.10,44.00,515,,,nasdaq,
2025-05-23,ENOFUTBLQ4-27,45.15,,,45.15,45.15,52,,,nasdaq,
2025-05-23,ENOFUTBLYR-27,38.00,37.85,38.10,38.10,38.00,1915,,,nasdaq,
2025-05-23,ENOFUTBLYR-28,38.80,37.95,39.00,,,828,,,nasdaq,
2025-05-23,ENOFUTBLYR-29,40.45,39.50,40.90,,,198,,,nasdaq,
2025-05-23,ENOFUTBLYR-30,40.70,39.12,40.90,,,105,,,nasdaq,
2025-05-23,ENOFUTBLYR-31,40.85,,,,,40,,,nasdaq,
2025-05-23,ENOFUTBLYR-32,41.25,,,,,1,,,nasdaq,
2025-05-23,ENOFUTBLYR-33,41.75,,,,,1,,,nasdaq,
2025-05-23,ENOFUTBLYR-34,42.50,,,,,1,,,nasdaq,
2025-05-23,ENOFUTBLYR-35,42.85,,,,,,,,nasdaq,
2025-05-26,ENOFUTBLQ1-27,56.75,56.50,57.00,,,187,,,nasdaq,
2025-05-26,ENOFUTBLQ2-26,28.68,28.35,29.00,,,388,,,nasdaq,
2025-05-26,ENOFUTBLQ2-27,28.35,27.95,29.70,,,15,,,nasdaq,
2025-05-26,ENOFUTBLQ3-26,24.25,24.20,24.90,24.25,24.25,380,,,nasdaq,
2025-05-26,ENOFUTBLQ3-27,22.55,21.50,23.90,,,27,,,nasdaq,
2025-05-26,ENOFUTBLQ4-26,44.00,43.50,44.50,,,523,,,nasdaq,
2025-05-26,ENOFUTBLQ4-27,44.83,43.65,46.00,,,53,,,nasdaq,
2025-05-26,ENOFUTBLYR-27,38.10,38.05,38.15,,,1920,,,nasdaq,
2025-05-26,ENOFUTBLYR-28,38.80,38.20,39.50,,,828,,,nasdaq,
2025-05-26,ENOFUTBLYR-29,40.60,39.50,41.00,,,198,,,nasdaq,
2025-05-26,ENOFUTBLYR-30,40.70,39.45,42.90,,,112,,,nasdaq,
2025-05-26,ENOFUTBLYR-31,40.85,,,,,40,,,nasdaq,
2025-05-26,ENOFUTBLYR-32,41.25,,,,,1,,,nasdaq,
2025-05-26,ENOFUTBLYR-33,41.75,,,,,1,,,nasdaq,
2025-05-26,ENOFUTBLYR-34,42.50,,,,,1,,,nasdaq,
2025-05-26,ENOFUTBLYR-35,42.85,,,,,,,,nasdaq,
2025-05-27,ENOFUTBLQ1-27,56.80,56.50,57.20,56.80,56.80,187,,,nasdaq,
2025-05-27,ENOFUTBLQ2-26,28.95,28.65,29.10,28.75,28.50,388,,,nasdaq,
2025-05-27,ENOFUTBLQ2-27,28.50,27.20,28.60,,,15,,,nasdaq,
2025-05-27,ENOFUTBLQ3-26,24.65,24.50,24.70,24.85,24.30,382,,,nasdaq,
2025-05-27,ENOFUTBLQ3-27,23.25,21.50,24.00,,,27,,,nasdaq,
2025-05-27,ENOFUTBLQ4-26,43.88,43.50,44.25,,,523,,,nasdaq,
2025-05-27,ENOFUTBLQ4-27,45.00,42.25,45.50,45.00,45.00,53,,,nasdaq,
2025-05-27,ENOFUTBLYR-27,38.33,38.20,38.45,,,1926,,,nasdaq,
2025-05-27,ENOFUTBLYR-28,38.95,38.30,39.00,,,830,,,nasdaq,
2025-05-27,ENOFUTBLYR-29,40.50,40.00,40.65,,,198,,,nasdaq,
2025-05-27,ENOFUTBLYR-30,40.80,39.50,41.95,,,112,,,nasdaq,
2025-05-27,ENOFUTBLYR-31,40.85,,,,,40,,,nasdaq,
2025-05-27,ENOFUTBLYR-32,41.25,,,,,1,,,nasdaq,
2025-05-27,ENOFUTBLYR-33,41.75,,,,,1,,,nasdaq,
2025-05-27,ENOFUTBLYR-34,42.50,,,,,1,,,nasdaq,
2025-05-27,ENOFUTBLYR-35,42.85,,,,,,,,nasdaq,
2025-05-28,ENOFUTBLQ1-27,57.00,56.35,57.25,57.25,57.25,189,,,nasdaq,
2025-05-28,ENOFUTBLQ2-26,28.95,28.50,29.40,,,398,,,nasdaq,
2025-05-28,ENOFUTBLQ2-27,27.75,26.50,28.75,,,15,,,nasdaq,
2025-05-28,ENOFUTBLQ3-26,24.52,24.50,24.69,24.70,24.65,388,,,nasdaq,
2025-05-28,ENOFUTBLQ3-27,23.25,21.50,23.50,23.50,23.50,27,,,nasdaq,
2025-05-28,ENOFUTBLQ4-26,44.25,43.50,44.50,45.25,44.00,523,,,nasdaq,
2025-05-28,ENOFUTBLQ4-27,44.90,42.50,45.25,45.50,45.50,52,,,nasdaq,
2025-05-28,ENOFUTBLYR-27,38.10,38.05,38.45,38.25,38.10,1928,,,nasdaq,
2025-05-28,ENOFUTBLYR-28,38.78,38.70,38.85,38.90,38.90,831,,,nasdaq,
2025-05-28,ENOFUTBLYR-29,40.50,40.00,40.70,,,198,,,nasdaq,
2025-05-28,ENOFUTBLYR-30,40.80,,,,,114,,,nasdaq,
2025-05-28,ENOFUTBLYR-31,40.85,,,,,40,,,nasdaq,
2025-05-28,ENOFUTBLYR-32,41.25,,,,,1,,,nasdaq,
2025-05-28,ENOFUTBLYR-33,41.75,,,,,1,,,nasdaq,
2025-05-28,ENOFUTBLYR-34,42.50,,,,,1,,,nasdaq,
2025-05-28,ENOFUTBLYR-35,42.85,,,,,,,,nasdaq,
2025-05-30,ENOFUTBLQ1-27,56.78,56.60,56.95,,,187,,,nasdaq,
2025-05-30,ENOFUTBLQ2-26,28.93,28.80,29.05,,,398,,,nasdaq,
2025-05-30,ENOFUTBLQ2-27,27.50,26.50,30.00,,,15,,,nasdaq,
2025-05-30,ENOFUTBLQ3-26,24.43,24.30,24.55,,,389,,,nasdaq,
2025-05-30,ENOFUTBLQ3-27,23.00,21.25,23.20,,,27,,,nasdaq,
2025-05-30,ENOFUTBLQ4-26,44.00,43.85,44.30,,,524,,,nasdaq,
2025-05-30,ENOFUTBLQ4-27,44.90,42.50,45.50,,,53,,,nasdaq,
2025-05-30,ENOFUTBLYR-27,37.95,37.80,38.10,,,1936,,,nasdaq,
2025-05-30,ENOFUTBLYR-28,38.60,38.10,38.75,,,831,,,nasdaq,
2025-05-30,ENOFUTBLYR-29,40.33,39.90,40.75,,,197,,,nasdaq,
2025-05-30,ENOFUTBLYR-30,40.80,39.95,,,,114,,,nasdaq,
2025-05-30,ENOFUTBLYR-31,40.85,,,,,40,,,nasdaq,
2025-05-30,ENOFUTBLYR-32,41.25,,,,,1,,,nasdaq,
2025-05-30,ENOFUTBLYR-33,41.75,,,,,1,,,nasdaq,
2025-05-30,ENOFUTBLYR-34,42.50,,,,,1,,,nasdaq,
2025-05-30,ENOFUTBLYR-35,42.85,,,,,,,,nasdaq,
2025-06-02,ENOFUTBLQ1-27,57.25,56.75,57.50,,,188,,,nasdaq,
2025-06-02,ENOFUTBLQ2-26,30.00,29.65,30.05,30.00,29.50,398,,,nasdaq,
2025-06-02,ENOFUTBLQ2-27,28.00,27.00,28.50,28.00,28.00,15,,,nasdaq,
2025-06-02,ENOFUTBLQ3-26,25.10,25.05,25.50,25.00,24.90,389,,,nasdaq,
2025-06-02,ENOFUTBLQ3-27,23.50,22.30,23.90,,,27,,,nasdaq,
2025-06-02,ENOFUTBLQ4-26,44.80,44.65,45.00,44.60,44.60,525,,,nasdaq,
2025-06-02,ENOFUTBLQ4-27,45.35,43.40,46.00,,,55,,,nasdaq,
2025-06-02,ENOFUTBLYR-27,38.50,38.35,39.00,38.50,38.50,1939,,,nasdaq,
2025-06-02,ENOFUTBLYR-28,39.10,38.60,40.35,,,831,,,nasdaq,
2025-06-02,ENOFUTBLYR-29,40.50,40.05,40.75,40.50,40.50,197,,,nasdaq,
2025-06-02,ENOFUTBLYR-30,40.80,40.12,42.00,,,114,,,nasdaq,
2025-06-02,ENOFUTBLYR-31,40.85,,,,,40,,,nasdaq,
2025-06-02,ENOFUTBLYR-32,41.25,,,,,1,,,nasdaq,
2025-06-02,ENOFUTBLYR-33,41.75,,,,,1,,,nasdaq,
2025-06-02,ENOFUTBLYR-34,42.50,,,,,1,,,nasdaq,
2025-06-02,ENOFUTBLYR-35,42.85,,,,,,,,nasdaq,
2025-06-03,ENOFUTBLQ1-27,57.50,57.25,58.00,,,188,,,nasdaq,
2025-06-03,ENOFUTBLQ2-26,30.35,30.25,30.60,30.20,30.20,396,,,nasdaq,
2025-06-03,ENOFUTBLQ2-27,28.60,28.55,29.75,28.50,28.25,15,,,nasdaq,
2025-06-03,ENOFUTBLQ3-26,25.25,25.20,25.80,,,390,,,nasdaq,
2025-06-03,ENOFUTBLQ3-27,23.55,23.30,23.90,,,27,,,nasdaq,
2025-06-03,ENOFUTBLQ4-26,45.10,45.00,45.25,,,527,,,nasdaq,
2025-06-03,ENOFUTBLQ4-27,45.05,44.10,46.00,,,55,,,nasdaq,
2025-06-03,ENOFUTBLYR-27,38.65,38.60,38.70,38.70,38.65,1946,,,nasdaq,
2025-06-03,ENOFUTBLYR-28,39.25,38.50,40.00,,,833,,,nasdaq,
2025-06-03,ENOFUTBLYR-29,40.55,40.10,41.00,,,198,,,nasdaq,
2025-06-03,ENOFUTBLYR-30,40.85,40.25,42.50,,,114,,,nasdaq,
2025-06-03,ENOFUTBLYR-31,40.85,,,,,40,,,nasdaq,
2025-06-03,ENOFUTBLYR-32,41.25,,,,,1,,,nasdaq,
2025-06-03,ENOFUTBLYR-33,41.75,,,,,1,,,nasdaq,
2025-06-03,ENOFUTBLYR-34,42.50,,,,,1,,,nasdaq,
2025-06-03,ENOFUTBLYR-35,42.85,,,,,,,,nasdaq,
2025-06-04,ENOFUTBLQ1-27,57.75,56.50,57.75,57.75,57.75,188,,,nasdaq,
2025-06-04,ENOFUTBLQ2-26,30.30,30.25,30.50,30.30,30.30,396,,,nasdaq,
2025-06-04,ENOFUTBLQ2-27,28.48,28.25,28.70,,,15,,,nasdaq,
2025-06-04,ENOFUTBLQ3-26,25.35,25.10,25.35,25.35,25.35,390,,,nasdaq,
2025-06-04,ENOFUTBLQ3-27,23.33,23.00,23.65,,,27,,,nasdaq,
2025-06-04,ENOFUTBLQ4-26,45.10,44.60,46.25,,,527,,,nasdaq,
2025-06-04,ENOFUTBLQ4-27,45.00,42.50,46.00,,,55,,,nasdaq,
2025-06-04,ENOFUTBLYR-27,38.60,38.50,38.70,38.65,38.60,1951,,,nasdaq,
2025-06-04,ENOFUTBLYR-28,39.25,38.50,,39.25,39.25,837,,,nasdaq,
2025-06-04,ENOFUTBLYR-29,40.60,40.25,,,,198,,,nasdaq,
2025-06-04,ENOFUTBLYR-30,40.85,,,,,114,,,nasdaq,
2025-06-04,ENOFUTBLYR-31,40.85,,,,,40,,,nasdaq,
2025-06-04,ENOFUTBLYR-32,41.25,,,,,1,,,nasdaq,
2025-06-04,ENOFUTBLYR-33,41.75,,,,,1,,,nasdaq,
2025-06-04,ENOFUTBLYR-34,42.50,,,,,1,,,nasdaq,
2025-06-04,ENOFUTBLYR-35,42.85,,,,,,,,nasdaq,
2025-06-05,ENOFUTBLQ1-27,57.70,56.50,58.70,,,188,,,nasdaq,
2025-06-05,ENOFUTBLQ2-26,30.30,29.00,31.00,30.50,30.30,397,,,nasdaq,
2025-06-05,ENOFUTBLQ2-27,28.60,28.50,,,,15,,,nasdaq,
2025-06-05,ENOFUTBLQ3-26,25.10,24.50,25.20,25.40,25.20,385,,,nasdaq,
2025-06-05,ENOFUTBLQ3-27,23.25,21.50,24.50,,,27,,,nasdaq,
2025-06-05,ENOFUTBLQ4-26,44.70,44.65,44.90,45.00,45.00,527,,,nasdaq,
2025-06-05,ENOFUTBLQ4-27,44.75,42.25,46.00,,,55,,,nasdaq,
2025-06-05,ENOFUTBLYR-27,38.55,38.50,38.60,,,1954,,,nasdaq,
2025-06-05,ENOFUTBLYR-28,39.25,,40.10,,,839,,,nasdaq,
2025-06-05,ENOFUTBLYR-29,40.68,40.25,41.10,,,198,,,nasdaq,
2025-06-05,ENOFUTBLYR-30,40.85,,,,,114,,,nasdaq,
2025-06-05,ENOFUTBLYR-31,40.85,,,,,40,,,nasdaq,
2025-06-05,ENOFUTBLYR-32,41.25,,,,,1,,,nasdaq,
2025-06-05,ENOFUTBLYR-33,41.75,,,,,1,,,nasdaq,
2025-06-05,ENOFUTBLYR-34,42.50,,,,,1,,,nasdaq,
2025-06-05,ENOFUTBLYR-35,42.85,,,,,,,,nasdaq,
2025-06-06,ENOFUTBLQ1-27,57.50,56.50,57.75,,,188,,,nasdaq,
2025-06-06,ENOFUTBLQ2-26,30.35,30.35,31.00,30.35,30.35,398,,,nasdaq,
2025-06-06,ENOFUTBLQ2-27,28.60,28.25,33.00,,,15,,,nasdaq,
2025-06-06,ENOFUTBLQ3-26,25.20,25.05,25.35,,,383,,,nasdaq,
2025-06-06,ENOFUTBLQ3-27,23.25,23.00,27.00,,,27,,,nasdaq,
2025-06-06,ENOFUTBLQ4-26,44.80,44.80,47.00,,,527,,,nasdaq,
2025-06-06,ENOFUTBLQ4-27,44.75,42.00,46.00,,,55,,,nasdaq,
2025-06-06,ENOFUTBLYR-27,38.45,38.35,38.85,,,1959,,,nasdaq,
2025-06-06,ENOFUTBLYR-28,39.20,38.50,40.00,,,839,,,nasdaq,
2025-06-06,ENOFUTBLYR-29,40.68,40.35,41.50,,,198,,,nasdaq,
2025-06-06,ENOFUTBLYR-30,40.85,40.00,42.00,,,114,,,nasdaq,
2025-06-06,ENOFUTBLYR-31,40.85,,,,,40,,,nasdaq,
2025-06-06,ENOFUTBLYR-32,41.25,,,,,1,,,nasdaq,
2025-06-06,ENOFUTBLYR-33,41.75,,,,,1,,,nasdaq,
2025-06-06,ENOFUTBLYR-34,42.50,,,,,1,,,nasdaq,
2025-06-06,ENOFUTBLYR-35,42.85,,,,,,,,nasdaq,
2025-06-10,ENOFUTBLQ1-27,57.50,56.50,59.00,,,188,,,nasdaq,
2025-06-10,ENOFUTBLQ2-26,30.10,28.90,30.10,30.10,30.10,398,,,nasdaq,
2025-06-10,ENOFUTBLQ2-27,28.25,28.25,30.00,,,15,,,nasdaq,
2025-06-10,ENOFUTBLQ3-26,25.05,24.90,25.20,,,383,,,nasdaq,
2025-06-10,ENOFUTBLQ3-27,22.85,22.75,25.00,,,27,,,nasdaq,
2025-06-10,ENOFUTBLQ4-26,44.60,,45.00,44.60,44.60,526,,,nasdaq,
2025-06-10,ENOFUTBLQ4-27,44.50,42.25,45.50,,,55,,,nasdaq,
2025-06-10,ENOFUTBLYR-27,38.25,38.00,38.50,,,1960,,,nasdaq,
2025-06-10,ENOFUTBLYR-28,39.00,,40.25,,,841,,,nasdaq,
2025-06-10,ENOFUTBLYR-29,40.68,40.35,41.25,,,198,,,nasdaq,
2025-06-10,ENOFUTBLYR-30,40.85,,,,,114,,,nasdaq,
2025-06-10,ENOFUTBLYR-31,40.85,,,,,40,,,nasdaq,
2025-06-10,ENOFUTBLYR-32,41.25,,,,,1,,,nasdaq,
2025-06-10,ENOFUTBLYR-33,41.75,,,,,1,,,nasdaq,
2025-06-10,ENOFUTBLYR-34,42.50,,,,,1,,,nasdaq,
2025-06-10,ENOFUTBLYR-35,42.85,,,,,,,,nasdaq,
2025-06-11,ENOFUTBLQ1-27,57.50,56.50,60.00,,,188,,,nasdaq,
2025-06-11,ENOFUTBLQ2-26,30.25,29.75,30.45,30.25,30.25,398,,,nasdaq,
2025-06-11,ENOFUTBLQ2-27,28.25,27.75,30.00,,,15,,,nasdaq,
2025-06-11,ENOFUTBLQ3-26,25.05,24.90,25.45,,,383,,,nasdaq,
2025-06-11,ENOFUTBLQ3-27,22.85,22.00,23.50,,,27,,,nasdaq,
2025-06-11,ENOFUTBLQ4-26,44.75,44.70,47.00,44.75,44.70,524,,,nasdaq,
2025-06-11,ENOFUTBLQ4-27,44.50,42.25,46.00,,,55,,,nasdaq,
2025-06-11,ENOFUTBLYR-27,38.25,38.15,38.29,38.30,38.25,1965,,,nasdaq,
2025-06-11,ENOFUTBLYR-28,39.00,38.60,39.50,,,843,,,nasdaq,
2025-06-11,ENOFUTBLYR-29,40.70,40.50,41.25,,,198,,,nasdaq,
2025-06-11,ENOFUTBLYR-30,40.85,40.50,42.00,,,114,,,nasdaq,
2025-06-11,ENOFUTBLYR-31,40.85,,,,,40,,,nasdaq,
2025-06-11,ENOFUTBLYR-32,41.25,,,,,1,,,nasdaq,
2025-06-11,ENOFUTBLYR-33,41.75,,,,,1,,,nasdaq,
2025-06-11,ENOFUTBLYR-34,42.50,,,,,1,,,nasdaq,
2025-06-11,ENOFUTBLYR-35,42.85,,,,,,,,nasdaq,
2025-06-12,ENOFUTBLQ1-27,57.00,56.65,57.00,57.25,57.00,189,,,nasdaq,
2025-06-12,ENOFUTBLQ2-26,29.50,29.25,29.95,29.50,29.50,400,,,nasdaq,
2025-06-12,ENOFUTBLQ2-27,28.50,27.00,29.75,28.50,28.50,15,,,nasdaq,
2025-06-12,ENOFUTBLQ3-26,24.50,24.05,24.50,24.50,24.50,383,,,nasdaq,
2025-06-12,ENOFUTBLQ3-27,22.70,20.50,24.85,,,27,,,nasdaq,
2025-06-12,ENOFUTBLQ4-26,44.60,44.30,45.00,44.75,44.60,525,,,nasdaq,
2025-06-12,ENOFUTBLQ4-27,44.50,43.70,46.85,,,55,,,nasdaq,
2025-06-12,ENOFUTBLYR-27,38.10,37.80,38.20,,,1973,,,nasdaq,
2025-06-12,ENOFUTBLYR-28,39.00,38.00,39.00,,,844,,,nasdaq,
2025-06-12,ENOFUTBLYR-29,40.65,40.55,40.95,,,199,,,nasdaq,
2025-06-12,ENOFUTBLYR-30,40.85,40.12,41.35,,,114,,,nasdaq,
2025-06-12,ENOFUTBLYR-31,40.85,,,,,40,,,nasdaq,
2025-06-12,ENOFUTBLYR-32,41.25,,,,,1,,,nasdaq,
2025-06-12,ENOFUTBLYR-33,41.75,,,,,1,,,nasdaq,
2025-06-12,ENOFUTBLYR-34,42.50,,,,,1,,,nasdaq,
2025-06-12,ENOFUTBLYR-35,42.85,,,,,,,,nasdaq,
2025-06-13,ENOFUTBLQ1-27,57.00,53.00,57.50,,,187,,,nasdaq,
2025-06-13,ENOFUTBLQ2-26,29.80,29.40,30.00,,,404,,,nasdaq,
2025-06-13,ENOFUTBLQ2-27,28.40,28.00,28.50,28.40,28.40,16,,,nasdaq,
2025-06-13,ENOFUTBLQ3-26,24.40,24.00,24.90,24.60,24.40,386,,,nasdaq,
2025-06-13,ENOFUTBLQ3-27,22.60,,23.15,,,27,,,nasdaq,
2025-06-13,ENOFUTBLQ4-26,44.60,44.50,44.90,45.00,44.60,538,,,nasdaq,
2025-06-13,ENOFUTBLQ4-27,44.50,44.50,,44.50,44.50,55,,,nasdaq,
2025-06-13,ENOFUTBLYR-27,38.10,37.90,38.10,38.10,38.05,1979,,,nasdaq,
2025-06-13,ENOFUTBLYR-28,39.20,38.86,39.25,,,848,,,nasdaq,
2025-06-13,ENOFUTBLYR-29,40.55,40.12,40.55,40.55,40.55,201,,,nasdaq,
2025-06-13,ENOFUTBLYR-30,41.00,40.50,41.00,41.00,41.00,114,,,nasdaq,
2025-06-13,ENOFUTBLYR-31,40.85,,,,,40,,,nasdaq,
2025-06-13,ENOFUTBLYR-32,41.25,,,,,1,,,nasdaq,
2025-06-13,ENOFUTBLYR-33,41.75,,,,,1,,,nasdaq,
2025-06-13,ENOFUTBLYR-34,42.50,,,,,1,,,nasdaq,
2025-06-13,ENOFUTBLYR-35,42.85,,,,,,,,nasdaq,
2025-06-16,ENOFUTBLQ1-27,57.38,57.25,57.50,58.20,58.20,187,,,nasdaq,
2025-06-16,ENOFUTBLQ2-26,29.80,29.75,30.25,29.90,29.80,404,,,nasdaq,
2025-06-16,ENOFUTBLQ2-27,28.00,27.50,28.50,,,20,,,nasdaq,
2025-06-16,ENOFUTBLQ3-26,24.35,24.15,24.35,24.35,24.35,396,,,nasdaq,
2025-06-16,ENOFUTBLQ3-27,22.38,21.50,23.25,,,29,,,nasdaq,
2025-06-16,ENOFUTBLQ4-26,44.80,44.60,44.80,44.80,44.80,549,,,nasdaq,
2025-06-16,ENOFUTBLQ4-27,44.90,44.65,45.15,45.20,45.20,57,,,nasdaq,
2025-06-16,ENOFUTBLYR-27,38.10,37.75,38.10,38.15,38.10,2002,,,nasdaq,
2025-06-16,ENOFUTBLYR-28,39.20,38.85,39.20,,,853,,,nasdaq,
2025-06-16,ENOFUTBLYR-29,40.63,40.25,41.00,,,203,,,nasdaq,
2025-06-16,ENOFUTBLYR-30,41.00,,,,,119,,,nasdaq,
2025-06-16,ENOFUTBLYR-31,40.85,,,,,40,,,nasdaq,
2025-06-16,ENOFUTBLYR-32,41.25,,,,,1,,,nasdaq,
2025-06-16,ENOFUTBLYR-33,41.75,,,,,1,,,nasdaq,
2025-06-16,ENOFUTBLYR-34,42.50,,,,,1,,,nasdaq,
2025-06-16,ENOFUTBLYR-35,42.85,,,,,,,,nasdaq,
2025-06-17,ENOFUTBLQ1-27,57.50,57.50,58.00,57.50,57.50,187,,,nasdaq,
2025-06-17,ENOFUTBLQ2-26,30.00,30.00,30.50,30.00,30.00,406,,,nasdaq,
2025-06-17,ENOFUTBLQ2-27,28.10,28.05,28.50,28.00,28.00,20,,,nasdaq,
2025-06-17,ENOFUTBLQ3-26,24.45,24.40,24.50,24.50,24.45,398,,,nasdaq,
2025-06-17,ENOFUTBLQ3-27,22.20,22.00,24.50,,,29,,,nasdaq,
2025-06-17,ENOFUTBLQ4-26,45.00,45.00,45.50,45.00,44.70,558,,,nasdaq,
2025-06-17,ENOFUTBLQ4-27,44.80,44.65,45.50,,,58,,,nasdaq,
2025-06-17,ENOFUTBLYR-27,38.10,38.10,38.35,38.10,38.10,2009,,,nasdaq,
2025-06-17,ENOFUTBLYR-28,39.10,,39.55,,,856,,,nasdaq,
2025-06-17,ENOFUTBLYR-29,40.75,,41.25,,,203,,,nasdaq,
2025-06-17,ENOFUTBLYR-30,41.00,,,,,119,,,nasdaq,
2025-06-17,ENOFUTBLYR-31,40.85,,,,,40,,,nasdaq,
2025-06-17,ENOFUTBLYR-32,41.25,,,,,1,,,nasdaq,
2025-06-17,ENOFUTBLYR-33,41.75,,,,,1,,,nasdaq,
2025-06-17,ENOFUTBLYR-34,42.50,,,,,1,,,nasdaq,
2025-06-17,ENOFUTBLYR-35,42.85,,,,,,,,nasdaq,
2025-06-18,ENOFUTBLQ1-27,57.30,57.25,57.50,,,192,,,nasdaq,
2025-06-18,ENOFUTBLQ2-26,29.60,27.50,29.75,29.60,29.60,410,,,nasdaq,
2025-06-18,ENOFUTBLQ2-27,28.10,27.65,28.30,,,20,,,nasdaq,
2025-06-18,ENOFUTBLQ3-26,24.15,22.50,24.35,24.15,24.15,398,,,nasdaq,
2025-06-18,ENOFUTBLQ3-27,22.00,21.40,22.10,,,29,,,nasdaq,
2025-06-18,ENOFUTBLQ4-26,44.80,44.50,45.00,44.80,44.80,558,,,nasdaq,
2025-06-18,ENOFUTBLQ4-27,44.65,42.90,45.25,,,58,,,nasdaq,
2025-06-18,ENOFUTBLYR-27,38.05,37.95,38.15,,,2018,,,nasdaq,
2025-06-18,ENOFUTBLYR-28,38.95,38.90,39.10,,,859,,,nasdaq,
2025-06-18,ENOFUTBLYR-29,40.65,40.00,41.00,,,204,,,nasdaq,
2025-06-18,ENOFUTBLYR-30,40.90,40.50,41.90,,,119,,,nasdaq,
2025-06-18,ENOFUTBLYR-31,40.75,,,,,40,,,nasdaq,
2025-06-18,ENOFUTBLYR-32,41.15,,,,,1,,,nasdaq,
2025-06-18,ENOFUTBLYR-33,41.65,,,,,1,,,nasdaq,
2025-06-18,ENOFUTBLYR-34,42.40,,,,,1,,,nasdaq,
2025-06-18,ENOFUTBLYR-35,42.75,,,,,,,,nasdaq,
2025-06-19,ENOFUTBLQ1-27,57.00,56.75,57.00,57.00,57.00,193,,,nasdaq,
2025-06-19,ENOFUTBLQ2-26,28.75,28.55,28.90,28.80,28.75,411,,,nasdaq,
2025-06-19,ENOFUTBLQ2-27,28.03,27.80,28.25,,,20,,,nasdaq,
2025-06-19,ENOFUTBLQ3-26,23.40,22.00,23.60,23.40,23.15,399,,,nasdaq,
2025-06-19,ENOFUTBLQ3-27,22.10,21.80,22.10,22.10,22.10,29,,,nasdaq,
2025-06-19,ENOFUTBLQ4-26,44.10,44.10,45.00,44.20,44.10,560,,,nasdaq,
2025-06-19,ENOFUTBLQ4-27,45.00,44.76,45.35,,,58,,,nasdaq,
2025-06-19,ENOFUTBLYR-27,37.95,37.77,38.00,37.95,37.80,2020,,,nasdaq,
2025-06-19,ENOFUTBLYR-28,38.95,38.80,39.50,38.85,38.75,873,,,nasdaq,
2025-06-19,ENOFUTBLYR-29,40.50,39.50,41.25,,,207,,,nasdaq,
2025-06-19,ENOFUTBLYR-30,40.90,39.12,,40.90,40.90,119,,,nasdaq,
2025-06-19,ENOFUTBLYR-31,40.75,,,,,40,,,nasdaq,
2025-06-19,ENOFUTBLYR-32,41.15,,,,,1,,,nasdaq,
2025-06-19,ENOFUTBLYR-33,41.65,,,,,1,,,nasdaq,
2025-06-19,ENOFUTBLYR-34,42.40,,,,,1,,,nasdaq,
2025-06-19,ENOFUTBLYR-35,42.75,,,,,,,,nasdaq,
2025-06-20,ENOFUTBLQ1-27,56.75,56.25,58.75,,,207,,,nasdaq,
2025-06-20,ENOFUTBLQ2-26,28.25,27.50,29.00,,,422,,,nasdaq,
2025-06-20,ENOFUTBLQ2-27,28.00,26.00,30.00,,,20,,,nasdaq,
2025-06-20,ENOFUTBLQ3-26,23.10,21.50,23.40,23.10,23.10,401,,,nasdaq,
2025-06-20,ENOFUTBLQ3-27,22.00,20.00,24.50,,,30,,,nasdaq,
2025-06-20,ENOFUTBLQ4-26,44.10,43.35,45.00,,,571,,,nasdaq,
2025-06-20,ENOFUTBLQ4-27,44.25,43.00,45.50,,,58,,,nasdaq,
2025-06-20,ENOFUTBLYR-27,37.65,37.55,37.75,,,2024,,,nasdaq,
2025-06-20,ENOFUTBLYR-28,38.80,38.70,39.00,,,877,,,nasdaq,
2025-06-20,ENOFUTBLYR-29,40.50,40.00,41.00,,,208,,,nasdaq,
2025-06-20,ENOFUTBLYR-30,40.90,40.50,41.40,,,123,,,nasdaq,
2025-06-20,ENOFUTBLYR-31,40.75,,,,,40,,,nasdaq,
2025-06-20,ENOFUTBLYR-32,41.15,,,,,1,,,nasdaq,
2025-06-20,ENOFUTBLYR-33,41.65,,,,,1,,,nasdaq,
2025-06-20,ENOFUTBLYR-34,42.40,,,,,1,,,nasdaq,
2025-06-20,ENOFUTBLYR-35,42.75,,,,,,,,nasdaq,
2025-06-23,ENOFUTBLQ1-27,56.95,56.80,57.50,,,207,,,nasdaq,
2025-06-23,ENOFUTBLQ2-26,28.40,27.75,29.00,,,422,,,nasdaq,
2025-06-23,ENOFUTBLQ2-27,28.00,27.95,29.75,,,20,,,nasdaq,
2025-06-23,ENOFUTBLQ3-26,22.50,22.00,24.00,,,402,,,nasdaq,
2025-06-23,ENOFUTBLQ3-27,21.70,20.75,22.65,,,30,,,nasdaq,
2025-06-23,ENOFUTBLQ4-26,44.05,43.85,44.25,,,571,,,nasdaq,
2025-06-23,ENOFUTBLQ4-27,44.90,44.90,45.25,44.95,44.90,58,,,nasdaq,
2025-06-23,ENOFUTBLYR-27,37.70,37.65,37.75,37.70,37.70,2028,,,nasdaq,
2025-06-23,ENOFUTBLYR-28,38.80,38.40,39.25,,,877,,,nasdaq,
2025-06-23,ENOFUTBLYR-29,40.50,39.90,41.00,,,208,,,nasdaq,
2025-06-23,ENOFUTBLYR-30,40.90,39.85,42.85,,,123,,,nasdaq,
2025-06-23,ENOFUTBLYR-31,40.75,,,,,40,,,nasdaq,
2025-06-23,ENOFUTBLYR-32,41.15,,,,,1,,,nasdaq,
2025-06-23,ENOFUTBLYR-33,41.65,,,,,1,,,nasdaq,
2025-06-23,ENOFUTBLYR-34,42.40,,,,,1,,,nasdaq,
2025-06-23,ENOFUTBLYR-35,42.75,,,,,,,,nasdaq,
2025-06-24,ENOFUTBLQ1-27,56.60,56.00,57.20,56.65,56.60,207,,,nasdaq,
2025-06-24,ENOFUTBLQ2-26,27.45,27.35,29.00,27.60,27.45,424,,,nasdaq,
2025-06-24,ENOFUTBLQ2-27,27.70,27.15,28.50,27.80,27.80,20,,,nasdaq,
2025-06-24,ENOFUTBLQ3-26,20.95,20.80,21.50,,,402,,,nasdaq,
2025-06-24,ENOFUTBLQ3-27,21.00,20.00,21.65,,,30,,,nasdaq,
2025-06-24,ENOFUTBLQ4-26,43.45,42.25,43.45,43.60,43.45,571,,,nasdaq,
2025-06-24,ENOFUTBLQ4-27,43.80,41.75,44.85,,,61,,,nasdaq,
2025-06-24,ENOFUTBLYR-27,37.25,37.20,37.40,37.50,37.25,2031,,,nasdaq,
2025-06-24,ENOFUTBLYR-28,38.55,38.35,38.75,38.55,38.55,877,,,nasdaq,
2025-06-24,ENOFUTBLYR-29,40.48,40.25,40.70,,,208,,,nasdaq,
2025-06-24,ENOFUTBLYR-30,41.00,40.25,41.25,,,123,,,nasdaq,
2025-06-24,ENOFUTBLYR-31,40.75,,,,,40,,,nasdaq,
2025-06-24,ENOFUTBLYR-32,41.15,,,,,1,,,nasdaq,
2025-06-24,ENOFUTBLYR-33,41.65,,,,,1,,,nasdaq,
2025-06-24,ENOFUTBLYR-34,42.40,,,,,1,,,nasdaq,
2025-06-24,ENOFUTBLYR-35,42.75,,,,,,,,nasdaq,
2025-06-25,ENOFUTBLQ1-27,56.70,56.00,58.80,56.80,56.70,209,,,nasdaq,
2025-06-25,ENOFUTBLQ2-26,27.75,27.30,28.00,,,430,,,nasdaq,
2025-06-25,ENOFUTBLQ2-27,27.60,27.00,28.00,27.60,27.60,30,,,nasdaq,
2025-06-25,ENOFUTBLQ3-26,20.80,20.65,20.95,21.15,21.15,402,,,nasdaq,
2025-06-25,ENOFUTBLQ3-27,20.75,19.50,22.00,,,30,,,nasdaq,
2025-06-25,ENOFUTBLQ4-26,43.50,42.75,44.00,43.50,43.50,584,,,nasdaq,
2025-06-25,ENOFUTBLQ4-27,44.50,43.90,44.75,44.50,44.50,61,,,nasdaq,
2025-06-25,ENOFUTBLYR-27,37.20,37.10,37.30,37.50,37.50,2047,,,nasdaq,
2025-06-25,ENOFUTBLYR-28,38.50,38.25,40.15,,,885,,,nasdaq,
2025-06-25,ENOFUTBLYR-29,40.50,40.40,40.60,,,208,,,nasdaq,
2025-06-25,ENOFUTBLYR-30,41.00,40.05,43.05,,,124,,,nasdaq,
2025-06-25,ENOFUTBLYR-31,40.75,,,,,40,,,nasdaq,
2025-06-25,ENOFUTBLYR-32,41.15,,,,,1,,,nasdaq,
2025-06-25,ENOFUTBLYR-33,41.65,,,,,1,,,nasdaq,
2025-06-25,ENOFUTBLYR-34,42.40,,,,,1,,,nasdaq,
2025-06-25,ENOFUTBLYR-35,42.75,,,,,,,,nasdaq,
2025-06-26,ENOFUTBLQ1-27,56.30,56.00,57.20,56.30,56.30,213,,,nasdaq,
2025-06-26,ENOFUTBLQ2-26,26.75,26.15,27.50,27.25,26.75,431,,,nasdaq,
2025-06-26,ENOFUTBLQ2-27,26.75,26.10,27.50,,,31,,,nasdaq,
2025-06-26,ENOFUTBLQ3-26,20.40,20.00,20.35,,,402,,,nasdaq,
2025-06-26,ENOFUTBLQ3-27,20.30,19.75,21.00,,,30,,,nasdaq,
2025-06-26,ENOFUTBLQ4-26,42.65,42.50,43.00,43.00,42.65,588,,,nasdaq,
2025-06-26,ENOFUTBLQ4-27,44.35,43.50,44.60,44.40,44.35,63,,,nasdaq,
2025-06-26,ENOFUTBLYR-27,36.90,36.70,37.00,,,2056,,,nasdaq,
2025-06-26,ENOFUTBLYR-28,38.25,38.20,39.25,38.25,38.25,892,,,nasdaq,
2025-06-26,ENOFUTBLYR-29,40.15,39.50,40.25,,,208,,,nasdaq,
2025-06-26,ENOFUTBLYR-30,40.75,39.95,42.95,,,124,,,nasdaq,
2025-06-26,ENOFUTBLYR-31,40.60,,,,,40,,,nasdaq,
2025-06-26,ENOFUTBLYR-32,41.00,,,,,1,,,nasdaq,
2025-06-26,ENOFUTBLYR-33,41.55,,,,,1,,,nasdaq,
2025-06-26,ENOFUTBLYR-34,42.35,,,,,1,,,nasdaq,
2025-06-26,ENOFUTBLYR-35,42.70,,,,,,,,nasdaq,
2025-06-27,ENOFUTBLQ1-27,56.30,55.50,58.00,,,217,,,nasdaq,
2025-06-27,ENOFUTBLQ2-26,26.30,26.10,26.40,26.50,26.10,435,,,nasdaq,
2025-06-27,ENOFUTBLQ2-27,26.15,25.50,26.80,,,31,,,nasdaq,
2025-06-27,ENOFUTBLQ3-26,20.00,18.95,20.25,20.00,20.00,412,,,nasdaq,
2025-06-27,ENOFUTBLQ3-27,20.33,19.90,20.75,,,30,,,nasdaq,
2025-06-27,ENOFUTBLQ4-26,42.40,42.25,42.55,42.50,42.25,596,,,nasdaq,
2025-06-27,ENOFUTBLQ4-27,44.43,44.25,44.60,,,67,,,nasdaq,
2025-06-27,ENOFUTBLYR-27,36.70,36.60,36.80,,,2068,,,nasdaq,
2025-06-27,ENOFUTBLYR-28,38.10,37.75,38.20,,,901,,,nasdaq,
2025-06-27,ENOFUTBLYR-29,40.15,39.20,40.20,,,208,,,nasdaq,
2025-06-27,ENOFUTBLYR-30,40.75,39.75,42.60,,,124,,,nasdaq,
2025-06-27,ENOFUTBLYR-31,40.60,,,,,40,,,nasdaq,
2025-06-27,ENOFUTBLYR-32,41.00,,,,,1,,,nasdaq,
2025-06-27,ENOFUTBLYR-33,41.55,,,,,1,,,nasdaq,
2025-06-27,ENOFUTBLYR-34,42.35,,,,,1,,,nasdaq,
2025-06-27,ENOFUTBLYR-35,42.70,,,,,,,,nasdaq,
2025-06-30,ENOFUTBLQ1-27,56.25,55.50,57.00,57.40,57.40,217,,,nasdaq,
2025-06-30,ENOFUTBLQ2-26,25.75,25.25,26.00,25.75,25.75,433,,,nasdaq,
2025-06-30,ENOFUTBLQ2-27,25.75,25.00,26.50,,,31,,,nasdaq,
2025-06-30,ENOFUTBLQ3-26,19.60,19.35,19.60,20.20,19.60,413,,,nasdaq,
2025-06-30,ENOFUTBLQ3-27,20.00,19.45,21.25,,,30,,,nasdaq,
2025-06-30,ENOFUTBLQ4-26,42.00,41.50,42.50,42.10,42.00,600,,,nasdaq,
2025-06-30,ENOFUTBLQ4-27,44.10,43.95,44.25,,,67,,,nasdaq,
2025-06-30,ENOFUTBLYR-27,36.50,36.60,36.65,36.50,36.50,2082,,,nasdaq,
2025-06-30,ENOFUTBLYR-28,37.75,37.70,38.35,37.85,37.85,904,,,nasdaq,
2025-06-30,ENOFUTBLYR-29,40.00,39.15,40.10,40.50,40.50,208,,,nasdaq,
2025-06-30,ENOFUTBLYR-30,40.65,40.00,41.00,,,124,,,nasdaq,
2025-06-30,ENOFUTBLYR-31,40.60,,,,,40,,,nasdaq,
2025-06-30,ENOFUTBLYR-32,41.00,,,,,1,,,nasdaq,
2025-06-30,ENOFUTBLYR-33,41.55,,,,,1,,,nasdaq,
2025-06-30,ENOFUTBLYR-34,42.35,,,,,1,,,nasdaq,
2025-06-30,ENOFUTBLYR-35,42.70,,,,,,,,nasdaq,
2025-07-01,ENOFUTBLQ1-27,56.20,55.00,57.25,,,218,,,nasdaq,
2025-07-01,ENOFUTBLQ2-26,25.60,25.35,25.60,25.60,25.35,437,,,nasdaq,
2025-07-01,ENOFUTBLQ2-27,26.00,25.00,27.00,,,31,,,nasdaq,
2025-07-01,ENOFUTBLQ3-26,19.41,19.41,19.50,19.65,19.25,418,,,nasdaq,
2025-07-01,ENOFUTBLQ3-27,20.25,19.30,20.50,,,30,,,nasdaq,
2025-07-01,ENOFUTBLQ4-26,41.65,41.55,41.80,41.70,41.65,603,,,nasdaq,
2025-07-01,ENOFUTBLQ4-27,44.25,42.25,44.50,,,67,,,nasdaq,
2025-07-01,ENOFUTBLYR-27,36.60,36.20,36.65,36.70,36.60,2087,,,nasdaq,
2025-07-01,ENOFUTBLYR-28,37.90,37.75,37.90,,,905,,,nasdaq,
2025-07-01,ENOFUTBLYR-29,40.00,39.50,40.15,,,210,,,nasdaq,
2025-07-01,ENOFUTBLYR-30,40.65,39.60,42.70,,,124,,,nasdaq,
2025-07-01,ENOFUTBLYR-31,40.60,,,,,40,,,nasdaq,
2025-07-01,ENOFUTBLYR-32,41.00,,,,,1,,,nasdaq,
2025-07-01,ENOFUTBLYR-33,41.55,,,,,1,,,nasdaq,
2025-07-01,ENOFUTBLYR-34,42.35,,,,,1,,,nasdaq,
2025-07-01,ENOFUTBLYR-35,42.70,,,,,,,,nasdaq,
2025-07-02,ENOFUTBLQ1-27,56.30,55.20,57.00,56.25,56.25,218,,,nasdaq,
2025-07-02,ENOFUTBLQ2-26,25.25,25.25,25.50,26.00,25.10,442,,,nasdaq,
2025-07-02,ENOFUTBLQ2-27,26.25,24.75,27.00,26.25,26.25,31,,,nasdaq,
2025-07-02,ENOFUTBLQ3-26,19.50,19.30,19.75,19.80,19.40,426,,,nasdaq,
2025-07-02,ENOFUTBLQ3-27,19.90,19.50,20.30,,,30,,,nasdaq,
2025-07-02,ENOFUTBLQ4-26,41.60,41.40,42.00,41.75,41.50,606,,,nasdaq,
2025-07-02,ENOFUTBLQ4-27,43.90,43.25,44.35,,,67,,,nasdaq,
2025-07-02,ENOFUTBLYR-27,36.50,36.40,36.50,36.50,36.50,2089,,,nasdaq,
2025-07-02,ENOFUTBLYR-28,37.95,37.90,38.50,,,907,,,nasdaq,
2025-07-02,ENOFUTBLYR-29,40.05,39.60,40.50,,,210,,,nasdaq,
2025-07-02,ENOFUTBLYR-30,40.65,39.85,41.75,,,124,,,nasdaq,
2025-07-02,ENOFUTBLYR-31,40.60,,,,,40,,,nasdaq,
2025-07-02,ENOFUTBLYR-32,41.00,,,,,1,,,nasdaq,
2025-07-02,ENOFUTBLYR-33,41.55,,,,,1,,,nasdaq,
2025-07-02,ENOFUTBLYR-34,42.35,,,,,1,,,nasdaq,
2025-07-02,ENOFUTBLYR-35,42.70,,,,,,,,nasdaq,
2025-07-03,ENOFUTBLQ1-27,56.30,55.50,57.50,,,219,,,nasdaq,
2025-07-03,ENOFUTBLQ2-26,25.05,24.85,25.30,25.25,25.00,450,,,nasdaq,
2025-07-03,ENOFUTBLQ2-27,26.25,25.25,26.50,,,31,,,nasdaq,
2025-07-03,ENOFUTBLQ3-26,19.45,19.21,19.45,19.50,19.15,431,,,nasdaq,
2025-07-03,ENOFUTBLQ3-27,19.90,19.25,20.50,,,30,,,nasdaq,
2025-07-03,ENOFUTBLQ4-26,41.50,41.40,41.75,41.50,41.35,611,,,nasdaq,
2025-07-03,ENOFUTBLQ4-27,44.00,43.50,44.50,,,67,,,nasdaq,
2025-07-03,ENOFUTBLYR-27,36.50,36.50,36.70,36.50,36.40,2090,,,nasdaq,
2025-07-03,ENOFUTBLYR-28,38.05,37.90,38.50,,,905,,,nasdaq,
2025-07-03,ENOFUTBLYR-29,40.00,39.50,40.50,,,210,,,nasdaq,
2025-07-03,ENOFUTBLYR-30,40.65,,,,,124,,,nasdaq,
2025-07-03,ENOFUTBLYR-31,40.60,,,,,40,,,nasdaq,
2025-07-03,ENOFUTBLYR-32,41.00,,,,,1,,,nasdaq,
2025-07-03,ENOFUTBLYR-33,41.55,,,,,1,,,nasdaq,
2025-07-03,ENOFUTBLYR-34,42.35,,,,,1,,,nasdaq,
2025-07-03,ENOFUTBLYR-35,42.70,,,,,,,,nasdaq,
2025-07-04,ENOFUTBLQ1-27,56.30,56.00,58.00,,,219,,,nasdaq,
2025-07-04,ENOFUTBLQ2-26,25.38,25.10,25.65,,,456,,,nasdaq,
2025-07-04,ENOFUTBLQ2-27,26.75,26.00,27.50,,,31,,,nasdaq,
2025-07-04,ENOFUTBLQ3-26,19.63,19.55,19.70,19.50,19.50,435,,,nasdaq,
2025-07-04,ENOFUTBLQ3-27,19.58,19.25,19.90,,,30,,,nasdaq,
2025-07-04,ENOFUTBLQ4-26,41.90,41.55,42.25,,,617,,,nasdaq,
2025-07-04,ENOFUTBLQ4-27,44.43,44.10,44.75,,,67,,,nasdaq,
2025-07-04,ENOFUTBLYR-27,36.65,36.55,36.75,36.65,36.50,2093,,,nasdaq,
2025-07-04,ENOFUTBLYR-28,38.20,38.10,38.30,,,906,,,nasdaq,
2025-07-04,ENOFUTBLYR-29,40.20,39.90,40.25,,,210,,,nasdaq,
2025-07-04,ENOFUTBLYR-30,40.50,40.00,41.00,,,124,,,nasdaq,
2025-07-04,ENOFUTBLYR-31,40.60,,,,,40,,,nasdaq,
2025-07-04,ENOFUTBLYR-32,41.00,,,,,1,,,nasdaq,
2025-07-04,ENOFUTBLYR-33,41.55,,,,,1,,,nasdaq,
2025-07-04,ENOFUTBLYR-34,42.35,,,,,1,,,nasdaq,
2025-07-04,ENOFUTBLYR-35,42.70,,,,,,,,nasdaq,
2025-07-07,ENOFUTBLQ1-27,56.30,56.00,58.50,,,222,,,nasdaq,
2025-07-07,ENOFUTBLQ2-26,26.25,25.75,29.65,,,456,,,nasdaq,
2025-07-07,ENOFUTBLQ2-27,26.75,24.70,28.00,,,31,,,nasdaq,
2025-07-07,ENOFUTBLQ3-26,20.75,20.10,21.25,20.75,20.00,435,,,nasdaq,
2025-07-07,ENOFUTBLQ3-27,19.83,19.50,20.15,,,30,,,nasdaq,
2025-07-07,ENOFUTBLQ4-26,42.55,42.10,43.00,,,617,,,nasdaq,
2025-07-07,ENOFUTBLQ4-27,44.50,44.00,45.00,,,67,,,nasdaq,
2025-07-07,ENOFUTBLYR-27,36.81,36.81,37.00,36.81,36.81,2098,,,nasdaq,
2025-07-07,ENOFUTBLYR-28,38.18,37.75,38.60,,,912,,,nasdaq,
2025-07-07,ENOFUTBLYR-29,40.15,39.70,40.60,,,212,,,nasdaq,
2025-07-07,ENOFUTBLYR-30,40.55,39.90,41.20,,,124,,,nasdaq,
2025-07-07,ENOFUTBLYR-31,40.60,,,,,40,,,nasdaq,
2025-07-07,ENOFUTBLYR-32,41.00,,,,,1,,,nasdaq,
2025-07-07,ENOFUTBLYR-33,41.55,,,,,1,,,nasdaq,
2025-07-07,ENOFUTBLYR-34,42.35,,,,,1,,,nasdaq,
2025-07-07,ENOFUTBLYR-35,42.70,,,,,,,,nasdaq,
2025-07-08,ENOFUTBLQ1-27,57.40,56.75,58.00,,,222,,,nasdaq,
2025-07-08,ENOFUTBLQ2-26,27.05,27.10,28.00,27.20,27.05,457,,,nasdaq,
2025-07-08,ENOFUTBLQ2-27,28.00,27.00,28.75,,,31,,,nasdaq,
2025-07-08,ENOFUTBLQ3-26,21.85,21.55,21.95,21.90,21.00,437,,,nasdaq,
2025-07-08,ENOFUTBLQ3-27,20.10,20.00,24.25,,,30,,,nasdaq,
2025-07-08,ENOFUTBLQ4-26,43.25,43.00,44.50,43.25,43.25,617,,,nasdaq,
2025-07-08,ENOFUTBLQ4-27,44.40,44.10,45.75,,,67,,,nasdaq,
2025-07-08,ENOFUTBLYR-27,37.45,37.25,37.65,,,2091,,,nasdaq,
2025-07-08,ENOFUTBLYR-28,38.65,38.50,39.00,,,912,,,nasdaq,
2025-07-08,ENOFUTBLYR-29,40.35,40.00,40.70,,,212,,,nasdaq,
2025-07-08,ENOFUTBLYR-30,40.68,40.20,41.15,,,124,,,nasdaq,
2025-07-08,ENOFUTBLYR-31,40.60,,,,,40,,,nasdaq,
2025-07-08,ENOFUTBLYR-32,41.00,,,,,1,,,nasdaq,
2025-07-08,ENOFUTBLYR-33,41.55,,,,,1,,,nasdaq,
2025-07-08,ENOFUTBLYR-34,42.35,,,,,1,,,nasdaq,
2025-07-08,ENOFUTBLYR-35,42.70,,,,,,,,nasdaq,
2025-07-09,ENOFUTBLQ1-27,57.30,56.70,59.50,,,222,,,nasdaq,
2025-07-09,ENOFUTBLQ2-26,27.00,26.50,27.00,27.10,27.00,462,,,nasdaq,
2025-07-09,ENOFUTBLQ2-27,27.75,27.25,28.25,,,31,,,nasdaq,
2025-07-09,ENOFUTBLQ3-26,21.30,21.05,21.50,,,439,,,nasdaq,
2025-07-09,ENOFUTBLQ3-27,20.10,20.00,22.50,,,32,,,nasdaq,
2025-07-09,ENOFUTBLQ4-26,43.15,42.80,43.50,,,618,,,nasdaq,
2025-07-09,ENOFUTBLQ4-27,44.40,43.00,45.90,,,67,,,nasdaq,
2025-07-09,ENOFUTBLYR-27,37.30,37.15,37.50,,,2092,,,nasdaq,
2025-07-09,ENOFUTBLYR-28,38.60,38.45,39.00,,,913,,,nasdaq,
2025-07-09,ENOFUTBLYR-29,40.30,39.62,40.90,,,212,,,nasdaq,
2025-07-09,ENOFUTBLYR-30,40.68,40.12,41.35,,,124,,,nasdaq,
2025-07-09,ENOFUTBLYR-31,40.60,,,,,40,,,nasdaq,
2025-07-09,ENOFUTBLYR-32,41.00,,,,,1,,,nasdaq,
2025-07-09,ENOFUTBLYR-33,41.55,,,,,1,,,nasdaq,
2025-07-09,ENOFUTBLYR-34,42.35,,,,,1,,,nasdaq,
2025-07-09,ENOFUTBLYR-35,42.70,,,,,,,,nasdaq,
2025-07-10,ENOFUTBLQ1-27,57.30,57.00,58.40,58.50,58.50,222,,,nasdaq,
2025-07-10,ENOFUTBLQ2-26,26.25,26.00,28.00,,,463,,,nasdaq,
2025-07-10,ENOFUTBLQ2-27,27.80,27.20,28.40,28.50,28.50,31,,,nasdaq,
2025-07-10,ENOFUTBLQ3-26,21.15,19.25,21.30,21.00,21.00,439,,,nasdaq,
2025-07-10,ENOFUTBLQ3-27,20.03,19.95,20.10,19.90,19.90,32,,,nasdaq,
2025-07-10,ENOFUTBLQ4-26,42.75,42.25,45.50,43.00,42.75,618,,,nasdaq,
2025-07-10,ENOFUTBLQ4-27,44.75,43.45,45.30,44.75,44.75,67,,,nasdaq,
2025-07-10,ENOFUTBLYR-27,37.40,37.25,37.60,37.40,37.40,2094,,,nasdaq,
2025-07-10,ENOFUTBLYR-28,38.85,38.50,39.00,38.85,38.85,918,,,nasdaq,
2025-07-10,ENOFUTBLYR-29,40.08,39.75,40.40,,,212,,,nasdaq,
2025-07-10,ENOFUTBLYR-30,40.56,40.12,41.00,,,124,,,nasdaq,
2025-07-10,ENOFUTBLYR-31,40.60,,,,,40,,,nasdaq,
2025-07-10,ENOFUTBLYR-32,41.00,,,,,1,,,nasdaq,
2025-07-10,ENOFUTBLYR-33,41.55,,,,,1,,,nasdaq,
2025-07-10,ENOFUTBLYR-34,42.35,,,,,1,,,nasdaq,
2025-07-10,ENOFUTBLYR-35,42.70,,,,,,,,nasdaq,
2025-07-11,ENOFUTBLQ1-27,57.30,57.10,59.00,,,223,,,nasdaq,
2025-07-11,ENOFUTBLQ2-26,26.30,26.25,30.00,,,463,,,nasdaq,
2025-07-11,ENOFUTBLQ2-27,27.80,27.20,29.50,,,32,,,nasdaq,
2025-07-11,ENOFUTBLQ3-26,21.25,21.00,21.50,,,438,,,nasdaq,
2025-07-11,ENOFUTBLQ3-27,20.03,19.50,20.50,,,33,,,nasdaq,
2025-07-11,ENOFUTBLQ4-26,42.75,42.50,46.00,,,620,,,nasdaq,
2025-07-11,ENOFUTBLQ4-27,44.75,42.50,45.50,,,68,,,nasdaq,
2025-07-11,ENOFUTBLYR-27,37.40,36.50,37.50,,,2104,,,nasdaq,
2025-07-11,ENOFUTBLYR-28,38.85,38.50,39.25,,,919,,,nasdaq,
2025-07-11,ENOFUTBLYR-29,40.30,40.10,40.50,,,212,,,nasdaq,
2025-07-11,ENOFUTBLYR-30,40.40,39.70,40.85,,,124,,,nasdaq,
2025-07-11,ENOFUTBLYR-31,40.60,,,,,40,,,nasdaq,
2025-07-11,ENOFUTBLYR-32,41.00,,,,,1,,,nasdaq,
2025-07-11,ENOFUTBLYR-33,41.55,,,,,1,,,nasdaq,
2025-07-11,ENOFUTBLYR-34,42.35,,,,,1,,,nasdaq,
2025-07-11,ENOFUTBLYR-35,42.70,,,,,,,,nasdaq,
2025-07-14,ENOFUTBLQ1-27,57.30,,,,,223,,,nasdaq,
2025-07-14,ENOFUTBLQ2-26,26.45,26.00,30.00,,,463,,,nasdaq,
2025-07-14,ENOFUTBLQ2-27,27.80,,,,,32,,,nasdaq,
2025-07-14,ENOFUTBLQ3-26,21.50,21.25,21.75,,,438,,,nasdaq,
2025-07-14,ENOFUTBLQ3-27,20.03,,,,,33,,,nasdaq,
2025-07-14,ENOFUTBLQ4-26,42.90,42.00,45.75,,,620,,,nasdaq,
2025-07-14,ENOFUTBLQ4-27,44.75,42.20,45.50,,,68,,,nasdaq,
2025-07-14,ENOFUTBLYR-27,37.40,36.75,37.45,37.40,37.40,2104,,,nasdaq,
2025-07-14,ENOFUTBLYR-28,39.00,38.70,39.25,,,919,,,nasdaq,
2025-07-14,ENOFUTBLYR-29,40.11,39.62,40.60,,,212,,,nasdaq,
2025-07-14,ENOFUTBLYR-30,40.56,40.12,41.00,,,124,,,nasdaq,
2025-07-14,ENOFUTBLYR-31,40.60,,,,,40,,,nasdaq,
2025-07-14,ENOFUTBLYR-32,41.00,,,,,1,,,nasdaq,
2025-07-14,ENOFUTBLYR-33,41.55,,,,,1,,,nasdaq,
2025-07-14,ENOFUTBLYR-34,42.35,,,,,1,,,nasdaq,
2025-07-14,ENOFUTBLYR-35,42.70,,,,,,,,nasdaq,
2025-07-15,ENOFUTBLQ1-27,57.25,56.90,58.25,,,223,,,nasdaq,
2025-07-15,ENOFUTBLQ2-26,25.50,25.30,26.50,,,463,,,nasdaq,
2025-07-15,ENOFUTBLQ2-27,27.70,27.50,28.25,,,32,,,nasdaq,
2025-07-15,ENOFUTBLQ3-26,21.00,20.75,21.00,21.00,21.00,438,,,nasdaq,
2025-07-15,ENOFUTBLQ3-27,19.75,19.50,20.50,,,33,,,nasdaq,
2025-07-15,ENOFUTBLQ4-26,42.50,42.00,42.90,42.55,42.50,620,,,nasdaq,
2025-07-15,ENOFUTBLQ4-27,44.75,44.50,45.25,,,68,,,nasdaq,
2025-07-15,ENOFUTBLYR-27,37.10,37.00,37.25,37.10,37.10,2106,,,nasdaq,
2025-07-15,ENOFUTBLYR-28,38.70,38.00,38.70,38.70,38.70,924,,,nasdaq,
2025-07-15,ENOFUTBLYR-29,40.00,39.62,40.15,,,212,,,nasdaq,
2025-07-15,ENOFUTBLYR-30,40.46,40.12,,,,124,,,nasdaq,
2025-07-15,ENOFUTBLYR-31,40.50,,,,,40,,,nasdaq,
2025-07-15,ENOFUTBLYR-32,40.90,,,,,1,,,nasdaq,
2025-07-15,ENOFUTBLYR-33,41.45,,,,,1,,,nasdaq,
2025-07-15,ENOFUTBLYR-34,42.25,,,,,1,,,nasdaq,
2025-07-15,ENOFUTBLYR-35,42.60,,,,,,,,nasdaq,
2025-07-16,ENOFUTBLQ1-27,57.00,55.00,60.00,,,228,,,nasdaq,
2025-07-16,ENOFUTBLQ2-26,26.00,25.55,26.50,,,463,,,nasdaq,
2025-07-16,ENOFUTBLQ2-27,27.25,23.66,28.50,,,32,,,nasdaq,
2025-07-16,ENOFUTBLQ3-26,20.50,17.75,21.00,21.00,21.00,440,,,nasdaq,
2025-07-16,ENOFUTBLQ3-27,19.75,19.66,21.00,,,33,,,nasdaq,
2025-07-16,ENOFUTBLQ4-26,42.50,42.30,42.70,,,628,,,nasdaq,
2025-07-16,ENOFUTBLQ4-27,44.50,43.50,45.50,,,68,,,nasdaq,
2025-07-16,ENOFUTBLYR-27,37.10,37.10,37.40,37.10,37.10,2107,,,nasdaq,
2025-07-16,ENOFUTBLYR-28,38.70,38.55,38.90,38.70,38.70,927,,,nasdaq,
2025-07-16,ENOFUTBLYR-29,40.00,39.62,40.00,,,212,,,nasdaq,
2025-07-16,ENOFUTBLYR-30,40.46,40.12,,,,124,,,nasdaq,
2025-07-16,ENOFUTBLYR-31,40.50,,,,,40,,,nasdaq,
2025-07-16,ENOFUTBLYR-32,40.90,,,,,1,,,nasdaq,
2025-07-16,ENOFUTBLYR-33,41.45,,,,,1,,,nasdaq,
2025-07-16,ENOFUTBLYR-34,42.25,,,,,1,,,nasdaq,
2025-07-16,ENOFUTBLYR-35,42.60,,,,,,,,nasdaq,
2025-07-17,ENOFUTBLQ1-27,57.15,57.00,,,,228,,,nasdaq,
2025-07-17,ENOFUTBLQ2-26,26.00,25.00,29.25,,,463,,,nasdaq,
2025-07-17,ENOFUTBLQ2-27,27.25,26.90,29.50,,,32,,,nasdaq,
2025-07-17,ENOFUTBLQ3-26,20.00,,24.25,,,442,,,nasdaq,
2025-07-17,ENOFUTBLQ3-27,19.35,18.60,20.10,,,33,,,nasdaq,
2025-07-17,ENOFUTBLQ4-26,42.00,41.50,,,,628,,,nasdaq,
2025-07-17,ENOFUTBLQ4-27,44.65,44.50,,,,68,,,nasdaq,
2025-07-17,ENOFUTBLYR-27,36.95,36.90,37.00,,,2109,,,nasdaq,
2025-07-17,ENOFUTBLYR-28,38.55,37.50,38.85,,,927,,,nasdaq,
2025-07-17,ENOFUTBLYR-29,39.85,39.70,40.00,,,216,,,nasdaq,
2025-07-17,ENOFUTBLYR-30,40.46,40.12,,,,124,,,nasdaq,
2025-07-17,ENOFUTBLYR-31,40.50,,,,,40,,,nasdaq,
2025-07-17,ENOFUTBLYR-32,40.90,,,,,1,,,nasdaq,
2025-07-17,ENOFUTBLYR-33,41.45,,,,,1,,,nasdaq,
2025-07-17,ENOFUTBLYR-34,42.25,,,,,1,,,nasdaq,
2025-07-17,ENOFUTBLYR-35,42.60,,,,,,,,nasdaq,
2025-07-18,ENOFUTBLQ1-27,57.40,57.35,58.00,57.40,57.40,228,,,nasdaq,
2025-07-18,ENOFUTBLQ2-26,26.00,25.25,27.00,,,463,,,nasdaq,
2025-07-18,ENOFUTBLQ2-27,27.25,,,,,32,,,nasdaq,
2025-07-18,ENOFUTBLQ3-26,20.05,20.00,21.00,,,442,,,nasdaq,
2025-07-18,ENOFUTBLQ3-27,19.78,19.55,20.00,,,33,,,nasdaq,
2025-07-18,ENOFUTBLQ4-26,42.00,41.50,45.50,,,628,,,nasdaq,
2025-07-18,ENOFUTBLQ4-27,44.98,44.75,45.20,,,68,,,nasdaq,
2025-07-18,ENOFUTBLYR-27,37.20,36.75,37.25,,,2113,,,nasdaq,
2025-07-18,ENOFUTBLYR-28,38.70,38.30,,,,927,,,nasdaq,
2025-07-18,ENOFUTBLYR-29,40.00,,,,,216,,,nasdaq,
2025-07-18,ENOFUTBLYR-30,40.56,40.12,,,,124,,,nasdaq,
2025-07-18,ENOFUTBLYR-31,40.60,,,,,40,,,nasdaq,
2025-07-18,ENOFUTBLYR-32,41.00,,,,,1,,,nasdaq,
2025-07-18,ENOFUTBLYR-33,41.55,,,,,1,,,nasdaq,
2025-07-18,ENOFUTBLYR-34,42.35,,,,,1,,,nasdaq,
2025-07-18,ENOFUTBLYR-35,42.70,,,,,,,,nasdaq,
2025-07-21,ENOFUTBLQ1-27,57.65,,,,,232,,,nasdaq,
2025-07-21,ENOFUTBLQ2-26,27.10,26.20,28.45,,,463,,,nasdaq,
2025-07-21,ENOFUTBLQ2-27,27.50,,,,,32,,,nasdaq,
2025-07-21,ENOFUTBLQ3-26,21.15,20.50,24.00,,,442,,,nasdaq,
2025-07-21,ENOFUTBLQ3-27,20.03,,,,,33,,,nasdaq,
2025-07-21,ENOFUTBLQ4-26,43.10,42.00,,,,628,,,nasdaq,
2025-07-21,ENOFUTBLQ4-27,45.23,,,,,68,,,nasdaq,
2025-07-21,ENOFUTBLYR-27,37.55,36.55,37.95,37.60,37.55,2132,,,nasdaq,
2025-07-21,ENOFUTBLYR-28,38.95,37.50,39.90,,,933,,,nasdaq,
2025-07-21,ENOFUTBLYR-29,40.00,39.12,40.20,,,216,,,nasdaq,
2025-07-21,ENOFUTBLYR-30,40.56,40.12,,,,124,,,nasdaq,
2025-07-21,ENOFUTBLYR-31,40.60,,,,,40,,,nasdaq,
2025-07-21,ENOFUTBLYR-32,41.00,,,,,1,,,nasdaq,
2025-07-21,ENOFUTBLYR-33,41.55,,,,,1,,,nasdaq,
2025-07-21,ENOFUTBLYR-34,42.35,,,,,1,,,nasdaq,
2025-07-21,ENOFUTBLYR-35,42.70,,,,,,,,nasdaq,
2025-07-22,ENOFUTBLQ1-27,57.53,,,,,232,,,nasdaq,
2025-07-22,ENOFUTBLQ2-26,27.50,26.75,27.50,27.50,26.95,463,,,nasdaq,
2025-07-22,ENOFUTBLQ2-27,27.38,,,,,32,,,nasdaq,
2025-07-22,ENOFUTBLQ3-26,21.48,21.40,24.00,,,442,,,nasdaq,
2025-07-22,ENOFUTBLQ3-27,19.91,,,,,33,,,nasdaq,
2025-07-22,ENOFUTBLQ4-26,43.10,38.95,44.50,,,628,,,nasdaq,
2025-07-22,ENOFUTBLQ4-27,45.11,,,,,68,,,nasdaq,
2025-07-22,ENOFUTBLYR-27,37.43,37.10,37.75,,,2133,,,nasdaq,
2025-07-22,ENOFUTBLYR-28,39.00,37.50,,,,935,,,nasdaq,
2025-07-22,ENOFUTBLYR-29,40.00,39.12,,,,216,,,nasdaq,
2025-07-22,ENOFUTBLYR-30,40.56,40.12,,,,124,,,nasdaq,
2025-07-22,ENOFUTBLYR-31,40.60,,,,,40,,,nasdaq,
2025-07-22,ENOFUTBLYR-32,41.00,,,,,1,,,nasdaq,
2025-07-22,ENOFUTBLYR-33,41.55,,,,,1,,,nasdaq,
2025-07-22,ENOFUTBLYR-34,42.35,,,,,1,,,nasdaq,
2025-07-22,ENOFUTBLYR-35,42.70,,,,,,,,nasdaq,
2025-07-23,ENOFUTBLQ1-27,57.50,,,,,232,,,nasdaq,
2025-07-23,ENOFUTBLQ2-26,27.60,26.90,29.00,,,467,,,nasdaq,
2025-07-23,ENOFUTBLQ2-27,27.35,,,,,32,,,nasdaq,
2025-07-23,ENOFUTBLQ3-26,21.80,21.50,24.00,,,442,,,nasdaq,
2025-07-23,ENOFUTBLQ3-27,19.88,,,,,33,,,nasdaq,
2025-07-23,ENOFUTBLQ4-26,43.10,,45.90,,,628,,,nasdaq,
2025-07-23,ENOFUTBLQ4-27,45.08,,,,,68,,,nasdaq,
2025-07-23,ENOFUTBLYR-27,37.40,37.25,37.50,37.50,37.40,2133,,,nasdaq,
2025-07-23,ENOFUTBLYR-28,39.00,38.00,39.00,,,938,,,nasdaq,
2025-07-23,ENOFUTBLYR-29,40.00,39.12,41.25,,,216,,,nasdaq,
2025-07-23,ENOFUTBLYR-30,40.56,40.12,,,,124,,,nasdaq,
2025-07-23,ENOFUTBLYR-31,40.60,,,,,40,,,nasdaq,
2025-07-23,ENOFUTBLYR-32,41.00,,,,,1,,,nasdaq,
2025-07-23,ENOFUTBLYR-33,41.55,,,,,1,,,nasdaq,
2025-07-23,ENOFUTBLYR-34,42.35,,,,,1,,,nasdaq,
2025-07-23,ENOFUTBLYR-35,42.70,,,,,,,,nasdaq,
2025-07-24,ENOFUTBLQ1-27,57.70,,,,,232,,,nasdaq,
2025-07-24,ENOFUTBLQ2-26,27.70,27.60,28.30,,,467,,,nasdaq,
2025-07-24,ENOFUTBLQ2-27,27.55,,,,,32,,,nasdaq,
2025-07-24,ENOFUTBLQ3-26,22.25,22.15,22.75,,,442,,,nasdaq,
2025-07-24,ENOFUTBLQ3-27,20.15,,,,,33,,,nasdaq,
2025-07-24,ENOFUTBLQ4-26,43.40,43.30,44.50,,,628,,,nasdaq,
2025-07-24,ENOFUTBLQ4-27,45.35,,,,,68,,,nasdaq,
2025-07-24,ENOFUTBLYR-27,37.60,37.40,37.80,37.60,37.60,2135,,,nasdaq,
2025-07-24,ENOFUTBLYR-28,39.00,38.00,40.00,,,938,,,nasdaq,
2025-07-24,ENOFUTBLYR-29,40.00,39.12,42.20,,,216,,,nasdaq,
2025-07-24,ENOFUTBLYR-30,40.56,40.12,,,,124,,,nasdaq,
2025-07-24,ENOFUTBLYR-31,40.60,,,,,40,,,nasdaq,
2025-07-24,ENOFUTBLYR-32,41.00,,,,,1,,,nasdaq,
2025-07-24,ENOFUTBLYR-33,41.55,,,,,1,,,nasdaq,
2025-07-24,ENOFUTBLYR-34,42.35,,,,,1,,,nasdaq,
2025-07-24,ENOFUTBLYR-35,42.70,,,,,,,,nasdaq,
2025-07-25,ENOFUTBLQ1-27,57.85,,,,,232,,,nasdaq,
2025-07-25,ENOFUTBLQ2-26,28.23,27.70,28.75,,,467,,,nasdaq,
2025-07-25,ENOFUTBLQ2-27,27.70,,,,,32,,,nasdaq,
2025-07-25,ENOFUTBLQ3-26,22.50,22.00,26.25,22.55,22.50,442,,,nasdaq,
2025-07-25,ENOFUTBLQ3-27,20.30,,,,,33,,,nasdaq,
2025-07-25,ENOFUTBLQ4-26,43.70,43.40,44.00,,,628,,,nasdaq,
2025-07-25,ENOFUTBLQ4-27,45.50,,,,,68,,,nasdaq,
2025-07-25,ENOFUTBLYR-27,37.75,,37.75,37.75,37.75,2136,,,nasdaq,
2025-07-25,ENOFUTBLYR-28,39.00,38.00,39.00,39.00,39.00,938,,,nasdaq,
2025-07-25,ENOFUTBLYR-29,40.00,39.12,,,,216,,,nasdaq,
2025-07-25,ENOFUTBLYR-30,40.56,40.12,,,,124,,,nasdaq,
2025-07-25,ENOFUTBLYR-31,40.60,,,,,40,,,nasdaq,
2025-07-25,ENOFUTBLYR-32,41.00,,,,,1,,,nasdaq,
2025-07-25,ENOFUTBLYR-33,41.55,,,,,1,,,nasdaq,
2025-07-25,ENOFUTBLYR-34,42.35,,,,,1,,,nasdaq,
2025-07-25,ENOFUTBLYR-35,42.70,,,,,,,,nasdaq,
2025-07-28,ENOFUTBLQ1-27,57.80,57.55,58.05,,,232,,,nasdaq,
2025-07-28,ENOFUTBLQ2-26,28.75,27.95,28.80,28.85,28.75,467,,,nasdaq,
2025-07-28,ENOFUTBLQ2-27,28.00,27.75,30.00,,,32,,,nasdaq,
2025-07-28,ENOFUTBLQ3-26,22.43,22.35,22.50,,,449,,,nasdaq,
2025-07-28,ENOFUTBLQ3-27,20.50,18.55,20.50,20.50,20.50,33,,,nasdaq,
2025-07-28,ENOFUTBLQ4-26,43.80,42.50,44.85,43.80,43.80,628,,,nasdaq,
2025-07-28,ENOFUTBLQ4-27,45.75,45.00,46.75,45.75,45.75,68,,,nasdaq,
2025-07-28,ENOFUTBLYR-27,37.75,36.55,37.80,37.75,37.70,2134,,,nasdaq,
2025-07-28,ENOFUTBLYR-28,38.56,38.12,39.00,,,938,,,nasdaq,
2025-07-28,ENOFUTBLYR-29,40.01,39.12,40.90,41.00,41.00,216,,,nasdaq,
2025-07-28,ENOFUTBLYR-30,40.56,40.12,41.25,,,124,,,nasdaq,
2025-07-28,ENOFUTBLYR-31,40.60,,,,,40,,,nasdaq,
2025-07-28,ENOFUTBLYR-32,41.00,,,,,1,,,nasdaq,
2025-07-28,ENOFUTBLYR-33,41.55,,,,,1,,,nasdaq,
2025-07-28,ENOFUTBLYR-34,42.35,,,,,1,,,nasdaq,
2025-07-28,ENOFUTBLYR-35,42.70,,,,,,,,nasdaq,
2025-07-29,ENOFUTBLQ1-27,57.80,57.80,58.00,58.00,57.80,232,,,nasdaq,
2025-07-29,ENOFUTBLQ2-26,29.45,29.30,29.60,29.25,28.85,467,,,nasdaq,
2025-07-29,ENOFUTBLQ2-27,27.65,26.00,28.75,30.75,30.75,32,,,nasdaq,
2025-07-29,ENOFUTBLQ3-26,22.75,22.60,24.75,22.75,22.55,449,,,nasdaq,
2025-07-29,ENOFUTBLQ3-27,20.60,19.50,20.60,20.60,20.60,34,,,nasdaq,
2025-07-29,ENOFUTBLQ4-26,43.95,41.80,45.75,,,629,,,nasdaq,
2025-07-29,ENOFUTBLQ4-27,45.50,45.50,47.75,45.50,45.50,69,,,nasdaq,
2025-07-29,ENOFUTBLYR-27,37.85,37.20,37.85,37.85,37.75,2138,,,nasdaq,
2025-07-29,ENOFUTBLYR-28,38.80,38.52,40.00,,,938,,,nasdaq,
2025-07-29,ENOFUTBLYR-29,40.20,39.99,41.00,,,216,,,nasdaq,
2025-07-29,ENOFUTBLYR-30,40.56,40.26,41.25,,,124,,,nasdaq,
2025-07-29,ENOFUTBLYR-31,40.60,,,,,40,,,nasdaq,
2025-07-29,ENOFUTBLYR-32,41.00,,,,,1,,,nasdaq,
2025-07-29,ENOFUTBLYR-33,41.55,,,,,1,,,nasdaq,
2025-07-29,ENOFUTBLYR-34,42.35,,,,,1,,,nasdaq,
2025-07-29,ENOFUTBLYR-35,42.70,,,,,,,,nasdaq,
2025-07-30,ENOFUTBLQ1-27,57.90,57.75,58.05,,,233,,,nasdaq,
2025-07-30,ENOFUTBLQ2-26,29.65,29.40,29.90,,,466,,,nasdaq,
2025-07-30,ENOFUTBLQ2-27,27.65,27.50,29.00,,,33,,,nasdaq,
2025-07-30,ENOFUTBLQ3-26,23.08,22.75,23.40,22.65,22.65,451,,,nasdaq,
2025-07-30,ENOFUTBLQ3-27,20.58,20.40,20.75,,,34,,,nasdaq,
2025-07-30,ENOFUTBLQ4-26,44.35,44.15,45.90,,,629,,,nasdaq,
2025-07-30,ENOFUTBLQ4-27,45.63,45.45,45.80,,,71,,,nasdaq,
2025-07-30,ENOFUTBLYR-27,37.90,37.70,38.00,37.80,37.80,2145,,,nasdaq,
2025-07-30,ENOFUTBLYR-28,38.93,38.75,39.10,,,939,,,nasdaq,
2025-07-30,ENOFUTBLYR-29,40.10,39.20,40.75,,,216,,,nasdaq,
2025-07-30,ENOFUTBLYR-30,40.56,40.12,41.50,,,124,,,nasdaq,
2025-07-30,ENOFUTBLYR-31,40.60,,,,,40,,,nasdaq,
2025-07-30,ENOFUTBLYR-32,41.00,,,,,1,,,nasdaq,
2025-07-30,ENOFUTBLYR-33,41.55,,,,,1,,,nasdaq,
2025-07-30,ENOFUTBLYR-34,42.35,,,,,1,,,nasdaq,
2025-07-30,ENOFUTBLYR-35,42.70,,,,,,,,nasdaq,
2025-07-31,ENOFUTBLQ1-27,58.15,57.50,,,,233,,,nasdaq,
2025-07-31,ENOFUTBLQ2-26,29.65,29.55,29.80,,,466,,,nasdaq,
2025-07-31,ENOFUTBLQ2-27,28.13,27.50,28.75,,,33,,,nasdaq,
2025-07-31,ENOFUTBLQ3-26,23.18,23.00,24.00,,,451,,,nasdaq,
2025-07-31,ENOFUTBLQ3-27,20.50,20.40,20.60,,,34,,,nasdaq,
2025-07-31,ENOFUTBLQ4-26,44.85,44.40,45.95,,,629,,,nasdaq,
2025-07-31,ENOFUTBLQ4-27,45.53,,45.80,,,71,,,nasdaq,
2025-07-31,ENOFUTBLYR-27,38.00,37.85,38.00,38.00,38.00,2156,,,nasdaq,
2025-07-31,ENOFUTBLYR-28,38.95,38.25,39.75,,,939,,,nasdaq,
2025-07-31,ENOFUTBLYR-29,40.13,39.50,40.75,,,216,,,nasdaq,
2025-07-31,ENOFUTBLYR-30,40.56,,,,,124,,,nasdaq,
2025-07-31,ENOFUTBLYR-31,40.60,,,,,40,,,nasdaq,
2025-07-31,ENOFUTBLYR-32,41.00,,,,,1,,,nasdaq,
2025-07-31,ENOFUTBLYR-33,41.55,,,,,1,,,nasdaq,
2025-07-31,ENOFUTBLYR-34,42.35,,,,,1,,,nasdaq,
2025-07-31,ENOFUTBLYR-35,42.70,,,,,,,,nasdaq,
2025-08-01,ENOFUTBLQ1-27,57.75,57.75,57.90,57.75,57.75,233,,,nasdaq,
2025-08-01,ENOFUTBLQ2-26,29.55,29.45,30.90,29.60,29.55,470,,,nasdaq,
2025-08-01,ENOFUTBLQ2-27,28.01,26.38,29.63,,,33,,,nasdaq,
2025-08-01,ENOFUTBLQ3-26,22.90,22.75,22.90,22.95,22.90,451,,,nasdaq,
2025-08-01,ENOFUTBLQ3-27,20.50,19.75,22.00,,,34,,,nasdaq,
2025-08-01,ENOFUTBLQ4-26,44.55,44.50,44.60,44.85,44.75,629,,,nasdaq,
2025-08-01,ENOFUTBLQ4-27,45.50,45.00,46.00,,,71,,,nasdaq,
2025-08-01,ENOFUTBLYR-27,37.85,37.60,37.90,,,2162,,,nasdaq,
2025-08-01,ENOFUTBLYR-28,38.90,37.50,40.00,,,941,,,nasdaq,
2025-08-01,ENOFUTBLYR-29,40.00,38.63,41.88,,,216,,,nasdaq,
2025-08-01,ENOFUTBLYR-30,40.56,39.06,42.51,,,124,,,nasdaq,
2025-08-01,ENOFUTBLYR-31,40.60,,,,,40,,,nasdaq,
2025-08-01,ENOFUTBLYR-32,41.00,,,,,1,,,nasdaq,
2025-08-01,ENOFUTBLYR-33,41.55,,,,,1,,,nasdaq,
2025-08-01,ENOFUTBLYR-34,42.35,,,,,1,,,nasdaq,
2025-08-01,ENOFUTBLYR-35,42.70,,,,,,,,nasdaq,
2025-08-04,ENOFUTBLQ1-27,57.75,57.45,60.25,,,233,,,nasdaq,
2025-08-04,ENOFUTBLQ2-26,29.60,28.00,31.00,,,469,,,nasdaq,
2025-08-04,ENOFUTBLQ2-27,27.76,27.35,28.90,,,33,,,nasdaq,
2025-08-04,ENOFUTBLQ3-26,22.80,22.60,22.80,22.95,22.80,439,,,nasdaq,
2025-08-04,ENOFUTBLQ3-27,19.88,19.35,20.40,,,34,,,nasdaq,
2025-08-04,ENOFUTBLQ4-26,44.60,44.45,44.75,,,626,,,nasdaq,
2025-08-04,ENOFUTBLQ4-27,45.38,44.85,45.90,,,71,,,nasdaq,
2025-08-04,ENOFUTBLYR-27,37.65,37.60,37.95,37.70,37.70,2167,,,nasdaq,
2025-08-04,ENOFUTBLYR-28,38.80,38.50,38.90,,,943,,,nasdaq,
2025-08-04,ENOFUTBLYR-29,40.00,39.75,41.75,,,216,,,nasdaq,
2025-08-04,ENOFUTBLYR-30,40.56,39.31,42.51,,,124,,,nasdaq,
2025-08-04,ENOFUTBLYR-31,40.60,,,,,40,,,nasdaq,
2025-08-04,ENOFUTBLYR-32,41.00,,,,,1,,,nasdaq,
2025-08-04,ENOFUTBLYR-33,41.55,,,,,1,,,nasdaq,
2025-08-04,ENOFUTBLYR-34,42.35,,,,,1,,,nasdaq,
2025-08-04,ENOFUTBLYR-35,42.70,,,,,,,,nasdaq,
2025-08-05,ENOFUTBLQ1-27,58.05,57.85,58.25,,,233,,,nasdaq,
2025-08-05,ENOFUTBLQ2-26,30.20,29.75,30.30,30.20,30.00,469,,,nasdaq,
2025-08-05,ENOFUTBLQ2-27,28.00,27.70,29.91,,,33,,,nasdaq,
2025-08-05,ENOFUTBLQ3-26,23.25,23.00,23.50,,,440,,,nasdaq,
2025-08-05,ENOFUTBLQ3-27,20.33,20.10,20.75,,,34,,,nasdaq,
2025-08-05,ENOFUTBLQ4-26,44.73,44.30,45.15,,,626,,,nasdaq,
2025-08-05,ENOFUTBLQ4-27,45.19,44.13,46.25,,,71,,,nasdaq,
2025-08-05,ENOFUTBLYR-27,37.70,37.65,37.90,,,2175,,,nasdaq,
2025-08-05,ENOFUTBLYR-28,38.90,38.70,38.95,,,942,,,nasdaq,
2025-08-05,ENOFUTBLYR-29,40.08,39.90,40.25,,,216,,,nasdaq,
2025-08-05,ENOFUTBLYR-30,40.64,39.31,42.76,,,124,,,nasdaq,
2025-08-05,ENOFUTBLYR-31,40.68,,,,,40,,,nasdaq,
2025-08-05,ENOFUTBLYR-32,41.08,,,,,1,,,nasdaq,
2025-08-05,ENOFUTBLYR-33,41.63,,,,,1,,,nasdaq,
2025-08-05,ENOFUTBLYR-34,42.43,,,,,1,,,nasdaq,
2025-08-05,ENOFUTBLYR-35,42.78,,,,,,,,nasdaq,
2025-08-06,ENOFUTBLQ1-27,58.25,58.00,60.90,,,233,,,nasdaq,
2025-08-06,ENOFUTBLQ2-26,30.20,29.20,30.50,30.15,30.10,472,,,nasdaq,
2025-08-06,ENOFUTBLQ2-27,27.95,27.00,28.90,,,33,,,nasdaq,
2025-08-06,ENOFUTBLQ3-26,23.35,23.20,23.50,,,440,,,nasdaq,
2025-08-06,ENOFUTBLQ3-27,20.20,20.00,20.40,,,34,,,nasdaq,
2025-08-06,ENOFUTBLQ4-26,45.00,44.80,45.25,45.00,45.00,626,,,nasdaq,
2025-08-06,ENOFUTBLQ4-27,44.95,43.94,45.95,,,71,,,nasdaq,
2025-08-06,ENOFUTBLYR-27,37.85,37.70,38.00,,,2179,,,nasdaq,
2025-08-06,ENOFUTBLYR-28,38.90,38.90,39.05,,,942,,,nasdaq,
2025-08-06,ENOFUTBLYR-29,40.08,39.00,41.83,,,216,,,nasdaq,
2025-08-06,ENOFUTBLYR-30,40.64,39.39,42.59,,,124,,,nasdaq,
2025-08-06,ENOFUTBLYR-31,40.68,,,,,40,,,nasdaq,
2025-08-06,ENOFUTBLYR-32,41.08,,,,,1,,,nasdaq,
2025-08-06,ENOFUTBLYR-33,41.63,,,,,1,,,nasdaq,
2025-08-06,ENOFUTBLYR-34,42.43,,,,,1,,,nasdaq,
2025-08-06,ENOFUTBLYR-35,42.78,,,,,,,,nasdaq,
2025-08-07,ENOFUTBLQ1-27,58.25,58.00,60.35,,,233,,,nasdaq,
2025-08-07,ENOFUTBLQ2-26,29.50,29.40,29.60,,,473,,,nasdaq,
2025-08-07,ENOFUTBLQ2-27,27.95,27.30,29.36,,,33,,,nasdaq,
2025-08-07,ENOFUTBLQ3-26,23.10,23.10,23.30,23.20,23.10,440,,,nasdaq,
2025-08-07,ENOFUTBLQ3-27,20.13,19.75,23.00,,,34,,,nasdaq,
2025-08-07,ENOFUTBLQ4-26,44.85,44.65,45.50,44.85,44.85,626,,,nasdaq,
2025-08-07,ENOFUTBLQ4-27,44.95,44.90,47.12,,,71,,,nasdaq,
2025-08-07,ENOFUTBLYR-27,37.70,37.50,37.85,,,2188,,,nasdaq,
2025-08-07,ENOFUTBLYR-28,38.75,38.75,39.00,38.75,38.75,944,,,nasdaq,
2025-08-07,ENOFUTBLYR-29,40.00,39.00,40.75,,,216,,,nasdaq,
2025-08-07,ENOFUTBLYR-30,40.50,39.00,42.00,,,124,,,nasdaq,
2025-08-07,ENOFUTBLYR-31,40.68,,,,,40,,,nasdaq,
2025-08-07,ENOFUTBLYR-32,41.08,,,,,1,,,nasdaq,
2025-08-07,ENOFUTBLYR-33,41.63,,,,,1,,,nasdaq,
2025-08-07,ENOFUTBLYR-34,42.43,,,,,1,,,nasdaq,
2025-08-07,ENOFUTBLYR-35,42.78,,,,,,,,nasdaq,
2025-08-08,ENOFUTBLQ1-27,58.30,58.00,59.95,58.30,58.30,233,,,nasdaq,
2025-08-08,ENOFUTBLQ2-26,29.20,28.16,30.75,29.50,28.10,478,,,nasdaq,
2025-08-08,ENOFUTBLQ2-27,28.20,28.00,29.70,28.20,28.20,33,,,nasdaq,
2025-08-08,ENOFUTBLQ3-26,22.90,21.70,23.19,23.10,22.90,439,,,nasdaq,
2025-08-08,ENOFUTBLQ3-27,20.13,19.75,21.75,,,34,,,nasdaq,
2025-08-08,ENOFUTBLQ4-26,44.65,44.50,46.45,44.85,44.65,629,,,nasdaq,
2025-08-08,ENOFUTBLQ4-27,45.15,45.00,46.80,,,71,,,nasdaq,
2025-08-08,ENOFUTBLYR-27,37.70,37.60,37.80,,,2191,,,nasdaq,
2025-08-08,ENOFUTBLYR-28,38.80,38.70,38.90,,,946,,,nasdaq,
2025-08-08,ENOFUTBLYR-29,40.00,39.00,40.75,,,217,,,nasdaq,
2025-08-08,ENOFUTBLYR-30,40.50,39.30,42.50,,,124,,,nasdaq,
2025-08-08,ENOFUTBLYR-31,40.68,,,,,40,,,nasdaq,
2025-08-08,ENOFUTBLYR-32,41.08,,,,,1,,,nasdaq,
2025-08-08,ENOFUTBLYR-33,41.63,,,,,1,,,nasdaq,
2025-08-08,ENOFUTBLYR-34,42.43,,,,,1,,,nasdaq,
2025-08-08,ENOFUTBLYR-35,42.78,,,,,,,,nasdaq,
2025-08-11,ENOFUTBLQ1-27,58.20,58.00,58.40,58.30,58.20,236,,,nasdaq,
2025-08-11,ENOFUTBLQ2-26,28.40,27.55,29.60,,,488,,,nasdaq,
2025-08-11,ENOFUTBLQ2-27,28.10,28.00,28.20,28.20,28.10,35,,,nasdaq,
2025-08-11,ENOFUTBLQ3-26,22.90,22.50,23.95,22.90,22.90,442,,,nasdaq,
2025-08-11,ENOFUTBLQ3-27,19.80,19.55,21.05,,,34,,,nasdaq,
2025-08-11,ENOFUTBLQ4-26,44.00,43.55,45.20,,,629,,,nasdaq,
2025-08-11,ENOFUTBLQ4-27,44.95,44.75,45.10,45.00,44.95,71,,,nasdaq,
2025-08-11,ENOFUTBLYR-27,37.50,37.35,37.65,37.60,37.55,2195,,,nasdaq,
2025-08-11,ENOFUTBLYR-28,38.50,38.25,38.75,38.50,38.50,948,,,nasdaq,
2025-08-11,ENOFUTBLYR-29,40.00,39.00,40.75,,,217,,,nasdaq,
2025-08-11,ENOFUTBLYR-30,40.50,39.25,42.45,,,124,,,nasdaq,
2025-08-11,ENOFUTBLYR-31,40.68,,,,,40,,,nasdaq,
2025-08-11,ENOFUTBLYR-32,41.08,,,,,1,,,nasdaq,
2025-08-11,ENOFUTBLYR-33,41.63,,,,,1,,,nasdaq,
2025-08-11,ENOFUTBLYR-34,42.43,,,,,1,,,nasdaq,
2025-08-11,ENOFUTBLYR-35,42.78,,,,,,,,nasdaq,
2025-08-12,ENOFUTBLQ1-27,57.85,57.75,58.05,58.20,57.85,243,,,nasdaq,
2025-08-12,ENOFUTBLQ2-26,28.25,28.00,29.75,,,488,,,nasdaq,
2025-08-12,ENOFUTBLQ2-27,27.90,27.90,28.20,27.90,27.90,37,,,nasdaq,
2025-08-12,ENOFUTBLQ3-26,22.80,22.25,22.80,22.80,22.80,444,,,nasdaq,
2025-08-12,ENOFUTBLQ3-27,19.60,18.20,20.10,19.60,19.60,34,,,nasdaq,
2025-08-12,ENOFUTBLQ4-26,44.00,43.90,44.00,,,629,,,nasdaq,
2025-08-12,ENOFUTBLQ4-27,44.80,44.70,44.95,44.80,44.80,76,,,nasdaq,
2025-08-12,ENOFUTBLYR-27,37.40,37.40,37.45,,,2200,,,nasdaq,
2025-08-12,ENOFUTBLYR-28,38.50,38.45,38.55,38.50,38.50,951,,,nasdaq,
2025-08-12,ENOFUTBLYR-29,40.00,39.00,41.75,,,219,,,nasdaq,
2025-08-12,ENOFUTBLYR-30,40.50,39.25,42.45,,,124,,,nasdaq,
2025-08-12,ENOFUTBLYR-31,40.68,,,,,40,,,nasdaq,
2025-08-12,ENOFUTBLYR-32,41.08,,,,,1,,,nasdaq,
2025-08-12,ENOFUTBLYR-33,41.63,,,,,1,,,nasdaq,
2025-08-12,ENOFUTBLYR-34,42.43,,,,,1,,,nasdaq,
2025-08-12,ENOFUTBLYR-35,42.78,,,,,,,,nasdaq,
2025-08-13,ENOFUTBLQ1-27,57.70,57.60,57.80,,,247,,,nasdaq,
2025-08-13,ENOFUTBLQ2-26,28.20,27.90,30.25,28.20,28.20,488,,,nasdaq,
2025-08-13,ENOFUTBLQ2-27,27.80,26.00,28.00,27.80,27.80,38,,,nasdaq,
2025-08-13,ENOFUTBLQ3-26,21.88,22.10,23.00,,,443,,,nasdaq,
2025-08-13,ENOFUTBLQ3-27,19.60,19.30,21.60,,,34,,,nasdaq,
2025-08-13,ENOFUTBLQ4-26,44.50,43.80,45.20,,,629,,,nasdaq,
2025-08-13,ENOFUTBLQ4-27,45.08,44.80,45.35,,,76,,,nasdaq,
2025-08-13,ENOFUTBLYR-27,37.43,37.30,37.55,37.25,37.25,2208,,,nasdaq,
2025-08-13,ENOFUTBLYR-28,38.50,38.45,38.55,,,951,,,nasdaq,
2025-08-13,ENOFUTBLYR-29,40.00,39.00,40.15,,,220,,,nasdaq,
2025-08-13,ENOFUTBLYR-30,40.55,,,,,125,,,nasdaq,
2025-08-13,ENOFUTBLYR-31,40.68,,,,,40,,,nasdaq,
2025-08-13,ENOFUTBLYR-32,41.08,,,,,1,,,nasdaq,
2025-08-13,ENOFUTBLYR-33,41.63,,,,,1,,,nasdaq,
2025-08-13,ENOFUTBLYR-34,42.43,,,,,1,,,nasdaq,
2025-08-13,ENOFUTBLYR-35,42.78,,,,,,,,nasdaq,
2025-08-14,ENOFUTBLQ1-27,58.05,57.90,58.15,,,247,,,nasdaq,
2025-08-14,ENOFUTBLQ2-26,28.20,27.90,28.20,28.20,28.20,489,,,nasdaq,
2025-08-14,ENOFUTBLQ2-27,27.70,27.50,28.15,,,40,,,nasdaq,
2025-08-14,ENOFUTBLQ3-26,21.80,21.60,22.85,22.00,21.80,443,,,nasdaq,
2025-08-14,ENOFUTBLQ3-27,19.75,19.70,19.95,,,34,,,nasdaq,
2025-08-14,ENOFUTBLQ4-26,44.70,44.70,45.10,44.80,44.70,629,,,nasdaq,
2025-08-14,ENOFUTBLQ4-27,45.25,45.15,45.25,45.25,45.25,76,,,nasdaq,
2025-08-14,ENOFUTBLYR-27,37.65,37.60,37.65,37.65,37.60,2214,,,nasdaq,
2025-08-14,ENOFUTBLYR-28,38.55,38.40,38.70,38.75,38.75,953,,,nasdaq,
2025-08-14,ENOFUTBLYR-29,40.00,39.50,40.25,,,220,,,nasdaq,
2025-08-14,ENOFUTBLYR-30,40.55,,,,,131,,,nasdaq,
2025-08-14,ENOFUTBLYR-31,40.68,,,,,40,,,nasdaq,
2025-08-14,ENOFUTBLYR-32,41.08,,,,,1,,,nasdaq,
2025-08-14,ENOFUTBLYR-33,41.63,,,,,1,,,nasdaq,
2025-08-14,ENOFUTBLYR-34,42.43,,,,,1,,,nasdaq,
2025-08-14,ENOFUTBLYR-35,42.78,,,,,,,,nasdaq,
2025-08-15,ENOFUTBLQ1-27,57.95,57.95,58.50,57.95,57.95,252,,,nasdaq,
2025-08-15,ENOFUTBLQ2-26,28.20,28.20,30.00,28.30,28.20,490,,,nasdaq,
2025-08-15,ENOFUTBLQ2-27,27.60,,27.75,27.60,27.60,50,,,nasdaq,
2025-08-15,ENOFUTBLQ3-26,21.65,21.05,22.00,,,446,,,nasdaq,
2025-08-15,ENOFUTBLQ3-27,19.70,19.65,24.25,19.75,19.60,34,,,nasdaq,
2025-08-15,ENOFUTBLQ4-26,44.70,44.50,45.50,44.70,44.70,636,,,nasdaq,
2025-08-15,ENOFUTBLQ4-27,45.20,40.65,45.25,45.25,45.20,78,,,nasdaq,
2025-08-15,ENOFUTBLYR-27,37.55,37.30,37.70,37.55,37.55,2226,,,nasdaq,
2025-08-15,ENOFUTBLYR-28,38.40,38.30,38.50,,,958,,,nasdaq,
2025-08-15,ENOFUTBLYR-29,39.85,39.00,40.00,,,220,,,nasdaq,
2025-08-15,ENOFUTBLYR-30,40.55,,,,,131,,,nasdaq,
2025-08-15,ENOFUTBLYR-31,40.68,,,,,40,,,nasdaq,
2025-08-15,ENOFUTBLYR-32,41.08,,,,,1,,,nasdaq,
2025-08-15,ENOFUTBLYR-33,41.63,,,,,1,,,nasdaq,
2025-08-15,ENOFUTBLYR-34,42.43,,,,,1,,,nasdaq,
2025-08-15,ENOFUTBLYR-35,42.78,,,,,,,,nasdaq,
2025-08-18,ENOFUTBLQ1-27,58.25,58.00,60.60,,,254,,,nasdaq,
2025-08-18,ENOFUTBLQ2-26,28.85,28.65,29.80,28.85,28.85,490,,,nasdaq,
2025-08-18,ENOFUTBLQ2-27,27.60,26.25,27.85,,,51,,,nasdaq,
2025-08-18,ENOFUTBLQ3-26,21.90,21.50,23.25,21.90,21.90,446,,,nasdaq,
2025-08-18,ENOFUTBLQ3-27,20.00,19.75,21.25,,,43,,,nasdaq,
2025-08-18,ENOFUTBLQ4-26,44.90,44.75,46.35,,,637,,,nasdaq,
2025-08-18,ENOFUTBLQ4-27,45.20,43.70,45.75,,,85,,,nasdaq,
2025-08-18,ENOFUTBLYR-27,37.60,37.40,37.85,,,2236,,,nasdaq,
2025-08-18,ENOFUTBLYR-28,38.45,38.40,38.45,,,958,,,nasdaq,
2025-08-18,ENOFUTBLYR-29,40.00,39.65,40.15,,,220,,,nasdaq,
2025-08-18,ENOFUTBLYR-30,40.65,39.95,42.50,,,134,,,nasdaq,
2025-08-18,ENOFUTBLYR-31,40.78,,,,,40,,,nasdaq,
2025-08-18,ENOFUTBLYR-32,41.18,,,,,1,,,nasdaq,
2025-08-18,ENOFUTBLYR-33,41.73,,,,,1,,,nasdaq,
2025-08-18,ENOFUTBLYR-34,42.53,,,,,1,,,nasdaq,
2025-08-18,ENOFUTBLYR-35,42.88,,,,,,,,nasdaq,
2025-08-19,ENOFUTBLQ1-27,58.70,58.40,59.00,59.80,59.80,254,,,nasdaq,
2025-08-19,ENOFUTBLQ2-26,28.90,28.75,29.40,29.00,28.85,492,,,nasdaq,
2025-08-19,ENOFUTBLQ2-27,27.00,26.50,27.90,,,51,,,nasdaq,
2025-08-19,ENOFUTBLQ3-26,22.35,22.00,23.40,22.35,22.35,448,,,nasdaq,
2025-08-19,ENOFUTBLQ3-27,20.00,19.65,20.95,21.00,21.00,43,,,nasdaq,
2025-08-19,ENOFUTBLQ4-26,45.00,44.90,45.95,45.00,45.00,637,,,nasdaq,
2025-08-19,ENOFUTBLQ4-27,45.25,45.00,45.60,,,85,,,nasdaq,
2025-08-19,ENOFUTBLYR-27,37.65,37.60,37.75,37.65,37.65,2240,,,nasdaq,
2025-08-19,ENOFUTBLYR-28,38.45,38.40,38.50,,,960,,,nasdaq,
2025-08-19,ENOFUTBLYR-29,40.10,39.90,40.20,40.10,40.10,220,,,nasdaq,
2025-08-19,ENOFUTBLYR-30,40.75,40.50,42.85,,,134,,,nasdaq,
2025-08-19,ENOFUTBLYR-31,40.84,,,,,40,,,nasdaq,
2025-08-19,ENOFUTBLYR-32,41.18,,,,,1,,,nasdaq,
2025-08-19,ENOFUTBLYR-33,41.73,,,,,1,,,nasdaq,
2025-08-19,ENOFUTBLYR-34,42.53,,,,,1,,,nasdaq,
2025-08-19,ENOFUTBLYR-35,42.88,,,,,,,,nasdaq,
2025-08-20,ENOFUTBLQ1-27,58.70,58.60,58.70,58.90,58.70,255,,,nasdaq,
2025-08-20,ENOFUTBLQ2-26,28.80,28.35,28.80,28.80,28.80,498,,,nasdaq,
2025-08-20,ENOFUTBLQ2-27,27.38,27.00,27.75,27.90,27.90,51,,,nasdaq,
2025-08-20,ENOFUTBLQ3-26,22.20,22.20,22.55,22.20,22.20,455,,,nasdaq,
2025-08-20,ENOFUTBLQ3-27,19.90,19.85,21.50,,,44,,,nasdaq,
2025-08-20,ENOFUTBLQ4-26,45.00,44.90,45.55,45.90,45.00,638,,,nasdaq,
2025-08-20,ENOFUTBLQ4-27,45.05,44.85,45.25,45.30,45.30,85,,,nasdaq,
2025-08-20,ENOFUTBLYR-27,37.50,37.45,37.55,37.60,37.60,2242,,,nasdaq,
2025-08-20,ENOFUTBLYR-28,38.45,38.25,38.60,38.45,38.40,963,,,nasdaq,
2025-08-20,ENOFUTBLYR-29,39.88,39.50,40.25,,,221,,,nasdaq,
2025-08-20,ENOFUTBLYR-30,40.75,39.75,42.85,,,134,,,nasdaq,
2025-08-20,ENOFUTBLYR-31,40.84,,,,,40,,,nasdaq,
2025-08-20,ENOFUTBLYR-32,41.18,,,,,1,,,nasdaq,
2025-08-20,ENOFUTBLYR-33,41.73,,,,,1,,,nasdaq,
2025-08-20,ENOFUTBLYR-34,42.53,,,,,1,,,nasdaq,
2025-08-20,ENOFUTBLYR-35,42.88,,,,,,,,nasdaq,
2025-08-21,ENOFUTBLQ1-27,58.70,58.65,58.70,58.70,58.70,256,,,nasdaq,
2025-08-21,ENOFUTBLQ2-26,28.95,27.05,28.95,28.95,28.75,499,,,nasdaq,
2025-08-21,ENOFUTBLQ2-27,27.35,25.15,27.35,27.35,27.35,52,,,nasdaq,
2025-08-21,ENOFUTBLQ3-26,22.30,22.10,22.50,22.35,22.30,458,,,nasdaq,
2025-08-21,ENOFUTBLQ3-27,20.65,19.50,21.00,,,44,,,nasdaq,
2025-08-21,ENOFUTBLQ4-26,45.10,45.10,45.30,45.10,45.00,640,,,nasdaq,
2025-08-21,ENOFUTBLQ4-27,45.05,42.30,45.10,45.05,45.05,87,,,nasdaq,
2025-08-21,ENOFUTBLYR-27,37.60,37.50,38.00,,,2250,,,nasdaq,
2025-08-21,ENOFUTBLYR-28,38.45,38.30,38.60,,,966,,,nasdaq,
2025-08-21,ENOFUTBLYR-29,39.88,39.12,40.25,,,221,,,nasdaq,
2025-08-21,ENOFUTBLYR-30,40.75,40.12,42.75,,,134,,,nasdaq,
2025-08-21,ENOFUTBLYR-31,40.84,,,,,40,,,nasdaq,
2025-08-21,ENOFUTBLYR-32,41.18,,,,,1,,,nasdaq,
2025-08-21,ENOFUTBLYR-33,41.73,,,,,1,,,nasdaq,
2025-08-21,ENOFUTBLYR-34,42.53,,,,,1,,,nasdaq,
2025-08-21,ENOFUTBLYR-35,42.88,,,,,,,,nasdaq,
2025-08-22,ENOFUTBLQ1-27,59.13,58.75,59.40,,,260,,,nasdaq,
2025-08-22,ENOFUTBLQ2-26,28.90,28.70,29.55,28.90,28.85,518,,,nasdaq,
2025-08-22,ENOFUTBLQ2-27,26.68,26.40,27.35,,,52,,,nasdaq,
2025-08-22,ENOFUTBLQ3-26,22.35,22.20,22.50,,,463,,,nasdaq,
2025-08-22,ENOFUTBLQ3-27,20.20,19.75,20.65,,,44,,,nasdaq,
2025-08-22,ENOFUTBLQ4-26,45.20,44.70,46.90,,,643,,,nasdaq,
2025-08-22,ENOFUTBLQ4-27,45.33,45.05,45.60,,,89,,,nasdaq,
2025-08-22,ENOFUTBLYR-27,37.75,37.70,38.25,37.75,37.50,2264,,,nasdaq,
2025-08-22,ENOFUTBLYR-28,38.60,38.55,39.00,,,971,,,nasdaq,
2025-08-22,ENOFUTBLYR-29,39.98,39.25,40.70,,,221,,,nasdaq,
2025-08-22,ENOFUTBLYR-30,40.75,39.25,42.25,,,134,,,nasdaq,
2025-08-22,ENOFUTBLYR-31,40.84,,,,,40,,,nasdaq,
2025-08-22,ENOFUTBLYR-32,41.18,,,,,1,,,nasdaq,
2025-08-22,ENOFUTBLYR-33,41.73,,,,,1,,,nasdaq,
2025-08-22,ENOFUTBLYR-34,42.53,,,,,1,,,nasdaq,
2025-08-22,ENOFUTBLYR-35,42.88,,,,,,,,nasdaq,
2025-08-25,ENOFUTBLQ1-27,59.45,58.90,60.00,,,260,,,nasdaq,
2025-08-25,ENOFUTBLQ2-26,29.30,29.10,30.35,29.30,29.30,533,,,nasdaq,
2025-08-25,ENOFUTBLQ2-27,26.75,26.50,28.18,,,52,,,nasdaq,
2025-08-25,ENOFUTBLQ3-26,22.65,22.45,24.20,22.00,22.00,463,,,nasdaq,
2025-08-25,ENOFUTBLQ3-27,20.30,19.65,22.05,,,44,,,nasdaq,
2025-08-25,ENOFUTBLQ4-26,45.50,45.00,45.50,45.50,45.50,655,,,nasdaq,
2025-08-25,ENOFUTBLQ4-27,45.50,45.00,46.00,,,89,,,nasdaq,
2025-08-25,ENOFUTBLYR-27,37.90,37.85,38.15,37.90,37.90,2270,,,nasdaq,
2025-08-25,ENOFUTBLYR-28,38.60,38.00,38.90,,,976,,,nasdaq,
2025-08-25,ENOFUTBLYR-29,39.98,39.12,40.75,,,221,,,nasdaq,
2025-08-25,ENOFUTBLYR-30,40.75,40.12,42.80,,,134,,,nasdaq,
2025-08-25,ENOFUTBLYR-31,40.84,,,,,40,,,nasdaq,
2025-08-25,ENOFUTBLYR-32,41.18,,,,,1,,,nasdaq,
2025-08-25,ENOFUTBLYR-33,41.73,,,,,1,,,nasdaq,
2025-08-25,ENOFUTBLYR-34,42.53,,,,,1,,,nasdaq,
2025-08-25,ENOFUTBLYR-35,42.88,,,,,,,,nasdaq,
2025-08-26,ENOFUTBLQ1-27,59.40,59.25,60.45,,,260,,,nasdaq,
2025-08-26,ENOFUTBLQ2-26,30.00,29.70,31.65,29.50,29.50,539,,,nasdaq,
2025-08-26,ENOFUTBLQ2-27,27.30,27.05,29.45,27.30,27.30,52,,,nasdaq,
2025-08-26,ENOFUTBLQ3-26,23.00,22.80,23.50,22.65,22.65,463,,,nasdaq,
2025-08-26,ENOFUTBLQ3-27,21.15,20.15,22.30,,,44,,,nasdaq,
2025-08-26,ENOFUTBLQ4-26,46.00,45.55,47.55,45.50,45.50,656,,,nasdaq,
2025-08-26,ENOFUTBLQ4-27,45.50,44.00,46.00,,,89,,,nasdaq,
2025-08-26,ENOFUTBLYR-27,38.25,38.25,38.70,38.25,38.00,2273,,,nasdaq,
2025-08-26,ENOFUTBLYR-28,38.75,38.75,39.10,,,976,,,nasdaq,
2025-08-26,ENOFUTBLYR-29,40.15,40.15,40.60,40.00,40.00,221,,,nasdaq,
2025-08-26,ENOFUTBLYR-30,40.75,,,,,134,,,nasdaq,
2025-08-26,ENOFUTBLYR-31,40.84,,,,,40,,,nasdaq,
2025-08-26,ENOFUTBLYR-32,41.18,,,,,1,,,nasdaq,
2025-08-26,ENOFUTBLYR-33,41.73,,,,,1,,,nasdaq,
2025-08-26,ENOFUTBLYR-34,42.53,,,,,1,,,nasdaq,
2025-08-26,ENOFUTBLYR-35,42.88,,,,,,,,nasdaq,
2025-08-27,ENOFUTBLQ1-27,60.00,60.00,62.00,60.00,60.00,265,,,nasdaq,
2025-08-27,ENOFUTBLQ2-26,30.65,30.40,30.70,31.00,30.50,538,,,nasdaq,
2025-08-27,ENOFUTBLQ2-27,28.00,27.50,28.50,,,55,,,nasdaq,
2025-08-27,ENOFUTBLQ3-26,23.60,22.10,23.50,23.70,23.50,466,,,nasdaq,
2025-08-27,ENOFUTBLQ3-27,21.35,19.25,21.35,21.35,21.35,44,,,nasdaq,
2025-08-27,ENOFUTBLQ4-26,46.70,46.50,47.20,46.50,46.50,658,,,nasdaq,
2025-08-27,ENOFUTBLQ4-27,46.13,45.00,46.20,46.25,46.25,89,,,nasdaq,
2025-08-27,ENOFUTBLYR-27,38.70,38.00,38.80,39.00,38.55,2294,,,nasdaq,
2025-08-27,ENOFUTBLYR-28,39.00,38.50,39.25,,,976,,,nasdaq,
2025-08-27,ENOFUTBLYR-29,40.40,40.15,41.00,,,228,,,nasdaq,
2025-08-27,ENOFUTBLYR-30,40.85,40.35,,,,137,,,nasdaq,
2025-08-27,ENOFUTBLYR-31,40.94,,,,,40,,,nasdaq,
2025-08-27,ENOFUTBLYR-32,41.28,,,,,1,,,nasdaq,
2025-08-27,ENOFUTBLYR-33,41.83,,,,,1,,,nasdaq,
2025-08-27,ENOFUTBLYR-34,42.63,,,,,1,,,nasdaq,
2025-08-27,ENOFUTBLYR-35,42.98,,,,,,,,nasdaq,
2025-08-28,ENOFUTBLQ1-27,60.25,60.30,60.50,60.50,60.25,265,,,nasdaq,
2025-08-28,ENOFUTBLQ2-26,30.85,30.85,30.98,30.85,30.77,539,,,nasdaq,
2025-08-28,ENOFUTBLQ2-27,27.80,27.85,32.00,27.80,27.80,55,,,nasdaq,
2025-08-28,ENOFUTBLQ3-26,23.90,23.85,23.95,23.85,23.77,453,,,nasdaq,
2025-08-28,ENOFUTBLQ3-27,21.32,20.85,21.50,,,49,,,nasdaq,
2025-08-28,ENOFUTBLQ4-26,47.00,46.90,47.25,47.00,46.99,658,,,nasdaq,
2025-08-28,ENOFUTBLQ4-27,46.50,40.25,46.75,46.75,46.50,90,,,nasdaq,
2025-08-28,ENOFUTBLYR-27,38.88,38.80,38.90,39.00,38.80,2327,,,nasdaq,
2025-08-28,ENOFUTBLYR-28,39.20,39.00,39.20,39.20,39.20,976,,,nasdaq,
2025-08-28,ENOFUTBLYR-29,40.73,39.50,40.95,,,228,,,nasdaq,
2025-08-28,ENOFUTBLYR-30,40.95,39.50,,,,137,,,nasdaq,
2025-08-28,ENOFUTBLYR-31,41.00,,,,,40,,,nasdaq,
2025-08-28,ENOFUTBLYR-32,41.35,,,,,1,,,nasdaq,
2025-08-28,ENOFUTBLYR-33,41.85,,,,,1,,,nasdaq,
2025-08-28,ENOFUTBLYR-34,42.65,,,,,1,,,nasdaq,
2025-08-28,ENOFUTBLYR-35,43.00,,,,,,,,nasdaq,
2025-08-29,ENOFUTBLQ1-27,60.35,60.30,60.75,60.25,60.25,278,,,nasdaq,
2025-08-29,ENOFUTBLQ2-26,31.65,31.05,31.75,31.65,31.65,547,,,nasdaq,
2025-08-29,ENOFUTBLQ2-27,27.85,27.50,28.20,,,56,,,nasdaq,
2025-08-29,ENOFUTBLQ3-26,24.50,24.35,24.50,24.75,24.50,450,,,nasdaq,
2025-08-29,ENOFUTBLQ3-27,21.29,21.07,21.50,,,49,,,nasdaq,
2025-08-29,ENOFUTBLQ4-26,47.65,47.05,47.65,47.75,47.65,661,,,nasdaq,
2025-08-29,ENOFUTBLQ4-27,46.80,44.45,47.00,,,93,,,nasdaq,
2025-08-29,ENOFUTBLYR-27,39.00,38.90,39.04,39.00,38.75,2335,,,nasdaq,
2025-08-29,ENOFUTBLYR-28,39.35,39.30,40.00,,,978,,,nasdaq,
2025-08-29,ENOFUTBLYR-29,40.40,40.15,,,,228,,,nasdaq,
2025-08-29,ENOFUTBLYR-30,40.95,40.40,,,,137,,,nasdaq,
2025-08-29,ENOFUTBLYR-31,41.00,,,,,40,,,nasdaq,
2025-08-29,ENOFUTBLYR-32,41.35,,,,,1,,,nasdaq,
2025-08-29,ENOFUTBLYR-33,41.85,,,,,1,,,nasdaq,
2025-08-29,ENOFUTBLYR-34,42.65,,,,,1,,,nasdaq,
2025-08-29,ENOFUTBLYR-35,43.00,,,,,,,,nasdaq,
2025-09-01,ENOFUTBLQ1-27,60.40,60.30,62.85,60.40,60.40,281,,,nasdaq,
2025-09-01,ENOFUTBLQ2-26,31.25,31.05,31.50,31.25,31.00,553,,,nasdaq,
2025-09-01,ENOFUTBLQ2-27,27.55,27.50,28.05,,,56,,,nasdaq,
2025-09-01,ENOFUTBLQ3-26,24.30,24.20,24.50,24.50,24.30,455,,,nasdaq,
2025-09-01,ENOFUTBLQ3-27,21.10,19.80,21.10,21.10,21.10,49,,,nasdaq,
2025-09-01,ENOFUTBLQ4-26,47.25,47.15,47.65,47.25,47.25,663,,,nasdaq,
2025-09-01,ENOFUTBLQ4-27,46.70,44.60,46.90,46.70,46.70,93,,,nasdaq,
2025-09-01,ENOFUTBLYR-27,38.80,38.70,38.95,,,2361,,,nasdaq,
2025-09-01,ENOFUTBLYR-28,39.20,39.20,40.00,,,982,,,nasdaq,
2025-09-01,ENOFUTBLYR-29,40.50,39.50,41.25,,,236,,,nasdaq,
2025-09-01,ENOFUTBLYR-30,40.95,39.50,42.90,,,137,,,nasdaq,
2025-09-01,ENOFUTBLYR-31,41.00,,,,,40,,,nasdaq,
2025-09-01,ENOFUTBLYR-32,41.35,,,,,1,,,nasdaq,
2025-09-01,ENOFUTBLYR-33,41.85,,,,,1,,,nasdaq,
2025-09-01,ENOFUTBLYR-34,42.65,,,,,1,,,nasdaq,
2025-09-01,ENOFUTBLYR-35,43.00,,,,,,,,nasdaq,
2025-09-02,ENOFUTBLQ1-27,60.15,60.15,60.25,60.15,60.15,282,,,nasdaq,
2025-09-02,ENOFUTBLQ2-26,31.20,31.00,31.50,31.00,31.00,552,,,nasdaq,
2025-09-02,ENOFUTBLQ2-27,27.35,27.00,27.60,,,56,,,nasdaq,
2025-09-02,ENOFUTBLQ3-26,24.20,24.00,24.25,,,457,,,nasdaq,
2025-09-02,ENOFUTBLQ3-27,21.00,20.75,21.15,,,50,,,nasdaq,
2025-09-02,ENOFUTBLQ4-26,47.00,46.75,47.25,47.00,47.00,655,,,nasdaq,
2025-09-02,ENOFUTBLQ4-27,46.25,45.00,46.85,,,98,,,nasdaq,
2025-09-02,ENOFUTBLYR-27,38.60,38.55,38.65,38.70,38.65,2371,,,nasdaq,
2025-09-02,ENOFUTBLYR-28,39.15,39.15,39.20,39.15,39.15,984,,,nasdaq,
2025-09-02,ENOFUTBLYR-29,40.45,39.95,40.95,41.00,41.00,236,,,nasdaq,
2025-09-02,ENOFUTBLYR-30,40.90,39.95,42.90,,,137,,,nasdaq,
2025-09-02,ENOFUTBLYR-31,41.00,,,,,40,,,nasdaq,
2025-09-02,ENOFUTBLYR-32,41.35,,,,,1,,,nasdaq,
2025-09-02,ENOFUTBLYR-33,41.85,,,,,1,,,nasdaq,
2025-09-02,ENOFUTBLYR-34,42.65,,,,,1,,,nasdaq,
2025-09-02,ENOFUTBLYR-35,43.00,,,,,,,,nasdaq,
2025-09-03,ENOFUTBLQ1-27,60.50,60.15,60.75,60.50,60.50,286,,,nasdaq,
2025-09-03,ENOFUTBLQ2-26,31.75,31.75,32.10,32.10,31.75,553,,,nasdaq,
2025-09-03,ENOFUTBLQ2-27,27.45,27.40,28.10,27.35,27.35,56,,,nasdaq,
2025-09-03,ENOFUTBLQ3-26,24.50,24.35,24.95,24.50,24.50,453,,,nasdaq,
2025-09-03,ENOFUTBLQ3-27,22.38,21.25,23.50,,,50,,,nasdaq,
2025-09-03,ENOFUTBLQ4-26,47.30,46.65,47.75,,,635,,,nasdaq,
2025-09-03,ENOFUTBLQ4-27,46.00,45.00,47.00,,,98,,,nasdaq,
2025-09-03,ENOFUTBLYR-27,39.00,38.95,39.00,39.00,38.90,2378,,,nasdaq,
2025-09-03,ENOFUTBLYR-28,39.15,39.10,39.30,39.20,39.15,983,,,nasdaq,
2025-09-03,ENOFUTBLYR-29,40.45,40.15,40.75,,,237,,,nasdaq,
2025-09-03,ENOFUTBLYR-30,40.90,40.00,42.85,,,137,,,nasdaq,
2025-09-03,ENOFUTBLYR-31,41.00,,,,,40,,,nasdaq,
2025-09-03,ENOFUTBLYR-32,41.35,,,,,1,,,nasdaq,
2025-09-03,ENOFUTBLYR-33,41.85,,,,,1,,,nasdaq,
2025-09-03,ENOFUTBLYR-34,42.65,,,,,1,,,nasdaq,
2025-09-03,ENOFUTBLYR-35,43.00,,,,,,,,nasdaq,
2025-09-04,ENOFUTBLQ1-27,61.00,60.50,63.00,,,287,,,nasdaq,
2025-09-04,ENOFUTBLQ2-26,32.40,32.25,32.55,32.60,32.25,562,,,nasdaq,
2025-09-04,ENOFUTBLQ2-27,27.50,25.80,29.05,,,58,,,nasdaq,
2025-09-04,ENOFUTBLQ3-26,25.00,24.75,25.00,25.00,24.70,453,,,nasdaq,
2025-09-04,ENOFUTBLQ3-27,21.75,20.98,22.25,,,50,,,nasdaq,
2025-09-04,ENOFUTBLQ4-26,47.42,47.30,47.60,,,635,,,nasdaq,
2025-09-04,ENOFUTBLQ4-27,46.20,45.00,47.00,,,98,,,nasdaq,
2025-09-04,ENOFUTBLYR-27,39.08,39.05,39.20,39.10,39.10,2393,,,nasdaq,
2025-09-04,ENOFUTBLYR-28,39.30,39.15,39.40,,,987,,,nasdaq,
2025-09-04,ENOFUTBLYR-29,40.50,40.25,41.00,,,237,,,nasdaq,
2025-09-04,ENOFUTBLYR-30,40.90,40.50,43.05,,,137,,,nasdaq,
2025-09-04,ENOFUTBLYR-31,41.00,,,,,40,,,nasdaq,
2025-09-04,ENOFUTBLYR-32,41.35,,,,,1,,,nasdaq,
2025-09-04,ENOFUTBLYR-33,41.85,,,,,1,,,nasdaq,
2025-09-04,ENOFUTBLYR-34,42.65,,,,,1,,,nasdaq,
2025-09-04,ENOFUTBLYR-35,43.00,,,,,,,,nasdaq,
2025-09-05,ENOFUTBLQ1-27,61.25,60.50,63.50,,,287,,,nasdaq,
2025-09-05,ENOFUTBLQ2-26,32.75,32.25,32.75,32.76,32.75,564,,,nasdaq,
2025-09-05,ENOFUTBLQ2-27,27.60,26.00,29.25,,,58,,,nasdaq,
2025-09-05,ENOFUTBLQ3-26,25.00,25.00,25.30,25.40,25.00,452,,,nasdaq,
2025-09-05,ENOFUTBLQ3-27,22.00,20.50,23.85,,,50,,,nasdaq,
2025-09-05,ENOFUTBLQ4-26,47.80,47.40,47.75,47.80,47.80,635,,,nasdaq,
2025-09-05,ENOFUTBLQ4-27,46.50,46.25,48.30,,,98,,,nasdaq,
2025-09-05,ENOFUTBLYR-27,39.25,39.10,39.25,39.30,39.20,2400,,,nasdaq,
2025-09-05,ENOFUTBLYR-28,39.30,39.20,39.45,39.30,39.30,989,,,nasdaq,
2025-09-05,ENOFUTBLYR-29,40.40,40.20,40.60,,,237,,,nasdaq,
2025-09-05,ENOFUTBLYR-30,40.90,40.10,43.15,,,137,,,nasdaq,
2025-09-05,ENOFUTBLYR-31,41.00,,,,,40,,,nasdaq,
2025-09-05,ENOFUTBLYR-32,41.35,,,,,1,,,nasdaq,
2025-09-05,ENOFUTBLYR-33,41.85,,,,,1,,,nasdaq,
2025-09-05,ENOFUTBLYR-34,42.65,,,,,1,,,nasdaq,
2025-09-05,ENOFUTBLYR-35,43.00,,,,,,,,nasdaq,
2025-09-08,ENOFUTBLQ1-27,61.50,60.75,63.40,,,287,,,nasdaq,
2025-09-08,ENOFUTBLQ2-26,32.80,32.60,33.00,32.65,32.50,564,,,nasdaq,
2025-09-08,ENOFUTBLQ2-27,28.23,27.60,28.85,,,58,,,nasdaq,
2025-09-08,ENOFUTBLQ3-26,24.95,24.90,26.20,24.95,24.90,451,,,nasdaq,
2025-09-08,ENOFUTBLQ3-27,22.30,21.00,23.60,,,50,,,nasdaq,
2025-09-08,ENOFUTBLQ4-26,47.75,47.70,48.50,47.75,47.75,636,,,nasdaq,
2025-09-08,ENOFUTBLQ4-27,46.00,44.75,47.25,,,98,,,nasdaq,
2025-09-08,ENOFUTBLYR-27,39.40,39.35,39.45,39.40,39.35,2407,,,nasdaq,
2025-09-08,ENOFUTBLYR-28,39.30,39.25,39.35,,,989,,,nasdaq,
2025-09-08,ENOFUTBLYR-29,40.40,39.50,40.90,,,237,,,nasdaq,
2025-09-08,ENOFUTBLYR-30,40.98,40.00,41.95,,,137,,,nasdaq,
2025-09-08,ENOFUTBLYR-31,41.00,,,,,40,,,nasdaq,
2025-09-08,ENOFUTBLYR-32,41.35,,,,,1,,,nasdaq,
2025-09-08,ENOFUTBLYR-33,41.85,,,,,1,,,nasdaq,
2025-09-08,ENOFUTBLYR-34,42.65,,,,,1,,,nasdaq,
2025-09-08,ENOFUTBLYR-35,43.00,,,,,,,,nasdaq,
2025-09-09,ENOFUTBLQ1-27,61.45,60.50,63.80,,,287,,,nasdaq,
2025-09-09,ENOFUTBLQ2-26,32.60,32.55,32.75,32.65,32.55,565,,,nasdaq,
2025-09-09,ENOFUTBLQ2-27,28.00,27.50,29.73,,,58,,,nasdaq,
2025-09-09,ENOFUTBLQ3-26,25.00,24.90,25.00,25.00,24.90,451,,,nasdaq,
2025-09-09,ENOFUTBLQ3-27,22.00,21.50,22.50,,,50,,,nasdaq,
2025-09-09,ENOFUTBLQ4-26,47.68,47.50,47.85,47.65,46.80,636,,,nasdaq,
2025-09-09,ENOFUTBLQ4-27,45.70,44.50,47.25,,,98,,,nasdaq,
2025-09-09,ENOFUTBLYR-27,39.20,39.15,39.25,39.20,39.20,2405,,,nasdaq,
2025-09-09,ENOFUTBLYR-28,39.30,38.90,39.50,,,992,,,nasdaq,
2025-09-09,ENOFUTBLYR-29,40.20,40.00,40.40,,,237,,,nasdaq,
2025-09-09,ENOFUTBLYR-30,40.90,40.00,43.00,,,137,,,nasdaq,
2025-09-09,ENOFUTBLYR-31,41.00,,,,,40,,,nasdaq,
2025-09-09,ENOFUTBLYR-32,41.35,,,,,1,,,nasdaq,
2025-09-09,ENOFUTBLYR-33,41.85,,,,,1,,,nasdaq,
2025-09-09,ENOFUTBLYR-34,42.65,,,,,1,,,nasdaq,
2025-09-09,ENOFUTBLYR-35,43.00,,,,,,,,nasdaq,
2025-09-10,ENOFUTBLQ1-27,61.45,60.60,61.55,61.45,61.45,287,,,nasdaq,
2025-09-10,ENOFUTBLQ2-26,32.65,32.40,32.90,,,570,,,nasdaq,
2025-09-10,ENOFUTBLQ2-27,28.25,27.50,29.50,,,58,,,nasdaq,
2025-09-10,ENOFUTBLQ3-26,25.15,24.50,25.20,,,456,,,nasdaq,
2025-09-10,ENOFUTBLQ3-27,21.75,21.50,23.80,,,50,,,nasdaq,
2025-09-10,ENOFUTBLQ4-26,47.78,47.60,47.85,,,637,,,nasdaq,
2025-09-10,ENOFUTBLQ4-27,45.90,45.55,47.25,,,98,,,nasdaq,
2025-09-10,ENOFUTBLYR-27,39.25,39.20,39.25,39.30,39.25,2417,,,nasdaq,
2025-09-10,ENOFUTBLYR-28,39.30,39.25,39.50,,,1003,,,nasdaq,
2025-09-10,ENOFUTBLYR-29,40.25,39.80,41.25,,,237,,,nasdaq,
2025-09-10,ENOFUTBLYR-30,40.90,40.12,43.10,,,139,,,nasdaq,
2025-09-10,ENOFUTBLYR-31,41.00,,,,,40,,,nasdaq,
2025-09-10,ENOFUTBLYR-32,41.35,,,,,1,,,nasdaq,
2025-09-10,ENOFUTBLYR-33,41.85,,,,,1,,,nasdaq,
2025-09-10,ENOFUTBLYR-34,42.65,,,,,1,,,nasdaq,
2025-09-10,ENOFUTBLYR-35,43.00,,,,,,,,nasdaq,
2025-09-11,ENOFUTBLQ1-27,61.30,60.90,61.70,61.80,61.80,291,,,nasdaq,
2025-09-11,ENOFUTBLQ2-26,32.75,32.70,34.10,32.75,32.75,570,,,nasdaq,
2025-09-11,ENOFUTBLQ2-27,28.25,27.60,29.70,,,58,,,nasdaq,
2025-09-11,ENOFUTBLQ3-26,25.10,24.75,25.20,25.20,25.10,456,,,nasdaq,
2025-09-11,ENOFUTBLQ3-27,21.50,21.25,21.75,,,50,,,nasdaq,
2025-09-11,ENOFUTBLQ4-26,47.65,47.65,47.75,47.65,47.50,637,,,nasdaq,
2025-09-11,ENOFUTBLQ4-27,46.15,46.00,47.00,46.25,46.15,98,,,nasdaq,
2025-09-11,ENOFUTBLYR-27,39.20,39.15,39.24,39.20,39.10,2419,,,nasdaq,
2025-09-11,ENOFUTBLYR-28,39.35,39.25,39.75,,,1008,,,nasdaq,
2025-09-11,ENOFUTBLYR-29,40.50,40.25,41.25,,,239,,,nasdaq,
2025-09-11,ENOFUTBLYR-30,41.00,40.35,42.75,,,139,,,nasdaq,
2025-09-11,ENOFUTBLYR-31,41.10,,,,,40,,,nasdaq,
2025-09-11,ENOFUTBLYR-32,41.40,,,,,1,,,nasdaq,
2025-09-11,ENOFUTBLYR-33,41.85,,,,,1,,,nasdaq,
2025-09-11,ENOFUTBLYR-34,42.65,,,,,1,,,nasdaq,
2025-09-11,ENOFUTBLYR-35,43.00,,,,,,,,nasdaq,
2025-09-12,ENOFUTBLQ1-27,61.90,61.50,62.30,,,292,,,nasdaq,
2025-09-12,ENOFUTBLQ2-26,33.20,33.05,34.30,33.00,33.00,575,,,nasdaq,
2025-09-12,ENOFUTBLQ2-27,28.75,28.00,28.75,28.75,28.75,58,,,nasdaq,
2025-09-12,ENOFUTBLQ3-26,25.50,25.15,25.60,25.50,25.35,447,,,nasdaq,
2025-09-12,ENOFUTBLQ3-27,21.75,21.50,22.00,21.75,21.75,50,,,nasdaq,
2025-09-12,ENOFUTBLQ4-26,48.05,47.90,49.30,47.85,47.85,634,,,nasdaq,
2025-09-12,ENOFUTBLQ4-27,46.73,46.45,47.00,,,99,,,nasdaq,
2025-09-12,ENOFUTBLYR-27,39.60,39.55,39.66,39.70,39.50,2430,,,nasdaq,
2025-09-12,ENOFUTBLYR-28,39.50,39.45,39.75,39.50,39.50,1006,,,nasdaq,
2025-09-12,ENOFUTBLYR-29,40.60,40.50,41.50,,,239,,,nasdaq,
2025-09-12,ENOFUTBLYR-30,41.05,40.15,43.20,,,139,,,nasdaq,
2025-09-12,ENOFUTBLYR-31,41.15,,,,,40,,,nasdaq,
2025-09-12,ENOFUTBLYR-32,41.45,,,,,1,,,nasdaq,
2025-09-12,ENOFUTBLYR-33,41.90,,,,,1,,,nasdaq,
2025-09-12,ENOFUTBLYR-34,42.70,,,,,1,,,nasdaq,
2025-09-12,ENOFUTBLYR-35,43.05,,,,,,,,nasdaq,
2025-09-15,ENOFUTBLQ1-27,61.90,61.30,62.25,,,292,,,nasdaq,
2025-09-15,ENOFUTBLQ2-26,33.95,33.50,34.10,,,574,,,nasdaq,
2025-09-15,ENOFUTBLQ2-27,28.75,28.00,29.25,,,58,,,nasdaq,
2025-09-15,ENOFUTBLQ3-26,25.65,25.45,25.85,,,447,,,nasdaq,
2025-09-15,ENOFUTBLQ3-27,21.75,21.20,22.00,,,52,,,nasdaq,
2025-09-15,ENOFUTBLQ4-26,48.20,47.70,48.20,48.20,48.20,637,,,nasdaq,
2025-09-15,ENOFUTBLQ4-27,46.73,46.65,46.85,46.73,46.73,99,,,nasdaq,
2025-09-15,ENOFUTBLYR-27,39.70,39.60,39.70,39.70,39.70,2440,,,nasdaq,
2025-09-15,ENOFUTBLYR-28,39.75,39.60,41.25,39.75,39.75,1007,,,nasdaq,
2025-09-15,ENOFUTBLYR-29,41.00,40.50,41.75,,,239,,,nasdaq,
2025-09-15,ENOFUTBLYR-30,41.15,39.80,43.25,,,139,,,nasdaq,
2025-09-15,ENOFUTBLYR-31,41.20,,,,,40,,,nasdaq,
2025-09-15,ENOFUTBLYR-32,41.45,,,,,1,,,nasdaq,
2025-09-15,ENOFUTBLYR-33,41.90,,,,,1,,,nasdaq,
2025-09-15,ENOFUTBLYR-34,42.70,,,,,1,,,nasdaq,
2025-09-15,ENOFUTBLYR-35,43.05,,,,,,,,nasdaq,
2025-09-16,ENOFUTBLQ1-27,61.75,61.60,61.75,61.85,61.75,292,,,nasdaq,
2025-09-16,ENOFUTBLQ2-26,33.70,33.60,33.75,34.00,33.60,574,,,nasdaq,
2025-09-16,ENOFUTBLQ2-27,28.75,28.25,29.20,29.40,29.40,58,,,nasdaq,
2025-09-16,ENOFUTBLQ3-26,25.25,25.00,25.30,25.30,25.20,447,,,nasdaq,
2025-09-16,ENOFUTBLQ3-27,21.75,21.20,21.80,,,52,,,nasdaq,
2025-09-16,ENOFUTBLQ4-26,47.75,47.60,48.20,47.90,47.50,637,,,nasdaq,
2025-09-16,ENOFUTBLQ4-27,46.70,46.70,47.00,46.70,46.70,100,,,nasdaq,
2025-09-16,ENOFUTBLYR-27,39.65,39.60,39.70,39.90,39.75,2436,,,nasdaq,
2025-09-16,ENOFUTBLYR-28,39.65,39.60,40.10,39.70,39.70,1009,,,nasdaq,
2025-09-16,ENOFUTBLYR-29,41.25,41.00,41.50,,,239,,,nasdaq,
2025-09-16,ENOFUTBLYR-30,41.60,41.50,43.20,41.50,41.50,139,,,nasdaq,
2025-09-16,ENOFUTBLYR-31,41.65,,,,,40,,,nasdaq,
2025-09-16,ENOFUTBLYR-32,41.90,,,,,1,,,nasdaq,
2025-09-16,ENOFUTBLYR-33,42.35,,,,,1,,,nasdaq,
2025-09-16,ENOFUTBLYR-34,43.00,,,,,1,,,nasdaq,
2025-09-16,ENOFUTBLYR-35,43.35,,,,,,,,nasdaq,
2025-09-17,ENOFUTBLQ1-27,61.60,61.45,61.60,61.60,61.60,293,,,nasdaq,
2025-09-17,ENOFUTBLQ2-26,33.70,33.58,34.00,33.73,33.70,576,,,nasdaq,
2025-09-17,ENOFUTBLQ2-27,28.65,27.40,30.65,,,58,,,nasdaq,
2025-09-17,ENOFUTBLQ3-26,25.00,25.00,25.25,25.00,25.00,447,,,nasdaq,
2025-09-17,ENOFUTBLQ3-27,21.80,21.50,23.95,21.80,21.80,52,,,nasdaq,
2025-09-17,ENOFUTBLQ4-26,47.70,46.90,47.65,47.70,47.70,653,,,nasdaq,
2025-09-17,ENOFUTBLQ4-27,46.50,45.60,47.00,46.50,46.50,101,,,nasdaq,
2025-09-17,ENOFUTBLYR-27,39.55,39.55,39.70,39.75,39.55,2440,,,nasdaq,
2025-09-17,ENOFUTBLYR-28,39.65,38.75,39.70,39.65,39.65,1009,,,nasdaq,
2025-09-17,ENOFUTBLYR-29,41.25,41.00,41.35,,,239,,,nasdaq,
2025-09-17,ENOFUTBLYR-30,41.60,41.25,44.05,,,143,,,nasdaq,
2025-09-17,ENOFUTBLYR-31,41.65,,,,,40,,,nasdaq,
2025-09-17,ENOFUTBLYR-32,41.90,,,,,1,,,nasdaq,
2025-09-17,ENOFUTBLYR-33,42.35,,,,,1,,,nasdaq,
2025-09-17,ENOFUTBLYR-34,43.00,,,,,1,,,nasdaq,
2025-09-17,ENOFUTBLYR-35,43.35,,,,,,,,nasdaq,
2025-09-18,ENOFUTBLQ1-27,61.65,60.25,61.70,,,294,,,nasdaq,
2025-09-18,ENOFUTBLQ2-26,33.70,33.65,34.25,,,582,,,nasdaq,
2025-09-18,ENOFUTBLQ2-27,28.60,28.30,,,,58,,,nasdaq,
2025-09-18,ENOFUTBLQ3-26,24.97,24.90,25.35,,,452,,,nasdaq,
2025-09-18,ENOFUTBLQ3-27,21.70,21.50,,,,54,,,nasdaq,
2025-09-18,ENOFUTBLQ4-26,47.30,47.25,48.35,,,654,,,nasdaq,
2025-09-18,ENOFUTBLQ4-27,46.42,44.00,47.00,,,102,,,nasdaq,
2025-09-18,ENOFUTBLYR-27,39.50,39.45,39.55,,,2457,,,nasdaq,
2025-09-18,ENOFUTBLYR-28,39.50,39.30,39.50,,,1016,,,nasdaq,
2025-09-18,ENOFUTBLYR-29,41.25,41.00,41.40,,,240,,,nasdaq,
2025-09-18,ENOFUTBLYR-30,41.60,41.20,,,,143,,,nasdaq,
2025-09-18,ENOFUTBLYR-31,41.65,,,,,40,,,nasdaq,
2025-09-18,ENOFUTBLYR-32,41.90,,,,,1,,,nasdaq,
2025-09-18,ENOFUTBLYR-33,42.35,,,,,1,,,nasdaq,
2025-09-18,ENOFUTBLYR-34,43.00,,,,,1,,,nasdaq,
2025-09-18,ENOFUTBLYR-35,43.35,,,,,,,,nasdaq,
2025-09-19,ENOFUTBLQ1-27,61.50,59.50,61.50,,,299,,,nasdaq,
2025-09-19,ENOFUTBLQ2-26,34.25,33.55,35.70,,,582,,,nasdaq,
2025-09-19,ENOFUTBLQ2-27,28.75,26.90,,,,58,,,nasdaq,
2025-09-19,ENOFUTBLQ3-26,25.20,24.90,25.50,,,452,,,nasdaq,
2025-09-19,ENOFUTBLQ3-27,21.85,21.25,,,,54,,,nasdaq,
2025-09-19,ENOFUTBLQ4-26,47.05,47.00,47.50,,,654,,,nasdaq,
2025-09-19,ENOFUTBLQ4-27,46.50,46.00,47.00,,,102,,,nasdaq,
2025-09-19,ENOFUTBLYR-27,39.58,39.50,39.65,39.50,39.30,2465,,,nasdaq,
2025-09-19,ENOFUTBLYR-28,39.45,39.00,39.70,39.45,39.30,1018,,,nasdaq,
2025-09-19,ENOFUTBLYR-29,41.25,41.00,41.70,,,240,,,nasdaq,
2025-09-19,ENOFUTBLYR-30,41.60,41.20,,,,143,,,nasdaq,
2025-09-19,ENOFUTBLYR-31,41.65,,,,,40,,,nasdaq,
2025-09-19,ENOFUTBLYR-32,41.90,,,,,1,,,nasdaq,
2025-09-19,ENOFUTBLYR-33,42.35,,,,,1,,,nasdaq,
2025-09-19,ENOFUTBLYR-34,43.00,,,,,1,,,nasdaq,
2025-09-19,ENOFUTBLYR-35,43.35,,,,,,,,nasdaq,
2025-09-22,ENOFUTBLQ1-27,61.50,,,,,300,,,nasdaq,
2025-09-22,ENOFUTBLQ2-26,34.30,34.00,34.95,34.30,34.25,582,,,nasdaq,
2025-09-22,ENOFUTBLQ2-27,28.75,,,,,58,,,nasdaq,
2025-09-22,ENOFUTBLQ3-26,25.45,25.25,25.45,25.45,25.25,452,,,nasdaq,
2025-09-22,ENOFUTBLQ3-27,21.85,,,,,54,,,nasdaq,
2025-09-22,ENOFUTBLQ4-26,47.10,46.50,47.70,,,654,,,nasdaq,
2025-09-22,ENOFUTBLQ4-27,46.88,46.50,47.25,,,102,,,nasdaq,
2025-09-22,ENOFUTBLYR-27,39.70,39.60,39.70,39.70,39.65,2486,,,nasdaq,
2025-09-22,ENOFUTBLYR-28,39.45,39.20,39.60,,,1023,,,nasdaq,
2025-09-22,ENOFUTBLYR-29,41.25,41.25,41.50,,,240,,,nasdaq,
2025-09-22,ENOFUTBLYR-30,41.60,40.75,42.00,,,143,,,nasdaq,
2025-09-22,ENOFUTBLYR-31,41.65,,,,,40,,,nasdaq,
2025-09-22,ENOFUTBLYR-32,41.90,,,,,1,,,nasdaq,
2025-09-22,ENOFUTBLYR-33,42.35,,,,,1,,,nasdaq,
2025-09-22,ENOFUTBLYR-34,43.00,,,,,1,,,nasdaq,
2025-09-22,ENOFUTBLYR-35,43.35,,,,,,,,nasdaq,
2025-09-23,ENOFUTBLQ1-27,61.25,61.00,61.65,,,300,,,nasdaq,
2025-09-23,ENOFUTBLQ2-26,34.75,34.70,34.80,34.75,34.50,599,,,nasdaq,
2025-09-23,ENOFUTBLQ2-27,29.00,28.50,30.20,,,58,,,nasdaq,
2025-09-23,ENOFUTBLQ3-26,25.75,25.65,25.75,25.75,25.60,453,,,nasdaq,
2025-09-23,ENOFUTBLQ3-27,21.90,21.85,23.70,21.85,21.85,54,,,nasdaq,
2025-09-23,ENOFUTBLQ4-26,47.55,47.55,47.60,47.55,47.55,654,,,nasdaq,
2025-09-23,ENOFUTBLQ4-27,47.00,46.90,48.70,,,102,,,nasdaq,
2025-09-23,ENOFUTBLYR-27,39.70,39.70,39.80,,,2489,,,nasdaq,
2025-09-23,ENOFUTBLYR-28,39.75,39.55,39.70,,,1029,,,nasdaq,
2025-09-23,ENOFUTBLYR-29,41.60,41.30,41.60,41.60,41.60,240,,,nasdaq,
2025-09-23,ENOFUTBLYR-30,41.75,40.35,43.95,,,143,,,nasdaq,
2025-09-23,ENOFUTBLYR-31,41.80,,,,,40,,,nasdaq,
2025-09-23,ENOFUTBLYR-32,41.90,,,,,1,,,nasdaq,
2025-09-23,ENOFUTBLYR-33,42.35,,,,,1,,,nasdaq,
2025-09-23,ENOFUTBLYR-34,43.00,,,,,1,,,nasdaq,
2025-09-23,ENOFUTBLYR-35,43.35,,,,,,,,nasdaq,
2025-09-24,ENOFUTBLQ1-27,61.30,61.25,61.75,61.30,61.30,300,,,nasdaq,
2025-09-24,ENOFUTBLQ2-26,34.73,34.60,34.90,34.70,34.50,601,,,nasdaq,
2025-09-24,ENOFUTBLQ2-27,28.80,28.75,30.25,,,58,,,nasdaq,
2025-09-24,ENOFUTBLQ3-26,25.50,24.25,25.85,25.65,25.50,453,,,nasdaq,
2025-09-24,ENOFUTBLQ3-27,21.65,21.25,21.90,,,55,,,nasdaq,
2025-09-24,ENOFUTBLQ4-26,47.25,47.10,47.65,47.55,47.25,650,,,nasdaq,
2025-09-24,ENOFUTBLQ4-27,46.90,45.38,46.90,47.00,46.90,102,,,nasdaq,
2025-09-24,ENOFUTBLYR-27,39.55,39.50,39.90,39.70,39.55,2498,,,nasdaq,
2025-09-24,ENOFUTBLYR-28,39.65,39.65,41.35,39.65,39.65,1031,,,nasdaq,
2025-09-24,ENOFUTBLYR-29,41.60,41.35,43.40,,,240,,,nasdaq,
2025-09-24,ENOFUTBLYR-30,41.75,40.85,43.95,,,143,,,nasdaq,
2025-09-24,ENOFUTBLYR-31,41.80,,,,,40,,,nasdaq,
2025-09-24,ENOFUTBLYR-32,41.90,,,,,1,,,nasdaq,
2025-09-24,ENOFUTBLYR-33,42.35,,,,,1,,,nasdaq,
2025-09-24,ENOFUTBLYR-34,43.00,,,,,1,,,nasdaq,
2025-09-24,ENOFUTBLYR-35,43.35,,,,,,,,nasdaq,
2025-09-25,ENOFUTBLQ1-27,61.50,61.50,62.00,61.50,61.30,307,,,nasdaq,
2025-09-25,ENOFUTBLQ2-26,35.33,35.15,35.50,35.10,34.90,604,,,nasdaq,
2025-09-25,ENOFUTBLQ2-27,29.38,28.75,30.00,,,58,,,nasdaq,
2025-09-25,ENOFUTBLQ3-26,25.90,25.80,26.00,25.90,25.55,454,,,nasdaq,
2025-09-25,ENOFUTBLQ3-27,22.30,21.60,23.00,,,55,,,nasdaq,
2025-09-25,ENOFUTBLQ4-26,47.50,45.80,49.00,47.50,47.25,664,,,nasdaq,
2025-09-25,ENOFUTBLQ4-27,47.15,44.45,48.15,,,114,,,nasdaq,
2025-09-25,ENOFUTBLYR-27,40.00,39.90,40.00,40.00,39.74,2523,,,nasdaq,
2025-09-25,ENOFUTBLYR-28,39.75,39.75,40.00,39.75,39.75,1038,,,nasdaq,
2025-09-25,ENOFUTBLYR-29,41.80,41.60,42.00,,,243,,,nasdaq,
2025-09-25,ENOFUTBLYR-30,41.85,40.25,43.25,,,143,,,nasdaq,
2025-09-25,ENOFUTBLYR-31,41.90,,,,,40,,,nasdaq,
2025-09-25,ENOFUTBLYR-32,42.00,,,,,1,,,nasdaq,
2025-09-25,ENOFUTBLYR-33,42.45,,,,,1,,,nasdaq,
2025-09-25,ENOFUTBLYR-34,43.10,,,,,1,,,nasdaq,
2025-09-25,ENOFUTBLYR-35,43.45,,,,,,,,nasdaq,
2025-09-26,ENOFUTBLQ1-27,61.50,61.00,62.00,,,313,,,nasdaq,
2025-09-26,ENOFUTBLQ2-26,35.30,35.20,35.50,35.50,35.10,604,,,nasdaq,
2025-09-26,ENOFUTBLQ2-27,29.00,28.80,30.45,,,58,,,nasdaq,
2025-09-26,ENOFUTBLQ3-26,25.73,25.50,25.95,,,456,,,nasdaq,
2025-09-26,ENOFUTBLQ3-27,22.15,21.75,23.35,,,55,,,nasdaq,
2025-09-26,ENOFUTBLQ4-26,47.30,47.00,48.15,,,658,,,nasdaq,
2025-09-26,ENOFUTBLQ4-27,47.00,45.55,48.45,,,114,,,nasdaq,
2025-09-26,ENOFUTBLYR-27,39.81,39.76,39.85,39.75,39.75,2541,,,nasdaq,
2025-09-26,ENOFUTBLYR-28,39.55,39.50,39.85,39.55,39.50,1038,,,nasdaq,
2025-09-26,ENOFUTBLYR-29,41.80,41.50,42.25,41.80,41.80,243,,,nasdaq,
2025-09-26,ENOFUTBLYR-30,41.85,41.00,42.50,,,143,,,nasdaq,
2025-09-26,ENOFUTBLYR-31,41.90,,,,,40,,,nasdaq,
2025-09-26,ENOFUTBLYR-32,42.00,,,,,1,,,nasdaq,
2025-09-26,ENOFUTBLYR-33,42.45,,,,,1,,,nasdaq,
2025-09-26,ENOFUTBLYR-34,43.10,,,,,1,,,nasdaq,
2025-09-26,ENOFUTBLYR-35,43.45,,,,,,,,nasdaq,
2025-09-29,ENOFUTBLQ1-27,61.85,61.70,62.00,,,313,,,nasdaq,
2025-09-29,ENOFUTBLQ2-26,35.10,35.10,35.35,35.20,35.00,611,,,nasdaq,
2025-09-29,ENOFUTBLQ2-27,28.60,28.55,31.65,,,58,,,nasdaq,
2025-09-29,ENOFUTBLQ3-26,25.55,25.50,25.70,25.60,25.55,456,,,nasdaq,
2025-09-29,ENOFUTBLQ3-27,23.00,21.00,23.00,23.00,23.00,55,,,nasdaq,
2025-09-29,ENOFUTBLQ4-26,47.00,43.50,47.15,47.20,47.00,658,,,nasdaq,
2025-09-29,ENOFUTBLQ4-27,47.00,44.25,47.25,47.00,47.00,114,,,nasdaq,
2025-09-29,ENOFUTBLYR-27,39.80,39.75,39.90,39.85,39.80,2547,,,nasdaq,
2025-09-29,ENOFUTBLYR-28,39.65,39.45,40.00,39.65,39.65,1046,,,nasdaq,
2025-09-29,ENOFUTBLYR-29,41.80,41.25,41.95,42.00,42.00,243,,,nasdaq,
2025-09-29,ENOFUTBLYR-30,41.85,41.50,42.50,,,143,,,nasdaq,
2025-09-29,ENOFUTBLYR-31,41.90,,,,,40,,,nasdaq,
2025-09-29,ENOFUTBLYR-32,42.00,,,,,1,,,nasdaq,
2025-09-29,ENOFUTBLYR-33,42.45,,,,,1,,,nasdaq,
2025-09-29,ENOFUTBLYR-34,43.10,,,,,1,,,nasdaq,
2025-09-29,ENOFUTBLYR-35,43.45,,,,,,,,nasdaq,
2025-09-30,ENOFUTBLQ1-27,61.35,61.00,61.80,61.95,61.85,313,,,nasdaq,
2025-09-30,ENOFUTBLQ2-26,35.20,34.85,35.30,35.25,35.15,615,,,nasdaq,
2025-09-30,ENOFUTBLQ2-27,29.30,28.65,29.90,29.30,29.30,58,,,nasdaq,
2025-09-30,ENOFUTBLQ3-26,25.50,25.00,25.65,25.70,25.70,458,,,nasdaq,
2025-09-30,ENOFUTBLQ3-27,22.00,21.35,22.25,22.25,22.25,56,,,nasdaq,
2025-09-30,ENOFUTBLQ4-26,46.60,46.10,47.10,,,661,,,nasdaq,
2025-09-30,ENOFUTBLQ4-27,46.70,46.70,47.00,,,115,,,nasdaq,
2025-09-30,ENOFUTBLYR-27,39.75,39.35,39.75,39.82,39.75,2551,,,nasdaq,
2025-09-30,ENOFUTBLYR-28,39.70,39.50,39.90,,,1048,,,nasdaq,
2025-09-30,ENOFUTBLYR-29,41.80,41.50,41.90,,,244,,,nasdaq,
2025-09-30,ENOFUTBLYR-30,41.85,40.25,43.70,,,143,,,nasdaq,
2025-09-30,ENOFUTBLYR-31,41.90,,,,,40,,,nasdaq,
2025-09-30,ENOFUTBLYR-32,42.00,,,,,1,,,nasdaq,
2025-09-30,ENOFUTBLYR-33,42.45,,,,,1,,,nasdaq,
2025-09-30,ENOFUTBLYR-34,43.10,,,,,1,,,nasdaq,
2025-09-30,ENOFUTBLYR-35,43.45,,,,,,,,nasdaq,
2025-10-01,ENOFUTBLQ1-27,60.68,60.00,60.85,60.50,60.50,314,,,nasdaq,
2025-10-01,ENOFUTBLQ2-26,34.45,34.35,34.55,34.80,34.40,630,,,nasdaq,
2025-10-01,ENOFUTBLQ2-27,28.70,28.70,29.00,28.70,28.70,61,,,nasdaq,
2025-10-01,ENOFUTBLQ3-26,24.75,24.60,24.85,25.25,24.75,470,,,nasdaq,
2025-10-01,ENOFUTBLQ3-27,21.45,21.00,21.90,,,62,,,nasdaq,
2025-10-01,ENOFUTBLQ4-26,45.95,45.75,46.15,46.35,46.35,661,,,nasdaq,
2025-10-01,ENOFUTBLQ4-27,46.50,44.75,46.75,,,120,,,nasdaq,
2025-10-01,ENOFUTBLYR-27,39.25,39.00,39.35,39.40,39.25,2557,,,nasdaq,
2025-10-01,ENOFUTBLYR-28,39.40,39.25,39.50,39.40,39.40,1051,,,nasdaq,
2025-10-01,ENOFUTBLYR-29,41.45,41.25,41.65,,,244,,,nasdaq,
2025-10-01,ENOFUTBLYR-30,41.85,41.15,43.30,,,143,,,nasdaq,
2025-10-01,ENOFUTBLYR-31,41.90,,,,,40,,,nasdaq,
2025-10-01,ENOFUTBLYR-32,42.00,,,,,1,,,nasdaq,
2025-10-01,ENOFUTBLYR-33,42.45,,,,,1,,,nasdaq,
2025-10-01,ENOFUTBLYR-34,43.10,,,,,1,,,nasdaq,
2025-10-01,ENOFUTBLYR-35,43.45,,,,,,,,nasdaq,
2025-10-02,ENOFUTBLQ1-27,60.28,60.05,60.50,60.00,60.00,315,,,nasdaq,
2025-10-02,ENOFUTBLQ2-26,33.60,33.60,33.95,34.15,33.00,651,,,nasdaq,
2025-10-02,ENOFUTBLQ2-27,28.48,28.05,28.90,29.00,29.00,61,,,nasdaq,
2025-10-02,ENOFUTBLQ3-26,24.40,23.95,25.65,24.45,24.00,494,,,nasdaq,
2025-10-02,ENOFUTBLQ3-27,21.45,20.75,22.85,,,62,,,nasdaq,
2025-10-02,ENOFUTBLQ4-26,45.45,45.40,45.95,45.30,45.30,662,,,nasdaq,
2025-10-02,ENOFUTBLQ4-27,46.45,45.20,46.65,,,120,,,nasdaq,
2025-10-02,ENOFUTBLYR-27,39.08,39.00,39.15,39.00,38.80,2566,,,nasdaq,
2025-10-02,ENOFUTBLYR-28,39.20,39.15,39.50,39.10,39.00,1053,,,nasdaq,
2025-10-02,ENOFUTBLYR-29,41.20,41.10,41.40,41.25,41.20,244,,,nasdaq,
2025-10-02,ENOFUTBLYR-30,41.85,41.40,42.50,,,143,,,nasdaq,
2025-10-02,ENOFUTBLYR-31,41.90,,,,,40,,,nasdaq,
2025-10-02,ENOFUTBLYR-32,42.00,,,,,1,,,nasdaq,
2025-10-02,ENOFUTBLYR-33,42.45,,,,,1,,,nasdaq,
2025-10-02,ENOFUTBLYR-34,43.10,,,,,1,,,nasdaq,
2025-10-02,ENOFUTBLYR-35,43.45,,,,,,,,nasdaq,
2025-10-03,ENOFUTBLQ1-27,60.58,60.50,60.75,,,312,,,nasdaq,
2025-10-03,ENOFUTBLQ2-26,34.50,34.20,34.65,34.80,34.50,658,,,nasdaq,
2025-10-03,ENOFUTBLQ2-27,29.25,29.15,30.20,,,68,,,nasdaq,
2025-10-03,ENOFUTBLQ3-26,24.65,24.60,24.95,,,499,,,nasdaq,
2025-10-03,ENOFUTBLQ3-27,22.47,21.25,23.20,,,62,,,nasdaq,
2025-10-03,ENOFUTBLQ4-26,45.50,45.45,46.25,,,666,,,nasdaq,
2025-10-03,ENOFUTBLQ4-27,46.45,45.40,47.00,,,120,,,nasdaq,
2025-10-03,ENOFUTBLYR-27,39.60,39.50,39.65,39.65,39.30,2571,,,nasdaq,
2025-10-03,ENOFUTBLYR-28,39.50,39.00,39.65,,,1066,,,nasdaq,
2025-10-03,ENOFUTBLYR-29,41.25,40.15,41.70,,,245,,,nasdaq,
2025-10-03,ENOFUTBLYR-30,41.85,40.30,43.40,,,143,,,nasdaq,
2025-10-03,ENOFUTBLYR-31,41.90,,,,,40,,,nasdaq,
2025-10-03,ENOFUTBLYR-32,42.00,,,,,1,,,nasdaq,
2025-10-03,ENOFUTBLYR-33,42.45,,,,,1,,,nasdaq,
2025-10-03,ENOFUTBLYR-34,43.10,,,,,1,,,nasdaq,
2025-10-03,ENOFUTBLYR-35,43.45,,,,,,,,nasdaq,
2025-10-06,ENOFUTBLQ1-27,60.75,59.70,61.80,,,312,,,nasdaq,
2025-10-06,ENOFUTBLQ2-26,35.50,35.35,35.50,35.50,35.25,666,,,nasdaq,
2025-10-06,ENOFUTBLQ2-27,29.55,28.30,31.30,,,68,,,nasdaq,
2025-10-06,ENOFUTBLQ3-26,25.35,25.10,25.40,25.20,25.00,499,,,nasdaq,
2025-10-06,ENOFUTBLQ3-27,22.75,21.60,24.60,,,62,,,nasdaq,
2025-10-06,ENOFUTBLQ4-26,46.00,46.00,46.75,,,666,,,nasdaq,
2025-10-06,ENOFUTBLQ4-27,46.75,46.00,48.60,,,120,,,nasdaq,
2025-10-06,ENOFUTBLYR-27,39.85,39.90,40.00,39.90,39.85,2581,,,nasdaq,
2025-10-06,ENOFUTBLYR-28,39.70,39.50,41.20,,,1068,,,nasdaq,
2025-10-06,ENOFUTBLYR-29,41.50,40.10,41.65,41.50,41.50,245,,,nasdaq,
2025-10-06,ENOFUTBLYR-30,41.93,41.05,42.80,,,143,,,nasdaq,
2025-10-06,ENOFUTBLYR-31,42.00,,,,,40,,,nasdaq,
2025-10-06,ENOFUTBLYR-32,42.10,,,,,1,,,nasdaq,
2025-10-06,ENOFUTBLYR-33,42.55,,,,,1,,,nasdaq,
2025-10-06,ENOFUTBLYR-34,43.20,,,,,1,,,nasdaq,
2025-10-06,ENOFUTBLYR-35,43.55,,,,,,,,nasdaq,
2025-10-07,ENOFUTBLQ1-27,60.55,60.30,60.65,60.75,60.75,312,,,nasdaq,
2025-10-07,ENOFUTBLQ2-26,35.15,35.06,35.30,35.50,35.15,670,,,nasdaq,
2025-10-07,ENOFUTBLQ2-27,29.55,28.60,32.75,,,68,,,nasdaq,
2025-10-07,ENOFUTBLQ3-26,25.25,25.10,25.60,25.25,25.25,501,,,nasdaq,
2025-10-07,ENOFUTBLQ3-27,22.20,22.00,25.75,,,62,,,nasdaq,
2025-10-07,ENOFUTBLQ4-26,46.00,45.85,46.20,46.15,45.80,667,,,nasdaq,
2025-10-07,ENOFUTBLQ4-27,46.25,45.85,46.70,46.75,46.75,120,,,nasdaq,
2025-10-07,ENOFUTBLYR-27,39.55,39.50,39.74,39.70,39.70,2589,,,nasdaq,
2025-10-07,ENOFUTBLYR-28,39.65,39.55,41.00,39.65,39.65,1077,,,nasdaq,
2025-10-07,ENOFUTBLYR-29,41.50,40.55,42.00,,,245,,,nasdaq,
2025-10-07,ENOFUTBLYR-30,41.93,41.05,,,,143,,,nasdaq,
2025-10-07,ENOFUTBLYR-31,42.00,,,,,40,,,nasdaq,
2025-10-07,ENOFUTBLYR-32,42.10,,,,,1,,,nasdaq,
2025-10-07,ENOFUTBLYR-33,42.55,,,,,1,,,nasdaq,
2025-10-07,ENOFUTBLYR-34,43.20,,,,,1,,,nasdaq,
2025-10-07,ENOFUTBLYR-35,43.55,,,,,,,,nasdaq,
2025-10-08,ENOFUTBLQ1-27,60.00,59.90,60.45,60.45,60.00,316,,,nasdaq,
2025-10-08,ENOFUTBLQ2-26,34.20,34.00,35.00,34.85,34.20,695,,,nasdaq,
2025-10-08,ENOFUTBLQ2-27,29.20,29.00,31.00,29.20,29.20,68,,,nasdaq,
2025-10-08,ENOFUTBLQ3-26,24.90,24.50,24.90,24.90,24.90,501,,,nasdaq,
2025-10-08,ENOFUTBLQ3-27,22.00,21.50,24.40,,,62,,,nasdaq,
2025-10-08,ENOFUTBLQ4-26,45.50,44.50,45.65,45.90,45.50,695,,,nasdaq,
2025-10-08,ENOFUTBLQ4-27,46.15,45.60,46.40,,,120,,,nasdaq,
2025-10-08,ENOFUTBLYR-27,39.25,39.05,39.50,39.55,39.25,2599,,,nasdaq,
2025-10-08,ENOFUTBLYR-28,39.50,39.00,39.60,39.55,39.50,1080,,,nasdaq,
2025-10-08,ENOFUTBLYR-29,41.35,40.50,41.45,,,245,,,nasdaq,
2025-10-08,ENOFUTBLYR-30,41.88,40.35,,,,143,,,nasdaq,
2025-10-08,ENOFUTBLYR-31,41.95,,,,,40,,,nasdaq,
2025-10-08,ENOFUTBLYR-32,42.05,,,,,1,,,nasdaq,
2025-10-08,ENOFUTBLYR-33,42.50,,,,,1,,,nasdaq,
2025-10-08,ENOFUTBLYR-34,43.15,,,,,1,,,nasdaq,
2025-10-08,ENOFUTBLYR-35,43.50,,,,,,,,nasdaq,
2025-10-09,ENOFUTBLQ1-27,59.80,59.65,59.90,59.80,59.70,320,,,nasdaq,
2025-10-09,ENOFUTBLQ2-26,33.65,33.60,33.90,33.70,33.50,700,,,nasdaq,
2025-10-09,ENOFUTBLQ2-27,28.90,28.70,30.95,,,68,,,nasdaq,
2025-10-09,ENOFUTBLQ3-26,24.50,24.35,25.55,24.50,24.50,509,,,nasdaq,
2025-10-09,ENOFUTBLQ3-27,21.50,21.25,21.75,,,62,,,nasdaq,
2025-10-09,ENOFUTBLQ4-26,45.15,44.50,45.55,45.15,45.15,706,,,nasdaq,
2025-10-09,ENOFUTBLQ4-27,45.75,45.60,46.40,,,119,,,nasdaq,
2025-10-09,ENOFUTBLYR-27,38.90,38.80,38.90,39.05,38.80,2606,,,nasdaq,
2025-10-09,ENOFUTBLYR-28,39.25,39.20,39.40,39.40,39.30,1086,,,nasdaq,
2025-10-09,ENOFUTBLYR-29,41.30,40.70,41.40,,,245,,,nasdaq,
2025-10-09,ENOFUTBLYR-30,41.85,,,,,143,,,nasdaq,
2025-10-09,ENOFUTBLYR-31,41.95,,,,,40,,,nasdaq,
2025-10-09,ENOFUTBLYR-32,42.05,,,,,1,,,nasdaq,
2025-10-09,ENOFUTBLYR-33,42.50,,,,,1,,,nasdaq,
2025-10-09,ENOFUTBLYR-34,43.15,,,,,1,,,nasdaq,
2025-10-09,ENOFUTBLYR-35,43.50,,,,,,,,nasdaq,
2025-10-10,ENOFUTBLQ1-27,60.00,59.90,62.75,,,324,,,nasdaq,
2025-10-10,ENOFUTBLQ2-26,33.85,33.85,33.95,33.85,33.75,701,,,nasdaq,
2025-10-10,ENOFUTBLQ2-27,29.20,29.10,30.00,,,68,,,nasdaq,
2025-10-10,ENOFUTBLQ3-26,24.68,24.51,24.85,,,518,,,nasdaq,
2025-10-10,ENOFUTBLQ3-27,21.55,21.45,24.00,,,62,,,nasdaq,
2025-10-10,ENOFUTBLQ4-26,45.25,45.00,45.30,45.25,45.25,708,,,nasdaq,
2025-10-10,ENOFUTBLQ4-27,46.05,45.95,46.50,,,119,,,nasdaq,
2025-10-10,ENOFUTBLYR-27,39.10,39.00,39.10,39.10,39.10,2615,,,nasdaq,
2025-10-10,ENOFUTBLYR-28,39.20,39.10,39.30,,,1094,,,nasdaq,
2025-10-10,ENOFUTBLYR-29,41.20,40.05,41.30,41.20,41.20,239,,,nasdaq,
2025-10-10,ENOFUTBLYR-30,41.95,41.45,42.10,,,145,,,nasdaq,
2025-10-10,ENOFUTBLYR-31,42.00,,,,,40,,,nasdaq,
2025-10-10,ENOFUTBLYR-32,42.05,,,,,1,,,nasdaq,
2025-10-10,ENOFUTBLYR-33,42.50,,,,,1,,,nasdaq,
2025-10-10,ENOFUTBLYR-34,43.15,,,,,1,,,nasdaq,
2025-10-10,ENOFUTBLYR-35,43.50,,,,,,,,nasdaq,
2025-10-13,ENOFUTBLQ1-27,59.60,58.80,61.80,59.65,59.60,324,,,nasdaq,
2025-10-13,ENOFUTBLQ2-26,33.25,32.90,33.50,33.75,32.75,704,,,nasdaq,
2025-10-13,ENOFUTBLQ2-27,29.00,28.50,31.15,29.20,29.00,68,,,nasdaq,
2025-10-13,ENOFUTBLQ3-26,24.05,23.55,24.10,24.05,24.05,518,,,nasdaq,
2025-10-13,ENOFUTBLQ3-27,21.05,20.80,22.80,21.05,21.00,62,,,nasdaq,
2025-10-13,ENOFUTBLQ4-26,44.75,44.35,44.95,45.10,44.75,710,,,nasdaq,
2025-10-13,ENOFUTBLQ4-27,45.50,45.50,45.90,46.05,45.50,119,,,nasdaq,
2025-10-13,ENOFUTBLYR-27,38.75,38.60,38.90,39.00,38.75,2606,,,nasdaq,
2025-10-13,ENOFUTBLYR-28,38.83,38.75,39.30,39.00,38.90,1102,,,nasdaq,
2025-10-13,ENOFUTBLYR-29,40.90,39.65,41.10,,,239,,,nasdaq,
2025-10-13,ENOFUTBLYR-30,41.65,41.35,41.95,,,171,,,nasdaq,
2025-10-13,ENOFUTBLYR-31,41.85,,,,,40,,,nasdaq,
2025-10-13,ENOFUTBLYR-32,41.90,,,,,1,,,nasdaq,
2025-10-13,ENOFUTBLYR-33,42.35,,,,,1,,,nasdaq,
2025-10-13,ENOFUTBLYR-34,43.00,,,,,1,,,nasdaq,
2025-10-13,ENOFUTBLYR-35,43.35,,,,,,,,nasdaq,
2025-10-14,ENOFUTBLQ1-27,59.75,59.70,60.95,59.75,59.55,342,,,nasdaq,
2025-10-14,ENOFUTBLQ2-26,32.87,32.85,33.15,33.25,32.50,708,,,nasdaq,
2025-10-14,ENOFUTBLQ2-27,29.00,29.00,29.04,29.05,29.05,70,,,nasdaq,
2025-10-14,ENOFUTBLQ3-26,23.78,23.75,24.00,24.00,23.65,520,,,nasdaq,
2025-10-14,ENOFUTBLQ3-27,21.35,21.10,22.45,21.40,21.25,67,,,nasdaq,
2025-10-14,ENOFUTBLQ4-26,44.35,44.35,44.95,,,714,,,nasdaq,
2025-10-14,ENOFUTBLQ4-27,45.75,45.50,45.70,45.75,45.75,121,,,nasdaq,
2025-10-14,ENOFUTBLYR-27,38.74,38.70,38.82,38.75,38.60,2611,,,nasdaq,
2025-10-14,ENOFUTBLYR-28,38.85,38.50,39.20,38.85,38.75,1109,,,nasdaq,
2025-10-14,ENOFUTBLYR-29,40.90,40.12,41.40,,,239,,,nasdaq,
2025-10-14,ENOFUTBLYR-30,41.75,41.12,43.00,,,171,,,nasdaq,
2025-10-14,ENOFUTBLYR-31,41.85,,,,,40,,,nasdaq,
2025-10-14,ENOFUTBLYR-32,41.90,,,,,1,,,nasdaq,
2025-10-14,ENOFUTBLYR-33,42.35,,,,,1,,,nasdaq,
2025-10-14,ENOFUTBLYR-34,43.00,,,,,1,,,nasdaq,
2025-10-14,ENOFUTBLYR-35,43.35,,,,,,,,nasdaq,
2025-10-15,ENOFUTBLQ1-27,59.90,59.80,60.00,,,349,,,nasdaq,
2025-10-15,ENOFUTBLQ2-26,32.70,32.50,32.90,,,716,,,nasdaq,
2025-10-15,ENOFUTBLQ2-27,28.85,28.50,29.20,,,72,,,nasdaq,
2025-10-15,ENOFUTBLQ3-26,23.75,23.50,23.75,23.75,23.75,534,,,nasdaq,
2025-10-15,ENOFUTBLQ3-27,21.25,21.15,22.75,,,67,,,nasdaq,
2025-10-15,ENOFUTBLQ4-26,44.43,44.30,44.55,,,716,,,nasdaq,
2025-10-15,ENOFUTBLQ4-27,45.45,45.25,45.80,,,122,,,nasdaq,
2025-10-15,ENOFUTBLYR-27,38.75,38.70,38.95,,,2626,,,nasdaq,
2025-10-15,ENOFUTBLYR-28,38.75,38.75,38.85,38.90,38.75,1115,,,nasdaq,
2025-10-15,ENOFUTBLYR-29,41.00,39.40,41.35,,,239,,,nasdaq,
2025-10-15,ENOFUTBLYR-30,41.75,40.25,43.75,,,173,,,nasdaq,
2025-10-15,ENOFUTBLYR-31,41.85,,,,,40,,,nasdaq,
2025-10-15,ENOFUTBLYR-32,41.90,,,,,1,,,nasdaq,
2025-10-15,ENOFUTBLYR-33,42.35,,,,,1,,,nasdaq,
2025-10-15,ENOFUTBLYR-34,43.00,,,,,1,,,nasdaq,
2025-10-15,ENOFUTBLYR-35,43.35,,,,,,,,nasdaq,
2025-10-16,ENOFUTBLQ1-27,60.00,60.10,61.50,,,349,,,nasdaq,
2025-10-16,ENOFUTBLQ2-26,33.68,33.60,33.95,33.50,33.50,715,,,nasdaq,
2025-10-16,ENOFUTBLQ2-27,29.60,29.05,30.40,,,72,,,nasdaq,
2025-10-16,ENOFUTBLQ3-26,24.25,23.60,24.50,24.25,24.00,534,,,nasdaq,
2025-10-16,ENOFUTBLQ3-27,21.50,21.40,22.80,21.50,21.50,67,,,nasdaq,
2025-10-16,ENOFUTBLQ4-26,44.85,44.85,45.80,44.85,44.70,716,,,nasdaq,
2025-10-16,ENOFUTBLQ4-27,45.65,45.50,46.05,,,122,,,nasdaq,
2025-10-16,ENOFUTBLYR-27,39.10,39.05,39.20,39.10,38.90,2627,,,nasdaq,
2025-10-16,ENOFUTBLYR-28,39.05,38.95,39.15,38.90,38.90,1121,,,nasdaq,
2025-10-16,ENOFUTBLYR-29,41.00,40.12,41.45,,,239,,,nasdaq,
2025-10-16,ENOFUTBLYR-30,41.75,41.50,42.50,,,173,,,nasdaq,
2025-10-16,ENOFUTBLYR-31,41.85,,,,,40,,,nasdaq,
2025-10-16,ENOFUTBLYR-32,41.90,,,,,1,,,nasdaq,
2025-10-16,ENOFUTBLYR-33,42.35,,,,,1,,,nasdaq,
2025-10-16,ENOFUTBLYR-34,43.00,,,,,1,,,nasdaq,
2025-10-16,ENOFUTBLYR-35,43.35,,,,,,,,nasdaq,
2025-10-17,ENOFUTBLQ1-27,60.05,59.90,63.50,,,349,,,nasdaq,
2025-10-17,ENOFUTBLQ2-26,34.00,33.90,34.25,34.00,33.25,715,,,nasdaq,
2025-10-17,ENOFUTBLQ2-27,29.50,29.50,33.00,,,72,,,nasdaq,
2025-10-17,ENOFUTBLQ3-26,24.25,23.80,24.49,24.25,24.25,543,,,nasdaq,
2025-10-17,ENOFUTBLQ3-27,21.65,21.30,22.00,,,69,,,nasdaq,
2025-10-17,ENOFUTBLQ4-26,45.05,44.65,45.09,44.55,44.55,721,,,nasdaq,
2025-10-17,ENOFUTBLQ4-27,45.65,45.65,46.00,45.65,45.65,127,,,nasdaq,
2025-10-17,ENOFUTBLYR-27,39.10,39.05,39.20,39.15,38.90,2648,,,nasdaq,
2025-10-17,ENOFUTBLYR-28,39.00,38.50,39.15,39.00,39.00,1125,,,nasdaq,
2025-10-17,ENOFUTBLYR-29,41.00,40.50,41.15,,,239,,,nasdaq,
2025-10-17,ENOFUTBLYR-30,41.75,41.25,42.10,,,173,,,nasdaq,
2025-10-17,ENOFUTBLYR-31,41.85,,,,,40,,,nasdaq,
2025-10-17,ENOFUTBLYR-32,41.90,,,,,1,,,nasdaq,
2025-10-17,ENOFUTBLYR-33,42.35,,,,,1,,,nasdaq,
2025-10-17,ENOFUTBLYR-34,43.00,,,,,1,,,nasdaq,
2025-10-17,ENOFUTBLYR-35,43.35,,,,,,,,nasdaq,
2025-10-20,ENOFUTBLQ1-27,60.08,59.75,60.40,60.60,60.60,358,,,nasdaq,
2025-10-20,ENOFUTBLQ2-26,33.80,33.65,35.15,,,722,,,nasdaq,
2025-10-20,ENOFUTBLQ2-27,29.35,28.95,30.90,,,81,,,nasdaq,
2025-10-20,ENOFUTBLQ3-26,23.90,23.75,24.50,,,544,,,nasdaq,
2025-10-20,ENOFUTBLQ3-27,21.50,20.75,23.00,,,69,,,nasdaq,
2025-10-20,ENOFUTBLQ4-26,45.00,44.70,45.50,,,737,,,nasdaq,
2025-10-20,ENOFUTBLQ4-27,45.70,45.60,46.00,45.70,45.70,128,,,nasdaq,
2025-10-20,ENOFUTBLYR-27,39.05,38.85,39.05,,,2662,,,nasdaq,
2025-10-20,ENOFUTBLYR-28,38.90,38.80,39.00,,,1130,,,nasdaq,
2025-10-20,ENOFUTBLYR-29,41.00,40.15,41.15,41.20,41.20,239,,,nasdaq,
2025-10-20,ENOFUTBLYR-30,41.75,41.12,43.40,,,173,,,nasdaq,
2025-10-20,ENOFUTBLYR-31,41.85,,,,,40,,,nasdaq,
2025-10-20,ENOFUTBLYR-32,41.90,,,,,1,,,nasdaq,
2025-10-20,ENOFUTBLYR-33,42.35,,,,,1,,,nasdaq,
2025-10-20,ENOFUTBLYR-34,43.00,,,,,1,,,nasdaq,
2025-10-20,ENOFUTBLYR-35,43.35,,,,,,,,nasdaq,
2025-10-21,ENOFUTBLQ1-27,59.90,59.80,60.00,59.90,59.90,359,,,nasdaq,
2025-10-21,ENOFUTBLQ2-26,33.15,33.10,33.45,33.20,32.80,720,,,nasdaq,
2025-10-21,ENOFUTBLQ2-27,29.05,29.00,29.30,,,81,,,nasdaq,
2025-10-21,ENOFUTBLQ3-26,23.75,23.50,23.75,23.75,23.75,544,,,nasdaq,
2025-10-21,ENOFUTBLQ3-27,21.40,21.35,23.00,21.40,21.40,69,,,nasdaq,
2025-10-21,ENOFUTBLQ4-26,44.75,44.25,45.45,44.90,44.75,739,,,nasdaq,
2025-10-21,ENOFUTBLQ4-27,45.60,44.50,45.60,45.60,45.60,129,,,nasdaq,
2025-10-21,ENOFUTBLYR-27,38.90,38.85,39.05,38.90,38.75,2670,,,nasdaq,
2025-10-21,ENOFUTBLYR-28,38.90,38.80,39.25,,,1138,,,nasdaq,
2025-10-21,ENOFUTBLYR-29,41.00,40.55,41.25,,,240,,,nasdaq,
2025-10-21,ENOFUTBLYR-30,41.75,41.12,42.15,,,173,,,nasdaq,
2025-10-21,ENOFUTBLYR-31,41.85,,,,,40,,,nasdaq,
2025-10-21,ENOFUTBLYR-32,41.90,,,,,1,,,nasdaq,
2025-10-21,ENOFUTBLYR-33,42.35,,,,,1,,,nasdaq,
2025-10-21,ENOFUTBLYR-34,43.00,,,,,1,,,nasdaq,
2025-10-21,ENOFUTBLYR-35,43.35,,,,,,,,nasdaq,
2025-10-22,ENOFUTBLQ1-27,60.00,59.75,60.20,,,363,,,nasdaq,
2025-10-22,ENOFUTBLQ2-26,33.00,32.92,33.25,33.00,32.55,714,,,nasdaq,
2025-10-22,ENOFUTBLQ2-27,29.10,28.95,29.25,,,81,,,nasdaq,
2025-10-22,ENOFUTBLQ3-26,23.85,23.65,23.85,23.85,23.45,550,,,nasdaq,
2025-10-22,ENOFUTBLQ3-27,21.55,21.35,21.75,,,70,,,nasdaq,
2025-10-22,ENOFUTBLQ4-26,44.85,44.75,45.45,44.70,44.70,741,,,nasdaq,
2025-10-22,ENOFUTBLQ4-27,45.75,45.25,45.90,,,132,,,nasdaq,
2025-10-22,ENOFUTBLYR-27,39.10,38.90,39.10,,,2672,,,nasdaq,
2025-10-22,ENOFUTBLYR-28,39.05,38.90,39.15,39.05,39.05,1138,,,nasdaq,
2025-10-22,ENOFUTBLYR-29,40.95,40.15,42.00,,,240,,,nasdaq,
2025-10-22,ENOFUTBLYR-30,41.75,41.12,42.15,,,173,,,nasdaq,
2025-10-22,ENOFUTBLYR-31,41.85,,,,,40,,,nasdaq,
2025-10-22,ENOFUTBLYR-32,41.90,,,,,1,,,nasdaq,
2025-10-22,ENOFUTBLYR-33,42.35,,,,,1,,,nasdaq,
2025-10-22,ENOFUTBLYR-34,43.00,,,,,1,,,nasdaq,
2025-10-22,ENOFUTBLYR-35,43.35,,,,,,,,nasdaq,
2025-10-23,ENOFUTBLQ1-27,60.20,59.75,60.20,60.20,60.20,363,,,nasdaq,
2025-10-23,ENOFUTBLQ2-26,32.85,32.80,33.40,33.50,33.50,716,,,nasdaq,
2025-10-23,ENOFUTBLQ2-27,29.10,28.90,30.90,,,81,,,nasdaq,
2025-10-23,ENOFUTBLQ3-26,23.80,23.75,24.15,,,557,,,nasdaq,
2025-10-23,ENOFUTBLQ3-27,21.55,21.50,21.75,,,70,,,nasdaq,
2025-10-23,ENOFUTBLQ4-26,45.00,44.85,45.10,45.10,45.10,743,,,nasdaq,
2025-10-23,ENOFUTBLQ4-27,45.90,44.50,46.00,,,132,,,nasdaq,
2025-10-23,ENOFUTBLYR-27,39.10,39.10,39.25,39.15,39.10,2676,,,nasdaq,
2025-10-23,ENOFUTBLYR-28,39.15,39.05,39.25,,,1141,,,nasdaq,
2025-10-23,ENOFUTBLYR-29,41.00,40.15,41.50,,,240,,,nasdaq,
2025-10-23,ENOFUTBLYR-30,41.75,41.12,43.50,,,173,,,nasdaq,
2025-10-23,ENOFUTBLYR-31,41.85,,,,,40,,,nasdaq,
2025-10-23,ENOFUTBLYR-32,41.90,,,,,1,,,nasdaq,
2025-10-23,ENOFUTBLYR-33,42.35,,,,,1,,,nasdaq,
2025-10-23,ENOFUTBLYR-34,43.00,,,,,1,,,nasdaq,
2025-10-23,ENOFUTBLYR-35,43.35,,,,,,,,nasdaq,
2025-10-24,ENOFUTBLQ1-27,60.00,59.80,60.20,60.00,60.00,363,,,nasdaq,
2025-10-24,ENOFUTBLQ2-26,32.75,32.65,33.00,33.20,32.75,715,,,nasdaq,
2025-10-24,ENOFUTBLQ2-27,30.00,29.00,30.25,30.00,30.00,81,,,nasdaq,
2025-10-24,ENOFUTBLQ3-26,23.80,23.55,23.80,23.80,23.80,558,,,nasdaq,
2025-10-24,ENOFUTBLQ3-27,22.00,20.55,23.10,22.00,22.00,70,,,nasdaq,
2025-10-24,ENOFUTBLQ4-26,45.00,44.90,45.20,45.50,45.00,745,,,nasdaq,
2025-10-24,ENOFUTBLQ4-27,45.30,45.25,46.10,,,132,,,nasdaq,
2025-10-24,ENOFUTBLYR-27,39.08,38.90,39.10,39.10,39.00,2684,,,nasdaq,
2025-10-24,ENOFUTBLYR-28,39.15,38.75,39.15,39.15,39.15,1141,,,nasdaq,
2025-10-24,ENOFUTBLYR-29,41.00,40.15,41.35,,,240,,,nasdaq,
2025-10-24,ENOFUTBLYR-30,41.75,41.12,42.25,,,173,,,nasdaq,
2025-10-24,ENOFUTBLYR-31,41.85,,,,,40,,,nasdaq,
2025-10-24,ENOFUTBLYR-32,41.90,,,,,1,,,nasdaq,
2025-10-24,ENOFUTBLYR-33,42.35,,,,,1,,,nasdaq,
2025-10-24,ENOFUTBLYR-34,43.00,,,,,1,,,nasdaq,
2025-10-24,ENOFUTBLYR-35,43.35,,,,,,,,nasdaq,
2025-10-27,ENOFUTBLQ1-27,59.85,59.65,59.90,59.85,59.85,363,,,nasdaq,
2025-10-27,ENOFUTBLQ2-26,32.33,32.10,32.55,32.20,32.00,727,,,nasdaq,
2025-10-27,ENOFUTBLQ2-27,29.50,28.90,29.50,29.50,29.50,82,,,nasdaq,
2025-10-27,ENOFUTBLQ3-26,23.25,22.85,23.30,23.25,23.25,562,,,nasdaq,
2025-10-27,ENOFUTBLQ3-27,21.50,21.50,21.75,21.50,21.50,71,,,nasdaq,
2025-10-27,ENOFUTBLQ4-26,44.85,44.85,45.80,44.85,44.85,748,,,nasdaq,
2025-10-27,ENOFUTBLQ4-27,45.00,44.90,45.80,,,132,,,nasdaq,
2025-10-27,ENOFUTBLYR-27,38.80,38.70,38.85,38.80,38.65,2689,,,nasdaq,
2025-10-27,ENOFUTBLYR-28,38.90,38.65,39.55,,,1144,,,nasdaq,
2025-10-27,ENOFUTBLYR-29,40.76,40.51,41.00,,,240,,,nasdaq,
2025-10-27,ENOFUTBLYR-30,41.59,41.12,42.05,,,173,,,nasdaq,
2025-10-27,ENOFUTBLYR-31,41.75,,,,,40,,,nasdaq,
2025-10-27,ENOFUTBLYR-32,41.80,,,,,1,,,nasdaq,
2025-10-27,ENOFUTBLYR-33,42.25,,,,,1,,,nasdaq,
2025-10-27,ENOFUTBLYR-34,42.90,,,,,1,,,nasdaq,
2025-10-27,ENOFUTBLYR-35,43.25,,,,,,,,nasdaq,
2025-10-28,ENOFUTBLQ1-27,60.00,59.90,60.15,60.00,60.00,368,,,nasdaq,
2025-10-28,ENOFUTBLQ2-26,32.30,32.20,32.50,32.60,32.30,724,,,nasdaq,
2025-10-28,ENOFUTBLQ2-27,29.40,29.35,29.60,,,83,,,nasdaq,
2025-10-28,ENOFUTBLQ3-26,23.40,23.00,23.95,,,570,,,nasdaq,
2025-10-28,ENOFUTBLQ3-27,21.65,21.50,21.65,21.65,21.65,73,,,nasdaq,
2025-10-28,ENOFUTBLQ4-26,44.95,44.90,45.25,44.95,44.90,751,,,nasdaq,
2025-10-28,ENOFUTBLQ4-27,45.23,45.10,45.50,,,132,,,nasdaq,
2025-10-28,ENOFUTBLYR-27,38.98,38.91,39.00,38.98,38.98,2690,,,nasdaq,
2025-10-28,ENOFUTBLYR-28,39.10,38.80,39.15,39.20,39.10,1145,,,nasdaq,
2025-10-28,ENOFUTBLYR-29,40.76,40.50,41.00,,,240,,,nasdaq,
2025-10-28,ENOFUTBLYR-30,41.59,41.12,42.15,,,173,,,nasdaq,
2025-10-28,ENOFUTBLYR-31,41.75,,,,,40,,,nasdaq,
2025-10-28,ENOFUTBLYR-32,41.80,,,,,1,,,nasdaq,
2025-10-28,ENOFUTBLYR-33,42.25,,,,,1,,,nasdaq,
2025-10-28,ENOFUTBLYR-34,42.90,,,,,1,,,nasdaq,
2025-10-28,ENOFUTBLYR-35,43.25,,,,,,,,nasdaq,
2025-10-29,ENOFUTBLQ1-27,60.00,59.50,60.15,60.00,60.00,370,,,nasdaq,
2025-10-29,ENOFUTBLQ2-26,32.00,31.92,32.30,32.00,31.75,734,,,nasdaq,
2025-10-29,ENOFUTBLQ2-27,29.50,29.00,30.00,,,83,,,nasdaq,
2025-10-29,ENOFUTBLQ3-26,23.25,23.10,24.75,23.26,23.25,570,,,nasdaq,
2025-10-29,ENOFUTBLQ3-27,22.03,21.55,22.50,,,74,,,nasdaq,
2025-10-29,ENOFUTBLQ4-26,45.00,44.75,46.25,45.00,45.00,755,,,nasdaq,
2025-10-29,ENOFUTBLQ4-27,45.00,42.55,46.00,,,132,,,nasdaq,
2025-10-29,ENOFUTBLYR-27,39.02,38.90,39.02,39.02,38.95,2694,,,nasdaq,
2025-10-29,ENOFUTBLYR-28,39.05,38.90,39.10,39.05,39.00,1147,,,nasdaq,
2025-10-29,ENOFUTBLYR-29,40.70,40.05,41.00,,,240,,,nasdaq,
2025-10-29,ENOFUTBLYR-30,41.59,40.75,42.15,,,173,,,nasdaq,
2025-10-29,ENOFUTBLYR-31,41.75,,,,,40,,,nasdaq,
2025-10-29,ENOFUTBLYR-32,41.80,,,,,1,,,nasdaq,
2025-10-29,ENOFUTBLYR-33,42.25,,,,,1,,,nasdaq,
2025-10-29,ENOFUTBLYR-34,42.90,,,,,1,,,nasdaq,
2025-10-29,ENOFUTBLYR-35,43.25,,,,,,,,nasdaq,
2025-10-30,ENOFUTBLQ1-27,60.30,60.00,60.30,60.30,60.30,373,,,nasdaq,
2025-10-30,ENOFUTBLQ2-26,31.90,31.85,32.15,32.15,32.00,734,,,nasdaq,
2025-10-30,ENOFUTBLQ2-27,29.50,29.20,30.00,,,83,,,nasdaq,
2025-10-30,ENOFUTBLQ3-26,23.25,,24.00,23.65,23.25,574,,,nasdaq,
2025-10-30,ENOFUTBLQ3-27,21.68,21.50,,,,74,,,nasdaq,
2025-10-30,ENOFUTBLQ4-26,45.24,45.00,45.35,45.50,45.35,755,,,nasdaq,
2025-10-30,ENOFUTBLQ4-27,44.50,44.25,46.00,,,132,,,nasdaq,
2025-10-30,ENOFUTBLYR-27,38.90,38.85,39.00,39.15,38.90,2700,,,nasdaq,
2025-10-30,ENOFUTBLYR-28,39.15,38.95,39.20,,,1154,,,nasdaq,
2025-10-30,ENOFUTBLYR-29,40.73,40.25,41.20,,,239,,,nasdaq,
2025-10-30,ENOFUTBLYR-30,41.64,41.12,42.15,,,173,,,nasdaq,
2025-10-30,ENOFUTBLYR-31,41.75,,,,,40,,,nasdaq,
2025-10-30,ENOFUTBLYR-32,41.80,,,,,1,,,nasdaq,
2025-10-30,ENOFUTBLYR-33,42.25,,,,,1,,,nasdaq,
2025-10-30,ENOFUTBLYR-34,42.90,,,,,1,,,nasdaq,
2025-10-30,ENOFUTBLYR-35,43.25,,,,,,,,nasdaq,
2025-10-31,ENOFUTBLQ1-27,60.30,59.50,60.50,60.30,60.30,378,,,nasdaq,
2025-10-31,ENOFUTBLQ2-26,31.95,31.90,32.35,31.95,31.90,733,,,nasdaq,
2025-10-31,ENOFUTBLQ2-27,29.50,29.00,30.20,,,83,,,nasdaq,
2025-10-31,ENOFUTBLQ3-26,23.35,23.25,23.45,,,578,,,nasdaq,
2025-10-31,ENOFUTBLQ3-27,21.58,21.55,21.75,,,74,,,nasdaq,
2025-10-31,ENOFUTBLQ4-26,45.20,45.00,45.50,,,756,,,nasdaq,
2025-10-31,ENOFUTBLQ4-27,45.00,44.80,45.75,,,132,,,nasdaq,
2025-10-31,ENOFUTBLYR-27,39.00,39.00,39.10,,,2709,,,nasdaq,
2025-10-31,ENOFUTBLYR-28,39.20,39.05,39.60,,,1159,,,nasdaq,
2025-10-31,ENOFUTBLYR-29,40.73,40.15,41.15,,,239,,,nasdaq,
2025-10-31,ENOFUTBLYR-30,41.64,41.05,42.10,,,173,,,nasdaq,
2025-10-31,ENOFUTBLYR-31,41.75,,,,,40,,,nasdaq,
2025-10-31,ENOFUTBLYR-32,41.80,,,,,1,,,nasdaq,
2025-10-31,ENOFUTBLYR-33,42.25,,,,,1,,,nasdaq,
2025-10-31,ENOFUTBLYR-34,42.90,,,,,1,,,nasdaq,
2025-10-31,ENOFUTBLYR-35,43.25,,,,,,,,nasdaq,
2025-11-03,ENOFUTBLQ1-27,60.70,60.60,61.00,60.70,60.60,389,,,nasdaq,
2025-11-03,ENOFUTBLQ2-26,32.65,32.20,32.65,32.65,32.55,738,,,nasdaq,
2025-11-03,ENOFUTBLQ2-27,30.00,29.90,30.00,30.00,30.00,83,,,nasdaq,
2025-11-03,ENOFUTBLQ3-26,23.50,23.25,23.49,23.50,23.45,578,,,nasdaq,
2025-11-03,ENOFUTBLQ3-27,21.85,21.85,22.15,21.85,21.85,74,,,nasdaq,
2025-11-03,ENOFUTBLQ4-26,45.50,45.50,45.75,45.55,45.50,756,,,nasdaq,
2025-11-03,ENOFUTBLQ4-27,45.55,45.35,45.70,,,132,,,nasdaq,
2025-11-03,ENOFUTBLYR-27,39.25,39.20,39.41,39.25,39.25,2709,,,nasdaq,
2025-11-03,ENOFUTBLYR-28,39.40,39.20,39.55,,,1159,,,nasdaq,
2025-11-03,ENOFUTBLYR-29,40.75,40.25,41.25,,,239,,,nasdaq,
2025-11-03,ENOFUTBLYR-30,41.66,41.12,42.20,,,173,,,nasdaq,
2025-11-03,ENOFUTBLYR-31,41.75,,,,,40,,,nasdaq,
2025-11-03,ENOFUTBLYR-32,41.80,,,,,1,,,nasdaq,
2025-11-03,ENOFUTBLYR-33,42.25,,,,,1,,,nasdaq,
2025-11-03,ENOFUTBLYR-34,42.90,,,,,1,,,nasdaq,
2025-11-03,ENOFUTBLYR-35,43.25,,,,,,,,nasdaq,
2025-11-04,ENOFUTBLQ1-27,60.75,60.75,60.90,60.80,60.75,395,,,nasdaq,
2025-11-04,ENOFUTBLQ2-26,32.50,32.50,33.95,,,743,,,nasdaq,
2025-11-04,ENOFUTBLQ2-27,29.80,29.80,30.50,,,86,,,nasdaq,
2025-11-04,ENOFUTBLQ3-26,23.50,23.00,23.50,23.50,23.50,587,,,nasdaq,
2025-11-04,ENOFUTBLQ3-27,21.75,21.75,22.25,,,75,,,nasdaq,
2025-11-04,ENOFUTBLQ4-26,45.60,45.50,46.45,45.70,45.70,762,,,nasdaq,
2025-11-04,ENOFUTBLQ4-27,45.60,45.55,45.75,,,132,,,nasdaq,
2025-11-04,ENOFUTBLYR-27,39.30,39.21,39.50,39.40,39.20,2711,,,nasdaq,
2025-11-04,ENOFUTBLYR-28,39.40,39.40,39.85,,,1160,,,nasdaq,
2025-11-04,ENOFUTBLYR-29,40.75,40.30,41.15,,,239,,,nasdaq,
2025-11-04,ENOFUTBLYR-30,41.66,41.12,42.15,,,173,,,nasdaq,
2025-11-04,ENOFUTBLYR-31,41.75,,,,,40,,,nasdaq,
2025-11-04,ENOFUTBLYR-32,41.80,,,,,1,,,nasdaq,
2025-11-04,ENOFUTBLYR-33,42.25,,,,,1,,,nasdaq,
2025-11-04,ENOFUTBLYR-34,42.90,,,,,1,,,nasdaq,
2025-11-04,ENOFUTBLYR-35,43.25,,,,,,,,nasdaq,
2025-11-05,ENOFUTBLQ1-27,60.88,60.75,62.05,,,400,,,nasdaq,
2025-11-05,ENOFUTBLQ2-26,32.50,32.35,36.25,,,743,,,nasdaq,
2025-11-05,ENOFUTBLQ2-27,29.70,29.60,30.15,,,86,,,nasdaq,
2025-11-05,ENOFUTBLQ3-26,23.50,23.25,24.45,,,587,,,nasdaq,
2025-11-05,ENOFUTBLQ3-27,21.65,21.55,22.25,,,75,,,nasdaq,
2025-11-05,ENOFUTBLQ4-26,45.63,45.65,46.75,,,763,,,nasdaq,
2025-11-05,ENOFUTBLQ4-27,45.30,45.10,45.90,,,132,,,nasdaq,
2025-11-05,ENOFUTBLYR-27,39.20,39.15,39.25,39.25,39.20,2715,,,nasdaq,
2025-11-05,ENOFUTBLYR-28,39.30,39.00,39.50,39.30,39.30,1161,,,nasdaq,
2025-11-05,ENOFUTBLYR-29,40.70,40.30,41.10,,,239,,,nasdaq,
2025-11-05,ENOFUTBLYR-30,41.70,40.75,42.15,,,173,,,nasdaq,
2025-11-05,ENOFUTBLYR-31,41.75,,,,,40,,,nasdaq,
2025-11-05,ENOFUTBLYR-32,41.80,,,,,1,,,nasdaq,
2025-11-05,ENOFUTBLYR-33,42.25,,,,,1,,,nasdaq,
2025-11-05,ENOFUTBLYR-34,42.90,,,,,1,,,nasdaq,
2025-11-05,ENOFUTBLYR-35,43.25,,,,,,,,nasdaq,
2025-11-06,ENOFUTBLQ1-27,61.20,60.85,61.30,61.20,61.20,400,,,nasdaq,
2025-11-06,ENOFUTBLQ2-26,32.75,32.75,33.60,32.70,32.50,743,,,nasdaq,
2025-11-06,ENOFUTBLQ2-27,29.85,29.80,30.30,,,86,,,nasdaq,
2025-11-06,ENOFUTBLQ3-26,23.40,23.40,24.35,,,587,,,nasdaq,
2025-11-06,ENOFUTBLQ3-27,21.75,21.75,22.75,,,75,,,nasdaq,
2025-11-06,ENOFUTBLQ4-26,45.75,45.75,46.90,45.75,45.75,763,,,nasdaq,
2025-11-06,ENOFUTBLQ4-27,45.20,45.20,46.45,,,132,,,nasdaq,
2025-11-06,ENOFUTBLYR-27,39.38,39.30,39.45,39.20,39.20,2718,,,nasdaq,
2025-11-06,ENOFUTBLYR-28,39.35,39.30,39.40,39.35,39.35,1160,,,nasdaq,
2025-11-06,ENOFUTBLYR-29,40.75,40.25,41.00,,,239,,,nasdaq,
2025-11-06,ENOFUTBLYR-30,41.64,41.12,42.15,,,176,,,nasdaq,
2025-11-06,ENOFUTBLYR-31,41.75,,,,,40,,,nasdaq,
2025-11-06,ENOFUTBLYR-32,41.80,,,,,1,,,nasdaq,
2025-11-06,ENOFUTBLYR-33,42.25,,,,,1,,,nasdaq,
2025-11-06,ENOFUTBLYR-34,42.90,,,,,1,,,nasdaq,
2025-11-06,ENOFUTBLYR-35,43.25,,,,,,,,nasdaq,
2025-11-07,ENOFUTBLQ1-27,60.90,60.90,61.20,60.90,60.90,401,,,nasdaq,
2025-11-07,ENOFUTBLQ2-26,32.65,32.65,32.80,32.80,32.50,748,,,nasdaq,
2025-11-07,ENOFUTBLQ2-27,30.03,29.85,30.20,,,86,,,nasdaq,
2025-11-07,ENOFUTBLQ3-26,23.25,22.90,24.35,23.30,23.25,587,,,nasdaq,
2025-11-07,ENOFUTBLQ3-27,21.70,18.50,22.00,21.70,21.70,75,,,nasdaq,
2025-11-07,ENOFUTBLQ4-26,45.65,45.65,46.70,45.70,45.65,768,,,nasdaq,
2025-11-07,ENOFUTBLQ4-27,45.20,45.15,46.00,45.20,45.20,132,,,nasdaq,
2025-11-07,ENOFUTBLYR-27,39.28,39.20,39.31,39.25,39.10,2725,,,nasdaq,
2025-11-07,ENOFUTBLYR-28,39.25,39.00,39.25,39.25,39.25,1164,,,nasdaq,
2025-11-07,ENOFUTBLYR-29,40.75,40.30,41.05,,,241,,,nasdaq,
2025-11-07,ENOFUTBLYR-30,41.64,41.12,42.00,,,176,,,nasdaq,
2025-11-07,ENOFUTBLYR-31,41.75,,,,,40,,,nasdaq,
2025-11-07,ENOFUTBLYR-32,41.80,,,,,1,,,nasdaq,
2025-11-07,ENOFUTBLYR-33,42.25,,,,,1,,,nasdaq,
2025-11-07,ENOFUTBLYR-34,42.90,,,,,1,,,nasdaq,
2025-11-07,ENOFUTBLYR-35,43.25,,,,,,,,nasdaq,
2025-11-10,ENOFUTBLQ1-27,61.00,60.90,61.00,61.00,60.90,412,,,nasdaq,
2025-11-10,ENOFUTBLQ2-26,32.70,32.65,33.75,32.45,32.45,753,,,nasdaq,
2025-11-10,ENOFUTBLQ2-27,29.60,28.50,29.70,29.80,29.60,86,,,nasdaq,
2025-11-10,ENOFUTBLQ3-26,23.25,23.25,23.74,23.25,23.25,594,,,nasdaq,
2025-11-10,ENOFUTBLQ3-27,21.70,21.55,21.70,21.70,21.70,76,,,nasdaq,
2025-11-10,ENOFUTBLQ4-26,45.75,45.60,45.80,45.75,45.75,770,,,nasdaq,
2025-11-10,ENOFUTBLQ4-27,45.05,43.70,45.10,45.15,45.05,135,,,nasdaq,
2025-11-10,ENOFUTBLYR-27,39.06,39.00,39.24,39.06,39.06,2736,,,nasdaq,
2025-11-10,ENOFUTBLYR-28,39.13,38.50,39.75,,,1166,,,nasdaq,
2025-11-10,ENOFUTBLYR-29,40.63,40.00,41.25,,,244,,,nasdaq,
2025-11-10,ENOFUTBLYR-30,41.64,40.10,43.20,,,176,,,nasdaq,
2025-11-10,ENOFUTBLYR-31,41.75,,,,,40,,,nasdaq,
2025-11-10,ENOFUTBLYR-32,41.80,,,,,1,,,nasdaq,
2025-11-10,ENOFUTBLYR-33,42.25,,,,,1,,,nasdaq,
2025-11-10,ENOFUTBLYR-34,42.90,,,,,1,,,nasdaq,
2025-11-10,ENOFUTBLYR-35,43.25,,,,,,,,nasdaq,
2025-11-11,ENOFUTBLQ1-27,61.33,61.25,61.40,61.00,61.00,421,,,nasdaq,
2025-11-11,ENOFUTBLQ2-26,33.45,33.45,34.75,33.45,33.20,754,,,nasdaq,
2025-11-11,ENOFUTBLQ2-27,29.63,29.25,30.00,30.10,30.10,87,,,nasdaq,
2025-11-11,ENOFUTBLQ3-26,23.55,23.50,23.75,23.55,23.50,612,,,nasdaq,
2025-11-11,ENOFUTBLQ3-27,21.83,21.75,21.90,,,82,,,nasdaq,
2025-11-11,ENOFUTBLQ4-26,45.95,45.85,46.05,45.95,45.95,773,,,nasdaq,
2025-11-11,ENOFUTBLQ4-27,45.40,45.25,45.45,,,139,,,nasdaq,
2025-11-11,ENOFUTBLYR-27,39.45,39.35,39.50,39.50,39.40,2752,,,nasdaq,
2025-11-11,ENOFUTBLYR-28,39.35,39.30,39.65,39.20,39.20,1166,,,nasdaq,
2025-11-11,ENOFUTBLYR-29,40.75,40.50,41.00,41.05,41.05,244,,,nasdaq,
2025-11-11,ENOFUTBLYR-30,41.64,40.50,43.20,,,176,,,nasdaq,
2025-11-11,ENOFUTBLYR-31,41.75,,,,,40,,,nasdaq,
2025-11-11,ENOFUTBLYR-32,41.80,,,,,1,,,nasdaq,
2025-11-11,ENOFUTBLYR-33,42.25,,,,,1,,,nasdaq,
2025-11-11,ENOFUTBLYR-34,42.90,,,,,1,,,nasdaq,
2025-11-11,ENOFUTBLYR-35,43.25,,,,,,,,nasdaq,
2025-11-12,ENOFUTBLQ1-27,61.30,61.00,61.30,61.30,61.30,438,,,nasdaq,
2025-11-12,ENOFUTBLQ2-26,33.90,33.75,34.00,34.05,33.89,757,,,nasdaq,
2025-11-12,ENOFUTBLQ2-27,29.75,28.65,30.00,,,88,,,nasdaq,
2025-11-12,ENOFUTBLQ3-26,23.65,23.55,23.64,23.85,23.60,619,,,nasdaq,
2025-11-12,ENOFUTBLQ3-27,21.83,21.70,21.95,,,82,,,nasdaq,
2025-11-12,ENOFUTBLQ4-26,46.10,45.91,46.10,46.15,46.05,774,,,nasdaq,
2025-11-12,ENOFUTBLQ4-27,45.50,45.40,45.60,45.50,45.50,139,,,nasdaq,
2025-11-12,ENOFUTBLYR-27,39.55,39.35,39.60,39.55,39.55,2765,,,nasdaq,
2025-11-12,ENOFUTBLYR-28,39.35,39.25,39.60,,,1172,,,nasdaq,
2025-11-12,ENOFUTBLYR-29,40.90,39.30,41.25,,,245,,,nasdaq,
2025-11-12,ENOFUTBLYR-30,41.64,40.30,43.40,,,176,,,nasdaq,
2025-11-12,ENOFUTBLYR-31,41.75,,,,,40,,,nasdaq,
2025-11-12,ENOFUTBLYR-32,41.80,,,,,1,,,nasdaq,
2025-11-12,ENOFUTBLYR-33,42.25,,,,,1,,,nasdaq,
2025-11-12,ENOFUTBLYR-34,42.90,,,,,1,,,nasdaq,
2025-11-12,ENOFUTBLYR-35,43.25,,,,,,,,nasdaq,
2025-11-13,ENOFUTBLQ1-27,61.20,61.20,62.85,61.20,61.15,438,,,nasdaq,
2025-11-13,ENOFUTBLQ2-26,33.60,33.60,33.70,34.00,33.55,783,,,nasdaq,
2025-11-13,ENOFUTBLQ2-27,29.95,29.55,31.25,,,88,,,nasdaq,
2025-11-13,ENOFUTBLQ3-26,23.40,23.40,23.45,23.50,23.40,629,,,nasdaq,
2025-11-13,ENOFUTBLQ3-27,21.73,21.60,21.85,,,82,,,nasdaq,
2025-11-13,ENOFUTBLQ4-26,45.70,45.60,47.20,45.70,45.60,789,,,nasdaq,
2025-11-13,ENOFUTBLQ4-27,45.50,45.30,45.75,45.50,45.50,140,,,nasdaq,
2025-11-13,ENOFUTBLYR-27,39.50,39.40,39.70,39.60,39.50,2772,,,nasdaq,
2025-11-13,ENOFUTBLYR-28,39.30,39.15,39.45,,,1179,,,nasdaq,
2025-11-13,ENOFUTBLYR-29,40.90,40.50,41.30,,,244,,,nasdaq,
2025-11-13,ENOFUTBLYR-30,41.64,39.90,43.00,,,176,,,nasdaq,
2025-11-13,ENOFUTBLYR-31,41.75,,,,,40,,,nasdaq,
2025-11-13,ENOFUTBLYR-32,41.80,,,,,1,,,nasdaq,
2025-11-13,ENOFUTBLYR-33,42.25,,,,,1,,,nasdaq,
2025-11-13,ENOFUTBLYR-34,42.90,,,,,1,,,nasdaq,
2025-11-13,ENOFUTBLYR-35,43.25,,,,,,,,nasdaq,
2025-11-14,ENOFUTBLQ1-27,61.30,61.20,62.50,,,440,,,nasdaq,
2025-11-14,ENOFUTBLQ2-26,34.11,34.01,34.20,34.20,34.00,828,,,nasdaq,
2025-11-14,ENOFUTBLQ2-27,29.85,28.50,31.50,,,88,,,nasdaq,
2025-11-14,ENOFUTBLQ3-26,23.60,23.40,23.70,23.80,23.60,652,,,nasdaq,
2025-11-14,ENOFUTBLQ3-27,21.90,21.80,23.30,,,82,,,nasdaq,
2025-11-14,ENOFUTBLQ4-26,45.88,45.75,46.00,45.70,45.70,794,,,nasdaq,
2025-11-14,ENOFUTBLQ4-27,45.40,44.00,45.75,,,140,,,nasdaq,
2025-11-14,ENOFUTBLYR-27,39.50,39.45,39.50,39.62,39.50,2769,,,nasdaq,
2025-11-14,ENOFUTBLYR-28,39.35,39.30,40.80,,,1179,,,nasdaq,
2025-11-14,ENOFUTBLYR-29,40.95,40.60,41.30,,,244,,,nasdaq,
2025-11-14,ENOFUTBLYR-30,41.64,40.30,43.40,,,176,,,nasdaq,
2025-11-14,ENOFUTBLYR-31,41.75,,,,,40,,,nasdaq,
2025-11-14,ENOFUTBLYR-32,41.80,,,,,1,,,nasdaq,
2025-11-14,ENOFUTBLYR-33,42.25,,,,,1,,,nasdaq,
2025-11-14,ENOFUTBLYR-34,42.90,,,,,1,,,nasdaq,
2025-11-14,ENOFUTBLYR-35,43.25,,,,,,,,nasdaq,
2025-11-17,ENOFUTBLQ1-27,61.60,60.90,62.30,,,440,,,nasdaq,
2025-11-17,ENOFUTBLQ2-26,35.00,35.00,35.20,35.10,34.85,844,,,nasdaq,
2025-11-17,ENOFUTBLQ2-27,30.10,29.00,31.50,,,88,,,nasdaq,
2025-11-17,ENOFUTBLQ3-26,23.85,23.50,23.95,24.00,23.75,655,,,nasdaq,
2025-11-17,ENOFUTBLQ3-27,21.98,21.90,23.80,22.00,22.00,82,,,nasdaq,
2025-11-17,ENOFUTBLQ4-26,46.00,45.85,46.30,46.00,45.80,797,,,nasdaq,
2025-11-17,ENOFUTBLQ4-27,45.70,45.55,45.85,45.85,45.85,140,,,nasdaq,
2025-11-17,ENOFUTBLYR-27,39.75,39.70,39.75,39.75,39.70,2777,,,nasdaq,
2025-11-17,ENOFUTBLYR-28,39.55,39.35,41.00,,,1179,,,nasdaq,
2025-11-17,ENOFUTBLYR-29,41.10,40.60,41.50,,,244,,,nasdaq,
2025-11-17,ENOFUTBLYR-30,41.75,40.30,43.40,,,176,,,nasdaq,
2025-11-17,ENOFUTBLYR-31,41.85,,,,,40,,,nasdaq,
2025-11-17,ENOFUTBLYR-32,41.90,,,,,1,,,nasdaq,
2025-11-17,ENOFUTBLYR-33,42.35,,,,,1,,,nasdaq,
2025-11-17,ENOFUTBLYR-34,43.00,,,,,1,,,nasdaq,
2025-11-17,ENOFUTBLYR-35,43.35,,,,,,,,nasdaq,
2025-11-18,ENOFUTBLQ1-27,61.85,61.00,62.30,,,440,,,nasdaq,
2025-11-18,ENOFUTBLQ2-26,35.50,35.50,35.55,35.55,35.25,865,,,nasdaq,
2025-11-18,ENOFUTBLQ2-27,30.63,29.75,31.50,,,88,,,nasdaq,
2025-11-18,ENOFUTBLQ3-26,23.95,23.90,24.05,24.05,23.90,669,,,nasdaq,
2025-11-18,ENOFUTBLQ3-27,22.60,21.70,23.50,,,84,,,nasdaq,
2025-11-18,ENOFUTBLQ4-26,45.90,45.90,46.05,,,806,,,nasdaq,
2025-11-18,ENOFUTBLQ4-27,45.58,45.05,46.10,,,141,,,nasdaq,
2025-11-18,ENOFUTBLYR-27,40.05,39.95,40.10,40.15,39.85,2721,,,nasdaq,
2025-11-18,ENOFUTBLYR-28,39.75,39.60,39.95,39.75,39.55,1185,,,nasdaq,
2025-11-18,ENOFUTBLYR-29,41.05,40.60,41.50,,,247,,,nasdaq,
2025-11-18,ENOFUTBLYR-30,41.75,41.12,43.30,,,178,,,nasdaq,
2025-11-18,ENOFUTBLYR-31,41.85,,,,,40,,,nasdaq,
2025-11-18,ENOFUTBLYR-32,41.90,,,,,1,,,nasdaq,
2025-11-18,ENOFUTBLYR-33,42.35,,,,,1,,,nasdaq,
2025-11-18,ENOFUTBLYR-34,43.00,,,,,1,,,nasdaq,
2025-11-18,ENOFUTBLYR-35,43.35,,,,,,,,nasdaq,
2025-11-19,ENOFUTBLQ1-27,61.65,61.00,62.30,,,440,,,nasdaq,
2025-11-19,ENOFUTBLQ2-26,35.10,35.10,35.25,35.10,35.00,885,,,nasdaq,
2025-11-19,ENOFUTBLQ2-27,30.43,29.50,32.20,,,88,,,nasdaq,
2025-11-19,ENOFUTBLQ3-26,24.10,23.75,24.20,24.10,24.00,696,,,nasdaq,
2025-11-19,ENOFUTBLQ3-27,22.40,21.65,24.20,,,84,,,nasdaq,
2025-11-19,ENOFUTBLQ4-26,46.00,46.00,46.05,46.10,46.00,807,,,nasdaq,
2025-11-19,ENOFUTBLQ4-27,45.58,45.50,46.00,,,141,,,nasdaq,
2025-11-19,ENOFUTBLYR-27,39.85,39.40,40.00,39.95,39.85,2739,,,nasdaq,
2025-11-19,ENOFUTBLYR-28,39.55,39.40,40.00,,,1190,,,nasdaq,
2025-11-19,ENOFUTBLYR-29,40.85,40.15,41.10,,,247,,,nasdaq,
2025-11-19,ENOFUTBLYR-30,41.65,41.12,43.70,,,178,,,nasdaq,
2025-11-19,ENOFUTBLYR-31,41.75,,,,,40,,,nasdaq,
2025-11-19,ENOFUTBLYR-32,41.80,,,,,1,,,nasdaq,
2025-11-19,ENOFUTBLYR-33,42.25,,,,,1,,,nasdaq,
2025-11-19,ENOFUTBLYR-34,42.90,,,,,1,,,nasdaq,
2025-11-19,ENOFUTBLYR-35,43.25,,,,,,,,nasdaq,
2025-11-20,ENOFUTBLQ1-27,61.87,61.70,62.00,,,440,,,nasdaq,
2025-11-20,ENOFUTBLQ2-26,35.70,35.65,35.75,35.80,35.05,883,,,nasdaq,
2025-11-20,ENOFUTBLQ2-27,30.35,28.80,31.90,,,88,,,nasdaq,
2025-11-20,ENOFUTBLQ3-26,24.65,24.15,24.80,24.80,24.30,669,,,nasdaq,
2025-11-20,ENOFUTBLQ3-27,22.40,20.80,22.50,,,84,,,nasdaq,
2025-11-20,ENOFUTBLQ4-26,46.30,46.30,46.70,46.40,46.30,810,,,nasdaq,
2025-11-20,ENOFUTBLQ4-27,45.75,45.70,47.00,,,141,,,nasdaq,
2025-11-20,ENOFUTBLYR-27,40.00,39.85,40.05,40.10,40.00,2695,,,nasdaq,
2025-11-20,ENOFUTBLYR-28,39.80,39.65,41.10,39.80,39.65,1197,,,nasdaq,
2025-11-20,ENOFUTBLYR-29,40.95,40.60,41.75,,,247,,,nasdaq,
2025-11-20,ENOFUTBLYR-30,41.70,40.10,43.20,,,178,,,nasdaq,
2025-11-20,ENOFUTBLYR-31,41.75,,,,,40,,,nasdaq,
2025-11-20,ENOFUTBLYR-32,41.80,,,,,1,,,nasdaq,
2025-11-20,ENOFUTBLYR-33,42.25,,,,,1,,,nasdaq,
2025-11-20,ENOFUTBLYR-34,42.90,,,,,1,,,nasdaq,
2025-11-20,ENOFUTBLYR-35,43.25,,,,,,,,nasdaq,
2025-11-21,ENOFUTBLQ1-27,61.50,61.50,62.00,61.50,61.50,440,,,nasdaq,
2025-11-21,ENOFUTBLQ2-26,34.90,34.80,35.00,35.05,34.80,928,,,nasdaq,
2025-11-21,ENOFUTBLQ2-27,30.00,29.00,31.85,,,88,,,nasdaq,
2025-11-21,ENOFUTBLQ3-26,24.00,23.35,24.00,24.15,24.00,683,,,nasdaq,
2025-11-21,ENOFUTBLQ3-27,22.00,21.50,23.90,,,84,,,nasdaq,
2025-11-21,ENOFUTBLQ4-26,46.00,45.80,46.00,46.30,46.00,810,,,nasdaq,
2025-11-21,ENOFUTBLQ4-27,45.75,45.55,46.00,,,141,,,nasdaq,
2025-11-21,ENOFUTBLYR-27,39.70,39.30,39.80,39.76,39.70,2710,,,nasdaq,
2025-11-21,ENOFUTBLYR-28,39.70,39.35,41.10,,,1211,,,nasdaq,
2025-11-21,ENOFUTBLYR-29,40.95,40.25,41.10,,,247,,,nasdaq,
2025-11-21,ENOFUTBLYR-30,41.70,40.20,43.20,,,178,,,nasdaq,
2025-11-21,ENOFUTBLYR-31,41.75,,,,,40,,,nasdaq,
2025-11-21,ENOFUTBLYR-32,41.80,,,,,1,,,nasdaq,
2025-11-21,ENOFUTBLYR-33,42.25,,,,,1,,,nasdaq,
2025-11-21,ENOFUTBLYR-34,42.90,,,,,1,,,nasdaq,
2025-11-21,ENOFUTBLYR-35,43.25,,,,,,,,nasdaq,
2025-11-24,ENOFUTBLQ1-27,61.00,61.05,61.25,61.30,61.00,439,,,nasdaq,
2025-11-24,ENOFUTBLQ2-26,34.00,33.95,34.05,34.75,33.85,924,,,nasdaq,
2025-11-24,ENOFUTBLQ2-27,29.50,29.50,30.00,29.50,29.50,88,,,nasdaq,
2025-11-24,ENOFUTBLQ3-26,23.00,22.85,23.35,23.25,23.00,689,,,nasdaq,
2025-11-24,ENOFUTBLQ3-27,21.50,21.50,22.15,21.50,21.50,84,,,nasdaq,
2025-11-24,ENOFUTBLQ4-26,45.25,45.11,45.50,45.75,45.25,816,,,nasdaq,
2025-11-24,ENOFUTBLQ4-27,45.35,45.25,45.45,45.50,45.50,141,,,nasdaq,
2025-11-24,ENOFUTBLYR-27,39.30,39.15,39.35,39.30,39.20,2685,,,nasdaq,
2025-11-24,ENOFUTBLYR-28,39.45,39.30,39.50,39.30,39.30,1202,,,nasdaq,
2025-11-24,ENOFUTBLYR-29,40.60,40.30,40.90,,,247,,,nasdaq,
2025-11-24,ENOFUTBLYR-30,41.70,40.20,43.20,,,178,,,nasdaq,
2025-11-24,ENOFUTBLYR-31,41.75,,,,,40,,,nasdaq,
2025-11-24,ENOFUTBLYR-32,41.80,,,,,1,,,nasdaq,
2025-11-24,ENOFUTBLYR-33,42.25,,,,,1,,,nasdaq,
2025-11-24,ENOFUTBLYR-34,42.90,,,,,1,,,nasdaq,
2025-11-24,ENOFUTBLYR-35,43.25,,,,,,,,nasdaq,
2025-11-25,ENOFUTBLQ1-27,60.90,60.90,61.35,61.00,60.90,443,,,nasdaq,
2025-11-25,ENOFUTBLQ2-26,33.20,32.75,33.15,34.00,33.00,946,,,nasdaq,
2025-11-25,ENOFUTBLQ2-27,29.35,29.30,30.00,,,89,,,nasdaq,
2025-11-25,ENOFUTBLQ3-26,22.97,22.80,23.05,23.00,22.70,698,,,nasdaq,
2025-11-25,ENOFUTBLQ3-27,21.40,21.35,21.90,,,86,,,nasdaq,
2025-11-25,ENOFUTBLQ4-26,45.00,44.90,45.30,45.20,45.00,844,,,nasdaq,
2025-11-25,ENOFUTBLQ4-27,45.13,44.90,45.35,,,143,,,nasdaq,
2025-11-25,ENOFUTBLYR-27,39.10,39.05,39.15,39.25,39.00,2688,,,nasdaq,
2025-11-25,ENOFUTBLYR-28,39.20,39.00,39.45,39.30,39.20,1205,,,nasdaq,
2025-11-25,ENOFUTBLYR-29,40.60,40.50,40.75,,,247,,,nasdaq,
2025-11-25,ENOFUTBLYR-30,41.80,40.50,43.10,,,178,,,nasdaq,
2025-11-25,ENOFUTBLYR-31,41.75,,,,,40,,,nasdaq,
2025-11-25,ENOFUTBLYR-32,41.80,,,,,1,,,nasdaq,
2025-11-25,ENOFUTBLYR-33,42.25,,,,,1,,,nasdaq,
2025-11-25,ENOFUTBLYR-34,42.90,,,,,1,,,nasdaq,
2025-11-25,ENOFUTBLYR-35,43.25,,,,,,,,nasdaq,
2025-11-26,ENOFUTBLQ1-27,61.13,60.50,61.75,60.40,60.40,448,,,nasdaq,
2025-11-26,ENOFUTBLQ2-26,33.75,33.55,33.80,33.75,32.85,995,,,nasdaq,
2025-11-26,ENOFUTBLQ2-27,29.60,28.00,30.90,,,89,,,nasdaq,
2025-11-26,ENOFUTBLQ3-26,23.10,23.05,23.80,23.00,22.90,712,,,nasdaq,
2025-11-26,ENOFUTBLQ3-27,22.18,21.45,22.90,,,86,,,nasdaq,
2025-11-26,ENOFUTBLQ4-26,45.10,45.00,45.40,45.25,45.05,866,,,nasdaq,
2025-11-26,ENOFUTBLQ4-27,45.45,43.60,46.70,,,143,,,nasdaq,
2025-11-26,ENOFUTBLYR-27,39.50,39.45,39.55,39.50,39.10,2686,,,nasdaq,
2025-11-26,ENOFUTBLYR-28,39.50,39.45,40.70,,,1203,,,nasdaq,
2025-11-26,ENOFUTBLYR-29,40.60,40.60,41.00,,,249,,,nasdaq,
2025-11-26,ENOFUTBLYR-30,41.80,41.12,43.30,,,178,,,nasdaq,
2025-11-26,ENOFUTBLYR-31,41.75,,,,,40,,,nasdaq,
2025-11-26,ENOFUTBLYR-32,41.80,,,,,1,,,nasdaq,
2025-11-26,ENOFUTBLYR-33,42.25,,,,,1,,,nasdaq,
2025-11-26,ENOFUTBLYR-34,42.90,,,,,1,,,nasdaq,
2025-11-26,ENOFUTBLYR-35,43.25,,,,,,,,nasdaq,
2025-11-27,ENOFUTBLQ1-27,61.15,60.70,62.60,,,458,,,nasdaq,
2025-11-27,ENOFUTBLQ2-26,33.25,33.20,33.35,33.50,33.15,1068,,,nasdaq,
2025-11-27,ENOFUTBLQ2-27,29.50,28.10,31.10,,,89,,,nasdaq,
2025-11-27,ENOFUTBLQ3-26,23.00,22.95,23.20,22.90,22.90,731,,,nasdaq,
2025-11-27,ENOFUTBLQ3-27,21.75,21.25,22.15,,,86,,,nasdaq,
2025-11-27,ENOFUTBLQ4-26,45.10,45.00,45.24,,,865,,,nasdaq,
2025-11-27,ENOFUTBLQ4-27,45.77,45.10,47.00,,,143,,,nasdaq,
2025-11-27,ENOFUTBLYR-27,39.45,39.40,39.50,39.50,39.45,2701,,,nasdaq,
2025-11-27,ENOFUTBLYR-28,39.40,39.35,39.45,39.40,39.40,1204,,,nasdaq,
2025-11-27,ENOFUTBLYR-29,40.60,40.30,42.10,,,249,,,nasdaq,
2025-11-27,ENOFUTBLYR-30,41.80,41.12,43.30,,,178,,,nasdaq,
2025-11-27,ENOFUTBLYR-31,41.75,,,,,40,,,nasdaq,
2025-11-27,ENOFUTBLYR-32,41.80,,,,,1,,,nasdaq,
2025-11-27,ENOFUTBLYR-33,42.25,,,,,1,,,nasdaq,
2025-11-27,ENOFUTBLYR-34,42.90,,,,,1,,,nasdaq,
2025-11-27,ENOFUTBLYR-35,43.25,,,,,,,,nasdaq,
2025-11-28,ENOFUTBLQ1-27,61.50,61.20,61.55,61.50,61.50,458,,,nasdaq,
2025-11-28,ENOFUTBLQ2-26,34.15,34.00,34.25,34.15,33.80,1086,,,nasdaq,
2025-11-28,ENOFUTBLQ2-27,30.47,29.50,31.00,,,89,,,nasdaq,
2025-11-28,ENOFUTBLQ3-26,23.60,23.36,23.60,23.60,23.39,751,,,nasdaq,
2025-11-28,ENOFUTBLQ3-27,22.00,21.65,22.05,22.00,22.00,86,,,nasdaq,
2025-11-28,ENOFUTBLQ4-26,45.70,45.55,46.00,45.70,45.50,865,,,nasdaq,
2025-11-28,ENOFUTBLQ4-27,46.00,45.45,46.50,46.00,46.00,143,,,nasdaq,
2025-11-28,ENOFUTBLYR-27,39.90,39.80,39.90,39.90,39.80,2722,,,nasdaq,
2025-11-28,ENOFUTBLYR-28,39.75,39.40,40.00,39.75,39.75,1206,,,nasdaq,
2025-11-28,ENOFUTBLYR-29,40.80,40.60,41.00,40.80,40.80,249,,,nasdaq,
2025-11-28,ENOFUTBLYR-30,41.80,41.40,43.30,,,178,,,nasdaq,
2025-11-28,ENOFUTBLYR-31,41.75,,,,,40,,,nasdaq,
2025-11-28,ENOFUTBLYR-32,41.80,,,,,1,,,nasdaq,
2025-11-28,ENOFUTBLYR-33,42.25,,,,,1,,,nasdaq,
2025-11-28,ENOFUTBLYR-34,42.90,,,,,1,,,nasdaq,
2025-11-28,ENOFUTBLYR-35,43.25,,,,,,,,nasdaq,
2025-12-01,ENOFUTBLQ1-27,61.35,61.35,62.00,61.35,61.25,458,,,nasdaq,
2025-12-01,ENOFUTBLQ2-26,34.00,33.95,34.25,34.25,33.25,1158,,,nasdaq,
2025-12-01,ENOFUTBLQ2-27,30.75,29.50,32.00,,,89,,,nasdaq,
2025-12-01,ENOFUTBLQ3-26,23.43,23.30,23.50,23.59,23.25,765,,,nasdaq,
2025-12-01,ENOFUTBLQ3-27,21.75,21.50,22.00,,,86,,,nasdaq,
2025-12-01,ENOFUTBLQ4-26,45.20,45.20,45.30,45.55,45.15,880,,,nasdaq,
2025-12-01,ENOFUTBLQ4-27,45.93,45.80,46.25,,,145,,,nasdaq,
2025-12-01,ENOFUTBLYR-27,39.85,39.70,39.90,39.90,39.60,2716,,,nasdaq,
2025-12-01,ENOFUTBLYR-28,39.90,39.50,40.00,40.20,40.20,1210,,,nasdaq,
2025-12-01,ENOFUTBLYR-29,40.80,40.45,41.40,,,256,,,nasdaq,
2025-12-01,ENOFUTBLYR-30,41.85,40.30,43.30,,,178,,,nasdaq,
2025-12-01,ENOFUTBLYR-31,41.75,,,,,40,,,nasdaq,
2025-12-01,ENOFUTBLYR-32,41.80,,,,,1,,,nasdaq,
2025-12-01,ENOFUTBLYR-33,42.25,,,,,1,,,nasdaq,
2025-12-01,ENOFUTBLYR-34,42.90,,,,,1,,,nasdaq,
2025-12-01,ENOFUTBLYR-35,43.25,,,,,,,,nasdaq,
2025-12-02,ENOFUTBLQ1-27,60.90,60.80,61.50,61.00,60.90,456,,,nasdaq,
2025-12-02,ENOFUTBLQ2-26,32.80,32.65,32.99,33.20,32.65,1293,,,nasdaq,
2025-12-02,ENOFUTBLQ2-27,30.40,30.25,30.75,30.40,30.40,89,,,nasdaq,
2025-12-02,ENOFUTBLQ3-26,22.75,22.71,23.00,23.00,23.00,782,,,nasdaq,
2025-12-02,ENOFUTBLQ3-27,21.65,21.60,21.65,21.65,21.65,86,,,nasdaq,
2025-12-02,ENOFUTBLQ4-26,44.90,44.75,45.00,45.00,44.90,892,,,nasdaq,
2025-12-02,ENOFUTBLQ4-27,45.50,45.45,45.55,45.65,45.60,145,,,nasdaq,
2025-12-02,ENOFUTBLYR-27,39.45,39.40,39.60,39.45,39.30,2724,,,nasdaq,
2025-12-02,ENOFUTBLYR-28,39.70,39.30,39.90,,,1211,,,nasdaq,
2025-12-02,ENOFUTBLYR-29,40.60,40.15,41.00,41.30,40.60,256,,,nasdaq,
2025-12-02,ENOFUTBLYR-30,41.85,41.05,43.10,,,173,,,nasdaq,
2025-12-02,ENOFUTBLYR-31,41.75,,,,,40,,,nasdaq,
2025-12-02,ENOFUTBLYR-32,41.80,,,,,1,,,nasdaq,
2025-12-02,ENOFUTBLYR-33,42.25,,,,,1,,,nasdaq,
2025-12-02,ENOFUTBLYR-34,42.90,,,,,1,,,nasdaq,
2025-12-02,ENOFUTBLYR-35,43.25,,,,,,,,nasdaq,
2025-12-03,ENOFUTBLQ1-27,60.60,60.30,60.60,60.80,60.60,460,,,nasdaq,
2025-12-03,ENOFUTBLQ2-26,32.20,31.75,32.30,33.00,32.20,1367,,,nasdaq,
2025-12-03,ENOFUTBLQ2-27,30.20,28.90,30.60,30.60,30.25,91,,,nasdaq,
2025-12-03,ENOFUTBLQ3-26,22.70,22.55,23.00,22.95,22.70,783,,,nasdaq,
2025-12-03,ENOFUTBLQ3-27,21.60,21.25,23.00,,,98,,,nasdaq,
2025-12-03,ENOFUTBLQ4-26,44.65,44.35,44.95,44.80,44.65,941,,,nasdaq,
2025-12-03,ENOFUTBLQ4-27,45.30,44.00,45.50,45.35,45.30,148,,,nasdaq,
2025-12-03,ENOFUTBLYR-27,39.12,39.00,39.23,39.71,39.25,2749,,,nasdaq,
2025-12-03,ENOFUTBLYR-28,39.50,39.45,39.55,,,1219,,,nasdaq,
2025-12-03,ENOFUTBLYR-29,40.43,40.25,40.60,,,257,,,nasdaq,
2025-12-03,ENOFUTBLYR-30,41.63,41.25,42.00,,,173,,,nasdaq,
2025-12-03,ENOFUTBLYR-31,41.70,41.00,,,,40,,,nasdaq,
2025-12-03,ENOFUTBLYR-32,41.75,,,,,1,,,nasdaq,
2025-12-03,ENOFUTBLYR-33,42.20,,,,,1,,,nasdaq,
2025-12-03,ENOFUTBLYR-34,42.85,,,,,1,,,nasdaq,
2025-12-03,ENOFUTBLYR-35,43.20,,,,,,,,nasdaq,
2025-12-04,ENOFUTBLQ1-27,60.25,60.00,60.75,60.25,60.25,476,,,nasdaq,
2025-12-04,ENOFUTBLQ2-26,30.34,30.30,30.75,31.55,30.30,1423,,,nasdaq,
2025-12-04,ENOFUTBLQ2-27,29.35,29.00,30.50,,,101,,,nasdaq,
2025-12-04,ENOFUTBLQ3-26,22.25,22.10,23.30,22.25,22.00,797,,,nasdaq,
2025-12-04,ENOFUTBLQ3-27,21.50,21.40,21.75,,,103,,,nasdaq,
2025-12-04,ENOFUTBLQ4-26,44.45,44.25,45.00,44.45,44.40,944,,,nasdaq,
2025-12-04,ENOFUTBLQ4-27,45.00,43.20,45.30,,,152,,,nasdaq,
2025-12-04,ENOFUTBLYR-27,38.93,38.75,39.09,38.55,38.55,2781,,,nasdaq,
2025-12-04,ENOFUTBLYR-28,39.35,39.15,39.45,39.30,39.25,1239,,,nasdaq,
2025-12-04,ENOFUTBLYR-29,40.30,40.12,40.40,40.30,40.20,262,,,nasdaq,
2025-12-04,ENOFUTBLYR-30,41.55,41.25,43.00,,,173,,,nasdaq,
2025-12-04,ENOFUTBLYR-31,41.65,,,,,40,,,nasdaq,
2025-12-04,ENOFUTBLYR-32,41.75,,,,,1,,,nasdaq,
2025-12-04,ENOFUTBLYR-33,42.20,,,,,1,,,nasdaq,
2025-12-04,ENOFUTBLYR-34,42.85,,,,,1,,,nasdaq,
2025-12-04,ENOFUTBLYR-35,43.20,,,,,,,,nasdaq,
2025-12-05,ENOFUTBLQ1-27,59.85,59.50,59.85,60.00,59.85,488,,,nasdaq,
2025-12-05,ENOFUTBLQ2-26,28.80,28.35,28.80,30.34,28.80,1441,,,nasdaq,
2025-12-05,ENOFUTBLQ2-27,28.95,28.00,30.20,,,101,,,nasdaq,
2025-12-05,ENOFUTBLQ3-26,22.00,21.75,22.25,22.10,22.00,802,,,nasdaq,
2025-12-05,ENOFUTBLQ3-27,21.48,21.35,21.60,,,108,,,nasdaq,
2025-12-05,ENOFUTBLQ4-26,44.15,44.05,44.75,44.45,44.15,962,,,nasdaq,
2025-12-05,ENOFUTBLQ4-27,44.90,44.60,45.00,44.90,44.90,154,,,nasdaq,
2025-12-05,ENOFUTBLYR-27,38.70,38.55,38.70,39.00,38.60,2824,,,nasdaq,
2025-12-05,ENOFUTBLYR-28,39.00,38.50,39.30,39.30,39.00,1242,,,nasdaq,
2025-12-05,ENOFUTBLYR-29,40.30,40.12,40.60,,,258,,,nasdaq,
2025-12-05,ENOFUTBLYR-30,41.55,41.20,42.60,,,173,,,nasdaq,
2025-12-05,ENOFUTBLYR-31,41.65,,,,,40,,,nasdaq,
2025-12-05,ENOFUTBLYR-32,41.75,,,,,1,,,nasdaq,
2025-12-05,ENOFUTBLYR-33,42.20,,,,,1,,,nasdaq,
2025-12-05,ENOFUTBLYR-34,42.85,,,,,1,,,nasdaq,
2025-12-05,ENOFUTBLYR-35,43.20,,,,,,,,nasdaq,
2025-12-08,ENOFUTBLQ1-27,59.80,59.65,60.00,59.60,59.60,501,,,nasdaq,
2025-12-08,ENOFUTBLQ2-26,27.40,27.40,27.80,27.90,27.35,1455,,,nasdaq,
2025-12-08,ENOFUTBLQ2-27,28.95,27.50,29.50,,,101,,,nasdaq,
2025-12-08,ENOFUTBLQ3-26,21.78,21.65,21.90,,,827,,,nasdaq,
2025-12-08,ENOFUTBLQ3-27,21.58,21.55,21.65,,,108,,,nasdaq,
2025-12-08,ENOFUTBLQ4-26,44.03,44.00,44.25,43.90,43.90,990,,,nasdaq,
2025-12-08,ENOFUTBLQ4-27,45.00,44.75,45.25,,,157,,,nasdaq,
2025-12-08,ENOFUTBLYR-27,38.75,38.55,38.75,38.40,38.25,2894,,,nasdaq,
2025-12-08,ENOFUTBLYR-28,39.00,39.00,39.20,39.00,39.00,1241,,,nasdaq,
2025-12-08,ENOFUTBLYR-29,40.30,40.12,41.25,,,258,,,nasdaq,
2025-12-08,ENOFUTBLYR-30,41.55,41.20,43.10,,,173,,,nasdaq,
2025-12-08,ENOFUTBLYR-31,41.65,,,,,40,,,nasdaq,
2025-12-08,ENOFUTBLYR-32,41.75,,,,,1,,,nasdaq,
2025-12-08,ENOFUTBLYR-33,42.20,,,,,1,,,nasdaq,
2025-12-08,ENOFUTBLYR-34,42.85,,,,,1,,,nasdaq,
2025-12-08,ENOFUTBLYR-35,43.20,,,,,,,,nasdaq,
2025-12-09,ENOFUTBLQ1-27,60.00,59.65,60.45,60.00,59.90,506,,,nasdaq,
2025-12-09,ENOFUTBLQ2-26,27.55,27.50,27.75,28.15,27.40,1482,,,nasdaq,
2025-12-09,ENOFUTBLQ2-27,29.10,29.00,29.85,,,101,,,nasdaq,
2025-12-09,ENOFUTBLQ3-26,21.80,21.65,22.75,21.89,21.58,827,,,nasdaq,
2025-12-09,ENOFUTBLQ3-27,21.75,21.70,23.20,21.85,21.75,108,,,nasdaq,
2025-12-09,ENOFUTBLQ4-26,44.25,44.15,44.80,44.20,44.15,1000,,,nasdaq,
2025-12-09,ENOFUTBLQ4-27,45.45,45.25,45.50,,,157,,,nasdaq,
2025-12-09,ENOFUTBLYR-27,39.05,39.05,39.25,39.05,38.80,2959,,,nasdaq,
2025-12-09,ENOFUTBLYR-28,39.30,39.25,40.70,39.30,39.15,1250,,,nasdaq,
2025-12-09,ENOFUTBLYR-29,40.50,40.12,40.70,,,258,,,nasdaq,
2025-12-09,ENOFUTBLYR-30,41.55,41.20,43.10,,,173,,,nasdaq,
2025-12-09,ENOFUTBLYR-31,41.65,,,,,40,,,nasdaq,
2025-12-09,ENOFUTBLYR-32,41.75,,,,,1,,,nasdaq,
2025-12-09,ENOFUTBLYR-33,42.20,,,,,1,,,nasdaq,
2025-12-09,ENOFUTBLYR-34,42.85,,,,,1,,,nasdaq,
2025-12-09,ENOFUTBLYR-35,43.20,,,,,,,,nasdaq,
2025-12-10,ENOFUTBLQ1-27,60.50,60.40,61.60,,,508,,,nasdaq,
2025-12-10,ENOFUTBLQ2-26,27.15,27.05,27.25,27.35,26.50,1478,,,nasdaq,
2025-12-10,ENOFUTBLQ2-27,29.20,29.10,31.10,29.00,29.00,106,,,nasdaq,
2025-12-10,ENOFUTBLQ3-26,22.10,22.05,22.25,22.25,22.01,855,,,nasdaq,
2025-12-10,ENOFUTBLQ3-27,22.25,22.10,23.50,,,112,,,nasdaq,
2025-12-10,ENOFUTBLQ4-26,45.00,45.00,45.70,45.00,44.00,1028,,,nasdaq,
2025-12-10,ENOFUTBLQ4-27,45.55,45.35,45.90,45.55,45.55,157,,,nasdaq,
2025-12-10,ENOFUTBLYR-27,39.25,39.25,39.60,39.25,38.65,3064,,,nasdaq,
2025-12-10,ENOFUTBLYR-28,39.50,39.30,40.60,39.60,39.60,1256,,,nasdaq,
2025-12-10,ENOFUTBLYR-29,40.60,40.12,41.50,,,262,,,nasdaq,
2025-12-10,ENOFUTBLYR-30,41.65,41.15,43.10,,,173,,,nasdaq,
2025-12-10,ENOFUTBLYR-31,41.75,,,,,40,,,nasdaq,
2025-12-10,ENOFUTBLYR-32,41.85,,,,,1,,,nasdaq,
2025-12-10,ENOFUTBLYR-33,42.30,,,,,1,,,nasdaq,
2025-12-10,ENOFUTBLYR-34,42.95,,,,,1,,,nasdaq,
2025-12-10,ENOFUTBLYR-35,43.30,,,,,,,,nasdaq,
2025-12-11,ENOFUTBLQ1-27,61.80,61.65,62.00,61.80,61.00,508,,,nasdaq,
2025-12-11,ENOFUTBLQ2-26,28.15,28.15,28.25,28.29,27.75,1476,,,nasdaq,
2025-12-11,ENOFUTBLQ2-27,31.50,30.50,32.50,29.50,29.50,109,,,nasdaq,
2025-12-11,ENOFUTBLQ3-26,22.70,22.60,22.75,22.75,22.60,853,,,nasdaq,
2025-12-11,ENOFUTBLQ3-27,23.00,22.65,23.00,23.00,22.85,112,,,nasdaq,
2025-12-11,ENOFUTBLQ4-26,46.00,45.60,46.50,46.00,45.50,1042,,,nasdaq,
2025-12-11,ENOFUTBLQ4-27,46.90,46.90,47.25,,,157,,,nasdaq,
2025-12-11,ENOFUTBLYR-27,40.70,40.60,40.70,40.75,40.00,3091,,,nasdaq,
2025-12-11,ENOFUTBLYR-28,40.65,40.30,40.75,40.65,39.75,1259,,,nasdaq,
2025-12-11,ENOFUTBLYR-29,41.20,40.65,41.25,,,262,,,nasdaq,
2025-12-11,ENOFUTBLYR-30,41.90,41.00,,,,173,,,nasdaq,
2025-12-11,ENOFUTBLYR-31,42.00,,,,,40,,,nasdaq,
2025-12-11,ENOFUTBLYR-32,42.10,,,,,1,,,nasdaq,
2025-12-11,ENOFUTBLYR-33,42.40,,,,,1,,,nasdaq,
2025-12-11,ENOFUTBLYR-34,43.05,,,,,1,,,nasdaq,
2025-12-11,ENOFUTBLYR-35,43.40,,,,,,,,nasdaq,
2025-12-12,ENOFUTBLQ1-27,61.95,61.80,62.10,62.15,62.00,511,,,nasdaq,
2025-12-12,ENOFUTBLQ2-26,28.70,28.60,28.75,29.25,28.55,1533,,,nasdaq,
2025-12-12,ENOFUTBLQ2-27,31.50,31.35,31.65,31.65,30.90,109,,,nasdaq,
2025-12-12,ENOFUTBLQ3-26,23.05,22.90,23.09,23.05,22.90,858,,,nasdaq,
2025-12-12,ENOFUTBLQ3-27,23.00,22.55,23.15,23.00,23.00,104,,,nasdaq,
2025-12-12,ENOFUTBLQ4-26,46.40,46.00,46.40,46.40,46.20,1042,,,nasdaq,
2025-12-12,ENOFUTBLQ4-27,47.25,47.10,47.80,,,157,,,nasdaq,
2025-12-12,ENOFUTBLYR-27,40.95,40.85,41.10,41.20,40.95,3087,,,nasdaq,
2025-12-12,ENOFUTBLYR-28,40.75,40.65,40.85,40.90,40.90,1262,,,nasdaq,
2025-12-12,ENOFUTBLYR-29,41.40,40.75,41.40,41.40,41.40,262,,,nasdaq,
2025-12-12,ENOFUTBLYR-30,41.90,41.12,43.40,,,173,,,nasdaq,
2025-12-12,ENOFUTBLYR-31,42.00,,,,,40,,,nasdaq,
2025-12-12,ENOFUTBLYR-32,42.10,,,,,1,,,nasdaq,
2025-12-12,ENOFUTBLYR-33,42.40,,,,,1,,,nasdaq,
2025-12-12,ENOFUTBLYR-34,43.05,,,,,1,,,nasdaq,
2025-12-12,ENOFUTBLYR-35,43.40,,,,,,,,nasdaq,
2025-12-15,ENOFUTBLQ1-27,61.80,61.05,61.80,61.80,61.60,535,,,nasdaq,
2025-12-15,ENOFUTBLQ2-26,27.20,27.10,27.35,28.55,27.00,1567,,,nasdaq,
2025-12-15,ENOFUTBLQ2-27,30.90,30.90,31.50,30.90,30.90,109,,,nasdaq,
2025-12-15,ENOFUTBLQ3-26,22.85,22.40,23.26,,,854,,,nasdaq,
2025-12-15,ENOFUTBLQ3-27,23.00,22.70,24.60,,,104,,,nasdaq,
2025-12-15,ENOFUTBLQ4-26,46.18,45.80,46.55,,,1021,,,nasdaq,
2025-12-15,ENOFUTBLQ4-27,47.58,47.15,48.00,48.25,48.00,156,,,nasdaq,
2025-12-15,ENOFUTBLYR-27,40.80,40.60,40.85,41.00,40.55,3094,,,nasdaq,
2025-12-15,ENOFUTBLYR-28,40.50,40.40,40.65,,,1270,,,nasdaq,
2025-12-15,ENOFUTBLYR-29,41.35,40.50,41.40,41.45,41.45,257,,,nasdaq,
2025-12-15,ENOFUTBLYR-30,41.90,41.12,43.20,,,173,,,nasdaq,
2025-12-15,ENOFUTBLYR-31,42.00,,,,,40,,,nasdaq,
2025-12-15,ENOFUTBLYR-32,42.10,,,,,1,,,nasdaq,
2025-12-15,ENOFUTBLYR-33,42.40,,,,,1,,,nasdaq,
2025-12-15,ENOFUTBLYR-34,43.05,,,,,1,,,nasdaq,
2025-12-15,ENOFUTBLYR-35,43.40,,,,,,,,nasdaq,
2025-12-16,ENOFUTBLQ1-27,61.50,61.25,62.00,61.55,61.50,537,,,nasdaq,
2025-12-16,ENOFUTBLQ2-26,27.50,27.50,27.70,27.70,26.95,1603,,,nasdaq,
2025-12-16,ENOFUTBLQ2-27,31.25,30.00,32.40,,,110,,,nasdaq,
2025-12-16,ENOFUTBLQ3-26,22.70,22.65,22.85,22.90,22.50,854,,,nasdaq,
2025-12-16,ENOFUTBLQ3-27,23.00,22.50,23.37,,,104,,,nasdaq,
2025-12-16,ENOFUTBLQ4-26,46.10,46.05,46.49,46.10,46.00,1026,,,nasdaq,
2025-12-16,ENOFUTBLQ4-27,47.60,47.60,47.95,47.60,47.60,165,,,nasdaq,
2025-12-16,ENOFUTBLYR-27,40.75,40.61,40.90,40.60,40.60,3133,,,nasdaq,
2025-12-16,ENOFUTBLYR-28,40.60,40.50,40.70,40.90,40.60,1269,,,nasdaq,
2025-12-16,ENOFUTBLYR-29,41.28,40.75,41.80,,,259,,,nasdaq,
2025-12-16,ENOFUTBLYR-30,41.90,41.25,43.30,,,173,,,nasdaq,
2025-12-16,ENOFUTBLYR-31,42.00,,,,,40,,,nasdaq,
2025-12-16,ENOFUTBLYR-32,42.10,,,,,1,,,nasdaq,
2025-12-16,ENOFUTBLYR-33,42.40,,,,,1,,,nasdaq,
2025-12-16,ENOFUTBLYR-34,43.05,,,,,1,,,nasdaq,
2025-12-16,ENOFUTBLYR-35,43.40,,,,,,,,nasdaq,
2025-12-17,ENOFUTBLQ1-27,61.50,61.35,62.00,61.50,61.50,542,,,nasdaq,
2025-12-17,ENOFUTBLQ2-26,28.70,28.60,28.75,29.00,28.20,1675,,,nasdaq,
2025-12-17,ENOFUTBLQ2-27,31.55,31.00,32.90,31.00,31.00,110,,,nasdaq,
2025-12-17,ENOFUTBLQ3-26,22.75,22.70,22.85,23.00,22.75,876,,,nasdaq,
2025-12-17,ENOFUTBLQ3-27,22.75,22.50,23.00,,,104,,,nasdaq,
2025-12-17,ENOFUTBLQ4-26,46.45,46.20,46.48,46.50,46.40,1041,,,nasdaq,
2025-12-17,ENOFUTBLQ4-27,47.75,47.50,48.00,,,162,,,nasdaq,
2025-12-17,ENOFUTBLYR-27,40.80,40.66,40.85,40.90,40.55,3149,,,nasdaq,
2025-12-17,ENOFUTBLYR-28,40.80,40.35,40.65,,,1276,,,nasdaq,
2025-12-17,ENOFUTBLYR-29,41.60,40.62,41.60,41.60,41.60,259,,,nasdaq,
2025-12-17,ENOFUTBLYR-30,42.00,41.12,43.10,,,173,,,nasdaq,
2025-12-17,ENOFUTBLYR-31,42.10,,,,,40,,,nasdaq,
2025-12-17,ENOFUTBLYR-32,42.20,,,,,1,,,nasdaq,
2025-12-17,ENOFUTBLYR-33,42.50,,,,,1,,,nasdaq,
2025-12-17,ENOFUTBLYR-34,43.15,,,,,1,,,nasdaq,
2025-12-17,ENOFUTBLYR-35,43.50,,,,,,,,nasdaq,
2025-12-18,ENOFUTBLQ1-27,61.50,61.30,62.40,,,527,,,nasdaq,
2025-12-18,ENOFUTBLQ2-26,28.40,28.25,28.40,29.00,28.10,1681,,,nasdaq,
2025-12-18,ENOFUTBLQ2-27,31.05,30.00,31.50,,,110,,,nasdaq,
2025-12-18,ENOFUTBLQ3-26,22.70,22.50,22.75,22.70,22.00,868,,,nasdaq,
2025-12-18,ENOFUTBLQ3-27,22.50,22.35,22.65,,,104,,,nasdaq,
2025-12-18,ENOFUTBLQ4-26,46.27,46.05,46.30,46.30,46.00,1059,,,nasdaq,
2025-12-18,ENOFUTBLQ4-27,47.50,46.00,47.90,47.50,47.50,162,,,nasdaq,
2025-12-18,ENOFUTBLYR-27,40.55,40.40,40.75,40.80,40.50,3138,,,nasdaq,
2025-12-18,ENOFUTBLYR-28,40.55,40.00,40.55,40.60,40.55,1275,,,nasdaq,
2025-12-18,ENOFUTBLYR-29,41.35,39.80,41.50,,,260,,,nasdaq,
2025-12-18,ENOFUTBLYR-30,41.90,41.00,43.50,,,176,,,nasdaq,
2025-12-18,ENOFUTBLYR-31,42.00,40.00,,,,40,,,nasdaq,
2025-12-18,ENOFUTBLYR-32,42.10,40.00,,,,1,,,nasdaq,
2025-12-18,ENOFUTBLYR-33,42.40,,,,,1,,,nasdaq,
2025-12-18,ENOFUTBLYR-34,43.05,,,,,1,,,nasdaq,
2025-12-18,ENOFUTBLYR-35,43.40,,,,,,,,nasdaq,
2025-12-19,ENOFUTBLQ1-27,61.35,61.10,61.85,61.60,61.35,527,,,nasdaq,
2025-12-19,ENOFUTBLQ2-26,28.70,28.60,28.70,28.75,28.00,1669,,,nasdaq,
2025-12-19,ENOFUTBLQ2-27,30.95,30.20,31.75,30.90,30.90,110,,,nasdaq,
2025-12-19,ENOFUTBLQ3-26,22.70,22.50,22.79,22.70,22.70,858,,,nasdaq,
2025-12-19,ENOFUTBLQ3-27,22.73,22.60,22.90,,,104,,,nasdaq,
2025-12-19,ENOFUTBLQ4-26,46.35,46.35,46.49,46.35,46.20,1056,,,nasdaq,
2025-12-19,ENOFUTBLQ4-27,47.68,47.35,48.00,,,163,,,nasdaq,
2025-12-19,ENOFUTBLYR-27,40.65,40.55,40.75,40.65,40.65,3158,,,nasdaq,
2025-12-19,ENOFUTBLYR-28,40.60,40.40,40.60,40.60,40.60,1265,,,nasdaq,
2025-12-19,ENOFUTBLYR-29,41.40,40.62,41.45,,,260,,,nasdaq,
2025-12-19,ENOFUTBLYR-30,41.90,41.62,42.25,,,176,,,nasdaq,
2025-12-19,ENOFUTBLYR-31,42.00,,48.00,,,40,,,nasdaq,
2025-12-19,ENOFUTBLYR-32,42.10,,48.00,,,1,,,nasdaq,
2025-12-19,ENOFUTBLYR-33,42.40,,,,,1,,,nasdaq,
2025-12-19,ENOFUTBLYR-34,43.05,,,,,1,,,nasdaq,
2025-12-19,ENOFUTBLYR-35,43.40,,,,,,,,nasdaq,
2025-12-22,ENOFUTBLQ1-27,61.50,60.50,62.50,,,533,,,nasdaq,
2025-12-22,ENOFUTBLQ2-26,28.35,28.35,28.55,28.70,28.15,1682,,,nasdaq,
2025-12-22,ENOFUTBLQ2-27,30.58,29.50,31.65,,,111,,,nasdaq,
2025-12-22,ENOFUTBLQ3-26,22.63,22.53,22.89,22.51,22.51,859,,,nasdaq,
2025-12-22,ENOFUTBLQ3-27,22.75,22.25,23.50,22.75,22.75,104,,,nasdaq,
2025-12-22,ENOFUTBLQ4-26,46.35,46.25,46.45,46.35,46.35,1056,,,nasdaq,
2025-12-22,ENOFUTBLQ4-27,47.50,46.50,48.00,47.50,47.50,163,,,nasdaq,
2025-12-22,ENOFUTBLYR-27,40.50,40.45,40.60,40.65,40.50,3159,,,nasdaq,
2025-12-22,ENOFUTBLYR-28,40.50,40.00,40.90,,,1268,,,nasdaq,
2025-12-22,ENOFUTBLYR-29,41.40,40.75,41.45,,,262,,,nasdaq,
2025-12-22,ENOFUTBLYR-30,41.90,41.62,42.25,,,179,,,nasdaq,
2025-12-22,ENOFUTBLYR-31,42.00,39.00,,,,40,,,nasdaq,
2025-12-22,ENOFUTBLYR-32,42.10,39.00,,,,1,,,nasdaq,
2025-12-22,ENOFUTBLYR-33,42.40,,,,,1,,,nasdaq,
2025-12-22,ENOFUTBLYR-34,43.05,,,,,1,,,nasdaq,
2025-12-22,ENOFUTBLYR-35,43.40,,,,,,,,nasdaq,
2025-12-23,ENOFUTBLQ1-27,61.75,61.25,,,,533,,,nasdaq,
2025-12-23,ENOFUTBLQ2-26,28.10,27.70,28.30,28.35,27.90,1696,,,nasdaq,
2025-12-23,ENOFUTBLQ2-27,30.70,29.00,32.00,,,111,,,nasdaq,
2025-12-23,ENOFUTBLQ3-26,22.70,22.60,22.70,22.70,22.59,852,,,nasdaq,
2025-12-23,ENOFUTBLQ3-27,22.75,21.25,24.25,,,106,,,nasdaq,
2025-12-23,ENOFUTBLQ4-26,46.55,46.35,46.55,46.60,46.55,1058,,,nasdaq,
2025-12-23,ENOFUTBLQ4-27,47.50,46.00,48.25,,,163,,,nasdaq,
2025-12-23,ENOFUTBLYR-27,40.60,40.50,40.70,40.60,40.59,3125,,,nasdaq,
2025-12-23,ENOFUTBLYR-28,40.75,40.50,41.00,,,1256,,,nasdaq,
2025-12-23,ENOFUTBLYR-29,41.40,40.62,41.80,,,262,,,nasdaq,
2025-12-23,ENOFUTBLYR-30,41.90,41.62,42.40,,,179,,,nasdaq,
2025-12-23,ENOFUTBLYR-31,42.00,39.00,,,,40,,,nasdaq,
2025-12-23,ENOFUTBLYR-32,42.10,39.00,,,,1,,,nasdaq,
2025-12-23,ENOFUTBLYR-33,42.40,,,,,1,,,nasdaq,
2025-12-23,ENOFUTBLYR-34,43.05,,,,,1,,,nasdaq,
2025-12-23,ENOFUTBLYR-35,43.40,,,,,,,,nasdaq,
2025-12-29,ENOFUTBLQ1-27,62.13,61.80,62.50,,,533,,,nasdaq,
2025-12-29,ENOFUTBLQ2-26,29.55,29.40,29.48,30.00,28.75,4734,,,nasdaq,
2025-12-29,ENOFUTBLQ2-27,31.00,30.00,32.00,,,111,,,nasdaq,
2025-12-29,ENOFUTBLQ3-26,23.35,23.25,23.40,23.89,22.85,4252,,,nasdaq,
2025-12-29,ENOFUTBLQ3-27,22.70,22.25,23.66,,,106,,,nasdaq,
2025-12-29,ENOFUTBLQ4-26,47.10,47.00,47.45,47.10,46.00,4240,,,nasdaq,
2025-12-29,ENOFUTBLQ4-27,48.00,46.00,48.00,,,163,,,nasdaq,
2025-12-29,ENOFUTBLYR-27,40.90,40.75,41.00,41.10,40.90,3118,,,nasdaq,
2025-12-29,ENOFUTBLYR-28,41.10,40.35,41.10,41.10,41.10,1256,,,nasdaq,
2025-12-29,ENOFUTBLYR-29,41.51,40.62,42.40,,,265,,,nasdaq,
2025-12-29,ENOFUTBLYR-30,42.00,41.12,43.50,,,179,,,nasdaq,
2025-12-29,ENOFUTBLYR-31,42.10,,,,,40,,,nasdaq,
2025-12-29,ENOFUTBLYR-32,42.20,,,,,1,,,nasdaq,
2025-12-29,ENOFUTBLYR-33,42.50,,,,,1,,,nasdaq,
2025-12-29,ENOFUTBLYR-34,43.05,,,,,1,,,nasdaq,
2025-12-29,ENOFUTBLYR-35,43.40,,,,,,,,nasdaq,
2025-12-30,ENOFUTBLQ1-27,62.25,61.50,63.00,,,533,,,nasdaq,
2025-12-30,ENOFUTBLQ2-26,30.72,30.50,31.00,30.72,29.65,4751,,,nasdaq,
2025-12-30,ENOFUTBLQ2-27,31.04,30.95,31.15,,,111,,,nasdaq,
2025-12-30,ENOFUTBLQ3-26,23.60,23.65,23.99,23.60,23.50,4260,,,nasdaq,
2025-12-30,ENOFUTBLQ3-27,23.18,22.70,23.65,,,106,,,nasdaq,
2025-12-30,ENOFUTBLQ4-26,47.62,47.50,47.74,47.20,47.00,4245,,,nasdaq,
2025-12-30,ENOFUTBLQ4-27,48.07,46.50,48.75,,,165,,,nasdaq,
2025-12-30,ENOFUTBLYR-27,41.05,40.75,41.50,41.05,40.95,3123,,,nasdaq,
2025-12-30,ENOFUTBLYR-28,41.10,40.20,41.30,41.15,41.10,1257,,,nasdaq,
2025-12-30,ENOFUTBLYR-29,41.51,40.90,43.00,,,265,,,nasdaq,
2025-12-30,ENOFUTBLYR-30,42.00,41.70,43.50,,,179,,,nasdaq,
2025-12-30,ENOFUTBLYR-31,42.10,,,,,40,,,nasdaq,
2025-12-30,ENOFUTBLYR-32,42.20,,,,,1,,,nasdaq,
2025-12-30,ENOFUTBLYR-33,42.50,,,,,1,,,nasdaq,
2025-12-30,ENOFUTBLYR-34,43.05,,,,,1,,,nasdaq,
2025-12-30,ENOFUTBLYR-35,43.40,,,,,,,,nasdaq,
2026-01-02,ENOFUTBLQ1-27,63.50,63.25,64.40,63.50,63.50,533,,,nasdaq,
2026-01-02,ENOFUTBLQ1-28,63.50,62.00,64.50,,,,,,nasdaq,
2026-01-02,ENOFUTBLQ2-26,34.20,34.00,34.20,34.30,33.50,4795,,,nasdaq,
2026-01-02,ENOFUTBLQ2-27,32.38,31.50,32.30,32.38,32.38,111,,,nasdaq,
2026-01-02,ENOFUTBLQ2-28,31.30,29.50,32.80,,,,,,nasdaq,
2026-01-02,ENOFUTBLQ3-26,25.35,25.20,25.35,25.50,25.00,4252,,,nasdaq,
2026-01-02,ENOFUTBLQ3-27,24.80,24.00,24.86,,,106,,,nasdaq,
2026-01-02,ENOFUTBLQ3-28,23.40,21.00,24.60,,,,,,nasdaq,
2026-01-02,ENOFUTBLQ4-26,48.90,48.80,49.70,49.25,48.85,4249,,,nasdaq,
2026-01-02,ENOFUTBLQ4-27,48.87,48.50,49.00,48.50,48.50,165,,,nasdaq,
2026-01-02,ENOFUTBLQ4-28,48.55,46.60,50.20,,,,,,nasdaq,
2026-01-02,ENOFUTBLYR-27,42.30,42.20,42.39,42.50,41.85,3130,,,nasdaq,
2026-01-02,ENOFUTBLYR-28,41.65,41.50,41.80,41.75,41.60,1259,,,nasdaq,
2026-01-02,ENOFUTBLYR-29,42.03,41.30,42.75,,,265,,,nasdaq,
2026-01-02,ENOFUTBLYR-30,42.25,41.55,44.00,,,179,,,nasdaq,
2026-01-02,ENOFUTBLYR-31,42.35,42.00,44.10,,,40,,,nasdaq,
2026-01-02,ENOFUTBLYR-32,42.30,,,,,1,,,nasdaq,
2026-01-02,ENOFUTBLYR-33,42.55,,,,,1,,,nasdaq,
2026-01-02,ENOFUTBLYR-34,43.10,,,,,1,,,nasdaq,
2026-01-02,ENOFUTBLYR-35,43.45,,,,,,,,nasdaq,
2026-01-02,ENOFUTBLYR-36,43.50,,,,,,,,nasdaq,
2026-01-05,ENOFUTBLQ1-27,63.55,63.30,63.50,64.00,63.50,535,,,nasdaq,
2026-01-05,ENOFUTBLQ1-28,63.50,62.25,65.00,,,,,,nasdaq,
2026-01-05,ENOFUTBLQ2-26,34.00,,34.20,34.50,33.95,4813,,,nasdaq,
2026-01-05,ENOFUTBLQ2-27,32.53,32.06,33.00,,,111,,,nasdaq,
2026-01-05,ENOFUTBLQ2-28,31.30,30.00,32.60,,,,,,nasdaq,
2026-01-05,ENOFUTBLQ3-26,25.50,25.30,25.64,25.64,25.00,4251,,,nasdaq,
2026-01-05,ENOFUTBLQ3-27,24.35,24.00,24.45,24.50,24.35,106,,,nasdaq,
2026-01-05,ENOFUTBLQ3-28,23.40,22.50,24.80,,,,,,nasdaq,
2026-01-05,ENOFUTBLQ4-26,48.75,48.55,48.75,49.30,48.75,4244,,,nasdaq,
2026-01-05,ENOFUTBLQ4-27,48.50,46.85,48.60,48.50,48.50,165,,,nasdaq,
2026-01-05,ENOFUTBLQ4-28,48.55,47.50,50.00,,,,,,nasdaq,
2026-01-05,ENOFUTBLYR-27,42.15,42.10,42.25,42.50,42.13,3151,,,nasdaq,
2026-01-05,ENOFUTBLYR-28,41.60,41.25,41.64,,,1274,,,nasdaq,
2026-01-05,ENOFUTBLYR-29,42.03,41.30,42.40,,,265,,,nasdaq,
2026-01-05,ENOFUTBLYR-30,42.25,41.55,42.75,,,179,,,nasdaq,
2026-01-05,ENOFUTBLYR-31,42.35,41.50,43.00,,,40,,,nasdaq,
2026-01-05,ENOFUTBLYR-32,42.30,,,,,1,,,nasdaq,
2026-01-05,ENOFUTBLYR-33,42.55,,,,,1,,,nasdaq,
2026-01-05,ENOFUTBLYR-34,43.10,,,,,1,,,nasdaq,
2026-01-05,ENOFUTBLYR-35,43.45,,,,,,,,nasdaq,
2026-01-05,ENOFUTBLYR-36,43.50,,,,,,,,nasdaq,
2026-01-06,ENOFUTBLQ1-27,63.80,63.55,63.80,63.85,63.80,532,,,nasdaq,
2026-01-06,ENOFUTBLQ1-28,64.00,62.25,65.20,,,,,,nasdaq,
2026-01-06,ENOFUTBLQ2-26,35.25,35.00,35.30,35.75,34.97,4852,,,nasdaq,
2026-01-06,ENOFUTBLQ2-27,33.51,32.01,35.00,,,111,,,nasdaq,
2026-01-06,ENOFUTBLQ2-28,31.75,30.00,33.65,,,,,,nasdaq,
2026-01-06,ENOFUTBLQ3-26,26.25,26.10,26.40,26.75,26.20,4255,,,nasdaq,
2026-01-06,ENOFUTBLQ3-27,24.50,23.50,25.00,24.50,24.50,102,,,nasdaq,
2026-01-06,ENOFUTBLQ3-28,23.40,22.50,24.75,,,,,,nasdaq,
2026-01-06,ENOFUTBLQ4-26,49.00,49.00,49.25,49.55,49.00,4245,,,nasdaq,
2026-01-06,ENOFUTBLQ4-27,47.55,46.00,49.10,,,165,,,nasdaq,
2026-01-06,ENOFUTBLQ4-28,48.50,46.25,50.00,,,,,,nasdaq,
2026-01-06,ENOFUTBLYR-27,42.24,42.20,42.50,42.75,42.55,3156,,,nasdaq,
2026-01-06,ENOFUTBLYR-28,41.88,41.50,41.90,41.88,41.75,1282,,,nasdaq,
2026-01-06,ENOFUTBLYR-29,42.03,41.65,42.10,,,265,,,nasdaq,
2026-01-06,ENOFUTBLYR-30,42.25,41.90,43.00,,,179,,,nasdaq,
2026-01-06,ENOFUTBLYR-31,42.35,42.10,43.25,,,40,,,nasdaq,
2026-01-06,ENOFUTBLYR-32,42.30,,,,,1,,,nasdaq,
2026-01-06,ENOFUTBLYR-33,42.55,,,,,1,,,nasdaq,
2026-01-06,ENOFUTBLYR-34,43.10,,,,,1,,,nasdaq,
2026-01-06,ENOFUTBLYR-35,43.45,,,,,,,,nasdaq,
2026-01-06,ENOFUTBLYR-36,43.50,,,,,,,,nasdaq,
2026-01-07,ENOFUTBLQ1-27,63.80,63.80,64.00,64.00,63.80,532,,,nasdaq,
2026-01-07,ENOFUTBLQ1-28,64.00,63.50,65.00,,,,,,nasdaq,
2026-01-07,ENOFUTBLQ2-26,36.05,36.05,36.10,36.75,35.90,4871,,,nasdaq,
2026-01-07,ENOFUTBLQ2-27,33.20,33.00,33.20,33.20,33.20,111,,,nasdaq,
2026-01-07,ENOFUTBLQ2-28,31.50,30.20,33.30,,,,,,nasdaq,
2026-01-07,ENOFUTBLQ3-26,26.75,26.65,26.95,27.15,26.75,4253,,,nasdaq,
2026-01-07,ENOFUTBLQ3-27,24.57,24.00,24.75,,,102,,,nasdaq,
2026-01-07,ENOFUTBLQ3-28,23.15,22.00,24.90,,,,,,nasdaq,
2026-01-07,ENOFUTBLQ4-26,49.00,48.80,49.15,49.50,49.00,4249,,,nasdaq,
2026-01-07,ENOFUTBLQ4-27,48.00,47.65,48.40,48.00,48.00,165,,,nasdaq,
2026-01-07,ENOFUTBLQ4-28,48.50,48.00,50.00,,,,,,nasdaq,
2026-01-07,ENOFUTBLYR-27,42.30,42.25,42.40,42.75,42.25,3151,,,nasdaq,
2026-01-07,ENOFUTBLYR-28,41.75,41.50,41.75,42.00,41.75,1289,,,nasdaq,
2026-01-07,ENOFUTBLYR-29,42.03,41.65,42.40,42.60,42.60,265,,,nasdaq,
2026-01-07,ENOFUTBLYR-30,42.25,41.90,43.80,,,179,,,nasdaq,
2026-01-07,ENOFUTBLYR-31,42.35,42.10,43.90,,,40,,,nasdaq,
2026-01-07,ENOFUTBLYR-32,42.30,38.00,,,,1,,,nasdaq,
2026-01-07,ENOFUTBLYR-33,42.55,,,,,1,,,nasdaq,
2026-01-07,ENOFUTBLYR-34,43.10,,,,,1,,,nasdaq,
2026-01-07,ENOFUTBLYR-35,43.45,,,,,,,,nasdaq,
2026-01-07,ENOFUTBLYR-36,43.50,,,,,,,,nasdaq,
2026-01-08,ENOFUTBLQ1-27,62.85,62.00,62.85,62.85,62.85,534,,,nasdaq,
2026-01-08,ENOFUTBLQ1-28,63.00,61.50,64.50,,,,,,nasdaq,
2026-01-08,ENOFUTBLQ2-26,33.95,33.90,34.00,34.50,33.85,4885,,,nasdaq,
2026-01-08,ENOFUTBLQ2-27,32.10,32.05,32.15,32.50,32.10,118,,,nasdaq,
2026-01-08,ENOFUTBLQ2-28,31.10,29.60,32.70,,,,,,nasdaq,
2026-01-08,ENOFUTBLQ3-26,25.60,25.50,25.70,26.00,25.60,4212,,,nasdaq,
2026-01-08,ENOFUTBLQ3-27,23.67,23.00,25.80,,,102,,,nasdaq,
2026-01-08,ENOFUTBLQ3-28,23.15,22.33,24.50,,,,,,nasdaq,
2026-01-08,ENOFUTBLQ4-26,48.00,47.75,48.00,48.00,48.00,4245,,,nasdaq,
2026-01-08,ENOFUTBLQ4-27,47.35,47.35,48.00,,,165,,,nasdaq,
2026-01-08,ENOFUTBLQ4-28,48.10,46.80,49.80,,,,,,nasdaq,
2026-01-08,ENOFUTBLYR-27,41.40,41.35,41.45,41.65,41.50,3156,,,nasdaq,
2026-01-08,ENOFUTBLYR-28,41.30,41.10,41.30,,,1288,,,nasdaq,
2026-01-08,ENOFUTBLYR-29,41.80,41.12,41.95,41.80,41.80,266,,,nasdaq,
2026-01-08,ENOFUTBLYR-30,42.25,41.90,43.50,,,179,,,nasdaq,
2026-01-08,ENOFUTBLYR-31,42.35,41.50,43.60,,,40,,,nasdaq,
2026-01-08,ENOFUTBLYR-32,42.30,,,,,1,,,nasdaq,
2026-01-08,ENOFUTBLYR-33,42.55,,,,,1,,,nasdaq,
2026-01-08,ENOFUTBLYR-34,43.10,,,,,1,,,nasdaq,
2026-01-08,ENOFUTBLYR-35,43.45,,,,,,,,nasdaq,
2026-01-08,ENOFUTBLYR-36,43.50,,,,,,,,nasdaq,
2026-01-09,ENOFUTBLQ1-27,62.75,62.25,62.75,62.75,62.75,543,,,nasdaq,
2026-01-09,ENOFUTBLQ1-28,62.85,61.50,64.50,,,,,,nasdaq,
2026-01-09,ENOFUTBLQ2-26,33.30,33.30,33.45,33.40,32.75,4852,,,nasdaq,
2026-01-09,ENOFUTBLQ2-27,31.90,31.75,32.10,,,118,,,nasdaq,
2026-01-09,ENOFUTBLQ2-28,30.95,29.60,32.60,,,,,,nasdaq,
2026-01-09,ENOFUTBLQ3-26,25.50,25.40,25.75,25.50,25.05,4197,,,nasdaq,
2026-01-09,ENOFUTBLQ3-27,23.50,23.50,24.00,23.50,23.50,102,,,nasdaq,
2026-01-09,ENOFUTBLQ3-28,23.00,22.00,24.70,,,,,,nasdaq,
2026-01-09,ENOFUTBLQ4-26,47.85,47.75,48.00,48.00,47.85,4241,,,nasdaq,
2026-01-09,ENOFUTBLQ4-27,47.35,46.50,48.25,47.35,47.35,165,,,nasdaq,
2026-01-09,ENOFUTBLQ4-28,47.95,46.90,49.80,,,,,,nasdaq,
2026-01-09,ENOFUTBLYR-27,41.25,41.15,41.34,41.25,41.00,3165,,,nasdaq,
2026-01-09,ENOFUTBLYR-28,41.15,41.00,41.10,,,1289,,,nasdaq,
2026-01-09,ENOFUTBLYR-29,41.40,41.30,41.60,41.40,41.40,267,,,nasdaq,
2026-01-09,ENOFUTBLYR-30,42.25,41.62,43.80,,,179,,,nasdaq,
2026-01-09,ENOFUTBLYR-31,42.35,41.67,43.90,,,40,,,nasdaq,
2026-01-09,ENOFUTBLYR-32,42.30,,,,,1,,,nasdaq,
2026-01-09,ENOFUTBLYR-33,42.55,,,,,1,,,nasdaq,
2026-01-09,ENOFUTBLYR-34,43.10,,,,,1,,,nasdaq,
2026-01-09,ENOFUTBLYR-35,43.45,,,,,,,,nasdaq,
2026-01-09,ENOFUTBLYR-36,43.50,,,,,,,,nasdaq,
2026-01-12,ENOFUTBLQ1-27,63.75,63.75,64.40,63.75,63.75,543,,,nasdaq,
2026-01-12,ENOFUTBLQ1-28,63.25,61.60,64.60,,,,,,nasdaq,
2026-01-12,ENOFUTBLQ2-26,37.28,37.25,37.40,37.40,35.95,4883,,,nasdaq,
2026-01-12,ENOFUTBLQ2-27,32.95,32.60,33.00,,,118,,,nasdaq,
2026-01-12,ENOFUTBLQ2-28,31.10,29.40,32.50,,,,,,nasdaq,
2026-01-12,ENOFUTBLQ3-26,28.18,28.05,28.20,28.10,27.40,4231,,,nasdaq,
2026-01-12,ENOFUTBLQ3-27,24.10,23.50,24.70,,,102,,,nasdaq,
2026-01-12,ENOFUTBLQ3-28,23.05,21.30,24.40,,,,,,nasdaq,
2026-01-12,ENOFUTBLQ4-26,49.45,49.25,49.70,49.45,49.10,4237,,,nasdaq,
2026-01-12,ENOFUTBLQ4-27,47.83,47.00,48.65,,,165,,,nasdaq,
2026-01-12,ENOFUTBLQ4-28,48.15,46.50,49.50,,,,,,nasdaq,
2026-01-12,ENOFUTBLYR-27,42.10,42.05,42.20,42.15,41.75,3147,,,nasdaq,
2026-01-12,ENOFUTBLYR-28,41.35,41.35,41.90,41.35,41.35,1296,,,nasdaq,
2026-01-12,ENOFUTBLYR-29,41.70,41.60,41.80,,,273,,,nasdaq,
2026-01-12,ENOFUTBLYR-30,42.40,41.12,43.90,,,179,,,nasdaq,
2026-01-12,ENOFUTBLYR-31,42.50,41.62,44.00,,,40,,,nasdaq,
2026-01-12,ENOFUTBLYR-32,42.50,,,,,1,,,nasdaq,
2026-01-12,ENOFUTBLYR-33,42.65,,,,,1,,,nasdaq,
2026-01-12,ENOFUTBLYR-34,43.20,,,,,1,,,nasdaq,
2026-01-12,ENOFUTBLYR-35,43.55,,,,,,,,nasdaq,
2026-01-12,ENOFUTBLYR-36,43.60,,,,,,,,nasdaq,
2026-01-13,ENOFUTBLQ1-27,64.00,63.95,64.25,64.00,64.00,543,,,nasdaq,
2026-01-13,ENOFUTBLQ1-28,63.50,63.25,65.00,,,,,,nasdaq,
2026-01-13,ENOFUTBLQ2-26,37.85,37.85,38.00,39.10,37.75,4818,,,nasdaq,
2026-01-13,ENOFUTBLQ2-27,33.05,32.95,33.15,33.20,33.10,118,,,nasdaq,
2026-01-13,ENOFUTBLQ2-28,31.10,,,,,,,,nasdaq,
2026-01-13,ENOFUTBLQ3-26,28.70,28.60,28.79,29.33,28.50,4230,,,nasdaq,
2026-01-13,ENOFUTBLQ3-27,24.27,24.00,24.94,,,102,,,nasdaq,
2026-01-13,ENOFUTBLQ3-28,23.30,22.00,,,,,,,nasdaq,
2026-01-13,ENOFUTBLQ4-26,49.78,49.55,50.00,50.10,49.50,4231,,,nasdaq,
2026-01-13,ENOFUTBLQ4-27,48.25,47.75,48.85,,,165,,,nasdaq,
2026-01-13,ENOFUTBLQ4-28,48.25,48.15,,,,,,,nasdaq,
2026-01-13,ENOFUTBLYR-27,42.30,42.20,42.34,42.55,42.50,3153,,,nasdaq,
2026-01-13,ENOFUTBLYR-28,41.50,41.25,41.55,41.60,41.60,1297,,,nasdaq,
2026-01-13,ENOFUTBLYR-29,42.18,41.95,42.40,42.50,42.35,272,,,nasdaq,
2026-01-13,ENOFUTBLYR-30,42.60,42.25,43.50,,,179,,,nasdaq,
2026-01-13,ENOFUTBLYR-31,42.70,41.62,,,,40,,,nasdaq,
2026-01-13,ENOFUTBLYR-32,42.70,,,,,1,,,nasdaq,
2026-01-13,ENOFUTBLYR-33,42.85,,,,,1,,,nasdaq,
2026-01-13,ENOFUTBLYR-34,43.30,,,,,1,,,nasdaq,
2026-01-13,ENOFUTBLYR-35,43.65,,,,,,,,nasdaq,
2026-01-13,ENOFUTBLYR-36,43.70,,,,,,,,nasdaq,
2026-01-14,ENOFUTBLQ1-27,64.20,64.05,64.50,64.20,64.00,547,,,nasdaq,
2026-01-14,ENOFUTBLQ1-28,63.75,63.50,65.30,,,,,,nasdaq,
2026-01-14,ENOFUTBLQ2-26,39.40,39.18,39.40,39.65,37.00,4870,,,nasdaq,
2026-01-14,ENOFUTBLQ2-27,33.40,33.25,33.50,33.40,33.40,118,,,nasdaq,
2026-01-14,ENOFUTBLQ2-28,31.10,30.00,32.90,,,,,,nasdaq,
2026-01-14,ENOFUTBLQ3-26,29.70,29.55,29.65,29.70,28.50,4225,,,nasdaq,
2026-01-14,ENOFUTBLQ3-27,24.50,24.35,25.20,,,102,,,nasdaq,
2026-01-14,ENOFUTBLQ3-28,23.30,22.25,24.90,,,,,,nasdaq,
2026-01-14,ENOFUTBLQ4-26,50.50,50.25,50.50,50.50,50.20,4218,,,nasdaq,
2026-01-14,ENOFUTBLQ4-27,48.50,48.50,49.50,48.50,48.50,165,,,nasdaq,
2026-01-14,ENOFUTBLQ4-28,48.50,48.10,50.50,,,,,,nasdaq,
2026-01-14,ENOFUTBLYR-27,42.55,42.50,42.59,42.70,42.30,3159,,,nasdaq,
2026-01-14,ENOFUTBLYR-28,41.60,41.30,41.80,,,1299,,,nasdaq,
2026-01-14,ENOFUTBLYR-29,42.20,42.00,42.40,42.20,42.20,281,,,nasdaq,
2026-01-14,ENOFUTBLYR-30,42.60,42.00,44.10,,,179,,,nasdaq,
2026-01-14,ENOFUTBLYR-31,42.70,41.20,44.20,,,40,,,nasdaq,
2026-01-14,ENOFUTBLYR-32,42.70,,,,,1,,,nasdaq,
2026-01-14,ENOFUTBLYR-33,42.85,,,,,1,,,nasdaq,
2026-01-14,ENOFUTBLYR-34,43.30,,,,,1,,,nasdaq,
2026-01-14,ENOFUTBLYR-35,43.65,,,,,,,,nasdaq,
2026-01-14,ENOFUTBLYR-36,43.70,,,,,,,,nasdaq,
2026-01-15,ENOFUTBLQ1-27,64.20,64.00,65.00,64.75,64.20,546,,,nasdaq,
2026-01-15,ENOFUTBLQ1-28,64.00,63.55,65.30,,,,,,nasdaq,
2026-01-15,ENOFUTBLQ2-26,40.10,39.80,40.20,41.40,39.75,4880,,,nasdaq,
2026-01-15,ENOFUTBLQ2-27,33.35,33.20,33.36,33.75,33.48,118,,,nasdaq,
2026-01-15,ENOFUTBLQ2-28,31.20,30.25,32.60,,,,,,nasdaq,
2026-01-15,ENOFUTBLQ3-26,30.25,30.00,30.25,31.25,30.25,4253,,,nasdaq,
2026-01-15,ENOFUTBLQ3-27,24.10,24.00,24.55,24.55,24.55,102,,,nasdaq,
2026-01-15,ENOFUTBLQ3-28,23.25,22.25,24.80,,,,,,nasdaq,
2026-01-15,ENOFUTBLQ4-26,50.50,50.15,50.70,51.50,50.50,4215,,,nasdaq,
2026-01-15,ENOFUTBLQ4-27,48.75,48.00,48.70,48.90,48.75,165,,,nasdaq,
2026-01-15,ENOFUTBLQ4-28,48.50,48.00,50.00,,,,,,nasdaq,
2026-01-15,ENOFUTBLYR-27,42.50,42.35,42.50,42.90,42.55,3173,,,nasdaq,
2026-01-15,ENOFUTBLYR-28,41.70,41.25,41.80,41.95,41.60,1298,,,nasdaq,
2026-01-15,ENOFUTBLYR-29,41.95,41.50,42.30,41.95,41.95,288,,,nasdaq,
2026-01-15,ENOFUTBLYR-30,42.60,41.70,44.00,,,179,,,nasdaq,
2026-01-15,ENOFUTBLYR-31,42.70,41.20,44.20,,,40,,,nasdaq,
2026-01-15,ENOFUTBLYR-32,42.70,,,,,1,,,nasdaq,
2026-01-15,ENOFUTBLYR-33,42.85,,,,,1,,,nasdaq,
2026-01-15,ENOFUTBLYR-34,43.30,,,,,1,,,nasdaq,
2026-01-15,ENOFUTBLYR-35,43.65,,,,,,,,nasdaq,
2026-01-15,ENOFUTBLYR-36,43.70,,,,,,,,nasdaq,
2026-01-16,ENOFUTBLQ1-27,64.85,64.50,64.85,64.85,64.83,548,,,nasdaq,
2026-01-16,ENOFUTBLQ1-28,64.15,63.40,65.00,,,,,,nasdaq,
2026-01-16,ENOFUTBLQ2-26,42.45,42.20,42.50,42.75,41.00,4916,,,nasdaq,
2026-01-16,ENOFUTBLQ2-27,33.72,33.55,33.89,,,118,,,nasdaq,
2026-01-16,ENOFUTBLQ2-28,31.30,30.50,32.20,,,,,,nasdaq,
2026-01-16,ENOFUTBLQ3-26,31.60,31.50,32.00,31.75,31.00,4259,,,nasdaq,
2026-01-16,ENOFUTBLQ3-27,24.20,24.15,28.40,,,102,,,nasdaq,
2026-01-16,ENOFUTBLQ3-28,23.25,22.00,24.25,,,,,,nasdaq,
2026-01-16,ENOFUTBLQ4-26,51.90,51.50,52.00,52.00,51.08,4228,,,nasdaq,
2026-01-16,ENOFUTBLQ4-27,48.90,45.20,49.40,,,163,,,nasdaq,
2026-01-16,ENOFUTBLQ4-28,48.65,48.10,49.50,,,,,,nasdaq,
2026-01-16,ENOFUTBLYR-27,42.73,42.61,42.84,42.90,42.75,3188,,,nasdaq,
2026-01-16,ENOFUTBLYR-28,41.80,41.46,41.85,41.85,41.80,1305,,,nasdaq,
2026-01-16,ENOFUTBLYR-29,42.05,41.85,42.45,42.05,42.05,290,,,nasdaq,
2026-01-16,ENOFUTBLYR-30,42.60,42.07,43.15,,,179,,,nasdaq,
2026-01-16,ENOFUTBLYR-31,42.70,42.12,43.30,,,40,,,nasdaq,
2026-01-16,ENOFUTBLYR-32,42.70,,,,,1,,,nasdaq,
2026-01-16,ENOFUTBLYR-33,42.85,,,,,1,,,nasdaq,
2026-01-16,ENOFUTBLYR-34,43.30,,,,,1,,,nasdaq,
2026-01-16,ENOFUTBLYR-35,43.65,,,,,,,,nasdaq,
2026-01-16,ENOFUTBLYR-36,43.70,,,,,,,,nasdaq,
2026-01-19,ENOFUTBLQ1-27,64.53,64.35,64.65,,,548,,,nasdaq,
2026-01-19,ENOFUTBLQ1-28,63.85,63.30,65.70,,,,,,nasdaq,
2026-01-19,ENOFUTBLQ2-26,43.10,42.75,43.10,43.10,41.25,4958,,,nasdaq,
2026-01-19,ENOFUTBLQ2-27,33.32,33.10,33.45,,,118,,,nasdaq,
2026-01-19,ENOFUTBLQ2-28,31.00,29.80,32.80,,,,,,nasdaq,
2026-01-19,ENOFUTBLQ3-26,32.30,32.10,32.50,32.00,31.25,4244,,,nasdaq,
2026-01-19,ENOFUTBLQ3-27,24.20,24.00,24.70,,,102,,,nasdaq,
2026-01-19,ENOFUTBLQ3-28,22.95,22.50,24.80,,,,,,nasdaq,
2026-01-19,ENOFUTBLQ4-26,51.80,51.80,52.00,52.00,51.30,4236,,,nasdaq,
2026-01-19,ENOFUTBLQ4-27,48.60,48.50,49.00,,,164,,,nasdaq,
2026-01-19,ENOFUTBLQ4-28,48.35,47.50,50.20,,,,,,nasdaq,
2026-01-19,ENOFUTBLYR-27,42.50,42.40,42.50,42.55,42.25,3203,,,nasdaq,
2026-01-19,ENOFUTBLYR-28,41.50,41.45,41.70,41.50,41.50,1310,,,nasdaq,
2026-01-19,ENOFUTBLYR-29,41.95,41.70,42.10,41.95,41.95,295,,,nasdaq,
2026-01-19,ENOFUTBLYR-30,42.60,42.00,43.85,,,179,,,nasdaq,
2026-01-19,ENOFUTBLYR-31,42.70,42.05,43.90,,,40,,,nasdaq,
2026-01-19,ENOFUTBLYR-32,42.70,38.00,,,,1,,,nasdaq,
2026-01-19,ENOFUTBLYR-33,42.85,,,,,1,,,nasdaq,
2026-01-19,ENOFUTBLYR-34,43.30,,,,,1,,,nasdaq,
2026-01-19,ENOFUTBLYR-35,43.65,,,,,,,,nasdaq,
2026-01-19,ENOFUTBLYR-36,43.70,,,,,,,,nasdaq,
2026-01-20,ENOFUTBLQ1-27,64.70,64.70,65.50,,,549,,,nasdaq,
2026-01-20,ENOFUTBLQ1-28,64.28,63.25,65.40,,,,,,nasdaq,
2026-01-20,ENOFUTBLQ2-26,44.45,44.25,44.55,44.90,44.00,4972,,,nasdaq,
2026-01-20,ENOFUTBLQ2-27,33.25,33.20,33.75,,,118,,,nasdaq,
2026-01-20,ENOFUTBLQ2-28,30.75,29.50,32.00,,,,,,nasdaq,
2026-01-20,ENOFUTBLQ3-26,33.40,32.75,33.50,33.80,33.39,4248,,,nasdaq,
2026-01-20,ENOFUTBLQ3-27,24.25,24.10,24.25,24.25,24.25,102,,,nasdaq,
2026-01-20,ENOFUTBLQ3-28,22.75,22.50,23.50,,,,,,nasdaq,
2026-01-20,ENOFUTBLQ4-26,52.85,52.50,53.00,53.10,52.85,4239,,,nasdaq,
2026-01-20,ENOFUTBLQ4-27,48.60,47.00,49.00,48.60,48.60,164,,,nasdaq,
2026-01-20,ENOFUTBLQ4-28,48.35,46.80,49.90,,,,,,nasdaq,
2026-01-20,ENOFUTBLYR-27,42.60,42.55,42.75,42.90,42.60,3209,,,nasdaq,
2026-01-20,ENOFUTBLYR-28,41.50,41.40,41.50,41.50,41.50,1310,,,nasdaq,
2026-01-20,ENOFUTBLYR-29,41.95,41.75,42.05,41.95,41.95,297,,,nasdaq,
2026-01-20,ENOFUTBLYR-30,42.60,41.95,44.00,,,179,,,nasdaq,
2026-01-20,ENOFUTBLYR-31,42.70,41.10,44.10,,,40,,,nasdaq,
2026-01-20,ENOFUTBLYR-32,42.70,,,,,1,,,nasdaq,
2026-01-20,ENOFUTBLYR-33,42.85,,,,,1,,,nasdaq,
2026-01-20,ENOFUTBLYR-34,43.30,,,,,1,,,nasdaq,
2026-01-20,ENOFUTBLYR-35,43.65,,,,,,,,nasdaq,
2026-01-20,ENOFUTBLYR-36,43.70,,,,,,,,nasdaq,
2026-01-21,ENOFUTBLQ1-27,65.65,64.85,65.60,,,549,,,nasdaq,
2026-01-21,ENOFUTBLQ1-28,64.00,63.00,66.20,,,,,,nasdaq,
2026-01-21,ENOFUTBLQ2-26,45.85,45.75,46.00,46.05,44.01,5007,,,nasdaq,
2026-01-21,ENOFUTBLQ2-27,33.30,33.00,34.25,,,118,,,nasdaq,
2026-01-21,ENOFUTBLQ2-28,31.10,31.00,35.75,,,,,,nasdaq,
2026-01-21,ENOFUTBLQ3-26,34.30,34.20,34.75,34.30,33.00,4198,,,nasdaq,
2026-01-21,ENOFUTBLQ3-27,24.30,24.00,25.00,,,103,,,nasdaq,
2026-01-21,ENOFUTBLQ3-28,23.10,23.00,28.00,,,,,,nasdaq,
2026-01-21,ENOFUTBLQ4-26,53.10,53.10,53.27,53.10,52.80,4247,,,nasdaq,
2026-01-21,ENOFUTBLQ4-27,48.35,48.00,48.70,48.75,48.75,168,,,nasdaq,
2026-01-21,ENOFUTBLQ4-28,48.35,48.30,50.00,,,,,,nasdaq,
2026-01-21,ENOFUTBLYR-27,42.80,42.75,42.85,42.90,42.70,3217,,,nasdaq,
2026-01-21,ENOFUTBLYR-28,41.40,41.25,41.45,,,1312,,,nasdaq,
2026-01-21,ENOFUTBLYR-29,41.98,41.75,42.20,,,304,,,nasdaq,
2026-01-21,ENOFUTBLYR-30,43.25,41.95,,,,179,,,nasdaq,
2026-01-21,ENOFUTBLYR-31,43.50,42.50,,,,40,,,nasdaq,
2026-01-21,ENOFUTBLYR-32,43.50,,,,,1,,,nasdaq,
2026-01-21,ENOFUTBLYR-33,43.50,,,,,1,,,nasdaq,
2026-01-21,ENOFUTBLYR-34,43.50,,,,,1,,,nasdaq,
2026-01-21,ENOFUTBLYR-35,43.65,,,,,,,,nasdaq,
2026-01-21,ENOFUTBLYR-36,43.70,,,,,,,,nasdaq,
2026-01-22,ENOFUTBLQ1-27,65.90,65.50,66.40,65.90,65.90,556,,,nasdaq,
2026-01-22,ENOFUTBLQ1-28,64.40,63.60,66.00,,,,,,nasdaq,
2026-01-22,ENOFUTBLQ2-26,46.55,46.50,46.55,47.60,46.55,5036,,,nasdaq,
2026-01-22,ENOFUTBLQ2-27,33.45,33.00,33.75,,,118,,,nasdaq,
2026-01-22,ENOFUTBLQ2-28,31.10,30.25,,,,,,,nasdaq,
2026-01-22,ENOFUTBLQ3-26,34.95,34.80,35.00,35.20,34.95,4204,,,nasdaq,
2026-01-22,ENOFUTBLQ3-27,24.50,24.25,24.75,24.50,24.50,103,,,nasdaq,
2026-01-22,ENOFUTBLQ3-28,23.50,22.00,27.00,,,,,,nasdaq,
2026-01-22,ENOFUTBLQ4-26,53.65,53.45,54.00,53.65,53.60,4254,,,nasdaq,
2026-01-22,ENOFUTBLQ4-27,48.75,48.25,49.25,48.75,48.75,169,,,nasdaq,
2026-01-22,ENOFUTBLQ4-28,48.35,48.00,50.00,,,,,,nasdaq,
2026-01-22,ENOFUTBLYR-27,43.05,43.05,43.25,43.25,43.00,3233,,,nasdaq,
2026-01-22,ENOFUTBLYR-28,41.80,41.50,41.65,41.90,41.80,1312,,,nasdaq,
2026-01-22,ENOFUTBLYR-29,42.13,41.95,42.30,,,304,,,nasdaq,
2026-01-22,ENOFUTBLYR-30,43.35,,,,,180,,,nasdaq,
2026-01-22,ENOFUTBLYR-31,43.60,,,,,46,,,nasdaq,
2026-01-22,ENOFUTBLYR-32,43.60,,,,,1,,,nasdaq,
2026-01-22,ENOFUTBLYR-33,43.60,,,,,1,,,nasdaq,
2026-01-22,ENOFUTBLYR-34,43.60,,,,,1,,,nasdaq,
2026-01-22,ENOFUTBLYR-35,43.75,,,,,,,,nasdaq,
2026-01-22,ENOFUTBLYR-36,43.80,,,,,,,,nasdaq,
2026-01-23,ENOFUTBLQ1-27,66.35,66.00,66.35,66.46,66.35,550,,,nasdaq,
2026-01-23,ENOFUTBLQ1-28,64.40,63.75,66.10,,,,,,nasdaq,
2026-01-23,ENOFUTBLQ2-26,47.50,47.45,47.50,47.80,46.55,5076,,,nasdaq,
2026-01-23,ENOFUTBLQ2-27,33.55,33.35,33.75,33.55,33.55,118,,,nasdaq,
2026-01-23,ENOFUTBLQ2-28,31.10,30.50,32.60,,,,,,nasdaq,
2026-01-23,ENOFUTBLQ3-26,35.95,35.60,35.95,36.00,35.50,4228,,,nasdaq,
2026-01-23,ENOFUTBLQ3-27,24.63,24.50,24.75,,,104,,,nasdaq,
2026-01-23,ENOFUTBLQ3-28,23.50,22.25,25.00,,,,,,nasdaq,
2026-01-23,ENOFUTBLQ4-26,53.80,53.25,53.80,54.15,53.15,4247,,,nasdaq,
2026-01-23,ENOFUTBLQ4-27,48.75,48.50,49.00,,,170,,,nasdaq,
2026-01-23,ENOFUTBLQ4-28,48.35,47.25,49.90,,,,,,nasdaq,
2026-01-23,ENOFUTBLYR-27,43.30,43.00,43.30,43.40,43.25,3242,,,nasdaq,
2026-01-23,ENOFUTBLYR-28,41.80,41.70,41.80,41.90,41.75,1317,,,nasdaq,
2026-01-23,ENOFUTBLYR-29,42.10,41.95,42.23,42.10,42.10,304,,,nasdaq,
2026-01-23,ENOFUTBLYR-30,43.35,42.25,45.00,,,180,,,nasdaq,
2026-01-23,ENOFUTBLYR-31,43.60,41.90,44.90,,,61,,,nasdaq,
2026-01-23,ENOFUTBLYR-32,43.60,,,,,1,,,nasdaq,
2026-01-23,ENOFUTBLYR-33,43.60,,,,,1,,,nasdaq,
2026-01-23,ENOFUTBLYR-34,43.60,,,,,1,,,nasdaq,
2026-01-23,ENOFUTBLYR-35,43.75,,,,,,,,nasdaq,
2026-01-23,ENOFUTBLYR-36,43.80,,,,,,,,nasdaq,
2026-01-26,ENOFUTBLQ1-27,66.23,66.00,66.95,67.00,67.00,553,,,nasdaq,
2026-01-26,ENOFUTBLQ1-28,64.40,63.00,65.80,,,,,,nasdaq,
2026-01-26,ENOFUTBLQ2-26,50.45,50.35,50.60,50.75,49.90,5115,,,nasdaq,
2026-01-26,ENOFUTBLQ2-27,33.50,33.00,34.00,,,118,,,nasdaq,
2026-01-26,ENOFUTBLQ2-28,31.00,29.50,32.50,,,,,,nasdaq,
2026-01-26,ENOFUTBLQ3-26,38.10,38.00,38.19,38.50,37.75,4234,,,nasdaq,
2026-01-26,ENOFUTBLQ3-27,24.84,24.50,25.05,,,104,,,nasdaq,
2026-01-26,ENOFUTBLQ3-28,23.40,21.90,24.90,,,,,,nasdaq,
2026-01-26,ENOFUTBLQ4-26,54.35,54.00,54.39,54.95,54.35,4248,,,nasdaq,
2026-01-26,ENOFUTBLQ4-27,49.25,48.50,49.20,49.25,49.25,170,,,nasdaq,
2026-01-26,ENOFUTBLQ4-28,48.90,48.00,49.80,,,,,,nasdaq,
2026-01-26,ENOFUTBLYR-27,43.35,43.20,43.30,43.60,43.25,3243,,,nasdaq,
2026-01-26,ENOFUTBLYR-28,41.80,41.60,41.70,41.60,41.60,1325,,,nasdaq,
2026-01-26,ENOFUTBLYR-29,41.70,41.60,42.10,41.70,41.70,310,,,nasdaq,
2026-01-26,ENOFUTBLYR-30,43.18,42.25,44.10,,,180,,,nasdaq,
2026-01-26,ENOFUTBLYR-31,43.60,42.55,45.00,,,61,,,nasdaq,
2026-01-26,ENOFUTBLYR-32,43.60,38.00,,,,1,,,nasdaq,
2026-01-26,ENOFUTBLYR-33,43.60,,,,,1,,,nasdaq,
2026-01-26,ENOFUTBLYR-34,43.60,,,,,1,,,nasdaq,
2026-01-26,ENOFUTBLYR-35,43.75,,,,,,,,nasdaq,
2026-01-26,ENOFUTBLYR-36,43.80,,,,,,,,nasdaq,
2026-01-27,ENOFUTBLQ1-27,67.00,66.60,67.00,67.00,66.80,554,,,nasdaq,
2026-01-27,ENOFUTBLQ1-28,64.40,64.30,64.60,64.40,64.40,,,,nasdaq,
2026-01-27,ENOFUTBLQ2-26,51.38,51.30,51.45,51.75,51.25,4903,,,nasdaq,
2026-01-27,ENOFUTBLQ2-27,33.25,33.50,33.69,,,118,,,nasdaq,
2026-01-27,ENOFUTBLQ2-28,31.00,29.50,32.50,,,,,,nasdaq,
2026-01-27,ENOFUTBLQ3-26,38.70,38.60,38.95,39.10,38.70,3989,,,nasdaq,
2026-01-27,ENOFUTBLQ3-27,24.75,24.60,25.25,,,104,,,nasdaq,
2026-01-27,ENOFUTBLQ3-28,22.75,22.25,23.50,,,,,,nasdaq,
2026-01-27,ENOFUTBLQ4-26,54.65,54.50,54.75,55.00,54.50,4249,,,nasdaq,
2026-01-27,ENOFUTBLQ4-27,49.14,49.10,49.18,49.19,49.19,172,,,nasdaq,
2026-01-27,ENOFUTBLQ4-28,48.60,47.40,50.00,,,,,,nasdaq,
2026-01-27,ENOFUTBLYR-27,43.43,43.40,43.45,43.51,43.40,3259,,,nasdaq,
2026-01-27,ENOFUTBLYR-28,41.65,41.60,41.80,41.65,41.65,1328,,,nasdaq,
2026-01-27,ENOFUTBLYR-29,41.80,41.60,42.20,,,309,,,nasdaq,
2026-01-27,ENOFUTBLYR-30,43.25,42.25,43.50,,,180,,,nasdaq,
2026-01-27,ENOFUTBLYR-31,43.60,42.55,44.50,,,61,,,nasdaq,
2026-01-27,ENOFUTBLYR-32,43.60,,,,,1,,,nasdaq,
2026-01-27,ENOFUTBLYR-33,43.60,,,,,1,,,nasdaq,
2026-01-27,ENOFUTBLYR-34,43.60,,,,,1,,,nasdaq,
2026-01-27,ENOFUTBLYR-35,43.75,,,,,,,,nasdaq,
2026-01-27,ENOFUTBLYR-36,43.80,,,,,,,,nasdaq,
2026-01-28,ENOFUTBLQ1-27,66.65,66.10,66.80,66.90,66.90,559,,,nasdaq,
2026-01-28,ENOFUTBLQ1-28,64.50,64.40,66.10,,,1,,,nasdaq,
2026-01-28,ENOFUTBLQ2-26,50.90,50.87,51.00,52.00,50.50,4924,,,nasdaq,
2026-01-28,ENOFUTBLQ2-27,33.15,33.00,33.30,,,118,,,nasdaq,
2026-01-28,ENOFUTBLQ2-28,30.60,29.50,32.50,,,,,,nasdaq,
2026-01-28,ENOFUTBLQ3-26,38.25,38.10,38.30,38.70,38.25,3914,,,nasdaq,
2026-01-28,ENOFUTBLQ3-27,24.63,24.25,25.00,,,104,,,nasdaq,
2026-01-28,ENOFUTBLQ3-28,22.50,22.25,24.30,,,,,,nasdaq,
2026-01-28,ENOFUTBLQ4-26,54.35,54.20,54.35,54.35,54.15,4068,,,nasdaq,
2026-01-28,ENOFUTBLQ4-27,48.58,48.00,49.00,,,175,,,nasdaq,
2026-01-28,ENOFUTBLQ4-28,48.60,48.50,49.75,,,,,,nasdaq,
2026-01-28,ENOFUTBLYR-27,43.15,43.05,43.20,43.25,43.05,3250,,,nasdaq,
2026-01-28,ENOFUTBLYR-28,41.50,40.00,41.50,41.50,41.50,1334,,,nasdaq,
2026-01-28,ENOFUTBLYR-29,41.80,41.20,42.00,,,314,,,nasdaq,
2026-01-28,ENOFUTBLYR-30,43.35,42.15,44.80,,,184,,,nasdaq,
2026-01-28,ENOFUTBLYR-31,43.60,42.35,44.50,,,61,,,nasdaq,
2026-01-28,ENOFUTBLYR-32,43.60,,,,,1,,,nasdaq,
2026-01-28,ENOFUTBLYR-33,43.60,,,,,1,,,nasdaq,
2026-01-28,ENOFUTBLYR-34,43.60,,,,,1,,,nasdaq,
2026-01-28,ENOFUTBLYR-35,43.75,,,,,,,,nasdaq,
2026-01-28,ENOFUTBLYR-36,43.80,,,,,,,,nasdaq,
2026-01-29,ENOFUTBLQ1-27,67.25,67.00,67.50,66.75,66.75,560,,,nasdaq,
2026-01-29,ENOFUTBLQ1-28,64.65,64.30,68.00,,,1,,,nasdaq,
2026-01-29,ENOFUTBLQ2-26,53.75,53.75,53.85,53.75,51.80,4887,,,nasdaq,
2026-01-29,ENOFUTBLQ2-27,33.25,33.00,33.50,,,118,,,nasdaq,
2026-01-29,ENOFUTBLQ2-28,30.60,30.00,,,,,,,nasdaq,
2026-01-29,ENOFUTBLQ3-26,40.20,39.75,40.20,40.20,38.60,3876,,,nasdaq,
2026-01-29,ENOFUTBLQ3-27,24.63,24.25,25.50,,,104,,,nasdaq,
2026-01-29,ENOFUTBLQ3-28,22.50,22.25,,,,,,,nasdaq,
2026-01-29,ENOFUTBLQ4-26,55.50,55.00,55.60,55.50,54.35,4053,,,nasdaq,
2026-01-29,ENOFUTBLQ4-27,48.50,48.00,49.00,,,175,,,nasdaq,
2026-01-29,ENOFUTBLQ4-28,48.60,,,,,,,,nasdaq,
2026-01-29,ENOFUTBLYR-27,43.30,43.25,43.55,43.30,43.10,3254,,,nasdaq,
2026-01-29,ENOFUTBLYR-28,41.55,41.35,41.80,41.30,41.25,1335,,,nasdaq,
2026-01-29,ENOFUTBLYR-29,41.80,41.50,42.00,,,314,,,nasdaq,
2026-01-29,ENOFUTBLYR-30,43.35,,44.00,,,188,,,nasdaq,
2026-01-29,ENOFUTBLYR-31,43.65,,44.50,,,61,,,nasdaq,
2026-01-29,ENOFUTBLYR-32,43.60,,,,,1,,,nasdaq,
2026-01-29,ENOFUTBLYR-33,43.60,,,,,1,,,nasdaq,
2026-01-29,ENOFUTBLYR-34,43.60,,,,,1,,,nasdaq,
2026-01-29,ENOFUTBLYR-35,43.75,,,,,,,,nasdaq,
2026-01-29,ENOFUTBLYR-36,43.80,,,,,,,,nasdaq,
2026-01-30,ENOFUTBLQ1-27,67.25,67.00,67.30,67.50,67.25,562,,,nasdaq,
2026-01-30,ENOFUTBLQ1-28,64.70,64.50,,,,1,,,nasdaq,
2026-01-30,ENOFUTBLQ2-26,54.40,54.25,54.45,54.50,54.00,4870,,,nasdaq,
2026-01-30,ENOFUTBLQ2-27,33.45,33.40,33.50,,,118,,,nasdaq,
2026-01-30,ENOFUTBLQ2-28,30.65,,,,,,,,nasdaq,
2026-01-30,ENOFUTBLQ3-26,40.70,40.25,40.70,40.75,40.00,3861,,,nasdaq,
2026-01-30,ENOFUTBLQ3-27,24.63,24.50,,,,104,,,nasdaq,
2026-01-30,ENOFUTBLQ3-28,22.55,,,,,,,,nasdaq,
2026-01-30,ENOFUTBLQ4-26,55.60,55.10,55.65,55.65,55.40,4048,,,nasdaq,
2026-01-30,ENOFUTBLQ4-27,48.75,45.00,49.00,,,175,,,nasdaq,
2026-01-30,ENOFUTBLQ4-28,48.65,,,,,,,,nasdaq,
2026-01-30,ENOFUTBLYR-27,43.35,43.30,43.45,43.40,43.35,3268,,,nasdaq,
2026-01-30,ENOFUTBLYR-28,41.60,41.00,41.65,41.60,41.60,1342,,,nasdaq,
2026-01-30,ENOFUTBLYR-29,41.85,41.10,41.90,41.85,41.85,314,,,nasdaq,
2026-01-30,ENOFUTBLYR-30,43.35,,44.00,,,188,,,nasdaq,
2026-01-30,ENOFUTBLYR-31,43.80,,,,,64,,,nasdaq,
2026-01-30,ENOFUTBLYR-32,43.60,,,,,1,,,nasdaq,
2026-01-30,ENOFUTBLYR-33,43.60,,,,,1,,,nasdaq,
2026-01-30,ENOFUTBLYR-34,43.60,,,,,1,,,nasdaq,
2026-01-30,ENOFUTBLYR-35,43.75,,,,,,,,nasdaq,
2026-01-30,ENOFUTBLYR-36,43.80,,,,,,,,nasdaq,
2026-02-02,ENOFUTBLQ1-27,66.55,66.15,66.60,66.75,66.60,572,,,nasdaq,
2026-02-02,ENOFUTBLQ1-28,64.35,64.10,66.60,,,1,,,nasdaq,
2026-02-02,ENOFUTBLQ2-26,52.15,51.75,52.25,53.25,51.93,4848,,,nasdaq,
2026-02-02,ENOFUTBLQ2-27,33.00,32.40,33.05,33.15,33.10,118,,,nasdaq,
2026-02-02,ENOFUTBLQ2-28,30.30,29.00,32.10,,,,,,nasdaq,
2026-02-02,ENOFUTBLQ3-26,39.10,38.75,39.35,39.60,39.00,3842,,,nasdaq,
2026-02-02,ENOFUTBLQ3-27,24.25,24.00,25.50,,,104,,,nasdaq,
2026-02-02,ENOFUTBLQ3-28,22.20,22.25,23.80,,,,,,nasdaq,
2026-02-02,ENOFUTBLQ4-26,54.40,54.00,54.35,54.40,54.25,4050,,,nasdaq,
2026-02-02,ENOFUTBLQ4-27,48.25,48.10,48.40,,,175,,,nasdaq,
2026-02-02,ENOFUTBLQ4-28,48.30,46.90,50.00,,,,,,nasdaq,
2026-02-02,ENOFUTBLYR-27,42.90,42.75,42.90,43.00,42.80,3285,,,nasdaq,
2026-02-02,ENOFUTBLYR-28,41.25,41.10,41.50,41.25,41.00,1345,,,nasdaq,
2026-02-02,ENOFUTBLYR-29,41.65,41.20,42.00,41.65,41.65,319,,,nasdaq,
2026-02-02,ENOFUTBLYR-30,43.35,42.05,44.70,,,189,,,nasdaq,
2026-02-02,ENOFUTBLYR-31,44.00,42.35,45.20,,,82,,,nasdaq,
2026-02-02,ENOFUTBLYR-32,43.80,38.00,,,,1,,,nasdaq,
2026-02-02,ENOFUTBLYR-33,43.80,,,,,1,,,nasdaq,
2026-02-02,ENOFUTBLYR-34,43.80,,,,,1,,,nasdaq,
2026-02-02,ENOFUTBLYR-35,43.95,,,,,,,,nasdaq,
2026-02-02,ENOFUTBLYR-36,44.00,,,,,,,,nasdaq,
2026-02-03,ENOFUTBLQ1-27,66.00,65.50,66.20,66.00,65.50,580,,,nasdaq,
2026-02-03,ENOFUTBLQ1-28,64.35,64.20,66.00,,,1,,,nasdaq,
2026-02-03,ENOFUTBLQ2-26,48.75,48.75,48.85,50.00,48.00,4876,,,nasdaq,
2026-02-03,ENOFUTBLQ2-27,32.50,32.00,32.75,32.75,32.75,118,,,nasdaq,
2026-02-03,ENOFUTBLQ2-28,29.80,28.30,31.30,,,,,,nasdaq,
2026-02-03,ENOFUTBLQ3-26,36.70,36.60,37.00,38.25,36.25,3842,,,nasdaq,
2026-02-03,ENOFUTBLQ3-27,24.15,24.10,25.00,24.00,24.00,104,,,nasdaq,
2026-02-03,ENOFUTBLQ3-28,22.05,21.75,23.20,,,,,,nasdaq,
2026-02-03,ENOFUTBLQ4-26,52.50,52.50,53.25,53.00,51.90,4049,,,nasdaq,
2026-02-03,ENOFUTBLQ4-27,48.00,48.00,48.50,48.00,47.85,175,,,nasdaq,
2026-02-03,ENOFUTBLQ4-28,48.15,47.75,49.40,,,,,,nasdaq,
2026-02-03,ENOFUTBLYR-27,42.56,42.45,42.70,42.75,42.25,3306,,,nasdaq,
2026-02-03,ENOFUTBLYR-28,41.05,41.05,41.15,41.05,40.90,1345,,,nasdaq,
2026-02-03,ENOFUTBLYR-29,41.60,41.25,41.65,,,320,,,nasdaq,
2026-02-03,ENOFUTBLYR-30,43.35,42.85,44.90,,,189,,,nasdaq,
2026-02-03,ENOFUTBLYR-31,44.20,43.25,45.50,,,94,,,nasdaq,
2026-02-03,ENOFUTBLYR-32,43.80,,,,,1,,,nasdaq,
2026-02-03,ENOFUTBLYR-33,43.80,,,,,1,,,nasdaq,
2026-02-03,ENOFUTBLYR-34,43.80,,,,,1,,,nasdaq,
2026-02-03,ENOFUTBLYR-35,43.95,,,,,,,,nasdaq,
2026-02-03,ENOFUTBLYR-36,44.00,,,,,,,,nasdaq,
2026-02-04,ENOFUTBLQ1-27,65.70,65.50,66.80,65.70,65.70,599,,,nasdaq,
2026-02-04,ENOFUTBLQ1-28,64.50,64.35,65.90,,,1,,,nasdaq,
2026-02-04,ENOFUTBLQ2-26,48.25,47.70,48.95,48.65,47.15,4959,,,nasdaq,
2026-02-04,ENOFUTBLQ2-27,32.35,32.30,32.39,32.15,32.15,116,,,nasdaq,
2026-02-04,ENOFUTBLQ2-28,29.80,29.00,31.30,,,,,,nasdaq,
2026-02-04,ENOFUTBLQ3-26,37.00,36.70,37.25,37.50,36.10,3848,,,nasdaq,
2026-02-04,ENOFUTBLQ3-27,24.00,24.00,25.90,24.10,24.00,104,,,nasdaq,
2026-02-04,ENOFUTBLQ3-28,22.15,21.75,23.60,,,,,,nasdaq,
2026-02-04,ENOFUTBLQ4-26,52.70,52.60,52.95,52.70,52.20,4070,,,nasdaq,
2026-02-04,ENOFUTBLQ4-27,48.10,47.85,48.35,48.10,48.10,178,,,nasdaq,
2026-02-04,ENOFUTBLQ4-28,48.10,46.60,49.70,,,,,,nasdaq,
2026-02-04,ENOFUTBLYR-27,42.35,42.30,42.50,42.40,42.25,3314,,,nasdaq,
2026-02-04,ENOFUTBLYR-28,41.10,41.10,41.30,,,1351,,,nasdaq,
2026-02-04,ENOFUTBLYR-29,41.50,41.30,41.70,41.50,41.50,321,,,nasdaq,
2026-02-04,ENOFUTBLYR-30,43.65,42.25,45.10,,,189,,,nasdaq,
2026-02-04,ENOFUTBLYR-31,44.20,43.25,46.00,,,120,,,nasdaq,
2026-02-04,ENOFUTBLYR-32,43.80,,,,,1,,,nasdaq,
2026-02-04,ENOFUTBLYR-33,43.80,,,,,1,,,nasdaq,
2026-02-04,ENOFUTBLYR-34,43.80,,,,,1,,,nasdaq,
2026-02-04,ENOFUTBLYR-35,43.95,,,,,,,,nasdaq,
2026-02-04,ENOFUTBLYR-36,44.00,,,,,,,,nasdaq,
2026-02-05,ENOFUTBLQ1-27,66.10,65.60,66.30,66.50,66.10,600,,,nasdaq,
2026-02-05,ENOFUTBLQ1-28,64.75,64.50,64.85,65.00,64.75,1,,,nasdaq,
2026-02-05,ENOFUTBLQ2-26,50.00,49.85,50.00,51.00,49.55,4983,,,nasdaq,
2026-02-05,ENOFUTBLQ2-27,32.05,32.00,32.40,32.60,32.50,116,,,nasdaq,
2026-02-05,ENOFUTBLQ2-28,28.50,28.30,31.30,,,3,,,nasdaq,
2026-02-05,ENOFUTBLQ3-26,38.60,38.50,38.70,39.10,38.60,3874,,,nasdaq,
2026-02-05,ENOFUTBLQ3-27,23.75,23.70,24.00,24.00,24.00,108,,,nasdaq,
2026-02-05,ENOFUTBLQ3-28,22.25,22.22,23.70,,,,,,nasdaq,
2026-02-05,ENOFUTBLQ4-26,53.65,53.15,53.75,54.15,53.65,4067,,,nasdaq,
2026-02-05,ENOFUTBLQ4-27,47.95,47.85,48.15,48.30,48.30,180,,,nasdaq,
2026-02-05,ENOFUTBLQ4-28,48.30,48.25,49.25,,,3,,,nasdaq,
2026-02-05,ENOFUTBLYR-27,42.35,42.25,42.40,42.75,42.35,3323,,,nasdaq,
2026-02-05,ENOFUTBLYR-28,40.90,40.65,41.10,41.20,40.90,1351,,,nasdaq,
2026-02-05,ENOFUTBLYR-29,41.50,41.30,41.70,,,327,,,nasdaq,
2026-02-05,ENOFUTBLYR-30,43.65,43.15,43.95,44.00,44.00,189,,,nasdaq,
2026-02-05,ENOFUTBLYR-31,44.20,43.65,45.00,,,120,,,nasdaq,
2026-02-05,ENOFUTBLYR-32,43.80,,,,,1,,,nasdaq,
2026-02-05,ENOFUTBLYR-33,43.80,,,,,1,,,nasdaq,
2026-02-05,ENOFUTBLYR-34,43.80,,,,,1,,,nasdaq,
2026-02-05,ENOFUTBLYR-35,43.95,,,,,,,,nasdaq,
2026-02-05,ENOFUTBLYR-36,44.00,,,,,,,,nasdaq,
2026-02-06,ENOFUTBLQ1-27,66.30,65.90,66.30,66.30,65.75,603,,,nasdaq,
2026-02-06,ENOFUTBLQ1-28,64.65,64.50,66.00,64.65,64.65,7,,,nasdaq,
2026-02-06,ENOFUTBLQ2-26,50.00,49.85,50.50,50.25,49.50,4997,,,nasdaq,
2026-02-06,ENOFUTBLQ2-27,31.30,31.00,32.50,,,118,,,nasdaq,
2026-02-06,ENOFUTBLQ2-28,28.75,28.70,30.00,,,3,,,nasdaq,
2026-02-06,ENOFUTBLQ3-26,38.80,38.60,39.00,38.85,38.05,3897,,,nasdaq,
2026-02-06,ENOFUTBLQ3-27,23.75,23.50,25.00,23.75,23.75,113,,,nasdaq,
2026-02-06,ENOFUTBLQ3-28,22.05,22.00,23.80,,,,,,nasdaq,
2026-02-06,ENOFUTBLQ4-26,53.50,53.30,53.75,53.50,53.00,4073,,,nasdaq,
2026-02-06,ENOFUTBLQ4-27,47.85,47.50,48.00,,,184,,,nasdaq,
2026-02-06,ENOFUTBLQ4-28,48.50,48.50,48.75,49.00,48.50,3,,,nasdaq,
2026-02-06,ENOFUTBLYR-27,42.20,42.15,42.30,42.25,42.00,3335,,,nasdaq,
2026-02-06,ENOFUTBLYR-28,40.85,40.80,41.00,40.80,40.75,1356,,,nasdaq,
2026-02-06,ENOFUTBLYR-29,41.40,41.20,41.50,41.40,41.40,327,,,nasdaq,
2026-02-06,ENOFUTBLYR-30,43.48,42.45,44.50,,,190,,,nasdaq,
2026-02-06,ENOFUTBLYR-31,44.20,43.45,45.70,,,120,,,nasdaq,
2026-02-06,ENOFUTBLYR-32,43.80,,,,,1,,,nasdaq,
2026-02-06,ENOFUTBLYR-33,43.80,,,,,1,,,nasdaq,
2026-02-06,ENOFUTBLYR-34,43.80,,,,,1,,,nasdaq,
2026-02-06,ENOFUTBLYR-35,43.95,,,,,,,,nasdaq,
2026-02-06,ENOFUTBLYR-36,44.00,,,,,,,,nasdaq,
2026-02-09,ENOFUTBLQ1-27,66.80,66.75,67.40,66.70,66.20,604,,,nasdaq,
2026-02-09,ENOFUTBLQ1-28,64.45,63.45,65.00,,,13,,,nasdaq,
2026-02-09,ENOFUTBLQ2-26,51.70,51.65,51.70,51.70,48.65,5018,,,nasdaq,
2026-02-09,ENOFUTBLQ2-27,31.40,31.00,32.50,,,118,,,nasdaq,
2026-02-09,ENOFUTBLQ2-28,28.75,27.50,30.00,,,3,,,nasdaq,
2026-02-09,ENOFUTBLQ3-26,40.00,39.60,40.20,40.00,39.00,3900,,,nasdaq,
2026-02-09,ENOFUTBLQ3-27,23.90,23.70,25.00,,,121,,,nasdaq,
2026-02-09,ENOFUTBLQ3-28,22.05,21.85,23.60,,,,,,nasdaq,
2026-02-09,ENOFUTBLQ4-26,54.00,53.80,54.20,,,4073,,,nasdaq,
2026-02-09,ENOFUTBLQ4-27,47.90,47.60,48.50,47.90,47.90,185,,,nasdaq,
2026-02-09,ENOFUTBLQ4-28,48.30,47.20,49.00,,,8,,,nasdaq,
2026-02-09,ENOFUTBLYR-27,42.40,42.20,42.50,42.40,42.40,3342,,,nasdaq,
2026-02-09,ENOFUTBLYR-28,40.85,40.65,41.00,40.85,40.80,1359,,,nasdaq,
2026-02-09,ENOFUTBLYR-29,41.40,41.25,41.60,41.60,41.60,328,,,nasdaq,
2026-02-09,ENOFUTBLYR-30,43.48,42.40,44.25,,,190,,,nasdaq,
2026-02-09,ENOFUTBLYR-31,44.20,42.70,45.70,,,120,,,nasdaq,
2026-02-09,ENOFUTBLYR-32,43.80,38.00,,,,1,,,nasdaq,
2026-02-09,ENOFUTBLYR-33,43.80,,,,,1,,,nasdaq,
2026-02-09,ENOFUTBLYR-34,43.80,,,,,1,,,nasdaq,
2026-02-09,ENOFUTBLYR-35,43.95,,,,,,,,nasdaq,
2026-02-09,ENOFUTBLYR-36,44.00,,,,,,,,nasdaq,
2026-02-10,ENOFUTBLQ1-27,66.30,65.30,66.25,66.50,66.30,608,,,nasdaq,
2026-02-10,ENOFUTBLQ1-28,64.55,62.90,64.75,64.50,64.50,13,,,nasdaq,
2026-02-10,ENOFUTBLQ2-26,50.40,50.30,50.75,52.10,50.30,5046,,,nasdaq,
2026-02-10,ENOFUTBLQ2-27,31.10,31.00,32.25,,,118,,,nasdaq,
2026-02-10,ENOFUTBLQ2-28,27.95,27.60,30.30,,,3,,,nasdaq,
2026-02-10,ENOFUTBLQ3-26,39.55,39.05,39.50,39.75,39.55,3905,,,nasdaq,
2026-02-10,ENOFUTBLQ3-27,23.90,23.60,25.25,23.90,23.90,121,,,nasdaq,
2026-02-10,ENOFUTBLQ3-28,21.90,21.80,23.60,,,,,,nasdaq,
2026-02-10,ENOFUTBLQ4-26,53.65,52.90,53.75,54.00,53.65,4074,,,nasdaq,
2026-02-10,ENOFUTBLQ4-27,47.50,46.50,47.75,47.60,47.50,186,,,nasdaq,
2026-02-10,ENOFUTBLQ4-28,48.15,48.10,48.60,,,8,,,nasdaq,
2026-02-10,ENOFUTBLYR-27,42.10,41.85,42.05,42.30,42.00,3354,,,nasdaq,
2026-02-10,ENOFUTBLYR-28,40.60,40.50,40.75,40.60,40.60,1364,,,nasdaq,
2026-02-10,ENOFUTBLYR-29,41.20,41.05,41.40,41.20,41.20,329,,,nasdaq,
2026-02-10,ENOFUTBLYR-30,43.38,41.90,44.25,,,190,,,nasdaq,
2026-02-10,ENOFUTBLYR-31,44.15,42.70,45.70,,,120,,,nasdaq,
2026-02-10,ENOFUTBLYR-32,43.80,,,,,1,,,nasdaq,
2026-02-10,ENOFUTBLYR-33,43.80,,,,,1,,,nasdaq,
2026-02-10,ENOFUTBLYR-34,43.80,,,,,1,,,nasdaq,
2026-02-10,ENOFUTBLYR-35,43.95,,,,,,,,nasdaq,
2026-02-10,ENOFUTBLYR-36,44.00,,,,,,,,nasdaq,
2026-02-11,ENOFUTBLQ1-27,66.15,65.75,66.40,66.15,65.75,605,,,nasdaq,
2026-02-11,ENOFUTBLQ1-28,64.50,64.40,65.00,,,17,,,nasdaq,
2026-02-11,ENOFUTBLQ2-26,48.60,48.60,48.70,50.01,48.30,5054,,,nasdaq,
2026-02-11,ENOFUTBLQ2-27,30.90,29.50,32.40,,,118,,,nasdaq,
2026-02-11,ENOFUTBLQ2-28,27.35,27.25,29.10,,,3,,,nasdaq,
2026-02-11,ENOFUTBLQ3-26,38.50,38.25,38.75,38.50,38.25,3898,,,nasdaq,
2026-02-11,ENOFUTBLQ3-27,23.65,23.40,24.00,23.65,23.65,125,,,nasdaq,
2026-02-11,ENOFUTBLQ3-28,22.00,21.90,23.60,,,,,,nasdaq,
2026-02-11,ENOFUTBLQ4-26,53.15,53.00,53.30,53.40,53.15,4075,,,nasdaq,
2026-02-11,ENOFUTBLQ4-27,47.33,47.00,47.65,,,190,,,nasdaq,
2026-02-11,ENOFUTBLQ4-28,48.38,48.25,48.50,,,8,,,nasdaq,
2026-02-11,ENOFUTBLYR-27,41.90,41.80,41.95,41.75,41.75,3357,,,nasdaq,
2026-02-11,ENOFUTBLYR-28,40.45,40.40,40.50,40.45,40.25,1363,,,nasdaq,
2026-02-11,ENOFUTBLYR-29,41.00,41.00,41.20,41.00,41.00,331,,,nasdaq,
2026-02-11,ENOFUTBLYR-30,43.15,41.80,43.35,,,190,,,nasdaq,
2026-02-11,ENOFUTBLYR-31,44.05,42.50,45.60,,,120,,,nasdaq,
2026-02-11,ENOFUTBLYR-32,43.80,,,,,1,,,nasdaq,
2026-02-11,ENOFUTBLYR-33,43.80,,,,,1,,,nasdaq,
2026-02-11,ENOFUTBLYR-34,43.80,,,,,1,,,nasdaq,
2026-02-11,ENOFUTBLYR-35,43.95,,,,,,,,nasdaq,
2026-02-11,ENOFUTBLYR-36,44.00,,,,,,,,nasdaq,
2026-02-12,ENOFUTBLQ1-27,66.25,66.00,66.25,66.25,66.10,618,,,nasdaq,
2026-02-12,ENOFUTBLQ1-28,64.40,64.25,64.65,64.80,64.25,19,,,nasdaq,
2026-02-12,ENOFUTBLQ2-26,49.50,49.30,49.60,49.50,48.60,5126,,,nasdaq,
2026-02-12,ENOFUTBLQ2-27,30.70,29.20,32.30,30.70,30.70,117,,,nasdaq,
2026-02-12,ENOFUTBLQ2-28,26.70,26.30,28.80,,,3,,,nasdaq,
2026-02-12,ENOFUTBLQ3-26,39.50,39.35,39.50,39.50,38.45,3915,,,nasdaq,
2026-02-12,ENOFUTBLQ3-27,23.70,23.55,24.90,,,125,,,nasdaq,
2026-02-12,ENOFUTBLQ3-28,22.13,22.00,22.25,21.75,21.75,,,,nasdaq,
2026-02-12,ENOFUTBLQ4-26,53.15,52.75,53.30,53.15,53.00,4077,,,nasdaq,
2026-02-12,ENOFUTBLQ4-27,47.35,47.25,47.55,47.40,47.40,189,,,nasdaq,
2026-02-12,ENOFUTBLQ4-28,48.50,46.20,48.50,48.50,48.10,8,,,nasdaq,
2026-02-12,ENOFUTBLYR-27,41.90,41.90,42.00,42.00,41.40,3372,,,nasdaq,
2026-02-12,ENOFUTBLYR-28,40.40,40.30,40.55,40.30,40.00,1367,,,nasdaq,
2026-02-12,ENOFUTBLYR-29,41.00,40.95,42.00,,,332,,,nasdaq,
2026-02-12,ENOFUTBLYR-30,43.15,41.50,43.50,43.15,43.15,193,,,nasdaq,
2026-02-12,ENOFUTBLYR-31,44.05,42.45,45.50,,,120,,,nasdaq,
2026-02-12,ENOFUTBLYR-32,43.80,,,,,1,,,nasdaq,
2026-02-12,ENOFUTBLYR-33,43.80,,,,,1,,,nasdaq,
2026-02-12,ENOFUTBLYR-34,43.80,,,,,1,,,nasdaq,
2026-02-12,ENOFUTBLYR-35,43.95,,,,,,,,nasdaq,
2026-02-12,ENOFUTBLYR-36,44.00,,,,,,,,nasdaq,
2026-02-13,ENOFUTBLQ1-27,65.95,65.60,66.15,,,621,,,nasdaq,
2026-02-13,ENOFUTBLQ1-28,64.20,64.00,64.75,64.20,64.20,33,,,nasdaq,
2026-02-13,ENOFUTBLQ2-26,49.55,48.75,49.70,50.40,49.55,5208,,,nasdaq,
2026-02-13,ENOFUTBLQ2-27,30.50,29.75,31.10,,,118,,,nasdaq,
2026-02-13,ENOFUTBLQ2-28,27.60,27.50,27.95,28.20,28.20,3,,,nasdaq,
2026-02-13,ENOFUTBLQ3-26,39.75,39.60,39.80,40.00,39.50,3923,,,nasdaq,
2026-02-13,ENOFUTBLQ3-27,23.50,23.00,25.40,23.50,23.50,125,,,nasdaq,
2026-02-13,ENOFUTBLQ3-28,22.13,22.00,22.45,22.60,22.60,5,,,nasdaq,
2026-02-13,ENOFUTBLQ4-26,53.00,52.80,53.40,53.30,53.00,4075,,,nasdaq,
2026-02-13,ENOFUTBLQ4-27,47.25,46.75,47.50,,,190,,,nasdaq,
2026-02-13,ENOFUTBLQ4-28,47.40,47.00,48.40,,,14,,,nasdaq,
2026-02-13,ENOFUTBLYR-27,41.70,41.65,41.85,41.94,41.65,3370,,,nasdaq,
2026-02-13,ENOFUTBLYR-28,40.30,40.25,40.40,40.30,40.25,1400,,,nasdaq,
2026-02-13,ENOFUTBLYR-29,41.00,40.75,41.70,41.00,41.00,337,,,nasdaq,
2026-02-13,ENOFUTBLYR-30,43.00,42.35,43.15,,,196,,,nasdaq,
2026-02-13,ENOFUTBLYR-31,44.05,42.55,45.60,,,120,,,nasdaq,
2026-02-13,ENOFUTBLYR-32,43.80,,,,,1,,,nasdaq,
2026-02-13,ENOFUTBLYR-33,43.80,,,,,1,,,nasdaq,
2026-02-13,ENOFUTBLYR-34,43.80,,,,,1,,,nasdaq,
2026-02-13,ENOFUTBLYR-35,43.95,,,,,,,,nasdaq,
2026-02-13,ENOFUTBLYR-36,44.00,,,,,,,,nasdaq,
2026-02-16,ENOFUTBLQ1-27,65.45,65.25,65.85,65.60,65.45,623,,,nasdaq,
2026-02-16,ENOFUTBLQ1-28,64.10,64.00,65.50,,,33,,,nasdaq,
2026-02-16,ENOFUTBLQ2-26,47.10,47.05,47.20,48.00,47.00,5207,,,nasdaq,
2026-02-16,ENOFUTBLQ2-27,30.65,30.35,31.10,,,118,,,nasdaq,
2026-02-16,ENOFUTBLQ2-28,27.60,27.40,28.90,,,6,,,nasdaq,
2026-02-16,ENOFUTBLQ3-26,38.50,38.50,39.00,39.00,38.50,3928,,,nasdaq,
2026-02-16,ENOFUTBLQ3-27,23.50,22.85,24.90,23.50,23.50,128,,,nasdaq,
2026-02-16,ENOFUTBLQ3-28,22.00,21.65,22.10,22.00,22.00,6,,,nasdaq,
2026-02-16,ENOFUTBLQ4-26,52.35,52.15,52.60,52.05,52.05,4082,,,nasdaq,
2026-02-16,ENOFUTBLQ4-27,47.00,47.00,48.50,47.00,47.00,190,,,nasdaq,
2026-02-16,ENOFUTBLQ4-28,47.10,47.00,48.50,,,14,,,nasdaq,
2026-02-16,ENOFUTBLYR-27,41.30,41.15,41.70,41.70,41.70,3366,,,nasdaq,
2026-02-16,ENOFUTBLYR-28,40.10,39.85,40.30,40.10,40.00,1405,,,nasdaq,
2026-02-16,ENOFUTBLYR-29,41.00,40.50,41.00,41.00,41.00,337,,,nasdaq,
2026-02-16,ENOFUTBLYR-30,43.00,42.10,43.15,,,196,,,nasdaq,
2026-02-16,ENOFUTBLYR-31,44.05,42.55,45.60,,,120,,,nasdaq,
2026-02-16,ENOFUTBLYR-32,43.80,38.00,,,,1,,,nasdaq,
2026-02-16,ENOFUTBLYR-33,43.80,,,,,1,,,nasdaq,
2026-02-16,ENOFUTBLYR-34,43.80,,,,,1,,,nasdaq,
2026-02-16,ENOFUTBLYR-35,43.95,,,,,,,,nasdaq,
2026-02-16,ENOFUTBLYR-36,44.00,,,,,,,,nasdaq,
2026-02-17,ENOFUTBLQ1-27,65.40,65.30,65.60,65.40,65.25,631,,,nasdaq,
2026-02-17,ENOFUTBLQ1-28,64.00,63.75,64.25,,,33,,,nasdaq,
2026-02-17,ENOFUTBLQ2-26,46.25,46.05,46.35,47.00,46.23,5262,,,nasdaq,
2026-02-17,ENOFUTBLQ2-27,30.50,30.45,30.75,,,118,,,nasdaq,
2026-02-17,ENOFUTBLQ2-28,28.00,27.50,,,,16,,,nasdaq,
2026-02-17,ENOFUTBLQ3-26,37.75,37.61,37.85,38.30,37.73,3923,,,nasdaq,
2026-02-17,ENOFUTBLQ3-27,22.80,22.60,23.50,,,131,,,nasdaq,
2026-02-17,ENOFUTBLQ3-28,22.00,21.50,22.15,,,10,,,nasdaq,
2026-02-17,ENOFUTBLQ4-26,52.20,52.00,53.15,52.20,52.20,4083,,,nasdaq,
2026-02-17,ENOFUTBLQ4-27,46.90,46.85,,46.90,46.90,191,,,nasdaq,
2026-02-17,ENOFUTBLQ4-28,47.15,,49.65,,,19,,,nasdaq,
2026-02-17,ENOFUTBLYR-27,41.30,41.30,41.45,41.35,41.15,3356,,,nasdaq,
2026-02-17,ENOFUTBLYR-28,40.25,40.00,40.45,40.25,40.20,1416,,,nasdaq,
2026-02-17,ENOFUTBLYR-29,41.00,40.90,41.00,41.00,41.00,339,,,nasdaq,
2026-02-17,ENOFUTBLYR-30,43.00,42.35,43.15,,,196,,,nasdaq,
2026-02-17,ENOFUTBLYR-31,44.05,42.55,,,,120,,,nasdaq,
2026-02-17,ENOFUTBLYR-32,43.80,,,,,1,,,nasdaq,
2026-02-17,ENOFUTBLYR-33,43.80,,,,,1,,,nasdaq,
2026-02-17,ENOFUTBLYR-34,43.80,,,,,1,,,nasdaq,
2026-02-17,ENOFUTBLYR-35,43.95,,,,,,,,nasdaq,
2026-02-17,ENOFUTBLYR-36,44.00,,,,,,,,nasdaq,
2026-02-18,ENOFUTBLQ1-27,65.85,65.70,66.50,65.85,65.85,635,,,nasdaq,
2026-02-18,ENOFUTBLQ1-28,64.15,64.00,64.85,,,33,,,nasdaq,
2026-02-18,ENOFUTBLQ2-26,47.00,46.60,46.85,47.00,45.50,5222,,,nasdaq,
2026-02-18,ENOFUTBLQ2-27,30.50,29.80,31.10,30.50,30.50,118,,,nasdaq,
2026-02-18,ENOFUTBLQ2-28,28.15,27.10,28.75,,,16,,,nasdaq,
2026-02-18,ENOFUTBLQ3-26,37.90,37.40,37.90,37.90,37.25,3905,,,nasdaq,
2026-02-18,ENOFUTBLQ3-27,23.00,22.90,25.50,,,131,,,nasdaq,
2026-02-18,ENOFUTBLQ3-28,22.15,22.00,22.95,,,10,,,nasdaq,
2026-02-18,ENOFUTBLQ4-26,52.50,52.00,52.50,52.50,51.70,4069,,,nasdaq,
2026-02-18,ENOFUTBLQ4-27,47.20,46.85,47.50,,,192,,,nasdaq,
2026-02-18,ENOFUTBLQ4-28,47.30,47.00,47.95,,,19,,,nasdaq,
2026-02-18,ENOFUTBLYR-27,41.57,41.55,43.75,41.57,41.40,3338,,,nasdaq,
2026-02-18,ENOFUTBLYR-28,40.40,40.25,40.65,40.40,40.40,1416,,,nasdaq,
2026-02-18,ENOFUTBLYR-29,41.05,41.00,41.50,41.05,41.05,341,,,nasdaq,
2026-02-18,ENOFUTBLYR-30,43.00,42.75,43.50,,,196,,,nasdaq,
2026-02-18,ENOFUTBLYR-31,44.05,43.35,45.55,,,120,,,nasdaq,
2026-02-18,ENOFUTBLYR-32,43.80,,,,,1,,,nasdaq,
2026-02-18,ENOFUTBLYR-33,43.80,,,,,1,,,nasdaq,
2026-02-18,ENOFUTBLYR-34,43.80,,,,,1,,,nasdaq,
2026-02-18,ENOFUTBLYR-35,43.95,,,,,,,,nasdaq,
2026-02-18,ENOFUTBLYR-36,44.00,,,,,,,,nasdaq,
2026-02-19,ENOFUTBLQ1-27,66.45,66.45,67.00,66.45,66.40,635,,,nasdaq,
2026-02-19,ENOFUTBLQ1-28,64.50,64.20,65.50,,,33,,,nasdaq,
2026-02-19,ENOFUTBLQ2-26,48.75,48.65,48.85,48.80,47.50,5168,,,nasdaq,
2026-02-19,ENOFUTBLQ2-27,31.00,31.00,33.00,31.00,31.00,121,,,nasdaq,
2026-02-19,ENOFUTBLQ2-28,28.40,27.65,30.75,,,16,,,nasdaq,
2026-02-19,ENOFUTBLQ3-26,38.88,38.50,38.90,39.00,38.40,3878,,,nasdaq,
2026-02-19,ENOFUTBLQ3-27,23.65,23.35,23.90,23.65,23.65,131,,,nasdaq,
2026-02-19,ENOFUTBLQ3-28,22.50,22.00,23.50,,,10,,,nasdaq,
2026-02-19,ENOFUTBLQ4-26,53.20,53.05,53.25,53.25,52.90,4087,,,nasdaq,
2026-02-19,ENOFUTBLQ4-27,47.85,47.85,48.20,47.85,47.85,194,,,nasdaq,
2026-02-19,ENOFUTBLQ4-28,47.35,47.10,48.70,,,19,,,nasdaq,
2026-02-19,ENOFUTBLYR-27,42.15,42.15,42.40,42.25,42.00,3318,,,nasdaq,
2026-02-19,ENOFUTBLYR-28,40.65,40.65,41.25,40.70,40.65,1423,,,nasdaq,
2026-02-19,ENOFUTBLYR-29,41.15,40.85,41.50,,,346,,,nasdaq,
2026-02-19,ENOFUTBLYR-30,43.03,42.35,43.70,,,196,,,nasdaq,
2026-02-19,ENOFUTBLYR-31,44.05,43.35,44.75,,,120,,,nasdaq,
2026-02-19,ENOFUTBLYR-32,43.80,,,,,1,,,nasdaq,
2026-02-19,ENOFUTBLYR-33,43.80,,,,,1,,,nasdaq,
2026-02-19,ENOFUTBLYR-34,43.80,,,,,1,,,nasdaq,
2026-02-19,ENOFUTBLYR-35,43.95,,,,,,,,nasdaq,
2026-02-19,ENOFUTBLYR-36,44.00,,,,,,,,nasdaq,
2026-02-20,ENOFUTBLQ1-27,66.30,66.20,67.35,,,616,,,nasdaq,
2026-02-20,ENOFUTBLQ1-28,64.60,64.25,65.15,,,33,,,nasdaq,
2026-02-20,ENOFUTBLQ2-26,48.00,47.80,48.00,48.25,47.40,5207,,,nasdaq,
2026-02-20,ENOFUTBLQ2-27,31.04,30.75,31.10,,,119,,,nasdaq,
2026-02-20,ENOFUTBLQ2-28,28.30,27.20,29.70,,,16,,,nasdaq,
2026-02-20,ENOFUTBLQ3-26,38.30,37.90,38.25,38.45,38.25,3833,,,nasdaq,
2026-02-20,ENOFUTBLQ3-27,23.90,23.40,24.00,,,131,,,nasdaq,
2026-02-20,ENOFUTBLQ3-28,22.35,22.15,22.35,22.35,22.35,10,,,nasdaq,
2026-02-20,ENOFUTBLQ4-26,53.00,52.50,53.10,53.20,52.85,4091,,,nasdaq,
2026-02-20,ENOFUTBLQ4-27,47.75,47.75,48.25,47.75,47.75,195,,,nasdaq,
2026-02-20,ENOFUTBLQ4-28,47.50,46.45,48.50,,,19,,,nasdaq,
2026-02-20,ENOFUTBLYR-27,42.20,42.10,42.25,42.30,42.10,3324,,,nasdaq,
2026-02-20,ENOFUTBLYR-28,40.65,40.65,41.00,40.75,40.65,1429,,,nasdaq,
2026-02-20,ENOFUTBLYR-29,41.30,41.15,41.50,41.30,41.30,348,,,nasdaq,
2026-02-20,ENOFUTBLYR-30,43.10,42.95,43.25,,,196,,,nasdaq,
2026-02-20,ENOFUTBLYR-31,44.05,43.25,45.50,,,120,,,nasdaq,
2026-02-20,ENOFUTBLYR-32,43.80,,,,,1,,,nasdaq,
2026-02-20,ENOFUTBLYR-33,43.80,,,,,1,,,nasdaq,
2026-02-20,ENOFUTBLYR-34,43.80,,,,,1,,,nasdaq,
2026-02-20,ENOFUTBLYR-35,43.95,,,,,,,,nasdaq,
2026-02-20,ENOFUTBLYR-36,44.00,,,,,,,,nasdaq,
2026-02-23,ENOFUTBLQ1-27,67.00,66.00,68.30,67.00,67.00,618,,,nasdaq,
2026-02-23,ENOFUTBLQ1-28,64.75,63.30,66.40,,,33,,,nasdaq,
2026-02-23,ENOFUTBLQ2-26,50.75,50.50,50.75,51.00,48.85,5238,,,nasdaq,
2026-02-23,ENOFUTBLQ2-27,31.80,31.35,34.00,,,119,,,nasdaq,
2026-02-23,ENOFUTBLQ2-28,28.40,27.50,29.80,,,16,,,nasdaq,
2026-02-23,ENOFUTBLQ3-26,40.20,40.00,40.35,40.25,39.50,3857,,,nasdaq,
2026-02-23,ENOFUTBLQ3-27,24.25,23.50,25.00,,,131,,,nasdaq,
2026-02-23,ENOFUTBLQ3-28,22.50,21.90,24.00,,,12,,,nasdaq,
2026-02-23,ENOFUTBLQ4-26,54.40,54.10,54.50,54.45,54.00,4093,,,nasdaq,
2026-02-23,ENOFUTBLQ4-27,47.75,46.20,48.50,,,203,,,nasdaq,
2026-02-23,ENOFUTBLQ4-28,47.50,46.00,49.00,,,19,,,nasdaq,
2026-02-23,ENOFUTBLYR-27,42.60,42.50,42.70,42.80,42.30,3333,,,nasdaq,
2026-02-23,ENOFUTBLYR-28,40.75,40.70,40.95,40.75,40.60,1430,,,nasdaq,
2026-02-23,ENOFUTBLYR-29,41.30,41.30,41.50,41.50,41.30,350,,,nasdaq,
2026-02-23,ENOFUTBLYR-30,43.10,42.05,44.60,,,196,,,nasdaq,
2026-02-23,ENOFUTBLYR-31,44.05,42.50,45.60,,,120,,,nasdaq,
2026-02-23,ENOFUTBLYR-32,43.80,,,,,1,,,nasdaq,
2026-02-23,ENOFUTBLYR-33,43.80,,,,,1,,,nasdaq,
2026-02-23,ENOFUTBLYR-34,43.80,,,,,1,,,nasdaq,
2026-02-23,ENOFUTBLYR-35,43.95,,,,,,,,nasdaq,
2026-02-23,ENOFUTBLYR-36,44.00,,,,,,,,nasdaq,
2026-02-24,ENOFUTBLQ1-27,66.90,66.85,66.95,,,620,,,nasdaq,
2026-02-24,ENOFUTBLQ1-28,64.45,64.40,65.25,,,33,,,nasdaq,
2026-02-24,ENOFUTBLQ2-26,49.65,49.60,50.00,49.90,49.10,5223,,,nasdaq,
2026-02-24,ENOFUTBLQ2-27,31.00,31.00,31.50,,,119,,,nasdaq,
2026-02-24,ENOFUTBLQ2-28,28.20,28.00,29.90,,,16,,,nasdaq,
2026-02-24,ENOFUTBLQ3-26,39.70,39.60,39.75,39.85,39.85,3841,,,nasdaq,
2026-02-24,ENOFUTBLQ3-27,23.92,23.25,24.00,,,131,,,nasdaq,
2026-02-24,ENOFUTBLQ3-28,22.15,21.75,23.50,,,12,,,nasdaq,
2026-02-24,ENOFUTBLQ4-26,54.15,53.85,54.15,54.20,53.25,4076,,,nasdaq,
2026-02-24,ENOFUTBLQ4-27,47.60,47.60,48.25,47.60,47.60,203,,,nasdaq,
2026-02-24,ENOFUTBLQ4-28,47.35,47.20,48.90,,,19,,,nasdaq,
2026-02-24,ENOFUTBLYR-27,42.25,42.15,42.25,42.40,42.05,3343,,,nasdaq,
2026-02-24,ENOFUTBLYR-28,40.50,40.50,40.75,40.75,40.50,1439,,,nasdaq,
2026-02-24,ENOFUTBLYR-29,41.10,41.05,41.20,41.10,41.10,354,,,nasdaq,
2026-02-24,ENOFUTBLYR-30,42.90,42.75,43.00,,,196,,,nasdaq,
2026-02-24,ENOFUTBLYR-31,43.95,42.55,44.20,,,120,,,nasdaq,
2026-02-24,ENOFUTBLYR-32,43.75,,,,,1,,,nasdaq,
2026-02-24,ENOFUTBLYR-33,43.75,,,,,1,,,nasdaq,
2026-02-24,ENOFUTBLYR-34,43.75,,,,,1,,,nasdaq,
2026-02-24,ENOFUTBLYR-35,43.95,,,,,,,,nasdaq,
2026-02-24,ENOFUTBLYR-36,44.00,,,,,,,,nasdaq,
2026-02-25,ENOFUTBLQ1-27,67.00,66.75,67.10,67.50,67.00,620,,,nasdaq,
2026-02-25,ENOFUTBLQ1-28,64.59,62.90,64.75,65.00,64.36,33,,,nasdaq,
2026-02-25,ENOFUTBLQ2-26,49.90,49.80,50.00,50.50,49.75,5278,,,nasdaq,
2026-02-25,ENOFUTBLQ2-27,31.00,30.25,31.25,31.75,31.00,118,,,nasdaq,
2026-02-25,ENOFUTBLQ2-28,28.39,28.20,29.00,28.39,28.39,16,,,nasdaq,
2026-02-25,ENOFUTBLQ3-26,40.10,39.95,40.20,40.76,39.80,3852,,,nasdaq,
2026-02-25,ENOFUTBLQ3-27,23.75,23.60,24.60,24.00,23.75,131,,,nasdaq,
2026-02-25,ENOFUTBLQ3-28,22.50,22.00,23.70,22.50,22.50,12,,,nasdaq,
2026-02-25,ENOFUTBLQ4-26,54.20,54.05,54.20,54.30,54.20,4059,,,nasdaq,
2026-02-25,ENOFUTBLQ4-27,47.80,46.10,48.25,48.20,47.70,203,,,nasdaq,
2026-02-25,ENOFUTBLQ4-28,47.85,47.75,48.20,48.25,48.25,19,,,nasdaq,
2026-02-25,ENOFUTBLYR-27,42.20,42.10,42.30,42.40,42.15,3356,,,nasdaq,
2026-02-25,ENOFUTBLYR-28,40.70,40.70,40.85,40.80,40.70,1444,,,nasdaq,
2026-02-25,ENOFUTBLYR-29,41.30,41.00,41.30,41.30,41.30,358,,,nasdaq,
2026-02-25,ENOFUTBLYR-30,43.10,42.90,43.30,43.40,43.40,198,,,nasdaq,
2026-02-25,ENOFUTBLYR-31,44.05,43.15,45.25,,,120,,,nasdaq,
2026-02-25,ENOFUTBLYR-32,43.80,,,,,1,,,nasdaq,
2026-02-25,ENOFUTBLYR-33,43.80,,,,,1,,,nasdaq,
2026-02-25,ENOFUTBLYR-34,43.80,,,,,1,,,nasdaq,
2026-02-25,ENOFUTBLYR-35,44.00,,,,,,,,nasdaq,
2026-02-25,ENOFUTBLYR-36,44.05,,,,,,,,nasdaq,
2026-02-26,ENOFUTBLQ1-27,66.00,66.00,66.40,66.00,66.00,598,,,nasdaq,
2026-02-26,ENOFUTBLQ1-28,64.05,63.10,65.00,,,43,,,nasdaq,
2026-02-26,ENOFUTBLQ2-26,47.90,47.75,47.95,48.50,47.10,5270,,,nasdaq,
2026-02-26,ENOFUTBLQ2-27,30.15,29.50,30.80,,,122,,,nasdaq,
2026-02-26,ENOFUTBLQ2-28,28.00,26.90,29.90,,,16,,,nasdaq,
2026-02-26,ENOFUTBLQ3-26,38.90,38.80,39.00,39.00,38.75,3839,,,nasdaq,
2026-02-26,ENOFUTBLQ3-27,23.75,23.10,25.20,,,132,,,nasdaq,
2026-02-26,ENOFUTBLQ3-28,22.30,21.80,24.20,,,13,,,nasdaq,
2026-02-26,ENOFUTBLQ4-26,53.40,53.30,53.90,53.50,53.40,4039,,,nasdaq,
2026-02-26,ENOFUTBLQ4-27,47.50,45.60,47.70,,,215,,,nasdaq,
2026-02-26,ENOFUTBLQ4-28,47.38,46.50,48.25,,,20,,,nasdaq,
2026-02-26,ENOFUTBLYR-27,41.75,41.65,41.75,41.85,41.70,3362,,,nasdaq,
2026-02-26,ENOFUTBLYR-28,40.40,40.30,40.45,40.50,40.30,1451,,,nasdaq,
2026-02-26,ENOFUTBLYR-29,41.08,40.95,41.20,41.00,40.90,363,,,nasdaq,
2026-02-26,ENOFUTBLYR-30,43.00,42.60,43.00,43.00,43.00,199,,,nasdaq,
2026-02-26,ENOFUTBLYR-31,43.95,42.50,44.00,,,120,,,nasdaq,
2026-02-26,ENOFUTBLYR-32,43.75,,,,,1,,,nasdaq,
2026-02-26,ENOFUTBLYR-33,43.75,,,,,1,,,nasdaq,
2026-02-26,ENOFUTBLYR-34,43.75,,,,,1,,,nasdaq,
2026-02-26,ENOFUTBLYR-35,44.00,,,,,,,,nasdaq,
2026-02-26,ENOFUTBLYR-36,44.05,,,,,,,,nasdaq,
2026-02-27,ENOFUTBLQ1-27,66.55,66.25,67.00,66.55,66.55,598,,,nasdaq,
2026-02-27,ENOFUTBLQ1-28,64.60,64.40,65.60,,,43,,,nasdaq,
2026-02-27,ENOFUTBLQ2-26,50.05,49.85,49.91,50.25,48.60,5279,,,nasdaq,
2026-02-27,ENOFUTBLQ2-27,30.15,29.00,31.05,,,122,,,nasdaq,
2026-02-27,ENOFUTBLQ2-28,28.10,27.00,29.60,,,16,,,nasdaq,
2026-02-27,ENOFUTBLQ3-26,40.00,39.85,40.10,40.00,39.00,3847,,,nasdaq,
2026-02-27,ENOFUTBLQ3-27,23.75,23.25,25.50,,,132,,,nasdaq,
2026-02-27,ENOFUTBLQ3-28,22.30,22.00,23.90,,,13,,,nasdaq,
2026-02-27,ENOFUTBLQ4-26,54.30,53.65,54.30,54.30,54.20,4038,,,nasdaq,
2026-02-27,ENOFUTBLQ4-27,47.80,47.60,48.00,,,215,,,nasdaq,
2026-02-27,ENOFUTBLQ4-28,47.75,47.50,49.00,,,20,,,nasdaq,
2026-02-27,ENOFUTBLYR-27,41.90,41.80,41.95,42.00,41.80,3371,,,nasdaq,
2026-02-27,ENOFUTBLYR-28,40.65,40.55,40.75,40.65,40.55,1460,,,nasdaq,
2026-02-27,ENOFUTBLYR-29,41.20,41.10,41.30,,,365,,,nasdaq,
2026-02-27,ENOFUTBLYR-30,43.00,41.50,44.30,,,205,,,nasdaq,
2026-02-27,ENOFUTBLYR-31,43.95,42.40,45.50,,,120,,,nasdaq,
2026-02-27,ENOFUTBLYR-32,43.75,,,,,1,,,nasdaq,
2026-02-27,ENOFUTBLYR-33,43.75,,,,,1,,,nasdaq,
2026-02-27,ENOFUTBLYR-34,43.75,,,,,1,,,nasdaq,
2026-02-27,ENOFUTBLYR-35,44.00,,,,,,,,nasdaq,
2026-02-27,ENOFUTBLYR-36,44.05,,,,,,,,nasdaq,
2026-03-02,ENOFUTBLMSEP-26,48.70,,,,,,,0,euronext,2026-09-22T20:41:38Z
2026-03-02,ENOFUTBLQ1-27,68.50,67.00,68.70,68.50,68.20,600,,,nasdaq,
2026-03-02,ENOFUTBLQ1-28,65.23,64.60,65.85,,,43,,,nasdaq,
2026-03-02,ENOFUTBLQ2-26,53.50,53.00,53.50,55.00,52.60,5271,,,nasdaq,
2026-03-02,ENOFUTBLQ2-27,31.00,30.00,31.25,31.25,31.25,122,,,nasdaq,
2026-03-02,ENOFUTBLQ2-28,28.45,26.70,30.20,,,16,,,nasdaq,
2026-03-02,ENOFUTBLQ3-26,42.65,42.50,42.80,43.50,42.00,3872,,,nasdaq,
2026-03-02,ENOFUTBLQ3-27,24.00,23.50,25.50,,,132,,,nasdaq,
2026-03-02,ENOFUTBLQ3-28,22.65,22.30,23.00,,,13,,,nasdaq,
2026-03-02,ENOFUTBLQ4-26,56.00,55.70,56.00,56.50,55.75,4048,,,nasdaq,
2026-03-02,ENOFUTBLQ4-27,48.05,47.50,48.60,,,215,,,nasdaq,
2026-03-02,ENOFUTBLQ4-28,48.20,47.55,49.50,,,20,,,nasdaq,
2026-03-02,ENOFUTBLYR-27,42.75,42.70,42.80,43.28,42.56,3371,,,nasdaq,
2026-03-02,ENOFUTBLYR-28,41.10,40.75,41.05,41.50,41.10,1473,,,nasdaq,
2026-03-02,ENOFUTBLYR-29,41.55,41.05,41.95,41.55,41.55,367,,,nasdaq,
2026-03-02,ENOFUTBLYR-30,43.00,42.70,44.15,,,205,,,nasdaq,
2026-03-02,ENOFUTBLYR-31,43.95,42.40,45.50,,,120,,,nasdaq,
2026-03-02,ENOFUTBLYR-32,43.75,39.00,,,,1,,,nasdaq,
2026-03-02,ENOFUTBLYR-33,43.75,,,,,1,,,nasdaq,
2026-03-02,ENOFUTBLYR-34,43.75,,,,,1,,,nasdaq,
2026-03-02,ENOFUTBLYR-35,44.00,,,,,,,,nasdaq,
2026-03-02,ENOFUTBLYR-36,44.05,,,,,,,,nasdaq,
2026-03-03,ENOFUTBLMSEP-26,53.45,,,,,,,0,euronext,2026-09-22T20:41:38Z
2026-03-03,ENOFUTBLQ1-27,71.15,69.50,72.75,72.50,70.20,596,,,nasdaq,
2026-03-03,ENOFUTBLQ1-28,66.50,64.50,67.00,66.50,66.50,43,,,nasdaq,
2026-03-03,ENOFUTBLQ2-26,58.87,57.75,58.20,63.20,55.00,5256,,,nasdaq,
2026-03-03,ENOFUTBLQ2-27,32.35,32.00,33.00,32.35,31.75,121,,,nasdaq,
2026-03-03,ENOFUTBLQ2-28,29.30,27.50,31.10,,,16,,,nasdaq,
2026-03-03,ENOFUTBLQ3-26,47.25,45.70,47.50,50.00,45.00,3900,,,nasdaq,
2026-03-03,ENOFUTBLQ3-27,24.95,24.50,25.00,,,132,,,nasdaq,
2026-03-03,ENOFUTBLQ3-28,22.85,22.00,23.00,,,13,,,nasdaq,
2026-03-03,ENOFUTBLQ4-26,60.00,57.75,60.00,63.00,58.70,4044,,,nasdaq,
2026-03-03,ENOFUTBLQ4-27,49.00,48.25,49.45,50.00,50.00,215,,,nasdaq,
2026-03-03,ENOFUTBLQ4-28,48.50,48.00,50.80,,,20,,,nasdaq,
2026-03-03,ENOFUTBLYR-27,44.25,44.00,44.50,45.32,43.45,3373,,,nasdaq,
2026-03-03,ENOFUTBLYR-28,41.75,41.55,41.70,42.00,41.25,1481,,,nasdaq,
2026-03-03,ENOFUTBLYR-29,42.00,41.55,42.05,42.10,41.75,381,,,nasdaq,
2026-03-03,ENOFUTBLYR-30,43.60,42.80,44.05,,,205,,,nasdaq,
2026-03-03,ENOFUTBLYR-31,44.05,43.25,45.60,,,120,,,nasdaq,
2026-03-03,ENOFUTBLYR-32,43.80,,,,,1,,,nasdaq,
2026-03-03,ENOFUTBLYR-33,43.80,,,,,1,,,nasdaq,
2026-03-03,ENOFUTBLYR-34,43.80,,,,,1,,,nasdaq,
2026-03-03,ENOFUTBLYR-35,44.05,,,,,,,,nasdaq,
2026-03-03,ENOFUTBLYR-36,44.10,,,,,,,,nasdaq,
2026-03-04,ENOFUTBLMSEP-26,50.95,,,,,,,0,euronext,2026-09-22T20:41:38Z
2026-03-04,ENOFUTBLQ1-27,69.30,68.75,69.75,69.90,69.30,600,,,nasdaq,
2026-03-04,ENOFUTBLQ1-28,65.50,64.50,66.50,,,44,,,nasdaq,
2026-03-04,ENOFUTBLQ2-26,53.90,53.70,53.90,58.00,53.75,5285,,,nasdaq,
2026-03-04,ENOFUTBLQ2-27,30.95,30.65,31.25,,,117,,,nasdaq,
2026-03-04,ENOFUTBLQ2-28,29.00,27.90,30.90,,,16,,,nasdaq,
2026-03-04,ENOFUTBLQ3-26,43.45,43.00,44.00,46.50,43.10,4103,,,nasdaq,
2026-03-04,ENOFUTBLQ3-27,23.80,23.50,25.00,,,132,,,nasdaq,
2026-03-04,ENOFUTBLQ3-28,21.75,21.50,22.50,,,13,,,nasdaq,
2026-03-04,ENOFUTBLQ4-26,57.75,57.50,57.90,59.80,58.75,4064,,,nasdaq,
2026-03-04,ENOFUTBLQ4-27,48.40,47.50,49.00,48.40,48.40,215,,,nasdaq,
2026-03-04,ENOFUTBLQ4-28,47.90,46.50,49.50,47.90,47.90,20,,,nasdaq,
2026-03-04,ENOFUTBLYR-27,43.00,42.85,43.00,44.50,42.80,3399,,,nasdaq,
2026-03-04,ENOFUTBLYR-28,40.85,40.65,41.25,41.80,40.85,1474,,,nasdaq,
2026-03-04,ENOFUTBLYR-29,41.40,40.90,42.00,41.40,41.40,397,,,nasdaq,
2026-03-04,ENOFUTBLYR-30,43.25,42.95,44.25,43.25,43.25,208,,,nasdaq,
2026-03-04,ENOFUTBLYR-31,44.05,42.85,45.30,,,120,,,nasdaq,
2026-03-04,ENOFUTBLYR-32,43.80,,,,,1,,,nasdaq,
2026-03-04,ENOFUTBLYR-33,43.80,,,,,1,,,nasdaq,
2026-03-04,ENOFUTBLYR-34,43.80,,,,,1,,,nasdaq,
2026-03-04,ENOFUTBLYR-35,44.05,,,,,,,,nasdaq,
2026-03-04,ENOFUTBLYR-36,44.10,,,,,,,,nasdaq,
2026-03-05,ENOFUTBLMSEP-26,50.10,,,,,,,0,euronext,2026-09-22T20:41:38Z
2026-03-05,ENOFUTBLQ1-27,69.05,68.60,69.90,69.00,68.30,601,,,nasdaq,
2026-03-05,ENOFUTBLQ1-28,64.75,64.60,65.65,,,46,,,nasdaq,
2026-03-05,ENOFUTBLQ2-26,52.50,52.40,52.50,54.75,52.15,5263,,,nasdaq,
2026-03-05,ENOFUTBLQ2-27,30.75,30.55,31.25,,,117,,,nasdaq,
2026-03-05,ENOFUTBLQ2-28,29.10,29.00,30.60,,,16,,,nasdaq,
2026-03-05,ENOFUTBLQ3-26,43.00,42.75,43.50,43.75,43.00,4050,,,nasdaq,
2026-03-05,ENOFUTBLQ3-27,23.75,23.60,24.10,,,132,,,nasdaq,
2026-03-05,ENOFUTBLQ3-28,21.80,21.75,22.25,21.80,21.80,13,,,nasdaq,
2026-03-05,ENOFUTBLQ4-26,56.88,56.50,57.00,57.90,56.00,4059,,,nasdaq,
2026-03-05,ENOFUTBLQ4-27,48.10,47.50,48.40,48.10,48.10,216,,,nasdaq,
2026-03-05,ENOFUTBLQ4-28,46.89,46.10,49.20,,,23,,,nasdaq,
2026-03-05,ENOFUTBLYR-27,42.80,42.60,42.80,43.00,42.80,3432,,,nasdaq,
2026-03-05,ENOFUTBLYR-28,40.60,40.50,40.60,40.65,40.60,1484,,,nasdaq,
2026-03-05,ENOFUTBLYR-29,41.15,40.90,41.40,,,400,,,nasdaq,
2026-03-05,ENOFUTBLYR-30,42.98,42.70,43.25,,,216,,,nasdaq,
2026-03-05,ENOFUTBLYR-31,43.78,43.50,44.05,,,120,,,nasdaq,
2026-03-05,ENOFUTBLYR-32,43.75,,,,,1,,,nasdaq,
2026-03-05,ENOFUTBLYR-33,43.75,,,,,1,,,nasdaq,
2026-03-05,ENOFUTBLYR-34,43.75,,,,,1,,,nasdaq,
2026-03-05,ENOFUTBLYR-35,44.00,,,,,,,,nasdaq,
2026-03-05,ENOFUTBLYR-36,44.05,,,,,,,,nasdaq,
2026-03-06,ENOFUTBLMSEP-26,50.50,,,,,,,0,euronext,2026-09-22T20:41:38Z
2026-03-06,ENOFUTBLQ1-27,70.25,70.25,70.50,70.50,68.85,607,,,nasdaq,
2026-03-06,ENOFUTBLQ1-28,65.50,64.50,66.00,65.50,65.50,46,,,nasdaq,
2026-03-06,ENOFUTBLQ2-26,52.50,52.50,52.60,53.35,51.00,5204,,,nasdaq,
2026-03-06,ENOFUTBLQ2-27,30.98,30.00,32.25,,,116,,,nasdaq,
2026-03-06,ENOFUTBLQ2-28,29.75,27.60,30.60,,,16,,,nasdaq,
2026-03-06,ENOFUTBLQ3-26,44.25,44.20,44.50,44.50,42.00,4001,,,nasdaq,
2026-03-06,ENOFUTBLQ3-27,23.98,23.75,24.50,,,132,,,nasdaq,
2026-03-06,ENOFUTBLQ3-28,22.00,21.75,22.50,,,16,,,nasdaq,
2026-03-06,ENOFUTBLQ4-26,58.40,58.40,59.15,58.40,56.25,4062,,,nasdaq,
2026-03-06,ENOFUTBLQ4-27,48.25,47.35,49.40,,,216,,,nasdaq,
2026-03-06,ENOFUTBLQ4-28,46.90,45.40,48.40,,,23,,,nasdaq,
2026-03-06,ENOFUTBLYR-27,43.25,43.20,43.35,43.25,42.90,3427,,,nasdaq,
2026-03-06,ENOFUTBLYR-28,41.00,41.00,41.80,41.00,40.80,1489,,,nasdaq,
2026-03-06,ENOFUTBLYR-29,41.15,41.00,42.10,,,400,,,nasdaq,
2026-03-06,ENOFUTBLYR-30,42.98,41.60,43.95,,,216,,,nasdaq,
2026-03-06,ENOFUTBLYR-31,43.78,42.30,45.00,,,120,,,nasdaq,
2026-03-06,ENOFUTBLYR-32,43.75,,,,,1,,,nasdaq,
2026-03-06,ENOFUTBLYR-33,43.75,,,,,1,,,nasdaq,
2026-03-06,ENOFUTBLYR-34,43.75,,,,,1,,,nasdaq,
2026-03-06,ENOFUTBLYR-35,44.00,,,,,,,,nasdaq,
2026-03-06,ENOFUTBLYR-36,44.05,,,,,,,,nasdaq,
2026-03-09,ENOFUTBLMSEP-26,53.70,,,,,,,0,euronext,2026-09-22T20:41:38Z
2026-03-09,ENOFUTBLQ1-27,72.50,72.00,72.50,72.80,72.50,612,,,nasdaq,
2026-03-09,ENOFUTBLQ1-28,65.90,64.20,67.30,,,47,,,nasdaq,
2026-03-09,ENOFUTBLQ2-26,54.50,54.40,54.50,55.45,54.00,5233,,,nasdaq,
2026-03-09,ENOFUTBLQ2-27,32.20,31.50,32.90,,,116,,,nasdaq,
2026-03-09,ENOFUTBLQ2-28,30.00,28.20,31.30,,,18,,,nasdaq,
2026-03-09,ENOFUTBLQ3-26,47.00,46.90,47.00,47.65,46.25,4001,,,nasdaq,
2026-03-09,ENOFUTBLQ3-27,24.35,23.50,24.50,24.35,24.35,132,,,nasdaq,
2026-03-09,ENOFUTBLQ3-28,22.35,21.50,23.00,,,16,,,nasdaq,
2026-03-09,ENOFUTBLQ4-26,60.60,60.10,60.75,61.80,60.60,4070,,,nasdaq,
2026-03-09,ENOFUTBLQ4-27,48.65,47.50,49.50,,,216,,,nasdaq,
2026-03-09,ENOFUTBLQ4-28,47.50,46.00,49.00,,,23,,,nasdaq,
2026-03-09,ENOFUTBLYR-27,44.30,44.20,44.38,45.00,44.30,3421,,,nasdaq,
2026-03-09,ENOFUTBLYR-28,41.40,41.20,41.70,41.80,41.35,1502,,,nasdaq,
2026-03-09,ENOFUTBLYR-29,41.60,41.25,41.70,41.80,41.80,404,,,nasdaq,
2026-03-09,ENOFUTBLYR-30,43.50,43.00,44.00,,,216,,,nasdaq,
2026-03-09,ENOFUTBLYR-31,43.78,43.05,46.10,,,120,,,nasdaq,
2026-03-09,ENOFUTBLYR-32,43.75,,,,,1,,,nasdaq,
2026-03-09,ENOFUTBLYR-33,43.75,,,,,1,,,nasdaq,
2026-03-09,ENOFUTBLYR-34,43.75,,,,,1,,,nasdaq,
2026-03-09,ENOFUTBLYR-35,44.00,,,,,,,,nasdaq,
2026-03-09,ENOFUTBLYR-36,44.05,,,,,,,,nasdaq,
2026-03-10,ENOFUTBLMSEP-26,52.00,,,,,,,0,euronext,2026-09-22T20:41:38Z
2026-03-10,ENOFUTBLQ1-27,71.60,71.45,73.70,71.75,71.60,613,,,nasdaq,
2026-03-10,ENOFUTBLQ1-28,65.63,65.00,66.25,,,47,,,nasdaq,
2026-03-10,ENOFUTBLQ2-26,52.35,52.30,52.50,53.00,51.75,5586,,,nasdaq,
2026-03-10,ENOFUTBLQ2-27,31.45,31.00,32.00,,,116,,,nasdaq,
2026-03-10,ENOFUTBLQ2-28,29.45,27.90,31.00,,,18,,,nasdaq,
2026-03-10,ENOFUTBLQ3-26,45.50,45.25,45.70,46.25,45.00,4253,,,nasdaq,
2026-03-10,ENOFUTBLQ3-27,23.75,23.65,25.00,,,133,,,nasdaq,
2026-03-10,ENOFUTBLQ3-28,22.00,21.75,22.25,,,16,,,nasdaq,
2026-03-10,ENOFUTBLQ4-26,59.75,59.55,59.80,60.00,60.00,4179,,,nasdaq,
2026-03-10,ENOFUTBLQ4-27,48.10,48.00,48.75,,,219,,,nasdaq,
2026-03-10,ENOFUTBLQ4-28,47.25,45.75,48.70,,,23,,,nasdaq,
2026-03-10,ENOFUTBLYR-27,43.60,43.50,44.00,43.75,43.50,3498,,,nasdaq,
2026-03-10,ENOFUTBLYR-28,41.05,40.85,41.10,41.05,41.05,1536,,,nasdaq,
2026-03-10,ENOFUTBLYR-29,41.20,41.20,41.50,,,415,,,nasdaq,
2026-03-10,ENOFUTBLYR-30,43.00,42.70,43.50,43.00,43.00,216,,,nasdaq,
2026-03-10,ENOFUTBLYR-31,43.55,43.10,45.20,,,120,,,nasdaq,
2026-03-10,ENOFUTBLYR-32,43.70,38.00,,,,1,,,nasdaq,
2026-03-10,ENOFUTBLYR-33,43.70,,,,,1,,,nasdaq,
2026-03-10,ENOFUTBLYR-34,43.70,,,,,1,,,nasdaq,
2026-03-10,ENOFUTBLYR-35,43.95,,,,,,,,nasdaq,
2026-03-10,ENOFUTBLYR-36,44.00,,,,,,,,nasdaq,
2026-03-11,ENOFUTBLMSEP-26,52.25,,,,,,,0,euronext,2026-09-22T20:41:38Z
2026-03-11,ENOFUTBLQ1-27,72.00,72.00,72.50,72.00,71.30,620,,,nasdaq,
2026-03-11,ENOFUTBLQ1-28,65.35,64.20,66.50,,,47,,,nasdaq,
2026-03-11,ENOFUTBLQ2-26,51.20,51.20,51.70,51.75,50.01,5560,,,nasdaq,
2026-03-11,ENOFUTBLQ2-27,32.00,31.75,33.00,32.00,32.00,116,,,nasdaq,
2026-03-11,ENOFUTBLQ2-28,29.70,29.00,30.40,,,18,,,nasdaq,
2026-03-11,ENOFUTBLQ3-26,45.25,45.25,45.35,45.50,45.00,4246,,,nasdaq,
2026-03-11,ENOFUTBLQ3-27,23.95,23.75,24.15,,,133,,,nasdaq,
2026-03-11,ENOFUTBLQ3-28,22.38,21.75,23.00,,,16,,,nasdaq,
2026-03-11,ENOFUTBLQ4-26,60.15,60.25,60.35,61.15,59.50,4174,,,nasdaq,
2026-03-11,ENOFUTBLQ4-27,48.63,48.25,49.00,,,219,,,nasdaq,
2026-03-11,ENOFUTBLQ4-28,47.30,45.80,48.80,,,23,,,nasdaq,
2026-03-11,ENOFUTBLYR-27,44.10,44.00,44.60,44.10,43.75,3511,,,nasdaq,
2026-03-11,ENOFUTBLYR-28,41.15,41.05,41.50,41.15,41.15,1540,,,nasdaq,
2026-03-11,ENOFUTBLYR-29,41.30,41.15,42.00,,,417,,,nasdaq,
2026-03-11,ENOFUTBLYR-30,43.00,42.50,44.70,,,220,,,nasdaq,
2026-03-11,ENOFUTBLYR-31,43.55,43.10,,,,120,,,nasdaq,
2026-03-11,ENOFUTBLYR-32,43.70,,,,,1,,,nasdaq,
2026-03-11,ENOFUTBLYR-33,43.70,,,,,1,,,nasdaq,
2026-03-11,ENOFUTBLYR-34,43.70,,,,,1,,,nasdaq,
2026-03-11,ENOFUTBLYR-35,43.95,,,,,,,,nasdaq,
2026-03-11,ENOFUTBLYR-36,44.00,,,,,,,,nasdaq,
2026-03-12,ENOFUTBLMSEP-26,56.00,,,,,,,0,euronext,2026-09-22T20:41:38Z
2026-03-12,ENOFUTBLQ1-27,73.00,72.75,73.25,73.25,72.30,620,,,nasdaq,
2026-03-12,ENOFUTBLQ1-28,66.25,65.65,66.80,,,47,,,nasdaq,
2026-03-12,ENOFUTBLQ2-26,55.10,54.77,55.25,55.50,54.00,5536,,,nasdaq,
2026-03-12,ENOFUTBLQ2-27,33.50,32.50,34.00,34.00,34.00,117,,,nasdaq,
2026-03-12,ENOFUTBLQ2-28,30.25,29.00,30.80,,,18,,,nasdaq,
2026-03-12,ENOFUTBLQ3-26,48.10,47.90,48.15,48.35,47.75,4248,,,nasdaq,
2026-03-12,ENOFUTBLQ3-27,24.20,24.00,25.00,,,133,,,nasdaq,
2026-03-12,ENOFUTBLQ3-28,22.25,21.65,22.40,,,16,,,nasdaq,
2026-03-12,ENOFUTBLQ4-26,62.55,62.50,63.50,62.65,62.50,4175,,,nasdaq,
2026-03-12,ENOFUTBLQ4-27,48.80,47.50,49.50,,,219,,,nasdaq,
2026-03-12,ENOFUTBLQ4-28,47.40,47.10,48.90,,,23,,,nasdaq,
2026-03-12,ENOFUTBLYR-27,44.75,44.70,44.85,44.90,44.60,3529,,,nasdaq,
2026-03-12,ENOFUTBLYR-28,41.50,41.35,41.75,41.60,41.50,1545,,,nasdaq,
2026-03-12,ENOFUTBLYR-29,41.50,41.25,42.00,,,419,,,nasdaq,
2026-03-12,ENOFUTBLYR-30,43.15,42.55,44.00,,,220,,,nasdaq,
2026-03-12,ENOFUTBLYR-31,43.65,43.15,45.10,,,120,,,nasdaq,
2026-03-12,ENOFUTBLYR-32,43.70,,,,,1,,,nasdaq,
2026-03-12,ENOFUTBLYR-33,43.70,,,,,1,,,nasdaq,
2026-03-12,ENOFUTBLYR-34,43.70,,,,,1,,,nasdaq,
2026-03-12,ENOFUTBLYR-35,43.95,,,,,,,,nasdaq,
2026-03-12,ENOFUTBLYR-36,44.00,,,,,,,,nasdaq,
2026-03-13,ENOFUTBLMSEP-26,56.50,,,,,,,0,euronext,2026-09-22T20:41:38Z
2026-03-13,ENOFUTBLQ1-27,73.15,73.05,73.25,73.15,73.15,621,,,nasdaq,
2026-03-13,ENOFUTBLQ1-28,66.50,65.45,,,,47,,,nasdaq,
2026-03-13,ENOFUTBLQ2-26,56.25,56.25,56.50,56.50,55.85,5552,,,nasdaq,
2026-03-13,ENOFUTBLQ2-27,33.75,,33.90,,,113,,,nasdaq,
2026-03-13,ENOFUTBLQ2-28,30.50,29.00,31.00,,,18,,,nasdaq,
2026-03-13,ENOFUTBLQ3-26,48.70,48.50,48.95,48.95,48.50,4290,,,nasdaq,
2026-03-13,ENOFUTBLQ3-27,24.25,24.00,24.50,,,133,,,nasdaq,
2026-03-13,ENOFUTBLQ3-28,22.50,21.50,,,,20,,,nasdaq,
2026-03-13,ENOFUTBLQ4-26,63.10,63.10,63.25,63.25,62.95,4211,,,nasdaq,
2026-03-13,ENOFUTBLQ4-27,48.95,48.10,49.10,,,219,,,nasdaq,
2026-03-13,ENOFUTBLQ4-28,47.65,47.05,,,,23,,,nasdaq,
2026-03-13,ENOFUTBLYR-27,44.90,44.45,45.00,45.00,44.80,3553,,,nasdaq,
2026-03-13,ENOFUTBLYR-28,41.75,41.70,41.90,41.80,41.65,1561,,,nasdaq,
2026-03-13,ENOFUTBLYR-29,41.60,41.40,42.45,,,421,,,nasdaq,
2026-03-13,ENOFUTBLYR-30,43.20,42.75,44.00,,,220,,,nasdaq,
2026-03-13,ENOFUTBLYR-31,43.65,43.05,,,,120,,,nasdaq,
2026-03-13,ENOFUTBLYR-32,43.70,,,,,1,,,nasdaq,
2026-03-13,ENOFUTBLYR-33,43.70,,,,,1,,,nasdaq,
2026-03-13,ENOFUTBLYR-34,43.70,,,,,1,,,nasdaq,
2026-03-13,ENOFUTBLYR-35,43.95,,,,,,,,nasdaq,
2026-03-13,ENOFUTBLYR-36,44.00,,,,,,,,nasdaq,
2026-03-16,ENOFUTBLMSEP-26,56.81,,,,,,,0,euronext,2026-09-22T20:41:38Z
2026-03-16,ENOFUTBLQ1-27,73.95,,,,,,,,nasdaq,
2026-03-16,ENOFUTBLQ1-28,66.50,,,,,,,,nasdaq,
2026-03-16,ENOFUTBLQ2-26,57.60,,,,,,,,nasdaq,
2026-03-16,ENOFUTBLQ2-27,34.28,,,,,,,,nasdaq,
2026-03-16,ENOFUTBLQ2-28,30.50,,,,,,,,nasdaq,
2026-03-16,ENOFUTBLQ3-26,49.92,,,,,,,,nasdaq,
2026-03-16,ENOFUTBLQ3-27,25.17,,,,,,,,nasdaq,
2026-03-16,ENOFUTBLQ3-28,22.50,,,,,,,,nasdaq,
2026-03-16,ENOFUTBLQ4-26,63.79,,,,,,,,nasdaq,
2026-03-16,ENOFUTBLQ4-27,48.95,,,,,,,,nasdaq,
2026-03-16,ENOFUTBLQ4-28,47.65,,,,,,,,nasdaq,
2026-03-16,ENOFUTBLYR-27,45.45,,,,,,,,nasdaq,
2026-03-16,ENOFUTBLYR-28,42.05,,,,,,,,nasdaq,
2026-03-16,ENOFUTBLYR-29,41.60,,,,,,,,nasdaq,
2026-03-16,ENOFUTBLYR-30,43.20,,,,,,,,nasdaq,
2026-03-16,ENOFUTBLYR-31,43.65,,,,,,,,nasdaq,
2026-03-16,ENOFUTBLYR-32,43.75,,,,,,,,nasdaq,
2026-03-16,ENOFUTBLYR-33,43.75,,,,,,,,nasdaq,
2026-03-16,ENOFUTBLYR-34,43.75,,,,,,,,nasdaq,
2026-03-16,ENOFUTBLYR-35,44.00,,,,,,,,nasdaq,
2026-03-16,ENOFUTBLYR-36,44.05,,,,,,,,nasdaq,
2026-03-17,ENOFUTBLMSEP-26,57.11,,,,,,,0,euronext,2026-09-22T20:41:38Z
2026-03-17,ENOFUTBLQ1-27,73.54,,,,,,,,nasdaq,
2026-03-17,ENOFUTBLQ1-28,66.33,,,,,,,,nasdaq,
2026-03-17,ENOFUTBLQ2-26,56.15,,,,,,,,nasdaq,
2026-03-17,ENOFUTBLQ2-27,33.47,,,,,,,,nasdaq,
2026-03-17,ENOFUTBLQ2-28,30.38,,,,,,,,nasdaq,
2026-03-17,ENOFUTBLQ3-26,49.18,,,,,,,,nasdaq,
2026-03-17,ENOFUTBLQ3-27,24.48,,,,,,,,nasdaq,
2026-03-17,ENOFUTBLQ3-28,23.00,,,,,,,,nasdaq,
2026-03-17,ENOFUTBLQ4-26,63.60,,,,,,,,nasdaq,
2026-03-17,ENOFUTBLQ4-27,48.25,,,,,,,,nasdaq,
2026-03-17,ENOFUTBLQ4-28,48.10,,,,,,,,nasdaq,
2026-03-17,ENOFUTBLYR-27,44.80,,,,,,,,nasdaq,
2026-03-17,ENOFUTBLYR-28,41.70,,,,,,,,nasdaq,
2026-03-17,ENOFUTBLYR-29,41.40,,,,,,,,nasdaq,
2026-03-17,ENOFUTBLYR-30,43.21,,,,,,,,nasdaq,
2026-03-17,ENOFUTBLYR-31,43.93,,,,,,,,nasdaq,
2026-03-17,ENOFUTBLYR-32,43.70,,,,,,,,nasdaq,
2026-03-17,ENOFUTBLYR-33,43.70,,,,,,,,nasdaq,
2026-03-17,ENOFUTBLYR-34,43.70,,,,,,,,nasdaq,
2026-03-17,ENOFUTBLYR-35,43.95,,,,,,,,nasdaq,
2026-03-17,ENOFUTBLYR-36,44.00,,,,,,,,nasdaq,
2026-03-18,ENOFUTBLMSEP-26,58.00,,,57.40,57.40,,57.40,3,euronext,2026-09-22T20:41:38Z
2026-03-18,ENOFUTBLQ1-27,74.56,,,,,,,,nasdaq,
2026-03-18,ENOFUTBLQ1-28,66.90,,,,,,,,nasdaq,
2026-03-18,ENOFUTBLQ2-26,56.93,,,,,,,,nasdaq,
2026-03-18,ENOFUTBLQ2-27,33.93,,,,,,,,nasdaq,
2026-03-18,ENOFUTBLQ2-28,30.50,,,,,,,,nasdaq,
2026-03-18,ENOFUTBLQ3-26,50.15,,,,,,,,nasdaq,
2026-03-18,ENOFUTBLQ3-27,25.00,,,,,,,,nasdaq,
2026-03-18,ENOFUTBLQ3-28,23.25,,,,,,,,nasdaq,
2026-03-18,ENOFUTBLQ4-26,65.20,,,,,,,,nasdaq,
2026-03-18,ENOFUTBLQ4-27,49.18,,,,,,,,nasdaq,
2026-03-18,ENOFUTBLQ4-28,48.00,,,,,,,,nasdaq,
2026-03-18,ENOFUTBLYR-27,45.46,,,,,,,,nasdaq,
2026-03-18,ENOFUTBLYR-28,41.80,,,,,,,,nasdaq,
2026-03-18,ENOFUTBLYR-29,41.50,,,,,,,,nasdaq,
2026-03-18,ENOFUTBLYR-30,43.20,,,,,,,,nasdaq,
2026-03-18,ENOFUTBLYR-31,44.01,,,,,,,,nasdaq,
2026-03-18,ENOFUTBLYR-32,43.70,,,,,,,,nasdaq,
2026-03-18,ENOFUTBLYR-33,43.70,,,,,,,,nasdaq,
2026-03-18,ENOFUTBLYR-34,43.70,,,,,,,,nasdaq,
2026-03-18,ENOFUTBLYR-35,43.95,,,,,,,,nasdaq,
2026-03-18,ENOFUTBLYR-36,44.00,,,,,,,,nasdaq,
2026-03-19,ENOFUTBLMSEP-26,60.99,,,,,,,0,euronext,2026-09-22T20:41:38Z
2026-03-19,ENOFUTBLQ1-27,77.75,,,,,,,,nasdaq,
2026-03-19,ENOFUTBLQ1-28,67.00,,,,,,,,nasdaq,
2026-03-19,ENOFUTBLQ2-26,58.50,,,,,,,,nasdaq,
2026-03-19,ENOFUTBLQ2-27,34.80,,,,,,,,nasdaq,
2026-03-19,ENOFUTBLQ2-28,31.02,,,,,,,,nasdaq,
2026-03-19,ENOFUTBLQ3-26,53.00,,,,,,,,nasdaq,
2026-03-19,ENOFUTBLQ3-27,25.75,,,,,,,,nasdaq,
2026-03-19,ENOFUTBLQ3-28,23.00,,,,,,,,nasdaq,
2026-03-19,ENOFUTBLQ4-26,69.51,,,,,,,,nasdaq,
2026-03-19,ENOFUTBLQ4-27,49.70,,,,,,,,nasdaq,
2026-03-19,ENOFUTBLQ4-28,48.00,,,,,,,,nasdaq,
2026-03-19,ENOFUTBLYR-27,46.75,,,,,,,,nasdaq,
2026-03-19,ENOFUTBLYR-28,42.50,,,,,,,,nasdaq,
2026-03-19,ENOFUTBLYR-29,42.00,,,,,,,,nasdaq,
2026-03-19,ENOFUTBLYR-30,43.50,,,,,,,,nasdaq,
2026-03-19,ENOFUTBLYR-31,44.15,,,,,,,,nasdaq,
2026-03-19,ENOFUTBLYR-32,43.70,,,,,,,,nasdaq,
2026-03-19,ENOFUTBLYR-33,43.70,,,,,,,,nasdaq,
2026-03-19,ENOFUTBLYR-34,43.70,,,,,,,,nasdaq,
2026-03-19,ENOFUTBLYR-35,43.95,,,,,,,,nasdaq,
2026-03-19,ENOFUTBLYR-36,44.00,,,,,,,,nasdaq,
2026-03-20,ENOFUTBLMSEP-26,61.00,,,61.00,60.75,,60.75,11,euronext,2026-09-22T20:41:38Z
2026-03-20,ENOFUTBLQ1-27,78.00,,,,,,,,nasdaq,
2026-03-20,ENOFUTBLQ1-28,67.52,,,,,,,,nasdaq,
2026-03-20,ENOFUTBLQ2-26,57.70,,,,,,,,nasdaq,
2026-03-20,ENOFUTBLQ2-27,34.00,,,,,,,,nasdaq,
2026-03-20,ENOFUTBLQ2-28,30.91,,,,,,,,nasdaq,
2026-03-20,ENOFUTBLQ3-26,52.50,,,,,,,,nasdaq,
2026-03-20,ENOFUTBLQ3-27,26.00,,,,,,,,nasdaq,
2026-03-20,ENOFUTBLQ3-28,23.75,,,,,,,,nasdaq,
2026-03-20,ENOFUTBLQ4-26,69.80,,,,,,,,nasdaq,
2026-03-20,ENOFUTBLQ4-27,50.00,,,,,,,,nasdaq,
2026-03-20,ENOFUTBLQ4-28,48.00,,,,,,,,nasdaq,
2026-03-20,ENOFUTBLYR-27,47.08,,,,,,,,nasdaq,
2026-03-20,ENOFUTBLYR-28,42.63,,,,,,,,nasdaq,
2026-03-20,ENOFUTBLYR-29,42.00,,,,,,,,nasdaq,
2026-03-20,ENOFUTBLYR-30,43.26,,,,,,,,nasdaq,
2026-03-20,ENOFUTBLYR-31,44.17,,,,,,,,nasdaq,
2026-03-20,ENOFUTBLYR-32,43.70,,,,,,,,nasdaq,
2026-03-20,ENOFUTBLYR-33,43.70,,,,,,,,nasdaq,
2026-03-20,ENOFUTBLYR-34,43.70,,,,,,,,nasdaq,
2026-03-20,ENOFUTBLYR-35,43.95,,,,,,,,nasdaq,
2026-03-20,ENOFUTBLYR-36,44.00,,,,,,,,nasdaq,
2026-03-23,ENOFUTBLMSEP-26,58.69,,,61.00,59.00,,61.00,17,euronext,2026-09-22T20:41:38Z
2026-03-23,ENOFUTBLQ1-27,76.18,,,,,,,,nasdaq,
2026-03-23,ENOFUTBLQ1-28,67.00,,,,,,,,nasdaq,
2026-03-23,ENOFUTBLQ2-26,52.72,,,,,,,,nasdaq,
2026-03-23,ENOFUTBLQ2-27,33.03,,,,,,,,nasdaq,
2026-03-23,ENOFUTBLQ2-28,30.50,,,,,,,,nasdaq,
2026-03-23,ENOFUTBLQ3-26,48.99,,,,,,,,nasdaq,
2026-03-23,ENOFUTBLQ3-27,25.55,,,,,,,,nasdaq,
2026-03-23,ENOFUTBLQ3-28,23.53,,,,,,,,nasdaq,
2026-03-23,ENOFUTBLQ4-26,67.65,,,,,,,,nasdaq,
2026-03-23,ENOFUTBLQ4-27,50.35,,,,,,,,nasdaq,
2026-03-23,ENOFUTBLQ4-28,47.80,,,,,,,,nasdaq,
2026-03-23,ENOFUTBLYR-27,46.30,,,,,,,,nasdaq,
2026-03-23,ENOFUTBLYR-28,42.40,,,,,,,,nasdaq,
2026-03-23,ENOFUTBLYR-29,41.80,,,,,,,,nasdaq,
2026-03-23,ENOFUTBLYR-30,43.26,,,,,,,,nasdaq,
2026-03-23,ENOFUTBLYR-31,44.17,,,,,,,,nasdaq,
2026-03-23,ENOFUTBLYR-32,43.70,,,,,,,,nasdaq,
2026-03-23,ENOFUTBLYR-33,43.70,,,,,,,,nasdaq,
2026-03-23,ENOFUTBLYR-34,43.70,,,,,,,,nasdaq,
2026-03-23,ENOFUTBLYR-35,43.95,,,,,,,,nasdaq,
2026-03-23,ENOFUTBLYR-36,44.00,,,,,,,,nasdaq,
2026-03-24,ENOFUTBLMSEP-26,58.50,,,58.50,58.50,,58.50,2,euronext,2026-09-22T20:41:38Z
2026-03-24,ENOFUTBLQ1-27,76.75,,,,,,,,nasdaq,
2026-03-24,ENOFUTBLQ1-28,67.00,,,,,,,,nasdaq,
2026-03-24,ENOFUTBLQ2-26,52.60,,,,,,,,nasdaq,
2026-03-24,ENOFUTBLQ2-27,34.00,,,,,,,,nasdaq,
2026-03-24,ENOFUTBLQ2-28,30.50,,,,,,,,nasdaq,
2026-03-24,ENOFUTBLQ3-26,48.86,,,,,,,,nasdaq,
2026-03-24,ENOFUTBLQ3-27,26.40,,,,,,,,nasdaq,
2026-03-24,ENOFUTBLQ3-28,24.26,,,,,,,,nasdaq,
2026-03-24,ENOFUTBLQ4-26,67.80,,,,,,,,nasdaq,
2026-03-24,ENOFUTBLQ4-27,50.75,,,,,,,,nasdaq,
2026-03-24,ENOFUTBLQ4-28,47.80,,,,,,,,nasdaq,
2026-03-24,ENOFUTBLYR-27,46.60,,,,,,,,nasdaq,
2026-03-24,ENOFUTBLYR-28,42.40,,,,,,,,nasdaq,
2026-03-24,ENOFUTBLYR-29,41.80,,,,,,,,nasdaq,
2026-03-24,ENOFUTBLYR-30,43.73,,,,,,,,nasdaq,
2026-03-24,ENOFUTBLYR-31,44.69,,,,,,,,nasdaq,
2026-03-24,ENOFUTBLYR-32,43.70,,,,,,,,nasdaq,
2026-03-24,ENOFUTBLYR-33,43.70,,,,,,,,nasdaq,
2026-03-24,ENOFUTBLYR-34,43.70,,,,,,,,nasdaq,
2026-03-24,ENOFUTBLYR-35,43.95,,,,,,,,nasdaq,
2026-03-24,ENOFUTBLYR-36,44.00,,,,,,,,nasdaq,
2026-03-25,ENOFUTBLMSEP-26,57.25,,,57.25,57.00,,57.00,5,euronext,2026-09-22T20:41:38Z
2026-03-25,ENOFUTBLQ1-27,76.30,,,,,,,,nasdaq,
2026-03-25,ENOFUTBLQ1-28,66.43,,,,,,,,nasdaq,
2026-03-25,ENOFUTBLQ2-26,51.30,,,,,,,,nasdaq,
2026-03-25,ENOFUTBLQ2-27,33.75,,,,,,,,nasdaq,
2026-03-25,ENOFUTBLQ2-28,30.41,,,,,,,,nasdaq,
2026-03-25,ENOFUTBLQ3-26,47.56,,,,,,,,nasdaq,
2026-03-25,ENOFUTBLQ3-27,26.30,,,,,,,,nasdaq,
2026-03-25,ENOFUTBLQ3-28,24.54,,,,,,,,nasdaq,
2026-03-25,ENOFUTBLQ4-26,67.00,,,,,,,,nasdaq,
2026-03-25,ENOFUTBLQ4-27,50.00,,,,,,,,nasdaq,
2026-03-25,ENOFUTBLQ4-28,47.60,,,,,,,,nasdaq,
2026-03-25,ENOFUTBLYR-27,46.23,,,,,,,,nasdaq,
2026-03-25,ENOFUTBLYR-28,42.33,,,,,,,,nasdaq,
2026-03-25,ENOFUTBLYR-29,41.90,,,,,,,,nasdaq,
2026-03-25,ENOFUTBLYR-30,43.90,,,,,,,,nasdaq,
2026-03-25,ENOFUTBLYR-31,44.31,,,,,,,,nasdaq,
2026-03-25,ENOFUTBLYR-32,43.70,,,,,,,,nasdaq,
2026-03-25,ENOFUTBLYR-33,43.70,,,,,,,,nasdaq,
2026-03-25,ENOFUTBLYR-34,43.70,,,,,,,,nasdaq,
2026-03-25,ENOFUTBLYR-35,43.95,,,,,,,,nasdaq,
2026-03-25,ENOFUTBLYR-36,44.00,,,,,,,,nasdaq,
2026-03-26,ENOFUTBLMSEP-26,58.03,,,,,,,0,euronext,2026-09-22T20:41:38Z
2026-03-26,ENOFUTBLQ1-27,77.35,,,,,,,,nasdaq,
2026-03-26,ENOFUTBLQ1-28,66.93,,,,,,,,nasdaq,
2026-03-26,ENOFUTBLQ2-26,51.65,,,,,,,,nasdaq,
2026-03-26,ENOFUTBLQ2-27,34.40,,,,,,,,nasdaq,
2026-03-26,ENOFUTBLQ2-28,30.49,,,,,,,,nasdaq,
2026-03-26,ENOFUTBLQ3-26,48.35,,,,,,,,nasdaq,
2026-03-26,ENOFUTBLQ3-27,26.45,,,,,,,,nasdaq,
2026-03-26,ENOFUTBLQ3-28,24.54,,,,,,,,nasdaq,
2026-03-26,ENOFUTBLQ4-26,67.90,,,,,,,,nasdaq,
2026-03-26,ENOFUTBLQ4-27,50.45,,,,,,,,nasdaq,
2026-03-26,ENOFUTBLQ4-28,48.00,,,,,,,,nasdaq,
2026-03-26,ENOFUTBLYR-27,47.00,,,,,,,,nasdaq,
2026-03-26,ENOFUTBLYR-28,42.60,,,,,,,,nasdaq,
2026-03-26,ENOFUTBLYR-29,42.15,,,,,,,,nasdaq,
2026-03-26,ENOFUTBLYR-30,44.00,,,,,,,,nasdaq,
2026-03-26,ENOFUTBLYR-31,44.31,,,,,,,,nasdaq,
2026-03-26,ENOFUTBLYR-32,43.70,,,,,,,,nasdaq,
2026-03-26,ENOFUTBLYR-33,43.70,,,,,,,,nasdaq,
2026-03-26,ENOFUTBLYR-34,43.70,,,,,,,,nasdaq,
2026-03-26,ENOFUTBLYR-35,43.95,,,,,,,,nasdaq,
2026-03-26,ENOFUTBLYR-36,44.00,,,,,,,,nasdaq,
2026-03-27,ENOFUTBLMSEP-26,59.03,,,,,,,0,euronext,2026-09-22T20:41:38Z
2026-03-27,ENOFUTBLQ1-27,77.77,,,,,,,,nasdaq,
2026-03-27,ENOFUTBLQ1-28,66.90,,,,,,,,nasdaq,
2026-03-27,ENOFUTBLQ2-26,52.46,,,,,,,,nasdaq,
2026-03-27,ENOFUTBLQ2-27,34.95,,,,,,,,nasdaq,
2026-03-27,ENOFUTBLQ2-28,30.64,,,,,,,,nasdaq,
2026-03-27,ENOFUTBLQ3-26,49.25,,,,,,,,nasdaq,
2026-03-27,ENOFUTBLQ3-27,26.84,,,,,,,,nasdaq,
2026-03-27,ENOFUTBLQ3-28,24.27,,,,,,,,nasdaq,
2026-03-27,ENOFUTBLQ4-26,69.03,,,,,,,,nasdaq,
2026-03-27,ENOFUTBLQ4-27,49.64,,,,,,,,nasdaq,
2026-03-27,ENOFUTBLQ4-28,48.88,,,,,,,,nasdaq,
2026-03-27,ENOFUTBLYR-27,47.75,,,,,,,,nasdaq,
2026-03-27,ENOFUTBLYR-28,42.85,,,,,,,,nasdaq,
2026-03-27,ENOFUTBLYR-29,42.38,,,,,,,,nasdaq,
2026-03-27,ENOFUTBLYR-30,44.36,,,,,,,,nasdaq,
2026-03-27,ENOFUTBLYR-31,44.72,,,,,,,,nasdaq,
2026-03-27,ENOFUTBLYR-32,43.70,,,,,,,,nasdaq,
2026-03-27,ENOFUTBLYR-33,43.70,,,,,,,,nasdaq,
2026-03-27,ENOFUTBLYR-34,43.70,,,,,,,,nasdaq,
2026-03-27,ENOFUTBLYR-35,43.95,,,,,,,,nasdaq,
2026-03-27,ENOFUTBLYR-36,44.00,,,,,,,,nasdaq,
2026-03-30,ENOFUTBLMSEP-26,56.00,,,,,,,0,euronext,2026-09-22T20:41:38Z
2026-03-30,ENOFUTBLQ1-27,77.25,,,,,,,,nasdaq,
2026-03-30,ENOFUTBLQ1-28,66.50,,,,,,,,nasdaq,
2026-03-30,ENOFUTBLQ2-26,47.99,,,,,,,,nasdaq,
2026-03-30,ENOFUTBLQ2-27,34.78,,,,,,,,nasdaq,
2026-03-30,ENOFUTBLQ2-28,30.64,,,,,,,,nasdaq,
2026-03-30,ENOFUTBLQ3-26,45.75,,,,,,,,nasdaq,
2026-03-30,ENOFUTBLQ3-27,26.73,,,,,,,,nasdaq,
2026-03-30,ENOFUTBLQ3-28,24.26,,,,,,,,nasdaq,
2026-03-30,ENOFUTBLQ4-26,67.25,,,,,,,,nasdaq,
2026-03-30,ENOFUTBLQ4-27,50.18,,,,,,,,nasdaq,
2026-03-30,ENOFUTBLQ4-28,48.88,,,,,,,,nasdaq,
2026-03-30,ENOFUTBLYR-27,47.25,,,,,,,,nasdaq,
2026-03-30,ENOFUTBLYR-28,42.35,,,,,,,,nasdaq,
2026-03-30,ENOFUTBLYR-29,42.20,,,,,,,,nasdaq,
2026-03-30,ENOFUTBLYR-30,44.50,,,,,,,,nasdaq,
2026-03-30,ENOFUTBLYR-31,44.93,,,,,,,,nasdaq,
2026-03-30,ENOFUTBLYR-32,43.70,,,,,,,,nasdaq,
2026-03-30,ENOFUTBLYR-33,43.70,,,,,,,,nasdaq,
2026-03-30,ENOFUTBLYR-34,43.70,,,,,,,,nasdaq,
2026-03-30,ENOFUTBLYR-35,43.95,,,,,,,,nasdaq,
2026-03-30,ENOFUTBLYR-36,44.00,,,,,,,,nasdaq,
2026-03-31,ENOFUTBLMSEP-26,56.25,,,,,,,0,euronext,2026-09-22T20:41:38Z
2026-03-31,ENOFUTBLQ1-27,77.00,,,,,,,,nasdaq,
2026-03-31,ENOFUTBLQ1-28,66.60,,,,,,,,nasdaq,
2026-03-31,ENOFUTBLQ2-26,49.00,,,,,,,,nasdaq,
2026-03-31,ENOFUTBLQ2-27,35.37,,,,,,,,nasdaq,
2026-03-31,ENOFUTBLQ2-28,30.60,,,,,,,,nasdaq,
2026-03-31,ENOFUTBLQ3-26,46.16,,,,,,,,nasdaq,
2026-03-31,ENOFUTBLQ3-27,26.71,,,,,,,,nasdaq,
2026-03-31,ENOFUTBLQ3-28,24.35,,,,,,,,nasdaq,
2026-03-31,ENOFUTBLQ4-26,66.50,,,,,,,,nasdaq,
2026-03-31,ENOFUTBLQ4-27,50.63,,,,,,,,nasdaq,
2026-03-31,ENOFUTBLQ4-28,49.00,,,,,,,,nasdaq,
2026-03-31,ENOFUTBLYR-27,47.15,,,,,,,,nasdaq,
2026-03-31,ENOFUTBLYR-28,42.50,,,,,,,,nasdaq,
2026-03-31,ENOFUTBLYR-29,42.20,,,,,,,,nasdaq,
2026-03-31,ENOFUTBLYR-30,44.55,,,,,,,,nasdaq,
2026-03-31,ENOFUTBLYR-31,45.01,,,,,,,,nasdaq,
2026-03-31,ENOFUTBLYR-32,43.70,,,,,,,,nasdaq,
2026-03-31,ENOFUTBLYR-33,43.70,,,,,,,,nasdaq,
2026-03-31,ENOFUTBLYR-34,43.70,,,,,,,,nasdaq,
2026-03-31,ENOFUTBLYR-35,43.95,,,,,,,,nasdaq,
2026-03-31,ENOFUTBLYR-36,44.00,,,,,,,,nasdaq,
2026-04-01,ENOFUTBLMOCT-26,54.50,,,,,,,0,euronext,2026-09-22T20:41:38Z
2026-04-01,ENOFUTBLMSEP-26,55.35,,,,,,,0,euronext,2026-09-22T20:41:38Z
2026-04-01,ENOFUTBLQ1-27,76.30,,,,,,,,nasdaq,
2026-04-01,ENOFUTBLQ1-28,67.03,,,,,,,,nasdaq,
2026-04-01,ENOFUTBLQ2-27,34.40,,,,,,,,nasdaq,
2026-04-01,ENOFUTBLQ2-28,30.64,,,,,,,,nasdaq,
2026-04-01,ENOFUTBLQ3-26,45.52,,,,,,,,nasdaq,
2026-04-01,ENOFUTBLQ3-27,26.37,,,,,,,,nasdaq,
2026-04-01,ENOFUTBLQ3-28,24.01,,,,,,,,nasdaq,
2026-04-01,ENOFUTBLQ4-26,65.55,,,,,,,,nasdaq,
2026-04-01,ENOFUTBLQ4-27,50.30,,,,,,,,nasdaq,
2026-04-01,ENOFUTBLQ4-28,48.60,,,,,,,,nasdaq,
2026-04-01,ENOFUTBLYR-27,46.60,,,,,,,,nasdaq,
2026-04-01,ENOFUTBLYR-28,42.40,,,,,,,,nasdaq,
2026-04-01,ENOFUTBLYR-29,42.40,,,,,,,,nasdaq,
2026-04-01,ENOFUTBLYR-30,44.63,,,,,,,,nasdaq,
2026-04-01,ENOFUTBLYR-31,45.03,,,,,,,,nasdaq,
2026-04-01,ENOFUTBLYR-32,43.70,,,,,,,,nasdaq,
2026-04-01,ENOFUTBLYR-33,43.70,,,,,,,,nasdaq,
2026-04-01,ENOFUTBLYR-34,43.70,,,,,,,,nasdaq,
2026-04-01,ENOFUTBLYR-35,43.95,,,,,,,,nasdaq,
2026-04-01,ENOFUTBLYR-36,44.00,,,,,,,,nasdaq,
2026-04-02,ENOFUTBLMOCT-26,54.50,,,,,,,0,euronext,2026-09-22T20:41:38Z
2026-04-02,ENOFUTBLMSEP-26,55.35,,,,,,,0,euronext,2026-09-22T20:41:38Z
2026-04-02,ENOFUTBLQ1-27,76.30,,,,,,,0,euronext,2026-09-22T20:41:38Z
2026-04-02,ENOFUTBLQ1-28,67.03,,,,,,,0,euronext,2026-09-22T20:41:38Z
2026-04-02,ENOFUTBLQ2-27,34.40,,,,,,,0,euronext,2026-09-22T20:41:38Z
2026-04-02,ENOFUTBLQ2-28,30.64,,,,,,,0,euronext,2026-09-22T20:41:38Z
2026-04-02,ENOFUTBLQ3-27,26.37,,,,,,,0,euronext,2026-09-22T20:41:38Z
2026-04-02,ENOFUTBLQ3-28,24.01,,,,,,,0,euronext,2026-09-22T20:41:38Z
2026-04-02,ENOFUTBLQ4-26,65.55,,,,,,,0,euronext,2026-09-22T20:41:38Z
2026-04-02,ENOFUTBLQ4-27,50.30,,,,,,,0,euronext,2026-09-22T20:41:38Z
2026-04-02,ENOFUTBLQ4-28,48.60,,,,,,,0,euronext,2026-09-22T20:41:38Z
2026-04-02,ENOFUTBLYR-27,46.60,,,,,,,0,euronext,2026-09-22T20:41:38Z
2026-04-02,ENOFUTBLYR-28,42.40,,,,,,,0,euronext,2026-09-22T20:41:38Z
2026-04-02,ENOFUTBLYR-29,42.40,,,,,,,0,euronext,2026-09-22T20:41:38Z
2026-04-02,ENOFUTBLYR-30,44.63,,,,,,,0,euronext,2026-09-22T20:41:38Z
2026-04-02,ENOFUTBLYR-31,45.03,,,,,,,0,euronext,2026-09-22T20:41:38Z
2026-04-02,ENOFUTBLYR-32,43.70,,,,,,,0,euronext,2026-09-22T20:41:38Z
2026-04-02,ENOFUTBLYR-33,43.70,,,,,,,0,euronext,2026-09-22T20:41:38Z
2026-04-02,ENOFUTBLYR-34,43.70,,,,,,,0,euronext,2026-09-22T20:41:38Z
2026-04-02,ENOFUTBLYR-35,43.95,,,,,,,0,euronext,2026-09-22T20:41:38Z
2026-04-02,ENOFUTBLYR-36,44.00,,,,,,,0,euronext,2026-09-22T20:41:38Z
2026-04-07,ENOFUTBLMOCT-26,60.38,,,,,,,0,euronext,2026-09-22T20:41:38Z
2026-04-07,ENOFUTBLMSEP-26,60.66,,,,,,,0,euronext,2026-09-22T20:41:38Z
2026-04-07,ENOFUTBLQ1-27,80.35,,,,,,,,nasdaq,
2026-04-07,ENOFUTBLQ1-28,68.03,,,,,,,,nasdaq,
2026-04-07,ENOFUTBLQ2-27,36.63,,,,,,,,nasdaq,
2026-04-07,ENOFUTBLQ2-28,31.64,,,,,,,,nasdaq,
2026-04-07,ENOFUTBLQ3-26,51.60,,,,,,,,nasdaq,
2026-04-07,ENOFUTBLQ3-27,27.63,,,,,,,,nasdaq,
2026-04-07,ENOFUTBLQ3-28,25.00,,,,,,,,nasdaq,
2026-04-07,ENOFUTBLQ4-26,70.75,,,,,,,,nasdaq,
2026-04-07,ENOFUTBLQ4-27,51.50,,,,,,,,nasdaq,
2026-04-07,ENOFUTBLQ4-28,49.25,,,,,,,,nasdaq,
2026-04-07,ENOFUTBLYR-27,48.95,,,,,,,,nasdaq,
2026-04-07,ENOFUTBLYR-28,43.20,,,,,,,,nasdaq,
2026-04-07,ENOFUTBLYR-29,42.83,,,,,,,,nasdaq,
2026-04-07,ENOFUTBLYR-30,45.50,,,,,,,,nasdaq,
2026-04-07,ENOFUTBLYR-31,45.91,,,,,,,,nasdaq,
2026-04-07,ENOFUTBLYR-32,43.70,,,,,,,,nasdaq,
2026-04-07,ENOFUTBLYR-33,43.70,,,,,,,,nasdaq,
2026-04-07,ENOFUTBLYR-34,43.70,,,,,,,,nasdaq,
2026-04-07,ENOFUTBLYR-35,43.95,,,,,,,,nasdaq,
2026-04-07,ENOFUTBLYR-36,44.00,,,,,,,,nasdaq,
2026-04-08,ENOFUTBLMOCT-26,58.21,,,,,,,0,euronext,2026-09-22T20:41:38Z
2026-04-08,ENOFUTBLMSEP-26,57.75,,,,,,,0,euronext,2026-09-22T20:41:38Z
2026-04-08,ENOFUTBLQ1-27,77.63,,,,,,,,nasdaq,
2026-04-08,ENOFUTBLQ1-28,67.25,,,,,,,,nasdaq,
2026-04-08,ENOFUTBLQ2-27,34.98,,,,,,,,nasdaq,
2026-04-08,ENOFUTBLQ2-28,30.50,,,,,,,,nasdaq,
2026-04-08,ENOFUTBLQ3-26,48.30,,,,,,,,nasdaq,
2026-04-08,ENOFUTBLQ3-27,26.35,,,,,,,,nasdaq,
2026-04-08,ENOFUTBLQ3-28,24.43,,,,,,,,nasdaq,
2026-04-08,ENOFUTBLQ4-26,67.45,,,,,,,,nasdaq,
2026-04-08,ENOFUTBLQ4-27,50.63,,,,,,,,nasdaq,
2026-04-08,ENOFUTBLQ4-28,49.56,,,,,,,,nasdaq,
2026-04-08,ENOFUTBLYR-27,47.03,,,,,,,,nasdaq,
2026-04-08,ENOFUTBLYR-28,42.75,,,,,,,,nasdaq,
2026-04-08,ENOFUTBLYR-29,42.73,,,,,,,,nasdaq,
2026-04-08,ENOFUTBLYR-30,44.81,,,,,,,,nasdaq,
2026-04-08,ENOFUTBLYR-31,45.27,,,,,,,,nasdaq,
2026-04-08,ENOFUTBLYR-32,43.70,,,,,,,,nasdaq,
2026-04-08,ENOFUTBLYR-33,43.70,,,,,,,,nasdaq,
2026-04-08,ENOFUTBLYR-34,43.70,,,,,,,,nasdaq,
2026-04-08,ENOFUTBLYR-35,43.95,,,,,,,,nasdaq,
2026-04-08,ENOFUTBLYR-36,44.00,,,,,,,,nasdaq,
2026-04-09,ENOFUTBLMOCT-26,58.37,,,58.20,58.20,,58.20,1,euronext,2026-09-22T20:41:38Z
2026-04-09,ENOFUTBLMSEP-26,57.50,,,58.15,57.50,,58.10,6,euronext,2026-09-22T20:41:38Z
2026-04-09,ENOFUTBLQ1-27,77.00,,,,,,,,nasdaq,
2026-04-09,ENOFUTBLQ1-28,67.00,,,,,,,,nasdaq,
2026-04-09,ENOFUTBLQ2-27,35.00,,,,,,,,nasdaq,
2026-04-09,ENOFUTBLQ2-28,30.50,,,,,,,,nasdaq,
2026-04-09,ENOFUTBLQ3-26,47.72,,,,,,,,nasdaq,
2026-04-09,ENOFUTBLQ3-27,26.34,,,,,,,,nasdaq,
2026-04-09,ENOFUTBLQ3-28,24.79,,,,,,,,nasdaq,
2026-04-09,ENOFUTBLQ4-26,67.45,,,,,,,,nasdaq,
2026-04-09,ENOFUTBLQ4-27,50.28,,,,,,,,nasdaq,
2026-04-09,ENOFUTBLQ4-28,49.71,,,,,,,,nasdaq,
2026-04-09,ENOFUTBLYR-27,46.70,,,,,,,,nasdaq,
2026-04-09,ENOFUTBLYR-28,42.73,,,,,,,,nasdaq,
2026-04-09,ENOFUTBLYR-29,42.65,,,,,,,,nasdaq,
2026-04-09,ENOFUTBLYR-30,44.56,,,,,,,,nasdaq,
2026-04-09,ENOFUTBLYR-31,45.47,,,,,,,,nasdaq,
2026-04-09,ENOFUTBLYR-32,43.70,,,,,,,,nasdaq,
2026-04-09,ENOFUTBLYR-33,43.70,,,,,,,,nasdaq,
2026-04-09,ENOFUTBLYR-34,43.70,,,,,,,,nasdaq,
2026-04-09,ENOFUTBLYR-35,43.95,,,,,,,,nasdaq,
2026-04-09,ENOFUTBLYR-36,44.00,,,,,,,,nasdaq,
2026-04-10,ENOFUTBLMOCT-26,57.44,,,,,,,0,euronext,2026-09-22T20:41:38Z
2026-04-10,ENOFUTBLMSEP-26,57.00,,,,,,,0,euronext,2026-09-22T20:41:38Z
2026-04-10,ENOFUTBLQ1-27,76.29,,,,,,,,nasdaq,
2026-04-10,ENOFUTBLQ1-28,66.77,,,,,,,,nasdaq,
2026-04-10,ENOFUTBLQ2-27,34.83,,,,,,,,nasdaq,
2026-04-10,ENOFUTBLQ2-28,31.00,,,,,,,,nasdaq,
2026-04-10,ENOFUTBLQ3-26,47.24,,,,,,,,nasdaq,
2026-04-10,ENOFUTBLQ3-27,25.50,,,,,,,,nasdaq,
2026-04-10,ENOFUTBLQ3-28,23.98,,,,,,,,nasdaq,
2026-04-10,ENOFUTBLQ4-26,66.50,,,,,,,,nasdaq,
2026-04-10,ENOFUTBLQ4-27,49.68,,,,,,,,nasdaq,
2026-04-10,ENOFUTBLQ4-28,48.86,,,,,,,,nasdaq,
2026-04-10,ENOFUTBLYR-27,46.33,,,,,,,,nasdaq,
2026-04-10,ENOFUTBLYR-28,42.48,,,,,,,,nasdaq,
2026-04-10,ENOFUTBLYR-29,42.25,,,,,,,,nasdaq,
2026-04-10,ENOFUTBLYR-30,44.87,,,,,,,,nasdaq,
2026-04-10,ENOFUTBLYR-31,45.24,,,,,,,,nasdaq,
2026-04-10,ENOFUTBLYR-32,43.70,,,,,,,,nasdaq,
2026-04-10,ENOFUTBLYR-33,43.70,,,,,,,,nasdaq,
2026-04-10,ENOFUTBLYR-34,43.70,,,,,,,,nasdaq,
2026-04-10,ENOFUTBLYR-35,43.95,,,,,,,,nasdaq,
2026-04-10,ENOFUTBLYR-36,44.00,,,,,,,,nasdaq,
2026-04-13,ENOFUTBLMOCT-26,57.79,,,57.79,57.79,,57.79,3,euronext,2026-09-22T20:41:38Z
2026-04-13,ENOFUTBLMSEP-26,57.47,,,59.00,57.47,,59.00,26,euronext,2026-09-22T20:41:38Z
2026-04-13,ENOFUTBLQ1-27,76.10,,,,,,,,nasdaq,
2026-04-13,ENOFUTBLQ1-28,66.98,,,,,,,,nasdaq,
2026-04-13,ENOFUTBLQ2-27,34.98,,,,,,,,nasdaq,
2026-04-13,ENOFUTBLQ2-28,31.40,,,,,,,,nasdaq,
2026-04-13,ENOFUTBLQ3-26,47.61,,,,,,,,nasdaq,
2026-04-13,ENOFUTBLQ3-27,26.03,,,,,,,,nasdaq,
2026-04-13,ENOFUTBLQ3-28,23.89,,,,,,,,nasdaq,
2026-04-13,ENOFUTBLQ4-26,66.88,,,,,,,,nasdaq,
2026-04-13,ENOFUTBLQ4-27,49.63,,,,,,,,nasdaq,
2026-04-13,ENOFUTBLQ4-28,48.68,,,,,,,,nasdaq,
2026-04-13,ENOFUTBLYR-27,46.38,,,,,,,,nasdaq,
2026-04-13,ENOFUTBLYR-28,42.53,,,,,,,,nasdaq,
2026-04-13,ENOFUTBLYR-29,42.48,,,,,,,,nasdaq,
2026-04-13,ENOFUTBLYR-30,44.90,,,,,,,,nasdaq,
2026-04-13,ENOFUTBLYR-31,45.24,,,,,,,,nasdaq,
2026-04-13,ENOFUTBLYR-32,43.70,,,,,,,,nasdaq,
2026-04-13,ENOFUTBLYR-33,43.70,,,,,,,,nasdaq,
2026-04-13,ENOFUTBLYR-34,43.70,,,,,,,,nasdaq,
2026-04-13,ENOFUTBLYR-35,43.95,,,,,,,,nasdaq,
2026-04-13,ENOFUTBLYR-36,44.00,,,,,,,,nasdaq,
2026-04-14,ENOFUTBLMOCT-26,56.82,,,,,,,0,euronext,2026-09-22T20:41:38Z
2026-04-14,ENOFUTBLMSEP-26,56.32,,,56.20,56.20,,56.20,15,euronext,2026-09-22T20:41:38Z
2026-04-14,ENOFUTBLQ1-27,75.80,,,,,,,,nasdaq,
2026-04-14,ENOFUTBLQ1-28,66.61,,,,,,,,nasdaq,
2026-04-14,ENOFUTBLQ2-27,34.60,,,,,,,,nasdaq,
2026-04-14,ENOFUTBLQ2-28,31.53,,,,,,,,nasdaq,
2026-04-14,ENOFUTBLQ3-26,46.45,,,,,,,,nasdaq,
2026-04-14,ENOFUTBLQ3-27,25.95,,,,,,,,nasdaq,
2026-04-14,ENOFUTBLQ3-28,23.66,,,,,,,,nasdaq,
2026-04-14,ENOFUTBLQ4-26,66.13,,,,,,,,nasdaq,
2026-04-14,ENOFUTBLQ4-27,49.63,,,,,,,,nasdaq,
2026-04-14,ENOFUTBLQ4-28,48.50,,,,,,,,nasdaq,
2026-04-14,ENOFUTBLYR-27,46.15,,,,,,,,nasdaq,
2026-04-14,ENOFUTBLYR-28,42.35,,,,,,,,nasdaq,
2026-04-14,ENOFUTBLYR-29,42.30,,,,,,,,nasdaq,
2026-04-14,ENOFUTBLYR-30,44.56,,,,,,,,nasdaq,
2026-04-14,ENOFUTBLYR-31,45.35,,,,,,,,nasdaq,
2026-04-14,ENOFUTBLYR-32,46.00,,,,,,,,nasdaq,
2026-04-14,ENOFUTBLYR-33,46.00,,,,,,,,nasdaq,
2026-04-14,ENOFUTBLYR-34,46.00,,,,,,,,nasdaq,
2026-04-14,ENOFUTBLYR-35,46.00,,,,,,,,nasdaq,
2026-04-14,ENOFUTBLYR-36,46.00,,,,,,,,nasdaq,
2026-04-15,ENOFUTBLMOCT-26,56.50,,,,,,,0,euronext,2026-09-22T20:41:38Z
2026-04-15,ENOFUTBLMSEP-26,56.00,,,,,,,0,euronext,2026-09-22T20:41:38Z
2026-04-15,ENOFUTBLQ1-27,75.72,,,,,,,,nasdaq,
2026-04-15,ENOFUTBLQ1-28,66.35,,,,,,,,nasdaq,
2026-04-15,ENOFUTBLQ2-27,34.43,,,,,,,,nasdaq,
2026-04-15,ENOFUTBLQ2-28,31.00,,,,,,,,nasdaq,
2026-04-15,ENOFUTBLQ3-26,46.16,,,,,,,,nasdaq,
2026-04-15,ENOFUTBLQ3-27,26.00,,,,,,,,nasdaq,
2026-04-15,ENOFUTBLQ3-28,23.35,,,,,,,,nasdaq,
2026-04-15,ENOFUTBLQ4-26,65.80,,,,,,,,nasdaq,
2026-04-15,ENOFUTBLQ4-27,49.78,,,,,,,,nasdaq,
2026-04-15,ENOFUTBLQ4-28,48.50,,,,,,,,nasdaq,
2026-04-15,ENOFUTBLYR-27,46.03,,,,,,,,nasdaq,
2026-04-15,ENOFUTBLYR-28,42.28,,,,,,,,nasdaq,
2026-04-15,ENOFUTBLYR-29,42.25,,,,,,,,nasdaq,
2026-04-15,ENOFUTBLYR-30,44.31,,,,,,,,nasdaq,
2026-04-15,ENOFUTBLYR-31,45.25,,,,,,,,nasdaq,
2026-04-15,ENOFUTBLYR-32,46.00,,,,,,,,nasdaq,
2026-04-15,ENOFUTBLYR-33,46.00,,,,,,,,nasdaq,
2026-04-15,ENOFUTBLYR-34,46.00,,,,,,,,nasdaq,
2026-04-15,ENOFUTBLYR-35,46.00,,,,,,,,nasdaq,
2026-04-15,ENOFUTBLYR-36,46.00,,,,,,,,nasdaq,
2026-04-16,ENOFUTBLMOCT-26,56.54,,,,,,,0,euronext,2026-09-22T20:41:38Z
2026-04-16,ENOFUTBLMSEP-26,56.56,,,,,,,0,euronext,2026-09-22T20:41:38Z
2026-04-16,ENOFUTBLQ1-27,75.90,,,,,,,,nasdaq,
2026-04-16,ENOFUTBLQ1-28,66.33,,,,,,,,nasdaq,
2026-04-16,ENOFUTBLQ2-27,33.80,,,,,,,,nasdaq,
2026-04-16,ENOFUTBLQ2-28,31.00,,,,,,,,nasdaq,
2026-04-16,ENOFUTBLQ3-26,46.40,,,,,,,,nasdaq,
2026-04-16,ENOFUTBLQ3-27,26.00,,,,,,,,nasdaq,
2026-04-16,ENOFUTBLQ3-28,23.35,,,,,,,,nasdaq,
2026-04-16,ENOFUTBLQ4-26,66.00,,,,,,,,nasdaq,
2026-04-16,ENOFUTBLQ4-27,49.48,,,,,,,,nasdaq,
2026-04-16,ENOFUTBLQ4-28,48.50,,,,,,,,nasdaq,
2026-04-16,ENOFUTBLYR-27,46.00,,,,,,,,nasdaq,
2026-04-16,ENOFUTBLYR-28,42.33,,,,,,,,nasdaq,
2026-04-16,ENOFUTBLYR-29,42.30,,,,,,,,nasdaq,
2026-04-16,ENOFUTBLYR-30,44.31,,,,,,,,nasdaq,
2026-04-16,ENOFUTBLYR-31,45.27,,,,,,,,nasdaq,
2026-04-16,ENOFUTBLYR-32,46.00,,,,,,,,nasdaq,
2026-04-16,ENOFUTBLYR-33,46.00,,,,,,,,nasdaq,
2026-04-16,ENOFUTBLYR-34,46.00,,,,,,,,nasdaq,
2026-04-16,ENOFUTBLYR-35,46.00,,,,,,,,nasdaq,
2026-04-16,ENOFUTBLYR-36,46.00,,,,,,,,nasdaq,
2026-04-17,ENOFUTBLMOCT-26,56.05,,,,,,,0,euronext,2026-09-22T20:41:38Z
2026-04-17,ENOFUTBLMSEP-26,55.50,,,,,,,0,euronext,2026-09-22T20:41:38Z
2026-04-17,ENOFUTBLQ1-27,74.95,,,,,,,,nasdaq,
2026-04-17,ENOFUTBLQ1-28,66.25,,,,,,,,nasdaq,
2026-04-17,ENOFUTBLQ2-27,33.14,,,,,,,,nasdaq,
2026-04-17,ENOFUTBLQ2-28,30.88,,,,,,,,nasdaq,
2026-04-17,ENOFUTBLQ3-26,45.90,,,,,,,,nasdaq,
2026-04-17,ENOFUTBLQ3-27,25.25,,,,,,,,nasdaq,
2026-04-17,ENOFUTBLQ3-28,23.35,,,,,,,,nasdaq,
2026-04-17,ENOFUTBLQ4-26,64.95,,,,,,,,nasdaq,
2026-04-17,ENOFUTBLQ4-27,49.25,,,,,,,,nasdaq,
2026-04-17,ENOFUTBLQ4-28,48.50,,,,,,,,nasdaq,
2026-04-17,ENOFUTBLYR-27,45.60,,,,,,,,nasdaq,
2026-04-17,ENOFUTBLYR-28,42.23,,,,,,,,nasdaq,
2026-04-17,ENOFUTBLYR-29,42.12,,,,,,,,nasdaq,
2026-04-17,ENOFUTBLYR-30,44.20,,,,,,,,nasdaq,
2026-04-17,ENOFUTBLYR-31,45.28,,,,,,,,nasdaq,
2026-04-17,ENOFUTBLYR-32,46.00,,,,,,,,nasdaq,
2026-04-17,ENOFUTBLYR-33,46.00,,,,,,,,nasdaq,
2026-04-17,ENOFUTBLYR-34,46.00,,,,,,,,nasdaq,
2026-04-17,ENOFUTBLYR-35,46.00,,,,,,,,nasdaq,
2026-04-17,ENOFUTBLYR-36,46.00,,,,,,,,nasdaq,
2026-04-20,ENOFUTBLMOCT-26,56.50,,,,,,,0,euronext,2026-09-22T20:41:38Z
2026-04-20,ENOFUTBLMSEP-26,56.50,,,,,,,0,euronext,2026-09-22T20:41:38Z
2026-04-20,ENOFUTBLQ1-27,75.15,,,,,,,,nasdaq,
2026-04-20,ENOFUTBLQ1-28,66.10,,,,,,,,nasdaq,
2026-04-20,ENOFUTBLQ2-27,33.15,,,,,,,,nasdaq,
2026-04-20,ENOFUTBLQ2-28,31.00,,,,,,,,nasdaq,
2026-04-20,ENOFUTBLQ3-26,47.00,,,,,,,,nasdaq,
2026-04-20,ENOFUTBLQ3-27,25.25,,,,,,,,nasdaq,
2026-04-20,ENOFUTBLQ3-28,23.35,,,,,,,,nasdaq,
2026-04-20,ENOFUTBLQ4-26,65.13,,,,,,,,nasdaq,
2026-04-20,ENOFUTBLQ4-27,49.50,,,,,,,,nasdaq,
2026-04-20,ENOFUTBLQ4-28,48.50,,,,,,,,nasdaq,
2026-04-20,ENOFUTBLYR-27,45.38,,,,,,,,nasdaq,
2026-04-20,ENOFUTBLYR-28,42.10,,,,,,,,nasdaq,
2026-04-20,ENOFUTBLYR-29,42.25,,,,,,,,nasdaq,
2026-04-20,ENOFUTBLYR-30,44.19,,,,,,,,nasdaq,
2026-04-20,ENOFUTBLYR-31,45.28,,,,,,,,nasdaq,
2026-04-20,ENOFUTBLYR-32,46.00,,,,,,,,nasdaq,
2026-04-20,ENOFUTBLYR-33,46.00,,,,,,,,nasdaq,
2026-04-20,ENOFUTBLYR-34,46.00,,,,,,,,nasdaq,
2026-04-20,ENOFUTBLYR-35,46.00,,,,,,,,nasdaq,
2026-04-20,ENOFUTBLYR-36,46.00,,,,,,,,nasdaq,
2026-04-21,ENOFUTBLMOCT-26,56.70,,,56.70,56.70,,56.70,26,euronext,2026-09-22T20:41:38Z
2026-04-21,ENOFUTBLMSEP-26,56.75,,,56.85,56.75,,56.85,7,euronext,2026-09-22T20:41:38Z
2026-04-21,ENOFUTBLQ1-27,75.50,,,,,,,,nasdaq,
2026-04-21,ENOFUTBLQ1-28,66.21,,,,,,,,nasdaq,
2026-04-21,ENOFUTBLQ2-27,33.23,,,,,,,,nasdaq,
2026-04-21,ENOFUTBLQ2-28,31.60,,,,,,,,nasdaq,
2026-04-21,ENOFUTBLQ3-26,47.46,,,,,,,,nasdaq,
2026-04-21,ENOFUTBLQ3-27,25.10,,,,,,,,nasdaq,
2026-04-21,ENOFUTBLQ3-28,24.10,,,,,,,,nasdaq,
2026-04-21,ENOFUTBLQ4-26,66.00,,,,,,,,nasdaq,
2026-04-21,ENOFUTBLQ4-27,49.25,,,,,,,,nasdaq,
2026-04-21,ENOFUTBLQ4-28,48.00,,,,,,,,nasdaq,
2026-04-21,ENOFUTBLYR-27,45.55,,,,,,,,nasdaq,
2026-04-21,ENOFUTBLYR-28,42.40,,,,,,,,nasdaq,
2026-04-21,ENOFUTBLYR-29,42.30,,,,,,,,nasdaq,
2026-04-21,ENOFUTBLYR-30,44.25,,,,,,,,nasdaq,
2026-04-21,ENOFUTBLYR-31,45.47,,,,,,,,nasdaq,
2026-04-21,ENOFUTBLYR-32,46.00,,,,,,,,nasdaq,
2026-04-21,ENOFUTBLYR-33,46.00,,,,,,,,nasdaq,
2026-04-21,ENOFUTBLYR-34,46.00,,,,,,,,nasdaq,
2026-04-21,ENOFUTBLYR-35,46.00,,,,,,,,nasdaq,
2026-04-21,ENOFUTBLYR-36,46.00,,,,,,,,nasdaq,
2026-04-22,ENOFUTBLMOCT-26,57.05,,,57.05,57.05,,57.05,1,euronext,2026-09-22T20:41:38Z
2026-04-22,ENOFUTBLMSEP-26,57.00,,,57.00,57.00,,57.00,11,euronext,2026-09-22T20:41:38Z
2026-04-22,ENOFUTBLQ1-27,75.80,,,,,,,,nasdaq,
2026-04-22,ENOFUTBLQ1-28,66.91,,,,,,,,nasdaq,
2026-04-22,ENOFUTBLQ2-27,33.20,,,,,,,,nasdaq,
2026-04-22,ENOFUTBLQ2-28,31.98,,,,,,,,nasdaq,
2026-04-22,ENOFUTBLQ3-26,47.75,,,,,,,,nasdaq,
2026-04-22,ENOFUTBLQ3-27,25.50,,,,,,,,nasdaq,
2026-04-22,ENOFUTBLQ3-28,24.31,,,,,,,,nasdaq,
2026-04-22,ENOFUTBLQ4-26,66.36,,,,,,,,nasdaq,
2026-04-22,ENOFUTBLQ4-27,49.88,,,,,,,,nasdaq,
2026-04-22,ENOFUTBLQ4-28,48.25,,,,,,,,nasdaq,
2026-04-22,ENOFUTBLYR-27,45.95,,,,,,,,nasdaq,
2026-04-22,ENOFUTBLYR-28,42.60,,,,,,,,nasdaq,
2026-04-22,ENOFUTBLYR-29,42.50,,,,,,,,nasdaq,
2026-04-22,ENOFUTBLYR-30,44.35,,,,,,,,nasdaq,
2026-04-22,ENOFUTBLYR-31,45.57,,,,,,,,nasdaq,
2026-04-22,ENOFUTBLYR-32,46.00,,,,,,,,nasdaq,
2026-04-22,ENOFUTBLYR-33,46.00,,,,,,,,nasdaq,
2026-04-22,ENOFUTBLYR-34,46.00,,,,,,,,nasdaq,
2026-04-22,ENOFUTBLYR-35,46.00,,,,,,,,nasdaq,
2026-04-22,ENOFUTBLYR-36,46.00,,,,,,,,nasdaq,
2026-04-23,ENOFUTBLMOCT-26,57.73,,,,,,,0,euronext,2026-09-22T20:41:38Z
2026-04-23,ENOFUTBLMSEP-26,57.40,,,57.50,57.40,,57.50,11,euronext,2026-09-22T20:41:38Z
2026-04-23,ENOFUTBLQ1-27,76.60,,,,,,,,nasdaq,
2026-04-23,ENOFUTBLQ1-28,67.48,,,,,,,,nasdaq,
2026-04-23,ENOFUTBLQ2-27,33.90,,,,,,,,nasdaq,
2026-04-23,ENOFUTBLQ2-28,32.13,,,,,,,,nasdaq,
2026-04-23,ENOFUTBLQ3-26,48.40,,,,,,,,nasdaq,
2026-04-23,ENOFUTBLQ3-27,26.45,,,,,,,,nasdaq,
2026-04-23,ENOFUTBLQ3-28,24.93,,,,,,,,nasdaq,
2026-04-23,ENOFUTBLQ4-26,67.33,,,,,,,,nasdaq,
2026-04-23,ENOFUTBLQ4-27,50.30,,,,,,,,nasdaq,
2026-04-23,ENOFUTBLQ4-28,48.88,,,,,,,,nasdaq,
2026-04-23,ENOFUTBLYR-27,46.48,,,,,,,,nasdaq,
2026-04-23,ENOFUTBLYR-28,43.00,,,,,,,,nasdaq,
2026-04-23,ENOFUTBLYR-29,42.75,,,,,,,,nasdaq,
2026-04-23,ENOFUTBLYR-30,44.45,,,,,,,,nasdaq,
2026-04-23,ENOFUTBLYR-31,45.85,,,,,,,,nasdaq,
2026-04-23,ENOFUTBLYR-32,46.00,,,,,,,,nasdaq,
2026-04-23,ENOFUTBLYR-33,46.00,,,,,,,,nasdaq,
2026-04-23,ENOFUTBLYR-34,46.00,,,,,,,,nasdaq,
2026-04-23,ENOFUTBLYR-35,46.00,,,,,,,,nasdaq,
2026-04-23,ENOFUTBLYR-36,46.00,,,,,,,,nasdaq,
2026-04-24,ENOFUTBLMOCT-26,57.05,,,57.05,57.05,,57.05,1,euronext,2026-09-22T20:41:38Z
2026-04-24,ENOFUTBLMSEP-26,56.43,,,57.15,56.75,,57.15,3,euronext,2026-09-22T20:41:38Z
2026-04-24,ENOFUTBLQ1-27,76.10,,,,,,,,nasdaq,
2026-04-24,ENOFUTBLQ1-28,67.03,,,,,,,,nasdaq,
2026-04-24,ENOFUTBLQ2-27,33.57,,,,,,,,nasdaq,
2026-04-24,ENOFUTBLQ2-28,31.93,,,,,,,,nasdaq,
2026-04-24,ENOFUTBLQ3-26,47.58,,,,,,,,nasdaq,
2026-04-24,ENOFUTBLQ3-27,26.41,,,,,,,,nasdaq,
2026-04-24,ENOFUTBLQ3-28,24.84,,,,,,,,nasdaq,
2026-04-24,ENOFUTBLQ4-26,66.78,,,,,,,,nasdaq,
2026-04-24,ENOFUTBLQ4-27,50.00,,,,,,,,nasdaq,
2026-04-24,ENOFUTBLQ4-28,48.88,,,,,,,,nasdaq,
2026-04-24,ENOFUTBLYR-27,46.18,,,,,,,,nasdaq,
2026-04-24,ENOFUTBLYR-28,42.88,,,,,,,,nasdaq,
2026-04-24,ENOFUTBLYR-29,42.65,,,,,,,,nasdaq,
2026-04-24,ENOFUTBLYR-30,45.24,,,,,,,,nasdaq,
2026-04-24,ENOFUTBLYR-31,46.26,,,,,,,,nasdaq,
2026-04-24,ENOFUTBLYR-32,46.00,,,,,,,,nasdaq,
2026-04-24,ENOFUTBLYR-33,46.00,,,,,,,,nasdaq,
2026-04-24,ENOFUTBLYR-34,46.00,,,,,,,,nasdaq,
2026-04-24,ENOFUTBLYR-35,46.00,,,,,,,,nasdaq,
2026-04-24,ENOFUTBLYR-36,46.00,,,,,,,,nasdaq,
2026-04-27,ENOFUTBLMOCT-26,56.60,,,,,,,0,euronext,2026-09-22T20:41:38Z
2026-04-27,ENOFUTBLMSEP-26,55.75,,,55.75,55.75,,55.75,1,euronext,2026-09-22T20:41:38Z
2026-04-27,ENOFUTBLQ1-27,75.50,,,,,,,,nasdaq,
2026-04-27,ENOFUTBLQ1-28,67.03,,,,,,,,nasdaq,
2026-04-27,ENOFUTBLQ2-27,33.00,,,,,,,,nasdaq,
2026-04-27,ENOFUTBLQ2-28,31.00,,,,,,,,nasdaq,
2026-04-27,ENOFUTBLQ3-26,46.85,,,,,,,,nasdaq,
2026-04-27,ENOFUTBLQ3-27,25.18,,,,,,,,nasdaq,
2026-04-27,ENOFUTBLQ3-28,23.75,,,,,,,,nasdaq,
2026-04-27,ENOFUTBLQ4-26,66.25,,,,,,,,nasdaq,
2026-04-27,ENOFUTBLQ4-27,49.45,,,,,,,,nasdaq,
2026-04-27,ENOFUTBLQ4-28,48.60,,,,,,,,nasdaq,
2026-04-27,ENOFUTBLYR-27,45.63,,,,,,,,nasdaq,
2026-04-27,ENOFUTBLYR-28,42.50,,,,,,,,nasdaq,
2026-04-27,ENOFUTBLYR-29,42.43,,,,,,,,nasdaq,
2026-04-27,ENOFUTBLYR-30,44.93,,,,,,,,nasdaq,
2026-04-27,ENOFUTBLYR-31,45.80,,,,,,,,nasdaq,
2026-04-27,ENOFUTBLYR-32,46.00,,,,,,,,nasdaq,
2026-04-27,ENOFUTBLYR-33,46.00,,,,,,,,nasdaq,
2026-04-27,ENOFUTBLYR-34,46.00,,,,,,,,nasdaq,
2026-04-27,ENOFUTBLYR-35,46.00,,,,,,,,nasdaq,
2026-04-27,ENOFUTBLYR-36,46.00,,,,,,,,nasdaq,
2026-04-28,ENOFUTBLMOCT-26,57.00,,,,,,,0,euronext,2026-09-22T20:41:38Z
2026-04-28,ENOFUTBLMSEP-26,56.45,,,56.60,56.40,,56.40,11,euronext,2026-09-22T20:41:38Z
2026-04-28,ENOFUTBLQ1-27,75.65,,,,,,,,nasdaq,
2026-04-28,ENOFUTBLQ1-28,67.41,,,,,,,,nasdaq,
2026-04-28,ENOFUTBLQ2-27,33.43,,,,,,,,nasdaq,
2026-04-28,ENOFUTBLQ2-28,31.38,,,,,,,,nasdaq,
2026-04-28,ENOFUTBLQ3-26,47.28,,,,,,,,nasdaq,
2026-04-28,ENOFUTBLQ3-27,25.50,,,,,,,,nasdaq,
2026-04-28,ENOFUTBLQ3-28,23.90,,,,,,,,nasdaq,
2026-04-28,ENOFUTBLQ4-26,66.58,,,,,,,,nasdaq,
2026-04-28,ENOFUTBLQ4-27,50.30,,,,,,,,nasdaq,
2026-04-28,ENOFUTBLQ4-28,49.00,,,,,,,,nasdaq,
2026-04-28,ENOFUTBLYR-27,46.03,,,,,,,,nasdaq,
2026-04-28,ENOFUTBLYR-28,42.88,,,,,,,,nasdaq,
2026-04-28,ENOFUTBLYR-29,42.73,,,,,,,,nasdaq,
2026-04-28,ENOFUTBLYR-30,45.57,,,,,,,,nasdaq,
2026-04-28,ENOFUTBLYR-31,46.47,,,,,,,,nasdaq,
2026-04-28,ENOFUTBLYR-32,46.75,,,,,,,,nasdaq,
2026-04-28,ENOFUTBLYR-33,47.00,,,,,,,,nasdaq,
2026-04-28,ENOFUTBLYR-34,47.25,,,,,,,,nasdaq,
2026-04-28,ENOFUTBLYR-35,47.50,,,,,,,,nasdaq,
2026-04-28,ENOFUTBLYR-36,47.75,,,,,,,,nasdaq,
2026-04-29,ENOFUTBLMOCT-26,57.73,,,,,,,0,euronext,2026-09-22T20:41:38Z
2026-04-29,ENOFUTBLMSEP-26,57.71,,,,,,,0,euronext,2026-09-22T20:41:38Z
2026-04-29,ENOFUTBLQ1-27,76.00,,,,,,,,nasdaq,
2026-04-29,ENOFUTBLQ1-28,67.98,,,,,,,,nasdaq,
2026-04-29,ENOFUTBLQ2-27,33.95,,,,,,,,nasdaq,
2026-04-29,ENOFUTBLQ2-28,31.50,,,,,,,,nasdaq,
2026-04-29,ENOFUTBLQ3-26,48.50,,,,,,,,nasdaq,
2026-04-29,ENOFUTBLQ3-27,25.80,,,,,,,,nasdaq,
2026-04-29,ENOFUTBLQ3-28,23.60,,,,,,,,nasdaq,
2026-04-29,ENOFUTBLQ4-26,67.30,,,,,,,,nasdaq,
2026-04-29,ENOFUTBLQ4-27,50.65,,,,,,,,nasdaq,
2026-04-29,ENOFUTBLQ4-28,49.00,,,,,,,,nasdaq,
2026-04-29,ENOFUTBLYR-27,46.45,,,,,,,,nasdaq,
2026-04-29,ENOFUTBLYR-28,43.15,,,,,,,,nasdaq,
2026-04-29,ENOFUTBLYR-29,42.85,,,,,,,,nasdaq,
2026-04-29,ENOFUTBLYR-30,45.50,,,,,,,,nasdaq,
2026-04-29,ENOFUTBLYR-31,46.73,,,,,,,,nasdaq,
2026-04-29,ENOFUTBLYR-32,47.88,,,,,,,,nasdaq,
2026-04-29,ENOFUTBLYR-33,48.38,,,,,,,,nasdaq,
2026-04-29,ENOFUTBLYR-34,48.88,,,,,,,,nasdaq,
2026-04-29,ENOFUTBLYR-35,49.13,,,,,,,,nasdaq,
2026-04-29,ENOFUTBLYR-36,49.38,,,,,,,,nasdaq,
2026-04-30,ENOFUTBLMOCT-26,58.55,,,,,,,0,euronext,2026-09-22T20:41:38Z
2026-04-30,ENOFUTBLMSEP-26,58.30,,,,,,,5,euronext,2026-09-22T20:41:38Z
2026-04-30,ENOFUTBLQ1-27,76.80,,,76.80,76.60,,76.65,18,euronext,2026-09-22T20:41:38Z
2026-04-30,ENOFUTBLQ1-28,68.10,,,,,,,7,euronext,2026-09-22T20:41:38Z
2026-04-30,ENOFUTBLQ2-27,34.20,,,,,,,0,euronext,2026-09-22T20:41:38Z
2026-04-30,ENOFUTBLQ2-28,31.60,,,,,,,0,euronext,2026-09-22T20:41:38Z
2026-04-30,ENOFUTBLQ3-27,26.60,,,,,,,1,euronext,2026-09-22T20:41:38Z
2026-04-30,ENOFUTBLQ3-28,24.44,,,,,,,0,euronext,2026-09-22T20:41:38Z
2026-04-30,ENOFUTBLQ4-26,68.59,,,68.65,68.25,,68.25,68,euronext,2026-09-22T20:41:38Z
2026-04-30,ENOFUTBLQ4-27,50.93,,,51.00,51.00,,51.00,1,euronext,2026-09-22T20:41:38Z
2026-04-30,ENOFUTBLQ4-28,49.00,,,,,,,0,euronext,2026-09-22T20:41:38Z
2026-04-30,ENOFUTBLYR-27,46.68,,,46.95,46.65,,46.95,90,euronext,2026-09-22T20:41:38Z
2026-04-30,ENOFUTBLYR-28,43.23,,,43.25,43.20,,43.25,24,euronext,2026-09-22T20:41:38Z
2026-04-30,ENOFUTBLYR-29,43.20,,,43.20,43.20,,43.20,6,euronext,2026-09-22T20:41:38Z
2026-04-30,ENOFUTBLYR-30,45.60,,,,,,,0,euronext,2026-09-22T20:41:38Z
2026-04-30,ENOFUTBLYR-31,46.56,,,,,,,0,euronext,2026-09-22T20:41:38Z
2026-04-30,ENOFUTBLYR-32,47.88,,,,,,,0,euronext,2026-09-22T20:41:38Z
2026-04-30,ENOFUTBLYR-33,48.38,,,,,,,0,euronext,2026-09-22T20:41:38Z
2026-04-30,ENOFUTBLYR-34,48.88,,,,,,,0,euronext,2026-09-22T20:41:38Z
2026-04-30,ENOFUTBLYR-35,49.13,,,,,,,0,euronext,2026-09-22T20:41:38Z
2026-04-30,ENOFUTBLYR-36,49.38,,,,,,,0,euronext,2026-09-22T20:41:38Z
2026-05-04,ENOFUTBLMNOV-26,73.75,,,,,,,0,euronext,2026-09-22T20:41:38Z
2026-05-04,ENOFUTBLMOCT-26,60.74,,,,,,,0,euronext,2026-09-22T20:41:38Z
2026-05-04,ENOFUTBLMSEP-26,61.69,,,,,,,0,euronext,2026-09-22T20:41:38Z
2026-05-04,ENOFUTBLQ1-27,78.26,,,78.46,78.00,,78.46,13,euronext,2026-09-22T20:41:38Z
2026-05-04,ENOFUTBLQ1-28,68.35,,,68.35,68.35,,68.35,3,euronext,2026-09-22T20:41:38Z
2026-05-04,ENOFUTBLQ2-27,35.20,,,35.20,34.79,,35.02,16,euronext,2026-09-22T20:41:38Z
2026-05-04,ENOFUTBLQ2-28,31.85,,,,,,,0,euronext,2026-09-22T20:41:38Z
2026-05-04,ENOFUTBLQ3-27,26.98,,,27.00,26.60,,26.90,11,euronext,2026-09-22T20:41:38Z
2026-05-04,ENOFUTBLQ3-28,24.85,,,,,,,0,euronext,2026-09-22T20:41:38Z
2026-05-04,ENOFUTBLQ4-26,70.75,,,70.90,70.50,,70.50,37,euronext,2026-09-22T20:41:38Z
2026-05-04,ENOFUTBLQ4-27,51.00,,,51.50,51.00,,51.50,7,euronext,2026-09-22T20:41:38Z
2026-05-04,ENOFUTBLQ4-28,49.33,,,,,,,0,euronext,2026-09-22T20:41:38Z
2026-05-04,ENOFUTBLYR-27,47.65,,,47.65,47.25,,47.25,51,euronext,2026-09-22T20:41:38Z
2026-05-04,ENOFUTBLYR-28,43.50,,,43.50,43.50,,43.50,49,euronext,2026-09-22T20:41:38Z
2026-05-04,ENOFUTBLYR-29,43.38,,,,,,,3,euronext,2026-09-22T20:41:38Z
2026-05-04,ENOFUTBLYR-30,45.83,,,,,,,0,euronext,2026-09-22T20:41:38Z
2026-05-04,ENOFUTBLYR-31,46.50,,,,,,,0,euronext,2026-09-22T20:41:38Z
2026-05-04,ENOFUTBLYR-32,47.88,,,,,,,0,euronext,2026-09-22T20:41:38Z
2026-05-04,ENOFUTBLYR-33,48.38,,,,,,,0,euronext,2026-09-22T20:41:38Z
2026-05-04,ENOFUTBLYR-34,48.88,,,,,,,0,euronext,2026-09-22T20:41:38Z
2026-05-04,ENOFUTBLYR-35,49.13,,,,,,,0,euronext,2026-09-22T20:41:38Z
2026-05-04,ENOFUTBLYR-36,49.38,,,,,,,0,euronext,2026-09-22T20:41:38Z
2026-05-05,ENOFUTBLMNOV-26,73.90,,,,,,,2,euronext,2026-09-22T20:41:38Z
2026-05-05,ENOFUTBLMOCT-26,60.95,,,,,,,20,euronext,2026-09-22T20:41:38Z
2026-05-05,ENOFUTBLMSEP-26,61.90,,,61.90,61.80,,61.80,8,euronext,2026-09-22T20:41:38Z
2026-05-05,ENOFUTBLQ1-27,78.33,,,78.55,77.76,,77.76,32,euronext,2026-09-22T20:41:38Z
2026-05-05,ENOFUTBLQ1-28,68.23,,,68.30,68.15,,68.30,4,euronext,2026-09-22T20:41:38Z
2026-05-05,ENOFUTBLQ2-27,35.50,,,35.50,35.50,,35.50,15,euronext,2026-09-22T20:41:38Z
2026-05-05,ENOFUTBLQ2-28,32.31,,,,,,,0,euronext,2026-09-22T20:41:38Z
2026-05-05,ENOFUTBLQ3-27,27.20,,,,,,,0,euronext,2026-09-22T20:41:38Z
2026-05-05,ENOFUTBLQ3-28,24.38,,,,,,,0,euronext,2026-09-22T20:41:38Z
2026-05-05,ENOFUTBLQ4-26,70.80,,,71.25,70.65,,70.65,93,euronext,2026-09-22T20:41:38Z
2026-05-05,ENOFUTBLQ4-27,51.38,,,,,,,0,euronext,2026-09-22T20:41:38Z
2026-05-05,ENOFUTBLQ4-28,49.00,,,49.00,49.00,,49.00,1,euronext,2026-09-22T20:41:38Z
2026-05-05,ENOFUTBLYR-27,47.75,,,47.85,47.65,,47.65,62,euronext,2026-09-22T20:41:38Z
2026-05-05,ENOFUTBLYR-28,43.36,,,43.50,43.35,,43.50,34,euronext,2026-09-22T20:41:38Z
2026-05-05,ENOFUTBLYR-29,43.25,,,43.40,43.25,,43.40,15,euronext,2026-09-22T20:41:38Z
2026-05-05,ENOFUTBLYR-30,45.50,,,,,,,0,euronext,2026-09-22T20:41:38Z
2026-05-05,ENOFUTBLYR-31,46.30,,,,,,,1,euronext,2026-09-22T20:41:38Z
2026-05-05,ENOFUTBLYR-32,48.38,,,,,,,0,euronext,2026-09-22T20:41:38Z
2026-05-05,ENOFUTBLYR-33,48.88,,,,,,,0,euronext,2026-09-22T20:41:38Z
2026-05-05,ENOFUTBLYR-34,49.38,,,,,,,0,euronext,2026-09-22T20:41:38Z
2026-05-05,ENOFUTBLYR-35,49.88,,,,,,,0,euronext,2026-09-22T20:41:38Z
2026-05-05,ENOFUTBLYR-36,50.13,,,,,,,0,euronext,2026-09-22T20:41:38Z
2026-05-06,ENOFUTBLMNOV-26,73.53,,,,,,,0,euronext,2026-09-22T20:41:38Z
2026-05-06,ENOFUTBLMOCT-26,59.50,,,,,,,0,euronext,2026-09-22T20:41:38Z
2026-05-06,ENOFUTBLMSEP-26,60.10,,,60.50,60.00,,60.50,35,euronext,2026-09-22T20:41:38Z
2026-05-06,ENOFUTBLQ1-27,77.08,,,77.90,76.50,,77.90,27,euronext,2026-09-22T20:41:38Z
2026-05-06,ENOFUTBLQ1-28,67.25,,,67.90,67.25,,67.90,6,euronext,2026-09-22T20:41:38Z
2026-05-06,ENOFUTBLQ2-27,34.60,,,35.30,34.40,,35.30,11,euronext,2026-09-22T20:41:38Z
2026-05-06,ENOFUTBLQ2-28,31.50,,,,,,,0,euronext,2026-09-22T20:41:38Z
2026-05-06,ENOFUTBLQ3-27,26.34,,,25.50,25.50,,25.50,5,euronext,2026-09-22T20:41:38Z
2026-05-06,ENOFUTBLQ3-28,24.13,,,,,,,0,euronext,2026-09-22T20:41:38Z
2026-05-06,ENOFUTBLQ4-26,69.63,,,70.80,68.50,,70.00,88,euronext,2026-09-22T20:41:38Z
2026-05-06,ENOFUTBLQ4-27,50.15,,,50.25,49.50,,50.25,8,euronext,2026-09-22T20:41:38Z
2026-05-06,ENOFUTBLQ4-28,48.91,,,,,,,0,euronext,2026-09-22T20:41:38Z
2026-05-06,ENOFUTBLYR-27,46.70,,,47.55,46.00,,47.35,113,euronext,2026-09-22T20:41:38Z
2026-05-06,ENOFUTBLYR-28,42.95,,,43.05,42.75,,43.05,10,euronext,2026-09-22T20:41:38Z
2026-05-06,ENOFUTBLYR-29,43.00,,,43.00,42.75,,42.75,15,euronext,2026-09-22T20:41:38Z
2026-05-06,ENOFUTBLYR-30,45.15,,,,,,,0,euronext,2026-09-22T20:41:38Z
2026-05-06,ENOFUTBLYR-31,46.10,,,,,,,0,euronext,2026-09-22T20:41:38Z
2026-05-06,ENOFUTBLYR-32,48.38,,,,,,,0,euronext,2026-09-22T20:41:38Z
2026-05-06,ENOFUTBLYR-33,48.88,,,,,,,0,euronext,2026-09-22T20:41:38Z
2026-05-06,ENOFUTBLYR-34,49.38,,,,,,,0,euronext,2026-09-22T20:41:38Z
2026-05-06,ENOFUTBLYR-35,49.88,,,,,,,0,euronext,2026-09-22T20:41:38Z
2026-05-06,ENOFUTBLYR-36,50.13,,,,,,,0,euronext,2026-09-22T20:41:38Z
2026-05-07,ENOFUTBLMNOV-26,73.49,,,73.40,73.40,,73.40,3,euronext,2026-09-22T20:41:38Z
2026-05-07,ENOFUTBLMOCT-26,61.50,,,60.25,60.25,,60.25,4,euronext,2026-09-22T20:41:38Z
2026-05-07,ENOFUTBLMSEP-26,61.73,,,61.45,61.45,,61.45,2,euronext,2026-09-22T20:41:38Z
2026-05-07,ENOFUTBLQ1-27,77.20,,,77.20,77.00,,77.10,62,euronext,2026-09-22T20:41:38Z
2026-05-07,ENOFUTBLQ1-28,67.63,,,67.75,67.50,,67.50,5,euronext,2026-09-22T20:41:38Z
2026-05-07,ENOFUTBLQ2-27,34.90,,,35.00,34.75,,34.75,14,euronext,2026-09-22T20:41:38Z
2026-05-07,ENOFUTBLQ2-28,31.66,,,,,,,0,euronext,2026-09-22T20:41:38Z
2026-05-07,ENOFUTBLQ3-27,26.48,,,26.00,26.00,,26.00,14,euronext,2026-09-22T20:41:38Z
2026-05-07,ENOFUTBLQ3-28,24.32,,,,,,,0,euronext,2026-09-22T20:41:38Z
2026-05-07,ENOFUTBLQ4-26,70.22,,,70.25,70.00,,70.00,83,euronext,2026-09-22T20:41:38Z
2026-05-07,ENOFUTBLQ4-27,50.40,,,50.40,50.20,,50.30,4,euronext,2026-09-22T20:41:38Z
2026-05-07,ENOFUTBLQ4-28,49.23,,,,,,,0,euronext,2026-09-22T20:41:38Z
2026-05-07,ENOFUTBLYR-27,46.88,,,47.00,46.88,,47.00,60,euronext,2026-09-22T20:41:38Z
2026-05-07,ENOFUTBLYR-28,42.90,,,42.95,42.90,,42.90,55,euronext,2026-09-22T20:41:38Z
2026-05-07,ENOFUTBLYR-29,42.80,,,42.65,42.65,,42.65,2,euronext,2026-09-22T20:41:38Z
2026-05-07,ENOFUTBLYR-30,44.90,,,44.90,44.90,,44.90,2,euronext,2026-09-22T20:41:38Z
2026-05-07,ENOFUTBLYR-31,46.70,,,,,,,0,euronext,2026-09-22T20:41:38Z
2026-05-07,ENOFUTBLYR-32,48.38,,,,,,,0,euronext,2026-09-22T20:41:38Z
2026-05-07,ENOFUTBLYR-33,48.88,,,,,,,0,euronext,2026-09-22T20:41:38Z
2026-05-07,ENOFUTBLYR-34,49.38,,,,,,,0,euronext,2026-09-22T20:41:38Z
2026-05-07,ENOFUTBLYR-35,49.88,,,,,,,0,euronext,2026-09-22T20:41:38Z
2026-05-07,ENOFUTBLYR-36,50.13,,,,,,,0,euronext,2026-09-22T20:41:38Z
2026-05-08,ENOFUTBLMNOV-26,74.50,,,74.50,74.50,,74.50,2,euronext,2026-09-22T20:41:38Z
2026-05-08,ENOFUTBLMOCT-26,63.50,,,63.50,63.30,,63.30,7,euronext,2026-09-22T20:41:38Z
2026-05-08,ENOFUTBLMSEP-26,64.85,,,65.30,65.30,,65.30,3,euronext,2026-09-22T20:41:38Z
2026-05-08,ENOFUTBLQ1-27,78.10,,,78.25,78.00,,78.00,25,euronext,2026-09-22T20:41:38Z
2026-05-08,ENOFUTBLQ1-28,68.00,,,,,,,0,euronext,2026-09-22T20:41:38Z
2026-05-08,ENOFUTBLQ2-27,35.65,,,35.65,35.50,,35.50,8,euronext,2026-09-22T20:41:38Z
2026-05-08,ENOFUTBLQ2-28,32.00,,,,,,,0,euronext,2026-09-22T20:41:38Z
2026-05-08,ENOFUTBLQ3-27,26.80,,,26.80,26.60,,26.60,9,euronext,2026-09-22T20:41:38Z
2026-05-08,ENOFUTBLQ3-28,24.50,,,,,,,0,euronext,2026-09-22T20:41:38Z
2026-05-08,ENOFUTBLQ4-26,72.38,,,72.50,72.00,,72.25,91,euronext,2026-09-22T20:41:38Z
2026-05-08,ENOFUTBLQ4-27,50.45,,,51.00,50.75,,51.00,6,euronext,2026-09-22T20:41:38Z
2026-05-08,ENOFUTBLQ4-28,49.30,,,,,,,0,euronext,2026-09-22T20:41:38Z
2026-05-08,ENOFUTBLYR-27,47.56,,,47.60,47.50,,47.50,48,euronext,2026-09-22T20:41:38Z
2026-05-08,ENOFUTBLYR-28,43.25,,,43.25,43.20,,43.20,6,euronext,2026-09-22T20:41:38Z
2026-05-08,ENOFUTBLYR-29,43.00,,,43.00,43.00,,43.00,29,euronext,2026-09-22T20:41:38Z
2026-05-08,ENOFUTBLYR-30,44.80,,,,,,,0,euronext,2026-09-22T20:41:38Z
2026-05-08,ENOFUTBLYR-31,46.70,,,,,,,0,euronext,2026-09-22T20:41:38Z
2026-05-08,ENOFUTBLYR-32,48.38,,,,,,,0,euronext,2026-09-22T20:41:38Z
2026-05-08,ENOFUTBLYR-33,48.88,,,,,,,0,euronext,2026-09-22T20:41:38Z
2026-05-08,ENOFUTBLYR-34,49.38,,,,,,,0,euronext,2026-09-22T20:41:38Z
2026-05-08,ENOFUTBLYR-35,49.88,,,,,,,0,euronext,2026-09-22T20:41:38Z
2026-05-08,ENOFUTBLYR-36,50.13,,,,,,,0,euronext,2026-09-22T20:41:38Z
2026-05-11,ENOFUTBLMNOV-26,76.18,,,,,,,0,euronext,2026-09-22T20:41:38Z
2026-05-11,ENOFUTBLMOCT-26,66.00,,,,,,,0,euronext,2026-09-22T20:41:38Z
2026-05-11,ENOFUTBLMSEP-26,67.25,,,,,,,0,euronext,2026-09-22T20:41:38Z
2026-05-11,ENOFUTBLQ1-27,79.85,,,80.00,79.40,,79.65,47,euronext,2026-09-22T20:41:38Z
2026-05-11,ENOFUTBLQ1-28,68.50,,,,,,,0,euronext,2026-09-22T20:41:38Z
2026-05-11,ENOFUTBLQ2-27,36.57,,,36.20,36.20,,36.20,1,euronext,2026-09-22T20:41:38Z
2026-05-11,ENOFUTBLQ2-28,32.32,,,,,,,0,euronext,2026-09-22T20:41:38Z
2026-05-11,ENOFUTBLQ3-27,27.70,,,27.70,27.70,,27.70,1,euronext,2026-09-22T20:41:38Z
2026-05-11,ENOFUTBLQ3-28,25.25,,,,,,,0,euronext,2026-09-22T20:41:38Z
2026-05-11,ENOFUTBLQ4-26,75.00,,,75.15,74.50,,74.50,101,euronext,2026-09-22T20:41:38Z
2026-05-11,ENOFUTBLQ4-27,51.33,,,,,,,0,euronext,2026-09-22T20:41:38Z
2026-05-11,ENOFUTBLQ4-28,49.75,,,,,,,0,euronext,2026-09-22T20:41:38Z
2026-05-11,ENOFUTBLYR-27,48.40,,,48.25,48.10,,48.23,25,euronext,2026-09-22T20:41:38Z
2026-05-11,ENOFUTBLYR-28,43.75,,,43.70,43.70,,43.70,12,euronext,2026-09-22T20:41:38Z
2026-05-11,ENOFUTBLYR-29,43.50,,,,,,,0,euronext,2026-09-22T20:41:38Z
2026-05-11,ENOFUTBLYR-30,45.50,,,,,,,0,euronext,2026-09-22T20:41:38Z
2026-05-11,ENOFUTBLYR-31,46.95,,,,,,,0,euronext,2026-09-22T20:41:38Z
2026-05-11,ENOFUTBLYR-32,48.38,,,,,,,0,euronext,2026-09-22T20:41:38Z
2026-05-11,ENOFUTBLYR-33,48.88,,,,,,,0,euronext,2026-09-22T20:41:38Z
2026-05-11,ENOFUTBLYR-34,49.38,,,,,,,0,euronext,2026-09-22T20:41:38Z
2026-05-11,ENOFUTBLYR-35,49.88,,,,,,,0,euronext,2026-09-22T20:41:38Z
2026-05-11,ENOFUTBLYR-36,50.13,,,,,,,0,euronext,2026-09-22T20:41:38Z
2026-05-12,ENOFUTBLMNOV-26,77.60,,,,,,,0,euronext,2026-09-22T20:41:38Z
2026-05-12,ENOFUTBLMOCT-26,67.11,,,,,,,0,euronext,2026-09-22T20:41:38Z
2026-05-12,ENOFUTBLMSEP-26,67.00,,,68.00,67.00,,67.99,13,euronext,2026-09-22T20:41:38Z
2026-05-12,ENOFUTBLQ1-27,80.15,,,80.75,80.25,,80.75,103,euronext,2026-09-22T20:41:38Z
2026-05-12,ENOFUTBLQ1-28,68.70,,,68.90,68.80,,68.85,11,euronext,2026-09-22T20:41:38Z
2026-05-12,ENOFUTBLQ2-27,37.00,,,,,,,2,euronext,2026-09-22T20:41:38Z
2026-05-12,ENOFUTBLQ2-28,33.16,,,,,,,0,euronext,2026-09-22T20:41:38Z
2026-05-12,ENOFUTBLQ3-27,28.05,,,28.50,28.00,,28.50,39,euronext,2026-09-22T20:41:38Z
2026-05-12,ENOFUTBLQ3-28,24.83,,,,,,,0,euronext,2026-09-22T20:41:38Z
2026-05-12,ENOFUTBLQ4-26,75.50,,,76.00,75.30,,76.00,220,euronext,2026-09-22T20:41:38Z
2026-05-12,ENOFUTBLQ4-27,51.70,,,,,,,5,euronext,2026-09-22T20:41:38Z
2026-05-12,ENOFUTBLQ4-28,49.88,,,,,,,0,euronext,2026-09-22T20:41:38Z
2026-05-12,ENOFUTBLYR-27,49.10,,,49.50,48.90,,49.20,71,euronext,2026-09-22T20:41:38Z
2026-05-12,ENOFUTBLYR-28,43.93,,,44.10,43.80,,44.10,27,euronext,2026-09-22T20:41:38Z
2026-05-12,ENOFUTBLYR-29,43.81,,,43.75,43.75,,43.75,8,euronext,2026-09-22T20:41:38Z
2026-05-12,ENOFUTBLYR-30,45.40,,,,,,,3,euronext,2026-09-22T20:41:38Z
2026-05-12,ENOFUTBLYR-31,46.95,,,,,,,0,euronext,2026-09-22T20:41:38Z
2026-05-12,ENOFUTBLYR-32,48.38,,,,,,,0,euronext,2026-09-22T20:41:38Z
2026-05-12,ENOFUTBLYR-33,48.88,,,,,,,0,euronext,2026-09-22T20:41:38Z
2026-05-12,ENOFUTBLYR-34,49.38,,,,,,,0,euronext,2026-09-22T20:41:38Z
2026-05-12,ENOFUTBLYR-35,49.88,,,,,,,0,euronext,2026-09-22T20:41:38Z
2026-05-12,ENOFUTBLYR-36,50.13,,,,,,,0,euronext,2026-09-22T20:41:38Z
2026-05-13,ENOFUTBLMNOV-26,77.35,,,,,,,0,euronext,2026-09-22T20:41:38Z
2026-05-13,ENOFUTBLMOCT-26,67.25,,,,,,,0,euronext,2026-09-22T20:41:38Z
2026-05-13,ENOFUTBLMSEP-26,67.70,,,67.50,67.50,,67.50,2,euronext,2026-09-22T20:41:38Z
2026-05-13,ENOFUTBLQ1-27,80.68,,,80.60,80.50,,80.50,26,euronext,2026-09-22T20:41:38Z
2026-05-13,ENOFUTBLQ1-28,68.75,,,68.90,68.70,,68.90,3,euronext,2026-09-22T20:41:38Z
2026-05-13,ENOFUTBLQ2-27,37.23,,,,,,,0,euronext,2026-09-22T20:41:38Z
2026-05-13,ENOFUTBLQ2-28,33.20,,,,,,,7,euronext,2026-09-22T20:41:38Z
2026-05-13,ENOFUTBLQ3-27,28.43,,,,,,,0,euronext,2026-09-22T20:41:38Z
2026-05-13,ENOFUTBLQ3-28,24.75,,,,,,,0,euronext,2026-09-22T20:41:38Z
2026-05-13,ENOFUTBLQ4-26,75.83,,,75.75,75.50,,75.70,79,euronext,2026-09-22T20:41:38Z
2026-05-13,ENOFUTBLQ4-27,51.73,,,51.85,51.80,,51.80,8,euronext,2026-09-22T20:41:38Z
2026-05-13,ENOFUTBLQ4-28,49.75,,,50.00,50.00,,50.00,1,euronext,2026-09-22T20:41:38Z
2026-05-13,ENOFUTBLYR-27,49.16,,,49.30,49.00,,49.00,27,euronext,2026-09-22T20:41:38Z
2026-05-13,ENOFUTBLYR-28,44.00,,,44.00,44.00,,44.00,13,euronext,2026-09-22T20:41:38Z
2026-05-13,ENOFUTBLYR-29,43.80,,,,,,,37,euronext,2026-09-22T20:41:38Z
2026-05-13,ENOFUTBLYR-30,45.30,,,,,,,0,euronext,2026-09-22T20:41:38Z
2026-05-13,ENOFUTBLYR-31,46.95,,,,,,,0,euronext,2026-09-22T20:41:38Z
2026-05-13,ENOFUTBLYR-32,48.38,,,,,,,0,euronext,2026-09-22T20:41:38Z
2026-05-13,ENOFUTBLYR-33,48.88,,,,,,,0,euronext,2026-09-22T20:41:38Z
2026-05-13,ENOFUTBLYR-34,49.38,,,,,,,0,euronext,2026-09-22T20:41:38Z
2026-05-13,ENOFUTBLYR-35,49.88,,,,,,,0,euronext,2026-09-22T20:41:38Z
2026-05-13,ENOFUTBLYR-36,50.13,,,,,,,0,euronext,2026-09-22T20:41:38Z
2026-05-14,ENOFUTBLMNOV-26,77.35,,,,,,,0,euronext,2026-09-22T20:41:38Z
2026-05-14,ENOFUTBLMOCT-26,67.25,,,,,,,0,euronext,2026-09-22T20:41:38Z
2026-05-14,ENOFUTBLMSEP-26,67.70,,,,,,,0,euronext,2026-09-22T20:41:38Z
2026-05-14,ENOFUTBLQ1-27,80.68,,,,,,,0,euronext,2026-09-22T20:41:38Z
2026-05-14,ENOFUTBLQ1-28,68.75,,,,,,,0,euronext,2026-09-22T20:41:38Z
2026-05-14,ENOFUTBLQ2-27,37.23,,,,,,,0,euronext,2026-09-22T20:41:38Z
2026-05-14,ENOFUTBLQ2-28,33.20,,,,,,,0,euronext,2026-09-22T20:41:38Z
2026-05-14,ENOFUTBLQ3-27,28.43,,,,,,,0,euronext,2026-09-22T20:41:38Z
2026-05-14,ENOFUTBLQ3-28,24.75,,,,,,,0,euronext,2026-09-22T20:41:38Z
2026-05-14,ENOFUTBLQ4-26,75.83,,,,,,,0,euronext,2026-09-22T20:41:38Z
2026-05-14,ENOFUTBLQ4-27,51.73,,,,,,,0,euronext,2026-09-22T20:41:38Z
2026-05-14,ENOFUTBLQ4-28,49.75,,,,,,,0,euronext,2026-09-22T20:41:38Z
2026-05-14,ENOFUTBLYR-27,49.16,,,,,,,0,euronext,2026-09-22T20:41:38Z
2026-05-14,ENOFUTBLYR-28,44.00,,,,,,,0,euronext,2026-09-22T20:41:38Z
2026-05-14,ENOFUTBLYR-29,43.80,,,,,,,0,euronext,2026-09-22T20:41:38Z
2026-05-14,ENOFUTBLYR-30,45.30,,,,,,,0,euronext,2026-09-22T20:41:38Z
2026-05-14,ENOFUTBLYR-31,46.95,,,,,,,0,euronext,2026-09-22T20:41:38Z
2026-05-14,ENOFUTBLYR-32,48.38,,,,,,,0,euronext,2026-09-22T20:41:38Z
2026-05-14,ENOFUTBLYR-33,48.88,,,,,,,0,euronext,2026-09-22T20:41:38Z
2026-05-14,ENOFUTBLYR-34,49.38,,,,,,,0,euronext,2026-09-22T20:41:38Z
2026-05-14,ENOFUTBLYR-35,49.88,,,,,,,0,euronext,2026-09-22T20:41:38Z
2026-05-14,ENOFUTBLYR-36,50.13,,,,,,,0,euronext,2026-09-22T20:41:38Z
2026-05-15,ENOFUTBLMNOV-26,77.31,,,,,,,0,euronext,2026-09-22T20:41:38Z
2026-05-15,ENOFUTBLMOCT-26,67.71,,,,,,,0,euronext,2026-09-22T20:41:38Z
2026-05-15,ENOFUTBLMSEP-26,67.76,,,,,,,0,euronext,2026-09-22T20:41:38Z
2026-05-15,ENOFUTBLQ1-27,81.50,,,81.50,81.50,,81.50,15,euronext,2026-09-22T20:41:38Z
2026-05-15,ENOFUTBLQ1-28,68.68,,,,,,,0,euronext,2026-09-22T20:41:38Z
2026-05-15,ENOFUTBLQ2-27,37.50,,,37.50,37.45,,37.45,4,euronext,2026-09-22T20:41:38Z
2026-05-15,ENOFUTBLQ2-28,33.76,,,,,,,0,euronext,2026-09-22T20:41:38Z
2026-05-15,ENOFUTBLQ3-27,28.75,,,28.75,28.75,,28.75,3,euronext,2026-09-22T20:41:38Z
2026-05-15,ENOFUTBLQ3-28,24.75,,,24.75,24.75,,24.75,3,euronext,2026-09-22T20:41:38Z
2026-05-15,ENOFUTBLQ4-26,76.70,,,76.50,76.20,,76.50,38,euronext,2026-09-22T20:41:38Z
2026-05-15,ENOFUTBLQ4-27,51.71,,,,,,,0,euronext,2026-09-22T20:41:38Z
2026-05-15,ENOFUTBLQ4-28,49.75,,,,,,,0,euronext,2026-09-22T20:41:38Z
2026-05-15,ENOFUTBLYR-27,49.64,,,49.68,49.37,,49.50,29,euronext,2026-09-22T20:41:38Z
2026-05-15,ENOFUTBLYR-28,44.05,,,44.02,43.99,,44.00,7,euronext,2026-09-22T20:41:38Z
2026-05-15,ENOFUTBLYR-29,43.80,,,,,,,10,euronext,2026-09-22T20:41:38Z
2026-05-15,ENOFUTBLYR-30,45.33,,,,,,,0,euronext,2026-09-22T20:41:38Z
2026-05-15,ENOFUTBLYR-31,47.24,,,,,,,0,euronext,2026-09-22T20:41:38Z
2026-05-15,ENOFUTBLYR-32,48.38,,,,,,,0,euronext,2026-09-22T20:41:38Z
2026-05-15,ENOFUTBLYR-33,48.88,,,,,,,0,euronext,2026-09-22T20:41:38Z
2026-05-15,ENOFUTBLYR-34,49.38,,,,,,,0,euronext,2026-09-22T20:41:38Z
2026-05-15,ENOFUTBLYR-35,49.88,,,,,,,0,euronext,2026-09-22T20:41:38Z
2026-05-15,ENOFUTBLYR-36,50.13,,,,,,,0,euronext,2026-09-22T20:41:38Z
2026-05-18,ENOFUTBLMNOV-26,76.30,,,,,,,0,euronext,2026-09-22T20:41:38Z
2026-05-18,ENOFUTBLMOCT-26,66.55,,,,,,,0,euronext,2026-09-22T20:41:38Z
2026-05-18,ENOFUTBLMSEP-26,66.25,,,69.00,68.00,,68.00,4,euronext,2026-09-22T20:41:38Z
2026-05-18,ENOFUTBLQ1-27,80.75,,,82.35,80.65,,82.30,24,euronext,2026-09-22T20:41:38Z
2026-05-18,ENOFUTBLQ1-28,68.50,,,,,,,0,euronext,2026-09-22T20:41:38Z
2026-05-18,ENOFUTBLQ2-27,37.05,,,38.00,37.00,,38.00,10,euronext,2026-09-22T20:41:38Z
2026-05-18,ENOFUTBLQ2-28,33.48,,,,,,,0,euronext,2026-09-22T20:41:38Z
2026-05-18,ENOFUTBLQ3-27,28.25,,,28.25,28.25,,28.25,1,euronext,2026-09-22T20:41:38Z
2026-05-18,ENOFUTBLQ3-28,24.50,,,,,,,0,euronext,2026-09-22T20:41:38Z
2026-05-18,ENOFUTBLQ4-26,75.55,,,77.90,75.40,,77.90,57,euronext,2026-09-22T20:41:38Z
2026-05-18,ENOFUTBLQ4-27,51.50,,,,,,,0,euronext,2026-09-22T20:41:38Z
2026-05-18,ENOFUTBLQ4-28,49.50,,,,,,,0,euronext,2026-09-22T20:41:38Z
2026-05-18,ENOFUTBLYR-27,49.25,,,50.15,49.17,,50.15,66,euronext,2026-09-22T20:41:38Z
2026-05-18,ENOFUTBLYR-28,43.75,,,44.00,44.00,,44.00,6,euronext,2026-09-22T20:41:38Z
2026-05-18,ENOFUTBLYR-29,43.60,,,43.80,43.60,,43.80,2,euronext,2026-09-22T20:41:38Z
2026-05-18,ENOFUTBLYR-30,45.20,,,,,,,0,euronext,2026-09-22T20:41:38Z
2026-05-18,ENOFUTBLYR-31,47.20,,,,,,,0,euronext,2026-09-22T20:41:38Z
2026-05-18,ENOFUTBLYR-32,48.38,,,,,,,0,euronext,2026-09-22T20:41:38Z
2026-05-18,ENOFUTBLYR-33,48.88,,,,,,,0,euronext,2026-09-22T20:41:38Z
2026-05-18,ENOFUTBLYR-34,49.38,,,,,,,0,euronext,2026-09-22T20:41:38Z
2026-05-18,ENOFUTBLYR-35,49.88,,,,,,,0,euronext,2026-09-22T20:41:38Z
2026-05-18,ENOFUTBLYR-36,50.13,,,,,,,0,euronext,2026-09-22T20:41:38Z
2026-05-19,ENOFUTBLMNOV-26,76.19,,,,,,,0,euronext,2026-09-22T20:41:38Z
2026-05-19,ENOFUTBLMOCT-26,65.16,,,,,,,0,euronext,2026-09-22T20:41:38Z
2026-05-19,ENOFUTBLMSEP-26,64.20,,,64.00,64.00,,64.00,9,euronext,2026-09-22T20:41:38Z
2026-05-19,ENOFUTBLQ1-27,80.70,,,80.70,79.50,,79.50,23,euronext,2026-09-22T20:41:38Z
2026-05-19,ENOFUTBLQ1-28,68.65,,,,,,,0,euronext,2026-09-22T20:41:38Z
2026-05-19,ENOFUTBLQ2-27,37.15,,,37.15,37.15,,37.15,2,euronext,2026-09-22T20:41:38Z
2026-05-19,ENOFUTBLQ2-28,33.63,,,,,,,0,euronext,2026-09-22T20:41:38Z
2026-05-19,ENOFUTBLQ3-27,28.70,,,,,,,0,euronext,2026-09-22T20:41:38Z
2026-05-19,ENOFUTBLQ3-28,24.93,,,,,,,0,euronext,2026-09-22T20:41:38Z
2026-05-19,ENOFUTBLQ4-26,75.20,,,75.20,74.55,,74.55,47,euronext,2026-09-22T20:41:38Z
2026-05-19,ENOFUTBLQ4-27,51.30,,,,,,,0,euronext,2026-09-22T20:41:38Z
2026-05-19,ENOFUTBLQ4-28,49.75,,,,,,,0,euronext,2026-09-22T20:41:38Z
2026-05-19,ENOFUTBLYR-27,49.23,,,49.30,48.70,,48.70,25,euronext,2026-09-22T20:41:38Z
2026-05-19,ENOFUTBLYR-28,44.00,,,44.00,43.60,,43.60,9,euronext,2026-09-22T20:41:38Z
2026-05-19,ENOFUTBLYR-29,43.63,,,,,,,0,euronext,2026-09-22T20:41:38Z
2026-05-19,ENOFUTBLYR-30,45.46,,,,,,,0,euronext,2026-09-22T20:41:38Z
2026-05-19,ENOFUTBLYR-31,47.20,,,,,,,0,euronext,2026-09-22T20:41:38Z
2026-05-19,ENOFUTBLYR-32,48.38,,,,,,,0,euronext,2026-09-22T20:41:38Z
2026-05-19,ENOFUTBLYR-33,48.88,,,,,,,0,euronext,2026-09-22T20:41:38Z
2026-05-19,ENOFUTBLYR-34,49.38,,,,,,,0,euronext,2026-09-22T20:41:38Z
2026-05-19,ENOFUTBLYR-35,49.88,,,,,,,0,euronext,2026-09-22T20:41:38Z
2026-05-19,ENOFUTBLYR-36,50.13,,,,,,,0,euronext,2026-09-22T20:41:38Z
2026-05-20,ENOFUTBLMNOV-26,76.85,,,76.60,76.60,,76.60,1,euronext,2026-09-22T20:41:38Z
2026-05-20,ENOFUTBLMOCT-26,65.00,,,65.00,65.00,,65.00,3,euronext,2026-09-22T20:41:38Z
2026-05-20,ENOFUTBLMSEP-26,64.50,,,64.50,64.20,,64.20,5,euronext,2026-09-22T20:41:38Z
2026-05-20,ENOFUTBLQ1-27,80.95,,,80.95,80.50,,80.50,8,euronext,2026-09-22T20:41:38Z
2026-05-20,ENOFUTBLQ1-28,68.78,,,,,,,9,euronext,2026-09-22T20:41:38Z
2026-05-20,ENOFUTBLQ2-27,37.30,,,37.30,37.15,,37.20,12,euronext,2026-09-22T20:41:38Z
2026-05-20,ENOFUTBLQ2-28,33.50,,,33.60,33.60,,33.60,5,euronext,2026-09-22T20:41:38Z
2026-05-20,ENOFUTBLQ3-27,28.30,,,28.30,28.25,,28.30,8,euronext,2026-09-22T20:41:38Z
2026-05-20,ENOFUTBLQ3-28,24.30,,,,,,,0,euronext,2026-09-22T20:41:38Z
2026-05-20,ENOFUTBLQ4-26,75.75,,,75.80,75.00,,75.00,65,euronext,2026-09-22T20:41:38Z
2026-05-20,ENOFUTBLQ4-27,51.40,,,,,,,0,euronext,2026-09-22T20:41:38Z
2026-05-20,ENOFUTBLQ4-28,49.35,,,,,,,0,euronext,2026-09-22T20:41:38Z
2026-05-20,ENOFUTBLYR-27,49.20,,,49.20,49.10,,49.20,31,euronext,2026-09-22T20:41:38Z
2026-05-20,ENOFUTBLYR-28,43.90,,,43.95,43.95,,43.95,8,euronext,2026-09-22T20:41:38Z
2026-05-20,ENOFUTBLYR-29,43.80,,,,,,,8,euronext,2026-09-22T20:41:38Z
2026-05-20,ENOFUTBLYR-30,45.10,,,,,,,3,euronext,2026-09-22T20:41:38Z
2026-05-20,ENOFUTBLYR-31,47.20,,,,,,,0,euronext,2026-09-22T20:41:38Z
2026-05-20,ENOFUTBLYR-32,48.38,,,,,,,0,euronext,2026-09-22T20:41:38Z
2026-05-20,ENOFUTBLYR-33,48.88,,,,,,,0,euronext,2026-09-22T20:41:38Z
2026-05-20,ENOFUTBLYR-34,49.38,,,,,,,0,euronext,2026-09-22T20:41:38Z
2026-05-20,ENOFUTBLYR-35,49.88,,,,,,,0,euronext,2026-09-22T20:41:38Z
2026-05-20,ENOFUTBLYR-36,50.13,,,,,,,0,euronext,2026-09-22T20:41:38Z
2026-05-21,ENOFUTBLMNOV-26,77.25,,,,,,,0,euronext,2026-09-22T20:41:38Z
2026-05-21,ENOFUTBLMOCT-26,65.25,,,,,,,30,euronext,2026-09-22T20:41:38Z
2026-05-21,ENOFUTBLMSEP-26,65.25,,,,,,,35,euronext,2026-09-22T20:41:38Z
2026-05-21,ENOFUTBLQ1-27,81.25,,,81.25,80.70,,80.70,33,euronext,2026-09-22T20:41:38Z
2026-05-21,ENOFUTBLQ1-28,68.12,,,,,,,0,euronext,2026-09-22T20:41:38Z
2026-05-21,ENOFUTBLQ2-27,37.30,,,37.30,37.30,,37.30,7,euronext,2026-09-22T20:41:38Z
2026-05-21,ENOFUTBLQ2-28,33.28,,,,,,,0,euronext,2026-09-22T20:41:38Z
2026-05-21,ENOFUTBLQ3-27,28.20,,,28.40,28.20,,28.40,11,euronext,2026-09-22T20:41:38Z
2026-05-21,ENOFUTBLQ3-28,24.50,,,,,,,0,euronext,2026-09-22T20:41:38Z
2026-05-21,ENOFUTBLQ4-26,76.35,,,76.35,75.40,,75.40,70,euronext,2026-09-22T20:41:38Z
2026-05-21,ENOFUTBLQ4-27,51.45,,,51.45,51.40,,51.40,2,euronext,2026-09-22T20:41:38Z
2026-05-21,ENOFUTBLQ4-28,49.40,,,49.40,49.40,,49.40,3,euronext,2026-09-22T20:41:38Z
2026-05-21,ENOFUTBLYR-27,49.26,,,49.35,48.80,,48.80,35,euronext,2026-09-22T20:41:38Z
2026-05-21,ENOFUTBLYR-28,43.75,,,43.80,43.75,,43.80,9,euronext,2026-09-22T20:41:38Z
2026-05-21,ENOFUTBLYR-29,43.80,,,43.80,43.80,,43.80,14,euronext,2026-09-22T20:41:38Z
2026-05-21,ENOFUTBLYR-30,45.10,,,,,,,0,euronext,2026-09-22T20:41:38Z
2026-05-21,ENOFUTBLYR-31,47.20,,,,,,,0,euronext,2026-09-22T20:41:38Z
2026-05-21,ENOFUTBLYR-32,48.38,,,,,,,0,euronext,2026-09-22T20:41:38Z
2026-05-21,ENOFUTBLYR-33,48.88,,,,,,,0,euronext,2026-09-22T20:41:38Z
2026-05-21,ENOFUTBLYR-34,49.38,,,,,,,0,euronext,2026-09-22T20:41:38Z
2026-05-21,ENOFUTBLYR-35,49.88,,,,,,,0,euronext,2026-09-22T20:41:38Z
2026-05-21,ENOFUTBLYR-36,50.13,,,,,,,0,euronext,2026-09-22T20:41:38Z
2026-05-22,ENOFUTBLMNOV-26,77.90,,,,,,,0,euronext,2026-09-22T20:41:38Z
2026-05-22,ENOFUTBLMOCT-26,65.00,,,65.00,65.00,,65.00,6,euronext,2026-09-22T20:41:38Z
2026-05-22,ENOFUTBLMSEP-26,65.00,,,65.00,65.00,,65.00,12,euronext,2026-09-22T20:41:38Z
2026-05-22,ENOFUTBLQ1-27,80.75,,,81.00,80.65,,81.00,39,euronext,2026-09-22T20:41:38Z
2026-05-22,ENOFUTBLQ1-28,68.55,,,68.55,68.55,,68.55,6,euronext,2026-09-22T20:41:38Z
2026-05-22,ENOFUTBLQ2-27,37.33,,,,,,,0,euronext,2026-09-22T20:41:38Z
2026-05-22,ENOFUTBLQ2-28,32.98,,,,,,,0,euronext,2026-09-22T20:41:38Z
2026-05-22,ENOFUTBLQ3-27,27.95,,,,,,,0,euronext,2026-09-22T20:41:38Z
2026-05-22,ENOFUTBLQ3-28,24.43,,,,,,,0,euronext,2026-09-22T20:41:38Z
2026-05-22,ENOFUTBLQ4-26,76.15,,,76.15,75.70,,75.85,93,euronext,2026-09-22T20:41:38Z
2026-05-22,ENOFUTBLQ4-27,51.50,,,,,,,0,euronext,2026-09-22T20:41:38Z
2026-05-22,ENOFUTBLQ4-28,49.28,,,,,,,0,euronext,2026-09-22T20:41:38Z
2026-05-22,ENOFUTBLYR-27,49.00,,,49.25,49.00,,49.15,34,euronext,2026-09-22T20:41:38Z
2026-05-22,ENOFUTBLYR-28,43.60,,,,,,,3,euronext,2026-09-22T20:41:38Z
2026-05-22,ENOFUTBLYR-29,43.75,,,43.75,43.75,,43.75,4,euronext,2026-09-22T20:41:38Z
2026-05-22,ENOFUTBLYR-30,45.00,,,45.00,45.00,,45.00,52,euronext,2026-09-22T20:41:38Z
2026-05-22,ENOFUTBLYR-31,47.33,,,,,,,0,euronext,2026-09-22T20:41:38Z
2026-05-22,ENOFUTBLYR-32,48.38,,,,,,,0,euronext,2026-09-22T20:41:38Z
2026-05-22,ENOFUTBLYR-33,48.88,,,,,,,0,euronext,2026-09-22T20:41:38Z
2026-05-22,ENOFUTBLYR-34,49.38,,,,,,,0,euronext,2026-09-22T20:41:38Z
2026-05-22,ENOFUTBLYR-35,49.88,,,,,,,0,euronext,2026-09-22T20:41:38Z
2026-05-22,ENOFUTBLYR-36,50.13,,,,,,,0,euronext,2026-09-22T20:41:38Z
2026-05-25,ENOFUTBLMNOV-26,77.90,,,,,,,0,euronext,2026-09-22T20:41:38Z
2026-05-25,ENOFUTBLMOCT-26,65.00,,,,,,,0,euronext,2026-09-22T20:41:38Z
2026-05-25,ENOFUTBLMSEP-26,65.00,,,,,,,0,euronext,2026-09-22T20:41:38Z
2026-05-25,ENOFUTBLQ1-27,80.75,,,,,,,0,euronext,2026-09-22T20:41:38Z
2026-05-25,ENOFUTBLQ1-28,68.55,,,,,,,0,euronext,2026-09-22T20:41:38Z
2026-05-25,ENOFUTBLQ2-27,37.33,,,,,,,0,euronext,2026-09-22T20:41:38Z
2026-05-25,ENOFUTBLQ2-28,32.98,,,,,,,0,euronext,2026-09-22T20:41:38Z
2026-05-25,ENOFUTBLQ3-27,27.95,,,,,,,0,euronext,2026-09-22T20:41:38Z
2026-05-25,ENOFUTBLQ3-28,24.43,,,,,,,0,euronext,2026-09-22T20:41:38Z
2026-05-25,ENOFUTBLQ4-26,76.15,,,,,,,0,euronext,2026-09-22T20:41:38Z
2026-05-25,ENOFUTBLQ4-27,51.50,,,,,,,0,euronext,2026-09-22T20:41:38Z
2026-05-25,ENOFUTBLQ4-28,49.28,,,,,,,0,euronext,2026-09-22T20:41:38Z
2026-05-25,ENOFUTBLYR-27,49.00,,,,,,,0,euronext,2026-09-22T20:41:38Z
2026-05-25,ENOFUTBLYR-28,43.60,,,,,,,0,euronext,2026-09-22T20:41:38Z
2026-05-25,ENOFUTBLYR-29,43.75,,,,,,,0,euronext,2026-09-22T20:41:38Z
2026-05-25,ENOFUTBLYR-30,45.00,,,,,,,0,euronext,2026-09-22T20:41:38Z
2026-05-25,ENOFUTBLYR-31,47.33,,,,,,,0,euronext,2026-09-22T20:41:38Z
2026-05-25,ENOFUTBLYR-32,48.38,,,,,,,0,euronext,2026-09-22T20:41:38Z
2026-05-25,ENOFUTBLYR-33,48.88,,,,,,,0,euronext,2026-09-22T20:41:38Z
2026-05-25,ENOFUTBLYR-34,49.38,,,,,,,0,euronext,2026-09-22T20:41:38Z
2026-05-25,ENOFUTBLYR-35,49.88,,,,,,,0,euronext,2026-09-22T20:41:38Z
2026-05-25,ENOFUTBLYR-36,50.13,,,,,,,0,euronext,2026-09-22T20:41:38Z
2026-05-26,ENOFUTBLMNOV-26,77.45,,,,,,,0,euronext,2026-09-22T20:41:38Z
2026-05-26,ENOFUTBLMOCT-26,62.72,,,,,,,0,euronext,2026-09-22T20:41:38Z
2026-05-26,ENOFUTBLMSEP-26,63.70,,,63.70,63.50,,63.65,4,euronext,2026-09-22T20:41:38Z
2026-05-26,ENOFUTBLQ1-27,79.95,,,80.00,79.80,,79.90,21,euronext,2026-09-22T20:41:38Z
2026-05-26,ENOFUTBLQ1-28,68.50,,,68.50,68.50,,68.50,5,euronext,2026-09-22T20:41:38Z
2026-05-26,ENOFUTBLQ2-27,36.75,,,36.75,36.60,,36.60,13,euronext,2026-09-22T20:41:38Z
2026-05-26,ENOFUTBLQ2-28,32.90,,,,,,,0,euronext,2026-09-22T20:41:38Z
2026-05-26,ENOFUTBLQ3-27,27.50,,,27.50,27.50,,27.50,1,euronext,2026-09-22T20:41:38Z
2026-05-26,ENOFUTBLQ3-28,24.58,,,,,,,0,euronext,2026-09-22T20:41:38Z
2026-05-26,ENOFUTBLQ4-26,74.88,,,75.00,74.24,,74.24,109,euronext,2026-09-22T20:41:38Z
2026-05-26,ENOFUTBLQ4-27,51.00,,,51.00,51.00,,51.00,3,euronext,2026-09-22T20:41:38Z
2026-05-26,ENOFUTBLQ4-28,49.48,,,,,,,0,euronext,2026-09-22T20:41:38Z
2026-05-26,ENOFUTBLYR-27,48.50,,,48.50,48.30,,48.30,50,euronext,2026-09-22T20:41:38Z
2026-05-26,ENOFUTBLYR-28,43.60,,,43.60,43.50,,43.50,7,euronext,2026-09-22T20:41:38Z
2026-05-26,ENOFUTBLYR-29,43.75,,,43.75,43.75,,43.75,1,euronext,2026-09-22T20:41:38Z
2026-05-26,ENOFUTBLYR-30,45.11,,,,,,,0,euronext,2026-09-22T20:41:38Z
2026-05-26,ENOFUTBLYR-31,46.98,,,,,,,0,euronext,2026-09-22T20:41:38Z
2026-05-26,ENOFUTBLYR-32,48.38,,,,,,,0,euronext,2026-09-22T20:41:38Z
2026-05-26,ENOFUTBLYR-33,48.88,,,,,,,0,euronext,2026-09-22T20:41:38Z
2026-05-26,ENOFUTBLYR-34,49.38,,,,,,,0,euronext,2026-09-22T20:41:38Z
2026-05-26,ENOFUTBLYR-35,49.88,,,,,,,0,euronext,2026-09-22T20:41:38Z
2026-05-26,ENOFUTBLYR-36,50.13,,,,,,,0,euronext,2026-09-22T20:41:38Z
2026-05-27,ENOFUTBLMNOV-26,76.50,,,76.00,76.00,,76.00,6,euronext,2026-09-22T20:41:38Z
2026-05-27,ENOFUTBLMOCT-26,62.28,,,61.25,61.25,,61.25,5,euronext,2026-09-22T20:41:38Z
2026-05-27,ENOFUTBLMSEP-26,61.95,,,61.90,61.80,,61.80,3,euronext,2026-09-22T20:41:38Z
2026-05-27,ENOFUTBLQ1-27,78.70,,,79.25,78.75,,79.25,15,euronext,2026-09-22T20:41:38Z
2026-05-27,ENOFUTBLQ1-28,68.05,,,67.95,67.95,,67.95,3,euronext,2026-09-22T20:41:38Z
2026-05-27,ENOFUTBLQ2-27,35.83,,,36.25,35.75,,36.25,12,euronext,2026-09-22T20:41:38Z
2026-05-27,ENOFUTBLQ2-28,32.80,,,32.85,32.80,,32.85,4,euronext,2026-09-22T20:41:38Z
2026-05-27,ENOFUTBLQ3-27,26.68,,,26.80,26.55,,26.80,4,euronext,2026-09-22T20:41:38Z
2026-05-27,ENOFUTBLQ3-28,23.75,,,,,,,0,euronext,2026-09-22T20:41:38Z
2026-05-27,ENOFUTBLQ4-26,73.28,,,73.50,73.00,,73.50,65,euronext,2026-09-22T20:41:38Z
2026-05-27,ENOFUTBLQ4-27,50.00,,,50.50,50.00,,50.50,3,euronext,2026-09-22T20:41:38Z
2026-05-27,ENOFUTBLQ4-28,49.33,,,49.15,49.10,,49.15,2,euronext,2026-09-22T20:41:38Z
2026-05-27,ENOFUTBLYR-27,47.51,,,48.05,47.50,,48.00,41,euronext,2026-09-22T20:41:38Z
2026-05-27,ENOFUTBLYR-28,43.35,,,43.30,43.30,,43.30,6,euronext,2026-09-22T20:41:38Z
2026-05-27,ENOFUTBLYR-29,43.45,,,43.45,43.45,,43.45,9,euronext,2026-09-22T20:41:38Z
2026-05-27,ENOFUTBLYR-30,45.00,,,,,,,0,euronext,2026-09-22T20:41:38Z
2026-05-27,ENOFUTBLYR-31,46.98,,,,,,,0,euronext,2026-09-22T20:41:38Z
2026-05-27,ENOFUTBLYR-32,48.38,,,,,,,0,euronext,2026-09-22T20:41:38Z
2026-05-27,ENOFUTBLYR-33,48.88,,,,,,,0,euronext,2026-09-22T20:41:38Z
2026-05-27,ENOFUTBLYR-34,49.38,,,,,,,0,euronext,2026-09-22T20:41:38Z
2026-05-27,ENOFUTBLYR-35,49.88,,,,,,,0,euronext,2026-09-22T20:41:38Z
2026-05-27,ENOFUTBLYR-36,50.13,,,,,,,0,euronext,2026-09-22T20:41:38Z
2026-05-28,ENOFUTBLMNOV-26,77.72,,,,,,,0,euronext,2026-09-22T20:41:38Z
2026-05-28,ENOFUTBLMOCT-26,64.00,,,,,,,0,euronext,2026-09-22T20:41:38Z
2026-05-28,ENOFUTBLMSEP-26,64.10,,,64.10,64.00,,64.00,63,euronext,2026-09-22T20:41:38Z
2026-05-28,ENOFUTBLQ1-27,79.80,,,79.80,79.00,,79.00,59,euronext,2026-09-22T20:41:38Z
2026-05-28,ENOFUTBLQ1-28,68.50,,,68.50,68.50,,68.50,3,euronext,2026-09-22T20:41:38Z
2026-05-28,ENOFUTBLQ2-27,36.60,,,36.60,36.20,,36.20,13,euronext,2026-09-22T20:41:38Z
2026-05-28,ENOFUTBLQ2-28,32.98,,,,,,,0,euronext,2026-09-22T20:41:38Z
2026-05-28,ENOFUTBLQ3-27,27.10,,,,,,,0,euronext,2026-09-22T20:41:38Z
2026-05-28,ENOFUTBLQ3-28,23.75,,,,,,,0,euronext,2026-09-22T20:41:38Z
2026-05-28,ENOFUTBLQ4-26,74.95,,,74.95,74.20,,74.25,73,euronext,2026-09-22T20:41:38Z
2026-05-28,ENOFUTBLQ4-27,50.50,,,,,,,2,euronext,2026-09-22T20:41:38Z
2026-05-28,ENOFUTBLQ4-28,49.55,,,,,,,0,euronext,2026-09-22T20:41:38Z
2026-05-28,ENOFUTBLYR-27,48.25,,,48.25,48.15,,48.15,43,euronext,2026-09-22T20:41:38Z
2026-05-28,ENOFUTBLYR-28,43.65,,,,,,,2,euronext,2026-09-22T20:41:38Z
2026-05-28,ENOFUTBLYR-29,43.98,,,,,,,0,euronext,2026-09-22T20:41:38Z
2026-05-28,ENOFUTBLYR-30,45.00,,,,,,,6,euronext,2026-09-22T20:41:38Z
2026-05-28,ENOFUTBLYR-31,46.98,,,,,,,0,euronext,2026-09-22T20:41:38Z
2026-05-28,ENOFUTBLYR-32,48.38,,,,,,,0,euronext,2026-09-22T20:41:38Z
2026-05-28,ENOFUTBLYR-33,48.88,,,,,,,0,euronext,2026-09-22T20:41:38Z
2026-05-28,ENOFUTBLYR-34,49.38,,,,,,,0,euronext,2026-09-22T20:41:38Z
2026-05-28,ENOFUTBLYR-35,49.88,,,,,,,0,euronext,2026-09-22T20:41:38Z
2026-05-28,ENOFUTBLYR-36,50.13,,,,,,,0,euronext,2026-09-22T20:41:38Z
2026-05-29,ENOFUTBLMNOV-26,79.33,,,,,,,3,euronext,2026-09-22T20:41:38Z
2026-05-29,ENOFUTBLMOCT-26,65.41,,,,,,,0,euronext,2026-09-22T20:41:38Z
2026-05-29,ENOFUTBLMSEP-26,66.00,,,66.00,66.00,,66.00,3,euronext,2026-09-22T20:41:38Z
2026-05-29,ENOFUTBLQ1-27,81.20,,,81.20,80.80,,81.00,55,euronext,2026-09-22T20:41:38Z
2026-05-29,ENOFUTBLQ1-28,68.50,,,68.55,68.55,,68.55,2,euronext,2026-09-22T20:41:38Z
2026-05-29,ENOFUTBLQ2-27,37.20,,,37.20,37.00,,37.00,6,euronext,2026-09-22T20:41:38Z
2026-05-29,ENOFUTBLQ2-28,33.10,,,,,,,0,euronext,2026-09-22T20:41:38Z
2026-05-29,ENOFUTBLQ3-27,27.30,,,27.40,27.20,,27.40,21,euronext,2026-09-22T20:41:38Z
2026-05-29,ENOFUTBLQ3-28,24.13,,,,,,,0,euronext,2026-09-22T20:41:38Z
2026-05-29,ENOFUTBLQ4-26,76.70,,,76.80,75.85,,75.85,151,euronext,2026-09-22T20:41:38Z
2026-05-29,ENOFUTBLQ4-27,50.51,,,50.55,50.55,,50.55,2,euronext,2026-09-22T20:41:38Z
2026-05-29,ENOFUTBLQ4-28,49.70,,,,,,,0,euronext,2026-09-22T20:41:38Z
2026-05-29,ENOFUTBLYR-27,48.78,,,48.85,48.75,,48.82,25,euronext,2026-09-22T20:41:38Z
2026-05-29,ENOFUTBLYR-28,43.70,,,43.75,43.65,,43.75,20,euronext,2026-09-22T20:41:38Z
2026-05-29,ENOFUTBLYR-29,43.98,,,,,,,0,euronext,2026-09-22T20:41:38Z
2026-05-29,ENOFUTBLYR-30,45.00,,,,,,,1,euronext,2026-09-22T20:41:38Z
2026-05-29,ENOFUTBLYR-31,46.98,,,,,,,0,euronext,2026-09-22T20:41:38Z
2026-05-29,ENOFUTBLYR-32,48.38,,,,,,,0,euronext,2026-09-22T20:41:38Z
2026-05-29,ENOFUTBLYR-33,48.88,,,,,,,0,euronext,2026-09-22T20:41:38Z
2026-05-29,ENOFUTBLYR-34,49.38,,,,,,,0,euronext,2026-09-22T20:41:38Z
2026-05-29,ENOFUTBLYR-35,49.88,,,,,,,0,euronext,2026-09-22T20:41:38Z
2026-05-29,ENOFUTBLYR-36,50.13,,,,,,,0,euronext,2026-09-22T20:41:38Z
2026-06-01,ENOFUTBLMDEC-26,88.60,,,87.33,87.33,,87.33,6,euronext,2026-09-22T20:41:38Z
2026-06-01,ENOFUTBLMNOV-26,82.28,,,,,,,0,euronext,2026-09-22T20:41:38Z
2026-06-01,ENOFUTBLMOCT-26,67.50,,,,,,,0,euronext,2026-09-22T20:41:38Z
2026-06-01,ENOFUTBLMSEP-26,68.50,,,68.90,67.65,,68.90,18,euronext,2026-09-22T20:41:38Z
2026-06-01,ENOFUTBLQ1-27,83.58,,,83.50,82.50,,83.00,48,euronext,2026-09-22T20:41:38Z
2026-06-01,ENOFUTBLQ1-28,68.78,,,,,,,0,euronext,2026-09-22T20:41:38Z
2026-06-01,ENOFUTBLQ2-27,38.45,,,38.50,37.95,,37.95,3,euronext,2026-09-22T20:41:38Z
2026-06-01,ENOFUTBLQ2-28,33.60,,,,,,,0,euronext,2026-09-22T20:41:38Z
2026-06-01,ENOFUTBLQ3-27,28.40,,,,,,,0,euronext,2026-09-22T20:41:38Z
2026-06-01,ENOFUTBLQ3-28,24.50,,,,,,,0,euronext,2026-09-22T20:41:38Z
2026-06-01,ENOFUTBLQ4-26,79.40,,,79.50,78.40,,79.00,126,euronext,2026-09-22T20:41:38Z
2026-06-01,ENOFUTBLQ4-27,51.28,,,,,,,0,euronext,2026-09-22T20:41:38Z
2026-06-01,ENOFUTBLQ4-28,49.80,,,,,,,0,euronext,2026-09-22T20:41:38Z
2026-06-01,ENOFUTBLYR-27,50.35,,,50.35,49.60,,50.00,59,euronext,2026-09-22T20:41:38Z
2026-06-01,ENOFUTBLYR-28,43.95,,,44.00,43.95,,43.95,14,euronext,2026-09-22T20:41:38Z
2026-06-01,ENOFUTBLYR-29,44.00,,,44.00,44.00,,44.00,7,euronext,2026-09-22T20:41:38Z
2026-06-01,ENOFUTBLYR-30,45.00,,,,,,,0,euronext,2026-09-22T20:41:38Z
2026-06-01,ENOFUTBLYR-31,46.98,,,,,,,0,euronext,2026-09-22T20:41:38Z
2026-06-01,ENOFUTBLYR-32,48.38,,,,,,,0,euronext,2026-09-22T20:41:38Z
2026-06-01,ENOFUTBLYR-33,48.88,,,,,,,0,euronext,2026-09-22T20:41:38Z
2026-06-01,ENOFUTBLYR-34,49.38,,,,,,,0,euronext,2026-09-22T20:41:38Z
2026-06-01,ENOFUTBLYR-35,49.88,,,,,,,0,euronext,2026-09-22T20:41:38Z
2026-06-01,ENOFUTBLYR-36,50.13,,,,,,,0,euronext,2026-09-22T20:41:38Z
2026-06-02,ENOFUTBLMDEC-26,87.21,,,87.21,87.21,,87.21,3,euronext,2026-09-22T20:41:38Z
2026-06-02,ENOFUTBLMNOV-26,81.53,,,,,,,0,euronext,2026-09-22T20:41:38Z
2026-06-02,ENOFUTBLMOCT-26,67.00,,,67.00,67.00,,67.00,1,euronext,2026-09-22T20:41:38Z
2026-06-02,ENOFUTBLMSEP-26,67.10,,,67.15,67.00,,67.00,14,euronext,2026-09-22T20:41:38Z
2026-06-02,ENOFUTBLQ1-27,83.25,,,83.25,83.00,,83.00,44,euronext,2026-09-22T20:41:38Z
2026-06-02,ENOFUTBLQ1-28,68.95,,,,,,,0,euronext,2026-09-22T20:41:38Z
2026-06-02,ENOFUTBLQ2-27,38.25,,,,,,,3,euronext,2026-09-22T20:41:38Z
2026-06-02,ENOFUTBLQ2-28,33.45,,,33.45,33.45,,33.45,1,euronext,2026-09-22T20:41:38Z
2026-06-02,ENOFUTBLQ3-27,28.33,,,,,,,0,euronext,2026-09-22T20:41:38Z
2026-06-02,ENOFUTBLQ3-28,23.80,,,,,,,0,euronext,2026-09-22T20:41:38Z
2026-06-02,ENOFUTBLQ4-26,78.74,,,78.75,77.85,,77.85,59,euronext,2026-09-22T20:41:38Z
2026-06-02,ENOFUTBLQ4-27,51.33,,,,,,,0,euronext,2026-09-22T20:41:38Z
2026-06-02,ENOFUTBLQ4-28,50.05,,,,,,,0,euronext,2026-09-22T20:41:38Z
2026-06-02,ENOFUTBLYR-27,49.90,,,49.95,49.85,,49.85,40,euronext,2026-09-22T20:41:38Z
2026-06-02,ENOFUTBLYR-28,43.90,,,,,,,12,euronext,2026-09-22T20:41:38Z
2026-06-02,ENOFUTBLYR-29,43.90,,,,,,,15,euronext,2026-09-22T20:41:38Z
2026-06-02,ENOFUTBLYR-30,45.00,,,,,,,0,euronext,2026-09-22T20:41:38Z
2026-06-02,ENOFUTBLYR-31,46.98,,,,,,,0,euronext,2026-09-22T20:41:38Z
2026-06-02,ENOFUTBLYR-32,48.38,,,,,,,0,euronext,2026-09-22T20:41:38Z
2026-06-02,ENOFUTBLYR-33,48.88,,,,,,,0,euronext,2026-09-22T20:41:38Z
2026-06-02,ENOFUTBLYR-34,49.38,,,,,,,0,euronext,2026-09-22T20:41:38Z
2026-06-02,ENOFUTBLYR-35,49.88,,,,,,,0,euronext,2026-09-22T20:41:38Z
2026-06-02,ENOFUTBLYR-36,50.13,,,,,,,0,euronext,2026-09-22T20:41:38Z
2026-06-03,ENOFUTBLMDEC-26,88.80,,,,,,,16,euronext,2026-09-22T20:41:38Z
2026-06-03,ENOFUTBLMNOV-26,83.50,,,,,,,0,euronext,2026-09-22T20:41:38Z
2026-06-03,ENOFUTBLMOCT-26,69.00,,,69.00,69.00,,69.00,13,euronext,2026-09-22T20:41:38Z
2026-06-03,ENOFUTBLMSEP-26,67.75,,,68.00,67.50,,67.75,41,euronext,2026-09-22T20:41:38Z
2026-06-03,ENOFUTBLQ1-27,84.96,,,85.00,84.00,,84.00,22,euronext,2026-09-22T20:41:38Z
2026-06-03,ENOFUTBLQ1-28,69.15,,,,,,,0,euronext,2026-09-22T20:41:38Z
2026-06-03,ENOFUTBLQ2-27,39.25,,,,,,,0,euronext,2026-09-22T20:41:38Z
2026-06-03,ENOFUTBLQ2-28,34.22,,,,,,,0,euronext,2026-09-22T20:41:38Z
2026-06-03,ENOFUTBLQ3-27,29.00,,,,,,,49,euronext,2026-09-22T20:41:38Z
2026-06-03,ENOFUTBLQ3-28,24.00,,,,,,,0,euronext,2026-09-22T20:41:38Z
2026-06-03,ENOFUTBLQ4-26,80.80,,,81.00,80.00,,80.00,190,euronext,2026-09-22T20:41:38Z
2026-06-03,ENOFUTBLQ4-27,51.45,,,,,,,20,euronext,2026-09-22T20:41:38Z
2026-06-03,ENOFUTBLQ4-28,50.25,,,,,,,0,euronext,2026-09-22T20:41:38Z
2026-06-03,ENOFUTBLYR-27,50.95,,,50.90,50.35,,50.35,52,euronext,2026-09-22T20:41:38Z
2026-06-03,ENOFUTBLYR-28,44.25,,,44.25,44.25,,44.25,12,euronext,2026-09-22T20:41:38Z
2026-06-03,ENOFUTBLYR-29,44.15,,,44.15,44.15,,44.15,10,euronext,2026-09-22T20:41:38Z
2026-06-03,ENOFUTBLYR-30,45.50,,,45.50,45.50,,45.50,2,euronext,2026-09-22T20:41:38Z
2026-06-03,ENOFUTBLYR-31,46.43,,,,,,,0,euronext,2026-09-22T20:41:38Z
2026-06-03,ENOFUTBLYR-32,48.38,,,,,,,0,euronext,2026-09-22T20:41:38Z
2026-06-03,ENOFUTBLYR-33,48.88,,,,,,,0,euronext,2026-09-22T20:41:38Z
2026-06-03,ENOFUTBLYR-34,49.38,,,,,,,0,euronext,2026-09-22T20:41:38Z
2026-06-03,ENOFUTBLYR-35,49.88,,,,,,,0,euronext,2026-09-22T20:41:38Z
2026-06-03,ENOFUTBLYR-36,50.13,,,,,,,0,euronext,2026-09-22T20:41:38Z
2026-06-04,ENOFUTBLMDEC-26,88.25,,,,,,,0,euronext,2026-09-22T20:41:38Z
2026-06-04,ENOFUTBLMNOV-26,82.25,,,,,,,0,euronext,2026-09-22T20:41:38Z
2026-06-04,ENOFUTBLMOCT-26,67.50,,,,,,,0,euronext,2026-09-22T20:41:38Z
2026-06-04,ENOFUTBLMSEP-26,65.90,,,66.35,65.90,,66.35,12,euronext,2026-09-22T20:41:38Z
2026-06-04,ENOFUTBLQ1-27,84.05,,,84.40,84.05,,84.40,52,euronext,2026-09-22T20:41:38Z
2026-06-04,ENOFUTBLQ1-28,68.85,,,,,,,15,euronext,2026-09-22T20:41:38Z
2026-06-04,ENOFUTBLQ2-27,38.75,,,,,,,10,euronext,2026-09-22T20:41:38Z
2026-06-04,ENOFUTBLQ2-28,34.00,,,,,,,0,euronext,2026-09-22T20:41:38Z
2026-06-04,ENOFUTBLQ3-27,28.75,,,,,,,10,euronext,2026-09-22T20:41:38Z
2026-06-04,ENOFUTBLQ3-28,24.00,,,24.00,23.90,,23.90,4,euronext,2026-09-22T20:41:38Z
2026-06-04,ENOFUTBLQ4-26,79.25,,,80.00,79.25,,80.00,74,euronext,2026-09-22T20:41:38Z
2026-06-04,ENOFUTBLQ4-27,51.00,,,,,,,0,euronext,2026-09-22T20:41:38Z
2026-06-04,ENOFUTBLQ4-28,50.00,,,,,,,0,euronext,2026-09-22T20:41:38Z
2026-06-04,ENOFUTBLYR-27,50.25,,,50.60,50.25,,50.30,49,euronext,2026-09-22T20:41:38Z
2026-06-04,ENOFUTBLYR-28,44.03,,,44.20,44.10,,44.20,15,euronext,2026-09-22T20:41:38Z
2026-06-04,ENOFUTBLYR-29,43.90,,,44.00,44.00,,44.00,7,euronext,2026-09-22T20:41:38Z
2026-06-04,ENOFUTBLYR-30,44.85,,,,,,,0,euronext,2026-09-22T20:41:38Z
2026-06-04,ENOFUTBLYR-31,46.25,,,,,,,5,euronext,2026-09-22T20:41:38Z
2026-06-04,ENOFUTBLYR-32,48.38,,,,,,,0,euronext,2026-09-22T20:41:38Z
2026-06-04,ENOFUTBLYR-33,48.88,,,,,,,0,euronext,2026-09-22T20:41:38Z
2026-06-04,ENOFUTBLYR-34,49.38,,,,,,,0,euronext,2026-09-22T20:41:38Z
2026-06-04,ENOFUTBLYR-35,49.88,,,,,,,0,euronext,2026-09-22T20:41:38Z
2026-06-04,ENOFUTBLYR-36,50.13,,,,,,,0,euronext,2026-09-22T20:41:38Z
2026-06-05,ENOFUTBLMDEC-26,86.80,,,87.25,86.80,,87.25,17,euronext,2026-09-22T20:41:38Z
2026-06-05,ENOFUTBLMNOV-26,81.25,,,81.25,81.25,,81.25,13,euronext,2026-09-22T20:41:38Z
2026-06-05,ENOFUTBLMOCT-26,66.50,,,,,,,0,euronext,2026-09-22T20:41:38Z
2026-06-05,ENOFUTBLMSEP-26,64.50,,,64.50,64.00,,64.00,22,euronext,2026-09-22T20:41:38Z
2026-06-05,ENOFUTBLQ1-27,83.40,,,83.50,83.10,,83.20,49,euronext,2026-09-22T20:41:38Z
2026-06-05,ENOFUTBLQ1-28,68.73,,,68.75,68.70,,68.75,6,euronext,2026-09-22T20:41:38Z
2026-06-05,ENOFUTBLQ2-27,38.80,,,38.80,38.00,,38.15,16,euronext,2026-09-22T20:41:38Z
2026-06-05,ENOFUTBLQ2-28,34.00,,,34.00,34.00,,34.00,1,euronext,2026-09-22T20:41:38Z
2026-06-05,ENOFUTBLQ3-27,28.10,,,28.10,28.10,,28.10,1,euronext,2026-09-22T20:41:38Z
2026-06-05,ENOFUTBLQ3-28,24.68,,,,,,,0,euronext,2026-09-22T20:41:38Z
2026-06-05,ENOFUTBLQ4-26,78.25,,,78.00,77.55,,77.75,109,euronext,2026-09-22T20:41:38Z
2026-06-05,ENOFUTBLQ4-27,51.00,,,,,,,0,euronext,2026-09-22T20:41:38Z
2026-06-05,ENOFUTBLQ4-28,49.00,,,,,,,0,euronext,2026-09-22T20:41:38Z
2026-06-05,ENOFUTBLYR-27,49.90,,,49.90,49.65,,49.70,31,euronext,2026-09-22T20:41:38Z
2026-06-05,ENOFUTBLYR-28,43.90,,,43.90,43.90,,43.90,7,euronext,2026-09-22T20:41:38Z
2026-06-05,ENOFUTBLYR-29,44.05,,,44.05,44.05,,44.05,6,euronext,2026-09-22T20:41:38Z
2026-06-05,ENOFUTBLYR-30,45.00,,,,,,,0,euronext,2026-09-22T20:41:38Z
2026-06-05,ENOFUTBLYR-31,46.00,,,,,,,1,euronext,2026-09-22T20:41:38Z
2026-06-05,ENOFUTBLYR-32,48.38,,,,,,,0,euronext,2026-09-22T20:41:38Z
2026-06-05,ENOFUTBLYR-33,48.88,,,,,,,0,euronext,2026-09-22T20:41:38Z
2026-06-05,ENOFUTBLYR-34,49.38,,,,,,,0,euronext,2026-09-22T20:41:38Z
2026-06-05,ENOFUTBLYR-35,49.88,,,,,,,0,euronext,2026-09-22T20:41:38Z
2026-06-05,ENOFUTBLYR-36,50.13,,,,,,,0,euronext,2026-09-22T20:41:38Z
2026-06-08,ENOFUTBLMDEC-26,87.50,,,88.00,88.00,,88.00,3,euronext,2026-09-22T20:41:38Z
2026-06-08,ENOFUTBLMNOV-26,82.05,,,,,,,0,euronext,2026-09-22T20:41:38Z
2026-06-08,ENOFUTBLMOCT-26,67.15,,,67.50,67.50,,67.50,5,euronext,2026-09-22T20:41:38Z
2026-06-08,ENOFUTBLMSEP-26,65.00,,,66.50,65.00,,66.50,6,euronext,2026-09-22T20:41:38Z
2026-06-08,ENOFUTBLQ1-27,83.70,,,85.20,83.70,,85.20,39,euronext,2026-09-22T20:41:38Z
2026-06-08,ENOFUTBLQ1-28,68.75,,,69.20,68.75,,69.20,4,euronext,2026-09-22T20:41:38Z
2026-06-08,ENOFUTBLQ2-27,38.40,,,38.70,38.40,,38.70,8,euronext,2026-09-22T20:41:38Z
2026-06-08,ENOFUTBLQ2-28,33.43,,,,,,,0,euronext,2026-09-22T20:41:38Z
2026-06-08,ENOFUTBLQ3-27,28.00,,,28.10,28.00,,28.10,6,euronext,2026-09-22T20:41:38Z
2026-06-08,ENOFUTBLQ3-28,24.50,,,24.50,24.50,,24.50,2,euronext,2026-09-22T20:41:38Z
2026-06-08,ENOFUTBLQ4-26,78.65,,,80.60,78.45,,80.60,108,euronext,2026-09-22T20:41:38Z
2026-06-08,ENOFUTBLQ4-27,50.75,,,51.50,50.75,,51.50,4,euronext,2026-09-22T20:41:38Z
2026-06-08,ENOFUTBLQ4-28,49.15,,,,,,,0,euronext,2026-09-22T20:41:38Z
2026-06-08,ENOFUTBLYR-27,49.87,,,50.50,49.80,,50.50,42,euronext,2026-09-22T20:41:38Z
2026-06-08,ENOFUTBLYR-28,43.80,,,43.90,43.80,,43.90,5,euronext,2026-09-22T20:41:38Z
2026-06-08,ENOFUTBLYR-29,43.75,,,,,,,7,euronext,2026-09-22T20:41:38Z
2026-06-08,ENOFUTBLYR-30,45.00,,,,,,,2,euronext,2026-09-22T20:41:38Z
2026-06-08,ENOFUTBLYR-31,46.38,,,,,,,0,euronext,2026-09-22T20:41:38Z
2026-06-08,ENOFUTBLYR-32,48.38,,,,,,,0,euronext,2026-09-22T20:41:38Z
2026-06-08,ENOFUTBLYR-33,48.88,,,,,,,0,euronext,2026-09-22T20:41:38Z
2026-06-08,ENOFUTBLYR-34,49.38,,,,,,,0,euronext,2026-09-22T20:41:38Z
2026-06-08,ENOFUTBLYR-35,49.88,,,,,,,0,euronext,2026-09-22T20:41:38Z
2026-06-08,ENOFUTBLYR-36,50.13,,,,,,,0,euronext,2026-09-22T20:41:38Z
2026-06-09,ENOFUTBLMDEC-26,86.00,,,86.00,86.00,,86.00,1,euronext,2026-09-22T20:41:38Z
2026-06-09,ENOFUTBLMNOV-26,80.50,,,81.20,80.50,,81.20,6,euronext,2026-09-22T20:41:38Z
2026-06-09,ENOFUTBLMOCT-26,64.88,,,65.00,64.88,,65.00,2,euronext,2026-09-22T20:41:38Z
2026-06-09,ENOFUTBLMSEP-26,62.65,,,63.25,62.65,,63.25,26,euronext,2026-09-22T20:41:38Z
2026-06-09,ENOFUTBLQ1-27,82.20,,,82.75,82.10,,82.75,25,euronext,2026-09-22T20:41:38Z
2026-06-09,ENOFUTBLQ1-28,68.10,,,68.50,68.10,,68.50,6,euronext,2026-09-22T20:41:38Z
2026-06-09,ENOFUTBLQ2-27,37.50,,,37.85,37.50,,37.85,21,euronext,2026-09-22T20:41:38Z
2026-06-09,ENOFUTBLQ2-28,33.25,,,,,,,0,euronext,2026-09-22T20:41:38Z
2026-06-09,ENOFUTBLQ3-27,27.50,,,27.50,27.50,,27.50,12,euronext,2026-09-22T20:41:38Z
2026-06-09,ENOFUTBLQ3-28,24.10,,,24.20,24.10,,24.20,12,euronext,2026-09-22T20:41:38Z
2026-06-09,ENOFUTBLQ4-26,76.70,,,77.50,76.50,,77.50,84,euronext,2026-09-22T20:41:38Z
2026-06-09,ENOFUTBLQ4-27,50.30,,,50.50,50.30,,50.50,7,euronext,2026-09-22T20:41:38Z
2026-06-09,ENOFUTBLQ4-28,49.30,,,49.30,49.30,,49.30,3,euronext,2026-09-22T20:41:38Z
2026-06-09,ENOFUTBLYR-27,49.20,,,49.50,49.20,,49.40,37,euronext,2026-09-22T20:41:38Z
2026-06-09,ENOFUTBLYR-28,43.65,,,43.80,43.65,,43.80,17,euronext,2026-09-22T20:41:38Z
2026-06-09,ENOFUTBLYR-29,43.50,,,43.50,43.50,,43.50,14,euronext,2026-09-22T20:41:38Z
2026-06-09,ENOFUTBLYR-30,44.80,,,44.80,44.80,,44.80,1,euronext,2026-09-22T20:41:38Z
2026-06-09,ENOFUTBLYR-31,46.30,,,,,,,0,euronext,2026-09-22T20:41:38Z
2026-06-09,ENOFUTBLYR-32,48.38,,,,,,,0,euronext,2026-09-22T20:41:38Z
2026-06-09,ENOFUTBLYR-33,48.88,,,,,,,0,euronext,2026-09-22T20:41:38Z
2026-06-09,ENOFUTBLYR-34,49.38,,,,,,,0,euronext,2026-09-22T20:41:38Z
2026-06-09,ENOFUTBLYR-35,49.88,,,,,,,0,euronext,2026-09-22T20:41:38Z
2026-06-09,ENOFUTBLYR-36,50.13,,,,,,,0,euronext,2026-09-22T20:41:38Z
2026-06-10,ENOFUTBLMDEC-26,85.00,,,85.00,85.00,,85.00,17,euronext,2026-09-22T20:41:38Z
2026-06-10,ENOFUTBLMNOV-26,80.00,,,80.00,80.00,,80.00,6,euronext,2026-09-22T20:41:38Z
2026-06-10,ENOFUTBLMOCT-26,65.15,,,64.10,63.00,,63.00,17,euronext,2026-09-22T20:41:38Z
2026-06-10,ENOFUTBLMSEP-26,62.45,,,62.45,61.76,,62.00,29,euronext,2026-09-22T20:41:38Z
2026-06-10,ENOFUTBLQ1-27,82.77,,,82.80,81.75,,81.75,25,euronext,2026-09-22T20:41:38Z
2026-06-10,ENOFUTBLQ1-28,68.10,,,68.00,67.90,,68.00,2,euronext,2026-09-22T20:41:38Z
2026-06-10,ENOFUTBLQ2-27,37.88,,,,,,,0,euronext,2026-09-22T20:41:38Z
2026-06-10,ENOFUTBLQ2-28,33.90,,,,,,,0,euronext,2026-09-22T20:41:38Z
2026-06-10,ENOFUTBLQ3-27,27.60,,,,,,,3,euronext,2026-09-22T20:41:38Z
2026-06-10,ENOFUTBLQ3-28,24.65,,,,,,,0,euronext,2026-09-22T20:41:38Z
2026-06-10,ENOFUTBLQ4-26,76.89,,,76.90,75.65,,76.50,127,euronext,2026-09-22T20:41:38Z
2026-06-10,ENOFUTBLQ4-27,50.30,,,50.00,50.00,,50.00,3,euronext,2026-09-22T20:41:38Z
2026-06-10,ENOFUTBLQ4-28,49.45,,,,,,,0,euronext,2026-09-22T20:41:38Z
2026-06-10,ENOFUTBLYR-27,49.40,,,49.40,49.00,,49.00,32,euronext,2026-09-22T20:41:38Z
2026-06-10,ENOFUTBLYR-28,43.90,,,43.90,43.90,,43.90,1,euronext,2026-09-22T20:41:38Z
2026-06-10,ENOFUTBLYR-29,43.65,,,43.65,43.65,,43.65,3,euronext,2026-09-22T20:41:38Z
2026-06-10,ENOFUTBLYR-30,45.50,,,45.50,45.25,,45.25,3,euronext,2026-09-22T20:41:38Z
2026-06-10,ENOFUTBLYR-31,46.30,,,,,,,0,euronext,2026-09-22T20:41:38Z
2026-06-10,ENOFUTBLYR-32,48.38,,,,,,,0,euronext,2026-09-22T20:41:38Z
2026-06-10,ENOFUTBLYR-33,48.88,,,,,,,0,euronext,2026-09-22T20:41:38Z
2026-06-10,ENOFUTBLYR-34,49.38,,,,,,,0,euronext,2026-09-22T20:41:38Z
2026-06-10,ENOFUTBLYR-35,49.88,,,,,,,0,euronext,2026-09-22T20:41:38Z
2026-06-10,ENOFUTBLYR-36,50.13,,,,,,,0,euronext,2026-09-22T20:41:38Z
2026-06-11,ENOFUTBLMDEC-26,85.00,,,,,,,0,euronext,2026-09-22T20:41:38Z
2026-06-11,ENOFUTBLMNOV-26,80.00,,,,,,,0,euronext,2026-09-22T20:41:38Z
2026-06-11,ENOFUTBLMOCT-26,64.50,,,64.00,63.95,,64.00,4,euronext,2026-09-22T20:41:38Z
2026-06-11,ENOFUTBLMSEP-26,61.95,,,61.95,61.70,,61.95,9,euronext,2026-09-22T20:41:38Z
2026-06-11,ENOFUTBLQ1-27,83.00,,,83.00,82.10,,82.10,26,euronext,2026-09-22T20:41:38Z
2026-06-11,ENOFUTBLQ1-28,68.40,,,,,,,0,euronext,2026-09-22T20:41:38Z
2026-06-11,ENOFUTBLQ2-27,38.05,,,38.05,37.50,,38.00,3,euronext,2026-09-22T20:41:38Z
2026-06-11,ENOFUTBLQ2-28,34.59,,,,,,,0,euronext,2026-09-22T20:41:38Z
2026-06-11,ENOFUTBLQ3-27,28.20,,,,,,,0,euronext,2026-09-22T20:41:38Z
2026-06-11,ENOFUTBLQ3-28,25.05,,,,,,,0,euronext,2026-09-22T20:41:38Z
2026-06-11,ENOFUTBLQ4-26,76.80,,,76.80,75.75,,76.00,87,euronext,2026-09-22T20:41:38Z
2026-06-11,ENOFUTBLQ4-27,50.70,,,50.70,50.50,,50.70,7,euronext,2026-09-22T20:41:38Z
2026-06-11,ENOFUTBLQ4-28,49.30,,,49.30,49.30,,49.30,2,euronext,2026-09-22T20:41:38Z
2026-06-11,ENOFUTBLYR-27,49.55,,,49.50,49.10,,49.15,39,euronext,2026-09-22T20:41:38Z
2026-06-11,ENOFUTBLYR-28,44.00,,,44.00,44.00,,44.00,8,euronext,2026-09-22T20:41:38Z
2026-06-11,ENOFUTBLYR-29,43.75,,,43.75,43.65,,43.75,6,euronext,2026-09-22T20:41:38Z
2026-06-11,ENOFUTBLYR-30,45.30,,,45.40,45.40,,45.40,1,euronext,2026-09-22T20:41:38Z
2026-06-11,ENOFUTBLYR-31,46.16,,,,,,,0,euronext,2026-09-22T20:41:38Z
2026-06-11,ENOFUTBLYR-32,48.38,,,,,,,0,euronext,2026-09-22T20:41:38Z
2026-06-11,ENOFUTBLYR-33,48.88,,,,,,,0,euronext,2026-09-22T20:41:38Z
2026-06-11,ENOFUTBLYR-34,49.38,,,,,,,0,euronext,2026-09-22T20:41:38Z
2026-06-11,ENOFUTBLYR-35,49.88,,,,,,,0,euronext,2026-09-22T20:41:38Z
2026-06-11,ENOFUTBLYR-36,50.13,,,,,,,0,euronext,2026-09-22T20:41:38Z
2026-06-12,ENOFUTBLMDEC-26,83.25,,,,,,,0,euronext,2026-09-22T20:41:38Z
2026-06-12,ENOFUTBLMNOV-26,76.79,,,77.22,77.22,,77.22,3,euronext,2026-09-22T20:41:38Z
2026-06-12,ENOFUTBLMOCT-26,61.88,,,63.60,63.60,,63.60,3,euronext,2026-09-22T20:41:38Z
2026-06-12,ENOFUTBLMSEP-26,60.30,,,60.60,59.95,,60.25,19,euronext,2026-09-22T20:41:38Z
2026-06-12,ENOFUTBLQ1-27,80.40,,,81.75,80.30,,81.75,61,euronext,2026-09-22T20:41:38Z
2026-06-12,ENOFUTBLQ1-28,68.00,,,68.00,67.60,,67.60,4,euronext,2026-09-22T20:41:38Z
2026-06-12,ENOFUTBLQ2-27,36.40,,,37.40,36.40,,37.40,11,euronext,2026-09-22T20:41:38Z
2026-06-12,ENOFUTBLQ2-28,33.68,,,33.75,33.65,,33.75,4,euronext,2026-09-22T20:41:38Z
2026-06-12,ENOFUTBLQ3-27,26.78,,,26.80,26.75,,26.75,9,euronext,2026-09-22T20:41:38Z
2026-06-12,ENOFUTBLQ3-28,25.06,,,,,,,0,euronext,2026-09-22T20:41:38Z
2026-06-12,ENOFUTBLQ4-26,73.75,,,76.00,73.25,,75.90,130,euronext,2026-09-22T20:41:38Z
2026-06-12,ENOFUTBLQ4-27,50.30,,,50.00,49.75,,50.00,6,euronext,2026-09-22T20:41:38Z
2026-06-12,ENOFUTBLQ4-28,49.30,,,,,,,0,euronext,2026-09-22T20:41:38Z
2026-06-12,ENOFUTBLYR-27,48.30,,,48.55,48.00,,48.55,69,euronext,2026-09-22T20:41:38Z
2026-06-12,ENOFUTBLYR-28,44.00,,,,,,,3,euronext,2026-09-22T20:41:38Z
2026-06-12,ENOFUTBLYR-29,43.50,,,43.50,43.50,,43.50,2,euronext,2026-09-22T20:41:38Z
2026-06-12,ENOFUTBLYR-30,45.30,,,,,,,0,euronext,2026-09-22T20:41:38Z
2026-06-12,ENOFUTBLYR-31,46.16,,,,,,,0,euronext,2026-09-22T20:41:38Z
2026-06-12,ENOFUTBLYR-32,48.38,,,,,,,0,euronext,2026-09-22T20:41:38Z
2026-06-12,ENOFUTBLYR-33,48.88,,,,,,,0,euronext,2026-09-22T20:41:38Z
2026-06-12,ENOFUTBLYR-34,49.38,,,,,,,0,euronext,2026-09-22T20:41:38Z
2026-06-12,ENOFUTBLYR-35,49.88,,,,,,,0,euronext,2026-09-22T20:41:38Z
2026-06-12,ENOFUTBLYR-36,50.13,,,,,,,0,euronext,2026-09-22T20:41:38Z
2026-06-15,ENOFUTBLMDEC-26,80.32,,,,,,,0,euronext,2026-09-22T20:41:38Z
2026-06-15,ENOFUTBLMNOV-26,74.05,,,,,,,0,euronext,2026-09-22T20:41:38Z
2026-06-15,ENOFUTBLMOCT-26,59.90,,,,,,,0,euronext,2026-09-22T20:41:38Z
2026-06-15,ENOFUTBLMSEP-26,59.30,,,60.00,58.80,,58.90,22,euronext,2026-09-22T20:41:38Z
2026-06-15,ENOFUTBLQ1-27,78.40,,,78.65,78.35,,78.35,34,euronext,2026-09-22T20:41:38Z
2026-06-15,ENOFUTBLQ1-28,67.65,,,68.10,67.90,,68.10,2,euronext,2026-09-22T20:41:38Z
2026-06-15,ENOFUTBLQ2-27,36.21,,,36.21,36.21,,36.21,2,euronext,2026-09-22T20:41:38Z
2026-06-15,ENOFUTBLQ2-28,33.55,,,,,,,0,euronext,2026-09-22T20:41:38Z
2026-06-15,ENOFUTBLQ3-27,26.75,,,,,,,0,euronext,2026-09-22T20:41:38Z
2026-06-15,ENOFUTBLQ3-28,24.90,,,24.90,24.90,,24.90,1,euronext,2026-09-22T20:41:38Z
2026-06-15,ENOFUTBLQ4-26,71.75,,,72.25,71.00,,72.00,263,euronext,2026-09-22T20:41:38Z
2026-06-15,ENOFUTBLQ4-27,50.75,,,50.75,50.75,,50.75,3,euronext,2026-09-22T20:41:38Z
2026-06-15,ENOFUTBLQ4-28,49.28,,,,,,,0,euronext,2026-09-22T20:41:38Z
2026-06-15,ENOFUTBLYR-27,47.50,,,47.75,47.25,,47.35,35,euronext,2026-09-22T20:41:38Z
2026-06-15,ENOFUTBLYR-28,44.00,,,44.00,43.80,,43.80,3,euronext,2026-09-22T20:41:38Z
2026-06-15,ENOFUTBLYR-29,43.58,,,,,,,0,euronext,2026-09-22T20:41:38Z
2026-06-15,ENOFUTBLYR-30,45.30,,,,,,,0,euronext,2026-09-22T20:41:38Z
2026-06-15,ENOFUTBLYR-31,46.16,,,,,,,0,euronext,2026-09-22T20:41:38Z
2026-06-15,ENOFUTBLYR-32,48.38,,,,,,,0,euronext,2026-09-22T20:41:38Z
2026-06-15,ENOFUTBLYR-33,48.88,,,,,,,0,euronext,2026-09-22T20:41:38Z
2026-06-15,ENOFUTBLYR-34,49.38,,,,,,,0,euronext,2026-09-22T20:41:38Z
2026-06-15,ENOFUTBLYR-35,49.88,,,,,,,0,euronext,2026-09-22T20:41:38Z
2026-06-15,ENOFUTBLYR-36,50.13,,,,,,,0,euronext,2026-09-22T20:41:38Z
2026-06-16,ENOFUTBLMDEC-26,79.90,,,79.90,79.50,,79.50,12,euronext,2026-09-22T20:41:38Z
2026-06-16,ENOFUTBLMNOV-26,74.25,,,74.20,74.20,,74.20,11,euronext,2026-09-22T20:41:38Z
2026-06-16,ENOFUTBLMOCT-26,60.90,,,,,,,0,euronext,2026-09-22T20:41:38Z
2026-06-16,ENOFUTBLMSEP-26,59.10,,,60.00,58.80,,60.00,28,euronext,2026-09-22T20:41:38Z
2026-06-16,ENOFUTBLQ1-27,78.30,,,78.80,78.00,,78.80,22,euronext,2026-09-22T20:41:38Z
2026-06-16,ENOFUTBLQ1-28,67.95,,,68.10,67.90,,68.10,8,euronext,2026-09-22T20:41:38Z
2026-06-16,ENOFUTBLQ2-27,36.40,,,36.45,36.40,,36.45,6,euronext,2026-09-22T20:41:38Z
2026-06-16,ENOFUTBLQ2-28,34.23,,,,,,,0,euronext,2026-09-22T20:41:38Z
2026-06-16,ENOFUTBLQ3-27,26.75,,,26.75,26.75,,26.75,6,euronext,2026-09-22T20:41:38Z
2026-06-16,ENOFUTBLQ3-28,24.45,,,,,,,0,euronext,2026-09-22T20:41:38Z
2026-06-16,ENOFUTBLQ4-26,71.95,,,72.00,70.80,,71.80,264,euronext,2026-09-22T20:41:38Z
2026-06-16,ENOFUTBLQ4-27,50.50,,,50.50,50.25,,50.25,19,euronext,2026-09-22T20:41:38Z
2026-06-16,ENOFUTBLQ4-28,50.05,,,,,,,0,euronext,2026-09-22T20:41:38Z
2026-06-16,ENOFUTBLYR-27,47.70,,,47.75,47.50,,47.75,56,euronext,2026-09-22T20:41:38Z
2026-06-16,ENOFUTBLYR-28,43.90,,,43.90,43.85,,43.85,14,euronext,2026-09-22T20:41:38Z
2026-06-16,ENOFUTBLYR-29,43.75,,,43.90,43.75,,43.90,4,euronext,2026-09-22T20:41:38Z
2026-06-16,ENOFUTBLYR-30,45.10,,,45.10,45.10,,45.10,1,euronext,2026-09-22T20:41:38Z
2026-06-16,ENOFUTBLYR-31,46.16,,,,,,,0,euronext,2026-09-22T20:41:38Z
2026-06-16,ENOFUTBLYR-32,48.38,,,,,,,0,euronext,2026-09-22T20:41:38Z
2026-06-16,ENOFUTBLYR-33,48.88,,,,,,,0,euronext,2026-09-22T20:41:38Z
2026-06-16,ENOFUTBLYR-34,49.38,,,,,,,0,euronext,2026-09-22T20:41:38Z
2026-06-16,ENOFUTBLYR-35,49.88,,,,,,,0,euronext,2026-09-22T20:41:38Z
2026-06-16,ENOFUTBLYR-36,50.13,,,,,,,0,euronext,2026-09-22T20:41:38Z
2026-06-17,ENOFUTBLMDEC-26,79.33,,,80.25,80.10,,80.25,8,euronext,2026-09-22T20:41:38Z
2026-06-17,ENOFUTBLMNOV-26,74.15,,,74.45,74.45,,74.45,3,euronext,2026-09-22T20:41:38Z
2026-06-17,ENOFUTBLMOCT-26,58.50,,,59.50,58.50,,59.50,3,euronext,2026-09-22T20:41:38Z
2026-06-17,ENOFUTBLMSEP-26,57.85,,,59.00,57.75,,59.00,34,euronext,2026-09-22T20:41:38Z
2026-06-17,ENOFUTBLQ1-27,77.10,,,78.50,77.10,,78.50,19,euronext,2026-09-22T20:41:38Z
2026-06-17,ENOFUTBLQ1-28,67.50,,,67.90,67.50,,67.90,5,euronext,2026-09-22T20:41:38Z
2026-06-17,ENOFUTBLQ2-27,35.95,,,36.30,35.95,,36.30,55,euronext,2026-09-22T20:41:38Z
2026-06-17,ENOFUTBLQ2-28,34.00,,,34.50,34.00,,34.50,3,euronext,2026-09-22T20:41:38Z
2026-06-17,ENOFUTBLQ3-27,26.60,,,26.80,26.80,,26.80,29,euronext,2026-09-22T20:41:38Z
2026-06-17,ENOFUTBLQ3-28,24.00,,,24.00,24.00,,24.00,3,euronext,2026-09-22T20:41:38Z
2026-06-17,ENOFUTBLQ4-26,70.44,,,71.80,70.35,,71.50,314,euronext,2026-09-22T20:41:38Z
2026-06-17,ENOFUTBLQ4-27,49.90,,,50.50,49.90,,50.50,16,euronext,2026-09-22T20:41:38Z
2026-06-17,ENOFUTBLQ4-28,49.60,,,49.60,49.60,,49.60,12,euronext,2026-09-22T20:41:38Z
2026-06-17,ENOFUTBLYR-27,47.15,,,47.70,47.15,,47.70,75,euronext,2026-09-22T20:41:38Z
2026-06-17,ENOFUTBLYR-28,43.75,,,43.90,43.75,,43.90,13,euronext,2026-09-22T20:41:38Z
2026-06-17,ENOFUTBLYR-29,43.50,,,43.70,43.50,,43.70,11,euronext,2026-09-22T20:41:38Z
2026-06-17,ENOFUTBLYR-30,45.00,,,,,,,5,euronext,2026-09-22T20:41:38Z
2026-06-17,ENOFUTBLYR-31,45.88,,,,,,,0,euronext,2026-09-22T20:41:38Z
2026-06-17,ENOFUTBLYR-32,48.38,,,,,,,0,euronext,2026-09-22T20:41:38Z
2026-06-17,ENOFUTBLYR-33,48.88,,,,,,,0,euronext,2026-09-22T20:41:38Z
2026-06-17,ENOFUTBLYR-34,49.38,,,,,,,0,euronext,2026-09-22T20:41:38Z
2026-06-17,ENOFUTBLYR-35,49.88,,,,,,,0,euronext,2026-09-22T20:41:38Z
2026-06-17,ENOFUTBLYR-36,50.13,,,,,,,0,euronext,2026-09-22T20:41:38Z
2026-06-18,ENOFUTBLMDEC-26,77.90,,,,,,,0,euronext,2026-09-22T20:41:38Z
2026-06-18,ENOFUTBLMNOV-26,72.03,,,,,,,0,euronext,2026-09-22T20:41:38Z
2026-06-18,ENOFUTBLMOCT-26,57.50,,,57.65,57.50,,57.65,7,euronext,2026-09-22T20:41:38Z
2026-06-18,ENOFUTBLMSEP-26,56.90,,,57.00,56.65,,57.00,111,euronext,2026-09-22T20:41:38Z
2026-06-18,ENOFUTBLQ1-27,75.20,,,75.76,75.10,,75.76,46,euronext,2026-09-22T20:41:38Z
2026-06-18,ENOFUTBLQ1-28,67.25,,,,,,,0,euronext,2026-09-22T20:41:38Z
2026-06-18,ENOFUTBLQ2-27,35.45,,,35.45,35.45,,35.45,1,euronext,2026-09-22T20:41:38Z
2026-06-18,ENOFUTBLQ2-28,33.75,,,33.75,33.75,,33.75,1,euronext,2026-09-22T20:41:38Z
2026-06-18,ENOFUTBLQ3-27,26.00,,,26.10,26.00,,26.10,2,euronext,2026-09-22T20:41:38Z
2026-06-18,ENOFUTBLQ3-28,24.05,,,,,,,0,euronext,2026-09-22T20:41:38Z
2026-06-18,ENOFUTBLQ4-26,69.10,,,69.25,68.90,,69.00,168,euronext,2026-09-22T20:41:38Z
2026-06-18,ENOFUTBLQ4-27,49.35,,,49.50,49.35,,49.50,3,euronext,2026-09-22T20:41:38Z
2026-06-18,ENOFUTBLQ4-28,49.49,,,,,,,0,euronext,2026-09-22T20:41:38Z
2026-06-18,ENOFUTBLYR-27,46.35,,,46.40,46.25,,46.25,38,euronext,2026-09-22T20:41:38Z
2026-06-18,ENOFUTBLYR-28,43.55,,,43.55,43.50,,43.50,24,euronext,2026-09-22T20:41:38Z
2026-06-18,ENOFUTBLYR-29,43.35,,,43.35,43.35,,43.35,8,euronext,2026-09-22T20:41:38Z
2026-06-18,ENOFUTBLYR-30,45.11,,,,,,,0,euronext,2026-09-22T20:41:38Z
2026-06-18,ENOFUTBLYR-31,46.00,,,,,,,0,euronext,2026-09-22T20:41:38Z
2026-06-18,ENOFUTBLYR-32,48.38,,,,,,,0,euronext,2026-09-22T20:41:38Z
2026-06-18,ENOFUTBLYR-33,48.88,,,,,,,0,euronext,2026-09-22T20:41:38Z
2026-06-18,ENOFUTBLYR-34,49.38,,,,,,,0,euronext,2026-09-22T20:41:38Z
2026-06-18,ENOFUTBLYR-35,49.88,,,,,,,0,euronext,2026-09-22T20:41:38Z
2026-06-18,ENOFUTBLYR-36,50.13,,,,,,,0,euronext,2026-09-22T20:41:38Z
2026-06-19,ENOFUTBLMDEC-26,79.35,,,79.45,79.00,,79.00,8,euronext,2026-09-22T20:41:38Z
2026-06-19,ENOFUTBLMNOV-26,73.75,,,73.75,73.50,,73.50,10,euronext,2026-09-22T20:41:38Z
2026-06-19,ENOFUTBLMOCT-26,58.26,,,,,,,0,euronext,2026-09-22T20:41:38Z
2026-06-19,ENOFUTBLMSEP-26,58.45,,,58.75,58.45,,58.50,61,euronext,2026-09-22T20:41:38Z
2026-06-19,ENOFUTBLQ1-27,75.70,,,76.10,75.70,,76.10,21,euronext,2026-09-22T20:41:38Z
2026-06-19,ENOFUTBLQ1-28,67.00,,,,,,,0,euronext,2026-09-22T20:41:38Z
2026-06-19,ENOFUTBLQ2-27,35.85,,,35.95,35.85,,35.95,3,euronext,2026-09-22T20:41:38Z
2026-06-19,ENOFUTBLQ2-28,33.45,,,,,,,0,euronext,2026-09-22T20:41:38Z
2026-06-19,ENOFUTBLQ3-27,26.25,,,26.25,26.00,,26.00,4,euronext,2026-09-22T20:41:38Z
2026-06-19,ENOFUTBLQ3-28,24.38,,,,,,,0,euronext,2026-09-22T20:41:38Z
2026-06-19,ENOFUTBLQ4-26,70.35,,,70.75,70.00,,70.00,160,euronext,2026-09-22T20:41:38Z
2026-06-19,ENOFUTBLQ4-27,49.45,,,49.45,49.35,,49.35,2,euronext,2026-09-22T20:41:38Z
2026-06-19,ENOFUTBLQ4-28,49.63,,,,,,,0,euronext,2026-09-22T20:41:38Z
2026-06-19,ENOFUTBLYR-27,46.60,,,46.90,46.70,,46.80,29,euronext,2026-09-22T20:41:38Z
2026-06-19,ENOFUTBLYR-28,43.50,,,43.65,43.50,,43.55,32,euronext,2026-09-22T20:41:38Z
2026-06-19,ENOFUTBLYR-29,43.18,,,,,,,0,euronext,2026-09-22T20:41:38Z
2026-06-19,ENOFUTBLYR-30,45.30,,,,,,,13,euronext,2026-09-22T20:41:38Z
2026-06-19,ENOFUTBLYR-31,45.74,,,,,,,5,euronext,2026-09-22T20:41:38Z
2026-06-19,ENOFUTBLYR-32,48.38,,,,,,,0,euronext,2026-09-22T20:41:38Z
2026-06-19,ENOFUTBLYR-33,48.88,,,,,,,0,euronext,2026-09-22T20:41:38Z
2026-06-19,ENOFUTBLYR-34,49.38,,,,,,,0,euronext,2026-09-22T20:41:38Z
2026-06-19,ENOFUTBLYR-35,49.88,,,,,,,0,euronext,2026-09-22T20:41:38Z
2026-06-19,ENOFUTBLYR-36,50.13,,,,,,,0,euronext,2026-09-22T20:41:38Z
2026-06-22,ENOFUTBLMDEC-26,76.00,,,76.00,76.00,,76.00,2,euronext,2026-09-22T20:41:38Z
2026-06-22,ENOFUTBLMNOV-26,72.00,,,,,,,0,euronext,2026-09-22T20:41:38Z
2026-06-22,ENOFUTBLMOCT-26,54.58,,,,,,,0,euronext,2026-09-22T20:41:38Z
2026-06-22,ENOFUTBLMSEP-26,54.40,,,56.00,54.80,,56.00,20,euronext,2026-09-22T20:41:38Z
2026-06-22,ENOFUTBLQ1-27,73.80,,,74.70,73.75,,74.70,34,euronext,2026-09-22T20:41:38Z
2026-06-22,ENOFUTBLQ1-28,66.65,,,67.10,66.50,,66.50,3,euronext,2026-09-22T20:41:38Z
2026-06-22,ENOFUTBLQ2-27,34.15,,,35.00,34.15,,35.00,20,euronext,2026-09-22T20:41:38Z
2026-06-22,ENOFUTBLQ2-28,33.45,,,,,,,0,euronext,2026-09-22T20:41:38Z
2026-06-22,ENOFUTBLQ3-27,25.00,,,25.05,25.00,,25.00,28,euronext,2026-09-22T20:41:38Z
2026-06-22,ENOFUTBLQ3-28,24.25,,,,,,,0,euronext,2026-09-22T20:41:38Z
2026-06-22,ENOFUTBLQ4-26,67.55,,,68.66,67.50,,68.55,96,euronext,2026-09-22T20:41:38Z
2026-06-22,ENOFUTBLQ4-27,48.50,,,48.75,48.50,,48.75,8,euronext,2026-09-22T20:41:38Z
2026-06-22,ENOFUTBLQ4-28,48.50,,,48.25,48.25,,48.25,1,euronext,2026-09-22T20:41:38Z
2026-06-22,ENOFUTBLYR-27,45.15,,,45.75,45.10,,45.75,26,euronext,2026-09-22T20:41:38Z
2026-06-22,ENOFUTBLYR-28,43.00,,,43.15,43.00,,43.15,28,euronext,2026-09-22T20:41:38Z
2026-06-22,ENOFUTBLYR-29,42.90,,,,,,,5,euronext,2026-09-22T20:41:38Z
2026-06-22,ENOFUTBLYR-30,45.45,,,,,,,0,euronext,2026-09-22T20:41:38Z
2026-06-22,ENOFUTBLYR-31,46.36,,,,,,,0,euronext,2026-09-22T20:41:38Z
2026-06-22,ENOFUTBLYR-32,48.38,,,,,,,0,euronext,2026-09-22T20:41:38Z
2026-06-22,ENOFUTBLYR-33,48.88,,,,,,,0,euronext,2026-09-22T20:41:38Z
2026-06-22,ENOFUTBLYR-34,49.38,,,,,,,0,euronext,2026-09-22T20:41:38Z
2026-06-22,ENOFUTBLYR-35,49.88,,,,,,,0,euronext,2026-09-22T20:41:38Z
2026-06-22,ENOFUTBLYR-36,50.13,,,,,,,0,euronext,2026-09-22T20:41:38Z
2026-06-23,ENOFUTBLMDEC-26,76.50,,,76.50,75.00,,75.00,8,euronext,2026-09-22T20:41:38Z
2026-06-23,ENOFUTBLMNOV-26,72.10,,,72.10,71.50,,71.50,7,euronext,2026-09-22T20:41:38Z
2026-06-23,ENOFUTBLMOCT-26,55.40,,,55.40,53.50,,53.50,7,euronext,2026-09-22T20:41:38Z
2026-06-23,ENOFUTBLMSEP-26,54.10,,,54.50,52.65,,53.50,62,euronext,2026-09-22T20:41:38Z
2026-06-23,ENOFUTBLQ1-27,73.95,,,73.95,72.80,,72.80,34,euronext,2026-09-22T20:41:38Z
2026-06-23,ENOFUTBLQ1-28,67.00,,,67.00,67.00,,67.00,2,euronext,2026-09-22T20:41:38Z
2026-06-23,ENOFUTBLQ2-27,34.55,,,34.55,34.10,,34.40,7,euronext,2026-09-22T20:41:38Z
2026-06-23,ENOFUTBLQ2-28,32.98,,,,,,,0,euronext,2026-09-22T20:41:38Z
2026-06-23,ENOFUTBLQ3-27,26.00,,,26.00,24.65,,24.65,12,euronext,2026-09-22T20:41:38Z
2026-06-23,ENOFUTBLQ3-28,24.18,,,,,,,0,euronext,2026-09-22T20:41:38Z
2026-06-23,ENOFUTBLQ4-26,67.95,,,68.20,67.00,,67.00,267,euronext,2026-09-22T20:41:38Z
2026-06-23,ENOFUTBLQ4-27,50.00,,,50.00,48.20,,48.20,21,euronext,2026-09-22T20:41:38Z
2026-06-23,ENOFUTBLQ4-28,49.00,,,49.60,49.00,,49.60,3,euronext,2026-09-22T20:41:38Z
2026-06-23,ENOFUTBLYR-27,45.73,,,45.80,44.65,,44.65,128,euronext,2026-09-22T20:41:38Z
2026-06-23,ENOFUTBLYR-28,43.10,,,43.10,42.95,,43.00,22,euronext,2026-09-22T20:41:38Z
2026-06-23,ENOFUTBLYR-29,42.90,,,43.30,43.20,,43.20,2,euronext,2026-09-22T20:41:38Z
2026-06-23,ENOFUTBLYR-30,45.35,,,46.00,46.00,,46.00,1,euronext,2026-09-22T20:41:38Z
2026-06-23,ENOFUTBLYR-31,45.88,,,,,,,0,euronext,2026-09-22T20:41:38Z
2026-06-23,ENOFUTBLYR-32,48.38,,,,,,,0,euronext,2026-09-22T20:41:38Z
2026-06-23,ENOFUTBLYR-33,48.88,,,,,,,0,euronext,2026-09-22T20:41:38Z
2026-06-23,ENOFUTBLYR-34,49.38,,,,,,,0,euronext,2026-09-22T20:41:38Z
2026-06-23,ENOFUTBLYR-35,49.88,,,,,,,0,euronext,2026-09-22T20:41:38Z
2026-06-23,ENOFUTBLYR-36,50.13,,,,,,,0,euronext,2026-09-22T20:41:38Z
2026-06-24,ENOFUTBLMDEC-26,76.20,,,76.20,76.20,,76.20,7,euronext,2026-09-22T20:41:38Z
2026-06-24,ENOFUTBLMNOV-26,71.90,,,71.90,71.90,,71.90,5,euronext,2026-09-22T20:41:38Z
2026-06-24,ENOFUTBLMOCT-26,53.75,,,54.50,53.75,,54.50,2,euronext,2026-09-22T20:41:38Z
2026-06-24,ENOFUTBLMSEP-26,52.95,,,53.30,52.95,,53.30,19,euronext,2026-09-22T20:41:38Z
2026-06-24,ENOFUTBLQ1-27,73.55,,,73.90,73.50,,73.50,83,euronext,2026-09-22T20:41:38Z
2026-06-24,ENOFUTBLQ1-28,67.10,,,67.25,67.20,,67.25,3,euronext,2026-09-22T20:41:38Z
2026-06-24,ENOFUTBLQ2-27,34.00,,,34.30,33.95,,34.30,11,euronext,2026-09-22T20:41:38Z
2026-06-24,ENOFUTBLQ2-28,32.90,,,,,,,0,euronext,2026-09-22T20:41:38Z
2026-06-24,ENOFUTBLQ3-27,26.10,,,26.10,25.60,,25.60,23,euronext,2026-09-22T20:41:38Z
2026-06-24,ENOFUTBLQ3-28,24.00,,,,,,,0,euronext,2026-09-22T20:41:38Z
2026-06-24,ENOFUTBLQ4-26,67.50,,,68.08,67.50,,67.75,142,euronext,2026-09-22T20:41:38Z
2026-06-24,ENOFUTBLQ4-27,49.50,,,49.65,49.50,,49.50,15,euronext,2026-09-22T20:41:38Z
2026-06-24,ENOFUTBLQ4-28,48.75,,,,,,,0,euronext,2026-09-22T20:41:38Z
2026-06-24,ENOFUTBLYR-27,45.50,,,45.60,45.50,,45.50,44,euronext,2026-09-22T20:41:38Z
2026-06-24,ENOFUTBLYR-28,42.95,,,43.00,43.00,,43.00,5,euronext,2026-09-22T20:41:38Z
2026-06-24,ENOFUTBLYR-29,43.00,,,,,,,2,euronext,2026-09-22T20:41:38Z
2026-06-24,ENOFUTBLYR-30,44.88,,,,,,,0,euronext,2026-09-22T20:41:38Z
2026-06-24,ENOFUTBLYR-31,45.93,,,,,,,0,euronext,2026-09-22T20:41:38Z
2026-06-24,ENOFUTBLYR-32,48.38,,,,,,,0,euronext,2026-09-22T20:41:38Z
2026-06-24,ENOFUTBLYR-33,48.88,,,,,,,0,euronext,2026-09-22T20:41:38Z
2026-06-24,ENOFUTBLYR-34,49.38,,,,,,,0,euronext,2026-09-22T20:41:38Z
2026-06-24,ENOFUTBLYR-35,49.88,,,,,,,0,euronext,2026-09-22T20:41:38Z
2026-06-24,ENOFUTBLYR-36,50.13,,,,,,,0,euronext,2026-09-22T20:41:38Z
2026-06-25,ENOFUTBLMDEC-26,75.80,,,76.00,76.00,,76.00,5,euronext,2026-09-22T20:41:38Z
2026-06-25,ENOFUTBLMNOV-26,71.80,,,71.80,71.60,,71.60,7,euronext,2026-09-22T20:41:38Z
2026-06-25,ENOFUTBLMOCT-26,54.55,,,54.55,53.50,,53.50,6,euronext,2026-09-22T20:41:38Z
2026-06-25,ENOFUTBLMSEP-26,53.25,,,53.25,52.80,,53.10,22,euronext,2026-09-22T20:41:38Z
2026-06-25,ENOFUTBLQ1-27,73.80,,,73.80,73.55,,73.55,34,euronext,2026-09-22T20:41:38Z
2026-06-25,ENOFUTBLQ1-28,67.00,,,67.64,67.00,,67.00,5,euronext,2026-09-22T20:41:38Z
2026-06-25,ENOFUTBLQ2-27,34.23,,,34.10,34.10,,34.10,2,euronext,2026-09-22T20:41:38Z
2026-06-25,ENOFUTBLQ2-28,32.90,,,32.90,32.90,,32.90,1,euronext,2026-09-22T20:41:38Z
2026-06-25,ENOFUTBLQ3-27,25.75,,,26.10,25.75,,26.05,7,euronext,2026-09-22T20:41:38Z
2026-06-25,ENOFUTBLQ3-28,23.80,,,23.80,23.80,,23.80,2,euronext,2026-09-22T20:41:38Z
2026-06-25,ENOFUTBLQ4-26,67.65,,,67.70,67.25,,67.25,127,euronext,2026-09-22T20:41:38Z
2026-06-25,ENOFUTBLQ4-27,49.70,,,49.90,49.90,,49.90,5,euronext,2026-09-22T20:41:38Z
2026-06-25,ENOFUTBLQ4-28,48.85,,,48.85,48.85,,48.85,4,euronext,2026-09-22T20:41:38Z
2026-06-25,ENOFUTBLYR-27,45.78,,,45.70,45.35,,45.35,38,euronext,2026-09-22T20:41:38Z
2026-06-25,ENOFUTBLYR-28,43.05,,,43.05,43.00,,43.05,23,euronext,2026-09-22T20:41:38Z
2026-06-25,ENOFUTBLYR-29,43.15,,,,,,,7,euronext,2026-09-22T20:41:38Z
2026-06-25,ENOFUTBLYR-30,45.00,,,,,,,6,euronext,2026-09-22T20:41:38Z
2026-06-25,ENOFUTBLYR-31,45.93,,,,,,,0,euronext,2026-09-22T20:41:38Z
2026-06-25,ENOFUTBLYR-32,48.38,,,,,,,0,euronext,2026-09-22T20:41:38Z
2026-06-25,ENOFUTBLYR-33,48.88,,,,,,,0,euronext,2026-09-22T20:41:38Z
2026-06-25,ENOFUTBLYR-34,49.38,,,,,,,0,euronext,2026-09-22T20:41:38Z
2026-06-25,ENOFUTBLYR-35,49.88,,,,,,,0,euronext,2026-09-22T20:41:38Z
2026-06-25,ENOFUTBLYR-36,50.13,,,,,,,0,euronext,2026-09-22T20:41:38Z
2026-06-26,ENOFUTBLMDEC-26,75.95,,,,,,,0,euronext,2026-09-22T20:41:38Z
2026-06-26,ENOFUTBLMNOV-26,71.70,,,,,,,0,euronext,2026-09-22T20:41:38Z
2026-06-26,ENOFUTBLMOCT-26,54.63,,,,,,,0,euronext,2026-09-22T20:41:38Z
2026-06-26,ENOFUTBLMSEP-26,53.50,,,53.50,53.40,,53.50,45,euronext,2026-09-22T20:41:38Z
2026-06-26,ENOFUTBLQ1-27,74.00,,,74.30,74.30,,74.30,12,euronext,2026-09-22T20:41:38Z
2026-06-26,ENOFUTBLQ1-28,67.50,,,67.60,67.50,,67.60,6,euronext,2026-09-22T20:41:38Z
2026-06-26,ENOFUTBLQ2-27,34.35,,,,,,,1,euronext,2026-09-22T20:41:38Z
2026-06-26,ENOFUTBLQ2-28,33.10,,,33.10,33.10,,33.10,1,euronext,2026-09-22T20:41:38Z
2026-06-26,ENOFUTBLQ3-27,25.75,,,,,,,1,euronext,2026-09-22T20:41:38Z
2026-06-26,ENOFUTBLQ3-28,24.00,,,24.00,24.00,,24.00,3,euronext,2026-09-22T20:41:38Z
2026-06-26,ENOFUTBLQ4-26,67.75,,,68.00,67.75,,67.75,33,euronext,2026-09-22T20:41:38Z
2026-06-26,ENOFUTBLQ4-27,50.38,,,49.90,49.90,,49.90,31,euronext,2026-09-22T20:41:38Z
2026-06-26,ENOFUTBLQ4-28,49.40,,,,,,,0,euronext,2026-09-22T20:41:38Z
2026-06-26,ENOFUTBLYR-27,45.70,,,45.90,45.60,,45.90,31,euronext,2026-09-22T20:41:38Z
2026-06-26,ENOFUTBLYR-28,43.05,,,,,,,15,euronext,2026-09-22T20:41:38Z
2026-06-26,ENOFUTBLYR-29,43.53,,,,,,,0,euronext,2026-09-22T20:41:38Z
2026-06-26,ENOFUTBLYR-30,44.90,,,44.90,44.90,,44.90,4,euronext,2026-09-22T20:41:38Z
2026-06-26,ENOFUTBLYR-31,45.93,,,,,,,0,euronext,2026-09-22T20:41:38Z
2026-06-26,ENOFUTBLYR-32,48.38,,,,,,,0,euronext,2026-09-22T20:41:38Z
2026-06-26,ENOFUTBLYR-33,48.88,,,,,,,0,euronext,2026-09-22T20:41:38Z
2026-06-26,ENOFUTBLYR-34,49.38,,,,,,,0,euronext,2026-09-22T20:41:38Z
2026-06-26,ENOFUTBLYR-35,49.88,,,,,,,0,euronext,2026-09-22T20:41:38Z
2026-06-26,ENOFUTBLYR-36,50.13,,,,,,,0,euronext,2026-09-22T20:41:38Z
2026-06-29,ENOFUTBLMDEC-26,78.50,,,,,,,0,euronext,2026-09-22T20:41:38Z
2026-06-29,ENOFUTBLMNOV-26,73.25,,,,,,,0,euronext,2026-09-22T20:41:38Z
2026-06-29,ENOFUTBLMOCT-26,55.50,,,,,,,0,euronext,2026-09-22T20:41:38Z
2026-06-29,ENOFUTBLMSEP-26,55.40,,,55.50,55.30,,55.30,15,euronext,2026-09-22T20:41:38Z
2026-06-29,ENOFUTBLQ1-27,75.00,,,75.25,75.00,,75.25,15,euronext,2026-09-22T20:41:38Z
2026-06-29,ENOFUTBLQ1-28,68.30,,,,,,,0,euronext,2026-09-22T20:41:38Z
2026-06-29,ENOFUTBLQ2-27,35.50,,,35.50,35.50,,35.50,5,euronext,2026-09-22T20:41:38Z
2026-06-29,ENOFUTBLQ2-28,33.35,,,,,,,0,euronext,2026-09-22T20:41:38Z
2026-06-29,ENOFUTBLQ3-27,26.30,,,26.30,26.20,,26.20,19,euronext,2026-09-22T20:41:38Z
2026-06-29,ENOFUTBLQ3-28,24.00,,,,,,,0,euronext,2026-09-22T20:41:38Z
2026-06-29,ENOFUTBLQ4-26,68.90,,,69.10,68.15,,68.15,82,euronext,2026-09-22T20:41:38Z
2026-06-29,ENOFUTBLQ4-27,50.73,,,51.00,51.00,,51.00,1,euronext,2026-09-22T20:41:38Z
2026-06-29,ENOFUTBLQ4-28,50.10,,,50.10,50.10,,50.10,2,euronext,2026-09-22T20:41:38Z
2026-06-29,ENOFUTBLYR-27,46.55,,,46.70,46.00,,46.00,56,euronext,2026-09-22T20:41:38Z
2026-06-29,ENOFUTBLYR-28,43.63,,,43.60,43.60,,43.60,14,euronext,2026-09-22T20:41:38Z
2026-06-29,ENOFUTBLYR-29,43.75,,,43.90,43.60,,43.90,10,euronext,2026-09-22T20:41:38Z
2026-06-29,ENOFUTBLYR-30,44.90,,,44.90,44.90,,44.90,1,euronext,2026-09-22T20:41:38Z
2026-06-29,ENOFUTBLYR-31,45.81,,,,,,,0,euronext,2026-09-22T20:41:38Z
2026-06-29,ENOFUTBLYR-32,48.38,,,,,,,0,euronext,2026-09-22T20:41:38Z
2026-06-29,ENOFUTBLYR-33,48.88,,,,,,,0,euronext,2026-09-22T20:41:38Z
2026-06-29,ENOFUTBLYR-34,49.38,,,,,,,0,euronext,2026-09-22T20:41:38Z
2026-06-29,ENOFUTBLYR-35,49.88,,,,,,,0,euronext,2026-09-22T20:41:38Z
2026-06-29,ENOFUTBLYR-36,50.13,,,,,,,0,euronext,2026-09-22T20:41:38Z
2026-06-30,ENOFUTBLMDEC-26,78.00,,,78.00,78.00,,78.00,2,euronext,2026-09-22T20:41:38Z
2026-06-30,ENOFUTBLMNOV-26,74.31,,,,,,,0,euronext,2026-09-22T20:41:38Z
2026-06-30,ENOFUTBLMOCT-26,57.03,,,,,,,0,euronext,2026-09-22T20:41:38Z
2026-06-30,ENOFUTBLMSEP-26,56.65,,,56.65,54.80,,54.80,8,euronext,2026-09-22T20:41:38Z
2026-06-30,ENOFUTBLQ1-27,75.90,,,75.85,75.30,,75.30,16,euronext,2026-09-22T20:41:38Z
2026-06-30,ENOFUTBLQ1-28,68.80,,,68.80,68.65,,68.65,6,euronext,2026-09-22T20:41:38Z
2026-06-30,ENOFUTBLQ2-27,35.89,,,35.65,35.65,,35.65,1,euronext,2026-09-22T20:41:38Z
2026-06-30,ENOFUTBLQ2-28,34.01,,,,,,,0,euronext,2026-09-22T20:41:38Z
2026-06-30,ENOFUTBLQ3-27,27.00,,,27.00,26.50,,26.50,11,euronext,2026-09-22T20:41:38Z
2026-06-30,ENOFUTBLQ3-28,24.15,,,24.15,24.15,,24.15,1,euronext,2026-09-22T20:41:38Z
2026-06-30,ENOFUTBLQ4-26,69.40,,,69.40,68.50,,68.50,34,euronext,2026-09-22T20:41:38Z
2026-06-30,ENOFUTBLQ4-27,52.00,,,51.60,51.50,,51.50,8,euronext,2026-09-22T20:41:38Z
2026-06-30,ENOFUTBLQ4-28,50.48,,,,,,,0,euronext,2026-09-22T20:41:38Z
2026-06-30,ENOFUTBLYR-27,47.40,,,47.35,46.55,,46.55,34,euronext,2026-09-22T20:41:38Z
2026-06-30,ENOFUTBLYR-28,44.05,,,43.90,43.90,,43.90,8,euronext,2026-09-22T20:41:38Z
2026-06-30,ENOFUTBLYR-29,44.10,,,44.10,43.85,,43.85,21,euronext,2026-09-22T20:41:38Z
2026-06-30,ENOFUTBLYR-30,45.05,,,,,,,0,euronext,2026-09-22T20:41:38Z
2026-06-30,ENOFUTBLYR-31,45.95,,,,,,,60,euronext,2026-09-22T20:41:38Z
2026-06-30,ENOFUTBLYR-32,48.38,,,,,,,0,euronext,2026-09-22T20:41:38Z
2026-06-30,ENOFUTBLYR-33,48.88,,,,,,,0,euronext,2026-09-22T20:41:38Z
2026-06-30,ENOFUTBLYR-34,49.38,,,,,,,0,euronext,2026-09-22T20:41:38Z
2026-06-30,ENOFUTBLYR-35,49.88,,,,,,,0,euronext,2026-09-22T20:41:38Z
2026-06-30,ENOFUTBLYR-36,50.13,,,,,,,0,euronext,2026-09-22T20:41:38Z
2026-07-01,ENOFUTBLMDEC-26,78.75,,,,,,,7,euronext,2026-09-22T20:41:38Z
2026-07-01,ENOFUTBLMJAN-27,80.50,,,,,,,0,euronext,2026-09-22T20:41:38Z
2026-07-01,ENOFUTBLMNOV-26,73.50,,,,,,,0,euronext,2026-09-22T20:41:38Z
2026-07-01,ENOFUTBLMOCT-26,57.10,,,,,,,0,euronext,2026-09-22T20:41:38Z
2026-07-01,ENOFUTBLMSEP-26,57.25,,,57.50,56.75,,56.75,42,euronext,2026-09-22T20:41:38Z
2026-07-01,ENOFUTBLQ1-27,76.10,,,76.50,76.25,,76.50,29,euronext,2026-09-22T20:41:38Z
2026-07-01,ENOFUTBLQ1-28,69.08,,,,,,,0,euronext,2026-09-22T20:41:38Z
2026-07-01,ENOFUTBLQ2-27,36.25,,,36.25,36.25,,36.25,2,euronext,2026-09-22T20:41:38Z
2026-07-01,ENOFUTBLQ2-28,35.51,,,35.51,35.51,,35.51,1,euronext,2026-09-22T20:41:38Z
2026-07-01,ENOFUTBLQ3-27,27.35,,,27.40,27.15,,27.15,10,euronext,2026-09-22T20:41:38Z
2026-07-01,ENOFUTBLQ3-28,24.20,,,24.20,24.20,,24.20,1,euronext,2026-09-22T20:41:38Z
2026-07-01,ENOFUTBLQ4-26,69.30,,,69.80,69.25,,69.60,86,euronext,2026-09-22T20:41:38Z
2026-07-01,ENOFUTBLQ4-27,51.70,,,51.95,51.70,,51.95,4,euronext,2026-09-22T20:41:38Z
2026-07-01,ENOFUTBLQ4-28,49.79,,,,,,,0,euronext,2026-09-22T20:41:38Z
2026-07-01,ENOFUTBLYR-27,47.60,,,47.85,47.50,,47.85,48,euronext,2026-09-22T20:41:38Z
2026-07-01,ENOFUTBLYR-28,44.40,,,,,,,29,euronext,2026-09-22T20:41:38Z
2026-07-01,ENOFUTBLYR-29,44.40,,,,,,,15,euronext,2026-09-22T20:41:38Z
2026-07-01,ENOFUTBLYR-30,44.89,,,,,,,0,euronext,2026-09-22T20:41:38Z
2026-07-01,ENOFUTBLYR-31,45.70,,,,,,,0,euronext,2026-09-22T20:41:38Z
2026-07-01,ENOFUTBLYR-32,48.38,,,,,,,0,euronext,2026-09-22T20:41:38Z
2026-07-01,ENOFUTBLYR-33,48.88,,,,,,,0,euronext,2026-09-22T20:41:38Z
2026-07-01,ENOFUTBLYR-34,49.38,,,,,,,0,euronext,2026-09-22T20:41:38Z
2026-07-01,ENOFUTBLYR-35,49.88,,,,,,,0,euronext,2026-09-22T20:41:38Z
2026-07-01,ENOFUTBLYR-36,50.13,,,,,,,0,euronext,2026-09-22T20:41:38Z
2026-07-02,ENOFUTBLMDEC-26,79.19,,,,,,,0,euronext,2026-09-22T20:41:38Z
2026-07-02,ENOFUTBLMJAN-27,81.09,,,,,,,0,euronext,2026-09-22T20:41:38Z
2026-07-02,ENOFUTBLMNOV-26,73.75,,,,,,,0,euronext,2026-09-22T20:41:38Z
2026-07-02,ENOFUTBLMOCT-26,58.75,,,58.75,58.00,,58.00,4,euronext,2026-09-22T20:41:38Z
2026-07-02,ENOFUTBLMSEP-26,59.58,,,59.65,58.25,,58.25,45,euronext,2026-09-22T20:41:38Z
2026-07-02,ENOFUTBLQ1-27,77.27,,,77.30,76.75,,76.75,47,euronext,2026-09-22T20:41:38Z
2026-07-02,ENOFUTBLQ1-28,69.88,,,70.60,69.85,,70.60,3,euronext,2026-09-22T20:41:38Z
2026-07-02,ENOFUTBLQ2-27,36.85,,,36.85,36.85,,36.85,20,euronext,2026-09-22T20:41:38Z
2026-07-02,ENOFUTBLQ2-28,35.02,,,,,,,0,euronext,2026-09-22T20:41:38Z
2026-07-02,ENOFUTBLQ3-27,27.55,,,27.75,27.55,,27.75,7,euronext,2026-09-22T20:41:38Z
2026-07-02,ENOFUTBLQ3-28,24.50,,,24.50,24.50,,24.50,3,euronext,2026-09-22T20:41:38Z
2026-07-02,ENOFUTBLQ4-26,70.94,,,71.10,70.00,,70.00,65,euronext,2026-09-22T20:41:38Z
2026-07-02,ENOFUTBLQ4-27,52.30,,,52.40,52.30,,52.40,20,euronext,2026-09-22T20:41:38Z
2026-07-02,ENOFUTBLQ4-28,50.50,,,50.50,50.50,,50.50,1,euronext,2026-09-22T20:41:38Z
2026-07-02,ENOFUTBLYR-27,48.25,,,48.25,48.10,,48.15,32,euronext,2026-09-22T20:41:38Z
2026-07-02,ENOFUTBLYR-28,44.75,,,44.90,44.75,,44.90,27,euronext,2026-09-22T20:41:38Z
2026-07-02,ENOFUTBLYR-29,44.50,,,,,,,9,euronext,2026-09-22T20:41:38Z
2026-07-02,ENOFUTBLYR-30,45.29,,,,,,,0,euronext,2026-09-22T20:41:38Z
2026-07-02,ENOFUTBLYR-31,46.00,,,,,,,3,euronext,2026-09-22T20:41:38Z
2026-07-02,ENOFUTBLYR-32,48.38,,,,,,,0,euronext,2026-09-22T20:41:38Z
2026-07-02,ENOFUTBLYR-33,48.88,,,,,,,0,euronext,2026-09-22T20:41:38Z
2026-07-02,ENOFUTBLYR-34,49.38,,,,,,,0,euronext,2026-09-22T20:41:38Z
2026-07-02,ENOFUTBLYR-35,49.88,,,,,,,0,euronext,2026-09-22T20:41:38Z
2026-07-02,ENOFUTBLYR-36,50.13,,,,,,,0,euronext,2026-09-22T20:41:38Z
2026-07-03,ENOFUTBLMDEC-26,80.40,,,80.40,80.40,,80.40,1,euronext,2026-09-22T20:41:38Z
2026-07-03,ENOFUTBLMJAN-27,81.72,,,,,,,0,euronext,2026-09-22T20:41:38Z
2026-07-03,ENOFUTBLMNOV-26,76.90,,,76.95,75.00,,75.00,7,euronext,2026-09-22T20:41:38Z
2026-07-03,ENOFUTBLMOCT-26,61.90,,,62.00,60.80,,60.80,9,euronext,2026-09-22T20:41:38Z
2026-07-03,ENOFUTBLMSEP-26,61.75,,,62.40,60.60,,60.60,27,euronext,2026-09-22T20:41:38Z
2026-07-03,ENOFUTBLQ1-27,78.60,,,78.95,78.00,1300,78.00,44,euronext,2026-09-22T20:41:38Z
2026-07-03,ENOFUTBLQ1-28,69.33,,,,,208,,0,euronext,2026-09-22T20:41:38Z
2026-07-03,ENOFUTBLQ2-27,36.54,,,37.40,36.54,494,37.25,26,euronext,2026-09-22T20:41:38Z
2026-07-03,ENOFUTBLQ2-28,34.90,,,,,,,0,euronext,2026-09-22T20:41:38Z
2026-07-03,ENOFUTBLQ3-27,27.70,,,27.80,27.70,472,27.80,8,euronext,2026-09-22T20:41:38Z
2026-07-03,ENOFUTBLQ3-28,24.50,,,,,,,0,euronext,2026-09-22T20:41:38Z
2026-07-03,ENOFUTBLQ4-26,72.95,,,73.95,72.15,5102,72.15,71,euronext,2026-09-22T20:41:38Z
2026-07-03,ENOFUTBLQ4-27,52.20,,,52.20,52.15,500,52.15,3,euronext,2026-09-22T20:41:38Z
2026-07-03,ENOFUTBLQ4-28,50.90,,,50.90,50.90,,50.90,1,euronext,2026-09-22T20:41:38Z
2026-07-03,ENOFUTBLYR-27,48.55,,,48.80,48.55,4035,48.55,24,euronext,2026-09-22T20:41:38Z
2026-07-03,ENOFUTBLYR-28,44.90,,,45.10,44.90,1780,44.90,23,euronext,2026-09-22T20:41:38Z
2026-07-03,ENOFUTBLYR-29,44.85,,,44.90,44.90,741,44.90,3,euronext,2026-09-22T20:41:38Z
2026-07-03,ENOFUTBLYR-30,45.30,,,45.50,45.50,352,45.50,4,euronext,2026-09-22T20:41:38Z
2026-07-03,ENOFUTBLYR-31,46.45,,,,,181,,0,euronext,2026-09-22T20:41:38Z
2026-07-03,ENOFUTBLYR-32,48.38,,,,,53,,0,euronext,2026-09-22T20:41:38Z
2026-07-03,ENOFUTBLYR-33,48.88,,,,,,,0,euronext,2026-09-22T20:41:38Z
2026-07-03,ENOFUTBLYR-34,49.38,,,,,,,0,euronext,2026-09-22T20:41:38Z
2026-07-03,ENOFUTBLYR-35,49.88,,,,,,,0,euronext,2026-09-22T20:41:38Z
2026-07-03,ENOFUTBLYR-36,50.13,,,,,,,0,euronext,2026-09-22T20:41:38Z
2026-07-06,ENOFUTBLMDEC-26,79.35,,,79.89,79.89,,79.89,2,euronext,2026-09-22T20:41:38Z
2026-07-06,ENOFUTBLMJAN-27,82.75,,,,,,,0,euronext,2026-09-22T20:41:38Z
2026-07-06,ENOFUTBLMNOV-26,76.75,,,77.00,77.00,,77.00,5,euronext,2026-09-22T20:41:38Z
2026-07-06,ENOFUTBLMOCT-26,61.90,,,62.00,61.90,,62.00,2,euronext,2026-09-22T20:41:38Z
2026-07-06,ENOFUTBLMSEP-26,61.90,,,61.90,61.90,,61.90,3,euronext,2026-09-22T20:41:38Z
2026-07-06,ENOFUTBLQ1-27,78.55,,,78.60,78.30,,78.60,13,euronext,2026-09-22T20:41:38Z
2026-07-06,ENOFUTBLQ1-28,69.75,,,70.50,70.50,,70.50,1,euronext,2026-09-22T20:41:38Z
2026-07-06,ENOFUTBLQ2-27,36.25,,,,,,,1,euronext,2026-09-22T20:41:38Z
2026-07-06,ENOFUTBLQ2-28,35.55,,,35.55,35.55,,35.55,3,euronext,2026-09-22T20:41:38Z
2026-07-06,ENOFUTBLQ3-27,27.50,,,,,,,0,euronext,2026-09-22T20:41:38Z
2026-07-06,ENOFUTBLQ3-28,24.00,,,,,,,0,euronext,2026-09-22T20:41:38Z
2026-07-06,ENOFUTBLQ4-26,72.48,,,73.15,72.40,,73.15,24,euronext,2026-09-22T20:41:38Z
2026-07-06,ENOFUTBLQ4-27,51.40,,,,,,,0,euronext,2026-09-22T20:41:38Z
2026-07-06,ENOFUTBLQ4-28,50.00,,,,,,,0,euronext,2026-09-22T20:41:38Z
2026-07-06,ENOFUTBLYR-27,48.00,,,48.40,48.15,,48.35,18,euronext,2026-09-22T20:41:38Z
2026-07-06,ENOFUTBLYR-28,44.45,,,,,,,7,euronext,2026-09-22T20:41:38Z
2026-07-06,ENOFUTBLYR-29,44.40,,,44.75,44.40,,44.75,3,euronext,2026-09-22T20:41:38Z
2026-07-06,ENOFUTBLYR-30,45.56,,,,,,,0,euronext,2026-09-22T20:41:38Z
2026-07-06,ENOFUTBLYR-31,46.45,,,,,,,0,euronext,2026-09-22T20:41:38Z
2026-07-06,ENOFUTBLYR-32,48.38,,,,,,,0,euronext,2026-09-22T20:41:38Z
2026-07-06,ENOFUTBLYR-33,48.88,,,,,,,0,euronext,2026-09-22T20:41:38Z
2026-07-06,ENOFUTBLYR-34,49.38,,,,,,,0,euronext,2026-09-22T20:41:38Z
2026-07-06,ENOFUTBLYR-35,49.88,,,,,,,0,euronext,2026-09-22T20:41:38Z
2026-07-06,ENOFUTBLYR-36,50.13,,,,,,,0,euronext,2026-09-22T20:41:38Z
2026-07-07,ENOFUTBLMDEC-26,79.45,,,,,,,0,euronext,2026-09-22T20:41:38Z
2026-07-07,ENOFUTBLMJAN-27,83.56,,,,,,,0,euronext,2026-09-22T20:41:38Z
2026-07-07,ENOFUTBLMNOV-26,76.85,,,,,,,0,euronext,2026-09-22T20:41:38Z
2026-07-07,ENOFUTBLMOCT-26,62.00,,,,,,,2,euronext,2026-09-22T20:41:38Z
2026-07-07,ENOFUTBLMSEP-26,62.15,,,62.15,62.10,,62.15,57,euronext,2026-09-22T20:41:38Z
2026-07-07,ENOFUTBLQ1-27,78.75,,,78.85,78.70,,78.70,23,euronext,2026-09-22T20:41:38Z
2026-07-07,ENOFUTBLQ1-28,70.33,,,,,,,0,euronext,2026-09-22T20:41:38Z
2026-07-07,ENOFUTBLQ2-27,36.35,,,36.35,36.35,,36.35,1,euronext,2026-09-22T20:41:38Z
2026-07-07,ENOFUTBLQ2-28,35.04,,,,,,,0,euronext,2026-09-22T20:41:38Z
2026-07-07,ENOFUTBLQ3-27,27.80,,,,,,,0,euronext,2026-09-22T20:41:38Z
2026-07-07,ENOFUTBLQ3-28,24.05,,,,,,,0,euronext,2026-09-22T20:41:38Z
2026-07-07,ENOFUTBLQ4-26,72.85,,,72.85,72.60,,72.65,73,euronext,2026-09-22T20:41:38Z
2026-07-07,ENOFUTBLQ4-27,51.90,,,,,,,0,euronext,2026-09-22T20:41:38Z
2026-07-07,ENOFUTBLQ4-28,50.00,,,,,,,0,euronext,2026-09-22T20:41:38Z
2026-07-07,ENOFUTBLYR-27,48.20,,,48.50,48.20,,48.50,14,euronext,2026-09-22T20:41:38Z
2026-07-07,ENOFUTBLYR-28,44.40,,,44.45,44.30,,44.45,18,euronext,2026-09-22T20:41:38Z
2026-07-07,ENOFUTBLYR-29,44.35,,,44.35,44.35,,44.35,1,euronext,2026-09-22T20:41:38Z
2026-07-07,ENOFUTBLYR-30,45.56,,,,,,,0,euronext,2026-09-22T20:41:38Z
2026-07-07,ENOFUTBLYR-31,46.45,,,,,,,0,euronext,2026-09-22T20:41:38Z
2026-07-07,ENOFUTBLYR-32,48.38,,,,,,,0,euronext,2026-09-22T20:41:38Z
2026-07-07,ENOFUTBLYR-33,48.88,,,,,,,0,euronext,2026-09-22T20:41:38Z
2026-07-07,ENOFUTBLYR-34,49.38,,,,,,,0,euronext,2026-09-22T20:41:38Z
2026-07-07,ENOFUTBLYR-35,49.88,,,,,,,0,euronext,2026-09-22T20:41:38Z
2026-07-07,ENOFUTBLYR-36,50.13,,,,,,,0,euronext,2026-09-22T20:41:38Z
2026-07-08,ENOFUTBLMDEC-26,81.55,,,81.10,81.10,,81.10,4,euronext,2026-09-22T20:41:38Z
2026-07-08,ENOFUTBLMJAN-27,84.00,,,83.65,83.65,,83.65,1,euronext,2026-09-22T20:41:38Z
2026-07-08,ENOFUTBLMNOV-26,78.51,,,78.51,78.51,,78.51,3,euronext,2026-09-22T20:41:38Z
2026-07-08,ENOFUTBLMOCT-26,64.70,,,64.75,63.40,,63.40,8,euronext,2026-09-22T20:41:38Z
2026-07-08,ENOFUTBLMSEP-26,64.00,,,64.50,63.85,,64.50,38,euronext,2026-09-22T20:41:38Z
2026-07-08,ENOFUTBLQ1-27,80.35,,,80.05,79.85,,79.85,27,euronext,2026-09-22T20:41:38Z
2026-07-08,ENOFUTBLQ1-28,70.23,,,70.95,70.95,,70.95,1,euronext,2026-09-22T20:41:38Z
2026-07-08,ENOFUTBLQ2-27,36.40,,,36.65,36.18,,36.60,14,euronext,2026-09-22T20:41:38Z
2026-07-08,ENOFUTBLQ2-28,35.55,,,35.55,35.55,,35.55,3,euronext,2026-09-22T20:41:38Z
2026-07-08,ENOFUTBLQ3-27,27.90,,,27.91,27.50,,27.91,24,euronext,2026-09-22T20:41:38Z
2026-07-08,ENOFUTBLQ3-28,23.50,,,,,,,0,euronext,2026-09-22T20:41:38Z
2026-07-08,ENOFUTBLQ4-26,74.85,,,75.00,74.50,,74.50,71,euronext,2026-09-22T20:41:38Z
2026-07-08,ENOFUTBLQ4-27,51.80,,,51.90,51.50,,51.90,13,euronext,2026-09-22T20:41:38Z
2026-07-08,ENOFUTBLQ4-28,50.75,,,,,,,2,euronext,2026-09-22T20:41:38Z
2026-07-08,ENOFUTBLYR-27,48.70,,,48.75,48.40,,48.40,32,euronext,2026-09-22T20:41:38Z
2026-07-08,ENOFUTBLYR-28,44.50,,,44.55,44.50,,44.55,11,euronext,2026-09-22T20:41:38Z
2026-07-08,ENOFUTBLYR-29,44.25,,,44.25,44.25,,44.25,2,euronext,2026-09-22T20:41:38Z
2026-07-08,ENOFUTBLYR-30,45.31,,,,,,,0,euronext,2026-09-22T20:41:38Z
2026-07-08,ENOFUTBLYR-31,46.44,,,,,,,0,euronext,2026-09-22T20:41:38Z
2026-07-08,ENOFUTBLYR-32,48.38,,,,,,,0,euronext,2026-09-22T20:41:38Z
2026-07-08,ENOFUTBLYR-33,48.88,,,,,,,0,euronext,2026-09-22T20:41:38Z
2026-07-08,ENOFUTBLYR-34,49.38,,,,,,,0,euronext,2026-09-22T20:41:38Z
2026-07-08,ENOFUTBLYR-35,49.88,,,,,,,0,euronext,2026-09-22T20:41:38Z
2026-07-08,ENOFUTBLYR-36,50.13,,,,,,,0,euronext,2026-09-22T20:41:38Z
2026-07-09,ENOFUTBLMDEC-26,82.36,,,,,,,0,euronext,2026-09-22T20:41:38Z
2026-07-09,ENOFUTBLMJAN-27,84.59,,,,,,,0,euronext,2026-09-22T20:41:38Z
2026-07-09,ENOFUTBLMNOV-26,79.84,,,,,,,0,euronext,2026-09-22T20:41:38Z
2026-07-09,ENOFUTBLMOCT-26,65.00,,,65.00,64.80,,64.80,3,euronext,2026-09-22T20:41:38Z
2026-07-09,ENOFUTBLMSEP-26,65.80,,,65.80,64.70,,64.70,9,euronext,2026-09-22T20:41:38Z
2026-07-09,ENOFUTBLQ1-27,81.20,,,80.95,80.75,1327,80.75,11,euronext,2026-09-22T20:41:38Z
2026-07-09,ENOFUTBLQ1-28,70.60,,,,,210,,0,euronext,2026-09-22T20:41:38Z
2026-07-09,ENOFUTBLQ2-27,36.65,,,36.70,36.10,492,36.70,8,euronext,2026-09-22T20:41:38Z
2026-07-09,ENOFUTBLQ2-28,35.05,,,,,,,0,euronext,2026-09-22T20:41:38Z
2026-07-09,ENOFUTBLQ3-27,28.20,,,28.20,28.20,482,28.20,1,euronext,2026-09-22T20:41:38Z
2026-07-09,ENOFUTBLQ3-28,24.05,,,,,,,0,euronext,2026-09-22T20:41:38Z
2026-07-09,ENOFUTBLQ4-26,76.15,,,76.35,75.30,5175,75.30,45,euronext,2026-09-22T20:41:38Z
2026-07-09,ENOFUTBLQ4-27,52.00,,,52.00,51.75,505,51.75,4,euronext,2026-09-22T20:41:38Z
2026-07-09,ENOFUTBLQ4-28,50.80,,,50.80,50.80,,50.80,1,euronext,2026-09-22T20:41:38Z
2026-07-09,ENOFUTBLYR-27,49.20,,,49.23,48.93,4107,48.93,51,euronext,2026-09-22T20:41:38Z
2026-07-09,ENOFUTBLYR-28,44.70,,,44.70,44.50,1806,44.50,15,euronext,2026-09-22T20:41:38Z
2026-07-09,ENOFUTBLYR-29,44.30,,,44.30,44.30,744,44.30,3,euronext,2026-09-22T20:41:38Z
2026-07-09,ENOFUTBLYR-30,45.31,,,45.31,45.31,352,45.31,1,euronext,2026-09-22T20:41:38Z
2026-07-09,ENOFUTBLYR-31,46.14,,,,,181,,0,euronext,2026-09-22T20:41:38Z
2026-07-09,ENOFUTBLYR-32,48.38,,,,,53,,0,euronext,2026-09-22T20:41:38Z
2026-07-09,ENOFUTBLYR-33,48.88,,,,,,,0,euronext,2026-09-22T20:41:38Z
2026-07-09,ENOFUTBLYR-34,49.38,,,,,,,0,euronext,2026-09-22T20:41:38Z
2026-07-09,ENOFUTBLYR-35,49.88,,,,,,,0,euronext,2026-09-22T20:41:38Z
2026-07-09,ENOFUTBLYR-36,50.13,,,,,,,0,euronext,2026-09-22T20:41:38Z
2026-07-10,ENOFUTBLMDEC-26,82.25,,,82.25,82.25,,82.25,1,euronext,2026-09-22T20:41:38Z
2026-07-10,ENOFUTBLMJAN-27,85.40,,,,,,,0,euronext,2026-09-22T20:41:38Z
2026-07-10,ENOFUTBLMNOV-26,80.75,,,,,,,0,euronext,2026-09-22T20:41:38Z
2026-07-10,ENOFUTBLMOCT-26,65.65,,,65.75,65.00,,65.75,15,euronext,2026-09-22T20:41:38Z
2026-07-10,ENOFUTBLMSEP-26,65.45,,,67.10,65.45,,67.10,63,euronext,2026-09-22T20:41:38Z
2026-07-10,ENOFUTBLQ1-27,81.10,,,81.20,80.70,,81.20,86,euronext,2026-09-22T20:41:38Z
2026-07-10,ENOFUTBLQ1-28,70.60,,,72.10,70.60,,72.10,4,euronext,2026-09-22T20:41:38Z
2026-07-10,ENOFUTBLQ2-27,36.77,,,,,,,0,euronext,2026-09-22T20:41:38Z
2026-07-10,ENOFUTBLQ2-28,34.93,,,,,,,0,euronext,2026-09-22T20:41:38Z
2026-07-10,ENOFUTBLQ3-27,28.00,,,28.00,28.00,,28.00,5,euronext,2026-09-22T20:41:38Z
2026-07-10,ENOFUTBLQ3-28,23.85,,,,,,,0,euronext,2026-09-22T20:41:38Z
2026-07-10,ENOFUTBLQ4-26,76.50,,,76.70,75.70,,76.50,91,euronext,2026-09-22T20:41:38Z
2026-07-10,ENOFUTBLQ4-27,51.90,,,,,,,5,euronext,2026-09-22T20:41:38Z
2026-07-10,ENOFUTBLQ4-28,50.45,,,,,,,0,euronext,2026-09-22T20:41:38Z
2026-07-10,ENOFUTBLYR-27,49.00,,,49.20,49.00,,49.20,51,euronext,2026-09-22T20:41:38Z
2026-07-10,ENOFUTBLYR-28,44.70,,,44.70,44.70,,44.70,14,euronext,2026-09-22T20:41:38Z
2026-07-10,ENOFUTBLYR-29,44.20,,,44.25,44.25,,44.25,7,euronext,2026-09-22T20:41:38Z
2026-07-10,ENOFUTBLYR-30,45.38,,,,,,,0,euronext,2026-09-22T20:41:38Z
2026-07-10,ENOFUTBLYR-31,46.14,,,,,,,0,euronext,2026-09-22T20:41:38Z
2026-07-10,ENOFUTBLYR-32,48.38,,,,,,,0,euronext,2026-09-22T20:41:38Z
2026-07-10,ENOFUTBLYR-33,48.88,,,,,,,0,euronext,2026-09-22T20:41:38Z
2026-07-10,ENOFUTBLYR-34,49.38,,,,,,,0,euronext,2026-09-22T20:41:38Z
2026-07-10,ENOFUTBLYR-35,49.88,,,,,,,0,euronext,2026-09-22T20:41:38Z
2026-07-10,ENOFUTBLYR-36,50.13,,,,,,,0,euronext,2026-09-22T20:41:38Z
2026-07-13,ENOFUTBLMDEC-26,84.72,,,,,,,0,euronext,2026-09-22T20:41:38Z
2026-07-13,ENOFUTBLMJAN-27,87.71,,,,,,,0,euronext,2026-09-22T20:41:38Z
2026-07-13,ENOFUTBLMNOV-26,83.50,,,,,,,0,euronext,2026-09-22T20:41:38Z
2026-07-13,ENOFUTBLMOCT-26,67.90,,,68.05,67.95,,67.95,3,euronext,2026-09-22T20:41:38Z
2026-07-13,ENOFUTBLMSEP-26,67.25,,,67.74,67.25,,67.70,10,euronext,2026-09-22T20:41:38Z
2026-07-13,ENOFUTBLQ1-27,83.20,,,83.40,83.05,,83.35,24,euronext,2026-09-22T20:41:38Z
2026-07-13,ENOFUTBLQ1-28,71.23,,,,,,,0,euronext,2026-09-22T20:41:38Z
2026-07-13,ENOFUTBLQ2-27,37.25,,,36.95,36.95,,36.95,2,euronext,2026-09-22T20:41:38Z
2026-07-13,ENOFUTBLQ2-28,35.10,,,,,,,0,euronext,2026-09-22T20:41:38Z
2026-07-13,ENOFUTBLQ3-27,28.20,,,,,,,0,euronext,2026-09-22T20:41:38Z
2026-07-13,ENOFUTBLQ3-28,24.02,,,,,,,0,euronext,2026-09-22T20:41:38Z
2026-07-13,ENOFUTBLQ4-26,79.10,,,79.50,79.00,,79.50,57,euronext,2026-09-22T20:41:38Z
2026-07-13,ENOFUTBLQ4-27,52.00,,,,,,,5,euronext,2026-09-22T20:41:38Z
2026-07-13,ENOFUTBLQ4-28,50.40,,,,,,,0,euronext,2026-09-22T20:41:38Z
2026-07-13,ENOFUTBLYR-27,50.00,,,50.00,49.50,,49.50,39,euronext,2026-09-22T20:41:38Z
2026-07-13,ENOFUTBLYR-28,44.70,,,,,,,3,euronext,2026-09-22T20:41:38Z
2026-07-13,ENOFUTBLYR-29,44.88,,,,,,,0,euronext,2026-09-22T20:41:38Z
2026-07-13,ENOFUTBLYR-30,45.13,,,,,,,0,euronext,2026-09-22T20:41:38Z
2026-07-13,ENOFUTBLYR-31,45.88,,,,,,,0,euronext,2026-09-22T20:41:38Z
2026-07-13,ENOFUTBLYR-32,48.38,,,,,,,0,euronext,2026-09-22T20:41:38Z
2026-07-13,ENOFUTBLYR-33,48.88,,,,,,,0,euronext,2026-09-22T20:41:38Z
2026-07-13,ENOFUTBLYR-34,49.38,,,,,,,0,euronext,2026-09-22T20:41:38Z
2026-07-13,ENOFUTBLYR-35,49.88,,,,,,,0,euronext,2026-09-22T20:41:38Z
2026-07-13,ENOFUTBLYR-36,50.13,,,,,,,0,euronext,2026-09-22T20:41:38Z
2026-07-14,ENOFUTBLMDEC-26,85.75,,,,,,,0,euronext,2026-09-22T20:41:38Z
2026-07-14,ENOFUTBLMJAN-27,87.89,,,,,,,0,euronext,2026-09-22T20:41:38Z
2026-07-14,ENOFUTBLMNOV-26,84.75,,,,,,,0,euronext,2026-09-22T20:41:38Z
2026-07-14,ENOFUTBLMOCT-26,69.73,,,68.60,68.40,,68.40,4,euronext,2026-09-22T20:41:38Z
2026-07-14,ENOFUTBLMSEP-26,68.90,,,68.90,68.50,,68.50,23,euronext,2026-09-22T20:41:38Z
2026-07-14,ENOFUTBLQ1-27,84.18,,,84.50,84.00,1350,84.50,24,euronext,2026-09-22T20:41:38Z
2026-07-14,ENOFUTBLQ1-28,71.50,,,,,211,,3,euronext,2026-09-22T20:41:38Z
2026-07-14,ENOFUTBLQ2-27,38.15,,,38.15,38.00,492,38.00,2,euronext,2026-09-22T20:41:38Z
2026-07-14,ENOFUTBLQ2-28,35.54,,,,,,,0,euronext,2026-09-22T20:41:38Z
2026-07-14,ENOFUTBLQ3-27,28.70,,,28.70,28.70,481,28.70,2,euronext,2026-09-22T20:41:38Z
2026-07-14,ENOFUTBLQ3-28,24.47,,,,,,,0,euronext,2026-09-22T20:41:38Z
2026-07-14,ENOFUTBLQ4-26,80.33,,,80.50,79.90,5282,79.90,90,euronext,2026-09-22T20:41:38Z
2026-07-14,ENOFUTBLQ4-27,52.50,,,,,515,,0,euronext,2026-09-22T20:41:38Z
2026-07-14,ENOFUTBLQ4-28,50.22,,,,,,,0,euronext,2026-09-22T20:41:38Z
2026-07-14,ENOFUTBLYR-27,50.80,,,51.00,50.70,4201,51.00,56,euronext,2026-09-22T20:41:38Z
2026-07-14,ENOFUTBLYR-28,45.05,,,45.30,45.05,1810,45.30,2,euronext,2026-09-22T20:41:38Z
2026-07-14,ENOFUTBLYR-29,44.60,,,44.85,44.60,745,44.85,3,euronext,2026-09-22T20:41:38Z
2026-07-14,ENOFUTBLYR-30,45.50,,,,,352,,0,euronext,2026-09-22T20:41:38Z
2026-07-14,ENOFUTBLYR-31,46.19,,,,,181,,0,euronext,2026-09-22T20:41:38Z
2026-07-14,ENOFUTBLYR-32,48.38,,,,,53,,0,euronext,2026-09-22T20:41:38Z
2026-07-14,ENOFUTBLYR-33,48.88,,,,,,,0,euronext,2026-09-22T20:41:38Z
2026-07-14,ENOFUTBLYR-34,49.38,,,,,,,0,euronext,2026-09-22T20:41:38Z
2026-07-14,ENOFUTBLYR-35,49.88,,,,,,,0,euronext,2026-09-22T20:41:38Z
2026-07-14,ENOFUTBLYR-36,50.13,,,,,,,0,euronext,2026-09-22T20:41:38Z
2026-07-15,ENOFUTBLMDEC-26,87.92,,,87.92,87.92,,87.92,3,euronext,2026-09-22T20:41:38Z
2026-07-15,ENOFUTBLMJAN-27,90.52,,,90.52,90.52,,90.52,3,euronext,2026-09-22T20:41:38Z
2026-07-15,ENOFUTBLMNOV-26,86.91,,,86.91,86.91,,86.91,3,euronext,2026-09-22T20:41:38Z
2026-07-15,ENOFUTBLMOCT-26,72.50,,,71.50,70.00,,70.00,16,euronext,2026-09-22T20:41:38Z
2026-07-15,ENOFUTBLMSEP-26,70.30,,,70.30,69.50,,69.75,19,euronext,2026-09-22T20:41:38Z
2026-07-15,ENOFUTBLQ1-27,86.15,,,86.25,85.00,,85.00,18,euronext,2026-09-22T20:41:38Z
2026-07-15,ENOFUTBLQ1-28,71.65,,,,,,,0,euronext,2026-09-22T20:41:38Z
2026-07-15,ENOFUTBLQ2-27,38.86,,,,,,,0,euronext,2026-09-22T20:41:38Z
2026-07-15,ENOFUTBLQ2-28,35.48,,,,,,,0,euronext,2026-09-22T20:41:38Z
2026-07-15,ENOFUTBLQ3-27,29.29,,,,,,,0,euronext,2026-09-22T20:41:38Z
2026-07-15,ENOFUTBLQ3-28,24.40,,,,,,,0,euronext,2026-09-22T20:41:38Z
2026-07-15,ENOFUTBLQ4-26,82.90,,,82.90,81.25,,81.25,96,euronext,2026-09-22T20:41:38Z
2026-07-15,ENOFUTBLQ4-27,53.00,,,53.00,53.00,,53.00,1,euronext,2026-09-22T20:41:38Z
2026-07-15,ENOFUTBLQ4-28,50.24,,,,,,,0,euronext,2026-09-22T20:41:38Z
2026-07-15,ENOFUTBLYR-27,51.45,,,51.45,51.25,,51.25,34,euronext,2026-09-22T20:41:38Z
2026-07-15,ENOFUTBLYR-28,45.25,,,45.30,45.30,,45.30,6,euronext,2026-09-22T20:41:38Z
2026-07-15,ENOFUTBLYR-29,44.70,,,44.70,44.70,,44.70,2,euronext,2026-09-22T20:41:38Z
2026-07-15,ENOFUTBLYR-30,45.50,,,,,,,0,euronext,2026-09-22T20:41:38Z
2026-07-15,ENOFUTBLYR-31,46.19,,,,,,,0,euronext,2026-09-22T20:41:38Z
2026-07-15,ENOFUTBLYR-32,48.38,,,,,,,0,euronext,2026-09-22T20:41:38Z
2026-07-15,ENOFUTBLYR-33,48.88,,,,,,,0,euronext,2026-09-22T20:41:38Z
2026-07-15,ENOFUTBLYR-34,49.38,,,,,,,0,euronext,2026-09-22T20:41:38Z
2026-07-15,ENOFUTBLYR-35,49.88,,,,,,,0,euronext,2026-09-22T20:41:38Z
2026-07-15,ENOFUTBLYR-36,50.13,,,,,,,0,euronext,2026-09-22T20:41:38Z
2026-07-16,ENOFUTBLMDEC-26,88.69,,,87.92,87.92,,87.92,4,euronext,2026-09-22T20:41:38Z
2026-07-16,ENOFUTBLMJAN-27,90.71,,,,,,,0,euronext,2026-09-22T20:41:38Z
2026-07-16,ENOFUTBLMNOV-26,86.90,,,86.91,86.91,,86.91,6,euronext,2026-09-22T20:41:38Z
2026-07-16,ENOFUTBLMOCT-26,71.60,,,71.70,71.60,,71.70,10,euronext,2026-09-22T20:41:38Z
2026-07-16,ENOFUTBLMSEP-26,69.87,,,69.87,69.50,,69.50,36,euronext,2026-09-22T20:41:38Z
2026-07-16,ENOFUTBLQ1-27,85.75,,,,,,,1,euronext,2026-09-22T20:41:38Z
2026-07-16,ENOFUTBLQ1-28,71.65,,,,,,,0,euronext,2026-09-22T20:41:38Z
2026-07-16,ENOFUTBLQ2-27,38.78,,,,,,,0,euronext,2026-09-22T20:41:38Z
2026-07-16,ENOFUTBLQ2-28,35.19,,,,,,,0,euronext,2026-09-22T20:41:38Z
2026-07-16,ENOFUTBLQ3-27,29.10,,,,,,,0,euronext,2026-09-22T20:41:38Z
2026-07-16,ENOFUTBLQ3-28,24.12,,,,,,,0,euronext,2026-09-22T20:41:38Z
2026-07-16,ENOFUTBLQ4-26,82.75,,,83.00,81.90,,81.90,65,euronext,2026-09-22T20:41:38Z
2026-07-16,ENOFUTBLQ4-27,53.00,,,,,,,6,euronext,2026-09-22T20:41:38Z
2026-07-16,ENOFUTBLQ4-28,49.42,,,,,,,0,euronext,2026-09-22T20:41:38Z
2026-07-16,ENOFUTBLYR-27,51.70,,,51.70,51.25,,51.25,38,euronext,2026-09-22T20:41:38Z
2026-07-16,ENOFUTBLYR-28,45.00,,,45.00,45.00,,45.00,10,euronext,2026-09-22T20:41:38Z
2026-07-16,ENOFUTBLYR-29,44.25,,,44.25,44.25,,44.25,3,euronext,2026-09-22T20:41:38Z
2026-07-16,ENOFUTBLYR-30,45.50,,,,,,,0,euronext,2026-09-22T20:41:38Z
2026-07-16,ENOFUTBLYR-31,46.19,,,,,,,0,euronext,2026-09-22T20:41:38Z
2026-07-16,ENOFUTBLYR-32,48.38,,,,,,,0,euronext,2026-09-22T20:41:38Z
2026-07-16,ENOFUTBLYR-33,48.88,,,,,,,0,euronext,2026-09-22T20:41:38Z
2026-07-16,ENOFUTBLYR-34,49.38,,,,,,,0,euronext,2026-09-22T20:41:38Z
2026-07-16,ENOFUTBLYR-35,49.88,,,,,,,0,euronext,2026-09-22T20:41:38Z
2026-07-16,ENOFUTBLYR-36,50.13,,,,,,,0,euronext,2026-09-22T20:41:38Z
2026-07-17,ENOFUTBLMDEC-26,91.00,,,92.17,90.22,,90.22,10,euronext,2026-09-22T20:41:38Z
2026-07-17,ENOFUTBLMJAN-27,92.23,,,92.23,92.23,,92.23,3,euronext,2026-09-22T20:41:38Z
2026-07-17,ENOFUTBLMNOV-26,90.00,,,89.10,88.00,,88.00,14,euronext,2026-09-22T20:41:38Z
2026-07-17,ENOFUTBLMOCT-26,74.25,,,74.25,73.25,,73.25,7,euronext,2026-09-22T20:41:38Z
2026-07-17,ENOFUTBLMSEP-26,73.25,,,73.30,69.80,,69.80,66,euronext,2026-09-22T20:41:38Z
2026-07-17,ENOFUTBLQ1-27,88.50,,,88.50,86.50,,86.50,46,euronext,2026-09-22T20:41:38Z
2026-07-17,ENOFUTBLQ1-28,72.05,,,,,,,5,euronext,2026-09-22T20:41:38Z
2026-07-17,ENOFUTBLQ2-27,39.98,,,39.75,39.55,,39.75,7,euronext,2026-09-22T20:41:38Z
2026-07-17,ENOFUTBLQ2-28,35.97,,,,,,,0,euronext,2026-09-22T20:41:38Z
2026-07-17,ENOFUTBLQ3-27,30.00,,,30.00,30.00,,30.00,10,euronext,2026-09-22T20:41:38Z
2026-07-17,ENOFUTBLQ3-28,24.35,,,,,,,0,euronext,2026-09-22T20:41:38Z
2026-07-17,ENOFUTBLQ4-26,85.60,,,86.25,83.50,,83.50,90,euronext,2026-09-22T20:41:38Z
2026-07-17,ENOFUTBLQ4-27,53.00,,,,,,,0,euronext,2026-09-22T20:41:38Z
2026-07-17,ENOFUTBLQ4-28,49.33,,,,,,,0,euronext,2026-09-22T20:41:38Z
2026-07-17,ENOFUTBLYR-27,52.58,,,52.50,51.90,,51.90,32,euronext,2026-09-22T20:41:38Z
2026-07-17,ENOFUTBLYR-28,45.25,,,45.00,45.00,,45.00,2,euronext,2026-09-22T20:41:38Z
2026-07-17,ENOFUTBLYR-29,44.60,,,,,,,0,euronext,2026-09-22T20:41:38Z
2026-07-17,ENOFUTBLYR-30,45.50,,,,,,,0,euronext,2026-09-22T20:41:38Z
2026-07-17,ENOFUTBLYR-31,46.19,,,,,,,0,euronext,2026-09-22T20:41:38Z
2026-07-17,ENOFUTBLYR-32,48.38,,,,,,,0,euronext,2026-09-22T20:41:38Z
2026-07-17,ENOFUTBLYR-33,48.88,,,,,,,0,euronext,2026-09-22T20:41:38Z
2026-07-17,ENOFUTBLYR-34,49.38,,,,,,,0,euronext,2026-09-22T20:41:38Z
2026-07-17,ENOFUTBLYR-35,49.88,,,,,,,0,euronext,2026-09-22T20:41:38Z
2026-07-17,ENOFUTBLYR-36,50.13,,,,,,,0,euronext,2026-09-22T20:41:38Z
2026-07-20,ENOFUTBLMDEC-26,92.00,,,,,,,0,euronext,2026-09-22T20:41:38Z
2026-07-20,ENOFUTBLMJAN-27,91.90,,,,,,,0,euronext,2026-09-22T20:41:38Z
2026-07-20,ENOFUTBLMNOV-26,90.50,,,,,,,0,euronext,2026-09-22T20:41:38Z
2026-07-20,ENOFUTBLMOCT-26,74.20,,,74.20,74.20,,74.20,3,euronext,2026-09-22T20:41:38Z
2026-07-20,ENOFUTBLMSEP-26,74.75,,,75.00,73.75,,73.75,67,euronext,2026-09-22T20:41:38Z
2026-07-20,ENOFUTBLQ1-27,88.40,,,88.40,88.33,,88.40,10,euronext,2026-09-22T20:41:38Z
2026-07-20,ENOFUTBLQ1-28,72.00,,,,,,,4,euronext,2026-09-22T20:41:38Z
2026-07-20,ENOFUTBLQ2-27,39.35,,,39.30,39.30,,39.30,3,euronext,2026-09-22T20:41:38Z
2026-07-20,ENOFUTBLQ2-28,35.38,,,,,,,0,euronext,2026-09-22T20:41:38Z
2026-07-20,ENOFUTBLQ3-27,29.67,,,,,,,0,euronext,2026-09-22T20:41:38Z
2026-07-20,ENOFUTBLQ3-28,24.31,,,,,,,0,euronext,2026-09-22T20:41:38Z
2026-07-20,ENOFUTBLQ4-26,85.95,,,86.30,85.45,,86.30,67,euronext,2026-09-22T20:41:38Z
2026-07-20,ENOFUTBLQ4-27,52.98,,,,,,,0,euronext,2026-09-22T20:41:38Z
2026-07-20,ENOFUTBLQ4-28,49.17,,,,,,,0,euronext,2026-09-22T20:41:38Z
2026-07-20,ENOFUTBLYR-27,52.30,,,52.35,51.90,,52.35,37,euronext,2026-09-22T20:41:38Z
2026-07-20,ENOFUTBLYR-28,45.25,,,45.60,45.25,,45.60,3,euronext,2026-09-22T20:41:38Z
2026-07-20,ENOFUTBLYR-29,44.60,,,,,,,0,euronext,2026-09-22T20:41:38Z
2026-07-20,ENOFUTBLYR-30,45.50,,,,,,,0,euronext,2026-09-22T20:41:38Z
2026-07-20,ENOFUTBLYR-31,46.19,,,,,,,0,euronext,2026-09-22T20:41:38Z
2026-07-20,ENOFUTBLYR-32,48.38,,,,,,,0,euronext,2026-09-22T20:41:38Z
2026-07-20,ENOFUTBLYR-33,48.88,,,,,,,0,euronext,2026-09-22T20:41:38Z
2026-07-20,ENOFUTBLYR-34,49.38,,,,,,,0,euronext,2026-09-22T20:41:38Z
2026-07-20,ENOFUTBLYR-35,49.88,,,,,,,0,euronext,2026-09-22T20:41:38Z
2026-07-20,ENOFUTBLYR-36,50.13,,,,,,,0,euronext,2026-09-22T20:41:38Z
2026-07-21,ENOFUTBLMDEC-26,92.75,,,,,,,0,euronext,2026-09-22T20:41:38Z
2026-07-21,ENOFUTBLMJAN-27,92.59,,,,,,,0,euronext,2026-09-22T20:41:38Z
2026-07-21,ENOFUTBLMNOV-26,90.95,,,90.95,90.95,,90.95,5,euronext,2026-09-22T20:41:38Z
2026-07-21,ENOFUTBLMOCT-26,75.20,,,75.20,75.20,,75.20,1,euronext,2026-09-22T20:41:38Z
2026-07-21,ENOFUTBLMSEP-26,75.51,,,75.60,74.95,,75.00,183,euronext,2026-09-22T20:41:38Z
2026-07-21,ENOFUTBLQ1-27,88.80,,,88.80,88.45,,88.45,23,euronext,2026-09-22T20:41:38Z
2026-07-21,ENOFUTBLQ1-28,72.05,,,,,,,0,euronext,2026-09-22T20:41:38Z
2026-07-21,ENOFUTBLQ2-27,40.19,,,,,,,0,euronext,2026-09-22T20:41:38Z
2026-07-21,ENOFUTBLQ2-28,35.50,,,,,,,0,euronext,2026-09-22T20:41:38Z
2026-07-21,ENOFUTBLQ3-27,30.36,,,,,,,0,euronext,2026-09-22T20:41:38Z
2026-07-21,ENOFUTBLQ3-28,24.43,,,,,,,0,euronext,2026-09-22T20:41:38Z
2026-07-21,ENOFUTBLQ4-26,86.50,,,86.60,85.60,,85.60,71,euronext,2026-09-22T20:41:38Z
2026-07-21,ENOFUTBLQ4-27,53.34,,,,,,,0,euronext,2026-09-22T20:41:38Z
2026-07-21,ENOFUTBLQ4-28,49.01,,,,,,,0,euronext,2026-09-22T20:41:38Z
2026-07-21,ENOFUTBLYR-27,53.00,,,53.00,52.55,,52.55,30,euronext,2026-09-22T20:41:38Z
2026-07-21,ENOFUTBLYR-28,45.35,,,45.40,45.35,,45.40,5,euronext,2026-09-22T20:41:38Z
2026-07-21,ENOFUTBLYR-29,44.60,,,44.60,44.60,,44.60,3,euronext,2026-09-22T20:41:38Z
2026-07-21,ENOFUTBLYR-30,45.50,,,,,,,0,euronext,2026-09-22T20:41:38Z
2026-07-21,ENOFUTBLYR-31,46.19,,,,,,,0,euronext,2026-09-22T20:41:38Z
2026-07-21,ENOFUTBLYR-32,48.38,,,,,,,0,euronext,2026-09-22T20:41:38Z
2026-07-21,ENOFUTBLYR-33,48.88,,,,,,,0,euronext,2026-09-22T20:41:38Z
2026-07-21,ENOFUTBLYR-34,49.38,,,,,,,0,euronext,2026-09-22T20:41:38Z
2026-07-21,ENOFUTBLYR-35,49.88,,,,,,,0,euronext,2026-09-22T20:41:38Z
2026-07-21,ENOFUTBLYR-36,50.13,,,,,,,0,euronext,2026-09-22T20:41:38Z
2026-07-22,ENOFUTBLMDEC-26,97.50,,,98.00,96.00,,96.00,3,euronext,2026-09-22T20:41:38Z
2026-07-22,ENOFUTBLMJAN-27,97.37,,,,,,,0,euronext,2026-09-22T20:41:38Z
2026-07-22,ENOFUTBLMNOV-26,96.00,,,,,,,0,euronext,2026-09-22T20:41:38Z
2026-07-22,ENOFUTBLMOCT-26,81.20,,,81.20,77.00,,77.00,8,euronext,2026-09-22T20:41:38Z
2026-07-22,ENOFUTBLMSEP-26,80.75,,,80.90,78.00,,78.00,165,euronext,2026-09-22T20:41:38Z
2026-07-22,ENOFUTBLQ1-27,92.80,,,92.77,90.25,1380,90.25,18,euronext,2026-09-22T20:41:38Z
2026-07-22,ENOFUTBLQ1-28,72.25,,,,,220,,1,euronext,2026-09-22T20:41:38Z
2026-07-22,ENOFUTBLQ2-27,41.71,,,41.71,41.50,501,41.50,3,euronext,2026-09-22T20:41:38Z
2026-07-22,ENOFUTBLQ2-28,36.08,,,,,,,0,euronext,2026-09-22T20:41:38Z
2026-07-22,ENOFUTBLQ3-27,29.55,,,30.75,29.50,483,30.69,19,euronext,2026-09-22T20:41:38Z
2026-07-22,ENOFUTBLQ3-28,25.01,,,,,,,0,euronext,2026-09-22T20:41:38Z
2026-07-22,ENOFUTBLQ4-26,91.87,,,92.00,88.25,5484,88.25,84,euronext,2026-09-22T20:41:38Z
2026-07-22,ENOFUTBLQ4-27,54.15,,,54.15,54.00,520,54.00,3,euronext,2026-09-22T20:41:38Z
2026-07-22,ENOFUTBLQ4-28,49.11,,,,,,,0,euronext,2026-09-22T20:41:38Z
2026-07-22,ENOFUTBLYR-27,54.15,,,54.32,53.00,4305,53.00,39,euronext,2026-09-22T20:41:38Z
2026-07-22,ENOFUTBLYR-28,45.85,,,45.85,45.75,1829,45.75,14,euronext,2026-09-22T20:41:38Z
2026-07-22,ENOFUTBLYR-29,45.00,,,45.00,45.00,743,45.00,5,euronext,2026-09-22T20:41:38Z
2026-07-22,ENOFUTBLYR-30,46.20,,,,,352,,0,euronext,2026-09-22T20:41:38Z
2026-07-22,ENOFUTBLYR-31,46.15,,,,,181,,0,euronext,2026-09-22T20:41:38Z
2026-07-22,ENOFUTBLYR-32,48.38,,,,,53,,0,euronext,2026-09-22T20:41:38Z
2026-07-22,ENOFUTBLYR-33,48.88,,,,,,,0,euronext,2026-09-22T20:41:38Z
2026-07-22,ENOFUTBLYR-34,49.38,,,,,,,0,euronext,2026-09-22T20:41:38Z
2026-07-22,ENOFUTBLYR-35,49.88,,,,,,,0,euronext,2026-09-22T20:41:38Z
2026-07-22,ENOFUTBLYR-36,50.13,,,,,,,0,euronext,2026-09-22T20:41:38Z
2026-07-23,ENOFUTBLMDEC-26,97.50,,,97.50,97.50,,97.50,1,euronext,2026-09-22T20:41:38Z
2026-07-23,ENOFUTBLMJAN-27,97.38,,,,,,,0,euronext,2026-09-22T20:41:38Z
2026-07-23,ENOFUTBLMNOV-26,96.50,,,,,,,0,euronext,2026-09-22T20:41:38Z
2026-07-23,ENOFUTBLMOCT-26,81.30,,,81.20,81.00,,81.20,2,euronext,2026-09-22T20:41:38Z
2026-07-23,ENOFUTBLMSEP-26,79.16,,,80.75,78.85,,80.75,27,euronext,2026-09-22T20:41:38Z
2026-07-23,ENOFUTBLQ1-27,93.10,,,94.20,93.00,,94.20,28,euronext,2026-09-22T20:41:38Z
2026-07-23,ENOFUTBLQ1-28,73.38,,,,,,,0,euronext,2026-09-22T20:41:38Z
2026-07-23,ENOFUTBLQ2-27,42.40,,,42.70,42.70,,42.70,2,euronext,2026-09-22T20:41:38Z
2026-07-23,ENOFUTBLQ2-28,36.82,,,,,,,0,euronext,2026-09-22T20:41:38Z
2026-07-23,ENOFUTBLQ3-27,29.51,,,,,,,0,euronext,2026-09-22T20:41:38Z
2026-07-23,ENOFUTBLQ3-28,25.45,,,,,,,0,euronext,2026-09-22T20:41:38Z
2026-07-23,ENOFUTBLQ4-26,92.20,,,93.75,92.13,,93.50,95,euronext,2026-09-22T20:41:38Z
2026-07-23,ENOFUTBLQ4-27,54.30,,,,,,,3,euronext,2026-09-22T20:41:38Z
2026-07-23,ENOFUTBLQ4-28,49.19,,,,,,,0,euronext,2026-09-22T20:41:38Z
2026-07-23,ENOFUTBLYR-27,54.25,,,54.25,54.00,,54.25,17,euronext,2026-09-22T20:41:38Z
2026-07-23,ENOFUTBLYR-28,45.85,,,46.20,46.00,,46.00,12,euronext,2026-09-22T20:41:38Z
2026-07-23,ENOFUTBLYR-29,45.00,,,45.00,45.00,,45.00,1,euronext,2026-09-22T20:41:38Z
2026-07-23,ENOFUTBLYR-30,45.59,,,,,,,0,euronext,2026-09-22T20:41:38Z
2026-07-23,ENOFUTBLYR-31,46.30,,,,,,,0,euronext,2026-09-22T20:41:38Z
2026-07-23,ENOFUTBLYR-32,48.38,,,,,,,0,euronext,2026-09-22T20:41:38Z
2026-07-23,ENOFUTBLYR-33,48.88,,,,,,,0,euronext,2026-09-22T20:41:38Z
2026-07-23,ENOFUTBLYR-34,49.38,,,,,,,0,euronext,2026-09-22T20:41:38Z
2026-07-23,ENOFUTBLYR-35,49.88,,,,,,,0,euronext,2026-09-22T20:41:38Z
2026-07-23,ENOFUTBLYR-36,50.13,,,,,,,0,euronext,2026-09-22T20:41:38Z
2026-07-24,ENOFUTBLMDEC-26,96.75,,,,,,,1,euronext,2026-09-22T20:41:38Z
2026-07-24,ENOFUTBLMJAN-27,96.86,,,,,,,0,euronext,2026-09-22T20:41:38Z
2026-07-24,ENOFUTBLMNOV-26,95.50,,,94.50,93.74,,93.74,8,euronext,2026-09-22T20:41:38Z
2026-07-24,ENOFUTBLMOCT-26,81.25,,,81.25,80.50,,80.50,4,euronext,2026-09-22T20:41:38Z
2026-07-24,ENOFUTBLMSEP-26,79.20,,,79.20,77.21,,78.15,15,euronext,2026-09-22T20:41:38Z
2026-07-24,ENOFUTBLQ1-27,92.75,,,92.00,91.29,1398,91.29,12,euronext,2026-09-22T20:41:38Z
2026-07-24,ENOFUTBLQ1-28,72.76,,,,,221,,0,euronext,2026-09-22T20:41:38Z
2026-07-24,ENOFUTBLQ2-27,42.00,,,41.50,41.50,503,41.50,3,euronext,2026-09-22T20:41:38Z
2026-07-24,ENOFUTBLQ2-28,36.22,,,,,,,0,euronext,2026-09-22T20:41:38Z
2026-07-24,ENOFUTBLQ3-27,30.35,,,29.31,29.21,496,29.21,6,euronext,2026-09-22T20:41:38Z
2026-07-24,ENOFUTBLQ3-28,25.45,,,,,,,0,euronext,2026-09-22T20:41:38Z
2026-07-24,ENOFUTBLQ4-26,91.50,,,91.50,90.00,5549,91.50,67,euronext,2026-09-22T20:41:38Z
2026-07-24,ENOFUTBLQ4-27,53.98,,,,,521,,0,euronext,2026-09-22T20:41:38Z
2026-07-24,ENOFUTBLQ4-28,49.04,,,,,,,0,euronext,2026-09-22T20:41:38Z
2026-07-24,ENOFUTBLYR-27,54.60,,,54.60,53.50,4344,53.50,26,euronext,2026-09-22T20:41:38Z
2026-07-24,ENOFUTBLYR-28,45.80,,,,,1851,,3,euronext,2026-09-22T20:41:38Z
2026-07-24,ENOFUTBLYR-29,45.07,,,,,743,,0,euronext,2026-09-22T20:41:38Z
2026-07-24,ENOFUTBLYR-30,45.66,,,,,352,,0,euronext,2026-09-22T20:41:38Z
2026-07-24,ENOFUTBLYR-31,46.30,,,,,181,,0,euronext,2026-09-22T20:41:38Z
2026-07-24,ENOFUTBLYR-32,48.38,,,,,53,,0,euronext,2026-09-22T20:41:38Z
2026-07-24,ENOFUTBLYR-33,48.88,,,,,,,0,euronext,2026-09-22T20:41:38Z
2026-07-24,ENOFUTBLYR-34,49.38,,,,,,,0,euronext,2026-09-22T20:41:38Z
2026-07-24,ENOFUTBLYR-35,49.88,,,,,,,0,euronext,2026-09-22T20:41:38Z
2026-07-24,ENOFUTBLYR-36,50.13,,,,,,,0,euronext,2026-09-22T20:41:38Z
2026-07-27,ENOFUTBLMDEC-26,94.75,,,,,,,0,euronext,2026-09-22T20:41:38Z
2026-07-27,ENOFUTBLMJAN-27,94.77,,,,,,,0,euronext,2026-09-22T20:41:38Z
2026-07-27,ENOFUTBLMNOV-26,92.65,,,91.04,91.04,,91.04,2,euronext,2026-09-22T20:41:38Z
2026-07-27,ENOFUTBLMOCT-26,79.00,,,,,,,0,euronext,2026-09-22T20:41:38Z
2026-07-27,ENOFUTBLMSEP-26,76.06,,,76.50,75.00,,75.00,115,euronext,2026-09-22T20:41:38Z
2026-07-27,ENOFUTBLQ1-27,91.05,,,91.18,90.95,,90.95,16,euronext,2026-09-22T20:41:38Z
2026-07-27,ENOFUTBLQ1-28,72.03,,,,,,,0,euronext,2026-09-22T20:41:38Z
2026-07-27,ENOFUTBLQ2-27,40.85,,,40.85,40.50,,40.50,5,euronext,2026-09-22T20:41:38Z
2026-07-27,ENOFUTBLQ2-28,36.12,,,,,,,0,euronext,2026-09-22T20:41:38Z
2026-07-27,ENOFUTBLQ3-27,30.33,,,,,,,0,euronext,2026-09-22T20:41:38Z
2026-07-27,ENOFUTBLQ3-28,25.38,,,,,,,0,euronext,2026-09-22T20:41:38Z
2026-07-27,ENOFUTBLQ4-26,89.21,,,89.25,87.40,,87.55,54,euronext,2026-09-22T20:41:38Z
2026-07-27,ENOFUTBLQ4-27,54.00,,,54.00,54.00,,54.00,3,euronext,2026-09-22T20:41:38Z
2026-07-27,ENOFUTBLQ4-28,49.20,,,,,,,0,euronext,2026-09-22T20:41:38Z
2026-07-27,ENOFUTBLYR-27,53.95,,,54.05,53.95,,54.00,21,euronext,2026-09-22T20:41:38Z
2026-07-27,ENOFUTBLYR-28,45.50,,,45.50,45.50,,45.50,6,euronext,2026-09-22T20:41:38Z
2026-07-27,ENOFUTBLYR-29,44.95,,,,,,,5,euronext,2026-09-22T20:41:38Z
2026-07-27,ENOFUTBLYR-30,45.55,,,,,,,0,euronext,2026-09-22T20:41:38Z
2026-07-27,ENOFUTBLYR-31,46.30,,,,,,,0,euronext,2026-09-22T20:41:38Z
2026-07-27,ENOFUTBLYR-32,48.38,,,,,,,0,euronext,2026-09-22T20:41:38Z
2026-07-27,ENOFUTBLYR-33,48.88,,,,,,,0,euronext,2026-09-22T20:41:38Z
2026-07-27,ENOFUTBLYR-34,49.38,,,,,,,0,euronext,2026-09-22T20:41:38Z
2026-07-27,ENOFUTBLYR-35,49.88,,,,,,,0,euronext,2026-09-22T20:41:38Z
2026-07-27,ENOFUTBLYR-36,50.13,,,,,,,0,euronext,2026-09-22T20:41:38Z
2026-07-28,ENOFUTBLMDEC-26,93.85,,,,,,,0,euronext,2026-09-22T20:41:38Z
2026-07-28,ENOFUTBLMJAN-27,94.04,,,,,,,0,euronext,2026-09-22T20:41:38Z
2026-07-28,ENOFUTBLMNOV-26,91.69,,,,,,,0,euronext,2026-09-22T20:41:38Z
2026-07-28,ENOFUTBLMOCT-26,77.88,,,,,,,0,euronext,2026-09-22T20:41:38Z
2026-07-28,ENOFUTBLMSEP-26,75.57,,,75.57,74.50,,75.30,111,euronext,2026-09-22T20:41:38Z
2026-07-28,ENOFUTBLQ1-27,90.40,,,90.40,90.40,1389,90.40,16,euronext,2026-09-22T20:41:38Z
2026-07-28,ENOFUTBLQ1-28,71.99,,,,,221,,0,euronext,2026-09-22T20:41:38Z
2026-07-28,ENOFUTBLQ2-27,40.35,,,40.35,40.30,502,40.30,8,euronext,2026-09-22T20:41:38Z
2026-07-28,ENOFUTBLQ2-28,36.20,,,36.20,36.20,,36.20,2,euronext,2026-09-22T20:41:38Z
2026-07-28,ENOFUTBLQ3-27,30.02,,,,,496,,0,euronext,2026-09-22T20:41:38Z
2026-07-28,ENOFUTBLQ3-28,24.67,,,,,,,0,euronext,2026-09-22T20:41:38Z
2026-07-28,ENOFUTBLQ4-26,87.75,,,88.34,87.40,5569,87.75,63,euronext,2026-09-22T20:41:38Z
2026-07-28,ENOFUTBLQ4-27,53.38,,,,,521,,0,euronext,2026-09-22T20:41:38Z
2026-07-28,ENOFUTBLQ4-28,49.21,,,,,,,0,euronext,2026-09-22T20:41:38Z
2026-07-28,ENOFUTBLYR-27,53.15,,,53.53,53.15,4390,53.53,46,euronext,2026-09-22T20:41:38Z
2026-07-28,ENOFUTBLYR-28,45.40,,,45.75,45.40,1860,45.65,10,euronext,2026-09-22T20:41:38Z
2026-07-28,ENOFUTBLYR-29,44.85,,,,,741,,4,euronext,2026-09-22T20:41:38Z
2026-07-28,ENOFUTBLYR-30,45.70,,,,,352,,0,euronext,2026-09-22T20:41:38Z
2026-07-28,ENOFUTBLYR-31,46.35,,,,,181,,0,euronext,2026-09-22T20:41:38Z
2026-07-28,ENOFUTBLYR-32,48.38,,,,,53,,0,euronext,2026-09-22T20:41:38Z
2026-07-28,ENOFUTBLYR-33,48.88,,,,,,,0,euronext,2026-09-22T20:41:38Z
2026-07-28,ENOFUTBLYR-34,49.38,,,,,,,0,euronext,2026-09-22T20:41:38Z
2026-07-28,ENOFUTBLYR-35,49.88,,,,,,,0,euronext,2026-09-22T20:41:38Z
2026-07-28,ENOFUTBLYR-36,50.13,,,,,,,0,euronext,2026-09-22T20:41:38Z
2026-07-29,ENOFUTBLMDEC-26,97.23,,,,,,,0,euronext,2026-09-22T20:41:38Z
2026-07-29,ENOFUTBLMJAN-27,97.00,,,,,,,0,euronext,2026-09-22T20:41:38Z
2026-07-29,ENOFUTBLMNOV-26,95.71,,,,,,,0,euronext,2026-09-22T20:41:38Z
2026-07-29,ENOFUTBLMOCT-26,81.55,,,81.55,79.00,,79.00,4,euronext,2026-09-22T20:41:38Z
2026-07-29,ENOFUTBLMSEP-26,79.00,,,79.50,77.00,,77.00,36,euronext,2026-09-22T20:41:38Z
2026-07-29,ENOFUTBLQ1-27,93.89,,,94.00,91.50,,91.50,17,euronext,2026-09-22T20:41:38Z
2026-07-29,ENOFUTBLQ1-28,72.19,,,,,,,0,euronext,2026-09-22T20:41:38Z
2026-07-29,ENOFUTBLQ2-27,41.35,,,41.71,41.35,,41.35,3,euronext,2026-09-22T20:41:38Z
2026-07-29,ENOFUTBLQ2-28,36.89,,,,,,,0,euronext,2026-09-22T20:41:38Z
2026-07-29,ENOFUTBLQ3-27,31.00,,,31.00,30.50,,30.50,6,euronext,2026-09-22T20:41:38Z
2026-07-29,ENOFUTBLQ3-28,25.46,,,,,,,0,euronext,2026-09-22T20:41:38Z
2026-07-29,ENOFUTBLQ4-26,91.93,,,92.00,88.90,,89.15,98,euronext,2026-09-22T20:41:38Z
2026-07-29,ENOFUTBLQ4-27,53.38,,,,,,,0,euronext,2026-09-22T20:41:38Z
2026-07-29,ENOFUTBLQ4-28,49.49,,,,,,,0,euronext,2026-09-22T20:41:38Z
2026-07-29,ENOFUTBLYR-27,54.41,,,54.41,53.60,,53.90,25,euronext,2026-09-22T20:41:38Z
2026-07-29,ENOFUTBLYR-28,46.00,,,46.00,46.00,,46.00,16,euronext,2026-09-22T20:41:38Z
2026-07-29,ENOFUTBLYR-29,44.90,,,,,,,2,euronext,2026-09-22T20:41:38Z
2026-07-29,ENOFUTBLYR-30,45.70,,,,,,,0,euronext,2026-09-22T20:41:38Z
2026-07-29,ENOFUTBLYR-31,46.35,,,,,,,0,euronext,2026-09-22T20:41:38Z
2026-07-29,ENOFUTBLYR-32,48.38,,,,,,,0,euronext,2026-09-22T20:41:38Z
2026-07-29,ENOFUTBLYR-33,48.88,,,,,,,0,euronext,2026-09-22T20:41:38Z
2026-07-29,ENOFUTBLYR-34,49.38,,,,,,,0,euronext,2026-09-22T20:41:38Z
2026-07-29,ENOFUTBLYR-35,49.88,,,,,,,0,euronext,2026-09-22T20:41:38Z
2026-07-29,ENOFUTBLYR-36,50.13,,,,,,,0,euronext,2026-09-22T20:41:38Z
2026-07-30,ENOFUTBLMDEC-26,96.94,,,,,,,0,euronext,2026-09-22T20:41:38Z
2026-07-30,ENOFUTBLMJAN-27,96.94,,,,,,,0,euronext,2026-09-22T20:41:38Z
2026-07-30,ENOFUTBLMNOV-26,95.22,,,,,,,0,euronext,2026-09-22T20:41:38Z
2026-07-30,ENOFUTBLMOCT-26,82.05,,,,,,,5,euronext,2026-09-22T20:41:38Z
2026-07-30,ENOFUTBLMSEP-26,78.88,,,80.00,78.67,,80.00,51,euronext,2026-09-22T20:41:38Z
2026-07-30,ENOFUTBLQ1-27,93.39,,,94.00,93.25,1343,93.75,77,euronext,2026-09-22T20:41:38Z
2026-07-30,ENOFUTBLQ1-28,71.90,,,,,221,,0,euronext,2026-09-22T20:41:38Z
2026-07-30,ENOFUTBLQ2-27,41.30,,,41.50,41.00,468,41.50,70,euronext,2026-09-22T20:41:38Z
2026-07-30,ENOFUTBLQ2-28,36.20,,,,,,,0,euronext,2026-09-22T20:41:38Z
2026-07-30,ENOFUTBLQ3-27,30.95,,,31.00,30.50,502,30.50,6,euronext,2026-09-22T20:41:38Z
2026-07-30,ENOFUTBLQ3-28,25.75,,,,,,,0,euronext,2026-09-22T20:41:38Z
2026-07-30,ENOFUTBLQ4-26,91.50,,,92.00,91.50,5583,91.50,78,euronext,2026-09-22T20:41:38Z
2026-07-30,ENOFUTBLQ4-27,53.15,,,53.15,53.00,523,53.00,4,euronext,2026-09-22T20:41:38Z
2026-07-30,ENOFUTBLQ4-28,49.56,,,,,,,0,euronext,2026-09-22T20:41:38Z
2026-07-30,ENOFUTBLYR-27,54.45,,,54.45,54.40,4395,54.40,30,euronext,2026-09-22T20:41:38Z
2026-07-30,ENOFUTBLYR-28,46.00,,,,,1875,,10,euronext,2026-09-22T20:41:38Z
2026-07-30,ENOFUTBLYR-29,44.88,,,,,741,,0,euronext,2026-09-22T20:41:38Z
2026-07-30,ENOFUTBLYR-30,45.75,,,,,352,,0,euronext,2026-09-22T20:41:38Z
2026-07-30,ENOFUTBLYR-31,46.53,,,,,181,,0,euronext,2026-09-22T20:41:38Z
2026-07-30,ENOFUTBLYR-32,48.38,,,,,53,,0,euronext,2026-09-22T20:41:38Z
2026-07-30,ENOFUTBLYR-33,48.88,,,,,,,0,euronext,2026-09-22T20:41:38Z
2026-07-30,ENOFUTBLYR-34,49.38,,,,,,,0,euronext,2026-09-22T20:41:38Z
2026-07-30,ENOFUTBLYR-35,49.88,,,,,,,0,euronext,2026-09-22T20:41:38Z
2026-07-30,ENOFUTBLYR-36,50.13,,,,,,,0,euronext,2026-09-22T20:41:38Z
2026-07-31,ENOFUTBLMDEC-26,98.50,,,,,,,1,euronext,2026-09-22T20:41:38Z
2026-07-31,ENOFUTBLMJAN-27,98.25,,,,,,,0,euronext,2026-09-22T20:41:38Z
2026-07-31,ENOFUTBLMNOV-26,97.50,,,,,,,1,euronext,2026-09-22T20:41:38Z
2026-07-31,ENOFUTBLMOCT-26,85.50,,,85.50,83.00,,83.00,13,euronext,2026-09-22T20:41:38Z
2026-07-31,ENOFUTBLMSEP-26,83.00,,,83.20,80.50,,80.50,61,euronext,2026-09-22T20:41:38Z
2026-07-31,ENOFUTBLQ1-27,95.65,,,95.65,94.00,,94.00,21,euronext,2026-09-22T20:41:38Z
2026-07-31,ENOFUTBLQ1-28,72.39,,,,,,,0,euronext,2026-09-22T20:41:38Z
2026-07-31,ENOFUTBLQ2-27,42.30,,,42.00,42.00,,42.00,2,euronext,2026-09-22T20:41:38Z
2026-07-31,ENOFUTBLQ2-28,36.30,,,36.30,36.30,,36.30,5,euronext,2026-09-22T20:41:38Z
2026-07-31,ENOFUTBLQ3-27,31.75,,,31.75,31.50,,31.50,2,euronext,2026-09-22T20:41:38Z
2026-07-31,ENOFUTBLQ3-28,26.12,,,,,,,0,euronext,2026-09-22T20:41:38Z
2026-07-31,ENOFUTBLQ4-26,94.20,,,94.25,92.00,,92.00,72,euronext,2026-09-22T20:41:38Z
2026-07-31,ENOFUTBLQ4-27,53.15,,,,,,,0,euronext,2026-09-22T20:41:38Z
2026-07-31,ENOFUTBLQ4-28,49.43,,,,,,,0,euronext,2026-09-22T20:41:38Z
2026-07-31,ENOFUTBLYR-27,55.20,,,55.45,54.85,,54.85,18,euronext,2026-09-22T20:41:38Z
2026-07-31,ENOFUTBLYR-28,46.40,,,46.50,46.30,,46.30,14,euronext,2026-09-22T20:41:38Z
2026-07-31,ENOFUTBLYR-29,45.00,,,,,,,23,euronext,2026-09-22T20:41:38Z
2026-07-31,ENOFUTBLYR-30,45.94,,,,,,,0,euronext,2026-09-22T20:41:38Z
2026-07-31,ENOFUTBLYR-31,46.55,,,,,,,0,euronext,2026-09-22T20:41:38Z
2026-07-31,ENOFUTBLYR-32,48.38,,,,,,,0,euronext,2026-09-22T20:41:38Z
2026-07-31,ENOFUTBLYR-33,48.88,,,,,,,0,euronext,2026-09-22T20:41:38Z
2026-07-31,ENOFUTBLYR-34,49.38,,,,,,,0,euronext,2026-09-22T20:41:38Z
2026-07-31,ENOFUTBLYR-35,49.88,,,,,,,0,euronext,2026-09-22T20:41:38Z
2026-07-31,ENOFUTBLYR-36,50.13,,,,,,,0,euronext,2026-09-22T20:41:38Z
2026-08-03,ENOFUTBLMDEC-26,97.58,,,97.00,97.00,,97.00,1,euronext,2026-09-22T20:41:38Z
2026-08-03,ENOFUTBLMFEB-27,97.53,,,,,,,0,euronext,2026-09-22T20:41:38Z
2026-08-03,ENOFUTBLMJAN-27,98.21,,,98.21,98.21,,98.21,3,euronext,2026-09-22T20:41:38Z
2026-08-03,ENOFUTBLMNOV-26,96.43,,,95.25,95.25,,95.25,1,euronext,2026-09-22T20:41:38Z
2026-08-03,ENOFUTBLMOCT-26,83.80,,,83.80,83.00,,83.00,15,euronext,2026-09-22T20:41:38Z
2026-08-03,ENOFUTBLMSEP-26,80.10,,,80.20,79.50,,80.00,112,euronext,2026-09-22T20:41:38Z
2026-08-03,ENOFUTBLQ1-27,95.20,,,95.25,93.75,1351,93.75,17,euronext,2026-09-22T20:41:38Z
2026-08-03,ENOFUTBLQ1-28,72.39,,,,,221,,0,euronext,2026-09-22T20:41:38Z
2026-08-03,ENOFUTBLQ2-27,41.60,,,,,469,,0,euronext,2026-09-22T20:41:38Z
2026-08-03,ENOFUTBLQ2-28,36.33,,,,,,,0,euronext,2026-09-22T20:41:38Z
2026-08-03,ENOFUTBLQ3-27,31.45,,,,,503,,0,euronext,2026-09-22T20:41:38Z
2026-08-03,ENOFUTBLQ3-28,26.14,,,,,,,0,euronext,2026-09-22T20:41:38Z
2026-08-03,ENOFUTBLQ4-26,92.60,,,92.75,91.75,5612,92.00,141,euronext,2026-09-22T20:41:38Z
2026-08-03,ENOFUTBLQ4-27,52.85,,,,,523,,0,euronext,2026-09-22T20:41:38Z
2026-08-03,ENOFUTBLQ4-28,49.43,,,,,,,0,euronext,2026-09-22T20:41:38Z
2026-08-03,ENOFUTBLYR-27,55.10,,,55.15,54.60,4403,54.60,48,euronext,2026-09-22T20:41:38Z
2026-08-03,ENOFUTBLYR-28,46.20,,,46.25,46.25,1882,46.25,8,euronext,2026-09-22T20:41:38Z
2026-08-03,ENOFUTBLYR-29,44.95,,,44.95,44.95,744,44.95,8,euronext,2026-09-22T20:41:38Z
2026-08-03,ENOFUTBLYR-30,45.95,,,,,352,,0,euronext,2026-09-22T20:41:38Z
2026-08-03,ENOFUTBLYR-31,46.36,,,,,181,,0,euronext,2026-09-22T20:41:38Z
2026-08-03,ENOFUTBLYR-32,48.38,,,,,53,,0,euronext,2026-09-22T20:41:38Z
2026-08-03,ENOFUTBLYR-33,48.88,,,,,,,0,euronext,2026-09-22T20:41:38Z
2026-08-03,ENOFUTBLYR-34,49.38,,,,,,,0,euronext,2026-09-22T20:41:38Z
2026-08-03,ENOFUTBLYR-35,49.88,,,,,,,0,euronext,2026-09-22T20:41:38Z
2026-08-03,ENOFUTBLYR-36,50.13,,,,,,,0,euronext,2026-09-22T20:41:38Z
2026-08-04,ENOFUTBLMDEC-26,98.00,,,,,,,3,euronext,2026-09-22T20:41:38Z
2026-08-04,ENOFUTBLMFEB-27,101.35,,,101.35,101.35,,101.35,3,euronext,2026-09-22T20:41:38Z
2026-08-04,ENOFUTBLMJAN-27,100.92,,,100.92,100.92,,100.92,3,euronext,2026-09-22T20:41:38Z
2026-08-04,ENOFUTBLMNOV-26,98.95,,,99.20,97.40,,97.40,5,euronext,2026-09-22T20:41:38Z
2026-08-04,ENOFUTBLMOCT-26,85.55,,,86.00,84.80,,84.80,10,euronext,2026-09-22T20:41:38Z
2026-08-04,ENOFUTBLMSEP-26,80.00,,,81.25,80.00,,80.60,78,euronext,2026-09-22T20:41:38Z
2026-08-04,ENOFUTBLQ1-27,96.73,,,97.10,96.20,,96.20,35,euronext,2026-09-22T20:41:38Z
2026-08-04,ENOFUTBLQ1-28,73.03,,,,,,,0,euronext,2026-09-22T20:41:38Z
2026-08-04,ENOFUTBLQ2-27,42.25,,,42.25,42.25,,42.25,1,euronext,2026-09-22T20:41:38Z
2026-08-04,ENOFUTBLQ2-28,36.56,,,,,,,0,euronext,2026-09-22T20:41:38Z
2026-08-04,ENOFUTBLQ3-27,31.66,,,,,,,0,euronext,2026-09-22T20:41:38Z
2026-08-04,ENOFUTBLQ3-28,26.30,,,,,,,0,euronext,2026-09-22T20:41:38Z
2026-08-04,ENOFUTBLQ4-26,94.02,,,94.75,93.60,,93.60,174,euronext,2026-09-22T20:41:38Z
2026-08-04,ENOFUTBLQ4-27,53.25,,,,,,,3,euronext,2026-09-22T20:41:38Z
2026-08-04,ENOFUTBLQ4-28,50.00,,,,,,,3,euronext,2026-09-22T20:41:38Z
2026-08-04,ENOFUTBLYR-27,55.73,,,56.15,55.70,,55.80,87,euronext,2026-09-22T20:41:38Z
2026-08-04,ENOFUTBLYR-28,46.33,,,46.55,46.55,,46.55,11,euronext,2026-09-22T20:41:38Z
2026-08-04,ENOFUTBLYR-29,45.00,,,45.00,45.00,,45.00,17,euronext,2026-09-22T20:41:38Z
2026-08-04,ENOFUTBLYR-30,45.29,,,,,,,0,euronext,2026-09-22T20:41:38Z
2026-08-04,ENOFUTBLYR-31,45.91,,,,,,,0,euronext,2026-09-22T20:41:38Z
2026-08-04,ENOFUTBLYR-32,48.38,,,,,,,0,euronext,2026-09-22T20:41:38Z
2026-08-04,ENOFUTBLYR-33,48.88,,,,,,,0,euronext,2026-09-22T20:41:38Z
2026-08-04,ENOFUTBLYR-34,49.38,,,,,,,0,euronext,2026-09-22T20:41:38Z
2026-08-04,ENOFUTBLYR-35,49.88,,,,,,,0,euronext,2026-09-22T20:41:38Z
2026-08-04,ENOFUTBLYR-36,50.13,,,,,,,0,euronext,2026-09-22T20:41:38Z
2026-08-05,ENOFUTBLMDEC-26,96.00,,,96.50,96.50,,96.50,1,euronext,2026-09-22T20:41:38Z
2026-08-05,ENOFUTBLMFEB-27,100.00,,,,,,,0,euronext,2026-09-22T20:41:38Z
2026-08-05,ENOFUTBLMJAN-27,99.55,,,,,,,0,euronext,2026-09-22T20:41:38Z
2026-08-05,ENOFUTBLMNOV-26,96.00,,,96.25,96.00,,96.25,5,euronext,2026-09-22T20:41:38Z
2026-08-05,ENOFUTBLMOCT-26,81.90,,,83.50,82.00,,83.50,42,euronext,2026-09-22T20:41:38Z
2026-08-05,ENOFUTBLMSEP-26,75.64,,,77.50,75.60,,77.50,80,euronext,2026-09-22T20:41:38Z
2026-08-05,ENOFUTBLQ1-27,95.05,,,95.50,95.00,,95.50,47,euronext,2026-09-22T20:41:38Z
2026-08-05,ENOFUTBLQ1-28,72.00,,,72.00,72.00,,72.00,2,euronext,2026-09-22T20:41:38Z
2026-08-05,ENOFUTBLQ2-27,41.50,,,41.50,41.30,,41.30,4,euronext,2026-09-22T20:41:38Z
2026-08-05,ENOFUTBLQ2-28,36.48,,,,,,,0,euronext,2026-09-22T20:41:38Z
2026-08-05,ENOFUTBLQ3-27,30.95,,,,,,,0,euronext,2026-09-22T20:41:38Z
2026-08-05,ENOFUTBLQ3-28,25.55,,,,,,,0,euronext,2026-09-22T20:41:38Z
2026-08-05,ENOFUTBLQ4-26,90.86,,,91.75,90.75,,91.35,158,euronext,2026-09-22T20:41:38Z
2026-08-05,ENOFUTBLQ4-27,53.57,,,,,,,0,euronext,2026-09-22T20:41:38Z
2026-08-05,ENOFUTBLQ4-28,49.60,,,,,,,0,euronext,2026-09-22T20:41:38Z
2026-08-05,ENOFUTBLYR-27,55.05,,,55.05,54.75,,54.75,41,euronext,2026-09-22T20:41:38Z
2026-08-05,ENOFUTBLYR-28,46.15,,,,,,,3,euronext,2026-09-22T20:41:38Z
2026-08-05,ENOFUTBLYR-29,44.75,,,,,,,1,euronext,2026-09-22T20:41:38Z
2026-08-05,ENOFUTBLYR-30,45.75,,,,,,,0,euronext,2026-09-22T20:41:38Z
2026-08-05,ENOFUTBLYR-31,46.25,,,,,,,0,euronext,2026-09-22T20:41:38Z
2026-08-05,ENOFUTBLYR-32,48.38,,,,,,,0,euronext,2026-09-22T20:41:38Z
2026-08-05,ENOFUTBLYR-33,48.88,,,,,,,0,euronext,2026-09-22T20:41:38Z
2026-08-05,ENOFUTBLYR-34,49.38,,,,,,,0,euronext,2026-09-22T20:41:38Z
2026-08-05,ENOFUTBLYR-35,49.88,,,,,,,0,euronext,2026-09-22T20:41:38Z
2026-08-05,ENOFUTBLYR-36,50.13,,,,,,,0,euronext,2026-09-22T20:41:38Z
2026-08-06,ENOFUTBLMDEC-26,96.00,,,,,,,0,euronext,2026-09-22T20:41:38Z
2026-08-06,ENOFUTBLMFEB-27,100.00,,,,,,,0,euronext,2026-09-22T20:41:38Z
2026-08-06,ENOFUTBLMJAN-27,99.55,,,,,,,0,euronext,2026-09-22T20:41:38Z
2026-08-06,ENOFUTBLMNOV-26,96.50,,,96.65,96.00,,96.25,13,euronext,2026-09-22T20:41:38Z
2026-08-06,ENOFUTBLMOCT-26,82.30,,,,,,,5,euronext,2026-09-22T20:41:38Z
2026-08-06,ENOFUTBLMSEP-26,75.60,,,76.60,75.50,,76.25,52,euronext,2026-09-22T20:41:38Z
2026-08-06,ENOFUTBLQ1-27,95.56,,,96.00,95.50,,95.65,25,euronext,2026-09-22T20:41:38Z
2026-08-06,ENOFUTBLQ1-28,72.85,,,,,,,0,euronext,2026-09-22T20:41:38Z
2026-08-06,ENOFUTBLQ2-27,41.95,,,41.95,41.85,,41.85,4,euronext,2026-09-22T20:41:38Z
2026-08-06,ENOFUTBLQ2-28,36.98,,,,,,,0,euronext,2026-09-22T20:41:38Z
2026-08-06,ENOFUTBLQ3-27,31.45,,,31.45,31.45,,31.45,1,euronext,2026-09-22T20:41:38Z
2026-08-06,ENOFUTBLQ3-28,26.09,,,,,,,0,euronext,2026-09-22T20:41:38Z
2026-08-06,ENOFUTBLQ4-26,91.25,,,91.50,90.75,,90.85,96,euronext,2026-09-22T20:41:38Z
2026-08-06,ENOFUTBLQ4-27,54.05,,,,,,,0,euronext,2026-09-22T20:41:38Z
2026-08-06,ENOFUTBLQ4-28,49.59,,,,,,,0,euronext,2026-09-22T20:41:38Z
2026-08-06,ENOFUTBLYR-27,55.30,,,55.70,55.30,,55.30,38,euronext,2026-09-22T20:41:38Z
2026-08-06,ENOFUTBLYR-28,46.40,,,46.40,46.40,,46.40,36,euronext,2026-09-22T20:41:38Z
2026-08-06,ENOFUTBLYR-29,44.65,,,,,,,0,euronext,2026-09-22T20:41:38Z
2026-08-06,ENOFUTBLYR-30,45.75,,,,,,,0,euronext,2026-09-22T20:41:38Z
2026-08-06,ENOFUTBLYR-31,46.32,,,,,,,0,euronext,2026-09-22T20:41:38Z
2026-08-06,ENOFUTBLYR-32,48.38,,,,,,,0,euronext,2026-09-22T20:41:38Z
2026-08-06,ENOFUTBLYR-33,48.88,,,,,,,0,euronext,2026-09-22T20:41:38Z
2026-08-06,ENOFUTBLYR-34,49.38,,,,,,,0,euronext,2026-09-22T20:41:38Z
2026-08-06,ENOFUTBLYR-35,49.88,,,,,,,0,euronext,2026-09-22T20:41:38Z
2026-08-06,ENOFUTBLYR-36,50.13,,,,,,,0,euronext,2026-09-22T20:41:38Z
2026-08-07,ENOFUTBLMDEC-26,95.15,,,,,,,0,euronext,2026-09-22T20:41:38Z
2026-08-07,ENOFUTBLMFEB-27,100.15,,,,,,,0,euronext,2026-09-22T20:41:38Z
2026-08-07,ENOFUTBLMJAN-27,100.66,,,,,,,0,euronext,2026-09-22T20:41:38Z
2026-08-07,ENOFUTBLMNOV-26,96.40,,,96.40,96.40,,96.40,2,euronext,2026-09-22T20:41:38Z
2026-08-07,ENOFUTBLMOCT-26,81.75,,,82.30,82.25,,82.30,3,euronext,2026-09-22T20:41:38Z
2026-08-07,ENOFUTBLMSEP-26,74.50,,,75.80,74.30,,75.80,123,euronext,2026-09-22T20:41:38Z
2026-08-07,ENOFUTBLQ1-27,96.00,,,96.05,95.75,,95.75,13,euronext,2026-09-22T20:41:38Z
2026-08-07,ENOFUTBLQ1-28,72.90,,,,,,,3,euronext,2026-09-22T20:41:38Z
2026-08-07,ENOFUTBLQ2-27,42.42,,,,,,,0,euronext,2026-09-22T20:41:38Z
2026-08-07,ENOFUTBLQ2-28,36.92,,,,,,,0,euronext,2026-09-22T20:41:38Z
2026-08-07,ENOFUTBLQ3-27,31.40,,,,,,,6,euronext,2026-09-22T20:41:38Z
2026-08-07,ENOFUTBLQ3-28,26.66,,,,,,,0,euronext,2026-09-22T20:41:38Z
2026-08-07,ENOFUTBLQ4-26,91.00,,,91.75,90.95,,91.50,110,euronext,2026-09-22T20:41:38Z
2026-08-07,ENOFUTBLQ4-27,54.00,,,,,,,7,euronext,2026-09-22T20:41:38Z
2026-08-07,ENOFUTBLQ4-28,50.08,,,,,,,0,euronext,2026-09-22T20:41:38Z
2026-08-07,ENOFUTBLYR-27,55.63,,,55.80,55.60,,55.80,28,euronext,2026-09-22T20:41:38Z
2026-08-07,ENOFUTBLYR-28,46.50,,,,,,,14,euronext,2026-09-22T20:41:38Z
2026-08-07,ENOFUTBLYR-29,44.70,,,,,,,2,euronext,2026-09-22T20:41:38Z
2026-08-07,ENOFUTBLYR-30,45.79,,,,,,,0,euronext,2026-09-22T20:41:38Z
2026-08-07,ENOFUTBLYR-31,46.41,,,,,,,0,euronext,2026-09-22T20:41:38Z
2026-08-07,ENOFUTBLYR-32,48.38,,,,,,,0,euronext,2026-09-22T20:41:38Z
2026-08-07,ENOFUTBLYR-33,48.88,,,,,,,0,euronext,2026-09-22T20:41:38Z
2026-08-07,ENOFUTBLYR-34,49.38,,,,,,,0,euronext,2026-09-22T20:41:38Z
2026-08-07,ENOFUTBLYR-35,49.88,,,,,,,0,euronext,2026-09-22T20:41:38Z
2026-08-07,ENOFUTBLYR-36,50.13,,,,,,,0,euronext,2026-09-22T20:41:38Z
2026-08-10,ENOFUTBLMDEC-26,97.00,,,97.00,97.00,,97.00,1,euronext,2026-09-22T20:41:38Z
2026-08-10,ENOFUTBLMFEB-27,102.96,,,102.96,102.96,,102.96,3,euronext,2026-09-22T20:41:38Z
2026-08-10,ENOFUTBLMJAN-27,103.15,,,,,,,0,euronext,2026-09-22T20:41:38Z
2026-08-10,ENOFUTBLMNOV-26,97.80,,,97.80,97.25,,97.35,6,euronext,2026-09-22T20:41:38Z
2026-08-10,ENOFUTBLMOCT-26,83.40,,,83.50,83.40,,83.50,8,euronext,2026-09-22T20:41:38Z
2026-08-10,ENOFUTBLMSEP-26,73.31,,,75.00,72.50,,75.00,248,euronext,2026-09-22T20:41:38Z
2026-08-10,ENOFUTBLQ1-27,98.05,,,98.05,97.25,,97.83,37,euronext,2026-09-22T20:41:38Z
2026-08-10,ENOFUTBLQ1-28,73.70,,,,,,,0,euronext,2026-09-22T20:41:38Z
2026-08-10,ENOFUTBLQ2-27,42.68,,,,,,,0,euronext,2026-09-22T20:41:38Z
2026-08-10,ENOFUTBLQ2-28,37.40,,,,,,,0,euronext,2026-09-22T20:41:38Z
2026-08-10,ENOFUTBLQ3-27,31.85,,,32.00,31.75,,31.80,5,euronext,2026-09-22T20:41:38Z
2026-08-10,ENOFUTBLQ3-28,26.45,,,,,,,0,euronext,2026-09-22T20:41:38Z
2026-08-10,ENOFUTBLQ4-26,92.90,,,93.00,91.53,,93.00,130,euronext,2026-09-22T20:41:38Z
2026-08-10,ENOFUTBLQ4-27,54.50,,,,,,,0,euronext,2026-09-22T20:41:38Z
2026-08-10,ENOFUTBLQ4-28,50.38,,,,,,,0,euronext,2026-09-22T20:41:38Z
2026-08-10,ENOFUTBLYR-27,56.45,,,56.50,55.90,,56.35,34,euronext,2026-09-22T20:41:38Z
2026-08-10,ENOFUTBLYR-28,46.65,,,46.65,46.50,,46.60,5,euronext,2026-09-22T20:41:38Z
2026-08-10,ENOFUTBLYR-29,44.70,,,,,,,3,euronext,2026-09-22T20:41:38Z
2026-08-10,ENOFUTBLYR-30,45.79,,,,,,,0,euronext,2026-09-22T20:41:38Z
2026-08-10,ENOFUTBLYR-31,46.41,,,,,,,0,euronext,2026-09-22T20:41:38Z
2026-08-10,ENOFUTBLYR-32,48.38,,,,,,,0,euronext,2026-09-22T20:41:38Z
2026-08-10,ENOFUTBLYR-33,48.88,,,,,,,0,euronext,2026-09-22T20:41:38Z
2026-08-10,ENOFUTBLYR-34,49.38,,,,,,,0,euronext,2026-09-22T20:41:38Z
2026-08-10,ENOFUTBLYR-35,49.88,,,,,,,0,euronext,2026-09-22T20:41:38Z
2026-08-10,ENOFUTBLYR-36,50.13,,,,,,,0,euronext,2026-09-22T20:41:38Z
2026-08-11,ENOFUTBLMDEC-26,96.00,,,96.00,96.00,,96.00,16,euronext,2026-09-22T20:41:38Z
2026-08-11,ENOFUTBLMFEB-27,102.59,,,,,,,0,euronext,2026-09-22T20:41:38Z
2026-08-11,ENOFUTBLMJAN-27,103.14,,,,,,,0,euronext,2026-09-22T20:41:38Z
2026-08-11,ENOFUTBLMNOV-26,96.23,,,,,,,0,euronext,2026-09-22T20:41:38Z
2026-08-11,ENOFUTBLMOCT-26,82.70,,,85.00,82.70,,85.00,17,euronext,2026-09-22T20:41:38Z
2026-08-11,ENOFUTBLMSEP-26,72.20,,,74.50,72.00,,74.50,228,euronext,2026-09-22T20:41:38Z
2026-08-11,ENOFUTBLQ1-27,97.50,,,98.15,97.45,,98.15,42,euronext,2026-09-22T20:41:38Z
2026-08-11,ENOFUTBLQ1-28,73.50,,,73.60,73.50,,73.60,7,euronext,2026-09-22T20:41:38Z
2026-08-11,ENOFUTBLQ2-27,42.94,,,42.94,42.94,,42.94,1,euronext,2026-09-22T20:41:38Z
2026-08-11,ENOFUTBLQ2-28,37.70,,,,,,,0,euronext,2026-09-22T20:41:38Z
2026-08-11,ENOFUTBLQ3-27,32.20,,,32.25,32.25,,32.25,3,euronext,2026-09-22T20:41:38Z
2026-08-11,ENOFUTBLQ3-28,26.73,,,,,,,0,euronext,2026-09-22T20:41:38Z
2026-08-11,ENOFUTBLQ4-26,91.54,,,95.00,91.45,,94.00,275,euronext,2026-09-22T20:41:38Z
2026-08-11,ENOFUTBLQ4-27,54.50,,,54.50,54.50,,54.50,4,euronext,2026-09-22T20:41:38Z
2026-08-11,ENOFUTBLQ4-28,50.38,,,,,,,0,euronext,2026-09-22T20:41:38Z
2026-08-11,ENOFUTBLYR-27,56.30,,,57.17,56.30,,57.17,63,euronext,2026-09-22T20:41:38Z
2026-08-11,ENOFUTBLYR-28,46.70,,,46.75,46.75,,46.75,3,euronext,2026-09-22T20:41:38Z
2026-08-11,ENOFUTBLYR-29,44.80,,,44.75,44.70,,44.70,13,euronext,2026-09-22T20:41:38Z
2026-08-11,ENOFUTBLYR-30,46.23,,,,,,,0,euronext,2026-09-22T20:41:38Z
2026-08-11,ENOFUTBLYR-31,46.41,,,,,,,0,euronext,2026-09-22T20:41:38Z
2026-08-11,ENOFUTBLYR-32,48.38,,,,,,,0,euronext,2026-09-22T20:41:38Z
2026-08-11,ENOFUTBLYR-33,48.88,,,,,,,0,euronext,2026-09-22T20:41:38Z
2026-08-11,ENOFUTBLYR-34,49.38,,,,,,,0,euronext,2026-09-22T20:41:38Z
2026-08-11,ENOFUTBLYR-35,49.88,,,,,,,0,euronext,2026-09-22T20:41:38Z
2026-08-11,ENOFUTBLYR-36,50.13,,,,,,,0,euronext,2026-09-22T20:41:38Z
2026-08-12,ENOFUTBLMDEC-26,96.00,,,,,,,0,euronext,2026-09-22T20:41:38Z
2026-08-12,ENOFUTBLMFEB-27,104.50,,,,,,,5,euronext,2026-09-22T20:41:38Z
2026-08-12,ENOFUTBLMJAN-27,105.28,,,105.28,105.28,,105.28,2,euronext,2026-09-22T20:41:38Z
2026-08-12,ENOFUTBLMNOV-26,96.40,,,96.40,96.40,,96.40,1,euronext,2026-09-22T20:41:38Z
2026-08-12,ENOFUTBLMOCT-26,82.30,,,82.45,82.25,,82.45,9,euronext,2026-09-22T20:41:38Z
2026-08-12,ENOFUTBLMSEP-26,72.70,,,73.00,72.20,,72.20,233,euronext,2026-09-22T20:41:38Z
2026-08-12,ENOFUTBLQ1-27,96.60,,,97.30,96.60,,96.60,19,euronext,2026-09-22T20:41:38Z
2026-08-12,ENOFUTBLQ1-28,73.40,,,73.40,73.40,,73.40,1,euronext,2026-09-22T20:41:38Z
2026-08-12,ENOFUTBLQ2-27,43.95,,,,,,,5,euronext,2026-09-22T20:41:38Z
2026-08-12,ENOFUTBLQ2-28,37.70,,,37.70,37.70,,37.70,6,euronext,2026-09-22T20:41:38Z
2026-08-12,ENOFUTBLQ3-27,32.10,,,32.10,32.10,,32.10,1,euronext,2026-09-22T20:41:38Z
2026-08-12,ENOFUTBLQ3-28,26.24,,,,,,,0,euronext,2026-09-22T20:41:38Z
2026-08-12,ENOFUTBLQ4-26,91.15,,,92.20,91.15,,91.28,88,euronext,2026-09-22T20:41:38Z
2026-08-12,ENOFUTBLQ4-27,54.65,,,54.65,54.65,,54.65,1,euronext,2026-09-22T20:41:38Z
2026-08-12,ENOFUTBLQ4-28,50.38,,,50.38,50.38,,50.38,1,euronext,2026-09-22T20:41:38Z
2026-08-12,ENOFUTBLYR-27,56.42,,,56.75,56.42,,56.70,24,euronext,2026-09-22T20:41:38Z
2026-08-12,ENOFUTBLYR-28,46.70,,,,,,,11,euronext,2026-09-22T20:41:38Z
2026-08-12,ENOFUTBLYR-29,44.80,,,44.80,44.80,,44.80,6,euronext,2026-09-22T20:41:38Z
2026-08-12,ENOFUTBLYR-30,46.23,,,46.23,46.23,,46.23,1,euronext,2026-09-22T20:41:38Z
2026-08-12,ENOFUTBLYR-31,46.41,,,,,,,0,euronext,2026-09-22T20:41:38Z
2026-08-12,ENOFUTBLYR-32,48.38,,,,,,,0,euronext,2026-09-22T20:41:38Z
2026-08-12,ENOFUTBLYR-33,48.88,,,,,,,0,euronext,2026-09-22T20:41:38Z
2026-08-12,ENOFUTBLYR-34,49.38,,,,,,,0,euronext,2026-09-22T20:41:38Z
2026-08-12,ENOFUTBLYR-35,49.88,,,,,,,0,euronext,2026-09-22T20:41:38Z
2026-08-12,ENOFUTBLYR-36,50.13,,,,,,,0,euronext,2026-09-22T20:41:38Z
2026-08-13,ENOFUTBLMDEC-26,94.35,,,94.60,94.40,,94.50,11,euronext,2026-09-22T20:41:38Z
2026-08-13,ENOFUTBLMFEB-27,102.16,,,102.16,102.16,,102.16,3,euronext,2026-09-22T20:41:38Z
2026-08-13,ENOFUTBLMJAN-27,102.33,,,102.33,102.33,,102.33,3,euronext,2026-09-22T20:41:38Z
2026-08-13,ENOFUTBLMNOV-26,93.80,,,94.70,93.80,,94.70,2,euronext,2026-09-22T20:41:38Z
2026-08-13,ENOFUTBLMOCT-26,80.10,,,81.25,80.00,,81.25,30,euronext,2026-09-22T20:41:38Z
2026-08-13,ENOFUTBLMSEP-26,72.50,,,72.50,71.90,,71.90,231,euronext,2026-09-22T20:41:38Z
2026-08-13,ENOFUTBLQ1-27,93.75,,,95.85,93.60,1445,95.85,57,euronext,2026-09-22T20:41:38Z
2026-08-13,ENOFUTBLQ1-28,73.00,,,73.15,73.00,238,73.15,9,euronext,2026-09-22T20:41:38Z
2026-08-13,ENOFUTBLQ2-27,43.75,,,43.75,43.00,495,43.00,25,euronext,2026-09-22T20:41:38Z
2026-08-13,ENOFUTBLQ2-28,37.50,,,37.50,37.50,,37.50,1,euronext,2026-09-22T20:41:38Z
2026-08-13,ENOFUTBLQ3-27,31.25,,,31.60,31.25,513,31.40,6,euronext,2026-09-22T20:41:38Z
2026-08-13,ENOFUTBLQ3-28,25.80,,,,,,,0,euronext,2026-09-22T20:41:38Z
2026-08-13,ENOFUTBLQ4-26,89.11,,,91.00,88.85,5574,91.00,181,euronext,2026-09-22T20:41:38Z
2026-08-13,ENOFUTBLQ4-27,53.50,,,54.20,53.40,531,54.20,5,euronext,2026-09-22T20:41:38Z
2026-08-13,ENOFUTBLQ4-28,50.00,,,50.05,50.00,,50.05,4,euronext,2026-09-22T20:41:38Z
2026-08-13,ENOFUTBLYR-27,55.28,,,56.02,55.00,4569,56.02,47,euronext,2026-09-22T20:41:38Z
2026-08-13,ENOFUTBLYR-28,46.30,,,46.20,46.20,1902,46.20,11,euronext,2026-09-22T20:41:38Z
2026-08-13,ENOFUTBLYR-29,44.60,,,,,777,,9,euronext,2026-09-22T20:41:38Z
2026-08-13,ENOFUTBLYR-30,46.15,,,,,353,,0,euronext,2026-09-22T20:41:38Z
2026-08-13,ENOFUTBLYR-31,46.29,,,,,181,,0,euronext,2026-09-22T20:41:38Z
2026-08-13,ENOFUTBLYR-32,48.38,,,,,53,,0,euronext,2026-09-22T20:41:38Z
2026-08-13,ENOFUTBLYR-33,48.88,,,,,,,0,euronext,2026-09-22T20:41:38Z
2026-08-13,ENOFUTBLYR-34,49.38,,,,,,,0,euronext,2026-09-22T20:41:38Z
2026-08-13,ENOFUTBLYR-35,49.88,,,,,,,0,euronext,2026-09-22T20:41:38Z
2026-08-13,ENOFUTBLYR-36,50.13,,,,,,,0,euronext,2026-09-22T20:41:38Z
2026-08-14,ENOFUTBLMDEC-26,93.00,,,93.30,93.00,,93.30,26,euronext,2026-09-22T20:41:38Z
2026-08-14,ENOFUTBLMFEB-27,101.76,,,,,,,0,euronext,2026-09-22T20:41:38Z
2026-08-14,ENOFUTBLMJAN-27,101.50,,,101.50,101.50,,101.50,1,euronext,2026-09-22T20:41:38Z
2026-08-14,ENOFUTBLMNOV-26,92.25,,,92.55,92.50,,92.50,34,euronext,2026-09-22T20:41:38Z
2026-08-14,ENOFUTBLMOCT-26,79.25,,,79.90,79.15,,79.90,34,euronext,2026-09-22T20:41:38Z
2026-08-14,ENOFUTBLMSEP-26,71.67,,,73.00,71.20,,73.00,195,euronext,2026-09-22T20:41:38Z
2026-08-14,ENOFUTBLQ1-27,92.73,,,93.55,92.40,,93.10,78,euronext,2026-09-22T20:41:38Z
2026-08-14,ENOFUTBLQ1-28,72.85,,,72.85,72.75,,72.75,9,euronext,2026-09-22T20:41:38Z
2026-08-14,ENOFUTBLQ2-27,43.75,,,,,,,0,euronext,2026-09-22T20:41:38Z
2026-08-14,ENOFUTBLQ2-28,37.10,,,37.15,37.10,,37.15,3,euronext,2026-09-22T20:41:38Z
2026-08-14,ENOFUTBLQ3-27,31.96,,,31.96,31.96,,31.96,1,euronext,2026-09-22T20:41:38Z
2026-08-14,ENOFUTBLQ3-28,25.40,,,25.40,25.40,,25.40,3,euronext,2026-09-22T20:41:38Z
2026-08-14,ENOFUTBLQ4-26,88.25,,,89.00,87.65,,88.87,165,euronext,2026-09-22T20:41:38Z
2026-08-14,ENOFUTBLQ4-27,53.98,,,54.50,54.50,,54.50,1,euronext,2026-09-22T20:41:38Z
2026-08-14,ENOFUTBLQ4-28,49.90,,,50.00,49.70,,49.70,3,euronext,2026-09-22T20:41:38Z
2026-08-14,ENOFUTBLYR-27,55.25,,,55.25,55.00,,55.25,43,euronext,2026-09-22T20:41:38Z
2026-08-14,ENOFUTBLYR-28,46.00,,,46.00,46.00,,46.00,33,euronext,2026-09-22T20:41:38Z
2026-08-14,ENOFUTBLYR-29,44.65,,,,,,,4,euronext,2026-09-22T20:41:38Z
2026-08-14,ENOFUTBLYR-30,46.24,,,,,,,0,euronext,2026-09-22T20:41:38Z
2026-08-14,ENOFUTBLYR-31,46.36,,,,,,,0,euronext,2026-09-22T20:41:38Z
2026-08-14,ENOFUTBLYR-32,48.38,,,,,,,0,euronext,2026-09-22T20:41:38Z
2026-08-14,ENOFUTBLYR-33,48.88,,,,,,,0,euronext,2026-09-22T20:41:38Z
2026-08-14,ENOFUTBLYR-34,49.38,,,,,,,0,euronext,2026-09-22T20:41:38Z
2026-08-14,ENOFUTBLYR-35,49.88,,,,,,,0,euronext,2026-09-22T20:41:38Z
2026-08-14,ENOFUTBLYR-36,50.13,,,,,,,0,euronext,2026-09-22T20:41:38Z
2026-08-17,ENOFUTBLMDEC-26,95.55,,,95.90,95.00,,95.00,7,euronext,2026-09-22T20:41:38Z
2026-08-17,ENOFUTBLMFEB-27,104.30,,,,,,,0,euronext,2026-09-22T20:41:38Z
2026-08-17,ENOFUTBLMJAN-27,104.53,,,,,,,0,euronext,2026-09-22T20:41:38Z
2026-08-17,ENOFUTBLMNOV-26,94.85,,,95.10,94.00,,94.00,17,euronext,2026-09-22T20:41:38Z
2026-08-17,ENOFUTBLMOCT-26,83.45,,,83.45,82.12,,82.12,79,euronext,2026-09-22T20:41:38Z
2026-08-17,ENOFUTBLMSEP-26,76.28,,,76.30,74.70,,75.00,211,euronext,2026-09-22T20:41:38Z
2026-08-17,ENOFUTBLQ1-27,94.88,,,95.00,94.45,,95.00,110,euronext,2026-09-22T20:41:38Z
2026-08-17,ENOFUTBLQ1-28,73.60,,,73.80,73.75,,73.80,7,euronext,2026-09-22T20:41:38Z
2026-08-17,ENOFUTBLQ2-27,45.00,,,45.00,45.00,,45.00,1,euronext,2026-09-22T20:41:38Z
2026-08-17,ENOFUTBLQ2-28,37.40,,,,,,,0,euronext,2026-09-22T20:41:38Z
2026-08-17,ENOFUTBLQ3-27,31.90,,,31.90,31.90,,31.90,2,euronext,2026-09-22T20:41:38Z
2026-08-17,ENOFUTBLQ3-28,26.00,,,26.00,26.00,,26.00,9,euronext,2026-09-22T20:41:38Z
2026-08-17,ENOFUTBLQ4-26,91.19,,,91.30,90.58,,90.65,207,euronext,2026-09-22T20:41:38Z
2026-08-17,ENOFUTBLQ4-27,54.80,,,54.80,54.70,,54.70,2,euronext,2026-09-22T20:41:38Z
2026-08-17,ENOFUTBLQ4-28,50.20,,,50.20,50.20,,50.20,1,euronext,2026-09-22T20:41:38Z
2026-08-17,ENOFUTBLYR-27,56.48,,,56.50,56.25,,56.35,33,euronext,2026-09-22T20:41:38Z
2026-08-17,ENOFUTBLYR-28,46.40,,,,,,,16,euronext,2026-09-22T20:41:38Z
2026-08-17,ENOFUTBLYR-29,45.00,,,,,,,0,euronext,2026-09-22T20:41:38Z
2026-08-17,ENOFUTBLYR-30,46.90,,,46.90,46.90,,46.90,1,euronext,2026-09-22T20:41:38Z
2026-08-17,ENOFUTBLYR-31,47.00,,,,,,,0,euronext,2026-09-22T20:41:38Z
2026-08-17,ENOFUTBLYR-32,48.38,,,,,,,0,euronext,2026-09-22T20:41:38Z
2026-08-17,ENOFUTBLYR-33,48.88,,,,,,,0,euronext,2026-09-22T20:41:38Z
2026-08-17,ENOFUTBLYR-34,49.38,,,,,,,0,euronext,2026-09-22T20:41:38Z
2026-08-17,ENOFUTBLYR-35,49.88,,,,,,,0,euronext,2026-09-22T20:41:38Z
2026-08-17,ENOFUTBLYR-36,50.13,,,,,,,0,euronext,2026-09-22T20:41:38Z
2026-08-18,ENOFUTBLMDEC-26,96.00,,,96.00,96.00,,96.00,7,euronext,2026-09-22T20:41:38Z
2026-08-18,ENOFUTBLMFEB-27,104.00,,,,,,,0,euronext,2026-09-22T20:41:38Z
2026-08-18,ENOFUTBLMJAN-27,105.00,,,105.00,105.00,,105.00,12,euronext,2026-09-22T20:41:38Z
2026-08-18,ENOFUTBLMNOV-26,95.25,,,95.25,95.25,,95.25,48,euronext,2026-09-22T20:41:38Z
2026-08-18,ENOFUTBLMOCT-26,85.00,,,85.50,84.40,,84.40,131,euronext,2026-09-22T20:41:38Z
2026-08-18,ENOFUTBLMSEP-26,77.00,,,77.30,76.00,,76.00,283,euronext,2026-09-22T20:41:38Z
2026-08-18,ENOFUTBLQ1-27,95.49,,,95.55,95.00,,95.00,60,euronext,2026-09-22T20:41:38Z
2026-08-18,ENOFUTBLQ1-28,73.53,,,,,,,0,euronext,2026-09-22T20:41:38Z
2026-08-18,ENOFUTBLQ2-27,45.24,,,,,,,0,euronext,2026-09-22T20:41:38Z
2026-08-18,ENOFUTBLQ2-28,37.53,,,,,,,0,euronext,2026-09-22T20:41:38Z
2026-08-18,ENOFUTBLQ3-27,31.70,,,31.70,31.70,,31.70,1,euronext,2026-09-22T20:41:38Z
2026-08-18,ENOFUTBLQ3-28,25.33,,,,,,,0,euronext,2026-09-22T20:41:38Z
2026-08-18,ENOFUTBLQ4-26,91.97,,,92.10,91.25,,91.50,125,euronext,2026-09-22T20:41:38Z
2026-08-18,ENOFUTBLQ4-27,55.00,,,55.00,55.00,,55.00,1,euronext,2026-09-22T20:41:38Z
2026-08-18,ENOFUTBLQ4-28,50.20,,,,,,,0,euronext,2026-09-22T20:41:38Z
2026-08-18,ENOFUTBLYR-27,56.50,,,56.75,56.65,,56.65,34,euronext,2026-09-22T20:41:38Z
2026-08-18,ENOFUTBLYR-28,46.25,,,46.40,46.25,,46.40,17,euronext,2026-09-22T20:41:38Z
2026-08-18,ENOFUTBLYR-29,44.90,,,44.90,44.90,,44.90,4,euronext,2026-09-22T20:41:38Z
2026-08-18,ENOFUTBLYR-30,46.60,,,,,,,3,euronext,2026-09-22T20:41:38Z
2026-08-18,ENOFUTBLYR-31,47.00,,,,,,,0,euronext,2026-09-22T20:41:38Z
2026-08-18,ENOFUTBLYR-32,48.38,,,,,,,0,euronext,2026-09-22T20:41:38Z
2026-08-18,ENOFUTBLYR-33,48.88,,,,,,,0,euronext,2026-09-22T20:41:38Z
2026-08-18,ENOFUTBLYR-34,49.38,,,,,,,0,euronext,2026-09-22T20:41:38Z
2026-08-18,ENOFUTBLYR-35,49.88,,,,,,,0,euronext,2026-09-22T20:41:38Z
2026-08-18,ENOFUTBLYR-36,50.13,,,,,,,0,euronext,2026-09-22T20:41:38Z
2026-08-19,ENOFUTBLMDEC-26,95.63,,,,,,,0,euronext,2026-09-22T20:41:38Z
2026-08-19,ENOFUTBLMFEB-27,103.83,,,,,,,0,euronext,2026-09-22T20:41:38Z
2026-08-19,ENOFUTBLMJAN-27,103.92,,,,,,,0,euronext,2026-09-22T20:41:38Z
2026-08-19,ENOFUTBLMNOV-26,94.25,,,94.90,94.10,,94.90,16,euronext,2026-09-22T20:41:38Z
2026-08-19,ENOFUTBLMOCT-26,84.50,,,84.80,84.00,,84.75,200,euronext,2026-09-22T20:41:38Z
2026-08-19,ENOFUTBLMSEP-26,75.70,,,77.00,75.06,,77.00,401,euronext,2026-09-22T20:41:38Z
2026-08-19,ENOFUTBLQ1-27,95.10,,,95.75,94.90,,95.75,49,euronext,2026-09-22T20:41:38Z
2026-08-19,ENOFUTBLQ1-28,73.50,,,73.60,73.50,,73.60,7,euronext,2026-09-22T20:41:38Z
2026-08-19,ENOFUTBLQ2-27,45.08,,,45.50,44.60,,45.50,12,euronext,2026-09-22T20:41:38Z
2026-08-19,ENOFUTBLQ2-28,36.80,,,36.90,36.80,,36.90,5,euronext,2026-09-22T20:41:38Z
2026-08-19,ENOFUTBLQ3-27,31.50,,,31.50,31.40,,31.40,14,euronext,2026-09-22T20:41:38Z
2026-08-19,ENOFUTBLQ3-28,25.50,,,25.50,25.50,,25.50,12,euronext,2026-09-22T20:41:38Z
2026-08-19,ENOFUTBLQ4-26,91.15,,,92.00,90.75,,92.00,94,euronext,2026-09-22T20:41:38Z
2026-08-19,ENOFUTBLQ4-27,54.90,,,54.90,54.65,,54.65,23,euronext,2026-09-22T20:41:38Z
2026-08-19,ENOFUTBLQ4-28,50.10,,,50.50,50.10,,50.50,4,euronext,2026-09-22T20:41:38Z
2026-08-19,ENOFUTBLYR-27,56.30,,,56.30,56.00,,56.30,47,euronext,2026-09-22T20:41:38Z
2026-08-19,ENOFUTBLYR-28,46.25,,,46.25,46.15,,46.15,23,euronext,2026-09-22T20:41:38Z
2026-08-19,ENOFUTBLYR-29,45.00,,,45.00,45.00,,45.00,7,euronext,2026-09-22T20:41:38Z
2026-08-19,ENOFUTBLYR-30,46.65,,,46.65,46.65,,46.65,1,euronext,2026-09-22T20:41:38Z
2026-08-19,ENOFUTBLYR-31,46.88,,,,,,,0,euronext,2026-09-22T20:41:38Z
2026-08-19,ENOFUTBLYR-32,48.38,,,,,,,0,euronext,2026-09-22T20:41:38Z
2026-08-19,ENOFUTBLYR-33,48.88,,,,,,,0,euronext,2026-09-22T20:41:38Z
2026-08-19,ENOFUTBLYR-34,49.38,,,,,,,0,euronext,2026-09-22T20:41:38Z
2026-08-19,ENOFUTBLYR-35,49.88,,,,,,,0,euronext,2026-09-22T20:41:38Z
2026-08-19,ENOFUTBLYR-36,50.13,,,,,,,0,euronext,2026-09-22T20:41:38Z
2026-08-20,ENOFUTBLMDEC-26,93.75,,,93.00,93.00,,93.00,9,euronext,2026-09-22T20:41:38Z
2026-08-20,ENOFUTBLMFEB-27,104.00,,,104.00,104.00,,104.00,4,euronext,2026-09-22T20:41:38Z
2026-08-20,ENOFUTBLMJAN-27,105.09,,,105.09,105.09,,105.09,1,euronext,2026-09-22T20:41:38Z
2026-08-20,ENOFUTBLMNOV-26,92.70,,,93.30,92.40,,92.50,9,euronext,2026-09-22T20:41:38Z
2026-08-20,ENOFUTBLMOCT-26,82.70,,,84.00,82.30,,84.00,107,euronext,2026-09-22T20:41:38Z
2026-08-20,ENOFUTBLMSEP-26,72.73,,,74.05,72.25,,74.05,250,euronext,2026-09-22T20:41:38Z
2026-08-20,ENOFUTBLQ1-27,95.65,,,95.90,93.50,,94.00,55,euronext,2026-09-22T20:41:38Z
2026-08-20,ENOFUTBLQ1-28,73.75,,,,,,,5,euronext,2026-09-22T20:41:38Z
2026-08-20,ENOFUTBLQ2-27,45.00,,,45.20,45.00,,45.10,8,euronext,2026-09-22T20:41:38Z
2026-08-20,ENOFUTBLQ2-28,36.90,,,36.90,36.90,,36.90,4,euronext,2026-09-22T20:41:38Z
2026-08-20,ENOFUTBLQ3-27,31.25,,,31.25,31.25,,31.25,1,euronext,2026-09-22T20:41:38Z
2026-08-20,ENOFUTBLQ3-28,25.65,,,,,,,0,euronext,2026-09-22T20:41:38Z
2026-08-20,ENOFUTBLQ4-26,89.65,,,90.15,89.00,,89.25,101,euronext,2026-09-22T20:41:38Z
2026-08-20,ENOFUTBLQ4-27,55.50,,,55.50,55.00,,55.00,23,euronext,2026-09-22T20:41:38Z
2026-08-20,ENOFUTBLQ4-28,50.17,,,,,,,0,euronext,2026-09-22T20:41:38Z
2026-08-20,ENOFUTBLYR-27,56.60,,,56.60,56.25,,56.25,32,euronext,2026-09-22T20:41:38Z
2026-08-20,ENOFUTBLYR-28,46.40,,,,,,,16,euronext,2026-09-22T20:41:38Z
2026-08-20,ENOFUTBLYR-29,45.35,,,45.50,45.50,,45.50,8,euronext,2026-09-22T20:41:38Z
2026-08-20,ENOFUTBLYR-30,46.80,,,46.80,46.80,,46.80,2,euronext,2026-09-22T20:41:38Z
2026-08-20,ENOFUTBLYR-31,46.88,,,,,,,0,euronext,2026-09-22T20:41:38Z
2026-08-20,ENOFUTBLYR-32,48.38,,,,,,,0,euronext,2026-09-22T20:41:38Z
2026-08-20,ENOFUTBLYR-33,48.88,,,,,,,0,euronext,2026-09-22T20:41:38Z
2026-08-20,ENOFUTBLYR-34,49.38,,,,,,,0,euronext,2026-09-22T20:41:38Z
2026-08-20,ENOFUTBLYR-35,49.88,,,,,,,0,euronext,2026-09-22T20:41:38Z
2026-08-20,ENOFUTBLYR-36,50.13,,,,,,,0,euronext,2026-09-22T20:41:38Z
2026-08-21,ENOFUTBLMDEC-26,95.40,,,,,,,0,euronext,2026-09-22T20:41:38Z
2026-08-21,ENOFUTBLMFEB-27,105.81,,,,,,,0,euronext,2026-09-22T20:41:38Z
2026-08-21,ENOFUTBLMJAN-27,106.08,,,,,,,0,euronext,2026-09-22T20:41:38Z
2026-08-21,ENOFUTBLMNOV-26,94.50,,,94.65,94.50,,94.60,6,euronext,2026-09-22T20:41:38Z
2026-08-21,ENOFUTBLMOCT-26,83.45,,,85.25,83.40,,84.75,58,euronext,2026-09-22T20:41:38Z
2026-08-21,ENOFUTBLMSEP-26,75.95,,,76.30,74.24,,74.24,224,euronext,2026-09-22T20:41:38Z
2026-08-21,ENOFUTBLQ1-27,97.00,,,97.35,96.10,1555,96.60,65,euronext,2026-09-22T20:41:38Z
2026-08-21,ENOFUTBLQ1-28,73.90,,,,,263,,0,euronext,2026-09-22T20:41:38Z
2026-08-21,ENOFUTBLQ2-27,45.55,,,45.50,45.50,503,45.50,3,euronext,2026-09-22T20:41:38Z
2026-08-21,ENOFUTBLQ2-28,37.50,,,,,,,0,euronext,2026-09-22T20:41:38Z
2026-08-21,ENOFUTBLQ3-27,32.00,,,32.20,32.00,552,32.00,31,euronext,2026-09-22T20:41:38Z
2026-08-21,ENOFUTBLQ3-28,25.80,,,,,,,0,euronext,2026-09-22T20:41:38Z
2026-08-21,ENOFUTBLQ4-26,91.00,,,92.00,90.70,5640,91.50,68,euronext,2026-09-22T20:41:38Z
2026-08-21,ENOFUTBLQ4-27,55.85,,,55.85,55.85,542,55.85,3,euronext,2026-09-22T20:41:38Z
2026-08-21,ENOFUTBLQ4-28,49.95,,,,,,,0,euronext,2026-09-22T20:41:38Z
2026-08-21,ENOFUTBLYR-27,57.25,,,57.60,57.00,4640,57.00,66,euronext,2026-09-22T20:41:38Z
2026-08-21,ENOFUTBLYR-28,46.45,,,46.70,46.60,1965,46.70,16,euronext,2026-09-22T20:41:38Z
2026-08-21,ENOFUTBLYR-29,45.12,,,45.12,45.12,793,45.12,3,euronext,2026-09-22T20:41:38Z
2026-08-21,ENOFUTBLYR-30,46.61,,,,,354,,0,euronext,2026-09-22T20:41:38Z
2026-08-21,ENOFUTBLYR-31,47.41,,,,,181,,0,euronext,2026-09-22T20:41:38Z
2026-08-21,ENOFUTBLYR-32,48.38,,,,,53,,0,euronext,2026-09-22T20:41:38Z
2026-08-21,ENOFUTBLYR-33,48.88,,,,,,,0,euronext,2026-09-22T20:41:38Z
2026-08-21,ENOFUTBLYR-34,49.38,,,,,,,0,euronext,2026-09-22T20:41:38Z
2026-08-21,ENOFUTBLYR-35,49.88,,,,,,,0,euronext,2026-09-22T20:41:38Z
2026-08-21,ENOFUTBLYR-36,50.13,,,,,,,0,euronext,2026-09-22T20:41:38Z
2026-08-24,ENOFUTBLMDEC-26,94.35,,,,,,,10,euronext,2026-09-22T20:41:38Z
2026-08-24,ENOFUTBLMFEB-27,106.00,,,106.00,106.00,,106.00,1,euronext,2026-09-22T20:41:38Z
2026-08-24,ENOFUTBLMJAN-27,106.65,,,106.65,106.65,,106.65,2,euronext,2026-09-22T20:41:38Z
2026-08-24,ENOFUTBLMNOV-26,93.50,,,,,,,15,euronext,2026-09-22T20:41:38Z
2026-08-24,ENOFUTBLMOCT-26,81.75,,,82.10,81.50,,81.50,106,euronext,2026-09-22T20:41:38Z
2026-08-24,ENOFUTBLMSEP-26,74.10,,,74.40,72.70,,73.00,158,euronext,2026-09-22T20:41:38Z
2026-08-24,ENOFUTBLQ1-27,97.10,,,97.40,96.30,,96.30,117,euronext,2026-09-22T20:41:38Z
2026-08-24,ENOFUTBLQ1-28,73.90,,,74.10,73.90,,74.10,25,euronext,2026-09-22T20:41:38Z
2026-08-24,ENOFUTBLQ2-27,45.25,,,45.40,44.80,,44.85,19,euronext,2026-09-22T20:41:38Z
2026-08-24,ENOFUTBLQ2-28,37.48,,,,,,,0,euronext,2026-09-22T20:41:38Z
2026-08-24,ENOFUTBLQ3-27,31.75,,,31.75,31.75,,31.75,29,euronext,2026-09-22T20:41:38Z
2026-08-24,ENOFUTBLQ3-28,25.78,,,,,,,0,euronext,2026-09-22T20:41:38Z
2026-08-24,ENOFUTBLQ4-26,90.10,,,90.25,89.26,,89.60,214,euronext,2026-09-22T20:41:38Z
2026-08-24,ENOFUTBLQ4-27,55.80,,,56.20,55.75,,55.75,15,euronext,2026-09-22T20:41:38Z
2026-08-24,ENOFUTBLQ4-28,50.10,,,50.10,50.00,,50.10,6,euronext,2026-09-22T20:41:38Z
2026-08-24,ENOFUTBLYR-27,57.25,,,57.30,57.00,,57.00,81,euronext,2026-09-22T20:41:38Z
2026-08-24,ENOFUTBLYR-28,46.60,,,,,,,19,euronext,2026-09-22T20:41:38Z
2026-08-24,ENOFUTBLYR-29,45.25,,,45.15,45.15,,45.15,5,euronext,2026-09-22T20:41:38Z
2026-08-24,ENOFUTBLYR-30,46.71,,,,,,,0,euronext,2026-09-22T20:41:38Z
2026-08-24,ENOFUTBLYR-31,47.59,,,,,,,0,euronext,2026-09-22T20:41:38Z
2026-08-24,ENOFUTBLYR-32,48.38,,,,,,,0,euronext,2026-09-22T20:41:38Z
2026-08-24,ENOFUTBLYR-33,48.88,,,,,,,0,euronext,2026-09-22T20:41:38Z
2026-08-24,ENOFUTBLYR-34,49.38,,,,,,,0,euronext,2026-09-22T20:41:38Z
2026-08-24,ENOFUTBLYR-35,49.88,,,,,,,0,euronext,2026-09-22T20:41:38Z
2026-08-24,ENOFUTBLYR-36,50.13,,,,,,,0,euronext,2026-09-22T20:41:38Z
2026-08-25,ENOFUTBLMDEC-26,93.50,,,93.50,93.50,,93.50,2,euronext,2026-09-22T20:41:38Z
2026-08-25,ENOFUTBLMFEB-27,106.50,,,,,,,0,euronext,2026-09-22T20:41:38Z
2026-08-25,ENOFUTBLMJAN-27,106.00,,,,,,,0,euronext,2026-09-22T20:41:38Z
2026-08-25,ENOFUTBLMNOV-26,92.00,,,92.50,92.00,,92.50,13,euronext,2026-09-22T20:41:38Z
2026-08-25,ENOFUTBLMOCT-26,79.00,,,80.25,79.00,,80.00,88,euronext,2026-09-22T20:41:38Z
2026-08-25,ENOFUTBLMSEP-26,73.25,,,73.39,72.00,,72.25,194,euronext,2026-09-22T20:41:38Z
2026-08-25,ENOFUTBLQ1-27,94.29,,,95.80,94.25,,95.80,101,euronext,2026-09-22T20:41:38Z
2026-08-25,ENOFUTBLQ1-28,73.10,,,73.25,73.10,,73.10,20,euronext,2026-09-22T20:41:38Z
2026-08-25,ENOFUTBLQ2-27,43.40,,,44.55,43.40,,44.55,20,euronext,2026-09-22T20:41:38Z
2026-08-25,ENOFUTBLQ2-28,36.80,,,36.85,36.85,,36.85,12,euronext,2026-09-22T20:41:38Z
2026-08-25,ENOFUTBLQ3-27,31.25,,,31.50,31.10,,31.50,11,euronext,2026-09-22T20:41:38Z
2026-08-25,ENOFUTBLQ3-28,25.45,,,,,,,3,euronext,2026-09-22T20:41:38Z
2026-08-25,ENOFUTBLQ4-26,88.00,,,88.75,87.95,,88.60,191,euronext,2026-09-22T20:41:38Z
2026-08-25,ENOFUTBLQ4-27,55.00,,,55.00,55.00,,55.00,15,euronext,2026-09-22T20:41:38Z
2026-08-25,ENOFUTBLQ4-28,49.88,,,49.75,49.75,,49.75,6,euronext,2026-09-22T20:41:38Z
2026-08-25,ENOFUTBLYR-27,55.55,,,56.50,55.50,,56.40,84,euronext,2026-09-22T20:41:38Z
2026-08-25,ENOFUTBLYR-28,45.85,,,46.10,45.80,,46.10,13,euronext,2026-09-22T20:41:38Z
2026-08-25,ENOFUTBLYR-29,44.85,,,45.00,44.85,,45.00,8,euronext,2026-09-22T20:41:38Z
2026-08-25,ENOFUTBLYR-30,46.31,,,,,,,0,euronext,2026-09-22T20:41:38Z
2026-08-25,ENOFUTBLYR-31,47.59,,,,,,,0,euronext,2026-09-22T20:41:38Z
2026-08-25,ENOFUTBLYR-32,48.38,,,,,,,0,euronext,2026-09-22T20:41:38Z
2026-08-25,ENOFUTBLYR-33,48.88,,,,,,,0,euronext,2026-09-22T20:41:38Z
2026-08-25,ENOFUTBLYR-34,49.38,,,,,,,0,euronext,2026-09-22T20:41:38Z
2026-08-25,ENOFUTBLYR-35,49.88,,,,,,,0,euronext,2026-09-22T20:41:38Z
2026-08-25,ENOFUTBLYR-36,50.13,,,,,,,0,euronext,2026-09-22T20:41:38Z
2026-08-26,ENOFUTBLMDEC-26,90.15,,,91.75,90.00,,91.75,32,euronext,2026-09-22T20:41:38Z
2026-08-26,ENOFUTBLMFEB-27,100.50,,,103.27,100.50,,103.27,9,euronext,2026-09-22T20:41:38Z
2026-08-26,ENOFUTBLMJAN-27,102.00,,,102.80,102.00,,102.77,47,euronext,2026-09-22T20:41:38Z
2026-08-26,ENOFUTBLMNOV-26,88.75,,,89.85,88.75,,89.85,9,euronext,2026-09-22T20:41:38Z
2026-08-26,ENOFUTBLMOCT-26,75.90,,,76.50,75.50,,76.00,109,euronext,2026-09-22T20:41:38Z
2026-08-26,ENOFUTBLMSEP-26,72.75,,,72.60,70.00,,70.00,134,euronext,2026-09-22T20:41:38Z
2026-08-26,ENOFUTBLQ1-27,91.00,,,92.50,90.55,,92.50,68,euronext,2026-09-22T20:41:38Z
2026-08-26,ENOFUTBLQ1-28,72.30,,,72.50,72.10,,72.50,16,euronext,2026-09-22T20:41:38Z
2026-08-26,ENOFUTBLQ2-27,42.10,,,42.30,42.00,,42.25,32,euronext,2026-09-22T20:41:38Z
2026-08-26,ENOFUTBLQ2-28,36.25,,,,,,,10,euronext,2026-09-22T20:41:38Z
2026-08-26,ENOFUTBLQ3-27,30.10,,,30.68,30.00,,30.68,29,euronext,2026-09-22T20:41:38Z
2026-08-26,ENOFUTBLQ3-28,25.28,,,,,,,0,euronext,2026-09-22T20:41:38Z
2026-08-26,ENOFUTBLQ4-26,84.75,,,86.75,84.50,,86.75,182,euronext,2026-09-22T20:41:38Z
2026-08-26,ENOFUTBLQ4-27,53.80,,,54.10,53.75,,54.00,33,euronext,2026-09-22T20:41:38Z
2026-08-26,ENOFUTBLQ4-28,49.30,,,49.30,49.30,,49.30,1,euronext,2026-09-22T20:41:38Z
2026-08-26,ENOFUTBLYR-27,54.20,,,54.55,54.10,,54.55,106,euronext,2026-09-22T20:41:38Z
2026-08-26,ENOFUTBLYR-28,45.43,,,45.40,45.25,,45.40,31,euronext,2026-09-22T20:41:38Z
2026-08-26,ENOFUTBLYR-29,44.40,,,44.40,44.15,,44.30,19,euronext,2026-09-22T20:41:38Z
2026-08-26,ENOFUTBLYR-30,45.75,,,45.75,45.75,,45.75,3,euronext,2026-09-22T20:41:38Z
2026-08-26,ENOFUTBLYR-31,47.74,,,,,,,0,euronext,2026-09-22T20:41:38Z
2026-08-26,ENOFUTBLYR-32,48.38,,,,,,,0,euronext,2026-09-22T20:41:38Z
2026-08-26,ENOFUTBLYR-33,48.88,,,,,,,0,euronext,2026-09-22T20:41:38Z
2026-08-26,ENOFUTBLYR-34,49.38,,,,,,,0,euronext,2026-09-22T20:41:38Z
2026-08-26,ENOFUTBLYR-35,49.88,,,,,,,0,euronext,2026-09-22T20:41:38Z
2026-08-26,ENOFUTBLYR-36,50.13,,,,,,,0,euronext,2026-09-22T20:41:38Z
2026-08-27,ENOFUTBLMDEC-26,91.50,,,91.50,90.75,,90.75,6,euronext,2026-09-22T20:41:38Z
2026-08-27,ENOFUTBLMFEB-27,101.43,,,,,,,0,euronext,2026-09-22T20:41:38Z
2026-08-27,ENOFUTBLMJAN-27,102.56,,,,,,,0,euronext,2026-09-22T20:41:38Z
2026-08-27,ENOFUTBLMNOV-26,89.80,,,90.15,89.00,,89.00,23,euronext,2026-09-22T20:41:38Z
2026-08-27,ENOFUTBLMOCT-26,77.50,,,78.15,76.00,,76.00,159,euronext,2026-09-22T20:41:38Z
2026-08-27,ENOFUTBLMSEP-26,75.50,,,76.70,72.85,,72.85,244,euronext,2026-09-22T20:41:38Z
2026-08-27,ENOFUTBLQ1-27,92.30,,,92.65,91.00,,91.00,56,euronext,2026-09-22T20:41:38Z
2026-08-27,ENOFUTBLQ1-28,73.35,,,73.50,73.50,,73.50,6,euronext,2026-09-22T20:41:38Z
2026-08-27,ENOFUTBLQ2-27,43.20,,,43.20,42.10,,42.10,5,euronext,2026-09-22T20:41:38Z
2026-08-27,ENOFUTBLQ2-28,35.78,,,,,,,0,euronext,2026-09-22T20:41:38Z
2026-08-27,ENOFUTBLQ3-27,31.05,,,31.13,31.05,,31.10,16,euronext,2026-09-22T20:41:38Z
2026-08-27,ENOFUTBLQ3-28,25.05,,,25.00,25.00,,25.00,25,euronext,2026-09-22T20:41:38Z
2026-08-27,ENOFUTBLQ4-26,86.30,,,87.00,84.50,,84.50,242,euronext,2026-09-22T20:41:38Z
2026-08-27,ENOFUTBLQ4-27,55.20,,,55.25,55.00,,55.00,44,euronext,2026-09-22T20:41:38Z
2026-08-27,ENOFUTBLQ4-28,49.80,,,49.80,49.80,,49.80,11,euronext,2026-09-22T20:41:38Z
2026-08-27,ENOFUTBLYR-27,55.20,,,55.45,54.30,,54.30,50,euronext,2026-09-22T20:41:38Z
2026-08-27,ENOFUTBLYR-28,45.95,,,46.10,45.30,,45.30,26,euronext,2026-09-22T20:41:38Z
2026-08-27,ENOFUTBLYR-29,44.95,,,45.00,45.00,,45.00,2,euronext,2026-09-22T20:41:38Z
2026-08-27,ENOFUTBLYR-30,46.25,,,46.25,46.25,,46.25,2,euronext,2026-09-22T20:41:38Z
2026-08-27,ENOFUTBLYR-31,47.85,,,,,,,1,euronext,2026-09-22T20:41:38Z
2026-08-27,ENOFUTBLYR-32,48.38,,,,,,,0,euronext,2026-09-22T20:41:38Z
2026-08-27,ENOFUTBLYR-33,48.88,,,,,,,0,euronext,2026-09-22T20:41:38Z
2026-08-27,ENOFUTBLYR-34,49.38,,,,,,,0,euronext,2026-09-22T20:41:38Z
2026-08-27,ENOFUTBLYR-35,49.88,,,,,,,0,euronext,2026-09-22T20:41:38Z
2026-08-27,ENOFUTBLYR-36,50.13,,,,,,,0,euronext,2026-09-22T20:41:38Z
2026-08-28,ENOFUTBLMDEC-26,91.00,,,91.60,91.00,,91.60,37,euronext,2026-09-22T20:41:38Z
2026-08-28,ENOFUTBLMFEB-27,102.00,,,,,,,0,euronext,2026-09-22T20:41:38Z
2026-08-28,ENOFUTBLMJAN-27,103.34,,,,,,,0,euronext,2026-09-22T20:41:38Z
2026-08-28,ENOFUTBLMNOV-26,89.50,,,90.80,89.05,,90.80,10,euronext,2026-09-22T20:41:38Z
2026-08-28,ENOFUTBLMOCT-26,76.95,,,78.75,76.85,,77.70,141,euronext,2026-09-22T20:41:38Z
2026-08-28,ENOFUTBLMSEP-26,74.82,,,76.00,74.80,,75.40,132,euronext,2026-09-22T20:41:38Z
2026-08-28,ENOFUTBLQ1-27,91.90,,,93.20,91.90,,92.40,59,euronext,2026-09-22T20:41:38Z
2026-08-28,ENOFUTBLQ1-28,73.45,,,74.50,73.45,,74.50,5,euronext,2026-09-22T20:41:38Z
2026-08-28,ENOFUTBLQ2-27,43.10,,,43.80,43.05,,43.80,5,euronext,2026-09-22T20:41:38Z
2026-08-28,ENOFUTBLQ2-28,36.60,,,37.50,36.60,,37.50,2,euronext,2026-09-22T20:41:38Z
2026-08-28,ENOFUTBLQ3-27,31.65,,,,,,,5,euronext,2026-09-22T20:41:38Z
2026-08-28,ENOFUTBLQ3-28,25.25,,,25.50,25.25,,25.50,11,euronext,2026-09-22T20:41:38Z
2026-08-28,ENOFUTBLQ4-26,85.40,,,87.00,85.40,,86.50,120,euronext,2026-09-22T20:41:38Z
2026-08-28,ENOFUTBLQ4-27,55.20,,,55.80,55.20,,55.80,5,euronext,2026-09-22T20:41:38Z
2026-08-28,ENOFUTBLQ4-28,49.50,,,49.50,49.50,,49.50,2,euronext,2026-09-22T20:41:38Z
2026-08-28,ENOFUTBLYR-27,55.20,,,55.75,55.20,,55.75,20,euronext,2026-09-22T20:41:38Z
2026-08-28,ENOFUTBLYR-28,45.95,,,46.25,46.25,,46.25,15,euronext,2026-09-22T20:41:38Z
2026-08-28,ENOFUTBLYR-29,44.90,,,44.90,44.90,,44.90,1,euronext,2026-09-22T20:41:38Z
2026-08-28,ENOFUTBLYR-30,46.50,,,,,,,4,euronext,2026-09-22T20:41:38Z
2026-08-28,ENOFUTBLYR-31,47.84,,,,,,,0,euronext,2026-09-22T20:41:38Z
2026-08-28,ENOFUTBLYR-32,48.38,,,,,,,0,euronext,2026-09-22T20:41:38Z
2026-08-28,ENOFUTBLYR-33,48.88,,,,,,,0,euronext,2026-09-22T20:41:38Z
2026-08-28,ENOFUTBLYR-34,49.38,,,,,,,0,euronext,2026-09-22T20:41:38Z
2026-08-28,ENOFUTBLYR-35,49.88,,,,,,,0,euronext,2026-09-22T20:41:38Z
2026-08-28,ENOFUTBLYR-36,50.13,,,,,,,0,euronext,2026-09-22T20:41:38Z
2026-08-31,ENOFUTBLMDEC-26,94.00,,,94.00,93.70,,93.70,6,euronext,2026-09-22T20:41:38Z
2026-08-31,ENOFUTBLMFEB-27,104.60,,,,,,,0,euronext,2026-09-22T20:41:38Z
2026-08-31,ENOFUTBLMJAN-27,105.60,,,,,,,0,euronext,2026-09-22T20:41:38Z
2026-08-31,ENOFUTBLMNOV-26,92.85,,,92.85,92.75,,92.75,12,euronext,2026-09-22T20:41:38Z
2026-08-31,ENOFUTBLMOCT-26,82.11,,,82.20,79.75,,79.75,118,euronext,2026-09-22T20:41:38Z
2026-08-31,ENOFUTBLMSEP-26,82.15,,,82.40,80.00,,80.00,258,euronext,2026-09-22T20:41:38Z
2026-08-31,ENOFUTBLQ1-27,95.50,,,95.50,94.90,,94.90,61,euronext,2026-09-22T20:41:38Z
2026-08-31,ENOFUTBLQ1-28,73.98,,,,,,,0,euronext,2026-09-22T20:41:38Z
2026-08-31,ENOFUTBLQ2-27,44.55,,,44.55,44.35,,44.35,4,euronext,2026-09-22T20:41:38Z
2026-08-31,ENOFUTBLQ2-28,36.63,,,,,,,0,euronext,2026-09-22T20:41:38Z
2026-08-31,ENOFUTBLQ3-27,32.25,,,32.45,32.25,,32.25,28,euronext,2026-09-22T20:41:38Z
2026-08-31,ENOFUTBLQ3-28,25.75,,,25.75,25.75,,25.75,2,euronext,2026-09-22T20:41:38Z
2026-08-31,ENOFUTBLQ4-26,89.66,,,89.75,88.00,,88.50,120,euronext,2026-09-22T20:41:38Z
2026-08-31,ENOFUTBLQ4-27,56.10,,,56.20,56.00,,56.00,11,euronext,2026-09-22T20:41:38Z
2026-08-31,ENOFUTBLQ4-28,50.13,,,,,,,0,euronext,2026-09-22T20:41:38Z
2026-08-31,ENOFUTBLYR-27,56.90,,,56.90,56.50,,56.75,31,euronext,2026-09-22T20:41:38Z
2026-08-31,ENOFUTBLYR-28,46.55,,,46.50,46.50,,46.50,18,euronext,2026-09-22T20:41:38Z
2026-08-31,ENOFUTBLYR-29,45.40,,,45.40,45.40,,45.40,4,euronext,2026-09-22T20:41:38Z
2026-08-31,ENOFUTBLYR-30,47.00,,,,,,,0,euronext,2026-09-22T20:41:38Z
2026-08-31,ENOFUTBLYR-31,48.11,,,,,,,0,euronext,2026-09-22T20:41:38Z
2026-08-31,ENOFUTBLYR-32,48.38,,,,,,,0,euronext,2026-09-22T20:41:38Z
2026-08-31,ENOFUTBLYR-33,48.88,,,,,,,0,euronext,2026-09-22T20:41:38Z
2026-08-31,ENOFUTBLYR-34,49.38,,,,,,,0,euronext,2026-09-22T20:41:38Z
2026-08-31,ENOFUTBLYR-35,49.88,,,,,,,0,euronext,2026-09-22T20:41:38Z
2026-08-31,ENOFUTBLYR-36,50.13,,,,,,,0,euronext,2026-09-22T20:41:38Z
2026-09-01,ENOFUTBLMDEC-26,96.22,,,96.22,94.99,,94.99,29,euronext,2026-09-22T20:41:38Z
2026-09-01,ENOFUTBLMFEB-27,107.29,,,,,,,0,euronext,2026-09-22T20:41:38Z
2026-09-01,ENOFUTBLMJAN-27,110.00,,,111.00,107.00,,107.00,7,euronext,2026-09-22T20:41:38Z
2026-09-01,ENOFUTBLMMAR-27,78.15,,,,,,,0,euronext,2026-09-22T20:41:38Z
2026-09-01,ENOFUTBLMNOV-26,96.17,,,96.30,94.80,,94.80,37,euronext,2026-09-22T20:41:38Z
2026-09-01,ENOFUTBLMOCT-26,86.60,,,86.60,82.45,,82.45,155,euronext,2026-09-22T20:41:38Z
2026-09-01,ENOFUTBLMSEP-26,86.00,,,86.00,82.50,,82.50,24,euronext,2026-09-22T20:41:38Z
2026-09-01,ENOFUTBLQ1-27,98.50,,,98.50,96.00,,96.00,112,euronext,2026-09-22T20:41:38Z
2026-09-01,ENOFUTBLQ1-28,74.74,,,74.80,74.70,,74.80,6,euronext,2026-09-22T20:41:38Z
2026-09-01,ENOFUTBLQ2-27,45.75,,,45.75,45.00,,45.00,33,euronext,2026-09-22T20:41:38Z
2026-09-01,ENOFUTBLQ2-28,37.50,,,,,,,0,euronext,2026-09-22T20:41:38Z
2026-09-01,ENOFUTBLQ3-27,32.70,,,32.85,32.50,,32.50,18,euronext,2026-09-22T20:41:38Z
2026-09-01,ENOFUTBLQ3-28,26.50,,,26.00,26.00,,26.00,34,euronext,2026-09-22T20:41:38Z
2026-09-01,ENOFUTBLQ4-26,93.05,,,93.10,90.00,,90.00,265,euronext,2026-09-22T20:41:38Z
2026-09-01,ENOFUTBLQ4-27,56.75,,,56.75,56.25,,56.25,48,euronext,2026-09-22T20:41:38Z
2026-09-01,ENOFUTBLQ4-28,50.50,,,50.50,50.50,,50.50,1,euronext,2026-09-22T20:41:38Z
2026-09-01,ENOFUTBLYR-27,58.19,,,58.20,57.00,,57.00,92,euronext,2026-09-22T20:41:38Z
2026-09-01,ENOFUTBLYR-28,47.35,,,47.35,47.00,,47.00,23,euronext,2026-09-22T20:41:38Z
2026-09-01,ENOFUTBLYR-29,45.85,,,,,,,5,euronext,2026-09-22T20:41:38Z
2026-09-01,ENOFUTBLYR-30,47.15,,,,,,,2,euronext,2026-09-22T20:41:38Z
2026-09-01,ENOFUTBLYR-31,48.11,,,,,,,0,euronext,2026-09-22T20:41:38Z
2026-09-01,ENOFUTBLYR-32,48.38,,,,,,,0,euronext,2026-09-22T20:41:38Z
2026-09-01,ENOFUTBLYR-33,48.88,,,,,,,0,euronext,2026-09-22T20:41:38Z
2026-09-01,ENOFUTBLYR-34,49.38,,,,,,,0,euronext,2026-09-22T20:41:38Z
2026-09-01,ENOFUTBLYR-35,49.88,,,,,,,0,euronext,2026-09-22T20:41:38Z
2026-09-01,ENOFUTBLYR-36,50.13,,,,,,,0,euronext,2026-09-22T20:41:38Z
2026-09-02,ENOFUTBLMDEC-26,101.75,,,102.12,99.71,,99.71,15,euronext,2026-09-22T20:41:38Z
2026-09-02,ENOFUTBLMFEB-27,113.65,,,113.65,113.65,,113.65,3,euronext,2026-09-22T20:41:38Z
2026-09-02,ENOFUTBLMJAN-27,115.25,,,,,,,0,euronext,2026-09-22T20:41:38Z
2026-09-02,ENOFUTBLMMAR-27,82.12,,,,,,,48,euronext,2026-09-22T20:41:38Z
2026-09-02,ENOFUTBLMNOV-26,102.00,,,102.00,99.54,,99.54,54,euronext,2026-09-22T20:41:38Z
2026-09-02,ENOFUTBLMOCT-26,93.02,,,94.25,89.50,,89.50,235,euronext,2026-09-22T20:41:38Z
2026-09-02,ENOFUTBLMSEP-26,91.00,,,92.50,90.00,,90.00,40,euronext,2026-09-22T20:41:38Z
2026-09-02,ENOFUTBLQ1-27,103.90,,,104.30,100.00,,100.00,204,euronext,2026-09-22T20:41:38Z
2026-09-02,ENOFUTBLQ1-28,75.50,,,75.50,75.50,,75.50,3,euronext,2026-09-22T20:41:38Z
2026-09-02,ENOFUTBLQ2-27,47.90,,,47.90,47.50,,47.50,35,euronext,2026-09-22T20:41:38Z
2026-09-02,ENOFUTBLQ2-28,38.42,,,,,,,0,euronext,2026-09-22T20:41:38Z
2026-09-02,ENOFUTBLQ3-27,33.90,,,33.90,33.90,,33.90,8,euronext,2026-09-22T20:41:38Z
2026-09-02,ENOFUTBLQ3-28,26.55,,,,,,,0,euronext,2026-09-22T20:41:38Z
2026-09-02,ENOFUTBLQ4-26,98.81,,,100.00,94.25,,94.25,532,euronext,2026-09-22T20:41:38Z
2026-09-02,ENOFUTBLQ4-27,57.95,,,,,,,5,euronext,2026-09-22T20:41:38Z
2026-09-02,ENOFUTBLQ4-28,52.00,,,52.00,52.00,,52.00,1,euronext,2026-09-22T20:41:38Z
2026-09-02,ENOFUTBLYR-27,60.60,,,60.95,58.49,,58.49,231,euronext,2026-09-22T20:41:38Z
2026-09-02,ENOFUTBLYR-28,48.15,,,48.50,48.00,,48.00,89,euronext,2026-09-22T20:41:38Z
2026-09-02,ENOFUTBLYR-29,46.55,,,46.60,46.50,,46.55,19,euronext,2026-09-22T20:41:38Z
2026-09-02,ENOFUTBLYR-30,48.00,,,48.10,47.50,,47.50,8,euronext,2026-09-22T20:41:38Z
2026-09-02,ENOFUTBLYR-31,48.51,,,,,,,0,euronext,2026-09-22T20:41:38Z
2026-09-02,ENOFUTBLYR-32,48.38,,,,,,,0,euronext,2026-09-22T20:41:38Z
2026-09-02,ENOFUTBLYR-33,48.88,,,,,,,0,euronext,2026-09-22T20:41:38Z
2026-09-02,ENOFUTBLYR-34,49.38,,,,,,,0,euronext,2026-09-22T20:41:38Z
2026-09-02,ENOFUTBLYR-35,49.88,,,,,,,0,euronext,2026-09-22T20:41:38Z
2026-09-02,ENOFUTBLYR-36,50.13,,,,,,,0,euronext,2026-09-22T20:41:38Z
2026-09-03,ENOFUTBLMDEC-26,101.05,,,102.00,102.00,,102.00,28,euronext,2026-09-22T20:41:38Z
2026-09-03,ENOFUTBLMFEB-27,113.90,,,,,,,30,euronext,2026-09-22T20:41:38Z
2026-09-03,ENOFUTBLMJAN-27,115.25,,,,,,,30,euronext,2026-09-22T20:41:38Z
2026-09-03,ENOFUTBLMMAR-27,82.00,,,81.50,81.50,,81.50,9,euronext,2026-09-22T20:41:38Z
2026-09-03,ENOFUTBLMNOV-26,101.25,,,101.00,101.00,,101.00,18,euronext,2026-09-22T20:41:38Z
2026-09-03,ENOFUTBLMOCT-26,92.60,,,93.10,92.50,,92.75,142,euronext,2026-09-22T20:41:38Z
2026-09-03,ENOFUTBLMSEP-26,91.00,,,91.00,90.50,,91.00,14,euronext,2026-09-22T20:41:38Z
2026-09-03,ENOFUTBLQ1-27,103.75,,,104.05,103.25,,103.25,54,euronext,2026-09-22T20:41:38Z
2026-09-03,ENOFUTBLQ1-28,76.00,,,76.00,76.00,,76.00,1,euronext,2026-09-22T20:41:38Z
2026-09-03,ENOFUTBLQ2-27,48.00,,,48.00,47.75,,47.75,16,euronext,2026-09-22T20:41:38Z
2026-09-03,ENOFUTBLQ2-28,38.43,,,,,,,0,euronext,2026-09-22T20:41:38Z
2026-09-03,ENOFUTBLQ3-27,34.00,,,34.00,34.00,,34.00,49,euronext,2026-09-22T20:41:38Z
2026-09-03,ENOFUTBLQ3-28,26.55,,,,,,,0,euronext,2026-09-22T20:41:38Z
2026-09-03,ENOFUTBLQ4-26,98.22,,,98.70,98.00,,98.70,117,euronext,2026-09-22T20:41:38Z
2026-09-03,ENOFUTBLQ4-27,58.50,,,58.80,58.50,,58.80,4,euronext,2026-09-22T20:41:38Z
2026-09-03,ENOFUTBLQ4-28,51.90,,,,,,,34,euronext,2026-09-22T20:41:38Z
2026-09-03,ENOFUTBLYR-27,60.60,,,60.85,60.15,,60.15,63,euronext,2026-09-22T20:41:38Z
2026-09-03,ENOFUTBLYR-28,48.45,,,48.50,47.90,,47.90,54,euronext,2026-09-22T20:41:38Z
2026-09-03,ENOFUTBLYR-29,46.75,,,46.75,46.75,,46.75,15,euronext,2026-09-22T20:41:38Z
2026-09-03,ENOFUTBLYR-30,47.93,,,,,,,0,euronext,2026-09-22T20:41:38Z
2026-09-03,ENOFUTBLYR-31,48.51,,,,,,,0,euronext,2026-09-22T20:41:38Z
2026-09-03,ENOFUTBLYR-32,48.38,,,,,,,0,euronext,2026-09-22T20:41:38Z
2026-09-03,ENOFUTBLYR-33,48.88,,,,,,,0,euronext,2026-09-22T20:41:38Z
2026-09-03,ENOFUTBLYR-34,49.38,,,,,,,0,euronext,2026-09-22T20:41:38Z
2026-09-03,ENOFUTBLYR-35,49.88,,,,,,,0,euronext,2026-09-22T20:41:38Z
2026-09-03,ENOFUTBLYR-36,50.13,,,,,,,0,euronext,2026-09-22T20:41:38Z
2026-09-04,ENOFUTBLMDEC-26,101.00,,,101.00,100.75,,100.75,12,euronext,2026-09-22T20:41:38Z
2026-09-04,ENOFUTBLMFEB-27,114.20,,,,,,,10,euronext,2026-09-22T20:41:38Z
2026-09-04,ENOFUTBLMJAN-27,115.40,,,,,,,10,euronext,2026-09-22T20:41:38Z
2026-09-04,ENOFUTBLMMAR-27,81.80,,,,,,,0,euronext,2026-09-22T20:41:38Z
2026-09-04,ENOFUTBLMNOV-26,101.00,,,101.00,100.20,,100.72,31,euronext,2026-09-22T20:41:38Z
2026-09-04,ENOFUTBLMOCT-26,93.10,,,93.15,92.00,,92.60,144,euronext,2026-09-22T20:41:38Z
2026-09-04,ENOFUTBLMSEP-26,90.00,,,90.00,90.00,,90.00,5,euronext,2026-09-22T20:41:38Z
2026-09-04,ENOFUTBLQ1-27,103.65,,,104.30,103.50,,104.30,75,euronext,2026-09-22T20:41:38Z
2026-09-04,ENOFUTBLQ1-28,75.93,,,,,,,0,euronext,2026-09-22T20:41:38Z
2026-09-04,ENOFUTBLQ2-27,47.65,,,47.65,47.50,,47.50,6,euronext,2026-09-22T20:41:38Z
2026-09-04,ENOFUTBLQ2-28,38.56,,,,,,,0,euronext,2026-09-22T20:41:38Z
2026-09-04,ENOFUTBLQ3-27,33.90,,,34.00,33.85,,33.95,12,euronext,2026-09-22T20:41:38Z
2026-09-04,ENOFUTBLQ3-28,26.57,,,,,,,0,euronext,2026-09-22T20:41:38Z
2026-09-04,ENOFUTBLQ4-26,98.16,,,98.80,97.75,,98.22,149,euronext,2026-09-22T20:41:38Z
2026-09-04,ENOFUTBLQ4-27,58.05,,,58.05,58.00,,58.00,18,euronext,2026-09-22T20:41:38Z
2026-09-04,ENOFUTBLQ4-28,52.00,,,,,,,0,euronext,2026-09-22T20:41:38Z
2026-09-04,ENOFUTBLYR-27,60.55,,,60.55,60.40,,60.50,43,euronext,2026-09-22T20:41:38Z
2026-09-04,ENOFUTBLYR-28,48.60,,,48.75,48.75,,48.75,19,euronext,2026-09-22T20:41:38Z
2026-09-04,ENOFUTBLYR-29,46.90,,,,,,,4,euronext,2026-09-22T20:41:38Z
2026-09-04,ENOFUTBLYR-30,47.90,,,,,,,4,euronext,2026-09-22T20:41:38Z
2026-09-04,ENOFUTBLYR-31,48.60,,,,,,,3,euronext,2026-09-22T20:41:38Z
2026-09-04,ENOFUTBLYR-32,48.38,,,,,,,0,euronext,2026-09-22T20:41:38Z
2026-09-04,ENOFUTBLYR-33,48.88,,,,,,,0,euronext,2026-09-22T20:41:38Z
2026-09-04,ENOFUTBLYR-34,49.38,,,,,,,0,euronext,2026-09-22T20:41:38Z
2026-09-04,ENOFUTBLYR-35,49.88,,,,,,,0,euronext,2026-09-22T20:41:38Z
2026-09-04,ENOFUTBLYR-36,50.13,,,,,,,0,euronext,2026-09-22T20:41:38Z
2026-09-07,ENOFUTBLMDEC-26,105.48,,,105.85,104.75,,104.97,98,euronext,2026-09-22T20:41:38Z
2026-09-07,ENOFUTBLMFEB-27,118.00,,,,,,,17,euronext,2026-09-22T20:41:38Z
2026-09-07,ENOFUTBLMJAN-27,119.00,,,119.00,119.00,,119.00,68,euronext,2026-09-22T20:41:38Z
2026-09-07,ENOFUTBLMMAR-27,86.01,,,85.52,85.52,,85.52,13,euronext,2026-09-22T20:41:38Z
2026-09-07,ENOFUTBLMNOV-26,105.10,,,105.25,104.50,,104.50,89,euronext,2026-09-22T20:41:38Z
2026-09-07,ENOFUTBLMOCT-26,97.90,,,99.00,96.10,,96.10,227,euronext,2026-09-22T20:41:38Z
2026-09-07,ENOFUTBLMSEP-26,93.00,,,93.00,93.00,,93.00,5,euronext,2026-09-22T20:41:38Z
2026-09-07,ENOFUTBLQ1-27,107.75,,,108.00,106.00,,106.00,74,euronext,2026-09-22T20:41:38Z
2026-09-07,ENOFUTBLQ1-28,78.03,,,,,,,0,euronext,2026-09-22T20:41:38Z
2026-09-07,ENOFUTBLQ2-27,49.25,,,,,,,0,euronext,2026-09-22T20:41:38Z
2026-09-07,ENOFUTBLQ2-28,39.33,,,,,,,0,euronext,2026-09-22T20:41:38Z
2026-09-07,ENOFUTBLQ3-27,35.25,,,35.25,35.25,,35.25,3,euronext,2026-09-22T20:41:38Z
2026-09-07,ENOFUTBLQ3-28,27.90,,,28.00,28.00,,28.00,14,euronext,2026-09-22T20:41:38Z
2026-09-07,ENOFUTBLQ4-26,102.61,,,103.65,101.00,,101.00,236,euronext,2026-09-22T20:41:38Z
2026-09-07,ENOFUTBLQ4-27,59.25,,,59.25,59.25,,59.25,2,euronext,2026-09-22T20:41:38Z
2026-09-07,ENOFUTBLQ4-28,53.50,,,,,,,0,euronext,2026-09-22T20:41:38Z
2026-09-07,ENOFUTBLYR-27,62.35,,,62.80,61.32,,61.32,82,euronext,2026-09-22T20:41:38Z
2026-09-07,ENOFUTBLYR-28,49.73,,,50.00,49.70,,49.90,32,euronext,2026-09-22T20:41:38Z
2026-09-07,ENOFUTBLYR-29,47.60,,,47.50,47.50,,47.50,13,euronext,2026-09-22T20:41:38Z
2026-09-07,ENOFUTBLYR-30,48.25,,,,,,,6,euronext,2026-09-22T20:41:38Z
2026-09-07,ENOFUTBLYR-31,48.96,,,,,,,0,euronext,2026-09-22T20:41:38Z
2026-09-07,ENOFUTBLYR-32,48.38,,,,,,,0,euronext,2026-09-22T20:41:38Z
2026-09-07,ENOFUTBLYR-33,48.88,,,,,,,0,euronext,2026-09-22T20:41:38Z
2026-09-07,ENOFUTBLYR-34,49.38,,,,,,,0,euronext,2026-09-22T20:41:38Z
2026-09-07,ENOFUTBLYR-35,49.88,,,,,,,0,euronext,2026-09-22T20:41:38Z
2026-09-07,ENOFUTBLYR-36,50.13,,,,,,,0,euronext,2026-09-22T20:41:38Z
2026-09-08,ENOFUTBLMDEC-26,107.90,,,107.90,105.00,,105.00,106,euronext,2026-09-22T20:41:38Z
2026-09-08,ENOFUTBLMFEB-27,120.65,,,,,,,10,euronext,2026-09-22T20:41:38Z
2026-09-08,ENOFUTBLMJAN-27,121.30,,,120.50,120.50,,120.50,38,euronext,2026-09-22T20:41:38Z
2026-09-08,ENOFUTBLMMAR-27,89.00,,,88.51,88.51,,88.51,11,euronext,2026-09-22T20:41:38Z
2026-09-08,ENOFUTBLMNOV-26,108.50,,,108.50,105.00,,105.00,77,euronext,2026-09-22T20:41:38Z
2026-09-08,ENOFUTBLMOCT-26,99.30,,,100.00,98.00,,98.00,198,euronext,2026-09-22T20:41:38Z
2026-09-08,ENOFUTBLMSEP-26,93.00,,,,,,,30,euronext,2026-09-22T20:41:38Z
2026-09-08,ENOFUTBLQ1-27,110.35,,,110.35,108.00,,108.00,186,euronext,2026-09-22T20:41:38Z
2026-09-08,ENOFUTBLQ1-28,78.75,,,,,,,6,euronext,2026-09-22T20:41:38Z
2026-09-08,ENOFUTBLQ2-27,50.30,,,50.50,49.95,,49.95,13,euronext,2026-09-22T20:41:38Z
2026-09-08,ENOFUTBLQ2-28,40.50,,,,,,,0,euronext,2026-09-22T20:41:38Z
2026-09-08,ENOFUTBLQ3-27,36.25,,,36.30,35.75,,35.75,15,euronext,2026-09-22T20:41:38Z
2026-09-08,ENOFUTBLQ3-28,28.50,,,28.50,28.50,,28.50,9,euronext,2026-09-22T20:41:38Z
2026-09-08,ENOFUTBLQ4-26,105.10,,,105.10,102.30,,103.00,212,euronext,2026-09-22T20:41:38Z
2026-09-08,ENOFUTBLQ4-27,59.95,,,59.95,59.75,,59.75,19,euronext,2026-09-22T20:41:38Z
2026-09-08,ENOFUTBLQ4-28,53.75,,,,,,,4,euronext,2026-09-22T20:41:38Z
2026-09-08,ENOFUTBLYR-27,63.70,,,63.77,63.00,,63.00,46,euronext,2026-09-22T20:41:38Z
2026-09-08,ENOFUTBLYR-28,50.73,,,50.75,50.15,,50.15,27,euronext,2026-09-22T20:41:38Z
2026-09-08,ENOFUTBLYR-29,48.65,,,48.55,48.50,,48.50,21,euronext,2026-09-22T20:41:38Z
2026-09-08,ENOFUTBLYR-30,49.00,,,48.75,48.75,,48.75,17,euronext,2026-09-22T20:41:38Z
2026-09-08,ENOFUTBLYR-31,49.01,,,,,,,0,euronext,2026-09-22T20:41:38Z
2026-09-08,ENOFUTBLYR-32,49.01,,,,,,,0,euronext,2026-09-22T20:41:38Z
2026-09-08,ENOFUTBLYR-33,49.25,,,,,,,0,euronext,2026-09-22T20:41:38Z
2026-09-08,ENOFUTBLYR-34,49.50,,,,,,,0,euronext,2026-09-22T20:41:38Z
2026-09-08,ENOFUTBLYR-35,49.75,,,,,,,0,euronext,2026-09-22T20:41:38Z
2026-09-08,ENOFUTBLYR-36,50.00,,,,,,,0,euronext,2026-09-22T20:41:38Z
2026-09-09,ENOFUTBLMDEC-26,114.50,,,116.00,114.00,,116.00,30,euronext,2026-09-22T20:47:12Z
2026-09-09,ENOFUTBLMFEB-27,127.00,,,129.50,127.00,,129.50,9,euronext,2026-09-22T20:47:12Z
2026-09-09,ENOFUTBLMJAN-27,128.50,,,129.00,128.99,,129.00,4,euronext,2026-09-22T20:47:12Z
2026-09-09,ENOFUTBLMMAR-27,95.50,,,,,,,0,euronext,2026-09-22T20:47:12Z
2026-09-09,ENOFUTBLMNOV-26,116.55,,,117.00,115.00,,115.00,80,euronext,2026-09-22T20:47:12Z
2026-09-09,ENOFUTBLMOCT-26,105.07,,,106.25,104.50,,105.00,182,euronext,2026-09-22T20:47:12Z
2026-09-09,ENOFUTBLMSEP-26,97.50,,,98.00,96.80,,97.00,17,euronext,2026-09-22T20:47:12Z
2026-09-09,ENOFUTBLQ1-27,116.98,,,118.00,116.00,,117.00,201,euronext,2026-09-22T20:47:12Z
2026-09-09,ENOFUTBLQ1-28,81.50,,,81.50,81.50,,81.50,56,euronext,2026-09-22T20:47:12Z
2026-09-09,ENOFUTBLQ2-27,53.50,,,53.90,53.00,,53.00,97,euronext,2026-09-22T20:47:12Z
2026-09-09,ENOFUTBLQ2-28,42.75,,,,,,,0,euronext,2026-09-22T20:47:12Z
2026-09-09,ENOFUTBLQ3-27,38.40,,,39.00,38.40,,39.00,71,euronext,2026-09-22T20:47:12Z
2026-09-09,ENOFUTBLQ3-28,30.50,,,,,,,0,euronext,2026-09-22T20:47:12Z
2026-09-09,ENOFUTBLQ4-26,111.85,,,113.18,109.00,,109.00,404,euronext,2026-09-22T20:47:12Z
2026-09-09,ENOFUTBLQ4-27,61.80,,,62.00,61.70,,61.70,72,euronext,2026-09-22T20:47:12Z
2026-09-09,ENOFUTBLQ4-28,56.47,,,,,,,0,euronext,2026-09-22T20:47:12Z
2026-09-09,ENOFUTBLYR-27,67.25,,,67.60,64.74,,64.74,101,euronext,2026-09-22T20:47:12Z
2026-09-09,ENOFUTBLYR-28,53.10,,,52.50,52.00,,52.00,44,euronext,2026-09-22T20:47:12Z
2026-09-09,ENOFUTBLYR-29,50.40,,,50.75,50.50,,50.75,45,euronext,2026-09-22T20:47:12Z
2026-09-09,ENOFUTBLYR-30,49.95,,,,,,,2,euronext,2026-09-22T20:47:12Z
2026-09-09,ENOFUTBLYR-31,51.00,,,,,,,2,euronext,2026-09-22T20:47:12Z
2026-09-09,ENOFUTBLYR-32,51.00,,,,,,,0,euronext,2026-09-22T20:47:12Z
2026-09-09,ENOFUTBLYR-33,51.00,,,,,,,0,euronext,2026-09-22T20:47:12Z
2026-09-09,ENOFUTBLYR-34,51.00,,,,,,,0,euronext,2026-09-22T20:47:12Z
2026-09-09,ENOFUTBLYR-35,51.00,,,,,,,0,euronext,2026-09-22T20:47:12Z
2026-09-09,ENOFUTBLYR-36,51.00,,,,,,,0,euronext,2026-09-22T20:47:12Z
2026-09-10,ENOFUTBLMDEC-26,116.90,,,117.00,115.85,,115.85,11,euronext,2026-09-22T20:47:12Z
2026-09-10,ENOFUTBLMFEB-27,129.18,,,129.94,128.14,,128.14,6,euronext,2026-09-22T20:47:12Z
2026-09-10,ENOFUTBLMJAN-27,130.90,,,131.00,129.00,,129.00,9,euronext,2026-09-22T20:47:12Z
2026-09-10,ENOFUTBLMMAR-27,96.75,,,98.25,96.65,,96.65,6,euronext,2026-09-22T20:47:12Z
2026-09-10,ENOFUTBLMNOV-26,119.40,,,120.00,116.55,,116.55,24,euronext,2026-09-22T20:47:12Z
2026-09-10,ENOFUTBLMOCT-26,106.00,,,107.20,104.50,,104.75,71,euronext,2026-09-22T20:47:12Z
2026-09-10,ENOFUTBLMSEP-26,98.25,,,100.00,98.25,,99.00,10,euronext,2026-09-22T20:47:12Z
2026-09-10,ENOFUTBLQ1-27,118.25,,,120.00,117.00,,117.00,173,euronext,2026-09-22T20:47:12Z
2026-09-10,ENOFUTBLQ1-28,82.05,,,82.05,82.05,,82.05,77,euronext,2026-09-22T20:47:12Z
2026-09-10,ENOFUTBLQ2-27,55.40,,,55.60,53.95,,53.95,70,euronext,2026-09-22T20:47:12Z
2026-09-10,ENOFUTBLQ2-28,43.21,,,,,,,0,euronext,2026-09-22T20:47:12Z
2026-09-10,ENOFUTBLQ3-27,39.41,,,39.41,38.75,,38.75,34,euronext,2026-09-22T20:47:12Z
2026-09-10,ENOFUTBLQ3-28,31.50,,,31.50,31.50,,31.50,1,euronext,2026-09-22T20:47:12Z
2026-09-10,ENOFUTBLQ4-26,113.90,,,115.05,111.50,,111.50,162,euronext,2026-09-22T20:47:12Z
2026-09-10,ENOFUTBLQ4-27,63.00,,,63.05,61.80,,62.10,96,euronext,2026-09-22T20:47:12Z
2026-09-10,ENOFUTBLQ4-28,58.00,,,58.00,57.87,,57.87,2,euronext,2026-09-22T20:47:12Z
2026-09-10,ENOFUTBLYR-27,68.70,,,68.85,67.80,,67.85,100,euronext,2026-09-22T20:47:12Z
2026-09-10,ENOFUTBLYR-28,53.70,,,54.15,53.60,,53.70,51,euronext,2026-09-22T20:47:12Z
2026-09-10,ENOFUTBLYR-29,50.40,,,50.35,50.15,,50.30,94,euronext,2026-09-22T20:47:12Z
2026-09-10,ENOFUTBLYR-30,50.00,,,50.00,50.00,,50.00,13,euronext,2026-09-22T20:47:12Z
2026-09-10,ENOFUTBLYR-31,51.00,,,,,,,1,euronext,2026-09-22T20:47:12Z
2026-09-10,ENOFUTBLYR-32,51.00,,,,,,,0,euronext,2026-09-22T20:47:12Z
2026-09-10,ENOFUTBLYR-33,51.00,,,,,,,0,euronext,2026-09-22T20:47:12Z
2026-09-10,ENOFUTBLYR-34,51.00,,,,,,,0,euronext,2026-09-22T20:47:12Z
2026-09-10,ENOFUTBLYR-35,51.00,,,,,,,0,euronext,2026-09-22T20:47:12Z
2026-09-10,ENOFUTBLYR-36,51.00,,,,,,,0,euronext,2026-09-22T20:47:12Z
2026-09-11,ENOFUTBLMDEC-26,114.90,,,115.50,114.00,,115.50,77,euronext,2026-09-22T20:47:12Z
2026-09-11,ENOFUTBLMFEB-27,127.80,,,127.31,127.31,,127.31,3,euronext,2026-09-22T20:47:12Z
2026-09-11,ENOFUTBLMJAN-27,128.02,,,129.52,128.02,,129.52,6,euronext,2026-09-22T20:47:12Z
2026-09-11,ENOFUTBLMMAR-27,95.43,,,,,,,0,euronext,2026-09-22T20:47:12Z
2026-09-11,ENOFUTBLMNOV-26,117.00,,,117.00,116.55,,117.00,49,euronext,2026-09-22T20:47:12Z
2026-09-11,ENOFUTBLMOCT-26,104.57,,,105.00,102.49,,105.00,169,euronext,2026-09-22T20:47:12Z
2026-09-11,ENOFUTBLMSEP-26,98.50,,,,,,,0,euronext,2026-09-22T20:47:12Z
2026-09-11,ENOFUTBLQ1-27,116.90,,,118.25,116.50,2145,118.25,148,euronext,2026-09-22T20:47:12Z
2026-09-11,ENOFUTBLQ1-28,81.50,,,81.50,81.50,318,81.50,2,euronext,2026-09-22T20:47:12Z
2026-09-11,ENOFUTBLQ2-27,54.15,,,54.50,54.15,733,54.50,24,euronext,2026-09-22T20:47:12Z
2026-09-11,ENOFUTBLQ2-28,42.50,,,42.50,42.50,,42.50,1,euronext,2026-09-22T20:47:12Z
2026-09-11,ENOFUTBLQ3-27,38.70,,,39.00,38.60,770,38.60,9,euronext,2026-09-22T20:47:12Z
2026-09-11,ENOFUTBLQ3-28,31.00,,,31.00,31.00,,31.00,1,euronext,2026-09-22T20:47:12Z
2026-09-11,ENOFUTBLQ4-26,111.75,,,113.50,110.85,5803,113.50,152,euronext,2026-09-22T20:47:12Z
2026-09-11,ENOFUTBLQ4-27,62.93,,,,,687,,0,euronext,2026-09-22T20:47:12Z
2026-09-11,ENOFUTBLQ4-28,57.40,,,57.40,57.40,,57.40,2,euronext,2026-09-22T20:47:12Z
2026-09-11,ENOFUTBLYR-27,67.75,,,68.70,67.55,4829,68.70,62,euronext,2026-09-22T20:47:12Z
2026-09-11,ENOFUTBLYR-28,52.95,,,53.30,52.95,2120,53.30,42,euronext,2026-09-22T20:47:12Z
2026-09-11,ENOFUTBLYR-29,50.00,,,,,925,,17,euronext,2026-09-22T20:47:12Z
2026-09-11,ENOFUTBLYR-30,50.12,,,,,369,,0,euronext,2026-09-22T20:47:12Z
2026-09-11,ENOFUTBLYR-31,50.97,,,,,188,,0,euronext,2026-09-22T20:47:12Z
2026-09-11,ENOFUTBLYR-32,51.00,,,,,53,,0,euronext,2026-09-22T20:47:12Z
2026-09-11,ENOFUTBLYR-33,51.00,,,,,,,0,euronext,2026-09-22T20:47:12Z
2026-09-11,ENOFUTBLYR-34,51.00,,,,,,,0,euronext,2026-09-22T20:47:12Z
2026-09-11,ENOFUTBLYR-35,51.00,,,,,,,0,euronext,2026-09-22T20:47:12Z
2026-09-11,ENOFUTBLYR-36,51.00,,,,,,,0,euronext,2026-09-22T20:47:12Z
2026-09-14,ENOFUTBLMDEC-26,119.65,,,120.00,119.50,,119.59,47,euronext,2026-09-22T20:47:12Z
2026-09-14,ENOFUTBLMFEB-27,133.19,,,131.68,131.68,,131.68,3,euronext,2026-09-22T20:47:12Z
2026-09-14,ENOFUTBLMJAN-27,133.41,,,131.90,131.90,,131.90,3,euronext,2026-09-22T20:47:12Z
2026-09-14,ENOFUTBLMMAR-27,99.86,,,98.25,98.25,,98.25,3,euronext,2026-09-22T20:47:12Z
2026-09-14,ENOFUTBLMNOV-26,122.25,,,122.25,121.00,,121.00,46,euronext,2026-09-22T20:47:12Z
2026-09-14,ENOFUTBLMOCT-26,111.00,,,111.50,106.25,,106.25,152,euronext,2026-09-22T20:47:12Z
2026-09-14,ENOFUTBLMSEP-26,100.00,,,100.00,100.00,,100.00,11,euronext,2026-09-22T20:47:12Z
2026-09-14,ENOFUTBLQ1-27,121.90,,,122.39,118.96,,118.96,174,euronext,2026-09-22T20:47:12Z
2026-09-14,ENOFUTBLQ1-28,82.45,,,82.55,82.45,,82.55,6,euronext,2026-09-22T20:47:12Z
2026-09-14,ENOFUTBLQ2-27,56.00,,,57.25,56.00,,57.25,13,euronext,2026-09-22T20:47:12Z
2026-09-14,ENOFUTBLQ2-28,43.49,,,,,,,0,euronext,2026-09-22T20:47:12Z
2026-09-14,ENOFUTBLQ3-27,39.90,,,40.65,39.75,,40.40,15,euronext,2026-09-22T20:47:12Z
2026-09-14,ENOFUTBLQ3-28,31.05,,,,,,,0,euronext,2026-09-22T20:47:12Z
2026-09-14,ENOFUTBLQ4-26,117.43,,,118.00,116.75,,117.00,213,euronext,2026-09-22T20:47:12Z
2026-09-14,ENOFUTBLQ4-27,63.45,,,63.55,63.45,,63.55,5,euronext,2026-09-22T20:47:12Z
2026-09-14,ENOFUTBLQ4-28,58.50,,,58.50,58.50,,58.50,1,euronext,2026-09-22T20:47:12Z
2026-09-14,ENOFUTBLYR-27,69.68,,,70.55,68.75,,68.75,54,euronext,2026-09-22T20:47:12Z
2026-09-14,ENOFUTBLYR-28,53.75,,,54.50,53.75,,54.45,15,euronext,2026-09-22T20:47:12Z
2026-09-14,ENOFUTBLYR-29,50.50,,,,,,,2,euronext,2026-09-22T20:47:12Z
2026-09-14,ENOFUTBLYR-30,51.20,,,,,,,0,euronext,2026-09-22T20:47:12Z
2026-09-14,ENOFUTBLYR-31,51.19,,,,,,,0,euronext,2026-09-22T20:47:12Z
2026-09-14,ENOFUTBLYR-32,51.00,,,,,,,0,euronext,2026-09-22T20:47:12Z
2026-09-14,ENOFUTBLYR-33,51.00,,,,,,,0,euronext,2026-09-22T20:47:12Z
2026-09-14,ENOFUTBLYR-34,51.00,,,,,,,0,euronext,2026-09-22T20:47:12Z
2026-09-14,ENOFUTBLYR-35,51.00,,,,,,,0,euronext,2026-09-22T20:47:12Z
2026-09-14,ENOFUTBLYR-36,51.00,,,,,,,0,euronext,2026-09-22T20:47:12Z
2026-09-15,ENOFUTBLMDEC-26,115.55,,,115.75,115.00,,115.75,71,euronext,2026-09-22T20:47:12Z
2026-09-15,ENOFUTBLMFEB-27,130.51,,,132.50,130.51,,132.50,2,euronext,2026-09-22T20:47:12Z
2026-09-15,ENOFUTBLMJAN-27,130.51,,,130.51,130.51,,130.51,1,euronext,2026-09-22T20:47:12Z
2026-09-15,ENOFUTBLMMAR-27,97.50,,,97.50,97.50,,97.50,1,euronext,2026-09-22T20:47:12Z
2026-09-15,ENOFUTBLMNOV-26,118.05,,,120.10,118.00,,120.10,52,euronext,2026-09-22T20:47:12Z
2026-09-15,ENOFUTBLMOCT-26,107.75,,,111.00,106.30,,111.00,137,euronext,2026-09-22T20:47:12Z
2026-09-15,ENOFUTBLMSEP-26,96.75,,,,,,,0,euronext,2026-09-22T20:47:12Z
2026-09-15,ENOFUTBLQ1-27,118.75,,,120.50,118.00,,120.30,166,euronext,2026-09-22T20:47:12Z
2026-09-15,ENOFUTBLQ1-28,81.80,,,81.85,81.80,,81.85,4,euronext,2026-09-22T20:47:12Z
2026-09-15,ENOFUTBLQ2-27,53.90,,,55.00,53.60,,55.00,16,euronext,2026-09-22T20:47:12Z
2026-09-15,ENOFUTBLQ2-28,42.48,,,,,,,0,euronext,2026-09-22T20:47:12Z
2026-09-15,ENOFUTBLQ3-27,38.50,,,38.50,38.45,,38.50,3,euronext,2026-09-22T20:47:12Z
2026-09-15,ENOFUTBLQ3-28,30.60,,,,,,,0,euronext,2026-09-22T20:47:12Z
2026-09-15,ENOFUTBLQ4-26,114.20,,,116.00,113.40,,115.80,268,euronext,2026-09-22T20:47:12Z
2026-09-15,ENOFUTBLQ4-27,62.16,,,62.50,62.00,,62.50,7,euronext,2026-09-22T20:47:12Z
2026-09-15,ENOFUTBLQ4-28,57.63,,,,,,,0,euronext,2026-09-22T20:47:12Z
2026-09-15,ENOFUTBLYR-27,67.94,,,69.10,67.45,,69.10,180,euronext,2026-09-22T20:47:12Z
2026-09-15,ENOFUTBLYR-28,53.15,,,53.15,53.00,,53.00,6,euronext,2026-09-22T20:47:12Z
2026-09-15,ENOFUTBLYR-29,49.90,,,49.90,49.90,,49.90,7,euronext,2026-09-22T20:47:12Z
2026-09-15,ENOFUTBLYR-30,51.80,,,,,,,0,euronext,2026-09-22T20:47:12Z
2026-09-15,ENOFUTBLYR-31,51.19,,,,,,,0,euronext,2026-09-22T20:47:12Z
2026-09-15,ENOFUTBLYR-32,51.09,,,,,,,0,euronext,2026-09-22T20:47:12Z
2026-09-15,ENOFUTBLYR-33,51.00,,,,,,,0,euronext,2026-09-22T20:47:12Z
2026-09-15,ENOFUTBLYR-34,51.00,,,,,,,0,euronext,2026-09-22T20:47:12Z
2026-09-15,ENOFUTBLYR-35,51.00,,,,,,,0,euronext,2026-09-22T20:47:12Z
2026-09-15,ENOFUTBLYR-36,51.00,,,,,,,0,euronext,2026-09-22T20:47:12Z
2026-09-16,ENOFUTBLMDEC-26,112.50,,,114.00,111.25,,114.00,12,euronext,2026-09-22T20:47:12Z
2026-09-16,ENOFUTBLMFEB-27,125.50,,,125.00,125.00,,125.00,1,euronext,2026-09-22T20:47:12Z
2026-09-16,ENOFUTBLMJAN-27,127.00,,,127.00,127.00,,127.00,4,euronext,2026-09-22T20:47:12Z
2026-09-16,ENOFUTBLMMAR-27,95.00,,,95.00,94.41,,94.41,7,euronext,2026-09-22T20:47:12Z
2026-09-16,ENOFUTBLMNOV-26,114.60,,,115.00,114.46,,114.46,23,euronext,2026-09-22T20:47:12Z
2026-09-16,ENOFUTBLMOCT-26,104.69,,,106.25,102.55,,106.25,259,euronext,2026-09-22T20:47:12Z
2026-09-16,ENOFUTBLMSEP-26,95.00,,,,,,,0,euronext,2026-09-22T20:47:12Z
2026-09-16,ENOFUTBLQ1-27,115.34,,,117.30,114.90,,117.30,244,euronext,2026-09-22T20:47:12Z
2026-09-16,ENOFUTBLQ1-28,81.23,,,81.25,81.20,,81.25,24,euronext,2026-09-22T20:47:12Z
2026-09-16,ENOFUTBLQ2-27,52.00,,,53.40,51.85,,53.40,41,euronext,2026-09-22T20:47:12Z
2026-09-16,ENOFUTBLQ2-28,42.73,,,,,,,4,euronext,2026-09-22T20:47:12Z
2026-09-16,ENOFUTBLQ3-27,37.00,,,37.30,36.75,,37.00,41,euronext,2026-09-22T20:47:12Z
2026-09-16,ENOFUTBLQ3-28,30.60,,,30.60,30.60,,30.60,2,euronext,2026-09-22T20:47:12Z
2026-09-16,ENOFUTBLQ4-26,110.38,,,114.25,109.15,,114.15,338,euronext,2026-09-22T20:47:12Z
2026-09-16,ENOFUTBLQ4-27,61.27,,,61.33,61.10,,61.25,40,euronext,2026-09-22T20:47:12Z
2026-09-16,ENOFUTBLQ4-28,57.00,,,57.00,57.00,,57.00,1,euronext,2026-09-22T20:47:12Z
2026-09-16,ENOFUTBLYR-27,65.95,,,68.15,65.95,,68.15,106,euronext,2026-09-22T20:47:12Z
2026-09-16,ENOFUTBLYR-28,52.90,,,,,,,36,euronext,2026-09-22T20:47:12Z
2026-09-16,ENOFUTBLYR-29,49.50,,,49.50,49.50,,49.50,6,euronext,2026-09-22T20:47:12Z
2026-09-16,ENOFUTBLYR-30,51.50,,,51.50,51.50,,51.50,3,euronext,2026-09-22T20:47:12Z
2026-09-16,ENOFUTBLYR-31,52.16,,,,,,,0,euronext,2026-09-22T20:47:12Z
2026-09-16,ENOFUTBLYR-32,52.00,,,,,,,0,euronext,2026-09-22T20:47:12Z
2026-09-16,ENOFUTBLYR-33,52.25,,,,,,,0,euronext,2026-09-22T20:47:12Z
2026-09-16,ENOFUTBLYR-34,52.50,,,,,,,0,euronext,2026-09-22T20:47:12Z
2026-09-16,ENOFUTBLYR-35,52.75,,,,,,,0,euronext,2026-09-22T20:47:12Z
2026-09-16,ENOFUTBLYR-36,53.00,,,,,,,0,euronext,2026-09-22T20:47:12Z
2026-09-17,ENOFUTBLMDEC-26,110.70,,,111.25,110.70,,111.11,11,euronext,2026-09-22T20:47:12Z
2026-09-17,ENOFUTBLMFEB-27,125.15,,,,,,,15,euronext,2026-09-22T20:47:12Z
2026-09-17,ENOFUTBLMJAN-27,124.76,,,,,,,0,euronext,2026-09-22T20:47:12Z
2026-09-17,ENOFUTBLMMAR-27,94.90,,,,,,,0,euronext,2026-09-22T20:47:12Z
2026-09-17,ENOFUTBLMNOV-26,113.15,,,113.50,113.15,,113.50,28,euronext,2026-09-22T20:47:12Z
2026-09-17,ENOFUTBLMOCT-26,103.00,,,104.00,102.15,,102.50,136,euronext,2026-09-22T20:47:12Z
2026-09-17,ENOFUTBLMSEP-26,95.00,,,95.00,95.00,,95.00,5,euronext,2026-09-22T20:47:12Z
2026-09-17,ENOFUTBLQ1-27,114.71,,,114.75,113.75,,114.47,203,euronext,2026-09-22T20:47:12Z
2026-09-17,ENOFUTBLQ1-28,81.13,,,81.30,80.00,,80.00,11,euronext,2026-09-22T20:47:12Z
2026-09-17,ENOFUTBLQ2-27,52.00,,,52.00,51.65,,52.00,30,euronext,2026-09-22T20:47:12Z
2026-09-17,ENOFUTBLQ2-28,42.87,,,,,,,0,euronext,2026-09-22T20:47:12Z
2026-09-17,ENOFUTBLQ3-27,36.65,,,37.00,36.60,,36.70,13,euronext,2026-09-22T20:47:12Z
2026-09-17,ENOFUTBLQ3-28,30.89,,,30.25,30.25,,30.25,1,euronext,2026-09-22T20:47:12Z
2026-09-17,ENOFUTBLQ4-26,108.78,,,109.30,108.00,,108.00,168,euronext,2026-09-22T20:47:12Z
2026-09-17,ENOFUTBLQ4-27,61.25,,,61.45,60.00,,60.00,14,euronext,2026-09-22T20:47:12Z
2026-09-17,ENOFUTBLQ4-28,57.10,,,,,,,0,euronext,2026-09-22T20:47:12Z
2026-09-17,ENOFUTBLYR-27,65.82,,,65.85,65.00,,65.00,45,euronext,2026-09-22T20:47:12Z
2026-09-17,ENOFUTBLYR-28,52.65,,,52.75,52.75,,52.75,5,euronext,2026-09-22T20:47:12Z
2026-09-17,ENOFUTBLYR-29,49.50,,,49.50,49.25,,49.25,14,euronext,2026-09-22T20:47:12Z
2026-09-17,ENOFUTBLYR-30,51.00,,,,,,,2,euronext,2026-09-22T20:47:12Z
2026-09-17,ENOFUTBLYR-31,51.44,,,,,,,0,euronext,2026-09-22T20:47:12Z
2026-09-17,ENOFUTBLYR-32,52.00,,,,,,,0,euronext,2026-09-22T20:47:12Z
2026-09-17,ENOFUTBLYR-33,52.25,,,,,,,0,euronext,2026-09-22T20:47:12Z
2026-09-17,ENOFUTBLYR-34,52.50,,,,,,,0,euronext,2026-09-22T20:47:12Z
2026-09-17,ENOFUTBLYR-35,52.75,,,,,,,0,euronext,2026-09-22T20:47:12Z
2026-09-17,ENOFUTBLYR-36,53.00,,,,,,,0,euronext,2026-09-22T20:47:12Z
2026-09-18,ENOFUTBLMDEC-26,114.75,,,114.75,111.00,,111.00,77,euronext,2026-09-22T20:47:12Z
2026-09-18,ENOFUTBLMFEB-27,128.00,,,128.00,128.00,,128.00,2,euronext,2026-09-22T20:47:12Z
2026-09-18,ENOFUTBLMJAN-27,128.00,,,128.00,128.00,,128.00,2,euronext,2026-09-22T20:47:12Z
2026-09-18,ENOFUTBLMMAR-27,97.80,,,,,,,0,euronext,2026-09-22T20:47:12Z
2026-09-18,ENOFUTBLMNOV-26,116.80,,,116.80,113.50,,113.50,57,euronext,2026-09-22T20:47:12Z
2026-09-18,ENOFUTBLMOCT-26,108.12,,,108.50,103.70,,104.00,144,euronext,2026-09-22T20:47:12Z
2026-09-18,ENOFUTBLMSEP-26,94.50,,,,,,,0,euronext,2026-09-22T20:47:12Z
2026-09-18,ENOFUTBLQ1-27,118.10,,,118.50,115.85,,115.85,149,euronext,2026-09-22T20:47:12Z
2026-09-18,ENOFUTBLQ1-28,82.43,,,82.43,82.43,,82.43,3,euronext,2026-09-22T20:47:12Z
2026-09-18,ENOFUTBLQ2-27,54.13,,,54.13,52.60,,52.60,19,euronext,2026-09-22T20:47:12Z
2026-09-18,ENOFUTBLQ2-28,42.75,,,,,,,0,euronext,2026-09-22T20:47:12Z
2026-09-18,ENOFUTBLQ3-27,38.40,,,38.50,38.00,,38.00,20,euronext,2026-09-22T20:47:12Z
2026-09-18,ENOFUTBLQ3-28,31.33,,,,,,,0,euronext,2026-09-22T20:47:12Z
2026-09-18,ENOFUTBLQ4-26,113.01,,,113.05,109.15,,109.15,186,euronext,2026-09-22T20:47:12Z
2026-09-18,ENOFUTBLQ4-27,62.49,,,62.55,61.90,,61.90,10,euronext,2026-09-22T20:47:12Z
2026-09-18,ENOFUTBLQ4-28,58.64,,,,,,,0,euronext,2026-09-22T20:47:12Z
2026-09-18,ENOFUTBLYR-27,67.90,,,68.00,66.70,,66.70,46,euronext,2026-09-22T20:47:12Z
2026-09-18,ENOFUTBLYR-28,53.50,,,53.50,53.00,,53.00,24,euronext,2026-09-22T20:47:12Z
2026-09-18,ENOFUTBLYR-29,50.00,,,,,,,9,euronext,2026-09-22T20:47:12Z
2026-09-18,ENOFUTBLYR-30,51.63,,,,,,,0,euronext,2026-09-22T20:47:12Z
2026-09-18,ENOFUTBLYR-31,51.39,,,,,,,0,euronext,2026-09-22T20:47:12Z
2026-09-18,ENOFUTBLYR-32,52.00,,,,,,,0,euronext,2026-09-22T20:47:12Z
2026-09-18,ENOFUTBLYR-33,52.25,,,,,,,0,euronext,2026-09-22T20:47:12Z
2026-09-18,ENOFUTBLYR-34,52.50,,,,,,,0,euronext,2026-09-22T20:47:12Z
2026-09-18,ENOFUTBLYR-35,52.75,,,,,,,0,euronext,2026-09-22T20:47:12Z
2026-09-18,ENOFUTBLYR-36,53.00,,,,,,,0,euronext,2026-09-22T20:47:12Z
2026-09-21,ENOFUTBLMDEC-26,110.70,,,113.25,110.70,,113.25,44,euronext,2026-09-22T20:47:12Z
2026-09-21,ENOFUTBLMFEB-27,124.50,,,127.46,124.50,,127.46,7,euronext,2026-09-22T20:47:12Z
2026-09-21,ENOFUTBLMJAN-27,124.25,,,129.20,125.00,,129.20,20,euronext,2026-09-22T20:47:12Z
2026-09-21,ENOFUTBLMMAR-27,94.74,,,97.74,94.74,,97.74,7,euronext,2026-09-22T20:47:12Z
2026-09-21,ENOFUTBLMNOV-26,112.64,,,118.00,112.64,,118.00,78,euronext,2026-09-22T20:47:12Z
2026-09-21,ENOFUTBLMOCT-26,104.05,,,108.50,103.82,,108.50,223,euronext,2026-09-22T20:47:12Z
2026-09-21,ENOFUTBLMSEP-26,92.69,,,,,,,0,euronext,2026-09-22T20:47:12Z
2026-09-21,ENOFUTBLQ1-27,114.25,,,117.75,114.20,,117.75,103,euronext,2026-09-22T20:47:12Z
2026-09-21,ENOFUTBLQ1-28,81.70,,,81.70,81.70,,81.70,7,euronext,2026-09-22T20:47:12Z
2026-09-21,ENOFUTBLQ2-27,52.60,,,54.00,52.60,,54.00,13,euronext,2026-09-22T20:47:12Z
2026-09-21,ENOFUTBLQ2-28,42.14,,,,,,,0,euronext,2026-09-22T20:47:12Z
2026-09-21,ENOFUTBLQ3-27,38.20,,,38.00,38.00,,38.00,10,euronext,2026-09-22T20:47:12Z
2026-09-21,ENOFUTBLQ3-28,31.00,,,,,,,0,euronext,2026-09-22T20:47:12Z
2026-09-21,ENOFUTBLQ4-26,108.49,,,112.50,108.35,,112.50,111,euronext,2026-09-22T20:47:12Z
2026-09-21,ENOFUTBLQ4-27,61.95,,,62.50,62.50,,62.50,1,euronext,2026-09-22T20:47:12Z
2026-09-21,ENOFUTBLQ4-28,58.00,,,,,,,10,euronext,2026-09-22T20:47:12Z
2026-09-21,ENOFUTBLYR-27,66.55,,,66.60,66.50,,66.50,25,euronext,2026-09-22T20:47:12Z
2026-09-21,ENOFUTBLYR-28,53.00,,,53.00,53.00,,53.00,7,euronext,2026-09-22T20:47:12Z
2026-09-21,ENOFUTBLYR-29,49.65,,,49.60,49.60,,49.60,7,euronext,2026-09-22T20:47:12Z
2026-09-21,ENOFUTBLYR-30,52.40,,,,,,,0,euronext,2026-09-22T20:47:12Z
2026-09-21,ENOFUTBLYR-31,51.79,,,,,,,0,euronext,2026-09-22T20:47:12Z
2026-09-21,ENOFUTBLYR-32,52.00,,,,,,,0,euronext,2026-09-22T20:47:12Z
2026-09-21,ENOFUTBLYR-33,52.25,,,,,,,0,euronext,2026-09-22T20:47:12Z
2026-09-21,ENOFUTBLYR-34,52.50,,,,,,,0,euronext,2026-09-22T20:47:12Z
2026-09-21,ENOFUTBLYR-35,52.75,,,,,,,0,euronext,2026-09-22T20:47:12Z
2026-09-21,ENOFUTBLYR-36,53.00,,,,,,,0,euronext,2026-09-22T20:47:12Z
2026-09-22,ENOFUTBLMDEC-26,106.00,102.75,,109.50,105.50,652,109.50,30,euronext,2026-09-22T20:47:12Z
2026-09-22,ENOFUTBLMFEB-27,119.75,,,119.25,119.25,114,119.25,10,euronext,2026-09-22T20:47:12Z
2026-09-22,ENOFUTBLMJAN-27,119.75,,122.65,119.25,119.25,172,119.25,10,euronext,2026-09-22T20:47:12Z
2026-09-22,ENOFUTBLMMAR-27,89.50,,,89.50,89.04,104,89.04,11,euronext,2026-09-22T20:47:12Z
2026-09-22,ENOFUTBLMNOV-26,107.50,,112.00,111.00,107.00,701,111.00,178,euronext,2026-09-22T20:47:12Z
2026-09-22,ENOFUTBLMOCT-26,99.25,,,103.00,95.55,1334,103.00,300,euronext,2026-09-22T20:47:12Z
2026-09-22,ENOFUTBLMSEP-26,93.50,,,,,6055,,0,euronext,2026-09-22T20:47:12Z
2026-09-22,ENOFUTBLQ1-27,109.80,,110.15,113.75,106.55,2618,113.75,203,euronext,2026-09-22T20:47:12Z
2026-09-22,ENOFUTBLQ1-28,81.15,,81.65,81.15,81.15,366,81.15,5,euronext,2026-09-22T20:47:12Z
2026-09-22,ENOFUTBLQ2-27,51.13,,,51.50,50.50,810,51.50,19,euronext,2026-09-22T20:47:12Z
2026-09-22,ENOFUTBLQ2-28,41.58,37.50,,,,98,,0,euronext,2026-09-22T20:47:12Z
2026-09-22,ENOFUTBLQ3-27,38.35,36.65,,37.25,37.25,850,37.25,2,euronext,2026-09-22T20:47:12Z
2026-09-22,ENOFUTBLQ3-28,30.10,,,30.10,30.10,107,30.10,1,euronext,2026-09-22T20:47:12Z
2026-09-22,ENOFUTBLQ4-26,104.01,,105.76,108.15,101.00,5774,108.00,285,euronext,2026-09-22T20:47:12Z
2026-09-22,ENOFUTBLQ4-27,61.25,,,61.25,61.00,735,61.00,3,euronext,2026-09-22T20:47:12Z
2026-09-22,ENOFUTBLQ4-28,57.50,,,57.50,57.50,146,57.50,1,euronext,2026-09-22T20:47:12Z
2026-09-22,ENOFUTBLYR-27,64.65,,,65.35,64.25,4962,65.35,23,euronext,2026-09-22T20:47:12Z
2026-09-22,ENOFUTBLYR-28,52.25,45.20,,52.50,52.00,2184,52.50,21,euronext,2026-09-22T20:47:12Z
2026-09-22,ENOFUTBLYR-29,49.70,43.60,,49.70,49.00,966,49.70,9,euronext,2026-09-22T20:47:12Z
2026-09-22,ENOFUTBLYR-30,52.59,,,,,370,,0,euronext,2026-09-22T20:47:12Z
2026-09-22,ENOFUTBLYR-31,51.68,,,,,188,,0,euronext,2026-09-22T20:47:12Z
2026-09-22,ENOFUTBLYR-32,52.00,,,,,53,,0,euronext,2026-09-22T20:47:12Z
2026-09-22,ENOFUTBLYR-33,52.25,,,,,1,,0,euronext,2026-09-22T20:47:12Z
2026-09-22,ENOFUTBLYR-34,52.50,,,,,1,,0,euronext,2026-09-22T20:47:12Z
2026-09-22,ENOFUTBLYR-35,52.75,,,,,0,,0,euronext,2026-09-22T20:47:12Z
2026-09-22,ENOFUTBLYR-36,53.00,,,,,0,,0,euronext,2026-09-22T20:47:12Z
