time_start,zone,psr_type,generation_mw,resolution_minutes
2023-01-01T00:00:00+00:00,DK1,solar,0.43,60
2023-01-01T01:00:00+00:00,DK1,solar,0.42,60
2023-01-01T02:00:00+00:00,DK1,solar,0.43,60
2023-01-01T03:00:00+00:00,DK1,solar,0.43,60
2023-01-01T04:00:00+00:00,DK1,solar,0.43,60
2023-01-01T05:00:00+00:00,DK1,solar,0.43,60
2023-01-01T06:00:00+00:00,DK1,solar,0.43,60
2023-01-01T07:00:00+00:00,DK1,solar,0.42,60
2023-01-01T08:00:00+00:00,DK1,solar,7.34,60
2023-01-01T09:00:00+00:00,DK1,solar,39.24,60
2023-01-01T10:00:00+00:00,DK1,solar,65.34,60
2023-01-01T11:00:00+00:00,DK1,solar,101.41,60
2023-01-01T12:00:00+00:00,DK1,solar,82.74,60
2023-01-01T13:00:00+00:00,DK1,solar,61.68,60
2023-01-01T14:00:00+00:00,DK1,solar,17.02,60
2023-01-01T15:00:00+00:00,DK1,solar,0.47,60
2023-01-01T16:00:00+00:00,DK1,solar,0.43,60
2023-01-01T17:00:00+00:00,DK1,solar,0.42,60
2023-01-01T18:00:00+00:00,DK1,solar,0.43,60
2023-01-01T19:00:00+00:00,DK1,solar,0.43,60
2023-01-01T20:00:00+00:00,DK1,solar,0.43,60
2023-01-01T21:00:00+00:00,DK1,solar,0.43,60
2023-01-01T22:00:00+00:00,DK1,solar,0.43,60
2023-01-01T23:00:00+00:00,DK1,solar,0.43,60
2023-01-02T00:00:00+00:00,DK1,solar,0.42,60
2023-01-02T01:00:00+00:00,DK1,solar,0.43,60
2023-01-02T02:00:00+00:00,DK1,solar,0.42,60
2023-01-02T03:00:00+00:00,DK1,solar,0.43,60
2023-01-02T04:00:00+00:00,DK1,solar,0.43,60
2023-01-02T05:00:00+00:00,DK1,solar,0.43,60
2023-01-02T06:00:00+00:00,DK1,solar,0.42,60
2023-01-02T07:00:00+00:00,DK1,solar,0.6,60
2023-01-02T08:00:00+00:00,DK1,solar,3.85,60
2023-01-02T09:00:00+00:00,DK1,solar,25.65,60
2023-01-02T10:00:00+00:00,DK1,solar,47.37,60
2023-01-02T11:00:00+00:00,DK1,solar,54.83,60
2023-01-02T12:00:00+00:00,DK1,solar,67.42,60
2023-01-02T13:00:00+00:00,DK1,solar,48.02,60
2023-01-02T14:00:00+00:00,DK1,solar,14.95,60
2023-01-02T15:00:00+00:00,DK1,solar,0.61,60
2023-01-02T16:00:00+00:00,DK1,solar,0.42,60
2023-01-02T17:00:00+00:00,DK1,solar,0.42,60
2023-01-02T18:00:00+00:00,DK1,solar,0.42,60
2023-01-02T19:00:00+00:00,DK1,solar,0.42,60
2023-01-02T20:00:00+00:00,DK1,solar,0.42,60
2023-01-02T21:00:00+00:00,DK1,solar,0.42,60
2023-01-02T22:00:00+00:00,DK1,solar,0.42,60
2023-01-02T23:00:00+00:00,DK1,solar,0.42,60
2023-01-03T00:00:00+00:00,DK1,solar,0.42,60
2023-01-03T01:00:00+00:00,DK1,solar,0.42,60
2023-01-03T02:00:00+00:00,DK1,solar,0.42,60
2023-01-03T03:00:00+00:00,DK1,solar,0.42,60
2023-01-03T04:00:00+00:00,DK1,solar,0.41,60
2023-01-03T05:00:00+00:00,DK1,solar,0.42,60
2023-01-03T06:00:00+00:00,DK1,solar,0.43,60
2023-01-03T07:00:00+00:00,DK1,solar,0.99,60
2023-01-03T08:00:00+00:00,DK1,solar,33.63,60
2023-01-03T09:00:00+00:00,DK1,solar,125.27,60
2023-01-03T10:00:00+00:00,DK1,solar,244.03,60
2023-01-03T11:00:00+00:00,DK1,solar,263.6,60
2023-01-03T12:00:00+00:00,DK1,solar,222.74,60
2023-01-03T13:00:00+00:00,DK1,solar,158.01,60
2023-01-03T14:00:00+00:00,DK1,solar,36.61,60
2023-01-03T15:00:00+00:00,DK1,solar,0.75,60
2023-01-03T16:00:00+00:00,DK1,solar,0.41,60
2023-01-03T17:00:00+00:00,DK1,solar,0.41,60
2023-01-03T18:00:00+00:00,DK1,solar,0.41,60
2023-01-03T19:00:00+00:00,DK1,solar,0.41,60
2023-01-03T20:00:00+00:00,DK1,solar,0.42,60
2023-01-03T21:00:00+00:00,DK1,solar,0.42,60
2023-01-03T22:00:00+00:00,DK1,solar,0.42,60
2023-01-03T23:00:00+00:00,DK1,solar,0.42,60
2023-01-04T00:00:00+00:00,DK1,solar,0.42,60
2023-01-04T01:00:00+00:00,DK1,solar,0.42,60
2023-01-04T02:00:00+00:00,DK1,solar,0.42,60
2023-01-04T03:00:00+00:00,DK1,solar,0.42,60
2023-01-04T04:00:00+00:00,DK1,solar,0.42,60
2023-01-04T05:00:00+00:00,DK1,solar,0.41,60
2023-01-04T06:00:00+00:00,DK1,solar,0.42,60
2023-01-04T07:00:00+00:00,DK1,solar,0.41,60
2023-01-04T08:00:00+00:00,DK1,solar,1.54,60
2023-01-04T09:00:00+00:00,DK1,solar,15.05,60
2023-01-04T10:00:00+00:00,DK1,solar,39.35,60
2023-01-04T11:00:00+00:00,DK1,solar,43.91,60
2023-01-04T12:00:00+00:00,DK1,solar,34.86,60
2023-01-04T13:00:00+00:00,DK1,solar,24.39,60
2023-01-04T14:00:00+00:00,DK1,solar,6.1,60
2023-01-04T15:00:00+00:00,DK1,solar,0.33,60
2023-01-04T16:00:00+00:00,DK1,solar,0.4,60
2023-01-04T17:00:00+00:00,DK1,solar,0.4,60
2023-01-04T18:00:00+00:00,DK1,solar,0.4,60
2023-01-04T19:00:00+00:00,DK1,solar,0.4,60
2023-01-04T20:00:00+00:00,DK1,solar,0.4,60
2023-01-04T21:00:00+00:00,DK1,solar,0.4,60
2023-01-04T22:00:00+00:00,DK1,solar,0.41,60
2023-01-04T23:00:00+00:00,DK1,solar,0.4,60
2023-01-05T00:00:00+00:00,DK1,solar,0.4,60
2023-01-05T01:00:00+00:00,DK1,solar,0.41,60
2023-01-05T02:00:00+00:00,DK1,solar,0.41,60
2023-01-05T03:00:00+00:00,DK1,solar,0.4,60
2023-01-05T04:00:00+00:00,DK1,solar,0.4,60
2023-01-05T05:00:00+00:00,DK1,solar,0.4,60
2023-01-05T06:00:00+00:00,DK1,solar,0.4,60
2023-01-05T07:00:00+00:00,DK1,solar,0.86,60
2023-01-05T08:00:00+00:00,DK1,solar,27.34,60
2023-01-05T09:00:00+00:00,DK1,solar,113.53,60
2023-01-05T10:00:00+00:00,DK1,solar,204.55,60
2023-01-05T11:00:00+00:00,DK1,solar,233.09,60
2023-01-05T12:00:00+00:00,DK1,solar,194.82,60
2023-01-05T13:00:00+00:00,DK1,solar,121.03,60
2023-01-05T14:00:00+00:00,DK1,solar,32.6,60
2023-01-05T15:00:00+00:00,DK1,solar,0.93,60
2023-01-05T16:00:00+00:00,DK1,solar,0.39,60
2023-01-05T17:00:00+00:00,DK1,solar,0.4,60
2023-01-05T18:00:00+00:00,DK1,solar,0.4,60
2023-01-05T19:00:00+00:00,DK1,solar,0.39,60
2023-01-05T20:00:00+00:00,DK1,solar,0.39,60
2023-01-05T21:00:00+00:00,DK1,solar,0.4,60
2023-01-05T22:00:00+00:00,DK1,solar,0.4,60
2023-01-05T23:00:00+00:00,DK1,solar,0.4,60
2023-01-06T00:00:00+00:00,DK1,solar,0.4,60
2023-01-06T01:00:00+00:00,DK1,solar,0.4,60
2023-01-06T02:00:00+00:00,DK1,solar,0.39,60
2023-01-06T03:00:00+00:00,DK1,solar,0.39,60
2023-01-06T04:00:00+00:00,DK1,solar,0.39,60
2023-01-06T05:00:00+00:00,DK1,solar,0.4,60
2023-01-06T06:00:00+00:00,DK1,solar,0.4,60
2023-01-06T07:00:00+00:00,DK1,solar,0.39,60
2023-01-06T08:00:00+00:00,DK1,solar,2.29,60
2023-01-06T09:00:00+00:00,DK1,solar,28.95,60
2023-01-06T10:00:00+00:00,DK1,solar,131.72,60
2023-01-06T11:00:00+00:00,DK1,solar,203.76,60
2023-01-06T12:00:00+00:00,DK1,solar,160.2,60
2023-01-06T13:00:00+00:00,DK1,solar,91.29,60
2023-01-06T14:00:00+00:00,DK1,solar,16.97,60
2023-01-06T15:00:00+00:00,DK1,solar,0.57,60
2023-01-06T16:00:00+00:00,DK1,solar,0.39,60
2023-01-06T17:00:00+00:00,DK1,solar,0.4,60
2023-01-06T18:00:00+00:00,DK1,solar,0.38,60
2023-01-06T19:00:00+00:00,DK1,solar,0.4,60
2023-01-06T20:00:00+00:00,DK1,solar,0.39,60
2023-01-06T21:00:00+00:00,DK1,solar,0.39,60
2023-01-06T22:00:00+00:00,DK1,solar,0.4,60
2023-01-06T23:00:00+00:00,DK1,solar,0.4,60
2023-01-07T00:00:00+00:00,DK1,solar,0.4,60
2023-01-07T01:00:00+00:00,DK1,solar,0.4,60
2023-01-07T02:00:00+00:00,DK1,solar,0.4,60
2023-01-07T03:00:00+00:00,DK1,solar,0.4,60
2023-01-07T04:00:00+00:00,DK1,solar,0.41,60
2023-01-07T05:00:00+00:00,DK1,solar,0.4,60
2023-01-07T06:00:00+00:00,DK1,solar,0.39,60
2023-01-07T07:00:00+00:00,DK1,solar,0.42,60
2023-01-07T08:00:00+00:00,DK1,solar,5.19,60
2023-01-07T09:00:00+00:00,DK1,solar,23.99,60
2023-01-07T10:00:00+00:00,DK1,solar,35.27,60
2023-01-07T11:00:00+00:00,DK1,solar,40.37,60
2023-01-07T12:00:00+00:00,DK1,solar,39.03,60
2023-01-07T13:00:00+00:00,DK1,solar,34.82,60
2023-01-07T14:00:00+00:00,DK1,solar,16.1,60
2023-01-07T15:00:00+00:00,DK1,solar,0.41,60
2023-01-07T16:00:00+00:00,DK1,solar,0.39,60
2023-01-07T17:00:00+00:00,DK1,solar,0.39,60
2023-01-07T18:00:00+00:00,DK1,solar,0.39,60
2023-01-07T19:00:00+00:00,DK1,solar,0.39,60
2023-01-07T20:00:00+00:00,DK1,solar,0.4,60
2023-01-07T21:00:00+00:00,DK1,solar,0.4,60
2023-01-07T22:00:00+00:00,DK1,solar,0.4,60
2023-01-07T23:00:00+00:00,DK1,solar,0.41,60
2023-01-08T00:00:00+00:00,DK1,solar,0.41,60
2023-01-08T01:00:00+00:00,DK1,solar,0.4,60
2023-01-08T02:00:00+00:00,DK1,solar,0.4,60
2023-01-08T03:00:00+00:00,DK1,solar,0.39,60
2023-01-08T04:00:00+00:00,DK1,solar,0.39,60
2023-01-08T05:00:00+00:00,DK1,solar,0.39,60
2023-01-08T06:00:00+00:00,DK1,solar,0.4,60
2023-01-08T07:00:00+00:00,DK1,solar,0.4,60
2023-01-08T08:00:00+00:00,DK1,solar,9.58,60
2023-01-08T09:00:00+00:00,DK1,solar,46.08,60
2023-01-08T10:00:00+00:00,DK1,solar,68.09,60
2023-01-08T11:00:00+00:00,DK1,solar,83.32,60
2023-01-08T12:00:00+00:00,DK1,solar,95.12,60
2023-01-08T13:00:00+00:00,DK1,solar,68.97,60
2023-01-08T14:00:00+00:00,DK1,solar,29.55,60
2023-01-08T15:00:00+00:00,DK1,solar,1.2,60
2023-01-08T16:00:00+00:00,DK1,solar,0.41,60
2023-01-08T17:00:00+00:00,DK1,solar,0.4,60
2023-01-08T18:00:00+00:00,DK1,solar,0.4,60
2023-01-08T19:00:00+00:00,DK1,solar,0.4,60
2023-01-08T20:00:00+00:00,DK1,solar,0.4,60
2023-01-08T21:00:00+00:00,DK1,solar,0.4,60
2023-01-08T22:00:00+00:00,DK1,solar,0.39,60
2023-01-08T23:00:00+00:00,DK1,solar,0.39,60
2023-01-09T00:00:00+00:00,DK1,solar,0.4,60
2023-01-09T01:00:00+00:00,DK1,solar,0.41,60
2023-01-09T02:00:00+00:00,DK1,solar,0.4,60
2023-01-09T03:00:00+00:00,DK1,solar,0.4,60
2023-01-09T04:00:00+00:00,DK1,solar,0.4,60
2023-01-09T05:00:00+00:00,DK1,solar,0.4,60
2023-01-09T06:00:00+00:00,DK1,solar,0.41,60
2023-01-09T07:00:00+00:00,DK1,solar,0.39,60
2023-01-09T08:00:00+00:00,DK1,solar,10.87,60
2023-01-09T09:00:00+00:00,DK1,solar,79.75,60
2023-01-09T10:00:00+00:00,DK1,solar,173.76,60
2023-01-09T11:00:00+00:00,DK1,solar,188.74,60
2023-01-09T12:00:00+00:00,DK1,solar,128.17,60
2023-01-09T13:00:00+00:00,DK1,solar,68.19,60
2023-01-09T14:00:00+00:00,DK1,solar,17.6,60
2023-01-09T15:00:00+00:00,DK1,solar,0.52,60
2023-01-09T16:00:00+00:00,DK1,solar,0.4,60
2023-01-09T17:00:00+00:00,DK1,solar,0.4,60
2023-01-09T18:00:00+00:00,DK1,solar,0.41,60
2023-01-09T19:00:00+00:00,DK1,solar,0.41,60
2023-01-09T20:00:00+00:00,DK1,solar,0.41,60
2023-01-09T21:00:00+00:00,DK1,solar,0.4,60
2023-01-09T22:00:00+00:00,DK1,solar,0.4,60
2023-01-09T23:00:00+00:00,DK1,solar,0.4,60
2023-01-10T00:00:00+00:00,DK1,solar,0.39,60
2023-01-10T01:00:00+00:00,DK1,solar,0.39,60
2023-01-10T02:00:00+00:00,DK1,solar,0.4,60
2023-01-10T03:00:00+00:00,DK1,solar,0.4,60
2023-01-10T04:00:00+00:00,DK1,solar,0.4,60
2023-01-10T05:00:00+00:00,DK1,solar,0.4,60
2023-01-10T06:00:00+00:00,DK1,solar,0.4,60
2023-01-10T07:00:00+00:00,DK1,solar,1.2,60
2023-01-10T08:00:00+00:00,DK1,solar,44.79,60
2023-01-10T09:00:00+00:00,DK1,solar,156.79,60
2023-01-10T10:00:00+00:00,DK1,solar,214.26,60
2023-01-10T11:00:00+00:00,DK1,solar,182.09,60
2023-01-10T12:00:00+00:00,DK1,solar,151.18,60
2023-01-10T13:00:00+00:00,DK1,solar,64.83,60
2023-01-10T14:00:00+00:00,DK1,solar,24.17,60
2023-01-10T15:00:00+00:00,DK1,solar,5.46,60
2023-01-10T16:00:00+00:00,DK1,solar,3.15,60
2023-01-10T17:00:00+00:00,DK1,solar,5.31,60
2023-01-10T18:00:00+00:00,DK1,solar,0.69,60
2023-01-10T19:00:00+00:00,DK1,solar,0.43,60
2023-01-10T20:00:00+00:00,DK1,solar,0.42,60
2023-01-10T21:00:00+00:00,DK1,solar,0.41,60
2023-01-10T22:00:00+00:00,DK1,solar,0.41,60
2023-01-10T23:00:00+00:00,DK1,solar,0.42,60
2023-01-11T00:00:00+00:00,DK1,solar,0.41,60
2023-01-11T01:00:00+00:00,DK1,solar,0.42,60
2023-01-11T02:00:00+00:00,DK1,solar,0.41,60
2023-01-11T03:00:00+00:00,DK1,solar,0.41,60
2023-01-11T04:00:00+00:00,DK1,solar,0.41,60
2023-01-11T05:00:00+00:00,DK1,solar,0.41,60
2023-01-11T06:00:00+00:00,DK1,solar,0.42,60
2023-01-11T07:00:00+00:00,DK1,solar,4.93,60
2023-01-11T08:00:00+00:00,DK1,solar,15.03,60
2023-01-11T09:00:00+00:00,DK1,solar,78.36,60
2023-01-11T10:00:00+00:00,DK1,solar,179.6,60
2023-01-11T11:00:00+00:00,DK1,solar,207.14,60
2023-01-11T12:00:00+00:00,DK1,solar,174.73,60
2023-01-11T13:00:00+00:00,DK1,solar,125.64,60
2023-01-11T14:00:00+00:00,DK1,solar,41.14,60
2023-01-11T15:00:00+00:00,DK1,solar,2.3,60
2023-01-11T16:00:00+00:00,DK1,solar,0.42,60
2023-01-11T17:00:00+00:00,DK1,solar,0.42,60
2023-01-11T18:00:00+00:00,DK1,solar,0.42,60
2023-01-11T19:00:00+00:00,DK1,solar,0.42,60
2023-01-11T20:00:00+00:00,DK1,solar,0.42,60
2023-01-11T21:00:00+00:00,DK1,solar,0.42,60
2023-01-11T22:00:00+00:00,DK1,solar,0.41,60
2023-01-11T23:00:00+00:00,DK1,solar,0.42,60
2023-01-12T00:00:00+00:00,DK1,solar,0.42,60
2023-01-12T01:00:00+00:00,DK1,solar,0.43,60
2023-01-12T02:00:00+00:00,DK1,solar,0.42,60
2023-01-12T03:00:00+00:00,DK1,solar,0.42,60
2023-01-12T04:00:00+00:00,DK1,solar,0.42,60
2023-01-12T05:00:00+00:00,DK1,solar,0.42,60
2023-01-12T06:00:00+00:00,DK1,solar,0.4,60
2023-01-12T07:00:00+00:00,DK1,solar,0.45,60
2023-01-12T08:00:00+00:00,DK1,solar,6.08,60
2023-01-12T09:00:00+00:00,DK1,solar,26.03,60
2023-01-12T10:00:00+00:00,DK1,solar,48.46,60
2023-01-12T11:00:00+00:00,DK1,solar,84.07,60
2023-01-12T12:00:00+00:00,DK1,solar,130.21,60
2023-01-12T13:00:00+00:00,DK1,solar,97.42,60
2023-01-12T14:00:00+00:00,DK1,solar,25.55,60
2023-01-12T15:00:00+00:00,DK1,solar,1.44,60
2023-01-12T16:00:00+00:00,DK1,solar,0.45,60
2023-01-12T17:00:00+00:00,DK1,solar,0.46,60
2023-01-12T18:00:00+00:00,DK1,solar,0.46,60
2023-01-12T19:00:00+00:00,DK1,solar,0.46,60
2023-01-12T20:00:00+00:00,DK1,solar,0.46,60
2023-01-12T21:00:00+00:00,DK1,solar,0.46,60
2023-01-12T22:00:00+00:00,DK1,solar,0.47,60
2023-01-12T23:00:00+00:00,DK1,solar,0.47,60
2023-01-13T00:00:00+00:00,DK1,solar,0.47,60
2023-01-13T01:00:00+00:00,DK1,solar,0.47,60
2023-01-13T02:00:00+00:00,DK1,solar,0.46,60
2023-01-13T03:00:00+00:00,DK1,solar,0.46,60
2023-01-13T04:00:00+00:00,DK1,solar,0.47,60
2023-01-13T05:00:00+00:00,DK1,solar,0.47,60
2023-01-13T06:00:00+00:00,DK1,solar,0.47,60
2023-01-13T07:00:00+00:00,DK1,solar,0.87,60
2023-01-13T08:00:00+00:00,DK1,solar,13.97,60
2023-01-13T09:00:00+00:00,DK1,solar,35.52,60
2023-01-13T10:00:00+00:00,DK1,solar,53.14,60
2023-01-13T11:00:00+00:00,DK1,solar,68.77,60
2023-01-13T12:00:00+00:00,DK1,solar,60.75,60
2023-01-13T13:00:00+00:00,DK1,solar,40.89,60
2023-01-13T14:00:00+00:00,DK1,solar,24.93,60
2023-01-13T15:00:00+00:00,DK1,solar,1.47,60
2023-01-13T16:00:00+00:00,DK1,solar,0.4,60
2023-01-13T17:00:00+00:00,DK1,solar,0.41,60
2023-01-13T18:00:00+00:00,DK1,solar,0.41,60
2023-01-13T19:00:00+00:00,DK1,solar,0.42,60
2023-01-13T20:00:00+00:00,DK1,solar,0.42,60
2023-01-13T21:00:00+00:00,DK1,solar,4.82,60
2023-01-13T22:00:00+00:00,DK1,solar,5.2,60
2023-01-13T23:00:00+00:00,DK1,solar,0.43,60
2023-01-14T00:00:00+00:00,DK1,solar,0.42,60
2023-01-14T01:00:00+00:00,DK1,solar,0.42,60
2023-01-14T02:00:00+00:00,DK1,solar,0.43,60
2023-01-14T03:00:00+00:00,DK1,solar,0.42,60
2023-01-14T04:00:00+00:00,DK1,solar,0.42,60
2023-01-14T05:00:00+00:00,DK1,solar,0.43,60
2023-01-14T06:00:00+00:00,DK1,solar,0.42,60
2023-01-14T07:00:00+00:00,DK1,solar,2.29,60
2023-01-14T08:00:00+00:00,DK1,solar,36.49,60
2023-01-14T09:00:00+00:00,DK1,solar,108.11,60
2023-01-14T10:00:00+00:00,DK1,solar,128.46,60
2023-01-14T11:00:00+00:00,DK1,solar,104.23,60
2023-01-14T12:00:00+00:00,DK1,solar,51.13,60
2023-01-14T13:00:00+00:00,DK1,solar,21.23,60
2023-01-14T14:00:00+00:00,DK1,solar,5.5,60
2023-01-14T15:00:00+00:00,DK1,solar,0.37,60
2023-01-14T16:00:00+00:00,DK1,solar,0.43,60
2023-01-14T17:00:00+00:00,DK1,solar,0.43,60
2023-01-14T18:00:00+00:00,DK1,solar,0.42,60
2023-01-14T19:00:00+00:00,DK1,solar,0.42,60
2023-01-14T20:00:00+00:00,DK1,solar,0.42,60
2023-01-14T21:00:00+00:00,DK1,solar,0.42,60
2023-01-14T22:00:00+00:00,DK1,solar,0.43,60
2023-01-14T23:00:00+00:00,DK1,solar,0.41,60
2023-01-15T00:00:00+00:00,DK1,solar,0.42,60
2023-01-15T01:00:00+00:00,DK1,solar,0.43,60
2023-01-15T02:00:00+00:00,DK1,solar,0.42,60
2023-01-15T03:00:00+00:00,DK1,solar,0.42,60
2023-01-15T04:00:00+00:00,DK1,solar,4.63,60
2023-01-15T05:00:00+00:00,DK1,solar,3.05,60
2023-01-15T06:00:00+00:00,DK1,solar,0.44,60
2023-01-15T07:00:00+00:00,DK1,solar,1.49,60
2023-01-15T08:00:00+00:00,DK1,solar,38.4,60
2023-01-15T09:00:00+00:00,DK1,solar,99.28,60
2023-01-15T10:00:00+00:00,DK1,solar,132.08,60
2023-01-15T11:00:00+00:00,DK1,solar,126.93,60
2023-01-15T12:00:00+00:00,DK1,solar,74.16,60
2023-01-15T13:00:00+00:00,DK1,solar,51.04,60
2023-01-15T14:00:00+00:00,DK1,solar,25.64,60
2023-01-15T15:00:00+00:00,DK1,solar,1.94,60
2023-01-15T16:00:00+00:00,DK1,solar,0.41,60
2023-01-15T17:00:00+00:00,DK1,solar,0.43,60
2023-01-15T18:00:00+00:00,DK1,solar,0.42,60
2023-01-15T19:00:00+00:00,DK1,solar,0.42,60
2023-01-15T20:00:00+00:00,DK1,solar,0.42,60
2023-01-15T21:00:00+00:00,DK1,solar,0.42,60
2023-01-15T22:00:00+00:00,DK1,solar,0.42,60
2023-01-15T23:00:00+00:00,DK1,solar,0.43,60
2023-01-16T00:00:00+00:00,DK1,solar,0.43,60
2023-01-16T01:00:00+00:00,DK1,solar,0.43,60
2023-01-16T02:00:00+00:00,DK1,solar,0.43,60
2023-01-16T03:00:00+00:00,DK1,solar,0.43,60
2023-01-16T04:00:00+00:00,DK1,solar,0.43,60
2023-01-16T05:00:00+00:00,DK1,solar,0.41,60
2023-01-16T06:00:00+00:00,DK1,solar,0.43,60
2023-01-16T07:00:00+00:00,DK1,solar,2.51,60
2023-01-16T08:00:00+00:00,DK1,solar,41.11,60
2023-01-16T09:00:00+00:00,DK1,solar,125.43,60
2023-01-16T10:00:00+00:00,DK1,solar,155.95,60
2023-01-16T11:00:00+00:00,DK1,solar,173.62,60
2023-01-16T12:00:00+00:00,DK1,solar,121.75,60
2023-01-16T13:00:00+00:00,DK1,solar,76.25,60
2023-01-16T14:00:00+00:00,DK1,solar,27.09,60
2023-01-16T15:00:00+00:00,DK1,solar,5.59,60
2023-01-16T16:00:00+00:00,DK1,solar,5.7,60
2023-01-16T17:00:00+00:00,DK1,solar,10.42,60
2023-01-16T18:00:00+00:00,DK1,solar,10.42,60
2023-01-16T19:00:00+00:00,DK1,solar,5.37,60
2023-01-16T20:00:00+00:00,DK1,solar,0.42,60
2023-01-16T21:00:00+00:00,DK1,solar,0.43,60
2023-01-16T22:00:00+00:00,DK1,solar,0.43,60
2023-01-16T23:00:00+00:00,DK1,solar,0.43,60
2023-01-17T00:00:00+00:00,DK1,solar,0.43,60
2023-01-17T01:00:00+00:00,DK1,solar,0.43,60
2023-01-17T02:00:00+00:00,DK1,solar,0.42,60
2023-01-17T03:00:00+00:00,DK1,solar,0.42,60
2023-01-17T04:00:00+00:00,DK1,solar,0.43,60
2023-01-17T05:00:00+00:00,DK1,solar,0.41,60
2023-01-17T06:00:00+00:00,DK1,solar,0.43,60
2023-01-17T07:00:00+00:00,DK1,solar,4.85,60
2023-01-17T08:00:00+00:00,DK1,solar,12.41,60
2023-01-17T09:00:00+00:00,DK1,solar,32.6,60
2023-01-17T10:00:00+00:00,DK1,solar,47.06,60
2023-01-17T11:00:00+00:00,DK1,solar,72.77,60
2023-01-17T12:00:00+00:00,DK1,solar,118.45,60
2023-01-17T13:00:00+00:00,DK1,solar,95.63,60
2023-01-17T14:00:00+00:00,DK1,solar,50.87,60
2023-01-17T15:00:00+00:00,DK1,solar,10.26,60
2023-01-17T16:00:00+00:00,DK1,solar,5.33,60
2023-01-17T17:00:00+00:00,DK1,solar,5.35,60
2023-01-17T18:00:00+00:00,DK1,solar,5.35,60
2023-01-17T19:00:00+00:00,DK1,solar,5.34,60
2023-01-17T20:00:00+00:00,DK1,solar,5.33,60
2023-01-17T21:00:00+00:00,DK1,solar,5.35,60
2023-01-17T22:00:00+00:00,DK1,solar,5.35,60
2023-01-17T23:00:00+00:00,DK1,solar,5.35,60
2023-01-18T00:00:00+00:00,DK1,solar,5.35,60
2023-01-18T01:00:00+00:00,DK1,solar,5.35,60
2023-01-18T02:00:00+00:00,DK1,solar,5.19,60
2023-01-18T03:00:00+00:00,DK1,solar,0.43,60
2023-01-18T04:00:00+00:00,DK1,solar,0.43,60
2023-01-18T05:00:00+00:00,DK1,solar,0.42,60
2023-01-18T06:00:00+00:00,DK1,solar,0.45,60
2023-01-18T07:00:00+00:00,DK1,solar,1.43,60
2023-01-18T08:00:00+00:00,DK1,solar,42.89,60
2023-01-18T09:00:00+00:00,DK1,solar,131.35,60
2023-01-18T10:00:00+00:00,DK1,solar,240.66,60
2023-01-18T11:00:00+00:00,DK1,solar,273.43,60
2023-01-18T12:00:00+00:00,DK1,solar,245.93,60
2023-01-18T13:00:00+00:00,DK1,solar,175.51,60
2023-01-18T14:00:00+00:00,DK1,solar,82.24,60
2023-01-18T15:00:00+00:00,DK1,solar,4.45,60
2023-01-18T16:00:00+00:00,DK1,solar,0.41,60
2023-01-18T17:00:00+00:00,DK1,solar,0.42,60
2023-01-18T18:00:00+00:00,DK1,solar,2.09,60
2023-01-18T19:00:00+00:00,DK1,solar,0.42,60
2023-01-18T20:00:00+00:00,DK1,solar,0.42,60
2023-01-18T21:00:00+00:00,DK1,solar,2.76,60
2023-01-18T22:00:00+00:00,DK1,solar,5.36,60
2023-01-18T23:00:00+00:00,DK1,solar,5.37,60
2023-01-19T00:00:00+00:00,DK1,solar,5.2,60
2023-01-19T01:00:00+00:00,DK1,solar,0.43,60
2023-01-19T02:00:00+00:00,DK1,solar,0.43,60
2023-01-19T03:00:00+00:00,DK1,solar,0.43,60
2023-01-19T04:00:00+00:00,DK1,solar,0.43,60
2023-01-19T05:00:00+00:00,DK1,solar,0.43,60
2023-01-19T06:00:00+00:00,DK1,solar,0.42,60
2023-01-19T07:00:00+00:00,DK1,solar,0.42,60
2023-01-19T08:00:00+00:00,DK1,solar,6.94,60
2023-01-19T09:00:00+00:00,DK1,solar,34.52,60
2023-01-19T10:00:00+00:00,DK1,solar,77.61,60
2023-01-19T11:00:00+00:00,DK1,solar,125.56,60
2023-01-19T12:00:00+00:00,DK1,solar,133.09,60
2023-01-19T13:00:00+00:00,DK1,solar,81.49,60
2023-01-19T14:00:00+00:00,DK1,solar,32.97,60
2023-01-19T15:00:00+00:00,DK1,solar,2.96,60
2023-01-19T16:00:00+00:00,DK1,solar,0.4,60
2023-01-19T17:00:00+00:00,DK1,solar,0.42,60
2023-01-19T18:00:00+00:00,DK1,solar,0.43,60
2023-01-19T19:00:00+00:00,DK1,solar,0.43,60
2023-01-19T20:00:00+00:00,DK1,solar,0.43,60
2023-01-19T21:00:00+00:00,DK1,solar,0.43,60
2023-01-19T22:00:00+00:00,DK1,solar,0.43,60
2023-01-19T23:00:00+00:00,DK1,solar,0.42,60
2023-01-20T00:00:00+00:00,DK1,solar,0.42,60
2023-01-20T01:00:00+00:00,DK1,solar,0.42,60
2023-01-20T02:00:00+00:00,DK1,solar,0.42,60
2023-01-20T03:00:00+00:00,DK1,solar,0.41,60
2023-01-20T04:00:00+00:00,DK1,solar,0.42,60
2023-01-20T05:00:00+00:00,DK1,solar,0.42,60
2023-01-20T06:00:00+00:00,DK1,solar,0.41,60
2023-01-20T07:00:00+00:00,DK1,solar,1.56,60
2023-01-20T08:00:00+00:00,DK1,solar,28.11,60
2023-01-20T09:00:00+00:00,DK1,solar,79.9,60
2023-01-20T10:00:00+00:00,DK1,solar,169.15,60
2023-01-20T11:00:00+00:00,DK1,solar,281.59,60
2023-01-20T12:00:00+00:00,DK1,solar,257.73,60
2023-01-20T13:00:00+00:00,DK1,solar,186.66,60
2023-01-20T14:00:00+00:00,DK1,solar,87.32,60
2023-01-20T15:00:00+00:00,DK1,solar,8.8,60
2023-01-20T16:00:00+00:00,DK1,solar,0.38,60
2023-01-20T17:00:00+00:00,DK1,solar,0.42,60
2023-01-20T18:00:00+00:00,DK1,solar,0.42,60
2023-01-20T19:00:00+00:00,DK1,solar,0.42,60
2023-01-20T20:00:00+00:00,DK1,solar,0.42,60
2023-01-20T21:00:00+00:00,DK1,solar,0.42,60
2023-01-20T22:00:00+00:00,DK1,solar,0.43,60
2023-01-20T23:00:00+00:00,DK1,solar,0.43,60
2023-01-21T00:00:00+00:00,DK1,solar,0.42,60
2023-01-21T01:00:00+00:00,DK1,solar,0.41,60
2023-01-21T02:00:00+00:00,DK1,solar,0.42,60
2023-01-21T03:00:00+00:00,DK1,solar,0.42,60
2023-01-21T04:00:00+00:00,DK1,solar,0.42,60
2023-01-21T05:00:00+00:00,DK1,solar,0.41,60
2023-01-21T06:00:00+00:00,DK1,solar,0.42,60
2023-01-21T07:00:00+00:00,DK1,solar,3.68,60
2023-01-21T08:00:00+00:00,DK1,solar,64.85,60
2023-01-21T09:00:00+00:00,DK1,solar,198.89,60
2023-01-21T10:00:00+00:00,DK1,solar,327.62,60
2023-01-21T11:00:00+00:00,DK1,solar,371.99,60
2023-01-21T12:00:00+00:00,DK1,solar,364.47,60
2023-01-21T13:00:00+00:00,DK1,solar,257.89,60
2023-01-21T14:00:00+00:00,DK1,solar,105.38,60
2023-01-21T15:00:00+00:00,DK1,solar,9.71,60
2023-01-21T16:00:00+00:00,DK1,solar,0.41,60
2023-01-21T17:00:00+00:00,DK1,solar,0.43,60
2023-01-21T18:00:00+00:00,DK1,solar,0.43,60
2023-01-21T19:00:00+00:00,DK1,solar,0.43,60
2023-01-21T20:00:00+00:00,DK1,solar,0.43,60
2023-01-21T21:00:00+00:00,DK1,solar,0.44,60
2023-01-21T22:00:00+00:00,DK1,solar,0.44,60
2023-01-21T23:00:00+00:00,DK1,solar,0.44,60
2023-01-22T00:00:00+00:00,DK1,solar,0.42,60
2023-01-22T01:00:00+00:00,DK1,solar,0.43,60
2023-01-22T02:00:00+00:00,DK1,solar,0.43,60
2023-01-22T03:00:00+00:00,DK1,solar,0.42,60
2023-01-22T04:00:00+00:00,DK1,solar,0.42,60
2023-01-22T05:00:00+00:00,DK1,solar,0.42,60
2023-01-22T06:00:00+00:00,DK1,solar,0.42,60
2023-01-22T07:00:00+00:00,DK1,solar,1.07,60
2023-01-22T08:00:00+00:00,DK1,solar,23.65,60
2023-01-22T09:00:00+00:00,DK1,solar,65.37,60
2023-01-22T10:00:00+00:00,DK1,solar,99.36,60
2023-01-22T11:00:00+00:00,DK1,solar,114.71,60
2023-01-22T12:00:00+00:00,DK1,solar,103.3,60
2023-01-22T13:00:00+00:00,DK1,solar,70.0,60
2023-01-22T14:00:00+00:00,DK1,solar,30.36,60
2023-01-22T15:00:00+00:00,DK1,solar,3.69,60
2023-01-22T16:00:00+00:00,DK1,solar,0.4,60
2023-01-22T17:00:00+00:00,DK1,solar,0.41,60
2023-01-22T18:00:00+00:00,DK1,solar,0.42,60
2023-01-22T19:00:00+00:00,DK1,solar,0.43,60
2023-01-22T20:00:00+00:00,DK1,solar,0.43,60
2023-01-22T21:00:00+00:00,DK1,solar,0.43,60
2023-01-22T22:00:00+00:00,DK1,solar,0.43,60
2023-01-22T23:00:00+00:00,DK1,solar,0.43,60
2023-01-23T00:00:00+00:00,DK1,solar,0.43,60
2023-01-23T01:00:00+00:00,DK1,solar,0.43,60
2023-01-23T02:00:00+00:00,DK1,solar,0.43,60
2023-01-23T03:00:00+00:00,DK1,solar,0.43,60
2023-01-23T04:00:00+00:00,DK1,solar,0.43,60
2023-01-23T05:00:00+00:00,DK1,solar,0.42,60
2023-01-23T06:00:00+00:00,DK1,solar,0.42,60
2023-01-23T07:00:00+00:00,DK1,solar,2.22,60
2023-01-23T08:00:00+00:00,DK1,solar,34.87,60
2023-01-23T09:00:00+00:00,DK1,solar,99.15,60
2023-01-23T10:00:00+00:00,DK1,solar,181.04,60
2023-01-23T11:00:00+00:00,DK1,solar,239.78,60
2023-01-23T12:00:00+00:00,DK1,solar,242.78,60
2023-01-23T13:00:00+00:00,DK1,solar,161.02,60
2023-01-23T14:00:00+00:00,DK1,solar,75.16,60
2023-01-23T15:00:00+00:00,DK1,solar,10.95,60
2023-01-23T16:00:00+00:00,DK1,solar,0.69,60
2023-01-23T17:00:00+00:00,DK1,solar,0.74,60
2023-01-23T18:00:00+00:00,DK1,solar,0.74,60
2023-01-23T19:00:00+00:00,DK1,solar,0.74,60
2023-01-23T20:00:00+00:00,DK1,solar,0.73,60
2023-01-23T21:00:00+00:00,DK1,solar,0.74,60
2023-01-23T22:00:00+00:00,DK1,solar,0.74,60
2023-01-23T23:00:00+00:00,DK1,solar,0.74,60
2023-01-24T00:00:00+00:00,DK1,solar,0.73,60
2023-01-24T01:00:00+00:00,DK1,solar,0.74,60
2023-01-24T02:00:00+00:00,DK1,solar,0.73,60
2023-01-24T03:00:00+00:00,DK1,solar,0.73,60
2023-01-24T04:00:00+00:00,DK1,solar,0.73,60
2023-01-24T05:00:00+00:00,DK1,solar,0.74,60
2023-01-24T06:00:00+00:00,DK1,solar,0.74,60
2023-01-24T07:00:00+00:00,DK1,solar,5.37,60
2023-01-24T08:00:00+00:00,DK1,solar,70.53,60
2023-01-24T09:00:00+00:00,DK1,solar,183.22,60
2023-01-24T10:00:00+00:00,DK1,solar,243.49,60
2023-01-24T11:00:00+00:00,DK1,solar,247.26,60
2023-01-24T12:00:00+00:00,DK1,solar,219.14,60
2023-01-24T13:00:00+00:00,DK1,solar,144.09,60
2023-01-24T14:00:00+00:00,DK1,solar,61.65,60
2023-01-24T15:00:00+00:00,DK1,solar,10.41,60
2023-01-24T16:00:00+00:00,DK1,solar,0.7,60
2023-01-24T17:00:00+00:00,DK1,solar,0.74,60
2023-01-24T18:00:00+00:00,DK1,solar,0.74,60
2023-01-24T19:00:00+00:00,DK1,solar,0.74,60
2023-01-24T20:00:00+00:00,DK1,solar,0.74,60
2023-01-24T21:00:00+00:00,DK1,solar,0.74,60
2023-01-24T22:00:00+00:00,DK1,solar,0.74,60
2023-01-24T23:00:00+00:00,DK1,solar,0.75,60
2023-01-25T00:00:00+00:00,DK1,solar,0.75,60
2023-01-25T01:00:00+00:00,DK1,solar,0.75,60
2023-01-25T02:00:00+00:00,DK1,solar,0.75,60
2023-01-25T03:00:00+00:00,DK1,solar,0.75,60
2023-01-25T04:00:00+00:00,DK1,solar,0.75,60
2023-01-25T05:00:00+00:00,DK1,solar,0.75,60
2023-01-25T06:00:00+00:00,DK1,solar,0.74,60
2023-01-25T07:00:00+00:00,DK1,solar,1.09,60
2023-01-25T08:00:00+00:00,DK1,solar,12.91,60
2023-01-25T09:00:00+00:00,DK1,solar,25.55,60
2023-01-25T10:00:00+00:00,DK1,solar,45.27,60
2023-01-25T11:00:00+00:00,DK1,solar,67.28,60
2023-01-25T12:00:00+00:00,DK1,solar,54.43,60
2023-01-25T13:00:00+00:00,DK1,solar,32.17,60
2023-01-25T14:00:00+00:00,DK1,solar,12.59,60
2023-01-25T15:00:00+00:00,DK1,solar,1.56,60
2023-01-25T16:00:00+00:00,DK1,solar,0.73,60
2023-01-25T17:00:00+00:00,DK1,solar,0.74,60
2023-01-25T18:00:00+00:00,DK1,solar,0.74,60
2023-01-25T19:00:00+00:00,DK1,solar,0.74,60
2023-01-25T20:00:00+00:00,DK1,solar,0.74,60
2023-01-25T21:00:00+00:00,DK1,solar,0.74,60
2023-01-25T22:00:00+00:00,DK1,solar,0.74,60
2023-01-25T23:00:00+00:00,DK1,solar,0.74,60
2023-01-26T00:00:00+00:00,DK1,solar,0.74,60
2023-01-26T01:00:00+00:00,DK1,solar,0.74,60
2023-01-26T02:00:00+00:00,DK1,solar,0.74,60
2023-01-26T03:00:00+00:00,DK1,solar,0.74,60
2023-01-26T04:00:00+00:00,DK1,solar,0.74,60
2023-01-26T05:00:00+00:00,DK1,solar,0.75,60
2023-01-26T06:00:00+00:00,DK1,solar,0.75,60
2023-01-26T07:00:00+00:00,DK1,solar,6.08,60
2023-01-26T08:00:00+00:00,DK1,solar,83.21,60
2023-01-26T09:00:00+00:00,DK1,solar,242.31,60
2023-01-26T10:00:00+00:00,DK1,solar,388.43,60
2023-01-26T11:00:00+00:00,DK1,solar,441.61,60
2023-01-26T12:00:00+00:00,DK1,solar,433.25,60
2023-01-26T13:00:00+00:00,DK1,solar,345.8,60
2023-01-26T14:00:00+00:00,DK1,solar,160.15,60
2023-01-26T15:00:00+00:00,DK1,solar,20.87,60
2023-01-26T16:00:00+00:00,DK1,solar,0.46,60
2023-01-26T17:00:00+00:00,DK1,solar,0.42,60
2023-01-26T18:00:00+00:00,DK1,solar,0.43,60
2023-01-26T19:00:00+00:00,DK1,solar,0.43,60
2023-01-26T20:00:00+00:00,DK1,solar,0.42,60
2023-01-26T21:00:00+00:00,DK1,solar,0.41,60
2023-01-26T22:00:00+00:00,DK1,solar,0.41,60
2023-01-26T23:00:00+00:00,DK1,solar,4.7,60
2023-01-27T00:00:00+00:00,DK1,solar,5.42,60
2023-01-27T01:00:00+00:00,DK1,solar,5.37,60
2023-01-27T02:00:00+00:00,DK1,solar,0.69,60
2023-01-27T03:00:00+00:00,DK1,solar,0.41,60
2023-01-27T04:00:00+00:00,DK1,solar,0.43,60
2023-01-27T05:00:00+00:00,DK1,solar,0.43,60
2023-01-27T06:00:00+00:00,DK1,solar,0.43,60
2023-01-27T07:00:00+00:00,DK1,solar,10.94,60
2023-01-27T08:00:00+00:00,DK1,solar,93.43,60
2023-01-27T09:00:00+00:00,DK1,solar,243.21,60
2023-01-27T10:00:00+00:00,DK1,solar,399.64,60
2023-01-27T11:00:00+00:00,DK1,solar,480.39,60
2023-01-27T12:00:00+00:00,DK1,solar,453.77,60
2023-01-27T13:00:00+00:00,DK1,solar,371.29,60
2023-01-27T14:00:00+00:00,DK1,solar,179.06,60
2023-01-27T15:00:00+00:00,DK1,solar,27.62,60
2023-01-27T16:00:00+00:00,DK1,solar,0.49,60
2023-01-27T17:00:00+00:00,DK1,solar,0.43,60
2023-01-27T18:00:00+00:00,DK1,solar,0.43,60
2023-01-27T19:00:00+00:00,DK1,solar,0.43,60
2023-01-27T20:00:00+00:00,DK1,solar,0.43,60
2023-01-27T21:00:00+00:00,DK1,solar,0.43,60
2023-01-27T22:00:00+00:00,DK1,solar,0.43,60
2023-01-27T23:00:00+00:00,DK1,solar,0.42,60
2023-01-28T00:00:00+00:00,DK1,solar,0.41,60
2023-01-28T01:00:00+00:00,DK1,solar,0.42,60
2023-01-28T02:00:00+00:00,DK1,solar,0.42,60
2023-01-28T03:00:00+00:00,DK1,solar,0.42,60
2023-01-28T04:00:00+00:00,DK1,solar,0.42,60
2023-01-28T05:00:00+00:00,DK1,solar,0.42,60
2023-01-28T06:00:00+00:00,DK1,solar,0.42,60
2023-01-28T07:00:00+00:00,DK1,solar,3.51,60
2023-01-28T08:00:00+00:00,DK1,solar,39.64,60
2023-01-28T09:00:00+00:00,DK1,solar,96.45,60
2023-01-28T10:00:00+00:00,DK1,solar,168.65,60
2023-01-28T11:00:00+00:00,DK1,solar,176.29,60
2023-01-28T12:00:00+00:00,DK1,solar,186.76,60
2023-01-28T13:00:00+00:00,DK1,solar,158.57,60
2023-01-28T14:00:00+00:00,DK1,solar,95.92,60
2023-01-28T15:00:00+00:00,DK1,solar,22.04,60
2023-01-28T16:00:00+00:00,DK1,solar,0.4,60
2023-01-28T17:00:00+00:00,DK1,solar,0.43,60
2023-01-28T18:00:00+00:00,DK1,solar,0.42,60
2023-01-28T19:00:00+00:00,DK1,solar,0.41,60
2023-01-28T20:00:00+00:00,DK1,solar,0.42,60
2023-01-28T21:00:00+00:00,DK1,solar,0.42,60
2023-01-28T22:00:00+00:00,DK1,solar,0.42,60
2023-01-28T23:00:00+00:00,DK1,solar,4.68,60
2023-01-29T00:00:00+00:00,DK1,solar,5.39,60
2023-01-29T01:00:00+00:00,DK1,solar,5.39,60
2023-01-29T02:00:00+00:00,DK1,solar,5.39,60
2023-01-29T03:00:00+00:00,DK1,solar,5.37,60
2023-01-29T04:00:00+00:00,DK1,solar,0.69,60
2023-01-29T05:00:00+00:00,DK1,solar,0.42,60
2023-01-29T06:00:00+00:00,DK1,solar,0.42,60
2023-01-29T07:00:00+00:00,DK1,solar,5.95,60
2023-01-29T08:00:00+00:00,DK1,solar,51.93,60
2023-01-29T09:00:00+00:00,DK1,solar,126.44,60
2023-01-29T10:00:00+00:00,DK1,solar,180.5,60
2023-01-29T11:00:00+00:00,DK1,solar,168.74,60
2023-01-29T12:00:00+00:00,DK1,solar,122.67,60
2023-01-29T13:00:00+00:00,DK1,solar,72.65,60
2023-01-29T14:00:00+00:00,DK1,solar,36.3,60
2023-01-29T15:00:00+00:00,DK1,solar,12.39,60
2023-01-29T16:00:00+00:00,DK1,solar,5.28,60
2023-01-29T17:00:00+00:00,DK1,solar,0.69,60
2023-01-29T18:00:00+00:00,DK1,solar,0.43,60
2023-01-29T19:00:00+00:00,DK1,solar,0.43,60
2023-01-29T20:00:00+00:00,DK1,solar,0.43,60
2023-01-29T21:00:00+00:00,DK1,solar,0.42,60
2023-01-29T22:00:00+00:00,DK1,solar,0.42,60
2023-01-29T23:00:00+00:00,DK1,solar,0.42,60
2023-01-30T00:00:00+00:00,DK1,solar,0.42,60
2023-01-30T01:00:00+00:00,DK1,solar,0.42,60
2023-01-30T02:00:00+00:00,DK1,solar,0.42,60
2023-01-30T03:00:00+00:00,DK1,solar,0.44,60
2023-01-30T04:00:00+00:00,DK1,solar,0.42,60
2023-01-30T05:00:00+00:00,DK1,solar,0.5,60
2023-01-30T06:00:00+00:00,DK1,solar,2.54,60
2023-01-30T07:00:00+00:00,DK1,solar,10.66,60
2023-01-30T08:00:00+00:00,DK1,solar,66.19,60
2023-01-30T09:00:00+00:00,DK1,solar,208.42,60
2023-01-30T10:00:00+00:00,DK1,solar,343.29,60
2023-01-30T11:00:00+00:00,DK1,solar,395.81,60
2023-01-30T12:00:00+00:00,DK1,solar,421.79,60
2023-01-30T13:00:00+00:00,DK1,solar,360.27,60
2023-01-30T14:00:00+00:00,DK1,solar,177.02,60
2023-01-30T15:00:00+00:00,DK1,solar,33.12,60
2023-01-30T16:00:00+00:00,DK1,solar,5.38,60
2023-01-30T17:00:00+00:00,DK1,solar,5.34,60
2023-01-30T18:00:00+00:00,DK1,solar,5.34,60
2023-01-30T19:00:00+00:00,DK1,solar,5.35,60
2023-01-30T20:00:00+00:00,DK1,solar,5.38,60
2023-01-30T21:00:00+00:00,DK1,solar,1.51,60
2023-01-30T22:00:00+00:00,DK1,solar,4.79,60
2023-01-30T23:00:00+00:00,DK1,solar,5.31,60
2023-01-31T00:00:00+00:00,DK1,solar,5.31,60
2023-01-31T01:00:00+00:00,DK1,solar,0.69,60
2023-01-31T02:00:00+00:00,DK1,solar,0.42,60
2023-01-31T03:00:00+00:00,DK1,solar,0.43,60
2023-01-31T04:00:00+00:00,DK1,solar,0.43,60
2023-01-31T05:00:00+00:00,DK1,solar,0.43,60
2023-01-31T06:00:00+00:00,DK1,solar,0.43,60
2023-01-31T07:00:00+00:00,DK1,solar,2.13,60
2023-01-31T08:00:00+00:00,DK1,solar,22.54,60
2023-01-31T09:00:00+00:00,DK1,solar,53.65,60
2023-01-31T10:00:00+00:00,DK1,solar,83.43,60
2023-01-31T11:00:00+00:00,DK1,solar,127.16,60
2023-01-31T12:00:00+00:00,DK1,solar,131.13,60
2023-01-31T13:00:00+00:00,DK1,solar,71.38,60
2023-01-31T14:00:00+00:00,DK1,solar,57.35,60
2023-01-31T15:00:00+00:00,DK1,solar,14.15,60
2023-01-31T16:00:00+00:00,DK1,solar,4.9,60
2023-01-31T17:00:00+00:00,DK1,solar,0.5,60
2023-01-31T18:00:00+00:00,DK1,solar,5.13,60
2023-01-31T19:00:00+00:00,DK1,solar,0.76,60
2023-01-31T20:00:00+00:00,DK1,solar,5.11,60
2023-01-31T21:00:00+00:00,DK1,solar,5.41,60
2023-01-31T22:00:00+00:00,DK1,solar,0.69,60
2023-01-31T23:00:00+00:00,DK1,solar,0.43,60
2023-02-01T00:00:00+00:00,DK1,solar,0.43,60
2023-02-01T01:00:00+00:00,DK1,solar,0.43,60
2023-02-01T02:00:00+00:00,DK1,solar,0.43,60
2023-02-01T03:00:00+00:00,DK1,solar,0.43,60
2023-02-01T04:00:00+00:00,DK1,solar,0.43,60
2023-02-01T05:00:00+00:00,DK1,solar,0.42,60
2023-02-01T06:00:00+00:00,DK1,solar,0.42,60
2023-02-01T07:00:00+00:00,DK1,solar,7.82,60
2023-02-01T08:00:00+00:00,DK1,solar,62.29,60
2023-02-01T09:00:00+00:00,DK1,solar,143.76,60
2023-02-01T10:00:00+00:00,DK1,solar,216.35,60
2023-02-01T11:00:00+00:00,DK1,solar,170.72,60
2023-02-01T12:00:00+00:00,DK1,solar,151.84,60
2023-02-01T13:00:00+00:00,DK1,solar,146.69,60
2023-02-01T14:00:00+00:00,DK1,solar,85.24,60
2023-02-01T15:00:00+00:00,DK1,solar,20.31,60
2023-02-01T16:00:00+00:00,DK1,solar,2.8,60
2023-02-01T17:00:00+00:00,DK1,solar,0.44,60
2023-02-01T18:00:00+00:00,DK1,solar,0.51,60
2023-02-01T19:00:00+00:00,DK1,solar,5.15,60
2023-02-01T20:00:00+00:00,DK1,solar,0.69,60
2023-02-01T21:00:00+00:00,DK1,solar,0.43,60
2023-02-01T22:00:00+00:00,DK1,solar,0.43,60
2023-02-01T23:00:00+00:00,DK1,solar,0.43,60
2023-02-02T00:00:00+00:00,DK1,solar,0.43,60
2023-02-02T01:00:00+00:00,DK1,solar,0.43,60
2023-02-02T02:00:00+00:00,DK1,solar,0.42,60
2023-02-02T03:00:00+00:00,DK1,solar,0.42,60
2023-02-02T04:00:00+00:00,DK1,solar,0.42,60
2023-02-02T05:00:00+00:00,DK1,solar,0.42,60
2023-02-02T06:00:00+00:00,DK1,solar,1.92,60
2023-02-02T07:00:00+00:00,DK1,solar,20.17,60
2023-02-02T08:00:00+00:00,DK1,solar,167.05,60
2023-02-02T09:00:00+00:00,DK1,solar,346.78,60
2023-02-02T10:00:00+00:00,DK1,solar,476.46,60
2023-02-02T11:00:00+00:00,DK1,solar,521.47,60
2023-02-02T12:00:00+00:00,DK1,solar,460.0,60
2023-02-02T13:00:00+00:00,DK1,solar,276.57,60
2023-02-02T14:00:00+00:00,DK1,solar,120.24,60
2023-02-02T15:00:00+00:00,DK1,solar,29.4,60
2023-02-02T16:00:00+00:00,DK1,solar,0.43,60
2023-02-02T17:00:00+00:00,DK1,solar,0.41,60
2023-02-02T18:00:00+00:00,DK1,solar,0.41,60
2023-02-02T19:00:00+00:00,DK1,solar,0.42,60
2023-02-02T20:00:00+00:00,DK1,solar,0.42,60
2023-02-02T21:00:00+00:00,DK1,solar,4.83,60
2023-02-02T22:00:00+00:00,DK1,solar,5.38,60
2023-02-02T23:00:00+00:00,DK1,solar,5.38,60
2023-02-03T00:00:00+00:00,DK1,solar,5.22,60
2023-02-03T01:00:00+00:00,DK1,solar,0.44,60
2023-02-03T02:00:00+00:00,DK1,solar,0.43,60
2023-02-03T03:00:00+00:00,DK1,solar,4.81,60
2023-02-03T04:00:00+00:00,DK1,solar,5.34,60
2023-02-03T05:00:00+00:00,DK1,solar,5.4,60
2023-02-03T06:00:00+00:00,DK1,solar,0.69,60
2023-02-03T07:00:00+00:00,DK1,solar,10.34,60
2023-02-03T08:00:00+00:00,DK1,solar,69.98,60
2023-02-03T09:00:00+00:00,DK1,solar,139.05,60
2023-02-03T10:00:00+00:00,DK1,solar,168.18,60
2023-02-03T11:00:00+00:00,DK1,solar,145.01,60
2023-02-03T12:00:00+00:00,DK1,solar,138.54,60
2023-02-03T13:00:00+00:00,DK1,solar,114.43,60
2023-02-03T14:00:00+00:00,DK1,solar,57.45,60
2023-02-03T15:00:00+00:00,DK1,solar,17.01,60
2023-02-03T16:00:00+00:00,DK1,solar,0.37,60
2023-02-03T17:00:00+00:00,DK1,solar,4.82,60
2023-02-03T18:00:00+00:00,DK1,solar,5.2,60
2023-02-03T19:00:00+00:00,DK1,solar,0.43,60
2023-02-03T20:00:00+00:00,DK1,solar,0.42,60
2023-02-03T21:00:00+00:00,DK1,solar,4.63,60
2023-02-03T22:00:00+00:00,DK1,solar,0.44,60
2023-02-03T23:00:00+00:00,DK1,solar,0.42,60
2023-02-04T00:00:00+00:00,DK1,solar,0.42,60
2023-02-04T01:00:00+00:00,DK1,solar,0.42,60
2023-02-04T02:00:00+00:00,DK1,solar,0.42,60
2023-02-04T03:00:00+00:00,DK1,solar,0.42,60
2023-02-04T04:00:00+00:00,DK1,solar,0.42,60
2023-02-04T05:00:00+00:00,DK1,solar,0.42,60
2023-02-04T06:00:00+00:00,DK1,solar,0.43,60
2023-02-04T07:00:00+00:00,DK1,solar,26.2,60
2023-02-04T08:00:00+00:00,DK1,solar,158.82,60
2023-02-04T09:00:00+00:00,DK1,solar,305.93,60
2023-02-04T10:00:00+00:00,DK1,solar,364.8,60
2023-02-04T11:00:00+00:00,DK1,solar,440.49,60
2023-02-04T12:00:00+00:00,DK1,solar,450.3,60
2023-02-04T13:00:00+00:00,DK1,solar,313.61,60
2023-02-04T14:00:00+00:00,DK1,solar,174.2,60
2023-02-04T15:00:00+00:00,DK1,solar,40.66,60
2023-02-04T16:00:00+00:00,DK1,solar,0.69,60
2023-02-04T17:00:00+00:00,DK1,solar,0.43,60
2023-02-04T18:00:00+00:00,DK1,solar,0.42,60
2023-02-04T19:00:00+00:00,DK1,solar,0.42,60
2023-02-04T20:00:00+00:00,DK1,solar,0.43,60
2023-02-04T21:00:00+00:00,DK1,solar,0.43,60
2023-02-04T22:00:00+00:00,DK1,solar,0.42,60
2023-02-04T23:00:00+00:00,DK1,solar,0.43,60
2023-02-05T00:00:00+00:00,DK1,solar,4.82,60
2023-02-05T01:00:00+00:00,DK1,solar,5.35,60
2023-02-05T02:00:00+00:00,DK1,solar,5.35,60
2023-02-05T03:00:00+00:00,DK1,solar,5.36,60
2023-02-05T04:00:00+00:00,DK1,solar,5.36,60
2023-02-05T05:00:00+00:00,DK1,solar,5.2,60
2023-02-05T06:00:00+00:00,DK1,solar,0.43,60
2023-02-05T07:00:00+00:00,DK1,solar,4.61,60
2023-02-05T08:00:00+00:00,DK1,solar,43.12,60
2023-02-05T09:00:00+00:00,DK1,solar,190.56,60
2023-02-05T10:00:00+00:00,DK1,solar,319.52,60
2023-02-05T11:00:00+00:00,DK1,solar,456.33,60
2023-02-05T12:00:00+00:00,DK1,solar,474.26,60
2023-02-05T13:00:00+00:00,DK1,solar,383.25,60
2023-02-05T14:00:00+00:00,DK1,solar,203.25,60
2023-02-05T15:00:00+00:00,DK1,solar,51.34,60
2023-02-05T16:00:00+00:00,DK1,solar,1.36,60
2023-02-05T17:00:00+00:00,DK1,solar,0.43,60
2023-02-05T18:00:00+00:00,DK1,solar,0.43,60
2023-02-05T19:00:00+00:00,DK1,solar,0.42,60
2023-02-05T20:00:00+00:00,DK1,solar,0.43,60
2023-02-05T21:00:00+00:00,DK1,solar,0.43,60
2023-02-05T22:00:00+00:00,DK1,solar,0.43,60
2023-02-05T23:00:00+00:00,DK1,solar,0.43,60
2023-02-06T00:00:00+00:00,DK1,solar,0.43,60
2023-02-06T01:00:00+00:00,DK1,solar,0.43,60
2023-02-06T02:00:00+00:00,DK1,solar,0.44,60
2023-02-06T03:00:00+00:00,DK1,solar,0.44,60
2023-02-06T04:00:00+00:00,DK1,solar,0.43,60
2023-02-06T05:00:00+00:00,DK1,solar,0.43,60
2023-02-06T06:00:00+00:00,DK1,solar,0.47,60
2023-02-06T07:00:00+00:00,DK1,solar,18.52,60
2023-02-06T08:00:00+00:00,DK1,solar,110.14,60
2023-02-06T09:00:00+00:00,DK1,solar,231.02,60
2023-02-06T10:00:00+00:00,DK1,solar,334.74,60
2023-02-06T11:00:00+00:00,DK1,solar,319.36,60
2023-02-06T12:00:00+00:00,DK1,solar,307.6,60
2023-02-06T13:00:00+00:00,DK1,solar,233.29,60
2023-02-06T14:00:00+00:00,DK1,solar,118.82,60
2023-02-06T15:00:00+00:00,DK1,solar,36.54,60
2023-02-06T16:00:00+00:00,DK1,solar,1.08,60
2023-02-06T17:00:00+00:00,DK1,solar,0.43,60
2023-02-06T18:00:00+00:00,DK1,solar,0.43,60
2023-02-06T19:00:00+00:00,DK1,solar,0.42,60
2023-02-06T20:00:00+00:00,DK1,solar,0.42,60
2023-02-06T21:00:00+00:00,DK1,solar,0.43,60
2023-02-06T22:00:00+00:00,DK1,solar,0.42,60
2023-02-06T23:00:00+00:00,DK1,solar,0.43,60
2023-02-07T00:00:00+00:00,DK1,solar,0.43,60
2023-02-07T01:00:00+00:00,DK1,solar,0.43,60
2023-02-07T02:00:00+00:00,DK1,solar,0.43,60
2023-02-07T03:00:00+00:00,DK1,solar,0.42,60
2023-02-07T04:00:00+00:00,DK1,solar,0.42,60
2023-02-07T05:00:00+00:00,DK1,solar,0.42,60
2023-02-07T06:00:00+00:00,DK1,solar,0.42,60
2023-02-07T07:00:00+00:00,DK1,solar,17.39,60
2023-02-07T08:00:00+00:00,DK1,solar,97.41,60
2023-02-07T09:00:00+00:00,DK1,solar,219.15,60
2023-02-07T10:00:00+00:00,DK1,solar,331.94,60
2023-02-07T11:00:00+00:00,DK1,solar,411.41,60
2023-02-07T12:00:00+00:00,DK1,solar,384.1,60
2023-02-07T13:00:00+00:00,DK1,solar,279.13,60
2023-02-07T14:00:00+00:00,DK1,solar,147.89,60
2023-02-07T15:00:00+00:00,DK1,solar,38.91,60
2023-02-07T16:00:00+00:00,DK1,solar,1.34,60
2023-02-07T17:00:00+00:00,DK1,solar,0.42,60
2023-02-07T18:00:00+00:00,DK1,solar,0.43,60
2023-02-07T19:00:00+00:00,DK1,solar,0.43,60
2023-02-07T20:00:00+00:00,DK1,solar,0.43,60
2023-02-07T21:00:00+00:00,DK1,solar,0.43,60
2023-02-07T22:00:00+00:00,DK1,solar,0.43,60
2023-02-07T23:00:00+00:00,DK1,solar,0.44,60
2023-02-08T00:00:00+00:00,DK1,solar,0.44,60
2023-02-08T01:00:00+00:00,DK1,solar,0.44,60
2023-02-08T02:00:00+00:00,DK1,solar,0.44,60
2023-02-08T03:00:00+00:00,DK1,solar,0.44,60
2023-02-08T04:00:00+00:00,DK1,solar,0.44,60
2023-02-08T05:00:00+00:00,DK1,solar,0.44,60
2023-02-08T06:00:00+00:00,DK1,solar,0.43,60
2023-02-08T07:00:00+00:00,DK1,solar,29.26,60
2023-02-08T08:00:00+00:00,DK1,solar,140.16,60
2023-02-08T09:00:00+00:00,DK1,solar,290.27,60
2023-02-08T10:00:00+00:00,DK1,solar,494.25,60
2023-02-08T11:00:00+00:00,DK1,solar,483.97,60
2023-02-08T12:00:00+00:00,DK1,solar,449.73,60
2023-02-08T13:00:00+00:00,DK1,solar,368.36,60
2023-02-08T14:00:00+00:00,DK1,solar,228.53,60
2023-02-08T15:00:00+00:00,DK1,solar,69.59,60
2023-02-08T16:00:00+00:00,DK1,solar,1.86,60
2023-02-08T17:00:00+00:00,DK1,solar,0.42,60
2023-02-08T18:00:00+00:00,DK1,solar,0.5,60
2023-02-08T19:00:00+00:00,DK1,solar,9.39,60
2023-02-08T20:00:00+00:00,DK1,solar,5.52,60
2023-02-08T21:00:00+00:00,DK1,solar,5.35,60
2023-02-08T22:00:00+00:00,DK1,solar,5.42,60
2023-02-08T23:00:00+00:00,DK1,solar,5.41,60
2023-02-09T00:00:00+00:00,DK1,solar,5.41,60
2023-02-09T01:00:00+00:00,DK1,solar,5.41,60
2023-02-09T02:00:00+00:00,DK1,solar,5.41,60
2023-02-09T03:00:00+00:00,DK1,solar,5.41,60
2023-02-09T04:00:00+00:00,DK1,solar,5.41,60
2023-02-09T05:00:00+00:00,DK1,solar,5.41,60
2023-02-09T06:00:00+00:00,DK1,solar,5.48,60
2023-02-09T07:00:00+00:00,DK1,solar,15.75,60
2023-02-09T08:00:00+00:00,DK1,solar,57.8,60
2023-02-09T09:00:00+00:00,DK1,solar,128.4,60
2023-02-09T10:00:00+00:00,DK1,solar,307.73,60
2023-02-09T11:00:00+00:00,DK1,solar,370.25,60
2023-02-09T12:00:00+00:00,DK1,solar,429.28,60
2023-02-09T13:00:00+00:00,DK1,solar,334.23,60
2023-02-09T14:00:00+00:00,DK1,solar,195.1,60
2023-02-09T15:00:00+00:00,DK1,solar,46.67,60
2023-02-09T16:00:00+00:00,DK1,solar,1.41,60
2023-02-09T17:00:00+00:00,DK1,solar,0.43,60
2023-02-09T18:00:00+00:00,DK1,solar,0.43,60
2023-02-09T19:00:00+00:00,DK1,solar,0.43,60
2023-02-09T20:00:00+00:00,DK1,solar,0.43,60
2023-02-09T21:00:00+00:00,DK1,solar,0.43,60
2023-02-09T22:00:00+00:00,DK1,solar,0.44,60
2023-02-09T23:00:00+00:00,DK1,solar,0.43,60
2023-02-10T00:00:00+00:00,DK1,solar,0.43,60
2023-02-10T01:00:00+00:00,DK1,solar,0.43,60
2023-02-10T02:00:00+00:00,DK1,solar,0.43,60
2023-02-10T03:00:00+00:00,DK1,solar,4.83,60
2023-02-10T04:00:00+00:00,DK1,solar,5.36,60
2023-02-10T05:00:00+00:00,DK1,solar,5.36,60
2023-02-10T06:00:00+00:00,DK1,solar,5.42,60
2023-02-10T07:00:00+00:00,DK1,solar,45.93,60
2023-02-10T08:00:00+00:00,DK1,solar,168.01,60
2023-02-10T09:00:00+00:00,DK1,solar,250.26,60
2023-02-10T10:00:00+00:00,DK1,solar,259.82,60
2023-02-10T11:00:00+00:00,DK1,solar,236.62,60
2023-02-10T12:00:00+00:00,DK1,solar,196.59,60
2023-02-10T13:00:00+00:00,DK1,solar,139.88,60
2023-02-10T14:00:00+00:00,DK1,solar,69.72,60
2023-02-10T15:00:00+00:00,DK1,solar,18.33,60
2023-02-10T16:00:00+00:00,DK1,solar,0.8,60
2023-02-10T17:00:00+00:00,DK1,solar,0.43,60
2023-02-10T18:00:00+00:00,DK1,solar,0.43,60
2023-02-10T19:00:00+00:00,DK1,solar,0.43,60
2023-02-10T20:00:00+00:00,DK1,solar,0.43,60
2023-02-10T21:00:00+00:00,DK1,solar,0.44,60
2023-02-10T22:00:00+00:00,DK1,solar,0.43,60
2023-02-10T23:00:00+00:00,DK1,solar,1.87,60
2023-02-11T00:00:00+00:00,DK1,solar,2.34,60
2023-02-11T01:00:00+00:00,DK1,solar,0.53,60
2023-02-11T02:00:00+00:00,DK1,solar,0.43,60
2023-02-11T03:00:00+00:00,DK1,solar,0.43,60
2023-02-11T04:00:00+00:00,DK1,solar,0.43,60
2023-02-11T05:00:00+00:00,DK1,solar,0.43,60
2023-02-11T06:00:00+00:00,DK1,solar,0.9,60
2023-02-11T07:00:00+00:00,DK1,solar,30.25,60
2023-02-11T08:00:00+00:00,DK1,solar,111.48,60
2023-02-11T09:00:00+00:00,DK1,solar,207.05,60
2023-02-11T10:00:00+00:00,DK1,solar,300.93,60
2023-02-11T11:00:00+00:00,DK1,solar,318.17,60
2023-02-11T12:00:00+00:00,DK1,solar,298.57,60
2023-02-11T13:00:00+00:00,DK1,solar,310.79,60
2023-02-11T14:00:00+00:00,DK1,solar,231.47,60
2023-02-11T15:00:00+00:00,DK1,solar,79.7,60
2023-02-11T16:00:00+00:00,DK1,solar,3.67,60
2023-02-11T17:00:00+00:00,DK1,solar,0.42,60
2023-02-11T18:00:00+00:00,DK1,solar,0.43,60
2023-02-11T19:00:00+00:00,DK1,solar,0.43,60
2023-02-11T20:00:00+00:00,DK1,solar,0.43,60
2023-02-11T21:00:00+00:00,DK1,solar,0.43,60
2023-02-11T22:00:00+00:00,DK1,solar,0.42,60
2023-02-11T23:00:00+00:00,DK1,solar,0.43,60
2023-02-12T00:00:00+00:00,DK1,solar,0.43,60
2023-02-12T01:00:00+00:00,DK1,solar,0.42,60
2023-02-12T02:00:00+00:00,DK1,solar,0.43,60
2023-02-12T03:00:00+00:00,DK1,solar,0.42,60
2023-02-12T04:00:00+00:00,DK1,solar,0.43,60
2023-02-12T05:00:00+00:00,DK1,solar,0.43,60
2023-02-12T06:00:00+00:00,DK1,solar,0.52,60
2023-02-12T07:00:00+00:00,DK1,solar,25.75,60
2023-02-12T08:00:00+00:00,DK1,solar,92.08,60
2023-02-12T09:00:00+00:00,DK1,solar,174.93,60
2023-02-12T10:00:00+00:00,DK1,solar,218.23,60
2023-02-12T11:00:00+00:00,DK1,solar,231.14,60
2023-02-12T12:00:00+00:00,DK1,solar,202.99,60
2023-02-12T13:00:00+00:00,DK1,solar,151.94,60
2023-02-12T14:00:00+00:00,DK1,solar,84.3,60
2023-02-12T15:00:00+00:00,DK1,solar,26.53,60
2023-02-12T16:00:00+00:00,DK1,solar,1.97,60
2023-02-12T17:00:00+00:00,DK1,solar,0.4,60
2023-02-12T18:00:00+00:00,DK1,solar,0.42,60
2023-02-12T19:00:00+00:00,DK1,solar,0.42,60
2023-02-12T20:00:00+00:00,DK1,solar,0.42,60
2023-02-12T21:00:00+00:00,DK1,solar,0.43,60
2023-02-12T22:00:00+00:00,DK1,solar,0.43,60
2023-02-12T23:00:00+00:00,DK1,solar,0.43,60
2023-02-13T00:00:00+00:00,DK1,solar,0.43,60
2023-02-13T01:00:00+00:00,DK1,solar,0.43,60
2023-02-13T02:00:00+00:00,DK1,solar,0.43,60
2023-02-13T03:00:00+00:00,DK1,solar,0.42,60
2023-02-13T04:00:00+00:00,DK1,solar,0.42,60
2023-02-13T05:00:00+00:00,DK1,solar,0.43,60
2023-02-13T06:00:00+00:00,DK1,solar,0.62,60
2023-02-13T07:00:00+00:00,DK1,solar,29.79,60
2023-02-13T08:00:00+00:00,DK1,solar,122.2,60
2023-02-13T09:00:00+00:00,DK1,solar,242.57,60
2023-02-13T10:00:00+00:00,DK1,solar,346.33,60
2023-02-13T11:00:00+00:00,DK1,solar,333.03,60
2023-02-13T12:00:00+00:00,DK1,solar,251.45,60
2023-02-13T13:00:00+00:00,DK1,solar,197.51,60
2023-02-13T14:00:00+00:00,DK1,solar,140.83,60
2023-02-13T15:00:00+00:00,DK1,solar,51.45,60
2023-02-13T16:00:00+00:00,DK1,solar,3.19,60
2023-02-13T17:00:00+00:00,DK1,solar,0.42,60
2023-02-13T18:00:00+00:00,DK1,solar,0.42,60
2023-02-13T19:00:00+00:00,DK1,solar,0.42,60
2023-02-13T20:00:00+00:00,DK1,solar,0.42,60
2023-02-13T21:00:00+00:00,DK1,solar,0.42,60
2023-02-13T22:00:00+00:00,DK1,solar,0.43,60
2023-02-13T23:00:00+00:00,DK1,solar,0.43,60
2023-02-14T00:00:00+00:00,DK1,solar,0.43,60
2023-02-14T01:00:00+00:00,DK1,solar,0.43,60
2023-02-14T02:00:00+00:00,DK1,solar,0.43,60
2023-02-14T03:00:00+00:00,DK1,solar,0.43,60
2023-02-14T04:00:00+00:00,DK1,solar,0.43,60
2023-02-14T05:00:00+00:00,DK1,solar,0.43,60
2023-02-14T06:00:00+00:00,DK1,solar,0.43,60
2023-02-14T07:00:00+00:00,DK1,solar,5.42,60
2023-02-14T08:00:00+00:00,DK1,solar,32.12,60
2023-02-14T09:00:00+00:00,DK1,solar,68.23,60
2023-02-14T10:00:00+00:00,DK1,solar,114.78,60
2023-02-14T11:00:00+00:00,DK1,solar,143.57,60
2023-02-14T12:00:00+00:00,DK1,solar,161.69,60
2023-02-14T13:00:00+00:00,DK1,solar,142.75,60
2023-02-14T14:00:00+00:00,DK1,solar,91.65,60
2023-02-14T15:00:00+00:00,DK1,solar,34.03,60
2023-02-14T16:00:00+00:00,DK1,solar,2.38,60
2023-02-14T17:00:00+00:00,DK1,solar,0.42,60
2023-02-14T18:00:00+00:00,DK1,solar,0.43,60
2023-02-14T19:00:00+00:00,DK1,solar,0.42,60
2023-02-14T20:00:00+00:00,DK1,solar,0.42,60
2023-02-14T21:00:00+00:00,DK1,solar,0.43,60
2023-02-14T22:00:00+00:00,DK1,solar,0.43,60
2023-02-14T23:00:00+00:00,DK1,solar,0.43,60
2023-02-15T00:00:00+00:00,DK1,solar,0.43,60
2023-02-15T01:00:00+00:00,DK1,solar,0.43,60
2023-02-15T02:00:00+00:00,DK1,solar,0.44,60
2023-02-15T03:00:00+00:00,DK1,solar,0.43,60
2023-02-15T04:00:00+00:00,DK1,solar,0.43,60
2023-02-15T05:00:00+00:00,DK1,solar,0.42,60
2023-02-15T06:00:00+00:00,DK1,solar,0.46,60
2023-02-15T07:00:00+00:00,DK1,solar,13.22,60
2023-02-15T08:00:00+00:00,DK1,solar,53.35,60
2023-02-15T09:00:00+00:00,DK1,solar,94.99,60
2023-02-15T10:00:00+00:00,DK1,solar,127.11,60
2023-02-15T11:00:00+00:00,DK1,solar,143.67,60
2023-02-15T12:00:00+00:00,DK1,solar,130.45,60
2023-02-15T13:00:00+00:00,DK1,solar,93.93,60
2023-02-15T14:00:00+00:00,DK1,solar,62.85,60
2023-02-15T15:00:00+00:00,DK1,solar,25.04,60
2023-02-15T16:00:00+00:00,DK1,solar,1.46,60
2023-02-15T17:00:00+00:00,DK1,solar,0.43,60
2023-02-15T18:00:00+00:00,DK1,solar,0.43,60
2023-02-15T19:00:00+00:00,DK1,solar,0.42,60
2023-02-15T20:00:00+00:00,DK1,solar,0.43,60
2023-02-15T21:00:00+00:00,DK1,solar,0.43,60
2023-02-15T22:00:00+00:00,DK1,solar,0.43,60
2023-02-15T23:00:00+00:00,DK1,solar,0.43,60
2023-02-16T00:00:00+00:00,DK1,solar,0.44,60
2023-02-16T01:00:00+00:00,DK1,solar,0.44,60
2023-02-16T02:00:00+00:00,DK1,solar,0.44,60
2023-02-16T03:00:00+00:00,DK1,solar,0.44,60
2023-02-16T04:00:00+00:00,DK1,solar,0.44,60
2023-02-16T05:00:00+00:00,DK1,solar,0.43,60
2023-02-16T06:00:00+00:00,DK1,solar,0.51,60
2023-02-16T07:00:00+00:00,DK1,solar,15.3,60
2023-02-16T08:00:00+00:00,DK1,solar,70.27,60
2023-02-16T09:00:00+00:00,DK1,solar,144.2,60
2023-02-16T10:00:00+00:00,DK1,solar,218.02,60
2023-02-16T11:00:00+00:00,DK1,solar,228.52,60
2023-02-16T12:00:00+00:00,DK1,solar,202.83,60
2023-02-16T13:00:00+00:00,DK1,solar,242.4,60
2023-02-16T14:00:00+00:00,DK1,solar,266.73,60
2023-02-16T15:00:00+00:00,DK1,solar,109.98,60
2023-02-16T16:00:00+00:00,DK1,solar,5.36,60
2023-02-16T17:00:00+00:00,DK1,solar,0.48,60
2023-02-16T18:00:00+00:00,DK1,solar,0.48,60
2023-02-16T19:00:00+00:00,DK1,solar,0.48,60
2023-02-16T20:00:00+00:00,DK1,solar,0.48,60
2023-02-16T21:00:00+00:00,DK1,solar,0.48,60
2023-02-16T22:00:00+00:00,DK1,solar,4.89,60
2023-02-16T23:00:00+00:00,DK1,solar,5.43,60
2023-02-17T00:00:00+00:00,DK1,solar,5.43,60
2023-02-17T01:00:00+00:00,DK1,solar,5.43,60
2023-02-17T02:00:00+00:00,DK1,solar,5.43,60
2023-02-17T03:00:00+00:00,DK1,solar,5.43,60
2023-02-17T04:00:00+00:00,DK1,solar,5.44,60
2023-02-17T05:00:00+00:00,DK1,solar,5.43,60
2023-02-17T06:00:00+00:00,DK1,solar,5.38,60
2023-02-17T07:00:00+00:00,DK1,solar,8.28,60
2023-02-17T08:00:00+00:00,DK1,solar,22.91,60
2023-02-17T09:00:00+00:00,DK1,solar,43.46,60
2023-02-17T10:00:00+00:00,DK1,solar,114.2,60
2023-02-17T11:00:00+00:00,DK1,solar,206.3,60
2023-02-17T12:00:00+00:00,DK1,solar,264.08,60
2023-02-17T13:00:00+00:00,DK1,solar,171.67,60
2023-02-17T14:00:00+00:00,DK1,solar,102.98,60
2023-02-17T15:00:00+00:00,DK1,solar,36.15,60
2023-02-17T16:00:00+00:00,DK1,solar,3.4,60
2023-02-17T17:00:00+00:00,DK1,solar,0.43,60
2023-02-17T18:00:00+00:00,DK1,solar,0.43,60
2023-02-17T19:00:00+00:00,DK1,solar,0.44,60
2023-02-17T20:00:00+00:00,DK1,solar,0.44,60
2023-02-17T21:00:00+00:00,DK1,solar,0.44,60
2023-02-17T22:00:00+00:00,DK1,solar,0.42,60
2023-02-17T23:00:00+00:00,DK1,solar,0.43,60
2023-02-18T00:00:00+00:00,DK1,solar,0.43,60
2023-02-18T01:00:00+00:00,DK1,solar,0.43,60
2023-02-18T02:00:00+00:00,DK1,solar,0.43,60
2023-02-18T03:00:00+00:00,DK1,solar,0.43,60
2023-02-18T04:00:00+00:00,DK1,solar,2.18,60
2023-02-18T05:00:00+00:00,DK1,solar,1.36,60
2023-02-18T06:00:00+00:00,DK1,solar,0.91,60
2023-02-18T07:00:00+00:00,DK1,solar,28.73,60
2023-02-18T08:00:00+00:00,DK1,solar,71.55,60
2023-02-18T09:00:00+00:00,DK1,solar,111.44,60
2023-02-18T10:00:00+00:00,DK1,solar,213.5,60
2023-02-18T11:00:00+00:00,DK1,solar,389.43,60
2023-02-18T12:00:00+00:00,DK1,solar,684.32,60
2023-02-18T13:00:00+00:00,DK1,solar,680.86,60
2023-02-18T14:00:00+00:00,DK1,solar,438.71,60
2023-02-18T15:00:00+00:00,DK1,solar,177.65,60
2023-02-18T16:00:00+00:00,DK1,solar,14.0,60
2023-02-18T17:00:00+00:00,DK1,solar,0.4,60
2023-02-18T18:00:00+00:00,DK1,solar,0.43,60
2023-02-18T19:00:00+00:00,DK1,solar,0.43,60
2023-02-18T20:00:00+00:00,DK1,solar,0.43,60
2023-02-18T21:00:00+00:00,DK1,solar,0.43,60
2023-02-18T22:00:00+00:00,DK1,solar,0.43,60
2023-02-18T23:00:00+00:00,DK1,solar,0.43,60
2023-02-19T00:00:00+00:00,DK1,solar,0.43,60
2023-02-19T01:00:00+00:00,DK1,solar,0.43,60
2023-02-19T02:00:00+00:00,DK1,solar,0.42,60
2023-02-19T03:00:00+00:00,DK1,solar,0.43,60
2023-02-19T04:00:00+00:00,DK1,solar,0.43,60
2023-02-19T05:00:00+00:00,DK1,solar,0.43,60
2023-02-19T06:00:00+00:00,DK1,solar,2.85,60
2023-02-19T07:00:00+00:00,DK1,solar,110.58,60
2023-02-19T08:00:00+00:00,DK1,solar,381.85,60
2023-02-19T09:00:00+00:00,DK1,solar,630.51,60
2023-02-19T10:00:00+00:00,DK1,solar,716.66,60
2023-02-19T11:00:00+00:00,DK1,solar,741.68,60
2023-02-19T12:00:00+00:00,DK1,solar,615.25,60
2023-02-19T13:00:00+00:00,DK1,solar,405.42,60
2023-02-19T14:00:00+00:00,DK1,solar,230.97,60
2023-02-19T15:00:00+00:00,DK1,solar,70.71,60
2023-02-19T16:00:00+00:00,DK1,solar,5.7,60
2023-02-19T17:00:00+00:00,DK1,solar,0.42,60
2023-02-19T18:00:00+00:00,DK1,solar,0.43,60
2023-02-19T19:00:00+00:00,DK1,solar,2.11,60
2023-02-19T20:00:00+00:00,DK1,solar,2.3,60
2023-02-19T21:00:00+00:00,DK1,solar,2.3,60
2023-02-19T22:00:00+00:00,DK1,solar,2.3,60
2023-02-19T23:00:00+00:00,DK1,solar,2.31,60
2023-02-20T00:00:00+00:00,DK1,solar,2.3,60
2023-02-20T01:00:00+00:00,DK1,solar,2.3,60
2023-02-20T02:00:00+00:00,DK1,solar,2.29,60
2023-02-20T03:00:00+00:00,DK1,solar,2.29,60
2023-02-20T04:00:00+00:00,DK1,solar,2.24,60
2023-02-20T05:00:00+00:00,DK1,solar,0.43,60
2023-02-20T06:00:00+00:00,DK1,solar,0.46,60
2023-02-20T07:00:00+00:00,DK1,solar,12.74,60
2023-02-20T08:00:00+00:00,DK1,solar,31.83,60
2023-02-20T09:00:00+00:00,DK1,solar,56.5,60
2023-02-20T10:00:00+00:00,DK1,solar,105.4,60
2023-02-20T11:00:00+00:00,DK1,solar,135.9,60
2023-02-20T12:00:00+00:00,DK1,solar,165.06,60
2023-02-20T13:00:00+00:00,DK1,solar,206.32,60
2023-02-20T14:00:00+00:00,DK1,solar,179.13,60
2023-02-20T15:00:00+00:00,DK1,solar,85.87,60
2023-02-20T16:00:00+00:00,DK1,solar,12.84,60
2023-02-20T17:00:00+00:00,DK1,solar,0.43,60
2023-02-20T18:00:00+00:00,DK1,solar,2.17,60
2023-02-20T19:00:00+00:00,DK1,solar,2.37,60
2023-02-20T20:00:00+00:00,DK1,solar,2.37,60
2023-02-20T21:00:00+00:00,DK1,solar,0.57,60
2023-02-20T22:00:00+00:00,DK1,solar,0.47,60
2023-02-20T23:00:00+00:00,DK1,solar,0.47,60
2023-02-21T00:00:00+00:00,DK1,solar,0.46,60
2023-02-21T01:00:00+00:00,DK1,solar,0.46,60
2023-02-21T02:00:00+00:00,DK1,solar,0.46,60
2023-02-21T03:00:00+00:00,DK1,solar,0.46,60
2023-02-21T04:00:00+00:00,DK1,solar,0.46,60
2023-02-21T05:00:00+00:00,DK1,solar,0.46,60
2023-02-21T06:00:00+00:00,DK1,solar,5.0,60
2023-02-21T07:00:00+00:00,DK1,solar,105.57,60
2023-02-21T08:00:00+00:00,DK1,solar,341.17,60
2023-02-21T09:00:00+00:00,DK1,solar,547.27,60
2023-02-21T10:00:00+00:00,DK1,solar,605.01,60
2023-02-21T11:00:00+00:00,DK1,solar,593.46,60
2023-02-21T12:00:00+00:00,DK1,solar,528.22,60
2023-02-21T13:00:00+00:00,DK1,solar,483.74,60
2023-02-21T14:00:00+00:00,DK1,solar,334.5,60
2023-02-21T15:00:00+00:00,DK1,solar,153.95,60
2023-02-21T16:00:00+00:00,DK1,solar,24.18,60
2023-02-21T17:00:00+00:00,DK1,solar,0.42,60
2023-02-21T18:00:00+00:00,DK1,solar,0.46,60
2023-02-21T19:00:00+00:00,DK1,solar,0.46,60
2023-02-21T20:00:00+00:00,DK1,solar,0.46,60
2023-02-21T21:00:00+00:00,DK1,solar,0.46,60
2023-02-21T22:00:00+00:00,DK1,solar,0.46,60
2023-02-21T23:00:00+00:00,DK1,solar,0.46,60
2023-02-22T00:00:00+00:00,DK1,solar,0.46,60
2023-02-22T01:00:00+00:00,DK1,solar,0.45,60
2023-02-22T02:00:00+00:00,DK1,solar,0.46,60
2023-02-22T03:00:00+00:00,DK1,solar,0.45,60
2023-02-22T04:00:00+00:00,DK1,solar,0.45,60
2023-02-22T05:00:00+00:00,DK1,solar,0.46,60
2023-02-22T06:00:00+00:00,DK1,solar,1.98,60
2023-02-22T07:00:00+00:00,DK1,solar,42.33,60
2023-02-22T08:00:00+00:00,DK1,solar,99.15,60
2023-02-22T09:00:00+00:00,DK1,solar,130.9,60
2023-02-22T10:00:00+00:00,DK1,solar,170.39,60
2023-02-22T11:00:00+00:00,DK1,solar,171.28,60
2023-02-22T12:00:00+00:00,DK1,solar,148.48,60
2023-02-22T13:00:00+00:00,DK1,solar,118.66,60
2023-02-22T14:00:00+00:00,DK1,solar,70.86,60
2023-02-22T15:00:00+00:00,DK1,solar,35.51,60
2023-02-22T16:00:00+00:00,DK1,solar,3.55,60
2023-02-22T17:00:00+00:00,DK1,solar,0.4,60
2023-02-22T18:00:00+00:00,DK1,solar,0.42,60
2023-02-22T19:00:00+00:00,DK1,solar,0.43,60
2023-02-22T20:00:00+00:00,DK1,solar,0.43,60
2023-02-22T21:00:00+00:00,DK1,solar,0.43,60
2023-02-22T22:00:00+00:00,DK1,solar,0.43,60
2023-02-22T23:00:00+00:00,DK1,solar,0.42,60
2023-02-23T00:00:00+00:00,DK1,solar,0.43,60
2023-02-23T01:00:00+00:00,DK1,solar,0.43,60
2023-02-23T02:00:00+00:00,DK1,solar,0.43,60
2023-02-23T03:00:00+00:00,DK1,solar,0.43,60
2023-02-23T04:00:00+00:00,DK1,solar,0.43,60
2023-02-23T05:00:00+00:00,DK1,solar,0.42,60
2023-02-23T06:00:00+00:00,DK1,solar,0.59,60
2023-02-23T07:00:00+00:00,DK1,solar,14.75,60
2023-02-23T08:00:00+00:00,DK1,solar,61.57,60
2023-02-23T09:00:00+00:00,DK1,solar,131.23,60
2023-02-23T10:00:00+00:00,DK1,solar,201.66,60
2023-02-23T11:00:00+00:00,DK1,solar,251.05,60
2023-02-23T12:00:00+00:00,DK1,solar,356.43,60
2023-02-23T13:00:00+00:00,DK1,solar,385.89,60
2023-02-23T14:00:00+00:00,DK1,solar,319.37,60
2023-02-23T15:00:00+00:00,DK1,solar,138.32,60
2023-02-23T16:00:00+00:00,DK1,solar,17.74,60
2023-02-23T17:00:00+00:00,DK1,solar,0.4,60
2023-02-23T18:00:00+00:00,DK1,solar,0.42,60
2023-02-23T19:00:00+00:00,DK1,solar,0.43,60
2023-02-23T20:00:00+00:00,DK1,solar,0.43,60
2023-02-23T21:00:00+00:00,DK1,solar,0.43,60
2023-02-23T22:00:00+00:00,DK1,solar,4.7,60
2023-02-23T23:00:00+00:00,DK1,solar,5.18,60
2023-02-24T00:00:00+00:00,DK1,solar,5.31,60
2023-02-24T01:00:00+00:00,DK1,solar,2.36,60
2023-02-24T02:00:00+00:00,DK1,solar,2.28,60
2023-02-24T03:00:00+00:00,DK1,solar,2.28,60
2023-02-24T04:00:00+00:00,DK1,solar,2.23,60
2023-02-24T05:00:00+00:00,DK1,solar,0.43,60
2023-02-24T06:00:00+00:00,DK1,solar,2.95,60
2023-02-24T07:00:00+00:00,DK1,solar,75.0,60
2023-02-24T08:00:00+00:00,DK1,solar,206.48,60
2023-02-24T09:00:00+00:00,DK1,solar,340.73,60
2023-02-24T10:00:00+00:00,DK1,solar,402.86,60
2023-02-24T11:00:00+00:00,DK1,solar,506.58,60
2023-02-24T12:00:00+00:00,DK1,solar,600.88,60
2023-02-24T13:00:00+00:00,DK1,solar,455.18,60
2023-02-24T14:00:00+00:00,DK1,solar,245.48,60
2023-02-24T15:00:00+00:00,DK1,solar,117.12,60
2023-02-24T16:00:00+00:00,DK1,solar,16.92,60
2023-02-24T17:00:00+00:00,DK1,solar,0.49,60
2023-02-24T18:00:00+00:00,DK1,solar,0.43,60
2023-02-24T19:00:00+00:00,DK1,solar,0.42,60
2023-02-24T20:00:00+00:00,DK1,solar,0.42,60
2023-02-24T21:00:00+00:00,DK1,solar,1.57,60
2023-02-24T22:00:00+00:00,DK1,solar,0.53,60
2023-02-24T23:00:00+00:00,DK1,solar,0.85,60
2023-02-25T00:00:00+00:00,DK1,solar,0.44,60
2023-02-25T01:00:00+00:00,DK1,solar,0.44,60
2023-02-25T02:00:00+00:00,DK1,solar,0.43,60
2023-02-25T03:00:00+00:00,DK1,solar,0.44,60
2023-02-25T04:00:00+00:00,DK1,solar,0.44,60
2023-02-25T05:00:00+00:00,DK1,solar,0.43,60
2023-02-25T06:00:00+00:00,DK1,solar,9.64,60
2023-02-25T07:00:00+00:00,DK1,solar,158.04,60
2023-02-25T08:00:00+00:00,DK1,solar,435.8,60
2023-02-25T09:00:00+00:00,DK1,solar,694.0,60
2023-02-25T10:00:00+00:00,DK1,solar,810.06,60
2023-02-25T11:00:00+00:00,DK1,solar,843.63,60
2023-02-25T12:00:00+00:00,DK1,solar,726.14,60
2023-02-25T13:00:00+00:00,DK1,solar,587.56,60
2023-02-25T14:00:00+00:00,DK1,solar,458.1,60
2023-02-25T15:00:00+00:00,DK1,solar,237.13,60
2023-02-25T16:00:00+00:00,DK1,solar,46.91,60
2023-02-25T17:00:00+00:00,DK1,solar,0.41,60
2023-02-25T18:00:00+00:00,DK1,solar,0.43,60
2023-02-25T19:00:00+00:00,DK1,solar,2.14,60
2023-02-25T20:00:00+00:00,DK1,solar,2.33,60
2023-02-25T21:00:00+00:00,DK1,solar,2.32,60
2023-02-25T22:00:00+00:00,DK1,solar,0.53,60
2023-02-25T23:00:00+00:00,DK1,solar,2.1,60
2023-02-26T00:00:00+00:00,DK1,solar,2.29,60
2023-02-26T01:00:00+00:00,DK1,solar,0.44,60
2023-02-26T02:00:00+00:00,DK1,solar,1.28,60
2023-02-26T03:00:00+00:00,DK1,solar,1.7,60
2023-02-26T04:00:00+00:00,DK1,solar,0.44,60
2023-02-26T05:00:00+00:00,DK1,solar,0.44,60
2023-02-26T06:00:00+00:00,DK1,solar,16.2,60
2023-02-26T07:00:00+00:00,DK1,solar,169.47,60
2023-02-26T08:00:00+00:00,DK1,solar,441.23,60
2023-02-26T09:00:00+00:00,DK1,solar,753.87,60
2023-02-26T10:00:00+00:00,DK1,solar,883.49,60
2023-02-26T11:00:00+00:00,DK1,solar,853.63,60
2023-02-26T12:00:00+00:00,DK1,solar,885.58,60
2023-02-26T13:00:00+00:00,DK1,solar,753.03,60
2023-02-26T14:00:00+00:00,DK1,solar,545.19,60
2023-02-26T15:00:00+00:00,DK1,solar,231.43,60
2023-02-26T16:00:00+00:00,DK1,solar,38.52,60
2023-02-26T17:00:00+00:00,DK1,solar,0.41,60
2023-02-26T18:00:00+00:00,DK1,solar,0.42,60
2023-02-26T19:00:00+00:00,DK1,solar,0.42,60
2023-02-26T20:00:00+00:00,DK1,solar,0.43,60
2023-02-26T21:00:00+00:00,DK1,solar,0.43,60
2023-02-26T22:00:00+00:00,DK1,solar,0.43,60
2023-02-26T23:00:00+00:00,DK1,solar,0.43,60
2023-02-27T00:00:00+00:00,DK1,solar,0.43,60
2023-02-27T01:00:00+00:00,DK1,solar,0.43,60
2023-02-27T02:00:00+00:00,DK1,solar,0.43,60
2023-02-27T03:00:00+00:00,DK1,solar,0.43,60
2023-02-27T04:00:00+00:00,DK1,solar,0.43,60
2023-02-27T05:00:00+00:00,DK1,solar,0.43,60
2023-02-27T06:00:00+00:00,DK1,solar,18.55,60
2023-02-27T07:00:00+00:00,DK1,solar,198.19,60
2023-02-27T08:00:00+00:00,DK1,solar,484.1,60
2023-02-27T09:00:00+00:00,DK1,solar,693.9,60
2023-02-27T10:00:00+00:00,DK1,solar,822.82,60
2023-02-27T11:00:00+00:00,DK1,solar,948.73,60
2023-02-27T12:00:00+00:00,DK1,solar,916.73,60
2023-02-27T13:00:00+00:00,DK1,solar,730.44,60
2023-02-27T14:00:00+00:00,DK1,solar,541.66,60
2023-02-27T15:00:00+00:00,DK1,solar,263.6,60
2023-02-27T16:00:00+00:00,DK1,solar,48.49,60
2023-02-27T17:00:00+00:00,DK1,solar,0.68,60
2023-02-27T18:00:00+00:00,DK1,solar,0.41,60
2023-02-27T19:00:00+00:00,DK1,solar,0.43,60
2023-02-27T20:00:00+00:00,DK1,solar,0.43,60
2023-02-27T21:00:00+00:00,DK1,solar,0.43,60
2023-02-27T22:00:00+00:00,DK1,solar,0.43,60
2023-02-27T23:00:00+00:00,DK1,solar,0.43,60
2023-02-28T00:00:00+00:00,DK1,solar,0.43,60
2023-02-28T01:00:00+00:00,DK1,solar,0.43,60
2023-02-28T02:00:00+00:00,DK1,solar,0.43,60
2023-02-28T03:00:00+00:00,DK1,solar,0.43,60
2023-02-28T04:00:00+00:00,DK1,solar,0.43,60
2023-02-28T05:00:00+00:00,DK1,solar,0.44,60
2023-02-28T06:00:00+00:00,DK1,solar,19.82,60
2023-02-28T07:00:00+00:00,DK1,solar,179.85,60
2023-02-28T08:00:00+00:00,DK1,solar,432.47,60
2023-02-28T09:00:00+00:00,DK1,solar,643.43,60
2023-02-28T10:00:00+00:00,DK1,solar,747.13,60
2023-02-28T11:00:00+00:00,DK1,solar,815.1,60
2023-02-28T12:00:00+00:00,DK1,solar,868.23,60
2023-02-28T13:00:00+00:00,DK1,solar,781.75,60
2023-02-28T14:00:00+00:00,DK1,solar,575.16,60
2023-02-28T15:00:00+00:00,DK1,solar,285.35,60
2023-02-28T16:00:00+00:00,DK1,solar,49.19,60
2023-02-28T17:00:00+00:00,DK1,solar,0.66,60
2023-02-28T18:00:00+00:00,DK1,solar,0.42,60
2023-02-28T19:00:00+00:00,DK1,solar,0.43,60
2023-02-28T20:00:00+00:00,DK1,solar,0.43,60
2023-02-28T21:00:00+00:00,DK1,solar,0.43,60
2023-02-28T22:00:00+00:00,DK1,solar,0.44,60
2023-02-28T23:00:00+00:00,DK1,solar,0.44,60
2023-03-01T00:00:00+00:00,DK1,solar,0.44,60
2023-03-01T01:00:00+00:00,DK1,solar,0.44,60
2023-03-01T02:00:00+00:00,DK1,solar,0.44,60
2023-03-01T03:00:00+00:00,DK1,solar,0.43,60
2023-03-01T04:00:00+00:00,DK1,solar,0.44,60
2023-03-01T05:00:00+00:00,DK1,solar,0.43,60
2023-03-01T06:00:00+00:00,DK1,solar,12.32,60
2023-03-01T07:00:00+00:00,DK1,solar,91.81,60
2023-03-01T08:00:00+00:00,DK1,solar,197.19,60
2023-03-01T09:00:00+00:00,DK1,solar,300.8,60
2023-03-01T10:00:00+00:00,DK1,solar,403.17,60
2023-03-01T11:00:00+00:00,DK1,solar,494.82,60
2023-03-01T12:00:00+00:00,DK1,solar,612.38,60
2023-03-01T13:00:00+00:00,DK1,solar,626.34,60
2023-03-01T14:00:00+00:00,DK1,solar,493.78,60
2023-03-01T15:00:00+00:00,DK1,solar,268.08,60
2023-03-01T16:00:00+00:00,DK1,solar,59.33,60
2023-03-01T17:00:00+00:00,DK1,solar,1.13,60
2023-03-01T18:00:00+00:00,DK1,solar,0.43,60
2023-03-01T19:00:00+00:00,DK1,solar,0.43,60
2023-03-01T20:00:00+00:00,DK1,solar,0.43,60
2023-03-01T21:00:00+00:00,DK1,solar,0.42,60
2023-03-01T22:00:00+00:00,DK1,solar,0.42,60
2023-03-01T23:00:00+00:00,DK1,solar,0.43,60
2023-03-02T00:00:00+00:00,DK1,solar,0.43,60
2023-03-02T01:00:00+00:00,DK1,solar,0.42,60
2023-03-02T02:00:00+00:00,DK1,solar,0.43,60
2023-03-02T03:00:00+00:00,DK1,solar,0.43,60
2023-03-02T04:00:00+00:00,DK1,solar,0.43,60
2023-03-02T05:00:00+00:00,DK1,solar,0.42,60
2023-03-02T06:00:00+00:00,DK1,solar,25.68,60
2023-03-02T07:00:00+00:00,DK1,solar,219.74,60
2023-03-02T08:00:00+00:00,DK1,solar,500.48,60
2023-03-02T09:00:00+00:00,DK1,solar,684.52,60
2023-03-02T10:00:00+00:00,DK1,solar,829.9,60
2023-03-02T11:00:00+00:00,DK1,solar,938.12,60
2023-03-02T12:00:00+00:00,DK1,solar,906.18,60
2023-03-02T13:00:00+00:00,DK1,solar,757.95,60
2023-03-02T14:00:00+00:00,DK1,solar,543.98,60
2023-03-02T15:00:00+00:00,DK1,solar,283.95,60
2023-03-02T16:00:00+00:00,DK1,solar,54.63,60
2023-03-02T17:00:00+00:00,DK1,solar,0.74,60
2023-03-02T18:00:00+00:00,DK1,solar,0.4,60
2023-03-02T19:00:00+00:00,DK1,solar,0.41,60
2023-03-02T20:00:00+00:00,DK1,solar,0.42,60
2023-03-02T21:00:00+00:00,DK1,solar,0.42,60
2023-03-02T22:00:00+00:00,DK1,solar,0.42,60
2023-03-02T23:00:00+00:00,DK1,solar,0.41,60
2023-03-03T00:00:00+00:00,DK1,solar,0.41,60
2023-03-03T01:00:00+00:00,DK1,solar,0.42,60
2023-03-03T02:00:00+00:00,DK1,solar,0.42,60
2023-03-03T03:00:00+00:00,DK1,solar,0.43,60
2023-03-03T04:00:00+00:00,DK1,solar,0.43,60
2023-03-03T05:00:00+00:00,DK1,solar,0.43,60
2023-03-03T06:00:00+00:00,DK1,solar,12.28,60
2023-03-03T07:00:00+00:00,DK1,solar,94.32,60
2023-03-03T08:00:00+00:00,DK1,solar,270.47,60
2023-03-03T09:00:00+00:00,DK1,solar,467.28,60
2023-03-03T10:00:00+00:00,DK1,solar,786.81,60
2023-03-03T11:00:00+00:00,DK1,solar,933.53,60
2023-03-03T12:00:00+00:00,DK1,solar,913.57,60
2023-03-03T13:00:00+00:00,DK1,solar,796.58,60
2023-03-03T14:00:00+00:00,DK1,solar,586.01,60
2023-03-03T15:00:00+00:00,DK1,solar,302.4,60
2023-03-03T16:00:00+00:00,DK1,solar,69.3,60
2023-03-03T17:00:00+00:00,DK1,solar,1.46,60
2023-03-03T18:00:00+00:00,DK1,solar,2.73,60
2023-03-03T19:00:00+00:00,DK1,solar,5.3,60
2023-03-03T20:00:00+00:00,DK1,solar,5.12,60
2023-03-03T21:00:00+00:00,DK1,solar,2.29,60
2023-03-03T22:00:00+00:00,DK1,solar,2.3,60
2023-03-03T23:00:00+00:00,DK1,solar,2.3,60
2023-03-04T00:00:00+00:00,DK1,solar,2.3,60
2023-03-04T01:00:00+00:00,DK1,solar,2.3,60
2023-03-04T02:00:00+00:00,DK1,solar,2.31,60
2023-03-04T03:00:00+00:00,DK1,solar,2.3,60
2023-03-04T04:00:00+00:00,DK1,solar,2.3,60
2023-03-04T05:00:00+00:00,DK1,solar,2.31,60
2023-03-04T06:00:00+00:00,DK1,solar,32.48,60
2023-03-04T07:00:00+00:00,DK1,solar,210.9,60
2023-03-04T08:00:00+00:00,DK1,solar,493.58,60
2023-03-04T09:00:00+00:00,DK1,solar,696.33,60
2023-03-04T10:00:00+00:00,DK1,solar,749.1,60
2023-03-04T11:00:00+00:00,DK1,solar,738.58,60
2023-03-04T12:00:00+00:00,DK1,solar,661.29,60
2023-03-04T13:00:00+00:00,DK1,solar,484.59,60
2023-03-04T14:00:00+00:00,DK1,solar,337.09,60
2023-03-04T15:00:00+00:00,DK1,solar,174.04,60
2023-03-04T16:00:00+00:00,DK1,solar,42.49,60
2023-03-04T17:00:00+00:00,DK1,solar,2.54,60
2023-03-04T18:00:00+00:00,DK1,solar,2.33,60
2023-03-04T19:00:00+00:00,DK1,solar,2.33,60
2023-03-04T20:00:00+00:00,DK1,solar,2.34,60
2023-03-04T21:00:00+00:00,DK1,solar,2.33,60
2023-03-04T22:00:00+00:00,DK1,solar,2.26,60
2023-03-04T23:00:00+00:00,DK1,solar,0.43,60
2023-03-05T00:00:00+00:00,DK1,solar,2.15,60
2023-03-05T01:00:00+00:00,DK1,solar,2.28,60
2023-03-05T02:00:00+00:00,DK1,solar,0.43,60
2023-03-05T03:00:00+00:00,DK1,solar,0.43,60
2023-03-05T04:00:00+00:00,DK1,solar,0.43,60
2023-03-05T05:00:00+00:00,DK1,solar,0.45,60
2023-03-05T06:00:00+00:00,DK1,solar,48.57,60
2023-03-05T07:00:00+00:00,DK1,solar,268.13,60
2023-03-05T08:00:00+00:00,DK1,solar,568.16,60
2023-03-05T09:00:00+00:00,DK1,solar,813.86,60
2023-03-05T10:00:00+00:00,DK1,solar,865.82,60
2023-03-05T11:00:00+00:00,DK1,solar,948.17,60
2023-03-05T12:00:00+00:00,DK1,solar,883.65,60
2023-03-05T13:00:00+00:00,DK1,solar,811.21,60
2023-03-05T14:00:00+00:00,DK1,solar,578.17,60
2023-03-05T15:00:00+00:00,DK1,solar,277.22,60
2023-03-05T16:00:00+00:00,DK1,solar,57.48,60
2023-03-05T17:00:00+00:00,DK1,solar,1.29,60
2023-03-05T18:00:00+00:00,DK1,solar,0.42,60
2023-03-05T19:00:00+00:00,DK1,solar,0.42,60
2023-03-05T20:00:00+00:00,DK1,solar,0.42,60
2023-03-05T21:00:00+00:00,DK1,solar,0.42,60
2023-03-05T22:00:00+00:00,DK1,solar,0.43,60
2023-03-05T23:00:00+00:00,DK1,solar,0.41,60
2023-03-06T00:00:00+00:00,DK1,solar,0.42,60
2023-03-06T01:00:00+00:00,DK1,solar,0.43,60
2023-03-06T02:00:00+00:00,DK1,solar,0.44,60
2023-03-06T03:00:00+00:00,DK1,solar,0.43,60
2023-03-06T04:00:00+00:00,DK1,solar,0.43,60
2023-03-06T05:00:00+00:00,DK1,solar,0.48,60
2023-03-06T06:00:00+00:00,DK1,solar,46.18,60
2023-03-06T07:00:00+00:00,DK1,solar,276.26,60
2023-03-06T08:00:00+00:00,DK1,solar,543.5,60
2023-03-06T09:00:00+00:00,DK1,solar,817.94,60
2023-03-06T10:00:00+00:00,DK1,solar,864.58,60
2023-03-06T11:00:00+00:00,DK1,solar,742.98,60
2023-03-06T12:00:00+00:00,DK1,solar,652.38,60
2023-03-06T13:00:00+00:00,DK1,solar,451.05,60
2023-03-06T14:00:00+00:00,DK1,solar,287.85,60
2023-03-06T15:00:00+00:00,DK1,solar,102.5,60
2023-03-06T16:00:00+00:00,DK1,solar,23.3,60
2023-03-06T17:00:00+00:00,DK1,solar,0.58,60
2023-03-06T18:00:00+00:00,DK1,solar,0.42,60
2023-03-06T19:00:00+00:00,DK1,solar,0.43,60
2023-03-06T20:00:00+00:00,DK1,solar,0.43,60
2023-03-06T21:00:00+00:00,DK1,solar,4.84,60
2023-03-06T22:00:00+00:00,DK1,solar,5.41,60
2023-03-06T23:00:00+00:00,DK1,solar,5.15,60
2023-03-07T00:00:00+00:00,DK1,solar,0.43,60
2023-03-07T01:00:00+00:00,DK1,solar,0.42,60
2023-03-07T02:00:00+00:00,DK1,solar,0.42,60
2023-03-07T03:00:00+00:00,DK1,solar,0.43,60
2023-03-07T04:00:00+00:00,DK1,solar,0.42,60
2023-03-07T05:00:00+00:00,DK1,solar,0.44,60
2023-03-07T06:00:00+00:00,DK1,solar,14.67,60
2023-03-07T07:00:00+00:00,DK1,solar,71.31,60
2023-03-07T08:00:00+00:00,DK1,solar,159.0,60
2023-03-07T09:00:00+00:00,DK1,solar,263.27,60
2023-03-07T10:00:00+00:00,DK1,solar,362.72,60
2023-03-07T11:00:00+00:00,DK1,solar,398.03,60
2023-03-07T12:00:00+00:00,DK1,solar,409.89,60
2023-03-07T13:00:00+00:00,DK1,solar,395.78,60
2023-03-07T14:00:00+00:00,DK1,solar,381.93,60
2023-03-07T15:00:00+00:00,DK1,solar,194.32,60
2023-03-07T16:00:00+00:00,DK1,solar,59.71,60
2023-03-07T17:00:00+00:00,DK1,solar,1.64,60
2023-03-07T18:00:00+00:00,DK1,solar,5.04,60
2023-03-07T19:00:00+00:00,DK1,solar,0.44,60
2023-03-07T20:00:00+00:00,DK1,solar,0.43,60
2023-03-07T21:00:00+00:00,DK1,solar,0.42,60
2023-03-07T22:00:00+00:00,DK1,solar,0.43,60
2023-03-07T23:00:00+00:00,DK1,solar,4.67,60
2023-03-08T00:00:00+00:00,DK1,solar,5.41,60
2023-03-08T01:00:00+00:00,DK1,solar,5.41,60
2023-03-08T02:00:00+00:00,DK1,solar,5.4,60
2023-03-08T03:00:00+00:00,DK1,solar,5.24,60
2023-03-08T04:00:00+00:00,DK1,solar,0.43,60
2023-03-08T05:00:00+00:00,DK1,solar,0.58,60
2023-03-08T06:00:00+00:00,DK1,solar,49.16,60
2023-03-08T07:00:00+00:00,DK1,solar,245.46,60
2023-03-08T08:00:00+00:00,DK1,solar,527.07,60
2023-03-08T09:00:00+00:00,DK1,solar,750.72,60
2023-03-08T10:00:00+00:00,DK1,solar,822.98,60
2023-03-08T11:00:00+00:00,DK1,solar,832.63,60
2023-03-08T12:00:00+00:00,DK1,solar,734.92,60
2023-03-08T13:00:00+00:00,DK1,solar,680.85,60
2023-03-08T14:00:00+00:00,DK1,solar,583.13,60
2023-03-08T15:00:00+00:00,DK1,solar,341.4,60
2023-03-08T16:00:00+00:00,DK1,solar,88.77,60
2023-03-08T17:00:00+00:00,DK1,solar,2.12,60
2023-03-08T18:00:00+00:00,DK1,solar,0.41,60
2023-03-08T19:00:00+00:00,DK1,solar,0.42,60
2023-03-08T20:00:00+00:00,DK1,solar,0.41,60
2023-03-08T21:00:00+00:00,DK1,solar,0.41,60
2023-03-08T22:00:00+00:00,DK1,solar,0.41,60
2023-03-08T23:00:00+00:00,DK1,solar,0.42,60
2023-03-09T00:00:00+00:00,DK1,solar,0.42,60
2023-03-09T01:00:00+00:00,DK1,solar,0.42,60
2023-03-09T02:00:00+00:00,DK1,solar,0.42,60
2023-03-09T03:00:00+00:00,DK1,solar,0.42,60
2023-03-09T04:00:00+00:00,DK1,solar,0.42,60
2023-03-09T05:00:00+00:00,DK1,solar,0.9,60
2023-03-09T06:00:00+00:00,DK1,solar,63.89,60
2023-03-09T07:00:00+00:00,DK1,solar,277.32,60
2023-03-09T08:00:00+00:00,DK1,solar,511.53,60
2023-03-09T09:00:00+00:00,DK1,solar,713.48,60
2023-03-09T10:00:00+00:00,DK1,solar,765.93,60
2023-03-09T11:00:00+00:00,DK1,solar,678.72,60
2023-03-09T12:00:00+00:00,DK1,solar,487.05,60
2023-03-09T13:00:00+00:00,DK1,solar,382.15,60
2023-03-09T14:00:00+00:00,DK1,solar,292.24,60
2023-03-09T15:00:00+00:00,DK1,solar,162.51,60
2023-03-09T16:00:00+00:00,DK1,solar,41.99,60
2023-03-09T17:00:00+00:00,DK1,solar,0.89,60
2023-03-09T18:00:00+00:00,DK1,solar,0.43,60
2023-03-09T19:00:00+00:00,DK1,solar,0.42,60
2023-03-09T20:00:00+00:00,DK1,solar,0.42,60
2023-03-09T21:00:00+00:00,DK1,solar,0.42,60
2023-03-09T22:00:00+00:00,DK1,solar,0.42,60
2023-03-09T23:00:00+00:00,DK1,solar,0.43,60
2023-03-10T00:00:00+00:00,DK1,solar,0.43,60
2023-03-10T01:00:00+00:00,DK1,solar,0.42,60
2023-03-10T02:00:00+00:00,DK1,solar,0.42,60
2023-03-10T03:00:00+00:00,DK1,solar,0.42,60
2023-03-10T04:00:00+00:00,DK1,solar,0.42,60
2023-03-10T05:00:00+00:00,DK1,solar,0.58,60
2023-03-10T06:00:00+00:00,DK1,solar,32.15,60
2023-03-10T07:00:00+00:00,DK1,solar,149.16,60
2023-03-10T08:00:00+00:00,DK1,solar,277.4,60
2023-03-10T09:00:00+00:00,DK1,solar,389.29,60
2023-03-10T10:00:00+00:00,DK1,solar,462.62,60
2023-03-10T11:00:00+00:00,DK1,solar,453.95,60
2023-03-10T12:00:00+00:00,DK1,solar,426.79,60
2023-03-10T13:00:00+00:00,DK1,solar,357.6,60
2023-03-10T14:00:00+00:00,DK1,solar,217.26,60
2023-03-10T15:00:00+00:00,DK1,solar,109.16,60
2023-03-10T16:00:00+00:00,DK1,solar,28.47,60
2023-03-10T17:00:00+00:00,DK1,solar,1.05,60
2023-03-10T18:00:00+00:00,DK1,solar,0.66,60
2023-03-10T19:00:00+00:00,DK1,solar,0.66,60
2023-03-10T20:00:00+00:00,DK1,solar,0.66,60
2023-03-10T21:00:00+00:00,DK1,solar,0.66,60
2023-03-10T22:00:00+00:00,DK1,solar,0.65,60
2023-03-10T23:00:00+00:00,DK1,solar,0.43,60
2023-03-11T00:00:00+00:00,DK1,solar,0.43,60
2023-03-11T01:00:00+00:00,DK1,solar,0.43,60
2023-03-11T02:00:00+00:00,DK1,solar,0.43,60
2023-03-11T03:00:00+00:00,DK1,solar,0.42,60
2023-03-11T04:00:00+00:00,DK1,solar,0.44,60
2023-03-11T05:00:00+00:00,DK1,solar,0.62,60
2023-03-11T06:00:00+00:00,DK1,solar,30.34,60
2023-03-11T07:00:00+00:00,DK1,solar,144.06,60
2023-03-11T08:00:00+00:00,DK1,solar,370.28,60
2023-03-11T09:00:00+00:00,DK1,solar,556.34,60
2023-03-11T10:00:00+00:00,DK1,solar,598.43,60
2023-03-11T11:00:00+00:00,DK1,solar,629.53,60
2023-03-11T12:00:00+00:00,DK1,solar,596.74,60
2023-03-11T13:00:00+00:00,DK1,solar,611.26,60
2023-03-11T14:00:00+00:00,DK1,solar,365.66,60
2023-03-11T15:00:00+00:00,DK1,solar,237.58,60
2023-03-11T16:00:00+00:00,DK1,solar,81.61,60
2023-03-11T17:00:00+00:00,DK1,solar,3.99,60
2023-03-11T18:00:00+00:00,DK1,solar,0.43,60
2023-03-11T19:00:00+00:00,DK1,solar,0.51,60
2023-03-11T20:00:00+00:00,DK1,solar,5.11,60
2023-03-11T21:00:00+00:00,DK1,solar,5.31,60
2023-03-11T22:00:00+00:00,DK1,solar,5.32,60
2023-03-11T23:00:00+00:00,DK1,solar,5.31,60
2023-03-12T00:00:00+00:00,DK1,solar,5.31,60
2023-03-12T01:00:00+00:00,DK1,solar,2.72,60
2023-03-12T02:00:00+00:00,DK1,solar,1.45,60
2023-03-12T03:00:00+00:00,DK1,solar,0.43,60
2023-03-12T04:00:00+00:00,DK1,solar,0.42,60
2023-03-12T05:00:00+00:00,DK1,solar,1.64,60
2023-03-12T06:00:00+00:00,DK1,solar,51.49,60
2023-03-12T07:00:00+00:00,DK1,solar,197.2,60
2023-03-12T08:00:00+00:00,DK1,solar,400.42,60
2023-03-12T09:00:00+00:00,DK1,solar,581.58,60
2023-03-12T10:00:00+00:00,DK1,solar,468.96,60
2023-03-12T11:00:00+00:00,DK1,solar,348.47,60
2023-03-12T12:00:00+00:00,DK1,solar,347.12,60
2023-03-12T13:00:00+00:00,DK1,solar,223.75,60
2023-03-12T14:00:00+00:00,DK1,solar,118.44,60
2023-03-12T15:00:00+00:00,DK1,solar,57.82,60
2023-03-12T16:00:00+00:00,DK1,solar,17.41,60
2023-03-12T17:00:00+00:00,DK1,solar,0.59,60
2023-03-12T18:00:00+00:00,DK1,solar,0.44,60
2023-03-12T19:00:00+00:00,DK1,solar,0.43,60
2023-03-12T20:00:00+00:00,DK1,solar,4.83,60
2023-03-12T21:00:00+00:00,DK1,solar,5.22,60
2023-03-12T22:00:00+00:00,DK1,solar,0.43,60
2023-03-12T23:00:00+00:00,DK1,solar,0.42,60
2023-03-13T00:00:00+00:00,DK1,solar,0.42,60
2023-03-13T01:00:00+00:00,DK1,solar,2.96,60
2023-03-13T02:00:00+00:00,DK1,solar,0.43,60
2023-03-13T03:00:00+00:00,DK1,solar,0.43,60
2023-03-13T04:00:00+00:00,DK1,solar,4.82,60
2023-03-13T05:00:00+00:00,DK1,solar,0.7,60
2023-03-13T06:00:00+00:00,DK1,solar,9.29,60
2023-03-13T07:00:00+00:00,DK1,solar,32.24,60
2023-03-13T08:00:00+00:00,DK1,solar,42.66,60
2023-03-13T09:00:00+00:00,DK1,solar,74.26,60
2023-03-13T10:00:00+00:00,DK1,solar,155.62,60
2023-03-13T11:00:00+00:00,DK1,solar,326.99,60
2023-03-13T12:00:00+00:00,DK1,solar,376.77,60
2023-03-13T13:00:00+00:00,DK1,solar,224.65,60
2023-03-13T14:00:00+00:00,DK1,solar,95.82,60
2023-03-13T15:00:00+00:00,DK1,solar,59.18,60
2023-03-13T16:00:00+00:00,DK1,solar,15.26,60
2023-03-13T17:00:00+00:00,DK1,solar,5.07,60
2023-03-13T18:00:00+00:00,DK1,solar,5.33,60
2023-03-13T19:00:00+00:00,DK1,solar,5.32,60
2023-03-13T20:00:00+00:00,DK1,solar,5.32,60
2023-03-13T21:00:00+00:00,DK1,solar,5.31,60
2023-03-13T22:00:00+00:00,DK1,solar,3.33,60
2023-03-13T23:00:00+00:00,DK1,solar,0.44,60
2023-03-14T00:00:00+00:00,DK1,solar,0.43,60
2023-03-14T01:00:00+00:00,DK1,solar,0.72,60
2023-03-14T02:00:00+00:00,DK1,solar,1.62,60
2023-03-14T03:00:00+00:00,DK1,solar,0.44,60
2023-03-14T04:00:00+00:00,DK1,solar,0.43,60
2023-03-14T05:00:00+00:00,DK1,solar,0.6,60
2023-03-14T06:00:00+00:00,DK1,solar,22.93,60
2023-03-14T07:00:00+00:00,DK1,solar,98.59,60
2023-03-14T08:00:00+00:00,DK1,solar,278.98,60
2023-03-14T09:00:00+00:00,DK1,solar,533.54,60
2023-03-14T10:00:00+00:00,DK1,solar,722.93,60
2023-03-14T11:00:00+00:00,DK1,solar,812.39,60
2023-03-14T12:00:00+00:00,DK1,solar,745.19,60
2023-03-14T13:00:00+00:00,DK1,solar,682.27,60
2023-03-14T14:00:00+00:00,DK1,solar,563.55,60
2023-03-14T15:00:00+00:00,DK1,solar,349.85,60
2023-03-14T16:00:00+00:00,DK1,solar,113.35,60
2023-03-14T17:00:00+00:00,DK1,solar,5.75,60
2023-03-14T18:00:00+00:00,DK1,solar,0.43,60
2023-03-14T19:00:00+00:00,DK1,solar,0.43,60
2023-03-14T20:00:00+00:00,DK1,solar,2.06,60
2023-03-14T21:00:00+00:00,DK1,solar,0.43,60
2023-03-14T22:00:00+00:00,DK1,solar,0.43,60
2023-03-14T23:00:00+00:00,DK1,solar,2.08,60
2023-03-15T00:00:00+00:00,DK1,solar,2.33,60
2023-03-15T01:00:00+00:00,DK1,solar,2.34,60
2023-03-15T02:00:00+00:00,DK1,solar,2.33,60
2023-03-15T03:00:00+00:00,DK1,solar,2.33,60
2023-03-15T04:00:00+00:00,DK1,solar,2.27,60
2023-03-15T05:00:00+00:00,DK1,solar,2.76,60
2023-03-15T06:00:00+00:00,DK1,solar,67.69,60
2023-03-15T07:00:00+00:00,DK1,solar,251.2,60
2023-03-15T08:00:00+00:00,DK1,solar,554.25,60
2023-03-15T09:00:00+00:00,DK1,solar,756.3,60
2023-03-15T10:00:00+00:00,DK1,solar,824.77,60
2023-03-15T11:00:00+00:00,DK1,solar,741.46,60
2023-03-15T12:00:00+00:00,DK1,solar,550.46,60
2023-03-15T13:00:00+00:00,DK1,solar,407.43,60
2023-03-15T14:00:00+00:00,DK1,solar,327.36,60
2023-03-15T15:00:00+00:00,DK1,solar,203.22,60
2023-03-15T16:00:00+00:00,DK1,solar,79.19,60
2023-03-15T17:00:00+00:00,DK1,solar,10.06,60
2023-03-15T18:00:00+00:00,DK1,solar,5.31,60
2023-03-15T19:00:00+00:00,DK1,solar,5.13,60
2023-03-15T20:00:00+00:00,DK1,solar,2.38,60
2023-03-15T21:00:00+00:00,DK1,solar,0.52,60
2023-03-15T22:00:00+00:00,DK1,solar,0.43,60
2023-03-15T23:00:00+00:00,DK1,solar,0.43,60
2023-03-16T00:00:00+00:00,DK1,solar,0.43,60
2023-03-16T01:00:00+00:00,DK1,solar,0.43,60
2023-03-16T02:00:00+00:00,DK1,solar,0.43,60
2023-03-16T03:00:00+00:00,DK1,solar,0.43,60
2023-03-16T04:00:00+00:00,DK1,solar,0.43,60
2023-03-16T05:00:00+00:00,DK1,solar,2.85,60
2023-03-16T06:00:00+00:00,DK1,solar,49.59,60
2023-03-16T07:00:00+00:00,DK1,solar,122.82,60
2023-03-16T08:00:00+00:00,DK1,solar,217.84,60
2023-03-16T09:00:00+00:00,DK1,solar,302.76,60
2023-03-16T10:00:00+00:00,DK1,solar,358.31,60
2023-03-16T11:00:00+00:00,DK1,solar,313.65,60
2023-03-16T12:00:00+00:00,DK1,solar,277.55,60
2023-03-16T13:00:00+00:00,DK1,solar,205.69,60
2023-03-16T14:00:00+00:00,DK1,solar,136.5,60
2023-03-16T15:00:00+00:00,DK1,solar,68.2,60
2023-03-16T16:00:00+00:00,DK1,solar,17.55,60
2023-03-16T17:00:00+00:00,DK1,solar,0.97,60
2023-03-16T18:00:00+00:00,DK1,solar,0.43,60
2023-03-16T19:00:00+00:00,DK1,solar,0.42,60
2023-03-16T20:00:00+00:00,DK1,solar,2.15,60
2023-03-16T21:00:00+00:00,DK1,solar,2.34,60
2023-03-16T22:00:00+00:00,DK1,solar,2.28,60
2023-03-16T23:00:00+00:00,DK1,solar,0.43,60
2023-03-17T00:00:00+00:00,DK1,solar,0.43,60
2023-03-17T01:00:00+00:00,DK1,solar,0.42,60
2023-03-17T02:00:00+00:00,DK1,solar,1.26,60
2023-03-17T03:00:00+00:00,DK1,solar,0.44,60
2023-03-17T04:00:00+00:00,DK1,solar,2.09,60
2023-03-17T05:00:00+00:00,DK1,solar,1.65,60
2023-03-17T06:00:00+00:00,DK1,solar,26.65,60
2023-03-17T07:00:00+00:00,DK1,solar,102.59,60
2023-03-17T08:00:00+00:00,DK1,solar,220.75,60
2023-03-17T09:00:00+00:00,DK1,solar,291.37,60
2023-03-17T10:00:00+00:00,DK1,solar,271.08,60
2023-03-17T11:00:00+00:00,DK1,solar,308.23,60
2023-03-17T12:00:00+00:00,DK1,solar,249.77,60
2023-03-17T13:00:00+00:00,DK1,solar,167.91,60
2023-03-17T14:00:00+00:00,DK1,solar,176.02,60
2023-03-17T15:00:00+00:00,DK1,solar,133.36,60
2023-03-17T16:00:00+00:00,DK1,solar,40.73,60
2023-03-17T17:00:00+00:00,DK1,solar,2.93,60
2023-03-17T18:00:00+00:00,DK1,solar,0.42,60
2023-03-17T19:00:00+00:00,DK1,solar,0.41,60
2023-03-17T20:00:00+00:00,DK1,solar,0.41,60
2023-03-17T21:00:00+00:00,DK1,solar,0.42,60
2023-03-17T22:00:00+00:00,DK1,solar,0.42,60
2023-03-17T23:00:00+00:00,DK1,solar,2.11,60
2023-03-18T00:00:00+00:00,DK1,solar,2.39,60
2023-03-18T01:00:00+00:00,DK1,solar,2.39,60
2023-03-18T02:00:00+00:00,DK1,solar,2.33,60
2023-03-18T03:00:00+00:00,DK1,solar,1.85,60
2023-03-18T04:00:00+00:00,DK1,solar,0.44,60
2023-03-18T05:00:00+00:00,DK1,solar,1.04,60
2023-03-18T06:00:00+00:00,DK1,solar,25.83,60
2023-03-18T07:00:00+00:00,DK1,solar,87.81,60
2023-03-18T08:00:00+00:00,DK1,solar,161.69,60
2023-03-18T09:00:00+00:00,DK1,solar,236.2,60
2023-03-18T10:00:00+00:00,DK1,solar,236.15,60
2023-03-18T11:00:00+00:00,DK1,solar,282.18,60
2023-03-18T12:00:00+00:00,DK1,solar,315.21,60
2023-03-18T13:00:00+00:00,DK1,solar,268.59,60
2023-03-18T14:00:00+00:00,DK1,solar,208.88,60
2023-03-18T15:00:00+00:00,DK1,solar,147.29,60
2023-03-18T16:00:00+00:00,DK1,solar,52.35,60
2023-03-18T17:00:00+00:00,DK1,solar,4.71,60
2023-03-18T18:00:00+00:00,DK1,solar,0.39,60
2023-03-18T19:00:00+00:00,DK1,solar,0.42,60
2023-03-18T20:00:00+00:00,DK1,solar,0.42,60
2023-03-18T21:00:00+00:00,DK1,solar,0.42,60
2023-03-18T22:00:00+00:00,DK1,solar,0.42,60
2023-03-18T23:00:00+00:00,DK1,solar,0.42,60
2023-03-19T00:00:00+00:00,DK1,solar,0.42,60
2023-03-19T01:00:00+00:00,DK1,solar,0.42,60
2023-03-19T02:00:00+00:00,DK1,solar,0.41,60
2023-03-19T03:00:00+00:00,DK1,solar,0.42,60
2023-03-19T04:00:00+00:00,DK1,solar,0.41,60
2023-03-19T05:00:00+00:00,DK1,solar,2.17,60
2023-03-19T06:00:00+00:00,DK1,solar,37.13,60
2023-03-19T07:00:00+00:00,DK1,solar,95.77,60
2023-03-19T08:00:00+00:00,DK1,solar,159.38,60
2023-03-19T09:00:00+00:00,DK1,solar,234.74,60
2023-03-19T10:00:00+00:00,DK1,solar,246.32,60
2023-03-19T11:00:00+00:00,DK1,solar,258.32,60
2023-03-19T12:00:00+00:00,DK1,solar,221.31,60
2023-03-19T13:00:00+00:00,DK1,solar,208.83,60
2023-03-19T14:00:00+00:00,DK1,solar,147.66,60
2023-03-19T15:00:00+00:00,DK1,solar,94.15,60
2023-03-19T16:00:00+00:00,DK1,solar,45.08,60
2023-03-19T17:00:00+00:00,DK1,solar,3.17,60
2023-03-19T18:00:00+00:00,DK1,solar,0.41,60
2023-03-19T19:00:00+00:00,DK1,solar,0.42,60
2023-03-19T20:00:00+00:00,DK1,solar,0.41,60
2023-03-19T21:00:00+00:00,DK1,solar,0.42,60
2023-03-19T22:00:00+00:00,DK1,solar,0.42,60
2023-03-19T23:00:00+00:00,DK1,solar,0.42,60
2023-03-20T00:00:00+00:00,DK1,solar,0.42,60
2023-03-20T01:00:00+00:00,DK1,solar,0.42,60
2023-03-20T02:00:00+00:00,DK1,solar,2.19,60
2023-03-20T03:00:00+00:00,DK1,solar,2.35,60
2023-03-20T04:00:00+00:00,DK1,solar,0.42,60
2023-03-20T05:00:00+00:00,DK1,solar,0.74,60
2023-03-20T06:00:00+00:00,DK1,solar,17.47,60
2023-03-20T07:00:00+00:00,DK1,solar,69.63,60
2023-03-20T08:00:00+00:00,DK1,solar,182.02,60
2023-03-20T09:00:00+00:00,DK1,solar,274.15,60
2023-03-20T10:00:00+00:00,DK1,solar,360.61,60
2023-03-20T11:00:00+00:00,DK1,solar,400.05,60
2023-03-20T12:00:00+00:00,DK1,solar,347.82,60
2023-03-20T13:00:00+00:00,DK1,solar,340.32,60
2023-03-20T14:00:00+00:00,DK1,solar,304.72,60
2023-03-20T15:00:00+00:00,DK1,solar,238.08,60
2023-03-20T16:00:00+00:00,DK1,solar,102.85,60
2023-03-20T17:00:00+00:00,DK1,solar,12.23,60
2023-03-20T18:00:00+00:00,DK1,solar,0.4,60
2023-03-20T19:00:00+00:00,DK1,solar,0.42,60
2023-03-20T20:00:00+00:00,DK1,solar,0.43,60
2023-03-20T21:00:00+00:00,DK1,solar,0.43,60
2023-03-20T22:00:00+00:00,DK1,solar,0.43,60
2023-03-20T23:00:00+00:00,DK1,solar,0.43,60
2023-03-21T00:00:00+00:00,DK1,solar,0.43,60
2023-03-21T01:00:00+00:00,DK1,solar,0.43,60
2023-03-21T02:00:00+00:00,DK1,solar,0.43,60
2023-03-21T03:00:00+00:00,DK1,solar,0.43,60
2023-03-21T04:00:00+00:00,DK1,solar,0.42,60
2023-03-21T05:00:00+00:00,DK1,solar,5.39,60
2023-03-21T06:00:00+00:00,DK1,solar,55.45,60
2023-03-21T07:00:00+00:00,DK1,solar,106.39,60
2023-03-21T08:00:00+00:00,DK1,solar,168.93,60
2023-03-21T09:00:00+00:00,DK1,solar,236.25,60
2023-03-21T10:00:00+00:00,DK1,solar,263.14,60
2023-03-21T11:00:00+00:00,DK1,solar,235.91,60
2023-03-21T12:00:00+00:00,DK1,solar,195.59,60
2023-03-21T13:00:00+00:00,DK1,solar,147.41,60
2023-03-21T14:00:00+00:00,DK1,solar,120.87,60
2023-03-21T15:00:00+00:00,DK1,solar,71.97,60
2023-03-21T16:00:00+00:00,DK1,solar,24.98,60
2023-03-21T17:00:00+00:00,DK1,solar,3.14,60
2023-03-21T18:00:00+00:00,DK1,solar,0.44,60
2023-03-21T19:00:00+00:00,DK1,solar,0.45,60
2023-03-21T20:00:00+00:00,DK1,solar,0.45,60
2023-03-21T21:00:00+00:00,DK1,solar,0.45,60
2023-03-21T22:00:00+00:00,DK1,solar,2.26,60
2023-03-21T23:00:00+00:00,DK1,solar,0.46,60
2023-03-22T00:00:00+00:00,DK1,solar,0.46,60
2023-03-22T01:00:00+00:00,DK1,solar,0.45,60
2023-03-22T02:00:00+00:00,DK1,solar,3.0,60
2023-03-22T03:00:00+00:00,DK1,solar,2.01,60
2023-03-22T04:00:00+00:00,DK1,solar,3.42,60
2023-03-22T05:00:00+00:00,DK1,solar,4.56,60
2023-03-22T06:00:00+00:00,DK1,solar,33.23,60
2023-03-22T07:00:00+00:00,DK1,solar,79.64,60
2023-03-22T08:00:00+00:00,DK1,solar,124.37,60
2023-03-22T09:00:00+00:00,DK1,solar,177.02,60
2023-03-22T10:00:00+00:00,DK1,solar,227.18,60
2023-03-22T11:00:00+00:00,DK1,solar,206.42,60
2023-03-22T12:00:00+00:00,DK1,solar,144.48,60
2023-03-22T13:00:00+00:00,DK1,solar,116.18,60
2023-03-22T14:00:00+00:00,DK1,solar,125.18,60
2023-03-22T15:00:00+00:00,DK1,solar,165.22,60
2023-03-22T16:00:00+00:00,DK1,solar,103.67,60
2023-03-22T17:00:00+00:00,DK1,solar,18.72,60
2023-03-22T18:00:00+00:00,DK1,solar,3.35,60
2023-03-22T19:00:00+00:00,DK1,solar,0.45,60
2023-03-22T20:00:00+00:00,DK1,solar,1.78,60
2023-03-22T21:00:00+00:00,DK1,solar,2.29,60
2023-03-22T22:00:00+00:00,DK1,solar,0.44,60
2023-03-22T23:00:00+00:00,DK1,solar,0.44,60
2023-03-23T00:00:00+00:00,DK1,solar,0.44,60
2023-03-23T01:00:00+00:00,DK1,solar,3.1,60
2023-03-23T02:00:00+00:00,DK1,solar,3.43,60
2023-03-23T03:00:00+00:00,DK1,solar,3.5,60
2023-03-23T04:00:00+00:00,DK1,solar,3.45,60
2023-03-23T05:00:00+00:00,DK1,solar,6.39,60
2023-03-23T06:00:00+00:00,DK1,solar,40.44,60
2023-03-23T07:00:00+00:00,DK1,solar,84.73,60
2023-03-23T08:00:00+00:00,DK1,solar,203.87,60
2023-03-23T09:00:00+00:00,DK1,solar,331.16,60
2023-03-23T10:00:00+00:00,DK1,solar,579.09,60
2023-03-23T11:00:00+00:00,DK1,solar,907.04,60
2023-03-23T12:00:00+00:00,DK1,solar,1091.73,60
2023-03-23T13:00:00+00:00,DK1,solar,1070.43,60
2023-03-23T14:00:00+00:00,DK1,solar,906.92,60
2023-03-23T15:00:00+00:00,DK1,solar,577.85,60
2023-03-23T16:00:00+00:00,DK1,solar,231.9,60
2023-03-23T17:00:00+00:00,DK1,solar,47.17,60
2023-03-23T18:00:00+00:00,DK1,solar,24.13,60
2023-03-23T19:00:00+00:00,DK1,solar,24.17,60
2023-03-23T20:00:00+00:00,DK1,solar,24.18,60
2023-03-23T21:00:00+00:00,DK1,solar,24.12,60
2023-03-23T22:00:00+00:00,DK1,solar,22.29,60
2023-03-23T23:00:00+00:00,DK1,solar,22.29,60
2023-03-24T00:00:00+00:00,DK1,solar,22.29,60
2023-03-24T01:00:00+00:00,DK1,solar,22.29,60
2023-03-24T02:00:00+00:00,DK1,solar,22.29,60
2023-03-24T03:00:00+00:00,DK1,solar,22.28,60
2023-03-24T04:00:00+00:00,DK1,solar,22.28,60
2023-03-24T05:00:00+00:00,DK1,solar,22.95,60
2023-03-24T06:00:00+00:00,DK1,solar,42.77,60
2023-03-24T07:00:00+00:00,DK1,solar,108.43,60
2023-03-24T08:00:00+00:00,DK1,solar,236.77,60
2023-03-24T09:00:00+00:00,DK1,solar,324.07,60
2023-03-24T10:00:00+00:00,DK1,solar,373.87,60
2023-03-24T11:00:00+00:00,DK1,solar,551.96,60
2023-03-24T12:00:00+00:00,DK1,solar,708.2,60
2023-03-24T13:00:00+00:00,DK1,solar,700.92,60
2023-03-24T14:00:00+00:00,DK1,solar,534.42,60
2023-03-24T15:00:00+00:00,DK1,solar,379.92,60
2023-03-24T16:00:00+00:00,DK1,solar,167.51,60
2023-03-24T17:00:00+00:00,DK1,solar,42.01,60
2023-03-24T18:00:00+00:00,DK1,solar,24.14,60
2023-03-24T19:00:00+00:00,DK1,solar,24.18,60
2023-03-24T20:00:00+00:00,DK1,solar,24.18,60
2023-03-24T21:00:00+00:00,DK1,solar,24.13,60
2023-03-24T22:00:00+00:00,DK1,solar,23.16,60
2023-03-24T23:00:00+00:00,DK1,solar,22.29,60
2023-03-25T00:00:00+00:00,DK1,solar,24.0,60
2023-03-25T01:00:00+00:00,DK1,solar,24.19,60
2023-03-25T02:00:00+00:00,DK1,solar,24.19,60
2023-03-25T03:00:00+00:00,DK1,solar,24.19,60
2023-03-25T04:00:00+00:00,DK1,solar,24.14,60
2023-03-25T05:00:00+00:00,DK1,solar,29.43,60
2023-03-25T06:00:00+00:00,DK1,solar,78.91,60
2023-03-25T07:00:00+00:00,DK1,solar,158.93,60
2023-03-25T08:00:00+00:00,DK1,solar,287.1,60
2023-03-25T09:00:00+00:00,DK1,solar,340.58,60
2023-03-25T10:00:00+00:00,DK1,solar,469.52,60
2023-03-25T11:00:00+00:00,DK1,solar,578.88,60
2023-03-25T12:00:00+00:00,DK1,solar,535.63,60
2023-03-25T13:00:00+00:00,DK1,solar,520.92,60
2023-03-25T14:00:00+00:00,DK1,solar,353.13,60
2023-03-25T15:00:00+00:00,DK1,solar,209.21,60
2023-03-25T16:00:00+00:00,DK1,solar,116.07,60
2023-03-25T17:00:00+00:00,DK1,solar,33.53,60
2023-03-25T18:00:00+00:00,DK1,solar,22.24,60
2023-03-25T19:00:00+00:00,DK1,solar,22.29,60
2023-03-25T20:00:00+00:00,DK1,solar,22.28,60
2023-03-25T21:00:00+00:00,DK1,solar,22.28,60
2023-03-25T22:00:00+00:00,DK1,solar,22.28,60
2023-03-25T23:00:00+00:00,DK1,solar,22.29,60
2023-03-26T00:00:00+00:00,DK1,solar,22.29,60
2023-03-26T01:00:00+00:00,DK1,solar,22.29,60
2023-03-26T02:00:00+00:00,DK1,solar,22.29,60
2023-03-26T03:00:00+00:00,DK1,solar,22.29,60
2023-03-26T04:00:00+00:00,DK1,solar,22.29,60
2023-03-26T05:00:00+00:00,DK1,solar,43.35,60
2023-03-26T06:00:00+00:00,DK1,solar,193.52,60
2023-03-26T07:00:00+00:00,DK1,solar,477.79,60
2023-03-26T08:00:00+00:00,DK1,solar,668.79,60
2023-03-26T09:00:00+00:00,DK1,solar,861.39,60
2023-03-26T10:00:00+00:00,DK1,solar,999.49,60
2023-03-26T11:00:00+00:00,DK1,solar,1110.17,60
2023-03-26T12:00:00+00:00,DK1,solar,1120.38,60
2023-03-26T13:00:00+00:00,DK1,solar,1066.09,60
2023-03-26T14:00:00+00:00,DK1,solar,884.92,60
2023-03-26T15:00:00+00:00,DK1,solar,613.96,60
2023-03-26T16:00:00+00:00,DK1,solar,270.85,60
2023-03-26T17:00:00+00:00,DK1,solar,58.26,60
2023-03-26T18:00:00+00:00,DK1,solar,22.41,60
2023-03-26T19:00:00+00:00,DK1,solar,22.28,60
2023-03-26T20:00:00+00:00,DK1,solar,22.28,60
2023-03-26T21:00:00+00:00,DK1,solar,22.28,60
2023-03-26T22:00:00+00:00,DK1,solar,22.29,60
2023-03-26T23:00:00+00:00,DK1,solar,22.28,60
2023-03-27T00:00:00+00:00,DK1,solar,22.29,60
2023-03-27T01:00:00+00:00,DK1,solar,22.28,60
2023-03-27T02:00:00+00:00,DK1,solar,22.29,60
2023-03-27T03:00:00+00:00,DK1,solar,22.29,60
2023-03-27T04:00:00+00:00,DK1,solar,22.29,60
2023-03-27T05:00:00+00:00,DK1,solar,59.41,60
2023-03-27T06:00:00+00:00,DK1,solar,272.37,60
2023-03-27T07:00:00+00:00,DK1,solar,689.9,60
2023-03-27T08:00:00+00:00,DK1,solar,852.97,60
2023-03-27T09:00:00+00:00,DK1,solar,1039.0,60
2023-03-27T10:00:00+00:00,DK1,solar,948.67,60
2023-03-27T11:00:00+00:00,DK1,solar,919.19,60
2023-03-27T12:00:00+00:00,DK1,solar,792.65,60
2023-03-27T13:00:00+00:00,DK1,solar,811.12,60
2023-03-27T14:00:00+00:00,DK1,solar,647.19,60
2023-03-27T15:00:00+00:00,DK1,solar,419.85,60
2023-03-27T16:00:00+00:00,DK1,solar,221.02,60
2023-03-27T17:00:00+00:00,DK1,solar,67.42,60
2023-03-27T18:00:00+00:00,DK1,solar,27.2,60
2023-03-27T19:00:00+00:00,DK1,solar,25.33,60
2023-03-27T20:00:00+00:00,DK1,solar,25.2,60
2023-03-27T21:00:00+00:00,DK1,solar,22.3,60
2023-03-27T22:00:00+00:00,DK1,solar,22.29,60
2023-03-27T23:00:00+00:00,DK1,solar,22.28,60
2023-03-28T00:00:00+00:00,DK1,solar,22.29,60
2023-03-28T01:00:00+00:00,DK1,solar,22.29,60
2023-03-28T02:00:00+00:00,DK1,solar,24.97,60
2023-03-28T03:00:00+00:00,DK1,solar,25.29,60
2023-03-28T04:00:00+00:00,DK1,solar,25.24,60
2023-03-28T05:00:00+00:00,DK1,solar,55.69,60
2023-03-28T06:00:00+00:00,DK1,solar,240.78,60
2023-03-28T07:00:00+00:00,DK1,solar,612.26,60
2023-03-28T08:00:00+00:00,DK1,solar,883.2,60
2023-03-28T09:00:00+00:00,DK1,solar,1007.88,60
2023-03-28T10:00:00+00:00,DK1,solar,894.51,60
2023-03-28T11:00:00+00:00,DK1,solar,846.97,60
2023-03-28T12:00:00+00:00,DK1,solar,715.65,60
2023-03-28T13:00:00+00:00,DK1,solar,521.53,60
2023-03-28T14:00:00+00:00,DK1,solar,512.28,60
2023-03-28T15:00:00+00:00,DK1,solar,337.5,60
2023-03-28T16:00:00+00:00,DK1,solar,147.85,60
2023-03-28T17:00:00+00:00,DK1,solar,23.75,60
2023-03-28T18:00:00+00:00,DK1,solar,0.35,60
2023-03-28T19:00:00+00:00,DK1,solar,0.4,60
2023-03-28T20:00:00+00:00,DK1,solar,0.4,60
2023-03-28T21:00:00+00:00,DK1,solar,0.4,60
2023-03-28T22:00:00+00:00,DK1,solar,0.41,60
2023-03-28T23:00:00+00:00,DK1,solar,0.4,60
2023-03-29T00:00:00+00:00,DK1,solar,0.4,60
2023-03-29T01:00:00+00:00,DK1,solar,0.4,60
2023-03-29T02:00:00+00:00,DK1,solar,0.41,60
2023-03-29T03:00:00+00:00,DK1,solar,0.4,60
2023-03-29T04:00:00+00:00,DK1,solar,2.2,60
2023-03-29T05:00:00+00:00,DK1,solar,14.42,60
2023-03-29T06:00:00+00:00,DK1,solar,58.44,60
2023-03-29T07:00:00+00:00,DK1,solar,132.52,60
2023-03-29T08:00:00+00:00,DK1,solar,222.01,60
2023-03-29T09:00:00+00:00,DK1,solar,219.11,60
2023-03-29T10:00:00+00:00,DK1,solar,212.07,60
2023-03-29T11:00:00+00:00,DK1,solar,226.0,60
2023-03-29T12:00:00+00:00,DK1,solar,202.62,60
2023-03-29T13:00:00+00:00,DK1,solar,151.78,60
2023-03-29T14:00:00+00:00,DK1,solar,145.73,60
2023-03-29T15:00:00+00:00,DK1,solar,94.64,60
2023-03-29T16:00:00+00:00,DK1,solar,36.1,60
2023-03-29T17:00:00+00:00,DK1,solar,5.26,60
2023-03-29T18:00:00+00:00,DK1,solar,0.38,60
2023-03-29T19:00:00+00:00,DK1,solar,0.44,60
2023-03-29T20:00:00+00:00,DK1,solar,0.44,60
2023-03-29T21:00:00+00:00,DK1,solar,0.44,60
2023-03-29T22:00:00+00:00,DK1,solar,0.44,60
2023-03-29T23:00:00+00:00,DK1,solar,0.44,60
2023-03-30T00:00:00+00:00,DK1,solar,0.44,60
2023-03-30T01:00:00+00:00,DK1,solar,0.44,60
2023-03-30T02:00:00+00:00,DK1,solar,0.44,60
2023-03-30T03:00:00+00:00,DK1,solar,0.44,60
2023-03-30T04:00:00+00:00,DK1,solar,0.43,60
2023-03-30T05:00:00+00:00,DK1,solar,1.52,60
2023-03-30T06:00:00+00:00,DK1,solar,17.01,60
2023-03-30T07:00:00+00:00,DK1,solar,43.25,60
2023-03-30T08:00:00+00:00,DK1,solar,75.67,60
2023-03-30T09:00:00+00:00,DK1,solar,113.51,60
2023-03-30T10:00:00+00:00,DK1,solar,154.82,60
2023-03-30T11:00:00+00:00,DK1,solar,187.99,60
2023-03-30T12:00:00+00:00,DK1,solar,209.02,60
2023-03-30T13:00:00+00:00,DK1,solar,209.68,60
2023-03-30T14:00:00+00:00,DK1,solar,162.22,60
2023-03-30T15:00:00+00:00,DK1,solar,97.35,60
2023-03-30T16:00:00+00:00,DK1,solar,52.11,60
2023-03-30T17:00:00+00:00,DK1,solar,12.68,60
2023-03-30T18:00:00+00:00,DK1,solar,0.38,60
2023-03-30T19:00:00+00:00,DK1,solar,4.81,60
2023-03-30T20:00:00+00:00,DK1,solar,5.35,60
2023-03-30T21:00:00+00:00,DK1,solar,5.2,60
2023-03-30T22:00:00+00:00,DK1,solar,0.43,60
2023-03-30T23:00:00+00:00,DK1,solar,0.43,60
2023-03-31T00:00:00+00:00,DK1,solar,0.43,60
2023-03-31T01:00:00+00:00,DK1,solar,0.43,60
2023-03-31T02:00:00+00:00,DK1,solar,0.43,60
2023-03-31T03:00:00+00:00,DK1,solar,0.42,60
2023-03-31T04:00:00+00:00,DK1,solar,0.42,60
2023-03-31T05:00:00+00:00,DK1,solar,15.05,60
2023-03-31T06:00:00+00:00,DK1,solar,68.48,60
2023-03-31T07:00:00+00:00,DK1,solar,138.44,60
2023-03-31T08:00:00+00:00,DK1,solar,222.94,60
2023-03-31T09:00:00+00:00,DK1,solar,285.03,60
2023-03-31T10:00:00+00:00,DK1,solar,323.34,60
2023-03-31T11:00:00+00:00,DK1,solar,377.3,60
2023-03-31T12:00:00+00:00,DK1,solar,380.33,60
2023-03-31T13:00:00+00:00,DK1,solar,292.96,60
2023-03-31T14:00:00+00:00,DK1,solar,178.74,60
2023-03-31T15:00:00+00:00,DK1,solar,125.45,60
2023-03-31T16:00:00+00:00,DK1,solar,63.42,60
2023-03-31T17:00:00+00:00,DK1,solar,12.99,60
2023-03-31T18:00:00+00:00,DK1,solar,0.38,60
2023-03-31T19:00:00+00:00,DK1,solar,0.43,60
2023-03-31T20:00:00+00:00,DK1,solar,0.44,60
2023-03-31T21:00:00+00:00,DK1,solar,0.44,60
2023-03-31T22:00:00+00:00,DK1,solar,0.44,60
2023-03-31T23:00:00+00:00,DK1,solar,0.44,60
2023-04-01T00:00:00+00:00,DK1,solar,0.43,60
2023-04-01T01:00:00+00:00,DK1,solar,0.43,60
2023-04-01T02:00:00+00:00,DK1,solar,0.43,60
2023-04-01T03:00:00+00:00,DK1,solar,0.43,60
2023-04-01T04:00:00+00:00,DK1,solar,0.62,60
2023-04-01T05:00:00+00:00,DK1,solar,20.98,60
2023-04-01T06:00:00+00:00,DK1,solar,145.06,60
2023-04-01T07:00:00+00:00,DK1,solar,381.6,60
2023-04-01T08:00:00+00:00,DK1,solar,655.61,60
2023-04-01T09:00:00+00:00,DK1,solar,871.64,60
2023-04-01T10:00:00+00:00,DK1,solar,1046.08,60
2023-04-01T11:00:00+00:00,DK1,solar,1214.81,60
2023-04-01T12:00:00+00:00,DK1,solar,1275.74,60
2023-04-01T13:00:00+00:00,DK1,solar,1247.56,60
2023-04-01T14:00:00+00:00,DK1,solar,1118.42,60
2023-04-01T15:00:00+00:00,DK1,solar,815.57,60
2023-04-01T16:00:00+00:00,DK1,solar,372.03,60
2023-04-01T17:00:00+00:00,DK1,solar,62.24,60
2023-04-01T18:00:00+00:00,DK1,solar,1.48,60
2023-04-01T19:00:00+00:00,DK1,solar,0.44,60
2023-04-01T20:00:00+00:00,DK1,solar,0.45,60
2023-04-01T21:00:00+00:00,DK1,solar,0.45,60
2023-04-01T22:00:00+00:00,DK1,solar,0.49,60
2023-04-01T23:00:00+00:00,DK1,solar,3.37,60
2023-04-02T00:00:00+00:00,DK1,solar,1.88,60
2023-04-02T01:00:00+00:00,DK1,solar,0.44,60
2023-04-02T02:00:00+00:00,DK1,solar,0.44,60
2023-04-02T03:00:00+00:00,DK1,solar,0.44,60
2023-04-02T04:00:00+00:00,DK1,solar,1.2,60
2023-04-02T05:00:00+00:00,DK1,solar,79.08,60
2023-04-02T06:00:00+00:00,DK1,solar,407.95,60
2023-04-02T07:00:00+00:00,DK1,solar,865.97,60
2023-04-02T08:00:00+00:00,DK1,solar,1255.02,60
2023-04-02T09:00:00+00:00,DK1,solar,1475.65,60
2023-04-02T10:00:00+00:00,DK1,solar,1573.96,60
2023-04-02T11:00:00+00:00,DK1,solar,1586.34,60
2023-04-02T12:00:00+00:00,DK1,solar,1557.78,60
2023-04-02T13:00:00+00:00,DK1,solar,1464.54,60
2023-04-02T14:00:00+00:00,DK1,solar,1238.79,60
2023-04-02T15:00:00+00:00,DK1,solar,849.17,60
2023-04-02T16:00:00+00:00,DK1,solar,357.26,60
2023-04-02T17:00:00+00:00,DK1,solar,60.94,60
2023-04-02T18:00:00+00:00,DK1,solar,1.82,60
2023-04-02T19:00:00+00:00,DK1,solar,0.39,60
2023-04-02T20:00:00+00:00,DK1,solar,0.41,60
2023-04-02T21:00:00+00:00,DK1,solar,0.42,60
2023-04-02T22:00:00+00:00,DK1,solar,0.43,60
2023-04-02T23:00:00+00:00,DK1,solar,0.43,60
2023-04-03T00:00:00+00:00,DK1,solar,0.42,60
2023-04-03T01:00:00+00:00,DK1,solar,0.43,60
2023-04-03T02:00:00+00:00,DK1,solar,0.43,60
2023-04-03T03:00:00+00:00,DK1,solar,0.41,60
2023-04-03T04:00:00+00:00,DK1,solar,1.69,60
2023-04-03T05:00:00+00:00,DK1,solar,80.07,60
2023-04-03T06:00:00+00:00,DK1,solar,381.1,60
2023-04-03T07:00:00+00:00,DK1,solar,773.21,60
2023-04-03T08:00:00+00:00,DK1,solar,1099.43,60
2023-04-03T09:00:00+00:00,DK1,solar,1301.4,60
2023-04-03T10:00:00+00:00,DK1,solar,1384.4,60
2023-04-03T11:00:00+00:00,DK1,solar,1416.94,60
2023-04-03T12:00:00+00:00,DK1,solar,1420.86,60
2023-04-03T13:00:00+00:00,DK1,solar,1321.03,60
2023-04-03T14:00:00+00:00,DK1,solar,1120.91,60
2023-04-03T15:00:00+00:00,DK1,solar,740.54,60
2023-04-03T16:00:00+00:00,DK1,solar,296.67,60
2023-04-03T17:00:00+00:00,DK1,solar,60.81,60
2023-04-03T18:00:00+00:00,DK1,solar,1.74,60
2023-04-03T19:00:00+00:00,DK1,solar,0.42,60
2023-04-03T20:00:00+00:00,DK1,solar,0.43,60
2023-04-03T21:00:00+00:00,DK1,solar,0.43,60
2023-04-03T22:00:00+00:00,DK1,solar,0.44,60
2023-04-03T23:00:00+00:00,DK1,solar,0.45,60
2023-04-04T00:00:00+00:00,DK1,solar,0.43,60
2023-04-04T01:00:00+00:00,DK1,solar,0.42,60
2023-04-04T02:00:00+00:00,DK1,solar,0.43,60
2023-04-04T03:00:00+00:00,DK1,solar,0.42,60
2023-04-04T04:00:00+00:00,DK1,solar,1.75,60
2023-04-04T05:00:00+00:00,DK1,solar,87.12,60
2023-04-04T06:00:00+00:00,DK1,solar,380.03,60
2023-04-04T07:00:00+00:00,DK1,solar,623.58,60
2023-04-04T08:00:00+00:00,DK1,solar,861.18,60
2023-04-04T09:00:00+00:00,DK1,solar,1123.97,60
2023-04-04T10:00:00+00:00,DK1,solar,1206.85,60
2023-04-04T11:00:00+00:00,DK1,solar,1212.5,60
2023-04-04T12:00:00+00:00,DK1,solar,1106.32,60
2023-04-04T13:00:00+00:00,DK1,solar,986.56,60
2023-04-04T14:00:00+00:00,DK1,solar,744.75,60
2023-04-04T15:00:00+00:00,DK1,solar,514.85,60
2023-04-04T16:00:00+00:00,DK1,solar,259.82,60
2023-04-04T17:00:00+00:00,DK1,solar,56.51,60
2023-04-04T18:00:00+00:00,DK1,solar,1.2,60
2023-04-04T19:00:00+00:00,DK1,solar,0.44,60
2023-04-04T20:00:00+00:00,DK1,solar,0.44,60
2023-04-04T21:00:00+00:00,DK1,solar,0.45,60
2023-04-04T22:00:00+00:00,DK1,solar,0.45,60
2023-04-04T23:00:00+00:00,DK1,solar,0.45,60
2023-04-05T00:00:00+00:00,DK1,solar,0.46,60
2023-04-05T01:00:00+00:00,DK1,solar,0.45,60
2023-04-05T02:00:00+00:00,DK1,solar,0.46,60
2023-04-05T03:00:00+00:00,DK1,solar,0.45,60
2023-04-05T04:00:00+00:00,DK1,solar,2.75,60
2023-04-05T05:00:00+00:00,DK1,solar,71.85,60
2023-04-05T06:00:00+00:00,DK1,solar,247.34,60
2023-04-05T07:00:00+00:00,DK1,solar,551.52,60
2023-04-05T08:00:00+00:00,DK1,solar,1005.72,60
2023-04-05T09:00:00+00:00,DK1,solar,1456.06,60
2023-04-05T10:00:00+00:00,DK1,solar,1448.34,60
2023-04-05T11:00:00+00:00,DK1,solar,1314.35,60
2023-04-05T12:00:00+00:00,DK1,solar,1269.39,60
2023-04-05T13:00:00+00:00,DK1,solar,1197.79,60
2023-04-05T14:00:00+00:00,DK1,solar,940.98,60
2023-04-05T15:00:00+00:00,DK1,solar,699.43,60
2023-04-05T16:00:00+00:00,DK1,solar,335.68,60
2023-04-05T17:00:00+00:00,DK1,solar,68.23,60
2023-04-05T18:00:00+00:00,DK1,solar,1.77,60
2023-04-05T19:00:00+00:00,DK1,solar,0.43,60
2023-04-05T20:00:00+00:00,DK1,solar,0.44,60
2023-04-05T21:00:00+00:00,DK1,solar,0.44,60
2023-04-05T22:00:00+00:00,DK1,solar,0.45,60
2023-04-05T23:00:00+00:00,DK1,solar,0.45,60
2023-04-06T00:00:00+00:00,DK1,solar,0.45,60
2023-04-06T01:00:00+00:00,DK1,solar,0.45,60
2023-04-06T02:00:00+00:00,DK1,solar,0.45,60
2023-04-06T03:00:00+00:00,DK1,solar,0.45,60
2023-04-06T04:00:00+00:00,DK1,solar,0.99,60
2023-04-06T05:00:00+00:00,DK1,solar,52.42,60
2023-04-06T06:00:00+00:00,DK1,solar,255.28,60
2023-04-06T07:00:00+00:00,DK1,solar,577.68,60
2023-04-06T08:00:00+00:00,DK1,solar,889.28,60
2023-04-06T09:00:00+00:00,DK1,solar,1112.87,60
2023-04-06T10:00:00+00:00,DK1,solar,1168.83,60
2023-04-06T11:00:00+00:00,DK1,solar,1124.55,60
2023-04-06T12:00:00+00:00,DK1,solar,1053.45,60
2023-04-06T13:00:00+00:00,DK1,solar,1027.1,60
2023-04-06T14:00:00+00:00,DK1,solar,954.56,60
2023-04-06T15:00:00+00:00,DK1,solar,687.03,60
2023-04-06T16:00:00+00:00,DK1,solar,333.54,60
2023-04-06T17:00:00+00:00,DK1,solar,71.83,60
2023-04-06T18:00:00+00:00,DK1,solar,2.5,60
2023-04-06T19:00:00+00:00,DK1,solar,0.42,60
2023-04-06T20:00:00+00:00,DK1,solar,0.43,60
2023-04-06T21:00:00+00:00,DK1,solar,0.44,60
2023-04-06T22:00:00+00:00,DK1,solar,0.44,60
2023-04-06T23:00:00+00:00,DK1,solar,0.44,60
2023-04-07T00:00:00+00:00,DK1,solar,0.45,60
2023-04-07T01:00:00+00:00,DK1,solar,0.45,60
2023-04-07T02:00:00+00:00,DK1,solar,0.45,60
2023-04-07T03:00:00+00:00,DK1,solar,0.45,60
2023-04-07T04:00:00+00:00,DK1,solar,4.69,60
2023-04-07T05:00:00+00:00,DK1,solar,109.51,60
2023-04-07T06:00:00+00:00,DK1,solar,453.78,60
2023-04-07T07:00:00+00:00,DK1,solar,933.65,60
2023-04-07T08:00:00+00:00,DK1,solar,1296.89,60
2023-04-07T09:00:00+00:00,DK1,solar,1517.73,60
2023-04-07T10:00:00+00:00,DK1,solar,1602.79,60
2023-04-07T11:00:00+00:00,DK1,solar,1626.75,60
2023-04-07T12:00:00+00:00,DK1,solar,1578.2,60
2023-04-07T13:00:00+00:00,DK1,solar,1445.34,60
2023-04-07T14:00:00+00:00,DK1,solar,1162.06,60
2023-04-07T15:00:00+00:00,DK1,solar,752.3,60
2023-04-07T16:00:00+00:00,DK1,solar,312.17,60
2023-04-07T17:00:00+00:00,DK1,solar,76.55,60
2023-04-07T18:00:00+00:00,DK1,solar,3.65,60
2023-04-07T19:00:00+00:00,DK1,solar,0.39,60
2023-04-07T20:00:00+00:00,DK1,solar,0.39,60
2023-04-07T21:00:00+00:00,DK1,solar,0.41,60
2023-04-07T22:00:00+00:00,DK1,solar,0.41,60
2023-04-07T23:00:00+00:00,DK1,solar,0.42,60
2023-04-08T00:00:00+00:00,DK1,solar,0.4,60
2023-04-08T01:00:00+00:00,DK1,solar,0.41,60
2023-04-08T02:00:00+00:00,DK1,solar,0.42,60
2023-04-08T03:00:00+00:00,DK1,solar,0.42,60
2023-04-08T04:00:00+00:00,DK1,solar,3.44,60
2023-04-08T05:00:00+00:00,DK1,solar,78.56,60
2023-04-08T06:00:00+00:00,DK1,solar,288.85,60
2023-04-08T07:00:00+00:00,DK1,solar,518.96,60
2023-04-08T08:00:00+00:00,DK1,solar,744.78,60
2023-04-08T09:00:00+00:00,DK1,solar,1066.4,60
2023-04-08T10:00:00+00:00,DK1,solar,1376.9,60
2023-04-08T11:00:00+00:00,DK1,solar,1508.28,60
2023-04-08T12:00:00+00:00,DK1,solar,1462.19,60
2023-04-08T13:00:00+00:00,DK1,solar,1297.17,60
2023-04-08T14:00:00+00:00,DK1,solar,1051.47,60
2023-04-08T15:00:00+00:00,DK1,solar,771.36,60
2023-04-08T16:00:00+00:00,DK1,solar,338.59,60
2023-04-08T17:00:00+00:00,DK1,solar,76.96,60
2023-04-08T18:00:00+00:00,DK1,solar,2.88,60
2023-04-08T19:00:00+00:00,DK1,solar,0.38,60
2023-04-08T20:00:00+00:00,DK1,solar,0.39,60
2023-04-08T21:00:00+00:00,DK1,solar,0.4,60
2023-04-08T22:00:00+00:00,DK1,solar,0.41,60
2023-04-08T23:00:00+00:00,DK1,solar,0.41,60
2023-04-09T00:00:00+00:00,DK1,solar,0.42,60
2023-04-09T01:00:00+00:00,DK1,solar,0.42,60
2023-04-09T02:00:00+00:00,DK1,solar,0.42,60
2023-04-09T03:00:00+00:00,DK1,solar,0.42,60
2023-04-09T04:00:00+00:00,DK1,solar,4.88,60
2023-04-09T05:00:00+00:00,DK1,solar,98.45,60
2023-04-09T06:00:00+00:00,DK1,solar,359.38,60
2023-04-09T07:00:00+00:00,DK1,solar,738.81,60
2023-04-09T08:00:00+00:00,DK1,solar,1074.95,60
2023-04-09T09:00:00+00:00,DK1,solar,1224.94,60
2023-04-09T10:00:00+00:00,DK1,solar,1324.82,60
2023-04-09T11:00:00+00:00,DK1,solar,1362.77,60
2023-04-09T12:00:00+00:00,DK1,solar,1266.72,60
2023-04-09T13:00:00+00:00,DK1,solar,1001.51,60
2023-04-09T14:00:00+00:00,DK1,solar,767.28,60
2023-04-09T15:00:00+00:00,DK1,solar,518.54,60
2023-04-09T16:00:00+00:00,DK1,solar,276.12,60
2023-04-09T17:00:00+00:00,DK1,solar,78.01,60
2023-04-09T18:00:00+00:00,DK1,solar,3.05,60
2023-04-09T19:00:00+00:00,DK1,solar,0.41,60
2023-04-09T20:00:00+00:00,DK1,solar,0.42,60
2023-04-09T21:00:00+00:00,DK1,solar,0.43,60
2023-04-09T22:00:00+00:00,DK1,solar,0.43,60
2023-04-09T23:00:00+00:00,DK1,solar,0.44,60
2023-04-10T00:00:00+00:00,DK1,solar,0.44,60
2023-04-10T01:00:00+00:00,DK1,solar,0.44,60
2023-04-10T02:00:00+00:00,DK1,solar,0.45,60
2023-04-10T03:00:00+00:00,DK1,solar,2.1,60
2023-04-10T04:00:00+00:00,DK1,solar,10.08,60
2023-04-10T05:00:00+00:00,DK1,solar,132.93,60
2023-04-10T06:00:00+00:00,DK1,solar,326.52,60
2023-04-10T07:00:00+00:00,DK1,solar,625.23,60
2023-04-10T08:00:00+00:00,DK1,solar,1026.65,60
2023-04-10T09:00:00+00:00,DK1,solar,1166.35,60
2023-04-10T10:00:00+00:00,DK1,solar,1176.43,60
2023-04-10T11:00:00+00:00,DK1,solar,1109.44,60
2023-04-10T12:00:00+00:00,DK1,solar,952.24,60
2023-04-10T13:00:00+00:00,DK1,solar,768.97,60
2023-04-10T14:00:00+00:00,DK1,solar,583.33,60
2023-04-10T15:00:00+00:00,DK1,solar,399.43,60
2023-04-10T16:00:00+00:00,DK1,solar,154.56,60
2023-04-10T17:00:00+00:00,DK1,solar,37.81,60
2023-04-10T18:00:00+00:00,DK1,solar,0.74,60
2023-04-10T19:00:00+00:00,DK1,solar,0.42,60
2023-04-10T20:00:00+00:00,DK1,solar,0.4,60
2023-04-10T21:00:00+00:00,DK1,solar,0.41,60
2023-04-10T22:00:00+00:00,DK1,solar,0.42,60
2023-04-10T23:00:00+00:00,DK1,solar,0.43,60
2023-04-11T00:00:00+00:00,DK1,solar,0.42,60
2023-04-11T01:00:00+00:00,DK1,solar,0.42,60
2023-04-11T02:00:00+00:00,DK1,solar,0.41,60
2023-04-11T03:00:00+00:00,DK1,solar,0.42,60
2023-04-11T04:00:00+00:00,DK1,solar,1.98,60
2023-04-11T05:00:00+00:00,DK1,solar,52.2,60
2023-04-11T06:00:00+00:00,DK1,solar,188.7,60
2023-04-11T07:00:00+00:00,DK1,solar,361.37,60
2023-04-11T08:00:00+00:00,DK1,solar,548.36,60
2023-04-11T09:00:00+00:00,DK1,solar,702.26,60
2023-04-11T10:00:00+00:00,DK1,solar,868.55,60
2023-04-11T11:00:00+00:00,DK1,solar,838.46,60
2023-04-11T12:00:00+00:00,DK1,solar,946.89,60
2023-04-11T13:00:00+00:00,DK1,solar,866.64,60
2023-04-11T14:00:00+00:00,DK1,solar,644.66,60
2023-04-11T15:00:00+00:00,DK1,solar,464.84,60
2023-04-11T16:00:00+00:00,DK1,solar,236.61,60
2023-04-11T17:00:00+00:00,DK1,solar,60.93,60
2023-04-11T18:00:00+00:00,DK1,solar,2.86,60
2023-04-11T19:00:00+00:00,DK1,solar,0.3,60
2023-04-11T20:00:00+00:00,DK1,solar,0.28,60
2023-04-11T21:00:00+00:00,DK1,solar,0.31,60
2023-04-11T22:00:00+00:00,DK1,solar,0.27,60
2023-04-11T23:00:00+00:00,DK1,solar,0.31,60
2023-04-12T00:00:00+00:00,DK1,solar,0.28,60
2023-04-12T01:00:00+00:00,DK1,solar,0.29,60
2023-04-12T02:00:00+00:00,DK1,solar,2.07,60
2023-04-12T03:00:00+00:00,DK1,solar,2.27,60
2023-04-12T04:00:00+00:00,DK1,solar,16.89,60
2023-04-12T05:00:00+00:00,DK1,solar,141.76,60
2023-04-12T06:00:00+00:00,DK1,solar,412.83,60
2023-04-12T07:00:00+00:00,DK1,solar,586.97,60
2023-04-12T08:00:00+00:00,DK1,solar,659.6,60
2023-04-12T09:00:00+00:00,DK1,solar,582.0,60
2023-04-12T10:00:00+00:00,DK1,solar,439.8,60
2023-04-12T11:00:00+00:00,DK1,solar,372.92,60
2023-04-12T12:00:00+00:00,DK1,solar,288.96,60
2023-04-12T13:00:00+00:00,DK1,solar,196.63,60
2023-04-12T14:00:00+00:00,DK1,solar,156.52,60
2023-04-12T15:00:00+00:00,DK1,solar,117.81,60
2023-04-12T16:00:00+00:00,DK1,solar,78.35,60
2023-04-12T17:00:00+00:00,DK1,solar,23.08,60
2023-04-12T18:00:00+00:00,DK1,solar,0.89,60
2023-04-12T19:00:00+00:00,DK1,solar,0.34,60
2023-04-12T20:00:00+00:00,DK1,solar,0.33,60
2023-04-12T21:00:00+00:00,DK1,solar,0.32,60
2023-04-12T22:00:00+00:00,DK1,solar,0.32,60
2023-04-12T23:00:00+00:00,DK1,solar,0.3,60
2023-04-13T00:00:00+00:00,DK1,solar,0.32,60
2023-04-13T01:00:00+00:00,DK1,solar,0.3,60
2023-04-13T02:00:00+00:00,DK1,solar,0.31,60
2023-04-13T03:00:00+00:00,DK1,solar,0.31,60
2023-04-13T04:00:00+00:00,DK1,solar,8.35,60
2023-04-13T05:00:00+00:00,DK1,solar,112.04,60
2023-04-13T06:00:00+00:00,DK1,solar,404.95,60
2023-04-13T07:00:00+00:00,DK1,solar,785.59,60
2023-04-13T08:00:00+00:00,DK1,solar,961.72,60
2023-04-13T09:00:00+00:00,DK1,solar,855.58,60
2023-04-13T10:00:00+00:00,DK1,solar,660.75,60
2023-04-13T11:00:00+00:00,DK1,solar,697.13,60
2023-04-13T12:00:00+00:00,DK1,solar,776.17,60
2023-04-13T13:00:00+00:00,DK1,solar,817.6,60
2023-04-13T14:00:00+00:00,DK1,solar,607.95,60
2023-04-13T15:00:00+00:00,DK1,solar,490.92,60
2023-04-13T16:00:00+00:00,DK1,solar,261.25,60
2023-04-13T17:00:00+00:00,DK1,solar,83.01,60
2023-04-13T18:00:00+00:00,DK1,solar,5.97,60
2023-04-13T19:00:00+00:00,DK1,solar,2.18,60
2023-04-13T20:00:00+00:00,DK1,solar,2.15,60
2023-04-13T21:00:00+00:00,DK1,solar,0.3,60
2023-04-13T22:00:00+00:00,DK1,solar,0.3,60
2023-04-13T23:00:00+00:00,DK1,solar,0.3,60
2023-04-14T00:00:00+00:00,DK1,solar,0.31,60
2023-04-14T01:00:00+00:00,DK1,solar,0.3,60
2023-04-14T02:00:00+00:00,DK1,solar,0.3,60
2023-04-14T03:00:00+00:00,DK1,solar,0.31,60
2023-04-14T04:00:00+00:00,DK1,solar,10.66,60
2023-04-14T05:00:00+00:00,DK1,solar,110.87,60
2023-04-14T06:00:00+00:00,DK1,solar,348.92,60
2023-04-14T07:00:00+00:00,DK1,solar,694.39,60
2023-04-14T08:00:00+00:00,DK1,solar,952.78,60
2023-04-14T09:00:00+00:00,DK1,solar,1065.13,60
2023-04-14T10:00:00+00:00,DK1,solar,1054.75,60
2023-04-14T11:00:00+00:00,DK1,solar,961.74,60
2023-04-14T12:00:00+00:00,DK1,solar,854.32,60
2023-04-14T13:00:00+00:00,DK1,solar,693.48,60
2023-04-14T14:00:00+00:00,DK1,solar,538.76,60
2023-04-14T15:00:00+00:00,DK1,solar,422.96,60
2023-04-14T16:00:00+00:00,DK1,solar,205.75,60
2023-04-14T17:00:00+00:00,DK1,solar,100.89,60
2023-04-14T18:00:00+00:00,DK1,solar,16.61,60
2023-04-14T19:00:00+00:00,DK1,solar,0.3,60
2023-04-14T20:00:00+00:00,DK1,solar,0.31,60
2023-04-14T21:00:00+00:00,DK1,solar,0.31,60
2023-04-14T22:00:00+00:00,DK1,solar,0.32,60
2023-04-14T23:00:00+00:00,DK1,solar,0.32,60
2023-04-15T00:00:00+00:00,DK1,solar,0.28,60
2023-04-15T01:00:00+00:00,DK1,solar,0.28,60
2023-04-15T02:00:00+00:00,DK1,solar,0.26,60
2023-04-15T03:00:00+00:00,DK1,solar,0.26,60
2023-04-15T04:00:00+00:00,DK1,solar,1.71,60
2023-04-15T05:00:00+00:00,DK1,solar,30.44,60
2023-04-15T06:00:00+00:00,DK1,solar,87.59,60
2023-04-15T07:00:00+00:00,DK1,solar,162.13,60
2023-04-15T08:00:00+00:00,DK1,solar,241.64,60
2023-04-15T09:00:00+00:00,DK1,solar,378.32,60
2023-04-15T10:00:00+00:00,DK1,solar,677.66,60
2023-04-15T11:00:00+00:00,DK1,solar,869.92,60
2023-04-15T12:00:00+00:00,DK1,solar,937.9,60
2023-04-15T13:00:00+00:00,DK1,solar,736.68,60
2023-04-15T14:00:00+00:00,DK1,solar,498.71,60
2023-04-15T15:00:00+00:00,DK1,solar,311.77,60
2023-04-15T16:00:00+00:00,DK1,solar,152.17,60
2023-04-15T17:00:00+00:00,DK1,solar,54.45,60
2023-04-15T18:00:00+00:00,DK1,solar,2.86,60
2023-04-15T19:00:00+00:00,DK1,solar,0.3,60
2023-04-15T20:00:00+00:00,DK1,solar,0.31,60
2023-04-15T21:00:00+00:00,DK1,solar,0.31,60
2023-04-15T22:00:00+00:00,DK1,solar,0.31,60
2023-04-15T23:00:00+00:00,DK1,solar,0.31,60
2023-04-16T00:00:00+00:00,DK1,solar,0.32,60
2023-04-16T01:00:00+00:00,DK1,solar,0.32,60
2023-04-16T02:00:00+00:00,DK1,solar,0.33,60
2023-04-16T03:00:00+00:00,DK1,solar,0.31,60
2023-04-16T04:00:00+00:00,DK1,solar,6.22,60
2023-04-16T05:00:00+00:00,DK1,solar,57.0,60
2023-04-16T06:00:00+00:00,DK1,solar,140.48,60
2023-04-16T07:00:00+00:00,DK1,solar,257.98,60
2023-04-16T08:00:00+00:00,DK1,solar,482.15,60
2023-04-16T09:00:00+00:00,DK1,solar,743.94,60
2023-04-16T10:00:00+00:00,DK1,solar,950.43,60
2023-04-16T11:00:00+00:00,DK1,solar,1019.17,60
2023-04-16T12:00:00+00:00,DK1,solar,990.82,60
2023-04-16T13:00:00+00:00,DK1,solar,946.57,60
2023-04-16T14:00:00+00:00,DK1,solar,775.91,60
2023-04-16T15:00:00+00:00,DK1,solar,563.25,60
2023-04-16T16:00:00+00:00,DK1,solar,277.31,60
2023-04-16T17:00:00+00:00,DK1,solar,91.01,60
2023-04-16T18:00:00+00:00,DK1,solar,6.43,60
2023-04-16T19:00:00+00:00,DK1,solar,0.31,60
2023-04-16T20:00:00+00:00,DK1,solar,0.31,60
2023-04-16T21:00:00+00:00,DK1,solar,0.33,60
2023-04-16T22:00:00+00:00,DK1,solar,0.34,60
2023-04-16T23:00:00+00:00,DK1,solar,0.35,60
2023-04-17T00:00:00+00:00,DK1,solar,0.35,60
2023-04-17T01:00:00+00:00,DK1,solar,0.34,60
2023-04-17T02:00:00+00:00,DK1,solar,0.31,60
2023-04-17T03:00:00+00:00,DK1,solar,0.33,60
2023-04-17T04:00:00+00:00,DK1,solar,24.94,60
2023-04-17T05:00:00+00:00,DK1,solar,191.7,60
2023-04-17T06:00:00+00:00,DK1,solar,590.29,60
2023-04-17T07:00:00+00:00,DK1,solar,1033.57,60
2023-04-17T08:00:00+00:00,DK1,solar,1362.2,60
2023-04-17T09:00:00+00:00,DK1,solar,1547.68,60
2023-04-17T10:00:00+00:00,DK1,solar,1634.27,60
2023-04-17T11:00:00+00:00,DK1,solar,1666.9,60
2023-04-17T12:00:00+00:00,DK1,solar,1655.25,60
2023-04-17T13:00:00+00:00,DK1,solar,1590.82,60
2023-04-17T14:00:00+00:00,DK1,solar,1317.09,60
2023-04-17T15:00:00+00:00,DK1,solar,971.6,60
2023-04-17T16:00:00+00:00,DK1,solar,505.66,60
2023-04-17T17:00:00+00:00,DK1,solar,138.27,60
2023-04-17T18:00:00+00:00,DK1,solar,13.02,60
2023-04-17T19:00:00+00:00,DK1,solar,0.39,60
2023-04-17T20:00:00+00:00,DK1,solar,0.3,60
2023-04-17T21:00:00+00:00,DK1,solar,0.3,60
2023-04-17T22:00:00+00:00,DK1,solar,0.3,60
2023-04-17T23:00:00+00:00,DK1,solar,0.27,60
2023-04-18T00:00:00+00:00,DK1,solar,0.27,60
2023-04-18T01:00:00+00:00,DK1,solar,0.27,60
2023-04-18T02:00:00+00:00,DK1,solar,0.29,60
2023-04-18T03:00:00+00:00,DK1,solar,0.33,60
2023-04-18T04:00:00+00:00,DK1,solar,24.47,60
2023-04-18T05:00:00+00:00,DK1,solar,198.4,60
2023-04-18T06:00:00+00:00,DK1,solar,603.01,60
2023-04-18T07:00:00+00:00,DK1,solar,1055.25,60
2023-04-18T08:00:00+00:00,DK1,solar,1367.77,60
2023-04-18T09:00:00+00:00,DK1,solar,1561.27,60
2023-04-18T10:00:00+00:00,DK1,solar,1630.42,60
2023-04-18T11:00:00+00:00,DK1,solar,1641.14,60
2023-04-18T12:00:00+00:00,DK1,solar,1604.51,60
2023-04-18T13:00:00+00:00,DK1,solar,1497.46,60
2023-04-18T14:00:00+00:00,DK1,solar,1266.91,60
2023-04-18T15:00:00+00:00,DK1,solar,910.32,60
2023-04-18T16:00:00+00:00,DK1,solar,462.47,60
2023-04-18T17:00:00+00:00,DK1,solar,146.22,60
2023-04-18T18:00:00+00:00,DK1,solar,19.29,60
2023-04-18T19:00:00+00:00,DK1,solar,5.35,60
2023-04-18T20:00:00+00:00,DK1,solar,0.57,60
2023-04-18T21:00:00+00:00,DK1,solar,0.29,60
2023-04-18T22:00:00+00:00,DK1,solar,2.01,60
2023-04-18T23:00:00+00:00,DK1,solar,9.24,60
2023-04-19T00:00:00+00:00,DK1,solar,2.26,60
2023-04-19T01:00:00+00:00,DK1,solar,2.27,60
2023-04-19T02:00:00+00:00,DK1,solar,2.26,60
2023-04-19T03:00:00+00:00,DK1,solar,2.28,60
2023-04-19T04:00:00+00:00,DK1,solar,27.71,60
2023-04-19T05:00:00+00:00,DK1,solar,205.61,60
2023-04-19T06:00:00+00:00,DK1,solar,625.88,60
2023-04-19T07:00:00+00:00,DK1,solar,1083.92,60
2023-04-19T08:00:00+00:00,DK1,solar,1402.42,60
2023-04-19T09:00:00+00:00,DK1,solar,1595.45,60
2023-04-19T10:00:00+00:00,DK1,solar,1650.91,60
2023-04-19T11:00:00+00:00,DK1,solar,1668.89,60
2023-04-19T12:00:00+00:00,DK1,solar,1644.55,60
2023-04-19T13:00:00+00:00,DK1,solar,1544.88,60
2023-04-19T14:00:00+00:00,DK1,solar,1329.52,60
2023-04-19T15:00:00+00:00,DK1,solar,982.62,60
2023-04-19T16:00:00+00:00,DK1,solar,518.9,60
2023-04-19T17:00:00+00:00,DK1,solar,143.17,60
2023-04-19T18:00:00+00:00,DK1,solar,15.92,60
2023-04-19T19:00:00+00:00,DK1,solar,0.38,60
2023-04-19T20:00:00+00:00,DK1,solar,0.29,60
2023-04-19T21:00:00+00:00,DK1,solar,4.75,60
2023-04-19T22:00:00+00:00,DK1,solar,5.22,60
2023-04-19T23:00:00+00:00,DK1,solar,5.22,60
2023-04-20T00:00:00+00:00,DK1,solar,5.23,60
2023-04-20T01:00:00+00:00,DK1,solar,5.22,60
2023-04-20T02:00:00+00:00,DK1,solar,0.58,60
2023-04-20T03:00:00+00:00,DK1,solar,0.37,60
2023-04-20T04:00:00+00:00,DK1,solar,26.78,60
2023-04-20T05:00:00+00:00,DK1,solar,198.25,60
2023-04-20T06:00:00+00:00,DK1,solar,585.63,60
2023-04-20T07:00:00+00:00,DK1,solar,1016.32,60
2023-04-20T08:00:00+00:00,DK1,solar,1169.86,60
2023-04-20T09:00:00+00:00,DK1,solar,1374.23,60
2023-04-20T10:00:00+00:00,DK1,solar,1428.08,60
2023-04-20T11:00:00+00:00,DK1,solar,1589.11,60
2023-04-20T12:00:00+00:00,DK1,solar,1585.51,60
2023-04-20T13:00:00+00:00,DK1,solar,1513.35,60
2023-04-20T14:00:00+00:00,DK1,solar,1283.2,60
2023-04-20T15:00:00+00:00,DK1,solar,925.22,60
2023-04-20T16:00:00+00:00,DK1,solar,483.18,60
2023-04-20T17:00:00+00:00,DK1,solar,147.11,60
2023-04-20T18:00:00+00:00,DK1,solar,19.92,60
2023-04-20T19:00:00+00:00,DK1,solar,2.46,60
2023-04-20T20:00:00+00:00,DK1,solar,2.28,60
2023-04-20T21:00:00+00:00,DK1,solar,0.41,60
2023-04-20T22:00:00+00:00,DK1,solar,0.3,60
2023-04-20T23:00:00+00:00,DK1,solar,0.32,60
2023-04-21T00:00:00+00:00,DK1,solar,0.26,60
2023-04-21T01:00:00+00:00,DK1,solar,2.06,60
2023-04-21T02:00:00+00:00,DK1,solar,2.2,60
2023-04-21T03:00:00+00:00,DK1,solar,2.27,60
2023-04-21T04:00:00+00:00,DK1,solar,33.24,60
2023-04-21T05:00:00+00:00,DK1,solar,212.98,60
2023-04-21T06:00:00+00:00,DK1,solar,624.21,60
2023-04-21T07:00:00+00:00,DK1,solar,1070.14,60
2023-04-21T08:00:00+00:00,DK1,solar,1400.05,60
2023-04-21T09:00:00+00:00,DK1,solar,1594.46,60
2023-04-21T10:00:00+00:00,DK1,solar,1660.74,60
2023-04-21T11:00:00+00:00,DK1,solar,1675.22,60
2023-04-21T12:00:00+00:00,DK1,solar,1645.33,60
2023-04-21T13:00:00+00:00,DK1,solar,1547.53,60
2023-04-21T14:00:00+00:00,DK1,solar,1332.3,60
2023-04-21T15:00:00+00:00,DK1,solar,996.01,60
2023-04-21T16:00:00+00:00,DK1,solar,533.66,60
2023-04-21T17:00:00+00:00,DK1,solar,156.99,60
2023-04-21T18:00:00+00:00,DK1,solar,20.8,60
2023-04-21T19:00:00+00:00,DK1,solar,3.41,60
2023-04-21T20:00:00+00:00,DK1,solar,3.29,60
2023-04-21T21:00:00+00:00,DK1,solar,3.3,60
2023-04-21T22:00:00+00:00,DK1,solar,5.2,60
2023-04-21T23:00:00+00:00,DK1,solar,3.47,60
2023-04-22T00:00:00+00:00,DK1,solar,0.59,60
2023-04-22T01:00:00+00:00,DK1,solar,0.33,60
2023-04-22T02:00:00+00:00,DK1,solar,2.04,60
2023-04-22T03:00:00+00:00,DK1,solar,1.34,60
2023-04-22T04:00:00+00:00,DK1,solar,35.98,60
2023-04-22T05:00:00+00:00,DK1,solar,217.85,60
2023-04-22T06:00:00+00:00,DK1,solar,619.38,60
2023-04-22T07:00:00+00:00,DK1,solar,1057.49,60
2023-04-22T08:00:00+00:00,DK1,solar,1359.69,60
2023-04-22T09:00:00+00:00,DK1,solar,1506.25,60
2023-04-22T10:00:00+00:00,DK1,solar,1509.46,60
2023-04-22T11:00:00+00:00,DK1,solar,1454.77,60
2023-04-22T12:00:00+00:00,DK1,solar,1337.85,60
2023-04-22T13:00:00+00:00,DK1,solar,1244.64,60
2023-04-22T14:00:00+00:00,DK1,solar,1020.81,60
2023-04-22T15:00:00+00:00,DK1,solar,624.31,60
2023-04-22T16:00:00+00:00,DK1,solar,336.7,60
2023-04-22T17:00:00+00:00,DK1,solar,118.55,60
2023-04-22T18:00:00+00:00,DK1,solar,11.48,60
2023-04-22T19:00:00+00:00,DK1,solar,3.15,60
2023-04-22T20:00:00+00:00,DK1,solar,0.67,60
2023-04-22T21:00:00+00:00,DK1,solar,0.28,60
2023-04-22T22:00:00+00:00,DK1,solar,0.29,60
2023-04-22T23:00:00+00:00,DK1,solar,0.3,60
2023-04-23T00:00:00+00:00,DK1,solar,0.31,60
2023-04-23T01:00:00+00:00,DK1,solar,0.31,60
2023-04-23T02:00:00+00:00,DK1,solar,0.29,60
2023-04-23T03:00:00+00:00,DK1,solar,0.29,60
2023-04-23T04:00:00+00:00,DK1,solar,13.27,60
2023-04-23T05:00:00+00:00,DK1,solar,118.68,60
2023-04-23T06:00:00+00:00,DK1,solar,300.21,60
2023-04-23T07:00:00+00:00,DK1,solar,566.04,60
2023-04-23T08:00:00+00:00,DK1,solar,832.31,60
2023-04-23T09:00:00+00:00,DK1,solar,1032.17,60
2023-04-23T10:00:00+00:00,DK1,solar,1281.84,60
2023-04-23T11:00:00+00:00,DK1,solar,1381.34,60
2023-04-23T12:00:00+00:00,DK1,solar,1176.18,60
2023-04-23T13:00:00+00:00,DK1,solar,922.37,60
2023-04-23T14:00:00+00:00,DK1,solar,810.36,60
2023-04-23T15:00:00+00:00,DK1,solar,496.43,60
2023-04-23T16:00:00+00:00,DK1,solar,283.0,60
2023-04-23T17:00:00+00:00,DK1,solar,116.78,60
2023-04-23T18:00:00+00:00,DK1,solar,19.54,60
2023-04-23T19:00:00+00:00,DK1,solar,0.47,60
2023-04-23T20:00:00+00:00,DK1,solar,0.28,60
2023-04-23T21:00:00+00:00,DK1,solar,0.25,60
2023-04-23T22:00:00+00:00,DK1,solar,0.25,60
2023-04-23T23:00:00+00:00,DK1,solar,0.25,60
2023-04-24T00:00:00+00:00,DK1,solar,0.27,60
2023-04-24T01:00:00+00:00,DK1,solar,0.28,60
2023-04-24T02:00:00+00:00,DK1,solar,0.28,60
2023-04-24T03:00:00+00:00,DK1,solar,3.65,60
2023-04-24T04:00:00+00:00,DK1,solar,10.95,60
2023-04-24T05:00:00+00:00,DK1,solar,66.42,60
2023-04-24T06:00:00+00:00,DK1,solar,141.46,60
2023-04-24T07:00:00+00:00,DK1,solar,240.92,60
2023-04-24T08:00:00+00:00,DK1,solar,332.83,60
2023-04-24T09:00:00+00:00,DK1,solar,419.1,60
2023-04-24T10:00:00+00:00,DK1,solar,490.18,60
2023-04-24T11:00:00+00:00,DK1,solar,464.16,60
2023-04-24T12:00:00+00:00,DK1,solar,419.36,60
2023-04-24T13:00:00+00:00,DK1,solar,429.71,60
2023-04-24T14:00:00+00:00,DK1,solar,304.63,60
2023-04-24T15:00:00+00:00,DK1,solar,180.67,60
2023-04-24T16:00:00+00:00,DK1,solar,93.59,60
2023-04-24T17:00:00+00:00,DK1,solar,35.29,60
2023-04-24T18:00:00+00:00,DK1,solar,7.54,60
2023-04-24T19:00:00+00:00,DK1,solar,0.32,60
2023-04-24T20:00:00+00:00,DK1,solar,0.29,60
2023-04-24T21:00:00+00:00,DK1,solar,0.29,60
2023-04-24T22:00:00+00:00,DK1,solar,1.07,60
2023-04-24T23:00:00+00:00,DK1,solar,5.21,60
2023-04-25T00:00:00+00:00,DK1,solar,5.25,60
2023-04-25T01:00:00+00:00,DK1,solar,5.18,60
2023-04-25T02:00:00+00:00,DK1,solar,5.19,60
2023-04-25T03:00:00+00:00,DK1,solar,5.2,60
2023-04-25T04:00:00+00:00,DK1,solar,18.62,60
2023-04-25T05:00:00+00:00,DK1,solar,106.73,60
2023-04-25T06:00:00+00:00,DK1,solar,288.69,60
2023-04-25T07:00:00+00:00,DK1,solar,473.2,60
2023-04-25T08:00:00+00:00,DK1,solar,657.5,60
2023-04-25T09:00:00+00:00,DK1,solar,705.83,60
2023-04-25T10:00:00+00:00,DK1,solar,678.53,60
2023-04-25T11:00:00+00:00,DK1,solar,726.85,60
2023-04-25T12:00:00+00:00,DK1,solar,782.19,60
2023-04-25T13:00:00+00:00,DK1,solar,727.09,60
2023-04-25T14:00:00+00:00,DK1,solar,691.28,60
2023-04-25T15:00:00+00:00,DK1,solar,619.57,60
2023-04-25T16:00:00+00:00,DK1,solar,384.96,60
2023-04-25T17:00:00+00:00,DK1,solar,154.32,60
2023-04-25T18:00:00+00:00,DK1,solar,33.05,60
2023-04-25T19:00:00+00:00,DK1,solar,0.54,60
2023-04-25T20:00:00+00:00,DK1,solar,0.31,60
2023-04-25T21:00:00+00:00,DK1,solar,0.31,60
2023-04-25T22:00:00+00:00,DK1,solar,4.5,60
2023-04-25T23:00:00+00:00,DK1,solar,5.19,60
2023-04-26T00:00:00+00:00,DK1,solar,5.17,60
2023-04-26T01:00:00+00:00,DK1,solar,5.19,60
2023-04-26T02:00:00+00:00,DK1,solar,5.17,60
2023-04-26T03:00:00+00:00,DK1,solar,5.78,60
2023-04-26T04:00:00+00:00,DK1,solar,53.26,60
2023-04-26T05:00:00+00:00,DK1,solar,239.82,60
2023-04-26T06:00:00+00:00,DK1,solar,539.71,60
2023-04-26T07:00:00+00:00,DK1,solar,946.55,60
2023-04-26T08:00:00+00:00,DK1,solar,1104.33,60
2023-04-26T09:00:00+00:00,DK1,solar,1204.29,60
2023-04-26T10:00:00+00:00,DK1,solar,1234.42,60
2023-04-26T11:00:00+00:00,DK1,solar,1195.78,60
2023-04-26T12:00:00+00:00,DK1,solar,1172.25,60
2023-04-26T13:00:00+00:00,DK1,solar,1079.44,60
2023-04-26T14:00:00+00:00,DK1,solar,951.18,60
2023-04-26T15:00:00+00:00,DK1,solar,775.46,60
2023-04-26T16:00:00+00:00,DK1,solar,464.3,60
2023-04-26T17:00:00+00:00,DK1,solar,167.11,60
2023-04-26T18:00:00+00:00,DK1,solar,31.3,60
2023-04-26T19:00:00+00:00,DK1,solar,0.37,60
2023-04-26T20:00:00+00:00,DK1,solar,0.31,60
2023-04-26T21:00:00+00:00,DK1,solar,0.31,60
2023-04-26T22:00:00+00:00,DK1,solar,0.32,60
2023-04-26T23:00:00+00:00,DK1,solar,0.34,60
2023-04-27T00:00:00+00:00,DK1,solar,0.33,60
2023-04-27T01:00:00+00:00,DK1,solar,0.33,60
2023-04-27T02:00:00+00:00,DK1,solar,0.32,60
2023-04-27T03:00:00+00:00,DK1,solar,1.22,60
2023-04-27T04:00:00+00:00,DK1,solar,56.84,60
2023-04-27T05:00:00+00:00,DK1,solar,245.47,60
2023-04-27T06:00:00+00:00,DK1,solar,588.68,60
2023-04-27T07:00:00+00:00,DK1,solar,872.28,60
2023-04-27T08:00:00+00:00,DK1,solar,996.66,60
2023-04-27T09:00:00+00:00,DK1,solar,1122.08,60
2023-04-27T10:00:00+00:00,DK1,solar,1157.57,60
2023-04-27T11:00:00+00:00,DK1,solar,1174.06,60
2023-04-27T12:00:00+00:00,DK1,solar,1171.53,60
2023-04-27T13:00:00+00:00,DK1,solar,1128.19,60
2023-04-27T14:00:00+00:00,DK1,solar,1026.14,60
2023-04-27T15:00:00+00:00,DK1,solar,862.05,60
2023-04-27T16:00:00+00:00,DK1,solar,516.35,60
2023-04-27T17:00:00+00:00,DK1,solar,181.17,60
2023-04-27T18:00:00+00:00,DK1,solar,29.72,60
2023-04-27T19:00:00+00:00,DK1,solar,0.32,60
2023-04-27T20:00:00+00:00,DK1,solar,0.28,60
2023-04-27T21:00:00+00:00,DK1,solar,0.29,60
2023-04-27T22:00:00+00:00,DK1,solar,0.29,60
2023-04-27T23:00:00+00:00,DK1,solar,0.29,60
2023-04-28T00:00:00+00:00,DK1,solar,0.29,60
2023-04-28T01:00:00+00:00,DK1,solar,0.3,60
2023-04-28T02:00:00+00:00,DK1,solar,0.29,60
2023-04-28T03:00:00+00:00,DK1,solar,2.03,60
2023-04-28T04:00:00+00:00,DK1,solar,65.38,60
2023-04-28T05:00:00+00:00,DK1,solar,264.32,60
2023-04-28T06:00:00+00:00,DK1,solar,685.9,60
2023-04-28T07:00:00+00:00,DK1,solar,1035.16,60
2023-04-28T08:00:00+00:00,DK1,solar,1269.28,60
2023-04-28T09:00:00+00:00,DK1,solar,1448.6,60
2023-04-28T10:00:00+00:00,DK1,solar,1509.08,60
2023-04-28T11:00:00+00:00,DK1,solar,1502.35,60
2023-04-28T12:00:00+00:00,DK1,solar,1340.65,60
2023-04-28T13:00:00+00:00,DK1,solar,1077.07,60
2023-04-28T14:00:00+00:00,DK1,solar,772.51,60
2023-04-28T15:00:00+00:00,DK1,solar,463.07,60
2023-04-28T16:00:00+00:00,DK1,solar,268.17,60
2023-04-28T17:00:00+00:00,DK1,solar,142.83,60
2023-04-28T18:00:00+00:00,DK1,solar,40.11,60
2023-04-28T19:00:00+00:00,DK1,solar,0.52,60
2023-04-28T20:00:00+00:00,DK1,solar,0.29,60
2023-04-28T21:00:00+00:00,DK1,solar,0.3,60
2023-04-28T22:00:00+00:00,DK1,solar,0.29,60
2023-04-28T23:00:00+00:00,DK1,solar,0.29,60
2023-04-29T00:00:00+00:00,DK1,solar,0.29,60
2023-04-29T01:00:00+00:00,DK1,solar,0.29,60
2023-04-29T02:00:00+00:00,DK1,solar,0.29,60
2023-04-29T03:00:00+00:00,DK1,solar,1.05,60
2023-04-29T04:00:00+00:00,DK1,solar,41.95,60
2023-04-29T05:00:00+00:00,DK1,solar,165.71,60
2023-04-29T06:00:00+00:00,DK1,solar,390.08,60
2023-04-29T07:00:00+00:00,DK1,solar,712.76,60
2023-04-29T08:00:00+00:00,DK1,solar,886.6,60
2023-04-29T09:00:00+00:00,DK1,solar,1107.67,60
2023-04-29T10:00:00+00:00,DK1,solar,1189.59,60
2023-04-29T11:00:00+00:00,DK1,solar,1253.84,60
2023-04-29T12:00:00+00:00,DK1,solar,1407.05,60
2023-04-29T13:00:00+00:00,DK1,solar,1483.03,60
2023-04-29T14:00:00+00:00,DK1,solar,1365.51,60
2023-04-29T15:00:00+00:00,DK1,solar,1041.48,60
2023-04-29T16:00:00+00:00,DK1,solar,598.67,60
2023-04-29T17:00:00+00:00,DK1,solar,203.74,60
2023-04-29T18:00:00+00:00,DK1,solar,38.81,60
2023-04-29T19:00:00+00:00,DK1,solar,0.95,60
2023-04-29T20:00:00+00:00,DK1,solar,0.29,60
2023-04-29T21:00:00+00:00,DK1,solar,0.3,60
2023-04-29T22:00:00+00:00,DK1,solar,0.32,60
2023-04-29T23:00:00+00:00,DK1,solar,0.32,60
2023-04-30T00:00:00+00:00,DK1,solar,0.32,60
2023-04-30T01:00:00+00:00,DK1,solar,0.32,60
2023-04-30T02:00:00+00:00,DK1,solar,0.33,60
2023-04-30T03:00:00+00:00,DK1,solar,2.73,60
2023-04-30T04:00:00+00:00,DK1,solar,67.95,60
2023-04-30T05:00:00+00:00,DK1,solar,269.74,60
2023-04-30T06:00:00+00:00,DK1,solar,627.13,60
2023-04-30T07:00:00+00:00,DK1,solar,768.07,60
2023-04-30T08:00:00+00:00,DK1,solar,903.18,60
2023-04-30T09:00:00+00:00,DK1,solar,1053.96,60
2023-04-30T10:00:00+00:00,DK1,solar,1198.65,60
2023-04-30T11:00:00+00:00,DK1,solar,1267.55,60
2023-04-30T12:00:00+00:00,DK1,solar,1316.93,60
2023-04-30T13:00:00+00:00,DK1,solar,1421.49,60
2023-04-30T14:00:00+00:00,DK1,solar,1254.68,60
2023-04-30T15:00:00+00:00,DK1,solar,963.51,60
2023-04-30T16:00:00+00:00,DK1,solar,500.64,60
2023-04-30T17:00:00+00:00,DK1,solar,156.77,60
2023-04-30T18:00:00+00:00,DK1,solar,24.42,60
2023-04-30T19:00:00+00:00,DK1,solar,0.28,60
2023-04-30T20:00:00+00:00,DK1,solar,0.29,60
2023-04-30T21:00:00+00:00,DK1,solar,0.29,60
2023-04-30T22:00:00+00:00,DK1,solar,0.31,60
2023-04-30T23:00:00+00:00,DK1,solar,0.3,60
2023-05-01T00:00:00+00:00,DK1,solar,0.31,60
2023-05-01T01:00:00+00:00,DK1,solar,0.32,60
2023-05-01T02:00:00+00:00,DK1,solar,0.32,60
2023-05-01T03:00:00+00:00,DK1,solar,1.04,60
2023-05-01T04:00:00+00:00,DK1,solar,56.78,60
2023-05-01T05:00:00+00:00,DK1,solar,217.27,60
2023-05-01T06:00:00+00:00,DK1,solar,517.4,60
2023-05-01T07:00:00+00:00,DK1,solar,912.25,60
2023-05-01T08:00:00+00:00,DK1,solar,1195.03,60
2023-05-01T09:00:00+00:00,DK1,solar,1364.99,60
2023-05-01T10:00:00+00:00,DK1,solar,1360.51,60
2023-05-01T11:00:00+00:00,DK1,solar,1166.5,60
2023-05-01T12:00:00+00:00,DK1,solar,975.41,60
2023-05-01T13:00:00+00:00,DK1,solar,860.0,60
2023-05-01T14:00:00+00:00,DK1,solar,629.09,60
2023-05-01T15:00:00+00:00,DK1,solar,388.08,60
2023-05-01T16:00:00+00:00,DK1,solar,202.23,60
2023-05-01T17:00:00+00:00,DK1,solar,92.53,60
2023-05-01T18:00:00+00:00,DK1,solar,20.73,60
2023-05-01T19:00:00+00:00,DK1,solar,0.49,60
2023-05-01T20:00:00+00:00,DK1,solar,0.29,60
2023-05-01T21:00:00+00:00,DK1,solar,0.29,60
2023-05-01T22:00:00+00:00,DK1,solar,0.3,60
2023-05-01T23:00:00+00:00,DK1,solar,0.28,60
2023-05-02T00:00:00+00:00,DK1,solar,0.28,60
2023-05-02T01:00:00+00:00,DK1,solar,0.29,60
2023-05-02T02:00:00+00:00,DK1,solar,0.3,60
2023-05-02T03:00:00+00:00,DK1,solar,4.88,60
2023-05-02T04:00:00+00:00,DK1,solar,68.11,60
2023-05-02T05:00:00+00:00,DK1,solar,278.77,60
2023-05-02T06:00:00+00:00,DK1,solar,619.16,60
2023-05-02T07:00:00+00:00,DK1,solar,1034.64,60
2023-05-02T08:00:00+00:00,DK1,solar,1268.7,60
2023-05-02T09:00:00+00:00,DK1,solar,1384.4,60
2023-05-02T10:00:00+00:00,DK1,solar,1378.94,60
2023-05-02T11:00:00+00:00,DK1,solar,1430.63,60
2023-05-02T12:00:00+00:00,DK1,solar,1447.06,60
2023-05-02T13:00:00+00:00,DK1,solar,1339.18,60
2023-05-02T14:00:00+00:00,DK1,solar,1120.27,60
2023-05-02T15:00:00+00:00,DK1,solar,884.7,60
2023-05-02T16:00:00+00:00,DK1,solar,542.73,60
2023-05-02T17:00:00+00:00,DK1,solar,214.4,60
2023-05-02T18:00:00+00:00,DK1,solar,45.83,60
2023-05-02T19:00:00+00:00,DK1,solar,1.26,60
2023-05-02T20:00:00+00:00,DK1,solar,0.27,60
2023-05-02T21:00:00+00:00,DK1,solar,0.29,60
2023-05-02T22:00:00+00:00,DK1,solar,0.29,60
2023-05-02T23:00:00+00:00,DK1,solar,0.3,60
2023-05-03T00:00:00+00:00,DK1,solar,0.27,60
2023-05-03T01:00:00+00:00,DK1,solar,0.28,60
2023-05-03T02:00:00+00:00,DK1,solar,0.3,60
2023-05-03T03:00:00+00:00,DK1,solar,4.58,60
2023-05-03T04:00:00+00:00,DK1,solar,74.44,60
2023-05-03T05:00:00+00:00,DK1,solar,296.44,60
2023-05-03T06:00:00+00:00,DK1,solar,582.6,60
2023-05-03T07:00:00+00:00,DK1,solar,738.66,60
2023-05-03T08:00:00+00:00,DK1,solar,956.08,60
2023-05-03T09:00:00+00:00,DK1,solar,1026.95,60
2023-05-03T10:00:00+00:00,DK1,solar,1054.38,60
2023-05-03T11:00:00+00:00,DK1,solar,1079.22,60
2023-05-03T12:00:00+00:00,DK1,solar,1071.46,60
2023-05-03T13:00:00+00:00,DK1,solar,1066.5,60
2023-05-03T14:00:00+00:00,DK1,solar,1026.72,60
2023-05-03T15:00:00+00:00,DK1,solar,848.87,60
2023-05-03T16:00:00+00:00,DK1,solar,487.25,60
2023-05-03T17:00:00+00:00,DK1,solar,195.15,60
2023-05-03T18:00:00+00:00,DK1,solar,43.32,60
2023-05-03T19:00:00+00:00,DK1,solar,1.86,60
2023-05-03T20:00:00+00:00,DK1,solar,0.4,60
2023-05-03T21:00:00+00:00,DK1,solar,0.42,60
2023-05-03T22:00:00+00:00,DK1,solar,0.42,60
2023-05-03T23:00:00+00:00,DK1,solar,0.41,60
2023-05-04T00:00:00+00:00,DK1,solar,0.43,60
2023-05-04T01:00:00+00:00,DK1,solar,0.42,60
2023-05-04T02:00:00+00:00,DK1,solar,0.41,60
2023-05-04T03:00:00+00:00,DK1,solar,4.57,60
2023-05-04T04:00:00+00:00,DK1,solar,81.14,60
2023-05-04T05:00:00+00:00,DK1,solar,194.73,60
2023-05-04T06:00:00+00:00,DK1,solar,389.06,60
2023-05-04T07:00:00+00:00,DK1,solar,567.45,60
2023-05-04T08:00:00+00:00,DK1,solar,696.6,60
2023-05-04T09:00:00+00:00,DK1,solar,800.81,60
2023-05-04T10:00:00+00:00,DK1,solar,945.18,60
2023-05-04T11:00:00+00:00,DK1,solar,1041.87,60
2023-05-04T12:00:00+00:00,DK1,solar,1023.69,60
2023-05-04T13:00:00+00:00,DK1,solar,884.46,60
2023-05-04T14:00:00+00:00,DK1,solar,767.52,60
2023-05-04T15:00:00+00:00,DK1,solar,649.51,60
2023-05-04T16:00:00+00:00,DK1,solar,436.71,60
2023-05-04T17:00:00+00:00,DK1,solar,197.14,60
2023-05-04T18:00:00+00:00,DK1,solar,50.68,60
2023-05-04T19:00:00+00:00,DK1,solar,1.93,60
2023-05-04T20:00:00+00:00,DK1,solar,0.4,60
2023-05-04T21:00:00+00:00,DK1,solar,0.41,60
2023-05-04T22:00:00+00:00,DK1,solar,2.07,60
2023-05-04T23:00:00+00:00,DK1,solar,1.93,60
2023-05-05T00:00:00+00:00,DK1,solar,2.36,60
2023-05-05T01:00:00+00:00,DK1,solar,2.36,60
2023-05-05T02:00:00+00:00,DK1,solar,2.37,60
2023-05-05T03:00:00+00:00,DK1,solar,11.14,60
2023-05-05T04:00:00+00:00,DK1,solar,90.04,60
2023-05-05T05:00:00+00:00,DK1,solar,258.47,60
2023-05-05T06:00:00+00:00,DK1,solar,497.78,60
2023-05-05T07:00:00+00:00,DK1,solar,713.97,60
2023-05-05T08:00:00+00:00,DK1,solar,886.36,60
2023-05-05T09:00:00+00:00,DK1,solar,1072.99,60
2023-05-05T10:00:00+00:00,DK1,solar,1104.33,60
2023-05-05T11:00:00+00:00,DK1,solar,1083.49,60
2023-05-05T12:00:00+00:00,DK1,solar,1065.31,60
2023-05-05T13:00:00+00:00,DK1,solar,940.93,60
2023-05-05T14:00:00+00:00,DK1,solar,697.82,60
2023-05-05T15:00:00+00:00,DK1,solar,440.28,60
2023-05-05T16:00:00+00:00,DK1,solar,236.84,60
2023-05-05T17:00:00+00:00,DK1,solar,102.15,60
2023-05-05T18:00:00+00:00,DK1,solar,31.57,60
2023-05-05T19:00:00+00:00,DK1,solar,3.05,60
2023-05-05T20:00:00+00:00,DK1,solar,2.48,60
2023-05-05T21:00:00+00:00,DK1,solar,2.49,60
2023-05-05T22:00:00+00:00,DK1,solar,3.46,60
2023-05-05T23:00:00+00:00,DK1,solar,3.46,60
2023-05-06T00:00:00+00:00,DK1,solar,3.47,60
2023-05-06T01:00:00+00:00,DK1,solar,3.47,60
2023-05-06T02:00:00+00:00,DK1,solar,2.49,60
2023-05-06T03:00:00+00:00,DK1,solar,5.08,60
2023-05-06T04:00:00+00:00,DK1,solar,41.52,60
2023-05-06T05:00:00+00:00,DK1,solar,121.88,60
2023-05-06T06:00:00+00:00,DK1,solar,238.08,60
2023-05-06T07:00:00+00:00,DK1,solar,301.16,60
2023-05-06T08:00:00+00:00,DK1,solar,356.99,60
2023-05-06T09:00:00+00:00,DK1,solar,434.78,60
2023-05-06T10:00:00+00:00,DK1,solar,482.51,60
2023-05-06T11:00:00+00:00,DK1,solar,546.92,60
2023-05-06T12:00:00+00:00,DK1,solar,617.78,60
2023-05-06T13:00:00+00:00,DK1,solar,577.59,60
2023-05-06T14:00:00+00:00,DK1,solar,467.07,60
2023-05-06T15:00:00+00:00,DK1,solar,375.38,60
2023-05-06T16:00:00+00:00,DK1,solar,249.39,60
2023-05-06T17:00:00+00:00,DK1,solar,115.4,60
2023-05-06T18:00:00+00:00,DK1,solar,30.01,60
2023-05-06T19:00:00+00:00,DK1,solar,1.54,60
2023-05-06T20:00:00+00:00,DK1,solar,4.94,60
2023-05-06T21:00:00+00:00,DK1,solar,3.46,60
2023-05-06T22:00:00+00:00,DK1,solar,3.47,60
2023-05-06T23:00:00+00:00,DK1,solar,3.58,60
2023-05-07T00:00:00+00:00,DK1,solar,3.55,60
2023-05-07T01:00:00+00:00,DK1,solar,3.5,60
2023-05-07T02:00:00+00:00,DK1,solar,3.55,60
2023-05-07T03:00:00+00:00,DK1,solar,8.81,60
2023-05-07T04:00:00+00:00,DK1,solar,63.42,60
2023-05-07T05:00:00+00:00,DK1,solar,200.64,60
2023-05-07T06:00:00+00:00,DK1,solar,374.67,60
2023-05-07T07:00:00+00:00,DK1,solar,703.87,60
2023-05-07T08:00:00+00:00,DK1,solar,1074.21,60
2023-05-07T09:00:00+00:00,DK1,solar,1392.23,60
2023-05-07T10:00:00+00:00,DK1,solar,1431.89,60
2023-05-07T11:00:00+00:00,DK1,solar,1404.52,60
2023-05-07T12:00:00+00:00,DK1,solar,1463.54,60
2023-05-07T13:00:00+00:00,DK1,solar,1426.69,60
2023-05-07T14:00:00+00:00,DK1,solar,1233.49,60
2023-05-07T15:00:00+00:00,DK1,solar,996.67,60
2023-05-07T16:00:00+00:00,DK1,solar,594.7,60
2023-05-07T17:00:00+00:00,DK1,solar,231.03,60
2023-05-07T18:00:00+00:00,DK1,solar,54.78,60
2023-05-07T19:00:00+00:00,DK1,solar,5.86,60
2023-05-07T20:00:00+00:00,DK1,solar,2.25,60
2023-05-07T21:00:00+00:00,DK1,solar,2.27,60
2023-05-07T22:00:00+00:00,DK1,solar,2.29,60
2023-05-07T23:00:00+00:00,DK1,solar,2.29,60
2023-05-08T00:00:00+00:00,DK1,solar,2.31,60
2023-05-08T01:00:00+00:00,DK1,solar,2.3,60
2023-05-08T02:00:00+00:00,DK1,solar,0.5,60
2023-05-08T03:00:00+00:00,DK1,solar,11.0,60
2023-05-08T04:00:00+00:00,DK1,solar,94.82,60
2023-05-08T05:00:00+00:00,DK1,solar,343.82,60
2023-05-08T06:00:00+00:00,DK1,solar,749.18,60
2023-05-08T07:00:00+00:00,DK1,solar,1133.69,60
2023-05-08T08:00:00+00:00,DK1,solar,1408.66,60
2023-05-08T09:00:00+00:00,DK1,solar,1552.87,60
2023-05-08T10:00:00+00:00,DK1,solar,1610.42,60
2023-05-08T11:00:00+00:00,DK1,solar,1616.1,60
2023-05-08T12:00:00+00:00,DK1,solar,1610.39,60
2023-05-08T13:00:00+00:00,DK1,solar,1530.2,60
2023-05-08T14:00:00+00:00,DK1,solar,1331.74,60
2023-05-08T15:00:00+00:00,DK1,solar,1025.38,60
2023-05-08T16:00:00+00:00,DK1,solar,598.32,60
2023-05-08T17:00:00+00:00,DK1,solar,219.59,60
2023-05-08T18:00:00+00:00,DK1,solar,49.51,60
2023-05-08T19:00:00+00:00,DK1,solar,2.02,60
2023-05-08T20:00:00+00:00,DK1,solar,2.16,60
2023-05-08T21:00:00+00:00,DK1,solar,2.35,60
2023-05-08T22:00:00+00:00,DK1,solar,2.36,60
2023-05-08T23:00:00+00:00,DK1,solar,2.34,60
2023-05-09T00:00:00+00:00,DK1,solar,2.34,60
2023-05-09T01:00:00+00:00,DK1,solar,2.35,60
2023-05-09T02:00:00+00:00,DK1,solar,2.35,60
2023-05-09T03:00:00+00:00,DK1,solar,8.26,60
2023-05-09T04:00:00+00:00,DK1,solar,86.49,60
2023-05-09T05:00:00+00:00,DK1,solar,268.63,60
2023-05-09T06:00:00+00:00,DK1,solar,586.12,60
2023-05-09T07:00:00+00:00,DK1,solar,966.95,60
2023-05-09T08:00:00+00:00,DK1,solar,1195.93,60
2023-05-09T09:00:00+00:00,DK1,solar,1351.17,60
2023-05-09T10:00:00+00:00,DK1,solar,1414.9,60
2023-05-09T11:00:00+00:00,DK1,solar,1325.85,60
2023-05-09T12:00:00+00:00,DK1,solar,1132.25,60
2023-05-09T13:00:00+00:00,DK1,solar,1000.08,60
2023-05-09T14:00:00+00:00,DK1,solar,887.27,60
2023-05-09T15:00:00+00:00,DK1,solar,556.68,60
2023-05-09T16:00:00+00:00,DK1,solar,192.61,60
2023-05-09T17:00:00+00:00,DK1,solar,85.36,60
2023-05-09T18:00:00+00:00,DK1,solar,20.65,60
2023-05-09T19:00:00+00:00,DK1,solar,0.64,60
2023-05-09T20:00:00+00:00,DK1,solar,0.15,60
2023-05-09T21:00:00+00:00,DK1,solar,0.27,60
2023-05-09T22:00:00+00:00,DK1,solar,4.47,60
2023-05-09T23:00:00+00:00,DK1,solar,5.16,60
2023-05-10T00:00:00+00:00,DK1,solar,5.14,60
2023-05-10T01:00:00+00:00,DK1,solar,5.13,60
2023-05-10T02:00:00+00:00,DK1,solar,5.16,60
2023-05-10T03:00:00+00:00,DK1,solar,16.8,60
2023-05-10T04:00:00+00:00,DK1,solar,108.41,60
2023-05-10T05:00:00+00:00,DK1,solar,303.05,60
2023-05-10T06:00:00+00:00,DK1,solar,579.94,60
2023-05-10T07:00:00+00:00,DK1,solar,951.7,60
2023-05-10T08:00:00+00:00,DK1,solar,1197.71,60
2023-05-10T09:00:00+00:00,DK1,solar,1347.98,60
2023-05-10T10:00:00+00:00,DK1,solar,1278.49,60
2023-05-10T11:00:00+00:00,DK1,solar,1089.01,60
2023-05-10T12:00:00+00:00,DK1,solar,836.25,60
2023-05-10T13:00:00+00:00,DK1,solar,700.48,60
2023-05-10T14:00:00+00:00,DK1,solar,513.71,60
2023-05-10T15:00:00+00:00,DK1,solar,360.09,60
2023-05-10T16:00:00+00:00,DK1,solar,182.71,60
2023-05-10T17:00:00+00:00,DK1,solar,82.86,60
2023-05-10T18:00:00+00:00,DK1,solar,22.53,60
2023-05-10T19:00:00+00:00,DK1,solar,0.71,60
2023-05-10T20:00:00+00:00,DK1,solar,0.25,60
2023-05-10T21:00:00+00:00,DK1,solar,0.24,60
2023-05-10T22:00:00+00:00,DK1,solar,0.28,60
2023-05-10T23:00:00+00:00,DK1,solar,0.29,60
2023-05-11T00:00:00+00:00,DK1,solar,0.29,60
2023-05-11T01:00:00+00:00,DK1,solar,0.29,60
2023-05-11T02:00:00+00:00,DK1,solar,0.29,60
2023-05-11T03:00:00+00:00,DK1,solar,6.99,60
2023-05-11T04:00:00+00:00,DK1,solar,50.22,60
2023-05-11T05:00:00+00:00,DK1,solar,136.35,60
2023-05-11T06:00:00+00:00,DK1,solar,224.28,60
2023-05-11T07:00:00+00:00,DK1,solar,305.68,60
2023-05-11T08:00:00+00:00,DK1,solar,378.83,60
2023-05-11T09:00:00+00:00,DK1,solar,462.97,60
2023-05-11T10:00:00+00:00,DK1,solar,498.87,60
2023-05-11T11:00:00+00:00,DK1,solar,580.13,60
2023-05-11T12:00:00+00:00,DK1,solar,627.75,60
2023-05-11T13:00:00+00:00,DK1,solar,694.64,60
2023-05-11T14:00:00+00:00,DK1,solar,656.64,60
2023-05-11T15:00:00+00:00,DK1,solar,495.04,60
2023-05-11T16:00:00+00:00,DK1,solar,313.45,60
2023-05-11T17:00:00+00:00,DK1,solar,159.48,60
2023-05-11T18:00:00+00:00,DK1,solar,52.78,60
2023-05-11T19:00:00+00:00,DK1,solar,3.62,60
2023-05-11T20:00:00+00:00,DK1,solar,0.25,60
2023-05-11T21:00:00+00:00,DK1,solar,0.28,60
2023-05-11T22:00:00+00:00,DK1,solar,0.27,60
2023-05-11T23:00:00+00:00,DK1,solar,4.75,60
2023-05-12T00:00:00+00:00,DK1,solar,5.23,60
2023-05-12T01:00:00+00:00,DK1,solar,0.56,60
2023-05-12T02:00:00+00:00,DK1,solar,4.82,60
2023-05-12T03:00:00+00:00,DK1,solar,16.22,60
2023-05-12T04:00:00+00:00,DK1,solar,106.16,60
2023-05-12T05:00:00+00:00,DK1,solar,340.29,60
2023-05-12T06:00:00+00:00,DK1,solar,654.82,60
2023-05-12T07:00:00+00:00,DK1,solar,1020.7,60
2023-05-12T08:00:00+00:00,DK1,solar,1302.24,60
2023-05-12T09:00:00+00:00,DK1,solar,1517.92,60
2023-05-12T10:00:00+00:00,DK1,solar,1674.14,60
2023-05-12T11:00:00+00:00,DK1,solar,1593.79,60
2023-05-12T12:00:00+00:00,DK1,solar,1383.56,60
2023-05-12T13:00:00+00:00,DK1,solar,1295.1,60
2023-05-12T14:00:00+00:00,DK1,solar,1235.67,60
2023-05-12T15:00:00+00:00,DK1,solar,935.49,60
2023-05-12T16:00:00+00:00,DK1,solar,576.06,60
2023-05-12T17:00:00+00:00,DK1,solar,225.0,60
2023-05-12T18:00:00+00:00,DK1,solar,67.44,60
2023-05-12T19:00:00+00:00,DK1,solar,9.6,60
2023-05-12T20:00:00+00:00,DK1,solar,5.28,60
2023-05-12T21:00:00+00:00,DK1,solar,5.27,60
2023-05-12T22:00:00+00:00,DK1,solar,5.28,60
2023-05-12T23:00:00+00:00,DK1,solar,5.3,60
2023-05-13T00:00:00+00:00,DK1,solar,0.61,60
2023-05-13T01:00:00+00:00,DK1,solar,0.36,60
2023-05-13T02:00:00+00:00,DK1,solar,0.38,60
2023-05-13T03:00:00+00:00,DK1,solar,15.95,60
2023-05-13T04:00:00+00:00,DK1,solar,112.24,60
2023-05-13T05:00:00+00:00,DK1,solar,381.28,60
2023-05-13T06:00:00+00:00,DK1,solar,804.56,60
2023-05-13T07:00:00+00:00,DK1,solar,1202.11,60
2023-05-13T08:00:00+00:00,DK1,solar,1463.21,60
2023-05-13T09:00:00+00:00,DK1,solar,1634.21,60
2023-05-13T10:00:00+00:00,DK1,solar,1695.31,60
2023-05-13T11:00:00+00:00,DK1,solar,1625.9,60
2023-05-13T12:00:00+00:00,DK1,solar,1606.5,60
2023-05-13T13:00:00+00:00,DK1,solar,1526.12,60
2023-05-13T14:00:00+00:00,DK1,solar,1298.37,60
2023-05-13T15:00:00+00:00,DK1,solar,977.45,60
2023-05-13T16:00:00+00:00,DK1,solar,571.59,60
2023-05-13T17:00:00+00:00,DK1,solar,238.97,60
2023-05-13T18:00:00+00:00,DK1,solar,69.49,60
2023-05-13T19:00:00+00:00,DK1,solar,4.33,60
2023-05-13T20:00:00+00:00,DK1,solar,0.36,60
2023-05-13T21:00:00+00:00,DK1,solar,0.34,60
2023-05-13T22:00:00+00:00,DK1,solar,0.34,60
2023-05-13T23:00:00+00:00,DK1,solar,0.36,60
2023-05-14T00:00:00+00:00,DK1,solar,0.35,60
2023-05-14T01:00:00+00:00,DK1,solar,0.39,60
2023-05-14T02:00:00+00:00,DK1,solar,0.44,60
2023-05-14T03:00:00+00:00,DK1,solar,16.15,60
2023-05-14T04:00:00+00:00,DK1,solar,131.06,60
2023-05-14T05:00:00+00:00,DK1,solar,379.58,60
2023-05-14T06:00:00+00:00,DK1,solar,700.0,60
2023-05-14T07:00:00+00:00,DK1,solar,957.05,60
2023-05-14T08:00:00+00:00,DK1,solar,1049.14,60
2023-05-14T09:00:00+00:00,DK1,solar,1212.71,60
2023-05-14T10:00:00+00:00,DK1,solar,1305.08,60
2023-05-14T11:00:00+00:00,DK1,solar,1291.47,60
2023-05-14T12:00:00+00:00,DK1,solar,1299.53,60
2023-05-14T13:00:00+00:00,DK1,solar,1109.4,60
2023-05-14T14:00:00+00:00,DK1,solar,950.69,60
2023-05-14T15:00:00+00:00,DK1,solar,663.61,60
2023-05-14T16:00:00+00:00,DK1,solar,409.66,60
2023-05-14T17:00:00+00:00,DK1,solar,192.6,60
2023-05-14T18:00:00+00:00,DK1,solar,63.09,60
2023-05-14T19:00:00+00:00,DK1,solar,4.39,60
2023-05-14T20:00:00+00:00,DK1,solar,0.36,60
2023-05-14T21:00:00+00:00,DK1,solar,0.39,60
2023-05-14T22:00:00+00:00,DK1,solar,0.41,60
2023-05-14T23:00:00+00:00,DK1,solar,0.39,60
2023-05-15T00:00:00+00:00,DK1,solar,0.39,60
2023-05-15T01:00:00+00:00,DK1,solar,0.4,60
2023-05-15T02:00:00+00:00,DK1,solar,0.41,60
2023-05-15T03:00:00+00:00,DK1,solar,13.63,60
2023-05-15T04:00:00+00:00,DK1,solar,113.17,60
2023-05-15T05:00:00+00:00,DK1,solar,351.63,60
2023-05-15T06:00:00+00:00,DK1,solar,632.16,60
2023-05-15T07:00:00+00:00,DK1,solar,1060.64,60
2023-05-15T08:00:00+00:00,DK1,solar,1349.8,60
2023-05-15T09:00:00+00:00,DK1,solar,1502.76,60
2023-05-15T10:00:00+00:00,DK1,solar,1525.35,60
2023-05-15T11:00:00+00:00,DK1,solar,1427.05,60
2023-05-15T12:00:00+00:00,DK1,solar,1392.17,60
2023-05-15T13:00:00+00:00,DK1,solar,1072.37,60
2023-05-15T14:00:00+00:00,DK1,solar,834.59,60
2023-05-15T15:00:00+00:00,DK1,solar,637.04,60
2023-05-15T16:00:00+00:00,DK1,solar,405.15,60
2023-05-15T17:00:00+00:00,DK1,solar,181.9,60
2023-05-15T18:00:00+00:00,DK1,solar,53.92,60
2023-05-15T19:00:00+00:00,DK1,solar,3.77,60
2023-05-15T20:00:00+00:00,DK1,solar,4.89,60
2023-05-15T21:00:00+00:00,DK1,solar,5.37,60
2023-05-15T22:00:00+00:00,DK1,solar,5.37,60
2023-05-15T23:00:00+00:00,DK1,solar,5.37,60
2023-05-16T00:00:00+00:00,DK1,solar,5.35,60
2023-05-16T01:00:00+00:00,DK1,solar,5.38,60
2023-05-16T02:00:00+00:00,DK1,solar,5.37,60
2023-05-16T03:00:00+00:00,DK1,solar,12.71,60
2023-05-16T04:00:00+00:00,DK1,solar,66.44,60
2023-05-16T05:00:00+00:00,DK1,solar,145.48,60
2023-05-16T06:00:00+00:00,DK1,solar,232.83,60
2023-05-16T07:00:00+00:00,DK1,solar,379.6,60
2023-05-16T08:00:00+00:00,DK1,solar,470.54,60
2023-05-16T09:00:00+00:00,DK1,solar,561.21,60
2023-05-16T10:00:00+00:00,DK1,solar,630.51,60
2023-05-16T11:00:00+00:00,DK1,solar,722.46,60
2023-05-16T12:00:00+00:00,DK1,solar,795.68,60
2023-05-16T13:00:00+00:00,DK1,solar,834.41,60
2023-05-16T14:00:00+00:00,DK1,solar,781.97,60
2023-05-16T15:00:00+00:00,DK1,solar,589.93,60
2023-05-16T16:00:00+00:00,DK1,solar,442.39,60
2023-05-16T17:00:00+00:00,DK1,solar,208.52,60
2023-05-16T18:00:00+00:00,DK1,solar,84.55,60
2023-05-16T19:00:00+00:00,DK1,solar,16.41,60
2023-05-16T20:00:00+00:00,DK1,solar,0.81,60
2023-05-16T21:00:00+00:00,DK1,solar,1.59,60
2023-05-16T22:00:00+00:00,DK1,solar,8.32,60
2023-05-16T23:00:00+00:00,DK1,solar,0.8,60
2023-05-17T00:00:00+00:00,DK1,solar,7.57,60
2023-05-17T01:00:00+00:00,DK1,solar,8.25,60
2023-05-17T02:00:00+00:00,DK1,solar,8.36,60
2023-05-17T03:00:00+00:00,DK1,solar,25.69,60
2023-05-17T04:00:00+00:00,DK1,solar,138.08,60
2023-05-17T05:00:00+00:00,DK1,solar,369.68,60
2023-05-17T06:00:00+00:00,DK1,solar,697.86,60
2023-05-17T07:00:00+00:00,DK1,solar,1051.91,60
2023-05-17T08:00:00+00:00,DK1,solar,1200.82,60
2023-05-17T09:00:00+00:00,DK1,solar,1292.84,60
2023-05-17T10:00:00+00:00,DK1,solar,1302.41,60
2023-05-17T11:00:00+00:00,DK1,solar,1339.8,60
2023-05-17T12:00:00+00:00,DK1,solar,1256.11,60
2023-05-17T13:00:00+00:00,DK1,solar,1208.66,60
2023-05-17T14:00:00+00:00,DK1,solar,1083.11,60
2023-05-17T15:00:00+00:00,DK1,solar,761.32,60
2023-05-17T16:00:00+00:00,DK1,solar,471.96,60
2023-05-17T17:00:00+00:00,DK1,solar,227.88,60
2023-05-17T18:00:00+00:00,DK1,solar,74.43,60
2023-05-17T19:00:00+00:00,DK1,solar,5.9,60
2023-05-17T20:00:00+00:00,DK1,solar,0.4,60
2023-05-17T21:00:00+00:00,DK1,solar,0.37,60
2023-05-17T22:00:00+00:00,DK1,solar,0.37,60
2023-05-17T23:00:00+00:00,DK1,solar,0.39,60
2023-05-18T00:00:00+00:00,DK1,solar,0.39,60
2023-05-18T01:00:00+00:00,DK1,solar,0.39,60
2023-05-18T02:00:00+00:00,DK1,solar,0.47,60
2023-05-18T03:00:00+00:00,DK1,solar,30.77,60
2023-05-18T04:00:00+00:00,DK1,solar,146.88,60
2023-05-18T05:00:00+00:00,DK1,solar,362.47,60
2023-05-18T06:00:00+00:00,DK1,solar,684.46,60
2023-05-18T07:00:00+00:00,DK1,solar,969.76,60
2023-05-18T08:00:00+00:00,DK1,solar,1119.72,60
2023-05-18T09:00:00+00:00,DK1,solar,1360.1,60
2023-05-18T10:00:00+00:00,DK1,solar,1539.47,60
2023-05-18T11:00:00+00:00,DK1,solar,1551.6,60
2023-05-18T12:00:00+00:00,DK1,solar,1525.32,60
2023-05-18T13:00:00+00:00,DK1,solar,1408.52,60
2023-05-18T14:00:00+00:00,DK1,solar,1198.7,60
2023-05-18T15:00:00+00:00,DK1,solar,910.97,60
2023-05-18T16:00:00+00:00,DK1,solar,653.39,60
2023-05-18T17:00:00+00:00,DK1,solar,289.37,60
2023-05-18T18:00:00+00:00,DK1,solar,86.88,60
2023-05-18T19:00:00+00:00,DK1,solar,10.29,60
2023-05-18T20:00:00+00:00,DK1,solar,0.32,60
2023-05-18T21:00:00+00:00,DK1,solar,0.36,60
2023-05-18T22:00:00+00:00,DK1,solar,0.37,60
2023-05-18T23:00:00+00:00,DK1,solar,0.38,60
2023-05-19T00:00:00+00:00,DK1,solar,0.34,60
2023-05-19T01:00:00+00:00,DK1,solar,0.34,60
2023-05-19T02:00:00+00:00,DK1,solar,0.39,60
2023-05-19T03:00:00+00:00,DK1,solar,26.46,60
2023-05-19T04:00:00+00:00,DK1,solar,136.3,60
2023-05-19T05:00:00+00:00,DK1,solar,369.83,60
2023-05-19T06:00:00+00:00,DK1,solar,705.49,60
2023-05-19T07:00:00+00:00,DK1,solar,1057.83,60
2023-05-19T08:00:00+00:00,DK1,solar,1312.37,60
2023-05-19T09:00:00+00:00,DK1,solar,1455.04,60
2023-05-19T10:00:00+00:00,DK1,solar,1523.78,60
2023-05-19T11:00:00+00:00,DK1,solar,1553.16,60
2023-05-19T12:00:00+00:00,DK1,solar,1495.53,60
2023-05-19T13:00:00+00:00,DK1,solar,1381.59,60
2023-05-19T14:00:00+00:00,DK1,solar,1184.62,60
2023-05-19T15:00:00+00:00,DK1,solar,920.2,60
2023-05-19T16:00:00+00:00,DK1,solar,582.97,60
2023-05-19T17:00:00+00:00,DK1,solar,260.41,60
2023-05-19T18:00:00+00:00,DK1,solar,80.59,60
2023-05-19T19:00:00+00:00,DK1,solar,9.92,60
2023-05-19T20:00:00+00:00,DK1,solar,0.38,60
2023-05-19T21:00:00+00:00,DK1,solar,0.37,60
2023-05-19T22:00:00+00:00,DK1,solar,0.38,60
2023-05-19T23:00:00+00:00,DK1,solar,0.39,60
2023-05-20T00:00:00+00:00,DK1,solar,0.4,60
2023-05-20T01:00:00+00:00,DK1,solar,0.4,60
2023-05-20T02:00:00+00:00,DK1,solar,0.46,60
2023-05-20T03:00:00+00:00,DK1,solar,26.42,60
2023-05-20T04:00:00+00:00,DK1,solar,138.66,60
2023-05-20T05:00:00+00:00,DK1,solar,431.77,60
2023-05-20T06:00:00+00:00,DK1,solar,871.97,60
2023-05-20T07:00:00+00:00,DK1,solar,1277.31,60
2023-05-20T08:00:00+00:00,DK1,solar,1561.42,60
2023-05-20T09:00:00+00:00,DK1,solar,1725.42,60
2023-05-20T10:00:00+00:00,DK1,solar,1716.07,60
2023-05-20T11:00:00+00:00,DK1,solar,1669.52,60
2023-05-20T12:00:00+00:00,DK1,solar,1557.86,60
2023-05-20T13:00:00+00:00,DK1,solar,1516.93,60
2023-05-20T14:00:00+00:00,DK1,solar,1424.92,60
2023-05-20T15:00:00+00:00,DK1,solar,1127.25,60
2023-05-20T16:00:00+00:00,DK1,solar,719.1,60
2023-05-20T17:00:00+00:00,DK1,solar,325.89,60
2023-05-20T18:00:00+00:00,DK1,solar,117.11,60
2023-05-20T19:00:00+00:00,DK1,solar,18.53,60
2023-05-20T20:00:00+00:00,DK1,solar,0.34,60
2023-05-20T21:00:00+00:00,DK1,solar,0.38,60
2023-05-20T22:00:00+00:00,DK1,solar,0.38,60
2023-05-20T23:00:00+00:00,DK1,solar,0.39,60
2023-05-21T00:00:00+00:00,DK1,solar,0.39,60
2023-05-21T01:00:00+00:00,DK1,solar,0.39,60
2023-05-21T02:00:00+00:00,DK1,solar,0.48,60
2023-05-21T03:00:00+00:00,DK1,solar,29.19,60
2023-05-21T04:00:00+00:00,DK1,solar,146.48,60
2023-05-21T05:00:00+00:00,DK1,solar,341.41,60
2023-05-21T06:00:00+00:00,DK1,solar,592.53,60
2023-05-21T07:00:00+00:00,DK1,solar,852.75,60
2023-05-21T08:00:00+00:00,DK1,solar,1192.89,60
2023-05-21T09:00:00+00:00,DK1,solar,1389.18,60
2023-05-21T10:00:00+00:00,DK1,solar,1360.26,60
2023-05-21T11:00:00+00:00,DK1,solar,1413.77,60
2023-05-21T12:00:00+00:00,DK1,solar,1388.56,60
2023-05-21T13:00:00+00:00,DK1,solar,1228.12,60
2023-05-21T14:00:00+00:00,DK1,solar,1134.7,60
2023-05-21T15:00:00+00:00,DK1,solar,911.57,60
2023-05-21T16:00:00+00:00,DK1,solar,590.85,60
2023-05-21T17:00:00+00:00,DK1,solar,286.27,60
2023-05-21T18:00:00+00:00,DK1,solar,111.63,60
2023-05-21T19:00:00+00:00,DK1,solar,24.57,60
2023-05-21T20:00:00+00:00,DK1,solar,10.25,60
2023-05-21T21:00:00+00:00,DK1,solar,10.28,60
2023-05-21T22:00:00+00:00,DK1,solar,10.33,60
2023-05-21T23:00:00+00:00,DK1,solar,10.31,60
2023-05-22T00:00:00+00:00,DK1,solar,10.32,60
2023-05-22T01:00:00+00:00,DK1,solar,10.32,60
2023-05-22T02:00:00+00:00,DK1,solar,10.41,60
2023-05-22T03:00:00+00:00,DK1,solar,35.84,60
2023-05-22T04:00:00+00:00,DK1,solar,148.53,60
2023-05-22T05:00:00+00:00,DK1,solar,335.31,60
2023-05-22T06:00:00+00:00,DK1,solar,592.5,60
2023-05-22T07:00:00+00:00,DK1,solar,933.62,60
2023-05-22T08:00:00+00:00,DK1,solar,1175.48,60
2023-05-22T09:00:00+00:00,DK1,solar,1305.58,60
2023-05-22T10:00:00+00:00,DK1,solar,1355.53,60
2023-05-22T11:00:00+00:00,DK1,solar,1259.41,60
2023-05-22T12:00:00+00:00,DK1,solar,1127.41,60
2023-05-22T13:00:00+00:00,DK1,solar,889.04,60
2023-05-22T14:00:00+00:00,DK1,solar,732.64,60
2023-05-22T15:00:00+00:00,DK1,solar,505.95,60
2023-05-22T16:00:00+00:00,DK1,solar,258.0,60
2023-05-22T17:00:00+00:00,DK1,solar,99.02,60
2023-05-22T18:00:00+00:00,DK1,solar,33.38,60
2023-05-22T19:00:00+00:00,DK1,solar,6.88,60
2023-05-22T20:00:00+00:00,DK1,solar,3.39,60
2023-05-22T21:00:00+00:00,DK1,solar,3.39,60
2023-05-22T22:00:00+00:00,DK1,solar,0.52,60
2023-05-22T23:00:00+00:00,DK1,solar,0.37,60
2023-05-23T00:00:00+00:00,DK1,solar,0.37,60
2023-05-23T01:00:00+00:00,DK1,solar,0.37,60
2023-05-23T02:00:00+00:00,DK1,solar,1.22,60
2023-05-23T03:00:00+00:00,DK1,solar,7.44,60
2023-05-23T04:00:00+00:00,DK1,solar,26.9,60
2023-05-23T05:00:00+00:00,DK1,solar,77.54,60
2023-05-23T06:00:00+00:00,DK1,solar,167.51,60
2023-05-23T07:00:00+00:00,DK1,solar,358.35,60
2023-05-23T08:00:00+00:00,DK1,solar,515.48,60
2023-05-23T09:00:00+00:00,DK1,solar,736.62,60
2023-05-23T10:00:00+00:00,DK1,solar,891.12,60
2023-05-23T11:00:00+00:00,DK1,solar,886.0,60
2023-05-23T12:00:00+00:00,DK1,solar,844.18,60
2023-05-23T13:00:00+00:00,DK1,solar,746.9,60
2023-05-23T14:00:00+00:00,DK1,solar,617.32,60
2023-05-23T15:00:00+00:00,DK1,solar,480.49,60
2023-05-23T16:00:00+00:00,DK1,solar,274.64,60
2023-05-23T17:00:00+00:00,DK1,solar,124.13,60
2023-05-23T18:00:00+00:00,DK1,solar,53.52,60
2023-05-23T19:00:00+00:00,DK1,solar,7.38,60
2023-05-23T20:00:00+00:00,DK1,solar,0.32,60
2023-05-23T21:00:00+00:00,DK1,solar,0.36,60
2023-05-23T22:00:00+00:00,DK1,solar,0.35,60
2023-05-23T23:00:00+00:00,DK1,solar,0.36,60
2023-05-24T00:00:00+00:00,DK1,solar,0.36,60
2023-05-24T01:00:00+00:00,DK1,solar,6.82,60
2023-05-24T02:00:00+00:00,DK1,solar,10.39,60
2023-05-24T03:00:00+00:00,DK1,solar,38.12,60
2023-05-24T04:00:00+00:00,DK1,solar,141.15,60
2023-05-24T05:00:00+00:00,DK1,solar,337.26,60
2023-05-24T06:00:00+00:00,DK1,solar,626.02,60
2023-05-24T07:00:00+00:00,DK1,solar,873.96,60
2023-05-24T08:00:00+00:00,DK1,solar,1145.4,60
2023-05-24T09:00:00+00:00,DK1,solar,1295.9,60
2023-05-24T10:00:00+00:00,DK1,solar,1376.54,60
2023-05-24T11:00:00+00:00,DK1,solar,1403.98,60
2023-05-24T12:00:00+00:00,DK1,solar,1412.99,60
2023-05-24T13:00:00+00:00,DK1,solar,1387.8,60
2023-05-24T14:00:00+00:00,DK1,solar,1299.05,60
2023-05-24T15:00:00+00:00,DK1,solar,1007.08,60
2023-05-24T16:00:00+00:00,DK1,solar,699.23,60
2023-05-24T17:00:00+00:00,DK1,solar,320.46,60
2023-05-24T18:00:00+00:00,DK1,solar,99.48,60
2023-05-24T19:00:00+00:00,DK1,solar,16.24,60
2023-05-24T20:00:00+00:00,DK1,solar,0.27,60
2023-05-24T21:00:00+00:00,DK1,solar,0.34,60
2023-05-24T22:00:00+00:00,DK1,solar,0.35,60
2023-05-24T23:00:00+00:00,DK1,solar,0.34,60
2023-05-25T00:00:00+00:00,DK1,solar,0.35,60
2023-05-25T01:00:00+00:00,DK1,solar,0.35,60
2023-05-25T02:00:00+00:00,DK1,solar,0.5,60
2023-05-25T03:00:00+00:00,DK1,solar,32.5,60
2023-05-25T04:00:00+00:00,DK1,solar,152.41,60
2023-05-25T05:00:00+00:00,DK1,solar,433.05,60
2023-05-25T06:00:00+00:00,DK1,solar,834.57,60
2023-05-25T07:00:00+00:00,DK1,solar,1230.34,60
2023-05-25T08:00:00+00:00,DK1,solar,1498.9,60
2023-05-25T09:00:00+00:00,DK1,solar,1681.2,60
2023-05-25T10:00:00+00:00,DK1,solar,1737.3,60
2023-05-25T11:00:00+00:00,DK1,solar,1747.42,60
2023-05-25T12:00:00+00:00,DK1,solar,1694.22,60
2023-05-25T13:00:00+00:00,DK1,solar,1616.66,60
2023-05-25T14:00:00+00:00,DK1,solar,1429.92,60
2023-05-25T15:00:00+00:00,DK1,solar,1119.29,60
2023-05-25T16:00:00+00:00,DK1,solar,693.63,60
2023-05-25T17:00:00+00:00,DK1,solar,325.08,60
2023-05-25T18:00:00+00:00,DK1,solar,116.59,60
2023-05-25T19:00:00+00:00,DK1,solar,19.79,60
2023-05-25T20:00:00+00:00,DK1,solar,0.51,60
2023-05-25T21:00:00+00:00,DK1,solar,0.39,60
2023-05-25T22:00:00+00:00,DK1,solar,0.4,60
2023-05-25T23:00:00+00:00,DK1,solar,0.41,60
2023-05-26T00:00:00+00:00,DK1,solar,0.41,60
2023-05-26T01:00:00+00:00,DK1,solar,0.41,60
2023-05-26T02:00:00+00:00,DK1,solar,0.49,60
2023-05-26T03:00:00+00:00,DK1,solar,30.96,60
2023-05-26T04:00:00+00:00,DK1,solar,144.33,60
2023-05-26T05:00:00+00:00,DK1,solar,373.83,60
2023-05-26T06:00:00+00:00,DK1,solar,600.85,60
2023-05-26T07:00:00+00:00,DK1,solar,892.41,60
2023-05-26T08:00:00+00:00,DK1,solar,1121.6,60
2023-05-26T09:00:00+00:00,DK1,solar,1289.26,60
2023-05-26T10:00:00+00:00,DK1,solar,1508.96,60
2023-05-26T11:00:00+00:00,DK1,solar,1603.9,60
2023-05-26T12:00:00+00:00,DK1,solar,1560.14,60
2023-05-26T13:00:00+00:00,DK1,solar,1443.25,60
2023-05-26T14:00:00+00:00,DK1,solar,1290.75,60
2023-05-26T15:00:00+00:00,DK1,solar,1065.37,60
2023-05-26T16:00:00+00:00,DK1,solar,712.93,60
2023-05-26T17:00:00+00:00,DK1,solar,339.55,60
2023-05-26T18:00:00+00:00,DK1,solar,120.98,60
2023-05-26T19:00:00+00:00,DK1,solar,19.47,60
2023-05-26T20:00:00+00:00,DK1,solar,0.32,60
2023-05-26T21:00:00+00:00,DK1,solar,1.71,60
2023-05-26T22:00:00+00:00,DK1,solar,0.35,60
2023-05-26T23:00:00+00:00,DK1,solar,0.36,60
2023-05-27T00:00:00+00:00,DK1,solar,0.37,60
2023-05-27T01:00:00+00:00,DK1,solar,0.37,60
2023-05-27T02:00:00+00:00,DK1,solar,0.72,60
2023-05-27T03:00:00+00:00,DK1,solar,37.42,60
2023-05-27T04:00:00+00:00,DK1,solar,160.75,60
2023-05-27T05:00:00+00:00,DK1,solar,429.17,60
2023-05-27T06:00:00+00:00,DK1,solar,783.61,60
2023-05-27T07:00:00+00:00,DK1,solar,1113.32,60
2023-05-27T08:00:00+00:00,DK1,solar,1429.04,60
2023-05-27T09:00:00+00:00,DK1,solar,1665.23,60
2023-05-27T10:00:00+00:00,DK1,solar,1766.24,60
2023-05-27T11:00:00+00:00,DK1,solar,1674.06,60
2023-05-27T12:00:00+00:00,DK1,solar,1711.01,60
2023-05-27T13:00:00+00:00,DK1,solar,1674.23,60
2023-05-27T14:00:00+00:00,DK1,solar,1471.23,60
2023-05-27T15:00:00+00:00,DK1,solar,1154.14,60
2023-05-27T16:00:00+00:00,DK1,solar,732.82,60
2023-05-27T17:00:00+00:00,DK1,solar,334.62,60
2023-05-27T18:00:00+00:00,DK1,solar,114.21,60
2023-05-27T19:00:00+00:00,DK1,solar,17.43,60
2023-05-27T20:00:00+00:00,DK1,solar,0.25,60
2023-05-27T21:00:00+00:00,DK1,solar,0.33,60
2023-05-27T22:00:00+00:00,DK1,solar,0.33,60
2023-05-27T23:00:00+00:00,DK1,solar,0.35,60
2023-05-28T00:00:00+00:00,DK1,solar,0.35,60
2023-05-28T01:00:00+00:00,DK1,solar,0.36,60
2023-05-28T02:00:00+00:00,DK1,solar,0.7,60
2023-05-28T03:00:00+00:00,DK1,solar,28.84,60
2023-05-28T04:00:00+00:00,DK1,solar,143.77,60
2023-05-28T05:00:00+00:00,DK1,solar,383.37,60
2023-05-28T06:00:00+00:00,DK1,solar,737.96,60
2023-05-28T07:00:00+00:00,DK1,solar,1107.53,60
2023-05-28T08:00:00+00:00,DK1,solar,1283.2,60
2023-05-28T09:00:00+00:00,DK1,solar,1109.16,60
2023-05-28T10:00:00+00:00,DK1,solar,1134.7,60
2023-05-28T11:00:00+00:00,DK1,solar,1109.48,60
2023-05-28T12:00:00+00:00,DK1,solar,1109.04,60
2023-05-28T13:00:00+00:00,DK1,solar,1122.04,60
2023-05-28T14:00:00+00:00,DK1,solar,1028.43,60
2023-05-28T15:00:00+00:00,DK1,solar,1112.67,60
2023-05-28T16:00:00+00:00,DK1,solar,722.48,60
2023-05-28T17:00:00+00:00,DK1,solar,344.32,60
2023-05-28T18:00:00+00:00,DK1,solar,116.2,60
2023-05-28T19:00:00+00:00,DK1,solar,16.48,60
2023-05-28T20:00:00+00:00,DK1,solar,0.37,60
2023-05-28T21:00:00+00:00,DK1,solar,0.35,60
2023-05-28T22:00:00+00:00,DK1,solar,0.35,60
2023-05-28T23:00:00+00:00,DK1,solar,0.36,60
2023-05-29T00:00:00+00:00,DK1,solar,0.36,60
2023-05-29T01:00:00+00:00,DK1,solar,0.37,60
2023-05-29T02:00:00+00:00,DK1,solar,1.54,60
2023-05-29T03:00:00+00:00,DK1,solar,56.16,60
2023-05-29T04:00:00+00:00,DK1,solar,205.77,60
2023-05-29T05:00:00+00:00,DK1,solar,450.92,60
2023-05-29T06:00:00+00:00,DK1,solar,862.67,60
2023-05-29T07:00:00+00:00,DK1,solar,1296.59,60
2023-05-29T08:00:00+00:00,DK1,solar,1520.82,60
2023-05-29T09:00:00+00:00,DK1,solar,1379.8,60
2023-05-29T10:00:00+00:00,DK1,solar,1413.89,60
2023-05-29T11:00:00+00:00,DK1,solar,1417.5,60
2023-05-29T12:00:00+00:00,DK1,solar,1395.61,60
2023-05-29T13:00:00+00:00,DK1,solar,1255.16,60
2023-05-29T14:00:00+00:00,DK1,solar,992.03,60
2023-05-29T15:00:00+00:00,DK1,solar,748.66,60
2023-05-29T16:00:00+00:00,DK1,solar,683.82,60
2023-05-29T17:00:00+00:00,DK1,solar,374.2,60
2023-05-29T18:00:00+00:00,DK1,solar,150.71,60
2023-05-29T19:00:00+00:00,DK1,solar,29.83,60
2023-05-29T20:00:00+00:00,DK1,solar,0.75,60
2023-05-29T21:00:00+00:00,DK1,solar,0.29,60
2023-05-29T22:00:00+00:00,DK1,solar,0.33,60
2023-05-29T23:00:00+00:00,DK1,solar,0.33,60
2023-05-30T00:00:00+00:00,DK1,solar,0.31,60
2023-05-30T01:00:00+00:00,DK1,solar,0.32,60
2023-05-30T02:00:00+00:00,DK1,solar,0.98,60
2023-05-30T03:00:00+00:00,DK1,solar,31.06,60
2023-05-30T04:00:00+00:00,DK1,solar,143.06,60
2023-05-30T05:00:00+00:00,DK1,solar,370.59,60
2023-05-30T06:00:00+00:00,DK1,solar,702.15,60
2023-05-30T07:00:00+00:00,DK1,solar,1057.19,60
2023-05-30T08:00:00+00:00,DK1,solar,1389.43,60
2023-05-30T09:00:00+00:00,DK1,solar,1611.32,60
2023-05-30T10:00:00+00:00,DK1,solar,1669.5,60
2023-05-30T11:00:00+00:00,DK1,solar,1710.09,60
2023-05-30T12:00:00+00:00,DK1,solar,1693.14,60
2023-05-30T13:00:00+00:00,DK1,solar,1603.76,60
2023-05-30T14:00:00+00:00,DK1,solar,962.69,60
2023-05-30T15:00:00+00:00,DK1,solar,869.11,60
2023-05-30T16:00:00+00:00,DK1,solar,560.85,60
2023-05-30T17:00:00+00:00,DK1,solar,255.28,60
2023-05-30T18:00:00+00:00,DK1,solar,88.32,60
2023-05-30T19:00:00+00:00,DK1,solar,17.35,60
2023-05-30T20:00:00+00:00,DK1,solar,0.29,60
2023-05-30T21:00:00+00:00,DK1,solar,0.33,60
2023-05-30T22:00:00+00:00,DK1,solar,0.34,60
2023-05-30T23:00:00+00:00,DK1,solar,0.34,60
2023-05-31T00:00:00+00:00,DK1,solar,0.34,60
2023-05-31T01:00:00+00:00,DK1,solar,0.34,60
2023-05-31T02:00:00+00:00,DK1,solar,0.71,60
2023-05-31T03:00:00+00:00,DK1,solar,26.52,60
2023-05-31T04:00:00+00:00,DK1,solar,140.2,60
2023-05-31T05:00:00+00:00,DK1,solar,363.7,60
2023-05-31T06:00:00+00:00,DK1,solar,722.23,60
2023-05-31T07:00:00+00:00,DK1,solar,1096.09,60
2023-05-31T08:00:00+00:00,DK1,solar,1364.0,60
2023-05-31T09:00:00+00:00,DK1,solar,1520.9,60
2023-05-31T10:00:00+00:00,DK1,solar,1586.32,60
2023-05-31T11:00:00+00:00,DK1,solar,1477.09,60
2023-05-31T12:00:00+00:00,DK1,solar,926.18,60
2023-05-31T13:00:00+00:00,DK1,solar,1514.88,60
2023-05-31T14:00:00+00:00,DK1,solar,1417.19,60
2023-05-31T15:00:00+00:00,DK1,solar,1143.31,60
2023-05-31T16:00:00+00:00,DK1,solar,750.06,60
2023-05-31T17:00:00+00:00,DK1,solar,342.55,60
2023-05-31T18:00:00+00:00,DK1,solar,115.81,60
2023-05-31T19:00:00+00:00,DK1,solar,24.9,60
2023-05-31T20:00:00+00:00,DK1,solar,0.42,60
2023-05-31T21:00:00+00:00,DK1,solar,0.33,60
2023-05-31T22:00:00+00:00,DK1,solar,0.33,60
2023-05-31T23:00:00+00:00,DK1,solar,0.33,60
2023-06-01T00:00:00+00:00,DK1,solar,0.33,60
2023-06-01T01:00:00+00:00,DK1,solar,0.34,60
2023-06-01T02:00:00+00:00,DK1,solar,0.93,60
2023-06-01T03:00:00+00:00,DK1,solar,35.19,60
2023-06-01T04:00:00+00:00,DK1,solar,156.48,60
2023-06-01T05:00:00+00:00,DK1,solar,391.81,60
2023-06-01T06:00:00+00:00,DK1,solar,702.3,60
2023-06-01T07:00:00+00:00,DK1,solar,1069.04,60
2023-06-01T08:00:00+00:00,DK1,solar,1405.27,60
2023-06-01T09:00:00+00:00,DK1,solar,1649.56,60
2023-06-01T10:00:00+00:00,DK1,solar,1719.22,60
2023-06-01T11:00:00+00:00,DK1,solar,1737.8,60
2023-06-01T12:00:00+00:00,DK1,solar,1692.6,60
2023-06-01T13:00:00+00:00,DK1,solar,1546.13,60
2023-06-01T14:00:00+00:00,DK1,solar,1301.75,60
2023-06-01T15:00:00+00:00,DK1,solar,1109.37,60
2023-06-01T16:00:00+00:00,DK1,solar,722.99,60
2023-06-01T17:00:00+00:00,DK1,solar,340.39,60
2023-06-01T18:00:00+00:00,DK1,solar,121.82,60
2023-06-01T19:00:00+00:00,DK1,solar,26.87,60
2023-06-01T20:00:00+00:00,DK1,solar,0.52,60
2023-06-01T21:00:00+00:00,DK1,solar,0.35,60
2023-06-01T22:00:00+00:00,DK1,solar,0.35,60
2023-06-01T23:00:00+00:00,DK1,solar,0.34,60
2023-06-02T00:00:00+00:00,DK1,solar,0.33,60
2023-06-02T01:00:00+00:00,DK1,solar,0.34,60
2023-06-02T02:00:00+00:00,DK1,solar,1.71,60
2023-06-02T03:00:00+00:00,DK1,solar,39.53,60
2023-06-02T04:00:00+00:00,DK1,solar,162.32,60
2023-06-02T05:00:00+00:00,DK1,solar,454.8,60
2023-06-02T06:00:00+00:00,DK1,solar,867.65,60
2023-06-02T07:00:00+00:00,DK1,solar,1271.26,60
2023-06-02T08:00:00+00:00,DK1,solar,1554.73,60
2023-06-02T09:00:00+00:00,DK1,solar,1683.89,60
2023-06-02T10:00:00+00:00,DK1,solar,1735.0,60
2023-06-02T11:00:00+00:00,DK1,solar,1711.01,60
2023-06-02T12:00:00+00:00,DK1,solar,1588.7,60
2023-06-02T13:00:00+00:00,DK1,solar,1484.91,60
2023-06-02T14:00:00+00:00,DK1,solar,1340.44,60
2023-06-02T15:00:00+00:00,DK1,solar,1105.13,60
2023-06-02T16:00:00+00:00,DK1,solar,731.56,60
2023-06-02T17:00:00+00:00,DK1,solar,378.67,60
2023-06-02T18:00:00+00:00,DK1,solar,137.25,60
2023-06-02T19:00:00+00:00,DK1,solar,31.0,60
2023-06-02T20:00:00+00:00,DK1,solar,2.15,60
2023-06-02T21:00:00+00:00,DK1,solar,5.33,60
2023-06-02T22:00:00+00:00,DK1,solar,0.68,60
2023-06-02T23:00:00+00:00,DK1,solar,0.42,60
2023-06-03T00:00:00+00:00,DK1,solar,0.42,60
2023-06-03T01:00:00+00:00,DK1,solar,0.42,60
2023-06-03T02:00:00+00:00,DK1,solar,1.84,60
2023-06-03T03:00:00+00:00,DK1,solar,48.35,60
2023-06-03T04:00:00+00:00,DK1,solar,189.7,60
2023-06-03T05:00:00+00:00,DK1,solar,462.16,60
2023-06-03T06:00:00+00:00,DK1,solar,861.39,60
2023-06-03T07:00:00+00:00,DK1,solar,1244.17,60
2023-06-03T08:00:00+00:00,DK1,solar,1484.74,60
2023-06-03T09:00:00+00:00,DK1,solar,1623.18,60
2023-06-03T10:00:00+00:00,DK1,solar,1687.23,60
2023-06-03T11:00:00+00:00,DK1,solar,1114.52,60
2023-06-03T12:00:00+00:00,DK1,solar,1139.29,60
2023-06-03T13:00:00+00:00,DK1,solar,1572.44,60
2023-06-03T14:00:00+00:00,DK1,solar,1472.62,60
2023-06-03T15:00:00+00:00,DK1,solar,1194.96,60
2023-06-03T16:00:00+00:00,DK1,solar,786.94,60
2023-06-03T17:00:00+00:00,DK1,solar,373.34,60
2023-06-03T18:00:00+00:00,DK1,solar,127.19,60
2023-06-03T19:00:00+00:00,DK1,solar,29.31,60
2023-06-03T20:00:00+00:00,DK1,solar,1.0,60
2023-06-03T21:00:00+00:00,DK1,solar,0.41,60
2023-06-03T22:00:00+00:00,DK1,solar,0.4,60
2023-06-03T23:00:00+00:00,DK1,solar,0.43,60
2023-06-04T00:00:00+00:00,DK1,solar,0.42,60
2023-06-04T01:00:00+00:00,DK1,solar,0.42,60
2023-06-04T02:00:00+00:00,DK1,solar,0.98,60
2023-06-04T03:00:00+00:00,DK1,solar,34.56,60
2023-06-04T04:00:00+00:00,DK1,solar,120.53,60
2023-06-04T05:00:00+00:00,DK1,solar,273.34,60
2023-06-04T06:00:00+00:00,DK1,solar,442.84,60
2023-06-04T07:00:00+00:00,DK1,solar,603.36,60
2023-06-04T08:00:00+00:00,DK1,solar,758.53,60
2023-06-04T09:00:00+00:00,DK1,solar,955.07,60
2023-06-04T10:00:00+00:00,DK1,solar,859.26,60
2023-06-04T11:00:00+00:00,DK1,solar,913.24,60
2023-06-04T12:00:00+00:00,DK1,solar,923.34,60
2023-06-04T13:00:00+00:00,DK1,solar,1023.62,60
2023-06-04T14:00:00+00:00,DK1,solar,1306.61,60
2023-06-04T15:00:00+00:00,DK1,solar,1026.12,60
2023-06-04T16:00:00+00:00,DK1,solar,660.4,60
2023-06-04T17:00:00+00:00,DK1,solar,323.5,60
2023-06-04T18:00:00+00:00,DK1,solar,119.16,60
2023-06-04T19:00:00+00:00,DK1,solar,32.75,60
2023-06-04T20:00:00+00:00,DK1,solar,7.7,60
2023-06-04T21:00:00+00:00,DK1,solar,0.81,60
2023-06-04T22:00:00+00:00,DK1,solar,6.36,60
2023-06-04T23:00:00+00:00,DK1,solar,4.28,60
2023-06-05T00:00:00+00:00,DK1,solar,0.43,60
2023-06-05T01:00:00+00:00,DK1,solar,0.43,60
2023-06-05T02:00:00+00:00,DK1,solar,0.85,60
2023-06-05T03:00:00+00:00,DK1,solar,31.19,60
2023-06-05T04:00:00+00:00,DK1,solar,118.39,60
2023-06-05T05:00:00+00:00,DK1,solar,257.26,60
2023-06-05T06:00:00+00:00,DK1,solar,466.41,60
2023-06-05T07:00:00+00:00,DK1,solar,845.94,60
2023-06-05T08:00:00+00:00,DK1,solar,1330.15,60
2023-06-05T09:00:00+00:00,DK1,solar,1598.51,60
2023-06-05T10:00:00+00:00,DK1,solar,1710.67,60
2023-06-05T11:00:00+00:00,DK1,solar,1682.6,60
2023-06-05T12:00:00+00:00,DK1,solar,1616.3,60
2023-06-05T13:00:00+00:00,DK1,solar,1514.84,60
2023-06-05T14:00:00+00:00,DK1,solar,1331.94,60
2023-06-05T15:00:00+00:00,DK1,solar,1123.14,60
2023-06-05T16:00:00+00:00,DK1,solar,763.95,60
2023-06-05T17:00:00+00:00,DK1,solar,372.9,60
2023-06-05T18:00:00+00:00,DK1,solar,130.87,60
2023-06-05T19:00:00+00:00,DK1,solar,32.31,60
2023-06-05T20:00:00+00:00,DK1,solar,1.05,60
2023-06-05T21:00:00+00:00,DK1,solar,0.38,60
2023-06-05T22:00:00+00:00,DK1,solar,0.41,60
2023-06-05T23:00:00+00:00,DK1,solar,0.38,60
2023-06-06T00:00:00+00:00,DK1,solar,0.41,60
2023-06-06T01:00:00+00:00,DK1,solar,0.4,60
2023-06-06T02:00:00+00:00,DK1,solar,2.32,60
2023-06-06T03:00:00+00:00,DK1,solar,43.32,60
2023-06-06T04:00:00+00:00,DK1,solar,157.36,60
2023-06-06T05:00:00+00:00,DK1,solar,326.27,60
2023-06-06T06:00:00+00:00,DK1,solar,609.55,60
2023-06-06T07:00:00+00:00,DK1,solar,1156.72,60
2023-06-06T08:00:00+00:00,DK1,solar,1522.93,60
2023-06-06T09:00:00+00:00,DK1,solar,1663.07,60
2023-06-06T10:00:00+00:00,DK1,solar,1748.46,60
2023-06-06T11:00:00+00:00,DK1,solar,1774.01,60
2023-06-06T12:00:00+00:00,DK1,solar,1754.04,60
2023-06-06T13:00:00+00:00,DK1,solar,1684.81,60
2023-06-06T14:00:00+00:00,DK1,solar,1499.12,60
2023-06-06T15:00:00+00:00,DK1,solar,1222.18,60
2023-06-06T16:00:00+00:00,DK1,solar,817.38,60
2023-06-06T17:00:00+00:00,DK1,solar,384.5,60
2023-06-06T18:00:00+00:00,DK1,solar,128.2,60
2023-06-06T19:00:00+00:00,DK1,solar,31.6,60
2023-06-06T20:00:00+00:00,DK1,solar,0.87,60
2023-06-06T21:00:00+00:00,DK1,solar,0.4,60
2023-06-06T22:00:00+00:00,DK1,solar,0.4,60
2023-06-06T23:00:00+00:00,DK1,solar,0.4,60
2023-06-07T00:00:00+00:00,DK1,solar,0.4,60
2023-06-07T01:00:00+00:00,DK1,solar,0.41,60
2023-06-07T02:00:00+00:00,DK1,solar,0.72,60
2023-06-07T03:00:00+00:00,DK1,solar,19.84,60
2023-06-07T04:00:00+00:00,DK1,solar,81.2,60
2023-06-07T05:00:00+00:00,DK1,solar,179.1,60
2023-06-07T06:00:00+00:00,DK1,solar,327.94,60
2023-06-07T07:00:00+00:00,DK1,solar,598.78,60
2023-06-07T08:00:00+00:00,DK1,solar,995.21,60
2023-06-07T09:00:00+00:00,DK1,solar,1307.47,60
2023-06-07T10:00:00+00:00,DK1,solar,1543.18,60
2023-06-07T11:00:00+00:00,DK1,solar,1696.06,60
2023-06-07T12:00:00+00:00,DK1,solar,1734.17,60
2023-06-07T13:00:00+00:00,DK1,solar,1656.47,60
2023-06-07T14:00:00+00:00,DK1,solar,1455.85,60
2023-06-07T15:00:00+00:00,DK1,solar,1160.08,60
2023-06-07T16:00:00+00:00,DK1,solar,763.58,60
2023-06-07T17:00:00+00:00,DK1,solar,354.36,60
2023-06-07T18:00:00+00:00,DK1,solar,118.75,60
2023-06-07T19:00:00+00:00,DK1,solar,28.44,60
2023-06-07T20:00:00+00:00,DK1,solar,0.87,60
2023-06-07T21:00:00+00:00,DK1,solar,0.41,60
2023-06-07T22:00:00+00:00,DK1,solar,0.41,60
2023-06-07T23:00:00+00:00,DK1,solar,0.45,60
2023-06-08T00:00:00+00:00,DK1,solar,10.93,60
2023-06-08T01:00:00+00:00,DK1,solar,1.04,60
2023-06-08T02:00:00+00:00,DK1,solar,2.09,60
2023-06-08T03:00:00+00:00,DK1,solar,39.21,60
2023-06-08T04:00:00+00:00,DK1,solar,155.6,60
2023-06-08T05:00:00+00:00,DK1,solar,375.28,60
2023-06-08T06:00:00+00:00,DK1,solar,785.66,60
2023-06-08T07:00:00+00:00,DK1,solar,1234.78,60
2023-06-08T08:00:00+00:00,DK1,solar,1523.24,60
2023-06-08T09:00:00+00:00,DK1,solar,1713.61,60
2023-06-08T10:00:00+00:00,DK1,solar,1769.28,60
2023-06-08T11:00:00+00:00,DK1,solar,1762.74,60
2023-06-08T12:00:00+00:00,DK1,solar,1766.32,60
2023-06-08T13:00:00+00:00,DK1,solar,1660.48,60
2023-06-08T14:00:00+00:00,DK1,solar,1441.15,60
2023-06-08T15:00:00+00:00,DK1,solar,1121.6,60
2023-06-08T16:00:00+00:00,DK1,solar,711.3,60
2023-06-08T17:00:00+00:00,DK1,solar,319.31,60
2023-06-08T18:00:00+00:00,DK1,solar,103.47,60
2023-06-08T19:00:00+00:00,DK1,solar,22.5,60
2023-06-08T20:00:00+00:00,DK1,solar,0.65,60
2023-06-08T21:00:00+00:00,DK1,solar,0.41,60
2023-06-08T22:00:00+00:00,DK1,solar,0.42,60
2023-06-08T23:00:00+00:00,DK1,solar,0.43,60
2023-06-09T00:00:00+00:00,DK1,solar,0.43,60
2023-06-09T01:00:00+00:00,DK1,solar,0.41,60
2023-06-09T02:00:00+00:00,DK1,solar,1.73,60
2023-06-09T03:00:00+00:00,DK1,solar,37.04,60
2023-06-09T04:00:00+00:00,DK1,solar,129.12,60
2023-06-09T05:00:00+00:00,DK1,solar,276.21,60
2023-06-09T06:00:00+00:00,DK1,solar,525.41,60
2023-06-09T07:00:00+00:00,DK1,solar,935.32,60
2023-06-09T08:00:00+00:00,DK1,solar,1245.49,60
2023-06-09T09:00:00+00:00,DK1,solar,1520.56,60
2023-06-09T10:00:00+00:00,DK1,solar,1651.42,60
2023-06-09T11:00:00+00:00,DK1,solar,1682.02,60
2023-06-09T12:00:00+00:00,DK1,solar,1662.13,60
2023-06-09T13:00:00+00:00,DK1,solar,1626.5,60
2023-06-09T14:00:00+00:00,DK1,solar,1473.61,60
2023-06-09T15:00:00+00:00,DK1,solar,1198.36,60
2023-06-09T16:00:00+00:00,DK1,solar,795.0,60
2023-06-09T17:00:00+00:00,DK1,solar,393.89,60
2023-06-09T18:00:00+00:00,DK1,solar,140.34,60
2023-06-09T19:00:00+00:00,DK1,solar,39.06,60
2023-06-09T20:00:00+00:00,DK1,solar,1.55,60
2023-06-09T21:00:00+00:00,DK1,solar,0.33,60
2023-06-09T22:00:00+00:00,DK1,solar,0.35,60
2023-06-09T23:00:00+00:00,DK1,solar,0.36,60
2023-06-10T00:00:00+00:00,DK1,solar,0.37,60
2023-06-10T01:00:00+00:00,DK1,solar,0.38,60
2023-06-10T02:00:00+00:00,DK1,solar,2.49,60
2023-06-10T03:00:00+00:00,DK1,solar,46.87,60
2023-06-10T04:00:00+00:00,DK1,solar,170.78,60
2023-06-10T05:00:00+00:00,DK1,solar,485.11,60
2023-06-10T06:00:00+00:00,DK1,solar,929.07,60
2023-06-10T07:00:00+00:00,DK1,solar,1316.33,60
2023-06-10T08:00:00+00:00,DK1,solar,1609.06,60
2023-06-10T09:00:00+00:00,DK1,solar,1773.21,60
2023-06-10T10:00:00+00:00,DK1,solar,1811.5,60
2023-06-10T11:00:00+00:00,DK1,solar,934.09,60
2023-06-10T12:00:00+00:00,DK1,solar,903.84,60
2023-06-10T13:00:00+00:00,DK1,solar,1033.85,60
2023-06-10T14:00:00+00:00,DK1,solar,1511.87,60
2023-06-10T15:00:00+00:00,DK1,solar,1199.68,60
2023-06-10T16:00:00+00:00,DK1,solar,800.5,60
2023-06-10T17:00:00+00:00,DK1,solar,399.13,60
2023-06-10T18:00:00+00:00,DK1,solar,139.02,60
2023-06-10T19:00:00+00:00,DK1,solar,38.56,60
2023-06-10T20:00:00+00:00,DK1,solar,1.06,60
2023-06-10T21:00:00+00:00,DK1,solar,0.36,60
2023-06-10T22:00:00+00:00,DK1,solar,0.36,60
2023-06-10T23:00:00+00:00,DK1,solar,0.37,60
2023-06-11T00:00:00+00:00,DK1,solar,0.37,60
2023-06-11T01:00:00+00:00,DK1,solar,0.37,60
2023-06-11T02:00:00+00:00,DK1,solar,3.77,60
2023-06-11T03:00:00+00:00,DK1,solar,67.02,60
2023-06-11T04:00:00+00:00,DK1,solar,196.91,60
2023-06-11T05:00:00+00:00,DK1,solar,483.3,60
2023-06-11T06:00:00+00:00,DK1,solar,839.84,60
2023-06-11T07:00:00+00:00,DK1,solar,1250.35,60
2023-06-11T08:00:00+00:00,DK1,solar,1528.32,60
2023-06-11T09:00:00+00:00,DK1,solar,1480.2,60
2023-06-11T10:00:00+00:00,DK1,solar,841.92,60
2023-06-11T11:00:00+00:00,DK1,solar,825.35,60
2023-06-11T12:00:00+00:00,DK1,solar,855.9,60
2023-06-11T13:00:00+00:00,DK1,solar,860.57,60
2023-06-11T14:00:00+00:00,DK1,solar,1432.54,60
2023-06-11T15:00:00+00:00,DK1,solar,1208.03,60
2023-06-11T16:00:00+00:00,DK1,solar,797.28,60
2023-06-11T17:00:00+00:00,DK1,solar,382.31,60
2023-06-11T18:00:00+00:00,DK1,solar,129.64,60
2023-06-11T19:00:00+00:00,DK1,solar,33.66,60
2023-06-11T20:00:00+00:00,DK1,solar,1.45,60
2023-06-11T21:00:00+00:00,DK1,solar,0.33,60
2023-06-11T22:00:00+00:00,DK1,solar,0.33,60
2023-06-11T23:00:00+00:00,DK1,solar,0.34,60
2023-06-12T00:00:00+00:00,DK1,solar,0.34,60
2023-06-12T01:00:00+00:00,DK1,solar,0.34,60
2023-06-12T02:00:00+00:00,DK1,solar,3.19,60
2023-06-12T03:00:00+00:00,DK1,solar,49.58,60
2023-06-12T04:00:00+00:00,DK1,solar,174.94,60
2023-06-12T05:00:00+00:00,DK1,solar,486.97,60
2023-06-12T06:00:00+00:00,DK1,solar,924.98,60
2023-06-12T07:00:00+00:00,DK1,solar,1309.81,60
2023-06-12T08:00:00+00:00,DK1,solar,1572.34,60
2023-06-12T09:00:00+00:00,DK1,solar,1734.62,60
2023-06-12T10:00:00+00:00,DK1,solar,1778.83,60
2023-06-12T11:00:00+00:00,DK1,solar,1818.57,60
2023-06-12T12:00:00+00:00,DK1,solar,1766.61,60
2023-06-12T13:00:00+00:00,DK1,solar,1667.74,60
2023-06-12T14:00:00+00:00,DK1,solar,1447.34,60
2023-06-12T15:00:00+00:00,DK1,solar,1153.78,60
2023-06-12T16:00:00+00:00,DK1,solar,765.57,60
2023-06-12T17:00:00+00:00,DK1,solar,374.12,60
2023-06-12T18:00:00+00:00,DK1,solar,126.55,60
2023-06-12T19:00:00+00:00,DK1,solar,34.48,60
2023-06-12T20:00:00+00:00,DK1,solar,1.81,60
2023-06-12T21:00:00+00:00,DK1,solar,0.3,60
2023-06-12T22:00:00+00:00,DK1,solar,8.0,60
2023-06-12T23:00:00+00:00,DK1,solar,11.73,60
2023-06-13T00:00:00+00:00,DK1,solar,6.65,60
2023-06-13T01:00:00+00:00,DK1,solar,0.33,60
2023-06-13T02:00:00+00:00,DK1,solar,3.37,60
2023-06-13T03:00:00+00:00,DK1,solar,49.02,60
2023-06-13T04:00:00+00:00,DK1,solar,169.26,60
2023-06-13T05:00:00+00:00,DK1,solar,470.6,60
2023-06-13T06:00:00+00:00,DK1,solar,907.18,60
2023-06-13T07:00:00+00:00,DK1,solar,1285.69,60
2023-06-13T08:00:00+00:00,DK1,solar,1525.45,60
2023-06-13T09:00:00+00:00,DK1,solar,1706.24,60
2023-06-13T10:00:00+00:00,DK1,solar,1765.4,60
2023-06-13T11:00:00+00:00,DK1,solar,1778.8,60
2023-06-13T12:00:00+00:00,DK1,solar,1751.59,60
2023-06-13T13:00:00+00:00,DK1,solar,1675.96,60
2023-06-13T14:00:00+00:00,DK1,solar,1463.93,60
2023-06-13T15:00:00+00:00,DK1,solar,1188.06,60
2023-06-13T16:00:00+00:00,DK1,solar,812.69,60
2023-06-13T17:00:00+00:00,DK1,solar,385.82,60
2023-06-13T18:00:00+00:00,DK1,solar,126.27,60
2023-06-13T19:00:00+00:00,DK1,solar,34.84,60
2023-06-13T20:00:00+00:00,DK1,solar,1.62,60
2023-06-13T21:00:00+00:00,DK1,solar,0.43,60
2023-06-13T22:00:00+00:00,DK1,solar,0.44,60
2023-06-13T23:00:00+00:00,DK1,solar,0.45,60
2023-06-14T00:00:00+00:00,DK1,solar,0.46,60
2023-06-14T01:00:00+00:00,DK1,solar,0.45,60
2023-06-14T02:00:00+00:00,DK1,solar,3.44,60
2023-06-14T03:00:00+00:00,DK1,solar,48.7,60
2023-06-14T04:00:00+00:00,DK1,solar,167.72,60
2023-06-14T05:00:00+00:00,DK1,solar,463.69,60
2023-06-14T06:00:00+00:00,DK1,solar,886.45,60
2023-06-14T07:00:00+00:00,DK1,solar,1263.37,60
2023-06-14T08:00:00+00:00,DK1,solar,1524.64,60
2023-06-14T09:00:00+00:00,DK1,solar,1704.94,60
2023-06-14T10:00:00+00:00,DK1,solar,1759.01,60
2023-06-14T11:00:00+00:00,DK1,solar,1759.84,60
2023-06-14T12:00:00+00:00,DK1,solar,1724.87,60
2023-06-14T13:00:00+00:00,DK1,solar,1629.34,60
2023-06-14T14:00:00+00:00,DK1,solar,1434.04,60
2023-06-14T15:00:00+00:00,DK1,solar,1151.27,60
2023-06-14T16:00:00+00:00,DK1,solar,785.69,60
2023-06-14T17:00:00+00:00,DK1,solar,384.14,60
2023-06-14T18:00:00+00:00,DK1,solar,137.12,60
2023-06-14T19:00:00+00:00,DK1,solar,38.76,60
2023-06-14T20:00:00+00:00,DK1,solar,2.35,60
2023-06-14T21:00:00+00:00,DK1,solar,0.42,60
2023-06-14T22:00:00+00:00,DK1,solar,0.43,60
2023-06-14T23:00:00+00:00,DK1,solar,0.44,60
2023-06-15T00:00:00+00:00,DK1,solar,0.45,60
2023-06-15T01:00:00+00:00,DK1,solar,0.46,60
2023-06-15T02:00:00+00:00,DK1,solar,2.75,60
2023-06-15T03:00:00+00:00,DK1,solar,44.96,60
2023-06-15T04:00:00+00:00,DK1,solar,154.01,60
2023-06-15T05:00:00+00:00,DK1,solar,341.21,60
2023-06-15T06:00:00+00:00,DK1,solar,539.81,60
2023-06-15T07:00:00+00:00,DK1,solar,634.2,60
2023-06-15T08:00:00+00:00,DK1,solar,711.42,60
2023-06-15T09:00:00+00:00,DK1,solar,775.16,60
2023-06-15T10:00:00+00:00,DK1,solar,848.57,60
2023-06-15T11:00:00+00:00,DK1,solar,947.91,60
2023-06-15T12:00:00+00:00,DK1,solar,1225.88,60
2023-06-15T13:00:00+00:00,DK1,solar,1267.94,60
2023-06-15T14:00:00+00:00,DK1,solar,1231.41,60
2023-06-15T15:00:00+00:00,DK1,solar,1108.17,60
2023-06-15T16:00:00+00:00,DK1,solar,750.88,60
2023-06-15T17:00:00+00:00,DK1,solar,394.16,60
2023-06-15T18:00:00+00:00,DK1,solar,152.23,60
2023-06-15T19:00:00+00:00,DK1,solar,42.77,60
2023-06-15T20:00:00+00:00,DK1,solar,1.79,60
2023-06-15T21:00:00+00:00,DK1,solar,0.42,60
2023-06-15T22:00:00+00:00,DK1,solar,0.43,60
2023-06-15T23:00:00+00:00,DK1,solar,0.44,60
2023-06-16T00:00:00+00:00,DK1,solar,0.44,60
2023-06-16T01:00:00+00:00,DK1,solar,0.43,60
2023-06-16T02:00:00+00:00,DK1,solar,2.25,60
2023-06-16T03:00:00+00:00,DK1,solar,40.0,60
2023-06-16T04:00:00+00:00,DK1,solar,167.22,60
2023-06-16T05:00:00+00:00,DK1,solar,340.08,60
2023-06-16T06:00:00+00:00,DK1,solar,760.15,60
2023-06-16T07:00:00+00:00,DK1,solar,1106.17,60
2023-06-16T08:00:00+00:00,DK1,solar,1369.48,60
2023-06-16T09:00:00+00:00,DK1,solar,1488.05,60
2023-06-16T10:00:00+00:00,DK1,solar,1516.03,60
2023-06-16T11:00:00+00:00,DK1,solar,1521.14,60
2023-06-16T12:00:00+00:00,DK1,solar,1403.9,60
2023-06-16T13:00:00+00:00,DK1,solar,1299.91,60
2023-06-16T14:00:00+00:00,DK1,solar,1076.02,60
2023-06-16T15:00:00+00:00,DK1,solar,976.79,60
2023-06-16T16:00:00+00:00,DK1,solar,668.03,60
2023-06-16T17:00:00+00:00,DK1,solar,357.11,60
2023-06-16T18:00:00+00:00,DK1,solar,167.22,60
2023-06-16T19:00:00+00:00,DK1,solar,56.01,60
2023-06-16T20:00:00+00:00,DK1,solar,1.58,60
2023-06-16T21:00:00+00:00,DK1,solar,0.41,60
2023-06-16T22:00:00+00:00,DK1,solar,0.43,60
2023-06-16T23:00:00+00:00,DK1,solar,0.43,60
2023-06-17T00:00:00+00:00,DK1,solar,0.44,60
2023-06-17T01:00:00+00:00,DK1,solar,0.44,60
2023-06-17T02:00:00+00:00,DK1,solar,3.18,60
2023-06-17T03:00:00+00:00,DK1,solar,54.65,60
2023-06-17T04:00:00+00:00,DK1,solar,166.98,60
2023-06-17T05:00:00+00:00,DK1,solar,446.87,60
2023-06-17T06:00:00+00:00,DK1,solar,856.81,60
2023-06-17T07:00:00+00:00,DK1,solar,1228.49,60
2023-06-17T08:00:00+00:00,DK1,solar,1481.18,60
2023-06-17T09:00:00+00:00,DK1,solar,1624.2,60
2023-06-17T10:00:00+00:00,DK1,solar,1598.17,60
2023-06-17T11:00:00+00:00,DK1,solar,1513.98,60
2023-06-17T12:00:00+00:00,DK1,solar,1346.8,60
2023-06-17T13:00:00+00:00,DK1,solar,1187.86,60
2023-06-17T14:00:00+00:00,DK1,solar,949.57,60
2023-06-17T15:00:00+00:00,DK1,solar,716.03,60
2023-06-17T16:00:00+00:00,DK1,solar,544.02,60
2023-06-17T17:00:00+00:00,DK1,solar,365.53,60
2023-06-17T18:00:00+00:00,DK1,solar,182.65,60
2023-06-17T19:00:00+00:00,DK1,solar,48.1,60
2023-06-17T20:00:00+00:00,DK1,solar,2.51,60
2023-06-17T21:00:00+00:00,DK1,solar,0.46,60
2023-06-17T22:00:00+00:00,DK1,solar,0.46,60
2023-06-17T23:00:00+00:00,DK1,solar,0.46,60
2023-06-18T00:00:00+00:00,DK1,solar,0.47,60
2023-06-18T01:00:00+00:00,DK1,solar,0.47,60
2023-06-18T02:00:00+00:00,DK1,solar,1.26,60
2023-06-18T03:00:00+00:00,DK1,solar,40.11,60
2023-06-18T04:00:00+00:00,DK1,solar,143.39,60
2023-06-18T05:00:00+00:00,DK1,solar,348.48,60
2023-06-18T06:00:00+00:00,DK1,solar,711.45,60
2023-06-18T07:00:00+00:00,DK1,solar,1139.7,60
2023-06-18T08:00:00+00:00,DK1,solar,1439.96,60
2023-06-18T09:00:00+00:00,DK1,solar,1562.61,60
2023-06-18T10:00:00+00:00,DK1,solar,1617.35,60
2023-06-18T11:00:00+00:00,DK1,solar,1563.22,60
2023-06-18T12:00:00+00:00,DK1,solar,1476.29,60
2023-06-18T13:00:00+00:00,DK1,solar,1432.52,60
2023-06-18T14:00:00+00:00,DK1,solar,1210.6,60
2023-06-18T15:00:00+00:00,DK1,solar,1004.62,60
2023-06-18T16:00:00+00:00,DK1,solar,712.6,60
2023-06-18T17:00:00+00:00,DK1,solar,355.19,60
2023-06-18T18:00:00+00:00,DK1,solar,142.2,60
2023-06-18T19:00:00+00:00,DK1,solar,39.26,60
2023-06-18T20:00:00+00:00,DK1,solar,1.7,60
2023-06-18T21:00:00+00:00,DK1,solar,0.42,60
2023-06-18T22:00:00+00:00,DK1,solar,0.46,60
2023-06-18T23:00:00+00:00,DK1,solar,4.77,60
2023-06-19T00:00:00+00:00,DK1,solar,0.44,60
2023-06-19T01:00:00+00:00,DK1,solar,0.44,60
2023-06-19T02:00:00+00:00,DK1,solar,2.98,60
2023-06-19T03:00:00+00:00,DK1,solar,52.39,60
2023-06-19T04:00:00+00:00,DK1,solar,177.7,60
2023-06-19T05:00:00+00:00,DK1,solar,388.29,60
2023-06-19T06:00:00+00:00,DK1,solar,630.43,60
2023-06-19T07:00:00+00:00,DK1,solar,809.08,60
2023-06-19T08:00:00+00:00,DK1,solar,862.43,60
2023-06-19T09:00:00+00:00,DK1,solar,1050.92,60
2023-06-19T10:00:00+00:00,DK1,solar,1203.36,60
2023-06-19T11:00:00+00:00,DK1,solar,1023.18,60
2023-06-19T12:00:00+00:00,DK1,solar,750.09,60
2023-06-19T13:00:00+00:00,DK1,solar,591.6,60
2023-06-19T14:00:00+00:00,DK1,solar,411.26,60
2023-06-19T15:00:00+00:00,DK1,solar,352.08,60
2023-06-19T16:00:00+00:00,DK1,solar,245.8,60
2023-06-19T17:00:00+00:00,DK1,solar,131.9,60
2023-06-19T18:00:00+00:00,DK1,solar,59.62,60
2023-06-19T19:00:00+00:00,DK1,solar,10.58,60
2023-06-19T20:00:00+00:00,DK1,solar,9.42,60
2023-06-19T21:00:00+00:00,DK1,solar,10.35,60
2023-06-19T22:00:00+00:00,DK1,solar,0.88,60
2023-06-19T23:00:00+00:00,DK1,solar,0.34,60
2023-06-20T00:00:00+00:00,DK1,solar,0.34,60
2023-06-20T01:00:00+00:00,DK1,solar,0.35,60
2023-06-20T02:00:00+00:00,DK1,solar,0.81,60
2023-06-20T03:00:00+00:00,DK1,solar,31.59,60
2023-06-20T04:00:00+00:00,DK1,solar,108.38,60
2023-06-20T05:00:00+00:00,DK1,solar,259.15,60
2023-06-20T06:00:00+00:00,DK1,solar,502.84,60
2023-06-20T07:00:00+00:00,DK1,solar,828.75,60
2023-06-20T08:00:00+00:00,DK1,solar,1103.64,60
2023-06-20T09:00:00+00:00,DK1,solar,1119.39,60
2023-06-20T10:00:00+00:00,DK1,solar,987.96,60
2023-06-20T11:00:00+00:00,DK1,solar,1033.0,60
2023-06-20T12:00:00+00:00,DK1,solar,1130.9,60
2023-06-20T13:00:00+00:00,DK1,solar,1230.2,60
2023-06-20T14:00:00+00:00,DK1,solar,981.48,60
2023-06-20T15:00:00+00:00,DK1,solar,958.87,60
2023-06-20T16:00:00+00:00,DK1,solar,742.0,60
2023-06-20T17:00:00+00:00,DK1,solar,380.23,60
2023-06-20T18:00:00+00:00,DK1,solar,152.22,60
2023-06-20T19:00:00+00:00,DK1,solar,36.81,60
2023-06-20T20:00:00+00:00,DK1,solar,1.03,60
2023-06-20T21:00:00+00:00,DK1,solar,0.33,60
2023-06-20T22:00:00+00:00,DK1,solar,0.36,60
2023-06-20T23:00:00+00:00,DK1,solar,0.36,60
2023-06-21T00:00:00+00:00,DK1,solar,0.37,60
2023-06-21T01:00:00+00:00,DK1,solar,0.37,60
2023-06-21T02:00:00+00:00,DK1,solar,2.03,60
2023-06-21T03:00:00+00:00,DK1,solar,17.07,60
2023-06-21T04:00:00+00:00,DK1,solar,61.66,60
2023-06-21T05:00:00+00:00,DK1,solar,124.08,60
2023-06-21T06:00:00+00:00,DK1,solar,296.89,60
2023-06-21T07:00:00+00:00,DK1,solar,419.49,60
2023-06-21T08:00:00+00:00,DK1,solar,618.56,60
2023-06-21T09:00:00+00:00,DK1,solar,659.42,60
2023-06-21T10:00:00+00:00,DK1,solar,611.84,60
2023-06-21T11:00:00+00:00,DK1,solar,651.61,60
2023-06-21T12:00:00+00:00,DK1,solar,787.52,60
2023-06-21T13:00:00+00:00,DK1,solar,900.93,60
2023-06-21T14:00:00+00:00,DK1,solar,983.48,60
2023-06-21T15:00:00+00:00,DK1,solar,875.67,60
2023-06-21T16:00:00+00:00,DK1,solar,615.31,60
2023-06-21T17:00:00+00:00,DK1,solar,336.81,60
2023-06-21T18:00:00+00:00,DK1,solar,143.58,60
2023-06-21T19:00:00+00:00,DK1,solar,39.46,60
2023-06-21T20:00:00+00:00,DK1,solar,1.96,60
2023-06-21T21:00:00+00:00,DK1,solar,0.35,60
2023-06-21T22:00:00+00:00,DK1,solar,0.37,60
2023-06-21T23:00:00+00:00,DK1,solar,0.35,60
2023-06-22T00:00:00+00:00,DK1,solar,0.36,60
2023-06-22T01:00:00+00:00,DK1,solar,0.36,60
2023-06-22T02:00:00+00:00,DK1,solar,2.56,60
2023-06-22T03:00:00+00:00,DK1,solar,47.94,60
2023-06-22T04:00:00+00:00,DK1,solar,166.58,60
2023-06-22T05:00:00+00:00,DK1,solar,389.11,60
2023-06-22T06:00:00+00:00,DK1,solar,766.23,60
2023-06-22T07:00:00+00:00,DK1,solar,1108.39,60
2023-06-22T08:00:00+00:00,DK1,solar,1318.19,60
2023-06-22T09:00:00+00:00,DK1,solar,1455.87,60
2023-06-22T10:00:00+00:00,DK1,solar,1513.58,60
2023-06-22T11:00:00+00:00,DK1,solar,1560.9,60
2023-06-22T12:00:00+00:00,DK1,solar,1602.64,60
2023-06-22T13:00:00+00:00,DK1,solar,1525.5,60
2023-06-22T14:00:00+00:00,DK1,solar,1311.06,60
2023-06-22T15:00:00+00:00,DK1,solar,1048.67,60
2023-06-22T16:00:00+00:00,DK1,solar,654.43,60
2023-06-22T17:00:00+00:00,DK1,solar,331.63,60
2023-06-22T18:00:00+00:00,DK1,solar,161.02,60
2023-06-22T19:00:00+00:00,DK1,solar,37.63,60
2023-06-22T20:00:00+00:00,DK1,solar,1.92,60
2023-06-22T21:00:00+00:00,DK1,solar,0.35,60
2023-06-22T22:00:00+00:00,DK1,solar,0.36,60
2023-06-22T23:00:00+00:00,DK1,solar,0.36,60
2023-06-23T00:00:00+00:00,DK1,solar,0.37,60
2023-06-23T01:00:00+00:00,DK1,solar,0.37,60
2023-06-23T02:00:00+00:00,DK1,solar,3.36,60
2023-06-23T03:00:00+00:00,DK1,solar,61.43,60
2023-06-23T04:00:00+00:00,DK1,solar,162.95,60
2023-06-23T05:00:00+00:00,DK1,solar,329.86,60
2023-06-23T06:00:00+00:00,DK1,solar,531.48,60
2023-06-23T07:00:00+00:00,DK1,solar,770.4,60
2023-06-23T08:00:00+00:00,DK1,solar,1006.89,60
2023-06-23T09:00:00+00:00,DK1,solar,1288.44,60
2023-06-23T10:00:00+00:00,DK1,solar,1447.35,60
2023-06-23T11:00:00+00:00,DK1,solar,1529.68,60
2023-06-23T12:00:00+00:00,DK1,solar,1603.71,60
2023-06-23T13:00:00+00:00,DK1,solar,1614.96,60
2023-06-23T14:00:00+00:00,DK1,solar,1441.42,60
2023-06-23T15:00:00+00:00,DK1,solar,1102.98,60
2023-06-23T16:00:00+00:00,DK1,solar,624.5,60
2023-06-23T17:00:00+00:00,DK1,solar,336.99,60
2023-06-23T18:00:00+00:00,DK1,solar,138.79,60
2023-06-23T19:00:00+00:00,DK1,solar,44.34,60
2023-06-23T20:00:00+00:00,DK1,solar,3.42,60
2023-06-23T21:00:00+00:00,DK1,solar,0.45,60
2023-06-23T22:00:00+00:00,DK1,solar,0.45,60
2023-06-23T23:00:00+00:00,DK1,solar,0.46,60
2023-06-24T00:00:00+00:00,DK1,solar,0.46,60
2023-06-24T01:00:00+00:00,DK1,solar,0.46,60
2023-06-24T02:00:00+00:00,DK1,solar,3.37,60
2023-06-24T03:00:00+00:00,DK1,solar,67.05,60
2023-06-24T04:00:00+00:00,DK1,solar,203.34,60
2023-06-24T05:00:00+00:00,DK1,solar,447.22,60
2023-06-24T06:00:00+00:00,DK1,solar,819.64,60
2023-06-24T07:00:00+00:00,DK1,solar,1139.7,60
2023-06-24T08:00:00+00:00,DK1,solar,1476.5,60
2023-06-24T09:00:00+00:00,DK1,solar,1555.88,60
2023-06-24T10:00:00+00:00,DK1,solar,1543.1,60
2023-06-24T11:00:00+00:00,DK1,solar,1487.92,60
2023-06-24T12:00:00+00:00,DK1,solar,1366.68,60
2023-06-24T13:00:00+00:00,DK1,solar,1210.27,60
2023-06-24T14:00:00+00:00,DK1,solar,1088.26,60
2023-06-24T15:00:00+00:00,DK1,solar,900.24,60
2023-06-24T16:00:00+00:00,DK1,solar,576.82,60
2023-06-24T17:00:00+00:00,DK1,solar,336.31,60
2023-06-24T18:00:00+00:00,DK1,solar,146.74,60
2023-06-24T19:00:00+00:00,DK1,solar,40.12,60
2023-06-24T20:00:00+00:00,DK1,solar,2.26,60
2023-06-24T21:00:00+00:00,DK1,solar,0.47,60
2023-06-24T22:00:00+00:00,DK1,solar,0.48,60
2023-06-24T23:00:00+00:00,DK1,solar,0.48,60
2023-06-25T00:00:00+00:00,DK1,solar,0.49,60
2023-06-25T01:00:00+00:00,DK1,solar,0.49,60
2023-06-25T02:00:00+00:00,DK1,solar,1.03,60
2023-06-25T03:00:00+00:00,DK1,solar,26.04,60
2023-06-25T04:00:00+00:00,DK1,solar,101.8,60
2023-06-25T05:00:00+00:00,DK1,solar,228.48,60
2023-06-25T06:00:00+00:00,DK1,solar,440.18,60
2023-06-25T07:00:00+00:00,DK1,solar,661.07,60
2023-06-25T08:00:00+00:00,DK1,solar,809.34,60
2023-06-25T09:00:00+00:00,DK1,solar,894.24,60
2023-06-25T10:00:00+00:00,DK1,solar,979.01,60
2023-06-25T11:00:00+00:00,DK1,solar,1101.53,60
2023-06-25T12:00:00+00:00,DK1,solar,1152.94,60
2023-06-25T13:00:00+00:00,DK1,solar,1245.58,60
2023-06-25T14:00:00+00:00,DK1,solar,1110.42,60
2023-06-25T15:00:00+00:00,DK1,solar,944.58,60
2023-06-25T16:00:00+00:00,DK1,solar,740.39,60
2023-06-25T17:00:00+00:00,DK1,solar,402.49,60
2023-06-25T18:00:00+00:00,DK1,solar,142.49,60
2023-06-25T19:00:00+00:00,DK1,solar,40.19,60
2023-06-25T20:00:00+00:00,DK1,solar,2.24,60
2023-06-25T21:00:00+00:00,DK1,solar,0.46,60
2023-06-25T22:00:00+00:00,DK1,solar,0.48,60
2023-06-25T23:00:00+00:00,DK1,solar,0.48,60
2023-06-26T00:00:00+00:00,DK1,solar,0.48,60
2023-06-26T01:00:00+00:00,DK1,solar,0.49,60
2023-06-26T02:00:00+00:00,DK1,solar,2.89,60
2023-06-26T03:00:00+00:00,DK1,solar,47.9,60
2023-06-26T04:00:00+00:00,DK1,solar,175.77,60
2023-06-26T05:00:00+00:00,DK1,solar,440.43,60
2023-06-26T06:00:00+00:00,DK1,solar,623.97,60
2023-06-26T07:00:00+00:00,DK1,solar,434.37,60
2023-06-26T08:00:00+00:00,DK1,solar,271.07,60
2023-06-26T09:00:00+00:00,DK1,solar,120.39,60
2023-06-26T10:00:00+00:00,DK1,solar,155.11,60
2023-06-26T11:00:00+00:00,DK1,solar,449.23,60
2023-06-26T12:00:00+00:00,DK1,solar,626.17,60
2023-06-26T13:00:00+00:00,DK1,solar,712.73,60
2023-06-26T14:00:00+00:00,DK1,solar,685.84,60
2023-06-26T15:00:00+00:00,DK1,solar,529.27,60
2023-06-26T16:00:00+00:00,DK1,solar,325.16,60
2023-06-26T17:00:00+00:00,DK1,solar,199.12,60
2023-06-26T18:00:00+00:00,DK1,solar,98.74,60
2023-06-26T19:00:00+00:00,DK1,solar,26.45,60
2023-06-26T20:00:00+00:00,DK1,solar,1.09,60
2023-06-26T21:00:00+00:00,DK1,solar,0.09,60
2023-06-26T22:00:00+00:00,DK1,solar,0.1,60
2023-06-26T23:00:00+00:00,DK1,solar,0.1,60
2023-06-27T00:00:00+00:00,DK1,solar,0.1,60
2023-06-27T01:00:00+00:00,DK1,solar,0.1,60
2023-06-27T02:00:00+00:00,DK1,solar,0.41,60
2023-06-27T03:00:00+00:00,DK1,solar,16.98,60
2023-06-27T04:00:00+00:00,DK1,solar,52.47,60
2023-06-27T05:00:00+00:00,DK1,solar,134.31,60
2023-06-27T06:00:00+00:00,DK1,solar,369.26,60
2023-06-27T07:00:00+00:00,DK1,solar,728.35,60
2023-06-27T08:00:00+00:00,DK1,solar,1293.02,60
2023-06-27T09:00:00+00:00,DK1,solar,1564.35,60
2023-06-27T10:00:00+00:00,DK1,solar,1588.64,60
2023-06-27T11:00:00+00:00,DK1,solar,1595.26,60
2023-06-27T12:00:00+00:00,DK1,solar,1609.62,60
2023-06-27T13:00:00+00:00,DK1,solar,1539.03,60
2023-06-27T14:00:00+00:00,DK1,solar,1459.99,60
2023-06-27T15:00:00+00:00,DK1,solar,1252.53,60
2023-06-27T16:00:00+00:00,DK1,solar,811.07,60
2023-06-27T17:00:00+00:00,DK1,solar,444.22,60
2023-06-27T18:00:00+00:00,DK1,solar,170.6,60
2023-06-27T19:00:00+00:00,DK1,solar,48.95,60
2023-06-27T20:00:00+00:00,DK1,solar,5.96,60
2023-06-27T21:00:00+00:00,DK1,solar,4.0,60
2023-06-27T22:00:00+00:00,DK1,solar,4.1,60
2023-06-27T23:00:00+00:00,DK1,solar,4.11,60
2023-06-28T00:00:00+00:00,DK1,solar,4.17,60
2023-06-28T01:00:00+00:00,DK1,solar,4.17,60
2023-06-28T02:00:00+00:00,DK1,solar,7.39,60
2023-06-28T03:00:00+00:00,DK1,solar,57.55,60
2023-06-28T04:00:00+00:00,DK1,solar,177.52,60
2023-06-28T05:00:00+00:00,DK1,solar,528.69,60
2023-06-28T06:00:00+00:00,DK1,solar,970.34,60
2023-06-28T07:00:00+00:00,DK1,solar,1444.45,60
2023-06-28T08:00:00+00:00,DK1,solar,1753.35,60
2023-06-28T09:00:00+00:00,DK1,solar,1797.35,60
2023-06-28T10:00:00+00:00,DK1,solar,1784.14,60
2023-06-28T11:00:00+00:00,DK1,solar,1740.55,60
2023-06-28T12:00:00+00:00,DK1,solar,1596.71,60
2023-06-28T13:00:00+00:00,DK1,solar,1397.87,60
2023-06-28T14:00:00+00:00,DK1,solar,1008.45,60
2023-06-28T15:00:00+00:00,DK1,solar,682.0,60
2023-06-28T16:00:00+00:00,DK1,solar,370.25,60
2023-06-28T17:00:00+00:00,DK1,solar,221.89,60
2023-06-28T18:00:00+00:00,DK1,solar,87.2,60
2023-06-28T19:00:00+00:00,DK1,solar,18.65,60
2023-06-28T20:00:00+00:00,DK1,solar,3.68,60
2023-06-28T21:00:00+00:00,DK1,solar,3.67,60
2023-06-28T22:00:00+00:00,DK1,solar,3.69,60
2023-06-28T23:00:00+00:00,DK1,solar,3.71,60
2023-06-29T00:00:00+00:00,DK1,solar,3.76,60
2023-06-29T01:00:00+00:00,DK1,solar,3.73,60
2023-06-29T02:00:00+00:00,DK1,solar,3.89,60
2023-06-29T03:00:00+00:00,DK1,solar,15.33,60
2023-06-29T04:00:00+00:00,DK1,solar,57.49,60
2023-06-29T05:00:00+00:00,DK1,solar,153.58,60
2023-06-29T06:00:00+00:00,DK1,solar,296.77,60
2023-06-29T07:00:00+00:00,DK1,solar,495.54,60
2023-06-29T08:00:00+00:00,DK1,solar,823.01,60
2023-06-29T09:00:00+00:00,DK1,solar,1031.88,60
2023-06-29T10:00:00+00:00,DK1,solar,905.25,60
2023-06-29T11:00:00+00:00,DK1,solar,858.34,60
2023-06-29T12:00:00+00:00,DK1,solar,730.45,60
2023-06-29T13:00:00+00:00,DK1,solar,599.57,60
2023-06-29T14:00:00+00:00,DK1,solar,374.54,60
2023-06-29T15:00:00+00:00,DK1,solar,319.57,60
2023-06-29T16:00:00+00:00,DK1,solar,220.71,60
2023-06-29T17:00:00+00:00,DK1,solar,147.41,60
2023-06-29T18:00:00+00:00,DK1,solar,82.17,60
2023-06-29T19:00:00+00:00,DK1,solar,19.15,60
2023-06-29T20:00:00+00:00,DK1,solar,3.37,60
2023-06-29T21:00:00+00:00,DK1,solar,3.63,60
2023-06-29T22:00:00+00:00,DK1,solar,3.67,60
2023-06-29T23:00:00+00:00,DK1,solar,3.63,60
2023-06-30T00:00:00+00:00,DK1,solar,3.66,60
2023-06-30T01:00:00+00:00,DK1,solar,3.71,60
2023-06-30T02:00:00+00:00,DK1,solar,4.66,60
2023-06-30T03:00:00+00:00,DK1,solar,50.99,60
2023-06-30T04:00:00+00:00,DK1,solar,185.25,60
2023-06-30T05:00:00+00:00,DK1,solar,429.61,60
2023-06-30T06:00:00+00:00,DK1,solar,892.48,60
2023-06-30T07:00:00+00:00,DK1,solar,1269.44,60
2023-06-30T08:00:00+00:00,DK1,solar,1569.22,60
2023-06-30T09:00:00+00:00,DK1,solar,1619.17,60
2023-06-30T10:00:00+00:00,DK1,solar,1529.68,60
2023-06-30T11:00:00+00:00,DK1,solar,1360.0,60
2023-06-30T12:00:00+00:00,DK1,solar,1328.29,60
2023-06-30T13:00:00+00:00,DK1,solar,1433.04,60
2023-06-30T14:00:00+00:00,DK1,solar,1483.07,60
2023-06-30T15:00:00+00:00,DK1,solar,1215.44,60
2023-06-30T16:00:00+00:00,DK1,solar,800.87,60
2023-06-30T17:00:00+00:00,DK1,solar,348.54,60
2023-06-30T18:00:00+00:00,DK1,solar,160.35,60
2023-06-30T19:00:00+00:00,DK1,solar,37.61,60
2023-06-30T20:00:00+00:00,DK1,solar,3.76,60
2023-06-30T21:00:00+00:00,DK1,solar,3.75,60
2023-06-30T22:00:00+00:00,DK1,solar,3.76,60
2023-06-30T23:00:00+00:00,DK1,solar,3.76,60
2023-07-01T00:00:00+00:00,DK1,solar,3.76,60
2023-07-01T01:00:00+00:00,DK1,solar,3.76,60
2023-07-01T02:00:00+00:00,DK1,solar,3.93,60
2023-07-01T03:00:00+00:00,DK1,solar,12.5,60
2023-07-01T04:00:00+00:00,DK1,solar,69.7,60
2023-07-01T05:00:00+00:00,DK1,solar,151.24,60
2023-07-01T06:00:00+00:00,DK1,solar,235.1,60
2023-07-01T07:00:00+00:00,DK1,solar,282.45,60
2023-07-01T08:00:00+00:00,DK1,solar,324.93,60
2023-07-01T09:00:00+00:00,DK1,solar,473.53,60
2023-07-01T10:00:00+00:00,DK1,solar,555.61,60
2023-07-01T11:00:00+00:00,DK1,solar,709.43,60
2023-07-01T12:00:00+00:00,DK1,solar,879.58,60
2023-07-01T13:00:00+00:00,DK1,solar,562.31,60
2023-07-01T14:00:00+00:00,DK1,solar,510.36,60
2023-07-01T15:00:00+00:00,DK1,solar,439.09,60
2023-07-01T16:00:00+00:00,DK1,solar,376.1,60
2023-07-01T17:00:00+00:00,DK1,solar,218.01,60
2023-07-01T18:00:00+00:00,DK1,solar,116.71,60
2023-07-01T19:00:00+00:00,DK1,solar,36.85,60
2023-07-01T20:00:00+00:00,DK1,solar,4.45,60
2023-07-01T21:00:00+00:00,DK1,solar,3.77,60
2023-07-01T22:00:00+00:00,DK1,solar,3.79,60
2023-07-01T23:00:00+00:00,DK1,solar,3.81,60
2023-07-02T00:00:00+00:00,DK1,solar,3.8,60
2023-07-02T01:00:00+00:00,DK1,solar,3.84,60
2023-07-02T02:00:00+00:00,DK1,solar,5.32,60
2023-07-02T03:00:00+00:00,DK1,solar,49.48,60
2023-07-02T04:00:00+00:00,DK1,solar,169.82,60
2023-07-02T05:00:00+00:00,DK1,solar,368.44,60
2023-07-02T06:00:00+00:00,DK1,solar,510.54,60
2023-07-02T07:00:00+00:00,DK1,solar,586.05,60
2023-07-02T08:00:00+00:00,DK1,solar,556.2,60
2023-07-02T09:00:00+00:00,DK1,solar,593.0,60
2023-07-02T10:00:00+00:00,DK1,solar,697.77,60
2023-07-02T11:00:00+00:00,DK1,solar,583.97,60
2023-07-02T12:00:00+00:00,DK1,solar,579.81,60
2023-07-02T13:00:00+00:00,DK1,solar,533.39,60
2023-07-02T14:00:00+00:00,DK1,solar,482.08,60
2023-07-02T15:00:00+00:00,DK1,solar,371.11,60
2023-07-02T16:00:00+00:00,DK1,solar,343.54,60
2023-07-02T17:00:00+00:00,DK1,solar,319.78,60
2023-07-02T18:00:00+00:00,DK1,solar,128.4,60
2023-07-02T19:00:00+00:00,DK1,solar,40.19,60
2023-07-02T20:00:00+00:00,DK1,solar,5.09,60
2023-07-02T21:00:00+00:00,DK1,solar,3.76,60
2023-07-02T22:00:00+00:00,DK1,solar,3.76,60
2023-07-02T23:00:00+00:00,DK1,solar,3.8,60
2023-07-03T00:00:00+00:00,DK1,solar,3.83,60
2023-07-03T01:00:00+00:00,DK1,solar,3.78,60
2023-07-03T02:00:00+00:00,DK1,solar,4.99,60
2023-07-03T03:00:00+00:00,DK1,solar,49.88,60
2023-07-03T04:00:00+00:00,DK1,solar,165.57,60
2023-07-03T05:00:00+00:00,DK1,solar,366.39,60
2023-07-03T06:00:00+00:00,DK1,solar,875.62,60
2023-07-03T07:00:00+00:00,DK1,solar,1217.64,60
2023-07-03T08:00:00+00:00,DK1,solar,1423.6,60
2023-07-03T09:00:00+00:00,DK1,solar,1267.91,60
2023-07-03T10:00:00+00:00,DK1,solar,978.69,60
2023-07-03T11:00:00+00:00,DK1,solar,848.7,60
2023-07-03T12:00:00+00:00,DK1,solar,737.97,60
2023-07-03T13:00:00+00:00,DK1,solar,780.22,60
2023-07-03T14:00:00+00:00,DK1,solar,941.9,60
2023-07-03T15:00:00+00:00,DK1,solar,932.82,60
2023-07-03T16:00:00+00:00,DK1,solar,762.82,60
2023-07-03T17:00:00+00:00,DK1,solar,338.25,60
2023-07-03T18:00:00+00:00,DK1,solar,158.13,60
2023-07-03T19:00:00+00:00,DK1,solar,40.85,60
2023-07-03T20:00:00+00:00,DK1,solar,4.86,60
2023-07-03T21:00:00+00:00,DK1,solar,3.53,60
2023-07-03T22:00:00+00:00,DK1,solar,3.57,60
2023-07-03T23:00:00+00:00,DK1,solar,3.61,60
2023-07-04T00:00:00+00:00,DK1,solar,3.61,60
2023-07-04T01:00:00+00:00,DK1,solar,3.65,60
2023-07-04T02:00:00+00:00,DK1,solar,5.18,60
2023-07-04T03:00:00+00:00,DK1,solar,55.29,60
2023-07-04T04:00:00+00:00,DK1,solar,169.48,60
2023-07-04T05:00:00+00:00,DK1,solar,354.64,60
2023-07-04T06:00:00+00:00,DK1,solar,637.22,60
2023-07-04T07:00:00+00:00,DK1,solar,839.28,60
2023-07-04T08:00:00+00:00,DK1,solar,1114.66,60
2023-07-04T09:00:00+00:00,DK1,solar,1057.37,60
2023-07-04T10:00:00+00:00,DK1,solar,1053.03,60
2023-07-04T11:00:00+00:00,DK1,solar,1082.91,60
2023-07-04T12:00:00+00:00,DK1,solar,982.83,60
2023-07-04T13:00:00+00:00,DK1,solar,948.26,60
2023-07-04T14:00:00+00:00,DK1,solar,753.77,60
2023-07-04T15:00:00+00:00,DK1,solar,662.8,60
2023-07-04T16:00:00+00:00,DK1,solar,532.2,60
2023-07-04T17:00:00+00:00,DK1,solar,332.84,60
2023-07-04T18:00:00+00:00,DK1,solar,156.9,60
2023-07-04T19:00:00+00:00,DK1,solar,45.1,60
2023-07-04T20:00:00+00:00,DK1,solar,1.95,60
2023-07-04T21:00:00+00:00,DK1,solar,0.36,60
2023-07-04T22:00:00+00:00,DK1,solar,0.37,60
2023-07-04T23:00:00+00:00,DK1,solar,0.36,60
2023-07-05T00:00:00+00:00,DK1,solar,0.39,60
2023-07-05T01:00:00+00:00,DK1,solar,0.4,60
2023-07-05T02:00:00+00:00,DK1,solar,2.47,60
2023-07-05T03:00:00+00:00,DK1,solar,45.29,60
2023-07-05T04:00:00+00:00,DK1,solar,144.31,60
2023-07-05T05:00:00+00:00,DK1,solar,250.53,60
2023-07-05T06:00:00+00:00,DK1,solar,331.1,60
2023-07-05T07:00:00+00:00,DK1,solar,321.91,60
2023-07-05T08:00:00+00:00,DK1,solar,307.18,60
2023-07-05T09:00:00+00:00,DK1,solar,315.92,60
2023-07-05T10:00:00+00:00,DK1,solar,444.35,60
2023-07-05T11:00:00+00:00,DK1,solar,592.18,60
2023-07-05T12:00:00+00:00,DK1,solar,411.47,60
2023-07-05T13:00:00+00:00,DK1,solar,483.64,60
2023-07-05T14:00:00+00:00,DK1,solar,542.17,60
2023-07-05T15:00:00+00:00,DK1,solar,332.23,60
2023-07-05T16:00:00+00:00,DK1,solar,247.98,60
2023-07-05T17:00:00+00:00,DK1,solar,167.78,60
2023-07-05T18:00:00+00:00,DK1,solar,84.77,60
2023-07-05T19:00:00+00:00,DK1,solar,18.94,60
2023-07-05T20:00:00+00:00,DK1,solar,0.56,60
2023-07-05T21:00:00+00:00,DK1,solar,0.47,60
2023-07-05T22:00:00+00:00,DK1,solar,0.47,60
2023-07-05T23:00:00+00:00,DK1,solar,0.47,60
2023-07-06T00:00:00+00:00,DK1,solar,0.45,60
2023-07-06T01:00:00+00:00,DK1,solar,0.45,60
2023-07-06T02:00:00+00:00,DK1,solar,0.5,60
2023-07-06T03:00:00+00:00,DK1,solar,16.66,60
2023-07-06T04:00:00+00:00,DK1,solar,91.59,60
2023-07-06T05:00:00+00:00,DK1,solar,264.58,60
2023-07-06T06:00:00+00:00,DK1,solar,519.78,60
2023-07-06T07:00:00+00:00,DK1,solar,845.13,60
2023-07-06T08:00:00+00:00,DK1,solar,992.92,60
2023-07-06T09:00:00+00:00,DK1,solar,1083.12,60
2023-07-06T10:00:00+00:00,DK1,solar,1081.05,60
2023-07-06T11:00:00+00:00,DK1,solar,1241.77,60
2023-07-06T12:00:00+00:00,DK1,solar,1223.13,60
2023-07-06T13:00:00+00:00,DK1,solar,1176.1,60
2023-07-06T14:00:00+00:00,DK1,solar,1194.55,60
2023-07-06T15:00:00+00:00,DK1,solar,1128.3,60
2023-07-06T16:00:00+00:00,DK1,solar,769.4,60
2023-07-06T17:00:00+00:00,DK1,solar,388.43,60
2023-07-06T18:00:00+00:00,DK1,solar,145.98,60
2023-07-06T19:00:00+00:00,DK1,solar,40.64,60
2023-07-06T20:00:00+00:00,DK1,solar,1.64,60
2023-07-06T21:00:00+00:00,DK1,solar,0.31,60
2023-07-06T22:00:00+00:00,DK1,solar,0.32,60
2023-07-06T23:00:00+00:00,DK1,solar,0.34,60
2023-07-07T00:00:00+00:00,DK1,solar,0.34,60
2023-07-07T01:00:00+00:00,DK1,solar,0.35,60
2023-07-07T02:00:00+00:00,DK1,solar,1.51,60
2023-07-07T03:00:00+00:00,DK1,solar,43.25,60
2023-07-07T04:00:00+00:00,DK1,solar,152.15,60
2023-07-07T05:00:00+00:00,DK1,solar,385.74,60
2023-07-07T06:00:00+00:00,DK1,solar,751.49,60
2023-07-07T07:00:00+00:00,DK1,solar,1080.71,60
2023-07-07T08:00:00+00:00,DK1,solar,1363.51,60
2023-07-07T09:00:00+00:00,DK1,solar,1603.66,60
2023-07-07T10:00:00+00:00,DK1,solar,1625.92,60
2023-07-07T11:00:00+00:00,DK1,solar,1653.33,60
2023-07-07T12:00:00+00:00,DK1,solar,1597.88,60
2023-07-07T13:00:00+00:00,DK1,solar,1606.41,60
2023-07-07T14:00:00+00:00,DK1,solar,1465.3,60
2023-07-07T15:00:00+00:00,DK1,solar,1247.79,60
2023-07-07T16:00:00+00:00,DK1,solar,849.95,60
2023-07-07T17:00:00+00:00,DK1,solar,416.04,60
2023-07-07T18:00:00+00:00,DK1,solar,148.59,60
2023-07-07T19:00:00+00:00,DK1,solar,40.41,60
2023-07-07T20:00:00+00:00,DK1,solar,2.11,60
2023-07-07T21:00:00+00:00,DK1,solar,0.31,60
2023-07-07T22:00:00+00:00,DK1,solar,0.34,60
2023-07-07T23:00:00+00:00,DK1,solar,0.36,60
2023-07-08T00:00:00+00:00,DK1,solar,0.36,60
2023-07-08T01:00:00+00:00,DK1,solar,0.37,60
2023-07-08T02:00:00+00:00,DK1,solar,1.53,60
2023-07-08T03:00:00+00:00,DK1,solar,35.69,60
2023-07-08T04:00:00+00:00,DK1,solar,145.36,60
2023-07-08T05:00:00+00:00,DK1,solar,435.95,60
2023-07-08T06:00:00+00:00,DK1,solar,882.99,60
2023-07-08T07:00:00+00:00,DK1,solar,1291.17,60
2023-07-08T08:00:00+00:00,DK1,solar,1615.78,60
2023-07-08T09:00:00+00:00,DK1,solar,1813.59,60
2023-07-08T10:00:00+00:00,DK1,solar,1871.65,60
2023-07-08T11:00:00+00:00,DK1,solar,1879.32,60
2023-07-08T12:00:00+00:00,DK1,solar,1864.12,60
2023-07-08T13:00:00+00:00,DK1,solar,1793.66,60
2023-07-08T14:00:00+00:00,DK1,solar,1577.85,60
2023-07-08T15:00:00+00:00,DK1,solar,1254.9,60
2023-07-08T16:00:00+00:00,DK1,solar,848.33,60
2023-07-08T17:00:00+00:00,DK1,solar,415.64,60
2023-07-08T18:00:00+00:00,DK1,solar,137.3,60
2023-07-08T19:00:00+00:00,DK1,solar,35.25,60
2023-07-08T20:00:00+00:00,DK1,solar,1.2,60
2023-07-08T21:00:00+00:00,DK1,solar,0.28,60
2023-07-08T22:00:00+00:00,DK1,solar,0.32,60
2023-07-08T23:00:00+00:00,DK1,solar,0.34,60
2023-07-09T00:00:00+00:00,DK1,solar,0.35,60
2023-07-09T01:00:00+00:00,DK1,solar,0.35,60
2023-07-09T02:00:00+00:00,DK1,solar,1.01,60
2023-07-09T03:00:00+00:00,DK1,solar,43.57,60
2023-07-09T04:00:00+00:00,DK1,solar,168.82,60
2023-07-09T05:00:00+00:00,DK1,solar,446.44,60
2023-07-09T06:00:00+00:00,DK1,solar,870.4,60
2023-07-09T07:00:00+00:00,DK1,solar,1264.14,60
2023-07-09T08:00:00+00:00,DK1,solar,1601.83,60
2023-07-09T09:00:00+00:00,DK1,solar,1804.12,60
2023-07-09T10:00:00+00:00,DK1,solar,1856.86,60
2023-07-09T11:00:00+00:00,DK1,solar,1853.03,60
2023-07-09T12:00:00+00:00,DK1,solar,1770.73,60
2023-07-09T13:00:00+00:00,DK1,solar,1575.45,60
2023-07-09T14:00:00+00:00,DK1,solar,1170.91,60
2023-07-09T15:00:00+00:00,DK1,solar,947.14,60
2023-07-09T16:00:00+00:00,DK1,solar,619.03,60
2023-07-09T17:00:00+00:00,DK1,solar,320.59,60
2023-07-09T18:00:00+00:00,DK1,solar,113.3,60
2023-07-09T19:00:00+00:00,DK1,solar,16.6,60
2023-07-09T20:00:00+00:00,DK1,solar,0.32,60
2023-07-09T21:00:00+00:00,DK1,solar,0.31,60
2023-07-09T22:00:00+00:00,DK1,solar,0.32,60
2023-07-09T23:00:00+00:00,DK1,solar,0.33,60
2023-07-10T00:00:00+00:00,DK1,solar,0.34,60
2023-07-10T01:00:00+00:00,DK1,solar,0.34,60
2023-07-10T02:00:00+00:00,DK1,solar,0.45,60
2023-07-10T03:00:00+00:00,DK1,solar,6.89,60
2023-07-10T04:00:00+00:00,DK1,solar,26.56,60
2023-07-10T05:00:00+00:00,DK1,solar,69.49,60
2023-07-10T06:00:00+00:00,DK1,solar,113.88,60
2023-07-10T07:00:00+00:00,DK1,solar,123.06,60
2023-07-10T08:00:00+00:00,DK1,solar,142.77,60
2023-07-10T09:00:00+00:00,DK1,solar,227.34,60
2023-07-10T10:00:00+00:00,DK1,solar,365.1,60
2023-07-10T11:00:00+00:00,DK1,solar,706.78,60
2023-07-10T12:00:00+00:00,DK1,solar,945.21,60
2023-07-10T13:00:00+00:00,DK1,solar,1081.76,60
2023-07-10T14:00:00+00:00,DK1,solar,1081.48,60
2023-07-10T15:00:00+00:00,DK1,solar,958.84,60
2023-07-10T16:00:00+00:00,DK1,solar,737.0,60
2023-07-10T17:00:00+00:00,DK1,solar,373.12,60
2023-07-10T18:00:00+00:00,DK1,solar,135.56,60
2023-07-10T19:00:00+00:00,DK1,solar,32.67,60
2023-07-10T20:00:00+00:00,DK1,solar,0.85,60
2023-07-10T21:00:00+00:00,DK1,solar,0.31,60
2023-07-10T22:00:00+00:00,DK1,solar,0.3,60
2023-07-10T23:00:00+00:00,DK1,solar,0.32,60
2023-07-11T00:00:00+00:00,DK1,solar,0.32,60
2023-07-11T01:00:00+00:00,DK1,solar,0.32,60
2023-07-11T02:00:00+00:00,DK1,solar,0.78,60
2023-07-11T03:00:00+00:00,DK1,solar,39.26,60
2023-07-11T04:00:00+00:00,DK1,solar,143.27,60
2023-07-11T05:00:00+00:00,DK1,solar,268.6,60
2023-07-11T06:00:00+00:00,DK1,solar,362.93,60
2023-07-11T07:00:00+00:00,DK1,solar,510.7,60
2023-07-11T08:00:00+00:00,DK1,solar,618.47,60
2023-07-11T09:00:00+00:00,DK1,solar,597.1,60
2023-07-11T10:00:00+00:00,DK1,solar,692.16,60
2023-07-11T11:00:00+00:00,DK1,solar,844.82,60
2023-07-11T12:00:00+00:00,DK1,solar,827.27,60
2023-07-11T13:00:00+00:00,DK1,solar,635.84,60
2023-07-11T14:00:00+00:00,DK1,solar,467.97,60
2023-07-11T15:00:00+00:00,DK1,solar,368.33,60
2023-07-11T16:00:00+00:00,DK1,solar,274.09,60
2023-07-11T17:00:00+00:00,DK1,solar,145.26,60
2023-07-11T18:00:00+00:00,DK1,solar,78.57,60
2023-07-11T19:00:00+00:00,DK1,solar,17.73,60
2023-07-11T20:00:00+00:00,DK1,solar,0.52,60
2023-07-11T21:00:00+00:00,DK1,solar,0.33,60
2023-07-11T22:00:00+00:00,DK1,solar,0.33,60
2023-07-11T23:00:00+00:00,DK1,solar,0.33,60
2023-07-12T00:00:00+00:00,DK1,solar,0.33,60
2023-07-12T01:00:00+00:00,DK1,solar,0.35,60
2023-07-12T02:00:00+00:00,DK1,solar,0.35,60
2023-07-12T03:00:00+00:00,DK1,solar,5.82,60
2023-07-12T04:00:00+00:00,DK1,solar,51.45,60
2023-07-12T05:00:00+00:00,DK1,solar,119.22,60
2023-07-12T06:00:00+00:00,DK1,solar,258.27,60
2023-07-12T07:00:00+00:00,DK1,solar,381.77,60
2023-07-12T08:00:00+00:00,DK1,solar,458.19,60
2023-07-12T09:00:00+00:00,DK1,solar,734.99,60
2023-07-12T10:00:00+00:00,DK1,solar,1161.58,60
2023-07-12T11:00:00+00:00,DK1,solar,1246.79,60
2023-07-12T12:00:00+00:00,DK1,solar,1272.36,60
2023-07-12T13:00:00+00:00,DK1,solar,1212.38,60
2023-07-12T14:00:00+00:00,DK1,solar,1152.47,60
2023-07-12T15:00:00+00:00,DK1,solar,953.45,60
2023-07-12T16:00:00+00:00,DK1,solar,676.02,60
2023-07-12T17:00:00+00:00,DK1,solar,371.48,60
2023-07-12T18:00:00+00:00,DK1,solar,134.99,60
2023-07-12T19:00:00+00:00,DK1,solar,28.89,60
2023-07-12T20:00:00+00:00,DK1,solar,0.53,60
2023-07-12T21:00:00+00:00,DK1,solar,0.31,60
2023-07-12T22:00:00+00:00,DK1,solar,0.33,60
2023-07-12T23:00:00+00:00,DK1,solar,0.33,60
2023-07-13T00:00:00+00:00,DK1,solar,0.32,60
2023-07-13T01:00:00+00:00,DK1,solar,0.33,60
2023-07-13T02:00:00+00:00,DK1,solar,0.57,60
2023-07-13T03:00:00+00:00,DK1,solar,26.07,60
2023-07-13T04:00:00+00:00,DK1,solar,117.54,60
2023-07-13T05:00:00+00:00,DK1,solar,299.88,60
2023-07-13T06:00:00+00:00,DK1,solar,589.15,60
2023-07-13T07:00:00+00:00,DK1,solar,777.41,60
2023-07-13T08:00:00+00:00,DK1,solar,984.79,60
2023-07-13T09:00:00+00:00,DK1,solar,1097.09,60
2023-07-13T10:00:00+00:00,DK1,solar,1179.75,60
2023-07-13T11:00:00+00:00,DK1,solar,1080.81,60
2023-07-13T12:00:00+00:00,DK1,solar,1124.32,60
2023-07-13T13:00:00+00:00,DK1,solar,1221.13,60
2023-07-13T14:00:00+00:00,DK1,solar,1060.28,60
2023-07-13T15:00:00+00:00,DK1,solar,959.52,60
2023-07-13T16:00:00+00:00,DK1,solar,648.06,60
2023-07-13T17:00:00+00:00,DK1,solar,347.54,60
2023-07-13T18:00:00+00:00,DK1,solar,140.08,60
2023-07-13T19:00:00+00:00,DK1,solar,33.45,60
2023-07-13T20:00:00+00:00,DK1,solar,0.81,60
2023-07-13T21:00:00+00:00,DK1,solar,0.33,60
2023-07-13T22:00:00+00:00,DK1,solar,0.35,60
2023-07-13T23:00:00+00:00,DK1,solar,0.36,60
2023-07-14T00:00:00+00:00,DK1,solar,0.37,60
2023-07-14T01:00:00+00:00,DK1,solar,0.36,60
2023-07-14T02:00:00+00:00,DK1,solar,0.63,60
2023-07-14T03:00:00+00:00,DK1,solar,35.79,60
2023-07-14T04:00:00+00:00,DK1,solar,148.35,60
2023-07-14T05:00:00+00:00,DK1,solar,393.43,60
2023-07-14T06:00:00+00:00,DK1,solar,783.1,60
2023-07-14T07:00:00+00:00,DK1,solar,1059.45,60
2023-07-14T08:00:00+00:00,DK1,solar,1303.11,60
2023-07-14T09:00:00+00:00,DK1,solar,1388.07,60
2023-07-14T10:00:00+00:00,DK1,solar,1399.04,60
2023-07-14T11:00:00+00:00,DK1,solar,1263.97,60
2023-07-14T12:00:00+00:00,DK1,solar,1284.59,60
2023-07-14T13:00:00+00:00,DK1,solar,1243.69,60
2023-07-14T14:00:00+00:00,DK1,solar,1115.24,60
2023-07-14T15:00:00+00:00,DK1,solar,868.52,60
2023-07-14T16:00:00+00:00,DK1,solar,550.06,60
2023-07-14T17:00:00+00:00,DK1,solar,286.42,60
2023-07-14T18:00:00+00:00,DK1,solar,110.75,60
2023-07-14T19:00:00+00:00,DK1,solar,23.7,60
2023-07-14T20:00:00+00:00,DK1,solar,0.33,60
2023-07-14T21:00:00+00:00,DK1,solar,0.35,60
2023-07-14T22:00:00+00:00,DK1,solar,0.35,60
2023-07-14T23:00:00+00:00,DK1,solar,0.36,60
2023-07-15T00:00:00+00:00,DK1,solar,0.36,60
2023-07-15T01:00:00+00:00,DK1,solar,0.38,60
2023-07-15T02:00:00+00:00,DK1,solar,0.39,60
2023-07-15T03:00:00+00:00,DK1,solar,9.46,60
2023-07-15T04:00:00+00:00,DK1,solar,71.49,60
2023-07-15T05:00:00+00:00,DK1,solar,181.07,60
2023-07-15T06:00:00+00:00,DK1,solar,281.28,60
2023-07-15T07:00:00+00:00,DK1,solar,455.86,60
2023-07-15T08:00:00+00:00,DK1,solar,820.24,60
2023-07-15T09:00:00+00:00,DK1,solar,1218.75,60
2023-07-15T10:00:00+00:00,DK1,solar,1374.44,60
2023-07-15T11:00:00+00:00,DK1,solar,1405.78,60
2023-07-15T12:00:00+00:00,DK1,solar,1136.01,60
2023-07-15T13:00:00+00:00,DK1,solar,1250.73,60
2023-07-15T14:00:00+00:00,DK1,solar,910.13,60
2023-07-15T15:00:00+00:00,DK1,solar,685.33,60
2023-07-15T16:00:00+00:00,DK1,solar,440.64,60
2023-07-15T17:00:00+00:00,DK1,solar,211.54,60
2023-07-15T18:00:00+00:00,DK1,solar,73.24,60
2023-07-15T19:00:00+00:00,DK1,solar,6.78,60
2023-07-15T20:00:00+00:00,DK1,solar,0.35,60
2023-07-15T21:00:00+00:00,DK1,solar,0.34,60
2023-07-15T22:00:00+00:00,DK1,solar,0.34,60
2023-07-15T23:00:00+00:00,DK1,solar,0.35,60
2023-07-16T00:00:00+00:00,DK1,solar,0.36,60
2023-07-16T01:00:00+00:00,DK1,solar,0.36,60
2023-07-16T02:00:00+00:00,DK1,solar,0.39,60
2023-07-16T03:00:00+00:00,DK1,solar,14.89,60
2023-07-16T04:00:00+00:00,DK1,solar,91.7,60
2023-07-16T05:00:00+00:00,DK1,solar,259.13,60
2023-07-16T06:00:00+00:00,DK1,solar,496.45,60
2023-07-16T07:00:00+00:00,DK1,solar,350.65,60
2023-07-16T08:00:00+00:00,DK1,solar,392.58,60
2023-07-16T09:00:00+00:00,DK1,solar,474.18,60
2023-07-16T10:00:00+00:00,DK1,solar,543.64,60
2023-07-16T11:00:00+00:00,DK1,solar,531.01,60
2023-07-16T12:00:00+00:00,DK1,solar,547.5,60
2023-07-16T13:00:00+00:00,DK1,solar,440.0,60
2023-07-16T14:00:00+00:00,DK1,solar,392.67,60
2023-07-16T15:00:00+00:00,DK1,solar,389.53,60
2023-07-16T16:00:00+00:00,DK1,solar,483.22,60
2023-07-16T17:00:00+00:00,DK1,solar,268.07,60
2023-07-16T18:00:00+00:00,DK1,solar,107.27,60
2023-07-16T19:00:00+00:00,DK1,solar,18.58,60
2023-07-16T20:00:00+00:00,DK1,solar,0.26,60
2023-07-16T21:00:00+00:00,DK1,solar,0.32,60
2023-07-16T22:00:00+00:00,DK1,solar,0.33,60
2023-07-16T23:00:00+00:00,DK1,solar,0.33,60
2023-07-17T00:00:00+00:00,DK1,solar,0.33,60
2023-07-17T01:00:00+00:00,DK1,solar,0.33,60
2023-07-17T02:00:00+00:00,DK1,solar,0.35,60
2023-07-17T03:00:00+00:00,DK1,solar,15.5,60
2023-07-17T04:00:00+00:00,DK1,solar,103.18,60
2023-07-17T05:00:00+00:00,DK1,solar,228.95,60
2023-07-17T06:00:00+00:00,DK1,solar,464.51,60
2023-07-17T07:00:00+00:00,DK1,solar,697.93,60
2023-07-17T08:00:00+00:00,DK1,solar,979.78,60
2023-07-17T09:00:00+00:00,DK1,solar,1228.32,60
2023-07-17T10:00:00+00:00,DK1,solar,1263.41,60
2023-07-17T11:00:00+00:00,DK1,solar,1210.24,60
2023-07-17T12:00:00+00:00,DK1,solar,1200.75,60
2023-07-17T13:00:00+00:00,DK1,solar,1243.74,60
2023-07-17T14:00:00+00:00,DK1,solar,1160.58,60
2023-07-17T15:00:00+00:00,DK1,solar,883.15,60
2023-07-17T16:00:00+00:00,DK1,solar,672.55,60
2023-07-17T17:00:00+00:00,DK1,solar,351.04,60
2023-07-17T18:00:00+00:00,DK1,solar,140.43,60
2023-07-17T19:00:00+00:00,DK1,solar,31.81,60
2023-07-17T20:00:00+00:00,DK1,solar,0.5,60
2023-07-17T21:00:00+00:00,DK1,solar,0.35,60
2023-07-17T22:00:00+00:00,DK1,solar,0.35,60
2023-07-17T23:00:00+00:00,DK1,solar,0.36,60
2023-07-18T00:00:00+00:00,DK1,solar,0.37,60
2023-07-18T01:00:00+00:00,DK1,solar,0.37,60
2023-07-18T02:00:00+00:00,DK1,solar,0.45,60
2023-07-18T03:00:00+00:00,DK1,solar,27.51,60
2023-07-18T04:00:00+00:00,DK1,solar,123.79,60
2023-07-18T05:00:00+00:00,DK1,solar,393.37,60
2023-07-18T06:00:00+00:00,DK1,solar,762.38,60
2023-07-18T07:00:00+00:00,DK1,solar,1039.03,60
2023-07-18T08:00:00+00:00,DK1,solar,1176.79,60
2023-07-18T09:00:00+00:00,DK1,solar,1205.24,60
2023-07-18T10:00:00+00:00,DK1,solar,1175.35,60
2023-07-18T11:00:00+00:00,DK1,solar,1109.2,60
2023-07-18T12:00:00+00:00,DK1,solar,1138.13,60
2023-07-18T13:00:00+00:00,DK1,solar,1183.83,60
2023-07-18T14:00:00+00:00,DK1,solar,1126.44,60
2023-07-18T15:00:00+00:00,DK1,solar,994.15,60
2023-07-18T16:00:00+00:00,DK1,solar,746.73,60
2023-07-18T17:00:00+00:00,DK1,solar,375.48,60
2023-07-18T18:00:00+00:00,DK1,solar,140.86,60
2023-07-18T19:00:00+00:00,DK1,solar,26.45,60
2023-07-18T20:00:00+00:00,DK1,solar,0.35,60
2023-07-18T21:00:00+00:00,DK1,solar,0.36,60
2023-07-18T22:00:00+00:00,DK1,solar,0.35,60
2023-07-18T23:00:00+00:00,DK1,solar,0.36,60
2023-07-19T00:00:00+00:00,DK1,solar,0.36,60
2023-07-19T01:00:00+00:00,DK1,solar,0.36,60
2023-07-19T02:00:00+00:00,DK1,solar,0.4,60
2023-07-19T03:00:00+00:00,DK1,solar,11.11,60
2023-07-19T04:00:00+00:00,DK1,solar,97.33,60
2023-07-19T05:00:00+00:00,DK1,solar,287.37,60
2023-07-19T06:00:00+00:00,DK1,solar,548.93,60
2023-07-19T07:00:00+00:00,DK1,solar,775.15,60
2023-07-19T08:00:00+00:00,DK1,solar,776.38,60
2023-07-19T09:00:00+00:00,DK1,solar,828.9,60
2023-07-19T10:00:00+00:00,DK1,solar,895.26,60
2023-07-19T11:00:00+00:00,DK1,solar,1090.63,60
2023-07-19T12:00:00+00:00,DK1,solar,1097.23,60
2023-07-19T13:00:00+00:00,DK1,solar,1053.61,60
2023-07-19T14:00:00+00:00,DK1,solar,1169.55,60
2023-07-19T15:00:00+00:00,DK1,solar,979.22,60
2023-07-19T16:00:00+00:00,DK1,solar,726.09,60
2023-07-19T17:00:00+00:00,DK1,solar,380.27,60
2023-07-19T18:00:00+00:00,DK1,solar,121.12,60
2023-07-19T19:00:00+00:00,DK1,solar,22.72,60
2023-07-19T20:00:00+00:00,DK1,solar,0.29,60
2023-07-19T21:00:00+00:00,DK1,solar,0.36,60
2023-07-19T22:00:00+00:00,DK1,solar,0.36,60
2023-07-19T23:00:00+00:00,DK1,solar,0.37,60
2023-07-20T00:00:00+00:00,DK1,solar,0.38,60
2023-07-20T01:00:00+00:00,DK1,solar,0.38,60
2023-07-20T02:00:00+00:00,DK1,solar,0.43,60
2023-07-20T03:00:00+00:00,DK1,solar,20.35,60
2023-07-20T04:00:00+00:00,DK1,solar,118.97,60
2023-07-20T05:00:00+00:00,DK1,solar,358.12,60
2023-07-20T06:00:00+00:00,DK1,solar,589.53,60
2023-07-20T07:00:00+00:00,DK1,solar,750.74,60
2023-07-20T08:00:00+00:00,DK1,solar,984.3,60
2023-07-20T09:00:00+00:00,DK1,solar,1200.27,60
2023-07-20T10:00:00+00:00,DK1,solar,1279.22,60
2023-07-20T11:00:00+00:00,DK1,solar,1315.57,60
2023-07-20T12:00:00+00:00,DK1,solar,1247.99,60
2023-07-20T13:00:00+00:00,DK1,solar,1115.16,60
2023-07-20T14:00:00+00:00,DK1,solar,1040.53,60
2023-07-20T15:00:00+00:00,DK1,solar,863.62,60
2023-07-20T16:00:00+00:00,DK1,solar,584.58,60
2023-07-20T17:00:00+00:00,DK1,solar,322.12,60
2023-07-20T18:00:00+00:00,DK1,solar,123.6,60
2023-07-20T19:00:00+00:00,DK1,solar,20.24,60
2023-07-20T20:00:00+00:00,DK1,solar,0.28,60
2023-07-20T21:00:00+00:00,DK1,solar,0.36,60
2023-07-20T22:00:00+00:00,DK1,solar,0.36,60
2023-07-20T23:00:00+00:00,DK1,solar,0.37,60
2023-07-21T00:00:00+00:00,DK1,solar,0.37,60
2023-07-21T01:00:00+00:00,DK1,solar,0.37,60
2023-07-21T02:00:00+00:00,DK1,solar,0.41,60
2023-07-21T03:00:00+00:00,DK1,solar,19.2,60
2023-07-21T04:00:00+00:00,DK1,solar,119.37,60
2023-07-21T05:00:00+00:00,DK1,solar,360.1,60
2023-07-21T06:00:00+00:00,DK1,solar,715.6,60
2023-07-21T07:00:00+00:00,DK1,solar,959.77,60
2023-07-21T08:00:00+00:00,DK1,solar,1163.57,60
2023-07-21T09:00:00+00:00,DK1,solar,1313.36,60
2023-07-21T10:00:00+00:00,DK1,solar,1425.72,60
2023-07-21T11:00:00+00:00,DK1,solar,1404.2,60
2023-07-21T12:00:00+00:00,DK1,solar,1321.17,60
2023-07-21T13:00:00+00:00,DK1,solar,1287.32,60
2023-07-21T14:00:00+00:00,DK1,solar,966.57,60
2023-07-21T15:00:00+00:00,DK1,solar,733.63,60
2023-07-21T16:00:00+00:00,DK1,solar,449.01,60
2023-07-21T17:00:00+00:00,DK1,solar,214.13,60
2023-07-21T18:00:00+00:00,DK1,solar,94.13,60
2023-07-21T19:00:00+00:00,DK1,solar,16.1,60
2023-07-21T20:00:00+00:00,DK1,solar,0.0,60
2023-07-21T21:00:00+00:00,DK1,solar,0.0,60
2023-07-21T22:00:00+00:00,DK1,solar,0.0,60
2023-07-21T23:00:00+00:00,DK1,solar,0.0,60
2023-07-22T00:00:00+00:00,DK1,solar,0.0,60
2023-07-22T01:00:00+00:00,DK1,solar,0.0,60
2023-07-22T02:00:00+00:00,DK1,solar,0.0,60
2023-07-22T03:00:00+00:00,DK1,solar,20.56,60
2023-07-22T04:00:00+00:00,DK1,solar,130.32,60
2023-07-22T05:00:00+00:00,DK1,solar,376.75,60
2023-07-22T06:00:00+00:00,DK1,solar,718.4,60
2023-07-22T07:00:00+00:00,DK1,solar,1042.0,60
2023-07-22T08:00:00+00:00,DK1,solar,1197.26,60
2023-07-22T09:00:00+00:00,DK1,solar,1268.33,60
2023-07-22T10:00:00+00:00,DK1,solar,1377.89,60
2023-07-22T11:00:00+00:00,DK1,solar,1293.81,60
2023-07-22T12:00:00+00:00,DK1,solar,1270.44,60
2023-07-22T13:00:00+00:00,DK1,solar,1147.62,60
2023-07-22T14:00:00+00:00,DK1,solar,1057.17,60
2023-07-22T15:00:00+00:00,DK1,solar,754.09,60
2023-07-22T16:00:00+00:00,DK1,solar,579.53,60
2023-07-22T17:00:00+00:00,DK1,solar,283.27,60
2023-07-22T18:00:00+00:00,DK1,solar,97.8,60
2023-07-22T19:00:00+00:00,DK1,solar,15.11,60
2023-07-22T20:00:00+00:00,DK1,solar,0.05,60
2023-07-22T21:00:00+00:00,DK1,solar,0.0,60
2023-07-22T22:00:00+00:00,DK1,solar,0.0,60
2023-07-22T23:00:00+00:00,DK1,solar,0.0,60
2023-07-23T00:00:00+00:00,DK1,solar,0.0,60
2023-07-23T01:00:00+00:00,DK1,solar,0.0,60
2023-07-23T02:00:00+00:00,DK1,solar,0.01,60
2023-07-23T03:00:00+00:00,DK1,solar,13.45,60
2023-07-23T04:00:00+00:00,DK1,solar,78.09,60
2023-07-23T05:00:00+00:00,DK1,solar,207.21,60
2023-07-23T06:00:00+00:00,DK1,solar,343.28,60
2023-07-23T07:00:00+00:00,DK1,solar,413.39,60
2023-07-23T08:00:00+00:00,DK1,solar,404.18,60
2023-07-23T09:00:00+00:00,DK1,solar,404.51,60
2023-07-23T10:00:00+00:00,DK1,solar,403.29,60
2023-07-23T11:00:00+00:00,DK1,solar,378.35,60
2023-07-23T12:00:00+00:00,DK1,solar,303.37,60
2023-07-23T13:00:00+00:00,DK1,solar,263.04,60
2023-07-23T14:00:00+00:00,DK1,solar,236.36,60
2023-07-23T15:00:00+00:00,DK1,solar,210.01,60
2023-07-23T16:00:00+00:00,DK1,solar,144.17,60
2023-07-23T17:00:00+00:00,DK1,solar,100.66,60
2023-07-23T18:00:00+00:00,DK1,solar,44.55,60
2023-07-23T19:00:00+00:00,DK1,solar,3.74,60
2023-07-23T20:00:00+00:00,DK1,solar,0.0,60
2023-07-23T21:00:00+00:00,DK1,solar,0.0,60
2023-07-23T22:00:00+00:00,DK1,solar,0.0,60
2023-07-23T23:00:00+00:00,DK1,solar,0.0,60
2023-07-24T00:00:00+00:00,DK1,solar,0.0,60
2023-07-24T01:00:00+00:00,DK1,solar,0.0,60
2023-07-24T02:00:00+00:00,DK1,solar,0.0,60
2023-07-24T03:00:00+00:00,DK1,solar,6.33,60
2023-07-24T04:00:00+00:00,DK1,solar,66.49,60
2023-07-24T05:00:00+00:00,DK1,solar,199.21,60
2023-07-24T06:00:00+00:00,DK1,solar,401.85,60
2023-07-24T07:00:00+00:00,DK1,solar,638.77,60
2023-07-24T08:00:00+00:00,DK1,solar,916.03,60
2023-07-24T09:00:00+00:00,DK1,solar,828.07,60
2023-07-24T10:00:00+00:00,DK1,solar,927.97,60
2023-07-24T11:00:00+00:00,DK1,solar,959.73,60
2023-07-24T12:00:00+00:00,DK1,solar,983.9,60
2023-07-24T13:00:00+00:00,DK1,solar,896.86,60
2023-07-24T14:00:00+00:00,DK1,solar,656.03,60
2023-07-24T15:00:00+00:00,DK1,solar,495.71,60
2023-07-24T16:00:00+00:00,DK1,solar,329.39,60
2023-07-24T17:00:00+00:00,DK1,solar,185.54,60
2023-07-24T18:00:00+00:00,DK1,solar,72.69,60
2023-07-24T19:00:00+00:00,DK1,solar,9.1,60
2023-07-24T20:00:00+00:00,DK1,solar,0.0,60
2023-07-24T21:00:00+00:00,DK1,solar,0.0,60
2023-07-24T22:00:00+00:00,DK1,solar,0.0,60
2023-07-24T23:00:00+00:00,DK1,solar,0.0,60
2023-07-25T00:00:00+00:00,DK1,solar,0.0,60
2023-07-25T01:00:00+00:00,DK1,solar,0.0,60
2023-07-25T02:00:00+00:00,DK1,solar,0.0,60
2023-07-25T03:00:00+00:00,DK1,solar,16.19,60
2023-07-25T04:00:00+00:00,DK1,solar,112.44,60
2023-07-25T05:00:00+00:00,DK1,solar,302.05,60
2023-07-25T06:00:00+00:00,DK1,solar,643.09,60
2023-07-25T07:00:00+00:00,DK1,solar,924.04,60
2023-07-25T08:00:00+00:00,DK1,solar,1150.1,60
2023-07-25T09:00:00+00:00,DK1,solar,1273.99,60
2023-07-25T10:00:00+00:00,DK1,solar,1265.57,60
2023-07-25T11:00:00+00:00,DK1,solar,1385.45,60
2023-07-25T12:00:00+00:00,DK1,solar,1464.12,60
2023-07-25T13:00:00+00:00,DK1,solar,1375.65,60
2023-07-25T14:00:00+00:00,DK1,solar,1156.19,60
2023-07-25T15:00:00+00:00,DK1,solar,867.32,60
2023-07-25T16:00:00+00:00,DK1,solar,599.83,60
2023-07-25T17:00:00+00:00,DK1,solar,333.73,60
2023-07-25T18:00:00+00:00,DK1,solar,120.79,60
2023-07-25T19:00:00+00:00,DK1,solar,17.67,60
2023-07-25T20:00:00+00:00,DK1,solar,0.0,60
2023-07-25T21:00:00+00:00,DK1,solar,0.0,60
2023-07-25T22:00:00+00:00,DK1,solar,0.0,60
2023-07-25T23:00:00+00:00,DK1,solar,0.0,60
2023-07-26T00:00:00+00:00,DK1,solar,0.0,60
2023-07-26T01:00:00+00:00,DK1,solar,0.0,60
2023-07-26T02:00:00+00:00,DK1,solar,0.0,60
2023-07-26T03:00:00+00:00,DK1,solar,14.08,60
2023-07-26T04:00:00+00:00,DK1,solar,114.75,60
2023-07-26T05:00:00+00:00,DK1,solar,340.12,60
2023-07-26T06:00:00+00:00,DK1,solar,648.96,60
2023-07-26T07:00:00+00:00,DK1,solar,936.76,60
2023-07-26T08:00:00+00:00,DK1,solar,981.02,60
2023-07-26T09:00:00+00:00,DK1,solar,1052.6,60
2023-07-26T10:00:00+00:00,DK1,solar,1044.34,60
2023-07-26T11:00:00+00:00,DK1,solar,985.1,60
2023-07-26T12:00:00+00:00,DK1,solar,1060.78,60
2023-07-26T13:00:00+00:00,DK1,solar,963.94,60
2023-07-26T14:00:00+00:00,DK1,solar,854.62,60
2023-07-26T15:00:00+00:00,DK1,solar,645.01,60
2023-07-26T16:00:00+00:00,DK1,solar,419.49,60
2023-07-26T17:00:00+00:00,DK1,solar,231.22,60
2023-07-26T18:00:00+00:00,DK1,solar,75.5,60
2023-07-26T19:00:00+00:00,DK1,solar,8.22,60
2023-07-26T20:00:00+00:00,DK1,solar,0.0,60
2023-07-26T21:00:00+00:00,DK1,solar,0.0,60
2023-07-26T22:00:00+00:00,DK1,solar,0.0,60
2023-07-26T23:00:00+00:00,DK1,solar,0.0,60
2023-07-27T00:00:00+00:00,DK1,solar,0.0,60
2023-07-27T01:00:00+00:00,DK1,solar,0.0,60
2023-07-27T02:00:00+00:00,DK1,solar,0.0,60
2023-07-27T03:00:00+00:00,DK1,solar,6.49,60
2023-07-27T04:00:00+00:00,DK1,solar,79.87,60
2023-07-27T05:00:00+00:00,DK1,solar,269.08,60
2023-07-27T06:00:00+00:00,DK1,solar,585.65,60
2023-07-27T07:00:00+00:00,DK1,solar,934.75,60
2023-07-27T08:00:00+00:00,DK1,solar,1261.89,60
2023-07-27T09:00:00+00:00,DK1,solar,1481.12,60
2023-07-27T10:00:00+00:00,DK1,solar,1520.18,60
2023-07-27T11:00:00+00:00,DK1,solar,1565.03,60
2023-07-27T12:00:00+00:00,DK1,solar,1510.07,60
2023-07-27T13:00:00+00:00,DK1,solar,1441.66,60
2023-07-27T14:00:00+00:00,DK1,solar,1325.96,60
2023-07-27T15:00:00+00:00,DK1,solar,1015.48,60
2023-07-27T16:00:00+00:00,DK1,solar,654.64,60
2023-07-27T17:00:00+00:00,DK1,solar,336.58,60
2023-07-27T18:00:00+00:00,DK1,solar,113.88,60
2023-07-27T19:00:00+00:00,DK1,solar,14.39,60
2023-07-27T20:00:00+00:00,DK1,solar,0.0,60
2023-07-27T21:00:00+00:00,DK1,solar,0.0,60
2023-07-27T22:00:00+00:00,DK1,solar,0.0,60
2023-07-27T23:00:00+00:00,DK1,solar,0.0,60
2023-07-28T00:00:00+00:00,DK1,solar,0.0,60
2023-07-28T01:00:00+00:00,DK1,solar,0.0,60
2023-07-28T02:00:00+00:00,DK1,solar,0.0,60
2023-07-28T03:00:00+00:00,DK1,solar,9.55,60
2023-07-28T04:00:00+00:00,DK1,solar,85.13,60
2023-07-28T05:00:00+00:00,DK1,solar,278.96,60
2023-07-28T06:00:00+00:00,DK1,solar,623.51,60
2023-07-28T07:00:00+00:00,DK1,solar,1007.83,60
2023-07-28T08:00:00+00:00,DK1,solar,1478.87,60
2023-07-28T09:00:00+00:00,DK1,solar,1686.48,60
2023-07-28T10:00:00+00:00,DK1,solar,1744.94,60
2023-07-28T11:00:00+00:00,DK1,solar,1621.86,60
2023-07-28T12:00:00+00:00,DK1,solar,1710.31,60
2023-07-28T13:00:00+00:00,DK1,solar,1522.59,60
2023-07-28T14:00:00+00:00,DK1,solar,1409.82,60
2023-07-28T15:00:00+00:00,DK1,solar,1159.25,60
2023-07-28T16:00:00+00:00,DK1,solar,701.44,60
2023-07-28T17:00:00+00:00,DK1,solar,328.44,60
2023-07-28T18:00:00+00:00,DK1,solar,103.2,60
2023-07-28T19:00:00+00:00,DK1,solar,9.33,60
2023-07-28T20:00:00+00:00,DK1,solar,0.0,60
2023-07-28T21:00:00+00:00,DK1,solar,0.0,60
2023-07-28T22:00:00+00:00,DK1,solar,0.0,60
2023-07-28T23:00:00+00:00,DK1,solar,0.0,60
2023-07-29T00:00:00+00:00,DK1,solar,0.0,60
2023-07-29T01:00:00+00:00,DK1,solar,0.0,60
2023-07-29T02:00:00+00:00,DK1,solar,0.0,60
2023-07-29T03:00:00+00:00,DK1,solar,7.8,60
2023-07-29T04:00:00+00:00,DK1,solar,80.07,60
2023-07-29T05:00:00+00:00,DK1,solar,243.03,60
2023-07-29T06:00:00+00:00,DK1,solar,438.08,60
2023-07-29T07:00:00+00:00,DK1,solar,513.73,60
2023-07-29T08:00:00+00:00,DK1,solar,676.45,60
2023-07-29T09:00:00+00:00,DK1,solar,736.46,60
2023-07-29T10:00:00+00:00,DK1,solar,830.22,60
2023-07-29T11:00:00+00:00,DK1,solar,858.22,60
2023-07-29T12:00:00+00:00,DK1,solar,959.07,60
2023-07-29T13:00:00+00:00,DK1,solar,1022.01,60
2023-07-29T14:00:00+00:00,DK1,solar,872.0,60
2023-07-29T15:00:00+00:00,DK1,solar,608.12,60
2023-07-29T16:00:00+00:00,DK1,solar,412.09,60
2023-07-29T17:00:00+00:00,DK1,solar,216.26,60
2023-07-29T18:00:00+00:00,DK1,solar,82.64,60
2023-07-29T19:00:00+00:00,DK1,solar,11.13,60
2023-07-29T20:00:00+00:00,DK1,solar,0.0,60
2023-07-29T21:00:00+00:00,DK1,solar,0.0,60
2023-07-29T22:00:00+00:00,DK1,solar,0.0,60
2023-07-29T23:00:00+00:00,DK1,solar,0.0,60
2023-07-30T00:00:00+00:00,DK1,solar,0.0,60
2023-07-30T01:00:00+00:00,DK1,solar,0.0,60
2023-07-30T02:00:00+00:00,DK1,solar,0.0,60
2023-07-30T03:00:00+00:00,DK1,solar,9.65,60
2023-07-30T04:00:00+00:00,DK1,solar,98.49,60
2023-07-30T05:00:00+00:00,DK1,solar,322.48,60
2023-07-30T06:00:00+00:00,DK1,solar,698.19,60
2023-07-30T07:00:00+00:00,DK1,solar,1038.42,60
2023-07-30T08:00:00+00:00,DK1,solar,1340.89,60
2023-07-30T09:00:00+00:00,DK1,solar,1214.25,60
2023-07-30T10:00:00+00:00,DK1,solar,617.88,60
2023-07-30T11:00:00+00:00,DK1,solar,663.61,60
2023-07-30T12:00:00+00:00,DK1,solar,689.94,60
2023-07-30T13:00:00+00:00,DK1,solar,598.23,60
2023-07-30T14:00:00+00:00,DK1,solar,619.78,60
2023-07-30T15:00:00+00:00,DK1,solar,546.7,60
2023-07-30T16:00:00+00:00,DK1,solar,453.44,60
2023-07-30T17:00:00+00:00,DK1,solar,280.68,60
2023-07-30T18:00:00+00:00,DK1,solar,108.55,60
2023-07-30T19:00:00+00:00,DK1,solar,16.81,60
2023-07-30T20:00:00+00:00,DK1,solar,0.01,60
2023-07-30T21:00:00+00:00,DK1,solar,0.0,60
2023-07-30T22:00:00+00:00,DK1,solar,0.0,60
2023-07-30T23:00:00+00:00,DK1,solar,0.0,60
2023-07-31T00:00:00+00:00,DK1,solar,0.0,60
2023-07-31T01:00:00+00:00,DK1,solar,0.0,60
2023-07-31T02:00:00+00:00,DK1,solar,0.0,60
2023-07-31T03:00:00+00:00,DK1,solar,3.13,60
2023-07-31T04:00:00+00:00,DK1,solar,61.19,60
2023-07-31T05:00:00+00:00,DK1,solar,227.45,60
2023-07-31T06:00:00+00:00,DK1,solar,525.43,60
2023-07-31T07:00:00+00:00,DK1,solar,846.63,60
2023-07-31T08:00:00+00:00,DK1,solar,1131.22,60
2023-07-31T09:00:00+00:00,DK1,solar,1155.22,60
2023-07-31T10:00:00+00:00,DK1,solar,1310.67,60
2023-07-31T11:00:00+00:00,DK1,solar,1282.5,60
2023-07-31T12:00:00+00:00,DK1,solar,1233.06,60
2023-07-31T13:00:00+00:00,DK1,solar,1099.4,60
2023-07-31T14:00:00+00:00,DK1,solar,1019.51,60
2023-07-31T15:00:00+00:00,DK1,solar,811.42,60
2023-07-31T16:00:00+00:00,DK1,solar,583.74,60
2023-07-31T17:00:00+00:00,DK1,solar,255.94,60
2023-07-31T18:00:00+00:00,DK1,solar,81.16,60
2023-07-31T19:00:00+00:00,DK1,solar,8.36,60
2023-07-31T20:00:00+00:00,DK1,solar,0.0,60
2023-07-31T21:00:00+00:00,DK1,solar,0.0,60
2023-07-31T22:00:00+00:00,DK1,solar,0.0,60
2023-07-31T23:00:00+00:00,DK1,solar,0.0,60
2023-08-01T00:00:00+00:00,DK1,solar,0.0,60
2023-08-01T01:00:00+00:00,DK1,solar,0.0,60
2023-08-01T02:00:00+00:00,DK1,solar,0.0,60
2023-08-01T03:00:00+00:00,DK1,solar,3.06,60
2023-08-01T04:00:00+00:00,DK1,solar,48.04,60
2023-08-01T05:00:00+00:00,DK1,solar,125.11,60
2023-08-01T06:00:00+00:00,DK1,solar,167.56,60
2023-08-01T07:00:00+00:00,DK1,solar,329.41,60
2023-08-01T08:00:00+00:00,DK1,solar,521.5,60
2023-08-01T09:00:00+00:00,DK1,solar,772.37,60
2023-08-01T10:00:00+00:00,DK1,solar,813.5,60
2023-08-01T11:00:00+00:00,DK1,solar,743.07,60
2023-08-01T12:00:00+00:00,DK1,solar,958.22,60
2023-08-01T13:00:00+00:00,DK1,solar,879.53,60
2023-08-01T14:00:00+00:00,DK1,solar,848.18,60
2023-08-01T15:00:00+00:00,DK1,solar,668.88,60
2023-08-01T16:00:00+00:00,DK1,solar,530.49,60
2023-08-01T17:00:00+00:00,DK1,solar,311.97,60
2023-08-01T18:00:00+00:00,DK1,solar,87.46,60
2023-08-01T19:00:00+00:00,DK1,solar,8.73,60
2023-08-01T20:00:00+00:00,DK1,solar,0.0,60
2023-08-01T21:00:00+00:00,DK1,solar,0.0,60
2023-08-01T22:00:00+00:00,DK1,solar,0.0,60
2023-08-01T23:00:00+00:00,DK1,solar,0.0,60
2023-08-02T00:00:00+00:00,DK1,solar,0.0,60
2023-08-02T01:00:00+00:00,DK1,solar,0.0,60
2023-08-02T02:00:00+00:00,DK1,solar,0.0,60
2023-08-02T03:00:00+00:00,DK1,solar,4.8,60
2023-08-02T04:00:00+00:00,DK1,solar,79.36,60
2023-08-02T05:00:00+00:00,DK1,solar,275.11,60
2023-08-02T06:00:00+00:00,DK1,solar,620.75,60
2023-08-02T07:00:00+00:00,DK1,solar,899.57,60
2023-08-02T08:00:00+00:00,DK1,solar,1124.46,60
2023-08-02T09:00:00+00:00,DK1,solar,1269.06,60
2023-08-02T10:00:00+00:00,DK1,solar,1184.57,60
2023-08-02T11:00:00+00:00,DK1,solar,1095.32,60
2023-08-02T12:00:00+00:00,DK1,solar,919.15,60
2023-08-02T13:00:00+00:00,DK1,solar,793.81,60
2023-08-02T14:00:00+00:00,DK1,solar,658.44,60
2023-08-02T15:00:00+00:00,DK1,solar,463.38,60
2023-08-02T16:00:00+00:00,DK1,solar,275.23,60
2023-08-02T17:00:00+00:00,DK1,solar,150.06,60
2023-08-02T18:00:00+00:00,DK1,solar,44.6,60
2023-08-02T19:00:00+00:00,DK1,solar,3.05,60
2023-08-02T20:00:00+00:00,DK1,solar,0.0,60
2023-08-02T21:00:00+00:00,DK1,solar,0.0,60
2023-08-02T22:00:00+00:00,DK1,solar,0.0,60
2023-08-02T23:00:00+00:00,DK1,solar,0.0,60
2023-08-03T00:00:00+00:00,DK1,solar,0.0,60
2023-08-03T01:00:00+00:00,DK1,solar,0.0,60
2023-08-03T02:00:00+00:00,DK1,solar,0.0,60
2023-08-03T03:00:00+00:00,DK1,solar,0.47,60
2023-08-03T04:00:00+00:00,DK1,solar,39.3,60
2023-08-03T05:00:00+00:00,DK1,solar,156.54,60
2023-08-03T06:00:00+00:00,DK1,solar,254.9,60
2023-08-03T07:00:00+00:00,DK1,solar,433.89,60
2023-08-03T08:00:00+00:00,DK1,solar,629.42,60
2023-08-03T09:00:00+00:00,DK1,solar,795.05,60
2023-08-03T10:00:00+00:00,DK1,solar,850.21,60
2023-08-03T11:00:00+00:00,DK1,solar,820.99,60
2023-08-03T12:00:00+00:00,DK1,solar,842.68,60
2023-08-03T13:00:00+00:00,DK1,solar,1107.17,60
2023-08-03T14:00:00+00:00,DK1,solar,911.21,60
2023-08-03T15:00:00+00:00,DK1,solar,763.69,60
2023-08-03T16:00:00+00:00,DK1,solar,556.9,60
2023-08-03T17:00:00+00:00,DK1,solar,262.16,60
2023-08-03T18:00:00+00:00,DK1,solar,88.14,60
2023-08-03T19:00:00+00:00,DK1,solar,6.66,60
2023-08-03T20:00:00+00:00,DK1,solar,0.0,60
2023-08-03T21:00:00+00:00,DK1,solar,0.0,60
2023-08-03T22:00:00+00:00,DK1,solar,0.0,60
2023-08-03T23:00:00+00:00,DK1,solar,0.0,60
2023-08-04T00:00:00+00:00,DK1,solar,0.0,60
2023-08-04T01:00:00+00:00,DK1,solar,0.0,60
2023-08-04T02:00:00+00:00,DK1,solar,0.0,60
2023-08-04T03:00:00+00:00,DK1,solar,2.56,60
2023-08-04T04:00:00+00:00,DK1,solar,52.88,60
2023-08-04T05:00:00+00:00,DK1,solar,212.34,60
2023-08-04T06:00:00+00:00,DK1,solar,364.81,60
2023-08-04T07:00:00+00:00,DK1,solar,485.73,60
2023-08-04T08:00:00+00:00,DK1,solar,659.66,60
2023-08-04T09:00:00+00:00,DK1,solar,842.07,60
2023-08-04T10:00:00+00:00,DK1,solar,1034.76,60
2023-08-04T11:00:00+00:00,DK1,solar,1179.26,60
2023-08-04T12:00:00+00:00,DK1,solar,1177.48,60
2023-08-04T13:00:00+00:00,DK1,solar,1063.06,60
2023-08-04T14:00:00+00:00,DK1,solar,910.8,60
2023-08-04T15:00:00+00:00,DK1,solar,645.55,60
2023-08-04T16:00:00+00:00,DK1,solar,347.52,60
2023-08-04T17:00:00+00:00,DK1,solar,197.56,60
2023-08-04T18:00:00+00:00,DK1,solar,57.7,60
2023-08-04T19:00:00+00:00,DK1,solar,2.18,60
2023-08-04T20:00:00+00:00,DK1,solar,0.0,60
2023-08-04T21:00:00+00:00,DK1,solar,0.0,60
2023-08-04T22:00:00+00:00,DK1,solar,0.0,60
2023-08-04T23:00:00+00:00,DK1,solar,0.0,60
2023-08-05T00:00:00+00:00,DK1,solar,0.0,60
2023-08-05T01:00:00+00:00,DK1,solar,0.0,60
2023-08-05T02:00:00+00:00,DK1,solar,0.0,60
2023-08-05T03:00:00+00:00,DK1,solar,3.07,60
2023-08-05T04:00:00+00:00,DK1,solar,71.45,60
2023-08-05T05:00:00+00:00,DK1,solar,289.54,60
2023-08-05T06:00:00+00:00,DK1,solar,643.71,60
2023-08-05T07:00:00+00:00,DK1,solar,830.98,60
2023-08-05T08:00:00+00:00,DK1,solar,1091.75,60
2023-08-05T09:00:00+00:00,DK1,solar,1248.51,60
2023-08-05T10:00:00+00:00,DK1,solar,1326.69,60
2023-08-05T11:00:00+00:00,DK1,solar,1429.16,60
2023-08-05T12:00:00+00:00,DK1,solar,1493.84,60
2023-08-05T13:00:00+00:00,DK1,solar,1384.84,60
2023-08-05T14:00:00+00:00,DK1,solar,1217.02,60
2023-08-05T15:00:00+00:00,DK1,solar,1049.93,60
2023-08-05T16:00:00+00:00,DK1,solar,696.29,60
2023-08-05T17:00:00+00:00,DK1,solar,271.58,60
2023-08-05T18:00:00+00:00,DK1,solar,74.61,60
2023-08-05T19:00:00+00:00,DK1,solar,5.37,60
2023-08-05T20:00:00+00:00,DK1,solar,0.0,60
2023-08-05T21:00:00+00:00,DK1,solar,0.0,60
2023-08-05T22:00:00+00:00,DK1,solar,0.0,60
2023-08-05T23:00:00+00:00,DK1,solar,0.0,60
2023-08-06T00:00:00+00:00,DK1,solar,0.0,60
2023-08-06T01:00:00+00:00,DK1,solar,0.0,60
2023-08-06T02:00:00+00:00,DK1,solar,0.0,60
2023-08-06T03:00:00+00:00,DK1,solar,0.74,60
2023-08-06T04:00:00+00:00,DK1,solar,47.15,60
2023-08-06T05:00:00+00:00,DK1,solar,156.9,60
2023-08-06T06:00:00+00:00,DK1,solar,279.07,60
2023-08-06T07:00:00+00:00,DK1,solar,484.19,60
2023-08-06T08:00:00+00:00,DK1,solar,666.12,60
2023-08-06T09:00:00+00:00,DK1,solar,779.65,60
2023-08-06T10:00:00+00:00,DK1,solar,812.07,60
2023-08-06T11:00:00+00:00,DK1,solar,821.18,60
2023-08-06T12:00:00+00:00,DK1,solar,899.2,60
2023-08-06T13:00:00+00:00,DK1,solar,765.5,60
2023-08-06T14:00:00+00:00,DK1,solar,627.28,60
2023-08-06T15:00:00+00:00,DK1,solar,468.31,60
2023-08-06T16:00:00+00:00,DK1,solar,316.08,60
2023-08-06T17:00:00+00:00,DK1,solar,162.82,60
2023-08-06T18:00:00+00:00,DK1,solar,54.71,60
2023-08-06T19:00:00+00:00,DK1,solar,1.75,60
2023-08-06T20:00:00+00:00,DK1,solar,0.0,60
2023-08-06T21:00:00+00:00,DK1,solar,0.0,60
2023-08-06T22:00:00+00:00,DK1,solar,0.0,60
2023-08-06T23:00:00+00:00,DK1,solar,0.0,60
2023-08-07T00:00:00+00:00,DK1,solar,0.0,60
2023-08-07T01:00:00+00:00,DK1,solar,0.0,60
2023-08-07T02:00:00+00:00,DK1,solar,0.0,60
2023-08-07T03:00:00+00:00,DK1,solar,0.0,60
2023-08-07T04:00:00+00:00,DK1,solar,13.86,60
2023-08-07T05:00:00+00:00,DK1,solar,74.62,60
2023-08-07T06:00:00+00:00,DK1,solar,156.17,60
2023-08-07T07:00:00+00:00,DK1,solar,263.28,60
2023-08-07T08:00:00+00:00,DK1,solar,416.56,60
2023-08-07T09:00:00+00:00,DK1,solar,387.78,60
2023-08-07T10:00:00+00:00,DK1,solar,444.05,60
2023-08-07T11:00:00+00:00,DK1,solar,362.05,60
2023-08-07T12:00:00+00:00,DK1,solar,279.59,60
2023-08-07T13:00:00+00:00,DK1,solar,220.0,60
2023-08-07T14:00:00+00:00,DK1,solar,223.4,60
2023-08-07T15:00:00+00:00,DK1,solar,246.08,60
2023-08-07T16:00:00+00:00,DK1,solar,167.43,60
2023-08-07T17:00:00+00:00,DK1,solar,87.79,60
2023-08-07T18:00:00+00:00,DK1,solar,22.25,60
2023-08-07T19:00:00+00:00,DK1,solar,0.12,60
2023-08-07T20:00:00+00:00,DK1,solar,0.0,60
2023-08-07T21:00:00+00:00,DK1,solar,0.0,60
2023-08-07T22:00:00+00:00,DK1,solar,0.0,60
2023-08-07T23:00:00+00:00,DK1,solar,0.0,60
2023-08-08T00:00:00+00:00,DK1,solar,0.0,60
2023-08-08T01:00:00+00:00,DK1,solar,0.0,60
2023-08-08T02:00:00+00:00,DK1,solar,0.0,60
2023-08-08T03:00:00+00:00,DK1,solar,0.48,60
2023-08-08T04:00:00+00:00,DK1,solar,49.03,60
2023-08-08T05:00:00+00:00,DK1,solar,177.27,60
2023-08-08T06:00:00+00:00,DK1,solar,366.09,60
2023-08-08T07:00:00+00:00,DK1,solar,591.26,60
2023-08-08T08:00:00+00:00,DK1,solar,511.14,60
2023-08-08T09:00:00+00:00,DK1,solar,566.66,60
2023-08-08T10:00:00+00:00,DK1,solar,540.64,60
2023-08-08T11:00:00+00:00,DK1,solar,518.84,60
2023-08-08T12:00:00+00:00,DK1,solar,462.05,60
2023-08-08T13:00:00+00:00,DK1,solar,476.55,60
2023-08-08T14:00:00+00:00,DK1,solar,404.48,60
2023-08-08T15:00:00+00:00,DK1,solar,441.37,60
2023-08-08T16:00:00+00:00,DK1,solar,262.14,60
2023-08-08T17:00:00+00:00,DK1,solar,108.46,60
2023-08-08T18:00:00+00:00,DK1,solar,30.96,60
2023-08-08T19:00:00+00:00,DK1,solar,0.59,60
2023-08-08T20:00:00+00:00,DK1,solar,0.0,60
2023-08-08T21:00:00+00:00,DK1,solar,0.0,60
2023-08-08T22:00:00+00:00,DK1,solar,0.0,60
2023-08-08T23:00:00+00:00,DK1,solar,0.0,60
2023-08-09T00:00:00+00:00,DK1,solar,0.0,60
2023-08-09T01:00:00+00:00,DK1,solar,0.0,60
2023-08-09T02:00:00+00:00,DK1,solar,0.0,60
2023-08-09T03:00:00+00:00,DK1,solar,0.02,60
2023-08-09T04:00:00+00:00,DK1,solar,23.53,60
2023-08-09T05:00:00+00:00,DK1,solar,99.95,60
2023-08-09T06:00:00+00:00,DK1,solar,196.91,60
2023-08-09T07:00:00+00:00,DK1,solar,386.24,60
2023-08-09T08:00:00+00:00,DK1,solar,524.84,60
2023-08-09T09:00:00+00:00,DK1,solar,710.6,60
2023-08-09T10:00:00+00:00,DK1,solar,764.36,60
2023-08-09T11:00:00+00:00,DK1,solar,821.57,60
2023-08-09T12:00:00+00:00,DK1,solar,905.44,60
2023-08-09T13:00:00+00:00,DK1,solar,778.01,60
2023-08-09T14:00:00+00:00,DK1,solar,662.89,60
2023-08-09T15:00:00+00:00,DK1,solar,534.72,60
2023-08-09T16:00:00+00:00,DK1,solar,350.88,60
2023-08-09T17:00:00+00:00,DK1,solar,159.1,60
2023-08-09T18:00:00+00:00,DK1,solar,45.16,60
2023-08-09T19:00:00+00:00,DK1,solar,1.29,60
2023-08-09T20:00:00+00:00,DK1,solar,0.0,60
2023-08-09T21:00:00+00:00,DK1,solar,0.0,60
2023-08-09T22:00:00+00:00,DK1,solar,0.0,60
2023-08-09T23:00:00+00:00,DK1,solar,0.0,60
2023-08-10T00:00:00+00:00,DK1,solar,0.0,60
2023-08-10T01:00:00+00:00,DK1,solar,0.0,60
2023-08-10T02:00:00+00:00,DK1,solar,0.0,60
2023-08-10T03:00:00+00:00,DK1,solar,0.38,60
2023-08-10T04:00:00+00:00,DK1,solar,40.14,60
2023-08-10T05:00:00+00:00,DK1,solar,209.67,60
2023-08-10T06:00:00+00:00,DK1,solar,409.21,60
2023-08-10T07:00:00+00:00,DK1,solar,717.75,60
2023-08-10T08:00:00+00:00,DK1,solar,1049.02,60
2023-08-10T09:00:00+00:00,DK1,solar,1158.84,60
2023-08-10T10:00:00+00:00,DK1,solar,1256.75,60
2023-08-10T11:00:00+00:00,DK1,solar,1270.95,60
2023-08-10T12:00:00+00:00,DK1,solar,1372.7,60
2023-08-10T13:00:00+00:00,DK1,solar,1229.37,60
2023-08-10T14:00:00+00:00,DK1,solar,1180.58,60
2023-08-10T15:00:00+00:00,DK1,solar,985.85,60
2023-08-10T16:00:00+00:00,DK1,solar,577.98,60
2023-08-10T17:00:00+00:00,DK1,solar,236.09,60
2023-08-10T18:00:00+00:00,DK1,solar,54.56,60
2023-08-10T19:00:00+00:00,DK1,solar,1.55,60
2023-08-10T20:00:00+00:00,DK1,solar,0.0,60
2023-08-10T21:00:00+00:00,DK1,solar,0.0,60
2023-08-10T22:00:00+00:00,DK1,solar,0.0,60
2023-08-10T23:00:00+00:00,DK1,solar,0.0,60
2023-08-11T00:00:00+00:00,DK1,solar,0.0,60
2023-08-11T01:00:00+00:00,DK1,solar,0.0,60
2023-08-11T02:00:00+00:00,DK1,solar,0.0,60
2023-08-11T03:00:00+00:00,DK1,solar,0.8,60
2023-08-11T04:00:00+00:00,DK1,solar,35.04,60
2023-08-11T05:00:00+00:00,DK1,solar,137.98,60
2023-08-11T06:00:00+00:00,DK1,solar,324.89,60
2023-08-11T07:00:00+00:00,DK1,solar,546.67,60
2023-08-11T08:00:00+00:00,DK1,solar,760.13,60
2023-08-11T09:00:00+00:00,DK1,solar,807.46,60
2023-08-11T10:00:00+00:00,DK1,solar,872.51,60
2023-08-11T11:00:00+00:00,DK1,solar,901.75,60
2023-08-11T12:00:00+00:00,DK1,solar,1070.1,60
2023-08-11T13:00:00+00:00,DK1,solar,1249.63,60
2023-08-11T14:00:00+00:00,DK1,solar,1202.66,60
2023-08-11T15:00:00+00:00,DK1,solar,789.71,60
2023-08-11T16:00:00+00:00,DK1,solar,430.43,60
2023-08-11T17:00:00+00:00,DK1,solar,210.35,60
2023-08-11T18:00:00+00:00,DK1,solar,48.27,60
2023-08-11T19:00:00+00:00,DK1,solar,0.38,60
2023-08-11T20:00:00+00:00,DK1,solar,0.0,60
2023-08-11T21:00:00+00:00,DK1,solar,0.0,60
2023-08-11T22:00:00+00:00,DK1,solar,0.0,60
2023-08-11T23:00:00+00:00,DK1,solar,0.0,60
2023-08-12T00:00:00+00:00,DK1,solar,0.0,60
2023-08-12T01:00:00+00:00,DK1,solar,0.0,60
2023-08-12T02:00:00+00:00,DK1,solar,0.0,60
2023-08-12T03:00:00+00:00,DK1,solar,0.28,60
2023-08-12T04:00:00+00:00,DK1,solar,32.12,60
2023-08-12T05:00:00+00:00,DK1,solar,148.53,60
2023-08-12T06:00:00+00:00,DK1,solar,311.43,60
2023-08-12T07:00:00+00:00,DK1,solar,512.57,60
2023-08-12T08:00:00+00:00,DK1,solar,812.0,60
2023-08-12T09:00:00+00:00,DK1,solar,983.11,60
2023-08-12T10:00:00+00:00,DK1,solar,836.38,60
2023-08-12T11:00:00+00:00,DK1,solar,642.08,60
2023-08-12T12:00:00+00:00,DK1,solar,472.26,60
2023-08-12T13:00:00+00:00,DK1,solar,279.18,60
2023-08-12T14:00:00+00:00,DK1,solar,164.76,60
2023-08-12T15:00:00+00:00,DK1,solar,118.39,60
2023-08-12T16:00:00+00:00,DK1,solar,111.85,60
2023-08-12T17:00:00+00:00,DK1,solar,129.55,60
2023-08-12T18:00:00+00:00,DK1,solar,53.44,60
2023-08-12T19:00:00+00:00,DK1,solar,1.05,60
2023-08-12T20:00:00+00:00,DK1,solar,0.0,60
2023-08-12T21:00:00+00:00,DK1,solar,0.0,60
2023-08-12T22:00:00+00:00,DK1,solar,0.0,60
2023-08-12T23:00:00+00:00,DK1,solar,0.0,60
2023-08-13T00:00:00+00:00,DK1,solar,0.0,60
2023-08-13T01:00:00+00:00,DK1,solar,0.0,60
2023-08-13T02:00:00+00:00,DK1,solar,0.0,60
2023-08-13T03:00:00+00:00,DK1,solar,0.4,60
2023-08-13T04:00:00+00:00,DK1,solar,33.09,60
2023-08-13T05:00:00+00:00,DK1,solar,160.52,60
2023-08-13T06:00:00+00:00,DK1,solar,315.94,60
2023-08-13T07:00:00+00:00,DK1,solar,473.35,60
2023-08-13T08:00:00+00:00,DK1,solar,827.11,60
2023-08-13T09:00:00+00:00,DK1,solar,1093.55,60
2023-08-13T10:00:00+00:00,DK1,solar,1150.55,60
2023-08-13T11:00:00+00:00,DK1,solar,1157.42,60
2023-08-13T12:00:00+00:00,DK1,solar,1112.06,60
2023-08-13T13:00:00+00:00,DK1,solar,1094.9,60
2023-08-13T14:00:00+00:00,DK1,solar,766.41,60
2023-08-13T15:00:00+00:00,DK1,solar,524.24,60
2023-08-13T16:00:00+00:00,DK1,solar,281.68,60
2023-08-13T17:00:00+00:00,DK1,solar,148.7,60
2023-08-13T18:00:00+00:00,DK1,solar,43.2,60
2023-08-13T19:00:00+00:00,DK1,solar,0.26,60
2023-08-13T20:00:00+00:00,DK1,solar,0.0,60
2023-08-13T21:00:00+00:00,DK1,solar,0.0,60
2023-08-13T22:00:00+00:00,DK1,solar,0.0,60
2023-08-13T23:00:00+00:00,DK1,solar,0.0,60
2023-08-14T00:00:00+00:00,DK1,solar,0.0,60
2023-08-14T01:00:00+00:00,DK1,solar,0.0,60
2023-08-14T02:00:00+00:00,DK1,solar,0.0,60
2023-08-14T03:00:00+00:00,DK1,solar,0.61,60
2023-08-14T04:00:00+00:00,DK1,solar,56.74,60
2023-08-14T05:00:00+00:00,DK1,solar,222.23,60
2023-08-14T06:00:00+00:00,DK1,solar,437.78,60
2023-08-14T07:00:00+00:00,DK1,solar,877.13,60
2023-08-14T08:00:00+00:00,DK1,solar,1221.86,60
2023-08-14T09:00:00+00:00,DK1,solar,1398.19,60
2023-08-14T10:00:00+00:00,DK1,solar,1357.35,60
2023-08-14T11:00:00+00:00,DK1,solar,1297.66,60
2023-08-14T12:00:00+00:00,DK1,solar,1320.68,60
2023-08-14T13:00:00+00:00,DK1,solar,1083.99,60
2023-08-14T14:00:00+00:00,DK1,solar,774.48,60
2023-08-14T15:00:00+00:00,DK1,solar,736.09,60
2023-08-14T16:00:00+00:00,DK1,solar,499.23,60
2023-08-14T17:00:00+00:00,DK1,solar,187.78,60
2023-08-14T18:00:00+00:00,DK1,solar,34.27,60
2023-08-14T19:00:00+00:00,DK1,solar,0.19,60
2023-08-14T20:00:00+00:00,DK1,solar,0.0,60
2023-08-14T21:00:00+00:00,DK1,solar,0.0,60
2023-08-14T22:00:00+00:00,DK1,solar,0.0,60
2023-08-14T23:00:00+00:00,DK1,solar,0.0,60
2023-08-15T00:00:00+00:00,DK1,solar,0.0,60
2023-08-15T01:00:00+00:00,DK1,solar,0.0,60
2023-08-15T02:00:00+00:00,DK1,solar,0.0,60
2023-08-15T03:00:00+00:00,DK1,solar,0.12,60
2023-08-15T04:00:00+00:00,DK1,solar,38.98,60
2023-08-15T05:00:00+00:00,DK1,solar,208.57,60
2023-08-15T06:00:00+00:00,DK1,solar,406.75,60
2023-08-15T07:00:00+00:00,DK1,solar,516.13,60
2023-08-15T08:00:00+00:00,DK1,solar,458.57,60
2023-08-15T09:00:00+00:00,DK1,solar,545.22,60
2023-08-15T10:00:00+00:00,DK1,solar,774.79,60
2023-08-15T11:00:00+00:00,DK1,solar,1222.75,60
2023-08-15T12:00:00+00:00,DK1,solar,1200.16,60
2023-08-15T13:00:00+00:00,DK1,solar,1311.26,60
2023-08-15T14:00:00+00:00,DK1,solar,1154.64,60
2023-08-15T15:00:00+00:00,DK1,solar,892.76,60
2023-08-15T16:00:00+00:00,DK1,solar,529.76,60
2023-08-15T17:00:00+00:00,DK1,solar,203.7,60
2023-08-15T18:00:00+00:00,DK1,solar,31.17,60
2023-08-15T19:00:00+00:00,DK1,solar,0.09,60
2023-08-15T20:00:00+00:00,DK1,solar,0.0,60
2023-08-15T21:00:00+00:00,DK1,solar,0.0,60
2023-08-15T22:00:00+00:00,DK1,solar,0.0,60
2023-08-15T23:00:00+00:00,DK1,solar,0.0,60
2023-08-16T00:00:00+00:00,DK1,solar,0.0,60
2023-08-16T01:00:00+00:00,DK1,solar,0.0,60
2023-08-16T02:00:00+00:00,DK1,solar,0.0,60
2023-08-16T03:00:00+00:00,DK1,solar,0.0,60
2023-08-16T04:00:00+00:00,DK1,solar,20.04,60
2023-08-16T05:00:00+00:00,DK1,solar,129.38,60
2023-08-16T06:00:00+00:00,DK1,solar,335.3,60
2023-08-16T07:00:00+00:00,DK1,solar,563.98,60
2023-08-16T08:00:00+00:00,DK1,solar,777.92,60
2023-08-16T09:00:00+00:00,DK1,solar,855.64,60
2023-08-16T10:00:00+00:00,DK1,solar,883.32,60
2023-08-16T11:00:00+00:00,DK1,solar,1022.1,60
2023-08-16T12:00:00+00:00,DK1,solar,1018.81,60
2023-08-16T13:00:00+00:00,DK1,solar,968.57,60
2023-08-16T14:00:00+00:00,DK1,solar,807.62,60
2023-08-16T15:00:00+00:00,DK1,solar,584.27,60
2023-08-16T16:00:00+00:00,DK1,solar,391.9,60
2023-08-16T17:00:00+00:00,DK1,solar,143.23,60
2023-08-16T18:00:00+00:00,DK1,solar,22.43,60
2023-08-16T19:00:00+00:00,DK1,solar,0.09,60
2023-08-16T20:00:00+00:00,DK1,solar,0.0,60
2023-08-16T21:00:00+00:00,DK1,solar,0.0,60
2023-08-16T22:00:00+00:00,DK1,solar,0.0,60
2023-08-16T23:00:00+00:00,DK1,solar,0.0,60
2023-08-17T00:00:00+00:00,DK1,solar,0.0,60
2023-08-17T01:00:00+00:00,DK1,solar,0.0,60
2023-08-17T02:00:00+00:00,DK1,solar,0.0,60
2023-08-17T03:00:00+00:00,DK1,solar,0.01,60
2023-08-17T04:00:00+00:00,DK1,solar,14.13,60
2023-08-17T05:00:00+00:00,DK1,solar,93.83,60
2023-08-17T06:00:00+00:00,DK1,solar,215.82,60
2023-08-17T07:00:00+00:00,DK1,solar,360.06,60
2023-08-17T08:00:00+00:00,DK1,solar,588.67,60
2023-08-17T09:00:00+00:00,DK1,solar,766.36,60
2023-08-17T10:00:00+00:00,DK1,solar,1033.53,60
2023-08-17T11:00:00+00:00,DK1,solar,1110.76,60
2023-08-17T12:00:00+00:00,DK1,solar,1161.27,60
2023-08-17T13:00:00+00:00,DK1,solar,1132.59,60
2023-08-17T14:00:00+00:00,DK1,solar,1032.45,60
2023-08-17T15:00:00+00:00,DK1,solar,707.63,60
2023-08-17T16:00:00+00:00,DK1,solar,399.89,60
2023-08-17T17:00:00+00:00,DK1,solar,176.49,60
2023-08-17T18:00:00+00:00,DK1,solar,41.27,60
2023-08-17T19:00:00+00:00,DK1,solar,0.33,60
2023-08-17T20:00:00+00:00,DK1,solar,0.0,60
2023-08-17T21:00:00+00:00,DK1,solar,0.0,60
2023-08-17T22:00:00+00:00,DK1,solar,0.0,60
2023-08-17T23:00:00+00:00,DK1,solar,0.0,60
2023-08-18T00:00:00+00:00,DK1,solar,0.0,60
2023-08-18T01:00:00+00:00,DK1,solar,0.0,60
2023-08-18T02:00:00+00:00,DK1,solar,0.0,60
2023-08-18T03:00:00+00:00,DK1,solar,0.0,60
2023-08-18T04:00:00+00:00,DK1,solar,19.18,60
2023-08-18T05:00:00+00:00,DK1,solar,122.98,60
2023-08-18T06:00:00+00:00,DK1,solar,274.07,60
2023-08-18T07:00:00+00:00,DK1,solar,394.35,60
2023-08-18T08:00:00+00:00,DK1,solar,464.78,60
2023-08-18T09:00:00+00:00,DK1,solar,626.97,60
2023-08-18T10:00:00+00:00,DK1,solar,768.49,60
2023-08-18T11:00:00+00:00,DK1,solar,806.81,60
2023-08-18T12:00:00+00:00,DK1,solar,783.3,60
2023-08-18T13:00:00+00:00,DK1,solar,793.82,60
2023-08-18T14:00:00+00:00,DK1,solar,728.85,60
2023-08-18T15:00:00+00:00,DK1,solar,639.06,60
2023-08-18T16:00:00+00:00,DK1,solar,413.69,60
2023-08-18T17:00:00+00:00,DK1,solar,173.21,60
2023-08-18T18:00:00+00:00,DK1,solar,24.79,60
2023-08-18T19:00:00+00:00,DK1,solar,0.0,60
2023-08-18T20:00:00+00:00,DK1,solar,0.0,60
2023-08-18T21:00:00+00:00,DK1,solar,0.0,60
2023-08-18T22:00:00+00:00,DK1,solar,0.0,60
2023-08-18T23:00:00+00:00,DK1,solar,0.0,60
2023-08-19T00:00:00+00:00,DK1,solar,0.0,60
2023-08-19T01:00:00+00:00,DK1,solar,0.0,60
2023-08-19T02:00:00+00:00,DK1,solar,0.0,60
2023-08-19T03:00:00+00:00,DK1,solar,0.0,60
2023-08-19T04:00:00+00:00,DK1,solar,13.54,60
2023-08-19T05:00:00+00:00,DK1,solar,83.41,60
2023-08-19T06:00:00+00:00,DK1,solar,218.43,60
2023-08-19T07:00:00+00:00,DK1,solar,373.18,60
2023-08-19T08:00:00+00:00,DK1,solar,542.57,60
2023-08-19T09:00:00+00:00,DK1,solar,751.62,60
2023-08-19T10:00:00+00:00,DK1,solar,1065.4,60
2023-08-19T11:00:00+00:00,DK1,solar,863.8,60
2023-08-19T12:00:00+00:00,DK1,solar,523.76,60
2023-08-19T13:00:00+00:00,DK1,solar,376.86,60
2023-08-19T14:00:00+00:00,DK1,solar,218.55,60
2023-08-19T15:00:00+00:00,DK1,solar,150.69,60
2023-08-19T16:00:00+00:00,DK1,solar,79.64,60
2023-08-19T17:00:00+00:00,DK1,solar,31.75,60
2023-08-19T18:00:00+00:00,DK1,solar,3.52,60
2023-08-19T19:00:00+00:00,DK1,solar,0.0,60
2023-08-19T20:00:00+00:00,DK1,solar,0.0,60
2023-08-19T21:00:00+00:00,DK1,solar,0.0,60
2023-08-19T22:00:00+00:00,DK1,solar,0.0,60
2023-08-19T23:00:00+00:00,DK1,solar,0.0,60
2023-08-20T00:00:00+00:00,DK1,solar,0.0,60
2023-08-20T01:00:00+00:00,DK1,solar,0.0,60
2023-08-20T02:00:00+00:00,DK1,solar,0.0,60
2023-08-20T03:00:00+00:00,DK1,solar,0.0,60
2023-08-20T04:00:00+00:00,DK1,solar,17.83,60
2023-08-20T05:00:00+00:00,DK1,solar,122.36,60
2023-08-20T06:00:00+00:00,DK1,solar,311.09,60
2023-08-20T07:00:00+00:00,DK1,solar,679.11,60
2023-08-20T08:00:00+00:00,DK1,solar,1101.79,60
2023-08-20T09:00:00+00:00,DK1,solar,1418.4,60
2023-08-20T10:00:00+00:00,DK1,solar,1486.88,60
2023-08-20T11:00:00+00:00,DK1,solar,1445.39,60
2023-08-20T12:00:00+00:00,DK1,solar,1395.14,60
2023-08-20T13:00:00+00:00,DK1,solar,1244.45,60
2023-08-20T14:00:00+00:00,DK1,solar,1170.86,60
2023-08-20T15:00:00+00:00,DK1,solar,919.78,60
2023-08-20T16:00:00+00:00,DK1,solar,526.2,60
2023-08-20T17:00:00+00:00,DK1,solar,169.08,60
2023-08-20T18:00:00+00:00,DK1,solar,21.31,60
2023-08-20T19:00:00+00:00,DK1,solar,0.0,60
2023-08-20T20:00:00+00:00,DK1,solar,0.0,60
2023-08-20T21:00:00+00:00,DK1,solar,0.0,60
2023-08-20T22:00:00+00:00,DK1,solar,0.0,60
2023-08-20T23:00:00+00:00,DK1,solar,0.0,60
2023-08-21T00:00:00+00:00,DK1,solar,0.0,60
2023-08-21T01:00:00+00:00,DK1,solar,0.0,60
2023-08-21T02:00:00+00:00,DK1,solar,0.0,60
2023-08-21T03:00:00+00:00,DK1,solar,0.0,60
2023-08-21T04:00:00+00:00,DK1,solar,27.47,60
2023-08-21T05:00:00+00:00,DK1,solar,164.89,60
2023-08-21T06:00:00+00:00,DK1,solar,453.12,60
2023-08-21T07:00:00+00:00,DK1,solar,849.87,60
2023-08-21T08:00:00+00:00,DK1,solar,1211.54,60
2023-08-21T09:00:00+00:00,DK1,solar,1425.15,60
2023-08-21T10:00:00+00:00,DK1,solar,1492.11,60
2023-08-21T11:00:00+00:00,DK1,solar,1436.87,60
2023-08-21T12:00:00+00:00,DK1,solar,1381.93,60
2023-08-21T13:00:00+00:00,DK1,solar,1377.31,60
2023-08-21T14:00:00+00:00,DK1,solar,1203.34,60
2023-08-21T15:00:00+00:00,DK1,solar,891.35,60
2023-08-21T16:00:00+00:00,DK1,solar,518.72,60
2023-08-21T17:00:00+00:00,DK1,solar,163.83,60
2023-08-21T18:00:00+00:00,DK1,solar,22.29,60
2023-08-21T19:00:00+00:00,DK1,solar,0.0,60
2023-08-21T20:00:00+00:00,DK1,solar,0.0,60
2023-08-21T21:00:00+00:00,DK1,solar,0.0,60
2023-08-21T22:00:00+00:00,DK1,solar,0.0,60
2023-08-21T23:00:00+00:00,DK1,solar,0.0,60
2023-08-22T00:00:00+00:00,DK1,solar,0.0,60
2023-08-22T01:00:00+00:00,DK1,solar,0.0,60
2023-08-22T02:00:00+00:00,DK1,solar,0.0,60
2023-08-22T03:00:00+00:00,DK1,solar,0.0,60
2023-08-22T04:00:00+00:00,DK1,solar,20.28,60
2023-08-22T05:00:00+00:00,DK1,solar,118.51,60
2023-08-22T06:00:00+00:00,DK1,solar,309.55,60
2023-08-22T07:00:00+00:00,DK1,solar,632.64,60
2023-08-22T08:00:00+00:00,DK1,solar,1054.42,60
2023-08-22T09:00:00+00:00,DK1,solar,1300.7,60
2023-08-22T10:00:00+00:00,DK1,solar,1418.92,60
2023-08-22T11:00:00+00:00,DK1,solar,1403.56,60
2023-08-22T12:00:00+00:00,DK1,solar,1336.19,60
2023-08-22T13:00:00+00:00,DK1,solar,1252.15,60
2023-08-22T14:00:00+00:00,DK1,solar,1197.18,60
2023-08-22T15:00:00+00:00,DK1,solar,898.84,60
2023-08-22T16:00:00+00:00,DK1,solar,458.63,60
2023-08-22T17:00:00+00:00,DK1,solar,135.43,60
2023-08-22T18:00:00+00:00,DK1,solar,18.59,60
2023-08-22T19:00:00+00:00,DK1,solar,0.01,60
2023-08-22T20:00:00+00:00,DK1,solar,0.0,60
2023-08-22T21:00:00+00:00,DK1,solar,0.0,60
2023-08-22T22:00:00+00:00,DK1,solar,0.0,60
2023-08-22T23:00:00+00:00,DK1,solar,0.0,60
2023-08-23T00:00:00+00:00,DK1,solar,0.0,60
2023-08-23T01:00:00+00:00,DK1,solar,0.0,60
2023-08-23T02:00:00+00:00,DK1,solar,0.0,60
2023-08-23T03:00:00+00:00,DK1,solar,0.0,60
2023-08-23T04:00:00+00:00,DK1,solar,21.44,60
2023-08-23T05:00:00+00:00,DK1,solar,141.71,60
2023-08-23T06:00:00+00:00,DK1,solar,337.73,60
2023-08-23T07:00:00+00:00,DK1,solar,466.01,60
2023-08-23T08:00:00+00:00,DK1,solar,594.46,60
2023-08-23T09:00:00+00:00,DK1,solar,669.47,60
2023-08-23T10:00:00+00:00,DK1,solar,711.12,60
2023-08-23T11:00:00+00:00,DK1,solar,873.08,60
2023-08-23T12:00:00+00:00,DK1,solar,788.13,60
2023-08-23T13:00:00+00:00,DK1,solar,566.05,60
2023-08-23T14:00:00+00:00,DK1,solar,617.73,60
2023-08-23T15:00:00+00:00,DK1,solar,538.9,60
2023-08-23T16:00:00+00:00,DK1,solar,334.66,60
2023-08-23T17:00:00+00:00,DK1,solar,143.18,60
2023-08-23T18:00:00+00:00,DK1,solar,17.42,60
2023-08-23T19:00:00+00:00,DK1,solar,0.0,60
2023-08-23T20:00:00+00:00,DK1,solar,0.0,60
2023-08-23T21:00:00+00:00,DK1,solar,0.0,60
2023-08-23T22:00:00+00:00,DK1,solar,0.0,60
2023-08-23T23:00:00+00:00,DK1,solar,0.0,60
2023-08-24T00:00:00+00:00,DK1,solar,0.0,60
2023-08-24T01:00:00+00:00,DK1,solar,0.0,60
2023-08-24T02:00:00+00:00,DK1,solar,0.0,60
2023-08-24T03:00:00+00:00,DK1,solar,0.0,60
2023-08-24T04:00:00+00:00,DK1,solar,22.2,60
2023-08-24T05:00:00+00:00,DK1,solar,185.1,60
2023-08-24T06:00:00+00:00,DK1,solar,557.33,60
2023-08-24T07:00:00+00:00,DK1,solar,960.14,60
2023-08-24T08:00:00+00:00,DK1,solar,1229.23,60
2023-08-24T09:00:00+00:00,DK1,solar,1392.21,60
2023-08-24T10:00:00+00:00,DK1,solar,1385.99,60
2023-08-24T11:00:00+00:00,DK1,solar,1480.87,60
2023-08-24T12:00:00+00:00,DK1,solar,1367.83,60
2023-08-24T13:00:00+00:00,DK1,solar,1131.65,60
2023-08-24T14:00:00+00:00,DK1,solar,793.11,60
2023-08-24T15:00:00+00:00,DK1,solar,402.52,60
2023-08-24T16:00:00+00:00,DK1,solar,167.6,60
2023-08-24T17:00:00+00:00,DK1,solar,50.38,60
2023-08-24T18:00:00+00:00,DK1,solar,4.19,60
2023-08-24T19:00:00+00:00,DK1,solar,0.0,60
2023-08-24T20:00:00+00:00,DK1,solar,0.0,60
2023-08-24T21:00:00+00:00,DK1,solar,0.0,60
2023-08-24T22:00:00+00:00,DK1,solar,0.0,60
2023-08-24T23:00:00+00:00,DK1,solar,0.0,60
2023-08-25T00:00:00+00:00,DK1,solar,0.0,60
2023-08-25T01:00:00+00:00,DK1,solar,0.0,60
2023-08-25T02:00:00+00:00,DK1,solar,0.0,60
2023-08-25T03:00:00+00:00,DK1,solar,0.0,60
2023-08-25T04:00:00+00:00,DK1,solar,3.73,60
2023-08-25T05:00:00+00:00,DK1,solar,90.71,60
2023-08-25T06:00:00+00:00,DK1,solar,281.58,60
2023-08-25T07:00:00+00:00,DK1,solar,443.8,60
2023-08-25T08:00:00+00:00,DK1,solar,728.84,60
2023-08-25T09:00:00+00:00,DK1,solar,1010.55,60
2023-08-25T10:00:00+00:00,DK1,solar,1110.16,60
2023-08-25T11:00:00+00:00,DK1,solar,1253.18,60
2023-08-25T12:00:00+00:00,DK1,solar,1339.47,60
2023-08-25T13:00:00+00:00,DK1,solar,1240.6,60
2023-08-25T14:00:00+00:00,DK1,solar,1062.57,60
2023-08-25T15:00:00+00:00,DK1,solar,737.87,60
2023-08-25T16:00:00+00:00,DK1,solar,448.78,60
2023-08-25T17:00:00+00:00,DK1,solar,154.38,60
2023-08-25T18:00:00+00:00,DK1,solar,15.18,60
2023-08-25T19:00:00+00:00,DK1,solar,0.06,60
2023-08-25T20:00:00+00:00,DK1,solar,0.0,60
2023-08-25T21:00:00+00:00,DK1,solar,0.0,60
2023-08-25T22:00:00+00:00,DK1,solar,0.0,60
2023-08-25T23:00:00+00:00,DK1,solar,0.0,60
2023-08-26T00:00:00+00:00,DK1,solar,0.0,60
2023-08-26T01:00:00+00:00,DK1,solar,0.0,60
2023-08-26T02:00:00+00:00,DK1,solar,0.0,60
2023-08-26T03:00:00+00:00,DK1,solar,0.0,60
2023-08-26T04:00:00+00:00,DK1,solar,11.25,60
2023-08-26T05:00:00+00:00,DK1,solar,70.82,60
2023-08-26T06:00:00+00:00,DK1,solar,219.38,60
2023-08-26T07:00:00+00:00,DK1,solar,418.47,60
2023-08-26T08:00:00+00:00,DK1,solar,562.44,60
2023-08-26T09:00:00+00:00,DK1,solar,703.19,60
2023-08-26T10:00:00+00:00,DK1,solar,679.67,60
2023-08-26T11:00:00+00:00,DK1,solar,716.42,60
2023-08-26T12:00:00+00:00,DK1,solar,820.01,60
2023-08-26T13:00:00+00:00,DK1,solar,899.8,60
2023-08-26T14:00:00+00:00,DK1,solar,872.39,60
2023-08-26T15:00:00+00:00,DK1,solar,658.47,60
2023-08-26T16:00:00+00:00,DK1,solar,387.49,60
2023-08-26T17:00:00+00:00,DK1,solar,139.91,60
2023-08-26T18:00:00+00:00,DK1,solar,13.64,60
2023-08-26T19:00:00+00:00,DK1,solar,0.0,60
2023-08-26T20:00:00+00:00,DK1,solar,0.0,60
2023-08-26T21:00:00+00:00,DK1,solar,0.0,60
2023-08-26T22:00:00+00:00,DK1,solar,0.0,60
2023-08-26T23:00:00+00:00,DK1,solar,0.0,60
2023-08-27T00:00:00+00:00,DK1,solar,0.0,60
2023-08-27T01:00:00+00:00,DK1,solar,0.0,60
2023-08-27T02:00:00+00:00,DK1,solar,0.0,60
2023-08-27T03:00:00+00:00,DK1,solar,0.0,60
2023-08-27T04:00:00+00:00,DK1,solar,18.47,60
2023-08-27T05:00:00+00:00,DK1,solar,167.18,60
2023-08-27T06:00:00+00:00,DK1,solar,475.73,60
2023-08-27T07:00:00+00:00,DK1,solar,745.1,60
2023-08-27T08:00:00+00:00,DK1,solar,1024.85,60
2023-08-27T09:00:00+00:00,DK1,solar,1165.37,60
2023-08-27T10:00:00+00:00,DK1,solar,1034.51,60
2023-08-27T11:00:00+00:00,DK1,solar,705.88,60
2023-08-27T12:00:00+00:00,DK1,solar,679.56,60
2023-08-27T13:00:00+00:00,DK1,solar,390.9,60
2023-08-27T14:00:00+00:00,DK1,solar,320.62,60
2023-08-27T15:00:00+00:00,DK1,solar,245.05,60
2023-08-27T16:00:00+00:00,DK1,solar,213.6,60
2023-08-27T17:00:00+00:00,DK1,solar,87.39,60
2023-08-27T18:00:00+00:00,DK1,solar,5.77,60
2023-08-27T19:00:00+00:00,DK1,solar,0.0,60
2023-08-27T20:00:00+00:00,DK1,solar,0.0,60
2023-08-27T21:00:00+00:00,DK1,solar,0.0,60
2023-08-27T22:00:00+00:00,DK1,solar,0.0,60
2023-08-27T23:00:00+00:00,DK1,solar,0.0,60
2023-08-28T00:00:00+00:00,DK1,solar,0.0,60
2023-08-28T01:00:00+00:00,DK1,solar,0.0,60
2023-08-28T02:00:00+00:00,DK1,solar,0.0,60
2023-08-28T03:00:00+00:00,DK1,solar,0.0,60
2023-08-28T04:00:00+00:00,DK1,solar,11.35,60
2023-08-28T05:00:00+00:00,DK1,solar,135.17,60
2023-08-28T06:00:00+00:00,DK1,solar,439.26,60
2023-08-28T07:00:00+00:00,DK1,solar,814.27,60
2023-08-28T08:00:00+00:00,DK1,solar,1111.66,60
2023-08-28T09:00:00+00:00,DK1,solar,1361.01,60
2023-08-28T10:00:00+00:00,DK1,solar,1317.01,60
2023-08-28T11:00:00+00:00,DK1,solar,1398.5,60
2023-08-28T12:00:00+00:00,DK1,solar,1383.03,60
2023-08-28T13:00:00+00:00,DK1,solar,1327.02,60
2023-08-28T14:00:00+00:00,DK1,solar,1130.07,60
2023-08-28T15:00:00+00:00,DK1,solar,829.7,60
2023-08-28T16:00:00+00:00,DK1,solar,413.97,60
2023-08-28T17:00:00+00:00,DK1,solar,124.84,60
2023-08-28T18:00:00+00:00,DK1,solar,11.97,60
2023-08-28T19:00:00+00:00,DK1,solar,0.0,60
2023-08-28T20:00:00+00:00,DK1,solar,0.0,60
2023-08-28T21:00:00+00:00,DK1,solar,0.0,60
2023-08-28T22:00:00+00:00,DK1,solar,0.0,60
2023-08-28T23:00:00+00:00,DK1,solar,0.0,60
2023-08-29T00:00:00+00:00,DK1,solar,0.0,60
2023-08-29T01:00:00+00:00,DK1,solar,0.0,60
2023-08-29T02:00:00+00:00,DK1,solar,0.0,60
2023-08-29T03:00:00+00:00,DK1,solar,0.0,60
2023-08-29T04:00:00+00:00,DK1,solar,9.6,60
2023-08-29T05:00:00+00:00,DK1,solar,133.44,60
2023-08-29T06:00:00+00:00,DK1,solar,421.55,60
2023-08-29T07:00:00+00:00,DK1,solar,756.37,60
2023-08-29T08:00:00+00:00,DK1,solar,881.79,60
2023-08-29T09:00:00+00:00,DK1,solar,844.19,60
2023-08-29T10:00:00+00:00,DK1,solar,829.74,60
2023-08-29T11:00:00+00:00,DK1,solar,925.92,60
2023-08-29T12:00:00+00:00,DK1,solar,928.8,60
2023-08-29T13:00:00+00:00,DK1,solar,785.62,60
2023-08-29T14:00:00+00:00,DK1,solar,599.14,60
2023-08-29T15:00:00+00:00,DK1,solar,491.44,60
2023-08-29T16:00:00+00:00,DK1,solar,253.29,60
2023-08-29T17:00:00+00:00,DK1,solar,85.63,60
2023-08-29T18:00:00+00:00,DK1,solar,6.63,60
2023-08-29T19:00:00+00:00,DK1,solar,0.0,60
2023-08-29T20:00:00+00:00,DK1,solar,0.0,60
2023-08-29T21:00:00+00:00,DK1,solar,0.0,60
2023-08-29T22:00:00+00:00,DK1,solar,0.0,60
2023-08-29T23:00:00+00:00,DK1,solar,0.0,60
2023-08-30T00:00:00+00:00,DK1,solar,0.0,60
2023-08-30T01:00:00+00:00,DK1,solar,0.0,60
2023-08-30T02:00:00+00:00,DK1,solar,0.0,60
2023-08-30T03:00:00+00:00,DK1,solar,0.0,60
2023-08-30T04:00:00+00:00,DK1,solar,7.3,60
2023-08-30T05:00:00+00:00,DK1,solar,88.61,60
2023-08-30T06:00:00+00:00,DK1,solar,254.96,60
2023-08-30T07:00:00+00:00,DK1,solar,422.68,60
2023-08-30T08:00:00+00:00,DK1,solar,636.46,60
2023-08-30T09:00:00+00:00,DK1,solar,831.88,60
2023-08-30T10:00:00+00:00,DK1,solar,893.16,60
2023-08-30T11:00:00+00:00,DK1,solar,808.22,60
2023-08-30T12:00:00+00:00,DK1,solar,720.7,60
2023-08-30T13:00:00+00:00,DK1,solar,698.15,60
2023-08-30T14:00:00+00:00,DK1,solar,444.94,60
2023-08-30T15:00:00+00:00,DK1,solar,379.39,60
2023-08-30T16:00:00+00:00,DK1,solar,206.13,60
2023-08-30T17:00:00+00:00,DK1,solar,73.12,60
2023-08-30T18:00:00+00:00,DK1,solar,4.37,60
2023-08-30T19:00:00+00:00,DK1,solar,0.0,60
2023-08-30T20:00:00+00:00,DK1,solar,0.0,60
2023-08-30T21:00:00+00:00,DK1,solar,0.0,60
2023-08-30T22:00:00+00:00,DK1,solar,0.0,60
2023-08-30T23:00:00+00:00,DK1,solar,0.0,60
2023-08-31T00:00:00+00:00,DK1,solar,0.0,60
2023-08-31T01:00:00+00:00,DK1,solar,0.0,60
2023-08-31T02:00:00+00:00,DK1,solar,0.0,60
2023-08-31T03:00:00+00:00,DK1,solar,0.0,60
2023-08-31T04:00:00+00:00,DK1,solar,3.88,60
2023-08-31T05:00:00+00:00,DK1,solar,66.56,60
2023-08-31T06:00:00+00:00,DK1,solar,220.85,60
2023-08-31T07:00:00+00:00,DK1,solar,390.25,60
2023-08-31T08:00:00+00:00,DK1,solar,662.8,60
2023-08-31T09:00:00+00:00,DK1,solar,817.1,60
2023-08-31T10:00:00+00:00,DK1,solar,999.77,60
2023-08-31T11:00:00+00:00,DK1,solar,1066.81,60
2023-08-31T12:00:00+00:00,DK1,solar,1028.7,60
2023-08-31T13:00:00+00:00,DK1,solar,985.26,60
2023-08-31T14:00:00+00:00,DK1,solar,794.86,60
2023-08-31T15:00:00+00:00,DK1,solar,583.14,60
2023-08-31T16:00:00+00:00,DK1,solar,342.03,60
2023-08-31T17:00:00+00:00,DK1,solar,95.63,60
2023-08-31T18:00:00+00:00,DK1,solar,3.58,60
2023-08-31T19:00:00+00:00,DK1,solar,0.0,60
2023-08-31T20:00:00+00:00,DK1,solar,0.0,60
2023-08-31T21:00:00+00:00,DK1,solar,0.0,60
2023-08-31T22:00:00+00:00,DK1,solar,0.0,60
2023-08-31T23:00:00+00:00,DK1,solar,0.0,60
2023-09-01T00:00:00+00:00,DK1,solar,0.0,60
2023-09-01T01:00:00+00:00,DK1,solar,0.0,60
2023-09-01T02:00:00+00:00,DK1,solar,0.0,60
2023-09-01T03:00:00+00:00,DK1,solar,0.0,60
2023-09-01T04:00:00+00:00,DK1,solar,8.67,60
2023-09-01T05:00:00+00:00,DK1,solar,137.62,60
2023-09-01T06:00:00+00:00,DK1,solar,461.58,60
2023-09-01T07:00:00+00:00,DK1,solar,945.17,60
2023-09-01T08:00:00+00:00,DK1,solar,1248.63,60
2023-09-01T09:00:00+00:00,DK1,solar,1574.52,60
2023-09-01T10:00:00+00:00,DK1,solar,1589.62,60
2023-09-01T11:00:00+00:00,DK1,solar,1614.84,60
2023-09-01T12:00:00+00:00,DK1,solar,1625.3,60
2023-09-01T13:00:00+00:00,DK1,solar,1531.92,60
2023-09-01T14:00:00+00:00,DK1,solar,1243.03,60
2023-09-01T15:00:00+00:00,DK1,solar,863.5,60
2023-09-01T16:00:00+00:00,DK1,solar,436.53,60
2023-09-01T17:00:00+00:00,DK1,solar,113.22,60
2023-09-01T18:00:00+00:00,DK1,solar,5.03,60
2023-09-01T19:00:00+00:00,DK1,solar,0.0,60
2023-09-01T20:00:00+00:00,DK1,solar,0.0,60
2023-09-01T21:00:00+00:00,DK1,solar,0.0,60
2023-09-01T22:00:00+00:00,DK1,solar,0.0,60
2023-09-01T23:00:00+00:00,DK1,solar,0.0,60
2023-09-02T00:00:00+00:00,DK1,solar,0.0,60
2023-09-02T01:00:00+00:00,DK1,solar,0.0,60
2023-09-02T02:00:00+00:00,DK1,solar,0.0,60
2023-09-02T03:00:00+00:00,DK1,solar,0.0,60
2023-09-02T04:00:00+00:00,DK1,solar,8.32,60
2023-09-02T05:00:00+00:00,DK1,solar,136.43,60
2023-09-02T06:00:00+00:00,DK1,solar,496.64,60
2023-09-02T07:00:00+00:00,DK1,solar,968.2,60
2023-09-02T08:00:00+00:00,DK1,solar,1251.16,60
2023-09-02T09:00:00+00:00,DK1,solar,1532.08,60
2023-09-02T10:00:00+00:00,DK1,solar,1681.44,60
2023-09-02T11:00:00+00:00,DK1,solar,1652.75,60
2023-09-02T12:00:00+00:00,DK1,solar,1554.65,60
2023-09-02T13:00:00+00:00,DK1,solar,1405.04,60
2023-09-02T14:00:00+00:00,DK1,solar,1096.39,60
2023-09-02T15:00:00+00:00,DK1,solar,706.42,60
2023-09-02T16:00:00+00:00,DK1,solar,269.84,60
2023-09-02T17:00:00+00:00,DK1,solar,49.26,60
2023-09-02T18:00:00+00:00,DK1,solar,0.47,60
2023-09-02T19:00:00+00:00,DK1,solar,0.0,60
2023-09-02T20:00:00+00:00,DK1,solar,0.0,60
2023-09-02T21:00:00+00:00,DK1,solar,0.0,60
2023-09-02T22:00:00+00:00,DK1,solar,0.0,60
2023-09-02T23:00:00+00:00,DK1,solar,0.0,60
2023-09-03T00:00:00+00:00,DK1,solar,0.0,60
2023-09-03T01:00:00+00:00,DK1,solar,0.0,60
2023-09-03T02:00:00+00:00,DK1,solar,0.0,60
2023-09-03T03:00:00+00:00,DK1,solar,0.0,60
2023-09-03T04:00:00+00:00,DK1,solar,2.96,60
2023-09-03T05:00:00+00:00,DK1,solar,72.93,60
2023-09-03T06:00:00+00:00,DK1,solar,262.0,60
2023-09-03T07:00:00+00:00,DK1,solar,566.31,60
2023-09-03T08:00:00+00:00,DK1,solar,679.32,60
2023-09-03T09:00:00+00:00,DK1,solar,820.87,60
2023-09-03T10:00:00+00:00,DK1,solar,922.66,60
2023-09-03T11:00:00+00:00,DK1,solar,904.16,60
2023-09-03T12:00:00+00:00,DK1,solar,1041.01,60
2023-09-03T13:00:00+00:00,DK1,solar,912.99,60
2023-09-03T14:00:00+00:00,DK1,solar,848.27,60
2023-09-03T15:00:00+00:00,DK1,solar,508.72,60
2023-09-03T16:00:00+00:00,DK1,solar,359.22,60
2023-09-03T17:00:00+00:00,DK1,solar,91.82,60
2023-09-03T18:00:00+00:00,DK1,solar,2.93,60
2023-09-03T19:00:00+00:00,DK1,solar,0.0,60
2023-09-03T20:00:00+00:00,DK1,solar,0.0,60
2023-09-03T21:00:00+00:00,DK1,solar,0.0,60
2023-09-03T22:00:00+00:00,DK1,solar,0.0,60
2023-09-03T23:00:00+00:00,DK1,solar,0.0,60
2023-09-04T00:00:00+00:00,DK1,solar,0.0,60
2023-09-04T01:00:00+00:00,DK1,solar,0.0,60
2023-09-04T02:00:00+00:00,DK1,solar,0.0,60
2023-09-04T03:00:00+00:00,DK1,solar,0.0,60
2023-09-04T04:00:00+00:00,DK1,solar,5.39,60
2023-09-04T05:00:00+00:00,DK1,solar,111.35,60
2023-09-04T06:00:00+00:00,DK1,solar,464.02,60
2023-09-04T07:00:00+00:00,DK1,solar,975.81,60
2023-09-04T08:00:00+00:00,DK1,solar,1379.2,60
2023-09-04T09:00:00+00:00,DK1,solar,1635.95,60
2023-09-04T10:00:00+00:00,DK1,solar,1714.77,60
2023-09-04T11:00:00+00:00,DK1,solar,1721.45,60
2023-09-04T12:00:00+00:00,DK1,solar,1726.62,60
2023-09-04T13:00:00+00:00,DK1,solar,1588.27,60
2023-09-04T14:00:00+00:00,DK1,solar,1311.73,60
2023-09-04T15:00:00+00:00,DK1,solar,885.24,60
2023-09-04T16:00:00+00:00,DK1,solar,400.52,60
2023-09-04T17:00:00+00:00,DK1,solar,74.12,60
2023-09-04T18:00:00+00:00,DK1,solar,1.65,60
2023-09-04T19:00:00+00:00,DK1,solar,0.0,60
2023-09-04T20:00:00+00:00,DK1,solar,0.0,60
2023-09-04T21:00:00+00:00,DK1,solar,0.0,60
2023-09-04T22:00:00+00:00,DK1,solar,0.0,60
2023-09-04T23:00:00+00:00,DK1,solar,0.0,60
2023-09-05T00:00:00+00:00,DK1,solar,0.0,60
2023-09-05T01:00:00+00:00,DK1,solar,0.0,60
2023-09-05T02:00:00+00:00,DK1,solar,0.0,60
2023-09-05T03:00:00+00:00,DK1,solar,0.0,60
2023-09-05T04:00:00+00:00,DK1,solar,4.55,60
2023-09-05T05:00:00+00:00,DK1,solar,111.75,60
2023-09-05T06:00:00+00:00,DK1,solar,456.49,60
2023-09-05T07:00:00+00:00,DK1,solar,940.41,60
2023-09-05T08:00:00+00:00,DK1,solar,1357.83,60
2023-09-05T09:00:00+00:00,DK1,solar,1617.93,60
2023-09-05T10:00:00+00:00,DK1,solar,1732.7,60
2023-09-05T11:00:00+00:00,DK1,solar,1724.5,60
2023-09-05T12:00:00+00:00,DK1,solar,1696.73,60
2023-09-05T13:00:00+00:00,DK1,solar,1591.1,60
2023-09-05T14:00:00+00:00,DK1,solar,1311.12,60
2023-09-05T15:00:00+00:00,DK1,solar,874.79,60
2023-09-05T16:00:00+00:00,DK1,solar,386.5,60
2023-09-05T17:00:00+00:00,DK1,solar,70.14,60
2023-09-05T18:00:00+00:00,DK1,solar,1.27,60
2023-09-05T19:00:00+00:00,DK1,solar,0.0,60
2023-09-05T20:00:00+00:00,DK1,solar,0.0,60
2023-09-05T21:00:00+00:00,DK1,solar,0.0,60
2023-09-05T22:00:00+00:00,DK1,solar,0.0,60
2023-09-05T23:00:00+00:00,DK1,solar,0.0,60
2023-09-06T00:00:00+00:00,DK1,solar,0.0,60
2023-09-06T01:00:00+00:00,DK1,solar,0.0,60
2023-09-06T02:00:00+00:00,DK1,solar,0.0,60
2023-09-06T03:00:00+00:00,DK1,solar,0.0,60
2023-09-06T04:00:00+00:00,DK1,solar,2.65,60
2023-09-06T05:00:00+00:00,DK1,solar,89.64,60
2023-09-06T06:00:00+00:00,DK1,solar,378.13,60
2023-09-06T07:00:00+00:00,DK1,solar,793.23,60
2023-09-06T08:00:00+00:00,DK1,solar,1273.58,60
2023-09-06T09:00:00+00:00,DK1,solar,1589.95,60
2023-09-06T10:00:00+00:00,DK1,solar,1669.95,60
2023-09-06T11:00:00+00:00,DK1,solar,1768.39,60
2023-09-06T12:00:00+00:00,DK1,solar,1686.33,60
2023-09-06T13:00:00+00:00,DK1,solar,1516.68,60
2023-09-06T14:00:00+00:00,DK1,solar,1239.59,60
2023-09-06T15:00:00+00:00,DK1,solar,828.25,60
2023-09-06T16:00:00+00:00,DK1,solar,369.52,60
2023-09-06T17:00:00+00:00,DK1,solar,64.73,60
2023-09-06T18:00:00+00:00,DK1,solar,0.75,60
2023-09-06T19:00:00+00:00,DK1,solar,0.0,60
2023-09-06T20:00:00+00:00,DK1,solar,0.0,60
2023-09-06T21:00:00+00:00,DK1,solar,0.0,60
2023-09-06T22:00:00+00:00,DK1,solar,0.0,60
2023-09-06T23:00:00+00:00,DK1,solar,0.0,60
2023-09-07T00:00:00+00:00,DK1,solar,0.0,60
2023-09-07T01:00:00+00:00,DK1,solar,0.0,60
2023-09-07T02:00:00+00:00,DK1,solar,0.0,60
2023-09-07T03:00:00+00:00,DK1,solar,0.0,60
2023-09-07T04:00:00+00:00,DK1,solar,2.29,60
2023-09-07T05:00:00+00:00,DK1,solar,67.47,60
2023-09-07T06:00:00+00:00,DK1,solar,217.37,60
2023-09-07T07:00:00+00:00,DK1,solar,456.75,60
2023-09-07T08:00:00+00:00,DK1,solar,836.27,60
2023-09-07T09:00:00+00:00,DK1,solar,1299.2,60
2023-09-07T10:00:00+00:00,DK1,solar,1624.36,60
2023-09-07T11:00:00+00:00,DK1,solar,1763.19,60
2023-09-07T12:00:00+00:00,DK1,solar,1699.63,60
2023-09-07T13:00:00+00:00,DK1,solar,1519.58,60
2023-09-07T14:00:00+00:00,DK1,solar,1233.58,60
2023-09-07T15:00:00+00:00,DK1,solar,815.71,60
2023-09-07T16:00:00+00:00,DK1,solar,347.94,60
2023-09-07T17:00:00+00:00,DK1,solar,60.97,60
2023-09-07T18:00:00+00:00,DK1,solar,0.42,60
2023-09-07T19:00:00+00:00,DK1,solar,0.0,60
2023-09-07T20:00:00+00:00,DK1,solar,0.0,60
2023-09-07T21:00:00+00:00,DK1,solar,0.0,60
2023-09-07T22:00:00+00:00,DK1,solar,0.0,60
2023-09-07T23:00:00+00:00,DK1,solar,0.0,60
2023-09-08T00:00:00+00:00,DK1,solar,0.0,60
2023-09-08T01:00:00+00:00,DK1,solar,0.0,60
2023-09-08T02:00:00+00:00,DK1,solar,0.0,60
2023-09-08T03:00:00+00:00,DK1,solar,0.0,60
2023-09-08T04:00:00+00:00,DK1,solar,1.99,60
2023-09-08T05:00:00+00:00,DK1,solar,82.51,60
2023-09-08T06:00:00+00:00,DK1,solar,363.6,60
2023-09-08T07:00:00+00:00,DK1,solar,769.28,60
2023-09-08T08:00:00+00:00,DK1,solar,1183.63,60
2023-09-08T09:00:00+00:00,DK1,solar,1502.67,60
2023-09-08T10:00:00+00:00,DK1,solar,1640.47,60
2023-09-08T11:00:00+00:00,DK1,solar,1688.17,60
2023-09-08T12:00:00+00:00,DK1,solar,1566.46,60
2023-09-08T13:00:00+00:00,DK1,solar,1259.94,60
2023-09-08T14:00:00+00:00,DK1,solar,1019.51,60
2023-09-08T15:00:00+00:00,DK1,solar,633.53,60
2023-09-08T16:00:00+00:00,DK1,solar,270.99,60
2023-09-08T17:00:00+00:00,DK1,solar,44.04,60
2023-09-08T18:00:00+00:00,DK1,solar,0.16,60
2023-09-08T19:00:00+00:00,DK1,solar,0.0,60
2023-09-08T20:00:00+00:00,DK1,solar,0.0,60
2023-09-08T21:00:00+00:00,DK1,solar,0.0,60
2023-09-08T22:00:00+00:00,DK1,solar,0.0,60
2023-09-08T23:00:00+00:00,DK1,solar,0.0,60
2023-09-09T00:00:00+00:00,DK1,solar,0.0,60
2023-09-09T01:00:00+00:00,DK1,solar,0.0,60
2023-09-09T02:00:00+00:00,DK1,solar,0.0,60
2023-09-09T03:00:00+00:00,DK1,solar,0.0,60
2023-09-09T04:00:00+00:00,DK1,solar,2.01,60
2023-09-09T05:00:00+00:00,DK1,solar,98.2,60
2023-09-09T06:00:00+00:00,DK1,solar,445.37,60
2023-09-09T07:00:00+00:00,DK1,solar,906.62,60
2023-09-09T08:00:00+00:00,DK1,solar,1310.95,60
2023-09-09T09:00:00+00:00,DK1,solar,1561.51,60
2023-09-09T10:00:00+00:00,DK1,solar,1669.67,60
2023-09-09T11:00:00+00:00,DK1,solar,1680.91,60
2023-09-09T12:00:00+00:00,DK1,solar,1645.95,60
2023-09-09T13:00:00+00:00,DK1,solar,1409.27,60
2023-09-09T14:00:00+00:00,DK1,solar,963.96,60
2023-09-09T15:00:00+00:00,DK1,solar,600.53,60
2023-09-09T16:00:00+00:00,DK1,solar,267.46,60
2023-09-09T17:00:00+00:00,DK1,solar,50.74,60
2023-09-09T18:00:00+00:00,DK1,solar,0.27,60
2023-09-09T19:00:00+00:00,DK1,solar,0.0,60
2023-09-09T20:00:00+00:00,DK1,solar,0.0,60
2023-09-09T21:00:00+00:00,DK1,solar,0.0,60
2023-09-09T22:00:00+00:00,DK1,solar,0.0,60
2023-09-09T23:00:00+00:00,DK1,solar,0.0,60
2023-09-10T00:00:00+00:00,DK1,solar,0.0,60
2023-09-10T01:00:00+00:00,DK1,solar,0.0,60
2023-09-10T02:00:00+00:00,DK1,solar,0.0,60
2023-09-10T03:00:00+00:00,DK1,solar,0.0,60
2023-09-10T04:00:00+00:00,DK1,solar,0.06,60
2023-09-10T05:00:00+00:00,DK1,solar,22.02,60
2023-09-10T06:00:00+00:00,DK1,solar,91.48,60
2023-09-10T07:00:00+00:00,DK1,solar,196.51,60
2023-09-10T08:00:00+00:00,DK1,solar,292.44,60
2023-09-10T09:00:00+00:00,DK1,solar,451.83,60
2023-09-10T10:00:00+00:00,DK1,solar,731.97,60
2023-09-10T11:00:00+00:00,DK1,solar,1122.83,60
2023-09-10T12:00:00+00:00,DK1,solar,1369.05,60
2023-09-10T13:00:00+00:00,DK1,solar,1297.99,60
2023-09-10T14:00:00+00:00,DK1,solar,1036.93,60
2023-09-10T15:00:00+00:00,DK1,solar,606.97,60
2023-09-10T16:00:00+00:00,DK1,solar,228.49,60
2023-09-10T17:00:00+00:00,DK1,solar,40.47,60
2023-09-10T18:00:00+00:00,DK1,solar,0.17,60
2023-09-10T19:00:00+00:00,DK1,solar,0.0,60
2023-09-10T20:00:00+00:00,DK1,solar,0.0,60
2023-09-10T21:00:00+00:00,DK1,solar,0.0,60
2023-09-10T22:00:00+00:00,DK1,solar,0.0,60
2023-09-10T23:00:00+00:00,DK1,solar,0.0,60
2023-09-11T00:00:00+00:00,DK1,solar,0.0,60
2023-09-11T01:00:00+00:00,DK1,solar,0.0,60
2023-09-11T02:00:00+00:00,DK1,solar,0.0,60
2023-09-11T03:00:00+00:00,DK1,solar,0.0,60
2023-09-11T04:00:00+00:00,DK1,solar,0.68,60
2023-09-11T05:00:00+00:00,DK1,solar,55.54,60
2023-09-11T06:00:00+00:00,DK1,solar,231.21,60
2023-09-11T07:00:00+00:00,DK1,solar,498.59,60
2023-09-11T08:00:00+00:00,DK1,solar,874.59,60
2023-09-11T09:00:00+00:00,DK1,solar,1025.76,60
2023-09-11T10:00:00+00:00,DK1,solar,1148.01,60
2023-09-11T11:00:00+00:00,DK1,solar,1326.67,60
2023-09-11T12:00:00+00:00,DK1,solar,1081.07,60
2023-09-11T13:00:00+00:00,DK1,solar,924.25,60
2023-09-11T14:00:00+00:00,DK1,solar,755.34,60
2023-09-11T15:00:00+00:00,DK1,solar,526.69,60
2023-09-11T16:00:00+00:00,DK1,solar,228.43,60
2023-09-11T17:00:00+00:00,DK1,solar,40.11,60
2023-09-11T18:00:00+00:00,DK1,solar,0.11,60
2023-09-11T19:00:00+00:00,DK1,solar,0.0,60
2023-09-11T20:00:00+00:00,DK1,solar,0.0,60
2023-09-11T21:00:00+00:00,DK1,solar,0.0,60
2023-09-11T22:00:00+00:00,DK1,solar,0.0,60
2023-09-11T23:00:00+00:00,DK1,solar,0.0,60
2023-09-12T00:00:00+00:00,DK1,solar,0.0,60
2023-09-12T01:00:00+00:00,DK1,solar,0.0,60
2023-09-12T02:00:00+00:00,DK1,solar,0.0,60
2023-09-12T03:00:00+00:00,DK1,solar,0.0,60
2023-09-12T04:00:00+00:00,DK1,solar,0.06,60
2023-09-12T05:00:00+00:00,DK1,solar,26.31,60
2023-09-12T06:00:00+00:00,DK1,solar,105.17,60
2023-09-12T07:00:00+00:00,DK1,solar,265.65,60
2023-09-12T08:00:00+00:00,DK1,solar,420.37,60
2023-09-12T09:00:00+00:00,DK1,solar,573.95,60
2023-09-12T10:00:00+00:00,DK1,solar,600.45,60
2023-09-12T11:00:00+00:00,DK1,solar,523.52,60
2023-09-12T12:00:00+00:00,DK1,solar,550.67,60
2023-09-12T13:00:00+00:00,DK1,solar,532.47,60
2023-09-12T14:00:00+00:00,DK1,solar,508.94,60
2023-09-12T15:00:00+00:00,DK1,solar,345.74,60
2023-09-12T16:00:00+00:00,DK1,solar,176.38,60
2023-09-12T17:00:00+00:00,DK1,solar,27.99,60
2023-09-12T18:00:00+00:00,DK1,solar,0.0,60
2023-09-12T19:00:00+00:00,DK1,solar,0.0,60
2023-09-12T20:00:00+00:00,DK1,solar,0.0,60
2023-09-12T21:00:00+00:00,DK1,solar,0.0,60
2023-09-12T22:00:00+00:00,DK1,solar,0.0,60
2023-09-12T23:00:00+00:00,DK1,solar,0.0,60
2023-09-13T00:00:00+00:00,DK1,solar,0.0,60
2023-09-13T01:00:00+00:00,DK1,solar,0.0,60
2023-09-13T02:00:00+00:00,DK1,solar,0.0,60
2023-09-13T03:00:00+00:00,DK1,solar,0.0,60
2023-09-13T04:00:00+00:00,DK1,solar,0.05,60
2023-09-13T05:00:00+00:00,DK1,solar,49.6,60
2023-09-13T06:00:00+00:00,DK1,solar,233.61,60
2023-09-13T07:00:00+00:00,DK1,solar,529.13,60
2023-09-13T08:00:00+00:00,DK1,solar,680.83,60
2023-09-13T09:00:00+00:00,DK1,solar,836.13,60
2023-09-13T10:00:00+00:00,DK1,solar,997.65,60
2023-09-13T11:00:00+00:00,DK1,solar,1348.72,60
2023-09-13T12:00:00+00:00,DK1,solar,1634.31,60
2023-09-13T13:00:00+00:00,DK1,solar,1556.57,60
2023-09-13T14:00:00+00:00,DK1,solar,1317.97,60
2023-09-13T15:00:00+00:00,DK1,solar,883.1,60
2023-09-13T16:00:00+00:00,DK1,solar,338.79,60
2023-09-13T17:00:00+00:00,DK1,solar,39.64,60
2023-09-13T18:00:00+00:00,DK1,solar,0.15,60
2023-09-13T19:00:00+00:00,DK1,solar,0.0,60
2023-09-13T20:00:00+00:00,DK1,solar,0.0,60
2023-09-13T21:00:00+00:00,DK1,solar,0.0,60
2023-09-13T22:00:00+00:00,DK1,solar,0.0,60
2023-09-13T23:00:00+00:00,DK1,solar,0.0,60
2023-09-14T00:00:00+00:00,DK1,solar,0.0,60
2023-09-14T01:00:00+00:00,DK1,solar,0.0,60
2023-09-14T02:00:00+00:00,DK1,solar,0.0,60
2023-09-14T03:00:00+00:00,DK1,solar,0.0,60
2023-09-14T04:00:00+00:00,DK1,solar,0.63,60
2023-09-14T05:00:00+00:00,DK1,solar,79.65,60
2023-09-14T06:00:00+00:00,DK1,solar,325.83,60
2023-09-14T07:00:00+00:00,DK1,solar,618.47,60
2023-09-14T08:00:00+00:00,DK1,solar,795.2,60
2023-09-14T09:00:00+00:00,DK1,solar,973.79,60
2023-09-14T10:00:00+00:00,DK1,solar,1167.44,60
2023-09-14T11:00:00+00:00,DK1,solar,1228.98,60
2023-09-14T12:00:00+00:00,DK1,solar,1209.9,60
2023-09-14T13:00:00+00:00,DK1,solar,1024.06,60
2023-09-14T14:00:00+00:00,DK1,solar,721.64,60
2023-09-14T15:00:00+00:00,DK1,solar,393.28,60
2023-09-14T16:00:00+00:00,DK1,solar,157.83,60
2023-09-14T17:00:00+00:00,DK1,solar,24.52,60
2023-09-14T18:00:00+00:00,DK1,solar,0.17,60
2023-09-14T19:00:00+00:00,DK1,solar,0.0,60
2023-09-14T20:00:00+00:00,DK1,solar,0.0,60
2023-09-14T21:00:00+00:00,DK1,solar,0.0,60
2023-09-14T22:00:00+00:00,DK1,solar,0.0,60
2023-09-14T23:00:00+00:00,DK1,solar,0.0,60
2023-09-15T00:00:00+00:00,DK1,solar,0.0,60
2023-09-15T01:00:00+00:00,DK1,solar,0.0,60
2023-09-15T02:00:00+00:00,DK1,solar,0.0,60
2023-09-15T03:00:00+00:00,DK1,solar,0.0,60
2023-09-15T04:00:00+00:00,DK1,solar,0.16,60
2023-09-15T05:00:00+00:00,DK1,solar,58.79,60
2023-09-15T06:00:00+00:00,DK1,solar,286.58,60
2023-09-15T07:00:00+00:00,DK1,solar,613.72,60
2023-09-15T08:00:00+00:00,DK1,solar,1032.44,60
2023-09-15T09:00:00+00:00,DK1,solar,1342.28,60
2023-09-15T10:00:00+00:00,DK1,solar,1587.44,60
2023-09-15T11:00:00+00:00,DK1,solar,1645.7,60
2023-09-15T12:00:00+00:00,DK1,solar,1592.46,60
2023-09-15T13:00:00+00:00,DK1,solar,1509.56,60
2023-09-15T14:00:00+00:00,DK1,solar,1219.74,60
2023-09-15T15:00:00+00:00,DK1,solar,745.32,60
2023-09-15T16:00:00+00:00,DK1,solar,273.51,60
2023-09-15T17:00:00+00:00,DK1,solar,29.97,60
2023-09-15T18:00:00+00:00,DK1,solar,0.12,60
2023-09-15T19:00:00+00:00,DK1,solar,0.0,60
2023-09-15T20:00:00+00:00,DK1,solar,0.0,60
2023-09-15T21:00:00+00:00,DK1,solar,0.0,60
2023-09-15T22:00:00+00:00,DK1,solar,0.0,60
2023-09-15T23:00:00+00:00,DK1,solar,0.0,60
2023-09-16T00:00:00+00:00,DK1,solar,0.0,60
2023-09-16T01:00:00+00:00,DK1,solar,0.0,60
2023-09-16T02:00:00+00:00,DK1,solar,0.0,60
2023-09-16T03:00:00+00:00,DK1,solar,0.0,60
2023-09-16T04:00:00+00:00,DK1,solar,0.08,60
2023-09-16T05:00:00+00:00,DK1,solar,64.72,60
2023-09-16T06:00:00+00:00,DK1,solar,284.63,60
2023-09-16T07:00:00+00:00,DK1,solar,627.35,60
2023-09-16T08:00:00+00:00,DK1,solar,952.6,60
2023-09-16T09:00:00+00:00,DK1,solar,1205.07,60
2023-09-16T10:00:00+00:00,DK1,solar,1402.11,60
2023-09-16T11:00:00+00:00,DK1,solar,1479.3,60
2023-09-16T12:00:00+00:00,DK1,solar,1319.29,60
2023-09-16T13:00:00+00:00,DK1,solar,1064.93,60
2023-09-16T14:00:00+00:00,DK1,solar,763.63,60
2023-09-16T15:00:00+00:00,DK1,solar,435.39,60
2023-09-16T16:00:00+00:00,DK1,solar,179.94,60
2023-09-16T17:00:00+00:00,DK1,solar,14.9,60
2023-09-16T18:00:00+00:00,DK1,solar,0.08,60
2023-09-16T19:00:00+00:00,DK1,solar,0.0,60
2023-09-16T20:00:00+00:00,DK1,solar,0.0,60
2023-09-16T21:00:00+00:00,DK1,solar,0.0,60
2023-09-16T22:00:00+00:00,DK1,solar,0.0,60
2023-09-16T23:00:00+00:00,DK1,solar,0.0,60
2023-09-17T00:00:00+00:00,DK1,solar,0.0,60
2023-09-17T01:00:00+00:00,DK1,solar,0.0,60
2023-09-17T02:00:00+00:00,DK1,solar,0.0,60
2023-09-17T03:00:00+00:00,DK1,solar,0.0,60
2023-09-17T04:00:00+00:00,DK1,solar,0.02,60
2023-09-17T05:00:00+00:00,DK1,solar,43.29,60
2023-09-17T06:00:00+00:00,DK1,solar,247.92,60
2023-09-17T07:00:00+00:00,DK1,solar,562.47,60
2023-09-17T08:00:00+00:00,DK1,solar,845.82,60
2023-09-17T09:00:00+00:00,DK1,solar,1069.39,60
2023-09-17T10:00:00+00:00,DK1,solar,1276.44,60
2023-09-17T11:00:00+00:00,DK1,solar,1414.75,60
2023-09-17T12:00:00+00:00,DK1,solar,1241.32,60
2023-09-17T13:00:00+00:00,DK1,solar,1056.84,60
2023-09-17T14:00:00+00:00,DK1,solar,700.15,60
2023-09-17T15:00:00+00:00,DK1,solar,320.82,60
2023-09-17T16:00:00+00:00,DK1,solar,98.51,60
2023-09-17T17:00:00+00:00,DK1,solar,5.99,60
2023-09-17T18:00:00+00:00,DK1,solar,0.08,60
2023-09-17T19:00:00+00:00,DK1,solar,0.0,60
2023-09-17T20:00:00+00:00,DK1,solar,0.0,60
2023-09-17T21:00:00+00:00,DK1,solar,0.0,60
2023-09-17T22:00:00+00:00,DK1,solar,0.0,60
2023-09-17T23:00:00+00:00,DK1,solar,0.0,60
2023-09-18T00:00:00+00:00,DK1,solar,0.0,60
2023-09-18T01:00:00+00:00,DK1,solar,0.0,60
2023-09-18T02:00:00+00:00,DK1,solar,0.0,60
2023-09-18T03:00:00+00:00,DK1,solar,0.0,60
2023-09-18T04:00:00+00:00,DK1,solar,0.0,60
2023-09-18T05:00:00+00:00,DK1,solar,37.47,60
2023-09-18T06:00:00+00:00,DK1,solar,170.84,60
2023-09-18T07:00:00+00:00,DK1,solar,385.78,60
2023-09-18T08:00:00+00:00,DK1,solar,653.01,60
2023-09-18T09:00:00+00:00,DK1,solar,695.84,60
2023-09-18T10:00:00+00:00,DK1,solar,520.07,60
2023-09-18T11:00:00+00:00,DK1,solar,237.53,60
2023-09-18T12:00:00+00:00,DK1,solar,190.64,60
2023-09-18T13:00:00+00:00,DK1,solar,296.01,60
2023-09-18T14:00:00+00:00,DK1,solar,407.87,60
2023-09-18T15:00:00+00:00,DK1,solar,365.84,60
2023-09-18T16:00:00+00:00,DK1,solar,150.32,60
2023-09-18T17:00:00+00:00,DK1,solar,18.27,60
2023-09-18T18:00:00+00:00,DK1,solar,0.0,60
2023-09-18T19:00:00+00:00,DK1,solar,0.0,60
2023-09-18T20:00:00+00:00,DK1,solar,0.0,60
2023-09-18T21:00:00+00:00,DK1,solar,0.0,60
2023-09-18T22:00:00+00:00,DK1,solar,0.0,60
2023-09-18T23:00:00+00:00,DK1,solar,0.0,60
2023-09-19T00:00:00+00:00,DK1,solar,0.0,60
2023-09-19T01:00:00+00:00,DK1,solar,0.0,60
2023-09-19T02:00:00+00:00,DK1,solar,0.0,60
2023-09-19T03:00:00+00:00,DK1,solar,0.0,60
2023-09-19T04:00:00+00:00,DK1,solar,0.01,60
2023-09-19T05:00:00+00:00,DK1,solar,41.72,60
2023-09-19T06:00:00+00:00,DK1,solar,152.3,60
2023-09-19T07:00:00+00:00,DK1,solar,339.2,60
2023-09-19T08:00:00+00:00,DK1,solar,482.58,60
2023-09-19T09:00:00+00:00,DK1,solar,566.82,60
2023-09-19T10:00:00+00:00,DK1,solar,407.6,60
2023-09-19T11:00:00+00:00,DK1,solar,252.27,60
2023-09-19T12:00:00+00:00,DK1,solar,160.87,60
2023-09-19T13:00:00+00:00,DK1,solar,134.62,60
2023-09-19T14:00:00+00:00,DK1,solar,75.09,60
2023-09-19T15:00:00+00:00,DK1,solar,37.98,60
2023-09-19T16:00:00+00:00,DK1,solar,14.39,60
2023-09-19T17:00:00+00:00,DK1,solar,0.94,60
2023-09-19T18:00:00+00:00,DK1,solar,0.0,60
2023-09-19T19:00:00+00:00,DK1,solar,0.0,60
2023-09-19T20:00:00+00:00,DK1,solar,0.0,60
2023-09-19T21:00:00+00:00,DK1,solar,0.0,60
2023-09-19T22:00:00+00:00,DK1,solar,0.0,60
2023-09-19T23:00:00+00:00,DK1,solar,0.0,60
2023-09-20T00:00:00+00:00,DK1,solar,0.0,60
2023-09-20T01:00:00+00:00,DK1,solar,0.0,60
2023-09-20T02:00:00+00:00,DK1,solar,0.0,60
2023-09-20T03:00:00+00:00,DK1,solar,0.0,60
2023-09-20T04:00:00+00:00,DK1,solar,0.0,60
2023-09-20T05:00:00+00:00,DK1,solar,12.36,60
2023-09-20T06:00:00+00:00,DK1,solar,61.46,60
2023-09-20T07:00:00+00:00,DK1,solar,167.62,60
2023-09-20T08:00:00+00:00,DK1,solar,251.54,60
2023-09-20T09:00:00+00:00,DK1,solar,269.66,60
2023-09-20T10:00:00+00:00,DK1,solar,277.42,60
2023-09-20T11:00:00+00:00,DK1,solar,196.66,60
2023-09-20T12:00:00+00:00,DK1,solar,205.74,60
2023-09-20T13:00:00+00:00,DK1,solar,265.65,60
2023-09-20T14:00:00+00:00,DK1,solar,160.51,60
2023-09-20T15:00:00+00:00,DK1,solar,102.36,60
2023-09-20T16:00:00+00:00,DK1,solar,32.63,60
2023-09-20T17:00:00+00:00,DK1,solar,0.96,60
2023-09-20T18:00:00+00:00,DK1,solar,0.0,60
2023-09-20T19:00:00+00:00,DK1,solar,0.0,60
2023-09-20T20:00:00+00:00,DK1,solar,0.0,60
2023-09-20T21:00:00+00:00,DK1,solar,0.0,60
2023-09-20T22:00:00+00:00,DK1,solar,0.0,60
2023-09-20T23:00:00+00:00,DK1,solar,0.0,60
2023-09-21T00:00:00+00:00,DK1,solar,0.0,60
2023-09-21T01:00:00+00:00,DK1,solar,0.0,60
2023-09-21T02:00:00+00:00,DK1,solar,0.0,60
2023-09-21T03:00:00+00:00,DK1,solar,0.0,60
2023-09-21T04:00:00+00:00,DK1,solar,0.0,60
2023-09-21T05:00:00+00:00,DK1,solar,25.8,60
2023-09-21T06:00:00+00:00,DK1,solar,153.92,60
2023-09-21T07:00:00+00:00,DK1,solar,426.71,60
2023-09-21T08:00:00+00:00,DK1,solar,865.09,60
2023-09-21T09:00:00+00:00,DK1,solar,992.77,60
2023-09-21T10:00:00+00:00,DK1,solar,713.77,60
2023-09-21T11:00:00+00:00,DK1,solar,609.98,60
2023-09-21T12:00:00+00:00,DK1,solar,512.67,60
2023-09-21T13:00:00+00:00,DK1,solar,364.89,60
2023-09-21T14:00:00+00:00,DK1,solar,251.22,60
2023-09-21T15:00:00+00:00,DK1,solar,168.6,60
2023-09-21T16:00:00+00:00,DK1,solar,86.66,60
2023-09-21T17:00:00+00:00,DK1,solar,1.74,60
2023-09-21T18:00:00+00:00,DK1,solar,0.0,60
2023-09-21T19:00:00+00:00,DK1,solar,0.0,60
2023-09-21T20:00:00+00:00,DK1,solar,0.0,60
2023-09-21T21:00:00+00:00,DK1,solar,0.0,60
2023-09-21T22:00:00+00:00,DK1,solar,0.0,60
2023-09-21T23:00:00+00:00,DK1,solar,0.0,60
2023-09-22T00:00:00+00:00,DK1,solar,0.0,60
2023-09-22T01:00:00+00:00,DK1,solar,0.0,60
2023-09-22T02:00:00+00:00,DK1,solar,0.0,60
2023-09-22T03:00:00+00:00,DK1,solar,0.0,60
2023-09-22T04:00:00+00:00,DK1,solar,0.0,60
2023-09-22T05:00:00+00:00,DK1,solar,15.07,60
2023-09-22T06:00:00+00:00,DK1,solar,161.27,60
2023-09-22T07:00:00+00:00,DK1,solar,518.19,60
2023-09-22T08:00:00+00:00,DK1,solar,721.16,60
2023-09-22T09:00:00+00:00,DK1,solar,930.67,60
2023-09-22T10:00:00+00:00,DK1,solar,911.34,60
2023-09-22T11:00:00+00:00,DK1,solar,910.02,60
2023-09-22T12:00:00+00:00,DK1,solar,854.99,60
2023-09-22T13:00:00+00:00,DK1,solar,761.18,60
2023-09-22T14:00:00+00:00,DK1,solar,632.3,60
2023-09-22T15:00:00+00:00,DK1,solar,440.73,60
2023-09-22T16:00:00+00:00,DK1,solar,136.97,60
2023-09-22T17:00:00+00:00,DK1,solar,6.0,60
2023-09-22T18:00:00+00:00,DK1,solar,0.0,60
2023-09-22T19:00:00+00:00,DK1,solar,0.0,60
2023-09-22T20:00:00+00:00,DK1,solar,0.0,60
2023-09-22T21:00:00+00:00,DK1,solar,0.0,60
2023-09-22T22:00:00+00:00,DK1,solar,0.0,60
2023-09-22T23:00:00+00:00,DK1,solar,0.0,60
2023-09-23T00:00:00+00:00,DK1,solar,0.0,60
2023-09-23T01:00:00+00:00,DK1,solar,0.0,60
2023-09-23T02:00:00+00:00,DK1,solar,0.0,60
2023-09-23T03:00:00+00:00,DK1,solar,0.0,60
2023-09-23T04:00:00+00:00,DK1,solar,0.0,60
2023-09-23T05:00:00+00:00,DK1,solar,13.66,60
2023-09-23T06:00:00+00:00,DK1,solar,105.07,60
2023-09-23T07:00:00+00:00,DK1,solar,395.42,60
2023-09-23T08:00:00+00:00,DK1,solar,630.85,60
2023-09-23T09:00:00+00:00,DK1,solar,1022.04,60
2023-09-23T10:00:00+00:00,DK1,solar,1317.44,60
2023-09-23T11:00:00+00:00,DK1,solar,1215.76,60
2023-09-23T12:00:00+00:00,DK1,solar,1185.89,60
2023-09-23T13:00:00+00:00,DK1,solar,923.84,60
2023-09-23T14:00:00+00:00,DK1,solar,645.73,60
2023-09-23T15:00:00+00:00,DK1,solar,456.5,60
2023-09-23T16:00:00+00:00,DK1,solar,125.96,60
2023-09-23T17:00:00+00:00,DK1,solar,4.52,60
2023-09-23T18:00:00+00:00,DK1,solar,0.0,60
2023-09-23T19:00:00+00:00,DK1,solar,0.0,60
2023-09-23T20:00:00+00:00,DK1,solar,0.0,60
2023-09-23T21:00:00+00:00,DK1,solar,0.0,60
2023-09-23T22:00:00+00:00,DK1,solar,0.0,60
2023-09-23T23:00:00+00:00,DK1,solar,0.0,60
2023-09-24T00:00:00+00:00,DK1,solar,0.0,60
2023-09-24T01:00:00+00:00,DK1,solar,0.0,60
2023-09-24T02:00:00+00:00,DK1,solar,0.0,60
2023-09-24T03:00:00+00:00,DK1,solar,0.0,60
2023-09-24T04:00:00+00:00,DK1,solar,0.0,60
2023-09-24T05:00:00+00:00,DK1,solar,28.03,60
2023-09-24T06:00:00+00:00,DK1,solar,289.45,60
2023-09-24T07:00:00+00:00,DK1,solar,680.13,60
2023-09-24T08:00:00+00:00,DK1,solar,992.79,60
2023-09-24T09:00:00+00:00,DK1,solar,1049.91,60
2023-09-24T10:00:00+00:00,DK1,solar,981.87,60
2023-09-24T11:00:00+00:00,DK1,solar,692.1,60
2023-09-24T12:00:00+00:00,DK1,solar,658.61,60
2023-09-24T13:00:00+00:00,DK1,solar,786.71,60
2023-09-24T14:00:00+00:00,DK1,solar,671.21,60
2023-09-24T15:00:00+00:00,DK1,solar,473.17,60
2023-09-24T16:00:00+00:00,DK1,solar,144.01,60
2023-09-24T17:00:00+00:00,DK1,solar,4.95,60
2023-09-24T18:00:00+00:00,DK1,solar,0.0,60
2023-09-24T19:00:00+00:00,DK1,solar,0.0,60
2023-09-24T20:00:00+00:00,DK1,solar,0.0,60
2023-09-24T21:00:00+00:00,DK1,solar,0.0,60
2023-09-24T22:00:00+00:00,DK1,solar,0.0,60
2023-09-24T23:00:00+00:00,DK1,solar,0.0,60
2023-09-25T00:00:00+00:00,DK1,solar,0.0,60
2023-09-25T01:00:00+00:00,DK1,solar,0.0,60
2023-09-25T02:00:00+00:00,DK1,solar,0.0,60
2023-09-25T03:00:00+00:00,DK1,solar,0.0,60
2023-09-25T04:00:00+00:00,DK1,solar,0.0,60
2023-09-25T05:00:00+00:00,DK1,solar,19.58,60
2023-09-25T06:00:00+00:00,DK1,solar,148.78,60
2023-09-25T07:00:00+00:00,DK1,solar,378.88,60
2023-09-25T08:00:00+00:00,DK1,solar,668.7,60
2023-09-25T09:00:00+00:00,DK1,solar,846.24,60
2023-09-25T10:00:00+00:00,DK1,solar,889.58,60
2023-09-25T11:00:00+00:00,DK1,solar,938.86,60
2023-09-25T12:00:00+00:00,DK1,solar,981.25,60
2023-09-25T13:00:00+00:00,DK1,solar,796.14,60
2023-09-25T14:00:00+00:00,DK1,solar,564.59,60
2023-09-25T15:00:00+00:00,DK1,solar,333.63,60
2023-09-25T16:00:00+00:00,DK1,solar,76.24,60
2023-09-25T17:00:00+00:00,DK1,solar,0.78,60
2023-09-25T18:00:00+00:00,DK1,solar,0.0,60
2023-09-25T19:00:00+00:00,DK1,solar,0.0,60
2023-09-25T20:00:00+00:00,DK1,solar,0.0,60
2023-09-25T21:00:00+00:00,DK1,solar,0.0,60
2023-09-25T22:00:00+00:00,DK1,solar,0.0,60
2023-09-25T23:00:00+00:00,DK1,solar,0.0,60
2023-09-26T00:00:00+00:00,DK1,solar,0.0,60
2023-09-26T01:00:00+00:00,DK1,solar,0.0,60
2023-09-26T02:00:00+00:00,DK1,solar,0.0,60
2023-09-26T03:00:00+00:00,DK1,solar,0.0,60
2023-09-26T04:00:00+00:00,DK1,solar,0.0,60
2023-09-26T05:00:00+00:00,DK1,solar,26.12,60
2023-09-26T06:00:00+00:00,DK1,solar,216.2,60
2023-09-26T07:00:00+00:00,DK1,solar,490.45,60
2023-09-26T08:00:00+00:00,DK1,solar,845.87,60
2023-09-26T09:00:00+00:00,DK1,solar,1154.21,60
2023-09-26T10:00:00+00:00,DK1,solar,1357.8,60
2023-09-26T11:00:00+00:00,DK1,solar,1213.99,60
2023-09-26T12:00:00+00:00,DK1,solar,917.24,60
2023-09-26T13:00:00+00:00,DK1,solar,737.0,60
2023-09-26T14:00:00+00:00,DK1,solar,563.37,60
2023-09-26T15:00:00+00:00,DK1,solar,295.38,60
2023-09-26T16:00:00+00:00,DK1,solar,94.24,60
2023-09-26T17:00:00+00:00,DK1,solar,1.8,60
2023-09-26T18:00:00+00:00,DK1,solar,0.0,60
2023-09-26T19:00:00+00:00,DK1,solar,0.0,60
2023-09-26T20:00:00+00:00,DK1,solar,0.0,60
2023-09-26T21:00:00+00:00,DK1,solar,0.0,60
2023-09-26T22:00:00+00:00,DK1,solar,0.0,60
2023-09-26T23:00:00+00:00,DK1,solar,0.0,60
2023-09-27T00:00:00+00:00,DK1,solar,0.0,60
2023-09-27T01:00:00+00:00,DK1,solar,0.0,60
2023-09-27T02:00:00+00:00,DK1,solar,0.0,60
2023-09-27T03:00:00+00:00,DK1,solar,0.0,60
2023-09-27T04:00:00+00:00,DK1,solar,0.0,60
2023-09-27T05:00:00+00:00,DK1,solar,22.71,60
2023-09-27T06:00:00+00:00,DK1,solar,150.8,60
2023-09-27T07:00:00+00:00,DK1,solar,427.84,60
2023-09-27T08:00:00+00:00,DK1,solar,765.77,60
2023-09-27T09:00:00+00:00,DK1,solar,878.8,60
2023-09-27T10:00:00+00:00,DK1,solar,1008.66,60
2023-09-27T11:00:00+00:00,DK1,solar,979.98,60
2023-09-27T12:00:00+00:00,DK1,solar,775.9,60
2023-09-27T13:00:00+00:00,DK1,solar,762.88,60
2023-09-27T14:00:00+00:00,DK1,solar,694.54,60
2023-09-27T15:00:00+00:00,DK1,solar,445.9,60
2023-09-27T16:00:00+00:00,DK1,solar,104.87,60
2023-09-27T17:00:00+00:00,DK1,solar,0.9,60
2023-09-27T18:00:00+00:00,DK1,solar,0.0,60
2023-09-27T19:00:00+00:00,DK1,solar,0.0,60
2023-09-27T20:00:00+00:00,DK1,solar,0.0,60
2023-09-27T21:00:00+00:00,DK1,solar,0.0,60
2023-09-27T22:00:00+00:00,DK1,solar,0.0,60
2023-09-27T23:00:00+00:00,DK1,solar,0.0,60
2023-09-28T00:00:00+00:00,DK1,solar,0.0,60
2023-09-28T01:00:00+00:00,DK1,solar,0.0,60
2023-09-28T02:00:00+00:00,DK1,solar,0.0,60
2023-09-28T03:00:00+00:00,DK1,solar,0.0,60
2023-09-28T04:00:00+00:00,DK1,solar,0.0,60
2023-09-28T05:00:00+00:00,DK1,solar,11.48,60
2023-09-28T06:00:00+00:00,DK1,solar,118.71,60
2023-09-28T07:00:00+00:00,DK1,solar,368.29,60
2023-09-28T08:00:00+00:00,DK1,solar,771.59,60
2023-09-28T09:00:00+00:00,DK1,solar,1039.48,60
2023-09-28T10:00:00+00:00,DK1,solar,875.9,60
2023-09-28T11:00:00+00:00,DK1,solar,713.53,60
2023-09-28T12:00:00+00:00,DK1,solar,630.65,60
2023-09-28T13:00:00+00:00,DK1,solar,405.03,60
2023-09-28T14:00:00+00:00,DK1,solar,223.75,60
2023-09-28T15:00:00+00:00,DK1,solar,103.82,60
2023-09-28T16:00:00+00:00,DK1,solar,21.38,60
2023-09-28T17:00:00+00:00,DK1,solar,0.0,60
2023-09-28T18:00:00+00:00,DK1,solar,0.0,60
2023-09-28T19:00:00+00:00,DK1,solar,0.0,60
2023-09-28T20:00:00+00:00,DK1,solar,0.0,60
2023-09-28T21:00:00+00:00,DK1,solar,0.0,60
2023-09-28T22:00:00+00:00,DK1,solar,0.0,60
2023-09-28T23:00:00+00:00,DK1,solar,0.0,60
2023-09-29T00:00:00+00:00,DK1,solar,0.0,60
2023-09-29T01:00:00+00:00,DK1,solar,0.0,60
2023-09-29T02:00:00+00:00,DK1,solar,0.0,60
2023-09-29T03:00:00+00:00,DK1,solar,0.0,60
2023-09-29T04:00:00+00:00,DK1,solar,0.0,60
2023-09-29T05:00:00+00:00,DK1,solar,1.29,60
2023-09-29T06:00:00+00:00,DK1,solar,44.9,60
2023-09-29T07:00:00+00:00,DK1,solar,155.63,60
2023-09-29T08:00:00+00:00,DK1,solar,287.37,60
2023-09-29T09:00:00+00:00,DK1,solar,346.41,60
2023-09-29T10:00:00+00:00,DK1,solar,404.78,60
2023-09-29T11:00:00+00:00,DK1,solar,453.72,60
2023-09-29T12:00:00+00:00,DK1,solar,274.71,60
2023-09-29T13:00:00+00:00,DK1,solar,211.58,60
2023-09-29T14:00:00+00:00,DK1,solar,243.9,60
2023-09-29T15:00:00+00:00,DK1,solar,193.24,60
2023-09-29T16:00:00+00:00,DK1,solar,67.93,60
2023-09-29T17:00:00+00:00,DK1,solar,0.47,60
2023-09-29T18:00:00+00:00,DK1,solar,0.0,60
2023-09-29T19:00:00+00:00,DK1,solar,0.0,60
2023-09-29T20:00:00+00:00,DK1,solar,0.0,60
2023-09-29T21:00:00+00:00,DK1,solar,0.0,60
2023-09-29T22:00:00+00:00,DK1,solar,0.0,60
2023-09-29T23:00:00+00:00,DK1,solar,0.0,60
2023-09-30T00:00:00+00:00,DK1,solar,0.0,60
2023-09-30T01:00:00+00:00,DK1,solar,0.0,60
2023-09-30T02:00:00+00:00,DK1,solar,0.0,60
2023-09-30T03:00:00+00:00,DK1,solar,0.0,60
2023-09-30T04:00:00+00:00,DK1,solar,0.0,60
2023-09-30T05:00:00+00:00,DK1,solar,16.91,60
2023-09-30T06:00:00+00:00,DK1,solar,216.01,60
2023-09-30T07:00:00+00:00,DK1,solar,599.0,60
2023-09-30T08:00:00+00:00,DK1,solar,927.91,60
2023-09-30T09:00:00+00:00,DK1,solar,1121.12,60
2023-09-30T10:00:00+00:00,DK1,solar,1222.14,60
2023-09-30T11:00:00+00:00,DK1,solar,1143.54,60
2023-09-30T12:00:00+00:00,DK1,solar,842.58,60
2023-09-30T13:00:00+00:00,DK1,solar,672.99,60
2023-09-30T14:00:00+00:00,DK1,solar,483.54,60
2023-09-30T15:00:00+00:00,DK1,solar,213.89,60
2023-09-30T16:00:00+00:00,DK1,solar,42.94,60
2023-09-30T17:00:00+00:00,DK1,solar,0.1,60
2023-09-30T18:00:00+00:00,DK1,solar,0.0,60
2023-09-30T19:00:00+00:00,DK1,solar,0.0,60
2023-09-30T20:00:00+00:00,DK1,solar,0.0,60
2023-09-30T21:00:00+00:00,DK1,solar,0.0,60
2023-09-30T22:00:00+00:00,DK1,solar,0.0,60
2023-09-30T23:00:00+00:00,DK1,solar,0.0,60
2023-10-01T00:00:00+00:00,DK1,solar,0.0,60
2023-10-01T01:00:00+00:00,DK1,solar,0.0,60
2023-10-01T02:00:00+00:00,DK1,solar,0.0,60
2023-10-01T03:00:00+00:00,DK1,solar,0.0,60
2023-10-01T04:00:00+00:00,DK1,solar,0.0,60
2023-10-01T05:00:00+00:00,DK1,solar,13.77,60
2023-10-01T06:00:00+00:00,DK1,solar,148.25,60
2023-10-01T07:00:00+00:00,DK1,solar,294.69,60
2023-10-01T08:00:00+00:00,DK1,solar,383.63,60
2023-10-01T09:00:00+00:00,DK1,solar,408.85,60
2023-10-01T10:00:00+00:00,DK1,solar,349.52,60
2023-10-01T11:00:00+00:00,DK1,solar,247.78,60
2023-10-01T12:00:00+00:00,DK1,solar,252.89,60
2023-10-01T13:00:00+00:00,DK1,solar,239.61,60
2023-10-01T14:00:00+00:00,DK1,solar,165.01,60
2023-10-01T15:00:00+00:00,DK1,solar,84.16,60
2023-10-01T16:00:00+00:00,DK1,solar,14.32,60
2023-10-01T17:00:00+00:00,DK1,solar,0.0,60
2023-10-01T18:00:00+00:00,DK1,solar,0.0,60
2023-10-01T19:00:00+00:00,DK1,solar,0.0,60
2023-10-01T20:00:00+00:00,DK1,solar,0.0,60
2023-10-01T21:00:00+00:00,DK1,solar,0.0,60
2023-10-01T22:00:00+00:00,DK1,solar,0.0,60
2023-10-01T23:00:00+00:00,DK1,solar,0.0,60
2023-10-02T00:00:00+00:00,DK1,solar,0.0,60
2023-10-02T01:00:00+00:00,DK1,solar,0.0,60
2023-10-02T02:00:00+00:00,DK1,solar,0.0,60
2023-10-02T03:00:00+00:00,DK1,solar,0.0,60
2023-10-02T04:00:00+00:00,DK1,solar,0.0,60
2023-10-02T05:00:00+00:00,DK1,solar,2.47,60
2023-10-02T06:00:00+00:00,DK1,solar,67.62,60
2023-10-02T07:00:00+00:00,DK1,solar,177.93,60
2023-10-02T08:00:00+00:00,DK1,solar,360.3,60
2023-10-02T09:00:00+00:00,DK1,solar,491.07,60
2023-10-02T10:00:00+00:00,DK1,solar,480.79,60
2023-10-02T11:00:00+00:00,DK1,solar,427.29,60
2023-10-02T12:00:00+00:00,DK1,solar,483.35,60
2023-10-02T13:00:00+00:00,DK1,solar,353.44,60
2023-10-02T14:00:00+00:00,DK1,solar,362.14,60
2023-10-02T15:00:00+00:00,DK1,solar,222.47,60
2023-10-02T16:00:00+00:00,DK1,solar,45.43,60
2023-10-02T17:00:00+00:00,DK1,solar,0.0,60
2023-10-02T18:00:00+00:00,DK1,solar,0.0,60
2023-10-02T19:00:00+00:00,DK1,solar,0.0,60
2023-10-02T20:00:00+00:00,DK1,solar,0.0,60
2023-10-02T21:00:00+00:00,DK1,solar,0.0,60
2023-10-02T22:00:00+00:00,DK1,solar,0.0,60
2023-10-02T23:00:00+00:00,DK1,solar,0.0,60
2023-10-03T00:00:00+00:00,DK1,solar,0.0,60
2023-10-03T01:00:00+00:00,DK1,solar,0.0,60
2023-10-03T02:00:00+00:00,DK1,solar,0.0,60
2023-10-03T03:00:00+00:00,DK1,solar,0.0,60
2023-10-03T04:00:00+00:00,DK1,solar,0.0,60
2023-10-03T05:00:00+00:00,DK1,solar,1.06,60
2023-10-03T06:00:00+00:00,DK1,solar,44.28,60
2023-10-03T07:00:00+00:00,DK1,solar,80.16,60
2023-10-03T08:00:00+00:00,DK1,solar,83.89,60
2023-10-03T09:00:00+00:00,DK1,solar,126.54,60
2023-10-03T10:00:00+00:00,DK1,solar,276.06,60
2023-10-03T11:00:00+00:00,DK1,solar,426.6,60
2023-10-03T12:00:00+00:00,DK1,solar,474.03,60
2023-10-03T13:00:00+00:00,DK1,solar,521.82,60
2023-10-03T14:00:00+00:00,DK1,solar,469.86,60
2023-10-03T15:00:00+00:00,DK1,solar,210.76,60
2023-10-03T16:00:00+00:00,DK1,solar,36.13,60
2023-10-03T17:00:00+00:00,DK1,solar,0.0,60
2023-10-03T18:00:00+00:00,DK1,solar,0.0,60
2023-10-03T19:00:00+00:00,DK1,solar,0.0,60
2023-10-03T20:00:00+00:00,DK1,solar,0.0,60
2023-10-03T21:00:00+00:00,DK1,solar,0.0,60
2023-10-03T22:00:00+00:00,DK1,solar,0.0,60
2023-10-03T23:00:00+00:00,DK1,solar,0.0,60
2023-10-04T00:00:00+00:00,DK1,solar,0.0,60
2023-10-04T01:00:00+00:00,DK1,solar,0.0,60
2023-10-04T02:00:00+00:00,DK1,solar,0.0,60
2023-10-04T03:00:00+00:00,DK1,solar,0.0,60
2023-10-04T04:00:00+00:00,DK1,solar,0.0,60
2023-10-04T05:00:00+00:00,DK1,solar,8.31,60
2023-10-04T06:00:00+00:00,DK1,solar,148.6,60
2023-10-04T07:00:00+00:00,DK1,solar,464.42,60
2023-10-04T08:00:00+00:00,DK1,solar,860.75,60
2023-10-04T09:00:00+00:00,DK1,solar,1046.75,60
2023-10-04T10:00:00+00:00,DK1,solar,1074.43,60
2023-10-04T11:00:00+00:00,DK1,solar,915.05,60
2023-10-04T12:00:00+00:00,DK1,solar,730.82,60
2023-10-04T13:00:00+00:00,DK1,solar,418.57,60
2023-10-04T14:00:00+00:00,DK1,solar,255.26,60
2023-10-04T15:00:00+00:00,DK1,solar,118.88,60
2023-10-04T16:00:00+00:00,DK1,solar,18.53,60
2023-10-04T17:00:00+00:00,DK1,solar,0.0,60
2023-10-04T18:00:00+00:00,DK1,solar,0.0,60
2023-10-04T19:00:00+00:00,DK1,solar,0.0,60
2023-10-04T20:00:00+00:00,DK1,solar,0.0,60
2023-10-04T21:00:00+00:00,DK1,solar,0.0,60
2023-10-04T22:00:00+00:00,DK1,solar,0.0,60
2023-10-04T23:00:00+00:00,DK1,solar,0.0,60
2023-10-05T00:00:00+00:00,DK1,solar,0.0,60
2023-10-05T01:00:00+00:00,DK1,solar,0.0,60
2023-10-05T02:00:00+00:00,DK1,solar,0.0,60
2023-10-05T03:00:00+00:00,DK1,solar,0.0,60
2023-10-05T04:00:00+00:00,DK1,solar,0.0,60
2023-10-05T05:00:00+00:00,DK1,solar,6.94,60
2023-10-05T06:00:00+00:00,DK1,solar,166.55,60
2023-10-05T07:00:00+00:00,DK1,solar,529.96,60
2023-10-05T08:00:00+00:00,DK1,solar,925.64,60
2023-10-05T09:00:00+00:00,DK1,solar,1113.57,60
2023-10-05T10:00:00+00:00,DK1,solar,1173.66,60
2023-10-05T11:00:00+00:00,DK1,solar,1242.4,60
2023-10-05T12:00:00+00:00,DK1,solar,1260.82,60
2023-10-05T13:00:00+00:00,DK1,solar,1109.72,60
2023-10-05T14:00:00+00:00,DK1,solar,700.8,60
2023-10-05T15:00:00+00:00,DK1,solar,277.84,60
2023-10-05T16:00:00+00:00,DK1,solar,31.75,60
2023-10-05T17:00:00+00:00,DK1,solar,0.0,60
2023-10-05T18:00:00+00:00,DK1,solar,0.0,60
2023-10-05T19:00:00+00:00,DK1,solar,0.0,60
2023-10-05T20:00:00+00:00,DK1,solar,0.0,60
2023-10-05T21:00:00+00:00,DK1,solar,0.0,60
2023-10-05T22:00:00+00:00,DK1,solar,0.0,60
2023-10-05T23:00:00+00:00,DK1,solar,0.0,60
2023-10-06T00:00:00+00:00,DK1,solar,0.0,60
2023-10-06T01:00:00+00:00,DK1,solar,0.0,60
2023-10-06T02:00:00+00:00,DK1,solar,0.0,60
2023-10-06T03:00:00+00:00,DK1,solar,0.0,60
2023-10-06T04:00:00+00:00,DK1,solar,0.0,60
2023-10-06T05:00:00+00:00,DK1,solar,0.31,60
2023-10-06T06:00:00+00:00,DK1,solar,23.36,60
2023-10-06T07:00:00+00:00,DK1,solar,80.01,60
2023-10-06T08:00:00+00:00,DK1,solar,151.88,60
2023-10-06T09:00:00+00:00,DK1,solar,241.47,60
2023-10-06T10:00:00+00:00,DK1,solar,344.3,60
2023-10-06T11:00:00+00:00,DK1,solar,412.7,60
2023-10-06T12:00:00+00:00,DK1,solar,366.02,60
2023-10-06T13:00:00+00:00,DK1,solar,318.55,60
2023-10-06T14:00:00+00:00,DK1,solar,251.61,60
2023-10-06T15:00:00+00:00,DK1,solar,109.78,60
2023-10-06T16:00:00+00:00,DK1,solar,15.93,60
2023-10-06T17:00:00+00:00,DK1,solar,0.0,60
2023-10-06T18:00:00+00:00,DK1,solar,0.0,60
2023-10-06T19:00:00+00:00,DK1,solar,0.0,60
2023-10-06T20:00:00+00:00,DK1,solar,0.0,60
2023-10-06T21:00:00+00:00,DK1,solar,0.0,60
2023-10-06T22:00:00+00:00,DK1,solar,0.0,60
2023-10-06T23:00:00+00:00,DK1,solar,0.0,60
2023-10-07T00:00:00+00:00,DK1,solar,0.0,60
2023-10-07T01:00:00+00:00,DK1,solar,0.0,60
2023-10-07T02:00:00+00:00,DK1,solar,0.0,60
2023-10-07T03:00:00+00:00,DK1,solar,0.0,60
2023-10-07T04:00:00+00:00,DK1,solar,0.0,60
2023-10-07T05:00:00+00:00,DK1,solar,4.56,60
2023-10-07T06:00:00+00:00,DK1,solar,113.86,60
2023-10-07T07:00:00+00:00,DK1,solar,292.47,60
2023-10-07T08:00:00+00:00,DK1,solar,360.08,60
2023-10-07T09:00:00+00:00,DK1,solar,396.54,60
2023-10-07T10:00:00+00:00,DK1,solar,477.58,60
2023-10-07T11:00:00+00:00,DK1,solar,778.36,60
2023-10-07T12:00:00+00:00,DK1,solar,799.07,60
2023-10-07T13:00:00+00:00,DK1,solar,638.79,60
2023-10-07T14:00:00+00:00,DK1,solar,422.24,60
2023-10-07T15:00:00+00:00,DK1,solar,150.92,60
2023-10-07T16:00:00+00:00,DK1,solar,16.85,60
2023-10-07T17:00:00+00:00,DK1,solar,0.0,60
2023-10-07T18:00:00+00:00,DK1,solar,0.0,60
2023-10-07T19:00:00+00:00,DK1,solar,0.0,60
2023-10-07T20:00:00+00:00,DK1,solar,0.0,60
2023-10-07T21:00:00+00:00,DK1,solar,0.0,60
2023-10-07T22:00:00+00:00,DK1,solar,0.0,60
2023-10-07T23:00:00+00:00,DK1,solar,0.0,60
2023-10-08T00:00:00+00:00,DK1,solar,0.0,60
2023-10-08T01:00:00+00:00,DK1,solar,0.0,60
2023-10-08T02:00:00+00:00,DK1,solar,0.0,60
2023-10-08T03:00:00+00:00,DK1,solar,0.0,60
2023-10-08T04:00:00+00:00,DK1,solar,0.0,60
2023-10-08T05:00:00+00:00,DK1,solar,5.77,60
2023-10-08T06:00:00+00:00,DK1,solar,201.75,60
2023-10-08T07:00:00+00:00,DK1,solar,693.45,60
2023-10-08T08:00:00+00:00,DK1,solar,1088.99,60
2023-10-08T09:00:00+00:00,DK1,solar,1258.86,60
2023-10-08T10:00:00+00:00,DK1,solar,1246.17,60
2023-10-08T11:00:00+00:00,DK1,solar,974.18,60
2023-10-08T12:00:00+00:00,DK1,solar,754.7,60
2023-10-08T13:00:00+00:00,DK1,solar,575.75,60
2023-10-08T14:00:00+00:00,DK1,solar,476.34,60
2023-10-08T15:00:00+00:00,DK1,solar,260.02,60
2023-10-08T16:00:00+00:00,DK1,solar,20.98,60
2023-10-08T17:00:00+00:00,DK1,solar,0.0,60
2023-10-08T18:00:00+00:00,DK1,solar,0.0,60
2023-10-08T19:00:00+00:00,DK1,solar,0.0,60
2023-10-08T20:00:00+00:00,DK1,solar,0.0,60
2023-10-08T21:00:00+00:00,DK1,solar,0.0,60
2023-10-08T22:00:00+00:00,DK1,solar,0.0,60
2023-10-08T23:00:00+00:00,DK1,solar,0.0,60
2023-10-09T00:00:00+00:00,DK1,solar,0.0,60
2023-10-09T01:00:00+00:00,DK1,solar,0.0,60
2023-10-09T02:00:00+00:00,DK1,solar,0.0,60
2023-10-09T03:00:00+00:00,DK1,solar,0.0,60
2023-10-09T04:00:00+00:00,DK1,solar,0.0,60
2023-10-09T05:00:00+00:00,DK1,solar,0.72,60
2023-10-09T06:00:00+00:00,DK1,solar,49.7,60
2023-10-09T07:00:00+00:00,DK1,solar,166.08,60
2023-10-09T08:00:00+00:00,DK1,solar,466.62,60
2023-10-09T09:00:00+00:00,DK1,solar,634.3,60
2023-10-09T10:00:00+00:00,DK1,solar,669.18,60
2023-10-09T11:00:00+00:00,DK1,solar,690.69,60
2023-10-09T12:00:00+00:00,DK1,solar,562.88,60
2023-10-09T13:00:00+00:00,DK1,solar,487.26,60
2023-10-09T14:00:00+00:00,DK1,solar,350.28,60
2023-10-09T15:00:00+00:00,DK1,solar,131.16,60
2023-10-09T16:00:00+00:00,DK1,solar,10.47,60
2023-10-09T17:00:00+00:00,DK1,solar,0.0,60
2023-10-09T18:00:00+00:00,DK1,solar,0.0,60
2023-10-09T19:00:00+00:00,DK1,solar,0.0,60
2023-10-09T20:00:00+00:00,DK1,solar,0.0,60
2023-10-09T21:00:00+00:00,DK1,solar,0.0,60
2023-10-09T22:00:00+00:00,DK1,solar,0.0,60
2023-10-09T23:00:00+00:00,DK1,solar,0.0,60
2023-10-10T00:00:00+00:00,DK1,solar,0.0,60
2023-10-10T01:00:00+00:00,DK1,solar,0.0,60
2023-10-10T02:00:00+00:00,DK1,solar,0.0,60
2023-10-10T03:00:00+00:00,DK1,solar,0.0,60
2023-10-10T04:00:00+00:00,DK1,solar,0.0,60
2023-10-10T05:00:00+00:00,DK1,solar,1.68,60
2023-10-10T06:00:00+00:00,DK1,solar,81.99,60
2023-10-10T07:00:00+00:00,DK1,solar,213.26,60
2023-10-10T08:00:00+00:00,DK1,solar,299.95,60
2023-10-10T09:00:00+00:00,DK1,solar,267.23,60
2023-10-10T10:00:00+00:00,DK1,solar,273.13,60
2023-10-10T11:00:00+00:00,DK1,solar,245.37,60
2023-10-10T12:00:00+00:00,DK1,solar,192.99,60
2023-10-10T13:00:00+00:00,DK1,solar,159.0,60
2023-10-10T14:00:00+00:00,DK1,solar,102.72,60
2023-10-10T15:00:00+00:00,DK1,solar,44.11,60
2023-10-10T16:00:00+00:00,DK1,solar,4.39,60
2023-10-10T17:00:00+00:00,DK1,solar,0.0,60
2023-10-10T18:00:00+00:00,DK1,solar,0.0,60
2023-10-10T19:00:00+00:00,DK1,solar,0.0,60
2023-10-10T20:00:00+00:00,DK1,solar,0.0,60
2023-10-10T21:00:00+00:00,DK1,solar,0.0,60
2023-10-10T22:00:00+00:00,DK1,solar,0.0,60
2023-10-10T23:00:00+00:00,DK1,solar,0.0,60
2023-10-11T00:00:00+00:00,DK1,solar,0.0,60
2023-10-11T01:00:00+00:00,DK1,solar,0.0,60
2023-10-11T02:00:00+00:00,DK1,solar,0.0,60
2023-10-11T03:00:00+00:00,DK1,solar,0.0,60
2023-10-11T04:00:00+00:00,DK1,solar,0.0,60
2023-10-11T05:00:00+00:00,DK1,solar,0.0,60
2023-10-11T06:00:00+00:00,DK1,solar,32.48,60
2023-10-11T07:00:00+00:00,DK1,solar,110.37,60
2023-10-11T08:00:00+00:00,DK1,solar,181.82,60
2023-10-11T09:00:00+00:00,DK1,solar,235.07,60
2023-10-11T10:00:00+00:00,DK1,solar,363.77,60
2023-10-11T11:00:00+00:00,DK1,solar,581.02,60
2023-10-11T12:00:00+00:00,DK1,solar,646.9,60
2023-10-11T13:00:00+00:00,DK1,solar,575.06,60
2023-10-11T14:00:00+00:00,DK1,solar,311.81,60
2023-10-11T15:00:00+00:00,DK1,solar,113.46,60
2023-10-11T16:00:00+00:00,DK1,solar,10.75,60
2023-10-11T17:00:00+00:00,DK1,solar,0.0,60
2023-10-11T18:00:00+00:00,DK1,solar,0.0,60
2023-10-11T19:00:00+00:00,DK1,solar,0.0,60
2023-10-11T20:00:00+00:00,DK1,solar,0.0,60
2023-10-11T21:00:00+00:00,DK1,solar,0.0,60
2023-10-11T22:00:00+00:00,DK1,solar,0.0,60
2023-10-11T23:00:00+00:00,DK1,solar,0.0,60
2023-10-12T00:00:00+00:00,DK1,solar,0.0,60
2023-10-12T01:00:00+00:00,DK1,solar,0.0,60
2023-10-12T02:00:00+00:00,DK1,solar,0.0,60
2023-10-12T03:00:00+00:00,DK1,solar,0.0,60
2023-10-12T04:00:00+00:00,DK1,solar,0.0,60
2023-10-12T05:00:00+00:00,DK1,solar,0.69,60
2023-10-12T06:00:00+00:00,DK1,solar,101.05,60
2023-10-12T07:00:00+00:00,DK1,solar,377.23,60
2023-10-12T08:00:00+00:00,DK1,solar,673.29,60
2023-10-12T09:00:00+00:00,DK1,solar,970.72,60
2023-10-12T10:00:00+00:00,DK1,solar,1077.47,60
2023-10-12T11:00:00+00:00,DK1,solar,1000.74,60
2023-10-12T12:00:00+00:00,DK1,solar,1027.64,60
2023-10-12T13:00:00+00:00,DK1,solar,860.34,60
2023-10-12T14:00:00+00:00,DK1,solar,540.92,60
2023-10-12T15:00:00+00:00,DK1,solar,186.98,60
2023-10-12T16:00:00+00:00,DK1,solar,14.26,60
2023-10-12T17:00:00+00:00,DK1,solar,0.0,60
2023-10-12T18:00:00+00:00,DK1,solar,0.0,60
2023-10-12T19:00:00+00:00,DK1,solar,0.0,60
2023-10-12T20:00:00+00:00,DK1,solar,0.0,60
2023-10-12T21:00:00+00:00,DK1,solar,0.0,60
2023-10-12T22:00:00+00:00,DK1,solar,0.0,60
2023-10-12T23:00:00+00:00,DK1,solar,0.0,60
2023-10-13T00:00:00+00:00,DK1,solar,0.0,60
2023-10-13T01:00:00+00:00,DK1,solar,0.0,60
2023-10-13T02:00:00+00:00,DK1,solar,0.0,60
2023-10-13T03:00:00+00:00,DK1,solar,0.0,60
2023-10-13T04:00:00+00:00,DK1,solar,0.0,60
2023-10-13T05:00:00+00:00,DK1,solar,0.01,60
2023-10-13T06:00:00+00:00,DK1,solar,29.62,60
2023-10-13T07:00:00+00:00,DK1,solar,101.0,60
2023-10-13T08:00:00+00:00,DK1,solar,142.28,60
2023-10-13T09:00:00+00:00,DK1,solar,131.69,60
2023-10-13T10:00:00+00:00,DK1,solar,136.58,60
2023-10-13T11:00:00+00:00,DK1,solar,127.28,60
2023-10-13T12:00:00+00:00,DK1,solar,117.03,60
2023-10-13T13:00:00+00:00,DK1,solar,130.29,60
2023-10-13T14:00:00+00:00,DK1,solar,95.46,60
2023-10-13T15:00:00+00:00,DK1,solar,49.21,60
2023-10-13T16:00:00+00:00,DK1,solar,3.37,60
2023-10-13T17:00:00+00:00,DK1,solar,0.0,60
2023-10-13T18:00:00+00:00,DK1,solar,0.0,60
2023-10-13T19:00:00+00:00,DK1,solar,0.0,60
2023-10-13T20:00:00+00:00,DK1,solar,0.0,60
2023-10-13T21:00:00+00:00,DK1,solar,0.0,60
2023-10-13T22:00:00+00:00,DK1,solar,0.0,60
2023-10-13T23:00:00+00:00,DK1,solar,0.0,60
2023-10-14T00:00:00+00:00,DK1,solar,0.0,60
2023-10-14T01:00:00+00:00,DK1,solar,0.0,60
2023-10-14T02:00:00+00:00,DK1,solar,0.0,60
2023-10-14T03:00:00+00:00,DK1,solar,0.0,60
2023-10-14T04:00:00+00:00,DK1,solar,0.0,60
2023-10-14T05:00:00+00:00,DK1,solar,0.8,60
2023-10-14T06:00:00+00:00,DK1,solar,105.16,60
2023-10-14T07:00:00+00:00,DK1,solar,309.31,60
2023-10-14T08:00:00+00:00,DK1,solar,605.91,60
2023-10-14T09:00:00+00:00,DK1,solar,776.94,60
2023-10-14T10:00:00+00:00,DK1,solar,734.52,60
2023-10-14T11:00:00+00:00,DK1,solar,732.25,60
2023-10-14T12:00:00+00:00,DK1,solar,808.93,60
2023-10-14T13:00:00+00:00,DK1,solar,657.39,60
2023-10-14T14:00:00+00:00,DK1,solar,384.98,60
2023-10-14T15:00:00+00:00,DK1,solar,107.56,60
2023-10-14T16:00:00+00:00,DK1,solar,7.21,60
2023-10-14T17:00:00+00:00,DK1,solar,0.0,60
2023-10-14T18:00:00+00:00,DK1,solar,0.0,60
2023-10-14T19:00:00+00:00,DK1,solar,0.0,60
2023-10-14T20:00:00+00:00,DK1,solar,0.0,60
2023-10-14T21:00:00+00:00,DK1,solar,0.0,60
2023-10-14T22:00:00+00:00,DK1,solar,0.0,60
2023-10-14T23:00:00+00:00,DK1,solar,0.0,60
2023-10-15T00:00:00+00:00,DK1,solar,0.0,60
2023-10-15T01:00:00+00:00,DK1,solar,0.0,60
2023-10-15T02:00:00+00:00,DK1,solar,0.0,60
2023-10-15T03:00:00+00:00,DK1,solar,0.0,60
2023-10-15T04:00:00+00:00,DK1,solar,0.0,60
2023-10-15T05:00:00+00:00,DK1,solar,0.23,60
2023-10-15T06:00:00+00:00,DK1,solar,73.25,60
2023-10-15T07:00:00+00:00,DK1,solar,255.78,60
2023-10-15T08:00:00+00:00,DK1,solar,555.06,60
2023-10-15T09:00:00+00:00,DK1,solar,837.21,60
2023-10-15T10:00:00+00:00,DK1,solar,847.72,60
2023-10-15T11:00:00+00:00,DK1,solar,821.03,60
2023-10-15T12:00:00+00:00,DK1,solar,791.07,60
2023-10-15T13:00:00+00:00,DK1,solar,804.28,60
2023-10-15T14:00:00+00:00,DK1,solar,427.05,60
2023-10-15T15:00:00+00:00,DK1,solar,125.37,60
2023-10-15T16:00:00+00:00,DK1,solar,5.12,60
2023-10-15T17:00:00+00:00,DK1,solar,0.0,60
2023-10-15T18:00:00+00:00,DK1,solar,0.0,60
2023-10-15T19:00:00+00:00,DK1,solar,0.0,60
2023-10-15T20:00:00+00:00,DK1,solar,0.0,60
2023-10-15T21:00:00+00:00,DK1,solar,0.0,60
2023-10-15T22:00:00+00:00,DK1,solar,0.0,60
2023-10-15T23:00:00+00:00,DK1,solar,0.0,60
2023-10-16T00:00:00+00:00,DK1,solar,0.0,60
2023-10-16T01:00:00+00:00,DK1,solar,0.0,60
2023-10-16T02:00:00+00:00,DK1,solar,0.0,60
2023-10-16T03:00:00+00:00,DK1,solar,0.0,60
2023-10-16T04:00:00+00:00,DK1,solar,0.0,60
2023-10-16T05:00:00+00:00,DK1,solar,0.32,60
2023-10-16T06:00:00+00:00,DK1,solar,95.77,60
2023-10-16T07:00:00+00:00,DK1,solar,465.51,60
2023-10-16T08:00:00+00:00,DK1,solar,872.96,60
2023-10-16T09:00:00+00:00,DK1,solar,1155.34,60
2023-10-16T10:00:00+00:00,DK1,solar,1216.02,60
2023-10-16T11:00:00+00:00,DK1,solar,1068.13,60
2023-10-16T12:00:00+00:00,DK1,solar,1076.58,60
2023-10-16T13:00:00+00:00,DK1,solar,788.33,60
2023-10-16T14:00:00+00:00,DK1,solar,413.45,60
2023-10-16T15:00:00+00:00,DK1,solar,119.17,60
2023-10-16T16:00:00+00:00,DK1,solar,3.55,60
2023-10-16T17:00:00+00:00,DK1,solar,0.0,60
2023-10-16T18:00:00+00:00,DK1,solar,0.0,60
2023-10-16T19:00:00+00:00,DK1,solar,0.0,60
2023-10-16T20:00:00+00:00,DK1,solar,0.0,60
2023-10-16T21:00:00+00:00,DK1,solar,0.0,60
2023-10-16T22:00:00+00:00,DK1,solar,0.0,60
2023-10-16T23:00:00+00:00,DK1,solar,0.0,60
2023-10-17T00:00:00+00:00,DK1,solar,0.0,60
2023-10-17T01:00:00+00:00,DK1,solar,0.0,60
2023-10-17T02:00:00+00:00,DK1,solar,0.0,60
2023-10-17T03:00:00+00:00,DK1,solar,0.0,60
2023-10-17T04:00:00+00:00,DK1,solar,0.0,60
2023-10-17T05:00:00+00:00,DK1,solar,0.33,60
2023-10-17T06:00:00+00:00,DK1,solar,70.84,60
2023-10-17T07:00:00+00:00,DK1,solar,295.39,60
2023-10-17T08:00:00+00:00,DK1,solar,706.65,60
2023-10-17T09:00:00+00:00,DK1,solar,1000.21,60
2023-10-17T10:00:00+00:00,DK1,solar,1128.4,60
2023-10-17T11:00:00+00:00,DK1,solar,1059.62,60
2023-10-17T12:00:00+00:00,DK1,solar,966.28,60
2023-10-17T13:00:00+00:00,DK1,solar,757.16,60
2023-10-17T14:00:00+00:00,DK1,solar,494.11,60
2023-10-17T15:00:00+00:00,DK1,solar,146.75,60
2023-10-17T16:00:00+00:00,DK1,solar,4.07,60
2023-10-17T17:00:00+00:00,DK1,solar,0.0,60
2023-10-17T18:00:00+00:00,DK1,solar,0.0,60
2023-10-17T19:00:00+00:00,DK1,solar,0.0,60
2023-10-17T20:00:00+00:00,DK1,solar,0.0,60
2023-10-17T21:00:00+00:00,DK1,solar,0.0,60
2023-10-17T22:00:00+00:00,DK1,solar,0.0,60
2023-10-17T23:00:00+00:00,DK1,solar,0.0,60
2023-10-18T00:00:00+00:00,DK1,solar,0.0,60
2023-10-18T01:00:00+00:00,DK1,solar,0.0,60
2023-10-18T02:00:00+00:00,DK1,solar,0.0,60
2023-10-18T03:00:00+00:00,DK1,solar,0.0,60
2023-10-18T04:00:00+00:00,DK1,solar,0.0,60
2023-10-18T05:00:00+00:00,DK1,solar,0.36,60
2023-10-18T06:00:00+00:00,DK1,solar,59.61,60
2023-10-18T07:00:00+00:00,DK1,solar,275.12,60
2023-10-18T08:00:00+00:00,DK1,solar,577.25,60
2023-10-18T09:00:00+00:00,DK1,solar,832.64,60
2023-10-18T10:00:00+00:00,DK1,solar,892.41,60
2023-10-18T11:00:00+00:00,DK1,solar,928.95,60
2023-10-18T12:00:00+00:00,DK1,solar,874.96,60
2023-10-18T13:00:00+00:00,DK1,solar,803.68,60
2023-10-18T14:00:00+00:00,DK1,solar,409.8,60
2023-10-18T15:00:00+00:00,DK1,solar,116.41,60
2023-10-18T16:00:00+00:00,DK1,solar,8.33,60
2023-10-18T17:00:00+00:00,DK1,solar,6.55,60
2023-10-18T18:00:00+00:00,DK1,solar,6.56,60
2023-10-18T19:00:00+00:00,DK1,solar,6.55,60
2023-10-18T20:00:00+00:00,DK1,solar,6.54,60
2023-10-18T21:00:00+00:00,DK1,solar,6.54,60
2023-10-18T22:00:00+00:00,DK1,solar,6.57,60
2023-10-18T23:00:00+00:00,DK1,solar,6.57,60
2023-10-19T00:00:00+00:00,DK1,solar,6.54,60
2023-10-19T01:00:00+00:00,DK1,solar,6.55,60
2023-10-19T02:00:00+00:00,DK1,solar,6.53,60
2023-10-19T03:00:00+00:00,DK1,solar,6.54,60
2023-10-19T04:00:00+00:00,DK1,solar,6.5,60
2023-10-19T05:00:00+00:00,DK1,solar,6.48,60
2023-10-19T06:00:00+00:00,DK1,solar,16.15,60
2023-10-19T07:00:00+00:00,DK1,solar,61.54,60
2023-10-19T08:00:00+00:00,DK1,solar,113.32,60
2023-10-19T09:00:00+00:00,DK1,solar,142.24,60
2023-10-19T10:00:00+00:00,DK1,solar,167.44,60
2023-10-19T11:00:00+00:00,DK1,solar,211.79,60
2023-10-19T12:00:00+00:00,DK1,solar,213.67,60
2023-10-19T13:00:00+00:00,DK1,solar,143.99,60
2023-10-19T14:00:00+00:00,DK1,solar,73.5,60
2023-10-19T15:00:00+00:00,DK1,solar,26.09,60
2023-10-19T16:00:00+00:00,DK1,solar,6.54,60
2023-10-19T17:00:00+00:00,DK1,solar,6.56,60
2023-10-19T18:00:00+00:00,DK1,solar,6.55,60
2023-10-19T19:00:00+00:00,DK1,solar,6.54,60
2023-10-19T20:00:00+00:00,DK1,solar,6.52,60
2023-10-19T21:00:00+00:00,DK1,solar,6.54,60
2023-10-19T22:00:00+00:00,DK1,solar,6.52,60
2023-10-19T23:00:00+00:00,DK1,solar,6.53,60
2023-10-20T00:00:00+00:00,DK1,solar,6.53,60
2023-10-20T01:00:00+00:00,DK1,solar,6.53,60
2023-10-20T02:00:00+00:00,DK1,solar,6.51,60
2023-10-20T03:00:00+00:00,DK1,solar,6.5,60
2023-10-20T04:00:00+00:00,DK1,solar,6.48,60
2023-10-20T05:00:00+00:00,DK1,solar,6.51,60
2023-10-20T06:00:00+00:00,DK1,solar,25.78,60
2023-10-20T07:00:00+00:00,DK1,solar,117.29,60
2023-10-20T08:00:00+00:00,DK1,solar,200.64,60
2023-10-20T09:00:00+00:00,DK1,solar,264.92,60
2023-10-20T10:00:00+00:00,DK1,solar,287.36,60
2023-10-20T11:00:00+00:00,DK1,solar,274.31,60
2023-10-20T12:00:00+00:00,DK1,solar,217.91,60
2023-10-20T13:00:00+00:00,DK1,solar,180.5,60
2023-10-20T14:00:00+00:00,DK1,solar,90.82,60
2023-10-20T15:00:00+00:00,DK1,solar,23.85,60
2023-10-20T16:00:00+00:00,DK1,solar,6.44,60
2023-10-20T17:00:00+00:00,DK1,solar,6.53,60
2023-10-20T18:00:00+00:00,DK1,solar,6.54,60
2023-10-20T19:00:00+00:00,DK1,solar,6.54,60
2023-10-20T20:00:00+00:00,DK1,solar,6.53,60
2023-10-20T21:00:00+00:00,DK1,solar,6.54,60
2023-10-20T22:00:00+00:00,DK1,solar,6.53,60
2023-10-20T23:00:00+00:00,DK1,solar,6.53,60
2023-10-21T00:00:00+00:00,DK1,solar,6.51,60
2023-10-21T01:00:00+00:00,DK1,solar,6.55,60
2023-10-21T02:00:00+00:00,DK1,solar,6.55,60
2023-10-21T03:00:00+00:00,DK1,solar,6.56,60
2023-10-21T04:00:00+00:00,DK1,solar,6.56,60
2023-10-21T05:00:00+00:00,DK1,solar,6.56,60
2023-10-21T06:00:00+00:00,DK1,solar,10.06,60
2023-10-21T07:00:00+00:00,DK1,solar,45.11,60
2023-10-21T08:00:00+00:00,DK1,solar,107.3,60
2023-10-21T09:00:00+00:00,DK1,solar,137.43,60
2023-10-21T10:00:00+00:00,DK1,solar,165.06,60
2023-10-21T11:00:00+00:00,DK1,solar,170.39,60
2023-10-21T12:00:00+00:00,DK1,solar,141.6,60
2023-10-21T13:00:00+00:00,DK1,solar,94.61,60
2023-10-21T14:00:00+00:00,DK1,solar,53.21,60
2023-10-21T15:00:00+00:00,DK1,solar,16.03,60
2023-10-21T16:00:00+00:00,DK1,solar,6.44,60
2023-10-21T17:00:00+00:00,DK1,solar,6.51,60
2023-10-21T18:00:00+00:00,DK1,solar,6.53,60
2023-10-21T19:00:00+00:00,DK1,solar,6.55,60
2023-10-21T20:00:00+00:00,DK1,solar,6.56,60
2023-10-21T21:00:00+00:00,DK1,solar,6.56,60
2023-10-21T22:00:00+00:00,DK1,solar,6.52,60
2023-10-21T23:00:00+00:00,DK1,solar,6.55,60
2023-10-22T00:00:00+00:00,DK1,solar,6.54,60
2023-10-22T01:00:00+00:00,DK1,solar,6.54,60
2023-10-22T02:00:00+00:00,DK1,solar,6.54,60
2023-10-22T03:00:00+00:00,DK1,solar,6.54,60
2023-10-22T04:00:00+00:00,DK1,solar,6.53,60
2023-10-22T05:00:00+00:00,DK1,solar,6.53,60
2023-10-22T06:00:00+00:00,DK1,solar,46.77,60
2023-10-22T07:00:00+00:00,DK1,solar,134.3,60
2023-10-22T08:00:00+00:00,DK1,solar,192.96,60
2023-10-22T09:00:00+00:00,DK1,solar,235.12,60
2023-10-22T10:00:00+00:00,DK1,solar,243.32,60
2023-10-22T11:00:00+00:00,DK1,solar,249.39,60
2023-10-22T12:00:00+00:00,DK1,solar,197.27,60
2023-10-22T13:00:00+00:00,DK1,solar,127.13,60
2023-10-22T14:00:00+00:00,DK1,solar,79.74,60
2023-10-22T15:00:00+00:00,DK1,solar,30.34,60
2023-10-22T16:00:00+00:00,DK1,solar,6.62,60
2023-10-22T17:00:00+00:00,DK1,solar,6.56,60
2023-10-22T18:00:00+00:00,DK1,solar,6.56,60
2023-10-22T19:00:00+00:00,DK1,solar,6.54,60
2023-10-22T20:00:00+00:00,DK1,solar,6.52,60
2023-10-22T21:00:00+00:00,DK1,solar,6.55,60
2023-10-22T22:00:00+00:00,DK1,solar,6.51,60
2023-10-22T23:00:00+00:00,DK1,solar,6.51,60
2023-10-23T00:00:00+00:00,DK1,solar,6.51,60
2023-10-23T01:00:00+00:00,DK1,solar,6.52,60
2023-10-23T02:00:00+00:00,DK1,solar,6.5,60
2023-10-23T03:00:00+00:00,DK1,solar,6.53,60
2023-10-23T04:00:00+00:00,DK1,solar,6.53,60
2023-10-23T05:00:00+00:00,DK1,solar,6.53,60
2023-10-23T06:00:00+00:00,DK1,solar,25.56,60
2023-10-23T07:00:00+00:00,DK1,solar,172.14,60
2023-10-23T08:00:00+00:00,DK1,solar,436.32,60
2023-10-23T09:00:00+00:00,DK1,solar,592.05,60
2023-10-23T10:00:00+00:00,DK1,solar,610.81,60
2023-10-23T11:00:00+00:00,DK1,solar,568.68,60
2023-10-23T12:00:00+00:00,DK1,solar,534.97,60
2023-10-23T13:00:00+00:00,DK1,solar,342.71,60
2023-10-23T14:00:00+00:00,DK1,solar,163.78,60
2023-10-23T15:00:00+00:00,DK1,solar,42.2,60
2023-10-23T16:00:00+00:00,DK1,solar,6.48,60
2023-10-23T17:00:00+00:00,DK1,solar,6.53,60
2023-10-23T18:00:00+00:00,DK1,solar,6.54,60
2023-10-23T19:00:00+00:00,DK1,solar,6.53,60
2023-10-23T20:00:00+00:00,DK1,solar,6.53,60
2023-10-23T21:00:00+00:00,DK1,solar,6.54,60
2023-10-23T22:00:00+00:00,DK1,solar,6.55,60
2023-10-23T23:00:00+00:00,DK1,solar,6.55,60
2023-10-24T00:00:00+00:00,DK1,solar,6.55,60
2023-10-24T01:00:00+00:00,DK1,solar,6.56,60
2023-10-24T02:00:00+00:00,DK1,solar,6.55,60
2023-10-24T03:00:00+00:00,DK1,solar,6.56,60
2023-10-24T04:00:00+00:00,DK1,solar,6.51,60
2023-10-24T05:00:00+00:00,DK1,solar,6.45,60
2023-10-24T06:00:00+00:00,DK1,solar,19.62,60
2023-10-24T07:00:00+00:00,DK1,solar,128.5,60
2023-10-24T08:00:00+00:00,DK1,solar,224.95,60
2023-10-24T09:00:00+00:00,DK1,solar,206.18,60
2023-10-24T10:00:00+00:00,DK1,solar,171.42,60
2023-10-24T11:00:00+00:00,DK1,solar,129.84,60
2023-10-24T12:00:00+00:00,DK1,solar,76.45,60
2023-10-24T13:00:00+00:00,DK1,solar,60.9,60
2023-10-24T14:00:00+00:00,DK1,solar,37.88,60
2023-10-24T15:00:00+00:00,DK1,solar,4.24,60
2023-10-24T16:00:00+00:00,DK1,solar,0.0,60
2023-10-24T17:00:00+00:00,DK1,solar,0.0,60
2023-10-24T18:00:00+00:00,DK1,solar,0.0,60
2023-10-24T19:00:00+00:00,DK1,solar,0.0,60
2023-10-24T20:00:00+00:00,DK1,solar,0.0,60
2023-10-24T21:00:00+00:00,DK1,solar,0.0,60
2023-10-24T22:00:00+00:00,DK1,solar,0.0,60
2023-10-24T23:00:00+00:00,DK1,solar,0.0,60
2023-10-25T00:00:00+00:00,DK1,solar,0.0,60
2023-10-25T01:00:00+00:00,DK1,solar,0.0,60
2023-10-25T02:00:00+00:00,DK1,solar,0.0,60
2023-10-25T03:00:00+00:00,DK1,solar,0.0,60
2023-10-25T04:00:00+00:00,DK1,solar,0.0,60
2023-10-25T05:00:00+00:00,DK1,solar,0.0,60
2023-10-25T06:00:00+00:00,DK1,solar,11.12,60
2023-10-25T07:00:00+00:00,DK1,solar,43.34,60
2023-10-25T08:00:00+00:00,DK1,solar,93.44,60
2023-10-25T09:00:00+00:00,DK1,solar,122.99,60
2023-10-25T10:00:00+00:00,DK1,solar,223.58,60
2023-10-25T11:00:00+00:00,DK1,solar,330.45,60
2023-10-25T12:00:00+00:00,DK1,solar,307.95,60
2023-10-25T13:00:00+00:00,DK1,solar,189.32,60
2023-10-25T14:00:00+00:00,DK1,solar,106.08,60
2023-10-25T15:00:00+00:00,DK1,solar,19.76,60
2023-10-25T16:00:00+00:00,DK1,solar,0.0,60
2023-10-25T17:00:00+00:00,DK1,solar,0.0,60
2023-10-25T18:00:00+00:00,DK1,solar,0.0,60
2023-10-25T19:00:00+00:00,DK1,solar,0.0,60
2023-10-25T20:00:00+00:00,DK1,solar,0.0,60
2023-10-25T21:00:00+00:00,DK1,solar,0.0,60
2023-10-25T22:00:00+00:00,DK1,solar,0.0,60
2023-10-25T23:00:00+00:00,DK1,solar,0.0,60
2023-10-26T00:00:00+00:00,DK1,solar,0.0,60
2023-10-26T01:00:00+00:00,DK1,solar,0.0,60
2023-10-26T02:00:00+00:00,DK1,solar,0.0,60
2023-10-26T03:00:00+00:00,DK1,solar,0.0,60
2023-10-26T04:00:00+00:00,DK1,solar,0.0,60
2023-10-26T05:00:00+00:00,DK1,solar,0.0,60
2023-10-26T06:00:00+00:00,DK1,solar,1.44,60
2023-10-26T07:00:00+00:00,DK1,solar,37.9,60
2023-10-26T08:00:00+00:00,DK1,solar,110.98,60
2023-10-26T09:00:00+00:00,DK1,solar,179.2,60
2023-10-26T10:00:00+00:00,DK1,solar,204.8,60
2023-10-26T11:00:00+00:00,DK1,solar,222.63,60
2023-10-26T12:00:00+00:00,DK1,solar,189.9,60
2023-10-26T13:00:00+00:00,DK1,solar,127.84,60
2023-10-26T14:00:00+00:00,DK1,solar,63.75,60
2023-10-26T15:00:00+00:00,DK1,solar,9.84,60
2023-10-26T16:00:00+00:00,DK1,solar,0.0,60
2023-10-26T17:00:00+00:00,DK1,solar,0.0,60
2023-10-26T18:00:00+00:00,DK1,solar,21.53,60
2023-10-26T19:00:00+00:00,DK1,solar,21.52,60
2023-10-26T20:00:00+00:00,DK1,solar,21.53,60
2023-10-26T21:00:00+00:00,DK1,solar,3.08,60
2023-10-26T22:00:00+00:00,DK1,solar,0.0,60
2023-10-26T23:00:00+00:00,DK1,solar,0.0,60
2023-10-27T00:00:00+00:00,DK1,solar,0.0,60
2023-10-27T01:00:00+00:00,DK1,solar,0.0,60
2023-10-27T02:00:00+00:00,DK1,solar,0.0,60
2023-10-27T03:00:00+00:00,DK1,solar,0.0,60
2023-10-27T04:00:00+00:00,DK1,solar,0.0,60
2023-10-27T05:00:00+00:00,DK1,solar,0.0,60
2023-10-27T06:00:00+00:00,DK1,solar,2.45,60
2023-10-27T07:00:00+00:00,DK1,solar,54.21,60
2023-10-27T08:00:00+00:00,DK1,solar,130.82,60
2023-10-27T09:00:00+00:00,DK1,solar,209.13,60
2023-10-27T10:00:00+00:00,DK1,solar,251.67,60
2023-10-27T11:00:00+00:00,DK1,solar,254.84,60
2023-10-27T12:00:00+00:00,DK1,solar,226.38,60
2023-10-27T13:00:00+00:00,DK1,solar,131.16,60
2023-10-27T14:00:00+00:00,DK1,solar,53.07,60
2023-10-27T15:00:00+00:00,DK1,solar,7.74,60
2023-10-27T16:00:00+00:00,DK1,solar,0.0,60
2023-10-27T17:00:00+00:00,DK1,solar,0.0,60
2023-10-27T18:00:00+00:00,DK1,solar,0.0,60
2023-10-27T19:00:00+00:00,DK1,solar,0.0,60
2023-10-27T20:00:00+00:00,DK1,solar,0.0,60
2023-10-27T21:00:00+00:00,DK1,solar,0.0,60
2023-10-27T22:00:00+00:00,DK1,solar,0.0,60
2023-10-27T23:00:00+00:00,DK1,solar,0.0,60
2023-10-28T00:00:00+00:00,DK1,solar,0.0,60
2023-10-28T01:00:00+00:00,DK1,solar,0.0,60
2023-10-28T02:00:00+00:00,DK1,solar,0.0,60
2023-10-28T03:00:00+00:00,DK1,solar,0.0,60
2023-10-28T04:00:00+00:00,DK1,solar,0.0,60
2023-10-28T05:00:00+00:00,DK1,solar,0.0,60
2023-10-28T06:00:00+00:00,DK1,solar,2.57,60
2023-10-28T07:00:00+00:00,DK1,solar,43.68,60
2023-10-28T08:00:00+00:00,DK1,solar,121.87,60
2023-10-28T09:00:00+00:00,DK1,solar,205.58,60
2023-10-28T10:00:00+00:00,DK1,solar,256.67,60
2023-10-28T11:00:00+00:00,DK1,solar,241.54,60
2023-10-28T12:00:00+00:00,DK1,solar,184.04,60
2023-10-28T13:00:00+00:00,DK1,solar,109.44,60
2023-10-28T14:00:00+00:00,DK1,solar,54.4,60
2023-10-28T15:00:00+00:00,DK1,solar,5.46,60
2023-10-28T16:00:00+00:00,DK1,solar,0.0,60
2023-10-28T17:00:00+00:00,DK1,solar,0.0,60
2023-10-28T18:00:00+00:00,DK1,solar,0.0,60
2023-10-28T19:00:00+00:00,DK1,solar,0.0,60
2023-10-28T20:00:00+00:00,DK1,solar,0.0,60
2023-10-28T21:00:00+00:00,DK1,solar,0.0,60
2023-10-28T22:00:00+00:00,DK1,solar,0.0,60
2023-10-28T23:00:00+00:00,DK1,solar,0.0,60
2023-10-29T00:00:00+00:00,DK1,solar,0.0,60
2023-10-29T01:00:00+00:00,DK1,solar,0.14,60
2023-10-29T02:00:00+00:00,DK1,solar,0.0,60
2023-10-29T03:00:00+00:00,DK1,solar,0.0,60
2023-10-29T04:00:00+00:00,DK1,solar,0.0,60
2023-10-29T05:00:00+00:00,DK1,solar,0.0,60
2023-10-29T06:00:00+00:00,DK1,solar,0.0,60
2023-10-29T07:00:00+00:00,DK1,solar,6.71,60
2023-10-29T08:00:00+00:00,DK1,solar,39.05,60
2023-10-29T09:00:00+00:00,DK1,solar,111.8,60
2023-10-29T10:00:00+00:00,DK1,solar,143.99,60
2023-10-29T11:00:00+00:00,DK1,solar,307.17,60
2023-10-29T12:00:00+00:00,DK1,solar,356.27,60
2023-10-29T13:00:00+00:00,DK1,solar,270.24,60
2023-10-29T14:00:00+00:00,DK1,solar,112.49,60
2023-10-29T15:00:00+00:00,DK1,solar,26.7,60
2023-10-29T16:00:00+00:00,DK1,solar,0.0,60
2023-10-29T17:00:00+00:00,DK1,solar,0.0,60
2023-10-29T18:00:00+00:00,DK1,solar,0.0,60
2023-10-29T19:00:00+00:00,DK1,solar,0.0,60
2023-10-29T20:00:00+00:00,DK1,solar,0.0,60
2023-10-29T21:00:00+00:00,DK1,solar,0.0,60
2023-10-29T22:00:00+00:00,DK1,solar,0.12,60
2023-10-29T23:00:00+00:00,DK1,solar,0.04,60
2023-10-30T00:00:00+00:00,DK1,solar,0.0,60
2023-10-30T01:00:00+00:00,DK1,solar,0.0,60
2023-10-30T02:00:00+00:00,DK1,solar,0.0,60
2023-10-30T03:00:00+00:00,DK1,solar,0.0,60
2023-10-30T04:00:00+00:00,DK1,solar,0.0,60
2023-10-30T05:00:00+00:00,DK1,solar,0.0,60
2023-10-30T06:00:00+00:00,DK1,solar,9.2,60
2023-10-30T07:00:00+00:00,DK1,solar,120.18,60
2023-10-30T08:00:00+00:00,DK1,solar,323.79,60
2023-10-30T09:00:00+00:00,DK1,solar,480.42,60
2023-10-30T10:00:00+00:00,DK1,solar,546.36,60
2023-10-30T11:00:00+00:00,DK1,solar,592.93,60
2023-10-30T12:00:00+00:00,DK1,solar,509.74,60
2023-10-30T13:00:00+00:00,DK1,solar,418.39,60
2023-10-30T14:00:00+00:00,DK1,solar,213.55,60
2023-10-30T15:00:00+00:00,DK1,solar,26.12,60
2023-10-30T16:00:00+00:00,DK1,solar,0.0,60
2023-10-30T17:00:00+00:00,DK1,solar,0.0,60
2023-10-30T18:00:00+00:00,DK1,solar,0.0,60
2023-10-30T19:00:00+00:00,DK1,solar,0.0,60
2023-10-30T20:00:00+00:00,DK1,solar,0.0,60
2023-10-30T21:00:00+00:00,DK1,solar,0.0,60
2023-10-30T22:00:00+00:00,DK1,solar,0.0,60
2023-10-30T23:00:00+00:00,DK1,solar,0.0,60
2023-10-31T00:00:00+00:00,DK1,solar,0.0,60
2023-10-31T01:00:00+00:00,DK1,solar,0.0,60
2023-10-31T02:00:00+00:00,DK1,solar,0.0,60
2023-10-31T03:00:00+00:00,DK1,solar,0.0,60
2023-10-31T04:00:00+00:00,DK1,solar,0.0,60
2023-10-31T05:00:00+00:00,DK1,solar,0.0,60
2023-10-31T06:00:00+00:00,DK1,solar,1.14,60
2023-10-31T07:00:00+00:00,DK1,solar,42.65,60
2023-10-31T08:00:00+00:00,DK1,solar,110.33,60
2023-10-31T09:00:00+00:00,DK1,solar,172.67,60
2023-10-31T10:00:00+00:00,DK1,solar,217.74,60
2023-10-31T11:00:00+00:00,DK1,solar,252.38,60
2023-10-31T12:00:00+00:00,DK1,solar,375.29,60
2023-10-31T13:00:00+00:00,DK1,solar,361.62,60
2023-10-31T14:00:00+00:00,DK1,solar,208.35,60
2023-10-31T15:00:00+00:00,DK1,solar,33.7,60
2023-10-31T16:00:00+00:00,DK1,solar,0.0,60
2023-10-31T17:00:00+00:00,DK1,solar,0.0,60
2023-10-31T18:00:00+00:00,DK1,solar,0.0,60
2023-10-31T19:00:00+00:00,DK1,solar,0.0,60
2023-10-31T20:00:00+00:00,DK1,solar,0.0,60
2023-10-31T21:00:00+00:00,DK1,solar,0.0,60
2023-10-31T22:00:00+00:00,DK1,solar,0.0,60
2023-10-31T23:00:00+00:00,DK1,solar,0.0,60
2023-11-01T00:00:00+00:00,DK1,solar,0.0,60
2023-11-01T01:00:00+00:00,DK1,solar,0.0,60
2023-11-01T02:00:00+00:00,DK1,solar,0.0,60
2023-11-01T03:00:00+00:00,DK1,solar,0.0,60
2023-11-01T04:00:00+00:00,DK1,solar,0.0,60
2023-11-01T05:00:00+00:00,DK1,solar,0.0,60
2023-11-01T06:00:00+00:00,DK1,solar,10.72,60
2023-11-01T07:00:00+00:00,DK1,solar,117.83,60
2023-11-01T08:00:00+00:00,DK1,solar,201.05,60
2023-11-01T09:00:00+00:00,DK1,solar,245.43,60
2023-11-01T10:00:00+00:00,DK1,solar,282.46,60
2023-11-01T11:00:00+00:00,DK1,solar,257.33,60
2023-11-01T12:00:00+00:00,DK1,solar,175.44,60
2023-11-01T13:00:00+00:00,DK1,solar,93.94,60
2023-11-01T14:00:00+00:00,DK1,solar,32.72,60
2023-11-01T15:00:00+00:00,DK1,solar,3.58,60
2023-11-01T16:00:00+00:00,DK1,solar,0.45,60
2023-11-01T17:00:00+00:00,DK1,solar,0.0,60
2023-11-01T18:00:00+00:00,DK1,solar,0.0,60
2023-11-01T19:00:00+00:00,DK1,solar,0.0,60
2023-11-01T20:00:00+00:00,DK1,solar,0.0,60
2023-11-01T21:00:00+00:00,DK1,solar,0.0,60
2023-11-01T22:00:00+00:00,DK1,solar,0.0,60
2023-11-01T23:00:00+00:00,DK1,solar,0.0,60
2023-11-02T00:00:00+00:00,DK1,solar,0.0,60
2023-11-02T01:00:00+00:00,DK1,solar,0.0,60
2023-11-02T02:00:00+00:00,DK1,solar,0.0,60
2023-11-02T03:00:00+00:00,DK1,solar,0.0,60
2023-11-02T04:00:00+00:00,DK1,solar,0.0,60
2023-11-02T05:00:00+00:00,DK1,solar,0.0,60
2023-11-02T06:00:00+00:00,DK1,solar,7.18,60
2023-11-02T07:00:00+00:00,DK1,solar,112.79,60
2023-11-02T08:00:00+00:00,DK1,solar,193.06,60
2023-11-02T09:00:00+00:00,DK1,solar,256.75,60
2023-11-02T10:00:00+00:00,DK1,solar,238.05,60
2023-11-02T11:00:00+00:00,DK1,solar,163.47,60
2023-11-02T12:00:00+00:00,DK1,solar,122.03,60
2023-11-02T13:00:00+00:00,DK1,solar,140.47,60
2023-11-02T14:00:00+00:00,DK1,solar,147.77,60
2023-11-02T15:00:00+00:00,DK1,solar,30.66,60
2023-11-02T16:00:00+00:00,DK1,solar,0.0,60
2023-11-02T17:00:00+00:00,DK1,solar,0.0,60
2023-11-02T18:00:00+00:00,DK1,solar,0.0,60
2023-11-02T19:00:00+00:00,DK1,solar,0.0,60
2023-11-02T20:00:00+00:00,DK1,solar,0.0,60
2023-11-02T21:00:00+00:00,DK1,solar,0.0,60
2023-11-02T22:00:00+00:00,DK1,solar,0.0,60
2023-11-02T23:00:00+00:00,DK1,solar,0.0,60
2023-11-03T00:00:00+00:00,DK1,solar,0.0,60
2023-11-03T01:00:00+00:00,DK1,solar,0.0,60
2023-11-03T02:00:00+00:00,DK1,solar,0.0,60
2023-11-03T03:00:00+00:00,DK1,solar,0.0,60
2023-11-03T04:00:00+00:00,DK1,solar,0.0,60
2023-11-03T05:00:00+00:00,DK1,solar,0.0,60
2023-11-03T06:00:00+00:00,DK1,solar,2.43,60
2023-11-03T07:00:00+00:00,DK1,solar,69.4,60
2023-11-03T08:00:00+00:00,DK1,solar,166.78,60
2023-11-03T09:00:00+00:00,DK1,solar,252.63,60
2023-11-03T10:00:00+00:00,DK1,solar,266.45,60
2023-11-03T11:00:00+00:00,DK1,solar,218.18,60
2023-11-03T12:00:00+00:00,DK1,solar,175.27,60
2023-11-03T13:00:00+00:00,DK1,solar,137.54,60
2023-11-03T14:00:00+00:00,DK1,solar,80.1,60
2023-11-03T15:00:00+00:00,DK1,solar,9.72,60
2023-11-03T16:00:00+00:00,DK1,solar,0.0,60
2023-11-03T17:00:00+00:00,DK1,solar,0.0,60
2023-11-03T18:00:00+00:00,DK1,solar,0.0,60
2023-11-03T19:00:00+00:00,DK1,solar,0.0,60
2023-11-03T20:00:00+00:00,DK1,solar,0.0,60
2023-11-03T21:00:00+00:00,DK1,solar,0.0,60
2023-11-03T22:00:00+00:00,DK1,solar,0.0,60
2023-11-03T23:00:00+00:00,DK1,solar,0.0,60
2023-11-04T00:00:00+00:00,DK1,solar,0.0,60
2023-11-04T01:00:00+00:00,DK1,solar,0.0,60
2023-11-04T02:00:00+00:00,DK1,solar,0.0,60
2023-11-04T03:00:00+00:00,DK1,solar,0.0,60
2023-11-04T04:00:00+00:00,DK1,solar,0.0,60
2023-11-04T05:00:00+00:00,DK1,solar,0.0,60
2023-11-04T06:00:00+00:00,DK1,solar,0.79,60
2023-11-04T07:00:00+00:00,DK1,solar,42.99,60
2023-11-04T08:00:00+00:00,DK1,solar,129.21,60
2023-11-04T09:00:00+00:00,DK1,solar,208.42,60
2023-11-04T10:00:00+00:00,DK1,solar,188.05,60
2023-11-04T11:00:00+00:00,DK1,solar,177.47,60
2023-11-04T12:00:00+00:00,DK1,solar,151.13,60
2023-11-04T13:00:00+00:00,DK1,solar,110.6,60
2023-11-04T14:00:00+00:00,DK1,solar,45.23,60
2023-11-04T15:00:00+00:00,DK1,solar,5.37,60
2023-11-04T16:00:00+00:00,DK1,solar,0.0,60
2023-11-04T17:00:00+00:00,DK1,solar,0.0,60
2023-11-04T18:00:00+00:00,DK1,solar,0.0,60
2023-11-04T19:00:00+00:00,DK1,solar,0.0,60
2023-11-04T20:00:00+00:00,DK1,solar,0.0,60
2023-11-04T21:00:00+00:00,DK1,solar,0.0,60
2023-11-04T22:00:00+00:00,DK1,solar,0.0,60
2023-11-04T23:00:00+00:00,DK1,solar,0.0,60
2023-11-05T00:00:00+00:00,DK1,solar,0.0,60
2023-11-05T01:00:00+00:00,DK1,solar,0.0,60
2023-11-05T02:00:00+00:00,DK1,solar,0.0,60
2023-11-05T03:00:00+00:00,DK1,solar,0.0,60
2023-11-05T04:00:00+00:00,DK1,solar,0.0,60
2023-11-05T05:00:00+00:00,DK1,solar,0.0,60
2023-11-05T06:00:00+00:00,DK1,solar,0.23,60
2023-11-05T07:00:00+00:00,DK1,solar,27.46,60
2023-11-05T08:00:00+00:00,DK1,solar,112.24,60
2023-11-05T09:00:00+00:00,DK1,solar,184.83,60
2023-11-05T10:00:00+00:00,DK1,solar,242.08,60
2023-11-05T11:00:00+00:00,DK1,solar,247.32,60
2023-11-05T12:00:00+00:00,DK1,solar,191.54,60
2023-11-05T13:00:00+00:00,DK1,solar,132.24,60
2023-11-05T14:00:00+00:00,DK1,solar,61.94,60
2023-11-05T15:00:00+00:00,DK1,solar,4.37,60
2023-11-05T16:00:00+00:00,DK1,solar,0.0,60
2023-11-05T17:00:00+00:00,DK1,solar,0.0,60
2023-11-05T18:00:00+00:00,DK1,solar,0.0,60
2023-11-05T19:00:00+00:00,DK1,solar,0.0,60
2023-11-05T20:00:00+00:00,DK1,solar,0.0,60
2023-11-05T21:00:00+00:00,DK1,solar,0.0,60
2023-11-05T22:00:00+00:00,DK1,solar,0.0,60
2023-11-05T23:00:00+00:00,DK1,solar,0.0,60
2023-11-06T00:00:00+00:00,DK1,solar,0.0,60
2023-11-06T01:00:00+00:00,DK1,solar,0.0,60
2023-11-06T02:00:00+00:00,DK1,solar,0.0,60
2023-11-06T03:00:00+00:00,DK1,solar,0.0,60
2023-11-06T04:00:00+00:00,DK1,solar,0.0,60
2023-11-06T05:00:00+00:00,DK1,solar,0.0,60
2023-11-06T06:00:00+00:00,DK1,solar,1.74,60
2023-11-06T07:00:00+00:00,DK1,solar,79.56,60
2023-11-06T08:00:00+00:00,DK1,solar,262.58,60
2023-11-06T09:00:00+00:00,DK1,solar,459.82,60
2023-11-06T10:00:00+00:00,DK1,solar,577.66,60
2023-11-06T11:00:00+00:00,DK1,solar,587.37,60
2023-11-06T12:00:00+00:00,DK1,solar,477.57,60
2023-11-06T13:00:00+00:00,DK1,solar,309.13,60
2023-11-06T14:00:00+00:00,DK1,solar,130.7,60
2023-11-06T15:00:00+00:00,DK1,solar,17.6,60
2023-11-06T16:00:00+00:00,DK1,solar,6.49,60
2023-11-06T17:00:00+00:00,DK1,solar,6.51,60
2023-11-06T18:00:00+00:00,DK1,solar,6.52,60
2023-11-06T19:00:00+00:00,DK1,solar,6.52,60
2023-11-06T20:00:00+00:00,DK1,solar,6.52,60
2023-11-06T21:00:00+00:00,DK1,solar,6.51,60
2023-11-06T22:00:00+00:00,DK1,solar,6.5,60
2023-11-06T23:00:00+00:00,DK1,solar,6.48,60
2023-11-07T00:00:00+00:00,DK1,solar,6.51,60
2023-11-07T01:00:00+00:00,DK1,solar,6.49,60
2023-11-07T02:00:00+00:00,DK1,solar,6.51,60
2023-11-07T03:00:00+00:00,DK1,solar,6.51,60
2023-11-07T04:00:00+00:00,DK1,solar,6.5,60
2023-11-07T05:00:00+00:00,DK1,solar,6.52,60
2023-11-07T06:00:00+00:00,DK1,solar,9.35,60
2023-11-07T07:00:00+00:00,DK1,solar,108.71,60
2023-11-07T08:00:00+00:00,DK1,solar,293.23,60
2023-11-07T09:00:00+00:00,DK1,solar,390.81,60
2023-11-07T10:00:00+00:00,DK1,solar,488.54,60
2023-11-07T11:00:00+00:00,DK1,solar,439.1,60
2023-11-07T12:00:00+00:00,DK1,solar,361.13,60
2023-11-07T13:00:00+00:00,DK1,solar,248.77,60
2023-11-07T14:00:00+00:00,DK1,solar,60.62,60
2023-11-07T15:00:00+00:00,DK1,solar,6.93,60
2023-11-07T16:00:00+00:00,DK1,solar,0.0,60
2023-11-07T17:00:00+00:00,DK1,solar,0.0,60
2023-11-07T18:00:00+00:00,DK1,solar,0.0,60
2023-11-07T19:00:00+00:00,DK1,solar,0.0,60
2023-11-07T20:00:00+00:00,DK1,solar,0.0,60
2023-11-07T21:00:00+00:00,DK1,solar,0.0,60
2023-11-07T22:00:00+00:00,DK1,solar,0.0,60
2023-11-07T23:00:00+00:00,DK1,solar,0.0,60
2023-11-08T00:00:00+00:00,DK1,solar,0.0,60
2023-11-08T01:00:00+00:00,DK1,solar,0.0,60
2023-11-08T02:00:00+00:00,DK1,solar,0.0,60
2023-11-08T03:00:00+00:00,DK1,solar,0.0,60
2023-11-08T04:00:00+00:00,DK1,solar,0.0,60
2023-11-08T05:00:00+00:00,DK1,solar,0.0,60
2023-11-08T06:00:00+00:00,DK1,solar,0.91,60
2023-11-08T07:00:00+00:00,DK1,solar,85.18,60
2023-11-08T08:00:00+00:00,DK1,solar,266.56,60
2023-11-08T09:00:00+00:00,DK1,solar,478.28,60
2023-11-08T10:00:00+00:00,DK1,solar,687.61,60
2023-11-08T11:00:00+00:00,DK1,solar,626.37,60
2023-11-08T12:00:00+00:00,DK1,solar,540.25,60
2023-11-08T13:00:00+00:00,DK1,solar,281.41,60
2023-11-08T14:00:00+00:00,DK1,solar,96.34,60
2023-11-08T15:00:00+00:00,DK1,solar,4.04,60
2023-11-08T16:00:00+00:00,DK1,solar,0.0,60
2023-11-08T17:00:00+00:00,DK1,solar,0.0,60
2023-11-08T18:00:00+00:00,DK1,solar,0.0,60
2023-11-08T19:00:00+00:00,DK1,solar,0.0,60
2023-11-08T20:00:00+00:00,DK1,solar,0.0,60
2023-11-08T21:00:00+00:00,DK1,solar,0.0,60
2023-11-08T22:00:00+00:00,DK1,solar,0.0,60
2023-11-08T23:00:00+00:00,DK1,solar,0.0,60
2023-11-09T00:00:00+00:00,DK1,solar,0.0,60
2023-11-09T01:00:00+00:00,DK1,solar,0.0,60
2023-11-09T02:00:00+00:00,DK1,solar,0.0,60
2023-11-09T03:00:00+00:00,DK1,solar,0.0,60
2023-11-09T04:00:00+00:00,DK1,solar,0.0,60
2023-11-09T05:00:00+00:00,DK1,solar,0.0,60
2023-11-09T06:00:00+00:00,DK1,solar,0.04,60
2023-11-09T07:00:00+00:00,DK1,solar,20.6,60
2023-11-09T08:00:00+00:00,DK1,solar,76.3,60
2023-11-09T09:00:00+00:00,DK1,solar,120.47,60
2023-11-09T10:00:00+00:00,DK1,solar,187.13,60
2023-11-09T11:00:00+00:00,DK1,solar,245.32,60
2023-11-09T12:00:00+00:00,DK1,solar,241.39,60
2023-11-09T13:00:00+00:00,DK1,solar,227.19,60
2023-11-09T14:00:00+00:00,DK1,solar,94.73,60
2023-11-09T15:00:00+00:00,DK1,solar,4.98,60
2023-11-09T16:00:00+00:00,DK1,solar,0.0,60
2023-11-09T17:00:00+00:00,DK1,solar,0.0,60
2023-11-09T18:00:00+00:00,DK1,solar,0.0,60
2023-11-09T19:00:00+00:00,DK1,solar,0.0,60
2023-11-09T20:00:00+00:00,DK1,solar,0.0,60
2023-11-09T21:00:00+00:00,DK1,solar,0.0,60
2023-11-09T22:00:00+00:00,DK1,solar,0.0,60
2023-11-09T23:00:00+00:00,DK1,solar,0.0,60
2023-11-10T00:00:00+00:00,DK1,solar,0.0,60
2023-11-10T01:00:00+00:00,DK1,solar,0.0,60
2023-11-10T02:00:00+00:00,DK1,solar,0.0,60
2023-11-10T03:00:00+00:00,DK1,solar,0.0,60
2023-11-10T04:00:00+00:00,DK1,solar,0.0,60
2023-11-10T05:00:00+00:00,DK1,solar,0.0,60
2023-11-10T06:00:00+00:00,DK1,solar,0.0,60
2023-11-10T07:00:00+00:00,DK1,solar,25.7,60
2023-11-10T08:00:00+00:00,DK1,solar,148.2,60
2023-11-10T09:00:00+00:00,DK1,solar,253.51,60
2023-11-10T10:00:00+00:00,DK1,solar,350.53,60
2023-11-10T11:00:00+00:00,DK1,solar,381.5,60
2023-11-10T12:00:00+00:00,DK1,solar,351.92,60
2023-11-10T13:00:00+00:00,DK1,solar,214.72,60
2023-11-10T14:00:00+00:00,DK1,solar,81.6,60
2023-11-10T15:00:00+00:00,DK1,solar,3.9,60
2023-11-10T16:00:00+00:00,DK1,solar,0.0,60
2023-11-10T17:00:00+00:00,DK1,solar,0.0,60
2023-11-10T18:00:00+00:00,DK1,solar,0.0,60
2023-11-10T19:00:00+00:00,DK1,solar,0.0,60
2023-11-10T20:00:00+00:00,DK1,solar,0.0,60
2023-11-10T21:00:00+00:00,DK1,solar,0.0,60
2023-11-10T22:00:00+00:00,DK1,solar,0.0,60
2023-11-10T23:00:00+00:00,DK1,solar,0.0,60
2023-11-11T00:00:00+00:00,DK1,solar,0.0,60
2023-11-11T01:00:00+00:00,DK1,solar,0.0,60
2023-11-11T02:00:00+00:00,DK1,solar,0.0,60
2023-11-11T03:00:00+00:00,DK1,solar,0.0,60
2023-11-11T04:00:00+00:00,DK1,solar,0.0,60
2023-11-11T05:00:00+00:00,DK1,solar,0.0,60
2023-11-11T06:00:00+00:00,DK1,solar,0.06,60
2023-11-11T07:00:00+00:00,DK1,solar,36.2,60
2023-11-11T08:00:00+00:00,DK1,solar,132.65,60
2023-11-11T09:00:00+00:00,DK1,solar,239.84,60
2023-11-11T10:00:00+00:00,DK1,solar,326.65,60
2023-11-11T11:00:00+00:00,DK1,solar,272.95,60
2023-11-11T12:00:00+00:00,DK1,solar,218.97,60
2023-11-11T13:00:00+00:00,DK1,solar,176.75,60
2023-11-11T14:00:00+00:00,DK1,solar,80.19,60
2023-11-11T15:00:00+00:00,DK1,solar,3.57,60
2023-11-11T16:00:00+00:00,DK1,solar,0.0,60
2023-11-11T17:00:00+00:00,DK1,solar,0.0,60
2023-11-11T18:00:00+00:00,DK1,solar,0.0,60
2023-11-11T19:00:00+00:00,DK1,solar,0.0,60
2023-11-11T20:00:00+00:00,DK1,solar,0.0,60
2023-11-11T21:00:00+00:00,DK1,solar,0.0,60
2023-11-11T22:00:00+00:00,DK1,solar,0.0,60
2023-11-11T23:00:00+00:00,DK1,solar,0.0,60
2023-11-12T00:00:00+00:00,DK1,solar,0.0,60
2023-11-12T01:00:00+00:00,DK1,solar,0.0,60
2023-11-12T02:00:00+00:00,DK1,solar,0.0,60
2023-11-12T03:00:00+00:00,DK1,solar,0.0,60
2023-11-12T04:00:00+00:00,DK1,solar,0.0,60
2023-11-12T05:00:00+00:00,DK1,solar,0.0,60
2023-11-12T06:00:00+00:00,DK1,solar,0.21,60
2023-11-12T07:00:00+00:00,DK1,solar,21.81,60
2023-11-12T08:00:00+00:00,DK1,solar,106.44,60
2023-11-12T09:00:00+00:00,DK1,solar,219.82,60
2023-11-12T10:00:00+00:00,DK1,solar,305.93,60
2023-11-12T11:00:00+00:00,DK1,solar,382.95,60
2023-11-12T12:00:00+00:00,DK1,solar,330.01,60
2023-11-12T13:00:00+00:00,DK1,solar,211.74,60
2023-11-12T14:00:00+00:00,DK1,solar,81.49,60
2023-11-12T15:00:00+00:00,DK1,solar,5.76,60
2023-11-12T16:00:00+00:00,DK1,solar,0.0,60
2023-11-12T17:00:00+00:00,DK1,solar,0.0,60
2023-11-12T18:00:00+00:00,DK1,solar,0.0,60
2023-11-12T19:00:00+00:00,DK1,solar,0.0,60
2023-11-12T20:00:00+00:00,DK1,solar,0.0,60
2023-11-12T21:00:00+00:00,DK1,solar,0.0,60
2023-11-12T22:00:00+00:00,DK1,solar,0.0,60
2023-11-12T23:00:00+00:00,DK1,solar,0.0,60
2023-11-13T00:00:00+00:00,DK1,solar,0.0,60
2023-11-13T01:00:00+00:00,DK1,solar,0.0,60
2023-11-13T02:00:00+00:00,DK1,solar,0.0,60
2023-11-13T03:00:00+00:00,DK1,solar,0.0,60
2023-11-13T04:00:00+00:00,DK1,solar,0.0,60
2023-11-13T05:00:00+00:00,DK1,solar,0.0,60
2023-11-13T06:00:00+00:00,DK1,solar,0.04,60
2023-11-13T07:00:00+00:00,DK1,solar,24.95,60
2023-11-13T08:00:00+00:00,DK1,solar,135.4,60
2023-11-13T09:00:00+00:00,DK1,solar,267.92,60
2023-11-13T10:00:00+00:00,DK1,solar,299.56,60
2023-11-13T11:00:00+00:00,DK1,solar,343.0,60
2023-11-13T12:00:00+00:00,DK1,solar,343.25,60
2023-11-13T13:00:00+00:00,DK1,solar,116.98,60
2023-11-13T14:00:00+00:00,DK1,solar,22.15,60
2023-11-13T15:00:00+00:00,DK1,solar,0.05,60
2023-11-13T16:00:00+00:00,DK1,solar,0.0,60
2023-11-13T17:00:00+00:00,DK1,solar,0.0,60
2023-11-13T18:00:00+00:00,DK1,solar,0.0,60
2023-11-13T19:00:00+00:00,DK1,solar,0.0,60
2023-11-13T20:00:00+00:00,DK1,solar,0.0,60
2023-11-13T21:00:00+00:00,DK1,solar,0.0,60
2023-11-13T22:00:00+00:00,DK1,solar,0.0,60
2023-11-13T23:00:00+00:00,DK1,solar,0.0,60
2023-11-14T00:00:00+00:00,DK1,solar,0.0,60
2023-11-14T01:00:00+00:00,DK1,solar,0.0,60
2023-11-14T02:00:00+00:00,DK1,solar,0.0,60
2023-11-14T03:00:00+00:00,DK1,solar,0.0,60
2023-11-14T04:00:00+00:00,DK1,solar,0.0,60
2023-11-14T05:00:00+00:00,DK1,solar,0.0,60
2023-11-14T06:00:00+00:00,DK1,solar,0.0,60
2023-11-14T07:00:00+00:00,DK1,solar,14.44,60
2023-11-14T08:00:00+00:00,DK1,solar,66.49,60
2023-11-14T09:00:00+00:00,DK1,solar,113.13,60
2023-11-14T10:00:00+00:00,DK1,solar,166.56,60
2023-11-14T11:00:00+00:00,DK1,solar,170.81,60
2023-11-14T12:00:00+00:00,DK1,solar,124.31,60
2023-11-14T13:00:00+00:00,DK1,solar,50.66,60
2023-11-14T14:00:00+00:00,DK1,solar,16.53,60
2023-11-14T15:00:00+00:00,DK1,solar,0.69,60
2023-11-14T16:00:00+00:00,DK1,solar,0.0,60
2023-11-14T17:00:00+00:00,DK1,solar,0.0,60
2023-11-14T18:00:00+00:00,DK1,solar,0.0,60
2023-11-14T19:00:00+00:00,DK1,solar,0.0,60
2023-11-14T20:00:00+00:00,DK1,solar,0.0,60
2023-11-14T21:00:00+00:00,DK1,solar,0.0,60
2023-11-14T22:00:00+00:00,DK1,solar,0.0,60
2023-11-14T23:00:00+00:00,DK1,solar,0.0,60
2023-11-15T00:00:00+00:00,DK1,solar,0.0,60
2023-11-15T01:00:00+00:00,DK1,solar,0.0,60
2023-11-15T02:00:00+00:00,DK1,solar,0.0,60
2023-11-15T03:00:00+00:00,DK1,solar,0.0,60
2023-11-15T04:00:00+00:00,DK1,solar,0.0,60
2023-11-15T05:00:00+00:00,DK1,solar,0.0,60
2023-11-15T06:00:00+00:00,DK1,solar,0.0,60
2023-11-15T07:00:00+00:00,DK1,solar,21.52,60
2023-11-15T08:00:00+00:00,DK1,solar,119.86,60
2023-11-15T09:00:00+00:00,DK1,solar,226.79,60
2023-11-15T10:00:00+00:00,DK1,solar,256.92,60
2023-11-15T11:00:00+00:00,DK1,solar,207.83,60
2023-11-15T12:00:00+00:00,DK1,solar,125.47,60
2023-11-15T13:00:00+00:00,DK1,solar,78.66,60
2023-11-15T14:00:00+00:00,DK1,solar,27.33,60
2023-11-15T15:00:00+00:00,DK1,solar,0.56,60
2023-11-15T16:00:00+00:00,DK1,solar,0.0,60
2023-11-15T17:00:00+00:00,DK1,solar,0.0,60
2023-11-15T18:00:00+00:00,DK1,solar,0.0,60
2023-11-15T19:00:00+00:00,DK1,solar,0.0,60
2023-11-15T20:00:00+00:00,DK1,solar,0.0,60
2023-11-15T21:00:00+00:00,DK1,solar,0.0,60
2023-11-15T22:00:00+00:00,DK1,solar,0.0,60
2023-11-15T23:00:00+00:00,DK1,solar,0.0,60
2023-11-16T00:00:00+00:00,DK1,solar,0.0,60
2023-11-16T01:00:00+00:00,DK1,solar,0.0,60
2023-11-16T02:00:00+00:00,DK1,solar,0.0,60
2023-11-16T03:00:00+00:00,DK1,solar,0.0,60
2023-11-16T04:00:00+00:00,DK1,solar,0.0,60
2023-11-16T05:00:00+00:00,DK1,solar,0.0,60
2023-11-16T06:00:00+00:00,DK1,solar,0.0,60
2023-11-16T07:00:00+00:00,DK1,solar,11.21,60
2023-11-16T08:00:00+00:00,DK1,solar,91.08,60
2023-11-16T09:00:00+00:00,DK1,solar,183.3,60
2023-11-16T10:00:00+00:00,DK1,solar,172.07,60
2023-11-16T11:00:00+00:00,DK1,solar,184.15,60
2023-11-16T12:00:00+00:00,DK1,solar,135.14,60
2023-11-16T13:00:00+00:00,DK1,solar,85.12,60
2023-11-16T14:00:00+00:00,DK1,solar,40.32,60
2023-11-16T15:00:00+00:00,DK1,solar,0.68,60
2023-11-16T16:00:00+00:00,DK1,solar,0.0,60
2023-11-16T17:00:00+00:00,DK1,solar,0.0,60
2023-11-16T18:00:00+00:00,DK1,solar,0.0,60
2023-11-16T19:00:00+00:00,DK1,solar,0.0,60
2023-11-16T20:00:00+00:00,DK1,solar,0.0,60
2023-11-16T21:00:00+00:00,DK1,solar,0.0,60
2023-11-16T22:00:00+00:00,DK1,solar,0.0,60
2023-11-16T23:00:00+00:00,DK1,solar,0.0,60
2023-11-17T00:00:00+00:00,DK1,solar,0.0,60
2023-11-17T01:00:00+00:00,DK1,solar,0.0,60
2023-11-17T02:00:00+00:00,DK1,solar,0.0,60
2023-11-17T03:00:00+00:00,DK1,solar,0.0,60
2023-11-17T04:00:00+00:00,DK1,solar,0.0,60
2023-11-17T05:00:00+00:00,DK1,solar,0.0,60
2023-11-17T06:00:00+00:00,DK1,solar,0.0,60
2023-11-17T07:00:00+00:00,DK1,solar,16.1,60
2023-11-17T08:00:00+00:00,DK1,solar,79.86,60
2023-11-17T09:00:00+00:00,DK1,solar,167.14,60
2023-11-17T10:00:00+00:00,DK1,solar,214.32,60
2023-11-17T11:00:00+00:00,DK1,solar,240.61,60
2023-11-17T12:00:00+00:00,DK1,solar,192.34,60
2023-11-17T13:00:00+00:00,DK1,solar,120.46,60
2023-11-17T14:00:00+00:00,DK1,solar,42.94,60
2023-11-17T15:00:00+00:00,DK1,solar,0.81,60
2023-11-17T16:00:00+00:00,DK1,solar,0.0,60
2023-11-17T17:00:00+00:00,DK1,solar,0.0,60
2023-11-17T18:00:00+00:00,DK1,solar,0.0,60
2023-11-17T19:00:00+00:00,DK1,solar,0.0,60
2023-11-17T20:00:00+00:00,DK1,solar,0.0,60
2023-11-17T21:00:00+00:00,DK1,solar,0.0,60
2023-11-17T22:00:00+00:00,DK1,solar,0.0,60
2023-11-17T23:00:00+00:00,DK1,solar,0.0,60
2023-11-18T00:00:00+00:00,DK1,solar,0.0,60
2023-11-18T01:00:00+00:00,DK1,solar,0.0,60
2023-11-18T02:00:00+00:00,DK1,solar,0.0,60
2023-11-18T03:00:00+00:00,DK1,solar,0.0,60
2023-11-18T04:00:00+00:00,DK1,solar,0.0,60
2023-11-18T05:00:00+00:00,DK1,solar,0.0,60
2023-11-18T06:00:00+00:00,DK1,solar,0.52,60
2023-11-18T07:00:00+00:00,DK1,solar,47.13,60
2023-11-18T08:00:00+00:00,DK1,solar,171.14,60
2023-11-18T09:00:00+00:00,DK1,solar,349.83,60
2023-11-18T10:00:00+00:00,DK1,solar,523.94,60
2023-11-18T11:00:00+00:00,DK1,solar,476.45,60
2023-11-18T12:00:00+00:00,DK1,solar,305.9,60
2023-11-18T13:00:00+00:00,DK1,solar,194.27,60
2023-11-18T14:00:00+00:00,DK1,solar,39.25,60
2023-11-18T15:00:00+00:00,DK1,solar,0.18,60
2023-11-18T16:00:00+00:00,DK1,solar,0.0,60
2023-11-18T17:00:00+00:00,DK1,solar,0.0,60
2023-11-18T18:00:00+00:00,DK1,solar,0.0,60
2023-11-18T19:00:00+00:00,DK1,solar,0.0,60
2023-11-18T20:00:00+00:00,DK1,solar,0.0,60
2023-11-18T21:00:00+00:00,DK1,solar,0.0,60
2023-11-18T22:00:00+00:00,DK1,solar,0.0,60
2023-11-18T23:00:00+00:00,DK1,solar,0.0,60
2023-11-19T00:00:00+00:00,DK1,solar,0.0,60
2023-11-19T01:00:00+00:00,DK1,solar,0.0,60
2023-11-19T02:00:00+00:00,DK1,solar,0.0,60
2023-11-19T03:00:00+00:00,DK1,solar,0.0,60
2023-11-19T04:00:00+00:00,DK1,solar,0.0,60
2023-11-19T05:00:00+00:00,DK1,solar,0.0,60
2023-11-19T06:00:00+00:00,DK1,solar,0.0,60
2023-11-19T07:00:00+00:00,DK1,solar,2.64,60
2023-11-19T08:00:00+00:00,DK1,solar,21.39,60
2023-11-19T09:00:00+00:00,DK1,solar,60.09,60
2023-11-19T10:00:00+00:00,DK1,solar,105.77,60
2023-11-19T11:00:00+00:00,DK1,solar,116.45,60
2023-11-19T12:00:00+00:00,DK1,solar,92.25,60
2023-11-19T13:00:00+00:00,DK1,solar,58.64,60
2023-11-19T14:00:00+00:00,DK1,solar,19.27,60
2023-11-19T15:00:00+00:00,DK1,solar,0.19,60
2023-11-19T16:00:00+00:00,DK1,solar,0.0,60
2023-11-19T17:00:00+00:00,DK1,solar,0.0,60
2023-11-19T18:00:00+00:00,DK1,solar,0.0,60
2023-11-19T19:00:00+00:00,DK1,solar,0.0,60
2023-11-19T20:00:00+00:00,DK1,solar,0.0,60
2023-11-19T21:00:00+00:00,DK1,solar,0.0,60
2023-11-19T22:00:00+00:00,DK1,solar,0.0,60
2023-11-19T23:00:00+00:00,DK1,solar,0.0,60
2023-11-20T00:00:00+00:00,DK1,solar,0.0,60
2023-11-20T01:00:00+00:00,DK1,solar,0.0,60
2023-11-20T02:00:00+00:00,DK1,solar,0.0,60
2023-11-20T03:00:00+00:00,DK1,solar,0.0,60
2023-11-20T04:00:00+00:00,DK1,solar,0.0,60
2023-11-20T05:00:00+00:00,DK1,solar,0.0,60
2023-11-20T06:00:00+00:00,DK1,solar,0.0,60
2023-11-20T07:00:00+00:00,DK1,solar,7.12,60
2023-11-20T08:00:00+00:00,DK1,solar,55.99,60
2023-11-20T09:00:00+00:00,DK1,solar,97.65,60
2023-11-20T10:00:00+00:00,DK1,solar,140.98,60
2023-11-20T11:00:00+00:00,DK1,solar,136.91,60
2023-11-20T12:00:00+00:00,DK1,solar,110.69,60
2023-11-20T13:00:00+00:00,DK1,solar,65.82,60
2023-11-20T14:00:00+00:00,DK1,solar,12.42,60
2023-11-20T15:00:00+00:00,DK1,solar,0.01,60
2023-11-20T16:00:00+00:00,DK1,solar,0.0,60
2023-11-20T17:00:00+00:00,DK1,solar,0.0,60
2023-11-20T18:00:00+00:00,DK1,solar,0.0,60
2023-11-20T19:00:00+00:00,DK1,solar,0.0,60
2023-11-20T20:00:00+00:00,DK1,solar,0.0,60
2023-11-20T21:00:00+00:00,DK1,solar,0.0,60
2023-11-20T22:00:00+00:00,DK1,solar,0.0,60
2023-11-20T23:00:00+00:00,DK1,solar,0.0,60
2023-11-21T00:00:00+00:00,DK1,solar,0.0,60
2023-11-21T01:00:00+00:00,DK1,solar,0.0,60
2023-11-21T02:00:00+00:00,DK1,solar,0.0,60
2023-11-21T03:00:00+00:00,DK1,solar,0.0,60
2023-11-21T04:00:00+00:00,DK1,solar,0.0,60
2023-11-21T05:00:00+00:00,DK1,solar,0.0,60
2023-11-21T06:00:00+00:00,DK1,solar,0.0,60
2023-11-21T07:00:00+00:00,DK1,solar,9.32,60
2023-11-21T08:00:00+00:00,DK1,solar,76.3,60
2023-11-21T09:00:00+00:00,DK1,solar,168.25,60
2023-11-21T10:00:00+00:00,DK1,solar,245.13,60
2023-11-21T11:00:00+00:00,DK1,solar,275.53,60
2023-11-21T12:00:00+00:00,DK1,solar,274.86,60
2023-11-21T13:00:00+00:00,DK1,solar,184.19,60
2023-11-21T14:00:00+00:00,DK1,solar,44.02,60
2023-11-21T15:00:00+00:00,DK1,solar,0.6,60
2023-11-21T16:00:00+00:00,DK1,solar,0.0,60
2023-11-21T17:00:00+00:00,DK1,solar,0.0,60
2023-11-21T18:00:00+00:00,DK1,solar,0.0,60
2023-11-21T19:00:00+00:00,DK1,solar,0.0,60
2023-11-21T20:00:00+00:00,DK1,solar,0.0,60
2023-11-21T21:00:00+00:00,DK1,solar,0.0,60
2023-11-21T22:00:00+00:00,DK1,solar,0.0,60
2023-11-21T23:00:00+00:00,DK1,solar,0.0,60
2023-11-22T00:00:00+00:00,DK1,solar,0.0,60
2023-11-22T01:00:00+00:00,DK1,solar,0.0,60
2023-11-22T02:00:00+00:00,DK1,solar,0.0,60
2023-11-22T03:00:00+00:00,DK1,solar,0.0,60
2023-11-22T04:00:00+00:00,DK1,solar,0.0,60
2023-11-22T05:00:00+00:00,DK1,solar,0.0,60
2023-11-22T06:00:00+00:00,DK1,solar,0.0,60
2023-11-22T07:00:00+00:00,DK1,solar,3.85,60
2023-11-22T08:00:00+00:00,DK1,solar,35.0,60
2023-11-22T09:00:00+00:00,DK1,solar,75.02,60
2023-11-22T10:00:00+00:00,DK1,solar,106.7,60
2023-11-22T11:00:00+00:00,DK1,solar,82.26,60
2023-11-22T12:00:00+00:00,DK1,solar,63.23,60
2023-11-22T13:00:00+00:00,DK1,solar,40.1,60
2023-11-22T14:00:00+00:00,DK1,solar,11.12,60
2023-11-22T15:00:00+00:00,DK1,solar,0.0,60
2023-11-22T16:00:00+00:00,DK1,solar,0.0,60
2023-11-22T17:00:00+00:00,DK1,solar,0.0,60
2023-11-22T18:00:00+00:00,DK1,solar,0.0,60
2023-11-22T19:00:00+00:00,DK1,solar,0.0,60
2023-11-22T20:00:00+00:00,DK1,solar,0.0,60
2023-11-22T21:00:00+00:00,DK1,solar,0.0,60
2023-11-22T22:00:00+00:00,DK1,solar,0.0,60
2023-11-22T23:00:00+00:00,DK1,solar,0.0,60
2023-11-23T00:00:00+00:00,DK1,solar,0.0,60
2023-11-23T01:00:00+00:00,DK1,solar,0.0,60
2023-11-23T02:00:00+00:00,DK1,solar,0.0,60
2023-11-23T03:00:00+00:00,DK1,solar,0.0,60
2023-11-23T04:00:00+00:00,DK1,solar,0.0,60
2023-11-23T05:00:00+00:00,DK1,solar,0.0,60
2023-11-23T06:00:00+00:00,DK1,solar,0.0,60
2023-11-23T07:00:00+00:00,DK1,solar,6.77,60
2023-11-23T08:00:00+00:00,DK1,solar,50.35,60
2023-11-23T09:00:00+00:00,DK1,solar,98.0,60
2023-11-23T10:00:00+00:00,DK1,solar,139.28,60
2023-11-23T11:00:00+00:00,DK1,solar,170.83,60
2023-11-23T12:00:00+00:00,DK1,solar,152.91,60
2023-11-23T13:00:00+00:00,DK1,solar,96.24,60
2023-11-23T14:00:00+00:00,DK1,solar,28.63,60
2023-11-23T15:00:00+00:00,DK1,solar,0.02,60
2023-11-23T16:00:00+00:00,DK1,solar,0.0,60
2023-11-23T17:00:00+00:00,DK1,solar,0.0,60
2023-11-23T18:00:00+00:00,DK1,solar,0.0,60
2023-11-23T19:00:00+00:00,DK1,solar,0.0,60
2023-11-23T20:00:00+00:00,DK1,solar,0.0,60
2023-11-23T21:00:00+00:00,DK1,solar,0.0,60
2023-11-23T22:00:00+00:00,DK1,solar,0.0,60
2023-11-23T23:00:00+00:00,DK1,solar,0.0,60
2023-11-24T00:00:00+00:00,DK1,solar,0.0,60
2023-11-24T01:00:00+00:00,DK1,solar,0.0,60
2023-11-24T02:00:00+00:00,DK1,solar,0.0,60
2023-11-24T03:00:00+00:00,DK1,solar,0.0,60
2023-11-24T04:00:00+00:00,DK1,solar,0.0,60
2023-11-24T05:00:00+00:00,DK1,solar,0.0,60
2023-11-24T06:00:00+00:00,DK1,solar,0.0,60
2023-11-24T07:00:00+00:00,DK1,solar,16.02,60
2023-11-24T08:00:00+00:00,DK1,solar,148.62,60
2023-11-24T09:00:00+00:00,DK1,solar,319.73,60
2023-11-24T10:00:00+00:00,DK1,solar,348.28,60
2023-11-24T11:00:00+00:00,DK1,solar,322.47,60
2023-11-24T12:00:00+00:00,DK1,solar,263.51,60
2023-11-24T13:00:00+00:00,DK1,solar,183.96,60
2023-11-24T14:00:00+00:00,DK1,solar,44.62,60
2023-11-24T15:00:00+00:00,DK1,solar,0.32,60
2023-11-24T16:00:00+00:00,DK1,solar,0.0,60
2023-11-24T17:00:00+00:00,DK1,solar,0.0,60
2023-11-24T18:00:00+00:00,DK1,solar,0.0,60
2023-11-24T19:00:00+00:00,DK1,solar,0.0,60
2023-11-24T20:00:00+00:00,DK1,solar,0.0,60
2023-11-24T21:00:00+00:00,DK1,solar,0.0,60
2023-11-24T22:00:00+00:00,DK1,solar,0.0,60
2023-11-24T23:00:00+00:00,DK1,solar,0.0,60
2023-11-25T00:00:00+00:00,DK1,solar,0.0,60
2023-11-25T01:00:00+00:00,DK1,solar,0.0,60
2023-11-25T02:00:00+00:00,DK1,solar,0.0,60
2023-11-25T03:00:00+00:00,DK1,solar,0.0,60
2023-11-25T04:00:00+00:00,DK1,solar,0.0,60
2023-11-25T05:00:00+00:00,DK1,solar,0.0,60
2023-11-25T06:00:00+00:00,DK1,solar,0.0,60
2023-11-25T07:00:00+00:00,DK1,solar,23.2,60
2023-11-25T08:00:00+00:00,DK1,solar,197.35,60
2023-11-25T09:00:00+00:00,DK1,solar,467.11,60
2023-11-25T10:00:00+00:00,DK1,solar,612.39,60
2023-11-25T11:00:00+00:00,DK1,solar,555.43,60
2023-11-25T12:00:00+00:00,DK1,solar,407.62,60
2023-11-25T13:00:00+00:00,DK1,solar,265.71,60
2023-11-25T14:00:00+00:00,DK1,solar,70.13,60
2023-11-25T15:00:00+00:00,DK1,solar,0.45,60
2023-11-25T16:00:00+00:00,DK1,solar,0.0,60
2023-11-25T17:00:00+00:00,DK1,solar,0.0,60
2023-11-25T18:00:00+00:00,DK1,solar,0.0,60
2023-11-25T19:00:00+00:00,DK1,solar,0.0,60
2023-11-25T20:00:00+00:00,DK1,solar,0.0,60
2023-11-25T21:00:00+00:00,DK1,solar,0.0,60
2023-11-25T22:00:00+00:00,DK1,solar,0.0,60
2023-11-25T23:00:00+00:00,DK1,solar,0.0,60
2023-11-26T00:00:00+00:00,DK1,solar,0.0,60
2023-11-26T01:00:00+00:00,DK1,solar,0.0,60
2023-11-26T02:00:00+00:00,DK1,solar,0.0,60
2023-11-26T03:00:00+00:00,DK1,solar,0.0,60
2023-11-26T04:00:00+00:00,DK1,solar,0.0,60
2023-11-26T05:00:00+00:00,DK1,solar,0.0,60
2023-11-26T06:00:00+00:00,DK1,solar,0.0,60
2023-11-26T07:00:00+00:00,DK1,solar,18.02,60
2023-11-26T08:00:00+00:00,DK1,solar,97.41,60
2023-11-26T09:00:00+00:00,DK1,solar,158.28,60
2023-11-26T10:00:00+00:00,DK1,solar,172.43,60
2023-11-26T11:00:00+00:00,DK1,solar,167.7,60
2023-11-26T12:00:00+00:00,DK1,solar,141.23,60
2023-11-26T13:00:00+00:00,DK1,solar,72.77,60
2023-11-26T14:00:00+00:00,DK1,solar,15.05,60
2023-11-26T15:00:00+00:00,DK1,solar,0.0,60
2023-11-26T16:00:00+00:00,DK1,solar,0.0,60
2023-11-26T17:00:00+00:00,DK1,solar,0.0,60
2023-11-26T18:00:00+00:00,DK1,solar,0.0,60
2023-11-26T19:00:00+00:00,DK1,solar,0.0,60
2023-11-26T20:00:00+00:00,DK1,solar,0.0,60
2023-11-26T21:00:00+00:00,DK1,solar,0.0,60
2023-11-26T22:00:00+00:00,DK1,solar,0.0,60
2023-11-26T23:00:00+00:00,DK1,solar,0.0,60
2023-11-27T00:00:00+00:00,DK1,solar,0.0,60
2023-11-27T01:00:00+00:00,DK1,solar,0.0,60
2023-11-27T02:00:00+00:00,DK1,solar,0.0,60
2023-11-27T03:00:00+00:00,DK1,solar,0.0,60
2023-11-27T04:00:00+00:00,DK1,solar,0.0,60
2023-11-27T05:00:00+00:00,DK1,solar,0.0,60
2023-11-27T06:00:00+00:00,DK1,solar,0.0,60
2023-11-27T07:00:00+00:00,DK1,solar,5.89,60
2023-11-27T08:00:00+00:00,DK1,solar,62.34,60
2023-11-27T09:00:00+00:00,DK1,solar,172.54,60
2023-11-27T10:00:00+00:00,DK1,solar,293.92,60
2023-11-27T11:00:00+00:00,DK1,solar,293.45,60
2023-11-27T12:00:00+00:00,DK1,solar,182.26,60
2023-11-27T13:00:00+00:00,DK1,solar,86.9,60
2023-11-27T14:00:00+00:00,DK1,solar,19.96,60
2023-11-27T15:00:00+00:00,DK1,solar,0.0,60
2023-11-27T16:00:00+00:00,DK1,solar,0.0,60
2023-11-27T17:00:00+00:00,DK1,solar,0.0,60
2023-11-27T18:00:00+00:00,DK1,solar,0.0,60
2023-11-27T19:00:00+00:00,DK1,solar,0.0,60
2023-11-27T20:00:00+00:00,DK1,solar,0.0,60
2023-11-27T21:00:00+00:00,DK1,solar,0.0,60
2023-11-27T22:00:00+00:00,DK1,solar,0.0,60
2023-11-27T23:00:00+00:00,DK1,solar,0.0,60
2023-11-28T00:00:00+00:00,DK1,solar,0.0,60
2023-11-28T01:00:00+00:00,DK1,solar,0.0,60
2023-11-28T02:00:00+00:00,DK1,solar,0.0,60
2023-11-28T03:00:00+00:00,DK1,solar,0.0,60
2023-11-28T04:00:00+00:00,DK1,solar,0.0,60
2023-11-28T05:00:00+00:00,DK1,solar,0.0,60
2023-11-28T06:00:00+00:00,DK1,solar,0.0,60
2023-11-28T07:00:00+00:00,DK1,solar,16.65,60
2023-11-28T08:00:00+00:00,DK1,solar,142.43,60
2023-11-28T09:00:00+00:00,DK1,solar,289.37,60
2023-11-28T10:00:00+00:00,DK1,solar,480.81,60
2023-11-28T11:00:00+00:00,DK1,solar,403.8,60
2023-11-28T12:00:00+00:00,DK1,solar,264.31,60
2023-11-28T13:00:00+00:00,DK1,solar,128.29,60
2023-11-28T14:00:00+00:00,DK1,solar,23.22,60
2023-11-28T15:00:00+00:00,DK1,solar,0.0,60
2023-11-28T16:00:00+00:00,DK1,solar,0.0,60
2023-11-28T17:00:00+00:00,DK1,solar,0.0,60
2023-11-28T18:00:00+00:00,DK1,solar,0.0,60
2023-11-28T19:00:00+00:00,DK1,solar,0.0,60
2023-11-28T20:00:00+00:00,DK1,solar,0.0,60
2023-11-28T21:00:00+00:00,DK1,solar,0.0,60
2023-11-28T22:00:00+00:00,DK1,solar,0.0,60
2023-11-28T23:00:00+00:00,DK1,solar,0.0,60
2023-11-29T00:00:00+00:00,DK1,solar,0.0,60
2023-11-29T01:00:00+00:00,DK1,solar,0.0,60
2023-11-29T02:00:00+00:00,DK1,solar,0.0,60
2023-11-29T03:00:00+00:00,DK1,solar,0.0,60
2023-11-29T04:00:00+00:00,DK1,solar,0.0,60
2023-11-29T05:00:00+00:00,DK1,solar,0.0,60
2023-11-29T06:00:00+00:00,DK1,solar,0.0,60
2023-11-29T07:00:00+00:00,DK1,solar,7.05,60
2023-11-29T08:00:00+00:00,DK1,solar,106.01,60
2023-11-29T09:00:00+00:00,DK1,solar,272.56,60
2023-11-29T10:00:00+00:00,DK1,solar,378.63,60
2023-11-29T11:00:00+00:00,DK1,solar,391.06,60
2023-11-29T12:00:00+00:00,DK1,solar,335.49,60
2023-11-29T13:00:00+00:00,DK1,solar,173.46,60
2023-11-29T14:00:00+00:00,DK1,solar,37.89,60
2023-11-29T15:00:00+00:00,DK1,solar,0.14,60
2023-11-29T16:00:00+00:00,DK1,solar,0.0,60
2023-11-29T17:00:00+00:00,DK1,solar,0.0,60
2023-11-29T18:00:00+00:00,DK1,solar,0.0,60
2023-11-29T19:00:00+00:00,DK1,solar,0.0,60
2023-11-29T20:00:00+00:00,DK1,solar,0.0,60
2023-11-29T21:00:00+00:00,DK1,solar,0.0,60
2023-11-29T22:00:00+00:00,DK1,solar,0.0,60
2023-11-29T23:00:00+00:00,DK1,solar,0.0,60
2023-11-30T00:00:00+00:00,DK1,solar,0.0,60
2023-11-30T01:00:00+00:00,DK1,solar,0.0,60
2023-11-30T02:00:00+00:00,DK1,solar,0.0,60
2023-11-30T03:00:00+00:00,DK1,solar,0.0,60
2023-11-30T04:00:00+00:00,DK1,solar,0.0,60
2023-11-30T05:00:00+00:00,DK1,solar,0.0,60
2023-11-30T06:00:00+00:00,DK1,solar,0.0,60
2023-11-30T07:00:00+00:00,DK1,solar,1.85,60
2023-11-30T08:00:00+00:00,DK1,solar,30.72,60
2023-11-30T09:00:00+00:00,DK1,solar,71.77,60
2023-11-30T10:00:00+00:00,DK1,solar,101.02,60
2023-11-30T11:00:00+00:00,DK1,solar,110.63,60
2023-11-30T12:00:00+00:00,DK1,solar,101.1,60
2023-11-30T13:00:00+00:00,DK1,solar,67.69,60
2023-11-30T14:00:00+00:00,DK1,solar,12.71,60
2023-11-30T15:00:00+00:00,DK1,solar,0.0,60
2023-11-30T16:00:00+00:00,DK1,solar,0.0,60
2023-11-30T17:00:00+00:00,DK1,solar,0.0,60
2023-11-30T18:00:00+00:00,DK1,solar,0.0,60
2023-11-30T19:00:00+00:00,DK1,solar,0.0,60
2023-11-30T20:00:00+00:00,DK1,solar,0.0,60
2023-11-30T21:00:00+00:00,DK1,solar,0.0,60
2023-11-30T22:00:00+00:00,DK1,solar,0.0,60
2023-11-30T23:00:00+00:00,DK1,solar,0.0,60
2023-12-01T00:00:00+00:00,DK1,solar,0.0,60
2023-12-01T01:00:00+00:00,DK1,solar,0.0,60
2023-12-01T02:00:00+00:00,DK1,solar,0.0,60
2023-12-01T03:00:00+00:00,DK1,solar,0.0,60
2023-12-01T04:00:00+00:00,DK1,solar,0.0,60
2023-12-01T05:00:00+00:00,DK1,solar,0.0,60
2023-12-01T06:00:00+00:00,DK1,solar,0.0,60
2023-12-01T07:00:00+00:00,DK1,solar,1.11,60
2023-12-01T08:00:00+00:00,DK1,solar,21.59,60
2023-12-01T09:00:00+00:00,DK1,solar,55.3,60
2023-12-01T10:00:00+00:00,DK1,solar,104.47,60
2023-12-01T11:00:00+00:00,DK1,solar,128.07,60
2023-12-01T12:00:00+00:00,DK1,solar,115.43,60
2023-12-01T13:00:00+00:00,DK1,solar,65.57,60
2023-12-01T14:00:00+00:00,DK1,solar,12.2,60
2023-12-01T15:00:00+00:00,DK1,solar,0.0,60
2023-12-01T16:00:00+00:00,DK1,solar,0.0,60
2023-12-01T17:00:00+00:00,DK1,solar,0.0,60
2023-12-01T18:00:00+00:00,DK1,solar,0.0,60
2023-12-01T19:00:00+00:00,DK1,solar,0.0,60
2023-12-01T20:00:00+00:00,DK1,solar,0.0,60
2023-12-01T21:00:00+00:00,DK1,solar,0.0,60
2023-12-01T22:00:00+00:00,DK1,solar,0.0,60
2023-12-01T23:00:00+00:00,DK1,solar,0.0,60
2023-12-02T00:00:00+00:00,DK1,solar,0.0,60
2023-12-02T01:00:00+00:00,DK1,solar,0.0,60
2023-12-02T02:00:00+00:00,DK1,solar,0.0,60
2023-12-02T03:00:00+00:00,DK1,solar,0.0,60
2023-12-02T04:00:00+00:00,DK1,solar,0.0,60
2023-12-02T05:00:00+00:00,DK1,solar,0.0,60
2023-12-02T06:00:00+00:00,DK1,solar,0.0,60
2023-12-02T07:00:00+00:00,DK1,solar,1.51,60
2023-12-02T08:00:00+00:00,DK1,solar,22.12,60
2023-12-02T09:00:00+00:00,DK1,solar,68.88,60
2023-12-02T10:00:00+00:00,DK1,solar,121.72,60
2023-12-02T11:00:00+00:00,DK1,solar,146.88,60
2023-12-02T12:00:00+00:00,DK1,solar,146.37,60
2023-12-02T13:00:00+00:00,DK1,solar,70.39,60
2023-12-02T14:00:00+00:00,DK1,solar,12.68,60
2023-12-02T15:00:00+00:00,DK1,solar,0.0,60
2023-12-02T16:00:00+00:00,DK1,solar,0.0,60
2023-12-02T17:00:00+00:00,DK1,solar,0.0,60
2023-12-02T18:00:00+00:00,DK1,solar,0.0,60
2023-12-02T19:00:00+00:00,DK1,solar,0.0,60
2023-12-02T20:00:00+00:00,DK1,solar,0.0,60
2023-12-02T21:00:00+00:00,DK1,solar,0.0,60
2023-12-02T22:00:00+00:00,DK1,solar,0.0,60
2023-12-02T23:00:00+00:00,DK1,solar,0.0,60
2023-12-03T00:00:00+00:00,DK1,solar,0.0,60
2023-12-03T01:00:00+00:00,DK1,solar,0.0,60
2023-12-03T02:00:00+00:00,DK1,solar,0.0,60
2023-12-03T03:00:00+00:00,DK1,solar,0.0,60
2023-12-03T04:00:00+00:00,DK1,solar,0.0,60
2023-12-03T05:00:00+00:00,DK1,solar,0.0,60
2023-12-03T06:00:00+00:00,DK1,solar,0.0,60
2023-12-03T07:00:00+00:00,DK1,solar,0.33,60
2023-12-03T08:00:00+00:00,DK1,solar,12.84,60
2023-12-03T09:00:00+00:00,DK1,solar,30.32,60
2023-12-03T10:00:00+00:00,DK1,solar,49.38,60
2023-12-03T11:00:00+00:00,DK1,solar,51.56,60
2023-12-03T12:00:00+00:00,DK1,solar,54.64,60
2023-12-03T13:00:00+00:00,DK1,solar,38.19,60
2023-12-03T14:00:00+00:00,DK1,solar,12.07,60
2023-12-03T15:00:00+00:00,DK1,solar,0.0,60
2023-12-03T16:00:00+00:00,DK1,solar,0.0,60
2023-12-03T17:00:00+00:00,DK1,solar,0.0,60
2023-12-03T18:00:00+00:00,DK1,solar,0.0,60
2023-12-03T19:00:00+00:00,DK1,solar,0.0,60
2023-12-03T20:00:00+00:00,DK1,solar,0.0,60
2023-12-03T21:00:00+00:00,DK1,solar,0.0,60
2023-12-03T22:00:00+00:00,DK1,solar,0.0,60
2023-12-03T23:00:00+00:00,DK1,solar,0.0,60
2023-12-04T00:00:00+00:00,DK1,solar,0.0,60
2023-12-04T01:00:00+00:00,DK1,solar,0.0,60
2023-12-04T02:00:00+00:00,DK1,solar,0.0,60
2023-12-04T03:00:00+00:00,DK1,solar,0.0,60
2023-12-04T04:00:00+00:00,DK1,solar,0.0,60
2023-12-04T05:00:00+00:00,DK1,solar,0.0,60
2023-12-04T06:00:00+00:00,DK1,solar,0.0,60
2023-12-04T07:00:00+00:00,DK1,solar,0.39,60
2023-12-04T08:00:00+00:00,DK1,solar,17.8,60
2023-12-04T09:00:00+00:00,DK1,solar,39.4,60
2023-12-04T10:00:00+00:00,DK1,solar,68.23,60
2023-12-04T11:00:00+00:00,DK1,solar,61.67,60
2023-12-04T12:00:00+00:00,DK1,solar,44.58,60
2023-12-04T13:00:00+00:00,DK1,solar,26.23,60
2023-12-04T14:00:00+00:00,DK1,solar,4.75,60
2023-12-04T15:00:00+00:00,DK1,solar,0.0,60
2023-12-04T16:00:00+00:00,DK1,solar,0.0,60
2023-12-04T17:00:00+00:00,DK1,solar,0.0,60
2023-12-04T18:00:00+00:00,DK1,solar,0.0,60
2023-12-04T19:00:00+00:00,DK1,solar,0.0,60
2023-12-04T20:00:00+00:00,DK1,solar,0.0,60
2023-12-04T21:00:00+00:00,DK1,solar,0.0,60
2023-12-04T22:00:00+00:00,DK1,solar,0.0,60
2023-12-04T23:00:00+00:00,DK1,solar,0.0,60
2023-12-05T00:00:00+00:00,DK1,solar,0.0,60
2023-12-05T01:00:00+00:00,DK1,solar,0.0,60
2023-12-05T02:00:00+00:00,DK1,solar,0.0,60
2023-12-05T03:00:00+00:00,DK1,solar,0.0,60
2023-12-05T04:00:00+00:00,DK1,solar,0.0,60
2023-12-05T05:00:00+00:00,DK1,solar,0.0,60
2023-12-05T06:00:00+00:00,DK1,solar,0.0,60
2023-12-05T07:00:00+00:00,DK1,solar,0.66,60
2023-12-05T08:00:00+00:00,DK1,solar,22.54,60
2023-12-05T09:00:00+00:00,DK1,solar,64.65,60
2023-12-05T10:00:00+00:00,DK1,solar,97.87,60
2023-12-05T11:00:00+00:00,DK1,solar,105.79,60
2023-12-05T12:00:00+00:00,DK1,solar,85.03,60
2023-12-05T13:00:00+00:00,DK1,solar,53.04,60
2023-12-05T14:00:00+00:00,DK1,solar,11.94,60
2023-12-05T15:00:00+00:00,DK1,solar,0.0,60
2023-12-05T16:00:00+00:00,DK1,solar,0.0,60
2023-12-05T17:00:00+00:00,DK1,solar,0.0,60
2023-12-05T18:00:00+00:00,DK1,solar,0.0,60
2023-12-05T19:00:00+00:00,DK1,solar,0.0,60
2023-12-05T20:00:00+00:00,DK1,solar,0.0,60
2023-12-05T21:00:00+00:00,DK1,solar,0.0,60
2023-12-05T22:00:00+00:00,DK1,solar,0.0,60
2023-12-05T23:00:00+00:00,DK1,solar,0.0,60
2023-12-06T00:00:00+00:00,DK1,solar,0.0,60
2023-12-06T01:00:00+00:00,DK1,solar,0.0,60
2023-12-06T02:00:00+00:00,DK1,solar,0.0,60
2023-12-06T03:00:00+00:00,DK1,solar,0.0,60
2023-12-06T04:00:00+00:00,DK1,solar,0.0,60
2023-12-06T05:00:00+00:00,DK1,solar,0.0,60
2023-12-06T06:00:00+00:00,DK1,solar,0.0,60
2023-12-06T07:00:00+00:00,DK1,solar,0.04,60
2023-12-06T08:00:00+00:00,DK1,solar,3.94,60
2023-12-06T09:00:00+00:00,DK1,solar,11.25,60
2023-12-06T10:00:00+00:00,DK1,solar,18.58,60
2023-12-06T11:00:00+00:00,DK1,solar,26.9,60
2023-12-06T12:00:00+00:00,DK1,solar,18.41,60
2023-12-06T13:00:00+00:00,DK1,solar,8.64,60
2023-12-06T14:00:00+00:00,DK1,solar,1.52,60
2023-12-06T15:00:00+00:00,DK1,solar,0.0,60
2023-12-06T16:00:00+00:00,DK1,solar,0.0,60
2023-12-06T17:00:00+00:00,DK1,solar,0.0,60
2023-12-06T18:00:00+00:00,DK1,solar,0.0,60
2023-12-06T19:00:00+00:00,DK1,solar,0.0,60
2023-12-06T20:00:00+00:00,DK1,solar,0.0,60
2023-12-06T21:00:00+00:00,DK1,solar,0.0,60
2023-12-06T22:00:00+00:00,DK1,solar,0.0,60
2023-12-06T23:00:00+00:00,DK1,solar,0.0,60
2023-12-07T00:00:00+00:00,DK1,solar,0.0,60
2023-12-07T01:00:00+00:00,DK1,solar,0.0,60
2023-12-07T02:00:00+00:00,DK1,solar,0.0,60
2023-12-07T03:00:00+00:00,DK1,solar,0.0,60
2023-12-07T04:00:00+00:00,DK1,solar,0.0,60
2023-12-07T05:00:00+00:00,DK1,solar,0.0,60
2023-12-07T06:00:00+00:00,DK1,solar,0.0,60
2023-12-07T07:00:00+00:00,DK1,solar,0.0,60
2023-12-07T08:00:00+00:00,DK1,solar,3.29,60
2023-12-07T09:00:00+00:00,DK1,solar,13.49,60
2023-12-07T10:00:00+00:00,DK1,solar,25.22,60
2023-12-07T11:00:00+00:00,DK1,solar,28.02,60
2023-12-07T12:00:00+00:00,DK1,solar,25.65,60
2023-12-07T13:00:00+00:00,DK1,solar,17.03,60
2023-12-07T14:00:00+00:00,DK1,solar,2.51,60
2023-12-07T15:00:00+00:00,DK1,solar,0.0,60
2023-12-07T16:00:00+00:00,DK1,solar,0.0,60
2023-12-07T17:00:00+00:00,DK1,solar,0.0,60
2023-12-07T18:00:00+00:00,DK1,solar,0.0,60
2023-12-07T19:00:00+00:00,DK1,solar,0.0,60
2023-12-07T20:00:00+00:00,DK1,solar,0.0,60
2023-12-07T21:00:00+00:00,DK1,solar,0.0,60
2023-12-07T22:00:00+00:00,DK1,solar,0.0,60
2023-12-07T23:00:00+00:00,DK1,solar,0.0,60
2023-12-08T00:00:00+00:00,DK1,solar,0.0,60
2023-12-08T01:00:00+00:00,DK1,solar,0.0,60
2023-12-08T02:00:00+00:00,DK1,solar,0.0,60
2023-12-08T03:00:00+00:00,DK1,solar,0.0,60
2023-12-08T04:00:00+00:00,DK1,solar,0.0,60
2023-12-08T05:00:00+00:00,DK1,solar,0.0,60
2023-12-08T06:00:00+00:00,DK1,solar,0.0,60
2023-12-08T07:00:00+00:00,DK1,solar,0.0,60
2023-12-08T08:00:00+00:00,DK1,solar,8.88,60
2023-12-08T09:00:00+00:00,DK1,solar,23.48,60
2023-12-08T10:00:00+00:00,DK1,solar,34.97,60
2023-12-08T11:00:00+00:00,DK1,solar,34.77,60
2023-12-08T12:00:00+00:00,DK1,solar,32.6,60
2023-12-08T13:00:00+00:00,DK1,solar,20.0,60
2023-12-08T14:00:00+00:00,DK1,solar,8.14,60
2023-12-08T15:00:00+00:00,DK1,solar,0.0,60
2023-12-08T16:00:00+00:00,DK1,solar,0.0,60
2023-12-08T17:00:00+00:00,DK1,solar,0.0,60
2023-12-08T18:00:00+00:00,DK1,solar,0.0,60
2023-12-08T19:00:00+00:00,DK1,solar,0.0,60
2023-12-08T20:00:00+00:00,DK1,solar,0.0,60
2023-12-08T21:00:00+00:00,DK1,solar,0.0,60
2023-12-08T22:00:00+00:00,DK1,solar,0.0,60
2023-12-08T23:00:00+00:00,DK1,solar,0.0,60
2023-12-09T00:00:00+00:00,DK1,solar,0.0,60
2023-12-09T01:00:00+00:00,DK1,solar,0.0,60
2023-12-09T02:00:00+00:00,DK1,solar,0.0,60
2023-12-09T03:00:00+00:00,DK1,solar,0.0,60
2023-12-09T04:00:00+00:00,DK1,solar,0.0,60
2023-12-09T05:00:00+00:00,DK1,solar,0.0,60
2023-12-09T06:00:00+00:00,DK1,solar,0.0,60
2023-12-09T07:00:00+00:00,DK1,solar,0.0,60
2023-12-09T08:00:00+00:00,DK1,solar,7.62,60
2023-12-09T09:00:00+00:00,DK1,solar,25.87,60
2023-12-09T10:00:00+00:00,DK1,solar,37.46,60
2023-12-09T11:00:00+00:00,DK1,solar,44.43,60
2023-12-09T12:00:00+00:00,DK1,solar,41.06,60
2023-12-09T13:00:00+00:00,DK1,solar,22.04,60
2023-12-09T14:00:00+00:00,DK1,solar,2.48,60
2023-12-09T15:00:00+00:00,DK1,solar,0.0,60
2023-12-09T16:00:00+00:00,DK1,solar,0.0,60
2023-12-09T17:00:00+00:00,DK1,solar,0.0,60
2023-12-09T18:00:00+00:00,DK1,solar,0.0,60
2023-12-09T19:00:00+00:00,DK1,solar,0.0,60
2023-12-09T20:00:00+00:00,DK1,solar,0.0,60
2023-12-09T21:00:00+00:00,DK1,solar,0.0,60
2023-12-09T22:00:00+00:00,DK1,solar,0.0,60
2023-12-09T23:00:00+00:00,DK1,solar,0.0,60
2023-12-10T00:00:00+00:00,DK1,solar,0.0,60
2023-12-10T01:00:00+00:00,DK1,solar,0.0,60
2023-12-10T02:00:00+00:00,DK1,solar,0.0,60
2023-12-10T03:00:00+00:00,DK1,solar,0.0,60
2023-12-10T04:00:00+00:00,DK1,solar,0.0,60
2023-12-10T05:00:00+00:00,DK1,solar,0.0,60
2023-12-10T06:00:00+00:00,DK1,solar,0.0,60
2023-12-10T07:00:00+00:00,DK1,solar,0.01,60
2023-12-10T08:00:00+00:00,DK1,solar,6.79,60
2023-12-10T09:00:00+00:00,DK1,solar,29.27,60
2023-12-10T10:00:00+00:00,DK1,solar,46.97,60
2023-12-10T11:00:00+00:00,DK1,solar,45.62,60
2023-12-10T12:00:00+00:00,DK1,solar,24.1,60
2023-12-10T13:00:00+00:00,DK1,solar,15.6,60
2023-12-10T14:00:00+00:00,DK1,solar,3.3,60
2023-12-10T15:00:00+00:00,DK1,solar,0.0,60
2023-12-10T16:00:00+00:00,DK1,solar,0.0,60
2023-12-10T17:00:00+00:00,DK1,solar,0.0,60
2023-12-10T18:00:00+00:00,DK1,solar,0.0,60
2023-12-10T19:00:00+00:00,DK1,solar,0.0,60
2023-12-10T20:00:00+00:00,DK1,solar,0.0,60
2023-12-10T21:00:00+00:00,DK1,solar,0.0,60
2023-12-10T22:00:00+00:00,DK1,solar,0.0,60
2023-12-10T23:00:00+00:00,DK1,solar,0.0,60
2023-12-11T00:00:00+00:00,DK1,solar,0.0,60
2023-12-11T01:00:00+00:00,DK1,solar,0.0,60
2023-12-11T02:00:00+00:00,DK1,solar,0.0,60
2023-12-11T03:00:00+00:00,DK1,solar,0.0,60
2023-12-11T04:00:00+00:00,DK1,solar,0.0,60
2023-12-11T05:00:00+00:00,DK1,solar,0.0,60
2023-12-11T06:00:00+00:00,DK1,solar,0.0,60
2023-12-11T07:00:00+00:00,DK1,solar,0.05,60
2023-12-11T08:00:00+00:00,DK1,solar,10.66,60
2023-12-11T09:00:00+00:00,DK1,solar,27.09,60
2023-12-11T10:00:00+00:00,DK1,solar,44.56,60
2023-12-11T11:00:00+00:00,DK1,solar,47.38,60
2023-12-11T12:00:00+00:00,DK1,solar,35.89,60
2023-12-11T13:00:00+00:00,DK1,solar,23.82,60
2023-12-11T14:00:00+00:00,DK1,solar,9.02,60
2023-12-11T15:00:00+00:00,DK1,solar,0.0,60
2023-12-11T16:00:00+00:00,DK1,solar,0.0,60
2023-12-11T17:00:00+00:00,DK1,solar,0.0,60
2023-12-11T18:00:00+00:00,DK1,solar,0.0,60
2023-12-11T19:00:00+00:00,DK1,solar,0.0,60
2023-12-11T20:00:00+00:00,DK1,solar,4.45,60
2023-12-11T21:00:00+00:00,DK1,solar,4.94,60
2023-12-11T22:00:00+00:00,DK1,solar,4.94,60
2023-12-11T23:00:00+00:00,DK1,solar,4.94,60
2023-12-12T00:00:00+00:00,DK1,solar,4.94,60
2023-12-12T01:00:00+00:00,DK1,solar,4.94,60
2023-12-12T02:00:00+00:00,DK1,solar,4.94,60
2023-12-12T03:00:00+00:00,DK1,solar,4.94,60
2023-12-12T04:00:00+00:00,DK1,solar,4.94,60
2023-12-12T05:00:00+00:00,DK1,solar,4.94,60
2023-12-12T06:00:00+00:00,DK1,solar,4.94,60
2023-12-12T07:00:00+00:00,DK1,solar,2.01,60
2023-12-12T08:00:00+00:00,DK1,solar,18.26,60
2023-12-12T09:00:00+00:00,DK1,solar,54.72,60
2023-12-12T10:00:00+00:00,DK1,solar,83.36,60
2023-12-12T11:00:00+00:00,DK1,solar,94.69,60
2023-12-12T12:00:00+00:00,DK1,solar,83.64,60
2023-12-12T13:00:00+00:00,DK1,solar,41.47,60
2023-12-12T14:00:00+00:00,DK1,solar,3.44,60
2023-12-12T15:00:00+00:00,DK1,solar,0.0,60
2023-12-12T16:00:00+00:00,DK1,solar,0.0,60
2023-12-12T17:00:00+00:00,DK1,solar,0.0,60
2023-12-12T18:00:00+00:00,DK1,solar,0.0,60
2023-12-12T19:00:00+00:00,DK1,solar,0.0,60
2023-12-12T20:00:00+00:00,DK1,solar,0.0,60
2023-12-12T21:00:00+00:00,DK1,solar,0.0,60
2023-12-12T22:00:00+00:00,DK1,solar,0.0,60
2023-12-12T23:00:00+00:00,DK1,solar,0.0,60
2023-12-13T00:00:00+00:00,DK1,solar,0.0,60
2023-12-13T01:00:00+00:00,DK1,solar,0.0,60
2023-12-13T02:00:00+00:00,DK1,solar,0.0,60
2023-12-13T03:00:00+00:00,DK1,solar,0.0,60
2023-12-13T04:00:00+00:00,DK1,solar,0.0,60
2023-12-13T05:00:00+00:00,DK1,solar,0.0,60
2023-12-13T06:00:00+00:00,DK1,solar,0.0,60
2023-12-13T07:00:00+00:00,DK1,solar,0.01,60
2023-12-13T08:00:00+00:00,DK1,solar,15.45,60
2023-12-13T09:00:00+00:00,DK1,solar,51.82,60
2023-12-13T10:00:00+00:00,DK1,solar,82.13,60
2023-12-13T11:00:00+00:00,DK1,solar,96.08,60
2023-12-13T12:00:00+00:00,DK1,solar,70.56,60
2023-12-13T13:00:00+00:00,DK1,solar,37.12,60
2023-12-13T14:00:00+00:00,DK1,solar,9.48,60
2023-12-13T15:00:00+00:00,DK1,solar,0.0,60
2023-12-13T16:00:00+00:00,DK1,solar,0.0,60
2023-12-13T17:00:00+00:00,DK1,solar,0.0,60
2023-12-13T18:00:00+00:00,DK1,solar,0.0,60
2023-12-13T19:00:00+00:00,DK1,solar,0.0,60
2023-12-13T20:00:00+00:00,DK1,solar,0.0,60
2023-12-13T21:00:00+00:00,DK1,solar,0.0,60
2023-12-13T22:00:00+00:00,DK1,solar,0.0,60
2023-12-13T23:00:00+00:00,DK1,solar,0.0,60
2023-12-14T00:00:00+00:00,DK1,solar,0.0,60
2023-12-14T01:00:00+00:00,DK1,solar,0.0,60
2023-12-14T02:00:00+00:00,DK1,solar,0.0,60
2023-12-14T03:00:00+00:00,DK1,solar,0.0,60
2023-12-14T04:00:00+00:00,DK1,solar,0.0,60
2023-12-14T05:00:00+00:00,DK1,solar,0.0,60
2023-12-14T06:00:00+00:00,DK1,solar,0.0,60
2023-12-14T07:00:00+00:00,DK1,solar,0.01,60
2023-12-14T08:00:00+00:00,DK1,solar,21.26,60
2023-12-14T09:00:00+00:00,DK1,solar,69.93,60
2023-12-14T10:00:00+00:00,DK1,solar,120.28,60
2023-12-14T11:00:00+00:00,DK1,solar,144.33,60
2023-12-14T12:00:00+00:00,DK1,solar,116.92,60
2023-12-14T13:00:00+00:00,DK1,solar,62.93,60
2023-12-14T14:00:00+00:00,DK1,solar,12.85,60
2023-12-14T15:00:00+00:00,DK1,solar,0.01,60
2023-12-14T16:00:00+00:00,DK1,solar,0.0,60
2023-12-14T17:00:00+00:00,DK1,solar,0.0,60
2023-12-14T18:00:00+00:00,DK1,solar,0.0,60
2023-12-14T19:00:00+00:00,DK1,solar,0.0,60
2023-12-14T20:00:00+00:00,DK1,solar,0.0,60
2023-12-14T21:00:00+00:00,DK1,solar,0.0,60
2023-12-14T22:00:00+00:00,DK1,solar,0.0,60
2023-12-14T23:00:00+00:00,DK1,solar,0.0,60
2023-12-15T00:00:00+00:00,DK1,solar,0.0,60
2023-12-15T01:00:00+00:00,DK1,solar,0.0,60
2023-12-15T02:00:00+00:00,DK1,solar,0.0,60
2023-12-15T03:00:00+00:00,DK1,solar,0.0,60
2023-12-15T04:00:00+00:00,DK1,solar,0.0,60
2023-12-15T05:00:00+00:00,DK1,solar,0.0,60
2023-12-15T06:00:00+00:00,DK1,solar,0.0,60
2023-12-15T07:00:00+00:00,DK1,solar,1.96,60
2023-12-15T08:00:00+00:00,DK1,solar,60.71,60
2023-12-15T09:00:00+00:00,DK1,solar,121.37,60
2023-12-15T10:00:00+00:00,DK1,solar,169.95,60
2023-12-15T11:00:00+00:00,DK1,solar,189.13,60
2023-12-15T12:00:00+00:00,DK1,solar,224.93,60
2023-12-15T13:00:00+00:00,DK1,solar,148.72,60
2023-12-15T14:00:00+00:00,DK1,solar,26.01,60
2023-12-15T15:00:00+00:00,DK1,solar,0.0,60
2023-12-15T16:00:00+00:00,DK1,solar,0.0,60
2023-12-15T17:00:00+00:00,DK1,solar,0.0,60
2023-12-15T18:00:00+00:00,DK1,solar,0.0,60
2023-12-15T19:00:00+00:00,DK1,solar,0.0,60
2023-12-15T20:00:00+00:00,DK1,solar,0.0,60
2023-12-15T21:00:00+00:00,DK1,solar,0.0,60
2023-12-15T22:00:00+00:00,DK1,solar,0.0,60
2023-12-15T23:00:00+00:00,DK1,solar,0.0,60
2023-12-16T00:00:00+00:00,DK1,solar,0.0,60
2023-12-16T01:00:00+00:00,DK1,solar,0.0,60
2023-12-16T02:00:00+00:00,DK1,solar,0.0,60
2023-12-16T03:00:00+00:00,DK1,solar,0.0,60
2023-12-16T04:00:00+00:00,DK1,solar,0.0,60
2023-12-16T05:00:00+00:00,DK1,solar,0.0,60
2023-12-16T06:00:00+00:00,DK1,solar,0.0,60
2023-12-16T07:00:00+00:00,DK1,solar,0.0,60
2023-12-16T08:00:00+00:00,DK1,solar,11.63,60
2023-12-16T09:00:00+00:00,DK1,solar,56.16,60
2023-12-16T10:00:00+00:00,DK1,solar,118.89,60
2023-12-16T11:00:00+00:00,DK1,solar,163.67,60
2023-12-16T12:00:00+00:00,DK1,solar,130.62,60
2023-12-16T13:00:00+00:00,DK1,solar,65.82,60
2023-12-16T14:00:00+00:00,DK1,solar,10.25,60
2023-12-16T15:00:00+00:00,DK1,solar,0.04,60
2023-12-16T16:00:00+00:00,DK1,solar,0.0,60
2023-12-16T17:00:00+00:00,DK1,solar,0.0,60
2023-12-16T18:00:00+00:00,DK1,solar,0.0,60
2023-12-16T19:00:00+00:00,DK1,solar,0.0,60
2023-12-16T20:00:00+00:00,DK1,solar,0.0,60
2023-12-16T21:00:00+00:00,DK1,solar,0.0,60
2023-12-16T22:00:00+00:00,DK1,solar,0.0,60
2023-12-16T23:00:00+00:00,DK1,solar,0.0,60
2023-12-17T00:00:00+00:00,DK1,solar,0.0,60
2023-12-17T01:00:00+00:00,DK1,solar,0.0,60
2023-12-17T02:00:00+00:00,DK1,solar,0.0,60
2023-12-17T03:00:00+00:00,DK1,solar,0.0,60
2023-12-17T04:00:00+00:00,DK1,solar,0.0,60
2023-12-17T05:00:00+00:00,DK1,solar,0.0,60
2023-12-17T06:00:00+00:00,DK1,solar,0.0,60
2023-12-17T07:00:00+00:00,DK1,solar,0.0,60
2023-12-17T08:00:00+00:00,DK1,solar,10.6,60
2023-12-17T09:00:00+00:00,DK1,solar,39.36,60
2023-12-17T10:00:00+00:00,DK1,solar,50.36,60
2023-12-17T11:00:00+00:00,DK1,solar,41.22,60
2023-12-17T12:00:00+00:00,DK1,solar,31.79,60
2023-12-17T13:00:00+00:00,DK1,solar,11.14,60
2023-12-17T14:00:00+00:00,DK1,solar,0.95,60
2023-12-17T15:00:00+00:00,DK1,solar,0.0,60
2023-12-17T16:00:00+00:00,DK1,solar,0.0,60
2023-12-17T17:00:00+00:00,DK1,solar,0.0,60
2023-12-17T18:00:00+00:00,DK1,solar,0.0,60
2023-12-17T19:00:00+00:00,DK1,solar,0.0,60
2023-12-17T20:00:00+00:00,DK1,solar,0.0,60
2023-12-17T21:00:00+00:00,DK1,solar,0.0,60
2023-12-17T22:00:00+00:00,DK1,solar,0.0,60
2023-12-17T23:00:00+00:00,DK1,solar,0.0,60
2023-12-18T00:00:00+00:00,DK1,solar,0.0,60
2023-12-18T01:00:00+00:00,DK1,solar,0.0,60
2023-12-18T02:00:00+00:00,DK1,solar,0.0,60
2023-12-18T03:00:00+00:00,DK1,solar,0.0,60
2023-12-18T04:00:00+00:00,DK1,solar,0.0,60
2023-12-18T05:00:00+00:00,DK1,solar,0.0,60
2023-12-18T06:00:00+00:00,DK1,solar,0.0,60
2023-12-18T07:00:00+00:00,DK1,solar,0.0,60
2023-12-18T08:00:00+00:00,DK1,solar,5.92,60
2023-12-18T09:00:00+00:00,DK1,solar,35.93,60
2023-12-18T10:00:00+00:00,DK1,solar,61.97,60
2023-12-18T11:00:00+00:00,DK1,solar,62.09,60
2023-12-18T12:00:00+00:00,DK1,solar,43.32,60
2023-12-18T13:00:00+00:00,DK1,solar,20.19,60
2023-12-18T14:00:00+00:00,DK1,solar,1.66,60
2023-12-18T15:00:00+00:00,DK1,solar,0.0,60
2023-12-18T16:00:00+00:00,DK1,solar,0.0,60
2023-12-18T17:00:00+00:00,DK1,solar,0.0,60
2023-12-18T18:00:00+00:00,DK1,solar,0.0,60
2023-12-18T19:00:00+00:00,DK1,solar,0.0,60
2023-12-18T20:00:00+00:00,DK1,solar,0.0,60
2023-12-18T21:00:00+00:00,DK1,solar,0.0,60
2023-12-18T22:00:00+00:00,DK1,solar,0.0,60
2023-12-18T23:00:00+00:00,DK1,solar,0.0,60
2023-12-19T00:00:00+00:00,DK1,solar,0.0,60
2023-12-19T01:00:00+00:00,DK1,solar,0.0,60
2023-12-19T02:00:00+00:00,DK1,solar,0.0,60
2023-12-19T03:00:00+00:00,DK1,solar,0.0,60
2023-12-19T04:00:00+00:00,DK1,solar,0.0,60
2023-12-19T05:00:00+00:00,DK1,solar,0.0,60
2023-12-19T06:00:00+00:00,DK1,solar,0.0,60
2023-12-19T07:00:00+00:00,DK1,solar,0.0,60
2023-12-19T08:00:00+00:00,DK1,solar,15.8,60
2023-12-19T09:00:00+00:00,DK1,solar,80.96,60
2023-12-19T10:00:00+00:00,DK1,solar,132.86,60
2023-12-19T11:00:00+00:00,DK1,solar,155.29,60
2023-12-19T12:00:00+00:00,DK1,solar,123.9,60
2023-12-19T13:00:00+00:00,DK1,solar,63.29,60
2023-12-19T14:00:00+00:00,DK1,solar,12.43,60
2023-12-19T15:00:00+00:00,DK1,solar,0.0,60
2023-12-19T16:00:00+00:00,DK1,solar,0.0,60
2023-12-19T17:00:00+00:00,DK1,solar,0.0,60
2023-12-19T18:00:00+00:00,DK1,solar,0.0,60
2023-12-19T19:00:00+00:00,DK1,solar,0.0,60
2023-12-19T20:00:00+00:00,DK1,solar,0.0,60
2023-12-19T21:00:00+00:00,DK1,solar,0.0,60
2023-12-19T22:00:00+00:00,DK1,solar,0.0,60
2023-12-19T23:00:00+00:00,DK1,solar,0.0,60
2023-12-20T00:00:00+00:00,DK1,solar,0.0,60
2023-12-20T01:00:00+00:00,DK1,solar,0.0,60
2023-12-20T02:00:00+00:00,DK1,solar,0.0,60
2023-12-20T03:00:00+00:00,DK1,solar,0.0,60
2023-12-20T04:00:00+00:00,DK1,solar,0.0,60
2023-12-20T05:00:00+00:00,DK1,solar,0.0,60
2023-12-20T06:00:00+00:00,DK1,solar,0.0,60
2023-12-20T07:00:00+00:00,DK1,solar,0.02,60
2023-12-20T08:00:00+00:00,DK1,solar,27.01,60
2023-12-20T09:00:00+00:00,DK1,solar,148.29,60
2023-12-20T10:00:00+00:00,DK1,solar,291.11,60
2023-12-20T11:00:00+00:00,DK1,solar,322.84,60
2023-12-20T12:00:00+00:00,DK1,solar,297.46,60
2023-12-20T13:00:00+00:00,DK1,solar,140.57,60
2023-12-20T14:00:00+00:00,DK1,solar,19.34,60
2023-12-20T15:00:00+00:00,DK1,solar,0.0,60
2023-12-20T16:00:00+00:00,DK1,solar,0.0,60
2023-12-20T17:00:00+00:00,DK1,solar,0.0,60
2023-12-20T18:00:00+00:00,DK1,solar,0.0,60
2023-12-20T19:00:00+00:00,DK1,solar,0.0,60
2023-12-20T20:00:00+00:00,DK1,solar,0.0,60
2023-12-20T21:00:00+00:00,DK1,solar,0.0,60
2023-12-20T22:00:00+00:00,DK1,solar,0.0,60
2023-12-20T23:00:00+00:00,DK1,solar,0.0,60
2023-12-21T00:00:00+00:00,DK1,solar,0.0,60
2023-12-21T01:00:00+00:00,DK1,solar,0.0,60
2023-12-21T02:00:00+00:00,DK1,solar,0.0,60
2023-12-21T03:00:00+00:00,DK1,solar,0.0,60
2023-12-21T04:00:00+00:00,DK1,solar,0.0,60
2023-12-21T05:00:00+00:00,DK1,solar,0.0,60
2023-12-21T06:00:00+00:00,DK1,solar,0.0,60
2023-12-21T07:00:00+00:00,DK1,solar,0.0,60
2023-12-21T08:00:00+00:00,DK1,solar,7.99,60
2023-12-21T09:00:00+00:00,DK1,solar,45.47,60
2023-12-21T10:00:00+00:00,DK1,solar,103.12,60
2023-12-21T11:00:00+00:00,DK1,solar,177.18,60
2023-12-21T12:00:00+00:00,DK1,solar,182.01,60
2023-12-21T13:00:00+00:00,DK1,solar,132.0,60
2023-12-21T14:00:00+00:00,DK1,solar,24.28,60
2023-12-21T15:00:00+00:00,DK1,solar,0.0,60
2023-12-21T16:00:00+00:00,DK1,solar,0.0,60
2023-12-21T17:00:00+00:00,DK1,solar,0.0,60
2023-12-21T18:00:00+00:00,DK1,solar,0.0,60
2023-12-21T19:00:00+00:00,DK1,solar,0.0,60
2023-12-21T20:00:00+00:00,DK1,solar,0.0,60
2023-12-21T21:00:00+00:00,DK1,solar,0.0,60
2023-12-21T22:00:00+00:00,DK1,solar,0.0,60
2023-12-21T23:00:00+00:00,DK1,solar,0.0,60
2023-12-22T00:00:00+00:00,DK1,solar,0.0,60
2023-12-22T01:00:00+00:00,DK1,solar,0.0,60
2023-12-22T02:00:00+00:00,DK1,solar,0.0,60
2023-12-22T03:00:00+00:00,DK1,solar,0.0,60
2023-12-22T04:00:00+00:00,DK1,solar,0.0,60
2023-12-22T05:00:00+00:00,DK1,solar,0.0,60
2023-12-22T06:00:00+00:00,DK1,solar,0.0,60
2023-12-22T07:00:00+00:00,DK1,solar,0.85,60
2023-12-22T08:00:00+00:00,DK1,solar,64.85,60
2023-12-22T09:00:00+00:00,DK1,solar,244.76,60
2023-12-22T10:00:00+00:00,DK1,solar,353.99,60
2023-12-22T11:00:00+00:00,DK1,solar,443.5,60
2023-12-22T12:00:00+00:00,DK1,solar,362.83,60
2023-12-22T13:00:00+00:00,DK1,solar,184.81,60
2023-12-22T14:00:00+00:00,DK1,solar,30.91,60
2023-12-22T15:00:00+00:00,DK1,solar,0.0,60
2023-12-22T16:00:00+00:00,DK1,solar,0.0,60
2023-12-22T17:00:00+00:00,DK1,solar,0.0,60
2023-12-22T18:00:00+00:00,DK1,solar,0.0,60
2023-12-22T19:00:00+00:00,DK1,solar,0.0,60
2023-12-22T20:00:00+00:00,DK1,solar,0.0,60
2023-12-22T21:00:00+00:00,DK1,solar,0.0,60
2023-12-22T22:00:00+00:00,DK1,solar,0.0,60
2023-12-22T23:00:00+00:00,DK1,solar,0.0,60
2023-12-23T00:00:00+00:00,DK1,solar,0.0,60
2023-12-23T01:00:00+00:00,DK1,solar,0.0,60
2023-12-23T02:00:00+00:00,DK1,solar,0.0,60
2023-12-23T03:00:00+00:00,DK1,solar,0.0,60
2023-12-23T04:00:00+00:00,DK1,solar,0.0,60
2023-12-23T05:00:00+00:00,DK1,solar,0.0,60
2023-12-23T06:00:00+00:00,DK1,solar,0.0,60
2023-12-23T07:00:00+00:00,DK1,solar,0.21,60
2023-12-23T08:00:00+00:00,DK1,solar,42.66,60
2023-12-23T09:00:00+00:00,DK1,solar,131.07,60
2023-12-23T10:00:00+00:00,DK1,solar,223.58,60
2023-12-23T11:00:00+00:00,DK1,solar,256.6,60
2023-12-23T12:00:00+00:00,DK1,solar,282.67,60
2023-12-23T13:00:00+00:00,DK1,solar,167.02,60
2023-12-23T14:00:00+00:00,DK1,solar,33.34,60
2023-12-23T15:00:00+00:00,DK1,solar,0.0,60
2023-12-23T16:00:00+00:00,DK1,solar,0.0,60
2023-12-23T17:00:00+00:00,DK1,solar,0.0,60
2023-12-23T18:00:00+00:00,DK1,solar,0.0,60
2023-12-23T19:00:00+00:00,DK1,solar,0.0,60
2023-12-23T20:00:00+00:00,DK1,solar,0.0,60
2023-12-23T21:00:00+00:00,DK1,solar,0.0,60
2023-12-23T22:00:00+00:00,DK1,solar,0.0,60
2023-12-23T23:00:00+00:00,DK1,solar,0.0,60
2023-12-24T00:00:00+00:00,DK1,solar,0.0,60
2023-12-24T01:00:00+00:00,DK1,solar,0.0,60
2023-12-24T02:00:00+00:00,DK1,solar,0.0,60
2023-12-24T03:00:00+00:00,DK1,solar,0.0,60
2023-12-24T04:00:00+00:00,DK1,solar,0.0,60
2023-12-24T05:00:00+00:00,DK1,solar,0.0,60
2023-12-24T06:00:00+00:00,DK1,solar,0.0,60
2023-12-24T07:00:00+00:00,DK1,solar,0.0,60
2023-12-24T08:00:00+00:00,DK1,solar,6.83,60
2023-12-24T09:00:00+00:00,DK1,solar,32.01,60
2023-12-24T10:00:00+00:00,DK1,solar,40.42,60
2023-12-24T11:00:00+00:00,DK1,solar,40.78,60
2023-12-24T12:00:00+00:00,DK1,solar,42.57,60
2023-12-24T13:00:00+00:00,DK1,solar,26.51,60
2023-12-24T14:00:00+00:00,DK1,solar,5.65,60
2023-12-24T15:00:00+00:00,DK1,solar,0.0,60
2023-12-24T16:00:00+00:00,DK1,solar,0.0,60
2023-12-24T17:00:00+00:00,DK1,solar,0.0,60
2023-12-24T18:00:00+00:00,DK1,solar,0.0,60
2023-12-24T19:00:00+00:00,DK1,solar,0.0,60
2023-12-24T20:00:00+00:00,DK1,solar,0.0,60
2023-12-24T21:00:00+00:00,DK1,solar,0.0,60
2023-12-24T22:00:00+00:00,DK1,solar,0.0,60
2023-12-24T23:00:00+00:00,DK1,solar,0.0,60
2023-12-25T00:00:00+00:00,DK1,solar,0.0,60
2023-12-25T01:00:00+00:00,DK1,solar,0.0,60
2023-12-25T02:00:00+00:00,DK1,solar,0.0,60
2023-12-25T03:00:00+00:00,DK1,solar,0.0,60
2023-12-25T04:00:00+00:00,DK1,solar,0.0,60
2023-12-25T05:00:00+00:00,DK1,solar,0.0,60
2023-12-25T06:00:00+00:00,DK1,solar,0.0,60
2023-12-25T07:00:00+00:00,DK1,solar,0.32,60
2023-12-25T08:00:00+00:00,DK1,solar,45.08,60
2023-12-25T09:00:00+00:00,DK1,solar,176.43,60
2023-12-25T10:00:00+00:00,DK1,solar,254.54,60
2023-12-25T11:00:00+00:00,DK1,solar,327.92,60
2023-12-25T12:00:00+00:00,DK1,solar,249.43,60
2023-12-25T13:00:00+00:00,DK1,solar,156.09,60
2023-12-25T14:00:00+00:00,DK1,solar,18.43,60
2023-12-25T15:00:00+00:00,DK1,solar,0.02,60
2023-12-25T16:00:00+00:00,DK1,solar,0.0,60
2023-12-25T17:00:00+00:00,DK1,solar,0.0,60
2023-12-25T18:00:00+00:00,DK1,solar,0.0,60
2023-12-25T19:00:00+00:00,DK1,solar,0.0,60
2023-12-25T20:00:00+00:00,DK1,solar,0.0,60
2023-12-25T21:00:00+00:00,DK1,solar,0.0,60
2023-12-25T22:00:00+00:00,DK1,solar,0.0,60
2023-12-25T23:00:00+00:00,DK1,solar,0.0,60
2023-12-26T00:00:00+00:00,DK1,solar,0.0,60
2023-12-26T01:00:00+00:00,DK1,solar,0.0,60
2023-12-26T02:00:00+00:00,DK1,solar,0.0,60
2023-12-26T03:00:00+00:00,DK1,solar,0.0,60
2023-12-26T04:00:00+00:00,DK1,solar,0.0,60
2023-12-26T05:00:00+00:00,DK1,solar,0.0,60
2023-12-26T06:00:00+00:00,DK1,solar,0.0,60
2023-12-26T07:00:00+00:00,DK1,solar,0.41,60
2023-12-26T08:00:00+00:00,DK1,solar,23.26,60
2023-12-26T09:00:00+00:00,DK1,solar,124.78,60
2023-12-26T10:00:00+00:00,DK1,solar,201.66,60
2023-12-26T11:00:00+00:00,DK1,solar,290.87,60
2023-12-26T12:00:00+00:00,DK1,solar,275.76,60
2023-12-26T13:00:00+00:00,DK1,solar,150.22,60
2023-12-26T14:00:00+00:00,DK1,solar,31.0,60
2023-12-26T15:00:00+00:00,DK1,solar,0.0,60
2023-12-26T16:00:00+00:00,DK1,solar,0.0,60
2023-12-26T17:00:00+00:00,DK1,solar,0.0,60
2023-12-26T18:00:00+00:00,DK1,solar,0.0,60
2023-12-26T19:00:00+00:00,DK1,solar,0.0,60
2023-12-26T20:00:00+00:00,DK1,solar,0.0,60
2023-12-26T21:00:00+00:00,DK1,solar,0.0,60
2023-12-26T22:00:00+00:00,DK1,solar,0.0,60
2023-12-26T23:00:00+00:00,DK1,solar,0.0,60
2023-12-27T00:00:00+00:00,DK1,solar,0.0,60
2023-12-27T01:00:00+00:00,DK1,solar,0.0,60
2023-12-27T02:00:00+00:00,DK1,solar,0.0,60
2023-12-27T03:00:00+00:00,DK1,solar,0.0,60
2023-12-27T04:00:00+00:00,DK1,solar,0.0,60
2023-12-27T05:00:00+00:00,DK1,solar,0.0,60
2023-12-27T06:00:00+00:00,DK1,solar,0.0,60
2023-12-27T07:00:00+00:00,DK1,solar,2.34,60
2023-12-27T08:00:00+00:00,DK1,solar,52.57,60
2023-12-27T09:00:00+00:00,DK1,solar,142.65,60
2023-12-27T10:00:00+00:00,DK1,solar,198.19,60
2023-12-27T11:00:00+00:00,DK1,solar,177.91,60
2023-12-27T12:00:00+00:00,DK1,solar,118.06,60
2023-12-27T13:00:00+00:00,DK1,solar,56.65,60
2023-12-27T14:00:00+00:00,DK1,solar,6.4,60
2023-12-27T15:00:00+00:00,DK1,solar,0.0,60
2023-12-27T16:00:00+00:00,DK1,solar,0.0,60
2023-12-27T17:00:00+00:00,DK1,solar,0.0,60
2023-12-27T18:00:00+00:00,DK1,solar,0.0,60
2023-12-27T19:00:00+00:00,DK1,solar,0.0,60
2023-12-27T20:00:00+00:00,DK1,solar,0.0,60
2023-12-27T21:00:00+00:00,DK1,solar,0.0,60
2023-12-27T22:00:00+00:00,DK1,solar,0.0,60
2023-12-27T23:00:00+00:00,DK1,solar,0.0,60
2023-12-28T00:00:00+00:00,DK1,solar,0.0,60
2023-12-28T01:00:00+00:00,DK1,solar,0.0,60
2023-12-28T02:00:00+00:00,DK1,solar,0.0,60
2023-12-28T03:00:00+00:00,DK1,solar,0.0,60
2023-12-28T04:00:00+00:00,DK1,solar,0.0,60
2023-12-28T05:00:00+00:00,DK1,solar,0.0,60
2023-12-28T06:00:00+00:00,DK1,solar,0.0,60
2023-12-28T07:00:00+00:00,DK1,solar,0.0,60
2023-12-28T08:00:00+00:00,DK1,solar,15.8,60
2023-12-28T09:00:00+00:00,DK1,solar,58.13,60
2023-12-28T10:00:00+00:00,DK1,solar,135.14,60
2023-12-28T11:00:00+00:00,DK1,solar,193.29,60
2023-12-28T12:00:00+00:00,DK1,solar,135.79,60
2023-12-28T13:00:00+00:00,DK1,solar,59.81,60
2023-12-28T14:00:00+00:00,DK1,solar,13.31,60
2023-12-28T15:00:00+00:00,DK1,solar,0.0,60
2023-12-28T16:00:00+00:00,DK1,solar,0.0,60
2023-12-28T17:00:00+00:00,DK1,solar,0.0,60
2023-12-28T18:00:00+00:00,DK1,solar,0.0,60
2023-12-28T19:00:00+00:00,DK1,solar,0.0,60
2023-12-28T20:00:00+00:00,DK1,solar,0.0,60
2023-12-28T21:00:00+00:00,DK1,solar,0.0,60
2023-12-28T22:00:00+00:00,DK1,solar,0.0,60
2023-12-28T23:00:00+00:00,DK1,solar,0.0,60
2023-12-29T00:00:00+00:00,DK1,solar,0.0,60
2023-12-29T01:00:00+00:00,DK1,solar,0.0,60
2023-12-29T02:00:00+00:00,DK1,solar,0.0,60
2023-12-29T03:00:00+00:00,DK1,solar,0.0,60
2023-12-29T04:00:00+00:00,DK1,solar,0.0,60
2023-12-29T05:00:00+00:00,DK1,solar,0.0,60
2023-12-29T06:00:00+00:00,DK1,solar,0.0,60
2023-12-29T07:00:00+00:00,DK1,solar,0.0,60
2023-12-29T08:00:00+00:00,DK1,solar,25.13,60
2023-12-29T09:00:00+00:00,DK1,solar,92.44,60
2023-12-29T10:00:00+00:00,DK1,solar,169.35,60
2023-12-29T11:00:00+00:00,DK1,solar,173.93,60
2023-12-29T12:00:00+00:00,DK1,solar,125.48,60
2023-12-29T13:00:00+00:00,DK1,solar,62.89,60
2023-12-29T14:00:00+00:00,DK1,solar,11.39,60
2023-12-29T15:00:00+00:00,DK1,solar,0.0,60
2023-12-29T16:00:00+00:00,DK1,solar,0.0,60
2023-12-29T17:00:00+00:00,DK1,solar,0.0,60
2023-12-29T18:00:00+00:00,DK1,solar,0.0,60
2023-12-29T19:00:00+00:00,DK1,solar,0.0,60
2023-12-29T20:00:00+00:00,DK1,solar,0.0,60
2023-12-29T21:00:00+00:00,DK1,solar,0.0,60
2023-12-29T22:00:00+00:00,DK1,solar,0.0,60
2023-12-29T23:00:00+00:00,DK1,solar,0.0,60
2023-12-30T00:00:00+00:00,DK1,solar,0.0,60
2023-12-30T01:00:00+00:00,DK1,solar,0.0,60
2023-12-30T02:00:00+00:00,DK1,solar,0.0,60
2023-12-30T03:00:00+00:00,DK1,solar,0.0,60
2023-12-30T04:00:00+00:00,DK1,solar,0.0,60
2023-12-30T05:00:00+00:00,DK1,solar,0.0,60
2023-12-30T06:00:00+00:00,DK1,solar,0.0,60
2023-12-30T07:00:00+00:00,DK1,solar,0.29,60
2023-12-30T08:00:00+00:00,DK1,solar,48.62,60
2023-12-30T09:00:00+00:00,DK1,solar,180.21,60
2023-12-30T10:00:00+00:00,DK1,solar,271.39,60
2023-12-30T11:00:00+00:00,DK1,solar,280.55,60
2023-12-30T12:00:00+00:00,DK1,solar,180.81,60
2023-12-30T13:00:00+00:00,DK1,solar,107.98,60
2023-12-30T14:00:00+00:00,DK1,solar,21.49,60
2023-12-30T15:00:00+00:00,DK1,solar,0.0,60
2023-12-30T16:00:00+00:00,DK1,solar,0.0,60
2023-12-30T17:00:00+00:00,DK1,solar,0.0,60
2023-12-30T18:00:00+00:00,DK1,solar,0.0,60
2023-12-30T19:00:00+00:00,DK1,solar,0.0,60
2023-12-30T20:00:00+00:00,DK1,solar,0.0,60
2023-12-30T21:00:00+00:00,DK1,solar,0.0,60
2023-12-30T22:00:00+00:00,DK1,solar,0.0,60
2023-12-30T23:00:00+00:00,DK1,solar,0.0,60
2023-12-31T00:00:00+00:00,DK1,solar,0.0,60
2023-12-31T01:00:00+00:00,DK1,solar,0.0,60
2023-12-31T02:00:00+00:00,DK1,solar,0.0,60
2023-12-31T03:00:00+00:00,DK1,solar,0.0,60
2023-12-31T04:00:00+00:00,DK1,solar,0.0,60
2023-12-31T05:00:00+00:00,DK1,solar,0.0,60
2023-12-31T06:00:00+00:00,DK1,solar,0.0,60
2023-12-31T07:00:00+00:00,DK1,solar,0.0,60
2023-12-31T08:00:00+00:00,DK1,solar,11.16,60
2023-12-31T09:00:00+00:00,DK1,solar,50.11,60
2023-12-31T10:00:00+00:00,DK1,solar,83.23,60
2023-12-31T11:00:00+00:00,DK1,solar,80.45,60
2023-12-31T12:00:00+00:00,DK1,solar,63.48,60
2023-12-31T13:00:00+00:00,DK1,solar,41.01,60
2023-12-31T14:00:00+00:00,DK1,solar,9.65,60
2023-12-31T15:00:00+00:00,DK1,solar,0.0,60
2023-12-31T16:00:00+00:00,DK1,solar,0.0,60
2023-12-31T17:00:00+00:00,DK1,solar,0.0,60
2023-12-31T18:00:00+00:00,DK1,solar,0.0,60
2023-12-31T19:00:00+00:00,DK1,solar,0.0,60
2023-12-31T20:00:00+00:00,DK1,solar,0.0,60
2023-12-31T21:00:00+00:00,DK1,solar,0.0,60
2023-12-31T22:00:00+00:00,DK1,solar,0.0,60
2023-12-31T23:00:00+00:00,DK1,solar,0.0,60
