time_start,zone,psr_type,generation_mw,resolution_minutes
2026-01-01T00:00:00+00:00,SE4,solar,0.041,15
2026-01-01T00:15:00+00:00,SE4,solar,0.04,15
2026-01-01T00:45:00+00:00,SE4,solar,0.039,15
2026-01-01T01:00:00+00:00,SE4,solar,0.034,15
2026-01-01T01:15:00+00:00,SE4,solar,0.033,15
2026-01-01T01:30:00+00:00,SE4,solar,0.031,15
2026-01-01T01:45:00+00:00,SE4,solar,0.029,15
2026-01-01T02:00:00+00:00,SE4,solar,0.028,15
2026-01-01T02:15:00+00:00,SE4,solar,0.029,15
2026-01-01T03:00:00+00:00,SE4,solar,0.033,15
2026-01-01T03:15:00+00:00,SE4,solar,0.034,15
2026-01-01T03:45:00+00:00,SE4,solar,0.033,15
2026-01-01T04:00:00+00:00,SE4,solar,0.042,15
2026-01-01T05:00:00+00:00,SE4,solar,0.044,15
2026-01-01T06:00:00+00:00,SE4,solar,0.375,15
2026-01-01T06:15:00+00:00,SE4,solar,0.376,15
2026-01-01T07:00:00+00:00,SE4,solar,0.764,15
2026-01-01T07:15:00+00:00,SE4,solar,0.787,15
2026-01-01T07:30:00+00:00,SE4,solar,0.846,15
2026-01-01T07:45:00+00:00,SE4,solar,0.925,15
2026-01-01T08:00:00+00:00,SE4,solar,3.458,15
2026-01-01T08:15:00+00:00,SE4,solar,3.72,15
2026-01-01T08:30:00+00:00,SE4,solar,4.005,15
2026-01-01T08:45:00+00:00,SE4,solar,4.332,15
2026-01-01T09:00:00+00:00,SE4,solar,7.923,15
2026-01-01T09:15:00+00:00,SE4,solar,8.422,15
2026-01-01T09:30:00+00:00,SE4,solar,8.929,15
2026-01-01T09:45:00+00:00,SE4,solar,9.457,15
2026-01-01T10:00:00+00:00,SE4,solar,14.727,15
2026-01-01T10:15:00+00:00,SE4,solar,15.497,15
2026-01-01T10:30:00+00:00,SE4,solar,16.046,15
2026-01-01T10:45:00+00:00,SE4,solar,16.293,15
2026-01-01T11:00:00+00:00,SE4,solar,17.678,15
2026-01-01T11:15:00+00:00,SE4,solar,18.415,15
2026-01-01T11:30:00+00:00,SE4,solar,18.387,15
2026-01-01T11:45:00+00:00,SE4,solar,17.572,15
2026-01-01T12:00:00+00:00,SE4,solar,13.929,15
2026-01-01T12:15:00+00:00,SE4,solar,13.632,15
2026-01-01T12:30:00+00:00,SE4,solar,13.184,15
2026-01-01T12:45:00+00:00,SE4,solar,12.596,15
2026-01-01T13:00:00+00:00,SE4,solar,7.005,15
2026-01-01T13:15:00+00:00,SE4,solar,6.478,15
2026-01-01T13:30:00+00:00,SE4,solar,5.981,15
2026-01-01T13:45:00+00:00,SE4,solar,5.464,15
2026-01-01T14:00:00+00:00,SE4,solar,2.422,15
2026-01-01T14:15:00+00:00,SE4,solar,1.913,15
2026-01-01T14:30:00+00:00,SE4,solar,1.572,15
2026-01-01T14:45:00+00:00,SE4,solar,1.29,15
2026-01-01T15:00:00+00:00,SE4,solar,0.305,15
2026-01-01T15:15:00+00:00,SE4,solar,0.302,15
2026-01-01T15:45:00+00:00,SE4,solar,0.304,15
2026-01-01T16:00:00+00:00,SE4,solar,0.305,15
2026-01-01T16:15:00+00:00,SE4,solar,0.306,15
2026-01-01T16:30:00+00:00,SE4,solar,0.305,15
2026-01-01T16:45:00+00:00,SE4,solar,0.306,15
2026-01-01T17:00:00+00:00,SE4,solar,0.302,15
2026-01-01T17:15:00+00:00,SE4,solar,0.301,15
2026-01-01T17:30:00+00:00,SE4,solar,0.3,15
2026-01-01T17:45:00+00:00,SE4,solar,0.299,15
2026-01-01T18:00:00+00:00,SE4,solar,0.044,15
2026-01-01T18:15:00+00:00,SE4,solar,0.043,15
2026-01-01T18:45:00+00:00,SE4,solar,0.042,15
2026-01-01T19:45:00+00:00,SE4,solar,0.041,15
2026-01-01T20:00:00+00:00,SE4,solar,0.04,15
2026-01-01T20:15:00+00:00,SE4,solar,0.041,15
2026-01-01T20:30:00+00:00,SE4,solar,0.042,15
2026-01-01T20:45:00+00:00,SE4,solar,0.043,15
2026-01-01T21:00:00+00:00,SE4,solar,0.045,15
2026-01-01T21:15:00+00:00,SE4,solar,0.047,15
2026-01-01T21:30:00+00:00,SE4,solar,0.048,15
2026-01-01T21:45:00+00:00,SE4,solar,0.046,15
2026-01-01T22:00:00+00:00,SE4,solar,0.04,15
2026-01-01T22:15:00+00:00,SE4,solar,0.041,15
2026-01-01T22:30:00+00:00,SE4,solar,0.043,15
2026-01-01T22:45:00+00:00,SE4,solar,0.044,15
2026-01-01T23:00:00+00:00,SE4,solar,0.047,15
2026-01-01T23:15:00+00:00,SE4,solar,0.048,15
2026-01-01T23:30:00+00:00,SE4,solar,0.046,15
2026-01-01T23:45:00+00:00,SE4,solar,0.045,15
2026-01-02T00:00:00+00:00,SE4,solar,0.039,15
2026-01-02T00:15:00+00:00,SE4,solar,0.037,15
2026-01-02T00:30:00+00:00,SE4,solar,0.036,15
2026-01-02T00:45:00+00:00,SE4,solar,0.034,15
2026-01-02T01:00:00+00:00,SE4,solar,0.03,15
2026-01-02T01:15:00+00:00,SE4,solar,0.028,15
2026-01-02T01:45:00+00:00,SE4,solar,0.03,15
2026-01-02T02:00:00+00:00,SE4,solar,0.033,15
2026-01-02T02:45:00+00:00,SE4,solar,0.034,15
2026-01-02T03:00:00+00:00,SE4,solar,0.035,15
2026-01-02T03:15:00+00:00,SE4,solar,0.036,15
2026-01-02T03:30:00+00:00,SE4,solar,0.037,15
2026-01-02T03:45:00+00:00,SE4,solar,0.038,15
2026-01-02T04:00:00+00:00,SE4,solar,0.045,15
2026-01-02T04:15:00+00:00,SE4,solar,0.046,15
2026-01-02T04:45:00+00:00,SE4,solar,0.045,15
2026-01-02T05:00:00+00:00,SE4,solar,0.049,15
2026-01-02T05:15:00+00:00,SE4,solar,0.048,15
2026-01-02T05:45:00+00:00,SE4,solar,0.049,15
2026-01-02T06:00:00+00:00,SE4,solar,0.43,15
2026-01-02T06:15:00+00:00,SE4,solar,0.432,15
2026-01-02T06:30:00+00:00,SE4,solar,0.433,15
2026-01-02T06:45:00+00:00,SE4,solar,0.435,15
2026-01-02T07:00:00+00:00,SE4,solar,0.926,15
2026-01-02T07:15:00+00:00,SE4,solar,1.005,15
2026-01-02T07:30:00+00:00,SE4,solar,1.15,15
2026-01-02T07:45:00+00:00,SE4,solar,1.374,15
2026-01-02T08:00:00+00:00,SE4,solar,6.038,15
2026-01-02T08:15:00+00:00,SE4,solar,6.689,15
2026-01-02T08:30:00+00:00,SE4,solar,7.539,15
2026-01-02T08:45:00+00:00,SE4,solar,8.41,15
2026-01-02T09:00:00+00:00,SE4,solar,16.329,15
2026-01-02T09:15:00+00:00,SE4,solar,17.896,15
2026-01-02T09:30:00+00:00,SE4,solar,19.504,15
2026-01-02T09:45:00+00:00,SE4,solar,21.046,15
2026-01-02T10:00:00+00:00,SE4,solar,29.571,15
2026-01-02T10:15:00+00:00,SE4,solar,30.949,15
2026-01-02T10:30:00+00:00,SE4,solar,32.025,15
2026-01-02T10:45:00+00:00,SE4,solar,32.781,15
2026-01-02T11:00:00+00:00,SE4,solar,34.396,15
2026-01-02T11:15:00+00:00,SE4,solar,34.872,15
2026-01-02T11:30:00+00:00,SE4,solar,34.702,15
2026-01-02T11:45:00+00:00,SE4,solar,33.651,15
2026-01-02T12:00:00+00:00,SE4,solar,24.565,15
2026-01-02T12:15:00+00:00,SE4,solar,23.143,15
2026-01-02T12:30:00+00:00,SE4,solar,21.751,15
2026-01-02T12:45:00+00:00,SE4,solar,20.269,15
2026-01-02T13:00:00+00:00,SE4,solar,11.229,15
2026-01-02T13:15:00+00:00,SE4,solar,9.909,15
2026-01-02T13:30:00+00:00,SE4,solar,8.658,15
2026-01-02T13:45:00+00:00,SE4,solar,7.512,15
2026-01-02T14:00:00+00:00,SE4,solar,2.663,15
2026-01-02T14:15:00+00:00,SE4,solar,2.16,15
2026-01-02T14:30:00+00:00,SE4,solar,1.62,15
2026-01-02T14:45:00+00:00,SE4,solar,1.227,15
2026-01-02T15:00:00+00:00,SE4,solar,0.408,15
2026-01-02T15:15:00+00:00,SE4,solar,0.406,15
2026-01-02T15:30:00+00:00,SE4,solar,0.405,15
2026-01-02T15:45:00+00:00,SE4,solar,0.407,15
2026-01-02T16:00:00+00:00,SE4,solar,0.357,15
2026-01-02T16:15:00+00:00,SE4,solar,0.358,15
2026-01-02T16:45:00+00:00,SE4,solar,0.359,15
2026-01-02T17:00:00+00:00,SE4,solar,0.381,15
2026-01-02T17:15:00+00:00,SE4,solar,0.38,15
2026-01-02T17:30:00+00:00,SE4,solar,0.378,15
2026-01-02T17:45:00+00:00,SE4,solar,0.376,15
2026-01-02T18:00:00+00:00,SE4,solar,0.042,15
2026-01-02T18:15:00+00:00,SE4,solar,0.041,15
2026-01-02T18:30:00+00:00,SE4,solar,0.04,15
2026-01-02T18:45:00+00:00,SE4,solar,0.039,15
2026-01-02T19:00:00+00:00,SE4,solar,0.037,15
2026-01-02T19:15:00+00:00,SE4,solar,0.036,15
2026-01-02T19:30:00+00:00,SE4,solar,0.035,15
2026-01-02T19:45:00+00:00,SE4,solar,0.036,15
2026-01-02T20:00:00+00:00,SE4,solar,0.114,15
2026-01-02T20:15:00+00:00,SE4,solar,0.13,15
2026-01-02T20:30:00+00:00,SE4,solar,0.14,15
2026-01-02T20:45:00+00:00,SE4,solar,0.156,15
2026-01-02T21:00:00+00:00,SE4,solar,0.152,15
2026-01-02T21:15:00+00:00,SE4,solar,0.149,15
2026-01-02T21:45:00+00:00,SE4,solar,0.151,15
2026-01-02T22:00:00+00:00,SE4,solar,0.156,15
2026-01-02T23:00:00+00:00,SE4,solar,0.186,15
2026-01-03T00:00:00+00:00,SE4,solar,0.185,15
2026-01-03T00:15:00+00:00,SE4,solar,0.186,15
2026-01-03T00:45:00+00:00,SE4,solar,0.187,15
2026-01-03T01:15:00+00:00,SE4,solar,0.188,15
2026-01-03T02:00:00+00:00,SE4,solar,0.181,15
2026-01-03T02:45:00+00:00,SE4,solar,0.184,15
2026-01-03T03:15:00+00:00,SE4,solar,0.185,15
2026-01-03T03:30:00+00:00,SE4,solar,0.186,15
2026-01-03T03:45:00+00:00,SE4,solar,0.187,15
2026-01-03T04:00:00+00:00,SE4,solar,0.186,15
2026-01-03T04:15:00+00:00,SE4,solar,0.171,15
2026-01-03T04:30:00+00:00,SE4,solar,0.156,15
2026-01-03T04:45:00+00:00,SE4,solar,0.141,15
2026-01-03T05:00:00+00:00,SE4,solar,0.095,15
2026-01-03T05:15:00+00:00,SE4,solar,0.082,15
2026-01-03T05:30:00+00:00,SE4,solar,0.067,15
2026-01-03T05:45:00+00:00,SE4,solar,0.053,15
2026-01-03T06:00:00+00:00,SE4,solar,0.33,15
2026-01-03T06:15:00+00:00,SE4,solar,0.331,15
2026-01-03T06:45:00+00:00,SE4,solar,0.33,15
2026-01-03T07:00:00+00:00,SE4,solar,0.703,15
2026-01-03T07:15:00+00:00,SE4,solar,0.774,15
2026-01-03T07:30:00+00:00,SE4,solar,0.908,15
2026-01-03T07:45:00+00:00,SE4,solar,1.144,15
2026-01-03T08:00:00+00:00,SE4,solar,5.153,15
2026-01-03T08:15:00+00:00,SE4,solar,5.762,15
2026-01-03T08:30:00+00:00,SE4,solar,6.526,15
2026-01-03T08:45:00+00:00,SE4,solar,7.307,15
2026-01-03T09:00:00+00:00,SE4,solar,11.851,15
2026-01-03T09:15:00+00:00,SE4,solar,12.919,15
2026-01-03T09:30:00+00:00,SE4,solar,13.975,15
2026-01-03T09:45:00+00:00,SE4,solar,14.991,15
2026-01-03T10:00:00+00:00,SE4,solar,22.071,15
2026-01-03T10:15:00+00:00,SE4,solar,23.003,15
2026-01-03T10:30:00+00:00,SE4,solar,23.704,15
2026-01-03T10:45:00+00:00,SE4,solar,24.279,15
2026-01-03T11:00:00+00:00,SE4,solar,25.968,15
2026-01-03T11:15:00+00:00,SE4,solar,26.671,15
2026-01-03T11:30:00+00:00,SE4,solar,26.426,15
2026-01-03T11:45:00+00:00,SE4,solar,25.273,15
2026-01-03T12:00:00+00:00,SE4,solar,20.13,15
2026-01-03T12:15:00+00:00,SE4,solar,19.077,15
2026-01-03T12:30:00+00:00,SE4,solar,18.102,15
2026-01-03T12:45:00+00:00,SE4,solar,16.931,15
2026-01-03T13:00:00+00:00,SE4,solar,8.422,15
2026-01-03T13:15:00+00:00,SE4,solar,7.515,15
2026-01-03T13:30:00+00:00,SE4,solar,6.582,15
2026-01-03T13:45:00+00:00,SE4,solar,5.739,15
2026-01-03T14:00:00+00:00,SE4,solar,2.339,15
2026-01-03T14:15:00+00:00,SE4,solar,1.637,15
2026-01-03T14:30:00+00:00,SE4,solar,1.248,15
2026-01-03T14:45:00+00:00,SE4,solar,0.927,15
2026-01-03T15:00:00+00:00,SE4,solar,0.406,15
2026-01-03T15:15:00+00:00,SE4,solar,0.422,15
2026-01-03T15:30:00+00:00,SE4,solar,0.434,15
2026-01-03T15:45:00+00:00,SE4,solar,0.455,15
2026-01-03T16:00:00+00:00,SE4,solar,0.411,15
2026-01-03T16:30:00+00:00,SE4,solar,0.41,15
2026-01-03T16:45:00+00:00,SE4,solar,0.409,15
2026-01-03T17:00:00+00:00,SE4,solar,0.454,15
2026-01-03T17:15:00+00:00,SE4,solar,0.453,15
2026-01-03T17:30:00+00:00,SE4,solar,0.451,15
2026-01-03T17:45:00+00:00,SE4,solar,0.45,15
2026-01-03T18:00:00+00:00,SE4,solar,0.194,15
2026-01-03T18:15:00+00:00,SE4,solar,0.192,15
2026-01-03T18:30:00+00:00,SE4,solar,0.191,15
2026-01-03T18:45:00+00:00,SE4,solar,0.19,15
2026-01-03T19:00:00+00:00,SE4,solar,0.188,15
2026-01-03T19:15:00+00:00,SE4,solar,0.189,15
2026-01-03T19:30:00+00:00,SE4,solar,0.188,15
2026-01-03T20:00:00+00:00,SE4,solar,0.186,15
2026-01-03T20:15:00+00:00,SE4,solar,0.187,15
2026-01-03T20:45:00+00:00,SE4,solar,0.186,15
2026-01-03T21:00:00+00:00,SE4,solar,0.183,15
2026-01-03T21:15:00+00:00,SE4,solar,0.181,15
2026-01-03T21:30:00+00:00,SE4,solar,0.18,15
2026-01-03T21:45:00+00:00,SE4,solar,0.182,15
2026-01-03T22:00:00+00:00,SE4,solar,0.186,15
2026-01-03T22:45:00+00:00,SE4,solar,0.187,15
2026-01-03T23:00:00+00:00,SE4,solar,0.084,15
2026-01-03T23:15:00+00:00,SE4,solar,0.092,15
2026-01-03T23:30:00+00:00,SE4,solar,0.099,15
2026-01-03T23:45:00+00:00,SE4,solar,0.107,15
2026-01-04T00:00:00+00:00,SE4,solar,0.109,15
2026-01-04T00:15:00+00:00,SE4,solar,0.11,15
2026-01-04T00:45:00+00:00,SE4,solar,0.109,15
2026-01-04T01:00:00+00:00,SE4,solar,0.107,15
2026-01-04T01:30:00+00:00,SE4,solar,0.106,15
2026-01-04T01:45:00+00:00,SE4,solar,0.105,15
2026-01-04T02:00:00+00:00,SE4,solar,0.104,15
2026-01-04T02:15:00+00:00,SE4,solar,0.095,15
2026-01-04T02:30:00+00:00,SE4,solar,0.088,15
2026-01-04T02:45:00+00:00,SE4,solar,0.083,15
2026-01-04T03:00:00+00:00,SE4,solar,0.06,15
2026-01-04T03:15:00+00:00,SE4,solar,0.053,15
2026-01-04T03:30:00+00:00,SE4,solar,0.048,15
2026-01-04T03:45:00+00:00,SE4,solar,0.041,15
2026-01-04T04:00:00+00:00,SE4,solar,0.047,15
2026-01-04T04:15:00+00:00,SE4,solar,0.046,15
2026-01-04T04:30:00+00:00,SE4,solar,0.044,15
2026-01-04T04:45:00+00:00,SE4,solar,0.042,15
2026-01-04T05:00:00+00:00,SE4,solar,0.044,15
2026-01-04T05:15:00+00:00,SE4,solar,0.043,15
2026-01-04T05:45:00+00:00,SE4,solar,0.045,15
2026-01-04T06:00:00+00:00,SE4,solar,0.049,15
2026-01-04T06:30:00+00:00,SE4,solar,0.05,15
2026-01-04T06:45:00+00:00,SE4,solar,0.048,15
2026-01-04T07:00:00+00:00,SE4,solar,0.076,15
2026-01-04T07:15:00+00:00,SE4,solar,0.145,15
2026-01-04T07:30:00+00:00,SE4,solar,0.264,15
2026-01-04T07:45:00+00:00,SE4,solar,0.437,15
2026-01-04T08:00:00+00:00,SE4,solar,2.438,15
2026-01-04T08:15:00+00:00,SE4,solar,2.855,15
2026-01-04T08:30:00+00:00,SE4,solar,3.392,15
2026-01-04T08:45:00+00:00,SE4,solar,3.902,15
2026-01-04T09:00:00+00:00,SE4,solar,8.392,15
2026-01-04T09:15:00+00:00,SE4,solar,8.995,15
2026-01-04T09:30:00+00:00,SE4,solar,9.589,15
2026-01-04T09:45:00+00:00,SE4,solar,10.168,15
2026-01-04T10:00:00+00:00,SE4,solar,13.084,15
2026-01-04T10:15:00+00:00,SE4,solar,13.639,15
2026-01-04T10:30:00+00:00,SE4,solar,14.02,15
2026-01-04T10:45:00+00:00,SE4,solar,14.212,15
2026-01-04T11:00:00+00:00,SE4,solar,12.627,15
2026-01-04T11:15:00+00:00,SE4,solar,12.673,15
2026-01-04T11:30:00+00:00,SE4,solar,12.565,15
2026-01-04T11:45:00+00:00,SE4,solar,12.269,15
2026-01-04T12:00:00+00:00,SE4,solar,9.676,15
2026-01-04T12:15:00+00:00,SE4,solar,8.878,15
2026-01-04T12:30:00+00:00,SE4,solar,8.393,15
2026-01-04T12:45:00+00:00,SE4,solar,7.843,15
2026-01-04T13:00:00+00:00,SE4,solar,4.498,15
2026-01-04T13:15:00+00:00,SE4,solar,4.109,15
2026-01-04T13:30:00+00:00,SE4,solar,3.698,15
2026-01-04T13:45:00+00:00,SE4,solar,3.338,15
2026-01-04T14:00:00+00:00,SE4,solar,1.175,15
2026-01-04T14:15:00+00:00,SE4,solar,0.853,15
2026-01-04T14:30:00+00:00,SE4,solar,0.669,15
2026-01-04T14:45:00+00:00,SE4,solar,0.536,15
2026-01-04T15:00:00+00:00,SE4,solar,0.058,15
2026-01-04T15:15:00+00:00,SE4,solar,0.056,15
2026-01-04T15:45:00+00:00,SE4,solar,0.057,15
2026-01-04T16:00:00+00:00,SE4,solar,0.063,15
2026-01-04T16:15:00+00:00,SE4,solar,0.062,15
2026-01-04T17:00:00+00:00,SE4,solar,0.057,15
2026-01-04T17:15:00+00:00,SE4,solar,0.055,15
2026-01-04T17:30:00+00:00,SE4,solar,0.053,15
2026-01-04T17:45:00+00:00,SE4,solar,0.05,15
2026-01-04T18:00:00+00:00,SE4,solar,0.043,15
2026-01-04T18:15:00+00:00,SE4,solar,0.04,15
2026-01-04T18:45:00+00:00,SE4,solar,0.039,15
2026-01-04T19:00:00+00:00,SE4,solar,0.04,15
2026-01-04T19:45:00+00:00,SE4,solar,0.039,15
2026-01-04T20:00:00+00:00,SE4,solar,0.038,15
2026-01-04T21:00:00+00:00,SE4,solar,0.034,15
2026-01-04T21:15:00+00:00,SE4,solar,0.033,15
2026-01-04T22:00:00+00:00,SE4,solar,0.037,15
2026-01-04T22:45:00+00:00,SE4,solar,0.036,15
2026-01-04T23:00:00+00:00,SE4,solar,0.035,15
2026-01-04T23:15:00+00:00,SE4,solar,0.034,15
2026-01-04T23:45:00+00:00,SE4,solar,0.035,15
2026-01-05T00:00:00+00:00,SE4,solar,0.037,15
2026-01-05T00:15:00+00:00,SE4,solar,0.039,15
2026-01-05T00:45:00+00:00,SE4,solar,0.037,15
2026-01-05T01:00:00+00:00,SE4,solar,0.033,15
2026-01-05T01:15:00+00:00,SE4,solar,0.032,15
2026-01-05T02:00:00+00:00,SE4,solar,0.031,15
2026-01-05T02:15:00+00:00,SE4,solar,0.032,15
2026-01-05T02:45:00+00:00,SE4,solar,0.031,15
2026-01-05T03:00:00+00:00,SE4,solar,0.032,15
2026-01-05T03:15:00+00:00,SE4,solar,0.031,15
2026-01-05T03:30:00+00:00,SE4,solar,0.032,15
2026-01-05T03:45:00+00:00,SE4,solar,0.033,15
2026-01-05T04:00:00+00:00,SE4,solar,0.036,15
2026-01-05T04:15:00+00:00,SE4,solar,0.037,15
2026-01-05T04:45:00+00:00,SE4,solar,0.036,15
2026-01-05T05:00:00+00:00,SE4,solar,0.039,15
2026-01-05T05:45:00+00:00,SE4,solar,0.04,15
2026-01-05T06:00:00+00:00,SE4,solar,0.044,15
2026-01-05T06:15:00+00:00,SE4,solar,0.045,15
2026-01-05T06:45:00+00:00,SE4,solar,0.044,15
2026-01-05T07:00:00+00:00,SE4,solar,0.115,15
2026-01-05T07:15:00+00:00,SE4,solar,0.224,15
2026-01-05T07:30:00+00:00,SE4,solar,0.407,15
2026-01-05T07:45:00+00:00,SE4,solar,0.714,15
2026-01-05T08:00:00+00:00,SE4,solar,3.497,15
2026-01-05T08:15:00+00:00,SE4,solar,4.378,15
2026-01-05T08:30:00+00:00,SE4,solar,5.417,15
2026-01-05T08:45:00+00:00,SE4,solar,6.399,15
2026-01-05T09:00:00+00:00,SE4,solar,12.438,15
2026-01-05T09:15:00+00:00,SE4,solar,14.591,15
2026-01-05T09:30:00+00:00,SE4,solar,16.22,15
2026-01-05T09:45:00+00:00,SE4,solar,17.766,15
2026-01-05T10:00:00+00:00,SE4,solar,22.541,15
2026-01-05T10:15:00+00:00,SE4,solar,23.592,15
2026-01-05T10:30:00+00:00,SE4,solar,24.394,15
2026-01-05T10:45:00+00:00,SE4,solar,24.834,15
2026-01-05T11:00:00+00:00,SE4,solar,27.956,15
2026-01-05T11:15:00+00:00,SE4,solar,27.665,15
2026-01-05T11:30:00+00:00,SE4,solar,26.983,15
2026-01-05T11:45:00+00:00,SE4,solar,26.044,15
2026-01-05T12:00:00+00:00,SE4,solar,23.647,15
2026-01-05T12:15:00+00:00,SE4,solar,21.544,15
2026-01-05T12:30:00+00:00,SE4,solar,20.014,15
2026-01-05T12:45:00+00:00,SE4,solar,18.489,15
2026-01-05T13:00:00+00:00,SE4,solar,8.828,15
2026-01-05T13:15:00+00:00,SE4,solar,8.0,15
2026-01-05T13:30:00+00:00,SE4,solar,7.241,15
2026-01-05T13:45:00+00:00,SE4,solar,6.556,15
2026-01-05T14:00:00+00:00,SE4,solar,1.776,15
2026-01-05T14:15:00+00:00,SE4,solar,1.291,15
2026-01-05T14:30:00+00:00,SE4,solar,0.989,15
2026-01-05T14:45:00+00:00,SE4,solar,0.739,15
2026-01-05T15:00:00+00:00,SE4,solar,0.051,15
2026-01-05T15:15:00+00:00,SE4,solar,0.048,15
2026-01-05T15:45:00+00:00,SE4,solar,0.049,15
2026-01-05T16:00:00+00:00,SE4,solar,0.053,15
2026-01-05T16:45:00+00:00,SE4,solar,0.054,15
2026-01-05T17:00:00+00:00,SE4,solar,0.049,15
2026-01-05T17:30:00+00:00,SE4,solar,0.048,15
2026-01-05T17:45:00+00:00,SE4,solar,0.045,15
2026-01-05T18:00:00+00:00,SE4,solar,0.037,15
2026-01-05T18:15:00+00:00,SE4,solar,0.035,15
2026-01-05T18:30:00+00:00,SE4,solar,0.034,15
2026-01-05T19:00:00+00:00,SE4,solar,0.035,15
2026-01-05T19:15:00+00:00,SE4,solar,0.034,15
2026-01-05T20:00:00+00:00,SE4,solar,0.032,15
2026-01-05T20:45:00+00:00,SE4,solar,0.031,15
2026-01-05T21:00:00+00:00,SE4,solar,0.029,15
2026-01-05T21:15:00+00:00,SE4,solar,0.028,15
2026-01-05T21:45:00+00:00,SE4,solar,0.029,15
2026-01-05T22:00:00+00:00,SE4,solar,0.034,15
2026-01-05T22:15:00+00:00,SE4,solar,0.035,15
2026-01-05T22:45:00+00:00,SE4,solar,0.034,15
2026-01-05T23:00:00+00:00,SE4,solar,0.032,15
2026-01-05T23:15:00+00:00,SE4,solar,0.031,15
2026-01-05T23:45:00+00:00,SE4,solar,0.032,15
2026-01-06T00:00:00+00:00,SE4,solar,0.035,15
2026-01-06T00:15:00+00:00,SE4,solar,0.037,15
2026-01-06T00:45:00+00:00,SE4,solar,0.035,15
2026-01-06T01:00:00+00:00,SE4,solar,0.03,15
2026-01-06T01:15:00+00:00,SE4,solar,0.031,15
2026-01-06T01:45:00+00:00,SE4,solar,0.03,15
2026-01-06T03:15:00+00:00,SE4,solar,0.031,15
2026-01-06T04:00:00+00:00,SE4,solar,0.035,15
2026-01-06T04:15:00+00:00,SE4,solar,0.036,15
2026-01-06T04:45:00+00:00,SE4,solar,0.035,15
2026-01-06T05:00:00+00:00,SE4,solar,0.036,15
2026-01-06T05:45:00+00:00,SE4,solar,0.037,15
2026-01-06T06:00:00+00:00,SE4,solar,0.043,15
2026-01-06T06:15:00+00:00,SE4,solar,0.044,15
2026-01-06T06:45:00+00:00,SE4,solar,0.043,15
2026-01-06T07:00:00+00:00,SE4,solar,0.099,15
2026-01-06T07:15:00+00:00,SE4,solar,0.199,15
2026-01-06T07:30:00+00:00,SE4,solar,0.379,15
2026-01-06T07:45:00+00:00,SE4,solar,0.668,15
2026-01-06T08:00:00+00:00,SE4,solar,3.348,15
2026-01-06T08:15:00+00:00,SE4,solar,4.141,15
2026-01-06T08:30:00+00:00,SE4,solar,5.136,15
2026-01-06T08:45:00+00:00,SE4,solar,6.189,15
2026-01-06T09:00:00+00:00,SE4,solar,11.836,15
2026-01-06T09:15:00+00:00,SE4,solar,13.072,15
2026-01-06T09:30:00+00:00,SE4,solar,14.195,15
2026-01-06T09:45:00+00:00,SE4,solar,15.629,15
2026-01-06T10:00:00+00:00,SE4,solar,19.893,15
2026-01-06T10:15:00+00:00,SE4,solar,20.744,15
2026-01-06T10:30:00+00:00,SE4,solar,21.295,15
2026-01-06T10:45:00+00:00,SE4,solar,21.718,15
2026-01-06T11:00:00+00:00,SE4,solar,22.281,15
2026-01-06T11:15:00+00:00,SE4,solar,22.223,15
2026-01-06T11:30:00+00:00,SE4,solar,22.135,15
2026-01-06T11:45:00+00:00,SE4,solar,21.831,15
2026-01-06T12:00:00+00:00,SE4,solar,19.406,15
2026-01-06T12:15:00+00:00,SE4,solar,17.705,15
2026-01-06T12:30:00+00:00,SE4,solar,16.833,15
2026-01-06T12:45:00+00:00,SE4,solar,15.84,15
2026-01-06T13:00:00+00:00,SE4,solar,9.39,15
2026-01-06T13:15:00+00:00,SE4,solar,8.237,15
2026-01-06T13:30:00+00:00,SE4,solar,7.353,15
2026-01-06T13:45:00+00:00,SE4,solar,6.251,15
2026-01-06T14:00:00+00:00,SE4,solar,1.923,15
2026-01-06T14:15:00+00:00,SE4,solar,1.391,15
2026-01-06T14:30:00+00:00,SE4,solar,1.15,15
2026-01-06T14:45:00+00:00,SE4,solar,0.846,15
2026-01-06T15:00:00+00:00,SE4,solar,0.051,15
2026-01-06T15:15:00+00:00,SE4,solar,0.047,15
2026-01-06T15:30:00+00:00,SE4,solar,0.046,15
2026-01-06T16:00:00+00:00,SE4,solar,0.048,15
2026-01-06T16:15:00+00:00,SE4,solar,0.049,15
2026-01-06T16:45:00+00:00,SE4,solar,0.048,15
2026-01-06T17:00:00+00:00,SE4,solar,0.046,15
2026-01-06T17:30:00+00:00,SE4,solar,0.045,15
2026-01-06T17:45:00+00:00,SE4,solar,0.043,15
2026-01-06T18:00:00+00:00,SE4,solar,0.038,15
2026-01-06T18:30:00+00:00,SE4,solar,0.037,15
2026-01-06T20:00:00+00:00,SE4,solar,0.036,15
2026-01-06T21:00:00+00:00,SE4,solar,0.033,15
2026-01-06T21:15:00+00:00,SE4,solar,0.031,15
2026-01-06T21:45:00+00:00,SE4,solar,0.032,15
2026-01-06T22:00:00+00:00,SE4,solar,0.037,15
2026-01-06T22:15:00+00:00,SE4,solar,0.038,15
2026-01-06T22:30:00+00:00,SE4,solar,0.037,15
2026-01-06T22:45:00+00:00,SE4,solar,0.036,15
2026-01-06T23:00:00+00:00,SE4,solar,0.035,15
2026-01-06T23:15:00+00:00,SE4,solar,0.034,15
2026-01-06T23:45:00+00:00,SE4,solar,0.035,15
2026-01-07T00:00:00+00:00,SE4,solar,0.038,15
2026-01-07T00:15:00+00:00,SE4,solar,0.041,15
2026-01-07T00:45:00+00:00,SE4,solar,0.038,15
2026-01-07T01:00:00+00:00,SE4,solar,0.033,15
2026-01-07T02:00:00+00:00,SE4,solar,0.031,15
2026-01-07T02:15:00+00:00,SE4,solar,0.032,15
2026-01-07T02:45:00+00:00,SE4,solar,0.031,15
2026-01-07T03:00:00+00:00,SE4,solar,0.03,15
2026-01-07T04:00:00+00:00,SE4,solar,0.035,15
2026-01-07T04:15:00+00:00,SE4,solar,0.036,15
2026-01-07T04:45:00+00:00,SE4,solar,0.035,15
2026-01-07T05:00:00+00:00,SE4,solar,0.038,15
2026-01-07T05:15:00+00:00,SE4,solar,0.037,15
2026-01-07T05:45:00+00:00,SE4,solar,0.039,15
2026-01-07T06:00:00+00:00,SE4,solar,0.048,15
2026-01-07T06:15:00+00:00,SE4,solar,0.049,15
2026-01-07T06:45:00+00:00,SE4,solar,0.048,15
2026-01-07T07:00:00+00:00,SE4,solar,0.079,15
2026-01-07T07:15:00+00:00,SE4,solar,0.157,15
2026-01-07T07:30:00+00:00,SE4,solar,0.276,15
2026-01-07T07:45:00+00:00,SE4,solar,0.434,15
2026-01-07T08:00:00+00:00,SE4,solar,1.746,15
2026-01-07T08:15:00+00:00,SE4,solar,2.159,15
2026-01-07T08:30:00+00:00,SE4,solar,2.653,15
2026-01-07T08:45:00+00:00,SE4,solar,3.098,15
2026-01-07T09:00:00+00:00,SE4,solar,9.944,15
2026-01-07T09:15:00+00:00,SE4,solar,10.615,15
2026-01-07T09:30:00+00:00,SE4,solar,11.134,15
2026-01-07T09:45:00+00:00,SE4,solar,11.785,15
2026-01-07T10:00:00+00:00,SE4,solar,15.582,15
2026-01-07T10:15:00+00:00,SE4,solar,16.098,15
2026-01-07T10:30:00+00:00,SE4,solar,16.444,15
2026-01-07T10:45:00+00:00,SE4,solar,16.75,15
2026-01-07T11:00:00+00:00,SE4,solar,17.061,15
2026-01-07T11:15:00+00:00,SE4,solar,17.078,15
2026-01-07T11:30:00+00:00,SE4,solar,17.064,15
2026-01-07T11:45:00+00:00,SE4,solar,16.564,15
2026-01-07T12:00:00+00:00,SE4,solar,13.836,15
2026-01-07T12:15:00+00:00,SE4,solar,13.285,15
2026-01-07T12:30:00+00:00,SE4,solar,12.848,15
2026-01-07T12:45:00+00:00,SE4,solar,12.255,15
2026-01-07T13:00:00+00:00,SE4,solar,7.209,15
2026-01-07T13:15:00+00:00,SE4,solar,6.614,15
2026-01-07T13:30:00+00:00,SE4,solar,6.319,15
2026-01-07T13:45:00+00:00,SE4,solar,5.725,15
2026-01-07T14:00:00+00:00,SE4,solar,1.545,15
2026-01-07T14:15:00+00:00,SE4,solar,1.346,15
2026-01-07T14:30:00+00:00,SE4,solar,1.205,15
2026-01-07T14:45:00+00:00,SE4,solar,0.975,15
2026-01-07T15:00:00+00:00,SE4,solar,0.045,15
2026-01-07T15:15:00+00:00,SE4,solar,0.043,15
2026-01-07T15:45:00+00:00,SE4,solar,0.044,15
2026-01-07T16:00:00+00:00,SE4,solar,0.048,15
2026-01-07T16:15:00+00:00,SE4,solar,0.049,15
2026-01-07T16:30:00+00:00,SE4,solar,0.05,15
2026-01-07T17:00:00+00:00,SE4,solar,0.047,15
2026-01-07T17:30:00+00:00,SE4,solar,0.046,15
2026-01-07T17:45:00+00:00,SE4,solar,0.044,15
2026-01-07T18:00:00+00:00,SE4,solar,0.039,15
2026-01-07T18:15:00+00:00,SE4,solar,0.038,15
2026-01-07T19:00:00+00:00,SE4,solar,0.037,15
2026-01-07T19:30:00+00:00,SE4,solar,0.038,15
2026-01-07T19:45:00+00:00,SE4,solar,0.037,15
2026-01-07T21:00:00+00:00,SE4,solar,0.034,15
2026-01-07T21:15:00+00:00,SE4,solar,0.032,15
2026-01-07T21:45:00+00:00,SE4,solar,0.034,15
2026-01-07T22:00:00+00:00,SE4,solar,0.038,15
2026-01-07T22:15:00+00:00,SE4,solar,0.039,15
2026-01-07T22:45:00+00:00,SE4,solar,0.038,15
2026-01-07T23:00:00+00:00,SE4,solar,0.037,15
2026-01-07T23:15:00+00:00,SE4,solar,0.036,15
2026-01-07T23:30:00+00:00,SE4,solar,0.035,15
2026-01-07T23:45:00+00:00,SE4,solar,0.036,15
2026-01-08T00:00:00+00:00,SE4,solar,0.039,15
2026-01-08T00:15:00+00:00,SE4,solar,0.041,15
2026-01-08T00:45:00+00:00,SE4,solar,0.039,15
2026-01-08T01:00:00+00:00,SE4,solar,0.035,15
2026-01-08T01:15:00+00:00,SE4,solar,0.036,15
2026-01-08T01:45:00+00:00,SE4,solar,0.038,15
2026-01-08T02:00:00+00:00,SE4,solar,0.04,15
2026-01-08T02:45:00+00:00,SE4,solar,0.039,15
2026-01-08T03:00:00+00:00,SE4,solar,0.137,15
2026-01-08T03:15:00+00:00,SE4,solar,0.135,15
2026-01-08T04:00:00+00:00,SE4,solar,0.134,15
2026-01-08T04:15:00+00:00,SE4,solar,0.135,15
2026-01-08T04:45:00+00:00,SE4,solar,0.134,15
2026-01-08T05:00:00+00:00,SE4,solar,0.137,15
2026-01-08T06:00:00+00:00,SE4,solar,0.247,15
2026-01-08T06:15:00+00:00,SE4,solar,0.249,15
2026-01-08T06:45:00+00:00,SE4,solar,0.248,15
2026-01-08T07:00:00+00:00,SE4,solar,0.372,15
2026-01-08T07:15:00+00:00,SE4,solar,0.461,15
2026-01-08T07:30:00+00:00,SE4,solar,0.607,15
2026-01-08T07:45:00+00:00,SE4,solar,0.85,15
2026-01-08T08:00:00+00:00,SE4,solar,3.878,15
2026-01-08T08:15:00+00:00,SE4,solar,4.564,15
2026-01-08T08:30:00+00:00,SE4,solar,5.358,15
2026-01-08T08:45:00+00:00,SE4,solar,6.299,15
2026-01-08T09:00:00+00:00,SE4,solar,14.002,15
2026-01-08T09:15:00+00:00,SE4,solar,15.078,15
2026-01-08T09:30:00+00:00,SE4,solar,16.009,15
2026-01-08T09:45:00+00:00,SE4,solar,17.023,15
2026-01-08T10:00:00+00:00,SE4,solar,22.833,15
2026-01-08T10:15:00+00:00,SE4,solar,23.663,15
2026-01-08T10:30:00+00:00,SE4,solar,24.27,15
2026-01-08T10:45:00+00:00,SE4,solar,24.748,15
2026-01-08T11:00:00+00:00,SE4,solar,24.444,15
2026-01-08T11:15:00+00:00,SE4,solar,24.419,15
2026-01-08T11:30:00+00:00,SE4,solar,24.248,15
2026-01-08T11:45:00+00:00,SE4,solar,23.538,15
2026-01-08T12:00:00+00:00,SE4,solar,19.824,15
2026-01-08T12:15:00+00:00,SE4,solar,18.734,15
2026-01-08T12:30:00+00:00,SE4,solar,17.801,15
2026-01-08T12:45:00+00:00,SE4,solar,16.798,15
2026-01-08T13:00:00+00:00,SE4,solar,10.98,15
2026-01-08T13:15:00+00:00,SE4,solar,9.863,15
2026-01-08T13:30:00+00:00,SE4,solar,9.14,15
2026-01-08T13:45:00+00:00,SE4,solar,8.133,15
2026-01-08T14:00:00+00:00,SE4,solar,1.751,15
2026-01-08T14:15:00+00:00,SE4,solar,1.417,15
2026-01-08T14:30:00+00:00,SE4,solar,1.169,15
2026-01-08T14:45:00+00:00,SE4,solar,0.861,15
2026-01-08T15:00:00+00:00,SE4,solar,0.151,15
2026-01-08T15:15:00+00:00,SE4,solar,0.15,15
2026-01-08T16:00:00+00:00,SE4,solar,0.253,15
2026-01-08T16:15:00+00:00,SE4,solar,0.254,15
2026-01-08T16:45:00+00:00,SE4,solar,0.255,15
2026-01-08T17:00:00+00:00,SE4,solar,0.303,15
2026-01-08T17:15:00+00:00,SE4,solar,0.302,15
2026-01-08T17:45:00+00:00,SE4,solar,0.301,15
2026-01-08T18:00:00+00:00,SE4,solar,0.147,15
2026-01-08T18:15:00+00:00,SE4,solar,0.146,15
2026-01-08T18:30:00+00:00,SE4,solar,0.144,15
2026-01-08T18:45:00+00:00,SE4,solar,0.142,15
2026-01-08T19:00:00+00:00,SE4,solar,0.139,15
2026-01-08T19:45:00+00:00,SE4,solar,0.138,15
2026-01-08T20:00:00+00:00,SE4,solar,0.04,15
2026-01-08T20:15:00+00:00,SE4,solar,0.041,15
2026-01-08T20:45:00+00:00,SE4,solar,0.04,15
2026-01-08T21:00:00+00:00,SE4,solar,0.037,15
2026-01-08T21:15:00+00:00,SE4,solar,0.035,15
2026-01-08T21:45:00+00:00,SE4,solar,0.036,15
2026-01-08T22:00:00+00:00,SE4,solar,0.039,15
2026-01-08T22:15:00+00:00,SE4,solar,0.041,15
2026-01-08T22:45:00+00:00,SE4,solar,0.039,15
2026-01-08T23:00:00+00:00,SE4,solar,0.036,15
2026-01-08T23:15:00+00:00,SE4,solar,0.035,15
2026-01-08T23:45:00+00:00,SE4,solar,0.036,15
2026-01-09T00:00:00+00:00,SE4,solar,0.038,15
2026-01-09T00:15:00+00:00,SE4,solar,0.04,15
2026-01-09T00:30:00+00:00,SE4,solar,0.039,15
2026-01-09T00:45:00+00:00,SE4,solar,0.037,15
2026-01-09T01:00:00+00:00,SE4,solar,0.032,15
2026-01-09T01:15:00+00:00,SE4,solar,0.031,15
2026-01-09T01:45:00+00:00,SE4,solar,0.032,15
2026-01-09T02:15:00+00:00,SE4,solar,0.033,15
2026-01-09T02:45:00+00:00,SE4,solar,0.032,15
2026-01-09T03:00:00+00:00,SE4,solar,0.282,15
2026-01-09T03:15:00+00:00,SE4,solar,0.281,15
2026-01-09T03:45:00+00:00,SE4,solar,0.282,15
2026-01-09T04:00:00+00:00,SE4,solar,0.236,15
2026-01-09T04:45:00+00:00,SE4,solar,0.237,15
2026-01-09T05:00:00+00:00,SE4,solar,0.269,15
2026-01-09T05:15:00+00:00,SE4,solar,0.27,15
2026-01-09T05:45:00+00:00,SE4,solar,0.271,15
2026-01-09T06:00:00+00:00,SE4,solar,0.309,15
2026-01-09T06:15:00+00:00,SE4,solar,0.311,15
2026-01-09T06:45:00+00:00,SE4,solar,0.309,15
2026-01-09T07:00:00+00:00,SE4,solar,0.591,15
2026-01-09T07:15:00+00:00,SE4,solar,0.659,15
2026-01-09T07:30:00+00:00,SE4,solar,0.773,15
2026-01-09T07:45:00+00:00,SE4,solar,0.989,15
2026-01-09T08:00:00+00:00,SE4,solar,4.865,15
2026-01-09T08:15:00+00:00,SE4,solar,5.565,15
2026-01-09T08:30:00+00:00,SE4,solar,6.348,15
2026-01-09T08:45:00+00:00,SE4,solar,7.091,15
2026-01-09T09:00:00+00:00,SE4,solar,16.525,15
2026-01-09T09:15:00+00:00,SE4,solar,17.482,15
2026-01-09T09:30:00+00:00,SE4,solar,18.288,15
2026-01-09T09:45:00+00:00,SE4,solar,19.19,15
2026-01-09T10:00:00+00:00,SE4,solar,29.589,15
2026-01-09T10:15:00+00:00,SE4,solar,30.366,15
2026-01-09T10:30:00+00:00,SE4,solar,30.858,15
2026-01-09T10:45:00+00:00,SE4,solar,31.057,15
2026-01-09T11:00:00+00:00,SE4,solar,31.027,15
2026-01-09T11:15:00+00:00,SE4,solar,31.011,15
2026-01-09T11:30:00+00:00,SE4,solar,30.784,15
2026-01-09T11:45:00+00:00,SE4,solar,30.29,15
2026-01-09T12:00:00+00:00,SE4,solar,25.074,15
2026-01-09T12:15:00+00:00,SE4,solar,24.148,15
2026-01-09T12:30:00+00:00,SE4,solar,22.949,15
2026-01-09T12:45:00+00:00,SE4,solar,21.607,15
2026-01-09T13:00:00+00:00,SE4,solar,12.57,15
2026-01-09T13:15:00+00:00,SE4,solar,11.119,15
2026-01-09T13:30:00+00:00,SE4,solar,10.085,15
2026-01-09T13:45:00+00:00,SE4,solar,9.18,15
2026-01-09T14:00:00+00:00,SE4,solar,1.876,15
2026-01-09T14:15:00+00:00,SE4,solar,1.522,15
2026-01-09T14:30:00+00:00,SE4,solar,1.292,15
2026-01-09T14:45:00+00:00,SE4,solar,1.0,15
2026-01-09T15:00:00+00:00,SE4,solar,0.309,15
2026-01-09T15:15:00+00:00,SE4,solar,0.308,15
2026-01-09T15:45:00+00:00,SE4,solar,0.309,15
2026-01-09T16:00:00+00:00,SE4,solar,0.345,15
2026-01-09T16:15:00+00:00,SE4,solar,0.346,15
2026-01-09T16:30:00+00:00,SE4,solar,0.347,15
2026-01-09T17:00:00+00:00,SE4,solar,0.325,15
2026-01-09T17:30:00+00:00,SE4,solar,0.324,15
2026-01-09T18:00:00+00:00,SE4,solar,0.245,15
2026-01-09T18:15:00+00:00,SE4,solar,0.244,15
2026-01-09T18:30:00+00:00,SE4,solar,0.242,15
2026-01-09T19:00:00+00:00,SE4,solar,0.215,15
2026-01-09T19:30:00+00:00,SE4,solar,0.214,15
2026-01-09T20:00:00+00:00,SE4,solar,0.038,15
2026-01-09T21:00:00+00:00,SE4,solar,0.036,15
2026-01-09T21:15:00+00:00,SE4,solar,0.035,15
2026-01-09T21:45:00+00:00,SE4,solar,0.036,15
2026-01-09T22:00:00+00:00,SE4,solar,0.041,15
2026-01-09T22:15:00+00:00,SE4,solar,0.042,15
2026-01-09T22:45:00+00:00,SE4,solar,0.041,15
2026-01-09T23:00:00+00:00,SE4,solar,0.038,15
2026-01-09T23:15:00+00:00,SE4,solar,0.037,15
2026-01-09T23:45:00+00:00,SE4,solar,0.038,15
2026-01-10T00:00:00+00:00,SE4,solar,0.041,15
2026-01-10T00:15:00+00:00,SE4,solar,0.042,15
2026-01-10T00:45:00+00:00,SE4,solar,0.041,15
2026-01-10T01:00:00+00:00,SE4,solar,0.035,15
2026-01-10T01:15:00+00:00,SE4,solar,0.033,15
2026-01-10T01:45:00+00:00,SE4,solar,0.035,15
2026-01-10T02:00:00+00:00,SE4,solar,0.037,15
2026-01-10T02:15:00+00:00,SE4,solar,0.038,15
2026-01-10T02:45:00+00:00,SE4,solar,0.037,15
2026-01-10T03:00:00+00:00,SE4,solar,0.035,15
2026-01-10T03:15:00+00:00,SE4,solar,0.034,15
2026-01-10T03:45:00+00:00,SE4,solar,0.035,15
2026-01-10T04:00:00+00:00,SE4,solar,0.037,15
2026-01-10T04:15:00+00:00,SE4,solar,0.038,15
2026-01-10T05:00:00+00:00,SE4,solar,0.04,15
2026-01-10T05:15:00+00:00,SE4,solar,0.041,15
2026-01-10T05:30:00+00:00,SE4,solar,0.042,15
2026-01-10T05:45:00+00:00,SE4,solar,0.043,15
2026-01-10T06:00:00+00:00,SE4,solar,0.048,15
2026-01-10T06:15:00+00:00,SE4,solar,0.051,15
2026-01-10T06:45:00+00:00,SE4,solar,0.048,15
2026-01-10T07:00:00+00:00,SE4,solar,0.116,15
2026-01-10T07:15:00+00:00,SE4,solar,0.212,15
2026-01-10T07:30:00+00:00,SE4,solar,0.394,15
2026-01-10T07:45:00+00:00,SE4,solar,0.699,15
2026-01-10T08:00:00+00:00,SE4,solar,5.466,15
2026-01-10T08:15:00+00:00,SE4,solar,6.624,15
2026-01-10T08:30:00+00:00,SE4,solar,7.917,15
2026-01-10T08:45:00+00:00,SE4,solar,9.343,15
2026-01-10T09:00:00+00:00,SE4,solar,19.475,15
2026-01-10T09:15:00+00:00,SE4,solar,22.231,15
2026-01-10T09:30:00+00:00,SE4,solar,24.621,15
2026-01-10T09:45:00+00:00,SE4,solar,26.941,15
2026-01-10T10:00:00+00:00,SE4,solar,36.867,15
2026-01-10T10:15:00+00:00,SE4,solar,36.305,15
2026-01-10T10:30:00+00:00,SE4,solar,37.853,15
2026-01-10T10:45:00+00:00,SE4,solar,38.942,15
2026-01-10T11:00:00+00:00,SE4,solar,42.981,15
2026-01-10T11:15:00+00:00,SE4,solar,43.573,15
2026-01-10T11:30:00+00:00,SE4,solar,43.423,15
2026-01-10T11:45:00+00:00,SE4,solar,42.689,15
2026-01-10T12:00:00+00:00,SE4,solar,35.793,15
2026-01-10T12:15:00+00:00,SE4,solar,34.342,15
2026-01-10T12:30:00+00:00,SE4,solar,32.882,15
2026-01-10T12:45:00+00:00,SE4,solar,31.452,15
2026-01-10T13:00:00+00:00,SE4,solar,20.969,15
2026-01-10T13:15:00+00:00,SE4,solar,19.218,15
2026-01-10T13:30:00+00:00,SE4,solar,17.022,15
2026-01-10T13:45:00+00:00,SE4,solar,14.986,15
2026-01-10T14:00:00+00:00,SE4,solar,5.566,15
2026-01-10T14:15:00+00:00,SE4,solar,4.224,15
2026-01-10T14:30:00+00:00,SE4,solar,3.179,15
2026-01-10T14:45:00+00:00,SE4,solar,2.331,15
2026-01-10T15:00:00+00:00,SE4,solar,0.062,15
2026-01-10T15:15:00+00:00,SE4,solar,0.057,15
2026-01-10T15:30:00+00:00,SE4,solar,0.055,15
2026-01-10T15:45:00+00:00,SE4,solar,0.052,15
2026-01-10T16:00:00+00:00,SE4,solar,0.051,15
2026-01-10T17:00:00+00:00,SE4,solar,0.05,15
2026-01-10T17:15:00+00:00,SE4,solar,0.049,15
2026-01-10T17:30:00+00:00,SE4,solar,0.048,15
2026-01-10T17:45:00+00:00,SE4,solar,0.047,15
2026-01-10T18:00:00+00:00,SE4,solar,0.045,15
2026-01-10T18:15:00+00:00,SE4,solar,0.044,15
2026-01-10T18:30:00+00:00,SE4,solar,0.043,15
2026-01-10T19:00:00+00:00,SE4,solar,0.04,15
2026-01-10T19:30:00+00:00,SE4,solar,0.039,15
2026-01-10T21:00:00+00:00,SE4,solar,0.036,15
2026-01-10T21:15:00+00:00,SE4,solar,0.034,15
2026-01-10T21:45:00+00:00,SE4,solar,0.036,15
2026-01-10T22:00:00+00:00,SE4,solar,0.041,15
2026-01-10T22:15:00+00:00,SE4,solar,0.043,15
2026-01-10T22:45:00+00:00,SE4,solar,0.04,15
2026-01-10T23:00:00+00:00,SE4,solar,0.039,15
2026-01-10T23:15:00+00:00,SE4,solar,0.038,15
2026-01-10T23:45:00+00:00,SE4,solar,0.039,15
2026-01-11T00:00:00+00:00,SE4,solar,0.04,15
2026-01-11T00:15:00+00:00,SE4,solar,0.041,15
2026-01-11T00:45:00+00:00,SE4,solar,0.04,15
2026-01-11T01:00:00+00:00,SE4,solar,0.034,15
2026-01-11T01:15:00+00:00,SE4,solar,0.032,15
2026-01-11T01:45:00+00:00,SE4,solar,0.034,15
2026-01-11T02:00:00+00:00,SE4,solar,0.035,15
2026-01-11T02:15:00+00:00,SE4,solar,0.036,15
2026-01-11T02:45:00+00:00,SE4,solar,0.035,15
2026-01-11T03:00:00+00:00,SE4,solar,0.033,15
2026-01-11T04:00:00+00:00,SE4,solar,0.035,15
2026-01-11T05:00:00+00:00,SE4,solar,0.04,15
2026-01-11T05:15:00+00:00,SE4,solar,0.041,15
2026-01-11T05:30:00+00:00,SE4,solar,0.042,15
2026-01-11T05:45:00+00:00,SE4,solar,0.044,15
2026-01-11T06:00:00+00:00,SE4,solar,0.052,15
2026-01-11T06:15:00+00:00,SE4,solar,0.055,15
2026-01-11T06:45:00+00:00,SE4,solar,0.052,15
2026-01-11T07:00:00+00:00,SE4,solar,0.136,15
2026-01-11T07:15:00+00:00,SE4,solar,0.251,15
2026-01-11T07:30:00+00:00,SE4,solar,0.466,15
2026-01-11T07:45:00+00:00,SE4,solar,0.856,15
2026-01-11T08:00:00+00:00,SE4,solar,7.228,15
2026-01-11T08:15:00+00:00,SE4,solar,8.808,15
2026-01-11T08:30:00+00:00,SE4,solar,10.464,15
2026-01-11T08:45:00+00:00,SE4,solar,12.187,15
2026-01-11T09:00:00+00:00,SE4,solar,25.997,15
2026-01-11T09:15:00+00:00,SE4,solar,29.132,15
2026-01-11T09:30:00+00:00,SE4,solar,33.311,15
2026-01-11T09:45:00+00:00,SE4,solar,35.235,15
2026-01-11T10:00:00+00:00,SE4,solar,48.984,15
2026-01-11T10:15:00+00:00,SE4,solar,50.514,15
2026-01-11T10:30:00+00:00,SE4,solar,52.742,15
2026-01-11T10:45:00+00:00,SE4,solar,53.451,15
2026-01-11T11:00:00+00:00,SE4,solar,56.235,15
2026-01-11T11:15:00+00:00,SE4,solar,56.547,15
2026-01-11T11:30:00+00:00,SE4,solar,56.832,15
2026-01-11T11:45:00+00:00,SE4,solar,54.062,15
2026-01-11T12:00:00+00:00,SE4,solar,48.077,15
2026-01-11T12:15:00+00:00,SE4,solar,45.612,15
2026-01-11T12:30:00+00:00,SE4,solar,44.274,15
2026-01-11T12:45:00+00:00,SE4,solar,40.667,15
2026-01-11T13:00:00+00:00,SE4,solar,30.458,15
2026-01-11T13:15:00+00:00,SE4,solar,26.444,15
2026-01-11T13:30:00+00:00,SE4,solar,21.228,15
2026-01-11T13:45:00+00:00,SE4,solar,19.03,15
2026-01-11T14:00:00+00:00,SE4,solar,7.29,15
2026-01-11T14:15:00+00:00,SE4,solar,5.652,15
2026-01-11T14:30:00+00:00,SE4,solar,4.576,15
2026-01-11T14:45:00+00:00,SE4,solar,3.706,15
2026-01-11T15:00:00+00:00,SE4,solar,0.053,15
2026-01-11T15:15:00+00:00,SE4,solar,0.051,15
2026-01-11T15:30:00+00:00,SE4,solar,0.049,15
2026-01-11T15:45:00+00:00,SE4,solar,0.047,15
2026-01-11T16:15:00+00:00,SE4,solar,0.048,15
2026-01-11T16:30:00+00:00,SE4,solar,0.047,15
2026-01-11T17:15:00+00:00,SE4,solar,0.046,15
2026-01-11T17:45:00+00:00,SE4,solar,0.045,15
2026-01-11T18:00:00+00:00,SE4,solar,0.044,15
2026-01-11T18:15:00+00:00,SE4,solar,0.043,15
2026-01-11T18:45:00+00:00,SE4,solar,0.042,15
2026-01-11T19:00:00+00:00,SE4,solar,0.039,15
2026-01-11T19:15:00+00:00,SE4,solar,0.038,15
2026-01-11T19:30:00+00:00,SE4,solar,0.039,15
2026-01-11T19:45:00+00:00,SE4,solar,0.04,15
2026-01-11T20:00:00+00:00,SE4,solar,0.039,15
2026-01-11T20:15:00+00:00,SE4,solar,0.04,15
2026-01-11T21:00:00+00:00,SE4,solar,0.038,15
2026-01-11T22:00:00+00:00,SE4,solar,0.042,15
2026-01-11T22:15:00+00:00,SE4,solar,0.043,15
2026-01-11T22:45:00+00:00,SE4,solar,0.04,15
2026-01-11T23:00:00+00:00,SE4,solar,0.036,15
2026-01-11T23:45:00+00:00,SE4,solar,0.035,15
2026-01-12T00:00:00+00:00,SE4,solar,0.037,15
2026-01-12T01:00:00+00:00,SE4,solar,0.031,15
2026-01-12T01:15:00+00:00,SE4,solar,0.03,15
2026-01-12T01:45:00+00:00,SE4,solar,0.031,15
2026-01-12T02:00:00+00:00,SE4,solar,0.038,15
2026-01-12T02:15:00+00:00,SE4,solar,0.039,15
2026-01-12T02:45:00+00:00,SE4,solar,0.038,15
2026-01-12T03:00:00+00:00,SE4,solar,0.036,15
2026-01-12T04:00:00+00:00,SE4,solar,0.039,15
2026-01-12T04:15:00+00:00,SE4,solar,0.038,15
2026-01-12T05:00:00+00:00,SE4,solar,0.04,15
2026-01-12T06:00:00+00:00,SE4,solar,0.051,15
2026-01-12T06:15:00+00:00,SE4,solar,0.053,15
2026-01-12T06:30:00+00:00,SE4,solar,0.052,15
2026-01-12T06:45:00+00:00,SE4,solar,0.05,15
2026-01-12T07:00:00+00:00,SE4,solar,0.121,15
2026-01-12T07:15:00+00:00,SE4,solar,0.208,15
2026-01-12T07:30:00+00:00,SE4,solar,0.359,15
2026-01-12T07:45:00+00:00,SE4,solar,0.571,15
2026-01-12T08:00:00+00:00,SE4,solar,4.541,15
2026-01-12T08:15:00+00:00,SE4,solar,5.027,15
2026-01-12T08:30:00+00:00,SE4,solar,5.819,15
2026-01-12T08:45:00+00:00,SE4,solar,6.34,15
2026-01-12T09:00:00+00:00,SE4,solar,11.445,15
2026-01-12T09:15:00+00:00,SE4,solar,11.92,15
2026-01-12T09:30:00+00:00,SE4,solar,12.345,15
2026-01-12T09:45:00+00:00,SE4,solar,14.099,15
2026-01-12T10:00:00+00:00,SE4,solar,17.498,15
2026-01-12T10:15:00+00:00,SE4,solar,17.966,15
2026-01-12T10:30:00+00:00,SE4,solar,18.432,15
2026-01-12T10:45:00+00:00,SE4,solar,18.447,15
2026-01-12T11:00:00+00:00,SE4,solar,17.018,15
2026-01-12T11:15:00+00:00,SE4,solar,16.987,15
2026-01-12T11:30:00+00:00,SE4,solar,16.629,15
2026-01-12T11:45:00+00:00,SE4,solar,16.262,15
2026-01-12T12:00:00+00:00,SE4,solar,14.067,15
2026-01-12T12:15:00+00:00,SE4,solar,13.441,15
2026-01-12T12:30:00+00:00,SE4,solar,12.627,15
2026-01-12T12:45:00+00:00,SE4,solar,11.969,15
2026-01-12T13:00:00+00:00,SE4,solar,7.579,15
2026-01-12T13:15:00+00:00,SE4,solar,6.791,15
2026-01-12T13:30:00+00:00,SE4,solar,6.05,15
2026-01-12T13:45:00+00:00,SE4,solar,5.593,15
2026-01-12T14:00:00+00:00,SE4,solar,1.259,15
2026-01-12T14:15:00+00:00,SE4,solar,0.932,15
2026-01-12T14:30:00+00:00,SE4,solar,0.706,15
2026-01-12T14:45:00+00:00,SE4,solar,0.592,15
2026-01-12T15:00:00+00:00,SE4,solar,0.045,15
2026-01-12T15:15:00+00:00,SE4,solar,0.044,15
2026-01-12T15:45:00+00:00,SE4,solar,0.043,15
2026-01-12T16:00:00+00:00,SE4,solar,0.048,15
2026-01-12T16:45:00+00:00,SE4,solar,0.049,15
2026-01-12T17:00:00+00:00,SE4,solar,0.048,15
2026-01-12T17:15:00+00:00,SE4,solar,0.049,15
2026-01-12T17:30:00+00:00,SE4,solar,0.048,15
2026-01-12T17:45:00+00:00,SE4,solar,0.047,15
2026-01-12T18:00:00+00:00,SE4,solar,0.044,15
2026-01-12T18:30:00+00:00,SE4,solar,0.042,15
2026-01-12T18:45:00+00:00,SE4,solar,0.041,15
2026-01-12T19:00:00+00:00,SE4,solar,0.044,15
2026-01-12T19:15:00+00:00,SE4,solar,0.047,15
2026-01-12T19:45:00+00:00,SE4,solar,0.043,15
2026-01-12T20:00:00+00:00,SE4,solar,0.038,15
2026-01-12T20:15:00+00:00,SE4,solar,0.037,15
2026-01-12T20:45:00+00:00,SE4,solar,0.036,15
2026-01-12T21:00:00+00:00,SE4,solar,0.033,15
2026-01-12T21:15:00+00:00,SE4,solar,0.032,15
2026-01-12T21:45:00+00:00,SE4,solar,0.033,15
2026-01-12T22:00:00+00:00,SE4,solar,0.038,15
2026-01-12T22:15:00+00:00,SE4,solar,0.04,15
2026-01-12T22:45:00+00:00,SE4,solar,0.038,15
2026-01-12T23:00:00+00:00,SE4,solar,0.046,15
2026-01-12T23:15:00+00:00,SE4,solar,0.047,15
2026-01-12T23:45:00+00:00,SE4,solar,0.045,15
2026-01-13T00:00:00+00:00,SE4,solar,0.037,15
2026-01-13T01:00:00+00:00,SE4,solar,0.033,15
2026-01-13T01:15:00+00:00,SE4,solar,0.031,15
2026-01-13T01:30:00+00:00,SE4,solar,0.032,15
2026-01-13T01:45:00+00:00,SE4,solar,0.035,15
2026-01-13T02:00:00+00:00,SE4,solar,0.04,15
2026-01-13T02:15:00+00:00,SE4,solar,0.042,15
2026-01-13T02:45:00+00:00,SE4,solar,0.04,15
2026-01-13T03:00:00+00:00,SE4,solar,0.132,15
2026-01-13T03:45:00+00:00,SE4,solar,0.133,15
2026-01-13T04:00:00+00:00,SE4,solar,0.136,15
2026-01-13T05:00:00+00:00,SE4,solar,0.14,15
2026-01-13T05:15:00+00:00,SE4,solar,0.141,15
2026-01-13T06:00:00+00:00,SE4,solar,0.228,15
2026-01-13T06:15:00+00:00,SE4,solar,0.229,15
2026-01-13T06:45:00+00:00,SE4,solar,0.228,15
2026-01-13T07:00:00+00:00,SE4,solar,0.331,15
2026-01-13T07:15:00+00:00,SE4,solar,0.38,15
2026-01-13T07:30:00+00:00,SE4,solar,0.428,15
2026-01-13T07:45:00+00:00,SE4,solar,0.484,15
2026-01-13T08:00:00+00:00,SE4,solar,1.489,15
2026-01-13T08:15:00+00:00,SE4,solar,1.642,15
2026-01-13T08:30:00+00:00,SE4,solar,1.818,15
2026-01-13T08:45:00+00:00,SE4,solar,1.97,15
2026-01-13T09:00:00+00:00,SE4,solar,3.975,15
2026-01-13T09:15:00+00:00,SE4,solar,4.223,15
2026-01-13T09:30:00+00:00,SE4,solar,4.465,15
2026-01-13T09:45:00+00:00,SE4,solar,4.697,15
2026-01-13T10:00:00+00:00,SE4,solar,7.445,15
2026-01-13T10:15:00+00:00,SE4,solar,7.562,15
2026-01-13T10:30:00+00:00,SE4,solar,7.611,15
2026-01-13T10:45:00+00:00,SE4,solar,7.759,15
2026-01-13T11:00:00+00:00,SE4,solar,7.435,15
2026-01-13T11:15:00+00:00,SE4,solar,7.414,15
2026-01-13T11:30:00+00:00,SE4,solar,7.347,15
2026-01-13T11:45:00+00:00,SE4,solar,7.154,15
2026-01-13T12:00:00+00:00,SE4,solar,4.932,15
2026-01-13T12:15:00+00:00,SE4,solar,4.782,15
2026-01-13T12:30:00+00:00,SE4,solar,4.615,15
2026-01-13T12:45:00+00:00,SE4,solar,4.47,15
2026-01-13T13:00:00+00:00,SE4,solar,2.724,15
2026-01-13T13:15:00+00:00,SE4,solar,2.555,15
2026-01-13T13:30:00+00:00,SE4,solar,2.441,15
2026-01-13T13:45:00+00:00,SE4,solar,2.304,15
2026-01-13T14:00:00+00:00,SE4,solar,0.773,15
2026-01-13T14:15:00+00:00,SE4,solar,0.671,15
2026-01-13T14:30:00+00:00,SE4,solar,0.564,15
2026-01-13T14:45:00+00:00,SE4,solar,0.489,15
2026-01-13T15:00:00+00:00,SE4,solar,0.149,15
2026-01-13T15:15:00+00:00,SE4,solar,0.148,15
2026-01-13T15:45:00+00:00,SE4,solar,0.149,15
2026-01-13T16:00:00+00:00,SE4,solar,0.244,15
2026-01-13T16:15:00+00:00,SE4,solar,0.245,15
2026-01-13T16:30:00+00:00,SE4,solar,0.246,15
2026-01-13T16:45:00+00:00,SE4,solar,0.247,15
2026-01-13T17:00:00+00:00,SE4,solar,0.198,15
2026-01-13T17:30:00+00:00,SE4,solar,0.197,15
2026-01-13T17:45:00+00:00,SE4,solar,0.196,15
2026-01-13T18:00:00+00:00,SE4,solar,0.142,15
2026-01-13T18:30:00+00:00,SE4,solar,0.14,15
2026-01-13T18:45:00+00:00,SE4,solar,0.139,15
2026-01-13T19:00:00+00:00,SE4,solar,0.138,15
2026-01-13T20:00:00+00:00,SE4,solar,0.038,15
2026-01-13T20:30:00+00:00,SE4,solar,0.037,15
2026-01-13T21:00:00+00:00,SE4,solar,0.036,15
2026-01-13T22:00:00+00:00,SE4,solar,0.043,15
2026-01-13T22:15:00+00:00,SE4,solar,0.045,15
2026-01-13T22:45:00+00:00,SE4,solar,0.043,15
2026-01-13T23:00:00+00:00,SE4,solar,0.04,15
2026-01-13T23:15:00+00:00,SE4,solar,0.042,15
2026-01-13T23:30:00+00:00,SE4,solar,0.043,15
2026-01-13T23:45:00+00:00,SE4,solar,0.045,15
2026-01-14T00:00:00+00:00,SE4,solar,0.053,15
2026-01-14T00:15:00+00:00,SE4,solar,0.059,15
2026-01-14T00:45:00+00:00,SE4,solar,0.053,15
2026-01-14T01:00:00+00:00,SE4,solar,0.034,15
2026-01-14T01:15:00+00:00,SE4,solar,0.031,15
2026-01-14T01:45:00+00:00,SE4,solar,0.034,15
2026-01-14T02:00:00+00:00,SE4,solar,0.039,15
2026-01-14T02:15:00+00:00,SE4,solar,0.042,15
2026-01-14T02:45:00+00:00,SE4,solar,0.039,15
2026-01-14T03:00:00+00:00,SE4,solar,0.035,15
2026-01-14T03:15:00+00:00,SE4,solar,0.034,15
2026-01-14T03:45:00+00:00,SE4,solar,0.035,15
2026-01-14T04:00:00+00:00,SE4,solar,0.037,15
2026-01-14T05:00:00+00:00,SE4,solar,0.041,15
2026-01-14T05:30:00+00:00,SE4,solar,0.042,15
2026-01-14T06:00:00+00:00,SE4,solar,0.053,15
2026-01-14T06:15:00+00:00,SE4,solar,0.054,15
2026-01-14T06:45:00+00:00,SE4,solar,0.053,15
2026-01-14T07:00:00+00:00,SE4,solar,0.167,15
2026-01-14T07:15:00+00:00,SE4,solar,0.176,15
2026-01-14T07:30:00+00:00,SE4,solar,0.216,15
2026-01-14T07:45:00+00:00,SE4,solar,0.284,15
2026-01-14T08:00:00+00:00,SE4,solar,1.105,15
2026-01-14T08:15:00+00:00,SE4,solar,1.214,15
2026-01-14T08:30:00+00:00,SE4,solar,1.376,15
2026-01-14T08:45:00+00:00,SE4,solar,1.608,15
2026-01-14T09:00:00+00:00,SE4,solar,3.02,15
2026-01-14T09:15:00+00:00,SE4,solar,3.408,15
2026-01-14T09:30:00+00:00,SE4,solar,3.87,15
2026-01-14T09:45:00+00:00,SE4,solar,4.404,15
2026-01-14T10:00:00+00:00,SE4,solar,10.683,15
2026-01-14T10:15:00+00:00,SE4,solar,11.534,15
2026-01-14T10:30:00+00:00,SE4,solar,12.495,15
2026-01-14T10:45:00+00:00,SE4,solar,13.455,15
2026-01-14T11:00:00+00:00,SE4,solar,16.632,15
2026-01-14T11:15:00+00:00,SE4,solar,17.796,15
2026-01-14T11:30:00+00:00,SE4,solar,18.395,15
2026-01-14T11:45:00+00:00,SE4,solar,19.03,15
2026-01-14T12:00:00+00:00,SE4,solar,18.883,15
2026-01-14T12:15:00+00:00,SE4,solar,18.639,15
2026-01-14T12:30:00+00:00,SE4,solar,18.22,15
2026-01-14T12:45:00+00:00,SE4,solar,17.909,15
2026-01-14T13:00:00+00:00,SE4,solar,12.949,15
2026-01-14T13:15:00+00:00,SE4,solar,12.016,15
2026-01-14T13:30:00+00:00,SE4,solar,10.681,15
2026-01-14T13:45:00+00:00,SE4,solar,9.314,15
2026-01-14T14:00:00+00:00,SE4,solar,4.455,15
2026-01-14T14:15:00+00:00,SE4,solar,4.236,15
2026-01-14T14:30:00+00:00,SE4,solar,2.919,15
2026-01-14T14:45:00+00:00,SE4,solar,1.88,15
2026-01-14T15:00:00+00:00,SE4,solar,0.155,15
2026-01-14T15:15:00+00:00,SE4,solar,0.152,15
2026-01-14T15:30:00+00:00,SE4,solar,0.15,15
2026-01-14T15:45:00+00:00,SE4,solar,0.149,15
2026-01-14T16:00:00+00:00,SE4,solar,0.153,15
2026-01-14T17:00:00+00:00,SE4,solar,0.154,15
2026-01-14T17:15:00+00:00,SE4,solar,0.153,15
2026-01-14T17:30:00+00:00,SE4,solar,0.152,15
2026-01-14T17:45:00+00:00,SE4,solar,0.151,15
2026-01-14T18:00:00+00:00,SE4,solar,0.046,15
2026-01-14T18:15:00+00:00,SE4,solar,0.045,15
2026-01-14T18:45:00+00:00,SE4,solar,0.044,15
2026-01-14T19:00:00+00:00,SE4,solar,0.043,15
2026-01-14T19:15:00+00:00,SE4,solar,0.042,15
2026-01-14T20:00:00+00:00,SE4,solar,0.041,15
2026-01-14T20:15:00+00:00,SE4,solar,0.04,15
2026-01-14T20:30:00+00:00,SE4,solar,0.039,15
2026-01-14T21:00:00+00:00,SE4,solar,0.036,15
2026-01-14T21:15:00+00:00,SE4,solar,0.035,15
2026-01-14T22:00:00+00:00,SE4,solar,0.045,15
2026-01-14T22:15:00+00:00,SE4,solar,0.047,15
2026-01-14T22:45:00+00:00,SE4,solar,0.045,15
2026-01-14T23:00:00+00:00,SE4,solar,0.041,15
2026-01-14T23:15:00+00:00,SE4,solar,0.04,15
2026-01-15T01:00:00+00:00,SE4,solar,0.034,15
2026-01-15T01:15:00+00:00,SE4,solar,0.033,15
2026-01-15T01:45:00+00:00,SE4,solar,0.034,15
2026-01-15T02:00:00+00:00,SE4,solar,0.037,15
2026-01-15T02:15:00+00:00,SE4,solar,0.038,15
2026-01-15T02:45:00+00:00,SE4,solar,0.037,15
2026-01-15T03:45:00+00:00,SE4,solar,0.038,15
2026-01-15T04:00:00+00:00,SE4,solar,0.04,15
2026-01-15T05:00:00+00:00,SE4,solar,0.044,15
2026-01-15T06:00:00+00:00,SE4,solar,0.058,15
2026-01-15T06:15:00+00:00,SE4,solar,0.06,15
2026-01-15T06:45:00+00:00,SE4,solar,0.058,15
2026-01-15T07:00:00+00:00,SE4,solar,0.166,15
2026-01-15T07:15:00+00:00,SE4,solar,0.377,15
2026-01-15T07:30:00+00:00,SE4,solar,0.672,15
2026-01-15T07:45:00+00:00,SE4,solar,1.101,15
2026-01-15T08:00:00+00:00,SE4,solar,5.603,15
2026-01-15T08:15:00+00:00,SE4,solar,6.437,15
2026-01-15T08:30:00+00:00,SE4,solar,7.38,15
2026-01-15T08:45:00+00:00,SE4,solar,8.622,15
2026-01-15T09:00:00+00:00,SE4,solar,16.5,15
2026-01-15T09:15:00+00:00,SE4,solar,17.558,15
2026-01-15T09:30:00+00:00,SE4,solar,19.188,15
2026-01-15T09:45:00+00:00,SE4,solar,20.363,15
2026-01-15T10:00:00+00:00,SE4,solar,24.392,15
2026-01-15T10:15:00+00:00,SE4,solar,24.953,15
2026-01-15T10:30:00+00:00,SE4,solar,25.663,15
2026-01-15T10:45:00+00:00,SE4,solar,25.78,15
2026-01-15T11:00:00+00:00,SE4,solar,21.346,15
2026-01-15T11:15:00+00:00,SE4,solar,20.747,15
2026-01-15T11:30:00+00:00,SE4,solar,19.91,15
2026-01-15T11:45:00+00:00,SE4,solar,18.716,15
2026-01-15T12:00:00+00:00,SE4,solar,13.805,15
2026-01-15T12:15:00+00:00,SE4,solar,12.629,15
2026-01-15T12:30:00+00:00,SE4,solar,11.48,15
2026-01-15T12:45:00+00:00,SE4,solar,10.485,15
2026-01-15T13:00:00+00:00,SE4,solar,7.629,15
2026-01-15T13:15:00+00:00,SE4,solar,6.591,15
2026-01-15T13:30:00+00:00,SE4,solar,5.847,15
2026-01-15T13:45:00+00:00,SE4,solar,5.205,15
2026-01-15T14:00:00+00:00,SE4,solar,2.361,15
2026-01-15T14:15:00+00:00,SE4,solar,1.814,15
2026-01-15T14:30:00+00:00,SE4,solar,1.557,15
2026-01-15T14:45:00+00:00,SE4,solar,1.329,15
2026-01-15T15:00:00+00:00,SE4,solar,0.053,15
2026-01-15T15:15:00+00:00,SE4,solar,0.052,15
2026-01-15T15:45:00+00:00,SE4,solar,0.053,15
2026-01-15T16:00:00+00:00,SE4,solar,0.051,15
2026-01-15T16:30:00+00:00,SE4,solar,0.052,15
2026-01-15T17:00:00+00:00,SE4,solar,0.062,15
2026-01-15T17:15:00+00:00,SE4,solar,0.065,15
2026-01-15T17:30:00+00:00,SE4,solar,0.064,15
2026-01-15T17:45:00+00:00,SE4,solar,0.059,15
2026-01-15T18:00:00+00:00,SE4,solar,0.05,15
2026-01-15T18:15:00+00:00,SE4,solar,0.047,15
2026-01-15T18:45:00+00:00,SE4,solar,0.048,15
2026-01-15T19:00:00+00:00,SE4,solar,0.054,15
2026-01-15T19:15:00+00:00,SE4,solar,0.057,15
2026-01-15T19:45:00+00:00,SE4,solar,0.053,15
2026-01-15T20:00:00+00:00,SE4,solar,0.046,15
2026-01-15T20:15:00+00:00,SE4,solar,0.044,15
2026-01-15T20:30:00+00:00,SE4,solar,0.042,15
2026-01-15T20:45:00+00:00,SE4,solar,0.04,15
2026-01-15T21:00:00+00:00,SE4,solar,0.039,15
2026-01-15T22:00:00+00:00,SE4,solar,0.047,15
2026-01-15T22:15:00+00:00,SE4,solar,0.048,15
2026-01-15T22:45:00+00:00,SE4,solar,0.047,15
2026-01-15T23:00:00+00:00,SE4,solar,0.044,15
2026-01-15T23:15:00+00:00,SE4,solar,0.045,15
2026-01-15T23:45:00+00:00,SE4,solar,0.044,15
2026-01-16T00:15:00+00:00,SE4,solar,0.045,15
2026-01-16T00:30:00+00:00,SE4,solar,0.044,15
2026-01-16T00:45:00+00:00,SE4,solar,0.043,15
2026-01-16T01:00:00+00:00,SE4,solar,0.037,15
2026-01-16T01:15:00+00:00,SE4,solar,0.036,15
2026-01-16T01:45:00+00:00,SE4,solar,0.037,15
2026-01-16T02:00:00+00:00,SE4,solar,0.039,15
2026-01-16T02:15:00+00:00,SE4,solar,0.04,15
2026-01-16T02:30:00+00:00,SE4,solar,0.041,15
2026-01-16T02:45:00+00:00,SE4,solar,0.04,15
2026-01-16T03:15:00+00:00,SE4,solar,0.039,15
2026-01-16T03:45:00+00:00,SE4,solar,0.04,15
2026-01-16T04:00:00+00:00,SE4,solar,0.044,15
2026-01-16T04:45:00+00:00,SE4,solar,0.045,15
2026-01-16T05:00:00+00:00,SE4,solar,0.048,15
2026-01-16T06:00:00+00:00,SE4,solar,0.064,15
2026-01-16T06:15:00+00:00,SE4,solar,0.066,15
2026-01-16T06:45:00+00:00,SE4,solar,0.063,15
2026-01-16T07:00:00+00:00,SE4,solar,0.119,15
2026-01-16T07:15:00+00:00,SE4,solar,0.251,15
2026-01-16T07:30:00+00:00,SE4,solar,0.442,15
2026-01-16T07:45:00+00:00,SE4,solar,0.732,15
2026-01-16T08:00:00+00:00,SE4,solar,5.01,15
2026-01-16T08:15:00+00:00,SE4,solar,5.898,15
2026-01-16T08:30:00+00:00,SE4,solar,6.684,15
2026-01-16T08:45:00+00:00,SE4,solar,7.529,15
2026-01-16T09:00:00+00:00,SE4,solar,11.708,15
2026-01-16T09:15:00+00:00,SE4,solar,12.589,15
2026-01-16T09:30:00+00:00,SE4,solar,14.047,15
2026-01-16T09:45:00+00:00,SE4,solar,15.107,15
2026-01-16T10:00:00+00:00,SE4,solar,22.3,15
2026-01-16T10:15:00+00:00,SE4,solar,22.832,15
2026-01-16T10:30:00+00:00,SE4,solar,23.569,15
2026-01-16T10:45:00+00:00,SE4,solar,23.969,15
2026-01-16T11:00:00+00:00,SE4,solar,21.682,15
2026-01-16T11:15:00+00:00,SE4,solar,21.494,15
2026-01-16T11:30:00+00:00,SE4,solar,21.325,15
2026-01-16T11:45:00+00:00,SE4,solar,20.887,15
2026-01-16T12:00:00+00:00,SE4,solar,16.687,15
2026-01-16T12:15:00+00:00,SE4,solar,15.274,15
2026-01-16T12:30:00+00:00,SE4,solar,14.431,15
2026-01-16T12:45:00+00:00,SE4,solar,13.559,15
2026-01-16T13:00:00+00:00,SE4,solar,9.282,15
2026-01-16T13:15:00+00:00,SE4,solar,7.661,15
2026-01-16T13:30:00+00:00,SE4,solar,6.899,15
2026-01-16T13:45:00+00:00,SE4,solar,6.147,15
2026-01-16T14:00:00+00:00,SE4,solar,2.606,15
2026-01-16T14:15:00+00:00,SE4,solar,1.833,15
2026-01-16T14:30:00+00:00,SE4,solar,1.516,15
2026-01-16T14:45:00+00:00,SE4,solar,1.261,15
2026-01-16T15:00:00+00:00,SE4,solar,0.217,15
2026-01-16T15:15:00+00:00,SE4,solar,0.203,15
2026-01-16T15:30:00+00:00,SE4,solar,0.192,15
2026-01-16T15:45:00+00:00,SE4,solar,0.18,15
2026-01-16T16:00:00+00:00,SE4,solar,0.058,15
2026-01-16T16:30:00+00:00,SE4,solar,0.057,15
2026-01-16T17:00:00+00:00,SE4,solar,0.06,15
2026-01-16T17:15:00+00:00,SE4,solar,0.061,15
2026-01-16T17:30:00+00:00,SE4,solar,0.06,15
2026-01-16T17:45:00+00:00,SE4,solar,0.057,15
2026-01-16T18:00:00+00:00,SE4,solar,0.05,15
2026-01-16T18:15:00+00:00,SE4,solar,0.049,15
2026-01-16T18:30:00+00:00,SE4,solar,0.048,15
2026-01-16T18:45:00+00:00,SE4,solar,0.047,15
2026-01-16T19:45:00+00:00,SE4,solar,0.046,15
2026-01-16T20:00:00+00:00,SE4,solar,0.044,15
2026-01-16T20:30:00+00:00,SE4,solar,0.042,15
2026-01-16T22:00:00+00:00,SE4,solar,0.051,15
2026-01-16T22:15:00+00:00,SE4,solar,0.053,15
2026-01-16T22:45:00+00:00,SE4,solar,0.051,15
2026-01-16T23:00:00+00:00,SE4,solar,0.054,15
2026-01-16T23:15:00+00:00,SE4,solar,0.053,15
2026-01-16T23:30:00+00:00,SE4,solar,0.052,15
2026-01-16T23:45:00+00:00,SE4,solar,0.051,15
2026-01-17T00:00:00+00:00,SE4,solar,0.048,15
2026-01-17T00:15:00+00:00,SE4,solar,0.049,15
2026-01-17T00:45:00+00:00,SE4,solar,0.048,15
2026-01-17T01:00:00+00:00,SE4,solar,0.042,15
2026-01-17T01:15:00+00:00,SE4,solar,0.04,15
2026-01-17T01:45:00+00:00,SE4,solar,0.042,15
2026-01-17T02:00:00+00:00,SE4,solar,0.055,15
2026-01-17T02:15:00+00:00,SE4,solar,0.056,15
2026-01-17T02:45:00+00:00,SE4,solar,0.055,15
2026-01-17T03:15:00+00:00,SE4,solar,0.054,15
2026-01-17T03:45:00+00:00,SE4,solar,0.055,15
2026-01-17T04:00:00+00:00,SE4,solar,0.063,15
2026-01-17T04:15:00+00:00,SE4,solar,0.064,15
2026-01-17T05:00:00+00:00,SE4,solar,0.072,15
2026-01-17T05:15:00+00:00,SE4,solar,0.073,15
2026-01-17T05:45:00+00:00,SE4,solar,0.074,15
2026-01-17T06:00:00+00:00,SE4,solar,0.087,15
2026-01-17T06:15:00+00:00,SE4,solar,0.089,15
2026-01-17T06:45:00+00:00,SE4,solar,0.087,15
2026-01-17T07:00:00+00:00,SE4,solar,0.142,15
2026-01-17T07:15:00+00:00,SE4,solar,0.254,15
2026-01-17T07:30:00+00:00,SE4,solar,0.41,15
2026-01-17T07:45:00+00:00,SE4,solar,0.639,15
2026-01-17T08:00:00+00:00,SE4,solar,2.318,15
2026-01-17T08:15:00+00:00,SE4,solar,2.779,15
2026-01-17T08:30:00+00:00,SE4,solar,3.28,15
2026-01-17T08:45:00+00:00,SE4,solar,3.79,15
2026-01-17T09:00:00+00:00,SE4,solar,9.145,15
2026-01-17T09:15:00+00:00,SE4,solar,9.726,15
2026-01-17T09:30:00+00:00,SE4,solar,10.285,15
2026-01-17T09:45:00+00:00,SE4,solar,10.762,15
2026-01-17T10:00:00+00:00,SE4,solar,12.522,15
2026-01-17T10:15:00+00:00,SE4,solar,12.924,15
2026-01-17T10:30:00+00:00,SE4,solar,13.267,15
2026-01-17T10:45:00+00:00,SE4,solar,13.558,15
2026-01-17T11:00:00+00:00,SE4,solar,15.47,15
2026-01-17T11:30:00+00:00,SE4,solar,15.405,15
2026-01-17T11:45:00+00:00,SE4,solar,15.215,15
2026-01-17T12:00:00+00:00,SE4,solar,13.262,15
2026-01-17T12:15:00+00:00,SE4,solar,12.605,15
2026-01-17T12:30:00+00:00,SE4,solar,12.127,15
2026-01-17T12:45:00+00:00,SE4,solar,11.628,15
2026-01-17T13:00:00+00:00,SE4,solar,9.134,15
2026-01-17T13:15:00+00:00,SE4,solar,8.393,15
2026-01-17T13:30:00+00:00,SE4,solar,7.982,15
2026-01-17T13:45:00+00:00,SE4,solar,7.58,15
2026-01-17T14:00:00+00:00,SE4,solar,2.387,15
2026-01-17T14:15:00+00:00,SE4,solar,1.934,15
2026-01-17T14:30:00+00:00,SE4,solar,1.628,15
2026-01-17T14:45:00+00:00,SE4,solar,1.366,15
2026-01-17T15:00:00+00:00,SE4,solar,0.2,15
2026-01-17T15:15:00+00:00,SE4,solar,0.193,15
2026-01-17T15:30:00+00:00,SE4,solar,0.185,15
2026-01-17T15:45:00+00:00,SE4,solar,0.176,15
2026-01-17T16:00:00+00:00,SE4,solar,0.056,15
2026-01-17T16:15:00+00:00,SE4,solar,0.054,15
2026-01-17T16:30:00+00:00,SE4,solar,0.055,15
2026-01-17T17:00:00+00:00,SE4,solar,0.059,15
2026-01-17T17:15:00+00:00,SE4,solar,0.06,15
2026-01-17T17:30:00+00:00,SE4,solar,0.059,15
2026-01-17T17:45:00+00:00,SE4,solar,0.056,15
2026-01-17T18:00:00+00:00,SE4,solar,0.049,15
2026-01-17T18:30:00+00:00,SE4,solar,0.047,15
2026-01-17T19:45:00+00:00,SE4,solar,0.046,15
2026-01-17T20:00:00+00:00,SE4,solar,0.045,15
2026-01-17T20:15:00+00:00,SE4,solar,0.043,15
2026-01-17T20:30:00+00:00,SE4,solar,0.044,15
2026-01-17T21:00:00+00:00,SE4,solar,0.042,15
2026-01-17T21:15:00+00:00,SE4,solar,0.041,15
2026-01-17T21:45:00+00:00,SE4,solar,0.042,15
2026-01-17T22:00:00+00:00,SE4,solar,0.047,15
2026-01-17T22:15:00+00:00,SE4,solar,0.049,15
2026-01-17T22:45:00+00:00,SE4,solar,0.047,15
2026-01-17T23:00:00+00:00,SE4,solar,0.042,15
2026-01-18T00:15:00+00:00,SE4,solar,0.043,15
2026-01-18T00:45:00+00:00,SE4,solar,0.042,15
2026-01-18T01:00:00+00:00,SE4,solar,0.037,15
2026-01-18T01:15:00+00:00,SE4,solar,0.035,15
2026-01-18T01:45:00+00:00,SE4,solar,0.037,15
2026-01-18T02:00:00+00:00,SE4,solar,0.04,15
2026-01-18T02:15:00+00:00,SE4,solar,0.041,15
2026-01-18T02:45:00+00:00,SE4,solar,0.04,15
2026-01-18T03:00:00+00:00,SE4,solar,0.188,15
2026-01-18T03:15:00+00:00,SE4,solar,0.187,15
2026-01-18T03:45:00+00:00,SE4,solar,0.188,15
2026-01-18T04:00:00+00:00,SE4,solar,0.141,15
2026-01-18T04:15:00+00:00,SE4,solar,0.142,15
2026-01-18T05:00:00+00:00,SE4,solar,0.192,15
2026-01-18T06:00:00+00:00,SE4,solar,0.248,15
2026-01-18T07:00:00+00:00,SE4,solar,0.513,15
2026-01-18T07:15:00+00:00,SE4,solar,0.852,15
2026-01-18T07:30:00+00:00,SE4,solar,1.339,15
2026-01-18T07:45:00+00:00,SE4,solar,1.982,15
2026-01-18T08:00:00+00:00,SE4,solar,6.646,15
2026-01-18T08:15:00+00:00,SE4,solar,7.989,15
2026-01-18T08:30:00+00:00,SE4,solar,9.418,15
2026-01-18T08:45:00+00:00,SE4,solar,10.94,15
2026-01-18T09:00:00+00:00,SE4,solar,18.091,15
2026-01-18T09:15:00+00:00,SE4,solar,20.067,15
2026-01-18T09:30:00+00:00,SE4,solar,22.074,15
2026-01-18T09:45:00+00:00,SE4,solar,24.029,15
2026-01-18T10:00:00+00:00,SE4,solar,37.608,15
2026-01-18T10:15:00+00:00,SE4,solar,39.408,15
2026-01-18T10:30:00+00:00,SE4,solar,41.061,15
2026-01-18T10:45:00+00:00,SE4,solar,42.497,15
2026-01-18T11:00:00+00:00,SE4,solar,46.141,15
2026-01-18T11:15:00+00:00,SE4,solar,47.22,15
2026-01-18T11:30:00+00:00,SE4,solar,47.299,15
2026-01-18T11:45:00+00:00,SE4,solar,46.316,15
2026-01-18T12:00:00+00:00,SE4,solar,42.249,15
2026-01-18T12:15:00+00:00,SE4,solar,40.06,15
2026-01-18T12:30:00+00:00,SE4,solar,38.573,15
2026-01-18T12:45:00+00:00,SE4,solar,36.857,15
2026-01-18T13:00:00+00:00,SE4,solar,22.216,15
2026-01-18T13:15:00+00:00,SE4,solar,19.116,15
2026-01-18T13:30:00+00:00,SE4,solar,17.259,15
2026-01-18T13:45:00+00:00,SE4,solar,15.416,15
2026-01-18T14:00:00+00:00,SE4,solar,7.186,15
2026-01-18T14:15:00+00:00,SE4,solar,5.476,15
2026-01-18T14:30:00+00:00,SE4,solar,4.236,15
2026-01-18T14:45:00+00:00,SE4,solar,3.213,15
2026-01-18T15:00:00+00:00,SE4,solar,0.46,15
2026-01-18T15:15:00+00:00,SE4,solar,0.388,15
2026-01-18T15:30:00+00:00,SE4,solar,0.341,15
2026-01-18T15:45:00+00:00,SE4,solar,0.294,15
2026-01-18T16:00:00+00:00,SE4,solar,0.347,15
2026-01-18T16:15:00+00:00,SE4,solar,0.346,15
2026-01-18T16:45:00+00:00,SE4,solar,0.345,15
2026-01-18T17:00:00+00:00,SE4,solar,0.303,15
2026-01-18T17:15:00+00:00,SE4,solar,0.304,15
2026-01-18T17:30:00+00:00,SE4,solar,0.303,15
2026-01-18T17:45:00+00:00,SE4,solar,0.3,15
2026-01-18T18:00:00+00:00,SE4,solar,0.144,15
2026-01-18T18:15:00+00:00,SE4,solar,0.143,15
2026-01-18T18:45:00+00:00,SE4,solar,0.142,15
2026-01-18T19:00:00+00:00,SE4,solar,0.143,15
2026-01-18T19:45:00+00:00,SE4,solar,0.142,15
2026-01-18T20:00:00+00:00,SE4,solar,0.037,15
2026-01-18T20:45:00+00:00,SE4,solar,0.036,15
2026-01-18T22:00:00+00:00,SE4,solar,0.042,15
2026-01-18T23:00:00+00:00,SE4,solar,0.041,15
2026-01-19T00:00:00+00:00,SE4,solar,0.04,15
2026-01-19T00:45:00+00:00,SE4,solar,0.039,15
2026-01-19T01:00:00+00:00,SE4,solar,0.035,15
2026-01-19T01:15:00+00:00,SE4,solar,0.033,15
2026-01-19T01:45:00+00:00,SE4,solar,0.035,15
2026-01-19T02:00:00+00:00,SE4,solar,0.038,15
2026-01-19T02:15:00+00:00,SE4,solar,0.039,15
2026-01-19T02:45:00+00:00,SE4,solar,0.038,15
2026-01-19T03:00:00+00:00,SE4,solar,0.035,15
2026-01-19T03:15:00+00:00,SE4,solar,0.034,15
2026-01-19T03:45:00+00:00,SE4,solar,0.035,15
2026-01-19T04:00:00+00:00,SE4,solar,0.037,15
2026-01-19T04:30:00+00:00,SE4,solar,0.038,15
2026-01-19T05:15:00+00:00,SE4,solar,0.039,15
2026-01-19T05:45:00+00:00,SE4,solar,0.04,15
2026-01-19T06:00:00+00:00,SE4,solar,0.044,15
2026-01-19T06:15:00+00:00,SE4,solar,0.045,15
2026-01-19T06:45:00+00:00,SE4,solar,0.044,15
2026-01-19T07:00:00+00:00,SE4,solar,0.286,15
2026-01-19T07:15:00+00:00,SE4,solar,0.91,15
2026-01-19T07:30:00+00:00,SE4,solar,1.82,15
2026-01-19T07:45:00+00:00,SE4,solar,3.135,15
2026-01-19T08:00:00+00:00,SE4,solar,11.68,15
2026-01-19T08:15:00+00:00,SE4,solar,14.943,15
2026-01-19T08:30:00+00:00,SE4,solar,21.616,15
2026-01-19T08:45:00+00:00,SE4,solar,27.726,15
2026-01-19T09:00:00+00:00,SE4,solar,48.994,15
2026-01-19T09:15:00+00:00,SE4,solar,56.658,15
2026-01-19T09:30:00+00:00,SE4,solar,64.738,15
2026-01-19T09:45:00+00:00,SE4,solar,72.491,15
2026-01-19T10:00:00+00:00,SE4,solar,92.293,15
2026-01-19T10:15:00+00:00,SE4,solar,98.015,15
2026-01-19T10:30:00+00:00,SE4,solar,113.09,15
2026-01-19T10:45:00+00:00,SE4,solar,117.609,15
2026-01-19T11:00:00+00:00,SE4,solar,120.018,15
2026-01-19T11:15:00+00:00,SE4,solar,121.368,15
2026-01-19T11:30:00+00:00,SE4,solar,120.725,15
2026-01-19T11:45:00+00:00,SE4,solar,118.311,15
2026-01-19T12:00:00+00:00,SE4,solar,107.989,15
2026-01-19T12:15:00+00:00,SE4,solar,101.806,15
2026-01-19T12:30:00+00:00,SE4,solar,92.747,15
2026-01-19T12:45:00+00:00,SE4,solar,83.634,15
2026-01-19T13:00:00+00:00,SE4,solar,62.57,15
2026-01-19T13:15:00+00:00,SE4,solar,52.711,15
2026-01-19T13:30:00+00:00,SE4,solar,42.953,15
2026-01-19T13:45:00+00:00,SE4,solar,35.516,15
2026-01-19T14:00:00+00:00,SE4,solar,19.951,15
2026-01-19T14:15:00+00:00,SE4,solar,14.504,15
2026-01-19T14:30:00+00:00,SE4,solar,10.581,15
2026-01-19T14:45:00+00:00,SE4,solar,7.382,15
2026-01-19T15:00:00+00:00,SE4,solar,1.834,15
2026-01-19T15:15:00+00:00,SE4,solar,1.215,15
2026-01-19T15:30:00+00:00,SE4,solar,0.933,15
2026-01-19T15:45:00+00:00,SE4,solar,0.556,15
2026-01-19T16:00:00+00:00,SE4,solar,0.049,15
2026-01-19T16:15:00+00:00,SE4,solar,0.047,15
2026-01-19T16:30:00+00:00,SE4,solar,0.046,15
2026-01-19T16:45:00+00:00,SE4,solar,0.044,15
2026-01-19T17:00:00+00:00,SE4,solar,0.053,15
2026-01-19T17:15:00+00:00,SE4,solar,0.055,15
2026-01-19T17:30:00+00:00,SE4,solar,0.054,15
2026-01-19T17:45:00+00:00,SE4,solar,0.05,15
2026-01-19T18:00:00+00:00,SE4,solar,0.043,15
2026-01-19T18:15:00+00:00,SE4,solar,0.042,15
2026-01-19T18:30:00+00:00,SE4,solar,0.041,15
2026-01-19T19:15:00+00:00,SE4,solar,0.042,15
2026-01-19T19:30:00+00:00,SE4,solar,0.041,15
2026-01-19T20:00:00+00:00,SE4,solar,0.036,15
2026-01-19T20:45:00+00:00,SE4,solar,0.035,15
2026-01-19T22:00:00+00:00,SE4,solar,0.039,15
2026-01-19T22:15:00+00:00,SE4,solar,0.04,15
2026-01-19T23:00:00+00:00,SE4,solar,0.039,15
2026-01-19T23:15:00+00:00,SE4,solar,0.04,15
2026-01-19T23:45:00+00:00,SE4,solar,0.039,15
2026-01-20T00:00:00+00:00,SE4,solar,0.038,15
2026-01-20T00:15:00+00:00,SE4,solar,0.037,15
2026-01-20T00:30:00+00:00,SE4,solar,0.036,15
2026-01-20T00:45:00+00:00,SE4,solar,0.035,15
2026-01-20T01:00:00+00:00,SE4,solar,0.033,15
2026-01-20T01:15:00+00:00,SE4,solar,0.031,15
2026-01-20T01:45:00+00:00,SE4,solar,0.033,15
2026-01-20T02:00:00+00:00,SE4,solar,0.036,15
2026-01-20T02:15:00+00:00,SE4,solar,0.037,15
2026-01-20T02:45:00+00:00,SE4,solar,0.036,15
2026-01-20T03:00:00+00:00,SE4,solar,0.335,15
2026-01-20T03:15:00+00:00,SE4,solar,0.334,15
2026-01-20T03:45:00+00:00,SE4,solar,0.335,15
2026-01-20T04:00:00+00:00,SE4,solar,0.286,15
2026-01-20T04:30:00+00:00,SE4,solar,0.287,15
2026-01-20T05:00:00+00:00,SE4,solar,0.362,15
2026-01-20T05:15:00+00:00,SE4,solar,0.363,15
2026-01-20T05:30:00+00:00,SE4,solar,0.364,15
2026-01-20T05:45:00+00:00,SE4,solar,0.365,15
2026-01-20T06:00:00+00:00,SE4,solar,0.343,15
2026-01-20T06:15:00+00:00,SE4,solar,0.344,15
2026-01-20T06:45:00+00:00,SE4,solar,0.343,15
2026-01-20T07:00:00+00:00,SE4,solar,0.601,15
2026-01-20T07:15:00+00:00,SE4,solar,1.161,15
2026-01-20T07:30:00+00:00,SE4,solar,2.513,15
2026-01-20T07:45:00+00:00,SE4,solar,4.237,15
2026-01-20T08:00:00+00:00,SE4,solar,13.536,15
2026-01-20T08:15:00+00:00,SE4,solar,17.802,15
2026-01-20T08:30:00+00:00,SE4,solar,26.984,15
2026-01-20T08:45:00+00:00,SE4,solar,37.239,15
2026-01-20T09:00:00+00:00,SE4,solar,60.282,15
2026-01-20T09:15:00+00:00,SE4,solar,71.922,15
2026-01-20T09:30:00+00:00,SE4,solar,83.684,15
2026-01-20T09:45:00+00:00,SE4,solar,77.826,15
2026-01-20T10:00:00+00:00,SE4,solar,94.786,15
2026-01-20T10:15:00+00:00,SE4,solar,101.014,15
2026-01-20T10:30:00+00:00,SE4,solar,105.614,15
2026-01-20T10:45:00+00:00,SE4,solar,108.692,15
2026-01-20T11:00:00+00:00,SE4,solar,110.348,15
2026-01-20T11:15:00+00:00,SE4,solar,110.679,15
2026-01-20T11:30:00+00:00,SE4,solar,109.776,15
2026-01-20T11:45:00+00:00,SE4,solar,107.949,15
2026-01-20T12:00:00+00:00,SE4,solar,99.428,15
2026-01-20T12:15:00+00:00,SE4,solar,94.326,15
2026-01-20T12:30:00+00:00,SE4,solar,87.006,15
2026-01-20T12:45:00+00:00,SE4,solar,79.119,15
2026-01-20T13:00:00+00:00,SE4,solar,60.863,15
2026-01-20T13:15:00+00:00,SE4,solar,52.006,15
2026-01-20T13:30:00+00:00,SE4,solar,42.965,15
2026-01-20T13:45:00+00:00,SE4,solar,35.412,15
2026-01-20T14:00:00+00:00,SE4,solar,18.536,15
2026-01-20T14:15:00+00:00,SE4,solar,13.193,15
2026-01-20T14:30:00+00:00,SE4,solar,9.379,15
2026-01-20T14:45:00+00:00,SE4,solar,6.782,15
2026-01-20T15:00:00+00:00,SE4,solar,1.548,15
2026-01-20T15:15:00+00:00,SE4,solar,1.019,15
2026-01-20T15:30:00+00:00,SE4,solar,0.702,15
2026-01-20T15:45:00+00:00,SE4,solar,0.437,15
2026-01-20T16:00:00+00:00,SE4,solar,0.339,15
2026-01-20T16:15:00+00:00,SE4,solar,0.338,15
2026-01-20T16:30:00+00:00,SE4,solar,0.337,15
2026-01-20T16:45:00+00:00,SE4,solar,0.336,15
2026-01-20T17:00:00+00:00,SE4,solar,0.346,15
2026-01-20T17:15:00+00:00,SE4,solar,0.347,15
2026-01-20T17:30:00+00:00,SE4,solar,0.346,15
2026-01-20T17:45:00+00:00,SE4,solar,0.343,15
2026-01-20T18:00:00+00:00,SE4,solar,0.337,15
2026-01-20T18:15:00+00:00,SE4,solar,0.336,15
2026-01-20T18:30:00+00:00,SE4,solar,0.335,15
2026-01-20T18:45:00+00:00,SE4,solar,0.334,15
2026-01-20T19:00:00+00:00,SE4,solar,0.285,15
2026-01-20T19:30:00+00:00,SE4,solar,0.284,15
2026-01-20T20:00:00+00:00,SE4,solar,0.031,15
2026-01-20T20:30:00+00:00,SE4,solar,0.03,15
2026-01-20T22:00:00+00:00,SE4,solar,0.033,15
2026-01-20T22:30:00+00:00,SE4,solar,0.034,15
2026-01-20T23:00:00+00:00,SE4,solar,0.036,15
2026-01-20T23:15:00+00:00,SE4,solar,0.037,15
2026-01-20T23:45:00+00:00,SE4,solar,0.036,15
2026-01-21T00:00:00+00:00,SE4,solar,0.033,15
2026-01-21T00:15:00+00:00,SE4,solar,0.032,15
2026-01-21T00:30:00+00:00,SE4,solar,0.031,15
2026-01-21T00:45:00+00:00,SE4,solar,0.03,15
2026-01-21T01:00:00+00:00,SE4,solar,0.028,15
2026-01-21T01:15:00+00:00,SE4,solar,0.027,15
2026-01-21T01:45:00+00:00,SE4,solar,0.028,15
2026-01-21T02:00:00+00:00,SE4,solar,0.031,15
2026-01-21T03:00:00+00:00,SE4,solar,0.33,15
2026-01-21T04:00:00+00:00,SE4,solar,0.284,15
2026-01-21T05:00:00+00:00,SE4,solar,0.359,15
2026-01-21T05:30:00+00:00,SE4,solar,0.36,15
2026-01-21T06:00:00+00:00,SE4,solar,0.339,15
2026-01-21T07:00:00+00:00,SE4,solar,0.455,15
2026-01-21T07:15:00+00:00,SE4,solar,0.694,15
2026-01-21T07:30:00+00:00,SE4,solar,2.475,15
2026-01-21T07:45:00+00:00,SE4,solar,3.893,15
2026-01-21T08:00:00+00:00,SE4,solar,7.943,15
2026-01-21T08:15:00+00:00,SE4,solar,9.885,15
2026-01-21T08:30:00+00:00,SE4,solar,11.828,15
2026-01-21T08:45:00+00:00,SE4,solar,13.736,15
2026-01-21T09:00:00+00:00,SE4,solar,19.068,15
2026-01-21T09:15:00+00:00,SE4,solar,20.366,15
2026-01-21T09:30:00+00:00,SE4,solar,21.572,15
2026-01-21T09:45:00+00:00,SE4,solar,22.885,15
2026-01-21T10:00:00+00:00,SE4,solar,26.438,15
2026-01-21T10:15:00+00:00,SE4,solar,26.99,15
2026-01-21T10:30:00+00:00,SE4,solar,27.432,15
2026-01-21T10:45:00+00:00,SE4,solar,27.367,15
2026-01-21T11:00:00+00:00,SE4,solar,25.959,15
2026-01-21T11:15:00+00:00,SE4,solar,25.715,15
2026-01-21T11:30:00+00:00,SE4,solar,25.18,15
2026-01-21T11:45:00+00:00,SE4,solar,24.264,15
2026-01-21T12:00:00+00:00,SE4,solar,21.123,15
2026-01-21T12:15:00+00:00,SE4,solar,19.897,15
2026-01-21T12:30:00+00:00,SE4,solar,18.738,15
2026-01-21T12:45:00+00:00,SE4,solar,17.773,15
2026-01-21T13:00:00+00:00,SE4,solar,9.822,15
2026-01-21T13:15:00+00:00,SE4,solar,8.684,15
2026-01-21T13:30:00+00:00,SE4,solar,7.922,15
2026-01-21T13:45:00+00:00,SE4,solar,7.072,15
2026-01-21T14:00:00+00:00,SE4,solar,2.824,15
2026-01-21T14:15:00+00:00,SE4,solar,2.176,15
2026-01-21T14:30:00+00:00,SE4,solar,1.859,15
2026-01-21T14:45:00+00:00,SE4,solar,1.561,15
2026-01-21T15:00:00+00:00,SE4,solar,0.342,15
2026-01-21T15:15:00+00:00,SE4,solar,0.229,15
2026-01-21T15:30:00+00:00,SE4,solar,0.156,15
2026-01-21T15:45:00+00:00,SE4,solar,0.108,15
2026-01-21T16:00:00+00:00,SE4,solar,0.339,15
2026-01-21T16:15:00+00:00,SE4,solar,0.337,15
2026-01-21T16:30:00+00:00,SE4,solar,0.336,15
2026-01-21T16:45:00+00:00,SE4,solar,0.334,15
2026-01-21T17:00:00+00:00,SE4,solar,0.343,15
2026-01-21T17:15:00+00:00,SE4,solar,0.346,15
2026-01-21T17:30:00+00:00,SE4,solar,0.345,15
2026-01-21T17:45:00+00:00,SE4,solar,0.34,15
2026-01-21T18:00:00+00:00,SE4,solar,0.333,15
2026-01-21T18:15:00+00:00,SE4,solar,0.331,15
2026-01-21T19:00:00+00:00,SE4,solar,0.282,15
2026-01-21T19:15:00+00:00,SE4,solar,0.283,15
2026-01-21T19:45:00+00:00,SE4,solar,0.282,15
2026-01-21T20:00:00+00:00,SE4,solar,0.031,15
2026-01-21T20:15:00+00:00,SE4,solar,0.029,15
2026-01-21T20:30:00+00:00,SE4,solar,0.028,15
2026-01-21T20:45:00+00:00,SE4,solar,0.029,15
2026-01-21T21:00:00+00:00,SE4,solar,0.027,15
2026-01-21T21:15:00+00:00,SE4,solar,0.026,15
2026-01-21T21:45:00+00:00,SE4,solar,0.027,15
2026-01-21T22:00:00+00:00,SE4,solar,0.03,15
2026-01-21T22:15:00+00:00,SE4,solar,0.031,15
2026-01-21T22:30:00+00:00,SE4,solar,0.032,15
2026-01-21T22:45:00+00:00,SE4,solar,0.033,15
2026-01-21T23:15:00+00:00,SE4,solar,0.034,15
2026-01-21T23:45:00+00:00,SE4,solar,0.033,15
2026-01-22T00:00:00+00:00,SE4,solar,0.031,15
2026-01-22T00:15:00+00:00,SE4,solar,0.03,15
2026-01-22T00:30:00+00:00,SE4,solar,0.029,15
2026-01-22T00:45:00+00:00,SE4,solar,0.028,15
2026-01-22T01:00:00+00:00,SE4,solar,0.026,15
2026-01-22T01:15:00+00:00,SE4,solar,0.025,15
2026-01-22T01:45:00+00:00,SE4,solar,0.026,15
2026-01-22T02:00:00+00:00,SE4,solar,0.03,15
2026-01-22T02:15:00+00:00,SE4,solar,0.031,15
2026-01-22T02:45:00+00:00,SE4,solar,0.03,15
2026-01-22T03:15:00+00:00,SE4,solar,0.029,15
2026-01-22T03:45:00+00:00,SE4,solar,0.03,15
2026-01-22T04:00:00+00:00,SE4,solar,0.031,15
2026-01-22T04:45:00+00:00,SE4,solar,0.032,15
2026-01-22T05:30:00+00:00,SE4,solar,0.033,15
2026-01-22T06:00:00+00:00,SE4,solar,0.037,15
2026-01-22T06:15:00+00:00,SE4,solar,0.038,15
2026-01-22T06:45:00+00:00,SE4,solar,0.037,15
2026-01-22T07:00:00+00:00,SE4,solar,0.102,15
2026-01-22T07:15:00+00:00,SE4,solar,0.205,15
2026-01-22T07:30:00+00:00,SE4,solar,0.346,15
2026-01-22T07:45:00+00:00,SE4,solar,0.559,15
2026-01-22T08:00:00+00:00,SE4,solar,2.6,15
2026-01-22T08:15:00+00:00,SE4,solar,2.982,15
2026-01-22T08:30:00+00:00,SE4,solar,3.417,15
2026-01-22T08:45:00+00:00,SE4,solar,3.839,15
2026-01-22T09:00:00+00:00,SE4,solar,12.671,15
2026-01-22T09:15:00+00:00,SE4,solar,13.239,15
2026-01-22T09:30:00+00:00,SE4,solar,13.784,15
2026-01-22T09:45:00+00:00,SE4,solar,14.296,15
2026-01-22T10:00:00+00:00,SE4,solar,16.526,15
2026-01-22T10:15:00+00:00,SE4,solar,16.86,15
2026-01-22T10:30:00+00:00,SE4,solar,17.132,15
2026-01-22T10:45:00+00:00,SE4,solar,17.371,15
2026-01-22T11:00:00+00:00,SE4,solar,18.566,15
2026-01-22T11:15:00+00:00,SE4,solar,18.729,15
2026-01-22T11:30:00+00:00,SE4,solar,18.706,15
2026-01-22T11:45:00+00:00,SE4,solar,18.534,15
2026-01-22T12:00:00+00:00,SE4,solar,16.315,15
2026-01-22T12:15:00+00:00,SE4,solar,15.803,15
2026-01-22T12:30:00+00:00,SE4,solar,15.407,15
2026-01-22T12:45:00+00:00,SE4,solar,14.925,15
2026-01-22T13:00:00+00:00,SE4,solar,10.38,15
2026-01-22T13:15:00+00:00,SE4,solar,9.88,15
2026-01-22T13:30:00+00:00,SE4,solar,8.816,15
2026-01-22T13:45:00+00:00,SE4,solar,8.36,15
2026-01-22T14:00:00+00:00,SE4,solar,2.918,15
2026-01-22T14:15:00+00:00,SE4,solar,2.299,15
2026-01-22T14:30:00+00:00,SE4,solar,2.105,15
2026-01-22T14:45:00+00:00,SE4,solar,1.93,15
2026-01-22T15:00:00+00:00,SE4,solar,0.332,15
2026-01-22T15:15:00+00:00,SE4,solar,0.242,15
2026-01-22T15:30:00+00:00,SE4,solar,0.165,15
2026-01-22T15:45:00+00:00,SE4,solar,0.11,15
2026-01-22T16:00:00+00:00,SE4,solar,0.035,15
2026-01-22T16:15:00+00:00,SE4,solar,0.033,15
2026-01-22T16:30:00+00:00,SE4,solar,0.032,15
2026-01-22T16:45:00+00:00,SE4,solar,0.03,15
2026-01-22T17:00:00+00:00,SE4,solar,0.041,15
2026-01-22T17:15:00+00:00,SE4,solar,0.043,15
2026-01-22T17:30:00+00:00,SE4,solar,0.042,15
2026-01-22T17:45:00+00:00,SE4,solar,0.038,15
2026-01-22T18:00:00+00:00,SE4,solar,0.032,15
2026-01-22T18:15:00+00:00,SE4,solar,0.029,15
2026-01-22T18:45:00+00:00,SE4,solar,0.031,15
2026-01-22T19:00:00+00:00,SE4,solar,0.032,15
2026-01-22T19:45:00+00:00,SE4,solar,0.031,15
2026-01-22T20:00:00+00:00,SE4,solar,0.03,15
2026-01-22T20:30:00+00:00,SE4,solar,0.029,15
2026-01-22T20:45:00+00:00,SE4,solar,0.028,15
2026-01-22T21:15:00+00:00,SE4,solar,0.027,15
2026-01-22T21:45:00+00:00,SE4,solar,0.028,15
2026-01-22T22:00:00+00:00,SE4,solar,0.032,15
2026-01-22T22:15:00+00:00,SE4,solar,0.031,15
2026-01-22T22:30:00+00:00,SE4,solar,0.032,15
2026-01-22T22:45:00+00:00,SE4,solar,0.033,15
2026-01-22T23:00:00+00:00,SE4,solar,0.04,15
2026-01-23T00:00:00+00:00,SE4,solar,0.038,15
2026-01-23T00:30:00+00:00,SE4,solar,0.037,15
2026-01-23T00:45:00+00:00,SE4,solar,0.036,15
2026-01-23T01:00:00+00:00,SE4,solar,0.035,15
2026-01-23T01:15:00+00:00,SE4,solar,0.034,15
2026-01-23T01:45:00+00:00,SE4,solar,0.035,15
2026-01-23T02:00:00+00:00,SE4,solar,0.038,15
2026-01-23T02:15:00+00:00,SE4,solar,0.039,15
2026-01-23T02:45:00+00:00,SE4,solar,0.038,15
2026-01-23T03:00:00+00:00,SE4,solar,0.037,15
2026-01-23T04:00:00+00:00,SE4,solar,0.04,15
2026-01-23T04:45:00+00:00,SE4,solar,0.041,15
2026-01-23T05:15:00+00:00,SE4,solar,0.042,15
2026-01-23T05:45:00+00:00,SE4,solar,0.043,15
2026-01-23T06:00:00+00:00,SE4,solar,0.146,15
2026-01-23T07:00:00+00:00,SE4,solar,0.484,15
2026-01-23T07:15:00+00:00,SE4,solar,0.617,15
2026-01-23T07:30:00+00:00,SE4,solar,0.825,15
2026-01-23T07:45:00+00:00,SE4,solar,1.14,15
2026-01-23T08:00:00+00:00,SE4,solar,4.882,15
2026-01-23T08:15:00+00:00,SE4,solar,5.63,15
2026-01-23T08:30:00+00:00,SE4,solar,6.455,15
2026-01-23T08:45:00+00:00,SE4,solar,7.295,15
2026-01-23T09:00:00+00:00,SE4,solar,13.38,15
2026-01-23T09:15:00+00:00,SE4,solar,14.305,15
2026-01-23T09:30:00+00:00,SE4,solar,15.287,15
2026-01-23T09:45:00+00:00,SE4,solar,16.216,15
2026-01-23T10:00:00+00:00,SE4,solar,24.423,15
2026-01-23T10:15:00+00:00,SE4,solar,25.28,15
2026-01-23T10:30:00+00:00,SE4,solar,25.994,15
2026-01-23T10:45:00+00:00,SE4,solar,26.606,15
2026-01-23T11:00:00+00:00,SE4,solar,28.438,15
2026-01-23T11:15:00+00:00,SE4,solar,28.819,15
2026-01-23T11:30:00+00:00,SE4,solar,28.787,15
2026-01-23T11:45:00+00:00,SE4,solar,28.274,15
2026-01-23T12:00:00+00:00,SE4,solar,25.218,15
2026-01-23T12:15:00+00:00,SE4,solar,24.435,15
2026-01-23T12:30:00+00:00,SE4,solar,23.632,15
2026-01-23T12:45:00+00:00,SE4,solar,22.707,15
2026-01-23T13:00:00+00:00,SE4,solar,12.617,15
2026-01-23T13:15:00+00:00,SE4,solar,11.21,15
2026-01-23T13:30:00+00:00,SE4,solar,10.583,15
2026-01-23T13:45:00+00:00,SE4,solar,9.941,15
2026-01-23T14:00:00+00:00,SE4,solar,4.496,15
2026-01-23T14:15:00+00:00,SE4,solar,3.664,15
2026-01-23T14:30:00+00:00,SE4,solar,3.22,15
2026-01-23T14:45:00+00:00,SE4,solar,2.849,15
2026-01-23T15:00:00+00:00,SE4,solar,0.681,15
2026-01-23T15:15:00+00:00,SE4,solar,0.554,15
2026-01-23T15:30:00+00:00,SE4,solar,0.474,15
2026-01-23T15:45:00+00:00,SE4,solar,0.412,15
2026-01-23T16:00:00+00:00,SE4,solar,0.233,15
2026-01-23T16:15:00+00:00,SE4,solar,0.23,15
2026-01-23T16:45:00+00:00,SE4,solar,0.229,15
2026-01-23T17:00:00+00:00,SE4,solar,0.215,15
2026-01-23T17:15:00+00:00,SE4,solar,0.219,15
2026-01-23T17:30:00+00:00,SE4,solar,0.218,15
2026-01-23T17:45:00+00:00,SE4,solar,0.214,15
2026-01-23T18:00:00+00:00,SE4,solar,0.032,15
2026-01-23T18:15:00+00:00,SE4,solar,0.03,15
2026-01-23T18:30:00+00:00,SE4,solar,0.029,15
2026-01-23T18:45:00+00:00,SE4,solar,0.031,15
2026-01-23T19:00:00+00:00,SE4,solar,0.033,15
2026-01-23T19:45:00+00:00,SE4,solar,0.032,15
2026-01-23T20:00:00+00:00,SE4,solar,0.031,15
2026-01-23T20:15:00+00:00,SE4,solar,0.03,15
2026-01-23T20:45:00+00:00,SE4,solar,0.029,15
2026-01-23T21:15:00+00:00,SE4,solar,0.028,15
2026-01-23T21:45:00+00:00,SE4,solar,0.029,15
2026-01-23T22:00:00+00:00,SE4,solar,0.032,15
2026-01-23T23:00:00+00:00,SE4,solar,0.038,15
2026-01-23T23:15:00+00:00,SE4,solar,0.037,15
2026-01-24T00:00:00+00:00,SE4,solar,0.034,15
2026-01-24T00:15:00+00:00,SE4,solar,0.033,15
2026-01-24T00:45:00+00:00,SE4,solar,0.032,15
2026-01-24T01:00:00+00:00,SE4,solar,0.031,15
2026-01-24T01:15:00+00:00,SE4,solar,0.03,15
2026-01-24T01:45:00+00:00,SE4,solar,0.031,15
2026-01-24T02:00:00+00:00,SE4,solar,0.038,15
2026-01-24T03:00:00+00:00,SE4,solar,0.037,15
2026-01-24T04:00:00+00:00,SE4,solar,0.041,15
2026-01-24T05:15:00+00:00,SE4,solar,0.042,15
2026-01-24T05:30:00+00:00,SE4,solar,0.043,15
2026-01-24T06:00:00+00:00,SE4,solar,0.047,15
2026-01-24T06:15:00+00:00,SE4,solar,0.049,15
2026-01-24T06:45:00+00:00,SE4,solar,0.047,15
2026-01-24T07:00:00+00:00,SE4,solar,0.179,15
2026-01-24T07:15:00+00:00,SE4,solar,0.331,15
2026-01-24T07:30:00+00:00,SE4,solar,0.552,15
2026-01-24T07:45:00+00:00,SE4,solar,0.861,15
2026-01-24T08:00:00+00:00,SE4,solar,2.918,15
2026-01-24T08:15:00+00:00,SE4,solar,3.316,15
2026-01-24T08:30:00+00:00,SE4,solar,3.902,15
2026-01-24T08:45:00+00:00,SE4,solar,4.522,15
2026-01-24T09:00:00+00:00,SE4,solar,11.588,15
2026-01-24T09:15:00+00:00,SE4,solar,12.467,15
2026-01-24T09:30:00+00:00,SE4,solar,13.333,15
2026-01-24T09:45:00+00:00,SE4,solar,14.119,15
2026-01-24T10:00:00+00:00,SE4,solar,17.302,15
2026-01-24T10:15:00+00:00,SE4,solar,17.818,15
2026-01-24T10:30:00+00:00,SE4,solar,18.151,15
2026-01-24T10:45:00+00:00,SE4,solar,18.28,15
2026-01-24T11:00:00+00:00,SE4,solar,18.036,15
2026-01-24T11:15:00+00:00,SE4,solar,18.212,15
2026-01-24T11:30:00+00:00,SE4,solar,18.138,15
2026-01-24T11:45:00+00:00,SE4,solar,17.686,15
2026-01-24T12:00:00+00:00,SE4,solar,14.724,15
2026-01-24T12:15:00+00:00,SE4,solar,13.914,15
2026-01-24T12:30:00+00:00,SE4,solar,13.266,15
2026-01-24T12:45:00+00:00,SE4,solar,12.615,15
2026-01-24T13:00:00+00:00,SE4,solar,8.459,15
2026-01-24T13:15:00+00:00,SE4,solar,7.845,15
2026-01-24T13:30:00+00:00,SE4,solar,7.278,15
2026-01-24T13:45:00+00:00,SE4,solar,6.728,15
2026-01-24T14:00:00+00:00,SE4,solar,3.065,15
2026-01-24T14:15:00+00:00,SE4,solar,2.621,15
2026-01-24T14:30:00+00:00,SE4,solar,2.306,15
2026-01-24T14:45:00+00:00,SE4,solar,2.038,15
2026-01-24T15:00:00+00:00,SE4,solar,0.474,15
2026-01-24T15:15:00+00:00,SE4,solar,0.354,15
2026-01-24T15:30:00+00:00,SE4,solar,0.284,15
2026-01-24T15:45:00+00:00,SE4,solar,0.228,15
2026-01-24T16:00:00+00:00,SE4,solar,0.04,15
2026-01-24T16:15:00+00:00,SE4,solar,0.037,15
2026-01-24T16:30:00+00:00,SE4,solar,0.035,15
2026-01-24T16:45:00+00:00,SE4,solar,0.034,15
2026-01-24T17:00:00+00:00,SE4,solar,0.044,15
2026-01-24T17:15:00+00:00,SE4,solar,0.046,15
2026-01-24T17:30:00+00:00,SE4,solar,0.045,15
2026-01-24T17:45:00+00:00,SE4,solar,0.037,15
2026-01-24T18:00:00+00:00,SE4,solar,0.032,15
2026-01-24T18:15:00+00:00,SE4,solar,0.03,15
2026-01-24T18:45:00+00:00,SE4,solar,0.031,15
2026-01-24T19:00:00+00:00,SE4,solar,0.033,15
2026-01-24T19:15:00+00:00,SE4,solar,0.034,15
2026-01-24T19:30:00+00:00,SE4,solar,0.033,15
2026-01-24T20:00:00+00:00,SE4,solar,0.031,15
2026-01-24T20:15:00+00:00,SE4,solar,0.03,15
2026-01-24T20:30:00+00:00,SE4,solar,0.034,15
2026-01-24T20:45:00+00:00,SE4,solar,0.033,15
2026-01-24T21:45:00+00:00,SE4,solar,0.037,15
2026-01-24T22:00:00+00:00,SE4,solar,0.042,15
2026-01-24T22:15:00+00:00,SE4,solar,0.043,15
2026-01-24T22:45:00+00:00,SE4,solar,0.042,15
2026-01-24T23:00:00+00:00,SE4,solar,0.04,15
2026-01-24T23:30:00+00:00,SE4,solar,0.039,15
2026-01-24T23:45:00+00:00,SE4,solar,0.037,15
2026-01-25T00:00:00+00:00,SE4,solar,0.034,15
2026-01-25T00:15:00+00:00,SE4,solar,0.033,15
2026-01-25T00:30:00+00:00,SE4,solar,0.036,15
2026-01-25T00:45:00+00:00,SE4,solar,0.035,15
2026-01-25T01:15:00+00:00,SE4,solar,0.034,15
2026-01-25T01:45:00+00:00,SE4,solar,0.035,15
2026-01-25T02:00:00+00:00,SE4,solar,0.04,15
2026-01-25T03:00:00+00:00,SE4,solar,0.039,15
2026-01-25T03:15:00+00:00,SE4,solar,0.042,15
2026-01-25T03:45:00+00:00,SE4,solar,0.043,15
2026-01-25T04:00:00+00:00,SE4,solar,0.046,15
2026-01-25T05:15:00+00:00,SE4,solar,0.048,15
2026-01-25T05:30:00+00:00,SE4,solar,0.049,15
2026-01-25T05:45:00+00:00,SE4,solar,0.05,15
2026-01-25T06:00:00+00:00,SE4,solar,0.129,15
2026-01-25T06:15:00+00:00,SE4,solar,0.131,15
2026-01-25T06:45:00+00:00,SE4,solar,0.129,15
2026-01-25T07:00:00+00:00,SE4,solar,0.27,15
2026-01-25T07:15:00+00:00,SE4,solar,0.39,15
2026-01-25T07:30:00+00:00,SE4,solar,0.563,15
2026-01-25T07:45:00+00:00,SE4,solar,0.82,15
2026-01-25T08:00:00+00:00,SE4,solar,3.194,15
2026-01-25T08:15:00+00:00,SE4,solar,3.607,15
2026-01-25T08:30:00+00:00,SE4,solar,4.072,15
2026-01-25T08:45:00+00:00,SE4,solar,4.615,15
2026-01-25T09:00:00+00:00,SE4,solar,9.608,15
2026-01-25T09:15:00+00:00,SE4,solar,10.379,15
2026-01-25T09:30:00+00:00,SE4,solar,11.112,15
2026-01-25T09:45:00+00:00,SE4,solar,11.774,15
2026-01-25T10:00:00+00:00,SE4,solar,15.335,15
2026-01-25T10:15:00+00:00,SE4,solar,15.894,15
2026-01-25T10:30:00+00:00,SE4,solar,16.344,15
2026-01-25T10:45:00+00:00,SE4,solar,16.68,15
2026-01-25T11:00:00+00:00,SE4,solar,19.334,15
2026-01-25T11:15:00+00:00,SE4,solar,20.452,15
2026-01-25T11:30:00+00:00,SE4,solar,20.863,15
2026-01-25T11:45:00+00:00,SE4,solar,20.531,15
2026-01-25T12:00:00+00:00,SE4,solar,17.969,15
2026-01-25T12:15:00+00:00,SE4,solar,18.007,15
2026-01-25T12:30:00+00:00,SE4,solar,17.438,15
2026-01-25T12:45:00+00:00,SE4,solar,16.281,15
2026-01-25T13:00:00+00:00,SE4,solar,12.056,15
2026-01-25T13:15:00+00:00,SE4,solar,10.987,15
2026-01-25T13:30:00+00:00,SE4,solar,9.909,15
2026-01-25T13:45:00+00:00,SE4,solar,8.795,15
2026-01-25T14:00:00+00:00,SE4,solar,3.525,15
2026-01-25T14:15:00+00:00,SE4,solar,3.031,15
2026-01-25T14:30:00+00:00,SE4,solar,2.647,15
2026-01-25T14:45:00+00:00,SE4,solar,2.316,15
2026-01-25T15:00:00+00:00,SE4,solar,0.665,15
2026-01-25T15:15:00+00:00,SE4,solar,0.505,15
2026-01-25T15:30:00+00:00,SE4,solar,0.417,15
2026-01-25T15:45:00+00:00,SE4,solar,0.35,15
2026-01-25T16:00:00+00:00,SE4,solar,0.152,15
2026-01-25T16:15:00+00:00,SE4,solar,0.149,15
2026-01-25T16:30:00+00:00,SE4,solar,0.146,15
2026-01-25T16:45:00+00:00,SE4,solar,0.141,15
2026-01-25T17:00:00+00:00,SE4,solar,0.15,15
2026-01-25T17:15:00+00:00,SE4,solar,0.151,15
2026-01-25T17:30:00+00:00,SE4,solar,0.15,15
2026-01-25T17:45:00+00:00,SE4,solar,0.146,15
2026-01-25T18:00:00+00:00,SE4,solar,0.042,15
2026-01-25T18:15:00+00:00,SE4,solar,0.04,15
2026-01-25T18:45:00+00:00,SE4,solar,0.041,15
2026-01-25T19:00:00+00:00,SE4,solar,0.042,15
2026-01-25T19:45:00+00:00,SE4,solar,0.043,15
2026-01-25T20:00:00+00:00,SE4,solar,0.042,15
2026-01-25T20:15:00+00:00,SE4,solar,0.041,15
2026-01-25T21:00:00+00:00,SE4,solar,0.04,15
2026-01-25T21:15:00+00:00,SE4,solar,0.039,15
2026-01-25T21:45:00+00:00,SE4,solar,0.04,15
2026-01-25T22:00:00+00:00,SE4,solar,0.044,15
2026-01-25T22:15:00+00:00,SE4,solar,0.045,15
2026-01-25T22:30:00+00:00,SE4,solar,0.049,15
2026-01-25T22:45:00+00:00,SE4,solar,0.048,15
2026-01-25T23:00:00+00:00,SE4,solar,0.038,15
2026-01-25T23:15:00+00:00,SE4,solar,0.042,15
2026-01-25T23:30:00+00:00,SE4,solar,0.041,15
2026-01-25T23:45:00+00:00,SE4,solar,0.04,15
2026-01-26T00:00:00+00:00,SE4,solar,0.039,15
2026-01-26T00:15:00+00:00,SE4,solar,0.038,15
2026-01-26T00:30:00+00:00,SE4,solar,0.037,15
2026-01-26T01:00:00+00:00,SE4,solar,0.036,15
2026-01-26T02:00:00+00:00,SE4,solar,0.052,15
2026-01-26T02:15:00+00:00,SE4,solar,0.053,15
2026-01-26T02:45:00+00:00,SE4,solar,0.052,15
2026-01-26T03:00:00+00:00,SE4,solar,0.202,15
2026-01-26T03:15:00+00:00,SE4,solar,0.201,15
2026-01-26T03:45:00+00:00,SE4,solar,0.202,15
2026-01-26T04:00:00+00:00,SE4,solar,0.207,15
2026-01-26T05:00:00+00:00,SE4,solar,0.233,15
2026-01-26T05:30:00+00:00,SE4,solar,0.234,15
2026-01-26T06:00:00+00:00,SE4,solar,0.212,15
2026-01-26T06:15:00+00:00,SE4,solar,0.214,15
2026-01-26T06:45:00+00:00,SE4,solar,0.212,15
2026-01-26T07:00:00+00:00,SE4,solar,0.419,15
2026-01-26T07:15:00+00:00,SE4,solar,0.584,15
2026-01-26T07:30:00+00:00,SE4,solar,0.87,15
2026-01-26T07:45:00+00:00,SE4,solar,1.298,15
2026-01-26T08:00:00+00:00,SE4,solar,4.091,15
2026-01-26T08:15:00+00:00,SE4,solar,4.82,15
2026-01-26T08:30:00+00:00,SE4,solar,5.602,15
2026-01-26T08:45:00+00:00,SE4,solar,6.714,15
2026-01-26T09:00:00+00:00,SE4,solar,11.045,15
2026-01-26T09:15:00+00:00,SE4,solar,12.181,15
2026-01-26T09:30:00+00:00,SE4,solar,13.528,15
2026-01-26T09:45:00+00:00,SE4,solar,14.678,15
2026-01-26T10:00:00+00:00,SE4,solar,18.252,15
2026-01-26T10:15:00+00:00,SE4,solar,19.074,15
2026-01-26T10:30:00+00:00,SE4,solar,19.779,15
2026-01-26T10:45:00+00:00,SE4,solar,20.059,15
2026-01-26T11:00:00+00:00,SE4,solar,20.433,15
2026-01-26T11:15:00+00:00,SE4,solar,20.32,15
2026-01-26T11:30:00+00:00,SE4,solar,20.147,15
2026-01-26T11:45:00+00:00,SE4,solar,19.722,15
2026-01-26T12:00:00+00:00,SE4,solar,17.998,15
2026-01-26T12:15:00+00:00,SE4,solar,16.978,15
2026-01-26T12:30:00+00:00,SE4,solar,16.129,15
2026-01-26T12:45:00+00:00,SE4,solar,15.224,15
2026-01-26T13:00:00+00:00,SE4,solar,9.905,15
2026-01-26T13:15:00+00:00,SE4,solar,9.169,15
2026-01-26T13:30:00+00:00,SE4,solar,8.385,15
2026-01-26T13:45:00+00:00,SE4,solar,7.591,15
2026-01-26T14:00:00+00:00,SE4,solar,3.784,15
2026-01-26T14:15:00+00:00,SE4,solar,3.136,15
2026-01-26T14:30:00+00:00,SE4,solar,2.725,15
2026-01-26T14:45:00+00:00,SE4,solar,2.353,15
2026-01-26T15:00:00+00:00,SE4,solar,0.477,15
2026-01-26T15:15:00+00:00,SE4,solar,0.303,15
2026-01-26T15:30:00+00:00,SE4,solar,0.212,15
2026-01-26T15:45:00+00:00,SE4,solar,0.145,15
2026-01-26T16:00:00+00:00,SE4,solar,0.154,15
2026-01-26T16:15:00+00:00,SE4,solar,0.151,15
2026-01-26T16:30:00+00:00,SE4,solar,0.145,15
2026-01-26T17:00:00+00:00,SE4,solar,0.203,15
2026-01-26T17:15:00+00:00,SE4,solar,0.204,15
2026-01-26T17:30:00+00:00,SE4,solar,0.198,15
2026-01-26T17:45:00+00:00,SE4,solar,0.195,15
2026-01-26T18:00:00+00:00,SE4,solar,0.189,15
2026-01-26T18:15:00+00:00,SE4,solar,0.188,15
2026-01-26T19:00:00+00:00,SE4,solar,0.14,15
2026-01-26T20:00:00+00:00,SE4,solar,0.04,15
2026-01-26T20:15:00+00:00,SE4,solar,0.039,15
2026-01-26T21:00:00+00:00,SE4,solar,0.037,15
2026-01-26T21:15:00+00:00,SE4,solar,0.036,15
2026-01-26T21:45:00+00:00,SE4,solar,0.037,15
2026-01-26T22:00:00+00:00,SE4,solar,0.041,15
2026-01-26T22:15:00+00:00,SE4,solar,0.042,15
2026-01-26T22:45:00+00:00,SE4,solar,0.041,15
2026-01-26T23:00:00+00:00,SE4,solar,0.033,15
2026-01-26T23:15:00+00:00,SE4,solar,0.032,15
2026-01-26T23:30:00+00:00,SE4,solar,0.031,15
2026-01-27T00:00:00+00:00,SE4,solar,0.029,15
2026-01-27T00:15:00+00:00,SE4,solar,0.033,15
2026-01-27T00:30:00+00:00,SE4,solar,0.032,15
2026-01-27T01:00:00+00:00,SE4,solar,0.034,15
2026-01-27T01:15:00+00:00,SE4,solar,0.033,15
2026-01-27T01:45:00+00:00,SE4,solar,0.034,15
2026-01-27T02:00:00+00:00,SE4,solar,0.038,15
2026-01-27T03:00:00+00:00,SE4,solar,0.037,15
2026-01-27T03:45:00+00:00,SE4,solar,0.041,15
2026-01-27T04:00:00+00:00,SE4,solar,0.045,15
2026-01-27T04:15:00+00:00,SE4,solar,0.046,15
2026-01-27T04:45:00+00:00,SE4,solar,0.047,15
2026-01-27T05:15:00+00:00,SE4,solar,0.048,15
2026-01-27T05:45:00+00:00,SE4,solar,0.049,15
2026-01-27T06:00:00+00:00,SE4,solar,0.228,15
2026-01-27T06:15:00+00:00,SE4,solar,0.229,15
2026-01-27T06:45:00+00:00,SE4,solar,0.228,15
2026-01-27T07:00:00+00:00,SE4,solar,0.582,15
2026-01-27T07:15:00+00:00,SE4,solar,0.683,15
2026-01-27T07:30:00+00:00,SE4,solar,0.855,15
2026-01-27T07:45:00+00:00,SE4,solar,1.129,15
2026-01-27T08:00:00+00:00,SE4,solar,4.088,15
2026-01-27T08:15:00+00:00,SE4,solar,4.695,15
2026-01-27T08:30:00+00:00,SE4,solar,5.524,15
2026-01-27T08:45:00+00:00,SE4,solar,6.247,15
2026-01-27T09:00:00+00:00,SE4,solar,10.766,15
2026-01-27T09:15:00+00:00,SE4,solar,11.506,15
2026-01-27T09:30:00+00:00,SE4,solar,12.25,15
2026-01-27T09:45:00+00:00,SE4,solar,12.899,15
2026-01-27T10:00:00+00:00,SE4,solar,16.386,15
2026-01-27T10:15:00+00:00,SE4,solar,17.002,15
2026-01-27T10:30:00+00:00,SE4,solar,17.531,15
2026-01-27T10:45:00+00:00,SE4,solar,17.984,15
2026-01-27T11:00:00+00:00,SE4,solar,19.758,15
2026-01-27T11:15:00+00:00,SE4,solar,19.983,15
2026-01-27T11:30:00+00:00,SE4,solar,20.099,15
2026-01-27T11:45:00+00:00,SE4,solar,20.076,15
2026-01-27T12:00:00+00:00,SE4,solar,18.575,15
2026-01-27T12:15:00+00:00,SE4,solar,18.148,15
2026-01-27T12:30:00+00:00,SE4,solar,17.764,15
2026-01-27T12:45:00+00:00,SE4,solar,17.265,15
2026-01-27T13:00:00+00:00,SE4,solar,12.203,15
2026-01-27T13:15:00+00:00,SE4,solar,11.483,15
2026-01-27T13:30:00+00:00,SE4,solar,10.689,15
2026-01-27T13:45:00+00:00,SE4,solar,9.878,15
2026-01-27T14:00:00+00:00,SE4,solar,5.242,15
2026-01-27T14:15:00+00:00,SE4,solar,4.309,15
2026-01-27T14:30:00+00:00,SE4,solar,3.731,15
2026-01-27T14:45:00+00:00,SE4,solar,3.289,15
2026-01-27T15:00:00+00:00,SE4,solar,0.758,15
2026-01-27T15:15:00+00:00,SE4,solar,0.573,15
2026-01-27T15:30:00+00:00,SE4,solar,0.474,15
2026-01-27T15:45:00+00:00,SE4,solar,0.41,15
2026-01-27T16:00:00+00:00,SE4,solar,0.421,15
2026-01-27T16:15:00+00:00,SE4,solar,0.418,15
2026-01-27T16:30:00+00:00,SE4,solar,0.415,15
2026-01-27T16:45:00+00:00,SE4,solar,0.413,15
2026-01-27T17:00:00+00:00,SE4,solar,0.247,15
2026-01-27T17:15:00+00:00,SE4,solar,0.248,15
2026-01-27T17:30:00+00:00,SE4,solar,0.247,15
2026-01-27T17:45:00+00:00,SE4,solar,0.242,15
2026-01-27T18:00:00+00:00,SE4,solar,0.033,15
2026-01-27T18:15:00+00:00,SE4,solar,0.032,15
2026-01-27T18:30:00+00:00,SE4,solar,0.031,15
2026-01-27T18:45:00+00:00,SE4,solar,0.032,15
2026-01-27T19:00:00+00:00,SE4,solar,0.033,15
2026-01-27T19:15:00+00:00,SE4,solar,0.032,15
2026-01-27T19:30:00+00:00,SE4,solar,0.028,15
2026-01-27T20:00:00+00:00,SE4,solar,0.027,15
2026-01-27T21:00:00+00:00,SE4,solar,0.025,15
2026-01-27T21:15:00+00:00,SE4,solar,0.024,15
2026-01-27T21:45:00+00:00,SE4,solar,0.025,15
2026-01-27T22:00:00+00:00,SE4,solar,0.034,15
2026-01-27T22:15:00+00:00,SE4,solar,0.035,15
2026-01-27T22:45:00+00:00,SE4,solar,0.034,15
2026-01-27T23:00:00+00:00,SE4,solar,0.043,15
2026-01-27T23:15:00+00:00,SE4,solar,0.042,15
2026-01-27T23:30:00+00:00,SE4,solar,0.411,15
2026-01-27T23:45:00+00:00,SE4,solar,0.401,15
2026-01-28T00:00:00+00:00,SE4,solar,0.413,15
2026-01-28T00:15:00+00:00,SE4,solar,0.402,15
2026-01-28T00:45:00+00:00,SE4,solar,0.391,15
2026-01-28T01:00:00+00:00,SE4,solar,0.405,15
2026-01-28T01:15:00+00:00,SE4,solar,0.394,15
2026-01-28T01:45:00+00:00,SE4,solar,0.395,15
2026-01-28T02:00:00+00:00,SE4,solar,0.397,15
2026-01-28T02:15:00+00:00,SE4,solar,0.407,15
2026-01-28T02:30:00+00:00,SE4,solar,0.397,15
2026-01-28T02:45:00+00:00,SE4,solar,0.387,15
2026-01-28T03:00:00+00:00,SE4,solar,0.547,15
2026-01-28T03:15:00+00:00,SE4,solar,0.538,15
2026-01-28T03:30:00+00:00,SE4,solar,0.528,15
2026-01-28T03:45:00+00:00,SE4,solar,0.518,15
2026-01-28T04:00:00+00:00,SE4,solar,0.51,15
2026-01-28T04:15:00+00:00,SE4,solar,0.494,15
2026-01-28T04:30:00+00:00,SE4,solar,0.485,15
2026-01-28T04:45:00+00:00,SE4,solar,0.476,15
2026-01-28T05:00:00+00:00,SE4,solar,0.469,15
2026-01-28T05:30:00+00:00,SE4,solar,0.479,15
2026-01-28T05:45:00+00:00,SE4,solar,0.499,15
2026-01-28T06:00:00+00:00,SE4,solar,0.62,15
2026-01-28T06:15:00+00:00,SE4,solar,0.63,15
2026-01-28T06:30:00+00:00,SE4,solar,0.64,15
2026-01-28T07:00:00+00:00,SE4,solar,1.04,15
2026-01-28T07:15:00+00:00,SE4,solar,1.228,15
2026-01-28T07:30:00+00:00,SE4,solar,1.576,15
2026-01-28T07:45:00+00:00,SE4,solar,2.127,15
2026-01-28T08:00:00+00:00,SE4,solar,6.986,15
2026-01-28T08:15:00+00:00,SE4,solar,7.824,15
2026-01-28T08:30:00+00:00,SE4,solar,8.574,15
2026-01-28T08:45:00+00:00,SE4,solar,9.293,15
2026-01-28T09:00:00+00:00,SE4,solar,17.143,15
2026-01-28T09:15:00+00:00,SE4,solar,18.38,15
2026-01-28T09:30:00+00:00,SE4,solar,19.113,15
2026-01-28T09:45:00+00:00,SE4,solar,20.163,15
2026-01-28T10:00:00+00:00,SE4,solar,25.293,15
2026-01-28T10:15:00+00:00,SE4,solar,26.328,15
2026-01-28T10:30:00+00:00,SE4,solar,27.385,15
2026-01-28T10:45:00+00:00,SE4,solar,28.436,15
2026-01-28T11:00:00+00:00,SE4,solar,32.187,15
2026-01-28T11:15:00+00:00,SE4,solar,32.54,15
2026-01-28T11:30:00+00:00,SE4,solar,32.541,15
2026-01-28T11:45:00+00:00,SE4,solar,32.501,15
2026-01-28T12:00:00+00:00,SE4,solar,30.037,15
2026-01-28T12:15:00+00:00,SE4,solar,29.192,15
2026-01-28T12:30:00+00:00,SE4,solar,28.473,15
2026-01-28T12:45:00+00:00,SE4,solar,27.808,15
2026-01-28T13:00:00+00:00,SE4,solar,21.344,15
2026-01-28T13:15:00+00:00,SE4,solar,20.061,15
2026-01-28T13:30:00+00:00,SE4,solar,18.662,15
2026-01-28T13:45:00+00:00,SE4,solar,17.767,15
2026-01-28T14:00:00+00:00,SE4,solar,9.602,15
2026-01-28T14:15:00+00:00,SE4,solar,7.955,15
2026-01-28T14:30:00+00:00,SE4,solar,7.073,15
2026-01-28T14:45:00+00:00,SE4,solar,6.336,15
2026-01-28T15:00:00+00:00,SE4,solar,1.548,15
2026-01-28T15:15:00+00:00,SE4,solar,1.131,15
2026-01-28T15:30:00+00:00,SE4,solar,0.932,15
2026-01-28T15:45:00+00:00,SE4,solar,0.825,15
2026-01-28T16:00:00+00:00,SE4,solar,0.845,15
2026-01-28T16:15:00+00:00,SE4,solar,0.895,15
2026-01-28T16:30:00+00:00,SE4,solar,0.952,15
2026-01-28T16:45:00+00:00,SE4,solar,1.009,15
2026-01-28T17:00:00+00:00,SE4,solar,1.029,15
2026-01-28T17:30:00+00:00,SE4,solar,1.018,15
2026-01-28T17:45:00+00:00,SE4,solar,0.964,15
2026-01-28T18:00:00+00:00,SE4,solar,0.775,15
2026-01-28T18:15:00+00:00,SE4,solar,0.674,15
2026-01-28T18:30:00+00:00,SE4,solar,0.654,15
2026-01-28T18:45:00+00:00,SE4,solar,0.604,15
2026-01-28T19:00:00+00:00,SE4,solar,0.535,15
2026-01-28T19:15:00+00:00,SE4,solar,0.524,15
2026-01-28T19:45:00+00:00,SE4,solar,0.495,15
2026-01-28T20:00:00+00:00,SE4,solar,0.374,15
2026-01-28T20:15:00+00:00,SE4,solar,0.364,15
2026-01-28T20:30:00+00:00,SE4,solar,0.354,15
2026-01-28T20:45:00+00:00,SE4,solar,0.343,15
2026-01-28T21:00:00+00:00,SE4,solar,0.341,15
2026-01-28T21:15:00+00:00,SE4,solar,0.34,15
2026-01-28T21:45:00+00:00,SE4,solar,0.361,15
2026-01-28T22:00:00+00:00,SE4,solar,0.397,15
2026-01-28T22:15:00+00:00,SE4,solar,0.408,15
2026-01-28T22:30:00+00:00,SE4,solar,0.038,15
2026-01-28T22:45:00+00:00,SE4,solar,0.037,15
2026-01-28T23:00:00+00:00,SE4,solar,0.036,15
2026-01-28T23:45:00+00:00,SE4,solar,0.035,15
2026-01-29T00:00:00+00:00,SE4,solar,0.03,15
2026-01-29T00:15:00+00:00,SE4,solar,0.029,15
2026-01-29T02:00:00+00:00,SE4,solar,0.03,15
2026-01-29T02:15:00+00:00,SE4,solar,0.031,15
2026-01-29T02:45:00+00:00,SE4,solar,0.032,15
2026-01-29T03:15:00+00:00,SE4,solar,0.033,15
2026-01-29T03:45:00+00:00,SE4,solar,0.034,15
2026-01-29T04:00:00+00:00,SE4,solar,0.035,15
2026-01-29T04:30:00+00:00,SE4,solar,0.036,15
2026-01-29T04:45:00+00:00,SE4,solar,0.037,15
2026-01-29T05:00:00+00:00,SE4,solar,0.04,15
2026-01-29T06:00:00+00:00,SE4,solar,0.391,15
2026-01-29T06:45:00+00:00,SE4,solar,0.39,15
2026-01-29T07:00:00+00:00,SE4,solar,0.993,15
2026-01-29T07:15:00+00:00,SE4,solar,1.194,15
2026-01-29T07:30:00+00:00,SE4,solar,1.513,15
2026-01-29T07:45:00+00:00,SE4,solar,2.007,15
2026-01-29T08:00:00+00:00,SE4,solar,7.538,15
2026-01-29T08:15:00+00:00,SE4,solar,8.383,15
2026-01-29T08:30:00+00:00,SE4,solar,9.251,15
2026-01-29T08:45:00+00:00,SE4,solar,10.059,15
2026-01-29T09:00:00+00:00,SE4,solar,20.213,15
2026-01-29T09:15:00+00:00,SE4,solar,21.16,15
2026-01-29T09:30:00+00:00,SE4,solar,22.104,15
2026-01-29T09:45:00+00:00,SE4,solar,22.869,15
2026-01-29T10:00:00+00:00,SE4,solar,30.29,15
2026-01-29T10:15:00+00:00,SE4,solar,30.842,15
2026-01-29T10:30:00+00:00,SE4,solar,31.317,15
2026-01-29T10:45:00+00:00,SE4,solar,31.712,15
2026-01-29T11:00:00+00:00,SE4,solar,33.859,15
2026-01-29T11:15:00+00:00,SE4,solar,33.876,15
2026-01-29T11:30:00+00:00,SE4,solar,33.787,15
2026-01-29T11:45:00+00:00,SE4,solar,33.606,15
2026-01-29T12:00:00+00:00,SE4,solar,26.893,15
2026-01-29T12:15:00+00:00,SE4,solar,26.028,15
2026-01-29T12:30:00+00:00,SE4,solar,25.282,15
2026-01-29T12:45:00+00:00,SE4,solar,24.463,15
2026-01-29T13:00:00+00:00,SE4,solar,15.738,15
2026-01-29T13:15:00+00:00,SE4,solar,14.892,15
2026-01-29T13:30:00+00:00,SE4,solar,14.112,15
2026-01-29T13:45:00+00:00,SE4,solar,13.354,15
2026-01-29T14:00:00+00:00,SE4,solar,5.922,15
2026-01-29T14:15:00+00:00,SE4,solar,5.191,15
2026-01-29T14:30:00+00:00,SE4,solar,4.681,15
2026-01-29T14:45:00+00:00,SE4,solar,4.215,15
2026-01-29T15:00:00+00:00,SE4,solar,1.221,15
2026-01-29T15:15:00+00:00,SE4,solar,0.982,15
2026-01-29T15:30:00+00:00,SE4,solar,0.841,15
2026-01-29T15:45:00+00:00,SE4,solar,0.751,15
2026-01-29T16:00:00+00:00,SE4,solar,0.717,15
2026-01-29T16:15:00+00:00,SE4,solar,0.713,15
2026-01-29T16:30:00+00:00,SE4,solar,0.711,15
2026-01-29T16:45:00+00:00,SE4,solar,0.709,15
2026-01-29T17:00:00+00:00,SE4,solar,0.468,15
2026-01-29T17:15:00+00:00,SE4,solar,0.47,15
2026-01-29T17:30:00+00:00,SE4,solar,0.469,15
2026-01-29T17:45:00+00:00,SE4,solar,0.465,15
2026-01-29T18:00:00+00:00,SE4,solar,0.034,15
2026-01-29T18:15:00+00:00,SE4,solar,0.033,15
2026-01-29T18:45:00+00:00,SE4,solar,0.032,15
2026-01-29T19:00:00+00:00,SE4,solar,0.033,15
2026-01-29T20:30:00+00:00,SE4,solar,0.032,15
2026-01-29T21:00:00+00:00,SE4,solar,0.031,15
2026-01-29T21:15:00+00:00,SE4,solar,0.03,15
2026-01-29T21:45:00+00:00,SE4,solar,0.031,15
2026-01-29T22:00:00+00:00,SE4,solar,0.036,15
2026-01-29T23:00:00+00:00,SE4,solar,0.039,15
2026-01-29T23:15:00+00:00,SE4,solar,0.038,15
2026-01-30T00:15:00+00:00,SE4,solar,0.037,15
2026-01-30T00:45:00+00:00,SE4,solar,0.036,15
2026-01-30T01:00:00+00:00,SE4,solar,0.032,15
2026-01-30T02:00:00+00:00,SE4,solar,0.038,15
2026-01-30T02:30:00+00:00,SE4,solar,0.043,15
2026-01-30T03:00:00+00:00,SE4,solar,0.144,15
2026-01-30T03:15:00+00:00,SE4,solar,0.145,15
2026-01-30T03:45:00+00:00,SE4,solar,0.146,15
2026-01-30T04:00:00+00:00,SE4,solar,0.15,15
2026-01-30T04:30:00+00:00,SE4,solar,0.151,15
2026-01-30T04:45:00+00:00,SE4,solar,0.152,15
2026-01-30T05:00:00+00:00,SE4,solar,0.155,15
2026-01-30T05:15:00+00:00,SE4,solar,0.156,15
2026-01-30T05:45:00+00:00,SE4,solar,0.155,15
2026-01-30T06:00:00+00:00,SE4,solar,0.282,15
2026-01-30T07:00:00+00:00,SE4,solar,0.675,15
2026-01-30T07:15:00+00:00,SE4,solar,0.828,15
2026-01-30T07:30:00+00:00,SE4,solar,1.078,15
2026-01-30T07:45:00+00:00,SE4,solar,1.417,15
2026-01-30T08:00:00+00:00,SE4,solar,4.916,15
2026-01-30T08:15:00+00:00,SE4,solar,5.389,15
2026-01-30T08:30:00+00:00,SE4,solar,5.892,15
2026-01-30T08:45:00+00:00,SE4,solar,6.426,15
2026-01-30T09:00:00+00:00,SE4,solar,11.679,15
2026-01-30T09:15:00+00:00,SE4,solar,12.258,15
2026-01-30T09:30:00+00:00,SE4,solar,12.909,15
2026-01-30T09:45:00+00:00,SE4,solar,13.428,15
2026-01-30T10:00:00+00:00,SE4,solar,16.554,15
2026-01-30T10:15:00+00:00,SE4,solar,16.926,15
2026-01-30T10:30:00+00:00,SE4,solar,17.331,15
2026-01-30T10:45:00+00:00,SE4,solar,17.747,15
2026-01-30T11:00:00+00:00,SE4,solar,18.944,15
2026-01-30T11:15:00+00:00,SE4,solar,19.145,15
2026-01-30T11:30:00+00:00,SE4,solar,19.247,15
2026-01-30T11:45:00+00:00,SE4,solar,19.24,15
2026-01-30T12:00:00+00:00,SE4,solar,17.186,15
2026-01-30T12:15:00+00:00,SE4,solar,16.645,15
2026-01-30T12:30:00+00:00,SE4,solar,16.267,15
2026-01-30T12:45:00+00:00,SE4,solar,15.845,15
2026-01-30T13:00:00+00:00,SE4,solar,11.587,15
2026-01-30T13:15:00+00:00,SE4,solar,11.113,15
2026-01-30T13:30:00+00:00,SE4,solar,10.462,15
2026-01-30T13:45:00+00:00,SE4,solar,9.756,15
2026-01-30T14:00:00+00:00,SE4,solar,5.36,15
2026-01-30T14:15:00+00:00,SE4,solar,4.786,15
2026-01-30T14:30:00+00:00,SE4,solar,4.368,15
2026-01-30T14:45:00+00:00,SE4,solar,3.981,15
2026-01-30T15:00:00+00:00,SE4,solar,1.007,15
2026-01-30T15:15:00+00:00,SE4,solar,0.75,15
2026-01-30T15:30:00+00:00,SE4,solar,0.585,15
2026-01-30T15:45:00+00:00,SE4,solar,0.459,15
2026-01-30T16:00:00+00:00,SE4,solar,0.353,15
2026-01-30T16:15:00+00:00,SE4,solar,0.345,15
2026-01-30T16:30:00+00:00,SE4,solar,0.343,15
2026-01-30T16:45:00+00:00,SE4,solar,0.338,15
2026-01-30T17:00:00+00:00,SE4,solar,0.297,15
2026-01-30T17:15:00+00:00,SE4,solar,0.299,15
2026-01-30T17:30:00+00:00,SE4,solar,0.298,15
2026-01-30T17:45:00+00:00,SE4,solar,0.293,15
2026-01-30T18:00:00+00:00,SE4,solar,0.137,15
2026-01-30T18:15:00+00:00,SE4,solar,0.136,15
2026-01-30T18:30:00+00:00,SE4,solar,0.135,15
2026-01-30T18:45:00+00:00,SE4,solar,0.136,15
2026-01-30T19:00:00+00:00,SE4,solar,0.137,15
2026-01-30T19:45:00+00:00,SE4,solar,0.136,15
2026-01-30T20:00:00+00:00,SE4,solar,0.036,15
2026-01-30T20:45:00+00:00,SE4,solar,0.035,15
2026-01-30T22:00:00+00:00,SE4,solar,0.039,15
2026-01-30T23:00:00+00:00,SE4,solar,0.038,15
2026-01-31T00:00:00+00:00,SE4,solar,0.032,15
2026-01-31T00:45:00+00:00,SE4,solar,0.031,15
2026-01-31T02:00:00+00:00,SE4,solar,0.036,15
2026-01-31T02:45:00+00:00,SE4,solar,0.037,15
2026-01-31T03:00:00+00:00,SE4,solar,0.038,15
2026-01-31T03:15:00+00:00,SE4,solar,0.039,15
2026-01-31T03:45:00+00:00,SE4,solar,0.038,15
2026-01-31T04:00:00+00:00,SE4,solar,0.042,15
2026-01-31T04:15:00+00:00,SE4,solar,0.043,15
2026-01-31T04:30:00+00:00,SE4,solar,0.044,15
2026-01-31T04:45:00+00:00,SE4,solar,0.045,15
2026-01-31T05:00:00+00:00,SE4,solar,0.05,15
2026-01-31T06:00:00+00:00,SE4,solar,0.378,15
2026-01-31T06:30:00+00:00,SE4,solar,0.377,15
2026-01-31T07:00:00+00:00,SE4,solar,1.372,15
2026-01-31T07:15:00+00:00,SE4,solar,1.852,15
2026-01-31T07:30:00+00:00,SE4,solar,2.524,15
2026-01-31T07:45:00+00:00,SE4,solar,3.359,15
2026-01-31T08:00:00+00:00,SE4,solar,13.034,15
2026-01-31T08:15:00+00:00,SE4,solar,15.078,15
2026-01-31T08:30:00+00:00,SE4,solar,17.987,15
2026-01-31T08:45:00+00:00,SE4,solar,20.993,15
2026-01-31T09:00:00+00:00,SE4,solar,37.297,15
2026-01-31T09:15:00+00:00,SE4,solar,40.568,15
2026-01-31T09:30:00+00:00,SE4,solar,45.885,15
2026-01-31T09:45:00+00:00,SE4,solar,50.261,15
2026-01-31T10:00:00+00:00,SE4,solar,65.508,15
2026-01-31T10:15:00+00:00,SE4,solar,69.785,15
2026-01-31T10:30:00+00:00,SE4,solar,74.935,15
2026-01-31T10:45:00+00:00,SE4,solar,77.896,15
2026-01-31T11:00:00+00:00,SE4,solar,87.257,15
2026-01-31T11:15:00+00:00,SE4,solar,89.591,15
2026-01-31T11:30:00+00:00,SE4,solar,90.588,15
2026-01-31T11:45:00+00:00,SE4,solar,89.918,15
2026-01-31T12:00:00+00:00,SE4,solar,84.087,15
2026-01-31T12:15:00+00:00,SE4,solar,82.069,15
2026-01-31T12:30:00+00:00,SE4,solar,79.647,15
2026-01-31T12:45:00+00:00,SE4,solar,76.314,15
2026-01-31T13:00:00+00:00,SE4,solar,60.78,15
2026-01-31T13:15:00+00:00,SE4,solar,55.698,15
2026-01-31T13:30:00+00:00,SE4,solar,50.33,15
2026-01-31T13:45:00+00:00,SE4,solar,44.853,15
2026-01-31T14:00:00+00:00,SE4,solar,22.883,15
2026-01-31T14:15:00+00:00,SE4,solar,18.087,15
2026-01-31T14:30:00+00:00,SE4,solar,14.013,15
2026-01-31T14:45:00+00:00,SE4,solar,11.83,15
2026-01-31T15:00:00+00:00,SE4,solar,3.629,15
2026-01-31T15:15:00+00:00,SE4,solar,2.44,15
2026-01-31T15:30:00+00:00,SE4,solar,1.72,15
2026-01-31T15:45:00+00:00,SE4,solar,1.281,15
2026-01-31T16:00:00+00:00,SE4,solar,0.781,15
2026-01-31T16:15:00+00:00,SE4,solar,0.735,15
2026-01-31T16:30:00+00:00,SE4,solar,0.722,15
2026-01-31T16:45:00+00:00,SE4,solar,0.718,15
2026-01-31T17:00:00+00:00,SE4,solar,0.477,15
2026-01-31T17:15:00+00:00,SE4,solar,0.479,15
2026-01-31T17:30:00+00:00,SE4,solar,0.478,15
2026-01-31T17:45:00+00:00,SE4,solar,0.473,15
2026-01-31T18:00:00+00:00,SE4,solar,0.042,15
2026-01-31T18:30:00+00:00,SE4,solar,0.041,15
2026-01-31T19:00:00+00:00,SE4,solar,0.042,15
2026-01-31T19:30:00+00:00,SE4,solar,0.041,15
2026-01-31T20:15:00+00:00,SE4,solar,0.04,15
2026-01-31T20:45:00+00:00,SE4,solar,0.039,15
2026-01-31T21:00:00+00:00,SE4,solar,0.037,15
2026-01-31T21:15:00+00:00,SE4,solar,0.036,15
2026-01-31T21:30:00+00:00,SE4,solar,0.035,15
2026-01-31T22:00:00+00:00,SE4,solar,0.038,15
2026-01-31T23:00:00+00:00,SE4,solar,0.034,15
2026-01-31T23:15:00+00:00,SE4,solar,0.035,15
2026-01-31T23:30:00+00:00,SE4,solar,0.034,15
2026-01-31T23:45:00+00:00,SE4,solar,0.033,15
2026-02-01T00:00:00+00:00,SE4,solar,0.028,15
2026-02-01T01:00:00+00:00,SE4,solar,0.029,15
2026-02-01T01:15:00+00:00,SE4,solar,0.03,15
2026-02-01T01:45:00+00:00,SE4,solar,0.031,15
2026-02-01T02:15:00+00:00,SE4,solar,0.032,15
2026-02-01T02:30:00+00:00,SE4,solar,0.036,15
2026-02-01T03:00:00+00:00,SE4,solar,0.337,15
2026-02-01T04:15:00+00:00,SE4,solar,0.342,15
2026-02-01T04:45:00+00:00,SE4,solar,0.343,15
2026-02-01T05:00:00+00:00,SE4,solar,0.402,15
2026-02-01T05:15:00+00:00,SE4,solar,0.403,15
2026-02-01T05:45:00+00:00,SE4,solar,0.402,15
2026-02-01T06:00:00+00:00,SE4,solar,0.358,15
2026-02-01T06:15:00+00:00,SE4,solar,0.357,15
2026-02-01T06:30:00+00:00,SE4,solar,0.356,15
2026-02-01T07:00:00+00:00,SE4,solar,0.983,15
2026-02-01T07:15:00+00:00,SE4,solar,1.514,15
2026-02-01T07:30:00+00:00,SE4,solar,2.296,15
2026-02-01T07:45:00+00:00,SE4,solar,3.302,15
2026-02-01T08:00:00+00:00,SE4,solar,11.657,15
2026-02-01T08:15:00+00:00,SE4,solar,14.853,15
2026-02-01T08:30:00+00:00,SE4,solar,20.055,15
2026-02-01T08:45:00+00:00,SE4,solar,21.961,15
2026-02-01T09:00:00+00:00,SE4,solar,38.322,15
2026-02-01T09:15:00+00:00,SE4,solar,43.708,15
2026-02-01T09:30:00+00:00,SE4,solar,48.763,15
2026-02-01T09:45:00+00:00,SE4,solar,54.037,15
2026-02-01T10:00:00+00:00,SE4,solar,71.694,15
2026-02-01T10:15:00+00:00,SE4,solar,75.424,15
2026-02-01T10:30:00+00:00,SE4,solar,78.432,15
2026-02-01T10:45:00+00:00,SE4,solar,81.053,15
2026-02-01T11:00:00+00:00,SE4,solar,85.992,15
2026-02-01T11:15:00+00:00,SE4,solar,86.69,15
2026-02-01T11:30:00+00:00,SE4,solar,86.236,15
2026-02-01T11:45:00+00:00,SE4,solar,84.895,15
2026-02-01T12:00:00+00:00,SE4,solar,85.396,15
2026-02-01T12:15:00+00:00,SE4,solar,82.253,15
2026-02-01T12:30:00+00:00,SE4,solar,77.609,15
2026-02-01T12:45:00+00:00,SE4,solar,73.045,15
2026-02-01T13:00:00+00:00,SE4,solar,51.009,15
2026-02-01T13:15:00+00:00,SE4,solar,46.796,15
2026-02-01T13:30:00+00:00,SE4,solar,42.569,15
2026-02-01T13:45:00+00:00,SE4,solar,38.362,15
2026-02-01T14:00:00+00:00,SE4,solar,20.274,15
2026-02-01T14:15:00+00:00,SE4,solar,16.711,15
2026-02-01T14:30:00+00:00,SE4,solar,13.026,15
2026-02-01T14:45:00+00:00,SE4,solar,11.331,15
2026-02-01T15:00:00+00:00,SE4,solar,3.448,15
2026-02-01T15:15:00+00:00,SE4,solar,2.367,15
2026-02-01T15:30:00+00:00,SE4,solar,1.596,15
2026-02-01T15:45:00+00:00,SE4,solar,1.041,15
2026-02-01T16:00:00+00:00,SE4,solar,0.044,15
2026-02-01T16:15:00+00:00,SE4,solar,0.039,15
2026-02-01T16:30:00+00:00,SE4,solar,0.037,15
2026-02-01T16:45:00+00:00,SE4,solar,0.035,15
2026-02-01T17:00:00+00:00,SE4,solar,0.393,15
2026-02-01T17:15:00+00:00,SE4,solar,0.396,15
2026-02-01T17:30:00+00:00,SE4,solar,0.395,15
2026-02-01T17:45:00+00:00,SE4,solar,0.391,15
2026-02-01T18:00:00+00:00,SE4,solar,0.335,15
2026-02-01T18:15:00+00:00,SE4,solar,0.334,15
2026-02-01T19:00:00+00:00,SE4,solar,0.335,15
2026-02-01T19:15:00+00:00,SE4,solar,0.336,15
2026-02-01T19:45:00+00:00,SE4,solar,0.335,15
2026-02-01T20:00:00+00:00,SE4,solar,0.035,15
2026-02-01T20:30:00+00:00,SE4,solar,0.034,15
2026-02-01T21:15:00+00:00,SE4,solar,0.033,15
2026-02-01T21:45:00+00:00,SE4,solar,0.034,15
2026-02-01T22:00:00+00:00,SE4,solar,0.036,15
2026-02-01T23:00:00+00:00,SE4,solar,0.04,15
2026-02-01T23:15:00+00:00,SE4,solar,0.041,15
2026-02-01T23:45:00+00:00,SE4,solar,0.04,15
2026-02-02T00:00:00+00:00,SE4,solar,0.033,15
2026-02-02T00:15:00+00:00,SE4,solar,0.03,15
2026-02-02T00:45:00+00:00,SE4,solar,0.033,15
2026-02-02T01:00:00+00:00,SE4,solar,0.034,15
2026-02-02T01:15:00+00:00,SE4,solar,0.035,15
2026-02-02T01:45:00+00:00,SE4,solar,0.036,15
2026-02-02T02:00:00+00:00,SE4,solar,0.042,15
2026-02-02T03:00:00+00:00,SE4,solar,0.045,15
2026-02-02T03:45:00+00:00,SE4,solar,0.049,15
2026-02-02T04:15:00+00:00,SE4,solar,0.05,15
2026-02-02T05:00:00+00:00,SE4,solar,0.062,15
2026-02-02T05:15:00+00:00,SE4,solar,0.063,15
2026-02-02T05:45:00+00:00,SE4,solar,0.062,15
2026-02-02T06:00:00+00:00,SE4,solar,0.071,15
2026-02-02T06:15:00+00:00,SE4,solar,0.086,15
2026-02-02T06:30:00+00:00,SE4,solar,0.114,15
2026-02-02T06:45:00+00:00,SE4,solar,0.162,15
2026-02-02T07:00:00+00:00,SE4,solar,0.995,15
2026-02-02T07:15:00+00:00,SE4,solar,1.632,15
2026-02-02T07:30:00+00:00,SE4,solar,2.552,15
2026-02-02T07:45:00+00:00,SE4,solar,3.723,15
2026-02-02T08:00:00+00:00,SE4,solar,17.645,15
2026-02-02T08:15:00+00:00,SE4,solar,20.974,15
2026-02-02T08:30:00+00:00,SE4,solar,24.281,15
2026-02-02T08:45:00+00:00,SE4,solar,27.479,15
2026-02-02T09:00:00+00:00,SE4,solar,41.5,15
2026-02-02T09:15:00+00:00,SE4,solar,45.286,15
2026-02-02T09:30:00+00:00,SE4,solar,49.124,15
2026-02-02T09:45:00+00:00,SE4,solar,52.818,15
2026-02-02T10:00:00+00:00,SE4,solar,74.922,15
2026-02-02T10:15:00+00:00,SE4,solar,79.371,15
2026-02-02T10:30:00+00:00,SE4,solar,83.015,15
2026-02-02T10:45:00+00:00,SE4,solar,85.789,15
2026-02-02T11:00:00+00:00,SE4,solar,89.333,15
2026-02-02T11:15:00+00:00,SE4,solar,89.972,15
2026-02-02T11:30:00+00:00,SE4,solar,89.913,15
2026-02-02T11:45:00+00:00,SE4,solar,88.644,15
2026-02-02T12:00:00+00:00,SE4,solar,79.791,15
2026-02-02T12:15:00+00:00,SE4,solar,76.999,15
2026-02-02T12:30:00+00:00,SE4,solar,73.53,15
2026-02-02T12:45:00+00:00,SE4,solar,69.281,15
2026-02-02T13:00:00+00:00,SE4,solar,55.666,15
2026-02-02T13:15:00+00:00,SE4,solar,51.518,15
2026-02-02T13:30:00+00:00,SE4,solar,45.686,15
2026-02-02T13:45:00+00:00,SE4,solar,40.091,15
2026-02-02T14:00:00+00:00,SE4,solar,21.742,15
2026-02-02T14:15:00+00:00,SE4,solar,18.585,15
2026-02-02T14:30:00+00:00,SE4,solar,15.589,15
2026-02-02T14:45:00+00:00,SE4,solar,12.794,15
2026-02-02T15:00:00+00:00,SE4,solar,3.617,15
2026-02-02T15:15:00+00:00,SE4,solar,2.316,15
2026-02-02T15:30:00+00:00,SE4,solar,1.421,15
2026-02-02T15:45:00+00:00,SE4,solar,0.811,15
2026-02-02T16:00:00+00:00,SE4,solar,0.051,15
2026-02-02T16:15:00+00:00,SE4,solar,0.045,15
2026-02-02T16:30:00+00:00,SE4,solar,0.043,15
2026-02-02T16:45:00+00:00,SE4,solar,0.039,15
2026-02-02T17:00:00+00:00,SE4,solar,0.048,15
2026-02-02T17:15:00+00:00,SE4,solar,0.05,15
2026-02-02T17:30:00+00:00,SE4,solar,0.049,15
2026-02-02T17:45:00+00:00,SE4,solar,0.046,15
2026-02-02T18:00:00+00:00,SE4,solar,0.041,15
2026-02-02T19:00:00+00:00,SE4,solar,0.042,15
2026-02-02T19:15:00+00:00,SE4,solar,0.041,15
2026-02-02T20:00:00+00:00,SE4,solar,0.04,15
2026-02-02T20:30:00+00:00,SE4,solar,0.039,15
2026-02-02T21:00:00+00:00,SE4,solar,0.038,15
2026-02-02T22:00:00+00:00,SE4,solar,0.043,15
2026-02-02T23:00:00+00:00,SE4,solar,0.324,15
2026-02-02T23:15:00+00:00,SE4,solar,0.396,15
2026-02-02T23:30:00+00:00,SE4,solar,0.356,15
2026-02-02T23:45:00+00:00,SE4,solar,0.344,15
2026-02-03T00:00:00+00:00,SE4,solar,0.345,15
2026-02-03T00:15:00+00:00,SE4,solar,0.334,15
2026-02-03T00:45:00+00:00,SE4,solar,0.345,15
2026-02-03T01:00:00+00:00,SE4,solar,0.317,15
2026-02-03T01:15:00+00:00,SE4,solar,0.337,15
2026-02-03T01:30:00+00:00,SE4,solar,0.318,15
2026-02-03T02:00:00+00:00,SE4,solar,0.323,15
2026-02-03T02:15:00+00:00,SE4,solar,0.303,15
2026-02-03T02:30:00+00:00,SE4,solar,0.323,15
2026-02-03T02:45:00+00:00,SE4,solar,0.343,15
2026-02-03T03:00:00+00:00,SE4,solar,0.666,15
2026-02-03T03:30:00+00:00,SE4,solar,0.656,15
2026-02-03T03:45:00+00:00,SE4,solar,0.68,15
2026-02-03T04:15:00+00:00,SE4,solar,0.67,15
2026-02-03T04:30:00+00:00,SE4,solar,0.675,15
2026-02-03T05:00:00+00:00,SE4,solar,0.686,15
2026-02-03T05:15:00+00:00,SE4,solar,0.687,15
2026-02-03T05:30:00+00:00,SE4,solar,0.697,15
2026-02-03T06:00:00+00:00,SE4,solar,0.719,15
2026-02-03T06:15:00+00:00,SE4,solar,0.738,15
2026-02-03T06:30:00+00:00,SE4,solar,0.771,15
2026-02-03T06:45:00+00:00,SE4,solar,0.842,15
2026-02-03T07:00:00+00:00,SE4,solar,2.268,15
2026-02-03T07:15:00+00:00,SE4,solar,3.192,15
2026-02-03T07:30:00+00:00,SE4,solar,4.443,15
2026-02-03T07:45:00+00:00,SE4,solar,5.99,15
2026-02-03T08:00:00+00:00,SE4,solar,25.684,15
2026-02-03T08:15:00+00:00,SE4,solar,30.91,15
2026-02-03T08:30:00+00:00,SE4,solar,35.964,15
2026-02-03T08:45:00+00:00,SE4,solar,41.17,15
2026-02-03T09:00:00+00:00,SE4,solar,67.578,15
2026-02-03T09:15:00+00:00,SE4,solar,77.039,15
2026-02-03T09:30:00+00:00,SE4,solar,85.141,15
2026-02-03T09:45:00+00:00,SE4,solar,93.781,15
2026-02-03T10:00:00+00:00,SE4,solar,126.016,15
2026-02-03T10:15:00+00:00,SE4,solar,135.967,15
2026-02-03T10:30:00+00:00,SE4,solar,141.733,15
2026-02-03T10:45:00+00:00,SE4,solar,149.21,15
2026-02-03T11:00:00+00:00,SE4,solar,162.306,15
2026-02-03T11:15:00+00:00,SE4,solar,164.895,15
2026-02-03T11:30:00+00:00,SE4,solar,163.993,15
2026-02-03T11:45:00+00:00,SE4,solar,160.56,15
2026-02-03T12:00:00+00:00,SE4,solar,149.28,15
2026-02-03T12:15:00+00:00,SE4,solar,143.042,15
2026-02-03T12:30:00+00:00,SE4,solar,134.438,15
2026-02-03T12:45:00+00:00,SE4,solar,128.587,15
2026-02-03T13:00:00+00:00,SE4,solar,106.89,15
2026-02-03T13:15:00+00:00,SE4,solar,97.295,15
2026-02-03T13:30:00+00:00,SE4,solar,85.82,15
2026-02-03T13:45:00+00:00,SE4,solar,76.609,15
2026-02-03T14:00:00+00:00,SE4,solar,49.732,15
2026-02-03T14:15:00+00:00,SE4,solar,41.793,15
2026-02-03T14:30:00+00:00,SE4,solar,33.516,15
2026-02-03T14:45:00+00:00,SE4,solar,27.777,15
2026-02-03T15:00:00+00:00,SE4,solar,8.872,15
2026-02-03T15:15:00+00:00,SE4,solar,5.248,15
2026-02-03T15:30:00+00:00,SE4,solar,2.497,15
2026-02-03T15:45:00+00:00,SE4,solar,1.762,15
2026-02-03T16:00:00+00:00,SE4,solar,0.693,15
2026-02-03T16:15:00+00:00,SE4,solar,0.642,15
2026-02-03T16:30:00+00:00,SE4,solar,0.527,15
2026-02-03T16:45:00+00:00,SE4,solar,0.424,15
2026-02-03T17:00:00+00:00,SE4,solar,0.817,15
2026-02-03T17:15:00+00:00,SE4,solar,0.767,15
2026-02-03T17:30:00+00:00,SE4,solar,0.746,15
2026-02-03T17:45:00+00:00,SE4,solar,0.701,15
2026-02-03T18:00:00+00:00,SE4,solar,0.762,15
2026-02-03T18:15:00+00:00,SE4,solar,0.732,15
2026-02-03T18:30:00+00:00,SE4,solar,0.681,15
2026-02-03T18:45:00+00:00,SE4,solar,0.647,15
2026-02-03T19:00:00+00:00,SE4,solar,0.643,15
2026-02-03T19:15:00+00:00,SE4,solar,0.593,15
2026-02-03T19:30:00+00:00,SE4,solar,0.573,15
2026-02-03T19:45:00+00:00,SE4,solar,0.552,15
2026-02-03T20:00:00+00:00,SE4,solar,0.281,15
2026-02-03T20:15:00+00:00,SE4,solar,0.301,15
2026-02-03T20:30:00+00:00,SE4,solar,0.241,15
2026-02-03T20:45:00+00:00,SE4,solar,0.251,15
2026-02-03T21:00:00+00:00,SE4,solar,0.249,15
2026-02-03T21:15:00+00:00,SE4,solar,0.298,15
2026-02-03T21:30:00+00:00,SE4,solar,0.268,15
2026-02-03T21:45:00+00:00,SE4,solar,0.289,15
2026-02-03T22:00:00+00:00,SE4,solar,0.288,15
2026-02-03T22:15:00+00:00,SE4,solar,0.309,15
2026-02-03T22:30:00+00:00,SE4,solar,0.299,15
2026-02-03T22:45:00+00:00,SE4,solar,0.31,15
2026-02-03T23:00:00+00:00,SE4,solar,0.285,15
2026-02-03T23:15:00+00:00,SE4,solar,0.296,15
2026-02-03T23:45:00+00:00,SE4,solar,0.295,15
2026-02-04T00:00:00+00:00,SE4,solar,0.283,15
2026-02-04T00:15:00+00:00,SE4,solar,0.291,15
2026-02-04T00:30:00+00:00,SE4,solar,0.261,15
2026-02-04T00:45:00+00:00,SE4,solar,0.273,15
2026-02-04T01:00:00+00:00,SE4,solar,0.265,15
2026-02-04T01:15:00+00:00,SE4,solar,0.286,15
2026-02-04T01:30:00+00:00,SE4,solar,0.297,15
2026-02-04T01:45:00+00:00,SE4,solar,0.288,15
2026-02-04T02:00:00+00:00,SE4,solar,0.283,15
2026-02-04T02:15:00+00:00,SE4,solar,0.253,15
2026-02-04T02:30:00+00:00,SE4,solar,0.273,15
2026-02-04T02:45:00+00:00,SE4,solar,0.283,15
2026-02-04T03:00:00+00:00,SE4,solar,0.251,15
2026-02-04T03:15:00+00:00,SE4,solar,0.275,15
2026-02-04T03:45:00+00:00,SE4,solar,0.274,15
2026-02-04T04:00:00+00:00,SE4,solar,0.294,15
2026-02-04T04:15:00+00:00,SE4,solar,0.254,15
2026-02-04T04:30:00+00:00,SE4,solar,0.215,15
2026-02-04T04:45:00+00:00,SE4,solar,0.245,15
2026-02-04T05:00:00+00:00,SE4,solar,0.287,15
2026-02-04T05:15:00+00:00,SE4,solar,0.288,15
2026-02-04T05:30:00+00:00,SE4,solar,0.278,15
2026-02-04T05:45:00+00:00,SE4,solar,0.288,15
2026-02-04T06:00:00+00:00,SE4,solar,0.598,15
2026-02-04T06:15:00+00:00,SE4,solar,0.662,15
2026-02-04T06:30:00+00:00,SE4,solar,0.742,15
2026-02-04T06:45:00+00:00,SE4,solar,0.869,15
2026-02-04T07:00:00+00:00,SE4,solar,1.821,15
2026-02-04T07:15:00+00:00,SE4,solar,2.316,15
2026-02-04T07:30:00+00:00,SE4,solar,3.051,15
2026-02-04T07:45:00+00:00,SE4,solar,3.882,15
2026-02-04T08:00:00+00:00,SE4,solar,9.33,15
2026-02-04T08:15:00+00:00,SE4,solar,10.517,15
2026-02-04T08:30:00+00:00,SE4,solar,11.893,15
2026-02-04T08:45:00+00:00,SE4,solar,13.202,15
2026-02-04T09:00:00+00:00,SE4,solar,20.435,15
2026-02-04T09:15:00+00:00,SE4,solar,21.743,15
2026-02-04T09:30:00+00:00,SE4,solar,22.814,15
2026-02-04T09:45:00+00:00,SE4,solar,23.788,15
2026-02-04T10:00:00+00:00,SE4,solar,33.791,15
2026-02-04T10:15:00+00:00,SE4,solar,34.461,15
2026-02-04T10:30:00+00:00,SE4,solar,35.025,15
2026-02-04T10:45:00+00:00,SE4,solar,35.44,15
2026-02-04T11:00:00+00:00,SE4,solar,35.919,15
2026-02-04T11:15:00+00:00,SE4,solar,35.943,15
2026-02-04T11:30:00+00:00,SE4,solar,35.807,15
2026-02-04T11:45:00+00:00,SE4,solar,35.538,15
2026-02-04T12:00:00+00:00,SE4,solar,33.368,15
2026-02-04T12:15:00+00:00,SE4,solar,32.039,15
2026-02-04T12:30:00+00:00,SE4,solar,31.103,15
2026-02-04T12:45:00+00:00,SE4,solar,30.034,15
2026-02-04T13:00:00+00:00,SE4,solar,19.537,15
2026-02-04T13:15:00+00:00,SE4,solar,18.482,15
2026-02-04T13:30:00+00:00,SE4,solar,17.388,15
2026-02-04T13:45:00+00:00,SE4,solar,16.331,15
2026-02-04T14:00:00+00:00,SE4,solar,8.863,15
2026-02-04T14:15:00+00:00,SE4,solar,7.696,15
2026-02-04T14:30:00+00:00,SE4,solar,6.9,15
2026-02-04T14:45:00+00:00,SE4,solar,6.214,15
2026-02-04T15:00:00+00:00,SE4,solar,2.028,15
2026-02-04T15:15:00+00:00,SE4,solar,1.568,15
2026-02-04T15:30:00+00:00,SE4,solar,1.254,15
2026-02-04T15:45:00+00:00,SE4,solar,1.12,15
2026-02-04T16:00:00+00:00,SE4,solar,0.871,15
2026-02-04T16:15:00+00:00,SE4,solar,0.891,15
2026-02-04T16:30:00+00:00,SE4,solar,0.927,15
2026-02-04T16:45:00+00:00,SE4,solar,0.847,15
2026-02-04T17:00:00+00:00,SE4,solar,0.61,15
2026-02-04T17:15:00+00:00,SE4,solar,0.559,15
2026-02-04T17:30:00+00:00,SE4,solar,0.552,15
2026-02-04T17:45:00+00:00,SE4,solar,0.569,15
2026-02-04T18:00:00+00:00,SE4,solar,0.346,15
2026-02-04T18:15:00+00:00,SE4,solar,0.345,15
2026-02-04T18:30:00+00:00,SE4,solar,0.325,15
2026-02-04T18:45:00+00:00,SE4,solar,0.334,15
2026-02-04T19:00:00+00:00,SE4,solar,0.364,15
2026-02-04T19:15:00+00:00,SE4,solar,0.334,15
2026-02-04T19:45:00+00:00,SE4,solar,0.304,15
2026-02-04T20:00:00+00:00,SE4,solar,0.264,15
2026-02-04T20:15:00+00:00,SE4,solar,0.285,15
2026-02-04T20:30:00+00:00,SE4,solar,0.275,15
2026-02-04T20:45:00+00:00,SE4,solar,0.254,15
2026-02-04T21:00:00+00:00,SE4,solar,0.282,15
2026-02-04T21:15:00+00:00,SE4,solar,0.301,15
2026-02-04T21:30:00+00:00,SE4,solar,0.271,15
2026-02-04T21:45:00+00:00,SE4,solar,0.282,15
2026-02-04T22:00:00+00:00,SE4,solar,0.266,15
2026-02-04T22:15:00+00:00,SE4,solar,0.267,15
2026-02-04T22:30:00+00:00,SE4,solar,0.288,15
2026-02-04T22:45:00+00:00,SE4,solar,0.269,15
2026-02-04T23:00:00+00:00,SE4,solar,0.044,15
2026-02-04T23:15:00+00:00,SE4,solar,0.045,15
2026-02-04T23:45:00+00:00,SE4,solar,0.043,15
2026-02-05T00:00:00+00:00,SE4,solar,0.035,15
2026-02-05T01:00:00+00:00,SE4,solar,0.038,15
2026-02-05T01:15:00+00:00,SE4,solar,0.039,15
2026-02-05T01:45:00+00:00,SE4,solar,0.04,15
2026-02-05T02:00:00+00:00,SE4,solar,0.039,15
2026-02-05T02:15:00+00:00,SE4,solar,0.04,15
2026-02-05T02:45:00+00:00,SE4,solar,0.039,15
2026-02-05T03:15:00+00:00,SE4,solar,0.038,15
2026-02-05T03:30:00+00:00,SE4,solar,0.042,15
2026-02-05T03:45:00+00:00,SE4,solar,0.043,15
2026-02-05T04:15:00+00:00,SE4,solar,0.044,15
2026-02-05T04:30:00+00:00,SE4,solar,0.045,15
2026-02-05T04:45:00+00:00,SE4,solar,0.046,15
2026-02-05T05:00:00+00:00,SE4,solar,0.057,15
2026-02-05T06:00:00+00:00,SE4,solar,0.34,15
2026-02-05T06:15:00+00:00,SE4,solar,0.351,15
2026-02-05T06:30:00+00:00,SE4,solar,0.368,15
2026-02-05T06:45:00+00:00,SE4,solar,0.402,15
2026-02-05T07:00:00+00:00,SE4,solar,1.714,15
2026-02-05T07:15:00+00:00,SE4,solar,1.95,15
2026-02-05T07:30:00+00:00,SE4,solar,2.289,15
2026-02-05T07:45:00+00:00,SE4,solar,2.682,15
2026-02-05T08:00:00+00:00,SE4,solar,8.963,15
2026-02-05T08:15:00+00:00,SE4,solar,9.635,15
2026-02-05T08:30:00+00:00,SE4,solar,10.349,15
2026-02-05T08:45:00+00:00,SE4,solar,10.991,15
2026-02-05T09:00:00+00:00,SE4,solar,15.755,15
2026-02-05T09:15:00+00:00,SE4,solar,16.479,15
2026-02-05T09:30:00+00:00,SE4,solar,17.069,15
2026-02-05T09:45:00+00:00,SE4,solar,17.618,15
2026-02-05T10:00:00+00:00,SE4,solar,20.777,15
2026-02-05T10:15:00+00:00,SE4,solar,21.278,15
2026-02-05T10:30:00+00:00,SE4,solar,21.58,15
2026-02-05T10:45:00+00:00,SE4,solar,21.676,15
2026-02-05T11:00:00+00:00,SE4,solar,22.518,15
2026-02-05T11:15:00+00:00,SE4,solar,22.454,15
2026-02-05T11:30:00+00:00,SE4,solar,22.199,15
2026-02-05T11:45:00+00:00,SE4,solar,21.72,15
2026-02-05T12:00:00+00:00,SE4,solar,18.129,15
2026-02-05T12:15:00+00:00,SE4,solar,17.998,15
2026-02-05T12:30:00+00:00,SE4,solar,17.536,15
2026-02-05T12:45:00+00:00,SE4,solar,16.965,15
2026-02-05T13:00:00+00:00,SE4,solar,12.163,15
2026-02-05T13:15:00+00:00,SE4,solar,11.445,15
2026-02-05T13:30:00+00:00,SE4,solar,10.938,15
2026-02-05T13:45:00+00:00,SE4,solar,10.432,15
2026-02-05T14:00:00+00:00,SE4,solar,6.784,15
2026-02-05T14:15:00+00:00,SE4,solar,6.458,15
2026-02-05T14:30:00+00:00,SE4,solar,6.086,15
2026-02-05T14:45:00+00:00,SE4,solar,5.743,15
2026-02-05T15:00:00+00:00,SE4,solar,2.412,15
2026-02-05T15:15:00+00:00,SE4,solar,2.184,15
2026-02-05T15:30:00+00:00,SE4,solar,2.024,15
2026-02-05T15:45:00+00:00,SE4,solar,1.936,15
2026-02-05T16:00:00+00:00,SE4,solar,0.548,15
2026-02-05T16:15:00+00:00,SE4,solar,0.542,15
2026-02-05T16:30:00+00:00,SE4,solar,0.541,15
2026-02-05T16:45:00+00:00,SE4,solar,0.542,15
2026-02-05T17:00:00+00:00,SE4,solar,0.297,15
2026-02-05T17:45:00+00:00,SE4,solar,0.295,15
2026-02-05T18:00:00+00:00,SE4,solar,0.043,15
2026-02-05T19:00:00+00:00,SE4,solar,0.044,15
2026-02-05T19:30:00+00:00,SE4,solar,0.043,15
2026-02-05T19:45:00+00:00,SE4,solar,0.044,15
2026-02-05T20:00:00+00:00,SE4,solar,0.043,15
2026-02-05T20:15:00+00:00,SE4,solar,0.042,15
2026-02-05T21:00:00+00:00,SE4,solar,0.039,15
2026-02-05T21:15:00+00:00,SE4,solar,0.038,15
2026-02-05T21:45:00+00:00,SE4,solar,0.039,15
2026-02-05T22:00:00+00:00,SE4,solar,0.043,15
2026-02-05T22:15:00+00:00,SE4,solar,0.044,15
2026-02-05T22:30:00+00:00,SE4,solar,0.045,15
2026-02-05T22:45:00+00:00,SE4,solar,0.046,15
2026-02-05T23:00:00+00:00,SE4,solar,0.043,15
2026-02-06T00:00:00+00:00,SE4,solar,0.036,15
2026-02-06T00:15:00+00:00,SE4,solar,0.035,15
2026-02-06T00:45:00+00:00,SE4,solar,0.036,15
2026-02-06T01:00:00+00:00,SE4,solar,0.039,15
2026-02-06T01:15:00+00:00,SE4,solar,0.04,15
2026-02-06T02:15:00+00:00,SE4,solar,0.041,15
2026-02-06T02:45:00+00:00,SE4,solar,0.04,15
2026-02-06T03:00:00+00:00,SE4,solar,0.044,15
2026-02-06T04:30:00+00:00,SE4,solar,0.045,15
2026-02-06T05:00:00+00:00,SE4,solar,0.059,15
2026-02-06T05:15:00+00:00,SE4,solar,0.061,15
2026-02-06T05:45:00+00:00,SE4,solar,0.059,15
2026-02-06T06:00:00+00:00,SE4,solar,0.166,15
2026-02-06T06:15:00+00:00,SE4,solar,0.184,15
2026-02-06T06:30:00+00:00,SE4,solar,0.206,15
2026-02-06T06:45:00+00:00,SE4,solar,0.239,15
2026-02-06T07:00:00+00:00,SE4,solar,0.641,15
2026-02-06T07:15:00+00:00,SE4,solar,0.74,15
2026-02-06T07:30:00+00:00,SE4,solar,0.901,15
2026-02-06T07:45:00+00:00,SE4,solar,1.086,15
2026-02-06T08:00:00+00:00,SE4,solar,3.061,15
2026-02-06T08:15:00+00:00,SE4,solar,3.324,15
2026-02-06T08:30:00+00:00,SE4,solar,3.609,15
2026-02-06T08:45:00+00:00,SE4,solar,3.923,15
2026-02-06T09:00:00+00:00,SE4,solar,5.844,15
2026-02-06T09:15:00+00:00,SE4,solar,6.204,15
2026-02-06T09:30:00+00:00,SE4,solar,6.572,15
2026-02-06T09:45:00+00:00,SE4,solar,6.909,15
2026-02-06T10:00:00+00:00,SE4,solar,9.952,15
2026-02-06T10:15:00+00:00,SE4,solar,10.23,15
2026-02-06T10:30:00+00:00,SE4,solar,10.424,15
2026-02-06T10:45:00+00:00,SE4,solar,10.562,15
2026-02-06T11:00:00+00:00,SE4,solar,11.527,15
2026-02-06T11:15:00+00:00,SE4,solar,11.625,15
2026-02-06T11:30:00+00:00,SE4,solar,11.623,15
2026-02-06T11:45:00+00:00,SE4,solar,11.54,15
2026-02-06T12:00:00+00:00,SE4,solar,11.279,15
2026-02-06T12:15:00+00:00,SE4,solar,11.168,15
2026-02-06T12:30:00+00:00,SE4,solar,10.967,15
2026-02-06T12:45:00+00:00,SE4,solar,10.715,15
2026-02-06T13:00:00+00:00,SE4,solar,7.555,15
2026-02-06T13:15:00+00:00,SE4,solar,7.093,15
2026-02-06T13:30:00+00:00,SE4,solar,6.718,15
2026-02-06T13:45:00+00:00,SE4,solar,6.367,15
2026-02-06T14:00:00+00:00,SE4,solar,3.26,15
2026-02-06T14:15:00+00:00,SE4,solar,2.999,15
2026-02-06T14:30:00+00:00,SE4,solar,2.756,15
2026-02-06T14:45:00+00:00,SE4,solar,2.535,15
2026-02-06T15:00:00+00:00,SE4,solar,0.869,15
2026-02-06T15:15:00+00:00,SE4,solar,0.701,15
2026-02-06T15:30:00+00:00,SE4,solar,0.574,15
2026-02-06T15:45:00+00:00,SE4,solar,0.491,15
2026-02-06T16:00:00+00:00,SE4,solar,0.249,15
2026-02-06T16:15:00+00:00,SE4,solar,0.244,15
2026-02-06T16:30:00+00:00,SE4,solar,0.238,15
2026-02-06T16:45:00+00:00,SE4,solar,0.239,15
2026-02-06T17:00:00+00:00,SE4,solar,0.144,15
2026-02-06T17:15:00+00:00,SE4,solar,0.143,15
2026-02-06T17:30:00+00:00,SE4,solar,0.142,15
2026-02-06T17:45:00+00:00,SE4,solar,0.141,15
2026-02-06T18:00:00+00:00,SE4,solar,0.04,15
2026-02-06T18:15:00+00:00,SE4,solar,0.039,15
2026-02-06T18:45:00+00:00,SE4,solar,0.04,15
2026-02-06T19:45:00+00:00,SE4,solar,0.041,15
2026-02-06T20:00:00+00:00,SE4,solar,0.04,15
2026-02-06T21:00:00+00:00,SE4,solar,0.037,15
2026-02-06T21:15:00+00:00,SE4,solar,0.036,15
2026-02-06T21:45:00+00:00,SE4,solar,0.037,15
2026-02-06T22:00:00+00:00,SE4,solar,0.042,15
2026-02-06T22:30:00+00:00,SE4,solar,0.043,15
2026-02-06T22:45:00+00:00,SE4,solar,0.044,15
2026-02-06T23:00:00+00:00,SE4,solar,0.036,15
2026-02-06T23:45:00+00:00,SE4,solar,0.035,15
2026-02-07T00:00:00+00:00,SE4,solar,0.03,15
2026-02-07T01:00:00+00:00,SE4,solar,0.031,15
2026-02-07T01:15:00+00:00,SE4,solar,0.032,15
2026-02-07T01:45:00+00:00,SE4,solar,0.031,15
2026-02-07T03:15:00+00:00,SE4,solar,0.032,15
2026-02-07T04:15:00+00:00,SE4,solar,0.033,15
2026-02-07T04:45:00+00:00,SE4,solar,0.034,15
2026-02-07T05:00:00+00:00,SE4,solar,0.043,15
2026-02-07T05:15:00+00:00,SE4,solar,0.044,15
2026-02-07T05:45:00+00:00,SE4,solar,0.043,15
2026-02-07T06:00:00+00:00,SE4,solar,0.369,15
2026-02-07T06:15:00+00:00,SE4,solar,0.385,15
2026-02-07T06:30:00+00:00,SE4,solar,0.408,15
2026-02-07T06:45:00+00:00,SE4,solar,0.449,15
2026-02-07T07:00:00+00:00,SE4,solar,1.59,15
2026-02-07T07:15:00+00:00,SE4,solar,1.739,15
2026-02-07T07:30:00+00:00,SE4,solar,1.93,15
2026-02-07T07:45:00+00:00,SE4,solar,2.157,15
2026-02-07T08:00:00+00:00,SE4,solar,5.634,15
2026-02-07T08:15:00+00:00,SE4,solar,5.939,15
2026-02-07T08:30:00+00:00,SE4,solar,6.501,15
2026-02-07T08:45:00+00:00,SE4,solar,6.902,15
2026-02-07T09:00:00+00:00,SE4,solar,12.78,15
2026-02-07T09:15:00+00:00,SE4,solar,13.326,15
2026-02-07T09:30:00+00:00,SE4,solar,13.837,15
2026-02-07T09:45:00+00:00,SE4,solar,14.319,15
2026-02-07T10:00:00+00:00,SE4,solar,19.519,15
2026-02-07T10:15:00+00:00,SE4,solar,20.091,15
2026-02-07T10:30:00+00:00,SE4,solar,20.448,15
2026-02-07T10:45:00+00:00,SE4,solar,20.623,15
2026-02-07T11:00:00+00:00,SE4,solar,21.435,15
2026-02-07T11:15:00+00:00,SE4,solar,21.616,15
2026-02-07T11:30:00+00:00,SE4,solar,21.615,15
2026-02-07T11:45:00+00:00,SE4,solar,21.366,15
2026-02-07T12:00:00+00:00,SE4,solar,17.773,15
2026-02-07T12:15:00+00:00,SE4,solar,17.175,15
2026-02-07T12:30:00+00:00,SE4,solar,16.843,15
2026-02-07T12:45:00+00:00,SE4,solar,16.458,15
2026-02-07T13:00:00+00:00,SE4,solar,12.208,15
2026-02-07T13:15:00+00:00,SE4,solar,11.727,15
2026-02-07T13:30:00+00:00,SE4,solar,11.305,15
2026-02-07T13:45:00+00:00,SE4,solar,10.87,15
2026-02-07T14:00:00+00:00,SE4,solar,5.752,15
2026-02-07T14:15:00+00:00,SE4,solar,5.167,15
2026-02-07T14:30:00+00:00,SE4,solar,4.919,15
2026-02-07T14:45:00+00:00,SE4,solar,4.706,15
2026-02-07T15:00:00+00:00,SE4,solar,1.294,15
2026-02-07T15:15:00+00:00,SE4,solar,1.124,15
2026-02-07T15:30:00+00:00,SE4,solar,0.995,15
2026-02-07T15:45:00+00:00,SE4,solar,0.885,15
2026-02-07T16:00:00+00:00,SE4,solar,0.668,15
2026-02-07T16:15:00+00:00,SE4,solar,0.664,15
2026-02-07T16:30:00+00:00,SE4,solar,0.661,15
2026-02-07T17:00:00+00:00,SE4,solar,0.339,15
2026-02-07T17:15:00+00:00,SE4,solar,0.338,15
2026-02-07T17:30:00+00:00,SE4,solar,0.337,15
2026-02-07T17:45:00+00:00,SE4,solar,0.336,15
2026-02-07T18:00:00+00:00,SE4,solar,0.038,15
2026-02-07T18:15:00+00:00,SE4,solar,0.037,15
2026-02-07T18:30:00+00:00,SE4,solar,0.036,15
2026-02-07T18:45:00+00:00,SE4,solar,0.037,15
2026-02-07T20:00:00+00:00,SE4,solar,0.038,15
2026-02-07T21:00:00+00:00,SE4,solar,0.036,15
2026-02-07T21:15:00+00:00,SE4,solar,0.035,15
2026-02-07T21:45:00+00:00,SE4,solar,0.036,15
2026-02-07T22:00:00+00:00,SE4,solar,0.039,15
2026-02-07T22:45:00+00:00,SE4,solar,0.04,15
2026-02-07T23:00:00+00:00,SE4,solar,0.032,15
2026-02-07T23:15:00+00:00,SE4,solar,0.031,15
2026-02-08T00:00:00+00:00,SE4,solar,0.03,15
2026-02-08T00:15:00+00:00,SE4,solar,0.029,15
2026-02-08T00:45:00+00:00,SE4,solar,0.03,15
2026-02-08T01:00:00+00:00,SE4,solar,0.032,15
2026-02-08T02:00:00+00:00,SE4,solar,0.031,15
2026-02-08T02:45:00+00:00,SE4,solar,0.032,15
2026-02-08T03:00:00+00:00,SE4,solar,0.036,15
2026-02-08T04:15:00+00:00,SE4,solar,0.037,15
2026-02-08T04:30:00+00:00,SE4,solar,0.039,15
2026-02-08T04:45:00+00:00,SE4,solar,0.04,15
2026-02-08T05:00:00+00:00,SE4,solar,0.047,15
2026-02-08T05:15:00+00:00,SE4,solar,0.048,15
2026-02-08T05:45:00+00:00,SE4,solar,0.047,15
2026-02-08T06:00:00+00:00,SE4,solar,0.407,15
2026-02-08T06:15:00+00:00,SE4,solar,0.415,15
2026-02-08T06:30:00+00:00,SE4,solar,0.436,15
2026-02-08T06:45:00+00:00,SE4,solar,0.664,15
2026-02-08T07:00:00+00:00,SE4,solar,3.767,15
2026-02-08T07:15:00+00:00,SE4,solar,4.348,15
2026-02-08T07:30:00+00:00,SE4,solar,5.083,15
2026-02-08T07:45:00+00:00,SE4,solar,5.969,15
2026-02-08T08:00:00+00:00,SE4,solar,13.963,15
2026-02-08T08:15:00+00:00,SE4,solar,15.331,15
2026-02-08T08:30:00+00:00,SE4,solar,16.479,15
2026-02-08T08:45:00+00:00,SE4,solar,17.534,15
2026-02-08T09:00:00+00:00,SE4,solar,27.521,15
2026-02-08T09:15:00+00:00,SE4,solar,29.073,15
2026-02-08T09:30:00+00:00,SE4,solar,29.788,15
2026-02-08T09:45:00+00:00,SE4,solar,30.99,15
2026-02-08T10:00:00+00:00,SE4,solar,39.601,15
2026-02-08T10:15:00+00:00,SE4,solar,40.72,15
2026-02-08T10:30:00+00:00,SE4,solar,41.056,15
2026-02-08T10:45:00+00:00,SE4,solar,42.066,15
2026-02-08T11:00:00+00:00,SE4,solar,46.971,15
2026-02-08T11:15:00+00:00,SE4,solar,47.172,15
2026-02-08T11:30:00+00:00,SE4,solar,46.917,15
2026-02-08T11:45:00+00:00,SE4,solar,46.694,15
2026-02-08T12:00:00+00:00,SE4,solar,45.012,15
2026-02-08T12:15:00+00:00,SE4,solar,43.943,15
2026-02-08T12:30:00+00:00,SE4,solar,43.154,15
2026-02-08T12:45:00+00:00,SE4,solar,41.947,15
2026-02-08T13:00:00+00:00,SE4,solar,31.893,15
2026-02-08T13:15:00+00:00,SE4,solar,29.969,15
2026-02-08T13:30:00+00:00,SE4,solar,29.102,15
2026-02-08T13:45:00+00:00,SE4,solar,27.636,15
2026-02-08T14:00:00+00:00,SE4,solar,15.066,15
2026-02-08T14:15:00+00:00,SE4,solar,13.709,15
2026-02-08T14:30:00+00:00,SE4,solar,13.179,15
2026-02-08T14:45:00+00:00,SE4,solar,11.656,15
2026-02-08T15:00:00+00:00,SE4,solar,3.281,15
2026-02-08T15:15:00+00:00,SE4,solar,2.571,15
2026-02-08T15:30:00+00:00,SE4,solar,2.053,15
2026-02-08T15:45:00+00:00,SE4,solar,1.554,15
2026-02-08T16:00:00+00:00,SE4,solar,0.724,15
2026-02-08T16:15:00+00:00,SE4,solar,0.717,15
2026-02-08T16:30:00+00:00,SE4,solar,0.713,15
2026-02-08T16:45:00+00:00,SE4,solar,0.71,15
2026-02-08T17:00:00+00:00,SE4,solar,0.389,15
2026-02-08T17:15:00+00:00,SE4,solar,0.388,15
2026-02-08T17:30:00+00:00,SE4,solar,0.387,15
2026-02-08T17:45:00+00:00,SE4,solar,0.384,15
2026-02-08T18:00:00+00:00,SE4,solar,0.033,15
2026-02-08T18:15:00+00:00,SE4,solar,0.028,15
2026-02-08T19:00:00+00:00,SE4,solar,0.029,15
2026-02-08T19:45:00+00:00,SE4,solar,0.03,15
2026-02-08T20:00:00+00:00,SE4,solar,0.029,15
2026-02-08T21:00:00+00:00,SE4,solar,0.027,15
2026-02-08T21:15:00+00:00,SE4,solar,0.026,15
2026-02-08T21:45:00+00:00,SE4,solar,0.027,15
2026-02-08T22:00:00+00:00,SE4,solar,0.03,15
2026-02-08T22:30:00+00:00,SE4,solar,0.031,15
2026-02-08T22:45:00+00:00,SE4,solar,0.032,15
2026-02-08T23:00:00+00:00,SE4,solar,0.046,15
2026-02-08T23:15:00+00:00,SE4,solar,0.047,15
2026-02-08T23:45:00+00:00,SE4,solar,0.045,15
2026-02-09T00:00:00+00:00,SE4,solar,0.04,15
2026-02-09T00:15:00+00:00,SE4,solar,0.039,15
2026-02-09T00:45:00+00:00,SE4,solar,0.04,15
2026-02-09T01:00:00+00:00,SE4,solar,0.041,15
2026-02-09T02:00:00+00:00,SE4,solar,0.048,15
2026-02-09T02:15:00+00:00,SE4,solar,0.049,15
2026-02-09T02:30:00+00:00,SE4,solar,0.05,15
2026-02-09T02:45:00+00:00,SE4,solar,0.051,15
2026-02-09T03:00:00+00:00,SE4,solar,0.406,15
2026-02-09T03:15:00+00:00,SE4,solar,0.408,15
2026-02-09T04:00:00+00:00,SE4,solar,0.407,15
2026-02-09T04:15:00+00:00,SE4,solar,0.408,15
2026-02-09T04:30:00+00:00,SE4,solar,0.41,15
2026-02-09T04:45:00+00:00,SE4,solar,0.411,15
2026-02-09T05:00:00+00:00,SE4,solar,0.417,15
2026-02-09T05:15:00+00:00,SE4,solar,0.418,15
2026-02-09T05:30:00+00:00,SE4,solar,0.419,15
2026-02-09T05:45:00+00:00,SE4,solar,0.418,15
2026-02-09T06:00:00+00:00,SE4,solar,0.434,15
2026-02-09T06:15:00+00:00,SE4,solar,0.45,15
2026-02-09T06:30:00+00:00,SE4,solar,0.482,15
2026-02-09T06:45:00+00:00,SE4,solar,0.589,15
2026-02-09T07:00:00+00:00,SE4,solar,2.38,15
2026-02-09T07:15:00+00:00,SE4,solar,2.748,15
2026-02-09T07:30:00+00:00,SE4,solar,3.203,15
2026-02-09T07:45:00+00:00,SE4,solar,3.714,15
2026-02-09T08:00:00+00:00,SE4,solar,9.174,15
2026-02-09T08:15:00+00:00,SE4,solar,10.11,15
2026-02-09T08:30:00+00:00,SE4,solar,11.124,15
2026-02-09T08:45:00+00:00,SE4,solar,12.075,15
2026-02-09T09:00:00+00:00,SE4,solar,19.736,15
2026-02-09T09:15:00+00:00,SE4,solar,20.646,15
2026-02-09T09:30:00+00:00,SE4,solar,21.551,15
2026-02-09T09:45:00+00:00,SE4,solar,22.323,15
2026-02-09T10:00:00+00:00,SE4,solar,28.003,15
2026-02-09T10:15:00+00:00,SE4,solar,28.518,15
2026-02-09T10:30:00+00:00,SE4,solar,28.925,15
2026-02-09T10:45:00+00:00,SE4,solar,29.176,15
2026-02-09T11:00:00+00:00,SE4,solar,29.837,15
2026-02-09T11:15:00+00:00,SE4,solar,29.894,15
2026-02-09T11:30:00+00:00,SE4,solar,29.707,15
2026-02-09T11:45:00+00:00,SE4,solar,29.3,15
2026-02-09T12:00:00+00:00,SE4,solar,25.296,15
2026-02-09T12:15:00+00:00,SE4,solar,24.5,15
2026-02-09T12:30:00+00:00,SE4,solar,23.809,15
2026-02-09T12:45:00+00:00,SE4,solar,23.047,15
2026-02-09T13:00:00+00:00,SE4,solar,16.799,15
2026-02-09T13:15:00+00:00,SE4,solar,15.89,15
2026-02-09T13:30:00+00:00,SE4,solar,15.06,15
2026-02-09T13:45:00+00:00,SE4,solar,14.245,15
2026-02-09T14:00:00+00:00,SE4,solar,7.9,15
2026-02-09T14:15:00+00:00,SE4,solar,7.219,15
2026-02-09T14:30:00+00:00,SE4,solar,6.69,15
2026-02-09T14:45:00+00:00,SE4,solar,6.18,15
2026-02-09T15:00:00+00:00,SE4,solar,1.668,15
2026-02-09T15:15:00+00:00,SE4,solar,1.358,15
2026-02-09T15:30:00+00:00,SE4,solar,1.119,15
2026-02-09T15:45:00+00:00,SE4,solar,0.928,15
2026-02-09T16:00:00+00:00,SE4,solar,0.067,15
2026-02-09T16:15:00+00:00,SE4,solar,0.062,15
2026-02-09T16:30:00+00:00,SE4,solar,0.054,15
2026-02-09T16:45:00+00:00,SE4,solar,0.052,15
2026-02-09T17:00:00+00:00,SE4,solar,0.405,15
2026-02-09T17:15:00+00:00,SE4,solar,0.404,15
2026-02-09T17:30:00+00:00,SE4,solar,0.403,15
2026-02-09T17:45:00+00:00,SE4,solar,0.402,15
2026-02-09T18:00:00+00:00,SE4,solar,0.4,15
2026-02-09T18:15:00+00:00,SE4,solar,0.399,15
2026-02-09T18:45:00+00:00,SE4,solar,0.395,15
2026-02-09T19:00:00+00:00,SE4,solar,0.297,15
2026-02-09T19:30:00+00:00,SE4,solar,0.298,15
2026-02-09T19:45:00+00:00,SE4,solar,0.299,15
2026-02-09T20:00:00+00:00,SE4,solar,0.049,15
2026-02-09T21:00:00+00:00,SE4,solar,0.044,15
2026-02-09T21:30:00+00:00,SE4,solar,0.043,15
2026-02-09T21:45:00+00:00,SE4,solar,0.044,15
2026-02-09T22:00:00+00:00,SE4,solar,0.046,15
2026-02-09T22:15:00+00:00,SE4,solar,0.047,15
2026-02-09T22:30:00+00:00,SE4,solar,0.048,15
2026-02-09T22:45:00+00:00,SE4,solar,0.05,15
2026-02-09T23:15:00+00:00,SE4,solar,0.051,15
2026-02-09T23:45:00+00:00,SE4,solar,0.05,15
2026-02-10T00:00:00+00:00,SE4,solar,0.047,15
2026-02-10T00:15:00+00:00,SE4,solar,0.046,15
2026-02-10T00:45:00+00:00,SE4,solar,0.047,15
2026-02-10T01:00:00+00:00,SE4,solar,0.048,15
2026-02-10T01:30:00+00:00,SE4,solar,0.052,15
2026-02-10T02:00:00+00:00,SE4,solar,0.049,15
2026-02-10T02:15:00+00:00,SE4,solar,0.048,15
2026-02-10T02:45:00+00:00,SE4,solar,0.049,15
2026-02-10T03:00:00+00:00,SE4,solar,0.053,15
2026-02-10T03:15:00+00:00,SE4,solar,0.055,15
2026-02-10T03:45:00+00:00,SE4,solar,0.054,15
2026-02-10T04:00:00+00:00,SE4,solar,0.05,15
2026-02-10T04:15:00+00:00,SE4,solar,0.051,15
2026-02-10T04:30:00+00:00,SE4,solar,0.053,15
2026-02-10T05:00:00+00:00,SE4,solar,0.063,15
2026-02-10T05:15:00+00:00,SE4,solar,0.065,15
2026-02-10T05:45:00+00:00,SE4,solar,0.063,15
2026-02-10T06:00:00+00:00,SE4,solar,0.074,15
2026-02-10T06:15:00+00:00,SE4,solar,0.088,15
2026-02-10T06:30:00+00:00,SE4,solar,0.126,15
2026-02-10T06:45:00+00:00,SE4,solar,0.201,15
2026-02-10T07:00:00+00:00,SE4,solar,1.237,15
2026-02-10T07:15:00+00:00,SE4,solar,1.464,15
2026-02-10T07:30:00+00:00,SE4,solar,1.743,15
2026-02-10T07:45:00+00:00,SE4,solar,2.06,15
2026-02-10T08:00:00+00:00,SE4,solar,7.822,15
2026-02-10T08:15:00+00:00,SE4,solar,8.41,15
2026-02-10T08:30:00+00:00,SE4,solar,9.046,15
2026-02-10T08:45:00+00:00,SE4,solar,9.723,15
2026-02-10T09:00:00+00:00,SE4,solar,12.073,15
2026-02-10T09:15:00+00:00,SE4,solar,12.569,15
2026-02-10T09:30:00+00:00,SE4,solar,13.043,15
2026-02-10T09:45:00+00:00,SE4,solar,13.512,15
2026-02-10T10:00:00+00:00,SE4,solar,15.906,15
2026-02-10T10:15:00+00:00,SE4,solar,19.371,15
2026-02-10T10:30:00+00:00,SE4,solar,19.851,15
2026-02-10T10:45:00+00:00,SE4,solar,19.916,15
2026-02-10T11:00:00+00:00,SE4,solar,20.135,15
2026-02-10T11:15:00+00:00,SE4,solar,20.216,15
2026-02-10T11:30:00+00:00,SE4,solar,20.034,15
2026-02-10T11:45:00+00:00,SE4,solar,19.684,15
2026-02-10T12:00:00+00:00,SE4,solar,17.314,15
2026-02-10T12:15:00+00:00,SE4,solar,17.693,15
2026-02-10T12:30:00+00:00,SE4,solar,16.985,15
2026-02-10T12:45:00+00:00,SE4,solar,16.009,15
2026-02-10T13:00:00+00:00,SE4,solar,11.623,15
2026-02-10T13:15:00+00:00,SE4,solar,11.027,15
2026-02-10T13:30:00+00:00,SE4,solar,10.433,15
2026-02-10T13:45:00+00:00,SE4,solar,9.797,15
2026-02-10T14:00:00+00:00,SE4,solar,6.898,15
2026-02-10T14:15:00+00:00,SE4,solar,6.354,15
2026-02-10T14:30:00+00:00,SE4,solar,5.829,15
2026-02-10T14:45:00+00:00,SE4,solar,5.425,15
2026-02-10T15:00:00+00:00,SE4,solar,1.973,15
2026-02-10T15:15:00+00:00,SE4,solar,1.63,15
2026-02-10T15:30:00+00:00,SE4,solar,1.347,15
2026-02-10T15:45:00+00:00,SE4,solar,1.114,15
2026-02-10T16:00:00+00:00,SE4,solar,0.075,15
2026-02-10T16:15:00+00:00,SE4,solar,0.067,15
2026-02-10T16:30:00+00:00,SE4,solar,0.063,15
2026-02-10T16:45:00+00:00,SE4,solar,0.058,15
2026-02-10T17:00:00+00:00,SE4,solar,0.054,15
2026-02-10T17:15:00+00:00,SE4,solar,0.053,15
2026-02-10T17:30:00+00:00,SE4,solar,0.051,15
2026-02-10T17:45:00+00:00,SE4,solar,0.048,15
2026-02-10T18:00:00+00:00,SE4,solar,0.045,15
2026-02-10T18:15:00+00:00,SE4,solar,0.043,15
2026-02-10T19:15:00+00:00,SE4,solar,0.044,15
2026-02-10T20:00:00+00:00,SE4,solar,0.05,15
2026-02-10T20:15:00+00:00,SE4,solar,0.052,15
2026-02-10T20:45:00+00:00,SE4,solar,0.049,15
2026-02-10T21:00:00+00:00,SE4,solar,0.046,15
2026-02-10T21:15:00+00:00,SE4,solar,0.044,15
2026-02-10T21:45:00+00:00,SE4,solar,0.045,15
2026-02-10T22:00:00+00:00,SE4,solar,0.046,15
2026-02-10T22:45:00+00:00,SE4,solar,0.047,15
2026-02-10T23:00:00+00:00,SE4,solar,0.052,15
2026-02-10T23:15:00+00:00,SE4,solar,0.053,15
2026-02-10T23:30:00+00:00,SE4,solar,0.054,15
2026-02-10T23:45:00+00:00,SE4,solar,0.053,15
2026-02-11T00:00:00+00:00,SE4,solar,0.049,15
2026-02-11T00:15:00+00:00,SE4,solar,0.048,15
2026-02-11T00:45:00+00:00,SE4,solar,0.049,15
2026-02-11T01:00:00+00:00,SE4,solar,0.05,15
2026-02-11T01:15:00+00:00,SE4,solar,0.051,15
2026-02-11T01:30:00+00:00,SE4,solar,0.052,15
2026-02-11T01:45:00+00:00,SE4,solar,0.054,15
2026-02-11T02:00:00+00:00,SE4,solar,0.059,15
2026-02-11T02:15:00+00:00,SE4,solar,0.062,15
2026-02-11T02:45:00+00:00,SE4,solar,0.059,15
2026-02-11T03:00:00+00:00,SE4,solar,0.05,15
2026-02-11T03:15:00+00:00,SE4,solar,0.047,15
2026-02-11T03:30:00+00:00,SE4,solar,0.044,15
2026-02-11T03:45:00+00:00,SE4,solar,0.041,15
2026-02-11T04:00:00+00:00,SE4,solar,0.038,15
2026-02-11T04:30:00+00:00,SE4,solar,0.039,15
2026-02-11T04:45:00+00:00,SE4,solar,0.04,15
2026-02-11T05:00:00+00:00,SE4,solar,0.047,15
2026-02-11T05:15:00+00:00,SE4,solar,0.049,15
2026-02-11T05:30:00+00:00,SE4,solar,0.05,15
2026-02-11T05:45:00+00:00,SE4,solar,0.048,15
2026-02-11T06:00:00+00:00,SE4,solar,0.071,15
2026-02-11T06:15:00+00:00,SE4,solar,0.105,15
2026-02-11T06:30:00+00:00,SE4,solar,0.155,15
2026-02-11T06:45:00+00:00,SE4,solar,0.275,15
2026-02-11T07:00:00+00:00,SE4,solar,1.298,15
2026-02-11T07:15:00+00:00,SE4,solar,1.631,15
2026-02-11T07:30:00+00:00,SE4,solar,2.035,15
2026-02-11T07:45:00+00:00,SE4,solar,2.476,15
2026-02-11T08:00:00+00:00,SE4,solar,8.431,15
2026-02-11T08:15:00+00:00,SE4,solar,9.033,15
2026-02-11T08:30:00+00:00,SE4,solar,9.895,15
2026-02-11T08:45:00+00:00,SE4,solar,10.606,15
2026-02-11T09:00:00+00:00,SE4,solar,16.713,15
2026-02-11T09:15:00+00:00,SE4,solar,17.615,15
2026-02-11T09:30:00+00:00,SE4,solar,18.397,15
2026-02-11T09:45:00+00:00,SE4,solar,19.053,15
2026-02-11T10:00:00+00:00,SE4,solar,24.114,15
2026-02-11T10:15:00+00:00,SE4,solar,24.721,15
2026-02-11T10:30:00+00:00,SE4,solar,25.223,15
2026-02-11T10:45:00+00:00,SE4,solar,25.635,15
2026-02-11T11:00:00+00:00,SE4,solar,26.632,15
2026-02-11T11:15:00+00:00,SE4,solar,26.594,15
2026-02-11T11:30:00+00:00,SE4,solar,26.578,15
2026-02-11T11:45:00+00:00,SE4,solar,26.432,15
2026-02-11T12:00:00+00:00,SE4,solar,23.258,15
2026-02-11T12:15:00+00:00,SE4,solar,22.748,15
2026-02-11T12:30:00+00:00,SE4,solar,22.168,15
2026-02-11T12:45:00+00:00,SE4,solar,21.5,15
2026-02-11T13:00:00+00:00,SE4,solar,16.689,15
2026-02-11T13:15:00+00:00,SE4,solar,15.888,15
2026-02-11T13:30:00+00:00,SE4,solar,15.004,15
2026-02-11T13:45:00+00:00,SE4,solar,14.13,15
2026-02-11T14:00:00+00:00,SE4,solar,8.55,15
2026-02-11T14:15:00+00:00,SE4,solar,7.586,15
2026-02-11T14:30:00+00:00,SE4,solar,7.012,15
2026-02-11T14:45:00+00:00,SE4,solar,6.475,15
2026-02-11T15:00:00+00:00,SE4,solar,2.323,15
2026-02-11T15:15:00+00:00,SE4,solar,1.958,15
2026-02-11T15:30:00+00:00,SE4,solar,1.65,15
2026-02-11T15:45:00+00:00,SE4,solar,1.405,15
2026-02-11T16:00:00+00:00,SE4,solar,0.268,15
2026-02-11T16:15:00+00:00,SE4,solar,0.26,15
2026-02-11T16:30:00+00:00,SE4,solar,0.256,15
2026-02-11T16:45:00+00:00,SE4,solar,0.251,15
2026-02-11T17:00:00+00:00,SE4,solar,0.254,15
2026-02-11T17:15:00+00:00,SE4,solar,0.252,15
2026-02-11T17:30:00+00:00,SE4,solar,0.251,15
2026-02-11T17:45:00+00:00,SE4,solar,0.249,15
2026-02-11T18:00:00+00:00,SE4,solar,0.247,15
2026-02-11T18:30:00+00:00,SE4,solar,0.246,15
2026-02-11T19:00:00+00:00,SE4,solar,0.247,15
2026-02-11T19:15:00+00:00,SE4,solar,0.248,15
2026-02-11T19:30:00+00:00,SE4,solar,0.249,15
2026-02-11T19:45:00+00:00,SE4,solar,0.248,15
2026-02-11T20:00:00+00:00,SE4,solar,0.262,15
2026-02-11T20:30:00+00:00,SE4,solar,0.264,15
2026-02-11T20:45:00+00:00,SE4,solar,0.263,15
2026-02-11T21:00:00+00:00,SE4,solar,1.319,15
2026-02-11T21:15:00+00:00,SE4,solar,1.317,15
2026-02-11T21:30:00+00:00,SE4,solar,1.316,15
2026-02-11T22:00:00+00:00,SE4,solar,1.318,15
2026-02-11T23:00:00+00:00,SE4,solar,1.338,15
2026-02-11T23:15:00+00:00,SE4,solar,1.34,15
2026-02-11T23:30:00+00:00,SE4,solar,1.341,15
2026-02-11T23:45:00+00:00,SE4,solar,1.342,15
2026-02-12T00:00:00+00:00,SE4,solar,1.345,15
2026-02-12T00:15:00+00:00,SE4,solar,1.353,15
2026-02-12T00:45:00+00:00,SE4,solar,1.345,15
2026-02-12T01:00:00+00:00,SE4,solar,1.34,15
2026-02-12T01:15:00+00:00,SE4,solar,1.337,15
2026-02-12T01:45:00+00:00,SE4,solar,1.34,15
2026-02-12T02:00:00+00:00,SE4,solar,1.35,15
2026-02-12T02:15:00+00:00,SE4,solar,1.353,15
2026-02-12T02:45:00+00:00,SE4,solar,1.35,15
2026-02-12T03:00:00+00:00,SE4,solar,1.344,15
2026-02-12T03:15:00+00:00,SE4,solar,1.315,15
2026-02-12T03:30:00+00:00,SE4,solar,1.286,15
2026-02-12T03:45:00+00:00,SE4,solar,1.258,15
2026-02-12T04:00:00+00:00,SE4,solar,0.063,15
2026-02-12T04:15:00+00:00,SE4,solar,0.062,15
2026-02-12T05:00:00+00:00,SE4,solar,0.066,15
2026-02-12T06:00:00+00:00,SE4,solar,0.478,15
2026-02-12T06:15:00+00:00,SE4,solar,0.541,15
2026-02-12T06:30:00+00:00,SE4,solar,0.636,15
2026-02-12T06:45:00+00:00,SE4,solar,0.774,15
2026-02-12T07:00:00+00:00,SE4,solar,2.399,15
2026-02-12T07:15:00+00:00,SE4,solar,2.761,15
2026-02-12T07:30:00+00:00,SE4,solar,3.162,15
2026-02-12T07:45:00+00:00,SE4,solar,3.607,15
2026-02-12T08:00:00+00:00,SE4,solar,6.976,15
2026-02-12T08:15:00+00:00,SE4,solar,7.349,15
2026-02-12T08:30:00+00:00,SE4,solar,7.832,15
2026-02-12T08:45:00+00:00,SE4,solar,8.25,15
2026-02-12T09:00:00+00:00,SE4,solar,12.185,15
2026-02-12T09:15:00+00:00,SE4,solar,12.6,15
2026-02-12T09:30:00+00:00,SE4,solar,13.097,15
2026-02-12T09:45:00+00:00,SE4,solar,13.573,15
2026-02-12T10:00:00+00:00,SE4,solar,16.254,15
2026-02-12T10:15:00+00:00,SE4,solar,16.622,15
2026-02-12T10:30:00+00:00,SE4,solar,16.946,15
2026-02-12T10:45:00+00:00,SE4,solar,17.216,15
2026-02-12T11:00:00+00:00,SE4,solar,18.37,15
2026-02-12T11:15:00+00:00,SE4,solar,18.468,15
2026-02-12T11:30:00+00:00,SE4,solar,18.458,15
2026-02-12T11:45:00+00:00,SE4,solar,18.338,15
2026-02-12T12:00:00+00:00,SE4,solar,17.155,15
2026-02-12T12:15:00+00:00,SE4,solar,16.883,15
2026-02-12T12:30:00+00:00,SE4,solar,16.522,15
2026-02-12T12:45:00+00:00,SE4,solar,16.092,15
2026-02-12T13:00:00+00:00,SE4,solar,12.094,15
2026-02-12T13:15:00+00:00,SE4,solar,11.555,15
2026-02-12T13:30:00+00:00,SE4,solar,11.032,15
2026-02-12T13:45:00+00:00,SE4,solar,10.516,15
2026-02-12T14:00:00+00:00,SE4,solar,6.412,15
2026-02-12T14:15:00+00:00,SE4,solar,6.051,15
2026-02-12T14:30:00+00:00,SE4,solar,5.649,15
2026-02-12T14:45:00+00:00,SE4,solar,5.255,15
2026-02-12T15:00:00+00:00,SE4,solar,1.787,15
2026-02-12T15:15:00+00:00,SE4,solar,1.466,15
2026-02-12T15:30:00+00:00,SE4,solar,1.194,15
2026-02-12T15:45:00+00:00,SE4,solar,0.956,15
2026-02-12T16:00:00+00:00,SE4,solar,0.496,15
2026-02-12T16:15:00+00:00,SE4,solar,0.491,15
2026-02-12T16:30:00+00:00,SE4,solar,0.488,15
2026-02-12T16:45:00+00:00,SE4,solar,0.487,15
2026-02-12T17:00:00+00:00,SE4,solar,0.289,15
2026-02-12T17:15:00+00:00,SE4,solar,0.288,15
2026-02-12T17:30:00+00:00,SE4,solar,0.287,15
2026-02-12T17:45:00+00:00,SE4,solar,0.286,15
2026-02-12T18:00:00+00:00,SE4,solar,0.034,15
2026-02-12T18:30:00+00:00,SE4,solar,0.033,15
2026-02-12T19:00:00+00:00,SE4,solar,0.04,15
2026-02-12T20:45:00+00:00,SE4,solar,0.041,15
2026-02-12T21:00:00+00:00,SE4,solar,0.044,15
2026-02-12T22:00:00+00:00,SE4,solar,0.045,15
2026-02-12T22:15:00+00:00,SE4,solar,0.044,15
2026-02-12T23:00:00+00:00,SE4,solar,0.034,15
2026-02-12T23:30:00+00:00,SE4,solar,0.253,15
2026-02-12T23:45:00+00:00,SE4,solar,0.263,15
2026-02-13T00:00:00+00:00,SE4,solar,0.289,15
2026-02-13T00:15:00+00:00,SE4,solar,0.328,15
2026-02-13T00:30:00+00:00,SE4,solar,0.358,15
2026-02-13T00:45:00+00:00,SE4,solar,0.379,15
2026-02-13T01:00:00+00:00,SE4,solar,0.371,15
2026-02-13T01:15:00+00:00,SE4,solar,0.331,15
2026-02-13T01:30:00+00:00,SE4,solar,0.281,15
2026-02-13T01:45:00+00:00,SE4,solar,0.261,15
2026-02-13T02:00:00+00:00,SE4,solar,0.246,15
2026-02-13T02:15:00+00:00,SE4,solar,0.256,15
2026-02-13T02:30:00+00:00,SE4,solar,0.266,15
2026-02-13T02:45:00+00:00,SE4,solar,0.276,15
2026-02-13T03:00:00+00:00,SE4,solar,0.29,15
2026-02-13T03:45:00+00:00,SE4,solar,0.3,15
2026-02-13T04:00:00+00:00,SE4,solar,0.28,15
2026-02-13T04:15:00+00:00,SE4,solar,0.271,15
2026-02-13T04:45:00+00:00,SE4,solar,0.281,15
2026-02-13T05:00:00+00:00,SE4,solar,0.276,15
2026-02-13T05:15:00+00:00,SE4,solar,0.277,15
2026-02-13T05:30:00+00:00,SE4,solar,0.287,15
2026-02-13T05:45:00+00:00,SE4,solar,0.296,15
2026-02-13T06:00:00+00:00,SE4,solar,0.702,15
2026-02-13T06:15:00+00:00,SE4,solar,0.74,15
2026-02-13T06:30:00+00:00,SE4,solar,0.84,15
2026-02-13T06:45:00+00:00,SE4,solar,1.088,15
2026-02-13T07:00:00+00:00,SE4,solar,4.161,15
2026-02-13T07:15:00+00:00,SE4,solar,5.073,15
2026-02-13T07:30:00+00:00,SE4,solar,6.201,15
2026-02-13T07:45:00+00:00,SE4,solar,7.595,15
2026-02-13T08:00:00+00:00,SE4,solar,16.936,15
2026-02-13T08:15:00+00:00,SE4,solar,19.147,15
2026-02-13T08:30:00+00:00,SE4,solar,21.924,15
2026-02-13T08:45:00+00:00,SE4,solar,25.345,15
2026-02-13T09:00:00+00:00,SE4,solar,37.025,15
2026-02-13T09:15:00+00:00,SE4,solar,41.6,15
2026-02-13T09:30:00+00:00,SE4,solar,47.017,15
2026-02-13T09:45:00+00:00,SE4,solar,52.339,15
2026-02-13T10:00:00+00:00,SE4,solar,66.671,15
2026-02-13T10:15:00+00:00,SE4,solar,71.419,15
2026-02-13T10:30:00+00:00,SE4,solar,75.425,15
2026-02-13T10:45:00+00:00,SE4,solar,78.352,15
2026-02-13T11:00:00+00:00,SE4,solar,81.726,15
2026-02-13T11:15:00+00:00,SE4,solar,82.327,15
2026-02-13T11:30:00+00:00,SE4,solar,81.867,15
2026-02-13T11:45:00+00:00,SE4,solar,80.941,15
2026-02-13T12:00:00+00:00,SE4,solar,74.987,15
2026-02-13T12:15:00+00:00,SE4,solar,72.645,15
2026-02-13T12:30:00+00:00,SE4,solar,69.927,15
2026-02-13T12:45:00+00:00,SE4,solar,67.124,15
2026-02-13T13:00:00+00:00,SE4,solar,54.216,15
2026-02-13T13:15:00+00:00,SE4,solar,50.236,15
2026-02-13T13:30:00+00:00,SE4,solar,45.286,15
2026-02-13T13:45:00+00:00,SE4,solar,40.287,15
2026-02-13T14:00:00+00:00,SE4,solar,25.851,15
2026-02-13T14:15:00+00:00,SE4,solar,21.296,15
2026-02-13T14:30:00+00:00,SE4,solar,17.296,15
2026-02-13T14:45:00+00:00,SE4,solar,14.442,15
2026-02-13T15:00:00+00:00,SE4,solar,5.823,15
2026-02-13T15:15:00+00:00,SE4,solar,4.158,15
2026-02-13T15:30:00+00:00,SE4,solar,3.04,15
2026-02-13T15:45:00+00:00,SE4,solar,2.242,15
2026-02-13T16:00:00+00:00,SE4,solar,1.135,15
2026-02-13T16:15:00+00:00,SE4,solar,1.148,15
2026-02-13T16:30:00+00:00,SE4,solar,1.133,15
2026-02-13T16:45:00+00:00,SE4,solar,1.168,15
2026-02-13T17:00:00+00:00,SE4,solar,0.926,15
2026-02-13T17:15:00+00:00,SE4,solar,0.894,15
2026-02-13T17:30:00+00:00,SE4,solar,0.872,15
2026-02-13T17:45:00+00:00,SE4,solar,0.87,15
2026-02-13T18:00:00+00:00,SE4,solar,0.444,15
2026-02-13T18:15:00+00:00,SE4,solar,0.373,15
2026-02-13T18:30:00+00:00,SE4,solar,0.362,15
2026-02-13T18:45:00+00:00,SE4,solar,0.332,15
2026-02-13T19:00:00+00:00,SE4,solar,0.273,15
2026-02-13T19:15:00+00:00,SE4,solar,0.263,15
2026-02-13T19:45:00+00:00,SE4,solar,0.233,15
2026-02-13T20:00:00+00:00,SE4,solar,0.283,15
2026-02-13T20:15:00+00:00,SE4,solar,0.323,15
2026-02-13T20:30:00+00:00,SE4,solar,0.353,15
2026-02-13T21:00:00+00:00,SE4,solar,0.351,15
2026-02-13T21:15:00+00:00,SE4,solar,0.3,15
2026-02-13T21:30:00+00:00,SE4,solar,0.26,15
2026-02-13T21:45:00+00:00,SE4,solar,0.241,15
2026-02-13T22:00:00+00:00,SE4,solar,0.264,15
2026-02-13T22:15:00+00:00,SE4,solar,0.294,15
2026-02-13T22:30:00+00:00,SE4,solar,0.034,15
2026-02-13T23:15:00+00:00,SE4,solar,0.033,15
2026-02-13T23:30:00+00:00,SE4,solar,0.313,15
2026-02-13T23:45:00+00:00,SE4,solar,0.312,15
2026-02-14T00:00:00+00:00,SE4,solar,0.296,15
2026-02-14T00:15:00+00:00,SE4,solar,0.297,15
2026-02-14T00:45:00+00:00,SE4,solar,0.3,15
2026-02-14T01:00:00+00:00,SE4,solar,0.293,15
2026-02-14T01:15:00+00:00,SE4,solar,0.294,15
2026-02-14T01:30:00+00:00,SE4,solar,0.285,15
2026-02-14T01:45:00+00:00,SE4,solar,0.286,15
2026-02-14T02:00:00+00:00,SE4,solar,0.283,15
2026-02-14T03:00:00+00:00,SE4,solar,0.286,15
2026-02-14T03:30:00+00:00,SE4,solar,0.276,15
2026-02-14T04:00:00+00:00,SE4,solar,0.275,15
2026-02-14T04:15:00+00:00,SE4,solar,0.277,15
2026-02-14T04:45:00+00:00,SE4,solar,0.279,15
2026-02-14T05:00:00+00:00,SE4,solar,0.275,15
2026-02-14T05:15:00+00:00,SE4,solar,0.287,15
2026-02-14T05:45:00+00:00,SE4,solar,0.295,15
2026-02-14T06:00:00+00:00,SE4,solar,0.372,15
2026-02-14T06:15:00+00:00,SE4,solar,0.472,15
2026-02-14T06:30:00+00:00,SE4,solar,0.655,15
2026-02-14T06:45:00+00:00,SE4,solar,1.071,15
2026-02-14T07:00:00+00:00,SE4,solar,5.378,15
2026-02-14T07:15:00+00:00,SE4,solar,6.77,15
2026-02-14T07:30:00+00:00,SE4,solar,9.798,15
2026-02-14T07:45:00+00:00,SE4,solar,13.504,15
2026-02-14T08:00:00+00:00,SE4,solar,37.987,15
2026-02-14T08:15:00+00:00,SE4,solar,43.9,15
2026-02-14T08:30:00+00:00,SE4,solar,53.077,15
2026-02-14T08:45:00+00:00,SE4,solar,62.401,15
2026-02-14T09:00:00+00:00,SE4,solar,93.218,15
2026-02-14T09:15:00+00:00,SE4,solar,103.162,15
2026-02-14T09:30:00+00:00,SE4,solar,113.657,15
2026-02-14T09:45:00+00:00,SE4,solar,123.697,15
2026-02-14T10:00:00+00:00,SE4,solar,145.06,15
2026-02-14T10:15:00+00:00,SE4,solar,152.711,15
2026-02-14T10:30:00+00:00,SE4,solar,159.079,15
2026-02-14T10:45:00+00:00,SE4,solar,163.592,15
2026-02-14T11:00:00+00:00,SE4,solar,166.676,15
2026-02-14T11:15:00+00:00,SE4,solar,168.252,15
2026-02-14T11:30:00+00:00,SE4,solar,169.271,15
2026-02-14T11:45:00+00:00,SE4,solar,168.786,15
2026-02-14T12:00:00+00:00,SE4,solar,161.378,15
2026-02-14T12:15:00+00:00,SE4,solar,157.824,15
2026-02-14T12:30:00+00:00,SE4,solar,153.676,15
2026-02-14T12:45:00+00:00,SE4,solar,147.968,15
2026-02-14T13:00:00+00:00,SE4,solar,126.487,15
2026-02-14T13:15:00+00:00,SE4,solar,119.937,15
2026-02-14T13:30:00+00:00,SE4,solar,110.709,15
2026-02-14T13:45:00+00:00,SE4,solar,101.083,15
2026-02-14T14:00:00+00:00,SE4,solar,72.95,15
2026-02-14T14:15:00+00:00,SE4,solar,62.69,15
2026-02-14T14:30:00+00:00,SE4,solar,50.111,15
2026-02-14T14:45:00+00:00,SE4,solar,40.745,15
2026-02-14T15:00:00+00:00,SE4,solar,20.521,15
2026-02-14T15:15:00+00:00,SE4,solar,14.071,15
2026-02-14T15:30:00+00:00,SE4,solar,9.039,15
2026-02-14T15:45:00+00:00,SE4,solar,7.16,15
2026-02-14T16:00:00+00:00,SE4,solar,1.117,15
2026-02-14T16:15:00+00:00,SE4,solar,1.017,15
2026-02-14T16:30:00+00:00,SE4,solar,0.918,15
2026-02-14T16:45:00+00:00,SE4,solar,0.828,15
2026-02-14T17:00:00+00:00,SE4,solar,0.655,15
2026-02-14T17:15:00+00:00,SE4,solar,0.591,15
2026-02-14T17:30:00+00:00,SE4,solar,0.519,15
2026-02-14T17:45:00+00:00,SE4,solar,0.456,15
2026-02-14T18:00:00+00:00,SE4,solar,0.405,15
2026-02-14T18:15:00+00:00,SE4,solar,0.345,15
2026-02-14T18:30:00+00:00,SE4,solar,0.305,15
2026-02-14T18:45:00+00:00,SE4,solar,0.285,15
2026-02-14T19:00:00+00:00,SE4,solar,0.276,15
2026-02-14T19:15:00+00:00,SE4,solar,0.263,15
2026-02-14T19:45:00+00:00,SE4,solar,0.246,15
2026-02-14T20:00:00+00:00,SE4,solar,0.236,15
2026-02-14T20:15:00+00:00,SE4,solar,0.224,15
2026-02-14T20:30:00+00:00,SE4,solar,0.214,15
2026-02-14T20:45:00+00:00,SE4,solar,0.223,15
2026-02-14T21:00:00+00:00,SE4,solar,0.212,15
2026-02-14T21:15:00+00:00,SE4,solar,0.221,15
2026-02-14T21:30:00+00:00,SE4,solar,0.23,15
2026-02-14T21:45:00+00:00,SE4,solar,0.241,15
2026-02-14T22:15:00+00:00,SE4,solar,0.252,15
2026-02-14T22:30:00+00:00,SE4,solar,0.033,15
2026-02-14T22:45:00+00:00,SE4,solar,0.034,15
2026-02-14T23:00:00+00:00,SE4,solar,0.286,15
2026-02-14T23:45:00+00:00,SE4,solar,0.306,15
2026-02-15T00:00:00+00:00,SE4,solar,0.296,15
2026-02-15T00:15:00+00:00,SE4,solar,0.305,15
2026-02-15T00:30:00+00:00,SE4,solar,0.275,15
2026-02-15T00:45:00+00:00,SE4,solar,0.296,15
2026-02-15T01:00:00+00:00,SE4,solar,0.276,15
2026-02-15T01:15:00+00:00,SE4,solar,0.306,15
2026-02-15T01:30:00+00:00,SE4,solar,0.296,15
2026-02-15T01:45:00+00:00,SE4,solar,0.286,15
2026-02-15T02:00:00+00:00,SE4,solar,0.276,15
2026-02-15T02:15:00+00:00,SE4,solar,0.256,15
2026-02-15T02:30:00+00:00,SE4,solar,0.266,15
2026-02-15T02:45:00+00:00,SE4,solar,0.276,15
2026-02-15T03:00:00+00:00,SE4,solar,0.26,15
2026-02-15T03:30:00+00:00,SE4,solar,0.23,15
2026-02-15T04:00:00+00:00,SE4,solar,0.261,15
2026-02-15T04:15:00+00:00,SE4,solar,0.251,15
2026-02-15T04:45:00+00:00,SE4,solar,0.231,15
2026-02-15T05:00:00+00:00,SE4,solar,0.25,15
2026-02-15T05:15:00+00:00,SE4,solar,0.23,15
2026-02-15T05:30:00+00:00,SE4,solar,0.26,15
2026-02-15T05:45:00+00:00,SE4,solar,0.24,15
2026-02-15T06:00:00+00:00,SE4,solar,0.437,15
2026-02-15T06:15:00+00:00,SE4,solar,0.615,15
2026-02-15T06:30:00+00:00,SE4,solar,1.0,15
2026-02-15T06:45:00+00:00,SE4,solar,1.902,15
2026-02-15T07:00:00+00:00,SE4,solar,11.348,15
2026-02-15T07:15:00+00:00,SE4,solar,14.805,15
2026-02-15T07:30:00+00:00,SE4,solar,19.376,15
2026-02-15T07:45:00+00:00,SE4,solar,24.079,15
2026-02-15T08:00:00+00:00,SE4,solar,77.548,15
2026-02-15T08:15:00+00:00,SE4,solar,89.25,15
2026-02-15T08:30:00+00:00,SE4,solar,100.927,15
2026-02-15T08:45:00+00:00,SE4,solar,112.701,15
2026-02-15T09:00:00+00:00,SE4,solar,146.618,15
2026-02-15T09:15:00+00:00,SE4,solar,155.153,15
2026-02-15T09:30:00+00:00,SE4,solar,163.222,15
2026-02-15T09:45:00+00:00,SE4,solar,170.696,15
2026-02-15T10:00:00+00:00,SE4,solar,197.658,15
2026-02-15T10:15:00+00:00,SE4,solar,208.388,15
2026-02-15T10:30:00+00:00,SE4,solar,216.303,15
2026-02-15T10:45:00+00:00,SE4,solar,221.736,15
2026-02-15T11:00:00+00:00,SE4,solar,221.176,15
2026-02-15T11:15:00+00:00,SE4,solar,222.574,15
2026-02-15T11:30:00+00:00,SE4,solar,222.247,15
2026-02-15T11:45:00+00:00,SE4,solar,220.131,15
2026-02-15T12:00:00+00:00,SE4,solar,190.622,15
2026-02-15T12:15:00+00:00,SE4,solar,183.363,15
2026-02-15T12:30:00+00:00,SE4,solar,176.017,15
2026-02-15T12:45:00+00:00,SE4,solar,168.142,15
2026-02-15T13:00:00+00:00,SE4,solar,134.16,15
2026-02-15T13:15:00+00:00,SE4,solar,123.267,15
2026-02-15T13:30:00+00:00,SE4,solar,112.337,15
2026-02-15T13:45:00+00:00,SE4,solar,101.333,15
2026-02-15T14:00:00+00:00,SE4,solar,61.28,15
2026-02-15T14:15:00+00:00,SE4,solar,51.601,15
2026-02-15T14:30:00+00:00,SE4,solar,43.204,15
2026-02-15T14:45:00+00:00,SE4,solar,34.928,15
2026-02-15T15:00:00+00:00,SE4,solar,10.938,15
2026-02-15T15:15:00+00:00,SE4,solar,8.6,15
2026-02-15T15:30:00+00:00,SE4,solar,6.737,15
2026-02-15T15:45:00+00:00,SE4,solar,5.084,15
2026-02-15T16:00:00+00:00,SE4,solar,0.93,15
2026-02-15T16:15:00+00:00,SE4,solar,0.794,15
2026-02-15T16:30:00+00:00,SE4,solar,0.722,15
2026-02-15T16:45:00+00:00,SE4,solar,0.671,15
2026-02-15T17:00:00+00:00,SE4,solar,0.568,15
2026-02-15T17:15:00+00:00,SE4,solar,0.575,15
2026-02-15T17:30:00+00:00,SE4,solar,0.533,15
2026-02-15T17:45:00+00:00,SE4,solar,0.539,15
2026-02-15T18:00:00+00:00,SE4,solar,0.499,15
2026-02-15T18:15:00+00:00,SE4,solar,0.488,15
2026-02-15T18:30:00+00:00,SE4,solar,0.417,15
2026-02-15T18:45:00+00:00,SE4,solar,0.406,15
2026-02-15T19:00:00+00:00,SE4,solar,0.336,15
2026-02-15T19:15:00+00:00,SE4,solar,0.335,15
2026-02-15T19:30:00+00:00,SE4,solar,0.305,15
2026-02-15T19:45:00+00:00,SE4,solar,0.315,15
2026-02-15T20:00:00+00:00,SE4,solar,0.285,15
2026-02-15T20:15:00+00:00,SE4,solar,0.295,15
2026-02-15T20:30:00+00:00,SE4,solar,0.255,15
2026-02-15T20:45:00+00:00,SE4,solar,0.265,15
2026-02-15T21:00:00+00:00,SE4,solar,0.255,15
2026-02-15T21:15:00+00:00,SE4,solar,0.284,15
2026-02-15T21:30:00+00:00,SE4,solar,0.294,15
2026-02-15T21:45:00+00:00,SE4,solar,0.274,15
2026-02-15T22:00:00+00:00,SE4,solar,0.264,15
2026-02-15T22:15:00+00:00,SE4,solar,0.284,15
2026-02-15T22:45:00+00:00,SE4,solar,0.324,15
2026-02-15T23:00:00+00:00,SE4,solar,0.02,15
2026-02-15T23:15:00+00:00,SE4,solar,0.021,15
2026-02-15T23:30:00+00:00,SE4,solar,0.211,15
2026-02-15T23:45:00+00:00,SE4,solar,0.221,15
2026-02-16T01:30:00+00:00,SE4,solar,0.225,15
2026-02-16T01:45:00+00:00,SE4,solar,0.235,15
2026-02-16T02:00:00+00:00,SE4,solar,0.229,15
2026-02-16T03:00:00+00:00,SE4,solar,0.369,15
2026-02-16T03:30:00+00:00,SE4,solar,0.359,15
2026-02-16T04:00:00+00:00,SE4,solar,0.399,15
2026-02-16T04:15:00+00:00,SE4,solar,0.389,15
2026-02-16T04:30:00+00:00,SE4,solar,0.388,15
2026-02-16T05:15:00+00:00,SE4,solar,0.397,15
2026-02-16T05:30:00+00:00,SE4,solar,0.407,15
2026-02-16T05:45:00+00:00,SE4,solar,0.418,15
2026-02-16T06:00:00+00:00,SE4,solar,1.194,15
2026-02-16T06:15:00+00:00,SE4,solar,1.466,15
2026-02-16T06:30:00+00:00,SE4,solar,1.833,15
2026-02-16T06:45:00+00:00,SE4,solar,2.459,15
2026-02-16T07:00:00+00:00,SE4,solar,7.48,15
2026-02-16T07:15:00+00:00,SE4,solar,9.169,15
2026-02-16T07:30:00+00:00,SE4,solar,11.008,15
2026-02-16T07:45:00+00:00,SE4,solar,13.158,15
2026-02-16T08:00:00+00:00,SE4,solar,30.283,15
2026-02-16T08:15:00+00:00,SE4,solar,34.043,15
2026-02-16T08:30:00+00:00,SE4,solar,37.63,15
2026-02-16T08:45:00+00:00,SE4,solar,41.969,15
2026-02-16T09:00:00+00:00,SE4,solar,65.699,15
2026-02-16T09:15:00+00:00,SE4,solar,71.342,15
2026-02-16T09:30:00+00:00,SE4,solar,77.378,15
2026-02-16T09:45:00+00:00,SE4,solar,82.215,15
2026-02-16T10:00:00+00:00,SE4,solar,98.416,15
2026-02-16T10:15:00+00:00,SE4,solar,102.101,15
2026-02-16T10:30:00+00:00,SE4,solar,105.311,15
2026-02-16T10:45:00+00:00,SE4,solar,107.866,15
2026-02-16T11:00:00+00:00,SE4,solar,113.426,15
2026-02-16T11:15:00+00:00,SE4,solar,115.014,15
2026-02-16T11:30:00+00:00,SE4,solar,115.385,15
2026-02-16T11:45:00+00:00,SE4,solar,114.677,15
2026-02-16T12:00:00+00:00,SE4,solar,107.267,15
2026-02-16T12:15:00+00:00,SE4,solar,104.912,15
2026-02-16T12:30:00+00:00,SE4,solar,99.847,15
2026-02-16T12:45:00+00:00,SE4,solar,94.107,15
2026-02-16T13:00:00+00:00,SE4,solar,72.936,15
2026-02-16T13:15:00+00:00,SE4,solar,66.451,15
2026-02-16T13:30:00+00:00,SE4,solar,59.442,15
2026-02-16T13:45:00+00:00,SE4,solar,53.871,15
2026-02-16T14:00:00+00:00,SE4,solar,33.201,15
2026-02-16T14:15:00+00:00,SE4,solar,29.208,15
2026-02-16T14:30:00+00:00,SE4,solar,25.741,15
2026-02-16T14:45:00+00:00,SE4,solar,22.752,15
2026-02-16T15:00:00+00:00,SE4,solar,9.479,15
2026-02-16T15:15:00+00:00,SE4,solar,7.423,15
2026-02-16T15:30:00+00:00,SE4,solar,6.156,15
2026-02-16T15:45:00+00:00,SE4,solar,4.856,15
2026-02-16T16:00:00+00:00,SE4,solar,2.12,15
2026-02-16T16:15:00+00:00,SE4,solar,2.009,15
2026-02-16T16:30:00+00:00,SE4,solar,2.073,15
2026-02-16T16:45:00+00:00,SE4,solar,2.063,15
2026-02-16T17:00:00+00:00,SE4,solar,1.293,15
2026-02-16T17:15:00+00:00,SE4,solar,1.229,15
2026-02-16T17:30:00+00:00,SE4,solar,1.236,15
2026-02-16T17:45:00+00:00,SE4,solar,1.181,15
2026-02-16T18:00:00+00:00,SE4,solar,0.486,15
2026-02-16T18:30:00+00:00,SE4,solar,0.506,15
2026-02-16T18:45:00+00:00,SE4,solar,0.475,15
2026-02-16T19:00:00+00:00,SE4,solar,0.405,15
2026-02-16T19:15:00+00:00,SE4,solar,0.385,15
2026-02-16T19:30:00+00:00,SE4,solar,0.395,15
2026-02-16T19:45:00+00:00,SE4,solar,0.375,15
2026-02-16T20:00:00+00:00,SE4,solar,0.256,15
2026-02-16T20:15:00+00:00,SE4,solar,0.246,15
2026-02-16T20:30:00+00:00,SE4,solar,0.027,15
2026-02-16T20:45:00+00:00,SE4,solar,0.227,15
2026-02-16T21:15:00+00:00,SE4,solar,0.237,15
2026-02-16T22:00:00+00:00,SE4,solar,0.247,15
2026-02-16T22:30:00+00:00,SE4,solar,0.027,15
2026-02-16T23:00:00+00:00,SE4,solar,0.026,15
2026-02-16T23:30:00+00:00,SE4,solar,0.276,15
2026-02-17T00:15:00+00:00,SE4,solar,0.29,15
2026-02-17T00:30:00+00:00,SE4,solar,0.279,15
2026-02-17T00:45:00+00:00,SE4,solar,0.289,15
2026-02-17T01:00:00+00:00,SE4,solar,0.279,15
2026-02-17T02:15:00+00:00,SE4,solar,0.289,15
2026-02-17T02:30:00+00:00,SE4,solar,0.279,15
2026-02-17T03:00:00+00:00,SE4,solar,0.273,15
2026-02-17T03:45:00+00:00,SE4,solar,0.283,15
2026-02-17T04:00:00+00:00,SE4,solar,0.293,15
2026-02-17T04:15:00+00:00,SE4,solar,0.303,15
2026-02-17T04:30:00+00:00,SE4,solar,0.313,15
2026-02-17T05:15:00+00:00,SE4,solar,0.343,15
2026-02-17T05:30:00+00:00,SE4,solar,0.353,15
2026-02-17T06:00:00+00:00,SE4,solar,1.222,15
2026-02-17T06:15:00+00:00,SE4,solar,1.511,15
2026-02-17T06:30:00+00:00,SE4,solar,2.001,15
2026-02-17T06:45:00+00:00,SE4,solar,2.802,15
2026-02-17T07:00:00+00:00,SE4,solar,8.573,15
2026-02-17T07:15:00+00:00,SE4,solar,10.228,15
2026-02-17T07:30:00+00:00,SE4,solar,12.147,15
2026-02-17T07:45:00+00:00,SE4,solar,14.26,15
2026-02-17T08:00:00+00:00,SE4,solar,27.392,15
2026-02-17T08:15:00+00:00,SE4,solar,30.591,15
2026-02-17T08:30:00+00:00,SE4,solar,33.981,15
2026-02-17T08:45:00+00:00,SE4,solar,37.953,15
2026-02-17T09:00:00+00:00,SE4,solar,54.326,15
2026-02-17T09:15:00+00:00,SE4,solar,56.983,15
2026-02-17T09:30:00+00:00,SE4,solar,69.761,15
2026-02-17T09:45:00+00:00,SE4,solar,72.311,15
2026-02-17T10:00:00+00:00,SE4,solar,81.795,15
2026-02-17T10:15:00+00:00,SE4,solar,83.723,15
2026-02-17T10:30:00+00:00,SE4,solar,85.418,15
2026-02-17T10:45:00+00:00,SE4,solar,86.184,15
2026-02-17T11:00:00+00:00,SE4,solar,91.292,15
2026-02-17T11:15:00+00:00,SE4,solar,91.141,15
2026-02-17T11:30:00+00:00,SE4,solar,90.532,15
2026-02-17T11:45:00+00:00,SE4,solar,89.495,15
2026-02-17T12:00:00+00:00,SE4,solar,79.357,15
2026-02-17T12:15:00+00:00,SE4,solar,77.423,15
2026-02-17T12:30:00+00:00,SE4,solar,74.626,15
2026-02-17T12:45:00+00:00,SE4,solar,71.632,15
2026-02-17T13:00:00+00:00,SE4,solar,57.696,15
2026-02-17T13:15:00+00:00,SE4,solar,54.798,15
2026-02-17T13:30:00+00:00,SE4,solar,49.849,15
2026-02-17T13:45:00+00:00,SE4,solar,45.559,15
2026-02-17T14:00:00+00:00,SE4,solar,27.129,15
2026-02-17T14:15:00+00:00,SE4,solar,23.553,15
2026-02-17T14:30:00+00:00,SE4,solar,19.408,15
2026-02-17T14:45:00+00:00,SE4,solar,17.122,15
2026-02-17T15:00:00+00:00,SE4,solar,8.243,15
2026-02-17T15:15:00+00:00,SE4,solar,6.68,15
2026-02-17T15:30:00+00:00,SE4,solar,5.416,15
2026-02-17T15:45:00+00:00,SE4,solar,4.464,15
2026-02-17T16:00:00+00:00,SE4,solar,2.494,15
2026-02-17T16:15:00+00:00,SE4,solar,2.26,15
2026-02-17T16:30:00+00:00,SE4,solar,2.136,15
2026-02-17T16:45:00+00:00,SE4,solar,2.024,15
2026-02-17T17:00:00+00:00,SE4,solar,1.28,15
2026-02-17T17:15:00+00:00,SE4,solar,1.217,15
2026-02-17T17:30:00+00:00,SE4,solar,1.162,15
2026-02-17T17:45:00+00:00,SE4,solar,1.119,15
2026-02-17T18:00:00+00:00,SE4,solar,0.348,15
2026-02-17T18:15:00+00:00,SE4,solar,0.317,15
2026-02-17T18:30:00+00:00,SE4,solar,0.298,15
2026-02-17T18:45:00+00:00,SE4,solar,0.297,15
2026-02-17T19:00:00+00:00,SE4,solar,0.287,15
2026-02-17T19:15:00+00:00,SE4,solar,0.277,15
2026-02-17T19:30:00+00:00,SE4,solar,0.257,15
2026-02-17T19:45:00+00:00,SE4,solar,0.246,15
2026-02-17T20:00:00+00:00,SE4,solar,0.236,15
2026-02-17T20:15:00+00:00,SE4,solar,0.226,15
2026-02-17T20:30:00+00:00,SE4,solar,0.026,15
2026-02-17T20:45:00+00:00,SE4,solar,0.225,15
2026-02-17T21:15:00+00:00,SE4,solar,0.235,15
2026-02-17T21:45:00+00:00,SE4,solar,0.225,15
2026-02-17T22:00:00+00:00,SE4,solar,0.235,15
2026-02-17T22:30:00+00:00,SE4,solar,0.025,15
2026-02-17T23:00:00+00:00,SE4,solar,0.254,15
2026-02-17T23:15:00+00:00,SE4,solar,0.264,15
2026-02-18T00:00:00+00:00,SE4,solar,0.233,15
2026-02-18T00:30:00+00:00,SE4,solar,0.243,15
2026-02-18T00:45:00+00:00,SE4,solar,0.242,15
2026-02-18T01:00:00+00:00,SE4,solar,0.236,15
2026-02-18T01:15:00+00:00,SE4,solar,0.266,15
2026-02-18T01:30:00+00:00,SE4,solar,0.246,15
2026-02-18T02:00:00+00:00,SE4,solar,0.236,15
2026-02-18T02:15:00+00:00,SE4,solar,0.266,15
2026-02-18T03:00:00+00:00,SE4,solar,0.286,15
2026-02-18T03:15:00+00:00,SE4,solar,0.302,15
2026-02-18T03:30:00+00:00,SE4,solar,0.272,15
2026-02-18T03:45:00+00:00,SE4,solar,0.276,15
2026-02-18T04:00:00+00:00,SE4,solar,0.257,15
2026-02-18T04:30:00+00:00,SE4,solar,0.247,15
2026-02-18T05:00:00+00:00,SE4,solar,0.287,15
2026-02-18T05:15:00+00:00,SE4,solar,0.257,15
2026-02-18T05:30:00+00:00,SE4,solar,0.487,15
2026-02-18T05:45:00+00:00,SE4,solar,0.497,15
2026-02-18T06:00:00+00:00,SE4,solar,0.607,15
2026-02-18T06:15:00+00:00,SE4,solar,0.863,15
2026-02-18T06:30:00+00:00,SE4,solar,1.384,15
2026-02-18T06:45:00+00:00,SE4,solar,2.343,15
2026-02-18T07:00:00+00:00,SE4,solar,13.623,15
2026-02-18T07:15:00+00:00,SE4,solar,18.071,15
2026-02-18T07:30:00+00:00,SE4,solar,22.772,15
2026-02-18T07:45:00+00:00,SE4,solar,29.314,15
2026-02-18T08:00:00+00:00,SE4,solar,62.476,15
2026-02-18T08:15:00+00:00,SE4,solar,71.457,15
2026-02-18T08:30:00+00:00,SE4,solar,80.232,15
2026-02-18T08:45:00+00:00,SE4,solar,88.38,15
2026-02-18T09:00:00+00:00,SE4,solar,112.0,15
2026-02-18T09:15:00+00:00,SE4,solar,121.942,15
2026-02-18T09:30:00+00:00,SE4,solar,131.814,15
2026-02-18T09:45:00+00:00,SE4,solar,141.896,15
2026-02-18T10:00:00+00:00,SE4,solar,158.778,15
2026-02-18T10:15:00+00:00,SE4,solar,165.509,15
2026-02-18T10:30:00+00:00,SE4,solar,170.635,15
2026-02-18T10:45:00+00:00,SE4,solar,174.743,15
2026-02-18T11:00:00+00:00,SE4,solar,180.038,15
2026-02-18T11:15:00+00:00,SE4,solar,181.828,15
2026-02-18T11:30:00+00:00,SE4,solar,182.251,15
2026-02-18T11:45:00+00:00,SE4,solar,181.089,15
2026-02-18T12:00:00+00:00,SE4,solar,172.123,15
2026-02-18T12:15:00+00:00,SE4,solar,168.025,15
2026-02-18T12:30:00+00:00,SE4,solar,161.019,15
2026-02-18T12:45:00+00:00,SE4,solar,151.325,15
2026-02-18T13:00:00+00:00,SE4,solar,125.655,15
2026-02-18T13:15:00+00:00,SE4,solar,115.67,15
2026-02-18T13:30:00+00:00,SE4,solar,103.646,15
2026-02-18T13:45:00+00:00,SE4,solar,88.218,15
2026-02-18T14:00:00+00:00,SE4,solar,63.045,15
2026-02-18T14:15:00+00:00,SE4,solar,53.36,15
2026-02-18T14:30:00+00:00,SE4,solar,45.147,15
2026-02-18T14:45:00+00:00,SE4,solar,37.161,15
2026-02-18T15:00:00+00:00,SE4,solar,15.47,15
2026-02-18T15:15:00+00:00,SE4,solar,10.511,15
2026-02-18T15:30:00+00:00,SE4,solar,7.131,15
2026-02-18T15:45:00+00:00,SE4,solar,4.899,15
2026-02-18T16:00:00+00:00,SE4,solar,1.499,15
2026-02-18T16:15:00+00:00,SE4,solar,1.169,15
2026-02-18T16:30:00+00:00,SE4,solar,1.005,15
2026-02-18T16:45:00+00:00,SE4,solar,0.675,15
2026-02-18T17:00:00+00:00,SE4,solar,0.543,15
2026-02-18T17:15:00+00:00,SE4,solar,0.394,15
2026-02-18T17:30:00+00:00,SE4,solar,0.291,15
2026-02-18T17:45:00+00:00,SE4,solar,0.247,15
2026-02-18T18:00:00+00:00,SE4,solar,0.216,15
2026-02-18T18:15:00+00:00,SE4,solar,0.186,15
2026-02-18T18:30:00+00:00,SE4,solar,0.176,15
2026-02-18T18:45:00+00:00,SE4,solar,0.166,15
2026-02-18T19:15:00+00:00,SE4,solar,0.165,15
2026-02-18T19:45:00+00:00,SE4,solar,0.161,15
2026-02-18T20:00:00+00:00,SE4,solar,0.16,15
2026-02-18T20:15:00+00:00,SE4,solar,0.149,15
2026-02-18T20:45:00+00:00,SE4,solar,0.15,15
2026-02-18T21:00:00+00:00,SE4,solar,0.151,15
2026-02-18T21:15:00+00:00,SE4,solar,0.131,15
2026-02-18T21:30:00+00:00,SE4,solar,0.161,15
2026-02-18T21:45:00+00:00,SE4,solar,0.152,15
2026-02-18T22:00:00+00:00,SE4,solar,0.162,15
2026-02-18T22:30:00+00:00,SE4,solar,0.182,15
2026-02-18T23:00:00+00:00,SE4,solar,0.043,15
2026-02-18T23:30:00+00:00,SE4,solar,0.044,15
2026-02-19T00:00:00+00:00,SE4,solar,0.048,15
2026-02-19T00:15:00+00:00,SE4,solar,0.047,15
2026-02-19T00:30:00+00:00,SE4,solar,0.046,15
2026-02-19T00:45:00+00:00,SE4,solar,0.045,15
2026-02-19T01:00:00+00:00,SE4,solar,0.038,15
2026-02-19T01:15:00+00:00,SE4,solar,0.037,15
2026-02-19T01:30:00+00:00,SE4,solar,0.036,15
2026-02-19T01:45:00+00:00,SE4,solar,0.04,15
2026-02-19T02:00:00+00:00,SE4,solar,0.039,15
2026-02-19T02:15:00+00:00,SE4,solar,0.038,15
2026-02-19T02:30:00+00:00,SE4,solar,0.037,15
2026-02-19T03:00:00+00:00,SE4,solar,0.038,15
2026-02-19T03:15:00+00:00,SE4,solar,0.04,15
2026-02-19T03:30:00+00:00,SE4,solar,0.039,15
2026-02-19T03:45:00+00:00,SE4,solar,0.036,15
2026-02-19T04:00:00+00:00,SE4,solar,0.035,15
2026-02-19T04:15:00+00:00,SE4,solar,0.034,15
2026-02-19T04:30:00+00:00,SE4,solar,0.035,15
2026-02-19T04:45:00+00:00,SE4,solar,0.036,15
2026-02-19T05:00:00+00:00,SE4,solar,0.042,15
2026-02-19T05:30:00+00:00,SE4,solar,0.043,15
2026-02-19T05:45:00+00:00,SE4,solar,0.044,15
2026-02-19T06:00:00+00:00,SE4,solar,0.298,15
2026-02-19T06:15:00+00:00,SE4,solar,0.728,15
2026-02-19T06:30:00+00:00,SE4,solar,1.411,15
2026-02-19T06:45:00+00:00,SE4,solar,2.624,15
2026-02-19T07:00:00+00:00,SE4,solar,20.428,15
2026-02-19T07:15:00+00:00,SE4,solar,28.72,15
2026-02-19T07:30:00+00:00,SE4,solar,37.386,15
2026-02-19T07:45:00+00:00,SE4,solar,46.615,15
2026-02-19T08:00:00+00:00,SE4,solar,78.839,15
2026-02-19T08:15:00+00:00,SE4,solar,91.257,15
2026-02-19T08:30:00+00:00,SE4,solar,102.626,15
2026-02-19T08:45:00+00:00,SE4,solar,114.281,15
2026-02-19T09:00:00+00:00,SE4,solar,145.258,15
2026-02-19T09:15:00+00:00,SE4,solar,156.54,15
2026-02-19T09:30:00+00:00,SE4,solar,166.353,15
2026-02-19T09:45:00+00:00,SE4,solar,176.721,15
2026-02-19T10:00:00+00:00,SE4,solar,205.364,15
2026-02-19T10:15:00+00:00,SE4,solar,211.625,15
2026-02-19T10:30:00+00:00,SE4,solar,216.973,15
2026-02-19T10:45:00+00:00,SE4,solar,222.339,15
2026-02-19T11:00:00+00:00,SE4,solar,229.107,15
2026-02-19T11:15:00+00:00,SE4,solar,232.809,15
2026-02-19T11:30:00+00:00,SE4,solar,233.763,15
2026-02-19T11:45:00+00:00,SE4,solar,231.893,15
2026-02-19T12:00:00+00:00,SE4,solar,224.721,15
2026-02-19T12:15:00+00:00,SE4,solar,221.358,15
2026-02-19T12:30:00+00:00,SE4,solar,217.148,15
2026-02-19T12:45:00+00:00,SE4,solar,211.192,15
2026-02-19T13:00:00+00:00,SE4,solar,185.954,15
2026-02-19T13:15:00+00:00,SE4,solar,174.295,15
2026-02-19T13:30:00+00:00,SE4,solar,162.084,15
2026-02-19T13:45:00+00:00,SE4,solar,150.521,15
2026-02-19T14:00:00+00:00,SE4,solar,112.643,15
2026-02-19T14:15:00+00:00,SE4,solar,96.598,15
2026-02-19T14:30:00+00:00,SE4,solar,81.959,15
2026-02-19T14:45:00+00:00,SE4,solar,67.16,15
2026-02-19T15:00:00+00:00,SE4,solar,21.411,15
2026-02-19T15:15:00+00:00,SE4,solar,16.771,15
2026-02-19T15:30:00+00:00,SE4,solar,12.856,15
2026-02-19T15:45:00+00:00,SE4,solar,9.422,15
2026-02-19T16:00:00+00:00,SE4,solar,2.746,15
2026-02-19T16:15:00+00:00,SE4,solar,1.79,15
2026-02-19T16:30:00+00:00,SE4,solar,1.247,15
2026-02-19T16:45:00+00:00,SE4,solar,0.816,15
2026-02-19T17:00:00+00:00,SE4,solar,0.141,15
2026-02-19T17:15:00+00:00,SE4,solar,0.121,15
2026-02-19T17:30:00+00:00,SE4,solar,0.108,15
2026-02-19T17:45:00+00:00,SE4,solar,0.089,15
2026-02-19T18:00:00+00:00,SE4,solar,0.09,15
2026-02-19T18:15:00+00:00,SE4,solar,0.087,15
2026-02-19T18:30:00+00:00,SE4,solar,0.085,15
2026-02-19T18:45:00+00:00,SE4,solar,0.083,15
2026-02-19T19:00:00+00:00,SE4,solar,0.102,15
2026-02-19T19:15:00+00:00,SE4,solar,0.104,15
2026-02-19T19:45:00+00:00,SE4,solar,0.1,15
2026-02-19T20:00:00+00:00,SE4,solar,0.095,15
2026-02-19T20:15:00+00:00,SE4,solar,0.099,15
2026-02-19T20:30:00+00:00,SE4,solar,0.104,15
2026-02-19T20:45:00+00:00,SE4,solar,0.11,15
2026-02-19T21:00:00+00:00,SE4,solar,0.158,15
2026-02-19T21:15:00+00:00,SE4,solar,0.165,15
2026-02-19T21:30:00+00:00,SE4,solar,0.167,15
2026-02-19T21:45:00+00:00,SE4,solar,0.163,15
2026-02-19T22:00:00+00:00,SE4,solar,0.168,15
2026-02-19T22:15:00+00:00,SE4,solar,0.165,15
2026-02-19T22:30:00+00:00,SE4,solar,0.168,15
2026-02-19T22:45:00+00:00,SE4,solar,0.176,15
2026-02-19T23:00:00+00:00,SE4,solar,0.209,15
2026-02-19T23:15:00+00:00,SE4,solar,0.243,15
2026-02-19T23:30:00+00:00,SE4,solar,0.213,15
2026-02-19T23:45:00+00:00,SE4,solar,0.203,15
2026-02-20T00:00:00+00:00,SE4,solar,0.183,15
2026-02-20T00:15:00+00:00,SE4,solar,0.213,15
2026-02-20T00:30:00+00:00,SE4,solar,0.184,15
2026-02-20T00:45:00+00:00,SE4,solar,0.194,15
2026-02-20T01:00:00+00:00,SE4,solar,0.154,15
2026-02-20T01:15:00+00:00,SE4,solar,0.195,15
2026-02-20T01:30:00+00:00,SE4,solar,0.165,15
2026-02-20T01:45:00+00:00,SE4,solar,0.195,15
2026-02-20T02:00:00+00:00,SE4,solar,0.155,15
2026-02-20T02:15:00+00:00,SE4,solar,0.175,15
2026-02-20T02:45:00+00:00,SE4,solar,0.215,15
2026-02-20T03:00:00+00:00,SE4,solar,0.535,15
2026-02-20T03:15:00+00:00,SE4,solar,0.536,15
2026-02-20T03:45:00+00:00,SE4,solar,0.54,15
2026-02-20T04:00:00+00:00,SE4,solar,0.501,15
2026-02-20T04:15:00+00:00,SE4,solar,0.521,15
2026-02-20T04:30:00+00:00,SE4,solar,0.491,15
2026-02-20T04:45:00+00:00,SE4,solar,0.521,15
2026-02-20T05:00:00+00:00,SE4,solar,0.544,15
2026-02-20T05:15:00+00:00,SE4,solar,0.564,15
2026-02-20T05:45:00+00:00,SE4,solar,0.614,15
2026-02-20T06:00:00+00:00,SE4,solar,0.876,15
2026-02-20T06:15:00+00:00,SE4,solar,1.352,15
2026-02-20T06:30:00+00:00,SE4,solar,2.068,15
2026-02-20T06:45:00+00:00,SE4,solar,3.158,15
2026-02-20T07:00:00+00:00,SE4,solar,9.665,15
2026-02-20T07:15:00+00:00,SE4,solar,12.37,15
2026-02-20T07:30:00+00:00,SE4,solar,16.001,15
2026-02-20T07:45:00+00:00,SE4,solar,20.148,15
2026-02-20T08:00:00+00:00,SE4,solar,48.208,15
2026-02-20T08:15:00+00:00,SE4,solar,53.472,15
2026-02-20T08:30:00+00:00,SE4,solar,59.719,15
2026-02-20T08:45:00+00:00,SE4,solar,65.498,15
2026-02-20T09:00:00+00:00,SE4,solar,90.027,15
2026-02-20T09:15:00+00:00,SE4,solar,95.83,15
2026-02-20T09:30:00+00:00,SE4,solar,103.406,15
2026-02-20T09:45:00+00:00,SE4,solar,110.781,15
2026-02-20T10:00:00+00:00,SE4,solar,128.456,15
2026-02-20T10:15:00+00:00,SE4,solar,135.154,15
2026-02-20T10:30:00+00:00,SE4,solar,144.07,15
2026-02-20T10:45:00+00:00,SE4,solar,150.94,15
2026-02-20T11:00:00+00:00,SE4,solar,166.894,15
2026-02-20T11:15:00+00:00,SE4,solar,172.164,15
2026-02-20T11:30:00+00:00,SE4,solar,177.531,15
2026-02-20T11:45:00+00:00,SE4,solar,180.595,15
2026-02-20T12:00:00+00:00,SE4,solar,170.554,15
2026-02-20T12:15:00+00:00,SE4,solar,167.774,15
2026-02-20T12:30:00+00:00,SE4,solar,165.655,15
2026-02-20T12:45:00+00:00,SE4,solar,158.37,15
2026-02-20T13:00:00+00:00,SE4,solar,135.85,15
2026-02-20T13:15:00+00:00,SE4,solar,125.845,15
2026-02-20T13:30:00+00:00,SE4,solar,116.247,15
2026-02-20T13:45:00+00:00,SE4,solar,107.971,15
2026-02-20T14:00:00+00:00,SE4,solar,71.172,15
2026-02-20T14:15:00+00:00,SE4,solar,61.685,15
2026-02-20T14:30:00+00:00,SE4,solar,52.947,15
2026-02-20T14:45:00+00:00,SE4,solar,44.521,15
2026-02-20T15:00:00+00:00,SE4,solar,19.435,15
2026-02-20T15:15:00+00:00,SE4,solar,13.786,15
2026-02-20T15:30:00+00:00,SE4,solar,10.913,15
2026-02-20T15:45:00+00:00,SE4,solar,8.786,15
2026-02-20T16:00:00+00:00,SE4,solar,1.674,15
2026-02-20T16:15:00+00:00,SE4,solar,1.143,15
2026-02-20T16:30:00+00:00,SE4,solar,0.848,15
2026-02-20T16:45:00+00:00,SE4,solar,0.581,15
2026-02-20T17:00:00+00:00,SE4,solar,0.244,15
2026-02-20T17:15:00+00:00,SE4,solar,0.497,15
2026-02-20T17:30:00+00:00,SE4,solar,0.465,15
2026-02-20T17:45:00+00:00,SE4,solar,0.421,15
2026-02-20T18:00:00+00:00,SE4,solar,0.661,15
2026-02-20T18:15:00+00:00,SE4,solar,0.651,15
2026-02-20T18:30:00+00:00,SE4,solar,0.641,15
2026-02-20T18:45:00+00:00,SE4,solar,0.601,15
2026-02-20T19:00:00+00:00,SE4,solar,0.456,15
2026-02-20T19:30:00+00:00,SE4,solar,0.446,15
2026-02-20T19:45:00+00:00,SE4,solar,0.436,15
2026-02-20T20:00:00+00:00,SE4,solar,0.191,15
2026-02-20T20:15:00+00:00,SE4,solar,0.211,15
2026-02-20T20:30:00+00:00,SE4,solar,0.191,15
2026-02-20T20:45:00+00:00,SE4,solar,0.201,15
2026-02-20T21:00:00+00:00,SE4,solar,0.199,15
2026-02-20T21:15:00+00:00,SE4,solar,0.198,15
2026-02-20T21:30:00+00:00,SE4,solar,0.188,15
2026-02-20T21:45:00+00:00,SE4,solar,0.199,15
2026-02-20T22:00:00+00:00,SE4,solar,0.219,15
2026-02-20T22:15:00+00:00,SE4,solar,0.209,15
2026-02-20T22:30:00+00:00,SE4,solar,0.229,15
2026-02-20T22:45:00+00:00,SE4,solar,0.269,15
2026-02-20T23:00:00+00:00,SE4,solar,0.055,15
2026-02-20T23:15:00+00:00,SE4,solar,0.056,15
2026-02-20T23:30:00+00:00,SE4,solar,0.055,15
2026-02-21T00:15:00+00:00,SE4,solar,0.054,15
2026-02-21T00:30:00+00:00,SE4,solar,0.053,15
2026-02-21T01:00:00+00:00,SE4,solar,0.054,15
2026-02-21T01:15:00+00:00,SE4,solar,0.053,15
2026-02-21T01:30:00+00:00,SE4,solar,0.052,15
2026-02-21T02:00:00+00:00,SE4,solar,0.05,15
2026-02-21T03:00:00+00:00,SE4,solar,0.053,15
2026-02-21T03:30:00+00:00,SE4,solar,0.052,15
2026-02-21T04:00:00+00:00,SE4,solar,0.048,15
2026-02-21T04:30:00+00:00,SE4,solar,0.047,15
2026-02-21T04:45:00+00:00,SE4,solar,0.048,15
2026-02-21T05:00:00+00:00,SE4,solar,0.049,15
2026-02-21T05:15:00+00:00,SE4,solar,0.05,15
2026-02-21T05:30:00+00:00,SE4,solar,0.051,15
2026-02-21T05:45:00+00:00,SE4,solar,0.053,15
2026-02-21T06:00:00+00:00,SE4,solar,1.422,15
2026-02-21T06:15:00+00:00,SE4,solar,1.497,15
2026-02-21T06:30:00+00:00,SE4,solar,1.593,15
2026-02-21T06:45:00+00:00,SE4,solar,1.734,15
2026-02-21T07:00:00+00:00,SE4,solar,7.076,15
2026-02-21T07:15:00+00:00,SE4,solar,7.329,15
2026-02-21T07:30:00+00:00,SE4,solar,7.597,15
2026-02-21T07:45:00+00:00,SE4,solar,7.906,15
2026-02-21T08:00:00+00:00,SE4,solar,17.035,15
2026-02-21T08:15:00+00:00,SE4,solar,17.453,15
2026-02-21T08:30:00+00:00,SE4,solar,17.96,15
2026-02-21T08:45:00+00:00,SE4,solar,18.497,15
2026-02-21T09:00:00+00:00,SE4,solar,32.214,15
2026-02-21T09:15:00+00:00,SE4,solar,33.202,15
2026-02-21T09:30:00+00:00,SE4,solar,34.231,15
2026-02-21T09:45:00+00:00,SE4,solar,35.192,15
2026-02-21T10:00:00+00:00,SE4,solar,47.606,15
2026-02-21T10:15:00+00:00,SE4,solar,48.925,15
2026-02-21T10:30:00+00:00,SE4,solar,49.957,15
2026-02-21T10:45:00+00:00,SE4,solar,50.706,15
2026-02-21T11:00:00+00:00,SE4,solar,55.467,15
2026-02-21T11:15:00+00:00,SE4,solar,56.237,15
2026-02-21T11:30:00+00:00,SE4,solar,56.492,15
2026-02-21T11:45:00+00:00,SE4,solar,56.528,15
2026-02-21T12:00:00+00:00,SE4,solar,52.509,15
2026-02-21T12:15:00+00:00,SE4,solar,53.062,15
2026-02-21T12:30:00+00:00,SE4,solar,53.026,15
2026-02-21T12:45:00+00:00,SE4,solar,52.362,15
2026-02-21T13:00:00+00:00,SE4,solar,37.346,15
2026-02-21T13:15:00+00:00,SE4,solar,37.931,15
2026-02-21T13:30:00+00:00,SE4,solar,37.067,15
2026-02-21T13:45:00+00:00,SE4,solar,35.21,15
2026-02-21T14:00:00+00:00,SE4,solar,15.921,15
2026-02-21T14:15:00+00:00,SE4,solar,15.43,15
2026-02-21T14:30:00+00:00,SE4,solar,14.569,15
2026-02-21T14:45:00+00:00,SE4,solar,13.719,15
2026-02-21T15:00:00+00:00,SE4,solar,6.098,15
2026-02-21T15:15:00+00:00,SE4,solar,5.473,15
2026-02-21T15:30:00+00:00,SE4,solar,4.984,15
2026-02-21T15:45:00+00:00,SE4,solar,4.536,15
2026-02-21T16:00:00+00:00,SE4,solar,2.72,15
2026-02-21T16:15:00+00:00,SE4,solar,2.538,15
2026-02-21T16:30:00+00:00,SE4,solar,2.441,15
2026-02-21T16:45:00+00:00,SE4,solar,2.381,15
2026-02-21T17:00:00+00:00,SE4,solar,1.519,15
2026-02-21T17:15:00+00:00,SE4,solar,1.515,15
2026-02-21T17:30:00+00:00,SE4,solar,1.512,15
2026-02-21T17:45:00+00:00,SE4,solar,1.509,15
2026-02-21T18:00:00+00:00,SE4,solar,0.108,15
2026-02-21T18:30:00+00:00,SE4,solar,0.107,15
2026-02-21T19:45:00+00:00,SE4,solar,0.109,15
2026-02-21T20:00:00+00:00,SE4,solar,0.111,15
2026-02-21T20:15:00+00:00,SE4,solar,0.112,15
2026-02-21T20:30:00+00:00,SE4,solar,0.11,15
2026-02-21T20:45:00+00:00,SE4,solar,0.105,15
2026-02-21T21:00:00+00:00,SE4,solar,0.1,15
2026-02-21T21:15:00+00:00,SE4,solar,0.095,15
2026-02-21T21:30:00+00:00,SE4,solar,0.091,15
2026-02-21T21:45:00+00:00,SE4,solar,0.086,15
2026-02-21T22:00:00+00:00,SE4,solar,0.071,15
2026-02-21T22:15:00+00:00,SE4,solar,0.07,15
2026-02-21T22:30:00+00:00,SE4,solar,0.069,15
2026-02-21T22:45:00+00:00,SE4,solar,0.068,15
2026-02-21T23:00:00+00:00,SE4,solar,0.251,15
2026-02-21T23:15:00+00:00,SE4,solar,0.28,15
2026-02-21T23:45:00+00:00,SE4,solar,0.25,15
2026-02-22T00:00:00+00:00,SE4,solar,0.296,15
2026-02-22T00:15:00+00:00,SE4,solar,0.306,15
2026-02-22T00:30:00+00:00,SE4,solar,0.266,15
2026-02-22T00:45:00+00:00,SE4,solar,0.236,15
2026-02-22T01:00:00+00:00,SE4,solar,0.27,15
2026-02-22T01:15:00+00:00,SE4,solar,0.29,15
2026-02-22T01:30:00+00:00,SE4,solar,0.27,15
2026-02-22T01:45:00+00:00,SE4,solar,0.25,15
2026-02-22T02:00:00+00:00,SE4,solar,0.24,15
2026-02-22T02:15:00+00:00,SE4,solar,0.23,15
2026-02-22T02:30:00+00:00,SE4,solar,0.26,15
2026-02-22T02:45:00+00:00,SE4,solar,0.24,15
2026-02-22T03:00:00+00:00,SE4,solar,0.69,15
2026-02-22T03:30:00+00:00,SE4,solar,0.68,15
2026-02-22T03:45:00+00:00,SE4,solar,0.7,15
2026-02-22T04:00:00+00:00,SE4,solar,0.76,15
2026-02-22T04:15:00+00:00,SE4,solar,0.75,15
2026-02-22T04:30:00+00:00,SE4,solar,0.74,15
2026-02-22T05:00:00+00:00,SE4,solar,0.772,15
2026-02-22T05:15:00+00:00,SE4,solar,0.762,15
2026-02-22T05:45:00+00:00,SE4,solar,1.172,15
2026-02-22T06:00:00+00:00,SE4,solar,0.951,15
2026-02-22T06:15:00+00:00,SE4,solar,1.171,15
2026-02-22T06:30:00+00:00,SE4,solar,1.438,15
2026-02-22T06:45:00+00:00,SE4,solar,2.181,15
2026-02-22T07:00:00+00:00,SE4,solar,7.23,15
2026-02-22T07:15:00+00:00,SE4,solar,7.841,15
2026-02-22T07:30:00+00:00,SE4,solar,8.562,15
2026-02-22T07:45:00+00:00,SE4,solar,9.728,15
2026-02-22T08:00:00+00:00,SE4,solar,21.134,15
2026-02-22T08:15:00+00:00,SE4,solar,22.192,15
2026-02-22T08:30:00+00:00,SE4,solar,22.984,15
2026-02-22T08:45:00+00:00,SE4,solar,23.839,15
2026-02-22T09:00:00+00:00,SE4,solar,30.151,15
2026-02-22T09:15:00+00:00,SE4,solar,30.881,15
2026-02-22T09:30:00+00:00,SE4,solar,31.58,15
2026-02-22T09:45:00+00:00,SE4,solar,32.124,15
2026-02-22T10:00:00+00:00,SE4,solar,35.199,15
2026-02-22T10:15:00+00:00,SE4,solar,35.43,15
2026-02-22T10:30:00+00:00,SE4,solar,35.89,15
2026-02-22T10:45:00+00:00,SE4,solar,36.186,15
2026-02-22T11:00:00+00:00,SE4,solar,42.261,15
2026-02-22T11:15:00+00:00,SE4,solar,43.026,15
2026-02-22T11:30:00+00:00,SE4,solar,42.946,15
2026-02-22T11:45:00+00:00,SE4,solar,42.6,15
2026-02-22T12:00:00+00:00,SE4,solar,35.66,15
2026-02-22T12:15:00+00:00,SE4,solar,35.437,15
2026-02-22T12:30:00+00:00,SE4,solar,34.507,15
2026-02-22T12:45:00+00:00,SE4,solar,33.118,15
2026-02-22T13:00:00+00:00,SE4,solar,24.394,15
2026-02-22T13:15:00+00:00,SE4,solar,23.774,15
2026-02-22T13:30:00+00:00,SE4,solar,22.359,15
2026-02-22T13:45:00+00:00,SE4,solar,21.054,15
2026-02-22T14:00:00+00:00,SE4,solar,11.444,15
2026-02-22T14:15:00+00:00,SE4,solar,11.111,15
2026-02-22T14:30:00+00:00,SE4,solar,9.988,15
2026-02-22T14:45:00+00:00,SE4,solar,9.037,15
2026-02-22T15:00:00+00:00,SE4,solar,3.56,15
2026-02-22T15:15:00+00:00,SE4,solar,3.096,15
2026-02-22T15:30:00+00:00,SE4,solar,2.329,15
2026-02-22T15:45:00+00:00,SE4,solar,2.442,15
2026-02-22T16:00:00+00:00,SE4,solar,1.639,15
2026-02-22T16:15:00+00:00,SE4,solar,1.214,15
2026-02-22T16:30:00+00:00,SE4,solar,0.712,15
2026-02-22T16:45:00+00:00,SE4,solar,0.59,15
2026-02-22T17:00:00+00:00,SE4,solar,1.071,15
2026-02-22T17:15:00+00:00,SE4,solar,0.728,15
2026-02-22T17:30:00+00:00,SE4,solar,0.666,15
2026-02-22T17:45:00+00:00,SE4,solar,0.623,15
2026-02-22T18:00:00+00:00,SE4,solar,0.743,15
2026-02-22T18:15:00+00:00,SE4,solar,0.812,15
2026-02-22T18:30:00+00:00,SE4,solar,0.852,15
2026-02-22T18:45:00+00:00,SE4,solar,0.772,15
2026-02-22T19:00:00+00:00,SE4,solar,0.817,15
2026-02-22T19:15:00+00:00,SE4,solar,0.596,15
2026-02-22T19:30:00+00:00,SE4,solar,0.566,15
2026-02-22T19:45:00+00:00,SE4,solar,0.537,15
2026-02-22T20:00:00+00:00,SE4,solar,0.201,15
2026-02-22T20:15:00+00:00,SE4,solar,0.261,15
2026-02-22T20:30:00+00:00,SE4,solar,0.251,15
2026-02-22T20:45:00+00:00,SE4,solar,0.271,15
2026-02-22T21:00:00+00:00,SE4,solar,0.241,15
2026-02-22T21:45:00+00:00,SE4,solar,0.221,15
2026-02-22T22:00:00+00:00,SE4,solar,0.232,15
2026-02-22T22:15:00+00:00,SE4,solar,0.282,15
2026-02-22T23:00:00+00:00,SE4,solar,0.021,15
2026-02-22T23:30:00+00:00,SE4,solar,0.271,15
2026-02-22T23:45:00+00:00,SE4,solar,0.281,15
2026-02-23T00:00:00+00:00,SE4,solar,0.267,15
2026-02-23T00:15:00+00:00,SE4,solar,0.277,15
2026-02-23T00:30:00+00:00,SE4,solar,0.267,15
2026-02-23T00:45:00+00:00,SE4,solar,0.277,15
2026-02-23T01:00:00+00:00,SE4,solar,0.271,15
2026-02-23T01:15:00+00:00,SE4,solar,0.281,15
2026-02-23T01:45:00+00:00,SE4,solar,0.271,15
2026-02-23T02:00:00+00:00,SE4,solar,0.261,15
2026-02-23T02:15:00+00:00,SE4,solar,0.271,15
2026-02-23T02:30:00+00:00,SE4,solar,0.251,15
2026-02-23T03:00:00+00:00,SE4,solar,0.247,15
2026-02-23T04:15:00+00:00,SE4,solar,0.241,15
2026-02-23T05:15:00+00:00,SE4,solar,0.251,15
2026-02-23T05:45:00+00:00,SE4,solar,0.261,15
2026-02-23T06:00:00+00:00,SE4,solar,0.524,15
2026-02-23T06:15:00+00:00,SE4,solar,0.675,15
2026-02-23T06:30:00+00:00,SE4,solar,0.892,15
2026-02-23T06:45:00+00:00,SE4,solar,1.2,15
2026-02-23T07:00:00+00:00,SE4,solar,3.465,15
2026-02-23T07:15:00+00:00,SE4,solar,4.091,15
2026-02-23T07:30:00+00:00,SE4,solar,4.793,15
2026-02-23T07:45:00+00:00,SE4,solar,5.534,15
2026-02-23T08:00:00+00:00,SE4,solar,9.727,15
2026-02-23T08:15:00+00:00,SE4,solar,10.183,15
2026-02-23T08:30:00+00:00,SE4,solar,10.91,15
2026-02-23T08:45:00+00:00,SE4,solar,11.56,15
2026-02-23T09:00:00+00:00,SE4,solar,14.218,15
2026-02-23T09:15:00+00:00,SE4,solar,14.949,15
2026-02-23T09:30:00+00:00,SE4,solar,15.646,15
2026-02-23T09:45:00+00:00,SE4,solar,16.287,15
2026-02-23T10:00:00+00:00,SE4,solar,20.241,15
2026-02-23T10:15:00+00:00,SE4,solar,20.988,15
2026-02-23T10:30:00+00:00,SE4,solar,26.731,15
2026-02-23T10:45:00+00:00,SE4,solar,27.364,15
2026-02-23T11:00:00+00:00,SE4,solar,29.189,15
2026-02-23T11:15:00+00:00,SE4,solar,29.595,15
2026-02-23T11:30:00+00:00,SE4,solar,29.509,15
2026-02-23T11:45:00+00:00,SE4,solar,29.242,15
2026-02-23T12:00:00+00:00,SE4,solar,28.64,15
2026-02-23T12:15:00+00:00,SE4,solar,27.707,15
2026-02-23T12:30:00+00:00,SE4,solar,26.944,15
2026-02-23T12:45:00+00:00,SE4,solar,26.235,15
2026-02-23T13:00:00+00:00,SE4,solar,22.781,15
2026-02-23T13:15:00+00:00,SE4,solar,21.105,15
2026-02-23T13:30:00+00:00,SE4,solar,19.44,15
2026-02-23T13:45:00+00:00,SE4,solar,17.77,15
2026-02-23T14:00:00+00:00,SE4,solar,12.614,15
2026-02-23T14:15:00+00:00,SE4,solar,9.621,15
2026-02-23T14:30:00+00:00,SE4,solar,7.73,15
2026-02-23T14:45:00+00:00,SE4,solar,6.858,15
2026-02-23T15:00:00+00:00,SE4,solar,3.307,15
2026-02-23T15:15:00+00:00,SE4,solar,2.937,15
2026-02-23T15:30:00+00:00,SE4,solar,2.652,15
2026-02-23T15:45:00+00:00,SE4,solar,2.398,15
2026-02-23T16:00:00+00:00,SE4,solar,1.267,15
2026-02-23T16:15:00+00:00,SE4,solar,1.139,15
2026-02-23T16:30:00+00:00,SE4,solar,1.052,15
2026-02-23T16:45:00+00:00,SE4,solar,1.005,15
2026-02-23T17:00:00+00:00,SE4,solar,0.666,15
2026-02-23T17:15:00+00:00,SE4,solar,0.683,15
2026-02-23T17:30:00+00:00,SE4,solar,0.622,15
2026-02-23T17:45:00+00:00,SE4,solar,0.59,15
2026-02-23T18:00:00+00:00,SE4,solar,0.404,15
2026-02-23T18:15:00+00:00,SE4,solar,0.354,15
2026-02-23T18:30:00+00:00,SE4,solar,0.334,15
2026-02-23T18:45:00+00:00,SE4,solar,0.323,15
2026-02-23T19:00:00+00:00,SE4,solar,0.303,15
2026-02-23T19:15:00+00:00,SE4,solar,0.293,15
2026-02-23T19:30:00+00:00,SE4,solar,0.283,15
2026-02-23T19:45:00+00:00,SE4,solar,0.253,15
2026-02-23T20:00:00+00:00,SE4,solar,0.232,15
2026-02-23T20:15:00+00:00,SE4,solar,0.212,15
2026-02-23T20:30:00+00:00,SE4,solar,0.202,15
2026-02-23T20:45:00+00:00,SE4,solar,0.212,15
2026-02-23T21:00:00+00:00,SE4,solar,0.213,15
2026-02-23T21:15:00+00:00,SE4,solar,0.223,15
2026-02-23T21:30:00+00:00,SE4,solar,0.233,15
2026-02-23T21:45:00+00:00,SE4,solar,0.243,15
2026-02-23T22:00:00+00:00,SE4,solar,0.253,15
2026-02-23T22:15:00+00:00,SE4,solar,0.282,15
2026-02-23T22:30:00+00:00,SE4,solar,0.022,15
2026-02-23T23:00:00+00:00,SE4,solar,0.049,15
2026-02-23T23:15:00+00:00,SE4,solar,0.048,15
2026-02-23T23:30:00+00:00,SE4,solar,0.047,15
2026-02-23T23:45:00+00:00,SE4,solar,0.048,15
2026-02-24T00:15:00+00:00,SE4,solar,0.05,15
2026-02-24T00:30:00+00:00,SE4,solar,0.052,15
2026-02-24T00:45:00+00:00,SE4,solar,0.054,15
2026-02-24T01:00:00+00:00,SE4,solar,0.107,15
2026-02-24T01:15:00+00:00,SE4,solar,0.119,15
2026-02-24T01:30:00+00:00,SE4,solar,0.127,15
2026-02-24T01:45:00+00:00,SE4,solar,0.133,15
2026-02-24T02:00:00+00:00,SE4,solar,0.136,15
2026-02-24T02:15:00+00:00,SE4,solar,0.139,15
2026-02-24T02:30:00+00:00,SE4,solar,0.142,15
2026-02-24T02:45:00+00:00,SE4,solar,0.143,15
2026-02-24T03:00:00+00:00,SE4,solar,0.444,15
2026-02-24T03:15:00+00:00,SE4,solar,0.446,15
2026-02-24T03:30:00+00:00,SE4,solar,0.448,15
2026-02-24T04:00:00+00:00,SE4,solar,0.389,15
2026-02-24T04:15:00+00:00,SE4,solar,0.392,15
2026-02-24T04:45:00+00:00,SE4,solar,0.389,15
2026-02-24T05:00:00+00:00,SE4,solar,0.433,15
2026-02-24T05:15:00+00:00,SE4,solar,0.429,15
2026-02-24T05:45:00+00:00,SE4,solar,0.433,15
2026-02-24T06:00:00+00:00,SE4,solar,0.648,15
2026-02-24T06:15:00+00:00,SE4,solar,0.921,15
2026-02-24T06:30:00+00:00,SE4,solar,1.277,15
2026-02-24T06:45:00+00:00,SE4,solar,1.757,15
2026-02-24T07:00:00+00:00,SE4,solar,6.27,15
2026-02-24T07:15:00+00:00,SE4,solar,7.21,15
2026-02-24T07:30:00+00:00,SE4,solar,8.313,15
2026-02-24T07:45:00+00:00,SE4,solar,9.509,15
2026-02-24T08:00:00+00:00,SE4,solar,20.191,15
2026-02-24T08:15:00+00:00,SE4,solar,21.688,15
2026-02-24T08:30:00+00:00,SE4,solar,23.357,15
2026-02-24T08:45:00+00:00,SE4,solar,25.003,15
2026-02-24T09:00:00+00:00,SE4,solar,35.041,15
2026-02-24T09:15:00+00:00,SE4,solar,36.713,15
2026-02-24T09:30:00+00:00,SE4,solar,38.47,15
2026-02-24T09:45:00+00:00,SE4,solar,40.008,15
2026-02-24T10:00:00+00:00,SE4,solar,46.958,15
2026-02-24T10:15:00+00:00,SE4,solar,48.432,15
2026-02-24T10:30:00+00:00,SE4,solar,49.674,15
2026-02-24T10:45:00+00:00,SE4,solar,50.774,15
2026-02-24T11:00:00+00:00,SE4,solar,51.99,15
2026-02-24T11:15:00+00:00,SE4,solar,52.264,15
2026-02-24T11:30:00+00:00,SE4,solar,52.449,15
2026-02-24T11:45:00+00:00,SE4,solar,52.258,15
2026-02-24T12:00:00+00:00,SE4,solar,51.447,15
2026-02-24T12:15:00+00:00,SE4,solar,49.982,15
2026-02-24T12:30:00+00:00,SE4,solar,49.051,15
2026-02-24T12:45:00+00:00,SE4,solar,47.813,15
2026-02-24T13:00:00+00:00,SE4,solar,42.74,15
2026-02-24T13:15:00+00:00,SE4,solar,39.834,15
2026-02-24T13:30:00+00:00,SE4,solar,41.656,15
2026-02-24T13:45:00+00:00,SE4,solar,39.466,15
2026-02-24T14:00:00+00:00,SE4,solar,25.46,15
2026-02-24T14:15:00+00:00,SE4,solar,22.384,15
2026-02-24T14:30:00+00:00,SE4,solar,20.002,15
2026-02-24T14:45:00+00:00,SE4,solar,18.107,15
2026-02-24T15:00:00+00:00,SE4,solar,9.832,15
2026-02-24T15:15:00+00:00,SE4,solar,8.307,15
2026-02-24T15:30:00+00:00,SE4,solar,6.993,15
2026-02-24T15:45:00+00:00,SE4,solar,6.342,15
2026-02-24T16:00:00+00:00,SE4,solar,1.723,15
2026-02-24T16:15:00+00:00,SE4,solar,1.373,15
2026-02-24T16:30:00+00:00,SE4,solar,1.102,15
2026-02-24T16:45:00+00:00,SE4,solar,0.914,15
2026-02-24T17:00:00+00:00,SE4,solar,0.446,15
2026-02-24T17:15:00+00:00,SE4,solar,0.402,15
2026-02-24T17:30:00+00:00,SE4,solar,0.37,15
2026-02-24T17:45:00+00:00,SE4,solar,0.356,15
2026-02-24T18:00:00+00:00,SE4,solar,0.556,15
2026-02-24T18:15:00+00:00,SE4,solar,0.565,15
2026-02-24T18:30:00+00:00,SE4,solar,0.575,15
2026-02-24T18:45:00+00:00,SE4,solar,0.555,15
2026-02-24T19:00:00+00:00,SE4,solar,0.47,15
2026-02-24T19:15:00+00:00,SE4,solar,0.46,15
2026-02-24T19:30:00+00:00,SE4,solar,0.44,15
2026-02-24T19:45:00+00:00,SE4,solar,0.409,15
2026-02-24T20:00:00+00:00,SE4,solar,0.154,15
2026-02-24T20:15:00+00:00,SE4,solar,0.124,15
2026-02-24T20:30:00+00:00,SE4,solar,0.024,15
2026-02-24T20:45:00+00:00,SE4,solar,0.084,15
2026-02-24T21:00:00+00:00,SE4,solar,0.073,15
2026-02-24T22:30:00+00:00,SE4,solar,0.023,15
2026-02-24T23:00:00+00:00,SE4,solar,0.074,15
2026-02-24T23:15:00+00:00,SE4,solar,0.075,15
2026-02-24T23:30:00+00:00,SE4,solar,0.072,15
2026-02-25T00:00:00+00:00,SE4,solar,0.076,15
2026-02-25T00:15:00+00:00,SE4,solar,0.078,15
2026-02-25T00:30:00+00:00,SE4,solar,0.08,15
2026-02-25T00:45:00+00:00,SE4,solar,0.081,15
2026-02-25T01:00:00+00:00,SE4,solar,0.092,15
2026-02-25T01:15:00+00:00,SE4,solar,0.097,15
2026-02-25T01:45:00+00:00,SE4,solar,0.092,15
2026-02-25T02:00:00+00:00,SE4,solar,0.084,15
2026-02-25T02:15:00+00:00,SE4,solar,0.081,15
2026-02-25T02:30:00+00:00,SE4,solar,0.079,15
2026-02-25T02:45:00+00:00,SE4,solar,0.076,15
2026-02-25T03:00:00+00:00,SE4,solar,0.069,15
2026-02-25T03:45:00+00:00,SE4,solar,0.068,15
2026-02-25T04:00:00+00:00,SE4,solar,0.07,15
2026-02-25T04:15:00+00:00,SE4,solar,0.069,15
2026-02-25T05:15:00+00:00,SE4,solar,0.075,15
2026-02-25T05:30:00+00:00,SE4,solar,0.076,15
2026-02-25T05:45:00+00:00,SE4,solar,0.075,15
2026-02-25T06:00:00+00:00,SE4,solar,1.021,15
2026-02-25T06:15:00+00:00,SE4,solar,1.357,15
2026-02-25T06:30:00+00:00,SE4,solar,1.795,15
2026-02-25T06:45:00+00:00,SE4,solar,2.453,15
2026-02-25T07:00:00+00:00,SE4,solar,7.374,15
2026-02-25T07:15:00+00:00,SE4,solar,8.08,15
2026-02-25T07:30:00+00:00,SE4,solar,8.876,15
2026-02-25T07:45:00+00:00,SE4,solar,9.795,15
2026-02-25T08:00:00+00:00,SE4,solar,17.113,15
2026-02-25T08:15:00+00:00,SE4,solar,18.968,15
2026-02-25T08:30:00+00:00,SE4,solar,20.683,15
2026-02-25T08:45:00+00:00,SE4,solar,22.428,15
2026-02-25T09:00:00+00:00,SE4,solar,31.324,15
2026-02-25T09:15:00+00:00,SE4,solar,31.467,15
2026-02-25T09:30:00+00:00,SE4,solar,32.358,15
2026-02-25T09:45:00+00:00,SE4,solar,33.587,15
2026-02-25T10:00:00+00:00,SE4,solar,39.625,15
2026-02-25T10:15:00+00:00,SE4,solar,40.284,15
2026-02-25T10:30:00+00:00,SE4,solar,40.833,15
2026-02-25T10:45:00+00:00,SE4,solar,41.686,15
2026-02-25T11:00:00+00:00,SE4,solar,45.116,15
2026-02-25T11:15:00+00:00,SE4,solar,44.557,15
2026-02-25T11:30:00+00:00,SE4,solar,44.42,15
2026-02-25T11:45:00+00:00,SE4,solar,43.822,15
2026-02-25T12:00:00+00:00,SE4,solar,40.226,15
2026-02-25T12:15:00+00:00,SE4,solar,39.345,15
2026-02-25T12:30:00+00:00,SE4,solar,38.14,15
2026-02-25T12:45:00+00:00,SE4,solar,36.759,15
2026-02-25T13:00:00+00:00,SE4,solar,27.967,15
2026-02-25T13:15:00+00:00,SE4,solar,26.111,15
2026-02-25T13:30:00+00:00,SE4,solar,25.094,15
2026-02-25T13:45:00+00:00,SE4,solar,24.542,15
2026-02-25T14:00:00+00:00,SE4,solar,15.44,15
2026-02-25T14:15:00+00:00,SE4,solar,14.053,15
2026-02-25T14:30:00+00:00,SE4,solar,13.064,15
2026-02-25T14:45:00+00:00,SE4,solar,11.237,15
2026-02-25T15:00:00+00:00,SE4,solar,5.697,15
2026-02-25T15:15:00+00:00,SE4,solar,4.776,15
2026-02-25T15:30:00+00:00,SE4,solar,4.135,15
2026-02-25T15:45:00+00:00,SE4,solar,3.662,15
2026-02-25T16:00:00+00:00,SE4,solar,2.07,15
2026-02-25T16:15:00+00:00,SE4,solar,1.797,15
2026-02-25T16:30:00+00:00,SE4,solar,1.613,15
2026-02-25T16:45:00+00:00,SE4,solar,1.477,15
2026-02-25T17:00:00+00:00,SE4,solar,0.718,15
2026-02-25T17:15:00+00:00,SE4,solar,0.715,15
2026-02-25T17:30:00+00:00,SE4,solar,0.712,15
2026-02-25T17:45:00+00:00,SE4,solar,0.709,15
2026-02-25T18:00:00+00:00,SE4,solar,0.124,15
2026-02-25T18:15:00+00:00,SE4,solar,0.123,15
2026-02-25T18:45:00+00:00,SE4,solar,0.122,15
2026-02-25T20:00:00+00:00,SE4,solar,0.142,15
2026-02-25T20:15:00+00:00,SE4,solar,0.153,15
2026-02-25T20:30:00+00:00,SE4,solar,0.023,15
2026-02-25T20:45:00+00:00,SE4,solar,0.153,15
2026-02-25T21:00:00+00:00,SE4,solar,0.154,15
2026-02-25T21:15:00+00:00,SE4,solar,0.155,15
2026-02-25T21:45:00+00:00,SE4,solar,0.164,15
2026-02-25T22:00:00+00:00,SE4,solar,0.162,15
2026-02-25T22:15:00+00:00,SE4,solar,0.161,15
2026-02-25T23:00:00+00:00,SE4,solar,0.141,15
2026-02-25T23:30:00+00:00,SE4,solar,0.142,15
2026-02-25T23:45:00+00:00,SE4,solar,0.144,15
2026-02-26T00:00:00+00:00,SE4,solar,0.149,15
2026-02-26T00:15:00+00:00,SE4,solar,0.148,15
2026-02-26T00:30:00+00:00,SE4,solar,0.147,15
2026-02-26T00:45:00+00:00,SE4,solar,0.145,15
2026-02-26T01:00:00+00:00,SE4,solar,0.135,15
2026-02-26T01:15:00+00:00,SE4,solar,0.131,15
2026-02-26T01:30:00+00:00,SE4,solar,0.13,15
2026-02-26T01:45:00+00:00,SE4,solar,0.134,15
2026-02-26T02:00:00+00:00,SE4,solar,0.137,15
2026-02-26T02:15:00+00:00,SE4,solar,0.138,15
2026-02-26T02:30:00+00:00,SE4,solar,0.139,15
2026-02-26T02:45:00+00:00,SE4,solar,0.14,15
2026-02-26T03:00:00+00:00,SE4,solar,0.135,15
2026-02-26T03:15:00+00:00,SE4,solar,0.134,15
2026-02-26T03:30:00+00:00,SE4,solar,0.133,15
2026-02-26T03:45:00+00:00,SE4,solar,0.132,15
2026-02-26T04:00:00+00:00,SE4,solar,0.128,15
2026-02-26T04:15:00+00:00,SE4,solar,0.127,15
2026-02-26T04:30:00+00:00,SE4,solar,0.126,15
2026-02-26T05:00:00+00:00,SE4,solar,0.134,15
2026-02-26T05:15:00+00:00,SE4,solar,0.138,15
2026-02-26T05:45:00+00:00,SE4,solar,0.143,15
2026-02-26T06:00:00+00:00,SE4,solar,1.551,15
2026-02-26T06:15:00+00:00,SE4,solar,2.354,15
2026-02-26T06:30:00+00:00,SE4,solar,3.685,15
2026-02-26T06:45:00+00:00,SE4,solar,5.146,15
2026-02-26T07:00:00+00:00,SE4,solar,16.781,15
2026-02-26T07:15:00+00:00,SE4,solar,19.73,15
2026-02-26T07:30:00+00:00,SE4,solar,23.49,15
2026-02-26T07:45:00+00:00,SE4,solar,27.763,15
2026-02-26T08:00:00+00:00,SE4,solar,49.349,15
2026-02-26T08:15:00+00:00,SE4,solar,54.724,15
2026-02-26T08:30:00+00:00,SE4,solar,66.446,15
2026-02-26T08:45:00+00:00,SE4,solar,71.304,15
2026-02-26T09:00:00+00:00,SE4,solar,85.546,15
2026-02-26T09:15:00+00:00,SE4,solar,89.705,15
2026-02-26T09:30:00+00:00,SE4,solar,93.683,15
2026-02-26T09:45:00+00:00,SE4,solar,97.113,15
2026-02-26T10:00:00+00:00,SE4,solar,105.501,15
2026-02-26T10:15:00+00:00,SE4,solar,107.399,15
2026-02-26T10:30:00+00:00,SE4,solar,108.031,15
2026-02-26T10:45:00+00:00,SE4,solar,107.358,15
2026-02-26T11:00:00+00:00,SE4,solar,100.722,15
2026-02-26T11:15:00+00:00,SE4,solar,98.232,15
2026-02-26T11:30:00+00:00,SE4,solar,94.995,15
2026-02-26T11:45:00+00:00,SE4,solar,91.428,15
2026-02-26T12:00:00+00:00,SE4,solar,81.308,15
2026-02-26T12:15:00+00:00,SE4,solar,77.382,15
2026-02-26T12:30:00+00:00,SE4,solar,73.207,15
2026-02-26T12:45:00+00:00,SE4,solar,68.926,15
2026-02-26T13:00:00+00:00,SE4,solar,55.901,15
2026-02-26T13:15:00+00:00,SE4,solar,52.478,15
2026-02-26T13:30:00+00:00,SE4,solar,48.475,15
2026-02-26T13:45:00+00:00,SE4,solar,44.696,15
2026-02-26T14:00:00+00:00,SE4,solar,29.801,15
2026-02-26T14:15:00+00:00,SE4,solar,26.583,15
2026-02-26T14:30:00+00:00,SE4,solar,23.069,15
2026-02-26T14:45:00+00:00,SE4,solar,20.631,15
2026-02-26T15:00:00+00:00,SE4,solar,10.348,15
2026-02-26T15:15:00+00:00,SE4,solar,8.534,15
2026-02-26T15:30:00+00:00,SE4,solar,7.341,15
2026-02-26T15:45:00+00:00,SE4,solar,6.338,15
2026-02-26T16:00:00+00:00,SE4,solar,3.196,15
2026-02-26T16:15:00+00:00,SE4,solar,2.702,15
2026-02-26T16:30:00+00:00,SE4,solar,2.441,15
2026-02-26T16:45:00+00:00,SE4,solar,2.254,15
2026-02-26T17:00:00+00:00,SE4,solar,1.01,15
2026-02-26T17:15:00+00:00,SE4,solar,1.002,15
2026-02-26T17:30:00+00:00,SE4,solar,0.996,15
2026-02-26T17:45:00+00:00,SE4,solar,0.99,15
2026-02-26T18:00:00+00:00,SE4,solar,0.136,15
2026-02-26T18:15:00+00:00,SE4,solar,0.137,15
2026-02-26T18:30:00+00:00,SE4,solar,0.141,15
2026-02-26T18:45:00+00:00,SE4,solar,0.14,15
2026-02-26T19:00:00+00:00,SE4,solar,0.141,15
2026-02-26T19:15:00+00:00,SE4,solar,0.142,15
2026-02-26T19:30:00+00:00,SE4,solar,0.141,15
2026-02-26T19:45:00+00:00,SE4,solar,0.139,15
2026-02-26T20:00:00+00:00,SE4,solar,0.131,15
2026-02-26T20:15:00+00:00,SE4,solar,0.129,15
2026-02-26T20:45:00+00:00,SE4,solar,0.13,15
2026-02-26T21:00:00+00:00,SE4,solar,0.131,15
2026-02-26T21:15:00+00:00,SE4,solar,0.132,15
2026-02-26T21:45:00+00:00,SE4,solar,0.131,15
2026-02-26T22:00:00+00:00,SE4,solar,0.132,15
2026-02-26T22:15:00+00:00,SE4,solar,0.131,15
2026-02-26T22:30:00+00:00,SE4,solar,0.13,15
2026-02-26T23:00:00+00:00,SE4,solar,0.153,15
2026-02-26T23:15:00+00:00,SE4,solar,0.146,15
2026-02-26T23:30:00+00:00,SE4,solar,0.144,15
2026-02-26T23:45:00+00:00,SE4,solar,0.142,15
2026-02-27T00:00:00+00:00,SE4,solar,0.14,15
2026-02-27T01:00:00+00:00,SE4,solar,0.144,15
2026-02-27T01:45:00+00:00,SE4,solar,0.148,15
2026-02-27T02:00:00+00:00,SE4,solar,0.147,15
2026-02-27T02:15:00+00:00,SE4,solar,0.148,15
2026-02-27T02:45:00+00:00,SE4,solar,0.15,15
2026-02-27T03:00:00+00:00,SE4,solar,0.249,15
2026-02-27T03:15:00+00:00,SE4,solar,0.252,15
2026-02-27T03:30:00+00:00,SE4,solar,0.253,15
2026-02-27T05:00:00+00:00,SE4,solar,0.257,15
2026-02-27T05:15:00+00:00,SE4,solar,0.256,15
2026-02-27T05:45:00+00:00,SE4,solar,0.258,15
2026-02-27T06:00:00+00:00,SE4,solar,0.782,15
2026-02-27T06:15:00+00:00,SE4,solar,0.971,15
2026-02-27T06:30:00+00:00,SE4,solar,1.209,15
2026-02-27T06:45:00+00:00,SE4,solar,1.494,15
2026-02-27T07:00:00+00:00,SE4,solar,4.694,15
2026-02-27T07:15:00+00:00,SE4,solar,5.105,15
2026-02-27T07:30:00+00:00,SE4,solar,5.592,15
2026-02-27T07:45:00+00:00,SE4,solar,6.153,15
2026-02-27T08:00:00+00:00,SE4,solar,13.378,15
2026-02-27T08:15:00+00:00,SE4,solar,14.07,15
2026-02-27T08:30:00+00:00,SE4,solar,14.87,15
2026-02-27T08:45:00+00:00,SE4,solar,15.886,15
2026-02-27T09:00:00+00:00,SE4,solar,24.086,15
2026-02-27T09:15:00+00:00,SE4,solar,26.3,15
2026-02-27T09:30:00+00:00,SE4,solar,28.616,15
2026-02-27T09:45:00+00:00,SE4,solar,30.909,15
2026-02-27T10:00:00+00:00,SE4,solar,43.192,15
2026-02-27T10:15:00+00:00,SE4,solar,46.129,15
2026-02-27T10:30:00+00:00,SE4,solar,48.689,15
2026-02-27T10:45:00+00:00,SE4,solar,50.914,15
2026-02-27T11:00:00+00:00,SE4,solar,63.829,15
2026-02-27T11:15:00+00:00,SE4,solar,65.686,15
2026-02-27T11:30:00+00:00,SE4,solar,66.982,15
2026-02-27T11:45:00+00:00,SE4,solar,67.832,15
2026-02-27T12:00:00+00:00,SE4,solar,68.079,15
2026-02-27T12:15:00+00:00,SE4,solar,71.439,15
2026-02-27T12:30:00+00:00,SE4,solar,70.516,15
2026-02-27T12:45:00+00:00,SE4,solar,68.005,15
2026-02-27T13:00:00+00:00,SE4,solar,54.514,15
2026-02-27T13:15:00+00:00,SE4,solar,53.11,15
2026-02-27T13:30:00+00:00,SE4,solar,50.625,15
2026-02-27T13:45:00+00:00,SE4,solar,46.726,15
2026-02-27T14:00:00+00:00,SE4,solar,28.699,15
2026-02-27T14:15:00+00:00,SE4,solar,24.902,15
2026-02-27T14:30:00+00:00,SE4,solar,22.032,15
2026-02-27T14:45:00+00:00,SE4,solar,18.85,15
2026-02-27T15:00:00+00:00,SE4,solar,7.046,15
2026-02-27T15:15:00+00:00,SE4,solar,5.889,15
2026-02-27T15:30:00+00:00,SE4,solar,5.058,15
2026-02-27T15:45:00+00:00,SE4,solar,4.328,15
2026-02-27T16:00:00+00:00,SE4,solar,1.877,15
2026-02-27T16:15:00+00:00,SE4,solar,1.534,15
2026-02-27T16:30:00+00:00,SE4,solar,1.388,15
2026-02-27T16:45:00+00:00,SE4,solar,1.222,15
2026-02-27T17:00:00+00:00,SE4,solar,0.642,15
2026-02-27T17:15:00+00:00,SE4,solar,0.635,15
2026-02-27T17:30:00+00:00,SE4,solar,0.628,15
2026-02-27T17:45:00+00:00,SE4,solar,0.62,15
2026-02-27T18:00:00+00:00,SE4,solar,0.368,15
2026-02-27T18:15:00+00:00,SE4,solar,0.365,15
2026-02-27T18:30:00+00:00,SE4,solar,0.36,15
2026-02-27T18:45:00+00:00,SE4,solar,0.356,15
2026-02-27T19:00:00+00:00,SE4,solar,0.338,15
2026-02-27T19:15:00+00:00,SE4,solar,0.336,15
2026-02-27T19:30:00+00:00,SE4,solar,0.335,15
2026-02-27T19:45:00+00:00,SE4,solar,0.336,15
2026-02-27T20:00:00+00:00,SE4,solar,0.236,15
2026-02-27T20:15:00+00:00,SE4,solar,0.237,15
2026-02-27T20:30:00+00:00,SE4,solar,0.234,15
2026-02-27T20:45:00+00:00,SE4,solar,0.233,15
2026-02-27T21:00:00+00:00,SE4,solar,0.241,15
2026-02-27T21:15:00+00:00,SE4,solar,0.242,15
2026-02-27T21:30:00+00:00,SE4,solar,0.24,15
2026-02-27T21:45:00+00:00,SE4,solar,0.238,15
2026-02-27T22:00:00+00:00,SE4,solar,0.239,15
2026-02-27T22:30:00+00:00,SE4,solar,0.238,15
2026-02-27T22:45:00+00:00,SE4,solar,0.237,15
2026-02-27T23:00:00+00:00,SE4,solar,0.188,15
2026-02-27T23:30:00+00:00,SE4,solar,0.184,15
2026-02-28T00:00:00+00:00,SE4,solar,0.185,15
2026-02-28T01:00:00+00:00,SE4,solar,0.18,15
2026-02-28T01:15:00+00:00,SE4,solar,0.179,15
2026-02-28T01:30:00+00:00,SE4,solar,0.178,15
2026-02-28T01:45:00+00:00,SE4,solar,0.181,15
2026-02-28T02:00:00+00:00,SE4,solar,0.18,15
2026-02-28T02:15:00+00:00,SE4,solar,0.179,15
2026-02-28T02:30:00+00:00,SE4,solar,0.18,15
2026-02-28T02:45:00+00:00,SE4,solar,0.181,15
2026-02-28T03:00:00+00:00,SE4,solar,0.635,15
2026-02-28T03:15:00+00:00,SE4,solar,0.636,15
2026-02-28T03:30:00+00:00,SE4,solar,0.637,15
2026-02-28T03:45:00+00:00,SE4,solar,0.638,15
2026-02-28T04:00:00+00:00,SE4,solar,0.59,15
2026-02-28T04:15:00+00:00,SE4,solar,0.589,15
2026-02-28T04:45:00+00:00,SE4,solar,0.588,15
2026-02-28T05:00:00+00:00,SE4,solar,0.591,15
2026-02-28T05:15:00+00:00,SE4,solar,0.59,15
2026-02-28T05:30:00+00:00,SE4,solar,0.591,15
2026-02-28T05:45:00+00:00,SE4,solar,0.598,15
2026-02-28T06:00:00+00:00,SE4,solar,0.822,15
2026-02-28T06:15:00+00:00,SE4,solar,1.036,15
2026-02-28T06:30:00+00:00,SE4,solar,1.355,15
2026-02-28T06:45:00+00:00,SE4,solar,1.753,15
2026-02-28T07:00:00+00:00,SE4,solar,3.299,15
2026-02-28T07:15:00+00:00,SE4,solar,3.908,15
2026-02-28T07:30:00+00:00,SE4,solar,4.624,15
2026-02-28T07:45:00+00:00,SE4,solar,5.416,15
2026-02-28T08:00:00+00:00,SE4,solar,8.027,15
2026-02-28T08:15:00+00:00,SE4,solar,8.562,15
2026-02-28T08:30:00+00:00,SE4,solar,9.525,15
2026-02-28T08:45:00+00:00,SE4,solar,10.457,15
2026-02-28T09:00:00+00:00,SE4,solar,14.259,15
2026-02-28T09:15:00+00:00,SE4,solar,15.282,15
2026-02-28T09:30:00+00:00,SE4,solar,16.303,15
2026-02-28T09:45:00+00:00,SE4,solar,17.17,15
2026-02-28T10:00:00+00:00,SE4,solar,20.404,15
2026-02-28T10:15:00+00:00,SE4,solar,21.377,15
2026-02-28T10:30:00+00:00,SE4,solar,22.135,15
2026-02-28T10:45:00+00:00,SE4,solar,22.356,15
2026-02-28T11:00:00+00:00,SE4,solar,22.957,15
2026-02-28T11:15:00+00:00,SE4,solar,23.049,15
2026-02-28T11:30:00+00:00,SE4,solar,22.835,15
2026-02-28T11:45:00+00:00,SE4,solar,22.395,15
2026-02-28T12:00:00+00:00,SE4,solar,25.554,15
2026-02-28T12:15:00+00:00,SE4,solar,25.271,15
2026-02-28T12:30:00+00:00,SE4,solar,24.674,15
2026-02-28T12:45:00+00:00,SE4,solar,23.955,15
2026-02-28T13:00:00+00:00,SE4,solar,17.303,15
2026-02-28T13:15:00+00:00,SE4,solar,16.096,15
2026-02-28T13:30:00+00:00,SE4,solar,15.228,15
2026-02-28T13:45:00+00:00,SE4,solar,14.371,15
2026-02-28T14:00:00+00:00,SE4,solar,11.795,15
2026-02-28T14:15:00+00:00,SE4,solar,11.027,15
2026-02-28T14:30:00+00:00,SE4,solar,10.058,15
2026-02-28T14:45:00+00:00,SE4,solar,9.269,15
2026-02-28T15:00:00+00:00,SE4,solar,6.315,15
2026-02-28T15:15:00+00:00,SE4,solar,5.606,15
2026-02-28T15:30:00+00:00,SE4,solar,4.814,15
2026-02-28T15:45:00+00:00,SE4,solar,4.281,15
2026-02-28T16:00:00+00:00,SE4,solar,1.581,15
2026-02-28T16:15:00+00:00,SE4,solar,0.95,15
2026-02-28T16:30:00+00:00,SE4,solar,0.716,15
2026-02-28T16:45:00+00:00,SE4,solar,0.572,15
2026-02-28T17:00:00+00:00,SE4,solar,0.501,15
2026-02-28T17:15:00+00:00,SE4,solar,0.492,15
2026-02-28T17:30:00+00:00,SE4,solar,0.487,15
2026-02-28T17:45:00+00:00,SE4,solar,0.485,15
2026-02-28T18:00:00+00:00,SE4,solar,0.662,15
2026-02-28T18:15:00+00:00,SE4,solar,0.66,15
2026-02-28T18:45:00+00:00,SE4,solar,0.659,15
2026-02-28T19:00:00+00:00,SE4,solar,0.535,15
2026-02-28T19:15:00+00:00,SE4,solar,0.537,15
2026-02-28T19:45:00+00:00,SE4,solar,0.536,15
2026-02-28T20:00:00+00:00,SE4,solar,0.211,15
2026-02-28T20:15:00+00:00,SE4,solar,0.212,15
2026-02-28T21:00:00+00:00,SE4,solar,0.217,15
2026-02-28T21:15:00+00:00,SE4,solar,0.22,15
2026-02-28T21:45:00+00:00,SE4,solar,0.217,15
2026-02-28T22:00:00+00:00,SE4,solar,0.215,15
2026-02-28T22:15:00+00:00,SE4,solar,0.216,15
2026-02-28T22:30:00+00:00,SE4,solar,0.215,15
2026-02-28T22:45:00+00:00,SE4,solar,0.218,15
2026-02-28T23:00:00+00:00,SE4,solar,0.216,15
2026-02-28T23:15:00+00:00,SE4,solar,0.232,15
2026-02-28T23:30:00+00:00,SE4,solar,0.212,15
2026-02-28T23:45:00+00:00,SE4,solar,0.232,15
2026-03-01T00:00:00+00:00,SE4,solar,0.212,15
2026-03-01T00:15:00+00:00,SE4,solar,0.222,15
2026-03-01T00:30:00+00:00,SE4,solar,0.212,15
2026-03-01T01:00:00+00:00,SE4,solar,0.202,15
2026-03-01T01:15:00+00:00,SE4,solar,0.222,15
2026-03-01T01:30:00+00:00,SE4,solar,0.202,15
2026-03-01T01:45:00+00:00,SE4,solar,0.212,15
2026-03-01T02:00:00+00:00,SE4,solar,0.201,15
2026-03-01T02:15:00+00:00,SE4,solar,0.225,15
2026-03-01T02:45:00+00:00,SE4,solar,0.241,15
2026-03-01T03:00:00+00:00,SE4,solar,0.242,15
2026-03-01T03:30:00+00:00,SE4,solar,0.222,15
2026-03-01T03:45:00+00:00,SE4,solar,0.242,15
2026-03-01T04:00:00+00:00,SE4,solar,0.272,15
2026-03-01T04:15:00+00:00,SE4,solar,0.292,15
2026-03-01T04:30:00+00:00,SE4,solar,0.262,15
2026-03-01T04:45:00+00:00,SE4,solar,0.232,15
2026-03-01T05:00:00+00:00,SE4,solar,0.271,15
2026-03-01T05:15:00+00:00,SE4,solar,0.326,15
2026-03-01T05:30:00+00:00,SE4,solar,0.34,15
2026-03-01T05:45:00+00:00,SE4,solar,0.602,15
2026-03-01T06:00:00+00:00,SE4,solar,0.912,15
2026-03-01T06:15:00+00:00,SE4,solar,1.893,15
2026-03-01T06:30:00+00:00,SE4,solar,3.311,15
2026-03-01T06:45:00+00:00,SE4,solar,7.175,15
2026-03-01T07:00:00+00:00,SE4,solar,12.256,15
2026-03-01T07:15:00+00:00,SE4,solar,15.743,15
2026-03-01T07:30:00+00:00,SE4,solar,19.207,15
2026-03-01T07:45:00+00:00,SE4,solar,23.703,15
2026-03-01T08:00:00+00:00,SE4,solar,43.785,15
2026-03-01T08:15:00+00:00,SE4,solar,50.491,15
2026-03-01T08:30:00+00:00,SE4,solar,59.848,15
2026-03-01T08:45:00+00:00,SE4,solar,70.239,15
2026-03-01T09:00:00+00:00,SE4,solar,98.343,15
2026-03-01T09:15:00+00:00,SE4,solar,110.978,15
2026-03-01T09:30:00+00:00,SE4,solar,124.162,15
2026-03-01T09:45:00+00:00,SE4,solar,136.323,15
2026-03-01T10:00:00+00:00,SE4,solar,163.767,15
2026-03-01T10:15:00+00:00,SE4,solar,173.65,15
2026-03-01T10:30:00+00:00,SE4,solar,183.258,15
2026-03-01T10:45:00+00:00,SE4,solar,191.308,15
2026-03-01T11:00:00+00:00,SE4,solar,202.604,15
2026-03-01T11:15:00+00:00,SE4,solar,209.404,15
2026-03-01T11:30:00+00:00,SE4,solar,214.404,15
2026-03-01T11:45:00+00:00,SE4,solar,216.677,15
2026-03-01T12:00:00+00:00,SE4,solar,212.195,15
2026-03-01T12:15:00+00:00,SE4,solar,208.719,15
2026-03-01T12:30:00+00:00,SE4,solar,205.529,15
2026-03-01T12:45:00+00:00,SE4,solar,199.486,15
2026-03-01T13:00:00+00:00,SE4,solar,181.268,15
2026-03-01T13:15:00+00:00,SE4,solar,171.633,15
2026-03-01T13:30:00+00:00,SE4,solar,160.322,15
2026-03-01T13:45:00+00:00,SE4,solar,147.634,15
2026-03-01T14:00:00+00:00,SE4,solar,113.771,15
2026-03-01T14:15:00+00:00,SE4,solar,101.21,15
2026-03-01T14:30:00+00:00,SE4,solar,86.481,15
2026-03-01T14:45:00+00:00,SE4,solar,72.458,15
2026-03-01T15:00:00+00:00,SE4,solar,46.089,15
2026-03-01T15:15:00+00:00,SE4,solar,35.712,15
2026-03-01T15:30:00+00:00,SE4,solar,26.466,15
2026-03-01T15:45:00+00:00,SE4,solar,20.53,15
2026-03-01T16:00:00+00:00,SE4,solar,8.746,15
2026-03-01T16:15:00+00:00,SE4,solar,6.329,15
2026-03-01T16:30:00+00:00,SE4,solar,4.663,15
2026-03-01T16:45:00+00:00,SE4,solar,3.94,15
2026-03-01T17:00:00+00:00,SE4,solar,1.691,15
2026-03-01T17:15:00+00:00,SE4,solar,0.564,15
2026-03-01T17:30:00+00:00,SE4,solar,0.458,15
2026-03-01T17:45:00+00:00,SE4,solar,0.371,15
2026-03-01T18:00:00+00:00,SE4,solar,0.472,15
2026-03-01T18:15:00+00:00,SE4,solar,0.404,15
2026-03-01T18:30:00+00:00,SE4,solar,0.343,15
2026-03-01T18:45:00+00:00,SE4,solar,0.322,15
2026-03-01T19:00:00+00:00,SE4,solar,0.782,15
2026-03-01T19:15:00+00:00,SE4,solar,0.401,15
2026-03-01T19:30:00+00:00,SE4,solar,0.361,15
2026-03-01T19:45:00+00:00,SE4,solar,0.33,15
2026-03-01T20:00:00+00:00,SE4,solar,0.376,15
2026-03-01T20:15:00+00:00,SE4,solar,0.306,15
2026-03-01T20:45:00+00:00,SE4,solar,0.266,15
2026-03-01T21:00:00+00:00,SE4,solar,0.257,15
2026-03-01T21:15:00+00:00,SE4,solar,0.267,15
2026-03-01T21:30:00+00:00,SE4,solar,0.347,15
2026-03-01T21:45:00+00:00,SE4,solar,0.267,15
2026-03-01T22:00:00+00:00,SE4,solar,0.276,15
2026-03-01T22:15:00+00:00,SE4,solar,0.27,15
2026-03-01T22:30:00+00:00,SE4,solar,0.32,15
2026-03-01T22:45:00+00:00,SE4,solar,0.28,15
2026-03-01T23:00:00+00:00,SE4,solar,0.176,15
2026-03-01T23:15:00+00:00,SE4,solar,0.175,15
2026-03-02T00:00:00+00:00,SE4,solar,0.176,15
2026-03-02T01:00:00+00:00,SE4,solar,0.177,15
2026-03-02T01:15:00+00:00,SE4,solar,0.176,15
2026-03-02T01:30:00+00:00,SE4,solar,0.177,15
2026-03-02T01:45:00+00:00,SE4,solar,0.178,15
2026-03-02T02:00:00+00:00,SE4,solar,0.184,15
2026-03-02T02:15:00+00:00,SE4,solar,0.186,15
2026-03-02T02:45:00+00:00,SE4,solar,0.185,15
2026-03-02T03:00:00+00:00,SE4,solar,0.335,15
2026-03-02T03:15:00+00:00,SE4,solar,0.333,15
2026-03-02T03:30:00+00:00,SE4,solar,0.332,15
2026-03-02T03:45:00+00:00,SE4,solar,0.33,15
2026-03-02T04:00:00+00:00,SE4,solar,0.32,15
2026-03-02T04:15:00+00:00,SE4,solar,0.315,15
2026-03-02T04:30:00+00:00,SE4,solar,0.314,15
2026-03-02T04:45:00+00:00,SE4,solar,0.316,15
2026-03-02T05:00:00+00:00,SE4,solar,0.339,15
2026-03-02T05:15:00+00:00,SE4,solar,0.347,15
2026-03-02T05:30:00+00:00,SE4,solar,0.361,15
2026-03-02T05:45:00+00:00,SE4,solar,0.396,15
2026-03-02T06:00:00+00:00,SE4,solar,1.147,15
2026-03-02T06:15:00+00:00,SE4,solar,1.512,15
2026-03-02T06:30:00+00:00,SE4,solar,1.967,15
2026-03-02T06:45:00+00:00,SE4,solar,2.509,15
2026-03-02T07:00:00+00:00,SE4,solar,6.941,15
2026-03-02T07:15:00+00:00,SE4,solar,8.158,15
2026-03-02T07:30:00+00:00,SE4,solar,9.261,15
2026-03-02T07:45:00+00:00,SE4,solar,11.067,15
2026-03-02T08:00:00+00:00,SE4,solar,17.631,15
2026-03-02T08:15:00+00:00,SE4,solar,19.459,15
2026-03-02T08:30:00+00:00,SE4,solar,21.21,15
2026-03-02T08:45:00+00:00,SE4,solar,23.026,15
2026-03-02T09:00:00+00:00,SE4,solar,29.148,15
2026-03-02T09:15:00+00:00,SE4,solar,30.798,15
2026-03-02T09:30:00+00:00,SE4,solar,32.611,15
2026-03-02T09:45:00+00:00,SE4,solar,34.066,15
2026-03-02T10:00:00+00:00,SE4,solar,41.221,15
2026-03-02T10:15:00+00:00,SE4,solar,42.27,15
2026-03-02T10:30:00+00:00,SE4,solar,43.007,15
2026-03-02T10:45:00+00:00,SE4,solar,43.634,15
2026-03-02T11:00:00+00:00,SE4,solar,45.192,15
2026-03-02T11:15:00+00:00,SE4,solar,45.458,15
2026-03-02T11:30:00+00:00,SE4,solar,47.867,15
2026-03-02T11:45:00+00:00,SE4,solar,48.169,15
2026-03-02T12:00:00+00:00,SE4,solar,47.633,15
2026-03-02T12:15:00+00:00,SE4,solar,48.069,15
2026-03-02T12:30:00+00:00,SE4,solar,47.692,15
2026-03-02T12:45:00+00:00,SE4,solar,47.126,15
2026-03-02T13:00:00+00:00,SE4,solar,41.975,15
2026-03-02T13:15:00+00:00,SE4,solar,40.945,15
2026-03-02T13:30:00+00:00,SE4,solar,38.427,15
2026-03-02T13:45:00+00:00,SE4,solar,35.554,15
2026-03-02T14:00:00+00:00,SE4,solar,26.357,15
2026-03-02T14:15:00+00:00,SE4,solar,23.24,15
2026-03-02T14:30:00+00:00,SE4,solar,19.963,15
2026-03-02T14:45:00+00:00,SE4,solar,17.669,15
2026-03-02T15:00:00+00:00,SE4,solar,11.19,15
2026-03-02T15:15:00+00:00,SE4,solar,9.355,15
2026-03-02T15:30:00+00:00,SE4,solar,7.756,15
2026-03-02T15:45:00+00:00,SE4,solar,6.525,15
2026-03-02T16:00:00+00:00,SE4,solar,2.719,15
2026-03-02T16:15:00+00:00,SE4,solar,2.034,15
2026-03-02T16:30:00+00:00,SE4,solar,1.514,15
2026-03-02T16:45:00+00:00,SE4,solar,1.146,15
2026-03-02T17:00:00+00:00,SE4,solar,0.557,15
2026-03-02T17:15:00+00:00,SE4,solar,0.542,15
2026-03-02T17:30:00+00:00,SE4,solar,0.532,15
2026-03-02T17:45:00+00:00,SE4,solar,0.521,15
2026-03-02T18:00:00+00:00,SE4,solar,0.357,15
2026-03-02T18:15:00+00:00,SE4,solar,0.358,15
2026-03-02T18:30:00+00:00,SE4,solar,0.354,15
2026-03-02T18:45:00+00:00,SE4,solar,0.35,15
2026-03-02T19:00:00+00:00,SE4,solar,0.294,15
2026-03-02T19:15:00+00:00,SE4,solar,0.292,15
2026-03-02T20:00:00+00:00,SE4,solar,0.194,15
2026-03-02T20:15:00+00:00,SE4,solar,0.195,15
2026-03-02T20:30:00+00:00,SE4,solar,0.191,15
2026-03-02T21:30:00+00:00,SE4,solar,0.192,15
2026-03-02T22:00:00+00:00,SE4,solar,0.193,15
2026-03-02T22:30:00+00:00,SE4,solar,0.192,15
2026-03-02T22:45:00+00:00,SE4,solar,0.189,15
2026-03-02T23:00:00+00:00,SE4,solar,0.029,15
2026-03-02T23:30:00+00:00,SE4,solar,0.589,15
2026-03-02T23:45:00+00:00,SE4,solar,0.479,15
2026-03-03T00:00:00+00:00,SE4,solar,0.377,15
2026-03-03T00:15:00+00:00,SE4,solar,0.347,15
2026-03-03T00:30:00+00:00,SE4,solar,0.337,15
2026-03-03T00:45:00+00:00,SE4,solar,0.327,15
2026-03-03T01:30:00+00:00,SE4,solar,0.317,15
2026-03-03T01:45:00+00:00,SE4,solar,0.307,15
2026-03-03T02:00:00+00:00,SE4,solar,0.297,15
2026-03-03T02:30:00+00:00,SE4,solar,0.287,15
2026-03-03T03:00:00+00:00,SE4,solar,0.528,15
2026-03-03T03:15:00+00:00,SE4,solar,0.518,15
2026-03-03T03:45:00+00:00,SE4,solar,0.528,15
2026-03-03T04:00:00+00:00,SE4,solar,0.539,15
2026-03-03T04:15:00+00:00,SE4,solar,0.559,15
2026-03-03T04:30:00+00:00,SE4,solar,0.589,15
2026-03-03T04:45:00+00:00,SE4,solar,0.629,15
2026-03-03T05:00:00+00:00,SE4,solar,0.725,15
2026-03-03T05:15:00+00:00,SE4,solar,0.835,15
2026-03-03T05:30:00+00:00,SE4,solar,1.062,15
2026-03-03T05:45:00+00:00,SE4,solar,1.691,15
2026-03-03T06:00:00+00:00,SE4,solar,5.094,15
2026-03-03T06:15:00+00:00,SE4,solar,8.731,15
2026-03-03T06:30:00+00:00,SE4,solar,14.361,15
2026-03-03T06:45:00+00:00,SE4,solar,22.4,15
2026-03-03T07:00:00+00:00,SE4,solar,46.113,15
2026-03-03T07:15:00+00:00,SE4,solar,59.066,15
2026-03-03T07:30:00+00:00,SE4,solar,74.194,15
2026-03-03T07:45:00+00:00,SE4,solar,91.154,15
2026-03-03T08:00:00+00:00,SE4,solar,134.672,15
2026-03-03T08:15:00+00:00,SE4,solar,152.55,15
2026-03-03T08:30:00+00:00,SE4,solar,170.631,15
2026-03-03T08:45:00+00:00,SE4,solar,187.35,15
2026-03-03T09:00:00+00:00,SE4,solar,231.465,15
2026-03-03T09:15:00+00:00,SE4,solar,246.531,15
2026-03-03T09:30:00+00:00,SE4,solar,265.873,15
2026-03-03T09:45:00+00:00,SE4,solar,279.348,15
2026-03-03T10:00:00+00:00,SE4,solar,311.271,15
2026-03-03T10:15:00+00:00,SE4,solar,321.143,15
2026-03-03T10:30:00+00:00,SE4,solar,328.056,15
2026-03-03T10:45:00+00:00,SE4,solar,333.37,15
2026-03-03T11:00:00+00:00,SE4,solar,342.255,15
2026-03-03T11:15:00+00:00,SE4,solar,343.965,15
2026-03-03T11:30:00+00:00,SE4,solar,343.823,15
2026-03-03T11:45:00+00:00,SE4,solar,342.315,15
2026-03-03T12:00:00+00:00,SE4,solar,324.83,15
2026-03-03T12:15:00+00:00,SE4,solar,317.716,15
2026-03-03T12:30:00+00:00,SE4,solar,309.253,15
2026-03-03T12:45:00+00:00,SE4,solar,299.134,15
2026-03-03T13:00:00+00:00,SE4,solar,263.864,15
2026-03-03T13:15:00+00:00,SE4,solar,251.481,15
2026-03-03T13:30:00+00:00,SE4,solar,234.978,15
2026-03-03T13:45:00+00:00,SE4,solar,217.62,15
2026-03-03T14:00:00+00:00,SE4,solar,169.046,15
2026-03-03T14:15:00+00:00,SE4,solar,149.754,15
2026-03-03T14:30:00+00:00,SE4,solar,130.402,15
2026-03-03T14:45:00+00:00,SE4,solar,112.025,15
2026-03-03T15:00:00+00:00,SE4,solar,75.271,15
2026-03-03T15:15:00+00:00,SE4,solar,58.338,15
2026-03-03T15:30:00+00:00,SE4,solar,43.582,15
2026-03-03T15:45:00+00:00,SE4,solar,31.356,15
2026-03-03T16:00:00+00:00,SE4,solar,13.69,15
2026-03-03T16:15:00+00:00,SE4,solar,8.365,15
2026-03-03T16:30:00+00:00,SE4,solar,5.504,15
2026-03-03T16:45:00+00:00,SE4,solar,4.014,15
2026-03-03T17:00:00+00:00,SE4,solar,1.572,15
2026-03-03T17:15:00+00:00,SE4,solar,1.564,15
2026-03-03T17:30:00+00:00,SE4,solar,1.503,15
2026-03-03T17:45:00+00:00,SE4,solar,1.403,15
2026-03-03T18:00:00+00:00,SE4,solar,1.005,15
2026-03-03T18:15:00+00:00,SE4,solar,0.902,15
2026-03-03T18:30:00+00:00,SE4,solar,0.801,15
2026-03-03T18:45:00+00:00,SE4,solar,0.784,15
2026-03-03T19:00:00+00:00,SE4,solar,0.729,15
2026-03-03T19:15:00+00:00,SE4,solar,0.72,15
2026-03-03T19:30:00+00:00,SE4,solar,0.703,15
2026-03-03T19:45:00+00:00,SE4,solar,0.685,15
2026-03-03T20:00:00+00:00,SE4,solar,0.479,15
2026-03-03T20:15:00+00:00,SE4,solar,0.449,15
2026-03-03T20:30:00+00:00,SE4,solar,0.046,15
2026-03-03T20:45:00+00:00,SE4,solar,0.416,15
2026-03-03T21:00:00+00:00,SE4,solar,0.411,15
2026-03-03T21:15:00+00:00,SE4,solar,0.42,15
2026-03-03T21:30:00+00:00,SE4,solar,0.429,15
2026-03-03T22:00:00+00:00,SE4,solar,0.449,15
2026-03-03T22:15:00+00:00,SE4,solar,0.459,15
2026-03-03T22:30:00+00:00,SE4,solar,0.054,15
2026-03-03T23:30:00+00:00,SE4,solar,0.614,15
2026-03-03T23:45:00+00:00,SE4,solar,0.504,15
2026-03-04T00:00:00+00:00,SE4,solar,0.404,15
2026-03-04T00:15:00+00:00,SE4,solar,0.374,15
2026-03-04T00:30:00+00:00,SE4,solar,0.365,15
2026-03-04T00:45:00+00:00,SE4,solar,0.356,15
2026-03-04T01:00:00+00:00,SE4,solar,0.36,15
2026-03-04T01:15:00+00:00,SE4,solar,0.361,15
2026-03-04T01:30:00+00:00,SE4,solar,0.351,15
2026-03-04T01:45:00+00:00,SE4,solar,0.34,15
2026-03-04T02:00:00+00:00,SE4,solar,0.329,15
2026-03-04T02:15:00+00:00,SE4,solar,0.328,15
2026-03-04T02:30:00+00:00,SE4,solar,0.318,15
2026-03-04T02:45:00+00:00,SE4,solar,0.317,15
2026-03-04T03:00:00+00:00,SE4,solar,0.304,15
2026-03-04T03:15:00+00:00,SE4,solar,0.293,15
2026-03-04T03:45:00+00:00,SE4,solar,0.304,15
2026-03-04T04:00:00+00:00,SE4,solar,0.314,15
2026-03-04T04:15:00+00:00,SE4,solar,0.334,15
2026-03-04T04:30:00+00:00,SE4,solar,0.364,15
2026-03-04T04:45:00+00:00,SE4,solar,0.404,15
2026-03-04T05:00:00+00:00,SE4,solar,0.446,15
2026-03-04T05:15:00+00:00,SE4,solar,0.578,15
2026-03-04T05:30:00+00:00,SE4,solar,0.827,15
2026-03-04T05:45:00+00:00,SE4,solar,1.483,15
2026-03-04T06:00:00+00:00,SE4,solar,4.575,15
2026-03-04T06:15:00+00:00,SE4,solar,8.415,15
2026-03-04T06:30:00+00:00,SE4,solar,14.252,15
2026-03-04T06:45:00+00:00,SE4,solar,22.596,15
2026-03-04T07:00:00+00:00,SE4,solar,46.749,15
2026-03-04T07:15:00+00:00,SE4,solar,59.727,15
2026-03-04T07:30:00+00:00,SE4,solar,75.053,15
2026-03-04T07:45:00+00:00,SE4,solar,91.05,15
2026-03-04T08:00:00+00:00,SE4,solar,130.143,15
2026-03-04T08:15:00+00:00,SE4,solar,149.162,15
2026-03-04T08:30:00+00:00,SE4,solar,167.492,15
2026-03-04T08:45:00+00:00,SE4,solar,185.218,15
2026-03-04T09:00:00+00:00,SE4,solar,220.419,15
2026-03-04T09:15:00+00:00,SE4,solar,236.144,15
2026-03-04T09:30:00+00:00,SE4,solar,256.103,15
2026-03-04T09:45:00+00:00,SE4,solar,258.321,15
2026-03-04T10:00:00+00:00,SE4,solar,278.554,15
2026-03-04T10:15:00+00:00,SE4,solar,288.514,15
2026-03-04T10:30:00+00:00,SE4,solar,299.292,15
2026-03-04T10:45:00+00:00,SE4,solar,306.129,15
2026-03-04T11:00:00+00:00,SE4,solar,319.046,15
2026-03-04T11:15:00+00:00,SE4,solar,318.824,15
2026-03-04T11:30:00+00:00,SE4,solar,319.501,15
2026-03-04T11:45:00+00:00,SE4,solar,315.668,15
2026-03-04T12:00:00+00:00,SE4,solar,307.99,15
2026-03-04T12:15:00+00:00,SE4,solar,303.992,15
2026-03-04T12:30:00+00:00,SE4,solar,297.015,15
2026-03-04T12:45:00+00:00,SE4,solar,286.142,15
2026-03-04T13:00:00+00:00,SE4,solar,259.822,15
2026-03-04T13:15:00+00:00,SE4,solar,248.582,15
2026-03-04T13:30:00+00:00,SE4,solar,230.523,15
2026-03-04T13:45:00+00:00,SE4,solar,214.116,15
2026-03-04T14:00:00+00:00,SE4,solar,175.936,15
2026-03-04T14:15:00+00:00,SE4,solar,157.887,15
2026-03-04T14:30:00+00:00,SE4,solar,135.358,15
2026-03-04T14:45:00+00:00,SE4,solar,115.375,15
2026-03-04T15:00:00+00:00,SE4,solar,77.828,15
2026-03-04T15:15:00+00:00,SE4,solar,59.321,15
2026-03-04T15:30:00+00:00,SE4,solar,43.202,15
2026-03-04T15:45:00+00:00,SE4,solar,31.945,15
2026-03-04T16:00:00+00:00,SE4,solar,12.604,15
2026-03-04T16:15:00+00:00,SE4,solar,7.874,15
2026-03-04T16:30:00+00:00,SE4,solar,5.423,15
2026-03-04T16:45:00+00:00,SE4,solar,4.065,15
2026-03-04T17:00:00+00:00,SE4,solar,0.882,15
2026-03-04T17:15:00+00:00,SE4,solar,0.881,15
2026-03-04T17:30:00+00:00,SE4,solar,0.863,15
2026-03-04T17:45:00+00:00,SE4,solar,0.808,15
2026-03-04T18:00:00+00:00,SE4,solar,0.748,15
2026-03-04T18:15:00+00:00,SE4,solar,0.664,15
2026-03-04T18:30:00+00:00,SE4,solar,0.72,15
2026-03-04T18:45:00+00:00,SE4,solar,0.747,15
2026-03-04T19:00:00+00:00,SE4,solar,0.527,15
2026-03-04T19:15:00+00:00,SE4,solar,0.516,15
2026-03-04T19:30:00+00:00,SE4,solar,0.496,15
2026-03-04T19:45:00+00:00,SE4,solar,0.477,15
2026-03-04T20:00:00+00:00,SE4,solar,0.467,15
2026-03-04T20:15:00+00:00,SE4,solar,0.44,15
2026-03-04T20:30:00+00:00,SE4,solar,0.035,15
2026-03-04T20:45:00+00:00,SE4,solar,0.399,15
2026-03-04T21:00:00+00:00,SE4,solar,0.39,15
2026-03-04T21:15:00+00:00,SE4,solar,0.399,15
2026-03-04T21:30:00+00:00,SE4,solar,0.408,15
2026-03-04T21:45:00+00:00,SE4,solar,0.407,15
2026-03-04T22:00:00+00:00,SE4,solar,0.426,15
2026-03-04T22:15:00+00:00,SE4,solar,0.434,15
2026-03-04T22:30:00+00:00,SE4,solar,0.029,15
2026-03-04T22:45:00+00:00,SE4,solar,0.03,15
2026-03-04T23:00:00+00:00,SE4,solar,0.034,15
2026-03-04T23:30:00+00:00,SE4,solar,0.51,15
2026-03-04T23:45:00+00:00,SE4,solar,0.417,15
2026-03-05T00:00:00+00:00,SE4,solar,0.332,15
2026-03-05T00:15:00+00:00,SE4,solar,0.306,15
2026-03-05T00:30:00+00:00,SE4,solar,0.298,15
2026-03-05T00:45:00+00:00,SE4,solar,0.289,15
2026-03-05T01:00:00+00:00,SE4,solar,0.29,15
2026-03-05T01:30:00+00:00,SE4,solar,0.282,15
2026-03-05T01:45:00+00:00,SE4,solar,0.273,15
2026-03-05T02:00:00+00:00,SE4,solar,0.266,15
2026-03-05T02:30:00+00:00,SE4,solar,0.257,15
2026-03-05T03:00:00+00:00,SE4,solar,0.399,15
2026-03-05T03:15:00+00:00,SE4,solar,0.39,15
2026-03-05T03:45:00+00:00,SE4,solar,0.399,15
2026-03-05T04:00:00+00:00,SE4,solar,0.408,15
2026-03-05T04:15:00+00:00,SE4,solar,0.425,15
2026-03-05T04:30:00+00:00,SE4,solar,0.451,15
2026-03-05T04:45:00+00:00,SE4,solar,0.485,15
2026-03-05T05:00:00+00:00,SE4,solar,0.576,15
2026-03-05T05:15:00+00:00,SE4,solar,0.707,15
2026-03-05T05:30:00+00:00,SE4,solar,0.961,15
2026-03-05T05:45:00+00:00,SE4,solar,1.647,15
2026-03-05T06:00:00+00:00,SE4,solar,8.245,15
2026-03-05T06:15:00+00:00,SE4,solar,12.263,15
2026-03-05T06:30:00+00:00,SE4,solar,18.159,15
2026-03-05T06:45:00+00:00,SE4,solar,26.272,15
2026-03-05T07:00:00+00:00,SE4,solar,52.712,15
2026-03-05T07:15:00+00:00,SE4,solar,66.646,15
2026-03-05T07:30:00+00:00,SE4,solar,83.013,15
2026-03-05T07:45:00+00:00,SE4,solar,100.307,15
2026-03-05T08:00:00+00:00,SE4,solar,145.558,15
2026-03-05T08:15:00+00:00,SE4,solar,165.113,15
2026-03-05T08:30:00+00:00,SE4,solar,192.135,15
2026-03-05T08:45:00+00:00,SE4,solar,211.89,15
2026-03-05T09:00:00+00:00,SE4,solar,261.722,15
2026-03-05T09:15:00+00:00,SE4,solar,279.815,15
2026-03-05T09:30:00+00:00,SE4,solar,295.075,15
2026-03-05T09:45:00+00:00,SE4,solar,309.14,15
2026-03-05T10:00:00+00:00,SE4,solar,344.799,15
2026-03-05T10:15:00+00:00,SE4,solar,354.733,15
2026-03-05T10:30:00+00:00,SE4,solar,362.479,15
2026-03-05T10:45:00+00:00,SE4,solar,368.402,15
2026-03-05T11:00:00+00:00,SE4,solar,379.74,15
2026-03-05T11:15:00+00:00,SE4,solar,382.047,15
2026-03-05T11:30:00+00:00,SE4,solar,381.91,15
2026-03-05T11:45:00+00:00,SE4,solar,379.588,15
2026-03-05T12:00:00+00:00,SE4,solar,370.95,15
2026-03-05T12:15:00+00:00,SE4,solar,365.645,15
2026-03-05T12:30:00+00:00,SE4,solar,358.036,15
2026-03-05T12:45:00+00:00,SE4,solar,348.04,15
2026-03-05T13:00:00+00:00,SE4,solar,315.742,15
2026-03-05T13:15:00+00:00,SE4,solar,301.112,15
2026-03-05T13:30:00+00:00,SE4,solar,283.693,15
2026-03-05T13:45:00+00:00,SE4,solar,264.521,15
2026-03-05T14:00:00+00:00,SE4,solar,209.161,15
2026-03-05T14:15:00+00:00,SE4,solar,188.492,15
2026-03-05T14:30:00+00:00,SE4,solar,166.025,15
2026-03-05T14:45:00+00:00,SE4,solar,144.297,15
2026-03-05T15:00:00+00:00,SE4,solar,93.17,15
2026-03-05T15:15:00+00:00,SE4,solar,74.162,15
2026-03-05T15:30:00+00:00,SE4,solar,56.628,15
2026-03-05T15:45:00+00:00,SE4,solar,41.56,15
2026-03-05T16:00:00+00:00,SE4,solar,17.521,15
2026-03-05T16:15:00+00:00,SE4,solar,10.893,15
2026-03-05T16:30:00+00:00,SE4,solar,7.107,15
2026-03-05T16:45:00+00:00,SE4,solar,5.13,15
2026-03-05T17:00:00+00:00,SE4,solar,1.981,15
2026-03-05T17:15:00+00:00,SE4,solar,1.96,15
2026-03-05T17:30:00+00:00,SE4,solar,1.885,15
2026-03-05T17:45:00+00:00,SE4,solar,1.76,15
2026-03-05T18:00:00+00:00,SE4,solar,0.948,15
2026-03-05T18:15:00+00:00,SE4,solar,0.824,15
2026-03-05T18:30:00+00:00,SE4,solar,0.667,15
2026-03-05T18:45:00+00:00,SE4,solar,0.645,15
2026-03-05T19:00:00+00:00,SE4,solar,0.591,15
2026-03-05T19:15:00+00:00,SE4,solar,0.581,15
2026-03-05T19:30:00+00:00,SE4,solar,0.562,15
2026-03-05T19:45:00+00:00,SE4,solar,0.544,15
2026-03-05T20:00:00+00:00,SE4,solar,0.436,15
2026-03-05T20:15:00+00:00,SE4,solar,0.41,15
2026-03-05T20:30:00+00:00,SE4,solar,0.385,15
2026-03-05T20:45:00+00:00,SE4,solar,0.376,15
2026-03-05T21:00:00+00:00,SE4,solar,0.364,15
2026-03-05T21:15:00+00:00,SE4,solar,0.372,15
2026-03-05T21:30:00+00:00,SE4,solar,0.381,15
2026-03-05T22:00:00+00:00,SE4,solar,0.398,15
2026-03-05T22:15:00+00:00,SE4,solar,0.405,15
2026-03-05T22:30:00+00:00,SE4,solar,0.031,15
2026-03-05T23:15:00+00:00,SE4,solar,0.03,15
2026-03-05T23:30:00+00:00,SE4,solar,0.59,15
2026-03-05T23:45:00+00:00,SE4,solar,0.48,15
2026-03-06T00:00:00+00:00,SE4,solar,0.38,15
2026-03-06T00:15:00+00:00,SE4,solar,0.35,15
2026-03-06T00:30:00+00:00,SE4,solar,0.34,15
2026-03-06T00:45:00+00:00,SE4,solar,0.33,15
2026-03-06T01:30:00+00:00,SE4,solar,0.32,15
2026-03-06T01:45:00+00:00,SE4,solar,0.31,15
2026-03-06T02:00:00+00:00,SE4,solar,0.3,15
2026-03-06T02:30:00+00:00,SE4,solar,0.29,15
2026-03-06T02:45:00+00:00,SE4,solar,0.294,15
2026-03-06T03:00:00+00:00,SE4,solar,0.285,15
2026-03-06T03:15:00+00:00,SE4,solar,0.275,15
2026-03-06T03:45:00+00:00,SE4,solar,0.285,15
2026-03-06T04:00:00+00:00,SE4,solar,0.294,15
2026-03-06T04:15:00+00:00,SE4,solar,0.314,15
2026-03-06T04:30:00+00:00,SE4,solar,0.344,15
2026-03-06T04:45:00+00:00,SE4,solar,0.384,15
2026-03-06T05:00:00+00:00,SE4,solar,0.437,15
2026-03-06T05:15:00+00:00,SE4,solar,0.596,15
2026-03-06T05:30:00+00:00,SE4,solar,0.901,15
2026-03-06T05:45:00+00:00,SE4,solar,1.773,15
2026-03-06T06:00:00+00:00,SE4,solar,7.821,15
2026-03-06T06:15:00+00:00,SE4,solar,12.482,15
2026-03-06T06:30:00+00:00,SE4,solar,19.283,15
2026-03-06T06:45:00+00:00,SE4,solar,27.99,15
2026-03-06T07:00:00+00:00,SE4,solar,58.035,15
2026-03-06T07:15:00+00:00,SE4,solar,74.042,15
2026-03-06T07:30:00+00:00,SE4,solar,92.471,15
2026-03-06T07:45:00+00:00,SE4,solar,112.504,15
2026-03-06T08:00:00+00:00,SE4,solar,162.965,15
2026-03-06T08:15:00+00:00,SE4,solar,185.165,15
2026-03-06T08:30:00+00:00,SE4,solar,207.264,15
2026-03-06T08:45:00+00:00,SE4,solar,229.435,15
2026-03-06T09:00:00+00:00,SE4,solar,272.292,15
2026-03-06T09:15:00+00:00,SE4,solar,290.84,15
2026-03-06T09:30:00+00:00,SE4,solar,307.566,15
2026-03-06T09:45:00+00:00,SE4,solar,323.013,15
2026-03-06T10:00:00+00:00,SE4,solar,355.854,15
2026-03-06T10:15:00+00:00,SE4,solar,366.519,15
2026-03-06T10:30:00+00:00,SE4,solar,374.085,15
2026-03-06T10:45:00+00:00,SE4,solar,380.02,15
2026-03-06T11:00:00+00:00,SE4,solar,380.267,15
2026-03-06T11:15:00+00:00,SE4,solar,382.347,15
2026-03-06T11:30:00+00:00,SE4,solar,382.181,15
2026-03-06T11:45:00+00:00,SE4,solar,379.518,15
2026-03-06T12:00:00+00:00,SE4,solar,370.449,15
2026-03-06T12:15:00+00:00,SE4,solar,363.735,15
2026-03-06T12:30:00+00:00,SE4,solar,354.833,15
2026-03-06T12:45:00+00:00,SE4,solar,343.867,15
2026-03-06T13:00:00+00:00,SE4,solar,314.826,15
2026-03-06T13:15:00+00:00,SE4,solar,299.89,15
2026-03-06T13:30:00+00:00,SE4,solar,282.664,15
2026-03-06T13:45:00+00:00,SE4,solar,263.793,15
2026-03-06T14:00:00+00:00,SE4,solar,217.751,15
2026-03-06T14:15:00+00:00,SE4,solar,196.394,15
2026-03-06T14:30:00+00:00,SE4,solar,178.237,15
2026-03-06T14:45:00+00:00,SE4,solar,154.835,15
2026-03-06T15:00:00+00:00,SE4,solar,101.53,15
2026-03-06T15:15:00+00:00,SE4,solar,81.58,15
2026-03-06T15:30:00+00:00,SE4,solar,63.346,15
2026-03-06T15:45:00+00:00,SE4,solar,48.367,15
2026-03-06T16:00:00+00:00,SE4,solar,21.863,15
2026-03-06T16:15:00+00:00,SE4,solar,14.25,15
2026-03-06T16:30:00+00:00,SE4,solar,9.134,15
2026-03-06T16:45:00+00:00,SE4,solar,6.032,15
2026-03-06T17:00:00+00:00,SE4,solar,1.658,15
2026-03-06T17:15:00+00:00,SE4,solar,1.209,15
2026-03-06T17:30:00+00:00,SE4,solar,1.006,15
2026-03-06T17:45:00+00:00,SE4,solar,0.882,15
2026-03-06T18:00:00+00:00,SE4,solar,0.8,15
2026-03-06T18:15:00+00:00,SE4,solar,0.688,15
2026-03-06T18:30:00+00:00,SE4,solar,0.605,15
2026-03-06T18:45:00+00:00,SE4,solar,0.576,15
2026-03-06T19:00:00+00:00,SE4,solar,0.566,15
2026-03-06T19:15:00+00:00,SE4,solar,0.554,15
2026-03-06T19:30:00+00:00,SE4,solar,0.533,15
2026-03-06T19:45:00+00:00,SE4,solar,0.511,15
2026-03-06T20:00:00+00:00,SE4,solar,0.501,15
2026-03-06T20:15:00+00:00,SE4,solar,0.475,15
2026-03-06T20:30:00+00:00,SE4,solar,0.445,15
2026-03-06T20:45:00+00:00,SE4,solar,0.431,15
2026-03-06T21:00:00+00:00,SE4,solar,0.421,15
2026-03-06T21:15:00+00:00,SE4,solar,0.431,15
2026-03-06T21:30:00+00:00,SE4,solar,0.441,15
2026-03-06T22:00:00+00:00,SE4,solar,0.461,15
2026-03-06T22:15:00+00:00,SE4,solar,0.471,15
2026-03-06T22:30:00+00:00,SE4,solar,0.031,15
2026-03-06T22:45:00+00:00,SE4,solar,0.032,15
2026-03-06T23:00:00+00:00,SE4,solar,0.292,15
2026-03-06T23:15:00+00:00,SE4,solar,0.295,15
2026-03-06T23:30:00+00:00,SE4,solar,0.299,15
2026-03-06T23:45:00+00:00,SE4,solar,0.302,15
2026-03-07T00:30:00+00:00,SE4,solar,0.3,15
2026-03-07T00:45:00+00:00,SE4,solar,0.302,15
2026-03-07T01:30:00+00:00,SE4,solar,0.303,15
2026-03-07T02:00:00+00:00,SE4,solar,0.302,15
2026-03-07T02:15:00+00:00,SE4,solar,0.301,15
2026-03-07T02:45:00+00:00,SE4,solar,0.303,15
2026-03-07T03:00:00+00:00,SE4,solar,0.769,15
2026-03-07T03:15:00+00:00,SE4,solar,0.771,15
2026-03-07T03:30:00+00:00,SE4,solar,0.776,15
2026-03-07T03:45:00+00:00,SE4,solar,0.78,15
2026-03-07T04:00:00+00:00,SE4,solar,0.803,15
2026-03-07T04:15:00+00:00,SE4,solar,0.804,15
2026-03-07T04:30:00+00:00,SE4,solar,0.805,15
2026-03-07T04:45:00+00:00,SE4,solar,0.807,15
2026-03-07T05:00:00+00:00,SE4,solar,0.873,15
2026-03-07T05:15:00+00:00,SE4,solar,1.078,15
2026-03-07T05:30:00+00:00,SE4,solar,1.352,15
2026-03-07T05:45:00+00:00,SE4,solar,1.908,15
2026-03-07T06:00:00+00:00,SE4,solar,7.145,15
2026-03-07T06:15:00+00:00,SE4,solar,9.553,15
2026-03-07T06:30:00+00:00,SE4,solar,12.373,15
2026-03-07T06:45:00+00:00,SE4,solar,15.412,15
2026-03-07T07:00:00+00:00,SE4,solar,37.533,15
2026-03-07T07:15:00+00:00,SE4,solar,44.174,15
2026-03-07T07:30:00+00:00,SE4,solar,50.921,15
2026-03-07T07:45:00+00:00,SE4,solar,57.137,15
2026-03-07T08:00:00+00:00,SE4,solar,89.306,15
2026-03-07T08:15:00+00:00,SE4,solar,96.293,15
2026-03-07T08:30:00+00:00,SE4,solar,105.69,15
2026-03-07T08:45:00+00:00,SE4,solar,114.566,15
2026-03-07T09:00:00+00:00,SE4,solar,143.125,15
2026-03-07T09:15:00+00:00,SE4,solar,150.274,15
2026-03-07T09:30:00+00:00,SE4,solar,158.525,15
2026-03-07T09:45:00+00:00,SE4,solar,163.641,15
2026-03-07T10:00:00+00:00,SE4,solar,175.963,15
2026-03-07T10:15:00+00:00,SE4,solar,179.566,15
2026-03-07T10:30:00+00:00,SE4,solar,180.784,15
2026-03-07T10:45:00+00:00,SE4,solar,179.732,15
2026-03-07T11:00:00+00:00,SE4,solar,182.627,15
2026-03-07T11:15:00+00:00,SE4,solar,180.016,15
2026-03-07T11:30:00+00:00,SE4,solar,175.708,15
2026-03-07T11:45:00+00:00,SE4,solar,171.625,15
2026-03-07T12:00:00+00:00,SE4,solar,155.236,15
2026-03-07T12:15:00+00:00,SE4,solar,150.248,15
2026-03-07T12:30:00+00:00,SE4,solar,144.739,15
2026-03-07T12:45:00+00:00,SE4,solar,139.76,15
2026-03-07T13:00:00+00:00,SE4,solar,124.996,15
2026-03-07T13:15:00+00:00,SE4,solar,118.779,15
2026-03-07T13:30:00+00:00,SE4,solar,115.142,15
2026-03-07T13:45:00+00:00,SE4,solar,107.465,15
2026-03-07T14:00:00+00:00,SE4,solar,77.184,15
2026-03-07T14:15:00+00:00,SE4,solar,69.869,15
2026-03-07T14:30:00+00:00,SE4,solar,61.834,15
2026-03-07T14:45:00+00:00,SE4,solar,54.526,15
2026-03-07T15:00:00+00:00,SE4,solar,33.222,15
2026-03-07T15:15:00+00:00,SE4,solar,28.583,15
2026-03-07T15:30:00+00:00,SE4,solar,23.716,15
2026-03-07T15:45:00+00:00,SE4,solar,20.049,15
2026-03-07T16:00:00+00:00,SE4,solar,6.747,15
2026-03-07T16:15:00+00:00,SE4,solar,4.966,15
2026-03-07T16:30:00+00:00,SE4,solar,3.345,15
2026-03-07T16:45:00+00:00,SE4,solar,2.498,15
2026-03-07T17:00:00+00:00,SE4,solar,0.925,15
2026-03-07T17:15:00+00:00,SE4,solar,0.676,15
2026-03-07T17:30:00+00:00,SE4,solar,0.45,15
2026-03-07T17:45:00+00:00,SE4,solar,0.421,15
2026-03-07T18:00:00+00:00,SE4,solar,0.851,15
2026-03-07T18:15:00+00:00,SE4,solar,0.828,15
2026-03-07T18:30:00+00:00,SE4,solar,0.795,15
2026-03-07T18:45:00+00:00,SE4,solar,0.782,15
2026-03-07T19:00:00+00:00,SE4,solar,0.635,15
2026-03-07T19:15:00+00:00,SE4,solar,0.624,15
2026-03-07T19:30:00+00:00,SE4,solar,0.612,15
2026-03-07T19:45:00+00:00,SE4,solar,0.611,15
2026-03-07T20:00:00+00:00,SE4,solar,0.285,15
2026-03-07T20:30:00+00:00,SE4,solar,0.035,15
2026-03-07T20:45:00+00:00,SE4,solar,0.281,15
2026-03-07T21:00:00+00:00,SE4,solar,0.28,15
2026-03-07T21:15:00+00:00,SE4,solar,0.282,15
2026-03-07T21:30:00+00:00,SE4,solar,0.285,15
2026-03-07T21:45:00+00:00,SE4,solar,0.287,15
2026-03-07T22:00:00+00:00,SE4,solar,0.295,15
2026-03-07T22:15:00+00:00,SE4,solar,0.298,15
2026-03-07T22:30:00+00:00,SE4,solar,0.294,15
2026-03-07T22:45:00+00:00,SE4,solar,0.291,15
2026-03-07T23:00:00+00:00,SE4,solar,0.392,15
2026-03-07T23:30:00+00:00,SE4,solar,0.401,15
2026-03-07T23:45:00+00:00,SE4,solar,0.441,15
2026-03-08T00:00:00+00:00,SE4,solar,0.401,15
2026-03-08T00:30:00+00:00,SE4,solar,0.381,15
2026-03-08T00:45:00+00:00,SE4,solar,0.431,15
2026-03-08T01:00:00+00:00,SE4,solar,0.437,15
2026-03-08T01:30:00+00:00,SE4,solar,0.397,15
2026-03-08T01:45:00+00:00,SE4,solar,0.418,15
2026-03-08T02:00:00+00:00,SE4,solar,0.412,15
2026-03-08T02:15:00+00:00,SE4,solar,0.402,15
2026-03-08T02:30:00+00:00,SE4,solar,0.422,15
2026-03-08T02:45:00+00:00,SE4,solar,0.443,15
2026-03-08T03:00:00+00:00,SE4,solar,0.773,15
2026-03-08T03:15:00+00:00,SE4,solar,0.793,15
2026-03-08T03:30:00+00:00,SE4,solar,0.773,15
2026-03-08T04:00:00+00:00,SE4,solar,0.75,15
2026-03-08T04:15:00+00:00,SE4,solar,0.79,15
2026-03-08T04:30:00+00:00,SE4,solar,0.77,15
2026-03-08T04:45:00+00:00,SE4,solar,0.89,15
2026-03-08T05:00:00+00:00,SE4,solar,0.825,15
2026-03-08T05:15:00+00:00,SE4,solar,0.958,15
2026-03-08T05:30:00+00:00,SE4,solar,1.206,15
2026-03-08T05:45:00+00:00,SE4,solar,1.752,15
2026-03-08T06:00:00+00:00,SE4,solar,7.18,15
2026-03-08T06:15:00+00:00,SE4,solar,10.022,15
2026-03-08T06:30:00+00:00,SE4,solar,13.563,15
2026-03-08T06:45:00+00:00,SE4,solar,18.478,15
2026-03-08T07:00:00+00:00,SE4,solar,41.993,15
2026-03-08T07:15:00+00:00,SE4,solar,52.402,15
2026-03-08T07:30:00+00:00,SE4,solar,63.802,15
2026-03-08T07:45:00+00:00,SE4,solar,72.138,15
2026-03-08T08:00:00+00:00,SE4,solar,116.955,15
2026-03-08T08:15:00+00:00,SE4,solar,132.761,15
2026-03-08T08:30:00+00:00,SE4,solar,152.833,15
2026-03-08T08:45:00+00:00,SE4,solar,173.059,15
2026-03-08T09:00:00+00:00,SE4,solar,220.052,15
2026-03-08T09:15:00+00:00,SE4,solar,232.677,15
2026-03-08T09:30:00+00:00,SE4,solar,248.925,15
2026-03-08T09:45:00+00:00,SE4,solar,263.148,15
2026-03-08T10:00:00+00:00,SE4,solar,301.644,15
2026-03-08T10:15:00+00:00,SE4,solar,310.702,15
2026-03-08T10:30:00+00:00,SE4,solar,315.244,15
2026-03-08T10:45:00+00:00,SE4,solar,317.602,15
2026-03-08T11:00:00+00:00,SE4,solar,323.322,15
2026-03-08T11:15:00+00:00,SE4,solar,322.143,15
2026-03-08T11:30:00+00:00,SE4,solar,318.221,15
2026-03-08T11:45:00+00:00,SE4,solar,296.739,15
2026-03-08T12:00:00+00:00,SE4,solar,280.405,15
2026-03-08T12:15:00+00:00,SE4,solar,275.174,15
2026-03-08T12:30:00+00:00,SE4,solar,268.86,15
2026-03-08T12:45:00+00:00,SE4,solar,261.4,15
2026-03-08T13:00:00+00:00,SE4,solar,233.681,15
2026-03-08T13:15:00+00:00,SE4,solar,224.888,15
2026-03-08T13:30:00+00:00,SE4,solar,213.897,15
2026-03-08T13:45:00+00:00,SE4,solar,200.727,15
2026-03-08T14:00:00+00:00,SE4,solar,155.83,15
2026-03-08T14:15:00+00:00,SE4,solar,141.122,15
2026-03-08T14:30:00+00:00,SE4,solar,126.094,15
2026-03-08T14:45:00+00:00,SE4,solar,109.334,15
2026-03-08T15:00:00+00:00,SE4,solar,67.556,15
2026-03-08T15:15:00+00:00,SE4,solar,54.38,15
2026-03-08T15:30:00+00:00,SE4,solar,44.248,15
2026-03-08T15:45:00+00:00,SE4,solar,34.595,15
2026-03-08T16:00:00+00:00,SE4,solar,10.509,15
2026-03-08T16:15:00+00:00,SE4,solar,6.885,15
2026-03-08T16:30:00+00:00,SE4,solar,5.08,15
2026-03-08T16:45:00+00:00,SE4,solar,3.358,15
2026-03-08T17:00:00+00:00,SE4,solar,0.985,15
2026-03-08T17:15:00+00:00,SE4,solar,0.893,15
2026-03-08T17:30:00+00:00,SE4,solar,0.821,15
2026-03-08T17:45:00+00:00,SE4,solar,0.753,15
2026-03-08T18:00:00+00:00,SE4,solar,1.053,15
2026-03-08T18:15:00+00:00,SE4,solar,1.007,15
2026-03-08T18:30:00+00:00,SE4,solar,1.083,15
2026-03-08T18:45:00+00:00,SE4,solar,1.108,15
2026-03-08T19:00:00+00:00,SE4,solar,1.047,15
2026-03-08T19:15:00+00:00,SE4,solar,1.045,15
2026-03-08T19:30:00+00:00,SE4,solar,1.034,15
2026-03-08T19:45:00+00:00,SE4,solar,0.912,15
2026-03-08T20:00:00+00:00,SE4,solar,0.557,15
2026-03-08T20:15:00+00:00,SE4,solar,0.502,15
2026-03-08T20:30:00+00:00,SE4,solar,0.042,15
2026-03-08T20:45:00+00:00,SE4,solar,0.453,15
2026-03-08T21:00:00+00:00,SE4,solar,0.444,15
2026-03-08T21:15:00+00:00,SE4,solar,0.424,15
2026-03-08T21:30:00+00:00,SE4,solar,0.435,15
2026-03-08T21:45:00+00:00,SE4,solar,0.425,15
2026-03-08T22:00:00+00:00,SE4,solar,0.436,15
2026-03-08T22:15:00+00:00,SE4,solar,0.412,15
2026-03-08T22:30:00+00:00,SE4,solar,0.042,15
2026-03-08T23:00:00+00:00,SE4,solar,0.361,15
2026-03-08T23:15:00+00:00,SE4,solar,0.331,15
2026-03-08T23:30:00+00:00,SE4,solar,0.35,15
2026-03-09T00:00:00+00:00,SE4,solar,0.409,15
2026-03-09T00:15:00+00:00,SE4,solar,0.349,15
2026-03-09T00:30:00+00:00,SE4,solar,0.359,15
2026-03-09T00:45:00+00:00,SE4,solar,0.379,15
2026-03-09T01:00:00+00:00,SE4,solar,0.389,15
2026-03-09T01:15:00+00:00,SE4,solar,0.379,15
2026-03-09T01:30:00+00:00,SE4,solar,0.399,15
2026-03-09T02:00:00+00:00,SE4,solar,0.459,15
2026-03-09T02:15:00+00:00,SE4,solar,0.439,15
2026-03-09T02:30:00+00:00,SE4,solar,0.489,15
2026-03-09T02:45:00+00:00,SE4,solar,0.499,15
2026-03-09T03:00:00+00:00,SE4,solar,0.46,15
2026-03-09T03:15:00+00:00,SE4,solar,0.43,15
2026-03-09T03:30:00+00:00,SE4,solar,0.4,15
2026-03-09T03:45:00+00:00,SE4,solar,0.43,15
2026-03-09T04:00:00+00:00,SE4,solar,0.412,15
2026-03-09T04:30:00+00:00,SE4,solar,0.492,15
2026-03-09T04:45:00+00:00,SE4,solar,0.502,15
2026-03-09T05:00:00+00:00,SE4,solar,0.458,15
2026-03-09T05:15:00+00:00,SE4,solar,0.661,15
2026-03-09T05:30:00+00:00,SE4,solar,1.017,15
2026-03-09T05:45:00+00:00,SE4,solar,2.362,15
2026-03-09T06:00:00+00:00,SE4,solar,14.8,15
2026-03-09T06:15:00+00:00,SE4,solar,17.486,15
2026-03-09T06:30:00+00:00,SE4,solar,22.22,15
2026-03-09T06:45:00+00:00,SE4,solar,30.182,15
2026-03-09T07:00:00+00:00,SE4,solar,68.643,15
2026-03-09T07:15:00+00:00,SE4,solar,82.428,15
2026-03-09T07:30:00+00:00,SE4,solar,98.673,15
2026-03-09T07:45:00+00:00,SE4,solar,115.945,15
2026-03-09T08:00:00+00:00,SE4,solar,172.995,15
2026-03-09T08:15:00+00:00,SE4,solar,192.575,15
2026-03-09T08:30:00+00:00,SE4,solar,212.741,15
2026-03-09T08:45:00+00:00,SE4,solar,231.464,15
2026-03-09T09:00:00+00:00,SE4,solar,283.229,15
2026-03-09T09:15:00+00:00,SE4,solar,301.218,15
2026-03-09T09:30:00+00:00,SE4,solar,315.045,15
2026-03-09T09:45:00+00:00,SE4,solar,329.43,15
2026-03-09T10:00:00+00:00,SE4,solar,360.021,15
2026-03-09T10:15:00+00:00,SE4,solar,370.071,15
2026-03-09T10:30:00+00:00,SE4,solar,378.264,15
2026-03-09T10:45:00+00:00,SE4,solar,384.678,15
2026-03-09T11:00:00+00:00,SE4,solar,398.133,15
2026-03-09T11:15:00+00:00,SE4,solar,400.268,15
2026-03-09T11:30:00+00:00,SE4,solar,401.032,15
2026-03-09T11:45:00+00:00,SE4,solar,400.014,15
2026-03-09T12:00:00+00:00,SE4,solar,391.309,15
2026-03-09T12:15:00+00:00,SE4,solar,387.114,15
2026-03-09T12:30:00+00:00,SE4,solar,382.04,15
2026-03-09T12:45:00+00:00,SE4,solar,374.515,15
2026-03-09T13:00:00+00:00,SE4,solar,348.978,15
2026-03-09T13:15:00+00:00,SE4,solar,334.887,15
2026-03-09T13:30:00+00:00,SE4,solar,321.73,15
2026-03-09T13:45:00+00:00,SE4,solar,303.235,15
2026-03-09T14:00:00+00:00,SE4,solar,243.722,15
2026-03-09T14:15:00+00:00,SE4,solar,221.944,15
2026-03-09T14:30:00+00:00,SE4,solar,197.551,15
2026-03-09T14:45:00+00:00,SE4,solar,174.275,15
2026-03-09T15:00:00+00:00,SE4,solar,111.361,15
2026-03-09T15:15:00+00:00,SE4,solar,90.971,15
2026-03-09T15:30:00+00:00,SE4,solar,72.846,15
2026-03-09T15:45:00+00:00,SE4,solar,57.958,15
2026-03-09T16:00:00+00:00,SE4,solar,20.692,15
2026-03-09T16:15:00+00:00,SE4,solar,13.833,15
2026-03-09T16:30:00+00:00,SE4,solar,9.556,15
2026-03-09T16:45:00+00:00,SE4,solar,5.746,15
2026-03-09T17:00:00+00:00,SE4,solar,0.623,15
2026-03-09T17:15:00+00:00,SE4,solar,0.524,15
2026-03-09T17:30:00+00:00,SE4,solar,0.458,15
2026-03-09T17:45:00+00:00,SE4,solar,0.359,15
2026-03-09T18:00:00+00:00,SE4,solar,0.355,15
2026-03-09T18:15:00+00:00,SE4,solar,0.345,15
2026-03-09T18:30:00+00:00,SE4,solar,0.338,15
2026-03-09T18:45:00+00:00,SE4,solar,0.328,15
2026-03-09T19:00:00+00:00,SE4,solar,0.332,15
2026-03-09T19:15:00+00:00,SE4,solar,0.33,15
2026-03-09T19:30:00+00:00,SE4,solar,0.327,15
2026-03-09T19:45:00+00:00,SE4,solar,0.323,15
2026-03-09T20:00:00+00:00,SE4,solar,0.327,15
2026-03-09T20:45:00+00:00,SE4,solar,0.326,15
2026-03-09T21:00:00+00:00,SE4,solar,0.322,15
2026-03-09T21:15:00+00:00,SE4,solar,0.32,15
2026-03-09T21:30:00+00:00,SE4,solar,0.317,15
2026-03-09T21:45:00+00:00,SE4,solar,0.314,15
2026-03-09T22:00:00+00:00,SE4,solar,0.298,15
2026-03-09T22:15:00+00:00,SE4,solar,0.296,15
2026-03-09T22:30:00+00:00,SE4,solar,0.29,15
2026-03-09T22:45:00+00:00,SE4,solar,0.287,15
2026-03-09T23:00:00+00:00,SE4,solar,0.284,15
2026-03-10T01:00:00+00:00,SE4,solar,0.281,15
2026-03-10T01:15:00+00:00,SE4,solar,0.28,15
2026-03-10T01:45:00+00:00,SE4,solar,0.279,15
2026-03-10T02:00:00+00:00,SE4,solar,0.278,15
2026-03-10T03:00:00+00:00,SE4,solar,0.726,15
2026-03-10T03:15:00+00:00,SE4,solar,0.725,15
2026-03-10T03:30:00+00:00,SE4,solar,0.724,15
2026-03-10T04:00:00+00:00,SE4,solar,0.727,15
2026-03-10T04:15:00+00:00,SE4,solar,0.726,15
2026-03-10T04:45:00+00:00,SE4,solar,0.729,15
2026-03-10T05:00:00+00:00,SE4,solar,0.932,15
2026-03-10T05:15:00+00:00,SE4,solar,1.155,15
2026-03-10T05:30:00+00:00,SE4,solar,1.507,15
2026-03-10T05:45:00+00:00,SE4,solar,2.329,15
2026-03-10T06:00:00+00:00,SE4,solar,12.856,15
2026-03-10T06:15:00+00:00,SE4,solar,19.209,15
2026-03-10T06:30:00+00:00,SE4,solar,26.157,15
2026-03-10T06:45:00+00:00,SE4,solar,33.623,15
2026-03-10T07:00:00+00:00,SE4,solar,80.386,15
2026-03-10T07:15:00+00:00,SE4,solar,96.551,15
2026-03-10T07:30:00+00:00,SE4,solar,112.983,15
2026-03-10T07:45:00+00:00,SE4,solar,129.602,15
2026-03-10T08:00:00+00:00,SE4,solar,181.711,15
2026-03-10T08:15:00+00:00,SE4,solar,198.67,15
2026-03-10T08:30:00+00:00,SE4,solar,216.309,15
2026-03-10T08:45:00+00:00,SE4,solar,234.314,15
2026-03-10T09:00:00+00:00,SE4,solar,272.607,15
2026-03-10T09:15:00+00:00,SE4,solar,285.358,15
2026-03-10T09:30:00+00:00,SE4,solar,296.591,15
2026-03-10T09:45:00+00:00,SE4,solar,307.618,15
2026-03-10T10:00:00+00:00,SE4,solar,329.466,15
2026-03-10T10:15:00+00:00,SE4,solar,336.845,15
2026-03-10T10:30:00+00:00,SE4,solar,340.661,15
2026-03-10T10:45:00+00:00,SE4,solar,343.413,15
2026-03-10T11:00:00+00:00,SE4,solar,344.756,15
2026-03-10T11:15:00+00:00,SE4,solar,349.751,15
2026-03-10T11:30:00+00:00,SE4,solar,344.929,15
2026-03-10T11:45:00+00:00,SE4,solar,342.444,15
2026-03-10T12:00:00+00:00,SE4,solar,325.962,15
2026-03-10T12:15:00+00:00,SE4,solar,319.979,15
2026-03-10T12:30:00+00:00,SE4,solar,311.679,15
2026-03-10T12:45:00+00:00,SE4,solar,302.968,15
2026-03-10T13:00:00+00:00,SE4,solar,270.985,15
2026-03-10T13:15:00+00:00,SE4,solar,256.746,15
2026-03-10T13:30:00+00:00,SE4,solar,241.219,15
2026-03-10T13:45:00+00:00,SE4,solar,222.769,15
2026-03-10T14:00:00+00:00,SE4,solar,177.358,15
2026-03-10T14:15:00+00:00,SE4,solar,156.963,15
2026-03-10T14:30:00+00:00,SE4,solar,136.806,15
2026-03-10T14:45:00+00:00,SE4,solar,116.425,15
2026-03-10T15:00:00+00:00,SE4,solar,73.99,15
2026-03-10T15:15:00+00:00,SE4,solar,57.444,15
2026-03-10T15:30:00+00:00,SE4,solar,44.023,15
2026-03-10T15:45:00+00:00,SE4,solar,32.555,15
2026-03-10T16:00:00+00:00,SE4,solar,12.85,15
2026-03-10T16:15:00+00:00,SE4,solar,9.61,15
2026-03-10T16:30:00+00:00,SE4,solar,6.042,15
2026-03-10T16:45:00+00:00,SE4,solar,2.876,15
2026-03-10T17:00:00+00:00,SE4,solar,1.239,15
2026-03-10T17:15:00+00:00,SE4,solar,1.217,15
2026-03-10T17:30:00+00:00,SE4,solar,1.164,15
2026-03-10T17:45:00+00:00,SE4,solar,1.073,15
2026-03-10T18:00:00+00:00,SE4,solar,1.491,15
2026-03-10T18:15:00+00:00,SE4,solar,1.399,15
2026-03-10T18:30:00+00:00,SE4,solar,1.298,15
2026-03-10T18:45:00+00:00,SE4,solar,1.196,15
2026-03-10T19:00:00+00:00,SE4,solar,1.031,15
2026-03-10T19:15:00+00:00,SE4,solar,0.99,15
2026-03-10T19:30:00+00:00,SE4,solar,0.959,15
2026-03-10T19:45:00+00:00,SE4,solar,0.938,15
2026-03-10T20:00:00+00:00,SE4,solar,0.542,15
2026-03-10T20:15:00+00:00,SE4,solar,0.532,15
2026-03-10T20:30:00+00:00,SE4,solar,0.522,15
2026-03-10T20:45:00+00:00,SE4,solar,0.513,15
2026-03-10T21:00:00+00:00,SE4,solar,0.482,15
2026-03-10T21:30:00+00:00,SE4,solar,0.473,15
2026-03-10T21:45:00+00:00,SE4,solar,0.462,15
2026-03-10T22:00:00+00:00,SE4,solar,0.463,15
2026-03-10T22:15:00+00:00,SE4,solar,0.473,15
2026-03-10T22:30:00+00:00,SE4,solar,0.123,15
2026-03-10T23:00:00+00:00,SE4,solar,0.102,15
2026-03-10T23:30:00+00:00,SE4,solar,0.486,15
2026-03-11T00:15:00+00:00,SE4,solar,0.498,15
2026-03-11T00:45:00+00:00,SE4,solar,0.51,15
2026-03-11T01:00:00+00:00,SE4,solar,0.533,15
2026-03-11T01:15:00+00:00,SE4,solar,0.541,15
2026-03-11T01:45:00+00:00,SE4,solar,0.557,15
2026-03-11T02:00:00+00:00,SE4,solar,0.538,15
2026-03-11T02:15:00+00:00,SE4,solar,0.514,15
2026-03-11T02:30:00+00:00,SE4,solar,0.515,15
2026-03-11T02:45:00+00:00,SE4,solar,0.531,15
2026-03-11T03:00:00+00:00,SE4,solar,0.545,15
2026-03-11T03:15:00+00:00,SE4,solar,0.557,15
2026-03-11T03:30:00+00:00,SE4,solar,0.585,15
2026-03-11T03:45:00+00:00,SE4,solar,0.621,15
2026-03-11T04:00:00+00:00,SE4,solar,0.637,15
2026-03-11T04:15:00+00:00,SE4,solar,0.621,15
2026-03-11T04:30:00+00:00,SE4,solar,0.637,15
2026-03-11T04:45:00+00:00,SE4,solar,0.641,15
2026-03-11T05:00:00+00:00,SE4,solar,0.677,15
2026-03-11T05:15:00+00:00,SE4,solar,0.825,15
2026-03-11T05:30:00+00:00,SE4,solar,1.028,15
2026-03-11T05:45:00+00:00,SE4,solar,1.405,15
2026-03-11T06:00:00+00:00,SE4,solar,4.629,15
2026-03-11T06:15:00+00:00,SE4,solar,5.637,15
2026-03-11T06:30:00+00:00,SE4,solar,6.597,15
2026-03-11T06:45:00+00:00,SE4,solar,7.606,15
2026-03-11T07:00:00+00:00,SE4,solar,14.816,15
2026-03-11T07:15:00+00:00,SE4,solar,16.628,15
2026-03-11T07:30:00+00:00,SE4,solar,18.94,15
2026-03-11T07:45:00+00:00,SE4,solar,21.484,15
2026-03-11T08:00:00+00:00,SE4,solar,34.402,15
2026-03-11T08:15:00+00:00,SE4,solar,38.103,15
2026-03-11T08:30:00+00:00,SE4,solar,42.205,15
2026-03-11T08:45:00+00:00,SE4,solar,47.204,15
2026-03-11T09:00:00+00:00,SE4,solar,64.632,15
2026-03-11T09:15:00+00:00,SE4,solar,70.918,15
2026-03-11T09:30:00+00:00,SE4,solar,77.616,15
2026-03-11T09:45:00+00:00,SE4,solar,90.09,15
2026-03-11T10:00:00+00:00,SE4,solar,108.001,15
2026-03-11T10:15:00+00:00,SE4,solar,115.093,15
2026-03-11T10:30:00+00:00,SE4,solar,120.982,15
2026-03-11T10:45:00+00:00,SE4,solar,130.454,15
2026-03-11T11:00:00+00:00,SE4,solar,145.482,15
2026-03-11T11:15:00+00:00,SE4,solar,152.321,15
2026-03-11T11:30:00+00:00,SE4,solar,161.46,15
2026-03-11T11:45:00+00:00,SE4,solar,169.366,15
2026-03-11T12:00:00+00:00,SE4,solar,168.461,15
2026-03-11T12:15:00+00:00,SE4,solar,170.106,15
2026-03-11T12:30:00+00:00,SE4,solar,171.905,15
2026-03-11T12:45:00+00:00,SE4,solar,168.013,15
2026-03-11T13:00:00+00:00,SE4,solar,152.635,15
2026-03-11T13:15:00+00:00,SE4,solar,145.295,15
2026-03-11T13:30:00+00:00,SE4,solar,136.41,15
2026-03-11T13:45:00+00:00,SE4,solar,122.336,15
2026-03-11T14:00:00+00:00,SE4,solar,96.509,15
2026-03-11T14:15:00+00:00,SE4,solar,84.883,15
2026-03-11T14:30:00+00:00,SE4,solar,66.905,15
2026-03-11T14:45:00+00:00,SE4,solar,55.935,15
2026-03-11T15:00:00+00:00,SE4,solar,33.817,15
2026-03-11T15:15:00+00:00,SE4,solar,27.276,15
2026-03-11T15:30:00+00:00,SE4,solar,21.778,15
2026-03-11T15:45:00+00:00,SE4,solar,15.722,15
2026-03-11T16:00:00+00:00,SE4,solar,6.873,15
2026-03-11T16:15:00+00:00,SE4,solar,3.902,15
2026-03-11T16:30:00+00:00,SE4,solar,3.208,15
2026-03-11T16:45:00+00:00,SE4,solar,2.768,15
2026-03-11T17:00:00+00:00,SE4,solar,1.359,15
2026-03-11T17:15:00+00:00,SE4,solar,1.459,15
2026-03-11T17:30:00+00:00,SE4,solar,1.558,15
2026-03-11T17:45:00+00:00,SE4,solar,1.557,15
2026-03-11T18:00:00+00:00,SE4,solar,1.082,15
2026-03-11T18:15:00+00:00,SE4,solar,1.009,15
2026-03-11T18:30:00+00:00,SE4,solar,0.874,15
2026-03-11T18:45:00+00:00,SE4,solar,0.715,15
2026-03-11T19:00:00+00:00,SE4,solar,0.605,15
2026-03-11T19:15:00+00:00,SE4,solar,0.533,15
2026-03-11T19:30:00+00:00,SE4,solar,0.497,15
2026-03-11T19:45:00+00:00,SE4,solar,0.462,15
2026-03-11T20:00:00+00:00,SE4,solar,0.442,15
2026-03-11T20:15:00+00:00,SE4,solar,0.43,15
2026-03-11T20:45:00+00:00,SE4,solar,0.418,15
2026-03-11T21:00:00+00:00,SE4,solar,0.401,15
2026-03-11T21:15:00+00:00,SE4,solar,0.388,15
2026-03-11T21:30:00+00:00,SE4,solar,0.364,15
2026-03-11T21:45:00+00:00,SE4,solar,0.351,15
2026-03-11T22:15:00+00:00,SE4,solar,0.363,15
2026-03-11T22:30:00+00:00,SE4,solar,0.039,15
2026-03-11T22:45:00+00:00,SE4,solar,0.035,15
2026-03-11T23:00:00+00:00,SE4,solar,0.107,15
2026-03-11T23:30:00+00:00,SE4,solar,0.607,15
2026-03-11T23:45:00+00:00,SE4,solar,0.597,15
2026-03-12T00:00:00+00:00,SE4,solar,0.587,15
2026-03-12T00:30:00+00:00,SE4,solar,0.597,15
2026-03-12T01:15:00+00:00,SE4,solar,0.577,15
2026-03-12T01:30:00+00:00,SE4,solar,0.556,15
2026-03-12T01:45:00+00:00,SE4,solar,0.526,15
2026-03-12T02:00:00+00:00,SE4,solar,0.514,15
2026-03-12T02:15:00+00:00,SE4,solar,0.508,15
2026-03-12T02:45:00+00:00,SE4,solar,0.512,15
2026-03-12T03:00:00+00:00,SE4,solar,0.77,15
2026-03-12T03:15:00+00:00,SE4,solar,0.76,15
2026-03-12T04:15:00+00:00,SE4,solar,0.77,15
2026-03-12T04:30:00+00:00,SE4,solar,0.81,15
2026-03-12T04:45:00+00:00,SE4,solar,0.82,15
2026-03-12T05:00:00+00:00,SE4,solar,0.939,15
2026-03-12T05:15:00+00:00,SE4,solar,1.107,15
2026-03-12T05:30:00+00:00,SE4,solar,1.584,15
2026-03-12T05:45:00+00:00,SE4,solar,2.544,15
2026-03-12T06:00:00+00:00,SE4,solar,14.307,15
2026-03-12T06:15:00+00:00,SE4,solar,19.231,15
2026-03-12T06:30:00+00:00,SE4,solar,25.35,15
2026-03-12T06:45:00+00:00,SE4,solar,32.841,15
2026-03-12T07:00:00+00:00,SE4,solar,67.195,15
2026-03-12T07:15:00+00:00,SE4,solar,78.365,15
2026-03-12T07:30:00+00:00,SE4,solar,94.16,15
2026-03-12T07:45:00+00:00,SE4,solar,111.832,15
2026-03-12T08:00:00+00:00,SE4,solar,166.101,15
2026-03-12T08:15:00+00:00,SE4,solar,186.837,15
2026-03-12T08:30:00+00:00,SE4,solar,232.078,15
2026-03-12T08:45:00+00:00,SE4,solar,253.931,15
2026-03-12T09:00:00+00:00,SE4,solar,316.166,15
2026-03-12T09:15:00+00:00,SE4,solar,335.296,15
2026-03-12T09:30:00+00:00,SE4,solar,355.387,15
2026-03-12T09:45:00+00:00,SE4,solar,355.806,15
2026-03-12T10:00:00+00:00,SE4,solar,407.234,15
2026-03-12T10:15:00+00:00,SE4,solar,419.891,15
2026-03-12T10:30:00+00:00,SE4,solar,433.76,15
2026-03-12T10:45:00+00:00,SE4,solar,443.896,15
2026-03-12T11:00:00+00:00,SE4,solar,456.915,15
2026-03-12T11:15:00+00:00,SE4,solar,463.179,15
2026-03-12T11:30:00+00:00,SE4,solar,467.342,15
2026-03-12T11:45:00+00:00,SE4,solar,460.919,15
2026-03-12T12:00:00+00:00,SE4,solar,448.301,15
2026-03-12T12:15:00+00:00,SE4,solar,442.848,15
2026-03-12T12:30:00+00:00,SE4,solar,434.41,15
2026-03-12T12:45:00+00:00,SE4,solar,423.332,15
2026-03-12T13:00:00+00:00,SE4,solar,390.44,15
2026-03-12T13:15:00+00:00,SE4,solar,373.058,15
2026-03-12T13:30:00+00:00,SE4,solar,353.028,15
2026-03-12T13:45:00+00:00,SE4,solar,332.392,15
2026-03-12T14:00:00+00:00,SE4,solar,264.444,15
2026-03-12T14:15:00+00:00,SE4,solar,239.956,15
2026-03-12T14:30:00+00:00,SE4,solar,214.982,15
2026-03-12T14:45:00+00:00,SE4,solar,187.843,15
2026-03-12T15:00:00+00:00,SE4,solar,116.92,15
2026-03-12T15:15:00+00:00,SE4,solar,92.817,15
2026-03-12T15:30:00+00:00,SE4,solar,72.55,15
2026-03-12T15:45:00+00:00,SE4,solar,56.306,15
2026-03-12T16:00:00+00:00,SE4,solar,20.081,15
2026-03-12T16:15:00+00:00,SE4,solar,14.659,15
2026-03-12T16:30:00+00:00,SE4,solar,11.438,15
2026-03-12T16:45:00+00:00,SE4,solar,9.112,15
2026-03-12T17:00:00+00:00,SE4,solar,0.719,15
2026-03-12T17:15:00+00:00,SE4,solar,0.605,15
2026-03-12T17:30:00+00:00,SE4,solar,0.529,15
2026-03-12T17:45:00+00:00,SE4,solar,0.419,15
2026-03-12T18:00:00+00:00,SE4,solar,0.414,15
2026-03-12T18:15:00+00:00,SE4,solar,0.399,15
2026-03-12T18:30:00+00:00,SE4,solar,0.385,15
2026-03-12T18:45:00+00:00,SE4,solar,0.372,15
2026-03-12T19:00:00+00:00,SE4,solar,0.378,15
2026-03-12T19:15:00+00:00,SE4,solar,0.372,15
2026-03-12T19:30:00+00:00,SE4,solar,0.368,15
2026-03-12T20:00:00+00:00,SE4,solar,0.4,15
2026-03-12T20:15:00+00:00,SE4,solar,0.405,15
2026-03-12T20:30:00+00:00,SE4,solar,0.408,15
2026-03-12T20:45:00+00:00,SE4,solar,0.411,15
2026-03-12T21:00:00+00:00,SE4,solar,0.59,15
2026-03-12T21:15:00+00:00,SE4,solar,0.603,15
2026-03-12T21:30:00+00:00,SE4,solar,0.601,15
2026-03-12T21:45:00+00:00,SE4,solar,0.584,15
2026-03-12T22:00:00+00:00,SE4,solar,0.56,15
2026-03-12T22:15:00+00:00,SE4,solar,0.537,15
2026-03-12T22:30:00+00:00,SE4,solar,0.52,15
2026-03-12T22:45:00+00:00,SE4,solar,0.498,15
2026-03-12T23:00:00+00:00,SE4,solar,0.339,15
2026-03-12T23:15:00+00:00,SE4,solar,0.328,15
2026-03-12T23:30:00+00:00,SE4,solar,0.319,15
2026-03-12T23:45:00+00:00,SE4,solar,0.313,15
2026-03-13T00:00:00+00:00,SE4,solar,0.318,15
2026-03-13T00:30:00+00:00,SE4,solar,0.316,15
2026-03-13T00:45:00+00:00,SE4,solar,0.311,15
2026-03-13T01:00:00+00:00,SE4,solar,0.3,15
2026-03-13T01:15:00+00:00,SE4,solar,0.295,15
2026-03-13T01:30:00+00:00,SE4,solar,0.292,15
2026-03-13T01:45:00+00:00,SE4,solar,0.293,15
2026-03-13T02:00:00+00:00,SE4,solar,0.297,15
2026-03-13T02:15:00+00:00,SE4,solar,0.299,15
2026-03-13T02:30:00+00:00,SE4,solar,0.298,15
2026-03-13T02:45:00+00:00,SE4,solar,0.295,15
2026-03-13T03:00:00+00:00,SE4,solar,0.294,15
2026-03-13T03:30:00+00:00,SE4,solar,0.3,15
2026-03-13T03:45:00+00:00,SE4,solar,0.307,15
2026-03-13T04:00:00+00:00,SE4,solar,0.33,15
2026-03-13T04:15:00+00:00,SE4,solar,0.329,15
2026-03-13T04:30:00+00:00,SE4,solar,0.331,15
2026-03-13T04:45:00+00:00,SE4,solar,0.335,15
2026-03-13T05:00:00+00:00,SE4,solar,0.565,15
2026-03-13T05:15:00+00:00,SE4,solar,0.93,15
2026-03-13T05:30:00+00:00,SE4,solar,1.478,15
2026-03-13T05:45:00+00:00,SE4,solar,2.388,15
2026-03-13T06:00:00+00:00,SE4,solar,19.27,15
2026-03-13T06:15:00+00:00,SE4,solar,23.421,15
2026-03-13T06:30:00+00:00,SE4,solar,27.229,15
2026-03-13T06:45:00+00:00,SE4,solar,31.266,15
2026-03-13T07:00:00+00:00,SE4,solar,64.339,15
2026-03-13T07:15:00+00:00,SE4,solar,74.596,15
2026-03-13T07:30:00+00:00,SE4,solar,84.887,15
2026-03-13T07:45:00+00:00,SE4,solar,95.365,15
2026-03-13T08:00:00+00:00,SE4,solar,136.292,15
2026-03-13T08:15:00+00:00,SE4,solar,146.55,15
2026-03-13T08:30:00+00:00,SE4,solar,156.641,15
2026-03-13T08:45:00+00:00,SE4,solar,162.732,15
2026-03-13T09:00:00+00:00,SE4,solar,196.142,15
2026-03-13T09:15:00+00:00,SE4,solar,201.987,15
2026-03-13T09:30:00+00:00,SE4,solar,207.575,15
2026-03-13T09:45:00+00:00,SE4,solar,210.348,15
2026-03-13T10:00:00+00:00,SE4,solar,212.935,15
2026-03-13T10:15:00+00:00,SE4,solar,212.8,15
2026-03-13T10:30:00+00:00,SE4,solar,208.136,15
2026-03-13T10:45:00+00:00,SE4,solar,201.717,15
2026-03-13T11:00:00+00:00,SE4,solar,179.372,15
2026-03-13T11:15:00+00:00,SE4,solar,172.168,15
2026-03-13T11:30:00+00:00,SE4,solar,163.295,15
2026-03-13T11:45:00+00:00,SE4,solar,156.14,15
2026-03-13T12:00:00+00:00,SE4,solar,125.642,15
2026-03-13T12:15:00+00:00,SE4,solar,117.983,15
2026-03-13T12:30:00+00:00,SE4,solar,109.126,15
2026-03-13T12:45:00+00:00,SE4,solar,101.065,15
2026-03-13T13:00:00+00:00,SE4,solar,77.454,15
2026-03-13T13:15:00+00:00,SE4,solar,71.402,15
2026-03-13T13:30:00+00:00,SE4,solar,63.243,15
2026-03-13T13:45:00+00:00,SE4,solar,57.491,15
2026-03-13T14:00:00+00:00,SE4,solar,34.887,15
2026-03-13T14:15:00+00:00,SE4,solar,29.126,15
2026-03-13T14:30:00+00:00,SE4,solar,23.778,15
2026-03-13T14:45:00+00:00,SE4,solar,21.646,15
2026-03-13T15:00:00+00:00,SE4,solar,12.355,15
2026-03-13T15:15:00+00:00,SE4,solar,10.961,15
2026-03-13T15:30:00+00:00,SE4,solar,9.937,15
2026-03-13T15:45:00+00:00,SE4,solar,9.006,15
2026-03-13T16:00:00+00:00,SE4,solar,3.128,15
2026-03-13T16:15:00+00:00,SE4,solar,2.542,15
2026-03-13T16:30:00+00:00,SE4,solar,2.06,15
2026-03-13T16:45:00+00:00,SE4,solar,1.629,15
2026-03-13T17:00:00+00:00,SE4,solar,0.57,15
2026-03-13T17:15:00+00:00,SE4,solar,0.517,15
2026-03-13T17:30:00+00:00,SE4,solar,0.47,15
2026-03-13T17:45:00+00:00,SE4,solar,0.429,15
2026-03-13T18:00:00+00:00,SE4,solar,0.387,15
2026-03-13T18:15:00+00:00,SE4,solar,0.364,15
2026-03-13T18:30:00+00:00,SE4,solar,0.358,15
2026-03-13T18:45:00+00:00,SE4,solar,0.355,15
2026-03-13T19:00:00+00:00,SE4,solar,0.345,15
2026-03-13T19:45:00+00:00,SE4,solar,0.348,15
2026-03-13T20:30:00+00:00,SE4,solar,0.097,15
2026-03-13T20:45:00+00:00,SE4,solar,0.343,15
2026-03-13T21:00:00+00:00,SE4,solar,0.348,15
2026-03-13T21:15:00+00:00,SE4,solar,0.338,15
2026-03-13T21:30:00+00:00,SE4,solar,0.328,15
2026-03-13T21:45:00+00:00,SE4,solar,0.327,15
2026-03-13T22:00:00+00:00,SE4,solar,0.287,15
2026-03-13T22:15:00+00:00,SE4,solar,0.281,15
2026-03-13T22:45:00+00:00,SE4,solar,0.283,15
2026-03-13T23:00:00+00:00,SE4,solar,0.272,15
2026-03-13T23:15:00+00:00,SE4,solar,0.27,15
2026-03-13T23:30:00+00:00,SE4,solar,0.273,15
2026-03-13T23:45:00+00:00,SE4,solar,0.276,15
2026-03-14T00:00:00+00:00,SE4,solar,0.275,15
2026-03-14T00:15:00+00:00,SE4,solar,0.28,15
2026-03-14T00:30:00+00:00,SE4,solar,0.284,15
2026-03-14T00:45:00+00:00,SE4,solar,0.289,15
2026-03-14T01:00:00+00:00,SE4,solar,0.338,15
2026-03-14T01:15:00+00:00,SE4,solar,0.369,15
2026-03-14T01:30:00+00:00,SE4,solar,0.37,15
2026-03-14T01:45:00+00:00,SE4,solar,0.343,15
2026-03-14T02:00:00+00:00,SE4,solar,0.322,15
2026-03-14T02:15:00+00:00,SE4,solar,0.314,15
2026-03-14T02:30:00+00:00,SE4,solar,0.308,15
2026-03-14T02:45:00+00:00,SE4,solar,0.296,15
2026-03-14T03:00:00+00:00,SE4,solar,0.306,15
2026-03-14T03:15:00+00:00,SE4,solar,0.302,15
2026-03-14T03:30:00+00:00,SE4,solar,0.296,15
2026-03-14T03:45:00+00:00,SE4,solar,0.292,15
2026-03-14T04:00:00+00:00,SE4,solar,0.284,15
2026-03-14T04:15:00+00:00,SE4,solar,0.274,15
2026-03-14T04:30:00+00:00,SE4,solar,0.273,15
2026-03-14T04:45:00+00:00,SE4,solar,0.278,15
2026-03-14T05:00:00+00:00,SE4,solar,0.365,15
2026-03-14T05:15:00+00:00,SE4,solar,0.482,15
2026-03-14T05:30:00+00:00,SE4,solar,0.65,15
2026-03-14T05:45:00+00:00,SE4,solar,0.872,15
2026-03-14T06:00:00+00:00,SE4,solar,5.251,15
2026-03-14T06:15:00+00:00,SE4,solar,5.903,15
2026-03-14T06:30:00+00:00,SE4,solar,6.403,15
2026-03-14T06:45:00+00:00,SE4,solar,6.866,15
2026-03-14T07:00:00+00:00,SE4,solar,11.019,15
2026-03-14T07:15:00+00:00,SE4,solar,12.156,15
2026-03-14T07:30:00+00:00,SE4,solar,13.376,15
2026-03-14T07:45:00+00:00,SE4,solar,13.074,15
2026-03-14T08:00:00+00:00,SE4,solar,21.598,15
2026-03-14T08:15:00+00:00,SE4,solar,23.729,15
2026-03-14T08:30:00+00:00,SE4,solar,26.028,15
2026-03-14T08:45:00+00:00,SE4,solar,28.878,15
2026-03-14T09:00:00+00:00,SE4,solar,41.722,15
2026-03-14T09:15:00+00:00,SE4,solar,45.329,15
2026-03-14T09:30:00+00:00,SE4,solar,42.794,15
2026-03-14T09:45:00+00:00,SE4,solar,46.255,15
2026-03-14T10:00:00+00:00,SE4,solar,55.651,15
2026-03-14T10:15:00+00:00,SE4,solar,59.171,15
2026-03-14T10:30:00+00:00,SE4,solar,62.121,15
2026-03-14T10:45:00+00:00,SE4,solar,64.877,15
2026-03-14T11:00:00+00:00,SE4,solar,76.857,15
2026-03-14T11:15:00+00:00,SE4,solar,80.038,15
2026-03-14T11:30:00+00:00,SE4,solar,82.765,15
2026-03-14T11:45:00+00:00,SE4,solar,85.433,15
2026-03-14T12:00:00+00:00,SE4,solar,94.944,15
2026-03-14T12:15:00+00:00,SE4,solar,96.603,15
2026-03-14T12:30:00+00:00,SE4,solar,97.78,15
2026-03-14T12:45:00+00:00,SE4,solar,97.978,15
2026-03-14T13:00:00+00:00,SE4,solar,96.982,15
2026-03-14T13:15:00+00:00,SE4,solar,95.023,15
2026-03-14T13:30:00+00:00,SE4,solar,92.221,15
2026-03-14T13:45:00+00:00,SE4,solar,87.16,15
2026-03-14T14:00:00+00:00,SE4,solar,64.345,15
2026-03-14T14:15:00+00:00,SE4,solar,61.485,15
2026-03-14T14:30:00+00:00,SE4,solar,56.78,15
2026-03-14T14:45:00+00:00,SE4,solar,51.439,15
2026-03-14T15:00:00+00:00,SE4,solar,27.171,15
2026-03-14T15:15:00+00:00,SE4,solar,24.201,15
2026-03-14T15:30:00+00:00,SE4,solar,21.172,15
2026-03-14T15:45:00+00:00,SE4,solar,18.297,15
2026-03-14T16:00:00+00:00,SE4,solar,7.132,15
2026-03-14T16:15:00+00:00,SE4,solar,5.467,15
2026-03-14T16:30:00+00:00,SE4,solar,4.094,15
2026-03-14T16:45:00+00:00,SE4,solar,2.906,15
2026-03-14T17:00:00+00:00,SE4,solar,0.33,15
2026-03-14T17:15:00+00:00,SE4,solar,0.299,15
2026-03-14T17:30:00+00:00,SE4,solar,0.273,15
2026-03-14T17:45:00+00:00,SE4,solar,0.252,15
2026-03-14T18:00:00+00:00,SE4,solar,0.261,15
2026-03-14T18:15:00+00:00,SE4,solar,0.254,15
2026-03-14T18:30:00+00:00,SE4,solar,0.252,15
2026-03-14T18:45:00+00:00,SE4,solar,0.248,15
2026-03-14T19:15:00+00:00,SE4,solar,0.247,15
2026-03-14T19:45:00+00:00,SE4,solar,0.236,15
2026-03-14T20:15:00+00:00,SE4,solar,0.232,15
2026-03-14T20:30:00+00:00,SE4,solar,0.102,15
2026-03-14T20:45:00+00:00,SE4,solar,0.232,15
2026-03-14T21:00:00+00:00,SE4,solar,0.216,15
2026-03-14T22:00:00+00:00,SE4,solar,0.217,15
2026-03-14T22:15:00+00:00,SE4,solar,0.216,15
2026-03-14T22:30:00+00:00,SE4,solar,0.212,15
2026-03-14T22:45:00+00:00,SE4,solar,0.211,15
2026-03-14T23:00:00+00:00,SE4,solar,0.1,15
2026-03-14T23:30:00+00:00,SE4,solar,0.469,15
2026-03-14T23:45:00+00:00,SE4,solar,0.45,15
2026-03-15T00:00:00+00:00,SE4,solar,0.429,15
2026-03-15T00:15:00+00:00,SE4,solar,0.419,15
2026-03-15T00:30:00+00:00,SE4,solar,0.42,15
2026-03-15T00:45:00+00:00,SE4,solar,0.41,15
2026-03-15T01:00:00+00:00,SE4,solar,0.423,15
2026-03-15T01:15:00+00:00,SE4,solar,0.434,15
2026-03-15T01:30:00+00:00,SE4,solar,0.443,15
2026-03-15T01:45:00+00:00,SE4,solar,0.462,15
2026-03-15T02:00:00+00:00,SE4,solar,0.466,15
2026-03-15T02:15:00+00:00,SE4,solar,0.474,15
2026-03-15T02:30:00+00:00,SE4,solar,0.464,15
2026-03-15T02:45:00+00:00,SE4,solar,0.465,15
2026-03-15T03:00:00+00:00,SE4,solar,0.445,15
2026-03-15T03:15:00+00:00,SE4,solar,0.435,15
2026-03-15T03:30:00+00:00,SE4,solar,0.415,15
2026-03-15T03:45:00+00:00,SE4,solar,0.405,15
2026-03-15T04:00:00+00:00,SE4,solar,0.411,15
2026-03-15T04:15:00+00:00,SE4,solar,0.421,15
2026-03-15T04:30:00+00:00,SE4,solar,0.431,15
2026-03-15T04:45:00+00:00,SE4,solar,0.471,15
2026-03-15T05:00:00+00:00,SE4,solar,0.628,15
2026-03-15T05:15:00+00:00,SE4,solar,0.902,15
2026-03-15T05:30:00+00:00,SE4,solar,1.339,15
2026-03-15T05:45:00+00:00,SE4,solar,2.007,15
2026-03-15T06:00:00+00:00,SE4,solar,10.868,15
2026-03-15T06:15:00+00:00,SE4,solar,13.236,15
2026-03-15T06:30:00+00:00,SE4,solar,15.553,15
2026-03-15T06:45:00+00:00,SE4,solar,17.911,15
2026-03-15T07:00:00+00:00,SE4,solar,31.01,15
2026-03-15T07:15:00+00:00,SE4,solar,35.629,15
2026-03-15T07:30:00+00:00,SE4,solar,40.931,15
2026-03-15T07:45:00+00:00,SE4,solar,46.656,15
2026-03-15T08:00:00+00:00,SE4,solar,71.127,15
2026-03-15T08:15:00+00:00,SE4,solar,81.88,15
2026-03-15T08:30:00+00:00,SE4,solar,90.664,15
2026-03-15T08:45:00+00:00,SE4,solar,95.999,15
2026-03-15T09:00:00+00:00,SE4,solar,122.013,15
2026-03-15T09:15:00+00:00,SE4,solar,131.45,15
2026-03-15T09:30:00+00:00,SE4,solar,141.33,15
2026-03-15T09:45:00+00:00,SE4,solar,150.601,15
2026-03-15T10:00:00+00:00,SE4,solar,177.359,15
2026-03-15T10:15:00+00:00,SE4,solar,188.111,15
2026-03-15T10:30:00+00:00,SE4,solar,197.986,15
2026-03-15T10:45:00+00:00,SE4,solar,208.309,15
2026-03-15T11:00:00+00:00,SE4,solar,225.88,15
2026-03-15T11:15:00+00:00,SE4,solar,232.204,15
2026-03-15T11:30:00+00:00,SE4,solar,237.489,15
2026-03-15T11:45:00+00:00,SE4,solar,242.516,15
2026-03-15T12:00:00+00:00,SE4,solar,258.138,15
2026-03-15T12:15:00+00:00,SE4,solar,259.991,15
2026-03-15T12:30:00+00:00,SE4,solar,259.517,15
2026-03-15T12:45:00+00:00,SE4,solar,256.048,15
2026-03-15T13:00:00+00:00,SE4,solar,244.002,15
2026-03-15T13:15:00+00:00,SE4,solar,235.724,15
2026-03-15T13:30:00+00:00,SE4,solar,229.099,15
2026-03-15T13:45:00+00:00,SE4,solar,221.501,15
2026-03-15T14:00:00+00:00,SE4,solar,186.559,15
2026-03-15T14:15:00+00:00,SE4,solar,174.114,15
2026-03-15T14:30:00+00:00,SE4,solar,160.898,15
2026-03-15T14:45:00+00:00,SE4,solar,146.869,15
2026-03-15T15:00:00+00:00,SE4,solar,105.695,15
2026-03-15T15:15:00+00:00,SE4,solar,91.334,15
2026-03-15T15:30:00+00:00,SE4,solar,74.583,15
2026-03-15T15:45:00+00:00,SE4,solar,59.975,15
2026-03-15T16:00:00+00:00,SE4,solar,26.782,15
2026-03-15T16:15:00+00:00,SE4,solar,18.07,15
2026-03-15T16:30:00+00:00,SE4,solar,11.426,15
2026-03-15T16:45:00+00:00,SE4,solar,8.584,15
2026-03-15T17:00:00+00:00,SE4,solar,1.904,15
2026-03-15T17:15:00+00:00,SE4,solar,1.529,15
2026-03-15T17:30:00+00:00,SE4,solar,1.399,15
2026-03-15T17:45:00+00:00,SE4,solar,1.292,15
2026-03-15T18:00:00+00:00,SE4,solar,0.866,15
2026-03-15T18:15:00+00:00,SE4,solar,0.807,15
2026-03-15T18:30:00+00:00,SE4,solar,0.782,15
2026-03-15T18:45:00+00:00,SE4,solar,0.733,15
2026-03-15T19:00:00+00:00,SE4,solar,0.693,15
2026-03-15T19:15:00+00:00,SE4,solar,0.653,15
2026-03-15T19:30:00+00:00,SE4,solar,0.623,15
2026-03-15T19:45:00+00:00,SE4,solar,0.578,15
2026-03-15T20:00:00+00:00,SE4,solar,0.564,15
2026-03-15T20:15:00+00:00,SE4,solar,0.544,15
2026-03-15T20:30:00+00:00,SE4,solar,0.534,15
2026-03-15T20:45:00+00:00,SE4,solar,0.524,15
2026-03-15T21:00:00+00:00,SE4,solar,0.529,15
2026-03-15T21:15:00+00:00,SE4,solar,0.509,15
2026-03-15T21:45:00+00:00,SE4,solar,0.499,15
2026-03-15T22:30:00+00:00,SE4,solar,0.099,15
2026-03-15T23:15:00+00:00,SE4,solar,0.104,15
2026-03-15T23:30:00+00:00,SE4,solar,0.464,15
2026-03-15T23:45:00+00:00,SE4,solar,0.474,15
2026-03-16T00:00:00+00:00,SE4,solar,0.468,15
2026-03-16T00:15:00+00:00,SE4,solar,0.478,15
2026-03-16T00:45:00+00:00,SE4,solar,0.488,15
2026-03-16T01:15:00+00:00,SE4,solar,0.498,15
2026-03-16T01:30:00+00:00,SE4,solar,0.487,15
2026-03-16T01:45:00+00:00,SE4,solar,0.517,15
2026-03-16T02:00:00+00:00,SE4,solar,0.537,15
2026-03-16T02:15:00+00:00,SE4,solar,0.567,15
2026-03-16T02:30:00+00:00,SE4,solar,0.577,15
2026-03-16T02:45:00+00:00,SE4,solar,0.607,15
2026-03-16T03:00:00+00:00,SE4,solar,0.601,15
2026-03-16T03:30:00+00:00,SE4,solar,0.615,15
2026-03-16T03:45:00+00:00,SE4,solar,0.635,15
2026-03-16T04:00:00+00:00,SE4,solar,0.599,15
2026-03-16T04:15:00+00:00,SE4,solar,0.569,15
2026-03-16T05:00:00+00:00,SE4,solar,1.385,15
2026-03-16T05:15:00+00:00,SE4,solar,1.821,15
2026-03-16T05:30:00+00:00,SE4,solar,2.429,15
2026-03-16T05:45:00+00:00,SE4,solar,3.35,15
2026-03-16T06:00:00+00:00,SE4,solar,21.702,15
2026-03-16T06:15:00+00:00,SE4,solar,26.518,15
2026-03-16T06:30:00+00:00,SE4,solar,31.481,15
2026-03-16T06:45:00+00:00,SE4,solar,36.746,15
2026-03-16T07:00:00+00:00,SE4,solar,61.153,15
2026-03-16T07:15:00+00:00,SE4,solar,79.018,15
2026-03-16T07:30:00+00:00,SE4,solar,90.875,15
2026-03-16T07:45:00+00:00,SE4,solar,103.678,15
2026-03-16T08:00:00+00:00,SE4,solar,136.491,15
2026-03-16T08:15:00+00:00,SE4,solar,150.302,15
2026-03-16T08:30:00+00:00,SE4,solar,164.931,15
2026-03-16T08:45:00+00:00,SE4,solar,178.968,15
2026-03-16T09:00:00+00:00,SE4,solar,210.29,15
2026-03-16T09:15:00+00:00,SE4,solar,219.954,15
2026-03-16T09:30:00+00:00,SE4,solar,231.877,15
2026-03-16T09:45:00+00:00,SE4,solar,237.6,15
2026-03-16T10:00:00+00:00,SE4,solar,243.997,15
2026-03-16T10:15:00+00:00,SE4,solar,248.097,15
2026-03-16T10:30:00+00:00,SE4,solar,246.967,15
2026-03-16T10:45:00+00:00,SE4,solar,241.958,15
2026-03-16T11:00:00+00:00,SE4,solar,224.207,15
2026-03-16T11:15:00+00:00,SE4,solar,212.941,15
2026-03-16T11:30:00+00:00,SE4,solar,203.703,15
2026-03-16T11:45:00+00:00,SE4,solar,197.179,15
2026-03-16T12:00:00+00:00,SE4,solar,178.001,15
2026-03-16T12:15:00+00:00,SE4,solar,169.819,15
2026-03-16T12:30:00+00:00,SE4,solar,160.966,15
2026-03-16T12:45:00+00:00,SE4,solar,152.405,15
2026-03-16T13:00:00+00:00,SE4,solar,131.633,15
2026-03-16T13:15:00+00:00,SE4,solar,117.674,15
2026-03-16T13:30:00+00:00,SE4,solar,107.505,15
2026-03-16T13:45:00+00:00,SE4,solar,97.938,15
2026-03-16T14:00:00+00:00,SE4,solar,71.993,15
2026-03-16T14:15:00+00:00,SE4,solar,64.966,15
2026-03-16T14:30:00+00:00,SE4,solar,58.298,15
2026-03-16T14:45:00+00:00,SE4,solar,52.29,15
2026-03-16T15:00:00+00:00,SE4,solar,35.591,15
2026-03-16T15:15:00+00:00,SE4,solar,31.843,15
2026-03-16T15:30:00+00:00,SE4,solar,28.26,15
2026-03-16T15:45:00+00:00,SE4,solar,24.666,15
2026-03-16T16:00:00+00:00,SE4,solar,10.633,15
2026-03-16T16:15:00+00:00,SE4,solar,8.364,15
2026-03-16T16:30:00+00:00,SE4,solar,6.441,15
2026-03-16T16:45:00+00:00,SE4,solar,4.565,15
2026-03-16T17:00:00+00:00,SE4,solar,1.11,15
2026-03-16T17:15:00+00:00,SE4,solar,0.956,15
2026-03-16T17:30:00+00:00,SE4,solar,0.888,15
2026-03-16T17:45:00+00:00,SE4,solar,0.838,15
2026-03-16T18:00:00+00:00,SE4,solar,0.593,15
2026-03-16T18:15:00+00:00,SE4,solar,0.584,15
2026-03-16T18:30:00+00:00,SE4,solar,0.581,15
2026-03-16T18:45:00+00:00,SE4,solar,0.577,15
2026-03-16T19:00:00+00:00,SE4,solar,0.536,15
2026-03-16T19:15:00+00:00,SE4,solar,0.505,15
2026-03-16T19:30:00+00:00,SE4,solar,0.484,15
2026-03-16T19:45:00+00:00,SE4,solar,0.473,15
2026-03-16T20:00:00+00:00,SE4,solar,0.442,15
2026-03-16T20:15:00+00:00,SE4,solar,0.436,15
2026-03-16T20:30:00+00:00,SE4,solar,0.446,15
2026-03-16T20:45:00+00:00,SE4,solar,0.445,15
2026-03-16T21:00:00+00:00,SE4,solar,0.43,15
2026-03-16T21:30:00+00:00,SE4,solar,0.44,15
2026-03-16T21:45:00+00:00,SE4,solar,0.43,15
2026-03-16T22:00:00+00:00,SE4,solar,0.436,15
2026-03-16T22:15:00+00:00,SE4,solar,0.446,15
2026-03-16T22:30:00+00:00,SE4,solar,0.096,15
2026-03-16T23:00:00+00:00,SE4,solar,0.098,15
2026-03-16T23:30:00+00:00,SE4,solar,0.427,15
2026-03-17T00:00:00+00:00,SE4,solar,0.421,15
2026-03-17T00:15:00+00:00,SE4,solar,0.42,15
2026-03-17T00:45:00+00:00,SE4,solar,0.421,15
2026-03-17T01:00:00+00:00,SE4,solar,0.401,15
2026-03-17T01:15:00+00:00,SE4,solar,0.398,15
2026-03-17T01:30:00+00:00,SE4,solar,0.388,15
2026-03-17T01:45:00+00:00,SE4,solar,0.381,15
2026-03-17T02:45:00+00:00,SE4,solar,0.391,15
2026-03-17T03:00:00+00:00,SE4,solar,0.402,15
2026-03-17T03:15:00+00:00,SE4,solar,0.426,15
2026-03-17T03:30:00+00:00,SE4,solar,0.466,15
2026-03-17T03:45:00+00:00,SE4,solar,0.506,15
2026-03-17T04:00:00+00:00,SE4,solar,0.556,15
2026-03-17T04:15:00+00:00,SE4,solar,0.586,15
2026-03-17T04:30:00+00:00,SE4,solar,0.626,15
2026-03-17T04:45:00+00:00,SE4,solar,0.796,15
2026-03-17T05:00:00+00:00,SE4,solar,1.808,15
2026-03-17T05:15:00+00:00,SE4,solar,2.598,15
2026-03-17T05:30:00+00:00,SE4,solar,3.715,15
2026-03-17T05:45:00+00:00,SE4,solar,5.459,15
2026-03-17T06:00:00+00:00,SE4,solar,22.598,15
2026-03-17T06:15:00+00:00,SE4,solar,28.386,15
2026-03-17T06:30:00+00:00,SE4,solar,35.492,15
2026-03-17T06:45:00+00:00,SE4,solar,44.162,15
2026-03-17T07:00:00+00:00,SE4,solar,72.358,15
2026-03-17T07:15:00+00:00,SE4,solar,84.115,15
2026-03-17T07:30:00+00:00,SE4,solar,96.136,15
2026-03-17T07:45:00+00:00,SE4,solar,104.414,15
2026-03-17T08:00:00+00:00,SE4,solar,143.814,15
2026-03-17T08:15:00+00:00,SE4,solar,162.611,15
2026-03-17T08:30:00+00:00,SE4,solar,180.464,15
2026-03-17T08:45:00+00:00,SE4,solar,200.935,15
2026-03-17T09:00:00+00:00,SE4,solar,245.859,15
2026-03-17T09:15:00+00:00,SE4,solar,285.898,15
2026-03-17T09:30:00+00:00,SE4,solar,294.92,15
2026-03-17T09:45:00+00:00,SE4,solar,316.814,15
2026-03-17T10:00:00+00:00,SE4,solar,365.656,15
2026-03-17T10:15:00+00:00,SE4,solar,377.88,15
2026-03-17T10:30:00+00:00,SE4,solar,391.191,15
2026-03-17T10:45:00+00:00,SE4,solar,403.766,15
2026-03-17T11:00:00+00:00,SE4,solar,436.927,15
2026-03-17T11:15:00+00:00,SE4,solar,442.76,15
2026-03-17T11:30:00+00:00,SE4,solar,446.329,15
2026-03-17T11:45:00+00:00,SE4,solar,445.114,15
2026-03-17T12:00:00+00:00,SE4,solar,442.438,15
2026-03-17T12:15:00+00:00,SE4,solar,437.163,15
2026-03-17T12:30:00+00:00,SE4,solar,430.973,15
2026-03-17T12:45:00+00:00,SE4,solar,422.366,15
2026-03-17T13:00:00+00:00,SE4,solar,399.659,15
2026-03-17T13:15:00+00:00,SE4,solar,383.986,15
2026-03-17T13:30:00+00:00,SE4,solar,366.338,15
2026-03-17T13:45:00+00:00,SE4,solar,346.018,15
2026-03-17T14:00:00+00:00,SE4,solar,283.474,15
2026-03-17T14:15:00+00:00,SE4,solar,255.799,15
2026-03-17T14:30:00+00:00,SE4,solar,229.507,15
2026-03-17T14:45:00+00:00,SE4,solar,203.907,15
2026-03-17T15:00:00+00:00,SE4,solar,139.122,15
2026-03-17T15:15:00+00:00,SE4,solar,116.197,15
2026-03-17T15:30:00+00:00,SE4,solar,95.669,15
2026-03-17T15:45:00+00:00,SE4,solar,78.342,15
2026-03-17T16:00:00+00:00,SE4,solar,33.805,15
2026-03-17T16:15:00+00:00,SE4,solar,25.32,15
2026-03-17T16:30:00+00:00,SE4,solar,19.005,15
2026-03-17T16:45:00+00:00,SE4,solar,13.967,15
2026-03-17T17:00:00+00:00,SE4,solar,3.931,15
2026-03-17T17:15:00+00:00,SE4,solar,2.533,15
2026-03-17T17:30:00+00:00,SE4,solar,2.059,15
2026-03-17T17:45:00+00:00,SE4,solar,1.837,15
2026-03-17T18:00:00+00:00,SE4,solar,0.619,15
2026-03-17T18:15:00+00:00,SE4,solar,0.567,15
2026-03-17T18:30:00+00:00,SE4,solar,0.536,15
2026-03-17T18:45:00+00:00,SE4,solar,0.514,15
2026-03-17T19:00:00+00:00,SE4,solar,0.513,15
2026-03-17T19:15:00+00:00,SE4,solar,0.497,15
2026-03-17T19:30:00+00:00,SE4,solar,0.496,15
2026-03-17T19:45:00+00:00,SE4,solar,0.504,15
2026-03-17T20:30:00+00:00,SE4,solar,0.099,15
2026-03-17T20:45:00+00:00,SE4,solar,0.479,15
2026-03-17T21:00:00+00:00,SE4,solar,0.454,15
2026-03-17T21:15:00+00:00,SE4,solar,0.444,15
2026-03-17T21:30:00+00:00,SE4,solar,0.434,15
2026-03-17T22:00:00+00:00,SE4,solar,0.368,15
2026-03-17T22:15:00+00:00,SE4,solar,0.299,15
2026-03-17T22:30:00+00:00,SE4,solar,0.099,15
2026-03-17T22:45:00+00:00,SE4,solar,0.098,15
2026-03-17T23:00:00+00:00,SE4,solar,0.106,15
2026-03-17T23:30:00+00:00,SE4,solar,0.45,15
2026-03-17T23:45:00+00:00,SE4,solar,0.43,15
2026-03-18T00:00:00+00:00,SE4,solar,0.41,15
2026-03-18T00:15:00+00:00,SE4,solar,0.39,15
2026-03-18T00:45:00+00:00,SE4,solar,0.38,15
2026-03-18T01:00:00+00:00,SE4,solar,0.388,15
2026-03-18T01:30:00+00:00,SE4,solar,0.408,15
2026-03-18T01:45:00+00:00,SE4,solar,0.418,15
2026-03-18T02:00:00+00:00,SE4,solar,0.459,15
2026-03-18T02:15:00+00:00,SE4,solar,0.483,15
2026-03-18T02:30:00+00:00,SE4,solar,0.513,15
2026-03-18T02:45:00+00:00,SE4,solar,0.543,15
2026-03-18T03:00:00+00:00,SE4,solar,0.566,15
2026-03-18T03:15:00+00:00,SE4,solar,0.536,15
2026-03-18T03:30:00+00:00,SE4,solar,0.56,15
2026-03-18T03:45:00+00:00,SE4,solar,0.57,15
2026-03-18T04:00:00+00:00,SE4,solar,0.586,15
2026-03-18T04:15:00+00:00,SE4,solar,0.566,15
2026-03-18T04:30:00+00:00,SE4,solar,0.576,15
2026-03-18T04:45:00+00:00,SE4,solar,0.566,15
2026-03-18T05:00:00+00:00,SE4,solar,1.877,15
2026-03-18T05:15:00+00:00,SE4,solar,2.759,15
2026-03-18T05:30:00+00:00,SE4,solar,4.042,15
2026-03-18T05:45:00+00:00,SE4,solar,6.299,15
2026-03-18T06:00:00+00:00,SE4,solar,25.982,15
2026-03-18T06:15:00+00:00,SE4,solar,32.808,15
2026-03-18T06:30:00+00:00,SE4,solar,40.706,15
2026-03-18T06:45:00+00:00,SE4,solar,50.128,15
2026-03-18T07:00:00+00:00,SE4,solar,84.067,15
2026-03-18T07:15:00+00:00,SE4,solar,99.459,15
2026-03-18T07:30:00+00:00,SE4,solar,124.462,15
2026-03-18T07:45:00+00:00,SE4,solar,144.908,15
2026-03-18T08:00:00+00:00,SE4,solar,202.629,15
2026-03-18T08:15:00+00:00,SE4,solar,231.962,15
2026-03-18T08:30:00+00:00,SE4,solar,253.602,15
2026-03-18T08:45:00+00:00,SE4,solar,276.17,15
2026-03-18T09:00:00+00:00,SE4,solar,336.625,15
2026-03-18T09:15:00+00:00,SE4,solar,356.431,15
2026-03-18T09:30:00+00:00,SE4,solar,375.458,15
2026-03-18T09:45:00+00:00,SE4,solar,392.659,15
2026-03-18T10:00:00+00:00,SE4,solar,437.75,15
2026-03-18T10:15:00+00:00,SE4,solar,449.604,15
2026-03-18T10:30:00+00:00,SE4,solar,458.669,15
2026-03-18T10:45:00+00:00,SE4,solar,464.944,15
2026-03-18T11:00:00+00:00,SE4,solar,476.238,15
2026-03-18T11:15:00+00:00,SE4,solar,478.384,15
2026-03-18T11:30:00+00:00,SE4,solar,478.711,15
2026-03-18T11:45:00+00:00,SE4,solar,476.296,15
2026-03-18T12:00:00+00:00,SE4,solar,464.331,15
2026-03-18T12:15:00+00:00,SE4,solar,456.076,15
2026-03-18T12:30:00+00:00,SE4,solar,448.594,15
2026-03-18T12:45:00+00:00,SE4,solar,434.263,15
2026-03-18T13:00:00+00:00,SE4,solar,420.612,15
2026-03-18T13:15:00+00:00,SE4,solar,404.916,15
2026-03-18T13:30:00+00:00,SE4,solar,387.454,15
2026-03-18T13:45:00+00:00,SE4,solar,370.103,15
2026-03-18T14:00:00+00:00,SE4,solar,308.675,15
2026-03-18T14:15:00+00:00,SE4,solar,284.497,15
2026-03-18T14:30:00+00:00,SE4,solar,258.938,15
2026-03-18T14:45:00+00:00,SE4,solar,232.091,15
2026-03-18T15:00:00+00:00,SE4,solar,161.686,15
2026-03-18T15:15:00+00:00,SE4,solar,138.095,15
2026-03-18T15:30:00+00:00,SE4,solar,115.16,15
2026-03-18T15:45:00+00:00,SE4,solar,93.017,15
2026-03-18T16:00:00+00:00,SE4,solar,35.58,15
2026-03-18T16:15:00+00:00,SE4,solar,27.753,15
2026-03-18T16:30:00+00:00,SE4,solar,22.187,15
2026-03-18T16:45:00+00:00,SE4,solar,17.889,15
2026-03-18T17:00:00+00:00,SE4,solar,7.295,15
2026-03-18T17:15:00+00:00,SE4,solar,6.474,15
2026-03-18T17:30:00+00:00,SE4,solar,5.748,15
2026-03-18T17:45:00+00:00,SE4,solar,4.755,15
2026-03-18T18:00:00+00:00,SE4,solar,2.824,15
2026-03-18T18:15:00+00:00,SE4,solar,1.415,15
2026-03-18T18:30:00+00:00,SE4,solar,1.009,15
2026-03-18T18:45:00+00:00,SE4,solar,0.785,15
2026-03-18T19:00:00+00:00,SE4,solar,0.745,15
2026-03-18T19:15:00+00:00,SE4,solar,0.702,15
2026-03-18T19:30:00+00:00,SE4,solar,0.69,15
2026-03-18T19:45:00+00:00,SE4,solar,0.618,15
2026-03-18T20:00:00+00:00,SE4,solar,0.568,15
2026-03-18T20:15:00+00:00,SE4,solar,0.533,15
2026-03-18T20:30:00+00:00,SE4,solar,0.522,15
2026-03-18T20:45:00+00:00,SE4,solar,0.481,15
2026-03-18T21:00:00+00:00,SE4,solar,0.458,15
2026-03-18T21:15:00+00:00,SE4,solar,0.443,15
2026-03-18T21:45:00+00:00,SE4,solar,0.436,15
2026-03-18T22:00:00+00:00,SE4,solar,0.446,15
2026-03-18T22:15:00+00:00,SE4,solar,0.436,15
2026-03-18T22:30:00+00:00,SE4,solar,0.107,15
2026-03-18T23:00:00+00:00,SE4,solar,0.104,15
2026-03-18T23:15:00+00:00,SE4,solar,0.105,15
2026-03-18T23:30:00+00:00,SE4,solar,0.495,15
2026-03-18T23:45:00+00:00,SE4,solar,0.485,15
2026-03-19T00:00:00+00:00,SE4,solar,0.465,15
2026-03-19T00:15:00+00:00,SE4,solar,0.466,15
2026-03-19T00:30:00+00:00,SE4,solar,0.456,15
2026-03-19T00:45:00+00:00,SE4,solar,0.445,15
2026-03-19T01:00:00+00:00,SE4,solar,0.433,15
2026-03-19T01:30:00+00:00,SE4,solar,0.422,15
2026-03-19T02:00:00+00:00,SE4,solar,0.404,15
2026-03-19T02:15:00+00:00,SE4,solar,0.414,15
2026-03-19T02:45:00+00:00,SE4,solar,0.464,15
2026-03-19T03:00:00+00:00,SE4,solar,0.512,15
2026-03-19T03:15:00+00:00,SE4,solar,0.542,15
2026-03-19T03:30:00+00:00,SE4,solar,0.592,15
2026-03-19T03:45:00+00:00,SE4,solar,0.632,15
2026-03-19T04:00:00+00:00,SE4,solar,0.648,15
2026-03-19T04:15:00+00:00,SE4,solar,0.668,15
2026-03-19T04:30:00+00:00,SE4,solar,0.708,15
2026-03-19T04:45:00+00:00,SE4,solar,0.748,15
2026-03-19T05:00:00+00:00,SE4,solar,2.417,15
2026-03-19T05:15:00+00:00,SE4,solar,3.363,15
2026-03-19T05:30:00+00:00,SE4,solar,5.032,15
2026-03-19T05:45:00+00:00,SE4,solar,7.224,15
2026-03-19T06:00:00+00:00,SE4,solar,26.187,15
2026-03-19T06:15:00+00:00,SE4,solar,31.692,15
2026-03-19T06:30:00+00:00,SE4,solar,37.655,15
2026-03-19T06:45:00+00:00,SE4,solar,44.768,15
2026-03-19T07:00:00+00:00,SE4,solar,68.489,15
2026-03-19T07:15:00+00:00,SE4,solar,79.111,15
2026-03-19T07:30:00+00:00,SE4,solar,91.227,15
2026-03-19T07:45:00+00:00,SE4,solar,103.683,15
2026-03-19T08:00:00+00:00,SE4,solar,138.014,15
2026-03-19T08:15:00+00:00,SE4,solar,148.699,15
2026-03-19T08:30:00+00:00,SE4,solar,162.227,15
2026-03-19T08:45:00+00:00,SE4,solar,172.146,15
2026-03-19T09:00:00+00:00,SE4,solar,204.616,15
2026-03-19T09:15:00+00:00,SE4,solar,214.01,15
2026-03-19T09:30:00+00:00,SE4,solar,219.519,15
2026-03-19T09:45:00+00:00,SE4,solar,214.709,15
2026-03-19T10:00:00+00:00,SE4,solar,214.558,15
2026-03-19T10:15:00+00:00,SE4,solar,215.404,15
2026-03-19T10:30:00+00:00,SE4,solar,213.853,15
2026-03-19T10:45:00+00:00,SE4,solar,211.17,15
2026-03-19T11:00:00+00:00,SE4,solar,196.805,15
2026-03-19T11:15:00+00:00,SE4,solar,193.712,15
2026-03-19T11:30:00+00:00,SE4,solar,189.33,15
2026-03-19T11:45:00+00:00,SE4,solar,184.862,15
2026-03-19T12:00:00+00:00,SE4,solar,167.485,15
2026-03-19T12:15:00+00:00,SE4,solar,160.523,15
2026-03-19T12:30:00+00:00,SE4,solar,153.189,15
2026-03-19T12:45:00+00:00,SE4,solar,145.517,15
2026-03-19T13:00:00+00:00,SE4,solar,125.311,15
2026-03-19T13:15:00+00:00,SE4,solar,114.204,15
2026-03-19T13:30:00+00:00,SE4,solar,105.385,15
2026-03-19T13:45:00+00:00,SE4,solar,97.114,15
2026-03-19T14:00:00+00:00,SE4,solar,66.994,15
2026-03-19T14:15:00+00:00,SE4,solar,59.972,15
2026-03-19T14:30:00+00:00,SE4,solar,54.339,15
2026-03-19T14:45:00+00:00,SE4,solar,48.667,15
2026-03-19T15:00:00+00:00,SE4,solar,33.081,15
2026-03-19T15:15:00+00:00,SE4,solar,29.508,15
2026-03-19T15:30:00+00:00,SE4,solar,26.328,15
2026-03-19T15:45:00+00:00,SE4,solar,22.841,15
2026-03-19T16:00:00+00:00,SE4,solar,9.295,15
2026-03-19T16:15:00+00:00,SE4,solar,7.903,15
2026-03-19T16:30:00+00:00,SE4,solar,6.462,15
2026-03-19T16:45:00+00:00,SE4,solar,6.302,15
2026-03-19T17:00:00+00:00,SE4,solar,2.337,15
2026-03-19T17:15:00+00:00,SE4,solar,1.898,15
2026-03-19T17:30:00+00:00,SE4,solar,1.599,15
2026-03-19T17:45:00+00:00,SE4,solar,1.373,15
2026-03-19T18:00:00+00:00,SE4,solar,0.92,15
2026-03-19T18:15:00+00:00,SE4,solar,0.862,15
2026-03-19T18:30:00+00:00,SE4,solar,0.834,15
2026-03-19T18:45:00+00:00,SE4,solar,0.786,15
2026-03-19T19:00:00+00:00,SE4,solar,0.73,15
2026-03-19T19:15:00+00:00,SE4,solar,0.684,15
2026-03-19T19:30:00+00:00,SE4,solar,0.65,15
2026-03-19T19:45:00+00:00,SE4,solar,0.601,15
2026-03-19T20:00:00+00:00,SE4,solar,0.591,15
2026-03-19T20:15:00+00:00,SE4,solar,0.57,15
2026-03-19T20:30:00+00:00,SE4,solar,0.559,15
2026-03-19T20:45:00+00:00,SE4,solar,0.545,15
2026-03-19T21:00:00+00:00,SE4,solar,0.539,15
2026-03-19T21:15:00+00:00,SE4,solar,0.519,15
2026-03-19T21:45:00+00:00,SE4,solar,0.509,15
2026-03-19T22:00:00+00:00,SE4,solar,0.513,15
2026-03-19T22:30:00+00:00,SE4,solar,0.113,15
2026-03-19T23:00:00+00:00,SE4,solar,0.117,15
2026-03-19T23:30:00+00:00,SE4,solar,0.506,15
2026-03-19T23:45:00+00:00,SE4,solar,0.487,15
2026-03-20T00:00:00+00:00,SE4,solar,0.477,15
2026-03-20T00:15:00+00:00,SE4,solar,0.486,15
2026-03-20T00:30:00+00:00,SE4,solar,0.476,15
2026-03-20T00:45:00+00:00,SE4,solar,0.487,15
2026-03-20T01:00:00+00:00,SE4,solar,0.479,15
2026-03-20T01:15:00+00:00,SE4,solar,0.478,15
2026-03-20T01:45:00+00:00,SE4,solar,0.489,15
2026-03-20T02:00:00+00:00,SE4,solar,0.53,15
2026-03-20T02:15:00+00:00,SE4,solar,0.587,15
2026-03-20T02:30:00+00:00,SE4,solar,0.597,15
2026-03-20T02:45:00+00:00,SE4,solar,0.601,15
2026-03-20T03:00:00+00:00,SE4,solar,0.642,15
2026-03-20T03:15:00+00:00,SE4,solar,0.632,15
2026-03-20T03:30:00+00:00,SE4,solar,0.622,15
2026-03-20T03:45:00+00:00,SE4,solar,0.662,15
2026-03-20T04:00:00+00:00,SE4,solar,0.703,15
2026-03-20T04:15:00+00:00,SE4,solar,0.713,15
2026-03-20T04:30:00+00:00,SE4,solar,0.733,15
2026-03-20T04:45:00+00:00,SE4,solar,0.813,15
2026-03-20T05:00:00+00:00,SE4,solar,3.208,15
2026-03-20T05:15:00+00:00,SE4,solar,4.85,15
2026-03-20T05:30:00+00:00,SE4,solar,7.443,15
2026-03-20T05:45:00+00:00,SE4,solar,10.883,15
2026-03-20T06:00:00+00:00,SE4,solar,33.404,15
2026-03-20T06:15:00+00:00,SE4,solar,41.363,15
2026-03-20T06:30:00+00:00,SE4,solar,50.228,15
2026-03-20T06:45:00+00:00,SE4,solar,60.393,15
2026-03-20T07:00:00+00:00,SE4,solar,94.177,15
2026-03-20T07:15:00+00:00,SE4,solar,111.549,15
2026-03-20T07:30:00+00:00,SE4,solar,130.683,15
2026-03-20T07:45:00+00:00,SE4,solar,152.025,15
2026-03-20T08:00:00+00:00,SE4,solar,204.563,15
2026-03-20T08:15:00+00:00,SE4,solar,228.157,15
2026-03-20T08:30:00+00:00,SE4,solar,252.057,15
2026-03-20T08:45:00+00:00,SE4,solar,276.684,15
2026-03-20T09:00:00+00:00,SE4,solar,326.313,15
2026-03-20T09:15:00+00:00,SE4,solar,347.041,15
2026-03-20T09:30:00+00:00,SE4,solar,366.468,15
2026-03-20T09:45:00+00:00,SE4,solar,385.166,15
2026-03-20T10:00:00+00:00,SE4,solar,424.261,15
2026-03-20T10:15:00+00:00,SE4,solar,439.081,15
2026-03-20T10:30:00+00:00,SE4,solar,453.283,15
2026-03-20T10:45:00+00:00,SE4,solar,465.521,15
2026-03-20T11:00:00+00:00,SE4,solar,480.788,15
2026-03-20T11:15:00+00:00,SE4,solar,486.969,15
2026-03-20T11:30:00+00:00,SE4,solar,497.967,15
2026-03-20T11:45:00+00:00,SE4,solar,498.858,15
2026-03-20T12:00:00+00:00,SE4,solar,492.821,15
2026-03-20T12:15:00+00:00,SE4,solar,487.834,15
2026-03-20T12:30:00+00:00,SE4,solar,478.619,15
2026-03-20T12:45:00+00:00,SE4,solar,466.296,15
2026-03-20T13:00:00+00:00,SE4,solar,443.684,15
2026-03-20T13:15:00+00:00,SE4,solar,430.031,15
2026-03-20T13:30:00+00:00,SE4,solar,411.442,15
2026-03-20T13:45:00+00:00,SE4,solar,388.988,15
2026-03-20T14:00:00+00:00,SE4,solar,306.125,15
2026-03-20T14:15:00+00:00,SE4,solar,280.036,15
2026-03-20T14:30:00+00:00,SE4,solar,252.186,15
2026-03-20T14:45:00+00:00,SE4,solar,225.682,15
2026-03-20T15:00:00+00:00,SE4,solar,171.564,15
2026-03-20T15:15:00+00:00,SE4,solar,146.447,15
2026-03-20T15:30:00+00:00,SE4,solar,119.644,15
2026-03-20T15:45:00+00:00,SE4,solar,95.664,15
2026-03-20T16:00:00+00:00,SE4,solar,40.832,15
2026-03-20T16:15:00+00:00,SE4,solar,29.588,15
2026-03-20T16:30:00+00:00,SE4,solar,21.458,15
2026-03-20T16:45:00+00:00,SE4,solar,14.895,15
2026-03-20T17:00:00+00:00,SE4,solar,5.417,15
2026-03-20T17:15:00+00:00,SE4,solar,5.607,15
2026-03-20T17:30:00+00:00,SE4,solar,5.829,15
2026-03-20T17:45:00+00:00,SE4,solar,6.081,15
2026-03-20T18:00:00+00:00,SE4,solar,5.257,15
2026-03-20T18:15:00+00:00,SE4,solar,4.179,15
2026-03-20T18:30:00+00:00,SE4,solar,3.019,15
2026-03-20T18:45:00+00:00,SE4,solar,1.705,15
2026-03-20T19:00:00+00:00,SE4,solar,1.025,15
2026-03-20T19:15:00+00:00,SE4,solar,0.862,15
2026-03-20T19:30:00+00:00,SE4,solar,0.807,15
2026-03-20T19:45:00+00:00,SE4,solar,0.704,15
2026-03-20T20:00:00+00:00,SE4,solar,0.654,15
2026-03-20T20:15:00+00:00,SE4,solar,0.624,15
2026-03-20T20:30:00+00:00,SE4,solar,0.594,15
2026-03-20T20:45:00+00:00,SE4,solar,0.57,15
2026-03-20T21:00:00+00:00,SE4,solar,0.556,15
2026-03-20T21:15:00+00:00,SE4,solar,0.546,15
2026-03-20T21:30:00+00:00,SE4,solar,0.556,15
2026-03-20T22:00:00+00:00,SE4,solar,0.55,15
2026-03-20T22:30:00+00:00,SE4,solar,0.099,15
2026-03-20T23:00:00+00:00,SE4,solar,0.104,15
2026-03-20T23:30:00+00:00,SE4,solar,0.494,15
2026-03-20T23:45:00+00:00,SE4,solar,0.474,15
2026-03-21T00:00:00+00:00,SE4,solar,0.46,15
2026-03-21T00:15:00+00:00,SE4,solar,0.469,15
2026-03-21T00:30:00+00:00,SE4,solar,0.459,15
2026-03-21T00:45:00+00:00,SE4,solar,0.47,15
2026-03-21T01:00:00+00:00,SE4,solar,0.46,15
2026-03-21T01:15:00+00:00,SE4,solar,0.464,15
2026-03-21T01:45:00+00:00,SE4,solar,0.474,15
2026-03-21T02:00:00+00:00,SE4,solar,0.518,15
2026-03-21T02:15:00+00:00,SE4,solar,0.578,15
2026-03-21T02:30:00+00:00,SE4,solar,0.588,15
2026-03-21T02:45:00+00:00,SE4,solar,0.602,15
2026-03-21T03:00:00+00:00,SE4,solar,0.633,15
2026-03-21T03:15:00+00:00,SE4,solar,0.623,15
2026-03-21T03:30:00+00:00,SE4,solar,0.613,15
2026-03-21T03:45:00+00:00,SE4,solar,0.664,15
2026-03-21T04:00:00+00:00,SE4,solar,0.726,15
2026-03-21T04:15:00+00:00,SE4,solar,0.736,15
2026-03-21T04:30:00+00:00,SE4,solar,0.746,15
2026-03-21T04:45:00+00:00,SE4,solar,0.826,15
2026-03-21T05:00:00+00:00,SE4,solar,2.726,15
2026-03-21T05:15:00+00:00,SE4,solar,4.176,15
2026-03-21T05:30:00+00:00,SE4,solar,6.174,15
2026-03-21T05:45:00+00:00,SE4,solar,8.987,15
2026-03-21T06:00:00+00:00,SE4,solar,29.743,15
2026-03-21T06:15:00+00:00,SE4,solar,36.251,15
2026-03-21T06:30:00+00:00,SE4,solar,43.574,15
2026-03-21T06:45:00+00:00,SE4,solar,52.888,15
2026-03-21T07:00:00+00:00,SE4,solar,83.623,15
2026-03-21T07:15:00+00:00,SE4,solar,98.735,15
2026-03-21T07:30:00+00:00,SE4,solar,117.309,15
2026-03-21T07:45:00+00:00,SE4,solar,137.737,15
2026-03-21T08:00:00+00:00,SE4,solar,196.362,15
2026-03-21T08:15:00+00:00,SE4,solar,220.088,15
2026-03-21T08:30:00+00:00,SE4,solar,244.105,15
2026-03-21T08:45:00+00:00,SE4,solar,269.636,15
2026-03-21T09:00:00+00:00,SE4,solar,322.455,15
2026-03-21T09:15:00+00:00,SE4,solar,343.693,15
2026-03-21T09:30:00+00:00,SE4,solar,363.648,15
2026-03-21T09:45:00+00:00,SE4,solar,382.695,15
2026-03-21T10:00:00+00:00,SE4,solar,416.432,15
2026-03-21T10:15:00+00:00,SE4,solar,430.891,15
2026-03-21T10:30:00+00:00,SE4,solar,441.631,15
2026-03-21T10:45:00+00:00,SE4,solar,452.669,15
2026-03-21T11:00:00+00:00,SE4,solar,465.144,15
2026-03-21T11:15:00+00:00,SE4,solar,470.987,15
2026-03-21T11:30:00+00:00,SE4,solar,471.911,15
2026-03-21T11:45:00+00:00,SE4,solar,470.375,15
2026-03-21T12:00:00+00:00,SE4,solar,464.996,15
2026-03-21T12:15:00+00:00,SE4,solar,459.071,15
2026-03-21T12:30:00+00:00,SE4,solar,450.268,15
2026-03-21T12:45:00+00:00,SE4,solar,439.399,15
2026-03-21T13:00:00+00:00,SE4,solar,412.415,15
2026-03-21T13:15:00+00:00,SE4,solar,395.541,15
2026-03-21T13:30:00+00:00,SE4,solar,375.519,15
2026-03-21T13:45:00+00:00,SE4,solar,354.448,15
2026-03-21T14:00:00+00:00,SE4,solar,305.12,15
2026-03-21T14:15:00+00:00,SE4,solar,277.963,15
2026-03-21T14:30:00+00:00,SE4,solar,250.959,15
2026-03-21T14:45:00+00:00,SE4,solar,223.119,15
2026-03-21T15:00:00+00:00,SE4,solar,168.455,15
2026-03-21T15:15:00+00:00,SE4,solar,141.913,15
2026-03-21T15:30:00+00:00,SE4,solar,117.128,15
2026-03-21T15:45:00+00:00,SE4,solar,95.253,15
2026-03-21T16:00:00+00:00,SE4,solar,51.026,15
2026-03-21T16:15:00+00:00,SE4,solar,37.114,15
2026-03-21T16:30:00+00:00,SE4,solar,27.205,15
2026-03-21T16:45:00+00:00,SE4,solar,19.882,15
2026-03-21T17:00:00+00:00,SE4,solar,7.03,15
2026-03-21T17:15:00+00:00,SE4,solar,4.581,15
2026-03-21T17:30:00+00:00,SE4,solar,3.39,15
2026-03-21T17:45:00+00:00,SE4,solar,2.237,15
2026-03-21T18:00:00+00:00,SE4,solar,0.677,15
2026-03-21T18:15:00+00:00,SE4,solar,0.655,15
2026-03-21T18:30:00+00:00,SE4,solar,0.643,15
2026-03-21T18:45:00+00:00,SE4,solar,0.621,15
2026-03-21T19:00:00+00:00,SE4,solar,0.62,15
2026-03-21T19:30:00+00:00,SE4,solar,0.615,15
2026-03-21T19:45:00+00:00,SE4,solar,0.616,15
2026-03-21T20:00:00+00:00,SE4,solar,0.611,15
2026-03-21T20:15:00+00:00,SE4,solar,0.607,15
2026-03-21T20:30:00+00:00,SE4,solar,0.596,15
2026-03-21T20:45:00+00:00,SE4,solar,0.58,15
2026-03-21T21:00:00+00:00,SE4,solar,0.559,15
2026-03-21T21:30:00+00:00,SE4,solar,0.568,15
2026-03-21T21:45:00+00:00,SE4,solar,0.558,15
2026-03-21T22:00:00+00:00,SE4,solar,0.547,15
2026-03-21T22:15:00+00:00,SE4,solar,0.562,15
2026-03-21T22:30:00+00:00,SE4,solar,0.112,15
2026-03-21T22:45:00+00:00,SE4,solar,0.111,15
2026-03-21T23:00:00+00:00,SE4,solar,0.503,15
2026-03-21T23:30:00+00:00,SE4,solar,0.507,15
2026-03-22T00:30:00+00:00,SE4,solar,0.511,15
2026-03-22T01:00:00+00:00,SE4,solar,0.521,15
2026-03-22T01:15:00+00:00,SE4,solar,0.531,15
2026-03-22T01:30:00+00:00,SE4,solar,0.511,15
2026-03-22T01:45:00+00:00,SE4,solar,0.501,15
2026-03-22T02:00:00+00:00,SE4,solar,0.491,15
2026-03-22T02:15:00+00:00,SE4,solar,0.481,15
2026-03-22T02:30:00+00:00,SE4,solar,0.471,15
2026-03-22T03:00:00+00:00,SE4,solar,0.475,15
2026-03-22T03:15:00+00:00,SE4,solar,0.495,15
2026-03-22T03:30:00+00:00,SE4,solar,0.485,15
2026-03-22T03:45:00+00:00,SE4,solar,0.505,15
2026-03-22T04:00:00+00:00,SE4,solar,0.533,15
2026-03-22T04:15:00+00:00,SE4,solar,0.573,15
2026-03-22T04:30:00+00:00,SE4,solar,0.593,15
2026-03-22T04:45:00+00:00,SE4,solar,0.703,15
2026-03-22T05:00:00+00:00,SE4,solar,3.404,15
2026-03-22T05:15:00+00:00,SE4,solar,5.659,15
2026-03-22T05:30:00+00:00,SE4,solar,10.353,15
2026-03-22T05:45:00+00:00,SE4,solar,16.102,15
2026-03-22T06:00:00+00:00,SE4,solar,47.06,15
2026-03-22T06:15:00+00:00,SE4,solar,58.914,15
2026-03-22T06:30:00+00:00,SE4,solar,73.807,15
2026-03-22T06:45:00+00:00,SE4,solar,88.549,15
2026-03-22T07:00:00+00:00,SE4,solar,129.39,15
2026-03-22T07:15:00+00:00,SE4,solar,149.379,15
2026-03-22T07:30:00+00:00,SE4,solar,172.278,15
2026-03-22T07:45:00+00:00,SE4,solar,194.714,15
2026-03-22T08:00:00+00:00,SE4,solar,257.571,15
2026-03-22T08:15:00+00:00,SE4,solar,283.328,15
2026-03-22T08:30:00+00:00,SE4,solar,307.962,15
2026-03-22T08:45:00+00:00,SE4,solar,333.351,15
2026-03-22T09:00:00+00:00,SE4,solar,381.558,15
2026-03-22T09:15:00+00:00,SE4,solar,404.434,15
2026-03-22T09:30:00+00:00,SE4,solar,451.781,15
2026-03-22T09:45:00+00:00,SE4,solar,467.355,15
2026-03-22T10:00:00+00:00,SE4,solar,494.536,15
2026-03-22T10:15:00+00:00,SE4,solar,509.973,15
2026-03-22T10:30:00+00:00,SE4,solar,510.969,15
2026-03-22T10:45:00+00:00,SE4,solar,516.197,15
2026-03-22T11:00:00+00:00,SE4,solar,518.573,15
2026-03-22T11:15:00+00:00,SE4,solar,520.565,15
2026-03-22T11:30:00+00:00,SE4,solar,519.604,15
2026-03-22T11:45:00+00:00,SE4,solar,516.438,15
2026-03-22T12:00:00+00:00,SE4,solar,504.39,15
2026-03-22T12:15:00+00:00,SE4,solar,498.936,15
2026-03-22T12:30:00+00:00,SE4,solar,489.302,15
2026-03-22T12:45:00+00:00,SE4,solar,477.21,15
2026-03-22T13:00:00+00:00,SE4,solar,448.407,15
2026-03-22T13:15:00+00:00,SE4,solar,430.226,15
2026-03-22T13:30:00+00:00,SE4,solar,407.242,15
2026-03-22T13:45:00+00:00,SE4,solar,383.631,15
2026-03-22T14:00:00+00:00,SE4,solar,332.744,15
2026-03-22T14:15:00+00:00,SE4,solar,308.386,15
2026-03-22T14:30:00+00:00,SE4,solar,282.067,15
2026-03-22T14:45:00+00:00,SE4,solar,252.797,15
2026-03-22T15:00:00+00:00,SE4,solar,184.135,15
2026-03-22T15:15:00+00:00,SE4,solar,156.419,15
2026-03-22T15:30:00+00:00,SE4,solar,130.06,15
2026-03-22T15:45:00+00:00,SE4,solar,106.929,15
2026-03-22T16:00:00+00:00,SE4,solar,59.41,15
2026-03-22T16:15:00+00:00,SE4,solar,43.919,15
2026-03-22T16:30:00+00:00,SE4,solar,32.65,15
2026-03-22T16:45:00+00:00,SE4,solar,23.882,15
2026-03-22T17:00:00+00:00,SE4,solar,7.884,15
2026-03-22T17:15:00+00:00,SE4,solar,6.68,15
2026-03-22T17:30:00+00:00,SE4,solar,5.085,15
2026-03-22T17:45:00+00:00,SE4,solar,4.676,15
2026-03-22T18:00:00+00:00,SE4,solar,2.966,15
2026-03-22T18:15:00+00:00,SE4,solar,1.95,15
2026-03-22T18:30:00+00:00,SE4,solar,1.339,15
2026-03-22T18:45:00+00:00,SE4,solar,1.082,15
2026-03-22T19:00:00+00:00,SE4,solar,0.981,15
2026-03-22T19:15:00+00:00,SE4,solar,0.919,15
2026-03-22T19:30:00+00:00,SE4,solar,0.884,15
2026-03-22T19:45:00+00:00,SE4,solar,0.791,15
2026-03-22T20:00:00+00:00,SE4,solar,0.757,15
2026-03-22T20:15:00+00:00,SE4,solar,0.713,15
2026-03-22T20:30:00+00:00,SE4,solar,0.682,15
2026-03-22T20:45:00+00:00,SE4,solar,0.655,15
2026-03-22T21:00:00+00:00,SE4,solar,0.615,15
2026-03-22T21:15:00+00:00,SE4,solar,0.585,15
2026-03-22T21:30:00+00:00,SE4,solar,0.565,15
2026-03-22T21:45:00+00:00,SE4,solar,0.555,15
2026-03-22T22:00:00+00:00,SE4,solar,0.545,15
2026-03-22T22:15:00+00:00,SE4,solar,0.544,15
2026-03-22T22:30:00+00:00,SE4,solar,0.094,15
2026-03-22T22:45:00+00:00,SE4,solar,0.093,15
2026-03-22T23:00:00+00:00,SE4,solar,0.095,15
2026-03-22T23:30:00+00:00,SE4,solar,0.485,15
2026-03-22T23:45:00+00:00,SE4,solar,0.465,15
2026-03-23T00:00:00+00:00,SE4,solar,0.455,15
2026-03-23T00:15:00+00:00,SE4,solar,0.465,15
2026-03-23T00:30:00+00:00,SE4,solar,0.459,15
2026-03-23T00:45:00+00:00,SE4,solar,0.469,15
2026-03-23T01:00:00+00:00,SE4,solar,0.459,15
2026-03-23T01:15:00+00:00,SE4,solar,0.463,15
2026-03-23T01:45:00+00:00,SE4,solar,0.473,15
2026-03-23T02:00:00+00:00,SE4,solar,0.517,15
2026-03-23T02:15:00+00:00,SE4,solar,0.577,15
2026-03-23T02:30:00+00:00,SE4,solar,0.587,15
2026-03-23T02:45:00+00:00,SE4,solar,0.601,15
2026-03-23T03:00:00+00:00,SE4,solar,0.632,15
2026-03-23T03:30:00+00:00,SE4,solar,0.622,15
2026-03-23T03:45:00+00:00,SE4,solar,0.662,15
2026-03-23T04:00:00+00:00,SE4,solar,0.713,15
2026-03-23T04:15:00+00:00,SE4,solar,0.723,15
2026-03-23T04:30:00+00:00,SE4,solar,0.746,15
2026-03-23T04:45:00+00:00,SE4,solar,0.904,15
2026-03-23T05:00:00+00:00,SE4,solar,4.518,15
2026-03-23T05:15:00+00:00,SE4,solar,6.642,15
2026-03-23T05:30:00+00:00,SE4,solar,10.169,15
2026-03-23T05:45:00+00:00,SE4,solar,14.617,15
2026-03-23T06:00:00+00:00,SE4,solar,47.058,15
2026-03-23T06:15:00+00:00,SE4,solar,55.896,15
2026-03-23T06:30:00+00:00,SE4,solar,66.541,15
2026-03-23T06:45:00+00:00,SE4,solar,77.987,15
2026-03-23T07:00:00+00:00,SE4,solar,108.983,15
2026-03-23T07:15:00+00:00,SE4,solar,124.641,15
2026-03-23T07:30:00+00:00,SE4,solar,142.088,15
2026-03-23T07:45:00+00:00,SE4,solar,159.536,15
2026-03-23T08:00:00+00:00,SE4,solar,201.22,15
2026-03-23T08:15:00+00:00,SE4,solar,219.782,15
2026-03-23T08:30:00+00:00,SE4,solar,239.382,15
2026-03-23T08:45:00+00:00,SE4,solar,262.504,15
2026-03-23T09:00:00+00:00,SE4,solar,295.91,15
2026-03-23T09:15:00+00:00,SE4,solar,312.828,15
2026-03-23T09:30:00+00:00,SE4,solar,327.262,15
2026-03-23T09:45:00+00:00,SE4,solar,340.533,15
2026-03-23T10:00:00+00:00,SE4,solar,349.698,15
2026-03-23T10:15:00+00:00,SE4,solar,360.538,15
2026-03-23T10:30:00+00:00,SE4,solar,370.553,15
2026-03-23T10:45:00+00:00,SE4,solar,379.19,15
2026-03-23T11:00:00+00:00,SE4,solar,391.209,15
2026-03-23T11:15:00+00:00,SE4,solar,398.292,15
2026-03-23T11:30:00+00:00,SE4,solar,401.31,15
2026-03-23T11:45:00+00:00,SE4,solar,398.491,15
2026-03-23T12:00:00+00:00,SE4,solar,387.803,15
2026-03-23T12:15:00+00:00,SE4,solar,385.231,15
2026-03-23T12:30:00+00:00,SE4,solar,380.117,15
2026-03-23T12:45:00+00:00,SE4,solar,371.419,15
2026-03-23T13:00:00+00:00,SE4,solar,343.955,15
2026-03-23T13:15:00+00:00,SE4,solar,330.667,15
2026-03-23T13:30:00+00:00,SE4,solar,316.066,15
2026-03-23T13:45:00+00:00,SE4,solar,297.15,15
2026-03-23T14:00:00+00:00,SE4,solar,252.505,15
2026-03-23T14:15:00+00:00,SE4,solar,230.96,15
2026-03-23T14:30:00+00:00,SE4,solar,207.492,15
2026-03-23T14:45:00+00:00,SE4,solar,182.923,15
2026-03-23T15:00:00+00:00,SE4,solar,135.289,15
2026-03-23T15:15:00+00:00,SE4,solar,112.989,15
2026-03-23T15:30:00+00:00,SE4,solar,92.06,15
2026-03-23T15:45:00+00:00,SE4,solar,74.217,15
2026-03-23T16:00:00+00:00,SE4,solar,41.271,15
2026-03-23T16:15:00+00:00,SE4,solar,30.372,15
2026-03-23T16:30:00+00:00,SE4,solar,22.754,15
2026-03-23T16:45:00+00:00,SE4,solar,17.344,15
2026-03-23T17:00:00+00:00,SE4,solar,6.959,15
2026-03-23T17:15:00+00:00,SE4,solar,7.32,15
2026-03-23T17:30:00+00:00,SE4,solar,5.777,15
2026-03-23T17:45:00+00:00,SE4,solar,5.426,15
2026-03-23T18:00:00+00:00,SE4,solar,4.403,15
2026-03-23T18:15:00+00:00,SE4,solar,3.845,15
2026-03-23T18:30:00+00:00,SE4,solar,3.128,15
2026-03-23T18:45:00+00:00,SE4,solar,2.378,15
2026-03-23T19:00:00+00:00,SE4,solar,1.735,15
2026-03-23T19:15:00+00:00,SE4,solar,1.261,15
2026-03-23T19:30:00+00:00,SE4,solar,0.819,15
2026-03-23T19:45:00+00:00,SE4,solar,0.732,15
2026-03-23T20:00:00+00:00,SE4,solar,0.67,15
2026-03-23T20:15:00+00:00,SE4,solar,0.629,15
2026-03-23T20:30:00+00:00,SE4,solar,0.588,15
2026-03-23T20:45:00+00:00,SE4,solar,0.563,15
2026-03-23T21:00:00+00:00,SE4,solar,0.539,15
2026-03-23T21:15:00+00:00,SE4,solar,0.538,15
2026-03-23T21:30:00+00:00,SE4,solar,0.548,15
2026-03-23T21:45:00+00:00,SE4,solar,0.538,15
2026-03-23T22:00:00+00:00,SE4,solar,0.531,15
2026-03-23T22:15:00+00:00,SE4,solar,0.541,15
2026-03-23T22:30:00+00:00,SE4,solar,0.09,15
2026-03-23T23:00:00+00:00,SE4,solar,0.713,15
2026-03-23T23:15:00+00:00,SE4,solar,0.583,15
2026-03-23T23:30:00+00:00,SE4,solar,0.563,15
2026-03-23T23:45:00+00:00,SE4,solar,0.533,15
2026-03-24T00:00:00+00:00,SE4,solar,0.603,15
2026-03-24T00:15:00+00:00,SE4,solar,0.553,15
2026-03-24T00:30:00+00:00,SE4,solar,0.537,15
2026-03-24T00:45:00+00:00,SE4,solar,0.507,15
2026-03-24T01:00:00+00:00,SE4,solar,0.518,15
2026-03-24T01:15:00+00:00,SE4,solar,0.498,15
2026-03-24T01:30:00+00:00,SE4,solar,0.518,15
2026-03-24T01:45:00+00:00,SE4,solar,0.498,15
2026-03-24T02:00:00+00:00,SE4,solar,0.478,15
2026-03-24T02:15:00+00:00,SE4,solar,0.458,15
2026-03-24T02:30:00+00:00,SE4,solar,0.518,15
2026-03-24T02:45:00+00:00,SE4,solar,0.508,15
2026-03-24T03:00:00+00:00,SE4,solar,0.325,15
2026-03-24T03:15:00+00:00,SE4,solar,0.326,15
2026-03-24T03:30:00+00:00,SE4,solar,0.327,15
2026-03-24T03:45:00+00:00,SE4,solar,0.331,15
2026-03-24T04:00:00+00:00,SE4,solar,0.41,15
2026-03-24T04:15:00+00:00,SE4,solar,0.416,15
2026-03-24T04:30:00+00:00,SE4,solar,0.426,15
2026-03-24T04:45:00+00:00,SE4,solar,0.46,15
2026-03-24T05:00:00+00:00,SE4,solar,2.35,15
2026-03-24T05:15:00+00:00,SE4,solar,3.261,15
2026-03-24T05:30:00+00:00,SE4,solar,4.292,15
2026-03-24T05:45:00+00:00,SE4,solar,5.54,15
2026-03-24T06:00:00+00:00,SE4,solar,18.536,15
2026-03-24T06:15:00+00:00,SE4,solar,21.649,15
2026-03-24T06:30:00+00:00,SE4,solar,24.923,15
2026-03-24T06:45:00+00:00,SE4,solar,28.22,15
2026-03-24T07:00:00+00:00,SE4,solar,44.395,15
2026-03-24T07:15:00+00:00,SE4,solar,49.838,15
2026-03-24T07:30:00+00:00,SE4,solar,55.463,15
2026-03-24T07:45:00+00:00,SE4,solar,62.755,15
2026-03-24T08:00:00+00:00,SE4,solar,77.712,15
2026-03-24T08:15:00+00:00,SE4,solar,96.732,15
2026-03-24T08:30:00+00:00,SE4,solar,102.24,15
2026-03-24T08:45:00+00:00,SE4,solar,105.496,15
2026-03-24T09:00:00+00:00,SE4,solar,114.743,15
2026-03-24T09:15:00+00:00,SE4,solar,118.821,15
2026-03-24T09:30:00+00:00,SE4,solar,121.902,15
2026-03-24T09:45:00+00:00,SE4,solar,115.615,15
2026-03-24T10:00:00+00:00,SE4,solar,116.606,15
2026-03-24T10:15:00+00:00,SE4,solar,117.943,15
2026-03-24T10:30:00+00:00,SE4,solar,119.688,15
2026-03-24T10:45:00+00:00,SE4,solar,121.234,15
2026-03-24T11:00:00+00:00,SE4,solar,125.49,15
2026-03-24T11:15:00+00:00,SE4,solar,126.78,15
2026-03-24T11:30:00+00:00,SE4,solar,125.855,15
2026-03-24T11:45:00+00:00,SE4,solar,126.074,15
2026-03-24T12:00:00+00:00,SE4,solar,128.104,15
2026-03-24T12:15:00+00:00,SE4,solar,126.133,15
2026-03-24T12:30:00+00:00,SE4,solar,122.771,15
2026-03-24T12:45:00+00:00,SE4,solar,117.822,15
2026-03-24T13:00:00+00:00,SE4,solar,107.733,15
2026-03-24T13:15:00+00:00,SE4,solar,119.258,15
2026-03-24T13:30:00+00:00,SE4,solar,113.392,15
2026-03-24T13:45:00+00:00,SE4,solar,106.549,15
2026-03-24T14:00:00+00:00,SE4,solar,87.103,15
2026-03-24T14:15:00+00:00,SE4,solar,81.766,15
2026-03-24T14:30:00+00:00,SE4,solar,73.212,15
2026-03-24T14:45:00+00:00,SE4,solar,58.225,15
2026-03-24T15:00:00+00:00,SE4,solar,38.059,15
2026-03-24T15:15:00+00:00,SE4,solar,31.857,15
2026-03-24T15:30:00+00:00,SE4,solar,26.905,15
2026-03-24T15:45:00+00:00,SE4,solar,22.186,15
2026-03-24T16:00:00+00:00,SE4,solar,10.016,15
2026-03-24T16:15:00+00:00,SE4,solar,8.652,15
2026-03-24T16:30:00+00:00,SE4,solar,7.286,15
2026-03-24T16:45:00+00:00,SE4,solar,6.377,15
2026-03-24T17:00:00+00:00,SE4,solar,2.999,15
2026-03-24T17:15:00+00:00,SE4,solar,2.817,15
2026-03-24T17:30:00+00:00,SE4,solar,2.438,15
2026-03-24T17:45:00+00:00,SE4,solar,2.287,15
2026-03-24T18:00:00+00:00,SE4,solar,1.622,15
2026-03-24T18:15:00+00:00,SE4,solar,1.234,15
2026-03-24T18:30:00+00:00,SE4,solar,1.057,15
2026-03-24T18:45:00+00:00,SE4,solar,0.879,15
2026-03-24T19:00:00+00:00,SE4,solar,0.822,15
2026-03-24T19:15:00+00:00,SE4,solar,0.761,15
2026-03-24T19:30:00+00:00,SE4,solar,0.76,15
2026-03-24T19:45:00+00:00,SE4,solar,0.72,15
2026-03-24T20:00:00+00:00,SE4,solar,0.69,15
2026-03-24T20:15:00+00:00,SE4,solar,0.655,15
2026-03-24T20:30:00+00:00,SE4,solar,0.125,15
2026-03-24T20:45:00+00:00,SE4,solar,0.614,15
2026-03-24T21:00:00+00:00,SE4,solar,0.595,15
2026-03-24T21:30:00+00:00,SE4,solar,0.645,15
2026-03-24T21:45:00+00:00,SE4,solar,0.635,15
2026-03-24T22:00:00+00:00,SE4,solar,0.669,15
2026-03-24T22:15:00+00:00,SE4,solar,0.659,15
2026-03-24T22:30:00+00:00,SE4,solar,0.119,15
2026-03-24T22:45:00+00:00,SE4,solar,0.12,15
2026-03-24T23:00:00+00:00,SE4,solar,0.129,15
2026-03-24T23:15:00+00:00,SE4,solar,0.131,15
2026-03-24T23:30:00+00:00,SE4,solar,0.441,15
2026-03-24T23:45:00+00:00,SE4,solar,0.429,15
2026-03-25T00:00:00+00:00,SE4,solar,0.428,15
2026-03-25T00:15:00+00:00,SE4,solar,0.418,15
2026-03-25T00:30:00+00:00,SE4,solar,0.416,15
2026-03-25T00:45:00+00:00,SE4,solar,0.415,15
2026-03-25T01:00:00+00:00,SE4,solar,0.422,15
2026-03-25T01:15:00+00:00,SE4,solar,0.431,15
2026-03-25T01:30:00+00:00,SE4,solar,0.419,15
2026-03-25T01:45:00+00:00,SE4,solar,0.418,15
2026-03-25T02:00:00+00:00,SE4,solar,0.406,15
2026-03-25T02:15:00+00:00,SE4,solar,0.415,15
2026-03-25T02:30:00+00:00,SE4,solar,0.455,15
2026-03-25T02:45:00+00:00,SE4,solar,0.524,15
2026-03-25T03:00:00+00:00,SE4,solar,0.587,15
2026-03-25T03:15:00+00:00,SE4,solar,0.607,15
2026-03-25T03:45:00+00:00,SE4,solar,0.546,15
2026-03-25T04:00:00+00:00,SE4,solar,0.5,15
2026-03-25T04:15:00+00:00,SE4,solar,0.459,15
2026-03-25T04:30:00+00:00,SE4,solar,0.471,15
2026-03-25T04:45:00+00:00,SE4,solar,0.491,15
2026-03-25T05:00:00+00:00,SE4,solar,0.681,15
2026-03-25T05:15:00+00:00,SE4,solar,0.844,15
2026-03-25T05:30:00+00:00,SE4,solar,1.06,15
2026-03-25T05:45:00+00:00,SE4,solar,1.347,15
2026-03-25T06:00:00+00:00,SE4,solar,5.878,15
2026-03-25T06:15:00+00:00,SE4,solar,6.52,15
2026-03-25T06:30:00+00:00,SE4,solar,7.233,15
2026-03-25T06:45:00+00:00,SE4,solar,8.073,15
2026-03-25T07:00:00+00:00,SE4,solar,13.975,15
2026-03-25T07:15:00+00:00,SE4,solar,15.557,15
2026-03-25T07:30:00+00:00,SE4,solar,17.426,15
2026-03-25T07:45:00+00:00,SE4,solar,19.686,15
2026-03-25T08:00:00+00:00,SE4,solar,29.432,15
2026-03-25T08:15:00+00:00,SE4,solar,33.628,15
2026-03-25T08:30:00+00:00,SE4,solar,38.386,15
2026-03-25T08:45:00+00:00,SE4,solar,43.295,15
2026-03-25T09:00:00+00:00,SE4,solar,78.935,15
2026-03-25T09:15:00+00:00,SE4,solar,87.197,15
2026-03-25T09:30:00+00:00,SE4,solar,93.449,15
2026-03-25T09:45:00+00:00,SE4,solar,97.416,15
2026-03-25T10:00:00+00:00,SE4,solar,114.75,15
2026-03-25T10:15:00+00:00,SE4,solar,128.105,15
2026-03-25T10:30:00+00:00,SE4,solar,151.08,15
2026-03-25T10:45:00+00:00,SE4,solar,152.171,15
2026-03-25T11:00:00+00:00,SE4,solar,156.988,15
2026-03-25T11:15:00+00:00,SE4,solar,160.029,15
2026-03-25T11:30:00+00:00,SE4,solar,162.712,15
2026-03-25T11:45:00+00:00,SE4,solar,163.677,15
2026-03-25T12:00:00+00:00,SE4,solar,160.646,15
2026-03-25T12:15:00+00:00,SE4,solar,163.518,15
2026-03-25T12:30:00+00:00,SE4,solar,162.812,15
2026-03-25T12:45:00+00:00,SE4,solar,162.933,15
2026-03-25T13:00:00+00:00,SE4,solar,162.948,15
2026-03-25T13:15:00+00:00,SE4,solar,159.99,15
2026-03-25T13:30:00+00:00,SE4,solar,154.808,15
2026-03-25T13:45:00+00:00,SE4,solar,154.448,15
2026-03-25T14:00:00+00:00,SE4,solar,148.593,15
2026-03-25T14:15:00+00:00,SE4,solar,146.519,15
2026-03-25T14:30:00+00:00,SE4,solar,140.728,15
2026-03-25T14:45:00+00:00,SE4,solar,134.121,15
2026-03-25T15:00:00+00:00,SE4,solar,108.573,15
2026-03-25T15:15:00+00:00,SE4,solar,99.201,15
2026-03-25T15:30:00+00:00,SE4,solar,86.143,15
2026-03-25T15:45:00+00:00,SE4,solar,72.232,15
2026-03-25T16:00:00+00:00,SE4,solar,40.139,15
2026-03-25T16:15:00+00:00,SE4,solar,29.863,15
2026-03-25T16:30:00+00:00,SE4,solar,21.007,15
2026-03-25T16:45:00+00:00,SE4,solar,15.592,15
2026-03-25T17:00:00+00:00,SE4,solar,3.559,15
2026-03-25T17:15:00+00:00,SE4,solar,2.826,15
2026-03-25T17:30:00+00:00,SE4,solar,2.44,15
2026-03-25T17:45:00+00:00,SE4,solar,2.185,15
2026-03-25T18:00:00+00:00,SE4,solar,0.825,15
2026-03-25T18:15:00+00:00,SE4,solar,0.754,15
2026-03-25T18:30:00+00:00,SE4,solar,0.663,15
2026-03-25T18:45:00+00:00,SE4,solar,0.578,15
2026-03-25T19:00:00+00:00,SE4,solar,0.532,15
2026-03-25T19:15:00+00:00,SE4,solar,0.506,15
2026-03-25T19:30:00+00:00,SE4,solar,0.494,15
2026-03-25T19:45:00+00:00,SE4,solar,0.491,15
2026-03-25T20:00:00+00:00,SE4,solar,0.479,15
2026-03-25T20:15:00+00:00,SE4,solar,0.465,15
2026-03-25T20:30:00+00:00,SE4,solar,0.462,15
2026-03-25T20:45:00+00:00,SE4,solar,0.443,15
2026-03-25T21:00:00+00:00,SE4,solar,0.411,15
2026-03-25T21:15:00+00:00,SE4,solar,0.402,15
2026-03-25T21:45:00+00:00,SE4,solar,0.401,15
2026-03-25T22:00:00+00:00,SE4,solar,0.41,15
2026-03-25T22:15:00+00:00,SE4,solar,0.425,15
2026-03-25T22:30:00+00:00,SE4,solar,0.129,15
2026-03-25T22:45:00+00:00,SE4,solar,0.128,15
2026-03-25T23:00:00+00:00,SE4,solar,0.371,15
2026-03-25T23:15:00+00:00,SE4,solar,0.366,15
2026-03-25T23:30:00+00:00,SE4,solar,0.367,15
2026-03-25T23:45:00+00:00,SE4,solar,0.374,15
2026-03-26T00:00:00+00:00,SE4,solar,0.398,15
2026-03-26T00:15:00+00:00,SE4,solar,0.412,15
2026-03-26T00:30:00+00:00,SE4,solar,0.414,15
2026-03-26T00:45:00+00:00,SE4,solar,0.405,15
2026-03-26T01:00:00+00:00,SE4,solar,0.394,15
2026-03-26T01:45:00+00:00,SE4,solar,0.387,15
2026-03-26T02:00:00+00:00,SE4,solar,0.38,15
2026-03-26T02:30:00+00:00,SE4,solar,0.381,15
2026-03-26T02:45:00+00:00,SE4,solar,0.382,15
2026-03-26T03:00:00+00:00,SE4,solar,0.388,15
2026-03-26T03:15:00+00:00,SE4,solar,0.387,15
2026-03-26T03:30:00+00:00,SE4,solar,0.386,15
2026-03-26T03:45:00+00:00,SE4,solar,0.383,15
2026-03-26T04:15:00+00:00,SE4,solar,0.377,15
2026-03-26T04:30:00+00:00,SE4,solar,0.408,15
2026-03-26T04:45:00+00:00,SE4,solar,0.517,15
2026-03-26T05:00:00+00:00,SE4,solar,2.764,15
2026-03-26T05:15:00+00:00,SE4,solar,4.442,15
2026-03-26T05:30:00+00:00,SE4,solar,6.187,15
2026-03-26T05:45:00+00:00,SE4,solar,8.348,15
2026-03-26T06:00:00+00:00,SE4,solar,29.294,15
2026-03-26T06:15:00+00:00,SE4,solar,36.239,15
2026-03-26T06:30:00+00:00,SE4,solar,43.32,15
2026-03-26T06:45:00+00:00,SE4,solar,48.98,15
2026-03-26T07:00:00+00:00,SE4,solar,75.928,15
2026-03-26T07:15:00+00:00,SE4,solar,86.054,15
2026-03-26T07:30:00+00:00,SE4,solar,98.518,15
2026-03-26T07:45:00+00:00,SE4,solar,111.709,15
2026-03-26T08:00:00+00:00,SE4,solar,152.091,15
2026-03-26T08:15:00+00:00,SE4,solar,156.353,15
2026-03-26T08:30:00+00:00,SE4,solar,167.758,15
2026-03-26T08:45:00+00:00,SE4,solar,172.038,15
2026-03-26T09:00:00+00:00,SE4,solar,196.309,15
2026-03-26T09:15:00+00:00,SE4,solar,204.001,15
2026-03-26T09:30:00+00:00,SE4,solar,195.021,15
2026-03-26T09:45:00+00:00,SE4,solar,200.02,15
2026-03-26T10:00:00+00:00,SE4,solar,219.646,15
2026-03-26T10:15:00+00:00,SE4,solar,224.633,15
2026-03-26T10:30:00+00:00,SE4,solar,229.537,15
2026-03-26T10:45:00+00:00,SE4,solar,233.959,15
2026-03-26T11:00:00+00:00,SE4,solar,241.193,15
2026-03-26T11:15:00+00:00,SE4,solar,242.503,15
2026-03-26T11:30:00+00:00,SE4,solar,244.469,15
2026-03-26T11:45:00+00:00,SE4,solar,246.353,15
2026-03-26T12:00:00+00:00,SE4,solar,241.468,15
2026-03-26T12:15:00+00:00,SE4,solar,239.786,15
2026-03-26T12:30:00+00:00,SE4,solar,238.23,15
2026-03-26T12:45:00+00:00,SE4,solar,235.677,15
2026-03-26T13:00:00+00:00,SE4,solar,228.994,15
2026-03-26T13:15:00+00:00,SE4,solar,222.312,15
2026-03-26T13:30:00+00:00,SE4,solar,216.545,15
2026-03-26T13:45:00+00:00,SE4,solar,209.687,15
2026-03-26T14:00:00+00:00,SE4,solar,184.682,15
2026-03-26T14:15:00+00:00,SE4,solar,183.153,15
2026-03-26T14:30:00+00:00,SE4,solar,179.375,15
2026-03-26T14:45:00+00:00,SE4,solar,168.614,15
2026-03-26T15:00:00+00:00,SE4,solar,129.73,15
2026-03-26T15:15:00+00:00,SE4,solar,116.606,15
2026-03-26T15:30:00+00:00,SE4,solar,101.497,15
2026-03-26T15:45:00+00:00,SE4,solar,87.483,15
2026-03-26T16:00:00+00:00,SE4,solar,46.371,15
2026-03-26T16:15:00+00:00,SE4,solar,36.967,15
2026-03-26T16:30:00+00:00,SE4,solar,28.217,15
2026-03-26T16:45:00+00:00,SE4,solar,21.371,15
2026-03-26T17:00:00+00:00,SE4,solar,5.719,15
2026-03-26T17:15:00+00:00,SE4,solar,3.864,15
2026-03-26T17:30:00+00:00,SE4,solar,2.873,15
2026-03-26T17:45:00+00:00,SE4,solar,2.306,15
2026-03-26T18:00:00+00:00,SE4,solar,0.643,15
2026-03-26T18:15:00+00:00,SE4,solar,0.485,15
2026-03-26T18:30:00+00:00,SE4,solar,0.393,15
2026-03-26T18:45:00+00:00,SE4,solar,0.341,15
2026-03-26T19:00:00+00:00,SE4,solar,0.3,15
2026-03-26T19:15:00+00:00,SE4,solar,0.273,15
2026-03-26T19:30:00+00:00,SE4,solar,0.282,15
2026-03-26T19:45:00+00:00,SE4,solar,0.279,15
2026-03-26T20:00:00+00:00,SE4,solar,0.344,15
2026-03-26T20:15:00+00:00,SE4,solar,0.352,15
2026-03-26T20:30:00+00:00,SE4,solar,0.36,15
2026-03-26T20:45:00+00:00,SE4,solar,0.368,15
2026-03-26T21:00:00+00:00,SE4,solar,0.363,15
2026-03-26T21:15:00+00:00,SE4,solar,0.364,15
2026-03-26T21:30:00+00:00,SE4,solar,0.36,15
2026-03-26T21:45:00+00:00,SE4,solar,0.356,15
2026-03-26T22:00:00+00:00,SE4,solar,0.351,15
2026-03-26T22:15:00+00:00,SE4,solar,0.345,15
2026-03-26T22:30:00+00:00,SE4,solar,0.34,15
2026-03-26T22:45:00+00:00,SE4,solar,0.335,15
2026-03-26T23:00:00+00:00,SE4,solar,0.118,15
2026-03-26T23:15:00+00:00,SE4,solar,0.113,15
2026-03-26T23:30:00+00:00,SE4,solar,0.573,15
2026-03-26T23:45:00+00:00,SE4,solar,0.562,15
2026-03-27T00:00:00+00:00,SE4,solar,0.544,15
2026-03-27T00:15:00+00:00,SE4,solar,0.54,15
2026-03-27T00:30:00+00:00,SE4,solar,0.539,15
2026-03-27T00:45:00+00:00,SE4,solar,0.541,15
2026-03-27T01:00:00+00:00,SE4,solar,0.538,15
2026-03-27T01:15:00+00:00,SE4,solar,0.547,15
2026-03-27T01:30:00+00:00,SE4,solar,0.54,15
2026-03-27T01:45:00+00:00,SE4,solar,0.549,15
2026-03-27T02:00:00+00:00,SE4,solar,0.526,15
2026-03-27T02:15:00+00:00,SE4,solar,0.536,15
2026-03-27T02:30:00+00:00,SE4,solar,0.556,15
2026-03-27T02:45:00+00:00,SE4,solar,0.607,15
2026-03-27T03:00:00+00:00,SE4,solar,0.637,15
2026-03-27T03:15:00+00:00,SE4,solar,0.697,15
2026-03-27T03:30:00+00:00,SE4,solar,0.747,15
2026-03-27T03:45:00+00:00,SE4,solar,0.798,15
2026-03-27T04:00:00+00:00,SE4,solar,0.799,15
2026-03-27T04:15:00+00:00,SE4,solar,0.781,15
2026-03-27T04:30:00+00:00,SE4,solar,0.752,15
2026-03-27T04:45:00+00:00,SE4,solar,0.995,15
2026-03-27T05:00:00+00:00,SE4,solar,7.8,15
2026-03-27T05:15:00+00:00,SE4,solar,11.841,15
2026-03-27T05:30:00+00:00,SE4,solar,17.463,15
2026-03-27T05:45:00+00:00,SE4,solar,25.209,15
2026-03-27T06:00:00+00:00,SE4,solar,62.252,15
2026-03-27T06:15:00+00:00,SE4,solar,77.818,15
2026-03-27T06:30:00+00:00,SE4,solar,96.102,15
2026-03-27T06:45:00+00:00,SE4,solar,116.868,15
2026-03-27T07:00:00+00:00,SE4,solar,171.04,15
2026-03-27T07:15:00+00:00,SE4,solar,196.687,15
2026-03-27T07:30:00+00:00,SE4,solar,223.937,15
2026-03-27T07:45:00+00:00,SE4,solar,251.559,15
2026-03-27T08:00:00+00:00,SE4,solar,316.454,15
2026-03-27T08:15:00+00:00,SE4,solar,344.683,15
2026-03-27T08:30:00+00:00,SE4,solar,373.513,15
2026-03-27T08:45:00+00:00,SE4,solar,388.033,15
2026-03-27T09:00:00+00:00,SE4,solar,453.652,15
2026-03-27T09:15:00+00:00,SE4,solar,477.047,15
2026-03-27T09:30:00+00:00,SE4,solar,500.232,15
2026-03-27T09:45:00+00:00,SE4,solar,518.846,15
2026-03-27T10:00:00+00:00,SE4,solar,558.965,15
2026-03-27T10:15:00+00:00,SE4,solar,572.23,15
2026-03-27T10:30:00+00:00,SE4,solar,582.251,15
2026-03-27T10:45:00+00:00,SE4,solar,589.22,15
2026-03-27T11:00:00+00:00,SE4,solar,595.359,15
2026-03-27T11:15:00+00:00,SE4,solar,596.421,15
2026-03-27T11:30:00+00:00,SE4,solar,593.987,15
2026-03-27T11:45:00+00:00,SE4,solar,588.858,15
2026-03-27T12:00:00+00:00,SE4,solar,581.67,15
2026-03-27T12:15:00+00:00,SE4,solar,572.111,15
2026-03-27T12:30:00+00:00,SE4,solar,560.334,15
2026-03-27T12:45:00+00:00,SE4,solar,548.257,15
2026-03-27T13:00:00+00:00,SE4,solar,497.429,15
2026-03-27T13:15:00+00:00,SE4,solar,478.962,15
2026-03-27T13:30:00+00:00,SE4,solar,462.21,15
2026-03-27T13:45:00+00:00,SE4,solar,438.084,15
2026-03-27T14:00:00+00:00,SE4,solar,374.0,15
2026-03-27T14:15:00+00:00,SE4,solar,348.199,15
2026-03-27T14:30:00+00:00,SE4,solar,320.15,15
2026-03-27T14:45:00+00:00,SE4,solar,290.355,15
2026-03-27T15:00:00+00:00,SE4,solar,217.604,15
2026-03-27T15:15:00+00:00,SE4,solar,189.664,15
2026-03-27T15:30:00+00:00,SE4,solar,160.58,15
2026-03-27T15:45:00+00:00,SE4,solar,133.412,15
2026-03-27T16:00:00+00:00,SE4,solar,74.054,15
2026-03-27T16:15:00+00:00,SE4,solar,55.53,15
2026-03-27T16:30:00+00:00,SE4,solar,39.632,15
2026-03-27T16:45:00+00:00,SE4,solar,28.528,15
2026-03-27T17:00:00+00:00,SE4,solar,8.019,15
2026-03-27T17:15:00+00:00,SE4,solar,5.588,15
2026-03-27T17:30:00+00:00,SE4,solar,4.602,15
2026-03-27T17:45:00+00:00,SE4,solar,4.238,15
2026-03-27T18:00:00+00:00,SE4,solar,2.352,15
2026-03-27T18:15:00+00:00,SE4,solar,2.032,15
2026-03-27T18:30:00+00:00,SE4,solar,1.701,15
2026-03-27T18:45:00+00:00,SE4,solar,1.391,15
2026-03-27T19:00:00+00:00,SE4,solar,0.867,15
2026-03-27T19:15:00+00:00,SE4,solar,0.792,15
2026-03-27T19:30:00+00:00,SE4,solar,0.709,15
2026-03-27T19:45:00+00:00,SE4,solar,0.671,15
2026-03-27T20:00:00+00:00,SE4,solar,0.637,15
2026-03-27T20:15:00+00:00,SE4,solar,0.606,15
2026-03-27T20:30:00+00:00,SE4,solar,0.586,15
2026-03-27T20:45:00+00:00,SE4,solar,0.587,15
2026-03-27T21:00:00+00:00,SE4,solar,0.577,15
2026-03-27T21:30:00+00:00,SE4,solar,0.557,15
2026-03-27T22:00:00+00:00,SE4,solar,0.556,15
2026-03-27T22:15:00+00:00,SE4,solar,0.546,15
2026-03-27T22:30:00+00:00,SE4,solar,0.105,15
2026-03-27T22:45:00+00:00,SE4,solar,0.106,15
2026-03-27T23:00:00+00:00,SE4,solar,0.104,15
2026-03-27T23:15:00+00:00,SE4,solar,0.103,15
2026-03-27T23:30:00+00:00,SE4,solar,0.409,15
2026-03-27T23:45:00+00:00,SE4,solar,0.4,15
2026-03-28T00:15:00+00:00,SE4,solar,0.391,15
2026-03-28T00:30:00+00:00,SE4,solar,0.387,15
2026-03-28T00:45:00+00:00,SE4,solar,0.388,15
2026-03-28T01:00:00+00:00,SE4,solar,0.399,15
2026-03-28T01:15:00+00:00,SE4,solar,0.41,15
2026-03-28T01:30:00+00:00,SE4,solar,0.4,15
2026-03-28T02:00:00+00:00,SE4,solar,0.39,15
2026-03-28T02:15:00+00:00,SE4,solar,0.401,15
2026-03-28T02:30:00+00:00,SE4,solar,0.441,15
2026-03-28T02:45:00+00:00,SE4,solar,0.51,15
2026-03-28T03:00:00+00:00,SE4,solar,0.57,15
2026-03-28T03:15:00+00:00,SE4,solar,0.589,15
2026-03-28T03:45:00+00:00,SE4,solar,0.53,15
2026-03-28T04:00:00+00:00,SE4,solar,0.501,15
2026-03-28T04:15:00+00:00,SE4,solar,0.509,15
2026-03-28T04:30:00+00:00,SE4,solar,0.591,15
2026-03-28T04:45:00+00:00,SE4,solar,0.756,15
2026-03-28T05:00:00+00:00,SE4,solar,4.298,15
2026-03-28T05:15:00+00:00,SE4,solar,4.984,15
2026-03-28T05:30:00+00:00,SE4,solar,5.709,15
2026-03-28T05:45:00+00:00,SE4,solar,6.476,15
2026-03-28T06:00:00+00:00,SE4,solar,14.178,15
2026-03-28T06:15:00+00:00,SE4,solar,15.727,15
2026-03-28T06:30:00+00:00,SE4,solar,17.369,15
2026-03-28T06:45:00+00:00,SE4,solar,18.995,15
2026-03-28T07:00:00+00:00,SE4,solar,26.493,15
2026-03-28T07:15:00+00:00,SE4,solar,28.413,15
2026-03-28T07:30:00+00:00,SE4,solar,30.147,15
2026-03-28T07:45:00+00:00,SE4,solar,31.492,15
2026-03-28T08:00:00+00:00,SE4,solar,38.705,15
2026-03-28T08:15:00+00:00,SE4,solar,41.195,15
2026-03-28T08:30:00+00:00,SE4,solar,43.675,15
2026-03-28T08:45:00+00:00,SE4,solar,48.598,15
2026-03-28T09:00:00+00:00,SE4,solar,54.012,15
2026-03-28T09:15:00+00:00,SE4,solar,56.583,15
2026-03-28T09:30:00+00:00,SE4,solar,59.705,15
2026-03-28T09:45:00+00:00,SE4,solar,62.719,15
2026-03-28T10:00:00+00:00,SE4,solar,68.717,15
2026-03-28T10:15:00+00:00,SE4,solar,70.702,15
2026-03-28T10:30:00+00:00,SE4,solar,72.323,15
2026-03-28T10:45:00+00:00,SE4,solar,73.439,15
2026-03-28T11:00:00+00:00,SE4,solar,75.388,15
2026-03-28T11:15:00+00:00,SE4,solar,77.301,15
2026-03-28T11:30:00+00:00,SE4,solar,77.871,15
2026-03-28T11:45:00+00:00,SE4,solar,78.316,15
2026-03-28T12:00:00+00:00,SE4,solar,81.824,15
2026-03-28T12:15:00+00:00,SE4,solar,84.373,15
2026-03-28T12:30:00+00:00,SE4,solar,86.009,15
2026-03-28T12:45:00+00:00,SE4,solar,82.534,15
2026-03-28T13:00:00+00:00,SE4,solar,78.619,15
2026-03-28T13:15:00+00:00,SE4,solar,77.059,15
2026-03-28T13:30:00+00:00,SE4,solar,75.023,15
2026-03-28T13:45:00+00:00,SE4,solar,71.911,15
2026-03-28T14:00:00+00:00,SE4,solar,64.168,15
2026-03-28T14:15:00+00:00,SE4,solar,61.418,15
2026-03-28T14:30:00+00:00,SE4,solar,57.712,15
2026-03-28T14:45:00+00:00,SE4,solar,51.948,15
2026-03-28T15:00:00+00:00,SE4,solar,40.457,15
2026-03-28T15:15:00+00:00,SE4,solar,36.236,15
2026-03-28T15:30:00+00:00,SE4,solar,32.048,15
2026-03-28T15:45:00+00:00,SE4,solar,27.603,15
2026-03-28T16:00:00+00:00,SE4,solar,16.082,15
2026-03-28T16:15:00+00:00,SE4,solar,13.349,15
2026-03-28T16:30:00+00:00,SE4,solar,10.944,15
2026-03-28T16:45:00+00:00,SE4,solar,8.809,15
2026-03-28T17:00:00+00:00,SE4,solar,3.281,15
2026-03-28T17:15:00+00:00,SE4,solar,2.682,15
2026-03-28T17:30:00+00:00,SE4,solar,2.245,15
2026-03-28T17:45:00+00:00,SE4,solar,1.915,15
2026-03-28T18:00:00+00:00,SE4,solar,0.9,15
2026-03-28T18:15:00+00:00,SE4,solar,0.801,15
2026-03-28T18:30:00+00:00,SE4,solar,0.716,15
2026-03-28T18:45:00+00:00,SE4,solar,0.639,15
2026-03-28T19:00:00+00:00,SE4,solar,0.585,15
2026-03-28T19:15:00+00:00,SE4,solar,0.562,15
2026-03-28T19:30:00+00:00,SE4,solar,0.539,15
2026-03-28T19:45:00+00:00,SE4,solar,0.536,15
2026-03-28T20:00:00+00:00,SE4,solar,0.522,15
2026-03-28T20:15:00+00:00,SE4,solar,0.511,15
2026-03-28T20:30:00+00:00,SE4,solar,0.51,15
2026-03-28T20:45:00+00:00,SE4,solar,0.489,15
2026-03-28T21:00:00+00:00,SE4,solar,0.463,15
2026-03-28T21:15:00+00:00,SE4,solar,0.453,15
2026-03-28T21:30:00+00:00,SE4,solar,0.448,15
2026-03-28T21:45:00+00:00,SE4,solar,0.447,15
2026-03-28T22:00:00+00:00,SE4,solar,0.456,15
2026-03-28T22:15:00+00:00,SE4,solar,0.481,15
2026-03-28T22:30:00+00:00,SE4,solar,0.113,15
2026-03-28T22:45:00+00:00,SE4,solar,0.116,15
2026-03-28T23:00:00+00:00,SE4,solar,0.513,15
2026-03-28T23:15:00+00:00,SE4,solar,0.532,15
2026-03-28T23:30:00+00:00,SE4,solar,0.512,15
2026-03-28T23:45:00+00:00,SE4,solar,0.522,15
2026-03-29T00:00:00+00:00,SE4,solar,0.512,15
2026-03-29T00:15:00+00:00,SE4,solar,0.532,15
2026-03-29T00:30:00+00:00,SE4,solar,0.512,15
2026-03-29T00:45:00+00:00,SE4,solar,0.517,15
2026-03-29T01:00:00+00:00,SE4,solar,0.531,15
2026-03-29T01:15:00+00:00,SE4,solar,0.571,15
2026-03-29T01:30:00+00:00,SE4,solar,0.531,15
2026-03-29T01:45:00+00:00,SE4,solar,0.551,15
2026-03-29T02:00:00+00:00,SE4,solar,0.507,15
2026-03-29T02:15:00+00:00,SE4,solar,0.547,15
2026-03-29T02:30:00+00:00,SE4,solar,0.527,15
2026-03-29T03:00:00+00:00,SE4,solar,0.492,15
2026-03-29T03:15:00+00:00,SE4,solar,0.532,15
2026-03-29T03:30:00+00:00,SE4,solar,0.522,15
2026-03-29T03:45:00+00:00,SE4,solar,0.533,15
2026-03-29T04:00:00+00:00,SE4,solar,0.487,15
2026-03-29T04:15:00+00:00,SE4,solar,0.561,15
2026-03-29T04:30:00+00:00,SE4,solar,0.589,15
2026-03-29T04:45:00+00:00,SE4,solar,1.024,15
2026-03-29T05:00:00+00:00,SE4,solar,6.4,15
2026-03-29T05:15:00+00:00,SE4,solar,8.277,15
2026-03-29T05:30:00+00:00,SE4,solar,10.549,15
2026-03-29T05:45:00+00:00,SE4,solar,13.391,15
2026-03-29T06:00:00+00:00,SE4,solar,35.707,15
2026-03-29T06:15:00+00:00,SE4,solar,42.668,15
2026-03-29T06:30:00+00:00,SE4,solar,50.67,15
2026-03-29T06:45:00+00:00,SE4,solar,59.563,15
2026-03-29T07:00:00+00:00,SE4,solar,97.587,15
2026-03-29T07:15:00+00:00,SE4,solar,111.027,15
2026-03-29T07:30:00+00:00,SE4,solar,125.513,15
2026-03-29T07:45:00+00:00,SE4,solar,142.639,15
2026-03-29T08:00:00+00:00,SE4,solar,194.981,15
2026-03-29T08:15:00+00:00,SE4,solar,212.061,15
2026-03-29T08:30:00+00:00,SE4,solar,236.994,15
2026-03-29T08:45:00+00:00,SE4,solar,251.121,15
2026-03-29T09:00:00+00:00,SE4,solar,302.492,15
2026-03-29T09:15:00+00:00,SE4,solar,317.459,15
2026-03-29T09:30:00+00:00,SE4,solar,331.585,15
2026-03-29T09:45:00+00:00,SE4,solar,338.733,15
2026-03-29T10:00:00+00:00,SE4,solar,383.447,15
2026-03-29T10:15:00+00:00,SE4,solar,393.79,15
2026-03-29T10:30:00+00:00,SE4,solar,403.946,15
2026-03-29T10:45:00+00:00,SE4,solar,412.989,15
2026-03-29T11:00:00+00:00,SE4,solar,464.105,15
2026-03-29T11:15:00+00:00,SE4,solar,469.444,15
2026-03-29T11:30:00+00:00,SE4,solar,477.878,15
2026-03-29T11:45:00+00:00,SE4,solar,477.431,15
2026-03-29T12:00:00+00:00,SE4,solar,467.338,15
2026-03-29T12:15:00+00:00,SE4,solar,463.879,15
2026-03-29T12:30:00+00:00,SE4,solar,461.873,15
2026-03-29T12:45:00+00:00,SE4,solar,453.721,15
2026-03-29T13:00:00+00:00,SE4,solar,417.985,15
2026-03-29T13:15:00+00:00,SE4,solar,406.201,15
2026-03-29T13:30:00+00:00,SE4,solar,389.486,15
2026-03-29T13:45:00+00:00,SE4,solar,368.45,15
2026-03-29T14:00:00+00:00,SE4,solar,299.421,15
2026-03-29T14:15:00+00:00,SE4,solar,275.158,15
2026-03-29T14:30:00+00:00,SE4,solar,245.948,15
2026-03-29T14:45:00+00:00,SE4,solar,221.222,15
2026-03-29T15:00:00+00:00,SE4,solar,161.192,15
2026-03-29T15:15:00+00:00,SE4,solar,140.556,15
2026-03-29T15:30:00+00:00,SE4,solar,117.736,15
2026-03-29T15:45:00+00:00,SE4,solar,98.309,15
2026-03-29T16:00:00+00:00,SE4,solar,53.178,15
2026-03-29T16:15:00+00:00,SE4,solar,41.757,15
2026-03-29T16:30:00+00:00,SE4,solar,30.437,15
2026-03-29T16:45:00+00:00,SE4,solar,25.032,15
2026-03-29T17:00:00+00:00,SE4,solar,9.028,15
2026-03-29T17:15:00+00:00,SE4,solar,9.31,15
2026-03-29T17:30:00+00:00,SE4,solar,8.842,15
2026-03-29T17:45:00+00:00,SE4,solar,8.69,15
2026-03-29T18:00:00+00:00,SE4,solar,6.179,15
2026-03-29T18:15:00+00:00,SE4,solar,4.604,15
2026-03-29T18:30:00+00:00,SE4,solar,3.444,15
2026-03-29T18:45:00+00:00,SE4,solar,2.148,15
2026-03-29T19:00:00+00:00,SE4,solar,1.763,15
2026-03-29T19:15:00+00:00,SE4,solar,1.552,15
2026-03-29T19:30:00+00:00,SE4,solar,1.681,15
2026-03-29T19:45:00+00:00,SE4,solar,1.099,15
2026-03-29T20:00:00+00:00,SE4,solar,0.983,15
2026-03-29T20:15:00+00:00,SE4,solar,0.442,15
2026-03-29T20:30:00+00:00,SE4,solar,0.437,15
2026-03-29T20:45:00+00:00,SE4,solar,0.436,15
2026-03-29T21:00:00+00:00,SE4,solar,0.434,15
2026-03-29T22:00:00+00:00,SE4,solar,0.641,15
2026-03-29T22:15:00+00:00,SE4,solar,0.653,15
2026-03-29T22:30:00+00:00,SE4,solar,0.61,15
2026-03-29T22:45:00+00:00,SE4,solar,0.572,15
2026-03-29T23:00:00+00:00,SE4,solar,0.133,15
2026-03-29T23:30:00+00:00,SE4,solar,0.802,15
2026-03-29T23:45:00+00:00,SE4,solar,0.702,15
2026-03-30T00:00:00+00:00,SE4,solar,0.691,15
2026-03-30T00:30:00+00:00,SE4,solar,0.67,15
2026-03-30T00:45:00+00:00,SE4,solar,0.62,15
2026-03-30T01:00:00+00:00,SE4,solar,0.563,15
2026-03-30T01:15:00+00:00,SE4,solar,0.593,15
2026-03-30T01:30:00+00:00,SE4,solar,0.623,15
2026-03-30T01:45:00+00:00,SE4,solar,0.603,15
2026-03-30T02:00:00+00:00,SE4,solar,0.599,15
2026-03-30T02:15:00+00:00,SE4,solar,0.589,15
2026-03-30T02:30:00+00:00,SE4,solar,0.559,15
2026-03-30T02:45:00+00:00,SE4,solar,0.519,15
2026-03-30T03:00:00+00:00,SE4,solar,0.534,15
2026-03-30T03:15:00+00:00,SE4,solar,0.555,15
2026-03-30T03:30:00+00:00,SE4,solar,0.581,15
2026-03-30T03:45:00+00:00,SE4,solar,0.211,15
2026-03-30T04:00:00+00:00,SE4,solar,0.259,15
2026-03-30T04:15:00+00:00,SE4,solar,0.333,15
2026-03-30T04:30:00+00:00,SE4,solar,0.426,15
2026-03-30T04:45:00+00:00,SE4,solar,0.586,15
2026-03-30T05:00:00+00:00,SE4,solar,1.957,15
2026-03-30T05:15:00+00:00,SE4,solar,2.321,15
2026-03-30T05:30:00+00:00,SE4,solar,2.736,15
2026-03-30T05:45:00+00:00,SE4,solar,3.255,15
2026-03-30T06:00:00+00:00,SE4,solar,9.281,15
2026-03-30T06:15:00+00:00,SE4,solar,10.52,15
2026-03-30T06:30:00+00:00,SE4,solar,12.067,15
2026-03-30T06:45:00+00:00,SE4,solar,14.479,15
2026-03-30T07:00:00+00:00,SE4,solar,26.206,15
2026-03-30T07:15:00+00:00,SE4,solar,30.035,15
2026-03-30T07:30:00+00:00,SE4,solar,35.006,15
2026-03-30T07:45:00+00:00,SE4,solar,40.9,15
2026-03-30T08:00:00+00:00,SE4,solar,57.555,15
2026-03-30T08:15:00+00:00,SE4,solar,60.127,15
2026-03-30T08:30:00+00:00,SE4,solar,66.577,15
2026-03-30T08:45:00+00:00,SE4,solar,73.06,15
2026-03-30T09:00:00+00:00,SE4,solar,98.238,15
2026-03-30T09:15:00+00:00,SE4,solar,105.463,15
2026-03-30T09:30:00+00:00,SE4,solar,112.92,15
2026-03-30T09:45:00+00:00,SE4,solar,119.903,15
2026-03-30T10:00:00+00:00,SE4,solar,141.753,15
2026-03-30T10:15:00+00:00,SE4,solar,148.448,15
2026-03-30T10:30:00+00:00,SE4,solar,156.628,15
2026-03-30T10:45:00+00:00,SE4,solar,164.902,15
2026-03-30T11:00:00+00:00,SE4,solar,185.173,15
2026-03-30T11:15:00+00:00,SE4,solar,193.563,15
2026-03-30T11:30:00+00:00,SE4,solar,200.437,15
2026-03-30T11:45:00+00:00,SE4,solar,204.895,15
2026-03-30T12:00:00+00:00,SE4,solar,210.873,15
2026-03-30T12:15:00+00:00,SE4,solar,214.916,15
2026-03-30T12:30:00+00:00,SE4,solar,214.697,15
2026-03-30T12:45:00+00:00,SE4,solar,214.034,15
2026-03-30T13:00:00+00:00,SE4,solar,211.071,15
2026-03-30T13:15:00+00:00,SE4,solar,212.299,15
2026-03-30T13:30:00+00:00,SE4,solar,207.524,15
2026-03-30T13:45:00+00:00,SE4,solar,202.728,15
2026-03-30T14:00:00+00:00,SE4,solar,187.823,15
2026-03-30T14:15:00+00:00,SE4,solar,170.401,15
2026-03-30T14:30:00+00:00,SE4,solar,156.491,15
2026-03-30T14:45:00+00:00,SE4,solar,144.101,15
2026-03-30T15:00:00+00:00,SE4,solar,111.083,15
2026-03-30T15:15:00+00:00,SE4,solar,96.764,15
2026-03-30T15:30:00+00:00,SE4,solar,84.399,15
2026-03-30T15:45:00+00:00,SE4,solar,74.225,15
2026-03-30T16:00:00+00:00,SE4,solar,40.437,15
2026-03-30T16:15:00+00:00,SE4,solar,33.714,15
2026-03-30T16:30:00+00:00,SE4,solar,29.92,15
2026-03-30T16:45:00+00:00,SE4,solar,25.98,15
2026-03-30T17:00:00+00:00,SE4,solar,7.912,15
2026-03-30T17:15:00+00:00,SE4,solar,4.141,15
2026-03-30T17:30:00+00:00,SE4,solar,4.335,15
2026-03-30T17:45:00+00:00,SE4,solar,2.431,15
2026-03-30T18:00:00+00:00,SE4,solar,1.588,15
2026-03-30T18:15:00+00:00,SE4,solar,0.775,15
2026-03-30T18:30:00+00:00,SE4,solar,0.749,15
2026-03-30T18:45:00+00:00,SE4,solar,0.667,15
2026-03-30T19:00:00+00:00,SE4,solar,0.672,15
2026-03-30T19:15:00+00:00,SE4,solar,0.571,15
2026-03-30T19:30:00+00:00,SE4,solar,0.111,15
2026-03-30T19:45:00+00:00,SE4,solar,0.582,15
2026-03-30T20:00:00+00:00,SE4,solar,0.739,15
2026-03-30T20:15:00+00:00,SE4,solar,0.72,15
2026-03-30T20:30:00+00:00,SE4,solar,0.696,15
2026-03-30T20:45:00+00:00,SE4,solar,0.615,15
2026-03-30T21:00:00+00:00,SE4,solar,0.754,15
2026-03-30T21:15:00+00:00,SE4,solar,0.623,15
2026-03-30T21:30:00+00:00,SE4,solar,0.622,15
2026-03-30T21:45:00+00:00,SE4,solar,0.532,15
2026-03-30T22:00:00+00:00,SE4,solar,0.202,15
2026-03-30T22:15:00+00:00,SE4,solar,0.201,15
2026-03-30T23:15:00+00:00,SE4,solar,0.198,15
2026-03-30T23:30:00+00:00,SE4,solar,0.196,15
2026-03-30T23:45:00+00:00,SE4,solar,0.194,15
2026-03-31T00:00:00+00:00,SE4,solar,0.187,15
2026-03-31T00:15:00+00:00,SE4,solar,0.186,15
2026-03-31T00:30:00+00:00,SE4,solar,0.185,15
2026-03-31T01:00:00+00:00,SE4,solar,0.178,15
2026-03-31T01:15:00+00:00,SE4,solar,0.176,15
2026-03-31T01:30:00+00:00,SE4,solar,0.174,15
2026-03-31T01:45:00+00:00,SE4,solar,0.167,15
2026-03-31T02:00:00+00:00,SE4,solar,0.163,15
2026-03-31T02:15:00+00:00,SE4,solar,0.161,15
2026-03-31T02:45:00+00:00,SE4,solar,0.164,15
2026-03-31T03:00:00+00:00,SE4,solar,0.169,15
2026-03-31T03:15:00+00:00,SE4,solar,0.181,15
2026-03-31T03:30:00+00:00,SE4,solar,0.184,15
2026-03-31T03:45:00+00:00,SE4,solar,0.191,15
2026-03-31T04:00:00+00:00,SE4,solar,0.245,15
2026-03-31T04:15:00+00:00,SE4,solar,0.289,15
2026-03-31T04:30:00+00:00,SE4,solar,0.384,15
2026-03-31T04:45:00+00:00,SE4,solar,0.698,15
2026-03-31T05:00:00+00:00,SE4,solar,3.818,15
2026-03-31T05:15:00+00:00,SE4,solar,5.239,15
2026-03-31T05:30:00+00:00,SE4,solar,6.852,15
2026-03-31T05:45:00+00:00,SE4,solar,8.751,15
2026-03-31T06:00:00+00:00,SE4,solar,25.429,15
2026-03-31T06:15:00+00:00,SE4,solar,31.573,15
2026-03-31T06:30:00+00:00,SE4,solar,37.739,15
2026-03-31T06:45:00+00:00,SE4,solar,44.296,15
2026-03-31T07:00:00+00:00,SE4,solar,77.894,15
2026-03-31T07:15:00+00:00,SE4,solar,90.961,15
2026-03-31T07:30:00+00:00,SE4,solar,89.642,15
2026-03-31T07:45:00+00:00,SE4,solar,100.675,15
2026-03-31T08:00:00+00:00,SE4,solar,130.026,15
2026-03-31T08:15:00+00:00,SE4,solar,147.17,15
2026-03-31T08:30:00+00:00,SE4,solar,160.391,15
2026-03-31T08:45:00+00:00,SE4,solar,178.451,15
2026-03-31T09:00:00+00:00,SE4,solar,231.334,15
2026-03-31T09:15:00+00:00,SE4,solar,249.92,15
2026-03-31T09:30:00+00:00,SE4,solar,266.974,15
2026-03-31T09:45:00+00:00,SE4,solar,283.318,15
2026-03-31T10:00:00+00:00,SE4,solar,327.143,15
2026-03-31T10:15:00+00:00,SE4,solar,341.526,15
2026-03-31T10:30:00+00:00,SE4,solar,353.271,15
2026-03-31T10:45:00+00:00,SE4,solar,365.609,15
2026-03-31T11:00:00+00:00,SE4,solar,389.205,15
2026-03-31T11:15:00+00:00,SE4,solar,396.226,15
2026-03-31T11:30:00+00:00,SE4,solar,402.196,15
2026-03-31T11:45:00+00:00,SE4,solar,406.118,15
2026-03-31T12:00:00+00:00,SE4,solar,412.388,15
2026-03-31T12:15:00+00:00,SE4,solar,422.775,15
2026-03-31T12:30:00+00:00,SE4,solar,421.651,15
2026-03-31T12:45:00+00:00,SE4,solar,430.477,15
2026-03-31T13:00:00+00:00,SE4,solar,412.584,15
2026-03-31T13:15:00+00:00,SE4,solar,403.85,15
2026-03-31T13:30:00+00:00,SE4,solar,393.738,15
2026-03-31T13:45:00+00:00,SE4,solar,382.366,15
2026-03-31T14:00:00+00:00,SE4,solar,345.028,15
2026-03-31T14:15:00+00:00,SE4,solar,333.699,15
2026-03-31T14:30:00+00:00,SE4,solar,316.868,15
2026-03-31T14:45:00+00:00,SE4,solar,298.42,15
2026-03-31T15:00:00+00:00,SE4,solar,242.73,15
2026-03-31T15:15:00+00:00,SE4,solar,217.592,15
2026-03-31T15:30:00+00:00,SE4,solar,189.238,15
2026-03-31T15:45:00+00:00,SE4,solar,163.838,15
2026-03-31T16:00:00+00:00,SE4,solar,107.288,15
2026-03-31T16:15:00+00:00,SE4,solar,85.27,15
2026-03-31T16:30:00+00:00,SE4,solar,63.79,15
2026-03-31T16:45:00+00:00,SE4,solar,47.028,15
2026-03-31T17:00:00+00:00,SE4,solar,6.822,15
2026-03-31T17:15:00+00:00,SE4,solar,4.753,15
2026-03-31T17:30:00+00:00,SE4,solar,3.512,15
2026-03-31T17:45:00+00:00,SE4,solar,2.478,15
2026-03-31T18:00:00+00:00,SE4,solar,0.449,15
2026-03-31T18:15:00+00:00,SE4,solar,0.403,15
2026-03-31T18:30:00+00:00,SE4,solar,0.362,15
2026-03-31T18:45:00+00:00,SE4,solar,0.305,15
2026-03-31T19:00:00+00:00,SE4,solar,0.299,15
2026-03-31T19:15:00+00:00,SE4,solar,0.279,15
2026-03-31T19:30:00+00:00,SE4,solar,0.262,15
2026-03-31T19:45:00+00:00,SE4,solar,0.242,15
2026-03-31T20:00:00+00:00,SE4,solar,0.21,15
2026-03-31T20:15:00+00:00,SE4,solar,0.208,15
2026-03-31T20:30:00+00:00,SE4,solar,0.287,15
2026-03-31T20:45:00+00:00,SE4,solar,0.293,15
2026-03-31T21:00:00+00:00,SE4,solar,0.325,15
2026-03-31T21:15:00+00:00,SE4,solar,0.351,15
2026-03-31T21:30:00+00:00,SE4,solar,0.375,15
2026-03-31T21:45:00+00:00,SE4,solar,0.399,15
2026-03-31T22:00:00+00:00,SE4,solar,0.174,15
2026-03-31T22:30:00+00:00,SE4,solar,0.176,15
2026-03-31T22:45:00+00:00,SE4,solar,0.178,15
2026-03-31T23:00:00+00:00,SE4,solar,0.342,15
2026-03-31T23:15:00+00:00,SE4,solar,0.377,15
2026-03-31T23:30:00+00:00,SE4,solar,0.414,15
2026-03-31T23:45:00+00:00,SE4,solar,0.453,15
2026-04-01T00:00:00+00:00,SE4,solar,0.466,15
2026-04-01T00:15:00+00:00,SE4,solar,0.487,15
2026-04-01T00:30:00+00:00,SE4,solar,0.49,15
2026-04-01T00:45:00+00:00,SE4,solar,0.479,15
2026-04-01T01:00:00+00:00,SE4,solar,0.462,15
2026-04-01T01:15:00+00:00,SE4,solar,0.457,15
2026-04-01T01:30:00+00:00,SE4,solar,0.455,15
2026-04-01T01:45:00+00:00,SE4,solar,0.453,15
2026-04-01T02:00:00+00:00,SE4,solar,0.454,15
2026-04-01T02:15:00+00:00,SE4,solar,0.455,15
2026-04-01T02:30:00+00:00,SE4,solar,0.456,15
2026-04-01T02:45:00+00:00,SE4,solar,0.458,15
2026-04-01T03:00:00+00:00,SE4,solar,0.478,15
2026-04-01T03:15:00+00:00,SE4,solar,0.477,15
2026-04-01T03:30:00+00:00,SE4,solar,0.478,15
2026-04-01T03:45:00+00:00,SE4,solar,0.489,15
2026-04-01T04:00:00+00:00,SE4,solar,0.582,15
2026-04-01T04:15:00+00:00,SE4,solar,0.778,15
2026-04-01T04:30:00+00:00,SE4,solar,0.991,15
2026-04-01T04:45:00+00:00,SE4,solar,1.657,15
2026-04-01T05:00:00+00:00,SE4,solar,13.497,15
2026-04-01T05:15:00+00:00,SE4,solar,18.882,15
2026-04-01T05:30:00+00:00,SE4,solar,24.968,15
2026-04-01T05:45:00+00:00,SE4,solar,31.813,15
2026-04-01T06:00:00+00:00,SE4,solar,101.319,15
2026-04-01T06:15:00+00:00,SE4,solar,129.275,15
2026-04-01T06:30:00+00:00,SE4,solar,154.613,15
2026-04-01T06:45:00+00:00,SE4,solar,179.599,15
2026-04-01T07:00:00+00:00,SE4,solar,248.208,15
2026-04-01T07:15:00+00:00,SE4,solar,278.314,15
2026-04-01T07:30:00+00:00,SE4,solar,308.388,15
2026-04-01T07:45:00+00:00,SE4,solar,337.643,15
2026-04-01T08:00:00+00:00,SE4,solar,410.312,15
2026-04-01T08:15:00+00:00,SE4,solar,438.999,15
2026-04-01T08:30:00+00:00,SE4,solar,439.906,15
2026-04-01T08:45:00+00:00,SE4,solar,464.2,15
2026-04-01T09:00:00+00:00,SE4,solar,514.878,15
2026-04-01T09:15:00+00:00,SE4,solar,532.045,15
2026-04-01T09:30:00+00:00,SE4,solar,546.898,15
2026-04-01T09:45:00+00:00,SE4,solar,562.059,15
2026-04-01T10:00:00+00:00,SE4,solar,585.369,15
2026-04-01T10:15:00+00:00,SE4,solar,589.342,15
2026-04-01T10:30:00+00:00,SE4,solar,592.812,15
2026-04-01T10:45:00+00:00,SE4,solar,595.675,15
2026-04-01T11:00:00+00:00,SE4,solar,597.701,15
2026-04-01T11:15:00+00:00,SE4,solar,599.909,15
2026-04-01T11:30:00+00:00,SE4,solar,599.44,15
2026-04-01T11:45:00+00:00,SE4,solar,596.664,15
2026-04-01T12:00:00+00:00,SE4,solar,581.319,15
2026-04-01T12:15:00+00:00,SE4,solar,573.299,15
2026-04-01T12:30:00+00:00,SE4,solar,580.407,15
2026-04-01T12:45:00+00:00,SE4,solar,594.427,15
2026-04-01T13:00:00+00:00,SE4,solar,560.558,15
2026-04-01T13:15:00+00:00,SE4,solar,540.048,15
2026-04-01T13:30:00+00:00,SE4,solar,517.927,15
2026-04-01T13:45:00+00:00,SE4,solar,494.804,15
2026-04-01T14:00:00+00:00,SE4,solar,436.503,15
2026-04-01T14:15:00+00:00,SE4,solar,405.714,15
2026-04-01T14:30:00+00:00,SE4,solar,376.825,15
2026-04-01T14:45:00+00:00,SE4,solar,348.396,15
2026-04-01T15:00:00+00:00,SE4,solar,274.161,15
2026-04-01T15:15:00+00:00,SE4,solar,241.831,15
2026-04-01T15:30:00+00:00,SE4,solar,212.274,15
2026-04-01T15:45:00+00:00,SE4,solar,183.817,15
2026-04-01T16:00:00+00:00,SE4,solar,120.985,15
2026-04-01T16:15:00+00:00,SE4,solar,88.115,15
2026-04-01T16:30:00+00:00,SE4,solar,70.883,15
2026-04-01T16:45:00+00:00,SE4,solar,54.213,15
2026-04-01T17:00:00+00:00,SE4,solar,18.521,15
2026-04-01T17:15:00+00:00,SE4,solar,6.351,15
2026-04-01T17:30:00+00:00,SE4,solar,4.784,15
2026-04-01T17:45:00+00:00,SE4,solar,3.64,15
2026-04-01T18:00:00+00:00,SE4,solar,0.897,15
2026-04-01T18:15:00+00:00,SE4,solar,0.834,15
2026-04-01T18:30:00+00:00,SE4,solar,0.698,15
2026-04-01T18:45:00+00:00,SE4,solar,0.589,15
2026-04-01T19:00:00+00:00,SE4,solar,0.475,15
2026-04-01T19:15:00+00:00,SE4,solar,0.462,15
2026-04-01T19:30:00+00:00,SE4,solar,0.44,15
2026-04-01T19:45:00+00:00,SE4,solar,0.421,15
2026-04-01T20:00:00+00:00,SE4,solar,0.408,15
2026-04-01T20:15:00+00:00,SE4,solar,0.388,15
2026-04-01T20:30:00+00:00,SE4,solar,0.385,15
2026-04-01T20:45:00+00:00,SE4,solar,0.378,15
2026-04-01T21:00:00+00:00,SE4,solar,0.373,15
2026-04-01T21:45:00+00:00,SE4,solar,0.368,15
2026-04-01T22:00:00+00:00,SE4,solar,0.37,15
2026-04-01T22:15:00+00:00,SE4,solar,0.119,15
2026-04-01T22:30:00+00:00,SE4,solar,0.118,15
2026-04-01T22:45:00+00:00,SE4,solar,0.117,15
2026-04-01T23:00:00+00:00,SE4,solar,0.112,15
2026-04-01T23:45:00+00:00,SE4,solar,0.111,15
2026-04-02T01:00:00+00:00,SE4,solar,0.117,15
2026-04-02T01:15:00+00:00,SE4,solar,0.119,15
2026-04-02T01:30:00+00:00,SE4,solar,0.12,15
2026-04-02T01:45:00+00:00,SE4,solar,0.121,15
2026-04-02T02:00:00+00:00,SE4,solar,0.13,15
2026-04-02T02:30:00+00:00,SE4,solar,0.131,15
2026-04-02T03:00:00+00:00,SE4,solar,0.14,15
2026-04-02T04:00:00+00:00,SE4,solar,0.871,15
2026-04-02T04:15:00+00:00,SE4,solar,1.4,15
2026-04-02T04:30:00+00:00,SE4,solar,1.636,15
2026-04-02T04:45:00+00:00,SE4,solar,2.255,15
2026-04-02T05:00:00+00:00,SE4,solar,10.643,15
2026-04-02T05:15:00+00:00,SE4,solar,13.782,15
2026-04-02T05:30:00+00:00,SE4,solar,18.064,15
2026-04-02T05:45:00+00:00,SE4,solar,23.186,15
2026-04-02T06:00:00+00:00,SE4,solar,57.755,15
2026-04-02T06:15:00+00:00,SE4,solar,80.712,15
2026-04-02T06:30:00+00:00,SE4,solar,97.45,15
2026-04-02T06:45:00+00:00,SE4,solar,113.351,15
2026-04-02T07:00:00+00:00,SE4,solar,162.199,15
2026-04-02T07:15:00+00:00,SE4,solar,182.066,15
2026-04-02T07:30:00+00:00,SE4,solar,202.49,15
2026-04-02T07:45:00+00:00,SE4,solar,223.726,15
2026-04-02T08:00:00+00:00,SE4,solar,272.416,15
2026-04-02T08:15:00+00:00,SE4,solar,306.093,15
2026-04-02T08:30:00+00:00,SE4,solar,323.41,15
2026-04-02T08:45:00+00:00,SE4,solar,337.385,15
2026-04-02T09:00:00+00:00,SE4,solar,372.902,15
2026-04-02T09:15:00+00:00,SE4,solar,383.228,15
2026-04-02T09:30:00+00:00,SE4,solar,390.811,15
2026-04-02T09:45:00+00:00,SE4,solar,397.435,15
2026-04-02T10:00:00+00:00,SE4,solar,408.322,15
2026-04-02T10:15:00+00:00,SE4,solar,410.746,15
2026-04-02T10:30:00+00:00,SE4,solar,409.764,15
2026-04-02T10:45:00+00:00,SE4,solar,406.692,15
2026-04-02T11:00:00+00:00,SE4,solar,392.199,15
2026-04-02T11:15:00+00:00,SE4,solar,384.014,15
2026-04-02T11:30:00+00:00,SE4,solar,376.797,15
2026-04-02T11:45:00+00:00,SE4,solar,369.171,15
2026-04-02T12:00:00+00:00,SE4,solar,346.145,15
2026-04-02T12:15:00+00:00,SE4,solar,335.81,15
2026-04-02T12:30:00+00:00,SE4,solar,326.282,15
2026-04-02T12:45:00+00:00,SE4,solar,311.885,15
2026-04-02T13:00:00+00:00,SE4,solar,302.278,15
2026-04-02T13:15:00+00:00,SE4,solar,291.345,15
2026-04-02T13:30:00+00:00,SE4,solar,273.814,15
2026-04-02T13:45:00+00:00,SE4,solar,254.712,15
2026-04-02T14:00:00+00:00,SE4,solar,201.271,15
2026-04-02T14:15:00+00:00,SE4,solar,183.537,15
2026-04-02T14:30:00+00:00,SE4,solar,174.022,15
2026-04-02T14:45:00+00:00,SE4,solar,155.927,15
2026-04-02T15:00:00+00:00,SE4,solar,105.721,15
2026-04-02T15:15:00+00:00,SE4,solar,91.994,15
2026-04-02T15:30:00+00:00,SE4,solar,78.922,15
2026-04-02T15:45:00+00:00,SE4,solar,66.084,15
2026-04-02T16:00:00+00:00,SE4,solar,29.69,15
2026-04-02T16:15:00+00:00,SE4,solar,24.53,15
2026-04-02T16:30:00+00:00,SE4,solar,20.163,15
2026-04-02T16:45:00+00:00,SE4,solar,15.69,15
2026-04-02T17:00:00+00:00,SE4,solar,3.169,15
2026-04-02T17:15:00+00:00,SE4,solar,2.357,15
2026-04-02T17:30:00+00:00,SE4,solar,1.9,15
2026-04-02T17:45:00+00:00,SE4,solar,1.511,15
2026-04-02T18:00:00+00:00,SE4,solar,0.486,15
2026-04-02T18:15:00+00:00,SE4,solar,0.458,15
2026-04-02T18:30:00+00:00,SE4,solar,0.438,15
2026-04-02T18:45:00+00:00,SE4,solar,0.409,15
2026-04-02T19:00:00+00:00,SE4,solar,0.308,15
2026-04-02T19:15:00+00:00,SE4,solar,0.297,15
2026-04-02T19:30:00+00:00,SE4,solar,0.287,15
2026-04-02T20:00:00+00:00,SE4,solar,0.304,15
2026-04-02T20:15:00+00:00,SE4,solar,0.309,15
2026-04-02T20:30:00+00:00,SE4,solar,0.31,15
2026-04-02T20:45:00+00:00,SE4,solar,0.312,15
2026-04-02T21:30:00+00:00,SE4,solar,0.319,15
2026-04-02T21:45:00+00:00,SE4,solar,0.321,15
2026-04-02T22:00:00+00:00,SE4,solar,0.309,15
2026-04-02T22:15:00+00:00,SE4,solar,0.316,15
2026-04-02T22:30:00+00:00,SE4,solar,0.327,15
2026-04-02T22:45:00+00:00,SE4,solar,0.337,15
2026-04-02T23:00:00+00:00,SE4,solar,0.346,15
2026-04-02T23:15:00+00:00,SE4,solar,0.348,15
2026-04-02T23:45:00+00:00,SE4,solar,0.346,15
2026-04-03T00:00:00+00:00,SE4,solar,0.559,15
2026-04-03T00:15:00+00:00,SE4,solar,0.538,15
2026-04-03T00:30:00+00:00,SE4,solar,0.527,15
2026-04-03T00:45:00+00:00,SE4,solar,0.516,15
2026-04-03T01:00:00+00:00,SE4,solar,0.533,15
2026-04-03T01:15:00+00:00,SE4,solar,0.522,15
2026-04-03T01:45:00+00:00,SE4,solar,0.511,15
2026-04-03T02:00:00+00:00,SE4,solar,0.522,15
2026-04-03T02:15:00+00:00,SE4,solar,0.512,15
2026-04-03T02:45:00+00:00,SE4,solar,0.502,15
2026-04-03T03:00:00+00:00,SE4,solar,0.522,15
2026-04-03T03:15:00+00:00,SE4,solar,0.52,15
2026-04-03T03:30:00+00:00,SE4,solar,0.534,15
2026-04-03T03:45:00+00:00,SE4,solar,0.538,15
2026-04-03T04:00:00+00:00,SE4,solar,0.678,15
2026-04-03T04:15:00+00:00,SE4,solar,0.797,15
2026-04-03T04:30:00+00:00,SE4,solar,0.998,15
2026-04-03T04:45:00+00:00,SE4,solar,1.392,15
2026-04-03T05:00:00+00:00,SE4,solar,5.029,15
2026-04-03T05:15:00+00:00,SE4,solar,6.072,15
2026-04-03T05:30:00+00:00,SE4,solar,7.453,15
2026-04-03T05:45:00+00:00,SE4,solar,9.116,15
2026-04-03T06:00:00+00:00,SE4,solar,20.645,15
2026-04-03T06:15:00+00:00,SE4,solar,23.817,15
2026-04-03T06:30:00+00:00,SE4,solar,27.556,15
2026-04-03T06:45:00+00:00,SE4,solar,32.852,15
2026-04-03T07:00:00+00:00,SE4,solar,48.712,15
2026-04-03T07:15:00+00:00,SE4,solar,54.916,15
2026-04-03T07:30:00+00:00,SE4,solar,62.107,15
2026-04-03T07:45:00+00:00,SE4,solar,69.349,15
2026-04-03T08:00:00+00:00,SE4,solar,90.86,15
2026-04-03T08:15:00+00:00,SE4,solar,93.287,15
2026-04-03T08:30:00+00:00,SE4,solar,101.655,15
2026-04-03T08:45:00+00:00,SE4,solar,108.872,15
2026-04-03T09:00:00+00:00,SE4,solar,126.557,15
2026-04-03T09:15:00+00:00,SE4,solar,132.852,15
2026-04-03T09:30:00+00:00,SE4,solar,139.802,15
2026-04-03T09:45:00+00:00,SE4,solar,144.902,15
2026-04-03T10:00:00+00:00,SE4,solar,157.314,15
2026-04-03T10:15:00+00:00,SE4,solar,161.937,15
2026-04-03T10:30:00+00:00,SE4,solar,165.859,15
2026-04-03T10:45:00+00:00,SE4,solar,169.007,15
2026-04-03T11:00:00+00:00,SE4,solar,174.765,15
2026-04-03T11:15:00+00:00,SE4,solar,178.634,15
2026-04-03T11:30:00+00:00,SE4,solar,182.033,15
2026-04-03T11:45:00+00:00,SE4,solar,185.157,15
2026-04-03T12:00:00+00:00,SE4,solar,218.498,15
2026-04-03T12:15:00+00:00,SE4,solar,218.786,15
2026-04-03T12:30:00+00:00,SE4,solar,217.186,15
2026-04-03T12:45:00+00:00,SE4,solar,212.012,15
2026-04-03T13:00:00+00:00,SE4,solar,201.342,15
2026-04-03T13:15:00+00:00,SE4,solar,202.32,15
2026-04-03T13:30:00+00:00,SE4,solar,207.144,15
2026-04-03T13:45:00+00:00,SE4,solar,199.311,15
2026-04-03T14:00:00+00:00,SE4,solar,170.143,15
2026-04-03T14:15:00+00:00,SE4,solar,177.378,15
2026-04-03T14:30:00+00:00,SE4,solar,165.105,15
2026-04-03T14:45:00+00:00,SE4,solar,152.095,15
2026-04-03T15:00:00+00:00,SE4,solar,113.126,15
2026-04-03T15:15:00+00:00,SE4,solar,99.951,15
2026-04-03T15:30:00+00:00,SE4,solar,87.381,15
2026-04-03T15:45:00+00:00,SE4,solar,74.357,15
2026-04-03T16:00:00+00:00,SE4,solar,42.858,15
2026-04-03T16:15:00+00:00,SE4,solar,36.099,15
2026-04-03T16:30:00+00:00,SE4,solar,29.545,15
2026-04-03T16:45:00+00:00,SE4,solar,23.62,15
2026-04-03T17:00:00+00:00,SE4,solar,4.491,15
2026-04-03T17:15:00+00:00,SE4,solar,3.235,15
2026-04-03T17:30:00+00:00,SE4,solar,2.435,15
2026-04-03T17:45:00+00:00,SE4,solar,1.712,15
2026-04-03T18:00:00+00:00,SE4,solar,0.696,15
2026-04-03T18:15:00+00:00,SE4,solar,0.67,15
2026-04-03T18:30:00+00:00,SE4,solar,0.654,15
2026-04-03T18:45:00+00:00,SE4,solar,0.637,15
2026-04-03T19:00:00+00:00,SE4,solar,0.343,15
2026-04-03T19:15:00+00:00,SE4,solar,0.344,15
2026-04-03T19:30:00+00:00,SE4,solar,0.339,15
2026-04-03T19:45:00+00:00,SE4,solar,0.33,15
2026-04-03T20:00:00+00:00,SE4,solar,0.317,15
2026-04-03T20:15:00+00:00,SE4,solar,0.314,15
2026-04-03T20:30:00+00:00,SE4,solar,0.313,15
2026-04-03T20:45:00+00:00,SE4,solar,0.312,15
2026-04-03T21:00:00+00:00,SE4,solar,0.315,15
2026-04-03T21:15:00+00:00,SE4,solar,0.309,15
2026-04-03T21:30:00+00:00,SE4,solar,0.306,15
2026-04-03T21:45:00+00:00,SE4,solar,0.3,15
2026-04-03T22:00:00+00:00,SE4,solar,0.131,15
2026-04-03T22:15:00+00:00,SE4,solar,0.128,15
2026-04-03T22:30:00+00:00,SE4,solar,0.586,15
2026-04-03T22:45:00+00:00,SE4,solar,0.575,15
2026-04-03T23:00:00+00:00,SE4,solar,0.544,15
2026-04-03T23:15:00+00:00,SE4,solar,0.547,15
2026-04-03T23:30:00+00:00,SE4,solar,0.549,15
2026-04-03T23:45:00+00:00,SE4,solar,0.541,15
2026-04-04T00:00:00+00:00,SE4,solar,0.553,15
2026-04-04T00:15:00+00:00,SE4,solar,0.555,15
2026-04-04T00:30:00+00:00,SE4,solar,0.557,15
2026-04-04T00:45:00+00:00,SE4,solar,0.559,15
2026-04-04T01:15:00+00:00,SE4,solar,0.58,15
2026-04-04T02:00:00+00:00,SE4,solar,0.604,15
2026-04-04T02:15:00+00:00,SE4,solar,0.605,15
2026-04-04T02:30:00+00:00,SE4,solar,0.606,15
2026-04-04T02:45:00+00:00,SE4,solar,0.617,15
2026-04-04T03:00:00+00:00,SE4,solar,0.63,15
2026-04-04T03:15:00+00:00,SE4,solar,0.632,15
2026-04-04T03:30:00+00:00,SE4,solar,0.63,15
2026-04-04T03:45:00+00:00,SE4,solar,0.642,15
2026-04-04T04:00:00+00:00,SE4,solar,0.866,15
2026-04-04T04:15:00+00:00,SE4,solar,1.335,15
2026-04-04T04:30:00+00:00,SE4,solar,1.548,15
2026-04-04T04:45:00+00:00,SE4,solar,2.134,15
2026-04-04T05:00:00+00:00,SE4,solar,10.677,15
2026-04-04T05:15:00+00:00,SE4,solar,12.992,15
2026-04-04T05:30:00+00:00,SE4,solar,16.097,15
2026-04-04T05:45:00+00:00,SE4,solar,19.935,15
2026-04-04T06:00:00+00:00,SE4,solar,39.611,15
2026-04-04T06:15:00+00:00,SE4,solar,47.05,15
2026-04-04T06:30:00+00:00,SE4,solar,57.867,15
2026-04-04T06:45:00+00:00,SE4,solar,69.609,15
2026-04-04T07:00:00+00:00,SE4,solar,109.073,15
2026-04-04T07:15:00+00:00,SE4,solar,126.875,15
2026-04-04T07:30:00+00:00,SE4,solar,147.357,15
2026-04-04T07:45:00+00:00,SE4,solar,166.191,15
2026-04-04T08:00:00+00:00,SE4,solar,211.422,15
2026-04-04T08:15:00+00:00,SE4,solar,230.624,15
2026-04-04T08:30:00+00:00,SE4,solar,249.565,15
2026-04-04T08:45:00+00:00,SE4,solar,267.675,15
2026-04-04T09:00:00+00:00,SE4,solar,315.946,15
2026-04-04T09:15:00+00:00,SE4,solar,332.868,15
2026-04-04T09:30:00+00:00,SE4,solar,351.811,15
2026-04-04T09:45:00+00:00,SE4,solar,369.301,15
2026-04-04T10:00:00+00:00,SE4,solar,412.824,15
2026-04-04T10:15:00+00:00,SE4,solar,426.788,15
2026-04-04T10:30:00+00:00,SE4,solar,441.173,15
2026-04-04T10:45:00+00:00,SE4,solar,455.484,15
2026-04-04T11:00:00+00:00,SE4,solar,477.861,15
2026-04-04T11:15:00+00:00,SE4,solar,487.197,15
2026-04-04T11:30:00+00:00,SE4,solar,495.294,15
2026-04-04T11:45:00+00:00,SE4,solar,499.891,15
2026-04-04T12:00:00+00:00,SE4,solar,501.788,15
2026-04-04T12:15:00+00:00,SE4,solar,502.59,15
2026-04-04T12:30:00+00:00,SE4,solar,501.407,15
2026-04-04T12:45:00+00:00,SE4,solar,497.354,15
2026-04-04T13:00:00+00:00,SE4,solar,483.471,15
2026-04-04T13:15:00+00:00,SE4,solar,481.88,15
2026-04-04T13:30:00+00:00,SE4,solar,465.324,15
2026-04-04T13:45:00+00:00,SE4,solar,446.016,15
2026-04-04T14:00:00+00:00,SE4,solar,388.264,15
2026-04-04T14:15:00+00:00,SE4,solar,366.718,15
2026-04-04T14:30:00+00:00,SE4,solar,341.298,15
2026-04-04T14:45:00+00:00,SE4,solar,315.401,15
2026-04-04T15:00:00+00:00,SE4,solar,254.923,15
2026-04-04T15:15:00+00:00,SE4,solar,227.057,15
2026-04-04T15:30:00+00:00,SE4,solar,198.184,15
2026-04-04T15:45:00+00:00,SE4,solar,172.233,15
2026-04-04T16:00:00+00:00,SE4,solar,114.452,15
2026-04-04T16:15:00+00:00,SE4,solar,93.165,15
2026-04-04T16:30:00+00:00,SE4,solar,73.786,15
2026-04-04T16:45:00+00:00,SE4,solar,57.051,15
2026-04-04T17:00:00+00:00,SE4,solar,18.306,15
2026-04-04T17:15:00+00:00,SE4,solar,12.744,15
2026-04-04T17:30:00+00:00,SE4,solar,8.968,15
2026-04-04T17:45:00+00:00,SE4,solar,7.176,15
2026-04-04T18:00:00+00:00,SE4,solar,2.07,15
2026-04-04T18:15:00+00:00,SE4,solar,1.897,15
2026-04-04T18:45:00+00:00,SE4,solar,1.715,15
2026-04-04T19:00:00+00:00,SE4,solar,1.103,15
2026-04-04T19:15:00+00:00,SE4,solar,1.024,15
2026-04-04T19:30:00+00:00,SE4,solar,0.989,15
2026-04-04T19:45:00+00:00,SE4,solar,0.761,15
2026-04-04T20:00:00+00:00,SE4,solar,0.702,15
2026-04-04T20:15:00+00:00,SE4,solar,0.662,15
2026-04-04T20:30:00+00:00,SE4,solar,0.641,15
2026-04-04T20:45:00+00:00,SE4,solar,0.614,15
2026-04-04T21:00:00+00:00,SE4,solar,0.649,15
2026-04-04T21:15:00+00:00,SE4,solar,0.646,15
2026-04-04T21:30:00+00:00,SE4,solar,0.165,15
2026-04-04T22:00:00+00:00,SE4,solar,0.317,15
2026-04-04T22:15:00+00:00,SE4,solar,0.313,15
2026-04-04T22:30:00+00:00,SE4,solar,0.306,15
2026-04-04T22:45:00+00:00,SE4,solar,0.299,15
2026-04-04T23:00:00+00:00,SE4,solar,0.297,15
2026-04-04T23:15:00+00:00,SE4,solar,0.295,15
2026-04-04T23:30:00+00:00,SE4,solar,0.293,15
2026-04-04T23:45:00+00:00,SE4,solar,0.29,15
2026-04-05T00:00:00+00:00,SE4,solar,0.289,15
2026-04-05T00:15:00+00:00,SE4,solar,0.284,15
2026-04-05T00:45:00+00:00,SE4,solar,0.285,15
2026-04-05T01:00:00+00:00,SE4,solar,0.305,15
2026-04-05T01:15:00+00:00,SE4,solar,0.308,15
2026-04-05T01:30:00+00:00,SE4,solar,0.306,15
2026-04-05T01:45:00+00:00,SE4,solar,0.309,15
2026-04-05T02:00:00+00:00,SE4,solar,0.319,15
2026-04-05T02:15:00+00:00,SE4,solar,0.326,15
2026-04-05T02:45:00+00:00,SE4,solar,0.316,15
2026-04-05T03:00:00+00:00,SE4,solar,0.328,15
2026-04-05T03:15:00+00:00,SE4,solar,0.327,15
2026-04-05T03:30:00+00:00,SE4,solar,0.322,15
2026-04-05T04:00:00+00:00,SE4,solar,0.465,15
2026-04-05T04:15:00+00:00,SE4,solar,0.56,15
2026-04-05T04:30:00+00:00,SE4,solar,0.713,15
2026-04-05T04:45:00+00:00,SE4,solar,1.007,15
2026-04-05T05:00:00+00:00,SE4,solar,6.101,15
2026-04-05T05:15:00+00:00,SE4,solar,7.009,15
2026-04-05T05:30:00+00:00,SE4,solar,7.981,15
2026-04-05T05:45:00+00:00,SE4,solar,9.053,15
2026-04-05T06:00:00+00:00,SE4,solar,20.114,15
2026-04-05T06:15:00+00:00,SE4,solar,21.983,15
2026-04-05T06:30:00+00:00,SE4,solar,23.81,15
2026-04-05T06:45:00+00:00,SE4,solar,25.589,15
2026-04-05T07:00:00+00:00,SE4,solar,40.137,15
2026-04-05T07:15:00+00:00,SE4,solar,44.623,15
2026-04-05T07:30:00+00:00,SE4,solar,49.015,15
2026-04-05T07:45:00+00:00,SE4,solar,55.115,15
2026-04-05T08:00:00+00:00,SE4,solar,71.524,15
2026-04-05T08:15:00+00:00,SE4,solar,77.828,15
2026-04-05T08:30:00+00:00,SE4,solar,86.771,15
2026-04-05T08:45:00+00:00,SE4,solar,98.569,15
2026-04-05T09:00:00+00:00,SE4,solar,142.567,15
2026-04-05T09:15:00+00:00,SE4,solar,163.132,15
2026-04-05T09:30:00+00:00,SE4,solar,183.049,15
2026-04-05T09:45:00+00:00,SE4,solar,203.167,15
2026-04-05T10:00:00+00:00,SE4,solar,263.648,15
2026-04-05T10:15:00+00:00,SE4,solar,294.416,15
2026-04-05T10:30:00+00:00,SE4,solar,314.801,15
2026-04-05T10:45:00+00:00,SE4,solar,335.968,15
2026-04-05T11:00:00+00:00,SE4,solar,397.187,15
2026-04-05T11:15:00+00:00,SE4,solar,425.479,15
2026-04-05T11:30:00+00:00,SE4,solar,440.731,15
2026-04-05T11:45:00+00:00,SE4,solar,453.71,15
2026-04-05T12:00:00+00:00,SE4,solar,481.749,15
2026-04-05T12:15:00+00:00,SE4,solar,494.417,15
2026-04-05T12:30:00+00:00,SE4,solar,493.964,15
2026-04-05T12:45:00+00:00,SE4,solar,488.332,15
2026-04-05T13:00:00+00:00,SE4,solar,476.542,15
2026-04-05T13:15:00+00:00,SE4,solar,466.271,15
2026-04-05T13:30:00+00:00,SE4,solar,450.903,15
2026-04-05T13:45:00+00:00,SE4,solar,433.494,15
2026-04-05T14:00:00+00:00,SE4,solar,386.093,15
2026-04-05T14:15:00+00:00,SE4,solar,367.666,15
2026-04-05T14:30:00+00:00,SE4,solar,346.599,15
2026-04-05T14:45:00+00:00,SE4,solar,322.253,15
2026-04-05T15:00:00+00:00,SE4,solar,245.503,15
2026-04-05T15:15:00+00:00,SE4,solar,218.369,15
2026-04-05T15:30:00+00:00,SE4,solar,192.865,15
2026-04-05T15:45:00+00:00,SE4,solar,169.907,15
2026-04-05T16:00:00+00:00,SE4,solar,108.186,15
2026-04-05T16:15:00+00:00,SE4,solar,88.48,15
2026-04-05T16:30:00+00:00,SE4,solar,72.933,15
2026-04-05T16:45:00+00:00,SE4,solar,56.533,15
2026-04-05T17:00:00+00:00,SE4,solar,21.698,15
2026-04-05T17:15:00+00:00,SE4,solar,15.372,15
2026-04-05T17:30:00+00:00,SE4,solar,11.301,15
2026-04-05T17:45:00+00:00,SE4,solar,8.441,15
2026-04-05T18:00:00+00:00,SE4,solar,2.145,15
2026-04-05T18:15:00+00:00,SE4,solar,1.943,15
2026-04-05T18:30:00+00:00,SE4,solar,1.808,15
2026-04-05T18:45:00+00:00,SE4,solar,1.672,15
2026-04-05T19:00:00+00:00,SE4,solar,1.096,15
2026-04-05T19:15:00+00:00,SE4,solar,0.984,15
2026-04-05T19:30:00+00:00,SE4,solar,0.152,15
2026-04-05T19:45:00+00:00,SE4,solar,0.809,15
2026-04-05T20:00:00+00:00,SE4,solar,0.733,15
2026-04-05T20:15:00+00:00,SE4,solar,0.662,15
2026-04-05T20:30:00+00:00,SE4,solar,0.633,15
2026-04-05T20:45:00+00:00,SE4,solar,0.602,15
2026-04-05T21:00:00+00:00,SE4,solar,0.642,15
2026-04-05T21:15:00+00:00,SE4,solar,0.581,15
2026-04-05T21:30:00+00:00,SE4,solar,0.812,15
2026-04-05T21:45:00+00:00,SE4,solar,0.55,15
2026-04-05T22:00:00+00:00,SE4,solar,0.184,15
2026-04-05T22:15:00+00:00,SE4,solar,0.176,15
2026-04-05T22:30:00+00:00,SE4,solar,0.732,15
2026-04-05T22:45:00+00:00,SE4,solar,0.669,15
2026-04-05T23:00:00+00:00,SE4,solar,0.639,15
2026-04-05T23:15:00+00:00,SE4,solar,0.623,15
2026-04-05T23:30:00+00:00,SE4,solar,0.631,15
2026-04-05T23:45:00+00:00,SE4,solar,0.609,15
2026-04-06T00:00:00+00:00,SE4,solar,0.604,15
2026-04-06T00:15:00+00:00,SE4,solar,0.615,15
2026-04-06T00:30:00+00:00,SE4,solar,0.624,15
2026-04-06T00:45:00+00:00,SE4,solar,0.615,15
2026-04-06T01:00:00+00:00,SE4,solar,0.606,15
2026-04-06T01:15:00+00:00,SE4,solar,0.595,15
2026-04-06T01:30:00+00:00,SE4,solar,0.576,15
2026-04-06T01:45:00+00:00,SE4,solar,0.566,15
2026-04-06T02:00:00+00:00,SE4,solar,0.554,15
2026-04-06T02:15:00+00:00,SE4,solar,0.544,15
2026-04-06T02:30:00+00:00,SE4,solar,0.533,15
2026-04-06T02:45:00+00:00,SE4,solar,0.534,15
2026-04-06T03:00:00+00:00,SE4,solar,0.526,15
2026-04-06T03:15:00+00:00,SE4,solar,0.516,15
2026-04-06T03:30:00+00:00,SE4,solar,0.517,15
2026-04-06T03:45:00+00:00,SE4,solar,0.506,15
2026-04-06T04:00:00+00:00,SE4,solar,0.928,15
2026-04-06T04:15:00+00:00,SE4,solar,1.242,15
2026-04-06T04:30:00+00:00,SE4,solar,3.177,15
2026-04-06T04:45:00+00:00,SE4,solar,5.6,15
2026-04-06T05:00:00+00:00,SE4,solar,22.834,15
2026-04-06T05:15:00+00:00,SE4,solar,29.157,15
2026-04-06T05:30:00+00:00,SE4,solar,36.649,15
2026-04-06T05:45:00+00:00,SE4,solar,34.229,15
2026-04-06T06:00:00+00:00,SE4,solar,67.889,15
2026-04-06T06:15:00+00:00,SE4,solar,79.66,15
2026-04-06T06:30:00+00:00,SE4,solar,87.834,15
2026-04-06T06:45:00+00:00,SE4,solar,97.457,15
2026-04-06T07:00:00+00:00,SE4,solar,135.615,15
2026-04-06T07:15:00+00:00,SE4,solar,148.083,15
2026-04-06T07:30:00+00:00,SE4,solar,166.719,15
2026-04-06T07:45:00+00:00,SE4,solar,184.25,15
2026-04-06T08:00:00+00:00,SE4,solar,223.528,15
2026-04-06T08:15:00+00:00,SE4,solar,245.995,15
2026-04-06T08:30:00+00:00,SE4,solar,264.388,15
2026-04-06T08:45:00+00:00,SE4,solar,279.635,15
2026-04-06T09:00:00+00:00,SE4,solar,305.386,15
2026-04-06T09:15:00+00:00,SE4,solar,318.398,15
2026-04-06T09:30:00+00:00,SE4,solar,331.553,15
2026-04-06T09:45:00+00:00,SE4,solar,344.392,15
2026-04-06T10:00:00+00:00,SE4,solar,373.706,15
2026-04-06T10:15:00+00:00,SE4,solar,380.034,15
2026-04-06T10:30:00+00:00,SE4,solar,384.441,15
2026-04-06T10:45:00+00:00,SE4,solar,388.985,15
2026-04-06T11:00:00+00:00,SE4,solar,383.964,15
2026-04-06T11:15:00+00:00,SE4,solar,387.242,15
2026-04-06T11:30:00+00:00,SE4,solar,390.391,15
2026-04-06T11:45:00+00:00,SE4,solar,394.265,15
2026-04-06T12:00:00+00:00,SE4,solar,398.621,15
2026-04-06T12:15:00+00:00,SE4,solar,398.794,15
2026-04-06T12:30:00+00:00,SE4,solar,397.271,15
2026-04-06T12:45:00+00:00,SE4,solar,394.129,15
2026-04-06T13:00:00+00:00,SE4,solar,388.57,15
2026-04-06T13:15:00+00:00,SE4,solar,382.469,15
2026-04-06T13:30:00+00:00,SE4,solar,371.965,15
2026-04-06T13:45:00+00:00,SE4,solar,354.331,15
2026-04-06T14:00:00+00:00,SE4,solar,314.419,15
2026-04-06T14:15:00+00:00,SE4,solar,295.24,15
2026-04-06T14:30:00+00:00,SE4,solar,276.09,15
2026-04-06T14:45:00+00:00,SE4,solar,260.585,15
2026-04-06T15:00:00+00:00,SE4,solar,206.942,15
2026-04-06T15:15:00+00:00,SE4,solar,185.948,15
2026-04-06T15:30:00+00:00,SE4,solar,165.355,15
2026-04-06T15:45:00+00:00,SE4,solar,145.219,15
2026-04-06T16:00:00+00:00,SE4,solar,98.646,15
2026-04-06T16:15:00+00:00,SE4,solar,80.257,15
2026-04-06T16:30:00+00:00,SE4,solar,65.046,15
2026-04-06T16:45:00+00:00,SE4,solar,51.135,15
2026-04-06T17:00:00+00:00,SE4,solar,18.046,15
2026-04-06T17:15:00+00:00,SE4,solar,13.348,15
2026-04-06T17:30:00+00:00,SE4,solar,10.636,15
2026-04-06T17:45:00+00:00,SE4,solar,8.094,15
2026-04-06T18:00:00+00:00,SE4,solar,1.572,15
2026-04-06T18:15:00+00:00,SE4,solar,1.474,15
2026-04-06T18:30:00+00:00,SE4,solar,1.321,15
2026-04-06T18:45:00+00:00,SE4,solar,1.269,15
2026-04-06T19:00:00+00:00,SE4,solar,0.879,15
2026-04-06T19:15:00+00:00,SE4,solar,0.824,15
2026-04-06T19:30:00+00:00,SE4,solar,0.18,15
2026-04-06T19:45:00+00:00,SE4,solar,0.865,15
2026-04-06T20:00:00+00:00,SE4,solar,1.041,15
2026-04-06T20:15:00+00:00,SE4,solar,1.001,15
2026-04-06T20:30:00+00:00,SE4,solar,2.181,15
2026-04-06T20:45:00+00:00,SE4,solar,1.261,15
2026-04-06T21:00:00+00:00,SE4,solar,1.785,15
2026-04-06T21:15:00+00:00,SE4,solar,1.413,15
2026-04-06T21:30:00+00:00,SE4,solar,0.959,15
2026-04-06T21:45:00+00:00,SE4,solar,0.839,15
2026-04-06T22:00:00+00:00,SE4,solar,0.43,15
2026-04-06T22:15:00+00:00,SE4,solar,0.428,15
2026-04-06T22:30:00+00:00,SE4,solar,0.429,15
2026-04-06T22:45:00+00:00,SE4,solar,0.433,15
2026-04-06T23:00:00+00:00,SE4,solar,0.437,15
2026-04-06T23:15:00+00:00,SE4,solar,0.441,15
2026-04-06T23:30:00+00:00,SE4,solar,0.443,15
2026-04-06T23:45:00+00:00,SE4,solar,0.447,15
2026-04-07T00:00:00+00:00,SE4,solar,0.502,15
2026-04-07T00:15:00+00:00,SE4,solar,0.511,15
2026-04-07T00:30:00+00:00,SE4,solar,0.513,15
2026-04-07T00:45:00+00:00,SE4,solar,0.515,15
2026-04-07T01:00:00+00:00,SE4,solar,0.51,15
2026-04-07T01:15:00+00:00,SE4,solar,0.514,15
2026-04-07T01:30:00+00:00,SE4,solar,0.512,15
2026-04-07T01:45:00+00:00,SE4,solar,0.508,15
2026-04-07T02:15:00+00:00,SE4,solar,0.499,15
2026-04-07T02:30:00+00:00,SE4,solar,0.491,15
2026-04-07T02:45:00+00:00,SE4,solar,0.481,15
2026-04-07T03:00:00+00:00,SE4,solar,0.453,15
2026-04-07T03:15:00+00:00,SE4,solar,0.428,15
2026-04-07T03:45:00+00:00,SE4,solar,0.453,15
2026-04-07T04:00:00+00:00,SE4,solar,1.434,15
2026-04-07T04:15:00+00:00,SE4,solar,2.193,15
2026-04-07T04:30:00+00:00,SE4,solar,3.048,15
2026-04-07T04:45:00+00:00,SE4,solar,4.456,15
2026-04-07T05:00:00+00:00,SE4,solar,34.324,15
2026-04-07T05:15:00+00:00,SE4,solar,49.193,15
2026-04-07T05:30:00+00:00,SE4,solar,64.877,15
2026-04-07T05:45:00+00:00,SE4,solar,81.539,15
2026-04-07T06:00:00+00:00,SE4,solar,144.607,15
2026-04-07T06:15:00+00:00,SE4,solar,171.108,15
2026-04-07T06:30:00+00:00,SE4,solar,197.848,15
2026-04-07T06:45:00+00:00,SE4,solar,225.808,15
2026-04-07T07:00:00+00:00,SE4,solar,302.917,15
2026-04-07T07:15:00+00:00,SE4,solar,333.372,15
2026-04-07T07:30:00+00:00,SE4,solar,363.335,15
2026-04-07T07:45:00+00:00,SE4,solar,393.455,15
2026-04-07T08:00:00+00:00,SE4,solar,463.717,15
2026-04-07T08:15:00+00:00,SE4,solar,489.524,15
2026-04-07T08:30:00+00:00,SE4,solar,515.218,15
2026-04-07T08:45:00+00:00,SE4,solar,540.605,15
2026-04-07T09:00:00+00:00,SE4,solar,592.529,15
2026-04-07T09:15:00+00:00,SE4,solar,608.659,15
2026-04-07T09:30:00+00:00,SE4,solar,622.445,15
2026-04-07T09:45:00+00:00,SE4,solar,639.478,15
2026-04-07T10:00:00+00:00,SE4,solar,657.731,15
2026-04-07T10:15:00+00:00,SE4,solar,663.727,15
2026-04-07T10:30:00+00:00,SE4,solar,665.615,15
2026-04-07T10:45:00+00:00,SE4,solar,670.832,15
2026-04-07T11:00:00+00:00,SE4,solar,668.531,15
2026-04-07T11:15:00+00:00,SE4,solar,670.772,15
2026-04-07T11:30:00+00:00,SE4,solar,669.052,15
2026-04-07T11:45:00+00:00,SE4,solar,665.674,15
2026-04-07T12:00:00+00:00,SE4,solar,656.614,15
2026-04-07T12:15:00+00:00,SE4,solar,647.065,15
2026-04-07T12:30:00+00:00,SE4,solar,633.612,15
2026-04-07T12:45:00+00:00,SE4,solar,618.871,15
2026-04-07T13:00:00+00:00,SE4,solar,586.517,15
2026-04-07T13:15:00+00:00,SE4,solar,561.301,15
2026-04-07T13:30:00+00:00,SE4,solar,535.03,15
2026-04-07T13:45:00+00:00,SE4,solar,505.747,15
2026-04-07T14:00:00+00:00,SE4,solar,454.166,15
2026-04-07T14:15:00+00:00,SE4,solar,420.658,15
2026-04-07T14:30:00+00:00,SE4,solar,386.974,15
2026-04-07T14:45:00+00:00,SE4,solar,352.579,15
2026-04-07T15:00:00+00:00,SE4,solar,289.966,15
2026-04-07T15:15:00+00:00,SE4,solar,255.663,15
2026-04-07T15:30:00+00:00,SE4,solar,220.471,15
2026-04-07T15:45:00+00:00,SE4,solar,187.369,15
2026-04-07T16:00:00+00:00,SE4,solar,139.206,15
2026-04-07T16:15:00+00:00,SE4,solar,113.053,15
2026-04-07T16:30:00+00:00,SE4,solar,88.424,15
2026-04-07T16:45:00+00:00,SE4,solar,64.457,15
2026-04-07T17:00:00+00:00,SE4,solar,20.923,15
2026-04-07T17:15:00+00:00,SE4,solar,14.73,15
2026-04-07T17:30:00+00:00,SE4,solar,10.228,15
2026-04-07T17:45:00+00:00,SE4,solar,5.325,15
2026-04-07T18:00:00+00:00,SE4,solar,1.454,15
2026-04-07T18:15:00+00:00,SE4,solar,1.335,15
2026-04-07T18:30:00+00:00,SE4,solar,1.265,15
2026-04-07T18:45:00+00:00,SE4,solar,1.168,15
2026-04-07T19:00:00+00:00,SE4,solar,0.672,15
2026-04-07T19:15:00+00:00,SE4,solar,0.656,15
2026-04-07T19:30:00+00:00,SE4,solar,0.634,15
2026-04-07T19:45:00+00:00,SE4,solar,0.629,15
2026-04-07T20:00:00+00:00,SE4,solar,0.555,15
2026-04-07T20:15:00+00:00,SE4,solar,0.524,15
2026-04-07T20:30:00+00:00,SE4,solar,0.514,15
2026-04-07T20:45:00+00:00,SE4,solar,0.513,15
2026-04-07T21:00:00+00:00,SE4,solar,0.462,15
2026-04-07T21:15:00+00:00,SE4,solar,0.427,15
2026-04-07T21:30:00+00:00,SE4,solar,0.495,15
2026-04-07T21:45:00+00:00,SE4,solar,0.462,15
2026-04-07T22:00:00+00:00,SE4,solar,0.652,15
2026-04-07T22:15:00+00:00,SE4,solar,0.627,15
2026-04-07T22:30:00+00:00,SE4,solar,0.648,15
2026-04-07T22:45:00+00:00,SE4,solar,0.635,15
2026-04-07T23:00:00+00:00,SE4,solar,0.612,15
2026-04-07T23:15:00+00:00,SE4,solar,0.611,15
2026-04-07T23:30:00+00:00,SE4,solar,0.626,15
2026-04-07T23:45:00+00:00,SE4,solar,0.625,15
2026-04-08T00:00:00+00:00,SE4,solar,0.602,15
2026-04-08T00:15:00+00:00,SE4,solar,0.648,15
2026-04-08T00:30:00+00:00,SE4,solar,0.637,15
2026-04-08T00:45:00+00:00,SE4,solar,0.659,15
2026-04-08T01:00:00+00:00,SE4,solar,0.578,15
2026-04-08T01:15:00+00:00,SE4,solar,0.589,15
2026-04-08T01:30:00+00:00,SE4,solar,0.627,15
2026-04-08T01:45:00+00:00,SE4,solar,0.651,15
2026-04-08T02:00:00+00:00,SE4,solar,0.561,15
2026-04-08T02:30:00+00:00,SE4,solar,0.515,15
2026-04-08T02:45:00+00:00,SE4,solar,0.492,15
2026-04-08T03:00:00+00:00,SE4,solar,0.548,15
2026-04-08T03:15:00+00:00,SE4,solar,0.502,15
2026-04-08T03:30:00+00:00,SE4,solar,0.525,15
2026-04-08T04:00:00+00:00,SE4,solar,1.662,15
2026-04-08T04:15:00+00:00,SE4,solar,2.717,15
2026-04-08T04:30:00+00:00,SE4,solar,4.492,15
2026-04-08T04:45:00+00:00,SE4,solar,6.909,15
2026-04-08T05:00:00+00:00,SE4,solar,28.7,15
2026-04-08T05:15:00+00:00,SE4,solar,42.068,15
2026-04-08T05:30:00+00:00,SE4,solar,58.34,15
2026-04-08T05:45:00+00:00,SE4,solar,86.854,15
2026-04-08T06:00:00+00:00,SE4,solar,132.662,15
2026-04-08T06:15:00+00:00,SE4,solar,161.791,15
2026-04-08T06:30:00+00:00,SE4,solar,191.216,15
2026-04-08T06:45:00+00:00,SE4,solar,222.023,15
2026-04-08T07:00:00+00:00,SE4,solar,274.35,15
2026-04-08T07:15:00+00:00,SE4,solar,308.191,15
2026-04-08T07:30:00+00:00,SE4,solar,342.299,15
2026-04-08T07:45:00+00:00,SE4,solar,379.398,15
2026-04-08T08:00:00+00:00,SE4,solar,438.795,15
2026-04-08T08:15:00+00:00,SE4,solar,468.48,15
2026-04-08T08:30:00+00:00,SE4,solar,498.003,15
2026-04-08T08:45:00+00:00,SE4,solar,527.004,15
2026-04-08T09:00:00+00:00,SE4,solar,568.736,15
2026-04-08T09:15:00+00:00,SE4,solar,585.94,15
2026-04-08T09:30:00+00:00,SE4,solar,602.209,15
2026-04-08T09:45:00+00:00,SE4,solar,612.443,15
2026-04-08T10:00:00+00:00,SE4,solar,627.652,15
2026-04-08T10:15:00+00:00,SE4,solar,633.645,15
2026-04-08T10:30:00+00:00,SE4,solar,637.089,15
2026-04-08T10:45:00+00:00,SE4,solar,639.675,15
2026-04-08T11:00:00+00:00,SE4,solar,638.713,15
2026-04-08T11:15:00+00:00,SE4,solar,640.923,15
2026-04-08T11:30:00+00:00,SE4,solar,639.212,15
2026-04-08T11:45:00+00:00,SE4,solar,635.396,15
2026-04-08T12:00:00+00:00,SE4,solar,619.907,15
2026-04-08T12:15:00+00:00,SE4,solar,609.674,15
2026-04-08T12:30:00+00:00,SE4,solar,597.496,15
2026-04-08T12:45:00+00:00,SE4,solar,583.825,15
2026-04-08T13:00:00+00:00,SE4,solar,556.782,15
2026-04-08T13:15:00+00:00,SE4,solar,534.018,15
2026-04-08T13:30:00+00:00,SE4,solar,510.539,15
2026-04-08T13:45:00+00:00,SE4,solar,484.582,15
2026-04-08T14:00:00+00:00,SE4,solar,437.706,15
2026-04-08T14:15:00+00:00,SE4,solar,401.481,15
2026-04-08T14:30:00+00:00,SE4,solar,368.093,15
2026-04-08T14:45:00+00:00,SE4,solar,334.562,15
2026-04-08T15:00:00+00:00,SE4,solar,279.224,15
2026-04-08T15:15:00+00:00,SE4,solar,249.173,15
2026-04-08T15:30:00+00:00,SE4,solar,216.007,15
2026-04-08T15:45:00+00:00,SE4,solar,184.588,15
2026-04-08T16:00:00+00:00,SE4,solar,135.286,15
2026-04-08T16:15:00+00:00,SE4,solar,110.288,15
2026-04-08T16:30:00+00:00,SE4,solar,85.948,15
2026-04-08T16:45:00+00:00,SE4,solar,62.203,15
2026-04-08T17:00:00+00:00,SE4,solar,20.538,15
2026-04-08T17:15:00+00:00,SE4,solar,14.22,15
2026-04-08T17:30:00+00:00,SE4,solar,9.114,15
2026-04-08T17:45:00+00:00,SE4,solar,4.26,15
2026-04-08T18:00:00+00:00,SE4,solar,1.193,15
2026-04-08T18:15:00+00:00,SE4,solar,1.102,15
2026-04-08T18:30:00+00:00,SE4,solar,1.054,15
2026-04-08T18:45:00+00:00,SE4,solar,0.998,15
2026-04-08T19:00:00+00:00,SE4,solar,0.527,15
2026-04-08T19:15:00+00:00,SE4,solar,0.521,15
2026-04-08T19:30:00+00:00,SE4,solar,0.512,15
2026-04-08T19:45:00+00:00,SE4,solar,0.498,15
2026-04-08T20:00:00+00:00,SE4,solar,0.478,15
2026-04-08T20:15:00+00:00,SE4,solar,0.473,15
2026-04-08T20:30:00+00:00,SE4,solar,0.468,15
2026-04-08T20:45:00+00:00,SE4,solar,0.461,15
2026-04-08T21:00:00+00:00,SE4,solar,0.437,15
2026-04-08T21:15:00+00:00,SE4,solar,0.424,15
2026-04-08T21:30:00+00:00,SE4,solar,0.416,15
2026-04-08T21:45:00+00:00,SE4,solar,0.409,15
2026-04-08T22:00:00+00:00,SE4,solar,0.54,15
2026-04-08T22:15:00+00:00,SE4,solar,0.535,15
2026-04-08T22:30:00+00:00,SE4,solar,0.532,15
2026-04-08T22:45:00+00:00,SE4,solar,0.529,15
2026-04-08T23:00:00+00:00,SE4,solar,0.528,15
2026-04-08T23:15:00+00:00,SE4,solar,0.531,15
2026-04-08T23:45:00+00:00,SE4,solar,0.528,15
2026-04-09T00:00:00+00:00,SE4,solar,0.517,15
2026-04-09T00:15:00+00:00,SE4,solar,0.513,15
2026-04-09T00:30:00+00:00,SE4,solar,0.512,15
2026-04-09T00:45:00+00:00,SE4,solar,0.515,15
2026-04-09T01:00:00+00:00,SE4,solar,0.523,15
2026-04-09T01:15:00+00:00,SE4,solar,0.53,15
2026-04-09T01:30:00+00:00,SE4,solar,0.525,15
2026-04-09T01:45:00+00:00,SE4,solar,0.514,15
2026-04-09T02:00:00+00:00,SE4,solar,0.496,15
2026-04-09T02:15:00+00:00,SE4,solar,0.487,15
2026-04-09T02:30:00+00:00,SE4,solar,0.479,15
2026-04-09T02:45:00+00:00,SE4,solar,0.472,15
2026-04-09T03:00:00+00:00,SE4,solar,0.469,15
2026-04-09T03:15:00+00:00,SE4,solar,0.452,15
2026-04-09T03:45:00+00:00,SE4,solar,0.469,15
2026-04-09T04:00:00+00:00,SE4,solar,1.052,15
2026-04-09T04:15:00+00:00,SE4,solar,2.93,15
2026-04-09T04:30:00+00:00,SE4,solar,4.712,15
2026-04-09T04:45:00+00:00,SE4,solar,7.611,15
2026-04-09T05:00:00+00:00,SE4,solar,33.695,15
2026-04-09T05:15:00+00:00,SE4,solar,51.218,15
2026-04-09T05:30:00+00:00,SE4,solar,69.129,15
2026-04-09T05:45:00+00:00,SE4,solar,88.847,15
2026-04-09T06:00:00+00:00,SE4,solar,137.964,15
2026-04-09T06:15:00+00:00,SE4,solar,168.609,15
2026-04-09T06:30:00+00:00,SE4,solar,199.901,15
2026-04-09T06:45:00+00:00,SE4,solar,234.187,15
2026-04-09T07:00:00+00:00,SE4,solar,297.163,15
2026-04-09T07:15:00+00:00,SE4,solar,333.332,15
2026-04-09T07:30:00+00:00,SE4,solar,368.484,15
2026-04-09T07:45:00+00:00,SE4,solar,403.42,15
2026-04-09T08:00:00+00:00,SE4,solar,458.173,15
2026-04-09T08:15:00+00:00,SE4,solar,493.629,15
2026-04-09T08:30:00+00:00,SE4,solar,525.013,15
2026-04-09T08:45:00+00:00,SE4,solar,552.112,15
2026-04-09T09:00:00+00:00,SE4,solar,578.862,15
2026-04-09T09:15:00+00:00,SE4,solar,598.684,15
2026-04-09T09:30:00+00:00,SE4,solar,614.336,15
2026-04-09T09:45:00+00:00,SE4,solar,630.655,15
2026-04-09T10:00:00+00:00,SE4,solar,652.699,15
2026-04-09T10:15:00+00:00,SE4,solar,661.722,15
2026-04-09T10:30:00+00:00,SE4,solar,667.685,15
2026-04-09T10:45:00+00:00,SE4,solar,673.37,15
2026-04-09T11:00:00+00:00,SE4,solar,676.903,15
2026-04-09T11:15:00+00:00,SE4,solar,678.409,15
2026-04-09T11:30:00+00:00,SE4,solar,677.296,15
2026-04-09T11:45:00+00:00,SE4,solar,674.17,15
2026-04-09T12:00:00+00:00,SE4,solar,661.928,15
2026-04-09T12:15:00+00:00,SE4,solar,653.801,15
2026-04-09T12:30:00+00:00,SE4,solar,642.425,15
2026-04-09T12:45:00+00:00,SE4,solar,628.375,15
2026-04-09T13:00:00+00:00,SE4,solar,598.737,15
2026-04-09T13:15:00+00:00,SE4,solar,575.189,15
2026-04-09T13:30:00+00:00,SE4,solar,549.457,15
2026-04-09T13:45:00+00:00,SE4,solar,523.325,15
2026-04-09T14:00:00+00:00,SE4,solar,474.495,15
2026-04-09T14:15:00+00:00,SE4,solar,439.431,15
2026-04-09T14:30:00+00:00,SE4,solar,403.327,15
2026-04-09T14:45:00+00:00,SE4,solar,368.628,15
2026-04-09T15:00:00+00:00,SE4,solar,305.714,15
2026-04-09T15:15:00+00:00,SE4,solar,269.953,15
2026-04-09T15:30:00+00:00,SE4,solar,232.35,15
2026-04-09T15:45:00+00:00,SE4,solar,197.271,15
2026-04-09T16:00:00+00:00,SE4,solar,146.479,15
2026-04-09T16:15:00+00:00,SE4,solar,117.081,15
2026-04-09T16:30:00+00:00,SE4,solar,90.063,15
2026-04-09T16:45:00+00:00,SE4,solar,66.351,15
2026-04-09T17:00:00+00:00,SE4,solar,33.328,15
2026-04-09T17:15:00+00:00,SE4,solar,21.865,15
2026-04-09T17:30:00+00:00,SE4,solar,14.184,15
2026-04-09T17:45:00+00:00,SE4,solar,8.471,15
2026-04-09T18:00:00+00:00,SE4,solar,1.621,15
2026-04-09T18:15:00+00:00,SE4,solar,1.462,15
2026-04-09T18:30:00+00:00,SE4,solar,1.358,15
2026-04-09T18:45:00+00:00,SE4,solar,1.205,15
2026-04-09T19:00:00+00:00,SE4,solar,0.69,15
2026-04-09T19:15:00+00:00,SE4,solar,0.674,15
2026-04-09T19:30:00+00:00,SE4,solar,0.663,15
2026-04-09T19:45:00+00:00,SE4,solar,0.648,15
2026-04-09T20:00:00+00:00,SE4,solar,0.544,15
2026-04-09T20:15:00+00:00,SE4,solar,0.541,15
2026-04-09T20:30:00+00:00,SE4,solar,0.537,15
2026-04-09T20:45:00+00:00,SE4,solar,0.534,15
2026-04-09T21:00:00+00:00,SE4,solar,0.522,15
2026-04-09T21:15:00+00:00,SE4,solar,0.516,15
2026-04-09T21:30:00+00:00,SE4,solar,0.51,15
2026-04-09T21:45:00+00:00,SE4,solar,0.504,15
2026-04-09T22:00:00+00:00,SE4,solar,0.524,15
2026-04-09T22:30:00+00:00,SE4,solar,0.522,15
2026-04-09T22:45:00+00:00,SE4,solar,0.525,15
2026-04-09T23:00:00+00:00,SE4,solar,0.691,15
2026-04-09T23:15:00+00:00,SE4,solar,0.479,15
2026-04-09T23:30:00+00:00,SE4,solar,0.516,15
2026-04-09T23:45:00+00:00,SE4,solar,0.464,15
2026-04-10T00:00:00+00:00,SE4,solar,0.547,15
2026-04-10T00:15:00+00:00,SE4,solar,0.567,15
2026-04-10T00:45:00+00:00,SE4,solar,0.527,15
2026-04-10T01:00:00+00:00,SE4,solar,0.621,15
2026-04-10T01:15:00+00:00,SE4,solar,0.571,15
2026-04-10T01:30:00+00:00,SE4,solar,0.57,15
2026-04-10T01:45:00+00:00,SE4,solar,0.52,15
2026-04-10T02:00:00+00:00,SE4,solar,0.578,15
2026-04-10T02:15:00+00:00,SE4,solar,0.487,15
2026-04-10T02:30:00+00:00,SE4,solar,0.527,15
2026-04-10T02:45:00+00:00,SE4,solar,0.509,15
2026-04-10T03:00:00+00:00,SE4,solar,0.512,15
2026-04-10T03:15:00+00:00,SE4,solar,0.486,15
2026-04-10T03:30:00+00:00,SE4,solar,0.536,15
2026-04-10T03:45:00+00:00,SE4,solar,0.54,15
2026-04-10T04:00:00+00:00,SE4,solar,1.086,15
2026-04-10T04:15:00+00:00,SE4,solar,2.59,15
2026-04-10T04:30:00+00:00,SE4,solar,4.616,15
2026-04-10T04:45:00+00:00,SE4,solar,7.217,15
2026-04-10T05:00:00+00:00,SE4,solar,24.714,15
2026-04-10T05:15:00+00:00,SE4,solar,33.867,15
2026-04-10T05:30:00+00:00,SE4,solar,44.74,15
2026-04-10T05:45:00+00:00,SE4,solar,57.426,15
2026-04-10T06:00:00+00:00,SE4,solar,90.388,15
2026-04-10T06:15:00+00:00,SE4,solar,120.407,15
2026-04-10T06:30:00+00:00,SE4,solar,145.009,15
2026-04-10T06:45:00+00:00,SE4,solar,174.961,15
2026-04-10T07:00:00+00:00,SE4,solar,226.537,15
2026-04-10T07:15:00+00:00,SE4,solar,248.264,15
2026-04-10T07:30:00+00:00,SE4,solar,274.956,15
2026-04-10T07:45:00+00:00,SE4,solar,301.694,15
2026-04-10T08:00:00+00:00,SE4,solar,334.156,15
2026-04-10T08:15:00+00:00,SE4,solar,353.507,15
2026-04-10T08:30:00+00:00,SE4,solar,367.976,15
2026-04-10T08:45:00+00:00,SE4,solar,392.203,15
2026-04-10T09:00:00+00:00,SE4,solar,426.139,15
2026-04-10T09:15:00+00:00,SE4,solar,446.176,15
2026-04-10T09:30:00+00:00,SE4,solar,462.777,15
2026-04-10T09:45:00+00:00,SE4,solar,478.445,15
2026-04-10T10:00:00+00:00,SE4,solar,516.015,15
2026-04-10T10:15:00+00:00,SE4,solar,527.082,15
2026-04-10T10:30:00+00:00,SE4,solar,535.727,15
2026-04-10T10:45:00+00:00,SE4,solar,540.484,15
2026-04-10T11:00:00+00:00,SE4,solar,545.874,15
2026-04-10T11:15:00+00:00,SE4,solar,543.336,15
2026-04-10T11:30:00+00:00,SE4,solar,540.408,15
2026-04-10T11:45:00+00:00,SE4,solar,534.917,15
2026-04-10T12:00:00+00:00,SE4,solar,525.086,15
2026-04-10T12:15:00+00:00,SE4,solar,513.113,15
2026-04-10T12:30:00+00:00,SE4,solar,498.798,15
2026-04-10T12:45:00+00:00,SE4,solar,481.052,15
2026-04-10T13:00:00+00:00,SE4,solar,445.624,15
2026-04-10T13:15:00+00:00,SE4,solar,423.173,15
2026-04-10T13:30:00+00:00,SE4,solar,400.313,15
2026-04-10T13:45:00+00:00,SE4,solar,375.673,15
2026-04-10T14:00:00+00:00,SE4,solar,321.929,15
2026-04-10T14:15:00+00:00,SE4,solar,293.77,15
2026-04-10T14:30:00+00:00,SE4,solar,264.395,15
2026-04-10T14:45:00+00:00,SE4,solar,236.123,15
2026-04-10T15:00:00+00:00,SE4,solar,192.784,15
2026-04-10T15:15:00+00:00,SE4,solar,167.759,15
2026-04-10T15:30:00+00:00,SE4,solar,141.033,15
2026-04-10T15:45:00+00:00,SE4,solar,116.731,15
2026-04-10T16:00:00+00:00,SE4,solar,80.189,15
2026-04-10T16:15:00+00:00,SE4,solar,61.465,15
2026-04-10T16:30:00+00:00,SE4,solar,45.971,15
2026-04-10T16:45:00+00:00,SE4,solar,36.383,15
2026-04-10T17:00:00+00:00,SE4,solar,15.771,15
2026-04-10T17:15:00+00:00,SE4,solar,12.039,15
2026-04-10T17:30:00+00:00,SE4,solar,9.076,15
2026-04-10T17:45:00+00:00,SE4,solar,6.784,15
2026-04-10T18:00:00+00:00,SE4,solar,7.945,15
2026-04-10T18:15:00+00:00,SE4,solar,6.884,15
2026-04-10T18:30:00+00:00,SE4,solar,1.999,15
2026-04-10T18:45:00+00:00,SE4,solar,1.236,15
2026-04-10T19:00:00+00:00,SE4,solar,5.055,15
2026-04-10T19:15:00+00:00,SE4,solar,1.26,15
2026-04-10T19:30:00+00:00,SE4,solar,1.067,15
2026-04-10T19:45:00+00:00,SE4,solar,0.92,15
2026-04-10T20:00:00+00:00,SE4,solar,0.886,15
2026-04-10T20:15:00+00:00,SE4,solar,0.725,15
2026-04-10T20:30:00+00:00,SE4,solar,0.684,15
2026-04-10T20:45:00+00:00,SE4,solar,0.664,15
2026-04-10T21:00:00+00:00,SE4,solar,0.814,15
2026-04-10T21:15:00+00:00,SE4,solar,0.684,15
2026-04-10T21:30:00+00:00,SE4,solar,0.653,15
2026-04-10T21:45:00+00:00,SE4,solar,0.603,15
2026-04-10T22:00:00+00:00,SE4,solar,0.334,15
2026-04-10T22:15:00+00:00,SE4,solar,0.336,15
2026-04-10T22:30:00+00:00,SE4,solar,0.333,15
2026-04-10T22:45:00+00:00,SE4,solar,0.331,15
2026-04-10T23:00:00+00:00,SE4,solar,0.329,15
2026-04-10T23:15:00+00:00,SE4,solar,0.324,15
2026-04-10T23:30:00+00:00,SE4,solar,0.319,15
2026-04-10T23:45:00+00:00,SE4,solar,0.314,15
2026-04-11T00:00:00+00:00,SE4,solar,0.295,15
2026-04-11T00:15:00+00:00,SE4,solar,0.298,15
2026-04-11T00:30:00+00:00,SE4,solar,0.299,15
2026-04-11T00:45:00+00:00,SE4,solar,0.3,15
2026-04-11T01:00:00+00:00,SE4,solar,0.302,15
2026-04-11T02:00:00+00:00,SE4,solar,0.384,15
2026-04-11T02:15:00+00:00,SE4,solar,0.416,15
2026-04-11T02:30:00+00:00,SE4,solar,0.414,15
2026-04-11T02:45:00+00:00,SE4,solar,0.379,15
2026-04-11T03:00:00+00:00,SE4,solar,0.343,15
2026-04-11T03:15:00+00:00,SE4,solar,0.314,15
2026-04-11T03:30:00+00:00,SE4,solar,0.315,15
2026-04-11T03:45:00+00:00,SE4,solar,0.344,15
2026-04-11T04:00:00+00:00,SE4,solar,3.581,15
2026-04-11T04:15:00+00:00,SE4,solar,5.939,15
2026-04-11T04:30:00+00:00,SE4,solar,8.623,15
2026-04-11T04:45:00+00:00,SE4,solar,12.106,15
2026-04-11T05:00:00+00:00,SE4,solar,43.402,15
2026-04-11T05:15:00+00:00,SE4,solar,61.532,15
2026-04-11T05:30:00+00:00,SE4,solar,79.858,15
2026-04-11T05:45:00+00:00,SE4,solar,100.508,15
2026-04-11T06:00:00+00:00,SE4,solar,142.298,15
2026-04-11T06:15:00+00:00,SE4,solar,172.525,15
2026-04-11T06:30:00+00:00,SE4,solar,188.546,15
2026-04-11T06:45:00+00:00,SE4,solar,220.779,15
2026-04-11T07:00:00+00:00,SE4,solar,278.35,15
2026-04-11T07:15:00+00:00,SE4,solar,313.526,15
2026-04-11T07:30:00+00:00,SE4,solar,347.705,15
2026-04-11T07:45:00+00:00,SE4,solar,382.023,15
2026-04-11T08:00:00+00:00,SE4,solar,442.437,15
2026-04-11T08:15:00+00:00,SE4,solar,474.777,15
2026-04-11T08:30:00+00:00,SE4,solar,503.433,15
2026-04-11T08:45:00+00:00,SE4,solar,530.768,15
2026-04-11T09:00:00+00:00,SE4,solar,570.245,15
2026-04-11T09:15:00+00:00,SE4,solar,588.672,15
2026-04-11T09:30:00+00:00,SE4,solar,607.953,15
2026-04-11T09:45:00+00:00,SE4,solar,606.693,15
2026-04-11T10:00:00+00:00,SE4,solar,626.605,15
2026-04-11T10:15:00+00:00,SE4,solar,634.704,15
2026-04-11T10:30:00+00:00,SE4,solar,638.918,15
2026-04-11T10:45:00+00:00,SE4,solar,637.431,15
2026-04-11T11:00:00+00:00,SE4,solar,640.454,15
2026-04-11T11:15:00+00:00,SE4,solar,642.468,15
2026-04-11T11:30:00+00:00,SE4,solar,643.858,15
2026-04-11T11:45:00+00:00,SE4,solar,645.119,15
2026-04-11T12:00:00+00:00,SE4,solar,625.542,15
2026-04-11T12:15:00+00:00,SE4,solar,618.182,15
2026-04-11T12:30:00+00:00,SE4,solar,609.597,15
2026-04-11T12:45:00+00:00,SE4,solar,600.891,15
2026-04-11T13:00:00+00:00,SE4,solar,568.724,15
2026-04-11T13:15:00+00:00,SE4,solar,548.442,15
2026-04-11T13:30:00+00:00,SE4,solar,521.441,15
2026-04-11T13:45:00+00:00,SE4,solar,499.313,15
2026-04-11T14:00:00+00:00,SE4,solar,451.846,15
2026-04-11T14:15:00+00:00,SE4,solar,421.342,15
2026-04-11T14:30:00+00:00,SE4,solar,386.489,15
2026-04-11T14:45:00+00:00,SE4,solar,352.694,15
2026-04-11T15:00:00+00:00,SE4,solar,286.338,15
2026-04-11T15:15:00+00:00,SE4,solar,250.763,15
2026-04-11T15:30:00+00:00,SE4,solar,213.876,15
2026-04-11T15:45:00+00:00,SE4,solar,179.791,15
2026-04-11T16:00:00+00:00,SE4,solar,129.187,15
2026-04-11T16:15:00+00:00,SE4,solar,102.369,15
2026-04-11T16:30:00+00:00,SE4,solar,78.91,15
2026-04-11T16:45:00+00:00,SE4,solar,58.979,15
2026-04-11T17:00:00+00:00,SE4,solar,25.861,15
2026-04-11T17:15:00+00:00,SE4,solar,17.424,15
2026-04-11T17:30:00+00:00,SE4,solar,11.085,15
2026-04-11T17:45:00+00:00,SE4,solar,5.793,15
2026-04-11T18:00:00+00:00,SE4,solar,2.46,15
2026-04-11T18:15:00+00:00,SE4,solar,2.013,15
2026-04-11T18:30:00+00:00,SE4,solar,1.497,15
2026-04-11T18:45:00+00:00,SE4,solar,1.344,15
2026-04-11T19:00:00+00:00,SE4,solar,0.796,15
2026-04-11T19:15:00+00:00,SE4,solar,0.776,15
2026-04-11T19:30:00+00:00,SE4,solar,0.248,15
2026-04-11T19:45:00+00:00,SE4,solar,0.678,15
2026-04-11T20:00:00+00:00,SE4,solar,0.532,15
2026-04-11T20:15:00+00:00,SE4,solar,0.552,15
2026-04-11T20:30:00+00:00,SE4,solar,0.532,15
2026-04-11T20:45:00+00:00,SE4,solar,0.702,15
2026-04-11T21:00:00+00:00,SE4,solar,0.712,15
2026-04-11T21:15:00+00:00,SE4,solar,0.642,15
2026-04-11T21:30:00+00:00,SE4,solar,0.672,15
2026-04-11T21:45:00+00:00,SE4,solar,0.662,15
2026-04-11T22:00:00+00:00,SE4,solar,0.454,15
2026-04-11T23:00:00+00:00,SE4,solar,0.718,15
2026-04-11T23:15:00+00:00,SE4,solar,0.552,15
2026-04-11T23:30:00+00:00,SE4,solar,0.524,15
2026-04-11T23:45:00+00:00,SE4,solar,0.458,15
2026-04-12T00:00:00+00:00,SE4,solar,0.505,15
2026-04-12T00:15:00+00:00,SE4,solar,0.477,15
2026-04-12T00:30:00+00:00,SE4,solar,0.508,15
2026-04-12T00:45:00+00:00,SE4,solar,0.48,15
2026-04-12T01:00:00+00:00,SE4,solar,0.506,15
2026-04-12T01:15:00+00:00,SE4,solar,0.45,15
2026-04-12T01:30:00+00:00,SE4,solar,0.478,15
2026-04-12T02:00:00+00:00,SE4,solar,0.498,15
2026-04-12T02:15:00+00:00,SE4,solar,0.43,15
2026-04-12T02:30:00+00:00,SE4,solar,0.439,15
2026-04-12T02:45:00+00:00,SE4,solar,0.434,15
2026-04-12T03:00:00+00:00,SE4,solar,0.466,15
2026-04-12T03:15:00+00:00,SE4,solar,0.494,15
2026-04-12T03:30:00+00:00,SE4,solar,0.452,15
2026-04-12T03:45:00+00:00,SE4,solar,0.456,15
2026-04-12T04:00:00+00:00,SE4,solar,1.042,15
2026-04-12T04:15:00+00:00,SE4,solar,2.358,15
2026-04-12T04:30:00+00:00,SE4,solar,3.607,15
2026-04-12T04:45:00+00:00,SE4,solar,5.476,15
2026-04-12T05:00:00+00:00,SE4,solar,13.143,15
2026-04-12T05:15:00+00:00,SE4,solar,17.229,15
2026-04-12T05:30:00+00:00,SE4,solar,22.452,15
2026-04-12T05:45:00+00:00,SE4,solar,28.138,15
2026-04-12T06:00:00+00:00,SE4,solar,41.726,15
2026-04-12T06:15:00+00:00,SE4,solar,51.403,15
2026-04-12T06:30:00+00:00,SE4,solar,60.7,15
2026-04-12T06:45:00+00:00,SE4,solar,72.287,15
2026-04-12T07:00:00+00:00,SE4,solar,92.471,15
2026-04-12T07:15:00+00:00,SE4,solar,104.474,15
2026-04-12T07:30:00+00:00,SE4,solar,117.01,15
2026-04-12T07:45:00+00:00,SE4,solar,129.408,15
2026-04-12T08:00:00+00:00,SE4,solar,156.099,15
2026-04-12T08:15:00+00:00,SE4,solar,167.164,15
2026-04-12T08:30:00+00:00,SE4,solar,168.052,15
2026-04-12T08:45:00+00:00,SE4,solar,177.917,15
2026-04-12T09:00:00+00:00,SE4,solar,195.071,15
2026-04-12T09:15:00+00:00,SE4,solar,205.088,15
2026-04-12T09:30:00+00:00,SE4,solar,214.414,15
2026-04-12T09:45:00+00:00,SE4,solar,223.595,15
2026-04-12T10:00:00+00:00,SE4,solar,230.628,15
2026-04-12T10:15:00+00:00,SE4,solar,239.287,15
2026-04-12T10:30:00+00:00,SE4,solar,244.463,15
2026-04-12T10:45:00+00:00,SE4,solar,248.19,15
2026-04-12T11:00:00+00:00,SE4,solar,254.911,15
2026-04-12T11:15:00+00:00,SE4,solar,259.471,15
2026-04-12T11:30:00+00:00,SE4,solar,260.758,15
2026-04-12T11:45:00+00:00,SE4,solar,259.761,15
2026-04-12T12:00:00+00:00,SE4,solar,257.202,15
2026-04-12T12:15:00+00:00,SE4,solar,253.667,15
2026-04-12T12:30:00+00:00,SE4,solar,247.974,15
2026-04-12T12:45:00+00:00,SE4,solar,242.381,15
2026-04-12T13:00:00+00:00,SE4,solar,238.349,15
2026-04-12T13:15:00+00:00,SE4,solar,228.587,15
2026-04-12T13:30:00+00:00,SE4,solar,217.544,15
2026-04-12T13:45:00+00:00,SE4,solar,202.195,15
2026-04-12T14:00:00+00:00,SE4,solar,177.178,15
2026-04-12T14:15:00+00:00,SE4,solar,157.035,15
2026-04-12T14:30:00+00:00,SE4,solar,138.319,15
2026-04-12T14:45:00+00:00,SE4,solar,121.36,15
2026-04-12T15:00:00+00:00,SE4,solar,90.142,15
2026-04-12T15:15:00+00:00,SE4,solar,76.523,15
2026-04-12T15:30:00+00:00,SE4,solar,62.408,15
2026-04-12T15:45:00+00:00,SE4,solar,49.648,15
2026-04-12T16:00:00+00:00,SE4,solar,40.303,15
2026-04-12T16:15:00+00:00,SE4,solar,30.78,15
2026-04-12T16:30:00+00:00,SE4,solar,23.93,15
2026-04-12T16:45:00+00:00,SE4,solar,18.125,15
2026-04-12T17:00:00+00:00,SE4,solar,7.786,15
2026-04-12T17:15:00+00:00,SE4,solar,5.53,15
2026-04-12T17:30:00+00:00,SE4,solar,4.077,15
2026-04-12T17:45:00+00:00,SE4,solar,2.288,15
2026-04-12T18:00:00+00:00,SE4,solar,1.846,15
2026-04-12T18:15:00+00:00,SE4,solar,1.507,15
2026-04-12T18:30:00+00:00,SE4,solar,0.847,15
2026-04-12T18:45:00+00:00,SE4,solar,0.748,15
2026-04-12T19:00:00+00:00,SE4,solar,0.706,15
2026-04-12T19:15:00+00:00,SE4,solar,0.594,15
2026-04-12T19:30:00+00:00,SE4,solar,0.547,15
2026-04-12T19:45:00+00:00,SE4,solar,0.537,15
2026-04-12T20:00:00+00:00,SE4,solar,0.633,15
2026-04-12T20:15:00+00:00,SE4,solar,0.623,15
2026-04-12T20:30:00+00:00,SE4,solar,0.484,15
2026-04-12T20:45:00+00:00,SE4,solar,0.444,15
2026-04-12T21:00:00+00:00,SE4,solar,0.459,15
2026-04-12T21:15:00+00:00,SE4,solar,0.433,15
2026-04-12T21:30:00+00:00,SE4,solar,0.431,15
2026-04-12T21:45:00+00:00,SE4,solar,0.41,15
2026-04-12T22:00:00+00:00,SE4,solar,0.464,15
2026-04-12T23:00:00+00:00,SE4,solar,0.441,15
2026-04-12T23:15:00+00:00,SE4,solar,0.426,15
2026-04-12T23:30:00+00:00,SE4,solar,0.412,15
2026-04-12T23:45:00+00:00,SE4,solar,0.398,15
2026-04-13T00:00:00+00:00,SE4,solar,0.356,15
2026-04-13T00:15:00+00:00,SE4,solar,0.354,15
2026-04-13T00:30:00+00:00,SE4,solar,0.358,15
2026-04-13T00:45:00+00:00,SE4,solar,0.354,15
2026-04-13T01:00:00+00:00,SE4,solar,0.36,15
2026-04-13T01:15:00+00:00,SE4,solar,0.357,15
2026-04-13T01:30:00+00:00,SE4,solar,0.354,15
2026-04-13T01:45:00+00:00,SE4,solar,0.351,15
2026-04-13T02:00:00+00:00,SE4,solar,0.341,15
2026-04-13T02:15:00+00:00,SE4,solar,0.336,15
2026-04-13T02:30:00+00:00,SE4,solar,0.332,15
2026-04-13T02:45:00+00:00,SE4,solar,0.33,15
2026-04-13T03:00:00+00:00,SE4,solar,0.327,15
2026-04-13T03:15:00+00:00,SE4,solar,0.322,15
2026-04-13T03:30:00+00:00,SE4,solar,0.323,15
2026-04-13T03:45:00+00:00,SE4,solar,0.336,15
2026-04-13T04:00:00+00:00,SE4,solar,0.944,15
2026-04-13T04:15:00+00:00,SE4,solar,2.452,15
2026-04-13T04:30:00+00:00,SE4,solar,4.259,15
2026-04-13T04:45:00+00:00,SE4,solar,6.438,15
2026-04-13T05:00:00+00:00,SE4,solar,17.992,15
2026-04-13T05:15:00+00:00,SE4,solar,24.611,15
2026-04-13T05:30:00+00:00,SE4,solar,31.715,15
2026-04-13T05:45:00+00:00,SE4,solar,39.272,15
2026-04-13T06:00:00+00:00,SE4,solar,63.96,15
2026-04-13T06:15:00+00:00,SE4,solar,79.014,15
2026-04-13T06:30:00+00:00,SE4,solar,93.993,15
2026-04-13T06:45:00+00:00,SE4,solar,109.642,15
2026-04-13T07:00:00+00:00,SE4,solar,166.346,15
2026-04-13T07:15:00+00:00,SE4,solar,190.57,15
2026-04-13T07:30:00+00:00,SE4,solar,219.721,15
2026-04-13T07:45:00+00:00,SE4,solar,250.468,15
2026-04-13T08:00:00+00:00,SE4,solar,300.195,15
2026-04-13T08:15:00+00:00,SE4,solar,325.389,15
2026-04-13T08:30:00+00:00,SE4,solar,330.863,15
2026-04-13T08:45:00+00:00,SE4,solar,357.102,15
2026-04-13T09:00:00+00:00,SE4,solar,384.161,15
2026-04-13T09:15:00+00:00,SE4,solar,403.736,15
2026-04-13T09:30:00+00:00,SE4,solar,423.125,15
2026-04-13T09:45:00+00:00,SE4,solar,432.173,15
2026-04-13T10:00:00+00:00,SE4,solar,439.357,15
2026-04-13T10:15:00+00:00,SE4,solar,444.679,15
2026-04-13T10:30:00+00:00,SE4,solar,465.134,15
2026-04-13T10:45:00+00:00,SE4,solar,464.524,15
2026-04-13T11:00:00+00:00,SE4,solar,454.819,15
2026-04-13T11:15:00+00:00,SE4,solar,447.694,15
2026-04-13T11:30:00+00:00,SE4,solar,443.915,15
2026-04-13T11:45:00+00:00,SE4,solar,437.039,15
2026-04-13T12:00:00+00:00,SE4,solar,420.98,15
2026-04-13T12:15:00+00:00,SE4,solar,410.468,15
2026-04-13T12:30:00+00:00,SE4,solar,396.72,15
2026-04-13T12:45:00+00:00,SE4,solar,378.722,15
2026-04-13T13:00:00+00:00,SE4,solar,349.31,15
2026-04-13T13:15:00+00:00,SE4,solar,324.966,15
2026-04-13T13:30:00+00:00,SE4,solar,298.719,15
2026-04-13T13:45:00+00:00,SE4,solar,273.238,15
2026-04-13T14:00:00+00:00,SE4,solar,232.724,15
2026-04-13T14:15:00+00:00,SE4,solar,208.433,15
2026-04-13T14:30:00+00:00,SE4,solar,186.584,15
2026-04-13T14:45:00+00:00,SE4,solar,166.125,15
2026-04-13T15:00:00+00:00,SE4,solar,131.147,15
2026-04-13T15:15:00+00:00,SE4,solar,112.225,15
2026-04-13T15:30:00+00:00,SE4,solar,95.939,15
2026-04-13T15:45:00+00:00,SE4,solar,78.68,15
2026-04-13T16:00:00+00:00,SE4,solar,52.185,15
2026-04-13T16:15:00+00:00,SE4,solar,40.917,15
2026-04-13T16:30:00+00:00,SE4,solar,31.218,15
2026-04-13T16:45:00+00:00,SE4,solar,22.314,15
2026-04-13T17:00:00+00:00,SE4,solar,11.519,15
2026-04-13T17:15:00+00:00,SE4,solar,8.467,15
2026-04-13T17:30:00+00:00,SE4,solar,6.003,15
2026-04-13T17:45:00+00:00,SE4,solar,3.472,15
2026-04-13T18:00:00+00:00,SE4,solar,1.118,15
2026-04-13T18:15:00+00:00,SE4,solar,0.941,15
2026-04-13T18:30:00+00:00,SE4,solar,0.487,15
2026-04-13T18:45:00+00:00,SE4,solar,0.403,15
2026-04-13T19:00:00+00:00,SE4,solar,0.407,15
2026-04-13T19:15:00+00:00,SE4,solar,0.422,15
2026-04-13T19:30:00+00:00,SE4,solar,0.415,15
2026-04-13T19:45:00+00:00,SE4,solar,0.384,15
2026-04-13T20:00:00+00:00,SE4,solar,0.343,15
2026-04-13T20:15:00+00:00,SE4,solar,0.157,15
2026-04-13T20:30:00+00:00,SE4,solar,0.322,15
2026-04-13T20:45:00+00:00,SE4,solar,0.338,15
2026-04-13T21:00:00+00:00,SE4,solar,0.362,15
2026-04-13T21:15:00+00:00,SE4,solar,0.368,15
2026-04-13T21:30:00+00:00,SE4,solar,0.372,15
2026-04-13T21:45:00+00:00,SE4,solar,0.38,15
2026-04-13T22:00:00+00:00,SE4,solar,0.153,15
2026-04-13T22:15:00+00:00,SE4,solar,0.154,15
2026-04-13T22:30:00+00:00,SE4,solar,0.155,15
2026-04-13T22:45:00+00:00,SE4,solar,0.156,15
2026-04-13T23:15:00+00:00,SE4,solar,0.155,15
2026-04-13T23:30:00+00:00,SE4,solar,0.154,15
2026-04-13T23:45:00+00:00,SE4,solar,0.153,15
2026-04-14T00:00:00+00:00,SE4,solar,0.145,15
2026-04-14T00:15:00+00:00,SE4,solar,0.146,15
2026-04-14T00:45:00+00:00,SE4,solar,0.151,15
2026-04-14T01:00:00+00:00,SE4,solar,0.165,15
2026-04-14T01:15:00+00:00,SE4,solar,0.167,15
2026-04-14T01:30:00+00:00,SE4,solar,0.169,15
2026-04-14T01:45:00+00:00,SE4,solar,0.171,15
2026-04-14T02:00:00+00:00,SE4,solar,0.177,15
2026-04-14T03:00:00+00:00,SE4,solar,0.2,15
2026-04-14T03:15:00+00:00,SE4,solar,0.253,15
2026-04-14T03:30:00+00:00,SE4,solar,0.326,15
2026-04-14T03:45:00+00:00,SE4,solar,0.412,15
2026-04-14T04:00:00+00:00,SE4,solar,1.517,15
2026-04-14T04:15:00+00:00,SE4,solar,2.947,15
2026-04-14T04:30:00+00:00,SE4,solar,4.932,15
2026-04-14T04:45:00+00:00,SE4,solar,6.725,15
2026-04-14T05:00:00+00:00,SE4,solar,15.949,15
2026-04-14T05:15:00+00:00,SE4,solar,20.704,15
2026-04-14T05:30:00+00:00,SE4,solar,26.052,15
2026-04-14T05:45:00+00:00,SE4,solar,31.586,15
2026-04-14T06:00:00+00:00,SE4,solar,45.717,15
2026-04-14T06:15:00+00:00,SE4,solar,55.038,15
2026-04-14T06:30:00+00:00,SE4,solar,64.413,15
2026-04-14T06:45:00+00:00,SE4,solar,73.526,15
2026-04-14T07:00:00+00:00,SE4,solar,90.219,15
2026-04-14T07:15:00+00:00,SE4,solar,101.136,15
2026-04-14T07:30:00+00:00,SE4,solar,112.277,15
2026-04-14T07:45:00+00:00,SE4,solar,124.26,15
2026-04-14T08:00:00+00:00,SE4,solar,147.041,15
2026-04-14T08:15:00+00:00,SE4,solar,158.678,15
2026-04-14T08:30:00+00:00,SE4,solar,150.283,15
2026-04-14T08:45:00+00:00,SE4,solar,158.344,15
2026-04-14T09:00:00+00:00,SE4,solar,170.357,15
2026-04-14T09:15:00+00:00,SE4,solar,175.024,15
2026-04-14T09:30:00+00:00,SE4,solar,178.693,15
2026-04-14T09:45:00+00:00,SE4,solar,183.335,15
2026-04-14T10:00:00+00:00,SE4,solar,190.17,15
2026-04-14T10:15:00+00:00,SE4,solar,195.217,15
2026-04-14T10:30:00+00:00,SE4,solar,196.583,15
2026-04-14T10:45:00+00:00,SE4,solar,195.576,15
2026-04-14T11:00:00+00:00,SE4,solar,189.235,15
2026-04-14T11:15:00+00:00,SE4,solar,183.008,15
2026-04-14T11:30:00+00:00,SE4,solar,175.791,15
2026-04-14T11:45:00+00:00,SE4,solar,169.281,15
2026-04-14T12:00:00+00:00,SE4,solar,158.044,15
2026-04-14T12:15:00+00:00,SE4,solar,150.549,15
2026-04-14T12:30:00+00:00,SE4,solar,142.976,15
2026-04-14T12:45:00+00:00,SE4,solar,134.655,15
2026-04-14T13:00:00+00:00,SE4,solar,117.153,15
2026-04-14T13:15:00+00:00,SE4,solar,108.018,15
2026-04-14T13:30:00+00:00,SE4,solar,98.534,15
2026-04-14T13:45:00+00:00,SE4,solar,88.724,15
2026-04-14T14:00:00+00:00,SE4,solar,71.671,15
2026-04-14T14:15:00+00:00,SE4,solar,63.165,15
2026-04-14T14:30:00+00:00,SE4,solar,56.253,15
2026-04-14T14:45:00+00:00,SE4,solar,48.672,15
2026-04-14T15:00:00+00:00,SE4,solar,35.347,15
2026-04-14T15:15:00+00:00,SE4,solar,29.67,15
2026-04-14T15:30:00+00:00,SE4,solar,25.511,15
2026-04-14T15:45:00+00:00,SE4,solar,21.505,15
2026-04-14T16:00:00+00:00,SE4,solar,14.606,15
2026-04-14T16:15:00+00:00,SE4,solar,11.827,15
2026-04-14T16:30:00+00:00,SE4,solar,10.057,15
2026-04-14T16:45:00+00:00,SE4,solar,7.787,15
2026-04-14T17:00:00+00:00,SE4,solar,4.805,15
2026-04-14T17:15:00+00:00,SE4,solar,4.627,15
2026-04-14T17:30:00+00:00,SE4,solar,4.429,15
2026-04-14T17:45:00+00:00,SE4,solar,3.939,15
2026-04-14T18:00:00+00:00,SE4,solar,4.113,15
2026-04-14T18:15:00+00:00,SE4,solar,2.554,15
2026-04-14T18:30:00+00:00,SE4,solar,0.306,15
2026-04-14T18:45:00+00:00,SE4,solar,0.253,15
2026-04-14T19:00:00+00:00,SE4,solar,0.136,15
2026-04-14T19:15:00+00:00,SE4,solar,0.134,15
2026-04-14T19:30:00+00:00,SE4,solar,0.132,15
2026-04-14T19:45:00+00:00,SE4,solar,0.129,15
2026-04-14T20:15:00+00:00,SE4,solar,0.128,15
2026-04-14T20:30:00+00:00,SE4,solar,0.127,15
2026-04-14T20:45:00+00:00,SE4,solar,0.126,15
2026-04-14T21:00:00+00:00,SE4,solar,0.124,15
2026-04-14T21:15:00+00:00,SE4,solar,0.123,15
2026-04-14T21:30:00+00:00,SE4,solar,0.122,15
2026-04-14T21:45:00+00:00,SE4,solar,0.123,15
2026-04-14T22:00:00+00:00,SE4,solar,0.792,15
2026-04-14T22:15:00+00:00,SE4,solar,0.794,15
2026-04-14T22:30:00+00:00,SE4,solar,0.744,15
2026-04-14T22:45:00+00:00,SE4,solar,0.71,15
2026-04-14T23:00:00+00:00,SE4,solar,0.63,15
2026-04-14T23:15:00+00:00,SE4,solar,0.599,15
2026-04-14T23:30:00+00:00,SE4,solar,0.578,15
2026-04-14T23:45:00+00:00,SE4,solar,0.539,15
2026-04-15T00:00:00+00:00,SE4,solar,0.512,15
2026-04-15T00:15:00+00:00,SE4,solar,0.513,15
2026-04-15T00:30:00+00:00,SE4,solar,0.523,15
2026-04-15T00:45:00+00:00,SE4,solar,0.526,15
2026-04-15T01:15:00+00:00,SE4,solar,0.546,15
2026-04-15T01:30:00+00:00,SE4,solar,0.54,15
2026-04-15T01:45:00+00:00,SE4,solar,0.53,15
2026-04-15T02:00:00+00:00,SE4,solar,0.525,15
2026-04-15T02:15:00+00:00,SE4,solar,0.519,15
2026-04-15T02:30:00+00:00,SE4,solar,0.539,15
2026-04-15T02:45:00+00:00,SE4,solar,0.605,15
2026-04-15T03:00:00+00:00,SE4,solar,0.623,15
2026-04-15T03:15:00+00:00,SE4,solar,0.642,15
2026-04-15T03:30:00+00:00,SE4,solar,0.693,15
2026-04-15T03:45:00+00:00,SE4,solar,0.767,15
2026-04-15T04:00:00+00:00,SE4,solar,1.603,15
2026-04-15T04:15:00+00:00,SE4,solar,3.118,15
2026-04-15T04:30:00+00:00,SE4,solar,4.73,15
2026-04-15T04:45:00+00:00,SE4,solar,7.322,15
2026-04-15T05:00:00+00:00,SE4,solar,18.905,15
2026-04-15T05:15:00+00:00,SE4,solar,24.63,15
2026-04-15T05:30:00+00:00,SE4,solar,31.174,15
2026-04-15T05:45:00+00:00,SE4,solar,38.753,15
2026-04-15T06:00:00+00:00,SE4,solar,55.42,15
2026-04-15T06:15:00+00:00,SE4,solar,68.197,15
2026-04-15T06:30:00+00:00,SE4,solar,83.072,15
2026-04-15T06:45:00+00:00,SE4,solar,99.229,15
2026-04-15T07:00:00+00:00,SE4,solar,141.108,15
2026-04-15T07:15:00+00:00,SE4,solar,160.332,15
2026-04-15T07:30:00+00:00,SE4,solar,180.767,15
2026-04-15T07:45:00+00:00,SE4,solar,202.927,15
2026-04-15T08:00:00+00:00,SE4,solar,236.721,15
2026-04-15T08:15:00+00:00,SE4,solar,255.094,15
2026-04-15T08:30:00+00:00,SE4,solar,273.172,15
2026-04-15T08:45:00+00:00,SE4,solar,289.109,15
2026-04-15T09:00:00+00:00,SE4,solar,321.489,15
2026-04-15T09:15:00+00:00,SE4,solar,335.506,15
2026-04-15T09:30:00+00:00,SE4,solar,347.728,15
2026-04-15T09:45:00+00:00,SE4,solar,359.725,15
2026-04-15T10:00:00+00:00,SE4,solar,387.079,15
2026-04-15T10:15:00+00:00,SE4,solar,371.793,15
2026-04-15T10:30:00+00:00,SE4,solar,370.639,15
2026-04-15T10:45:00+00:00,SE4,solar,373.571,15
2026-04-15T11:00:00+00:00,SE4,solar,381.805,15
2026-04-15T11:15:00+00:00,SE4,solar,381.308,15
2026-04-15T11:30:00+00:00,SE4,solar,381.389,15
2026-04-15T11:45:00+00:00,SE4,solar,379.064,15
2026-04-15T12:00:00+00:00,SE4,solar,368.471,15
2026-04-15T12:15:00+00:00,SE4,solar,362.476,15
2026-04-15T12:30:00+00:00,SE4,solar,373.623,15
2026-04-15T12:45:00+00:00,SE4,solar,368.718,15
2026-04-15T13:00:00+00:00,SE4,solar,359.048,15
2026-04-15T13:15:00+00:00,SE4,solar,352.483,15
2026-04-15T13:30:00+00:00,SE4,solar,324.518,15
2026-04-15T13:45:00+00:00,SE4,solar,312.817,15
2026-04-15T14:00:00+00:00,SE4,solar,269.914,15
2026-04-15T14:15:00+00:00,SE4,solar,252.206,15
2026-04-15T14:30:00+00:00,SE4,solar,234.274,15
2026-04-15T14:45:00+00:00,SE4,solar,215.962,15
2026-04-15T15:00:00+00:00,SE4,solar,177.405,15
2026-04-15T15:15:00+00:00,SE4,solar,156.151,15
2026-04-15T15:30:00+00:00,SE4,solar,137.111,15
2026-04-15T15:45:00+00:00,SE4,solar,118.052,15
2026-04-15T16:00:00+00:00,SE4,solar,87.58,15
2026-04-15T16:15:00+00:00,SE4,solar,71.769,15
2026-04-15T16:30:00+00:00,SE4,solar,58.619,15
2026-04-15T16:45:00+00:00,SE4,solar,45.82,15
2026-04-15T17:00:00+00:00,SE4,solar,28.315,15
2026-04-15T17:15:00+00:00,SE4,solar,21.422,15
2026-04-15T17:30:00+00:00,SE4,solar,15.806,15
2026-04-15T17:45:00+00:00,SE4,solar,10.328,15
2026-04-15T18:00:00+00:00,SE4,solar,3.319,15
2026-04-15T18:15:00+00:00,SE4,solar,2.288,15
2026-04-15T18:30:00+00:00,SE4,solar,2.013,15
2026-04-15T18:45:00+00:00,SE4,solar,1.46,15
2026-04-15T19:00:00+00:00,SE4,solar,0.853,15
2026-04-15T19:15:00+00:00,SE4,solar,0.784,15
2026-04-15T19:30:00+00:00,SE4,solar,0.259,15
2026-04-15T19:45:00+00:00,SE4,solar,0.671,15
2026-04-15T20:00:00+00:00,SE4,solar,0.53,15
2026-04-15T20:15:00+00:00,SE4,solar,0.61,15
2026-04-15T20:30:00+00:00,SE4,solar,0.596,15
2026-04-15T21:00:00+00:00,SE4,solar,0.598,15
2026-04-15T21:15:00+00:00,SE4,solar,0.648,15
2026-04-15T21:30:00+00:00,SE4,solar,0.149,15
2026-04-15T22:15:00+00:00,SE4,solar,0.14,15
2026-04-15T22:30:00+00:00,SE4,solar,0.139,15
2026-04-15T22:45:00+00:00,SE4,solar,0.146,15
2026-04-15T23:00:00+00:00,SE4,solar,0.134,15
2026-04-15T23:15:00+00:00,SE4,solar,0.133,15
2026-04-15T23:30:00+00:00,SE4,solar,0.132,15
2026-04-16T00:00:00+00:00,SE4,solar,0.138,15
2026-04-16T00:30:00+00:00,SE4,solar,0.139,15
2026-04-16T00:45:00+00:00,SE4,solar,0.141,15
2026-04-16T01:00:00+00:00,SE4,solar,0.143,15
2026-04-16T01:15:00+00:00,SE4,solar,0.145,15
2026-04-16T01:45:00+00:00,SE4,solar,0.143,15
2026-04-16T02:00:00+00:00,SE4,solar,0.139,15
2026-04-16T02:15:00+00:00,SE4,solar,0.138,15
2026-04-16T02:45:00+00:00,SE4,solar,0.139,15
2026-04-16T03:00:00+00:00,SE4,solar,0.151,15
2026-04-16T03:15:00+00:00,SE4,solar,0.171,15
2026-04-16T03:30:00+00:00,SE4,solar,0.207,15
2026-04-16T03:45:00+00:00,SE4,solar,0.283,15
2026-04-16T04:00:00+00:00,SE4,solar,5.578,15
2026-04-16T04:15:00+00:00,SE4,solar,6.989,15
2026-04-16T04:30:00+00:00,SE4,solar,8.836,15
2026-04-16T04:45:00+00:00,SE4,solar,11.784,15
2026-04-16T05:00:00+00:00,SE4,solar,23.679,15
2026-04-16T05:15:00+00:00,SE4,solar,31.013,15
2026-04-16T05:30:00+00:00,SE4,solar,39.74,15
2026-04-16T05:45:00+00:00,SE4,solar,48.62,15
2026-04-16T06:00:00+00:00,SE4,solar,65.663,15
2026-04-16T06:15:00+00:00,SE4,solar,78.568,15
2026-04-16T06:30:00+00:00,SE4,solar,94.179,15
2026-04-16T06:45:00+00:00,SE4,solar,110.231,15
2026-04-16T07:00:00+00:00,SE4,solar,145.098,15
2026-04-16T07:15:00+00:00,SE4,solar,167.18,15
2026-04-16T07:30:00+00:00,SE4,solar,190.064,15
2026-04-16T07:45:00+00:00,SE4,solar,214.402,15
2026-04-16T08:00:00+00:00,SE4,solar,249.212,15
2026-04-16T08:15:00+00:00,SE4,solar,270.6,15
2026-04-16T08:30:00+00:00,SE4,solar,290.966,15
2026-04-16T08:45:00+00:00,SE4,solar,309.323,15
2026-04-16T09:00:00+00:00,SE4,solar,328.382,15
2026-04-16T09:15:00+00:00,SE4,solar,342.887,15
2026-04-16T09:30:00+00:00,SE4,solar,355.013,15
2026-04-16T09:45:00+00:00,SE4,solar,365.718,15
2026-04-16T10:00:00+00:00,SE4,solar,383.207,15
2026-04-16T10:15:00+00:00,SE4,solar,389.274,15
2026-04-16T10:30:00+00:00,SE4,solar,393.064,15
2026-04-16T10:45:00+00:00,SE4,solar,405.593,15
2026-04-16T11:00:00+00:00,SE4,solar,414.029,15
2026-04-16T11:15:00+00:00,SE4,solar,416.363,15
2026-04-16T11:30:00+00:00,SE4,solar,416.174,15
2026-04-16T11:45:00+00:00,SE4,solar,411.524,15
2026-04-16T12:00:00+00:00,SE4,solar,401.679,15
2026-04-16T12:15:00+00:00,SE4,solar,396.665,15
2026-04-16T12:30:00+00:00,SE4,solar,390.353,15
2026-04-16T12:45:00+00:00,SE4,solar,373.259,15
2026-04-16T13:00:00+00:00,SE4,solar,359.106,15
2026-04-16T13:15:00+00:00,SE4,solar,345.73,15
2026-04-16T13:30:00+00:00,SE4,solar,331.288,15
2026-04-16T13:45:00+00:00,SE4,solar,314.296,15
2026-04-16T14:00:00+00:00,SE4,solar,282.705,15
2026-04-16T14:15:00+00:00,SE4,solar,261.445,15
2026-04-16T14:30:00+00:00,SE4,solar,235.693,15
2026-04-16T14:45:00+00:00,SE4,solar,211.24,15
2026-04-16T15:00:00+00:00,SE4,solar,171.57,15
2026-04-16T15:15:00+00:00,SE4,solar,146.474,15
2026-04-16T15:30:00+00:00,SE4,solar,122.964,15
2026-04-16T15:45:00+00:00,SE4,solar,102.991,15
2026-04-16T16:00:00+00:00,SE4,solar,75.909,15
2026-04-16T16:15:00+00:00,SE4,solar,61.074,15
2026-04-16T16:30:00+00:00,SE4,solar,47.662,15
2026-04-16T16:45:00+00:00,SE4,solar,35.78,15
2026-04-16T17:00:00+00:00,SE4,solar,21.832,15
2026-04-16T17:15:00+00:00,SE4,solar,16.29,15
2026-04-16T17:30:00+00:00,SE4,solar,12.325,15
2026-04-16T17:45:00+00:00,SE4,solar,8.348,15
2026-04-16T18:00:00+00:00,SE4,solar,2.137,15
2026-04-16T18:15:00+00:00,SE4,solar,1.819,15
2026-04-16T18:30:00+00:00,SE4,solar,0.904,15
2026-04-16T18:45:00+00:00,SE4,solar,0.351,15
2026-04-16T19:00:00+00:00,SE4,solar,0.124,15
2026-04-16T19:45:00+00:00,SE4,solar,0.123,15
2026-04-16T20:00:00+00:00,SE4,solar,0.119,15
2026-04-16T21:00:00+00:00,SE4,solar,0.122,15
2026-04-16T21:15:00+00:00,SE4,solar,0.119,15
2026-04-16T22:00:00+00:00,SE4,solar,0.115,15
2026-04-16T22:30:00+00:00,SE4,solar,0.116,15
2026-04-16T23:00:00+00:00,SE4,solar,0.12,15
2026-04-16T23:15:00+00:00,SE4,solar,0.121,15
2026-04-16T23:30:00+00:00,SE4,solar,0.122,15
2026-04-17T00:00:00+00:00,SE4,solar,0.123,15
2026-04-17T00:15:00+00:00,SE4,solar,0.127,15
2026-04-17T00:30:00+00:00,SE4,solar,0.126,15
2026-04-17T00:45:00+00:00,SE4,solar,0.124,15
2026-04-17T01:00:00+00:00,SE4,solar,0.12,15
2026-04-17T01:15:00+00:00,SE4,solar,0.123,15
2026-04-17T01:30:00+00:00,SE4,solar,0.122,15
2026-04-17T01:45:00+00:00,SE4,solar,0.12,15
2026-04-17T02:00:00+00:00,SE4,solar,0.122,15
2026-04-17T02:15:00+00:00,SE4,solar,0.121,15
2026-04-17T02:45:00+00:00,SE4,solar,0.122,15
2026-04-17T03:00:00+00:00,SE4,solar,0.136,15
2026-04-17T03:15:00+00:00,SE4,solar,0.143,15
2026-04-17T03:30:00+00:00,SE4,solar,0.17,15
2026-04-17T03:45:00+00:00,SE4,solar,0.273,15
2026-04-17T04:00:00+00:00,SE4,solar,5.461,15
2026-04-17T04:15:00+00:00,SE4,solar,8.681,15
2026-04-17T04:30:00+00:00,SE4,solar,11.031,15
2026-04-17T04:45:00+00:00,SE4,solar,15.738,15
2026-04-17T05:00:00+00:00,SE4,solar,43.404,15
2026-04-17T05:15:00+00:00,SE4,solar,57.854,15
2026-04-17T05:30:00+00:00,SE4,solar,71.01,15
2026-04-17T05:45:00+00:00,SE4,solar,87.748,15
2026-04-17T06:00:00+00:00,SE4,solar,122.105,15
2026-04-17T06:15:00+00:00,SE4,solar,146.19,15
2026-04-17T06:30:00+00:00,SE4,solar,172.255,15
2026-04-17T06:45:00+00:00,SE4,solar,202.402,15
2026-04-17T07:00:00+00:00,SE4,solar,284.855,15
2026-04-17T07:15:00+00:00,SE4,solar,321.55,15
2026-04-17T07:30:00+00:00,SE4,solar,359.258,15
2026-04-17T07:45:00+00:00,SE4,solar,393.715,15
2026-04-17T08:00:00+00:00,SE4,solar,445.776,15
2026-04-17T08:15:00+00:00,SE4,solar,480.943,15
2026-04-17T08:30:00+00:00,SE4,solar,511.382,15
2026-04-17T08:45:00+00:00,SE4,solar,541.824,15
2026-04-17T09:00:00+00:00,SE4,solar,584.173,15
2026-04-17T09:15:00+00:00,SE4,solar,606.666,15
2026-04-17T09:30:00+00:00,SE4,solar,624.167,15
2026-04-17T09:45:00+00:00,SE4,solar,643.413,15
2026-04-17T10:00:00+00:00,SE4,solar,665.07,15
2026-04-17T10:15:00+00:00,SE4,solar,670.481,15
2026-04-17T10:30:00+00:00,SE4,solar,673.951,15
2026-04-17T10:45:00+00:00,SE4,solar,687.085,15
2026-04-17T11:00:00+00:00,SE4,solar,689.625,15
2026-04-17T11:15:00+00:00,SE4,solar,689.772,15
2026-04-17T11:30:00+00:00,SE4,solar,689.179,15
2026-04-17T11:45:00+00:00,SE4,solar,686.324,15
2026-04-17T12:00:00+00:00,SE4,solar,672.06,15
2026-04-17T12:15:00+00:00,SE4,solar,661.578,15
2026-04-17T12:30:00+00:00,SE4,solar,650.311,15
2026-04-17T12:45:00+00:00,SE4,solar,637.764,15
2026-04-17T13:00:00+00:00,SE4,solar,602.107,15
2026-04-17T13:15:00+00:00,SE4,solar,578.458,15
2026-04-17T13:30:00+00:00,SE4,solar,552.045,15
2026-04-17T13:45:00+00:00,SE4,solar,524.657,15
2026-04-17T14:00:00+00:00,SE4,solar,466.332,15
2026-04-17T14:15:00+00:00,SE4,solar,431.226,15
2026-04-17T14:30:00+00:00,SE4,solar,394.355,15
2026-04-17T14:45:00+00:00,SE4,solar,357.953,15
2026-04-17T15:00:00+00:00,SE4,solar,288.397,15
2026-04-17T15:15:00+00:00,SE4,solar,256.145,15
2026-04-17T15:30:00+00:00,SE4,solar,223.218,15
2026-04-17T15:45:00+00:00,SE4,solar,190.728,15
2026-04-17T16:00:00+00:00,SE4,solar,133.881,15
2026-04-17T16:15:00+00:00,SE4,solar,108.255,15
2026-04-17T16:30:00+00:00,SE4,solar,85.45,15
2026-04-17T16:45:00+00:00,SE4,solar,66.992,15
2026-04-17T17:00:00+00:00,SE4,solar,32.733,15
2026-04-17T17:15:00+00:00,SE4,solar,19.601,15
2026-04-17T17:30:00+00:00,SE4,solar,13.689,15
2026-04-17T17:45:00+00:00,SE4,solar,8.138,15
2026-04-17T18:00:00+00:00,SE4,solar,2.601,15
2026-04-17T18:15:00+00:00,SE4,solar,1.784,15
2026-04-17T18:30:00+00:00,SE4,solar,1.614,15
2026-04-17T18:45:00+00:00,SE4,solar,1.029,15
2026-04-17T19:00:00+00:00,SE4,solar,0.785,15
2026-04-17T19:15:00+00:00,SE4,solar,0.727,15
2026-04-17T19:30:00+00:00,SE4,solar,0.27,15
2026-04-17T19:45:00+00:00,SE4,solar,0.258,15
2026-04-17T20:00:00+00:00,SE4,solar,0.146,15
2026-04-17T20:15:00+00:00,SE4,solar,0.148,15
2026-04-17T20:30:00+00:00,SE4,solar,0.146,15
2026-04-17T20:45:00+00:00,SE4,solar,0.144,15
2026-04-17T21:00:00+00:00,SE4,solar,0.147,15
2026-04-17T21:15:00+00:00,SE4,solar,0.149,15
2026-04-17T21:30:00+00:00,SE4,solar,0.148,15
2026-04-17T21:45:00+00:00,SE4,solar,0.143,15
2026-04-17T22:00:00+00:00,SE4,solar,0.142,15
2026-04-17T22:15:00+00:00,SE4,solar,0.144,15
2026-04-17T22:45:00+00:00,SE4,solar,0.142,15
2026-04-17T23:00:00+00:00,SE4,solar,0.134,15
2026-04-17T23:30:00+00:00,SE4,solar,0.132,15
2026-04-17T23:45:00+00:00,SE4,solar,0.129,15
2026-04-18T00:00:00+00:00,SE4,solar,0.132,15
2026-04-18T00:15:00+00:00,SE4,solar,0.131,15
2026-04-18T00:30:00+00:00,SE4,solar,0.13,15
2026-04-18T00:45:00+00:00,SE4,solar,0.133,15
2026-04-18T01:00:00+00:00,SE4,solar,0.139,15
2026-04-18T01:15:00+00:00,SE4,solar,0.143,15
2026-04-18T01:30:00+00:00,SE4,solar,0.142,15
2026-04-18T01:45:00+00:00,SE4,solar,0.138,15
2026-04-18T02:00:00+00:00,SE4,solar,0.129,15
2026-04-18T02:15:00+00:00,SE4,solar,0.127,15
2026-04-18T02:45:00+00:00,SE4,solar,0.129,15
2026-04-18T03:00:00+00:00,SE4,solar,0.137,15
2026-04-18T03:15:00+00:00,SE4,solar,0.144,15
2026-04-18T03:30:00+00:00,SE4,solar,0.148,15
2026-04-18T03:45:00+00:00,SE4,solar,0.216,15
2026-04-18T04:00:00+00:00,SE4,solar,3.59,15
2026-04-18T04:15:00+00:00,SE4,solar,6.112,15
2026-04-18T04:30:00+00:00,SE4,solar,8.78,15
2026-04-18T04:45:00+00:00,SE4,solar,12.513,15
2026-04-18T05:00:00+00:00,SE4,solar,28.852,15
2026-04-18T05:15:00+00:00,SE4,solar,38.421,15
2026-04-18T05:30:00+00:00,SE4,solar,49.052,15
2026-04-18T05:45:00+00:00,SE4,solar,60.367,15
2026-04-18T06:00:00+00:00,SE4,solar,88.718,15
2026-04-18T06:15:00+00:00,SE4,solar,103.941,15
2026-04-18T06:30:00+00:00,SE4,solar,123.346,15
2026-04-18T06:45:00+00:00,SE4,solar,142.962,15
2026-04-18T07:00:00+00:00,SE4,solar,177.327,15
2026-04-18T07:15:00+00:00,SE4,solar,197.554,15
2026-04-18T07:30:00+00:00,SE4,solar,223.146,15
2026-04-18T07:45:00+00:00,SE4,solar,244.112,15
2026-04-18T08:00:00+00:00,SE4,solar,271.711,15
2026-04-18T08:15:00+00:00,SE4,solar,287.965,15
2026-04-18T08:30:00+00:00,SE4,solar,303.546,15
2026-04-18T08:45:00+00:00,SE4,solar,318.65,15
2026-04-18T09:00:00+00:00,SE4,solar,337.117,15
2026-04-18T09:15:00+00:00,SE4,solar,347.122,15
2026-04-18T09:30:00+00:00,SE4,solar,364.107,15
2026-04-18T09:45:00+00:00,SE4,solar,370.172,15
2026-04-18T10:00:00+00:00,SE4,solar,367.006,15
2026-04-18T10:15:00+00:00,SE4,solar,370.08,15
2026-04-18T10:30:00+00:00,SE4,solar,370.564,15
2026-04-18T10:45:00+00:00,SE4,solar,368.655,15
2026-04-18T11:00:00+00:00,SE4,solar,361.806,15
2026-04-18T11:15:00+00:00,SE4,solar,358.443,15
2026-04-18T11:30:00+00:00,SE4,solar,352.041,15
2026-04-18T11:45:00+00:00,SE4,solar,343.308,15
2026-04-18T12:00:00+00:00,SE4,solar,328.044,15
2026-04-18T12:15:00+00:00,SE4,solar,315.799,15
2026-04-18T12:30:00+00:00,SE4,solar,300.668,15
2026-04-18T12:45:00+00:00,SE4,solar,289.295,15
2026-04-18T13:00:00+00:00,SE4,solar,268.061,15
2026-04-18T13:15:00+00:00,SE4,solar,249.343,15
2026-04-18T13:30:00+00:00,SE4,solar,232.989,15
2026-04-18T13:45:00+00:00,SE4,solar,214.075,15
2026-04-18T14:00:00+00:00,SE4,solar,184.962,15
2026-04-18T14:15:00+00:00,SE4,solar,166.342,15
2026-04-18T14:30:00+00:00,SE4,solar,147.056,15
2026-04-18T14:45:00+00:00,SE4,solar,129.302,15
2026-04-18T15:00:00+00:00,SE4,solar,96.789,15
2026-04-18T15:15:00+00:00,SE4,solar,81.46,15
2026-04-18T15:30:00+00:00,SE4,solar,66.26,15
2026-04-18T15:45:00+00:00,SE4,solar,52.696,15
2026-04-18T16:00:00+00:00,SE4,solar,38.07,15
2026-04-18T16:15:00+00:00,SE4,solar,29.234,15
2026-04-18T16:30:00+00:00,SE4,solar,21.843,15
2026-04-18T16:45:00+00:00,SE4,solar,16.214,15
2026-04-18T17:00:00+00:00,SE4,solar,9.53,15
2026-04-18T17:15:00+00:00,SE4,solar,6.883,15
2026-04-18T17:30:00+00:00,SE4,solar,5.156,15
2026-04-18T17:45:00+00:00,SE4,solar,3.42,15
2026-04-18T18:00:00+00:00,SE4,solar,1.957,15
2026-04-18T18:15:00+00:00,SE4,solar,1.613,15
2026-04-18T18:30:00+00:00,SE4,solar,1.04,15
2026-04-18T18:45:00+00:00,SE4,solar,0.361,15
2026-04-18T19:00:00+00:00,SE4,solar,0.144,15
2026-04-18T19:15:00+00:00,SE4,solar,0.14,15
2026-04-18T19:30:00+00:00,SE4,solar,0.135,15
2026-04-18T19:45:00+00:00,SE4,solar,0.131,15
2026-04-18T20:00:00+00:00,SE4,solar,0.128,15
2026-04-18T20:15:00+00:00,SE4,solar,0.125,15
2026-04-18T20:30:00+00:00,SE4,solar,0.124,15
2026-04-18T20:45:00+00:00,SE4,solar,0.126,15
2026-04-18T21:00:00+00:00,SE4,solar,0.129,15
2026-04-18T21:15:00+00:00,SE4,solar,0.13,15
2026-04-18T21:30:00+00:00,SE4,solar,0.133,15
2026-04-18T21:45:00+00:00,SE4,solar,0.136,15
2026-04-18T22:00:00+00:00,SE4,solar,0.146,15
2026-04-18T22:45:00+00:00,SE4,solar,0.142,15
2026-04-18T23:00:00+00:00,SE4,solar,0.135,15
2026-04-18T23:15:00+00:00,SE4,solar,0.133,15
2026-04-18T23:30:00+00:00,SE4,solar,0.132,15
2026-04-18T23:45:00+00:00,SE4,solar,0.131,15
2026-04-19T00:00:00+00:00,SE4,solar,0.133,15
2026-04-19T00:15:00+00:00,SE4,solar,0.136,15
2026-04-19T00:45:00+00:00,SE4,solar,0.134,15
2026-04-19T01:00:00+00:00,SE4,solar,0.14,15
2026-04-19T01:15:00+00:00,SE4,solar,0.144,15
2026-04-19T01:45:00+00:00,SE4,solar,0.139,15
2026-04-19T02:00:00+00:00,SE4,solar,0.122,15
2026-04-19T02:15:00+00:00,SE4,solar,0.116,15
2026-04-19T02:45:00+00:00,SE4,solar,0.122,15
2026-04-19T03:00:00+00:00,SE4,solar,0.148,15
2026-04-19T03:15:00+00:00,SE4,solar,0.155,15
2026-04-19T03:30:00+00:00,SE4,solar,0.164,15
2026-04-19T03:45:00+00:00,SE4,solar,0.202,15
2026-04-19T04:00:00+00:00,SE4,solar,1.478,15
2026-04-19T04:15:00+00:00,SE4,solar,2.333,15
2026-04-19T04:30:00+00:00,SE4,solar,2.798,15
2026-04-19T04:45:00+00:00,SE4,solar,3.752,15
2026-04-19T05:00:00+00:00,SE4,solar,8.237,15
2026-04-19T05:15:00+00:00,SE4,solar,10.901,15
2026-04-19T05:30:00+00:00,SE4,solar,13.098,15
2026-04-19T05:45:00+00:00,SE4,solar,15.906,15
2026-04-19T06:00:00+00:00,SE4,solar,22.941,15
2026-04-19T06:15:00+00:00,SE4,solar,27.913,15
2026-04-19T06:30:00+00:00,SE4,solar,32.309,15
2026-04-19T06:45:00+00:00,SE4,solar,37.749,15
2026-04-19T07:00:00+00:00,SE4,solar,49.424,15
2026-04-19T07:15:00+00:00,SE4,solar,55.496,15
2026-04-19T07:30:00+00:00,SE4,solar,66.138,15
2026-04-19T07:45:00+00:00,SE4,solar,73.97,15
2026-04-19T08:00:00+00:00,SE4,solar,84.58,15
2026-04-19T08:15:00+00:00,SE4,solar,92.15,15
2026-04-19T08:30:00+00:00,SE4,solar,99.148,15
2026-04-19T08:45:00+00:00,SE4,solar,105.117,15
2026-04-19T09:00:00+00:00,SE4,solar,115.168,15
2026-04-19T09:15:00+00:00,SE4,solar,120.005,15
2026-04-19T09:30:00+00:00,SE4,solar,124.449,15
2026-04-19T09:45:00+00:00,SE4,solar,127.393,15
2026-04-19T10:00:00+00:00,SE4,solar,131.762,15
2026-04-19T10:15:00+00:00,SE4,solar,134.426,15
2026-04-19T10:30:00+00:00,SE4,solar,136.396,15
2026-04-19T10:45:00+00:00,SE4,solar,137.581,15
2026-04-19T11:00:00+00:00,SE4,solar,138.151,15
2026-04-19T11:15:00+00:00,SE4,solar,137.918,15
2026-04-19T11:30:00+00:00,SE4,solar,137.284,15
2026-04-19T11:45:00+00:00,SE4,solar,135.457,15
2026-04-19T12:00:00+00:00,SE4,solar,139.792,15
2026-04-19T12:15:00+00:00,SE4,solar,137.291,15
2026-04-19T12:30:00+00:00,SE4,solar,134.478,15
2026-04-19T12:45:00+00:00,SE4,solar,144.572,15
2026-04-19T13:00:00+00:00,SE4,solar,137.507,15
2026-04-19T13:15:00+00:00,SE4,solar,132.736,15
2026-04-19T13:30:00+00:00,SE4,solar,126.699,15
2026-04-19T13:45:00+00:00,SE4,solar,120.861,15
2026-04-19T14:00:00+00:00,SE4,solar,109.745,15
2026-04-19T14:15:00+00:00,SE4,solar,101.847,15
2026-04-19T14:30:00+00:00,SE4,solar,93.51,15
2026-04-19T14:45:00+00:00,SE4,solar,86.505,15
2026-04-19T15:00:00+00:00,SE4,solar,71.729,15
2026-04-19T15:15:00+00:00,SE4,solar,64.398,15
2026-04-19T15:30:00+00:00,SE4,solar,56.002,15
2026-04-19T15:45:00+00:00,SE4,solar,47.926,15
2026-04-19T16:00:00+00:00,SE4,solar,36.285,15
2026-04-19T16:15:00+00:00,SE4,solar,31.019,15
2026-04-19T16:30:00+00:00,SE4,solar,24.144,15
2026-04-19T16:45:00+00:00,SE4,solar,19.05,15
2026-04-19T17:00:00+00:00,SE4,solar,12.688,15
2026-04-19T17:15:00+00:00,SE4,solar,10.017,15
2026-04-19T17:30:00+00:00,SE4,solar,7.007,15
2026-04-19T17:45:00+00:00,SE4,solar,4.887,15
2026-04-19T18:00:00+00:00,SE4,solar,2.806,15
2026-04-19T18:15:00+00:00,SE4,solar,2.309,15
2026-04-19T18:30:00+00:00,SE4,solar,1.768,15
2026-04-19T18:45:00+00:00,SE4,solar,1.211,15
2026-04-19T19:00:00+00:00,SE4,solar,0.893,15
2026-04-19T19:15:00+00:00,SE4,solar,0.812,15
2026-04-19T19:30:00+00:00,SE4,solar,0.101,15
2026-04-19T19:45:00+00:00,SE4,solar,0.099,15
2026-04-19T20:00:00+00:00,SE4,solar,0.094,15
2026-04-19T20:15:00+00:00,SE4,solar,0.092,15
2026-04-19T20:45:00+00:00,SE4,solar,0.094,15
2026-04-19T21:00:00+00:00,SE4,solar,0.095,15
2026-04-19T21:15:00+00:00,SE4,solar,0.097,15
2026-04-19T21:30:00+00:00,SE4,solar,0.099,15
2026-04-19T21:45:00+00:00,SE4,solar,0.102,15
2026-04-19T22:00:00+00:00,SE4,solar,0.099,15
2026-04-19T22:15:00+00:00,SE4,solar,0.1,15
2026-04-19T22:30:00+00:00,SE4,solar,0.099,15
2026-04-19T22:45:00+00:00,SE4,solar,0.096,15
2026-04-19T23:00:00+00:00,SE4,solar,0.083,15
2026-04-19T23:15:00+00:00,SE4,solar,0.08,15
2026-04-19T23:45:00+00:00,SE4,solar,0.083,15
2026-04-20T00:00:00+00:00,SE4,solar,0.088,15
2026-04-20T00:45:00+00:00,SE4,solar,0.087,15
2026-04-20T01:15:00+00:00,SE4,solar,0.086,15
2026-04-20T01:45:00+00:00,SE4,solar,0.083,15
2026-04-20T02:00:00+00:00,SE4,solar,0.074,15
2026-04-20T02:15:00+00:00,SE4,solar,0.071,15
2026-04-20T02:45:00+00:00,SE4,solar,0.074,15
2026-04-20T03:00:00+00:00,SE4,solar,0.099,15
2026-04-20T03:15:00+00:00,SE4,solar,0.693,15
2026-04-20T03:30:00+00:00,SE4,solar,0.906,15
2026-04-20T03:45:00+00:00,SE4,solar,1.373,15
2026-04-20T04:00:00+00:00,SE4,solar,10.189,15
2026-04-20T04:15:00+00:00,SE4,solar,16.101,15
2026-04-20T04:30:00+00:00,SE4,solar,23.182,15
2026-04-20T04:45:00+00:00,SE4,solar,31.831,15
2026-04-20T05:00:00+00:00,SE4,solar,59.508,15
2026-04-20T05:15:00+00:00,SE4,solar,77.909,15
2026-04-20T05:30:00+00:00,SE4,solar,98.865,15
2026-04-20T05:45:00+00:00,SE4,solar,121.386,15
2026-04-20T06:00:00+00:00,SE4,solar,166.909,15
2026-04-20T06:15:00+00:00,SE4,solar,197.319,15
2026-04-20T06:30:00+00:00,SE4,solar,232.347,15
2026-04-20T06:45:00+00:00,SE4,solar,268.022,15
2026-04-20T07:00:00+00:00,SE4,solar,328.346,15
2026-04-20T07:15:00+00:00,SE4,solar,365.351,15
2026-04-20T07:30:00+00:00,SE4,solar,404.872,15
2026-04-20T07:45:00+00:00,SE4,solar,440.467,15
2026-04-20T08:00:00+00:00,SE4,solar,493.471,15
2026-04-20T08:15:00+00:00,SE4,solar,523.972,15
2026-04-20T08:30:00+00:00,SE4,solar,560.818,15
2026-04-20T08:45:00+00:00,SE4,solar,588.224,15
2026-04-20T09:00:00+00:00,SE4,solar,632.19,15
2026-04-20T09:15:00+00:00,SE4,solar,649.733,15
2026-04-20T09:30:00+00:00,SE4,solar,668.776,15
2026-04-20T09:45:00+00:00,SE4,solar,685.319,15
2026-04-20T10:00:00+00:00,SE4,solar,707.193,15
2026-04-20T10:15:00+00:00,SE4,solar,715.955,15
2026-04-20T10:30:00+00:00,SE4,solar,721.752,15
2026-04-20T10:45:00+00:00,SE4,solar,726.803,15
2026-04-20T11:00:00+00:00,SE4,solar,727.563,15
2026-04-20T11:15:00+00:00,SE4,solar,729.949,15
2026-04-20T11:30:00+00:00,SE4,solar,728.473,15
2026-04-20T11:45:00+00:00,SE4,solar,723.859,15
2026-04-20T12:00:00+00:00,SE4,solar,712.208,15
2026-04-20T12:15:00+00:00,SE4,solar,703.723,15
2026-04-20T12:30:00+00:00,SE4,solar,694.262,15
2026-04-20T12:45:00+00:00,SE4,solar,683.219,15
2026-04-20T13:00:00+00:00,SE4,solar,654.091,15
2026-04-20T13:15:00+00:00,SE4,solar,630.199,15
2026-04-20T13:30:00+00:00,SE4,solar,606.579,15
2026-04-20T13:45:00+00:00,SE4,solar,581.965,15
2026-04-20T14:00:00+00:00,SE4,solar,527.853,15
2026-04-20T14:15:00+00:00,SE4,solar,494.469,15
2026-04-20T14:30:00+00:00,SE4,solar,459.614,15
2026-04-20T14:45:00+00:00,SE4,solar,424.084,15
2026-04-20T15:00:00+00:00,SE4,solar,337.549,15
2026-04-20T15:15:00+00:00,SE4,solar,299.917,15
2026-04-20T15:30:00+00:00,SE4,solar,262.479,15
2026-04-20T15:45:00+00:00,SE4,solar,226.396,15
2026-04-20T16:00:00+00:00,SE4,solar,173.122,15
2026-04-20T16:15:00+00:00,SE4,solar,155.934,15
2026-04-20T16:30:00+00:00,SE4,solar,127.192,15
2026-04-20T16:45:00+00:00,SE4,solar,98.578,15
2026-04-20T17:00:00+00:00,SE4,solar,49.394,15
2026-04-20T17:15:00+00:00,SE4,solar,35.051,15
2026-04-20T17:30:00+00:00,SE4,solar,24.702,15
2026-04-20T17:45:00+00:00,SE4,solar,15.626,15
2026-04-20T18:00:00+00:00,SE4,solar,3.199,15
2026-04-20T18:15:00+00:00,SE4,solar,2.059,15
2026-04-20T18:30:00+00:00,SE4,solar,1.179,15
2026-04-20T18:45:00+00:00,SE4,solar,0.667,15
2026-04-20T19:00:00+00:00,SE4,solar,0.25,15
2026-04-20T19:15:00+00:00,SE4,solar,0.246,15
2026-04-20T19:30:00+00:00,SE4,solar,0.242,15
2026-04-20T19:45:00+00:00,SE4,solar,0.236,15
2026-04-20T20:00:00+00:00,SE4,solar,0.121,15
2026-04-20T20:15:00+00:00,SE4,solar,0.119,15
2026-04-20T20:45:00+00:00,SE4,solar,0.121,15
2026-04-20T21:00:00+00:00,SE4,solar,0.123,15
2026-04-20T21:15:00+00:00,SE4,solar,0.125,15
2026-04-20T21:30:00+00:00,SE4,solar,0.128,15
2026-04-20T21:45:00+00:00,SE4,solar,0.131,15
2026-04-20T22:00:00+00:00,SE4,solar,0.595,15
2026-04-20T22:15:00+00:00,SE4,solar,0.599,15
2026-04-20T22:30:00+00:00,SE4,solar,0.569,15
2026-04-20T22:45:00+00:00,SE4,solar,0.555,15
2026-04-20T23:00:00+00:00,SE4,solar,0.533,15
2026-04-20T23:15:00+00:00,SE4,solar,0.532,15
2026-04-20T23:30:00+00:00,SE4,solar,0.542,15
2026-04-20T23:45:00+00:00,SE4,solar,0.535,15
2026-04-21T00:00:00+00:00,SE4,solar,0.532,15
2026-04-21T00:15:00+00:00,SE4,solar,0.544,15
2026-04-21T00:30:00+00:00,SE4,solar,0.542,15
2026-04-21T00:45:00+00:00,SE4,solar,0.535,15
2026-04-21T01:00:00+00:00,SE4,solar,0.546,15
2026-04-21T01:30:00+00:00,SE4,solar,0.536,15
2026-04-21T02:00:00+00:00,SE4,solar,0.542,15
2026-04-21T02:15:00+00:00,SE4,solar,0.549,15
2026-04-21T02:45:00+00:00,SE4,solar,0.572,15
2026-04-21T03:00:00+00:00,SE4,solar,0.602,15
2026-04-21T03:15:00+00:00,SE4,solar,0.654,15
2026-04-21T03:30:00+00:00,SE4,solar,0.685,15
2026-04-21T03:45:00+00:00,SE4,solar,0.887,15
2026-04-21T04:00:00+00:00,SE4,solar,8.181,15
2026-04-21T04:15:00+00:00,SE4,solar,14.158,15
2026-04-21T04:30:00+00:00,SE4,solar,21.239,15
2026-04-21T04:45:00+00:00,SE4,solar,29.901,15
2026-04-21T05:00:00+00:00,SE4,solar,59.951,15
2026-04-21T05:15:00+00:00,SE4,solar,78.709,15
2026-04-21T05:30:00+00:00,SE4,solar,100.701,15
2026-04-21T05:45:00+00:00,SE4,solar,123.866,15
2026-04-21T06:00:00+00:00,SE4,solar,169.245,15
2026-04-21T06:15:00+00:00,SE4,solar,210.954,15
2026-04-21T06:30:00+00:00,SE4,solar,274.516,15
2026-04-21T06:45:00+00:00,SE4,solar,309.083,15
2026-04-21T07:00:00+00:00,SE4,solar,373.523,15
2026-04-21T07:15:00+00:00,SE4,solar,409.895,15
2026-04-21T07:30:00+00:00,SE4,solar,446.451,15
2026-04-21T07:45:00+00:00,SE4,solar,482.017,15
2026-04-21T08:00:00+00:00,SE4,solar,539.723,15
2026-04-21T08:15:00+00:00,SE4,solar,568.865,15
2026-04-21T08:30:00+00:00,SE4,solar,597.985,15
2026-04-21T08:45:00+00:00,SE4,solar,622.433,15
2026-04-21T09:00:00+00:00,SE4,solar,664.005,15
2026-04-21T09:15:00+00:00,SE4,solar,682.251,15
2026-04-21T09:30:00+00:00,SE4,solar,699.91,15
2026-04-21T09:45:00+00:00,SE4,solar,717.002,15
2026-04-21T10:00:00+00:00,SE4,solar,736.845,15
2026-04-21T10:15:00+00:00,SE4,solar,744.716,15
2026-04-21T10:30:00+00:00,SE4,solar,752.703,15
2026-04-21T10:45:00+00:00,SE4,solar,756.137,15
2026-04-21T11:00:00+00:00,SE4,solar,758.268,15
2026-04-21T11:15:00+00:00,SE4,solar,757.975,15
2026-04-21T11:30:00+00:00,SE4,solar,760.529,15
2026-04-21T11:45:00+00:00,SE4,solar,759.874,15
2026-04-21T12:00:00+00:00,SE4,solar,745.185,15
2026-04-21T12:15:00+00:00,SE4,solar,732.71,15
2026-04-21T12:30:00+00:00,SE4,solar,719.026,15
2026-04-21T12:45:00+00:00,SE4,solar,707.874,15
2026-04-21T13:00:00+00:00,SE4,solar,680.326,15
2026-04-21T13:15:00+00:00,SE4,solar,656.661,15
2026-04-21T13:30:00+00:00,SE4,solar,636.54,15
2026-04-21T13:45:00+00:00,SE4,solar,610.779,15
2026-04-21T14:00:00+00:00,SE4,solar,554.243,15
2026-04-21T14:15:00+00:00,SE4,solar,516.937,15
2026-04-21T14:30:00+00:00,SE4,solar,480.392,15
2026-04-21T14:45:00+00:00,SE4,solar,443.188,15
2026-04-21T15:00:00+00:00,SE4,solar,368.045,15
2026-04-21T15:15:00+00:00,SE4,solar,329.945,15
2026-04-21T15:30:00+00:00,SE4,solar,290.818,15
2026-04-21T15:45:00+00:00,SE4,solar,245.422,15
2026-04-21T16:00:00+00:00,SE4,solar,195.509,15
2026-04-21T16:15:00+00:00,SE4,solar,164.644,15
2026-04-21T16:30:00+00:00,SE4,solar,134.54,15
2026-04-21T16:45:00+00:00,SE4,solar,105.232,15
2026-04-21T17:00:00+00:00,SE4,solar,49.157,15
2026-04-21T17:15:00+00:00,SE4,solar,36.84,15
2026-04-21T17:30:00+00:00,SE4,solar,25.92,15
2026-04-21T17:45:00+00:00,SE4,solar,16.859,15
2026-04-21T18:00:00+00:00,SE4,solar,4.857,15
2026-04-21T18:15:00+00:00,SE4,solar,3.552,15
2026-04-21T18:30:00+00:00,SE4,solar,2.651,15
2026-04-21T18:45:00+00:00,SE4,solar,1.71,15
2026-04-21T19:00:00+00:00,SE4,solar,1.155,15
2026-04-21T19:15:00+00:00,SE4,solar,1.036,15
2026-04-21T19:30:00+00:00,SE4,solar,0.953,15
2026-04-21T19:45:00+00:00,SE4,solar,0.832,15
2026-04-21T20:00:00+00:00,SE4,solar,0.66,15
2026-04-21T20:15:00+00:00,SE4,solar,0.624,15
2026-04-21T20:30:00+00:00,SE4,solar,0.621,15
2026-04-21T20:45:00+00:00,SE4,solar,0.579,15
2026-04-21T21:00:00+00:00,SE4,solar,0.567,15
2026-04-21T21:15:00+00:00,SE4,solar,0.558,15
2026-04-21T21:30:00+00:00,SE4,solar,0.548,15
2026-04-21T21:45:00+00:00,SE4,solar,0.52,15
2026-04-21T22:00:00+00:00,SE4,solar,0.413,15
2026-04-21T22:15:00+00:00,SE4,solar,0.399,15
2026-04-21T22:30:00+00:00,SE4,solar,0.386,15
2026-04-21T22:45:00+00:00,SE4,solar,0.374,15
2026-04-21T23:15:00+00:00,SE4,solar,0.362,15
2026-04-21T23:30:00+00:00,SE4,solar,0.367,15
2026-04-21T23:45:00+00:00,SE4,solar,0.379,15
2026-04-22T00:00:00+00:00,SE4,solar,0.407,15
2026-04-22T00:15:00+00:00,SE4,solar,0.429,15
2026-04-22T00:45:00+00:00,SE4,solar,0.409,15
2026-04-22T01:00:00+00:00,SE4,solar,0.377,15
2026-04-22T01:15:00+00:00,SE4,solar,0.369,15
2026-04-22T01:45:00+00:00,SE4,solar,0.376,15
2026-04-22T02:00:00+00:00,SE4,solar,0.387,15
2026-04-22T02:30:00+00:00,SE4,solar,0.389,15
2026-04-22T02:45:00+00:00,SE4,solar,0.393,15
2026-04-22T03:00:00+00:00,SE4,solar,0.531,15
2026-04-22T03:15:00+00:00,SE4,solar,0.586,15
2026-04-22T03:30:00+00:00,SE4,solar,0.636,15
2026-04-22T03:45:00+00:00,SE4,solar,0.854,15
2026-04-22T04:00:00+00:00,SE4,solar,8.932,15
2026-04-22T04:15:00+00:00,SE4,solar,15.371,15
2026-04-22T04:30:00+00:00,SE4,solar,22.667,15
2026-04-22T04:45:00+00:00,SE4,solar,30.794,15
2026-04-22T05:00:00+00:00,SE4,solar,78.201,15
2026-04-22T05:15:00+00:00,SE4,solar,103.106,15
2026-04-22T05:30:00+00:00,SE4,solar,128.997,15
2026-04-22T05:45:00+00:00,SE4,solar,155.205,15
2026-04-22T06:00:00+00:00,SE4,solar,203.976,15
2026-04-22T06:15:00+00:00,SE4,solar,242.501,15
2026-04-22T06:30:00+00:00,SE4,solar,276.584,15
2026-04-22T06:45:00+00:00,SE4,solar,310.864,15
2026-04-22T07:00:00+00:00,SE4,solar,371.831,15
2026-04-22T07:15:00+00:00,SE4,solar,408.59,15
2026-04-22T07:30:00+00:00,SE4,solar,443.118,15
2026-04-22T07:45:00+00:00,SE4,solar,475.239,15
2026-04-22T08:00:00+00:00,SE4,solar,528.301,15
2026-04-22T08:15:00+00:00,SE4,solar,557.572,15
2026-04-22T08:30:00+00:00,SE4,solar,586.202,15
2026-04-22T08:45:00+00:00,SE4,solar,611.766,15
2026-04-22T09:00:00+00:00,SE4,solar,638.407,15
2026-04-22T09:15:00+00:00,SE4,solar,650.736,15
2026-04-22T09:30:00+00:00,SE4,solar,664.456,15
2026-04-22T09:45:00+00:00,SE4,solar,679.97,15
2026-04-22T10:00:00+00:00,SE4,solar,699.482,15
2026-04-22T10:15:00+00:00,SE4,solar,700.319,15
2026-04-22T10:30:00+00:00,SE4,solar,703.969,15
2026-04-22T10:45:00+00:00,SE4,solar,708.734,15
2026-04-22T11:00:00+00:00,SE4,solar,714.581,15
2026-04-22T11:15:00+00:00,SE4,solar,715.402,15
2026-04-22T11:30:00+00:00,SE4,solar,709.494,15
2026-04-22T11:45:00+00:00,SE4,solar,703.0,15
2026-04-22T12:00:00+00:00,SE4,solar,690.119,15
2026-04-22T12:15:00+00:00,SE4,solar,679.515,15
2026-04-22T12:30:00+00:00,SE4,solar,663.809,15
2026-04-22T12:45:00+00:00,SE4,solar,646.266,15
2026-04-22T13:00:00+00:00,SE4,solar,623.06,15
2026-04-22T13:15:00+00:00,SE4,solar,594.989,15
2026-04-22T13:30:00+00:00,SE4,solar,567.106,15
2026-04-22T13:45:00+00:00,SE4,solar,537.971,15
2026-04-22T14:00:00+00:00,SE4,solar,493.169,15
2026-04-22T14:15:00+00:00,SE4,solar,462.161,15
2026-04-22T14:30:00+00:00,SE4,solar,424.284,15
2026-04-22T14:45:00+00:00,SE4,solar,390.637,15
2026-04-22T15:00:00+00:00,SE4,solar,325.654,15
2026-04-22T15:15:00+00:00,SE4,solar,287.112,15
2026-04-22T15:30:00+00:00,SE4,solar,247.995,15
2026-04-22T15:45:00+00:00,SE4,solar,210.428,15
2026-04-22T16:00:00+00:00,SE4,solar,149.305,15
2026-04-22T16:15:00+00:00,SE4,solar,120.944,15
2026-04-22T16:30:00+00:00,SE4,solar,96.536,15
2026-04-22T16:45:00+00:00,SE4,solar,73.899,15
2026-04-22T17:00:00+00:00,SE4,solar,44.52,15
2026-04-22T17:15:00+00:00,SE4,solar,32.956,15
2026-04-22T17:30:00+00:00,SE4,solar,24.733,15
2026-04-22T17:45:00+00:00,SE4,solar,15.767,15
2026-04-22T18:00:00+00:00,SE4,solar,3.095,15
2026-04-22T18:15:00+00:00,SE4,solar,1.97,15
2026-04-22T18:30:00+00:00,SE4,solar,1.734,15
2026-04-22T18:45:00+00:00,SE4,solar,1.113,15
2026-04-22T19:00:00+00:00,SE4,solar,0.544,15
2026-04-22T19:15:00+00:00,SE4,solar,0.513,15
2026-04-22T19:30:00+00:00,SE4,solar,0.491,15
2026-04-22T19:45:00+00:00,SE4,solar,0.46,15
2026-04-22T20:00:00+00:00,SE4,solar,0.355,15
2026-04-22T20:15:00+00:00,SE4,solar,0.339,15
2026-04-22T20:30:00+00:00,SE4,solar,0.326,15
2026-04-22T20:45:00+00:00,SE4,solar,0.313,15
2026-04-22T21:00:00+00:00,SE4,solar,0.322,15
2026-04-22T21:15:00+00:00,SE4,solar,0.328,15
2026-04-22T21:30:00+00:00,SE4,solar,0.333,15
2026-04-22T21:45:00+00:00,SE4,solar,0.337,15
2026-04-22T22:00:00+00:00,SE4,solar,0.633,15
2026-04-22T22:15:00+00:00,SE4,solar,0.662,15
2026-04-22T22:30:00+00:00,SE4,solar,0.652,15
2026-04-22T22:45:00+00:00,SE4,solar,0.604,15
2026-04-22T23:00:00+00:00,SE4,solar,0.531,15
2026-04-22T23:15:00+00:00,SE4,solar,0.505,15
2026-04-22T23:30:00+00:00,SE4,solar,0.484,15
2026-04-22T23:45:00+00:00,SE4,solar,0.468,15
2026-04-23T00:00:00+00:00,SE4,solar,0.442,15
2026-04-23T00:15:00+00:00,SE4,solar,0.433,15
2026-04-23T00:30:00+00:00,SE4,solar,0.425,15
2026-04-23T00:45:00+00:00,SE4,solar,0.412,15
2026-04-23T01:00:00+00:00,SE4,solar,0.378,15
2026-04-23T01:15:00+00:00,SE4,solar,0.368,15
2026-04-23T01:30:00+00:00,SE4,solar,0.357,15
2026-04-23T01:45:00+00:00,SE4,solar,0.355,15
2026-04-23T02:00:00+00:00,SE4,solar,0.362,15
2026-04-23T02:15:00+00:00,SE4,solar,0.359,15
2026-04-23T02:30:00+00:00,SE4,solar,0.36,15
2026-04-23T02:45:00+00:00,SE4,solar,0.366,15
2026-04-23T03:00:00+00:00,SE4,solar,0.474,15
2026-04-23T03:15:00+00:00,SE4,solar,0.507,15
2026-04-23T03:30:00+00:00,SE4,solar,0.543,15
2026-04-23T03:45:00+00:00,SE4,solar,0.845,15
2026-04-23T04:00:00+00:00,SE4,solar,9.676,15
2026-04-23T04:15:00+00:00,SE4,solar,16.182,15
2026-04-23T04:30:00+00:00,SE4,solar,23.044,15
2026-04-23T04:45:00+00:00,SE4,solar,30.396,15
2026-04-23T05:00:00+00:00,SE4,solar,76.447,15
2026-04-23T05:15:00+00:00,SE4,solar,100.338,15
2026-04-23T05:30:00+00:00,SE4,solar,125.763,15
2026-04-23T05:45:00+00:00,SE4,solar,141.934,15
2026-04-23T06:00:00+00:00,SE4,solar,181.989,15
2026-04-23T06:15:00+00:00,SE4,solar,213.633,15
2026-04-23T06:30:00+00:00,SE4,solar,246.819,15
2026-04-23T06:45:00+00:00,SE4,solar,280.287,15
2026-04-23T07:00:00+00:00,SE4,solar,349.59,15
2026-04-23T07:15:00+00:00,SE4,solar,383.883,15
2026-04-23T07:30:00+00:00,SE4,solar,418.621,15
2026-04-23T07:45:00+00:00,SE4,solar,453.072,15
2026-04-23T08:00:00+00:00,SE4,solar,512.355,15
2026-04-23T08:15:00+00:00,SE4,solar,537.995,15
2026-04-23T08:30:00+00:00,SE4,solar,566.231,15
2026-04-23T08:45:00+00:00,SE4,solar,587.513,15
2026-04-23T09:00:00+00:00,SE4,solar,619.514,15
2026-04-23T09:15:00+00:00,SE4,solar,637.566,15
2026-04-23T09:30:00+00:00,SE4,solar,653.207,15
2026-04-23T09:45:00+00:00,SE4,solar,667.118,15
2026-04-23T10:00:00+00:00,SE4,solar,690.387,15
2026-04-23T10:15:00+00:00,SE4,solar,698.77,15
2026-04-23T10:30:00+00:00,SE4,solar,705.852,15
2026-04-23T10:45:00+00:00,SE4,solar,709.339,15
2026-04-23T11:00:00+00:00,SE4,solar,712.103,15
2026-04-23T11:15:00+00:00,SE4,solar,708.773,15
2026-04-23T11:30:00+00:00,SE4,solar,703.371,15
2026-04-23T11:45:00+00:00,SE4,solar,694.466,15
2026-04-23T12:00:00+00:00,SE4,solar,677.444,15
2026-04-23T12:15:00+00:00,SE4,solar,660.889,15
2026-04-23T12:30:00+00:00,SE4,solar,646.565,15
2026-04-23T12:45:00+00:00,SE4,solar,631.163,15
2026-04-23T13:00:00+00:00,SE4,solar,602.151,15
2026-04-23T13:15:00+00:00,SE4,solar,583.155,15
2026-04-23T13:30:00+00:00,SE4,solar,559.953,15
2026-04-23T13:45:00+00:00,SE4,solar,536.141,15
2026-04-23T14:00:00+00:00,SE4,solar,493.009,15
2026-04-23T14:15:00+00:00,SE4,solar,458.8,15
2026-04-23T14:30:00+00:00,SE4,solar,428.165,15
2026-04-23T14:45:00+00:00,SE4,solar,392.53,15
2026-04-23T15:00:00+00:00,SE4,solar,327.86,15
2026-04-23T15:15:00+00:00,SE4,solar,292.82,15
2026-04-23T15:30:00+00:00,SE4,solar,255.517,15
2026-04-23T15:45:00+00:00,SE4,solar,220.134,15
2026-04-23T16:00:00+00:00,SE4,solar,168.294,15
2026-04-23T16:15:00+00:00,SE4,solar,139.323,15
2026-04-23T16:30:00+00:00,SE4,solar,112.939,15
2026-04-23T16:45:00+00:00,SE4,solar,91.21,15
2026-04-23T17:00:00+00:00,SE4,solar,53.36,15
2026-04-23T17:15:00+00:00,SE4,solar,39.877,15
2026-04-23T17:30:00+00:00,SE4,solar,28.372,15
2026-04-23T17:45:00+00:00,SE4,solar,18.606,15
2026-04-23T18:00:00+00:00,SE4,solar,3.404,15
2026-04-23T18:15:00+00:00,SE4,solar,2.162,15
2026-04-23T18:30:00+00:00,SE4,solar,1.844,15
2026-04-23T18:45:00+00:00,SE4,solar,1.223,15
2026-04-23T19:00:00+00:00,SE4,solar,0.753,15
2026-04-23T19:15:00+00:00,SE4,solar,0.729,15
2026-04-23T19:30:00+00:00,SE4,solar,0.715,15
2026-04-23T19:45:00+00:00,SE4,solar,0.7,15
2026-04-23T20:00:00+00:00,SE4,solar,0.602,15
2026-04-23T20:30:00+00:00,SE4,solar,0.596,15
2026-04-23T20:45:00+00:00,SE4,solar,0.585,15
2026-04-23T21:00:00+00:00,SE4,solar,0.598,15
2026-04-23T21:15:00+00:00,SE4,solar,0.585,15
2026-04-23T21:30:00+00:00,SE4,solar,0.573,15
2026-04-23T21:45:00+00:00,SE4,solar,0.548,15
2026-04-23T22:00:00+00:00,SE4,solar,0.863,15
2026-04-23T22:15:00+00:00,SE4,solar,0.84,15
2026-04-23T22:30:00+00:00,SE4,solar,0.784,15
2026-04-23T22:45:00+00:00,SE4,solar,0.748,15
2026-04-23T23:00:00+00:00,SE4,solar,0.669,15
2026-04-23T23:15:00+00:00,SE4,solar,0.687,15
2026-04-23T23:30:00+00:00,SE4,solar,0.62,15
2026-04-23T23:45:00+00:00,SE4,solar,0.607,15
2026-04-24T00:00:00+00:00,SE4,solar,0.559,15
2026-04-24T00:15:00+00:00,SE4,solar,0.597,15
2026-04-24T00:30:00+00:00,SE4,solar,0.573,15
2026-04-24T01:00:00+00:00,SE4,solar,0.459,15
2026-04-24T01:15:00+00:00,SE4,solar,0.447,15
2026-04-24T01:30:00+00:00,SE4,solar,0.472,15
2026-04-24T01:45:00+00:00,SE4,solar,0.514,15
2026-04-24T02:00:00+00:00,SE4,solar,0.465,15
2026-04-24T02:15:00+00:00,SE4,solar,0.489,15
2026-04-24T02:30:00+00:00,SE4,solar,0.592,15
2026-04-24T02:45:00+00:00,SE4,solar,0.622,15
2026-04-24T03:00:00+00:00,SE4,solar,0.557,15
2026-04-24T03:15:00+00:00,SE4,solar,0.662,15
2026-04-24T03:30:00+00:00,SE4,solar,0.694,15
2026-04-24T03:45:00+00:00,SE4,solar,1.147,15
2026-04-24T04:00:00+00:00,SE4,solar,9.927,15
2026-04-24T04:15:00+00:00,SE4,solar,16.015,15
2026-04-24T04:30:00+00:00,SE4,solar,22.485,15
2026-04-24T04:45:00+00:00,SE4,solar,31.43,15
2026-04-24T05:00:00+00:00,SE4,solar,63.447,15
2026-04-24T05:15:00+00:00,SE4,solar,78.889,15
2026-04-24T05:30:00+00:00,SE4,solar,99.488,15
2026-04-24T05:45:00+00:00,SE4,solar,122.838,15
2026-04-24T06:00:00+00:00,SE4,solar,170.007,15
2026-04-24T06:15:00+00:00,SE4,solar,206.486,15
2026-04-24T06:30:00+00:00,SE4,solar,238.966,15
2026-04-24T06:45:00+00:00,SE4,solar,272.226,15
2026-04-24T07:00:00+00:00,SE4,solar,336.799,15
2026-04-24T07:15:00+00:00,SE4,solar,370.982,15
2026-04-24T07:30:00+00:00,SE4,solar,411.647,15
2026-04-24T07:45:00+00:00,SE4,solar,446.317,15
2026-04-24T08:00:00+00:00,SE4,solar,504.409,15
2026-04-24T08:15:00+00:00,SE4,solar,535.654,15
2026-04-24T08:30:00+00:00,SE4,solar,566.888,15
2026-04-24T08:45:00+00:00,SE4,solar,594.096,15
2026-04-24T09:00:00+00:00,SE4,solar,636.679,15
2026-04-24T09:15:00+00:00,SE4,solar,657.745,15
2026-04-24T09:30:00+00:00,SE4,solar,675.357,15
2026-04-24T09:45:00+00:00,SE4,solar,689.084,15
2026-04-24T10:00:00+00:00,SE4,solar,719.498,15
2026-04-24T10:15:00+00:00,SE4,solar,727.993,15
2026-04-24T10:30:00+00:00,SE4,solar,728.887,15
2026-04-24T10:45:00+00:00,SE4,solar,730.049,15
2026-04-24T11:00:00+00:00,SE4,solar,739.648,15
2026-04-24T11:15:00+00:00,SE4,solar,736.481,15
2026-04-24T11:30:00+00:00,SE4,solar,731.717,15
2026-04-24T11:45:00+00:00,SE4,solar,727.303,15
2026-04-24T12:00:00+00:00,SE4,solar,713.084,15
2026-04-24T12:15:00+00:00,SE4,solar,703.466,15
2026-04-24T12:30:00+00:00,SE4,solar,692.465,15
2026-04-24T12:45:00+00:00,SE4,solar,683.48,15
2026-04-24T13:00:00+00:00,SE4,solar,648.577,15
2026-04-24T13:15:00+00:00,SE4,solar,629.592,15
2026-04-24T13:30:00+00:00,SE4,solar,605.127,15
2026-04-24T13:45:00+00:00,SE4,solar,579.607,15
2026-04-24T14:00:00+00:00,SE4,solar,515.654,15
2026-04-24T14:15:00+00:00,SE4,solar,480.114,15
2026-04-24T14:30:00+00:00,SE4,solar,434.907,15
2026-04-24T14:45:00+00:00,SE4,solar,399.079,15
2026-04-24T15:00:00+00:00,SE4,solar,332.426,15
2026-04-24T15:15:00+00:00,SE4,solar,298.228,15
2026-04-24T15:30:00+00:00,SE4,solar,259.619,15
2026-04-24T15:45:00+00:00,SE4,solar,223.521,15
2026-04-24T16:00:00+00:00,SE4,solar,170.274,15
2026-04-24T16:15:00+00:00,SE4,solar,139.721,15
2026-04-24T16:30:00+00:00,SE4,solar,110.677,15
2026-04-24T16:45:00+00:00,SE4,solar,87.116,15
2026-04-24T17:00:00+00:00,SE4,solar,49.94,15
2026-04-24T17:15:00+00:00,SE4,solar,36.154,15
2026-04-24T17:30:00+00:00,SE4,solar,23.686,15
2026-04-24T17:45:00+00:00,SE4,solar,16.697,15
2026-04-24T18:00:00+00:00,SE4,solar,6.27,15
2026-04-24T18:15:00+00:00,SE4,solar,3.766,15
2026-04-24T18:30:00+00:00,SE4,solar,2.576,15
2026-04-24T18:45:00+00:00,SE4,solar,1.728,15
2026-04-24T19:00:00+00:00,SE4,solar,1.195,15
2026-04-24T19:15:00+00:00,SE4,solar,1.009,15
2026-04-24T19:30:00+00:00,SE4,solar,0.949,15
2026-04-24T19:45:00+00:00,SE4,solar,0.92,15
2026-04-24T20:00:00+00:00,SE4,solar,1.15,15
2026-04-24T20:15:00+00:00,SE4,solar,0.881,15
2026-04-24T20:30:00+00:00,SE4,solar,0.816,15
2026-04-24T20:45:00+00:00,SE4,solar,0.726,15
2026-04-24T21:00:00+00:00,SE4,solar,0.858,15
2026-04-24T21:15:00+00:00,SE4,solar,0.756,15
2026-04-24T21:30:00+00:00,SE4,solar,0.808,15
2026-04-24T21:45:00+00:00,SE4,solar,0.756,15
2026-04-24T22:00:00+00:00,SE4,solar,0.94,15
2026-04-24T22:15:00+00:00,SE4,solar,0.894,15
2026-04-24T22:30:00+00:00,SE4,solar,0.974,15
2026-04-24T22:45:00+00:00,SE4,solar,0.8,15
2026-04-24T23:00:00+00:00,SE4,solar,0.659,15
2026-04-24T23:15:00+00:00,SE4,solar,0.638,15
2026-04-24T23:30:00+00:00,SE4,solar,0.707,15
2026-04-24T23:45:00+00:00,SE4,solar,0.728,15
2026-04-25T00:00:00+00:00,SE4,solar,0.62,15
2026-04-25T00:15:00+00:00,SE4,solar,0.63,15
2026-04-25T00:30:00+00:00,SE4,solar,0.679,15
2026-04-25T00:45:00+00:00,SE4,solar,0.688,15
2026-04-25T01:00:00+00:00,SE4,solar,0.625,15
2026-04-25T01:15:00+00:00,SE4,solar,0.665,15
2026-04-25T01:30:00+00:00,SE4,solar,0.645,15
2026-04-25T01:45:00+00:00,SE4,solar,0.653,15
2026-04-25T02:00:00+00:00,SE4,solar,0.595,15
2026-04-25T02:15:00+00:00,SE4,solar,0.646,15
2026-04-25T02:30:00+00:00,SE4,solar,0.666,15
2026-04-25T02:45:00+00:00,SE4,solar,0.625,15
2026-04-25T03:00:00+00:00,SE4,solar,0.66,15
2026-04-25T03:15:00+00:00,SE4,solar,0.653,15
2026-04-25T03:30:00+00:00,SE4,solar,0.678,15
2026-04-25T03:45:00+00:00,SE4,solar,1.07,15
2026-04-25T04:00:00+00:00,SE4,solar,8.936,15
2026-04-25T04:15:00+00:00,SE4,solar,14.069,15
2026-04-25T04:30:00+00:00,SE4,solar,20.723,15
2026-04-25T04:45:00+00:00,SE4,solar,28.59,15
2026-04-25T05:00:00+00:00,SE4,solar,56.486,15
2026-04-25T05:15:00+00:00,SE4,solar,72.297,15
2026-04-25T05:30:00+00:00,SE4,solar,92.327,15
2026-04-25T05:45:00+00:00,SE4,solar,115.208,15
2026-04-25T06:00:00+00:00,SE4,solar,156.822,15
2026-04-25T06:15:00+00:00,SE4,solar,182.994,15
2026-04-25T06:30:00+00:00,SE4,solar,216.675,15
2026-04-25T06:45:00+00:00,SE4,solar,247.221,15
2026-04-25T07:00:00+00:00,SE4,solar,304.782,15
2026-04-25T07:15:00+00:00,SE4,solar,330.104,15
2026-04-25T07:30:00+00:00,SE4,solar,352.238,15
2026-04-25T07:45:00+00:00,SE4,solar,378.456,15
2026-04-25T08:00:00+00:00,SE4,solar,420.898,15
2026-04-25T08:15:00+00:00,SE4,solar,434.939,15
2026-04-25T08:30:00+00:00,SE4,solar,444.415,15
2026-04-25T08:45:00+00:00,SE4,solar,450.453,15
2026-04-25T09:00:00+00:00,SE4,solar,432.974,15
2026-04-25T09:15:00+00:00,SE4,solar,432.815,15
2026-04-25T09:30:00+00:00,SE4,solar,430.527,15
2026-04-25T09:45:00+00:00,SE4,solar,429.044,15
2026-04-25T10:00:00+00:00,SE4,solar,410.961,15
2026-04-25T10:15:00+00:00,SE4,solar,402.699,15
2026-04-25T10:30:00+00:00,SE4,solar,396.883,15
2026-04-25T10:45:00+00:00,SE4,solar,392.124,15
2026-04-25T11:00:00+00:00,SE4,solar,370.525,15
2026-04-25T11:15:00+00:00,SE4,solar,366.147,15
2026-04-25T11:30:00+00:00,SE4,solar,364.029,15
2026-04-25T11:45:00+00:00,SE4,solar,359.566,15
2026-04-25T12:00:00+00:00,SE4,solar,379.477,15
2026-04-25T12:15:00+00:00,SE4,solar,380.256,15
2026-04-25T12:30:00+00:00,SE4,solar,373.97,15
2026-04-25T12:45:00+00:00,SE4,solar,367.387,15
2026-04-25T13:00:00+00:00,SE4,solar,341.893,15
2026-04-25T13:15:00+00:00,SE4,solar,333.334,15
2026-04-25T13:30:00+00:00,SE4,solar,329.57,15
2026-04-25T13:45:00+00:00,SE4,solar,319.117,15
2026-04-25T14:00:00+00:00,SE4,solar,308.968,15
2026-04-25T14:15:00+00:00,SE4,solar,294.122,15
2026-04-25T14:30:00+00:00,SE4,solar,274.09,15
2026-04-25T14:45:00+00:00,SE4,solar,255.264,15
2026-04-25T15:00:00+00:00,SE4,solar,220.798,15
2026-04-25T15:15:00+00:00,SE4,solar,198.371,15
2026-04-25T15:30:00+00:00,SE4,solar,174.686,15
2026-04-25T15:45:00+00:00,SE4,solar,153.116,15
2026-04-25T16:00:00+00:00,SE4,solar,111.623,15
2026-04-25T16:15:00+00:00,SE4,solar,89.017,15
2026-04-25T16:30:00+00:00,SE4,solar,72.362,15
2026-04-25T16:45:00+00:00,SE4,solar,56.924,15
2026-04-25T17:00:00+00:00,SE4,solar,35.828,15
2026-04-25T17:15:00+00:00,SE4,solar,28.625,15
2026-04-25T17:30:00+00:00,SE4,solar,24.502,15
2026-04-25T17:45:00+00:00,SE4,solar,18.39,15
2026-04-25T18:00:00+00:00,SE4,solar,3.724,15
2026-04-25T18:15:00+00:00,SE4,solar,2.649,15
2026-04-25T18:30:00+00:00,SE4,solar,2.054,15
2026-04-25T18:45:00+00:00,SE4,solar,1.812,15
2026-04-25T19:00:00+00:00,SE4,solar,2.292,15
2026-04-25T19:15:00+00:00,SE4,solar,1.648,15
2026-04-25T19:30:00+00:00,SE4,solar,1.798,15
2026-04-25T19:45:00+00:00,SE4,solar,1.815,15
2026-04-25T20:00:00+00:00,SE4,solar,0.751,15
2026-04-25T20:15:00+00:00,SE4,solar,0.71,15
2026-04-25T20:30:00+00:00,SE4,solar,0.689,15
2026-04-25T20:45:00+00:00,SE4,solar,0.66,15
2026-04-25T21:00:00+00:00,SE4,solar,0.721,15
2026-04-25T21:15:00+00:00,SE4,solar,0.695,15
2026-04-25T21:30:00+00:00,SE4,solar,0.71,15
2026-04-25T21:45:00+00:00,SE4,solar,0.636,15
2026-04-25T22:00:00+00:00,SE4,solar,0.571,15
2026-04-25T22:15:00+00:00,SE4,solar,0.593,15
2026-04-25T22:30:00+00:00,SE4,solar,0.612,15
2026-04-25T22:45:00+00:00,SE4,solar,0.628,15
2026-04-25T23:00:00+00:00,SE4,solar,0.62,15
2026-04-25T23:15:00+00:00,SE4,solar,0.63,15
2026-04-25T23:30:00+00:00,SE4,solar,0.641,15
2026-04-25T23:45:00+00:00,SE4,solar,0.653,15
2026-04-26T00:00:00+00:00,SE4,solar,0.669,15
2026-04-26T00:15:00+00:00,SE4,solar,0.681,15
2026-04-26T00:30:00+00:00,SE4,solar,0.686,15
2026-04-26T00:45:00+00:00,SE4,solar,0.68,15
2026-04-26T01:00:00+00:00,SE4,solar,0.327,15
2026-04-26T01:15:00+00:00,SE4,solar,0.332,15
2026-04-26T01:30:00+00:00,SE4,solar,0.331,15
2026-04-26T01:45:00+00:00,SE4,solar,0.325,15
2026-04-26T02:00:00+00:00,SE4,solar,0.317,15
2026-04-26T02:15:00+00:00,SE4,solar,0.314,15
2026-04-26T02:30:00+00:00,SE4,solar,0.315,15
2026-04-26T02:45:00+00:00,SE4,solar,0.322,15
2026-04-26T03:00:00+00:00,SE4,solar,0.345,15
2026-04-26T03:15:00+00:00,SE4,solar,0.491,15
2026-04-26T03:30:00+00:00,SE4,solar,0.64,15
2026-04-26T03:45:00+00:00,SE4,solar,1.249,15
2026-04-26T04:00:00+00:00,SE4,solar,12.055,15
2026-04-26T04:15:00+00:00,SE4,solar,20.936,15
2026-04-26T04:30:00+00:00,SE4,solar,30.416,15
2026-04-26T04:45:00+00:00,SE4,solar,40.794,15
2026-04-26T05:00:00+00:00,SE4,solar,97.911,15
2026-04-26T05:15:00+00:00,SE4,solar,125.697,15
2026-04-26T05:30:00+00:00,SE4,solar,154.349,15
2026-04-26T05:45:00+00:00,SE4,solar,188.197,15
2026-04-26T06:00:00+00:00,SE4,solar,233.69,15
2026-04-26T06:15:00+00:00,SE4,solar,269.42,15
2026-04-26T06:30:00+00:00,SE4,solar,306.483,15
2026-04-26T06:45:00+00:00,SE4,solar,342.73,15
2026-04-26T07:00:00+00:00,SE4,solar,412.935,15
2026-04-26T07:15:00+00:00,SE4,solar,443.111,15
2026-04-26T07:30:00+00:00,SE4,solar,470.122,15
2026-04-26T07:45:00+00:00,SE4,solar,496.715,15
2026-04-26T08:00:00+00:00,SE4,solar,565.769,15
2026-04-26T08:15:00+00:00,SE4,solar,598.393,15
2026-04-26T08:30:00+00:00,SE4,solar,626.927,15
2026-04-26T08:45:00+00:00,SE4,solar,653.12,15
2026-04-26T09:00:00+00:00,SE4,solar,686.037,15
2026-04-26T09:15:00+00:00,SE4,solar,706.474,15
2026-04-26T09:30:00+00:00,SE4,solar,724.073,15
2026-04-26T09:45:00+00:00,SE4,solar,735.067,15
2026-04-26T10:00:00+00:00,SE4,solar,741.149,15
2026-04-26T10:15:00+00:00,SE4,solar,747.497,15
2026-04-26T10:30:00+00:00,SE4,solar,752.818,15
2026-04-26T10:45:00+00:00,SE4,solar,754.65,15
2026-04-26T11:00:00+00:00,SE4,solar,754.566,15
2026-04-26T11:15:00+00:00,SE4,solar,754.214,15
2026-04-26T11:30:00+00:00,SE4,solar,741.813,15
2026-04-26T11:45:00+00:00,SE4,solar,730.041,15
2026-04-26T12:00:00+00:00,SE4,solar,719.989,15
2026-04-26T12:15:00+00:00,SE4,solar,703.404,15
2026-04-26T12:30:00+00:00,SE4,solar,682.51,15
2026-04-26T12:45:00+00:00,SE4,solar,664.187,15
2026-04-26T13:00:00+00:00,SE4,solar,628.386,15
2026-04-26T13:15:00+00:00,SE4,solar,602.356,15
2026-04-26T13:30:00+00:00,SE4,solar,549.354,15
2026-04-26T13:45:00+00:00,SE4,solar,524.735,15
2026-04-26T14:00:00+00:00,SE4,solar,473.235,15
2026-04-26T14:15:00+00:00,SE4,solar,444.084,15
2026-04-26T14:30:00+00:00,SE4,solar,391.005,15
2026-04-26T14:45:00+00:00,SE4,solar,357.328,15
2026-04-26T15:00:00+00:00,SE4,solar,297.89,15
2026-04-26T15:15:00+00:00,SE4,solar,266.258,15
2026-04-26T15:30:00+00:00,SE4,solar,228.651,15
2026-04-26T15:45:00+00:00,SE4,solar,192.293,15
2026-04-26T16:00:00+00:00,SE4,solar,145.16,15
2026-04-26T16:15:00+00:00,SE4,solar,119.977,15
2026-04-26T16:30:00+00:00,SE4,solar,95.626,15
2026-04-26T16:45:00+00:00,SE4,solar,76.465,15
2026-04-26T17:00:00+00:00,SE4,solar,48.999,15
2026-04-26T17:15:00+00:00,SE4,solar,39.619,15
2026-04-26T17:30:00+00:00,SE4,solar,30.302,15
2026-04-26T17:45:00+00:00,SE4,solar,20.429,15
2026-04-26T18:00:00+00:00,SE4,solar,5.447,15
2026-04-26T18:15:00+00:00,SE4,solar,3.665,15
2026-04-26T18:30:00+00:00,SE4,solar,2.631,15
2026-04-26T18:45:00+00:00,SE4,solar,1.795,15
2026-04-26T19:00:00+00:00,SE4,solar,1.196,15
2026-04-26T19:15:00+00:00,SE4,solar,1.049,15
2026-04-26T19:30:00+00:00,SE4,solar,0.329,15
2026-04-26T19:45:00+00:00,SE4,solar,0.988,15
2026-04-26T20:00:00+00:00,SE4,solar,0.869,15
2026-04-26T20:15:00+00:00,SE4,solar,0.769,15
2026-04-26T20:30:00+00:00,SE4,solar,0.714,15
2026-04-26T20:45:00+00:00,SE4,solar,0.63,15
2026-04-26T21:00:00+00:00,SE4,solar,0.772,15
2026-04-26T21:15:00+00:00,SE4,solar,0.743,15
2026-04-26T21:30:00+00:00,SE4,solar,0.77,15
2026-04-26T21:45:00+00:00,SE4,solar,0.624,15
2026-04-26T22:00:00+00:00,SE4,solar,0.511,15
2026-04-26T22:15:00+00:00,SE4,solar,0.539,15
2026-04-26T22:30:00+00:00,SE4,solar,0.535,15
2026-04-26T22:45:00+00:00,SE4,solar,0.491,15
2026-04-26T23:00:00+00:00,SE4,solar,0.42,15
2026-04-26T23:15:00+00:00,SE4,solar,0.398,15
2026-04-26T23:30:00+00:00,SE4,solar,0.384,15
2026-04-26T23:45:00+00:00,SE4,solar,0.374,15
2026-04-27T00:00:00+00:00,SE4,solar,0.367,15
2026-04-27T00:15:00+00:00,SE4,solar,0.36,15
2026-04-27T00:30:00+00:00,SE4,solar,0.362,15
2026-04-27T00:45:00+00:00,SE4,solar,0.37,15
2026-04-27T01:00:00+00:00,SE4,solar,0.396,15
2026-04-27T01:15:00+00:00,SE4,solar,0.412,15
2026-04-27T01:30:00+00:00,SE4,solar,0.426,15
2026-04-27T01:45:00+00:00,SE4,solar,0.44,15
2026-04-27T02:00:00+00:00,SE4,solar,0.499,15
2026-04-27T02:15:00+00:00,SE4,solar,0.485,15
2026-04-27T02:45:00+00:00,SE4,solar,0.499,15
2026-04-27T03:00:00+00:00,SE4,solar,1.343,15
2026-04-27T03:15:00+00:00,SE4,solar,2.002,15
2026-04-27T03:30:00+00:00,SE4,solar,2.718,15
2026-04-27T03:45:00+00:00,SE4,solar,3.889,15
2026-04-27T04:00:00+00:00,SE4,solar,16.772,15
2026-04-27T04:15:00+00:00,SE4,solar,25.348,15
2026-04-27T04:30:00+00:00,SE4,solar,34.74,15
2026-04-27T04:45:00+00:00,SE4,solar,40.815,15
2026-04-27T05:00:00+00:00,SE4,solar,90.133,15
2026-04-27T05:15:00+00:00,SE4,solar,113.291,15
2026-04-27T05:30:00+00:00,SE4,solar,139.04,15
2026-04-27T05:45:00+00:00,SE4,solar,165.524,15
2026-04-27T06:00:00+00:00,SE4,solar,220.786,15
2026-04-27T06:15:00+00:00,SE4,solar,256.114,15
2026-04-27T06:30:00+00:00,SE4,solar,294.173,15
2026-04-27T06:45:00+00:00,SE4,solar,332.505,15
2026-04-27T07:00:00+00:00,SE4,solar,395.787,15
2026-04-27T07:15:00+00:00,SE4,solar,433.91,15
2026-04-27T07:30:00+00:00,SE4,solar,470.777,15
2026-04-27T07:45:00+00:00,SE4,solar,505.927,15
2026-04-27T08:00:00+00:00,SE4,solar,562.497,15
2026-04-27T08:15:00+00:00,SE4,solar,593.037,15
2026-04-27T08:30:00+00:00,SE4,solar,621.992,15
2026-04-27T08:45:00+00:00,SE4,solar,641.234,15
2026-04-27T09:00:00+00:00,SE4,solar,679.362,15
2026-04-27T09:15:00+00:00,SE4,solar,696.686,15
2026-04-27T09:30:00+00:00,SE4,solar,708.981,15
2026-04-27T09:45:00+00:00,SE4,solar,721.003,15
2026-04-27T10:00:00+00:00,SE4,solar,736.114,15
2026-04-27T10:15:00+00:00,SE4,solar,726.975,15
2026-04-27T10:30:00+00:00,SE4,solar,730.652,15
2026-04-27T10:45:00+00:00,SE4,solar,745.728,15
2026-04-27T11:00:00+00:00,SE4,solar,749.873,15
2026-04-27T11:15:00+00:00,SE4,solar,749.688,15
2026-04-27T11:30:00+00:00,SE4,solar,747.298,15
2026-04-27T11:45:00+00:00,SE4,solar,744.382,15
2026-04-27T12:00:00+00:00,SE4,solar,725.05,15
2026-04-27T12:15:00+00:00,SE4,solar,713.399,15
2026-04-27T12:30:00+00:00,SE4,solar,698.544,15
2026-04-27T12:45:00+00:00,SE4,solar,681.808,15
2026-04-27T13:00:00+00:00,SE4,solar,649.642,15
2026-04-27T13:15:00+00:00,SE4,solar,627.854,15
2026-04-27T13:30:00+00:00,SE4,solar,610.227,15
2026-04-27T13:45:00+00:00,SE4,solar,582.915,15
2026-04-27T14:00:00+00:00,SE4,solar,533.293,15
2026-04-27T14:15:00+00:00,SE4,solar,497.385,15
2026-04-27T14:30:00+00:00,SE4,solar,461.218,15
2026-04-27T14:45:00+00:00,SE4,solar,423.311,15
2026-04-27T15:00:00+00:00,SE4,solar,358.276,15
2026-04-27T15:15:00+00:00,SE4,solar,321.058,15
2026-04-27T15:30:00+00:00,SE4,solar,282.74,15
2026-04-27T15:45:00+00:00,SE4,solar,245.545,15
2026-04-27T16:00:00+00:00,SE4,solar,187.293,15
2026-04-27T16:15:00+00:00,SE4,solar,152.504,15
2026-04-27T16:30:00+00:00,SE4,solar,123.594,15
2026-04-27T16:45:00+00:00,SE4,solar,97.757,15
2026-04-27T17:00:00+00:00,SE4,solar,61.191,15
2026-04-27T17:15:00+00:00,SE4,solar,45.846,15
2026-04-27T17:30:00+00:00,SE4,solar,33.113,15
2026-04-27T17:45:00+00:00,SE4,solar,22.118,15
2026-04-27T18:00:00+00:00,SE4,solar,6.242,15
2026-04-27T18:15:00+00:00,SE4,solar,3.751,15
2026-04-27T18:30:00+00:00,SE4,solar,2.558,15
2026-04-27T18:45:00+00:00,SE4,solar,1.719,15
2026-04-27T19:00:00+00:00,SE4,solar,0.955,15
2026-04-27T19:15:00+00:00,SE4,solar,0.884,15
2026-04-27T19:30:00+00:00,SE4,solar,0.388,15
2026-04-27T19:45:00+00:00,SE4,solar,0.806,15
2026-04-27T20:00:00+00:00,SE4,solar,0.582,15
2026-04-27T20:15:00+00:00,SE4,solar,0.563,15
2026-04-27T20:30:00+00:00,SE4,solar,0.549,15
2026-04-27T20:45:00+00:00,SE4,solar,0.544,15
2026-04-27T21:00:00+00:00,SE4,solar,0.528,15
2026-04-27T21:15:00+00:00,SE4,solar,0.522,15
2026-04-27T21:30:00+00:00,SE4,solar,0.502,15
2026-04-27T21:45:00+00:00,SE4,solar,0.493,15
2026-04-27T22:00:00+00:00,SE4,solar,0.558,15
2026-04-27T22:15:00+00:00,SE4,solar,0.562,15
2026-04-27T22:45:00+00:00,SE4,solar,0.556,15
2026-04-27T23:00:00+00:00,SE4,solar,0.533,15
2026-04-27T23:15:00+00:00,SE4,solar,0.53,15
2026-04-27T23:30:00+00:00,SE4,solar,0.519,15
2026-04-27T23:45:00+00:00,SE4,solar,0.521,15
2026-04-28T00:00:00+00:00,SE4,solar,0.537,15
2026-04-28T00:30:00+00:00,SE4,solar,0.528,15
2026-04-28T01:00:00+00:00,SE4,solar,0.549,15
2026-04-28T01:15:00+00:00,SE4,solar,0.554,15
2026-04-28T01:30:00+00:00,SE4,solar,0.537,15
2026-04-28T01:45:00+00:00,SE4,solar,0.534,15
2026-04-28T02:00:00+00:00,SE4,solar,0.54,15
2026-04-28T02:15:00+00:00,SE4,solar,0.531,15
2026-04-28T02:30:00+00:00,SE4,solar,0.511,15
2026-04-28T02:45:00+00:00,SE4,solar,0.521,15
2026-04-28T03:00:00+00:00,SE4,solar,0.628,15
2026-04-28T03:15:00+00:00,SE4,solar,0.751,15
2026-04-28T03:30:00+00:00,SE4,solar,1.034,15
2026-04-28T03:45:00+00:00,SE4,solar,2.033,15
2026-04-28T04:00:00+00:00,SE4,solar,11.924,15
2026-04-28T04:15:00+00:00,SE4,solar,20.33,15
2026-04-28T04:30:00+00:00,SE4,solar,30.217,15
2026-04-28T04:45:00+00:00,SE4,solar,42.078,15
2026-04-28T05:00:00+00:00,SE4,solar,78.938,15
2026-04-28T05:15:00+00:00,SE4,solar,100.152,15
2026-04-28T05:30:00+00:00,SE4,solar,124.469,15
2026-04-28T05:45:00+00:00,SE4,solar,154.05,15
2026-04-28T06:00:00+00:00,SE4,solar,199.263,15
2026-04-28T06:15:00+00:00,SE4,solar,224.04,15
2026-04-28T06:30:00+00:00,SE4,solar,257.887,15
2026-04-28T06:45:00+00:00,SE4,solar,292.943,15
2026-04-28T07:00:00+00:00,SE4,solar,355.815,15
2026-04-28T07:15:00+00:00,SE4,solar,392.305,15
2026-04-28T07:30:00+00:00,SE4,solar,428.697,15
2026-04-28T07:45:00+00:00,SE4,solar,464.135,15
2026-04-28T08:00:00+00:00,SE4,solar,527.464,15
2026-04-28T08:15:00+00:00,SE4,solar,558.179,15
2026-04-28T08:30:00+00:00,SE4,solar,588.718,15
2026-04-28T08:45:00+00:00,SE4,solar,610.629,15
2026-04-28T09:00:00+00:00,SE4,solar,646.782,15
2026-04-28T09:15:00+00:00,SE4,solar,667.659,15
2026-04-28T09:30:00+00:00,SE4,solar,686.571,15
2026-04-28T09:45:00+00:00,SE4,solar,702.715,15
2026-04-28T10:00:00+00:00,SE4,solar,708.64,15
2026-04-28T10:15:00+00:00,SE4,solar,716.693,15
2026-04-28T10:30:00+00:00,SE4,solar,721.207,15
2026-04-28T10:45:00+00:00,SE4,solar,722.935,15
2026-04-28T11:00:00+00:00,SE4,solar,720.865,15
2026-04-28T11:15:00+00:00,SE4,solar,718.083,15
2026-04-28T11:30:00+00:00,SE4,solar,714.372,15
2026-04-28T11:45:00+00:00,SE4,solar,708.921,15
2026-04-28T12:00:00+00:00,SE4,solar,705.411,15
2026-04-28T12:15:00+00:00,SE4,solar,694.428,15
2026-04-28T12:30:00+00:00,SE4,solar,681.558,15
2026-04-28T12:45:00+00:00,SE4,solar,666.023,15
2026-04-28T13:00:00+00:00,SE4,solar,639.468,15
2026-04-28T13:15:00+00:00,SE4,solar,626.402,15
2026-04-28T13:30:00+00:00,SE4,solar,601.263,15
2026-04-28T13:45:00+00:00,SE4,solar,573.8,15
2026-04-28T14:00:00+00:00,SE4,solar,520.524,15
2026-04-28T14:15:00+00:00,SE4,solar,485.062,15
2026-04-28T14:30:00+00:00,SE4,solar,450.202,15
2026-04-28T14:45:00+00:00,SE4,solar,415.907,15
2026-04-28T15:00:00+00:00,SE4,solar,353.286,15
2026-04-28T15:15:00+00:00,SE4,solar,318.189,15
2026-04-28T15:30:00+00:00,SE4,solar,282.45,15
2026-04-28T15:45:00+00:00,SE4,solar,247.603,15
2026-04-28T16:00:00+00:00,SE4,solar,197.439,15
2026-04-28T16:15:00+00:00,SE4,solar,161.688,15
2026-04-28T16:30:00+00:00,SE4,solar,134.277,15
2026-04-28T16:45:00+00:00,SE4,solar,108.429,15
2026-04-28T17:00:00+00:00,SE4,solar,71.004,15
2026-04-28T17:15:00+00:00,SE4,solar,55.077,15
2026-04-28T17:30:00+00:00,SE4,solar,41.717,15
2026-04-28T17:45:00+00:00,SE4,solar,28.305,15
2026-04-28T18:00:00+00:00,SE4,solar,8.738,15
2026-04-28T18:15:00+00:00,SE4,solar,4.973,15
2026-04-28T18:30:00+00:00,SE4,solar,3.396,15
2026-04-28T18:45:00+00:00,SE4,solar,2.318,15
2026-04-28T19:00:00+00:00,SE4,solar,1.364,15
2026-04-28T19:15:00+00:00,SE4,solar,1.266,15
2026-04-28T19:30:00+00:00,SE4,solar,1.215,15
2026-04-28T19:45:00+00:00,SE4,solar,1.14,15
2026-04-28T20:00:00+00:00,SE4,solar,0.788,15
2026-04-28T20:15:00+00:00,SE4,solar,0.725,15
2026-04-28T20:30:00+00:00,SE4,solar,0.695,15
2026-04-28T20:45:00+00:00,SE4,solar,0.668,15
2026-04-28T21:00:00+00:00,SE4,solar,0.666,15
2026-04-28T21:15:00+00:00,SE4,solar,0.639,15
2026-04-28T21:30:00+00:00,SE4,solar,0.688,15
2026-04-28T21:45:00+00:00,SE4,solar,0.56,15
2026-04-28T22:00:00+00:00,SE4,solar,0.733,15
2026-04-28T22:15:00+00:00,SE4,solar,0.72,15
2026-04-28T22:30:00+00:00,SE4,solar,0.679,15
2026-04-28T22:45:00+00:00,SE4,solar,0.649,15
2026-04-28T23:00:00+00:00,SE4,solar,0.575,15
2026-04-28T23:15:00+00:00,SE4,solar,0.595,15
2026-04-28T23:30:00+00:00,SE4,solar,0.535,15
2026-04-28T23:45:00+00:00,SE4,solar,0.525,15
2026-04-29T00:00:00+00:00,SE4,solar,0.491,15
2026-04-29T00:15:00+00:00,SE4,solar,0.533,15
2026-04-29T00:30:00+00:00,SE4,solar,0.517,15
2026-04-29T00:45:00+00:00,SE4,solar,0.515,15
2026-04-29T01:00:00+00:00,SE4,solar,0.413,15
2026-04-29T01:15:00+00:00,SE4,solar,0.409,15
2026-04-29T01:30:00+00:00,SE4,solar,0.438,15
2026-04-29T01:45:00+00:00,SE4,solar,0.486,15
2026-04-29T02:00:00+00:00,SE4,solar,0.463,15
2026-04-29T02:15:00+00:00,SE4,solar,0.487,15
2026-04-29T02:30:00+00:00,SE4,solar,0.579,15
2026-04-29T02:45:00+00:00,SE4,solar,0.608,15
2026-04-29T03:00:00+00:00,SE4,solar,0.617,15
2026-04-29T03:15:00+00:00,SE4,solar,0.767,15
2026-04-29T03:30:00+00:00,SE4,solar,0.991,15
2026-04-29T03:45:00+00:00,SE4,solar,1.874,15
2026-04-29T04:00:00+00:00,SE4,solar,12.934,15
2026-04-29T04:15:00+00:00,SE4,solar,19.743,15
2026-04-29T04:30:00+00:00,SE4,solar,28.36,15
2026-04-29T04:45:00+00:00,SE4,solar,38.236,15
2026-04-29T05:00:00+00:00,SE4,solar,69.394,15
2026-04-29T05:15:00+00:00,SE4,solar,87.455,15
2026-04-29T05:30:00+00:00,SE4,solar,106.967,15
2026-04-29T05:45:00+00:00,SE4,solar,131.515,15
2026-04-29T06:00:00+00:00,SE4,solar,181.413,15
2026-04-29T06:15:00+00:00,SE4,solar,210.67,15
2026-04-29T06:30:00+00:00,SE4,solar,242.122,15
2026-04-29T06:45:00+00:00,SE4,solar,274.398,15
2026-04-29T07:00:00+00:00,SE4,solar,334.925,15
2026-04-29T07:15:00+00:00,SE4,solar,368.521,15
2026-04-29T07:30:00+00:00,SE4,solar,403.315,15
2026-04-29T07:45:00+00:00,SE4,solar,439.308,15
2026-04-29T08:00:00+00:00,SE4,solar,498.292,15
2026-04-29T08:15:00+00:00,SE4,solar,529.643,15
2026-04-29T08:30:00+00:00,SE4,solar,555.912,15
2026-04-29T08:45:00+00:00,SE4,solar,581.0,15
2026-04-29T09:00:00+00:00,SE4,solar,625.184,15
2026-04-29T09:15:00+00:00,SE4,solar,643.293,15
2026-04-29T09:30:00+00:00,SE4,solar,661.182,15
2026-04-29T09:45:00+00:00,SE4,solar,674.909,15
2026-04-29T10:00:00+00:00,SE4,solar,709.383,15
2026-04-29T10:15:00+00:00,SE4,solar,716.152,15
2026-04-29T10:30:00+00:00,SE4,solar,721.14,15
2026-04-29T10:45:00+00:00,SE4,solar,724.089,15
2026-04-29T11:00:00+00:00,SE4,solar,722.323,15
2026-04-29T11:15:00+00:00,SE4,solar,720.986,15
2026-04-29T11:30:00+00:00,SE4,solar,716.763,15
2026-04-29T11:45:00+00:00,SE4,solar,711.594,15
2026-04-29T12:00:00+00:00,SE4,solar,696.973,15
2026-04-29T12:15:00+00:00,SE4,solar,683.153,15
2026-04-29T12:30:00+00:00,SE4,solar,669.784,15
2026-04-29T12:45:00+00:00,SE4,solar,654.23,15
2026-04-29T13:00:00+00:00,SE4,solar,618.699,15
2026-04-29T13:15:00+00:00,SE4,solar,596.845,15
2026-04-29T13:30:00+00:00,SE4,solar,574.79,15
2026-04-29T13:45:00+00:00,SE4,solar,551.168,15
2026-04-29T14:00:00+00:00,SE4,solar,505.964,15
2026-04-29T14:15:00+00:00,SE4,solar,474.246,15
2026-04-29T14:30:00+00:00,SE4,solar,440.186,15
2026-04-29T14:45:00+00:00,SE4,solar,404.617,15
2026-04-29T15:00:00+00:00,SE4,solar,338.619,15
2026-04-29T15:15:00+00:00,SE4,solar,303.825,15
2026-04-29T15:30:00+00:00,SE4,solar,267.187,15
2026-04-29T15:45:00+00:00,SE4,solar,231.64,15
2026-04-29T16:00:00+00:00,SE4,solar,178.628,15
2026-04-29T16:15:00+00:00,SE4,solar,142.493,15
2026-04-29T16:30:00+00:00,SE4,solar,116.845,15
2026-04-29T16:45:00+00:00,SE4,solar,93.661,15
2026-04-29T17:00:00+00:00,SE4,solar,61.148,15
2026-04-29T17:15:00+00:00,SE4,solar,47.369,15
2026-04-29T17:30:00+00:00,SE4,solar,36.436,15
2026-04-29T17:45:00+00:00,SE4,solar,24.844,15
2026-04-29T18:00:00+00:00,SE4,solar,7.3,15
2026-04-29T18:15:00+00:00,SE4,solar,4.901,15
2026-04-29T18:30:00+00:00,SE4,solar,3.393,15
2026-04-29T18:45:00+00:00,SE4,solar,2.304,15
2026-04-29T19:00:00+00:00,SE4,solar,1.347,15
2026-04-29T19:15:00+00:00,SE4,solar,1.155,15
2026-04-29T19:30:00+00:00,SE4,solar,1.07,15
2026-04-29T19:45:00+00:00,SE4,solar,0.999,15
2026-04-29T20:00:00+00:00,SE4,solar,0.663,15
2026-04-29T20:15:00+00:00,SE4,solar,0.631,15
2026-04-29T20:30:00+00:00,SE4,solar,0.59,15
2026-04-29T20:45:00+00:00,SE4,solar,0.568,15
2026-04-29T21:00:00+00:00,SE4,solar,0.703,15
2026-04-29T21:15:00+00:00,SE4,solar,0.7,15
2026-04-29T21:30:00+00:00,SE4,solar,0.66,15
2026-04-29T21:45:00+00:00,SE4,solar,0.633,15
2026-04-29T22:00:00+00:00,SE4,solar,0.63,15
2026-04-29T22:15:00+00:00,SE4,solar,0.617,15
2026-04-29T22:30:00+00:00,SE4,solar,0.577,15
2026-04-29T22:45:00+00:00,SE4,solar,0.563,15
2026-04-29T23:00:00+00:00,SE4,solar,0.579,15
2026-04-29T23:15:00+00:00,SE4,solar,0.564,15
2026-04-29T23:30:00+00:00,SE4,solar,0.524,15
2026-04-29T23:45:00+00:00,SE4,solar,0.529,15
2026-04-30T00:00:00+00:00,SE4,solar,0.51,15
2026-04-30T00:15:00+00:00,SE4,solar,0.526,15
2026-04-30T00:30:00+00:00,SE4,solar,0.49,15
2026-04-30T00:45:00+00:00,SE4,solar,0.542,15
2026-04-30T01:00:00+00:00,SE4,solar,0.533,15
2026-04-30T01:15:00+00:00,SE4,solar,0.53,15
2026-04-30T01:30:00+00:00,SE4,solar,0.52,15
2026-04-30T01:45:00+00:00,SE4,solar,0.533,15
2026-04-30T02:00:00+00:00,SE4,solar,0.553,15
2026-04-30T02:15:00+00:00,SE4,solar,0.564,15
2026-04-30T02:30:00+00:00,SE4,solar,0.586,15
2026-04-30T02:45:00+00:00,SE4,solar,0.607,15
2026-04-30T03:00:00+00:00,SE4,solar,0.71,15
2026-04-30T03:15:00+00:00,SE4,solar,1.004,15
2026-04-30T03:30:00+00:00,SE4,solar,1.693,15
2026-04-30T03:45:00+00:00,SE4,solar,3.767,15
2026-04-30T04:00:00+00:00,SE4,solar,16.733,15
2026-04-30T04:15:00+00:00,SE4,solar,27.147,15
2026-04-30T04:30:00+00:00,SE4,solar,40.518,15
2026-04-30T04:45:00+00:00,SE4,solar,55.215,15
2026-04-30T05:00:00+00:00,SE4,solar,92.335,15
2026-04-30T05:15:00+00:00,SE4,solar,114.69,15
2026-04-30T05:30:00+00:00,SE4,solar,140.659,15
2026-04-30T05:45:00+00:00,SE4,solar,167.069,15
2026-04-30T06:00:00+00:00,SE4,solar,216.185,15
2026-04-30T06:15:00+00:00,SE4,solar,249.019,15
2026-04-30T06:30:00+00:00,SE4,solar,284.877,15
2026-04-30T06:45:00+00:00,SE4,solar,319.412,15
2026-04-30T07:00:00+00:00,SE4,solar,379.894,15
2026-04-30T07:15:00+00:00,SE4,solar,416.807,15
2026-04-30T07:30:00+00:00,SE4,solar,454.495,15
2026-04-30T07:45:00+00:00,SE4,solar,490.461,15
2026-04-30T08:00:00+00:00,SE4,solar,546.628,15
2026-04-30T08:15:00+00:00,SE4,solar,576.348,15
2026-04-30T08:30:00+00:00,SE4,solar,605.96,15
2026-04-30T08:45:00+00:00,SE4,solar,633.794,15
2026-04-30T09:00:00+00:00,SE4,solar,671.8,15
2026-04-30T09:15:00+00:00,SE4,solar,694.783,15
2026-04-30T09:30:00+00:00,SE4,solar,711.852,15
2026-04-30T09:45:00+00:00,SE4,solar,727.864,15
2026-04-30T10:00:00+00:00,SE4,solar,746.264,15
2026-04-30T10:15:00+00:00,SE4,solar,752.509,15
2026-04-30T10:30:00+00:00,SE4,solar,757.43,15
2026-04-30T10:45:00+00:00,SE4,solar,760.082,15
2026-04-30T11:00:00+00:00,SE4,solar,757.821,15
2026-04-30T11:15:00+00:00,SE4,solar,759.354,15
2026-04-30T11:30:00+00:00,SE4,solar,757.886,15
2026-04-30T11:45:00+00:00,SE4,solar,753.939,15
2026-04-30T12:00:00+00:00,SE4,solar,735.382,15
2026-04-30T12:15:00+00:00,SE4,solar,732.608,15
2026-04-30T12:30:00+00:00,SE4,solar,720.989,15
2026-04-30T12:45:00+00:00,SE4,solar,707.238,15
2026-04-30T13:00:00+00:00,SE4,solar,679.896,15
2026-04-30T13:15:00+00:00,SE4,solar,658.344,15
2026-04-30T13:30:00+00:00,SE4,solar,634.7,15
2026-04-30T13:45:00+00:00,SE4,solar,609.025,15
2026-04-30T14:00:00+00:00,SE4,solar,560.006,15
2026-04-30T14:15:00+00:00,SE4,solar,526.907,15
2026-04-30T14:30:00+00:00,SE4,solar,491.148,15
2026-04-30T14:45:00+00:00,SE4,solar,453.811,15
2026-04-30T15:00:00+00:00,SE4,solar,387.199,15
2026-04-30T15:15:00+00:00,SE4,solar,346.829,15
2026-04-30T15:30:00+00:00,SE4,solar,307.334,15
2026-04-30T15:45:00+00:00,SE4,solar,268.115,15
2026-04-30T16:00:00+00:00,SE4,solar,210.991,15
2026-04-30T16:15:00+00:00,SE4,solar,177.579,15
2026-04-30T16:30:00+00:00,SE4,solar,145.578,15
2026-04-30T16:45:00+00:00,SE4,solar,116.784,15
2026-04-30T17:00:00+00:00,SE4,solar,76.34,15
2026-04-30T17:15:00+00:00,SE4,solar,58.423,15
2026-04-30T17:30:00+00:00,SE4,solar,43.642,15
2026-04-30T17:45:00+00:00,SE4,solar,30.94,15
2026-04-30T18:00:00+00:00,SE4,solar,13.492,15
2026-04-30T18:15:00+00:00,SE4,solar,10.041,15
2026-04-30T18:30:00+00:00,SE4,solar,7.746,15
2026-04-30T18:45:00+00:00,SE4,solar,5.765,15
2026-04-30T19:00:00+00:00,SE4,solar,4.273,15
2026-04-30T19:15:00+00:00,SE4,solar,3.341,15
2026-04-30T19:30:00+00:00,SE4,solar,0.654,15
2026-04-30T19:45:00+00:00,SE4,solar,1.96,15
2026-04-30T20:00:00+00:00,SE4,solar,1.272,15
2026-04-30T20:15:00+00:00,SE4,solar,0.947,15
2026-04-30T20:30:00+00:00,SE4,solar,0.885,15
2026-04-30T20:45:00+00:00,SE4,solar,0.835,15
2026-04-30T21:00:00+00:00,SE4,solar,0.745,15
2026-04-30T21:15:00+00:00,SE4,solar,0.777,15
2026-04-30T21:30:00+00:00,SE4,solar,0.689,15
2026-04-30T21:45:00+00:00,SE4,solar,0.642,15
2026-04-30T22:00:00+00:00,SE4,solar,0.628,15
2026-04-30T22:15:00+00:00,SE4,solar,0.646,15
2026-04-30T22:30:00+00:00,SE4,solar,0.639,15
2026-04-30T22:45:00+00:00,SE4,solar,0.635,15
2026-04-30T23:00:00+00:00,SE4,solar,0.613,15
2026-04-30T23:15:00+00:00,SE4,solar,0.615,15
2026-04-30T23:30:00+00:00,SE4,solar,0.588,15
2026-04-30T23:45:00+00:00,SE4,solar,0.622,15
2026-05-01T00:00:00+00:00,SE4,solar,0.615,15
2026-05-01T00:15:00+00:00,SE4,solar,0.571,15
2026-05-01T00:30:00+00:00,SE4,solar,0.576,15
2026-05-01T00:45:00+00:00,SE4,solar,0.57,15
2026-05-01T01:00:00+00:00,SE4,solar,0.549,15
2026-05-01T01:15:00+00:00,SE4,solar,0.545,15
2026-05-01T01:30:00+00:00,SE4,solar,0.543,15
2026-05-01T01:45:00+00:00,SE4,solar,0.544,15
2026-05-01T02:00:00+00:00,SE4,solar,0.551,15
2026-05-01T02:30:00+00:00,SE4,solar,0.561,15
2026-05-01T03:00:00+00:00,SE4,solar,0.639,15
2026-05-01T03:15:00+00:00,SE4,solar,1.435,15
2026-05-01T03:30:00+00:00,SE4,solar,2.247,15
2026-05-01T03:45:00+00:00,SE4,solar,4.452,15
2026-05-01T04:00:00+00:00,SE4,solar,22.171,15
2026-05-01T04:15:00+00:00,SE4,solar,32.75,15
2026-05-01T04:30:00+00:00,SE4,solar,45.004,15
2026-05-01T04:45:00+00:00,SE4,solar,60.377,15
2026-05-01T05:00:00+00:00,SE4,solar,94.035,15
2026-05-01T05:15:00+00:00,SE4,solar,117.787,15
2026-05-01T05:30:00+00:00,SE4,solar,144.918,15
2026-05-01T05:45:00+00:00,SE4,solar,174.352,15
2026-05-01T06:00:00+00:00,SE4,solar,224.396,15
2026-05-01T06:15:00+00:00,SE4,solar,259.824,15
2026-05-01T06:30:00+00:00,SE4,solar,296.302,15
2026-05-01T06:45:00+00:00,SE4,solar,331.845,15
2026-05-01T07:00:00+00:00,SE4,solar,391.026,15
2026-05-01T07:15:00+00:00,SE4,solar,427.476,15
2026-05-01T07:30:00+00:00,SE4,solar,464.904,15
2026-05-01T07:45:00+00:00,SE4,solar,501.28,15
2026-05-01T08:00:00+00:00,SE4,solar,557.665,15
2026-05-01T08:15:00+00:00,SE4,solar,584.002,15
2026-05-01T08:30:00+00:00,SE4,solar,614.971,15
2026-05-01T08:45:00+00:00,SE4,solar,644.472,15
2026-05-01T09:00:00+00:00,SE4,solar,683.837,15
2026-05-01T09:15:00+00:00,SE4,solar,705.85,15
2026-05-01T09:30:00+00:00,SE4,solar,725.285,15
2026-05-01T09:45:00+00:00,SE4,solar,746.216,15
2026-05-01T10:00:00+00:00,SE4,solar,762.579,15
2026-05-01T10:15:00+00:00,SE4,solar,769.672,15
2026-05-01T10:30:00+00:00,SE4,solar,775.01,15
2026-05-01T10:45:00+00:00,SE4,solar,779.858,15
2026-05-01T11:00:00+00:00,SE4,solar,784.1,15
2026-05-01T11:15:00+00:00,SE4,solar,785.125,15
2026-05-01T11:30:00+00:00,SE4,solar,776.336,15
2026-05-01T11:45:00+00:00,SE4,solar,771.537,15
2026-05-01T12:00:00+00:00,SE4,solar,759.472,15
2026-05-01T12:15:00+00:00,SE4,solar,749.029,15
2026-05-01T12:30:00+00:00,SE4,solar,736.002,15
2026-05-01T12:45:00+00:00,SE4,solar,720.969,15
2026-05-01T13:00:00+00:00,SE4,solar,692.155,15
2026-05-01T13:15:00+00:00,SE4,solar,663.702,15
2026-05-01T13:30:00+00:00,SE4,solar,636.321,15
2026-05-01T13:45:00+00:00,SE4,solar,614.631,15
2026-05-01T14:00:00+00:00,SE4,solar,564.607,15
2026-05-01T14:15:00+00:00,SE4,solar,526.853,15
2026-05-01T14:30:00+00:00,SE4,solar,490.159,15
2026-05-01T14:45:00+00:00,SE4,solar,457.064,15
2026-05-01T15:00:00+00:00,SE4,solar,392.134,15
2026-05-01T15:15:00+00:00,SE4,solar,355.049,15
2026-05-01T15:30:00+00:00,SE4,solar,318.844,15
2026-05-01T15:45:00+00:00,SE4,solar,279.971,15
2026-05-01T16:00:00+00:00,SE4,solar,217.657,15
2026-05-01T16:15:00+00:00,SE4,solar,182.972,15
2026-05-01T16:30:00+00:00,SE4,solar,151.009,15
2026-05-01T16:45:00+00:00,SE4,solar,121.131,15
2026-05-01T17:00:00+00:00,SE4,solar,80.643,15
2026-05-01T17:15:00+00:00,SE4,solar,61.84,15
2026-05-01T17:30:00+00:00,SE4,solar,45.944,15
2026-05-01T17:45:00+00:00,SE4,solar,32.014,15
2026-05-01T18:00:00+00:00,SE4,solar,12.715,15
2026-05-01T18:15:00+00:00,SE4,solar,9.192,15
2026-05-01T18:30:00+00:00,SE4,solar,6.871,15
2026-05-01T18:45:00+00:00,SE4,solar,4.578,15
2026-05-01T19:00:00+00:00,SE4,solar,3.146,15
2026-05-01T19:15:00+00:00,SE4,solar,2.209,15
2026-05-01T19:30:00+00:00,SE4,solar,2.01,15
2026-05-01T19:45:00+00:00,SE4,solar,1.345,15
2026-05-01T20:00:00+00:00,SE4,solar,0.853,15
2026-05-01T20:15:00+00:00,SE4,solar,0.803,15
2026-05-01T20:30:00+00:00,SE4,solar,0.779,15
2026-05-01T20:45:00+00:00,SE4,solar,0.769,15
2026-05-01T21:00:00+00:00,SE4,solar,0.687,15
2026-05-01T21:15:00+00:00,SE4,solar,0.683,15
2026-05-01T21:30:00+00:00,SE4,solar,0.695,15
2026-05-01T21:45:00+00:00,SE4,solar,0.67,15
2026-05-01T22:00:00+00:00,SE4,solar,0.704,15
2026-05-01T22:15:00+00:00,SE4,solar,0.726,15
2026-05-01T22:30:00+00:00,SE4,solar,0.718,15
2026-05-01T22:45:00+00:00,SE4,solar,0.699,15
2026-05-01T23:00:00+00:00,SE4,solar,0.664,15
2026-05-01T23:15:00+00:00,SE4,solar,0.666,15
2026-05-01T23:30:00+00:00,SE4,solar,0.656,15
2026-05-01T23:45:00+00:00,SE4,solar,0.638,15
2026-05-02T00:00:00+00:00,SE4,solar,0.641,15
2026-05-02T00:15:00+00:00,SE4,solar,0.646,15
2026-05-02T00:30:00+00:00,SE4,solar,0.635,15
2026-05-02T00:45:00+00:00,SE4,solar,0.598,15
2026-05-02T01:00:00+00:00,SE4,solar,0.538,15
2026-05-02T01:15:00+00:00,SE4,solar,0.535,15
2026-05-02T01:30:00+00:00,SE4,solar,0.537,15
2026-05-02T01:45:00+00:00,SE4,solar,0.541,15
2026-05-02T02:00:00+00:00,SE4,solar,0.552,15
2026-05-02T02:15:00+00:00,SE4,solar,0.556,15
2026-05-02T02:30:00+00:00,SE4,solar,0.567,15
2026-05-02T02:45:00+00:00,SE4,solar,0.565,15
2026-05-02T03:00:00+00:00,SE4,solar,0.78,15
2026-05-02T03:15:00+00:00,SE4,solar,1.742,15
2026-05-02T03:30:00+00:00,SE4,solar,3.162,15
2026-05-02T03:45:00+00:00,SE4,solar,5.573,15
2026-05-02T04:00:00+00:00,SE4,solar,18.417,15
2026-05-02T04:15:00+00:00,SE4,solar,29.27,15
2026-05-02T04:30:00+00:00,SE4,solar,43.762,15
2026-05-02T04:45:00+00:00,SE4,solar,59.813,15
2026-05-02T05:00:00+00:00,SE4,solar,100.901,15
2026-05-02T05:15:00+00:00,SE4,solar,125.866,15
2026-05-02T05:30:00+00:00,SE4,solar,154.417,15
2026-05-02T05:45:00+00:00,SE4,solar,183.616,15
2026-05-02T06:00:00+00:00,SE4,solar,233.479,15
2026-05-02T06:15:00+00:00,SE4,solar,268.861,15
2026-05-02T06:30:00+00:00,SE4,solar,305.66,15
2026-05-02T06:45:00+00:00,SE4,solar,341.165,15
2026-05-02T07:00:00+00:00,SE4,solar,403.403,15
2026-05-02T07:15:00+00:00,SE4,solar,439.979,15
2026-05-02T07:30:00+00:00,SE4,solar,471.238,15
2026-05-02T07:45:00+00:00,SE4,solar,506.216,15
2026-05-02T08:00:00+00:00,SE4,solar,566.282,15
2026-05-02T08:15:00+00:00,SE4,solar,590.875,15
2026-05-02T08:30:00+00:00,SE4,solar,620.658,15
2026-05-02T08:45:00+00:00,SE4,solar,649.489,15
2026-05-02T09:00:00+00:00,SE4,solar,686.567,15
2026-05-02T09:15:00+00:00,SE4,solar,709.358,15
2026-05-02T09:30:00+00:00,SE4,solar,729.862,15
2026-05-02T09:45:00+00:00,SE4,solar,745.49,15
2026-05-02T10:00:00+00:00,SE4,solar,760.433,15
2026-05-02T10:15:00+00:00,SE4,solar,767.954,15
2026-05-02T10:30:00+00:00,SE4,solar,765.332,15
2026-05-02T10:45:00+00:00,SE4,solar,768.281,15
2026-05-02T11:00:00+00:00,SE4,solar,770.252,15
2026-05-02T11:15:00+00:00,SE4,solar,769.548,15
2026-05-02T11:30:00+00:00,SE4,solar,766.764,15
2026-05-02T11:45:00+00:00,SE4,solar,761.693,15
2026-05-02T12:00:00+00:00,SE4,solar,750.847,15
2026-05-02T12:15:00+00:00,SE4,solar,739.522,15
2026-05-02T12:30:00+00:00,SE4,solar,727.208,15
2026-05-02T12:45:00+00:00,SE4,solar,712.907,15
2026-05-02T13:00:00+00:00,SE4,solar,689.725,15
2026-05-02T13:15:00+00:00,SE4,solar,667.217,15
2026-05-02T13:30:00+00:00,SE4,solar,650.304,15
2026-05-02T13:45:00+00:00,SE4,solar,624.187,15
2026-05-02T14:00:00+00:00,SE4,solar,570.42,15
2026-05-02T14:15:00+00:00,SE4,solar,536.149,15
2026-05-02T14:30:00+00:00,SE4,solar,501.782,15
2026-05-02T14:45:00+00:00,SE4,solar,470.132,15
2026-05-02T15:00:00+00:00,SE4,solar,405.525,15
2026-05-02T15:15:00+00:00,SE4,solar,370.431,15
2026-05-02T15:30:00+00:00,SE4,solar,332.198,15
2026-05-02T15:45:00+00:00,SE4,solar,293.472,15
2026-05-02T16:00:00+00:00,SE4,solar,232.026,15
2026-05-02T16:15:00+00:00,SE4,solar,197.361,15
2026-05-02T16:30:00+00:00,SE4,solar,164.013,15
2026-05-02T16:45:00+00:00,SE4,solar,133.584,15
2026-05-02T17:00:00+00:00,SE4,solar,90.578,15
2026-05-02T17:15:00+00:00,SE4,solar,70.077,15
2026-05-02T17:30:00+00:00,SE4,solar,52.527,15
2026-05-02T17:45:00+00:00,SE4,solar,37.62,15
2026-05-02T18:00:00+00:00,SE4,solar,16.685,15
2026-05-02T18:15:00+00:00,SE4,solar,11.973,15
2026-05-02T18:30:00+00:00,SE4,solar,8.644,15
2026-05-02T18:45:00+00:00,SE4,solar,5.021,15
2026-05-02T19:00:00+00:00,SE4,solar,2.912,15
2026-05-02T19:15:00+00:00,SE4,solar,2.128,15
2026-05-02T19:30:00+00:00,SE4,solar,2.018,15
2026-05-02T19:45:00+00:00,SE4,solar,1.723,15
2026-05-02T20:00:00+00:00,SE4,solar,1.242,15
2026-05-02T20:15:00+00:00,SE4,solar,1.129,15
2026-05-02T20:45:00+00:00,SE4,solar,1.058,15
2026-05-02T21:00:00+00:00,SE4,solar,0.936,15
2026-05-02T21:15:00+00:00,SE4,solar,0.919,15
2026-05-02T21:30:00+00:00,SE4,solar,0.896,15
2026-05-02T21:45:00+00:00,SE4,solar,0.823,15
2026-05-02T22:00:00+00:00,SE4,solar,0.895,15
2026-05-02T22:15:00+00:00,SE4,solar,0.807,15
2026-05-02T22:30:00+00:00,SE4,solar,0.829,15
2026-05-02T22:45:00+00:00,SE4,solar,0.793,15
2026-05-02T23:00:00+00:00,SE4,solar,0.789,15
2026-05-02T23:15:00+00:00,SE4,solar,0.78,15
2026-05-02T23:30:00+00:00,SE4,solar,0.769,15
2026-05-02T23:45:00+00:00,SE4,solar,0.758,15
2026-05-03T00:00:00+00:00,SE4,solar,0.773,15
2026-05-03T00:30:00+00:00,SE4,solar,0.755,15
2026-05-03T00:45:00+00:00,SE4,solar,0.766,15
2026-05-03T01:00:00+00:00,SE4,solar,0.763,15
2026-05-03T01:15:00+00:00,SE4,solar,0.764,15
2026-05-03T01:30:00+00:00,SE4,solar,0.746,15
2026-05-03T01:45:00+00:00,SE4,solar,0.756,15
2026-05-03T02:00:00+00:00,SE4,solar,0.758,15
2026-05-03T02:15:00+00:00,SE4,solar,0.748,15
2026-05-03T02:45:00+00:00,SE4,solar,0.747,15
2026-05-03T03:00:00+00:00,SE4,solar,1.075,15
2026-05-03T03:15:00+00:00,SE4,solar,1.842,15
2026-05-03T03:30:00+00:00,SE4,solar,3.268,15
2026-05-03T03:45:00+00:00,SE4,solar,5.219,15
2026-05-03T04:00:00+00:00,SE4,solar,18.214,15
2026-05-03T04:15:00+00:00,SE4,solar,24.483,15
2026-05-03T04:30:00+00:00,SE4,solar,32.222,15
2026-05-03T04:45:00+00:00,SE4,solar,40.342,15
2026-05-03T05:00:00+00:00,SE4,solar,59.642,15
2026-05-03T05:15:00+00:00,SE4,solar,73.812,15
2026-05-03T05:30:00+00:00,SE4,solar,89.09,15
2026-05-03T05:45:00+00:00,SE4,solar,104.648,15
2026-05-03T06:00:00+00:00,SE4,solar,132.645,15
2026-05-03T06:15:00+00:00,SE4,solar,152.201,15
2026-05-03T06:30:00+00:00,SE4,solar,173.742,15
2026-05-03T06:45:00+00:00,SE4,solar,197.985,15
2026-05-03T07:00:00+00:00,SE4,solar,244.739,15
2026-05-03T07:15:00+00:00,SE4,solar,270.165,15
2026-05-03T07:30:00+00:00,SE4,solar,300.018,15
2026-05-03T07:45:00+00:00,SE4,solar,328.863,15
2026-05-03T08:00:00+00:00,SE4,solar,365.702,15
2026-05-03T08:15:00+00:00,SE4,solar,379.058,15
2026-05-03T08:30:00+00:00,SE4,solar,394.287,15
2026-05-03T08:45:00+00:00,SE4,solar,410.291,15
2026-05-03T09:00:00+00:00,SE4,solar,436.781,15
2026-05-03T09:15:00+00:00,SE4,solar,447.381,15
2026-05-03T09:30:00+00:00,SE4,solar,456.436,15
2026-05-03T09:45:00+00:00,SE4,solar,463.567,15
2026-05-03T10:00:00+00:00,SE4,solar,457.805,15
2026-05-03T10:15:00+00:00,SE4,solar,460.743,15
2026-05-03T10:30:00+00:00,SE4,solar,462.39,15
2026-05-03T10:45:00+00:00,SE4,solar,461.482,15
2026-05-03T11:00:00+00:00,SE4,solar,459.11,15
2026-05-03T11:15:00+00:00,SE4,solar,454.758,15
2026-05-03T11:30:00+00:00,SE4,solar,450.658,15
2026-05-03T11:45:00+00:00,SE4,solar,444.873,15
2026-05-03T12:00:00+00:00,SE4,solar,427.522,15
2026-05-03T12:15:00+00:00,SE4,solar,418.253,15
2026-05-03T12:30:00+00:00,SE4,solar,410.52,15
2026-05-03T12:45:00+00:00,SE4,solar,398.64,15
2026-05-03T13:00:00+00:00,SE4,solar,378.131,15
2026-05-03T13:15:00+00:00,SE4,solar,358.47,15
2026-05-03T13:30:00+00:00,SE4,solar,343.062,15
2026-05-03T13:45:00+00:00,SE4,solar,324.577,15
2026-05-03T14:00:00+00:00,SE4,solar,286.587,15
2026-05-03T14:15:00+00:00,SE4,solar,265.185,15
2026-05-03T14:30:00+00:00,SE4,solar,241.834,15
2026-05-03T14:45:00+00:00,SE4,solar,218.927,15
2026-05-03T15:00:00+00:00,SE4,solar,183.601,15
2026-05-03T15:15:00+00:00,SE4,solar,163.629,15
2026-05-03T15:30:00+00:00,SE4,solar,141.96,15
2026-05-03T15:45:00+00:00,SE4,solar,121.146,15
2026-05-03T16:00:00+00:00,SE4,solar,87.779,15
2026-05-03T16:15:00+00:00,SE4,solar,74.351,15
2026-05-03T16:30:00+00:00,SE4,solar,59.931,15
2026-05-03T16:45:00+00:00,SE4,solar,47.073,15
2026-05-03T17:00:00+00:00,SE4,solar,30.491,15
2026-05-03T17:15:00+00:00,SE4,solar,23.655,15
2026-05-03T17:30:00+00:00,SE4,solar,17.292,15
2026-05-03T17:45:00+00:00,SE4,solar,12.923,15
2026-05-03T18:00:00+00:00,SE4,solar,5.622,15
2026-05-03T18:15:00+00:00,SE4,solar,4.011,15
2026-05-03T18:30:00+00:00,SE4,solar,2.906,15
2026-05-03T18:45:00+00:00,SE4,solar,2.32,15
2026-05-03T19:00:00+00:00,SE4,solar,1.828,15
2026-05-03T19:15:00+00:00,SE4,solar,1.964,15
2026-05-03T19:30:00+00:00,SE4,solar,1.858,15
2026-05-03T19:45:00+00:00,SE4,solar,1.548,15
2026-05-03T20:00:00+00:00,SE4,solar,1.271,15
2026-05-03T20:15:00+00:00,SE4,solar,1.057,15
2026-05-03T20:30:00+00:00,SE4,solar,0.856,15
2026-05-03T20:45:00+00:00,SE4,solar,0.848,15
2026-05-03T21:00:00+00:00,SE4,solar,0.745,15
2026-05-03T21:15:00+00:00,SE4,solar,0.732,15
2026-05-03T21:30:00+00:00,SE4,solar,0.753,15
2026-05-03T21:45:00+00:00,SE4,solar,0.676,15
2026-05-03T22:00:00+00:00,SE4,solar,0.694,15
2026-05-03T22:15:00+00:00,SE4,solar,0.686,15
2026-05-03T22:30:00+00:00,SE4,solar,0.669,15
2026-05-03T22:45:00+00:00,SE4,solar,0.65,15
2026-05-03T23:00:00+00:00,SE4,solar,0.584,15
2026-05-03T23:30:00+00:00,SE4,solar,0.581,15
2026-05-03T23:45:00+00:00,SE4,solar,0.583,15
2026-05-04T00:00:00+00:00,SE4,solar,0.52,15
2026-05-04T00:15:00+00:00,SE4,solar,0.495,15
2026-05-04T00:30:00+00:00,SE4,solar,0.496,15
2026-05-04T00:45:00+00:00,SE4,solar,0.52,15
2026-05-04T01:00:00+00:00,SE4,solar,0.562,15
2026-05-04T01:15:00+00:00,SE4,solar,0.575,15
2026-05-04T01:30:00+00:00,SE4,solar,0.58,15
2026-05-04T01:45:00+00:00,SE4,solar,0.585,15
2026-05-04T02:00:00+00:00,SE4,solar,0.592,15
2026-05-04T02:15:00+00:00,SE4,solar,0.608,15
2026-05-04T02:30:00+00:00,SE4,solar,0.625,15
2026-05-04T02:45:00+00:00,SE4,solar,0.641,15
2026-05-04T03:00:00+00:00,SE4,solar,0.779,15
2026-05-04T03:15:00+00:00,SE4,solar,0.92,15
2026-05-04T03:30:00+00:00,SE4,solar,1.23,15
2026-05-04T03:45:00+00:00,SE4,solar,2.2,15
2026-05-04T04:00:00+00:00,SE4,solar,5.68,15
2026-05-04T04:15:00+00:00,SE4,solar,7.879,15
2026-05-04T04:30:00+00:00,SE4,solar,10.468,15
2026-05-04T04:45:00+00:00,SE4,solar,12.756,15
2026-05-04T05:00:00+00:00,SE4,solar,18.408,15
2026-05-04T05:15:00+00:00,SE4,solar,22.474,15
2026-05-04T05:30:00+00:00,SE4,solar,27.147,15
2026-05-04T05:45:00+00:00,SE4,solar,31.943,15
2026-05-04T06:00:00+00:00,SE4,solar,47.308,15
2026-05-04T06:15:00+00:00,SE4,solar,58.056,15
2026-05-04T06:30:00+00:00,SE4,solar,68.805,15
2026-05-04T06:45:00+00:00,SE4,solar,81.908,15
2026-05-04T07:00:00+00:00,SE4,solar,107.663,15
2026-05-04T07:15:00+00:00,SE4,solar,127.592,15
2026-05-04T07:30:00+00:00,SE4,solar,146.907,15
2026-05-04T07:45:00+00:00,SE4,solar,164.414,15
2026-05-04T08:00:00+00:00,SE4,solar,199.258,15
2026-05-04T08:15:00+00:00,SE4,solar,219.025,15
2026-05-04T08:30:00+00:00,SE4,solar,244.786,15
2026-05-04T08:45:00+00:00,SE4,solar,270.982,15
2026-05-04T09:00:00+00:00,SE4,solar,324.109,15
2026-05-04T09:15:00+00:00,SE4,solar,356.794,15
2026-05-04T09:30:00+00:00,SE4,solar,394.028,15
2026-05-04T09:45:00+00:00,SE4,solar,426.149,15
2026-05-04T10:00:00+00:00,SE4,solar,481.301,15
2026-05-04T10:15:00+00:00,SE4,solar,508.215,15
2026-05-04T10:30:00+00:00,SE4,solar,540.108,15
2026-05-04T10:45:00+00:00,SE4,solar,565.918,15
2026-05-04T11:00:00+00:00,SE4,solar,603.593,15
2026-05-04T11:15:00+00:00,SE4,solar,621.928,15
2026-05-04T11:30:00+00:00,SE4,solar,639.965,15
2026-05-04T11:45:00+00:00,SE4,solar,656.245,15
2026-05-04T12:00:00+00:00,SE4,solar,674.467,15
2026-05-04T12:15:00+00:00,SE4,solar,677.368,15
2026-05-04T12:30:00+00:00,SE4,solar,674.768,15
2026-05-04T12:45:00+00:00,SE4,solar,667.653,15
2026-05-04T13:00:00+00:00,SE4,solar,651.999,15
2026-05-04T13:15:00+00:00,SE4,solar,636.034,15
2026-05-04T13:30:00+00:00,SE4,solar,613.239,15
2026-05-04T13:45:00+00:00,SE4,solar,585.748,15
2026-05-04T14:00:00+00:00,SE4,solar,534.414,15
2026-05-04T14:15:00+00:00,SE4,solar,501.371,15
2026-05-04T14:30:00+00:00,SE4,solar,467.923,15
2026-05-04T14:45:00+00:00,SE4,solar,434.455,15
2026-05-04T15:00:00+00:00,SE4,solar,373.165,15
2026-05-04T15:15:00+00:00,SE4,solar,335.646,15
2026-05-04T15:30:00+00:00,SE4,solar,298.475,15
2026-05-04T15:45:00+00:00,SE4,solar,262.69,15
2026-05-04T16:00:00+00:00,SE4,solar,210.437,15
2026-05-04T16:15:00+00:00,SE4,solar,179.191,15
2026-05-04T16:30:00+00:00,SE4,solar,149.293,15
2026-05-04T16:45:00+00:00,SE4,solar,121.749,15
2026-05-04T17:00:00+00:00,SE4,solar,87.429,15
2026-05-04T17:15:00+00:00,SE4,solar,69.66,15
2026-05-04T17:30:00+00:00,SE4,solar,52.802,15
2026-05-04T17:45:00+00:00,SE4,solar,36.729,15
2026-05-04T18:00:00+00:00,SE4,solar,20.432,15
2026-05-04T18:15:00+00:00,SE4,solar,13.939,15
2026-05-04T18:30:00+00:00,SE4,solar,8.943,15
2026-05-04T18:45:00+00:00,SE4,solar,5.495,15
2026-05-04T19:00:00+00:00,SE4,solar,1.277,15
2026-05-04T19:15:00+00:00,SE4,solar,1.2,15
2026-05-04T19:30:00+00:00,SE4,solar,1.146,15
2026-05-04T19:45:00+00:00,SE4,solar,1.076,15
2026-05-04T20:00:00+00:00,SE4,solar,0.767,15
2026-05-04T20:15:00+00:00,SE4,solar,0.734,15
2026-05-04T20:30:00+00:00,SE4,solar,0.706,15
2026-05-04T20:45:00+00:00,SE4,solar,0.674,15
2026-05-04T21:00:00+00:00,SE4,solar,0.527,15
2026-05-04T21:15:00+00:00,SE4,solar,0.507,15
2026-05-04T21:30:00+00:00,SE4,solar,0.489,15
2026-05-04T21:45:00+00:00,SE4,solar,0.465,15
2026-05-04T22:00:00+00:00,SE4,solar,0.641,15
2026-05-04T22:15:00+00:00,SE4,solar,0.645,15
2026-05-04T22:30:00+00:00,SE4,solar,0.618,15
2026-05-04T22:45:00+00:00,SE4,solar,0.606,15
2026-05-04T23:00:00+00:00,SE4,solar,0.587,15
2026-05-04T23:15:00+00:00,SE4,solar,0.586,15
2026-05-04T23:30:00+00:00,SE4,solar,0.576,15
2026-05-04T23:45:00+00:00,SE4,solar,0.569,15
2026-05-05T00:00:00+00:00,SE4,solar,0.574,15
2026-05-05T00:15:00+00:00,SE4,solar,0.576,15
2026-05-05T00:30:00+00:00,SE4,solar,0.578,15
2026-05-05T00:45:00+00:00,SE4,solar,0.589,15
2026-05-05T01:00:00+00:00,SE4,solar,0.603,15
2026-05-05T01:15:00+00:00,SE4,solar,0.608,15
2026-05-05T01:30:00+00:00,SE4,solar,0.599,15
2026-05-05T01:45:00+00:00,SE4,solar,0.595,15
2026-05-05T02:00:00+00:00,SE4,solar,0.591,15
2026-05-05T02:15:00+00:00,SE4,solar,0.6,15
2026-05-05T02:30:00+00:00,SE4,solar,0.588,15
2026-05-05T02:45:00+00:00,SE4,solar,0.604,15
2026-05-05T03:00:00+00:00,SE4,solar,1.084,15
2026-05-05T03:15:00+00:00,SE4,solar,2.503,15
2026-05-05T03:30:00+00:00,SE4,solar,4.143,15
2026-05-05T03:45:00+00:00,SE4,solar,7.43,15
2026-05-05T04:00:00+00:00,SE4,solar,23.556,15
2026-05-05T04:15:00+00:00,SE4,solar,32.974,15
2026-05-05T04:30:00+00:00,SE4,solar,42.382,15
2026-05-05T04:45:00+00:00,SE4,solar,52.542,15
2026-05-05T05:00:00+00:00,SE4,solar,77.699,15
2026-05-05T05:15:00+00:00,SE4,solar,93.162,15
2026-05-05T05:30:00+00:00,SE4,solar,110.099,15
2026-05-05T05:45:00+00:00,SE4,solar,128.701,15
2026-05-05T06:00:00+00:00,SE4,solar,161.045,15
2026-05-05T06:15:00+00:00,SE4,solar,186.518,15
2026-05-05T06:30:00+00:00,SE4,solar,211.795,15
2026-05-05T06:45:00+00:00,SE4,solar,238.524,15
2026-05-05T07:00:00+00:00,SE4,solar,281.912,15
2026-05-05T07:15:00+00:00,SE4,solar,311.851,15
2026-05-05T07:30:00+00:00,SE4,solar,342.559,15
2026-05-05T07:45:00+00:00,SE4,solar,373.999,15
2026-05-05T08:00:00+00:00,SE4,solar,428.972,15
2026-05-05T08:15:00+00:00,SE4,solar,458.637,15
2026-05-05T08:30:00+00:00,SE4,solar,489.326,15
2026-05-05T08:45:00+00:00,SE4,solar,518.971,15
2026-05-05T09:00:00+00:00,SE4,solar,559.995,15
2026-05-05T09:15:00+00:00,SE4,solar,585.58,15
2026-05-05T09:30:00+00:00,SE4,solar,612.371,15
2026-05-05T09:45:00+00:00,SE4,solar,633.847,15
2026-05-05T10:00:00+00:00,SE4,solar,665.587,15
2026-05-05T10:15:00+00:00,SE4,solar,683.901,15
2026-05-05T10:30:00+00:00,SE4,solar,696.341,15
2026-05-05T10:45:00+00:00,SE4,solar,704.784,15
2026-05-05T11:00:00+00:00,SE4,solar,718.004,15
2026-05-05T11:15:00+00:00,SE4,solar,721.724,15
2026-05-05T11:30:00+00:00,SE4,solar,721.215,15
2026-05-05T11:45:00+00:00,SE4,solar,718.391,15
2026-05-05T12:00:00+00:00,SE4,solar,717.545,15
2026-05-05T12:15:00+00:00,SE4,solar,712.338,15
2026-05-05T12:30:00+00:00,SE4,solar,706.231,15
2026-05-05T12:45:00+00:00,SE4,solar,698.069,15
2026-05-05T13:00:00+00:00,SE4,solar,674.251,15
2026-05-05T13:15:00+00:00,SE4,solar,654.031,15
2026-05-05T13:30:00+00:00,SE4,solar,632.292,15
2026-05-05T13:45:00+00:00,SE4,solar,602.776,15
2026-05-05T14:00:00+00:00,SE4,solar,557.551,15
2026-05-05T14:15:00+00:00,SE4,solar,526.01,15
2026-05-05T14:30:00+00:00,SE4,solar,492.406,15
2026-05-05T14:45:00+00:00,SE4,solar,457.592,15
2026-05-05T15:00:00+00:00,SE4,solar,396.061,15
2026-05-05T15:15:00+00:00,SE4,solar,362.111,15
2026-05-05T15:30:00+00:00,SE4,solar,323.541,15
2026-05-05T15:45:00+00:00,SE4,solar,286.094,15
2026-05-05T16:00:00+00:00,SE4,solar,225.778,15
2026-05-05T16:15:00+00:00,SE4,solar,192.688,15
2026-05-05T16:30:00+00:00,SE4,solar,159.506,15
2026-05-05T16:45:00+00:00,SE4,solar,130.123,15
2026-05-05T17:00:00+00:00,SE4,solar,90.717,15
2026-05-05T17:15:00+00:00,SE4,solar,70.262,15
2026-05-05T17:30:00+00:00,SE4,solar,52.289,15
2026-05-05T17:45:00+00:00,SE4,solar,36.155,15
2026-05-05T18:00:00+00:00,SE4,solar,18.296,15
2026-05-05T18:15:00+00:00,SE4,solar,12.746,15
2026-05-05T18:30:00+00:00,SE4,solar,9.655,15
2026-05-05T18:45:00+00:00,SE4,solar,6.339,15
2026-05-05T19:00:00+00:00,SE4,solar,1.715,15
2026-05-05T19:15:00+00:00,SE4,solar,1.611,15
2026-05-05T19:30:00+00:00,SE4,solar,0.648,15
2026-05-05T19:45:00+00:00,SE4,solar,1.433,15
2026-05-05T20:00:00+00:00,SE4,solar,1.159,15
2026-05-05T20:15:00+00:00,SE4,solar,1.061,15
2026-05-05T20:30:00+00:00,SE4,solar,1.022,15
2026-05-05T20:45:00+00:00,SE4,solar,0.976,15
2026-05-05T21:00:00+00:00,SE4,solar,0.784,15
2026-05-05T21:15:00+00:00,SE4,solar,0.778,15
2026-05-05T21:30:00+00:00,SE4,solar,0.876,15
2026-05-05T21:45:00+00:00,SE4,solar,0.735,15
2026-05-05T22:00:00+00:00,SE4,solar,0.171,15
2026-05-05T22:15:00+00:00,SE4,solar,0.176,15
2026-05-05T22:30:00+00:00,SE4,solar,0.175,15
2026-05-05T22:45:00+00:00,SE4,solar,0.167,15
2026-05-05T23:00:00+00:00,SE4,solar,0.144,15
2026-05-05T23:15:00+00:00,SE4,solar,0.145,15
2026-05-05T23:30:00+00:00,SE4,solar,0.147,15
2026-05-05T23:45:00+00:00,SE4,solar,0.149,15
2026-05-06T00:00:00+00:00,SE4,solar,0.153,15
2026-05-06T00:15:00+00:00,SE4,solar,0.156,15
2026-05-06T00:30:00+00:00,SE4,solar,0.158,15
2026-05-06T00:45:00+00:00,SE4,solar,0.163,15
2026-05-06T01:00:00+00:00,SE4,solar,0.167,15
2026-05-06T01:15:00+00:00,SE4,solar,0.169,15
2026-05-06T01:45:00+00:00,SE4,solar,0.17,15
2026-05-06T02:00:00+00:00,SE4,solar,0.169,15
2026-05-06T03:00:00+00:00,SE4,solar,0.549,15
2026-05-06T03:15:00+00:00,SE4,solar,3.001,15
2026-05-06T03:30:00+00:00,SE4,solar,4.88,15
2026-05-06T03:45:00+00:00,SE4,solar,9.312,15
2026-05-06T04:00:00+00:00,SE4,solar,26.023,15
2026-05-06T04:15:00+00:00,SE4,solar,37.324,15
2026-05-06T04:30:00+00:00,SE4,solar,50.037,15
2026-05-06T04:45:00+00:00,SE4,solar,63.913,15
2026-05-06T05:00:00+00:00,SE4,solar,101.021,15
2026-05-06T05:15:00+00:00,SE4,solar,122.501,15
2026-05-06T05:30:00+00:00,SE4,solar,145.381,15
2026-05-06T05:45:00+00:00,SE4,solar,169.621,15
2026-05-06T06:00:00+00:00,SE4,solar,209.866,15
2026-05-06T06:15:00+00:00,SE4,solar,236.938,15
2026-05-06T06:30:00+00:00,SE4,solar,266.46,15
2026-05-06T06:45:00+00:00,SE4,solar,297.539,15
2026-05-06T07:00:00+00:00,SE4,solar,348.527,15
2026-05-06T07:15:00+00:00,SE4,solar,355.463,15
2026-05-06T07:30:00+00:00,SE4,solar,383.334,15
2026-05-06T07:45:00+00:00,SE4,solar,406.433,15
2026-05-06T08:00:00+00:00,SE4,solar,449.995,15
2026-05-06T08:15:00+00:00,SE4,solar,467.114,15
2026-05-06T08:30:00+00:00,SE4,solar,483.65,15
2026-05-06T08:45:00+00:00,SE4,solar,498.169,15
2026-05-06T09:00:00+00:00,SE4,solar,516.517,15
2026-05-06T09:15:00+00:00,SE4,solar,523.892,15
2026-05-06T09:30:00+00:00,SE4,solar,528.167,15
2026-05-06T09:45:00+00:00,SE4,solar,529.968,15
2026-05-06T10:00:00+00:00,SE4,solar,538.487,15
2026-05-06T10:15:00+00:00,SE4,solar,541.041,15
2026-05-06T10:30:00+00:00,SE4,solar,542.025,15
2026-05-06T10:45:00+00:00,SE4,solar,536.861,15
2026-05-06T11:00:00+00:00,SE4,solar,528.022,15
2026-05-06T11:15:00+00:00,SE4,solar,518.542,15
2026-05-06T11:30:00+00:00,SE4,solar,507.963,15
2026-05-06T11:45:00+00:00,SE4,solar,497.712,15
2026-05-06T12:00:00+00:00,SE4,solar,475.628,15
2026-05-06T12:15:00+00:00,SE4,solar,477.618,15
2026-05-06T12:30:00+00:00,SE4,solar,461.292,15
2026-05-06T12:45:00+00:00,SE4,solar,449.388,15
2026-05-06T13:00:00+00:00,SE4,solar,428.785,15
2026-05-06T13:15:00+00:00,SE4,solar,409.066,15
2026-05-06T13:30:00+00:00,SE4,solar,389.612,15
2026-05-06T13:45:00+00:00,SE4,solar,371.793,15
2026-05-06T14:00:00+00:00,SE4,solar,330.086,15
2026-05-06T14:15:00+00:00,SE4,solar,309.556,15
2026-05-06T14:30:00+00:00,SE4,solar,288.097,15
2026-05-06T14:45:00+00:00,SE4,solar,265.637,15
2026-05-06T15:00:00+00:00,SE4,solar,220.368,15
2026-05-06T15:15:00+00:00,SE4,solar,198.578,15
2026-05-06T15:30:00+00:00,SE4,solar,176.483,15
2026-05-06T15:45:00+00:00,SE4,solar,154.366,15
2026-05-06T16:00:00+00:00,SE4,solar,113.677,15
2026-05-06T16:15:00+00:00,SE4,solar,96.042,15
2026-05-06T16:30:00+00:00,SE4,solar,79.6,15
2026-05-06T16:45:00+00:00,SE4,solar,63.873,15
2026-05-06T17:00:00+00:00,SE4,solar,37.507,15
2026-05-06T17:15:00+00:00,SE4,solar,30.743,15
2026-05-06T17:30:00+00:00,SE4,solar,24.167,15
2026-05-06T17:45:00+00:00,SE4,solar,17.544,15
2026-05-06T18:00:00+00:00,SE4,solar,6.136,15
2026-05-06T18:15:00+00:00,SE4,solar,3.994,15
2026-05-06T18:30:00+00:00,SE4,solar,2.631,15
2026-05-06T18:45:00+00:00,SE4,solar,1.104,15
2026-05-06T19:00:00+00:00,SE4,solar,0.494,15
2026-05-06T19:15:00+00:00,SE4,solar,0.464,15
2026-05-06T19:30:00+00:00,SE4,solar,0.443,15
2026-05-06T19:45:00+00:00,SE4,solar,0.414,15
2026-05-06T20:00:00+00:00,SE4,solar,0.219,15
2026-05-06T20:15:00+00:00,SE4,solar,0.214,15
2026-05-06T20:30:00+00:00,SE4,solar,0.212,15
2026-05-06T20:45:00+00:00,SE4,solar,0.211,15
2026-05-06T21:00:00+00:00,SE4,solar,0.111,15
2026-05-06T21:15:00+00:00,SE4,solar,0.112,15
2026-05-06T21:45:00+00:00,SE4,solar,0.111,15
2026-05-06T22:00:00+00:00,SE4,solar,0.809,15
2026-05-06T22:15:00+00:00,SE4,solar,0.633,15
2026-05-06T22:30:00+00:00,SE4,solar,0.631,15
2026-05-06T22:45:00+00:00,SE4,solar,0.567,15
2026-05-06T23:00:00+00:00,SE4,solar,0.543,15
2026-05-06T23:15:00+00:00,SE4,solar,0.53,15
2026-05-06T23:30:00+00:00,SE4,solar,0.52,15
2026-05-06T23:45:00+00:00,SE4,solar,0.523,15
2026-05-07T00:00:00+00:00,SE4,solar,0.518,15
2026-05-07T01:00:00+00:00,SE4,solar,0.519,15
2026-05-07T01:30:00+00:00,SE4,solar,0.518,15
2026-05-07T01:45:00+00:00,SE4,solar,0.528,15
2026-05-07T02:00:00+00:00,SE4,solar,0.541,15
2026-05-07T02:15:00+00:00,SE4,solar,0.54,15
2026-05-07T02:30:00+00:00,SE4,solar,0.57,15
2026-05-07T02:45:00+00:00,SE4,solar,0.571,15
2026-05-07T03:00:00+00:00,SE4,solar,1.033,15
2026-05-07T03:15:00+00:00,SE4,solar,2.623,15
2026-05-07T03:30:00+00:00,SE4,solar,5.044,15
2026-05-07T03:45:00+00:00,SE4,solar,8.496,15
2026-05-07T04:00:00+00:00,SE4,solar,24.357,15
2026-05-07T04:15:00+00:00,SE4,solar,36.169,15
2026-05-07T04:30:00+00:00,SE4,solar,49.117,15
2026-05-07T04:45:00+00:00,SE4,solar,64.872,15
2026-05-07T05:00:00+00:00,SE4,solar,98.377,15
2026-05-07T05:15:00+00:00,SE4,solar,122.839,15
2026-05-07T05:30:00+00:00,SE4,solar,148.903,15
2026-05-07T05:45:00+00:00,SE4,solar,177.52,15
2026-05-07T06:00:00+00:00,SE4,solar,231.224,15
2026-05-07T06:15:00+00:00,SE4,solar,266.079,15
2026-05-07T06:30:00+00:00,SE4,solar,300.793,15
2026-05-07T06:45:00+00:00,SE4,solar,336.343,15
2026-05-07T07:00:00+00:00,SE4,solar,396.84,15
2026-05-07T07:15:00+00:00,SE4,solar,433.068,15
2026-05-07T07:30:00+00:00,SE4,solar,468.387,15
2026-05-07T07:45:00+00:00,SE4,solar,506.018,15
2026-05-07T08:00:00+00:00,SE4,solar,555.016,15
2026-05-07T08:15:00+00:00,SE4,solar,583.328,15
2026-05-07T08:30:00+00:00,SE4,solar,609.678,15
2026-05-07T08:45:00+00:00,SE4,solar,633.786,15
2026-05-07T09:00:00+00:00,SE4,solar,669.634,15
2026-05-07T09:15:00+00:00,SE4,solar,686.143,15
2026-05-07T09:30:00+00:00,SE4,solar,696.055,15
2026-05-07T09:45:00+00:00,SE4,solar,704.654,15
2026-05-07T10:00:00+00:00,SE4,solar,703.664,15
2026-05-07T10:15:00+00:00,SE4,solar,704.829,15
2026-05-07T10:30:00+00:00,SE4,solar,702.807,15
2026-05-07T10:45:00+00:00,SE4,solar,700.6,15
2026-05-07T11:00:00+00:00,SE4,solar,689.643,15
2026-05-07T11:15:00+00:00,SE4,solar,683.485,15
2026-05-07T11:30:00+00:00,SE4,solar,676.803,15
2026-05-07T11:45:00+00:00,SE4,solar,668.606,15
2026-05-07T12:00:00+00:00,SE4,solar,649.451,15
2026-05-07T12:15:00+00:00,SE4,solar,639.161,15
2026-05-07T12:30:00+00:00,SE4,solar,627.455,15
2026-05-07T12:45:00+00:00,SE4,solar,613.469,15
2026-05-07T13:00:00+00:00,SE4,solar,591.231,15
2026-05-07T13:15:00+00:00,SE4,solar,574.907,15
2026-05-07T13:30:00+00:00,SE4,solar,554.117,15
2026-05-07T13:45:00+00:00,SE4,solar,533.221,15
2026-05-07T14:00:00+00:00,SE4,solar,487.369,15
2026-05-07T14:15:00+00:00,SE4,solar,458.032,15
2026-05-07T14:30:00+00:00,SE4,solar,429.675,15
2026-05-07T14:45:00+00:00,SE4,solar,400.425,15
2026-05-07T15:00:00+00:00,SE4,solar,343.206,15
2026-05-07T15:15:00+00:00,SE4,solar,308.634,15
2026-05-07T15:30:00+00:00,SE4,solar,276.963,15
2026-05-07T15:45:00+00:00,SE4,solar,244.986,15
2026-05-07T16:00:00+00:00,SE4,solar,194.884,15
2026-05-07T16:15:00+00:00,SE4,solar,168.332,15
2026-05-07T16:30:00+00:00,SE4,solar,140.95,15
2026-05-07T16:45:00+00:00,SE4,solar,114.029,15
2026-05-07T17:00:00+00:00,SE4,solar,82.646,15
2026-05-07T17:15:00+00:00,SE4,solar,63.221,15
2026-05-07T17:30:00+00:00,SE4,solar,46.524,15
2026-05-07T17:45:00+00:00,SE4,solar,32.322,15
2026-05-07T18:00:00+00:00,SE4,solar,18.187,15
2026-05-07T18:15:00+00:00,SE4,solar,15.597,15
2026-05-07T18:30:00+00:00,SE4,solar,12.161,15
2026-05-07T18:45:00+00:00,SE4,solar,8.894,15
2026-05-07T19:00:00+00:00,SE4,solar,4.249,15
2026-05-07T19:15:00+00:00,SE4,solar,3.271,15
2026-05-07T19:30:00+00:00,SE4,solar,2.64,15
2026-05-07T19:45:00+00:00,SE4,solar,1.576,15
2026-05-07T20:00:00+00:00,SE4,solar,1.089,15
2026-05-07T20:15:00+00:00,SE4,solar,0.985,15
2026-05-07T20:30:00+00:00,SE4,solar,0.946,15
2026-05-07T20:45:00+00:00,SE4,solar,0.904,15
2026-05-07T21:00:00+00:00,SE4,solar,0.719,15
2026-05-07T21:15:00+00:00,SE4,solar,0.709,15
2026-05-07T21:30:00+00:00,SE4,solar,0.807,15
2026-05-07T21:45:00+00:00,SE4,solar,0.67,15
2026-05-07T22:00:00+00:00,SE4,solar,0.734,15
2026-05-07T22:15:00+00:00,SE4,solar,0.714,15
2026-05-07T22:30:00+00:00,SE4,solar,0.644,15
2026-05-07T22:45:00+00:00,SE4,solar,0.61,15
2026-05-07T23:00:00+00:00,SE4,solar,0.563,15
2026-05-07T23:15:00+00:00,SE4,solar,0.533,15
2026-05-07T23:30:00+00:00,SE4,solar,0.523,15
2026-05-07T23:45:00+00:00,SE4,solar,0.527,15
2026-05-08T00:00:00+00:00,SE4,solar,0.542,15
2026-05-08T00:15:00+00:00,SE4,solar,0.552,15
2026-05-08T00:45:00+00:00,SE4,solar,0.551,15
2026-05-08T01:00:00+00:00,SE4,solar,0.535,15
2026-05-08T01:15:00+00:00,SE4,solar,0.523,15
2026-05-08T01:30:00+00:00,SE4,solar,0.522,15
2026-05-08T02:00:00+00:00,SE4,solar,0.557,15
2026-05-08T02:15:00+00:00,SE4,solar,0.569,15
2026-05-08T02:30:00+00:00,SE4,solar,0.596,15
2026-05-08T02:45:00+00:00,SE4,solar,0.665,15
2026-05-08T03:00:00+00:00,SE4,solar,3.432,15
2026-05-08T03:15:00+00:00,SE4,solar,5.318,15
2026-05-08T03:30:00+00:00,SE4,solar,8.427,15
2026-05-08T03:45:00+00:00,SE4,solar,12.342,15
2026-05-08T04:00:00+00:00,SE4,solar,29.947,15
2026-05-08T04:15:00+00:00,SE4,solar,42.359,15
2026-05-08T04:30:00+00:00,SE4,solar,56.602,15
2026-05-08T04:45:00+00:00,SE4,solar,73.541,15
2026-05-08T05:00:00+00:00,SE4,solar,107.277,15
2026-05-08T05:15:00+00:00,SE4,solar,133.067,15
2026-05-08T05:30:00+00:00,SE4,solar,160.98,15
2026-05-08T05:45:00+00:00,SE4,solar,190.046,15
2026-05-08T06:00:00+00:00,SE4,solar,243.247,15
2026-05-08T06:15:00+00:00,SE4,solar,277.962,15
2026-05-08T06:30:00+00:00,SE4,solar,313.035,15
2026-05-08T06:45:00+00:00,SE4,solar,348.244,15
2026-05-08T07:00:00+00:00,SE4,solar,412.368,15
2026-05-08T07:15:00+00:00,SE4,solar,448.661,15
2026-05-08T07:30:00+00:00,SE4,solar,478.297,15
2026-05-08T07:45:00+00:00,SE4,solar,513.514,15
2026-05-08T08:00:00+00:00,SE4,solar,573.365,15
2026-05-08T08:15:00+00:00,SE4,solar,602.661,15
2026-05-08T08:30:00+00:00,SE4,solar,628.852,15
2026-05-08T08:45:00+00:00,SE4,solar,653.392,15
2026-05-08T09:00:00+00:00,SE4,solar,681.144,15
2026-05-08T09:15:00+00:00,SE4,solar,699.728,15
2026-05-08T09:30:00+00:00,SE4,solar,720.507,15
2026-05-08T09:45:00+00:00,SE4,solar,735.657,15
2026-05-08T10:00:00+00:00,SE4,solar,750.854,15
2026-05-08T10:15:00+00:00,SE4,solar,758.657,15
2026-05-08T10:30:00+00:00,SE4,solar,762.576,15
2026-05-08T10:45:00+00:00,SE4,solar,763.333,15
2026-05-08T11:00:00+00:00,SE4,solar,764.975,15
2026-05-08T11:15:00+00:00,SE4,solar,763.64,15
2026-05-08T11:30:00+00:00,SE4,solar,758.886,15
2026-05-08T11:45:00+00:00,SE4,solar,752.415,15
2026-05-08T12:00:00+00:00,SE4,solar,739.395,15
2026-05-08T12:15:00+00:00,SE4,solar,746.568,15
2026-05-08T12:30:00+00:00,SE4,solar,734.714,15
2026-05-08T12:45:00+00:00,SE4,solar,720.673,15
2026-05-08T13:00:00+00:00,SE4,solar,697.025,15
2026-05-08T13:15:00+00:00,SE4,solar,675.951,15
2026-05-08T13:30:00+00:00,SE4,solar,651.374,15
2026-05-08T13:45:00+00:00,SE4,solar,624.478,15
2026-05-08T14:00:00+00:00,SE4,solar,572.428,15
2026-05-08T14:15:00+00:00,SE4,solar,539.364,15
2026-05-08T14:30:00+00:00,SE4,solar,503.65,15
2026-05-08T14:45:00+00:00,SE4,solar,467.056,15
2026-05-08T15:00:00+00:00,SE4,solar,402.234,15
2026-05-08T15:15:00+00:00,SE4,solar,363.56,15
2026-05-08T15:30:00+00:00,SE4,solar,322.92,15
2026-05-08T15:45:00+00:00,SE4,solar,282.973,15
2026-05-08T16:00:00+00:00,SE4,solar,220.64,15
2026-05-08T16:15:00+00:00,SE4,solar,186.256,15
2026-05-08T16:30:00+00:00,SE4,solar,153.332,15
2026-05-08T16:45:00+00:00,SE4,solar,124.249,15
2026-05-08T17:00:00+00:00,SE4,solar,85.87,15
2026-05-08T17:15:00+00:00,SE4,solar,66.282,15
2026-05-08T17:30:00+00:00,SE4,solar,49.138,15
2026-05-08T17:45:00+00:00,SE4,solar,34.839,15
2026-05-08T18:00:00+00:00,SE4,solar,19.559,15
2026-05-08T18:15:00+00:00,SE4,solar,14.455,15
2026-05-08T18:30:00+00:00,SE4,solar,10.546,15
2026-05-08T18:45:00+00:00,SE4,solar,7.42,15
2026-05-08T19:00:00+00:00,SE4,solar,1.228,15
2026-05-08T19:15:00+00:00,SE4,solar,1.056,15
2026-05-08T19:30:00+00:00,SE4,solar,0.937,15
2026-05-08T19:45:00+00:00,SE4,solar,0.823,15
2026-05-08T20:00:00+00:00,SE4,solar,0.666,15
2026-05-08T20:15:00+00:00,SE4,solar,0.617,15
2026-05-08T20:30:00+00:00,SE4,solar,0.594,15
2026-05-08T20:45:00+00:00,SE4,solar,0.581,15
2026-05-08T21:00:00+00:00,SE4,solar,0.482,15
2026-05-08T21:15:00+00:00,SE4,solar,0.509,15
2026-05-08T21:30:00+00:00,SE4,solar,0.495,15
2026-05-08T21:45:00+00:00,SE4,solar,0.621,15
2026-05-08T22:00:00+00:00,SE4,solar,0.857,15
2026-05-08T22:15:00+00:00,SE4,solar,0.846,15
2026-05-08T22:30:00+00:00,SE4,solar,0.774,15
2026-05-08T22:45:00+00:00,SE4,solar,0.731,15
2026-05-08T23:00:00+00:00,SE4,solar,0.586,15
2026-05-08T23:15:00+00:00,SE4,solar,0.551,15
2026-05-08T23:30:00+00:00,SE4,solar,0.539,15
2026-05-08T23:45:00+00:00,SE4,solar,0.536,15
2026-05-09T00:00:00+00:00,SE4,solar,0.627,15
2026-05-09T00:15:00+00:00,SE4,solar,0.636,15
2026-05-09T00:45:00+00:00,SE4,solar,0.637,15
2026-05-09T01:00:00+00:00,SE4,solar,0.628,15
2026-05-09T01:15:00+00:00,SE4,solar,0.617,15
2026-05-09T01:30:00+00:00,SE4,solar,0.616,15
2026-05-09T01:45:00+00:00,SE4,solar,0.614,15
2026-05-09T02:00:00+00:00,SE4,solar,0.562,15
2026-05-09T02:15:00+00:00,SE4,solar,0.578,15
2026-05-09T02:30:00+00:00,SE4,solar,0.611,15
2026-05-09T02:45:00+00:00,SE4,solar,0.689,15
2026-05-09T03:00:00+00:00,SE4,solar,3.312,15
2026-05-09T03:15:00+00:00,SE4,solar,5.814,15
2026-05-09T03:30:00+00:00,SE4,solar,8.753,15
2026-05-09T03:45:00+00:00,SE4,solar,13.344,15
2026-05-09T04:00:00+00:00,SE4,solar,32.4,15
2026-05-09T04:15:00+00:00,SE4,solar,46.231,15
2026-05-09T04:30:00+00:00,SE4,solar,61.792,15
2026-05-09T04:45:00+00:00,SE4,solar,79.694,15
2026-05-09T05:00:00+00:00,SE4,solar,115.611,15
2026-05-09T05:15:00+00:00,SE4,solar,142.236,15
2026-05-09T05:30:00+00:00,SE4,solar,173.25,15
2026-05-09T05:45:00+00:00,SE4,solar,205.643,15
2026-05-09T06:00:00+00:00,SE4,solar,261.038,15
2026-05-09T06:15:00+00:00,SE4,solar,299.378,15
2026-05-09T06:30:00+00:00,SE4,solar,338.63,15
2026-05-09T06:45:00+00:00,SE4,solar,376.076,15
2026-05-09T07:00:00+00:00,SE4,solar,426.197,15
2026-05-09T07:15:00+00:00,SE4,solar,462.359,15
2026-05-09T07:30:00+00:00,SE4,solar,500.392,15
2026-05-09T07:45:00+00:00,SE4,solar,536.457,15
2026-05-09T08:00:00+00:00,SE4,solar,595.072,15
2026-05-09T08:15:00+00:00,SE4,solar,626.937,15
2026-05-09T08:30:00+00:00,SE4,solar,656.535,15
2026-05-09T08:45:00+00:00,SE4,solar,682.783,15
2026-05-09T09:00:00+00:00,SE4,solar,717.156,15
2026-05-09T09:15:00+00:00,SE4,solar,736.051,15
2026-05-09T09:30:00+00:00,SE4,solar,753.077,15
2026-05-09T09:45:00+00:00,SE4,solar,767.447,15
2026-05-09T10:00:00+00:00,SE4,solar,783.0,15
2026-05-09T10:15:00+00:00,SE4,solar,788.904,15
2026-05-09T10:30:00+00:00,SE4,solar,792.341,15
2026-05-09T10:45:00+00:00,SE4,solar,794.09,15
2026-05-09T11:00:00+00:00,SE4,solar,793.535,15
2026-05-09T11:15:00+00:00,SE4,solar,792.507,15
2026-05-09T11:30:00+00:00,SE4,solar,789.102,15
2026-05-09T11:45:00+00:00,SE4,solar,783.225,15
2026-05-09T12:00:00+00:00,SE4,solar,769.432,15
2026-05-09T12:15:00+00:00,SE4,solar,757.668,15
2026-05-09T12:30:00+00:00,SE4,solar,744.171,15
2026-05-09T12:45:00+00:00,SE4,solar,729.587,15
2026-05-09T13:00:00+00:00,SE4,solar,708.653,15
2026-05-09T13:15:00+00:00,SE4,solar,685.18,15
2026-05-09T13:30:00+00:00,SE4,solar,659.245,15
2026-05-09T13:45:00+00:00,SE4,solar,632.293,15
2026-05-09T14:00:00+00:00,SE4,solar,573.653,15
2026-05-09T14:15:00+00:00,SE4,solar,539.306,15
2026-05-09T14:30:00+00:00,SE4,solar,502.932,15
2026-05-09T14:45:00+00:00,SE4,solar,466.361,15
2026-05-09T15:00:00+00:00,SE4,solar,400.979,15
2026-05-09T15:15:00+00:00,SE4,solar,362.775,15
2026-05-09T15:30:00+00:00,SE4,solar,323.822,15
2026-05-09T15:45:00+00:00,SE4,solar,285.682,15
2026-05-09T16:00:00+00:00,SE4,solar,227.538,15
2026-05-09T16:15:00+00:00,SE4,solar,193.72,15
2026-05-09T16:30:00+00:00,SE4,solar,161.718,15
2026-05-09T16:45:00+00:00,SE4,solar,131.927,15
2026-05-09T17:00:00+00:00,SE4,solar,92.085,15
2026-05-09T17:15:00+00:00,SE4,solar,71.212,15
2026-05-09T17:30:00+00:00,SE4,solar,53.073,15
2026-05-09T17:45:00+00:00,SE4,solar,37.717,15
2026-05-09T18:00:00+00:00,SE4,solar,18.242,15
2026-05-09T18:15:00+00:00,SE4,solar,13.022,15
2026-05-09T18:30:00+00:00,SE4,solar,8.982,15
2026-05-09T18:45:00+00:00,SE4,solar,5.898,15
2026-05-09T19:00:00+00:00,SE4,solar,1.352,15
2026-05-09T19:15:00+00:00,SE4,solar,1.222,15
2026-05-09T19:30:00+00:00,SE4,solar,1.108,15
2026-05-09T19:45:00+00:00,SE4,solar,1.001,15
2026-05-09T20:00:00+00:00,SE4,solar,0.733,15
2026-05-09T20:15:00+00:00,SE4,solar,0.682,15
2026-05-09T20:30:00+00:00,SE4,solar,0.655,15
2026-05-09T20:45:00+00:00,SE4,solar,0.636,15
2026-05-09T21:00:00+00:00,SE4,solar,0.533,15
2026-05-09T21:15:00+00:00,SE4,solar,0.564,15
2026-05-09T21:30:00+00:00,SE4,solar,0.555,15
2026-05-09T21:45:00+00:00,SE4,solar,0.685,15
2026-05-09T22:00:00+00:00,SE4,solar,0.584,15
2026-05-09T22:15:00+00:00,SE4,solar,0.516,15
2026-05-09T22:30:00+00:00,SE4,solar,0.504,15
2026-05-09T22:45:00+00:00,SE4,solar,0.48,15
2026-05-09T23:00:00+00:00,SE4,solar,0.458,15
2026-05-09T23:15:00+00:00,SE4,solar,0.446,15
2026-05-09T23:30:00+00:00,SE4,solar,0.434,15
2026-05-09T23:45:00+00:00,SE4,solar,0.424,15
2026-05-10T00:00:00+00:00,SE4,solar,0.414,15
2026-05-10T00:15:00+00:00,SE4,solar,0.421,15
2026-05-10T00:30:00+00:00,SE4,solar,0.417,15
2026-05-10T00:45:00+00:00,SE4,solar,0.431,15
2026-05-10T01:00:00+00:00,SE4,solar,0.447,15
2026-05-10T01:15:00+00:00,SE4,solar,0.459,15
2026-05-10T01:30:00+00:00,SE4,solar,0.46,15
2026-05-10T01:45:00+00:00,SE4,solar,0.471,15
2026-05-10T02:00:00+00:00,SE4,solar,0.512,15
2026-05-10T02:15:00+00:00,SE4,solar,0.538,15
2026-05-10T02:30:00+00:00,SE4,solar,0.586,15
2026-05-10T02:45:00+00:00,SE4,solar,0.674,15
2026-05-10T03:00:00+00:00,SE4,solar,3.525,15
2026-05-10T03:15:00+00:00,SE4,solar,5.811,15
2026-05-10T03:30:00+00:00,SE4,solar,8.262,15
2026-05-10T03:45:00+00:00,SE4,solar,11.919,15
2026-05-10T04:00:00+00:00,SE4,solar,21.765,15
2026-05-10T04:15:00+00:00,SE4,solar,29.946,15
2026-05-10T04:30:00+00:00,SE4,solar,38.555,15
2026-05-10T04:45:00+00:00,SE4,solar,47.834,15
2026-05-10T05:00:00+00:00,SE4,solar,67.461,15
2026-05-10T05:15:00+00:00,SE4,solar,79.084,15
2026-05-10T05:30:00+00:00,SE4,solar,90.15,15
2026-05-10T05:45:00+00:00,SE4,solar,102.962,15
2026-05-10T06:00:00+00:00,SE4,solar,128.967,15
2026-05-10T06:15:00+00:00,SE4,solar,145.754,15
2026-05-10T06:30:00+00:00,SE4,solar,162.837,15
2026-05-10T06:45:00+00:00,SE4,solar,179.405,15
2026-05-10T07:00:00+00:00,SE4,solar,197.084,15
2026-05-10T07:15:00+00:00,SE4,solar,215.316,15
2026-05-10T07:30:00+00:00,SE4,solar,229.591,15
2026-05-10T07:45:00+00:00,SE4,solar,244.39,15
2026-05-10T08:00:00+00:00,SE4,solar,273.347,15
2026-05-10T08:15:00+00:00,SE4,solar,283.013,15
2026-05-10T08:30:00+00:00,SE4,solar,294.075,15
2026-05-10T08:45:00+00:00,SE4,solar,304.353,15
2026-05-10T09:00:00+00:00,SE4,solar,323.428,15
2026-05-10T09:15:00+00:00,SE4,solar,330.972,15
2026-05-10T09:30:00+00:00,SE4,solar,337.785,15
2026-05-10T09:45:00+00:00,SE4,solar,343.188,15
2026-05-10T10:00:00+00:00,SE4,solar,351.091,15
2026-05-10T10:15:00+00:00,SE4,solar,356.101,15
2026-05-10T10:30:00+00:00,SE4,solar,361.211,15
2026-05-10T10:45:00+00:00,SE4,solar,359.903,15
2026-05-10T11:00:00+00:00,SE4,solar,370.088,15
2026-05-10T11:15:00+00:00,SE4,solar,371.805,15
2026-05-10T11:30:00+00:00,SE4,solar,373.946,15
2026-05-10T11:45:00+00:00,SE4,solar,385.557,15
2026-05-10T12:00:00+00:00,SE4,solar,390.094,15
2026-05-10T12:15:00+00:00,SE4,solar,392.277,15
2026-05-10T12:30:00+00:00,SE4,solar,390.007,15
2026-05-10T12:45:00+00:00,SE4,solar,384.07,15
2026-05-10T13:00:00+00:00,SE4,solar,362.115,15
2026-05-10T13:15:00+00:00,SE4,solar,353.362,15
2026-05-10T13:30:00+00:00,SE4,solar,342.476,15
2026-05-10T13:45:00+00:00,SE4,solar,329.913,15
2026-05-10T14:00:00+00:00,SE4,solar,295.373,15
2026-05-10T14:15:00+00:00,SE4,solar,279.406,15
2026-05-10T14:30:00+00:00,SE4,solar,260.896,15
2026-05-10T14:45:00+00:00,SE4,solar,242.195,15
2026-05-10T15:00:00+00:00,SE4,solar,211.132,15
2026-05-10T15:15:00+00:00,SE4,solar,194.752,15
2026-05-10T15:30:00+00:00,SE4,solar,176.777,15
2026-05-10T15:45:00+00:00,SE4,solar,158.799,15
2026-05-10T16:00:00+00:00,SE4,solar,124.417,15
2026-05-10T16:15:00+00:00,SE4,solar,109.86,15
2026-05-10T16:30:00+00:00,SE4,solar,91.425,15
2026-05-10T16:45:00+00:00,SE4,solar,74.107,15
2026-05-10T17:00:00+00:00,SE4,solar,58.093,15
2026-05-10T17:15:00+00:00,SE4,solar,43.882,15
2026-05-10T17:30:00+00:00,SE4,solar,31.502,15
2026-05-10T17:45:00+00:00,SE4,solar,23.53,15
2026-05-10T18:00:00+00:00,SE4,solar,10.788,15
2026-05-10T18:15:00+00:00,SE4,solar,8.154,15
2026-05-10T18:30:00+00:00,SE4,solar,6.104,15
2026-05-10T18:45:00+00:00,SE4,solar,3.879,15
2026-05-10T19:00:00+00:00,SE4,solar,2.346,15
2026-05-10T19:15:00+00:00,SE4,solar,1.715,15
2026-05-10T19:30:00+00:00,SE4,solar,0.425,15
2026-05-10T19:45:00+00:00,SE4,solar,1.584,15
2026-05-10T20:00:00+00:00,SE4,solar,1.539,15
2026-05-10T20:15:00+00:00,SE4,solar,1.469,15
2026-05-10T20:30:00+00:00,SE4,solar,1.489,15
2026-05-10T20:45:00+00:00,SE4,solar,0.951,15
2026-05-10T21:00:00+00:00,SE4,solar,0.697,15
2026-05-10T21:15:00+00:00,SE4,solar,0.654,15
2026-05-10T21:30:00+00:00,SE4,solar,0.599,15
2026-05-10T21:45:00+00:00,SE4,solar,0.606,15
2026-05-10T22:00:00+00:00,SE4,solar,0.465,15
2026-05-10T22:15:00+00:00,SE4,solar,0.437,15
2026-05-10T22:30:00+00:00,SE4,solar,0.476,15
2026-05-10T22:45:00+00:00,SE4,solar,0.483,15
2026-05-10T23:00:00+00:00,SE4,solar,0.488,15
2026-05-10T23:15:00+00:00,SE4,solar,0.497,15
2026-05-10T23:30:00+00:00,SE4,solar,0.496,15
2026-05-10T23:45:00+00:00,SE4,solar,0.485,15
2026-05-11T00:00:00+00:00,SE4,solar,0.471,15
2026-05-11T00:30:00+00:00,SE4,solar,0.462,15
2026-05-11T00:45:00+00:00,SE4,solar,0.463,15
2026-05-11T01:00:00+00:00,SE4,solar,0.459,15
2026-05-11T01:15:00+00:00,SE4,solar,0.462,15
2026-05-11T01:30:00+00:00,SE4,solar,0.454,15
2026-05-11T01:45:00+00:00,SE4,solar,0.445,15
2026-05-11T02:00:00+00:00,SE4,solar,0.452,15
2026-05-11T02:15:00+00:00,SE4,solar,0.489,15
2026-05-11T02:30:00+00:00,SE4,solar,0.537,15
2026-05-11T02:45:00+00:00,SE4,solar,0.655,15
2026-05-11T03:00:00+00:00,SE4,solar,2.402,15
2026-05-11T03:15:00+00:00,SE4,solar,4.105,15
2026-05-11T03:30:00+00:00,SE4,solar,6.192,15
2026-05-11T03:45:00+00:00,SE4,solar,8.679,15
2026-05-11T04:00:00+00:00,SE4,solar,18.466,15
2026-05-11T04:15:00+00:00,SE4,solar,23.649,15
2026-05-11T04:30:00+00:00,SE4,solar,29.673,15
2026-05-11T04:45:00+00:00,SE4,solar,35.644,15
2026-05-11T05:00:00+00:00,SE4,solar,48.811,15
2026-05-11T05:15:00+00:00,SE4,solar,56.487,15
2026-05-11T05:30:00+00:00,SE4,solar,64.017,15
2026-05-11T05:45:00+00:00,SE4,solar,72.179,15
2026-05-11T06:00:00+00:00,SE4,solar,83.409,15
2026-05-11T06:15:00+00:00,SE4,solar,95.994,15
2026-05-11T06:30:00+00:00,SE4,solar,103.711,15
2026-05-11T06:45:00+00:00,SE4,solar,110.105,15
2026-05-11T07:00:00+00:00,SE4,solar,121.39,15
2026-05-11T07:15:00+00:00,SE4,solar,126.495,15
2026-05-11T07:30:00+00:00,SE4,solar,130.387,15
2026-05-11T07:45:00+00:00,SE4,solar,132.276,15
2026-05-11T08:00:00+00:00,SE4,solar,136.034,15
2026-05-11T08:15:00+00:00,SE4,solar,143.869,15
2026-05-11T08:30:00+00:00,SE4,solar,145.185,15
2026-05-11T08:45:00+00:00,SE4,solar,146.03,15
2026-05-11T09:00:00+00:00,SE4,solar,145.002,15
2026-05-11T09:15:00+00:00,SE4,solar,147.394,15
2026-05-11T09:30:00+00:00,SE4,solar,147.554,15
2026-05-11T09:45:00+00:00,SE4,solar,146.494,15
2026-05-11T10:00:00+00:00,SE4,solar,143.369,15
2026-05-11T10:15:00+00:00,SE4,solar,141.891,15
2026-05-11T10:30:00+00:00,SE4,solar,140.535,15
2026-05-11T10:45:00+00:00,SE4,solar,137.96,15
2026-05-11T11:00:00+00:00,SE4,solar,132.562,15
2026-05-11T11:15:00+00:00,SE4,solar,128.126,15
2026-05-11T11:30:00+00:00,SE4,solar,125.759,15
2026-05-11T11:45:00+00:00,SE4,solar,121.43,15
2026-05-11T12:00:00+00:00,SE4,solar,115.77,15
2026-05-11T12:15:00+00:00,SE4,solar,113.772,15
2026-05-11T12:30:00+00:00,SE4,solar,110.929,15
2026-05-11T12:45:00+00:00,SE4,solar,106.007,15
2026-05-11T13:00:00+00:00,SE4,solar,97.295,15
2026-05-11T13:15:00+00:00,SE4,solar,93.686,15
2026-05-11T13:30:00+00:00,SE4,solar,89.262,15
2026-05-11T13:45:00+00:00,SE4,solar,84.8,15
2026-05-11T14:00:00+00:00,SE4,solar,77.377,15
2026-05-11T14:15:00+00:00,SE4,solar,71.318,15
2026-05-11T14:30:00+00:00,SE4,solar,65.766,15
2026-05-11T14:45:00+00:00,SE4,solar,60.297,15
2026-05-11T15:00:00+00:00,SE4,solar,43.021,15
2026-05-11T15:15:00+00:00,SE4,solar,37.727,15
2026-05-11T15:30:00+00:00,SE4,solar,33.334,15
2026-05-11T15:45:00+00:00,SE4,solar,28.353,15
2026-05-11T16:00:00+00:00,SE4,solar,19.46,15
2026-05-11T16:15:00+00:00,SE4,solar,15.928,15
2026-05-11T16:30:00+00:00,SE4,solar,14.065,15
2026-05-11T16:45:00+00:00,SE4,solar,10.821,15
2026-05-11T17:00:00+00:00,SE4,solar,8.558,15
2026-05-11T17:15:00+00:00,SE4,solar,6.92,15
2026-05-11T17:30:00+00:00,SE4,solar,6.017,15
2026-05-11T17:45:00+00:00,SE4,solar,4.482,15
2026-05-11T18:00:00+00:00,SE4,solar,3.131,15
2026-05-11T18:15:00+00:00,SE4,solar,2.847,15
2026-05-11T18:30:00+00:00,SE4,solar,2.684,15
2026-05-11T18:45:00+00:00,SE4,solar,1.746,15
2026-05-11T19:00:00+00:00,SE4,solar,1.131,15
2026-05-11T19:15:00+00:00,SE4,solar,0.974,15
2026-05-11T19:30:00+00:00,SE4,solar,0.932,15
2026-05-11T19:45:00+00:00,SE4,solar,0.908,15
2026-05-11T20:00:00+00:00,SE4,solar,0.841,15
2026-05-11T20:15:00+00:00,SE4,solar,0.864,15
2026-05-11T20:30:00+00:00,SE4,solar,0.843,15
2026-05-11T20:45:00+00:00,SE4,solar,0.776,15
2026-05-11T21:00:00+00:00,SE4,solar,0.746,15
2026-05-11T21:15:00+00:00,SE4,solar,0.692,15
2026-05-11T21:30:00+00:00,SE4,solar,0.664,15
2026-05-11T21:45:00+00:00,SE4,solar,0.684,15
2026-05-11T22:00:00+00:00,SE4,solar,0.552,15
2026-05-11T22:15:00+00:00,SE4,solar,0.569,15
2026-05-11T22:30:00+00:00,SE4,solar,0.566,15
2026-05-11T22:45:00+00:00,SE4,solar,0.589,15
2026-05-11T23:00:00+00:00,SE4,solar,0.847,15
2026-05-11T23:15:00+00:00,SE4,solar,0.592,15
2026-05-11T23:30:00+00:00,SE4,solar,0.564,15
2026-05-11T23:45:00+00:00,SE4,solar,0.581,15
2026-05-12T00:00:00+00:00,SE4,solar,0.577,15
2026-05-12T00:15:00+00:00,SE4,solar,0.608,15
2026-05-12T00:30:00+00:00,SE4,solar,0.588,15
2026-05-12T00:45:00+00:00,SE4,solar,0.593,15
2026-05-12T01:00:00+00:00,SE4,solar,0.536,15
2026-05-12T01:15:00+00:00,SE4,solar,0.526,15
2026-05-12T01:30:00+00:00,SE4,solar,0.521,15
2026-05-12T01:45:00+00:00,SE4,solar,0.471,15
2026-05-12T02:00:00+00:00,SE4,solar,0.47,15
2026-05-12T02:15:00+00:00,SE4,solar,0.451,15
2026-05-12T02:30:00+00:00,SE4,solar,0.501,15
2026-05-12T02:45:00+00:00,SE4,solar,0.418,15
2026-05-12T03:00:00+00:00,SE4,solar,0.68,15
2026-05-12T03:15:00+00:00,SE4,solar,1.079,15
2026-05-12T03:30:00+00:00,SE4,solar,2.089,15
2026-05-12T03:45:00+00:00,SE4,solar,2.945,15
2026-05-12T04:00:00+00:00,SE4,solar,7.458,15
2026-05-12T04:15:00+00:00,SE4,solar,10.364,15
2026-05-12T04:30:00+00:00,SE4,solar,13.924,15
2026-05-12T04:45:00+00:00,SE4,solar,17.844,15
2026-05-12T05:00:00+00:00,SE4,solar,29.145,15
2026-05-12T05:15:00+00:00,SE4,solar,35.929,15
2026-05-12T05:30:00+00:00,SE4,solar,42.372,15
2026-05-12T05:45:00+00:00,SE4,solar,49.269,15
2026-05-12T06:00:00+00:00,SE4,solar,83.609,15
2026-05-12T06:15:00+00:00,SE4,solar,76.657,15
2026-05-12T06:30:00+00:00,SE4,solar,87.717,15
2026-05-12T06:45:00+00:00,SE4,solar,98.854,15
2026-05-12T07:00:00+00:00,SE4,solar,123.382,15
2026-05-12T07:15:00+00:00,SE4,solar,136.994,15
2026-05-12T07:30:00+00:00,SE4,solar,161.296,15
2026-05-12T07:45:00+00:00,SE4,solar,175.211,15
2026-05-12T08:00:00+00:00,SE4,solar,207.938,15
2026-05-12T08:15:00+00:00,SE4,solar,197.848,15
2026-05-12T08:30:00+00:00,SE4,solar,210.409,15
2026-05-12T08:45:00+00:00,SE4,solar,219.143,15
2026-05-12T09:00:00+00:00,SE4,solar,233.872,15
2026-05-12T09:15:00+00:00,SE4,solar,247.436,15
2026-05-12T09:30:00+00:00,SE4,solar,252.423,15
2026-05-12T09:45:00+00:00,SE4,solar,258.063,15
2026-05-12T10:00:00+00:00,SE4,solar,266.771,15
2026-05-12T10:15:00+00:00,SE4,solar,274.226,15
2026-05-12T10:30:00+00:00,SE4,solar,280.453,15
2026-05-12T10:45:00+00:00,SE4,solar,284.978,15
2026-05-12T11:00:00+00:00,SE4,solar,289.838,15
2026-05-12T11:15:00+00:00,SE4,solar,291.182,15
2026-05-12T11:30:00+00:00,SE4,solar,293.8,15
2026-05-12T11:45:00+00:00,SE4,solar,295.167,15
2026-05-12T12:00:00+00:00,SE4,solar,298.595,15
2026-05-12T12:15:00+00:00,SE4,solar,298.867,15
2026-05-12T12:30:00+00:00,SE4,solar,299.905,15
2026-05-12T12:45:00+00:00,SE4,solar,299.414,15
2026-05-12T13:00:00+00:00,SE4,solar,293.364,15
2026-05-12T13:15:00+00:00,SE4,solar,287.851,15
2026-05-12T13:30:00+00:00,SE4,solar,276.704,15
2026-05-12T13:45:00+00:00,SE4,solar,266.496,15
2026-05-12T14:00:00+00:00,SE4,solar,247.196,15
2026-05-12T14:15:00+00:00,SE4,solar,231.326,15
2026-05-12T14:30:00+00:00,SE4,solar,219.329,15
2026-05-12T14:45:00+00:00,SE4,solar,207.507,15
2026-05-12T15:00:00+00:00,SE4,solar,175.722,15
2026-05-12T15:15:00+00:00,SE4,solar,161.242,15
2026-05-12T15:30:00+00:00,SE4,solar,149.27,15
2026-05-12T15:45:00+00:00,SE4,solar,133.931,15
2026-05-12T16:00:00+00:00,SE4,solar,107.659,15
2026-05-12T16:15:00+00:00,SE4,solar,95.851,15
2026-05-12T16:30:00+00:00,SE4,solar,81.544,15
2026-05-12T16:45:00+00:00,SE4,solar,69.449,15
2026-05-12T17:00:00+00:00,SE4,solar,53.761,15
2026-05-12T17:15:00+00:00,SE4,solar,43.455,15
2026-05-12T17:30:00+00:00,SE4,solar,33.354,15
2026-05-12T17:45:00+00:00,SE4,solar,25.368,15
2026-05-12T18:00:00+00:00,SE4,solar,13.588,15
2026-05-12T18:15:00+00:00,SE4,solar,10.178,15
2026-05-12T18:30:00+00:00,SE4,solar,7.424,15
2026-05-12T18:45:00+00:00,SE4,solar,5.287,15
2026-05-12T19:00:00+00:00,SE4,solar,3.082,15
2026-05-12T19:15:00+00:00,SE4,solar,2.134,15
2026-05-12T19:30:00+00:00,SE4,solar,1.696,15
2026-05-12T19:45:00+00:00,SE4,solar,0.422,15
2026-05-12T20:00:00+00:00,SE4,solar,0.891,15
2026-05-12T20:15:00+00:00,SE4,solar,0.833,15
2026-05-12T20:30:00+00:00,SE4,solar,0.723,15
2026-05-12T20:45:00+00:00,SE4,solar,0.611,15
2026-05-12T21:00:00+00:00,SE4,solar,0.498,15
2026-05-12T21:15:00+00:00,SE4,solar,0.487,15
2026-05-12T21:30:00+00:00,SE4,solar,0.467,15
2026-05-12T21:45:00+00:00,SE4,solar,0.071,15
2026-05-12T22:00:00+00:00,SE4,solar,0.464,15
2026-05-12T22:15:00+00:00,SE4,solar,0.484,15
2026-05-12T22:30:00+00:00,SE4,solar,0.454,15
2026-05-12T22:45:00+00:00,SE4,solar,0.504,15
2026-05-12T23:00:00+00:00,SE4,solar,0.487,15
2026-05-12T23:15:00+00:00,SE4,solar,0.496,15
2026-05-12T23:30:00+00:00,SE4,solar,0.486,15
2026-05-12T23:45:00+00:00,SE4,solar,0.526,15
2026-05-13T00:00:00+00:00,SE4,solar,0.422,15
2026-05-13T00:15:00+00:00,SE4,solar,0.481,15
2026-05-13T00:30:00+00:00,SE4,solar,0.421,15
2026-05-13T00:45:00+00:00,SE4,solar,0.492,15
2026-05-13T01:00:00+00:00,SE4,solar,0.426,15
2026-05-13T01:15:00+00:00,SE4,solar,0.469,15
2026-05-13T01:30:00+00:00,SE4,solar,0.46,15
2026-05-13T01:45:00+00:00,SE4,solar,0.498,15
2026-05-13T02:00:00+00:00,SE4,solar,0.416,15
2026-05-13T02:15:00+00:00,SE4,solar,0.436,15
2026-05-13T02:30:00+00:00,SE4,solar,0.556,15
2026-05-13T02:45:00+00:00,SE4,solar,0.518,15
2026-05-13T03:00:00+00:00,SE4,solar,0.73,15
2026-05-13T03:15:00+00:00,SE4,solar,1.568,15
2026-05-13T03:30:00+00:00,SE4,solar,2.583,15
2026-05-13T03:45:00+00:00,SE4,solar,3.36,15
2026-05-13T04:00:00+00:00,SE4,solar,9.821,15
2026-05-13T04:15:00+00:00,SE4,solar,13.688,15
2026-05-13T04:30:00+00:00,SE4,solar,16.641,15
2026-05-13T04:45:00+00:00,SE4,solar,19.217,15
2026-05-13T05:00:00+00:00,SE4,solar,28.303,15
2026-05-13T05:15:00+00:00,SE4,solar,34.471,15
2026-05-13T05:30:00+00:00,SE4,solar,40.496,15
2026-05-13T05:45:00+00:00,SE4,solar,46.82,15
2026-05-13T06:00:00+00:00,SE4,solar,56.421,15
2026-05-13T06:15:00+00:00,SE4,solar,63.942,15
2026-05-13T06:30:00+00:00,SE4,solar,70.933,15
2026-05-13T06:45:00+00:00,SE4,solar,80.377,15
2026-05-13T07:00:00+00:00,SE4,solar,99.763,15
2026-05-13T07:15:00+00:00,SE4,solar,108.532,15
2026-05-13T07:30:00+00:00,SE4,solar,117.049,15
2026-05-13T07:45:00+00:00,SE4,solar,125.732,15
2026-05-13T08:00:00+00:00,SE4,solar,139.112,15
2026-05-13T08:15:00+00:00,SE4,solar,145.565,15
2026-05-13T08:30:00+00:00,SE4,solar,154.494,15
2026-05-13T08:45:00+00:00,SE4,solar,160.168,15
2026-05-13T09:00:00+00:00,SE4,solar,172.724,15
2026-05-13T09:15:00+00:00,SE4,solar,176.215,15
2026-05-13T09:30:00+00:00,SE4,solar,180.364,15
2026-05-13T09:45:00+00:00,SE4,solar,184.493,15
2026-05-13T10:00:00+00:00,SE4,solar,189.216,15
2026-05-13T10:15:00+00:00,SE4,solar,191.669,15
2026-05-13T10:30:00+00:00,SE4,solar,172.096,15
2026-05-13T10:45:00+00:00,SE4,solar,172.121,15
2026-05-13T11:00:00+00:00,SE4,solar,169.41,15
2026-05-13T11:15:00+00:00,SE4,solar,169.289,15
2026-05-13T11:30:00+00:00,SE4,solar,169.037,15
2026-05-13T11:45:00+00:00,SE4,solar,168.952,15
2026-05-13T12:00:00+00:00,SE4,solar,170.707,15
2026-05-13T12:15:00+00:00,SE4,solar,171.513,15
2026-05-13T12:30:00+00:00,SE4,solar,171.273,15
2026-05-13T12:45:00+00:00,SE4,solar,170.007,15
2026-05-13T13:00:00+00:00,SE4,solar,169.145,15
2026-05-13T13:15:00+00:00,SE4,solar,165.273,15
2026-05-13T13:30:00+00:00,SE4,solar,160.11,15
2026-05-13T13:45:00+00:00,SE4,solar,154.628,15
2026-05-13T14:00:00+00:00,SE4,solar,139.479,15
2026-05-13T14:15:00+00:00,SE4,solar,133.37,15
2026-05-13T14:30:00+00:00,SE4,solar,125.851,15
2026-05-13T14:45:00+00:00,SE4,solar,118.335,15
2026-05-13T15:00:00+00:00,SE4,solar,95.795,15
2026-05-13T15:15:00+00:00,SE4,solar,91.049,15
2026-05-13T15:30:00+00:00,SE4,solar,82.49,15
2026-05-13T15:45:00+00:00,SE4,solar,73.696,15
2026-05-13T16:00:00+00:00,SE4,solar,59.121,15
2026-05-13T16:15:00+00:00,SE4,solar,49.999,15
2026-05-13T16:30:00+00:00,SE4,solar,43.166,15
2026-05-13T16:45:00+00:00,SE4,solar,36.25,15
2026-05-13T17:00:00+00:00,SE4,solar,26.838,15
2026-05-13T17:15:00+00:00,SE4,solar,22.534,15
2026-05-13T17:30:00+00:00,SE4,solar,18.695,15
2026-05-13T17:45:00+00:00,SE4,solar,15.549,15
2026-05-13T18:00:00+00:00,SE4,solar,7.474,15
2026-05-13T18:15:00+00:00,SE4,solar,5.862,15
2026-05-13T18:30:00+00:00,SE4,solar,4.388,15
2026-05-13T18:45:00+00:00,SE4,solar,3.108,15
2026-05-13T19:00:00+00:00,SE4,solar,1.739,15
2026-05-13T19:15:00+00:00,SE4,solar,1.504,15
2026-05-13T19:30:00+00:00,SE4,solar,0.401,15
2026-05-13T19:45:00+00:00,SE4,solar,0.679,15
2026-05-13T20:00:00+00:00,SE4,solar,0.522,15
2026-05-13T20:15:00+00:00,SE4,solar,0.507,15
2026-05-13T20:30:00+00:00,SE4,solar,0.493,15
2026-05-13T20:45:00+00:00,SE4,solar,0.48,15
2026-05-13T21:00:00+00:00,SE4,solar,0.38,15
2026-05-13T21:15:00+00:00,SE4,solar,0.384,15
2026-05-13T21:30:00+00:00,SE4,solar,0.097,15
2026-05-13T21:45:00+00:00,SE4,solar,0.102,15
2026-05-13T22:00:00+00:00,SE4,solar,1.296,15
2026-05-13T22:15:00+00:00,SE4,solar,0.606,15
2026-05-13T22:30:00+00:00,SE4,solar,0.496,15
2026-05-13T22:45:00+00:00,SE4,solar,0.517,15
2026-05-13T23:00:00+00:00,SE4,solar,0.559,15
2026-05-13T23:15:00+00:00,SE4,solar,0.529,15
2026-05-13T23:30:00+00:00,SE4,solar,0.538,15
2026-05-13T23:45:00+00:00,SE4,solar,0.505,15
2026-05-14T00:00:00+00:00,SE4,solar,1.381,15
2026-05-14T00:15:00+00:00,SE4,solar,0.495,15
2026-05-14T00:30:00+00:00,SE4,solar,0.483,15
2026-05-14T00:45:00+00:00,SE4,solar,0.497,15
2026-05-14T01:00:00+00:00,SE4,solar,0.517,15
2026-05-14T01:15:00+00:00,SE4,solar,0.495,15
2026-05-14T01:30:00+00:00,SE4,solar,0.535,15
2026-05-14T01:45:00+00:00,SE4,solar,0.547,15
2026-05-14T02:00:00+00:00,SE4,solar,0.569,15
2026-05-14T02:15:00+00:00,SE4,solar,0.823,15
2026-05-14T02:30:00+00:00,SE4,solar,0.648,15
2026-05-14T02:45:00+00:00,SE4,solar,0.616,15
2026-05-14T03:00:00+00:00,SE4,solar,2.938,15
2026-05-14T03:15:00+00:00,SE4,solar,5.261,15
2026-05-14T03:30:00+00:00,SE4,solar,7.761,15
2026-05-14T03:45:00+00:00,SE4,solar,10.849,15
2026-05-14T04:00:00+00:00,SE4,solar,24.928,15
2026-05-14T04:15:00+00:00,SE4,solar,33.611,15
2026-05-14T04:30:00+00:00,SE4,solar,43.455,15
2026-05-14T04:45:00+00:00,SE4,solar,54.084,15
2026-05-14T05:00:00+00:00,SE4,solar,79.571,15
2026-05-14T05:15:00+00:00,SE4,solar,95.228,15
2026-05-14T05:30:00+00:00,SE4,solar,112.497,15
2026-05-14T05:45:00+00:00,SE4,solar,129.99,15
2026-05-14T06:00:00+00:00,SE4,solar,167.681,15
2026-05-14T06:15:00+00:00,SE4,solar,189.425,15
2026-05-14T06:30:00+00:00,SE4,solar,212.349,15
2026-05-14T06:45:00+00:00,SE4,solar,235.37,15
2026-05-14T07:00:00+00:00,SE4,solar,284.186,15
2026-05-14T07:15:00+00:00,SE4,solar,309.025,15
2026-05-14T07:30:00+00:00,SE4,solar,336.112,15
2026-05-14T07:45:00+00:00,SE4,solar,364.992,15
2026-05-14T08:00:00+00:00,SE4,solar,409.164,15
2026-05-14T08:15:00+00:00,SE4,solar,431.227,15
2026-05-14T08:30:00+00:00,SE4,solar,450.467,15
2026-05-14T08:45:00+00:00,SE4,solar,470.12,15
2026-05-14T09:00:00+00:00,SE4,solar,497.064,15
2026-05-14T09:15:00+00:00,SE4,solar,512.851,15
2026-05-14T09:30:00+00:00,SE4,solar,527.415,15
2026-05-14T09:45:00+00:00,SE4,solar,539.011,15
2026-05-14T10:00:00+00:00,SE4,solar,548.245,15
2026-05-14T10:15:00+00:00,SE4,solar,556.221,15
2026-05-14T10:30:00+00:00,SE4,solar,559.125,15
2026-05-14T10:45:00+00:00,SE4,solar,561.737,15
2026-05-14T11:00:00+00:00,SE4,solar,559.166,15
2026-05-14T11:15:00+00:00,SE4,solar,554.744,15
2026-05-14T11:30:00+00:00,SE4,solar,551.237,15
2026-05-14T11:45:00+00:00,SE4,solar,545.243,15
2026-05-14T12:00:00+00:00,SE4,solar,525.452,15
2026-05-14T12:15:00+00:00,SE4,solar,517.458,15
2026-05-14T12:30:00+00:00,SE4,solar,506.217,15
2026-05-14T12:45:00+00:00,SE4,solar,494.672,15
2026-05-14T13:00:00+00:00,SE4,solar,474.59,15
2026-05-14T13:15:00+00:00,SE4,solar,465.376,15
2026-05-14T13:30:00+00:00,SE4,solar,446.98,15
2026-05-14T13:45:00+00:00,SE4,solar,427.506,15
2026-05-14T14:00:00+00:00,SE4,solar,404.506,15
2026-05-14T14:15:00+00:00,SE4,solar,376.164,15
2026-05-14T14:30:00+00:00,SE4,solar,348.163,15
2026-05-14T14:45:00+00:00,SE4,solar,320.876,15
2026-05-14T15:00:00+00:00,SE4,solar,275.567,15
2026-05-14T15:15:00+00:00,SE4,solar,249.86,15
2026-05-14T15:30:00+00:00,SE4,solar,225.834,15
2026-05-14T15:45:00+00:00,SE4,solar,203.311,15
2026-05-14T16:00:00+00:00,SE4,solar,165.908,15
2026-05-14T16:15:00+00:00,SE4,solar,144.322,15
2026-05-14T16:30:00+00:00,SE4,solar,122.746,15
2026-05-14T16:45:00+00:00,SE4,solar,102.695,15
2026-05-14T17:00:00+00:00,SE4,solar,73.974,15
2026-05-14T17:15:00+00:00,SE4,solar,60.375,15
2026-05-14T17:30:00+00:00,SE4,solar,47.15,15
2026-05-14T17:45:00+00:00,SE4,solar,35.521,15
2026-05-14T18:00:00+00:00,SE4,solar,18.112,15
2026-05-14T18:15:00+00:00,SE4,solar,13.723,15
2026-05-14T18:30:00+00:00,SE4,solar,10.311,15
2026-05-14T18:45:00+00:00,SE4,solar,7.309,15
2026-05-14T19:00:00+00:00,SE4,solar,2.74,15
2026-05-14T19:15:00+00:00,SE4,solar,2.183,15
2026-05-14T19:30:00+00:00,SE4,solar,1.451,15
2026-05-14T19:45:00+00:00,SE4,solar,1.158,15
2026-05-14T20:00:00+00:00,SE4,solar,0.94,15
2026-05-14T20:15:00+00:00,SE4,solar,0.848,15
2026-05-14T20:30:00+00:00,SE4,solar,0.758,15
2026-05-14T20:45:00+00:00,SE4,solar,0.711,15
2026-05-14T21:00:00+00:00,SE4,solar,0.685,15
2026-05-14T21:15:00+00:00,SE4,solar,0.639,15
2026-05-14T21:30:00+00:00,SE4,solar,0.659,15
2026-05-14T21:45:00+00:00,SE4,solar,0.602,15
2026-05-14T22:00:00+00:00,SE4,solar,0.766,15
2026-05-14T22:15:00+00:00,SE4,solar,0.715,15
2026-05-14T22:30:00+00:00,SE4,solar,0.705,15
2026-05-14T22:45:00+00:00,SE4,solar,0.664,15
2026-05-14T23:00:00+00:00,SE4,solar,0.453,15
2026-05-14T23:15:00+00:00,SE4,solar,0.436,15
2026-05-14T23:30:00+00:00,SE4,solar,0.418,15
2026-05-14T23:45:00+00:00,SE4,solar,0.401,15
2026-05-15T00:00:00+00:00,SE4,solar,0.394,15
2026-05-15T00:15:00+00:00,SE4,solar,0.403,15
2026-05-15T01:00:00+00:00,SE4,solar,0.427,15
2026-05-15T01:15:00+00:00,SE4,solar,0.433,15
2026-05-15T01:45:00+00:00,SE4,solar,0.447,15
2026-05-15T02:00:00+00:00,SE4,solar,0.448,15
2026-05-15T02:15:00+00:00,SE4,solar,0.457,15
2026-05-15T02:30:00+00:00,SE4,solar,0.467,15
2026-05-15T02:45:00+00:00,SE4,solar,0.502,15
2026-05-15T03:00:00+00:00,SE4,solar,3.628,15
2026-05-15T03:15:00+00:00,SE4,solar,5.907,15
2026-05-15T03:30:00+00:00,SE4,solar,8.694,15
2026-05-15T03:45:00+00:00,SE4,solar,12.424,15
2026-05-15T04:00:00+00:00,SE4,solar,25.641,15
2026-05-15T04:15:00+00:00,SE4,solar,36.888,15
2026-05-15T04:30:00+00:00,SE4,solar,50.46,15
2026-05-15T04:45:00+00:00,SE4,solar,64.972,15
2026-05-15T05:00:00+00:00,SE4,solar,90.547,15
2026-05-15T05:15:00+00:00,SE4,solar,109.524,15
2026-05-15T05:30:00+00:00,SE4,solar,130.943,15
2026-05-15T05:45:00+00:00,SE4,solar,152.13,15
2026-05-15T06:00:00+00:00,SE4,solar,191.974,15
2026-05-15T06:15:00+00:00,SE4,solar,217.314,15
2026-05-15T06:30:00+00:00,SE4,solar,246.731,15
2026-05-15T06:45:00+00:00,SE4,solar,273.199,15
2026-05-15T07:00:00+00:00,SE4,solar,320.616,15
2026-05-15T07:15:00+00:00,SE4,solar,349.448,15
2026-05-15T07:30:00+00:00,SE4,solar,380.34,15
2026-05-15T07:45:00+00:00,SE4,solar,409.486,15
2026-05-15T08:00:00+00:00,SE4,solar,454.54,15
2026-05-15T08:15:00+00:00,SE4,solar,461.891,15
2026-05-15T08:30:00+00:00,SE4,solar,484.523,15
2026-05-15T08:45:00+00:00,SE4,solar,503.623,15
2026-05-15T09:00:00+00:00,SE4,solar,532.385,15
2026-05-15T09:15:00+00:00,SE4,solar,548.083,15
2026-05-15T09:30:00+00:00,SE4,solar,560.91,15
2026-05-15T09:45:00+00:00,SE4,solar,571.331,15
2026-05-15T10:00:00+00:00,SE4,solar,589.098,15
2026-05-15T10:15:00+00:00,SE4,solar,594.536,15
2026-05-15T10:30:00+00:00,SE4,solar,596.288,15
2026-05-15T10:45:00+00:00,SE4,solar,598.518,15
2026-05-15T11:00:00+00:00,SE4,solar,597.702,15
2026-05-15T11:15:00+00:00,SE4,solar,595.342,15
2026-05-15T11:30:00+00:00,SE4,solar,594.71,15
2026-05-15T11:45:00+00:00,SE4,solar,591.358,15
2026-05-15T12:00:00+00:00,SE4,solar,581.876,15
2026-05-15T12:15:00+00:00,SE4,solar,573.615,15
2026-05-15T12:30:00+00:00,SE4,solar,567.309,15
2026-05-15T12:45:00+00:00,SE4,solar,556.565,15
2026-05-15T13:00:00+00:00,SE4,solar,537.292,15
2026-05-15T13:15:00+00:00,SE4,solar,523.781,15
2026-05-15T13:30:00+00:00,SE4,solar,505.769,15
2026-05-15T13:45:00+00:00,SE4,solar,509.912,15
2026-05-15T14:00:00+00:00,SE4,solar,472.149,15
2026-05-15T14:15:00+00:00,SE4,solar,444.397,15
2026-05-15T14:30:00+00:00,SE4,solar,412.969,15
2026-05-15T14:45:00+00:00,SE4,solar,383.791,15
2026-05-15T15:00:00+00:00,SE4,solar,328.375,15
2026-05-15T15:15:00+00:00,SE4,solar,298.233,15
2026-05-15T15:30:00+00:00,SE4,solar,263.121,15
2026-05-15T15:45:00+00:00,SE4,solar,232.566,15
2026-05-15T16:00:00+00:00,SE4,solar,186.085,15
2026-05-15T16:15:00+00:00,SE4,solar,158.106,15
2026-05-15T16:30:00+00:00,SE4,solar,128.408,15
2026-05-15T16:45:00+00:00,SE4,solar,106.013,15
2026-05-15T17:00:00+00:00,SE4,solar,73.813,15
2026-05-15T17:15:00+00:00,SE4,solar,58.204,15
2026-05-15T17:30:00+00:00,SE4,solar,43.2,15
2026-05-15T17:45:00+00:00,SE4,solar,32.778,15
2026-05-15T18:00:00+00:00,SE4,solar,17.665,15
2026-05-15T18:15:00+00:00,SE4,solar,13.838,15
2026-05-15T18:30:00+00:00,SE4,solar,10.345,15
2026-05-15T18:45:00+00:00,SE4,solar,7.664,15
2026-05-15T19:00:00+00:00,SE4,solar,3.176,15
2026-05-15T19:15:00+00:00,SE4,solar,2.36,15
2026-05-15T19:30:00+00:00,SE4,solar,2.195,15
2026-05-15T19:45:00+00:00,SE4,solar,1.506,15
2026-05-15T20:00:00+00:00,SE4,solar,1.103,15
2026-05-15T20:15:00+00:00,SE4,solar,1.028,15
2026-05-15T20:30:00+00:00,SE4,solar,1.008,15
2026-05-15T20:45:00+00:00,SE4,solar,0.927,15
2026-05-15T21:00:00+00:00,SE4,solar,0.692,15
2026-05-15T21:15:00+00:00,SE4,solar,0.671,15
2026-05-15T21:30:00+00:00,SE4,solar,0.699,15
2026-05-15T21:45:00+00:00,SE4,solar,0.644,15
2026-05-15T22:00:00+00:00,SE4,solar,0.728,15
2026-05-15T22:15:00+00:00,SE4,solar,0.65,15
2026-05-15T22:30:00+00:00,SE4,solar,0.626,15
2026-05-15T22:45:00+00:00,SE4,solar,0.572,15
2026-05-15T23:00:00+00:00,SE4,solar,0.486,15
2026-05-15T23:15:00+00:00,SE4,solar,0.487,15
2026-05-15T23:30:00+00:00,SE4,solar,0.448,15
2026-05-15T23:45:00+00:00,SE4,solar,0.422,15
2026-05-16T00:00:00+00:00,SE4,solar,0.36,15
2026-05-16T00:15:00+00:00,SE4,solar,0.377,15
2026-05-16T00:30:00+00:00,SE4,solar,0.39,15
2026-05-16T00:45:00+00:00,SE4,solar,0.438,15
2026-05-16T01:00:00+00:00,SE4,solar,0.376,15
2026-05-16T01:15:00+00:00,SE4,solar,0.383,15
2026-05-16T01:30:00+00:00,SE4,solar,0.433,15
2026-05-16T01:45:00+00:00,SE4,solar,0.456,15
2026-05-16T02:00:00+00:00,SE4,solar,0.405,15
2026-05-16T02:15:00+00:00,SE4,solar,0.45,15
2026-05-16T02:30:00+00:00,SE4,solar,0.445,15
2026-05-16T02:45:00+00:00,SE4,solar,0.519,15
2026-05-16T03:00:00+00:00,SE4,solar,4.096,15
2026-05-16T03:15:00+00:00,SE4,solar,6.738,15
2026-05-16T03:30:00+00:00,SE4,solar,9.459,15
2026-05-16T03:45:00+00:00,SE4,solar,13.644,15
2026-05-16T04:00:00+00:00,SE4,solar,30.348,15
2026-05-16T04:15:00+00:00,SE4,solar,40.836,15
2026-05-16T04:30:00+00:00,SE4,solar,52.076,15
2026-05-16T04:45:00+00:00,SE4,solar,63.726,15
2026-05-16T05:00:00+00:00,SE4,solar,83.21,15
2026-05-16T05:15:00+00:00,SE4,solar,99.053,15
2026-05-16T05:30:00+00:00,SE4,solar,112.783,15
2026-05-16T05:45:00+00:00,SE4,solar,128.377,15
2026-05-16T06:00:00+00:00,SE4,solar,159.633,15
2026-05-16T06:15:00+00:00,SE4,solar,177.816,15
2026-05-16T06:30:00+00:00,SE4,solar,193.089,15
2026-05-16T06:45:00+00:00,SE4,solar,208.48,15
2026-05-16T07:00:00+00:00,SE4,solar,230.672,15
2026-05-16T07:15:00+00:00,SE4,solar,244.067,15
2026-05-16T07:30:00+00:00,SE4,solar,255.737,15
2026-05-16T07:45:00+00:00,SE4,solar,273.086,15
2026-05-16T08:00:00+00:00,SE4,solar,293.965,15
2026-05-16T08:15:00+00:00,SE4,solar,306.735,15
2026-05-16T08:30:00+00:00,SE4,solar,316.211,15
2026-05-16T08:45:00+00:00,SE4,solar,324.754,15
2026-05-16T09:00:00+00:00,SE4,solar,336.34,15
2026-05-16T09:15:00+00:00,SE4,solar,343.398,15
2026-05-16T09:30:00+00:00,SE4,solar,348.717,15
2026-05-16T09:45:00+00:00,SE4,solar,354.121,15
2026-05-16T10:00:00+00:00,SE4,solar,365.39,15
2026-05-16T10:15:00+00:00,SE4,solar,369.935,15
2026-05-16T10:30:00+00:00,SE4,solar,376.585,15
2026-05-16T10:45:00+00:00,SE4,solar,378.918,15
2026-05-16T11:00:00+00:00,SE4,solar,378.105,15
2026-05-16T11:15:00+00:00,SE4,solar,380.083,15
2026-05-16T11:30:00+00:00,SE4,solar,382.331,15
2026-05-16T11:45:00+00:00,SE4,solar,384.829,15
2026-05-16T12:00:00+00:00,SE4,solar,402.798,15
2026-05-16T12:15:00+00:00,SE4,solar,401.431,15
2026-05-16T12:30:00+00:00,SE4,solar,400.242,15
2026-05-16T12:45:00+00:00,SE4,solar,395.595,15
2026-05-16T13:00:00+00:00,SE4,solar,395.196,15
2026-05-16T13:15:00+00:00,SE4,solar,388.24,15
2026-05-16T13:30:00+00:00,SE4,solar,376.874,15
2026-05-16T13:45:00+00:00,SE4,solar,364.916,15
2026-05-16T14:00:00+00:00,SE4,solar,334.337,15
2026-05-16T14:15:00+00:00,SE4,solar,317.195,15
2026-05-16T14:30:00+00:00,SE4,solar,297.133,15
2026-05-16T14:45:00+00:00,SE4,solar,277.177,15
2026-05-16T15:00:00+00:00,SE4,solar,232.838,15
2026-05-16T15:15:00+00:00,SE4,solar,212.283,15
2026-05-16T15:30:00+00:00,SE4,solar,189.696,15
2026-05-16T15:45:00+00:00,SE4,solar,168.469,15
2026-05-16T16:00:00+00:00,SE4,solar,137.337,15
2026-05-16T16:15:00+00:00,SE4,solar,121.821,15
2026-05-16T16:30:00+00:00,SE4,solar,103.483,15
2026-05-16T16:45:00+00:00,SE4,solar,86.23,15
2026-05-16T17:00:00+00:00,SE4,solar,63.349,15
2026-05-16T17:15:00+00:00,SE4,solar,51.399,15
2026-05-16T17:30:00+00:00,SE4,solar,39.315,15
2026-05-16T17:45:00+00:00,SE4,solar,28.854,15
2026-05-16T18:00:00+00:00,SE4,solar,17.525,15
2026-05-16T18:15:00+00:00,SE4,solar,12.865,15
2026-05-16T18:30:00+00:00,SE4,solar,9.699,15
2026-05-16T18:45:00+00:00,SE4,solar,6.8,15
2026-05-16T19:00:00+00:00,SE4,solar,2.839,15
2026-05-16T19:15:00+00:00,SE4,solar,2.4,15
2026-05-16T19:30:00+00:00,SE4,solar,1.782,15
2026-05-16T19:45:00+00:00,SE4,solar,1.445,15
2026-05-16T20:00:00+00:00,SE4,solar,1.252,15
2026-05-16T20:15:00+00:00,SE4,solar,1.089,15
2026-05-16T20:30:00+00:00,SE4,solar,0.886,15
2026-05-16T20:45:00+00:00,SE4,solar,0.792,15
2026-05-16T21:00:00+00:00,SE4,solar,0.839,15
2026-05-16T21:15:00+00:00,SE4,solar,0.727,15
2026-05-16T21:30:00+00:00,SE4,solar,0.756,15
2026-05-16T21:45:00+00:00,SE4,solar,0.694,15
2026-05-16T22:00:00+00:00,SE4,solar,0.764,15
2026-05-16T22:15:00+00:00,SE4,solar,0.817,15
2026-05-16T22:30:00+00:00,SE4,solar,0.657,15
2026-05-16T22:45:00+00:00,SE4,solar,0.624,15
2026-05-16T23:00:00+00:00,SE4,solar,0.807,15
2026-05-16T23:15:00+00:00,SE4,solar,0.489,15
2026-05-16T23:30:00+00:00,SE4,solar,0.654,15
2026-05-16T23:45:00+00:00,SE4,solar,0.425,15
2026-05-17T00:00:00+00:00,SE4,solar,0.608,15
2026-05-17T00:15:00+00:00,SE4,solar,0.493,15
2026-05-17T00:30:00+00:00,SE4,solar,0.432,15
2026-05-17T00:45:00+00:00,SE4,solar,0.395,15
2026-05-17T01:00:00+00:00,SE4,solar,0.499,15
2026-05-17T01:15:00+00:00,SE4,solar,0.431,15
2026-05-17T01:30:00+00:00,SE4,solar,0.391,15
2026-05-17T01:45:00+00:00,SE4,solar,0.339,15
2026-05-17T02:00:00+00:00,SE4,solar,0.322,15
2026-05-17T02:15:00+00:00,SE4,solar,0.35,15
2026-05-17T02:30:00+00:00,SE4,solar,0.348,15
2026-05-17T02:45:00+00:00,SE4,solar,0.509,15
2026-05-17T03:00:00+00:00,SE4,solar,3.23,15
2026-05-17T03:15:00+00:00,SE4,solar,5.917,15
2026-05-17T03:30:00+00:00,SE4,solar,8.847,15
2026-05-17T03:45:00+00:00,SE4,solar,13.248,15
2026-05-17T04:00:00+00:00,SE4,solar,30.525,15
2026-05-17T04:15:00+00:00,SE4,solar,41.648,15
2026-05-17T04:30:00+00:00,SE4,solar,53.297,15
2026-05-17T04:45:00+00:00,SE4,solar,66.805,15
2026-05-17T05:00:00+00:00,SE4,solar,96.443,15
2026-05-17T05:15:00+00:00,SE4,solar,114.081,15
2026-05-17T05:30:00+00:00,SE4,solar,134.606,15
2026-05-17T05:45:00+00:00,SE4,solar,155.851,15
2026-05-17T06:00:00+00:00,SE4,solar,200.481,15
2026-05-17T06:15:00+00:00,SE4,solar,226.413,15
2026-05-17T06:30:00+00:00,SE4,solar,256.232,15
2026-05-17T06:45:00+00:00,SE4,solar,284.52,15
2026-05-17T07:00:00+00:00,SE4,solar,346.515,15
2026-05-17T07:15:00+00:00,SE4,solar,377.448,15
2026-05-17T07:30:00+00:00,SE4,solar,410.313,15
2026-05-17T07:45:00+00:00,SE4,solar,441.125,15
2026-05-17T08:00:00+00:00,SE4,solar,489.486,15
2026-05-17T08:15:00+00:00,SE4,solar,516.235,15
2026-05-17T08:30:00+00:00,SE4,solar,540.027,15
2026-05-17T08:45:00+00:00,SE4,solar,560.179,15
2026-05-17T09:00:00+00:00,SE4,solar,595.312,15
2026-05-17T09:15:00+00:00,SE4,solar,613.0,15
2026-05-17T09:30:00+00:00,SE4,solar,624.184,15
2026-05-17T09:45:00+00:00,SE4,solar,635.373,15
2026-05-17T10:00:00+00:00,SE4,solar,655.453,15
2026-05-17T10:15:00+00:00,SE4,solar,656.902,15
2026-05-17T10:30:00+00:00,SE4,solar,657.047,15
2026-05-17T10:45:00+00:00,SE4,solar,658.761,15
2026-05-17T11:00:00+00:00,SE4,solar,658.669,15
2026-05-17T11:15:00+00:00,SE4,solar,658.058,15
2026-05-17T11:30:00+00:00,SE4,solar,655.053,15
2026-05-17T11:45:00+00:00,SE4,solar,650.962,15
2026-05-17T12:00:00+00:00,SE4,solar,641.122,15
2026-05-17T12:15:00+00:00,SE4,solar,632.83,15
2026-05-17T12:30:00+00:00,SE4,solar,621.064,15
2026-05-17T12:45:00+00:00,SE4,solar,607.829,15
2026-05-17T13:00:00+00:00,SE4,solar,582.32,15
2026-05-17T13:15:00+00:00,SE4,solar,563.939,15
2026-05-17T13:30:00+00:00,SE4,solar,544.209,15
2026-05-17T13:45:00+00:00,SE4,solar,532.753,15
2026-05-17T14:00:00+00:00,SE4,solar,488.019,15
2026-05-17T14:15:00+00:00,SE4,solar,464.646,15
2026-05-17T14:30:00+00:00,SE4,solar,436.154,15
2026-05-17T14:45:00+00:00,SE4,solar,407.945,15
2026-05-17T15:00:00+00:00,SE4,solar,348.612,15
2026-05-17T15:15:00+00:00,SE4,solar,319.589,15
2026-05-17T15:30:00+00:00,SE4,solar,290.183,15
2026-05-17T15:45:00+00:00,SE4,solar,259.528,15
2026-05-17T16:00:00+00:00,SE4,solar,209.914,15
2026-05-17T16:15:00+00:00,SE4,solar,182.72,15
2026-05-17T16:30:00+00:00,SE4,solar,156.152,15
2026-05-17T16:45:00+00:00,SE4,solar,129.291,15
2026-05-17T17:00:00+00:00,SE4,solar,94.777,15
2026-05-17T17:15:00+00:00,SE4,solar,76.534,15
2026-05-17T17:30:00+00:00,SE4,solar,59.032,15
2026-05-17T17:45:00+00:00,SE4,solar,42.544,15
2026-05-17T18:00:00+00:00,SE4,solar,24.471,15
2026-05-17T18:15:00+00:00,SE4,solar,18.952,15
2026-05-17T18:30:00+00:00,SE4,solar,14.74,15
2026-05-17T18:45:00+00:00,SE4,solar,11.122,15
2026-05-17T19:00:00+00:00,SE4,solar,5.864,15
2026-05-17T19:15:00+00:00,SE4,solar,6.605,15
2026-05-17T19:30:00+00:00,SE4,solar,3.346,15
2026-05-17T19:45:00+00:00,SE4,solar,1.898,15
2026-05-17T20:00:00+00:00,SE4,solar,1.096,15
2026-05-17T20:15:00+00:00,SE4,solar,1.293,15
2026-05-17T20:30:00+00:00,SE4,solar,1.151,15
2026-05-17T20:45:00+00:00,SE4,solar,0.907,15
2026-05-17T21:00:00+00:00,SE4,solar,0.842,15
2026-05-17T21:15:00+00:00,SE4,solar,0.803,15
2026-05-17T21:30:00+00:00,SE4,solar,0.9,15
2026-05-17T21:45:00+00:00,SE4,solar,0.816,15
2026-05-17T22:00:00+00:00,SE4,solar,1.432,15
2026-05-17T22:15:00+00:00,SE4,solar,0.7,15
2026-05-17T22:30:00+00:00,SE4,solar,0.54,15
2026-05-17T22:45:00+00:00,SE4,solar,0.52,15
2026-05-17T23:00:00+00:00,SE4,solar,0.74,15
2026-05-17T23:15:00+00:00,SE4,solar,0.431,15
2026-05-17T23:30:00+00:00,SE4,solar,0.602,15
2026-05-17T23:45:00+00:00,SE4,solar,0.382,15
2026-05-18T00:00:00+00:00,SE4,solar,0.575,15
2026-05-18T00:15:00+00:00,SE4,solar,0.465,15
2026-05-18T00:30:00+00:00,SE4,solar,0.405,15
2026-05-18T00:45:00+00:00,SE4,solar,0.366,15
2026-05-18T01:00:00+00:00,SE4,solar,0.465,15
2026-05-18T01:15:00+00:00,SE4,solar,0.394,15
2026-05-18T01:30:00+00:00,SE4,solar,0.354,15
2026-05-18T01:45:00+00:00,SE4,solar,0.305,15
2026-05-18T02:00:00+00:00,SE4,solar,0.308,15
2026-05-18T02:15:00+00:00,SE4,solar,0.346,15
2026-05-18T02:30:00+00:00,SE4,solar,0.345,15
2026-05-18T02:45:00+00:00,SE4,solar,0.531,15
2026-05-18T03:00:00+00:00,SE4,solar,2.611,15
2026-05-18T03:15:00+00:00,SE4,solar,4.793,15
2026-05-18T03:30:00+00:00,SE4,solar,7.493,15
2026-05-18T03:45:00+00:00,SE4,solar,11.176,15
2026-05-18T04:00:00+00:00,SE4,solar,24.397,15
2026-05-18T04:15:00+00:00,SE4,solar,33.66,15
2026-05-18T04:30:00+00:00,SE4,solar,45.801,15
2026-05-18T04:45:00+00:00,SE4,solar,59.332,15
2026-05-18T05:00:00+00:00,SE4,solar,86.645,15
2026-05-18T05:15:00+00:00,SE4,solar,106.746,15
2026-05-18T05:30:00+00:00,SE4,solar,129.322,15
2026-05-18T05:45:00+00:00,SE4,solar,152.191,15
2026-05-18T06:00:00+00:00,SE4,solar,195.209,15
2026-05-18T06:15:00+00:00,SE4,solar,221.965,15
2026-05-18T06:30:00+00:00,SE4,solar,250.927,15
2026-05-18T06:45:00+00:00,SE4,solar,278.973,15
2026-05-18T07:00:00+00:00,SE4,solar,324.313,15
2026-05-18T07:15:00+00:00,SE4,solar,354.33,15
2026-05-18T07:30:00+00:00,SE4,solar,397.505,15
2026-05-18T07:45:00+00:00,SE4,solar,425.054,15
2026-05-18T08:00:00+00:00,SE4,solar,474.08,15
2026-05-18T08:15:00+00:00,SE4,solar,501.656,15
2026-05-18T08:30:00+00:00,SE4,solar,520.984,15
2026-05-18T08:45:00+00:00,SE4,solar,554.705,15
2026-05-18T09:00:00+00:00,SE4,solar,582.662,15
2026-05-18T09:15:00+00:00,SE4,solar,593.709,15
2026-05-18T09:30:00+00:00,SE4,solar,601.644,15
2026-05-18T09:45:00+00:00,SE4,solar,607.934,15
2026-05-18T10:00:00+00:00,SE4,solar,617.158,15
2026-05-18T10:15:00+00:00,SE4,solar,620.815,15
2026-05-18T10:30:00+00:00,SE4,solar,621.064,15
2026-05-18T10:45:00+00:00,SE4,solar,622.344,15
2026-05-18T11:00:00+00:00,SE4,solar,626.365,15
2026-05-18T11:15:00+00:00,SE4,solar,627.687,15
2026-05-18T11:30:00+00:00,SE4,solar,624.547,15
2026-05-18T11:45:00+00:00,SE4,solar,619.339,15
2026-05-18T12:00:00+00:00,SE4,solar,610.243,15
2026-05-18T12:15:00+00:00,SE4,solar,601.114,15
2026-05-18T12:30:00+00:00,SE4,solar,587.255,15
2026-05-18T12:45:00+00:00,SE4,solar,581.66,15
2026-05-18T13:00:00+00:00,SE4,solar,559.736,15
2026-05-18T13:15:00+00:00,SE4,solar,540.577,15
2026-05-18T13:30:00+00:00,SE4,solar,520.077,15
2026-05-18T13:45:00+00:00,SE4,solar,499.03,15
2026-05-18T14:00:00+00:00,SE4,solar,453.607,15
2026-05-18T14:15:00+00:00,SE4,solar,428.372,15
2026-05-18T14:30:00+00:00,SE4,solar,403.869,15
2026-05-18T14:45:00+00:00,SE4,solar,379.033,15
2026-05-18T15:00:00+00:00,SE4,solar,329.906,15
2026-05-18T15:15:00+00:00,SE4,solar,305.035,15
2026-05-18T15:30:00+00:00,SE4,solar,276.105,15
2026-05-18T15:45:00+00:00,SE4,solar,247.215,15
2026-05-18T16:00:00+00:00,SE4,solar,201.25,15
2026-05-18T16:15:00+00:00,SE4,solar,173.588,15
2026-05-18T16:30:00+00:00,SE4,solar,146.577,15
2026-05-18T16:45:00+00:00,SE4,solar,122.908,15
2026-05-18T17:00:00+00:00,SE4,solar,91.664,15
2026-05-18T17:15:00+00:00,SE4,solar,74.251,15
2026-05-18T17:30:00+00:00,SE4,solar,57.605,15
2026-05-18T17:45:00+00:00,SE4,solar,42.79,15
2026-05-18T18:00:00+00:00,SE4,solar,21.521,15
2026-05-18T18:15:00+00:00,SE4,solar,16.876,15
2026-05-18T18:30:00+00:00,SE4,solar,12.873,15
2026-05-18T18:45:00+00:00,SE4,solar,9.494,15
2026-05-18T19:00:00+00:00,SE4,solar,3.301,15
2026-05-18T19:15:00+00:00,SE4,solar,2.413,15
2026-05-18T19:30:00+00:00,SE4,solar,2.212,15
2026-05-18T19:45:00+00:00,SE4,solar,1.636,15
2026-05-18T20:00:00+00:00,SE4,solar,1.093,15
2026-05-18T20:15:00+00:00,SE4,solar,1.014,15
2026-05-18T20:30:00+00:00,SE4,solar,0.998,15
2026-05-18T20:45:00+00:00,SE4,solar,0.864,15
2026-05-18T21:00:00+00:00,SE4,solar,0.8,15
2026-05-18T21:15:00+00:00,SE4,solar,0.759,15
2026-05-18T21:30:00+00:00,SE4,solar,0.859,15
2026-05-18T21:45:00+00:00,SE4,solar,0.78,15
2026-05-18T22:00:00+00:00,SE4,solar,0.58,15
2026-05-18T22:15:00+00:00,SE4,solar,0.559,15
2026-05-18T22:30:00+00:00,SE4,solar,0.57,15
2026-05-18T22:45:00+00:00,SE4,solar,0.571,15
2026-05-18T23:00:00+00:00,SE4,solar,0.454,15
2026-05-18T23:15:00+00:00,SE4,solar,0.467,15
2026-05-18T23:30:00+00:00,SE4,solar,0.428,15
2026-05-18T23:45:00+00:00,SE4,solar,0.47,15
2026-05-19T00:00:00+00:00,SE4,solar,0.476,15
2026-05-19T00:15:00+00:00,SE4,solar,0.478,15
2026-05-19T00:30:00+00:00,SE4,solar,0.469,15
2026-05-19T00:45:00+00:00,SE4,solar,0.488,15
2026-05-19T01:00:00+00:00,SE4,solar,0.456,15
2026-05-19T01:15:00+00:00,SE4,solar,0.445,15
2026-05-19T01:30:00+00:00,SE4,solar,0.466,15
2026-05-19T01:45:00+00:00,SE4,solar,0.473,15
2026-05-19T02:15:00+00:00,SE4,solar,0.501,15
2026-05-19T02:30:00+00:00,SE4,solar,0.537,15
2026-05-19T02:45:00+00:00,SE4,solar,0.581,15
2026-05-19T03:00:00+00:00,SE4,solar,4.408,15
2026-05-19T03:15:00+00:00,SE4,solar,6.64,15
2026-05-19T03:30:00+00:00,SE4,solar,9.854,15
2026-05-19T03:45:00+00:00,SE4,solar,13.876,15
2026-05-19T04:00:00+00:00,SE4,solar,28.093,15
2026-05-19T04:15:00+00:00,SE4,solar,37.596,15
2026-05-19T04:30:00+00:00,SE4,solar,48.807,15
2026-05-19T04:45:00+00:00,SE4,solar,61.64,15
2026-05-19T05:00:00+00:00,SE4,solar,85.375,15
2026-05-19T05:15:00+00:00,SE4,solar,102.637,15
2026-05-19T05:30:00+00:00,SE4,solar,120.319,15
2026-05-19T05:45:00+00:00,SE4,solar,154.172,15
2026-05-19T06:00:00+00:00,SE4,solar,195.947,15
2026-05-19T06:15:00+00:00,SE4,solar,222.31,15
2026-05-19T06:30:00+00:00,SE4,solar,249.371,15
2026-05-19T06:45:00+00:00,SE4,solar,276.525,15
2026-05-19T07:00:00+00:00,SE4,solar,329.7,15
2026-05-19T07:15:00+00:00,SE4,solar,359.084,15
2026-05-19T07:30:00+00:00,SE4,solar,388.524,15
2026-05-19T07:45:00+00:00,SE4,solar,418.012,15
2026-05-19T08:00:00+00:00,SE4,solar,468.921,15
2026-05-19T08:15:00+00:00,SE4,solar,496.385,15
2026-05-19T08:30:00+00:00,SE4,solar,521.89,15
2026-05-19T08:45:00+00:00,SE4,solar,543.368,15
2026-05-19T09:00:00+00:00,SE4,solar,585.251,15
2026-05-19T09:15:00+00:00,SE4,solar,601.106,15
2026-05-19T09:30:00+00:00,SE4,solar,613.525,15
2026-05-19T09:45:00+00:00,SE4,solar,623.038,15
2026-05-19T10:00:00+00:00,SE4,solar,605.971,15
2026-05-19T10:15:00+00:00,SE4,solar,608.548,15
2026-05-19T10:30:00+00:00,SE4,solar,613.221,15
2026-05-19T10:45:00+00:00,SE4,solar,616.181,15
2026-05-19T11:00:00+00:00,SE4,solar,618.176,15
2026-05-19T11:15:00+00:00,SE4,solar,620.769,15
2026-05-19T11:30:00+00:00,SE4,solar,622.963,15
2026-05-19T11:45:00+00:00,SE4,solar,620.03,15
2026-05-19T12:00:00+00:00,SE4,solar,609.586,15
2026-05-19T12:15:00+00:00,SE4,solar,605.048,15
2026-05-19T12:30:00+00:00,SE4,solar,597.483,15
2026-05-19T12:45:00+00:00,SE4,solar,587.092,15
2026-05-19T13:00:00+00:00,SE4,solar,566.688,15
2026-05-19T13:15:00+00:00,SE4,solar,540.049,15
2026-05-19T13:30:00+00:00,SE4,solar,523.627,15
2026-05-19T13:45:00+00:00,SE4,solar,505.632,15
2026-05-19T14:00:00+00:00,SE4,solar,470.021,15
2026-05-19T14:15:00+00:00,SE4,solar,448.365,15
2026-05-19T14:30:00+00:00,SE4,solar,423.677,15
2026-05-19T14:45:00+00:00,SE4,solar,397.469,15
2026-05-19T15:00:00+00:00,SE4,solar,343.548,15
2026-05-19T15:15:00+00:00,SE4,solar,315.318,15
2026-05-19T15:30:00+00:00,SE4,solar,287.566,15
2026-05-19T15:45:00+00:00,SE4,solar,258.19,15
2026-05-19T16:00:00+00:00,SE4,solar,206.795,15
2026-05-19T16:15:00+00:00,SE4,solar,178.63,15
2026-05-19T16:30:00+00:00,SE4,solar,153.49,15
2026-05-19T16:45:00+00:00,SE4,solar,129.679,15
2026-05-19T17:00:00+00:00,SE4,solar,95.328,15
2026-05-19T17:15:00+00:00,SE4,solar,78.804,15
2026-05-19T17:30:00+00:00,SE4,solar,64.528,15
2026-05-19T17:45:00+00:00,SE4,solar,50.208,15
2026-05-19T18:00:00+00:00,SE4,solar,32.123,15
2026-05-19T18:15:00+00:00,SE4,solar,24.823,15
2026-05-19T18:30:00+00:00,SE4,solar,19.919,15
2026-05-19T18:45:00+00:00,SE4,solar,14.631,15
2026-05-19T19:00:00+00:00,SE4,solar,7.955,15
2026-05-19T19:15:00+00:00,SE4,solar,3.417,15
2026-05-19T19:30:00+00:00,SE4,solar,1.381,15
2026-05-19T19:45:00+00:00,SE4,solar,1.567,15
2026-05-19T20:00:00+00:00,SE4,solar,0.825,15
2026-05-19T20:15:00+00:00,SE4,solar,0.792,15
2026-05-19T20:30:00+00:00,SE4,solar,0.761,15
2026-05-19T20:45:00+00:00,SE4,solar,0.788,15
2026-05-19T21:00:00+00:00,SE4,solar,0.663,15
2026-05-19T21:15:00+00:00,SE4,solar,0.616,15
2026-05-19T21:30:00+00:00,SE4,solar,0.624,15
2026-05-19T21:45:00+00:00,SE4,solar,0.661,15
2026-05-19T22:00:00+00:00,SE4,solar,0.734,15
2026-05-19T22:15:00+00:00,SE4,solar,0.652,15
2026-05-19T22:30:00+00:00,SE4,solar,0.639,15
2026-05-19T22:45:00+00:00,SE4,solar,0.615,15
2026-05-19T23:00:00+00:00,SE4,solar,0.511,15
2026-05-19T23:15:00+00:00,SE4,solar,0.499,15
2026-05-19T23:30:00+00:00,SE4,solar,0.488,15
2026-05-19T23:45:00+00:00,SE4,solar,0.475,15
2026-05-20T00:00:00+00:00,SE4,solar,0.46,15
2026-05-20T00:15:00+00:00,SE4,solar,0.472,15
2026-05-20T00:30:00+00:00,SE4,solar,0.473,15
2026-05-20T00:45:00+00:00,SE4,solar,0.474,15
2026-05-20T01:00:00+00:00,SE4,solar,0.503,15
2026-05-20T01:15:00+00:00,SE4,solar,0.515,15
2026-05-20T01:45:00+00:00,SE4,solar,0.526,15
2026-05-20T02:00:00+00:00,SE4,solar,0.57,15
2026-05-20T02:15:00+00:00,SE4,solar,0.593,15
2026-05-20T02:30:00+00:00,SE4,solar,0.676,15
2026-05-20T02:45:00+00:00,SE4,solar,0.911,15
2026-05-20T03:00:00+00:00,SE4,solar,3.772,15
2026-05-20T03:15:00+00:00,SE4,solar,8.067,15
2026-05-20T03:30:00+00:00,SE4,solar,13.33,15
2026-05-20T03:45:00+00:00,SE4,solar,19.259,15
2026-05-20T04:00:00+00:00,SE4,solar,39.498,15
2026-05-20T04:15:00+00:00,SE4,solar,53.442,15
2026-05-20T04:30:00+00:00,SE4,solar,68.012,15
2026-05-20T04:45:00+00:00,SE4,solar,83.569,15
2026-05-20T05:00:00+00:00,SE4,solar,111.469,15
2026-05-20T05:15:00+00:00,SE4,solar,130.684,15
2026-05-20T05:30:00+00:00,SE4,solar,149.57,15
2026-05-20T05:45:00+00:00,SE4,solar,169.728,15
2026-05-20T06:00:00+00:00,SE4,solar,208.154,15
2026-05-20T06:15:00+00:00,SE4,solar,233.611,15
2026-05-20T06:30:00+00:00,SE4,solar,260.4,15
2026-05-20T06:45:00+00:00,SE4,solar,277.429,15
2026-05-20T07:00:00+00:00,SE4,solar,310.416,15
2026-05-20T07:15:00+00:00,SE4,solar,334.256,15
2026-05-20T07:30:00+00:00,SE4,solar,358.429,15
2026-05-20T07:45:00+00:00,SE4,solar,377.834,15
2026-05-20T08:00:00+00:00,SE4,solar,405.325,15
2026-05-20T08:15:00+00:00,SE4,solar,422.666,15
2026-05-20T08:30:00+00:00,SE4,solar,433.701,15
2026-05-20T08:45:00+00:00,SE4,solar,443.103,15
2026-05-20T09:00:00+00:00,SE4,solar,450.451,15
2026-05-20T09:15:00+00:00,SE4,solar,452.761,15
2026-05-20T09:30:00+00:00,SE4,solar,451.204,15
2026-05-20T09:45:00+00:00,SE4,solar,446.171,15
2026-05-20T10:00:00+00:00,SE4,solar,438.795,15
2026-05-20T10:15:00+00:00,SE4,solar,431.071,15
2026-05-20T10:30:00+00:00,SE4,solar,419.783,15
2026-05-20T10:45:00+00:00,SE4,solar,421.607,15
2026-05-20T11:00:00+00:00,SE4,solar,396.947,15
2026-05-20T11:15:00+00:00,SE4,solar,382.38,15
2026-05-20T11:30:00+00:00,SE4,solar,367.202,15
2026-05-20T11:45:00+00:00,SE4,solar,356.057,15
2026-05-20T12:00:00+00:00,SE4,solar,335.28,15
2026-05-20T12:15:00+00:00,SE4,solar,321.989,15
2026-05-20T12:30:00+00:00,SE4,solar,310.167,15
2026-05-20T12:45:00+00:00,SE4,solar,298.113,15
2026-05-20T13:00:00+00:00,SE4,solar,280.771,15
2026-05-20T13:15:00+00:00,SE4,solar,268.398,15
2026-05-20T13:30:00+00:00,SE4,solar,255.771,15
2026-05-20T13:45:00+00:00,SE4,solar,241.628,15
2026-05-20T14:00:00+00:00,SE4,solar,222.396,15
2026-05-20T14:15:00+00:00,SE4,solar,206.759,15
2026-05-20T14:30:00+00:00,SE4,solar,193.423,15
2026-05-20T14:45:00+00:00,SE4,solar,178.386,15
2026-05-20T15:00:00+00:00,SE4,solar,150.482,15
2026-05-20T15:15:00+00:00,SE4,solar,133.521,15
2026-05-20T15:30:00+00:00,SE4,solar,119.163,15
2026-05-20T15:45:00+00:00,SE4,solar,105.174,15
2026-05-20T16:00:00+00:00,SE4,solar,79.496,15
2026-05-20T16:15:00+00:00,SE4,solar,68.582,15
2026-05-20T16:30:00+00:00,SE4,solar,58.576,15
2026-05-20T16:45:00+00:00,SE4,solar,47.717,15
2026-05-20T17:00:00+00:00,SE4,solar,34.094,15
2026-05-20T17:15:00+00:00,SE4,solar,27.867,15
2026-05-20T17:30:00+00:00,SE4,solar,22.417,15
2026-05-20T17:45:00+00:00,SE4,solar,17.494,15
2026-05-20T18:00:00+00:00,SE4,solar,9.995,15
2026-05-20T18:15:00+00:00,SE4,solar,8.793,15
2026-05-20T18:30:00+00:00,SE4,solar,6.787,15
2026-05-20T18:45:00+00:00,SE4,solar,5.319,15
2026-05-20T19:00:00+00:00,SE4,solar,2.154,15
2026-05-20T19:15:00+00:00,SE4,solar,1.788,15
2026-05-20T19:30:00+00:00,SE4,solar,0.674,15
2026-05-20T19:45:00+00:00,SE4,solar,1.086,15
2026-05-20T20:00:00+00:00,SE4,solar,0.572,15
2026-05-20T20:15:00+00:00,SE4,solar,0.568,15
2026-05-20T20:30:00+00:00,SE4,solar,0.538,15
2026-05-20T20:45:00+00:00,SE4,solar,0.542,15
2026-05-20T21:15:00+00:00,SE4,solar,0.567,15
2026-05-20T21:30:00+00:00,SE4,solar,0.592,15
2026-05-20T21:45:00+00:00,SE4,solar,0.583,15
2026-05-20T22:00:00+00:00,SE4,solar,0.306,15
2026-05-20T22:15:00+00:00,SE4,solar,0.31,15
2026-05-20T22:30:00+00:00,SE4,solar,0.311,15
2026-05-20T22:45:00+00:00,SE4,solar,0.31,15
2026-05-20T23:00:00+00:00,SE4,solar,0.206,15
2026-05-20T23:45:00+00:00,SE4,solar,0.205,15
2026-05-21T00:00:00+00:00,SE4,solar,0.195,15
2026-05-21T00:15:00+00:00,SE4,solar,0.197,15
2026-05-21T00:45:00+00:00,SE4,solar,0.199,15
2026-05-21T01:00:00+00:00,SE4,solar,0.216,15
2026-05-21T01:15:00+00:00,SE4,solar,0.22,15
2026-05-21T01:45:00+00:00,SE4,solar,0.218,15
2026-05-21T02:00:00+00:00,SE4,solar,0.236,15
2026-05-21T02:15:00+00:00,SE4,solar,0.256,15
2026-05-21T02:30:00+00:00,SE4,solar,0.29,15
2026-05-21T02:45:00+00:00,SE4,solar,0.415,15
2026-05-21T03:00:00+00:00,SE4,solar,1.635,15
2026-05-21T03:15:00+00:00,SE4,solar,3.705,15
2026-05-21T03:30:00+00:00,SE4,solar,5.922,15
2026-05-21T03:45:00+00:00,SE4,solar,8.523,15
2026-05-21T04:00:00+00:00,SE4,solar,19.232,15
2026-05-21T04:15:00+00:00,SE4,solar,25.938,15
2026-05-21T04:30:00+00:00,SE4,solar,33.72,15
2026-05-21T04:45:00+00:00,SE4,solar,41.227,15
2026-05-21T05:00:00+00:00,SE4,solar,58.217,15
2026-05-21T05:15:00+00:00,SE4,solar,70.363,15
2026-05-21T05:30:00+00:00,SE4,solar,83.013,15
2026-05-21T05:45:00+00:00,SE4,solar,95.47,15
2026-05-21T06:00:00+00:00,SE4,solar,125.487,15
2026-05-21T06:15:00+00:00,SE4,solar,149.908,15
2026-05-21T06:30:00+00:00,SE4,solar,164.059,15
2026-05-21T06:45:00+00:00,SE4,solar,177.545,15
2026-05-21T07:00:00+00:00,SE4,solar,204.515,15
2026-05-21T07:15:00+00:00,SE4,solar,221.623,15
2026-05-21T07:30:00+00:00,SE4,solar,248.56,15
2026-05-21T07:45:00+00:00,SE4,solar,272.376,15
2026-05-21T08:00:00+00:00,SE4,solar,310.013,15
2026-05-21T08:15:00+00:00,SE4,solar,327.46,15
2026-05-21T08:30:00+00:00,SE4,solar,343.912,15
2026-05-21T08:45:00+00:00,SE4,solar,358.166,15
2026-05-21T09:00:00+00:00,SE4,solar,377.3,15
2026-05-21T09:15:00+00:00,SE4,solar,387.859,15
2026-05-21T09:30:00+00:00,SE4,solar,398.666,15
2026-05-21T09:45:00+00:00,SE4,solar,409.385,15
2026-05-21T10:00:00+00:00,SE4,solar,422.6,15
2026-05-21T10:15:00+00:00,SE4,solar,430.524,15
2026-05-21T10:30:00+00:00,SE4,solar,436.251,15
2026-05-21T10:45:00+00:00,SE4,solar,440.48,15
2026-05-21T11:00:00+00:00,SE4,solar,454.385,15
2026-05-21T11:15:00+00:00,SE4,solar,454.062,15
2026-05-21T11:30:00+00:00,SE4,solar,454.14,15
2026-05-21T11:45:00+00:00,SE4,solar,455.556,15
2026-05-21T12:00:00+00:00,SE4,solar,456.377,15
2026-05-21T12:15:00+00:00,SE4,solar,452.373,15
2026-05-21T12:30:00+00:00,SE4,solar,446.188,15
2026-05-21T12:45:00+00:00,SE4,solar,438.771,15
2026-05-21T13:00:00+00:00,SE4,solar,425.201,15
2026-05-21T13:15:00+00:00,SE4,solar,407.956,15
2026-05-21T13:30:00+00:00,SE4,solar,392.247,15
2026-05-21T13:45:00+00:00,SE4,solar,376.315,15
2026-05-21T14:00:00+00:00,SE4,solar,345.324,15
2026-05-21T14:15:00+00:00,SE4,solar,327.511,15
2026-05-21T14:30:00+00:00,SE4,solar,309.695,15
2026-05-21T14:45:00+00:00,SE4,solar,290.876,15
2026-05-21T15:00:00+00:00,SE4,solar,247.058,15
2026-05-21T15:15:00+00:00,SE4,solar,228.01,15
2026-05-21T15:30:00+00:00,SE4,solar,209.558,15
2026-05-21T15:45:00+00:00,SE4,solar,190.64,15
2026-05-21T16:00:00+00:00,SE4,solar,156.585,15
2026-05-21T16:15:00+00:00,SE4,solar,138.121,15
2026-05-21T16:30:00+00:00,SE4,solar,120.07,15
2026-05-21T16:45:00+00:00,SE4,solar,101.447,15
2026-05-21T17:00:00+00:00,SE4,solar,82.571,15
2026-05-21T17:15:00+00:00,SE4,solar,68.698,15
2026-05-21T17:30:00+00:00,SE4,solar,54.998,15
2026-05-21T17:45:00+00:00,SE4,solar,43.799,15
2026-05-21T18:00:00+00:00,SE4,solar,27.665,15
2026-05-21T18:15:00+00:00,SE4,solar,21.566,15
2026-05-21T18:30:00+00:00,SE4,solar,17.114,15
2026-05-21T18:45:00+00:00,SE4,solar,12.961,15
2026-05-21T19:00:00+00:00,SE4,solar,3.821,15
2026-05-21T19:15:00+00:00,SE4,solar,2.738,15
2026-05-21T19:30:00+00:00,SE4,solar,1.584,15
2026-05-21T19:45:00+00:00,SE4,solar,1.539,15
2026-05-21T20:00:00+00:00,SE4,solar,1.025,15
2026-05-21T20:15:00+00:00,SE4,solar,0.956,15
2026-05-21T20:30:00+00:00,SE4,solar,0.914,15
2026-05-21T20:45:00+00:00,SE4,solar,0.875,15
2026-05-21T21:00:00+00:00,SE4,solar,0.66,15
2026-05-21T21:15:00+00:00,SE4,solar,0.651,15
2026-05-21T21:30:00+00:00,SE4,solar,0.664,15
2026-05-21T21:45:00+00:00,SE4,solar,0.617,15
2026-05-21T22:00:00+00:00,SE4,solar,0.476,15
2026-05-21T22:15:00+00:00,SE4,solar,0.471,15
2026-05-21T22:30:00+00:00,SE4,solar,0.465,15
2026-05-21T22:45:00+00:00,SE4,solar,0.461,15
2026-05-21T23:00:00+00:00,SE4,solar,0.353,15
2026-05-21T23:15:00+00:00,SE4,solar,0.35,15
2026-05-21T23:30:00+00:00,SE4,solar,0.348,15
2026-05-21T23:45:00+00:00,SE4,solar,0.346,15
2026-05-22T00:00:00+00:00,SE4,solar,0.305,15
2026-05-22T00:15:00+00:00,SE4,solar,0.299,15
2026-05-22T00:30:00+00:00,SE4,solar,0.294,15
2026-05-22T00:45:00+00:00,SE4,solar,0.287,15
2026-05-22T01:00:00+00:00,SE4,solar,0.285,15
2026-05-22T01:15:00+00:00,SE4,solar,0.277,15
2026-05-22T01:30:00+00:00,SE4,solar,0.278,15
2026-05-22T01:45:00+00:00,SE4,solar,0.287,15
2026-05-22T02:00:00+00:00,SE4,solar,0.316,15
2026-05-22T02:15:00+00:00,SE4,solar,0.413,15
2026-05-22T02:30:00+00:00,SE4,solar,0.531,15
2026-05-22T02:45:00+00:00,SE4,solar,0.808,15
2026-05-22T03:00:00+00:00,SE4,solar,4.968,15
2026-05-22T03:15:00+00:00,SE4,solar,8.835,15
2026-05-22T03:30:00+00:00,SE4,solar,13.152,15
2026-05-22T03:45:00+00:00,SE4,solar,18.169,15
2026-05-22T04:00:00+00:00,SE4,solar,41.453,15
2026-05-22T04:15:00+00:00,SE4,solar,52.905,15
2026-05-22T04:30:00+00:00,SE4,solar,67.008,15
2026-05-22T04:45:00+00:00,SE4,solar,81.666,15
2026-05-22T05:00:00+00:00,SE4,solar,107.932,15
2026-05-22T05:15:00+00:00,SE4,solar,126.698,15
2026-05-22T05:30:00+00:00,SE4,solar,150.003,15
2026-05-22T05:45:00+00:00,SE4,solar,173.17,15
2026-05-22T06:00:00+00:00,SE4,solar,203.808,15
2026-05-22T06:15:00+00:00,SE4,solar,234.196,15
2026-05-22T06:30:00+00:00,SE4,solar,255.551,15
2026-05-22T06:45:00+00:00,SE4,solar,281.646,15
2026-05-22T07:00:00+00:00,SE4,solar,322.187,15
2026-05-22T07:15:00+00:00,SE4,solar,348.371,15
2026-05-22T07:30:00+00:00,SE4,solar,377.519,15
2026-05-22T07:45:00+00:00,SE4,solar,389.263,15
2026-05-22T08:00:00+00:00,SE4,solar,420.341,15
2026-05-22T08:15:00+00:00,SE4,solar,438.299,15
2026-05-22T08:30:00+00:00,SE4,solar,457.422,15
2026-05-22T08:45:00+00:00,SE4,solar,475.23,15
2026-05-22T09:00:00+00:00,SE4,solar,490.349,15
2026-05-22T09:15:00+00:00,SE4,solar,500.351,15
2026-05-22T09:30:00+00:00,SE4,solar,506.858,15
2026-05-22T09:45:00+00:00,SE4,solar,513.882,15
2026-05-22T10:00:00+00:00,SE4,solar,520.165,15
2026-05-22T10:15:00+00:00,SE4,solar,523.121,15
2026-05-22T10:30:00+00:00,SE4,solar,525.581,15
2026-05-22T10:45:00+00:00,SE4,solar,530.265,15
2026-05-22T11:00:00+00:00,SE4,solar,541.628,15
2026-05-22T11:15:00+00:00,SE4,solar,543.463,15
2026-05-22T11:30:00+00:00,SE4,solar,544.056,15
2026-05-22T11:45:00+00:00,SE4,solar,543.234,15
2026-05-22T12:00:00+00:00,SE4,solar,541.335,15
2026-05-22T12:15:00+00:00,SE4,solar,538.128,15
2026-05-22T12:30:00+00:00,SE4,solar,534.153,15
2026-05-22T12:45:00+00:00,SE4,solar,527.547,15
2026-05-22T13:00:00+00:00,SE4,solar,514.039,15
2026-05-22T13:15:00+00:00,SE4,solar,500.377,15
2026-05-22T13:30:00+00:00,SE4,solar,485.677,15
2026-05-22T13:45:00+00:00,SE4,solar,468.952,15
2026-05-22T14:00:00+00:00,SE4,solar,440.64,15
2026-05-22T14:15:00+00:00,SE4,solar,419.626,15
2026-05-22T14:30:00+00:00,SE4,solar,398.615,15
2026-05-22T14:45:00+00:00,SE4,solar,376.93,15
2026-05-22T15:00:00+00:00,SE4,solar,330.99,15
2026-05-22T15:15:00+00:00,SE4,solar,299.559,15
2026-05-22T15:30:00+00:00,SE4,solar,274.075,15
2026-05-22T15:45:00+00:00,SE4,solar,246.658,15
2026-05-22T16:00:00+00:00,SE4,solar,199.167,15
2026-05-22T16:15:00+00:00,SE4,solar,174.414,15
2026-05-22T16:30:00+00:00,SE4,solar,151.028,15
2026-05-22T16:45:00+00:00,SE4,solar,128.04,15
2026-05-22T17:00:00+00:00,SE4,solar,95.399,15
2026-05-22T17:15:00+00:00,SE4,solar,77.055,15
2026-05-22T17:30:00+00:00,SE4,solar,62.005,15
2026-05-22T17:45:00+00:00,SE4,solar,47.51,15
2026-05-22T18:00:00+00:00,SE4,solar,30.316,15
2026-05-22T18:15:00+00:00,SE4,solar,23.509,15
2026-05-22T18:30:00+00:00,SE4,solar,18.29,15
2026-05-22T18:45:00+00:00,SE4,solar,12.619,15
2026-05-22T19:00:00+00:00,SE4,solar,3.979,15
2026-05-22T19:15:00+00:00,SE4,solar,2.75,15
2026-05-22T19:30:00+00:00,SE4,solar,1.551,15
2026-05-22T19:45:00+00:00,SE4,solar,1.172,15
2026-05-22T20:00:00+00:00,SE4,solar,0.739,15
2026-05-22T20:15:00+00:00,SE4,solar,0.711,15
2026-05-22T20:30:00+00:00,SE4,solar,0.693,15
2026-05-22T20:45:00+00:00,SE4,solar,0.674,15
2026-05-22T21:00:00+00:00,SE4,solar,0.496,15
2026-05-22T21:15:00+00:00,SE4,solar,0.497,15
2026-05-22T21:30:00+00:00,SE4,solar,0.495,15
2026-05-22T21:45:00+00:00,SE4,solar,0.486,15
2026-05-22T22:00:00+00:00,SE4,solar,1.427,15
2026-05-22T22:15:00+00:00,SE4,solar,0.807,15
2026-05-22T22:30:00+00:00,SE4,solar,0.877,15
2026-05-22T22:45:00+00:00,SE4,solar,0.738,15
2026-05-22T23:00:00+00:00,SE4,solar,0.617,15
2026-05-22T23:15:00+00:00,SE4,solar,0.587,15
2026-05-22T23:30:00+00:00,SE4,solar,0.597,15
2026-05-22T23:45:00+00:00,SE4,solar,0.567,15
2026-05-23T00:00:00+00:00,SE4,solar,0.559,15
2026-05-23T00:15:00+00:00,SE4,solar,0.548,15
2026-05-23T00:30:00+00:00,SE4,solar,0.567,15
2026-05-23T00:45:00+00:00,SE4,solar,0.556,15
2026-05-23T01:00:00+00:00,SE4,solar,0.558,15
2026-05-23T01:45:00+00:00,SE4,solar,0.552,15
2026-05-23T02:00:00+00:00,SE4,solar,0.583,15
2026-05-23T02:15:00+00:00,SE4,solar,0.617,15
2026-05-23T02:30:00+00:00,SE4,solar,0.711,15
2026-05-23T02:45:00+00:00,SE4,solar,1.001,15
2026-05-23T03:00:00+00:00,SE4,solar,6.297,15
2026-05-23T03:15:00+00:00,SE4,solar,10.389,15
2026-05-23T03:30:00+00:00,SE4,solar,14.651,15
2026-05-23T03:45:00+00:00,SE4,solar,20.407,15
2026-05-23T04:00:00+00:00,SE4,solar,36.731,15
2026-05-23T04:15:00+00:00,SE4,solar,49.123,15
2026-05-23T04:30:00+00:00,SE4,solar,63.783,15
2026-05-23T04:45:00+00:00,SE4,solar,80.608,15
2026-05-23T05:00:00+00:00,SE4,solar,111.504,15
2026-05-23T05:15:00+00:00,SE4,solar,133.649,15
2026-05-23T05:30:00+00:00,SE4,solar,157.49,15
2026-05-23T05:45:00+00:00,SE4,solar,180.745,15
2026-05-23T06:00:00+00:00,SE4,solar,225.253,15
2026-05-23T06:15:00+00:00,SE4,solar,251.917,15
2026-05-23T06:30:00+00:00,SE4,solar,278.893,15
2026-05-23T06:45:00+00:00,SE4,solar,311.874,15
2026-05-23T07:00:00+00:00,SE4,solar,359.292,15
2026-05-23T07:15:00+00:00,SE4,solar,386.88,15
2026-05-23T07:30:00+00:00,SE4,solar,413.522,15
2026-05-23T07:45:00+00:00,SE4,solar,466.948,15
2026-05-23T08:00:00+00:00,SE4,solar,510.441,15
2026-05-23T08:15:00+00:00,SE4,solar,534.029,15
2026-05-23T08:30:00+00:00,SE4,solar,556.008,15
2026-05-23T08:45:00+00:00,SE4,solar,573.796,15
2026-05-23T09:00:00+00:00,SE4,solar,600.859,15
2026-05-23T09:15:00+00:00,SE4,solar,613.592,15
2026-05-23T09:30:00+00:00,SE4,solar,621.284,15
2026-05-23T09:45:00+00:00,SE4,solar,626.094,15
2026-05-23T10:00:00+00:00,SE4,solar,638.351,15
2026-05-23T10:15:00+00:00,SE4,solar,641.409,15
2026-05-23T10:30:00+00:00,SE4,solar,636.88,15
2026-05-23T10:45:00+00:00,SE4,solar,629.054,15
2026-05-23T11:00:00+00:00,SE4,solar,620.922,15
2026-05-23T11:15:00+00:00,SE4,solar,616.875,15
2026-05-23T11:30:00+00:00,SE4,solar,609.577,15
2026-05-23T11:45:00+00:00,SE4,solar,599.863,15
2026-05-23T12:00:00+00:00,SE4,solar,577.55,15
2026-05-23T12:15:00+00:00,SE4,solar,563.036,15
2026-05-23T12:30:00+00:00,SE4,solar,547.198,15
2026-05-23T12:45:00+00:00,SE4,solar,532.4,15
2026-05-23T13:00:00+00:00,SE4,solar,500.046,15
2026-05-23T13:15:00+00:00,SE4,solar,480.226,15
2026-05-23T13:30:00+00:00,SE4,solar,460.34,15
2026-05-23T13:45:00+00:00,SE4,solar,443.77,15
2026-05-23T14:00:00+00:00,SE4,solar,408.632,15
2026-05-23T14:15:00+00:00,SE4,solar,387.673,15
2026-05-23T14:30:00+00:00,SE4,solar,366.126,15
2026-05-23T14:45:00+00:00,SE4,solar,343.316,15
2026-05-23T15:00:00+00:00,SE4,solar,301.017,15
2026-05-23T15:15:00+00:00,SE4,solar,279.09,15
2026-05-23T15:30:00+00:00,SE4,solar,254.944,15
2026-05-23T15:45:00+00:00,SE4,solar,230.719,15
2026-05-23T16:00:00+00:00,SE4,solar,189.583,15
2026-05-23T16:15:00+00:00,SE4,solar,166.65,15
2026-05-23T16:30:00+00:00,SE4,solar,144.273,15
2026-05-23T16:45:00+00:00,SE4,solar,122.705,15
2026-05-23T17:00:00+00:00,SE4,solar,95.37,15
2026-05-23T17:15:00+00:00,SE4,solar,79.466,15
2026-05-23T17:30:00+00:00,SE4,solar,64.757,15
2026-05-23T17:45:00+00:00,SE4,solar,51.062,15
2026-05-23T18:00:00+00:00,SE4,solar,34.591,15
2026-05-23T18:15:00+00:00,SE4,solar,27.653,15
2026-05-23T18:30:00+00:00,SE4,solar,22.047,15
2026-05-23T18:45:00+00:00,SE4,solar,16.675,15
2026-05-23T19:00:00+00:00,SE4,solar,7.823,15
2026-05-23T19:15:00+00:00,SE4,solar,6.509,15
2026-05-23T19:30:00+00:00,SE4,solar,4.572,15
2026-05-23T19:45:00+00:00,SE4,solar,3.15,15
2026-05-23T20:00:00+00:00,SE4,solar,1.815,15
2026-05-23T20:15:00+00:00,SE4,solar,1.437,15
2026-05-23T20:30:00+00:00,SE4,solar,1.61,15
2026-05-23T20:45:00+00:00,SE4,solar,1.619,15
2026-05-23T21:00:00+00:00,SE4,solar,1.43,15
2026-05-23T21:15:00+00:00,SE4,solar,1.338,15
2026-05-23T21:30:00+00:00,SE4,solar,1.183,15
2026-05-23T21:45:00+00:00,SE4,solar,0.932,15
2026-05-23T22:00:00+00:00,SE4,solar,0.715,15
2026-05-23T22:15:00+00:00,SE4,solar,0.71,15
2026-05-23T22:30:00+00:00,SE4,solar,0.688,15
2026-05-23T22:45:00+00:00,SE4,solar,0.667,15
2026-05-23T23:00:00+00:00,SE4,solar,0.546,15
2026-05-23T23:15:00+00:00,SE4,solar,0.544,15
2026-05-23T23:30:00+00:00,SE4,solar,0.529,15
2026-05-23T23:45:00+00:00,SE4,solar,0.525,15
2026-05-24T00:00:00+00:00,SE4,solar,0.5,15
2026-05-24T00:15:00+00:00,SE4,solar,0.49,15
2026-05-24T01:00:00+00:00,SE4,solar,0.495,15
2026-05-24T01:30:00+00:00,SE4,solar,0.496,15
2026-05-24T01:45:00+00:00,SE4,solar,0.506,15
2026-05-24T02:00:00+00:00,SE4,solar,0.507,15
2026-05-24T02:15:00+00:00,SE4,solar,0.568,15
2026-05-24T02:30:00+00:00,SE4,solar,0.701,15
2026-05-24T02:45:00+00:00,SE4,solar,1.059,15
2026-05-24T03:00:00+00:00,SE4,solar,5.374,15
2026-05-24T03:15:00+00:00,SE4,solar,9.296,15
2026-05-24T03:30:00+00:00,SE4,solar,14.158,15
2026-05-24T03:45:00+00:00,SE4,solar,19.728,15
2026-05-24T04:00:00+00:00,SE4,solar,39.496,15
2026-05-24T04:15:00+00:00,SE4,solar,52.48,15
2026-05-24T04:30:00+00:00,SE4,solar,68.293,15
2026-05-24T04:45:00+00:00,SE4,solar,85.439,15
2026-05-24T05:00:00+00:00,SE4,solar,118.564,15
2026-05-24T05:15:00+00:00,SE4,solar,140.977,15
2026-05-24T05:30:00+00:00,SE4,solar,166.592,15
2026-05-24T05:45:00+00:00,SE4,solar,191.697,15
2026-05-24T06:00:00+00:00,SE4,solar,232.031,15
2026-05-24T06:15:00+00:00,SE4,solar,261.61,15
2026-05-24T06:30:00+00:00,SE4,solar,293.521,15
2026-05-24T06:45:00+00:00,SE4,solar,318.056,15
2026-05-24T07:00:00+00:00,SE4,solar,376.514,15
2026-05-24T07:15:00+00:00,SE4,solar,406.376,15
2026-05-24T07:30:00+00:00,SE4,solar,443.694,15
2026-05-24T07:45:00+00:00,SE4,solar,484.268,15
2026-05-24T08:00:00+00:00,SE4,solar,536.813,15
2026-05-24T08:15:00+00:00,SE4,solar,565.526,15
2026-05-24T08:30:00+00:00,SE4,solar,591.646,15
2026-05-24T08:45:00+00:00,SE4,solar,614.875,15
2026-05-24T09:00:00+00:00,SE4,solar,651.076,15
2026-05-24T09:15:00+00:00,SE4,solar,664.376,15
2026-05-24T09:30:00+00:00,SE4,solar,669.897,15
2026-05-24T09:45:00+00:00,SE4,solar,682.251,15
2026-05-24T10:00:00+00:00,SE4,solar,694.433,15
2026-05-24T10:15:00+00:00,SE4,solar,699.012,15
2026-05-24T10:30:00+00:00,SE4,solar,704.495,15
2026-05-24T10:45:00+00:00,SE4,solar,706.506,15
2026-05-24T11:00:00+00:00,SE4,solar,705.189,15
2026-05-24T11:15:00+00:00,SE4,solar,704.316,15
2026-05-24T11:30:00+00:00,SE4,solar,702.448,15
2026-05-24T11:45:00+00:00,SE4,solar,697.416,15
2026-05-24T12:00:00+00:00,SE4,solar,686.748,15
2026-05-24T12:15:00+00:00,SE4,solar,680.288,15
2026-05-24T12:30:00+00:00,SE4,solar,670.845,15
2026-05-24T12:45:00+00:00,SE4,solar,659.499,15
2026-05-24T13:00:00+00:00,SE4,solar,637.211,15
2026-05-24T13:15:00+00:00,SE4,solar,621.666,15
2026-05-24T13:30:00+00:00,SE4,solar,601.027,15
2026-05-24T13:45:00+00:00,SE4,solar,586.676,15
2026-05-24T14:00:00+00:00,SE4,solar,542.289,15
2026-05-24T14:15:00+00:00,SE4,solar,513.387,15
2026-05-24T14:30:00+00:00,SE4,solar,481.808,15
2026-05-24T14:45:00+00:00,SE4,solar,449.472,15
2026-05-24T15:00:00+00:00,SE4,solar,396.062,15
2026-05-24T15:15:00+00:00,SE4,solar,366.957,15
2026-05-24T15:30:00+00:00,SE4,solar,335.081,15
2026-05-24T15:45:00+00:00,SE4,solar,300.742,15
2026-05-24T16:00:00+00:00,SE4,solar,246.198,15
2026-05-24T16:15:00+00:00,SE4,solar,215.137,15
2026-05-24T16:30:00+00:00,SE4,solar,183.994,15
2026-05-24T16:45:00+00:00,SE4,solar,153.713,15
2026-05-24T17:00:00+00:00,SE4,solar,113.348,15
2026-05-24T17:15:00+00:00,SE4,solar,92.715,15
2026-05-24T17:30:00+00:00,SE4,solar,72.933,15
2026-05-24T17:45:00+00:00,SE4,solar,56.868,15
2026-05-24T18:00:00+00:00,SE4,solar,36.564,15
2026-05-24T18:15:00+00:00,SE4,solar,28.906,15
2026-05-24T18:30:00+00:00,SE4,solar,21.269,15
2026-05-24T18:45:00+00:00,SE4,solar,11.813,15
2026-05-24T19:00:00+00:00,SE4,solar,4.162,15
2026-05-24T19:15:00+00:00,SE4,solar,4.466,15
2026-05-24T19:30:00+00:00,SE4,solar,1.746,15
2026-05-24T19:45:00+00:00,SE4,solar,2.034,15
2026-05-24T20:00:00+00:00,SE4,solar,1.001,15
2026-05-24T20:15:00+00:00,SE4,solar,0.944,15
2026-05-24T20:30:00+00:00,SE4,solar,0.905,15
2026-05-24T20:45:00+00:00,SE4,solar,0.85,15
2026-05-24T21:00:00+00:00,SE4,solar,0.642,15
2026-05-24T21:15:00+00:00,SE4,solar,0.62,15
2026-05-24T21:30:00+00:00,SE4,solar,0.601,15
2026-05-24T21:45:00+00:00,SE4,solar,0.581,15
2026-05-24T22:00:00+00:00,SE4,solar,1.908,15
2026-05-24T22:15:00+00:00,SE4,solar,1.035,15
2026-05-24T22:30:00+00:00,SE4,solar,1.113,15
2026-05-24T22:45:00+00:00,SE4,solar,0.883,15
2026-05-24T23:00:00+00:00,SE4,solar,0.612,15
2026-05-24T23:15:00+00:00,SE4,solar,0.551,15
2026-05-24T23:30:00+00:00,SE4,solar,0.534,15
2026-05-24T23:45:00+00:00,SE4,solar,0.53,15
2026-05-25T00:00:00+00:00,SE4,solar,0.504,15
2026-05-25T00:15:00+00:00,SE4,solar,0.502,15
2026-05-25T00:30:00+00:00,SE4,solar,0.501,15
2026-05-25T00:45:00+00:00,SE4,solar,0.523,15
2026-05-25T01:00:00+00:00,SE4,solar,0.574,15
2026-05-25T01:15:00+00:00,SE4,solar,0.606,15
2026-05-25T01:30:00+00:00,SE4,solar,0.632,15
2026-05-25T01:45:00+00:00,SE4,solar,0.645,15
2026-05-25T02:00:00+00:00,SE4,solar,0.655,15
2026-05-25T02:15:00+00:00,SE4,solar,0.63,15
2026-05-25T02:30:00+00:00,SE4,solar,0.686,15
2026-05-25T02:45:00+00:00,SE4,solar,1.019,15
2026-05-25T03:00:00+00:00,SE4,solar,5.245,15
2026-05-25T03:15:00+00:00,SE4,solar,9.848,15
2026-05-25T03:30:00+00:00,SE4,solar,15.335,15
2026-05-25T03:45:00+00:00,SE4,solar,22.117,15
2026-05-25T04:00:00+00:00,SE4,solar,43.589,15
2026-05-25T04:15:00+00:00,SE4,solar,58.558,15
2026-05-25T04:30:00+00:00,SE4,solar,76.38,15
2026-05-25T04:45:00+00:00,SE4,solar,96.097,15
2026-05-25T05:00:00+00:00,SE4,solar,130.57,15
2026-05-25T05:15:00+00:00,SE4,solar,157.233,15
2026-05-25T05:30:00+00:00,SE4,solar,186.946,15
2026-05-25T05:45:00+00:00,SE4,solar,217.174,15
2026-05-25T06:00:00+00:00,SE4,solar,270.711,15
2026-05-25T06:15:00+00:00,SE4,solar,303.734,15
2026-05-25T06:30:00+00:00,SE4,solar,341.394,15
2026-05-25T06:45:00+00:00,SE4,solar,376.93,15
2026-05-25T07:00:00+00:00,SE4,solar,437.23,15
2026-05-25T07:15:00+00:00,SE4,solar,474.857,15
2026-05-25T07:30:00+00:00,SE4,solar,511.708,15
2026-05-25T07:45:00+00:00,SE4,solar,541.485,15
2026-05-25T08:00:00+00:00,SE4,solar,590.854,15
2026-05-25T08:15:00+00:00,SE4,solar,618.212,15
2026-05-25T08:30:00+00:00,SE4,solar,641.319,15
2026-05-25T08:45:00+00:00,SE4,solar,665.48,15
2026-05-25T09:00:00+00:00,SE4,solar,701.636,15
2026-05-25T09:15:00+00:00,SE4,solar,721.983,15
2026-05-25T09:30:00+00:00,SE4,solar,738.994,15
2026-05-25T09:45:00+00:00,SE4,solar,752.551,15
2026-05-25T10:00:00+00:00,SE4,solar,766.867,15
2026-05-25T10:15:00+00:00,SE4,solar,773.87,15
2026-05-25T10:30:00+00:00,SE4,solar,777.302,15
2026-05-25T10:45:00+00:00,SE4,solar,779.816,15
2026-05-25T11:00:00+00:00,SE4,solar,779.737,15
2026-05-25T11:15:00+00:00,SE4,solar,777.918,15
2026-05-25T11:30:00+00:00,SE4,solar,774.569,15
2026-05-25T11:45:00+00:00,SE4,solar,770.863,15
2026-05-25T12:00:00+00:00,SE4,solar,753.29,15
2026-05-25T12:15:00+00:00,SE4,solar,751.764,15
2026-05-25T12:30:00+00:00,SE4,solar,741.313,15
2026-05-25T12:45:00+00:00,SE4,solar,728.852,15
2026-05-25T13:00:00+00:00,SE4,solar,705.76,15
2026-05-25T13:15:00+00:00,SE4,solar,685.569,15
2026-05-25T13:30:00+00:00,SE4,solar,662.51,15
2026-05-25T13:45:00+00:00,SE4,solar,637.303,15
2026-05-25T14:00:00+00:00,SE4,solar,589.49,15
2026-05-25T14:15:00+00:00,SE4,solar,557.135,15
2026-05-25T14:30:00+00:00,SE4,solar,521.929,15
2026-05-25T14:45:00+00:00,SE4,solar,490.861,15
2026-05-25T15:00:00+00:00,SE4,solar,423.319,15
2026-05-25T15:15:00+00:00,SE4,solar,391.991,15
2026-05-25T15:30:00+00:00,SE4,solar,352.533,15
2026-05-25T15:45:00+00:00,SE4,solar,314.657,15
2026-05-25T16:00:00+00:00,SE4,solar,258.221,15
2026-05-25T16:15:00+00:00,SE4,solar,223.233,15
2026-05-25T16:30:00+00:00,SE4,solar,189.895,15
2026-05-25T16:45:00+00:00,SE4,solar,158.887,15
2026-05-25T17:00:00+00:00,SE4,solar,117.177,15
2026-05-25T17:15:00+00:00,SE4,solar,96.192,15
2026-05-25T17:30:00+00:00,SE4,solar,76.49,15
2026-05-25T17:45:00+00:00,SE4,solar,58.876,15
2026-05-25T18:00:00+00:00,SE4,solar,39.505,15
2026-05-25T18:15:00+00:00,SE4,solar,31.224,15
2026-05-25T18:30:00+00:00,SE4,solar,24.134,15
2026-05-25T18:45:00+00:00,SE4,solar,18.63,15
2026-05-25T19:00:00+00:00,SE4,solar,8.359,15
2026-05-25T19:15:00+00:00,SE4,solar,6.103,15
2026-05-25T19:30:00+00:00,SE4,solar,5.102,15
2026-05-25T19:45:00+00:00,SE4,solar,3.14,15
2026-05-25T20:00:00+00:00,SE4,solar,1.796,15
2026-05-25T20:15:00+00:00,SE4,solar,1.587,15
2026-05-25T20:30:00+00:00,SE4,solar,1.547,15
2026-05-25T20:45:00+00:00,SE4,solar,1.252,15
2026-05-25T21:00:00+00:00,SE4,solar,0.972,15
2026-05-25T21:15:00+00:00,SE4,solar,0.906,15
2026-05-25T21:30:00+00:00,SE4,solar,0.911,15
2026-05-25T21:45:00+00:00,SE4,solar,0.786,15
2026-05-25T22:00:00+00:00,SE4,solar,1.186,15
2026-05-25T22:15:00+00:00,SE4,solar,0.894,15
2026-05-25T22:30:00+00:00,SE4,solar,0.779,15
2026-05-25T22:45:00+00:00,SE4,solar,0.737,15
2026-05-25T23:00:00+00:00,SE4,solar,0.517,15
2026-05-25T23:15:00+00:00,SE4,solar,0.525,15
2026-05-25T23:30:00+00:00,SE4,solar,0.504,15
2026-05-25T23:45:00+00:00,SE4,solar,0.452,15
2026-05-26T00:00:00+00:00,SE4,solar,0.662,15
2026-05-26T00:15:00+00:00,SE4,solar,0.561,15
2026-05-26T00:30:00+00:00,SE4,solar,0.539,15
2026-05-26T00:45:00+00:00,SE4,solar,0.548,15
2026-05-26T01:00:00+00:00,SE4,solar,0.698,15
2026-05-26T01:15:00+00:00,SE4,solar,0.857,15
2026-05-26T01:30:00+00:00,SE4,solar,0.831,15
2026-05-26T01:45:00+00:00,SE4,solar,2.332,15
2026-05-26T02:00:00+00:00,SE4,solar,0.995,15
2026-05-26T02:15:00+00:00,SE4,solar,0.568,15
2026-05-26T02:30:00+00:00,SE4,solar,0.623,15
2026-05-26T02:45:00+00:00,SE4,solar,0.932,15
2026-05-26T03:00:00+00:00,SE4,solar,5.967,15
2026-05-26T03:15:00+00:00,SE4,solar,9.94,15
2026-05-26T03:30:00+00:00,SE4,solar,15.374,15
2026-05-26T03:45:00+00:00,SE4,solar,21.499,15
2026-05-26T04:00:00+00:00,SE4,solar,43.313,15
2026-05-26T04:15:00+00:00,SE4,solar,58.09,15
2026-05-26T04:30:00+00:00,SE4,solar,73.884,15
2026-05-26T04:45:00+00:00,SE4,solar,91.048,15
2026-05-26T05:00:00+00:00,SE4,solar,123.482,15
2026-05-26T05:15:00+00:00,SE4,solar,145.947,15
2026-05-26T05:30:00+00:00,SE4,solar,173.842,15
2026-05-26T05:45:00+00:00,SE4,solar,201.783,15
2026-05-26T06:00:00+00:00,SE4,solar,253.749,15
2026-05-26T06:15:00+00:00,SE4,solar,285.248,15
2026-05-26T06:30:00+00:00,SE4,solar,323.796,15
2026-05-26T06:45:00+00:00,SE4,solar,357.984,15
2026-05-26T07:00:00+00:00,SE4,solar,413.311,15
2026-05-26T07:15:00+00:00,SE4,solar,446.997,15
2026-05-26T07:30:00+00:00,SE4,solar,484.763,15
2026-05-26T07:45:00+00:00,SE4,solar,514.148,15
2026-05-26T08:00:00+00:00,SE4,solar,561.578,15
2026-05-26T08:15:00+00:00,SE4,solar,585.184,15
2026-05-26T08:30:00+00:00,SE4,solar,603.068,15
2026-05-26T08:45:00+00:00,SE4,solar,618.145,15
2026-05-26T09:00:00+00:00,SE4,solar,636.449,15
2026-05-26T09:15:00+00:00,SE4,solar,641.491,15
2026-05-26T09:30:00+00:00,SE4,solar,644.47,15
2026-05-26T09:45:00+00:00,SE4,solar,648.798,15
2026-05-26T10:00:00+00:00,SE4,solar,628.329,15
2026-05-26T10:15:00+00:00,SE4,solar,625.27,15
2026-05-26T10:30:00+00:00,SE4,solar,621.838,15
2026-05-26T10:45:00+00:00,SE4,solar,614.406,15
2026-05-26T11:00:00+00:00,SE4,solar,595.955,15
2026-05-26T11:15:00+00:00,SE4,solar,588.217,15
2026-05-26T11:30:00+00:00,SE4,solar,580.845,15
2026-05-26T11:45:00+00:00,SE4,solar,573.331,15
2026-05-26T12:00:00+00:00,SE4,solar,555.42,15
2026-05-26T12:15:00+00:00,SE4,solar,544.807,15
2026-05-26T12:30:00+00:00,SE4,solar,534.122,15
2026-05-26T12:45:00+00:00,SE4,solar,523.16,15
2026-05-26T13:00:00+00:00,SE4,solar,520.755,15
2026-05-26T13:15:00+00:00,SE4,solar,512.56,15
2026-05-26T13:30:00+00:00,SE4,solar,496.294,15
2026-05-26T13:45:00+00:00,SE4,solar,478.781,15
2026-05-26T14:00:00+00:00,SE4,solar,438.949,15
2026-05-26T14:15:00+00:00,SE4,solar,415.295,15
2026-05-26T14:30:00+00:00,SE4,solar,393.43,15
2026-05-26T14:45:00+00:00,SE4,solar,371.254,15
2026-05-26T15:00:00+00:00,SE4,solar,328.343,15
2026-05-26T15:15:00+00:00,SE4,solar,303.8,15
2026-05-26T15:30:00+00:00,SE4,solar,278.84,15
2026-05-26T15:45:00+00:00,SE4,solar,253.697,15
2026-05-26T16:00:00+00:00,SE4,solar,212.003,15
2026-05-26T16:15:00+00:00,SE4,solar,187.89,15
2026-05-26T16:30:00+00:00,SE4,solar,163.676,15
2026-05-26T16:45:00+00:00,SE4,solar,140.273,15
2026-05-26T17:00:00+00:00,SE4,solar,113.045,15
2026-05-26T17:15:00+00:00,SE4,solar,91.888,15
2026-05-26T17:30:00+00:00,SE4,solar,71.742,15
2026-05-26T17:45:00+00:00,SE4,solar,56.317,15
2026-05-26T18:00:00+00:00,SE4,solar,38.267,15
2026-05-26T18:15:00+00:00,SE4,solar,29.051,15
2026-05-26T18:30:00+00:00,SE4,solar,21.48,15
2026-05-26T18:45:00+00:00,SE4,solar,15.026,15
2026-05-26T19:00:00+00:00,SE4,solar,4.868,15
2026-05-26T19:15:00+00:00,SE4,solar,3.118,15
2026-05-26T19:30:00+00:00,SE4,solar,1.672,15
2026-05-26T19:45:00+00:00,SE4,solar,1.143,15
2026-05-26T20:00:00+00:00,SE4,solar,0.457,15
2026-05-26T20:15:00+00:00,SE4,solar,0.442,15
2026-05-26T20:30:00+00:00,SE4,solar,0.432,15
2026-05-26T20:45:00+00:00,SE4,solar,0.419,15
2026-05-26T21:00:00+00:00,SE4,solar,0.216,15
2026-05-26T21:15:00+00:00,SE4,solar,0.212,15
2026-05-26T21:30:00+00:00,SE4,solar,0.208,15
2026-05-26T21:45:00+00:00,SE4,solar,0.204,15
2026-05-26T22:00:00+00:00,SE4,solar,0.96,15
2026-05-26T22:15:00+00:00,SE4,solar,0.91,15
2026-05-26T22:30:00+00:00,SE4,solar,0.879,15
2026-05-26T22:45:00+00:00,SE4,solar,0.79,15
2026-05-26T23:00:00+00:00,SE4,solar,0.742,15
2026-05-26T23:15:00+00:00,SE4,solar,0.771,15
2026-05-26T23:30:00+00:00,SE4,solar,0.752,15
2026-05-26T23:45:00+00:00,SE4,solar,0.785,15
2026-05-27T00:00:00+00:00,SE4,solar,0.637,15
2026-05-27T00:15:00+00:00,SE4,solar,0.607,15
2026-05-27T00:30:00+00:00,SE4,solar,0.608,15
2026-05-27T00:45:00+00:00,SE4,solar,0.568,15
2026-05-27T01:00:00+00:00,SE4,solar,0.573,15
2026-05-27T01:15:00+00:00,SE4,solar,0.617,15
2026-05-27T01:30:00+00:00,SE4,solar,0.627,15
2026-05-27T01:45:00+00:00,SE4,solar,0.671,15
2026-05-27T02:00:00+00:00,SE4,solar,0.641,15
2026-05-27T02:15:00+00:00,SE4,solar,0.718,15
2026-05-27T02:30:00+00:00,SE4,solar,0.895,15
2026-05-27T02:45:00+00:00,SE4,solar,1.422,15
2026-05-27T03:00:00+00:00,SE4,solar,6.574,15
2026-05-27T03:15:00+00:00,SE4,solar,12.696,15
2026-05-27T03:30:00+00:00,SE4,solar,20.291,15
2026-05-27T03:45:00+00:00,SE4,solar,29.048,15
2026-05-27T04:00:00+00:00,SE4,solar,54.516,15
2026-05-27T04:15:00+00:00,SE4,solar,71.792,15
2026-05-27T04:30:00+00:00,SE4,solar,91.436,15
2026-05-27T04:45:00+00:00,SE4,solar,112.324,15
2026-05-27T05:00:00+00:00,SE4,solar,148.177,15
2026-05-27T05:15:00+00:00,SE4,solar,174.789,15
2026-05-27T05:30:00+00:00,SE4,solar,205.799,15
2026-05-27T05:45:00+00:00,SE4,solar,236.279,15
2026-05-27T06:00:00+00:00,SE4,solar,294.652,15
2026-05-27T06:15:00+00:00,SE4,solar,328.856,15
2026-05-27T06:30:00+00:00,SE4,solar,366.987,15
2026-05-27T06:45:00+00:00,SE4,solar,401.577,15
2026-05-27T07:00:00+00:00,SE4,solar,461.476,15
2026-05-27T07:15:00+00:00,SE4,solar,496.57,15
2026-05-27T07:30:00+00:00,SE4,solar,530.929,15
2026-05-27T07:45:00+00:00,SE4,solar,562.435,15
2026-05-27T08:00:00+00:00,SE4,solar,611.521,15
2026-05-27T08:15:00+00:00,SE4,solar,637.633,15
2026-05-27T08:30:00+00:00,SE4,solar,655.748,15
2026-05-27T08:45:00+00:00,SE4,solar,674.256,15
2026-05-27T09:00:00+00:00,SE4,solar,704.686,15
2026-05-27T09:15:00+00:00,SE4,solar,718.468,15
2026-05-27T09:30:00+00:00,SE4,solar,725.43,15
2026-05-27T09:45:00+00:00,SE4,solar,735.536,15
2026-05-27T10:00:00+00:00,SE4,solar,746.154,15
2026-05-27T10:15:00+00:00,SE4,solar,750.947,15
2026-05-27T10:30:00+00:00,SE4,solar,754.38,15
2026-05-27T10:45:00+00:00,SE4,solar,757.097,15
2026-05-27T11:00:00+00:00,SE4,solar,757.879,15
2026-05-27T11:15:00+00:00,SE4,solar,758.049,15
2026-05-27T11:30:00+00:00,SE4,solar,755.999,15
2026-05-27T11:45:00+00:00,SE4,solar,752.523,15
2026-05-27T12:00:00+00:00,SE4,solar,744.658,15
2026-05-27T12:15:00+00:00,SE4,solar,736.138,15
2026-05-27T12:30:00+00:00,SE4,solar,726.151,15
2026-05-27T12:45:00+00:00,SE4,solar,714.876,15
2026-05-27T13:00:00+00:00,SE4,solar,697.101,15
2026-05-27T13:15:00+00:00,SE4,solar,677.772,15
2026-05-27T13:30:00+00:00,SE4,solar,655.555,15
2026-05-27T13:45:00+00:00,SE4,solar,630.87,15
2026-05-27T14:00:00+00:00,SE4,solar,585.218,15
2026-05-27T14:15:00+00:00,SE4,solar,558.896,15
2026-05-27T14:30:00+00:00,SE4,solar,526.462,15
2026-05-27T14:45:00+00:00,SE4,solar,493.579,15
2026-05-27T15:00:00+00:00,SE4,solar,445.152,15
2026-05-27T15:15:00+00:00,SE4,solar,410.943,15
2026-05-27T15:30:00+00:00,SE4,solar,372.845,15
2026-05-27T15:45:00+00:00,SE4,solar,335.166,15
2026-05-27T16:00:00+00:00,SE4,solar,267.991,15
2026-05-27T16:15:00+00:00,SE4,solar,233.435,15
2026-05-27T16:30:00+00:00,SE4,solar,200.094,15
2026-05-27T16:45:00+00:00,SE4,solar,170.183,15
2026-05-27T17:00:00+00:00,SE4,solar,128.201,15
2026-05-27T17:15:00+00:00,SE4,solar,106.19,15
2026-05-27T17:30:00+00:00,SE4,solar,86.175,15
2026-05-27T17:45:00+00:00,SE4,solar,67.47,15
2026-05-27T18:00:00+00:00,SE4,solar,45.199,15
2026-05-27T18:15:00+00:00,SE4,solar,35.225,15
2026-05-27T18:30:00+00:00,SE4,solar,26.801,15
2026-05-27T18:45:00+00:00,SE4,solar,20.946,15
2026-05-27T19:00:00+00:00,SE4,solar,5.533,15
2026-05-27T19:15:00+00:00,SE4,solar,10.568,15
2026-05-27T19:30:00+00:00,SE4,solar,7.362,15
2026-05-27T19:45:00+00:00,SE4,solar,2.95,15
2026-05-27T20:00:00+00:00,SE4,solar,3.912,15
2026-05-27T20:15:00+00:00,SE4,solar,2.66,15
2026-05-27T20:30:00+00:00,SE4,solar,1.683,15
2026-05-27T20:45:00+00:00,SE4,solar,1.291,15
2026-05-27T21:00:00+00:00,SE4,solar,1.047,15
2026-05-27T21:15:00+00:00,SE4,solar,0.996,15
2026-05-27T21:30:00+00:00,SE4,solar,0.877,15
2026-05-27T21:45:00+00:00,SE4,solar,0.848,15
2026-05-27T22:00:00+00:00,SE4,solar,0.916,15
2026-05-27T22:15:00+00:00,SE4,solar,0.874,15
2026-05-27T22:30:00+00:00,SE4,solar,0.834,15
2026-05-27T22:45:00+00:00,SE4,solar,0.743,15
2026-05-27T23:00:00+00:00,SE4,solar,0.703,15
2026-05-27T23:15:00+00:00,SE4,solar,0.733,15
2026-05-27T23:30:00+00:00,SE4,solar,0.714,15
2026-05-27T23:45:00+00:00,SE4,solar,0.735,15
2026-05-28T00:00:00+00:00,SE4,solar,0.597,15
2026-05-28T00:15:00+00:00,SE4,solar,0.558,15
2026-05-28T00:30:00+00:00,SE4,solar,0.559,15
2026-05-28T00:45:00+00:00,SE4,solar,0.52,15
2026-05-28T01:00:00+00:00,SE4,solar,0.521,15
2026-05-28T01:15:00+00:00,SE4,solar,0.561,15
2026-05-28T01:30:00+00:00,SE4,solar,0.575,15
2026-05-28T01:45:00+00:00,SE4,solar,0.615,15
2026-05-28T02:00:00+00:00,SE4,solar,0.675,15
2026-05-28T02:15:00+00:00,SE4,solar,0.758,15
2026-05-28T02:30:00+00:00,SE4,solar,0.928,15
2026-05-28T02:45:00+00:00,SE4,solar,1.441,15
2026-05-28T03:00:00+00:00,SE4,solar,7.417,15
2026-05-28T03:15:00+00:00,SE4,solar,13.603,15
2026-05-28T03:30:00+00:00,SE4,solar,21.278,15
2026-05-28T03:45:00+00:00,SE4,solar,30.082,15
2026-05-28T04:00:00+00:00,SE4,solar,55.527,15
2026-05-28T04:15:00+00:00,SE4,solar,72.176,15
2026-05-28T04:30:00+00:00,SE4,solar,92.057,15
2026-05-28T04:45:00+00:00,SE4,solar,113.081,15
2026-05-28T05:00:00+00:00,SE4,solar,150.079,15
2026-05-28T05:15:00+00:00,SE4,solar,176.392,15
2026-05-28T05:30:00+00:00,SE4,solar,205.056,15
2026-05-28T05:45:00+00:00,SE4,solar,233.285,15
2026-05-28T06:00:00+00:00,SE4,solar,289.598,15
2026-05-28T06:15:00+00:00,SE4,solar,322.046,15
2026-05-28T06:30:00+00:00,SE4,solar,358.16,15
2026-05-28T06:45:00+00:00,SE4,solar,393.059,15
2026-05-28T07:00:00+00:00,SE4,solar,447.412,15
2026-05-28T07:15:00+00:00,SE4,solar,483.162,15
2026-05-28T07:30:00+00:00,SE4,solar,519.427,15
2026-05-28T07:45:00+00:00,SE4,solar,552.716,15
2026-05-28T08:00:00+00:00,SE4,solar,608.566,15
2026-05-28T08:15:00+00:00,SE4,solar,636.604,15
2026-05-28T08:30:00+00:00,SE4,solar,662.97,15
2026-05-28T08:45:00+00:00,SE4,solar,686.866,15
2026-05-28T09:00:00+00:00,SE4,solar,715.301,15
2026-05-28T09:15:00+00:00,SE4,solar,725.429,15
2026-05-28T09:30:00+00:00,SE4,solar,740.014,15
2026-05-28T09:45:00+00:00,SE4,solar,749.85,15
2026-05-28T10:00:00+00:00,SE4,solar,759.434,15
2026-05-28T10:15:00+00:00,SE4,solar,764.296,15
2026-05-28T10:30:00+00:00,SE4,solar,767.596,15
2026-05-28T10:45:00+00:00,SE4,solar,769.879,15
2026-05-28T11:00:00+00:00,SE4,solar,772.016,15
2026-05-28T11:15:00+00:00,SE4,solar,772.305,15
2026-05-28T11:30:00+00:00,SE4,solar,770.711,15
2026-05-28T11:45:00+00:00,SE4,solar,763.194,15
2026-05-28T12:00:00+00:00,SE4,solar,755.305,15
2026-05-28T12:15:00+00:00,SE4,solar,754.329,15
2026-05-28T12:30:00+00:00,SE4,solar,744.928,15
2026-05-28T12:45:00+00:00,SE4,solar,732.774,15
2026-05-28T13:00:00+00:00,SE4,solar,707.362,15
2026-05-28T13:15:00+00:00,SE4,solar,685.565,15
2026-05-28T13:30:00+00:00,SE4,solar,665.898,15
2026-05-28T13:45:00+00:00,SE4,solar,640.273,15
2026-05-28T14:00:00+00:00,SE4,solar,592.13,15
2026-05-28T14:15:00+00:00,SE4,solar,559.612,15
2026-05-28T14:30:00+00:00,SE4,solar,525.309,15
2026-05-28T14:45:00+00:00,SE4,solar,492.367,15
2026-05-28T15:00:00+00:00,SE4,solar,433.63,15
2026-05-28T15:15:00+00:00,SE4,solar,397.031,15
2026-05-28T15:30:00+00:00,SE4,solar,361.423,15
2026-05-28T15:45:00+00:00,SE4,solar,325.989,15
2026-05-28T16:00:00+00:00,SE4,solar,268.337,15
2026-05-28T16:15:00+00:00,SE4,solar,236.08,15
2026-05-28T16:30:00+00:00,SE4,solar,203.87,15
2026-05-28T16:45:00+00:00,SE4,solar,174.282,15
2026-05-28T17:00:00+00:00,SE4,solar,128.673,15
2026-05-28T17:15:00+00:00,SE4,solar,105.705,15
2026-05-28T17:30:00+00:00,SE4,solar,85.43,15
2026-05-28T17:45:00+00:00,SE4,solar,67.669,15
2026-05-28T18:00:00+00:00,SE4,solar,43.46,15
2026-05-28T18:15:00+00:00,SE4,solar,33.637,15
2026-05-28T18:30:00+00:00,SE4,solar,26.16,15
2026-05-28T18:45:00+00:00,SE4,solar,19.184,15
2026-05-28T19:00:00+00:00,SE4,solar,7.856,15
2026-05-28T19:15:00+00:00,SE4,solar,6.263,15
2026-05-28T19:30:00+00:00,SE4,solar,1.467,15
2026-05-28T19:45:00+00:00,SE4,solar,4.685,15
2026-05-28T20:00:00+00:00,SE4,solar,3.625,15
2026-05-28T20:15:00+00:00,SE4,solar,2.313,15
2026-05-28T20:30:00+00:00,SE4,solar,1.386,15
2026-05-28T20:45:00+00:00,SE4,solar,0.944,15
2026-05-28T21:00:00+00:00,SE4,solar,0.878,15
2026-05-28T21:15:00+00:00,SE4,solar,0.851,15
2026-05-28T21:30:00+00:00,SE4,solar,0.734,15
2026-05-28T21:45:00+00:00,SE4,solar,0.816,15
2026-05-28T22:00:00+00:00,SE4,solar,0.618,15
2026-05-28T22:15:00+00:00,SE4,solar,0.605,15
2026-05-28T22:30:00+00:00,SE4,solar,0.553,15
2026-05-28T22:45:00+00:00,SE4,solar,0.54,15
2026-05-28T23:00:00+00:00,SE4,solar,0.541,15
2026-05-28T23:15:00+00:00,SE4,solar,0.521,15
2026-05-28T23:30:00+00:00,SE4,solar,0.53,15
2026-05-28T23:45:00+00:00,SE4,solar,0.48,15
2026-05-29T00:00:00+00:00,SE4,solar,0.51,15
2026-05-29T00:15:00+00:00,SE4,solar,0.49,15
2026-05-29T00:30:00+00:00,SE4,solar,0.48,15
2026-05-29T00:45:00+00:00,SE4,solar,0.46,15
2026-05-29T01:00:00+00:00,SE4,solar,0.487,15
2026-05-29T01:15:00+00:00,SE4,solar,0.511,15
2026-05-29T01:30:00+00:00,SE4,solar,0.481,15
2026-05-29T01:45:00+00:00,SE4,solar,0.485,15
2026-05-29T02:00:00+00:00,SE4,solar,0.563,15
2026-05-29T02:15:00+00:00,SE4,solar,0.656,15
2026-05-29T02:30:00+00:00,SE4,solar,0.852,15
2026-05-29T02:45:00+00:00,SE4,solar,1.411,15
2026-05-29T03:00:00+00:00,SE4,solar,8.191,15
2026-05-29T03:15:00+00:00,SE4,solar,14.762,15
2026-05-29T03:30:00+00:00,SE4,solar,21.956,15
2026-05-29T03:45:00+00:00,SE4,solar,30.58,15
2026-05-29T04:00:00+00:00,SE4,solar,52.675,15
2026-05-29T04:15:00+00:00,SE4,solar,68.993,15
2026-05-29T04:30:00+00:00,SE4,solar,87.775,15
2026-05-29T04:45:00+00:00,SE4,solar,107.689,15
2026-05-29T05:00:00+00:00,SE4,solar,145.393,15
2026-05-29T05:15:00+00:00,SE4,solar,173.391,15
2026-05-29T05:30:00+00:00,SE4,solar,203.452,15
2026-05-29T05:45:00+00:00,SE4,solar,235.104,15
2026-05-29T06:00:00+00:00,SE4,solar,293.869,15
2026-05-29T06:15:00+00:00,SE4,solar,327.551,15
2026-05-29T06:30:00+00:00,SE4,solar,362.641,15
2026-05-29T06:45:00+00:00,SE4,solar,397.573,15
2026-05-29T07:00:00+00:00,SE4,solar,447.511,15
2026-05-29T07:15:00+00:00,SE4,solar,481.102,15
2026-05-29T07:30:00+00:00,SE4,solar,525.419,15
2026-05-29T07:45:00+00:00,SE4,solar,555.669,15
2026-06-01T22:00:00+00:00,SE4,solar,0.754,15
2026-06-01T22:15:00+00:00,SE4,solar,0.758,15
2026-06-01T22:30:00+00:00,SE4,solar,0.908,15
2026-06-01T22:45:00+00:00,SE4,solar,0.913,15
2026-06-01T23:00:00+00:00,SE4,solar,0.879,15
2026-06-01T23:15:00+00:00,SE4,solar,0.845,15
2026-06-01T23:30:00+00:00,SE4,solar,0.851,15
2026-06-01T23:45:00+00:00,SE4,solar,0.715,15
2026-06-02T00:00:00+00:00,SE4,solar,0.684,15
2026-06-02T00:15:00+00:00,SE4,solar,0.654,15
2026-06-02T00:30:00+00:00,SE4,solar,0.644,15
2026-06-02T00:45:00+00:00,SE4,solar,0.604,15
2026-06-02T01:00:00+00:00,SE4,solar,0.6,15
2026-06-02T01:15:00+00:00,SE4,solar,0.594,15
2026-06-02T01:45:00+00:00,SE4,solar,0.598,15
2026-06-02T02:00:00+00:00,SE4,solar,0.617,15
2026-06-02T02:15:00+00:00,SE4,solar,0.721,15
2026-06-02T02:30:00+00:00,SE4,solar,1.005,15
2026-06-02T02:45:00+00:00,SE4,solar,1.669,15
2026-06-02T03:00:00+00:00,SE4,solar,6.885,15
2026-06-02T03:15:00+00:00,SE4,solar,10.579,15
2026-06-02T03:30:00+00:00,SE4,solar,14.466,15
2026-06-02T03:45:00+00:00,SE4,solar,19.841,15
2026-06-02T04:00:00+00:00,SE4,solar,33.155,15
2026-06-02T04:15:00+00:00,SE4,solar,43.834,15
2026-06-02T04:30:00+00:00,SE4,solar,57.373,15
2026-06-02T04:45:00+00:00,SE4,solar,72.218,15
2026-06-02T05:00:00+00:00,SE4,solar,103.2,15
2026-06-02T05:15:00+00:00,SE4,solar,122.739,15
2026-06-02T05:30:00+00:00,SE4,solar,141.568,15
2026-06-02T05:45:00+00:00,SE4,solar,159.592,15
2026-06-02T06:00:00+00:00,SE4,solar,188.711,15
2026-06-02T06:15:00+00:00,SE4,solar,209.967,15
2026-06-02T06:30:00+00:00,SE4,solar,232.95,15
2026-06-02T06:45:00+00:00,SE4,solar,256.083,15
2026-06-02T07:00:00+00:00,SE4,solar,303.362,15
2026-06-02T07:15:00+00:00,SE4,solar,328.32,15
2026-06-02T07:30:00+00:00,SE4,solar,350.25,15
2026-06-02T07:45:00+00:00,SE4,solar,375.105,15
2026-06-02T08:00:00+00:00,SE4,solar,409.382,15
2026-06-02T08:15:00+00:00,SE4,solar,423.024,15
2026-06-02T08:30:00+00:00,SE4,solar,449.911,15
2026-06-02T08:45:00+00:00,SE4,solar,459.972,15
2026-06-02T09:00:00+00:00,SE4,solar,477.847,15
2026-06-02T09:15:00+00:00,SE4,solar,484.338,15
2026-06-02T09:30:00+00:00,SE4,solar,492.737,15
2026-06-02T09:45:00+00:00,SE4,solar,496.081,15
2026-06-02T10:00:00+00:00,SE4,solar,504.304,15
2026-06-02T10:15:00+00:00,SE4,solar,506.344,15
2026-06-02T10:30:00+00:00,SE4,solar,507.973,15
2026-06-02T10:45:00+00:00,SE4,solar,509.492,15
2026-06-02T11:00:00+00:00,SE4,solar,513.248,15
2026-06-02T11:15:00+00:00,SE4,solar,513.559,15
2026-06-02T11:30:00+00:00,SE4,solar,513.066,15
2026-06-02T11:45:00+00:00,SE4,solar,512.229,15
2026-06-02T12:00:00+00:00,SE4,solar,508.27,15
2026-06-02T12:15:00+00:00,SE4,solar,510.207,15
2026-06-02T12:30:00+00:00,SE4,solar,507.214,15
2026-06-02T12:45:00+00:00,SE4,solar,502.282,15
2026-06-02T13:00:00+00:00,SE4,solar,480.385,15
2026-06-02T13:15:00+00:00,SE4,solar,472.14,15
2026-06-02T13:30:00+00:00,SE4,solar,461.564,15
2026-06-02T13:45:00+00:00,SE4,solar,449.77,15
2026-06-02T14:00:00+00:00,SE4,solar,420.271,15
2026-06-02T14:15:00+00:00,SE4,solar,403.249,15
2026-06-02T14:30:00+00:00,SE4,solar,385.625,15
2026-06-02T14:45:00+00:00,SE4,solar,364.412,15
2026-06-02T15:00:00+00:00,SE4,solar,319.151,15
2026-06-02T15:15:00+00:00,SE4,solar,295.442,15
2026-06-02T15:30:00+00:00,SE4,solar,269.006,15
2026-06-02T15:45:00+00:00,SE4,solar,242.746,15
2026-06-02T16:00:00+00:00,SE4,solar,195.327,15
2026-06-02T16:15:00+00:00,SE4,solar,170.994,15
2026-06-02T16:30:00+00:00,SE4,solar,146.899,15
2026-06-02T16:45:00+00:00,SE4,solar,125.372,15
2026-06-02T17:00:00+00:00,SE4,solar,90.47,15
2026-06-02T17:15:00+00:00,SE4,solar,76.244,15
2026-06-02T17:30:00+00:00,SE4,solar,63.128,15
2026-06-02T17:45:00+00:00,SE4,solar,50.11,15
2026-06-02T18:00:00+00:00,SE4,solar,33.807,15
2026-06-02T18:15:00+00:00,SE4,solar,27.085,15
2026-06-02T18:30:00+00:00,SE4,solar,21.769,15
2026-06-02T18:45:00+00:00,SE4,solar,16.993,15
2026-06-02T19:00:00+00:00,SE4,solar,7.714,15
2026-06-02T19:15:00+00:00,SE4,solar,6.409,15
2026-06-02T19:30:00+00:00,SE4,solar,1.346,15
2026-06-02T19:45:00+00:00,SE4,solar,2.502,15
2026-06-02T20:00:00+00:00,SE4,solar,1.146,15
2026-06-02T20:15:00+00:00,SE4,solar,1.122,15
2026-06-02T20:30:00+00:00,SE4,solar,1.108,15
2026-06-02T20:45:00+00:00,SE4,solar,1.09,15
2026-06-02T21:00:00+00:00,SE4,solar,1.082,15
2026-06-02T21:15:00+00:00,SE4,solar,1.075,15
2026-06-02T21:30:00+00:00,SE4,solar,1.068,15
2026-06-02T21:45:00+00:00,SE4,solar,1.061,15
2026-06-02T22:00:00+00:00,SE4,solar,0.662,15
2026-06-02T22:15:00+00:00,SE4,solar,0.653,15
2026-06-02T22:30:00+00:00,SE4,solar,0.584,15
2026-06-02T22:45:00+00:00,SE4,solar,0.518,15
2026-06-02T23:00:00+00:00,SE4,solar,0.532,15
2026-06-02T23:15:00+00:00,SE4,solar,0.534,15
2026-06-02T23:30:00+00:00,SE4,solar,0.544,15
2026-06-02T23:45:00+00:00,SE4,solar,0.543,15
2026-06-03T00:00:00+00:00,SE4,solar,0.424,15
2026-06-03T00:30:00+00:00,SE4,solar,0.474,15
2026-06-03T00:45:00+00:00,SE4,solar,0.464,15
2026-06-03T01:00:00+00:00,SE4,solar,0.46,15
2026-06-03T01:15:00+00:00,SE4,solar,0.463,15
2026-06-03T01:30:00+00:00,SE4,solar,0.452,15
2026-06-03T01:45:00+00:00,SE4,solar,0.457,15
2026-06-03T02:00:00+00:00,SE4,solar,0.669,15
2026-06-03T02:15:00+00:00,SE4,solar,0.759,15
2026-06-03T02:30:00+00:00,SE4,solar,0.971,15
2026-06-03T02:45:00+00:00,SE4,solar,1.522,15
2026-06-03T03:00:00+00:00,SE4,solar,6.615,15
2026-06-03T03:15:00+00:00,SE4,solar,10.972,15
2026-06-03T03:30:00+00:00,SE4,solar,16.356,15
2026-06-03T03:45:00+00:00,SE4,solar,23.055,15
2026-06-03T04:00:00+00:00,SE4,solar,38.172,15
2026-06-03T04:15:00+00:00,SE4,solar,51.272,15
2026-06-03T04:30:00+00:00,SE4,solar,66.399,15
2026-06-03T04:45:00+00:00,SE4,solar,82.337,15
2026-06-03T05:00:00+00:00,SE4,solar,114.798,15
2026-06-03T05:15:00+00:00,SE4,solar,137.334,15
2026-06-03T05:30:00+00:00,SE4,solar,161.534,15
2026-06-03T05:45:00+00:00,SE4,solar,184.677,15
2026-06-03T06:00:00+00:00,SE4,solar,230.82,15
2026-06-03T06:15:00+00:00,SE4,solar,259.172,15
2026-06-03T06:30:00+00:00,SE4,solar,286.286,15
2026-06-03T06:45:00+00:00,SE4,solar,311.53,15
2026-06-03T07:00:00+00:00,SE4,solar,358.449,15
2026-06-03T07:15:00+00:00,SE4,solar,387.518,15
2026-06-03T07:30:00+00:00,SE4,solar,418.861,15
2026-06-03T07:45:00+00:00,SE4,solar,445.513,15
2026-06-03T08:00:00+00:00,SE4,solar,488.248,15
2026-06-03T08:15:00+00:00,SE4,solar,504.562,15
2026-06-03T08:30:00+00:00,SE4,solar,520.277,15
2026-06-03T08:45:00+00:00,SE4,solar,529.754,15
2026-06-03T09:00:00+00:00,SE4,solar,547.398,15
2026-06-03T09:15:00+00:00,SE4,solar,551.11,15
2026-06-03T09:30:00+00:00,SE4,solar,556.763,15
2026-06-03T09:45:00+00:00,SE4,solar,556.954,15
2026-06-03T10:00:00+00:00,SE4,solar,570.076,15
2026-06-03T10:15:00+00:00,SE4,solar,568.519,15
2026-06-03T10:30:00+00:00,SE4,solar,564.408,15
2026-06-03T10:45:00+00:00,SE4,solar,557.605,15
2026-06-03T11:00:00+00:00,SE4,solar,538.941,15
2026-06-03T11:15:00+00:00,SE4,solar,528.046,15
2026-06-03T11:30:00+00:00,SE4,solar,517.911,15
2026-06-03T11:45:00+00:00,SE4,solar,507.2,15
2026-06-03T12:00:00+00:00,SE4,solar,481.104,15
2026-06-03T12:15:00+00:00,SE4,solar,466.148,15
2026-06-03T12:30:00+00:00,SE4,solar,447.843,15
2026-06-03T12:45:00+00:00,SE4,solar,429.922,15
2026-06-03T13:00:00+00:00,SE4,solar,386.403,15
2026-06-03T13:15:00+00:00,SE4,solar,365.042,15
2026-06-03T13:30:00+00:00,SE4,solar,344.484,15
2026-06-03T13:45:00+00:00,SE4,solar,323.225,15
2026-06-03T14:00:00+00:00,SE4,solar,290.049,15
2026-06-03T14:15:00+00:00,SE4,solar,266.294,15
2026-06-03T14:30:00+00:00,SE4,solar,242.809,15
2026-06-03T14:45:00+00:00,SE4,solar,220.617,15
2026-06-03T15:00:00+00:00,SE4,solar,183.686,15
2026-06-03T15:15:00+00:00,SE4,solar,162.955,15
2026-06-03T15:30:00+00:00,SE4,solar,143.229,15
2026-06-03T15:45:00+00:00,SE4,solar,124.204,15
2026-06-03T16:00:00+00:00,SE4,solar,95.762,15
2026-06-03T16:15:00+00:00,SE4,solar,80.877,15
2026-06-03T16:30:00+00:00,SE4,solar,66.595,15
2026-06-03T16:45:00+00:00,SE4,solar,54.003,15
2026-06-03T17:00:00+00:00,SE4,solar,39.96,15
2026-06-03T17:15:00+00:00,SE4,solar,33.707,15
2026-06-03T17:30:00+00:00,SE4,solar,26.692,15
2026-06-03T17:45:00+00:00,SE4,solar,20.911,15
2026-06-03T18:00:00+00:00,SE4,solar,14.607,15
2026-06-03T18:15:00+00:00,SE4,solar,12.959,15
2026-06-03T18:30:00+00:00,SE4,solar,11.228,15
2026-06-03T18:45:00+00:00,SE4,solar,9.579,15
2026-06-03T19:00:00+00:00,SE4,solar,7.366,15
2026-06-03T19:15:00+00:00,SE4,solar,5.689,15
2026-06-03T19:30:00+00:00,SE4,solar,4.192,15
2026-06-03T19:45:00+00:00,SE4,solar,2.362,15
2026-06-03T20:00:00+00:00,SE4,solar,1.367,15
2026-06-03T20:15:00+00:00,SE4,solar,1.149,15
2026-06-03T20:30:00+00:00,SE4,solar,1.092,15
2026-06-03T20:45:00+00:00,SE4,solar,0.764,15
2026-06-03T21:00:00+00:00,SE4,solar,0.757,15
2026-06-03T21:15:00+00:00,SE4,solar,0.695,15
2026-06-03T21:30:00+00:00,SE4,solar,0.678,15
2026-06-03T21:45:00+00:00,SE4,solar,0.648,15
2026-06-03T22:00:00+00:00,SE4,solar,0.366,15
2026-06-03T22:15:00+00:00,SE4,solar,0.379,15
2026-06-03T22:30:00+00:00,SE4,solar,0.377,15
2026-06-03T22:45:00+00:00,SE4,solar,0.358,15
2026-06-03T23:00:00+00:00,SE4,solar,0.329,15
2026-06-03T23:15:00+00:00,SE4,solar,0.312,15
2026-06-03T23:30:00+00:00,SE4,solar,0.308,15
2026-06-03T23:45:00+00:00,SE4,solar,0.321,15
2026-06-04T00:00:00+00:00,SE4,solar,0.483,15
2026-06-04T00:15:00+00:00,SE4,solar,0.522,15
2026-06-04T00:45:00+00:00,SE4,solar,0.48,15
2026-06-04T01:00:00+00:00,SE4,solar,0.416,15
2026-06-04T01:15:00+00:00,SE4,solar,0.411,15
2026-06-04T01:30:00+00:00,SE4,solar,0.405,15
2026-06-04T01:45:00+00:00,SE4,solar,0.401,15
2026-06-04T02:00:00+00:00,SE4,solar,0.528,15
2026-06-04T02:15:00+00:00,SE4,solar,0.583,15
2026-06-04T02:30:00+00:00,SE4,solar,0.719,15
2026-06-04T02:45:00+00:00,SE4,solar,1.007,15
2026-06-04T03:00:00+00:00,SE4,solar,6.222,15
2026-06-04T03:15:00+00:00,SE4,solar,8.896,15
2026-06-04T03:30:00+00:00,SE4,solar,11.284,15
2026-06-04T03:45:00+00:00,SE4,solar,14.43,15
2026-06-04T04:00:00+00:00,SE4,solar,24.856,15
2026-06-04T04:15:00+00:00,SE4,solar,31.106,15
2026-06-04T04:30:00+00:00,SE4,solar,37.067,15
2026-06-04T04:45:00+00:00,SE4,solar,43.628,15
2026-06-04T05:00:00+00:00,SE4,solar,61.639,15
2026-06-04T05:15:00+00:00,SE4,solar,72.593,15
2026-06-04T05:30:00+00:00,SE4,solar,83.003,15
2026-06-04T05:45:00+00:00,SE4,solar,90.657,15
2026-06-04T06:00:00+00:00,SE4,solar,115.769,15
2026-06-04T06:15:00+00:00,SE4,solar,128.111,15
2026-06-04T06:30:00+00:00,SE4,solar,142.298,15
2026-06-04T06:45:00+00:00,SE4,solar,156.347,15
2026-06-04T07:00:00+00:00,SE4,solar,187.045,15
2026-06-04T07:15:00+00:00,SE4,solar,213.588,15
2026-06-04T07:30:00+00:00,SE4,solar,229.767,15
2026-06-04T07:45:00+00:00,SE4,solar,244.606,15
2026-06-04T08:00:00+00:00,SE4,solar,267.049,15
2026-06-04T08:15:00+00:00,SE4,solar,278.446,15
2026-06-04T08:30:00+00:00,SE4,solar,299.276,15
2026-06-04T08:45:00+00:00,SE4,solar,303.811,15
2026-06-04T09:00:00+00:00,SE4,solar,314.692,15
2026-06-04T09:15:00+00:00,SE4,solar,320.352,15
2026-06-04T09:30:00+00:00,SE4,solar,321.726,15
2026-06-04T09:45:00+00:00,SE4,solar,321.183,15
2026-06-04T10:00:00+00:00,SE4,solar,318.66,15
2026-06-04T10:15:00+00:00,SE4,solar,331.701,15
2026-06-04T10:30:00+00:00,SE4,solar,329.925,15
2026-06-04T10:45:00+00:00,SE4,solar,326.114,15
2026-06-04T11:00:00+00:00,SE4,solar,321.027,15
2026-06-04T11:15:00+00:00,SE4,solar,319.542,15
2026-06-04T11:30:00+00:00,SE4,solar,315.866,15
2026-06-04T11:45:00+00:00,SE4,solar,310.564,15
2026-06-04T12:00:00+00:00,SE4,solar,309.695,15
2026-06-04T12:15:00+00:00,SE4,solar,306.066,15
2026-06-04T12:30:00+00:00,SE4,solar,299.963,15
2026-06-04T12:45:00+00:00,SE4,solar,293.247,15
2026-06-04T13:00:00+00:00,SE4,solar,290.556,15
2026-06-04T13:15:00+00:00,SE4,solar,280.179,15
2026-06-04T13:30:00+00:00,SE4,solar,267.778,15
2026-06-04T13:45:00+00:00,SE4,solar,254.098,15
2026-06-04T14:00:00+00:00,SE4,solar,230.348,15
2026-06-04T14:15:00+00:00,SE4,solar,217.714,15
2026-06-04T14:30:00+00:00,SE4,solar,200.362,15
2026-06-04T14:45:00+00:00,SE4,solar,184.335,15
2026-06-04T15:00:00+00:00,SE4,solar,150.616,15
2026-06-04T15:15:00+00:00,SE4,solar,133.831,15
2026-06-04T15:30:00+00:00,SE4,solar,117.266,15
2026-06-04T15:45:00+00:00,SE4,solar,101.763,15
2026-06-04T16:00:00+00:00,SE4,solar,77.459,15
2026-06-04T16:15:00+00:00,SE4,solar,67.299,15
2026-06-04T16:30:00+00:00,SE4,solar,56.528,15
2026-06-04T16:45:00+00:00,SE4,solar,45.771,15
2026-06-04T17:00:00+00:00,SE4,solar,29.267,15
2026-06-04T17:15:00+00:00,SE4,solar,24.873,15
2026-06-04T17:30:00+00:00,SE4,solar,20.836,15
2026-06-04T17:45:00+00:00,SE4,solar,16.613,15
2026-06-04T18:00:00+00:00,SE4,solar,11.04,15
2026-06-04T18:15:00+00:00,SE4,solar,9.612,15
2026-06-04T18:30:00+00:00,SE4,solar,7.465,15
2026-06-04T18:45:00+00:00,SE4,solar,5.758,15
2026-06-04T19:00:00+00:00,SE4,solar,3.026,15
2026-06-04T19:15:00+00:00,SE4,solar,1.963,15
2026-06-04T19:30:00+00:00,SE4,solar,1.448,15
2026-06-04T19:45:00+00:00,SE4,solar,0.708,15
2026-06-04T20:00:00+00:00,SE4,solar,0.449,15
2026-06-04T20:15:00+00:00,SE4,solar,0.432,15
2026-06-04T20:30:00+00:00,SE4,solar,0.415,15
2026-06-04T20:45:00+00:00,SE4,solar,0.393,15
2026-06-04T21:00:00+00:00,SE4,solar,0.379,15
2026-06-04T21:15:00+00:00,SE4,solar,0.368,15
2026-06-04T21:30:00+00:00,SE4,solar,0.36,15
2026-06-04T21:45:00+00:00,SE4,solar,0.354,15
2026-06-04T22:00:00+00:00,SE4,solar,0.997,15
2026-06-04T22:15:00+00:00,SE4,solar,0.915,15
2026-06-04T22:30:00+00:00,SE4,solar,0.832,15
2026-06-04T22:45:00+00:00,SE4,solar,0.767,15
2026-06-04T23:00:00+00:00,SE4,solar,0.792,15
2026-06-04T23:15:00+00:00,SE4,solar,0.755,15
2026-06-04T23:30:00+00:00,SE4,solar,0.753,15
2026-06-04T23:45:00+00:00,SE4,solar,0.775,15
2026-06-05T00:00:00+00:00,SE4,solar,0.81,15
2026-06-05T00:15:00+00:00,SE4,solar,0.708,15
2026-06-05T00:30:00+00:00,SE4,solar,0.688,15
2026-06-05T00:45:00+00:00,SE4,solar,0.67,15
2026-06-05T01:00:00+00:00,SE4,solar,0.643,15
2026-06-05T01:15:00+00:00,SE4,solar,0.597,15
2026-06-05T01:30:00+00:00,SE4,solar,0.647,15
2026-06-05T01:45:00+00:00,SE4,solar,0.691,15
2026-06-05T02:00:00+00:00,SE4,solar,0.819,15
2026-06-05T02:15:00+00:00,SE4,solar,0.911,15
2026-06-05T02:30:00+00:00,SE4,solar,1.463,15
2026-06-05T02:45:00+00:00,SE4,solar,2.087,15
2026-06-05T03:00:00+00:00,SE4,solar,6.893,15
2026-06-05T03:15:00+00:00,SE4,solar,10.398,15
2026-06-05T03:30:00+00:00,SE4,solar,14.279,15
2026-06-05T03:45:00+00:00,SE4,solar,18.501,15
2026-06-05T04:00:00+00:00,SE4,solar,31.951,15
2026-06-05T04:15:00+00:00,SE4,solar,42.043,15
2026-06-05T04:30:00+00:00,SE4,solar,52.925,15
2026-06-05T04:45:00+00:00,SE4,solar,65.653,15
2026-06-05T05:00:00+00:00,SE4,solar,92.718,15
2026-06-05T05:15:00+00:00,SE4,solar,108.584,15
2026-06-05T05:30:00+00:00,SE4,solar,125.76,15
2026-06-05T05:45:00+00:00,SE4,solar,142.081,15
2026-06-05T06:00:00+00:00,SE4,solar,170.173,15
2026-06-05T06:15:00+00:00,SE4,solar,187.715,15
2026-06-05T06:30:00+00:00,SE4,solar,205.362,15
2026-06-05T06:45:00+00:00,SE4,solar,223.752,15
2026-06-05T07:00:00+00:00,SE4,solar,256.067,15
2026-06-05T07:15:00+00:00,SE4,solar,278.155,15
2026-06-05T07:30:00+00:00,SE4,solar,300.256,15
2026-06-05T07:45:00+00:00,SE4,solar,334.874,15
2026-06-05T08:00:00+00:00,SE4,solar,373.97,15
2026-06-05T08:15:00+00:00,SE4,solar,391.616,15
2026-06-05T08:30:00+00:00,SE4,solar,410.621,15
2026-06-05T08:45:00+00:00,SE4,solar,428.899,15
2026-06-05T09:00:00+00:00,SE4,solar,451.728,15
2026-06-05T09:15:00+00:00,SE4,solar,456.801,15
2026-06-05T09:30:00+00:00,SE4,solar,466.613,15
2026-06-05T09:45:00+00:00,SE4,solar,476.585,15
2026-06-05T10:00:00+00:00,SE4,solar,492.451,15
2026-06-05T10:15:00+00:00,SE4,solar,499.132,15
2026-06-05T10:30:00+00:00,SE4,solar,502.399,15
2026-06-05T10:45:00+00:00,SE4,solar,505.631,15
2026-06-05T11:00:00+00:00,SE4,solar,512.427,15
2026-06-05T11:15:00+00:00,SE4,solar,513.986,15
2026-06-05T11:30:00+00:00,SE4,solar,515.537,15
2026-06-05T11:45:00+00:00,SE4,solar,515.714,15
2026-06-05T12:00:00+00:00,SE4,solar,516.359,15
2026-06-05T12:15:00+00:00,SE4,solar,513.194,15
2026-06-05T12:30:00+00:00,SE4,solar,509.233,15
2026-06-05T12:45:00+00:00,SE4,solar,502.469,15
2026-06-05T13:00:00+00:00,SE4,solar,485.145,15
2026-06-05T13:15:00+00:00,SE4,solar,474.233,15
2026-06-05T13:30:00+00:00,SE4,solar,462.246,15
2026-06-05T13:45:00+00:00,SE4,solar,447.569,15
2026-06-05T14:00:00+00:00,SE4,solar,419.217,15
2026-06-05T14:15:00+00:00,SE4,solar,401.116,15
2026-06-05T14:30:00+00:00,SE4,solar,379.684,15
2026-06-05T14:45:00+00:00,SE4,solar,357.172,15
2026-06-05T15:00:00+00:00,SE4,solar,317.001,15
2026-06-05T15:15:00+00:00,SE4,solar,292.15,15
2026-06-05T15:30:00+00:00,SE4,solar,266.135,15
2026-06-05T15:45:00+00:00,SE4,solar,240.588,15
2026-06-05T16:00:00+00:00,SE4,solar,195.724,15
2026-06-05T16:15:00+00:00,SE4,solar,173.356,15
2026-06-05T16:30:00+00:00,SE4,solar,150.229,15
2026-06-05T16:45:00+00:00,SE4,solar,129.036,15
2026-06-05T17:00:00+00:00,SE4,solar,98.67,15
2026-06-05T17:15:00+00:00,SE4,solar,82.038,15
2026-06-05T17:30:00+00:00,SE4,solar,67.082,15
2026-06-05T17:45:00+00:00,SE4,solar,53.484,15
2026-06-05T18:00:00+00:00,SE4,solar,35.212,15
2026-06-05T18:15:00+00:00,SE4,solar,29.078,15
2026-06-05T18:30:00+00:00,SE4,solar,23.259,15
2026-06-05T18:45:00+00:00,SE4,solar,17.665,15
2026-06-05T19:00:00+00:00,SE4,solar,5.538,15
2026-06-05T19:15:00+00:00,SE4,solar,3.901,15
2026-06-05T19:30:00+00:00,SE4,solar,2.568,15
2026-06-05T19:45:00+00:00,SE4,solar,0.991,15
2026-06-05T20:00:00+00:00,SE4,solar,0.577,15
2026-06-05T20:15:00+00:00,SE4,solar,0.524,15
2026-06-05T20:30:00+00:00,SE4,solar,0.49,15
2026-06-05T20:45:00+00:00,SE4,solar,0.453,15
2026-06-05T21:00:00+00:00,SE4,solar,0.463,15
2026-06-05T21:15:00+00:00,SE4,solar,0.445,15
2026-06-05T21:30:00+00:00,SE4,solar,0.431,15
2026-06-05T21:45:00+00:00,SE4,solar,0.422,15
2026-06-05T22:00:00+00:00,SE4,solar,2.948,15
2026-06-05T22:15:00+00:00,SE4,solar,1.54,15
2026-06-05T22:30:00+00:00,SE4,solar,1.036,15
2026-06-05T22:45:00+00:00,SE4,solar,0.729,15
2026-06-05T23:00:00+00:00,SE4,solar,0.692,15
2026-06-05T23:15:00+00:00,SE4,solar,0.591,15
2026-06-05T23:30:00+00:00,SE4,solar,0.551,15
2026-06-05T23:45:00+00:00,SE4,solar,0.55,15
2026-06-06T00:00:00+00:00,SE4,solar,0.555,15
2026-06-06T00:15:00+00:00,SE4,solar,0.565,15
2026-06-06T00:30:00+00:00,SE4,solar,0.605,15
2026-06-06T00:45:00+00:00,SE4,solar,0.671,15
2026-06-06T01:00:00+00:00,SE4,solar,0.754,15
2026-06-06T01:15:00+00:00,SE4,solar,0.784,15
2026-06-06T01:30:00+00:00,SE4,solar,0.788,15
2026-06-06T01:45:00+00:00,SE4,solar,0.747,15
2026-06-06T02:00:00+00:00,SE4,solar,0.775,15
2026-06-06T02:15:00+00:00,SE4,solar,0.886,15
2026-06-06T02:30:00+00:00,SE4,solar,1.301,15
2026-06-06T02:45:00+00:00,SE4,solar,2.188,15
2026-06-06T03:00:00+00:00,SE4,solar,8.848,15
2026-06-06T03:15:00+00:00,SE4,solar,14.509,15
2026-06-06T03:30:00+00:00,SE4,solar,21.278,15
2026-06-06T03:45:00+00:00,SE4,solar,29.09,15
2026-06-06T04:00:00+00:00,SE4,solar,45.512,15
2026-06-06T04:15:00+00:00,SE4,solar,60.034,15
2026-06-06T04:30:00+00:00,SE4,solar,74.205,15
2026-06-06T04:45:00+00:00,SE4,solar,89.992,15
2026-06-06T05:00:00+00:00,SE4,solar,120.354,15
2026-06-06T05:15:00+00:00,SE4,solar,142.41,15
2026-06-06T05:30:00+00:00,SE4,solar,166.695,15
2026-06-06T05:45:00+00:00,SE4,solar,193.693,15
2026-06-06T06:00:00+00:00,SE4,solar,239.516,15
2026-06-06T06:15:00+00:00,SE4,solar,272.205,15
2026-06-06T06:30:00+00:00,SE4,solar,303.524,15
2026-06-06T06:45:00+00:00,SE4,solar,334.429,15
2026-06-06T07:00:00+00:00,SE4,solar,405.035,15
2026-06-06T07:15:00+00:00,SE4,solar,436.728,15
2026-06-06T07:30:00+00:00,SE4,solar,468.248,15
2026-06-06T07:45:00+00:00,SE4,solar,498.159,15
2026-06-06T08:00:00+00:00,SE4,solar,551.969,15
2026-06-06T08:15:00+00:00,SE4,solar,577.386,15
2026-06-06T08:30:00+00:00,SE4,solar,601.706,15
2026-06-06T08:45:00+00:00,SE4,solar,625.379,15
2026-06-06T09:00:00+00:00,SE4,solar,663.845,15
2026-06-06T09:15:00+00:00,SE4,solar,678.87,15
2026-06-06T09:30:00+00:00,SE4,solar,694.892,15
2026-06-06T09:45:00+00:00,SE4,solar,707.78,15
2026-06-06T10:00:00+00:00,SE4,solar,720.887,15
2026-06-06T10:15:00+00:00,SE4,solar,727.728,15
2026-06-06T10:30:00+00:00,SE4,solar,733.225,15
2026-06-06T10:45:00+00:00,SE4,solar,734.353,15
2026-06-06T11:00:00+00:00,SE4,solar,736.835,15
2026-06-06T11:15:00+00:00,SE4,solar,736.574,15
2026-06-06T11:30:00+00:00,SE4,solar,734.132,15
2026-06-06T11:45:00+00:00,SE4,solar,729.27,15
2026-06-06T12:00:00+00:00,SE4,solar,717.42,15
2026-06-06T12:15:00+00:00,SE4,solar,707.403,15
2026-06-06T12:30:00+00:00,SE4,solar,695.761,15
2026-06-06T12:45:00+00:00,SE4,solar,683.23,15
2026-06-06T13:00:00+00:00,SE4,solar,655.355,15
2026-06-06T13:15:00+00:00,SE4,solar,637.12,15
2026-06-06T13:30:00+00:00,SE4,solar,616.769,15
2026-06-06T13:45:00+00:00,SE4,solar,594.345,15
2026-06-06T14:00:00+00:00,SE4,solar,558.849,15
2026-06-06T14:15:00+00:00,SE4,solar,530.321,15
2026-06-06T14:30:00+00:00,SE4,solar,500.922,15
2026-06-06T14:45:00+00:00,SE4,solar,473.555,15
2026-06-06T15:00:00+00:00,SE4,solar,420.259,15
2026-06-06T15:15:00+00:00,SE4,solar,387.798,15
2026-06-06T15:30:00+00:00,SE4,solar,354.706,15
2026-06-06T15:45:00+00:00,SE4,solar,321.936,15
2026-06-06T16:00:00+00:00,SE4,solar,267.876,15
2026-06-06T16:15:00+00:00,SE4,solar,235.61,15
2026-06-06T16:30:00+00:00,SE4,solar,204.572,15
2026-06-06T16:45:00+00:00,SE4,solar,175.384,15
2026-06-06T17:00:00+00:00,SE4,solar,133.728,15
2026-06-06T17:15:00+00:00,SE4,solar,112.835,15
2026-06-06T17:30:00+00:00,SE4,solar,92.831,15
2026-06-06T17:45:00+00:00,SE4,solar,74.922,15
2026-06-06T18:00:00+00:00,SE4,solar,51.823,15
2026-06-06T18:15:00+00:00,SE4,solar,41.583,15
2026-06-06T18:30:00+00:00,SE4,solar,32.606,15
2026-06-06T18:45:00+00:00,SE4,solar,24.826,15
2026-06-06T19:00:00+00:00,SE4,solar,12.856,15
2026-06-06T19:15:00+00:00,SE4,solar,7.651,15
2026-06-06T19:30:00+00:00,SE4,solar,2.499,15
2026-06-06T19:45:00+00:00,SE4,solar,1.827,15
2026-06-06T20:00:00+00:00,SE4,solar,5.405,15
2026-06-06T20:15:00+00:00,SE4,solar,1.24,15
2026-06-06T20:30:00+00:00,SE4,solar,0.948,15
2026-06-06T20:45:00+00:00,SE4,solar,0.921,15
2026-06-06T21:00:00+00:00,SE4,solar,1.13,15
2026-06-06T21:15:00+00:00,SE4,solar,1.137,15
2026-06-06T21:30:00+00:00,SE4,solar,1.075,15
2026-06-06T21:45:00+00:00,SE4,solar,0.827,15
2026-06-06T22:00:00+00:00,SE4,solar,0.993,15
2026-06-06T22:15:00+00:00,SE4,solar,0.898,15
2026-06-06T22:30:00+00:00,SE4,solar,0.822,15
2026-06-06T22:45:00+00:00,SE4,solar,0.755,15
2026-06-06T23:00:00+00:00,SE4,solar,0.78,15
2026-06-06T23:15:00+00:00,SE4,solar,0.748,15
2026-06-06T23:30:00+00:00,SE4,solar,0.751,15
2026-06-06T23:45:00+00:00,SE4,solar,0.763,15
2026-06-07T00:00:00+00:00,SE4,solar,0.809,15
2026-06-07T00:15:00+00:00,SE4,solar,0.705,15
2026-06-07T00:30:00+00:00,SE4,solar,0.675,15
2026-06-07T00:45:00+00:00,SE4,solar,0.661,15
2026-06-07T01:00:00+00:00,SE4,solar,0.648,15
2026-06-07T01:15:00+00:00,SE4,solar,0.597,15
2026-06-07T01:30:00+00:00,SE4,solar,0.637,15
2026-06-07T01:45:00+00:00,SE4,solar,0.687,15
2026-06-07T02:00:00+00:00,SE4,solar,0.756,15
2026-06-07T02:15:00+00:00,SE4,solar,0.934,15
2026-06-07T02:30:00+00:00,SE4,solar,1.549,15
2026-06-07T02:45:00+00:00,SE4,solar,2.221,15
2026-06-07T03:00:00+00:00,SE4,solar,9.273,15
2026-06-07T03:15:00+00:00,SE4,solar,12.702,15
2026-06-07T03:30:00+00:00,SE4,solar,16.42,15
2026-06-07T03:45:00+00:00,SE4,solar,20.78,15
2026-06-07T04:00:00+00:00,SE4,solar,27.891,15
2026-06-07T04:15:00+00:00,SE4,solar,36.768,15
2026-06-07T04:30:00+00:00,SE4,solar,45.427,15
2026-06-07T04:45:00+00:00,SE4,solar,55.952,15
2026-06-07T05:00:00+00:00,SE4,solar,76.488,15
2026-06-07T05:15:00+00:00,SE4,solar,89.556,15
2026-06-07T05:30:00+00:00,SE4,solar,104.102,15
2026-06-07T05:45:00+00:00,SE4,solar,120.118,15
2026-06-07T06:00:00+00:00,SE4,solar,152.518,15
2026-06-07T06:15:00+00:00,SE4,solar,167.253,15
2026-06-07T06:30:00+00:00,SE4,solar,184.902,15
2026-06-07T06:45:00+00:00,SE4,solar,198.283,15
2026-06-07T07:00:00+00:00,SE4,solar,218.301,15
2026-06-07T07:15:00+00:00,SE4,solar,233.392,15
2026-06-07T07:30:00+00:00,SE4,solar,244.118,15
2026-06-07T07:45:00+00:00,SE4,solar,257.171,15
2026-06-07T08:00:00+00:00,SE4,solar,265.645,15
2026-06-07T08:15:00+00:00,SE4,solar,269.393,15
2026-06-07T08:30:00+00:00,SE4,solar,278.65,15
2026-06-07T08:45:00+00:00,SE4,solar,287.172,15
2026-06-07T09:00:00+00:00,SE4,solar,307.598,15
2026-06-07T09:15:00+00:00,SE4,solar,315.93,15
2026-06-07T09:30:00+00:00,SE4,solar,323.028,15
2026-06-07T09:45:00+00:00,SE4,solar,325.099,15
2026-06-07T10:00:00+00:00,SE4,solar,345.246,15
2026-06-07T10:15:00+00:00,SE4,solar,349.972,15
2026-06-07T10:30:00+00:00,SE4,solar,353.215,15
2026-06-07T10:45:00+00:00,SE4,solar,355.789,15
2026-06-07T11:00:00+00:00,SE4,solar,368.204,15
2026-06-07T11:15:00+00:00,SE4,solar,374.479,15
2026-06-07T11:30:00+00:00,SE4,solar,374.916,15
2026-06-07T11:45:00+00:00,SE4,solar,374.243,15
2026-06-07T12:00:00+00:00,SE4,solar,376.41,15
2026-06-07T12:15:00+00:00,SE4,solar,375.044,15
2026-06-07T12:30:00+00:00,SE4,solar,373.683,15
2026-06-07T12:45:00+00:00,SE4,solar,370.352,15
2026-06-07T13:00:00+00:00,SE4,solar,393.137,15
2026-06-07T13:15:00+00:00,SE4,solar,384.005,15
2026-06-07T13:30:00+00:00,SE4,solar,375.197,15
2026-06-07T13:45:00+00:00,SE4,solar,368.374,15
2026-06-07T14:00:00+00:00,SE4,solar,339.431,15
2026-06-07T14:15:00+00:00,SE4,solar,330.85,15
2026-06-07T14:30:00+00:00,SE4,solar,312.161,15
2026-06-07T14:45:00+00:00,SE4,solar,292.239,15
2026-06-07T15:00:00+00:00,SE4,solar,254.675,15
2026-06-07T15:15:00+00:00,SE4,solar,232.55,15
2026-06-07T15:30:00+00:00,SE4,solar,211.125,15
2026-06-07T15:45:00+00:00,SE4,solar,191.178,15
2026-06-07T16:00:00+00:00,SE4,solar,159.909,15
2026-06-07T16:15:00+00:00,SE4,solar,141.823,15
2026-06-07T16:30:00+00:00,SE4,solar,125.069,15
2026-06-07T16:45:00+00:00,SE4,solar,109.466,15
2026-06-07T17:00:00+00:00,SE4,solar,86.786,15
2026-06-07T17:15:00+00:00,SE4,solar,75.036,15
2026-06-07T17:30:00+00:00,SE4,solar,64.551,15
2026-06-07T17:45:00+00:00,SE4,solar,55.375,15
2026-06-07T18:00:00+00:00,SE4,solar,46.259,15
2026-06-07T18:15:00+00:00,SE4,solar,42.29,15
2026-06-07T18:30:00+00:00,SE4,solar,34.788,15
2026-06-07T18:45:00+00:00,SE4,solar,27.559,15
2026-06-07T19:00:00+00:00,SE4,solar,15.012,15
2026-06-07T19:15:00+00:00,SE4,solar,9.75,15
2026-06-07T19:30:00+00:00,SE4,solar,1.812,15
2026-06-07T19:45:00+00:00,SE4,solar,3.891,15
2026-06-07T20:00:00+00:00,SE4,solar,3.03,15
2026-06-07T20:15:00+00:00,SE4,solar,3.368,15
2026-06-07T20:30:00+00:00,SE4,solar,2.936,15
2026-06-07T20:45:00+00:00,SE4,solar,2.015,15
2026-06-07T21:00:00+00:00,SE4,solar,1.42,15
2026-06-07T21:15:00+00:00,SE4,solar,1.04,15
2026-06-07T21:30:00+00:00,SE4,solar,0.156,15
2026-06-07T21:45:00+00:00,SE4,solar,0.83,15
2026-06-07T22:00:00+00:00,SE4,solar,0.748,15
2026-06-07T22:15:00+00:00,SE4,solar,0.674,15
2026-06-07T22:30:00+00:00,SE4,solar,0.687,15
2026-06-07T22:45:00+00:00,SE4,solar,0.663,15
2026-06-07T23:00:00+00:00,SE4,solar,0.633,15
2026-06-07T23:15:00+00:00,SE4,solar,0.569,15
2026-06-07T23:30:00+00:00,SE4,solar,0.546,15
2026-06-07T23:45:00+00:00,SE4,solar,0.522,15
2026-06-08T00:00:00+00:00,SE4,solar,0.502,15
2026-06-08T00:15:00+00:00,SE4,solar,0.501,15
2026-06-08T00:30:00+00:00,SE4,solar,0.514,15
2026-06-08T01:00:00+00:00,SE4,solar,0.521,15
2026-06-08T01:15:00+00:00,SE4,solar,0.522,15
2026-06-08T01:30:00+00:00,SE4,solar,0.527,15
2026-06-08T01:45:00+00:00,SE4,solar,0.52,15
2026-06-08T02:00:00+00:00,SE4,solar,0.748,15
2026-06-08T02:15:00+00:00,SE4,solar,1.034,15
2026-06-08T02:30:00+00:00,SE4,solar,1.524,15
2026-06-08T02:45:00+00:00,SE4,solar,2.421,15
2026-06-08T03:00:00+00:00,SE4,solar,7.227,15
2026-06-08T03:15:00+00:00,SE4,solar,10.282,15
2026-06-08T03:30:00+00:00,SE4,solar,12.37,15
2026-06-08T03:45:00+00:00,SE4,solar,15.558,15
2026-06-08T04:00:00+00:00,SE4,solar,20.102,15
2026-06-08T04:15:00+00:00,SE4,solar,25.898,15
2026-06-08T04:30:00+00:00,SE4,solar,33.308,15
2026-06-08T04:45:00+00:00,SE4,solar,42.68,15
2026-06-08T05:00:00+00:00,SE4,solar,63.995,15
2026-06-08T05:15:00+00:00,SE4,solar,78.602,15
2026-06-08T05:30:00+00:00,SE4,solar,96.203,15
2026-06-08T05:45:00+00:00,SE4,solar,112.882,15
2026-06-08T06:00:00+00:00,SE4,solar,148.681,15
2026-06-08T06:15:00+00:00,SE4,solar,167.15,15
2026-06-08T06:30:00+00:00,SE4,solar,187.301,15
2026-06-08T06:45:00+00:00,SE4,solar,205.353,15
2026-06-08T07:00:00+00:00,SE4,solar,246.608,15
2026-06-08T07:15:00+00:00,SE4,solar,267.755,15
2026-06-08T07:30:00+00:00,SE4,solar,290.174,15
2026-06-08T07:45:00+00:00,SE4,solar,311.069,15
2026-06-08T08:00:00+00:00,SE4,solar,353.611,15
2026-06-08T08:15:00+00:00,SE4,solar,373.805,15
2026-06-08T08:30:00+00:00,SE4,solar,402.736,15
2026-06-08T08:45:00+00:00,SE4,solar,421.285,15
2026-06-08T09:00:00+00:00,SE4,solar,452.56,15
2026-06-08T09:15:00+00:00,SE4,solar,468.697,15
2026-06-08T09:30:00+00:00,SE4,solar,512.138,15
2026-06-08T09:45:00+00:00,SE4,solar,520.823,15
2026-06-08T10:00:00+00:00,SE4,solar,546.229,15
2026-06-08T10:15:00+00:00,SE4,solar,554.584,15
2026-06-08T10:30:00+00:00,SE4,solar,561.352,15
2026-06-08T10:45:00+00:00,SE4,solar,563.33,15
2026-06-08T11:00:00+00:00,SE4,solar,564.825,15
2026-06-08T11:15:00+00:00,SE4,solar,567.515,15
2026-06-08T11:30:00+00:00,SE4,solar,568.057,15
2026-06-08T11:45:00+00:00,SE4,solar,567.447,15
2026-06-08T12:00:00+00:00,SE4,solar,557.47,15
2026-06-08T12:15:00+00:00,SE4,solar,552.643,15
2026-06-08T12:30:00+00:00,SE4,solar,549.101,15
2026-06-08T12:45:00+00:00,SE4,solar,544.498,15
2026-06-08T13:00:00+00:00,SE4,solar,541.905,15
2026-06-08T13:15:00+00:00,SE4,solar,536.558,15
2026-06-08T13:30:00+00:00,SE4,solar,528.375,15
2026-06-08T13:45:00+00:00,SE4,solar,513.721,15
2026-06-08T14:00:00+00:00,SE4,solar,483.527,15
2026-06-08T14:15:00+00:00,SE4,solar,459.217,15
2026-06-08T14:30:00+00:00,SE4,solar,436.763,15
2026-06-08T14:45:00+00:00,SE4,solar,412.778,15
2026-06-08T15:00:00+00:00,SE4,solar,364.474,15
2026-06-08T15:15:00+00:00,SE4,solar,337.211,15
2026-06-08T15:30:00+00:00,SE4,solar,288.947,15
2026-06-08T15:45:00+00:00,SE4,solar,260.243,15
2026-06-08T16:00:00+00:00,SE4,solar,210.085,15
2026-06-08T16:15:00+00:00,SE4,solar,183.405,15
2026-06-08T16:30:00+00:00,SE4,solar,156.809,15
2026-06-08T16:45:00+00:00,SE4,solar,131.832,15
2026-06-08T17:00:00+00:00,SE4,solar,92.391,15
2026-06-08T17:15:00+00:00,SE4,solar,74.367,15
2026-06-08T17:30:00+00:00,SE4,solar,59.219,15
2026-06-08T17:45:00+00:00,SE4,solar,45.337,15
2026-06-08T18:00:00+00:00,SE4,solar,30.712,15
2026-06-08T18:15:00+00:00,SE4,solar,24.715,15
2026-06-08T18:30:00+00:00,SE4,solar,20.915,15
2026-06-08T18:45:00+00:00,SE4,solar,16.635,15
2026-06-08T19:00:00+00:00,SE4,solar,8.875,15
2026-06-08T19:15:00+00:00,SE4,solar,6.766,15
2026-06-08T19:30:00+00:00,SE4,solar,2.0,15
2026-06-08T19:45:00+00:00,SE4,solar,3.241,15
2026-06-08T20:00:00+00:00,SE4,solar,1.345,15
2026-06-08T20:15:00+00:00,SE4,solar,1.536,15
2026-06-08T20:30:00+00:00,SE4,solar,2.171,15
2026-06-08T20:45:00+00:00,SE4,solar,1.097,15
2026-06-08T21:00:00+00:00,SE4,solar,0.938,15
2026-06-08T21:15:00+00:00,SE4,solar,0.838,15
2026-06-08T21:30:00+00:00,SE4,solar,0.822,15
2026-06-08T21:45:00+00:00,SE4,solar,0.69,15
2026-06-08T22:00:00+00:00,SE4,solar,0.625,15
2026-06-08T22:15:00+00:00,SE4,solar,0.611,15
2026-06-08T22:30:00+00:00,SE4,solar,0.634,15
2026-06-08T22:45:00+00:00,SE4,solar,0.621,15
2026-06-08T23:00:00+00:00,SE4,solar,0.604,15
2026-06-08T23:15:00+00:00,SE4,solar,0.591,15
2026-06-08T23:45:00+00:00,SE4,solar,0.593,15
2026-06-09T00:00:00+00:00,SE4,solar,0.612,15
2026-06-09T00:15:00+00:00,SE4,solar,0.632,15
2026-06-09T00:30:00+00:00,SE4,solar,0.631,15
2026-06-09T00:45:00+00:00,SE4,solar,0.637,15
2026-06-09T01:00:00+00:00,SE4,solar,0.666,15
2026-06-09T01:15:00+00:00,SE4,solar,0.678,15
2026-06-09T01:30:00+00:00,SE4,solar,0.676,15
2026-06-09T01:45:00+00:00,SE4,solar,0.688,15
2026-06-09T02:00:00+00:00,SE4,solar,0.883,15
2026-06-09T02:15:00+00:00,SE4,solar,1.25,15
2026-06-09T02:30:00+00:00,SE4,solar,1.763,15
2026-06-09T02:45:00+00:00,SE4,solar,2.935,15
2026-06-09T03:00:00+00:00,SE4,solar,7.992,15
2026-06-09T03:15:00+00:00,SE4,solar,10.094,15
2026-06-09T03:30:00+00:00,SE4,solar,13.445,15
2026-06-09T03:45:00+00:00,SE4,solar,16.521,15
2026-06-09T04:00:00+00:00,SE4,solar,20.532,15
2026-06-09T04:15:00+00:00,SE4,solar,25.056,15
2026-06-09T04:30:00+00:00,SE4,solar,31.475,15
2026-06-09T04:45:00+00:00,SE4,solar,37.425,15
2026-06-09T05:00:00+00:00,SE4,solar,48.604,15
2026-06-09T05:15:00+00:00,SE4,solar,56.206,15
2026-06-09T05:30:00+00:00,SE4,solar,65.474,15
2026-06-09T05:45:00+00:00,SE4,solar,72.369,15
2026-06-09T06:00:00+00:00,SE4,solar,86.438,15
2026-06-09T06:15:00+00:00,SE4,solar,95.452,15
2026-06-09T06:30:00+00:00,SE4,solar,104.035,15
2026-06-09T06:45:00+00:00,SE4,solar,111.914,15
2026-06-09T07:00:00+00:00,SE4,solar,127.947,15
2026-06-09T07:15:00+00:00,SE4,solar,135.051,15
2026-06-09T07:30:00+00:00,SE4,solar,142.146,15
2026-06-09T07:45:00+00:00,SE4,solar,147.602,15
2026-06-09T08:00:00+00:00,SE4,solar,153.932,15
2026-06-09T08:15:00+00:00,SE4,solar,161.545,15
2026-06-09T08:30:00+00:00,SE4,solar,169.568,15
2026-06-09T08:45:00+00:00,SE4,solar,170.423,15
2026-06-09T09:00:00+00:00,SE4,solar,185.713,15
2026-06-09T09:15:00+00:00,SE4,solar,194.341,15
2026-06-09T09:30:00+00:00,SE4,solar,202.174,15
2026-06-09T09:45:00+00:00,SE4,solar,210.524,15
2026-06-09T10:00:00+00:00,SE4,solar,228.9,15
2026-06-09T10:15:00+00:00,SE4,solar,236.266,15
2026-06-09T10:30:00+00:00,SE4,solar,243.0,15
2026-06-09T10:45:00+00:00,SE4,solar,249.182,15
2026-06-09T11:00:00+00:00,SE4,solar,256.29,15
2026-06-09T11:15:00+00:00,SE4,solar,260.56,15
2026-06-09T11:30:00+00:00,SE4,solar,264.455,15
2026-06-09T11:45:00+00:00,SE4,solar,267.936,15
2026-06-09T12:00:00+00:00,SE4,solar,275.611,15
2026-06-09T12:15:00+00:00,SE4,solar,277.788,15
2026-06-09T12:30:00+00:00,SE4,solar,276.962,15
2026-06-09T12:45:00+00:00,SE4,solar,273.612,15
2026-06-09T13:00:00+00:00,SE4,solar,266.811,15
2026-06-09T13:15:00+00:00,SE4,solar,258.202,15
2026-06-09T13:30:00+00:00,SE4,solar,247.48,15
2026-06-09T13:45:00+00:00,SE4,solar,264.585,15
2026-06-09T14:00:00+00:00,SE4,solar,244.875,15
2026-06-09T14:15:00+00:00,SE4,solar,231.002,15
2026-06-09T14:30:00+00:00,SE4,solar,216.03,15
2026-06-09T14:45:00+00:00,SE4,solar,202.925,15
2026-06-09T15:00:00+00:00,SE4,solar,184.191,15
2026-06-09T15:15:00+00:00,SE4,solar,169.917,15
2026-06-09T15:30:00+00:00,SE4,solar,155.043,15
2026-06-09T15:45:00+00:00,SE4,solar,141.304,15
2026-06-09T16:00:00+00:00,SE4,solar,121.555,15
2026-06-09T16:15:00+00:00,SE4,solar,110.763,15
2026-06-09T16:30:00+00:00,SE4,solar,97.733,15
2026-06-09T16:45:00+00:00,SE4,solar,86.241,15
2026-06-09T17:00:00+00:00,SE4,solar,70.64,15
2026-06-09T17:15:00+00:00,SE4,solar,62.607,15
2026-06-09T17:30:00+00:00,SE4,solar,53.89,15
2026-06-09T17:45:00+00:00,SE4,solar,46.228,15
2026-06-09T18:00:00+00:00,SE4,solar,37.974,15
2026-06-09T18:15:00+00:00,SE4,solar,31.954,15
2026-06-09T18:30:00+00:00,SE4,solar,26.528,15
2026-06-09T18:45:00+00:00,SE4,solar,21.781,15
2026-06-09T19:00:00+00:00,SE4,solar,8.858,15
2026-06-09T19:15:00+00:00,SE4,solar,5.848,15
2026-06-09T19:30:00+00:00,SE4,solar,3.272,15
2026-06-09T19:45:00+00:00,SE4,solar,1.488,15
2026-06-09T20:00:00+00:00,SE4,solar,0.801,15
2026-06-09T20:15:00+00:00,SE4,solar,0.748,15
2026-06-09T20:30:00+00:00,SE4,solar,0.705,15
2026-06-09T20:45:00+00:00,SE4,solar,0.652,15
2026-06-09T21:00:00+00:00,SE4,solar,0.627,15
2026-06-09T21:15:00+00:00,SE4,solar,0.619,15
2026-06-09T21:30:00+00:00,SE4,solar,0.621,15
2026-06-09T21:45:00+00:00,SE4,solar,0.573,15
2026-06-09T22:00:00+00:00,SE4,solar,0.581,15
2026-06-09T22:15:00+00:00,SE4,solar,0.609,15
2026-06-09T22:30:00+00:00,SE4,solar,0.576,15
2026-06-09T22:45:00+00:00,SE4,solar,0.566,15
2026-06-09T23:00:00+00:00,SE4,solar,0.537,15
2026-06-09T23:15:00+00:00,SE4,solar,0.526,15
2026-06-09T23:30:00+00:00,SE4,solar,0.514,15
2026-06-09T23:45:00+00:00,SE4,solar,0.499,15
2026-06-10T00:00:00+00:00,SE4,solar,0.493,15
2026-06-10T00:15:00+00:00,SE4,solar,0.477,15
2026-06-10T00:30:00+00:00,SE4,solar,0.475,15
2026-06-10T00:45:00+00:00,SE4,solar,0.472,15
2026-06-10T01:15:00+00:00,SE4,solar,0.473,15
2026-06-10T01:30:00+00:00,SE4,solar,0.459,15
2026-06-10T01:45:00+00:00,SE4,solar,0.46,15
2026-06-10T02:00:00+00:00,SE4,solar,0.637,15
2026-06-10T02:15:00+00:00,SE4,solar,1.174,15
2026-06-10T02:30:00+00:00,SE4,solar,2.029,15
2026-06-10T02:45:00+00:00,SE4,solar,3.882,15
2026-06-10T03:00:00+00:00,SE4,solar,12.951,15
2026-06-10T03:15:00+00:00,SE4,solar,18.935,15
2026-06-10T03:30:00+00:00,SE4,solar,25.915,15
2026-06-10T03:45:00+00:00,SE4,solar,34.476,15
2026-06-10T04:00:00+00:00,SE4,solar,50.248,15
2026-06-10T04:15:00+00:00,SE4,solar,63.403,15
2026-06-10T04:30:00+00:00,SE4,solar,78.585,15
2026-06-10T04:45:00+00:00,SE4,solar,95.553,15
2026-06-10T05:00:00+00:00,SE4,solar,129.916,15
2026-06-10T05:15:00+00:00,SE4,solar,150.524,15
2026-06-10T05:30:00+00:00,SE4,solar,173.288,15
2026-06-10T05:45:00+00:00,SE4,solar,194.1,15
2026-06-10T06:00:00+00:00,SE4,solar,234.989,15
2026-06-10T06:15:00+00:00,SE4,solar,259.04,15
2026-06-10T06:30:00+00:00,SE4,solar,283.341,15
2026-06-10T06:45:00+00:00,SE4,solar,306.753,15
2026-06-10T07:00:00+00:00,SE4,solar,350.81,15
2026-06-10T07:15:00+00:00,SE4,solar,375.198,15
2026-06-10T07:30:00+00:00,SE4,solar,399.869,15
2026-06-10T07:45:00+00:00,SE4,solar,424.147,15
2026-06-10T08:00:00+00:00,SE4,solar,465.645,15
2026-06-10T08:15:00+00:00,SE4,solar,488.236,15
2026-06-10T08:30:00+00:00,SE4,solar,508.585,15
2026-06-10T08:45:00+00:00,SE4,solar,527.808,15
2026-06-10T09:00:00+00:00,SE4,solar,559.405,15
2026-06-10T09:15:00+00:00,SE4,solar,572.734,15
2026-06-10T09:30:00+00:00,SE4,solar,584.374,15
2026-06-10T09:45:00+00:00,SE4,solar,594.155,15
2026-06-10T10:00:00+00:00,SE4,solar,602.876,15
2026-06-10T10:15:00+00:00,SE4,solar,606.856,15
2026-06-10T10:30:00+00:00,SE4,solar,608.763,15
2026-06-10T10:45:00+00:00,SE4,solar,607.235,15
2026-06-10T11:00:00+00:00,SE4,solar,604.601,15
2026-06-10T11:15:00+00:00,SE4,solar,601.653,15
2026-06-10T11:30:00+00:00,SE4,solar,601.331,15
2026-06-10T11:45:00+00:00,SE4,solar,601.291,15
2026-06-10T12:00:00+00:00,SE4,solar,592.451,15
2026-06-10T12:15:00+00:00,SE4,solar,590.668,15
2026-06-10T12:30:00+00:00,SE4,solar,581.599,15
2026-06-10T12:45:00+00:00,SE4,solar,570.862,15
2026-06-10T13:00:00+00:00,SE4,solar,546.212,15
2026-06-10T13:15:00+00:00,SE4,solar,531.8,15
2026-06-10T13:30:00+00:00,SE4,solar,517.684,15
2026-06-10T13:45:00+00:00,SE4,solar,502.106,15
2026-06-10T14:00:00+00:00,SE4,solar,479.709,15
2026-06-10T14:15:00+00:00,SE4,solar,462.128,15
2026-06-10T14:30:00+00:00,SE4,solar,437.965,15
2026-06-10T14:45:00+00:00,SE4,solar,411.092,15
2026-06-10T15:00:00+00:00,SE4,solar,360.67,15
2026-06-10T15:15:00+00:00,SE4,solar,330.983,15
2026-06-10T15:30:00+00:00,SE4,solar,303.591,15
2026-06-10T15:45:00+00:00,SE4,solar,275.663,15
2026-06-10T16:00:00+00:00,SE4,solar,232.257,15
2026-06-10T16:15:00+00:00,SE4,solar,203.942,15
2026-06-10T16:30:00+00:00,SE4,solar,178.162,15
2026-06-10T16:45:00+00:00,SE4,solar,153.818,15
2026-06-10T17:00:00+00:00,SE4,solar,115.845,15
2026-06-10T17:15:00+00:00,SE4,solar,101.036,15
2026-06-10T17:30:00+00:00,SE4,solar,87.51,15
2026-06-10T17:45:00+00:00,SE4,solar,72.922,15
2026-06-10T18:00:00+00:00,SE4,solar,51.54,15
2026-06-10T18:15:00+00:00,SE4,solar,40.132,15
2026-06-10T18:30:00+00:00,SE4,solar,28.384,15
2026-06-10T18:45:00+00:00,SE4,solar,20.96,15
2026-06-10T19:00:00+00:00,SE4,solar,11.934,15
2026-06-10T19:15:00+00:00,SE4,solar,6.966,15
2026-06-10T19:30:00+00:00,SE4,solar,3.08,15
2026-06-10T19:45:00+00:00,SE4,solar,2.051,15
2026-06-10T20:00:00+00:00,SE4,solar,1.235,15
2026-06-10T20:15:00+00:00,SE4,solar,1.108,15
2026-06-10T20:30:00+00:00,SE4,solar,0.916,15
2026-06-10T20:45:00+00:00,SE4,solar,0.817,15
2026-06-10T21:00:00+00:00,SE4,solar,0.802,15
2026-06-10T21:15:00+00:00,SE4,solar,0.713,15
2026-06-10T21:30:00+00:00,SE4,solar,0.856,15
2026-06-10T21:45:00+00:00,SE4,solar,0.627,15
2026-06-10T22:00:00+00:00,SE4,solar,0.487,15
2026-06-10T22:15:00+00:00,SE4,solar,0.552,15
2026-06-10T22:30:00+00:00,SE4,solar,0.491,15
2026-06-10T22:45:00+00:00,SE4,solar,0.486,15
2026-06-10T23:00:00+00:00,SE4,solar,0.476,15
2026-06-10T23:15:00+00:00,SE4,solar,0.472,15
2026-06-10T23:30:00+00:00,SE4,solar,0.481,15
2026-06-10T23:45:00+00:00,SE4,solar,0.467,15
2026-06-11T00:00:00+00:00,SE4,solar,0.453,15
2026-06-11T00:15:00+00:00,SE4,solar,0.442,15
2026-06-11T00:30:00+00:00,SE4,solar,0.431,15
2026-06-11T00:45:00+00:00,SE4,solar,0.42,15
2026-06-11T01:00:00+00:00,SE4,solar,0.461,15
2026-06-11T01:15:00+00:00,SE4,solar,0.467,15
2026-06-11T01:30:00+00:00,SE4,solar,0.471,15
2026-06-11T01:45:00+00:00,SE4,solar,0.483,15
2026-06-11T02:00:00+00:00,SE4,solar,0.688,15
2026-06-11T02:15:00+00:00,SE4,solar,1.171,15
2026-06-11T02:30:00+00:00,SE4,solar,1.917,15
2026-06-11T02:45:00+00:00,SE4,solar,3.166,15
2026-06-11T03:00:00+00:00,SE4,solar,11.292,15
2026-06-11T03:15:00+00:00,SE4,solar,16.409,15
2026-06-11T03:30:00+00:00,SE4,solar,23.953,15
2026-06-11T03:45:00+00:00,SE4,solar,32.19,15
2026-06-11T04:00:00+00:00,SE4,solar,49.305,15
2026-06-11T04:15:00+00:00,SE4,solar,60.724,15
2026-06-11T04:30:00+00:00,SE4,solar,75.163,15
2026-06-11T04:45:00+00:00,SE4,solar,88.3,15
2026-06-11T05:00:00+00:00,SE4,solar,116.387,15
2026-06-11T05:15:00+00:00,SE4,solar,132.791,15
2026-06-11T05:30:00+00:00,SE4,solar,152.778,15
2026-06-11T05:45:00+00:00,SE4,solar,172.15,15
2026-06-11T06:00:00+00:00,SE4,solar,210.296,15
2026-06-11T06:15:00+00:00,SE4,solar,232.081,15
2026-06-11T06:30:00+00:00,SE4,solar,255.463,15
2026-06-11T06:45:00+00:00,SE4,solar,276.514,15
2026-06-11T07:00:00+00:00,SE4,solar,312.724,15
2026-06-11T07:15:00+00:00,SE4,solar,332.315,15
2026-06-11T07:30:00+00:00,SE4,solar,350.854,15
2026-06-11T07:45:00+00:00,SE4,solar,369.039,15
2026-06-11T08:00:00+00:00,SE4,solar,399.908,15
2026-06-11T08:15:00+00:00,SE4,solar,411.83,15
2026-06-11T08:30:00+00:00,SE4,solar,421.65,15
2026-06-11T08:45:00+00:00,SE4,solar,432.478,15
2026-06-11T09:00:00+00:00,SE4,solar,446.236,15
2026-06-11T09:15:00+00:00,SE4,solar,449.803,15
2026-06-11T09:30:00+00:00,SE4,solar,455.091,15
2026-06-11T09:45:00+00:00,SE4,solar,459.311,15
2026-06-11T10:00:00+00:00,SE4,solar,468.791,15
2026-06-11T10:15:00+00:00,SE4,solar,471.366,15
2026-06-11T10:30:00+00:00,SE4,solar,474.296,15
2026-06-11T10:45:00+00:00,SE4,solar,474.866,15
2026-06-11T11:00:00+00:00,SE4,solar,476.721,15
2026-06-11T11:15:00+00:00,SE4,solar,476.564,15
2026-06-11T11:30:00+00:00,SE4,solar,476.761,15
2026-06-11T11:45:00+00:00,SE4,solar,474.6,15
2026-06-11T12:00:00+00:00,SE4,solar,471.792,15
2026-06-11T12:15:00+00:00,SE4,solar,466.378,15
2026-06-11T12:30:00+00:00,SE4,solar,461.106,15
2026-06-11T12:45:00+00:00,SE4,solar,454.697,15
2026-06-11T13:00:00+00:00,SE4,solar,454.689,15
2026-06-11T13:15:00+00:00,SE4,solar,464.514,15
2026-06-11T13:30:00+00:00,SE4,solar,455.452,15
2026-06-11T13:45:00+00:00,SE4,solar,443.977,15
2026-06-11T14:00:00+00:00,SE4,solar,412.823,15
2026-06-11T14:15:00+00:00,SE4,solar,398.907,15
2026-06-11T14:30:00+00:00,SE4,solar,380.683,15
2026-06-11T14:45:00+00:00,SE4,solar,361.761,15
2026-06-11T15:00:00+00:00,SE4,solar,320.236,15
2026-06-11T15:15:00+00:00,SE4,solar,295.217,15
2026-06-11T15:30:00+00:00,SE4,solar,269.29,15
2026-06-11T15:45:00+00:00,SE4,solar,244.062,15
2026-06-11T16:00:00+00:00,SE4,solar,203.696,15
2026-06-11T16:15:00+00:00,SE4,solar,180.408,15
2026-06-11T16:30:00+00:00,SE4,solar,157.477,15
2026-06-11T16:45:00+00:00,SE4,solar,138.292,15
2026-06-11T17:00:00+00:00,SE4,solar,110.246,15
2026-06-11T17:15:00+00:00,SE4,solar,94.88,15
2026-06-11T17:30:00+00:00,SE4,solar,80.516,15
2026-06-11T17:45:00+00:00,SE4,solar,66.848,15
2026-06-11T18:00:00+00:00,SE4,solar,48.402,15
2026-06-11T18:15:00+00:00,SE4,solar,38.688,15
2026-06-11T18:30:00+00:00,SE4,solar,30.701,15
2026-06-11T18:45:00+00:00,SE4,solar,23.605,15
2026-06-11T19:00:00+00:00,SE4,solar,10.609,15
2026-06-11T19:15:00+00:00,SE4,solar,7.214,15
2026-06-11T19:30:00+00:00,SE4,solar,3.096,15
2026-06-11T19:45:00+00:00,SE4,solar,2.197,15
2026-06-11T20:00:00+00:00,SE4,solar,0.585,15
2026-06-11T20:15:00+00:00,SE4,solar,0.501,15
2026-06-11T20:30:00+00:00,SE4,solar,0.983,15
2026-06-11T20:45:00+00:00,SE4,solar,0.798,15
2026-06-11T21:00:00+00:00,SE4,solar,0.761,15
2026-06-11T21:15:00+00:00,SE4,solar,0.708,15
2026-06-11T21:30:00+00:00,SE4,solar,0.819,15
2026-06-11T21:45:00+00:00,SE4,solar,0.604,15
2026-06-11T22:00:00+00:00,SE4,solar,0.523,15
2026-06-11T22:15:00+00:00,SE4,solar,0.548,15
2026-06-11T22:30:00+00:00,SE4,solar,0.518,15
2026-06-11T22:45:00+00:00,SE4,solar,0.513,15
2026-06-11T23:00:00+00:00,SE4,solar,0.492,15
2026-06-11T23:15:00+00:00,SE4,solar,0.485,15
2026-06-11T23:30:00+00:00,SE4,solar,0.48,15
2026-06-11T23:45:00+00:00,SE4,solar,0.473,15
2026-06-12T00:00:00+00:00,SE4,solar,0.479,15
2026-06-12T00:15:00+00:00,SE4,solar,0.486,15
2026-06-12T00:30:00+00:00,SE4,solar,0.482,15
2026-06-12T00:45:00+00:00,SE4,solar,0.468,15
2026-06-12T01:00:00+00:00,SE4,solar,0.472,15
2026-06-12T01:15:00+00:00,SE4,solar,0.475,15
2026-06-12T01:30:00+00:00,SE4,solar,0.462,15
2026-06-12T01:45:00+00:00,SE4,solar,0.456,15
2026-06-12T02:00:00+00:00,SE4,solar,0.571,15
2026-06-12T02:15:00+00:00,SE4,solar,0.995,15
2026-06-12T02:30:00+00:00,SE4,solar,1.734,15
2026-06-12T02:45:00+00:00,SE4,solar,3.531,15
2026-06-12T03:00:00+00:00,SE4,solar,13.521,15
2026-06-12T03:15:00+00:00,SE4,solar,20.722,15
2026-06-12T03:30:00+00:00,SE4,solar,29.043,15
2026-06-12T03:45:00+00:00,SE4,solar,37.976,15
2026-06-12T04:00:00+00:00,SE4,solar,58.166,15
2026-06-12T04:15:00+00:00,SE4,solar,73.888,15
2026-06-12T04:30:00+00:00,SE4,solar,90.19,15
2026-06-12T04:45:00+00:00,SE4,solar,107.656,15
2026-06-12T05:00:00+00:00,SE4,solar,142.625,15
2026-06-12T05:15:00+00:00,SE4,solar,166.13,15
2026-06-12T05:30:00+00:00,SE4,solar,193.149,15
2026-06-12T05:45:00+00:00,SE4,solar,219.916,15
2026-06-12T06:00:00+00:00,SE4,solar,266.436,15
2026-06-12T06:15:00+00:00,SE4,solar,294.273,15
2026-06-12T06:30:00+00:00,SE4,solar,321.037,15
2026-06-12T06:45:00+00:00,SE4,solar,347.137,15
2026-06-12T07:00:00+00:00,SE4,solar,395.809,15
2026-06-12T07:15:00+00:00,SE4,solar,421.013,15
2026-06-12T07:30:00+00:00,SE4,solar,445.053,15
2026-06-12T07:45:00+00:00,SE4,solar,477.162,15
2026-06-12T08:00:00+00:00,SE4,solar,495.3,15
2026-06-12T08:15:00+00:00,SE4,solar,504.029,15
2026-06-12T08:30:00+00:00,SE4,solar,518.564,15
2026-06-12T08:45:00+00:00,SE4,solar,523.375,15
2026-06-12T09:00:00+00:00,SE4,solar,519.109,15
2026-06-12T09:15:00+00:00,SE4,solar,521.241,15
2026-06-12T09:30:00+00:00,SE4,solar,520.296,15
2026-06-12T09:45:00+00:00,SE4,solar,516.227,15
2026-06-12T10:00:00+00:00,SE4,solar,500.319,15
2026-06-12T10:15:00+00:00,SE4,solar,495.194,15
2026-06-12T10:30:00+00:00,SE4,solar,488.066,15
2026-06-12T10:45:00+00:00,SE4,solar,478.909,15
2026-06-12T11:00:00+00:00,SE4,solar,470.963,15
2026-06-12T11:15:00+00:00,SE4,solar,465.36,15
2026-06-12T11:30:00+00:00,SE4,solar,457.563,15
2026-06-12T11:45:00+00:00,SE4,solar,447.405,15
2026-06-12T12:00:00+00:00,SE4,solar,431.523,15
2026-06-12T12:15:00+00:00,SE4,solar,421.021,15
2026-06-12T12:30:00+00:00,SE4,solar,408.798,15
2026-06-12T12:45:00+00:00,SE4,solar,395.414,15
2026-06-12T13:00:00+00:00,SE4,solar,369.397,15
2026-06-12T13:15:00+00:00,SE4,solar,353.574,15
2026-06-12T13:30:00+00:00,SE4,solar,338.089,15
2026-06-12T13:45:00+00:00,SE4,solar,321.033,15
2026-06-12T14:00:00+00:00,SE4,solar,290.655,15
2026-06-12T14:15:00+00:00,SE4,solar,271.93,15
2026-06-12T14:30:00+00:00,SE4,solar,252.193,15
2026-06-12T14:45:00+00:00,SE4,solar,232.654,15
2026-06-12T15:00:00+00:00,SE4,solar,202.582,15
2026-06-12T15:15:00+00:00,SE4,solar,180.797,15
2026-06-12T15:30:00+00:00,SE4,solar,160.688,15
2026-06-12T15:45:00+00:00,SE4,solar,140.253,15
2026-06-12T16:00:00+00:00,SE4,solar,113.478,15
2026-06-12T16:15:00+00:00,SE4,solar,99.079,15
2026-06-12T16:30:00+00:00,SE4,solar,82.945,15
2026-06-12T16:45:00+00:00,SE4,solar,68.948,15
2026-06-12T17:00:00+00:00,SE4,solar,51.835,15
2026-06-12T17:15:00+00:00,SE4,solar,41.415,15
2026-06-12T17:30:00+00:00,SE4,solar,32.44,15
2026-06-12T17:45:00+00:00,SE4,solar,26.072,15
2026-06-12T18:00:00+00:00,SE4,solar,20.389,15
2026-06-12T18:15:00+00:00,SE4,solar,16.668,15
2026-06-12T18:30:00+00:00,SE4,solar,12.935,15
2026-06-12T18:45:00+00:00,SE4,solar,9.61,15
2026-06-12T19:00:00+00:00,SE4,solar,5.913,15
2026-06-12T19:15:00+00:00,SE4,solar,3.696,15
2026-06-12T19:30:00+00:00,SE4,solar,1.565,15
2026-06-12T19:45:00+00:00,SE4,solar,1.596,15
2026-06-12T20:00:00+00:00,SE4,solar,1.219,15
2026-06-12T20:15:00+00:00,SE4,solar,1.193,15
2026-06-12T20:30:00+00:00,SE4,solar,1.174,15
2026-06-12T20:45:00+00:00,SE4,solar,1.152,15
2026-06-12T21:00:00+00:00,SE4,solar,1.143,15
2026-06-12T21:15:00+00:00,SE4,solar,1.129,15
2026-06-12T21:30:00+00:00,SE4,solar,0.12,15
2026-06-12T21:45:00+00:00,SE4,solar,0.107,15
2026-06-12T22:00:00+00:00,SE4,solar,0.61,15
2026-06-12T22:15:00+00:00,SE4,solar,0.571,15
2026-06-12T22:30:00+00:00,SE4,solar,0.53,15
2026-06-12T22:45:00+00:00,SE4,solar,0.502,15
2026-06-12T23:00:00+00:00,SE4,solar,0.482,15
2026-06-12T23:15:00+00:00,SE4,solar,0.468,15
2026-06-12T23:30:00+00:00,SE4,solar,0.458,15
2026-06-12T23:45:00+00:00,SE4,solar,0.462,15
2026-06-13T00:00:00+00:00,SE4,solar,0.492,15
2026-06-13T00:15:00+00:00,SE4,solar,0.49,15
2026-06-13T00:30:00+00:00,SE4,solar,0.478,15
2026-06-13T00:45:00+00:00,SE4,solar,0.446,15
2026-06-13T01:00:00+00:00,SE4,solar,0.41,15
2026-06-13T01:15:00+00:00,SE4,solar,0.39,15
2026-06-13T01:30:00+00:00,SE4,solar,0.388,15
2026-06-13T01:45:00+00:00,SE4,solar,0.411,15
2026-06-13T02:00:00+00:00,SE4,solar,0.623,15
2026-06-13T02:15:00+00:00,SE4,solar,0.902,15
2026-06-13T02:30:00+00:00,SE4,solar,1.446,15
2026-06-13T02:45:00+00:00,SE4,solar,2.572,15
2026-06-13T03:00:00+00:00,SE4,solar,6.626,15
2026-06-13T03:15:00+00:00,SE4,solar,10.525,15
2026-06-13T03:30:00+00:00,SE4,solar,15.107,15
2026-06-13T03:45:00+00:00,SE4,solar,20.544,15
2026-06-13T04:00:00+00:00,SE4,solar,33.091,15
2026-06-13T04:15:00+00:00,SE4,solar,42.573,15
2026-06-13T04:30:00+00:00,SE4,solar,53.392,15
2026-06-13T04:45:00+00:00,SE4,solar,64.83,15
2026-06-13T05:00:00+00:00,SE4,solar,90.199,15
2026-06-13T05:15:00+00:00,SE4,solar,106.43,15
2026-06-13T05:30:00+00:00,SE4,solar,121.862,15
2026-06-13T05:45:00+00:00,SE4,solar,137.006,15
2026-06-13T06:00:00+00:00,SE4,solar,166.42,15
2026-06-13T06:15:00+00:00,SE4,solar,183.622,15
2026-06-13T06:30:00+00:00,SE4,solar,196.275,15
2026-06-13T06:45:00+00:00,SE4,solar,209.446,15
2026-06-13T07:00:00+00:00,SE4,solar,232.525,15
2026-06-13T07:15:00+00:00,SE4,solar,244.318,15
2026-06-13T07:30:00+00:00,SE4,solar,255.487,15
2026-06-13T07:45:00+00:00,SE4,solar,268.246,15
2026-06-13T08:00:00+00:00,SE4,solar,284.538,15
2026-06-13T08:15:00+00:00,SE4,solar,293.664,15
2026-06-13T08:30:00+00:00,SE4,solar,299.319,15
2026-06-13T08:45:00+00:00,SE4,solar,301.237,15
2026-06-13T09:00:00+00:00,SE4,solar,296.355,15
2026-06-13T09:15:00+00:00,SE4,solar,297.315,15
2026-06-13T09:30:00+00:00,SE4,solar,296.569,15
2026-06-13T09:45:00+00:00,SE4,solar,294.221,15
2026-06-13T10:00:00+00:00,SE4,solar,288.455,15
2026-06-13T10:15:00+00:00,SE4,solar,285.341,15
2026-06-13T10:30:00+00:00,SE4,solar,281.509,15
2026-06-13T10:45:00+00:00,SE4,solar,279.186,15
2026-06-13T11:00:00+00:00,SE4,solar,278.024,15
2026-06-13T11:15:00+00:00,SE4,solar,275.097,15
2026-06-13T11:30:00+00:00,SE4,solar,269.132,15
2026-06-13T11:45:00+00:00,SE4,solar,261.838,15
2026-06-13T12:00:00+00:00,SE4,solar,248.597,15
2026-06-13T12:15:00+00:00,SE4,solar,240.809,15
2026-06-13T12:30:00+00:00,SE4,solar,234.942,15
2026-06-13T12:45:00+00:00,SE4,solar,229.731,15
2026-06-13T13:00:00+00:00,SE4,solar,227.71,15
2026-06-13T13:15:00+00:00,SE4,solar,225.199,15
2026-06-13T13:30:00+00:00,SE4,solar,220.67,15
2026-06-13T13:45:00+00:00,SE4,solar,215.253,15
2026-06-13T14:00:00+00:00,SE4,solar,213.146,15
2026-06-13T14:15:00+00:00,SE4,solar,205.942,15
2026-06-13T14:30:00+00:00,SE4,solar,200.338,15
2026-06-13T14:45:00+00:00,SE4,solar,193.916,15
2026-06-13T15:00:00+00:00,SE4,solar,182.891,15
2026-06-13T15:15:00+00:00,SE4,solar,173.492,15
2026-06-13T15:30:00+00:00,SE4,solar,164.304,15
2026-06-13T15:45:00+00:00,SE4,solar,153.546,15
2026-06-13T16:00:00+00:00,SE4,solar,123.14,15
2026-06-13T16:15:00+00:00,SE4,solar,112.541,15
2026-06-13T16:30:00+00:00,SE4,solar,100.787,15
2026-06-13T16:45:00+00:00,SE4,solar,89.297,15
2026-06-13T17:00:00+00:00,SE4,solar,69.209,15
2026-06-13T17:15:00+00:00,SE4,solar,60.877,15
2026-06-13T17:30:00+00:00,SE4,solar,51.552,15
2026-06-13T17:45:00+00:00,SE4,solar,42.775,15
2026-06-13T18:00:00+00:00,SE4,solar,27.67,15
2026-06-13T18:15:00+00:00,SE4,solar,22.851,15
2026-06-13T18:30:00+00:00,SE4,solar,19.057,15
2026-06-13T18:45:00+00:00,SE4,solar,15.338,15
2026-06-13T19:00:00+00:00,SE4,solar,6.833,15
2026-06-13T19:15:00+00:00,SE4,solar,5.145,15
2026-06-13T19:30:00+00:00,SE4,solar,3.688,15
2026-06-13T19:45:00+00:00,SE4,solar,1.96,15
2026-06-13T20:00:00+00:00,SE4,solar,1.14,15
2026-06-13T20:15:00+00:00,SE4,solar,1.029,15
2026-06-13T20:30:00+00:00,SE4,solar,0.923,15
2026-06-13T20:45:00+00:00,SE4,solar,0.819,15
2026-06-13T21:00:00+00:00,SE4,solar,0.57,15
2026-06-13T21:15:00+00:00,SE4,solar,0.483,15
2026-06-13T21:30:00+00:00,SE4,solar,0.416,15
2026-06-13T21:45:00+00:00,SE4,solar,0.321,15
2026-06-13T22:00:00+00:00,SE4,solar,1.289,15
2026-06-13T22:15:00+00:00,SE4,solar,0.613,15
2026-06-13T22:30:00+00:00,SE4,solar,0.716,15
2026-06-13T22:45:00+00:00,SE4,solar,0.564,15
2026-06-13T23:00:00+00:00,SE4,solar,0.514,15
2026-06-13T23:15:00+00:00,SE4,solar,0.494,15
2026-06-13T23:30:00+00:00,SE4,solar,0.198,15
2026-06-13T23:45:00+00:00,SE4,solar,0.184,15
2026-06-14T00:00:00+00:00,SE4,solar,0.161,15
2026-06-14T00:15:00+00:00,SE4,solar,0.152,15
2026-06-14T00:45:00+00:00,SE4,solar,0.16,15
2026-06-14T01:00:00+00:00,SE4,solar,0.193,15
2026-06-14T01:30:00+00:00,SE4,solar,0.199,15
2026-06-14T01:45:00+00:00,SE4,solar,0.205,15
2026-06-14T02:00:00+00:00,SE4,solar,0.345,15
2026-06-14T02:15:00+00:00,SE4,solar,0.58,15
2026-06-14T02:30:00+00:00,SE4,solar,0.958,15
2026-06-14T02:45:00+00:00,SE4,solar,1.598,15
2026-06-14T03:00:00+00:00,SE4,solar,6.405,15
2026-06-14T03:15:00+00:00,SE4,solar,9.119,15
2026-06-14T03:30:00+00:00,SE4,solar,12.213,15
2026-06-14T03:45:00+00:00,SE4,solar,15.59,15
2026-06-14T04:00:00+00:00,SE4,solar,23.067,15
2026-06-14T04:15:00+00:00,SE4,solar,29.577,15
2026-06-14T04:30:00+00:00,SE4,solar,36.211,15
2026-06-14T04:45:00+00:00,SE4,solar,42.66,15
2026-06-14T05:00:00+00:00,SE4,solar,59.39,15
2026-06-14T05:15:00+00:00,SE4,solar,69.611,15
2026-06-14T05:30:00+00:00,SE4,solar,79.221,15
2026-06-14T05:45:00+00:00,SE4,solar,89.718,15
2026-06-14T06:00:00+00:00,SE4,solar,115.006,15
2026-06-14T06:15:00+00:00,SE4,solar,126.215,15
2026-06-14T06:30:00+00:00,SE4,solar,137.255,15
2026-06-14T06:45:00+00:00,SE4,solar,147.481,15
2026-06-14T07:00:00+00:00,SE4,solar,170.354,15
2026-06-14T07:15:00+00:00,SE4,solar,179.481,15
2026-06-14T07:30:00+00:00,SE4,solar,190.405,15
2026-06-14T07:45:00+00:00,SE4,solar,201.602,15
2026-06-14T08:00:00+00:00,SE4,solar,235.609,15
2026-06-14T08:15:00+00:00,SE4,solar,250.864,15
2026-06-14T08:30:00+00:00,SE4,solar,263.451,15
2026-06-14T08:45:00+00:00,SE4,solar,272.629,15
2026-06-14T09:00:00+00:00,SE4,solar,284.87,15
2026-06-14T09:15:00+00:00,SE4,solar,294.447,15
2026-06-14T09:30:00+00:00,SE4,solar,302.73,15
2026-06-14T09:45:00+00:00,SE4,solar,311.932,15
2026-06-14T10:00:00+00:00,SE4,solar,326.007,15
2026-06-14T10:15:00+00:00,SE4,solar,333.252,15
2026-06-14T10:30:00+00:00,SE4,solar,354.5,15
2026-06-14T10:45:00+00:00,SE4,solar,359.648,15
2026-06-14T11:00:00+00:00,SE4,solar,374.697,15
2026-06-14T11:15:00+00:00,SE4,solar,380.928,15
2026-06-14T11:30:00+00:00,SE4,solar,384.384,15
2026-06-14T11:45:00+00:00,SE4,solar,385.689,15
2026-06-14T12:00:00+00:00,SE4,solar,380.411,15
2026-06-14T12:15:00+00:00,SE4,solar,377.979,15
2026-06-14T12:30:00+00:00,SE4,solar,371.583,15
2026-06-14T12:45:00+00:00,SE4,solar,364.251,15
2026-06-14T13:00:00+00:00,SE4,solar,344.316,15
2026-06-14T13:15:00+00:00,SE4,solar,333.128,15
2026-06-14T13:30:00+00:00,SE4,solar,320.743,15
2026-06-14T13:45:00+00:00,SE4,solar,309.216,15
2026-06-14T14:00:00+00:00,SE4,solar,296.955,15
2026-06-14T14:15:00+00:00,SE4,solar,294.602,15
2026-06-14T14:30:00+00:00,SE4,solar,279.317,15
2026-06-14T14:45:00+00:00,SE4,solar,264.437,15
2026-06-14T15:00:00+00:00,SE4,solar,236.303,15
2026-06-14T15:15:00+00:00,SE4,solar,219.507,15
2026-06-14T15:30:00+00:00,SE4,solar,203.936,15
2026-06-14T15:45:00+00:00,SE4,solar,186.24,15
2026-06-14T16:00:00+00:00,SE4,solar,145.163,15
2026-06-14T16:15:00+00:00,SE4,solar,129.55,15
2026-06-14T16:30:00+00:00,SE4,solar,113.421,15
2026-06-14T16:45:00+00:00,SE4,solar,98.009,15
2026-06-14T17:00:00+00:00,SE4,solar,71.605,15
2026-06-14T17:15:00+00:00,SE4,solar,58.485,15
2026-06-14T17:30:00+00:00,SE4,solar,47.797,15
2026-06-14T17:45:00+00:00,SE4,solar,37.958,15
2026-06-14T18:00:00+00:00,SE4,solar,25.714,15
2026-06-14T18:15:00+00:00,SE4,solar,21.085,15
2026-06-14T18:30:00+00:00,SE4,solar,16.956,15
2026-06-14T18:45:00+00:00,SE4,solar,12.917,15
2026-06-14T19:00:00+00:00,SE4,solar,5.677,15
2026-06-14T19:15:00+00:00,SE4,solar,4.343,15
2026-06-14T19:30:00+00:00,SE4,solar,2.16,15
2026-06-14T19:45:00+00:00,SE4,solar,1.145,15
2026-06-14T20:00:00+00:00,SE4,solar,0.229,15
2026-06-14T20:15:00+00:00,SE4,solar,0.214,15
2026-06-14T20:30:00+00:00,SE4,solar,0.2,15
2026-06-14T20:45:00+00:00,SE4,solar,0.179,15
2026-06-14T21:00:00+00:00,SE4,solar,0.167,15
2026-06-14T21:15:00+00:00,SE4,solar,0.159,15
2026-06-14T21:30:00+00:00,SE4,solar,0.154,15
2026-06-14T21:45:00+00:00,SE4,solar,0.142,15
2026-06-14T22:00:00+00:00,SE4,solar,0.31,15
2026-06-14T22:15:00+00:00,SE4,solar,0.312,15
2026-06-14T22:30:00+00:00,SE4,solar,0.31,15
2026-06-14T22:45:00+00:00,SE4,solar,0.305,15
2026-06-14T23:15:00+00:00,SE4,solar,0.299,15
2026-06-14T23:45:00+00:00,SE4,solar,0.297,15
2026-06-15T00:00:00+00:00,SE4,solar,0.295,15
2026-06-15T00:30:00+00:00,SE4,solar,0.287,15
2026-06-15T01:00:00+00:00,SE4,solar,0.317,15
2026-06-15T01:15:00+00:00,SE4,solar,0.321,15
2026-06-15T01:30:00+00:00,SE4,solar,0.325,15
2026-06-15T01:45:00+00:00,SE4,solar,0.333,15
2026-06-15T02:00:00+00:00,SE4,solar,0.48,15
2026-06-15T02:15:00+00:00,SE4,solar,0.884,15
2026-06-15T02:30:00+00:00,SE4,solar,1.383,15
2026-06-15T02:45:00+00:00,SE4,solar,2.269,15
2026-06-15T03:00:00+00:00,SE4,solar,7.133,15
2026-06-15T03:15:00+00:00,SE4,solar,10.525,15
2026-06-15T03:30:00+00:00,SE4,solar,14.88,15
2026-06-15T03:45:00+00:00,SE4,solar,20.08,15
2026-06-15T04:00:00+00:00,SE4,solar,29.24,15
2026-06-15T04:15:00+00:00,SE4,solar,39.471,15
2026-06-15T04:30:00+00:00,SE4,solar,51.201,15
2026-06-15T04:45:00+00:00,SE4,solar,62.494,15
2026-06-15T05:00:00+00:00,SE4,solar,85.098,15
2026-06-15T05:15:00+00:00,SE4,solar,99.234,15
2026-06-15T05:30:00+00:00,SE4,solar,112.981,15
2026-06-15T05:45:00+00:00,SE4,solar,127.945,15
2026-06-15T06:00:00+00:00,SE4,solar,163.089,15
2026-06-15T06:15:00+00:00,SE4,solar,176.647,15
2026-06-15T06:30:00+00:00,SE4,solar,192.581,15
2026-06-15T06:45:00+00:00,SE4,solar,207.955,15
2026-06-15T07:00:00+00:00,SE4,solar,230.75,15
2026-06-15T07:15:00+00:00,SE4,solar,239.307,15
2026-06-15T07:30:00+00:00,SE4,solar,249.716,15
2026-06-15T07:45:00+00:00,SE4,solar,257.223,15
2026-06-15T08:00:00+00:00,SE4,solar,269.482,15
2026-06-15T08:15:00+00:00,SE4,solar,277.053,15
2026-06-15T08:30:00+00:00,SE4,solar,285.967,15
2026-06-15T08:45:00+00:00,SE4,solar,294.277,15
2026-06-15T09:00:00+00:00,SE4,solar,309.186,15
2026-06-15T09:15:00+00:00,SE4,solar,318.068,15
2026-06-15T09:30:00+00:00,SE4,solar,337.171,15
2026-06-15T09:45:00+00:00,SE4,solar,342.929,15
2026-06-15T10:00:00+00:00,SE4,solar,347.759,15
2026-06-15T10:15:00+00:00,SE4,solar,353.026,15
2026-06-15T10:30:00+00:00,SE4,solar,356.822,15
2026-06-15T10:45:00+00:00,SE4,solar,362.465,15
2026-06-15T11:00:00+00:00,SE4,solar,375.934,15
2026-06-15T11:15:00+00:00,SE4,solar,380.494,15
2026-06-15T11:30:00+00:00,SE4,solar,384.142,15
2026-06-15T11:45:00+00:00,SE4,solar,387.175,15
2026-06-15T12:00:00+00:00,SE4,solar,407.953,15
2026-06-15T12:15:00+00:00,SE4,solar,408.635,15
2026-06-15T12:30:00+00:00,SE4,solar,407.067,15
2026-06-15T12:45:00+00:00,SE4,solar,404.791,15
2026-06-15T13:00:00+00:00,SE4,solar,408.765,15
2026-06-15T13:15:00+00:00,SE4,solar,403.945,15
2026-06-15T13:30:00+00:00,SE4,solar,395.867,15
2026-06-15T13:45:00+00:00,SE4,solar,387.597,15
2026-06-15T14:00:00+00:00,SE4,solar,370.435,15
2026-06-15T14:15:00+00:00,SE4,solar,359.368,15
2026-06-15T14:30:00+00:00,SE4,solar,368.701,15
2026-06-15T14:45:00+00:00,SE4,solar,351.88,15
2026-06-15T15:00:00+00:00,SE4,solar,327.2,15
2026-06-15T15:15:00+00:00,SE4,solar,307.2,15
2026-06-15T15:30:00+00:00,SE4,solar,282.785,15
2026-06-15T15:45:00+00:00,SE4,solar,260.039,15
2026-06-15T16:00:00+00:00,SE4,solar,220.43,15
2026-06-15T16:15:00+00:00,SE4,solar,196.579,15
2026-06-15T16:30:00+00:00,SE4,solar,173.36,15
2026-06-15T16:45:00+00:00,SE4,solar,154.075,15
2026-06-15T17:00:00+00:00,SE4,solar,122.288,15
2026-06-15T17:15:00+00:00,SE4,solar,104.086,15
2026-06-15T17:30:00+00:00,SE4,solar,87.36,15
2026-06-15T17:45:00+00:00,SE4,solar,71.528,15
2026-06-15T18:00:00+00:00,SE4,solar,47.519,15
2026-06-15T18:15:00+00:00,SE4,solar,37.461,15
2026-06-15T18:30:00+00:00,SE4,solar,29.01,15
2026-06-15T18:45:00+00:00,SE4,solar,21.803,15
2026-06-15T19:00:00+00:00,SE4,solar,9.711,15
2026-06-15T19:15:00+00:00,SE4,solar,6.547,15
2026-06-15T19:30:00+00:00,SE4,solar,3.836,15
2026-06-15T19:45:00+00:00,SE4,solar,2.177,15
2026-06-15T20:00:00+00:00,SE4,solar,0.489,15
2026-06-15T20:15:00+00:00,SE4,solar,0.324,15
2026-06-15T20:30:00+00:00,SE4,solar,0.403,15
2026-06-15T20:45:00+00:00,SE4,solar,0.332,15
2026-06-15T21:00:00+00:00,SE4,solar,0.317,15
2026-06-15T21:15:00+00:00,SE4,solar,0.307,15
2026-06-15T21:30:00+00:00,SE4,solar,0.291,15
2026-06-15T21:45:00+00:00,SE4,solar,0.284,15
2026-06-15T22:00:00+00:00,SE4,solar,0.375,15
2026-06-15T22:15:00+00:00,SE4,solar,0.36,15
2026-06-15T22:30:00+00:00,SE4,solar,0.344,15
2026-06-15T22:45:00+00:00,SE4,solar,0.331,15
2026-06-15T23:00:00+00:00,SE4,solar,0.298,15
2026-06-15T23:15:00+00:00,SE4,solar,0.29,15
2026-06-15T23:30:00+00:00,SE4,solar,0.289,15
2026-06-15T23:45:00+00:00,SE4,solar,0.288,15
2026-06-16T00:00:00+00:00,SE4,solar,0.289,15
2026-06-16T00:15:00+00:00,SE4,solar,0.294,15
2026-06-16T00:30:00+00:00,SE4,solar,0.293,15
2026-06-16T00:45:00+00:00,SE4,solar,0.287,15
2026-06-16T01:00:00+00:00,SE4,solar,0.296,15
2026-06-16T01:15:00+00:00,SE4,solar,0.289,15
2026-06-16T01:45:00+00:00,SE4,solar,0.3,15
2026-06-16T02:00:00+00:00,SE4,solar,0.474,15
2026-06-16T02:15:00+00:00,SE4,solar,0.884,15
2026-06-16T02:30:00+00:00,SE4,solar,1.778,15
2026-06-16T02:45:00+00:00,SE4,solar,2.548,15
2026-06-16T03:00:00+00:00,SE4,solar,10.701,15
2026-06-16T03:15:00+00:00,SE4,solar,17.113,15
2026-06-16T03:30:00+00:00,SE4,solar,23.859,15
2026-06-16T03:45:00+00:00,SE4,solar,31.431,15
2026-06-16T04:00:00+00:00,SE4,solar,56.164,15
2026-06-16T04:15:00+00:00,SE4,solar,70.03,15
2026-06-16T04:30:00+00:00,SE4,solar,82.735,15
2026-06-16T04:45:00+00:00,SE4,solar,95.06,15
2026-06-16T05:00:00+00:00,SE4,solar,119.999,15
2026-06-16T05:15:00+00:00,SE4,solar,137.216,15
2026-06-16T05:30:00+00:00,SE4,solar,154.809,15
2026-06-16T05:45:00+00:00,SE4,solar,172.299,15
2026-06-16T06:00:00+00:00,SE4,solar,205.19,15
2026-06-16T06:15:00+00:00,SE4,solar,211.398,15
2026-06-16T06:30:00+00:00,SE4,solar,229.233,15
2026-06-16T06:45:00+00:00,SE4,solar,251.231,15
2026-06-16T07:00:00+00:00,SE4,solar,284.342,15
2026-06-16T07:15:00+00:00,SE4,solar,302.831,15
2026-06-16T07:30:00+00:00,SE4,solar,321.953,15
2026-06-16T07:45:00+00:00,SE4,solar,337.039,15
2026-06-16T08:00:00+00:00,SE4,solar,351.486,15
2026-06-16T08:15:00+00:00,SE4,solar,362.822,15
2026-06-16T08:30:00+00:00,SE4,solar,364.958,15
2026-06-16T08:45:00+00:00,SE4,solar,376.532,15
2026-06-16T09:00:00+00:00,SE4,solar,395.147,15
2026-06-16T09:15:00+00:00,SE4,solar,405.606,15
2026-06-16T09:30:00+00:00,SE4,solar,414.319,15
2026-06-16T09:45:00+00:00,SE4,solar,423.526,15
2026-06-16T10:00:00+00:00,SE4,solar,445.625,15
2026-06-16T10:15:00+00:00,SE4,solar,453.529,15
2026-06-16T10:30:00+00:00,SE4,solar,465.189,15
2026-06-16T10:45:00+00:00,SE4,solar,478.774,15
2026-06-16T11:00:00+00:00,SE4,solar,499.824,15
2026-06-16T11:15:00+00:00,SE4,solar,524.828,15
2026-06-16T11:30:00+00:00,SE4,solar,531.378,15
2026-06-16T11:45:00+00:00,SE4,solar,535.929,15
2026-06-16T12:00:00+00:00,SE4,solar,549.285,15
2026-06-16T12:15:00+00:00,SE4,solar,550.051,15
2026-06-16T12:30:00+00:00,SE4,solar,547.778,15
2026-06-16T12:45:00+00:00,SE4,solar,544.792,15
2026-06-16T13:00:00+00:00,SE4,solar,526.237,15
2026-06-16T13:15:00+00:00,SE4,solar,517.661,15
2026-06-16T13:30:00+00:00,SE4,solar,493.682,15
2026-06-16T13:45:00+00:00,SE4,solar,480.049,15
2026-06-16T14:00:00+00:00,SE4,solar,451.994,15
2026-06-16T14:15:00+00:00,SE4,solar,431.437,15
2026-06-16T14:30:00+00:00,SE4,solar,410.535,15
2026-06-16T14:45:00+00:00,SE4,solar,388.007,15
2026-06-16T15:00:00+00:00,SE4,solar,341.822,15
2026-06-16T15:15:00+00:00,SE4,solar,317.539,15
2026-06-16T15:30:00+00:00,SE4,solar,294.0,15
2026-06-16T15:45:00+00:00,SE4,solar,270.849,15
2026-06-16T16:00:00+00:00,SE4,solar,232.565,15
2026-06-16T16:15:00+00:00,SE4,solar,203.496,15
2026-06-16T16:30:00+00:00,SE4,solar,180.572,15
2026-06-16T16:45:00+00:00,SE4,solar,157.529,15
2026-06-16T17:00:00+00:00,SE4,solar,125.357,15
2026-06-16T17:15:00+00:00,SE4,solar,105.499,15
2026-06-16T17:30:00+00:00,SE4,solar,86.336,15
2026-06-16T17:45:00+00:00,SE4,solar,70.153,15
2026-06-16T18:00:00+00:00,SE4,solar,50.244,15
2026-06-16T18:15:00+00:00,SE4,solar,40.831,15
2026-06-16T18:30:00+00:00,SE4,solar,31.914,15
2026-06-16T18:45:00+00:00,SE4,solar,24.333,15
2026-06-16T19:00:00+00:00,SE4,solar,8.908,15
2026-06-16T19:15:00+00:00,SE4,solar,6.586,15
2026-06-16T19:30:00+00:00,SE4,solar,3.517,15
2026-06-16T19:45:00+00:00,SE4,solar,1.638,15
2026-06-16T20:00:00+00:00,SE4,solar,0.363,15
2026-06-16T20:15:00+00:00,SE4,solar,0.305,15
2026-06-16T20:30:00+00:00,SE4,solar,0.251,15
2026-06-16T20:45:00+00:00,SE4,solar,0.198,15
2026-06-16T21:00:00+00:00,SE4,solar,0.203,15
2026-06-16T21:15:00+00:00,SE4,solar,0.2,15
2026-06-16T21:30:00+00:00,SE4,solar,0.196,15
2026-06-16T21:45:00+00:00,SE4,solar,0.191,15
2026-06-16T22:00:00+00:00,SE4,solar,1.153,15
2026-06-16T22:15:00+00:00,SE4,solar,0.153,15
2026-06-16T22:30:00+00:00,SE4,solar,1.153,15
2026-06-16T22:45:00+00:00,SE4,solar,1.149,15
2026-06-16T23:00:00+00:00,SE4,solar,0.143,15
2026-06-16T23:15:00+00:00,SE4,solar,0.141,15
2026-06-16T23:30:00+00:00,SE4,solar,0.144,15
2026-06-16T23:45:00+00:00,SE4,solar,0.146,15
2026-06-17T00:00:00+00:00,SE4,solar,0.143,15
2026-06-17T00:15:00+00:00,SE4,solar,0.14,15
2026-06-17T00:30:00+00:00,SE4,solar,0.139,15
2026-06-17T00:45:00+00:00,SE4,solar,0.14,15
2026-06-17T01:00:00+00:00,SE4,solar,0.179,15
2026-06-17T01:15:00+00:00,SE4,solar,0.178,15
2026-06-17T01:45:00+00:00,SE4,solar,0.179,15
2026-06-17T02:00:00+00:00,SE4,solar,0.28,15
2026-06-17T02:15:00+00:00,SE4,solar,0.625,15
2026-06-17T02:30:00+00:00,SE4,solar,2.493,15
2026-06-17T02:45:00+00:00,SE4,solar,3.225,15
2026-06-17T03:00:00+00:00,SE4,solar,11.388,15
2026-06-17T03:15:00+00:00,SE4,solar,17.526,15
2026-06-17T03:30:00+00:00,SE4,solar,22.451,15
2026-06-17T03:45:00+00:00,SE4,solar,29.169,15
2026-06-17T04:00:00+00:00,SE4,solar,47.087,15
2026-06-17T04:15:00+00:00,SE4,solar,60.002,15
2026-06-17T04:30:00+00:00,SE4,solar,74.003,15
2026-06-17T04:45:00+00:00,SE4,solar,88.981,15
2026-06-17T05:00:00+00:00,SE4,solar,119.315,15
2026-06-17T05:15:00+00:00,SE4,solar,137.415,15
2026-06-17T05:30:00+00:00,SE4,solar,156.745,15
2026-06-17T05:45:00+00:00,SE4,solar,178.861,15
2026-06-17T06:00:00+00:00,SE4,solar,217.304,15
2026-06-17T06:15:00+00:00,SE4,solar,242.331,15
2026-06-17T06:30:00+00:00,SE4,solar,267.512,15
2026-06-17T06:45:00+00:00,SE4,solar,295.6,15
2026-06-17T07:00:00+00:00,SE4,solar,342.542,15
2026-06-17T07:15:00+00:00,SE4,solar,360.106,15
2026-06-17T07:30:00+00:00,SE4,solar,382.859,15
2026-06-17T07:45:00+00:00,SE4,solar,405.9,15
2026-06-17T08:00:00+00:00,SE4,solar,436.978,15
2026-06-17T08:15:00+00:00,SE4,solar,455.686,15
2026-06-17T08:30:00+00:00,SE4,solar,475.022,15
2026-06-17T08:45:00+00:00,SE4,solar,490.44,15
2026-06-17T09:00:00+00:00,SE4,solar,519.402,15
2026-06-17T09:15:00+00:00,SE4,solar,531.131,15
2026-06-17T09:30:00+00:00,SE4,solar,544.043,15
2026-06-17T09:45:00+00:00,SE4,solar,554.354,15
2026-06-17T10:00:00+00:00,SE4,solar,571.345,15
2026-06-17T10:15:00+00:00,SE4,solar,596.873,15
2026-06-17T10:30:00+00:00,SE4,solar,597.809,15
2026-06-17T10:45:00+00:00,SE4,solar,595.412,15
2026-06-17T11:00:00+00:00,SE4,solar,592.011,15
2026-06-17T11:15:00+00:00,SE4,solar,588.12,15
2026-06-17T11:30:00+00:00,SE4,solar,582.528,15
2026-06-17T11:45:00+00:00,SE4,solar,578.32,15
2026-06-17T12:00:00+00:00,SE4,solar,572.854,15
2026-06-17T12:15:00+00:00,SE4,solar,565.019,15
2026-06-17T12:30:00+00:00,SE4,solar,568.593,15
2026-06-17T12:45:00+00:00,SE4,solar,556.816,15
2026-06-17T13:00:00+00:00,SE4,solar,519.064,15
2026-06-17T13:15:00+00:00,SE4,solar,503.053,15
2026-06-17T13:30:00+00:00,SE4,solar,485.608,15
2026-06-17T13:45:00+00:00,SE4,solar,465.566,15
2026-06-17T14:00:00+00:00,SE4,solar,424.85,15
2026-06-17T14:15:00+00:00,SE4,solar,400.699,15
2026-06-17T14:30:00+00:00,SE4,solar,392.323,15
2026-06-17T14:45:00+00:00,SE4,solar,363.906,15
2026-06-17T15:00:00+00:00,SE4,solar,306.528,15
2026-06-17T15:15:00+00:00,SE4,solar,275.671,15
2026-06-17T15:30:00+00:00,SE4,solar,243.761,15
2026-06-17T15:45:00+00:00,SE4,solar,214.998,15
2026-06-17T16:00:00+00:00,SE4,solar,168.341,15
2026-06-17T16:15:00+00:00,SE4,solar,144.114,15
2026-06-17T16:30:00+00:00,SE4,solar,121.7,15
2026-06-17T16:45:00+00:00,SE4,solar,100.897,15
2026-06-17T17:00:00+00:00,SE4,solar,72.625,15
2026-06-17T17:15:00+00:00,SE4,solar,58.615,15
2026-06-17T17:30:00+00:00,SE4,solar,47.619,15
2026-06-17T17:45:00+00:00,SE4,solar,37.717,15
2026-06-17T18:00:00+00:00,SE4,solar,28.802,15
2026-06-17T18:15:00+00:00,SE4,solar,24.747,15
2026-06-17T18:30:00+00:00,SE4,solar,20.962,15
2026-06-17T18:45:00+00:00,SE4,solar,16.646,15
2026-06-17T19:00:00+00:00,SE4,solar,8.729,15
2026-06-17T19:15:00+00:00,SE4,solar,4.9,15
2026-06-17T19:30:00+00:00,SE4,solar,1.722,15
2026-06-17T19:45:00+00:00,SE4,solar,1.723,15
2026-06-17T20:00:00+00:00,SE4,solar,0.371,15
2026-06-17T20:15:00+00:00,SE4,solar,0.367,15
2026-06-17T20:30:00+00:00,SE4,solar,0.361,15
2026-06-17T20:45:00+00:00,SE4,solar,0.33,15
2026-06-17T21:00:00+00:00,SE4,solar,0.308,15
2026-06-17T21:15:00+00:00,SE4,solar,0.294,15
2026-06-17T21:30:00+00:00,SE4,solar,0.279,15
2026-06-17T21:45:00+00:00,SE4,solar,0.258,15
2026-06-17T22:00:00+00:00,SE4,solar,0.184,15
2026-06-17T22:15:00+00:00,SE4,solar,0.182,15
2026-06-17T22:30:00+00:00,SE4,solar,0.18,15
2026-06-17T22:45:00+00:00,SE4,solar,0.179,15
2026-06-17T23:00:00+00:00,SE4,solar,0.201,15
2026-06-17T23:15:00+00:00,SE4,solar,0.2,15
2026-06-17T23:45:00+00:00,SE4,solar,0.366,15
2026-06-18T00:00:00+00:00,SE4,solar,0.385,15
2026-06-18T00:15:00+00:00,SE4,solar,0.404,15
2026-06-18T00:30:00+00:00,SE4,solar,0.409,15
2026-06-18T00:45:00+00:00,SE4,solar,0.395,15
2026-06-18T01:00:00+00:00,SE4,solar,0.422,15
2026-06-18T01:15:00+00:00,SE4,solar,0.424,15
2026-06-18T01:30:00+00:00,SE4,solar,0.418,15
2026-06-18T01:45:00+00:00,SE4,solar,0.422,15
2026-06-18T02:00:00+00:00,SE4,solar,0.491,15
2026-06-18T02:15:00+00:00,SE4,solar,0.543,15
2026-06-18T02:30:00+00:00,SE4,solar,0.66,15
2026-06-18T02:45:00+00:00,SE4,solar,0.863,15
2026-06-18T03:00:00+00:00,SE4,solar,2.224,15
2026-06-18T03:15:00+00:00,SE4,solar,3.401,15
2026-06-18T03:30:00+00:00,SE4,solar,4.3,15
2026-06-18T03:45:00+00:00,SE4,solar,5.904,15
2026-06-18T04:00:00+00:00,SE4,solar,11.033,15
2026-06-18T04:15:00+00:00,SE4,solar,14.614,15
2026-06-18T04:30:00+00:00,SE4,solar,18.933,15
2026-06-18T04:45:00+00:00,SE4,solar,23.29,15
2026-06-18T05:00:00+00:00,SE4,solar,37.662,15
2026-06-18T05:15:00+00:00,SE4,solar,47.699,15
2026-06-18T05:30:00+00:00,SE4,solar,58.667,15
2026-06-18T05:45:00+00:00,SE4,solar,69.451,15
2026-06-18T06:00:00+00:00,SE4,solar,107.208,15
2026-06-18T06:15:00+00:00,SE4,solar,124.875,15
2026-06-18T06:30:00+00:00,SE4,solar,142.895,15
2026-06-18T06:45:00+00:00,SE4,solar,158.164,15
2026-06-18T07:00:00+00:00,SE4,solar,183.186,15
2026-06-18T07:15:00+00:00,SE4,solar,199.349,15
2026-06-18T07:30:00+00:00,SE4,solar,218.656,15
2026-06-18T07:45:00+00:00,SE4,solar,238.32,15
2026-06-18T08:00:00+00:00,SE4,solar,277.114,15
2026-06-18T08:15:00+00:00,SE4,solar,298.576,15
2026-06-18T08:30:00+00:00,SE4,solar,320.678,15
2026-06-18T08:45:00+00:00,SE4,solar,340.086,15
2026-06-18T09:00:00+00:00,SE4,solar,379.336,15
2026-06-18T09:15:00+00:00,SE4,solar,400.691,15
2026-06-18T09:30:00+00:00,SE4,solar,422.379,15
2026-06-18T09:45:00+00:00,SE4,solar,443.264,15
2026-06-18T10:00:00+00:00,SE4,solar,475.848,15
2026-06-18T10:15:00+00:00,SE4,solar,499.441,15
2026-06-18T10:30:00+00:00,SE4,solar,509.681,15
2026-06-18T10:45:00+00:00,SE4,solar,519.304,15
2026-06-18T11:00:00+00:00,SE4,solar,533.81,15
2026-06-18T11:15:00+00:00,SE4,solar,540.913,15
2026-06-18T11:30:00+00:00,SE4,solar,545.484,15
2026-06-18T11:45:00+00:00,SE4,solar,549.737,15
2026-06-18T12:00:00+00:00,SE4,solar,557.607,15
2026-06-18T12:15:00+00:00,SE4,solar,556.049,15
2026-06-18T12:30:00+00:00,SE4,solar,553.578,15
2026-06-18T12:45:00+00:00,SE4,solar,550.139,15
2026-06-18T13:00:00+00:00,SE4,solar,540.815,15
2026-06-18T13:15:00+00:00,SE4,solar,530.379,15
2026-06-18T13:30:00+00:00,SE4,solar,520.773,15
2026-06-18T13:45:00+00:00,SE4,solar,508.84,15
2026-06-18T14:00:00+00:00,SE4,solar,462.857,15
2026-06-18T14:15:00+00:00,SE4,solar,439.99,15
2026-06-18T14:30:00+00:00,SE4,solar,418.335,15
2026-06-18T14:45:00+00:00,SE4,solar,395.098,15
2026-06-18T15:00:00+00:00,SE4,solar,353.858,15
2026-06-18T15:15:00+00:00,SE4,solar,326.877,15
2026-06-18T15:30:00+00:00,SE4,solar,299.138,15
2026-06-18T15:45:00+00:00,SE4,solar,271.341,15
2026-06-18T16:00:00+00:00,SE4,solar,229.03,15
2026-06-18T16:15:00+00:00,SE4,solar,204.247,15
2026-06-18T16:30:00+00:00,SE4,solar,179.041,15
2026-06-18T16:45:00+00:00,SE4,solar,155.705,15
2026-06-18T17:00:00+00:00,SE4,solar,115.106,15
2026-06-18T17:15:00+00:00,SE4,solar,97.527,15
2026-06-18T17:30:00+00:00,SE4,solar,80.027,15
2026-06-18T17:45:00+00:00,SE4,solar,64.644,15
2026-06-18T18:00:00+00:00,SE4,solar,49.799,15
2026-06-18T18:15:00+00:00,SE4,solar,39.183,15
2026-06-18T18:30:00+00:00,SE4,solar,29.459,15
2026-06-18T18:45:00+00:00,SE4,solar,22.376,15
2026-06-18T19:00:00+00:00,SE4,solar,9.644,15
2026-06-18T19:15:00+00:00,SE4,solar,6.903,15
2026-06-18T19:30:00+00:00,SE4,solar,3.714,15
2026-06-18T19:45:00+00:00,SE4,solar,2.249,15
2026-06-18T20:00:00+00:00,SE4,solar,0.799,15
2026-06-18T20:15:00+00:00,SE4,solar,0.713,15
2026-06-18T20:30:00+00:00,SE4,solar,0.645,15
2026-06-18T20:45:00+00:00,SE4,solar,0.565,15
2026-06-18T21:00:00+00:00,SE4,solar,0.547,15
2026-06-18T21:15:00+00:00,SE4,solar,0.504,15
2026-06-18T21:30:00+00:00,SE4,solar,0.466,15
2026-06-18T21:45:00+00:00,SE4,solar,0.434,15
2026-06-18T22:00:00+00:00,SE4,solar,0.814,15
2026-06-18T22:15:00+00:00,SE4,solar,0.806,15
2026-06-18T22:30:00+00:00,SE4,solar,0.727,15
2026-06-18T22:45:00+00:00,SE4,solar,0.78,15
2026-06-18T23:00:00+00:00,SE4,solar,0.754,15
2026-06-18T23:15:00+00:00,SE4,solar,0.592,15
2026-06-18T23:30:00+00:00,SE4,solar,0.526,15
2026-06-18T23:45:00+00:00,SE4,solar,0.501,15
2026-06-19T00:00:00+00:00,SE4,solar,0.563,15
2026-06-19T00:15:00+00:00,SE4,solar,0.513,15
2026-06-19T01:00:00+00:00,SE4,solar,0.6,15
2026-06-19T01:15:00+00:00,SE4,solar,0.576,15
2026-06-19T01:30:00+00:00,SE4,solar,0.56,15
2026-06-19T01:45:00+00:00,SE4,solar,0.6,15
2026-06-19T02:00:00+00:00,SE4,solar,0.705,15
2026-06-19T02:15:00+00:00,SE4,solar,1.067,15
2026-06-19T02:30:00+00:00,SE4,solar,2.113,15
2026-06-19T02:45:00+00:00,SE4,solar,3.265,15
2026-06-19T03:00:00+00:00,SE4,solar,10.148,15
2026-06-19T03:15:00+00:00,SE4,solar,16.409,15
2026-06-19T03:30:00+00:00,SE4,solar,23.244,15
2026-06-19T03:45:00+00:00,SE4,solar,31.579,15
2026-06-19T04:00:00+00:00,SE4,solar,45.285,15
2026-06-19T04:15:00+00:00,SE4,solar,59.493,15
2026-06-19T04:30:00+00:00,SE4,solar,74.437,15
2026-06-19T04:45:00+00:00,SE4,solar,90.345,15
2026-06-19T05:00:00+00:00,SE4,solar,118.998,15
2026-06-19T05:15:00+00:00,SE4,solar,136.295,15
2026-06-19T05:30:00+00:00,SE4,solar,156.86,15
2026-06-19T05:45:00+00:00,SE4,solar,177.305,15
2026-06-19T06:00:00+00:00,SE4,solar,226.097,15
2026-06-19T06:15:00+00:00,SE4,solar,252.697,15
2026-06-19T06:30:00+00:00,SE4,solar,280.261,15
2026-06-19T06:45:00+00:00,SE4,solar,305.919,15
2026-06-19T07:00:00+00:00,SE4,solar,345.582,15
2026-06-19T07:15:00+00:00,SE4,solar,372.148,15
2026-06-19T07:30:00+00:00,SE4,solar,407.099,15
2026-06-19T07:45:00+00:00,SE4,solar,429.712,15
2026-06-19T08:00:00+00:00,SE4,solar,469.197,15
2026-06-19T08:15:00+00:00,SE4,solar,489.016,15
2026-06-19T08:30:00+00:00,SE4,solar,507.146,15
2026-06-19T08:45:00+00:00,SE4,solar,524.796,15
2026-06-19T09:00:00+00:00,SE4,solar,552.25,15
2026-06-19T09:15:00+00:00,SE4,solar,564.764,15
2026-06-19T09:30:00+00:00,SE4,solar,569.739,15
2026-06-19T09:45:00+00:00,SE4,solar,575.152,15
2026-06-19T10:00:00+00:00,SE4,solar,588.345,15
2026-06-19T10:15:00+00:00,SE4,solar,588.151,15
2026-06-19T10:30:00+00:00,SE4,solar,600.654,15
2026-06-19T10:45:00+00:00,SE4,solar,597.037,15
2026-06-19T11:00:00+00:00,SE4,solar,594.25,15
2026-06-19T11:15:00+00:00,SE4,solar,592.13,15
2026-06-19T11:30:00+00:00,SE4,solar,588.198,15
2026-06-19T11:45:00+00:00,SE4,solar,589.559,15
2026-06-19T12:00:00+00:00,SE4,solar,592.75,15
2026-06-19T12:15:00+00:00,SE4,solar,614.224,15
2026-06-19T12:30:00+00:00,SE4,solar,614.146,15
2026-06-19T12:45:00+00:00,SE4,solar,609.966,15
2026-06-19T13:00:00+00:00,SE4,solar,606.203,15
2026-06-19T13:15:00+00:00,SE4,solar,595.263,15
2026-06-19T13:30:00+00:00,SE4,solar,583.075,15
2026-06-19T13:45:00+00:00,SE4,solar,567.007,15
2026-06-19T14:00:00+00:00,SE4,solar,525.702,15
2026-06-19T14:15:00+00:00,SE4,solar,503.138,15
2026-06-19T14:30:00+00:00,SE4,solar,477.884,15
2026-06-19T14:45:00+00:00,SE4,solar,453.571,15
2026-06-19T15:00:00+00:00,SE4,solar,406.69,15
2026-06-19T15:15:00+00:00,SE4,solar,380.826,15
2026-06-19T15:30:00+00:00,SE4,solar,352.815,15
2026-06-19T15:45:00+00:00,SE4,solar,325.137,15
2026-06-19T16:00:00+00:00,SE4,solar,278.787,15
2026-06-19T16:15:00+00:00,SE4,solar,250.021,15
2026-06-19T16:30:00+00:00,SE4,solar,222.386,15
2026-06-19T16:45:00+00:00,SE4,solar,194.522,15
2026-06-19T17:00:00+00:00,SE4,solar,151.789,15
2026-06-19T17:15:00+00:00,SE4,solar,128.835,15
2026-06-19T17:30:00+00:00,SE4,solar,106.652,15
2026-06-19T17:45:00+00:00,SE4,solar,87.794,15
2026-06-19T18:00:00+00:00,SE4,solar,64.709,15
2026-06-19T18:15:00+00:00,SE4,solar,54.511,15
2026-06-19T18:30:00+00:00,SE4,solar,42.983,15
2026-06-19T18:45:00+00:00,SE4,solar,34.798,15
2026-06-19T19:00:00+00:00,SE4,solar,20.249,15
2026-06-19T19:15:00+00:00,SE4,solar,14.144,15
2026-06-19T19:30:00+00:00,SE4,solar,4.124,15
2026-06-19T19:45:00+00:00,SE4,solar,6.289,15
2026-06-19T20:00:00+00:00,SE4,solar,6.07,15
2026-06-19T20:15:00+00:00,SE4,solar,4.159,15
2026-06-19T20:30:00+00:00,SE4,solar,2.454,15
2026-06-19T20:45:00+00:00,SE4,solar,1.083,15
2026-06-19T21:00:00+00:00,SE4,solar,1.109,15
2026-06-19T21:15:00+00:00,SE4,solar,0.859,15
2026-06-19T21:30:00+00:00,SE4,solar,1.007,15
2026-06-19T21:45:00+00:00,SE4,solar,0.712,15
2026-06-19T22:00:00+00:00,SE4,solar,1.581,15
2026-06-19T22:15:00+00:00,SE4,solar,0.87,15
2026-06-19T22:30:00+00:00,SE4,solar,0.752,15
2026-06-19T22:45:00+00:00,SE4,solar,0.601,15
2026-06-19T23:00:00+00:00,SE4,solar,0.816,15
2026-06-19T23:15:00+00:00,SE4,solar,0.658,15
2026-06-19T23:30:00+00:00,SE4,solar,0.544,15
2026-06-19T23:45:00+00:00,SE4,solar,0.446,15
2026-06-20T00:00:00+00:00,SE4,solar,0.964,15
2026-06-20T00:15:00+00:00,SE4,solar,0.663,15
2026-06-20T00:30:00+00:00,SE4,solar,0.642,15
2026-06-20T00:45:00+00:00,SE4,solar,0.5,15
2026-06-20T01:00:00+00:00,SE4,solar,0.832,15
2026-06-20T01:15:00+00:00,SE4,solar,0.715,15
2026-06-20T01:30:00+00:00,SE4,solar,0.662,15
2026-06-20T01:45:00+00:00,SE4,solar,0.508,15
2026-06-20T02:00:00+00:00,SE4,solar,0.812,15
2026-06-20T02:15:00+00:00,SE4,solar,1.071,15
2026-06-20T02:30:00+00:00,SE4,solar,2.026,15
2026-06-20T02:45:00+00:00,SE4,solar,2.863,15
2026-06-20T03:00:00+00:00,SE4,solar,11.063,15
2026-06-20T03:15:00+00:00,SE4,solar,16.679,15
2026-06-20T03:30:00+00:00,SE4,solar,22.853,15
2026-06-20T03:45:00+00:00,SE4,solar,29.42,15
2026-06-20T04:00:00+00:00,SE4,solar,50.157,15
2026-06-20T04:15:00+00:00,SE4,solar,63.663,15
2026-06-20T04:30:00+00:00,SE4,solar,77.22,15
2026-06-20T04:45:00+00:00,SE4,solar,90.206,15
2026-06-20T05:00:00+00:00,SE4,solar,119.874,15
2026-06-20T05:15:00+00:00,SE4,solar,138.415,15
2026-06-20T05:30:00+00:00,SE4,solar,155.227,15
2026-06-20T05:45:00+00:00,SE4,solar,170.885,15
2026-06-20T06:00:00+00:00,SE4,solar,196.394,15
2026-06-20T06:15:00+00:00,SE4,solar,218.527,15
2026-06-20T06:30:00+00:00,SE4,solar,237.808,15
2026-06-20T06:45:00+00:00,SE4,solar,257.745,15
2026-06-20T07:00:00+00:00,SE4,solar,290.41,15
2026-06-20T07:15:00+00:00,SE4,solar,307.965,15
2026-06-20T07:30:00+00:00,SE4,solar,330.866,15
2026-06-20T07:45:00+00:00,SE4,solar,345.334,15
2026-06-20T08:00:00+00:00,SE4,solar,369.439,15
2026-06-20T08:15:00+00:00,SE4,solar,378.424,15
2026-06-20T08:30:00+00:00,SE4,solar,387.33,15
2026-06-20T08:45:00+00:00,SE4,solar,397.531,15
2026-06-20T09:00:00+00:00,SE4,solar,405.317,15
2026-06-20T09:15:00+00:00,SE4,solar,418.482,15
2026-06-20T09:30:00+00:00,SE4,solar,430.161,15
2026-06-20T09:45:00+00:00,SE4,solar,439.647,15
2026-06-20T10:00:00+00:00,SE4,solar,467.398,15
2026-06-20T10:15:00+00:00,SE4,solar,484.564,15
2026-06-20T10:30:00+00:00,SE4,solar,491.315,15
2026-06-20T10:45:00+00:00,SE4,solar,493.898,15
2026-06-20T11:00:00+00:00,SE4,solar,509.08,15
2026-06-20T11:15:00+00:00,SE4,solar,511.508,15
2026-06-20T11:30:00+00:00,SE4,solar,513.726,15
2026-06-20T11:45:00+00:00,SE4,solar,514.669,15
2026-06-20T12:00:00+00:00,SE4,solar,510.437,15
2026-06-20T12:15:00+00:00,SE4,solar,509.669,15
2026-06-20T12:30:00+00:00,SE4,solar,504.833,15
2026-06-20T12:45:00+00:00,SE4,solar,500.667,15
2026-06-20T13:00:00+00:00,SE4,solar,499.415,15
2026-06-20T13:15:00+00:00,SE4,solar,495.832,15
2026-06-20T13:30:00+00:00,SE4,solar,487.441,15
2026-06-20T13:45:00+00:00,SE4,solar,479.363,15
2026-06-20T14:00:00+00:00,SE4,solar,461.213,15
2026-06-20T14:15:00+00:00,SE4,solar,438.282,15
2026-06-20T14:30:00+00:00,SE4,solar,414.695,15
2026-06-20T14:45:00+00:00,SE4,solar,392.888,15
2026-06-20T15:00:00+00:00,SE4,solar,349.019,15
2026-06-20T15:15:00+00:00,SE4,solar,322.209,15
2026-06-20T15:30:00+00:00,SE4,solar,297.144,15
2026-06-20T15:45:00+00:00,SE4,solar,269.003,15
2026-06-20T16:00:00+00:00,SE4,solar,222.809,15
2026-06-20T16:15:00+00:00,SE4,solar,199.287,15
2026-06-20T16:30:00+00:00,SE4,solar,175.765,15
2026-06-20T16:45:00+00:00,SE4,solar,154.463,15
2026-06-20T17:00:00+00:00,SE4,solar,120.413,15
2026-06-20T17:15:00+00:00,SE4,solar,101.452,15
2026-06-20T17:30:00+00:00,SE4,solar,84.311,15
2026-06-20T17:45:00+00:00,SE4,solar,69.555,15
2026-06-20T18:00:00+00:00,SE4,solar,44.391,15
2026-06-20T18:15:00+00:00,SE4,solar,36.607,15
2026-06-20T18:30:00+00:00,SE4,solar,29.06,15
2026-06-20T18:45:00+00:00,SE4,solar,21.883,15
2026-06-20T19:00:00+00:00,SE4,solar,10.167,15
2026-06-20T19:15:00+00:00,SE4,solar,7.077,15
2026-06-20T19:30:00+00:00,SE4,solar,4.657,15
2026-06-20T19:45:00+00:00,SE4,solar,2.78,15
2026-06-20T20:00:00+00:00,SE4,solar,1.712,15
2026-06-20T20:15:00+00:00,SE4,solar,1.461,15
2026-06-20T20:30:00+00:00,SE4,solar,1.246,15
2026-06-20T20:45:00+00:00,SE4,solar,1.095,15
2026-06-20T21:00:00+00:00,SE4,solar,1.602,15
2026-06-20T21:15:00+00:00,SE4,solar,0.796,15
2026-06-20T21:30:00+00:00,SE4,solar,0.855,15
2026-06-20T21:45:00+00:00,SE4,solar,0.692,15
2026-06-20T22:00:00+00:00,SE4,solar,1.687,15
2026-06-20T22:15:00+00:00,SE4,solar,0.889,15
2026-06-20T22:30:00+00:00,SE4,solar,0.835,15
2026-06-20T22:45:00+00:00,SE4,solar,0.69,15
2026-06-20T23:00:00+00:00,SE4,solar,0.649,15
2026-06-20T23:15:00+00:00,SE4,solar,0.61,15
2026-06-20T23:30:00+00:00,SE4,solar,0.561,15
2026-06-20T23:45:00+00:00,SE4,solar,0.57,15
2026-06-21T00:00:00+00:00,SE4,solar,0.556,15
2026-06-21T00:15:00+00:00,SE4,solar,0.637,15
2026-06-21T00:30:00+00:00,SE4,solar,0.552,15
2026-06-21T00:45:00+00:00,SE4,solar,0.566,15
2026-06-21T01:00:00+00:00,SE4,solar,0.632,15
2026-06-21T01:15:00+00:00,SE4,solar,0.633,15
2026-06-21T01:30:00+00:00,SE4,solar,0.838,15
2026-06-21T01:45:00+00:00,SE4,solar,0.777,15
2026-06-21T02:00:00+00:00,SE4,solar,0.865,15
2026-06-21T02:15:00+00:00,SE4,solar,1.158,15
2026-06-21T02:30:00+00:00,SE4,solar,1.504,15
2026-06-21T02:45:00+00:00,SE4,solar,2.613,15
2026-06-21T03:00:00+00:00,SE4,solar,8.477,15
2026-06-21T03:15:00+00:00,SE4,solar,13.27,15
2026-06-21T03:30:00+00:00,SE4,solar,18.382,15
2026-06-21T03:45:00+00:00,SE4,solar,25.271,15
2026-06-21T04:00:00+00:00,SE4,solar,43.246,15
2026-06-21T04:15:00+00:00,SE4,solar,55.901,15
2026-06-21T04:30:00+00:00,SE4,solar,70.636,15
2026-06-21T04:45:00+00:00,SE4,solar,86.825,15
2026-06-21T05:00:00+00:00,SE4,solar,120.532,15
2026-06-21T05:15:00+00:00,SE4,solar,144.562,15
2026-06-21T05:30:00+00:00,SE4,solar,170.971,15
2026-06-21T05:45:00+00:00,SE4,solar,198.211,15
2026-06-21T06:00:00+00:00,SE4,solar,254.558,15
2026-06-21T06:15:00+00:00,SE4,solar,285.548,15
2026-06-21T06:30:00+00:00,SE4,solar,316.676,15
2026-06-21T06:45:00+00:00,SE4,solar,350.797,15
2026-06-21T07:00:00+00:00,SE4,solar,408.765,15
2026-06-21T07:15:00+00:00,SE4,solar,440.089,15
2026-06-21T07:30:00+00:00,SE4,solar,464.172,15
2026-06-21T07:45:00+00:00,SE4,solar,495.131,15
2026-06-21T08:00:00+00:00,SE4,solar,553.788,15
2026-06-21T08:15:00+00:00,SE4,solar,580.814,15
2026-06-21T08:30:00+00:00,SE4,solar,603.032,15
2026-06-21T08:45:00+00:00,SE4,solar,628.313,15
2026-06-21T09:00:00+00:00,SE4,solar,662.857,15
2026-06-21T09:15:00+00:00,SE4,solar,680.994,15
2026-06-21T09:30:00+00:00,SE4,solar,696.401,15
2026-06-21T09:45:00+00:00,SE4,solar,717.72,15
2026-06-21T10:00:00+00:00,SE4,solar,733.768,15
2026-06-21T10:15:00+00:00,SE4,solar,738.653,15
2026-06-21T10:30:00+00:00,SE4,solar,742.944,15
2026-06-21T10:45:00+00:00,SE4,solar,744.23,15
2026-06-21T11:00:00+00:00,SE4,solar,744.598,15
2026-06-21T11:15:00+00:00,SE4,solar,744.644,15
2026-06-21T11:30:00+00:00,SE4,solar,743.124,15
2026-06-21T11:45:00+00:00,SE4,solar,738.407,15
2026-06-21T12:00:00+00:00,SE4,solar,727.781,15
2026-06-21T12:15:00+00:00,SE4,solar,716.532,15
2026-06-21T12:30:00+00:00,SE4,solar,706.684,15
2026-06-21T12:45:00+00:00,SE4,solar,696.332,15
2026-06-21T13:00:00+00:00,SE4,solar,676.219,15
2026-06-21T13:15:00+00:00,SE4,solar,657.884,15
2026-06-21T13:30:00+00:00,SE4,solar,637.689,15
2026-06-21T13:45:00+00:00,SE4,solar,617.724,15
2026-06-21T14:00:00+00:00,SE4,solar,585.852,15
2026-06-21T14:15:00+00:00,SE4,solar,563.051,15
2026-06-21T14:30:00+00:00,SE4,solar,533.428,15
2026-06-21T14:45:00+00:00,SE4,solar,504.725,15
2026-06-21T15:00:00+00:00,SE4,solar,449.505,15
2026-06-21T15:15:00+00:00,SE4,solar,417.791,15
2026-06-21T15:30:00+00:00,SE4,solar,383.312,15
2026-06-21T15:45:00+00:00,SE4,solar,346.627,15
2026-06-21T16:00:00+00:00,SE4,solar,292.643,15
2026-06-21T16:15:00+00:00,SE4,solar,258.889,15
2026-06-21T16:30:00+00:00,SE4,solar,227.256,15
2026-06-21T16:45:00+00:00,SE4,solar,198.204,15
2026-06-21T17:00:00+00:00,SE4,solar,153.412,15
2026-06-21T17:15:00+00:00,SE4,solar,129.401,15
2026-06-21T17:30:00+00:00,SE4,solar,106.322,15
2026-06-21T17:45:00+00:00,SE4,solar,86.996,15
2026-06-21T18:00:00+00:00,SE4,solar,62.024,15
2026-06-21T18:15:00+00:00,SE4,solar,50.933,15
2026-06-21T18:30:00+00:00,SE4,solar,40.739,15
2026-06-21T18:45:00+00:00,SE4,solar,32.717,15
2026-06-21T19:00:00+00:00,SE4,solar,15.72,15
2026-06-21T19:15:00+00:00,SE4,solar,12.586,15
2026-06-21T19:30:00+00:00,SE4,solar,9.444,15
2026-06-21T19:45:00+00:00,SE4,solar,6.85,15
2026-06-21T20:00:00+00:00,SE4,solar,1.391,15
2026-06-21T20:15:00+00:00,SE4,solar,1.254,15
2026-06-21T20:30:00+00:00,SE4,solar,1.153,15
2026-06-21T20:45:00+00:00,SE4,solar,1.015,15
2026-06-21T21:00:00+00:00,SE4,solar,0.982,15
2026-06-21T21:15:00+00:00,SE4,solar,0.916,15
2026-06-21T21:30:00+00:00,SE4,solar,0.938,15
2026-06-21T21:45:00+00:00,SE4,solar,0.791,15
2026-06-21T22:00:00+00:00,SE4,solar,0.79,15
2026-06-21T22:15:00+00:00,SE4,solar,0.69,15
2026-06-21T22:30:00+00:00,SE4,solar,0.666,15
2026-06-21T22:45:00+00:00,SE4,solar,0.651,15
2026-06-21T23:00:00+00:00,SE4,solar,0.928,15
2026-06-21T23:15:00+00:00,SE4,solar,0.552,15
2026-06-21T23:30:00+00:00,SE4,solar,0.528,15
2026-06-21T23:45:00+00:00,SE4,solar,0.542,15
2026-06-22T00:00:00+00:00,SE4,solar,0.53,15
2026-06-22T00:15:00+00:00,SE4,solar,0.552,15
2026-06-22T00:30:00+00:00,SE4,solar,0.542,15
2026-06-22T00:45:00+00:00,SE4,solar,0.541,15
2026-06-22T01:00:00+00:00,SE4,solar,0.618,15
2026-06-22T01:15:00+00:00,SE4,solar,0.598,15
2026-06-22T01:30:00+00:00,SE4,solar,0.587,15
2026-06-22T01:45:00+00:00,SE4,solar,0.576,15
2026-06-22T02:00:00+00:00,SE4,solar,0.734,15
2026-06-22T02:15:00+00:00,SE4,solar,1.169,15
2026-06-22T02:30:00+00:00,SE4,solar,2.182,15
2026-06-22T02:45:00+00:00,SE4,solar,3.318,15
2026-06-22T03:00:00+00:00,SE4,solar,12.168,15
2026-06-22T03:15:00+00:00,SE4,solar,18.989,15
2026-06-22T03:30:00+00:00,SE4,solar,27.495,15
2026-06-22T03:45:00+00:00,SE4,solar,36.802,15
2026-06-22T04:00:00+00:00,SE4,solar,64.996,15
2026-06-22T04:15:00+00:00,SE4,solar,82.034,15
2026-06-22T04:30:00+00:00,SE4,solar,99.159,15
2026-06-22T04:45:00+00:00,SE4,solar,118.56,15
2026-06-22T05:00:00+00:00,SE4,solar,158.679,15
2026-06-22T05:15:00+00:00,SE4,solar,185.343,15
2026-06-22T05:30:00+00:00,SE4,solar,213.75,15
2026-06-22T05:45:00+00:00,SE4,solar,241.14,15
2026-06-22T06:00:00+00:00,SE4,solar,297.341,15
2026-06-22T06:15:00+00:00,SE4,solar,328.695,15
2026-06-22T06:30:00+00:00,SE4,solar,361.278,15
2026-06-22T06:45:00+00:00,SE4,solar,396.042,15
2026-06-22T07:00:00+00:00,SE4,solar,444.318,15
2026-06-22T07:15:00+00:00,SE4,solar,475.679,15
2026-06-22T07:30:00+00:00,SE4,solar,508.143,15
2026-06-22T07:45:00+00:00,SE4,solar,572.021,15
2026-06-22T08:00:00+00:00,SE4,solar,624.91,15
2026-06-22T08:15:00+00:00,SE4,solar,650.309,15
2026-06-22T08:30:00+00:00,SE4,solar,675.73,15
2026-06-22T08:45:00+00:00,SE4,solar,698.165,15
2026-06-22T09:00:00+00:00,SE4,solar,724.08,15
2026-06-22T09:15:00+00:00,SE4,solar,727.293,15
2026-06-22T09:30:00+00:00,SE4,solar,735.886,15
2026-06-22T09:45:00+00:00,SE4,solar,741.877,15
2026-06-22T10:00:00+00:00,SE4,solar,742.076,15
2026-06-22T10:15:00+00:00,SE4,solar,745.316,15
2026-06-22T10:30:00+00:00,SE4,solar,743.411,15
2026-06-22T10:45:00+00:00,SE4,solar,737.072,15
2026-06-22T11:00:00+00:00,SE4,solar,722.296,15
2026-06-22T11:15:00+00:00,SE4,solar,714.294,15
2026-06-22T11:30:00+00:00,SE4,solar,706.318,15
2026-06-22T11:45:00+00:00,SE4,solar,698.006,15
2026-06-22T12:00:00+00:00,SE4,solar,682.785,15
2026-06-22T12:15:00+00:00,SE4,solar,674.204,15
2026-06-22T12:30:00+00:00,SE4,solar,659.488,15
2026-06-22T12:45:00+00:00,SE4,solar,641.407,15
2026-06-22T13:00:00+00:00,SE4,solar,608.249,15
2026-06-22T13:15:00+00:00,SE4,solar,584.575,15
2026-06-22T13:30:00+00:00,SE4,solar,558.243,15
2026-06-22T13:45:00+00:00,SE4,solar,533.071,15
2026-06-22T14:00:00+00:00,SE4,solar,485.485,15
2026-06-22T14:15:00+00:00,SE4,solar,459.591,15
2026-06-22T14:30:00+00:00,SE4,solar,430.402,15
2026-06-22T14:45:00+00:00,SE4,solar,403.032,15
2026-06-22T15:00:00+00:00,SE4,solar,353.426,15
2026-06-22T15:15:00+00:00,SE4,solar,327.083,15
2026-06-22T15:30:00+00:00,SE4,solar,296.171,15
2026-06-22T15:45:00+00:00,SE4,solar,268.589,15
2026-06-22T16:00:00+00:00,SE4,solar,227.381,15
2026-06-22T16:15:00+00:00,SE4,solar,200.803,15
2026-06-22T16:30:00+00:00,SE4,solar,174.938,15
2026-06-22T16:45:00+00:00,SE4,solar,154.593,15
2026-06-22T17:00:00+00:00,SE4,solar,123.606,15
2026-06-22T17:15:00+00:00,SE4,solar,105.495,15
2026-06-22T17:30:00+00:00,SE4,solar,88.884,15
2026-06-22T17:45:00+00:00,SE4,solar,73.234,15
2026-06-22T18:00:00+00:00,SE4,solar,54.877,15
2026-06-22T18:15:00+00:00,SE4,solar,44.068,15
2026-06-22T18:30:00+00:00,SE4,solar,34.541,15
2026-06-22T18:45:00+00:00,SE4,solar,26.468,15
2026-06-22T19:00:00+00:00,SE4,solar,11.968,15
2026-06-22T19:15:00+00:00,SE4,solar,8.463,15
2026-06-22T19:30:00+00:00,SE4,solar,4.344,15
2026-06-22T19:45:00+00:00,SE4,solar,3.258,15
2026-06-22T20:00:00+00:00,SE4,solar,1.199,15
2026-06-22T20:15:00+00:00,SE4,solar,1.042,15
2026-06-22T20:30:00+00:00,SE4,solar,0.952,15
2026-06-22T20:45:00+00:00,SE4,solar,0.867,15
2026-06-22T21:00:00+00:00,SE4,solar,0.796,15
2026-06-22T21:15:00+00:00,SE4,solar,0.76,15
2026-06-22T21:30:00+00:00,SE4,solar,0.298,15
2026-06-22T21:45:00+00:00,SE4,solar,0.272,15
2026-06-22T22:00:00+00:00,SE4,solar,0.704,15
2026-06-22T22:15:00+00:00,SE4,solar,0.674,15
2026-06-22T22:30:00+00:00,SE4,solar,0.649,15
2026-06-22T22:45:00+00:00,SE4,solar,0.623,15
2026-06-22T23:00:00+00:00,SE4,solar,0.598,15
2026-06-22T23:15:00+00:00,SE4,solar,0.59,15
2026-06-22T23:30:00+00:00,SE4,solar,0.579,15
2026-06-22T23:45:00+00:00,SE4,solar,0.575,15
2026-06-23T00:00:00+00:00,SE4,solar,0.59,15
2026-06-23T00:15:00+00:00,SE4,solar,0.591,15
2026-06-23T00:30:00+00:00,SE4,solar,0.592,15
2026-06-23T00:45:00+00:00,SE4,solar,0.585,15
2026-06-23T01:00:00+00:00,SE4,solar,0.657,15
2026-06-23T01:15:00+00:00,SE4,solar,0.661,15
2026-06-23T01:30:00+00:00,SE4,solar,0.662,15
2026-06-23T01:45:00+00:00,SE4,solar,0.665,15
2026-06-23T02:00:00+00:00,SE4,solar,0.787,15
2026-06-23T02:15:00+00:00,SE4,solar,1.099,15
2026-06-23T02:30:00+00:00,SE4,solar,1.547,15
2026-06-23T02:45:00+00:00,SE4,solar,2.552,15
2026-06-23T03:00:00+00:00,SE4,solar,9.874,15
2026-06-23T03:15:00+00:00,SE4,solar,15.101,15
2026-06-23T03:30:00+00:00,SE4,solar,20.827,15
2026-06-23T03:45:00+00:00,SE4,solar,27.434,15
2026-06-23T04:00:00+00:00,SE4,solar,45.826,15
2026-06-23T04:15:00+00:00,SE4,solar,60.266,15
2026-06-23T04:30:00+00:00,SE4,solar,74.581,15
2026-06-23T04:45:00+00:00,SE4,solar,90.059,15
2026-06-23T05:00:00+00:00,SE4,solar,126.3,15
2026-06-23T05:15:00+00:00,SE4,solar,150.509,15
2026-06-23T05:30:00+00:00,SE4,solar,174.495,15
2026-06-23T05:45:00+00:00,SE4,solar,199.031,15
2026-06-23T06:00:00+00:00,SE4,solar,243.184,15
2026-06-23T06:15:00+00:00,SE4,solar,274.07,15
2026-06-23T06:30:00+00:00,SE4,solar,303.475,15
2026-06-23T06:45:00+00:00,SE4,solar,333.28,15
2026-06-23T07:00:00+00:00,SE4,solar,374.019,15
2026-06-23T07:15:00+00:00,SE4,solar,404.959,15
2026-06-23T07:30:00+00:00,SE4,solar,436.884,15
2026-06-23T07:45:00+00:00,SE4,solar,468.662,15
2026-06-23T08:00:00+00:00,SE4,solar,539.862,15
2026-06-23T08:15:00+00:00,SE4,solar,565.416,15
2026-06-23T08:30:00+00:00,SE4,solar,590.005,15
2026-06-23T08:45:00+00:00,SE4,solar,613.865,15
2026-06-23T09:00:00+00:00,SE4,solar,655.961,15
2026-06-23T09:15:00+00:00,SE4,solar,669.685,15
2026-06-23T09:30:00+00:00,SE4,solar,684.497,15
2026-06-23T09:45:00+00:00,SE4,solar,698.349,15
2026-06-23T10:00:00+00:00,SE4,solar,727.586,15
2026-06-23T10:15:00+00:00,SE4,solar,735.486,15
2026-06-23T10:30:00+00:00,SE4,solar,743.659,15
2026-06-23T10:45:00+00:00,SE4,solar,748.451,15
2026-06-23T11:00:00+00:00,SE4,solar,752.809,15
2026-06-23T11:15:00+00:00,SE4,solar,756.151,15
2026-06-23T11:30:00+00:00,SE4,solar,758.384,15
2026-06-23T11:45:00+00:00,SE4,solar,757.057,15
2026-06-23T12:00:00+00:00,SE4,solar,752.178,15
2026-06-23T12:15:00+00:00,SE4,solar,748.401,15
2026-06-23T12:30:00+00:00,SE4,solar,742.221,15
2026-06-23T12:45:00+00:00,SE4,solar,732.986,15
2026-06-23T13:00:00+00:00,SE4,solar,710.007,15
2026-06-23T13:15:00+00:00,SE4,solar,692.356,15
2026-06-23T13:30:00+00:00,SE4,solar,670.01,15
2026-06-23T13:45:00+00:00,SE4,solar,646.469,15
2026-06-23T14:00:00+00:00,SE4,solar,600.198,15
2026-06-23T14:15:00+00:00,SE4,solar,571.015,15
2026-06-23T14:30:00+00:00,SE4,solar,538.486,15
2026-06-23T14:45:00+00:00,SE4,solar,505.787,15
2026-06-23T15:00:00+00:00,SE4,solar,452.967,15
2026-06-23T15:15:00+00:00,SE4,solar,417.008,15
2026-06-23T15:30:00+00:00,SE4,solar,380.482,15
2026-06-23T15:45:00+00:00,SE4,solar,344.985,15
2026-06-23T16:00:00+00:00,SE4,solar,277.037,15
2026-06-23T16:15:00+00:00,SE4,solar,243.742,15
2026-06-23T16:30:00+00:00,SE4,solar,212.874,15
2026-06-23T16:45:00+00:00,SE4,solar,183.309,15
2026-06-23T17:00:00+00:00,SE4,solar,141.868,15
2026-06-23T17:15:00+00:00,SE4,solar,118.828,15
2026-06-23T17:30:00+00:00,SE4,solar,98.623,15
2026-06-23T17:45:00+00:00,SE4,solar,80.655,15
2026-06-23T18:00:00+00:00,SE4,solar,55.168,15
2026-06-23T18:15:00+00:00,SE4,solar,45.1,15
2026-06-23T18:30:00+00:00,SE4,solar,36.086,15
2026-06-23T18:45:00+00:00,SE4,solar,29.41,15
2026-06-23T19:00:00+00:00,SE4,solar,15.649,15
2026-06-23T19:15:00+00:00,SE4,solar,11.125,15
2026-06-23T19:30:00+00:00,SE4,solar,4.181,15
2026-06-23T19:45:00+00:00,SE4,solar,6.219,15
2026-06-23T20:00:00+00:00,SE4,solar,3.874,15
2026-06-23T20:15:00+00:00,SE4,solar,2.531,15
2026-06-23T20:30:00+00:00,SE4,solar,1.605,15
2026-06-23T20:45:00+00:00,SE4,solar,1.112,15
2026-06-23T21:00:00+00:00,SE4,solar,0.994,15
2026-06-23T21:15:00+00:00,SE4,solar,0.965,15
2026-06-23T21:30:00+00:00,SE4,solar,0.851,15
2026-06-23T21:45:00+00:00,SE4,solar,0.919,15
2026-06-23T22:00:00+00:00,SE4,solar,0.537,15
2026-06-23T22:15:00+00:00,SE4,solar,0.526,15
2026-06-23T22:30:00+00:00,SE4,solar,0.516,15
2026-06-23T22:45:00+00:00,SE4,solar,0.504,15
2026-06-23T23:00:00+00:00,SE4,solar,0.449,15
2026-06-23T23:30:00+00:00,SE4,solar,0.451,15
2026-06-23T23:45:00+00:00,SE4,solar,0.453,15
2026-06-24T00:00:00+00:00,SE4,solar,0.474,15
2026-06-24T00:15:00+00:00,SE4,solar,0.476,15
2026-06-24T00:30:00+00:00,SE4,solar,0.474,15
2026-06-24T00:45:00+00:00,SE4,solar,0.473,15
2026-06-24T01:00:00+00:00,SE4,solar,0.568,15
2026-06-24T01:15:00+00:00,SE4,solar,0.578,15
2026-06-24T01:30:00+00:00,SE4,solar,0.585,15
2026-06-24T01:45:00+00:00,SE4,solar,0.597,15
2026-06-24T02:00:00+00:00,SE4,solar,0.726,15
2026-06-24T02:15:00+00:00,SE4,solar,0.9,15
2026-06-24T02:30:00+00:00,SE4,solar,1.187,15
2026-06-24T02:45:00+00:00,SE4,solar,1.635,15
2026-06-24T03:00:00+00:00,SE4,solar,6.906,15
2026-06-24T03:15:00+00:00,SE4,solar,10.357,15
2026-06-24T03:30:00+00:00,SE4,solar,14.123,15
2026-06-24T03:45:00+00:00,SE4,solar,18.235,15
2026-06-24T04:00:00+00:00,SE4,solar,31.995,15
2026-06-24T04:15:00+00:00,SE4,solar,41.768,15
2026-06-24T04:30:00+00:00,SE4,solar,51.313,15
2026-06-24T04:45:00+00:00,SE4,solar,62.475,15
2026-06-24T05:00:00+00:00,SE4,solar,94.475,15
2026-06-24T05:15:00+00:00,SE4,solar,113.032,15
2026-06-24T05:30:00+00:00,SE4,solar,133.247,15
2026-06-24T05:45:00+00:00,SE4,solar,152.336,15
2026-06-24T06:00:00+00:00,SE4,solar,200.784,15
2026-06-24T06:15:00+00:00,SE4,solar,231.144,15
2026-06-24T06:30:00+00:00,SE4,solar,259.889,15
2026-06-24T06:45:00+00:00,SE4,solar,285.942,15
2026-06-24T07:00:00+00:00,SE4,solar,329.943,15
2026-06-24T07:15:00+00:00,SE4,solar,356.981,15
2026-06-24T07:30:00+00:00,SE4,solar,381.89,15
2026-06-24T07:45:00+00:00,SE4,solar,390.868,15
2026-06-24T08:00:00+00:00,SE4,solar,430.049,15
2026-06-24T08:15:00+00:00,SE4,solar,448.494,15
2026-06-24T08:30:00+00:00,SE4,solar,466.72,15
2026-06-24T08:45:00+00:00,SE4,solar,483.032,15
2026-06-24T09:00:00+00:00,SE4,solar,501.19,15
2026-06-24T09:15:00+00:00,SE4,solar,512.697,15
2026-06-24T09:30:00+00:00,SE4,solar,523.799,15
2026-06-24T09:45:00+00:00,SE4,solar,533.359,15
2026-06-24T10:00:00+00:00,SE4,solar,540.819,15
2026-06-24T10:15:00+00:00,SE4,solar,545.484,15
2026-06-24T10:30:00+00:00,SE4,solar,562.524,15
2026-06-24T10:45:00+00:00,SE4,solar,567.769,15
2026-06-24T11:00:00+00:00,SE4,solar,580.062,15
2026-06-24T11:15:00+00:00,SE4,solar,584.333,15
2026-06-24T11:30:00+00:00,SE4,solar,585.682,15
2026-06-24T11:45:00+00:00,SE4,solar,581.999,15
2026-06-24T12:00:00+00:00,SE4,solar,573.289,15
2026-06-24T12:15:00+00:00,SE4,solar,567.325,15
2026-06-24T12:30:00+00:00,SE4,solar,561.669,15
2026-06-24T12:45:00+00:00,SE4,solar,580.422,15
2026-06-24T13:00:00+00:00,SE4,solar,571.633,15
2026-06-24T13:15:00+00:00,SE4,solar,561.766,15
2026-06-24T13:30:00+00:00,SE4,solar,544.53,15
2026-06-24T13:45:00+00:00,SE4,solar,527.294,15
2026-06-24T14:00:00+00:00,SE4,solar,491.176,15
2026-06-24T14:15:00+00:00,SE4,solar,468.752,15
2026-06-24T14:30:00+00:00,SE4,solar,447.206,15
2026-06-24T14:45:00+00:00,SE4,solar,427.145,15
2026-06-24T15:00:00+00:00,SE4,solar,390.997,15
2026-06-24T15:15:00+00:00,SE4,solar,367.741,15
2026-06-24T15:30:00+00:00,SE4,solar,341.054,15
2026-06-24T15:45:00+00:00,SE4,solar,314.119,15
2026-06-24T16:00:00+00:00,SE4,solar,269.778,15
2026-06-24T16:15:00+00:00,SE4,solar,240.745,15
2026-06-24T16:30:00+00:00,SE4,solar,212.743,15
2026-06-24T16:45:00+00:00,SE4,solar,186.161,15
2026-06-24T17:00:00+00:00,SE4,solar,146.667,15
2026-06-24T17:15:00+00:00,SE4,solar,124.569,15
2026-06-24T17:30:00+00:00,SE4,solar,103.868,15
2026-06-24T17:45:00+00:00,SE4,solar,84.375,15
2026-06-24T18:00:00+00:00,SE4,solar,61.727,15
2026-06-24T18:15:00+00:00,SE4,solar,48.627,15
2026-06-24T18:30:00+00:00,SE4,solar,37.077,15
2026-06-24T18:45:00+00:00,SE4,solar,27.642,15
2026-06-24T19:00:00+00:00,SE4,solar,12.805,15
2026-06-24T19:15:00+00:00,SE4,solar,8.312,15
2026-06-24T19:30:00+00:00,SE4,solar,4.141,15
2026-06-24T19:45:00+00:00,SE4,solar,3.127,15
2026-06-24T20:00:00+00:00,SE4,solar,1.379,15
2026-06-24T20:15:00+00:00,SE4,solar,0.344,15
2026-06-24T20:30:00+00:00,SE4,solar,0.317,15
2026-06-24T20:45:00+00:00,SE4,solar,0.283,15
2026-06-24T21:00:00+00:00,SE4,solar,0.271,15
2026-06-24T21:15:00+00:00,SE4,solar,0.256,15
2026-06-24T21:30:00+00:00,SE4,solar,0.238,15
2026-06-24T21:45:00+00:00,SE4,solar,0.215,15
2026-06-24T22:00:00+00:00,SE4,solar,0.732,15
2026-06-24T22:15:00+00:00,SE4,solar,0.714,15
2026-06-24T22:30:00+00:00,SE4,solar,0.658,15
2026-06-24T22:45:00+00:00,SE4,solar,0.642,15
2026-06-24T23:00:00+00:00,SE4,solar,0.942,15
2026-06-24T23:15:00+00:00,SE4,solar,0.612,15
2026-06-24T23:30:00+00:00,SE4,solar,0.627,15
2026-06-24T23:45:00+00:00,SE4,solar,0.576,15
2026-06-25T00:00:00+00:00,SE4,solar,0.611,15
2026-06-25T00:15:00+00:00,SE4,solar,0.591,15
2026-06-25T00:30:00+00:00,SE4,solar,0.581,15
2026-06-25T00:45:00+00:00,SE4,solar,0.55,15
2026-06-25T01:00:00+00:00,SE4,solar,0.633,15
2026-06-25T01:15:00+00:00,SE4,solar,0.652,15
2026-06-25T01:30:00+00:00,SE4,solar,0.622,15
2026-06-25T02:00:00+00:00,SE4,solar,0.78,15
2026-06-25T02:15:00+00:00,SE4,solar,1.023,15
2026-06-25T02:30:00+00:00,SE4,solar,1.425,15
2026-06-25T02:45:00+00:00,SE4,solar,2.048,15
2026-06-25T03:00:00+00:00,SE4,solar,10.177,15
2026-06-25T03:15:00+00:00,SE4,solar,16.31,15
2026-06-25T03:30:00+00:00,SE4,solar,23.747,15
2026-06-25T03:45:00+00:00,SE4,solar,32.819,15
2026-06-25T04:00:00+00:00,SE4,solar,53.948,15
2026-06-25T04:15:00+00:00,SE4,solar,69.444,15
2026-06-25T04:30:00+00:00,SE4,solar,86.193,15
2026-06-25T04:45:00+00:00,SE4,solar,104.995,15
2026-06-25T05:00:00+00:00,SE4,solar,143.301,15
2026-06-25T05:15:00+00:00,SE4,solar,171.87,15
2026-06-25T05:30:00+00:00,SE4,solar,200.589,15
2026-06-25T05:45:00+00:00,SE4,solar,230.918,15
2026-06-25T06:00:00+00:00,SE4,solar,273.181,15
2026-06-25T06:15:00+00:00,SE4,solar,302.467,15
2026-06-25T06:30:00+00:00,SE4,solar,332.909,15
2026-06-25T06:45:00+00:00,SE4,solar,357.744,15
2026-06-25T07:00:00+00:00,SE4,solar,407.688,15
2026-06-25T07:15:00+00:00,SE4,solar,439.029,15
2026-06-25T07:30:00+00:00,SE4,solar,473.365,15
2026-06-25T07:45:00+00:00,SE4,solar,507.361,15
2026-06-25T08:00:00+00:00,SE4,solar,560.504,15
2026-06-25T08:15:00+00:00,SE4,solar,588.893,15
2026-06-25T08:30:00+00:00,SE4,solar,616.385,15
2026-06-25T08:45:00+00:00,SE4,solar,639.972,15
2026-06-25T09:00:00+00:00,SE4,solar,674.323,15
2026-06-25T09:15:00+00:00,SE4,solar,691.687,15
2026-06-25T09:30:00+00:00,SE4,solar,708.004,15
2026-06-25T09:45:00+00:00,SE4,solar,723.066,15
2026-06-25T10:00:00+00:00,SE4,solar,727.044,15
2026-06-25T10:15:00+00:00,SE4,solar,734.21,15
2026-06-25T10:30:00+00:00,SE4,solar,739.042,15
2026-06-25T10:45:00+00:00,SE4,solar,741.92,15
2026-06-25T11:00:00+00:00,SE4,solar,745.091,15
2026-06-25T11:15:00+00:00,SE4,solar,746.415,15
2026-06-25T11:30:00+00:00,SE4,solar,745.542,15
2026-06-25T11:45:00+00:00,SE4,solar,741.673,15
2026-06-25T12:00:00+00:00,SE4,solar,736.085,15
2026-06-25T12:15:00+00:00,SE4,solar,728.172,15
2026-06-25T12:30:00+00:00,SE4,solar,718.6,15
2026-06-25T12:45:00+00:00,SE4,solar,705.309,15
2026-06-25T13:00:00+00:00,SE4,solar,684.738,15
2026-06-25T13:15:00+00:00,SE4,solar,664.76,15
2026-06-25T13:30:00+00:00,SE4,solar,641.614,15
2026-06-25T13:45:00+00:00,SE4,solar,618.398,15
2026-06-25T14:00:00+00:00,SE4,solar,574.161,15
2026-06-25T14:15:00+00:00,SE4,solar,544.421,15
2026-06-25T14:30:00+00:00,SE4,solar,512.672,15
2026-06-25T14:45:00+00:00,SE4,solar,480.387,15
2026-06-25T15:00:00+00:00,SE4,solar,430.826,15
2026-06-25T15:15:00+00:00,SE4,solar,395.703,15
2026-06-25T15:30:00+00:00,SE4,solar,359.893,15
2026-06-25T15:45:00+00:00,SE4,solar,324.246,15
2026-06-25T16:00:00+00:00,SE4,solar,265.953,15
2026-06-25T16:15:00+00:00,SE4,solar,232.534,15
2026-06-25T16:30:00+00:00,SE4,solar,200.788,15
2026-06-25T16:45:00+00:00,SE4,solar,170.582,15
2026-06-25T17:00:00+00:00,SE4,solar,128.182,15
2026-06-25T17:15:00+00:00,SE4,solar,104.88,15
2026-06-25T17:30:00+00:00,SE4,solar,86.956,15
2026-06-25T17:45:00+00:00,SE4,solar,70.766,15
2026-06-25T18:00:00+00:00,SE4,solar,49.833,15
2026-06-25T18:15:00+00:00,SE4,solar,41.404,15
2026-06-25T18:30:00+00:00,SE4,solar,34.372,15
2026-06-25T18:45:00+00:00,SE4,solar,26.73,15
2026-06-25T19:00:00+00:00,SE4,solar,12.994,15
2026-06-25T19:15:00+00:00,SE4,solar,10.0,15
2026-06-25T19:30:00+00:00,SE4,solar,4.474,15
2026-06-25T19:45:00+00:00,SE4,solar,4.695,15
2026-06-25T20:00:00+00:00,SE4,solar,2.145,15
2026-06-25T20:15:00+00:00,SE4,solar,1.452,15
2026-06-25T20:30:00+00:00,SE4,solar,1.243,15
2026-06-25T20:45:00+00:00,SE4,solar,1.13,15
2026-06-25T21:00:00+00:00,SE4,solar,0.97,15
2026-06-25T21:15:00+00:00,SE4,solar,0.937,15
2026-06-25T21:30:00+00:00,SE4,solar,0.911,15
2026-06-25T21:45:00+00:00,SE4,solar,0.886,15
2026-06-25T22:00:00+00:00,SE4,solar,0.701,15
2026-06-25T22:15:00+00:00,SE4,solar,0.665,15
2026-06-25T22:30:00+00:00,SE4,solar,0.639,15
2026-06-25T22:45:00+00:00,SE4,solar,0.608,15
2026-06-25T23:00:00+00:00,SE4,solar,0.589,15
2026-06-25T23:15:00+00:00,SE4,solar,0.573,15
2026-06-25T23:30:00+00:00,SE4,solar,0.572,15
2026-06-25T23:45:00+00:00,SE4,solar,0.567,15
2026-06-26T00:00:00+00:00,SE4,solar,0.56,15
2026-06-26T00:15:00+00:00,SE4,solar,0.546,15
2026-06-26T00:30:00+00:00,SE4,solar,0.537,15
2026-06-26T00:45:00+00:00,SE4,solar,0.541,15
2026-06-26T01:00:00+00:00,SE4,solar,0.591,15
2026-06-26T02:00:00+00:00,SE4,solar,0.72,15
2026-06-26T02:15:00+00:00,SE4,solar,1.208,15
2026-06-26T02:30:00+00:00,SE4,solar,1.969,15
2026-06-26T02:45:00+00:00,SE4,solar,3.255,15
2026-06-26T03:00:00+00:00,SE4,solar,11.021,15
2026-06-26T03:15:00+00:00,SE4,solar,17.952,15
2026-06-26T03:30:00+00:00,SE4,solar,25.356,15
2026-06-26T03:45:00+00:00,SE4,solar,34.257,15
2026-06-26T04:00:00+00:00,SE4,solar,54.719,15
2026-06-26T04:15:00+00:00,SE4,solar,69.629,15
2026-06-26T04:30:00+00:00,SE4,solar,87.483,15
2026-06-26T04:45:00+00:00,SE4,solar,108.338,15
2026-06-26T05:00:00+00:00,SE4,solar,146.705,15
2026-06-26T05:15:00+00:00,SE4,solar,172.351,15
2026-06-26T05:30:00+00:00,SE4,solar,200.409,15
2026-06-26T05:45:00+00:00,SE4,solar,225.351,15
2026-06-26T06:00:00+00:00,SE4,solar,275.802,15
2026-06-26T06:15:00+00:00,SE4,solar,308.308,15
2026-06-26T06:30:00+00:00,SE4,solar,341.469,15
2026-06-26T06:45:00+00:00,SE4,solar,372.999,15
2026-06-26T07:00:00+00:00,SE4,solar,422.579,15
2026-06-26T07:15:00+00:00,SE4,solar,454.348,15
2026-06-26T07:30:00+00:00,SE4,solar,484.196,15
2026-06-26T07:45:00+00:00,SE4,solar,514.267,15
2026-06-26T08:00:00+00:00,SE4,solar,567.345,15
2026-06-26T08:15:00+00:00,SE4,solar,592.776,15
2026-06-26T08:30:00+00:00,SE4,solar,616.775,15
2026-06-26T08:45:00+00:00,SE4,solar,639.334,15
2026-06-26T09:00:00+00:00,SE4,solar,665.622,15
2026-06-26T09:15:00+00:00,SE4,solar,682.278,15
2026-06-26T09:30:00+00:00,SE4,solar,697.824,15
2026-06-26T09:45:00+00:00,SE4,solar,711.389,15
2026-06-26T10:00:00+00:00,SE4,solar,724.401,15
2026-06-26T10:15:00+00:00,SE4,solar,731.252,15
2026-06-26T10:30:00+00:00,SE4,solar,735.571,15
2026-06-26T10:45:00+00:00,SE4,solar,737.99,15
2026-06-26T11:00:00+00:00,SE4,solar,739.007,15
2026-06-26T11:15:00+00:00,SE4,solar,738.218,15
2026-06-26T11:30:00+00:00,SE4,solar,737.098,15
2026-06-26T11:45:00+00:00,SE4,solar,734.071,15
2026-06-26T12:00:00+00:00,SE4,solar,728.549,15
2026-06-26T12:15:00+00:00,SE4,solar,720.709,15
2026-06-26T12:30:00+00:00,SE4,solar,712.175,15
2026-06-26T12:45:00+00:00,SE4,solar,701.551,15
2026-06-26T13:00:00+00:00,SE4,solar,680.12,15
2026-06-26T13:15:00+00:00,SE4,solar,661.93,15
2026-06-26T13:30:00+00:00,SE4,solar,642.304,15
2026-06-26T13:45:00+00:00,SE4,solar,621.4,15
2026-06-26T14:00:00+00:00,SE4,solar,578.222,15
2026-06-26T14:15:00+00:00,SE4,solar,552.419,15
2026-06-26T14:30:00+00:00,SE4,solar,521.749,15
2026-06-26T14:45:00+00:00,SE4,solar,490.623,15
2026-06-26T15:00:00+00:00,SE4,solar,433.376,15
2026-06-26T15:15:00+00:00,SE4,solar,396.5,15
2026-06-26T15:30:00+00:00,SE4,solar,360.333,15
2026-06-26T15:45:00+00:00,SE4,solar,326.282,15
2026-06-26T16:00:00+00:00,SE4,solar,271.445,15
2026-06-26T16:15:00+00:00,SE4,solar,241.185,15
2026-06-26T16:30:00+00:00,SE4,solar,210.829,15
2026-06-26T16:45:00+00:00,SE4,solar,182.242,15
2026-06-26T17:00:00+00:00,SE4,solar,145.365,15
2026-06-26T17:15:00+00:00,SE4,solar,125.325,15
2026-06-26T17:30:00+00:00,SE4,solar,106.929,15
2026-06-26T17:45:00+00:00,SE4,solar,90.298,15
2026-06-26T18:00:00+00:00,SE4,solar,65.797,15
2026-06-26T18:15:00+00:00,SE4,solar,54.139,15
2026-06-26T18:30:00+00:00,SE4,solar,42.533,15
2026-06-26T18:45:00+00:00,SE4,solar,32.243,15
2026-06-26T19:00:00+00:00,SE4,solar,14.373,15
2026-06-26T19:15:00+00:00,SE4,solar,9.674,15
2026-06-26T19:30:00+00:00,SE4,solar,4.343,15
2026-06-26T19:45:00+00:00,SE4,solar,3.991,15
2026-06-26T20:00:00+00:00,SE4,solar,2.742,15
2026-06-26T20:15:00+00:00,SE4,solar,1.58,15
2026-06-26T20:30:00+00:00,SE4,solar,1.087,15
2026-06-26T20:45:00+00:00,SE4,solar,1.19,15
2026-06-26T21:00:00+00:00,SE4,solar,1.095,15
2026-06-26T21:15:00+00:00,SE4,solar,1.062,15
2026-06-26T21:30:00+00:00,SE4,solar,1.133,15
2026-06-26T21:45:00+00:00,SE4,solar,0.672,15
2026-06-26T22:00:00+00:00,SE4,solar,0.766,15
2026-06-26T22:15:00+00:00,SE4,solar,0.72,15
2026-06-26T22:30:00+00:00,SE4,solar,0.695,15
2026-06-26T22:45:00+00:00,SE4,solar,0.671,15
2026-06-26T23:00:00+00:00,SE4,solar,0.633,15
2026-06-26T23:15:00+00:00,SE4,solar,0.617,15
2026-06-26T23:30:00+00:00,SE4,solar,0.616,15
2026-06-26T23:45:00+00:00,SE4,solar,0.617,15
2026-06-27T00:00:00+00:00,SE4,solar,0.608,15
2026-06-27T00:15:00+00:00,SE4,solar,0.607,15
2026-06-27T00:30:00+00:00,SE4,solar,0.597,15
2026-06-27T00:45:00+00:00,SE4,solar,0.587,15
2026-06-27T01:00:00+00:00,SE4,solar,0.607,15
2026-06-27T01:15:00+00:00,SE4,solar,0.621,15
2026-06-27T01:30:00+00:00,SE4,solar,0.612,15
2026-06-27T01:45:00+00:00,SE4,solar,0.623,15
2026-06-27T02:00:00+00:00,SE4,solar,0.742,15
2026-06-27T02:15:00+00:00,SE4,solar,1.201,15
2026-06-27T02:30:00+00:00,SE4,solar,2.009,15
2026-06-27T02:45:00+00:00,SE4,solar,3.439,15
2026-06-27T03:00:00+00:00,SE4,solar,12.115,15
2026-06-27T03:15:00+00:00,SE4,solar,19.228,15
2026-06-27T03:30:00+00:00,SE4,solar,26.857,15
2026-06-27T03:45:00+00:00,SE4,solar,36.022,15
2026-06-27T04:00:00+00:00,SE4,solar,54.972,15
2026-06-27T04:15:00+00:00,SE4,solar,69.469,15
2026-06-27T04:30:00+00:00,SE4,solar,86.848,15
2026-06-27T04:45:00+00:00,SE4,solar,107.119,15
2026-06-27T05:00:00+00:00,SE4,solar,144.44,15
2026-06-27T05:15:00+00:00,SE4,solar,168.892,15
2026-06-27T05:30:00+00:00,SE4,solar,194.129,15
2026-06-27T05:45:00+00:00,SE4,solar,218.778,15
2026-06-27T06:00:00+00:00,SE4,solar,264.753,15
2026-06-27T06:15:00+00:00,SE4,solar,295.356,15
2026-06-27T06:30:00+00:00,SE4,solar,324.745,15
2026-06-27T06:45:00+00:00,SE4,solar,335.007,15
2026-06-27T07:00:00+00:00,SE4,solar,379.049,15
2026-06-27T07:15:00+00:00,SE4,solar,406.793,15
2026-06-27T07:30:00+00:00,SE4,solar,433.74,15
2026-06-27T07:45:00+00:00,SE4,solar,461.653,15
2026-06-27T08:00:00+00:00,SE4,solar,507.501,15
2026-06-27T08:15:00+00:00,SE4,solar,531.264,15
2026-06-27T08:30:00+00:00,SE4,solar,575.618,15
2026-06-27T08:45:00+00:00,SE4,solar,589.618,15
2026-06-27T09:00:00+00:00,SE4,solar,618.929,15
2026-06-27T09:15:00+00:00,SE4,solar,634.018,15
2026-06-27T09:30:00+00:00,SE4,solar,644.116,15
2026-06-27T09:45:00+00:00,SE4,solar,653.807,15
2026-06-27T10:00:00+00:00,SE4,solar,664.979,15
2026-06-27T10:15:00+00:00,SE4,solar,687.833,15
2026-06-27T10:30:00+00:00,SE4,solar,690.278,15
2026-06-27T10:45:00+00:00,SE4,solar,693.177,15
2026-06-27T11:00:00+00:00,SE4,solar,692.7,15
2026-06-27T11:15:00+00:00,SE4,solar,691.959,15
2026-06-27T11:30:00+00:00,SE4,solar,689.006,15
2026-06-27T11:45:00+00:00,SE4,solar,685.014,15
2026-06-27T12:00:00+00:00,SE4,solar,685.452,15
2026-06-27T12:15:00+00:00,SE4,solar,679.339,15
2026-06-27T12:30:00+00:00,SE4,solar,670.96,15
2026-06-27T12:45:00+00:00,SE4,solar,661.93,15
2026-06-27T13:00:00+00:00,SE4,solar,636.14,15
2026-06-27T13:15:00+00:00,SE4,solar,620.508,15
2026-06-27T13:30:00+00:00,SE4,solar,607.991,15
2026-06-27T13:45:00+00:00,SE4,solar,585.695,15
2026-06-27T14:00:00+00:00,SE4,solar,541.701,15
2026-06-27T14:15:00+00:00,SE4,solar,512.231,15
2026-06-27T14:30:00+00:00,SE4,solar,481.833,15
2026-06-27T14:45:00+00:00,SE4,solar,451.318,15
2026-06-27T15:00:00+00:00,SE4,solar,401.026,15
2026-06-27T15:15:00+00:00,SE4,solar,368.143,15
2026-06-27T15:30:00+00:00,SE4,solar,338.031,15
2026-06-27T15:45:00+00:00,SE4,solar,308.767,15
2026-06-27T16:00:00+00:00,SE4,solar,257.75,15
2026-06-27T16:15:00+00:00,SE4,solar,228.589,15
2026-06-27T16:30:00+00:00,SE4,solar,200.941,15
2026-06-27T16:45:00+00:00,SE4,solar,174.582,15
2026-06-27T17:00:00+00:00,SE4,solar,135.372,15
2026-06-27T17:15:00+00:00,SE4,solar,114.539,15
2026-06-27T17:30:00+00:00,SE4,solar,95.416,15
2026-06-27T17:45:00+00:00,SE4,solar,78.543,15
2026-06-27T18:00:00+00:00,SE4,solar,49.422,15
2026-06-27T18:15:00+00:00,SE4,solar,41.794,15
2026-06-27T18:30:00+00:00,SE4,solar,34.47,15
2026-06-27T18:45:00+00:00,SE4,solar,26.047,15
2026-06-27T19:00:00+00:00,SE4,solar,9.456,15
2026-06-27T19:15:00+00:00,SE4,solar,6.784,15
2026-06-27T19:30:00+00:00,SE4,solar,3.878,15
2026-06-27T19:45:00+00:00,SE4,solar,2.271,15
2026-06-27T20:00:00+00:00,SE4,solar,0.756,15
2026-06-27T20:15:00+00:00,SE4,solar,0.67,15
2026-06-27T20:30:00+00:00,SE4,solar,0.583,15
2026-06-27T20:45:00+00:00,SE4,solar,0.501,15
2026-06-27T21:00:00+00:00,SE4,solar,0.333,15
2026-06-27T21:15:00+00:00,SE4,solar,0.303,15
2026-06-27T21:30:00+00:00,SE4,solar,0.285,15
2026-06-27T21:45:00+00:00,SE4,solar,0.273,15
2026-06-27T22:00:00+00:00,SE4,solar,0.968,15
2026-06-27T22:15:00+00:00,SE4,solar,0.711,15
2026-06-27T22:30:00+00:00,SE4,solar,0.774,15
2026-06-27T22:45:00+00:00,SE4,solar,0.704,15
2026-06-27T23:00:00+00:00,SE4,solar,0.663,15
2026-06-27T23:15:00+00:00,SE4,solar,0.657,15
2026-06-27T23:30:00+00:00,SE4,solar,0.666,15
2026-06-27T23:45:00+00:00,SE4,solar,0.66,15
2026-06-28T00:00:00+00:00,SE4,solar,0.661,15
2026-06-28T00:15:00+00:00,SE4,solar,0.664,15
2026-06-28T00:45:00+00:00,SE4,solar,0.655,15
2026-06-28T01:00:00+00:00,SE4,solar,0.646,15
2026-06-28T01:30:00+00:00,SE4,solar,0.635,15
2026-06-28T01:45:00+00:00,SE4,solar,0.643,15
2026-06-28T02:00:00+00:00,SE4,solar,0.746,15
2026-06-28T02:15:00+00:00,SE4,solar,1.006,15
2026-06-28T02:30:00+00:00,SE4,solar,1.469,15
2026-06-28T02:45:00+00:00,SE4,solar,2.418,15
2026-06-28T03:00:00+00:00,SE4,solar,8.434,15
2026-06-28T03:15:00+00:00,SE4,solar,12.259,15
2026-06-28T03:30:00+00:00,SE4,solar,14.804,15
2026-06-28T03:45:00+00:00,SE4,solar,18.237,15
2026-06-28T04:00:00+00:00,SE4,solar,26.245,15
2026-06-28T04:15:00+00:00,SE4,solar,33.225,15
2026-06-28T04:30:00+00:00,SE4,solar,41.36,15
2026-06-28T04:45:00+00:00,SE4,solar,51.862,15
2026-06-28T05:00:00+00:00,SE4,solar,73.504,15
2026-06-28T05:15:00+00:00,SE4,solar,87.459,15
2026-06-28T05:30:00+00:00,SE4,solar,99.888,15
2026-06-28T05:45:00+00:00,SE4,solar,110.683,15
2026-06-28T06:00:00+00:00,SE4,solar,134.637,15
2026-06-28T06:15:00+00:00,SE4,solar,151.4,15
2026-06-28T06:30:00+00:00,SE4,solar,167.354,15
2026-06-28T06:45:00+00:00,SE4,solar,185.709,15
2026-06-28T07:00:00+00:00,SE4,solar,217.124,15
2026-06-28T07:15:00+00:00,SE4,solar,239.427,15
2026-06-28T07:30:00+00:00,SE4,solar,268.191,15
2026-06-28T07:45:00+00:00,SE4,solar,290.995,15
2026-06-28T08:00:00+00:00,SE4,solar,329.741,15
2026-06-28T08:15:00+00:00,SE4,solar,353.563,15
2026-06-28T08:30:00+00:00,SE4,solar,379.299,15
2026-06-28T08:45:00+00:00,SE4,solar,403.521,15
2026-06-28T09:00:00+00:00,SE4,solar,449.989,15
2026-06-28T09:15:00+00:00,SE4,solar,477.82,15
2026-06-28T09:30:00+00:00,SE4,solar,500.364,15
2026-06-28T09:45:00+00:00,SE4,solar,514.747,15
2026-06-28T10:00:00+00:00,SE4,solar,546.721,15
2026-06-28T10:15:00+00:00,SE4,solar,550.752,15
2026-06-28T10:30:00+00:00,SE4,solar,556.479,15
2026-06-28T10:45:00+00:00,SE4,solar,560.352,15
2026-06-28T11:00:00+00:00,SE4,solar,567.252,15
2026-06-28T11:15:00+00:00,SE4,solar,577.575,15
2026-06-28T11:30:00+00:00,SE4,solar,578.379,15
2026-06-28T11:45:00+00:00,SE4,solar,578.126,15
2026-06-28T12:00:00+00:00,SE4,solar,574.548,15
2026-06-28T12:15:00+00:00,SE4,solar,574.725,15
2026-06-28T12:30:00+00:00,SE4,solar,571.883,15
2026-06-28T12:45:00+00:00,SE4,solar,568.875,15
2026-06-28T13:00:00+00:00,SE4,solar,563.609,15
2026-06-28T13:15:00+00:00,SE4,solar,556.617,15
2026-06-28T13:30:00+00:00,SE4,solar,543.672,15
2026-06-28T13:45:00+00:00,SE4,solar,525.718,15
2026-06-28T14:00:00+00:00,SE4,solar,495.252,15
2026-06-28T14:15:00+00:00,SE4,solar,472.491,15
2026-06-28T14:30:00+00:00,SE4,solar,448.296,15
2026-06-28T14:45:00+00:00,SE4,solar,423.033,15
2026-06-28T15:00:00+00:00,SE4,solar,375.538,15
2026-06-28T15:15:00+00:00,SE4,solar,347.507,15
2026-06-28T15:30:00+00:00,SE4,solar,318.937,15
2026-06-28T15:45:00+00:00,SE4,solar,290.534,15
2026-06-28T16:00:00+00:00,SE4,solar,239.478,15
2026-06-28T16:15:00+00:00,SE4,solar,211.59,15
2026-06-28T16:30:00+00:00,SE4,solar,185.247,15
2026-06-28T16:45:00+00:00,SE4,solar,161.131,15
2026-06-28T17:00:00+00:00,SE4,solar,123.627,15
2026-06-28T17:15:00+00:00,SE4,solar,105.408,15
2026-06-28T17:30:00+00:00,SE4,solar,88.565,15
2026-06-28T17:45:00+00:00,SE4,solar,72.933,15
2026-06-28T18:00:00+00:00,SE4,solar,51.857,15
2026-06-28T18:15:00+00:00,SE4,solar,42.806,15
2026-06-28T18:30:00+00:00,SE4,solar,34.837,15
2026-06-28T18:45:00+00:00,SE4,solar,26.977,15
2026-06-28T19:00:00+00:00,SE4,solar,9.186,15
2026-06-28T19:15:00+00:00,SE4,solar,6.598,15
2026-06-28T19:30:00+00:00,SE4,solar,4.694,15
2026-06-28T19:45:00+00:00,SE4,solar,2.632,15
2026-06-28T20:00:00+00:00,SE4,solar,0.858,15
2026-06-28T20:15:00+00:00,SE4,solar,0.786,15
2026-06-28T20:30:00+00:00,SE4,solar,0.738,15
2026-06-28T20:45:00+00:00,SE4,solar,0.66,15
2026-06-28T21:00:00+00:00,SE4,solar,0.637,15
2026-06-28T21:15:00+00:00,SE4,solar,0.609,15
2026-06-28T21:30:00+00:00,SE4,solar,0.587,15
2026-06-28T21:45:00+00:00,SE4,solar,0.558,15
2026-06-28T22:00:00+00:00,SE4,solar,0.887,15
2026-06-28T22:15:00+00:00,SE4,solar,0.782,15
2026-06-28T22:30:00+00:00,SE4,solar,0.771,15
2026-06-28T22:45:00+00:00,SE4,solar,0.738,15
2026-06-28T23:00:00+00:00,SE4,solar,0.713,15
2026-06-28T23:15:00+00:00,SE4,solar,0.698,15
2026-06-28T23:30:00+00:00,SE4,solar,0.696,15
2026-06-28T23:45:00+00:00,SE4,solar,0.697,15
2026-06-29T00:00:00+00:00,SE4,solar,0.701,15
2026-06-29T00:15:00+00:00,SE4,solar,0.69,15
2026-06-29T00:45:00+00:00,SE4,solar,0.681,15
2026-06-29T01:00:00+00:00,SE4,solar,0.693,15
2026-06-29T01:15:00+00:00,SE4,solar,0.694,15
2026-06-29T02:00:00+00:00,SE4,solar,0.841,15
2026-06-29T02:15:00+00:00,SE4,solar,1.151,15
2026-06-29T02:30:00+00:00,SE4,solar,1.679,15
2026-06-29T02:45:00+00:00,SE4,solar,2.75,15
2026-06-29T03:00:00+00:00,SE4,solar,9.42,15
2026-06-29T03:15:00+00:00,SE4,solar,14.4,15
2026-06-29T03:30:00+00:00,SE4,solar,20.296,15
2026-06-29T03:45:00+00:00,SE4,solar,27.553,15
2026-06-29T04:00:00+00:00,SE4,solar,44.308,15
2026-06-29T04:15:00+00:00,SE4,solar,56.239,15
2026-06-29T04:30:00+00:00,SE4,solar,69.593,15
2026-06-29T04:45:00+00:00,SE4,solar,83.187,15
2026-06-29T05:00:00+00:00,SE4,solar,114.845,15
2026-06-29T05:15:00+00:00,SE4,solar,134.728,15
2026-06-29T05:30:00+00:00,SE4,solar,156.479,15
2026-06-29T05:45:00+00:00,SE4,solar,177.8,15
2026-06-29T06:00:00+00:00,SE4,solar,216.778,15
2026-06-29T06:15:00+00:00,SE4,solar,239.294,15
2026-06-29T06:30:00+00:00,SE4,solar,267.369,15
2026-06-29T06:45:00+00:00,SE4,solar,295.829,15
2026-06-29T07:00:00+00:00,SE4,solar,332.787,15
2026-06-29T07:15:00+00:00,SE4,solar,357.051,15
2026-06-29T07:30:00+00:00,SE4,solar,381.999,15
2026-06-29T07:45:00+00:00,SE4,solar,412.386,15
2026-06-29T08:00:00+00:00,SE4,solar,425.52,15
2026-06-29T08:15:00+00:00,SE4,solar,437.179,15
2026-06-29T08:30:00+00:00,SE4,solar,449.89,15
2026-06-29T08:45:00+00:00,SE4,solar,460.32,15
2026-06-29T09:00:00+00:00,SE4,solar,465.324,15
2026-06-29T09:15:00+00:00,SE4,solar,469.843,15
2026-06-29T09:30:00+00:00,SE4,solar,476.174,15
2026-06-29T09:45:00+00:00,SE4,solar,481.431,15
2026-06-29T10:00:00+00:00,SE4,solar,480.306,15
2026-06-29T10:15:00+00:00,SE4,solar,481.757,15
2026-06-29T10:30:00+00:00,SE4,solar,482.228,15
2026-06-29T10:45:00+00:00,SE4,solar,482.117,15
2026-06-29T11:00:00+00:00,SE4,solar,490.447,15
2026-06-29T11:15:00+00:00,SE4,solar,489.887,15
2026-06-29T11:30:00+00:00,SE4,solar,487.256,15
2026-06-29T11:45:00+00:00,SE4,solar,485.044,15
2026-06-29T12:00:00+00:00,SE4,solar,489.392,15
2026-06-29T12:15:00+00:00,SE4,solar,479.616,15
2026-06-29T12:30:00+00:00,SE4,solar,473.742,15
2026-06-29T12:45:00+00:00,SE4,solar,468.321,15
2026-06-29T13:00:00+00:00,SE4,solar,464.627,15
2026-06-29T13:15:00+00:00,SE4,solar,445.077,15
2026-06-29T13:30:00+00:00,SE4,solar,418.338,15
2026-06-29T13:45:00+00:00,SE4,solar,411.571,15
2026-06-29T14:00:00+00:00,SE4,solar,400.182,15
2026-06-29T14:15:00+00:00,SE4,solar,387.506,15
2026-06-29T14:30:00+00:00,SE4,solar,372.652,15
2026-06-29T14:45:00+00:00,SE4,solar,356.5,15
2026-06-29T15:00:00+00:00,SE4,solar,325.583,15
2026-06-29T15:15:00+00:00,SE4,solar,303.782,15
2026-06-29T15:30:00+00:00,SE4,solar,283.227,15
2026-06-29T15:45:00+00:00,SE4,solar,262.805,15
2026-06-29T16:00:00+00:00,SE4,solar,220.949,15
2026-06-29T16:15:00+00:00,SE4,solar,197.289,15
2026-06-29T16:30:00+00:00,SE4,solar,176.049,15
2026-06-29T16:45:00+00:00,SE4,solar,155.55,15
2026-06-29T17:00:00+00:00,SE4,solar,120.876,15
2026-06-29T17:15:00+00:00,SE4,solar,105.548,15
2026-06-29T17:30:00+00:00,SE4,solar,89.212,15
2026-06-29T17:45:00+00:00,SE4,solar,74.086,15
2026-06-29T18:00:00+00:00,SE4,solar,56.221,15
2026-06-29T18:15:00+00:00,SE4,solar,47.361,15
2026-06-29T18:30:00+00:00,SE4,solar,35.821,15
2026-06-29T18:45:00+00:00,SE4,solar,27.933,15
2026-06-29T19:00:00+00:00,SE4,solar,10.95,15
2026-06-29T19:15:00+00:00,SE4,solar,8.139,15
2026-06-29T19:30:00+00:00,SE4,solar,4.271,15
2026-06-29T19:45:00+00:00,SE4,solar,3.176,15
2026-06-29T20:00:00+00:00,SE4,solar,1.266,15
2026-06-29T20:15:00+00:00,SE4,solar,1.119,15
2026-06-29T20:30:00+00:00,SE4,solar,0.986,15
2026-06-29T20:45:00+00:00,SE4,solar,0.841,15
2026-06-29T21:00:00+00:00,SE4,solar,0.803,15
2026-06-29T21:15:00+00:00,SE4,solar,0.756,15
2026-06-29T21:30:00+00:00,SE4,solar,1.029,15
2026-06-29T21:45:00+00:00,SE4,solar,0.755,15
2026-06-29T22:00:00+00:00,SE4,solar,0.93,15
2026-06-29T22:15:00+00:00,SE4,solar,1.112,15
2026-06-29T22:30:00+00:00,SE4,solar,0.876,15
2026-06-29T22:45:00+00:00,SE4,solar,0.869,15
2026-06-29T23:00:00+00:00,SE4,solar,0.79,15
2026-06-29T23:15:00+00:00,SE4,solar,0.744,15
2026-06-29T23:30:00+00:00,SE4,solar,0.707,15
2026-06-29T23:45:00+00:00,SE4,solar,0.693,15
2026-06-30T00:00:00+00:00,SE4,solar,0.684,15
2026-06-30T00:15:00+00:00,SE4,solar,0.667,15
2026-06-30T00:30:00+00:00,SE4,solar,0.657,15
2026-06-30T00:45:00+00:00,SE4,solar,0.64,15
2026-06-30T01:00:00+00:00,SE4,solar,0.605,15
2026-06-30T01:15:00+00:00,SE4,solar,0.518,15
2026-06-30T01:30:00+00:00,SE4,solar,0.568,15
2026-06-30T01:45:00+00:00,SE4,solar,0.543,15
2026-06-30T02:00:00+00:00,SE4,solar,0.593,15
2026-06-30T02:15:00+00:00,SE4,solar,0.892,15
2026-06-30T02:30:00+00:00,SE4,solar,1.478,15
2026-06-30T02:45:00+00:00,SE4,solar,2.567,15
2026-06-30T03:00:00+00:00,SE4,solar,10.196,15
2026-06-30T03:15:00+00:00,SE4,solar,16.414,15
2026-06-30T03:30:00+00:00,SE4,solar,24.054,15
2026-06-30T03:45:00+00:00,SE4,solar,32.692,15
2026-06-30T04:00:00+00:00,SE4,solar,53.236,15
2026-06-30T04:15:00+00:00,SE4,solar,68.28,15
2026-06-30T04:30:00+00:00,SE4,solar,84.854,15
2026-06-30T04:45:00+00:00,SE4,solar,102.964,15
2026-06-30T05:00:00+00:00,SE4,solar,140.097,15
2026-06-30T05:15:00+00:00,SE4,solar,164.851,15
2026-06-30T05:30:00+00:00,SE4,solar,191.333,15
2026-06-30T05:45:00+00:00,SE4,solar,219.425,15
2026-06-30T06:00:00+00:00,SE4,solar,265.779,15
2026-06-30T06:15:00+00:00,SE4,solar,295.441,15
2026-06-30T06:30:00+00:00,SE4,solar,325.537,15
2026-06-30T06:45:00+00:00,SE4,solar,355.523,15
2026-06-30T07:00:00+00:00,SE4,solar,402.232,15
2026-06-30T07:15:00+00:00,SE4,solar,431.079,15
2026-06-30T07:30:00+00:00,SE4,solar,460.873,15
2026-06-30T07:45:00+00:00,SE4,solar,493.537,15
2026-06-30T08:00:00+00:00,SE4,solar,544.27,15
2026-06-30T08:15:00+00:00,SE4,solar,565.061,15
2026-06-30T08:30:00+00:00,SE4,solar,585.741,15
2026-06-30T08:45:00+00:00,SE4,solar,606.046,15
2026-06-30T09:00:00+00:00,SE4,solar,632.057,15
2026-06-30T09:15:00+00:00,SE4,solar,643.68,15
2026-06-30T09:30:00+00:00,SE4,solar,653.887,15
2026-06-30T09:45:00+00:00,SE4,solar,659.769,15
2026-06-30T10:00:00+00:00,SE4,solar,665.841,15
2026-06-30T10:15:00+00:00,SE4,solar,669.619,15
2026-06-30T10:30:00+00:00,SE4,solar,671.189,15
2026-06-30T10:45:00+00:00,SE4,solar,668.83,15
2026-06-30T11:00:00+00:00,SE4,solar,663.428,15
2026-06-30T11:15:00+00:00,SE4,solar,659.63,15
2026-06-30T11:30:00+00:00,SE4,solar,651.303,15
2026-06-30T11:45:00+00:00,SE4,solar,641.84,15
2026-06-30T12:00:00+00:00,SE4,solar,623.944,15
2026-06-30T12:15:00+00:00,SE4,solar,623.357,15
2026-06-30T12:30:00+00:00,SE4,solar,612.419,15
2026-06-30T12:45:00+00:00,SE4,solar,598.96,15
2026-06-30T13:00:00+00:00,SE4,solar,572.805,15
2026-06-30T13:15:00+00:00,SE4,solar,555.965,15
2026-06-30T13:30:00+00:00,SE4,solar,540.427,15
2026-06-30T13:45:00+00:00,SE4,solar,519.057,15
2026-06-30T14:00:00+00:00,SE4,solar,477.145,15
2026-06-30T14:15:00+00:00,SE4,solar,448.84,15
2026-06-30T14:30:00+00:00,SE4,solar,419.555,15
2026-06-30T14:45:00+00:00,SE4,solar,387.923,15
2026-06-30T15:00:00+00:00,SE4,solar,333.883,15
2026-06-30T15:15:00+00:00,SE4,solar,304.544,15
2026-06-30T15:30:00+00:00,SE4,solar,274.454,15
2026-06-30T15:45:00+00:00,SE4,solar,258.108,15
2026-06-30T16:00:00+00:00,SE4,solar,207.312,15
2026-06-30T16:15:00+00:00,SE4,solar,179.994,15
2026-06-30T16:30:00+00:00,SE4,solar,155.624,15
2026-06-30T16:45:00+00:00,SE4,solar,135.763,15
2026-06-30T17:00:00+00:00,SE4,solar,104.617,15
2026-06-30T17:15:00+00:00,SE4,solar,91.327,15
2026-06-30T17:30:00+00:00,SE4,solar,78.253,15
2026-06-30T17:45:00+00:00,SE4,solar,66.079,15
2026-06-30T18:00:00+00:00,SE4,solar,50.913,15
2026-06-30T18:15:00+00:00,SE4,solar,43.418,15
2026-06-30T18:30:00+00:00,SE4,solar,36.027,15
2026-06-30T18:45:00+00:00,SE4,solar,30.164,15
2026-06-30T19:00:00+00:00,SE4,solar,15.731,15
2026-06-30T19:15:00+00:00,SE4,solar,11.205,15
2026-06-30T19:30:00+00:00,SE4,solar,2.759,15
2026-06-30T19:45:00+00:00,SE4,solar,4.09,15
2026-06-30T20:00:00+00:00,SE4,solar,1.14,15
2026-06-30T20:15:00+00:00,SE4,solar,1.022,15
2026-06-30T20:30:00+00:00,SE4,solar,0.923,15
2026-06-30T20:45:00+00:00,SE4,solar,0.823,15
2026-06-30T21:00:00+00:00,SE4,solar,0.731,15
2026-06-30T21:15:00+00:00,SE4,solar,0.675,15
2026-06-30T21:30:00+00:00,SE4,solar,0.619,15
2026-06-30T21:45:00+00:00,SE4,solar,0.57,15
2026-06-30T22:00:00+00:00,SE4,solar,0.529,15
2026-06-30T22:15:00+00:00,SE4,solar,0.52,15
2026-06-30T22:30:00+00:00,SE4,solar,0.513,15
2026-06-30T22:45:00+00:00,SE4,solar,0.505,15
2026-06-30T23:00:00+00:00,SE4,solar,0.501,15
2026-06-30T23:15:00+00:00,SE4,solar,0.494,15
2026-06-30T23:30:00+00:00,SE4,solar,0.491,15
2026-06-30T23:45:00+00:00,SE4,solar,0.488,15
2026-07-01T00:00:00+00:00,SE4,solar,0.481,15
2026-07-01T00:15:00+00:00,SE4,solar,0.465,15
2026-07-01T00:30:00+00:00,SE4,solar,0.448,15
2026-07-01T00:45:00+00:00,SE4,solar,0.429,15
2026-07-01T01:00:00+00:00,SE4,solar,0.364,15
2026-07-01T01:15:00+00:00,SE4,solar,0.313,15
2026-07-01T01:45:00+00:00,SE4,solar,0.362,15
2026-07-01T02:00:00+00:00,SE4,solar,0.513,15
2026-07-01T02:15:00+00:00,SE4,solar,0.688,15
2026-07-01T02:30:00+00:00,SE4,solar,0.969,15
2026-07-01T02:45:00+00:00,SE4,solar,1.524,15
2026-07-01T03:00:00+00:00,SE4,solar,5.875,15
2026-07-01T03:15:00+00:00,SE4,solar,9.22,15
2026-07-01T03:30:00+00:00,SE4,solar,12.319,15
2026-07-01T03:45:00+00:00,SE4,solar,16.331,15
2026-07-01T04:00:00+00:00,SE4,solar,25.939,15
2026-07-01T04:15:00+00:00,SE4,solar,34.705,15
2026-07-01T04:30:00+00:00,SE4,solar,43.451,15
2026-07-01T04:45:00+00:00,SE4,solar,52.983,15
2026-07-01T05:00:00+00:00,SE4,solar,84.322,15
2026-07-01T05:15:00+00:00,SE4,solar,99.819,15
2026-07-01T05:30:00+00:00,SE4,solar,115.611,15
2026-07-01T05:45:00+00:00,SE4,solar,131.567,15
2026-07-01T06:00:00+00:00,SE4,solar,176.805,15
2026-07-01T06:15:00+00:00,SE4,solar,201.119,15
2026-07-01T06:30:00+00:00,SE4,solar,225.791,15
2026-07-01T06:45:00+00:00,SE4,solar,249.659,15
2026-07-01T07:00:00+00:00,SE4,solar,294.731,15
2026-07-01T07:15:00+00:00,SE4,solar,318.192,15
2026-07-01T07:30:00+00:00,SE4,solar,346.516,15
2026-07-01T07:45:00+00:00,SE4,solar,430.074,15
2026-07-01T08:00:00+00:00,SE4,solar,471.928,15
2026-07-01T08:15:00+00:00,SE4,solar,493.951,15
2026-07-01T08:30:00+00:00,SE4,solar,515.761,15
2026-07-01T08:45:00+00:00,SE4,solar,536.42,15
2026-07-01T09:00:00+00:00,SE4,solar,551.355,15
2026-07-01T09:15:00+00:00,SE4,solar,561.693,15
2026-07-01T09:30:00+00:00,SE4,solar,569.663,15
2026-07-01T09:45:00+00:00,SE4,solar,571.328,15
2026-07-01T10:00:00+00:00,SE4,solar,569.039,15
2026-07-01T10:15:00+00:00,SE4,solar,567.709,15
2026-07-01T10:30:00+00:00,SE4,solar,568.189,15
2026-07-01T10:45:00+00:00,SE4,solar,560.542,15
2026-07-01T11:00:00+00:00,SE4,solar,553.938,15
2026-07-01T11:15:00+00:00,SE4,solar,551.121,15
2026-07-01T11:30:00+00:00,SE4,solar,542.75,15
2026-07-01T11:45:00+00:00,SE4,solar,536.63,15
2026-07-01T12:00:00+00:00,SE4,solar,513.956,15
2026-07-01T12:15:00+00:00,SE4,solar,503.577,15
2026-07-01T12:30:00+00:00,SE4,solar,489.246,15
2026-07-01T12:45:00+00:00,SE4,solar,477.868,15
2026-07-01T13:00:00+00:00,SE4,solar,466.958,15
2026-07-01T13:15:00+00:00,SE4,solar,454.536,15
2026-07-01T13:30:00+00:00,SE4,solar,434.759,15
2026-07-01T13:45:00+00:00,SE4,solar,420.416,15
2026-07-01T14:00:00+00:00,SE4,solar,397.134,15
2026-07-01T14:15:00+00:00,SE4,solar,377.42,15
2026-07-01T14:30:00+00:00,SE4,solar,353.037,15
2026-07-01T14:45:00+00:00,SE4,solar,334.162,15
2026-07-01T15:00:00+00:00,SE4,solar,299.08,15
2026-07-01T15:15:00+00:00,SE4,solar,278.338,15
2026-07-01T15:30:00+00:00,SE4,solar,256.435,15
2026-07-01T15:45:00+00:00,SE4,solar,235.338,15
2026-07-01T16:00:00+00:00,SE4,solar,199.028,15
2026-07-01T16:15:00+00:00,SE4,solar,179.333,15
2026-07-01T16:30:00+00:00,SE4,solar,158.288,15
2026-07-01T16:45:00+00:00,SE4,solar,137.45,15
2026-07-01T17:00:00+00:00,SE4,solar,113.097,15
2026-07-01T17:15:00+00:00,SE4,solar,97.129,15
2026-07-01T17:30:00+00:00,SE4,solar,81.009,15
2026-07-01T17:45:00+00:00,SE4,solar,66.842,15
2026-07-01T18:00:00+00:00,SE4,solar,50.923,15
2026-07-01T18:15:00+00:00,SE4,solar,41.291,15
2026-07-01T18:30:00+00:00,SE4,solar,33.895,15
2026-07-01T18:45:00+00:00,SE4,solar,27.764,15
2026-07-01T19:00:00+00:00,SE4,solar,15.512,15
2026-07-01T19:15:00+00:00,SE4,solar,12.969,15
2026-07-01T19:30:00+00:00,SE4,solar,3.403,15
2026-07-01T19:45:00+00:00,SE4,solar,2.286,15
2026-07-01T20:00:00+00:00,SE4,solar,0.861,15
2026-07-01T20:15:00+00:00,SE4,solar,0.785,15
2026-07-01T20:30:00+00:00,SE4,solar,0.728,15
2026-07-01T20:45:00+00:00,SE4,solar,0.663,15
2026-07-01T21:00:00+00:00,SE4,solar,0.613,15
2026-07-01T21:15:00+00:00,SE4,solar,0.584,15
2026-07-01T21:30:00+00:00,SE4,solar,0.558,15
2026-07-01T21:45:00+00:00,SE4,solar,0.53,15
2026-07-01T22:00:00+00:00,SE4,solar,0.452,15
2026-07-01T22:15:00+00:00,SE4,solar,0.434,15
2026-07-01T22:30:00+00:00,SE4,solar,0.419,15
2026-07-01T22:45:00+00:00,SE4,solar,0.394,15
2026-07-01T23:00:00+00:00,SE4,solar,0.429,15
2026-07-01T23:15:00+00:00,SE4,solar,0.432,15
2026-07-01T23:30:00+00:00,SE4,solar,0.421,15
2026-07-01T23:45:00+00:00,SE4,solar,0.405,15
2026-07-02T00:00:00+00:00,SE4,solar,0.382,15
2026-07-02T00:15:00+00:00,SE4,solar,0.368,15
2026-07-02T00:30:00+00:00,SE4,solar,0.358,15
2026-07-02T00:45:00+00:00,SE4,solar,0.351,15
2026-07-02T01:00:00+00:00,SE4,solar,0.326,15
2026-07-02T01:15:00+00:00,SE4,solar,0.317,15
2026-07-02T01:30:00+00:00,SE4,solar,0.311,15
2026-07-02T01:45:00+00:00,SE4,solar,0.31,15
2026-07-02T02:00:00+00:00,SE4,solar,0.39,15
2026-07-02T02:15:00+00:00,SE4,solar,0.646,15
2026-07-02T02:30:00+00:00,SE4,solar,1.009,15
2026-07-02T02:45:00+00:00,SE4,solar,1.697,15
2026-07-02T03:00:00+00:00,SE4,solar,8.655,15
2026-07-02T03:15:00+00:00,SE4,solar,13.925,15
2026-07-02T03:30:00+00:00,SE4,solar,20.017,15
2026-07-02T03:45:00+00:00,SE4,solar,26.811,15
2026-07-02T04:00:00+00:00,SE4,solar,53.72,15
2026-07-02T04:15:00+00:00,SE4,solar,70.309,15
2026-07-02T04:30:00+00:00,SE4,solar,86.85,15
2026-07-02T04:45:00+00:00,SE4,solar,104.546,15
2026-07-02T05:00:00+00:00,SE4,solar,140.403,15
2026-07-02T05:15:00+00:00,SE4,solar,161.931,15
2026-07-02T05:30:00+00:00,SE4,solar,183.788,15
2026-07-02T05:45:00+00:00,SE4,solar,188.565,15
2026-07-02T06:00:00+00:00,SE4,solar,227.433,15
2026-07-02T06:15:00+00:00,SE4,solar,247.483,15
2026-07-02T06:30:00+00:00,SE4,solar,268.563,15
2026-07-02T06:45:00+00:00,SE4,solar,290.003,15
2026-07-02T07:00:00+00:00,SE4,solar,313.031,15
2026-07-02T07:15:00+00:00,SE4,solar,330.142,15
2026-07-02T07:30:00+00:00,SE4,solar,345.563,15
2026-07-02T07:45:00+00:00,SE4,solar,367.115,15
2026-07-02T08:00:00+00:00,SE4,solar,373.677,15
2026-07-02T08:15:00+00:00,SE4,solar,374.29,15
2026-07-02T08:30:00+00:00,SE4,solar,374.533,15
2026-07-02T08:45:00+00:00,SE4,solar,369.087,15
2026-07-02T09:00:00+00:00,SE4,solar,353.781,15
2026-07-02T09:15:00+00:00,SE4,solar,346.89,15
2026-07-02T09:30:00+00:00,SE4,solar,324.966,15
2026-07-02T09:45:00+00:00,SE4,solar,317.765,15
2026-07-02T10:00:00+00:00,SE4,solar,300.963,15
2026-07-02T10:15:00+00:00,SE4,solar,292.358,15
2026-07-02T10:30:00+00:00,SE4,solar,283.286,15
2026-07-02T10:45:00+00:00,SE4,solar,273.528,15
2026-07-02T11:00:00+00:00,SE4,solar,245.276,15
2026-07-02T11:15:00+00:00,SE4,solar,234.058,15
2026-07-02T11:30:00+00:00,SE4,solar,223.327,15
2026-07-02T11:45:00+00:00,SE4,solar,214.533,15
2026-07-02T12:00:00+00:00,SE4,solar,203.518,15
2026-07-02T12:15:00+00:00,SE4,solar,196.957,15
2026-07-02T12:30:00+00:00,SE4,solar,190.559,15
2026-07-02T12:45:00+00:00,SE4,solar,182.23,15
2026-07-02T13:00:00+00:00,SE4,solar,161.871,15
2026-07-02T13:15:00+00:00,SE4,solar,151.765,15
2026-07-02T13:30:00+00:00,SE4,solar,141.823,15
2026-07-02T13:45:00+00:00,SE4,solar,133.158,15
2026-07-02T14:00:00+00:00,SE4,solar,117.772,15
2026-07-02T14:15:00+00:00,SE4,solar,108.849,15
2026-07-02T14:30:00+00:00,SE4,solar,100.798,15
2026-07-02T14:45:00+00:00,SE4,solar,92.969,15
2026-07-02T15:00:00+00:00,SE4,solar,81.018,15
2026-07-02T15:15:00+00:00,SE4,solar,75.41,15
2026-07-02T15:30:00+00:00,SE4,solar,70.709,15
2026-07-02T15:45:00+00:00,SE4,solar,65.411,15
2026-07-02T16:00:00+00:00,SE4,solar,60.417,15
2026-07-02T16:15:00+00:00,SE4,solar,57.194,15
2026-07-02T16:30:00+00:00,SE4,solar,54.284,15
2026-07-02T16:45:00+00:00,SE4,solar,50.171,15
2026-07-02T17:00:00+00:00,SE4,solar,47.138,15
2026-07-02T17:15:00+00:00,SE4,solar,42.264,15
2026-07-02T17:30:00+00:00,SE4,solar,38.809,15
2026-07-02T17:45:00+00:00,SE4,solar,34.075,15
2026-07-02T18:00:00+00:00,SE4,solar,27.497,15
2026-07-02T18:15:00+00:00,SE4,solar,24.033,15
2026-07-02T18:30:00+00:00,SE4,solar,20.447,15
2026-07-02T18:45:00+00:00,SE4,solar,17.293,15
2026-07-02T19:00:00+00:00,SE4,solar,5.884,15
2026-07-02T19:15:00+00:00,SE4,solar,4.357,15
2026-07-02T19:30:00+00:00,SE4,solar,2.432,15
2026-07-02T19:45:00+00:00,SE4,solar,1.831,15
2026-07-02T20:00:00+00:00,SE4,solar,0.711,15
2026-07-02T20:15:00+00:00,SE4,solar,0.635,15
2026-07-02T20:30:00+00:00,SE4,solar,0.578,15
2026-07-02T20:45:00+00:00,SE4,solar,0.527,15
2026-07-02T21:00:00+00:00,SE4,solar,0.465,15
2026-07-02T21:15:00+00:00,SE4,solar,0.44,15
2026-07-02T21:30:00+00:00,SE4,solar,0.409,15
2026-07-02T21:45:00+00:00,SE4,solar,0.383,15
2026-07-02T22:00:00+00:00,SE4,solar,1.293,15
2026-07-02T22:15:00+00:00,SE4,solar,0.62,15
2026-07-02T22:30:00+00:00,SE4,solar,0.714,15
2026-07-02T22:45:00+00:00,SE4,solar,0.314,15
2026-07-02T23:00:00+00:00,SE4,solar,0.306,15
2026-07-02T23:15:00+00:00,SE4,solar,0.293,15
2026-07-02T23:30:00+00:00,SE4,solar,0.287,15
2026-07-02T23:45:00+00:00,SE4,solar,0.29,15
2026-07-03T00:00:00+00:00,SE4,solar,0.296,15
2026-07-03T00:15:00+00:00,SE4,solar,0.3,15
2026-07-03T00:30:00+00:00,SE4,solar,0.301,15
2026-07-03T00:45:00+00:00,SE4,solar,0.298,15
2026-07-03T01:00:00+00:00,SE4,solar,0.294,15
2026-07-03T01:15:00+00:00,SE4,solar,0.287,15
2026-07-03T01:45:00+00:00,SE4,solar,0.294,15
2026-07-03T02:00:00+00:00,SE4,solar,0.344,15
2026-07-03T02:15:00+00:00,SE4,solar,0.446,15
2026-07-03T02:30:00+00:00,SE4,solar,0.595,15
2026-07-03T02:45:00+00:00,SE4,solar,0.905,15
2026-07-03T03:00:00+00:00,SE4,solar,2.934,15
2026-07-03T03:15:00+00:00,SE4,solar,4.335,15
2026-07-03T03:30:00+00:00,SE4,solar,6.198,15
2026-07-03T03:45:00+00:00,SE4,solar,8.227,15
2026-07-03T04:00:00+00:00,SE4,solar,12.269,15
2026-07-03T04:15:00+00:00,SE4,solar,16.426,15
2026-07-03T04:30:00+00:00,SE4,solar,20.27,15
2026-07-03T04:45:00+00:00,SE4,solar,24.528,15
2026-07-03T05:00:00+00:00,SE4,solar,32.956,15
2026-07-03T05:15:00+00:00,SE4,solar,39.056,15
2026-07-03T05:30:00+00:00,SE4,solar,45.263,15
2026-07-03T05:45:00+00:00,SE4,solar,52.087,15
2026-07-03T06:00:00+00:00,SE4,solar,61.517,15
2026-07-03T06:15:00+00:00,SE4,solar,69.091,15
2026-07-03T06:30:00+00:00,SE4,solar,77.03,15
2026-07-03T06:45:00+00:00,SE4,solar,85.12,15
2026-07-03T07:00:00+00:00,SE4,solar,103.987,15
2026-07-03T07:15:00+00:00,SE4,solar,114.368,15
2026-07-03T07:30:00+00:00,SE4,solar,139.606,15
2026-07-03T07:45:00+00:00,SE4,solar,150.392,15
2026-07-03T08:00:00+00:00,SE4,solar,166.359,15
2026-07-03T08:15:00+00:00,SE4,solar,173.312,15
2026-07-03T08:30:00+00:00,SE4,solar,181.99,15
2026-07-03T08:45:00+00:00,SE4,solar,189.182,15
2026-07-03T09:00:00+00:00,SE4,solar,203.637,15
2026-07-03T09:15:00+00:00,SE4,solar,212.887,15
2026-07-03T09:30:00+00:00,SE4,solar,225.026,15
2026-07-03T09:45:00+00:00,SE4,solar,238.107,15
2026-07-03T10:00:00+00:00,SE4,solar,263.221,15
2026-07-03T10:15:00+00:00,SE4,solar,274.571,15
2026-07-03T10:30:00+00:00,SE4,solar,287.945,15
2026-07-03T10:45:00+00:00,SE4,solar,298.007,15
2026-07-03T11:00:00+00:00,SE4,solar,307.2,15
2026-07-03T11:15:00+00:00,SE4,solar,314.535,15
2026-07-03T11:30:00+00:00,SE4,solar,322.54,15
2026-07-03T11:45:00+00:00,SE4,solar,327.254,15
2026-07-03T12:00:00+00:00,SE4,solar,331.635,15
2026-07-03T12:15:00+00:00,SE4,solar,336.58,15
2026-07-03T12:30:00+00:00,SE4,solar,339.435,15
2026-07-03T12:45:00+00:00,SE4,solar,338.204,15
2026-07-03T13:00:00+00:00,SE4,solar,332.912,15
2026-07-03T13:15:00+00:00,SE4,solar,330.442,15
2026-07-03T13:30:00+00:00,SE4,solar,326.576,15
2026-07-03T13:45:00+00:00,SE4,solar,321.697,15
2026-07-03T14:00:00+00:00,SE4,solar,305.768,15
2026-07-03T14:15:00+00:00,SE4,solar,292.327,15
2026-07-03T14:30:00+00:00,SE4,solar,280.432,15
2026-07-03T14:45:00+00:00,SE4,solar,266.427,15
2026-07-03T15:00:00+00:00,SE4,solar,243.653,15
2026-07-03T15:15:00+00:00,SE4,solar,224.647,15
2026-07-03T15:30:00+00:00,SE4,solar,207.949,15
2026-07-03T15:45:00+00:00,SE4,solar,191.182,15
2026-07-03T16:00:00+00:00,SE4,solar,158.116,15
2026-07-03T16:15:00+00:00,SE4,solar,141.267,15
2026-07-03T16:30:00+00:00,SE4,solar,125.19,15
2026-07-03T16:45:00+00:00,SE4,solar,108.717,15
2026-07-03T17:00:00+00:00,SE4,solar,89.361,15
2026-07-03T17:15:00+00:00,SE4,solar,75.376,15
2026-07-03T17:30:00+00:00,SE4,solar,63.146,15
2026-07-03T17:45:00+00:00,SE4,solar,52.788,15
2026-07-03T18:00:00+00:00,SE4,solar,43.474,15
2026-07-03T18:15:00+00:00,SE4,solar,37.57,15
2026-07-03T18:30:00+00:00,SE4,solar,32.2,15
2026-07-03T18:45:00+00:00,SE4,solar,27.695,15
2026-07-03T19:00:00+00:00,SE4,solar,14.506,15
2026-07-03T19:15:00+00:00,SE4,solar,11.719,15
2026-07-03T19:30:00+00:00,SE4,solar,3.389,15
2026-07-03T19:45:00+00:00,SE4,solar,2.288,15
2026-07-03T20:00:00+00:00,SE4,solar,0.887,15
2026-07-03T20:15:00+00:00,SE4,solar,0.757,15
2026-07-03T20:30:00+00:00,SE4,solar,0.695,15
2026-07-03T20:45:00+00:00,SE4,solar,0.613,15
2026-07-03T21:00:00+00:00,SE4,solar,0.588,15
2026-07-03T21:15:00+00:00,SE4,solar,0.941,15
2026-07-03T21:30:00+00:00,SE4,solar,0.981,15
2026-07-03T21:45:00+00:00,SE4,solar,0.723,15
2026-07-03T22:00:00+00:00,SE4,solar,0.392,15
2026-07-03T22:15:00+00:00,SE4,solar,0.376,15
2026-07-03T22:30:00+00:00,SE4,solar,0.371,15
2026-07-03T22:45:00+00:00,SE4,solar,0.374,15
2026-07-03T23:15:00+00:00,SE4,solar,0.377,15
2026-07-03T23:30:00+00:00,SE4,solar,0.381,15
2026-07-03T23:45:00+00:00,SE4,solar,0.385,15
2026-07-04T00:00:00+00:00,SE4,solar,0.393,15
2026-07-04T00:15:00+00:00,SE4,solar,0.404,15
2026-07-04T00:30:00+00:00,SE4,solar,0.409,15
2026-07-04T00:45:00+00:00,SE4,solar,0.411,15
2026-07-04T01:00:00+00:00,SE4,solar,0.437,15
2026-07-04T01:15:00+00:00,SE4,solar,0.427,15
2026-07-04T01:30:00+00:00,SE4,solar,0.426,15
2026-07-04T01:45:00+00:00,SE4,solar,0.436,15
2026-07-04T02:00:00+00:00,SE4,solar,0.474,15
2026-07-04T02:15:00+00:00,SE4,solar,0.685,15
2026-07-04T02:30:00+00:00,SE4,solar,0.99,15
2026-07-04T02:45:00+00:00,SE4,solar,1.587,15
2026-07-04T03:00:00+00:00,SE4,solar,6.081,15
2026-07-04T03:15:00+00:00,SE4,solar,10.229,15
2026-07-04T03:30:00+00:00,SE4,solar,14.701,15
2026-07-04T03:45:00+00:00,SE4,solar,19.945,15
2026-07-04T04:00:00+00:00,SE4,solar,32.673,15
2026-07-04T04:15:00+00:00,SE4,solar,44.68,15
2026-07-04T04:30:00+00:00,SE4,solar,56.597,15
2026-07-04T04:45:00+00:00,SE4,solar,69.183,15
2026-07-04T05:00:00+00:00,SE4,solar,102.539,15
2026-07-04T05:15:00+00:00,SE4,solar,122.328,15
2026-07-04T05:30:00+00:00,SE4,solar,142.45,15
2026-07-04T05:45:00+00:00,SE4,solar,162.706,15
2026-07-04T06:00:00+00:00,SE4,solar,198.378,15
2026-07-04T06:15:00+00:00,SE4,solar,223.47,15
2026-07-04T06:30:00+00:00,SE4,solar,248.376,15
2026-07-04T06:45:00+00:00,SE4,solar,272.189,15
2026-07-04T07:00:00+00:00,SE4,solar,320.288,15
2026-07-04T07:15:00+00:00,SE4,solar,347.72,15
2026-07-04T07:30:00+00:00,SE4,solar,376.541,15
2026-07-04T07:45:00+00:00,SE4,solar,401.367,15
2026-07-04T08:00:00+00:00,SE4,solar,450.513,15
2026-07-04T08:15:00+00:00,SE4,solar,476.511,15
2026-07-04T08:30:00+00:00,SE4,solar,499.931,15
2026-07-04T08:45:00+00:00,SE4,solar,520.389,15
2026-07-04T09:00:00+00:00,SE4,solar,549.892,15
2026-07-04T09:15:00+00:00,SE4,solar,563.305,15
2026-07-04T09:30:00+00:00,SE4,solar,575.57,15
2026-07-04T09:45:00+00:00,SE4,solar,586.956,15
2026-07-04T10:00:00+00:00,SE4,solar,607.696,15
2026-07-04T10:15:00+00:00,SE4,solar,613.211,15
2026-07-04T10:30:00+00:00,SE4,solar,618.563,15
2026-07-04T10:45:00+00:00,SE4,solar,623.207,15
2026-07-04T11:00:00+00:00,SE4,solar,629.796,15
2026-07-04T11:15:00+00:00,SE4,solar,632.536,15
2026-07-04T11:30:00+00:00,SE4,solar,634.5,15
2026-07-04T11:45:00+00:00,SE4,solar,634.479,15
2026-07-04T12:00:00+00:00,SE4,solar,631.975,15
2026-07-04T12:15:00+00:00,SE4,solar,627.537,15
2026-07-04T12:30:00+00:00,SE4,solar,621.675,15
2026-07-04T12:45:00+00:00,SE4,solar,613.419,15
2026-07-04T13:00:00+00:00,SE4,solar,590.466,15
2026-07-04T13:15:00+00:00,SE4,solar,577.513,15
2026-07-04T13:30:00+00:00,SE4,solar,563.117,15
2026-07-04T13:45:00+00:00,SE4,solar,547.106,15
2026-07-04T14:00:00+00:00,SE4,solar,511.403,15
2026-07-04T14:15:00+00:00,SE4,solar,490.832,15
2026-07-04T14:30:00+00:00,SE4,solar,466.227,15
2026-07-04T14:45:00+00:00,SE4,solar,441.024,15
2026-07-04T15:00:00+00:00,SE4,solar,392.889,15
2026-07-04T15:15:00+00:00,SE4,solar,365.287,15
2026-07-04T15:30:00+00:00,SE4,solar,337.768,15
2026-07-04T15:45:00+00:00,SE4,solar,311.004,15
2026-07-04T16:00:00+00:00,SE4,solar,264.742,15
2026-07-04T16:15:00+00:00,SE4,solar,237.348,15
2026-07-04T16:30:00+00:00,SE4,solar,210.416,15
2026-07-04T16:45:00+00:00,SE4,solar,183.208,15
2026-07-04T17:00:00+00:00,SE4,solar,141.261,15
2026-07-04T17:15:00+00:00,SE4,solar,122.37,15
2026-07-04T17:30:00+00:00,SE4,solar,102.46,15
2026-07-04T17:45:00+00:00,SE4,solar,83.415,15
2026-07-04T18:00:00+00:00,SE4,solar,56.041,15
2026-07-04T18:15:00+00:00,SE4,solar,45.198,15
2026-07-04T18:30:00+00:00,SE4,solar,34.691,15
2026-07-04T18:45:00+00:00,SE4,solar,24.903,15
2026-07-04T19:00:00+00:00,SE4,solar,8.364,15
2026-07-04T19:15:00+00:00,SE4,solar,5.822,15
2026-07-04T19:30:00+00:00,SE4,solar,3.338,15
2026-07-04T19:45:00+00:00,SE4,solar,2.182,15
2026-07-04T20:00:00+00:00,SE4,solar,0.949,15
2026-07-04T20:15:00+00:00,SE4,solar,0.802,15
2026-07-04T20:30:00+00:00,SE4,solar,0.67,15
2026-07-04T20:45:00+00:00,SE4,solar,0.531,15
2026-07-04T21:00:00+00:00,SE4,solar,0.457,15
2026-07-04T21:15:00+00:00,SE4,solar,0.432,15
2026-07-04T21:30:00+00:00,SE4,solar,0.415,15
2026-07-04T21:45:00+00:00,SE4,solar,0.398,15
2026-07-04T22:00:00+00:00,SE4,solar,0.661,15
2026-07-04T22:15:00+00:00,SE4,solar,0.738,15
2026-07-04T22:30:00+00:00,SE4,solar,0.842,15
2026-07-04T22:45:00+00:00,SE4,solar,0.806,15
2026-07-04T23:00:00+00:00,SE4,solar,0.762,15
2026-07-04T23:15:00+00:00,SE4,solar,0.751,15
2026-07-04T23:30:00+00:00,SE4,solar,0.67,15
2026-07-04T23:45:00+00:00,SE4,solar,0.66,15
